siteid,sitename,monitordate,aqi,so2subindex,cosubindex,o3subindex,pm10subindex,no2subindex,o38subindex,pm25subindex
66,冬山,2021-03-01,39,4,3.0,nan,25,12,31.0,39
19,觀音,2021-03-01,49,4,3.0,nan,27,13,38.0,49
65,宜蘭,2021-03-01,36,4,5.0,nan,16,10,36.0,34
20,平鎮,2021-03-01,72,4,7.0,nan,31,35,41.0,72
21,龍潭,2021-03-01,73,3,6.0,nan,30,30,43.0,73
64,陽明,2021-03-01,49,6,3.0,nan,18,7,44.0,49
22,湖口,2021-03-01,69,6,6.0,nan,31,35,44.0,69
63,花蓮,2021-03-01,42,4,5.0,nan,15,13,42.0,23
23,竹東,2021-03-01,69,6,7.0,nan,31,23,43.0,69
62,臺東,2021-03-01,39,3,5.0,nan,19,9,39.0,26
24,新竹,2021-03-01,68,6,7.0,nan,33,29,35.0,68
25,頭份,2021-03-01,78,7,6.0,nan,40,25,nan,78
26,苗栗,2021-03-01,68,9,6.0,nan,34,25,31.0,68
61,恆春,2021-03-01,80,3,3.0,nan,19,5,80.0,35
27,三義,2021-03-01,64,4,3.0,nan,25,8,37.0,64
28,豐原,2021-03-01,76,6,5.0,nan,32,17,46.0,76
60,潮州,2021-03-01,104,10,5.0,nan,65,18,104.0,96
29,沙鹿,2021-03-01,67,7,6.0,nan,35,21,40.0,67
59,屏東,2021-03-01,92,4,6.0,nan,51,20,64.0,92
58,小港,2021-03-01,98,10,7.0,nan,48,42,58.0,98
57,前鎮,2021-03-01,94,10,8.0,nan,46,40,nan,94
56,前金,2021-03-01,101,7,7.0,nan,48,32,84.0,101
30,大里,2021-03-01,99,11,8.0,nan,54,29,39.0,99
54,左營,2021-03-01,84,7,7.0,nan,49,25,67.0,84
53,楠梓,2021-03-01,85,4,6.0,nan,45,25,61.0,85
52,林園,2021-03-01,101,14,6.0,nan,52,36,101.0,97
51,大寮,2021-03-01,103,23,8.0,nan,54,34,97.0,103
31,忠明,2021-03-01,79,7,8.0,nan,42,31,37.0,79
50,鳳山,2021-03-01,91,6,10.0,nan,45,43,nan,91
49,仁武,2021-03-01,88,21,7.0,nan,48,32,80.0,88
48,橋頭,2021-03-01,88,6,6.0,nan,46,20,61.0,88
32,西屯,2021-03-01,89,19,8.0,nan,43,31,39.0,89
47,美濃,2021-03-01,74,3,5.0,nan,33,11,49.0,74
33,彰化,2021-03-01,85,14,8.0,nan,43,26,46.0,85
46,臺南,2021-03-01,99,10,7.0,nan,55,25,50.0,99
45,安南,2021-03-01,85,6,5.0,nan,48,19,51.0,85
44,善化,2021-03-01,77,9,5.0,nan,41,22,50.0,77
34,線西,2021-03-01,71,9,6.0,nan,46,25,nan,71
35,二林,2021-03-01,80,17,5.0,nan,57,25,33.0,80
43,新營,2021-03-01,74,6,3.0,nan,47,32,48.0,74
42,嘉義,2021-03-01,107,26,7.0,nan,52,25,44.0,107
36,南投,2021-03-01,85,7,6.0,nan,41,21,61.0,85
41,臺西,2021-03-01,56,9,5.0,nan,30,21,nan,56
40,朴子,2021-03-01,91,6,5.0,nan,49,16,45.0,91
39,新港,2021-03-01,84,6,5.0,nan,50,15,49.0,84
37,斗六,2021-03-01,102,6,7.0,nan,56,18,54.0,102
38,崙背,2021-03-01,77,10,5.0,nan,48,15,46.0,77
1,基隆,2021-03-01,55,4,9.0,nan,24,26,29.0,55
2,汐止,2021-03-01,64,6,10.0,nan,29,40,41.0,64
3,萬里,2021-03-01,53,6,5.0,nan,46,25,42.0,53
4,新店,2021-03-01,55,3,7.0,nan,25,32,54.0,55
5,土城,2021-03-01,63,7,8.0,nan,30,30,44.0,63
6,板橋,2021-03-01,73,6,12.0,nan,32,49,39.0,73
7,新莊,2021-03-01,66,7,11.0,nan,26,41,42.0,66
8,菜寮,2021-03-01,75,6,15.0,nan,32,47,42.0,75
9,林口,2021-03-01,70,7,6.0,nan,33,32,44.0,70
10,淡水,2021-03-01,57,6,9.0,nan,27,31,31.0,57
11,士林,2021-03-01,66,6,9.0,nan,29,34,48.0,66
12,中山,2021-03-01,78,9,14.0,nan,31,48,31.0,78
13,萬華,2021-03-01,74,10,11.0,nan,31,41,40.0,74
14,古亭,2021-03-01,66,6,8.0,nan,28,38,44.0,66
15,松山,2021-03-01,73,10,12.0,nan,32,48,37.0,73
16,大同,2021-03-01,76,9,33.0,nan,34,49,nan,76
17,桃園,2021-03-01,70,6,9.0,nan,35,42,43.0,70
83,麥寮,2021-03-01,65,4,5.0,nan,37,19,nan,65
67,三重,2021-03-01,80,6,25.0,nan,36,48,nan,80
69,竹山,2021-03-01,96,4,6.0,nan,45,20,58.0,96
75,馬祖,2021-03-01,50,7,5.0,nan,28,25,33.0,50
80,關山,2021-03-01,39,1,nan,nan,8,3,39.0,19
72,埔里,2021-03-01,80,3,5.0,nan,32,17,80.0,71
78,馬公,2021-03-01,45,6,3.0,nan,18,22,45.0,36
84,富貴角,2021-03-01,63,1,2.0,nan,60,15,45.0,63
71,復興,2021-03-01,91,7,8.0,nan,43,39,nan,91
68,中壢,2021-03-01,78,4,19.0,nan,37,42,nan,78
77,金門,2021-03-01,83,7,5.0,nan,43,25,58.0,83
70,永和,2021-03-01,86,4,16.0,nan,34,46,nan,86
18,大園,2021-03-01,62,6,5.0,nan,30,30,45.0,62
7,新莊,2021-03-02,38,4,6.0,nan,15,34,27.0,38
53,楠梓,2021-03-02,76,6,5.0,nan,54,25,40.0,76
8,菜寮,2021-03-02,36,3,6.0,nan,13,32,31.0,36
52,林園,2021-03-02,71,6,5.0,nan,66,29,46.0,71
51,大寮,2021-03-02,83,6,6.0,nan,61,36,41.0,83
50,鳳山,2021-03-02,75,7,10.0,nan,59,41,nan,75
9,林口,2021-03-02,53,6,5.0,nan,21,22,34.0,53
49,仁武,2021-03-02,77,6,6.0,nan,57,25,41.0,77
48,橋頭,2021-03-02,78,4,6.0,nan,59,21,39.0,78
47,美濃,2021-03-02,65,4,6.0,nan,37,12,44.0,65
10,淡水,2021-03-02,36,3,3.0,nan,15,25,36.0,32
11,士林,2021-03-02,40,4,5.0,nan,11,26,40.0,29
46,臺南,2021-03-02,78,4,6.0,nan,64,19,37.0,78
45,安南,2021-03-02,73,3,5.0,nan,72,19,38.0,73
44,善化,2021-03-02,70,6,5.0,nan,50,17,36.0,70
43,新營,2021-03-02,71,4,5.0,nan,56,22,31.0,71
42,嘉義,2021-03-02,76,16,6.0,nan,44,20,28.0,76
41,臺西,2021-03-02,48,3,3.0,nan,44,13,nan,48
12,中山,2021-03-02,39,4,7.0,nan,14,38,23.0,39
13,萬華,2021-03-02,35,3,6.0,nan,13,35,26.0,31
40,朴子,2021-03-02,64,4,5.0,nan,63,10,31.0,64
39,新港,2021-03-02,68,6,5.0,nan,57,21,31.0,68
14,古亭,2021-03-02,31,3,5.0,nan,13,24,29.0,31
38,崙背,2021-03-02,67,7,6.0,nan,55,17,30.0,67
37,斗六,2021-03-02,65,4,5.0,nan,40,13,34.0,65
36,南投,2021-03-02,54,4,7.0,nan,30,19,28.0,54
35,二林,2021-03-02,96,6,5.0,nan,96,30,25.0,67
15,松山,2021-03-02,35,3,6.0,nan,16,25,27.0,35
34,線西,2021-03-02,61,4,6.0,nan,44,21,nan,61
16,大同,2021-03-02,42,4,11.0,nan,19,39,nan,42
33,彰化,2021-03-02,57,6,5.0,nan,28,25,29.0,57
17,桃園,2021-03-02,53,7,6.0,nan,20,35,28.0,53
32,西屯,2021-03-02,53,3,3.0,nan,25,29,28.0,53
18,大園,2021-03-02,43,6,3.0,nan,19,21,35.0,43
31,忠明,2021-03-02,46,4,5.0,nan,25,25,22.0,46
19,觀音,2021-03-02,48,6,3.0,nan,27,11,33.0,48
20,平鎮,2021-03-02,51,4,5.0,nan,20,27,29.0,51
30,大里,2021-03-02,48,6,5.0,nan,25,21,25.0,48
21,龍潭,2021-03-02,34,6,5.0,nan,12,20,34.0,34
22,湖口,2021-03-02,44,4,3.0,nan,18,17,37.0,44
29,沙鹿,2021-03-02,31,3,5.0,nan,24,16,31.0,31
23,竹東,2021-03-02,39,3,3.0,nan,10,12,39.0,26
28,豐原,2021-03-02,49,3,3.0,nan,19,15,30.0,49
27,三義,2021-03-02,39,3,3.0,nan,15,14,26.0,39
24,新竹,2021-03-02,37,4,5.0,nan,19,26,34.0,37
25,頭份,2021-03-02,37,3,5.0,nan,19,15,nan,37
26,苗栗,2021-03-02,39,7,5.0,nan,17,18,24.0,39
84,富貴角,2021-03-02,48,1,3.0,nan,43,7,44.0,48
83,麥寮,2021-03-02,63,3,3.0,nan,55,17,nan,63
80,關山,2021-03-02,34,1,nan,nan,12,5,34.0,16
78,馬公,2021-03-02,44,4,3.0,nan,23,16,41.0,44
77,金門,2021-03-02,58,4,5.0,nan,31,28,36.0,58
75,馬祖,2021-03-02,47,4,5.0,nan,21,10,38.0,47
72,埔里,2021-03-02,54,3,5.0,nan,28,14,42.0,54
71,復興,2021-03-02,77,4,8.0,nan,58,26,nan,77
70,永和,2021-03-02,38,3,8.0,nan,14,25,nan,38
69,竹山,2021-03-02,69,3,5.0,nan,37,20,31.0,69
68,中壢,2021-03-02,57,4,8.0,nan,21,26,nan,57
67,三重,2021-03-02,41,3,15.0,nan,17,38,nan,41
66,冬山,2021-03-02,33,3,3.0,nan,17,9,33.0,24
1,基隆,2021-03-02,37,3,5.0,nan,18,20,37.0,33
65,宜蘭,2021-03-02,36,3,5.0,nan,12,8,36.0,25
64,陽明,2021-03-02,39,3,3.0,nan,6,4,39.0,14
63,花蓮,2021-03-02,37,1,5.0,nan,15,8,37.0,23
62,臺東,2021-03-02,35,3,5.0,nan,21,9,35.0,21
2,汐止,2021-03-02,31,3,5.0,nan,14,21,31.0,30
61,恆春,2021-03-02,44,3,3.0,nan,17,7,44.0,36
60,潮州,2021-03-02,69,4,5.0,nan,52,26,50.0,69
3,萬里,2021-03-02,52,4,3.0,nan,52,9,44.0,46
59,屏東,2021-03-02,69,3,6.0,nan,53,19,38.0,69
4,新店,2021-03-02,31,3,5.0,nan,11,22,31.0,26
58,小港,2021-03-02,79,9,7.0,nan,63,46,36.0,79
57,前鎮,2021-03-02,75,4,8.0,nan,62,25,nan,75
5,土城,2021-03-02,31,4,6.0,nan,13,25,31.0,29
56,前金,2021-03-02,82,6,6.0,nan,59,20,44.0,82
54,左營,2021-03-02,70,6,6.0,nan,59,19,43.0,70
6,板橋,2021-03-02,40,6,6.0,nan,17,31,24.0,40
23,竹東,2021-03-03,34,6,5.0,nan,19,25.0,34.0,34
54,左營,2021-03-03,83,9,7.0,nan,55,28.0,61.0,83
22,湖口,2021-03-03,45,6,3.0,nan,28,24.0,39.0,45
21,龍潭,2021-03-03,41,1,6.0,nan,22,32.0,37.0,41
20,平鎮,2021-03-03,43,4,7.0,nan,26,30.0,38.0,43
56,前金,2021-03-03,86,7,6.0,nan,51,29.0,58.0,86
19,觀音,2021-03-03,43,11,3.0,nan,36,14.0,31.0,43
57,前鎮,2021-03-03,89,7,8.0,nan,54,35.0,nan,89
18,大園,2021-03-03,47,4,3.0,nan,27,25.0,37.0,47
58,小港,2021-03-03,89,16,7.0,nan,57,46.0,44.0,89
59,屏東,2021-03-03,83,11,7.0,nan,54,25.0,48.0,83
17,桃園,2021-03-03,39,6,7.0,nan,27,34.0,38.0,39
60,潮州,2021-03-03,79,10,6.0,nan,57,25.0,74.0,79
16,大同,2021-03-03,53,7,20.0,nan,36,42.0,nan,53
61,恆春,2021-03-03,46,1,3.0,nan,10,2.0,46.0,19
72,埔里,2021-03-03,61,4,6.0,nan,34,25.0,31.0,61
15,松山,2021-03-03,44,6,6.0,nan,26,33.0,31.0,44
14,古亭,2021-03-03,40,4,7.0,nan,22,30.0,37.0,40
63,花蓮,2021-03-03,39,3,5.0,nan,14,13.0,39.0,20
13,萬華,2021-03-03,40,6,7.0,nan,22,35.0,34.0,40
62,臺東,2021-03-03,38,3,5.0,nan,16,13.0,38.0,21
12,中山,2021-03-03,44,6,8.0,nan,23,36.0,30.0,44
64,陽明,2021-03-03,42,1,2.0,nan,6,1.0,42.0,14
11,士林,2021-03-03,44,6,5.0,nan,20,34.0,44.0,37
10,淡水,2021-03-03,31,3,6.0,nan,18,24.0,30.0,31
9,林口,2021-03-03,40,4,5.0,nan,26,32.0,37.0,40
8,菜寮,2021-03-03,40,3,7.0,nan,22,33.0,35.0,40
70,永和,2021-03-03,43,4,10.0,nan,24,35.0,nan,43
7,新莊,2021-03-03,39,4,7.0,nan,24,30.0,35.0,39
6,板橋,2021-03-03,39,4,8.0,nan,25,38.0,32.0,39
84,富貴角,2021-03-03,53,1,2.0,nan,53,3.0,45.0,51
5,土城,2021-03-03,36,4,7.0,nan,23,31.0,36.0,34
78,馬公,2021-03-03,60,3,2.0,nan,44,5.0,44.0,60
4,新店,2021-03-03,38,3,6.0,nan,20,27.0,38.0,31
65,宜蘭,2021-03-03,38,3,3.0,nan,22,11.0,38.0,32
3,萬里,2021-03-03,43,3,2.0,nan,37,17.0,43.0,41
2,汐止,2021-03-03,37,3,5.0,nan,22,34.0,26.0,37
83,麥寮,2021-03-03,52,7,3.0,nan,41,15.0,nan,52
1,基隆,2021-03-03,38,4,5.0,nan,20,25.0,31.0,38
66,冬山,2021-03-03,30,3,3.0,nan,19,11.0,30.0,25
67,三重,2021-03-03,48,6,18.0,nan,30,42.0,nan,48
77,金門,2021-03-03,65,4,3.0,nan,43,12.0,41.0,65
71,復興,2021-03-03,89,9,9.0,nan,54,37.0,nan,89
75,馬祖,2021-03-03,59,3,2.0,nan,34,10.0,42.0,59
69,竹山,2021-03-03,76,4,6.0,nan,50,30.0,31.0,76
80,關山,2021-03-03,37,1,nan,nan,8,7.0,37.0,12
68,中壢,2021-03-03,51,6,17.0,nan,27,41.0,nan,51
40,朴子,2021-03-03,64,6,5.0,nan,45,11.0,34.0,64
41,臺西,2021-03-03,48,3,2.0,nan,40,9.0,nan,48
39,新港,2021-03-03,64,6,5.0,nan,46,15.0,33.0,64
38,崙背,2021-03-03,65,6,3.0,nan,48,17.0,32.0,65
42,嘉義,2021-03-03,79,9,6.0,nan,47,27.0,26.0,79
37,斗六,2021-03-03,66,7,6.0,nan,47,nan,30.0,66
36,南投,2021-03-03,59,4,7.0,nan,37,37.0,22.0,59
43,新營,2021-03-03,66,6,5.0,nan,48,19.0,37.0,66
35,二林,2021-03-03,56,14,5.0,nan,49,18.0,26.0,56
44,善化,2021-03-03,70,9,5.0,nan,42,21.0,34.0,70
34,線西,2021-03-03,54,9,5.0,nan,45,16.0,nan,54
33,彰化,2021-03-03,60,6,5.0,nan,35,24.0,28.0,60
45,安南,2021-03-03,77,3,5.0,nan,52,20.0,41.0,77
32,西屯,2021-03-03,56,4,5.0,nan,32,25.0,27.0,56
46,臺南,2021-03-03,80,7,6.0,nan,56,24.0,42.0,80
47,美濃,2021-03-03,82,4,5.0,nan,50,15.0,54.0,82
31,忠明,2021-03-03,47,3,5.0,nan,31,25.0,23.0,47
48,橋頭,2021-03-03,87,6,6.0,nan,53,25.0,48.0,87
30,大里,2021-03-03,55,6,7.0,nan,36,31.0,20.0,55
29,沙鹿,2021-03-03,39,3,3.0,nan,35,18.0,33.0,39
49,仁武,2021-03-03,92,11,7.0,nan,55,32.0,61.0,92
28,豐原,2021-03-03,54,7,6.0,nan,30,23.0,23.0,54
27,三義,2021-03-03,35,3,3.0,nan,17,14.0,27.0,35
50,鳳山,2021-03-03,85,11,9.0,nan,53,37.0,nan,85
26,苗栗,2021-03-03,38,6,5.0,nan,28,24.0,22.0,38
51,大寮,2021-03-03,88,21,7.0,nan,57,35.0,50.0,88
25,頭份,2021-03-03,48,4,5.0,nan,33,25.0,nan,48
52,林園,2021-03-03,80,11,6.0,nan,55,28.0,80.0,78
24,新竹,2021-03-03,46,6,6.0,nan,31,31.0,35.0,46
53,楠梓,2021-03-03,86,7,6.0,nan,54,27.0,48.0,86
63,花蓮,2021-03-04,38,9,3.0,nan,19,13,38.0,31
61,恆春,2021-03-04,77,1,3.0,nan,20,7,77.0,31
15,松山,2021-03-04,85,9,10.0,nan,41,48,13.0,85
60,潮州,2021-03-04,118,13,6.0,nan,59,18,118.0,98
59,屏東,2021-03-04,96,6,6.0,nan,56,17,58.0,96
58,小港,2021-03-04,115,10,9.0,nan,62,42,42.0,115
57,前鎮,2021-03-04,119,9,10.0,nan,64,42,nan,119
16,大同,2021-03-04,84,6,17.0,nan,40,46,nan,84
56,前金,2021-03-04,125,6,8.0,nan,62,29,71.0,125
54,左營,2021-03-04,109,6,8.0,nan,66,25,54.0,109
53,楠梓,2021-03-04,106,4,6.0,nan,59,24,48.0,106
52,林園,2021-03-04,111,14,7.0,nan,69,34,80.0,111
51,大寮,2021-03-04,122,31,8.0,nan,67,45,51.0,122
50,鳳山,2021-03-04,109,9,10.0,nan,59,42,nan,109
49,仁武,2021-03-04,118,10,7.0,nan,63,30,50.0,118
17,桃園,2021-03-04,89,7,14.0,nan,44,48,22.0,89
48,橋頭,2021-03-04,120,6,6.0,nan,63,26,45.0,120
47,美濃,2021-03-04,81,3,5.0,nan,44,12,51.0,81
46,臺南,2021-03-04,125,7,7.0,nan,72,25,44.0,125
45,安南,2021-03-04,111,3,6.0,nan,69,19,49.0,111
18,大園,2021-03-04,79,9,5.0,nan,36,42,30.0,79
44,善化,2021-03-04,104,9,6.0,nan,59,22,45.0,104
43,新營,2021-03-04,98,7,5.0,nan,65,22,44.0,98
42,嘉義,2021-03-04,120,7,7.0,nan,64,32,36.0,120
41,臺西,2021-03-04,76,4,3.0,nan,44,17,nan,76
40,朴子,2021-03-04,105,3,3.0,nan,64,14,42.0,105
39,新港,2021-03-04,111,6,5.0,nan,66,18,44.0,111
19,觀音,2021-03-04,74,10,7.0,nan,44,34,25.0,74
38,崙背,2021-03-04,109,7,5.0,nan,72,16,40.0,109
37,斗六,2021-03-04,108,6,7.0,nan,63,34,45.0,108
36,南投,2021-03-04,89,10,8.0,nan,53,45,40.0,89
20,平鎮,2021-03-04,90,6,10.0,nan,41,46,19.0,90
35,二林,2021-03-04,105,9,6.0,nan,69,23,29.0,105
34,線西,2021-03-04,88,24,5.0,nan,62,30,nan,88
33,彰化,2021-03-04,86,10,7.0,nan,48,42,33.0,86
32,西屯,2021-03-04,91,7,5.0,nan,44,43,30.0,91
31,忠明,2021-03-04,81,6,7.0,nan,45,43,28.0,81
30,大里,2021-03-04,92,11,8.0,nan,54,49,31.0,92
29,沙鹿,2021-03-04,69,17,6.0,nan,48,36,26.0,69
21,龍潭,2021-03-04,84,6,8.0,nan,36,45,24.0,84
28,豐原,2021-03-04,87,7,6.0,nan,40,32,33.0,87
27,三義,2021-03-04,55,3,5.0,nan,22,25,31.0,55
22,湖口,2021-03-04,83,4,7.0,nan,36,33,31.0,83
26,苗栗,2021-03-04,77,4,7.0,nan,42,33,19.0,77
25,頭份,2021-03-04,84,4,7.0,nan,44,37,nan,84
23,竹東,2021-03-04,71,3,7.0,nan,32,33,18.0,71
24,新竹,2021-03-04,82,7,9.0,nan,44,36,29.0,82
1,基隆,2021-03-04,68,4,6.0,nan,27,31,21.0,68
2,汐止,2021-03-04,80,10,8.0,nan,39,42,7.0,80
3,萬里,2021-03-04,56,6,3.0,nan,31,18,28.0,56
4,新店,2021-03-04,84,6,11.0,nan,39,47,13.0,84
5,土城,2021-03-04,87,7,10.0,nan,43,48,12.0,87
6,板橋,2021-03-04,88,7,16.0,nan,40,51,13.0,88
84,富貴角,2021-03-04,51,1,2.0,nan,31,9,34.0,51
83,麥寮,2021-03-04,84,4,3.0,nan,57,16,nan,84
80,關山,2021-03-04,34,1,nan,nan,11,7,34.0,24
7,新莊,2021-03-04,82,6,14.0,nan,36,43,19.0,82
78,馬公,2021-03-04,54,4,3.0,nan,29,6,42.0,54
8,菜寮,2021-03-04,84,3,11.0,nan,37,43,15.0,84
9,林口,2021-03-04,67,6,7.0,nan,27,51,24.0,67
77,金門,2021-03-04,121,9,8.0,nan,63,39,16.0,121
10,淡水,2021-03-04,61,1,5.0,nan,29,32,23.0,61
75,馬祖,2021-03-04,63,6,3.0,nan,23,19,29.0,63
11,士林,2021-03-04,71,4,8.0,nan,32,38,23.0,71
72,埔里,2021-03-04,68,4,6.0,nan,33,21,51.0,68
71,復興,2021-03-04,119,4,12.0,nan,61,25,nan,119
12,中山,2021-03-04,82,7,15.0,nan,39,48,12.0,82
70,永和,2021-03-04,113,4,23.0,nan,45,50,nan,113
69,竹山,2021-03-04,94,9,7.0,nan,55,41,46.0,94
68,中壢,2021-03-04,94,7,22.0,nan,44,45,nan,94
67,三重,2021-03-04,90,9,20.0,nan,47,55,nan,90
13,萬華,2021-03-04,83,10,15.0,nan,37,47,14.0,83
66,冬山,2021-03-04,42,6,5.0,nan,29,20,21.0,42
65,宜蘭,2021-03-04,36,4,5.0,nan,23,20,26.0,36
14,古亭,2021-03-04,87,9,15.0,nan,40,46,12.0,87
64,陽明,2021-03-04,44,1,3.0,nan,16,4,44.0,42
62,臺東,2021-03-04,41,1,5.0,nan,16,9,41.0,20
4,新店,2021-03-05,35,3,8.0,nan,13,30,35.0,27
37,斗六,2021-03-05,117,7,7.0,nan,59,27,48.0,117
3,萬里,2021-03-05,40,3,5.0,nan,20,21,40.0,36
63,花蓮,2021-03-05,41,3,6.0,nan,20,14,41.0,38
2,汐止,2021-03-05,37,4,8.0,nan,18,28,31.0,37
1,基隆,2021-03-05,39,6,9.0,nan,15,29,34.0,39
36,南投,2021-03-05,99,7,8.0,nan,52,39,67.0,99
41,臺西,2021-03-05,74,7,5.0,nan,36,23,nan,74
35,二林,2021-03-05,98,14,7.0,nan,57,29,30.0,98
64,陽明,2021-03-05,39,3,3.0,nan,8,2,39.0,30
34,線西,2021-03-05,93,7,7.0,nan,52,26,nan,93
65,宜蘭,2021-03-05,38,3,6.0,nan,18,16,38.0,35
33,彰化,2021-03-05,92,13,8.0,nan,44,37,34.0,92
59,屏東,2021-03-05,120,10,8.0,nan,62,30,87.0,120
32,西屯,2021-03-05,89,4,6.0,nan,39,32,36.0,89
66,冬山,2021-03-05,31,7,5.0,nan,14,15,31.0,30
31,忠明,2021-03-05,75,4,8.0,nan,40,41,32.0,75
67,三重,2021-03-05,48,7,19.0,nan,21,43,nan,48
30,大里,2021-03-05,99,10,9.0,nan,54,45,36.0,99
42,嘉義,2021-03-05,123,9,8.0,nan,57,33,41.0,123
68,中壢,2021-03-05,66,7,23.0,nan,32,45,nan,66
29,沙鹿,2021-03-05,72,4,7.0,nan,40,24,39.0,72
69,竹山,2021-03-05,126,9,8.0,nan,62,31,61.0,126
28,豐原,2021-03-05,82,4,7.0,nan,39,33,44.0,82
70,永和,2021-03-05,51,6,16.0,nan,19,40,nan,51
27,三義,2021-03-05,68,7,6.0,nan,31,21,37.0,68
43,新營,2021-03-05,99,6,7.0,nan,56,27,48.0,99
26,苗栗,2021-03-05,83,7,7.0,nan,38,27,28.0,83
44,善化,2021-03-05,104,6,7.0,nan,52,34,50.0,104
25,頭份,2021-03-05,85,7,7.0,nan,40,28,nan,85
71,復興,2021-03-05,107,4,15.0,nan,54,22,nan,107
24,新竹,2021-03-05,76,6,9.0,nan,37,40,33.0,76
52,林園,2021-03-05,102,9,6.0,nan,57,23,101.0,102
58,小港,2021-03-05,106,14,7.0,nan,56,62,43.0,106
23,竹東,2021-03-05,72,4,7.0,nan,30,25,44.0,72
61,恆春,2021-03-05,47,3,2.0,nan,13,2,47.0,25
72,埔里,2021-03-05,77,3,6.0,nan,34,21,58.0,77
22,湖口,2021-03-05,65,7,6.0,nan,31,30,38.0,65
21,龍潭,2021-03-05,67,3,8.0,nan,31,39,32.0,67
45,安南,2021-03-05,103,6,6.0,nan,58,28,51.0,103
20,平鎮,2021-03-05,62,6,9.0,nan,30,39,36.0,62
75,馬祖,2021-03-05,69,57,5.0,nan,32,10,43.0,69
19,觀音,2021-03-05,52,11,6.0,nan,31,35,29.0,52
57,前鎮,2021-03-05,110,11,10.0,nan,57,40,nan,110
18,大園,2021-03-05,53,7,7.0,nan,22,38,33.0,53
17,桃園,2021-03-05,55,9,11.0,nan,26,39,32.0,55
77,金門,2021-03-05,120,6,7.0,nan,50,39,40.0,120
78,馬公,2021-03-05,64,3,3.0,nan,29,12,39.0,64
16,大同,2021-03-05,47,6,22.0,nan,21,41,nan,47
15,松山,2021-03-05,43,4,9.0,nan,20,37,30.0,43
80,關山,2021-03-05,36,3,nan,nan,11,4,36.0,27
46,臺南,2021-03-05,113,7,9.0,nan,59,46,49.0,113
83,麥寮,2021-03-05,83,1,5.0,nan,43,18,nan,83
14,古亭,2021-03-05,43,7,10.0,nan,19,35,28.0,43
84,富貴角,2021-03-05,44,1,3.0,nan,20,11,44.0,34
13,萬華,2021-03-05,41,7,10.0,nan,17,40,30.0,41
56,前金,2021-03-05,113,10,8.0,nan,54,40,71.0,113
47,美濃,2021-03-05,108,7,6.0,nan,44,14,108.0,87
12,中山,2021-03-05,41,6,12.0,nan,15,39,27.0,41
48,橋頭,2021-03-05,115,6,7.0,nan,57,27,61.0,115
11,士林,2021-03-05,43,6,5.0,nan,15,25,43.0,37
49,仁武,2021-03-05,116,7,7.0,nan,59,42,77.0,116
10,淡水,2021-03-05,37,3,5.0,nan,15,24,36.0,37
54,左營,2021-03-05,102,10,8.0,nan,57,38,64.0,102
50,鳳山,2021-03-05,114,11,12.0,nan,56,54,nan,114
9,林口,2021-03-05,49,4,7.0,nan,23,42,35.0,49
51,大寮,2021-03-05,135,17,8.0,nan,66,46,71.0,135
39,新港,2021-03-05,100,7,6.0,nan,53,17,58.0,100
8,菜寮,2021-03-05,41,6,9.0,nan,16,38,36.0,41
40,朴子,2021-03-05,102,6,6.0,nan,52,23,44.0,102
53,楠梓,2021-03-05,111,7,7.0,nan,58,30,58.0,111
7,新莊,2021-03-05,45,4,11.0,nan,21,45,34.0,45
38,崙背,2021-03-05,99,10,6.0,nan,54,18,44.0,99
6,板橋,2021-03-05,45,6,14.0,nan,19,45,25.0,43
62,臺東,2021-03-05,43,3,5.0,nan,17,9,43.0,19
5,土城,2021-03-05,43,6,11.0,nan,20,36,31.0,43
60,潮州,2021-03-05,118,10,6.0,nan,57,14,118.0,111
1,基隆,2021-03-06,34,10,8.0,nan,11,34,21.0,26
84,富貴角,2021-03-06,42,1,5.0,nan,31,17,41.0,42
83,麥寮,2021-03-06,83,4,5.0,nan,49,15,nan,83
80,關山,2021-03-06,31,3,nan,nan,15,4,31.0,30
78,馬公,2021-03-06,56,1,3.0,nan,27,6,46.0,56
77,金門,2021-03-06,88,6,6.0,nan,38,14,36.0,88
75,馬祖,2021-03-06,43,4,5.0,nan,14,9,43.0,41
72,埔里,2021-03-06,76,4,6.0,nan,36,12,48.0,76
71,復興,2021-03-06,99,4,10.0,nan,52,18,nan,99
70,永和,2021-03-06,60,4,16.0,nan,20,46,nan,60
69,竹山,2021-03-06,128,6,7.0,nan,60,25,50.0,128
68,中壢,2021-03-06,71,4,10.0,nan,31,39,nan,71
67,三重,2021-03-06,71,7,17.0,nan,32,43,nan,71
66,冬山,2021-03-06,31,3,6.0,nan,17,18,31.0,28
65,宜蘭,2021-03-06,40,3,5.0,nan,11,12,40.0,21
64,陽明,2021-03-06,41,3,3.0,nan,8,8,41.0,22
63,花蓮,2021-03-06,44,7,3.0,nan,17,10,44.0,29
62,臺東,2021-03-06,38,4,5.0,nan,20,15,38.0,29
61,恆春,2021-03-06,58,4,2.0,nan,20,4,58.0,37
60,潮州,2021-03-06,72,3,5.0,nan,40,14,41.0,72
59,屏東,2021-03-06,82,7,6.0,nan,48,24,43.0,82
58,小港,2021-03-06,98,13,8.0,nan,52,42,41.0,98
57,前鎮,2021-03-06,104,10,10.0,nan,54,41,nan,104
56,前金,2021-03-06,101,14,9.0,nan,52,33,48.0,101
54,左營,2021-03-06,105,13,9.0,nan,60,34,97.0,105
53,楠梓,2021-03-06,103,10,8.0,nan,54,33,47.0,103
52,林園,2021-03-06,122,14,7.0,nan,60,39,122.0,105
51,大寮,2021-03-06,92,17,8.0,nan,52,30,36.0,92
50,鳳山,2021-03-06,92,10,9.0,nan,46,36,nan,92
49,仁武,2021-03-06,107,11,8.0,nan,58,31,74.0,107
48,橋頭,2021-03-06,107,10,7.0,nan,55,28,50.0,107
47,美濃,2021-03-06,73,6,5.0,nan,36,11,50.0,73
46,臺南,2021-03-06,127,7,8.0,nan,68,30,54.0,127
45,安南,2021-03-06,110,3,6.0,nan,59,20,54.0,110
44,善化,2021-03-06,111,9,7.0,nan,57,18,51.0,111
43,新營,2021-03-06,122,7,7.0,nan,67,17,58.0,122
42,嘉義,2021-03-06,152,7,8.0,nan,70,26,43.0,152
41,臺西,2021-03-06,74,6,3.0,nan,34,14,nan,74
40,朴子,2021-03-06,117,4,6.0,nan,59,13,46.0,117
39,新港,2021-03-06,127,7,7.0,nan,64,17,43.0,127
38,崙背,2021-03-06,113,4,7.0,nan,62,16,42.0,113
37,斗六,2021-03-06,140,10,7.0,nan,68,20,51.0,140
36,南投,2021-03-06,99,4,7.0,nan,54,28,44.0,99
35,二林,2021-03-06,92,7,7.0,nan,59,17,29.0,92
34,線西,2021-03-06,80,17,8.0,nan,49,25,nan,80
33,彰化,2021-03-06,90,9,6.0,nan,42,25,35.0,90
32,西屯,2021-03-06,99,4,6.0,nan,42,25,31.0,99
31,忠明,2021-03-06,81,4,7.0,nan,39,26,28.0,81
30,大里,2021-03-06,95,7,7.0,nan,52,29,35.0,95
29,沙鹿,2021-03-06,62,3,5.0,nan,44,18,31.0,62
28,豐原,2021-03-06,91,4,6.0,nan,39,23,34.0,91
27,三義,2021-03-06,56,4,5.0,nan,20,25,21.0,56
26,苗栗,2021-03-06,64,4,5.0,nan,30,28,19.0,64
25,頭份,2021-03-06,66,6,5.0,nan,33,30,nan,66
24,新竹,2021-03-06,59,4,6.0,nan,30,31,24.0,59
23,竹東,2021-03-06,59,10,6.0,nan,20,29,24.0,59
22,湖口,2021-03-06,58,4,5.0,nan,24,25,31.0,58
21,龍潭,2021-03-06,59,3,6.0,nan,19,33,24.0,59
20,平鎮,2021-03-06,68,4,6.0,nan,29,34,19.0,68
19,觀音,2021-03-06,38,6,3.0,nan,23,25,34.0,38
18,大園,2021-03-06,54,3,5.0,nan,22,34,32.0,54
17,桃園,2021-03-06,73,4,8.0,nan,33,44,17.0,73
16,大同,2021-03-06,67,4,17.0,nan,25,42,nan,67
15,松山,2021-03-06,50,6,11.0,nan,18,42,16.0,50
14,古亭,2021-03-06,41,4,9.0,nan,18,41,14.0,41
13,萬華,2021-03-06,55,6,11.0,nan,21,42,13.0,55
12,中山,2021-03-06,61,6,12.0,nan,22,43,12.0,61
11,士林,2021-03-06,63,6,8.0,nan,26,34,17.0,63
10,淡水,2021-03-06,45,3,6.0,nan,22,27,25.0,45
9,林口,2021-03-06,57,6,9.0,nan,21,36,28.0,57
8,菜寮,2021-03-06,61,4,10.0,nan,24,38,15.0,61
7,新莊,2021-03-06,57,4,11.0,nan,22,42,17.0,57
6,板橋,2021-03-06,58,6,12.0,nan,25,42,12.0,58
5,土城,2021-03-06,54,4,11.0,nan,25,42,15.0,54
4,新店,2021-03-06,42,4,9.0,nan,13,42,19.0,30
3,萬里,2021-03-06,40,4,5.0,nan,17,13,40.0,24
2,汐止,2021-03-06,42,4,10.0,nan,15,42,19.0,39
6,板橋,2021-03-07,31,3,6.0,nan,7,24,31.0,21.0
56,前金,2021-03-07,102,6,6.0,nan,48,19,47.0,102.0
5,土城,2021-03-07,41,3,6.0,nan,6,26,41.0,13.0
57,前鎮,2021-03-07,96,7,6.0,nan,49,21,nan,96.0
42,嘉義,2021-03-07,97,7,6.0,nan,41,22,31.0,97.0
4,新店,2021-03-07,42,3,5.0,nan,6,13,42.0,11.0
58,小港,2021-03-07,96,10,6.0,nan,48,27,44.0,96.0
3,萬里,2021-03-07,44,4,2.0,nan,19,7,44.0,29.0
2,汐止,2021-03-07,36,3,3.0,nan,8,16,36.0,26.0
59,屏東,2021-03-07,99,14,7.0,nan,51,19,47.0,99.0
60,潮州,2021-03-07,88,7,5.0,nan,48,13,77.0,88.0
12,中山,2021-03-07,33,1,7.0,nan,7,30,33.0,26.0
61,恆春,2021-03-07,46,1,2.0,nan,7,2,46.0,10.0
43,新營,2021-03-07,81,4,5.0,nan,44,16,39.0,81.0
62,臺東,2021-03-07,40,1,3.0,nan,9,5,40.0,10.0
63,花蓮,2021-03-07,43,3,3.0,nan,11,10,43.0,14.0
64,陽明,2021-03-07,42,3,2.0,nan,3,2,42.0,5.0
65,宜蘭,2021-03-07,36,3,3.0,nan,8,9,36.0,10.0
66,冬山,2021-03-07,31,4,3.0,nan,10,14,31.0,16.0
67,三重,2021-03-07,36,6,18.0,nan,10,36,nan,29.0
68,中壢,2021-03-07,45,3,7.0,nan,17,24,nan,45.0
84,富貴角,2021-03-07,49,1,2.0,nan,49,5,45.0,49.0
83,麥寮,2021-03-07,52,1,2.0,nan,31,8,nan,52.0
69,竹山,2021-03-07,78,3,5.0,nan,32,21,32.0,78.0
80,關山,2021-03-07,40,1,nan,nan,6,3,40.0,12.0
78,馬公,2021-03-07,51,3,2.0,nan,25,4,41.0,51.0
77,金門,2021-03-07,53,4,3.0,nan,21,10,47.0,53.0
75,馬祖,2021-03-07,60,6,2.0,nan,27,5,44.0,60.0
72,埔里,2021-03-07,42,4,5.0,nan,18,14,39.0,42.0
71,復興,2021-03-07,94,3,7.0,nan,48,14,nan,94.0
70,永和,2021-03-07,26,3,8.0,nan,8,26,nan,23.0
11,士林,2021-03-07,31,3,3.0,nan,7,24,31.0,23.0
44,善化,2021-03-07,85,6,5.0,nan,41,17,41.0,85.0
10,淡水,2021-03-07,40,1,3.0,nan,6,8,40.0,18.0
45,安南,2021-03-07,90,3,3.0,nan,46,9,44.0,90.0
46,臺南,2021-03-07,93,3,5.0,nan,52,15,42.0,93.0
21,龍潭,2021-03-07,37,3,3.0,nan,8,11,37.0,24.0
40,朴子,2021-03-07,86,3,5.0,nan,44,10,35.0,86.0
47,美濃,2021-03-07,94,7,5.0,nan,45,11,51.0,94.0
22,湖口,2021-03-07,43,4,2.0,nan,21,7,41.0,43.0
23,竹東,2021-03-07,39,3,3.0,nan,7,9,39.0,19.0
20,平鎮,2021-03-07,40,3,3.0,nan,17,11,33.0,40.0
24,新竹,2021-03-07,40,3,3.0,nan,24,11,37.0,40.0
48,橋頭,2021-03-07,98,7,5.0,nan,49,17,44.0,98.0
9,林口,2021-03-07,42,3,2.0,nan,7,8,42.0,18.0
1,基隆,2021-03-07,31,13,2.0,nan,10,26,31.0,30.0
41,臺西,2021-03-07,45,4,2.0,nan,26,8,nan,45.0
25,頭份,2021-03-07,50,3,3.0,nan,22,8,nan,50.0
49,仁武,2021-03-07,100,7,6.0,nan,51,21,48.0,100.0
8,菜寮,2021-03-07,31,1,5.0,nan,7,15,31.0,21.0
26,苗栗,2021-03-07,43,4,3.0,nan,22,12,24.0,43.0
50,鳳山,2021-03-07,93,9,8.0,nan,45,28,nan,93.0
27,三義,2021-03-07,24,3,2.0,nan,6,14,24.0,19.0
13,萬華,2021-03-07,28,7,7.0,nan,9,27,28.0,24.0
28,豐原,2021-03-07,40,3,3.0,nan,14,16,29.0,40.0
29,沙鹿,2021-03-07,39,1,3.0,nan,22,7,33.0,39.0
51,大寮,2021-03-07,108,39,10.0,nan,54,41,42.0,108.0
14,古亭,2021-03-07,39,3,5.0,nan,6,20,39.0,17.0
30,大里,2021-03-07,52,7,5.0,nan,20,20,26.0,52.0
19,觀音,2021-03-07,40,3,3.0,nan,31,5,36.0,40.0
18,大園,2021-03-07,46,6,3.0,nan,25,8,42.0,46.0
31,忠明,2021-03-07,45,3,5.0,nan,19,22,25.0,45.0
52,林園,2021-03-07,92,10,6.0,nan,53,23,61.0,92.0
32,西屯,2021-03-07,60,3,3.0,nan,19,19,29.0,60.0
33,彰化,2021-03-07,57,4,5.0,nan,21,16,32.0,57.0
17,桃園,2021-03-07,34,4,5.0,nan,12,13,34.0,27.0
34,線西,2021-03-07,27,6,5.0,nan,27,13,nan,nan
16,大同,2021-03-07,39,6,25.0,nan,17,37,nan,39.0
35,二林,2021-03-07,57,9,5.0,nan,34,10,27.0,57.0
53,楠梓,2021-03-07,95,6,6.0,nan,51,17,45.0,95.0
36,南投,2021-03-07,63,3,5.0,nan,25,20,34.0,63.0
7,新莊,2021-03-07,35,3,5.0,nan,6,17,35.0,21.0
15,松山,2021-03-07,38,3,5.0,nan,7,20,38.0,24.0
37,斗六,2021-03-07,77,7,3.0,nan,34,17,38.0,77.0
54,左營,2021-03-07,87,6,6.0,nan,52,21,44.0,87.0
38,崙背,2021-03-07,74,6,5.0,nan,38,12,34.0,74.0
39,新港,2021-03-07,80,4,5.0,nan,40,16,31.0,80.0
69,竹山,2021-03-08,81,4,3.0,nan,50,21,44.0,81
72,埔里,2021-03-08,70,3,5.0,nan,32,16,50.0,70
75,馬祖,2021-03-08,74,4,3.0,nan,37,5,74.0,72
77,金門,2021-03-08,71,4,3.0,nan,41,9,58.0,71
78,馬公,2021-03-08,73,3,2.0,nan,46,4,51.0,73
80,關山,2021-03-08,40,1,nan,nan,8,4,40.0,17
84,富貴角,2021-03-08,61,1,2.0,nan,56,2,49.0,61
83,麥寮,2021-03-08,75,3,3.0,nan,52,12,nan,75
43,新營,2021-03-08,84,4,3.0,nan,54,10,46.0,84
44,善化,2021-03-08,84,4,3.0,nan,48,10,48.0,84
42,嘉義,2021-03-08,94,6,5.0,nan,51,19,39.0,94
41,臺西,2021-03-08,71,3,2.0,nan,47,13,nan,71
40,朴子,2021-03-08,79,3,3.0,nan,52,8,44.0,79
45,安南,2021-03-08,90,3,3.0,nan,62,8,49.0,90
39,新港,2021-03-08,81,6,3.0,nan,55,10,nan,81
38,崙背,2021-03-08,77,4,3.0,nan,64,13,44.0,77
37,斗六,2021-03-08,81,6,5.0,nan,50,16,46.0,81
36,南投,2021-03-08,73,4,5.0,nan,38,26,44.0,73
35,二林,2021-03-08,73,7,3.0,nan,54,10,31.0,73
46,臺南,2021-03-08,95,4,5.0,nan,59,17,47.0,95
34,線西,2021-03-08,70,7,6.0,nan,54,13,nan,70
33,彰化,2021-03-08,69,4,5.0,nan,40,16,38.0,69
32,西屯,2021-03-08,70,3,2.0,nan,37,21,31.0,70
66,冬山,2021-03-08,33,3,2.0,nan,14,11,33.0,26
31,忠明,2021-03-08,61,3,5.0,nan,33,21,28.0,61
1,基隆,2021-03-08,37,6,3.0,nan,19,15,36.0,37
65,宜蘭,2021-03-08,40,3,3.0,nan,15,13,40.0,21
2,汐止,2021-03-08,36,3,3.0,nan,20,29,35.0,36
30,大里,2021-03-08,62,7,6.0,nan,33,25,31.0,62
64,陽明,2021-03-08,45,1,2.0,nan,2,1,45.0,7
3,萬里,2021-03-08,54,3,2.0,nan,54,9,47.0,45
63,花蓮,2021-03-08,41,3,3.0,nan,13,11,41.0,19
4,新店,2021-03-08,42,4,5.0,nan,14,28,42.0,31
62,臺東,2021-03-08,44,1,3.0,nan,17,10,44.0,20
5,土城,2021-03-08,41,3,5.0,nan,16,17,41.0,27
61,恆春,2021-03-08,48,3,2.0,nan,11,2,48.0,28
6,板橋,2021-03-08,36,6,6.0,nan,18,28,30.0,36
60,潮州,2021-03-08,97,11,6.0,nan,54,14,90.0,97
7,新莊,2021-03-08,37,6,6.0,nan,17,26,33.0,37
8,菜寮,2021-03-08,36,3,5.0,nan,17,26,35.0,36
59,屏東,2021-03-08,99,16,6.0,nan,59,21,61.0,99
9,林口,2021-03-08,43,3,3.0,nan,22,21,43.0,39
10,淡水,2021-03-08,43,3,3.0,nan,17,15,43.0,34
58,小港,2021-03-08,99,13,7.0,nan,58,44,40.0,99
11,士林,2021-03-08,45,3,3.0,nan,13,23,45.0,33
12,中山,2021-03-08,40,6,7.0,nan,15,31,34.0,40
57,前鎮,2021-03-08,98,3,7.0,nan,57,24,nan,98
56,前金,2021-03-08,107,6,6.0,nan,57,19,58.0,107
13,萬華,2021-03-08,36,4,5.0,nan,18,25,33.0,36
54,左營,2021-03-08,90,6,6.0,nan,59,18,51.0,90
27,三義,2021-03-08,45,3,2.0,nan,19,15,29.0,45
14,古亭,2021-03-08,40,3,5.0,nan,17,17,39.0,40
22,湖口,2021-03-08,59,4,2.0,nan,36,10,44.0,59
15,松山,2021-03-08,45,4,5.0,nan,20,30,35.0,45
53,楠梓,2021-03-08,97,3,5.0,nan,57,23,46.0,97
16,大同,2021-03-08,47,6,15.0,nan,22,42,nan,47
52,林園,2021-03-08,108,17,6.0,nan,64,32,74.0,108
26,苗栗,2021-03-08,57,4,3.0,nan,39,21,27.0,57
23,竹東,2021-03-08,40,10,3.0,nan,16,16,40.0,34
17,桃園,2021-03-08,42,4,6.0,nan,24,29,38.0,42
51,大寮,2021-03-08,113,26,8.0,nan,62,43,51.0,113
18,大園,2021-03-08,62,6,2.0,nan,39,22,43.0,62
47,美濃,2021-03-08,86,4,3.0,nan,46,8,64.0,86
19,觀音,2021-03-08,53,3,2.0,nan,45,8,40.0,53
29,沙鹿,2021-03-08,59,1,2.0,nan,42,10,39.0,59
50,鳳山,2021-03-08,96,7,9.0,nan,55,34,nan,96
24,新竹,2021-03-08,56,4,3.0,nan,40,15,38.0,56
28,豐原,2021-03-08,55,4,3.0,nan,24,13,33.0,55
25,頭份,2021-03-08,63,4,5.0,nan,42,17,nan,63
20,平鎮,2021-03-08,56,4,5.0,nan,33,30,39.0,56
21,龍潭,2021-03-08,37,4,3.0,nan,19,16,37.0,36
48,橋頭,2021-03-08,98,4,5.0,nan,56,19,46.0,98
49,仁武,2021-03-08,103,6,5.0,nan,57,22,48.0,103
68,中壢,2021-03-08,55,4,10.0,nan,31,40,nan,55
70,永和,2021-03-08,44,4,6.0,nan,19,20,nan,44
67,三重,2021-03-08,45,6,17.0,nan,20,42,nan,45
71,復興,2021-03-08,95,3,8.0,nan,53,20,nan,95
14,古亭,2021-03-09,42,7,5.0,nan,22,21,37.0,42
15,松山,2021-03-09,52,9,5.0,nan,26,25,33.0,52
16,大同,2021-03-09,54,9,20.0,nan,30,42,nan,54
17,桃園,2021-03-09,54,4,5.0,nan,30,20,41.0,54
18,大園,2021-03-09,65,9,2.0,nan,38,23,61.0,65
19,觀音,2021-03-09,59,4,2.0,nan,44,9,49.0,59
20,平鎮,2021-03-09,61,4,5.0,nan,37,23,42.0,61
21,龍潭,2021-03-09,59,3,5.0,nan,31,22,42.0,59
22,湖口,2021-03-09,65,6,2.0,nan,37,13,58.0,65
23,竹東,2021-03-09,54,3,5.0,nan,29,15,42.0,54
24,新竹,2021-03-09,64,3,3.0,nan,44,19,47.0,64
25,頭份,2021-03-09,74,3,3.0,nan,46,17,nan,74
26,苗栗,2021-03-09,65,4,5.0,nan,44,18,31.0,65
27,三義,2021-03-09,55,3,3.0,nan,26,11,33.0,55
28,豐原,2021-03-09,73,4,3.0,nan,35,14,40.0,73
29,沙鹿,2021-03-09,67,1,3.0,nan,50,9,46.0,67
30,大里,2021-03-09,84,9,6.0,nan,49,24,37.0,84
31,忠明,2021-03-09,75,4,5.0,nan,44,22,34.0,75
32,西屯,2021-03-09,88,3,3.0,nan,48,20,37.0,88
84,富貴角,2021-03-09,61,1,2.0,nan,55,2,61.0,60
33,彰化,2021-03-09,84,6,5.0,nan,51,20,43.0,84
83,麥寮,2021-03-09,77,3,3.0,nan,52,11,nan,77
80,關山,2021-03-09,37,1,nan,nan,7,5,37.0,23
34,線西,2021-03-09,75,7,5.0,nan,55,14,nan,75
78,馬公,2021-03-09,61,4,3.0,nan,37,5,58.0,61
35,二林,2021-03-09,89,9,3.0,nan,61,14,33.0,89
77,金門,2021-03-09,78,4,5.0,nan,44,13,61.0,78
75,馬祖,2021-03-09,64,6,2.0,nan,31,8,64.0,64
36,南投,2021-03-09,96,4,6.0,nan,58,25,46.0,96
72,埔里,2021-03-09,90,4,5.0,nan,38,17,90.0,77
37,斗六,2021-03-09,115,6,5.0,nan,65,15,51.0,115
38,崙背,2021-03-09,97,6,6.0,nan,63,15,45.0,97
71,復興,2021-03-09,132,7,9.0,nan,71,30,nan,132
39,新港,2021-03-09,108,4,5.0,nan,66,15,64.0,108
40,朴子,2021-03-09,113,3,5.0,nan,65,9,46.0,113
70,永和,2021-03-09,53,6,10.0,nan,25,34,nan,53
41,臺西,2021-03-09,71,6,2.0,nan,43,14,nan,71
69,竹山,2021-03-09,110,4,5.0,nan,64,23,54.0,110
42,嘉義,2021-03-09,126,7,6.0,nan,68,29,40.0,126
68,中壢,2021-03-09,64,4,8.0,nan,41,35,nan,64
43,新營,2021-03-09,112,4,5.0,nan,69,16,51.0,112
44,善化,2021-03-09,109,4,5.0,nan,65,16,54.0,109
67,三重,2021-03-09,51,6,17.0,nan,24,42,nan,51
45,安南,2021-03-09,119,4,5.0,nan,72,10,58.0,119
66,冬山,2021-03-09,38,3,3.0,nan,23,14,37.0,38
46,臺南,2021-03-09,131,6,6.0,nan,74,16,41.0,131
47,美濃,2021-03-09,98,3,3.0,nan,57,10,71.0,98
65,宜蘭,2021-03-09,46,3,3.0,nan,19,10,46.0,30
48,橋頭,2021-03-09,137,4,6.0,nan,72,22,64.0,137
64,陽明,2021-03-09,47,1,2.0,nan,6,2,47.0,11
63,花蓮,2021-03-09,40,3,5.0,nan,20,16,40.0,29
49,仁武,2021-03-09,129,6,6.0,nan,70,26,74.0,129
62,臺東,2021-03-09,44,3,3.0,nan,16,22,44.0,22
50,鳳山,2021-03-09,119,9,11.0,nan,66,43,nan,119
51,大寮,2021-03-09,138,40,10.0,nan,75,55,50.0,138
61,恆春,2021-03-09,45,3,2.0,nan,10,2,45.0,19
52,林園,2021-03-09,129,9,6.0,nan,76,34,129.0,124
60,潮州,2021-03-09,106,6,5.0,nan,64,11,100.0,106
53,楠梓,2021-03-09,127,4,6.0,nan,71,25,64.0,127
54,左營,2021-03-09,114,6,6.0,nan,73,23,74.0,114
56,前金,2021-03-09,140,4,7.0,nan,70,38,84.0,140
57,前鎮,2021-03-09,137,3,8.0,nan,73,35,nan,137
59,屏東,2021-03-09,106,6,6.0,nan,65,22,90.0,106
58,小港,2021-03-09,126,7,7.0,nan,70,47,54.0,126
1,基隆,2021-03-09,46,4,5.0,nan,22,37,43.0,46
2,汐止,2021-03-09,45,7,5.0,nan,25,28,35.0,45
3,萬里,2021-03-09,58,3,3.0,nan,50,9,58.0,50
4,新店,2021-03-09,44,3,5.0,nan,19,18,44.0,40
5,土城,2021-03-09,40,4,5.0,nan,24,33,40.0,35
6,板橋,2021-03-09,45,7,6.0,nan,23,32,32.0,45
7,新莊,2021-03-09,44,6,6.0,nan,24,33,38.0,44
8,菜寮,2021-03-09,41,3,6.0,nan,19,27,40.0,41
9,林口,2021-03-09,52,4,3.0,nan,31,25,44.0,52
10,淡水,2021-03-09,47,3,3.0,nan,23,17,47.0,44
11,士林,2021-03-09,58,3,5.0,nan,17,31,58.0,39
12,中山,2021-03-09,49,4,7.0,nan,20,32,32.0,49
13,萬華,2021-03-09,48,4,6.0,nan,23,30,35.0,48
26,苗栗,2021-03-10,52,9,7.0,nan,30.0,26,32.0,52
27,三義,2021-03-10,46,4,5.0,nan,25.0,16,40.0,46
28,豐原,2021-03-10,67,6,7.0,nan,37.0,25,48.0,67
29,沙鹿,2021-03-10,50,3,5.0,nan,32.0,11,49.0,50
30,大里,2021-03-10,89,9,8.0,nan,52.0,28,48.0,89
52,林園,2021-03-10,127,9,7.0,nan,77.0,29,112.0,127
31,忠明,2021-03-10,57,4,6.0,nan,34.0,25,40.0,57
32,西屯,2021-03-10,68,4,5.0,nan,35.0,22,42.0,68
51,大寮,2021-03-10,152,30,8.0,nan,78.0,56,64.0,152
33,彰化,2021-03-10,65,4,6.0,nan,38.0,20,49.0,65
50,鳳山,2021-03-10,139,11,11.0,nan,70.0,40,nan,139
34,線西,2021-03-10,61,10,8.0,nan,45.0,16,nan,61
35,二林,2021-03-10,68,10,6.0,nan,52.0,12,35.0,68
36,南投,2021-03-10,91,4,6.0,nan,54.0,26,74.0,91
37,斗六,2021-03-10,108,7,6.0,nan,66.0,25,67.0,108
38,崙背,2021-03-10,70,4,5.0,nan,54.0,11,50.0,70
49,仁武,2021-03-10,145,9,8.0,nan,75.0,29,84.0,145
39,新港,2021-03-10,82,6,5.0,nan,57.0,10,61.0,82
40,朴子,2021-03-10,82,3,5.0,nan,56.0,9,50.0,82
56,前金,2021-03-10,141,20,9.0,nan,71.0,27,90.0,141
41,臺西,2021-03-10,58,4,3.0,nan,39.0,13,nan,58
42,嘉義,2021-03-10,127,6,6.0,nan,69.0,20,48.0,127
60,潮州,2021-03-10,104,7,5.0,nan,64.0,13,84.0,104
48,橋頭,2021-03-10,142,6,7.0,nan,74.0,20,84.0,142
59,屏東,2021-03-10,126,9,7.0,nan,71.0,30,77.0,126
43,新營,2021-03-10,93,7,5.0,nan,64.0,18,74.0,93
44,善化,2021-03-10,105,7,5.0,nan,67.0,20,77.0,105
58,小港,2021-03-10,136,16,8.0,nan,72.0,37,50.0,136
45,安南,2021-03-10,116,4,5.0,nan,71.0,17,80.0,116
54,左營,2021-03-10,124,6,7.0,nan,77.0,28,100.0,124
46,臺南,2021-03-10,139,6,6.0,nan,81.0,23,84.0,139
47,美濃,2021-03-10,116,6,5.0,nan,62.0,18,104.0,116
66,冬山,2021-03-10,39,4,3.0,nan,17.0,13,39.0,38
72,埔里,2021-03-10,129,3,5.0,nan,43.0,17,129.0,79
18,大園,2021-03-10,55,7,3.0,nan,24.0,31,43.0,55
7,新莊,2021-03-10,47,4,6.0,nan,23.0,19,43.0,47
75,馬祖,2021-03-10,84,4,3.0,nan,30.0,4,84.0,66
12,中山,2021-03-10,53,3,7.0,nan,21.0,31,39.0,53
6,板橋,2021-03-10,44,3,6.0,nan,23.0,25,36.0,44
77,金門,2021-03-10,64,4,3.0,nan,35.0,8,64.0,63
16,大同,2021-03-10,57,6,10.0,nan,31.0,39,nan,57
15,松山,2021-03-10,54,6,5.0,nan,30.0,25,38.0,54
5,土城,2021-03-10,42,3,6.0,nan,19.0,18,42.0,31
69,竹山,2021-03-10,114,4,6.0,nan,63.0,17,87.0,114
14,古亭,2021-03-10,47,3,5.0,nan,21.0,17,41.0,47
78,馬公,2021-03-10,67,4,3.0,nan,36.0,4,64.0,67
11,士林,2021-03-10,71,4,3.0,nan,16.0,8,71.0,38
4,新店,2021-03-10,50,3,5.0,nan,15.0,12,50.0,37
10,淡水,2021-03-10,46,4,3.0,nan,13.0,13,46.0,29
67,三重,2021-03-10,53,6,12.0,nan,27.0,36,nan,53
3,萬里,2021-03-10,64,3,3.0,nan,47.0,7,64.0,54
70,永和,2021-03-10,52,3,7.0,nan,nan,20,nan,52
80,關山,2021-03-10,45,1,nan,nan,5.0,4,45.0,10
2,汐止,2021-03-10,48,3,5.0,nan,23.0,30,39.0,48
17,桃園,2021-03-10,45,3,5.0,nan,21.0,14,42.0,45
9,林口,2021-03-10,44,6,5.0,nan,24.0,18,44.0,44
13,萬華,2021-03-10,48,4,6.0,nan,23.0,25,41.0,48
1,基隆,2021-03-10,44,4,5.0,nan,23.0,16,44.0,44
71,復興,2021-03-10,133,10,10.0,nan,70.0,35,nan,133
83,麥寮,2021-03-10,65,4,5.0,nan,44.0,14,nan,65
8,菜寮,2021-03-10,49,3,5.0,nan,22.0,11,44.0,49
84,富貴角,2021-03-10,67,1,2.0,nan,45.0,3,67.0,58
68,中壢,2021-03-10,47,3,9.0,nan,21.0,28,nan,47
65,宜蘭,2021-03-10,44,1,3.0,nan,18.0,8,44.0,38
19,觀音,2021-03-10,55,7,5.0,nan,33.0,16,43.0,55
64,陽明,2021-03-10,58,1,3.0,nan,3.0,1,58.0,9
63,花蓮,2021-03-10,44,3,6.0,nan,12.0,21,44.0,20
20,平鎮,2021-03-10,44,3,6.0,nan,21.0,15,43.0,44
62,臺東,2021-03-10,46,1,5.0,nan,9.0,7,46.0,14
21,龍潭,2021-03-10,44,3,3.0,nan,18.0,12,44.0,37
61,恆春,2021-03-10,51,1,2.0,nan,7.0,1,51.0,14
22,湖口,2021-03-10,47,4,5.0,nan,21.0,10,47.0,43
23,竹東,2021-03-10,45,16,5.0,nan,11.0,10,45.0,23
57,前鎮,2021-03-10,139,9,8.0,nan,73.0,34,nan,139
24,新竹,2021-03-10,45,3,6.0,nan,22.0,15,45.0,41
25,頭份,2021-03-10,43,3,5.0,nan,21.0,17,nan,43
53,楠梓,2021-03-10,134,6,7.0,nan,73.0,27,74.0,134
38,崙背,2021-03-11,113,6,6.0,nan,76,16,93.0,113
24,新竹,2021-03-11,87,6,9.0,nan,51,42,64.0,87
52,林園,2021-03-11,129,9,7.0,nan,71,33,129.0,116
83,麥寮,2021-03-11,93,1,3.0,nan,61,16,nan,93
25,頭份,2021-03-11,89,4,6.0,nan,53,34,nan,89
84,富貴角,2021-03-11,77,3,3.0,nan,43,8,77.0,67
51,大寮,2021-03-11,145,31,9.0,nan,75,48,100.0,145
26,苗栗,2021-03-11,87,9,7.0,nan,50,27,37.0,87
50,鳳山,2021-03-11,136,13,12.0,nan,68,44,nan,136
49,仁武,2021-03-11,140,7,7.0,nan,72,37,126.0,140
27,三義,2021-03-11,79,6,5.0,nan,41,27,37.0,79
48,橋頭,2021-03-11,145,10,7.0,nan,72,29,104.0,145
28,豐原,2021-03-11,103,6,8.0,nan,54,26,84.0,103
29,沙鹿,2021-03-11,92,4,7.0,nan,59,31,74.0,92
47,美濃,2021-03-11,129,4,5.0,nan,57,10,129.0,104
30,大里,2021-03-11,118,10,8.0,nan,67,38,51.0,118
46,臺南,2021-03-11,136,7,8.0,nan,76,34,97.0,136
45,安南,2021-03-11,121,4,5.0,nan,71,20,100.0,121
31,忠明,2021-03-11,98,6,10.0,nan,57,57,46.0,98
44,善化,2021-03-11,111,7,6.0,nan,64,19,101.0,111
32,西屯,2021-03-11,110,4,9.0,nan,57,49,49.0,110
43,新營,2021-03-11,124,6,6.0,nan,74,21,100.0,124
42,嘉義,2021-03-11,150,6,7.0,nan,74,21,61.0,150
41,臺西,2021-03-11,91,6,3.0,nan,54,14,nan,91
33,彰化,2021-03-11,115,13,7.0,nan,61,39,64.0,115
40,朴子,2021-03-11,123,4,5.0,nan,71,14,84.0,123
34,線西,2021-03-11,112,7,6.0,nan,73,24,nan,112
39,新港,2021-03-11,122,6,6.0,nan,68,10,100.0,122
23,竹東,2021-03-11,83,11,8.0,nan,44,39,54.0,83
37,斗六,2021-03-11,152,6,7.0,nan,81,18,101.0,152
36,南投,2021-03-11,136,9,8.0,nan,72,30,118.0,136
35,二林,2021-03-11,127,6,5.0,nan,76,16,43.0,127
1,基隆,2021-03-11,46,6,6.0,nan,20,19,46.0,41
70,永和,2021-03-11,83,4,23.0,nan,44,66,nan,83
2,汐止,2021-03-11,67,6,9.0,nan,36,56,48.0,67
3,萬里,2021-03-11,87,6,5.0,nan,35,19,87.0,60
4,新店,2021-03-11,93,4,9.0,nan,30,45,93.0,67
69,竹山,2021-03-11,152,6,6.0,nan,79,19,101.0,152
5,土城,2021-03-11,75,9,11.0,nan,44,51,51.0,75
68,中壢,2021-03-11,95,7,17.0,nan,52,57,nan,95
6,板橋,2021-03-11,80,7,16.0,nan,44,65,45.0,80
67,三重,2021-03-11,83,7,16.0,nan,45,49,nan,83
7,新莊,2021-03-11,81,6,12.0,nan,43,56,44.0,81
66,冬山,2021-03-11,38,6,5.0,nan,20,15,38.0,33
8,菜寮,2021-03-11,79,3,9.0,nan,42,49,46.0,79
71,復興,2021-03-11,126,13,11.0,nan,66,52,nan,126
9,林口,2021-03-11,74,7,7.0,nan,41,42,50.0,74
10,淡水,2021-03-11,64,6,3.0,nan,35,18,58.0,64
65,宜蘭,2021-03-11,50,3,5.0,nan,19,10,50.0,32
64,陽明,2021-03-11,77,4,5.0,nan,18,5,77.0,44
11,士林,2021-03-11,73,4,7.0,nan,40,32,67.0,73
72,埔里,2021-03-11,150,3,6.0,nan,51,15,150.0,93
12,中山,2021-03-11,80,10,17.0,nan,44,39,40.0,80
63,花蓮,2021-03-11,38,3,6.0,nan,20,12,38.0,35
62,臺東,2021-03-11,43,1,6.0,nan,19,14,43.0,29
13,萬華,2021-03-11,80,11,16.0,nan,43,53,44.0,80
14,古亭,2021-03-11,76,10,15.0,nan,40,65,49.0,76
61,恆春,2021-03-11,50,1,2.0,nan,18,2,50.0,30
15,松山,2021-03-11,77,10,14.0,nan,43,65,48.0,77
75,馬祖,2021-03-11,68,10,6.0,nan,31,13,54.0,68
60,潮州,2021-03-11,106,7,5.0,nan,73,14,104.0,106
16,大同,2021-03-11,84,6,18.0,nan,45,48,nan,84
17,桃園,2021-03-11,91,9,10.0,nan,52,51,45.0,91
59,屏東,2021-03-11,140,9,7.0,nan,69,22,140.0,126
77,金門,2021-03-11,85,7,3.0,nan,46,19,77.0,85
58,小港,2021-03-11,130,21,9.0,nan,66,62,67.0,130
57,前鎮,2021-03-11,129,11,10.0,nan,66,51,nan,129
18,大園,2021-03-11,95,9,5.0,nan,48,35,58.0,95
19,觀音,2021-03-11,87,9,5.0,nan,54,30,51.0,87
20,平鎮,2021-03-11,92,6,9.0,nan,51,51,45.0,92
56,前金,2021-03-11,128,11,7.0,nan,64,35,108.0,128
54,左營,2021-03-11,115,10,7.0,nan,66,31,115.0,115
78,馬公,2021-03-11,90,3,5.0,nan,44,10,90.0,76
21,龍潭,2021-03-11,92,4,9.0,nan,49,53,46.0,92
53,楠梓,2021-03-11,146,10,7.0,nan,75,39,115.0,146
80,關山,2021-03-11,42,3,nan,nan,10,4,42.0,20
22,湖口,2021-03-11,106,7,6.0,nan,52,31,77.0,106
43,新營,2021-03-12,141,6,6.0,nan,76.0,22,77.0,141.0
84,富貴角,2021-03-12,71,1,5.0,nan,45.0,7,71.0,70.0
72,埔里,2021-03-12,151,4,6.0,nan,45.0,17,151.0,95.0
44,善化,2021-03-12,127,10,6.0,nan,69.0,20,77.0,127.0
45,安南,2021-03-12,151,6,7.0,nan,85.0,27,71.0,151.0
46,臺南,2021-03-12,156,11,8.0,nan,85.0,33,64.0,156.0
67,三重,2021-03-12,99,6,17.0,nan,48.0,42,nan,99.0
47,美濃,2021-03-12,97,4,5.0,nan,51.0,11,84.0,97.0
48,橋頭,2021-03-12,152,9,7.0,nan,75.0,30,84.0,152.0
75,馬祖,2021-03-12,85,6,6.0,nan,38.0,16,47.0,85.0
2,汐止,2021-03-12,77,10,9.0,nan,37.0,27,39.0,77.0
49,仁武,2021-03-12,152,7,8.0,nan,75.0,34,112.0,152.0
1,基隆,2021-03-12,48,3,6.0,nan,nan,22,48.0,nan
78,馬公,2021-03-12,77,4,5.0,nan,34.0,8,77.0,72.0
50,鳳山,2021-03-12,134,7,12.0,nan,66.0,42,nan,134.0
51,大寮,2021-03-12,151,34,9.0,nan,75.0,47,132.0,151.0
62,臺東,2021-03-12,42,1,5.0,nan,22.0,8,42.0,42.0
80,關山,2021-03-12,40,1,nan,nan,14.0,4,40.0,33.0
63,花蓮,2021-03-12,48,3,6.0,nan,19.0,5,48.0,38.0
83,麥寮,2021-03-12,122,6,6.0,nan,65.0,18,nan,122.0
69,竹山,2021-03-12,117,7,6.0,nan,64.0,20,100.0,117.0
68,中壢,2021-03-12,116,6,15.0,nan,55.0,40,nan,116.0
57,前鎮,2021-03-12,138,4,11.0,nan,68.0,39,nan,138.0
54,左營,2021-03-12,135,7,8.0,nan,73.0,35,118.0,135.0
52,林園,2021-03-12,143,11,7.0,nan,80.0,33,143.0,140.0
61,恆春,2021-03-12,46,3,2.0,nan,21.0,2,46.0,46.0
59,屏東,2021-03-12,126,4,7.0,nan,68.0,21,97.0,126.0
56,前金,2021-03-12,136,4,8.0,nan,65.0,26,112.0,136.0
53,楠梓,2021-03-12,141,6,7.0,nan,73.0,33,87.0,141.0
58,小港,2021-03-12,148,17,8.0,nan,72.0,47,93.0,148.0
70,永和,2021-03-12,93,6,20.0,nan,38.0,46,nan,93.0
37,斗六,2021-03-12,154,9,9.0,nan,80.0,29,93.0,154.0
71,復興,2021-03-12,136,6,14.0,nan,66.0,35,nan,136.0
77,金門,2021-03-12,98,7,5.0,nan,54.0,15,93.0,98.0
36,南投,2021-03-12,112,6,7.0,nan,57.0,26,93.0,112.0
35,二林,2021-03-12,152,9,7.0,nan,85.0,28,44.0,152.0
38,崙背,2021-03-12,153,7,7.0,nan,87.0,20,87.0,153.0
65,宜蘭,2021-03-12,61,10,6.0,nan,29.0,12,51.0,61.0
34,線西,2021-03-12,152,11,9.0,nan,79.0,27,nan,152.0
64,陽明,2021-03-12,50,3,6.0,nan,10.0,3,50.0,31.0
33,彰化,2021-03-12,141,17,9.0,nan,62.0,34,84.0,141.0
32,西屯,2021-03-12,133,7,10.0,nan,61.0,49,74.0,133.0
31,忠明,2021-03-12,116,7,10.0,nan,59.0,42,58.0,116.0
30,大里,2021-03-12,120,9,9.0,nan,64.0,35,84.0,120.0
29,沙鹿,2021-03-12,109,4,8.0,nan,61.0,31,87.0,109.0
28,豐原,2021-03-12,104,4,6.0,nan,43.0,20,104.0,91.0
27,三義,2021-03-12,73,3,5.0,nan,32.0,15,49.0,73.0
26,苗栗,2021-03-12,113,9,7.0,nan,56.0,24,38.0,113.0
25,頭份,2021-03-12,130,7,7.0,nan,62.0,25,nan,130.0
24,新竹,2021-03-12,121,6,8.0,nan,60.0,28,61.0,121.0
23,竹東,2021-03-12,90,9,7.0,nan,38.0,28,90.0,85.0
22,湖口,2021-03-12,130,6,7.0,nan,52.0,30,61.0,130.0
21,龍潭,2021-03-12,91,6,7.0,nan,41.0,32,61.0,91.0
20,平鎮,2021-03-12,109,7,8.0,nan,52.0,40,45.0,109.0
19,觀音,2021-03-12,81,6,6.0,nan,49.0,20,44.0,81.0
18,大園,2021-03-12,83,7,7.0,nan,37.0,30,45.0,83.0
17,桃園,2021-03-12,112,13,8.0,nan,54.0,44,46.0,112.0
16,大同,2021-03-12,105,6,15.0,nan,52.0,42,nan,105.0
15,松山,2021-03-12,87,6,10.0,nan,43.0,46,38.0,87.0
14,古亭,2021-03-12,78,6,8.0,nan,34.0,36,40.0,78.0
13,萬華,2021-03-12,91,6,10.0,nan,41.0,48,39.0,91.0
12,中山,2021-03-12,94,4,11.0,nan,44.0,38,33.0,94.0
11,士林,2021-03-12,82,3,6.0,nan,40.0,30,67.0,82.0
10,淡水,2021-03-12,68,3,7.0,nan,33.0,14,47.0,68.0
9,林口,2021-03-12,78,11,7.0,nan,36.0,41,45.0,78.0
8,菜寮,2021-03-12,90,3,7.0,nan,40.0,39,45.0,90.0
7,新莊,2021-03-12,89,6,10.0,nan,40.0,41,44.0,89.0
6,板橋,2021-03-12,101,7,14.0,nan,50.0,50,35.0,101.0
5,土城,2021-03-12,93,6,11.0,nan,49.0,42,45.0,93.0
4,新店,2021-03-12,66,4,7.0,nan,28.0,28,46.0,66.0
3,萬里,2021-03-12,67,4,6.0,nan,45.0,13,67.0,67.0
39,新港,2021-03-12,145,4,6.0,nan,76.0,15,90.0,145.0
40,朴子,2021-03-12,135,6,6.0,nan,67.0,10,67.0,135.0
41,臺西,2021-03-12,117,11,6.0,nan,52.0,25,nan,117.0
66,冬山,2021-03-12,62,4,6.0,nan,31.0,15,40.0,62.0
42,嘉義,2021-03-12,155,10,8.0,nan,76.0,25,49.0,155.0
37,斗六,2021-03-13,104,6,7.0,nan,56,16,104.0,95
50,鳳山,2021-03-13,121,14,10.0,nan,62,38,nan,121
35,二林,2021-03-13,68,11,6.0,nan,54,16,41.0,68
34,線西,2021-03-13,63,10,6.0,nan,44,18,nan,63
33,彰化,2021-03-13,71,6,6.0,nan,36,19,71.0,67
32,西屯,2021-03-13,70,4,5.0,nan,37,21,48.0,70
51,大寮,2021-03-13,127,39,11.0,nan,68,47,84.0,127
31,忠明,2021-03-13,66,4,6.0,nan,37,21,48.0,66
30,大里,2021-03-13,84,7,8.0,nan,46,24,71.0,84
29,沙鹿,2021-03-13,71,3,5.0,nan,32,9,71.0,52
52,林園,2021-03-13,151,7,6.0,nan,64,31,151.0,110
28,豐原,2021-03-13,74,7,6.0,nan,38,18,74.0,73
27,三義,2021-03-13,55,4,5.0,nan,28,12,45.0,55
53,楠梓,2021-03-13,118,7,7.0,nan,66,24,97.0,118
26,苗栗,2021-03-13,49,4,5.0,nan,30,19,40.0,49
25,頭份,2021-03-13,55,4,5.0,nan,31,16,nan,55
24,新竹,2021-03-13,61,3,5.0,nan,29,16,61.0,48
23,竹東,2021-03-13,47,1,5.0,nan,21,12,47.0,44
22,湖口,2021-03-13,67,6,5.0,nan,24,10,67.0,49
21,龍潭,2021-03-13,50,3,5.0,nan,24,10,50.0,44
20,平鎮,2021-03-13,49,4,5.0,nan,25,14,49.0,48
19,觀音,2021-03-13,58,6,11.0,nan,32,10,58.0,50
54,左營,2021-03-13,126,6,8.0,nan,68,40,126.0,112
18,大園,2021-03-13,67,6,5.0,nan,25,22,67.0,51
17,桃園,2021-03-13,49,10,5.0,nan,27,15,49.0,44
16,大同,2021-03-13,47,6,7.0,nan,26,31,nan,47
56,前金,2021-03-13,111,7,8.0,nan,59,25,104.0,111
15,松山,2021-03-13,47,6,5.0,nan,26,21,47.0,47
14,古亭,2021-03-13,48,4,5.0,nan,24,13,48.0,39
13,萬華,2021-03-13,50,4,5.0,nan,22,19,50.0,39
57,前鎮,2021-03-13,117,6,9.0,nan,62,34,nan,117
12,中山,2021-03-13,50,6,6.0,nan,22,22,46.0,50
58,小港,2021-03-13,122,9,9.0,nan,61,51,93.0,122
11,士林,2021-03-13,77,3,3.0,nan,22,8,77.0,38
59,屏東,2021-03-13,108,10,7.0,nan,60,21,84.0,108
61,恆春,2021-03-13,67,1,5.0,nan,6,2,67.0,17
62,臺東,2021-03-13,48,3,6.0,nan,15,13,48.0,23
10,淡水,2021-03-13,49,3,5.0,nan,19,14,49.0,42
9,林口,2021-03-13,50,6,5.0,nan,24,13,50.0,42
63,花蓮,2021-03-13,54,1,5.0,nan,23,10,54.0,36
64,陽明,2021-03-13,54,3,3.0,nan,11,3,54.0,30
8,菜寮,2021-03-13,51,3,5.0,nan,22,9,51.0,43
7,新莊,2021-03-13,51,4,5.0,nan,24,11,51.0,41
6,板橋,2021-03-13,44,6,5.0,nan,26,21,44.0,43
5,土城,2021-03-13,50,3,5.0,nan,24,9,50.0,33
65,宜蘭,2021-03-13,58,3,5.0,nan,30,8,58.0,43
66,冬山,2021-03-13,44,1,5.0,nan,27,10,43.0,44
4,新店,2021-03-13,51,3,5.0,nan,22,10,51.0,39
67,三重,2021-03-13,50,4,14.0,nan,26,38,nan,50
3,萬里,2021-03-13,71,4,3.0,nan,50,9,71.0,47
2,汐止,2021-03-13,48,4,5.0,nan,24,15,48.0,40
1,基隆,2021-03-13,48,3,3.0,nan,22,11,48.0,45
68,中壢,2021-03-13,53,4,9.0,nan,27,31,nan,53
69,竹山,2021-03-13,107,4,7.0,nan,58,23,101.0,107
70,永和,2021-03-13,44,6,5.0,nan,25,16,nan,44
71,復興,2021-03-13,113,6,9.0,nan,56,31,nan,113
72,埔里,2021-03-13,140,4,6.0,nan,46,14,140.0,97
75,馬祖,2021-03-13,77,4,5.0,nan,31,7,77.0,71
77,金門,2021-03-13,104,6,6.0,nan,39,8,104.0,81
78,馬公,2021-03-13,93,3,5.0,nan,31,5,93.0,60
80,關山,2021-03-13,47,1,nan,nan,6,5,47.0,22
83,麥寮,2021-03-13,65,6,6.0,nan,44,10,nan,65
84,富貴角,2021-03-13,74,1,3.0,nan,43,3,74.0,52
45,安南,2021-03-13,105,4,7.0,nan,63,16,100.0,105
46,臺南,2021-03-13,118,7,9.0,nan,70,23,93.0,118
44,善化,2021-03-13,97,7,7.0,nan,58,15,97.0,96
43,新營,2021-03-13,100,6,7.0,nan,61,13,100.0,92
47,美濃,2021-03-13,118,9,5.0,nan,52,12,118.0,95
42,嘉義,2021-03-13,123,9,8.0,nan,64,21,64.0,123
41,臺西,2021-03-13,57,6,6.0,nan,36,10,nan,57
40,朴子,2021-03-13,83,4,7.0,nan,52,10,74.0,83
48,橋頭,2021-03-13,125,6,7.0,nan,67,19,104.0,125
39,新港,2021-03-13,86,9,7.0,nan,59,13,84.0,86
38,崙背,2021-03-13,76,9,7.0,nan,54,13,74.0,76
49,仁武,2021-03-13,132,10,8.0,nan,69,31,115.0,132
36,南投,2021-03-13,104,4,7.0,nan,47,23,104.0,86
51,大寮,2021-03-14,108,29,8.0,nan,57,33.0,74.0,108
32,西屯,2021-03-14,82,4,5.0,nan,41,21.0,61.0,82
62,臺東,2021-03-14,51,3,3.0,nan,17,5.0,51.0,29
2,汐止,2021-03-14,58,3,3.0,nan,30,19.0,51.0,58
50,鳳山,2021-03-14,101,14,9.0,nan,52,33.0,nan,101
33,彰化,2021-03-14,97,7,5.0,nan,40,18.0,97.0,79
83,麥寮,2021-03-14,75,3,3.0,nan,47,3.0,nan,75
21,龍潭,2021-03-14,61,3,5.0,nan,27,12.0,61.0,57
68,中壢,2021-03-14,64,4,12.0,nan,29,33.0,nan,64
49,仁武,2021-03-14,118,11,7.0,nan,59,27.0,108.0,118
48,橋頭,2021-03-14,141,17,7.0,nan,66,17.0,101.0,141
34,線西,2021-03-14,77,7,5.0,nan,50,12.0,nan,77
22,湖口,2021-03-14,84,4,5.0,nan,31,13.0,84.0,65
35,二林,2021-03-14,77,11,3.0,nan,51,12.0,44.0,77
61,恆春,2021-03-14,64,1,2.0,nan,12,2.0,64.0,26
84,富貴角,2021-03-14,77,3,2.0,nan,40,5.0,77.0,63
19,觀音,2021-03-14,63,10,3.0,nan,33,14.0,58.0,63
47,美濃,2021-03-14,108,4,5.0,nan,52,12.0,108.0,100
46,臺南,2021-03-14,121,6,6.0,nan,68,16.0,101.0,121
59,屏東,2021-03-14,103,11,7.0,nan,59,20.0,93.0,103
36,南投,2021-03-14,100,4,6.0,nan,48,22.0,100.0,90
1,基隆,2021-03-14,61,3,3.0,nan,28,17.0,61.0,59
9,林口,2021-03-14,74,6,3.0,nan,29,8.0,74.0,59
45,安南,2021-03-14,105,6,5.0,nan,57,12.0,104.0,105
18,大園,2021-03-14,77,6,3.0,nan,28,12.0,77.0,65
44,善化,2021-03-14,95,6,5.0,nan,55,12.0,93.0,95
37,斗六,2021-03-14,101,10,6.0,nan,55,nan,101.0,100
43,新營,2021-03-14,91,7,5.0,nan,57,11.0,87.0,91
38,崙背,2021-03-14,97,9,5.0,nan,54,10.0,97.0,90
42,嘉義,2021-03-14,106,9,5.0,nan,56,16.0,54.0,106
58,小港,2021-03-14,109,19,8.0,nan,57,54.0,93.0,109
41,臺西,2021-03-14,70,6,3.0,nan,39,11.0,nan,70
40,朴子,2021-03-14,84,6,5.0,nan,51,8.0,71.0,84
67,三重,2021-03-14,68,6,14.0,nan,32,44.0,nan,68
39,新港,2021-03-14,97,7,5.0,nan,52,11.0,97.0,90
23,竹東,2021-03-14,54,3,3.0,nan,23,8.0,51.0,54
10,淡水,2021-03-14,54,4,3.0,nan,21,13.0,54.0,49
57,前鎮,2021-03-14,108,23,9.0,nan,57,39.0,nan,108
12,中山,2021-03-14,62,4,6.0,nan,29,21.0,49.0,62
69,竹山,2021-03-14,105,4,5.0,nan,57,14.0,104.0,105
14,古亭,2021-03-14,58,3,3.0,nan,27,11.0,51.0,58
56,前金,2021-03-14,120,20,8.0,nan,59,27.0,104.0,120
66,冬山,2021-03-14,52,3,3.0,nan,31,4.0,41.0,52
20,平鎮,2021-03-14,67,6,5.0,nan,28,16.0,67.0,60
24,新竹,2021-03-14,84,4,5.0,nan,32,16.0,84.0,62
8,菜寮,2021-03-14,67,6,5.0,nan,29,11.0,67.0,62
25,頭份,2021-03-14,69,4,5.0,nan,40,21.0,nan,69
71,復興,2021-03-14,106,24,9.0,nan,54,39.0,nan,106
7,新莊,2021-03-14,64,6,3.0,nan,31,10.0,64.0,57
15,松山,2021-03-14,62,4,5.0,nan,31,16.0,51.0,62
65,宜蘭,2021-03-14,58,3,3.0,nan,31,7.0,58.0,54
6,板橋,2021-03-14,56,3,5.0,nan,29,16.0,46.0,56
26,苗栗,2021-03-14,65,9,5.0,nan,36,22.0,43.0,65
54,左營,2021-03-14,115,10,7.0,nan,64,17.0,115.0,107
27,三義,2021-03-14,64,3,3.0,nan,31,21.0,51.0,64
11,士林,2021-03-14,93,7,2.0,nan,27,8.0,93.0,57
17,桃園,2021-03-14,61,9,5.0,nan,30,11.0,61.0,59
72,埔里,2021-03-14,126,4,5.0,nan,40,13.0,126.0,83
70,永和,2021-03-14,62,4,5.0,nan,30,13.0,nan,62
28,豐原,2021-03-14,84,7,5.0,nan,37,17.0,84.0,78
64,陽明,2021-03-14,61,3,2.0,nan,20,3.0,61.0,53
5,土城,2021-03-14,58,1,5.0,nan,28,10.0,58.0,49
29,沙鹿,2021-03-14,90,3,5.0,nan,39,15.0,90.0,67
53,楠梓,2021-03-14,119,14,7.0,nan,62,24.0,100.0,119
75,馬祖,2021-03-14,112,4,5.0,nan,35,7.0,112.0,94
30,大里,2021-03-14,79,6,6.0,nan,43,23.0,74.0,79
13,萬華,2021-03-14,58,3,5.0,nan,28,18.0,54.0,58
4,新店,2021-03-14,58,3,5.0,nan,27,10.0,58.0,54
31,忠明,2021-03-14,76,4,6.0,nan,38,32.0,58.0,76
63,花蓮,2021-03-14,52,3,5.0,nan,28,18.0,50.0,52
77,金門,2021-03-14,97,6,6.0,nan,40,10.0,97.0,80
78,馬公,2021-03-14,104,3,3.0,nan,38,4.0,104.0,78
3,萬里,2021-03-14,71,4,3.0,nan,31,10.0,71.0,59
80,關山,2021-03-14,46,3,nan,nan,13,4.0,46.0,31
52,林園,2021-03-14,132,13,6.0,nan,63,23.0,132.0,104
16,大同,2021-03-14,70,6,7.0,nan,39,27.0,nan,70
48,橋頭,2021-03-15,119,9,7.0,nan,62,28,61.0,119
61,恆春,2021-03-15,61,1,2.0,nan,20,1,61.0,39
62,臺東,2021-03-15,45,3,3.0,nan,23,10,45.0,42
54,左營,2021-03-15,107,7,7.0,nan,58,25,74.0,107
63,花蓮,2021-03-15,44,3,3.0,nan,23,10,44.0,41
53,楠梓,2021-03-15,119,7,6.0,nan,62,28,77.0,119
64,陽明,2021-03-15,90,4,3.0,nan,25,8,90.0,63
65,宜蘭,2021-03-15,48,3,3.0,nan,26,8,48.0,46
52,林園,2021-03-15,100,7,6.0,nan,57,19,100.0,89
66,冬山,2021-03-15,53,4,3.0,nan,29,21,36.0,53
67,三重,2021-03-15,94,7,17.0,nan,46,65,nan,94
51,大寮,2021-03-15,108,10,6.0,nan,57,37,108.0,105
68,中壢,2021-03-15,110,6,20.0,nan,54,57,nan,110
50,鳳山,2021-03-15,101,6,10.0,nan,55,35,nan,101
69,竹山,2021-03-15,102,9,6.0,nan,54,21,67.0,102
49,仁武,2021-03-15,120,6,7.0,nan,62,31,87.0,120
70,永和,2021-03-15,85,6,17.0,nan,40,67,nan,85
71,復興,2021-03-15,102,6,9.0,nan,52,29,nan,102
72,埔里,2021-03-15,104,4,5.0,nan,37,15,104.0,79
47,美濃,2021-03-15,87,3,5.0,nan,40,9,87.0,80
75,馬祖,2021-03-15,94,7,8.0,nan,38,24,64.0,94
46,臺南,2021-03-15,113,7,6.0,nan,62,23,61.0,113
77,金門,2021-03-15,100,7,3.0,nan,50,20,97.0,100
45,安南,2021-03-15,100,6,5.0,nan,63,20,67.0,100
78,馬公,2021-03-15,108,4,3.0,nan,37,11,108.0,79
44,善化,2021-03-15,95,7,5.0,nan,55,21,64.0,95
80,關山,2021-03-15,44,3,nan,nan,16,7,44.0,40
83,麥寮,2021-03-15,128,7,6.0,nan,67,16,nan,128
43,新營,2021-03-15,113,6,5.0,nan,66,25,61.0,113
84,富貴角,2021-03-15,112,4,3.0,nan,37,8,112.0,75
42,嘉義,2021-03-15,131,11,6.0,nan,64,27,49.0,131
41,臺西,2021-03-15,108,10,5.0,nan,54,28,nan,108
40,朴子,2021-03-15,118,3,5.0,nan,64,14,61.0,118
39,新港,2021-03-15,129,6,5.0,nan,71,18,84.0,129
38,崙背,2021-03-15,140,4,6.0,nan,81,19,84.0,140
37,斗六,2021-03-15,131,9,6.0,nan,64,9,80.0,131
36,南投,2021-03-15,95,7,7.0,nan,49,24,74.0,95
35,二林,2021-03-15,147,9,6.0,nan,79,36,43.0,147
34,線西,2021-03-15,134,7,6.0,nan,74,42,nan,134
33,彰化,2021-03-15,145,20,10.0,nan,62,52,80.0,145
32,西屯,2021-03-15,129,14,8.0,nan,61,53,44.0,129
31,忠明,2021-03-15,113,7,10.0,nan,59,54,41.0,113
30,大里,2021-03-15,139,11,9.0,nan,69,45,47.0,139
29,沙鹿,2021-03-15,123,10,8.0,nan,64,42,51.0,123
28,豐原,2021-03-15,91,6,6.0,nan,42,17,64.0,91
27,三義,2021-03-15,74,4,5.0,nan,35,19,45.0,74
26,苗栗,2021-03-15,91,6,6.0,nan,44,28,42.0,91
25,頭份,2021-03-15,110,6,6.0,nan,52,25,nan,110
24,新竹,2021-03-15,99,9,9.0,nan,49,52,87.0,99
23,竹東,2021-03-15,91,9,6.0,nan,40,20,84.0,91
22,湖口,2021-03-15,115,7,6.0,nan,43,26,115.0,103
21,龍潭,2021-03-15,112,4,6.0,nan,38,25,112.0,83
20,平鎮,2021-03-15,101,6,8.0,nan,46,42,97.0,101
19,觀音,2021-03-15,111,17,6.0,nan,56,26,71.0,111
18,大園,2021-03-15,116,17,7.0,nan,51,46,80.0,116
17,桃園,2021-03-15,108,50,10.0,nan,53,53,104.0,108
16,大同,2021-03-15,92,7,25.0,nan,48,67,nan,92
15,松山,2021-03-15,100,10,11.0,nan,41,53,100.0,83
14,古亭,2021-03-15,97,7,9.0,nan,37,50,97.0,79
13,萬華,2021-03-15,90,11,12.0,nan,41,71,90.0,85
12,中山,2021-03-15,88,9,15.0,nan,41,65,64.0,88
11,士林,2021-03-15,101,7,7.0,nan,39,40,101.0,77
10,淡水,2021-03-15,80,6,7.0,nan,39,37,71.0,80
9,林口,2021-03-15,97,10,9.0,nan,46,47,97.0,92
8,菜寮,2021-03-15,93,6,11.0,nan,44,86,93.0,91
7,新莊,2021-03-15,87,10,15.0,nan,43,67,80.0,87
6,板橋,2021-03-15,90,11,16.0,nan,44,74,84.0,90
5,土城,2021-03-15,115,11,9.0,nan,44,49,115.0,87
4,新店,2021-03-15,112,6,8.0,nan,31,37,112.0,67
3,萬里,2021-03-15,87,10,5.0,nan,30,15,87.0,59
2,汐止,2021-03-15,71,10,6.0,nan,33,35,71.0,67
1,基隆,2021-03-15,64,4,6.0,nan,31,30,54.0,64
57,前鎮,2021-03-15,103,4,8.0,nan,58,31,nan,103
58,小港,2021-03-15,99,7,7.0,nan,54,47,77.0,99
59,屏東,2021-03-15,95,4,6.0,nan,54,19,93.0,95
56,前金,2021-03-15,110,6,7.0,nan,54,29,80.0,110
63,花蓮,2021-03-16,34,3,3.0,nan,19,11,34.0,32
7,新莊,2021-03-16,84,6,12.0,nan,41,50,84.0,81
62,臺東,2021-03-16,37,1,3.0,nan,22,8,37.0,32
47,美濃,2021-03-16,87,4,5.0,nan,39,10,87.0,76
22,湖口,2021-03-16,80,7,5.0,nan,35,36,61.0,80
61,恆春,2021-03-16,41,1,2.0,nan,19,1,41.0,30
6,板橋,2021-03-16,82,6,11.0,nan,41,60,67.0,82
23,竹東,2021-03-16,63,6,5.0,nan,27,20,58.0,63
5,土城,2021-03-16,115,6,11.0,nan,41,47,115.0,79
59,屏東,2021-03-16,129,7,7.0,nan,55,21,129.0,95
78,馬公,2021-03-16,71,4,3.0,nan,29,11,71.0,71
24,新竹,2021-03-16,70,4,7.0,nan,32,40,51.0,70
46,臺南,2021-03-16,108,10,7.0,nan,57,39,74.0,108
80,關山,2021-03-16,34,3,nan,nan,15,5,34.0,31
58,小港,2021-03-16,103,9,7.0,nan,52,51,90.0,103
41,臺西,2021-03-16,114,10,6.0,nan,52,21,nan,114
83,麥寮,2021-03-16,119,3,7.0,nan,57,21,nan,119
4,新店,2021-03-16,90,4,7.0,nan,25,33,90.0,57
57,前鎮,2021-03-16,100,4,8.0,nan,52,36,nan,100
25,頭份,2021-03-16,69,6,6.0,nan,35,39,nan,69
45,安南,2021-03-16,121,6,7.0,nan,68,29,67.0,121
56,前金,2021-03-16,118,6,7.0,nan,48,25,118.0,103
26,苗栗,2021-03-16,59,9,6.0,nan,26,27,35.0,59
27,三義,2021-03-16,55,3,3.0,nan,22,15,38.0,55
84,富貴角,2021-03-16,104,3,3.0,nan,38,10,104.0,86
3,萬里,2021-03-16,73,6,3.0,nan,34,11,61.0,73
37,斗六,2021-03-16,83,7,5.0,nan,44,8,64.0,83
54,左營,2021-03-16,122,9,7.0,nan,57,27,122.0,104
53,楠梓,2021-03-16,98,6,7.0,nan,53,39,93.0,98
44,善化,2021-03-16,84,9,6.0,nan,45,20,58.0,84
35,二林,2021-03-16,133,14,9.0,nan,70,43,36.0,133
2,汐止,2021-03-16,67,11,7.0,nan,32,34,44.0,67
28,豐原,2021-03-16,59,6,3.0,nan,27,16,46.0,59
43,新營,2021-03-16,100,7,6.0,nan,57,30,58.0,100
29,沙鹿,2021-03-16,67,4,7.0,nan,33,40,42.0,67
16,大同,2021-03-16,71,6,17.0,nan,37,44,nan,71
52,林園,2021-03-16,169,7,6.0,nan,60,26,169.0,110
32,西屯,2021-03-16,82,4,7.0,nan,42,40,39.0,82
17,桃園,2021-03-16,102,89,10.0,nan,50,47,84.0,102
66,冬山,2021-03-16,53,4,5.0,nan,28,12,32.0,53
30,大里,2021-03-16,69,6,7.0,nan,37,35,43.0,69
15,松山,2021-03-16,69,6,8.0,nan,33,45,50.0,69
18,大園,2021-03-16,110,13,7.0,nan,51,45,48.0,110
1,基隆,2021-03-16,79,3,8.0,nan,34,32,58.0,79
51,大寮,2021-03-16,126,17,7.0,nan,62,42,126.0,119
67,三重,2021-03-16,75,7,18.0,nan,36,49,nan,75
68,中壢,2021-03-16,92,9,19.0,nan,44,49,nan,92
69,竹山,2021-03-16,69,6,5.0,nan,39,17,51.0,69
14,古亭,2021-03-16,58,6,7.0,nan,27,34,54.0,58
65,宜蘭,2021-03-16,48,6,3.0,nan,26,8,44.0,48
50,鳳山,2021-03-16,98,7,10.0,nan,51,36,nan,98
34,線西,2021-03-16,100,11,7.0,nan,54,36,nan,100
13,萬華,2021-03-16,63,10,11.0,nan,28,46,49.0,63
12,中山,2021-03-16,67,6,11.0,nan,31,45,40.0,67
33,彰化,2021-03-16,82,16,8.0,nan,40,36,43.0,82
70,永和,2021-03-16,64,7,15.0,nan,29,49,nan,64
11,士林,2021-03-16,68,6,7.0,nan,33,35,54.0,68
19,觀音,2021-03-16,104,9,6.0,nan,55,37,46.0,104
31,忠明,2021-03-16,76,4,7.0,nan,38,40,37.0,76
71,復興,2021-03-16,99,7,9.0,nan,52,36,nan,99
10,淡水,2021-03-16,70,4,7.0,nan,32,31,44.0,70
20,平鎮,2021-03-16,89,9,9.0,nan,43,48,74.0,89
49,仁武,2021-03-16,115,13,7.0,nan,53,57,115.0,103
40,朴子,2021-03-16,123,9,6.0,nan,66,16,49.0,123
72,埔里,2021-03-16,84,3,5.0,nan,28,20,84.0,59
21,龍潭,2021-03-16,80,6,7.0,nan,36,43,80.0,74
9,林口,2021-03-16,72,9,7.0,nan,38,43,51.0,72
42,嘉義,2021-03-16,87,6,6.0,nan,46,25,43.0,87
75,馬祖,2021-03-16,87,9,3.0,nan,34,37,37.0,87
64,陽明,2021-03-16,50,9,3.0,nan,19,6,50.0,49
48,橋頭,2021-03-16,105,9,6.0,nan,53,27,84.0,105
36,南投,2021-03-16,68,10,7.0,nan,31,28,45.0,68
8,菜寮,2021-03-16,75,6,11.0,nan,35,62,58.0,75
38,崙背,2021-03-16,122,10,7.0,nan,60,25,48.0,122
77,金門,2021-03-16,123,17,6.0,nan,55,36,44.0,123
39,新港,2021-03-16,109,14,7.0,nan,59,29,64.0,109
24,新竹,2021-03-17,107,11,6.0,nan,59,27,31.0,107
1,基隆,2021-03-17,72,9,6.0,nan,35,44,24.0,72
2,汐止,2021-03-17,67,16,6.0,nan,34,27,25.0,67
3,萬里,2021-03-17,57,7,3.0,nan,32,10,40.0,57
4,新店,2021-03-17,70,14,7.0,nan,30,31,40.0,70
5,土城,2021-03-17,84,10,8.0,nan,41,38,40.0,84
6,板橋,2021-03-17,83,9,9.0,nan,42,48,32.0,83
7,新莊,2021-03-17,86,10,9.0,nan,45,40,35.0,86
8,菜寮,2021-03-17,83,6,9.0,nan,41,43,37.0,83
9,林口,2021-03-17,71,7,6.0,nan,37,31,32.0,71
10,淡水,2021-03-17,78,4,5.0,nan,50,29,34.0,78
11,士林,2021-03-17,87,6,7.0,nan,53,28,38.0,87
12,中山,2021-03-17,74,6,10.0,nan,41,35,26.0,74
13,萬華,2021-03-17,75,6,7.0,nan,35,37,31.0,75
14,古亭,2021-03-17,69,9,7.0,nan,31,27,35.0,69
15,松山,2021-03-17,73,4,7.0,nan,38,35,31.0,73
16,大同,2021-03-17,84,4,12.0,nan,45,33,nan,84
17,桃園,2021-03-17,103,16,7.0,nan,54,44,31.0,103
18,大園,2021-03-17,94,6,3.0,nan,60,37,36.0,94
19,觀音,2021-03-17,91,6,3.0,nan,69,26,33.0,91
20,平鎮,2021-03-17,105,6,6.0,nan,62,35,27.0,105
21,龍潭,2021-03-17,109,3,7.0,nan,59,37,31.0,109
22,湖口,2021-03-17,108,6,5.0,nan,58,35,35.0,108
23,竹東,2021-03-17,100,4,6.0,nan,45,28,47.0,100
25,頭份,2021-03-17,117,6,6.0,nan,63,32,nan,117
26,苗栗,2021-03-17,117,9,6.0,nan,63,34,24.0,117
27,三義,2021-03-17,85,4,5.0,nan,44,24,34.0,85
28,豐原,2021-03-17,85,6,6.0,nan,43,28,41.0,85
29,沙鹿,2021-03-17,106,6,5.0,nan,61,20,44.0,106
30,大里,2021-03-17,89,7,8.0,nan,53,42,36.0,89
31,忠明,2021-03-17,89,4,7.0,nan,48,38,32.0,89
32,西屯,2021-03-17,103,7,6.0,nan,52,29,35.0,103
33,彰化,2021-03-17,111,7,7.0,nan,57,32,43.0,111
34,線西,2021-03-17,136,9,9.0,nan,80,30,nan,136
35,二林,2021-03-17,146,20,7.0,nan,89,33,37.0,146
36,南投,2021-03-17,70,4,7.0,nan,36,30,49.0,70
37,斗六,2021-03-17,109,10,8.0,nan,59,25,45.0,109
38,崙背,2021-03-17,133,7,6.0,nan,74,24,47.0,133
39,新港,2021-03-17,116,6,5.0,nan,64,20,46.0,116
40,朴子,2021-03-17,99,4,5.0,nan,59,14,41.0,99
41,臺西,2021-03-17,94,6,5.0,nan,47,25,nan,94
42,嘉義,2021-03-17,113,9,8.0,nan,57,29,34.0,113
43,新營,2021-03-17,108,7,6.0,nan,61,25,43.0,108
44,善化,2021-03-17,81,7,5.0,nan,45,25,41.0,81
45,安南,2021-03-17,98,6,5.0,nan,59,23,44.0,98
46,臺南,2021-03-17,96,10,7.0,nan,57,31,42.0,96
47,美濃,2021-03-17,57,4,3.0,nan,29,8,47.0,57
48,橋頭,2021-03-17,86,9,6.0,nan,44,24,36.0,86
49,仁武,2021-03-17,82,7,6.0,nan,44,31,42.0,82
50,鳳山,2021-03-17,74,7,9.0,nan,40,35,nan,74
51,大寮,2021-03-17,89,14,6.0,nan,48,38,67.0,89
52,林園,2021-03-17,82,9,5.0,nan,50,27,74.0,82
53,楠梓,2021-03-17,82,6,6.0,nan,47,30,38.0,82
54,左營,2021-03-17,81,7,7.0,nan,52,29,43.0,81
56,前金,2021-03-17,84,4,6.0,nan,46,30,58.0,84
57,前鎮,2021-03-17,75,4,8.0,nan,45,32,nan,75
58,小港,2021-03-17,76,7,7.0,nan,42,37,38.0,76
59,屏東,2021-03-17,65,7,6.0,nan,48,22,44.0,65
61,恆春,2021-03-17,32,1,1.0,nan,14,1,32.0,24
62,臺東,2021-03-17,27,3,3.0,nan,21,7,27.0,27
63,花蓮,2021-03-17,38,3,5.0,nan,21,12,30.0,38
64,陽明,2021-03-17,47,7,3.0,nan,19,5,41.0,47
65,宜蘭,2021-03-17,44,4,2.0,nan,25,7,33.0,44
66,冬山,2021-03-17,50,6,3.0,nan,31,12,26.0,50
67,三重,2021-03-17,88,7,14.0,nan,44,38,nan,88
68,中壢,2021-03-17,104,4,8.0,nan,62,34,nan,104
69,竹山,2021-03-17,86,7,7.0,nan,44,25,48.0,86
70,永和,2021-03-17,74,10,16.0,nan,34,51,nan,74
71,復興,2021-03-17,72,7,9.0,nan,42,34,nan,72
72,埔里,2021-03-17,74,4,5.0,nan,28,20,74.0,58
75,馬祖,2021-03-17,61,4,3.0,nan,29,8,47.0,61
77,金門,2021-03-17,96,7,5.0,nan,41,22,44.0,96
78,馬公,2021-03-17,67,4,3.0,nan,28,8,48.0,67
80,關山,2021-03-17,29,1,nan,nan,13,2,29.0,25
83,麥寮,2021-03-17,103,4,5.0,nan,57,23,nan,103
84,富貴角,2021-03-17,79,1,3.0,nan,60,12,43.0,79
45,安南,2021-03-18,140,3,6.0,nan,88,18,41.0,140
1,基隆,2021-03-18,71,6,6.0,nan,45,35,15.0,71
2,汐止,2021-03-18,83,20,8.0,nan,53,38,13.0,83
3,萬里,2021-03-18,61,7,3.0,nan,54,20,35.0,61
4,新店,2021-03-18,93,7,10.0,nan,44,41,20.0,93
5,土城,2021-03-18,95,7,10.0,nan,54,42,31.0,95
6,板橋,2021-03-18,93,10,14.0,nan,52,49,22.0,93
7,新莊,2021-03-18,76,6,8.0,nan,40,44,26.0,76
8,菜寮,2021-03-18,81,3,7.0,nan,44,28,29.0,81
9,林口,2021-03-18,53,4,3.0,nan,21,25,31.0,53
10,淡水,2021-03-18,76,4,3.0,nan,52,27,32.0,76
11,士林,2021-03-18,84,3,5.0,nan,53,25,31.0,84
12,中山,2021-03-18,82,13,14.0,nan,50,32,18.0,82
13,萬華,2021-03-18,84,9,12.0,nan,45,42,20.0,84
14,古亭,2021-03-18,84,16,10.0,nan,45,36,18.0,84
15,松山,2021-03-18,86,24,8.0,nan,52,39,20.0,86
16,大同,2021-03-18,84,6,15.0,nan,44,39,nan,84
17,桃園,2021-03-18,92,7,6.0,nan,55,37,24.0,92
18,大園,2021-03-18,78,6,3.0,nan,49,26,35.0,78
19,觀音,2021-03-18,71,6,2.0,nan,52,13,32.0,71
20,平鎮,2021-03-18,84,6,5.0,nan,47,35,23.0,84
21,龍潭,2021-03-18,104,4,8.0,nan,52,45,29.0,104
22,湖口,2021-03-18,83,4,3.0,nan,44,23,32.0,83
23,竹東,2021-03-18,99,9,6.0,nan,51,38,31.0,99
24,新竹,2021-03-18,90,4,5.0,nan,52,30,31.0,90
25,頭份,2021-03-18,105,4,5.0,nan,65,22,nan,105
26,苗栗,2021-03-18,95,7,5.0,nan,54,24,21.0,95
27,三義,2021-03-18,65,3,5.0,nan,33,26,27.0,65
28,豐原,2021-03-18,87,4,6.0,nan,48,35,32.0,87
29,沙鹿,2021-03-18,87,4,2.0,nan,59,23,36.0,87
30,大里,2021-03-18,113,6,7.0,nan,70,32,31.0,113
31,忠明,2021-03-18,89,4,7.0,nan,52,37,25.0,89
32,西屯,2021-03-18,107,6,5.0,nan,56,31,30.0,107
33,彰化,2021-03-18,103,13,6.0,nan,59,25,33.0,103
34,線西,2021-03-18,117,13,6.0,nan,77,26,nan,117
35,二林,2021-03-18,137,9,5.0,nan,85,19,28.0,137
36,南投,2021-03-18,98,6,8.0,nan,57,32,42.0,98
37,斗六,2021-03-18,149,13,8.0,nan,85,27,41.0,149
38,崙背,2021-03-18,134,7,5.0,nan,82,16,37.0,134
39,新港,2021-03-18,135,7,5.0,nan,80,13,37.0,135
40,朴子,2021-03-18,113,3,5.0,nan,68,10,37.0,113
41,臺西,2021-03-18,86,6,3.0,nan,47,14,nan,86
42,嘉義,2021-03-18,155,6,7.0,nan,90,27,31.0,155
43,新營,2021-03-18,140,4,6.0,nan,82,21,39.0,140
44,善化,2021-03-18,132,6,7.0,nan,77,22,43.0,132
46,臺南,2021-03-18,152,6,7.0,nan,90,25,41.0,152
84,富貴角,2021-03-18,61,1,2.0,nan,40,9,39.0,61
83,麥寮,2021-03-18,94,1,3.0,nan,54,12,nan,94
80,關山,2021-03-18,29,3,nan,nan,12,2,27.0,29
78,馬公,2021-03-18,61,3,2.0,nan,30,6,41.0,61
77,金門,2021-03-18,67,7,5.0,nan,31,11,46.0,67
75,馬祖,2021-03-18,59,4,2.0,nan,31,13,37.0,59
72,埔里,2021-03-18,84,4,5.0,nan,33,19,84.0,67
71,復興,2021-03-18,118,7,11.0,nan,64,38,nan,118
70,永和,2021-03-18,92,13,19.0,nan,44,43,nan,92
69,竹山,2021-03-18,130,9,7.0,nan,75,32,33.0,130
68,中壢,2021-03-18,91,4,8.0,nan,52,38,nan,91
67,三重,2021-03-18,87,6,14.0,nan,46,41,nan,87
66,冬山,2021-03-18,50,4,3.0,nan,28,13,20.0,50
65,宜蘭,2021-03-18,41,6,3.0,nan,22,8,28.0,41
64,陽明,2021-03-18,41,7,3.0,nan,13,3,33.0,41
63,花蓮,2021-03-18,44,3,3.0,nan,22,7,27.0,44
62,臺東,2021-03-18,23,3,3.0,nan,15,8,22.0,23
61,恆春,2021-03-18,27,1,1.0,nan,12,1,27.0,19
59,屏東,2021-03-18,94,4,6.0,nan,55,31,10.0,94
58,小港,2021-03-18,123,16,9.0,nan,65,50,41.0,123
57,前鎮,2021-03-18,127,9,9.0,nan,65,44,nan,127
56,前金,2021-03-18,122,17,9.0,nan,67,27,39.0,122
54,左營,2021-03-18,119,6,8.0,nan,77,28,54.0,119
53,楠梓,2021-03-18,137,6,7.0,nan,76,29,54.0,137
52,林園,2021-03-18,106,33,6.0,nan,62,24,100.0,106
51,大寮,2021-03-18,104,16,8.0,nan,57,40,48.0,104
50,鳳山,2021-03-18,109,13,11.0,nan,56,43,nan,109
49,仁武,2021-03-18,138,9,8.0,nan,72,25,71.0,138
48,橋頭,2021-03-18,142,6,7.0,nan,73,30,44.0,142
47,美濃,2021-03-18,69,3,5.0,nan,37,19,64.0,69
27,三義,2021-03-19,62,6,3.0,nan,29,22,29.0,62
50,鳳山,2021-03-19,93,7,9.0,nan,52,30,nan,93
4,新店,2021-03-19,100,6,9.0,nan,45,37,35.0,100
51,大寮,2021-03-19,93,16,7.0,nan,53,42,44.0,93
52,林園,2021-03-19,86,9,6.0,nan,53,30,58.0,86
6,板橋,2021-03-19,104,11,11.0,nan,50,55,28.0,104
18,大園,2021-03-19,86,11,9.0,nan,41,42,24.0,86
34,線西,2021-03-19,115,26,6.0,nan,62,38,nan,115
19,觀音,2021-03-19,72,10,6.0,nan,39,32,23.0,72
53,楠梓,2021-03-19,112,6,5.0,nan,62,30,41.0,112
54,左營,2021-03-19,97,10,7.0,nan,61,32,41.0,97
35,二林,2021-03-19,151,13,6.0,nan,76,26,31.0,151
56,前金,2021-03-19,100,6,8.0,nan,57,31,37.0,100
23,竹東,2021-03-19,89,4,5.0,nan,37,28,39.0,89
57,前鎮,2021-03-19,94,7,9.0,nan,53,36,nan,94
28,豐原,2021-03-19,82,3,5.0,nan,37,25,39.0,82
58,小港,2021-03-19,93,16,7.0,nan,52,54,28.0,93
36,南投,2021-03-19,95,6,6.0,nan,53,25,46.0,95
20,平鎮,2021-03-19,89,4,8.0,nan,39,44,31.0,89
59,屏東,2021-03-19,93,7,6.0,nan,55,29,93.0,85
61,恆春,2021-03-19,28,1,1.0,nan,13,1,28.0,20
14,古亭,2021-03-19,103,9,9.0,nan,47,42,28.0,103
62,臺東,2021-03-19,28,3,5.0,nan,16,12,28.0,24
24,新竹,2021-03-19,66,7,14.0,nan,32,46,39.0,66
29,沙鹿,2021-03-19,78,4,6.0,nan,40,29,34.0,78
63,花蓮,2021-03-19,38,4,2.0,nan,19,5,26.0,38
12,中山,2021-03-19,99,10,14.0,nan,47,56,24.0,99
10,淡水,2021-03-19,61,6,9.0,nan,28,38,31.0,61
37,斗六,2021-03-19,154,7,7.0,nan,81,26,43.0,154
64,陽明,2021-03-19,42,4,3.0,nan,16,4,37.0,42
65,宜蘭,2021-03-19,44,4,3.0,nan,22,8,37.0,44
66,冬山,2021-03-19,52,6,5.0,nan,28,19,31.0,52
8,菜寮,2021-03-19,96,17,12.0,nan,43,51,29.0,96
21,龍潭,2021-03-19,77,3,7.0,nan,33,28,40.0,77
67,三重,2021-03-19,100,13,18.0,nan,44,57,nan,100
68,中壢,2021-03-19,95,7,22.0,nan,44,49,nan,95
38,崙背,2021-03-19,145,7,6.0,nan,78,18,44.0,145
69,竹山,2021-03-19,124,7,7.0,nan,64,22,42.0,124
3,萬里,2021-03-19,56,6,3.0,nan,29,21,31.0,56
39,新港,2021-03-19,136,4,5.0,nan,71,14,46.0,136
70,永和,2021-03-19,110,7,17.0,nan,47,46,nan,110
40,朴子,2021-03-19,118,4,3.0,nan,59,13,38.0,118
22,湖口,2021-03-19,62,4,6.0,nan,27,28,40.0,62
71,復興,2021-03-19,90,9,10.0,nan,52,33,nan,90
41,臺西,2021-03-19,93,9,3.0,nan,41,21,nan,93
72,埔里,2021-03-19,87,4,5.0,nan,40,19,87.0,83
25,頭份,2021-03-19,80,7,8.0,nan,40,42,nan,80
75,馬祖,2021-03-19,76,4,2.0,nan,31,20,43.0,76
77,金門,2021-03-19,62,9,3.0,nan,27,26,38.0,62
1,基隆,2021-03-19,81,6,7.0,nan,33,35,22.0,81
78,馬公,2021-03-19,52,4,5.0,nan,21,10,49.0,52
15,松山,2021-03-19,102,11,9.0,nan,49,48,32.0,102
80,關山,2021-03-19,26,3,nan,nan,13,5,26.0,26
30,大里,2021-03-19,110,10,8.0,nan,62,42,28.0,110
42,嘉義,2021-03-19,155,4,8.0,nan,78,27,38.0,155
13,萬華,2021-03-19,103,9,11.0,nan,47,54,24.0,103
83,麥寮,2021-03-19,101,9,5.0,nan,49,23,nan,101
43,新營,2021-03-19,139,4,5.0,nan,71,22,41.0,139
11,士林,2021-03-19,87,9,8.0,nan,42,46,40.0,87
31,忠明,2021-03-19,81,20,6.0,nan,39,31,26.0,81
44,善化,2021-03-19,117,6,5.0,nan,61,25,41.0,117
26,苗栗,2021-03-19,78,7,8.0,nan,34,34,27.0,78
45,安南,2021-03-19,113,4,3.0,nan,65,19,39.0,113
2,汐止,2021-03-19,99,10,10.0,nan,51,48,35.0,99
7,新莊,2021-03-19,92,21,15.0,nan,42,60,32.0,92
32,西屯,2021-03-19,96,21,6.0,nan,44,37,29.0,96
84,富貴角,2021-03-19,47,1,2.0,nan,20,16,37.0,47
46,臺南,2021-03-19,122,7,6.0,nan,66,30,36.0,122
47,美濃,2021-03-19,71,3,5.0,nan,38,11,71.0,70
16,大同,2021-03-19,99,11,22.0,nan,45,56,nan,99
9,林口,2021-03-19,81,9,10.0,nan,35,56,32.0,81
33,彰化,2021-03-19,119,17,10.0,nan,56,46,37.0,119
5,土城,2021-03-19,102,7,8.0,nan,50,42,37.0,102
17,桃園,2021-03-19,95,94,11.0,nan,44,45,30.0,95
48,橋頭,2021-03-19,118,4,6.0,nan,60,32,36.0,118
49,仁武,2021-03-19,109,9,7.0,nan,60,16,39.0,109
9,林口,2021-03-20,78,6,8.0,nan,34,43,37.0,78
84,富貴角,2021-03-20,46,1,2.0,nan,16,8,41.0,46
83,麥寮,2021-03-20,100,6,6.0,nan,50,21,nan,100
80,關山,2021-03-20,41,3,nan,nan,18,6,32.0,41
78,馬公,2021-03-20,63,4,5.0,nan,24,17,41.0,63
77,金門,2021-03-20,57,10,3.0,nan,19,20,35.0,57
75,馬祖,2021-03-20,51,4,3.0,nan,16,25,19.0,51
72,埔里,2021-03-20,115,4,5.0,nan,46,13,115.0,100
71,復興,2021-03-20,76,7,7.0,nan,37,23,nan,76
70,永和,2021-03-20,74,7,14.0,nan,31,41,nan,74
69,竹山,2021-03-20,109,4,5.0,nan,54,18,50.0,109
1,基隆,2021-03-20,57,4,5.0,nan,19,23,37.0,57
68,中壢,2021-03-20,83,6,10.0,nan,36,26,nan,83
2,汐止,2021-03-20,67,10,8.0,nan,30,25,40.0,67
3,萬里,2021-03-20,53,6,3.0,nan,21,15,44.0,53
67,三重,2021-03-20,74,10,15.0,nan,30,40,nan,74
4,新店,2021-03-20,76,9,7.0,nan,29,26,40.0,76
66,冬山,2021-03-20,60,10,5.0,nan,31,18,36.0,60
5,土城,2021-03-20,77,9,7.0,nan,35,26,40.0,77
65,宜蘭,2021-03-20,58,4,2.0,nan,32,8,41.0,58
6,板橋,2021-03-20,76,11,11.0,nan,34,43,30.0,76
38,崙背,2021-03-20,113,6,6.0,nan,58,27,43.0,113
7,新莊,2021-03-20,78,14,14.0,nan,33,44,39.0,78
64,陽明,2021-03-20,57,3,3.0,nan,21,5,40.0,57
8,菜寮,2021-03-20,69,7,11.0,nan,29,38,37.0,69
45,安南,2021-03-20,103,7,6.0,nan,55,28,44.0,103
10,淡水,2021-03-20,54,6,5.0,nan,19,30,32.0,54
63,花蓮,2021-03-20,47,6,2.0,nan,21,4,35.0,47
11,士林,2021-03-20,66,6,7.0,nan,30,27,41.0,66
12,中山,2021-03-20,70,7,12.0,nan,28,37,30.0,70
62,臺東,2021-03-20,45,4,3.0,nan,22,8,30.0,45
13,萬華,2021-03-20,71,9,10.0,nan,30,34,32.0,71
14,古亭,2021-03-20,74,6,6.0,nan,29,28,39.0,74
61,恆春,2021-03-20,32,3,2.0,nan,14,1,32.0,25
15,松山,2021-03-20,73,9,9.0,nan,31,27,41.0,73
35,二林,2021-03-20,110,11,7.0,nan,61,35,32.0,110
16,大同,2021-03-20,76,9,11.0,nan,31,34,nan,76
17,桃園,2021-03-20,86,19,7.0,nan,37,40,34.0,86
59,屏東,2021-03-20,101,6,6.0,nan,52,17,101.0,86
18,大園,2021-03-20,63,4,5.0,nan,22,19,39.0,63
58,小港,2021-03-20,79,6,5.0,nan,39,31,44.0,79
57,前鎮,2021-03-20,72,6,6.0,nan,38,22,nan,72
44,善化,2021-03-20,93,7,5.0,nan,44,25,46.0,93
56,前金,2021-03-20,86,3,5.0,nan,42,24,54.0,86
40,朴子,2021-03-20,108,4,5.0,nan,57,14,38.0,108
54,左營,2021-03-20,76,6,5.0,nan,42,19,45.0,76
37,斗六,2021-03-20,116,6,6.0,nan,54,25,67.0,116
19,觀音,2021-03-20,57,13,3.0,nan,24,21,34.0,57
53,楠梓,2021-03-20,92,7,5.0,nan,47,25,47.0,92
20,平鎮,2021-03-20,83,4,6.0,nan,34,26,35.0,83
21,龍潭,2021-03-20,82,6,5.0,nan,36,22,37.0,82
36,南投,2021-03-20,108,7,6.0,nan,50,24,64.0,108
22,湖口,2021-03-20,81,9,5.0,nan,31,24,41.0,81
52,林園,2021-03-20,81,6,5.0,nan,46,19,54.0,81
43,新營,2021-03-20,112,7,5.0,nan,57,21,44.0,112
23,竹東,2021-03-20,81,26,5.0,nan,32,23,37.0,81
51,大寮,2021-03-20,99,16,6.0,nan,52,28,80.0,99
24,新竹,2021-03-20,66,7,6.0,nan,28,26,39.0,66
25,頭份,2021-03-20,76,7,5.0,nan,32,19,nan,76
50,鳳山,2021-03-20,83,7,7.0,nan,40,25,nan,83
26,苗栗,2021-03-20,70,10,5.0,nan,29,23,25.0,70
42,嘉義,2021-03-20,115,6,5.0,nan,54,20,43.0,115
27,三義,2021-03-20,76,7,5.0,nan,32,13,36.0,76
49,仁武,2021-03-20,87,6,5.0,nan,44,25,51.0,87
28,豐原,2021-03-20,83,6,5.0,nan,38,20,47.0,83
39,新港,2021-03-20,118,6,6.0,nan,62,23,45.0,118
48,橋頭,2021-03-20,89,4,5.0,nan,44,18,45.0,89
29,沙鹿,2021-03-20,64,7,6.0,nan,31,24,34.0,64
34,線西,2021-03-20,97,10,7.0,nan,52,30,nan,97
47,美濃,2021-03-20,72,3,3.0,nan,35,9,71.0,72
41,臺西,2021-03-20,103,6,5.0,nan,44,20,nan,103
30,大里,2021-03-20,92,13,7.0,nan,46,27,42.0,92
31,忠明,2021-03-20,75,7,7.0,nan,38,34,35.0,75
33,彰化,2021-03-20,86,17,7.0,nan,38,27,37.0,86
32,西屯,2021-03-20,90,7,7.0,nan,38,33,38.0,90
46,臺南,2021-03-20,108,7,7.0,nan,57,38,42.0,108
3,萬里,2021-03-21,79,4,6.0,nan,68,6,64.0,79
83,麥寮,2021-03-21,90,4,6.0,nan,73,9,nan,90
80,關山,2021-03-21,45,9,nan,nan,11,6,45.0,25
84,富貴角,2021-03-21,100,1,5.0,nan,64,7,61.0,100
78,馬公,2021-03-21,74,3,6.0,nan,43,5,50.0,74
77,金門,2021-03-21,64,4,6.0,nan,37,12,38.0,64
75,馬祖,2021-03-21,93,4,6.0,nan,45,8,40.0,93
72,埔里,2021-03-21,94,3,6.0,nan,44,11,93.0,94
71,復興,2021-03-21,128,6,8.0,nan,80,17,nan,128
70,永和,2021-03-21,60,4,8.0,nan,26,15,nan,60
69,竹山,2021-03-21,124,3,7.0,nan,61,14,50.0,124
68,中壢,2021-03-21,87,4,8.0,nan,45,23,nan,87
67,三重,2021-03-21,52,4,16.0,nan,25,36,nan,52
66,冬山,2021-03-21,42,6,7.0,nan,17,7,42.0,35
65,宜蘭,2021-03-21,47,3,6.0,nan,10,6,47.0,24
64,陽明,2021-03-21,49,3,6.0,nan,11,4,49.0,24
63,花蓮,2021-03-21,48,4,6.0,nan,17,15,48.0,31
62,臺東,2021-03-21,51,3,6.0,nan,24,5,51.0,33
61,恆春,2021-03-21,64,3,5.0,nan,13,3,64.0,25
59,屏東,2021-03-21,123,6,7.0,nan,78,12,nan,123
58,小港,2021-03-21,130,6,7.0,nan,80,21,71.0,130
57,前鎮,2021-03-21,131,4,8.0,nan,82,15,nan,131
56,前金,2021-03-21,134,4,7.0,nan,82,26,67.0,134
54,左營,2021-03-21,122,6,7.0,nan,83,19,64.0,122
53,楠梓,2021-03-21,137,6,7.0,nan,85,12,58.0,137
52,林園,2021-03-21,125,7,8.0,nan,106,21,67.0,125
51,大寮,2021-03-21,134,4,7.0,nan,78,19,84.0,134
50,鳳山,2021-03-21,135,7,9.0,nan,80,22,nan,135
49,仁武,2021-03-21,140,4,7.0,nan,82,15,71.0,140
48,橋頭,2021-03-21,138,4,7.0,nan,76,17,54.0,138
47,美濃,2021-03-21,120,4,7.0,nan,66,8,77.0,120
46,臺南,2021-03-21,120,3,7.0,nan,83,16,49.0,120
45,安南,2021-03-21,128,4,6.0,nan,87,10,51.0,128
44,善化,2021-03-21,121,3,7.0,nan,75,13,49.0,121
43,新營,2021-03-21,127,6,7.0,nan,84,11,48.0,127
42,嘉義,2021-03-21,150,6,7.0,nan,78,19,40.0,150
41,臺西,2021-03-21,82,4,5.0,nan,62,11,nan,82
40,朴子,2021-03-21,110,3,7.0,nan,92,11,44.0,110
39,新港,2021-03-21,120,6,7.0,nan,90,12,46.0,120
38,崙背,2021-03-21,114,7,7.0,nan,94,12,44.0,114
37,斗六,2021-03-21,120,4,7.0,nan,64,11,50.0,120
36,南投,2021-03-21,97,3,7.0,nan,52,17,46.0,97
35,二林,2021-03-21,108,11,7.0,nan,100,22,37.0,108
34,線西,2021-03-21,96,7,7.0,nan,67,16,nan,96
33,彰化,2021-03-21,93,6,7.0,nan,49,18,44.0,93
32,西屯,2021-03-21,95,3,6.0,nan,49,17,40.0,95
31,忠明,2021-03-21,85,3,7.0,nan,44,13,36.0,85
30,大里,2021-03-21,84,10,7.0,nan,46,16,39.0,84
29,沙鹿,2021-03-21,79,3,6.0,nan,53,12,44.0,79
28,豐原,2021-03-21,79,3,6.0,nan,34,8,43.0,79
27,三義,2021-03-21,70,3,7.0,nan,33,12,35.0,70
26,苗栗,2021-03-21,83,6,7.0,nan,44,19,33.0,83
25,頭份,2021-03-21,86,4,7.0,nan,49,14,nan,86
24,新竹,2021-03-21,83,4,7.0,nan,47,11,47.0,83
23,竹東,2021-03-21,68,10,7.0,nan,29,8,46.0,68
2,汐止,2021-03-21,65,3,6.0,nan,31,12,44.0,65
1,基隆,2021-03-21,69,3,6.0,nan,36,8,47.0,69
22,湖口,2021-03-21,86,4,6.0,nan,44,8,49.0,86
21,龍潭,2021-03-21,69,4,6.0,nan,31,11,44.0,69
20,平鎮,2021-03-21,84,4,7.0,nan,44,14,43.0,84
19,觀音,2021-03-21,94,9,6.0,nan,59,9,44.0,94
18,大園,2021-03-21,93,4,6.0,nan,52,11,49.0,93
17,桃園,2021-03-21,74,7,6.0,nan,39,17,44.0,74
16,大同,2021-03-21,57,4,10.0,nan,31,32,nan,57
15,松山,2021-03-21,61,3,7.0,nan,29,16,42.0,61
14,古亭,2021-03-21,56,3,7.0,nan,25,12,43.0,56
13,萬華,2021-03-21,47,1,7.0,nan,22,20,41.0,47
12,中山,2021-03-21,51,1,8.0,nan,22,21,38.0,51
11,士林,2021-03-21,64,3,6.0,nan,25,20,64.0,48
10,淡水,2021-03-21,79,3,6.0,nan,41,12,46.0,79
9,林口,2021-03-21,77,4,6.0,nan,40,10,48.0,77
8,菜寮,2021-03-21,57,1,7.0,nan,25,8,44.0,57
7,新莊,2021-03-21,60,3,7.0,nan,28,11,45.0,60
6,板橋,2021-03-21,49,4,8.0,nan,26,22,35.0,49
5,土城,2021-03-21,46,3,7.0,nan,24,13,43.0,46
4,新店,2021-03-21,58,4,7.0,nan,24,15,42.0,58
42,嘉義,2021-03-22,93,4,6.0,nan,50,25,32.0,93
1,基隆,2021-03-22,72,3,3.0,nan,49,18,44.0,72
2,汐止,2021-03-22,74,6,5.0,nan,47,36,39.0,74
3,萬里,2021-03-22,83,6,3.0,nan,83,8,58.0,81
4,新店,2021-03-22,67,3,5.0,nan,39,18,44.0,67
5,土城,2021-03-22,58,3,5.0,nan,40,21,43.0,58
6,板橋,2021-03-22,68,4,6.0,nan,44,34,38.0,68
7,新莊,2021-03-22,70,3,6.0,nan,44,25,43.0,70
8,菜寮,2021-03-22,67,3,6.0,nan,42,27,44.0,67
9,林口,2021-03-22,72,4,5.0,nan,44,35,41.0,72
10,淡水,2021-03-22,74,1,5.0,nan,46,30,44.0,74
11,士林,2021-03-22,62,3,3.0,nan,38,21,51.0,62
12,中山,2021-03-22,75,6,7.0,nan,45,42,39.0,75
13,萬華,2021-03-22,72,4,6.0,nan,45,39,43.0,72
14,古亭,2021-03-22,71,3,5.0,nan,44,22,42.0,71
15,松山,2021-03-22,74,4,6.0,nan,48,31,40.0,74
16,大同,2021-03-22,79,9,18.0,nan,56,47,nan,79
17,桃園,2021-03-22,72,17,6.0,nan,43,26,38.0,72
18,大園,2021-03-22,88,6,5.0,nan,52,33,42.0,88
19,觀音,2021-03-22,89,10,5.0,nan,60,23,40.0,89
20,平鎮,2021-03-22,80,6,6.0,nan,44,24,39.0,80
21,龍潭,2021-03-22,64,3,3.0,nan,36,19,44.0,64
22,湖口,2021-03-22,81,6,5.0,nan,47,19,45.0,81
23,竹東,2021-03-22,55,10,3.0,nan,29,8,48.0,55
24,新竹,2021-03-22,76,3,6.0,nan,46,19,44.0,76
25,頭份,2021-03-22,78,1,5.0,nan,47,19,nan,78
26,苗栗,2021-03-22,72,4,5.0,nan,40,18,32.0,72
27,三義,2021-03-22,58,3,3.0,nan,28,11,36.0,58
28,豐原,2021-03-22,51,3,3.0,nan,22,13,41.0,51
29,沙鹿,2021-03-22,62,1,5.0,nan,36,11,42.0,62
30,大里,2021-03-22,52,6,6.0,nan,28,21,36.0,52
31,忠明,2021-03-22,62,4,5.0,nan,31,20,35.0,62
64,陽明,2021-03-22,46,3,3.0,nan,26,2,46.0,45
32,西屯,2021-03-22,68,1,3.0,nan,34,14,38.0,68
33,彰化,2021-03-22,69,4,6.0,nan,34,20,41.0,69
34,線西,2021-03-22,72,4,5.0,nan,48,15,nan,72
35,二林,2021-03-22,74,7,3.0,nan,51,19,35.0,74
36,南投,2021-03-22,67,3,7.0,nan,37,27,39.0,67
37,斗六,2021-03-22,82,6,5.0,nan,44,20,40.0,82
38,崙背,2021-03-22,80,3,5.0,nan,51,16,41.0,80
39,新港,2021-03-22,76,4,5.0,nan,49,18,42.0,76
40,朴子,2021-03-22,80,4,5.0,nan,54,19,38.0,80
41,臺西,2021-03-22,68,9,3.0,nan,49,17,nan,68
43,新營,2021-03-22,83,4,5.0,nan,54,19,39.0,83
44,善化,2021-03-22,87,4,5.0,nan,51,21,36.0,87
45,安南,2021-03-22,95,3,5.0,nan,62,21,37.0,95
46,臺南,2021-03-22,92,3,6.0,nan,58,27,37.0,92
47,美濃,2021-03-22,113,7,7.0,nan,59,18,32.0,113
48,橋頭,2021-03-22,106,4,6.0,nan,56,25,30.0,106
49,仁武,2021-03-22,112,6,6.0,nan,62,38,30.0,112
50,鳳山,2021-03-22,116,10,11.0,nan,66,44,nan,116
51,大寮,2021-03-22,132,14,8.0,nan,71,55,27.0,132
52,林園,2021-03-22,130,11,8.0,nan,80,44,29.0,130
53,楠梓,2021-03-22,105,4,6.0,nan,63,28,31.0,105
54,左營,2021-03-22,112,6,7.0,nan,66,30,31.0,112
56,前金,2021-03-22,119,4,7.0,nan,68,32,31.0,119
57,前鎮,2021-03-22,121,6,9.0,nan,68,38,nan,121
58,小港,2021-03-22,121,9,9.0,nan,71,50,24.0,121
59,屏東,2021-03-22,115,13,8.0,nan,70,26,19.0,115
61,恆春,2021-03-22,51,1,5.0,nan,6,3,51.0,12
62,臺東,2021-03-22,44,3,5.0,nan,17,9,44.0,27
63,花蓮,2021-03-22,42,3,5.0,nan,19,14,42.0,28
65,宜蘭,2021-03-22,49,3,3.0,nan,24,7,44.0,49
66,冬山,2021-03-22,60,7,3.0,nan,37,8,40.0,60
67,三重,2021-03-22,78,6,15.0,nan,47,43,nan,78
68,中壢,2021-03-22,77,4,10.0,nan,43,62,nan,77
69,竹山,2021-03-22,70,47,6.0,nan,40,24,33.0,70
70,永和,2021-03-22,74,4,7.0,nan,44,25,nan,74
71,復興,2021-03-22,125,6,10.0,nan,66,42,nan,125
72,埔里,2021-03-22,68,3,7.0,nan,29,17,26.0,68
75,馬祖,2021-03-22,116,4,5.0,nan,82,8,71.0,116
77,金門,2021-03-22,133,6,6.0,nan,105,9,46.0,133
78,馬公,2021-03-22,86,3,5.0,nan,59,5,49.0,86
80,關山,2021-03-22,44,13,nan,nan,12,7,44.0,23
83,麥寮,2021-03-22,79,7,5.0,nan,53,22,nan,79
84,富貴角,2021-03-22,84,1,3.0,nan,66,4,54.0,84
52.0,林園,2021-03-23,93,13,6.0,nan,55,29,80.0,93
41.0,臺西,2021-03-23,58,6,2.0,nan,37,15,nan,58
83.0,麥寮,2021-03-23,65,4,3.0,nan,40,20,nan,65
4.0,新店,2021-03-23,46,3,3.0,nan,19,19,46.0,31
40.0,朴子,2021-03-23,70,4,5.0,nan,46,14,42.0,70
62.0,臺東,2021-03-23,45,3,3.0,nan,16,17,45.0,27
75.0,馬祖,2021-03-23,87,4,2.0,nan,39,6,87.0,64
39.0,新港,2021-03-23,71,4,5.0,nan,43,15,44.0,71
38.0,崙背,2021-03-23,77,4,5.0,nan,46,15,39.0,77
54.0,左營,2021-03-23,99,7,8.0,nan,57,26,64.0,99
80.0,關山,2021-03-23,44,4,nan,nan,10,9,44.0,19
63.0,花蓮,2021-03-23,40,3,3.0,nan,17,14,40.0,27
56.0,前金,2021-03-23,102,6,8.0,nan,54,31,74.0,102
13.0,萬華,2021-03-23,44,4,7.0,nan,24,37,44.0,36
77.0,金門,2021-03-23,82,6,5.0,nan,62,14,61.0,82
64.0,陽明,2021-03-23,51,1,2.0,nan,12,2,51.0,19
3.0,萬里,2021-03-23,71,13,2.0,nan,30,19,71.0,34
37.0,斗六,2021-03-23,109,9,7.0,nan,55,21,42.0,109
46.0,臺南,2021-03-23,90,7,7.0,nan,54,32,46.0,90
65.0,宜蘭,2021-03-23,38,4,3.0,nan,23,13,37.0,38
36.0,南投,2021-03-23,100,10,8.0,nan,52,40,39.0,100
9.0,林口,2021-03-23,47,3,5.0,nan,26,22,47.0,34
35.0,二林,2021-03-23,70,10,5.0,nan,46,19,31.0,70
66.0,冬山,2021-03-23,36,4,3.0,nan,23,14,30.0,36
51.0,大寮,2021-03-23,114,20,7.0,nan,57,84,71.0,114
14.0,古亭,2021-03-23,46,3,5.0,nan,19,36,46.0,30
2.0,汐止,2021-03-23,41,7,6.0,nan,25,41,32.0,33
34.0,線西,2021-03-23,64,9,5.0,nan,42,22,nan,64
15.0,松山,2021-03-23,40,4,5.0,nan,26,32,40.0,40
33.0,彰化,2021-03-23,81,14,8.0,nan,40,34,28.0,81
16.0,大同,2021-03-23,50,6,14.0,nan,37,49,nan,50
32.0,西屯,2021-03-23,86,9,6.0,nan,42,32,22.0,86
31.0,忠明,2021-03-23,79,7,8.0,nan,44,40,21.0,79
30.0,大里,2021-03-23,98,11,8.0,nan,52,36,26.0,98
17.0,桃園,2021-03-23,45,14,7.0,nan,26,37,45.0,37
29.0,沙鹿,2021-03-23,63,10,6.0,nan,40,38,32.0,63
28.0,豐原,2021-03-23,92,6,9.0,nan,45,32,31.0,92
18.0,大園,2021-03-23,48,7,5.0,nan,24,36,48.0,44
27.0,三義,2021-03-23,75,4,6.0,nan,37,31,28.0,75
26.0,苗栗,2021-03-23,51,4,7.0,nan,27,36,21.0,51
25.0,頭份,2021-03-23,57,4,8.0,nan,31,43,nan,57
19.0,觀音,2021-03-23,43,9,6.0,nan,30,34,38.0,43
24.0,新竹,2021-03-23,45,7,10.0,nan,29,42,44.0,45
20.0,平鎮,2021-03-23,47,6,8.0,nan,29,40,46.0,47
21.0,龍潭,2021-03-23,45,3,7.0,nan,25,39,45.0,41
23.0,竹東,2021-03-23,42,4,6.0,nan,20,30,36.0,42
22.0,湖口,2021-03-23,46,6,6.0,nan,26,36,46.0,44
7.0,新莊,2021-03-23,45,3,6.0,nan,24,34,45.0,34
67.0,三重,2021-03-23,43,4,15.0,nan,27,43,nan,41
49.0,仁武,2021-03-23,106,9,8.0,nan,56,40,41.0,106
68.0,中壢,2021-03-23,55,7,24.0,nan,31,55,nan,49
45.0,安南,2021-03-23,93,4,6.0,nan,61,24,47.0,93
69.0,竹山,2021-03-23,114,10,7.0,nan,57,25,37.0,114
57.0,前鎮,2021-03-23,96,7,9.0,nan,52,39,nan,96
48.0,橋頭,2021-03-23,106,6,7.0,nan,52,30,50.0,106
1.0,基隆,2021-03-23,48,3,2.0,nan,20,13,48.0,30
8.0,菜寮,2021-03-23,44,3,6.0,nan,23,26,44.0,33
58.0,小港,2021-03-23,89,9,9.0,nan,50,39,51.0,89
6.0,板橋,2021-03-23,41,3,7.0,nan,22,34,41.0,32
11.0,士林,2021-03-23,77,4,2.0,nan,19,11,77.0,31
78.0,馬公,2021-03-23,61,4,2.0,nan,35,5,61.0,52
59.0,屏東,2021-03-23,99,10,7.0,nan,59,26,77.0,99
60.0,潮州,2021-03-23,114,6,7.0,nan,69,26,67.0,114
50.0,鳳山,2021-03-23,100,10,9.0,nan,53,39,nan,100
70.0,永和,2021-03-23,39,1,8.0,nan,22,39,nan,36
5.0,土城,2021-03-23,44,4,5.0,nan,20,29,44.0,23
71.0,復興,2021-03-23,97,9,11.0,nan,49,41,nan,97
10.0,淡水,2021-03-23,48,1,2.0,nan,19,7,48.0,30
44.0,善化,2021-03-23,94,7,6.0,nan,48,20,44.0,94
84.0,富貴角,2021-03-23,64,3,1.0,nan,31,5,64.0,38
53.0,楠梓,2021-03-23,104,6,7.0,nan,60,29,51.0,104
43.0,新營,2021-03-23,85,4,6.0,nan,52,26,47.0,85
nan,大城,2021-03-23,80,13,nan,nan,48,35,51.0,80
47.0,美濃,2021-03-23,93,4,6.0,nan,50,15,67.0,93
72.0,埔里,2021-03-23,87,1,6.0,nan,41,17,32.0,87
42.0,嘉義,2021-03-23,108,7,8.0,nan,55,27,36.0,108
61.0,恆春,2021-03-23,54,1,2.0,nan,10,2,54.0,17
12.0,中山,2021-03-23,40,4,9.0,nan,23,40,40.0,38
50,鳳山,2021-03-24,96,7,9.0,nan,44.0,37,nan,96
7,新莊,2021-03-24,60,10,10.0,nan,29.0,43,31.0,60
49,仁武,2021-03-24,90,6,6.0,nan,44.0,33,33.0,90
16,大同,2021-03-24,62,6,25.0,nan,33.0,45,nan,62
48,橋頭,2021-03-24,79,4,6.0,nan,36.0,32,33.0,79
47,美濃,2021-03-24,71,3,5.0,nan,31.0,8,31.0,71
46,臺南,2021-03-24,67,6,6.0,nan,36.0,24,36.0,67
1,基隆,2021-03-24,49,4,7.0,nan,20.0,28,29.0,49
45,安南,2021-03-24,66,4,5.0,nan,32.0,19,38.0,66
6,板橋,2021-03-24,63,11,11.0,nan,31.0,47,21.0,63
44,善化,2021-03-24,56,7,6.0,nan,31.0,24,38.0,56
43,新營,2021-03-24,55,4,6.0,nan,30.0,19,39.0,55
42,嘉義,2021-03-24,68,6,6.0,nan,30.0,23,32.0,68
15,松山,2021-03-24,59,6,10.0,nan,27.0,40,23.0,59
41,臺西,2021-03-24,36,7,5.0,nan,nan,20,nan,36
14,古亭,2021-03-24,60,4,9.0,nan,27.0,42,24.0,60
40,朴子,2021-03-24,43,1,5.0,nan,21.0,11,34.0,43
39,新港,2021-03-24,43,6,5.0,nan,22.0,15,38.0,43
38,崙背,2021-03-24,44,4,5.0,nan,24.0,14,35.0,44
2,汐止,2021-03-24,57,4,8.0,nan,26.0,42,25.0,57
13,萬華,2021-03-24,57,7,9.0,nan,28.0,36,28.0,57
37,斗六,2021-03-24,54,6,6.0,nan,27.0,18,35.0,54
36,南投,2021-03-24,66,13,7.0,nan,30.0,25,30.0,66
12,中山,2021-03-24,58,6,12.0,nan,28.0,42,21.0,58
35,二林,2021-03-24,43,9,5.0,nan,27.0,21,30.0,43
34,線西,2021-03-24,46,4,5.0,nan,25.0,25,nan,46
11,士林,2021-03-24,52,4,7.0,nan,25.0,32,34.0,52
33,彰化,2021-03-24,44,7,6.0,nan,19.0,25,33.0,44
5,土城,2021-03-24,51,7,8.0,nan,24.0,47,24.0,51
32,西屯,2021-03-24,55,3,6.0,nan,22.0,37,30.0,55
31,忠明,2021-03-24,46,3,7.0,nan,21.0,32,26.0,46
30,大里,2021-03-24,53,9,7.0,nan,25.0,29,30.0,53
29,沙鹿,2021-03-24,38,3,6.0,nan,19.0,29,38.0,32
10,淡水,2021-03-24,51,3,7.0,nan,23.0,27,38.0,51
28,豐原,2021-03-24,52,4,3.0,nan,19.0,19,37.0,52
27,三義,2021-03-24,35,3,3.0,nan,16.0,14,31.0,35
9,林口,2021-03-24,51,6,5.0,nan,26.0,28,40.0,51
26,苗栗,2021-03-24,46,6,6.0,nan,19.0,21,27.0,46
4,新店,2021-03-24,52,4,7.0,nan,21.0,27,29.0,52
25,頭份,2021-03-24,43,3,5.0,nan,18.0,25,nan,43
8,菜寮,2021-03-24,59,4,9.0,nan,29.0,40,30.0,59
24,新竹,2021-03-24,43,4,7.0,nan,17.0,29,43.0,32
23,竹東,2021-03-24,37,3,5.0,nan,15.0,26,35.0,37
22,湖口,2021-03-24,48,7,6.0,nan,22.0,31,44.0,48
21,龍潭,2021-03-24,42,3,5.0,nan,19.0,23,35.0,42
20,平鎮,2021-03-24,59,7,9.0,nan,26.0,38,31.0,59
19,觀音,2021-03-24,50,4,5.0,nan,27.0,24,38.0,50
18,大園,2021-03-24,65,7,6.0,nan,28.0,37,39.0,65
85,大城,2021-03-24,63,14,nan,nan,31.0,40,48.0,63
84,富貴角,2021-03-24,49,1,3.0,nan,24.0,8,49.0,45
83,麥寮,2021-03-24,43,4,5.0,nan,20.0,9,nan,43
80,關山,2021-03-24,29,3,nan,nan,7.0,7,29.0,23
78,馬公,2021-03-24,48,4,5.0,nan,16.0,8,48.0,38
77,金門,2021-03-24,73,10,5.0,nan,33.0,20,51.0,73
75,馬祖,2021-03-24,60,6,3.0,nan,24.0,25,54.0,60
72,埔里,2021-03-24,45,4,6.0,nan,18.0,18,34.0,45
71,復興,2021-03-24,91,6,10.0,nan,43.0,36,nan,91
70,永和,2021-03-24,63,4,14.0,nan,30.0,45,nan,63
69,竹山,2021-03-24,82,9,6.0,nan,33.0,22,28.0,82
68,中壢,2021-03-24,62,6,19.0,nan,26.0,46,nan,62
67,三重,2021-03-24,69,6,20.0,nan,33.0,49,nan,69
66,冬山,2021-03-24,35,10,5.0,nan,20.0,15,31.0,35
65,宜蘭,2021-03-24,46,3,3.0,nan,14.0,11,46.0,29
64,陽明,2021-03-24,46,3,3.0,nan,15.0,7,46.0,28
63,花蓮,2021-03-24,27,3,6.0,nan,14.0,27,22.0,22
62,臺東,2021-03-24,39,3,3.0,nan,11.0,9,39.0,19
61,恆春,2021-03-24,51,1,3.0,nan,15.0,6,51.0,31
60,潮州,2021-03-24,88,3,5.0,nan,46.0,21,32.0,88
59,屏東,2021-03-24,81,6,6.0,nan,44.0,17,34.0,81
58,小港,2021-03-24,83,9,8.0,nan,44.0,44,29.0,83
57,前鎮,2021-03-24,89,4,9.0,nan,44.0,32,nan,89
56,前金,2021-03-24,96,4,7.0,nan,46.0,27,34.0,96
54,左營,2021-03-24,74,6,7.0,nan,44.0,25,36.0,74
53,楠梓,2021-03-24,82,4,6.0,nan,39.0,25,34.0,82
3,萬里,2021-03-24,44,4,3.0,nan,18.0,13,44.0,37
52,林園,2021-03-24,86,10,6.0,nan,54.0,38,37.0,86
17,桃園,2021-03-24,60,33,10.0,nan,30.0,41,32.0,60
51,大寮,2021-03-24,103,14,6.0,nan,48.0,29,31.0,103
85,大城,2021-03-25,93,11,2.0,nan,47,18,93.0,84
46,臺南,2021-03-25,79,7,6.0,nan,54,22,74.0,79
45,安南,2021-03-25,84,4,5.0,nan,56,18,84.0,81
44,善化,2021-03-25,80,6,5.0,nan,44,20,80.0,71
43,新營,2021-03-25,80,6,5.0,nan,54,17,80.0,78
42,嘉義,2021-03-25,99,6,6.0,nan,60,28,51.0,99
41,臺西,2021-03-25,56,4,3.0,nan,41,9,nan,56
40,朴子,2021-03-25,75,6,5.0,nan,54,16,61.0,75
39,新港,2021-03-25,80,6,5.0,nan,54,16,80.0,77
38,崙背,2021-03-25,78,7,5.0,nan,57,17,61.0,78
37,斗六,2021-03-25,100,6,5.0,nan,52,16,100.0,84
36,南投,2021-03-25,84,4,7.0,nan,37,31,84.0,70
35,二林,2021-03-25,71,13,5.0,nan,63,16,39.0,71
34,線西,2021-03-25,67,7,6.0,nan,48,15,nan,67
33,彰化,2021-03-25,71,6,5.0,nan,35,25,61.0,71
32,西屯,2021-03-25,69,3,3.0,nan,35,23,44.0,69
31,忠明,2021-03-25,63,3,5.0,nan,35,27,47.0,63
30,大里,2021-03-25,72,4,7.0,nan,39,34,61.0,72
17,桃園,2021-03-25,61,36,8.0,nan,33,34,40.0,61
29,沙鹿,2021-03-25,61,3,3.0,nan,32,16,61.0,53
10,淡水,2021-03-25,55,3,8.0,nan,29,27,43.0,55
16,大同,2021-03-25,73,9,19.0,nan,42,45,nan,73
28,豐原,2021-03-25,84,3,3.0,nan,31,20,84.0,62
2,汐止,2021-03-25,59,10,7.0,nan,35,37,41.0,59
27,三義,2021-03-25,57,4,3.0,nan,31,18,44.0,57
15,松山,2021-03-25,61,6,8.0,nan,30,33,37.0,61
26,苗栗,2021-03-25,58,9,5.0,nan,32,24,38.0,58
9,林口,2021-03-25,51,3,3.0,nan,31,30,39.0,51
14,古亭,2021-03-25,53,3,6.0,nan,26,27,41.0,53
25,頭份,2021-03-25,62,6,5.0,nan,31,25,nan,62
8,菜寮,2021-03-25,61,3,7.0,nan,30,24,39.0,61
24,新竹,2021-03-25,54,6,5.0,nan,31,23,50.0,54
4,新店,2021-03-25,51,3,6.0,nan,23,26,44.0,51
23,竹東,2021-03-25,58,1,3.0,nan,25,14,58.0,52
7,新莊,2021-03-25,63,6,10.0,nan,31,32,40.0,63
22,湖口,2021-03-25,60,7,5.0,nan,28,21,48.0,60
6,板橋,2021-03-25,58,4,9.0,nan,29,41,34.0,58
13,萬華,2021-03-25,57,4,8.0,nan,31,35,35.0,57
21,龍潭,2021-03-25,58,4,5.0,nan,29,25,44.0,58
3,萬里,2021-03-25,49,4,2.0,nan,32,10,49.0,46
5,土城,2021-03-25,49,3,7.0,nan,28,29,44.0,49
12,中山,2021-03-25,63,7,12.0,nan,31,39,32.0,63
11,士林,2021-03-25,59,4,8.0,nan,26,34,30.0,59
20,平鎮,2021-03-25,64,7,7.0,nan,32,25,41.0,64
19,觀音,2021-03-25,54,7,5.0,nan,32,43,42.0,54
18,大園,2021-03-25,61,9,5.0,nan,31,42,43.0,61
1,基隆,2021-03-25,49,9,5.0,nan,28,24,39.0,49
47,美濃,2021-03-25,87,4,5.0,nan,30,9,87.0,58
48,橋頭,2021-03-25,91,6,6.0,nan,52,25,58.0,91
49,仁武,2021-03-25,95,6,6.0,nan,54,32,74.0,95
50,鳳山,2021-03-25,86,10,10.0,nan,52,43,nan,86
51,大寮,2021-03-25,91,10,7.0,nan,53,32,90.0,91
52,林園,2021-03-25,101,10,7.0,nan,51,36,101.0,71
53,楠梓,2021-03-25,93,6,6.0,nan,56,25,77.0,93
54,左營,2021-03-25,84,7,7.0,nan,57,21,84.0,81
56,前金,2021-03-25,95,6,7.0,nan,59,29,90.0,95
57,前鎮,2021-03-25,86,6,8.0,nan,54,27,nan,86
58,小港,2021-03-25,76,9,8.0,nan,52,31,50.0,76
59,屏東,2021-03-25,87,7,6.0,nan,43,21,87.0,66
60,潮州,2021-03-25,115,6,6.0,nan,65,26,115.0,68
61,恆春,2021-03-25,61,1,3.0,nan,19,2,61.0,35
62,臺東,2021-03-25,46,1,6.0,nan,26,17,41.0,46
63,花蓮,2021-03-25,54,3,5.0,nan,28,12,54.0,47
64,陽明,2021-03-25,46,1,2.0,nan,12,2,46.0,26
65,宜蘭,2021-03-25,50,3,3.0,nan,23,7,50.0,43
66,冬山,2021-03-25,46,4,5.0,nan,29,15,43.0,46
67,三重,2021-03-25,69,7,18.0,nan,37,43,nan,69
68,中壢,2021-03-25,65,9,11.0,nan,32,43,nan,65
69,竹山,2021-03-25,93,4,5.0,nan,40,23,93.0,75
70,永和,2021-03-25,56,7,12.0,nan,28,31,nan,56
71,復興,2021-03-25,83,6,9.0,nan,51,29,nan,83
72,埔里,2021-03-25,101,3,6.0,nan,21,21,101.0,47
75,馬祖,2021-03-25,84,7,5.0,nan,30,13,84.0,64
77,金門,2021-03-25,77,13,5.0,nan,44,24,77.0,75
78,馬公,2021-03-25,84,3,3.0,nan,31,4,84.0,57
80,關山,2021-03-25,43,3,nan,nan,18,7,43.0,39
83,麥寮,2021-03-25,65,10,5.0,nan,49,15,nan,65
84,富貴角,2021-03-25,53,1,2.0,nan,40,6,51.0,53
58,小港,2021-03-26,93,7,7.0,nan,62,39,71.0,93
21,龍潭,2021-03-26,74,4,8.0,nan,43,53,48.0,74
20,平鎮,2021-03-26,73,9,7.0,nan,43,42,38.0,73
23,竹東,2021-03-26,80,9,6.0,nan,33,33,80.0,67
19,觀音,2021-03-26,53,7,2.0,nan,44,17,37.0,53
24,新竹,2021-03-26,61,7,7.0,nan,37,35,61.0,61
18,大園,2021-03-26,63,9,3.0,nan,35,25,38.0,63
17,桃園,2021-03-26,67,14,8.0,nan,43,50,38.0,67
25,頭份,2021-03-26,66,9,5.0,nan,42,27,nan,66
16,大同,2021-03-26,61,7,20.0,nan,42,45,nan,61
15,松山,2021-03-26,49,9,8.0,nan,28,36,33.0,49
26,苗栗,2021-03-26,69,9,5.0,nan,39,25,36.0,69
14,古亭,2021-03-26,44,6,6.0,nan,24,31,39.0,44
27,三義,2021-03-26,74,6,5.0,nan,42,18,44.0,74
13,萬華,2021-03-26,45,6,8.0,nan,28,44,41.0,45
28,豐原,2021-03-26,83,4,6.0,nan,44,25,80.0,83
12,中山,2021-03-26,52,6,9.0,nan,27,42,40.0,52
11,士林,2021-03-26,42,1,3.0,nan,24,26,33.0,42
29,沙鹿,2021-03-26,65,4,5.0,nan,47,25,51.0,65
10,淡水,2021-03-26,45,4,5.0,nan,26,40,36.0,45
30,大里,2021-03-26,94,7,7.0,nan,56,42,61.0,94
31,忠明,2021-03-26,84,4,8.0,nan,48,40,45.0,84
32,西屯,2021-03-26,90,4,7.0,nan,51,40,43.0,90
9,林口,2021-03-26,48,4,6.0,nan,30,40,46.0,48
33,彰化,2021-03-26,82,17,7.0,nan,49,27,44.0,82
8,菜寮,2021-03-26,50,6,8.0,nan,30,35,44.0,50
7,新莊,2021-03-26,53,6,10.0,nan,31,49,45.0,53
34,線西,2021-03-26,74,14,5.0,nan,44,22,nan,74
6,板橋,2021-03-26,48,6,9.0,nan,27,37,44.0,48
35,二林,2021-03-26,90,19,5.0,nan,68,23,36.0,90
5,土城,2021-03-26,71,7,7.0,nan,30,33,71.0,50
36,南投,2021-03-26,93,9,7.0,nan,54,31,84.0,93
4,新店,2021-03-26,44,4,7.0,nan,22,27,30.0,44
37,斗六,2021-03-26,115,6,5.0,nan,67,22,84.0,115
3,萬里,2021-03-26,45,4,2.0,nan,30,16,45.0,38
38,崙背,2021-03-26,89,14,5.0,nan,63,19,48.0,89
39,新港,2021-03-26,97,4,5.0,nan,63,13,54.0,97
40,朴子,2021-03-26,95,9,6.0,nan,61,17,49.0,95
41,臺西,2021-03-26,72,9,5.0,nan,49,21,nan,72
42,嘉義,2021-03-26,132,7,6.0,nan,71,25,46.0,132
43,新營,2021-03-26,108,6,5.0,nan,70,26,74.0,108
44,善化,2021-03-26,103,9,5.0,nan,63,23,80.0,103
45,安南,2021-03-26,112,7,6.0,nan,70,22,74.0,112
46,臺南,2021-03-26,120,10,7.0,nan,70,31,71.0,120
47,美濃,2021-03-26,115,9,5.0,nan,50,16,115.0,87
48,橋頭,2021-03-26,113,7,6.0,nan,64,24,87.0,113
49,仁武,2021-03-26,109,7,7.0,nan,64,42,84.0,109
50,鳳山,2021-03-26,101,6,9.0,nan,60,31,nan,101
51,大寮,2021-03-26,112,34,8.0,nan,67,54,104.0,112
52,林園,2021-03-26,118,11,6.0,nan,64,36,118.0,94
53,楠梓,2021-03-26,108,7,5.0,nan,65,28,90.0,108
54,左營,2021-03-26,95,6,6.0,nan,64,25,87.0,95
56,前金,2021-03-26,99,4,6.0,nan,64,23,90.0,99
57,前鎮,2021-03-26,97,6,8.0,nan,62,32,nan,97
22,湖口,2021-03-26,75,6,3.0,nan,41,25,51.0,75
59,屏東,2021-03-26,93,13,7.0,nan,64,41,93.0,92
61,恆春,2021-03-26,58,1,2.0,nan,20,2,58.0,36
62,臺東,2021-03-26,47,1,5.0,nan,19,13,47.0,34
63,花蓮,2021-03-26,48,3,3.0,nan,19,14,48.0,31
64,陽明,2021-03-26,47,3,2.0,nan,13,3,47.0,29
65,宜蘭,2021-03-26,48,4,3.0,nan,20,9,48.0,32
66,冬山,2021-03-26,39,4,3.0,nan,26,20,38.0,39
67,三重,2021-03-26,57,7,17.0,nan,31,43,nan,57
68,中壢,2021-03-26,77,7,14.0,nan,44,46,nan,77
69,竹山,2021-03-26,101,7,5.0,nan,56,24,97.0,101
70,永和,2021-03-26,45,7,15.0,nan,27,45,nan,45
71,復興,2021-03-26,94,7,9.0,nan,60,41,nan,94
72,埔里,2021-03-26,126,4,6.0,nan,40,21,126.0,77
75,馬祖,2021-03-26,52,6,3.0,nan,26,9,48.0,52
77,金門,2021-03-26,61,10,3.0,nan,30,18,61.0,53
78,馬公,2021-03-26,71,4,2.0,nan,36,4,71.0,59
80,關山,2021-03-26,46,1,nan,nan,14,10,46.0,29
83,麥寮,2021-03-26,80,4,5.0,nan,55,22,nan,80
84,富貴角,2021-03-26,52,1,2.0,nan,44,9,45.0,52
85,大城,2021-03-26,97,7,5.0,nan,62,25,74.0,97
2,汐止,2021-03-26,44,13,7.0,nan,27,33,36.0,44
1,基隆,2021-03-26,45,4,8.0,nan,24,32,31.0,45
84,富貴角,2021-03-27,73,3,5.0,nan,36.0,18,67.0,73.0
83,麥寮,2021-03-27,89,6,3.0,nan,52.0,13,nan,89.0
80,關山,2021-03-27,29,1,nan,nan,12.0,9,26.0,29.0
85,大城,2021-03-27,98,4,2.0,nan,53.0,11,93.0,98.0
78,馬公,2021-03-27,54,3,2.0,nan,29.0,7,54.0,52.0
77,金門,2021-03-27,73,9,3.0,nan,37.0,25,49.0,73.0
75,馬祖,2021-03-27,75,6,3.0,nan,29.0,24,71.0,75.0
72,埔里,2021-03-27,83,4,5.0,nan,39.0,25,77.0,83.0
71,復興,2021-03-27,98,6,10.0,nan,56.0,42,nan,98.0
70,永和,2021-03-27,77,9,16.0,nan,39.0,49,nan,77.0
69,竹山,2021-03-27,103,7,5.0,nan,53.0,22,90.0,103.0
68,中壢,2021-03-27,91,6,14.0,nan,46.0,44,nan,91.0
67,三重,2021-03-27,96,13,18.0,nan,47.0,56,nan,96.0
66,冬山,2021-03-27,45,9,5.0,nan,26.0,20,38.0,45.0
65,宜蘭,2021-03-27,45,3,3.0,nan,21.0,8,45.0,39.0
64,陽明,2021-03-27,71,3,3.0,nan,26.0,7,71.0,54.0
63,花蓮,2021-03-27,36,4,5.0,nan,21.0,16,35.0,36.0
62,臺東,2021-03-27,36,3,5.0,nan,20.0,8,36.0,27.0
61,恆春,2021-03-27,44,3,2.0,nan,19.0,2,44.0,25.0
59,屏東,2021-03-27,85,10,6.0,nan,58.0,18,71.0,85.0
58,小港,2021-03-27,89,11,7.0,nan,58.0,38,61.0,89.0
57,前鎮,2021-03-27,97,9,8.0,nan,57.0,44,nan,97.0
56,前金,2021-03-27,96,9,7.0,nan,57.0,28,74.0,96.0
54,左營,2021-03-27,93,7,7.0,nan,58.0,26,93.0,85.0
53,楠梓,2021-03-27,93,6,6.0,nan,57.0,25,87.0,93.0
52,林園,2021-03-27,156,9,6.0,nan,62.0,22,156.0,89.0
51,大寮,2021-03-27,102,19,7.0,nan,59.0,25,64.0,102.0
50,鳳山,2021-03-27,90,11,8.0,nan,55.0,41,nan,90.0
49,仁武,2021-03-27,102,11,6.0,nan,59.0,37,90.0,102.0
48,橋頭,2021-03-27,93,6,6.0,nan,53.0,27,93.0,90.0
47,美濃,2021-03-27,108,6,5.0,nan,44.0,9,108.0,79.0
46,臺南,2021-03-27,105,10,7.0,nan,58.0,26,77.0,105.0
45,安南,2021-03-27,105,7,6.0,nan,61.0,24,80.0,105.0
44,善化,2021-03-27,96,10,6.0,nan,59.0,21,90.0,96.0
43,新營,2021-03-27,113,9,6.0,nan,67.0,21,90.0,113.0
42,嘉義,2021-03-27,118,10,7.0,nan,60.0,25,61.0,118.0
41,臺西,2021-03-27,83,7,3.0,nan,45.0,17,nan,83.0
40,朴子,2021-03-27,107,4,5.0,nan,62.0,13,61.0,107.0
39,新港,2021-03-27,111,6,6.0,nan,64.0,21,90.0,111.0
38,崙背,2021-03-27,102,6,5.0,nan,66.0,13,74.0,102.0
37,斗六,2021-03-27,118,10,6.0,nan,61.0,25,112.0,118.0
36,南投,2021-03-27,100,6,6.0,nan,50.0,22,100.0,95.0
35,二林,2021-03-27,112,11,5.0,nan,69.0,25,40.0,112.0
34,線西,2021-03-27,86,10,6.0,nan,46.0,15,nan,86.0
33,彰化,2021-03-27,86,9,7.0,nan,45.0,26,77.0,86.0
32,西屯,2021-03-27,90,10,8.0,nan,47.0,36,44.0,90.0
31,忠明,2021-03-27,80,6,7.0,nan,45.0,35,46.0,80.0
30,大里,2021-03-27,29,7,8.0,nan,nan,29,3.0,nan
29,沙鹿,2021-03-27,83,20,7.0,nan,52.0,29,49.0,83.0
28,豐原,2021-03-27,77,7,6.0,nan,40.0,19,51.0,77.0
27,三義,2021-03-27,70,10,5.0,nan,38.0,22,39.0,70.0
26,苗栗,2021-03-27,79,7,5.0,nan,42.0,21,38.0,79.0
25,頭份,2021-03-27,84,4,5.0,nan,47.0,25,nan,84.0
24,新竹,2021-03-27,68,6,6.0,nan,42.0,26,50.0,68.0
23,竹東,2021-03-27,74,3,5.0,nan,33.0,25,74.0,74.0
22,湖口,2021-03-27,76,4,5.0,nan,42.0,22,64.0,76.0
21,龍潭,2021-03-27,74,4,6.0,nan,36.0,22,74.0,70.0
20,平鎮,2021-03-27,86,7,6.0,nan,44.0,29,54.0,86.0
19,觀音,2021-03-27,35,6,3.0,nan,nan,12,35.0,nan
18,大園,2021-03-27,79,9,5.0,nan,40.0,26,64.0,79.0
17,桃園,2021-03-27,91,10,6.0,nan,45.0,37,61.0,91.0
16,大同,2021-03-27,91,16,20.0,nan,47.0,61,nan,91.0
15,松山,2021-03-27,78,9,9.0,nan,36.0,48,74.0,78.0
14,古亭,2021-03-27,74,9,8.0,nan,33.0,44,64.0,74.0
13,萬華,2021-03-27,80,13,10.0,nan,44.0,52,48.0,80.0
12,中山,2021-03-27,91,13,11.0,nan,44.0,46,47.0,91.0
11,士林,2021-03-27,78,7,7.0,nan,43.0,39,38.0,78.0
10,淡水,2021-03-27,79,7,6.0,nan,42.0,31,45.0,79.0
9,林口,2021-03-27,77,10,8.0,nan,39.0,38,71.0,77.0
8,菜寮,2021-03-27,91,13,8.0,nan,44.0,39,54.0,91.0
7,新莊,2021-03-27,87,26,10.0,nan,44.0,56,61.0,87.0
6,板橋,2021-03-27,88,17,12.0,nan,47.0,58,45.0,88.0
5,土城,2021-03-27,83,6,10.0,nan,45.0,46,71.0,83.0
4,新店,2021-03-27,90,6,8.0,nan,29.0,38,90.0,65.0
3,萬里,2021-03-27,101,7,5.0,nan,34.0,18,101.0,66.0
2,汐止,2021-03-27,90,17,8.0,nan,36.0,42,90.0,76.0
1,基隆,2021-03-27,87,4,7.0,nan,30.0,32,87.0,70.0
14,古亭,2021-03-28,72,6.0,7.0,nan,34.0,32.0,41.0,72.0
49,仁武,2021-03-28,60,4.0,6.0,nan,34.0,nan,32.0,60.0
85,大城,2021-03-28,95,4.0,3.0,nan,48.0,14.0,45.0,95.0
48,橋頭,2021-03-28,61,3.0,5.0,nan,32.0,21.0,30.0,61.0
47,美濃,2021-03-28,60,4.0,3.0,nan,28.0,8.0,37.0,60.0
46,臺南,2021-03-28,65,6.0,6.0,nan,36.0,25.0,33.0,65.0
45,安南,2021-03-28,72,6.0,5.0,nan,41.0,19.0,34.0,72.0
44,善化,2021-03-28,62,7.0,5.0,nan,33.0,19.0,33.0,62.0
43,新營,2021-03-28,74,6.0,6.0,nan,43.0,13.0,34.0,74.0
42,嘉義,2021-03-28,69,4.0,5.0,nan,35.0,14.0,29.0,69.0
41,臺西,2021-03-28,71,6.0,5.0,nan,36.0,16.0,nan,71.0
40,朴子,2021-03-28,67,7.0,5.0,nan,38.0,20.0,31.0,67.0
39,新港,2021-03-28,72,6.0,6.0,nan,40.0,20.0,34.0,72.0
38,崙背,2021-03-28,77,7.0,5.0,nan,44.0,15.0,34.0,77.0
37,斗六,2021-03-28,77,7.0,5.0,nan,38.0,11.0,39.0,77.0
84,富貴角,2021-03-28,66,3.0,3.0,nan,36.0,8.0,42.0,66.0
36,南投,2021-03-28,89,4.0,5.0,nan,43.0,20.0,40.0,89.0
35,二林,2021-03-28,96,7.0,5.0,nan,57.0,26.0,26.0,96.0
34,線西,2021-03-28,85,4.0,5.0,nan,42.0,11.0,nan,85.0
83,麥寮,2021-03-28,75,4.0,5.0,nan,40.0,12.0,nan,75.0
33,彰化,2021-03-28,68,14.0,5.0,nan,35.0,13.0,40.0,68.0
32,西屯,2021-03-28,92,4.0,5.0,nan,43.0,25.0,31.0,92.0
31,忠明,2021-03-28,73,4.0,5.0,nan,37.0,19.0,31.0,73.0
30,大里,2021-03-28,-1,nan,nan,nan,nan,nan,nan,nan
80,關山,2021-03-28,46,1.0,nan,nan,18.0,3.0,28.0,46.0
29,沙鹿,2021-03-28,66,16.0,6.0,nan,40.0,14.0,34.0,66.0
28,豐原,2021-03-28,85,10.0,5.0,nan,43.0,15.0,40.0,85.0
27,三義,2021-03-28,68,7.0,3.0,nan,36.0,15.0,31.0,68.0
26,苗栗,2021-03-28,71,6.0,3.0,nan,35.0,16.0,27.0,71.0
25,頭份,2021-03-28,69,7.0,5.0,nan,40.0,18.0,nan,69.0
24,新竹,2021-03-28,69,9.0,6.0,nan,36.0,31.0,36.0,69.0
78,馬公,2021-03-28,43,4.0,2.0,nan,25.0,17.0,41.0,43.0
23,竹東,2021-03-28,74,4.0,5.0,nan,31.0,25.0,40.0,74.0
22,湖口,2021-03-28,78,9.0,5.0,nan,40.0,20.0,41.0,78.0
21,龍潭,2021-03-28,70,4.0,5.0,nan,37.0,27.0,38.0,70.0
20,平鎮,2021-03-28,70,6.0,5.0,nan,36.0,22.0,36.0,70.0
19,觀音,2021-03-28,69,7.0,5.0,nan,37.0,16.0,33.0,69.0
18,大園,2021-03-28,79,7.0,7.0,nan,39.0,26.0,35.0,79.0
17,桃園,2021-03-28,86,52.0,9.0,nan,45.0,30.0,35.0,86.0
77,金門,2021-03-28,83,13.0,3.0,nan,43.0,31.0,71.0,83.0
16,大同,2021-03-28,73,9.0,15.0,nan,36.0,34.0,nan,73.0
15,松山,2021-03-28,79,4.0,8.0,nan,38.0,33.0,39.0,79.0
75,馬祖,2021-03-28,79,6.0,5.0,nan,31.0,17.0,64.0,79.0
72,埔里,2021-03-28,76,4.0,5.0,nan,36.0,14.0,49.0,76.0
71,復興,2021-03-28,59,3.0,8.0,nan,33.0,24.0,nan,59.0
13,萬華,2021-03-28,72,6.0,9.0,nan,38.0,42.0,37.0,72.0
12,中山,2021-03-28,73,6.0,8.0,nan,34.0,38.0,33.0,73.0
11,士林,2021-03-28,71,6.0,9.0,nan,37.0,27.0,24.0,71.0
70,永和,2021-03-28,72,4.0,14.0,nan,37.0,37.0,nan,72.0
10,淡水,2021-03-28,67,4.0,8.0,nan,34.0,33.0,35.0,67.0
9,林口,2021-03-28,70,9.0,5.0,nan,38.0,25.0,37.0,70.0
8,菜寮,2021-03-28,75,4.0,7.0,nan,37.0,32.0,37.0,75.0
7,新莊,2021-03-28,76,6.0,11.0,nan,35.0,34.0,38.0,76.0
6,板橋,2021-03-28,84,11.0,14.0,nan,46.0,45.0,32.0,84.0
5,土城,2021-03-28,78,4.0,11.0,nan,41.0,32.0,44.0,78.0
69,竹山,2021-03-28,86,10.0,5.0,nan,44.0,19.0,37.0,86.0
4,新店,2021-03-28,67,4.0,7.0,nan,31.0,31.0,45.0,67.0
3,萬里,2021-03-28,68,6.0,3.0,nan,43.0,12.0,42.0,68.0
2,汐止,2021-03-28,80,9.0,9.0,nan,37.0,37.0,44.0,80.0
68,中壢,2021-03-28,73,4.0,10.0,nan,35.0,27.0,nan,73.0
1,基隆,2021-03-28,70,3.0,7.0,nan,34.0,20.0,41.0,70.0
67,三重,2021-03-28,76,6.0,12.0,nan,34.0,38.0,nan,76.0
66,冬山,2021-03-28,61,7.0,6.0,nan,35.0,11.0,36.0,61.0
65,宜蘭,2021-03-28,59,11.0,3.0,nan,31.0,10.0,45.0,59.0
64,陽明,2021-03-28,50,3.0,3.0,nan,20.0,5.0,39.0,50.0
63,花蓮,2021-03-28,35,9.0,3.0,nan,27.0,21.0,35.0,nan
62,臺東,2021-03-28,34,3.0,3.0,nan,24.0,7.0,25.0,34.0
61,恆春,2021-03-28,18,1.0,1.0,nan,nan,2.0,18.0,nan
59,屏東,2021-03-28,70,6.0,5.0,nan,44.0,15.0,35.0,70.0
58,小港,2021-03-28,66,9.0,5.0,nan,34.0,32.0,30.0,66.0
57,前鎮,2021-03-28,62,6.0,7.0,nan,34.0,22.0,nan,62.0
56,前金,2021-03-28,66,6.0,6.0,nan,36.0,17.0,32.0,66.0
54,左營,2021-03-28,56,4.0,6.0,nan,36.0,18.0,34.0,56.0
53,楠梓,2021-03-28,63,3.0,5.0,nan,35.0,19.0,30.0,63.0
52,林園,2021-03-28,71,7.0,6.0,nan,44.0,18.0,31.0,71.0
51,大寮,2021-03-28,81,24.0,6.0,nan,44.0,20.0,32.0,81.0
50,鳳山,2021-03-28,61,6.0,7.0,nan,31.0,25.0,nan,61.0
57,前鎮,2021-03-29,57,3.0,6.0,nan,33.0,20.0,nan,57.0
78,馬公,2021-03-29,49,6.0,3.0,nan,25.0,25.0,39.0,49.0
2,汐止,2021-03-29,99,11.0,9.0,nan,50.0,45.0,44.0,99.0
16,大同,2021-03-29,111,9.0,16.0,nan,57.0,46.0,nan,111.0
35,二林,2021-03-29,108,7.0,3.0,nan,62.0,25.0,38.0,108.0
83,麥寮,2021-03-29,84,6.0,5.0,nan,43.0,13.0,nan,84.0
56,前金,2021-03-29,62,4.0,5.0,nan,31.0,14.0,44.0,62.0
52,林園,2021-03-29,67,9.0,5.0,nan,39.0,18.0,50.0,67.0
15,松山,2021-03-29,106,13.0,9.0,nan,52.0,45.0,43.0,106.0
34,線西,2021-03-29,111,7.0,6.0,nan,57.0,14.0,nan,111.0
51,大寮,2021-03-29,74,16.0,6.0,nan,43.0,27.0,46.0,74.0
75,馬祖,2021-03-29,90,4.0,5.0,nan,20.0,16.0,90.0,63.0
4,新店,2021-03-29,129,10.0,10.0,110.0,51.0,45.0,129.0,109.0
50,鳳山,2021-03-29,61,6.0,7.0,nan,33.0,29.0,nan,61.0
14,古亭,2021-03-29,116,11.0,12.0,nan,55.0,61.0,87.0,116.0
65,宜蘭,2021-03-29,65,6.0,5.0,nan,34.0,8.0,45.0,65.0
13,萬華,2021-03-29,115,10.0,15.0,nan,62.0,62.0,64.0,115.0
33,彰化,2021-03-29,93,11.0,6.0,nan,46.0,18.0,74.0,93.0
49,仁武,2021-03-29,59,9.0,5.0,nan,33.0,14.0,42.0,59.0
77,金門,2021-03-29,84,7.0,5.0,nan,38.0,16.0,61.0,84.0
54,左營,2021-03-29,56,4.0,5.0,nan,33.0,15.0,44.0,56.0
48,橋頭,2021-03-29,63,4.0,5.0,nan,32.0,20.0,43.0,63.0
32,西屯,2021-03-29,123,14.0,6.0,nan,55.0,22.0,43.0,123.0
12,中山,2021-03-29,113,11.0,16.0,nan,61.0,61.0,42.0,113.0
11,士林,2021-03-29,103,6.0,7.0,nan,53.0,34.0,100.0,103.0
63,花蓮,2021-03-29,43,3.0,5.0,nan,35.0,17.0,43.0,nan
71,復興,2021-03-29,61,4.0,7.0,nan,31.0,23.0,nan,61.0
84,富貴角,2021-03-29,77,1.0,3.0,nan,26.0,7.0,77.0,65.0
80,關山,2021-03-29,56,1.0,nan,nan,21.0,7.0,38.0,56.0
10,淡水,2021-03-29,87,4.0,5.0,nan,36.0,29.0,71.0,87.0
31,忠明,2021-03-29,96,11.0,7.0,nan,51.0,28.0,45.0,96.0
47,美濃,2021-03-29,71,4.0,3.0,nan,31.0,8.0,71.0,61.0
62,臺東,2021-03-29,53,3.0,5.0,nan,28.0,8.0,37.0,53.0
70,永和,2021-03-29,120,4.0,23.0,nan,55.0,65.0,nan,120.0
85,大城,2021-03-29,111,4.0,3.0,nan,53.0,8.0,80.0,111.0
30,大里,2021-03-29,-1,nan,nan,nan,nan,nan,nan,nan
46,臺南,2021-03-29,63,6.0,5.0,nan,35.0,19.0,44.0,63.0
29,沙鹿,2021-03-29,95,7.0,6.0,nan,59.0,21.0,48.0,95.0
28,豐原,2021-03-29,118,6.0,6.0,nan,56.0,19.0,80.0,118.0
72,埔里,2021-03-29,101,4.0,5.0,nan,49.0,11.0,101.0,93.0
9,林口,2021-03-29,112,16.0,7.0,nan,53.0,49.0,51.0,112.0
45,安南,2021-03-29,67,6.0,5.0,nan,43.0,21.0,46.0,67.0
27,三義,2021-03-29,103,6.0,5.0,nan,51.0,14.0,44.0,103.0
1,基隆,2021-03-29,83,11.0,6.0,nan,31.0,38.0,44.0,83.0
26,苗栗,2021-03-29,113,7.0,6.0,nan,49.0,19.0,32.0,113.0
8,菜寮,2021-03-29,115,6.0,9.0,nan,57.0,37.0,71.0,115.0
61,恆春,2021-03-29,58,1.0,2.0,nan,nan,3.0,58.0,nan
25,頭份,2021-03-29,111,4.0,5.0,nan,54.0,15.0,nan,111.0
69,竹山,2021-03-29,92,6.0,3.0,nan,48.0,12.0,67.0,92.0
24,新竹,2021-03-29,100,4.0,6.0,nan,47.0,21.0,61.0,100.0
44,善化,2021-03-29,56,3.0,3.0,nan,31.0,19.0,48.0,56.0
7,新莊,2021-03-29,115,13.0,10.0,nan,59.0,60.0,46.0,115.0
64,陽明,2021-03-29,74,4.0,5.0,nan,28.0,9.0,74.0,69.0
23,竹東,2021-03-29,106,6.0,6.0,nan,44.0,28.0,43.0,106.0
68,中壢,2021-03-29,133,4.0,11.0,nan,62.0,36.0,nan,133.0
3,萬里,2021-03-29,84,7.0,5.0,nan,30.0,12.0,84.0,75.0
22,湖口,2021-03-29,115,6.0,6.0,nan,54.0,19.0,54.0,115.0
59,屏東,2021-03-29,69,6.0,5.0,nan,44.0,18.0,67.0,69.0
43,新營,2021-03-29,66,4.0,3.0,nan,41.0,13.0,50.0,66.0
42,嘉義,2021-03-29,70,4.0,5.0,nan,37.0,15.0,46.0,70.0
41,臺西,2021-03-29,71,4.0,3.0,nan,35.0,13.0,nan,71.0
21,龍潭,2021-03-29,117,4.0,7.0,nan,56.0,38.0,46.0,117.0
6,板橋,2021-03-29,120,26.0,12.0,nan,64.0,65.0,48.0,120.0
40,朴子,2021-03-29,63,3.0,5.0,nan,39.0,15.0,41.0,63.0
67,三重,2021-03-29,123,7.0,17.0,nan,56.0,52.0,nan,123.0
39,新港,2021-03-29,69,23.0,5.0,nan,42.0,20.0,49.0,69.0
53,楠梓,2021-03-29,64,3.0,3.0,nan,35.0,19.0,42.0,64.0
20,平鎮,2021-03-29,132,7.0,7.0,nan,65.0,28.0,45.0,132.0
38,崙背,2021-03-29,84,7.0,5.0,nan,47.0,14.0,51.0,84.0
58,小港,2021-03-29,58,6.0,5.0,nan,33.0,29.0,40.0,58.0
19,觀音,2021-03-29,101,10.0,5.0,nan,46.0,17.0,46.0,101.0
37,斗六,2021-03-29,77,4.0,5.0,nan,41.0,11.0,77.0,77.0
66,冬山,2021-03-29,74,4.0,5.0,nan,39.0,13.0,39.0,74.0
5,土城,2021-03-29,127,7.0,10.0,nan,66.0,50.0,87.0,127.0
36,南投,2021-03-29,95,4.0,5.0,nan,50.0,14.0,90.0,95.0
18,大園,2021-03-29,124,11.0,6.0,nan,59.0,41.0,49.0,124.0
17,桃園,2021-03-29,143,9.0,8.0,nan,63.0,38.0,48.0,143.0
30,大里,2021-03-30,-1,nan,nan,nan,nan,nan,nan,nan
13,萬華,2021-03-30,85,10.0,10.0,nan,46.0,43.0,19.0,85.0
12,中山,2021-03-30,92,10.0,11.0,nan,43.0,37.0,19.0,92.0
11,士林,2021-03-30,85,7.0,9.0,nan,45.0,32.0,25.0,85.0
10,淡水,2021-03-30,78,7.0,8.0,nan,37.0,26.0,21.0,78.0
9,林口,2021-03-30,72,7.0,5.0,nan,38.0,25.0,27.0,72.0
15,松山,2021-03-30,94,9.0,11.0,nan,45.0,39.0,25.0,94.0
8,菜寮,2021-03-30,91,6.0,11.0,nan,44.0,34.0,23.0,91.0
7,新莊,2021-03-30,91,9.0,12.0,nan,44.0,43.0,28.0,91.0
6,板橋,2021-03-30,90,10.0,12.0,nan,51.0,47.0,23.0,90.0
5,土城,2021-03-30,95,7.0,10.0,nan,53.0,31.0,34.0,95.0
16,大同,2021-03-30,93,9.0,23.0,nan,46.0,35.0,nan,93.0
4,新店,2021-03-30,88,4.0,8.0,nan,39.0,26.0,37.0,88.0
3,萬里,2021-03-30,65,7.0,6.0,nan,29.0,19.0,32.0,65.0
2,汐止,2021-03-30,97,7.0,9.0,nan,48.0,39.0,29.0,97.0
1,基隆,2021-03-30,78,6.0,6.0,nan,33.0,37.0,27.0,78.0
17,桃園,2021-03-30,90,10.0,8.0,nan,45.0,32.0,30.0,90.0
18,大園,2021-03-30,80,7.0,5.0,nan,42.0,26.0,29.0,80.0
19,觀音,2021-03-30,68,13.0,5.0,nan,38.0,23.0,20.0,68.0
20,平鎮,2021-03-30,69,6.0,5.0,nan,38.0,25.0,28.0,69.0
21,龍潭,2021-03-30,74,4.0,5.0,nan,38.0,23.0,36.0,74.0
22,湖口,2021-03-30,65,7.0,3.0,nan,34.0,25.0,31.0,65.0
23,竹東,2021-03-30,82,4.0,6.0,nan,35.0,16.0,35.0,82.0
24,新竹,2021-03-30,62,6.0,5.0,nan,32.0,25.0,29.0,62.0
25,頭份,2021-03-30,68,6.0,5.0,nan,39.0,19.0,nan,68.0
26,苗栗,2021-03-30,60,6.0,5.0,nan,31.0,19.0,26.0,60.0
27,三義,2021-03-30,68,9.0,5.0,nan,37.0,22.0,31.0,68.0
28,豐原,2021-03-30,76,6.0,6.0,nan,44.0,20.0,39.0,76.0
29,沙鹿,2021-03-30,44,4.0,3.0,nan,31.0,12.0,25.0,44.0
14,古亭,2021-03-30,88,7.0,9.0,nan,40.0,43.0,24.0,88.0
31,忠明,2021-03-30,59,4.0,5.0,nan,31.0,22.0,26.0,59.0
32,西屯,2021-03-30,73,6.0,3.0,nan,36.0,18.0,25.0,73.0
33,彰化,2021-03-30,58,7.0,3.0,nan,31.0,16.0,29.0,58.0
34,線西,2021-03-30,59,3.0,3.0,nan,34.0,9.0,nan,59.0
35,二林,2021-03-30,55,10.0,3.0,nan,37.0,19.0,19.0,55.0
36,南投,2021-03-30,68,4.0,5.0,nan,37.0,11.0,40.0,68.0
37,斗六,2021-03-30,65,3.0,5.0,nan,37.0,14.0,35.0,65.0
38,崙背,2021-03-30,56,6.0,3.0,nan,33.0,14.0,23.0,56.0
39,新港,2021-03-30,52,4.0,3.0,nan,33.0,19.0,27.0,52.0
40,朴子,2021-03-30,49,3.0,5.0,nan,33.0,12.0,21.0,49.0
41,臺西,2021-03-30,39,3.0,3.0,nan,27.0,11.0,nan,39.0
42,嘉義,2021-03-30,60,4.0,3.0,nan,34.0,12.0,30.0,60.0
43,新營,2021-03-30,53,6.0,3.0,nan,35.0,13.0,30.0,53.0
44,善化,2021-03-30,46,4.0,3.0,nan,26.0,16.0,30.0,46.0
45,安南,2021-03-30,58,3.0,5.0,nan,38.0,22.0,30.0,58.0
46,臺南,2021-03-30,51,4.0,3.0,nan,31.0,16.0,26.0,51.0
47,美濃,2021-03-30,59,3.0,5.0,nan,30.0,8.0,45.0,59.0
48,橋頭,2021-03-30,54,4.0,5.0,nan,26.0,19.0,19.0,54.0
49,仁武,2021-03-30,52,4.0,5.0,nan,31.0,24.0,28.0,52.0
50,鳳山,2021-03-30,58,4.0,8.0,nan,30.0,25.0,nan,58.0
51,大寮,2021-03-30,63,4.0,5.0,nan,35.0,20.0,31.0,63.0
52,林園,2021-03-30,50,4.0,3.0,nan,30.0,16.0,28.0,50.0
53,楠梓,2021-03-30,56,3.0,5.0,nan,34.0,22.0,28.0,56.0
54,左營,2021-03-30,38,3.0,3.0,nan,22.0,14.0,27.0,38.0
56,前金,2021-03-30,53,3.0,3.0,nan,26.0,11.0,29.0,53.0
57,前鎮,2021-03-30,42,3.0,5.0,nan,25.0,13.0,nan,42.0
58,小港,2021-03-30,44,4.0,3.0,nan,27.0,23.0,21.0,44.0
59,屏東,2021-03-30,60,3.0,5.0,nan,40.0,16.0,39.0,60.0
61,恆春,2021-03-30,37,3.0,2.0,nan,19.0,3.0,33.0,37.0
62,臺東,2021-03-30,59,1.0,5.0,nan,33.0,6.0,39.0,59.0
63,花蓮,2021-03-30,73,3.0,5.0,nan,33.0,14.0,40.0,73.0
64,陽明,2021-03-30,51,3.0,3.0,nan,19.0,7.0,31.0,51.0
65,宜蘭,2021-03-30,66,4.0,6.0,nan,31.0,13.0,38.0,66.0
66,冬山,2021-03-30,75,9.0,6.0,nan,36.0,13.0,29.0,75.0
67,三重,2021-03-30,100,9.0,17.0,nan,43.0,42.0,nan,100.0
68,中壢,2021-03-30,72,7.0,14.0,nan,36.0,30.0,nan,72.0
69,竹山,2021-03-30,70,6.0,5.0,nan,43.0,13.0,36.0,70.0
70,永和,2021-03-30,84,7.0,16.0,nan,39.0,46.0,nan,84.0
71,復興,2021-03-30,42,3.0,5.0,nan,22.0,16.0,nan,42.0
72,埔里,2021-03-30,91,4.0,5.0,nan,46.0,17.0,50.0,91.0
75,馬祖,2021-03-30,92,6.0,6.0,nan,36.0,25.0,64.0,92.0
77,金門,2021-03-30,56,6.0,3.0,nan,22.0,23.0,28.0,56.0
78,馬公,2021-03-30,31,6.0,2.0,nan,17.0,9.0,22.0,31.0
80,關山,2021-03-30,67,1.0,nan,nan,29.0,7.0,42.0,67.0
83,麥寮,2021-03-30,52,3.0,3.0,nan,30.0,10.0,nan,52.0
84,富貴角,2021-03-30,67,1.0,3.0,nan,32.0,11.0,38.0,67.0
85,大城,2021-03-30,66,3.0,2.0,nan,36.0,7.0,24.0,66.0
1,基隆,2021-03-31,71,6,8.0,nan,29.0,42,22.0,71.0
2,汐止,2021-03-31,69,11,10.0,nan,33.0,47,21.0,69.0
3,萬里,2021-03-31,69,4,5.0,nan,33.0,25,44.0,69.0
4,新店,2021-03-31,75,6,9.0,nan,38.0,39,22.0,75.0
5,土城,2021-03-31,69,7,8.0,nan,41.0,34,19.0,69.0
6,板橋,2021-03-31,68,13,10.0,nan,35.0,43,18.0,68.0
7,新莊,2021-03-31,71,20,9.0,nan,34.0,42,20.0,71.0
8,菜寮,2021-03-31,80,4,14.0,nan,38.0,43,22.0,80.0
9,林口,2021-03-31,68,11,7.0,nan,33.0,41,22.0,68.0
10,淡水,2021-03-31,77,4,8.0,nan,33.0,52,28.0,77.0
11,士林,2021-03-31,77,4,10.0,nan,39.0,42,22.0,77.0
12,中山,2021-03-31,77,11,15.0,nan,35.0,46,15.0,77.0
13,萬華,2021-03-31,74,10,14.0,nan,37.0,46,17.0,74.0
14,古亭,2021-03-31,75,9,12.0,nan,33.0,45,19.0,75.0
15,松山,2021-03-31,75,11,14.0,nan,35.0,43,18.0,75.0
16,大同,2021-03-31,75,9,28.0,nan,37.0,46,nan,75.0
17,桃園,2021-03-31,83,26,8.0,nan,38.0,36,19.0,83.0
18,大園,2021-03-31,87,10,7.0,nan,42.0,49,25.0,87.0
19,觀音,2021-03-31,92,13,7.0,nan,48.0,40,27.0,92.0
20,平鎮,2021-03-31,79,6,7.0,nan,38.0,33,19.0,79.0
21,龍潭,2021-03-31,67,6,6.0,nan,31.0,27,19.0,67.0
22,湖口,2021-03-31,81,6,5.0,nan,37.0,22,35.0,81.0
23,竹東,2021-03-31,73,7,5.0,nan,29.0,19,27.0,73.0
24,新竹,2021-03-31,78,4,7.0,nan,36.0,28,39.0,78.0
25,頭份,2021-03-31,97,6,5.0,nan,48.0,21,nan,97.0
26,苗栗,2021-03-31,83,10,5.0,nan,39.0,20,23.0,83.0
27,三義,2021-03-31,73,9,5.0,nan,38.0,18,31.0,73.0
28,豐原,2021-03-31,74,10,6.0,nan,39.0,23,39.0,74.0
29,沙鹿,2021-03-31,53,11,5.0,nan,34.0,17,29.0,53.0
30,大里,2021-03-31,20,20,5.0,nan,nan,17,nan,nan
31,忠明,2021-03-31,60,10,5.0,nan,32.0,18,26.0,60.0
32,西屯,2021-03-31,72,13,5.0,nan,35.0,17,27.0,72.0
33,彰化,2021-03-31,56,9,3.0,nan,30.0,14,34.0,56.0
34,線西,2021-03-31,66,6,3.0,nan,41.0,11,nan,66.0
35,二林,2021-03-31,54,13,2.0,nan,34.0,27,24.0,54.0
36,南投,2021-03-31,64,4,5.0,nan,32.0,12,35.0,64.0
37,斗六,2021-03-31,61,7,3.0,nan,32.0,13,34.0,61.0
38,崙背,2021-03-31,52,4,2.0,nan,29.0,9,27.0,52.0
39,新港,2021-03-31,47,6,3.0,nan,27.0,13,30.0,47.0
40,朴子,2021-03-31,43,3,3.0,nan,26.0,9,21.0,43.0
41,臺西,2021-03-31,40,4,2.0,nan,25.0,11,nan,40.0
42,嘉義,2021-03-31,52,6,3.0,nan,28.0,15,30.0,52.0
43,新營,2021-03-31,48,7,3.0,nan,29.0,17,31.0,48.0
44,善化,2021-03-31,45,7,3.0,nan,25.0,16,38.0,45.0
45,安南,2021-03-31,50,6,3.0,nan,30.0,16,31.0,50.0
46,臺南,2021-03-31,47,4,3.0,nan,27.0,18,28.0,47.0
47,美濃,2021-03-31,58,4,3.0,nan,27.0,8,58.0,50.0
48,橋頭,2021-03-31,48,6,5.0,nan,22.0,13,31.0,48.0
49,仁武,2021-03-31,49,6,5.0,nan,27.0,22,31.0,49.0
50,鳳山,2021-03-31,53,9,7.0,nan,26.0,25,nan,53.0
51,大寮,2021-03-31,66,16,6.0,nan,36.0,27,33.0,66.0
52,林園,2021-03-31,52,9,3.0,nan,29.0,23,36.0,52.0
53,楠梓,2021-03-31,51,4,5.0,nan,30.0,20,31.0,51.0
54,左營,2021-03-31,41,4,3.0,nan,22.0,14,31.0,41.0
56,前金,2021-03-31,51,3,3.0,nan,23.0,15,32.0,51.0
57,前鎮,2021-03-31,50,7,5.0,nan,24.0,19,nan,50.0
58,小港,2021-03-31,48,9,3.0,nan,25.0,25,24.0,48.0
59,屏東,2021-03-31,58,14,6.0,nan,35.0,22,37.0,58.0
61,恆春,2021-03-31,50,3,3.0,nan,23.0,4,50.0,45.0
62,臺東,2021-03-31,56,3,5.0,nan,32.0,6,40.0,56.0
63,花蓮,2021-03-31,52,3,3.0,nan,26.0,9,36.0,52.0
64,陽明,2021-03-31,36,3,3.0,nan,13.0,8,36.0,36.0
65,宜蘭,2021-03-31,57,3,6.0,nan,27.0,11,34.0,57.0
66,冬山,2021-03-31,65,17,7.0,nan,35.0,26,24.0,65.0
67,三重,2021-03-31,87,7,26.0,nan,36.0,49,nan,87.0
68,中壢,2021-03-31,79,6,20.0,nan,36.0,42,nan,79.0
69,竹山,2021-03-31,67,4,3.0,nan,33.0,10,33.0,67.0
70,永和,2021-03-31,71,13,20.0,nan,36.0,47,nan,71.0
71,復興,2021-03-31,47,7,5.0,nan,24.0,21,nan,47.0
72,埔里,2021-03-31,70,3,5.0,nan,37.0,10,50.0,70.0
75,馬祖,2021-03-31,64,4,5.0,nan,26.0,32,49.0,64.0
77,金門,2021-03-31,44,7,5.0,nan,19.0,19,44.0,44.0
78,馬公,2021-03-31,37,4,2.0,nan,19.0,8,25.0,37.0
80,關山,2021-03-31,67,1,nan,nan,29.0,5,38.0,67.0
83,麥寮,2021-03-31,52,1,3.0,nan,26.0,8,nan,52.0
84,富貴角,2021-03-31,75,1,3.0,nan,37.0,8,44.0,75.0
85,大城,2021-03-31,67,4,2.0,nan,34.0,10,38.0,67.0
