siteid,sitename,monitordate,aqi,so2subindex,cosubindex,o3subindex,pm10subindex,no2subindex,o38subindex,pm25subindex
84,富貴角,2020-04-01,80,1,2.0,nan,30.0,4,80.0,28
83,麥寮,2020-04-01,55,7,nan,nan,55.0,15,nan,50
80,關山,2020-04-01,33,1,nan,nan,5.0,5,33.0,23
78,馬公,2020-04-01,74,3,3.0,nan,21.0,4,74.0,32
77,金門,2020-04-01,61,4,5.0,nan,27.0,14,61.0,56
75,馬祖,2020-04-01,84,3,3.0,nan,16.0,10,84.0,40
72,埔里,2020-04-01,77,6,5.0,nan,29.0,17,77.0,65
71,復興,2020-04-01,68,6,8.0,nan,53.0,30,nan,68
70,永和,2020-04-01,28,4,9.0,nan,16.0,28,nan,23
69,竹山,2020-04-01,70,4,3.0,nan,39.0,20,44.0,70
68,中壢,2020-04-01,34,3,11.0,nan,17.0,34,nan,29
67,三重,2020-04-01,45,6,18.0,nan,20.0,45,nan,40
66,冬山,2020-04-01,42,4,3.0,nan,21.0,16,42.0,33
65,宜蘭,2020-04-01,45,4,3.0,nan,12.0,9,45.0,19
64,陽明,2020-04-01,54,1,2.0,nan,5.0,3,54.0,6
63,花蓮,2020-04-01,42,3,3.0,nan,23.0,22,42.0,35
62,臺東,2020-04-01,36,1,5.0,nan,13.0,7,36.0,16
61,恆春,2020-04-01,44,6,3.0,nan,17.0,18,44.0,37
60,潮州,2020-04-01,62,4,5.0,nan,42.0,20,54.0,62
59,屏東,2020-04-01,62,6,6.0,nan,47.0,25,47.0,62
58,小港,2020-04-01,68,6,6.0,nan,49.0,40,38.0,68
57,前鎮,2020-04-01,66,4,nan,nan,53.0,30,nan,66
56,前金,2020-04-01,72,6,6.0,nan,56.0,23,46.0,72
54,左營,2020-04-01,67,4,6.0,nan,52.0,20,45.0,67
53,楠梓,2020-04-01,80,4,6.0,nan,57.0,22,42.0,80
52,林園,2020-04-01,61,10,5.0,nan,55.0,32,45.0,61
51,大寮,2020-04-01,76,7,6.0,nan,50.0,29,46.0,76
50,鳳山,2020-04-01,67,6,8.0,nan,53.0,31,nan,67
49,仁武,2020-04-01,81,9,6.0,nan,55.0,26,41.0,81
48,橋頭,2020-04-01,83,6,7.0,nan,56.0,26,41.0,83
47,美濃,2020-04-01,65,4,5.0,nan,38.0,12,44.0,65
46,臺南,2020-04-01,69,7,6.0,nan,52.0,23,43.0,69
45,安南,2020-04-01,73,4,5.0,nan,57.0,22,46.0,73
44,善化,2020-04-01,71,9,5.0,nan,53.0,20,36.0,71
43,新營,2020-04-01,63,6,5.0,nan,50.0,23,38.0,63
42,嘉義,2020-04-01,68,7,6.0,nan,43.0,27,33.0,68
41,臺西,2020-04-01,41,3,nan,nan,30.0,10,nan,41
40,朴子,2020-04-01,61,6,5.0,nan,55.0,19,42.0,61
39,新港,2020-04-01,57,9,5.0,nan,50.0,19,37.0,57
38,崙背,2020-04-01,55,11,5.0,nan,52.0,19,36.0,55
37,斗六,2020-04-01,56,3,3.0,nan,41.0,18,43.0,56
36,南投,2020-04-01,56,4,7.0,nan,38.0,23,34.0,56
35,二林,2020-04-01,46,11,6.0,nan,45.0,18,33.0,46
34,線西,2020-04-01,36,9,nan,nan,27.0,14,nan,36
33,彰化,2020-04-01,36,6,5.0,nan,23.0,18,31.0,36
32,西屯,2020-04-01,39,1,3.0,nan,19.0,16,39.0,38
31,忠明,2020-04-01,43,4,5.0,nan,19.0,18,29.0,43
30,大里,2020-04-01,47,6,6.0,nan,26.0,22,28.0,47
29,沙鹿,2020-04-01,42,3,3.0,nan,16.0,11,42.0,31
28,豐原,2020-04-01,40,3,3.0,nan,17.0,11,32.0,40
27,三義,2020-04-01,36,3,3.0,nan,9.0,10,36.0,23
26,苗栗,2020-04-01,32,1,5.0,nan,16.0,11,32.0,26
25,頭份,2020-04-01,27,1,nan,nan,14.0,16,nan,27
24,新竹,2020-04-01,40,7,5.0,nan,15.0,15,40.0,23
23,竹東,2020-04-01,49,3,3.0,nan,10.0,10,49.0,26
22,湖口,2020-04-01,49,3,3.0,nan,12.0,8,49.0,29
21,龍潭,2020-04-01,47,4,5.0,nan,14.0,16,47.0,25
20,平鎮,2020-04-01,41,3,6.0,nan,16.0,24,41.0,24
19,觀音,2020-04-01,50,7,3.0,nan,14.0,9,50.0,23
18,大園,2020-04-01,61,3,3.0,nan,16.0,13,61.0,25
17,桃園,2020-04-01,35,4,6.0,nan,15.0,20,35.0,26
16,大同,2020-04-01,39,7,18.0,nan,19.0,39,nan,34
15,松山,2020-04-01,39,6,5.0,nan,17.0,25,39.0,31
14,古亭,2020-04-01,44,4,5.0,nan,15.0,22,44.0,26
13,萬華,2020-04-01,34,1,7.0,nan,15.0,31,34.0,28
12,中山,2020-04-01,31,6,8.0,nan,14.0,31,31.0,26
1,基隆,2020-04-01,64,3,3.0,nan,18.0,26,64.0,26
11,士林,2020-04-01,58,3,6.0,nan,12.0,28,58.0,20
10,淡水,2020-04-01,49,4,3.0,nan,11.0,7,49.0,19
9,林口,2020-04-01,44,4,3.0,nan,14.0,16,44.0,25
8,菜寮,2020-04-01,35,1,6.0,nan,13.0,25,35.0,25
7,新莊,2020-04-01,44,3,6.0,nan,16.0,21,44.0,28
6,板橋,2020-04-01,34,6,6.0,nan,13.0,28,34.0,26
5,土城,2020-04-01,44,3,5.0,nan,nan,20,44.0,24
4,新店,2020-04-01,47,1,5.0,nan,12.0,14,47.0,24
3,萬里,2020-04-01,77,1,2.0,nan,35.0,8,77.0,27
2,汐止,2020-04-01,46,4,5.0,nan,15.0,28,46.0,22
68,中壢,2020-04-02,42,4,10.0,nan,19,42,nan,42
2,汐止,2020-04-02,44,7,5.0,nan,18,26,44.0,35
3,萬里,2020-04-02,61,3,3.0,nan,31,8,61.0,42
4,新店,2020-04-02,44,3,5.0,nan,9,16,44.0,26
5,土城,2020-04-02,43,4,5.0,nan,12,21,43.0,31
6,板橋,2020-04-02,37,3,5.0,nan,16,27,37.0,33
7,新莊,2020-04-02,43,6,5.0,nan,16,24,43.0,36
8,菜寮,2020-04-02,33,3,6.0,nan,17,25,31.0,33
9,林口,2020-04-02,45,3,5.0,nan,19,18,45.0,38
10,淡水,2020-04-02,44,3,6.0,nan,16,15,44.0,35
11,士林,2020-04-02,49,4,3.0,nan,13,20,49.0,30
12,中山,2020-04-02,38,6,7.0,nan,16,25,38.0,35
13,萬華,2020-04-02,37,6,5.0,nan,17,25,37.0,35
14,古亭,2020-04-02,44,3,5.0,nan,15,17,44.0,34
15,松山,2020-04-02,43,6,5.0,nan,19,25,41.0,43
16,大同,2020-04-02,45,4,9.0,nan,20,43,nan,45
17,桃園,2020-04-02,35,7,6.0,nan,15,21,35.0,33
18,大園,2020-04-02,67,10,3.0,nan,25,25,67.0,48
19,觀音,2020-04-02,71,10,3.0,nan,28,17,71.0,47
20,平鎮,2020-04-02,42,4,6.0,nan,23,30,41.0,42
21,龍潭,2020-04-02,42,4,5.0,nan,14,15,42.0,31
22,湖口,2020-04-02,54,4,3.0,nan,20,13,54.0,51
23,竹東,2020-04-02,38,4,5.0,nan,14,16,38.0,35
24,新竹,2020-04-02,48,4,5.0,nan,24,18,43.0,48
25,頭份,2020-04-02,47,4,nan,nan,22,21,nan,47
26,苗栗,2020-04-02,52,6,5.0,nan,23,18,27.0,52
27,三義,2020-04-02,40,3,5.0,nan,14,19,31.0,40
28,豐原,2020-04-02,51,3,5.0,nan,20,21,41.0,51
29,沙鹿,2020-04-02,46,3,3.0,nan,21,19,45.0,46
30,大里,2020-04-02,54,4,6.0,nan,25,23,36.0,54
31,忠明,2020-04-02,50,4,5.0,nan,20,24,38.0,50
32,西屯,2020-04-02,47,1,3.0,nan,22,25,45.0,47
33,彰化,2020-04-02,41,6,6.0,nan,22,21,36.0,41
34,線西,2020-04-02,46,7,nan,nan,29,18,nan,46
35,二林,2020-04-02,52,7,3.0,nan,29,11,38.0,52
36,南投,2020-04-02,58,4,7.0,nan,29,22,39.0,58
37,斗六,2020-04-02,63,4,5.0,nan,31,18,45.0,63
38,崙背,2020-04-02,54,6,5.0,nan,31,16,47.0,54
1,基隆,2020-04-02,44,3,3.0,nan,18,21,44.0,33
39,新港,2020-04-02,54,7,5.0,nan,31,16,46.0,54
40,朴子,2020-04-02,55,7,5.0,nan,33,20,44.0,55
41,臺西,2020-04-02,57,10,nan,nan,31,19,nan,57
42,嘉義,2020-04-02,67,7,6.0,nan,32,22,37.0,67
43,新營,2020-04-02,61,4,5.0,nan,32,21,42.0,61
44,善化,2020-04-02,62,7,5.0,nan,34,17,42.0,62
45,安南,2020-04-02,65,6,6.0,nan,36,23,48.0,65
46,臺南,2020-04-02,63,4,7.0,nan,34,22,45.0,63
47,美濃,2020-04-02,69,6,5.0,nan,36,15,41.0,69
48,橋頭,2020-04-02,75,7,7.0,nan,39,35,47.0,75
49,仁武,2020-04-02,82,7,7.0,nan,42,29,48.0,82
50,鳳山,2020-04-02,68,10,7.0,nan,43,31,nan,68
51,大寮,2020-04-02,77,7,7.0,nan,44,33,48.0,77
52,林園,2020-04-02,71,13,6.0,nan,49,33,48.0,71
53,楠梓,2020-04-02,74,9,6.0,nan,44,36,46.0,74
54,左營,2020-04-02,71,4,7.0,nan,39,30,48.0,71
56,前金,2020-04-02,75,7,7.0,nan,44,26,54.0,75
57,前鎮,2020-04-02,71,6,nan,nan,44,26,nan,71
58,小港,2020-04-02,73,9,7.0,nan,42,30,47.0,73
59,屏東,2020-04-02,69,6,6.0,nan,46,22,51.0,69
60,潮州,2020-04-02,80,6,7.0,nan,51,26,47.0,80
61,恆春,2020-04-02,58,1,2.0,nan,5,3,58.0,16
62,臺東,2020-04-02,44,1,3.0,nan,22,9,44.0,15
63,花蓮,2020-04-02,46,3,5.0,nan,14,14,46.0,25
64,陽明,2020-04-02,58,3,2.0,nan,5,1,58.0,10
65,宜蘭,2020-04-02,45,6,3.0,nan,11,8,45.0,19
66,冬山,2020-04-02,37,3,3.0,nan,11,11,37.0,24
67,三重,2020-04-02,45,4,16.0,nan,22,42,nan,45
69,竹山,2020-04-02,67,6,5.0,nan,30,17,43.0,67
70,永和,2020-04-02,27,4,6.0,nan,16,24,nan,27
71,復興,2020-04-02,74,6,9.0,nan,46,30,nan,74
72,埔里,2020-04-02,64,4,5.0,nan,26,15,48.0,64
75,馬祖,2020-04-02,79,1,3.0,nan,35,9,71.0,79
77,金門,2020-04-02,61,6,3.0,nan,27,11,61.0,55
78,馬公,2020-04-02,77,3,3.0,nan,34,3,77.0,49
80,關山,2020-04-02,35,1,nan,nan,5,6,35.0,19
83,麥寮,2020-04-02,55,9,nan,nan,33,18,nan,55
84,富貴角,2020-04-02,97,1,3.0,nan,43,3,97.0,53
1,基隆,2020-04-03,52,4,5.0,nan,28,18,48.0,52
84,富貴角,2020-04-03,77,1,2.0,nan,41,2,77.0,53
83,麥寮,2020-04-03,69,7,nan,nan,47,13,nan,69
80,關山,2020-04-03,33,1,nan,nan,5,6,33.0,23
78,馬公,2020-04-03,62,4,2.0,nan,43,3,61.0,62
77,金門,2020-04-03,70,7,5.0,nan,29,14,40.0,70
75,馬祖,2020-04-03,79,3,3.0,nan,34,16,50.0,79
72,埔里,2020-04-03,75,4,5.0,nan,34,11,64.0,75
71,復興,2020-04-03,94,10,9.0,nan,54,32,nan,94
70,永和,2020-04-03,45,4,7.0,nan,27,26,nan,45
69,竹山,2020-04-03,92,6,5.0,nan,46,17,47.0,92
68,中壢,2020-04-03,59,4,8.0,nan,34,31,nan,59
67,三重,2020-04-03,64,4,16.0,nan,31,46,nan,64
66,冬山,2020-04-03,41,3,3.0,nan,14,16,41.0,30
65,宜蘭,2020-04-03,47,10,3.0,nan,14,7,47.0,24
64,陽明,2020-04-03,49,3,2.0,nan,5,2,49.0,13
63,花蓮,2020-04-03,47,4,3.0,nan,14,10,47.0,23
62,臺東,2020-04-03,43,1,5.0,nan,11,8,43.0,13
61,恆春,2020-04-03,51,1,2.0,nan,10,2,51.0,22
60,潮州,2020-04-03,112,13,6.0,nan,47,18,112.0,90
59,屏東,2020-04-03,126,13,8.0,nan,50,21,126.0,88
58,小港,2020-04-03,90,13,8.0,nan,46,37,90.0,87
57,前鎮,2020-04-03,90,11,nan,nan,51,31,nan,90
56,前金,2020-04-03,92,11,7.0,nan,53,18,90.0,92
54,左營,2020-04-03,90,6,7.0,nan,49,18,90.0,88
53,楠梓,2020-04-03,89,4,6.0,nan,49,15,87.0,89
52,林園,2020-04-03,92,10,6.0,nan,54,26,84.0,92
51,大寮,2020-04-03,100,16,7.0,nan,48,29,100.0,94
50,鳳山,2020-04-03,83,9,8.0,nan,47,25,nan,83
49,仁武,2020-04-03,97,9,7.0,nan,49,22,97.0,96
48,橋頭,2020-04-03,98,6,6.0,nan,49,17,84.0,98
47,美濃,2020-04-03,101,4,5.0,nan,38,9,101.0,78
46,臺南,2020-04-03,80,6,6.0,nan,49,13,74.0,80
45,安南,2020-04-03,84,4,6.0,nan,52,14,84.0,82
44,善化,2020-04-03,84,7,5.0,nan,48,13,74.0,84
43,新營,2020-04-03,77,7,5.0,nan,44,15,64.0,77
42,嘉義,2020-04-03,88,9,6.0,nan,44,16,46.0,88
41,臺西,2020-04-03,66,10,nan,nan,40,14,nan,66
40,朴子,2020-04-03,75,6,5.0,nan,47,14,50.0,75
39,新港,2020-04-03,77,7,5.0,nan,44,13,51.0,77
38,崙背,2020-04-03,72,6,6.0,nan,44,15,48.0,72
37,斗六,2020-04-03,82,4,5.0,nan,45,19,58.0,82
36,南投,2020-04-03,78,4,6.0,nan,44,19,46.0,78
35,二林,2020-04-03,69,9,5.0,nan,40,12,40.0,69
34,線西,2020-04-03,63,7,nan,nan,38,15,nan,63
33,彰化,2020-04-03,57,4,5.0,nan,33,15,38.0,57
32,西屯,2020-04-03,65,4,3.0,nan,31,18,47.0,65
31,忠明,2020-04-03,63,3,5.0,nan,29,16,38.0,63
30,大里,2020-04-03,66,4,6.0,nan,35,22,36.0,66
29,沙鹿,2020-04-03,69,3,3.0,nan,35,11,48.0,69
28,豐原,2020-04-03,55,6,5.0,nan,24,12,42.0,55
27,三義,2020-04-03,39,3,3.0,nan,17,10,37.0,39
26,苗栗,2020-04-03,69,6,5.0,nan,41,18,31.0,69
25,頭份,2020-04-03,66,4,nan,nan,41,15,nan,66
24,新竹,2020-04-03,62,6,5.0,nan,41,13,49.0,62
23,竹東,2020-04-03,58,3,3.0,nan,28,12,45.0,58
22,湖口,2020-04-03,61,3,3.0,nan,33,8,61.0,58
21,龍潭,2020-04-03,58,4,6.0,nan,33,16,44.0,58
20,平鎮,2020-04-03,56,4,6.0,nan,36,20,46.0,56
19,觀音,2020-04-03,54,6,2.0,nan,36,7,54.0,52
18,大園,2020-04-03,74,6,2.0,nan,35,17,74.0,54
17,桃園,2020-04-03,56,7,6.0,nan,31,17,36.0,56
16,大同,2020-04-03,57,4,14.0,nan,27,46,nan,57
15,松山,2020-04-03,55,3,3.0,nan,31,19,44.0,55
14,古亭,2020-04-03,51,3,5.0,nan,27,17,44.0,51
13,萬華,2020-04-03,51,4,5.0,nan,27,25,40.0,51
12,中山,2020-04-03,51,3,6.0,nan,22,23,40.0,51
11,士林,2020-04-03,50,3,5.0,nan,23,18,50.0,48
10,淡水,2020-04-03,51,3,5.0,nan,24,12,51.0,43
9,林口,2020-04-03,54,4,3.0,nan,31,12,54.0,51
8,菜寮,2020-04-03,54,4,6.0,nan,25,23,33.0,54
7,新莊,2020-04-03,56,3,6.0,nan,26,24,47.0,56
6,板橋,2020-04-03,50,4,6.0,nan,27,24,38.0,50
5,土城,2020-04-03,51,3,5.0,nan,24,22,46.0,51
4,新店,2020-04-03,50,3,5.0,nan,19,14,50.0,42
3,萬里,2020-04-03,71,3,2.0,nan,44,5,71.0,53
2,汐止,2020-04-03,53,4,3.0,nan,30,19,50.0,53
38,崙背,2020-04-04,59,7,5.0,nan,42,16,51.0,59
1,基隆,2020-04-04,87,3,3.0,nan,24,9,87.0,46
2,汐止,2020-04-04,61,4,5.0,nan,24,15,61.0,46
3,萬里,2020-04-04,101,3,2.0,nan,48,4,101.0,49
4,新店,2020-04-04,58,3,5.0,nan,21,12,58.0,50
5,土城,2020-04-04,50,3,5.0,nan,21,11,50.0,47
6,板橋,2020-04-04,45,6,6.0,nan,21,21,44.0,45
7,新莊,2020-04-04,61,3,3.0,nan,22,11,61.0,48
8,菜寮,2020-04-04,49,3,6.0,nan,21,16,41.0,49
9,林口,2020-04-04,77,1,3.0,nan,24,10,77.0,48
10,淡水,2020-04-04,74,3,3.0,nan,19,4,74.0,40
11,士林,2020-04-04,77,3,3.0,nan,19,9,77.0,43
12,中山,2020-04-04,46,3,6.0,nan,19,22,46.0,46
13,萬華,2020-04-04,47,3,3.0,nan,22,19,45.0,47
14,古亭,2020-04-04,50,3,5.0,nan,21,15,50.0,45
15,松山,2020-04-04,54,4,3.0,nan,24,15,54.0,53
16,大同,2020-04-04,53,3,8.0,nan,23,38,nan,53
17,桃園,2020-04-04,47,10,5.0,nan,24,16,39.0,47
18,大園,2020-04-04,93,7,3.0,nan,26,13,93.0,49
19,觀音,2020-04-04,80,7,2.0,nan,24,8,80.0,43
20,平鎮,2020-04-04,52,3,5.0,nan,27,16,50.0,52
21,龍潭,2020-04-04,54,3,5.0,nan,22,11,54.0,49
22,湖口,2020-04-04,84,3,3.0,nan,22,8,84.0,49
23,竹東,2020-04-04,71,1,3.0,nan,19,7,71.0,44
24,新竹,2020-04-04,61,4,3.0,nan,26,9,61.0,50
25,頭份,2020-04-04,55,3,nan,nan,24,11,nan,55
26,苗栗,2020-04-04,50,4,3.0,nan,23,9,36.0,50
27,三義,2020-04-04,43,3,3.0,nan,16,8,43.0,37
28,豐原,2020-04-04,44,4,3.0,nan,15,11,44.0,41
29,沙鹿,2020-04-04,56,3,5.0,nan,21,9,50.0,56
30,大里,2020-04-04,50,4,5.0,nan,22,14,38.0,50
31,忠明,2020-04-04,53,4,5.0,nan,19,12,41.0,53
32,西屯,2020-04-04,51,4,3.0,nan,19,11,49.0,51
33,彰化,2020-04-04,45,3,5.0,nan,21,10,41.0,45
34,線西,2020-04-04,53,7,nan,nan,29,12,nan,53
35,二林,2020-04-04,56,11,5.0,nan,32,13,43.0,56
36,南投,2020-04-04,61,3,5.0,nan,29,14,49.0,61
37,斗六,2020-04-04,74,4,5.0,nan,36,16,74.0,70
39,新港,2020-04-04,66,6,5.0,nan,39,12,58.0,66
40,朴子,2020-04-04,65,7,5.0,nan,44,12,64.0,65
41,臺西,2020-04-04,51,4,nan,nan,30,9,nan,51
42,嘉義,2020-04-04,81,7,5.0,nan,37,15,49.0,81
43,新營,2020-04-04,67,4,5.0,nan,37,11,67.0,66
44,善化,2020-04-04,77,9,5.0,nan,44,11,77.0,77
45,安南,2020-04-04,93,6,5.0,nan,47,13,93.0,76
46,臺南,2020-04-04,84,6,5.0,nan,44,14,84.0,74
47,美濃,2020-04-04,84,3,5.0,nan,37,9,84.0,76
48,橋頭,2020-04-04,90,6,5.0,nan,46,13,90.0,89
49,仁武,2020-04-04,100,6,5.0,nan,46,16,100.0,90
50,鳳山,2020-04-04,83,6,6.0,nan,47,21,nan,83
51,大寮,2020-04-04,118,11,6.0,nan,50,16,118.0,94
52,林園,2020-04-04,105,14,7.0,nan,62,27,100.0,105
53,楠梓,2020-04-04,97,4,5.0,nan,48,12,97.0,87
54,左營,2020-04-04,104,6,6.0,nan,49,16,104.0,86
56,前金,2020-04-04,108,6,6.0,nan,52,13,108.0,88
57,前鎮,2020-04-04,85,6,nan,nan,51,21,nan,85
58,小港,2020-04-04,112,9,6.0,nan,47,19,112.0,84
59,屏東,2020-04-04,118,11,6.0,nan,51,13,118.0,84
60,潮州,2020-04-04,143,6,5.0,nan,46,13,143.0,87
61,恆春,2020-04-04,67,1,2.0,nan,11,2,67.0,26
62,臺東,2020-04-04,44,3,5.0,nan,11,6,44.0,10
63,花蓮,2020-04-04,67,3,3.0,nan,14,9,67.0,25
64,陽明,2020-04-04,74,3,2.0,nan,9,1,74.0,17
65,宜蘭,2020-04-04,54,4,3.0,nan,13,5,54.0,24
66,冬山,2020-04-04,47,1,3.0,nan,16,9,47.0,35
67,三重,2020-04-04,61,4,16.0,nan,28,41,nan,61
68,中壢,2020-04-04,52,3,7.0,nan,26,30,nan,52
69,竹山,2020-04-04,78,4,3.0,nan,35,12,67.0,78
70,永和,2020-04-04,43,4,6.0,nan,24,17,nan,43
71,復興,2020-04-04,94,6,8.0,nan,53,22,nan,94
72,埔里,2020-04-04,67,3,5.0,nan,23,14,67.0,59
75,馬祖,2020-04-04,75,3,3.0,nan,35,8,58.0,75
77,金門,2020-04-04,77,9,5.0,nan,36,15,67.0,77
78,馬公,2020-04-04,77,3,2.0,nan,34,3,77.0,54
80,關山,2020-04-04,39,3,nan,nan,5,6,39.0,23
83,麥寮,2020-04-04,56,7,nan,nan,49,12,nan,56
84,富貴角,2020-04-04,101,1,2.0,nan,35,2,101.0,51
2,汐止,2020-04-05,61,6,6.0,nan,36,19.0,61.0,54
1,基隆,2020-04-05,100,3,3.0,nan,36,10.0,100.0,54
84,富貴角,2020-04-05,104,1,2.0,nan,48,3.0,104.0,58
83,麥寮,2020-04-05,65,7,nan,nan,51,14.0,nan,65
80,關山,2020-04-05,44,1,nan,nan,19,5.0,44.0,42
78,馬公,2020-04-05,101,3,3.0,nan,40,2.0,101.0,62
77,金門,2020-04-05,82,7,5.0,nan,54,14.0,64.0,82
75,馬祖,2020-04-05,103,4,6.0,nan,59,9.0,97.0,103
72,埔里,2020-04-05,65,4,5.0,nan,26,14.0,39.0,65
71,復興,2020-04-05,85,10,8.0,nan,49,36.0,nan,85
70,永和,2020-04-05,52,4,6.0,nan,32,16.0,nan,52
69,竹山,2020-04-05,70,6,5.0,nan,34,15.0,43.0,70
68,中壢,2020-04-05,58,4,8.0,nan,34,33.0,nan,58
67,三重,2020-04-05,67,3,14.0,nan,40,45.0,nan,67
66,冬山,2020-04-05,55,4,3.0,nan,29,16.0,48.0,55
65,宜蘭,2020-04-05,50,13,5.0,nan,28,5.0,50.0,50
64,陽明,2020-04-05,77,3,2.0,nan,25,2.0,77.0,42
63,花蓮,2020-04-05,84,3,5.0,nan,27,8.0,84.0,48
62,臺東,2020-04-05,48,1,3.0,nan,18,7.0,48.0,29
61,恆春,2020-04-05,90,1,2.0,nan,14,2.0,90.0,33
60,潮州,2020-04-05,115,9,6.0,nan,43,12.0,115.0,81
59,屏東,2020-04-05,97,17,7.0,nan,44,25.0,97.0,79
58,小港,2020-04-05,93,11,7.0,nan,46,37.0,93.0,83
57,前鎮,2020-04-05,82,9,nan,nan,49,34.0,nan,82
56,前金,2020-04-05,90,9,7.0,nan,48,23.0,90.0,87
54,左營,2020-04-05,87,6,6.0,nan,46,27.0,87.0,81
53,楠梓,2020-04-05,87,7,6.0,nan,46,21.0,87.0,81
52,林園,2020-04-05,97,10,5.0,nan,53,26.0,97.0,86
51,大寮,2020-04-05,83,40,8.0,nan,44,34.0,74.0,83
50,鳳山,2020-04-05,73,19,7.0,nan,44,30.0,nan,73
49,仁武,2020-04-05,88,14,6.0,nan,44,25.0,87.0,88
48,橋頭,2020-04-05,84,6,6.0,nan,42,18.0,84.0,77
47,美濃,2020-04-05,84,6,5.0,nan,39,10.0,84.0,80
46,臺南,2020-04-05,72,4,6.0,nan,41,16.0,67.0,72
45,安南,2020-04-05,77,6,5.0,nan,44,12.0,77.0,73
44,善化,2020-04-05,76,9,5.0,nan,42,13.0,58.0,76
43,新營,2020-04-05,69,6,5.0,nan,37,14.0,54.0,69
42,嘉義,2020-04-05,74,6,6.0,nan,36,16.0,44.0,74
41,臺西,2020-04-05,67,6,nan,nan,42,11.0,nan,67
40,朴子,2020-04-05,67,6,5.0,nan,41,11.0,51.0,67
39,新港,2020-04-05,63,7,5.0,nan,37,13.0,51.0,63
38,崙背,2020-04-05,61,7,5.0,nan,38,14.0,49.0,61
37,斗六,2020-04-05,66,3,5.0,nan,37,12.0,50.0,66
36,南投,2020-04-05,62,3,7.0,nan,31,21.0,43.0,62
35,二林,2020-04-05,59,10,5.0,nan,39,13.0,44.0,59
34,線西,2020-04-05,55,6,nan,nan,35,16.0,nan,55
33,彰化,2020-04-05,49,3,5.0,nan,28,12.0,43.0,49
32,西屯,2020-04-05,58,4,5.0,nan,27,12.0,58.0,55
31,忠明,2020-04-05,54,4,5.0,nan,25,18.0,44.0,54
30,大里,2020-04-05,54,4,6.0,nan,26,19.0,36.0,54
29,沙鹿,2020-04-05,58,3,3.0,nan,27,12.0,58.0,57
28,豐原,2020-04-05,45,1,3.0,nan,19,8.0,44.0,45
27,三義,2020-04-05,47,3,3.0,nan,20,6.0,47.0,45
26,苗栗,2020-04-05,52,3,5.0,nan,31,13.0,40.0,52
25,頭份,2020-04-05,60,1,nan,nan,32,11.0,nan,60
24,新竹,2020-04-05,71,3,5.0,nan,33,13.0,71.0,57
23,竹東,2020-04-05,87,3,3.0,nan,27,5.0,87.0,52
22,湖口,2020-04-05,87,4,3.0,nan,31,8.0,87.0,55
21,龍潭,2020-04-05,77,4,5.0,nan,30,8.0,77.0,52
20,平鎮,2020-04-05,67,3,5.0,nan,34,16.0,67.0,56
19,觀音,2020-04-05,80,7,3.0,nan,35,8.0,80.0,53
18,大園,2020-04-05,97,6,3.0,nan,36,11.0,97.0,55
17,桃園,2020-04-05,55,4,5.0,nan,33,16.0,45.0,55
16,大同,2020-04-05,59,3,7.0,nan,37,36.0,nan,59
15,松山,2020-04-05,62,4,3.0,nan,34,18.0,50.0,62
14,古亭,2020-04-05,61,3,5.0,nan,31,12.0,61.0,55
13,萬華,2020-04-05,58,3,5.0,nan,36,22.0,50.0,58
12,中山,2020-04-05,60,3,6.0,nan,33,23.0,51.0,60
11,士林,2020-04-05,97,4,3.0,nan,33,nan,97.0,50
10,淡水,2020-04-05,74,3,3.0,nan,30,10.0,74.0,50
9,林口,2020-04-05,74,3,3.0,nan,33,10.0,74.0,55
8,菜寮,2020-04-05,57,3,6.0,nan,34,16.0,44.0,57
7,新莊,2020-04-05,74,3,5.0,nan,36,12.0,74.0,58
6,板橋,2020-04-05,55,4,6.0,nan,32,19.0,47.0,55
5,土城,2020-04-05,67,4,5.0,nan,29,14.0,67.0,51
4,新店,2020-04-05,74,1,5.0,nan,29,13.0,74.0,55
3,萬里,2020-04-05,108,3,3.0,nan,64,4.0,108.0,59
1,基隆,2020-04-06,39,3,5.0,nan,25,32,39.0,39
2,汐止,2020-04-06,43,10,5.0,nan,27,43,32.0,42
3,萬里,2020-04-06,64,3,2.0,nan,47,15,64.0,40
4,新店,2020-04-06,47,3,6.0,nan,22,29,47.0,36
5,土城,2020-04-06,44,3,6.0,nan,23,22,44.0,33
6,板橋,2020-04-06,39,7,5.0,nan,24,33,39.0,34
7,新莊,2020-04-06,44,3,6.0,nan,29,29,44.0,40
8,菜寮,2020-04-06,38,4,7.0,nan,27,34,33.0,38
9,林口,2020-04-06,44,4,5.0,nan,27,26,44.0,40
10,淡水,2020-04-06,41,4,6.0,nan,19,24,41.0,32
11,士林,2020-04-06,54,3,6.0,nan,25,25,54.0,36
12,中山,2020-04-06,44,4,7.0,nan,25,41,37.0,44
13,萬華,2020-04-06,42,4,6.0,nan,27,35,38.0,42
14,古亭,2020-04-06,45,3,5.0,nan,24,25,45.0,33
15,松山,2020-04-06,47,4,5.0,nan,29,40,35.0,47
16,大同,2020-04-06,50,4,15.0,nan,32,49,nan,50
17,桃園,2020-04-06,40,6,6.0,nan,27,27,35.0,40
18,大園,2020-04-06,45,7,2.0,nan,28,25,45.0,40
19,觀音,2020-04-06,46,6,2.0,nan,28,13,46.0,36
20,平鎮,2020-04-06,43,3,7.0,nan,28,36,43.0,41
21,龍潭,2020-04-06,47,4,5.0,nan,21,20,47.0,35
22,湖口,2020-04-06,46,3,3.0,nan,26,25,46.0,41
23,竹東,2020-04-06,40,3,3.0,nan,19,13,40.0,32
24,新竹,2020-04-06,45,4,5.0,nan,27,26,41.0,45
25,頭份,2020-04-06,45,3,nan,nan,27,25,nan,45
26,苗栗,2020-04-06,44,6,5.0,nan,25,25,23.0,44
27,三義,2020-04-06,30,3,3.0,nan,14,17,30.0,29
28,豐原,2020-04-06,40,4,5.0,nan,18,19,25.0,40
29,沙鹿,2020-04-06,45,3,5.0,nan,22,30,31.0,45
30,大里,2020-04-06,53,4,9.0,nan,26,41,19.0,53
31,忠明,2020-04-06,50,3,7.0,nan,23,37,27.0,50
32,西屯,2020-04-06,43,4,5.0,nan,23,32,31.0,43
33,彰化,2020-04-06,43,4,7.0,nan,25,33,24.0,43
34,線西,2020-04-06,44,7,nan,nan,31,28,nan,44
35,二林,2020-04-06,51,9,5.0,nan,31,26,29.0,51
36,南投,2020-04-06,62,4,8.0,nan,31,35,18.0,62
37,斗六,2020-04-06,64,3,5.0,nan,35,27,28.0,64
38,崙背,2020-04-06,51,10,5.0,nan,31,20,32.0,51
39,新港,2020-04-06,57,7,5.0,nan,31,21,33.0,57
40,朴子,2020-04-06,54,9,5.0,nan,31,18,33.0,54
41,臺西,2020-04-06,50,6,nan,nan,31,19,nan,50
42,嘉義,2020-04-06,80,13,6.0,nan,35,28,22.0,80
43,新營,2020-04-06,63,6,6.0,nan,32,25,31.0,63
44,善化,2020-04-06,76,10,6.0,nan,39,25,28.0,76
45,安南,2020-04-06,70,6,6.0,nan,39,24,32.0,70
46,臺南,2020-04-06,70,4,7.0,nan,37,26,29.0,70
47,美濃,2020-04-06,79,3,6.0,nan,36,12,23.0,79
48,橋頭,2020-04-06,103,4,7.0,nan,47,28,19.0,103
49,仁武,2020-04-06,111,7,8.0,nan,52,37,16.0,111
50,鳳山,2020-04-06,100,10,9.0,nan,52,47,nan,100
51,大寮,2020-04-06,123,21,10.0,nan,58,49,16.0,123
52,林園,2020-04-06,113,21,7.0,nan,62,43,25.0,113
53,楠梓,2020-04-06,104,6,7.0,nan,48,27,18.0,104
54,左營,2020-04-06,99,6,8.0,nan,47,40,19.0,99
56,前金,2020-04-06,104,4,8.0,nan,52,31,20.0,104
57,前鎮,2020-04-06,107,7,nan,nan,55,49,nan,107
58,小港,2020-04-06,104,10,14.0,nan,53,57,16.0,104
59,屏東,2020-04-06,88,3,9.0,nan,52,25,24.0,88
60,潮州,2020-04-06,96,4,7.0,nan,53,25,28.0,96
61,恆春,2020-04-06,74,1,2.0,nan,9,2,74.0,21
62,臺東,2020-04-06,44,1,5.0,nan,14,9,44.0,25
63,花蓮,2020-04-06,37,4,7.0,nan,23,34,30.0,37
64,陽明,2020-04-06,49,3,2.0,nan,5,1,49.0,16
65,宜蘭,2020-04-06,39,9,3.0,nan,20,10,39.0,27
66,冬山,2020-04-06,33,1,2.0,nan,20,18,33.0,32
67,三重,2020-04-06,53,6,16.0,nan,32,46,nan,53
68,中壢,2020-04-06,45,6,11.0,nan,26,43,nan,45
69,竹山,2020-04-06,71,6,6.0,nan,34,27,23.0,71
70,永和,2020-04-06,34,4,6.0,nan,24,26,nan,34
71,復興,2020-04-06,108,7,15.0,nan,57,47,nan,108
72,埔里,2020-04-06,56,4,6.0,nan,20,16,37.0,56
75,馬祖,2020-04-06,67,3,2.0,nan,36,8,67.0,57
77,金門,2020-04-06,86,10,5.0,nan,52,21,44.0,86
78,馬公,2020-04-06,58,3,2.0,nan,31,3,58.0,36
80,關山,2020-04-06,37,1,nan,nan,13,8,33.0,37
83,麥寮,2020-04-06,50,7,nan,nan,34,21,nan,50
84,富貴角,2020-04-06,64,1,1.0,nan,40,2,64.0,40
84,富貴角,2020-04-07,71,1,1.0,nan,31,2,71.0,32.0
1,基隆,2020-04-07,48,4,5.0,nan,15,24,48.0,33.0
2,汐止,2020-04-07,46,3,6.0,nan,16,37,46.0,31.0
3,萬里,2020-04-07,64,3,2.0,nan,20,10,64.0,29.0
4,新店,2020-04-07,46,3,5.0,nan,12,21,46.0,26.0
5,土城,2020-04-07,42,4,6.0,nan,15,31,42.0,31.0
6,板橋,2020-04-07,40,3,7.0,nan,18,40,36.0,37.0
7,新莊,2020-04-07,45,3,7.0,nan,19,38,45.0,35.0
8,菜寮,2020-04-07,38,3,8.0,nan,18,38,31.0,37.0
9,林口,2020-04-07,51,4,5.0,nan,19,28,51.0,34.0
10,淡水,2020-04-07,49,3,5.0,nan,14,20,49.0,29.0
11,士林,2020-04-07,36,4,6.0,nan,17,31,36.0,35.0
12,中山,2020-04-07,42,4,9.0,nan,14,42,33.0,34.0
13,萬華,2020-04-07,39,4,8.0,nan,19,38,34.0,39.0
14,古亭,2020-04-07,41,1,5.0,nan,13,25,41.0,28.0
15,松山,2020-04-07,43,3,6.0,nan,16,35,43.0,36.0
16,大同,2020-04-07,50,4,20.0,nan,21,50,nan,45.0
17,桃園,2020-04-07,41,19,7.0,nan,18,32,36.0,41.0
18,大園,2020-04-07,61,4,3.0,nan,19,23,61.0,33.0
19,觀音,2020-04-07,50,6,2.0,nan,19,15,50.0,31.0
20,平鎮,2020-04-07,41,4,6.0,nan,21,28,41.0,36.0
21,龍潭,2020-04-07,47,6,5.0,nan,18,26,47.0,35.0
22,湖口,2020-04-07,49,4,5.0,nan,16,26,49.0,34.0
23,竹東,2020-04-07,44,3,3.0,nan,15,15,44.0,32.0
24,新竹,2020-04-07,46,6,3.0,nan,20,23,46.0,36.0
25,頭份,2020-04-07,38,3,nan,nan,18,18,nan,38.0
26,苗栗,2020-04-07,35,3,3.0,nan,19,16,29.0,35.0
27,三義,2020-04-07,36,3,2.0,nan,11,12,36.0,30.0
28,豐原,2020-04-07,43,3,3.0,nan,11,15,43.0,36.0
29,沙鹿,2020-04-07,46,1,3.0,nan,14,15,46.0,39.0
30,大里,2020-04-07,42,3,5.0,nan,18,29,42.0,41.0
31,忠明,2020-04-07,42,4,5.0,nan,16,19,39.0,42.0
32,西屯,2020-04-07,46,3,3.0,nan,18,20,46.0,41.0
33,彰化,2020-04-07,39,4,5.0,nan,17,18,39.0,35.0
34,線西,2020-04-07,40,9,nan,nan,22,15,nan,40.0
35,二林,2020-04-07,44,11,3.0,nan,23,15,40.0,44.0
36,南投,2020-04-07,61,3,5.0,nan,22,28,61.0,54.0
37,斗六,2020-04-07,80,1,5.0,nan,29,26,80.0,60.0
38,崙背,2020-04-07,61,7,3.0,nan,23,17,61.0,43.0
39,新港,2020-04-07,67,6,5.0,nan,26,18,67.0,52.0
40,朴子,2020-04-07,64,6,5.0,nan,26,17,64.0,48.0
41,臺西,2020-04-07,37,6,nan,nan,21,11,nan,37.0
42,嘉義,2020-04-07,69,6,5.0,nan,28,21,50.0,69.0
43,新營,2020-04-07,67,4,5.0,nan,23,20,67.0,53.0
44,善化,2020-04-07,80,6,5.0,nan,28,18,80.0,63.0
45,安南,2020-04-07,87,4,5.0,nan,28,15,87.0,59.0
46,臺南,2020-04-07,74,4,5.0,nan,25,14,74.0,53.0
47,美濃,2020-04-07,90,3,5.0,nan,17,9,90.0,47.0
48,橋頭,2020-04-07,90,4,6.0,nan,31,17,90.0,67.0
49,仁武,2020-04-07,97,4,6.0,nan,31,22,97.0,71.0
50,鳳山,2020-04-07,59,6,6.0,nan,31,23,nan,59.0
51,大寮,2020-04-07,97,13,5.0,nan,31,25,97.0,67.0
52,林園,2020-04-07,74,14,6.0,nan,38,30,74.0,nan
53,楠梓,2020-04-07,100,3,6.0,nan,30,17,100.0,67.0
54,左營,2020-04-07,87,4,6.0,nan,32,16,87.0,62.0
56,前金,2020-04-07,93,4,6.0,nan,33,17,93.0,65.0
57,前鎮,2020-04-07,61,3,nan,nan,33,20,nan,61.0
58,小港,2020-04-07,104,6,6.0,nan,31,25,104.0,65.0
59,屏東,2020-04-07,104,3,5.0,nan,22,13,104.0,49.0
60,潮州,2020-04-07,126,6,5.0,nan,29,14,126.0,60.0
61,恆春,2020-04-07,64,3,2.0,nan,5,3,64.0,14.0
62,臺東,2020-04-07,42,1,5.0,nan,5,8,42.0,3.0
63,花蓮,2020-04-07,45,1,5.0,nan,11,11,45.0,18.0
64,陽明,2020-04-07,49,4,1.0,nan,5,2,49.0,12.0
65,宜蘭,2020-04-07,44,4,3.0,nan,5,11,44.0,16.0
66,冬山,2020-04-07,38,1,3.0,nan,12,16,38.0,25.0
67,三重,2020-04-07,54,7,23.0,nan,27,54,nan,54.0
68,中壢,2020-04-07,43,7,11.0,nan,19,43,nan,39.0
69,竹山,2020-04-07,80,3,5.0,nan,26,24,80.0,62.0
70,永和,2020-04-07,32,4,9.0,nan,15,32,nan,30.0
71,復興,2020-04-07,64,4,8.0,nan,34,25,nan,64.0
72,埔里,2020-04-07,100,3,5.0,nan,16,14,100.0,43.0
75,馬祖,2020-04-07,100,3,2.0,nan,29,8,100.0,60.0
77,金門,2020-04-07,80,7,5.0,nan,39,15,80.0,74.0
78,馬公,2020-04-07,67,3,2.0,nan,22,3,67.0,30.0
80,關山,2020-04-07,35,3,nan,nan,5,8,35.0,11.0
83,麥寮,2020-04-07,41,7,nan,nan,25,14,nan,41.0
84,富貴角,2020-04-08,84,1,2.0,nan,35,2,84.0,37
2,汐止,2020-04-08,46,14,6.0,nan,28,41,32.0,46
3,萬里,2020-04-08,54,3,3.0,nan,40,18,54.0,42
4,新店,2020-04-08,43,3,6.0,nan,22,28,43.0,38
5,土城,2020-04-08,41,4,6.0,nan,23,27,41.0,36
6,板橋,2020-04-08,39,4,6.0,nan,25,36,32.0,39
7,新莊,2020-04-08,48,4,8.0,nan,30,48,39.0,47
8,菜寮,2020-04-08,46,4,8.0,nan,27,39,30.0,46
9,林口,2020-04-08,44,3,6.0,nan,30,29,43.0,44
10,淡水,2020-04-08,47,3,7.0,nan,20,26,47.0,34
11,士林,2020-04-08,46,4,8.0,nan,30,37,45.0,46
12,中山,2020-04-08,46,6,9.0,nan,27,43,27.0,46
13,萬華,2020-04-08,43,4,7.0,nan,28,41,29.0,43
14,古亭,2020-04-08,40,3,5.0,nan,23,21,40.0,33
15,松山,2020-04-08,46,4,6.0,nan,27,39,31.0,46
16,大同,2020-04-08,55,6,19.0,nan,34,55,nan,55
17,桃園,2020-04-08,46,6,8.0,nan,27,33,29.0,46
18,大園,2020-04-08,47,7,3.0,nan,26,28,47.0,41
19,觀音,2020-04-08,54,9,2.0,nan,28,19,54.0,33
20,平鎮,2020-04-08,41,4,7.0,nan,31,31,34.0,41
21,龍潭,2020-04-08,43,6,6.0,nan,27,26,43.0,41
22,湖口,2020-04-08,54,6,3.0,nan,24,14,54.0,39
23,竹東,2020-04-08,41,3,3.0,nan,25,16,41.0,40
24,新竹,2020-04-08,47,4,6.0,nan,30,25,44.0,47
25,頭份,2020-04-08,48,4,nan,nan,28,27,nan,48
26,苗栗,2020-04-08,46,4,5.0,nan,27,17,31.0,46
27,三義,2020-04-08,42,3,3.0,nan,23,9,42.0,42
28,豐原,2020-04-08,64,4,5.0,nan,24,22,64.0,51
29,沙鹿,2020-04-08,58,4,5.0,nan,29,21,58.0,49
30,大里,2020-04-08,77,4,7.0,nan,31,28,77.0,58
31,忠明,2020-04-08,57,4,5.0,nan,29,21,51.0,57
32,西屯,2020-04-08,71,3,5.0,nan,31,27,71.0,54
33,彰化,2020-04-08,45,3,6.0,nan,31,25,45.0,44
34,線西,2020-04-08,51,11,nan,nan,42,22,nan,51
35,二林,2020-04-08,55,11,5.0,nan,40,22,44.0,55
36,南投,2020-04-08,93,7,7.0,nan,37,30,93.0,66
37,斗六,2020-04-08,101,7,5.0,nan,45,24,101.0,73
38,崙背,2020-04-08,74,7,5.0,nan,39,21,74.0,58
39,新港,2020-04-08,87,6,5.0,nan,40,18,87.0,59
40,朴子,2020-04-08,87,6,3.0,nan,39,12,87.0,57
41,臺西,2020-04-08,47,6,nan,nan,33,9,nan,47
42,嘉義,2020-04-08,79,13,6.0,nan,42,24,67.0,79
43,新營,2020-04-08,87,4,3.0,nan,37,16,87.0,62
44,善化,2020-04-08,93,9,5.0,nan,45,16,93.0,74
45,安南,2020-04-08,100,7,5.0,nan,44,22,100.0,68
46,臺南,2020-04-08,84,7,6.0,nan,44,21,84.0,67
47,美濃,2020-04-08,140,4,5.0,nan,35,10,140.0,71
48,橋頭,2020-04-08,78,6,6.0,nan,46,21,77.0,78
49,仁武,2020-04-08,90,14,8.0,nan,46,48,80.0,90
50,鳳山,2020-04-08,71,6,8.0,nan,45,25,nan,71
51,大寮,2020-04-08,86,33,8.0,nan,49,46,48.0,86
52,林園,2020-04-08,84,13,6.0,nan,54,26,84.0,83
53,楠梓,2020-04-08,80,4,6.0,nan,47,21,80.0,78
54,左營,2020-04-08,93,7,7.0,nan,47,27,93.0,81
56,前金,2020-04-08,90,7,7.0,nan,46,32,90.0,80
57,前鎮,2020-04-08,80,13,nan,nan,50,52,nan,80
58,小港,2020-04-08,81,10,8.0,nan,46,53,54.0,81
59,屏東,2020-04-08,108,13,7.0,nan,48,24,108.0,79
1,基隆,2020-04-08,39,3,7.0,nan,22,27,36.0,39
60,潮州,2020-04-08,108,9,6.0,nan,45,18,108.0,83
61,恆春,2020-04-08,54,1,2.0,nan,10,2,54.0,24
62,臺東,2020-04-08,42,1,5.0,nan,12,8,42.0,13
63,花蓮,2020-04-08,54,4,5.0,nan,16,15,54.0,20
64,陽明,2020-04-08,58,3,2.0,nan,9,2,58.0,22
65,宜蘭,2020-04-08,45,6,3.0,nan,15,8,45.0,21
66,冬山,2020-04-08,38,3,3.0,nan,19,14,38.0,28
67,三重,2020-04-08,61,6,19.0,nan,35,47,nan,61
68,中壢,2020-04-08,43,4,10.0,nan,29,41,nan,43
69,竹山,2020-04-08,93,4,6.0,nan,45,22,93.0,83
70,永和,2020-04-08,36,6,9.0,nan,24,27,nan,36
71,復興,2020-04-08,82,13,11.0,nan,50,50,nan,82
72,埔里,2020-04-08,104,3,5.0,nan,34,16,104.0,75
75,馬祖,2020-04-08,151,4,3.0,nan,37,10,151.0,69
77,金門,2020-04-08,93,23,5.0,nan,47,37,93.0,66
78,馬公,2020-04-08,93,1,2.0,nan,33,3,93.0,41
80,關山,2020-04-08,36,3,nan,nan,5,7,36.0,18
83,麥寮,2020-04-08,50,10,nan,nan,38,17,nan,50
57,前鎮,2020-04-09,88,7,nan,nan,57.0,33,nan,88.0
84,富貴角,2020-04-09,93,1,2.0,nan,32.0,2,93.0,44.0
83,麥寮,2020-04-09,67,4,nan,nan,44.0,18,nan,67.0
80,關山,2020-04-09,38,3,nan,nan,13.0,6,38.0,32.0
78,馬公,2020-04-09,129,1,3.0,nan,44.0,2,129.0,61.0
77,金門,2020-04-09,132,10,3.0,nan,52.0,26,132.0,74.0
75,馬祖,2020-04-09,154,9,5.0,nan,56.0,11,154.0,104.0
72,埔里,2020-04-09,115,3,5.0,nan,34.0,17,115.0,72.0
71,復興,2020-04-09,95,7,10.0,nan,59.0,32,nan,95.0
70,永和,2020-04-09,48,4,10.0,nan,nan,32,nan,48.0
69,竹山,2020-04-09,129,4,5.0,nan,48.0,19,129.0,87.0
68,中壢,2020-04-09,55,6,17.0,nan,27.0,48,nan,55.0
67,三重,2020-04-09,63,6,18.0,nan,31.0,56,nan,63.0
66,冬山,2020-04-09,43,4,3.0,nan,21.0,21,43.0,35.0
65,宜蘭,2020-04-09,51,9,5.0,nan,23.0,18,51.0,39.0
64,陽明,2020-04-09,74,3,2.0,nan,13.0,1,74.0,34.0
63,花蓮,2020-04-09,51,3,5.0,nan,23.0,16,51.0,36.0
62,臺東,2020-04-09,44,1,5.0,nan,18.0,7,44.0,25.0
61,恆春,2020-04-09,74,6,3.0,nan,22.0,5,74.0,47.0
60,潮州,2020-04-09,154,4,5.0,nan,48.0,14,154.0,81.0
59,屏東,2020-04-09,151,6,6.0,nan,52.0,19,151.0,79.0
58,小港,2020-04-09,115,6,7.0,nan,52.0,32,115.0,86.0
56,前金,2020-04-09,143,7,6.0,nan,62.0,25,143.0,96.0
54,左營,2020-04-09,132,7,7.0,nan,59.0,25,132.0,90.0
53,楠梓,2020-04-09,118,6,6.0,nan,60.0,25,118.0,97.0
52,林園,2020-04-09,154,10,6.0,nan,57.0,35,154.0,90.0
51,大寮,2020-04-09,146,20,6.0,nan,52.0,23,146.0,96.0
50,鳳山,2020-04-09,86,10,8.0,nan,55.0,31,nan,86.0
49,仁武,2020-04-09,129,9,7.0,nan,59.0,34,129.0,107.0
48,橋頭,2020-04-09,115,7,7.0,nan,59.0,25,115.0,102.0
47,美濃,2020-04-09,104,3,5.0,nan,38.0,9,104.0,69.0
46,臺南,2020-04-09,122,7,6.0,nan,55.0,21,122.0,76.0
45,安南,2020-04-09,132,6,6.0,nan,54.0,23,132.0,80.0
44,善化,2020-04-09,118,9,6.0,nan,54.0,19,118.0,82.0
43,新營,2020-04-09,118,4,6.0,nan,49.0,20,118.0,73.0
42,嘉義,2020-04-09,100,9,6.0,nan,51.0,24,100.0,87.0
41,臺西,2020-04-09,60,6,nan,nan,37.0,13,nan,60.0
40,朴子,2020-04-09,115,7,6.0,nan,52.0,16,115.0,73.0
39,新港,2020-04-09,122,6,7.0,nan,49.0,17,122.0,74.0
38,崙背,2020-04-09,115,9,6.0,nan,49.0,17,115.0,66.0
37,斗六,2020-04-09,132,6,5.0,nan,49.0,24,132.0,77.0
36,南投,2020-04-09,97,4,7.0,nan,40.0,27,97.0,69.0
35,二林,2020-04-09,64,10,5.0,nan,43.0,15,64.0,62.0
34,線西,2020-04-09,60,9,nan,nan,43.0,18,nan,60.0
33,彰化,2020-04-09,67,3,6.0,nan,32.0,27,67.0,53.0
32,西屯,2020-04-09,84,4,5.0,nan,31.0,24,84.0,53.0
31,忠明,2020-04-09,59,4,6.0,nan,30.0,36,51.0,59.0
30,大里,2020-04-09,67,4,6.0,nan,32.0,27,67.0,59.0
29,沙鹿,2020-04-09,97,4,5.0,nan,29.0,19,97.0,58.0
28,豐原,2020-04-09,67,6,3.0,nan,26.0,16,67.0,53.0
27,三義,2020-04-09,50,3,3.0,nan,22.0,17,50.0,47.0
26,苗栗,2020-04-09,46,4,5.0,nan,26.0,17,42.0,46.0
25,頭份,2020-04-09,53,6,nan,nan,26.0,26,nan,53.0
24,新竹,2020-04-09,80,6,5.0,nan,28.0,21,80.0,55.0
23,竹東,2020-04-09,74,3,3.0,nan,22.0,12,74.0,48.0
22,湖口,2020-04-09,90,3,5.0,nan,24.0,15,90.0,54.0
21,龍潭,2020-04-09,71,4,5.0,nan,24.0,17,71.0,49.0
20,平鎮,2020-04-09,61,3,6.0,nan,26.0,22,61.0,49.0
19,觀音,2020-04-09,77,10,3.0,nan,29.0,19,77.0,48.0
18,大園,2020-04-09,80,7,3.0,nan,25.0,26,80.0,51.0
17,桃園,2020-04-09,54,7,6.0,nan,24.0,22,42.0,54.0
16,大同,2020-04-09,57,7,20.0,nan,29.0,57,nan,56.0
15,松山,2020-04-09,54,29,7.0,nan,25.0,39,51.0,54.0
14,古亭,2020-04-09,54,4,5.0,nan,22.0,25,54.0,46.0
13,萬華,2020-04-09,52,4,6.0,nan,26.0,37,44.0,52.0
12,中山,2020-04-09,52,4,8.0,nan,23.0,38,44.0,52.0
11,士林,2020-04-09,71,4,6.0,nan,20.0,30,71.0,44.0
10,淡水,2020-04-09,61,1,6.0,nan,19.0,33,61.0,40.0
9,林口,2020-04-09,54,4,6.0,nan,27.0,29,54.0,52.0
8,菜寮,2020-04-09,52,3,7.0,nan,23.0,42,42.0,52.0
7,新莊,2020-04-09,64,4,6.0,nan,26.0,32,64.0,51.0
6,板橋,2020-04-09,48,3,6.0,nan,23.0,33,47.0,48.0
5,土城,2020-04-09,47,3,6.0,nan,22.0,27,47.0,44.0
4,新店,2020-04-09,71,4,5.0,nan,21.0,22,71.0,44.0
3,萬里,2020-04-09,93,1,3.0,nan,38.0,18,93.0,46.0
2,汐止,2020-04-09,58,9,5.0,nan,nan,35,58.0,nan
1,基隆,2020-04-09,64,4,5.0,nan,22.0,27,64.0,40.0
83,麥寮,2020-04-10,76,7,nan,nan,52.0,20,nan,76
1,基隆,2020-04-10,74,4,6.0,nan,22.0,24,74.0,41
2,汐止,2020-04-10,80,11,6.0,nan,26.0,37,80.0,43
3,萬里,2020-04-10,84,4,2.0,nan,22.0,11,84.0,38
4,新店,2020-04-10,77,3,5.0,nan,21.0,23,77.0,39
5,土城,2020-04-10,74,3,5.0,nan,22.0,19,74.0,41
6,板橋,2020-04-10,44,3,6.0,nan,24.0,25,44.0,44
7,新莊,2020-04-10,71,4,6.0,nan,26.0,25,71.0,48
8,菜寮,2020-04-10,45,7,6.0,nan,24.0,28,44.0,45
9,林口,2020-04-10,67,6,3.0,nan,26.0,24,67.0,47
10,淡水,2020-04-10,64,6,3.0,nan,20.0,19,64.0,40
11,士林,2020-04-10,74,6,3.0,nan,21.0,9,74.0,45
12,中山,2020-04-10,49,4,8.0,nan,24.0,32,45.0,49
13,萬華,2020-04-10,47,3,6.0,nan,24.0,28,45.0,47
14,古亭,2020-04-10,71,3,3.0,nan,23.0,20,71.0,44
15,松山,2020-04-10,54,4,5.0,nan,26.0,32,54.0,48
16,大同,2020-04-10,56,7,12.0,nan,29.0,48,nan,56
17,桃園,2020-04-10,43,7,6.0,nan,23.0,17,43.0,42
18,大園,2020-04-10,77,10,3.0,nan,27.0,25,77.0,50
19,觀音,2020-04-10,71,10,3.0,nan,30.0,19,71.0,44
20,平鎮,2020-04-10,49,6,6.0,nan,27.0,17,49.0,43
21,龍潭,2020-04-10,61,4,6.0,nan,24.0,19,61.0,47
22,湖口,2020-04-10,90,4,5.0,nan,24.0,15,90.0,48
23,竹東,2020-04-10,87,4,5.0,nan,28.0,13,87.0,55
24,新竹,2020-04-10,84,6,7.0,nan,29.0,29,84.0,52
25,頭份,2020-04-10,66,4,nan,nan,37.0,26,nan,66
26,苗栗,2020-04-10,60,6,8.0,nan,32.0,28,40.0,60
27,三義,2020-04-10,84,6,5.0,nan,31.0,14,84.0,66
28,豐原,2020-04-10,136,6,6.0,nan,38.0,23,136.0,78
29,沙鹿,2020-04-10,90,6,6.0,nan,37.0,25,90.0,65
30,大里,2020-04-10,100,6,8.0,nan,47.0,30,100.0,83
31,忠明,2020-04-10,79,6,7.0,nan,42.0,37,77.0,79
32,西屯,2020-04-10,100,6,7.0,nan,43.0,35,100.0,74
33,彰化,2020-04-10,71,13,8.0,nan,44.0,31,50.0,71
34,線西,2020-04-10,57,17,nan,nan,44.0,25,nan,57
35,二林,2020-04-10,70,11,5.0,nan,45.0,19,58.0,70
36,南投,2020-04-10,150,3,6.0,nan,48.0,17,150.0,84
37,斗六,2020-04-10,150,11,5.0,nan,54.0,17,150.0,92
38,崙背,2020-04-10,115,9,6.0,nan,47.0,19,115.0,76
39,新港,2020-04-10,118,4,6.0,nan,50.0,21,118.0,79
40,朴子,2020-04-10,115,7,6.0,nan,52.0,16,115.0,83
41,臺西,2020-04-10,67,13,nan,nan,43.0,25,nan,67
42,嘉義,2020-04-10,90,6,6.0,nan,50.0,20,90.0,88
43,新營,2020-04-10,118,6,6.0,nan,52.0,23,118.0,82
44,善化,2020-04-10,126,9,5.0,nan,51.0,26,126.0,83
45,安南,2020-04-10,132,7,6.0,nan,55.0,29,132.0,84
46,臺南,2020-04-10,115,4,6.0,nan,51.0,24,115.0,77
47,美濃,2020-04-10,136,4,5.0,nan,40.0,10,136.0,75
48,橋頭,2020-04-10,140,6,6.0,nan,51.0,28,140.0,93
49,仁武,2020-04-10,143,7,7.0,nan,55.0,41,143.0,99
50,鳳山,2020-04-10,81,9,7.0,nan,50.0,25,nan,81
51,大寮,2020-04-10,112,21,7.0,nan,54.0,31,112.0,96
52,林園,2020-04-10,143,6,5.0,nan,57.0,17,143.0,91
53,楠梓,2020-04-10,140,6,6.0,nan,54.0,33,140.0,93
54,左營,2020-04-10,156,6,6.0,nan,51.0,28,156.0,88
56,前金,2020-04-10,146,4,6.0,nan,50.0,26,146.0,83
57,前鎮,2020-04-10,85,7,nan,nan,53.0,32,nan,85
58,小港,2020-04-10,136,6,6.0,nan,49.0,37,136.0,85
59,屏東,2020-04-10,169,7,6.0,nan,53.0,16,169.0,88
60,潮州,2020-04-10,154,7,5.0,nan,44.0,20,154.0,81
61,恆春,2020-04-10,71,1,2.0,nan,21.0,1,71.0,48
62,臺東,2020-04-10,47,3,5.0,nan,21.0,9,47.0,33
63,花蓮,2020-04-10,58,3,5.0,nan,24.0,18,58.0,39
64,陽明,2020-04-10,71,3,2.0,nan,19.0,2,71.0,40
65,宜蘭,2020-04-10,67,4,3.0,nan,23.0,12,67.0,39
66,冬山,2020-04-10,46,3,5.0,nan,26.0,18,46.0,44
67,三重,2020-04-10,60,7,15.0,nan,31.0,43,nan,60
68,中壢,2020-04-10,48,7,17.0,nan,25.0,38,nan,48
69,竹山,2020-04-10,140,3,3.0,nan,48.0,13,140.0,89
70,永和,2020-04-10,40,3,7.0,nan,nan,23,nan,40
71,復興,2020-04-10,87,7,9.0,nan,54.0,33,nan,87
72,埔里,2020-04-10,156,4,5.0,nan,37.0,12,156.0,81
75,馬祖,2020-04-10,97,4,3.0,nan,39.0,10,97.0,81
77,金門,2020-04-10,97,7,3.0,nan,44.0,14,97.0,60
78,馬公,2020-04-10,101,3,3.0,nan,37.0,3,101.0,54
80,關山,2020-04-10,44,3,nan,nan,14.0,6,44.0,39
84,富貴角,2020-04-10,87,1,2.0,nan,28.0,4,87.0,42
1,基隆,2020-04-11,56,9,6.0,nan,25,30,37.0,56
8,菜寮,2020-04-11,67,6,7.0,nan,31,36,32.0,67
71,復興,2020-04-11,84,7,8.0,nan,51,27,nan,84
70,永和,2020-04-11,61,6,15.0,nan,29,41,nan,61
7,新莊,2020-04-11,65,10,6.0,nan,30,24,45.0,65
69,竹山,2020-04-11,94,6,6.0,nan,50,23,61.0,94
6,板橋,2020-04-11,64,6,7.0,nan,29,25,37.0,64
68,中壢,2020-04-11,67,6,14.0,nan,33,37,nan,67
5,土城,2020-04-11,65,9,6.0,nan,28,25,42.0,65
67,三重,2020-04-11,78,4,17.0,nan,38,55,nan,78
4,新店,2020-04-11,58,4,6.0,nan,24,29,43.0,58
3,萬里,2020-04-11,46,4,5.0,nan,19,19,44.0,46
2,汐止,2020-04-11,63,3,7.0,nan,31,34,36.0,63
66,冬山,2020-04-11,42,3,3.0,nan,23,14,40.0,42
65,宜蘭,2020-04-11,47,7,5.0,nan,20,11,47.0,38
64,陽明,2020-04-11,54,7,3.0,nan,15,5,54.0,42
63,花蓮,2020-04-11,48,4,5.0,nan,20,15,48.0,38
62,臺東,2020-04-11,44,1,3.0,nan,21,7,44.0,31
61,恆春,2020-04-11,71,4,3.0,nan,23,6,71.0,53
60,潮州,2020-04-11,136,6,5.0,nan,49,13,136.0,91
59,屏東,2020-04-11,108,6,5.0,nan,50,15,108.0,82
58,小港,2020-04-11,112,7,6.0,nan,45,25,112.0,83
57,前鎮,2020-04-11,80,6,nan,nan,49,22,nan,80
56,前金,2020-04-11,118,10,6.0,nan,51,21,118.0,88
54,左營,2020-04-11,115,9,6.0,nan,48,32,115.0,85
53,楠梓,2020-04-11,101,6,5.0,nan,49,24,101.0,87
52,林園,2020-04-11,118,14,5.0,nan,55,24,118.0,92
51,大寮,2020-04-11,100,16,5.0,nan,50,25,100.0,96
50,鳳山,2020-04-11,81,6,6.0,nan,49,23,nan,81
49,仁武,2020-04-11,118,7,6.0,nan,49,28,118.0,92
48,橋頭,2020-04-11,112,4,5.0,nan,48,23,112.0,92
47,美濃,2020-04-11,81,3,3.0,nan,40,8,77.0,81
46,臺南,2020-04-11,84,4,5.0,nan,46,18,84.0,76
45,安南,2020-04-11,93,4,5.0,nan,52,24,93.0,81
44,善化,2020-04-11,84,9,5.0,nan,49,18,80.0,84
43,新營,2020-04-11,79,4,5.0,nan,47,20,71.0,79
42,嘉義,2020-04-11,91,10,6.0,nan,44,25,50.0,91
41,臺西,2020-04-11,82,9,nan,nan,49,20,nan,82
40,朴子,2020-04-11,88,3,5.0,nan,54,17,61.0,88
39,新港,2020-04-11,85,17,5.0,nan,54,20,54.0,85
38,崙背,2020-04-11,86,4,5.0,nan,51,12,51.0,86
37,斗六,2020-04-11,99,4,5.0,nan,54,19,84.0,99
36,南投,2020-04-11,88,7,7.0,nan,52,24,51.0,88
35,二林,2020-04-11,96,6,5.0,nan,56,12,36.0,96
34,線西,2020-04-11,77,4,nan,nan,53,13,nan,77
33,彰化,2020-04-11,91,13,7.0,nan,46,24,38.0,91
32,西屯,2020-04-11,84,3,5.0,nan,45,25,46.0,84
31,忠明,2020-04-11,84,4,6.0,nan,43,35,38.0,84
30,大里,2020-04-11,86,4,7.0,nan,47,29,43.0,86
29,沙鹿,2020-04-11,84,11,6.0,nan,47,30,39.0,84
28,豐原,2020-04-11,77,3,6.0,nan,35,23,61.0,77
27,三義,2020-04-11,67,6,3.0,nan,31,18,45.0,67
26,苗栗,2020-04-11,68,3,5.0,nan,35,14,29.0,68
25,頭份,2020-04-11,75,6,nan,nan,38,32,nan,75
24,新竹,2020-04-11,70,3,6.0,nan,35,33,49.0,70
23,竹東,2020-04-11,72,4,5.0,nan,33,15,42.0,72
22,湖口,2020-04-11,67,3,5.0,nan,30,29,61.0,67
21,龍潭,2020-04-11,65,4,7.0,nan,31,26,44.0,65
20,平鎮,2020-04-11,70,4,6.0,nan,37,31,39.0,70
19,觀音,2020-04-11,59,7,5.0,nan,34,19,54.0,59
18,大園,2020-04-11,69,7,5.0,nan,31,21,58.0,69
17,桃園,2020-04-11,64,10,6.0,nan,29,31,36.0,64
16,大同,2020-04-11,73,4,17.0,nan,32,51,nan,73
15,松山,2020-04-11,69,4,8.0,nan,31,39,37.0,69
14,古亭,2020-04-11,63,3,7.0,nan,27,30,39.0,63
13,萬華,2020-04-11,65,4,8.0,nan,31,42,31.0,65
12,中山,2020-04-11,69,4,10.0,nan,29,40,34.0,69
84,富貴角,2020-04-11,67,1,3.0,nan,28,8,67.0,51
83,麥寮,2020-04-11,93,4,nan,nan,54,12,nan,93
80,關山,2020-04-11,39,3,nan,nan,16,5,39.0,36
11,士林,2020-04-11,62,24,6.0,nan,28,23,45.0,62
78,馬公,2020-04-11,74,4,3.0,nan,36,6,74.0,61
10,淡水,2020-04-11,54,10,5.0,nan,25,20,45.0,54
77,金門,2020-04-11,117,9,5.0,nan,67,39,18.0,117
75,馬祖,2020-04-11,72,7,6.0,nan,30,31,47.0,72
9,林口,2020-04-11,62,4,5.0,nan,28,36,49.0,62
72,埔里,2020-04-11,68,4,5.0,nan,29,10,51.0,68
1,基隆,2020-04-12,84,4,5.0,nan,27,21,84.0,51
83,麥寮,2020-04-12,48,7,nan,nan,43,10,nan,48
80,關山,2020-04-12,44,1,nan,nan,5,5,44.0,22
78,馬公,2020-04-12,84,3,3.0,nan,24,3,84.0,40
77,金門,2020-04-12,80,4,6.0,nan,38,34,80.0,65
75,馬祖,2020-04-12,87,6,3.0,nan,19,39,87.0,40
72,埔里,2020-04-12,45,3,5.0,nan,11,10,45.0,35
71,復興,2020-04-12,62,4,7.0,nan,36,19,nan,62
70,永和,2020-04-12,45,4,10.0,nan,24,41,nan,45
69,竹山,2020-04-12,67,4,5.0,nan,20,12,67.0,43
68,中壢,2020-04-12,48,3,9.0,nan,19,47,nan,48
67,三重,2020-04-12,69,4,17.0,nan,29,69,nan,61
66,冬山,2020-04-12,54,3,3.0,nan,17,9,54.0,37
65,宜蘭,2020-04-12,87,3,5.0,nan,16,6,87.0,33
64,陽明,2020-04-12,97,3,3.0,nan,16,2,97.0,37
63,花蓮,2020-04-12,47,3,5.0,nan,17,13,47.0,30
62,臺東,2020-04-12,49,1,5.0,nan,13,6,49.0,19
61,恆春,2020-04-12,58,4,3.0,nan,19,7,58.0,50
60,潮州,2020-04-12,80,4,5.0,nan,33,11,80.0,62
59,屏東,2020-04-12,84,4,5.0,nan,33,10,84.0,53
58,小港,2020-04-12,97,4,5.0,nan,35,16,97.0,57
57,前鎮,2020-04-12,56,4,nan,nan,37,17,nan,56
56,前金,2020-04-12,84,6,5.0,nan,37,20,84.0,63
54,左營,2020-04-12,84,4,5.0,nan,35,16,84.0,57
53,楠梓,2020-04-12,84,6,5.0,nan,35,11,84.0,58
52,林園,2020-04-12,71,9,5.0,nan,39,21,71.0,58
51,大寮,2020-04-12,80,33,5.0,nan,34,18,80.0,59
50,鳳山,2020-04-12,53,6,5.0,nan,33,15,nan,53
49,仁武,2020-04-12,87,6,5.0,nan,35,14,87.0,63
48,橋頭,2020-04-12,77,6,5.0,nan,36,16,77.0,58
47,美濃,2020-04-12,71,3,5.0,nan,24,7,71.0,51
46,臺南,2020-04-12,71,4,5.0,nan,34,16,71.0,57
45,安南,2020-04-12,80,4,5.0,nan,38,18,80.0,58
44,善化,2020-04-12,74,7,5.0,nan,40,20,74.0,56
43,新營,2020-04-12,71,3,5.0,nan,34,19,71.0,53
42,嘉義,2020-04-12,58,6,5.0,nan,23,20,58.0,52
41,臺西,2020-04-12,46,6,nan,nan,27,10,nan,46
40,朴子,2020-04-12,67,4,5.0,nan,33,8,67.0,46
39,新港,2020-04-12,67,4,5.0,nan,36,9,67.0,48
38,崙背,2020-04-12,61,3,5.0,nan,40,10,61.0,48
37,斗六,2020-04-12,77,4,3.0,nan,30,16,77.0,46
36,南投,2020-04-12,61,3,6.0,nan,19,17,61.0,37
35,二林,2020-04-12,48,3,5.0,nan,31,5,48.0,38
34,線西,2020-04-12,33,9,nan,nan,23,8,nan,33
33,彰化,2020-04-12,50,3,5.0,nan,14,8,50.0,30
32,西屯,2020-04-12,71,3,3.0,nan,14,8,71.0,31
31,忠明,2020-04-12,49,3,3.0,nan,14,8,49.0,34
30,大里,2020-04-12,50,4,5.0,nan,14,9,50.0,27
29,沙鹿,2020-04-12,67,3,5.0,nan,12,7,67.0,33
28,豐原,2020-04-12,58,3,3.0,nan,11,6,58.0,31
27,三義,2020-04-12,61,3,3.0,nan,11,6,61.0,26
26,苗栗,2020-04-12,42,3,5.0,nan,12,10,42.0,25
25,頭份,2020-04-12,34,4,nan,nan,15,9,nan,34
24,新竹,2020-04-12,67,3,3.0,nan,18,14,67.0,34
23,竹東,2020-04-12,49,3,5.0,nan,15,6,49.0,33
22,湖口,2020-04-12,87,1,5.0,nan,19,12,87.0,41
21,龍潭,2020-04-12,58,3,6.0,nan,17,16,58.0,38
20,平鎮,2020-04-12,64,3,5.0,nan,20,19,64.0,41
19,觀音,2020-04-12,87,9,3.0,nan,27,19,87.0,44
18,大園,2020-04-12,97,4,5.0,nan,23,20,97.0,51
17,桃園,2020-04-12,50,3,6.0,nan,20,20,50.0,39
16,大同,2020-04-12,59,6,18.0,nan,24,57,nan,59
15,松山,2020-04-12,80,1,7.0,nan,20,42,80.0,51
14,古亭,2020-04-12,67,1,6.0,nan,20,27,67.0,45
13,萬華,2020-04-12,52,3,8.0,nan,21,38,46.0,52
12,中山,2020-04-12,51,3,8.0,nan,19,43,51.0,48
11,士林,2020-04-12,77,1,6.0,nan,19,34,77.0,47
10,淡水,2020-04-12,87,4,7.0,nan,21,28,87.0,45
9,林口,2020-04-12,93,6,5.0,nan,22,25,93.0,50
8,菜寮,2020-04-12,54,4,8.0,nan,22,42,54.0,53
7,新莊,2020-04-12,80,3,7.0,nan,21,36,80.0,48
6,板橋,2020-04-12,64,3,6.0,nan,19,29,64.0,45
5,土城,2020-04-12,71,3,6.0,nan,19,29,71.0,43
4,新店,2020-04-12,67,3,5.0,nan,18,20,67.0,42
3,萬里,2020-04-12,108,3,3.0,nan,41,6,108.0,53
2,汐止,2020-04-12,77,1,7.0,nan,23,33,77.0,51
84,富貴角,2020-04-12,122,1,3.0,nan,68,4,122.0,71
84,富貴角,2020-04-13,132,1,2.0,nan,68,6,132.0,75
1,基隆,2020-04-13,126,6,5.0,nan,41,24,126.0,70
8,菜寮,2020-04-13,77,6,8.0,nan,41,41,77.0,73
7,新莊,2020-04-13,118,6,8.0,nan,44,35,118.0,76
9,林口,2020-04-13,112,4,5.0,nan,47,35,112.0,79
6,板橋,2020-04-13,100,4,6.0,nan,39,29,100.0,68
10,淡水,2020-04-13,115,3,6.0,nan,37,23,115.0,71
11,士林,2020-04-13,112,4,6.0,nan,39,25,112.0,70
5,土城,2020-04-13,122,3,5.0,nan,37,22,122.0,62
4,新店,2020-04-13,126,4,6.0,nan,35,32,126.0,67
3,萬里,2020-04-13,118,3,3.0,nan,54,8,118.0,69
2,汐止,2020-04-13,118,4,6.0,nan,42,41,118.0,71
12,中山,2020-04-13,80,6,9.0,nan,40,42,80.0,76
13,萬華,2020-04-13,72,4,6.0,nan,41,38,64.0,72
14,古亭,2020-04-13,108,4,5.0,nan,37,30,108.0,69
15,松山,2020-04-13,108,6,6.0,nan,43,39,108.0,74
16,大同,2020-04-13,82,7,15.0,nan,45,62,nan,82
17,桃園,2020-04-13,80,10,6.0,nan,37,26,80.0,67
18,大園,2020-04-13,126,6,3.0,nan,44,19,126.0,72
19,觀音,2020-04-13,118,11,3.0,nan,44,24,118.0,69
20,平鎮,2020-04-13,100,4,5.0,nan,42,29,100.0,69
21,龍潭,2020-04-13,112,4,6.0,nan,40,29,112.0,67
22,湖口,2020-04-13,132,3,3.0,nan,37,28,132.0,67
23,竹東,2020-04-13,132,3,3.0,nan,36,8,132.0,63
24,新竹,2020-04-13,115,6,5.0,nan,38,21,115.0,62
25,頭份,2020-04-13,63,4,nan,nan,37,22,nan,63
26,苗栗,2020-04-13,74,7,5.0,nan,36,16,74.0,63
27,三義,2020-04-13,101,4,3.0,nan,33,11,101.0,62
28,豐原,2020-04-13,129,6,3.0,nan,35,11,129.0,64
29,沙鹿,2020-04-13,126,4,3.0,nan,36,24,126.0,68
30,大里,2020-04-13,115,3,6.0,nan,39,22,115.0,61
31,忠明,2020-04-13,100,4,6.0,nan,39,32,100.0,73
32,西屯,2020-04-13,122,3,5.0,nan,41,44,122.0,68
33,彰化,2020-04-13,97,4,6.0,nan,40,22,97.0,66
34,線西,2020-04-13,66,10,nan,nan,48,25,nan,66
35,二林,2020-04-13,87,9,5.0,nan,57,16,87.0,68
36,南投,2020-04-13,126,3,6.0,nan,40,25,126.0,67
37,斗六,2020-04-13,146,3,5.0,nan,44,17,146.0,67
38,崙背,2020-04-13,118,6,5.0,nan,51,16,118.0,72
39,新港,2020-04-13,132,6,5.0,nan,48,25,132.0,70
40,朴子,2020-04-13,126,6,5.0,nan,47,14,126.0,67
41,臺西,2020-04-13,69,7,nan,nan,44,13,nan,69
42,嘉義,2020-04-13,112,6,6.0,nan,41,19,112.0,65
43,新營,2020-04-13,132,4,5.0,nan,47,20,132.0,69
44,善化,2020-04-13,132,11,5.0,nan,49,21,132.0,67
45,安南,2020-04-13,136,6,5.0,nan,51,26,136.0,70
46,臺南,2020-04-13,129,6,5.0,nan,47,22,129.0,71
47,美濃,2020-04-13,132,3,3.0,nan,32,8,132.0,57
48,橋頭,2020-04-13,129,7,5.0,nan,42,22,129.0,63
49,仁武,2020-04-13,129,9,6.0,nan,43,26,129.0,66
50,鳳山,2020-04-13,51,10,6.0,nan,39,31,nan,51
51,大寮,2020-04-13,90,14,7.0,nan,42,22,90.0,66
52,林園,2020-04-13,146,20,5.0,nan,44,24,146.0,62
53,楠梓,2020-04-13,136,6,5.0,nan,44,20,136.0,66
54,左營,2020-04-13,136,6,5.0,nan,42,17,136.0,63
56,前金,2020-04-13,143,7,5.0,nan,41,22,143.0,66
57,前鎮,2020-04-13,59,4,nan,nan,44,25,nan,59
58,小港,2020-04-13,132,6,6.0,nan,43,29,132.0,64
59,屏東,2020-04-13,151,9,5.0,nan,41,14,151.0,60
60,潮州,2020-04-13,140,4,5.0,nan,38,16,140.0,63
61,恆春,2020-04-13,112,3,2.0,nan,30,3,112.0,58
62,臺東,2020-04-13,84,3,5.0,nan,28,10,84.0,45
63,花蓮,2020-04-13,126,6,3.0,nan,36,8,126.0,54
64,陽明,2020-04-13,118,4,2.0,nan,39,4,118.0,67
65,宜蘭,2020-04-13,118,4,3.0,nan,37,8,118.0,59
66,冬山,2020-04-13,97,3,3.0,nan,44,13,97.0,65
67,三重,2020-04-13,90,6,16.0,nan,48,63,nan,90
68,中壢,2020-04-13,72,6,12.0,nan,41,55,nan,72
69,竹山,2020-04-13,151,6,5.0,nan,36,19,151.0,61
70,永和,2020-04-13,72,7,14.0,nan,38,42,nan,72
71,復興,2020-04-13,60,6,8.0,nan,41,26,nan,60
72,埔里,2020-04-13,115,4,5.0,nan,23,18,115.0,52
75,馬祖,2020-04-13,140,6,3.0,nan,39,36,140.0,77
77,金門,2020-04-13,132,4,3.0,nan,45,21,132.0,68
78,馬公,2020-04-13,132,4,3.0,nan,38,5,132.0,55
80,關山,2020-04-13,64,3,nan,nan,22,7,64.0,47
83,麥寮,2020-04-13,71,6,nan,nan,52,13,nan,71
1,基隆,2020-04-14,143,4,5.0,nan,41,41,143.0,76
3,萬里,2020-04-14,156,7,3.0,nan,43,14,156.0,79
4,新店,2020-04-14,132,3,5.0,nan,37,26,132.0,73
5,土城,2020-04-14,132,4,7.0,nan,37,35,132.0,72
6,板橋,2020-04-14,93,3,8.0,nan,41,38,93.0,78
7,新莊,2020-04-14,126,4,7.0,nan,44,33,126.0,78
8,菜寮,2020-04-14,77,3,7.0,nan,44,33,67.0,77
9,林口,2020-04-14,118,3,6.0,nan,48,28,118.0,80
10,淡水,2020-04-14,118,3,3.0,nan,36,13,118.0,73
11,士林,2020-04-14,126,4,5.0,nan,42,23,126.0,75
12,中山,2020-04-14,97,4,8.0,nan,44,48,97.0,82
13,萬華,2020-04-14,87,3,6.0,nan,44,31,87.0,78
14,古亭,2020-04-14,122,1,5.0,nan,40,20,122.0,76
15,松山,2020-04-14,112,6,6.0,nan,46,45,112.0,83
16,大同,2020-04-14,85,7,22.0,nan,49,77,nan,85
17,桃園,2020-04-14,97,14,7.0,nan,44,35,97.0,74
18,大園,2020-04-14,154,9,5.0,nan,45,21,154.0,80
19,觀音,2020-04-14,150,6,3.0,nan,46,15,150.0,78
20,平鎮,2020-04-14,93,9,6.0,nan,47,35,93.0,76
21,龍潭,2020-04-14,143,4,5.0,nan,44,20,143.0,76
22,湖口,2020-04-14,154,6,5.0,nan,41,15,154.0,74
23,竹東,2020-04-14,156,6,5.0,nan,35,14,156.0,71
24,新竹,2020-04-14,132,4,6.0,nan,38,25,132.0,69
25,頭份,2020-04-14,73,4,nan,nan,38,19,nan,73
26,苗栗,2020-04-14,77,4,6.0,nan,39,21,77.0,74
27,三義,2020-04-14,97,6,5.0,nan,37,20,97.0,70
28,豐原,2020-04-14,132,6,6.0,nan,47,27,132.0,85
29,沙鹿,2020-04-14,112,6,7.0,nan,48,34,112.0,95
30,大里,2020-04-14,104,7,8.0,nan,52,31,104.0,90
31,忠明,2020-04-14,94,7,7.0,nan,50,51,90.0,94
32,西屯,2020-04-14,129,9,6.0,nan,52,42,129.0,91
33,彰化,2020-04-14,101,13,6.0,nan,45,17,101.0,80
34,線西,2020-04-14,89,10,nan,nan,54,31,nan,89
35,二林,2020-04-14,112,6,6.0,nan,60,21,90.0,112
36,南投,2020-04-14,132,4,6.0,nan,47,24,132.0,87
37,斗六,2020-04-14,140,4,5.0,nan,51,18,140.0,83
38,崙背,2020-04-14,132,4,6.0,nan,62,20,132.0,114
39,新港,2020-04-14,136,6,5.0,nan,57,24,136.0,98
40,朴子,2020-04-14,143,6,6.0,nan,57,20,143.0,101
41,臺西,2020-04-14,114,4,nan,nan,60,19,nan,114
42,嘉義,2020-04-14,104,7,6.0,nan,47,20,104.0,82
43,新營,2020-04-14,136,4,5.0,nan,54,23,136.0,89
44,善化,2020-04-14,140,6,6.0,nan,54,28,140.0,89
45,安南,2020-04-14,143,6,6.0,nan,59,26,143.0,99
46,臺南,2020-04-14,150,4,6.0,nan,52,32,150.0,86
47,美濃,2020-04-14,129,4,3.0,nan,39,9,129.0,69
48,橋頭,2020-04-14,126,14,5.0,nan,52,35,126.0,85
49,仁武,2020-04-14,126,10,5.0,nan,50,25,126.0,83
50,鳳山,2020-04-14,70,10,6.0,nan,49,19,nan,70
51,大寮,2020-04-14,136,14,5.0,nan,54,24,136.0,93
52,林園,2020-04-14,169,13,5.0,nan,58,18,169.0,93
53,楠梓,2020-04-14,129,4,5.0,nan,52,40,129.0,81
54,左營,2020-04-14,140,9,6.0,nan,48,25,140.0,76
56,前金,2020-04-14,143,6,5.0,nan,50,20,143.0,82
57,前鎮,2020-04-14,71,7,nan,nan,50,30,nan,71
58,小港,2020-04-14,151,7,5.0,nan,50,28,151.0,80
59,屏東,2020-04-14,136,4,5.0,nan,54,15,136.0,77
60,潮州,2020-04-14,182,6,5.0,nan,51,12,182.0,80
61,恆春,2020-04-14,118,1,2.0,nan,34,3,118.0,65
62,臺東,2020-04-14,90,1,6.0,nan,41,17,90.0,68
63,花蓮,2020-04-14,132,4,5.0,nan,44,14,132.0,71
64,陽明,2020-04-14,118,4,2.0,nan,38,3,118.0,75
65,宜蘭,2020-04-14,140,6,5.0,nan,40,10,140.0,67
66,冬山,2020-04-14,101,3,3.0,nan,41,18,101.0,75
67,三重,2020-04-14,91,6,17.0,nan,50,65,nan,91
68,中壢,2020-04-14,80,6,16.0,nan,46,63,nan,80
69,竹山,2020-04-14,132,4,3.0,nan,48,14,132.0,84
70,永和,2020-04-14,73,4,7.0,nan,39,27,nan,73
71,復興,2020-04-14,76,7,8.0,nan,50,31,nan,76
72,埔里,2020-04-14,112,4,5.0,nan,31,15,112.0,67
75,馬祖,2020-04-14,174,3,5.0,nan,52,8,174.0,100
77,金門,2020-04-14,164,10,3.0,nan,58,14,164.0,91
78,馬公,2020-04-14,164,4,5.0,nan,44,9,164.0,68
80,關山,2020-04-14,71,3,nan,nan,32,7,71.0,65
83,麥寮,2020-04-14,104,4,nan,nan,60,24,nan,104
84,富貴角,2020-04-14,140,1,3.0,nan,65,7,140.0,88
2,汐止,2020-04-14,122,11,6.0,nan,43,41,122.0,74
59,屏東,2020-04-15,126,3,5.0,nan,50,14,126.0,80
84,富貴角,2020-04-15,166,1,2.0,nan,40,8,166.0,68
83,麥寮,2020-04-15,127,9,nan,nan,64,23,nan,127
80,關山,2020-04-15,62,1,nan,nan,26,7,47.0,62
78,馬公,2020-04-15,150,3,3.0,nan,44,7,150.0,73
77,金門,2020-04-15,177,11,5.0,nan,58,42,177.0,108
75,馬祖,2020-04-15,177,6,5.0,nan,54,31,177.0,118
72,埔里,2020-04-15,122,4,3.0,nan,31,13,122.0,66
71,復興,2020-04-15,76,7,8.0,nan,46,37,nan,76
70,永和,2020-04-15,82,4,14.0,nan,41,58,nan,82
69,竹山,2020-04-15,132,4,2.0,nan,39,11,132.0,70
68,中壢,2020-04-15,88,9,17.0,nan,48,52,nan,88
67,三重,2020-04-15,100,4,16.0,nan,52,66,nan,100
66,冬山,2020-04-15,73,3,5.0,nan,38,25,50.0,73
65,宜蘭,2020-04-15,122,4,5.0,nan,37,16,122.0,69
64,陽明,2020-04-15,129,3,2.0,nan,26,3,129.0,59
63,花蓮,2020-04-15,60,3,6.0,nan,31,25,58.0,60
62,臺東,2020-04-15,67,3,5.0,nan,30,8,67.0,52
61,恆春,2020-04-15,154,6,2.0,nan,31,5,154.0,63
60,潮州,2020-04-15,129,4,3.0,nan,44,16,129.0,72
58,小港,2020-04-15,104,6,6.0,nan,46,26,104.0,80
57,前鎮,2020-04-15,69,6,nan,nan,45,32,nan,69
56,前金,2020-04-15,132,6,6.0,nan,44,22,132.0,76
54,左營,2020-04-15,132,6,6.0,nan,44,35,132.0,77
53,楠梓,2020-04-15,104,7,6.0,nan,48,42,104.0,79
52,林園,2020-04-15,115,10,5.0,nan,57,31,115.0,90
51,大寮,2020-04-15,97,21,6.0,nan,53,24,97.0,94
50,鳳山,2020-04-15,68,9,6.0,nan,45,21,nan,68
49,仁武,2020-04-15,108,11,5.0,nan,46,29,108.0,83
48,橋頭,2020-04-15,87,9,5.0,nan,48,30,64.0,87
47,美濃,2020-04-15,104,3,3.0,nan,35,9,104.0,71
46,臺南,2020-04-15,118,6,7.0,nan,53,26,118.0,91
45,安南,2020-04-15,122,6,6.0,nan,57,35,122.0,100
44,善化,2020-04-15,118,14,5.0,nan,45,23,118.0,78
43,新營,2020-04-15,118,6,5.0,nan,48,24,118.0,81
42,嘉義,2020-04-15,100,4,6.0,nan,39,18,100.0,67
41,臺西,2020-04-15,115,7,nan,nan,60,17,nan,115
40,朴子,2020-04-15,115,9,6.0,nan,58,22,115.0,107
39,新港,2020-04-15,115,9,6.0,nan,58,23,115.0,99
38,崙背,2020-04-15,122,6,5.0,nan,62,20,122.0,120
37,斗六,2020-04-15,150,7,3.0,nan,48,18,150.0,81
36,南投,2020-04-15,132,4,5.0,nan,43,16,132.0,79
35,二林,2020-04-15,116,7,6.0,nan,63,20,67.0,116
34,線西,2020-04-15,103,6,nan,nan,59,24,nan,103
33,彰化,2020-04-15,94,9,7.0,nan,54,21,93.0,94
32,西屯,2020-04-15,122,6,6.0,nan,54,42,122.0,100
31,忠明,2020-04-15,98,7,6.0,nan,50,25,77.0,98
30,大里,2020-04-15,101,6,7.0,nan,52,25,101.0,97
29,沙鹿,2020-04-15,97,16,6.0,nan,52,32,90.0,97
28,豐原,2020-04-15,115,6,5.0,nan,47,21,115.0,90
27,三義,2020-04-15,87,10,5.0,nan,45,21,77.0,87
26,苗栗,2020-04-15,83,6,6.0,nan,44,21,44.0,83
25,頭份,2020-04-15,86,6,nan,nan,45,22,nan,86
24,新竹,2020-04-15,132,4,6.0,nan,44,25,132.0,82
23,竹東,2020-04-15,129,4,5.0,nan,39,14,129.0,79
22,湖口,2020-04-15,159,4,3.0,nan,41,19,159.0,84
21,龍潭,2020-04-15,126,6,5.0,nan,42,19,126.0,80
20,平鎮,2020-04-15,90,4,6.0,nan,50,26,90.0,86
19,觀音,2020-04-15,143,10,5.0,nan,49,33,143.0,89
18,大園,2020-04-15,154,10,6.0,nan,48,44,154.0,91
17,桃園,2020-04-15,90,36,9.0,nan,46,45,80.0,90
16,大同,2020-04-15,90,6,16.0,nan,46,62,nan,90
15,松山,2020-04-15,101,6,9.0,nan,47,52,101.0,93
14,古亭,2020-04-15,100,4,7.0,nan,41,42,100.0,83
13,萬華,2020-04-15,87,6,10.0,nan,46,60,84.0,87
12,中山,2020-04-15,88,6,11.0,nan,42,65,77.0,88
11,士林,2020-04-15,150,4,6.0,nan,37,33,150.0,76
10,淡水,2020-04-15,151,4,6.0,nan,33,26,151.0,73
9,林口,2020-04-15,143,4,6.0,nan,45,39,143.0,87
8,菜寮,2020-04-15,90,4,10.0,nan,44,64,61.0,90
7,新莊,2020-04-15,132,6,10.0,nan,51,55,132.0,96
6,板橋,2020-04-15,108,6,9.0,nan,49,62,108.0,99
5,土城,2020-04-15,136,6,8.0,nan,43,36,136.0,86
4,新店,2020-04-15,129,4,8.0,nan,38,46,129.0,78
3,萬里,2020-04-15,129,3,5.0,nan,34,15,129.0,72
2,汐止,2020-04-15,132,4,7.0,nan,44,52,132.0,81
1,基隆,2020-04-15,126,6,6.0,nan,39,25,126.0,76
40,朴子,2020-04-16,122,6,5.0,nan,53,16,122.0,87
77,金門,2020-04-16,126,17,5.0,nan,65,30,118.0,126
72,埔里,2020-04-16,164,4,5.0,nan,40,19,164.0,81
78,馬公,2020-04-16,126,3,3.0,nan,34,5,126.0,60
71,復興,2020-04-16,72,10,7.0,nan,44,37,nan,72
80,關山,2020-04-16,49,1,nan,nan,20,8,49.0,48
83,麥寮,2020-04-16,108,10,nan,nan,58,18,nan,108
70,永和,2020-04-16,67,6,12.0,nan,34,63,nan,67
84,富貴角,2020-04-16,154,4,3.0,nan,37,11,154.0,67
69,竹山,2020-04-16,161,6,3.0,nan,52,14,161.0,89
68,中壢,2020-04-16,93,9,18.0,nan,52,64,nan,93
67,三重,2020-04-16,88,9,18.0,nan,44,88,nan,88
66,冬山,2020-04-16,63,3,3.0,nan,31,21,46.0,63
65,宜蘭,2020-04-16,64,7,3.0,nan,32,12,64.0,58
64,陽明,2020-04-16,126,4,2.0,nan,25,3,126.0,60
63,花蓮,2020-04-16,52,3,3.0,nan,28,13,48.0,52
62,臺東,2020-04-16,48,1,5.0,nan,28,15,45.0,48
61,恆春,2020-04-16,74,3,2.0,nan,24,2,74.0,54
60,潮州,2020-04-16,150,10,5.0,nan,46,14,150.0,75
59,屏東,2020-04-16,156,4,5.0,nan,51,15,156.0,74
58,小港,2020-04-16,104,7,5.0,nan,42,33,104.0,71
57,前鎮,2020-04-16,67,7,nan,nan,45,35,nan,67
56,前金,2020-04-16,115,10,5.0,nan,40,24,115.0,71
54,左營,2020-04-16,126,6,5.0,nan,42,22,126.0,71
53,楠梓,2020-04-16,112,4,5.0,nan,43,35,112.0,70
52,林園,2020-04-16,118,19,3.0,nan,52,19,118.0,82
51,大寮,2020-04-16,108,31,6.0,nan,51,23,108.0,88
50,鳳山,2020-04-16,66,6,6.0,nan,43,19,nan,66
49,仁武,2020-04-16,118,26,6.0,nan,44,47,118.0,81
48,橋頭,2020-04-16,115,4,5.0,nan,42,24,115.0,74
47,美濃,2020-04-16,143,6,3.0,nan,39,11,143.0,71
46,臺南,2020-04-16,101,9,6.0,nan,46,26,101.0,80
45,安南,2020-04-16,132,4,6.0,nan,54,25,132.0,92
44,善化,2020-04-16,132,7,5.0,nan,45,25,132.0,78
43,新營,2020-04-16,126,4,5.0,nan,44,16,126.0,76
42,嘉義,2020-04-16,100,7,5.0,nan,41,23,100.0,64
41,臺西,2020-04-16,102,4,nan,nan,54,21,nan,102
75,馬祖,2020-04-16,109,7,5.0,nan,50,23,100.0,109
39,新港,2020-04-16,115,6,5.0,nan,52,23,115.0,84
38,崙背,2020-04-16,159,9,5.0,nan,60,15,159.0,112
37,斗六,2020-04-16,164,7,3.0,nan,52,21,164.0,76
36,南投,2020-04-16,166,7,6.0,nan,47,23,166.0,79
35,二林,2020-04-16,133,6,6.0,nan,66,22,87.0,133
34,線西,2020-04-16,87,11,nan,nan,50,25,nan,87
33,彰化,2020-04-16,87,10,9.0,nan,47,16,87.0,81
32,西屯,2020-04-16,101,17,7.0,nan,51,41,101.0,87
31,忠明,2020-04-16,86,17,8.0,nan,48,66,67.0,86
30,大里,2020-04-16,118,10,8.0,nan,51,50,118.0,83
29,沙鹿,2020-04-16,112,10,8.0,nan,46,54,112.0,84
28,豐原,2020-04-16,151,6,5.0,nan,42,23,151.0,74
27,三義,2020-04-16,93,7,3.0,nan,34,18,93.0,68
26,苗栗,2020-04-16,71,6,6.0,nan,37,26,51.0,71
25,頭份,2020-04-16,79,6,nan,nan,39,27,nan,79
24,新竹,2020-04-16,115,6,8.0,nan,39,55,115.0,75
23,竹東,2020-04-16,115,4,5.0,nan,35,15,115.0,67
22,湖口,2020-04-16,146,4,5.0,nan,38,31,146.0,78
21,龍潭,2020-04-16,136,6,6.0,nan,34,34,136.0,71
20,平鎮,2020-04-16,90,6,7.0,nan,49,49,80.0,90
19,觀音,2020-04-16,132,9,6.0,nan,46,39,132.0,89
18,大園,2020-04-16,151,10,7.0,nan,51,61,151.0,103
17,桃園,2020-04-16,93,19,10.0,nan,47,60,90.0,93
16,大同,2020-04-16,82,9,18.0,nan,43,76,nan,82
15,松山,2020-04-16,118,6,6.0,nan,38,42,118.0,70
14,古亭,2020-04-16,154,4,6.0,nan,32,34,154.0,67
13,萬華,2020-04-16,126,4,8.0,nan,38,51,126.0,72
12,中山,2020-04-16,104,7,10.0,nan,38,51,104.0,77
11,士林,2020-04-16,136,7,6.0,nan,33,31,136.0,65
10,淡水,2020-04-16,136,6,7.0,nan,34,33,136.0,74
9,林口,2020-04-16,150,9,6.0,nan,40,51,150.0,78
8,菜寮,2020-04-16,84,7,10.0,nan,40,55,84.0,79
7,新莊,2020-04-16,164,7,11.0,nan,45,70,164.0,83
6,板橋,2020-04-16,143,9,9.0,nan,38,53,143.0,76
5,土城,2020-04-16,200,10,8.0,109.0,40,45,200.0,81
4,新店,2020-04-16,150,7,6.0,107.0,32,29,150.0,69
3,萬里,2020-04-16,108,6,3.0,nan,25,11,108.0,55
2,汐止,2020-04-16,101,14,6.0,nan,34,38,101.0,68
1,基隆,2020-04-16,100,6,6.0,nan,30,31,100.0,57
2,汐止,2020-04-17,151,7,7.0,nan,38.0,39,151.0,68.0
84,富貴角,2020-04-17,100,3,3.0,nan,34.0,10,100.0,61.0
83,麥寮,2020-04-17,100,7,nan,nan,57.0,16,nan,100.0
80,關山,2020-04-17,41,1,nan,nan,19.0,8,41.0,35.0
78,馬公,2020-04-17,90,3,3.0,nan,33.0,5,90.0,60.0
77,金門,2020-04-17,83,6,5.0,nan,52.0,37,48.0,83.0
75,馬祖,2020-04-17,118,4,3.0,nan,54.0,37,118.0,98.0
72,埔里,2020-04-17,140,6,6.0,nan,41.0,21,140.0,84.0
71,復興,2020-04-17,78,9,9.0,nan,46.0,38,nan,78.0
70,永和,2020-04-17,68,4,17.0,nan,36.0,49,nan,68.0
1,基隆,2020-04-17,118,4,7.0,nan,31.0,28,118.0,60.0
69,竹山,2020-04-17,129,9,5.0,nan,49.0,13,129.0,95.0
68,中壢,2020-04-17,67,6,19.0,nan,41.0,46,nan,67.0
67,三重,2020-04-17,79,7,17.0,nan,44.0,58,nan,79.0
66,冬山,2020-04-17,56,4,3.0,nan,32.0,12,51.0,56.0
65,宜蘭,2020-04-17,71,7,3.0,nan,29.0,9,71.0,50.0
64,陽明,2020-04-17,97,6,3.0,nan,31.0,10,97.0,64.0
63,花蓮,2020-04-17,46,6,3.0,nan,26.0,8,46.0,43.0
62,臺東,2020-04-17,46,1,5.0,nan,23.0,8,46.0,34.0
61,恆春,2020-04-17,74,1,2.0,nan,25.0,2,74.0,46.0
60,潮州,2020-04-17,190,9,5.0,nan,45.0,16,190.0,83.0
59,屏東,2020-04-17,195,7,6.0,nan,54.0,22,195.0,85.0
58,小港,2020-04-17,140,9,6.0,nan,46.0,33,140.0,79.0
57,前鎮,2020-04-17,73,9,nan,nan,46.0,31,nan,73.0
56,前金,2020-04-17,169,7,7.0,nan,48.0,25,169.0,83.0
54,左營,2020-04-17,164,9,6.0,nan,45.0,39,164.0,79.0
53,楠梓,2020-04-17,159,7,5.0,nan,47.0,37,159.0,81.0
52,林園,2020-04-17,140,6,5.0,nan,52.0,16,140.0,84.0
51,大寮,2020-04-17,182,14,6.0,nan,54.0,27,182.0,102.0
50,鳳山,2020-04-17,77,7,7.0,nan,49.0,22,nan,77.0
49,仁武,2020-04-17,169,17,6.0,nan,51.0,29,169.0,90.0
48,橋頭,2020-04-17,156,11,5.0,nan,49.0,30,156.0,87.0
47,美濃,2020-04-17,154,4,3.0,nan,40.0,13,154.0,74.0
46,臺南,2020-04-17,126,3,6.0,nan,44.0,25,126.0,73.0
45,安南,2020-04-17,129,4,5.0,nan,52.0,28,129.0,80.0
44,善化,2020-04-17,28,13,3.0,nan,nan,21,28.0,nan
43,新營,2020-04-17,112,4,5.0,nan,45.0,19,112.0,72.0
42,嘉義,2020-04-17,101,9,6.0,nan,43.0,19,101.0,74.0
41,臺西,2020-04-17,99,4,nan,nan,55.0,22,nan,99.0
40,朴子,2020-04-17,87,4,3.0,nan,47.0,19,87.0,74.0
39,新港,2020-04-17,104,92,5.0,nan,47.0,25,104.0,74.0
38,崙背,2020-04-17,93,7,5.0,nan,55.0,18,93.0,91.0
37,斗六,2020-04-17,140,6,3.0,nan,51.0,18,140.0,88.0
36,南投,2020-04-17,129,4,6.0,nan,46.0,24,129.0,83.0
35,二林,2020-04-17,95,4,3.0,nan,54.0,24,44.0,95.0
34,線西,2020-04-17,78,7,nan,nan,47.0,37,nan,78.0
33,彰化,2020-04-17,73,6,6.0,nan,43.0,15,49.0,73.0
32,西屯,2020-04-17,76,16,5.0,nan,44.0,38,58.0,76.0
31,忠明,2020-04-17,79,13,6.0,nan,44.0,38,48.0,79.0
30,大里,2020-04-17,75,13,6.0,nan,45.0,27,74.0,75.0
29,沙鹿,2020-04-17,74,17,7.0,nan,43.0,37,54.0,74.0
28,豐原,2020-04-17,104,6,8.0,nan,38.0,22,104.0,71.0
27,三義,2020-04-17,65,4,3.0,nan,33.0,13,58.0,65.0
26,苗栗,2020-04-17,63,4,5.0,nan,34.0,18,36.0,63.0
25,頭份,2020-04-17,68,4,nan,nan,36.0,24,nan,68.0
24,新竹,2020-04-17,69,3,8.0,nan,35.0,38,61.0,69.0
23,竹東,2020-04-17,93,6,5.0,nan,34.0,10,93.0,70.0
22,湖口,2020-04-17,71,6,5.0,nan,32.0,30,71.0,63.0
21,龍潭,2020-04-17,100,7,5.0,nan,38.0,25,100.0,69.0
20,平鎮,2020-04-17,72,4,6.0,nan,44.0,32,45.0,72.0
19,觀音,2020-04-17,74,7,6.0,nan,42.0,41,61.0,74.0
18,大園,2020-04-17,80,6,6.0,nan,39.0,41,80.0,72.0
17,桃園,2020-04-17,81,13,7.0,nan,43.0,37,41.0,81.0
16,大同,2020-04-17,79,7,20.0,nan,43.0,61,nan,79.0
15,松山,2020-04-17,112,9,8.0,nan,39.0,52,112.0,75.0
14,古亭,2020-04-17,100,7,7.0,nan,34.0,50,100.0,66.0
13,萬華,2020-04-17,74,9,10.0,nan,39.0,58,74.0,69.0
12,中山,2020-04-17,68,6,11.0,nan,36.0,50,49.0,68.0
11,士林,2020-04-17,84,6,7.0,nan,36.0,34,84.0,67.0
10,淡水,2020-04-17,77,6,6.0,nan,30.0,34,77.0,62.0
9,林口,2020-04-17,84,7,5.0,nan,39.0,37,84.0,70.0
8,菜寮,2020-04-17,75,6,11.0,nan,40.0,45,44.0,75.0
7,新莊,2020-04-17,108,9,11.0,nan,47.0,48,108.0,85.0
6,板橋,2020-04-17,84,4,10.0,nan,43.0,45,84.0,79.0
5,土城,2020-04-17,126,6,8.0,nan,43.0,42,126.0,82.0
4,新店,2020-04-17,118,4,7.0,nan,32.0,42,118.0,65.0
3,萬里,2020-04-17,132,7,3.0,nan,31.0,10,132.0,61.0
10,淡水,2020-04-18,68,6.0,8.0,nan,33.0,33,67.0,68.0
1,基隆,2020-04-18,65,9.0,7.0,nan,35.0,22,54.0,65.0
2,汐止,2020-04-18,87,9.0,9.0,nan,39.0,30,87.0,70.0
3,萬里,2020-04-18,80,6.0,3.0,nan,31.0,11,80.0,61.0
4,新店,2020-04-18,143,6.0,6.0,nan,35.0,23,143.0,73.0
5,土城,2020-04-18,115,6.0,8.0,nan,42.0,34,115.0,86.0
6,板橋,2020-04-18,81,7.0,9.0,nan,43.0,28,77.0,81.0
7,新莊,2020-04-18,100,7.0,10.0,nan,44.0,35,100.0,82.0
8,菜寮,2020-04-18,72,6.0,7.0,nan,38.0,37,44.0,72.0
9,林口,2020-04-18,93,7.0,6.0,nan,44.0,31,93.0,79.0
11,士林,2020-04-18,87,6.0,7.0,nan,38.0,26,87.0,72.0
12,中山,2020-04-18,80,3.0,7.0,nan,38.0,35,80.0,73.0
13,萬華,2020-04-18,74,6.0,7.0,nan,39.0,34,74.0,70.0
14,古亭,2020-04-18,100,6.0,6.0,nan,37.0,22,100.0,68.0
15,松山,2020-04-18,90,6.0,8.0,nan,41.0,27,90.0,76.0
16,大同,2020-04-18,79,7.0,16.0,nan,43.0,42,nan,79.0
17,桃園,2020-04-18,90,21.0,8.0,nan,46.0,34,46.0,90.0
18,大園,2020-04-18,112,11.0,6.0,nan,44.0,27,112.0,87.0
19,觀音,2020-04-18,87,14.0,3.0,nan,48.0,25,87.0,78.0
20,平鎮,2020-04-18,82,6.0,6.0,nan,45.0,42,50.0,82.0
21,龍潭,2020-04-18,84,6.0,6.0,nan,42.0,26,84.0,78.0
22,湖口,2020-04-18,87,9.0,5.0,nan,41.0,19,87.0,78.0
23,竹東,2020-04-18,87,6.0,6.0,nan,40.0,16,87.0,80.0
24,新竹,2020-04-18,80,6.0,6.0,nan,42.0,26,74.0,80.0
25,頭份,2020-04-18,84,7.0,nan,nan,44.0,24,nan,84.0
26,苗栗,2020-04-18,77,9.0,6.0,nan,40.0,20,39.0,77.0
27,三義,2020-04-18,71,6.0,3.0,nan,35.0,13,47.0,71.0
28,豐原,2020-04-18,77,6.0,5.0,nan,38.0,21,77.0,75.0
29,沙鹿,2020-04-18,85,6.0,6.0,nan,44.0,47,50.0,85.0
30,大里,2020-04-18,74,9.0,7.0,nan,40.0,29,47.0,74.0
31,忠明,2020-04-18,76,11.0,6.0,nan,40.0,37,44.0,76.0
32,西屯,2020-04-18,76,14.0,6.0,nan,43.0,35,50.0,76.0
33,彰化,2020-04-18,69,16.0,7.0,nan,41.0,13,44.0,69.0
34,線西,2020-04-18,82,6.0,nan,nan,51.0,20,nan,82.0
35,二林,2020-04-18,89,6.0,5.0,nan,54.0,16,43.0,89.0
36,南投,2020-04-18,80,9.0,6.0,nan,42.0,24,80.0,77.0
37,斗六,2020-04-18,97,4.0,5.0,nan,53.0,10,97.0,91.0
38,崙背,2020-04-18,93,4.0,5.0,nan,56.0,20,77.0,93.0
39,新港,2020-04-18,82,23.0,5.0,nan,52.0,21,64.0,82.0
40,朴子,2020-04-18,79,6.0,5.0,nan,51.0,17,64.0,79.0
41,臺西,2020-04-18,88,6.0,nan,nan,54.0,16,nan,88.0
42,嘉義,2020-04-18,74,16.0,5.0,nan,43.0,14,58.0,74.0
43,新營,2020-04-18,97,4.0,3.0,nan,44.0,13,97.0,71.0
44,善化,2020-04-18,36,6.0,5.0,nan,nan,18,36.0,nan
45,安南,2020-04-18,90,6.0,5.0,nan,46.0,30,90.0,66.0
46,臺南,2020-04-18,74,3.0,5.0,nan,38.0,26,74.0,60.0
47,美濃,2020-04-18,77,6.0,5.0,nan,31.0,10,77.0,62.0
48,橋頭,2020-04-18,66,7.0,5.0,nan,36.0,17,58.0,66.0
49,仁武,2020-04-18,64,10.0,6.0,nan,36.0,23,47.0,64.0
50,鳳山,2020-04-18,56,13.0,8.0,nan,37.0,19,nan,56.0
51,大寮,2020-04-18,73,19.0,6.0,nan,38.0,18,39.0,73.0
52,林園,2020-04-18,64,6.0,5.0,nan,42.0,15,42.0,64.0
53,楠梓,2020-04-18,65,9.0,6.0,nan,41.0,30,51.0,65.0
54,左營,2020-04-18,61,10.0,7.0,nan,36.0,27,44.0,61.0
56,前金,2020-04-18,59,13.0,6.0,nan,36.0,24,43.0,59.0
57,前鎮,2020-04-18,54,nan,nan,nan,35.0,21,nan,54.0
58,小港,2020-04-18,61,13.0,5.0,nan,36.0,21,33.0,61.0
59,屏東,2020-04-18,56,6.0,5.0,nan,39.0,16,49.0,56.0
60,潮州,2020-04-18,57,4.0,3.0,nan,31.0,12,46.0,57.0
61,恆春,2020-04-18,35,1.0,2.0,nan,17.0,1,35.0,33.0
62,臺東,2020-04-18,31,1.0,5.0,nan,18.0,8,31.0,24.0
63,花蓮,2020-04-18,37,6.0,3.0,nan,24.0,8,32.0,37.0
64,陽明,2020-04-18,87,4.0,2.0,nan,33.0,5,87.0,70.0
65,宜蘭,2020-04-18,84,7.0,3.0,nan,33.0,9,84.0,58.0
66,冬山,2020-04-18,48,4.0,3.0,nan,34.0,11,48.0,nan
67,三重,2020-04-18,84,9.0,15.0,nan,44.0,45,nan,84.0
68,中壢,2020-04-18,77,7.0,15.0,nan,44.0,39,nan,77.0
69,竹山,2020-04-18,94,6.0,3.0,nan,47.0,14,77.0,94.0
70,永和,2020-04-18,70,4.0,12.0,nan,36.0,36,nan,70.0
71,復興,2020-04-18,59,14.0,8.0,nan,35.0,25,nan,59.0
72,埔里,2020-04-18,93,4.0,5.0,nan,34.0,17,93.0,75.0
75,馬祖,2020-04-18,101,4.0,3.0,nan,56.0,24,101.0,99.0
77,金門,2020-04-18,66,6.0,2.0,nan,45.0,23,36.0,66.0
78,馬公,2020-04-18,87,4.0,3.0,nan,37.0,21,87.0,62.0
80,關山,2020-04-18,37,1.0,nan,nan,14.0,4,34.0,37.0
83,麥寮,2020-04-18,98,13.0,nan,nan,58.0,18,nan,98.0
84,富貴角,2020-04-18,71,1.0,3.0,nan,34.0,12,71.0,63.0
83,麥寮,2020-04-19,75,4,nan,nan,48.0,15,nan,75.0
1,基隆,2020-04-19,71,6,6.0,nan,33.0,19,36.0,71.0
2,汐止,2020-04-19,75,4,8.0,nan,40.0,27,37.0,75.0
3,萬里,2020-04-19,69,6,5.0,nan,31.0,13,41.0,69.0
4,新店,2020-04-19,72,4,6.0,nan,31.0,25,44.0,72.0
5,土城,2020-04-19,77,4,7.0,nan,37.0,25,41.0,77.0
6,板橋,2020-04-19,71,4,7.0,nan,36.0,24,34.0,71.0
7,新莊,2020-04-19,75,4,8.0,nan,38.0,25,40.0,75.0
8,菜寮,2020-04-19,76,4,9.0,nan,38.0,30,24.0,76.0
9,林口,2020-04-19,76,7,5.0,nan,38.0,23,36.0,76.0
10,淡水,2020-04-19,67,6,7.0,nan,31.0,26,32.0,67.0
11,士林,2020-04-19,72,6,7.0,nan,38.0,31,35.0,72.0
12,中山,2020-04-19,77,6,10.0,nan,38.0,38,27.0,77.0
13,萬華,2020-04-19,70,4,8.0,nan,39.0,32,31.0,70.0
14,古亭,2020-04-19,73,4,7.0,nan,35.0,25,40.0,73.0
15,松山,2020-04-19,77,4,8.0,nan,39.0,35,34.0,77.0
16,大同,2020-04-19,79,4,17.0,nan,40.0,42,nan,79.0
17,桃園,2020-04-19,83,13,7.0,nan,40.0,24,26.0,83.0
18,大園,2020-04-19,73,14,6.0,nan,37.0,26,37.0,73.0
19,觀音,2020-04-19,66,17,5.0,nan,35.0,18,36.0,66.0
20,平鎮,2020-04-19,73,4,6.0,nan,41.0,18,30.0,73.0
21,龍潭,2020-04-19,75,4,6.0,nan,38.0,16,34.0,75.0
22,湖口,2020-04-19,66,4,5.0,nan,33.0,15,36.0,66.0
23,竹東,2020-04-19,74,3,5.0,nan,34.0,11,34.0,74.0
24,新竹,2020-04-19,67,6,6.0,nan,35.0,16,30.0,67.0
25,頭份,2020-04-19,72,7,nan,nan,38.0,15,nan,72.0
26,苗栗,2020-04-19,59,4,5.0,nan,29.0,11,25.0,59.0
27,三義,2020-04-19,58,7,3.0,nan,28.0,11,31.0,58.0
28,豐原,2020-04-19,56,1,3.0,nan,29.0,14,39.0,56.0
29,沙鹿,2020-04-19,57,4,6.0,nan,28.0,25,32.0,57.0
30,大里,2020-04-19,60,6,5.0,nan,32.0,17,32.0,60.0
31,忠明,2020-04-19,58,4,6.0,nan,31.0,20,31.0,58.0
32,西屯,2020-04-19,56,6,6.0,nan,30.0,27,36.0,56.0
33,彰化,2020-04-19,53,21,5.0,nan,30.0,11,27.0,53.0
34,線西,2020-04-19,61,7,nan,nan,36.0,19,nan,61.0
35,二林,2020-04-19,71,4,6.0,nan,44.0,16,23.0,71.0
36,南投,2020-04-19,60,4,6.0,nan,34.0,14,40.0,60.0
37,斗六,2020-04-19,59,7,3.0,nan,35.0,14,34.0,59.0
38,崙背,2020-04-19,69,4,5.0,nan,45.0,13,31.0,69.0
39,新港,2020-04-19,59,4,5.0,nan,38.0,17,29.0,59.0
40,朴子,2020-04-19,61,6,5.0,nan,37.0,14,26.0,61.0
41,臺西,2020-04-19,72,4,nan,nan,42.0,14,nan,72.0
42,嘉義,2020-04-19,50,4,3.0,nan,28.0,13,31.0,50.0
43,新營,2020-04-19,52,3,3.0,nan,27.0,10,32.0,52.0
44,善化,2020-04-19,31,6,3.0,nan,nan,18,31.0,nan
45,安南,2020-04-19,45,4,3.0,nan,27.0,16,29.0,45.0
46,臺南,2020-04-19,36,3,3.0,nan,21.0,13,26.0,36.0
47,美濃,2020-04-19,42,3,2.0,nan,20.0,9,34.0,42.0
48,橋頭,2020-04-19,42,6,3.0,nan,22.0,15,28.0,42.0
49,仁武,2020-04-19,42,7,5.0,nan,24.0,15,29.0,42.0
50,鳳山,2020-04-19,36,7,7.0,nan,23.0,17,nan,36.0
51,大寮,2020-04-19,42,10,3.0,nan,24.0,20,22.0,42.0
52,林園,2020-04-19,35,4,2.0,nan,26.0,12,25.0,35.0
53,楠梓,2020-04-19,37,7,5.0,nan,22.0,17,28.0,37.0
54,左營,2020-04-19,31,6,5.0,nan,19.0,13,25.0,31.0
56,前金,2020-04-19,38,9,5.0,nan,21.0,16,24.0,38.0
57,前鎮,2020-04-19,31,4,nan,nan,22.0,18,nan,31.0
58,小港,2020-04-19,36,11,3.0,nan,22.0,19,20.0,36.0
59,屏東,2020-04-19,32,6,5.0,nan,24.0,17,29.0,32.0
60,潮州,2020-04-19,33,3,3.0,nan,21.0,13,25.0,33.0
61,恆春,2020-04-19,32,1,1.0,nan,16.0,1,29.0,32.0
62,臺東,2020-04-19,26,3,5.0,nan,22.0,8,24.0,26.0
63,花蓮,2020-04-19,39,9,2.0,nan,28.0,9,23.0,39.0
64,陽明,2020-04-19,62,4,2.0,nan,25.0,4,39.0,62.0
65,宜蘭,2020-04-19,64,6,3.0,nan,32.0,11,49.0,64.0
66,冬山,2020-04-19,60,4,3.0,nan,32.0,9,38.0,60.0
67,三重,2020-04-19,84,4,18.0,nan,41.0,50,nan,84.0
68,中壢,2020-04-19,72,3,12.0,nan,38.0,26,nan,72.0
69,竹山,2020-04-19,68,4,5.0,nan,35.0,12,39.0,68.0
70,永和,2020-04-19,72,4,14.0,nan,31.0,32,nan,72.0
71,復興,2020-04-19,37,9,5.0,nan,20.0,21,nan,37.0
72,埔里,2020-04-19,65,6,5.0,nan,31.0,14,47.0,65.0
75,馬祖,2020-04-19,97,4,3.0,nan,54.0,23,71.0,97.0
77,金門,2020-04-19,77,9,3.0,nan,44.0,16,32.0,77.0
78,馬公,2020-04-19,33,3,2.0,nan,21.0,6,33.0,33.0
80,關山,2020-04-19,34,3,nan,nan,19.0,5,22.0,34.0
84,富貴角,2020-04-19,61,1,3.0,nan,32.0,12,42.0,61.0
1,基隆,2020-04-20,64,3,6.0,nan,33,12,64.0,63
2,汐止,2020-04-20,64,4,7.0,nan,35,20,58.0,64
3,萬里,2020-04-20,90,3,6.0,nan,41,11,90.0,61
4,新店,2020-04-20,53,3,7.0,nan,22,21,44.0,53
5,土城,2020-04-20,59,4,9.0,nan,28,30,58.0,59
6,板橋,2020-04-20,56,3,8.0,nan,31,26,44.0,56
7,新莊,2020-04-20,67,3,7.0,nan,30,19,67.0,59
8,菜寮,2020-04-20,52,3,7.0,nan,28,18,35.0,52
9,林口,2020-04-20,61,3,6.0,nan,26,21,61.0,53
10,淡水,2020-04-20,67,3,6.0,nan,19,12,67.0,43
11,士林,2020-04-20,71,4,6.0,nan,22,15,71.0,47
12,中山,2020-04-20,57,4,9.0,nan,29,31,47.0,57
13,萬華,2020-04-20,58,3,7.0,nan,31,26,47.0,58
14,古亭,2020-04-20,61,3,7.0,nan,31,23,47.0,61
15,松山,2020-04-20,67,4,7.0,nan,36,27,48.0,67
16,大同,2020-04-20,64,4,11.0,nan,31,40,nan,64
17,桃園,2020-04-20,60,16,8.0,nan,31,20,40.0,60
18,大園,2020-04-20,67,11,7.0,nan,29,25,67.0,54
19,觀音,2020-04-20,71,9,8.0,nan,32,25,71.0,55
20,平鎮,2020-04-20,61,4,9.0,nan,30,24,61.0,55
21,龍潭,2020-04-20,61,3,8.0,nan,28,25,61.0,58
22,湖口,2020-04-20,97,3,7.0,nan,28,22,97.0,60
23,竹東,2020-04-20,87,6,7.0,nan,30,15,87.0,60
24,新竹,2020-04-20,112,4,6.0,nan,31,20,112.0,59
25,頭份,2020-04-20,64,4,nan,nan,38,14,nan,64
26,苗栗,2020-04-20,63,4,6.0,nan,36,12,48.0,63
27,三義,2020-04-20,66,3,5.0,nan,31,13,54.0,66
28,豐原,2020-04-20,104,4,5.0,nan,36,24,104.0,69
29,沙鹿,2020-04-20,77,3,5.0,nan,31,14,77.0,60
30,大里,2020-04-20,71,7,7.0,nan,38,25,71.0,66
31,忠明,2020-04-20,62,4,6.0,nan,32,19,49.0,62
32,西屯,2020-04-20,77,4,5.0,nan,31,11,77.0,60
33,彰化,2020-04-20,57,19,7.0,nan,36,17,39.0,57
34,線西,2020-04-20,52,4,nan,nan,33,8,nan,52
35,二林,2020-04-20,57,6,5.0,nan,40,7,47.0,57
36,南投,2020-04-20,90,7,6.0,nan,38,17,90.0,68
37,斗六,2020-04-20,67,4,5.0,nan,41,12,67.0,67
38,崙背,2020-04-20,67,3,5.0,nan,45,10,67.0,59
39,新港,2020-04-20,63,6,3.0,nan,38,8,50.0,63
40,朴子,2020-04-20,58,4,5.0,nan,33,6,48.0,58
41,臺西,2020-04-20,65,7,nan,nan,37,24,nan,65
42,嘉義,2020-04-20,58,4,5.0,nan,32,14,46.0,58
43,新營,2020-04-20,58,3,3.0,nan,33,14,45.0,58
44,善化,2020-04-20,56,4,3.0,nan,31,17,47.0,56
45,安南,2020-04-20,59,3,5.0,nan,38,18,47.0,59
46,臺南,2020-04-20,53,3,5.0,nan,30,14,42.0,53
47,美濃,2020-04-20,64,4,3.0,nan,24,10,64.0,50
48,橋頭,2020-04-20,58,6,6.0,nan,32,18,44.0,58
49,仁武,2020-04-20,57,9,5.0,nan,30,18,44.0,57
50,鳳山,2020-04-20,51,6,6.0,nan,31,20,nan,51
51,大寮,2020-04-20,67,23,8.0,nan,38,28,39.0,67
52,林園,2020-04-20,50,7,3.0,nan,29,13,42.0,50
53,楠梓,2020-04-20,57,4,5.0,nan,32,21,46.0,57
54,左營,2020-04-20,42,4,3.0,nan,24,12,42.0,42
56,前金,2020-04-20,49,3,3.0,nan,25,8,44.0,49
57,前鎮,2020-04-20,47,4,nan,nan,29,20,nan,47
58,小港,2020-04-20,54,4,5.0,nan,27,29,38.0,54
59,屏東,2020-04-20,80,6,5.0,nan,34,17,80.0,54
60,潮州,2020-04-20,93,9,5.0,nan,31,10,93.0,59
61,恆春,2020-04-20,64,4,3.0,nan,22,6,64.0,53
62,臺東,2020-04-20,50,1,6.0,nan,26,7,50.0,40
63,花蓮,2020-04-20,46,3,7.0,nan,28,24,46.0,46
64,陽明,2020-04-20,51,4,5.0,nan,10,2,51.0,29
65,宜蘭,2020-04-20,57,3,6.0,nan,31,11,51.0,57
66,冬山,2020-04-20,54,3,6.0,nan,24,19,38.0,54
67,三重,2020-04-20,66,4,17.0,nan,31,49,nan,66
68,中壢,2020-04-20,55,4,20.0,nan,31,44,nan,55
69,竹山,2020-04-20,74,7,3.0,nan,38,9,74.0,72
70,永和,2020-04-20,55,3,9.0,nan,26,22,nan,55
71,復興,2020-04-20,50,4,6.0,nan,26,22,nan,50
72,埔里,2020-04-20,101,6,6.0,nan,31,15,101.0,68
75,馬祖,2020-04-20,126,3,6.0,nan,31,13,126.0,65
77,金門,2020-04-20,90,4,6.0,nan,43,17,90.0,80
78,馬公,2020-04-20,104,4,5.0,nan,31,8,104.0,54
80,關山,2020-04-20,44,1,nan,nan,15,7,44.0,36
83,麥寮,2020-04-20,59,6,nan,nan,38,11,nan,59
84,富貴角,2020-04-20,93,3,5.0,nan,38,6,93.0,55
84,富貴角,2020-04-21,140,1,3.0,nan,22,10,140.0,28
1,基隆,2020-04-21,108,4,6.0,nan,18,25,108.0,34
2,汐止,2020-04-21,97,4,8.0,nan,19,36,97.0,34
3,萬里,2020-04-21,143,4,5.0,nan,21,15,143.0,31
4,新店,2020-04-21,77,4,7.0,nan,13,25,77.0,33
5,土城,2020-04-21,90,4,7.0,nan,19,25,90.0,38
6,板橋,2020-04-21,46,4,8.0,nan,21,28,46.0,45
7,新莊,2020-04-21,64,6,7.0,nan,21,29,64.0,45
8,菜寮,2020-04-21,40,3,8.0,nan,20,28,40.0,40
9,林口,2020-04-21,77,6,5.0,nan,21,19,77.0,40
10,淡水,2020-04-21,101,3,6.0,nan,15,14,101.0,29
11,士林,2020-04-21,58,3,6.0,nan,22,29,58.0,38
12,中山,2020-04-21,48,7,11.0,nan,15,39,48.0,37
13,萬華,2020-04-21,51,4,8.0,nan,18,30,51.0,33
14,古亭,2020-04-21,74,3,7.0,nan,18,22,74.0,35
15,松山,2020-04-21,67,4,7.0,nan,19,30,67.0,40
16,大同,2020-04-21,55,6,17.0,nan,22,55,nan,48
17,桃園,2020-04-21,50,11,7.0,nan,25,24,39.0,50
18,大園,2020-04-21,122,6,6.0,nan,20,22,122.0,37
19,觀音,2020-04-21,112,4,6.0,nan,20,25,112.0,31
20,平鎮,2020-04-21,51,4,6.0,nan,29,40,51.0,46
21,龍潭,2020-04-21,77,3,7.0,nan,29,17,77.0,58
22,湖口,2020-04-21,104,4,5.0,nan,22,16,104.0,45
23,竹東,2020-04-21,58,4,6.0,nan,29,17,58.0,58
24,新竹,2020-04-21,80,3,5.0,nan,28,12,80.0,42
25,頭份,2020-04-21,53,4,nan,nan,31,16,nan,53
26,苗栗,2020-04-21,59,6,6.0,nan,35,16,34.0,59
27,三義,2020-04-21,63,4,5.0,nan,31,18,40.0,63
28,豐原,2020-04-21,71,3,6.0,nan,39,16,58.0,71
29,沙鹿,2020-04-21,61,4,5.0,nan,35,17,61.0,59
30,大里,2020-04-21,68,7,7.0,nan,42,25,50.0,68
31,忠明,2020-04-21,68,4,6.0,nan,37,19,45.0,68
32,西屯,2020-04-21,67,4,6.0,nan,36,24,67.0,66
33,彰化,2020-04-21,59,11,7.0,nan,36,14,41.0,59
34,線西,2020-04-21,58,9,nan,nan,44,16,nan,58
35,二林,2020-04-21,68,9,6.0,nan,49,12,47.0,68
36,南投,2020-04-21,79,6,7.0,nan,48,25,77.0,79
37,斗六,2020-04-21,93,6,6.0,nan,54,15,93.0,85
38,崙背,2020-04-21,71,6,6.0,nan,51,13,71.0,70
39,新港,2020-04-21,71,6,6.0,nan,49,16,71.0,70
40,朴子,2020-04-21,74,4,6.0,nan,41,10,74.0,65
41,臺西,2020-04-21,66,7,nan,nan,40,19,nan,66
42,嘉義,2020-04-21,79,10,6.0,nan,44,17,49.0,79
43,新營,2020-04-21,67,4,5.0,nan,42,11,58.0,67
44,善化,2020-04-21,70,6,5.0,nan,40,12,49.0,70
45,安南,2020-04-21,75,4,6.0,nan,51,21,67.0,75
46,臺南,2020-04-21,69,3,5.0,nan,41,20,54.0,69
47,美濃,2020-04-21,72,3,5.0,nan,36,8,71.0,72
48,橋頭,2020-04-21,73,6,6.0,nan,42,20,48.0,73
49,仁武,2020-04-21,76,10,5.0,nan,42,19,49.0,76
50,鳳山,2020-04-21,66,7,6.0,nan,42,21,nan,66
51,大寮,2020-04-21,83,14,5.0,nan,44,19,46.0,83
52,林園,2020-04-21,78,6,3.0,nan,48,17,49.0,78
53,楠梓,2020-04-21,72,7,5.0,nan,43,21,47.0,72
54,左營,2020-04-21,67,4,5.0,nan,39,23,67.0,66
56,前金,2020-04-21,68,6,5.0,nan,38,15,67.0,68
57,前鎮,2020-04-21,61,6,nan,nan,40,21,nan,61
58,小港,2020-04-21,68,10,5.0,nan,39,23,51.0,68
59,屏東,2020-04-21,74,6,5.0,nan,44,14,74.0,70
60,潮州,2020-04-21,73,7,5.0,nan,42,14,61.0,73
61,恆春,2020-04-21,45,6,3.0,nan,20,2,43.0,45
62,臺東,2020-04-21,47,3,6.0,nan,15,6,47.0,22
63,花蓮,2020-04-21,80,7,5.0,nan,19,8,80.0,29
64,陽明,2020-04-21,112,3,3.0,nan,13,3,112.0,34
65,宜蘭,2020-04-21,93,4,6.0,nan,19,10,93.0,24
66,冬山,2020-04-21,54,3,5.0,nan,17,11,54.0,23
67,三重,2020-04-21,55,7,19.0,nan,27,53,nan,55
68,中壢,2020-04-21,46,4,9.0,nan,26,45,nan,46
69,竹山,2020-04-21,97,7,5.0,nan,52,12,67.0,97
70,永和,2020-04-21,39,4,18.0,nan,17,39,nan,30
71,復興,2020-04-21,68,7,7.0,nan,38,24,nan,68
72,埔里,2020-04-21,97,7,5.0,nan,51,13,97.0,95
75,馬祖,2020-04-21,143,3,3.0,nan,19,10,143.0,49
77,金門,2020-04-21,101,6,6.0,nan,39,11,101.0,61
78,馬公,2020-04-21,115,4,5.0,nan,34,9,115.0,48
80,關山,2020-04-21,41,1,nan,nan,10,6,41.0,32
83,麥寮,2020-04-21,64,6,nan,nan,45,11,nan,64
22,湖口,2020-04-22,74,4,3.0,nan,5.0,8,74.0,20.0
23,竹東,2020-04-22,61,3,3.0,nan,5.0,8,61.0,17.0
24,新竹,2020-04-22,64,3,3.0,nan,10.0,11,64.0,16.0
25,頭份,2020-04-22,19,3,nan,nan,11.0,14,nan,19.0
26,苗栗,2020-04-22,36,4,3.0,nan,11.0,14,36.0,21.0
27,三義,2020-04-22,39,3,3.0,nan,5.0,12,39.0,17.0
28,豐原,2020-04-22,44,3,5.0,nan,12.0,14,44.0,25.0
29,沙鹿,2020-04-22,50,3,3.0,nan,15.0,11,50.0,25.0
56,前金,2020-04-22,31,6,7.0,nan,nan,15,31.0,nan
30,大里,2020-04-22,43,4,5.0,nan,19.0,25,43.0,29.0
57,前鎮,2020-04-22,75,4,nan,nan,49.0,21,nan,75.0
31,忠明,2020-04-22,40,3,5.0,nan,17.0,19,40.0,33.0
58,小港,2020-04-22,93,6,8.0,nan,46.0,29,93.0,77.0
32,西屯,2020-04-22,49,3,3.0,nan,14.0,18,49.0,28.0
59,屏東,2020-04-22,108,10,8.0,nan,53.0,20,108.0,84.0
33,彰化,2020-04-22,38,4,5.0,nan,18.0,16,38.0,24.0
60,潮州,2020-04-22,112,4,6.0,nan,48.0,12,112.0,81.0
34,線西,2020-04-22,27,7,nan,nan,27.0,13,nan,27.0
61,恆春,2020-04-22,87,1,3.0,nan,12.0,2,87.0,24.0
35,二林,2020-04-22,55,7,5.0,nan,55.0,14,43.0,35.0
62,臺東,2020-04-22,71,3,5.0,nan,14.0,7,71.0,8.0
36,南投,2020-04-22,47,11,7.0,nan,26.0,25,47.0,44.0
63,花蓮,2020-04-22,77,3,3.0,nan,11.0,7,77.0,10.0
37,斗六,2020-04-22,80,6,5.0,nan,34.0,16,80.0,56.0
64,陽明,2020-04-22,67,1,2.0,nan,5.0,2,67.0,7.0
38,崙背,2020-04-22,54,7,5.0,nan,39.0,22,54.0,39.0
65,宜蘭,2020-04-22,67,3,3.0,nan,5.0,8,67.0,7.0
66,冬山,2020-04-22,48,3,3.0,nan,5.0,13,48.0,9.0
39,新港,2020-04-22,71,7,5.0,nan,37.0,21,71.0,45.0
67,三重,2020-04-22,46,4,12.0,nan,12.0,46,nan,24.0
40,朴子,2020-04-22,77,9,6.0,nan,39.0,19,77.0,46.0
68,中壢,2020-04-22,30,3,8.0,nan,5.0,30,nan,15.0
41,臺西,2020-04-22,37,7,nan,nan,30.0,15,nan,37.0
69,竹山,2020-04-22,77,4,5.0,nan,38.0,18,77.0,68.0
42,嘉義,2020-04-22,59,7,6.0,nan,33.0,21,51.0,59.0
70,永和,2020-04-22,21,3,6.0,nan,5.0,21,nan,10.0
71,復興,2020-04-22,77,7,10.0,nan,48.0,24,nan,77.0
43,新營,2020-04-22,77,7,5.0,nan,36.0,18,77.0,55.0
72,埔里,2020-04-22,87,4,6.0,nan,36.0,14,87.0,75.0
44,善化,2020-04-22,93,6,5.0,nan,44.0,18,93.0,67.0
75,馬祖,2020-04-22,87,3,2.0,nan,23.0,5,87.0,45.0
1,基隆,2020-04-22,71,1,2.0,nan,5.0,4,71.0,12.0
45,安南,2020-04-22,100,6,6.0,nan,46.0,14,100.0,65.0
77,金門,2020-04-22,71,4,3.0,nan,22.0,8,71.0,38.0
46,臺南,2020-04-22,90,3,6.0,nan,41.0,14,90.0,60.0
78,馬公,2020-04-22,104,1,3.0,nan,19.0,2,104.0,20.0
80,關山,2020-04-22,58,1,nan,nan,5.0,4,58.0,17.0
47,美濃,2020-04-22,122,3,6.0,nan,45.0,8,122.0,82.0
83,麥寮,2020-04-22,52,6,nan,nan,52.0,13,nan,44.0
48,橋頭,2020-04-22,87,7,6.0,nan,49.0,21,87.0,80.0
84,富貴角,2020-04-22,80,1,2.0,nan,21.0,2,80.0,20.0
49,仁武,2020-04-22,93,11,7.0,nan,48.0,25,93.0,83.0
50,鳳山,2020-04-22,74,7,7.0,nan,46.0,24,nan,74.0
51,大寮,2020-04-22,85,9,7.0,nan,46.0,23,84.0,85.0
52,林園,2020-04-22,108,11,7.0,nan,51.0,29,108.0,84.0
53,楠梓,2020-04-22,93,6,7.0,nan,48.0,17,93.0,73.0
54,左營,2020-04-22,101,6,7.0,nan,45.0,20,101.0,73.0
2,汐止,2020-04-22,71,3,3.0,nan,5.0,20,71.0,12.0
3,萬里,2020-04-22,90,1,2.0,nan,30.0,4,90.0,20.0
4,新店,2020-04-22,61,3,3.0,nan,5.0,16,61.0,14.0
5,土城,2020-04-22,71,3,5.0,nan,5.0,17,71.0,8.0
6,板橋,2020-04-22,47,1,5.0,nan,5.0,22,47.0,13.0
7,新莊,2020-04-22,54,3,5.0,nan,5.0,22,54.0,15.0
8,菜寮,2020-04-22,39,3,5.0,nan,5.0,18,39.0,13.0
9,林口,2020-04-22,64,1,3.0,nan,5.0,21,64.0,16.0
10,淡水,2020-04-22,64,3,3.0,nan,5.0,8,64.0,8.0
11,士林,2020-04-22,54,4,3.0,nan,5.0,18,54.0,10.0
12,中山,2020-04-22,50,3,6.0,nan,5.0,32,50.0,11.0
13,萬華,2020-04-22,51,4,5.0,nan,5.0,26,51.0,14.0
14,古亭,2020-04-22,61,3,3.0,nan,5.0,17,61.0,10.0
15,松山,2020-04-22,61,4,3.0,nan,5.0,26,61.0,17.0
16,大同,2020-04-22,46,3,10.0,nan,12.0,46,nan,25.0
17,桃園,2020-04-22,40,7,5.0,nan,5.0,21,40.0,16.0
18,大園,2020-04-22,80,6,2.0,nan,9.0,16,80.0,17.0
19,觀音,2020-04-22,64,6,2.0,nan,12.0,13,64.0,18.0
20,平鎮,2020-04-22,50,4,5.0,nan,10.0,19,50.0,13.0
21,龍潭,2020-04-22,61,3,3.0,nan,5.0,13,61.0,15.0
83,麥寮,2020-04-23,46,4,nan,nan,28.0,12,nan,46.0
80,關山,2020-04-23,49,3,nan,nan,5.0,6,49.0,13.0
78,馬公,2020-04-23,97,3,2.0,nan,31.0,2,97.0,46.0
77,金門,2020-04-23,57,6,3.0,nan,31.0,13,50.0,57.0
75,馬祖,2020-04-23,87,3,3.0,nan,33.0,7,87.0,72.0
72,埔里,2020-04-23,53,4,5.0,nan,18.0,15,39.0,53.0
71,復興,2020-04-23,66,6,8.0,nan,38.0,28,nan,66.0
70,永和,2020-04-23,40,3,6.0,nan,16.0,18,nan,40.0
69,竹山,2020-04-23,71,3,3.0,nan,31.0,20,36.0,71.0
68,中壢,2020-04-23,38,4,8.0,nan,16.0,31,nan,38.0
67,三重,2020-04-23,54,3,12.0,nan,25.0,43,nan,54.0
66,冬山,2020-04-23,46,3,3.0,nan,10.0,13,46.0,29.0
65,宜蘭,2020-04-23,61,3,3.0,nan,14.0,9,61.0,32.0
64,陽明,2020-04-23,87,4,2.0,nan,9.0,2,87.0,19.0
63,花蓮,2020-04-23,71,3,3.0,nan,10.0,14,71.0,16.0
62,臺東,2020-04-23,46,3,3.0,nan,5.0,9,46.0,3.0
61,恆春,2020-04-23,67,1,1.0,nan,5.0,2,67.0,16.0
60,潮州,2020-04-23,73,4,5.0,nan,44.0,19,51.0,73.0
59,屏東,2020-04-23,59,6,5.0,nan,35.0,12,58.0,59.0
58,小港,2020-04-23,65,6,6.0,nan,36.0,23,64.0,65.0
57,前鎮,2020-04-23,62,4,nan,nan,39.0,25,nan,62.0
56,前金,2020-04-23,61,6,5.0,nan,nan,16,61.0,nan
54,左營,2020-04-23,66,7,6.0,nan,35.0,25,47.0,66.0
53,楠梓,2020-04-23,68,7,5.0,nan,37.0,23,54.0,68.0
52,林園,2020-04-23,73,7,5.0,nan,46.0,24,50.0,73.0
51,大寮,2020-04-23,77,27,5.0,nan,42.0,23,44.0,77.0
50,鳳山,2020-04-23,65,7,6.0,nan,36.0,24,nan,65.0
49,仁武,2020-04-23,74,11,6.0,nan,37.0,28,50.0,74.0
48,橋頭,2020-04-23,71,6,5.0,nan,38.0,19,50.0,71.0
47,美濃,2020-04-23,63,3,5.0,nan,28.0,9,45.0,63.0
46,臺南,2020-04-23,64,3,5.0,nan,30.0,16,64.0,56.0
45,安南,2020-04-23,74,6,5.0,nan,35.0,16,74.0,65.0
44,善化,2020-04-23,65,9,5.0,nan,31.0,18,58.0,65.0
43,新營,2020-04-23,71,7,5.0,nan,29.0,16,71.0,57.0
42,嘉義,2020-04-23,62,7,6.0,nan,28.0,24,44.0,62.0
41,臺西,2020-04-23,47,3,nan,nan,21.0,11,nan,47.0
40,朴子,2020-04-23,84,3,5.0,nan,24.0,14,84.0,52.0
39,新港,2020-04-23,64,6,5.0,nan,29.0,16,64.0,51.0
38,崙背,2020-04-23,58,9,5.0,nan,29.0,19,58.0,53.0
37,斗六,2020-04-23,61,6,5.0,nan,31.0,16,54.0,61.0
36,南投,2020-04-23,56,3,6.0,nan,26.0,26,40.0,56.0
35,二林,2020-04-23,49,10,5.0,nan,31.0,14,44.0,49.0
34,線西,2020-04-23,41,9,nan,nan,23.0,18,nan,41.0
33,彰化,2020-04-23,43,3,6.0,nan,19.0,20,40.0,43.0
32,西屯,2020-04-23,47,3,3.0,nan,18.0,20,47.0,44.0
31,忠明,2020-04-23,49,3,5.0,nan,18.0,19,40.0,49.0
30,大里,2020-04-23,43,4,6.0,nan,20.0,22,40.0,43.0
29,沙鹿,2020-04-23,49,3,3.0,nan,19.0,15,49.0,46.0
28,豐原,2020-04-23,40,3,3.0,nan,14.0,15,40.0,36.0
27,三義,2020-04-23,36,3,3.0,nan,11.0,17,36.0,32.0
26,苗栗,2020-04-23,36,3,5.0,nan,14.0,13,32.0,36.0
25,頭份,2020-04-23,34,3,nan,nan,12.0,13,nan,34.0
24,新竹,2020-04-23,51,3,5.0,nan,14.0,15,51.0,32.0
23,竹東,2020-04-23,51,1,3.0,nan,9.0,8,51.0,29.0
22,湖口,2020-04-23,67,3,3.0,nan,15.0,12,67.0,40.0
21,龍潭,2020-04-23,67,4,3.0,nan,11.0,11,67.0,32.0
20,平鎮,2020-04-23,58,3,5.0,nan,19.0,18,58.0,36.0
19,觀音,2020-04-23,67,7,3.0,nan,23.0,13,67.0,42.0
18,大園,2020-04-23,74,6,3.0,nan,19.0,22,74.0,43.0
17,桃園,2020-04-23,43,7,5.0,nan,17.0,16,43.0,42.0
16,大同,2020-04-23,53,3,10.0,nan,23.0,44,nan,53.0
15,松山,2020-04-23,49,4,5.0,nan,19.0,26,49.0,48.0
14,古亭,2020-04-23,58,3,5.0,nan,16.0,18,58.0,43.0
13,萬華,2020-04-23,45,3,5.0,nan,19.0,27,45.0,44.0
12,中山,2020-04-23,45,3,6.0,nan,17.0,33,45.0,41.0
11,士林,2020-04-23,80,3,3.0,nan,15.0,8,80.0,30.0
10,淡水,2020-04-23,54,1,3.0,nan,13.0,8,54.0,35.0
9,林口,2020-04-23,54,3,3.0,nan,19.0,25,54.0,43.0
8,菜寮,2020-04-23,45,1,6.0,nan,19.0,18,41.0,45.0
7,新莊,2020-04-23,54,6,5.0,nan,18.0,18,54.0,39.0
6,板橋,2020-04-23,43,3,5.0,nan,16.0,24,43.0,42.0
5,土城,2020-04-23,58,3,5.0,nan,13.0,16,58.0,37.0
4,新店,2020-04-23,49,1,5.0,nan,11.0,19,49.0,34.0
3,萬里,2020-04-23,112,3,2.0,nan,41.0,5,112.0,44.0
2,汐止,2020-04-23,51,4,5.0,nan,18.0,20,51.0,39.0
1,基隆,2020-04-23,87,1,3.0,nan,21.0,15,87.0,44.0
84,富貴角,2020-04-23,104,1,2.0,nan,33.0,3,104.0,52.0
36,南投,2020-04-24,66,3,8.0,nan,31,37,25.0,66
2,汐止,2020-04-24,64,4,5.0,nan,16,33,64.0,35
3,萬里,2020-04-24,100,7,2.0,nan,19,12,100.0,33
4,新店,2020-04-24,51,3,3.0,nan,11,19,51.0,28
5,土城,2020-04-24,67,4,5.0,nan,11,20,67.0,25
6,板橋,2020-04-24,50,3,6.0,nan,13,29,50.0,32
7,新莊,2020-04-24,67,3,6.0,nan,17,25,67.0,33
8,菜寮,2020-04-24,43,3,6.0,nan,17,32,43.0,33
9,林口,2020-04-24,67,6,3.0,nan,17,23,67.0,31
10,淡水,2020-04-24,51,4,3.0,nan,13,8,51.0,26
11,士林,2020-04-24,77,3,3.0,nan,14,10,77.0,24
12,中山,2020-04-24,58,4,7.0,nan,17,37,58.0,38
13,萬華,2020-04-24,54,4,6.0,nan,18,34,54.0,35
14,古亭,2020-04-24,67,3,3.0,nan,13,23,67.0,27
15,松山,2020-04-24,64,4,6.0,nan,17,35,64.0,41
16,大同,2020-04-24,54,4,14.0,nan,23,54,nan,46
17,桃園,2020-04-24,43,4,5.0,nan,14,15,43.0,32
18,大園,2020-04-24,58,6,3.0,nan,16,22,58.0,32
19,觀音,2020-04-24,51,6,3.0,nan,19,17,51.0,32
20,平鎮,2020-04-24,61,3,5.0,nan,14,18,61.0,23
21,龍潭,2020-04-24,67,4,3.0,nan,10,13,67.0,23
22,湖口,2020-04-24,67,3,3.0,nan,10,11,67.0,25
23,竹東,2020-04-24,51,1,3.0,nan,5,10,51.0,20
24,新竹,2020-04-24,51,3,5.0,nan,10,16,51.0,25
25,頭份,2020-04-24,28,3,nan,nan,9,17,nan,28
26,苗栗,2020-04-24,30,3,5.0,nan,11,19,30.0,29
27,三義,2020-04-24,33,3,3.0,nan,5,12,33.0,23
28,豐原,2020-04-24,47,3,6.0,nan,18,28,25.0,47
29,沙鹿,2020-04-24,39,3,5.0,nan,12,27,39.0,39
30,大里,2020-04-24,51,4,9.0,nan,22,39,27.0,51
31,忠明,2020-04-24,43,3,7.0,nan,18,33,31.0,43
32,西屯,2020-04-24,44,4,6.0,nan,17,29,36.0,44
33,彰化,2020-04-24,37,3,7.0,nan,17,31,29.0,37
34,線西,2020-04-24,32,6,nan,nan,19,26,nan,32
35,二林,2020-04-24,49,13,5.0,nan,28,19,34.0,49
1,基隆,2020-04-24,77,3,5.0,nan,19,16,77.0,33
37,斗六,2020-04-24,79,4,5.0,nan,35,26,36.0,79
38,崙背,2020-04-24,50,7,6.0,nan,26,22,41.0,50
39,新港,2020-04-24,59,9,6.0,nan,31,20,44.0,59
40,朴子,2020-04-24,58,9,5.0,nan,24,21,58.0,55
41,臺西,2020-04-24,38,7,nan,nan,18,16,nan,38
42,嘉義,2020-04-24,83,9,7.0,nan,33,27,35.0,83
43,新營,2020-04-24,60,7,5.0,nan,28,26,48.0,60
44,善化,2020-04-24,71,6,3.0,nan,31,19,50.0,71
45,安南,2020-04-24,74,6,5.0,nan,32,17,74.0,63
46,臺南,2020-04-24,64,4,6.0,nan,30,17,64.0,56
47,美濃,2020-04-24,76,4,5.0,nan,31,11,42.0,76
48,橋頭,2020-04-24,86,6,6.0,nan,40,23,45.0,86
49,仁武,2020-04-24,90,7,6.0,nan,42,28,44.0,90
50,鳳山,2020-04-24,84,9,6.0,nan,42,29,nan,84
51,大寮,2020-04-24,101,10,6.0,nan,48,29,39.0,101
52,林園,2020-04-24,96,20,6.0,nan,57,29,44.0,96
53,楠梓,2020-04-24,81,6,5.0,nan,40,20,46.0,81
54,左營,2020-04-24,78,6,6.0,nan,38,21,47.0,78
56,前金,2020-04-24,79,7,6.0,nan,43,23,49.0,79
57,前鎮,2020-04-24,76,7,nan,nan,44,29,nan,76
58,小港,2020-04-24,86,7,7.0,nan,43,33,46.0,86
59,屏東,2020-04-24,81,6,6.0,nan,43,16,50.0,81
60,潮州,2020-04-24,103,7,7.0,nan,54,24,50.0,103
61,恆春,2020-04-24,93,1,2.0,nan,5,2,93.0,22
62,臺東,2020-04-24,58,1,5.0,nan,5,9,58.0,8
63,花蓮,2020-04-24,51,4,3.0,nan,11,25,51.0,20
64,陽明,2020-04-24,74,3,2.0,nan,14,3,74.0,24
65,宜蘭,2020-04-24,64,1,3.0,nan,13,9,64.0,28
66,冬山,2020-04-24,42,3,3.0,nan,11,17,42.0,28
67,三重,2020-04-24,51,4,16.0,nan,24,51,nan,46
68,中壢,2020-04-24,31,3,11.0,nan,14,30,nan,31
69,竹山,2020-04-24,92,3,5.0,nan,38,25,25.0,92
70,永和,2020-04-24,30,3,6.0,nan,13,23,nan,30
71,復興,2020-04-24,82,6,10.0,nan,44,32,nan,82
72,埔里,2020-04-24,42,4,5.0,nan,15,19,30.0,42
75,馬祖,2020-04-24,87,4,3.0,nan,31,8,87.0,67
77,金門,2020-04-24,100,6,3.0,nan,32,13,100.0,52
78,馬公,2020-04-24,90,3,2.0,nan,27,2,90.0,33
80,關山,2020-04-24,54,1,nan,nan,5,6,54.0,23
83,麥寮,2020-04-24,45,7,nan,nan,25,19,nan,45
84,富貴角,2020-04-24,87,1,2.0,nan,31,4,87.0,37
84,富貴角,2020-04-25,64,3,2.0,nan,18.0,5,64.0,26
1,基隆,2020-04-25,45,6,10.0,nan,19.0,33,45.0,37
2,汐止,2020-04-25,41,7,12.0,nan,22.0,34,19.0,41
3,萬里,2020-04-25,37,4,3.0,nan,13.0,20,37.0,25
4,新店,2020-04-25,44,4,9.0,nan,16.0,36,44.0,30
5,土城,2020-04-25,44,4,9.0,nan,18.0,30,44.0,34
6,板橋,2020-04-25,39,4,12.0,nan,20.0,39,38.0,33
7,新莊,2020-04-25,44,4,11.0,nan,22.0,44,44.0,36
8,菜寮,2020-04-25,42,6,14.0,nan,19.0,42,34.0,32
9,林口,2020-04-25,51,4,6.0,nan,17.0,29,51.0,30
10,淡水,2020-04-25,58,3,6.0,nan,10.0,25,58.0,17
11,士林,2020-04-25,54,4,7.0,nan,13.0,34,54.0,23
12,中山,2020-04-25,42,9,12.0,nan,20.0,42,40.0,32
13,萬華,2020-04-25,42,7,10.0,nan,19.0,42,39.0,33
14,古亭,2020-04-25,43,4,9.0,nan,17.0,36,43.0,30
15,松山,2020-04-25,45,10,12.0,nan,23.0,38,33.0,45
16,大同,2020-04-25,46,6,25.0,nan,27.0,46,nan,44
17,桃園,2020-04-25,35,17,11.0,nan,21.0,35,33.0,35
18,大園,2020-04-25,44,13,8.0,nan,20.0,37,44.0,40
19,觀音,2020-04-25,49,9,7.0,nan,27.0,29,49.0,49
20,平鎮,2020-04-25,43,6,9.0,nan,25.0,38,35.0,43
21,龍潭,2020-04-25,43,4,7.0,nan,22.0,25,31.0,43
22,湖口,2020-04-25,84,3,5.0,nan,nan,25,84.0,62
23,竹東,2020-04-25,69,6,6.0,nan,29.0,15,31.0,69
24,新竹,2020-04-25,80,4,7.0,nan,31.0,33,80.0,69
25,頭份,2020-04-25,67,6,nan,nan,32.0,20,nan,67
26,苗栗,2020-04-25,59,4,5.0,nan,27.0,22,46.0,59
27,三義,2020-04-25,80,6,6.0,nan,35.0,14,58.0,80
28,豐原,2020-04-25,104,4,8.0,nan,44.0,20,104.0,96
29,沙鹿,2020-04-25,93,11,7.0,nan,42.0,33,93.0,86
30,大里,2020-04-25,92,7,8.0,nan,44.0,33,71.0,92
31,忠明,2020-04-25,82,4,7.0,nan,39.0,24,64.0,82
32,西屯,2020-04-25,97,4,7.0,nan,43.0,27,97.0,88
33,彰化,2020-04-25,79,13,7.0,nan,40.0,26,48.0,79
34,線西,2020-04-25,75,9,nan,nan,41.0,25,nan,75
35,二林,2020-04-25,102,10,7.0,nan,57.0,20,64.0,102
36,南投,2020-04-25,100,10,8.0,nan,50.0,31,100.0,89
37,斗六,2020-04-25,146,3,5.0,nan,58.0,23,146.0,118
38,崙背,2020-04-25,108,6,5.0,nan,49.0,16,108.0,87
39,新港,2020-04-25,108,4,5.0,nan,48.0,21,108.0,76
40,朴子,2020-04-25,112,6,6.0,nan,38.0,17,112.0,78
41,臺西,2020-04-25,78,11,nan,nan,36.0,27,nan,78
42,嘉義,2020-04-25,93,10,6.0,nan,45.0,22,90.0,93
43,新營,2020-04-25,104,7,6.0,nan,44.0,21,104.0,72
44,善化,2020-04-25,93,10,5.0,nan,48.0,20,93.0,84
45,安南,2020-04-25,100,7,5.0,nan,47.0,22,100.0,74
46,臺南,2020-04-25,87,6,5.0,nan,41.0,19,87.0,63
47,美濃,2020-04-25,104,6,5.0,nan,31.0,10,104.0,69
48,橋頭,2020-04-25,97,6,6.0,nan,49.0,22,97.0,94
49,仁武,2020-04-25,108,10,6.0,nan,45.0,25,108.0,92
50,鳳山,2020-04-25,84,9,6.0,nan,45.0,25,nan,84
51,大寮,2020-04-25,122,10,6.0,nan,50.0,21,122.0,98
52,林園,2020-04-25,112,13,5.0,nan,53.0,25,112.0,85
53,楠梓,2020-04-25,101,6,6.0,nan,46.0,21,101.0,83
54,左營,2020-04-25,97,9,6.0,nan,44.0,21,97.0,82
56,前金,2020-04-25,108,10,6.0,nan,46.0,18,108.0,81
57,前鎮,2020-04-25,76,9,nan,nan,44.0,27,nan,76
58,小港,2020-04-25,101,9,6.0,nan,42.0,25,101.0,78
59,屏東,2020-04-25,129,7,6.0,nan,47.0,13,129.0,79
60,潮州,2020-04-25,154,6,5.0,nan,45.0,14,154.0,85
61,恆春,2020-04-25,61,3,2.0,nan,5.0,1,61.0,21
62,臺東,2020-04-25,49,1,5.0,nan,10.0,9,49.0,12
63,花蓮,2020-04-25,50,4,3.0,nan,14.0,12,50.0,22
64,陽明,2020-04-25,49,3,2.0,nan,9.0,3,49.0,26
65,宜蘭,2020-04-25,46,3,5.0,nan,15.0,15,46.0,18
66,冬山,2020-04-25,38,4,3.0,nan,nan,20,38.0,27
67,三重,2020-04-25,50,6,19.0,nan,28.0,50,nan,45
68,中壢,2020-04-25,48,7,24.0,nan,29.0,45,nan,48
69,竹山,2020-04-25,113,4,5.0,nan,53.0,21,101.0,113
70,永和,2020-04-25,36,3,15.0,nan,18.0,36,nan,31
71,復興,2020-04-25,81,9,8.0,nan,47.0,28,nan,81
72,埔里,2020-04-25,64,4,6.0,nan,26.0,14,54.0,64
75,馬祖,2020-04-25,136,6,7.0,nan,44.0,12,136.0,77
77,金門,2020-04-25,140,7,3.0,nan,52.0,15,140.0,66
78,馬公,2020-04-25,126,3,3.0,nan,38.0,4,126.0,50
80,關山,2020-04-25,43,3,nan,nan,5.0,3,43.0,23
83,麥寮,2020-04-25,80,6,nan,nan,47.0,16,nan,80
1,基隆,2020-04-26,39,6,9.0,nan,19.0,25,39.0,39
17,桃園,2020-04-26,61,16,11.0,nan,26.0,30,33.0,61
16,大同,2020-04-26,61,7,20.0,nan,29.0,51,nan,61
18,大園,2020-04-26,61,6,10.0,nan,23.0,31,61.0,54
19,觀音,2020-04-26,61,7,6.0,nan,26.0,31,61.0,48
15,松山,2020-04-26,52,3,10.0,nan,21.0,35,34.0,52
20,平鎮,2020-04-26,58,4,9.0,nan,30.0,32,47.0,58
14,古亭,2020-04-26,41,3,7.0,nan,19.0,27,41.0,39
13,萬華,2020-04-26,48,7,11.0,nan,22.0,36,30.0,48
21,龍潭,2020-04-26,60,4,7.0,nan,29.0,22,44.0,60
22,湖口,2020-04-26,67,3,6.0,nan,nan,19,67.0,63
12,中山,2020-04-26,48,7,14.0,nan,22.0,42,35.0,48
23,竹東,2020-04-26,63,3,6.0,nan,25.0,12,46.0,63
24,新竹,2020-04-26,60,4,7.0,nan,26.0,25,54.0,60
11,士林,2020-04-26,54,6,10.0,nan,20.0,39,54.0,45
25,頭份,2020-04-26,60,4,nan,nan,28.0,15,nan,60
26,苗栗,2020-04-26,62,7,6.0,nan,29.0,16,35.0,62
10,淡水,2020-04-26,45,3,8.0,nan,17.0,25,45.0,36
27,三義,2020-04-26,56,4,5.0,nan,21.0,14,43.0,56
28,豐原,2020-04-26,62,1,6.0,nan,28.0,14,50.0,62
9,林口,2020-04-26,47,6,7.0,nan,21.0,33,47.0,44
29,沙鹿,2020-04-26,61,3,3.0,nan,26.0,13,61.0,55
8,菜寮,2020-04-26,55,7,15.0,nan,25.0,32,31.0,55
30,大里,2020-04-26,73,4,8.0,nan,34.0,23,47.0,73
31,忠明,2020-04-26,62,3,5.0,nan,28.0,24,45.0,62
7,新莊,2020-04-26,53,7,14.0,nan,26.0,28,40.0,53
32,西屯,2020-04-26,65,4,5.0,nan,30.0,22,61.0,65
33,彰化,2020-04-26,53,3,6.0,nan,27.0,17,43.0,53
6,板橋,2020-04-26,46,4,10.0,nan,22.0,28,31.0,46
34,線西,2020-04-26,55,9,nan,nan,32.0,18,nan,55
5,土城,2020-04-26,45,4,8.0,nan,19.0,22,43.0,45
35,二林,2020-04-26,67,9,5.0,nan,44.0,10,44.0,67
36,南投,2020-04-26,84,4,8.0,nan,40.0,19,84.0,75
4,新店,2020-04-26,40,4,6.0,nan,16.0,21,36.0,40
37,斗六,2020-04-26,118,6,6.0,nan,47.0,13,118.0,94
38,崙背,2020-04-26,71,7,5.0,nan,43.0,14,61.0,71
3,萬里,2020-04-26,71,3,3.0,nan,19.0,11,71.0,34
39,新港,2020-04-26,69,4,5.0,nan,44.0,11,61.0,69
2,汐止,2020-04-26,42,6,10.0,nan,22.0,35,42.0,40
40,朴子,2020-04-26,72,6,5.0,nan,35.0,11,71.0,72
41,臺西,2020-04-26,53,4,nan,nan,26.0,7,nan,53
42,嘉義,2020-04-26,91,24,6.0,nan,43.0,17,58.0,91
43,新營,2020-04-26,76,6,5.0,nan,43.0,12,74.0,76
44,善化,2020-04-26,84,9,5.0,nan,46.0,10,77.0,84
45,安南,2020-04-26,87,6,5.0,nan,45.0,11,87.0,75
46,臺南,2020-04-26,77,6,5.0,nan,42.0,15,77.0,69
47,美濃,2020-04-26,67,4,5.0,nan,26.0,10,67.0,56
48,橋頭,2020-04-26,84,7,6.0,nan,45.0,14,84.0,83
49,仁武,2020-04-26,87,7,6.0,nan,43.0,13,87.0,79
50,鳳山,2020-04-26,70,9,6.0,nan,41.0,22,nan,70
51,大寮,2020-04-26,90,7,5.0,nan,44.0,19,90.0,77
52,林園,2020-04-26,74,13,5.0,nan,53.0,19,74.0,74
53,楠梓,2020-04-26,87,6,5.0,nan,44.0,12,87.0,76
54,左營,2020-04-26,97,7,6.0,nan,45.0,15,97.0,79
56,前金,2020-04-26,90,7,6.0,nan,47.0,15,90.0,80
57,前鎮,2020-04-26,69,7,nan,nan,42.0,21,nan,69
58,小港,2020-04-26,93,7,6.0,nan,38.0,28,93.0,71
59,屏東,2020-04-26,87,4,5.0,nan,35.0,9,87.0,56
60,潮州,2020-04-26,97,6,5.0,nan,39.0,13,97.0,66
61,恆春,2020-04-26,67,7,2.0,nan,13.0,2,67.0,31
62,臺東,2020-04-26,49,1,3.0,nan,12.0,5,49.0,15
63,花蓮,2020-04-26,58,4,3.0,nan,18.0,12,58.0,27
64,陽明,2020-04-26,74,3,3.0,nan,12.0,3,74.0,31
65,宜蘭,2020-04-26,41,3,5.0,nan,16.0,9,41.0,26
66,冬山,2020-04-26,42,4,3.0,nan,18.0,8,42.0,29
67,三重,2020-04-26,63,9,22.0,nan,31.0,41,nan,63
68,中壢,2020-04-26,59,4,15.0,nan,29.0,36,nan,59
69,竹山,2020-04-26,87,4,2.0,nan,31.0,16,87.0,67
70,永和,2020-04-26,42,6,14.0,nan,nan,33,nan,42
71,復興,2020-04-26,74,7,8.0,nan,42.0,20,nan,74
72,埔里,2020-04-26,54,3,5.0,nan,19.0,15,54.0,49
75,馬祖,2020-04-26,77,10,8.0,nan,41.0,18,49.0,77
77,金門,2020-04-26,154,20,5.0,nan,63.0,28,154.0,106
78,馬公,2020-04-26,104,3,3.0,nan,23.0,2,104.0,35
80,關山,2020-04-26,44,1,nan,nan,5.0,4,44.0,26
83,麥寮,2020-04-26,63,4,nan,nan,39.0,8,nan,63
84,富貴角,2020-04-26,93,1,2.0,nan,19.0,9,93.0,31
6,板橋,2020-04-27,37,3,7.0,nan,18.0,37,36.0,30
84,富貴角,2020-04-27,67,1,2.0,nan,19.0,3,67.0,21
83,麥寮,2020-04-27,39,4,nan,nan,33.0,13,nan,39
80,關山,2020-04-27,44,1,nan,nan,5.0,6,44.0,20
78,馬公,2020-04-27,100,1,3.0,nan,31.0,4,100.0,43
77,金門,2020-04-27,150,21,6.0,nan,59.0,30,150.0,86
75,馬祖,2020-04-27,101,9,10.0,nan,37.0,20,101.0,78
72,埔里,2020-04-27,62,4,6.0,nan,29.0,17,47.0,62
71,復興,2020-04-27,71,43,10.0,nan,40.0,37,nan,71
70,永和,2020-04-27,27,4,9.0,nan,17.0,27,nan,27
69,竹山,2020-04-27,85,7,5.0,nan,44.0,20,67.0,85
68,中壢,2020-04-27,38,4,16.0,nan,19.0,38,nan,30
67,三重,2020-04-27,45,6,17.0,nan,25.0,45,nan,42
66,冬山,2020-04-27,34,4,2.0,nan,17.0,19,34.0,27
65,宜蘭,2020-04-27,45,1,3.0,nan,14.0,9,45.0,22
64,陽明,2020-04-27,54,4,2.0,nan,13.0,1,54.0,24
63,花蓮,2020-04-27,50,3,3.0,nan,17.0,21,50.0,23
62,臺東,2020-04-27,47,3,5.0,nan,5.0,8,47.0,8
61,恆春,2020-04-27,58,1,1.0,nan,5.0,1,58.0,19
60,潮州,2020-04-27,101,4,5.0,nan,36.0,14,101.0,63
59,屏東,2020-04-27,118,13,8.0,nan,40.0,22,118.0,63
58,小港,2020-04-27,74,14,8.0,nan,41.0,50,74.0,70
57,前鎮,2020-04-27,68,66,nan,nan,40.0,34,nan,68
56,前金,2020-04-27,87,27,8.0,nan,42.0,27,87.0,70
54,左營,2020-04-27,97,7,7.0,nan,38.0,22,97.0,68
53,楠梓,2020-04-27,84,10,6.0,nan,42.0,20,84.0,67
52,林園,2020-04-27,93,10,6.0,nan,44.0,21,93.0,76
51,大寮,2020-04-27,77,19,8.0,nan,45.0,25,51.0,77
50,鳳山,2020-04-27,64,11,8.0,nan,38.0,29,nan,64
49,仁武,2020-04-27,84,13,7.0,nan,41.0,34,84.0,75
48,橋頭,2020-04-27,75,6,6.0,nan,40.0,19,71.0,75
47,美濃,2020-04-27,122,6,5.0,nan,33.0,13,122.0,60
46,臺南,2020-04-27,87,9,6.0,nan,36.0,18,87.0,56
45,安南,2020-04-27,93,7,6.0,nan,43.0,19,93.0,66
44,善化,2020-04-27,87,10,6.0,nan,39.0,19,87.0,70
43,新營,2020-04-27,84,7,6.0,nan,37.0,17,84.0,62
42,嘉義,2020-04-27,73,30,6.0,nan,37.0,24,51.0,73
41,臺西,2020-04-27,42,4,nan,nan,24.0,10,nan,42
40,朴子,2020-04-27,84,6,5.0,nan,33.0,15,84.0,53
39,新港,2020-04-27,71,7,6.0,nan,39.0,13,71.0,56
38,崙背,2020-04-27,74,9,7.0,nan,40.0,14,74.0,58
37,斗六,2020-04-27,83,10,6.0,nan,46.0,26,71.0,83
36,南投,2020-04-27,75,6,9.0,nan,42.0,31,46.0,75
35,二林,2020-04-27,49,14,6.0,nan,37.0,15,42.0,49
34,線西,2020-04-27,44,11,nan,nan,31.0,23,nan,44
33,彰化,2020-04-27,51,9,8.0,nan,31.0,32,31.0,51
32,西屯,2020-04-27,57,4,6.0,nan,31.0,40,46.0,57
31,忠明,2020-04-27,60,4,8.0,nan,33.0,45,36.0,60
30,大里,2020-04-27,77,7,9.0,nan,41.0,51,31.0,77
29,沙鹿,2020-04-27,51,6,6.0,nan,25.0,39,50.0,51
28,豐原,2020-04-27,64,6,8.0,nan,35.0,31,43.0,64
27,三義,2020-04-27,46,4,5.0,nan,19.0,20,36.0,46
26,苗栗,2020-04-27,44,7,6.0,nan,23.0,28,27.0,44
25,頭份,2020-04-27,41,6,nan,nan,24.0,30,nan,41
24,新竹,2020-04-27,35,3,5.0,nan,19.0,23,35.0,33
23,竹東,2020-04-27,33,7,6.0,nan,19.0,17,30.0,33
22,湖口,2020-04-27,46,3,5.0,nan,nan,17,46.0,30
21,龍潭,2020-04-27,40,4,5.0,nan,18.0,20,40.0,31
20,平鎮,2020-04-27,46,3,5.0,nan,19.0,18,46.0,24
19,觀音,2020-04-27,44,13,3.0,nan,18.0,16,44.0,29
18,大園,2020-04-27,47,6,3.0,nan,18.0,22,47.0,28
17,桃園,2020-04-27,32,6,6.0,nan,18.0,29,32.0,29
16,大同,2020-04-27,51,6,16.0,nan,25.0,51,nan,43
15,松山,2020-04-27,37,19,6.0,nan,20.0,37,31.0,35
14,古亭,2020-04-27,44,3,6.0,nan,17.0,28,44.0,25
13,萬華,2020-04-27,37,3,7.0,nan,19.0,37,37.0,32
12,中山,2020-04-27,40,4,8.0,nan,19.0,40,36.0,32
11,士林,2020-04-27,54,4,3.0,nan,16.0,8,54.0,21
10,淡水,2020-04-27,50,3,3.0,nan,15.0,26,50.0,27
9,林口,2020-04-27,46,7,3.0,nan,19.0,21,46.0,30
8,菜寮,2020-04-27,31,4,7.0,nan,19.0,29,31.0,27
7,新莊,2020-04-27,42,3,6.0,nan,19.0,25,42.0,30
5,土城,2020-04-27,37,3,6.0,nan,17.0,27,37.0,29
4,新店,2020-04-27,40,3,5.0,nan,14.0,22,40.0,26
3,萬里,2020-04-27,49,4,3.0,nan,15.0,11,49.0,29
2,汐止,2020-04-27,39,6,7.0,nan,19.0,39,39.0,32
1,基隆,2020-04-27,37,6,8.0,nan,19.0,25,37.0,31
84,富貴角,2020-04-28,84,1,1.0,nan,38,3,84.0,46
80,關山,2020-04-28,50,3,nan,nan,14,7,50.0,34
78,馬公,2020-04-28,80,3,2.0,nan,42,2,80.0,53
77,金門,2020-04-28,100,4,2.0,nan,45,8,100.0,57
75,馬祖,2020-04-28,112,3,2.0,nan,34,8,112.0,56
72,埔里,2020-04-28,140,4,5.0,nan,31,16,140.0,63
71,復興,2020-04-28,66,6,7.0,nan,43,27,nan,66
70,永和,2020-04-28,41,3,6.0,nan,31,17,nan,41
69,竹山,2020-04-28,136,6,3.0,nan,53,16,136.0,91
83,麥寮,2020-04-28,63,4,nan,nan,59,24,nan,63
68,中壢,2020-04-28,41,3,10.0,nan,31,28,nan,41
67,三重,2020-04-28,58,3,14.0,nan,38,44,nan,58
66,冬山,2020-04-28,43,3,3.0,nan,29,18,43.0,38
65,宜蘭,2020-04-28,67,4,3.0,nan,26,10,67.0,35
64,陽明,2020-04-28,64,3,2.0,nan,25,2,64.0,44
63,花蓮,2020-04-28,39,3,3.0,nan,20,10,39.0,32
62,臺東,2020-04-28,64,3,3.0,nan,22,8,64.0,27
61,恆春,2020-04-28,84,1,1.0,nan,21,1,84.0,42
60,潮州,2020-04-28,126,4,3.0,nan,31,10,126.0,53
59,屏東,2020-04-28,132,9,6.0,nan,44,27,132.0,63
58,小港,2020-04-28,146,7,5.0,nan,40,30,146.0,65
57,前鎮,2020-04-28,59,4,nan,nan,42,21,nan,59
56,前金,2020-04-28,132,6,5.0,nan,43,18,132.0,65
54,左營,2020-04-28,156,6,5.0,nan,42,17,156.0,64
53,楠梓,2020-04-28,140,4,5.0,nan,46,25,140.0,66
52,林園,2020-04-28,150,9,3.0,nan,37,16,150.0,60
51,大寮,2020-04-28,90,13,6.0,nan,43,25,90.0,68
50,鳳山,2020-04-28,61,6,6.0,nan,43,20,nan,61
49,仁武,2020-04-28,150,21,6.0,nan,46,29,150.0,73
48,橋頭,2020-04-28,140,3,5.0,nan,44,22,140.0,68
47,美濃,2020-04-28,146,4,3.0,nan,34,11,146.0,64
46,臺南,2020-04-28,122,7,6.0,nan,58,20,122.0,77
45,安南,2020-04-28,118,6,6.0,nan,62,26,118.0,81
44,善化,2020-04-28,112,10,5.0,nan,55,18,112.0,78
43,新營,2020-04-28,90,7,5.0,nan,57,22,90.0,69
42,嘉義,2020-04-28,85,14,6.0,nan,54,27,67.0,85
41,臺西,2020-04-28,60,6,nan,nan,44,23,nan,60
40,朴子,2020-04-28,93,6,5.0,nan,57,16,93.0,67
39,新港,2020-04-28,84,10,5.0,nan,59,20,84.0,71
38,崙背,2020-04-28,90,10,6.0,nan,59,23,90.0,66
37,斗六,2020-04-28,151,11,6.0,nan,61,25,151.0,91
36,南投,2020-04-28,146,6,7.0,nan,54,27,146.0,85
35,二林,2020-04-28,61,13,6.0,nan,57,25,48.0,61
34,線西,2020-04-28,59,13,nan,nan,53,28,nan,59
33,彰化,2020-04-28,65,13,7.0,nan,46,29,45.0,65
32,西屯,2020-04-28,80,4,8.0,nan,46,42,80.0,73
31,忠明,2020-04-28,72,4,9.0,nan,46,39,54.0,72
30,大里,2020-04-28,77,6,8.0,nan,47,29,77.0,77
29,沙鹿,2020-04-28,84,6,5.0,nan,41,37,84.0,59
28,豐原,2020-04-28,84,6,7.0,nan,37,25,84.0,62
27,三義,2020-04-28,52,3,3.0,nan,25,14,49.0,52
26,苗栗,2020-04-28,47,4,5.0,nan,30,26,41.0,47
25,頭份,2020-04-28,46,6,nan,nan,30,20,nan,46
24,新竹,2020-04-28,71,4,3.0,nan,31,14,71.0,39
23,竹東,2020-04-28,74,3,3.0,nan,24,8,74.0,43
22,湖口,2020-04-28,87,4,3.0,nan,29,8,87.0,43
21,龍潭,2020-04-28,77,3,3.0,nan,29,9,77.0,42
20,平鎮,2020-04-28,71,3,5.0,nan,32,14,71.0,39
19,觀音,2020-04-28,67,7,2.0,nan,44,14,67.0,49
18,大園,2020-04-28,87,4,2.0,nan,36,10,87.0,47
17,桃園,2020-04-28,44,7,5.0,nan,31,14,44.0,44
16,大同,2020-04-28,56,4,8.0,nan,38,35,nan,56
15,松山,2020-04-28,52,4,5.0,nan,32,26,50.0,52
14,古亭,2020-04-28,61,1,3.0,nan,31,14,61.0,41
13,萬華,2020-04-28,50,3,5.0,nan,33,25,47.0,50
12,中山,2020-04-28,48,3,6.0,nan,33,28,48.0,47
11,士林,2020-04-28,74,7,2.0,nan,31,8,74.0,43
10,淡水,2020-04-28,67,1,2.0,nan,29,4,67.0,43
9,林口,2020-04-28,71,3,2.0,nan,37,15,71.0,48
8,菜寮,2020-04-28,44,3,5.0,nan,33,18,44.0,44
7,新莊,2020-04-28,74,3,5.0,nan,32,16,74.0,46
6,板橋,2020-04-28,49,1,5.0,nan,31,22,49.0,43
5,土城,2020-04-28,74,3,3.0,nan,31,15,74.0,42
4,新店,2020-04-28,67,3,3.0,nan,28,13,67.0,43
3,萬里,2020-04-28,90,10,2.0,nan,40,8,90.0,46
2,汐止,2020-04-28,77,11,3.0,nan,33,29,77.0,43
1,基隆,2020-04-28,74,3,3.0,nan,31,16,74.0,42
1,基隆,2020-04-29,67,3,2.0,nan,39,6,67.0,54
84,富貴角,2020-04-29,80,3,2.0,nan,42,8,80.0,57
83,麥寮,2020-04-29,70,6,nan,nan,54,15,nan,70
80,關山,2020-04-29,51,1,nan,nan,22,6,49.0,51
78,馬公,2020-04-29,122,6,3.0,nan,45,4,122.0,58
77,金門,2020-04-29,104,6,3.0,nan,52,15,104.0,65
75,馬祖,2020-04-29,93,6,3.0,nan,31,10,93.0,56
72,埔里,2020-04-29,169,4,5.0,nan,36,18,169.0,70
71,復興,2020-04-29,63,14,7.0,nan,44,20,nan,63
70,永和,2020-04-29,52,1,7.0,nan,32,21,nan,52
69,竹山,2020-04-29,132,11,3.0,nan,50,17,132.0,82
68,中壢,2020-04-29,60,6,16.0,nan,38,45,nan,60
67,三重,2020-04-29,64,4,14.0,nan,41,47,nan,64
66,冬山,2020-04-29,53,3,3.0,nan,32,12,48.0,53
65,宜蘭,2020-04-29,74,3,5.0,nan,36,11,74.0,51
64,陽明,2020-04-29,61,3,2.0,nan,26,3,61.0,47
63,花蓮,2020-04-29,58,3,3.0,nan,31,13,58.0,49
62,臺東,2020-04-29,67,1,3.0,nan,32,6,67.0,43
61,恆春,2020-04-29,80,1,1.0,nan,32,1,80.0,57
60,潮州,2020-04-29,112,6,3.0,nan,43,8,112.0,57
59,屏東,2020-04-29,140,6,5.0,nan,48,16,140.0,67
58,小港,2020-04-29,87,17,5.0,nan,43,26,87.0,67
57,前鎮,2020-04-29,61,13,nan,nan,42,20,nan,61
56,前金,2020-04-29,108,9,6.0,nan,44,19,108.0,63
54,左營,2020-04-29,100,16,5.0,nan,44,22,100.0,64
53,楠梓,2020-04-29,104,6,5.0,nan,49,25,104.0,70
52,林園,2020-04-29,118,7,3.0,nan,50,12,118.0,68
51,大寮,2020-04-29,104,13,5.0,nan,49,19,104.0,75
50,鳳山,2020-04-29,62,6,5.0,nan,44,14,nan,62
49,仁武,2020-04-29,104,20,5.0,nan,47,19,104.0,78
48,橋頭,2020-04-29,115,7,5.0,nan,45,21,115.0,72
47,美濃,2020-04-29,122,3,3.0,nan,42,8,122.0,71
46,臺南,2020-04-29,101,6,5.0,nan,55,17,101.0,74
45,安南,2020-04-29,115,4,5.0,nan,59,25,115.0,79
44,善化,2020-04-29,112,9,3.0,nan,52,24,112.0,76
43,新營,2020-04-29,122,4,3.0,nan,53,17,122.0,72
42,嘉義,2020-04-29,80,4,5.0,nan,52,15,80.0,76
41,臺西,2020-04-29,72,10,nan,nan,45,22,nan,72
40,朴子,2020-04-29,126,4,3.0,nan,50,10,126.0,70
39,新港,2020-04-29,101,6,3.0,nan,57,18,101.0,73
38,崙背,2020-04-29,112,6,3.0,nan,54,13,112.0,73
37,斗六,2020-04-29,156,9,6.0,nan,56,22,156.0,81
36,南投,2020-04-29,146,7,6.0,nan,49,29,146.0,77
35,二林,2020-04-29,77,9,5.0,nan,61,16,64.0,77
34,線西,2020-04-29,82,17,nan,nan,59,24,nan,82
33,彰化,2020-04-29,82,17,6.0,nan,54,21,54.0,82
32,西屯,2020-04-29,132,4,5.0,nan,56,33,132.0,86
31,忠明,2020-04-29,82,4,6.0,nan,52,28,80.0,82
30,大里,2020-04-29,112,7,6.0,nan,52,24,112.0,82
29,沙鹿,2020-04-29,108,7,6.0,nan,54,35,108.0,81
28,豐原,2020-04-29,151,7,9.0,nan,51,22,151.0,78
27,三義,2020-04-29,93,4,3.0,nan,41,20,93.0,74
26,苗栗,2020-04-29,77,7,6.0,nan,47,21,51.0,77
25,頭份,2020-04-29,73,7,nan,nan,45,25,nan,73
24,新竹,2020-04-29,146,6,6.0,nan,42,25,146.0,71
23,竹東,2020-04-29,151,6,5.0,nan,39,15,151.0,84
22,湖口,2020-04-29,136,6,5.0,nan,35,27,136.0,67
21,龍潭,2020-04-29,151,7,6.0,nan,33,30,151.0,61
20,平鎮,2020-04-29,104,4,6.0,nan,38,22,104.0,60
19,觀音,2020-04-29,100,7,5.0,nan,39,16,100.0,62
18,大園,2020-04-29,101,7,5.0,nan,35,20,101.0,57
17,桃園,2020-04-29,67,7,6.0,nan,33,15,67.0,53
16,大同,2020-04-29,64,4,17.0,nan,40,43,nan,64
15,松山,2020-04-29,58,4,3.0,nan,35,25,58.0,58
14,古亭,2020-04-29,67,3,3.0,nan,31,11,67.0,51
13,萬華,2020-04-29,58,3,6.0,nan,34,27,47.0,58
12,中山,2020-04-29,55,3,6.0,nan,35,33,54.0,55
11,士林,2020-04-29,77,3,3.0,nan,33,10,77.0,53
10,淡水,2020-04-29,77,4,2.0,nan,29,8,77.0,52
9,林口,2020-04-29,97,3,3.0,nan,33,20,97.0,56
8,菜寮,2020-04-29,55,4,6.0,nan,39,17,42.0,55
7,新莊,2020-04-29,80,3,5.0,nan,33,18,80.0,53
6,板橋,2020-04-29,53,4,6.0,nan,31,23,49.0,53
5,土城,2020-04-29,58,3,3.0,nan,28,25,58.0,55
4,新店,2020-04-29,64,3,3.0,nan,31,9,64.0,54
3,萬里,2020-04-29,74,10,2.0,nan,34,9,74.0,57
2,汐止,2020-04-29,67,4,5.0,nan,35,33,67.0,55
64,陽明,2020-04-30,93,4,2.0,nan,28,7,93.0,59
65,宜蘭,2020-04-30,55,3,5.0,nan,32,9,46.0,55
62,臺東,2020-04-30,43,1,3.0,nan,29,8,43.0,40
66,冬山,2020-04-30,56,3,3.0,nan,33,25,32.0,56
61,恆春,2020-04-30,55,1,1.0,nan,27,1,47.0,55
60,潮州,2020-04-30,187,14,5.0,117.0,45,15,187.0,76
67,三重,2020-04-30,83,6,16.0,nan,43,67,nan,83
59,屏東,2020-04-30,156,7,6.0,nan,50,24,156.0,75
68,中壢,2020-04-30,81,6,16.0,nan,45,62,nan,81
69,竹山,2020-04-30,143,9,3.0,nan,49,16,143.0,88
58,小港,2020-04-30,93,7,5.0,nan,44,54,93.0,72
70,永和,2020-04-30,64,4,12.0,nan,34,49,nan,64
71,復興,2020-04-30,71,7,8.0,nan,43,37,nan,71
57,前鎮,2020-04-30,67,7,nan,nan,45,40,nan,67
72,埔里,2020-04-30,161,6,5.0,nan,37,19,161.0,80
75,馬祖,2020-04-30,76,6,3.0,nan,43,13,54.0,76
56,前金,2020-04-30,132,7,5.0,nan,44,16,132.0,69
77,金門,2020-04-30,90,14,3.0,nan,52,45,87.0,90
54,左營,2020-04-30,150,9,5.0,nan,45,20,150.0,73
78,馬公,2020-04-30,87,4,3.0,nan,42,8,87.0,61
53,楠梓,2020-04-30,129,10,6.0,nan,51,36,129.0,79
80,關山,2020-04-30,52,3,nan,nan,18,5,35.0,52
83,麥寮,2020-04-30,95,7,nan,nan,59,11,nan,95
52,林園,2020-04-30,129,9,3.0,nan,47,13,129.0,72
84,富貴角,2020-04-30,57,7,2.0,nan,36,5,51.0,57
63,花蓮,2020-04-30,45,3,3.0,nan,25,11,44.0,45
51,大寮,2020-04-30,140,13,5.0,nan,51,22,140.0,82
50,鳳山,2020-04-30,68,10,7.0,nan,44,26,nan,68
49,仁武,2020-04-30,129,10,5.0,nan,47,28,129.0,77
48,橋頭,2020-04-30,126,9,6.0,nan,45,32,126.0,79
47,美濃,2020-04-30,101,3,3.0,nan,34,12,101.0,69
46,臺南,2020-04-30,140,4,7.0,nan,52,31,140.0,80
45,安南,2020-04-30,146,7,5.0,nan,56,25,146.0,86
44,善化,2020-04-30,126,10,5.0,nan,48,19,126.0,79
43,新營,2020-04-30,126,11,5.0,nan,52,28,126.0,82
42,嘉義,2020-04-30,115,4,5.0,nan,50,21,115.0,88
41,臺西,2020-04-30,88,13,nan,nan,47,18,nan,88
40,朴子,2020-04-30,161,7,3.0,nan,52,13,161.0,91
39,新港,2020-04-30,146,7,3.0,nan,60,16,146.0,93
38,崙背,2020-04-30,132,6,5.0,nan,59,14,132.0,93
37,斗六,2020-04-30,136,6,5.0,nan,50,22,136.0,85
36,南投,2020-04-30,159,9,7.0,nan,48,30,159.0,85
35,二林,2020-04-30,109,10,5.0,nan,70,12,67.0,109
34,線西,2020-04-30,89,10,nan,nan,56,25,nan,89
33,彰化,2020-04-30,84,13,7.0,nan,51,30,39.0,84
32,西屯,2020-04-30,118,4,6.0,nan,51,49,118.0,88
31,忠明,2020-04-30,93,4,7.0,nan,49,38,93.0,85
30,大里,2020-04-30,136,6,7.0,nan,49,31,136.0,88
29,沙鹿,2020-04-30,86,6,6.0,nan,50,42,84.0,86
28,豐原,2020-04-30,122,6,5.0,nan,43,25,122.0,79
27,三義,2020-04-30,69,3,3.0,nan,33,8,64.0,69
26,苗栗,2020-04-30,72,7,5.0,nan,40,22,39.0,72
25,頭份,2020-04-30,77,4,nan,nan,43,27,nan,77
24,新竹,2020-04-30,84,7,7.0,nan,44,46,80.0,84
23,竹東,2020-04-30,143,3,5.0,nan,39,17,143.0,79
22,湖口,2020-04-30,108,4,5.0,nan,41,32,108.0,80
21,龍潭,2020-04-30,159,6,7.0,nan,45,39,159.0,87
20,平鎮,2020-04-30,136,6,8.0,nan,50,48,136.0,81
19,觀音,2020-04-30,101,10,6.0,nan,48,39,101.0,82
18,大園,2020-04-30,122,13,6.0,nan,44,50,122.0,82
17,桃園,2020-04-30,97,26,8.0,nan,44,48,97.0,84
16,大同,2020-04-30,77,4,16.0,nan,43,53,nan,77
15,松山,2020-04-30,161,6,6.0,nan,34,29,161.0,67
14,古亭,2020-04-30,174,4,6.0,106.0,32,25,174.0,64
13,萬華,2020-04-30,136,4,8.0,nan,38,37,136.0,72
12,中山,2020-04-30,129,4,9.0,nan,37,42,129.0,67
11,士林,2020-04-30,146,4,5.0,nan,35,20,146.0,63
10,淡水,2020-04-30,104,6,5.0,nan,29,25,104.0,62
9,林口,2020-04-30,164,6,5.0,nan,40,28,164.0,74
8,菜寮,2020-04-30,70,6,7.0,nan,38,50,54.0,70
7,新莊,2020-04-30,190,7,7.0,nan,37,26,190.0,70
6,板橋,2020-04-30,159,9,7.0,nan,37,40,159.0,70
5,土城,2020-04-30,190,7,7.0,107.0,39,43,190.0,80
4,新店,2020-04-30,190,4,5.0,125.0,30,15,190.0,64
3,萬里,2020-04-30,60,3,3.0,nan,31,16,50.0,60
2,汐止,2020-04-30,122,4,6.0,nan,34,32,122.0,65
1,基隆,2020-04-30,55,4,3.0,nan,31,17,46.0,55
