siteid,sitename,monitordate,aqi,so2subindex,cosubindex,o3subindex,pm10subindex,no2subindex,o38subindex,pm25subindex
49,仁武,2016-10-01,79,11.0,nan,nan,50.0,35.0,nan,79.0
48,橋頭,2016-10-01,56,7.0,nan,nan,38.0,37.0,nan,56.0
47,美濃,2016-10-01,43,9.0,nan,nan,26.0,14.0,nan,43.0
46,臺南,2016-10-01,74,7.0,nan,nan,34.0,38.0,nan,74.0
45,安南,2016-10-01,68,9.0,nan,nan,44.0,30.0,nan,68.0
44,善化,2016-10-01,42,7.0,nan,nan,22.0,19.0,nan,42.0
43,新營,2016-10-01,49,7.0,nan,nan,35.0,17.0,nan,49.0
42,嘉義,2016-10-01,59,7.0,nan,nan,35.0,20.0,nan,59.0
41,臺西,2016-10-01,65,10.0,nan,nan,30.0,9.0,nan,65.0
40,朴子,2016-10-01,67,7.0,nan,nan,39.0,18.0,nan,67.0
39,新港,2016-10-01,65,6.0,nan,nan,34.0,19.0,nan,65.0
38,崙背,2016-10-01,77,nan,nan,nan,33.0,15.0,nan,77.0
37,斗六,2016-10-01,38,7.0,nan,nan,27.0,13.0,nan,38.0
36,南投,2016-10-01,66,7.0,nan,nan,37.0,18.0,nan,66.0
35,二林,2016-10-01,54,7.0,nan,nan,37.0,15.0,nan,54.0
34,線西,2016-10-01,84,21.0,nan,nan,36.0,22.0,nan,84.0
33,彰化,2016-10-01,65,10.0,nan,nan,40.0,20.0,nan,65.0
32,西屯,2016-10-01,-1,nan,nan,nan,nan,nan,nan,nan
31,忠明,2016-10-01,67,6.0,nan,nan,31.0,23.0,nan,67.0
64,陽明,2016-10-01,14,3.0,1.0,nan,6.0,1.0,14.0,7.0
30,大里,2016-10-01,64,6.0,nan,nan,40.0,22.0,nan,64.0
29,沙鹿,2016-10-01,70,7.0,nan,nan,41.0,23.0,nan,70.0
28,豐原,2016-10-01,67,19.0,nan,nan,30.0,nan,nan,67.0
27,三義,2016-10-01,31,4.0,nan,nan,31.0,14.0,nan,30.0
26,苗栗,2016-10-01,43,7.0,nan,nan,34.0,20.0,nan,43.0
25,頭份,2016-10-01,44,7.0,nan,nan,31.0,19.0,nan,44.0
24,新竹,2016-10-01,37,7.0,nan,nan,31.0,20.0,nan,37.0
23,竹東,2016-10-01,59,6.0,nan,nan,36.0,20.0,nan,59.0
22,湖口,2016-10-01,45,10.0,nan,nan,34.0,21.0,nan,45.0
21,龍潭,2016-10-01,57,7.0,nan,nan,39.0,25.0,nan,57.0
20,平鎮,2016-10-01,40,9.0,nan,nan,32.0,24.0,nan,40.0
19,觀音,2016-10-01,62,11.0,nan,nan,37.0,18.0,nan,62.0
18,大園,2016-10-01,51,16.0,nan,nan,27.0,21.0,nan,51.0
17,桃園,2016-10-01,21,10.0,nan,nan,17.0,14.0,nan,21.0
16,大同,2016-10-01,27,4.0,17.0,nan,27.0,14.0,nan,26.0
84,富貴角,2016-10-01,-1,nan,nan,nan,nan,nan,nan,nan
15,松山,2016-10-01,20,3.0,3.0,nan,13.0,9.0,13.0,20.0
14,古亭,2016-10-01,20,3.0,2.0,nan,10.0,8.0,13.0,20.0
13,萬華,2016-10-01,24,3.0,3.0,nan,17.0,12.0,11.0,24.0
12,中山,2016-10-01,17,3.0,5.0,nan,14.0,11.0,12.0,17.0
11,士林,2016-10-01,25,3.0,2.0,nan,19.0,6.0,15.0,25.0
10,淡水,2016-10-01,32,3.0,nan,nan,16.0,3.0,nan,32.0
9,林口,2016-10-01,35,3.0,nan,nan,19.0,10.0,nan,35.0
8,菜寮,2016-10-01,22,3.0,nan,nan,15.0,10.0,nan,22.0
7,新莊,2016-10-01,15,3.0,nan,nan,12.0,11.0,nan,15.0
6,板橋,2016-10-01,23,6.0,nan,nan,12.0,14.0,nan,23.0
5,土城,2016-10-01,12,3.0,nan,nan,9.0,8.0,nan,12.0
4,新店,2016-10-01,16,3.0,nan,nan,14.0,5.0,nan,16.0
3,萬里,2016-10-01,17,17.0,nan,nan,10.0,8.0,nan,nan
2,汐止,2016-10-01,17,3.0,nan,nan,6.0,8.0,nan,17.0
1,基隆,2016-10-01,10,3.0,nan,nan,10.0,5.0,nan,9.0
80,關山,2016-10-01,13,1.0,nan,nan,10.0,6.0,nan,13.0
58,小港,2016-10-01,107,107.0,nan,nan,47.0,49.0,nan,84.0
83,麥寮,2016-10-01,62,10.0,nan,nan,53.0,12.0,nan,62.0
59,屏東,2016-10-01,89,20.0,nan,nan,41.0,29.0,nan,89.0
65,宜蘭,2016-10-01,26,3.0,nan,nan,26.0,9.0,nan,16.0
50,鳳山,2016-10-01,81,34.0,nan,nan,52.0,45.0,nan,81.0
66,冬山,2016-10-01,19,10.0,nan,nan,19.0,9.0,nan,9.0
54,左營,2016-10-01,83,11.0,nan,nan,43.0,42.0,nan,83.0
67,三重,2016-10-01,26,4.0,nan,nan,24.0,16.0,nan,26.0
68,中壢,2016-10-01,54,10.0,nan,nan,39.0,28.0,nan,54.0
60,潮州,2016-10-01,61,16.0,nan,nan,37.0,21.0,nan,61.0
52,林園,2016-10-01,75,13.0,nan,nan,28.0,20.0,nan,75.0
69,竹山,2016-10-01,48,6.0,nan,nan,31.0,10.0,nan,48.0
70,永和,2016-10-01,11,3.0,nan,nan,9.0,8.0,nan,11.0
61,恆春,2016-10-01,22,1.0,nan,nan,22.0,3.0,nan,11.0
56,前金,2016-10-01,81,20.0,nan,nan,43.0,45.0,nan,81.0
71,復興,2016-10-01,77,61.0,nan,nan,38.0,66.0,nan,77.0
72,埔里,2016-10-01,38,6.0,nan,nan,24.0,10.0,nan,38.0
51,大寮,2016-10-01,62,27.0,nan,nan,47.0,27.0,nan,62.0
75,馬祖,2016-10-01,47,6.0,nan,nan,28.0,5.0,nan,47.0
62,臺東,2016-10-01,15,3.0,nan,nan,15.0,8.0,nan,11.0
63,花蓮,2016-10-01,20,4.0,nan,nan,13.0,7.0,nan,20.0
77,金門,2016-10-01,44,11.0,nan,nan,42.0,21.0,nan,44.0
57,前鎮,2016-10-01,89,60.0,nan,nan,44.0,69.0,nan,89.0
53,楠梓,2016-10-01,54,17.0,nan,nan,43.0,42.0,nan,54.0
78,馬公,2016-10-01,52,3.0,nan,nan,22.0,8.0,nan,52.0
46,臺南,2016-10-02,70,6.0,nan,nan,31.0,17.0,nan,70.0
62,臺東,2016-10-02,17,3.0,nan,nan,17.0,11.0,nan,15.0
17,桃園,2016-10-02,23,14.0,nan,nan,19.0,19.0,nan,23.0
61,恆春,2016-10-02,27,1.0,nan,nan,27.0,2.0,nan,16.0
4,新店,2016-10-02,22,7.0,nan,nan,11.0,15.0,nan,22.0
60,潮州,2016-10-02,51,43.0,nan,nan,40.0,13.0,nan,51.0
59,屏東,2016-10-02,49,7.0,nan,nan,34.0,22.0,nan,49.0
18,大園,2016-10-02,33,10.0,nan,nan,24.0,18.0,nan,33.0
58,小港,2016-10-02,51,36.0,nan,nan,35.0,42.0,nan,51.0
19,觀音,2016-10-02,49,13.0,nan,nan,35.0,26.0,nan,49.0
57,前鎮,2016-10-02,56,29.0,nan,nan,35.0,25.0,nan,56.0
3,萬里,2016-10-02,17,4.0,nan,nan,17.0,7.0,nan,nan
56,前金,2016-10-02,61,9.0,nan,nan,35.0,20.0,nan,61.0
20,平鎮,2016-10-02,30,7.0,nan,nan,27.0,20.0,nan,30.0
54,左營,2016-10-02,74,7.0,nan,nan,37.0,25.0,nan,74.0
2,汐止,2016-10-02,22,16.0,nan,nan,10.0,13.0,nan,22.0
53,楠梓,2016-10-02,52,10.0,nan,nan,38.0,22.0,nan,52.0
21,龍潭,2016-10-02,47,6.0,nan,nan,31.0,25.0,nan,47.0
52,林園,2016-10-02,53,21.0,nan,nan,31.0,26.0,nan,53.0
1,基隆,2016-10-02,12,1.0,nan,nan,11.0,7.0,nan,12.0
51,大寮,2016-10-02,37,23.0,nan,nan,35.0,14.0,nan,37.0
50,鳳山,2016-10-02,57,10.0,nan,nan,44.0,21.0,nan,57.0
22,湖口,2016-10-02,46,6.0,nan,nan,30.0,22.0,nan,46.0
49,仁武,2016-10-02,59,20.0,nan,nan,36.0,23.0,nan,59.0
23,竹東,2016-10-02,57,4.0,nan,nan,38.0,19.0,nan,57.0
48,橋頭,2016-10-02,42,4.0,nan,nan,32.0,17.0,nan,42.0
24,新竹,2016-10-02,34,7.0,nan,nan,30.0,32.0,nan,34.0
47,美濃,2016-10-02,29,4.0,nan,nan,21.0,6.0,nan,29.0
25,頭份,2016-10-02,54,4.0,nan,nan,36.0,25.0,nan,54.0
26,苗栗,2016-10-02,46,7.0,nan,nan,38.0,16.0,nan,46.0
45,安南,2016-10-02,69,6.0,nan,nan,38.0,15.0,nan,69.0
27,三義,2016-10-02,34,4.0,nan,nan,34.0,10.0,nan,28.0
44,善化,2016-10-02,57,4.0,nan,nan,33.0,8.0,nan,57.0
28,豐原,2016-10-02,64,7.0,nan,nan,28.0,nan,nan,64.0
43,新營,2016-10-02,56,6.0,nan,nan,37.0,12.0,nan,56.0
42,嘉義,2016-10-02,67,11.0,nan,nan,36.0,16.0,nan,67.0
29,沙鹿,2016-10-02,73,9.0,nan,nan,42.0,24.0,nan,73.0
41,臺西,2016-10-02,70,16.0,nan,nan,32.0,19.0,nan,70.0
30,大里,2016-10-02,65,10.0,nan,nan,38.0,26.0,nan,65.0
31,忠明,2016-10-02,70,6.0,nan,nan,32.0,30.0,nan,70.0
40,朴子,2016-10-02,69,7.0,nan,nan,41.0,14.0,nan,69.0
84,富貴角,2016-10-02,-1,nan,nan,nan,nan,nan,nan,nan
39,新港,2016-10-02,64,4.0,nan,nan,38.0,12.0,nan,64.0
32,西屯,2016-10-02,-1,nan,nan,nan,nan,nan,nan,nan
38,崙背,2016-10-02,84,nan,nan,nan,37.0,13.0,nan,84.0
33,彰化,2016-10-02,60,27.0,nan,nan,37.0,21.0,nan,60.0
37,斗六,2016-10-02,64,11.0,nan,nan,33.0,21.0,nan,64.0
34,線西,2016-10-02,92,21.0,nan,nan,39.0,23.0,nan,92.0
35,二林,2016-10-02,58,4.0,nan,nan,43.0,10.0,nan,58.0
36,南投,2016-10-02,66,7.0,nan,nan,40.0,23.0,nan,66.0
11,士林,2016-10-02,30,23.0,2.0,nan,20.0,13.0,30.0,24.0
83,麥寮,2016-10-02,67,6.0,nan,nan,52.0,10.0,nan,67.0
80,關山,2016-10-02,13,3.0,nan,nan,13.0,5.0,nan,13.0
78,馬公,2016-10-02,52,4.0,nan,nan,27.0,6.0,nan,52.0
77,金門,2016-10-02,40,9.0,nan,nan,40.0,15.0,nan,33.0
75,馬祖,2016-10-02,29,4.0,nan,nan,20.0,3.0,nan,29.0
72,埔里,2016-10-02,44,4.0,nan,nan,26.0,19.0,nan,44.0
10,淡水,2016-10-02,42,6.0,nan,nan,21.0,14.0,nan,42.0
71,復興,2016-10-02,61,29.0,nan,nan,31.0,25.0,nan,61.0
12,中山,2016-10-02,20,13.0,5.0,nan,18.0,17.0,20.0,19.0
13,萬華,2016-10-02,25,14.0,3.0,nan,17.0,17.0,22.0,25.0
70,永和,2016-10-02,18,13.0,nan,nan,11.0,18.0,nan,11.0
69,竹山,2016-10-02,57,13.0,nan,nan,31.0,14.0,nan,57.0
9,林口,2016-10-02,44,9.0,nan,nan,22.0,12.0,nan,44.0
68,中壢,2016-10-02,37,9.0,nan,nan,32.0,29.0,nan,37.0
8,菜寮,2016-10-02,21,14.0,nan,nan,18.0,14.0,nan,21.0
67,三重,2016-10-02,31,17.0,nan,nan,28.0,31.0,nan,23.0
14,古亭,2016-10-02,26,13.0,3.0,nan,13.0,18.0,25.0,26.0
66,冬山,2016-10-02,20,4.0,nan,nan,20.0,11.0,nan,14.0
7,新莊,2016-10-02,19,10.0,nan,nan,15.0,16.0,nan,19.0
65,宜蘭,2016-10-02,29,3.0,nan,nan,29.0,8.0,nan,25.0
6,板橋,2016-10-02,26,13.0,nan,nan,17.0,18.0,nan,26.0
64,陽明,2016-10-02,26,14.0,1.0,nan,9.0,8.0,26.0,18.0
15,松山,2016-10-02,24,17.0,3.0,nan,16.0,14.0,23.0,24.0
63,花蓮,2016-10-02,23,3.0,nan,nan,19.0,11.0,nan,23.0
16,大同,2016-10-02,28,13.0,10.0,nan,28.0,25.0,nan,22.0
5,土城,2016-10-02,19,9.0,nan,nan,15.0,16.0,nan,19.0
30,大里,2016-10-03,78,6.0,nan,nan,54.0,26.0,nan,78.0
31,忠明,2016-10-03,92,6.0,nan,nan,48.0,26.0,nan,92.0
32,西屯,2016-10-03,75,6.0,nan,nan,42.0,19.0,nan,75.0
33,彰化,2016-10-03,96,14.0,nan,nan,51.0,22.0,nan,96.0
34,線西,2016-10-03,96,17.0,nan,nan,45.0,23.0,nan,96.0
35,二林,2016-10-03,53,17.0,nan,nan,42.0,20.0,nan,53.0
36,南投,2016-10-03,89,7.0,nan,nan,52.0,25.0,nan,89.0
37,斗六,2016-10-03,110,9.0,nan,nan,54.0,27.0,nan,110.0
38,崙背,2016-10-03,75,nan,nan,nan,39.0,17.0,nan,75.0
39,新港,2016-10-03,69,7.0,nan,nan,48.0,14.0,nan,69.0
40,朴子,2016-10-03,65,9.0,nan,nan,47.0,13.0,nan,65.0
41,臺西,2016-10-03,28,19.0,nan,nan,28.0,24.0,nan,nan
42,嘉義,2016-10-03,102,10.0,nan,nan,56.0,29.0,nan,102.0
43,新營,2016-10-03,81,10.0,nan,nan,54.0,18.0,nan,81.0
44,善化,2016-10-03,85,14.0,nan,nan,48.0,14.0,nan,85.0
45,安南,2016-10-03,84,6.0,nan,nan,46.0,12.0,nan,84.0
46,臺南,2016-10-03,81,7.0,nan,nan,40.0,18.0,nan,81.0
47,美濃,2016-10-03,40,3.0,nan,nan,30.0,7.0,nan,40.0
48,橋頭,2016-10-03,54,13.0,nan,nan,44.0,24.0,nan,54.0
49,仁武,2016-10-03,71,11.0,nan,nan,53.0,22.0,nan,71.0
50,鳳山,2016-10-03,69,19.0,nan,nan,54.0,32.0,nan,69.0
51,大寮,2016-10-03,61,29.0,nan,nan,56.0,31.0,nan,61.0
52,林園,2016-10-03,66,17.0,nan,nan,30.0,27.0,nan,66.0
53,楠梓,2016-10-03,65,14.0,nan,nan,52.0,21.0,nan,65.0
54,左營,2016-10-03,86,13.0,nan,nan,48.0,25.0,nan,86.0
56,前金,2016-10-03,93,16.0,nan,nan,53.0,22.0,nan,93.0
57,前鎮,2016-10-03,84,46.0,nan,nan,51.0,36.0,nan,84.0
58,小港,2016-10-03,71,26.0,nan,nan,51.0,31.0,nan,71.0
59,屏東,2016-10-03,74,14.0,nan,nan,43.0,17.0,nan,74.0
60,潮州,2016-10-03,95,16.0,nan,nan,54.0,20.0,nan,95.0
61,恆春,2016-10-03,39,3.0,nan,nan,39.0,4.0,nan,35.0
3,萬里,2016-10-03,29,4.0,nan,nan,29.0,6.0,nan,nan
62,臺東,2016-10-03,20,3.0,nan,nan,20.0,10.0,nan,19.0
84,富貴角,2016-10-03,-1,nan,nan,nan,nan,nan,nan,nan
2,汐止,2016-10-03,31,16.0,nan,nan,12.0,24.0,nan,31.0
63,花蓮,2016-10-03,32,10.0,nan,nan,20.0,15.0,nan,32.0
69,竹山,2016-10-03,80,9.0,nan,nan,47.0,19.0,nan,80.0
70,永和,2016-10-03,42,7.0,nan,nan,19.0,42.0,nan,26.0
83,麥寮,2016-10-03,56,6.0,nan,nan,56.0,14.0,nan,52.0
71,復興,2016-10-03,89,62.0,nan,nan,43.0,45.0,nan,89.0
64,陽明,2016-10-03,35,10.0,1.0,nan,8.0,5.0,35.0,17.0
1,基隆,2016-10-03,29,24.0,nan,nan,17.0,15.0,nan,29.0
65,宜蘭,2016-10-03,29,4.0,nan,nan,29.0,8.0,nan,28.0
72,埔里,2016-10-03,76,4.0,nan,nan,43.0,17.0,nan,76.0
66,冬山,2016-10-03,40,11.0,nan,nan,33.0,15.0,nan,40.0
75,馬祖,2016-10-03,45,7.0,nan,nan,28.0,7.0,nan,45.0
78,馬公,2016-10-03,37,3.0,nan,nan,17.0,4.0,nan,37.0
67,三重,2016-10-03,33,7.0,nan,nan,32.0,33.0,nan,30.0
77,金門,2016-10-03,48,16.0,nan,nan,48.0,17.0,nan,31.0
68,中壢,2016-10-03,44,9.0,nan,nan,33.0,32.0,nan,44.0
80,關山,2016-10-03,13,1.0,nan,nan,13.0,5.0,nan,13.0
29,沙鹿,2016-10-03,84,6.0,nan,nan,50.0,24.0,nan,84.0
28,豐原,2016-10-03,79,9.0,nan,nan,35.0,nan,nan,79.0
27,三義,2016-10-03,36,6.0,nan,nan,36.0,12.0,nan,27.0
26,苗栗,2016-10-03,52,10.0,nan,nan,40.0,20.0,nan,52.0
25,頭份,2016-10-03,46,6.0,nan,nan,36.0,29.0,nan,46.0
24,新竹,2016-10-03,36,7.0,nan,nan,31.0,28.0,nan,36.0
23,竹東,2016-10-03,51,4.0,nan,nan,33.0,14.0,nan,51.0
22,湖口,2016-10-03,46,7.0,nan,nan,31.0,16.0,nan,46.0
21,龍潭,2016-10-03,46,10.0,nan,nan,34.0,26.0,nan,46.0
20,平鎮,2016-10-03,30,9.0,nan,nan,28.0,30.0,nan,26.0
19,觀音,2016-10-03,36,11.0,nan,nan,31.0,29.0,nan,36.0
18,大園,2016-10-03,37,9.0,nan,nan,25.0,26.0,nan,37.0
17,桃園,2016-10-03,37,13.0,nan,nan,25.0,24.0,nan,37.0
16,大同,2016-10-03,33,7.0,26.0,nan,32.0,33.0,nan,30.0
15,松山,2016-10-03,26,6.0,5.0,nan,19.0,25.0,16.0,26.0
14,古亭,2016-10-03,37,4.0,6.0,nan,20.0,25.0,21.0,37.0
13,萬華,2016-10-03,37,7.0,8.0,nan,20.0,27.0,18.0,37.0
12,中山,2016-10-03,31,9.0,8.0,nan,19.0,30.0,13.0,31.0
11,士林,2016-10-03,38,10.0,5.0,nan,29.0,23.0,19.0,38.0
10,淡水,2016-10-03,44,9.0,nan,nan,27.0,16.0,nan,44.0
9,林口,2016-10-03,39,7.0,nan,nan,28.0,11.0,nan,39.0
8,菜寮,2016-10-03,29,7.0,nan,nan,21.0,22.0,nan,29.0
7,新莊,2016-10-03,36,9.0,nan,nan,22.0,22.0,nan,36.0
6,板橋,2016-10-03,41,10.0,nan,nan,25.0,26.0,nan,41.0
5,土城,2016-10-03,30,9.0,nan,nan,22.0,21.0,nan,30.0
4,新店,2016-10-03,31,6.0,nan,nan,nan,18.0,nan,31.0
19,觀音,2016-10-04,60,43.0,nan,nan,38.0,45.0,nan,60.0
1,基隆,2016-10-04,51,10.0,nan,nan,24.0,22.0,nan,51.0
2,汐止,2016-10-04,60,13.0,nan,nan,26.0,30.0,nan,60.0
3,萬里,2016-10-04,61,3.0,nan,nan,61.0,13.0,nan,49.0
4,新店,2016-10-04,52,23.0,nan,nan,nan,35.0,nan,52.0
5,土城,2016-10-04,52,14.0,nan,nan,33.0,34.0,nan,52.0
6,板橋,2016-10-04,50,26.0,nan,nan,37.0,38.0,nan,50.0
7,新莊,2016-10-04,45,11.0,nan,nan,32.0,33.0,nan,45.0
8,菜寮,2016-10-04,49,13.0,nan,nan,31.0,24.0,nan,49.0
9,林口,2016-10-04,53,24.0,nan,nan,39.0,31.0,nan,53.0
10,淡水,2016-10-04,61,3.0,nan,nan,36.0,23.0,nan,61.0
11,士林,2016-10-04,51,21.0,6.0,nan,26.0,18.0,51.0,50.0
12,中山,2016-10-04,48,6.0,10.0,nan,31.0,42.0,40.0,48.0
13,萬華,2016-10-04,46,9.0,8.0,nan,30.0,40.0,39.0,46.0
14,古亭,2016-10-04,47,23.0,7.0,nan,28.0,37.0,45.0,47.0
15,松山,2016-10-04,53,13.0,8.0,nan,38.0,36.0,44.0,53.0
16,大同,2016-10-04,50,9.0,19.0,nan,43.0,47.0,nan,50.0
17,桃園,2016-10-04,54,23.0,nan,nan,31.0,33.0,nan,54.0
18,大園,2016-10-04,55,43.0,nan,nan,42.0,39.0,nan,55.0
20,平鎮,2016-10-04,46,21.0,nan,nan,39.0,45.0,nan,46.0
21,龍潭,2016-10-04,60,17.0,nan,nan,41.0,45.0,nan,60.0
22,湖口,2016-10-04,64,16.0,nan,nan,40.0,32.0,nan,64.0
23,竹東,2016-10-04,64,4.0,nan,nan,36.0,19.0,nan,64.0
24,新竹,2016-10-04,54,14.0,nan,nan,41.0,42.0,nan,54.0
25,頭份,2016-10-04,65,9.0,nan,nan,44.0,43.0,nan,65.0
26,苗栗,2016-10-04,61,9.0,nan,nan,44.0,28.0,nan,61.0
27,三義,2016-10-04,34,6.0,nan,nan,34.0,15.0,nan,30.0
28,豐原,2016-10-04,73,4.0,nan,nan,30.0,nan,nan,73.0
29,沙鹿,2016-10-04,63,6.0,nan,nan,43.0,32.0,nan,63.0
30,大里,2016-10-04,74,6.0,nan,nan,52.0,38.0,nan,74.0
31,忠明,2016-10-04,69,6.0,nan,nan,37.0,43.0,nan,69.0
32,西屯,2016-10-04,61,4.0,nan,nan,37.0,31.0,nan,61.0
33,彰化,2016-10-04,74,10.0,nan,nan,44.0,29.0,nan,74.0
34,線西,2016-10-04,84,9.0,nan,nan,42.0,29.0,nan,84.0
35,二林,2016-10-04,69,11.0,nan,nan,50.0,23.0,nan,69.0
36,南投,2016-10-04,99,4.0,nan,nan,57.0,30.0,nan,99.0
37,斗六,2016-10-04,100,9.0,nan,nan,50.0,24.0,nan,100.0
38,崙背,2016-10-04,106,nan,nan,nan,53.0,19.0,nan,106.0
39,新港,2016-10-04,91,7.0,nan,nan,54.0,17.0,nan,91.0
40,朴子,2016-10-04,97,9.0,nan,nan,58.0,20.0,nan,97.0
41,臺西,2016-10-04,80,20.0,nan,nan,40.0,31.0,nan,80.0
42,嘉義,2016-10-04,104,9.0,nan,nan,54.0,34.0,nan,104.0
43,新營,2016-10-04,86,10.0,nan,nan,54.0,20.0,nan,86.0
44,善化,2016-10-04,102,13.0,nan,nan,54.0,20.0,nan,102.0
45,安南,2016-10-04,104,9.0,nan,nan,56.0,19.0,nan,104.0
46,臺南,2016-10-04,96,7.0,nan,nan,45.0,20.0,nan,96.0
47,美濃,2016-10-04,51,6.0,nan,nan,34.0,8.0,nan,51.0
48,橋頭,2016-10-04,72,11.0,nan,nan,52.0,22.0,nan,72.0
49,仁武,2016-10-04,83,11.0,nan,nan,59.0,22.0,nan,83.0
50,鳳山,2016-10-04,83,19.0,nan,nan,59.0,31.0,nan,83.0
51,大寮,2016-10-04,56,20.0,nan,nan,50.0,33.0,nan,56.0
52,林園,2016-10-04,77,20.0,nan,nan,30.0,12.0,nan,77.0
53,楠梓,2016-10-04,76,13.0,nan,nan,62.0,26.0,nan,76.0
54,左營,2016-10-04,93,14.0,nan,nan,54.0,26.0,nan,93.0
56,前金,2016-10-04,90,54.0,nan,nan,54.0,33.0,nan,90.0
57,前鎮,2016-10-04,87,40.0,nan,nan,52.0,34.0,nan,87.0
58,小港,2016-10-04,81,67.0,nan,nan,52.0,40.0,nan,81.0
59,屏東,2016-10-04,86,11.0,nan,nan,44.0,15.0,nan,86.0
60,潮州,2016-10-04,74,6.0,nan,nan,46.0,10.0,nan,74.0
61,恆春,2016-10-04,31,3.0,nan,nan,31.0,2.0,nan,30.0
62,臺東,2016-10-04,23,3.0,nan,nan,22.0,8.0,nan,23.0
63,花蓮,2016-10-04,39,3.0,nan,nan,28.0,14.0,nan,39.0
64,陽明,2016-10-04,43,3.0,3.0,nan,nan,1.0,43.0,22.0
65,宜蘭,2016-10-04,44,9.0,nan,nan,44.0,11.0,nan,44.0
66,冬山,2016-10-04,38,10.0,nan,nan,36.0,19.0,nan,38.0
67,三重,2016-10-04,53,9.0,nan,nan,43.0,48.0,nan,53.0
68,中壢,2016-10-04,65,20.0,nan,nan,46.0,49.0,nan,65.0
69,竹山,2016-10-04,109,9.0,nan,nan,56.0,16.0,nan,109.0
70,永和,2016-10-04,45,19.0,nan,nan,30.0,44.0,nan,45.0
71,復興,2016-10-04,91,37.0,nan,nan,45.0,42.0,nan,91.0
72,埔里,2016-10-04,90,6.0,nan,nan,46.0,16.0,nan,90.0
75,馬祖,2016-10-04,65,9.0,nan,nan,32.0,9.0,nan,65.0
77,金門,2016-10-04,55,24.0,nan,nan,55.0,19.0,nan,50.0
84,富貴角,2016-10-04,-1,nan,nan,nan,nan,nan,nan,nan
78,馬公,2016-10-04,59,6.0,nan,nan,31.0,8.0,nan,59.0
80,關山,2016-10-04,16,3.0,nan,nan,11.0,6.0,nan,16.0
83,麥寮,2016-10-04,87,6.0,nan,nan,62.0,14.0,nan,87.0
36,南投,2016-10-05,120,10.0,nan,nan,68.0,27.0,nan,120.0
35,二林,2016-10-05,97,14.0,nan,nan,72.0,21.0,nan,97.0
34,線西,2016-10-05,121,19.0,nan,nan,66.0,34.0,nan,121.0
37,斗六,2016-10-05,114,13.0,nan,nan,64.0,26.0,nan,114.0
33,彰化,2016-10-05,123,16.0,nan,nan,67.0,25.0,nan,123.0
38,崙背,2016-10-05,133,10.0,nan,nan,66.0,21.0,nan,133.0
32,西屯,2016-10-05,112,7.0,nan,nan,60.0,39.0,nan,112.0
39,新港,2016-10-05,93,10.0,nan,nan,63.0,13.0,nan,93.0
40,朴子,2016-10-05,107,13.0,nan,107.0,68.0,17.0,nan,104.0
31,忠明,2016-10-05,106,7.0,nan,nan,57.0,29.0,nan,106.0
41,臺西,2016-10-05,91,26.0,nan,nan,49.0,25.0,nan,91.0
30,大里,2016-10-05,107,10.0,nan,nan,67.0,33.0,nan,107.0
42,嘉義,2016-10-05,110,9.0,nan,nan,64.0,26.0,nan,110.0
29,沙鹿,2016-10-05,76,7.0,nan,nan,61.0,32.0,nan,76.0
43,新營,2016-10-05,106,11.0,nan,106.0,64.0,17.0,nan,99.0
28,豐原,2016-10-05,89,10.0,nan,nan,44.0,nan,nan,89.0
27,三義,2016-10-05,54,4.0,nan,nan,47.0,17.0,nan,54.0
44,善化,2016-10-05,119,9.0,nan,104.0,58.0,15.0,nan,119.0
45,安南,2016-10-05,110,11.0,nan,nan,59.0,25.0,nan,110.0
26,苗栗,2016-10-05,55,6.0,nan,nan,44.0,22.0,nan,55.0
46,臺南,2016-10-05,91,9.0,nan,nan,42.0,19.0,nan,91.0
25,頭份,2016-10-05,46,6.0,nan,nan,32.0,27.0,nan,46.0
47,美濃,2016-10-05,66,9.0,nan,nan,43.0,15.0,nan,66.0
24,新竹,2016-10-05,37,11.0,nan,nan,32.0,27.0,nan,37.0
48,橋頭,2016-10-05,62,11.0,nan,nan,44.0,29.0,nan,62.0
23,竹東,2016-10-05,57,3.0,nan,nan,29.0,9.0,nan,57.0
49,仁武,2016-10-05,72,10.0,nan,nan,46.0,29.0,nan,72.0
22,湖口,2016-10-05,45,7.0,nan,nan,30.0,15.0,nan,45.0
50,鳳山,2016-10-05,66,13.0,nan,nan,48.0,41.0,nan,66.0
21,龍潭,2016-10-05,41,6.0,nan,nan,35.0,18.0,nan,41.0
83,麥寮,2016-10-05,92,9.0,nan,nan,91.0,17.0,nan,92.0
51,大寮,2016-10-05,57,11.0,nan,nan,42.0,22.0,nan,57.0
20,平鎮,2016-10-05,33,9.0,nan,nan,31.0,16.0,nan,33.0
19,觀音,2016-10-05,60,34.0,nan,nan,48.0,42.0,nan,60.0
80,關山,2016-10-05,20,3.0,nan,nan,14.0,7.0,nan,20.0
18,大園,2016-10-05,52,19.0,nan,nan,40.0,23.0,nan,52.0
84,富貴角,2016-10-05,-1,nan,nan,nan,nan,nan,nan,nan
17,桃園,2016-10-05,32,13.0,nan,nan,28.0,18.0,nan,32.0
52,林園,2016-10-05,68,19.0,nan,nan,25.0,17.0,nan,68.0
16,大同,2016-10-05,41,16.0,11.0,nan,40.0,31.0,nan,41.0
78,馬公,2016-10-05,56,4.0,nan,nan,24.0,7.0,nan,56.0
15,松山,2016-10-05,50,9.0,3.0,nan,26.0,21.0,29.0,50.0
77,金門,2016-10-05,41,10.0,nan,nan,39.0,11.0,nan,41.0
53,楠梓,2016-10-05,67,13.0,nan,nan,52.0,30.0,nan,67.0
14,古亭,2016-10-05,40,4.0,5.0,nan,28.0,22.0,31.0,40.0
13,萬華,2016-10-05,47,13.0,5.0,nan,28.0,24.0,26.0,47.0
75,馬祖,2016-10-05,66,6.0,nan,nan,37.0,9.0,nan,66.0
12,中山,2016-10-05,43,14.0,6.0,nan,31.0,25.0,29.0,43.0
11,士林,2016-10-05,48,29.0,2.0,nan,27.0,19.0,33.0,48.0
10,淡水,2016-10-05,53,6.0,nan,nan,28.0,23.0,nan,53.0
54,左營,2016-10-05,74,21.0,nan,nan,39.0,25.0,nan,74.0
9,林口,2016-10-05,50,11.0,nan,nan,37.0,20.0,nan,50.0
8,菜寮,2016-10-05,33,16.0,nan,nan,28.0,18.0,nan,33.0
72,埔里,2016-10-05,105,6.0,nan,nan,52.0,20.0,nan,105.0
56,前金,2016-10-05,66,43.0,nan,nan,36.0,27.0,nan,66.0
71,復興,2016-10-05,69,46.0,nan,nan,32.0,36.0,nan,69.0
7,新莊,2016-10-05,43,17.0,nan,nan,34.0,16.0,nan,43.0
70,永和,2016-10-05,39,4.0,nan,nan,24.0,19.0,nan,39.0
6,板橋,2016-10-05,35,13.0,nan,nan,31.0,20.0,nan,35.0
57,前鎮,2016-10-05,68,49.0,nan,nan,40.0,34.0,nan,68.0
5,土城,2016-10-05,35,4.0,nan,nan,25.0,15.0,nan,35.0
69,竹山,2016-10-05,123,13.0,nan,nan,64.0,21.0,nan,123.0
58,小港,2016-10-05,67,41.0,nan,nan,43.0,33.0,nan,67.0
68,中壢,2016-10-05,45,9.0,nan,nan,40.0,25.0,nan,45.0
59,屏東,2016-10-05,88,9.0,nan,nan,44.0,26.0,nan,88.0
4,新店,2016-10-05,47,3.0,nan,nan,18.0,14.0,nan,47.0
67,三重,2016-10-05,46,14.0,nan,nan,42.0,35.0,nan,46.0
3,萬里,2016-10-05,59,10.0,nan,nan,59.0,11.0,nan,49.0
66,冬山,2016-10-05,35,7.0,nan,nan,33.0,12.0,nan,35.0
2,汐止,2016-10-05,39,4.0,nan,nan,25.0,22.0,nan,39.0
60,潮州,2016-10-05,76,16.0,nan,nan,47.0,20.0,nan,76.0
65,宜蘭,2016-10-05,42,3.0,nan,nan,42.0,8.0,nan,35.0
1,基隆,2016-10-05,41,3.0,nan,nan,23.0,10.0,nan,41.0
61,恆春,2016-10-05,34,3.0,nan,nan,34.0,3.0,nan,29.0
64,陽明,2016-10-05,35,4.0,1.0,nan,nan,2.0,35.0,22.0
62,臺東,2016-10-05,37,3.0,nan,nan,37.0,8.0,nan,24.0
63,花蓮,2016-10-05,52,6.0,nan,nan,31.0,17.0,nan,52.0
83,麥寮,2016-10-06,92,9.0,nan,nan,68.0,17.0,nan,92.0
1,基隆,2016-10-06,9,1.0,nan,nan,9.0,9.0,nan,8.0
2,汐止,2016-10-06,9,3.0,nan,nan,6.0,9.0,nan,9.0
3,萬里,2016-10-06,26,13.0,nan,nan,26.0,8.0,nan,23.0
4,新店,2016-10-06,14,3.0,nan,nan,5.0,8.0,nan,14.0
5,土城,2016-10-06,11,3.0,nan,nan,8.0,10.0,nan,11.0
6,板橋,2016-10-06,14,6.0,nan,nan,14.0,14.0,nan,6.0
7,新莊,2016-10-06,15,9.0,nan,nan,15.0,14.0,nan,10.0
8,菜寮,2016-10-06,19,10.0,nan,nan,8.0,11.0,nan,19.0
9,林口,2016-10-06,19,7.0,nan,nan,19.0,12.0,nan,19.0
10,淡水,2016-10-06,22,3.0,nan,nan,10.0,4.0,nan,22.0
11,士林,2016-10-06,17,6.0,1.0,nan,13.0,7.0,14.0,17.0
12,中山,2016-10-06,15,11.0,6.0,nan,13.0,15.0,8.0,14.0
13,萬華,2016-10-06,18,14.0,5.0,nan,15.0,15.0,9.0,18.0
14,古亭,2016-10-06,13,3.0,3.0,nan,8.0,13.0,12.0,12.0
15,松山,2016-10-06,22,3.0,3.0,nan,14.0,11.0,12.0,22.0
16,大同,2016-10-06,24,10.0,11.0,nan,24.0,16.0,nan,21.0
17,桃園,2016-10-06,16,10.0,nan,nan,15.0,13.0,nan,16.0
18,大園,2016-10-06,19,7.0,nan,nan,19.0,14.0,nan,18.0
19,觀音,2016-10-06,28,11.0,nan,nan,28.0,13.0,nan,22.0
20,平鎮,2016-10-06,19,7.0,nan,nan,19.0,10.0,nan,10.0
21,龍潭,2016-10-06,20,4.0,nan,nan,20.0,8.0,nan,20.0
22,湖口,2016-10-06,43,7.0,nan,nan,25.0,9.0,nan,43.0
23,竹東,2016-10-06,109,9.0,nan,nan,51.0,20.0,nan,109.0
24,新竹,2016-10-06,57,10.0,nan,nan,37.0,33.0,nan,57.0
25,頭份,2016-10-06,82,11.0,nan,nan,50.0,23.0,nan,82.0
26,苗栗,2016-10-06,94,9.0,nan,nan,53.0,20.0,nan,94.0
27,三義,2016-10-06,89,6.0,nan,nan,56.0,17.0,nan,89.0
28,豐原,2016-10-06,125,9.0,nan,nan,54.0,12.0,nan,125.0
29,沙鹿,2016-10-06,113,10.0,nan,nan,65.0,31.0,nan,113.0
30,大里,2016-10-06,115,7.0,nan,nan,65.0,26.0,nan,115.0
31,忠明,2016-10-06,128,7.0,nan,nan,60.0,28.0,nan,128.0
32,西屯,2016-10-06,134,10.0,nan,nan,62.0,42.0,nan,134.0
33,彰化,2016-10-06,118,34.0,nan,nan,62.0,24.0,nan,118.0
34,線西,2016-10-06,129,17.0,nan,nan,58.0,22.0,nan,129.0
35,二林,2016-10-06,98,11.0,nan,nan,67.0,18.0,nan,98.0
36,南投,2016-10-06,117,3.0,nan,nan,58.0,18.0,nan,117.0
37,斗六,2016-10-06,117,7.0,nan,nan,58.0,24.0,nan,117.0
38,崙背,2016-10-06,118,6.0,nan,nan,59.0,17.0,nan,118.0
39,新港,2016-10-06,91,7.0,nan,nan,57.0,13.0,nan,91.0
40,朴子,2016-10-06,89,6.0,nan,nan,61.0,13.0,nan,89.0
41,臺西,2016-10-06,89,9.0,nan,nan,52.0,22.0,nan,89.0
42,嘉義,2016-10-06,101,9.0,nan,nan,56.0,16.0,nan,101.0
43,新營,2016-10-06,97,7.0,nan,nan,55.0,15.0,nan,97.0
44,善化,2016-10-06,91,7.0,nan,nan,44.0,13.0,nan,91.0
45,安南,2016-10-06,96,13.0,nan,nan,52.0,21.0,nan,96.0
46,臺南,2016-10-06,92,11.0,nan,nan,43.0,31.0,nan,92.0
47,美濃,2016-10-06,47,4.0,nan,nan,29.0,7.0,nan,47.0
48,橋頭,2016-10-06,67,7.0,nan,nan,47.0,30.0,nan,67.0
49,仁武,2016-10-06,79,11.0,nan,nan,54.0,38.0,nan,79.0
50,鳳山,2016-10-06,70,9.0,nan,nan,55.0,37.0,nan,70.0
51,大寮,2016-10-06,61,9.0,nan,nan,49.0,31.0,nan,61.0
52,林園,2016-10-06,68,11.0,nan,nan,26.0,27.0,nan,68.0
53,楠梓,2016-10-06,76,13.0,nan,nan,55.0,35.0,nan,76.0
54,左營,2016-10-06,86,14.0,nan,nan,47.0,30.0,nan,86.0
56,前金,2016-10-06,83,43.0,nan,nan,43.0,42.0,nan,83.0
57,前鎮,2016-10-06,82,27.0,nan,nan,48.0,49.0,nan,82.0
58,小港,2016-10-06,72,49.0,nan,nan,48.0,47.0,nan,72.0
59,屏東,2016-10-06,92,4.0,nan,nan,40.0,27.0,nan,92.0
60,潮州,2016-10-06,63,7.0,nan,nan,41.0,21.0,nan,63.0
61,恆春,2016-10-06,27,1.0,nan,nan,27.0,2.0,nan,11.0
62,臺東,2016-10-06,14,3.0,nan,nan,14.0,6.0,nan,8.0
63,花蓮,2016-10-06,23,7.0,nan,nan,16.0,13.0,nan,23.0
64,陽明,2016-10-06,12,6.0,1.0,nan,nan,2.0,12.0,nan
65,宜蘭,2016-10-06,22,3.0,nan,nan,22.0,7.0,nan,11.0
66,冬山,2016-10-06,19,19.0,nan,nan,18.0,12.0,nan,8.0
67,三重,2016-10-06,34,7.0,nan,nan,34.0,21.0,nan,18.0
68,中壢,2016-10-06,30,9.0,nan,nan,30.0,17.0,nan,16.0
69,竹山,2016-10-06,116,6.0,nan,nan,60.0,14.0,nan,116.0
70,永和,2016-10-06,11,3.0,nan,nan,10.0,11.0,nan,10.0
71,復興,2016-10-06,72,50.0,nan,nan,40.0,64.0,nan,72.0
72,埔里,2016-10-06,82,4.0,nan,nan,36.0,12.0,nan,82.0
75,馬祖,2016-10-06,50,6.0,nan,nan,41.0,3.0,nan,50.0
77,金門,2016-10-06,35,6.0,nan,nan,35.0,11.0,nan,30.0
78,馬公,2016-10-06,44,10.0,nan,nan,34.0,13.0,nan,44.0
80,關山,2016-10-06,14,3.0,nan,nan,6.0,6.0,nan,14.0
84,富貴角,2016-10-06,-1,nan,nan,nan,nan,nan,nan,nan
54,左營,2016-10-07,91,23.0,nan,nan,45.0,41.0,nan,91.0
53,楠梓,2016-10-07,55,13.0,nan,nan,49.0,40.0,nan,55.0
52,林園,2016-10-07,51,10.0,nan,nan,19.0,13.0,nan,51.0
51,大寮,2016-10-07,46,16.0,nan,nan,40.0,21.0,nan,46.0
50,鳳山,2016-10-07,66,11.0,nan,nan,57.0,27.0,nan,66.0
49,仁武,2016-10-07,76,14.0,nan,nan,50.0,29.0,nan,76.0
48,橋頭,2016-10-07,52,9.0,nan,nan,39.0,26.0,nan,52.0
47,美濃,2016-10-07,20,1.0,nan,nan,14.0,7.0,nan,20.0
46,臺南,2016-10-07,79,9.0,nan,nan,39.0,25.0,nan,79.0
45,安南,2016-10-07,77,7.0,nan,nan,44.0,25.0,nan,77.0
44,善化,2016-10-07,56,14.0,nan,nan,27.0,nan,nan,56.0
43,新營,2016-10-07,54,11.0,nan,nan,33.0,14.0,nan,54.0
42,嘉義,2016-10-07,44,3.0,nan,nan,28.0,22.0,nan,44.0
41,臺西,2016-10-07,56,6.0,nan,nan,29.0,10.0,nan,56.0
40,朴子,2016-10-07,63,7.0,nan,nan,48.0,13.0,nan,63.0
39,新港,2016-10-07,59,16.0,nan,nan,35.0,15.0,nan,59.0
38,崙背,2016-10-07,91,4.0,nan,nan,42.0,12.0,nan,91.0
37,斗六,2016-10-07,55,7.0,nan,nan,32.0,17.0,nan,55.0
36,南投,2016-10-07,65,4.0,nan,nan,36.0,14.0,nan,65.0
35,二林,2016-10-07,65,6.0,nan,nan,52.0,16.0,nan,65.0
34,線西,2016-10-07,100,9.0,nan,nan,50.0,20.0,nan,100.0
33,彰化,2016-10-07,97,11.0,nan,nan,52.0,19.0,nan,97.0
83,麥寮,2016-10-07,63,4.0,nan,nan,53.0,14.0,nan,63.0
80,關山,2016-10-07,13,1.0,nan,nan,5.0,7.0,nan,13.0
78,馬公,2016-10-07,44,7.0,nan,nan,24.0,18.0,nan,44.0
77,金門,2016-10-07,31,14.0,nan,nan,31.0,15.0,nan,31.0
75,馬祖,2016-10-07,28,4.0,nan,nan,28.0,4.0,nan,27.0
72,埔里,2016-10-07,60,6.0,nan,nan,31.0,12.0,nan,60.0
71,復興,2016-10-07,60,30.0,nan,nan,33.0,47.0,nan,60.0
70,永和,2016-10-07,19,4.0,nan,nan,7.0,19.0,nan,9.0
69,竹山,2016-10-07,40,6.0,nan,nan,28.0,12.0,nan,40.0
10,淡水,2016-10-07,19,3.0,nan,nan,8.0,15.0,nan,19.0
68,中壢,2016-10-07,28,11.0,nan,nan,28.0,28.0,nan,27.0
67,三重,2016-10-07,28,7.0,nan,nan,26.0,28.0,nan,21.0
66,冬山,2016-10-07,15,9.0,nan,nan,6.0,15.0,nan,9.0
11,士林,2016-10-07,20,3.0,3.0,nan,7.0,15.0,15.0,20.0
65,宜蘭,2016-10-07,19,4.0,nan,nan,19.0,17.0,nan,6.0
12,中山,2016-10-07,24,6.0,12.0,nan,11.0,24.0,10.0,14.0
64,陽明,2016-10-07,15,4.0,1.0,nan,5.0,7.0,15.0,5.0
1,基隆,2016-10-07,8,1.0,nan,nan,6.0,8.0,nan,5.0
2,汐止,2016-10-07,17,4.0,nan,nan,5.0,17.0,nan,6.0
63,花蓮,2016-10-07,20,3.0,nan,nan,6.0,14.0,nan,20.0
13,萬華,2016-10-07,22,7.0,9.0,nan,13.0,22.0,10.0,17.0
3,萬里,2016-10-07,16,16.0,nan,nan,7.0,9.0,nan,14.0
14,古亭,2016-10-07,20,4.0,7.0,nan,7.0,20.0,13.0,8.0
62,臺東,2016-10-07,9,3.0,nan,nan,6.0,9.0,nan,6.0
4,新店,2016-10-07,17,3.0,nan,nan,5.0,17.0,nan,17.0
15,松山,2016-10-07,19,4.0,6.0,nan,9.0,19.0,12.0,17.0
61,恆春,2016-10-07,23,3.0,nan,nan,23.0,3.0,nan,16.0
16,大同,2016-10-07,26,7.0,26.0,nan,24.0,23.0,nan,25.0
5,土城,2016-10-07,17,6.0,nan,nan,9.0,17.0,nan,7.0
60,潮州,2016-10-07,55,6.0,nan,nan,36.0,8.0,nan,55.0
17,桃園,2016-10-07,27,9.0,nan,nan,14.0,19.0,nan,27.0
6,板橋,2016-10-07,21,9.0,nan,nan,11.0,21.0,nan,8.0
7,新莊,2016-10-07,23,6.0,nan,nan,9.0,23.0,nan,19.0
18,大園,2016-10-07,24,9.0,nan,nan,19.0,21.0,nan,24.0
19,觀音,2016-10-07,50,9.0,nan,nan,29.0,22.0,nan,50.0
20,平鎮,2016-10-07,22,10.0,nan,nan,19.0,22.0,nan,17.0
59,屏東,2016-10-07,60,3.0,nan,nan,30.0,19.0,nan,60.0
8,菜寮,2016-10-07,20,6.0,nan,nan,6.0,20.0,nan,17.0
21,龍潭,2016-10-07,38,7.0,nan,nan,28.0,20.0,nan,38.0
58,小港,2016-10-07,46,46.0,nan,nan,21.0,37.0,nan,8.0
22,湖口,2016-10-07,67,13.0,nan,nan,37.0,32.0,nan,67.0
9,林口,2016-10-07,21,10.0,nan,nan,18.0,21.0,nan,17.0
23,竹東,2016-10-07,74,7.0,nan,nan,39.0,18.0,nan,74.0
24,新竹,2016-10-07,84,7.0,nan,nan,52.0,37.0,nan,84.0
25,頭份,2016-10-07,68,6.0,nan,nan,47.0,24.0,nan,68.0
26,苗栗,2016-10-07,88,4.0,nan,nan,49.0,22.0,nan,88.0
27,三義,2016-10-07,65,4.0,nan,nan,45.0,13.0,nan,65.0
28,豐原,2016-10-07,91,6.0,nan,nan,38.0,12.0,nan,91.0
29,沙鹿,2016-10-07,95,13.0,nan,nan,62.0,40.0,nan,95.0
30,大里,2016-10-07,82,7.0,nan,nan,55.0,28.0,nan,82.0
31,忠明,2016-10-07,96,9.0,nan,nan,49.0,36.0,nan,96.0
32,西屯,2016-10-07,98,7.0,nan,nan,54.0,40.0,nan,98.0
57,前鎮,2016-10-07,62,27.0,nan,nan,36.0,42.0,nan,62.0
84,富貴角,2016-10-07,-1,nan,nan,nan,nan,nan,nan,nan
56,前金,2016-10-07,84,27.0,nan,nan,43.0,41.0,nan,84.0
59,屏東,2016-10-08,21,4.0,nan,nan,18.0,19.0,nan,21.0
64,陽明,2016-10-08,21,4.0,2.0,nan,9.0,16.0,19.0,21.0
78,馬公,2016-10-08,23,13.0,nan,nan,5.0,11.0,nan,23.0
80,關山,2016-10-08,14,3.0,nan,nan,6.0,7.0,nan,14.0
54,左營,2016-10-08,22,11.0,nan,nan,21.0,22.0,nan,19.0
83,麥寮,2016-10-08,31,6.0,nan,nan,31.0,18.0,nan,29.0
65,宜蘭,2016-10-08,22,3.0,nan,nan,22.0,10.0,nan,8.0
66,冬山,2016-10-08,15,4.0,nan,nan,15.0,14.0,nan,7.0
67,三重,2016-10-08,55,9.0,nan,nan,37.0,55.0,nan,42.0
56,前金,2016-10-08,21,19.0,nan,nan,17.0,21.0,nan,21.0
60,潮州,2016-10-08,17,7.0,nan,nan,15.0,8.0,nan,17.0
68,中壢,2016-10-08,50,7.0,nan,nan,39.0,46.0,nan,50.0
57,前鎮,2016-10-08,20,16.0,nan,nan,15.0,20.0,nan,11.0
69,竹山,2016-10-08,21,6.0,nan,nan,19.0,17.0,nan,21.0
61,恆春,2016-10-08,28,1.0,nan,nan,28.0,2.0,nan,11.0
53,楠梓,2016-10-08,22,20.0,nan,nan,20.0,22.0,nan,20.0
70,永和,2016-10-08,47,21.0,nan,nan,20.0,47.0,nan,38.0
62,臺東,2016-10-08,18,1.0,nan,nan,8.0,18.0,nan,7.0
58,小港,2016-10-08,60,60.0,nan,nan,33.0,26.0,nan,33.0
71,復興,2016-10-08,20,20.0,nan,nan,10.0,19.0,nan,7.0
63,花蓮,2016-10-08,17,4.0,nan,nan,7.0,17.0,nan,13.0
72,埔里,2016-10-08,33,6.0,nan,nan,17.0,14.0,nan,33.0
52,林園,2016-10-08,20,4.0,nan,nan,20.0,5.0,nan,6.0
51,大寮,2016-10-08,13,3.0,nan,nan,13.0,8.0,nan,4.0
50,鳳山,2016-10-08,17,7.0,nan,nan,nan,17.0,nan,17.0
49,仁武,2016-10-08,19,4.0,nan,nan,19.0,18.0,nan,16.0
48,橋頭,2016-10-08,18,7.0,nan,nan,10.0,18.0,nan,13.0
47,美濃,2016-10-08,10,3.0,nan,nan,6.0,7.0,nan,10.0
46,臺南,2016-10-08,19,4.0,nan,nan,12.0,19.0,nan,17.0
45,安南,2016-10-08,19,6.0,nan,nan,19.0,14.0,nan,18.0
44,善化,2016-10-08,11,7.0,nan,nan,11.0,10.0,nan,10.0
43,新營,2016-10-08,19,4.0,nan,nan,19.0,17.0,nan,19.0
42,嘉義,2016-10-08,26,4.0,nan,nan,17.0,21.0,nan,26.0
41,臺西,2016-10-08,24,4.0,nan,nan,15.0,20.0,nan,24.0
40,朴子,2016-10-08,25,4.0,nan,nan,23.0,13.0,nan,25.0
39,新港,2016-10-08,24,6.0,nan,nan,22.0,13.0,nan,24.0
38,崙背,2016-10-08,42,4.0,nan,nan,20.0,17.0,nan,42.0
37,斗六,2016-10-08,20,4.0,nan,nan,20.0,15.0,nan,17.0
36,南投,2016-10-08,23,6.0,nan,nan,23.0,22.0,nan,nan
35,二林,2016-10-08,22,7.0,nan,nan,22.0,19.0,nan,20.0
34,線西,2016-10-08,47,7.0,nan,nan,25.0,18.0,nan,47.0
33,彰化,2016-10-08,32,6.0,nan,nan,23.0,25.0,nan,32.0
32,西屯,2016-10-08,26,3.0,nan,nan,21.0,19.0,nan,26.0
31,忠明,2016-10-08,25,4.0,nan,nan,11.0,25.0,nan,20.0
30,大里,2016-10-08,22,6.0,nan,nan,19.0,22.0,nan,22.0
29,沙鹿,2016-10-08,35,7.0,nan,nan,26.0,17.0,nan,35.0
28,豐原,2016-10-08,31,6.0,nan,nan,19.0,23.0,nan,31.0
27,三義,2016-10-08,32,9.0,nan,nan,31.0,23.0,nan,32.0
26,苗栗,2016-10-08,52,6.0,nan,nan,34.0,26.0,nan,52.0
25,頭份,2016-10-08,45,10.0,nan,nan,35.0,25.0,nan,45.0
24,新竹,2016-10-08,38,7.0,nan,nan,31.0,27.0,nan,38.0
23,竹東,2016-10-08,53,6.0,nan,nan,26.0,12.0,nan,53.0
22,湖口,2016-10-08,59,7.0,nan,nan,31.0,24.0,nan,59.0
21,龍潭,2016-10-08,37,9.0,nan,nan,28.0,25.0,nan,37.0
20,平鎮,2016-10-08,44,7.0,nan,nan,31.0,25.0,nan,44.0
19,觀音,2016-10-08,54,16.0,nan,nan,38.0,27.0,nan,54.0
18,大園,2016-10-08,59,19.0,nan,nan,36.0,30.0,nan,59.0
17,桃園,2016-10-08,46,21.0,nan,nan,25.0,23.0,nan,46.0
16,大同,2016-10-08,44,9.0,18.0,nan,36.0,44.0,nan,43.0
15,松山,2016-10-08,39,7.0,7.0,nan,22.0,30.0,34.0,39.0
14,古亭,2016-10-08,41,14.0,7.0,nan,19.0,41.0,39.0,41.0
13,萬華,2016-10-08,42,9.0,8.0,nan,21.0,41.0,28.0,42.0
12,中山,2016-10-08,40,7.0,10.0,nan,23.0,40.0,31.0,38.0
11,士林,2016-10-08,41,7.0,5.0,nan,21.0,19.0,41.0,39.0
10,淡水,2016-10-08,51,7.0,nan,nan,28.0,20.0,nan,51.0
9,林口,2016-10-08,55,6.0,nan,nan,36.0,22.0,nan,55.0
8,菜寮,2016-10-08,41,6.0,nan,nan,19.0,31.0,nan,41.0
7,新莊,2016-10-08,52,9.0,nan,nan,26.0,39.0,nan,52.0
6,板橋,2016-10-08,48,16.0,nan,nan,26.0,36.0,nan,48.0
5,土城,2016-10-08,37,14.0,nan,nan,26.0,30.0,nan,37.0
4,新店,2016-10-08,41,4.0,nan,nan,12.0,28.0,nan,41.0
3,萬里,2016-10-08,30,6.0,nan,nan,28.0,12.0,nan,30.0
2,汐止,2016-10-08,23,17.0,nan,nan,14.0,22.0,nan,23.0
1,基隆,2016-10-08,25,14.0,nan,nan,14.0,15.0,nan,25.0
84,富貴角,2016-10-08,-1,nan,nan,nan,nan,nan,nan,nan
75,馬祖,2016-10-08,24,9.0,nan,nan,24.0,8.0,nan,21.0
77,金門,2016-10-08,33,11.0,nan,nan,26.0,12.0,nan,33.0
84,富貴角,2016-10-09,-1,nan,nan,nan,nan,nan,nan,nan
29,沙鹿,2016-10-09,23,4.0,nan,nan,23.0,8.0,nan,17.0
30,大里,2016-10-09,20,3.0,nan,nan,12.0,15.0,nan,20.0
31,忠明,2016-10-09,28,3.0,nan,nan,12.0,16.0,nan,28.0
32,西屯,2016-10-09,21,3.0,nan,nan,19.0,9.0,nan,21.0
33,彰化,2016-10-09,27,3.0,nan,nan,18.0,12.0,nan,27.0
34,線西,2016-10-09,48,9.0,nan,nan,23.0,11.0,nan,48.0
35,二林,2016-10-09,18,7.0,nan,nan,18.0,10.0,nan,16.0
36,南投,2016-10-09,28,3.0,nan,nan,28.0,17.0,nan,nan
37,斗六,2016-10-09,31,6.0,nan,nan,27.0,20.0,nan,31.0
38,崙背,2016-10-09,45,4.0,nan,nan,27.0,18.0,nan,45.0
39,新港,2016-10-09,36,6.0,nan,nan,28.0,14.0,nan,36.0
40,朴子,2016-10-09,41,6.0,nan,nan,34.0,15.0,nan,41.0
41,臺西,2016-10-09,37,13.0,nan,nan,22.0,18.0,nan,37.0
42,嘉義,2016-10-09,56,7.0,nan,nan,31.0,19.0,nan,56.0
43,新營,2016-10-09,33,4.0,nan,nan,30.0,15.0,nan,33.0
44,善化,2016-10-09,46,4.0,nan,nan,24.0,12.0,nan,46.0
45,安南,2016-10-09,55,6.0,nan,nan,30.0,17.0,nan,55.0
46,臺南,2016-10-09,49,4.0,nan,nan,20.0,21.0,nan,49.0
47,美濃,2016-10-09,11,3.0,nan,nan,9.0,11.0,nan,10.0
48,橋頭,2016-10-09,26,4.0,nan,nan,21.0,13.0,nan,26.0
49,仁武,2016-10-09,30,7.0,nan,nan,23.0,22.0,nan,30.0
50,鳳山,2016-10-09,35,10.0,nan,nan,35.0,24.0,nan,22.0
51,大寮,2016-10-09,22,6.0,nan,nan,22.0,16.0,nan,11.0
52,林園,2016-10-09,24,7.0,nan,nan,24.0,13.0,nan,20.0
53,楠梓,2016-10-09,28,9.0,nan,nan,28.0,15.0,nan,21.0
54,左營,2016-10-09,36,9.0,nan,nan,26.0,23.0,nan,36.0
56,前金,2016-10-09,36,10.0,nan,nan,24.0,26.0,nan,36.0
57,前鎮,2016-10-09,30,10.0,nan,nan,20.0,28.0,nan,30.0
58,小港,2016-10-09,33,33.0,nan,nan,29.0,29.0,nan,33.0
59,屏東,2016-10-09,28,3.0,nan,nan,19.0,16.0,nan,28.0
60,潮州,2016-10-09,20,6.0,nan,nan,20.0,8.0,nan,14.0
61,恆春,2016-10-09,26,3.0,nan,nan,26.0,3.0,nan,3.0
62,臺東,2016-10-09,11,3.0,nan,nan,8.0,10.0,nan,11.0
63,花蓮,2016-10-09,20,3.0,nan,nan,8.0,16.0,nan,20.0
64,陽明,2016-10-09,24,3.0,2.0,nan,5.0,11.0,24.0,4.0
65,宜蘭,2016-10-09,17,1.0,nan,nan,14.0,17.0,nan,6.0
66,冬山,2016-10-09,15,4.0,nan,nan,7.0,15.0,nan,4.0
67,三重,2016-10-09,42,6.0,nan,nan,22.0,42.0,nan,27.0
68,中壢,2016-10-09,29,4.0,nan,nan,23.0,29.0,nan,12.0
69,竹山,2016-10-09,38,4.0,nan,nan,29.0,14.0,nan,38.0
4,新店,2016-10-09,33,6.0,nan,nan,6.0,14.0,nan,33.0
7,新莊,2016-10-09,14,3.0,nan,nan,6.0,14.0,nan,9.0
1,基隆,2016-10-09,19,1.0,nan,nan,18.0,5.0,nan,19.0
28,豐原,2016-10-09,30,4.0,nan,nan,10.0,8.0,nan,30.0
83,麥寮,2016-10-09,48,10.0,nan,nan,39.0,14.0,nan,48.0
80,關山,2016-10-09,13,1.0,nan,nan,6.0,7.0,nan,13.0
78,馬公,2016-10-09,29,6.0,nan,nan,25.0,6.0,nan,29.0
77,金門,2016-10-09,20,4.0,nan,nan,19.0,8.0,nan,20.0
75,馬祖,2016-10-09,41,4.0,nan,nan,31.0,3.0,nan,41.0
72,埔里,2016-10-09,41,4.0,nan,nan,21.0,17.0,nan,41.0
71,復興,2016-10-09,28,14.0,nan,nan,19.0,28.0,nan,26.0
70,永和,2016-10-09,24,3.0,nan,nan,7.0,24.0,nan,10.0
3,萬里,2016-10-09,52,3.0,nan,nan,52.0,3.0,nan,20.0
8,菜寮,2016-10-09,25,4.0,nan,nan,7.0,25.0,nan,20.0
5,土城,2016-10-09,18,3.0,nan,nan,14.0,18.0,nan,15.0
9,林口,2016-10-09,19,1.0,nan,nan,19.0,5.0,nan,17.0
2,汐止,2016-10-09,8,4.0,nan,nan,6.0,8.0,nan,4.0
10,淡水,2016-10-09,24,3.0,nan,nan,13.0,3.0,nan,24.0
11,士林,2016-10-09,46,3.0,5.0,nan,12.0,25.0,46.0,14.0
6,板橋,2016-10-09,23,4.0,nan,nan,13.0,23.0,nan,23.0
12,中山,2016-10-09,40,3.0,6.0,nan,6.0,25.0,40.0,12.0
13,萬華,2016-10-09,31,3.0,8.0,nan,10.0,31.0,10.0,15.0
14,古亭,2016-10-09,42,1.0,5.0,nan,8.0,21.0,42.0,19.0
15,松山,2016-10-09,41,3.0,3.0,nan,10.0,25.0,41.0,14.0
16,大同,2016-10-09,38,6.0,22.0,nan,25.0,38.0,nan,23.0
17,桃園,2016-10-09,17,4.0,nan,nan,11.0,13.0,nan,17.0
18,大園,2016-10-09,22,6.0,nan,nan,20.0,22.0,nan,20.0
19,觀音,2016-10-09,26,10.0,nan,nan,25.0,8.0,nan,26.0
20,平鎮,2016-10-09,17,3.0,nan,nan,17.0,12.0,nan,14.0
21,龍潭,2016-10-09,17,4.0,nan,nan,17.0,10.0,nan,17.0
22,湖口,2016-10-09,22,4.0,nan,nan,17.0,6.0,nan,22.0
23,竹東,2016-10-09,33,3.0,nan,nan,9.0,8.0,nan,33.0
24,新竹,2016-10-09,17,1.0,nan,nan,17.0,9.0,nan,10.0
25,頭份,2016-10-09,17,4.0,nan,nan,13.0,8.0,nan,17.0
26,苗栗,2016-10-09,19,3.0,nan,nan,19.0,9.0,nan,16.0
27,三義,2016-10-09,9,1.0,nan,nan,9.0,8.0,nan,3.0
61,恆春,2016-10-10,19,1.0,nan,nan,19.0,2.0,nan,3.0
69,竹山,2016-10-10,43,4.0,nan,nan,29.0,22.0,nan,43.0
12,中山,2016-10-10,42,4.0,11.0,nan,14.0,42.0,23.0,19.0
33,彰化,2016-10-10,20,3.0,nan,nan,16.0,15.0,nan,20.0
58,小港,2016-10-10,51,40.0,nan,nan,36.0,42.0,nan,51.0
16,大同,2016-10-10,43,7.0,33.0,nan,31.0,43.0,nan,24.0
22,湖口,2016-10-10,18,3.0,nan,nan,12.0,5.0,nan,18.0
26,苗栗,2016-10-10,18,3.0,nan,nan,18.0,13.0,nan,14.0
62,臺東,2016-10-10,11,3.0,nan,nan,10.0,10.0,nan,11.0
13,萬華,2016-10-10,40,6.0,12.0,nan,15.0,40.0,7.0,30.0
50,鳳山,2016-10-10,56,11.0,nan,nan,49.0,28.0,nan,56.0
84,富貴角,2016-10-10,-1,nan,nan,nan,nan,nan,nan,nan
1,基隆,2016-10-10,12,1.0,nan,nan,12.0,3.0,nan,9.0
32,西屯,2016-10-10,20,4.0,nan,nan,18.0,8.0,nan,20.0
75,馬祖,2016-10-10,35,3.0,nan,nan,25.0,2.0,nan,35.0
51,大寮,2016-10-10,48,10.0,nan,nan,48.0,28.0,nan,38.0
59,屏東,2016-10-10,37,6.0,nan,nan,31.0,27.0,nan,37.0
28,豐原,2016-10-10,27,3.0,nan,nan,9.0,8.0,nan,27.0
68,中壢,2016-10-10,34,3.0,nan,nan,21.0,34.0,nan,8.0
31,忠明,2016-10-10,24,3.0,nan,nan,9.0,18.0,nan,24.0
54,左營,2016-10-10,71,10.0,nan,nan,41.0,27.0,nan,71.0
52,林園,2016-10-10,53,7.0,nan,nan,29.0,21.0,nan,53.0
2,汐止,2016-10-10,7,3.0,nan,nan,5.0,7.0,nan,6.0
63,花蓮,2016-10-10,21,7.0,nan,nan,12.0,13.0,nan,21.0
30,大里,2016-10-10,19,1.0,nan,nan,8.0,19.0,nan,14.0
3,萬里,2016-10-10,27,4.0,nan,nan,27.0,2.0,nan,11.0
4,新店,2016-10-10,30,3.0,nan,nan,5.0,28.0,nan,30.0
60,潮州,2016-10-10,29,1.0,nan,nan,29.0,9.0,nan,21.0
65,宜蘭,2016-10-10,16,3.0,nan,nan,15.0,16.0,nan,6.0
53,楠梓,2016-10-10,53,6.0,nan,nan,44.0,24.0,nan,53.0
64,陽明,2016-10-10,24,3.0,2.0,nan,5.0,11.0,24.0,5.0
5,土城,2016-10-10,33,3.0,nan,nan,16.0,33.0,nan,17.0
21,龍潭,2016-10-10,17,3.0,nan,nan,17.0,12.0,nan,13.0
29,沙鹿,2016-10-10,19,3.0,nan,nan,19.0,11.0,nan,14.0
7,新莊,2016-10-10,29,6.0,nan,nan,11.0,29.0,nan,9.0
67,三重,2016-10-10,49,9.0,nan,nan,28.0,49.0,nan,23.0
83,麥寮,2016-10-10,45,11.0,nan,nan,41.0,19.0,nan,45.0
15,松山,2016-10-10,37,3.0,6.0,nan,9.0,37.0,32.0,18.0
6,板橋,2016-10-10,32,6.0,nan,nan,16.0,32.0,nan,28.0
77,金門,2016-10-10,30,7.0,nan,nan,21.0,8.0,nan,30.0
20,平鎮,2016-10-10,17,3.0,nan,nan,17.0,10.0,nan,10.0
27,三義,2016-10-10,13,3.0,nan,nan,13.0,8.0,nan,4.0
56,前金,2016-10-10,58,16.0,nan,nan,36.0,28.0,nan,58.0
8,菜寮,2016-10-10,36,3.0,nan,nan,8.0,36.0,nan,20.0
80,關山,2016-10-10,13,1.0,nan,nan,8.0,6.0,nan,13.0
25,頭份,2016-10-10,18,13.0,nan,nan,14.0,10.0,nan,18.0
42,嘉義,2016-10-10,36,6.0,nan,nan,30.0,25.0,nan,36.0
43,新營,2016-10-10,33,4.0,nan,nan,28.0,15.0,nan,33.0
41,臺西,2016-10-10,42,16.0,nan,nan,24.0,29.0,nan,42.0
40,朴子,2016-10-10,39,6.0,nan,nan,29.0,9.0,nan,39.0
44,善化,2016-10-10,54,6.0,nan,nan,30.0,17.0,nan,54.0
39,新港,2016-10-10,35,4.0,nan,nan,24.0,8.0,nan,35.0
45,安南,2016-10-10,35,4.0,nan,nan,28.0,20.0,nan,35.0
19,觀音,2016-10-10,22,14.0,nan,nan,20.0,8.0,nan,22.0
38,崙背,2016-10-10,47,4.0,nan,nan,23.0,8.0,nan,47.0
24,新竹,2016-10-10,15,3.0,nan,nan,15.0,15.0,nan,7.0
37,斗六,2016-10-10,35,4.0,nan,nan,27.0,17.0,nan,35.0
72,埔里,2016-10-10,38,6.0,nan,nan,22.0,20.0,nan,38.0
46,臺南,2016-10-10,45,4.0,nan,nan,26.0,24.0,nan,45.0
10,淡水,2016-10-10,22,3.0,nan,nan,10.0,4.0,nan,22.0
36,南投,2016-10-10,28,4.0,nan,nan,28.0,22.0,nan,nan
11,士林,2016-10-10,37,3.0,9.0,nan,12.0,37.0,32.0,18.0
35,二林,2016-10-10,17,6.0,nan,nan,15.0,8.0,nan,17.0
47,美濃,2016-10-10,19,3.0,nan,nan,19.0,7.0,nan,13.0
71,復興,2016-10-10,52,29.0,nan,nan,30.0,44.0,nan,52.0
34,線西,2016-10-10,46,6.0,nan,nan,19.0,12.0,nan,46.0
70,永和,2016-10-10,38,4.0,nan,nan,10.0,38.0,nan,20.0
48,橋頭,2016-10-10,47,6.0,nan,nan,39.0,19.0,nan,47.0
17,桃園,2016-10-10,12,3.0,nan,nan,9.0,8.0,nan,12.0
9,林口,2016-10-10,19,1.0,nan,nan,19.0,4.0,nan,16.0
14,古亭,2016-10-10,37,3.0,9.0,nan,8.0,37.0,34.0,25.0
18,大園,2016-10-10,21,4.0,nan,nan,19.0,21.0,nan,17.0
78,馬公,2016-10-10,33,3.0,nan,nan,19.0,3.0,nan,33.0
57,前鎮,2016-10-10,57,29.0,nan,nan,36.0,41.0,nan,57.0
49,仁武,2016-10-10,58,10.0,nan,nan,45.0,30.0,nan,58.0
66,冬山,2016-10-10,25,3.0,nan,nan,14.0,25.0,nan,3.0
23,竹東,2016-10-10,34,3.0,nan,nan,12.0,12.0,nan,34.0
78,馬公,2016-10-11,26,4.0,nan,nan,10.0,2.0,nan,26.0
77,金門,2016-10-11,31,10.0,nan,nan,31.0,9.0,nan,28.0
75,馬祖,2016-10-11,34,3.0,nan,nan,25.0,3.0,nan,34.0
72,埔里,2016-10-11,52,4.0,nan,nan,23.0,12.0,nan,52.0
71,復興,2016-10-11,74,41.0,nan,nan,43.0,63.0,nan,74.0
70,永和,2016-10-11,36,9.0,nan,nan,10.0,36.0,nan,15.0
69,竹山,2016-10-11,59,4.0,nan,nan,35.0,21.0,nan,59.0
68,中壢,2016-10-11,36,6.0,nan,nan,28.0,36.0,nan,20.0
67,三重,2016-10-11,43,7.0,nan,nan,31.0,43.0,nan,21.0
66,冬山,2016-10-11,19,9.0,nan,nan,19.0,14.0,nan,10.0
65,宜蘭,2016-10-11,19,3.0,nan,nan,19.0,11.0,nan,7.0
64,陽明,2016-10-11,19,3.0,1.0,nan,5.0,10.0,19.0,5.0
63,花蓮,2016-10-11,23,11.0,nan,nan,14.0,10.0,nan,23.0
62,臺東,2016-10-11,12,3.0,nan,nan,11.0,8.0,nan,12.0
61,恆春,2016-10-11,21,3.0,nan,nan,21.0,4.0,nan,6.0
60,潮州,2016-10-11,51,13.0,nan,nan,36.0,12.0,nan,51.0
59,屏東,2016-10-11,50,10.0,nan,nan,36.0,22.0,nan,50.0
58,小港,2016-10-11,73,67.0,nan,nan,53.0,60.0,nan,73.0
57,前鎮,2016-10-11,75,41.0,nan,nan,49.0,60.0,nan,75.0
56,前金,2016-10-11,76,11.0,nan,nan,50.0,33.0,nan,76.0
54,左營,2016-10-11,78,7.0,nan,nan,50.0,30.0,nan,78.0
53,楠梓,2016-10-11,57,4.0,nan,nan,48.0,25.0,nan,57.0
52,林園,2016-10-11,67,30.0,nan,nan,32.0,34.0,nan,67.0
51,大寮,2016-10-11,61,37.0,nan,nan,54.0,44.0,nan,61.0
50,鳳山,2016-10-11,70,33.0,nan,nan,56.0,61.0,nan,70.0
49,仁武,2016-10-11,71,21.0,nan,nan,54.0,42.0,nan,71.0
48,橋頭,2016-10-11,54,3.0,nan,nan,44.0,20.0,nan,54.0
47,美濃,2016-10-11,21,3.0,nan,nan,19.0,8.0,nan,21.0
46,臺南,2016-10-11,61,4.0,nan,nan,34.0,17.0,nan,61.0
45,安南,2016-10-11,52,6.0,nan,nan,35.0,14.0,nan,52.0
44,善化,2016-10-11,64,6.0,nan,nan,34.0,15.0,nan,64.0
43,新營,2016-10-11,48,6.0,nan,nan,39.0,20.0,nan,48.0
42,嘉義,2016-10-11,62,9.0,nan,nan,39.0,30.0,nan,62.0
41,臺西,2016-10-11,39,16.0,nan,nan,19.0,24.0,nan,39.0
40,朴子,2016-10-11,38,7.0,nan,nan,38.0,13.0,nan,38.0
39,新港,2016-10-11,43,9.0,nan,nan,33.0,18.0,nan,43.0
38,崙背,2016-10-11,52,10.0,nan,nan,27.0,16.0,nan,52.0
37,斗六,2016-10-11,51,7.0,nan,nan,35.0,22.0,nan,51.0
36,南投,2016-10-11,57,6.0,nan,nan,33.0,26.0,nan,57.0
35,二林,2016-10-11,20,14.0,nan,nan,20.0,17.0,nan,17.0
34,線西,2016-10-11,56,13.0,nan,nan,29.0,14.0,nan,56.0
33,彰化,2016-10-11,34,3.0,nan,nan,22.0,19.0,nan,34.0
32,西屯,2016-10-11,25,3.0,nan,nan,22.0,14.0,nan,25.0
31,忠明,2016-10-11,32,4.0,nan,nan,13.0,22.0,nan,32.0
30,大里,2016-10-11,27,4.0,nan,nan,19.0,24.0,nan,27.0
29,沙鹿,2016-10-11,29,3.0,nan,nan,26.0,13.0,nan,29.0
28,豐原,2016-10-11,32,4.0,nan,nan,13.0,12.0,nan,32.0
27,三義,2016-10-11,15,4.0,nan,nan,15.0,12.0,nan,13.0
26,苗栗,2016-10-11,27,4.0,nan,nan,24.0,17.0,nan,27.0
25,頭份,2016-10-11,26,10.0,nan,nan,23.0,18.0,nan,26.0
24,新竹,2016-10-11,19,3.0,nan,nan,19.0,16.0,nan,9.0
23,竹東,2016-10-11,42,3.0,nan,nan,21.0,15.0,nan,42.0
22,湖口,2016-10-11,20,4.0,nan,nan,18.0,8.0,nan,20.0
21,龍潭,2016-10-11,26,7.0,nan,nan,26.0,24.0,nan,26.0
20,平鎮,2016-10-11,22,4.0,nan,nan,19.0,22.0,nan,19.0
19,觀音,2016-10-11,24,16.0,nan,nan,24.0,9.0,nan,17.0
18,大園,2016-10-11,20,4.0,nan,nan,20.0,11.0,nan,14.0
17,桃園,2016-10-11,24,6.0,nan,nan,13.0,24.0,nan,12.0
16,大同,2016-10-11,39,7.0,20.0,nan,27.0,39.0,nan,24.0
15,松山,2016-10-11,25,9.0,6.0,nan,12.0,25.0,23.0,18.0
14,古亭,2016-10-11,32,9.0,8.0,nan,10.0,32.0,23.0,21.0
13,萬華,2016-10-11,36,6.0,9.0,nan,15.0,36.0,19.0,24.0
12,中山,2016-10-11,36,4.0,11.0,nan,14.0,36.0,18.0,14.0
11,士林,2016-10-11,31,3.0,6.0,nan,15.0,22.0,31.0,15.0
10,淡水,2016-10-11,21,3.0,nan,nan,13.0,16.0,nan,21.0
9,林口,2016-10-11,21,3.0,nan,nan,18.0,21.0,nan,21.0
8,菜寮,2016-10-11,34,6.0,nan,nan,9.0,34.0,nan,21.0
7,新莊,2016-10-11,38,6.0,nan,nan,13.0,38.0,nan,23.0
6,板橋,2016-10-11,41,13.0,nan,nan,14.0,41.0,nan,32.0
5,土城,2016-10-11,41,13.0,nan,nan,18.0,41.0,nan,18.0
4,新店,2016-10-11,39,11.0,nan,nan,7.0,30.0,nan,39.0
3,萬里,2016-10-11,28,4.0,nan,nan,28.0,4.0,nan,17.0
2,汐止,2016-10-11,25,10.0,nan,nan,7.0,25.0,nan,9.0
1,基隆,2016-10-11,12,1.0,nan,nan,12.0,6.0,nan,11.0
84,富貴角,2016-10-11,-1,nan,nan,nan,nan,nan,nan,nan
83,麥寮,2016-10-11,50,13.0,nan,nan,50.0,14.0,nan,40.0
80,關山,2016-10-11,13,1.0,nan,nan,13.0,5.0,nan,13.0
54,左營,2016-10-12,101,10.0,nan,nan,60.0,25.0,nan,101.0
83,麥寮,2016-10-12,66,11.0,nan,nan,66.0,27.0,nan,57.0
80,關山,2016-10-12,15,1.0,nan,nan,15.0,8.0,nan,13.0
78,馬公,2016-10-12,35,4.0,nan,nan,21.0,3.0,nan,35.0
9,林口,2016-10-12,26,3.0,nan,nan,26.0,12.0,nan,21.0
77,金門,2016-10-12,28,11.0,nan,nan,28.0,9.0,nan,20.0
10,淡水,2016-10-12,24,3.0,nan,nan,16.0,5.0,nan,24.0
75,馬祖,2016-10-12,38,4.0,nan,nan,31.0,4.0,nan,38.0
8,菜寮,2016-10-12,41,4.0,nan,nan,13.0,41.0,nan,26.0
72,埔里,2016-10-12,48,6.0,nan,nan,26.0,17.0,nan,48.0
11,士林,2016-10-12,34,3.0,7.0,nan,16.0,34.0,24.0,19.0
7,新莊,2016-10-12,33,4.0,nan,nan,14.0,33.0,nan,23.0
12,中山,2016-10-12,35,3.0,8.0,nan,12.0,35.0,30.0,15.0
71,復興,2016-10-12,70,13.0,nan,nan,46.0,32.0,nan,70.0
70,永和,2016-10-12,20,6.0,nan,nan,10.0,20.0,nan,15.0
69,竹山,2016-10-12,56,6.0,nan,nan,38.0,25.0,nan,56.0
6,板橋,2016-10-12,28,7.0,nan,nan,16.0,28.0,nan,18.0
68,中壢,2016-10-12,35,6.0,nan,nan,31.0,35.0,nan,19.0
67,三重,2016-10-12,51,9.0,nan,nan,32.0,51.0,nan,33.0
16,大同,2016-10-12,41,6.0,28.0,nan,31.0,41.0,nan,22.0
5,土城,2016-10-12,19,4.0,nan,nan,19.0,17.0,nan,19.0
66,冬山,2016-10-12,13,4.0,nan,nan,13.0,10.0,nan,6.0
65,宜蘭,2016-10-12,19,3.0,nan,nan,19.0,9.0,nan,6.0
4,新店,2016-10-12,36,6.0,nan,nan,7.0,22.0,nan,36.0
64,陽明,2016-10-12,22,3.0,1.0,nan,5.0,10.0,22.0,6.0
63,花蓮,2016-10-12,26,9.0,nan,nan,18.0,9.0,nan,26.0
62,臺東,2016-10-12,18,3.0,nan,nan,18.0,9.0,nan,11.0
3,萬里,2016-10-12,52,4.0,nan,nan,52.0,4.0,nan,25.0
13,萬華,2016-10-12,33,4.0,6.0,nan,13.0,33.0,30.0,27.0
61,恆春,2016-10-12,26,3.0,nan,nan,26.0,2.0,nan,9.0
60,潮州,2016-10-12,76,11.0,nan,nan,48.0,16.0,nan,76.0
14,古亭,2016-10-12,31,6.0,5.0,nan,12.0,24.0,31.0,18.0
59,屏東,2016-10-12,67,6.0,nan,nan,37.0,26.0,nan,67.0
2,汐止,2016-10-12,25,7.0,nan,nan,11.0,25.0,nan,nan
15,松山,2016-10-12,33,7.0,5.0,nan,12.0,28.0,33.0,21.0
58,小港,2016-10-12,72,40.0,nan,nan,52.0,44.0,nan,72.0
57,前鎮,2016-10-12,72,24.0,nan,nan,54.0,34.0,nan,72.0
17,桃園,2016-10-12,25,7.0,nan,nan,15.0,25.0,nan,16.0
56,前金,2016-10-12,78,7.0,nan,nan,53.0,25.0,nan,78.0
1,基隆,2016-10-12,19,1.0,nan,nan,19.0,10.0,nan,18.0
18,大園,2016-10-12,30,7.0,nan,nan,25.0,22.0,nan,30.0
53,楠梓,2016-10-12,73,7.0,nan,nan,61.0,26.0,nan,73.0
52,林園,2016-10-12,73,14.0,nan,nan,37.0,19.0,nan,73.0
84,富貴角,2016-10-12,-1,nan,nan,nan,nan,nan,nan,nan
51,大寮,2016-10-12,63,14.0,nan,nan,58.0,36.0,nan,63.0
19,觀音,2016-10-12,30,11.0,nan,nan,30.0,11.0,nan,23.0
50,鳳山,2016-10-12,62,10.0,nan,nan,60.0,30.0,nan,62.0
49,仁武,2016-10-12,67,9.0,nan,nan,66.0,28.0,nan,67.0
48,橋頭,2016-10-12,61,6.0,nan,nan,57.0,22.0,nan,61.0
20,平鎮,2016-10-12,22,4.0,nan,nan,22.0,18.0,nan,14.0
47,美濃,2016-10-12,42,6.0,nan,nan,30.0,12.0,nan,42.0
46,臺南,2016-10-12,80,6.0,nan,nan,49.0,22.0,nan,80.0
45,安南,2016-10-12,71,6.0,nan,nan,52.0,20.0,nan,71.0
21,龍潭,2016-10-12,23,4.0,nan,nan,23.0,16.0,nan,17.0
44,善化,2016-10-12,78,6.0,nan,nan,52.0,17.0,nan,78.0
22,湖口,2016-10-12,32,3.0,nan,nan,24.0,8.0,nan,32.0
43,新營,2016-10-12,64,6.0,nan,nan,52.0,17.0,nan,64.0
42,嘉義,2016-10-12,68,14.0,nan,nan,47.0,25.0,nan,68.0
41,臺西,2016-10-12,52,17.0,nan,nan,44.0,20.0,nan,52.0
40,朴子,2016-10-12,61,7.0,nan,nan,57.0,16.0,nan,61.0
23,竹東,2016-10-12,39,3.0,nan,nan,9.0,9.0,nan,39.0
39,新港,2016-10-12,59,6.0,nan,nan,42.0,13.0,nan,59.0
38,崙背,2016-10-12,59,6.0,nan,nan,39.0,13.0,nan,59.0
24,新竹,2016-10-12,23,3.0,nan,nan,23.0,11.0,nan,17.0
37,斗六,2016-10-12,60,6.0,nan,nan,35.0,25.0,nan,60.0
36,南投,2016-10-12,52,4.0,nan,nan,35.0,25.0,nan,52.0
35,二林,2016-10-12,62,11.0,nan,nan,45.0,20.0,nan,62.0
34,線西,2016-10-12,56,9.0,nan,nan,33.0,16.0,nan,56.0
33,彰化,2016-10-12,36,4.0,nan,nan,25.0,19.0,nan,36.0
25,頭份,2016-10-12,26,4.0,nan,nan,22.0,14.0,nan,26.0
28,豐原,2016-10-12,32,3.0,nan,nan,11.0,8.0,nan,32.0
32,西屯,2016-10-12,24,3.0,nan,nan,23.0,11.0,nan,24.0
26,苗栗,2016-10-12,26,4.0,nan,nan,26.0,17.0,nan,24.0
31,忠明,2016-10-12,34,4.0,nan,nan,19.0,23.0,nan,34.0
30,大里,2016-10-12,28,3.0,nan,nan,19.0,25.0,nan,28.0
27,三義,2016-10-12,17,4.0,nan,nan,17.0,13.0,nan,6.0
29,沙鹿,2016-10-12,27,3.0,nan,nan,27.0,14.0,nan,27.0
80,關山,2016-10-13,18,1.0,nan,nan,15.0,5.0,nan,18.0
77,金門,2016-10-13,66,10.0,nan,nan,57.0,12.0,nan,66.0
75,馬祖,2016-10-13,75,6.0,nan,nan,52.0,6.0,nan,75.0
72,埔里,2016-10-13,74,4.0,nan,nan,34.0,19.0,nan,74.0
71,復興,2016-10-13,85,16.0,nan,nan,59.0,42.0,nan,85.0
70,永和,2016-10-13,33,7.0,nan,nan,32.0,26.0,nan,33.0
69,竹山,2016-10-13,72,7.0,nan,nan,48.0,25.0,nan,72.0
68,中壢,2016-10-13,45,7.0,nan,nan,45.0,38.0,nan,33.0
67,三重,2016-10-13,46,6.0,nan,nan,44.0,46.0,nan,40.0
66,冬山,2016-10-13,21,4.0,nan,nan,21.0,21.0,nan,15.0
65,宜蘭,2016-10-13,38,3.0,nan,nan,38.0,10.0,nan,13.0
64,陽明,2016-10-13,25,3.0,1.0,nan,8.0,8.0,25.0,19.0
63,花蓮,2016-10-13,34,6.0,nan,nan,26.0,13.0,nan,34.0
62,臺東,2016-10-13,22,3.0,nan,nan,22.0,8.0,nan,17.0
61,恆春,2016-10-13,28,1.0,nan,nan,28.0,2.0,nan,12.0
60,潮州,2016-10-13,84,6.0,nan,nan,54.0,14.0,nan,84.0
59,屏東,2016-10-13,88,7.0,nan,nan,54.0,22.0,nan,88.0
58,小港,2016-10-13,87,26.0,nan,nan,66.0,48.0,nan,87.0
57,前鎮,2016-10-13,77,60.0,nan,nan,68.0,44.0,nan,77.0
56,前金,2016-10-13,92,7.0,nan,nan,64.0,25.0,nan,92.0
54,左營,2016-10-13,98,9.0,nan,nan,69.0,25.0,nan,98.0
53,楠梓,2016-10-13,83,17.0,nan,nan,72.0,24.0,nan,83.0
52,林園,2016-10-13,80,14.0,nan,nan,41.0,25.0,nan,80.0
51,大寮,2016-10-13,74,13.0,nan,nan,60.0,23.0,nan,74.0
50,鳳山,2016-10-13,83,19.0,nan,nan,74.0,33.0,nan,83.0
49,仁武,2016-10-13,101,14.0,nan,nan,72.0,27.0,nan,101.0
48,橋頭,2016-10-13,73,9.0,nan,nan,62.0,24.0,nan,73.0
47,美濃,2016-10-13,68,7.0,nan,nan,44.0,10.0,nan,68.0
46,臺南,2016-10-13,74,6.0,nan,nan,48.0,25.0,nan,74.0
45,安南,2016-10-13,66,6.0,nan,nan,54.0,25.0,nan,66.0
44,善化,2016-10-13,80,7.0,nan,nan,56.0,16.0,nan,80.0
43,新營,2016-10-13,63,6.0,nan,nan,54.0,18.0,nan,63.0
42,嘉義,2016-10-13,79,11.0,nan,nan,54.0,26.0,nan,79.0
41,臺西,2016-10-13,68,10.0,nan,nan,44.0,21.0,nan,68.0
40,朴子,2016-10-13,59,6.0,nan,nan,59.0,15.0,nan,59.0
39,新港,2016-10-13,61,9.0,nan,nan,51.0,16.0,nan,61.0
38,崙背,2016-10-13,66,9.0,nan,nan,42.0,16.0,nan,66.0
37,斗六,2016-10-13,65,7.0,nan,nan,44.0,30.0,nan,65.0
36,南投,2016-10-13,57,4.0,nan,nan,44.0,26.0,nan,57.0
35,二林,2016-10-13,47,11.0,nan,nan,47.0,14.0,nan,45.0
34,線西,2016-10-13,67,9.0,nan,nan,46.0,21.0,nan,67.0
33,彰化,2016-10-13,47,3.0,nan,nan,31.0,21.0,nan,47.0
32,西屯,2016-10-13,42,3.0,nan,nan,32.0,13.0,nan,42.0
31,忠明,2016-10-13,45,4.0,nan,nan,24.0,21.0,nan,45.0
30,大里,2016-10-13,41,4.0,nan,nan,29.0,24.0,nan,41.0
29,沙鹿,2016-10-13,41,4.0,nan,nan,41.0,16.0,nan,35.0
28,豐原,2016-10-13,39,3.0,nan,nan,14.0,9.0,nan,39.0
27,三義,2016-10-13,28,3.0,nan,nan,28.0,10.0,nan,11.0
26,苗栗,2016-10-13,42,6.0,nan,nan,39.0,19.0,nan,42.0
25,頭份,2016-10-13,42,7.0,nan,nan,35.0,19.0,nan,42.0
24,新竹,2016-10-13,43,3.0,nan,nan,43.0,16.0,nan,30.0
23,竹東,2016-10-13,54,4.0,nan,nan,26.0,8.0,nan,54.0
22,湖口,2016-10-13,40,4.0,nan,nan,40.0,8.0,nan,40.0
21,龍潭,2016-10-13,36,6.0,nan,nan,36.0,14.0,nan,25.0
20,平鎮,2016-10-13,39,6.0,nan,nan,39.0,25.0,nan,25.0
19,觀音,2016-10-13,48,13.0,nan,nan,48.0,11.0,nan,48.0
18,大園,2016-10-13,47,9.0,nan,nan,43.0,23.0,nan,47.0
17,桃園,2016-10-13,31,7.0,nan,nan,31.0,26.0,nan,29.0
16,大同,2016-10-13,44,6.0,17.0,nan,44.0,41.0,nan,35.0
15,松山,2016-10-13,36,6.0,6.0,nan,30.0,33.0,35.0,36.0
14,古亭,2016-10-13,39,6.0,6.0,nan,31.0,32.0,36.0,39.0
13,萬華,2016-10-13,39,6.0,7.0,nan,32.0,35.0,33.0,39.0
12,中山,2016-10-13,45,4.0,8.0,nan,34.0,45.0,33.0,40.0
11,士林,2016-10-13,43,3.0,3.0,nan,30.0,11.0,43.0,32.0
10,淡水,2016-10-13,42,3.0,nan,nan,35.0,5.0,nan,42.0
9,林口,2016-10-13,53,3.0,nan,nan,50.0,20.0,nan,53.0
8,菜寮,2016-10-13,31,3.0,nan,nan,31.0,25.0,nan,31.0
7,新莊,2016-10-13,40,3.0,nan,nan,31.0,25.0,nan,40.0
6,板橋,2016-10-13,39,7.0,nan,nan,36.0,30.0,nan,39.0
5,土城,2016-10-13,35,6.0,nan,nan,33.0,25.0,nan,35.0
4,新店,2016-10-13,49,4.0,nan,nan,23.0,29.0,nan,49.0
3,萬里,2016-10-13,81,4.0,nan,nan,81.0,5.0,nan,43.0
1,基隆,2016-10-13,38,3.0,nan,nan,30.0,5.0,nan,38.0
2,汐止,2016-10-13,27,7.0,nan,nan,27.0,26.0,nan,nan
84,富貴角,2016-10-13,-1,nan,nan,nan,nan,nan,nan,nan
83,麥寮,2016-10-13,76,10.0,nan,nan,76.0,22.0,nan,66.0
78,馬公,2016-10-13,49,3.0,nan,nan,39.0,3.0,nan,49.0
17,桃園,2016-10-14,60,7.0,nan,nan,37.0,31.0,nan,60.0
84,富貴角,2016-10-14,-1,nan,nan,nan,nan,nan,nan,nan
1,基隆,2016-10-14,55,3.0,nan,nan,33.0,6.0,nan,55.0
2,汐止,2016-10-14,34,10.0,nan,nan,34.0,25.0,nan,21.0
3,萬里,2016-10-14,78,4.0,nan,nan,78.0,5.0,nan,63.0
4,新店,2016-10-14,70,7.0,nan,nan,25.0,33.0,nan,70.0
5,土城,2016-10-14,53,7.0,nan,nan,37.0,23.0,nan,53.0
6,板橋,2016-10-14,52,7.0,nan,nan,40.0,31.0,nan,52.0
7,新莊,2016-10-14,62,4.0,nan,nan,39.0,35.0,nan,62.0
8,菜寮,2016-10-14,46,4.0,nan,nan,33.0,22.0,nan,46.0
9,林口,2016-10-14,63,3.0,nan,nan,52.0,19.0,nan,63.0
10,淡水,2016-10-14,57,4.0,nan,nan,43.0,7.0,nan,57.0
11,士林,2016-10-14,49,3.0,3.0,nan,28.0,9.0,44.0,49.0
12,中山,2016-10-14,71,4.0,9.0,nan,41.0,71.0,32.0,59.0
13,萬華,2016-10-14,65,7.0,7.0,nan,36.0,36.0,33.0,65.0
14,古亭,2016-10-14,57,7.0,6.0,nan,35.0,30.0,32.0,57.0
15,松山,2016-10-14,58,6.0,5.0,nan,36.0,31.0,37.0,58.0
16,大同,2016-10-14,77,16.0,17.0,nan,62.0,36.0,nan,77.0
18,大園,2016-10-14,65,9.0,nan,nan,49.0,25.0,nan,65.0
19,觀音,2016-10-14,66,11.0,nan,nan,52.0,12.0,nan,66.0
20,平鎮,2016-10-14,61,7.0,nan,nan,44.0,26.0,nan,61.0
21,龍潭,2016-10-14,54,9.0,nan,nan,41.0,13.0,nan,54.0
22,湖口,2016-10-14,61,4.0,nan,nan,44.0,13.0,nan,61.0
23,竹東,2016-10-14,70,6.0,nan,nan,29.0,10.0,nan,70.0
24,新竹,2016-10-14,57,4.0,nan,nan,46.0,18.0,nan,57.0
25,頭份,2016-10-14,60,4.0,nan,nan,42.0,18.0,nan,60.0
26,苗栗,2016-10-14,56,6.0,nan,nan,45.0,18.0,nan,56.0
27,三義,2016-10-14,34,9.0,nan,nan,34.0,14.0,nan,32.0
28,豐原,2016-10-14,61,3.0,nan,nan,25.0,11.0,nan,61.0
29,沙鹿,2016-10-14,59,4.0,nan,nan,52.0,16.0,nan,59.0
30,大里,2016-10-14,68,6.0,nan,nan,44.0,26.0,nan,68.0
31,忠明,2016-10-14,65,4.0,nan,nan,32.0,22.0,nan,65.0
32,西屯,2016-10-14,62,4.0,nan,nan,40.0,15.0,nan,62.0
33,彰化,2016-10-14,69,4.0,nan,nan,44.0,20.0,nan,69.0
34,線西,2016-10-14,92,7.0,nan,nan,54.0,19.0,nan,92.0
35,二林,2016-10-14,62,10.0,nan,nan,56.0,15.0,nan,62.0
36,南投,2016-10-14,81,6.0,nan,nan,55.0,25.0,nan,81.0
37,斗六,2016-10-14,89,7.0,nan,nan,54.0,30.0,nan,89.0
38,崙背,2016-10-14,91,9.0,nan,nan,62.0,17.0,nan,91.0
39,新港,2016-10-14,88,9.0,nan,nan,60.0,16.0,nan,88.0
40,朴子,2016-10-14,76,7.0,nan,nan,75.0,15.0,nan,76.0
41,臺西,2016-10-14,81,11.0,nan,nan,55.0,21.0,nan,81.0
42,嘉義,2016-10-14,106,9.0,nan,nan,61.0,26.0,nan,106.0
43,新營,2016-10-14,89,6.0,nan,nan,66.0,22.0,nan,89.0
44,善化,2016-10-14,107,6.0,nan,nan,65.0,20.0,nan,107.0
45,安南,2016-10-14,102,9.0,nan,nan,71.0,23.0,nan,102.0
46,臺南,2016-10-14,109,9.0,nan,nan,64.0,26.0,nan,109.0
47,美濃,2016-10-14,95,7.0,nan,nan,57.0,14.0,nan,95.0
48,橋頭,2016-10-14,94,7.0,nan,nan,71.0,23.0,nan,94.0
49,仁武,2016-10-14,130,16.0,nan,nan,80.0,31.0,nan,130.0
50,鳳山,2016-10-14,116,17.0,nan,nan,85.0,32.0,nan,116.0
51,大寮,2016-10-14,115,33.0,nan,106.0,81.0,33.0,nan,115.0
52,林園,2016-10-14,126,20.0,nan,nan,52.0,17.0,nan,126.0
53,楠梓,2016-10-14,103,7.0,nan,nan,84.0,25.0,nan,103.0
54,左營,2016-10-14,136,17.0,nan,nan,80.0,24.0,nan,136.0
56,前金,2016-10-14,129,16.0,nan,nan,80.0,25.0,nan,129.0
57,前鎮,2016-10-14,104,23.0,nan,nan,72.0,37.0,nan,104.0
58,小港,2016-10-14,113,34.0,nan,nan,73.0,40.0,nan,113.0
59,屏東,2016-10-14,135,9.0,nan,nan,69.0,28.0,nan,135.0
60,潮州,2016-10-14,145,16.0,nan,145.0,72.0,19.0,nan,144.0
61,恆春,2016-10-14,28,1.0,nan,nan,28.0,4.0,nan,24.0
62,臺東,2016-10-14,50,3.0,nan,nan,50.0,8.0,nan,36.0
63,花蓮,2016-10-14,33,3.0,nan,nan,31.0,11.0,nan,33.0
64,陽明,2016-10-14,31,19.0,1.0,nan,13.0,10.0,23.0,31.0
65,宜蘭,2016-10-14,45,3.0,nan,nan,45.0,13.0,nan,35.0
66,冬山,2016-10-14,42,3.0,nan,nan,42.0,14.0,nan,29.0
67,三重,2016-10-14,61,6.0,nan,nan,54.0,45.0,nan,61.0
68,中壢,2016-10-14,67,7.0,nan,nan,52.0,41.0,nan,67.0
69,竹山,2016-10-14,87,7.0,nan,nan,53.0,25.0,nan,87.0
70,永和,2016-10-14,56,6.0,nan,nan,32.0,26.0,nan,56.0
71,復興,2016-10-14,107,19.0,nan,nan,66.0,46.0,nan,107.0
72,埔里,2016-10-14,97,6.0,nan,nan,45.0,24.0,nan,97.0
75,馬祖,2016-10-14,56,6.0,nan,nan,45.0,4.0,nan,56.0
77,金門,2016-10-14,77,17.0,nan,nan,69.0,25.0,nan,77.0
78,馬公,2016-10-14,71,3.0,nan,nan,49.0,3.0,nan,71.0
80,關山,2016-10-14,28,3.0,nan,nan,28.0,9.0,nan,21.0
83,麥寮,2016-10-14,88,13.0,nan,nan,83.0,17.0,nan,88.0
49,仁武,2016-10-15,151,10.0,nan,nan,86.0,25.0,nan,151.0
17,桃園,2016-10-15,17,9.0,nan,nan,17.0,17.0,nan,16.0
33,彰化,2016-10-15,94,11.0,nan,nan,54.0,28.0,nan,94.0
48,橋頭,2016-10-15,110,10.0,nan,nan,69.0,23.0,nan,110.0
12,中山,2016-10-15,24,6.0,7.0,nan,19.0,24.0,23.0,24.0
34,線西,2016-10-15,87,13.0,nan,nan,52.0,26.0,nan,87.0
35,二林,2016-10-15,80,9.0,nan,nan,59.0,17.0,nan,80.0
18,大園,2016-10-15,29,9.0,nan,nan,29.0,23.0,nan,24.0
28,豐原,2016-10-15,103,7.0,nan,nan,41.0,15.0,nan,103.0
36,南投,2016-10-15,112,7.0,nan,nan,65.0,15.0,nan,112.0
47,美濃,2016-10-15,92,9.0,nan,nan,57.0,9.0,nan,92.0
51,大寮,2016-10-15,135,17.0,nan,nan,88.0,25.0,nan,135.0
11,士林,2016-10-15,24,13.0,3.0,nan,17.0,22.0,24.0,23.0
37,斗六,2016-10-15,130,10.0,nan,nan,62.0,28.0,nan,130.0
46,臺南,2016-10-15,123,9.0,nan,nan,61.0,28.0,nan,123.0
19,觀音,2016-10-15,37,11.0,nan,nan,37.0,22.0,nan,34.0
29,沙鹿,2016-10-15,73,9.0,nan,nan,57.0,40.0,nan,73.0
83,麥寮,2016-10-15,87,13.0,nan,nan,70.0,14.0,nan,87.0
80,關山,2016-10-15,15,1.0,nan,nan,15.0,5.0,nan,15.0
27,三義,2016-10-15,60,4.0,nan,nan,48.0,23.0,nan,60.0
84,富貴角,2016-10-15,-1,nan,nan,nan,nan,nan,nan,nan
78,馬公,2016-10-15,48,4.0,nan,nan,32.0,10.0,nan,48.0
77,金門,2016-10-15,57,13.0,nan,nan,51.0,18.0,nan,57.0
8,菜寮,2016-10-15,22,7.0,nan,nan,14.0,20.0,nan,22.0
38,崙背,2016-10-15,133,9.0,nan,nan,66.0,17.0,nan,133.0
52,林園,2016-10-15,157,24.0,nan,nan,62.0,15.0,nan,157.0
75,馬祖,2016-10-15,44,4.0,nan,nan,37.0,3.0,nan,44.0
13,萬華,2016-10-15,26,7.0,5.0,nan,19.0,24.0,21.0,26.0
72,埔里,2016-10-15,108,4.0,nan,nan,46.0,14.0,nan,108.0
39,新港,2016-10-15,104,6.0,nan,nan,61.0,17.0,nan,104.0
71,復興,2016-10-15,123,24.0,nan,nan,70.0,39.0,nan,123.0
70,永和,2016-10-15,21,6.0,nan,nan,13.0,21.0,nan,17.0
30,大里,2016-10-15,118,11.0,nan,nan,66.0,31.0,nan,118.0
69,竹山,2016-10-15,106,6.0,nan,nan,60.0,15.0,nan,106.0
40,朴子,2016-10-15,86,6.0,nan,nan,64.0,17.0,nan,86.0
68,中壢,2016-10-15,29,6.0,nan,nan,29.0,24.0,nan,26.0
67,三重,2016-10-15,34,7.0,nan,nan,34.0,29.0,nan,29.0
6,板橋,2016-10-15,22,9.0,nan,nan,19.0,22.0,nan,7.0
15,松山,2016-10-15,24,9.0,3.0,nan,18.0,23.0,24.0,24.0
66,冬山,2016-10-15,14,6.0,nan,nan,nan,14.0,nan,8.0
20,平鎮,2016-10-15,24,7.0,nan,nan,22.0,18.0,nan,24.0
65,宜蘭,2016-10-15,23,3.0,nan,nan,23.0,8.0,nan,8.0
41,臺西,2016-10-15,89,10.0,nan,nan,34.0,15.0,nan,89.0
64,陽明,2016-10-15,27,4.0,1.0,nan,5.0,8.0,27.0,5.0
63,花蓮,2016-10-15,32,10.0,nan,nan,19.0,21.0,nan,32.0
31,忠明,2016-10-15,96,9.0,nan,nan,54.0,35.0,nan,96.0
42,嘉義,2016-10-15,125,14.0,nan,nan,66.0,24.0,nan,125.0
43,新營,2016-10-15,111,7.0,nan,nan,64.0,20.0,nan,111.0
10,淡水,2016-10-15,26,9.0,nan,nan,23.0,19.0,nan,26.0
44,善化,2016-10-15,119,11.0,nan,nan,66.0,17.0,nan,119.0
62,臺東,2016-10-15,22,3.0,nan,nan,22.0,6.0,nan,22.0
45,安南,2016-10-15,116,9.0,nan,nan,62.0,24.0,nan,116.0
2,汐止,2016-10-15,17,9.0,nan,nan,12.0,17.0,nan,15.0
61,恆春,2016-10-15,15,1.0,nan,nan,15.0,4.0,nan,12.0
60,潮州,2016-10-15,138,11.0,nan,nan,77.0,24.0,nan,138.0
59,屏東,2016-10-15,153,7.0,nan,nan,77.0,16.0,nan,153.0
24,新竹,2016-10-15,17,4.0,nan,nan,17.0,12.0,nan,11.0
21,龍潭,2016-10-15,23,4.0,nan,nan,22.0,10.0,nan,23.0
22,湖口,2016-10-15,24,6.0,nan,nan,21.0,12.0,nan,24.0
58,小港,2016-10-15,144,41.0,nan,nan,84.0,52.0,nan,144.0
3,萬里,2016-10-15,58,11.0,nan,nan,58.0,8.0,nan,32.0
25,頭份,2016-10-15,39,10.0,nan,nan,23.0,22.0,nan,39.0
7,新莊,2016-10-15,40,6.0,nan,nan,16.0,21.0,nan,40.0
57,前鎮,2016-10-15,128,37.0,nan,nan,79.0,42.0,nan,128.0
9,林口,2016-10-15,34,6.0,nan,nan,30.0,14.0,nan,34.0
32,西屯,2016-10-15,104,11.0,nan,nan,58.0,35.0,nan,104.0
4,新店,2016-10-15,42,3.0,nan,nan,6.0,22.0,nan,42.0
56,前金,2016-10-15,139,11.0,nan,nan,76.0,27.0,nan,139.0
50,鳳山,2016-10-15,143,10.0,nan,nan,92.0,23.0,nan,143.0
26,苗栗,2016-10-15,42,6.0,nan,nan,41.0,24.0,nan,42.0
54,左營,2016-10-15,153,11.0,nan,nan,86.0,29.0,nan,153.0
23,竹東,2016-10-15,40,4.0,nan,nan,16.0,8.0,nan,40.0
14,古亭,2016-10-15,21,7.0,6.0,nan,14.0,20.0,21.0,20.0
16,大同,2016-10-15,33,7.0,16.0,nan,33.0,31.0,nan,29.0
53,楠梓,2016-10-15,113,9.0,nan,nan,84.0,27.0,nan,113.0
5,土城,2016-10-15,21,4.0,nan,nan,19.0,21.0,nan,17.0
1,基隆,2016-10-15,20,3.0,nan,nan,19.0,11.0,nan,20.0
38,崙背,2016-10-16,146,6.0,nan,nan,71.0,13.0,nan,146.0
45,安南,2016-10-16,108,7.0,nan,nan,62.0,17.0,nan,108.0
66,冬山,2016-10-16,18,14.0,nan,nan,nan,18.0,nan,17.0
46,臺南,2016-10-16,115,9.0,nan,nan,55.0,20.0,nan,115.0
65,宜蘭,2016-10-16,23,6.0,nan,nan,23.0,9.0,nan,10.0
64,陽明,2016-10-16,17,10.0,1.0,nan,5.0,6.0,17.0,7.0
63,花蓮,2016-10-16,20,6.0,nan,nan,18.0,8.0,nan,20.0
62,臺東,2016-10-16,33,1.0,nan,nan,33.0,8.0,nan,10.0
61,恆春,2016-10-16,15,1.0,nan,nan,15.0,2.0,nan,7.0
60,潮州,2016-10-16,139,nan,nan,125.0,73.0,27.0,nan,139.0
59,屏東,2016-10-16,132,19.0,nan,nan,68.0,16.0,nan,132.0
58,小港,2016-10-16,116,27.0,nan,nan,66.0,35.0,nan,116.0
57,前鎮,2016-10-16,99,30.0,nan,nan,64.0,38.0,nan,99.0
83,麥寮,2016-10-16,106,7.0,nan,nan,76.0,12.0,nan,106.0
56,前金,2016-10-16,137,47.0,nan,nan,65.0,42.0,nan,137.0
80,關山,2016-10-16,16,3.0,nan,nan,13.0,6.0,nan,16.0
54,左營,2016-10-16,152,17.0,nan,nan,73.0,32.0,nan,152.0
53,楠梓,2016-10-16,106,20.0,nan,nan,77.0,26.0,nan,106.0
52,林園,2016-10-16,154,11.0,nan,nan,53.0,17.0,nan,154.0
78,馬公,2016-10-16,45,6.0,nan,nan,33.0,8.0,nan,45.0
51,大寮,2016-10-16,129,36.0,nan,nan,82.0,30.0,nan,129.0
50,鳳山,2016-10-16,125,19.0,nan,nan,80.0,29.0,nan,125.0
49,仁武,2016-10-16,139,16.0,nan,nan,82.0,23.0,nan,139.0
77,金門,2016-10-16,37,11.0,nan,nan,37.0,17.0,nan,23.0
48,橋頭,2016-10-16,96,14.0,nan,nan,61.0,24.0,nan,96.0
47,美濃,2016-10-16,84,9.0,nan,nan,51.0,9.0,nan,84.0
75,馬祖,2016-10-16,43,4.0,nan,nan,33.0,3.0,nan,43.0
72,埔里,2016-10-16,107,3.0,nan,nan,44.0,18.0,nan,107.0
71,復興,2016-10-16,107,31.0,nan,nan,57.0,39.0,nan,107.0
70,永和,2016-10-16,11,3.0,nan,nan,8.0,8.0,nan,11.0
1,基隆,2016-10-16,10,3.0,nan,nan,10.0,8.0,nan,10.0
2,汐止,2016-10-16,16,3.0,nan,nan,7.0,11.0,nan,16.0
3,萬里,2016-10-16,23,20.0,nan,nan,23.0,8.0,nan,14.0
4,新店,2016-10-16,30,3.0,nan,nan,nan,8.0,nan,30.0
5,土城,2016-10-16,16,1.0,nan,nan,16.0,9.0,nan,12.0
6,板橋,2016-10-16,14,4.0,nan,nan,14.0,13.0,nan,7.0
7,新莊,2016-10-16,28,3.0,nan,nan,9.0,11.0,nan,28.0
8,菜寮,2016-10-16,16,3.0,nan,nan,8.0,10.0,nan,16.0
9,林口,2016-10-16,20,4.0,nan,nan,20.0,6.0,nan,20.0
10,淡水,2016-10-16,24,4.0,nan,nan,17.0,8.0,nan,24.0
11,士林,2016-10-16,19,3.0,1.0,nan,13.0,6.0,19.0,18.0
12,中山,2016-10-16,18,3.0,5.0,nan,12.0,14.0,13.0,18.0
13,萬華,2016-10-16,21,3.0,3.0,nan,14.0,13.0,13.0,21.0
14,古亭,2016-10-16,14,3.0,2.0,nan,10.0,9.0,14.0,14.0
15,松山,2016-10-16,26,26.0,3.0,nan,20.0,11.0,15.0,26.0
16,大同,2016-10-16,24,4.0,8.0,nan,24.0,14.0,nan,16.0
17,桃園,2016-10-16,13,4.0,nan,nan,13.0,9.0,nan,13.0
18,大園,2016-10-16,22,7.0,nan,nan,17.0,10.0,nan,22.0
19,觀音,2016-10-16,25,9.0,nan,nan,25.0,15.0,nan,25.0
20,平鎮,2016-10-16,24,4.0,nan,nan,18.0,10.0,nan,24.0
21,龍潭,2016-10-16,29,3.0,nan,nan,29.0,10.0,nan,22.0
22,湖口,2016-10-16,43,7.0,nan,nan,27.0,9.0,nan,43.0
23,竹東,2016-10-16,104,10.0,nan,nan,48.0,14.0,nan,104.0
24,新竹,2016-10-16,63,9.0,nan,nan,41.0,32.0,nan,63.0
25,頭份,2016-10-16,83,9.0,nan,nan,52.0,20.0,nan,83.0
26,苗栗,2016-10-16,100,13.0,nan,nan,62.0,24.0,nan,100.0
27,三義,2016-10-16,106,16.0,nan,nan,68.0,14.0,nan,106.0
28,豐原,2016-10-16,144,9.0,nan,nan,58.0,15.0,nan,144.0
29,沙鹿,2016-10-16,135,27.0,nan,nan,77.0,29.0,nan,135.0
30,大里,2016-10-16,128,10.0,nan,nan,72.0,34.0,nan,128.0
31,忠明,2016-10-16,144,7.0,nan,nan,66.0,40.0,nan,144.0
32,西屯,2016-10-16,144,9.0,nan,nan,71.0,27.0,nan,144.0
33,彰化,2016-10-16,153,13.0,nan,nan,74.0,25.0,nan,153.0
34,線西,2016-10-16,137,13.0,nan,nan,69.0,19.0,nan,137.0
35,二林,2016-10-16,115,11.0,nan,nan,78.0,19.0,nan,115.0
36,南投,2016-10-16,119,6.0,nan,nan,67.0,11.0,nan,119.0
37,斗六,2016-10-16,144,7.0,nan,nan,64.0,16.0,nan,144.0
84,富貴角,2016-10-16,-1,nan,nan,nan,nan,nan,nan,nan
39,新港,2016-10-16,110,4.0,nan,nan,66.0,14.0,nan,110.0
69,竹山,2016-10-16,135,7.0,nan,nan,70.0,16.0,nan,135.0
40,朴子,2016-10-16,79,7.0,nan,nan,62.0,10.0,nan,79.0
41,臺西,2016-10-16,89,23.0,nan,nan,44.0,30.0,nan,89.0
68,中壢,2016-10-16,26,4.0,nan,nan,26.0,14.0,nan,19.0
42,嘉義,2016-10-16,109,6.0,nan,nan,60.0,18.0,nan,109.0
67,三重,2016-10-16,25,6.0,nan,nan,25.0,20.0,nan,21.0
43,新營,2016-10-16,110,6.0,nan,nan,66.0,12.0,nan,110.0
44,善化,2016-10-16,109,9.0,nan,nan,58.0,21.0,nan,109.0
28,豐原,2016-10-17,154,9.0,nan,107.0,68.0,22.0,nan,154.0
50,鳳山,2016-10-17,116,10.0,nan,nan,80.0,34.0,nan,116.0
49,仁武,2016-10-17,111,11.0,nan,nan,73.0,27.0,nan,111.0
80,關山,2016-10-17,15,3.0,nan,nan,12.0,5.0,nan,15.0
78,馬公,2016-10-17,40,6.0,nan,nan,26.0,6.0,nan,40.0
51,大寮,2016-10-17,109,30.0,nan,nan,79.0,29.0,nan,109.0
48,橋頭,2016-10-17,86,7.0,nan,nan,60.0,19.0,nan,86.0
83,麥寮,2016-10-17,93,13.0,nan,nan,73.0,18.0,nan,93.0
77,金門,2016-10-17,29,4.0,nan,nan,29.0,8.0,nan,18.0
47,美濃,2016-10-17,70,7.0,nan,nan,50.0,10.0,nan,70.0
75,馬祖,2016-10-17,78,4.0,nan,nan,45.0,6.0,nan,78.0
52,林園,2016-10-17,103,19.0,nan,nan,47.0,19.0,nan,103.0
53,楠梓,2016-10-17,86,6.0,nan,nan,68.0,20.0,nan,86.0
72,埔里,2016-10-17,113,6.0,nan,nan,52.0,21.0,nan,113.0
54,左營,2016-10-17,118,10.0,nan,nan,62.0,23.0,nan,118.0
71,復興,2016-10-17,81,13.0,nan,nan,51.0,36.0,nan,81.0
56,前金,2016-10-17,96,7.0,nan,nan,54.0,27.0,nan,96.0
70,永和,2016-10-17,11,3.0,nan,nan,9.0,11.0,nan,10.0
69,竹山,2016-10-17,116,9.0,nan,nan,61.0,14.0,nan,116.0
57,前鎮,2016-10-17,79,14.0,nan,nan,57.0,30.0,nan,79.0
46,臺南,2016-10-17,95,7.0,nan,nan,50.0,19.0,nan,95.0
45,安南,2016-10-17,95,7.0,nan,nan,59.0,17.0,nan,95.0
58,小港,2016-10-17,92,29.0,nan,nan,61.0,43.0,nan,92.0
44,善化,2016-10-17,116,7.0,nan,nan,63.0,16.0,nan,116.0
43,新營,2016-10-17,120,9.0,nan,nan,71.0,15.0,nan,120.0
59,屏東,2016-10-17,128,10.0,nan,nan,66.0,20.0,nan,128.0
42,嘉義,2016-10-17,118,9.0,nan,nan,59.0,18.0,nan,118.0
60,潮州,2016-10-17,109,13.0,nan,104.0,67.0,21.0,nan,109.0
41,臺西,2016-10-17,95,19.0,nan,nan,52.0,20.0,nan,95.0
68,中壢,2016-10-17,19,6.0,nan,nan,19.0,15.0,nan,15.0
61,恆春,2016-10-17,14,1.0,nan,nan,14.0,3.0,nan,8.0
67,三重,2016-10-17,25,6.0,nan,nan,25.0,18.0,nan,17.0
65,宜蘭,2016-10-17,19,3.0,nan,nan,19.0,10.0,nan,6.0
62,臺東,2016-10-17,26,3.0,nan,nan,26.0,4.0,nan,7.0
64,陽明,2016-10-17,16,16.0,1.0,nan,5.0,7.0,10.0,6.0
40,朴子,2016-10-17,100,9.0,nan,nan,70.0,12.0,nan,100.0
63,花蓮,2016-10-17,19,6.0,nan,nan,13.0,10.0,nan,19.0
39,新港,2016-10-17,121,11.0,nan,nan,72.0,16.0,nan,121.0
38,崙背,2016-10-17,144,10.0,nan,nan,70.0,14.0,nan,144.0
37,斗六,2016-10-17,132,9.0,nan,nan,62.0,18.0,nan,132.0
36,南投,2016-10-17,133,10.0,nan,nan,74.0,24.0,nan,133.0
35,二林,2016-10-17,134,11.0,nan,nan,85.0,18.0,nan,134.0
34,線西,2016-10-17,148,21.0,nan,nan,71.0,22.0,nan,148.0
33,彰化,2016-10-17,157,16.0,nan,nan,80.0,23.0,nan,157.0
32,西屯,2016-10-17,154,17.0,nan,nan,80.0,35.0,nan,154.0
31,忠明,2016-10-17,153,13.0,nan,112.0,77.0,31.0,nan,153.0
30,大里,2016-10-17,141,11.0,nan,nan,82.0,35.0,nan,141.0
29,沙鹿,2016-10-17,134,17.0,nan,nan,79.0,34.0,nan,134.0
27,三義,2016-10-17,118,9.0,nan,nan,66.0,24.0,nan,118.0
26,苗栗,2016-10-17,124,13.0,nan,nan,66.0,33.0,nan,124.0
25,頭份,2016-10-17,68,4.0,nan,nan,45.0,24.0,nan,68.0
24,新竹,2016-10-17,17,3.0,nan,nan,17.0,14.0,nan,14.0
23,竹東,2016-10-17,61,6.0,nan,nan,25.0,11.0,nan,61.0
22,湖口,2016-10-17,25,6.0,nan,nan,16.0,9.0,nan,25.0
21,龍潭,2016-10-17,24,3.0,nan,nan,24.0,10.0,nan,14.0
20,平鎮,2016-10-17,22,4.0,nan,nan,22.0,10.0,nan,19.0
19,觀音,2016-10-17,30,13.0,nan,nan,30.0,13.0,nan,26.0
18,大園,2016-10-17,26,6.0,nan,nan,26.0,10.0,nan,21.0
17,桃園,2016-10-17,22,7.0,nan,nan,12.0,11.0,nan,22.0
66,冬山,2016-10-17,11,6.0,nan,nan,6.0,11.0,nan,9.0
16,大同,2016-10-17,24,6.0,11.0,nan,24.0,14.0,nan,17.0
15,松山,2016-10-17,18,3.0,3.0,nan,13.0,12.0,9.0,18.0
14,古亭,2016-10-17,13,3.0,5.0,nan,11.0,13.0,10.0,10.0
13,萬華,2016-10-17,22,3.0,5.0,nan,13.0,13.0,9.0,22.0
12,中山,2016-10-17,15,3.0,7.0,nan,12.0,14.0,9.0,15.0
11,士林,2016-10-17,17,3.0,1.0,nan,11.0,5.0,13.0,17.0
10,淡水,2016-10-17,22,6.0,nan,nan,16.0,6.0,nan,22.0
9,林口,2016-10-17,24,4.0,nan,nan,24.0,9.0,nan,22.0
8,菜寮,2016-10-17,16,3.0,nan,nan,6.0,10.0,nan,16.0
7,新莊,2016-10-17,21,3.0,nan,nan,8.0,12.0,nan,21.0
6,板橋,2016-10-17,14,3.0,nan,nan,11.0,14.0,nan,9.0
5,土城,2016-10-17,13,3.0,nan,nan,12.0,13.0,nan,11.0
4,新店,2016-10-17,25,3.0,nan,nan,nan,11.0,nan,25.0
3,萬里,2016-10-17,17,6.0,nan,nan,17.0,5.0,nan,12.0
2,汐止,2016-10-17,9,3.0,nan,nan,6.0,9.0,nan,8.0
1,基隆,2016-10-17,11,1.0,nan,nan,11.0,7.0,nan,10.0
84,富貴角,2016-10-17,-1,nan,nan,nan,nan,nan,nan,nan
69,竹山,2016-10-18,105,9.0,nan,nan,60.0,17.0,nan,105.0
7,新莊,2016-10-18,21,3.0,nan,nan,13.0,17.0,nan,21.0
68,中壢,2016-10-18,27,6.0,nan,nan,27.0,18.0,nan,14.0
6,板橋,2016-10-18,17,3.0,nan,nan,12.0,17.0,nan,16.0
67,三重,2016-10-18,27,6.0,nan,nan,27.0,24.0,nan,21.0
5,土城,2016-10-18,12,3.0,nan,nan,9.0,10.0,nan,12.0
65,宜蘭,2016-10-18,20,6.0,nan,nan,20.0,9.0,nan,7.0
64,陽明,2016-10-18,20,20.0,1.0,nan,6.0,13.0,14.0,11.0
63,花蓮,2016-10-18,14,4.0,nan,nan,13.0,9.0,nan,14.0
4,新店,2016-10-18,28,3.0,nan,nan,10.0,9.0,nan,28.0
62,臺東,2016-10-18,15,3.0,nan,nan,15.0,7.0,nan,7.0
3,萬里,2016-10-18,25,10.0,nan,nan,25.0,8.0,nan,15.0
61,恆春,2016-10-18,15,1.0,nan,nan,15.0,2.0,nan,6.0
2,汐止,2016-10-18,15,4.0,nan,nan,8.0,15.0,nan,12.0
60,潮州,2016-10-18,87,16.0,nan,nan,58.0,18.0,nan,87.0
59,屏東,2016-10-18,80,13.0,nan,nan,48.0,27.0,nan,80.0
1,基隆,2016-10-18,13,1.0,nan,nan,10.0,13.0,nan,12.0
58,小港,2016-10-18,62,30.0,nan,nan,48.0,39.0,nan,62.0
57,前鎮,2016-10-18,48,10.0,nan,nan,43.0,15.0,nan,48.0
84,富貴角,2016-10-18,-1,nan,nan,nan,nan,nan,nan,nan
56,前金,2016-10-18,61,6.0,nan,nan,50.0,23.0,nan,61.0
54,左營,2016-10-18,69,7.0,nan,nan,46.0,15.0,nan,69.0
53,楠梓,2016-10-18,58,11.0,nan,nan,56.0,22.0,nan,58.0
52,林園,2016-10-18,84,11.0,nan,nan,39.0,18.0,nan,84.0
51,大寮,2016-10-18,70,16.0,nan,nan,64.0,26.0,nan,70.0
50,鳳山,2016-10-18,56,10.0,nan,nan,55.0,18.0,nan,56.0
49,仁武,2016-10-18,68,16.0,nan,nan,54.0,20.0,nan,68.0
48,橋頭,2016-10-18,57,9.0,nan,nan,47.0,17.0,nan,57.0
47,美濃,2016-10-18,59,4.0,nan,nan,44.0,15.0,nan,59.0
46,臺南,2016-10-18,66,7.0,nan,nan,37.0,17.0,nan,66.0
45,安南,2016-10-18,65,9.0,nan,nan,45.0,24.0,nan,65.0
44,善化,2016-10-18,82,6.0,nan,nan,44.0,23.0,nan,82.0
43,新營,2016-10-18,75,7.0,nan,nan,54.0,15.0,nan,75.0
42,嘉義,2016-10-18,75,13.0,nan,nan,50.0,14.0,nan,75.0
41,臺西,2016-10-18,83,14.0,nan,nan,50.0,23.0,nan,83.0
40,朴子,2016-10-18,76,7.0,nan,nan,59.0,14.0,nan,76.0
39,新港,2016-10-18,79,17.0,nan,nan,56.0,17.0,nan,79.0
38,崙背,2016-10-18,106,4.0,nan,nan,54.0,15.0,nan,106.0
37,斗六,2016-10-18,98,10.0,nan,nan,53.0,21.0,nan,98.0
36,南投,2016-10-18,129,9.0,nan,nan,73.0,31.0,nan,129.0
35,二林,2016-10-18,80,7.0,nan,nan,68.0,18.0,nan,80.0
34,線西,2016-10-18,104,17.0,nan,nan,61.0,27.0,nan,104.0
33,彰化,2016-10-18,114,13.0,nan,nan,60.0,30.0,nan,114.0
32,西屯,2016-10-18,148,16.0,nan,nan,72.0,42.0,nan,148.0
31,忠明,2016-10-18,135,20.0,nan,nan,68.0,45.0,nan,135.0
30,大里,2016-10-18,121,11.0,nan,nan,75.0,46.0,nan,121.0
29,沙鹿,2016-10-18,120,23.0,nan,nan,79.0,44.0,nan,120.0
28,豐原,2016-10-18,154,13.0,nan,nan,64.0,23.0,nan,154.0
27,三義,2016-10-18,129,10.0,nan,nan,67.0,20.0,nan,129.0
26,苗栗,2016-10-18,120,11.0,nan,nan,68.0,30.0,nan,120.0
25,頭份,2016-10-18,93,10.0,nan,nan,58.0,31.0,nan,93.0
24,新竹,2016-10-18,42,4.0,nan,nan,30.0,19.0,nan,42.0
23,竹東,2016-10-18,92,6.0,nan,nan,44.0,15.0,nan,92.0
22,湖口,2016-10-18,29,7.0,nan,nan,20.0,13.0,nan,29.0
21,龍潭,2016-10-18,22,3.0,nan,nan,22.0,11.0,nan,21.0
20,平鎮,2016-10-18,19,4.0,nan,nan,19.0,8.0,nan,11.0
19,觀音,2016-10-18,26,14.0,nan,nan,25.0,19.0,nan,26.0
18,大園,2016-10-18,22,6.0,nan,nan,19.0,15.0,nan,22.0
17,桃園,2016-10-18,23,7.0,nan,nan,14.0,11.0,nan,23.0
66,冬山,2016-10-18,17,9.0,nan,nan,16.0,17.0,nan,12.0
16,大同,2016-10-18,27,6.0,12.0,nan,27.0,21.0,nan,15.0
15,松山,2016-10-18,22,4.0,3.0,nan,17.0,16.0,10.0,22.0
14,古亭,2016-10-18,17,3.0,3.0,nan,9.0,10.0,15.0,17.0
13,萬華,2016-10-18,21,4.0,5.0,nan,14.0,21.0,8.0,20.0
12,中山,2016-10-18,19,4.0,7.0,nan,13.0,19.0,8.0,16.0
11,士林,2016-10-18,18,3.0,2.0,nan,14.0,8.0,18.0,17.0
10,淡水,2016-10-18,22,7.0,nan,nan,14.0,8.0,nan,22.0
9,林口,2016-10-18,26,3.0,nan,nan,26.0,15.0,nan,22.0
83,麥寮,2016-10-18,85,20.0,nan,nan,65.0,25.0,nan,85.0
80,關山,2016-10-18,13,3.0,nan,nan,10.0,5.0,nan,13.0
78,馬公,2016-10-18,48,4.0,nan,nan,35.0,10.0,nan,48.0
8,菜寮,2016-10-18,14,3.0,nan,nan,8.0,13.0,nan,14.0
77,金門,2016-10-18,27,9.0,nan,nan,27.0,19.0,nan,22.0
75,馬祖,2016-10-18,48,3.0,nan,nan,30.0,4.0,nan,48.0
72,埔里,2016-10-18,123,7.0,nan,nan,54.0,19.0,nan,123.0
71,復興,2016-10-18,47,13.0,nan,nan,35.0,24.0,nan,47.0
70,永和,2016-10-18,10,1.0,nan,nan,7.0,10.0,nan,9.0
83,麥寮,2016-10-19,109,11.0,nan,nan,78.0,14.0,nan,109.0
80,關山,2016-10-19,16,1.0,nan,nan,16.0,5.0,nan,13.0
78,馬公,2016-10-19,46,7.0,nan,nan,34.0,7.0,nan,46.0
77,金門,2016-10-19,31,10.0,nan,nan,31.0,13.0,nan,23.0
75,馬祖,2016-10-19,72,4.0,nan,nan,43.0,4.0,nan,72.0
72,埔里,2016-10-19,125,6.0,nan,nan,54.0,18.0,nan,125.0
71,復興,2016-10-19,60,26.0,nan,nan,43.0,34.0,nan,60.0
70,永和,2016-10-19,13,3.0,nan,nan,11.0,9.0,nan,13.0
69,竹山,2016-10-19,131,7.0,nan,nan,73.0,16.0,nan,131.0
68,中壢,2016-10-19,29,3.0,nan,nan,29.0,16.0,nan,14.0
67,三重,2016-10-19,29,6.0,nan,nan,29.0,22.0,nan,24.0
65,宜蘭,2016-10-19,25,3.0,nan,nan,25.0,11.0,nan,8.0
64,陽明,2016-10-19,16,14.0,1.0,nan,6.0,10.0,16.0,14.0
63,花蓮,2016-10-19,29,9.0,nan,nan,21.0,13.0,nan,29.0
62,臺東,2016-10-19,35,3.0,nan,nan,35.0,6.0,nan,13.0
61,恆春,2016-10-19,17,1.0,nan,nan,17.0,2.0,nan,8.0
60,潮州,2016-10-19,85,19.0,nan,nan,53.0,18.0,nan,85.0
59,屏東,2016-10-19,110,9.0,nan,nan,57.0,25.0,nan,110.0
58,小港,2016-10-19,76,36.0,nan,nan,57.0,35.0,nan,76.0
57,前鎮,2016-10-19,55,23.0,nan,nan,46.0,26.0,nan,55.0
56,前金,2016-10-19,66,17.0,nan,nan,46.0,17.0,nan,66.0
54,左營,2016-10-19,86,13.0,nan,nan,49.0,19.0,nan,86.0
53,楠梓,2016-10-19,73,6.0,nan,nan,59.0,26.0,nan,73.0
52,林園,2016-10-19,87,16.0,nan,nan,42.0,25.0,nan,87.0
51,大寮,2016-10-19,80,23.0,nan,nan,69.0,28.0,nan,80.0
50,鳳山,2016-10-19,81,23.0,nan,nan,63.0,33.0,nan,81.0
49,仁武,2016-10-19,86,16.0,nan,nan,61.0,21.0,nan,86.0
48,橋頭,2016-10-19,69,10.0,nan,nan,53.0,21.0,nan,69.0
47,美濃,2016-10-19,61,13.0,nan,nan,47.0,17.0,nan,61.0
46,臺南,2016-10-19,82,14.0,nan,nan,42.0,25.0,nan,82.0
45,安南,2016-10-19,78,9.0,nan,nan,52.0,23.0,nan,78.0
44,善化,2016-10-19,82,9.0,nan,nan,54.0,13.0,nan,82.0
43,新營,2016-10-19,87,10.0,nan,nan,58.0,18.0,nan,87.0
42,嘉義,2016-10-19,98,13.0,nan,nan,54.0,20.0,nan,98.0
41,臺西,2016-10-19,93,10.0,nan,nan,60.0,14.0,nan,93.0
40,朴子,2016-10-19,87,7.0,nan,nan,68.0,16.0,nan,87.0
39,新港,2016-10-19,108,9.0,nan,nan,67.0,14.0,nan,108.0
38,崙背,2016-10-19,149,9.0,nan,nan,74.0,15.0,nan,149.0
37,斗六,2016-10-19,132,7.0,nan,nan,65.0,26.0,nan,132.0
36,南投,2016-10-19,146,7.0,nan,nan,83.0,25.0,nan,146.0
35,二林,2016-10-19,117,14.0,nan,nan,84.0,20.0,nan,117.0
34,線西,2016-10-19,113,13.0,nan,nan,68.0,34.0,nan,113.0
33,彰化,2016-10-19,141,11.0,nan,nan,74.0,32.0,nan,141.0
32,西屯,2016-10-19,152,27.0,nan,nan,75.0,36.0,nan,152.0
31,忠明,2016-10-19,153,14.0,nan,nan,85.0,36.0,nan,153.0
30,大里,2016-10-19,145,14.0,nan,nan,88.0,38.0,nan,145.0
29,沙鹿,2016-10-19,125,16.0,nan,nan,81.0,44.0,nan,125.0
28,豐原,2016-10-19,157,16.0,nan,nan,71.0,24.0,nan,157.0
27,三義,2016-10-19,113,13.0,nan,nan,66.0,25.0,nan,113.0
26,苗栗,2016-10-19,125,10.0,nan,nan,64.0,17.0,nan,125.0
25,頭份,2016-10-19,92,11.0,nan,nan,62.0,31.0,nan,92.0
24,新竹,2016-10-19,50,9.0,nan,nan,36.0,30.0,nan,50.0
23,竹東,2016-10-19,118,7.0,nan,nan,54.0,19.0,nan,118.0
22,湖口,2016-10-19,20,7.0,nan,nan,17.0,11.0,nan,20.0
21,龍潭,2016-10-19,21,3.0,nan,nan,21.0,12.0,nan,13.0
20,平鎮,2016-10-19,21,4.0,nan,nan,19.0,8.0,nan,21.0
19,觀音,2016-10-19,31,13.0,nan,nan,25.0,16.0,nan,31.0
18,大園,2016-10-19,31,4.0,nan,nan,24.0,12.0,nan,31.0
17,桃園,2016-10-19,16,7.0,nan,nan,15.0,11.0,nan,16.0
66,冬山,2016-10-19,14,7.0,nan,nan,14.0,13.0,nan,13.0
16,大同,2016-10-19,30,4.0,11.0,nan,30.0,19.0,nan,20.0
15,松山,2016-10-19,19,3.0,3.0,nan,14.0,11.0,15.0,19.0
14,古亭,2016-10-19,17,3.0,3.0,nan,12.0,9.0,17.0,16.0
13,萬華,2016-10-19,20,3.0,5.0,nan,18.0,15.0,13.0,20.0
12,中山,2016-10-19,24,4.0,6.0,nan,16.0,17.0,13.0,24.0
11,士林,2016-10-19,19,3.0,1.0,nan,18.0,5.0,19.0,16.0
10,淡水,2016-10-19,25,6.0,nan,nan,16.0,8.0,nan,25.0
9,林口,2016-10-19,31,4.0,nan,nan,31.0,11.0,nan,30.0
8,菜寮,2016-10-19,16,3.0,nan,nan,10.0,12.0,nan,16.0
7,新莊,2016-10-19,25,3.0,nan,nan,16.0,13.0,nan,25.0
6,板橋,2016-10-19,17,4.0,nan,nan,14.0,13.0,nan,17.0
5,土城,2016-10-19,12,3.0,nan,nan,11.0,12.0,nan,7.0
4,新店,2016-10-19,25,3.0,nan,nan,8.0,9.0,nan,25.0
3,萬里,2016-10-19,24,6.0,nan,nan,24.0,7.0,nan,17.0
2,汐止,2016-10-19,14,4.0,nan,nan,10.0,11.0,nan,14.0
1,基隆,2016-10-19,15,3.0,nan,nan,15.0,8.0,nan,14.0
84,富貴角,2016-10-19,-1,nan,nan,nan,nan,nan,nan,nan
50,鳳山,2016-10-20,145,9.0,nan,nan,94.0,34.0,nan,145.0
21,龍潭,2016-10-20,62,9.0,nan,nan,44.0,31.0,nan,62.0
22,湖口,2016-10-20,146,16.0,nan,146.0,64.0,39.0,nan,114.0
4,新店,2016-10-20,22,4.0,nan,nan,13.0,7.0,nan,22.0
23,竹東,2016-10-20,114,10.0,nan,109.0,55.0,26.0,nan,114.0
64,陽明,2016-10-20,17,7.0,1.0,nan,6.0,6.0,17.0,9.0
24,新竹,2016-10-20,122,13.0,nan,122.0,65.0,38.0,nan,114.0
63,花蓮,2016-10-20,32,6.0,nan,nan,17.0,9.0,nan,32.0
25,頭份,2016-10-20,160,16.0,nan,160.0,82.0,32.0,nan,137.0
72,埔里,2016-10-20,60,3.0,nan,nan,28.0,11.0,nan,60.0
26,苗栗,2016-10-20,153,11.0,nan,129.0,78.0,nan,nan,153.0
27,三義,2016-10-20,141,9.0,nan,126.0,71.0,25.0,nan,141.0
84,富貴角,2016-10-20,-1,nan,nan,nan,nan,nan,nan,nan
28,豐原,2016-10-20,159,21.0,nan,111.0,77.0,32.0,nan,159.0
5,土城,2016-10-20,36,3.0,nan,nan,10.0,36.0,nan,10.0
29,沙鹿,2016-10-20,153,17.0,nan,109.0,92.0,45.0,nan,153.0
62,臺東,2016-10-20,30,3.0,nan,nan,30.0,5.0,nan,18.0
30,大里,2016-10-20,154,11.0,nan,nan,92.0,51.0,nan,154.0
6,板橋,2016-10-20,19,4.0,nan,nan,19.0,13.0,nan,14.0
31,忠明,2016-10-20,156,11.0,nan,105.0,88.0,56.0,nan,156.0
32,西屯,2016-10-20,159,13.0,nan,105.0,85.0,50.0,nan,159.0
71,復興,2016-10-20,85,17.0,nan,nan,57.0,48.0,nan,85.0
33,彰化,2016-10-20,154,14.0,nan,nan,79.0,29.0,nan,154.0
61,恆春,2016-10-20,28,1.0,nan,nan,28.0,3.0,nan,16.0
34,線西,2016-10-20,142,16.0,nan,114.0,76.0,25.0,nan,142.0
35,二林,2016-10-20,133,11.0,nan,nan,85.0,18.0,nan,133.0
36,南投,2016-10-20,142,10.0,nan,nan,77.0,17.0,nan,142.0
7,新莊,2016-10-20,26,3.0,nan,nan,17.0,10.0,nan,26.0
37,斗六,2016-10-20,159,10.0,nan,nan,78.0,25.0,nan,159.0
38,崙背,2016-10-20,139,9.0,nan,nan,70.0,16.0,nan,139.0
70,永和,2016-10-20,16,3.0,nan,nan,13.0,7.0,nan,16.0
39,新港,2016-10-20,135,14.0,nan,nan,76.0,26.0,nan,135.0
8,菜寮,2016-10-20,19,3.0,nan,nan,13.0,9.0,nan,19.0
40,朴子,2016-10-20,102,9.0,nan,nan,71.0,24.0,nan,102.0
60,潮州,2016-10-20,97,10.0,nan,nan,55.0,35.0,nan,97.0
41,臺西,2016-10-20,89,21.0,nan,nan,57.0,26.0,nan,89.0
42,嘉義,2016-10-20,154,9.0,nan,nan,74.0,25.0,nan,154.0
9,林口,2016-10-20,32,3.0,nan,nan,32.0,9.0,nan,29.0
43,新營,2016-10-20,130,10.0,nan,nan,73.0,25.0,nan,130.0
83,麥寮,2016-10-20,95,10.0,nan,nan,73.0,16.0,nan,95.0
44,善化,2016-10-20,148,10.0,nan,nan,75.0,27.0,nan,148.0
59,屏東,2016-10-20,115,10.0,nan,nan,66.0,37.0,nan,115.0
45,安南,2016-10-20,123,7.0,nan,nan,68.0,29.0,nan,123.0
10,淡水,2016-10-20,29,4.0,nan,nan,22.0,3.0,nan,29.0
11,士林,2016-10-20,20,3.0,2.0,nan,19.0,7.0,17.0,20.0
12,中山,2016-10-20,21,3.0,5.0,nan,18.0,12.0,12.0,21.0
49,仁武,2016-10-20,109,13.0,nan,nan,74.0,36.0,nan,109.0
46,臺南,2016-10-20,136,7.0,nan,nan,65.0,40.0,nan,136.0
47,美濃,2016-10-20,57,11.0,nan,nan,44.0,14.0,nan,57.0
48,橋頭,2016-10-20,79,10.0,nan,nan,64.0,30.0,nan,79.0
1,基隆,2016-10-20,20,3.0,nan,nan,17.0,4.0,nan,20.0
58,小港,2016-10-20,98,33.0,nan,nan,79.0,53.0,nan,98.0
2,汐止,2016-10-20,15,3.0,nan,nan,8.0,11.0,nan,15.0
13,萬華,2016-10-20,24,3.0,3.0,nan,19.0,11.0,12.0,24.0
57,前鎮,2016-10-20,85,20.0,nan,nan,63.0,42.0,nan,85.0
69,竹山,2016-10-20,132,23.0,nan,nan,70.0,18.0,nan,132.0
56,前金,2016-10-20,120,11.0,nan,nan,67.0,37.0,nan,120.0
14,古亭,2016-10-20,19,3.0,2.0,nan,14.0,7.0,15.0,19.0
68,中壢,2016-10-20,40,7.0,nan,nan,30.0,40.0,nan,22.0
54,左營,2016-10-20,129,11.0,nan,nan,68.0,23.0,nan,129.0
15,松山,2016-10-20,22,3.0,2.0,nan,16.0,9.0,15.0,22.0
77,金門,2016-10-20,35,9.0,nan,nan,35.0,11.0,nan,24.0
16,大同,2016-10-20,30,4.0,17.0,nan,30.0,18.0,nan,23.0
75,馬祖,2016-10-20,37,3.0,nan,nan,33.0,3.0,nan,37.0
66,冬山,2016-10-20,22,4.0,nan,nan,22.0,13.0,nan,9.0
53,楠梓,2016-10-20,73,10.0,nan,nan,73.0,33.0,nan,nan
52,林園,2016-10-20,85,16.0,nan,nan,46.0,25.0,nan,85.0
67,三重,2016-10-20,31,6.0,nan,nan,31.0,23.0,nan,20.0
17,桃園,2016-10-20,22,6.0,nan,nan,16.0,8.0,nan,22.0
3,萬里,2016-10-20,19,10.0,nan,nan,19.0,7.0,nan,17.0
18,大園,2016-10-20,31,6.0,nan,nan,26.0,10.0,nan,31.0
51,大寮,2016-10-20,110,13.0,nan,nan,110.0,45.0,nan,93.0
19,觀音,2016-10-20,63,11.0,nan,nan,45.0,23.0,nan,63.0
80,關山,2016-10-20,13,1.0,nan,nan,8.0,8.0,nan,13.0
20,平鎮,2016-10-20,33,10.0,nan,nan,27.0,31.0,nan,33.0
65,宜蘭,2016-10-20,32,3.0,nan,nan,32.0,7.0,nan,16.0
78,馬公,2016-10-20,36,4.0,nan,nan,36.0,5.0,nan,36.0
51,大寮,2016-10-21,173,3.0,nan,nan,173.0,7.0,nan,35.0
49,仁武,2016-10-21,52,7.0,nan,nan,52.0,18.0,nan,36.0
48,橋頭,2016-10-21,33,9.0,nan,nan,33.0,17.0,nan,14.0
47,美濃,2016-10-21,25,3.0,nan,nan,25.0,8.0,nan,13.0
46,臺南,2016-10-21,47,7.0,nan,nan,34.0,19.0,nan,47.0
45,安南,2016-10-21,56,9.0,nan,nan,47.0,21.0,nan,56.0
44,善化,2016-10-21,45,10.0,nan,nan,44.0,16.0,nan,45.0
43,新營,2016-10-21,72,7.0,nan,nan,57.0,18.0,nan,72.0
42,嘉義,2016-10-21,52,4.0,nan,nan,47.0,16.0,nan,52.0
41,臺西,2016-10-21,65,7.0,nan,nan,44.0,13.0,nan,65.0
40,朴子,2016-10-21,53,9.0,nan,nan,52.0,16.0,nan,53.0
39,新港,2016-10-21,81,7.0,nan,nan,55.0,19.0,nan,81.0
38,崙背,2016-10-21,97,6.0,nan,nan,52.0,16.0,nan,97.0
37,斗六,2016-10-21,68,7.0,nan,nan,42.0,16.0,nan,68.0
36,南投,2016-10-21,58,4.0,nan,nan,35.0,24.0,nan,58.0
35,二林,2016-10-21,81,9.0,nan,nan,61.0,22.0,nan,81.0
34,線西,2016-10-21,103,11.0,nan,nan,54.0,27.0,nan,103.0
33,彰化,2016-10-21,89,13.0,nan,nan,49.0,25.0,nan,89.0
32,西屯,2016-10-21,96,9.0,nan,nan,53.0,42.0,nan,96.0
31,忠明,2016-10-21,86,7.0,nan,nan,44.0,36.0,nan,86.0
30,大里,2016-10-21,81,9.0,nan,nan,54.0,36.0,nan,81.0
29,沙鹿,2016-10-21,79,16.0,nan,nan,57.0,31.0,nan,79.0
28,豐原,2016-10-21,98,10.0,nan,nan,42.0,22.0,nan,98.0
27,三義,2016-10-21,69,7.0,nan,nan,43.0,22.0,nan,69.0
26,苗栗,2016-10-21,72,9.0,nan,nan,50.0,25.0,nan,72.0
25,頭份,2016-10-21,76,10.0,nan,nan,54.0,24.0,nan,76.0
24,新竹,2016-10-21,71,6.0,nan,nan,53.0,31.0,nan,71.0
23,竹東,2016-10-21,67,4.0,nan,nan,32.0,18.0,nan,67.0
22,湖口,2016-10-21,82,10.0,nan,nan,57.0,29.0,nan,82.0
21,龍潭,2016-10-21,66,6.0,nan,nan,45.0,25.0,nan,66.0
20,平鎮,2016-10-21,64,11.0,nan,nan,46.0,35.0,nan,64.0
19,觀音,2016-10-21,123,9.0,nan,nan,67.0,25.0,nan,123.0
18,大園,2016-10-21,81,16.0,nan,nan,57.0,34.0,nan,81.0
17,桃園,2016-10-21,56,31.0,nan,nan,37.0,44.0,nan,56.0
66,冬山,2016-10-21,13,3.0,nan,nan,11.0,13.0,nan,6.0
16,大同,2016-10-21,48,10.0,27.0,nan,40.0,48.0,nan,44.0
15,松山,2016-10-21,22,6.0,7.0,nan,15.0,21.0,22.0,22.0
14,古亭,2016-10-21,31,4.0,8.0,nan,19.0,29.0,31.0,27.0
13,萬華,2016-10-21,53,11.0,15.0,nan,27.0,53.0,26.0,42.0
12,中山,2016-10-21,48,9.0,12.0,nan,26.0,48.0,23.0,35.0
11,士林,2016-10-21,48,11.0,10.0,nan,31.0,34.0,28.0,48.0
10,淡水,2016-10-21,50,30.0,nan,nan,34.0,29.0,nan,50.0
9,林口,2016-10-21,60,14.0,nan,nan,53.0,32.0,nan,60.0
8,菜寮,2016-10-21,56,14.0,nan,nan,38.0,38.0,nan,56.0
7,新莊,2016-10-21,50,13.0,nan,nan,37.0,41.0,nan,50.0
6,板橋,2016-10-21,44,24.0,nan,nan,39.0,44.0,nan,41.0
5,土城,2016-10-21,44,7.0,nan,nan,30.0,44.0,nan,43.0
4,新店,2016-10-21,28,3.0,nan,nan,11.0,20.0,nan,28.0
3,萬里,2016-10-21,28,6.0,nan,nan,23.0,19.0,nan,28.0
2,汐止,2016-10-21,23,6.0,nan,nan,13.0,23.0,nan,21.0
1,基隆,2016-10-21,29,14.0,nan,nan,18.0,29.0,nan,29.0
84,富貴角,2016-10-21,-1,nan,nan,nan,nan,nan,nan,nan
83,麥寮,2016-10-21,68,10.0,nan,nan,57.0,13.0,nan,68.0
80,關山,2016-10-21,16,3.0,nan,nan,16.0,9.0,nan,13.0
78,馬公,2016-10-21,40,4.0,nan,nan,34.0,10.0,nan,40.0
77,金門,2016-10-21,37,9.0,nan,nan,37.0,11.0,nan,29.0
75,馬祖,2016-10-21,42,4.0,nan,nan,42.0,13.0,nan,21.0
72,埔里,2016-10-21,45,6.0,nan,nan,22.0,22.0,nan,45.0
71,復興,2016-10-21,37,17.0,nan,nan,37.0,22.0,nan,25.0
70,永和,2016-10-21,58,7.0,nan,nan,18.0,58.0,nan,28.0
69,竹山,2016-10-21,57,9.0,nan,nan,34.0,19.0,nan,57.0
68,中壢,2016-10-21,74,10.0,nan,nan,51.0,44.0,nan,74.0
67,三重,2016-10-21,60,14.0,nan,nan,43.0,60.0,nan,46.0
65,宜蘭,2016-10-21,24,4.0,nan,nan,24.0,12.0,nan,14.0
64,陽明,2016-10-21,41,4.0,2.0,nan,10.0,8.0,41.0,25.0
63,花蓮,2016-10-21,22,4.0,nan,nan,13.0,22.0,nan,20.0
62,臺東,2016-10-21,44,3.0,nan,nan,44.0,11.0,nan,20.0
61,恆春,2016-10-21,39,1.0,nan,nan,39.0,2.0,nan,17.0
60,潮州,2016-10-21,33,4.0,nan,nan,28.0,7.0,nan,33.0
59,屏東,2016-10-21,37,3.0,nan,nan,21.0,12.0,nan,37.0
58,小港,2016-10-21,68,57.0,nan,nan,68.0,25.0,nan,53.0
57,前鎮,2016-10-21,53,30.0,nan,nan,53.0,23.0,nan,27.0
56,前金,2016-10-21,43,19.0,nan,nan,43.0,21.0,nan,37.0
54,左營,2016-10-21,53,23.0,nan,nan,43.0,30.0,nan,53.0
53,楠梓,2016-10-21,54,14.0,nan,nan,54.0,23.0,nan,47.0
52,林園,2016-10-21,49,3.0,nan,nan,47.0,2.0,nan,49.0
50,鳳山,2016-10-21,42,3.0,nan,nan,42.0,13.0,nan,19.0
12,中山,2016-10-22,65,49.0,10.0,nan,40.0,61.0,40.0,65.0
45,安南,2016-10-22,28,13.0,nan,nan,28.0,10.0,nan,22.0
2,汐止,2016-10-22,60,37.0,nan,nan,32.0,30.0,nan,60.0
46,臺南,2016-10-22,26,7.0,nan,nan,26.0,11.0,nan,24.0
26,苗栗,2016-10-22,34,7.0,nan,nan,34.0,13.0,nan,26.0
25,頭份,2016-10-22,36,6.0,nan,nan,36.0,17.0,nan,36.0
13,萬華,2016-10-22,62,26.0,9.0,nan,37.0,47.0,41.0,62.0
8,菜寮,2016-10-22,58,44.0,nan,nan,35.0,45.0,nan,58.0
24,新竹,2016-10-22,40,7.0,nan,nan,36.0,25.0,nan,40.0
47,美濃,2016-10-22,33,7.0,nan,nan,33.0,15.0,nan,28.0
1,基隆,2016-10-22,55,20.0,nan,nan,30.0,32.0,nan,55.0
48,橋頭,2016-10-22,21,19.0,nan,nan,21.0,15.0,nan,19.0
23,竹東,2016-10-22,53,7.0,nan,nan,31.0,13.0,nan,53.0
14,古亭,2016-10-22,62,23.0,9.0,nan,37.0,41.0,50.0,62.0
84,富貴角,2016-10-22,-1,nan,nan,nan,nan,nan,nan,nan
83,麥寮,2016-10-22,39,6.0,nan,nan,39.0,10.0,nan,34.0
80,關山,2016-10-22,17,3.0,nan,nan,17.0,7.0,nan,15.0
78,馬公,2016-10-22,35,3.0,nan,nan,20.0,6.0,nan,35.0
15,松山,2016-10-22,62,21.0,7.0,nan,38.0,35.0,45.0,62.0
77,金門,2016-10-22,34,4.0,nan,nan,34.0,12.0,nan,26.0
75,馬祖,2016-10-22,27,4.0,nan,nan,27.0,10.0,nan,23.0
72,埔里,2016-10-22,41,4.0,nan,nan,24.0,13.0,nan,41.0
71,復興,2016-10-22,33,33.0,nan,nan,22.0,32.0,nan,20.0
70,永和,2016-10-22,56,21.0,nan,nan,33.0,54.0,nan,56.0
69,竹山,2016-10-22,37,6.0,nan,nan,30.0,14.0,nan,37.0
68,中壢,2016-10-22,49,7.0,nan,nan,47.0,42.0,nan,49.0
16,大同,2016-10-22,65,44.0,17.0,nan,49.0,48.0,nan,65.0
67,三重,2016-10-22,64,52.0,nan,nan,54.0,56.0,nan,64.0
34,線西,2016-10-22,59,7.0,nan,nan,34.0,13.0,nan,59.0
65,宜蘭,2016-10-22,36,3.0,nan,nan,36.0,12.0,nan,20.0
64,陽明,2016-10-22,42,6.0,2.0,nan,13.0,9.0,42.0,37.0
49,仁武,2016-10-22,34,20.0,nan,nan,34.0,27.0,nan,34.0
66,冬山,2016-10-22,20,7.0,nan,nan,nan,13.0,nan,20.0
58,小港,2016-10-22,36,36.0,nan,nan,31.0,33.0,nan,18.0
57,前鎮,2016-10-22,29,29.0,nan,nan,28.0,26.0,nan,22.0
50,鳳山,2016-10-22,42,36.0,nan,nan,42.0,30.0,nan,33.0
63,花蓮,2016-10-22,34,11.0,nan,nan,27.0,14.0,nan,34.0
56,前金,2016-10-22,38,23.0,nan,nan,34.0,20.0,nan,38.0
17,桃園,2016-10-22,61,19.0,nan,nan,39.0,29.0,nan,61.0
62,臺東,2016-10-22,23,3.0,nan,nan,23.0,15.0,nan,17.0
54,左營,2016-10-22,57,19.0,nan,nan,36.0,25.0,nan,57.0
61,恆春,2016-10-22,27,3.0,nan,nan,27.0,4.0,nan,14.0
18,大園,2016-10-22,53,16.0,nan,nan,40.0,30.0,nan,53.0
21,龍潭,2016-10-22,44,6.0,nan,nan,38.0,20.0,nan,44.0
60,潮州,2016-10-22,35,4.0,nan,nan,31.0,9.0,nan,35.0
53,楠梓,2016-10-22,41,20.0,nan,nan,35.0,18.0,nan,41.0
59,屏東,2016-10-22,45,7.0,nan,nan,30.0,15.0,nan,45.0
22,湖口,2016-10-22,44,9.0,nan,nan,31.0,22.0,nan,44.0
20,平鎮,2016-10-22,50,6.0,nan,nan,37.0,25.0,nan,50.0
52,林園,2016-10-22,31,3.0,nan,nan,29.0,8.0,nan,31.0
19,觀音,2016-10-22,63,14.0,nan,nan,43.0,25.0,nan,63.0
9,林口,2016-10-22,67,14.0,nan,nan,54.0,29.0,nan,67.0
7,新莊,2016-10-22,70,16.0,nan,nan,40.0,40.0,nan,70.0
35,二林,2016-10-22,42,4.0,nan,nan,42.0,13.0,nan,26.0
33,彰化,2016-10-22,51,7.0,nan,nan,34.0,17.0,nan,51.0
36,南投,2016-10-22,48,3.0,nan,nan,33.0,13.0,nan,48.0
10,淡水,2016-10-22,64,19.0,nan,nan,41.0,34.0,nan,64.0
51,大寮,2016-10-22,52,6.0,nan,nan,52.0,9.0,nan,16.0
37,斗六,2016-10-22,39,6.0,nan,nan,31.0,15.0,nan,39.0
6,板橋,2016-10-22,67,16.0,nan,nan,42.0,40.0,nan,67.0
32,西屯,2016-10-22,51,4.0,nan,nan,38.0,23.0,nan,51.0
38,崙背,2016-10-22,41,6.0,nan,nan,27.0,9.0,nan,41.0
31,忠明,2016-10-22,51,4.0,nan,nan,26.0,21.0,nan,51.0
5,土城,2016-10-22,57,14.0,nan,nan,38.0,32.0,nan,57.0
39,新港,2016-10-22,35,6.0,nan,nan,31.0,14.0,nan,35.0
40,朴子,2016-10-22,38,9.0,nan,nan,38.0,15.0,nan,37.0
4,新店,2016-10-22,61,19.0,nan,nan,31.0,38.0,nan,61.0
30,大里,2016-10-22,50,6.0,nan,nan,36.0,16.0,nan,50.0
41,臺西,2016-10-22,36,9.0,nan,nan,22.0,12.0,nan,36.0
11,士林,2016-10-22,63,49.0,8.0,nan,35.0,41.0,47.0,63.0
29,沙鹿,2016-10-22,40,4.0,nan,nan,35.0,21.0,nan,40.0
42,嘉義,2016-10-22,36,7.0,nan,nan,30.0,14.0,nan,36.0
43,新營,2016-10-22,30,11.0,nan,nan,30.0,13.0,nan,29.0
28,豐原,2016-10-22,46,6.0,nan,nan,29.0,14.0,nan,46.0
3,萬里,2016-10-22,53,13.0,nan,nan,37.0,23.0,nan,53.0
44,善化,2016-10-22,33,14.0,nan,nan,24.0,16.0,nan,33.0
27,三義,2016-10-22,26,7.0,nan,nan,26.0,18.0,nan,22.0
27,三義,2016-10-23,24,6.0,nan,nan,23.0,15.0,nan,24.0
83,麥寮,2016-10-23,55,9.0,nan,nan,42.0,13.0,nan,55.0
80,關山,2016-10-23,20,3.0,nan,nan,20.0,4.0,nan,19.0
78,馬公,2016-10-23,41,3.0,nan,nan,12.0,7.0,nan,41.0
77,金門,2016-10-23,53,7.0,nan,nan,40.0,11.0,nan,53.0
75,馬祖,2016-10-23,53,6.0,nan,nan,35.0,17.0,nan,53.0
72,埔里,2016-10-23,43,6.0,nan,nan,25.0,14.0,nan,43.0
71,復興,2016-10-23,32,24.0,nan,nan,19.0,29.0,nan,32.0
70,永和,2016-10-23,50,7.0,nan,nan,29.0,24.0,nan,50.0
69,竹山,2016-10-23,55,9.0,nan,nan,31.0,12.0,nan,55.0
68,中壢,2016-10-23,36,7.0,nan,nan,36.0,29.0,nan,34.0
67,三重,2016-10-23,47,9.0,nan,nan,43.0,36.0,nan,47.0
65,宜蘭,2016-10-23,35,4.0,nan,nan,35.0,8.0,nan,33.0
64,陽明,2016-10-23,36,3.0,2.0,nan,11.0,7.0,36.0,32.0
63,花蓮,2016-10-23,36,9.0,nan,nan,26.0,8.0,nan,36.0
62,臺東,2016-10-23,26,3.0,nan,nan,26.0,7.0,nan,25.0
61,恆春,2016-10-23,19,6.0,nan,nan,19.0,9.0,nan,15.0
60,潮州,2016-10-23,57,7.0,nan,nan,34.0,13.0,nan,57.0
59,屏東,2016-10-23,44,16.0,nan,nan,30.0,15.0,nan,44.0
58,小港,2016-10-23,34,33.0,nan,nan,30.0,34.0,nan,30.0
57,前鎮,2016-10-23,30,30.0,nan,nan,22.0,26.0,nan,30.0
56,前金,2016-10-23,35,16.0,nan,nan,31.0,19.0,nan,35.0
54,左營,2016-10-23,31,14.0,nan,nan,31.0,25.0,nan,nan
53,楠梓,2016-10-23,44,7.0,nan,nan,41.0,20.0,nan,44.0
52,林園,2016-10-23,56,19.0,nan,nan,26.0,22.0,nan,56.0
51,大寮,2016-10-23,37,7.0,nan,nan,36.0,16.0,nan,37.0
50,鳳山,2016-10-23,42,16.0,nan,nan,42.0,25.0,nan,42.0
49,仁武,2016-10-23,57,17.0,nan,nan,40.0,21.0,nan,57.0
48,橋頭,2016-10-23,34,10.0,nan,nan,26.0,18.0,nan,34.0
47,美濃,2016-10-23,32,6.0,nan,nan,22.0,6.0,nan,32.0
46,臺南,2016-10-23,46,9.0,nan,nan,20.0,13.0,nan,46.0
45,安南,2016-10-23,43,6.0,nan,nan,26.0,18.0,nan,43.0
44,善化,2016-10-23,48,6.0,nan,nan,27.0,14.0,nan,48.0
43,新營,2016-10-23,47,10.0,nan,nan,31.0,9.0,nan,47.0
42,嘉義,2016-10-23,47,23.0,nan,nan,27.0,14.0,nan,47.0
41,臺西,2016-10-23,55,16.0,nan,nan,22.0,12.0,nan,55.0
40,朴子,2016-10-23,51,7.0,nan,nan,37.0,14.0,nan,51.0
39,新港,2016-10-23,54,7.0,nan,nan,33.0,11.0,nan,54.0
38,崙背,2016-10-23,64,9.0,nan,nan,30.0,11.0,nan,64.0
37,斗六,2016-10-23,57,7.0,nan,nan,32.0,13.0,nan,57.0
36,南投,2016-10-23,57,10.0,nan,nan,31.0,18.0,nan,57.0
34,線西,2016-10-23,70,9.0,nan,nan,31.0,17.0,nan,70.0
33,彰化,2016-10-23,57,7.0,nan,nan,28.0,17.0,nan,57.0
32,西屯,2016-10-23,52,17.0,nan,nan,30.0,23.0,nan,52.0
31,忠明,2016-10-23,57,26.0,nan,nan,19.0,20.0,nan,57.0
30,大里,2016-10-23,40,11.0,nan,nan,25.0,24.0,nan,40.0
29,沙鹿,2016-10-23,44,9.0,nan,nan,32.0,16.0,nan,44.0
28,豐原,2016-10-23,54,9.0,nan,nan,21.0,11.0,nan,54.0
26,苗栗,2016-10-23,33,6.0,nan,nan,31.0,17.0,nan,33.0
25,頭份,2016-10-23,35,7.0,nan,nan,28.0,27.0,nan,35.0
24,新竹,2016-10-23,27,7.0,nan,nan,25.0,15.0,nan,27.0
23,竹東,2016-10-23,61,4.0,nan,nan,27.0,13.0,nan,61.0
22,湖口,2016-10-23,44,7.0,nan,nan,26.0,12.0,nan,44.0
21,龍潭,2016-10-23,39,9.0,nan,nan,35.0,18.0,nan,39.0
20,平鎮,2016-10-23,35,11.0,nan,nan,27.0,18.0,nan,35.0
19,觀音,2016-10-23,44,9.0,nan,nan,31.0,19.0,nan,44.0
18,大園,2016-10-23,40,6.0,nan,nan,28.0,15.0,nan,40.0
17,桃園,2016-10-23,36,9.0,nan,nan,24.0,18.0,nan,36.0
66,冬山,2016-10-23,27,10.0,nan,nan,nan,17.0,nan,27.0
16,大同,2016-10-23,52,9.0,15.0,nan,41.0,34.0,nan,52.0
15,松山,2016-10-23,56,7.0,7.0,nan,31.0,26.0,31.0,56.0
14,古亭,2016-10-23,54,6.0,6.0,nan,30.0,24.0,31.0,54.0
35,二林,2016-10-23,35,10.0,nan,nan,35.0,13.0,nan,35.0
13,萬華,2016-10-23,52,7.0,7.0,nan,31.0,30.0,25.0,52.0
12,中山,2016-10-23,53,7.0,9.0,nan,30.0,29.0,26.0,53.0
11,士林,2016-10-23,43,7.0,6.0,nan,23.0,19.0,34.0,43.0
10,淡水,2016-10-23,44,7.0,nan,nan,28.0,24.0,nan,44.0
9,林口,2016-10-23,55,7.0,nan,nan,38.0,19.0,nan,55.0
8,菜寮,2016-10-23,44,9.0,nan,nan,24.0,32.0,nan,44.0
7,新莊,2016-10-23,49,11.0,nan,nan,24.0,23.0,nan,49.0
6,板橋,2016-10-23,52,9.0,nan,nan,31.0,25.0,nan,52.0
5,土城,2016-10-23,37,7.0,nan,nan,28.0,17.0,nan,37.0
4,新店,2016-10-23,61,10.0,nan,nan,32.0,15.0,nan,61.0
3,萬里,2016-10-23,33,7.0,nan,nan,31.0,15.0,nan,33.0
2,汐止,2016-10-23,47,4.0,nan,nan,24.0,19.0,nan,47.0
1,基隆,2016-10-23,33,9.0,nan,nan,19.0,17.0,nan,33.0
84,富貴角,2016-10-23,-1,nan,nan,nan,nan,nan,nan,nan
84,富貴角,2016-10-24,-1,nan,nan,nan,nan,nan,nan,nan
59,屏東,2016-10-24,67,9.0,nan,nan,39.0,21.0,nan,67.0
58,小港,2016-10-24,62,24.0,nan,nan,41.0,31.0,nan,62.0
57,前鎮,2016-10-24,58,16.0,nan,nan,38.0,26.0,nan,58.0
80,關山,2016-10-24,15,1.0,nan,nan,10.0,5.0,nan,15.0
78,馬公,2016-10-24,45,6.0,nan,nan,29.0,7.0,nan,45.0
56,前金,2016-10-24,65,10.0,nan,nan,36.0,19.0,nan,65.0
54,左營,2016-10-24,64,10.0,nan,nan,43.0,17.0,nan,64.0
53,楠梓,2016-10-24,63,6.0,nan,nan,52.0,16.0,nan,63.0
61,恆春,2016-10-24,17,4.0,nan,nan,17.0,7.0,nan,13.0
62,臺東,2016-10-24,16,3.0,nan,nan,16.0,8.0,nan,9.0
52,林園,2016-10-24,77,20.0,nan,nan,34.0,24.0,nan,77.0
51,大寮,2016-10-24,61,40.0,nan,nan,54.0,36.0,nan,61.0
77,金門,2016-10-24,37,10.0,nan,nan,33.0,18.0,nan,37.0
50,鳳山,2016-10-24,63,16.0,nan,nan,51.0,21.0,nan,63.0
49,仁武,2016-10-24,70,30.0,nan,nan,47.0,19.0,nan,70.0
63,花蓮,2016-10-24,21,4.0,nan,nan,14.0,15.0,nan,21.0
48,橋頭,2016-10-24,56,10.0,nan,nan,37.0,17.0,nan,56.0
75,馬祖,2016-10-24,42,4.0,nan,nan,36.0,5.0,nan,42.0
83,麥寮,2016-10-24,69,7.0,nan,nan,56.0,15.0,nan,69.0
47,美濃,2016-10-24,53,6.0,nan,nan,34.0,11.0,nan,53.0
72,埔里,2016-10-24,64,11.0,nan,nan,36.0,29.0,nan,64.0
46,臺南,2016-10-24,64,9.0,nan,nan,34.0,17.0,nan,64.0
45,安南,2016-10-24,68,7.0,nan,nan,39.0,17.0,nan,68.0
44,善化,2016-10-24,67,9.0,nan,nan,42.0,15.0,nan,67.0
43,新營,2016-10-24,70,9.0,nan,nan,47.0,22.0,nan,70.0
64,陽明,2016-10-24,35,27.0,1.0,nan,8.0,19.0,35.0,17.0
42,嘉義,2016-10-24,74,10.0,nan,nan,48.0,17.0,nan,74.0
41,臺西,2016-10-24,69,24.0,nan,nan,41.0,27.0,nan,69.0
65,宜蘭,2016-10-24,31,3.0,nan,nan,31.0,8.0,nan,10.0
40,朴子,2016-10-24,64,9.0,nan,nan,49.0,15.0,nan,64.0
39,新港,2016-10-24,73,10.0,nan,nan,47.0,13.0,nan,73.0
67,三重,2016-10-24,36,14.0,nan,nan,35.0,36.0,nan,26.0
38,崙背,2016-10-24,80,17.0,nan,nan,44.0,18.0,nan,80.0
37,斗六,2016-10-24,67,11.0,nan,nan,44.0,18.0,nan,67.0
36,南投,2016-10-24,77,23.0,nan,nan,51.0,30.0,nan,77.0
35,二林,2016-10-24,51,10.0,nan,nan,46.0,16.0,nan,51.0
71,復興,2016-10-24,58,9.0,nan,nan,33.0,28.0,nan,58.0
34,線西,2016-10-24,80,17.0,nan,nan,46.0,21.0,nan,80.0
33,彰化,2016-10-24,74,21.0,nan,nan,44.0,25.0,nan,74.0
70,永和,2016-10-24,22,6.0,nan,nan,22.0,18.0,nan,22.0
32,西屯,2016-10-24,76,7.0,nan,nan,47.0,37.0,nan,76.0
31,忠明,2016-10-24,74,7.0,nan,nan,41.0,34.0,nan,74.0
68,中壢,2016-10-24,34,11.0,nan,nan,34.0,30.0,nan,24.0
30,大里,2016-10-24,67,11.0,nan,nan,47.0,34.0,nan,67.0
29,沙鹿,2016-10-24,60,7.0,nan,nan,48.0,28.0,nan,60.0
69,竹山,2016-10-24,71,7.0,nan,nan,47.0,15.0,nan,71.0
28,豐原,2016-10-24,71,6.0,nan,nan,29.0,25.0,nan,71.0
27,三義,2016-10-24,36,3.0,nan,nan,24.0,14.0,nan,36.0
26,苗栗,2016-10-24,40,13.0,nan,nan,40.0,32.0,nan,36.0
25,頭份,2016-10-24,48,7.0,nan,nan,31.0,28.0,nan,48.0
24,新竹,2016-10-24,26,6.0,nan,nan,26.0,23.0,nan,20.0
23,竹東,2016-10-24,46,4.0,nan,nan,19.0,14.0,nan,46.0
22,湖口,2016-10-24,37,11.0,nan,nan,28.0,19.0,nan,37.0
21,龍潭,2016-10-24,30,3.0,nan,nan,30.0,19.0,nan,23.0
20,平鎮,2016-10-24,28,11.0,nan,nan,28.0,18.0,nan,20.0
19,觀音,2016-10-24,43,14.0,nan,nan,38.0,31.0,nan,43.0
18,大園,2016-10-24,34,9.0,nan,nan,32.0,26.0,nan,34.0
17,桃園,2016-10-24,32,13.0,nan,nan,26.0,17.0,nan,32.0
66,冬山,2016-10-24,26,4.0,nan,nan,26.0,18.0,nan,8.0
16,大同,2016-10-24,39,11.0,14.0,nan,39.0,34.0,nan,26.0
15,松山,2016-10-24,29,10.0,5.0,nan,29.0,23.0,25.0,21.0
14,古亭,2016-10-24,36,7.0,5.0,nan,27.0,23.0,28.0,36.0
13,萬華,2016-10-24,39,10.0,5.0,nan,30.0,26.0,25.0,39.0
12,中山,2016-10-24,27,9.0,7.0,nan,nan,27.0,24.0,27.0
11,士林,2016-10-24,32,31.0,2.0,nan,20.0,17.0,32.0,29.0
10,淡水,2016-10-24,41,24.0,nan,nan,26.0,23.0,nan,41.0
9,林口,2016-10-24,45,20.0,nan,nan,42.0,19.0,nan,45.0
8,菜寮,2016-10-24,25,14.0,nan,nan,21.0,15.0,nan,25.0
7,新莊,2016-10-24,29,13.0,nan,nan,23.0,18.0,nan,29.0
6,板橋,2016-10-24,38,10.0,nan,nan,29.0,23.0,nan,38.0
5,土城,2016-10-24,24,6.0,nan,nan,22.0,17.0,nan,24.0
4,新店,2016-10-24,39,1.0,nan,nan,23.0,17.0,nan,39.0
3,萬里,2016-10-24,46,4.0,nan,nan,46.0,11.0,nan,23.0
2,汐止,2016-10-24,26,10.0,nan,nan,20.0,24.0,nan,26.0
1,基隆,2016-10-24,21,3.0,nan,nan,19.0,18.0,nan,21.0
60,潮州,2016-10-24,84,11.0,nan,nan,49.0,19.0,nan,84.0
36,南投,2016-10-25,90,13.0,nan,nan,57.0,18.0,nan,90.0
83,麥寮,2016-10-25,67,6.0,nan,nan,56.0,10.0,nan,67.0
80,關山,2016-10-25,15,4.0,nan,nan,15.0,6.0,nan,14.0
78,馬公,2016-10-25,55,6.0,nan,nan,31.0,4.0,nan,55.0
77,金門,2016-10-25,78,26.0,nan,nan,64.0,26.0,nan,78.0
75,馬祖,2016-10-25,47,6.0,nan,nan,37.0,10.0,nan,47.0
72,埔里,2016-10-25,82,4.0,nan,nan,46.0,18.0,nan,82.0
71,復興,2016-10-25,72,34.0,nan,nan,44.0,49.0,nan,72.0
70,永和,2016-10-25,70,14.0,nan,nan,37.0,70.0,nan,62.0
69,竹山,2016-10-25,95,7.0,nan,nan,54.0,17.0,nan,95.0
68,中壢,2016-10-25,69,13.0,nan,nan,53.0,49.0,nan,69.0
67,三重,2016-10-25,68,7.0,nan,nan,47.0,68.0,nan,53.0
65,宜蘭,2016-10-25,37,6.0,nan,nan,37.0,9.0,nan,13.0
64,陽明,2016-10-25,104,41.0,5.0,nan,25.0,32.0,104.0,71.0
63,花蓮,2016-10-25,27,13.0,nan,nan,19.0,11.0,nan,27.0
62,臺東,2016-10-25,13,3.0,nan,nan,13.0,9.0,nan,10.0
61,恆春,2016-10-25,10,1.0,nan,nan,10.0,2.0,nan,9.0
60,潮州,2016-10-25,79,9.0,nan,nan,47.0,10.0,nan,79.0
59,屏東,2016-10-25,94,20.0,nan,nan,55.0,25.0,nan,94.0
58,小港,2016-10-25,71,64.0,nan,nan,53.0,44.0,nan,71.0
57,前鎮,2016-10-25,74,40.0,nan,nan,52.0,49.0,nan,74.0
84,富貴角,2016-10-25,-1,nan,nan,nan,nan,nan,nan,nan
56,前金,2016-10-25,85,26.0,nan,nan,51.0,33.0,nan,85.0
1,基隆,2016-10-25,44,27.0,nan,nan,26.0,41.0,nan,44.0
2,汐止,2016-10-25,53,23.0,nan,nan,34.0,41.0,nan,53.0
54,左營,2016-10-25,85,10.0,nan,nan,54.0,24.0,nan,85.0
3,萬里,2016-10-25,50,17.0,nan,nan,50.0,14.0,nan,41.0
53,楠梓,2016-10-25,62,11.0,nan,nan,56.0,23.0,nan,62.0
4,新店,2016-10-25,72,29.0,nan,nan,39.0,46.0,nan,72.0
5,土城,2016-10-25,65,10.0,nan,nan,45.0,55.0,nan,65.0
52,林園,2016-10-25,78,17.0,nan,nan,35.0,13.0,nan,78.0
6,板橋,2016-10-25,77,10.0,nan,nan,47.0,42.0,nan,77.0
51,大寮,2016-10-25,60,23.0,nan,nan,59.0,21.0,nan,60.0
7,新莊,2016-10-25,68,13.0,nan,nan,43.0,41.0,nan,68.0
8,菜寮,2016-10-25,58,11.0,nan,nan,40.0,33.0,nan,58.0
9,林口,2016-10-25,75,14.0,nan,nan,57.0,24.0,nan,75.0
50,鳳山,2016-10-25,74,30.0,nan,nan,62.0,47.0,nan,74.0
10,淡水,2016-10-25,63,6.0,nan,nan,43.0,30.0,nan,63.0
11,士林,2016-10-25,136,13.0,9.0,nan,40.0,35.0,136.0,59.0
49,仁武,2016-10-25,83,11.0,nan,nan,54.0,28.0,nan,83.0
12,中山,2016-10-25,93,13.0,11.0,nan,nan,53.0,93.0,71.0
13,萬華,2016-10-25,112,11.0,10.0,nan,41.0,44.0,112.0,68.0
48,橋頭,2016-10-25,60,11.0,nan,nan,47.0,18.0,nan,60.0
14,古亭,2016-10-25,146,17.0,8.0,nan,39.0,43.0,146.0,66.0
15,松山,2016-10-25,108,37.0,7.0,nan,36.0,40.0,108.0,55.0
47,美濃,2016-10-25,74,17.0,nan,nan,52.0,15.0,nan,74.0
16,大同,2016-10-25,62,13.0,23.0,nan,52.0,62.0,nan,59.0
66,冬山,2016-10-25,31,6.0,nan,nan,31.0,17.0,nan,17.0
46,臺南,2016-10-25,68,6.0,nan,nan,44.0,18.0,nan,68.0
17,桃園,2016-10-25,70,19.0,nan,nan,45.0,41.0,nan,70.0
18,大園,2016-10-25,70,17.0,nan,nan,47.0,35.0,nan,70.0
19,觀音,2016-10-25,67,10.0,nan,nan,46.0,26.0,nan,67.0
20,平鎮,2016-10-25,65,11.0,nan,nan,48.0,37.0,nan,65.0
21,龍潭,2016-10-25,78,11.0,nan,nan,50.0,27.0,nan,78.0
45,安南,2016-10-25,64,7.0,nan,nan,44.0,21.0,nan,64.0
22,湖口,2016-10-25,62,11.0,nan,nan,46.0,22.0,nan,62.0
23,竹東,2016-10-25,80,4.0,nan,nan,39.0,25.0,nan,80.0
44,善化,2016-10-25,73,9.0,nan,nan,47.0,15.0,nan,73.0
24,新竹,2016-10-25,53,11.0,nan,nan,44.0,26.0,nan,53.0
43,新營,2016-10-25,68,11.0,nan,nan,51.0,17.0,nan,68.0
25,頭份,2016-10-25,68,9.0,nan,nan,49.0,32.0,nan,68.0
26,苗栗,2016-10-25,57,7.0,nan,nan,47.0,18.0,nan,57.0
27,三義,2016-10-25,53,4.0,nan,nan,39.0,11.0,nan,53.0
28,豐原,2016-10-25,92,13.0,nan,nan,40.0,24.0,nan,92.0
42,嘉義,2016-10-25,79,14.0,nan,nan,51.0,24.0,nan,79.0
29,沙鹿,2016-10-25,69,21.0,nan,nan,58.0,28.0,nan,69.0
30,大里,2016-10-25,79,19.0,nan,nan,61.0,38.0,nan,79.0
41,臺西,2016-10-25,64,21.0,nan,nan,44.0,29.0,nan,64.0
40,朴子,2016-10-25,57,7.0,nan,nan,51.0,10.0,nan,57.0
31,忠明,2016-10-25,89,14.0,nan,nan,54.0,36.0,nan,89.0
39,新港,2016-10-25,60,10.0,nan,nan,47.0,9.0,nan,60.0
32,西屯,2016-10-25,91,16.0,nan,nan,54.0,29.0,nan,91.0
38,崙背,2016-10-25,74,7.0,nan,nan,44.0,nan,nan,74.0
37,斗六,2016-10-25,87,9.0,nan,nan,54.0,24.0,nan,87.0
33,彰化,2016-10-25,81,19.0,nan,nan,52.0,27.0,nan,81.0
34,線西,2016-10-25,73,14.0,nan,nan,49.0,18.0,nan,73.0
35,二林,2016-10-25,51,9.0,nan,nan,49.0,15.0,nan,51.0
12,中山,2016-10-26,129,13.0,12.0,nan,nan,55.0,129.0,114.0
83,麥寮,2016-10-26,92,11.0,nan,nan,59.0,14.0,nan,92.0
80,關山,2016-10-26,17,1.0,nan,nan,17.0,8.0,nan,17.0
78,馬公,2016-10-26,60,4.0,nan,nan,24.0,5.0,nan,60.0
77,金門,2016-10-26,59,14.0,nan,nan,42.0,36.0,nan,59.0
75,馬祖,2016-10-26,33,6.0,nan,nan,31.0,21.0,nan,33.0
72,埔里,2016-10-26,91,7.0,nan,nan,50.0,21.0,nan,91.0
71,復興,2016-10-26,57,16.0,nan,nan,33.0,29.0,nan,57.0
70,永和,2016-10-26,98,11.0,nan,nan,52.0,57.0,nan,98.0
69,竹山,2016-10-26,106,21.0,nan,nan,57.0,41.0,nan,106.0
68,中壢,2016-10-26,122,13.0,nan,nan,73.0,42.0,nan,122.0
67,三重,2016-10-26,108,20.0,nan,nan,68.0,71.0,nan,108.0
65,宜蘭,2016-10-26,36,4.0,nan,nan,36.0,10.0,nan,31.0
64,陽明,2016-10-26,136,13.0,5.0,nan,28.0,10.0,136.0,81.0
63,花蓮,2016-10-26,31,9.0,nan,nan,20.0,13.0,nan,31.0
62,臺東,2016-10-26,19,1.0,nan,nan,19.0,8.0,nan,19.0
61,恆春,2016-10-26,17,3.0,nan,nan,16.0,3.0,nan,17.0
60,潮州,2016-10-26,93,11.0,nan,nan,57.0,15.0,nan,93.0
59,屏東,2016-10-26,71,4.0,nan,nan,40.0,14.0,nan,71.0
58,小港,2016-10-26,58,23.0,nan,nan,44.0,28.0,nan,58.0
57,前鎮,2016-10-26,49,16.0,nan,nan,37.0,25.0,nan,49.0
1,基隆,2016-10-26,68,44.0,nan,nan,31.0,32.0,nan,68.0
56,前金,2016-10-26,81,7.0,nan,nan,43.0,21.0,nan,81.0
54,左營,2016-10-26,77,10.0,nan,nan,42.0,20.0,nan,77.0
53,楠梓,2016-10-26,67,7.0,nan,nan,51.0,21.0,nan,67.0
52,林園,2016-10-26,81,16.0,nan,nan,34.0,18.0,nan,81.0
51,大寮,2016-10-26,65,37.0,nan,nan,57.0,36.0,nan,65.0
11,士林,2016-10-26,164,11.0,9.0,nan,55.0,43.0,164.0,96.0
50,鳳山,2016-10-26,64,11.0,nan,nan,54.0,22.0,nan,64.0
49,仁武,2016-10-26,78,30.0,nan,nan,52.0,30.0,nan,78.0
48,橋頭,2016-10-26,64,7.0,nan,nan,44.0,21.0,nan,64.0
47,美濃,2016-10-26,61,3.0,nan,nan,39.0,8.0,nan,61.0
10,淡水,2016-10-26,97,16.0,nan,nan,58.0,24.0,nan,97.0
46,臺南,2016-10-26,72,9.0,nan,nan,37.0,21.0,nan,72.0
45,安南,2016-10-26,74,7.0,nan,nan,45.0,23.0,nan,74.0
44,善化,2016-10-26,77,10.0,nan,nan,45.0,14.0,nan,77.0
43,新營,2016-10-26,82,9.0,nan,nan,52.0,22.0,nan,82.0
42,嘉義,2016-10-26,90,10.0,nan,nan,52.0,18.0,nan,90.0
41,臺西,2016-10-26,84,20.0,nan,nan,48.0,31.0,nan,84.0
40,朴子,2016-10-26,83,9.0,nan,nan,54.0,9.0,nan,83.0
9,林口,2016-10-26,124,16.0,nan,nan,80.0,43.0,nan,124.0
39,新港,2016-10-26,97,11.0,nan,nan,60.0,15.0,nan,97.0
38,崙背,2016-10-26,119,11.0,nan,nan,57.0,nan,nan,119.0
37,斗六,2016-10-26,117,17.0,nan,nan,59.0,34.0,nan,117.0
36,南投,2016-10-26,105,23.0,nan,nan,62.0,44.0,nan,105.0
35,二林,2016-10-26,80,11.0,nan,nan,60.0,17.0,nan,80.0
8,菜寮,2016-10-26,91,17.0,nan,nan,54.0,42.0,nan,91.0
34,線西,2016-10-26,92,14.0,nan,nan,51.0,28.0,nan,92.0
33,彰化,2016-10-26,107,24.0,nan,nan,55.0,31.0,nan,107.0
32,西屯,2016-10-26,110,14.0,nan,nan,58.0,36.0,nan,110.0
31,忠明,2016-10-26,108,10.0,nan,nan,56.0,37.0,nan,108.0
4,新店,2016-10-26,112,13.0,nan,106.0,54.0,41.0,nan,112.0
30,大里,2016-10-26,92,14.0,nan,nan,65.0,40.0,nan,92.0
29,沙鹿,2016-10-26,93,17.0,nan,nan,59.0,30.0,nan,93.0
28,豐原,2016-10-26,111,10.0,nan,nan,50.0,18.0,nan,111.0
27,三義,2016-10-26,69,7.0,nan,nan,44.0,14.0,nan,69.0
7,新莊,2016-10-26,110,24.0,nan,nan,59.0,44.0,nan,110.0
26,苗栗,2016-10-26,83,7.0,nan,nan,52.0,21.0,nan,83.0
3,萬里,2016-10-26,76,9.0,nan,nan,50.0,17.0,nan,76.0
25,頭份,2016-10-26,81,7.0,nan,nan,51.0,17.0,nan,81.0
24,新竹,2016-10-26,75,9.0,nan,nan,54.0,26.0,nan,75.0
23,竹東,2016-10-26,106,6.0,nan,nan,49.0,19.0,nan,106.0
6,板橋,2016-10-26,132,17.0,nan,nan,65.0,46.0,nan,132.0
22,湖口,2016-10-26,92,10.0,nan,nan,57.0,29.0,nan,92.0
21,龍潭,2016-10-26,126,9.0,nan,nan,66.0,31.0,nan,126.0
20,平鎮,2016-10-26,125,14.0,nan,nan,66.0,35.0,nan,125.0
19,觀音,2016-10-26,92,9.0,nan,nan,53.0,24.0,nan,92.0
5,土城,2016-10-26,100,16.0,nan,nan,59.0,41.0,nan,100.0
18,大園,2016-10-26,103,16.0,nan,nan,57.0,40.0,nan,103.0
17,桃園,2016-10-26,120,49.0,nan,nan,65.0,42.0,nan,120.0
66,冬山,2016-10-26,35,4.0,nan,nan,35.0,19.0,nan,24.0
84,富貴角,2016-10-26,-1,nan,nan,nan,nan,nan,nan,nan
16,大同,2016-10-26,116,13.0,24.0,nan,64.0,66.0,nan,116.0
15,松山,2016-10-26,174,13.0,10.0,111.0,59.0,42.0,174.0,nan
2,汐止,2016-10-26,83,41.0,nan,nan,43.0,35.0,nan,83.0
14,古亭,2016-10-26,169,14.0,10.0,102.0,55.0,44.0,169.0,99.0
13,萬華,2016-10-26,151,16.0,12.0,nan,60.0,50.0,151.0,117.0
83,麥寮,2016-10-27,134,13.0,nan,nan,72.0,20.0,nan,134.0
84,富貴角,2016-10-27,-1,nan,nan,nan,nan,nan,nan,nan
1,基隆,2016-10-27,82,24.0,nan,nan,38.0,25.0,nan,82.0
2,汐止,2016-10-27,101,23.0,nan,nan,52.0,42.0,nan,101.0
3,萬里,2016-10-27,89,16.0,nan,nan,52.0,29.0,nan,89.0
4,新店,2016-10-27,117,9.0,nan,nan,57.0,37.0,nan,117.0
5,土城,2016-10-27,124,19.0,nan,nan,66.0,41.0,nan,124.0
6,板橋,2016-10-27,125,14.0,nan,nan,66.0,48.0,nan,125.0
7,新莊,2016-10-27,130,10.0,nan,nan,64.0,46.0,nan,130.0
8,菜寮,2016-10-27,98,9.0,nan,nan,52.0,42.0,nan,98.0
9,林口,2016-10-27,135,11.0,nan,nan,81.0,41.0,nan,135.0
10,淡水,2016-10-27,106,9.0,nan,nan,57.0,22.0,nan,106.0
11,士林,2016-10-27,116,7.0,8.0,nan,55.0,33.0,77.0,116.0
12,中山,2016-10-27,115,10.0,12.0,nan,nan,57.0,58.0,115.0
13,萬華,2016-10-27,126,10.0,12.0,nan,62.0,44.0,67.0,126.0
14,古亭,2016-10-27,95,10.0,9.0,nan,52.0,50.0,93.0,95.0
15,松山,2016-10-27,115,6.0,8.0,nan,54.0,36.0,115.0,97.0
16,大同,2016-10-27,108,9.0,24.0,nan,64.0,54.0,nan,108.0
66,冬山,2016-10-27,39,7.0,nan,nan,39.0,16.0,nan,38.0
17,桃園,2016-10-27,138,24.0,nan,nan,66.0,42.0,nan,138.0
18,大園,2016-10-27,126,21.0,nan,nan,61.0,39.0,nan,126.0
19,觀音,2016-10-27,133,14.0,nan,nan,60.0,41.0,nan,133.0
20,平鎮,2016-10-27,151,11.0,nan,nan,73.0,46.0,nan,151.0
21,龍潭,2016-10-27,149,10.0,nan,nan,70.0,41.0,nan,149.0
22,湖口,2016-10-27,124,9.0,nan,nan,71.0,31.0,nan,124.0
23,竹東,2016-10-27,112,9.0,nan,nan,50.0,27.0,nan,112.0
24,新竹,2016-10-27,102,7.0,nan,nan,59.0,37.0,nan,102.0
25,頭份,2016-10-27,110,11.0,nan,nan,58.0,25.0,nan,110.0
26,苗栗,2016-10-27,131,7.0,nan,nan,62.0,26.0,nan,131.0
27,三義,2016-10-27,96,7.0,nan,nan,56.0,13.0,nan,96.0
28,豐原,2016-10-27,152,10.0,nan,nan,62.0,27.0,nan,152.0
29,沙鹿,2016-10-27,152,21.0,nan,nan,78.0,38.0,nan,152.0
30,大里,2016-10-27,148,16.0,nan,nan,77.0,49.0,nan,148.0
31,忠明,2016-10-27,154,19.0,nan,nan,73.0,43.0,nan,154.0
32,西屯,2016-10-27,155,23.0,nan,nan,78.0,42.0,nan,155.0
33,彰化,2016-10-27,152,19.0,nan,nan,70.0,28.0,nan,152.0
34,線西,2016-10-27,152,34.0,nan,nan,71.0,29.0,nan,152.0
35,二林,2016-10-27,125,13.0,nan,nan,80.0,20.0,nan,125.0
36,南投,2016-10-27,120,9.0,nan,nan,65.0,28.0,nan,120.0
37,斗六,2016-10-27,140,16.0,nan,nan,62.0,25.0,nan,140.0
38,崙背,2016-10-27,151,10.0,nan,nan,66.0,nan,nan,151.0
39,新港,2016-10-27,122,10.0,nan,nan,66.0,18.0,nan,122.0
40,朴子,2016-10-27,124,11.0,nan,nan,71.0,21.0,nan,124.0
41,臺西,2016-10-27,140,20.0,nan,nan,60.0,30.0,nan,140.0
42,嘉義,2016-10-27,112,9.0,nan,nan,58.0,21.0,nan,112.0
43,新營,2016-10-27,118,13.0,nan,nan,63.0,21.0,nan,118.0
44,善化,2016-10-27,103,10.0,nan,nan,55.0,14.0,nan,103.0
45,安南,2016-10-27,120,13.0,nan,nan,59.0,27.0,nan,120.0
46,臺南,2016-10-27,106,14.0,nan,nan,46.0,25.0,nan,106.0
47,美濃,2016-10-27,85,9.0,nan,nan,50.0,9.0,nan,85.0
48,橋頭,2016-10-27,76,29.0,nan,nan,48.0,28.0,nan,76.0
49,仁武,2016-10-27,89,23.0,nan,nan,54.0,28.0,nan,89.0
50,鳳山,2016-10-27,91,16.0,nan,nan,64.0,36.0,nan,91.0
51,大寮,2016-10-27,84,27.0,nan,nan,58.0,36.0,nan,84.0
52,林園,2016-10-27,79,20.0,nan,nan,31.0,25.0,nan,79.0
53,楠梓,2016-10-27,84,24.0,nan,nan,61.0,31.0,nan,84.0
54,左營,2016-10-27,100,11.0,nan,nan,48.0,27.0,nan,100.0
56,前金,2016-10-27,85,19.0,nan,nan,42.0,27.0,nan,85.0
57,前鎮,2016-10-27,73,39.0,nan,nan,46.0,33.0,nan,73.0
58,小港,2016-10-27,77,55.0,nan,nan,45.0,41.0,nan,77.0
59,屏東,2016-10-27,96,13.0,nan,nan,54.0,19.0,nan,96.0
60,潮州,2016-10-27,116,20.0,nan,nan,57.0,15.0,nan,116.0
61,恆春,2016-10-27,15,3.0,nan,nan,15.0,6.0,nan,13.0
62,臺東,2016-10-27,19,3.0,nan,nan,19.0,8.0,nan,13.0
63,花蓮,2016-10-27,32,19.0,nan,nan,21.0,11.0,nan,32.0
64,陽明,2016-10-27,132,20.0,5.0,nan,31.0,12.0,132.0,91.0
65,宜蘭,2016-10-27,38,7.0,nan,nan,38.0,8.0,nan,28.0
67,三重,2016-10-27,113,10.0,nan,nan,68.0,70.0,nan,113.0
68,中壢,2016-10-27,151,10.0,nan,nan,78.0,49.0,nan,151.0
69,竹山,2016-10-27,125,7.0,nan,nan,63.0,20.0,nan,125.0
70,永和,2016-10-27,99,13.0,nan,nan,51.0,53.0,nan,99.0
71,復興,2016-10-27,76,41.0,nan,nan,37.0,39.0,nan,76.0
72,埔里,2016-10-27,106,6.0,nan,nan,55.0,21.0,nan,106.0
75,馬祖,2016-10-27,85,6.0,nan,nan,44.0,13.0,nan,85.0
77,金門,2016-10-27,117,19.0,nan,nan,60.0,35.0,nan,117.0
78,馬公,2016-10-27,93,4.0,nan,nan,44.0,8.0,nan,93.0
80,關山,2016-10-27,18,1.0,nan,nan,16.0,8.0,nan,18.0
47,美濃,2016-10-28,104,7.0,nan,nan,59.0,10.0,nan,104.0
48,橋頭,2016-10-28,106,10.0,nan,nan,60.0,25.0,nan,106.0
49,仁武,2016-10-28,152,14.0,nan,nan,73.0,25.0,nan,152.0
50,鳳山,2016-10-28,143,24.0,nan,nan,79.0,26.0,nan,143.0
51,大寮,2016-10-28,126,17.0,nan,nan,73.0,25.0,nan,126.0
52,林園,2016-10-28,140,19.0,nan,nan,52.0,20.0,nan,140.0
53,楠梓,2016-10-28,117,9.0,nan,nan,82.0,27.0,nan,117.0
54,左營,2016-10-28,153,16.0,nan,nan,68.0,25.0,nan,153.0
56,前金,2016-10-28,152,13.0,nan,nan,65.0,21.0,nan,152.0
57,前鎮,2016-10-28,115,21.0,nan,nan,60.0,27.0,nan,115.0
58,小港,2016-10-28,117,23.0,nan,nan,64.0,32.0,nan,117.0
59,屏東,2016-10-28,152,10.0,nan,nan,66.0,17.0,nan,152.0
60,潮州,2016-10-28,154,16.0,nan,nan,75.0,17.0,nan,154.0
61,恆春,2016-10-28,16,3.0,nan,nan,16.0,6.0,nan,15.0
62,臺東,2016-10-28,17,3.0,nan,nan,17.0,11.0,nan,15.0
63,花蓮,2016-10-28,29,19.0,nan,nan,16.0,10.0,nan,29.0
64,陽明,2016-10-28,74,21.0,3.0,nan,24.0,15.0,74.0,67.0
65,宜蘭,2016-10-28,36,3.0,nan,nan,36.0,8.0,nan,29.0
67,三重,2016-10-28,113,29.0,nan,nan,68.0,58.0,nan,113.0
68,中壢,2016-10-28,138,11.0,nan,nan,78.0,51.0,nan,138.0
69,竹山,2016-10-28,138,23.0,nan,nan,68.0,33.0,nan,138.0
70,永和,2016-10-28,97,17.0,nan,nan,49.0,52.0,nan,97.0
71,復興,2016-10-28,115,23.0,nan,nan,54.0,33.0,nan,115.0
72,埔里,2016-10-28,95,6.0,nan,nan,49.0,21.0,nan,95.0
75,馬祖,2016-10-28,93,6.0,nan,nan,45.0,9.0,nan,93.0
77,金門,2016-10-28,164,17.0,nan,nan,87.0,20.0,nan,164.0
78,馬公,2016-10-28,109,3.0,nan,nan,43.0,6.0,nan,109.0
80,關山,2016-10-28,18,1.0,nan,nan,15.0,7.0,nan,18.0
83,麥寮,2016-10-28,156,13.0,nan,nan,88.0,20.0,nan,156.0
46,臺南,2016-10-28,155,10.0,nan,nan,66.0,27.0,nan,155.0
27,三義,2016-10-28,100,4.0,nan,nan,57.0,20.0,nan,100.0
35,二林,2016-10-28,155,11.0,nan,nan,102.0,19.0,nan,155.0
6,板橋,2016-10-28,97,23.0,nan,nan,66.0,42.0,nan,97.0
36,南投,2016-10-28,128,9.0,nan,nan,67.0,34.0,nan,128.0
28,豐原,2016-10-28,134,9.0,nan,nan,53.0,15.0,nan,134.0
16,大同,2016-10-28,113,29.0,16.0,nan,62.0,57.0,nan,113.0
37,斗六,2016-10-28,152,13.0,nan,nan,67.0,29.0,nan,152.0
29,沙鹿,2016-10-28,152,7.0,nan,nan,79.0,37.0,nan,152.0
15,松山,2016-10-28,98,23.0,8.0,nan,54.0,32.0,71.0,98.0
38,崙背,2016-10-28,171,13.0,nan,nan,102.0,9.0,nan,171.0
17,桃園,2016-10-28,132,23.0,nan,nan,66.0,39.0,nan,132.0
18,大園,2016-10-28,113,17.0,nan,nan,57.0,27.0,nan,113.0
14,古亭,2016-10-28,98,16.0,9.0,nan,52.0,42.0,93.0,98.0
19,觀音,2016-10-28,122,9.0,nan,nan,57.0,13.0,nan,122.0
39,新港,2016-10-28,168,10.0,nan,nan,97.0,13.0,nan,168.0
20,平鎮,2016-10-28,133,16.0,nan,nan,67.0,38.0,nan,133.0
5,土城,2016-10-28,122,14.0,nan,nan,63.0,38.0,nan,122.0
40,朴子,2016-10-28,164,11.0,nan,nan,106.0,18.0,nan,164.0
13,萬華,2016-10-28,119,23.0,10.0,nan,53.0,45.0,49.0,119.0
41,臺西,2016-10-28,157,41.0,nan,nan,77.0,41.0,nan,157.0
21,龍潭,2016-10-28,135,14.0,nan,nan,65.0,45.0,nan,135.0
30,大里,2016-10-28,151,7.0,nan,nan,80.0,37.0,nan,151.0
12,中山,2016-10-28,125,31.0,11.0,nan,nan,46.0,45.0,125.0
42,嘉義,2016-10-28,158,11.0,nan,nan,78.0,25.0,nan,158.0
4,新店,2016-10-28,96,11.0,nan,nan,52.0,34.0,nan,96.0
3,萬里,2016-10-28,69,7.0,nan,nan,44.0,20.0,nan,69.0
11,士林,2016-10-28,102,36.0,8.0,nan,54.0,33.0,54.0,102.0
43,新營,2016-10-28,164,11.0,nan,nan,96.0,25.0,nan,164.0
22,湖口,2016-10-28,114,13.0,nan,nan,67.0,29.0,nan,114.0
44,善化,2016-10-28,157,17.0,nan,nan,73.0,20.0,nan,157.0
31,忠明,2016-10-28,151,9.0,nan,nan,66.0,36.0,nan,151.0
10,淡水,2016-10-28,106,7.0,nan,nan,59.0,24.0,nan,106.0
23,竹東,2016-10-28,113,10.0,nan,nan,51.0,32.0,nan,113.0
2,汐止,2016-10-28,82,36.0,nan,nan,42.0,30.0,nan,82.0
32,西屯,2016-10-28,150,9.0,nan,nan,68.0,34.0,nan,150.0
9,林口,2016-10-28,108,21.0,nan,nan,69.0,37.0,nan,108.0
24,新竹,2016-10-28,108,10.0,nan,nan,58.0,28.0,nan,108.0
1,基隆,2016-10-28,73,11.0,nan,nan,31.0,24.0,nan,73.0
84,富貴角,2016-10-28,-1,nan,nan,nan,nan,nan,nan,nan
8,菜寮,2016-10-28,96,30.0,nan,nan,47.0,41.0,nan,96.0
33,彰化,2016-10-28,155,20.0,nan,nan,71.0,25.0,nan,155.0
25,頭份,2016-10-28,119,11.0,nan,nan,62.0,31.0,nan,119.0
26,苗栗,2016-10-28,141,11.0,nan,nan,66.0,33.0,nan,141.0
34,線西,2016-10-28,153,14.0,nan,nan,54.0,34.0,nan,153.0
7,新莊,2016-10-28,102,16.0,nan,nan,58.0,37.0,nan,102.0
66,冬山,2016-10-28,36,6.0,nan,nan,33.0,12.0,nan,36.0
45,安南,2016-10-28,161,11.0,nan,nan,78.0,25.0,nan,161.0
61,恆春,2016-10-29,20,3.0,nan,nan,20.0,5.0,nan,16.0
75,馬祖,2016-10-29,34,4.0,nan,nan,31.0,6.0,nan,34.0
45,安南,2016-10-29,152,9.0,nan,nan,82.0,23.0,nan,152.0
60,潮州,2016-10-29,158,17.0,nan,nan,85.0,18.0,nan,158.0
44,善化,2016-10-29,148,7.0,nan,nan,76.0,13.0,nan,148.0
68,中壢,2016-10-29,32,13.0,nan,nan,32.0,31.0,nan,28.0
43,新營,2016-10-29,134,7.0,nan,nan,81.0,15.0,nan,134.0
80,關山,2016-10-29,38,3.0,nan,nan,38.0,5.0,nan,21.0
42,嘉義,2016-10-29,134,9.0,nan,nan,72.0,19.0,nan,134.0
59,屏東,2016-10-29,158,7.0,nan,nan,82.0,20.0,nan,158.0
50,鳳山,2016-10-29,154,14.0,nan,nan,102.0,29.0,nan,154.0
69,竹山,2016-10-29,104,4.0,nan,nan,57.0,21.0,nan,104.0
41,臺西,2016-10-29,95,17.0,nan,nan,66.0,35.0,nan,95.0
40,朴子,2016-10-29,108,10.0,nan,nan,94.0,16.0,nan,108.0
72,埔里,2016-10-29,79,3.0,nan,nan,42.0,15.0,nan,79.0
39,新港,2016-10-29,112,9.0,nan,nan,73.0,15.0,nan,112.0
46,臺南,2016-10-29,142,10.0,nan,nan,71.0,23.0,nan,142.0
38,崙背,2016-10-29,107,9.0,nan,nan,82.0,11.0,nan,107.0
37,斗六,2016-10-29,117,7.0,nan,nan,60.0,14.0,nan,117.0
58,小港,2016-10-29,139,24.0,nan,nan,85.0,37.0,nan,139.0
36,南投,2016-10-29,90,4.0,nan,nan,55.0,21.0,nan,90.0
49,仁武,2016-10-29,153,10.0,nan,nan,94.0,24.0,nan,153.0
35,二林,2016-10-29,86,9.0,nan,nan,71.0,18.0,nan,86.0
67,三重,2016-10-29,36,4.0,nan,nan,30.0,36.0,nan,31.0
34,線西,2016-10-29,79,9.0,nan,nan,52.0,23.0,nan,79.0
77,金門,2016-10-29,53,6.0,nan,nan,44.0,8.0,nan,53.0
83,麥寮,2016-10-29,102,11.0,nan,nan,102.0,16.0,nan,91.0
33,彰化,2016-10-29,89,19.0,nan,nan,49.0,17.0,nan,89.0
32,西屯,2016-10-29,82,6.0,nan,nan,49.0,27.0,nan,82.0
78,馬公,2016-10-29,54,3.0,nan,nan,33.0,3.0,nan,54.0
84,富貴角,2016-10-29,-1,nan,nan,nan,nan,nan,nan,nan
31,忠明,2016-10-29,84,6.0,nan,nan,44.0,24.0,nan,84.0
57,前鎮,2016-10-29,123,11.0,nan,nan,78.0,25.0,nan,123.0
30,大里,2016-10-29,85,4.0,nan,nan,57.0,18.0,nan,85.0
48,橋頭,2016-10-29,110,10.0,nan,nan,73.0,20.0,nan,110.0
56,前金,2016-10-29,156,7.0,nan,nan,85.0,24.0,nan,156.0
29,沙鹿,2016-10-29,66,9.0,nan,nan,52.0,25.0,nan,66.0
71,復興,2016-10-29,134,13.0,nan,nan,71.0,34.0,nan,134.0
28,豐原,2016-10-29,79,4.0,nan,nan,33.0,14.0,nan,79.0
54,左營,2016-10-29,157,10.0,nan,nan,87.0,25.0,nan,157.0
70,永和,2016-10-29,26,10.0,nan,nan,22.0,19.0,nan,26.0
27,三義,2016-10-29,39,4.0,nan,nan,29.0,16.0,nan,39.0
1,基隆,2016-10-29,31,1.0,nan,nan,21.0,5.0,nan,31.0
26,苗栗,2016-10-29,44,9.0,nan,nan,37.0,24.0,nan,44.0
53,楠梓,2016-10-29,123,9.0,nan,nan,97.0,33.0,nan,123.0
64,陽明,2016-10-29,44,3.0,2.0,nan,5.0,2.0,44.0,4.0
25,頭份,2016-10-29,47,10.0,nan,nan,33.0,24.0,nan,47.0
2,汐止,2016-10-29,34,11.0,nan,nan,22.0,17.0,nan,34.0
52,林園,2016-10-29,158,20.0,nan,nan,62.0,26.0,nan,158.0
24,新竹,2016-10-29,32,6.0,nan,nan,32.0,12.0,nan,26.0
63,花蓮,2016-10-29,25,6.0,nan,nan,20.0,10.0,nan,25.0
23,竹東,2016-10-29,49,3.0,nan,nan,21.0,8.0,nan,49.0
13,萬華,2016-10-29,34,13.0,5.0,nan,19.0,21.0,30.0,34.0
3,萬里,2016-10-29,54,4.0,nan,nan,54.0,4.0,nan,30.0
12,中山,2016-10-29,39,11.0,6.0,nan,21.0,22.0,30.0,39.0
65,宜蘭,2016-10-29,34,3.0,nan,nan,34.0,8.0,nan,21.0
11,士林,2016-10-29,40,1.0,3.0,nan,16.0,9.0,40.0,23.0
22,湖口,2016-10-29,31,7.0,nan,nan,28.0,8.0,nan,31.0
4,新店,2016-10-29,37,1.0,nan,nan,19.0,12.0,nan,37.0
14,古亭,2016-10-29,38,11.0,5.0,nan,22.0,21.0,30.0,38.0
15,松山,2016-10-29,34,11.0,5.0,nan,22.0,20.0,30.0,34.0
10,淡水,2016-10-29,31,3.0,nan,nan,20.0,5.0,nan,31.0
5,土城,2016-10-29,31,6.0,nan,nan,25.0,14.0,nan,31.0
16,大同,2016-10-29,32,9.0,12.0,nan,31.0,32.0,nan,28.0
66,冬山,2016-10-29,26,4.0,nan,nan,26.0,18.0,nan,6.0
9,林口,2016-10-29,35,6.0,nan,nan,31.0,14.0,nan,35.0
8,菜寮,2016-10-29,29,3.0,nan,nan,16.0,14.0,nan,29.0
21,龍潭,2016-10-29,34,9.0,nan,nan,31.0,11.0,nan,34.0
17,桃園,2016-10-29,31,13.0,nan,nan,20.0,18.0,nan,31.0
62,臺東,2016-10-29,77,3.0,nan,nan,77.0,7.0,nan,18.0
7,新莊,2016-10-29,36,9.0,nan,nan,20.0,16.0,nan,36.0
18,大園,2016-10-29,40,7.0,nan,nan,35.0,24.0,nan,40.0
6,板橋,2016-10-29,28,13.0,nan,nan,28.0,21.0,nan,21.0
19,觀音,2016-10-29,35,4.0,nan,nan,35.0,10.0,nan,31.0
51,大寮,2016-10-29,146,21.0,nan,nan,92.0,25.0,nan,146.0
20,平鎮,2016-10-29,25,13.0,nan,nan,25.0,19.0,nan,24.0
47,美濃,2016-10-29,117,7.0,nan,nan,69.0,11.0,nan,117.0
24,新竹,2016-10-30,29,6.0,nan,nan,29.0,11.0,nan,23.0
84,富貴角,2016-10-30,-1,nan,nan,nan,nan,nan,nan,nan
1,基隆,2016-10-30,25,1.0,nan,nan,21.0,12.0,nan,25.0
2,汐止,2016-10-30,35,6.0,nan,nan,25.0,14.0,nan,35.0
3,萬里,2016-10-30,51,3.0,nan,nan,51.0,3.0,nan,22.0
4,新店,2016-10-30,37,3.0,nan,nan,21.0,10.0,nan,37.0
5,土城,2016-10-30,26,4.0,nan,nan,26.0,11.0,nan,19.0
6,板橋,2016-10-30,30,9.0,nan,nan,30.0,17.0,nan,20.0
7,新莊,2016-10-30,26,10.0,nan,nan,26.0,13.0,nan,23.0
8,菜寮,2016-10-30,27,7.0,nan,nan,25.0,16.0,nan,27.0
9,林口,2016-10-30,35,9.0,nan,nan,35.0,13.0,nan,32.0
10,淡水,2016-10-30,29,3.0,nan,nan,23.0,6.0,nan,29.0
11,士林,2016-10-30,39,4.0,2.0,nan,22.0,7.0,39.0,33.0
12,中山,2016-10-30,36,11.0,5.0,nan,28.0,21.0,31.0,36.0
13,萬華,2016-10-30,31,10.0,5.0,nan,25.0,22.0,31.0,28.0
14,古亭,2016-10-30,34,6.0,2.0,nan,22.0,10.0,34.0,31.0
15,松山,2016-10-30,33,9.0,3.0,nan,26.0,15.0,33.0,20.0
16,大同,2016-10-30,36,9.0,12.0,nan,36.0,36.0,nan,25.0
66,冬山,2016-10-30,13,3.0,nan,nan,nan,13.0,nan,6.0
17,桃園,2016-10-30,24,9.0,nan,nan,24.0,9.0,nan,23.0
18,大園,2016-10-30,32,9.0,nan,nan,32.0,18.0,nan,21.0
19,觀音,2016-10-30,33,9.0,nan,nan,33.0,19.0,nan,27.0
20,平鎮,2016-10-30,28,7.0,nan,nan,28.0,9.0,nan,21.0
21,龍潭,2016-10-30,28,3.0,nan,nan,28.0,7.0,nan,21.0
22,湖口,2016-10-30,31,4.0,nan,nan,31.0,8.0,nan,25.0
23,竹東,2016-10-30,34,3.0,nan,nan,15.0,7.0,nan,34.0
25,頭份,2016-10-30,29,7.0,nan,nan,24.0,21.0,nan,29.0
26,苗栗,2016-10-30,27,6.0,nan,nan,27.0,17.0,nan,16.0
27,三義,2016-10-30,19,3.0,nan,nan,19.0,8.0,nan,18.0
28,豐原,2016-10-30,35,4.0,nan,nan,15.0,11.0,nan,35.0
29,沙鹿,2016-10-30,29,4.0,nan,nan,29.0,15.0,nan,25.0
30,大里,2016-10-30,31,4.0,nan,nan,20.0,30.0,nan,31.0
31,忠明,2016-10-30,29,4.0,nan,nan,15.0,24.0,nan,29.0
32,西屯,2016-10-30,37,6.0,nan,nan,25.0,19.0,nan,37.0
33,彰化,2016-10-30,34,3.0,nan,nan,27.0,20.0,nan,34.0
34,線西,2016-10-30,53,10.0,nan,nan,36.0,22.0,nan,53.0
35,二林,2016-10-30,44,14.0,nan,nan,44.0,19.0,nan,28.0
36,南投,2016-10-30,54,4.0,nan,nan,31.0,27.0,nan,54.0
37,斗六,2016-10-30,60,6.0,nan,nan,41.0,19.0,nan,60.0
38,崙背,2016-10-30,56,11.0,nan,nan,38.0,19.0,nan,56.0
39,新港,2016-10-30,47,10.0,nan,nan,39.0,16.0,nan,47.0
40,朴子,2016-10-30,59,13.0,nan,nan,59.0,24.0,nan,43.0
41,臺西,2016-10-30,76,13.0,nan,nan,76.0,17.0,nan,63.0
42,嘉義,2016-10-30,61,7.0,nan,nan,43.0,26.0,nan,61.0
43,新營,2016-10-30,63,9.0,nan,nan,48.0,20.0,nan,63.0
44,善化,2016-10-30,75,10.0,nan,nan,56.0,26.0,nan,75.0
45,安南,2016-10-30,62,9.0,nan,nan,55.0,19.0,nan,62.0
46,臺南,2016-10-30,62,9.0,nan,nan,53.0,21.0,nan,62.0
47,美濃,2016-10-30,86,9.0,nan,nan,52.0,10.0,nan,86.0
48,橋頭,2016-10-30,73,6.0,nan,nan,56.0,22.0,nan,73.0
49,仁武,2016-10-30,79,13.0,nan,nan,59.0,33.0,nan,79.0
50,鳳山,2016-10-30,63,13.0,nan,nan,58.0,31.0,nan,63.0
51,大寮,2016-10-30,72,21.0,nan,nan,58.0,32.0,nan,72.0
52,林園,2016-10-30,100,41.0,nan,nan,41.0,41.0,nan,100.0
53,楠梓,2016-10-30,73,6.0,nan,nan,64.0,27.0,nan,73.0
54,左營,2016-10-30,103,14.0,nan,nan,56.0,22.0,nan,103.0
56,前金,2016-10-30,83,9.0,nan,nan,51.0,20.0,nan,83.0
57,前鎮,2016-10-30,74,26.0,nan,nan,56.0,29.0,nan,74.0
58,小港,2016-10-30,77,33.0,nan,nan,54.0,40.0,nan,77.0
59,屏東,2016-10-30,103,16.0,nan,nan,55.0,25.0,nan,103.0
60,潮州,2016-10-30,104,16.0,nan,nan,68.0,22.0,nan,104.0
61,恆春,2016-10-30,27,3.0,nan,nan,27.0,6.0,nan,19.0
62,臺東,2016-10-30,38,1.0,nan,nan,38.0,8.0,nan,11.0
63,花蓮,2016-10-30,23,4.0,nan,nan,17.0,13.0,nan,23.0
64,陽明,2016-10-30,40,3.0,2.0,nan,6.0,2.0,40.0,7.0
65,宜蘭,2016-10-30,28,1.0,nan,nan,28.0,7.0,nan,14.0
67,三重,2016-10-30,37,9.0,nan,nan,37.0,31.0,nan,26.0
68,中壢,2016-10-30,36,7.0,nan,nan,36.0,20.0,nan,23.0
69,竹山,2016-10-30,66,4.0,nan,nan,39.0,25.0,nan,66.0
70,永和,2016-10-30,22,6.0,nan,nan,22.0,8.0,nan,19.0
71,復興,2016-10-30,77,17.0,nan,nan,47.0,30.0,nan,77.0
72,埔里,2016-10-30,68,4.0,nan,nan,40.0,20.0,nan,68.0
75,馬祖,2016-10-30,44,4.0,nan,nan,38.0,4.0,nan,44.0
77,金門,2016-10-30,36,7.0,nan,nan,36.0,10.0,nan,29.0
78,馬公,2016-10-30,44,4.0,nan,nan,31.0,2.0,nan,44.0
80,關山,2016-10-30,21,1.0,nan,nan,10.0,5.0,nan,21.0
83,麥寮,2016-10-30,80,14.0,nan,nan,80.0,18.0,nan,61.0
84,富貴角,2016-10-31,-1,nan,nan,nan,nan,nan,nan,nan
37,斗六,2016-10-31,74,7.0,nan,nan,51.0,26.0,nan,74.0
38,崙背,2016-10-31,57,13.0,nan,nan,38.0,19.0,nan,57.0
36,南投,2016-10-31,77,4.0,nan,nan,51.0,22.0,nan,77.0
35,二林,2016-10-31,44,17.0,nan,nan,44.0,21.0,nan,30.0
39,新港,2016-10-31,58,7.0,nan,nan,46.0,15.0,nan,58.0
34,線西,2016-10-31,62,20.0,nan,nan,41.0,29.0,nan,62.0
40,朴子,2016-10-31,53,13.0,nan,nan,33.0,25.0,nan,53.0
33,彰化,2016-10-31,52,4.0,nan,nan,35.0,20.0,nan,52.0
32,西屯,2016-10-31,49,9.0,nan,nan,39.0,15.0,nan,49.0
41,臺西,2016-10-31,61,9.0,nan,nan,42.0,21.0,nan,61.0
42,嘉義,2016-10-31,72,7.0,nan,nan,56.0,25.0,nan,72.0
1,基隆,2016-10-31,25,1.0,nan,nan,19.0,8.0,nan,25.0
43,新營,2016-10-31,68,9.0,nan,nan,60.0,21.0,nan,68.0
31,忠明,2016-10-31,53,9.0,nan,nan,29.0,24.0,nan,53.0
2,汐止,2016-10-31,36,13.0,nan,nan,27.0,26.0,nan,36.0
44,善化,2016-10-31,82,13.0,nan,nan,61.0,22.0,nan,82.0
30,大里,2016-10-31,53,10.0,nan,nan,39.0,26.0,nan,53.0
45,安南,2016-10-31,78,10.0,nan,nan,62.0,25.0,nan,78.0
29,沙鹿,2016-10-31,40,6.0,nan,nan,40.0,16.0,nan,31.0
46,臺南,2016-10-31,84,9.0,nan,nan,58.0,25.0,nan,84.0
3,萬里,2016-10-31,50,3.0,nan,nan,50.0,4.0,nan,17.0
28,豐原,2016-10-31,59,7.0,nan,nan,25.0,19.0,nan,59.0
47,美濃,2016-10-31,86,6.0,nan,nan,57.0,12.0,nan,86.0
48,橋頭,2016-10-31,81,11.0,nan,nan,71.0,23.0,nan,81.0
4,新店,2016-10-31,43,3.0,nan,nan,26.0,13.0,nan,43.0
49,仁武,2016-10-31,110,13.0,nan,106.0,87.0,39.0,nan,110.0
27,三義,2016-10-31,22,4.0,nan,nan,22.0,12.0,nan,14.0
5,土城,2016-10-31,31,10.0,nan,nan,31.0,19.0,nan,27.0
50,鳳山,2016-10-31,110,13.0,nan,nan,89.0,24.0,nan,110.0
51,大寮,2016-10-31,126,16.0,nan,nan,87.0,23.0,nan,126.0
26,苗栗,2016-10-31,31,6.0,nan,nan,31.0,14.0,nan,26.0
52,林園,2016-10-31,109,27.0,nan,nan,52.0,26.0,nan,109.0
53,楠梓,2016-10-31,90,13.0,nan,nan,87.0,29.0,nan,90.0
6,板橋,2016-10-31,34,14.0,nan,nan,34.0,19.0,nan,20.0
54,左營,2016-10-31,123,14.0,nan,102.0,78.0,30.0,nan,123.0
7,新莊,2016-10-31,26,14.0,nan,nan,26.0,14.0,nan,24.0
56,前金,2016-10-31,114,10.0,nan,nan,77.0,25.0,nan,114.0
25,頭份,2016-10-31,38,9.0,nan,nan,28.0,20.0,nan,38.0
57,前鎮,2016-10-31,98,17.0,nan,nan,76.0,29.0,nan,98.0
58,小港,2016-10-31,107,21.0,nan,nan,76.0,36.0,nan,107.0
8,菜寮,2016-10-31,27,11.0,nan,nan,25.0,17.0,nan,27.0
59,屏東,2016-10-31,110,10.0,nan,nan,64.0,24.0,nan,110.0
24,新竹,2016-10-31,32,7.0,nan,nan,32.0,13.0,nan,23.0
60,潮州,2016-10-31,124,17.0,nan,112.0,70.0,20.0,nan,124.0
61,恆春,2016-10-31,31,3.0,nan,nan,31.0,3.0,nan,21.0
62,臺東,2016-10-31,29,3.0,nan,nan,29.0,8.0,nan,20.0
63,花蓮,2016-10-31,32,7.0,nan,nan,24.0,8.0,nan,32.0
9,林口,2016-10-31,35,11.0,nan,nan,35.0,12.0,nan,33.0
23,竹東,2016-10-31,53,4.0,nan,nan,24.0,13.0,nan,53.0
64,陽明,2016-10-31,43,3.0,2.0,nan,6.0,2.0,43.0,8.0
65,宜蘭,2016-10-31,37,3.0,nan,nan,37.0,16.0,nan,20.0
10,淡水,2016-10-31,37,4.0,nan,nan,28.0,8.0,nan,37.0
66,冬山,2016-10-31,31,4.0,nan,nan,31.0,12.0,nan,8.0
11,士林,2016-10-31,39,6.0,3.0,nan,24.0,9.0,39.0,23.0
67,三重,2016-10-31,42,11.0,nan,nan,40.0,42.0,nan,37.0
22,湖口,2016-10-31,37,7.0,nan,nan,30.0,10.0,nan,37.0
68,中壢,2016-10-31,34,9.0,nan,nan,34.0,25.0,nan,31.0
69,竹山,2016-10-31,79,4.0,nan,nan,53.0,22.0,nan,79.0
70,永和,2016-10-31,27,9.0,nan,nan,25.0,21.0,nan,27.0
12,中山,2016-10-31,30,10.0,7.0,nan,25.0,27.0,29.0,30.0
71,復興,2016-10-31,101,13.0,nan,nan,68.0,38.0,nan,101.0
21,龍潭,2016-10-31,33,6.0,nan,nan,33.0,15.0,nan,31.0
72,埔里,2016-10-31,73,3.0,nan,nan,46.0,16.0,nan,73.0
13,萬華,2016-10-31,29,10.0,5.0,nan,25.0,27.0,29.0,27.0
75,馬祖,2016-10-31,44,4.0,nan,nan,34.0,5.0,nan,44.0
20,平鎮,2016-10-31,30,9.0,nan,nan,30.0,17.0,nan,21.0
77,金門,2016-10-31,45,10.0,nan,nan,45.0,16.0,nan,40.0
19,觀音,2016-10-31,38,9.0,nan,nan,38.0,15.0,nan,30.0
14,古亭,2016-10-31,34,10.0,5.0,nan,28.0,23.0,32.0,34.0
78,馬公,2016-10-31,43,3.0,nan,nan,27.0,2.0,nan,43.0
15,松山,2016-10-31,30,9.0,5.0,nan,24.0,24.0,30.0,25.0
80,關山,2016-10-31,26,3.0,nan,nan,19.0,7.0,nan,26.0
83,麥寮,2016-10-31,73,10.0,nan,nan,73.0,28.0,nan,59.0
18,大園,2016-10-31,38,9.0,nan,nan,38.0,23.0,nan,30.0
16,大同,2016-10-31,38,13.0,9.0,nan,38.0,32.0,nan,27.0
17,桃園,2016-10-31,28,11.0,nan,nan,25.0,17.0,nan,28.0
