siteid,sitename,monitordate,aqi,so2subindex,cosubindex,o3subindex,pm10subindex,no2subindex,o38subindex,pm25subindex
2,汐止,2021-09-01,18,2,1,nan,8,18,13.0,11
3,萬里,2021-09-01,14,12,1,nan,6,8,14.0,6
4,新店,2021-09-01,24,2,2,nan,10,18,24.0,12
5,土城,2021-09-01,132,8,3,nan,25,45,132.0,31
6,板橋,2021-09-01,143,10,5,nan,21,28,143.0,35
7,新莊,2021-09-01,122,12,3,nan,24,27,122.0,36
8,菜寮,2021-09-01,47,5,3,nan,12,25,47.0,25
85,大城,2021-09-01,46,5,1,nan,26,17,43.0,46
9,林口,2021-09-01,112,5,3,nan,19,32,112.0,35
84,富貴角,2021-09-01,24,2,0,nan,10,10,24.0,8
10,淡水,2021-09-01,33,2,1,nan,10,17,33.0,12
83,麥寮,2021-09-01,47,5,2,nan,30,20,nan,47
11,士林,2021-09-01,34,5,1,nan,16,25,34.0,17
80,關山,2021-09-01,10,2,0,nan,10,7,10.0,7
12,中山,2021-09-01,37,2,5,nan,13,37,32.0,15
13,萬華,2021-09-01,47,2,5,nan,13,30,47.0,21
78,馬公,2021-09-01,47,2,1,nan,23,8,47.0,40
14,古亭,2021-09-01,33,2,3,nan,9,22,33.0,16
77,金門,2021-09-01,42,12,1,nan,30,23,42.0,37
15,松山,2021-09-01,17,2,2,nan,10,17,12.0,7
75,馬祖,2021-09-01,26,0,0,nan,11,8,26.0,10
16,大同,2021-09-01,57,5,20,nan,25,57,nan,38
72,埔里,2021-09-01,45,2,2,nan,19,12,45.0,39
17,桃園,2021-09-01,118,28,5,nan,30,27,118.0,63
18,大園,2021-09-01,51,15,2,nan,26,35,51.0,51
71,復興,2021-09-01,28,5,5,nan,14,28,nan,26
70,永和,2021-09-01,45,2,12,nan,13,45,nan,24
69,竹山,2021-09-01,46,2,1,nan,21,18,46.0,37
68,中壢,2021-09-01,67,5,11,nan,35,59,nan,67
19,觀音,2021-09-01,56,8,2,nan,27,27,48.0,56
67,三重,2021-09-01,57,2,11,nan,15,57,nan,25
66,冬山,2021-09-01,19,2,2,nan,16,12,12.0,19
20,平鎮,2021-09-01,73,5,3,nan,34,35,61.0,73
65,宜蘭,2021-09-01,19,2,2,nan,11,10,15.0,19
21,龍潭,2021-09-01,64,5,3,nan,32,48,61.0,64
64,陽明,2021-09-01,23,5,1,nan,7,15,23.0,9
22,湖口,2021-09-01,68,5,2,nan,34,38,42.0,68
63,花蓮,2021-09-01,17,2,1,nan,10,15,17.0,12
1,基隆,2021-09-01,14,2,1,nan,8,13,14.0,13
23,竹東,2021-09-01,64,2,2,nan,31,20,64.0,59
62,臺東,2021-09-01,15,5,1,nan,10,12,15.0,10
24,新竹,2021-09-01,67,5,3,nan,33,38,50.0,67
61,恆春,2021-09-01,13,2,0,nan,7,2,13.0,8
25,頭份,2021-09-01,61,32,3,nan,32,40,nan,61
60,潮州,2021-09-01,44,8,2,nan,20,13,44.0,35
26,苗栗,2021-09-01,59,12,2,nan,30,22,54.0,59
27,三義,2021-09-01,71,5,2,nan,30,18,71.0,62
59,屏東,2021-09-01,38,5,3,nan,25,23,35.0,38
28,豐原,2021-09-01,63,8,3,nan,32,22,61.0,63
29,沙鹿,2021-09-01,50,10,2,nan,30,27,49.0,50
58,小港,2021-09-01,45,5,2,nan,19,45,23.0,34
30,大里,2021-09-01,64,10,3,nan,28,23,64.0,51
57,前鎮,2021-09-01,28,5,5,nan,18,28,nan,24
31,忠明,2021-09-01,54,10,3,nan,27,32,54.0,49
56,前金,2021-09-01,27,5,2,nan,13,22,27.0,27
54,左營,2021-09-01,31,8,2,nan,26,28,25.0,31
32,西屯,2021-09-01,52,12,2,nan,31,32,51.0,52
53,楠梓,2021-09-01,35,2,2,nan,23,35,26.0,26
33,彰化,2021-09-01,51,15,3,nan,31,25,46.0,51
34,線西,2021-09-01,46,8,2,nan,41,25,nan,46
52,林園,2021-09-01,44,8,2,nan,25,28,28.0,44
51,大寮,2021-09-01,59,25,2,nan,37,32,27.0,59
35,二林,2021-09-01,53,5,1,nan,35,22,40.0,53
50,鳳山,2021-09-01,43,10,6,nan,22,30,nan,43
49,仁武,2021-09-01,36,8,2,nan,23,23,27.0,36
36,南投,2021-09-01,47,5,1,nan,26,13,47.0,46
48,橋頭,2021-09-01,40,5,3,nan,26,18,26.0,40
37,斗六,2021-09-01,46,5,2,nan,23,18,46.0,40
47,美濃,2021-09-01,36,2,1,nan,19,7,36.0,27
38,崙背,2021-09-01,50,8,2,nan,32,13,42.0,50
46,臺南,2021-09-01,36,5,2,nan,21,27,34.0,36
39,新港,2021-09-01,41,10,2,nan,25,27,41.0,41
45,安南,2021-09-01,38,8,2,nan,27,27,34.0,38
40,朴子,2021-09-01,46,5,2,nan,26,18,35.0,46
41,臺西,2021-09-01,47,5,1,nan,29,17,nan,47
44,善化,2021-09-01,32,2,1,nan,16,20,32.0,28
43,新營,2021-09-01,42,5,2,nan,23,12,38.0,42
42,嘉義,2021-09-01,35,5,2,nan,23,17,35.0,34
2,汐止,2021-09-02,48,20,3,nan,18,32,48.0,35
68,中壢,2021-09-02,66,5,14,nan,34,61,nan,66
67,三重,2021-09-02,59,10,14,nan,24,59,nan,47
69,竹山,2021-09-02,44,5,1,nan,23,12,44.0,42
66,冬山,2021-09-02,22,5,2,nan,17,15,22.0,21
70,永和,2021-09-02,54,2,10,nan,22,54,nan,40
65,宜蘭,2021-09-02,19,2,1,nan,10,10,19.0,16
71,復興,2021-09-02,34,8,6,nan,17,32,nan,34
64,陽明,2021-09-02,51,12,2,nan,23,18,47.0,51
72,埔里,2021-09-02,44,2,2,nan,19,12,44.0,38
63,花蓮,2021-09-02,17,2,1,nan,10,15,16.0,17
75,馬祖,2021-09-02,27,5,1,nan,11,10,27.0,17
62,臺東,2021-09-02,15,2,2,nan,10,13,15.0,9
77,金門,2021-09-02,38,12,1,nan,18,35,38.0,27
61,恆春,2021-09-02,14,2,0,nan,7,2,14.0,9
60,潮州,2021-09-02,43,5,2,nan,20,13,43.0,34
78,馬公,2021-09-02,47,2,1,nan,16,8,47.0,27
59,屏東,2021-09-02,32,8,3,nan,21,28,32.0,31
80,關山,2021-09-02,12,2,1,nan,11,5,12.0,5
58,小港,2021-09-02,50,25,3,nan,25,50,27.0,41
83,麥寮,2021-09-02,50,15,2,nan,27,28,nan,50
57,前鎮,2021-09-02,38,8,7,nan,23,38,nan,31
84,富貴角,2021-09-02,44,5,1,nan,17,10,44.0,34
56,前金,2021-09-02,43,10,5,nan,18,43,31.0,37
85,大城,2021-09-02,47,2,0,nan,20,12,46.0,47
54,左營,2021-09-02,43,8,2,nan,28,42,32.0,43
53,楠梓,2021-09-02,33,5,2,nan,23,33,31.0,30
52,林園,2021-09-02,42,5,2,nan,22,22,41.0,42
51,大寮,2021-09-02,46,15,2,nan,32,45,29.0,46
50,鳳山,2021-09-02,49,12,6,nan,22,40,nan,49
49,仁武,2021-09-02,37,5,2,nan,25,28,31.0,37
48,橋頭,2021-09-02,31,5,2,nan,24,22,15.0,31
47,美濃,2021-09-02,33,2,1,nan,17,10,33.0,24
46,臺南,2021-09-02,28,2,2,nan,15,22,28.0,28
45,安南,2021-09-02,29,5,2,nan,21,22,29.0,29
44,善化,2021-09-02,31,10,1,nan,17,18,31.0,23
43,新營,2021-09-02,39,8,3,nan,22,17,34.0,39
42,嘉義,2021-09-02,38,5,1,nan,20,10,38.0,31
41,臺西,2021-09-02,39,5,1,nan,22,12,nan,39
40,朴子,2021-09-02,42,2,1,nan,23,17,38.0,42
39,新港,2021-09-02,44,5,2,nan,22,20,44.0,36
38,崙背,2021-09-02,52,5,1,nan,27,12,42.0,52
37,斗六,2021-09-02,44,5,1,nan,22,12,44.0,39
36,南投,2021-09-02,48,5,1,nan,25,17,41.0,48
35,二林,2021-09-02,49,8,1,nan,33,13,37.0,49
34,線西,2021-09-02,44,12,1,nan,37,12,nan,44
33,彰化,2021-09-02,39,18,1,nan,26,27,36.0,39
32,西屯,2021-09-02,47,25,3,nan,29,27,34.0,47
31,忠明,2021-09-02,46,18,3,nan,23,35,36.0,46
30,大里,2021-09-02,45,15,3,nan,26,33,43.0,45
29,沙鹿,2021-09-02,43,18,2,nan,29,25,33.0,43
28,豐原,2021-09-02,46,5,2,nan,24,18,44.0,46
27,三義,2021-09-02,48,5,2,nan,23,25,44.0,48
26,苗栗,2021-09-02,46,5,2,nan,24,22,40.0,46
25,頭份,2021-09-02,48,10,2,nan,27,27,nan,48
24,新竹,2021-09-02,58,2,3,nan,27,38,39.0,58
23,竹東,2021-09-02,48,2,2,nan,25,13,36.0,48
22,湖口,2021-09-02,58,8,2,nan,29,28,39.0,58
21,龍潭,2021-09-02,57,2,3,nan,28,38,42.0,57
20,平鎮,2021-09-02,66,5,3,nan,34,48,39.0,66
19,觀音,2021-09-02,54,10,1,nan,28,30,33.0,54
18,大園,2021-09-02,57,8,3,nan,31,50,33.0,57
17,桃園,2021-09-02,58,32,5,nan,29,40,44.0,58
16,大同,2021-09-02,61,8,22,nan,32,61,nan,55
15,松山,2021-09-02,64,10,3,nan,21,35,64.0,35
14,古亭,2021-09-02,64,12,3,nan,18,35,64.0,39
13,萬華,2021-09-02,49,8,5,nan,20,47,49.0,39
12,中山,2021-09-02,52,8,6,nan,23,52,47.0,43
11,士林,2021-09-02,51,8,2,nan,24,27,51.0,41
10,淡水,2021-09-02,51,5,2,nan,19,25,51.0,33
9,林口,2021-09-02,45,10,3,nan,22,38,43.0,45
8,菜寮,2021-09-02,58,8,5,nan,21,35,58.0,46
7,新莊,2021-09-02,52,12,3,nan,30,38,46.0,52
6,板橋,2021-09-02,50,12,5,nan,26,47,50.0,43
5,土城,2021-09-02,51,2,5,nan,28,51,50.0,40
4,新店,2021-09-02,80,10,3,nan,19,30,80.0,31
3,萬里,2021-09-02,30,8,1,nan,12,12,30.0,24
1,基隆,2021-09-02,43,8,2,nan,15,15,43.0,33
38,崙背,2021-09-03,47,5,1,nan,22,27,33.0,47
1,基隆,2021-09-03,46,8,2,nan,22,23,46.0,46
2,汐止,2021-09-03,51,5,3,nan,25,40,51.0,47
3,萬里,2021-09-03,45,2,2,nan,19,18,45.0,41
4,新店,2021-09-03,61,5,2,nan,20,20,61.0,37
5,土城,2021-09-03,45,0,3,nan,29,42,45.0,44
6,板橋,2021-09-03,44,2,5,nan,26,37,44.0,44
7,新莊,2021-09-03,50,40,3,nan,29,30,39.0,50
8,菜寮,2021-09-03,50,22,5,nan,22,32,36.0,50
9,林口,2021-09-03,42,5,3,nan,20,42,30.0,39
10,淡水,2021-09-03,31,2,2,nan,14,20,31.0,27
11,士林,2021-09-03,37,5,2,nan,25,25,35.0,37
12,中山,2021-09-03,52,10,6,nan,25,52,39.0,49
13,萬華,2021-09-03,45,8,5,nan,21,45,40.0,41
14,古亭,2021-09-03,50,5,3,nan,20,25,50.0,40
15,松山,2021-09-03,51,8,3,nan,25,37,51.0,48
16,大同,2021-09-03,61,10,23,nan,36,61,nan,61
17,桃園,2021-09-03,50,12,5,nan,25,40,35.0,50
18,大園,2021-09-03,37,5,2,nan,20,37,26.0,34
19,觀音,2021-09-03,29,8,1,nan,12,20,29.0,25
20,平鎮,2021-09-03,50,5,3,nan,24,37,31.0,50
21,龍潭,2021-09-03,47,2,3,nan,22,47,40.0,42
22,湖口,2021-09-03,33,5,1,nan,16,15,28.0,33
23,竹東,2021-09-03,36,0,2,nan,20,12,36.0,35
24,新竹,2021-09-03,32,2,2,nan,14,23,30.0,32
25,頭份,2021-09-03,32,12,2,nan,19,25,nan,32
26,苗栗,2021-09-03,31,5,1,nan,18,23,31.0,29
27,三義,2021-09-03,34,5,1,nan,16,13,34.0,29
28,豐原,2021-09-03,38,2,2,nan,19,10,38.0,32
29,沙鹿,2021-09-03,30,15,3,nan,21,28,30.0,29
30,大里,2021-09-03,41,12,5,nan,25,32,35.0,41
31,忠明,2021-09-03,40,10,5,nan,19,40,34.0,38
32,西屯,2021-09-03,39,15,2,nan,25,38,32.0,39
33,彰化,2021-09-03,36,8,1,nan,20,15,36.0,28
34,線西,2021-09-03,37,15,2,nan,24,20,nan,37
35,二林,2021-09-03,40,2,2,nan,27,17,31.0,40
36,南投,2021-09-03,42,5,1,nan,19,15,42.0,38
37,斗六,2021-09-03,44,12,2,nan,20,23,44.0,38
39,新港,2021-09-03,47,15,2,nan,23,28,47.0,38
40,朴子,2021-09-03,40,5,2,nan,21,23,40.0,35
41,臺西,2021-09-03,35,8,1,nan,22,18,nan,35
42,嘉義,2021-09-03,47,5,2,nan,20,22,47.0,29
43,新營,2021-09-03,44,5,2,nan,21,17,44.0,40
44,善化,2021-09-03,40,5,1,nan,13,15,40.0,18
45,安南,2021-09-03,38,8,3,nan,21,25,38.0,28
46,臺南,2021-09-03,39,2,3,nan,17,25,39.0,25
47,美濃,2021-09-03,39,2,1,nan,14,8,39.0,18
48,橋頭,2021-09-03,44,8,2,nan,27,33,44.0,39
49,仁武,2021-09-03,45,10,2,nan,21,35,45.0,32
50,鳳山,2021-09-03,38,5,6,nan,18,35,nan,38
51,大寮,2021-09-03,46,42,3,nan,30,45,37.0,46
52,林園,2021-09-03,38,10,3,nan,24,23,27.0,38
53,楠梓,2021-09-03,51,5,3,nan,22,51,43.0,27
54,左營,2021-09-03,47,10,5,nan,18,47,45.0,31
56,前金,2021-09-03,44,2,6,nan,16,40,44.0,32
57,前鎮,2021-09-03,47,8,8,nan,19,47,nan,27
58,小港,2021-09-03,57,12,5,nan,19,57,37.0,36
59,屏東,2021-09-03,43,5,5,nan,20,30,43.0,29
60,潮州,2021-09-03,46,8,2,nan,23,18,46.0,32
61,恆春,2021-09-03,19,2,0,nan,8,2,19.0,11
62,臺東,2021-09-03,16,2,1,nan,12,10,16.0,14
63,花蓮,2021-09-03,18,2,1,nan,13,12,18.0,18
64,陽明,2021-09-03,49,2,1,nan,18,27,42.0,49
65,宜蘭,2021-09-03,30,2,2,nan,12,8,30.0,25
66,冬山,2021-09-03,28,5,3,nan,18,22,28.0,25
67,三重,2021-09-03,60,15,14,nan,27,60,nan,53
68,中壢,2021-09-03,54,5,11,nan,27,54,nan,54
69,竹山,2021-09-03,44,2,1,nan,21,13,44.0,34
70,永和,2021-09-03,47,0,10,nan,22,42,nan,47
71,復興,2021-09-03,40,5,7,nan,15,40,nan,27
72,埔里,2021-09-03,61,8,2,nan,17,13,61.0,38
75,馬祖,2021-09-03,54,2,1,nan,14,18,54.0,31
77,金門,2021-09-03,27,18,2,nan,13,27,24.0,17
78,馬公,2021-09-03,30,0,1,nan,7,10,30.0,10
80,關山,2021-09-03,14,2,1,nan,13,5,14.0,8
83,麥寮,2021-09-03,34,18,2,nan,23,23,nan,34
84,富貴角,2021-09-03,43,2,1,nan,16,18,43.0,33
85,大城,2021-09-03,36,5,1,nan,18,15,36.0,36
16,大同,2021-09-04,62,2,14,nan,23,62,nan,45
37,斗六,2021-09-04,42,8,1,nan,19,13,42.0,38
5,土城,2021-09-04,42,0,3,nan,20,42,36.0,29
36,南投,2021-09-04,42,8,2,nan,19,17,42.0,37
75,馬祖,2021-09-04,46,2,1,nan,12,8,46.0,30
85,大城,2021-09-04,37,5,1,nan,18,15,37.0,31
15,松山,2021-09-04,36,2,3,nan,19,33,34.0,36
35,二林,2021-09-04,36,12,2,nan,23,15,35.0,36
6,板橋,2021-09-04,47,5,6,nan,18,47,36.0,33
58,小港,2021-09-04,34,18,2,nan,12,27,34.0,27
7,新莊,2021-09-04,48,18,5,nan,24,48,36.0,40
84,富貴角,2021-09-04,43,5,2,nan,13,15,43.0,26
14,古亭,2021-09-04,39,2,3,nan,14,33,39.0,33
59,屏東,2021-09-04,39,2,3,nan,16,17,39.0,24
13,萬華,2021-09-04,43,2,5,nan,19,43,33.0,35
8,菜寮,2021-09-04,48,5,5,nan,17,48,39.0,43
83,麥寮,2021-09-04,33,12,2,nan,21,20,nan,33
34,線西,2021-09-04,28,10,1,nan,15,15,nan,28
60,潮州,2021-09-04,45,2,1,nan,15,10,45.0,31
9,林口,2021-09-04,36,5,3,nan,17,35,36.0,32
77,金門,2021-09-04,25,10,0,nan,7,18,25.0,8
12,中山,2021-09-04,48,2,6,nan,20,48,32.0,35
80,關山,2021-09-04,14,2,1,nan,11,5,14.0,9
61,恆春,2021-09-04,15,2,0,nan,8,3,15.0,9
11,士林,2021-09-04,40,2,2,nan,20,40,35.0,30
78,馬公,2021-09-04,28,2,1,nan,8,18,28.0,11
33,彰化,2021-09-04,35,12,1,nan,14,18,35.0,21
10,淡水,2021-09-04,33,2,2,nan,16,30,33.0,31
62,臺東,2021-09-04,15,2,1,nan,10,13,15.0,10
32,西屯,2021-09-04,35,22,2,nan,22,25,35.0,31
63,花蓮,2021-09-04,20,2,1,nan,11,12,20.0,19
31,忠明,2021-09-04,36,18,3,nan,18,35,36.0,30
47,美濃,2021-09-04,39,2,2,nan,15,5,39.0,19
64,陽明,2021-09-04,35,2,1,nan,12,8,35.0,33
46,臺南,2021-09-04,31,2,2,nan,13,18,31.0,20
49,仁武,2021-09-04,32,12,2,nan,15,28,32.0,26
65,宜蘭,2021-09-04,29,2,1,nan,11,10,29.0,24
45,安南,2021-09-04,31,5,2,nan,18,22,31.0,29
30,大里,2021-09-04,40,18,3,nan,20,20,40.0,31
50,鳳山,2021-09-04,34,8,5,nan,13,20,nan,34
29,沙鹿,2021-09-04,50,25,3,nan,20,50,36.0,31
66,冬山,2021-09-04,23,8,2,nan,18,22,19.0,23
51,大寮,2021-09-04,40,40,2,nan,18,25,38.0,29
28,豐原,2021-09-04,38,2,2,nan,16,12,38.0,29
44,善化,2021-09-04,33,10,1,nan,14,12,33.0,24
48,橋頭,2021-09-04,30,15,3,nan,18,13,30.0,25
27,三義,2021-09-04,31,5,1,nan,14,20,31.0,26
26,苗栗,2021-09-04,27,2,1,nan,14,15,27.0,26
67,三重,2021-09-04,54,2,15,nan,21,54,nan,42
52,林園,2021-09-04,40,12,2,nan,20,17,40.0,37
25,頭份,2021-09-04,23,10,1,nan,13,15,nan,23
24,新竹,2021-09-04,32,0,2,nan,13,32,27.0,31
43,新營,2021-09-04,36,2,2,nan,17,12,35.0,36
68,中壢,2021-09-04,55,2,12,nan,22,55,nan,38
53,楠梓,2021-09-04,35,10,3,nan,17,35,31.0,22
23,竹東,2021-09-04,26,2,2,nan,19,12,25.0,26
22,湖口,2021-09-04,36,2,1,nan,16,18,30.0,36
42,嘉義,2021-09-04,44,10,1,nan,18,12,44.0,28
69,竹山,2021-09-04,43,5,1,nan,18,15,43.0,32
21,龍潭,2021-09-04,29,2,2,nan,16,22,28.0,29
1,基隆,2021-09-04,31,8,2,nan,13,17,31.0,28
41,臺西,2021-09-04,40,8,2,nan,25,30,nan,40
20,平鎮,2021-09-04,42,2,3,nan,17,35,29.0,42
70,永和,2021-09-04,50,2,8,nan,19,50,nan,40
2,汐止,2021-09-04,38,5,3,nan,17,38,32.0,34
19,觀音,2021-09-04,36,5,2,nan,13,32,34.0,36
3,萬里,2021-09-04,40,5,2,nan,14,15,40.0,24
54,左營,2021-09-04,37,10,2,nan,19,37,36.0,30
40,朴子,2021-09-04,32,5,2,nan,15,27,32.0,32
56,前金,2021-09-04,55,10,3,nan,12,55,35.0,31
4,新店,2021-09-04,40,2,3,nan,16,32,40.0,27
18,大園,2021-09-04,33,5,2,nan,16,27,33.0,32
39,新港,2021-09-04,42,22,2,nan,20,23,42.0,37
38,崙背,2021-09-04,42,5,2,nan,20,28,35.0,42
71,復興,2021-09-04,22,2,5,nan,11,22,nan,21
72,埔里,2021-09-04,42,5,2,nan,16,10,42.0,30
17,桃園,2021-09-04,33,18,5,nan,17,32,33.0,33
57,前鎮,2021-09-04,30,5,5,nan,14,30,nan,22
58,小港,2021-09-05,48,35,2,nan,18.0,48,48.0,43.0
85,大城,2021-09-05,47,5,1,nan,20.0,13,47.0,42.0
84,富貴角,2021-09-05,22,8,0,nan,6.0,12,22.0,nan
83,麥寮,2021-09-05,40,15,2,nan,24.0,23,nan,40.0
80,關山,2021-09-05,12,2,1,nan,11.0,3,12.0,5.0
78,馬公,2021-09-05,50,2,1,nan,nan,7,50.0,24.0
77,金門,2021-09-05,51,22,1,nan,21.0,27,51.0,31.0
75,馬祖,2021-09-05,32,5,1,nan,12.0,15,32.0,26.0
72,埔里,2021-09-05,39,5,1,nan,16.0,7,34.0,39.0
71,復興,2021-09-05,56,56,5,nan,13.0,18,nan,39.0
70,永和,2021-09-05,13,2,3,nan,7.0,13,nan,11.0
69,竹山,2021-09-05,42,5,1,nan,19.0,10,42.0,37.0
1,基隆,2021-09-05,13,0,1,nan,7.0,8,13.0,13.0
2,汐止,2021-09-05,20,10,1,nan,5.0,20,12.0,8.0
68,中壢,2021-09-05,37,5,9,nan,17.0,37,nan,24.0
67,三重,2021-09-05,22,2,8,nan,11.0,22,nan,13.0
66,冬山,2021-09-05,15,2,1,nan,12.0,15,13.0,13.0
3,萬里,2021-09-05,15,12,1,nan,7.0,12,15.0,8.0
4,新店,2021-09-05,14,2,1,nan,7.0,12,14.0,5.0
5,土城,2021-09-05,18,0,3,nan,9.0,18,17.0,5.0
65,宜蘭,2021-09-05,17,2,1,nan,8.0,8,17.0,11.0
6,板橋,2021-09-05,17,2,2,nan,7.0,17,15.0,8.0
7,新莊,2021-09-05,17,2,2,nan,11.0,17,16.0,12.0
64,陽明,2021-09-05,14,5,0,nan,3.0,3,14.0,6.0
63,花蓮,2021-09-05,17,0,1,nan,6.0,7,17.0,10.0
8,菜寮,2021-09-05,16,0,2,nan,5.0,15,16.0,12.0
9,林口,2021-09-05,19,2,1,nan,5.0,13,19.0,9.0
10,淡水,2021-09-05,16,2,1,nan,7.0,12,16.0,7.0
11,士林,2021-09-05,15,0,1,nan,5.0,10,15.0,6.0
62,臺東,2021-09-05,14,2,1,nan,11.0,10,14.0,10.0
12,中山,2021-09-05,15,2,2,nan,9.0,15,13.0,15.0
13,萬華,2021-09-05,17,2,1,nan,4.0,17,12.0,9.0
61,恆春,2021-09-05,12,2,0,nan,8.0,2,12.0,6.0
14,古亭,2021-09-05,14,0,1,nan,6.0,13,14.0,7.0
15,松山,2021-09-05,15,2,1,nan,6.0,15,13.0,7.0
16,大同,2021-09-05,25,8,10,nan,16.0,25,nan,23.0
60,潮州,2021-09-05,51,10,2,nan,15.0,20,51.0,30.0
17,桃園,2021-09-05,31,25,3,nan,13.0,27,31.0,22.0
18,大園,2021-09-05,31,8,2,nan,13.0,25,31.0,22.0
59,屏東,2021-09-05,71,10,3,nan,20.0,18,71.0,41.0
19,觀音,2021-09-05,28,8,2,nan,15.0,28,24.0,25.0
20,平鎮,2021-09-05,32,2,2,nan,14.0,22,32.0,25.0
21,龍潭,2021-09-05,42,5,2,nan,14.0,25,42.0,24.0
22,湖口,2021-09-05,39,5,2,nan,20.0,18,39.0,38.0
57,前鎮,2021-09-05,53,53,3,nan,18.0,28,nan,37.0
23,竹東,2021-09-05,47,2,2,nan,21.0,10,47.0,33.0
56,前金,2021-09-05,57,18,2,nan,16.0,57,54.0,43.0
54,左營,2021-09-05,58,12,3,nan,22.0,38,58.0,43.0
24,新竹,2021-09-05,45,2,2,nan,19.0,25,45.0,38.0
25,頭份,2021-09-05,38,22,2,nan,21.0,38,nan,31.0
53,楠梓,2021-09-05,50,5,2,nan,17.0,20,50.0,31.0
26,苗栗,2021-09-05,58,5,2,nan,21.0,15,58.0,41.0
52,林園,2021-09-05,77,10,2,nan,20.0,17,77.0,44.0
27,三義,2021-09-05,54,5,2,nan,22.0,10,54.0,47.0
51,大寮,2021-09-05,71,25,3,nan,24.0,35,71.0,51.0
28,豐原,2021-09-05,48,8,3,nan,23.0,13,47.0,48.0
50,鳳山,2021-09-05,49,38,5,nan,18.0,22,nan,49.0
49,仁武,2021-09-05,64,5,2,nan,19.0,18,64.0,42.0
48,橋頭,2021-09-05,58,5,2,nan,21.0,10,58.0,41.0
29,沙鹿,2021-09-05,44,28,3,nan,23.0,18,37.0,44.0
47,美濃,2021-09-05,45,2,3,nan,16.0,7,45.0,24.0
30,大里,2021-09-05,41,12,2,nan,21.0,27,37.0,41.0
46,臺南,2021-09-05,45,2,2,nan,18.0,28,45.0,36.0
45,安南,2021-09-05,46,5,2,nan,18.0,25,46.0,33.0
31,忠明,2021-09-05,44,12,3,nan,22.0,37,36.0,44.0
44,善化,2021-09-05,47,5,1,nan,16.0,10,47.0,35.0
32,西屯,2021-09-05,45,18,2,nan,25.0,33,35.0,45.0
43,新營,2021-09-05,46,5,2,nan,22.0,15,46.0,44.0
33,彰化,2021-09-05,41,12,1,nan,20.0,17,31.0,41.0
34,線西,2021-09-05,44,12,2,nan,25.0,17,nan,44.0
42,嘉義,2021-09-05,45,12,2,nan,19.0,7,45.0,37.0
35,二林,2021-09-05,48,5,2,nan,28.0,13,35.0,48.0
36,南投,2021-09-05,42,8,2,nan,20.0,12,35.0,42.0
41,臺西,2021-09-05,44,8,2,nan,21.0,20,nan,44.0
40,朴子,2021-09-05,42,5,2,nan,20.0,20,42.0,40.0
37,斗六,2021-09-05,39,5,2,nan,19.0,15,37.0,39.0
38,崙背,2021-09-05,52,10,2,nan,22.0,27,36.0,52.0
39,新港,2021-09-05,44,22,2,nan,21.0,18,44.0,42.0
41,臺西,2021-09-06,23,5,1,nan,13.0,18,nan,23
27,三義,2021-09-06,41,8,1,nan,13.0,15,41.0,22
59,屏東,2021-09-06,36,8,3,nan,14.0,25,36.0,23
85,大城,2021-09-06,33,10,1,nan,12.0,15,33.0,26
33,彰化,2021-09-06,32,12,2,nan,12.0,32,32.0,18
15,松山,2021-09-06,41,5,3,nan,12.0,40,41.0,20
58,小港,2021-09-06,42,10,2,nan,15.0,42,31.0,31
16,大同,2021-09-06,66,5,25,nan,23.0,66,nan,42
35,二林,2021-09-06,34,10,1,nan,23.0,20,31.0,34
47,美濃,2021-09-06,32,2,1,nan,11.0,7,32.0,15
17,桃園,2021-09-06,45,12,5,nan,17.0,45,38.0,36
18,大園,2021-09-06,43,8,2,nan,18.0,38,43.0,36
39,新港,2021-09-06,31,22,2,nan,14.0,17,31.0,22
57,前鎮,2021-09-06,38,10,5,nan,15.0,38,nan,19
46,臺南,2021-09-06,30,5,3,nan,11.0,30,23.0,21
56,前金,2021-09-06,36,5,3,nan,12.0,25,36.0,27
19,觀音,2021-09-06,37,8,2,nan,18.0,30,36.0,37
20,平鎮,2021-09-06,37,5,2,nan,18.0,27,37.0,34
28,豐原,2021-09-06,30,5,2,nan,12.0,15,30.0,24
34,線西,2021-09-06,21,5,1,nan,10.0,15,nan,21
45,安南,2021-09-06,29,5,2,nan,14.0,25,29.0,19
44,善化,2021-09-06,30,5,1,nan,8.0,13,30.0,11
37,斗六,2021-09-06,32,12,1,nan,15.0,20,32.0,27
21,龍潭,2021-09-06,45,2,2,nan,13.0,22,45.0,26
54,左營,2021-09-06,29,8,2,nan,15.0,22,29.0,25
22,湖口,2021-09-06,44,8,2,nan,20.0,30,38.0,44
43,新營,2021-09-06,30,0,1,nan,13.0,17,30.0,23
29,沙鹿,2021-09-06,30,20,2,nan,13.0,30,30.0,18
69,竹山,2021-09-06,37,5,1,nan,14.0,18,37.0,25
53,楠梓,2021-09-06,33,8,2,nan,14.0,25,33.0,16
4,新店,2021-09-06,77,2,3,nan,13.0,32,77.0,20
23,竹東,2021-09-06,28,8,2,nan,18.0,13,22.0,28
70,永和,2021-09-06,50,2,12,nan,15.0,50,nan,32
52,林園,2021-09-06,58,8,2,nan,18.0,18,58.0,36
5,土城,2021-09-06,67,2,5,nan,18.0,51,67.0,27
71,復興,2021-09-06,32,10,7,nan,11.0,32,nan,27
68,中壢,2021-09-06,54,5,12,nan,21.0,54,nan,39
6,板橋,2021-09-06,67,2,6,nan,16.0,56,67.0,28
24,新竹,2021-09-06,41,5,2,nan,16.0,28,33.0,41
3,萬里,2021-09-06,39,2,1,nan,12.0,10,39.0,18
30,大里,2021-09-06,31,12,3,nan,15.0,28,31.0,27
51,大寮,2021-09-06,37,25,2,nan,19.0,37,35.0,30
7,新莊,2021-09-06,55,5,5,nan,20.0,55,44.0,30
67,三重,2021-09-06,58,2,14,nan,18.0,58,nan,32
2,汐止,2021-09-06,40,5,2,nan,11.0,33,40.0,21
72,埔里,2021-09-06,36,2,2,nan,13.0,15,36.0,25
50,鳳山,2021-09-06,35,8,8,nan,13.0,32,nan,35
8,菜寮,2021-09-06,50,5,5,nan,13.0,50,49.0,30
1,基隆,2021-09-06,32,8,1,nan,10.0,18,32.0,20
9,林口,2021-09-06,51,5,3,nan,13.0,51,44.0,27
75,馬祖,2021-09-06,25,2,1,nan,9.0,15,25.0,16
25,頭份,2021-09-06,30,18,2,nan,18.0,20,nan,30
66,冬山,2021-09-06,27,5,2,nan,14.0,27,24.0,14
40,朴子,2021-09-06,31,5,1,nan,12.0,13,31.0,17
10,淡水,2021-09-06,40,5,2,nan,11.0,40,40.0,20
42,嘉義,2021-09-06,33,5,2,nan,13.0,25,33.0,17
65,宜蘭,2021-09-06,26,2,1,nan,9.0,10,26.0,12
64,陽明,2021-09-06,42,2,1,nan,10.0,7,42.0,26
49,仁武,2021-09-06,37,22,2,nan,15.0,37,31.0,24
77,金門,2021-09-06,32,15,1,nan,22.0,20,32.0,26
78,馬公,2021-09-06,34,2,1,nan,nan,3,34.0,13
11,士林,2021-09-06,50,5,2,nan,19.0,50,49.0,30
36,南投,2021-09-06,36,10,2,nan,15.0,23,36.0,26
31,忠明,2021-09-06,38,20,3,nan,12.0,38,32.0,22
63,花蓮,2021-09-06,18,5,1,nan,8.0,8,18.0,9
80,關山,2021-09-06,14,2,0,nan,11.0,7,14.0,8
26,苗栗,2021-09-06,33,8,1,nan,12.0,18,33.0,21
62,臺東,2021-09-06,18,2,1,nan,8.0,7,18.0,10
38,崙背,2021-09-06,30,10,2,nan,14.0,23,30.0,28
83,麥寮,2021-09-06,21,12,1,nan,12.0,18,nan,21
12,中山,2021-09-06,48,5,6,nan,15.0,48,44.0,27
48,橋頭,2021-09-06,34,5,2,nan,18.0,22,34.0,26
61,恆春,2021-09-06,16,2,0,nan,5.0,3,16.0,7
13,萬華,2021-09-06,52,5,5,nan,12.0,52,36.0,24
84,富貴角,2021-09-06,58,5,1,nan,13.0,12,58.0,19
32,西屯,2021-09-06,35,22,2,nan,19.0,35,28.0,24
60,潮州,2021-09-06,42,10,3,nan,17.0,30,42.0,23
14,古亭,2021-09-06,49,2,5,nan,12.0,40,49.0,24
30,大里,2021-09-07,37,5,3,nan,19,27,37.0,31
1,基隆,2021-09-07,28,8,2,nan,14,18,26.0,28
2,汐止,2021-09-07,27,12,3,nan,13,27,20.0,20
3,萬里,2021-09-07,31,5,1,nan,12,13,31.0,20
4,新店,2021-09-07,44,8,2,nan,14,17,44.0,17
5,土城,2021-09-07,51,5,3,nan,18,30,51.0,20
6,板橋,2021-09-07,32,5,5,nan,17,32,4.0,27
7,新莊,2021-09-07,44,8,5,nan,23,28,44.0,33
8,菜寮,2021-09-07,50,12,5,nan,15,27,50.0,32
9,林口,2021-09-07,46,5,2,nan,15,32,46.0,31
10,淡水,2021-09-07,41,5,2,nan,14,20,41.0,25
11,士林,2021-09-07,47,5,3,nan,17,28,47.0,23
12,中山,2021-09-07,50,5,6,nan,17,43,50.0,24
13,萬華,2021-09-07,45,5,5,nan,15,35,45.0,28
14,古亭,2021-09-07,45,8,3,nan,12,22,45.0,20
15,松山,2021-09-07,33,8,3,nan,16,33,31.0,23
16,大同,2021-09-07,56,8,19,nan,28,56,nan,41
17,桃園,2021-09-07,49,10,3,nan,20,30,49.0,37
18,大園,2021-09-07,36,10,2,nan,20,32,36.0,35
19,觀音,2021-09-07,40,8,1,nan,17,25,40.0,31
20,平鎮,2021-09-07,47,5,2,nan,21,37,47.0,39
21,龍潭,2021-09-07,71,10,2,nan,18,23,71.0,30
22,湖口,2021-09-07,41,5,1,nan,19,22,41.0,37
23,竹東,2021-09-07,41,2,2,nan,19,13,41.0,24
24,新竹,2021-09-07,40,2,2,nan,17,23,40.0,32
25,頭份,2021-09-07,28,10,1,nan,16,25,nan,28
26,苗栗,2021-09-07,38,8,1,nan,14,17,38.0,23
27,三義,2021-09-07,37,2,1,nan,14,17,37.0,18
28,豐原,2021-09-07,38,2,2,nan,14,15,38.0,23
29,沙鹿,2021-09-07,39,5,2,nan,16,27,39.0,29
31,忠明,2021-09-07,32,2,2,nan,15,27,32.0,29
32,西屯,2021-09-07,37,5,2,nan,22,25,31.0,37
33,彰化,2021-09-07,35,15,2,nan,20,25,35.0,27
34,線西,2021-09-07,31,15,2,nan,19,25,nan,31
35,二林,2021-09-07,38,10,2,nan,26,20,38.0,36
36,南投,2021-09-07,44,10,2,nan,19,20,44.0,38
37,斗六,2021-09-07,39,10,1,nan,18,18,39.0,33
38,崙背,2021-09-07,44,5,2,nan,20,42,37.0,44
39,新港,2021-09-07,36,12,2,nan,21,20,32.0,36
40,朴子,2021-09-07,30,5,2,nan,19,18,26.0,30
41,臺西,2021-09-07,32,12,1,nan,19,25,nan,32
42,嘉義,2021-09-07,34,8,2,nan,18,12,34.0,29
43,新營,2021-09-07,35,5,2,nan,18,18,28.0,35
44,善化,2021-09-07,25,5,1,nan,14,15,25.0,25
45,安南,2021-09-07,28,8,2,nan,19,22,24.0,28
46,臺南,2021-09-07,27,5,2,nan,15,27,19.0,24
47,美濃,2021-09-07,38,2,2,nan,20,12,38.0,37
48,橋頭,2021-09-07,35,5,3,nan,24,27,22.0,35
49,仁武,2021-09-07,41,8,3,nan,24,32,31.0,41
50,鳳山,2021-09-07,55,8,7,nan,23,38,nan,55
51,大寮,2021-09-07,60,22,5,nan,34,40,33.0,60
52,林園,2021-09-07,48,25,2,nan,27,28,40.0,48
53,楠梓,2021-09-07,48,5,6,nan,22,48,31.0,33
54,左營,2021-09-07,32,8,3,nan,22,23,30.0,32
56,前金,2021-09-07,36,8,3,nan,14,27,31.0,36
57,前鎮,2021-09-07,45,22,6,nan,22,45,nan,34
58,小港,2021-09-07,58,30,5,nan,25,58,34.0,50
59,屏東,2021-09-07,55,10,5,nan,29,28,51.0,55
60,潮州,2021-09-07,48,5,1,nan,21,18,48.0,38
61,恆春,2021-09-07,14,2,0,nan,10,2,14.0,13
62,臺東,2021-09-07,21,2,1,nan,15,8,14.0,21
63,花蓮,2021-09-07,15,5,1,nan,10,10,15.0,13
64,陽明,2021-09-07,26,8,1,nan,8,7,26.0,19
65,宜蘭,2021-09-07,23,5,2,nan,12,15,23.0,19
66,冬山,2021-09-07,19,5,2,nan,16,12,19.0,19
67,三重,2021-09-07,58,5,11,nan,22,58,nan,35
68,中壢,2021-09-07,51,8,10,nan,24,51,nan,44
69,竹山,2021-09-07,40,8,1,nan,19,13,40.0,32
70,永和,2021-09-07,47,8,10,nan,16,47,nan,32
71,復興,2021-09-07,44,12,6,nan,16,33,nan,44
72,埔里,2021-09-07,45,5,2,nan,14,12,45.0,27
75,馬祖,2021-09-07,37,2,1,nan,14,12,37.0,32
77,金門,2021-09-07,46,12,2,nan,24,37,46.0,35
78,馬公,2021-09-07,42,2,1,nan,9,7,42.0,21
80,關山,2021-09-07,14,2,1,nan,12,5,11.0,14
83,麥寮,2021-09-07,34,8,1,nan,20,20,nan,34
84,富貴角,2021-09-07,44,8,1,nan,11,12,44.0,19
85,大城,2021-09-07,44,8,1,nan,16,22,44.0,34
46,臺南,2021-09-08,41,8,2,nan,21.0,20,36.0,41
33,彰化,2021-09-08,44,28,5,nan,29.0,28,30.0,44
13,萬華,2021-09-08,38,2,5,nan,13.0,33,38.0,23
51,大寮,2021-09-08,72,45,5,nan,41.0,33,36.0,72
32,西屯,2021-09-08,49,8,2,nan,27.0,38,33.0,49
14,古亭,2021-09-08,39,5,3,nan,12.0,20,39.0,18
53,楠梓,2021-09-08,39,10,2,nan,26.0,27,35.0,39
15,松山,2021-09-08,33,2,3,nan,15.0,25,33.0,23
31,忠明,2021-09-08,37,5,3,nan,18.0,37,34.0,37
60,潮州,2021-09-08,87,5,2,nan,27.0,12,87.0,51
85,大城,2021-09-08,44,5,1,nan,19.0,5,44.0,44
16,大同,2021-09-08,52,8,14,nan,28.0,52,nan,37
61,恆春,2021-09-08,15,2,0,nan,8.0,2,15.0,9
30,大里,2021-09-08,44,5,3,nan,22.0,32,37.0,44
17,桃園,2021-09-08,45,12,3,nan,19.0,25,45.0,37
18,大園,2021-09-08,38,12,1,nan,20.0,38,36.0,29
29,沙鹿,2021-09-08,40,8,2,nan,20.0,40,38.0,35
84,富貴角,2021-09-08,32,2,1,nan,12.0,8,32.0,19
62,臺東,2021-09-08,29,2,1,nan,13.0,10,29.0,19
45,安南,2021-09-08,39,10,2,nan,23.0,18,36.0,39
83,麥寮,2021-09-08,49,2,1,nan,26.0,13,nan,49
50,鳳山,2021-09-08,55,5,7,nan,26.0,33,nan,55
19,觀音,2021-09-08,32,5,1,nan,15.0,22,32.0,25
80,關山,2021-09-08,14,2,0,nan,11.0,3,14.0,13
43,新營,2021-09-08,53,5,2,nan,25.0,17,36.0,53
28,豐原,2021-09-08,40,2,2,nan,21.0,17,36.0,40
63,花蓮,2021-09-08,18,0,1,nan,10.0,10,18.0,14
78,馬公,2021-09-08,37,0,1,nan,nan,7,37.0,26
64,陽明,2021-09-08,32,12,1,nan,10.0,7,32.0,29
20,平鎮,2021-09-08,37,5,2,nan,18.0,28,37.0,37
65,宜蘭,2021-09-08,22,2,2,nan,13.0,13,18.0,22
77,金門,2021-09-08,58,18,2,nan,33.0,22,58.0,48
75,馬祖,2021-09-08,38,5,2,nan,17.0,15,35.0,38
27,三義,2021-09-08,35,2,1,nan,18.0,22,35.0,30
21,龍潭,2021-09-08,44,5,2,nan,20.0,42,44.0,36
49,仁武,2021-09-08,49,5,3,nan,25.0,32,35.0,49
66,冬山,2021-09-08,20,5,2,nan,20.0,17,13.0,20
22,湖口,2021-09-08,39,5,1,nan,20.0,22,38.0,39
44,善化,2021-09-08,44,5,1,nan,17.0,18,34.0,44
72,埔里,2021-09-08,46,2,2,nan,19.0,12,46.0,43
67,三重,2021-09-08,58,2,11,nan,18.0,58,nan,31
26,苗栗,2021-09-08,39,5,2,nan,19.0,22,39.0,35
68,中壢,2021-09-08,51,5,11,nan,22.0,51,nan,40
23,竹東,2021-09-08,41,2,2,nan,24.0,17,41.0,39
25,頭份,2021-09-08,41,10,2,nan,21.0,23,nan,41
69,竹山,2021-09-08,45,8,1,nan,24.0,13,45.0,45
70,永和,2021-09-08,33,5,9,nan,13.0,33,nan,28
24,新竹,2021-09-08,49,2,3,nan,21.0,28,36.0,49
71,復興,2021-09-08,46,5,6,nan,21.0,27,nan,46
40,朴子,2021-09-08,44,8,2,nan,26.0,15,36.0,44
41,臺西,2021-09-08,43,10,1,nan,21.0,25,nan,43
1,基隆,2021-09-08,26,2,1,nan,13.0,17,26.0,22
39,新港,2021-09-08,51,10,2,nan,28.0,22,43.0,51
3,萬里,2021-09-08,25,10,1,nan,13.0,13,25.0,19
48,橋頭,2021-09-08,49,8,2,nan,28.0,23,31.0,49
2,汐止,2021-09-08,30,5,2,nan,14.0,27,30.0,25
57,前鎮,2021-09-08,43,8,5,nan,24.0,28,nan,43
38,崙背,2021-09-08,60,5,2,nan,30.0,28,36.0,60
4,新店,2021-09-08,34,15,3,nan,12.0,18,34.0,17
5,土城,2021-09-08,34,5,3,nan,16.0,33,34.0,19
37,斗六,2021-09-08,48,8,2,nan,25.0,18,42.0,48
58,小港,2021-09-08,53,12,3,nan,25.0,53,35.0,52
6,板橋,2021-09-08,37,2,3,nan,16.0,27,37.0,25
56,前金,2021-09-08,42,5,2,nan,19.0,22,37.0,42
7,新莊,2021-09-08,48,10,3,nan,25.0,23,48.0,32
36,南投,2021-09-08,54,12,3,nan,26.0,22,42.0,54
8,菜寮,2021-09-08,44,5,3,nan,13.0,20,44.0,30
47,美濃,2021-09-08,39,2,1,nan,20.0,8,39.0,37
9,林口,2021-09-08,43,5,2,nan,20.0,32,43.0,33
10,淡水,2021-09-08,37,8,2,nan,13.0,15,37.0,24
42,嘉義,2021-09-08,43,2,2,nan,25.0,15,41.0,43
35,二林,2021-09-08,60,5,1,nan,35.0,18,37.0,60
59,屏東,2021-09-08,54,5,3,nan,28.0,25,39.0,54
11,士林,2021-09-08,42,8,2,nan,18.0,22,42.0,24
12,中山,2021-09-08,30,2,5,nan,14.0,27,30.0,22
52,林園,2021-09-08,54,8,2,nan,27.0,18,31.0,54
34,線西,2021-09-08,41,8,1,nan,31.0,17,nan,41
54,左營,2021-09-08,47,5,3,nan,29.0,30,37.0,47
15,松山,2021-09-09,20,2,1,nan,10,20,11.0,9
16,大同,2021-09-09,37,2,11,nan,22,37,nan,26
17,桃園,2021-09-09,45,28,3,nan,14,22,45.0,25
18,大園,2021-09-09,44,8,2,nan,15,30,44.0,22
19,觀音,2021-09-09,49,15,2,nan,19,23,49.0,30
20,平鎮,2021-09-09,48,8,3,nan,17,30,48.0,31
21,龍潭,2021-09-09,87,5,3,nan,20,32,87.0,32
22,湖口,2021-09-09,74,12,2,nan,24,35,74.0,48
23,竹東,2021-09-09,87,2,3,nan,30,27,87.0,53
24,新竹,2021-09-09,84,2,3,nan,27,37,84.0,53
25,頭份,2021-09-09,53,10,2,nan,28,27,nan,53
1,基隆,2021-09-09,14,2,1,nan,7,7,14.0,10
26,苗栗,2021-09-09,97,8,2,nan,31,20,97.0,57
27,三義,2021-09-09,67,8,3,nan,35,15,49.0,67
28,豐原,2021-09-09,100,5,3,nan,37,20,100.0,73
29,沙鹿,2021-09-09,64,5,2,nan,36,20,64.0,64
30,大里,2021-09-09,64,8,3,nan,31,28,64.0,59
31,忠明,2021-09-09,60,5,3,nan,29,43,58.0,60
32,西屯,2021-09-09,65,5,2,nan,36,28,61.0,65
58,小港,2021-09-09,52,18,2,nan,25,52,34.0,50
33,彰化,2021-09-09,66,25,3,nan,42,30,47.0,66
34,線西,2021-09-09,62,10,2,nan,55,18,nan,62
35,二林,2021-09-09,58,5,2,nan,36,22,38.0,58
36,南投,2021-09-09,54,5,1,nan,27,17,50.0,54
37,斗六,2021-09-09,50,5,2,nan,27,15,50.0,47
38,崙背,2021-09-09,61,5,2,nan,34,30,38.0,61
39,新港,2021-09-09,51,5,2,nan,29,3,41.0,51
40,朴子,2021-09-09,46,5,2,nan,30,22,35.0,46
59,屏東,2021-09-09,58,8,3,nan,32,22,58.0,53
60,潮州,2021-09-09,71,8,2,nan,31,18,71.0,61
61,恆春,2021-09-09,15,2,0,nan,6,2,15.0,5
62,臺東,2021-09-09,17,2,1,nan,9,8,17.0,11
63,花蓮,2021-09-09,17,2,1,nan,6,10,17.0,13
64,陽明,2021-09-09,19,2,0,nan,5,5,19.0,6
65,宜蘭,2021-09-09,18,2,2,nan,10,10,18.0,12
66,冬山,2021-09-09,17,2,2,nan,17,15,13.0,15
67,三重,2021-09-09,42,2,10,nan,11,42,nan,16
68,中壢,2021-09-09,55,5,12,nan,21,55,nan,32
69,竹山,2021-09-09,44,5,1,nan,29,12,11.0,44
70,永和,2021-09-09,13,2,3,nan,7,13,nan,12
71,復興,2021-09-09,43,2,5,nan,19,28,nan,43
72,埔里,2021-09-09,47,5,2,nan,21,17,46.0,47
75,馬祖,2021-09-09,38,2,1,nan,13,20,38.0,23
77,金門,2021-09-09,42,12,1,nan,29,28,42.0,30
78,馬公,2021-09-09,90,2,1,nan,21,8,90.0,27
80,關山,2021-09-09,11,2,1,nan,8,7,11.0,8
83,麥寮,2021-09-09,54,5,2,nan,32,23,nan,54
84,富貴角,2021-09-09,23,8,0,nan,6,12,23.0,5
85,大城,2021-09-09,47,8,1,nan,28,20,40.0,47
41,臺西,2021-09-09,46,5,1,nan,33,18,nan,46
42,嘉義,2021-09-09,45,5,1,nan,27,13,45.0,43
43,新營,2021-09-09,48,2,2,nan,26,13,29.0,48
44,善化,2021-09-09,38,5,2,nan,20,22,36.0,38
45,安南,2021-09-09,43,10,3,nan,27,22,35.0,43
46,臺南,2021-09-09,42,5,2,nan,25,18,37.0,42
47,美濃,2021-09-09,54,2,2,nan,26,8,54.0,46
48,橋頭,2021-09-09,46,5,2,nan,27,22,36.0,46
49,仁武,2021-09-09,40,10,2,nan,24,23,38.0,40
50,鳳山,2021-09-09,54,5,7,nan,26,33,nan,54
51,大寮,2021-09-09,58,28,2,nan,35,32,39.0,58
52,林園,2021-09-09,50,12,2,nan,23,22,42.0,50
53,楠梓,2021-09-09,40,5,2,nan,26,33,40.0,37
54,左營,2021-09-09,39,5,2,nan,24,25,37.0,39
56,前金,2021-09-09,42,2,2,nan,17,17,38.0,42
57,前鎮,2021-09-09,38,8,5,nan,24,28,nan,38
2,汐止,2021-09-09,20,2,1,nan,6,20,11.0,7
3,萬里,2021-09-09,19,5,1,nan,7,13,19.0,9
4,新店,2021-09-09,16,10,1,nan,7,12,16.0,3
5,土城,2021-09-09,29,2,2,nan,9,22,29.0,4
6,板橋,2021-09-09,23,0,2,nan,7,23,20.0,8
7,新莊,2021-09-09,31,2,2,nan,18,15,31.0,13
8,菜寮,2021-09-09,18,2,2,nan,6,18,9.0,13
9,林口,2021-09-09,40,2,2,nan,11,20,40.0,17
10,淡水,2021-09-09,33,2,1,nan,7,7,33.0,10
11,士林,2021-09-09,16,0,1,nan,8,12,16.0,6
12,中山,2021-09-09,25,2,3,nan,9,25,13.0,11
13,萬華,2021-09-09,23,2,2,nan,8,23,16.0,8
14,古亭,2021-09-09,18,0,1,nan,4,12,18.0,7
22,湖口,2021-09-10,90,5,2,nan,28,33,90.0,54
61,恆春,2021-09-10,11,2,0,nan,8,2,11.0,7
8,菜寮,2021-09-10,14,2,2,nan,9,13,12.0,14
21,龍潭,2021-09-10,93,8,3,nan,19,27,93.0,29
43,新營,2021-09-10,60,5,2,nan,34,17,51.0,60
62,臺東,2021-09-10,15,2,1,nan,15,5,11.0,10
63,花蓮,2021-09-10,16,0,1,nan,10,15,16.0,11
9,林口,2021-09-10,20,2,2,nan,9,20,16.0,10
10,淡水,2021-09-10,14,0,1,nan,7,5,14.0,7
28,豐原,2021-09-10,80,8,5,nan,34,25,80.0,68
64,陽明,2021-09-10,12,2,1,nan,4,2,12.0,6
20,平鎮,2021-09-10,50,5,3,nan,17,27,50.0,30
85,大城,2021-09-10,93,8,1,nan,27,18,93.0,53
42,嘉義,2021-09-10,71,12,2,nan,34,17,71.0,63
65,宜蘭,2021-09-10,16,2,1,nan,12,10,16.0,13
11,士林,2021-09-10,12,0,1,nan,10,8,12.0,9
84,富貴角,2021-09-10,19,0,0,nan,9,7,19.0,7
66,冬山,2021-09-10,15,5,2,nan,15,15,10.0,15
67,三重,2021-09-10,30,2,10,nan,11,30,nan,15
41,臺西,2021-09-10,55,12,1,nan,36,35,nan,55
83,麥寮,2021-09-10,62,10,2,nan,35,20,nan,62
68,中壢,2021-09-10,60,5,12,nan,21,60,nan,31
25,頭份,2021-09-10,65,20,3,nan,36,33,nan,65
69,竹山,2021-09-10,100,5,2,nan,34,18,100.0,63
80,關山,2021-09-10,12,5,1,nan,11,5,12.0,12
12,中山,2021-09-10,18,0,5,nan,9,18,9.0,8
70,永和,2021-09-10,16,2,5,nan,8,13,nan,16
71,復興,2021-09-10,48,8,7,nan,24,30,nan,48
78,馬公,2021-09-10,44,2,1,nan,21,7,44.0,32
13,萬華,2021-09-10,18,2,2,nan,7,18,10.0,8
30,大里,2021-09-10,61,15,3,nan,34,38,61.0,60
72,埔里,2021-09-10,115,8,3,nan,30,17,115.0,65
77,金門,2021-09-10,43,10,1,nan,28,18,43.0,23
35,二林,2021-09-10,63,5,2,nan,42,18,61.0,63
40,朴子,2021-09-10,54,5,2,nan,36,20,54.0,54
75,馬祖,2021-09-10,35,8,2,nan,13,20,35.0,24
38,崙背,2021-09-10,87,8,2,nan,41,38,87.0,75
31,忠明,2021-09-10,55,10,3,nan,27,43,51.0,55
17,桃園,2021-09-10,32,30,3,nan,13,25,32.0,23
39,新港,2021-09-10,93,8,2,nan,38,13,93.0,65
15,松山,2021-09-10,13,0,1,nan,11,13,8.0,12
18,大園,2021-09-10,39,10,2,nan,16,27,39.0,20
26,苗栗,2021-09-10,63,10,3,nan,33,20,51.0,63
19,觀音,2021-09-10,46,15,2,nan,22,33,46.0,33
27,三義,2021-09-10,59,8,3,nan,30,20,51.0,59
14,古亭,2021-09-10,13,2,1,nan,5,13,13.0,7
37,斗六,2021-09-10,77,8,2,nan,38,15,77.0,65
36,南投,2021-09-10,101,22,5,nan,37,45,101.0,71
16,大同,2021-09-10,28,5,11,nan,20,28,nan,25
3,萬里,2021-09-10,14,5,1,nan,10,12,14.0,9
52,林園,2021-09-10,61,8,2,nan,33,18,43.0,61
53,楠梓,2021-09-10,52,5,3,nan,34,28,43.0,52
51,大寮,2021-09-10,61,15,3,nan,37,35,61.0,61
50,鳳山,2021-09-10,63,8,8,nan,32,40,nan,63
4,新店,2021-09-10,13,2,2,nan,8,13,13.0,7
29,沙鹿,2021-09-10,67,20,3,nan,32,32,67.0,60
54,左營,2021-09-10,44,8,2,nan,35,33,41.0,44
49,仁武,2021-09-10,52,5,2,nan,29,25,42.0,52
48,橋頭,2021-09-10,59,5,3,nan,35,32,39.0,59
56,前金,2021-09-10,45,5,2,nan,21,33,38.0,45
23,竹東,2021-09-10,108,2,3,nan,33,18,108.0,63
2,汐止,2021-09-10,20,2,1,nan,7,20,8.0,11
57,前鎮,2021-09-10,40,10,3,nan,29,30,nan,40
47,美濃,2021-09-10,54,2,2,nan,28,8,54.0,53
5,土城,2021-09-10,22,2,2,nan,9,22,18.0,4
58,小港,2021-09-10,56,10,3,nan,33,53,39.0,56
33,彰化,2021-09-10,58,38,3,nan,41,38,48.0,58
46,臺南,2021-09-10,45,5,2,nan,27,18,44.0,45
45,安南,2021-09-10,46,8,2,nan,30,23,44.0,46
59,屏東,2021-09-10,67,8,3,nan,34,25,67.0,55
6,板橋,2021-09-10,20,0,2,nan,7,20,10.0,7
1,基隆,2021-09-10,17,0,1,nan,9,10,9.0,17
32,西屯,2021-09-10,60,18,2,nan,34,43,49.0,60
34,線西,2021-09-10,53,10,2,nan,47,20,nan,53
7,新莊,2021-09-10,24,2,2,nan,24,15,15.0,13
60,潮州,2021-09-10,84,5,2,nan,32,15,84.0,59
24,新竹,2021-09-10,63,8,3,nan,31,30,58.0,63
44,善化,2021-09-10,50,8,2,nan,23,17,47.0,50
75,馬祖,2021-09-11,19,0,0,nan,14,7,19.0,11
72,埔里,2021-09-11,67,5,2,nan,26,13,67.0,62
71,復興,2021-09-11,63,8,5,nan,29,47,nan,63
70,永和,2021-09-11,12,2,2,nan,7,8,nan,12
69,竹山,2021-09-11,76,8,2,nan,39,15,74.0,76
68,中壢,2021-09-11,53,2,9,nan,15,53,nan,20
67,三重,2021-09-11,27,2,8,nan,11,27,nan,15
66,冬山,2021-09-11,37,10,3,nan,12,37,14.0,17
65,宜蘭,2021-09-11,18,2,1,nan,8,12,18.0,14
64,陽明,2021-09-11,18,2,0,nan,3,2,18.0,6
63,花蓮,2021-09-11,18,5,2,nan,7,18,13.0,9
62,臺東,2021-09-11,16,2,1,nan,8,7,16.0,9
61,恆春,2021-09-11,21,2,0,nan,7,2,21.0,10
60,潮州,2021-09-11,64,2,2,nan,34,12,28.0,64
59,屏東,2021-09-11,75,10,5,nan,42,27,49.0,75
58,小港,2021-09-11,63,12,3,nan,36,55,38.0,63
57,前鎮,2021-09-11,59,12,5,nan,38,48,nan,59
56,前金,2021-09-11,62,5,3,nan,34,33,42.0,62
54,左營,2021-09-11,64,8,3,nan,54,27,43.0,64
53,楠梓,2021-09-11,62,10,5,nan,41,37,41.0,62
52,林園,2021-09-11,63,30,2,nan,39,38,41.0,63
51,大寮,2021-09-11,66,8,2,nan,39,27,32.0,66
50,鳳山,2021-09-11,75,15,7,nan,38,42,nan,75
49,仁武,2021-09-11,62,8,3,nan,36,27,41.0,62
48,橋頭,2021-09-11,67,5,3,nan,40,32,42.0,67
47,美濃,2021-09-11,61,2,2,nan,34,10,46.0,61
46,臺南,2021-09-11,64,5,3,nan,38,23,44.0,64
45,安南,2021-09-11,67,8,5,nan,41,25,46.0,67
44,善化,2021-09-11,58,5,2,nan,30,18,44.0,58
43,新營,2021-09-11,76,10,3,nan,42,17,49.0,76
42,嘉義,2021-09-11,71,15,3,nan,43,18,71.0,71
41,臺西,2021-09-11,52,12,2,nan,34,32,nan,52
40,朴子,2021-09-11,64,8,3,nan,44,25,36.0,64
39,新港,2021-09-11,74,8,3,nan,43,25,48.0,74
38,崙背,2021-09-11,70,10,3,nan,40,40,37.0,70
37,斗六,2021-09-11,75,8,3,nan,42,17,67.0,75
36,南投,2021-09-11,80,8,3,nan,40,20,80.0,78
35,二林,2021-09-11,79,12,5,nan,52,18,36.0,79
34,線西,2021-09-11,53,8,5,nan,51,27,nan,53
33,彰化,2021-09-11,65,45,3,nan,42,22,48.0,65
32,西屯,2021-09-11,74,15,5,nan,44,45,50.0,74
31,忠明,2021-09-11,69,10,6,nan,34,42,54.0,69
30,大里,2021-09-11,74,8,5,nan,39,30,74.0,68
29,沙鹿,2021-09-11,54,25,5,nan,34,43,38.0,54
28,豐原,2021-09-11,76,10,5,nan,39,23,54.0,76
27,三義,2021-09-11,72,10,3,nan,37,28,51.0,72
26,苗栗,2021-09-11,64,8,3,nan,31,22,64.0,57
25,頭份,2021-09-11,53,8,5,nan,29,17,nan,53
24,新竹,2021-09-11,44,5,3,nan,21,22,44.0,37
23,竹東,2021-09-11,64,2,3,nan,24,13,64.0,44
22,湖口,2021-09-11,45,5,2,nan,20,15,45.0,33
21,龍潭,2021-09-11,30,2,2,nan,10,15,30.0,11
20,平鎮,2021-09-11,28,0,2,nan,11,17,28.0,17
19,觀音,2021-09-11,40,10,1,nan,23,17,40.0,20
18,大園,2021-09-11,23,2,1,nan,22,13,23.0,13
17,桃園,2021-09-11,15,8,2,nan,8,13,15.0,13
16,大同,2021-09-11,30,5,9,nan,20,30,nan,27
15,松山,2021-09-11,17,2,1,nan,10,17,13.0,9
14,古亭,2021-09-11,18,2,1,nan,6,8,18.0,6
13,萬華,2021-09-11,20,5,2,nan,6,20,13.0,9
12,中山,2021-09-11,22,0,3,nan,10,22,12.0,8
11,士林,2021-09-11,17,0,1,nan,8,7,17.0,8
10,淡水,2021-09-11,18,0,0,nan,11,7,18.0,7
9,林口,2021-09-11,14,0,1,nan,11,12,14.0,10
8,菜寮,2021-09-11,15,0,2,nan,8,12,15.0,11
7,新莊,2021-09-11,21,2,1,nan,21,10,16.0,13
6,板橋,2021-09-11,15,0,2,nan,7,15,11.0,2
5,土城,2021-09-11,18,2,1,nan,7,12,18.0,2
4,新店,2021-09-11,17,0,1,nan,8,8,17.0,2
3,萬里,2021-09-11,18,8,0,nan,8,8,18.0,9
2,汐止,2021-09-11,14,0,1,nan,6,10,14.0,9
1,基隆,2021-09-11,16,0,1,nan,10,5,16.0,15
85,大城,2021-09-11,53,10,2,nan,33,18,30.0,53
84,富貴角,2021-09-11,22,8,0,nan,14,5,22.0,7
83,麥寮,2021-09-11,46,10,2,nan,30,22,nan,46
80,關山,2021-09-11,16,2,1,nan,6,7,16.0,5
78,馬公,2021-09-11,26,2,1,nan,23,12,24.0,26
77,金門,2021-09-11,33,8,1,nan,33,10,30.0,21
22,湖口,2021-09-12,19,2,1.0,nan,13,12,19.0,17
72,埔里,2021-09-12,19,2,2.0,nan,8,12,19.0,15
66,冬山,2021-09-12,28,5,2.0,nan,11,28,16.0,14
71,復興,2021-09-12,24,0,2.0,nan,20,22,nan,24
70,永和,2021-09-12,12,2,1.0,nan,8,12,nan,12
69,竹山,2021-09-12,40,5,1.0,nan,24,15,24.0,40
68,中壢,2021-09-12,18,2,2.0,nan,13,18,nan,15
56,前金,2021-09-12,30,2,1.0,nan,19,30,21.0,24
67,三重,2021-09-12,28,2,5.0,nan,12,28,nan,19
54,左營,2021-09-12,48,5,1.0,nan,48,37,18.0,28
53,楠梓,2021-09-12,23,2,2.0,nan,23,12,20.0,22
52,林園,2021-09-12,33,22,7.0,nan,28,32,20.0,33
51,大寮,2021-09-12,20,10,1.0,nan,20,17,19.0,20
50,鳳山,2021-09-12,38,8,3.0,nan,22,27,nan,38
49,仁武,2021-09-12,27,2,1.0,nan,21,18,22.0,27
48,橋頭,2021-09-12,29,2,2.0,nan,25,8,20.0,29
47,美濃,2021-09-12,21,2,1.0,nan,13,3,20.0,21
46,臺南,2021-09-12,25,2,2.0,nan,25,15,20.0,22
45,安南,2021-09-12,21,2,1.0,nan,21,10,20.0,18
64,陽明,2021-09-12,20,2,0.0,nan,1,3,20.0,6
44,善化,2021-09-12,21,2,1.0,nan,16,15,19.0,21
43,新營,2021-09-12,31,5,1.0,nan,25,13,21.0,31
63,花蓮,2021-09-12,23,2,2.0,nan,10,23,18.0,15
42,嘉義,2021-09-12,27,5,1.0,nan,27,10,23.0,26
41,臺西,2021-09-12,28,5,1.0,nan,26,12,nan,28
62,臺東,2021-09-12,20,2,1.0,nan,12,5,20.0,9
40,朴子,2021-09-12,24,8,1.0,nan,24,12,21.0,19
39,新港,2021-09-12,26,5,1.0,nan,24,12,25.0,26
61,恆春,2021-09-12,25,2,1.0,nan,16,5,25.0,20
38,崙背,2021-09-12,33,5,1.0,nan,32,15,23.0,33
37,斗六,2021-09-12,27,5,1.0,nan,27,15,24.0,24
36,南投,2021-09-12,33,5,1.0,nan,20,13,20.0,33
35,二林,2021-09-12,30,2,1.0,nan,30,10,25.0,22
34,線西,2021-09-12,45,15,1.0,nan,45,12,nan,22
33,彰化,2021-09-12,23,15,2.0,nan,23,17,19.0,19
60,潮州,2021-09-12,22,2,1.0,nan,19,7,22.0,18
32,西屯,2021-09-12,32,8,1.0,nan,24,22,19.0,32
31,忠明,2021-09-12,32,2,2.0,nan,19,25,20.0,32
30,大里,2021-09-12,32,10,2.0,nan,20,20,19.0,32
29,沙鹿,2021-09-12,27,2,1.0,nan,22,27,21.0,23
28,豐原,2021-09-12,35,5,3.0,nan,19,15,20.0,35
27,三義,2021-09-12,38,2,3.0,nan,20,13,23.0,38
59,屏東,2021-09-12,22,2,2.0,nan,18,15,19.0,22
26,苗栗,2021-09-12,39,5,2.0,nan,22,13,30.0,39
25,頭份,2021-09-12,36,8,3.0,nan,20,17,nan,36
24,新竹,2021-09-12,22,2,1.0,nan,13,22,19.0,20
23,竹東,2021-09-12,18,2,2.0,nan,14,8,18.0,18
7,新莊,2021-09-12,19,5,1.0,nan,9,10,19.0,14
6,板橋,2021-09-12,14,2,1.0,nan,6,10,14.0,4
5,土城,2021-09-12,19,2,1.0,nan,6,10,19.0,3
58,小港,2021-09-12,27,5,1.0,nan,19,27,23.0,27
4,新店,2021-09-12,19,0,1.0,nan,6,8,19.0,4
85,大城,2021-09-12,27,5,0.0,nan,22,7,27.0,24
84,富貴角,2021-09-12,29,2,0.0,nan,29,5,27.0,14
3,萬里,2021-09-12,21,5,nan,nan,16,5,21.0,10
83,麥寮,2021-09-12,24,5,1.0,nan,24,15,nan,24
80,關山,2021-09-12,14,2,1.0,nan,10,5,14.0,8
8,菜寮,2021-09-12,18,2,1.0,nan,7,13,18.0,14
2,汐止,2021-09-12,16,2,0.0,nan,7,10,16.0,9
9,林口,2021-09-12,19,2,0.0,nan,6,12,19.0,7
78,馬公,2021-09-12,29,2,1.0,nan,21,10,29.0,18
10,淡水,2021-09-12,19,2,0.0,nan,10,3,19.0,7
11,士林,2021-09-12,19,2,0.0,nan,10,12,19.0,11
1,基隆,2021-09-12,19,8,1.0,nan,13,8,19.0,18
12,中山,2021-09-12,20,2,2.0,nan,9,20,14.0,14
77,金門,2021-09-12,35,2,1.0,nan,17,8,35.0,14
13,萬華,2021-09-12,17,2,1.0,nan,8,13,17.0,10
14,古亭,2021-09-12,19,2,1.0,nan,6,10,19.0,9
57,前鎮,2021-09-12,23,2,2.0,nan,23,22,nan,23
15,松山,2021-09-12,16,2,1.0,nan,9,13,16.0,9
16,大同,2021-09-12,23,2,5.0,nan,11,23,nan,16
17,桃園,2021-09-12,17,8,1.0,nan,9,10,17.0,17
65,宜蘭,2021-09-12,20,2,0.0,nan,6,3,20.0,10
18,大園,2021-09-12,19,5,1.0,nan,14,13,19.0,12
19,觀音,2021-09-12,20,8,0.0,nan,17,13,20.0,16
75,馬祖,2021-09-12,32,5,1.0,nan,14,32,25.0,12
20,平鎮,2021-09-12,16,2,1.0,nan,10,10,16.0,14
21,龍潭,2021-09-12,19,0,1.0,nan,6,10,19.0,6
16,大同,2021-09-13,57,8,27,nan,24,57,nan,40
66,冬山,2021-09-13,25,5,2,nan,25,25,25.0,23
17,桃園,2021-09-13,39,2,3,nan,16,25,39.0,30
53,楠梓,2021-09-13,55,2,6,nan,20,55,17.0,28
54,左營,2021-09-13,55,8,9,nan,26,55,18.0,39
56,前金,2021-09-13,55,38,10,nan,20,55,19.0,44
8,菜寮,2021-09-13,40,2,5,nan,17,38,40.0,32
57,前鎮,2021-09-13,54,30,14,nan,24,54,nan,33
58,小港,2021-09-13,59,59,7,nan,23,55,19.0,36
59,屏東,2021-09-13,47,5,7,nan,19,47,23.0,26
60,潮州,2021-09-13,29,5,2,nan,19,15,29.0,19
61,恆春,2021-09-13,21,2,0,nan,16,3,21.0,18
62,臺東,2021-09-13,25,2,2,nan,25,12,24.0,19
18,大園,2021-09-13,44,5,2,nan,18,17,44.0,20
19,觀音,2021-09-13,45,2,1,nan,16,15,45.0,26
52,林園,2021-09-13,39,10,2,nan,36,25,26.0,39
20,平鎮,2021-09-13,36,2,1,nan,18,20,36.0,28
65,宜蘭,2021-09-13,26,2,1,nan,21,8,26.0,25
63,花蓮,2021-09-13,30,2,3,nan,26,22,30.0,24
21,龍潭,2021-09-13,41,2,2,nan,14,20,41.0,21
64,陽明,2021-09-13,39,2,1,nan,13,8,39.0,25
6,板橋,2021-09-13,35,5,3,nan,14,30,35.0,19
22,湖口,2021-09-13,42,2,1,nan,20,17,42.0,33
1,基隆,2021-09-13,47,2,3,nan,17,33,47.0,32
23,竹東,2021-09-13,34,0,2,nan,14,15,34.0,17
2,汐止,2021-09-13,51,2,5,nan,18,51,41.0,29
24,新竹,2021-09-13,34,2,2,nan,19,20,34.0,30
25,頭份,2021-09-13,25,8,2,nan,15,18,nan,25
5,土城,2021-09-13,43,2,3,nan,17,32,43.0,16
26,苗栗,2021-09-13,36,2,1,nan,12,12,36.0,17
27,三義,2021-09-13,34,2,1,nan,15,10,34.0,20
71,復興,2021-09-13,57,57,10,nan,21,52,nan,35
28,豐原,2021-09-13,31,5,2,nan,13,15,31.0,19
29,沙鹿,2021-09-13,34,2,2,nan,16,25,34.0,21
15,松山,2021-09-13,43,2,6,nan,20,43,33.0,30
30,大里,2021-09-13,31,5,3,nan,18,27,31.0,26
31,忠明,2021-09-13,32,2,3,nan,15,28,32.0,22
32,西屯,2021-09-13,33,5,2,nan,20,33,31.0,27
14,古亭,2021-09-13,43,2,3,nan,15,38,43.0,24
33,彰化,2021-09-13,35,12,1,nan,16,18,35.0,20
47,美濃,2021-09-13,26,2,1,nan,15,10,26.0,15
34,線西,2021-09-13,24,5,1,nan,19,17,nan,24
13,萬華,2021-09-13,45,2,7,nan,17,45,27.0,26
35,二林,2021-09-13,34,2,1,nan,20,13,34.0,28
12,中山,2021-09-13,58,2,10,nan,19,58,30.0,38
36,南投,2021-09-13,31,5,2,nan,17,22,31.0,27
11,士林,2021-09-13,42,2,3,nan,19,25,42.0,30
37,斗六,2021-09-13,31,5,2,nan,15,13,31.0,20
38,崙背,2021-09-13,30,5,1,nan,15,18,30.0,29
39,新港,2021-09-13,33,5,2,nan,14,15,33.0,22
3,萬里,2021-09-13,46,2,2,nan,14,27,46.0,24
40,朴子,2021-09-13,29,5,2,nan,18,22,29.0,19
85,大城,2021-09-13,36,2,1,nan,18,8,36.0,26
70,永和,2021-09-13,52,2,12,nan,18,52,nan,28
10,淡水,2021-09-13,37,2,2,nan,20,28,37.0,28
41,臺西,2021-09-13,25,5,1,nan,18,17,nan,25
84,富貴角,2021-09-13,58,10,1,nan,29,15,58.0,30
42,嘉義,2021-09-13,31,5,2,nan,15,15,31.0,24
43,新營,2021-09-13,28,2,2,nan,15,13,28.0,24
51,大寮,2021-09-13,35,22,3,nan,27,32,19.0,35
48,橋頭,2021-09-13,43,5,6,nan,22,43,19.0,26
83,麥寮,2021-09-13,25,2,2,nan,19,17,nan,25
80,關山,2021-09-13,21,2,1,nan,16,8,21.0,15
44,善化,2021-09-13,22,22,1,nan,12,17,21.0,14
9,林口,2021-09-13,40,5,2,nan,16,32,40.0,28
7,新莊,2021-09-13,44,20,3,nan,19,30,44.0,29
78,馬公,2021-09-13,34,2,1,nan,18,10,34.0,21
4,新店,2021-09-13,42,0,2,nan,14,30,42.0,16
77,金門,2021-09-13,93,12,2,nan,27,37,93.0,39
50,鳳山,2021-09-13,52,35,8,nan,21,52,nan,44
45,安南,2021-09-13,38,10,5,nan,23,38,19.0,32
67,三重,2021-09-13,61,5,17,nan,21,61,nan,37
69,竹山,2021-09-13,31,2,1,nan,17,17,31.0,24
75,馬祖,2021-09-13,93,5,1,nan,30,27,93.0,45
68,中壢,2021-09-13,45,2,8,nan,21,45,nan,30
46,臺南,2021-09-13,51,5,5,nan,19,51,20.0,30
72,埔里,2021-09-13,27,2,2,nan,11,15,27.0,19
49,仁武,2021-09-13,43,8,6,nan,23,43,20.0,35
85,大城,2021-09-14,24,2,1,nan,17,12,24.0,22
57,前鎮,2021-09-14,30,22,5,nan,16,30,nan,22
56,前金,2021-09-14,40,15,2,nan,9,40,19.0,23
54,左營,2021-09-14,32,8,3,nan,18,32,19.0,22
53,楠梓,2021-09-14,27,2,3,nan,16,27,19.0,19
52,林園,2021-09-14,32,10,2,nan,22,18,21.0,32
51,大寮,2021-09-14,37,18,3,nan,25,30,15.0,37
50,鳳山,2021-09-14,36,5,6,nan,15,33,nan,36
49,仁武,2021-09-14,30,2,2,nan,15,30,12.0,25
48,橋頭,2021-09-14,27,8,2,nan,18,20,24.0,27
47,美濃,2021-09-14,32,8,1,nan,18,8,32.0,28
46,臺南,2021-09-14,23,2,2,nan,13,22,23.0,17
45,安南,2021-09-14,27,8,3,nan,16,27,26.0,21
44,善化,2021-09-14,30,2,1,nan,14,15,30.0,22
43,新營,2021-09-14,27,5,2,nan,15,12,27.0,26
42,嘉義,2021-09-14,32,5,1,nan,16,10,32.0,29
41,臺西,2021-09-14,19,5,1,nan,15,17,nan,19
40,朴子,2021-09-14,52,8,2,nan,18,52,23.0,19
39,新港,2021-09-14,30,5,1,nan,13,18,30.0,22
38,崙背,2021-09-14,29,8,3,nan,16,22,23.0,29
37,斗六,2021-09-14,33,5,2,nan,14,13,33.0,22
36,南投,2021-09-14,34,8,1,nan,18,13,34.0,31
35,二林,2021-09-14,25,5,1,nan,20,13,25.0,21
34,線西,2021-09-14,24,5,1,nan,24,17,nan,24
33,彰化,2021-09-14,29,10,1,nan,20,18,29.0,23
32,西屯,2021-09-14,31,5,1,nan,20,27,31.0,29
31,忠明,2021-09-14,33,2,2,nan,16,28,33.0,25
30,大里,2021-09-14,35,5,2,nan,19,20,35.0,28
29,沙鹿,2021-09-14,31,5,1,nan,18,20,31.0,21
28,豐原,2021-09-14,41,8,3,nan,16,22,41.0,23
27,三義,2021-09-14,40,8,2,nan,16,12,40.0,24
26,苗栗,2021-09-14,32,5,1,nan,15,23,32.0,22
25,頭份,2021-09-14,30,10,2,nan,16,30,nan,20
24,新竹,2021-09-14,28,5,2,nan,17,28,20.0,27
23,竹東,2021-09-14,35,2,2,nan,16,28,35.0,25
22,湖口,2021-09-14,23,5,1,nan,13,17,21.0,23
21,龍潭,2021-09-14,34,2,2,nan,16,28,34.0,24
20,平鎮,2021-09-14,37,5,1,nan,15,37,15.0,21
19,觀音,2021-09-14,24,5,1,nan,11,13,24.0,18
18,大園,2021-09-14,22,5,1,nan,13,17,22.0,16
17,桃園,2021-09-14,28,2,2,nan,16,28,26.0,28
16,大同,2021-09-14,47,8,24,nan,23,47,nan,34
15,松山,2021-09-14,51,5,5,nan,23,51,24.0,35
14,古亭,2021-09-14,42,2,3,nan,18,42,35.0,30
13,萬華,2021-09-14,42,5,5,nan,18,42,26.0,29
12,中山,2021-09-14,37,2,7,nan,21,37,19.0,33
11,士林,2021-09-14,30,2,2,nan,20,30,23.0,28
10,淡水,2021-09-14,23,2,2,nan,15,23,22.0,22
9,林口,2021-09-14,25,2,1,nan,15,25,23.0,23
8,菜寮,2021-09-14,33,8,3,nan,17,30,26.0,33
7,新莊,2021-09-14,35,20,2,nan,20,35,31.0,32
6,板橋,2021-09-14,35,12,5,nan,17,35,30.0,25
5,土城,2021-09-14,48,8,6,nan,22,48,38.0,27
4,新店,2021-09-14,42,2,3,nan,20,42,42.0,28
3,萬里,2021-09-14,38,2,1,nan,15,13,38.0,26
2,汐止,2021-09-14,48,5,3,nan,21,48,29.0,36
1,基隆,2021-09-14,42,2,3,nan,21,42,37.0,38
58,小港,2021-09-14,35,8,3,nan,17,35,15.0,30
59,屏東,2021-09-14,31,8,3,nan,19,27,28.0,31
60,潮州,2021-09-14,25,2,2,nan,16,12,25.0,19
61,恆春,2021-09-14,19,2,1,nan,12,3,19.0,11
62,臺東,2021-09-14,31,10,2,nan,23,15,31.0,27
63,花蓮,2021-09-14,36,5,2,nan,22,17,36.0,30
64,陽明,2021-09-14,31,2,1,nan,11,13,31.0,28
65,宜蘭,2021-09-14,33,2,3,nan,20,12,33.0,30
66,冬山,2021-09-14,32,5,3,nan,24,32,26.0,32
67,三重,2021-09-14,53,8,14,nan,22,53,nan,38
68,中壢,2021-09-14,42,5,9,nan,18,42,nan,27
69,竹山,2021-09-14,38,2,1,nan,17,12,38.0,30
70,永和,2021-09-14,50,2,14,nan,21,50,nan,36
71,復興,2021-09-14,33,28,7,nan,12,33,nan,23
72,埔里,2021-09-14,37,2,2,nan,15,8,37.0,28
75,馬祖,2021-09-14,71,5,2,nan,34,27,71.0,62
77,金門,2021-09-14,132,5,3,nan,38,28,132.0,58
78,馬公,2021-09-14,22,2,1,nan,15,12,22.0,14
80,關山,2021-09-14,28,2,1,nan,17,7,28.0,22
83,麥寮,2021-09-14,23,5,2,nan,16,13,nan,23
84,富貴角,2021-09-14,34,2,1,nan,16,15,34.0,20
20,平鎮,2021-09-15,40,10,3,nan,22,40,35.0,34
53,楠梓,2021-09-15,28,2,2,nan,19,27,25.0,28
4,新店,2021-09-15,43,10,3,nan,18,33,43.0,34
21,龍潭,2021-09-15,38,8,3,nan,20,32,38.0,37
3,萬里,2021-09-15,44,5,1,nan,23,13,44.0,32
9,林口,2021-09-15,40,8,3,nan,18,40,35.0,30
67,三重,2021-09-15,56,5,12,nan,22,56,nan,40
22,湖口,2021-09-15,40,5,2,nan,19,32,40.0,38
23,竹東,2021-09-15,37,2,2,nan,21,18,37.0,35
69,竹山,2021-09-15,48,2,1,nan,20,15,48.0,31
24,新竹,2021-09-15,43,2,3,nan,20,33,34.0,43
10,淡水,2021-09-15,35,5,3,nan,17,27,35.0,28
70,永和,2021-09-15,57,8,16,nan,27,57,nan,45
25,頭份,2021-09-15,32,15,2,nan,20,23,nan,32
26,苗栗,2021-09-15,39,8,1,nan,16,18,39.0,26
27,三義,2021-09-15,54,5,1,nan,19,17,54.0,32
5,土城,2021-09-15,45,8,3,nan,20,37,45.0,31
28,豐原,2021-09-15,61,8,2,nan,17,22,61.0,31
11,士林,2021-09-15,38,20,2,nan,20,33,38.0,30
51,大寮,2021-09-15,35,12,2,nan,25,27,25.0,35
29,沙鹿,2021-09-15,45,18,2,nan,19,27,45.0,26
6,板橋,2021-09-15,43,10,5,nan,16,43,28.0,29
66,冬山,2021-09-15,36,5,3,nan,27,27,34.0,36
30,大里,2021-09-15,45,8,3,nan,22,35,45.0,41
12,中山,2021-09-15,50,5,8,nan,20,50,31.0,34
71,復興,2021-09-15,40,8,7,nan,16,40,nan,31
31,忠明,2021-09-15,45,22,5,nan,19,37,45.0,32
1,基隆,2021-09-15,40,5,3,nan,21,38,36.0,40
72,埔里,2021-09-15,46,5,2,nan,16,13,46.0,35
13,萬華,2021-09-15,50,5,5,nan,18,50,35.0,35
32,西屯,2021-09-15,44,22,2,nan,22,27,44.0,36
7,新莊,2021-09-15,38,10,3,nan,21,37,38.0,33
75,馬祖,2021-09-15,71,8,2,nan,15,23,71.0,34
33,彰化,2021-09-15,44,30,1,nan,25,30,44.0,25
14,古亭,2021-09-15,38,10,3,nan,16,32,38.0,31
15,松山,2021-09-15,47,5,5,nan,21,47,39.0,36
34,線西,2021-09-15,31,10,1,nan,23,22,nan,31
35,二林,2021-09-15,36,5,1,nan,24,17,36.0,31
65,宜蘭,2021-09-15,45,2,2,nan,19,15,45.0,36
68,中壢,2021-09-15,57,10,12,nan,22,57,nan,42
16,大同,2021-09-15,59,8,15,nan,27,59,nan,46
85,大城,2021-09-15,38,2,1,nan,22,18,38.0,32
84,富貴角,2021-09-15,54,0,1,nan,26,10,54.0,28
57,前鎮,2021-09-15,38,10,6,nan,19,38,nan,23
36,南投,2021-09-15,48,5,1,nan,19,17,48.0,34
2,汐止,2021-09-15,40,5,3,nan,20,40,39.0,34
56,前金,2021-09-15,40,2,5,nan,14,40,29.0,31
37,斗六,2021-09-15,45,5,2,nan,18,23,45.0,31
17,桃園,2021-09-15,40,35,5,nan,18,40,36.0,39
77,金門,2021-09-15,93,10,3,nan,38,32,93.0,65
38,崙背,2021-09-15,40,5,2,nan,19,40,28.0,37
18,大園,2021-09-15,48,10,3,nan,19,48,37.0,32
39,新港,2021-09-15,32,20,2,nan,18,32,29.0,32
8,菜寮,2021-09-15,39,5,3,nan,16,35,39.0,37
64,陽明,2021-09-15,37,2,1,nan,15,8,37.0,35
19,觀音,2021-09-15,45,15,2,nan,19,45,41.0,34
40,朴子,2021-09-15,32,5,2,nan,21,28,32.0,29
50,鳳山,2021-09-15,40,5,6,nan,19,25,nan,40
83,麥寮,2021-09-15,31,5,2,nan,19,22,nan,31
41,臺西,2021-09-15,23,8,1,nan,18,12,nan,23
80,關山,2021-09-15,25,2,1,nan,14,7,25.0,17
78,馬公,2021-09-15,67,2,2,nan,17,8,67.0,16
58,小港,2021-09-15,37,10,3,nan,19,37,24.0,36
42,嘉義,2021-09-15,31,2,2,nan,19,12,31.0,29
59,屏東,2021-09-15,44,5,3,nan,23,27,44.0,27
43,新營,2021-09-15,36,0,2,nan,19,13,36.0,32
63,花蓮,2021-09-15,33,2,2,nan,16,17,33.0,30
44,善化,2021-09-15,37,8,1,nan,16,12,37.0,26
54,左營,2021-09-15,33,5,3,nan,21,30,31.0,33
45,安南,2021-09-15,35,8,3,nan,22,20,35.0,27
60,潮州,2021-09-15,41,8,2,nan,20,18,41.0,26
46,臺南,2021-09-15,34,2,2,nan,17,20,34.0,21
62,臺東,2021-09-15,30,2,2,nan,17,25,30.0,23
47,美濃,2021-09-15,43,2,2,nan,17,7,43.0,28
52,林園,2021-09-15,38,20,2,nan,25,35,31.0,38
49,仁武,2021-09-15,31,8,2,nan,18,25,31.0,30
48,橋頭,2021-09-15,31,5,2,nan,21,13,31.0,31
61,恆春,2021-09-15,27,5,1,nan,14,5,27.0,19
49,仁武,2021-09-16,61,12,3,nan,21,28,61.0,36
84,富貴角,2021-09-16,71,5,1,nan,55,17,71.0,46
83,麥寮,2021-09-16,57,8,2,nan,30,23,nan,57
80,關山,2021-09-16,27,2,1,nan,17,5,27.0,18
78,馬公,2021-09-16,136,2,3,nan,33,13,136.0,73
77,金門,2021-09-16,93,8,2,nan,26,23,93.0,49
75,馬祖,2021-09-16,71,0,1,nan,15,22,71.0,31
72,埔里,2021-09-16,48,2,2,nan,18,13,48.0,37
71,復興,2021-09-16,47,20,6,nan,17,47,nan,37
70,永和,2021-09-16,48,2,11,nan,23,48,nan,46
69,竹山,2021-09-16,71,2,1,nan,23,15,71.0,40
68,中壢,2021-09-16,66,5,16,nan,27,66,nan,55
67,三重,2021-09-16,62,10,15,nan,26,62,nan,54
66,冬山,2021-09-16,40,5,5,nan,27,25,40.0,39
65,宜蘭,2021-09-16,42,5,2,nan,22,12,42.0,38
64,陽明,2021-09-16,45,2,2,nan,19,5,44.0,45
63,花蓮,2021-09-16,36,0,2,nan,15,12,36.0,26
62,臺東,2021-09-16,32,2,2,nan,14,13,32.0,22
61,恆春,2021-09-16,40,2,1,nan,12,2,40.0,18
60,潮州,2021-09-16,44,2,1,nan,20,5,44.0,27
59,屏東,2021-09-16,77,45,5,nan,28,27,77.0,47
58,小港,2021-09-16,44,28,3,nan,24,40,37.0,44
57,前鎮,2021-09-16,48,20,6,nan,22,48,nan,36
56,前金,2021-09-16,45,15,3,nan,18,37,45.0,42
54,左營,2021-09-16,64,8,3,nan,24,27,64.0,40
53,楠梓,2021-09-16,54,12,3,nan,26,35,54.0,40
52,林園,2021-09-16,44,10,2,nan,22,10,44.0,36
51,大寮,2021-09-16,45,25,2,nan,28,18,45.0,45
50,鳳山,2021-09-16,52,32,6,nan,23,38,nan,52
85,大城,2021-09-16,108,5,1,nan,30,22,108.0,53
48,橋頭,2021-09-16,54,10,3,nan,24,23,54.0,38
47,美濃,2021-09-16,61,5,2,nan,24,8,61.0,45
46,臺南,2021-09-16,77,12,3,nan,25,27,77.0,41
45,安南,2021-09-16,77,15,5,nan,27,33,77.0,48
44,善化,2021-09-16,80,8,2,nan,20,15,80.0,38
43,新營,2021-09-16,90,8,2,nan,24,13,90.0,45
42,嘉義,2021-09-16,46,5,2,nan,21,12,46.0,42
41,臺西,2021-09-16,51,12,2,nan,28,20,nan,51
40,朴子,2021-09-16,77,5,2,nan,26,20,77.0,41
39,新港,2021-09-16,53,53,3,nan,26,27,47.0,50
38,崙背,2021-09-16,77,5,2,nan,29,40,77.0,59
37,斗六,2021-09-16,77,5,2,nan,20,15,77.0,38
36,南投,2021-09-16,61,8,2,nan,23,18,61.0,46
35,二林,2021-09-16,80,8,2,nan,32,15,80.0,54
34,線西,2021-09-16,51,8,2,nan,31,22,nan,51
33,彰化,2021-09-16,90,20,2,nan,24,25,90.0,41
32,西屯,2021-09-16,90,18,3,nan,33,40,90.0,54
31,忠明,2021-09-16,80,18,5,nan,26,42,80.0,51
30,大里,2021-09-16,71,5,3,nan,30,37,71.0,53
29,沙鹿,2021-09-16,118,15,3,nan,28,35,118.0,52
28,豐原,2021-09-16,84,5,3,nan,23,25,84.0,46
27,三義,2021-09-16,90,5,2,nan,26,23,90.0,47
26,苗栗,2021-09-16,71,5,3,nan,25,27,71.0,44
25,頭份,2021-09-16,50,8,2,nan,26,25,nan,50
24,新竹,2021-09-16,50,2,3,nan,22,32,47.0,50
23,竹東,2021-09-16,46,2,2,nan,22,13,46.0,34
22,湖口,2021-09-16,58,2,3,nan,25,37,58.0,52
21,龍潭,2021-09-16,61,2,2,nan,20,27,61.0,42
20,平鎮,2021-09-16,49,2,5,nan,25,45,49.0,49
19,觀音,2021-09-16,61,10,3,nan,26,45,61.0,56
18,大園,2021-09-16,61,8,6,nan,26,53,61.0,52
17,桃園,2021-09-16,61,28,6,nan,28,51,46.0,61
16,大同,2021-09-16,64,15,16,nan,28,64,nan,51
15,松山,2021-09-16,53,12,6,nan,24,53,41.0,43
14,古亭,2021-09-16,41,0,5,nan,19,33,38.0,41
13,萬華,2021-09-16,57,2,6,nan,21,57,39.0,43
12,中山,2021-09-16,55,10,7,nan,23,55,35.0,49
11,士林,2021-09-16,46,12,3,nan,23,37,46.0,43
10,淡水,2021-09-16,44,5,3,nan,24,33,44.0,42
9,林口,2021-09-16,57,10,5,nan,24,57,44.0,50
8,菜寮,2021-09-16,47,8,6,nan,21,47,46.0,47
7,新莊,2021-09-16,54,5,6,nan,27,51,49.0,54
6,板橋,2021-09-16,52,2,7,nan,21,52,46.0,44
5,土城,2021-09-16,54,2,5,nan,23,54,49.0,40
4,新店,2021-09-16,41,2,5,nan,21,25,41.0,39
3,萬里,2021-09-16,61,5,2,nan,34,20,61.0,38
2,汐止,2021-09-16,45,10,5,nan,23,45,36.0,44
1,基隆,2021-09-16,46,5,2,nan,20,22,46.0,41
56,前金,2021-09-17,35,35,2,nan,10,32,27.0,28
70,永和,2021-09-17,55,5,11,nan,22,55,nan,51
57,前鎮,2021-09-17,38,38,3,nan,16,33,nan,24
54,左營,2021-09-17,53,53,3,nan,18,32,31.0,30
58,小港,2021-09-17,65,65,2,nan,17,28,21.0,33
71,復興,2021-09-17,38,38,3,nan,13,30,nan,23
69,竹山,2021-09-17,90,5,3,nan,34,17,90.0,70
53,楠梓,2021-09-17,35,28,3,nan,22,30,35.0,33
59,屏東,2021-09-17,51,10,2,nan,26,23,51.0,44
52,林園,2021-09-17,32,5,1,nan,17,13,29.0,32
72,埔里,2021-09-17,101,5,3,nan,30,17,101.0,63
60,潮州,2021-09-17,36,2,1,nan,17,8,36.0,26
84,富貴角,2021-09-17,74,2,2,nan,44,18,74.0,39
61,恆春,2021-09-17,28,2,1,nan,8,2,28.0,8
85,大城,2021-09-17,112,5,1,nan,31,10,112.0,61
51,大寮,2021-09-17,35,12,2,nan,22,23,31.0,35
75,馬祖,2021-09-17,67,2,1,nan,16,7,67.0,34
62,臺東,2021-09-17,34,2,2,nan,15,12,34.0,22
63,花蓮,2021-09-17,39,8,2,nan,18,13,39.0,29
77,金門,2021-09-17,77,8,2,nan,32,13,77.0,66
64,陽明,2021-09-17,52,5,2,nan,19,10,46.0,52
50,鳳山,2021-09-17,61,61,5,nan,18,33,nan,48
28,豐原,2021-09-17,122,8,5,nan,37,18,122.0,75
27,三義,2021-09-17,115,8,3,nan,34,30,115.0,65
29,沙鹿,2021-09-17,126,20,3,nan,35,28,126.0,67
26,苗栗,2021-09-17,104,8,3,nan,32,22,104.0,65
25,頭份,2021-09-17,69,10,3,nan,34,27,nan,69
49,仁武,2021-09-17,37,32,2,nan,22,30,34.0,37
24,新竹,2021-09-17,100,2,5,nan,30,35,100.0,66
30,大里,2021-09-17,129,18,5,nan,40,32,129.0,76
48,橋頭,2021-09-17,38,20,2,nan,22,23,35.0,38
23,竹東,2021-09-17,77,2,3,nan,30,32,77.0,56
31,忠明,2021-09-17,112,20,5,nan,35,38,112.0,69
47,美濃,2021-09-17,51,5,2,nan,21,7,51.0,38
22,湖口,2021-09-17,112,2,3,nan,29,32,112.0,62
46,臺南,2021-09-17,49,32,2,nan,20,20,49.0,35
21,龍潭,2021-09-17,100,8,5,nan,25,52,100.0,55
65,宜蘭,2021-09-17,41,15,2,nan,18,12,41.0,35
20,平鎮,2021-09-17,100,5,5,nan,27,47,100.0,57
45,安南,2021-09-17,51,28,3,nan,21,25,51.0,36
19,觀音,2021-09-17,108,5,2,nan,29,32,108.0,62
18,大園,2021-09-17,93,8,5,nan,28,43,93.0,57
32,西屯,2021-09-17,97,28,3,nan,43,42,97.0,68
17,桃園,2021-09-17,87,25,6,nan,28,43,87.0,58
44,善化,2021-09-17,61,20,2,nan,21,18,61.0,43
16,大同,2021-09-17,62,10,20,nan,35,62,nan,61
33,彰化,2021-09-17,104,18,5,nan,36,37,104.0,66
43,新營,2021-09-17,64,25,3,nan,26,13,64.0,56
15,松山,2021-09-17,43,5,5,nan,25,42,37.0,43
34,線西,2021-09-17,65,18,2,nan,45,17,nan,65
14,古亭,2021-09-17,51,5,5,nan,20,33,51.0,39
83,麥寮,2021-09-17,60,10,2,nan,32,22,nan,60
13,萬華,2021-09-17,55,5,6,nan,23,55,47.0,48
42,嘉義,2021-09-17,68,22,2,nan,32,15,51.0,68
12,中山,2021-09-17,54,10,8,nan,25,54,38.0,50
35,二林,2021-09-17,90,8,3,nan,42,17,90.0,71
11,士林,2021-09-17,51,18,3,nan,28,38,51.0,50
78,馬公,2021-09-17,90,2,2,nan,24,15,90.0,51
10,淡水,2021-09-17,52,10,5,nan,26,35,46.0,52
68,中壢,2021-09-17,64,5,17,nan,29,63,nan,64
41,臺西,2021-09-17,57,5,2,nan,28,20,nan,57
9,林口,2021-09-17,74,8,5,nan,28,45,74.0,56
66,冬山,2021-09-17,34,2,3,nan,23,20,34.0,30
8,菜寮,2021-09-17,53,10,7,nan,24,40,50.0,53
36,南投,2021-09-17,97,12,5,nan,37,32,97.0,75
80,關山,2021-09-17,28,2,1,nan,15,5,28.0,20
7,新莊,2021-09-17,87,15,6,nan,32,42,87.0,56
67,三重,2021-09-17,60,12,15,nan,29,60,nan,57
6,板橋,2021-09-17,87,5,6,nan,26,47,87.0,47
37,斗六,2021-09-17,100,8,3,nan,33,22,100.0,71
5,土城,2021-09-17,90,2,6,nan,26,52,90.0,36
4,新店,2021-09-17,67,8,5,nan,21,28,67.0,38
38,崙背,2021-09-17,76,8,2,nan,36,28,71.0,76
3,萬里,2021-09-17,50,0,2,nan,25,17,50.0,30
40,朴子,2021-09-17,58,10,2,nan,25,22,58.0,48
2,汐止,2021-09-17,40,12,3,nan,21,38,40.0,39
39,新港,2021-09-17,60,18,2,nan,29,27,49.0,60
1,基隆,2021-09-17,45,2,3,nan,19,28,45.0,39
14,古亭,2021-09-18,40,5,3,nan,15,20,40.0,32
1,基隆,2021-09-18,36,2,2,nan,14,12,36.0,25
2,汐止,2021-09-18,35,10,2,nan,14,28,35.0,27
3,萬里,2021-09-18,44,2,1,nan,20,10,44.0,20
4,新店,2021-09-18,40,5,3,nan,18,18,40.0,30
5,土城,2021-09-18,44,5,3,nan,17,33,44.0,26
6,板橋,2021-09-18,44,8,5,nan,18,30,44.0,34
7,新莊,2021-09-18,48,8,3,nan,21,23,48.0,40
8,菜寮,2021-09-18,44,2,3,nan,15,22,44.0,37
9,林口,2021-09-18,44,5,3,nan,16,20,44.0,35
10,淡水,2021-09-18,40,2,2,nan,16,17,40.0,35
11,士林,2021-09-18,42,2,2,nan,17,20,42.0,33
12,中山,2021-09-18,36,12,5,nan,17,33,36.0,30
13,萬華,2021-09-18,38,12,3,nan,16,30,38.0,32
15,松山,2021-09-18,39,8,2,nan,17,23,39.0,29
16,大同,2021-09-18,51,10,12,nan,21,51,nan,39
17,桃園,2021-09-18,51,28,5,nan,24,35,50.0,51
18,大園,2021-09-18,43,10,3,nan,22,27,43.0,40
19,觀音,2021-09-18,48,12,2,nan,25,28,45.0,48
20,平鎮,2021-09-18,61,8,5,nan,24,23,61.0,56
21,龍潭,2021-09-18,84,5,3,nan,27,22,84.0,53
22,湖口,2021-09-18,100,5,3,nan,29,27,100.0,62
23,竹東,2021-09-18,104,2,3,nan,31,13,104.0,58
24,新竹,2021-09-18,112,2,5,nan,31,30,112.0,67
25,頭份,2021-09-18,73,12,5,nan,36,37,nan,73
26,苗栗,2021-09-18,100,5,3,nan,35,22,100.0,75
27,三義,2021-09-18,87,5,3,nan,34,20,87.0,70
28,豐原,2021-09-18,87,8,5,nan,38,15,87.0,81
29,沙鹿,2021-09-18,80,5,5,nan,42,30,80.0,80
30,大里,2021-09-18,101,2,5,nan,43,32,101.0,85
31,忠明,2021-09-18,80,5,3,nan,36,45,80.0,75
32,西屯,2021-09-18,81,8,3,nan,43,33,67.0,81
33,彰化,2021-09-18,77,30,5,nan,41,32,54.0,77
34,線西,2021-09-18,77,15,3,nan,69,25,nan,77
35,二林,2021-09-18,88,8,3,nan,51,23,54.0,88
36,南投,2021-09-18,104,15,3,nan,41,22,104.0,84
37,斗六,2021-09-18,87,10,5,nan,39,25,87.0,83
38,崙背,2021-09-18,81,5,2,nan,41,25,50.0,81
39,新港,2021-09-18,77,22,3,nan,37,13,54.0,77
40,朴子,2021-09-18,71,5,3,nan,33,15,71.0,63
41,臺西,2021-09-18,94,12,6,nan,43,48,nan,94
42,嘉義,2021-09-18,74,10,3,nan,34,22,58.0,74
43,新營,2021-09-18,93,5,3,nan,32,13,93.0,69
44,善化,2021-09-18,80,5,2,nan,28,25,80.0,61
45,安南,2021-09-18,67,8,3,nan,32,30,67.0,62
46,臺南,2021-09-18,65,2,3,nan,31,22,64.0,65
47,美濃,2021-09-18,64,5,3,nan,29,15,64.0,59
48,橋頭,2021-09-18,67,5,5,nan,36,35,54.0,67
49,仁武,2021-09-18,60,8,6,nan,30,42,50.0,60
50,鳳山,2021-09-18,66,5,8,nan,28,42,nan,66
51,大寮,2021-09-18,63,18,2,nan,32,20,50.0,63
52,林園,2021-09-18,74,5,2,nan,28,12,74.0,54
53,楠梓,2021-09-18,64,5,6,nan,36,40,54.0,64
54,左營,2021-09-18,80,8,6,nan,32,51,80.0,58
56,前金,2021-09-18,64,5,3,nan,26,40,64.0,58
57,前鎮,2021-09-18,52,8,5,nan,26,52,nan,49
58,小港,2021-09-18,52,10,3,nan,25,43,49.0,52
59,屏東,2021-09-18,65,8,6,nan,34,28,51.0,65
60,潮州,2021-09-18,80,10,2,nan,28,12,80.0,56
61,恆春,2021-09-18,19,2,1,nan,6,2,19.0,8
62,臺東,2021-09-18,21,2,1,nan,10,8,21.0,15
63,花蓮,2021-09-18,31,8,1,nan,15,13,31.0,21
64,陽明,2021-09-18,39,8,1,nan,11,5,39.0,34
65,宜蘭,2021-09-18,40,2,2,nan,17,8,40.0,28
66,冬山,2021-09-18,31,2,3,nan,22,17,31.0,26
67,三重,2021-09-18,53,5,14,nan,20,53,nan,41
68,中壢,2021-09-18,55,5,12,nan,29,54,nan,55
69,竹山,2021-09-18,101,10,3,nan,39,18,101.0,80
70,永和,2021-09-18,36,5,7,nan,17,30,nan,36
71,復興,2021-09-18,55,8,6,nan,23,55,nan,50
72,埔里,2021-09-18,100,5,3,nan,35,15,100.0,81
75,馬祖,2021-09-18,100,2,2,nan,25,12,100.0,47
77,金門,2021-09-18,58,8,2,nan,30,10,58.0,56
78,馬公,2021-09-18,71,2,2,nan,23,8,71.0,48
80,關山,2021-09-18,19,2,1,nan,14,5,19.0,17
83,麥寮,2021-09-18,68,2,2,nan,34,18,nan,68
84,富貴角,2021-09-18,50,2,1,nan,20,2,50.0,22
85,大城,2021-09-18,61,5,2,nan,28,12,58.0,61
7,新莊,2021-09-19,118,10,5,nan,28,33,118.0,55.0
27,三義,2021-09-19,63,8,3,nan,31,13,61.0,63.0
8,菜寮,2021-09-19,126,5,5,nan,20,25,126.0,49.0
28,豐原,2021-09-19,80,8,3,nan,29,18,80.0,62.0
9,林口,2021-09-19,112,8,3,nan,26,30,112.0,58.0
29,沙鹿,2021-09-19,63,20,5,nan,35,37,49.0,63.0
30,大里,2021-09-19,93,18,5,nan,37,28,93.0,68.0
31,忠明,2021-09-19,80,5,3,nan,28,48,80.0,62.0
32,西屯,2021-09-19,65,12,3,nan,35,37,61.0,65.0
33,彰化,2021-09-19,66,20,2,nan,37,22,64.0,66.0
34,線西,2021-09-19,67,15,5,nan,56,18,nan,67.0
35,二林,2021-09-19,88,8,3,nan,63,20,47.0,88.0
36,南投,2021-09-19,74,5,3,nan,35,17,74.0,72.0
37,斗六,2021-09-19,87,8,3,nan,35,13,87.0,70.0
38,崙背,2021-09-19,75,8,3,nan,39,28,51.0,75.0
39,新港,2021-09-19,80,25,3,nan,38,22,80.0,79.0
40,朴子,2021-09-19,63,5,3,nan,37,18,54.0,63.0
41,臺西,2021-09-19,56,5,2,nan,31,15,nan,56.0
85,大城,2021-09-19,55,8,2,nan,28,12,45.0,55.0
42,嘉義,2021-09-19,82,10,3,nan,40,15,77.0,82.0
43,新營,2021-09-19,74,2,3,nan,33,13,74.0,67.0
44,善化,2021-09-19,59,10,2,nan,26,13,58.0,59.0
45,安南,2021-09-19,67,5,3,nan,33,15,67.0,62.0
46,臺南,2021-09-19,74,2,3,nan,35,18,74.0,63.0
47,美濃,2021-09-19,77,2,3,nan,33,8,77.0,69.0
48,橋頭,2021-09-19,74,2,3,nan,36,17,74.0,68.0
84,富貴角,2021-09-19,39,5,2,nan,32,12,39.0,32.0
83,麥寮,2021-09-19,61,10,2,nan,34,15,nan,61.0
49,仁武,2021-09-19,71,5,2,nan,26,13,71.0,56.0
50,鳳山,2021-09-19,74,8,6,nan,30,27,nan,74.0
80,關山,2021-09-19,13,2,1,nan,11,5,13.0,9.0
51,大寮,2021-09-19,93,25,3,nan,44,28,93.0,90.0
52,林園,2021-09-19,67,5,3,nan,33,12,49.0,67.0
78,馬公,2021-09-19,44,2,1,nan,24,7,44.0,nan
77,金門,2021-09-19,58,5,2,nan,28,13,58.0,49.0
53,楠梓,2021-09-19,74,2,3,nan,32,28,74.0,62.0
75,馬祖,2021-09-19,74,2,2,nan,24,8,74.0,44.0
54,左營,2021-09-19,71,5,3,nan,26,20,71.0,48.0
56,前金,2021-09-19,64,2,2,nan,21,15,64.0,52.0
57,前鎮,2021-09-19,47,8,3,nan,26,18,nan,47.0
58,小港,2021-09-19,90,8,3,nan,30,42,90.0,64.0
59,屏東,2021-09-19,90,8,3,nan,39,18,90.0,74.0
60,潮州,2021-09-19,63,5,2,nan,32,8,54.0,63.0
61,恆春,2021-09-19,14,2,0,nan,5,2,14.0,4.0
62,臺東,2021-09-19,17,2,1,nan,9,8,17.0,11.0
72,埔里,2021-09-19,90,8,5,nan,35,13,90.0,76.0
71,復興,2021-09-19,53,8,5,nan,23,15,nan,53.0
63,花蓮,2021-09-19,18,5,2,nan,10,12,18.0,13.0
64,陽明,2021-09-19,58,5,2,nan,17,8,58.0,41.0
70,永和,2021-09-19,40,2,7,nan,18,33,nan,40.0
65,宜蘭,2021-09-19,25,2,2,nan,16,12,25.0,22.0
66,冬山,2021-09-19,25,2,3,nan,16,10,25.0,18.0
67,三重,2021-09-19,55,5,10,nan,24,55,nan,46.0
69,竹山,2021-09-19,80,5,2,nan,32,15,80.0,74.0
68,中壢,2021-09-19,55,5,9,nan,28,45,nan,55.0
10,淡水,2021-09-19,90,5,3,nan,19,27,90.0,39.0
11,士林,2021-09-19,129,2,3,nan,25,20,129.0,39.0
12,中山,2021-09-19,97,5,5,nan,21,30,97.0,44.0
13,萬華,2021-09-19,108,2,5,nan,19,23,108.0,40.0
14,古亭,2021-09-19,104,2,3,nan,15,20,104.0,36.0
15,松山,2021-09-19,77,8,3,nan,17,15,77.0,32.0
16,大同,2021-09-19,64,5,15,nan,28,64,nan,52.0
17,桃園,2021-09-19,53,22,3,nan,25,22,48.0,53.0
18,大園,2021-09-19,54,5,3,nan,24,22,54.0,46.0
19,觀音,2021-09-19,49,8,2,nan,20,23,49.0,40.0
20,平鎮,2021-09-19,54,5,3,nan,23,22,45.0,54.0
21,龍潭,2021-09-19,71,8,3,nan,25,25,71.0,53.0
22,湖口,2021-09-19,50,5,2,nan,24,22,35.0,50.0
23,竹東,2021-09-19,58,5,3,nan,29,13,58.0,54.0
1,基隆,2021-09-19,23,2,2,nan,10,15,23.0,20.0
2,汐止,2021-09-19,49,8,3,nan,14,23,49.0,28.0
3,萬里,2021-09-19,25,5,1,nan,21,17,25.0,18.0
24,新竹,2021-09-19,52,5,3,nan,22,25,30.0,52.0
4,新店,2021-09-19,50,2,3,nan,16,12,50.0,28.0
25,頭份,2021-09-19,54,10,3,nan,25,27,nan,54.0
5,土城,2021-09-19,100,10,3,nan,24,32,100.0,36.0
26,苗栗,2021-09-19,51,8,3,nan,24,15,43.0,51.0
6,板橋,2021-09-19,118,5,5,nan,23,32,118.0,42.0
17,桃園,2021-09-20,60,5,3,nan,29,22,44.0,60.0
44,善化,2021-09-20,43,5,1,nan,21,22,41.0,43.0
78,馬公,2021-09-20,42,5,1,nan,19,17,42.0,nan
85,大城,2021-09-20,49,2,1,nan,24,12,45.0,49.0
15,松山,2021-09-20,93,15,3,nan,26,25,93.0,49.0
43,新營,2021-09-20,52,2,2,nan,26,13,44.0,52.0
38,崙背,2021-09-20,64,8,2,nan,27,22,41.0,64.0
14,古亭,2021-09-20,71,10,3,nan,27,27,71.0,52.0
42,嘉義,2021-09-20,57,5,2,nan,27,10,42.0,57.0
13,萬華,2021-09-20,53,8,5,nan,24,37,50.0,53.0
49,仁武,2021-09-20,56,8,3,nan,27,15,44.0,56.0
77,金門,2021-09-20,37,12,2,nan,22,32,31.0,37.0
41,臺西,2021-09-20,55,5,2,nan,28,22,nan,55.0
40,朴子,2021-09-20,51,5,2,nan,29,20,38.0,51.0
12,中山,2021-09-20,52,5,5,nan,26,35,51.0,52.0
37,斗六,2021-09-20,58,5,2,nan,28,13,58.0,58.0
22,湖口,2021-09-20,56,5,2,nan,26,27,47.0,56.0
11,士林,2021-09-20,53,5,3,nan,30,32,48.0,53.0
61,恆春,2021-09-20,15,2,0,nan,5,2,15.0,5.0
10,淡水,2021-09-20,44,2,3,nan,23,28,43.0,44.0
9,林口,2021-09-20,52,8,3,nan,23,35,44.0,52.0
46,臺南,2021-09-20,46,2,2,nan,24,13,38.0,46.0
8,菜寮,2021-09-20,54,8,5,nan,23,48,48.0,54.0
7,新莊,2021-09-20,57,48,3,nan,29,32,54.0,57.0
6,板橋,2021-09-20,64,15,5,nan,27,35,64.0,52.0
5,土城,2021-09-20,71,5,5,nan,28,35,71.0,48.0
4,新店,2021-09-20,84,8,3,nan,26,22,84.0,45.0
3,萬里,2021-09-20,80,5,3,nan,27,15,80.0,52.0
2,汐止,2021-09-20,84,15,3,nan,26,32,84.0,55.0
1,基隆,2021-09-20,58,5,3,nan,23,22,58.0,45.0
36,南投,2021-09-20,63,5,2,nan,31,18,54.0,63.0
83,麥寮,2021-09-20,56,10,2,nan,29,22,nan,56.0
60,潮州,2021-09-20,118,12,2,nan,35,7,118.0,72.0
35,二林,2021-09-20,64,8,2,nan,37,18,40.0,64.0
21,龍潭,2021-09-20,55,5,3,nan,26,23,54.0,55.0
34,線西,2021-09-20,59,10,2,nan,45,13,nan,59.0
48,橋頭,2021-09-20,58,5,3,nan,30,12,41.0,58.0
70,永和,2021-09-20,54,10,7,nan,26,40,nan,54.0
33,彰化,2021-09-20,60,30,2,nan,34,25,45.0,60.0
32,西屯,2021-09-20,57,32,5,nan,34,40,44.0,57.0
69,竹山,2021-09-20,61,5,1,nan,28,18,50.0,61.0
20,平鎮,2021-09-20,56,2,2,nan,24,20,43.0,56.0
65,宜蘭,2021-09-20,33,10,2,nan,18,12,33.0,32.0
84,富貴角,2021-09-20,67,2,2,nan,21,20,67.0,41.0
31,忠明,2021-09-20,54,28,5,nan,26,48,47.0,54.0
59,屏東,2021-09-20,65,8,3,nan,33,22,51.0,65.0
19,觀音,2021-09-20,44,15,1,nan,20,20,44.0,44.0
30,大里,2021-09-20,58,18,5,nan,29,28,51.0,58.0
45,安南,2021-09-20,43,8,2,nan,23,17,36.0,43.0
29,沙鹿,2021-09-20,59,15,3,nan,32,27,43.0,59.0
58,小港,2021-09-20,69,10,3,nan,31,27,51.0,69.0
62,臺東,2021-09-20,17,2,2,nan,10,12,17.0,10.0
39,新港,2021-09-20,53,2,2,nan,25,17,40.0,53.0
72,埔里,2021-09-20,67,5,3,nan,28,12,45.0,67.0
57,前鎮,2021-09-20,52,10,5,nan,27,22,nan,52.0
28,豐原,2021-09-20,77,8,3,nan,27,13,77.0,55.0
18,大園,2021-09-20,48,5,2,nan,22,23,40.0,48.0
56,前金,2021-09-20,55,5,3,nan,21,17,46.0,55.0
80,關山,2021-09-20,14,2,1,nan,12,5,14.0,11.0
27,三義,2021-09-20,64,5,3,nan,27,12,64.0,56.0
68,中壢,2021-09-20,57,2,8,nan,27,43,nan,57.0
71,復興,2021-09-20,59,2,6,nan,30,37,nan,59.0
26,苗栗,2021-09-20,55,8,2,nan,25,18,49.0,55.0
54,左營,2021-09-20,54,8,3,nan,30,18,44.0,54.0
25,頭份,2021-09-20,57,8,2,nan,26,23,nan,57.0
24,新竹,2021-09-20,57,5,3,nan,25,25,44.0,57.0
53,楠梓,2021-09-20,58,5,3,nan,31,13,44.0,58.0
64,陽明,2021-09-20,45,5,2,nan,19,8,44.0,45.0
23,竹東,2021-09-20,55,2,2,nan,28,13,51.0,55.0
52,林園,2021-09-20,80,15,2,nan,34,18,80.0,71.0
51,大寮,2021-09-20,78,20,5,nan,39,18,74.0,78.0
75,馬祖,2021-09-20,80,2,1,nan,22,42,80.0,40.0
47,美濃,2021-09-20,54,5,2,nan,29,15,45.0,54.0
67,三重,2021-09-20,57,8,10,nan,27,52,nan,57.0
16,大同,2021-09-20,62,5,16,nan,32,62,nan,59.0
66,冬山,2021-09-20,31,5,2,nan,20,17,31.0,23.0
50,鳳山,2021-09-20,70,5,6,nan,28,22,nan,70.0
63,花蓮,2021-09-20,16,2,2,nan,10,10,16.0,12.0
37,斗六,2021-09-21,36,5,1,nan,19,17,34.0,36.0
61,恆春,2021-09-21,16,2,0,nan,5,2,16.0,8.0
62,臺東,2021-09-21,17,2,1,nan,11,8,17.0,14.0
63,花蓮,2021-09-21,17,8,2,nan,10,12,17.0,14.0
64,陽明,2021-09-21,53,2,2,nan,20,17,35.0,53.0
65,宜蘭,2021-09-21,37,8,2,nan,18,8,37.0,34.0
59,屏東,2021-09-21,57,10,3,nan,28,20,41.0,57.0
66,冬山,2021-09-21,35,5,3,nan,23,27,35.0,31.0
67,三重,2021-09-21,57,18,10,nan,26,52,nan,57.0
58,小港,2021-09-21,62,51,3,nan,33,35,41.0,62.0
68,中壢,2021-09-21,51,8,9,nan,21,51,nan,43.0
69,竹山,2021-09-21,45,5,1,nan,22,15,42.0,45.0
70,永和,2021-09-21,51,5,6,nan,22,30,nan,51.0
57,前鎮,2021-09-21,52,12,7,nan,26,37,nan,52.0
71,復興,2021-09-21,60,8,9,nan,29,52,nan,60.0
72,埔里,2021-09-21,46,5,2,nan,19,12,44.0,46.0
75,馬祖,2021-09-21,67,10,1,nan,22,42,67.0,42.0
77,金門,2021-09-21,38,8,1,nan,19,28,38.0,29.0
78,馬公,2021-09-21,20,2,1,nan,8,13,20.0,nan
56,前金,2021-09-21,56,12,5,nan,23,37,43.0,56.0
80,關山,2021-09-21,15,2,1,nan,11,3,15.0,6.0
54,左營,2021-09-21,52,20,5,nan,33,42,43.0,52.0
83,麥寮,2021-09-21,33,8,2,nan,19,18,nan,33.0
84,富貴角,2021-09-21,51,5,2,nan,19,22,51.0,35.0
85,大城,2021-09-21,30,5,1,nan,17,13,22.0,30.0
1,基隆,2021-09-21,71,10,3,nan,26,23,71.0,61.0
53,楠梓,2021-09-21,44,12,2,nan,25,18,37.0,44.0
52,林園,2021-09-21,76,10,3,nan,38,17,49.0,76.0
51,大寮,2021-09-21,65,32,3,nan,33,22,44.0,65.0
50,鳳山,2021-09-21,61,12,6,nan,25,30,nan,61.0
49,仁武,2021-09-21,46,12,2,nan,22,20,42.0,46.0
48,橋頭,2021-09-21,44,15,2,nan,24,13,36.0,44.0
47,美濃,2021-09-21,36,2,2,nan,19,5,33.0,36.0
46,臺南,2021-09-21,34,5,2,nan,19,23,26.0,34.0
45,安南,2021-09-21,31,5,2,nan,19,28,23.0,31.0
44,善化,2021-09-21,28,5,1,nan,15,10,22.0,28.0
43,新營,2021-09-21,39,8,2,nan,20,18,24.0,39.0
42,嘉義,2021-09-21,43,5,1,nan,21,12,27.0,43.0
41,臺西,2021-09-21,33,5,2,nan,17,20,nan,33.0
40,朴子,2021-09-21,28,5,2,nan,18,22,21.0,28.0
39,新港,2021-09-21,37,8,2,nan,20,22,21.0,37.0
38,崙背,2021-09-21,44,10,2,nan,22,27,19.0,44.0
36,南投,2021-09-21,52,5,2,nan,23,13,41.0,52.0
35,二林,2021-09-21,41,5,2,nan,29,17,21.0,41.0
34,線西,2021-09-21,43,12,2,nan,27,17,nan,43.0
33,彰化,2021-09-21,40,25,1,nan,27,18,24.0,40.0
32,西屯,2021-09-21,50,35,5,nan,28,28,22.0,50.0
31,忠明,2021-09-21,44,25,5,nan,21,32,29.0,44.0
30,大里,2021-09-21,49,22,3,nan,25,23,36.0,49.0
29,沙鹿,2021-09-21,37,8,2,nan,22,22,25.0,37.0
28,豐原,2021-09-21,42,10,2,nan,18,15,34.0,42.0
27,三義,2021-09-21,41,10,2,nan,20,17,31.0,41.0
26,苗栗,2021-09-21,41,5,2,nan,19,17,31.0,41.0
2,汐止,2021-09-21,57,5,5,nan,25,32,44.0,57.0
3,萬里,2021-09-21,101,8,3,nan,26,15,101.0,52.0
25,頭份,2021-09-21,41,10,2,nan,20,28,nan,41.0
24,新竹,2021-09-21,45,5,3,nan,19,28,25.0,45.0
4,新店,2021-09-21,44,5,2,nan,22,15,44.0,38.0
23,竹東,2021-09-21,42,2,2,nan,21,8,37.0,42.0
22,湖口,2021-09-21,39,5,2,nan,18,35,29.0,39.0
5,土城,2021-09-21,44,5,5,nan,23,38,43.0,44.0
21,龍潭,2021-09-21,39,5,2,nan,18,23,39.0,39.0
20,平鎮,2021-09-21,45,8,2,nan,16,30,31.0,45.0
6,板橋,2021-09-21,45,10,5,nan,22,32,40.0,45.0
19,觀音,2021-09-21,30,5,2,nan,16,28,21.0,30.0
7,新莊,2021-09-21,51,42,3,nan,27,28,39.0,51.0
8,菜寮,2021-09-21,53,18,5,nan,22,50,35.0,53.0
18,大園,2021-09-21,34,8,2,nan,16,27,25.0,34.0
9,林口,2021-09-21,41,10,3,nan,18,30,31.0,41.0
10,淡水,2021-09-21,34,5,3,nan,17,27,24.0,34.0
17,桃園,2021-09-21,47,30,3,nan,21,32,31.0,47.0
11,士林,2021-09-21,44,8,5,nan,23,37,35.0,44.0
16,大同,2021-09-21,55,10,17,nan,27,55,nan,55.0
15,松山,2021-09-21,49,8,3,nan,23,40,44.0,49.0
12,中山,2021-09-21,52,10,5,nan,25,35,34.0,52.0
14,古亭,2021-09-21,44,5,2,nan,20,20,44.0,44.0
13,萬華,2021-09-21,49,10,3,nan,22,30,37.0,49.0
60,潮州,2021-09-21,70,18,2,nan,33,13,50.0,70.0
1,基隆,2021-09-22,40,10,3,nan,18,22,39.0,40.0
53,楠梓,2021-09-22,40,8,3,nan,24,32,40.0,30.0
64,陽明,2021-09-22,31,5,1,nan,9,13,31.0,25.0
45,安南,2021-09-22,49,5,3,nan,23,38,49.0,33.0
25,頭份,2021-09-22,32,10,2,nan,17,32,nan,29.0
65,宜蘭,2021-09-22,43,8,2,nan,22,12,43.0,36.0
38,崙背,2021-09-22,39,5,1,nan,22,23,31.0,39.0
37,斗六,2021-09-22,31,10,2,nan,20,20,26.0,31.0
66,冬山,2021-09-22,31,5,3,nan,24,28,31.0,31.0
31,忠明,2021-09-22,30,5,2,nan,13,30,23.0,21.0
54,左營,2021-09-22,42,10,3,nan,29,32,41.0,42.0
30,大里,2021-09-22,32,5,2,nan,19,28,32.0,30.0
67,三重,2021-09-22,62,12,12,nan,26,62,nan,38.0
46,臺南,2021-09-22,47,10,3,nan,21,27,47.0,36.0
56,前金,2021-09-22,41,10,2,nan,16,28,41.0,35.0
42,嘉義,2021-09-22,41,10,2,nan,18,15,41.0,36.0
68,中壢,2021-09-22,55,8,11,nan,22,55,nan,36.0
34,線西,2021-09-22,25,15,1,nan,16,22,nan,25.0
69,竹山,2021-09-22,54,10,1,nan,22,13,54.0,37.0
29,沙鹿,2021-09-22,40,8,2,nan,15,40,29.0,20.0
70,永和,2021-09-22,51,12,10,nan,22,51,nan,43.0
24,新竹,2021-09-22,41,5,3,nan,17,33,22.0,41.0
71,復興,2021-09-22,33,5,6,nan,17,33,nan,26.0
57,前鎮,2021-09-22,30,8,5,nan,19,30,nan,26.0
47,美濃,2021-09-22,44,5,2,nan,19,10,44.0,27.0
72,埔里,2021-09-22,44,2,1,nan,12,10,44.0,24.0
23,竹東,2021-09-22,29,5,2,nan,16,25,23.0,29.0
58,小港,2021-09-22,43,10,2,nan,20,43,40.0,30.0
75,馬祖,2021-09-22,58,2,1,nan,24,12,58.0,56.0
41,臺西,2021-09-22,28,12,1,nan,17,23,nan,28.0
77,金門,2021-09-22,31,22,2,nan,18,25,30.0,31.0
43,新營,2021-09-22,46,5,2,nan,19,15,46.0,31.0
78,馬公,2021-09-22,28,2,1,nan,9,8,28.0,nan
28,豐原,2021-09-22,26,5,2,nan,13,18,26.0,22.0
80,關山,2021-09-22,13,2,1,nan,11,8,13.0,8.0
27,三義,2021-09-22,25,2,2,nan,13,13,25.0,24.0
22,湖口,2021-09-22,36,5,2,nan,16,27,23.0,36.0
59,屏東,2021-09-22,48,8,5,nan,23,37,48.0,39.0
48,橋頭,2021-09-22,41,8,2,nan,24,17,41.0,34.0
83,麥寮,2021-09-22,28,5,1,nan,18,20,nan,28.0
39,新港,2021-09-22,37,8,2,nan,23,20,35.0,37.0
26,苗栗,2021-09-22,23,12,1,nan,12,18,23.0,22.0
60,潮州,2021-09-22,74,10,2,nan,23,13,74.0,41.0
33,彰化,2021-09-22,35,20,3,nan,23,35,27.0,26.0
49,仁武,2021-09-22,55,18,3,nan,20,55,38.0,34.0
84,富貴角,2021-09-22,44,15,1,nan,10,18,44.0,17.0
40,朴子,2021-09-22,38,8,2,nan,22,28,38.0,31.0
50,鳳山,2021-09-22,40,5,7,nan,20,35,nan,40.0
61,恆春,2021-09-22,16,2,0,nan,4,3,16.0,5.0
21,龍潭,2021-09-22,35,5,2,nan,18,35,33.0,33.0
20,平鎮,2021-09-22,36,10,3,nan,15,35,24.0,36.0
19,觀音,2021-09-22,38,8,2,nan,14,38,37.0,24.0
35,二林,2021-09-22,34,8,2,nan,24,18,34.0,31.0
85,大城,2021-09-22,33,8,1,nan,17,13,33.0,28.0
51,大寮,2021-09-22,54,38,3,nan,31,38,44.0,54.0
18,大園,2021-09-22,40,10,3,nan,14,40,20.0,28.0
62,臺東,2021-09-22,17,2,1,nan,11,8,17.0,12.0
36,南投,2021-09-22,45,8,2,nan,17,25,45.0,31.0
44,善化,2021-09-22,41,8,1,nan,17,17,41.0,25.0
52,林園,2021-09-22,42,8,2,nan,25,18,42.0,42.0
17,桃園,2021-09-22,34,22,5,nan,18,32,25.0,34.0
63,花蓮,2021-09-22,19,2,1,nan,10,18,19.0,6.0
32,西屯,2021-09-22,28,5,1,nan,18,28,26.0,25.0
16,大同,2021-09-22,62,15,22,nan,23,62,nan,41.0
15,松山,2021-09-22,47,20,5,nan,21,47,43.0,38.0
14,古亭,2021-09-22,50,15,3,nan,18,27,50.0,40.0
13,萬華,2021-09-22,50,22,5,nan,18,50,42.0,39.0
12,中山,2021-09-22,52,20,6,nan,20,52,34.0,36.0
11,士林,2021-09-22,37,12,3,nan,23,27,36.0,37.0
10,淡水,2021-09-22,29,8,3,nan,16,20,29.0,29.0
9,林口,2021-09-22,38,10,3,nan,13,38,28.0,26.0
8,菜寮,2021-09-22,39,12,5,nan,18,33,39.0,39.0
7,新莊,2021-09-22,40,40,3,nan,22,38,34.0,40.0
6,板橋,2021-09-22,40,10,5,nan,19,40,39.0,34.0
5,土城,2021-09-22,45,8,5,nan,21,28,45.0,35.0
4,新店,2021-09-22,46,8,3,nan,21,35,46.0,38.0
3,萬里,2021-09-22,49,12,2,nan,15,15,49.0,32.0
2,汐止,2021-09-22,37,20,3,nan,19,30,36.0,37.0
85,大城,2021-09-23,47,8,1,nan,26,20,47.0,41
84,富貴角,2021-09-23,25,8,1,nan,8,15,25.0,11
83,麥寮,2021-09-23,41,8,2,nan,23,22,nan,41
80,關山,2021-09-23,14,2,1,nan,12,7,14.0,7
78,馬公,2021-09-23,41,2,1,nan,13,10,41.0,22
77,金門,2021-09-23,47,10,2,nan,27,27,47.0,36
75,馬祖,2021-09-23,39,2,2,nan,17,12,39.0,36
72,埔里,2021-09-23,84,5,2,nan,15,13,84.0,31
71,復興,2021-09-23,52,25,6,nan,24,48,nan,52
70,永和,2021-09-23,30,2,7,nan,14,30,nan,20
1,基隆,2021-09-23,20,2,2,nan,9,20,15.0,13
69,竹山,2021-09-23,41,8,1,nan,18,13,41.0,31
68,中壢,2021-09-23,58,8,14,nan,24,58,nan,38
2,汐止,2021-09-23,30,2,2,nan,10,30,14.0,16
67,三重,2021-09-23,53,5,11,nan,16,53,nan,26
66,冬山,2021-09-23,21,5,2,nan,19,18,14.0,21
65,宜蘭,2021-09-23,20,5,2,nan,11,13,20.0,20
3,萬里,2021-09-23,19,5,1,nan,10,17,19.0,14
64,陽明,2021-09-23,27,12,2,nan,8,7,27.0,17
4,新店,2021-09-23,20,5,3,nan,13,20,20.0,17
63,花蓮,2021-09-23,19,2,1,nan,11,15,19.0,10
62,臺東,2021-09-23,17,5,1,nan,12,10,17.0,10
61,恆春,2021-09-23,18,0,0,nan,4,3,18.0,5
5,土城,2021-09-23,37,2,3,nan,14,37,26.0,20
60,潮州,2021-09-23,104,12,2,nan,29,18,104.0,58
59,屏東,2021-09-23,84,12,3,nan,29,22,84.0,49
58,小港,2021-09-23,53,28,3,nan,28,53,48.0,49
6,板橋,2021-09-23,30,2,5,nan,12,30,18.0,20
57,前鎮,2021-09-23,52,32,6,nan,30,52,nan,49
56,前金,2021-09-23,93,45,5,nan,25,33,93.0,54
7,新莊,2021-09-23,28,10,5,nan,24,28,21.0,27
8,菜寮,2021-09-23,30,2,3,nan,11,30,20.0,23
54,左營,2021-09-23,74,30,5,nan,42,45,74.0,59
53,楠梓,2021-09-23,74,8,3,nan,27,32,74.0,41
52,林園,2021-09-23,87,12,2,nan,31,18,87.0,58
51,大寮,2021-09-23,64,42,3,nan,35,35,64.0,58
9,林口,2021-09-23,42,18,5,nan,15,42,30.0,30
50,鳳山,2021-09-23,51,25,7,nan,23,40,nan,51
10,淡水,2021-09-23,34,5,3,nan,11,22,34.0,17
11,士林,2021-09-23,25,2,2,nan,10,25,20.0,17
49,仁武,2021-09-23,58,22,3,nan,26,27,58.0,50
12,中山,2021-09-23,37,2,5,nan,12,37,14.0,19
48,橋頭,2021-09-23,71,8,2,nan,28,28,71.0,43
47,美濃,2021-09-23,67,12,2,nan,21,8,67.0,35
46,臺南,2021-09-23,61,5,3,nan,23,25,61.0,38
45,安南,2021-09-23,58,8,3,nan,26,30,58.0,38
13,萬華,2021-09-23,33,2,3,nan,11,33,16.0,22
44,善化,2021-09-23,64,8,1,nan,21,23,64.0,39
43,新營,2021-09-23,87,12,2,nan,30,18,87.0,54
42,嘉義,2021-09-23,77,8,2,nan,23,17,77.0,44
41,臺西,2021-09-23,39,8,2,nan,25,23,nan,39
14,古亭,2021-09-23,23,2,3,nan,10,23,19.0,19
40,朴子,2021-09-23,61,8,2,nan,30,23,61.0,41
39,新港,2021-09-23,90,90,3,nan,25,30,45.0,45
38,崙背,2021-09-23,48,8,2,nan,25,30,45.0,48
15,松山,2021-09-23,28,2,3,nan,14,28,16.0,18
37,斗六,2021-09-23,64,8,1,nan,20,22,64.0,31
16,大同,2021-09-23,50,5,18,nan,23,50,nan,31
36,南投,2021-09-23,49,20,3,nan,18,28,49.0,33
35,二林,2021-09-23,43,10,2,nan,27,18,43.0,37
34,線西,2021-09-23,35,12,2,nan,25,30,nan,35
17,桃園,2021-09-23,34,22,3,nan,16,32,29.0,34
33,彰化,2021-09-23,33,25,3,nan,21,30,33.0,31
32,西屯,2021-09-23,40,5,2,nan,22,40,31.0,34
18,大園,2021-09-23,43,12,3,nan,20,35,43.0,36
31,忠明,2021-09-23,42,5,3,nan,18,40,42.0,33
30,大里,2021-09-23,49,5,3,nan,24,45,49.0,39
19,觀音,2021-09-23,44,8,2,nan,20,42,44.0,34
29,沙鹿,2021-09-23,47,5,2,nan,19,47,38.0,33
28,豐原,2021-09-23,51,5,2,nan,17,17,51.0,30
27,三義,2021-09-23,35,8,1,nan,18,22,35.0,30
20,平鎮,2021-09-23,74,8,3,nan,18,32,74.0,40
26,苗栗,2021-09-23,43,8,1,nan,17,18,43.0,32
25,頭份,2021-09-23,44,10,2,nan,23,33,nan,44
24,新竹,2021-09-23,77,2,3,nan,24,32,77.0,54
23,竹東,2021-09-23,87,2,3,nan,24,17,87.0,49
22,湖口,2021-09-23,80,8,2,nan,25,28,80.0,47
21,龍潭,2021-09-23,100,5,3,nan,22,30,100.0,41
4,新店,2021-09-24,22,2,2,nan,10,20,22.0,14.0
51,大寮,2021-09-24,80,52,5,nan,38,47,80.0,69.0
50,鳳山,2021-09-24,62,40,7,nan,27,47,nan,62.0
49,仁武,2021-09-24,64,20,3,nan,28,35,64.0,53.0
48,橋頭,2021-09-24,101,8,3,nan,30,53,101.0,54.0
52,林園,2021-09-24,77,12,3,nan,30,27,77.0,58.0
47,美濃,2021-09-24,44,5,2,nan,21,7,44.0,31.0
46,臺南,2021-09-24,58,5,3,nan,26,32,58.0,49.0
53,楠梓,2021-09-24,71,18,5,nan,31,54,71.0,50.0
45,安南,2021-09-24,51,8,5,nan,28,32,51.0,46.0
44,善化,2021-09-24,49,2,1,nan,24,18,49.0,44.0
43,新營,2021-09-24,58,10,3,nan,31,28,58.0,57.0
54,左營,2021-09-24,80,8,6,nan,30,45,80.0,55.0
42,嘉義,2021-09-24,61,8,2,nan,30,23,61.0,55.0
41,臺西,2021-09-24,57,10,2,nan,40,25,nan,57.0
40,朴子,2021-09-24,57,5,3,nan,36,32,34.0,57.0
56,前金,2021-09-24,87,30,6,nan,25,64,87.0,57.0
39,新港,2021-09-24,59,12,2,nan,31,27,44.0,59.0
38,崙背,2021-09-24,63,8,2,nan,38,32,46.0,63.0
37,斗六,2021-09-24,71,8,2,nan,27,15,71.0,51.0
36,南投,2021-09-24,104,8,3,nan,27,25,104.0,58.0
57,前鎮,2021-09-24,65,65,7,nan,28,55,nan,49.0
35,二林,2021-09-24,49,18,3,nan,49,27,48.0,nan
34,線西,2021-09-24,45,18,3,nan,45,27,nan,41.0
33,彰化,2021-09-24,48,32,3,nan,30,37,47.0,48.0
32,西屯,2021-09-24,61,10,3,nan,33,40,61.0,49.0
58,小港,2021-09-24,55,51,5,nan,29,55,47.0,49.0
31,忠明,2021-09-24,77,10,5,nan,27,51,77.0,47.0
30,大里,2021-09-24,100,22,6,nan,35,47,100.0,64.0
29,沙鹿,2021-09-24,47,5,2,nan,29,27,47.0,38.0
28,豐原,2021-09-24,67,5,3,nan,25,22,67.0,47.0
27,三義,2021-09-24,77,5,2,nan,25,23,77.0,43.0
26,苗栗,2021-09-24,45,15,2,nan,22,28,45.0,32.0
59,屏東,2021-09-24,126,38,6,nan,30,32,126.0,54.0
25,頭份,2021-09-24,32,8,2,nan,21,32,nan,32.0
60,潮州,2021-09-24,97,28,3,nan,32,23,97.0,62.0
24,新竹,2021-09-24,32,2,2,nan,19,20,31.0,32.0
61,恆春,2021-09-24,22,2,0,nan,8,3,22.0,11.0
23,竹東,2021-09-24,33,2,1,nan,16,13,33.0,27.0
22,湖口,2021-09-24,31,2,2,nan,19,22,31.0,25.0
62,臺東,2021-09-24,20,5,1,nan,14,8,20.0,11.0
63,花蓮,2021-09-24,22,5,2,nan,13,17,22.0,16.0
21,龍潭,2021-09-24,23,2,2,nan,13,17,23.0,16.0
64,陽明,2021-09-24,37,5,1,nan,8,3,37.0,17.0
20,平鎮,2021-09-24,28,5,3,nan,11,22,28.0,23.0
19,觀音,2021-09-24,33,12,1,nan,31,23,31.0,33.0
65,宜蘭,2021-09-24,23,5,2,nan,11,13,23.0,19.0
18,大園,2021-09-24,25,8,1,nan,24,23,25.0,22.0
17,桃園,2021-09-24,30,30,3,nan,14,25,24.0,25.0
66,冬山,2021-09-24,23,5,2,nan,18,23,18.0,19.0
16,大同,2021-09-24,45,8,7,nan,27,45,nan,36.0
15,松山,2021-09-24,37,2,3,nan,16,37,22.0,21.0
14,古亭,2021-09-24,28,2,3,nan,10,28,23.0,23.0
13,萬華,2021-09-24,38,2,3,nan,12,38,18.0,23.0
67,三重,2021-09-24,52,8,12,nan,17,52,nan,28.0
12,中山,2021-09-24,40,5,5,nan,13,40,20.0,23.0
11,士林,2021-09-24,29,10,1,nan,16,22,29.0,23.0
10,淡水,2021-09-24,27,2,2,nan,13,13,27.0,23.0
9,林口,2021-09-24,26,5,2,nan,13,25,26.0,21.0
8,菜寮,2021-09-24,25,5,3,nan,12,25,24.0,24.0
7,新莊,2021-09-24,26,0,2,nan,23,25,26.0,25.0
6,板橋,2021-09-24,30,2,3,nan,12,30,23.0,18.0
5,土城,2021-09-24,22,2,3,nan,11,20,22.0,13.0
68,中壢,2021-09-24,35,5,9,nan,17,35,nan,22.0
3,萬里,2021-09-24,34,5,1,nan,17,13,34.0,21.0
69,竹山,2021-09-24,93,8,1,nan,24,18,93.0,51.0
2,汐止,2021-09-24,35,15,2,nan,11,35,20.0,19.0
1,基隆,2021-09-24,29,2,2,nan,16,15,29.0,28.0
70,永和,2021-09-24,25,2,5,nan,11,25,nan,23.0
71,復興,2021-09-24,57,54,7,nan,25,57,nan,50.0
72,埔里,2021-09-24,42,10,3,nan,17,15,42.0,37.0
75,馬祖,2021-09-24,49,5,2,nan,18,12,49.0,27.0
77,金門,2021-09-24,50,15,2,nan,31,23,50.0,41.0
78,馬公,2021-09-24,42,5,1,nan,26,15,42.0,36.0
80,關山,2021-09-24,16,2,1,nan,12,5,16.0,9.0
83,麥寮,2021-09-24,58,10,2,nan,38,20,nan,58.0
84,富貴角,2021-09-24,46,0,1,nan,20,7,46.0,23.0
85,大城,2021-09-24,53,8,1,nan,36,18,48.0,53.0
59,屏東,2021-09-25,49,10,3,nan,26.0,25,49.0,44.0
85,大城,2021-09-25,93,5,2,nan,44.0,12,93.0,66.0
84,富貴角,2021-09-25,93,0,2,nan,34.0,0,93.0,44.0
83,麥寮,2021-09-25,66,10,2,nan,42.0,17,nan,66.0
80,關山,2021-09-25,32,0,1,nan,25.0,7,32.0,19.0
78,馬公,2021-09-25,74,2,2,nan,38.0,7,74.0,51.0
77,金門,2021-09-25,77,10,2,nan,42.0,15,77.0,50.0
75,馬祖,2021-09-25,84,5,2,nan,27.0,12,84.0,45.0
72,埔里,2021-09-25,93,2,3,nan,27.0,17,93.0,59.0
71,復興,2021-09-25,43,8,5,nan,22.0,28,nan,43.0
70,永和,2021-09-25,47,2,3,nan,31.0,18,nan,47.0
69,竹山,2021-09-25,104,8,2,nan,32.0,22,104.0,62.0
68,中壢,2021-09-25,48,5,9,nan,32.0,45,nan,48.0
67,三重,2021-09-25,55,8,12,nan,38.0,55,nan,53.0
66,冬山,2021-09-25,40,5,2,nan,28.0,40,33.0,38.0
65,宜蘭,2021-09-25,44,2,2,nan,23.0,15,44.0,40.0
64,陽明,2021-09-25,51,2,2,nan,23.0,2,51.0,42.0
63,花蓮,2021-09-25,41,2,3,nan,24.0,23,41.0,35.0
62,臺東,2021-09-25,37,2,2,nan,29.0,8,37.0,33.0
61,恆春,2021-09-25,40,2,1,nan,18.0,2,40.0,27.0
60,潮州,2021-09-25,61,5,2,nan,26.0,10,61.0,55.0
58,小港,2021-09-25,46,15,2,nan,25.0,35,41.0,46.0
57,前鎮,2021-09-25,43,10,5,nan,27.0,30,nan,43.0
56,前金,2021-09-25,61,12,3,nan,25.0,42,61.0,52.0
54,左營,2021-09-25,64,10,3,nan,32.0,42,64.0,52.0
53,楠梓,2021-09-25,51,5,2,nan,26.0,22,51.0,44.0
52,林園,2021-09-25,56,10,2,nan,30.0,25,51.0,56.0
51,大寮,2021-09-25,55,32,3,nan,32.0,30,48.0,55.0
50,鳳山,2021-09-25,53,8,6,nan,22.0,33,nan,53.0
49,仁武,2021-09-25,49,12,2,nan,25.0,25,48.0,49.0
48,橋頭,2021-09-25,58,5,3,nan,30.0,22,58.0,49.0
47,美濃,2021-09-25,49,5,2,nan,23.0,8,49.0,39.0
46,臺南,2021-09-25,80,5,2,nan,32.0,23,80.0,54.0
45,安南,2021-09-25,80,2,3,nan,33.0,20,80.0,54.0
44,善化,2021-09-25,64,5,1,nan,26.0,22,64.0,47.0
43,新營,2021-09-25,87,2,2,nan,37.0,13,87.0,61.0
42,嘉義,2021-09-25,74,8,2,nan,32.0,15,74.0,60.0
41,臺西,2021-09-25,64,10,2,nan,43.0,17,nan,64.0
40,朴子,2021-09-25,87,8,3,nan,50.0,37,87.0,61.0
39,新港,2021-09-25,71,35,2,nan,41.0,27,71.0,64.0
38,崙背,2021-09-25,84,10,2,nan,44.0,25,84.0,70.0
37,斗六,2021-09-25,93,12,5,nan,39.0,23,93.0,62.0
36,南投,2021-09-25,101,5,3,nan,34.0,23,101.0,64.0
35,二林,2021-09-25,90,10,3,nan,50.0,17,90.0,nan
34,線西,2021-09-25,65,18,5,nan,64.0,23,nan,65.0
33,彰化,2021-09-25,100,8,2,nan,36.0,23,100.0,58.0
32,西屯,2021-09-25,77,5,2,nan,38.0,28,77.0,62.0
31,忠明,2021-09-25,90,5,3,nan,32.0,35,90.0,58.0
30,大里,2021-09-25,101,5,3,nan,37.0,30,101.0,66.0
29,沙鹿,2021-09-25,90,8,2,nan,36.0,18,90.0,54.0
28,豐原,2021-09-25,84,5,2,nan,29.0,15,84.0,55.0
27,三義,2021-09-25,90,5,2,nan,30.0,10,90.0,53.0
26,苗栗,2021-09-25,67,20,2,nan,28.0,28,67.0,46.0
25,頭份,2021-09-25,22,2,2,nan,nan,22,nan,nan
24,新竹,2021-09-25,49,2,3,nan,26.0,18,49.0,42.0
23,竹東,2021-09-25,42,0,2,nan,21.0,12,42.0,32.0
22,湖口,2021-09-25,51,2,2,nan,30.0,13,51.0,46.0
21,龍潭,2021-09-25,43,2,2,nan,24.0,15,43.0,37.0
20,平鎮,2021-09-25,50,2,3,nan,28.0,17,50.0,47.0
19,觀音,2021-09-25,53,10,2,nan,40.0,18,48.0,53.0
18,大園,2021-09-25,46,2,2,nan,35.0,20,42.0,46.0
17,桃園,2021-09-25,50,15,3,nan,33.0,17,46.0,50.0
16,大同,2021-09-25,55,8,5,nan,43.0,38,nan,55.0
15,松山,2021-09-25,50,2,3,nan,37.0,27,47.0,50.0
14,古亭,2021-09-25,47,2,3,nan,29.0,15,47.0,44.0
13,萬華,2021-09-25,51,5,3,nan,33.0,27,44.0,51.0
12,中山,2021-09-25,52,5,5,nan,35.0,27,43.0,52.0
11,士林,2021-09-25,50,8,2,nan,33.0,13,50.0,44.0
10,淡水,2021-09-25,46,2,2,nan,25.0,10,46.0,41.0
9,林口,2021-09-25,47,2,2,nan,30.0,13,47.0,44.0
8,菜寮,2021-09-25,51,8,3,nan,30.0,17,49.0,51.0
7,新莊,2021-09-25,51,2,3,nan,40.0,15,50.0,51.0
6,板橋,2021-09-25,46,2,3,nan,34.0,22,46.0,44.0
5,土城,2021-09-25,44,2,3,nan,29.0,13,44.0,40.0
4,新店,2021-09-25,44,2,3,nan,29.0,15,44.0,39.0
3,萬里,2021-09-25,74,0,2,nan,38.0,13,74.0,46.0
2,汐止,2021-09-25,48,5,2,nan,31.0,38,46.0,48.0
1,基隆,2021-09-25,64,2,2,nan,33.0,13,64.0,52.0
14,古亭,2021-09-26,48,8,2,,29,18,41,48
48,橋頭,2021-09-26,93,5,5,,37,23,93,64
80,關山,2021-09-26,34,5,1,,23,7,34,29
3,萬里,2021-09-26,48,2,2,,37,12,48,42
56,前金,2021-09-26,80,5,3,,29,28,80,54
15,松山,2021-09-26,44,2,2,,31,17,38,44
47,美濃,2021-09-26,64,5,2,,29,8,64,49
78,馬公,2021-09-26,74,2,2,,37,7,74,55
46,臺南,2021-09-26,87,5,3,,38,20,87,63
16,大同,2021-09-26,51,5,7,,38,40,,51
5,土城,2021-09-26,41,5,2,,27,13,40,41
77,金門,2021-09-26,101,12,2,,38,13,101,53
17,桃園,2021-09-26,45,10,2,,27,17,41,45
45,安南,2021-09-26,84,10,3,,40,22,84,57
18,大園,2021-09-26,39,5,2,,27,33,39,39
84,富貴角,2021-09-26,61,0,1,,30,2,61,41
6,板橋,2021-09-26,40,5,2,,29,20,40,
75,馬祖,2021-09-26,87,2,2,,23,8,87,46
2,汐止,2021-09-26,42,18,2,,28,18,35,42
44,善化,2021-09-26,74,2,2,,32,18,74,61
54,左營,2021-09-26,77,8,3,,35,25,77,56
43,新營,2021-09-26,90,8,3,,44,22,90,69
72,埔里,2021-09-26,64,2,3,,21,15,64,51
53,楠梓,2021-09-26,84,10,3,,35,17,84,57
7,新莊,2021-09-26,44,2,2,,32,15,42,44
19,觀音,2021-09-26,47,18,1,,32,18,41,47
8,菜寮,2021-09-26,47,5,2,,24,13,41,47
20,平鎮,2021-09-26,44,5,2,,26,17,44,44
58,小港,2021-09-26,56,18,2,,31,45,45,56
9,林口,2021-09-26,43,5,2,,25,13,43,41
1,基隆,2021-09-26,48,2,2,,29,8,42,48
21,龍潭,2021-09-26,44,5,2,,27,13,44,41
22,湖口,2021-09-26,47,5,2,,30,12,44,47
23,竹東,2021-09-26,47,2,2,,23,10,47,37
24,新竹,2021-09-26,50,5,2,,27,22,45,50
10,淡水,2021-09-26,38,2,3,,23,23,38,37
25,頭份,2021-09-26,45,5,2,,28,22,,45
52,林園,2021-09-26,60,8,2,,33,13,48,60
4,新店,2021-09-26,39,8,2,,26,15,38,39
26,苗栗,2021-09-26,49,12,2,,31,18,45,49
83,麥寮,2021-09-26,63,12,3,,48,17,,63
70,永和,2021-09-26,44,5,3,,28,18,,44
27,三義,2021-09-26,74,5,2,,33,15,74,55
28,豐原,2021-09-26,67,8,2,,34,15,67,59
69,竹山,2021-09-26,80,5,2,,35,17,80,62
11,士林,2021-09-26,44,8,1,,25,8,44,37
12,中山,2021-09-26,43,5,3,,28,23,35,43
29,沙鹿,2021-09-26,61,8,3,,39,25,61,58
51,大寮,2021-09-26,61,45,2,,34,20,46,61
30,大里,2021-09-26,93,5,3,,41,25,93,69
68,中壢,2021-09-26,44,5,8,,30,42,,44
50,鳳山,2021-09-26,67,10,6,,33,25,,67
31,忠明,2021-09-26,71,5,3,,38,38,71,64
59,屏東,2021-09-26,64,8,3,,32,13,64,56
67,三重,2021-09-26,48,5,10,,31,45,,48
32,西屯,2021-09-26,67,5,3,,45,27,58,67
85,大城,2021-09-26,74,5,2,,51,15,74,63
33,彰化,2021-09-26,64,10,2,,41,30,64,60
57,前鎮,2021-09-26,48,12,5,,33,32,,48
66,冬山,2021-09-26,37,2,2,,31,12,34,37
34,線西,2021-09-26,63,15,3,,56,27,,63
13,萬華,2021-09-26,45,5,2,,28,20,36,45
35,二林,2021-09-26,67,18,5,,56,25,67,
36,南投,2021-09-26,74,8,2,,36,25,74,63
37,斗六,2021-09-26,84,12,3,,47,17,84,70
38,崙背,2021-09-26,73,12,5,,51,30,67,73
65,宜蘭,2021-09-26,42,2,1,,23,10,38,42
39,新港,2021-09-26,70,15,3,,48,20,58,70
40,朴子,2021-09-26,84,8,3,,54,17,84,63
64,陽明,2021-09-26,45,2,1,,20,2,45,38
63,花蓮,2021-09-26,41,2,2,,23,12,41,31
49,仁武,2021-09-26,71,10,3,,31,18,71,60
62,臺東,2021-09-26,39,2,2,,30,10,39,39
41,臺西,2021-09-26,61,10,3,,47,18,,61
61,恆春,2021-09-26,42,2,1,,26,0,39,42
60,潮州,2021-09-26,61,5,2,,31,10,61,56
42,嘉義,2021-09-26,75,22,5,,44,23,64,75
71,復興,2021-09-26,54,10,5,,27,30,,54
22,湖口,2021-09-27,37,10,1,nan,22,27,29.0,37.0
20,平鎮,2021-09-27,37,8,3,nan,19,37,29.0,33.0
19,觀音,2021-09-27,37,20,1,nan,22,37,29.0,33.0
18,大園,2021-09-27,38,10,1,nan,20,38,24.0,29.0
17,桃園,2021-09-27,34,18,3,nan,20,30,26.0,34.0
16,大同,2021-09-27,40,5,9,nan,30,40,nan,40.0
15,松山,2021-09-27,30,5,2,nan,21,28,23.0,30.0
14,古亭,2021-09-27,29,8,2,nan,17,27,22.0,29.0
13,萬華,2021-09-27,31,8,2,nan,18,28,21.0,31.0
12,中山,2021-09-27,33,5,5,nan,18,33,19.0,31.0
11,士林,2021-09-27,26,5,1,nan,17,15,26.0,23.0
80,關山,2021-09-27,22,2,1,nan,16,5,22.0,19.0
78,馬公,2021-09-27,45,0,1,nan,30,3,41.0,45.0
77,金門,2021-09-27,55,15,2,nan,38,18,50.0,55.0
75,馬祖,2021-09-27,71,8,2,nan,22,10,71.0,49.0
85,大城,2021-09-27,54,18,3,nan,37,30,41.0,54.0
72,埔里,2021-09-27,97,5,3,nan,28,17,97.0,58.0
71,復興,2021-09-27,67,22,6,nan,38,32,nan,67.0
70,永和,2021-09-27,31,10,5,nan,19,28,nan,31.0
10,淡水,2021-09-27,27,2,3,nan,15,27,25.0,25.0
69,竹山,2021-09-27,115,12,2,nan,39,22,115.0,69.0
68,中壢,2021-09-27,51,10,10,nan,24,51,nan,34.0
67,三重,2021-09-27,47,2,11,nan,26,47,nan,34.0
66,冬山,2021-09-27,20,2,1,nan,20,15,19.0,20.0
84,富貴角,2021-09-27,38,0,1,nan,27,2,38.0,25.0
65,宜蘭,2021-09-27,31,2,2,nan,16,12,29.0,31.0
64,陽明,2021-09-27,28,2,1,nan,10,2,28.0,18.0
83,麥寮,2021-09-27,54,15,5,nan,38,33,nan,54.0
63,花蓮,2021-09-27,24,2,2,nan,15,12,23.0,24.0
62,臺東,2021-09-27,24,5,1,nan,24,10,23.0,24.0
61,恆春,2021-09-27,25,0,1,nan,13,2,25.0,23.0
60,潮州,2021-09-27,90,12,3,nan,34,20,90.0,63.0
59,屏東,2021-09-27,84,10,5,nan,40,27,84.0,66.0
58,小港,2021-09-27,66,10,3,nan,42,40,45.0,66.0
57,前鎮,2021-09-27,63,18,6,nan,42,33,nan,63.0
56,前金,2021-09-27,66,10,3,nan,38,23,58.0,66.0
54,左營,2021-09-27,62,8,3,nan,44,27,61.0,62.0
53,楠梓,2021-09-27,64,8,3,nan,42,28,64.0,63.0
52,林園,2021-09-27,65,10,2,nan,42,35,64.0,65.0
51,大寮,2021-09-27,71,15,3,nan,43,28,64.0,71.0
50,鳳山,2021-09-27,72,10,8,nan,39,43,nan,72.0
49,仁武,2021-09-27,69,20,3,nan,40,33,54.0,69.0
48,橋頭,2021-09-27,71,8,5,nan,44,35,54.0,71.0
47,美濃,2021-09-27,93,5,3,nan,37,17,93.0,65.0
46,臺南,2021-09-27,67,5,5,nan,46,23,49.0,67.0
45,安南,2021-09-27,64,10,5,nan,46,38,49.0,64.0
44,善化,2021-09-27,67,5,3,nan,37,22,67.0,63.0
43,新營,2021-09-27,77,10,5,nan,49,28,77.0,72.0
42,嘉義,2021-09-27,69,18,3,nan,45,40,61.0,69.0
41,臺西,2021-09-27,49,18,5,nan,34,30,nan,49.0
40,朴子,2021-09-27,56,12,5,nan,46,25,49.0,56.0
9,林口,2021-09-27,29,10,2,nan,18,23,22.0,29.0
8,菜寮,2021-09-27,31,2,2,nan,16,20,25.0,31.0
39,新港,2021-09-27,65,10,3,nan,42,25,48.0,65.0
38,崙背,2021-09-27,66,8,3,nan,42,35,44.0,66.0
7,新莊,2021-09-27,28,2,2,nan,24,18,26.0,28.0
37,斗六,2021-09-27,87,12,3,nan,47,27,87.0,67.0
6,板橋,2021-09-27,35,5,3,nan,18,35,23.0,nan
36,南投,2021-09-27,100,12,3,nan,36,32,100.0,65.0
35,二林,2021-09-27,62,10,3,nan,48,23,47.0,62.0
5,土城,2021-09-27,28,10,2,nan,18,27,26.0,28.0
34,線西,2021-09-27,48,15,2,nan,43,25,nan,48.0
33,彰化,2021-09-27,56,20,3,nan,34,30,47.0,56.0
4,新店,2021-09-27,27,8,2,nan,17,27,25.0,24.0
32,西屯,2021-09-27,60,15,3,nan,38,37,48.0,60.0
31,忠明,2021-09-27,62,8,5,nan,34,38,54.0,62.0
30,大里,2021-09-27,97,10,3,nan,39,33,97.0,65.0
3,萬里,2021-09-27,32,0,1,nan,32,20,31.0,27.0
29,沙鹿,2021-09-27,52,10,3,nan,34,33,44.0,52.0
2,汐止,2021-09-27,32,28,1,nan,18,32,20.0,28.0
28,豐原,2021-09-27,77,5,3,nan,33,20,77.0,58.0
27,三義,2021-09-27,64,5,2,nan,25,17,64.0,45.0
1,基隆,2021-09-27,31,0,2,nan,19,18,31.0,30.0
26,苗栗,2021-09-27,40,8,2,nan,25,27,32.0,40.0
25,頭份,2021-09-27,37,8,2,nan,23,32,nan,37.0
24,新竹,2021-09-27,36,5,2,nan,21,32,31.0,36.0
23,竹東,2021-09-27,39,2,2,nan,19,20,39.0,31.0
21,龍潭,2021-09-27,30,5,2,nan,17,28,30.0,25.0
35,二林,2021-09-28,90,12,5,nan,57,23,90.0,73
34,線西,2021-09-28,58,12,3,nan,51,28,nan,58
33,彰化,2021-09-28,80,10,3,nan,37,30,80.0,57
32,西屯,2021-09-28,63,8,3,nan,39,45,61.0,63
31,忠明,2021-09-28,67,10,3,nan,33,37,67.0,60
30,大里,2021-09-28,87,8,3,nan,41,38,87.0,67
29,沙鹿,2021-09-28,54,5,3,nan,36,30,54.0,52
28,豐原,2021-09-28,71,5,3,nan,33,22,71.0,58
27,三義,2021-09-28,51,5,2,nan,26,18,51.0,47
26,苗栗,2021-09-28,40,15,2,nan,26,27,35.0,40
25,頭份,2021-09-28,48,10,3,nan,26,48,nan,43
24,新竹,2021-09-28,41,10,3,nan,23,38,34.0,41
23,竹東,2021-09-28,42,8,2,nan,19,22,42.0,33
22,湖口,2021-09-28,38,8,2,nan,24,28,32.0,38
21,龍潭,2021-09-28,42,10,2,nan,21,37,42.0,34
20,平鎮,2021-09-28,36,10,5,nan,22,35,30.0,36
19,觀音,2021-09-28,44,25,1,nan,29,30,32.0,44
18,大園,2021-09-28,40,12,2,nan,26,40,30.0,35
17,桃園,2021-09-28,40,28,5,nan,22,33,31.0,40
16,大同,2021-09-28,50,10,12,nan,39,50,nan,50
15,松山,2021-09-28,35,5,2,nan,24,32,20.0,35
14,古亭,2021-09-28,34,5,2,nan,20,28,27.0,34
13,萬華,2021-09-28,35,8,3,nan,21,33,26.0,35
12,中山,2021-09-28,40,5,5,nan,25,38,22.0,40
11,士林,2021-09-28,34,8,2,nan,23,25,30.0,34
10,淡水,2021-09-28,33,2,3,nan,20,25,30.0,33
9,林口,2021-09-28,32,8,3,nan,25,30,24.0,32
8,菜寮,2021-09-28,32,8,3,nan,19,25,29.0,32
7,新莊,2021-09-28,35,5,2,nan,26,23,30.0,35
6,板橋,2021-09-28,40,10,3,nan,20,40,29.0,37
5,土城,2021-09-28,33,12,3,nan,20,33,31.0,33
4,新店,2021-09-28,33,10,3,nan,20,33,29.0,32
3,萬里,2021-09-28,39,0,2,nan,39,20,34.0,36
2,汐止,2021-09-28,42,10,2,nan,23,42,28.0,35
1,基隆,2021-09-28,40,0,3,nan,23,23,35.0,40
69,竹山,2021-09-28,122,8,2,nan,39,28,122.0,76
70,永和,2021-09-28,39,8,6,nan,23,32,nan,39
71,復興,2021-09-28,42,28,3,nan,21,27,nan,42
68,中壢,2021-09-28,54,10,11,nan,28,54,nan,40
72,埔里,2021-09-28,100,2,3,nan,33,13,100.0,66
67,三重,2021-09-28,48,5,11,nan,28,48,nan,42
66,冬山,2021-09-28,33,5,2,nan,25,13,28.0,33
75,馬祖,2021-09-28,55,5,2,nan,26,17,46.0,55
65,宜蘭,2021-09-28,34,2,2,nan,19,13,28.0,34
77,金門,2021-09-28,61,22,2,nan,43,37,61.0,59
64,陽明,2021-09-28,42,0,1,nan,12,2,42.0,24
63,花蓮,2021-09-28,33,2,2,nan,20,10,33.0,30
78,馬公,2021-09-28,41,2,1,nan,25,5,41.0,39
62,臺東,2021-09-28,28,2,1,nan,25,8,27.0,28
80,關山,2021-09-28,26,2,1,nan,17,7,26.0,17
83,麥寮,2021-09-28,54,18,3,nan,36,35,nan,54
61,恆春,2021-09-28,25,2,1,nan,13,2,25.0,18
84,富貴角,2021-09-28,43,0,1,nan,43,3,41.0,34
60,潮州,2021-09-28,51,18,2,nan,29,15,43.0,51
85,大城,2021-09-28,71,12,2,nan,41,30,71.0,56
59,屏東,2021-09-28,74,10,5,nan,38,33,74.0,60
58,小港,2021-09-28,64,64,3,nan,29,42,41.0,51
57,前鎮,2021-09-28,38,25,3,nan,27,30,nan,38
56,前金,2021-09-28,51,2,1,nan,26,23,51.0,44
54,左營,2021-09-28,51,8,3,nan,31,42,51.0,46
53,楠梓,2021-09-28,47,8,3,nan,32,35,43.0,47
52,林園,2021-09-28,54,8,2,nan,28,15,48.0,54
51,大寮,2021-09-28,54,18,2,nan,30,27,37.0,54
50,鳳山,2021-09-28,57,10,7,nan,30,37,nan,57
49,仁武,2021-09-28,52,10,3,nan,29,32,47.0,52
48,橋頭,2021-09-28,55,8,3,nan,35,30,49.0,55
47,美濃,2021-09-28,101,5,2,nan,35,13,101.0,64
46,臺南,2021-09-28,67,8,3,nan,40,27,67.0,61
45,安南,2021-09-28,74,8,5,nan,38,32,74.0,58
44,善化,2021-09-28,77,12,2,nan,36,33,77.0,57
43,新營,2021-09-28,112,10,3,nan,46,25,112.0,68
42,嘉義,2021-09-28,90,18,5,nan,46,35,90.0,70
41,臺西,2021-09-28,48,20,3,nan,37,30,nan,48
40,朴子,2021-09-28,97,10,3,nan,44,25,97.0,57
39,新港,2021-09-28,87,15,3,nan,44,25,87.0,65
38,崙背,2021-09-28,90,10,3,nan,41,43,90.0,65
37,斗六,2021-09-28,101,10,3,nan,49,27,101.0,71
36,南投,2021-09-28,97,5,3,nan,38,37,97.0,66
3,萬里,2021-09-29,41,2,1,nan,38,10,41.0,37
2,汐止,2021-09-29,40,12,3,nan,23,40,31.0,37
60,潮州,2021-09-29,100,18,2,nan,35,17,100.0,58
48,橋頭,2021-09-29,115,5,3,nan,42,28,115.0,68
61,恆春,2021-09-29,36,5,1,nan,23,2,36.0,34
49,仁武,2021-09-29,108,5,3,nan,39,25,108.0,67
69,竹山,2021-09-29,150,8,3,nan,39,30,150.0,79
62,臺東,2021-09-29,42,2,2,nan,33,10,35.0,42
47,美濃,2021-09-29,101,2,3,nan,36,13,101.0,61
70,永和,2021-09-29,57,8,10,nan,26,57,nan,45
50,鳳山,2021-09-29,75,5,8,nan,36,43,nan,75
46,臺南,2021-09-29,129,5,3,nan,44,28,129.0,67
80,關山,2021-09-29,31,2,1,nan,24,8,31.0,30
51,大寮,2021-09-29,67,22,3,nan,39,37,67.0,66
71,復興,2021-09-29,69,8,5,nan,37,32,nan,69
63,花蓮,2021-09-29,37,0,1,nan,20,12,37.0,28
85,大城,2021-09-29,101,8,2,nan,38,27,101.0,59
52,林園,2021-09-29,104,10,2,nan,35,18,104.0,67
64,陽明,2021-09-29,43,2,1,nan,9,7,43.0,21
53,楠梓,2021-09-29,112,5,3,nan,41,25,112.0,64
65,宜蘭,2021-09-29,41,5,2,nan,21,13,41.0,38
72,埔里,2021-09-29,90,2,3,nan,29,18,90.0,66
66,冬山,2021-09-29,35,8,2,nan,25,13,35.0,35
67,三重,2021-09-29,57,25,11,nan,27,57,nan,45
54,左營,2021-09-29,136,8,2,nan,36,32,136.0,64
75,馬祖,2021-09-29,90,5,2,nan,31,8,90.0,63
56,前金,2021-09-29,140,5,2,nan,34,18,140.0,60
83,麥寮,2021-09-29,63,8,3,nan,44,28,nan,63
68,中壢,2021-09-29,58,12,11,nan,33,58,nan,52
57,前鎮,2021-09-29,59,8,5,nan,38,28,nan,59
77,金門,2021-09-29,112,22,3,nan,44,32,112.0,65
58,小港,2021-09-29,84,8,2,nan,39,33,84.0,65
1,基隆,2021-09-29,39,15,3,nan,22,33,36.0,39
78,馬公,2021-09-29,49,2,2,nan,28,22,49.0,35
59,屏東,2021-09-29,122,5,5,nan,44,30,122.0,71
84,富貴角,2021-09-29,47,2,1,nan,41,3,47.0,35
45,安南,2021-09-29,129,8,5,nan,50,33,129.0,73
44,善化,2021-09-29,108,5,3,nan,42,28,108.0,69
43,新營,2021-09-29,143,8,3,nan,48,27,143.0,78
42,嘉義,2021-09-29,108,15,5,nan,46,33,108.0,76
41,臺西,2021-09-29,63,12,3,nan,43,22,nan,63
40,朴子,2021-09-29,112,8,3,nan,52,18,112.0,72
39,新港,2021-09-29,80,10,3,nan,45,23,80.0,72
38,崙背,2021-09-29,93,8,3,nan,48,28,93.0,75
37,斗六,2021-09-29,129,18,6,nan,50,38,129.0,78
36,南投,2021-09-29,115,8,5,nan,42,38,115.0,78
35,二林,2021-09-29,108,12,3,nan,55,25,108.0,78
34,線西,2021-09-29,63,22,3,nan,53,35,nan,63
33,彰化,2021-09-29,104,18,5,nan,41,38,104.0,67
32,西屯,2021-09-29,93,5,3,nan,40,58,93.0,67
31,忠明,2021-09-29,100,8,5,nan,38,52,100.0,70
30,大里,2021-09-29,126,8,5,nan,44,50,126.0,73
29,沙鹿,2021-09-29,93,5,3,nan,40,47,93.0,60
28,豐原,2021-09-29,90,8,2,nan,33,22,90.0,62
27,三義,2021-09-29,97,5,2,nan,27,20,97.0,51
26,苗栗,2021-09-29,51,10,3,nan,27,30,51.0,47
25,頭份,2021-09-29,47,10,3,nan,27,42,nan,47
24,新竹,2021-09-29,54,5,3,nan,27,54,47.0,49
23,竹東,2021-09-29,74,2,2,nan,22,27,74.0,38
22,湖口,2021-09-29,52,8,2,nan,28,42,50.0,52
21,龍潭,2021-09-29,84,8,5,nan,27,48,84.0,46
20,平鎮,2021-09-29,52,10,5,nan,26,52,50.0,51
19,觀音,2021-09-29,47,12,2,nan,26,47,42.0,44
18,大園,2021-09-29,55,12,3,nan,32,55,37.0,40
17,桃園,2021-09-29,58,53,6,nan,28,45,58.0,50
16,大同,2021-09-29,55,18,16,nan,36,55,nan,51
15,松山,2021-09-29,43,10,3,nan,26,42,31.0,43
14,古亭,2021-09-29,47,8,3,nan,21,37,47.0,44
13,萬華,2021-09-29,48,12,5,nan,22,48,40.0,41
12,中山,2021-09-29,41,10,5,nan,24,40,37.0,41
11,士林,2021-09-29,40,10,2,nan,25,30,40.0,36
10,淡水,2021-09-29,35,5,5,nan,20,27,35.0,32
9,林口,2021-09-29,43,8,3,nan,23,43,38.0,39
8,菜寮,2021-09-29,47,28,3,nan,22,47,41.0,38
7,新莊,2021-09-29,49,5,3,nan,25,38,49.0,46
6,板橋,2021-09-29,67,8,5,nan,23,48,67.0,40
5,土城,2021-09-29,93,8,3,nan,25,40,93.0,39
4,新店,2021-09-29,64,10,3,nan,22,37,64.0,39
1,基隆,2021-09-30,43,10,2,nan,22,25,37.0,43
2,汐止,2021-09-30,47,8,3,nan,23,47,34.0,44
3,萬里,2021-09-30,44,2,2,nan,44,10,44.0,41
4,新店,2021-09-30,87,8,3,nan,22,30,87.0,39
5,土城,2021-09-30,100,10,5,nan,28,50,100.0,47
6,板橋,2021-09-30,90,12,5,nan,24,42,90.0,43
7,新莊,2021-09-30,54,20,5,nan,28,38,54.0,47
8,菜寮,2021-09-30,51,10,6,nan,22,51,45.0,47
9,林口,2021-09-30,55,12,5,nan,24,55,44.0,49
10,淡水,2021-09-30,40,5,3,nan,21,40,37.0,38
11,士林,2021-09-30,43,10,3,nan,24,38,43.0,42
12,中山,2021-09-30,50,5,6,nan,25,50,44.0,49
13,萬華,2021-09-30,48,5,6,nan,25,47,48.0,45
14,古亭,2021-09-30,61,5,5,nan,21,40,61.0,42
15,松山,2021-09-30,45,5,5,nan,26,45,40.0,45
16,大同,2021-09-30,64,8,20,nan,35,64,nan,54
17,桃園,2021-09-30,64,50,5,nan,26,47,64.0,52
18,大園,2021-09-30,52,15,5,nan,36,52,37.0,50
19,觀音,2021-09-30,56,18,3,nan,29,51,44.0,56
20,平鎮,2021-09-30,58,10,5,nan,25,48,58.0,56
21,龍潭,2021-09-30,97,8,3,nan,28,38,97.0,52
22,湖口,2021-09-30,64,5,3,nan,30,47,64.0,61
23,竹東,2021-09-30,122,5,3,nan,26,28,122.0,48
24,新竹,2021-09-30,80,8,5,nan,28,47,80.0,55
25,頭份,2021-09-30,57,10,3,nan,31,45,nan,57
26,苗栗,2021-09-30,132,10,3,nan,34,27,132.0,65
27,三義,2021-09-30,169,22,5,nan,38,20,169.0,71
28,豐原,2021-09-30,174,10,5,nan,48,32,174.0,93
29,沙鹿,2021-09-30,172,35,7,nan,54,42,172.0,89
30,大里,2021-09-30,192,38,8,104.0,57,42,192.0,104
31,忠明,2021-09-30,187,30,6,nan,49,47,187.0,92
32,西屯,2021-09-30,172,32,6,nan,54,43,172.0,94
33,彰化,2021-09-30,156,32,5,nan,50,42,156.0,87
34,線西,2021-09-30,83,25,6,nan,65,42,nan,83
35,二林,2021-09-30,122,5,3,nan,59,28,122.0,95
36,南投,2021-09-30,161,18,7,nan,49,38,161.0,101
37,斗六,2021-09-30,143,10,5,nan,56,27,143.0,99
38,崙背,2021-09-30,118,8,3,nan,59,42,118.0,103
39,新港,2021-09-30,126,12,5,nan,58,22,126.0,102
40,朴子,2021-09-30,86,8,3,nan,55,23,74.0,86
41,臺西,2021-09-30,67,8,2,nan,38,17,nan,67
42,嘉義,2021-09-30,136,10,3,nan,52,27,136.0,101
43,新營,2021-09-30,115,2,3,nan,49,22,115.0,84
44,善化,2021-09-30,97,5,3,nan,40,32,97.0,78
45,安南,2021-09-30,90,5,5,nan,44,38,90.0,73
46,臺南,2021-09-30,90,5,3,nan,42,20,90.0,71
47,美濃,2021-09-30,97,5,3,nan,39,18,97.0,73
48,橋頭,2021-09-30,84,5,5,nan,46,30,84.0,84
49,仁武,2021-09-30,87,8,3,nan,38,35,87.0,74
50,鳳山,2021-09-30,80,10,8,nan,38,33,nan,80
51,大寮,2021-09-30,126,8,3,nan,43,30,126.0,79
52,林園,2021-09-30,87,8,2,nan,39,18,87.0,72
53,楠梓,2021-09-30,97,8,3,nan,46,20,97.0,75
54,左營,2021-09-30,80,18,3,nan,38,23,80.0,67
56,前金,2021-09-30,87,8,2,nan,33,23,87.0,67
57,前鎮,2021-09-30,61,35,3,nan,37,23,nan,61
58,小港,2021-09-30,65,38,3,nan,37,30,58.0,65
59,屏東,2021-09-30,115,8,3,nan,46,23,115.0,75
60,潮州,2021-09-30,143,12,2,nan,39,15,143.0,74
61,恆春,2021-09-30,46,8,2,nan,27,5,46.0,45
62,臺東,2021-09-30,37,2,2,nan,30,10,33.0,37
63,花蓮,2021-09-30,44,2,2,nan,22,17,44.0,36
64,陽明,2021-09-30,41,2,1,nan,13,5,41.0,29
65,宜蘭,2021-09-30,44,12,2,nan,19,10,44.0,31
66,冬山,2021-09-30,37,15,5,nan,26,25,37.0,32
67,三重,2021-09-30,67,8,11,nan,26,67,nan,53
68,中壢,2021-09-30,60,8,11,nan,32,60,nan,54
69,竹山,2021-09-30,156,10,3,nan,48,20,156.0,99
70,永和,2021-09-30,55,8,10,nan,23,55,nan,47
71,復興,2021-09-30,71,40,5,nan,41,27,nan,71
72,埔里,2021-09-30,151,15,7,nan,42,23,151.0,91
75,馬祖,2021-09-30,51,2,1,nan,25,18,51.0,49
77,金門,2021-09-30,115,10,3,nan,39,27,115.0,69
78,馬公,2021-09-30,48,2,1,nan,18,10,48.0,34
80,關山,2021-09-30,32,2,1,nan,23,7,32.0,31
83,麥寮,2021-09-30,80,8,2,nan,47,20,nan,80
84,富貴角,2021-09-30,80,8,2,nan,37,20,80.0,39
85,大城,2021-09-30,166,8,2,nan,41,22,166.0,75
