siteid,sitename,monitordate,aqi,so2subindex,cosubindex,o3subindex,pm10subindex,no2subindex,o38subindex,pm25subindex
1,基隆,2019-12-01,53,4,3.0,nan,31,20,47.0,53
84,富貴角,2019-12-01,54,3,2.0,nan,42,12,51.0,54
83,麥寮,2019-12-01,63,6,nan,nan,43,8,nan,63
80,關山,2019-12-01,26,3,nan,nan,5,6,26.0,18
78,馬公,2019-12-01,50,3,2.0,nan,22,8,50.0,36
77,金門,2019-12-01,89,10,6.0,nan,55,35,48.0,89
75,馬祖,2019-12-01,40,6,3.0,nan,23,15,35.0,40
72,埔里,2019-12-01,65,6,5.0,nan,28,25,45.0,65
71,復興,2019-12-01,82,7,7.0,nan,47,31,nan,82
70,永和,2019-12-01,53,4,11.0,nan,23,33,nan,53
69,竹山,2019-12-01,76,6,5.0,nan,43,21,50.0,76
68,中壢,2019-12-01,66,4,11.0,nan,37,34,nan,66
67,三重,2019-12-01,73,11,15.0,nan,40,46,nan,73
66,冬山,2019-12-01,31,6,2.0,nan,22,15,31.0,22
65,宜蘭,2019-12-01,37,3,5.0,nan,17,12,37.0,21
64,陽明,2019-12-01,41,3,2.0,nan,11,8,41.0,25
63,花蓮,2019-12-01,34,3,3.0,nan,12,14,34.0,15
62,臺東,2019-12-01,34,1,2.0,nan,10,8,34.0,13
61,恆春,2019-12-01,38,1,1.0,nan,14,2,38.0,18
60,潮州,2019-12-01,100,4,5.0,nan,44,12,100.0,76
59,屏東,2019-12-01,93,16,9.0,nan,53,32,93.0,86
58,小港,2019-12-01,81,7,5.0,nan,46,32,77.0,81
57,前鎮,2019-12-01,81,6,nan,nan,46,27,nan,81
56,前金,2019-12-01,104,6,5.0,nan,48,18,104.0,85
54,左營,2019-12-01,87,6,5.0,nan,47,17,87.0,84
53,楠梓,2019-12-01,82,3,5.0,nan,47,17,77.0,82
52,林園,2019-12-01,108,19,5.0,nan,53,20,108.0,83
51,大寮,2019-12-01,112,7,5.0,nan,47,22,112.0,88
50,鳳山,2019-12-01,74,7,7.0,nan,45,26,nan,74
49,仁武,2019-12-01,90,10,5.0,nan,48,26,90.0,83
48,橋頭,2019-12-01,81,4,5.0,nan,50,17,64.0,81
47,美濃,2019-12-01,76,4,6.0,nan,43,15,64.0,76
46,臺南,2019-12-01,77,6,5.0,nan,44,16,49.0,77
45,安南,2019-12-01,76,4,3.0,nan,44,14,61.0,76
44,善化,2019-12-01,78,6,3.0,nan,49,12,54.0,78
43,新營,2019-12-01,74,4,3.0,nan,40,15,49.0,74
42,嘉義,2019-12-01,75,4,5.0,nan,44,18,49.0,75
41,臺西,2019-12-01,61,11,nan,nan,35,19,nan,61
40,朴子,2019-12-01,64,6,3.0,nan,44,11,50.0,64
39,新港,2019-12-01,70,6,3.0,nan,47,10,51.0,70
38,崙背,2019-12-01,69,4,3.0,nan,44,10,51.0,69
37,斗六,2019-12-01,85,6,5.0,nan,48,15,61.0,85
36,南投,2019-12-01,67,4,5.0,nan,40,23,44.0,67
35,二林,2019-12-01,70,6,3.0,nan,43,11,46.0,70
34,線西,2019-12-01,57,9,nan,nan,40,13,nan,57
33,彰化,2019-12-01,65,11,5.0,nan,37,18,45.0,65
32,西屯,2019-12-01,63,7,3.0,nan,35,14,50.0,63
31,忠明,2019-12-01,72,7,3.0,nan,36,18,46.0,72
30,大里,2019-12-01,62,4,5.0,nan,36,22,47.0,62
29,沙鹿,2019-12-01,67,6,3.0,nan,37,15,58.0,67
28,豐原,2019-12-01,69,10,3.0,nan,34,15,45.0,69
27,三義,2019-12-01,63,4,3.0,nan,29,10,47.0,63
26,苗栗,2019-12-01,73,7,5.0,nan,36,17,39.0,73
25,頭份,2019-12-01,62,11,nan,nan,37,22,nan,62
24,新竹,2019-12-01,59,4,3.0,nan,34,15,51.0,59
23,竹東,2019-12-01,58,4,3.0,nan,29,12,51.0,58
22,湖口,2019-12-01,62,4,3.0,nan,32,13,58.0,62
21,龍潭,2019-12-01,64,4,5.0,nan,30,20,54.0,64
20,平鎮,2019-12-01,62,4,5.0,nan,37,21,48.0,62
19,觀音,2019-12-01,58,10,3.0,nan,35,14,51.0,58
18,大園,2019-12-01,68,7,3.0,nan,37,14,58.0,68
17,桃園,2019-12-01,67,10,6.0,nan,34,16,44.0,67
16,大同,2019-12-01,73,10,17.0,nan,37,49,nan,73
15,松山,2019-12-01,58,6,7.0,nan,31,32,48.0,58
14,古亭,2019-12-01,53,3,5.0,nan,25,29,50.0,53
13,萬華,2019-12-01,60,7,7.0,nan,31,34,45.0,60
12,中山,2019-12-01,63,10,8.0,nan,31,37,38.0,63
11,士林,2019-12-01,55,6,6.0,nan,31,33,49.0,55
10,淡水,2019-12-01,57,4,7.0,nan,28,24,47.0,57
9,林口,2019-12-01,64,6,3.0,nan,33,30,61.0,64
8,菜寮,2019-12-01,66,11,8.0,nan,31,31,44.0,66
7,新莊,2019-12-01,60,7,7.0,nan,32,29,54.0,60
6,板橋,2019-12-01,56,6,6.0,nan,29,25,47.0,56
5,土城,2019-12-01,58,4,6.0,nan,28,33,58.0,53
4,新店,2019-12-01,54,3,5.0,nan,22,19,54.0,47
3,萬里,2019-12-01,61,6,3.0,nan,37,9,61.0,46
2,汐止,2019-12-01,56,4,6.0,nan,29,23,49.0,56
68,中壢,2019-12-02,57,4,9.0,nan,33,32,nan,57
2,汐止,2019-12-02,57,4,6.0,nan,33,14,42.0,57
3,萬里,2019-12-02,69,4,5.0,nan,61,7,49.0,69
4,新店,2019-12-02,57,3,7.0,nan,31,17,35.0,57
5,土城,2019-12-02,48,3,7.0,nan,31,22,39.0,48
6,板橋,2019-12-02,55,20,7.0,nan,30,24,35.0,55
7,新莊,2019-12-02,61,3,6.0,nan,36,18,38.0,61
8,菜寮,2019-12-02,56,3,7.0,nan,27,17,36.0,56
9,林口,2019-12-02,58,3,6.0,nan,34,17,43.0,58
10,淡水,2019-12-02,57,4,5.0,nan,30,8,43.0,57
11,士林,2019-12-02,43,3,6.0,nan,26,10,43.0,36
12,中山,2019-12-02,54,3,8.0,nan,28,25,32.0,54
13,萬華,2019-12-02,54,3,7.0,nan,28,24,31.0,54
14,古亭,2019-12-02,57,1,7.0,nan,30,18,36.0,57
15,松山,2019-12-02,60,3,6.0,nan,31,15,37.0,60
16,大同,2019-12-02,58,4,12.0,nan,33,40,nan,58
17,桃園,2019-12-02,61,7,7.0,nan,31,15,35.0,61
18,大園,2019-12-02,59,7,5.0,nan,33,12,44.0,59
19,觀音,2019-12-02,57,9,5.0,nan,35,12,44.0,57
20,平鎮,2019-12-02,56,4,7.0,nan,33,20,36.0,56
21,龍潭,2019-12-02,61,7,7.0,nan,27,21,38.0,61
22,湖口,2019-12-02,56,3,6.0,nan,30,11,43.0,56
23,竹東,2019-12-02,54,4,6.0,nan,30,11,39.0,54
24,新竹,2019-12-02,54,6,6.0,nan,34,13,39.0,54
25,頭份,2019-12-02,54,3,nan,nan,29,13,nan,54
26,苗栗,2019-12-02,58,4,6.0,nan,33,12,36.0,58
27,三義,2019-12-02,49,3,6.0,nan,25,9,38.0,49
28,豐原,2019-12-02,49,1,5.0,nan,28,10,33.0,49
29,沙鹿,2019-12-02,54,4,5.0,nan,38,11,39.0,54
30,大里,2019-12-02,44,4,7.0,nan,31,19,28.0,44
31,忠明,2019-12-02,57,4,6.0,nan,36,14,34.0,57
32,西屯,2019-12-02,49,19,6.0,nan,38,10,37.0,49
33,彰化,2019-12-02,48,4,6.0,nan,39,14,34.0,48
34,線西,2019-12-02,54,4,nan,nan,48,12,nan,54
35,二林,2019-12-02,53,4,6.0,nan,52,10,35.0,53
36,南投,2019-12-02,60,4,7.0,nan,41,23,26.0,60
37,斗六,2019-12-02,67,4,6.0,nan,66,25,34.0,67
38,崙背,2019-12-02,115,6,6.0,nan,115,12,35.0,72
39,新港,2019-12-02,73,4,6.0,nan,73,11,34.0,58
40,朴子,2019-12-02,95,4,6.0,nan,95,12,34.0,65
41,臺西,2019-12-02,70,4,nan,nan,70,6,nan,66
42,嘉義,2019-12-02,63,3,7.0,nan,55,20,33.0,63
43,新營,2019-12-02,71,4,6.0,nan,71,14,36.0,65
44,善化,2019-12-02,79,4,6.0,nan,79,13,40.0,69
45,安南,2019-12-02,80,4,6.0,nan,80,15,39.0,71
46,臺南,2019-12-02,77,4,7.0,nan,77,16,36.0,71
47,美濃,2019-12-02,76,3,6.0,nan,53,14,48.0,76
48,橋頭,2019-12-02,70,4,7.0,nan,68,19,41.0,70
49,仁武,2019-12-02,75,6,6.0,nan,68,24,42.0,75
50,鳳山,2019-12-02,72,7,8.0,nan,66,27,nan,72
51,大寮,2019-12-02,87,4,7.0,nan,64,23,48.0,87
52,林園,2019-12-02,84,13,8.0,nan,71,30,54.0,84
53,楠梓,2019-12-02,72,3,6.0,nan,68,19,43.0,72
54,左營,2019-12-02,73,4,7.0,nan,66,19,43.0,73
56,前金,2019-12-02,72,6,7.0,nan,71,18,44.0,72
57,前鎮,2019-12-02,72,4,nan,nan,69,25,nan,72
58,小港,2019-12-02,78,3,7.0,nan,67,25,44.0,78
59,屏東,2019-12-02,80,4,6.0,nan,60,16,61.0,80
60,潮州,2019-12-02,91,6,6.0,nan,64,20,90.0,91
61,恆春,2019-12-02,44,1,3.0,nan,21,2,44.0,38
62,臺東,2019-12-02,37,1,6.0,nan,24,10,37.0,31
63,花蓮,2019-12-02,39,3,6.0,nan,26,9,39.0,38
64,陽明,2019-12-02,44,3,5.0,nan,15,7,44.0,29
65,宜蘭,2019-12-02,48,3,6.0,nan,24,8,39.0,48
66,冬山,2019-12-02,50,3,6.0,nan,31,18,38.0,50
67,三重,2019-12-02,61,4,16.0,nan,35,46,nan,61
69,竹山,2019-12-02,67,4,5.0,nan,40,17,39.0,67
70,永和,2019-12-02,54,3,10.0,nan,25,29,nan,54
71,復興,2019-12-02,74,4,9.0,nan,64,25,nan,74
72,埔里,2019-12-02,44,6,6.0,nan,21,20,44.0,39
75,馬祖,2019-12-02,52,3,5.0,nan,31,11,51.0,52
77,金門,2019-12-02,56,4,6.0,nan,46,9,44.0,56
78,馬公,2019-12-02,49,3,5.0,nan,32,7,49.0,47
80,關山,2019-12-02,30,3,nan,nan,13,8,30.0,27
83,麥寮,2019-12-02,74,6,nan,nan,74,10,nan,58
84,富貴角,2019-12-02,68,1,5.0,nan,56,8,48.0,68
1,基隆,2019-12-02,56,4,5.0,nan,38,8,45.0,56
3,萬里,2019-12-03,62,3,3.0,nan,62.0,3,48.0,61
84,富貴角,2019-12-03,59,1,3.0,nan,46.0,4,47.0,59
83,麥寮,2019-12-03,64,9,nan,nan,53.0,19,nan,64
80,關山,2019-12-03,49,3,nan,nan,32.0,6,39.0,49
78,馬公,2019-12-03,61,3,3.0,nan,44.0,4,51.0,61
77,金門,2019-12-03,96,6,5.0,nan,66.0,10,74.0,96
75,馬祖,2019-12-03,114,4,5.0,nan,57.0,6,100.0,114
72,埔里,2019-12-03,64,6,6.0,nan,34.0,17,64.0,60
71,復興,2019-12-03,85,7,11.0,nan,58.0,35,nan,85
70,永和,2019-12-03,53,4,6.0,nan,28.0,19,nan,53
69,竹山,2019-12-03,84,4,6.0,nan,49.0,25,51.0,84
68,中壢,2019-12-03,58,7,10.0,nan,39.0,32,nan,58
67,三重,2019-12-03,63,4,15.0,nan,45.0,43,nan,63
66,冬山,2019-12-03,52,4,3.0,nan,40.0,15,35.0,52
65,宜蘭,2019-12-03,55,3,3.0,nan,36.0,12,34.0,55
64,陽明,2019-12-03,48,4,3.0,nan,29.0,2,42.0,48
63,花蓮,2019-12-03,46,3,5.0,nan,31.0,20,39.0,46
62,臺東,2019-12-03,45,3,3.0,nan,33.0,9,43.0,45
61,恆春,2019-12-03,51,1,3.0,nan,26.0,2,48.0,51
60,潮州,2019-12-03,89,7,8.0,nan,57.0,17,87.0,89
59,屏東,2019-12-03,87,4,8.0,nan,61.0,23,87.0,82
58,小港,2019-12-03,89,10,8.0,nan,59.0,35,54.0,89
57,前鎮,2019-12-03,84,6,nan,nan,62.0,31,nan,84
56,前金,2019-12-03,88,6,8.0,nan,57.0,23,74.0,88
54,左營,2019-12-03,91,6,8.0,nan,60.0,22,77.0,91
53,楠梓,2019-12-03,88,6,7.0,nan,62.0,25,58.0,88
52,林園,2019-12-03,93,26,7.0,nan,63.0,27,93.0,91
51,大寮,2019-12-03,93,14,8.0,nan,60.0,28,44.0,93
50,鳳山,2019-12-03,79,9,9.0,nan,60.0,34,nan,79
49,仁武,2019-12-03,88,10,8.0,nan,59.0,37,58.0,88
48,橋頭,2019-12-03,93,7,8.0,nan,62.0,27,51.0,93
47,美濃,2019-12-03,77,4,6.0,nan,52.0,11,74.0,77
46,臺南,2019-12-03,82,4,6.0,nan,54.0,21,51.0,82
45,安南,2019-12-03,78,4,5.0,nan,57.0,24,61.0,78
44,善化,2019-12-03,86,10,5.0,nan,63.0,17,54.0,86
43,新營,2019-12-03,78,7,5.0,nan,57.0,22,49.0,78
42,嘉義,2019-12-03,85,11,6.0,nan,55.0,25,47.0,85
41,臺西,2019-12-03,70,9,nan,nan,60.0,11,nan,70
40,朴子,2019-12-03,66,6,5.0,nan,55.0,17,47.0,66
39,新港,2019-12-03,70,6,3.0,nan,55.0,17,47.0,70
38,崙背,2019-12-03,66,6,3.0,nan,54.0,18,44.0,66
37,斗六,2019-12-03,85,6,6.0,nan,56.0,25,58.0,85
36,南投,2019-12-03,69,4,7.0,nan,42.0,25,43.0,69
35,二林,2019-12-03,59,7,3.0,nan,44.0,13,40.0,59
34,線西,2019-12-03,59,6,nan,nan,48.0,15,nan,59
33,彰化,2019-12-03,52,4,5.0,nan,35.0,19,39.0,52
32,西屯,2019-12-03,56,1,3.0,nan,38.0,16,43.0,56
31,忠明,2019-12-03,67,4,3.0,nan,36.0,19,42.0,67
30,大里,2019-12-03,55,4,6.0,nan,35.0,26,42.0,55
29,沙鹿,2019-12-03,59,3,2.0,nan,36.0,13,44.0,59
28,豐原,2019-12-03,55,1,3.0,nan,31.0,14,41.0,55
27,三義,2019-12-03,51,3,3.0,nan,29.0,9,41.0,51
26,苗栗,2019-12-03,58,4,3.0,nan,38.0,13,38.0,58
25,頭份,2019-12-03,53,3,nan,nan,nan,11,nan,53
24,新竹,2019-12-03,54,4,3.0,nan,40.0,14,40.0,54
23,竹東,2019-12-03,53,1,2.0,nan,32.0,6,44.0,53
22,湖口,2019-12-03,57,4,5.0,nan,36.0,12,41.0,57
21,龍潭,2019-12-03,55,4,3.0,nan,31.0,9,41.0,55
20,平鎮,2019-12-03,57,6,5.0,nan,40.0,22,38.0,57
19,觀音,2019-12-03,60,10,3.0,nan,44.0,16,44.0,60
18,大園,2019-12-03,60,6,3.0,nan,45.0,19,40.0,60
17,桃園,2019-12-03,60,9,5.0,nan,37.0,22,35.0,60
16,大同,2019-12-03,60,4,8.0,nan,44.0,35,nan,60
15,松山,2019-12-03,60,7,5.0,nan,47.0,26,35.0,60
14,古亭,2019-12-03,54,4,5.0,nan,37.0,18,37.0,54
13,萬華,2019-12-03,57,7,5.0,nan,39.0,27,36.0,57
4,新店,2019-12-03,53,6,3.0,nan,34.0,16,36.0,53
12,中山,2019-12-03,58,6,7.0,nan,39.0,32,31.0,58
11,士林,2019-12-03,46,4,3.0,nan,36.0,7,43.0,46
10,淡水,2019-12-03,54,4,3.0,nan,32.0,12,42.0,54
9,林口,2019-12-03,56,3,3.0,nan,38.0,19,40.0,56
8,菜寮,2019-12-03,58,3,5.0,nan,36.0,17,35.0,58
7,新莊,2019-12-03,58,6,5.0,nan,44.0,16,38.0,58
6,板橋,2019-12-03,55,9,5.0,nan,40.0,28,35.0,55
5,土城,2019-12-03,50,4,5.0,nan,38.0,15,37.0,50
1,基隆,2019-12-03,53,4,3.0,nan,40.0,4,45.0,53
2,汐止,2019-12-03,55,6,5.0,nan,39.0,24,37.0,55
2,汐止,2019-12-04,42,9,3.0,nan,26.0,24,42.0,39.0
84,富貴角,2019-12-04,54,1,2.0,nan,38.0,2,54.0,53.0
83,麥寮,2019-12-04,51,9,nan,nan,48.0,18,nan,51.0
80,關山,2019-12-04,30,3,nan,nan,14.0,2,30.0,25.0
78,馬公,2019-12-04,61,3,2.0,nan,39.0,2,61.0,53.0
77,金門,2019-12-04,87,7,3.0,nan,76.0,11,77.0,87.0
75,馬祖,2019-12-04,118,4,5.0,nan,61.0,8,93.0,118.0
72,埔里,2019-12-04,72,6,6.0,nan,34.0,24,40.0,72.0
71,復興,2019-12-04,97,6,11.0,nan,56.0,42,nan,97.0
70,永和,2019-12-04,40,4,6.0,nan,20.0,24,nan,40.0
69,竹山,2019-12-04,73,3,5.0,nan,39.0,19,35.0,73.0
68,中壢,2019-12-04,45,6,10.0,nan,28.0,34,nan,45.0
67,三重,2019-12-04,52,6,15.0,nan,34.0,43,nan,52.0
66,冬山,2019-12-04,41,4,2.0,nan,23.0,13,41.0,35.0
65,宜蘭,2019-12-04,35,3,2.0,nan,20.0,8,35.0,33.0
64,陽明,2019-12-04,46,3,2.0,nan,19.0,2,46.0,33.0
63,花蓮,2019-12-04,37,3,3.0,nan,18.0,15,37.0,24.0
62,臺東,2019-12-04,32,3,3.0,nan,14.0,8,32.0,19.0
61,恆春,2019-12-04,44,1,2.0,nan,12.0,1,44.0,23.0
60,潮州,2019-12-04,108,4,6.0,nan,62.0,21,39.0,108.0
59,屏東,2019-12-04,90,4,7.0,nan,57.0,24,35.0,90.0
58,小港,2019-12-04,100,7,9.0,nan,59.0,48,20.0,100.0
57,前鎮,2019-12-04,93,6,nan,nan,57.0,42,nan,93.0
56,前金,2019-12-04,95,19,9.0,nan,55.0,28,24.0,95.0
54,左營,2019-12-04,93,6,7.0,nan,54.0,29,24.0,93.0
53,楠梓,2019-12-04,94,4,6.0,nan,55.0,80,24.0,94.0
52,林園,2019-12-04,110,14,7.0,nan,73.0,38,32.0,110.0
51,大寮,2019-12-04,108,7,7.0,nan,59.0,34,29.0,108.0
50,鳳山,2019-12-04,95,11,8.0,nan,58.0,45,nan,95.0
49,仁武,2019-12-04,98,6,6.0,nan,56.0,34,19.0,98.0
48,橋頭,2019-12-04,91,7,6.0,nan,54.0,27,19.0,91.0
47,美濃,2019-12-04,83,3,5.0,nan,44.0,13,31.0,83.0
46,臺南,2019-12-04,71,3,6.0,nan,42.0,34,27.0,71.0
45,安南,2019-12-04,69,4,5.0,nan,43.0,36,29.0,69.0
44,善化,2019-12-04,72,6,5.0,nan,47.0,21,31.0,72.0
43,新營,2019-12-04,64,4,5.0,nan,39.0,24,32.0,64.0
42,嘉義,2019-12-04,75,6,5.0,nan,42.0,24,31.0,75.0
41,臺西,2019-12-04,74,9,nan,nan,74.0,16,nan,62.0
40,朴子,2019-12-04,52,6,3.0,nan,52.0,17,36.0,52.0
39,新港,2019-12-04,54,6,3.0,nan,46.0,19,36.0,54.0
38,崙背,2019-12-04,53,6,3.0,nan,53.0,17,35.0,52.0
37,斗六,2019-12-04,20,6,5.0,nan,nan,20,19.0,nan
36,南投,2019-12-04,65,6,6.0,nan,34.0,27,31.0,65.0
35,二林,2019-12-04,41,4,3.0,nan,39.0,13,34.0,41.0
34,線西,2019-12-04,44,7,nan,nan,42.0,14,nan,44.0
33,彰化,2019-12-04,39,4,5.0,nan,25.0,17,33.0,39.0
32,西屯,2019-12-04,39,6,2.0,nan,27.0,9,38.0,39.0
31,忠明,2019-12-04,43,4,3.0,nan,25.0,16,33.0,43.0
30,大里,2019-12-04,43,4,6.0,nan,28.0,23,31.0,43.0
29,沙鹿,2019-12-04,40,3,2.0,nan,26.0,10,40.0,38.0
28,豐原,2019-12-04,36,1,2.0,nan,20.0,8,36.0,36.0
27,三義,2019-12-04,40,3,2.0,nan,18.0,6,40.0,33.0
26,苗栗,2019-12-04,38,4,3.0,nan,29.0,10,36.0,38.0
25,頭份,2019-12-04,37,1,nan,nan,27.0,11,nan,37.0
24,新竹,2019-12-04,40,4,3.0,nan,30.0,12,40.0,40.0
23,竹東,2019-12-04,47,3,2.0,nan,21.0,5,47.0,31.0
22,湖口,2019-12-04,46,3,3.0,nan,26.0,11,46.0,46.0
21,龍潭,2019-12-04,44,4,3.0,nan,19.0,7,44.0,36.0
20,平鎮,2019-12-04,40,7,5.0,nan,28.0,17,37.0,40.0
19,觀音,2019-12-04,48,9,3.0,nan,35.0,12,48.0,48.0
18,大園,2019-12-04,53,7,3.0,nan,35.0,18,47.0,53.0
17,桃園,2019-12-04,45,7,5.0,nan,26.0,16,35.0,45.0
16,大同,2019-12-04,49,4,7.0,nan,32.0,32,nan,49.0
15,松山,2019-12-04,45,6,3.0,nan,31.0,27,37.0,45.0
14,古亭,2019-12-04,40,6,5.0,nan,26.0,23,37.0,40.0
13,萬華,2019-12-04,42,4,5.0,nan,27.0,26,36.0,42.0
12,中山,2019-12-04,39,3,6.0,nan,28.0,28,34.0,39.0
11,士林,2019-12-04,48,4,2.0,nan,25.0,7,48.0,31.0
10,淡水,2019-12-04,49,3,3.0,nan,25.0,5,49.0,45.0
9,林口,2019-12-04,44,3,3.0,nan,27.0,17,43.0,44.0
8,菜寮,2019-12-04,43,3,5.0,nan,26.0,17,37.0,43.0
7,新莊,2019-12-04,44,3,3.0,nan,31.0,12,43.0,44.0
6,板橋,2019-12-04,39,10,5.0,nan,27.0,21,36.0,39.0
5,土城,2019-12-04,38,6,3.0,nan,25.0,17,38.0,30.0
4,新店,2019-12-04,39,3,3.0,nan,22.0,14,39.0,39.0
3,萬里,2019-12-04,58,3,2.0,nan,53.0,3,58.0,49.0
1,基隆,2019-12-04,50,3,3.0,nan,28.0,4,50.0,36.0
4,新店,2019-12-05,37,4,5.0,nan,11.0,24,37.0,32.0
84,富貴角,2019-12-05,47,1,2.0,nan,40.0,2,47.0,44.0
83,麥寮,2019-12-05,29,7,nan,nan,19.0,12,nan,29.0
80,關山,2019-12-05,30,1,nan,nan,5.0,6,30.0,7.0
78,馬公,2019-12-05,58,3,2.0,nan,24.0,2,58.0,34.0
77,金門,2019-12-05,82,7,5.0,nan,46.0,15,49.0,82.0
75,馬祖,2019-12-05,91,4,5.0,nan,47.0,8,46.0,91.0
72,埔里,2019-12-05,31,3,5.0,nan,11.0,17,14.0,31.0
71,復興,2019-12-05,62,4,8.0,nan,29.0,27,nan,62.0
70,永和,2019-12-05,38,3,7.0,nan,10.0,38,nan,31.0
69,竹山,2019-12-05,39,3,3.0,nan,16.0,18,26.0,39.0
68,中壢,2019-12-05,40,4,7.0,nan,14.0,36,nan,40.0
67,三重,2019-12-05,49,4,17.0,nan,19.0,49,nan,42.0
66,冬山,2019-12-05,42,3,2.0,nan,5.0,16,42.0,19.0
65,宜蘭,2019-12-05,42,3,3.0,nan,9.0,11,42.0,19.0
64,陽明,2019-12-05,44,3,2.0,nan,5.0,1,44.0,13.0
63,花蓮,2019-12-05,29,4,5.0,nan,9.0,24,29.0,14.0
62,臺東,2019-12-05,32,1,5.0,nan,5.0,15,32.0,3.0
61,恆春,2019-12-05,44,1,1.0,nan,5.0,1,44.0,11.0
60,潮州,2019-12-05,76,3,5.0,nan,39.0,19,21.0,76.0
59,屏東,2019-12-05,56,3,5.0,nan,28.0,20,23.0,56.0
58,小港,2019-12-05,64,3,5.0,nan,31.0,30,17.0,64.0
57,前鎮,2019-12-05,56,3,nan,nan,30.0,26,nan,56.0
56,前金,2019-12-05,63,3,5.0,nan,27.0,21,25.0,63.0
54,左營,2019-12-05,57,4,5.0,nan,27.0,25,25.0,57.0
53,楠梓,2019-12-05,57,3,3.0,nan,27.0,3,24.0,57.0
52,林園,2019-12-05,71,7,5.0,nan,42.0,27,20.0,71.0
51,大寮,2019-12-05,69,1,5.0,nan,32.0,26,20.0,69.0
50,鳳山,2019-12-05,56,4,5.0,nan,30.0,27,nan,56.0
49,仁武,2019-12-05,61,3,5.0,nan,28.0,25,19.0,61.0
48,橋頭,2019-12-05,55,3,3.0,nan,27.0,21,24.0,55.0
47,美濃,2019-12-05,54,3,3.0,nan,22.0,14,18.0,54.0
46,臺南,2019-12-05,44,3,3.0,nan,22.0,15,30.0,44.0
45,安南,2019-12-05,42,3,3.0,nan,19.0,14,31.0,42.0
44,善化,2019-12-05,42,3,2.0,nan,19.0,14,30.0,42.0
43,新營,2019-12-05,42,3,2.0,nan,17.0,14,30.0,42.0
42,嘉義,2019-12-05,39,4,5.0,nan,18.0,22,28.0,39.0
41,臺西,2019-12-05,38,4,nan,nan,nan,6,nan,38.0
40,朴子,2019-12-05,36,6,3.0,nan,19.0,10,36.0,25.0
39,新港,2019-12-05,35,3,2.0,nan,16.0,11,35.0,26.0
38,崙背,2019-12-05,37,3,2.0,nan,20.0,11,37.0,29.0
37,斗六,2019-12-05,12,3,nan,nan,nan,12,nan,nan
36,南投,2019-12-05,33,3,7.0,nan,15.0,25,27.0,33.0
35,二林,2019-12-05,36,4,2.0,nan,12.0,11,36.0,25.0
34,線西,2019-12-05,28,4,nan,nan,16.0,10,nan,28.0
33,彰化,2019-12-05,35,1,3.0,nan,11.0,25,35.0,25.0
32,西屯,2019-12-05,39,1,2.0,nan,12.0,11,39.0,26.0
31,忠明,2019-12-05,36,3,3.0,nan,10.0,18,36.0,28.0
30,大里,2019-12-05,33,4,5.0,nan,9.0,22,33.0,17.0
29,沙鹿,2019-12-05,39,3,3.0,nan,10.0,12,39.0,29.0
28,豐原,2019-12-05,35,1,3.0,nan,5.0,15,35.0,21.0
27,三義,2019-12-05,37,3,2.0,nan,5.0,13,37.0,20.0
26,苗栗,2019-12-05,38,4,3.0,nan,13.0,20,32.0,38.0
25,頭份,2019-12-05,35,1,nan,nan,12.0,16,nan,35.0
24,新竹,2019-12-05,39,4,3.0,nan,14.0,14,39.0,32.0
23,竹東,2019-12-05,45,3,2.0,nan,5.0,9,45.0,nan
22,湖口,2019-12-05,42,3,2.0,nan,12.0,10,42.0,36.0
21,龍潭,2019-12-05,42,7,3.0,nan,5.0,21,42.0,30.0
20,平鎮,2019-12-05,37,6,5.0,nan,16.0,32,33.0,37.0
19,觀音,2019-12-05,43,9,2.0,nan,23.0,12,42.0,43.0
18,大園,2019-12-05,44,6,2.0,nan,19.0,26,42.0,44.0
17,桃園,2019-12-05,36,6,6.0,nan,12.0,28,28.0,36.0
16,大同,2019-12-05,48,9,19.0,nan,20.0,48,nan,43.0
15,松山,2019-12-05,39,4,3.0,nan,18.0,26,39.0,35.0
14,古亭,2019-12-05,39,4,5.0,nan,15.0,27,39.0,32.0
13,萬華,2019-12-05,43,4,7.0,nan,15.0,43,37.0,37.0
12,中山,2019-12-05,40,4,7.0,nan,14.0,40,34.0,31.0
11,士林,2019-12-05,45,3,3.0,nan,5.0,16,45.0,12.0
10,淡水,2019-12-05,44,3,2.0,nan,13.0,9,44.0,33.0
9,林口,2019-12-05,42,1,2.0,nan,12.0,24,42.0,31.0
8,菜寮,2019-12-05,39,3,7.0,nan,12.0,39,35.0,33.0
7,新莊,2019-12-05,44,4,6.0,nan,19.0,44,33.0,41.0
6,板橋,2019-12-05,41,16,7.0,nan,14.0,41,36.0,32.0
5,土城,2019-12-05,38,9,6.0,nan,14.0,34,38.0,26.0
1,基隆,2019-12-05,47,3,2.0,nan,20.0,5,47.0,32.0
2,汐止,2019-12-05,41,7,3.0,nan,15.0,21,41.0,30.0
3,萬里,2019-12-05,49,4,1.0,nan,49.0,3,49.0,43.0
1,基隆,2019-12-06,44,1.0,2.0,nan,19.0,3,44.0,21.0
5,土城,2019-12-06,32,3.0,6.0,nan,5.0,32,30.0,8.0
6,板橋,2019-12-06,36,11.0,6.0,nan,5.0,36,26.0,21.0
7,新莊,2019-12-06,46,3.0,6.0,nan,10.0,46,28.0,22.0
8,菜寮,2019-12-06,42,3.0,7.0,nan,5.0,42,24.0,23.0
9,林口,2019-12-06,44,3.0,2.0,nan,5.0,21,44.0,13.0
10,淡水,2019-12-06,43,3.0,2.0,nan,5.0,6,43.0,15.0
11,士林,2019-12-06,41,3.0,5.0,nan,5.0,33,41.0,3.0
12,中山,2019-12-06,38,3.0,7.0,nan,5.0,38,29.0,13.0
13,萬華,2019-12-06,40,3.0,6.0,nan,5.0,40,28.0,15.0
14,古亭,2019-12-06,38,3.0,3.0,nan,5.0,24,38.0,13.0
15,松山,2019-12-06,41,4.0,3.0,nan,5.0,26,41.0,15.0
16,大同,2019-12-06,45,6.0,18.0,nan,12.0,45,nan,25.0
17,桃園,2019-12-06,32,4.0,6.0,nan,5.0,27,32.0,16.0
18,大園,2019-12-06,43,7.0,2.0,nan,14.0,13,43.0,19.0
19,觀音,2019-12-06,43,6.0,2.0,nan,19.0,8,43.0,19.0
20,平鎮,2019-12-06,35,6.0,5.0,nan,9.0,30,35.0,17.0
21,龍潭,2019-12-06,38,6.0,3.0,nan,5.0,17,38.0,13.0
22,湖口,2019-12-06,41,3.0,2.0,nan,5.0,12,41.0,18.0
23,竹東,2019-12-06,41,3.0,2.0,nan,5.0,9,41.0,3.0
24,新竹,2019-12-06,40,3.0,3.0,nan,5.0,19,40.0,13.0
25,頭份,2019-12-06,14,1.0,nan,nan,5.0,14,nan,12.0
26,苗栗,2019-12-06,31,4.0,3.0,nan,5.0,15,31.0,15.0
27,三義,2019-12-06,35,1.0,2.0,nan,5.0,8,35.0,3.0
28,豐原,2019-12-06,34,1.0,2.0,nan,5.0,9,34.0,7.0
29,沙鹿,2019-12-06,39,3.0,2.0,nan,5.0,13,39.0,10.0
30,大里,2019-12-06,31,4.0,5.0,nan,5.0,26,31.0,7.0
31,忠明,2019-12-06,34,6.0,3.0,nan,5.0,22,34.0,13.0
32,西屯,2019-12-06,37,4.0,2.0,nan,5.0,11,37.0,11.0
33,彰化,2019-12-06,33,3.0,5.0,nan,5.0,21,33.0,9.0
34,線西,2019-12-06,15,3.0,nan,nan,10.0,15,nan,11.0
35,二林,2019-12-06,33,3.0,2.0,nan,5.0,14,33.0,9.0
36,南投,2019-12-06,30,4.0,6.0,nan,5.0,30,21.0,21.0
37,斗六,2019-12-06,21,1.0,3.0,nan,nan,16,21.0,nan
38,崙背,2019-12-06,34,3.0,2.0,nan,5.0,13,34.0,10.0
39,新港,2019-12-06,31,1.0,2.0,nan,5.0,14,31.0,10.0
40,朴子,2019-12-06,33,3.0,3.0,nan,5.0,15,33.0,6.0
41,臺西,2019-12-06,26,3.0,nan,nan,13.0,8,nan,26.0
42,嘉義,2019-12-06,27,4.0,6.0,nan,10.0,27,24.0,23.0
43,新營,2019-12-06,27,1.0,3.0,nan,5.0,19,27.0,21.0
44,善化,2019-12-06,28,3.0,3.0,nan,5.0,17,28.0,26.0
45,安南,2019-12-06,30,3.0,3.0,nan,5.0,20,30.0,24.0
46,臺南,2019-12-06,29,1.0,5.0,nan,11.0,22,28.0,29.0
47,美濃,2019-12-06,16,1.0,3.0,nan,5.0,12,14.0,16.0
48,橋頭,2019-12-06,32,nan,5.0,nan,14.0,24,19.0,32.0
49,仁武,2019-12-06,42,9.0,5.0,nan,17.0,26,14.0,42.0
50,鳳山,2019-12-06,33,4.0,6.0,nan,17.0,32,nan,33.0
51,大寮,2019-12-06,40,4.0,5.0,nan,19.0,29,12.0,40.0
52,林園,2019-12-06,47,9.0,5.0,nan,25.0,33,13.0,47.0
53,楠梓,2019-12-06,36,1.0,3.0,nan,16.0,4,17.0,36.0
54,左營,2019-12-06,37,3.0,5.0,nan,15.0,23,18.0,37.0
56,前金,2019-12-06,38,4.0,6.0,nan,16.0,25,18.0,38.0
57,前鎮,2019-12-06,38,3.0,nan,nan,17.0,33,nan,38.0
58,小港,2019-12-06,42,3.0,6.0,nan,18.0,33,12.0,42.0
59,屏東,2019-12-06,25,3.0,5.0,nan,13.0,21,17.0,25.0
60,潮州,2019-12-06,39,3.0,5.0,nan,19.0,20,14.0,39.0
61,恆春,2019-12-06,42,1.0,1.0,nan,5.0,2,42.0,11.0
62,臺東,2019-12-06,33,1.0,5.0,nan,5.0,16,33.0,3.0
63,花蓮,2019-12-06,35,3.0,5.0,nan,11.0,23,35.0,9.0
64,陽明,2019-12-06,41,3.0,2.0,nan,5.0,1,41.0,3.0
65,宜蘭,2019-12-06,38,3.0,3.0,nan,5.0,10,38.0,8.0
66,冬山,2019-12-06,39,3.0,3.0,nan,5.0,15,39.0,10.0
67,三重,2019-12-06,49,9.0,20.0,nan,12.0,49,nan,30.0
68,中壢,2019-12-06,40,4.0,9.0,nan,5.0,40,nan,21.0
69,竹山,2019-12-06,25,6.0,3.0,nan,9.0,25,20.0,23.0
70,永和,2019-12-06,32,3.0,9.0,nan,5.0,32,nan,10.0
71,復興,2019-12-06,42,3.0,9.0,nan,16.0,33,nan,42.0
72,埔里,2019-12-06,20,4.0,5.0,nan,5.0,20,12.0,11.0
75,馬祖,2019-12-06,41,3.0,2.0,nan,17.0,6,39.0,41.0
77,金門,2019-12-06,34,7.0,3.0,nan,21.0,10,33.0,34.0
78,馬公,2019-12-06,44,3.0,2.0,nan,20.0,4,44.0,19.0
80,關山,2019-12-06,30,3.0,nan,nan,5.0,5,30.0,8.0
83,麥寮,2019-12-06,16,3.0,nan,nan,13.0,13,nan,16.0
84,富貴角,2019-12-06,44,1.0,1.0,nan,44.0,2,43.0,34.0
4,新店,2019-12-06,37,4.0,3.0,nan,5.0,21,37.0,12.0
3,萬里,2019-12-06,47,4.0,1.0,nan,47.0,3,46.0,32.0
2,汐止,2019-12-06,44,7.0,2.0,nan,9.0,23,44.0,16.0
40,朴子,2019-12-07,39,4.0,2.0,nan,27,8,39.0,16
1,基隆,2019-12-07,44,1.0,2.0,nan,24,4,44.0,23
2,汐止,2019-12-07,39,4.0,5.0,nan,19,34,39.0,23
3,萬里,2019-12-07,58,3.0,2.0,nan,58,2,47.0,41
4,新店,2019-12-07,31,3.0,3.0,nan,14,25,31.0,21
84,富貴角,2019-12-07,54,1.0,1.0,nan,54,2,44.0,51
83,麥寮,2019-12-07,31,4.0,nan,nan,31,9,nan,27
80,關山,2019-12-07,31,1.0,nan,nan,5,4,31.0,16
78,馬公,2019-12-07,48,4.0,2.0,nan,30,3,48.0,33
77,金門,2019-12-07,45,7.0,3.0,nan,31,11,45.0,43
75,馬祖,2019-12-07,49,3.0,2.0,nan,23,4,49.0,39
72,埔里,2019-12-07,21,3.0,3.0,nan,5,13,21.0,15
71,復興,2019-12-07,37,6.0,7.0,nan,25,26,nan,37
70,永和,2019-12-07,34,3.0,10.0,nan,13,34,nan,24
69,竹山,2019-12-07,27,4.0,2.0,nan,14,15,27.0,22
68,中壢,2019-12-07,37,6.0,10.0,nan,17,37,nan,25
67,三重,2019-12-07,42,6.0,22.0,nan,23,42,nan,36
66,冬山,2019-12-07,40,3.0,2.0,nan,9,10,40.0,13
65,宜蘭,2019-12-07,35,3.0,2.0,nan,5,8,35.0,12
64,陽明,2019-12-07,41,1.0,1.0,nan,5,1,41.0,11
63,花蓮,2019-12-07,40,1.0,2.0,nan,14,8,40.0,11
62,臺東,2019-12-07,35,1.0,3.0,nan,13,8,35.0,12
61,恆春,2019-12-07,43,1.0,1.0,nan,13,1,43.0,20
60,潮州,2019-12-07,49,1.0,3.0,nan,27,13,21.0,49
59,屏東,2019-12-07,34,3.0,3.0,nan,22,16,25.0,34
58,小港,2019-12-07,39,6.0,5.0,nan,25,26,23.0,39
57,前鎮,2019-12-07,31,4.0,nan,nan,25,28,nan,31
56,前金,2019-12-07,36,4.0,3.0,nan,25,15,29.0,36
54,左營,2019-12-07,30,4.0,3.0,nan,22,15,30.0,29
53,楠梓,2019-12-07,31,1.0,3.0,nan,22,10,31.0,30
52,林園,2019-12-07,48,10.0,5.0,nan,32,27,25.0,48
51,大寮,2019-12-07,39,4.0,3.0,nan,22,19,25.0,39
50,鳳山,2019-12-07,26,6.0,5.0,nan,23,22,nan,26
49,仁武,2019-12-07,32,9.0,3.0,nan,21,19,28.0,32
48,橋頭,2019-12-07,31,nan,3.0,nan,22,15,31.0,24
47,美濃,2019-12-07,28,3.0,2.0,nan,14,11,22.0,28
46,臺南,2019-12-07,34,3.0,3.0,nan,27,13,34.0,32
45,安南,2019-12-07,38,4.0,2.0,nan,23,11,38.0,25
44,善化,2019-12-07,38,3.0,2.0,nan,21,12,38.0,27
43,新營,2019-12-07,37,3.0,2.0,nan,19,9,37.0,24
42,嘉義,2019-12-07,32,4.0,3.0,nan,17,17,32.0,23
41,臺西,2019-12-07,36,1.0,nan,nan,31,7,nan,36
39,新港,2019-12-07,39,3.0,2.0,nan,22,8,39.0,18
38,崙背,2019-12-07,40,3.0,2.0,nan,33,8,40.0,23
37,斗六,2019-12-07,34,4.0,2.0,nan,18,11,34.0,21
36,南投,2019-12-07,28,4.0,3.0,nan,15,18,28.0,19
35,二林,2019-12-07,36,6.0,2.0,nan,18,7,36.0,15
34,線西,2019-12-07,30,3.0,nan,nan,30,8,nan,19
33,彰化,2019-12-07,34,3.0,3.0,nan,13,11,34.0,18
32,西屯,2019-12-07,38,4.0,2.0,nan,17,8,38.0,18
31,忠明,2019-12-07,35,3.0,2.0,nan,13,14,35.0,20
30,大里,2019-12-07,32,3.0,3.0,nan,11,18,32.0,13
29,沙鹿,2019-12-07,39,3.0,1.0,nan,14,8,39.0,20
28,豐原,2019-12-07,35,1.0,2.0,nan,10,8,35.0,21
27,三義,2019-12-07,36,3.0,1.0,nan,10,8,36.0,16
26,苗栗,2019-12-07,32,4.0,2.0,nan,14,9,32.0,25
25,頭份,2019-12-07,19,1.0,nan,nan,14,9,nan,19
24,新竹,2019-12-07,35,3.0,3.0,nan,16,14,35.0,20
23,竹東,2019-12-07,39,3.0,2.0,nan,12,9,39.0,19
22,湖口,2019-12-07,42,3.0,2.0,nan,18,15,42.0,22
21,龍潭,2019-12-07,35,11.0,3.0,nan,13,19,35.0,26
20,平鎮,2019-12-07,32,7.0,5.0,nan,19,25,32.0,24
19,觀音,2019-12-07,44,7.0,2.0,nan,26,7,44.0,27
18,大園,2019-12-07,44,6.0,1.0,nan,21,13,44.0,29
17,桃園,2019-12-07,32,10.0,5.0,nan,16,24,32.0,25
16,大同,2019-12-07,44,4.0,17.0,nan,23,44,nan,35
15,松山,2019-12-07,38,3.0,2.0,nan,19,22,38.0,23
14,古亭,2019-12-07,32,3.0,5.0,nan,16,31,32.0,22
13,萬華,2019-12-07,35,4.0,6.0,nan,17,35,29.0,24
12,中山,2019-12-07,30,3.0,5.0,nan,15,28,30.0,22
11,士林,2019-12-07,42,3.0,5.0,nan,13,34,42.0,14
10,淡水,2019-12-07,41,3.0,2.0,nan,16,6,41.0,23
9,林口,2019-12-07,41,3.0,2.0,nan,16,8,41.0,24
8,菜寮,2019-12-07,38,3.0,8.0,nan,15,38,31.0,29
7,新莊,2019-12-07,32,4.0,5.0,nan,19,32,30.0,31
6,板橋,2019-12-07,40,13.0,7.0,nan,17,40,26.0,28
5,土城,2019-12-07,35,3.0,6.0,nan,17,35,33.0,18
1,基隆,2019-12-08,44,3,3.0,nan,23,25,44.0,29
2,汐止,2019-12-08,39,11,7.0,nan,20,36,39.0,36
3,萬里,2019-12-08,62,3,2.0,nan,62,3,50.0,45
4,新店,2019-12-08,39,3,5.0,nan,16,25,39.0,32
5,土城,2019-12-08,42,4,6.0,nan,19,32,42.0,22
6,板橋,2019-12-08,38,6,8.0,nan,21,33,32.0,38
7,新莊,2019-12-08,41,6,6.0,nan,23,31,41.0,41
8,菜寮,2019-12-08,40,3,7.0,nan,19,36,37.0,40
9,林口,2019-12-08,42,3,5.0,nan,21,32,42.0,35
10,淡水,2019-12-08,40,4,6.0,nan,19,23,40.0,33
11,士林,2019-12-08,43,4,5.0,nan,20,26,43.0,32
12,中山,2019-12-08,41,4,8.0,nan,19,41,31.0,31
13,萬華,2019-12-08,32,3,5.0,nan,19,30,32.0,32
14,古亭,2019-12-08,39,3,3.0,nan,17,22,39.0,30
15,松山,2019-12-08,38,4,6.0,nan,21,28,38.0,36
16,大同,2019-12-08,45,6,15.0,nan,26,44,nan,45
17,桃園,2019-12-08,36,10,6.0,nan,20,24,36.0,34
18,大園,2019-12-08,45,6,3.0,nan,25,36,41.0,45
19,觀音,2019-12-08,46,10,3.0,nan,31,24,42.0,46
20,平鎮,2019-12-08,40,17,5.0,nan,20,16,40.0,34
21,龍潭,2019-12-08,43,4,3.0,nan,16,16,43.0,31
22,湖口,2019-12-08,42,7,3.0,nan,19,12,42.0,31
23,竹東,2019-12-08,45,4,2.0,nan,16,18,45.0,27
24,新竹,2019-12-08,42,4,3.0,nan,19,13,42.0,27
25,頭份,2019-12-08,27,4,nan,nan,17,13,nan,27
26,苗栗,2019-12-08,39,6,3.0,nan,17,18,39.0,29
27,三義,2019-12-08,43,3,2.0,nan,12,7,43.0,23
28,豐原,2019-12-08,40,3,2.0,nan,10,8,40.0,23
29,沙鹿,2019-12-08,44,4,2.0,nan,15,9,44.0,23
30,大里,2019-12-08,37,3,5.0,nan,15,30,37.0,24
31,忠明,2019-12-08,41,3,3.0,nan,16,19,41.0,29
32,西屯,2019-12-08,44,3,2.0,nan,18,13,44.0,27
33,彰化,2019-12-08,39,3,5.0,nan,17,28,39.0,23
34,線西,2019-12-08,30,7,nan,nan,30,9,nan,27
35,二林,2019-12-08,41,4,3.0,nan,27,8,41.0,32
36,南投,2019-12-08,37,4,5.0,nan,19,28,37.0,29
37,斗六,2019-12-08,44,4,3.0,nan,27,24,43.0,44
38,崙背,2019-12-08,44,6,3.0,nan,30,12,44.0,36
39,新港,2019-12-08,44,6,3.0,nan,29,11,44.0,34
40,朴子,2019-12-08,45,6,2.0,nan,29,7,45.0,28
41,臺西,2019-12-08,45,11,nan,nan,41,12,nan,45
42,嘉義,2019-12-08,48,23,5.0,nan,31,28,40.0,48
43,新營,2019-12-08,42,4,3.0,nan,27,15,42.0,39
44,善化,2019-12-08,46,6,3.0,nan,29,13,46.0,44
45,安南,2019-12-08,47,6,3.0,nan,28,18,47.0,44
46,臺南,2019-12-08,53,6,5.0,nan,31,20,44.0,53
47,美濃,2019-12-08,44,3,3.0,nan,24,8,44.0,41
48,橋頭,2019-12-08,52,9,5.0,nan,35,22,47.0,52
49,仁武,2019-12-08,56,11,6.0,nan,36,35,54.0,56
50,鳳山,2019-12-08,51,7,7.0,nan,35,28,nan,51
51,大寮,2019-12-08,66,29,6.0,nan,35,28,54.0,66
52,林園,2019-12-08,97,14,5.0,nan,40,15,97.0,61
53,楠梓,2019-12-08,50,4,5.0,nan,34,20,48.0,50
54,左營,2019-12-08,54,13,7.0,nan,37,25,50.0,54
56,前金,2019-12-08,58,13,6.0,nan,37,26,54.0,58
57,前鎮,2019-12-08,58,13,nan,nan,41,37,nan,58
58,小港,2019-12-08,64,11,6.0,nan,38,40,64.0,61
59,屏東,2019-12-08,58,4,5.0,nan,31,25,58.0,53
60,潮州,2019-12-08,61,9,5.0,nan,28,13,61.0,54
61,恆春,2019-12-08,44,1,1.0,nan,17,1,44.0,22
62,臺東,2019-12-08,37,1,3.0,nan,15,8,37.0,13
63,花蓮,2019-12-08,43,3,3.0,nan,17,13,43.0,19
64,陽明,2019-12-08,42,3,2.0,nan,15,2,42.0,25
65,宜蘭,2019-12-08,41,3,3.0,nan,17,10,41.0,27
66,冬山,2019-12-08,42,6,2.0,nan,18,10,42.0,27
67,三重,2019-12-08,48,6,18.0,nan,28,48,nan,48
68,中壢,2019-12-08,36,19,10.0,nan,24,34,nan,36
69,竹山,2019-12-08,43,3,3.0,nan,21,20,43.0,38
70,永和,2019-12-08,30,4,7.0,nan,16,25,nan,30
71,復興,2019-12-08,58,14,9.0,nan,39,36,nan,58
72,埔里,2019-12-08,40,4,3.0,nan,14,25,40.0,29
75,馬祖,2019-12-08,71,6,3.0,nan,38,8,71.0,69
77,金門,2019-12-08,66,7,3.0,nan,45,16,61.0,66
78,馬公,2019-12-08,54,4,2.0,nan,33,2,54.0,51
80,關山,2019-12-08,33,3,nan,nan,11,5,33.0,20
84,富貴角,2019-12-08,49,1,2.0,nan,49,2,47.0,49
83,麥寮,2019-12-08,36,6,nan,nan,30,10,nan,36
31,忠明,2019-12-09,59,16,12.0,nan,31,51,27.0,59
1,基隆,2019-12-09,43,3,5.0,nan,27,31,43.0,42
2,汐止,2019-12-09,51,17,8.0,nan,29,42,26.0,51
3,萬里,2019-12-09,47,3,2.0,nan,39,8,47.0,45
4,新店,2019-12-09,42,3,6.0,nan,23,32,31.0,42
5,土城,2019-12-09,34,4,7.0,nan,25,30,34.0,34
6,板橋,2019-12-09,43,4,7.0,nan,26,40,31.0,43
7,新莊,2019-12-09,53,3,7.0,nan,31,38,34.0,53
8,菜寮,2019-12-09,49,6,7.0,nan,25,33,27.0,49
9,林口,2019-12-09,44,10,3.0,nan,26,23,36.0,44
10,淡水,2019-12-09,40,6,3.0,nan,20,10,40.0,40
11,士林,2019-12-09,40,9,5.0,nan,21,23,40.0,34
12,中山,2019-12-09,49,7,8.0,nan,26,43,22.0,49
13,萬華,2019-12-09,46,4,7.0,nan,28,42,27.0,46
14,古亭,2019-12-09,40,3,6.0,nan,24,35,36.0,40
15,松山,2019-12-09,53,7,7.0,nan,32,42,24.0,53
16,大同,2019-12-09,55,7,12.0,nan,32,48,nan,55
17,桃園,2019-12-09,48,9,7.0,nan,26,30,30.0,48
18,大園,2019-12-09,47,10,3.0,nan,27,33,34.0,47
19,觀音,2019-12-09,49,11,3.0,nan,31,29,40.0,49
20,平鎮,2019-12-09,44,6,7.0,nan,27,30,34.0,44
21,龍潭,2019-12-09,46,6,5.0,nan,23,25,36.0,46
22,湖口,2019-12-09,52,6,5.0,nan,25,27,38.0,52
23,竹東,2019-12-09,37,6,6.0,nan,19,28,37.0,35
24,新竹,2019-12-09,49,7,7.0,nan,28,37,33.0,49
25,頭份,2019-12-09,43,4,nan,nan,20,38,nan,43
26,苗栗,2019-12-09,46,4,10.0,nan,20,37,29.0,46
27,三義,2019-12-09,36,4,3.0,nan,14,21,36.0,32
28,豐原,2019-12-09,42,4,6.0,nan,23,32,33.0,42
29,沙鹿,2019-12-09,53,9,10.0,nan,24,53,39.0,47
30,大里,2019-12-09,60,9,10.0,nan,35,56,30.0,60
32,西屯,2019-12-09,56,6,9.0,nan,35,46,36.0,56
33,彰化,2019-12-09,49,9,14.0,nan,29,49,31.0,49
34,線西,2019-12-09,58,9,nan,nan,42,20,nan,58
35,二林,2019-12-09,66,11,5.0,nan,44,34,36.0,66
36,南投,2019-12-09,58,6,8.0,nan,32,40,37.0,58
37,斗六,2019-12-09,73,6,6.0,nan,40,36,43.0,73
38,崙背,2019-12-09,67,7,5.0,nan,41,29,44.0,67
39,新港,2019-12-09,66,6,6.0,nan,47,34,46.0,66
40,朴子,2019-12-09,58,7,6.0,nan,43,30,46.0,58
41,臺西,2019-12-09,63,10,nan,nan,37,22,nan,63
42,嘉義,2019-12-09,61,7,6.0,nan,35,33,47.0,61
43,新營,2019-12-09,60,3,6.0,nan,39,34,46.0,60
44,善化,2019-12-09,64,11,6.0,nan,41,41,61.0,64
45,安南,2019-12-09,73,13,8.0,nan,46,47,50.0,73
46,臺南,2019-12-09,70,6,10.0,nan,42,52,49.0,70
47,美濃,2019-12-09,54,3,3.0,nan,26,13,54.0,45
48,橋頭,2019-12-09,64,17,7.0,nan,43,29,54.0,64
49,仁武,2019-12-09,67,9,6.0,nan,39,28,67.0,62
50,鳳山,2019-12-09,53,6,7.0,nan,38,31,nan,53
51,大寮,2019-12-09,74,27,5.0,nan,47,39,61.0,74
52,林園,2019-12-09,64,10,5.0,nan,44,25,64.0,62
53,楠梓,2019-12-09,60,16,7.0,nan,43,31,51.0,60
54,左營,2019-12-09,71,9,8.0,nan,36,29,71.0,60
56,前金,2019-12-09,77,7,7.0,nan,36,28,77.0,67
57,前鎮,2019-12-09,56,7,nan,nan,38,40,nan,56
58,小港,2019-12-09,61,11,5.0,nan,40,29,51.0,61
59,屏東,2019-12-09,80,7,6.0,nan,44,25,80.0,60
60,潮州,2019-12-09,77,7,6.0,nan,34,22,77.0,61
61,恆春,2019-12-09,48,1,1.0,nan,19,2,48.0,33
62,臺東,2019-12-09,44,3,3.0,nan,17,8,44.0,19
63,花蓮,2019-12-09,42,3,5.0,nan,19,17,42.0,23
64,陽明,2019-12-09,41,7,2.0,nan,16,6,41.0,31
65,宜蘭,2019-12-09,44,4,6.0,nan,26,26,33.0,44
66,冬山,2019-12-09,44,6,5.0,nan,30,24,30.0,44
67,三重,2019-12-09,55,7,18.0,nan,32,48,nan,55
68,中壢,2019-12-09,47,6,16.0,nan,29,41,nan,47
69,竹山,2019-12-09,59,6,5.0,nan,32,26,44.0,59
70,永和,2019-12-09,41,4,7.0,nan,23,29,nan,41
71,復興,2019-12-09,59,7,8.0,nan,36,34,nan,59
72,埔里,2019-12-09,45,4,6.0,nan,19,28,45.0,42
75,馬祖,2019-12-09,66,3,3.0,nan,32,8,58.0,66
77,金門,2019-12-09,76,9,5.0,nan,51,18,51.0,76
78,馬公,2019-12-09,74,3,2.0,nan,36,5,74.0,56
80,關山,2019-12-09,35,3,nan,nan,15,7,35.0,32
83,麥寮,2019-12-09,65,11,nan,nan,44,26,nan,65
84,富貴角,2019-12-09,46,1,2.0,nan,42,3,45.0,46
58,小港,2019-12-10,68,6,6.0,nan,42.0,32,45.0,68.0
69,竹山,2019-12-10,84,6,6.0,nan,42.0,32,84.0,76.0
68,中壢,2019-12-10,60,7,15.0,nan,33.0,46,nan,60.0
67,三重,2019-12-10,76,14,26.0,nan,42.0,69,nan,76.0
53,楠梓,2019-12-10,76,6,6.0,nan,46.0,29,54.0,76.0
52,林園,2019-12-10,71,10,5.0,nan,47.0,37,50.0,71.0
51,大寮,2019-12-10,74,55,5.0,nan,44.0,30,48.0,74.0
50,鳳山,2019-12-10,62,9,6.0,nan,44.0,34,nan,62.0
1,基隆,2019-12-10,53,7,8.0,nan,26.0,37,25.0,53.0
49,仁武,2019-12-10,79,11,6.0,nan,45.0,42,47.0,79.0
48,橋頭,2019-12-10,79,4,6.0,nan,48.0,26,51.0,79.0
47,美濃,2019-12-10,61,3,3.0,nan,30.0,12,61.0,55.0
46,臺南,2019-12-10,74,4,6.0,nan,44.0,47,71.0,74.0
45,安南,2019-12-10,90,4,6.0,nan,50.0,37,90.0,82.0
44,善化,2019-12-10,87,13,5.0,nan,48.0,24,87.0,81.0
43,新營,2019-12-10,80,6,6.0,nan,47.0,30,80.0,79.0
42,嘉義,2019-12-10,82,9,8.0,nan,48.0,32,49.0,82.0
41,臺西,2019-12-10,89,9,nan,nan,54.0,20,nan,89.0
40,朴子,2019-12-10,97,7,5.0,nan,51.0,28,97.0,72.0
39,新港,2019-12-10,81,16,5.0,nan,54.0,26,71.0,81.0
38,崙背,2019-12-10,58,3,5.0,nan,nan,17,58.0,nan
37,斗六,2019-12-10,87,6,6.0,nan,51.0,32,74.0,87.0
36,南投,2019-12-10,79,9,8.0,nan,44.0,41,71.0,79.0
35,二林,2019-12-10,95,7,6.0,nan,55.0,25,74.0,95.0
34,線西,2019-12-10,77,10,nan,nan,48.0,18,nan,77.0
33,彰化,2019-12-10,77,13,8.0,nan,41.0,28,77.0,73.0
32,西屯,2019-12-10,84,6,10.0,nan,53.0,42,84.0,84.0
31,忠明,2019-12-10,86,6,9.0,nan,44.0,44,61.0,86.0
30,大里,2019-12-10,80,7,9.0,nan,44.0,43,54.0,80.0
29,沙鹿,2019-12-10,84,6,6.0,nan,44.0,31,84.0,76.0
28,豐原,2019-12-10,74,7,6.0,nan,38.0,33,74.0,73.0
27,三義,2019-12-10,64,4,3.0,nan,25.0,14,64.0,57.0
26,苗栗,2019-12-10,65,7,8.0,nan,31.0,36,44.0,65.0
25,頭份,2019-12-10,61,9,nan,nan,31.0,41,nan,61.0
24,新竹,2019-12-10,67,6,7.0,nan,31.0,40,67.0,62.0
23,竹東,2019-12-10,64,10,6.0,nan,30.0,23,64.0,61.0
22,湖口,2019-12-10,74,7,5.0,nan,31.0,38,74.0,59.0
21,龍潭,2019-12-10,67,7,7.0,nan,31.0,28,67.0,60.0
20,平鎮,2019-12-10,56,6,6.0,nan,31.0,39,50.0,56.0
19,觀音,2019-12-10,66,14,5.0,nan,38.0,37,61.0,66.0
18,大園,2019-12-10,60,16,6.0,nan,33.0,28,48.0,60.0
17,桃園,2019-12-10,60,14,8.0,nan,31.0,34,44.0,60.0
16,大同,2019-12-10,73,10,28.0,nan,44.0,60,nan,73.0
15,松山,2019-12-10,70,9,10.0,nan,38.0,49,37.0,70.0
14,古亭,2019-12-10,63,7,10.0,nan,31.0,46,40.0,63.0
13,萬華,2019-12-10,68,10,10.0,nan,37.0,49,31.0,68.0
12,中山,2019-12-10,64,10,12.0,nan,34.0,58,24.0,64.0
11,士林,2019-12-10,56,7,8.0,nan,33.0,47,46.0,56.0
10,淡水,2019-12-10,56,7,8.0,nan,26.0,33,49.0,56.0
9,林口,2019-12-10,64,9,6.0,nan,28.0,36,64.0,55.0
8,菜寮,2019-12-10,63,13,10.0,nan,33.0,42,31.0,63.0
7,新莊,2019-12-10,64,20,8.0,nan,37.0,49,43.0,64.0
56,前金,2019-12-10,74,6,6.0,nan,47.0,34,64.0,74.0
59,屏東,2019-12-10,64,4,5.0,nan,41.0,21,64.0,60.0
54,左營,2019-12-10,69,6,6.0,nan,43.0,33,64.0,69.0
57,前鎮,2019-12-10,66,7,nan,nan,44.0,48,nan,66.0
6,板橋,2019-12-10,63,17,9.0,nan,35.0,42,41.0,63.0
60,潮州,2019-12-10,65,3,3.0,nan,37.0,17,49.0,65.0
5,土城,2019-12-10,65,10,10.0,nan,38.0,55,48.0,65.0
2,汐止,2019-12-10,68,7,10.0,nan,36.0,47,31.0,68.0
4,新店,2019-12-10,58,6,9.0,nan,27.0,43,40.0,58.0
3,萬里,2019-12-10,54,7,5.0,nan,30.0,20,33.0,54.0
75,馬祖,2019-12-10,62,4,3.0,nan,29.0,19,39.0,62.0
70,永和,2019-12-10,62,6,19.0,nan,35.0,56,nan,62.0
77,金門,2019-12-10,99,9,5.0,nan,60.0,40,54.0,99.0
72,埔里,2019-12-10,62,6,6.0,nan,31.0,30,51.0,62.0
66,冬山,2019-12-10,41,3,5.0,nan,28.0,21,37.0,41.0
71,復興,2019-12-10,67,10,10.0,nan,43.0,49,nan,67.0
65,宜蘭,2019-12-10,48,6,8.0,nan,26.0,30,39.0,48.0
78,馬公,2019-12-10,84,3,3.0,nan,41.0,8,84.0,65.0
64,陽明,2019-12-10,42,10,3.0,nan,18.0,14,42.0,36.0
80,關山,2019-12-10,33,3,nan,nan,15.0,10,33.0,28.0
63,花蓮,2019-12-10,40,4,5.0,nan,23.0,19,40.0,34.0
84,富貴角,2019-12-10,50,4,3.0,nan,43.0,25,46.0,50.0
62,臺東,2019-12-10,36,3,6.0,nan,17.0,26,36.0,23.0
83,麥寮,2019-12-10,84,6,nan,nan,56.0,24,nan,84.0
61,恆春,2019-12-10,54,1,2.0,nan,19.0,7,54.0,32.0
25,頭份,2019-12-11,54,4,nan,nan,29,15,nan,54
14,古亭,2019-12-11,51,4,6.0,nan,25,30,39.0,51
13,萬華,2019-12-11,53,7,7.0,nan,28,35,30.0,53
12,中山,2019-12-11,56,7,8.0,nan,25,40,30.0,56
11,士林,2019-12-11,67,4,6.0,nan,25,29,67.0,44
10,淡水,2019-12-11,47,4,3.0,nan,21,15,47.0,41
9,林口,2019-12-11,47,4,3.0,nan,26,19,47.0,47
5,土城,2019-12-11,48,6,6.0,nan,28,26,41.0,48
6,板橋,2019-12-11,56,9,7.0,nan,29,35,38.0,56
7,新莊,2019-12-11,54,11,6.0,nan,28,32,44.0,54
8,菜寮,2019-12-11,52,9,7.0,nan,24,33,40.0,52
4,新店,2019-12-11,50,10,7.0,nan,24,30,40.0,50
84,富貴角,2019-12-11,80,1,2.0,nan,41,5,80.0,48
83,麥寮,2019-12-11,72,7,nan,nan,50,17,nan,72
80,關山,2019-12-11,34,3,nan,nan,16,8,34.0,31
78,馬公,2019-12-11,87,4,2.0,nan,36,5,87.0,55
77,金門,2019-12-11,107,9,6.0,nan,63,41,80.0,107
75,馬祖,2019-12-11,115,6,8.0,nan,42,21,115.0,85
72,埔里,2019-12-11,67,6,7.0,nan,32,30,51.0,67
71,復興,2019-12-11,95,9,10.0,nan,58,41,nan,95
70,永和,2019-12-11,49,4,14.0,nan,27,36,nan,49
69,竹山,2019-12-11,70,4,5.0,nan,37,26,61.0,70
68,中壢,2019-12-11,50,4,9.0,nan,28,40,nan,50
67,三重,2019-12-11,61,6,17.0,nan,32,46,nan,61
66,冬山,2019-12-11,45,4,2.0,nan,26,15,45.0,38
65,宜蘭,2019-12-11,44,3,3.0,nan,22,13,44.0,39
64,陽明,2019-12-11,54,3,2.0,nan,14,3,54.0,29
63,花蓮,2019-12-11,46,3,3.0,nan,20,8,46.0,31
62,臺東,2019-12-11,42,3,3.0,nan,19,9,42.0,26
61,恆春,2019-12-11,46,3,1.0,nan,19,3,46.0,32
60,潮州,2019-12-11,80,13,6.0,nan,44,29,80.0,74
59,屏東,2019-12-11,74,4,5.0,nan,44,25,74.0,65
58,小港,2019-12-11,90,7,8.0,nan,59,40,46.0,90
57,前鎮,2019-12-11,89,9,nan,nan,60,38,nan,89
56,前金,2019-12-11,98,9,6.0,nan,62,30,54.0,98
54,左營,2019-12-11,95,6,6.0,nan,60,27,49.0,95
53,楠梓,2019-12-11,95,6,5.0,nan,57,33,48.0,95
52,林園,2019-12-11,84,34,5.0,nan,59,32,47.0,84
51,大寮,2019-12-11,96,41,6.0,nan,57,34,46.0,96
50,鳳山,2019-12-11,83,6,7.0,nan,55,36,nan,83
49,仁武,2019-12-11,97,7,6.0,nan,58,37,48.0,97
48,橋頭,2019-12-11,98,7,6.0,nan,59,27,47.0,98
47,美濃,2019-12-11,57,3,3.0,nan,31,13,51.0,57
46,臺南,2019-12-11,90,4,6.0,nan,56,26,44.0,90
45,安南,2019-12-11,92,4,6.0,nan,55,26,47.0,92
44,善化,2019-12-11,92,6,5.0,nan,57,29,44.0,92
43,新營,2019-12-11,84,4,5.0,nan,54,35,44.0,84
42,嘉義,2019-12-11,82,10,7.0,nan,51,29,42.0,82
41,臺西,2019-12-11,67,6,nan,nan,38,14,nan,67
40,朴子,2019-12-11,71,4,6.0,nan,52,24,45.0,71
39,新港,2019-12-11,78,6,6.0,nan,57,25,44.0,78
38,崙背,2019-12-11,70,6,6.0,nan,50,24,44.0,70
37,斗六,2019-12-11,71,7,6.0,nan,44,30,46.0,71
36,南投,2019-12-11,66,4,7.0,nan,38,38,45.0,66
35,二林,2019-12-11,66,6,6.0,nan,43,21,40.0,66
34,線西,2019-12-11,65,7,nan,nan,44,13,nan,65
33,彰化,2019-12-11,60,3,7.0,nan,36,27,39.0,60
32,西屯,2019-12-11,60,4,6.0,nan,39,33,44.0,60
31,忠明,2019-12-11,65,6,7.0,nan,33,43,39.0,65
30,大里,2019-12-11,62,6,9.0,nan,35,36,38.0,62
29,沙鹿,2019-12-11,59,3,3.0,nan,31,39,46.0,59
28,豐原,2019-12-11,49,4,3.0,nan,23,18,42.0,49
27,三義,2019-12-11,47,4,2.0,nan,21,12,42.0,47
26,苗栗,2019-12-11,58,9,5.0,nan,28,20,34.0,58
24,新竹,2019-12-11,55,4,3.0,nan,30,21,44.0,55
23,竹東,2019-12-11,49,3,3.0,nan,22,8,49.0,43
3,萬里,2019-12-11,77,4,2.0,nan,52,8,77.0,49
22,湖口,2019-12-11,52,4,2.0,nan,25,11,47.0,52
2,汐止,2019-12-11,51,13,6.0,nan,27,36,39.0,51
21,龍潭,2019-12-11,50,7,3.0,nan,23,21,48.0,50
1,基隆,2019-12-11,54,4,3.0,nan,27,31,54.0,41
20,平鎮,2019-12-11,47,7,5.0,nan,30,26,38.0,47
19,觀音,2019-12-11,61,7,2.0,nan,32,8,61.0,48
18,大園,2019-12-11,54,9,3.0,nan,30,18,50.0,54
17,桃園,2019-12-11,51,9,6.0,nan,26,25,34.0,51
16,大同,2019-12-11,60,9,18.0,nan,32,43,nan,60
15,松山,2019-12-11,57,6,6.0,nan,31,32,38.0,57
75,馬祖,2019-12-12,129,6,7.0,nan,71,11.0,80.0,129
72,埔里,2019-12-12,87,6,7.0,nan,35,37.0,87.0,72
71,復興,2019-12-12,87,10,11.0,nan,58,48.0,nan,87
70,永和,2019-12-12,67,4,7.0,nan,47,16.0,nan,67
69,竹山,2019-12-12,85,4,6.0,nan,50,27.0,71.0,85
68,中壢,2019-12-12,73,7,11.0,nan,47,39.0,nan,73
67,三重,2019-12-12,77,9,16.0,nan,52,48.0,nan,77
66,冬山,2019-12-12,76,9,5.0,nan,50,14.0,49.0,76
65,宜蘭,2019-12-12,74,4,6.0,nan,47,14.0,48.0,74
64,陽明,2019-12-12,59,3,3.0,nan,33,4.0,46.0,59
63,花蓮,2019-12-12,73,3,5.0,nan,47,19.0,64.0,73
62,臺東,2019-12-12,63,3,5.0,nan,42,9.0,58.0,63
61,恆春,2019-12-12,77,3,3.0,nan,34,3.0,77.0,64
60,潮州,2019-12-12,81,6,5.0,nan,47,18.0,67.0,81
59,屏東,2019-12-12,74,7,7.0,nan,52,35.0,71.0,74
58,小港,2019-12-12,86,7,8.0,nan,58,48.0,45.0,86
57,前鎮,2019-12-12,86,9,nan,nan,62,41.0,nan,86
56,前金,2019-12-12,94,13,9.0,nan,61,46.0,87.0,94
54,左營,2019-12-12,104,9,9.0,nan,58,49.0,104.0,90
53,楠梓,2019-12-12,90,9,8.0,nan,59,64.0,67.0,90
52,林園,2019-12-12,90,10,5.0,nan,62,30.0,80.0,90
51,大寮,2019-12-12,95,36,6.0,nan,58,42.0,48.0,95
50,鳳山,2019-12-12,79,6,8.0,nan,57,42.0,nan,79
49,仁武,2019-12-12,89,9,7.0,nan,57,36.0,64.0,89
48,橋頭,2019-12-12,87,9,6.0,nan,55,30.0,77.0,87
47,美濃,2019-12-12,77,3,5.0,nan,33,14.0,77.0,65
46,臺南,2019-12-12,87,7,8.0,nan,55,34.0,87.0,85
45,安南,2019-12-12,87,4,6.0,nan,56,30.0,87.0,85
44,善化,2019-12-12,87,11,5.0,nan,54,25.0,87.0,78
43,新營,2019-12-12,83,7,6.0,nan,54,25.0,77.0,83
42,嘉義,2019-12-12,85,19,7.0,nan,54,30.0,67.0,85
41,臺西,2019-12-12,73,7,nan,nan,49,23.0,nan,73
40,朴子,2019-12-12,76,7,5.0,nan,56,26.0,74.0,76
39,新港,2019-12-12,86,7,6.0,nan,59,22.0,80.0,86
38,崙背,2019-12-12,78,6,5.0,nan,52,20.0,67.0,78
37,斗六,2019-12-12,91,6,6.0,nan,58,28.0,77.0,91
36,南投,2019-12-12,81,6,9.0,nan,48,57.0,80.0,81
35,二林,2019-12-12,74,9,5.0,nan,52,23.0,48.0,74
34,線西,2019-12-12,73,10,nan,nan,52,18.0,nan,73
33,彰化,2019-12-12,72,6,8.0,nan,47,30.0,46.0,72
32,西屯,2019-12-12,75,4,6.0,nan,46,26.0,51.0,75
31,忠明,2019-12-12,74,6,7.0,nan,41,40.0,42.0,74
30,大里,2019-12-12,85,6,10.0,nan,51,42.0,50.0,85
29,沙鹿,2019-12-12,73,4,5.0,nan,43,27.0,64.0,73
28,豐原,2019-12-12,68,10,24.0,nan,37,31.0,48.0,68
27,三義,2019-12-12,66,3,6.0,nan,32,19.0,50.0,66
26,苗栗,2019-12-12,77,4,7.0,nan,40,30.0,43.0,77
25,頭份,2019-12-12,73,1,nan,nan,45,30.0,nan,73
24,新竹,2019-12-12,72,6,6.0,nan,45,16.0,49.0,72
23,竹東,2019-12-12,72,4,5.0,nan,39,11.0,61.0,72
22,湖口,2019-12-12,73,9,5.0,nan,43,13.0,49.0,73
21,龍潭,2019-12-12,70,4,5.0,nan,42,11.0,61.0,70
20,平鎮,2019-12-12,71,9,6.0,nan,45,21.0,45.0,71
19,觀音,2019-12-12,71,11,5.0,nan,52,25.0,45.0,71
18,大園,2019-12-12,72,10,5.0,nan,50,23.0,46.0,72
17,桃園,2019-12-12,74,11,6.0,nan,47,21.0,40.0,74
16,大同,2019-12-12,77,7,15.0,nan,53,48.0,nan,77
15,松山,2019-12-12,78,6,6.0,nan,53,25.0,45.0,78
14,古亭,2019-12-12,71,4,6.0,nan,45,17.0,46.0,71
13,萬華,2019-12-12,69,6,7.0,nan,47,31.0,44.0,69
12,中山,2019-12-12,71,7,8.0,nan,46,35.0,40.0,71
11,士林,2019-12-12,61,9,5.0,nan,42,9.0,54.0,61
10,淡水,2019-12-12,65,4,5.0,nan,38,17.0,50.0,65
9,林口,2019-12-12,70,7,5.0,nan,46,23.0,48.0,70
8,菜寮,2019-12-12,70,7,6.0,nan,44,24.0,42.0,70
7,新莊,2019-12-12,72,9,6.0,nan,50,26.0,46.0,72
6,板橋,2019-12-12,73,17,7.0,nan,48,25.0,42.0,73
5,土城,2019-12-12,64,4,6.0,nan,47,17.0,47.0,64
1,基隆,2019-12-12,66,3,3.0,nan,48,7.0,54.0,66
2,汐止,2019-12-12,73,4,5.0,nan,49,35.0,45.0,73
3,萬里,2019-12-12,69,4,3.0,nan,65,5.0,61.0,69
4,新店,2019-12-12,74,4,5.0,nan,44,nan,47.0,74
84,富貴角,2019-12-12,66,1,3.0,nan,54,5.0,51.0,66
83,麥寮,2019-12-12,73,6,nan,nan,55,22.0,nan,73
80,關山,2019-12-12,65,3,nan,nan,34,8.0,46.0,65
78,馬公,2019-12-12,71,4,3.0,nan,49,7.0,71.0,69
77,金門,2019-12-12,102,10,5.0,nan,68,18.0,80.0,102
4,新店,2019-12-13,38,3,6.0,nan,25,8,32.0,38
65,宜蘭,2019-12-13,39,3,3.0,nan,23,8,39.0,36
64,陽明,2019-12-13,38,3,2.0,nan,13,2,38.0,23
78,馬公,2019-12-13,61,3,2.0,nan,39,4,61.0,49
80,關山,2019-12-13,50,3,nan,nan,24,8,37.0,50
63,花蓮,2019-12-13,47,4,5.0,nan,28,19,43.0,47
83,麥寮,2019-12-13,57,6,nan,nan,46,18,nan,57
62,臺東,2019-12-13,54,3,6.0,nan,31,10,46.0,54
84,富貴角,2019-12-13,45,1,2.0,nan,45,5,43.0,40
61,恆春,2019-12-13,56,3,3.0,nan,29,3,54.0,56
1,基隆,2019-12-13,38,4,6.0,nan,30,27,37.0,38
60,潮州,2019-12-13,69,4,5.0,nan,39,20,51.0,69
2,汐止,2019-12-13,45,17,6.0,nan,31,36,33.0,45
59,屏東,2019-12-13,65,3,6.0,nan,46,24,50.0,65
5,土城,2019-12-13,35,6,7.0,nan,31,35,35.0,35
58,小港,2019-12-13,84,7,7.0,nan,57,35,46.0,84
57,前鎮,2019-12-13,84,6,nan,nan,64,31,nan,84
3,萬里,2019-12-13,42,4,3.0,nan,35,15,39.0,42
56,前金,2019-12-13,88,4,7.0,nan,59,23,51.0,88
54,左營,2019-12-13,83,4,7.0,nan,55,25,50.0,83
53,楠梓,2019-12-13,82,4,6.0,nan,58,28,49.0,82
52,林園,2019-12-13,82,14,6.0,nan,59,32,50.0,82
51,大寮,2019-12-13,83,14,6.0,nan,53,29,46.0,83
50,鳳山,2019-12-13,77,7,7.0,nan,57,39,nan,77
49,仁武,2019-12-13,87,13,7.0,nan,57,34,44.0,87
48,橋頭,2019-12-13,84,6,7.0,nan,56,31,47.0,84
47,美濃,2019-12-13,58,3,3.0,nan,31,12,46.0,58
46,臺南,2019-12-13,78,7,7.0,nan,50,27,46.0,78
45,安南,2019-12-13,77,7,7.0,nan,52,28,49.0,77
44,善化,2019-12-13,79,9,7.0,nan,54,23,48.0,79
43,新營,2019-12-13,79,6,7.0,nan,53,29,45.0,79
42,嘉義,2019-12-13,89,14,8.0,nan,56,28,44.0,89
41,臺西,2019-12-13,51,6,nan,nan,36,8,nan,51
40,朴子,2019-12-13,60,6,7.0,nan,50,18,45.0,60
39,新港,2019-12-13,78,6,7.0,nan,57,25,46.0,78
38,崙背,2019-12-13,69,6,7.0,nan,49,23,43.0,69
37,斗六,2019-12-13,89,6,6.0,nan,58,25,46.0,89
36,南投,2019-12-13,73,3,6.0,nan,44,30,49.0,73
35,二林,2019-12-13,65,7,6.0,nan,51,23,38.0,65
34,線西,2019-12-13,59,9,nan,nan,45,25,nan,59
33,彰化,2019-12-13,70,6,9.0,nan,44,32,36.0,70
32,西屯,2019-12-13,79,4,9.0,nan,54,42,42.0,79
31,忠明,2019-12-13,83,4,10.0,nan,49,44,39.0,83
30,大里,2019-12-13,80,7,9.0,nan,50,30,38.0,80
29,沙鹿,2019-12-13,68,4,7.0,nan,41,33,42.0,68
28,豐原,2019-12-13,70,6,7.0,nan,39,30,44.0,70
27,三義,2019-12-13,62,4,5.0,nan,33,19,43.0,62
26,苗栗,2019-12-13,64,9,7.0,nan,37,28,28.0,64
25,頭份,2019-12-13,58,9,nan,nan,35,34,nan,58
24,新竹,2019-12-13,50,6,5.0,nan,32,30,38.0,50
23,竹東,2019-12-13,50,6,6.0,nan,29,24,38.0,50
22,湖口,2019-12-13,47,6,5.0,nan,31,22,40.0,47
21,龍潭,2019-12-13,45,7,6.0,nan,27,28,36.0,45
20,平鎮,2019-12-13,44,7,7.0,nan,33,41,31.0,44
19,觀音,2019-12-13,41,13,3.0,nan,35,25,41.0,41
18,大園,2019-12-13,44,13,3.0,nan,34,36,40.0,44
17,桃園,2019-12-13,47,11,8.0,nan,31,34,28.0,47
16,大同,2019-12-13,54,10,15.0,nan,38,49,nan,54
15,松山,2019-12-13,47,10,7.0,nan,32,36,29.0,47
14,古亭,2019-12-13,39,4,6.0,nan,29,30,34.0,39
13,萬華,2019-12-13,45,6,6.0,nan,32,36,30.0,45
12,中山,2019-12-13,40,9,8.0,nan,31,39,27.0,40
11,士林,2019-12-13,38,11,5.0,nan,28,31,38.0,30
10,淡水,2019-12-13,47,3,7.0,nan,29,27,35.0,47
9,林口,2019-12-13,42,16,5.0,nan,31,30,34.0,42
8,菜寮,2019-12-13,44,14,8.0,nan,31,35,31.0,44
7,新莊,2019-12-13,45,6,6.0,nan,38,41,35.0,45
6,板橋,2019-12-13,43,19,7.0,nan,31,38,29.0,43
71,復興,2019-12-13,87,9,10.0,nan,57,33,nan,87
72,埔里,2019-12-13,77,6,7.0,nan,37,32,71.0,77
70,永和,2019-12-13,37,4,11.0,nan,31,33,nan,37
75,馬祖,2019-12-13,54,4,2.0,nan,31,8,47.0,54
69,竹山,2019-12-13,82,6,3.0,nan,46,25,51.0,82
77,金門,2019-12-13,64,7,3.0,nan,51,17,46.0,64
68,中壢,2019-12-13,47,9,14.0,nan,33,42,nan,47
67,三重,2019-12-13,54,17,18.0,nan,38,47,nan,54
66,冬山,2019-12-13,36,3,5.0,nan,27,14,35.0,36
2,汐止,2019-12-14,37,6,3.0,nan,22,26,37.0,32.0
84,富貴角,2019-12-14,50,1,1.0,nan,31,3,50.0,31.0
83,麥寮,2019-12-14,63,6,nan,nan,48,19,nan,63.0
80,關山,2019-12-14,33,3,nan,nan,14,10,31.0,33.0
78,馬公,2019-12-14,51,3,2.0,nan,33,4,51.0,41.0
77,金門,2019-12-14,100,16,6.0,nan,66,40,58.0,100.0
75,馬祖,2019-12-14,74,6,5.0,nan,37,14,74.0,68.0
72,埔里,2019-12-14,54,7,7.0,nan,23,31,45.0,54.0
71,復興,2019-12-14,82,9,10.0,nan,52,40,nan,82.0
70,永和,2019-12-14,30,1,6.0,nan,22,19,nan,30.0
69,竹山,2019-12-14,64,6,6.0,nan,32,26,47.0,64.0
68,中壢,2019-12-14,34,4,10.0,nan,24,32,nan,34.0
67,三重,2019-12-14,47,11,15.0,nan,29,47,nan,42.0
66,冬山,2019-12-14,31,3,3.0,nan,23,16,31.0,30.0
65,宜蘭,2019-12-14,34,3,3.0,nan,19,12,34.0,29.0
64,陽明,2019-12-14,44,1,2.0,nan,5,1,44.0,9.0
63,花蓮,2019-12-14,35,3,3.0,nan,19,17,35.0,31.0
62,臺東,2019-12-14,39,3,5.0,nan,21,8,39.0,nan
61,恆春,2019-12-14,43,3,2.0,nan,19,2,43.0,36.0
60,潮州,2019-12-14,126,4,5.0,nan,45,17,126.0,77.0
59,屏東,2019-12-14,68,24,9.0,nan,50,33,54.0,68.0
58,小港,2019-12-14,82,7,7.0,nan,53,42,74.0,82.0
57,前鎮,2019-12-14,78,6,nan,nan,53,36,nan,78.0
56,前金,2019-12-14,112,4,6.0,nan,55,25,112.0,86.0
54,左營,2019-12-14,112,9,6.0,nan,54,26,112.0,88.0
53,楠梓,2019-12-14,77,4,6.0,nan,47,28,58.0,77.0
52,林園,2019-12-14,126,9,3.0,nan,58,42,126.0,85.0
51,大寮,2019-12-14,84,20,7.0,nan,53,33,77.0,84.0
50,鳳山,2019-12-14,75,7,8.0,nan,52,35,nan,75.0
49,仁武,2019-12-14,82,13,6.0,nan,52,39,74.0,82.0
48,橋頭,2019-12-14,80,6,7.0,nan,51,27,61.0,80.0
47,美濃,2019-12-14,54,3,3.0,nan,26,14,46.0,54.0
46,臺南,2019-12-14,89,4,7.0,nan,53,30,67.0,89.0
45,安南,2019-12-14,83,4,6.0,nan,50,23,77.0,83.0
44,善化,2019-12-14,73,9,5.0,nan,46,19,61.0,73.0
43,新營,2019-12-14,76,6,5.0,nan,42,20,49.0,76.0
42,嘉義,2019-12-14,89,13,8.0,nan,50,31,45.0,89.0
41,臺西,2019-12-14,61,6,nan,nan,38,21,nan,61.0
40,朴子,2019-12-14,57,6,6.0,nan,46,18,54.0,57.0
39,新港,2019-12-14,77,4,6.0,nan,49,20,61.0,77.0
38,崙背,2019-12-14,74,9,5.0,nan,48,19,49.0,74.0
37,斗六,2019-12-14,96,6,8.0,nan,55,32,50.0,96.0
36,南投,2019-12-14,58,4,7.0,nan,33,40,44.0,58.0
35,二林,2019-12-14,63,9,6.0,nan,43,25,43.0,63.0
34,線西,2019-12-14,61,11,nan,nan,44,29,nan,61.0
33,彰化,2019-12-14,73,7,8.0,nan,43,35,41.0,73.0
32,西屯,2019-12-14,75,3,8.0,nan,45,36,46.0,75.0
31,忠明,2019-12-14,74,4,8.0,nan,38,41,42.0,74.0
30,大里,2019-12-14,67,6,10.0,nan,39,43,46.0,67.0
29,沙鹿,2019-12-14,79,6,7.0,nan,42,32,45.0,79.0
28,豐原,2019-12-14,56,7,5.0,nan,27,25,44.0,56.0
27,三義,2019-12-14,53,4,6.0,nan,24,24,44.0,53.0
26,苗栗,2019-12-14,56,9,6.0,nan,28,25,31.0,56.0
25,頭份,2019-12-14,45,3,nan,nan,23,18,nan,45.0
24,新竹,2019-12-14,42,4,5.0,nan,23,29,38.0,42.0
23,竹東,2019-12-14,37,4,5.0,nan,20,14,37.0,36.0
22,湖口,2019-12-14,39,4,3.0,nan,23,20,39.0,38.0
21,龍潭,2019-12-14,36,4,5.0,nan,19,21,36.0,31.0
20,平鎮,2019-12-14,34,6,5.0,nan,23,18,34.0,34.0
19,觀音,2019-12-14,43,10,2.0,nan,26,14,43.0,38.0
18,大園,2019-12-14,37,11,2.0,nan,27,33,37.0,37.0
17,桃園,2019-12-14,36,9,5.0,nan,22,16,31.0,36.0
16,大同,2019-12-14,38,11,9.0,nan,29,38,nan,38.0
15,松山,2019-12-14,41,4,5.0,nan,26,25,32.0,41.0
14,古亭,2019-12-14,35,3,3.0,nan,21,16,35.0,31.0
13,萬華,2019-12-14,34,4,3.0,nan,23,27,31.0,34.0
12,中山,2019-12-14,32,10,5.0,nan,22,28,28.0,32.0
11,士林,2019-12-14,46,9,2.0,nan,19,9,46.0,24.0
10,淡水,2019-12-14,41,3,5.0,nan,16,16,41.0,31.0
9,林口,2019-12-14,40,7,2.0,nan,22,14,40.0,31.0
8,菜寮,2019-12-14,35,14,5.0,nan,22,25,33.0,35.0
7,新莊,2019-12-14,42,9,3.0,nan,31,17,39.0,42.0
6,板橋,2019-12-14,32,30,5.0,nan,23,27,32.0,32.0
5,土城,2019-12-14,36,3,5.0,nan,21,20,36.0,25.0
4,新店,2019-12-14,36,3,5.0,nan,19,11,36.0,30.0
3,萬里,2019-12-14,39,3,3.0,nan,29,22,39.0,35.0
1,基隆,2019-12-14,39,3,3.0,nan,22,19,39.0,28.0
2,汐止,2019-12-15,39,4,3.0,nan,17,17,39.0,22.0
3,萬里,2019-12-15,39,9,2.0,nan,13,13,39.0,24.0
4,新店,2019-12-15,37,1,2.0,nan,10,11,37.0,15.0
5,土城,2019-12-15,38,1,5.0,nan,12,25,38.0,9.0
6,板橋,2019-12-15,32,17,6.0,nan,15,27,32.0,24.0
7,新莊,2019-12-15,38,3,5.0,nan,18,19,38.0,26.0
8,菜寮,2019-12-15,33,3,5.0,nan,14,20,33.0,23.0
9,林口,2019-12-15,38,4,3.0,nan,15,16,38.0,21.0
10,淡水,2019-12-15,39,3,1.0,nan,11,6,39.0,19.0
11,士林,2019-12-15,41,4,2.0,nan,13,11,41.0,15.0
12,中山,2019-12-15,31,3,6.0,nan,16,30,31.0,22.0
13,萬華,2019-12-15,31,3,3.0,nan,15,26,31.0,24.0
14,古亭,2019-12-15,37,3,2.0,nan,13,13,37.0,19.0
15,松山,2019-12-15,36,4,3.0,nan,18,25,36.0,26.0
16,大同,2019-12-15,36,3,9.0,nan,21,36,nan,36.0
17,桃園,2019-12-15,35,9,6.0,nan,15,23,35.0,25.0
18,大園,2019-12-15,47,9,5.0,nan,17,21,47.0,32.0
19,觀音,2019-12-15,58,9,5.0,nan,23,20,58.0,46.0
20,平鎮,2019-12-15,51,6,6.0,nan,17,25,51.0,34.0
21,龍潭,2019-12-15,50,7,7.0,nan,20,45,50.0,48.0
22,湖口,2019-12-15,84,4,7.0,nan,29,40,84.0,65.0
23,竹東,2019-12-15,56,3,6.0,nan,26,24,48.0,56.0
24,新竹,2019-12-15,65,6,9.0,nan,31,42,64.0,65.0
25,頭份,2019-12-15,67,14,nan,nan,32,28,nan,67.0
26,苗栗,2019-12-15,65,9,6.0,nan,30,20,36.0,65.0
27,三義,2019-12-15,50,6,3.0,nan,20,18,41.0,50.0
28,豐原,2019-12-15,56,9,5.0,nan,27,21,42.0,56.0
29,沙鹿,2019-12-15,84,16,7.0,nan,46,30,61.0,84.0
30,大里,2019-12-15,82,6,8.0,nan,43,34,44.0,82.0
31,忠明,2019-12-15,84,7,8.0,nan,41,37,44.0,84.0
32,西屯,2019-12-15,83,7,7.0,nan,50,31,47.0,83.0
33,彰化,2019-12-15,81,9,7.0,nan,47,25,43.0,81.0
34,線西,2019-12-15,74,6,nan,nan,47,23,nan,74.0
35,二林,2019-12-15,92,13,6.0,nan,56,18,45.0,92.0
36,南投,2019-12-15,67,3,6.0,nan,35,25,44.0,67.0
37,斗六,2019-12-15,109,6,6.0,nan,62,23,51.0,109.0
38,崙背,2019-12-15,106,7,6.0,nan,63,18,51.0,106.0
39,新港,2019-12-15,103,7,6.0,nan,67,16,54.0,103.0
40,朴子,2019-12-15,85,7,5.0,nan,60,17,54.0,85.0
41,臺西,2019-12-15,70,7,nan,nan,42,18,nan,70.0
42,嘉義,2019-12-15,117,17,7.0,nan,59,24,48.0,117.0
43,新營,2019-12-15,98,7,6.0,nan,54,21,54.0,98.0
44,善化,2019-12-15,107,9,5.0,nan,62,18,74.0,107.0
45,安南,2019-12-15,104,9,6.0,nan,62,24,77.0,104.0
46,臺南,2019-12-15,106,9,7.0,nan,60,32,64.0,106.0
47,美濃,2019-12-15,74,4,5.0,nan,37,11,74.0,74.0
48,橋頭,2019-12-15,93,7,6.0,nan,53,25,93.0,90.0
49,仁武,2019-12-15,100,9,6.0,nan,53,29,100.0,92.0
50,鳳山,2019-12-15,81,6,8.0,nan,52,44,nan,81.0
51,大寮,2019-12-15,104,16,5.0,nan,55,23,104.0,103.0
52,林園,2019-12-15,140,9,5.0,nan,62,29,140.0,107.0
53,楠梓,2019-12-15,93,6,5.0,nan,52,29,90.0,93.0
54,左營,2019-12-15,108,7,7.0,nan,54,27,108.0,90.0
56,前金,2019-12-15,112,7,6.0,nan,54,24,112.0,93.0
57,前鎮,2019-12-15,87,9,nan,nan,56,41,nan,87.0
58,小港,2019-12-15,90,11,5.0,nan,48,38,90.0,84.0
59,屏東,2019-12-15,97,7,7.0,nan,52,28,97.0,77.0
60,潮州,2019-12-15,140,7,6.0,nan,52,15,140.0,94.0
61,恆春,2019-12-15,43,1,1.0,nan,13,2,43.0,21.0
62,臺東,2019-12-15,38,3,3.0,nan,15,5,38.0,nan
63,花蓮,2019-12-15,37,1,3.0,nan,14,10,37.0,19.0
64,陽明,2019-12-15,36,4,1.0,nan,5,3,36.0,15.0
65,宜蘭,2019-12-15,39,3,3.0,nan,15,10,39.0,22.0
66,冬山,2019-12-15,27,3,2.0,nan,15,15,25.0,27.0
67,三重,2019-12-15,37,3,14.0,nan,20,37,nan,33.0
68,中壢,2019-12-15,36,7,16.0,nan,19,35,nan,36.0
69,竹山,2019-12-15,61,3,5.0,nan,32,25,47.0,61.0
70,永和,2019-12-15,17,3,5.0,nan,13,16,nan,17.0
71,復興,2019-12-15,91,9,8.0,nan,53,48,nan,91.0
72,埔里,2019-12-15,52,4,7.0,nan,23,30,49.0,52.0
75,馬祖,2019-12-15,78,6,3.0,nan,39,12,51.0,78.0
77,金門,2019-12-15,70,9,3.0,nan,51,14,67.0,70.0
78,馬公,2019-12-15,101,3,3.0,nan,43,7,101.0,59.0
80,關山,2019-12-15,30,3,nan,nan,11,5,30.0,25.0
83,麥寮,2019-12-15,76,4,nan,nan,55,18,nan,76.0
84,富貴角,2019-12-15,40,6,1.0,nan,20,7,40.0,19.0
1,基隆,2019-12-15,40,3,3.0,nan,17,14,40.0,19.0
58,小港,2019-12-16,86,9,6.0,nan,52,64,49.0,86
2,汐止,2019-12-16,41,33,8.0,nan,24,35,27.0,41
3,萬里,2019-12-16,45,6,3.0,nan,17,16,45.0,39
4,新店,2019-12-16,48,10,8.0,nan,19,45,48.0,40
5,土城,2019-12-16,71,9,14.0,nan,34,71,45.0,63
6,板橋,2019-12-16,66,16,12.0,nan,34,65,41.0,66
7,新莊,2019-12-16,77,13,14.0,nan,43,64,45.0,77
8,菜寮,2019-12-16,67,10,11.0,nan,33,55,42.0,67
9,林口,2019-12-16,70,9,7.0,nan,34,48,48.0,70
10,淡水,2019-12-16,65,7,8.0,nan,27,34,45.0,65
11,士林,2019-12-16,54,6,9.0,nan,28,54,46.0,52
12,中山,2019-12-16,61,24,14.0,nan,26,61,35.0,58
13,萬華,2019-12-16,58,23,11.0,nan,29,58,41.0,56
14,古亭,2019-12-16,49,13,8.0,nan,21,49,47.0,46
15,松山,2019-12-16,53,39,10.0,nan,26,48,31.0,53
16,大同,2019-12-16,66,17,24.0,nan,35,62,nan,66
17,桃園,2019-12-16,85,14,11.0,nan,42,36,37.0,85
18,大園,2019-12-16,88,14,6.0,nan,45,42,44.0,88
19,觀音,2019-12-16,85,40,5.0,nan,39,31,39.0,85
20,平鎮,2019-12-16,79,7,10.0,nan,44,65,40.0,79
21,龍潭,2019-12-16,72,14,9.0,nan,32,55,45.0,72
22,湖口,2019-12-16,85,6,6.0,nan,39,37,42.0,85
23,竹東,2019-12-16,47,6,6.0,nan,24,32,42.0,47
24,新竹,2019-12-16,83,9,9.0,nan,38,35,38.0,83
25,頭份,2019-12-16,83,7,nan,nan,38,39,nan,83
26,苗栗,2019-12-16,78,9,6.0,nan,32,34,30.0,78
27,三義,2019-12-16,54,4,5.0,nan,24,22,45.0,54
28,豐原,2019-12-16,69,7,7.0,nan,36,36,47.0,69
29,沙鹿,2019-12-16,99,10,7.0,nan,52,42,40.0,99
30,大里,2019-12-16,96,7,12.0,nan,52,54,48.0,96
31,忠明,2019-12-16,104,6,10.0,nan,52,50,47.0,104
32,西屯,2019-12-16,104,7,7.0,nan,61,45,45.0,104
33,彰化,2019-12-16,96,13,9.0,nan,53,44,36.0,96
34,線西,2019-12-16,83,13,nan,nan,54,38,nan,83
35,二林,2019-12-16,100,7,3.0,nan,59,23,41.0,100
36,南投,2019-12-16,78,9,10.0,nan,41,63,61.0,78
37,斗六,2019-12-16,117,6,7.0,nan,62,39,50.0,117
38,崙背,2019-12-16,90,4,3.0,nan,56,15,44.0,90
39,新港,2019-12-16,104,6,3.0,nan,68,17,47.0,104
40,朴子,2019-12-16,91,6,5.0,nan,57,21,47.0,91
41,臺西,2019-12-16,79,1,nan,nan,42,14,nan,79
42,嘉義,2019-12-16,117,7,8.0,nan,59,38,44.0,117
43,新營,2019-12-16,101,4,5.0,nan,54,29,45.0,101
44,善化,2019-12-16,131,7,5.0,nan,70,34,44.0,131
45,安南,2019-12-16,123,6,6.0,nan,66,25,50.0,123
46,臺南,2019-12-16,121,4,7.0,nan,64,34,48.0,121
47,美濃,2019-12-16,73,4,5.0,nan,36,13,64.0,73
48,橋頭,2019-12-16,100,4,7.0,nan,59,32,51.0,100
49,仁武,2019-12-16,90,19,8.0,nan,53,48,54.0,90
50,鳳山,2019-12-16,84,6,9.0,nan,56,42,nan,84
51,大寮,2019-12-16,103,17,8.0,nan,57,49,61.0,103
52,林園,2019-12-16,95,11,5.0,nan,57,31,80.0,95
53,楠梓,2019-12-16,89,6,7.0,nan,52,35,51.0,89
54,左營,2019-12-16,88,6,8.0,nan,50,32,80.0,88
56,前金,2019-12-16,96,9,7.0,nan,56,37,84.0,96
57,前鎮,2019-12-16,87,10,nan,nan,52,49,nan,87
59,屏東,2019-12-16,88,7,9.0,nan,57,50,64.0,88
60,潮州,2019-12-16,100,4,3.0,nan,50,19,100.0,94
61,恆春,2019-12-16,39,1,1.0,nan,12,2,39.0,21
62,臺東,2019-12-16,34,1,5.0,nan,13,13,34.0,19
63,花蓮,2019-12-16,29,13,5.0,nan,11,24,29.0,19
64,陽明,2019-12-16,84,6,3.0,nan,17,15,84.0,39
65,宜蘭,2019-12-16,34,3,3.0,nan,16,14,34.0,23
66,冬山,2019-12-16,31,7,3.0,nan,21,17,31.0,28
67,三重,2019-12-16,77,11,22.0,nan,36,77,nan,72
68,中壢,2019-12-16,83,9,18.0,nan,42,69,nan,83
69,竹山,2019-12-16,71,10,6.0,nan,35,38,58.0,71
70,永和,2019-12-16,65,14,19.0,nan,28,65,nan,53
71,復興,2019-12-16,90,14,14.0,nan,53,48,nan,90
72,埔里,2019-12-16,56,6,7.0,nan,23,40,46.0,56
75,馬祖,2019-12-16,57,4,6.0,nan,31,20,44.0,57
77,金門,2019-12-16,88,13,5.0,nan,54,36,49.0,88
78,馬公,2019-12-16,51,6,2.0,nan,32,8,49.0,51
80,關山,2019-12-16,24,3,nan,nan,5,7,24.0,18
83,麥寮,2019-12-16,75,7,nan,nan,51,21,nan,75
84,富貴角,2019-12-16,55,4,3.0,nan,29,16,42.0,55
1,基隆,2019-12-16,42,7,7.0,nan,22,34,35.0,42
2,汐止,2019-12-17,58,7.0,10.0,nan,31,55,33.0,58
3,萬里,2019-12-17,49,6.0,5.0,nan,20,34,35.0,49
4,新店,2019-12-17,42,4.0,8.0,nan,18,42,31.0,38
5,土城,2019-12-17,69,9.0,12.0,nan,36,50,27.0,69
6,板橋,2019-12-17,68,14.0,15.0,nan,34,60,29.0,68
7,新莊,2019-12-17,81,10.0,16.0,nan,43,58,31.0,81
8,菜寮,2019-12-17,64,9.0,15.0,nan,31,57,29.0,64
9,林口,2019-12-17,67,13.0,7.0,nan,34,46,24.0,67
10,淡水,2019-12-17,63,9.0,9.0,nan,27,38,27.0,63
11,士林,2019-12-17,41,6.0,8.0,nan,22,40,34.0,41
12,中山,2019-12-17,62,10.0,16.0,nan,27,62,24.0,59
13,萬華,2019-12-17,57,9.0,11.0,nan,27,52,26.0,57
14,古亭,2019-12-17,45,4.0,9.0,nan,19,42,31.0,45
15,松山,2019-12-17,62,4.0,10.0,nan,28,46,26.0,62
16,大同,2019-12-17,65,11.0,23.0,nan,34,65,nan,65
17,桃園,2019-12-17,80,27.0,15.0,nan,38,33,21.0,80
18,大園,2019-12-17,97,14.0,8.0,nan,48,51,21.0,97
19,觀音,2019-12-17,97,29.0,7.0,nan,47,42,20.0,97
20,平鎮,2019-12-17,66,10.0,9.0,nan,32,40,21.0,66
21,龍潭,2019-12-17,45,4.0,6.0,nan,20,27,28.0,45
22,湖口,2019-12-17,62,6.0,6.0,nan,29,30,25.0,62
23,竹東,2019-12-17,35,16.0,5.0,nan,19,19,26.0,35
24,新竹,2019-12-17,58,9.0,18.0,nan,29,49,16.0,58
25,頭份,2019-12-17,56,7.0,nan,nan,25,36,nan,56
26,苗栗,2019-12-17,48,4.0,7.0,nan,19,27,18.0,48
27,三義,2019-12-17,30,3.0,2.0,nan,12,16,30.0,30
28,豐原,2019-12-17,40,3.0,3.0,nan,18,19,28.0,40
29,沙鹿,2019-12-17,61,6.0,8.0,nan,27,48,26.0,61
30,大里,2019-12-17,67,7.0,11.0,nan,39,52,27.0,67
31,忠明,2019-12-17,72,7.0,11.0,nan,34,49,25.0,72
32,西屯,2019-12-17,68,4.0,9.0,nan,42,36,27.0,68
33,彰化,2019-12-17,62,9.0,12.0,nan,32,34,22.0,62
34,線西,2019-12-17,65,11.0,nan,nan,41,34,nan,65
35,二林,2019-12-17,79,14.0,6.0,nan,51,25,30.0,79
36,南投,2019-12-17,55,9.0,7.0,nan,31,31,38.0,55
37,斗六,2019-12-17,74,4.0,6.0,nan,44,29,45.0,74
38,崙背,2019-12-17,80,7.0,5.0,nan,50,25,33.0,80
39,新港,2019-12-17,95,6.0,6.0,nan,58,25,39.0,95
40,朴子,2019-12-17,78,6.0,6.0,nan,52,20,38.0,78
41,臺西,2019-12-17,73,nan,nan,nan,41,24,nan,73
42,嘉義,2019-12-17,76,29.0,6.0,nan,41,35,41.0,76
43,新營,2019-12-17,87,6.0,7.0,nan,52,29,43.0,87
44,善化,2019-12-17,84,9.0,5.0,nan,51,24,41.0,84
45,安南,2019-12-17,96,11.0,8.0,nan,57,36,41.0,96
46,臺南,2019-12-17,100,9.0,9.0,nan,55,36,41.0,100
47,美濃,2019-12-17,56,4.0,5.0,nan,28,14,44.0,56
48,橋頭,2019-12-17,82,6.0,6.0,nan,50,37,46.0,82
49,仁武,2019-12-17,89,17.0,9.0,nan,54,49,46.0,89
50,鳳山,2019-12-17,83,11.0,9.0,nan,59,47,nan,83
51,大寮,2019-12-17,94,24.0,6.0,nan,54,40,49.0,94
52,林園,2019-12-17,90,14.0,6.0,nan,54,41,80.0,90
53,楠梓,2019-12-17,78,6.0,7.0,nan,49,42,48.0,78
54,左營,2019-12-17,79,4.0,7.0,nan,47,33,58.0,79
56,前金,2019-12-17,82,6.0,8.0,nan,52,30,67.0,82
57,前鎮,2019-12-17,86,9.0,nan,nan,56,58,nan,86
58,小港,2019-12-17,82,6.0,8.0,nan,50,48,44.0,82
59,屏東,2019-12-17,71,7.0,7.0,nan,45,28,50.0,71
60,潮州,2019-12-17,81,6.0,5.0,nan,44,17,74.0,81
61,恆春,2019-12-17,24,1.0,1.0,nan,9,2,24.0,21
62,臺東,2019-12-17,20,3.0,5.0,nan,14,13,20.0,19
63,花蓮,2019-12-17,26,3.0,6.0,nan,14,23,23.0,26
64,陽明,2019-12-17,32,7.0,2.0,nan,5,10,32.0,15
65,宜蘭,2019-12-17,44,4.0,6.0,nan,19,18,44.0,40
66,冬山,2019-12-17,53,9.0,5.0,nan,28,24,37.0,53
67,三重,2019-12-17,70,7.0,19.0,nan,33,67,nan,70
68,中壢,2019-12-17,62,13.0,23.0,nan,31,40,nan,62
69,竹山,2019-12-17,59,4.0,5.0,nan,29,26,50.0,59
70,永和,2019-12-17,47,6.0,17.0,nan,23,42,nan,47
71,復興,2019-12-17,90,14.0,16.0,nan,57,64,nan,90
72,埔里,2019-12-17,54,6.0,7.0,nan,24,29,40.0,54
75,馬祖,2019-12-17,79,6.0,3.0,nan,37,32,30.0,79
77,金門,2019-12-17,118,21.0,6.0,nan,66,41,35.0,118
78,馬公,2019-12-17,46,9.0,3.0,nan,21,23,46.0,40
80,關山,2019-12-17,20,3.0,nan,nan,5,8,15.0,20
83,麥寮,2019-12-17,79,7.0,nan,nan,50,25,nan,79
84,富貴角,2019-12-17,56,4.0,6.0,nan,26,31,31.0,56
1,基隆,2019-12-17,49,13.0,7.0,nan,25,35,36.0,49
78,馬公,2019-12-18,49,4,6.0,nan,26,17,47.0,49
84,富貴角,2019-12-18,45,1,6.0,nan,29,8,39.0,45
83,麥寮,2019-12-18,64,4,nan,nan,42,22,nan,64
80,關山,2019-12-18,21,3,nan,nan,9,8,21.0,20
1,基隆,2019-12-18,48,3,6.0,nan,23,20,34.0,48
2,汐止,2019-12-18,45,10,7.0,nan,20,23,29.0,45
3,萬里,2019-12-18,51,4,6.0,nan,30,10,38.0,51
4,新店,2019-12-18,42,10,8.0,nan,18,26,22.0,42
5,土城,2019-12-18,49,9,8.0,nan,26,26,25.0,49
6,板橋,2019-12-18,47,6,9.0,nan,22,26,21.0,47
7,新莊,2019-12-18,48,6,10.0,nan,23,29,23.0,48
8,菜寮,2019-12-18,45,6,10.0,nan,18,29,21.0,45
9,林口,2019-12-18,44,3,7.0,nan,20,25,28.0,44
10,淡水,2019-12-18,33,6,7.0,nan,12,28,33.0,33
11,士林,2019-12-18,33,3,7.0,nan,13,22,33.0,24
12,中山,2019-12-18,45,6,10.0,nan,19,36,15.0,45
13,萬華,2019-12-18,44,4,9.0,nan,20,30,20.0,44
14,古亭,2019-12-18,46,10,8.0,nan,19,26,23.0,46
15,松山,2019-12-18,54,9,7.0,nan,22,32,17.0,54
16,大同,2019-12-18,54,7,25.0,nan,27,43,nan,54
17,桃園,2019-12-18,52,19,9.0,nan,21,34,22.0,52
18,大園,2019-12-18,58,10,7.0,nan,29,28,34.0,58
19,觀音,2019-12-18,61,23,7.0,nan,31,25,34.0,61
20,平鎮,2019-12-18,47,7,8.0,nan,25,28,26.0,47
21,龍潭,2019-12-18,39,9,7.0,nan,18,30,28.0,39
22,湖口,2019-12-18,56,4,6.0,nan,24,23,34.0,56
23,竹東,2019-12-18,37,6,6.0,nan,18,19,28.0,37
24,新竹,2019-12-18,56,6,7.0,nan,27,21,28.0,56
25,頭份,2019-12-18,60,7,nan,nan,31,25,nan,60
26,苗栗,2019-12-18,61,9,8.0,nan,28,21,19.0,61
27,三義,2019-12-18,48,4,6.0,nan,21,20,24.0,48
28,豐原,2019-12-18,54,4,7.0,nan,24,22,31.0,54
29,沙鹿,2019-12-18,65,6,7.0,nan,31,27,36.0,65
30,大里,2019-12-18,60,4,9.0,nan,35,40,30.0,60
31,忠明,2019-12-18,67,6,7.0,nan,31,24,31.0,67
32,西屯,2019-12-18,66,6,9.0,nan,43,23,33.0,66
33,彰化,2019-12-18,66,4,8.0,nan,35,27,31.0,66
34,線西,2019-12-18,62,9,nan,nan,42,22,nan,62
35,二林,2019-12-18,90,9,7.0,nan,57,19,32.0,90
36,南投,2019-12-18,56,4,8.0,nan,34,29,38.0,56
37,斗六,2019-12-18,64,7,7.0,nan,41,23,43.0,64
38,崙背,2019-12-18,67,9,7.0,nan,46,19,42.0,67
39,新港,2019-12-18,76,37,6.0,nan,54,25,44.0,76
40,朴子,2019-12-18,75,7,6.0,nan,53,25,44.0,75
41,臺西,2019-12-18,67,3,nan,nan,39,22,nan,67
42,嘉義,2019-12-18,67,6,8.0,nan,38,26,40.0,67
43,新營,2019-12-18,71,7,6.0,nan,44,23,41.0,71
44,善化,2019-12-18,66,7,6.0,nan,43,16,44.0,66
45,安南,2019-12-18,74,6,6.0,nan,47,27,45.0,74
46,臺南,2019-12-18,75,6,7.0,nan,45,28,45.0,75
47,美濃,2019-12-18,63,3,5.0,nan,35,12,42.0,63
48,橋頭,2019-12-18,88,11,7.0,nan,57,28,46.0,88
49,仁武,2019-12-18,82,13,7.0,nan,54,28,45.0,82
50,鳳山,2019-12-18,73,11,8.0,nan,54,36,nan,73
51,大寮,2019-12-18,99,66,7.0,nan,59,32,48.0,99
52,林園,2019-12-18,95,13,6.0,nan,64,36,64.0,95
53,楠梓,2019-12-18,74,4,7.0,nan,51,36,39.0,74
54,左營,2019-12-18,81,11,7.0,nan,52,35,54.0,81
56,前金,2019-12-18,87,10,8.0,nan,54,32,71.0,87
57,前鎮,2019-12-18,76,13,nan,nan,51,41,nan,76
58,小港,2019-12-18,83,9,9.0,nan,53,43,42.0,83
59,屏東,2019-12-18,68,7,7.0,nan,50,26,48.0,68
60,潮州,2019-12-18,108,11,5.0,nan,52,22,108.0,85
61,恆春,2019-12-18,26,3,1.0,nan,9,2,26.0,15
62,臺東,2019-12-18,33,1,5.0,nan,14,9,33.0,19
63,花蓮,2019-12-18,39,3,6.0,nan,13,11,39.0,19
64,陽明,2019-12-18,33,3,6.0,nan,5,3,33.0,9
65,宜蘭,2019-12-18,28,3,6.0,nan,13,14,28.0,28
66,冬山,2019-12-18,36,3,6.0,nan,16,24,31.0,36
67,三重,2019-12-18,52,6,19.0,nan,23,39,nan,52
68,中壢,2019-12-18,50,7,11.0,nan,24,35,nan,50
69,竹山,2019-12-18,69,4,7.0,nan,39,26,51.0,69
70,永和,2019-12-18,46,11,9.0,nan,20,27,nan,46
71,復興,2019-12-18,81,10,9.0,nan,52,43,nan,81
72,埔里,2019-12-18,53,6,5.0,nan,27,20,51.0,53
75,馬祖,2019-12-18,99,3,8.0,nan,51,19,29.0,99
77,金門,2019-12-18,116,26,8.0,nan,60,38,36.0,116
84,富貴角,2019-12-19,40,1,3.0,nan,19,2,40.0,14
75,馬祖,2019-12-19,29,3,3.0,nan,5,7,29.0,19
72,埔里,2019-12-19,67,7,7.0,nan,31,23,50.0,67
71,復興,2019-12-19,98,6,11.0,nan,62,30,nan,98
70,永和,2019-12-19,22,6,8.0,nan,5,22,nan,8
69,竹山,2019-12-19,79,3,7.0,nan,42,24,40.0,79
68,中壢,2019-12-19,32,6,8.0,nan,9,32,nan,20
67,三重,2019-12-19,38,4,15.0,nan,5,38,nan,16
66,冬山,2019-12-19,33,7,6.0,nan,5,21,33.0,6
65,宜蘭,2019-12-19,31,3,6.0,nan,5,11,31.0,3
64,陽明,2019-12-19,36,3,5.0,nan,5,1,36.0,3
63,花蓮,2019-12-19,38,6,3.0,nan,12,8,38.0,13
62,臺東,2019-12-19,39,1,6.0,nan,11,9,39.0,10
61,恆春,2019-12-19,40,1,2.0,nan,5,2,40.0,15
60,潮州,2019-12-19,105,9,6.0,nan,60,15,87.0,105
59,屏東,2019-12-19,94,4,7.0,nan,59,18,71.0,94
58,小港,2019-12-19,99,9,10.0,nan,59,30,46.0,99
57,前鎮,2019-12-19,97,6,nan,nan,59,25,nan,97
56,前金,2019-12-19,94,6,8.0,nan,58,24,51.0,94
54,左營,2019-12-19,91,6,9.0,nan,54,25,51.0,91
53,楠梓,2019-12-19,91,4,8.0,nan,54,19,58.0,91
52,林園,2019-12-19,113,9,8.0,nan,71,30,54.0,113
51,大寮,2019-12-19,112,9,8.0,nan,60,25,51.0,112
50,鳳山,2019-12-19,99,10,9.0,nan,62,29,nan,99
49,仁武,2019-12-19,97,9,8.0,nan,56,23,50.0,97
48,橋頭,2019-12-19,92,6,8.0,nan,57,20,50.0,92
47,美濃,2019-12-19,88,4,6.0,nan,45,11,47.0,88
3,萬里,2019-12-19,42,3,5.0,nan,19,3,42.0,19
46,臺南,2019-12-19,69,6,8.0,nan,41,19,32.0,69
45,安南,2019-12-19,73,4,8.0,nan,45,20,47.0,73
44,善化,2019-12-19,75,6,7.0,nan,45,20,44.0,75
43,新營,2019-12-19,71,4,8.0,nan,43,18,41.0,71
42,嘉義,2019-12-19,83,4,8.0,nan,49,26,30.0,83
41,臺西,2019-12-19,36,3,nan,nan,21,10,nan,36
40,朴子,2019-12-19,48,6,8.0,nan,37,15,40.0,48
39,新港,2019-12-19,57,6,9.0,nan,40,17,38.0,57
38,崙背,2019-12-19,46,4,8.0,nan,32,17,36.0,46
37,斗六,2019-12-19,79,6,7.0,nan,45,21,37.0,79
36,南投,2019-12-19,67,4,8.0,nan,36,29,36.0,67
35,二林,2019-12-19,37,9,7.0,nan,32,16,31.0,37
34,線西,2019-12-19,31,6,nan,nan,24,16,nan,31
33,彰化,2019-12-19,39,4,8.0,nan,23,21,30.0,39
32,西屯,2019-12-19,40,3,6.0,nan,29,18,32.0,40
31,忠明,2019-12-19,47,6,6.0,nan,20,23,31.0,47
30,大里,2019-12-19,54,7,9.0,nan,29,27,31.0,54
29,沙鹿,2019-12-19,38,3,6.0,nan,19,15,31.0,38
28,豐原,2019-12-19,41,3,5.0,nan,19,14,31.0,41
27,三義,2019-12-19,31,3,5.0,nan,13,16,27.0,31
26,苗栗,2019-12-19,32,7,7.0,nan,16,17,20.0,32
25,頭份,2019-12-19,32,6,nan,nan,17,25,nan,32
24,新竹,2019-12-19,31,6,6.0,nan,11,17,31.0,22
23,竹東,2019-12-19,29,4,6.0,nan,11,16,29.0,19
22,湖口,2019-12-19,36,4,6.0,nan,5,10,36.0,20
21,龍潭,2019-12-19,31,9,6.0,nan,5,22,31.0,16
20,平鎮,2019-12-19,26,7,7.0,nan,10,26,25.0,19
19,觀音,2019-12-19,36,7,5.0,nan,13,10,36.0,19
18,大園,2019-12-19,36,6,5.0,nan,11,12,36.0,17
17,桃園,2019-12-19,24,9,7.0,nan,5,23,24.0,17
16,大同,2019-12-19,41,4,16.0,nan,14,41,nan,28
15,松山,2019-12-19,30,4,6.0,nan,5,30,26.0,18
14,古亭,2019-12-19,29,7,6.0,nan,5,21,29.0,9
13,萬華,2019-12-19,28,4,6.0,nan,5,28,28.0,13
12,中山,2019-12-19,36,3,7.0,nan,5,36,26.0,13
11,士林,2019-12-19,31,4,6.0,nan,5,21,31.0,3
10,淡水,2019-12-19,36,6,6.0,nan,5,17,36.0,8
9,林口,2019-12-19,32,3,6.0,nan,5,22,32.0,13
78,馬公,2019-12-19,37,4,6.0,nan,17,4,37.0,16
8,菜寮,2019-12-19,25,4,7.0,nan,5,23,25.0,16
7,新莊,2019-12-19,29,6,6.0,nan,10,24,29.0,14
6,板橋,2019-12-19,30,9,6.0,nan,5,30,27.0,12
5,土城,2019-12-19,31,6,6.0,nan,5,16,31.0,3
4,新店,2019-12-19,27,10,6.0,nan,5,23,27.0,7
80,關山,2019-12-19,27,3,nan,nan,9,9,27.0,17
77,金門,2019-12-19,46,4,7.0,nan,27,14,27.0,46
83,麥寮,2019-12-19,34,6,nan,nan,30,16,nan,34
1,基隆,2019-12-19,38,1,5.0,nan,5,6,38.0,11
2,汐止,2019-12-19,31,6,6.0,nan,5,25,31.0,11
70,永和,2019-12-20,28,6,7.0,nan,5.0,28,nan,8.0
1,基隆,2019-12-20,36,3,3.0,nan,10.0,9,36.0,10.0
2,汐止,2019-12-20,31,4,5.0,nan,5.0,24,31.0,8.0
3,萬里,2019-12-20,38,4,2.0,nan,26.0,10,38.0,16.0
4,新店,2019-12-20,26,6,6.0,nan,5.0,25,26.0,8.0
5,土城,2019-12-20,30,6,6.0,nan,5.0,25,30.0,8.0
6,板橋,2019-12-20,29,4,7.0,nan,5.0,29,29.0,11.0
7,新莊,2019-12-20,30,7,6.0,nan,9.0,29,30.0,15.0
8,菜寮,2019-12-20,31,7,7.0,nan,5.0,31,27.0,13.0
9,林口,2019-12-20,30,6,3.0,nan,5.0,22,30.0,8.0
10,淡水,2019-12-20,32,1,3.0,nan,5.0,12,32.0,6.0
11,士林,2019-12-20,35,3,5.0,nan,5.0,31,35.0,3.0
12,中山,2019-12-20,33,9,8.0,nan,5.0,33,27.0,10.0
13,萬華,2019-12-20,33,7,6.0,nan,5.0,33,30.0,16.0
14,古亭,2019-12-20,30,4,6.0,nan,5.0,26,30.0,11.0
15,松山,2019-12-20,30,6,6.0,nan,5.0,30,18.0,19.0
16,大同,2019-12-20,44,7,20.0,nan,15.0,44,nan,30.0
17,桃園,2019-12-20,27,9,6.0,nan,5.0,27,24.0,18.0
18,大園,2019-12-20,32,9,2.0,nan,12.0,23,32.0,16.0
19,觀音,2019-12-20,33,7,2.0,nan,13.0,10,33.0,18.0
20,平鎮,2019-12-20,26,6,6.0,nan,5.0,26,26.0,13.0
21,龍潭,2019-12-20,31,7,5.0,nan,5.0,18,31.0,11.0
22,湖口,2019-12-20,31,4,3.0,nan,5.0,17,31.0,14.0
23,竹東,2019-12-20,33,7,5.0,nan,5.0,22,33.0,9.0
24,新竹,2019-12-20,31,4,5.0,nan,9.0,23,31.0,11.0
25,頭份,2019-12-20,24,4,nan,nan,12.0,24,nan,19.0
26,苗栗,2019-12-20,26,9,6.0,nan,15.0,26,20.0,26.0
27,三義,2019-12-20,25,4,5.0,nan,11.0,23,25.0,20.0
28,豐原,2019-12-20,28,4,5.0,nan,15.0,25,24.0,28.0
29,沙鹿,2019-12-20,31,4,3.0,nan,17.0,17,31.0,20.0
30,大里,2019-12-20,31,6,7.0,nan,20.0,31,23.0,31.0
31,忠明,2019-12-20,32,4,6.0,nan,18.0,31,23.0,32.0
32,西屯,2019-12-20,28,4,5.0,nan,22.0,25,28.0,26.0
33,彰化,2019-12-20,25,3,6.0,nan,20.0,22,25.0,23.0
34,線西,2019-12-20,25,7,nan,nan,25.0,19,nan,21.0
35,二林,2019-12-20,28,7,5.0,nan,28.0,19,27.0,23.0
36,南投,2019-12-20,34,6,7.0,nan,22.0,34,27.0,34.0
37,斗六,2019-12-20,46,3,5.0,nan,29.0,26,23.0,46.0
38,崙背,2019-12-20,31,4,3.0,nan,25.0,16,31.0,25.0
39,新港,2019-12-20,34,4,5.0,nan,29.0,20,25.0,34.0
40,朴子,2019-12-20,31,6,3.0,nan,31.0,18,26.0,27.0
41,臺西,2019-12-20,27,3,nan,nan,25.0,6,nan,27.0
42,嘉義,2019-12-20,46,6,7.0,nan,32.0,33,18.0,46.0
43,新營,2019-12-20,46,3,5.0,nan,27.0,29,19.0,46.0
44,善化,2019-12-20,53,6,5.0,nan,31.0,25,16.0,53.0
45,安南,2019-12-20,52,4,5.0,nan,31.0,26,19.0,52.0
46,臺南,2019-12-20,49,4,7.0,nan,30.0,31,17.0,49.0
47,美濃,2019-12-20,66,3,5.0,nan,33.0,17,13.0,66.0
48,橋頭,2019-12-20,67,6,7.0,nan,41.0,33,15.0,67.0
49,仁武,2019-12-20,71,13,7.0,nan,41.0,33,12.0,71.0
50,鳳山,2019-12-20,67,7,8.0,nan,44.0,36,nan,67.0
51,大寮,2019-12-20,79,9,6.0,nan,46.0,36,19.0,79.0
52,林園,2019-12-20,84,16,7.0,nan,54.0,39,28.0,84.0
53,楠梓,2019-12-20,65,4,6.0,nan,37.0,30,16.0,65.0
54,左營,2019-12-20,66,4,6.0,nan,39.0,36,17.0,66.0
56,前金,2019-12-20,69,4,6.0,nan,43.0,33,17.0,69.0
57,前鎮,2019-12-20,70,6,nan,nan,43.0,35,nan,70.0
58,小港,2019-12-20,72,9,8.0,nan,42.0,38,15.0,72.0
59,屏東,2019-12-20,73,6,6.0,nan,43.0,22,23.0,73.0
60,潮州,2019-12-20,92,7,6.0,nan,53.0,23,39.0,92.0
61,恆春,2019-12-20,41,1,2.0,nan,5.0,2,41.0,8.0
62,臺東,2019-12-20,31,3,5.0,nan,10.0,12,31.0,10.0
63,花蓮,2019-12-20,33,4,5.0,nan,9.0,19,33.0,12.0
64,陽明,2019-12-20,32,3,2.0,nan,nan,1,32.0,nan
65,宜蘭,2019-12-20,31,3,3.0,nan,5.0,9,31.0,6.0
66,冬山,2019-12-20,31,4,3.0,nan,5.0,18,31.0,3.0
67,三重,2019-12-20,40,9,18.0,nan,10.0,40,nan,22.0
68,中壢,2019-12-20,31,4,10.0,nan,5.0,31,nan,14.0
69,竹山,2019-12-20,40,4,5.0,nan,22.0,19,17.0,40.0
71,復興,2019-12-20,73,6,11.0,nan,44.0,39,nan,73.0
72,埔里,2019-12-20,58,6,6.0,nan,26.0,18,23.0,58.0
75,馬祖,2019-12-20,28,1,3.0,nan,12.0,8,28.0,23.0
77,金門,2019-12-20,35,4,3.0,nan,24.0,15,27.0,35.0
78,馬公,2019-12-20,40,3,3.0,nan,19.0,4,40.0,19.0
80,關山,2019-12-20,26,3,nan,nan,5.0,9,26.0,11.0
83,麥寮,2019-12-20,29,4,nan,nan,29.0,10,nan,24.0
84,富貴角,2019-12-20,38,1,3.0,nan,23.0,2,38.0,13.0
84,富貴角,2019-12-21,39,1,2.0,nan,38,5,39.0,24
2,汐止,2019-12-21,38,4,8.0,nan,15,38,26.0,29
1,基隆,2019-12-21,31,4,6.0,nan,16,31,31.0,19
3,萬里,2019-12-21,38,6,2.0,nan,21,14,38.0,23
4,新店,2019-12-21,30,4,7.0,nan,13,27,26.0,30
5,土城,2019-12-21,28,6,7.0,nan,15,28,25.0,24
6,板橋,2019-12-21,28,6,7.0,nan,15,28,25.0,26
7,新莊,2019-12-21,30,3,5.0,nan,13,20,30.0,23
8,菜寮,2019-12-21,32,4,6.0,nan,15,26,22.0,32
9,林口,2019-12-21,33,1,2.0,nan,5,14,33.0,10
10,淡水,2019-12-21,29,1,3.0,nan,12,15,29.0,16
11,士林,2019-12-21,29,3,6.0,nan,13,26,29.0,16
12,中山,2019-12-21,36,4,10.0,nan,17,36,19.0,31
13,萬華,2019-12-21,31,4,8.0,nan,17,31,24.0,31
14,古亭,2019-12-21,31,4,8.0,nan,16,31,29.0,31
15,松山,2019-12-21,34,4,7.0,nan,16,34,29.0,33
16,大同,2019-12-21,39,6,22.0,nan,20,39,nan,37
17,桃園,2019-12-21,27,4,5.0,nan,12,26,22.0,27
18,大園,2019-12-21,37,7,3.0,nan,18,17,37.0,22
19,觀音,2019-12-21,36,6,2.0,nan,17,13,36.0,22
20,平鎮,2019-12-21,29,4,5.0,nan,15,29,23.0,23
21,龍潭,2019-12-21,31,6,6.0,nan,12,22,25.0,31
22,湖口,2019-12-21,35,3,3.0,nan,12,13,35.0,26
23,竹東,2019-12-21,30,3,3.0,nan,11,15,30.0,24
24,新竹,2019-12-21,31,4,3.0,nan,14,18,31.0,27
25,頭份,2019-12-21,36,4,nan,nan,18,22,nan,36
26,苗栗,2019-12-21,45,6,6.0,nan,19,20,20.0,45
27,三義,2019-12-21,24,3,3.0,nan,5,11,24.0,15
28,豐原,2019-12-21,31,6,5.0,nan,12,19,24.0,31
29,沙鹿,2019-12-21,34,4,3.0,nan,16,18,28.0,34
30,大里,2019-12-21,45,6,7.0,nan,21,32,24.0,45
31,忠明,2019-12-21,46,4,6.0,nan,18,27,25.0,46
32,西屯,2019-12-21,44,3,3.0,nan,25,25,27.0,44
33,彰化,2019-12-21,39,4,6.0,nan,19,24,23.0,39
34,線西,2019-12-21,35,6,nan,nan,23,20,nan,35
35,二林,2019-12-21,49,7,3.0,nan,29,17,25.0,49
36,南投,2019-12-21,56,4,7.0,nan,29,26,28.0,56
37,斗六,2019-12-21,71,7,5.0,nan,37,22,30.0,71
38,崙背,2019-12-21,55,4,3.0,nan,31,18,27.0,55
39,新港,2019-12-21,64,4,5.0,nan,39,18,28.0,64
40,朴子,2019-12-21,62,3,3.0,nan,39,16,30.0,62
41,臺西,2019-12-21,39,4,nan,nan,21,10,nan,39
42,嘉義,2019-12-21,80,6,6.0,nan,42,25,27.0,80
43,新營,2019-12-21,75,3,5.0,nan,38,20,31.0,75
44,善化,2019-12-21,81,7,5.0,nan,45,19,33.0,81
45,安南,2019-12-21,83,6,6.0,nan,45,20,36.0,83
46,臺南,2019-12-21,79,6,6.0,nan,44,21,32.0,79
47,美濃,2019-12-21,62,3,5.0,nan,30,17,40.0,62
48,橋頭,2019-12-21,84,7,6.0,nan,51,27,44.0,84
49,仁武,2019-12-21,87,13,7.0,nan,50,30,44.0,87
50,鳳山,2019-12-21,90,16,9.0,nan,53,35,nan,90
51,大寮,2019-12-21,96,54,8.0,nan,52,30,43.0,96
52,林園,2019-12-21,97,14,6.0,nan,59,37,43.0,97
53,楠梓,2019-12-21,81,7,6.0,nan,46,25,44.0,81
54,左營,2019-12-21,85,11,7.0,nan,50,24,44.0,85
56,前金,2019-12-21,87,13,8.0,nan,56,24,44.0,87
57,前鎮,2019-12-21,88,11,nan,nan,54,35,nan,88
58,小港,2019-12-21,91,13,9.0,nan,53,42,40.0,91
59,屏東,2019-12-21,78,6,7.0,nan,47,29,51.0,78
60,潮州,2019-12-21,94,16,7.0,nan,52,29,61.0,94
61,恆春,2019-12-21,43,4,2.0,nan,11,6,43.0,18
62,臺東,2019-12-21,33,3,5.0,nan,11,12,33.0,10
63,花蓮,2019-12-21,39,7,5.0,nan,11,12,39.0,16
65,宜蘭,2019-12-21,36,3,5.0,nan,9,12,36.0,14
66,冬山,2019-12-21,31,9,5.0,nan,15,19,31.0,14
67,三重,2019-12-21,39,4,23.0,nan,23,39,nan,37
68,中壢,2019-12-21,32,4,8.0,nan,14,32,nan,25
69,竹山,2019-12-21,61,4,5.0,nan,31,25,31.0,61
70,永和,2019-12-21,33,4,16.0,nan,18,33,nan,29
83,麥寮,2019-12-21,40,4,nan,nan,27,16,nan,40
71,復興,2019-12-21,91,13,12.0,nan,53,37,nan,91
72,埔里,2019-12-21,30,6,7.0,nan,14,21,22.0,30
80,關山,2019-12-21,23,1,nan,nan,5,7,23.0,16
78,馬公,2019-12-21,40,3,2.0,nan,16,5,40.0,19
77,金門,2019-12-21,37,7,3.0,nan,21,21,29.0,37
75,馬祖,2019-12-21,32,3,5.0,nan,5,11,32.0,21
61,恆春,2019-12-22,61,7,3.0,nan,20,7,61.0,36.0
4,新店,2019-12-22,39,21,9.0,nan,17,16,22.0,39.0
5,土城,2019-12-22,39,6,7.0,nan,21,28,27.0,39.0
6,板橋,2019-12-22,44,6,7.0,nan,26,25,22.0,44.0
7,新莊,2019-12-22,40,10,5.0,nan,22,22,29.0,40.0
8,菜寮,2019-12-22,38,4,5.0,nan,19,22,23.0,38.0
9,林口,2019-12-22,31,4,3.0,nan,15,17,31.0,30.0
10,淡水,2019-12-22,30,3,3.0,nan,16,12,30.0,27.0
11,士林,2019-12-22,25,3,5.0,nan,18,25,23.0,24.0
12,中山,2019-12-22,38,4,8.0,nan,20,29,16.0,38.0
13,萬華,2019-12-22,41,3,7.0,nan,23,28,18.0,41.0
14,古亭,2019-12-22,43,4,6.0,nan,21,26,23.0,43.0
15,松山,2019-12-22,43,4,6.0,nan,22,25,21.0,43.0
16,大同,2019-12-22,46,6,12.0,nan,25,39,nan,46.0
17,桃園,2019-12-22,42,6,5.0,nan,22,17,23.0,42.0
18,大園,2019-12-22,35,10,3.0,nan,24,14,31.0,35.0
19,觀音,2019-12-22,32,6,3.0,nan,22,15,32.0,31.0
20,平鎮,2019-12-22,37,3,5.0,nan,24,22,22.0,37.0
21,龍潭,2019-12-22,42,4,5.0,nan,20,15,26.0,42.0
22,湖口,2019-12-22,39,4,3.0,nan,21,12,31.0,39.0
23,竹東,2019-12-22,48,9,5.0,nan,22,13,25.0,48.0
24,新竹,2019-12-22,42,3,5.0,nan,25,15,29.0,42.0
25,頭份,2019-12-22,48,4,nan,nan,26,18,nan,48.0
26,苗栗,2019-12-22,58,4,5.0,nan,25,17,19.0,58.0
27,三義,2019-12-22,28,3,3.0,nan,13,8,28.0,25.0
28,豐原,2019-12-22,52,7,5.0,nan,21,18,33.0,52.0
29,沙鹿,2019-12-22,65,9,6.0,nan,29,26,33.0,65.0
30,大里,2019-12-22,67,6,8.0,nan,33,25,34.0,67.0
31,忠明,2019-12-22,63,11,7.0,nan,25,25,32.0,63.0
32,西屯,2019-12-22,58,9,6.0,nan,35,25,33.0,58.0
33,彰化,2019-12-22,59,14,7.0,nan,27,22,29.0,59.0
34,線西,2019-12-22,62,4,nan,nan,33,18,nan,62.0
35,二林,2019-12-22,73,6,5.0,nan,41,12,31.0,73.0
36,南投,2019-12-22,68,6,7.0,nan,34,22,38.0,68.0
37,斗六,2019-12-22,93,6,6.0,nan,47,23,39.0,93.0
38,崙背,2019-12-22,73,6,5.0,nan,43,14,35.0,73.0
39,新港,2019-12-22,82,6,6.0,nan,46,19,37.0,82.0
40,朴子,2019-12-22,68,7,5.0,nan,41,14,33.0,68.0
41,臺西,2019-12-22,62,10,nan,nan,32,20,nan,62.0
42,嘉義,2019-12-22,90,13,6.0,nan,43,24,35.0,90.0
43,新營,2019-12-22,88,4,6.0,nan,42,23,36.0,88.0
44,善化,2019-12-22,89,4,5.0,nan,45,22,37.0,89.0
45,安南,2019-12-22,97,4,6.0,nan,48,19,40.0,97.0
46,臺南,2019-12-22,44,4,7.0,nan,44,24,36.0,nan
47,美濃,2019-12-22,61,4,5.0,nan,30,11,39.0,61.0
48,橋頭,2019-12-22,77,3,5.0,nan,40,19,37.0,77.0
49,仁武,2019-12-22,78,19,6.0,nan,42,35,39.0,78.0
50,鳳山,2019-12-22,81,7,7.0,nan,44,25,nan,81.0
51,大寮,2019-12-22,79,23,5.0,nan,40,25,43.0,79.0
52,林園,2019-12-22,90,26,6.0,nan,54,28,41.0,90.0
53,楠梓,2019-12-22,71,4,5.0,nan,37,19,38.0,71.0
54,左營,2019-12-22,80,4,6.0,nan,39,24,40.0,80.0
56,前金,2019-12-22,81,4,6.0,nan,42,22,39.0,81.0
57,前鎮,2019-12-22,75,7,nan,nan,39,26,nan,75.0
58,小港,2019-12-22,81,9,7.0,nan,44,33,39.0,81.0
59,屏東,2019-12-22,66,4,5.0,nan,39,20,44.0,66.0
60,潮州,2019-12-22,73,4,6.0,nan,39,17,45.0,73.0
3,萬里,2019-12-22,36,6,3.0,nan,33,8,36.0,30.0
62,臺東,2019-12-22,31,3,3.0,nan,13,7,31.0,14.0
63,花蓮,2019-12-22,33,3,3.0,nan,14,8,33.0,26.0
65,宜蘭,2019-12-22,31,4,3.0,nan,15,8,31.0,21.0
66,冬山,2019-12-22,31,9,6.0,nan,24,17,31.0,26.0
67,三重,2019-12-22,53,6,15.0,nan,30,35,nan,53.0
68,中壢,2019-12-22,44,4,10.0,nan,26,28,nan,44.0
69,竹山,2019-12-22,74,6,6.0,nan,35,21,41.0,74.0
70,永和,2019-12-22,45,6,15.0,nan,24,34,nan,45.0
71,復興,2019-12-22,81,9,10.0,nan,42,29,nan,81.0
72,埔里,2019-12-22,42,4,5.0,nan,19,21,37.0,42.0
75,馬祖,2019-12-22,27,4,5.0,nan,15,19,22.0,27.0
77,金門,2019-12-22,63,13,3.0,nan,31,38,35.0,63.0
78,馬公,2019-12-22,41,4,2.0,nan,14,7,41.0,21.0
80,關山,2019-12-22,21,3,nan,nan,5,5,21.0,18.0
83,麥寮,2019-12-22,67,7,nan,nan,44,15,nan,67.0
84,富貴角,2019-12-22,39,1,2.0,nan,39,6,34.0,26.0
1,基隆,2019-12-22,31,6,5.0,nan,19,17,30.0,31.0
2,汐止,2019-12-22,39,6,7.0,nan,22,24,27.0,39.0
83,麥寮,2019-12-23,34,4,nan,nan,34,15,nan,33.0
80,關山,2019-12-23,27,3,nan,nan,5,6,27.0,12.0
78,馬公,2019-12-23,44,3,3.0,nan,26,6,44.0,32.0
77,金門,2019-12-23,61,6,6.0,nan,38,21,42.0,61.0
75,馬祖,2019-12-23,32,4,5.0,nan,17,11,25.0,32.0
72,埔里,2019-12-23,53,4,6.0,nan,24,25,45.0,53.0
71,復興,2019-12-23,92,9,12.0,nan,59,41,nan,92.0
70,永和,2019-12-23,27,6,8.0,nan,18,27,nan,18.0
69,竹山,2019-12-23,81,6,5.0,nan,49,25,41.0,81.0
68,中壢,2019-12-23,41,9,18.0,nan,21,41,nan,28.0
67,三重,2019-12-23,41,9,18.0,nan,23,41,nan,35.0
66,冬山,2019-12-23,26,3,5.0,nan,20,19,26.0,21.0
65,宜蘭,2019-12-23,29,3,5.0,nan,15,11,29.0,17.0
63,花蓮,2019-12-23,32,3,6.0,nan,13,19,32.0,17.0
62,臺東,2019-12-23,38,1,5.0,nan,14,9,38.0,14.0
61,恆春,2019-12-23,43,1,2.0,nan,5,2,43.0,12.0
60,潮州,2019-12-23,71,4,3.0,nan,42,13,64.0,71.0
59,屏東,2019-12-23,79,4,6.0,nan,57,28,74.0,79.0
58,小港,2019-12-23,95,19,8.0,nan,56,53,35.0,95.0
57,前鎮,2019-12-23,94,19,nan,nan,57,40,nan,94.0
56,前金,2019-12-23,90,6,8.0,nan,59,26,47.0,90.0
54,左營,2019-12-23,90,4,7.0,nan,54,25,44.0,90.0
53,楠梓,2019-12-23,92,6,6.0,nan,56,25,44.0,92.0
52,林園,2019-12-23,92,14,6.0,nan,57,30,50.0,92.0
51,大寮,2019-12-23,96,16,6.0,nan,54,29,44.0,96.0
50,鳳山,2019-12-23,94,7,8.0,nan,57,37,nan,94.0
49,仁武,2019-12-23,94,13,7.0,nan,60,41,48.0,94.0
48,橋頭,2019-12-23,91,6,6.0,nan,58,30,45.0,91.0
47,美濃,2019-12-23,66,3,5.0,nan,36,14,44.0,66.0
46,臺南,2019-12-23,47,4,7.0,nan,47,23,42.0,nan
45,安南,2019-12-23,74,6,6.0,nan,48,18,45.0,74.0
44,善化,2019-12-23,80,4,5.0,nan,52,17,42.0,80.0
43,新營,2019-12-23,70,4,6.0,nan,44,18,40.0,70.0
42,嘉義,2019-12-23,79,11,6.0,nan,45,25,31.0,79.0
41,臺西,2019-12-23,33,3,nan,nan,23,11,nan,33.0
40,朴子,2019-12-23,43,4,5.0,nan,39,15,43.0,39.0
39,新港,2019-12-23,53,7,6.0,nan,44,17,39.0,53.0
38,崙背,2019-12-23,45,7,5.0,nan,39,15,38.0,45.0
37,斗六,2019-12-23,66,6,6.0,nan,43,23,42.0,66.0
36,南投,2019-12-23,59,6,7.0,nan,34,35,35.0,59.0
35,二林,2019-12-23,35,9,5.0,nan,34,19,34.0,35.0
34,線西,2019-12-23,31,7,nan,nan,31,18,nan,28.0
33,彰化,2019-12-23,38,4,6.0,nan,28,26,31.0,38.0
32,西屯,2019-12-23,44,4,5.0,nan,32,30,32.0,44.0
31,忠明,2019-12-23,47,4,6.0,nan,25,27,31.0,47.0
30,大里,2019-12-23,49,3,8.0,nan,31,37,29.0,49.0
29,沙鹿,2019-12-23,36,7,5.0,nan,27,24,36.0,36.0
28,豐原,2019-12-23,42,4,5.0,nan,20,24,31.0,42.0
27,三義,2019-12-23,37,4,5.0,nan,19,16,28.0,37.0
26,苗栗,2019-12-23,40,7,7.0,nan,26,32,19.0,40.0
25,頭份,2019-12-23,36,7,nan,nan,26,36,nan,34.0
24,新竹,2019-12-23,31,6,6.0,nan,22,28,31.0,25.0
23,竹東,2019-12-23,31,6,6.0,nan,20,27,25.0,31.0
22,湖口,2019-12-23,35,4,5.0,nan,19,23,35.0,27.0
21,龍潭,2019-12-23,27,7,7.0,nan,21,26,26.0,27.0
20,平鎮,2019-12-23,39,7,9.0,nan,22,39,23.0,29.0
19,觀音,2019-12-23,39,6,3.0,nan,19,12,39.0,17.0
18,大園,2019-12-23,36,13,3.0,nan,19,28,36.0,23.0
17,桃園,2019-12-23,31,11,8.0,nan,19,13,21.0,31.0
16,大同,2019-12-23,44,10,18.0,nan,23,44,nan,35.0
15,松山,2019-12-23,36,9,7.0,nan,22,36,22.0,27.0
14,古亭,2019-12-23,29,7,6.0,nan,17,29,27.0,19.0
13,萬華,2019-12-23,32,9,6.0,nan,18,32,24.0,23.0
12,中山,2019-12-23,35,10,8.0,nan,17,35,21.0,19.0
11,士林,2019-12-23,36,10,5.0,nan,13,21,36.0,12.0
10,淡水,2019-12-23,34,1,7.0,nan,12,23,34.0,24.0
9,林口,2019-12-23,27,13,5.0,nan,19,27,25.0,27.0
8,菜寮,2019-12-23,31,10,7.0,nan,17,31,26.0,22.0
7,新莊,2019-12-23,40,13,8.0,nan,20,40,31.0,25.0
6,板橋,2019-12-23,35,9,7.0,nan,19,35,28.0,19.0
5,土城,2019-12-23,30,4,7.0,nan,17,25,30.0,13.0
4,新店,2019-12-23,28,4,6.0,nan,15,25,28.0,20.0
3,萬里,2019-12-23,47,3,3.0,nan,47,11,38.0,31.0
1,基隆,2019-12-23,34,3,7.0,nan,19,23,34.0,16.0
2,汐止,2019-12-23,33,9,7.0,nan,19,33,27.0,19.0
84,富貴角,2019-12-23,40,6,2.0,nan,31,8,40.0,20.0
4,新店,2019-12-24,38,7,7.0,nan,18,38,29.0,29
5,土城,2019-12-24,34,7,7.0,nan,22,28,28.0,34
3,萬里,2019-12-24,43,6,3.0,nan,26,9,43.0,27
6,板橋,2019-12-24,37,11,7.0,nan,25,30,27.0,37
7,新莊,2019-12-24,49,14,9.0,nan,29,36,33.0,49
8,菜寮,2019-12-24,44,7,10.0,nan,25,34,29.0,44
9,林口,2019-12-24,42,7,6.0,nan,23,34,34.0,42
10,淡水,2019-12-24,37,6,7.0,nan,20,21,37.0,34
2,汐止,2019-12-24,32,4,8.0,nan,22,25,26.0,32
11,士林,2019-12-24,34,6,8.0,nan,25,30,30.0,34
12,中山,2019-12-24,42,9,10.0,nan,22,41,20.0,42
13,萬華,2019-12-24,47,10,9.0,nan,25,41,21.0,47
14,古亭,2019-12-24,35,7,8.0,nan,19,35,29.0,32
15,松山,2019-12-24,40,7,7.0,nan,24,32,19.0,40
16,大同,2019-12-24,54,11,24.0,nan,28,45,nan,54
17,桃園,2019-12-24,48,9,7.0,nan,26,29,27.0,48
18,大園,2019-12-24,39,7,5.0,nan,28,21,35.0,39
19,觀音,2019-12-24,41,11,3.0,nan,26,8,41.0,32
20,平鎮,2019-12-24,43,4,6.0,nan,31,37,25.0,43
21,龍潭,2019-12-24,52,6,6.0,nan,26,25,30.0,52
22,湖口,2019-12-24,46,4,6.0,nan,28,27,35.0,46
23,竹東,2019-12-24,45,4,3.0,nan,26,17,31.0,45
24,新竹,2019-12-24,40,4,6.0,nan,28,28,31.0,40
25,頭份,2019-12-24,51,6,nan,nan,32,26,nan,51
26,苗栗,2019-12-24,57,6,5.0,nan,34,23,23.0,57
27,三義,2019-12-24,48,3,3.0,nan,23,13,30.0,48
28,豐原,2019-12-24,54,4,5.0,nan,25,18,31.0,54
29,沙鹿,2019-12-24,56,4,3.0,nan,35,20,36.0,56
30,大里,2019-12-24,61,9,9.0,nan,38,32,31.0,61
31,忠明,2019-12-24,65,6,5.0,nan,33,25,31.0,65
32,西屯,2019-12-24,61,4,5.0,nan,44,23,33.0,61
33,彰化,2019-12-24,53,6,7.0,nan,33,25,31.0,53
34,線西,2019-12-24,47,9,nan,nan,34,17,nan,47
35,二林,2019-12-24,57,10,5.0,nan,47,15,32.0,57
36,南投,2019-12-24,65,6,8.0,nan,42,32,38.0,65
37,斗六,2019-12-24,80,7,6.0,nan,50,23,44.0,80
38,崙背,2019-12-24,63,6,5.0,nan,48,15,36.0,63
39,新港,2019-12-24,69,4,5.0,nan,54,18,40.0,69
40,朴子,2019-12-24,58,4,3.0,nan,47,13,41.0,58
41,臺西,2019-12-24,50,4,nan,nan,30,8,nan,50
42,嘉義,2019-12-24,83,9,6.0,nan,52,29,36.0,83
43,新營,2019-12-24,72,4,5.0,nan,48,23,40.0,72
44,善化,2019-12-24,82,6,5.0,nan,55,18,42.0,82
45,安南,2019-12-24,78,4,5.0,nan,53,23,42.0,78
46,臺南,2019-12-24,73,4,6.0,nan,50,25,39.0,73
47,美濃,2019-12-24,69,3,5.0,nan,37,15,45.0,69
48,橋頭,2019-12-24,104,6,7.0,nan,63,26,42.0,104
49,仁武,2019-12-24,103,6,7.0,nan,61,30,41.0,103
50,鳳山,2019-12-24,104,11,8.0,nan,62,40,nan,104
51,大寮,2019-12-24,100,41,6.0,nan,57,30,46.0,100
52,林園,2019-12-24,105,11,6.0,nan,70,38,48.0,105
53,楠梓,2019-12-24,103,4,6.0,nan,59,23,43.0,103
54,左營,2019-12-24,96,6,7.0,nan,59,27,42.0,96
56,前金,2019-12-24,97,6,7.0,nan,63,27,48.0,97
57,前鎮,2019-12-24,98,4,nan,nan,62,36,nan,98
58,小港,2019-12-24,100,11,9.0,nan,63,39,42.0,100
59,屏東,2019-12-24,80,4,6.0,nan,55,22,49.0,80
60,潮州,2019-12-24,100,6,5.0,nan,54,19,100.0,84
61,恆春,2019-12-24,38,1,2.0,nan,5,2,38.0,13
62,臺東,2019-12-24,33,1,5.0,nan,9,9,33.0,12
63,花蓮,2019-12-24,41,3,3.0,nan,14,9,41.0,22
64,陽明,2019-12-24,36,1,2.0,nan,5,6,36.0,9
65,宜蘭,2019-12-24,37,4,5.0,nan,18,19,37.0,24
66,冬山,2019-12-24,32,4,5.0,nan,25,20,32.0,30
67,三重,2019-12-24,57,10,20.0,nan,32,44,nan,57
68,中壢,2019-12-24,52,6,14.0,nan,29,36,nan,52
69,竹山,2019-12-24,78,4,6.0,nan,47,31,49.0,78
70,永和,2019-12-24,43,7,16.0,nan,22,43,nan,34
71,復興,2019-12-24,99,6,11.0,nan,62,37,nan,99
72,埔里,2019-12-24,51,7,6.0,nan,24,29,48.0,51
75,馬祖,2019-12-24,34,6,8.0,nan,19,21,34.0,34
77,金門,2019-12-24,81,10,8.0,nan,48,25,39.0,81
78,馬公,2019-12-24,44,3,3.0,nan,25,7,44.0,36
80,關山,2019-12-24,29,3,nan,nan,5,7,29.0,16
83,麥寮,2019-12-24,51,3,nan,nan,38,11,nan,51
84,富貴角,2019-12-24,43,4,2.0,nan,40,8,43.0,27
1,基隆,2019-12-24,35,4,5.0,nan,21,20,35.0,25
20,平鎮,2019-12-25,39,7,7.0,nan,26,37,31.0,39
1,基隆,2019-12-25,39,4,6.0,nan,19,26,39.0,23
2,汐止,2019-12-25,39,10,7.0,nan,20,32,39.0,32
3,萬里,2019-12-25,45,3,3.0,nan,18,12,45.0,22
4,新店,2019-12-25,39,9,7.0,nan,17,39,27.0,27
5,土城,2019-12-25,40,7,11.0,nan,21,40,31.0,29
6,板橋,2019-12-25,44,7,12.0,nan,24,44,29.0,36
7,新莊,2019-12-25,47,7,14.0,nan,26,47,30.0,40
8,菜寮,2019-12-25,47,9,15.0,nan,20,47,27.0,36
9,林口,2019-12-25,45,7,8.0,nan,24,45,27.0,38
10,淡水,2019-12-25,34,4,9.0,nan,19,27,30.0,34
11,士林,2019-12-25,35,4,9.0,nan,23,35,30.0,34
12,中山,2019-12-25,47,7,12.0,nan,19,47,25.0,31
13,萬華,2019-12-25,45,10,10.0,nan,20,45,31.0,32
14,古亭,2019-12-25,42,7,9.0,nan,19,42,30.0,28
15,松山,2019-12-25,36,9,7.0,nan,24,33,31.0,36
16,大同,2019-12-25,51,7,18.0,nan,24,51,nan,40
17,桃園,2019-12-25,44,11,10.0,nan,25,44,25.0,43
18,大園,2019-12-25,40,10,3.0,nan,23,35,40.0,29
19,觀音,2019-12-25,44,13,3.0,nan,22,11,44.0,29
21,龍潭,2019-12-25,47,7,8.0,nan,28,41,31.0,47
22,湖口,2019-12-25,40,7,5.0,nan,23,22,40.0,39
23,竹東,2019-12-25,41,4,6.0,nan,25,31,35.0,41
24,新竹,2019-12-25,43,7,7.0,nan,28,29,39.0,43
25,頭份,2019-12-25,47,9,nan,nan,32,36,nan,47
26,苗栗,2019-12-25,52,9,6.0,nan,27,24,20.0,52
27,三義,2019-12-25,38,4,3.0,nan,18,14,38.0,35
28,豐原,2019-12-25,43,7,5.0,nan,23,25,31.0,43
29,沙鹿,2019-12-25,47,7,3.0,nan,29,20,41.0,47
30,大里,2019-12-25,62,4,8.0,nan,39,45,35.0,62
31,忠明,2019-12-25,54,4,9.0,nan,30,44,31.0,54
32,西屯,2019-12-25,52,4,6.0,nan,37,39,35.0,52
33,彰化,2019-12-25,51,6,6.0,nan,31,27,32.0,51
34,線西,2019-12-25,39,10,nan,nan,31,21,nan,39
35,二林,2019-12-25,44,24,5.0,nan,36,20,33.0,44
36,南投,2019-12-25,62,6,9.0,nan,38,41,37.0,62
37,斗六,2019-12-25,78,13,6.0,nan,48,28,46.0,78
38,崙背,2019-12-25,51,13,5.0,nan,39,19,41.0,51
39,新港,2019-12-25,60,9,5.0,nan,46,15,44.0,60
40,朴子,2019-12-25,54,10,5.0,nan,45,14,45.0,54
41,臺西,2019-12-25,34,3,nan,nan,26,8,nan,34
42,嘉義,2019-12-25,82,11,7.0,nan,49,32,41.0,82
43,新營,2019-12-25,66,7,5.0,nan,44,22,44.0,66
44,善化,2019-12-25,75,7,6.0,nan,54,22,44.0,75
45,安南,2019-12-25,72,6,5.0,nan,48,21,44.0,72
46,臺南,2019-12-25,74,7,7.0,nan,51,21,44.0,74
47,美濃,2019-12-25,65,3,5.0,nan,40,20,64.0,65
48,橋頭,2019-12-25,102,13,7.0,nan,62,35,67.0,102
49,仁武,2019-12-25,96,14,8.0,nan,57,42,64.0,96
50,鳳山,2019-12-25,90,13,10.0,nan,56,44,nan,90
51,大寮,2019-12-25,97,26,8.0,nan,57,45,37.0,97
52,林園,2019-12-25,102,11,6.0,nan,64,35,61.0,102
53,楠梓,2019-12-25,95,16,7.0,nan,56,39,61.0,95
54,左營,2019-12-25,88,9,8.0,nan,57,41,5.0,88
56,前金,2019-12-25,88,10,8.0,nan,54,30,54.0,88
57,前鎮,2019-12-25,92,17,nan,nan,57,43,nan,92
58,小港,2019-12-25,94,14,9.0,nan,57,65,38.0,94
59,屏東,2019-12-25,81,10,8.0,nan,58,42,80.0,81
60,潮州,2019-12-25,111,20,7.0,nan,62,29,100.0,111
61,恆春,2019-12-25,42,1,2.0,nan,5,3,42.0,16
62,臺東,2019-12-25,36,1,5.0,nan,13,11,36.0,18
63,花蓮,2019-12-25,28,3,5.0,nan,19,15,26.0,28
64,陽明,2019-12-25,34,4,2.0,nan,5,4,34.0,9
65,宜蘭,2019-12-25,46,4,5.0,nan,21,14,46.0,30
66,冬山,2019-12-25,41,6,5.0,nan,25,41,33.0,32
67,三重,2019-12-25,46,7,19.0,nan,26,46,nan,44
68,中壢,2019-12-25,45,10,14.0,nan,25,45,nan,41
69,竹山,2019-12-25,76,7,6.0,nan,44,28,61.0,76
70,永和,2019-12-25,41,9,14.0,nan,19,41,nan,26
71,復興,2019-12-25,92,14,14.0,nan,57,53,nan,92
72,埔里,2019-12-25,47,6,6.0,nan,21,29,47.0,42
75,馬祖,2019-12-25,37,4,3.0,nan,17,14,37.0,35
77,金門,2019-12-25,53,14,5.0,nan,31,23,41.0,53
78,馬公,2019-12-25,44,3,3.0,nan,29,6,44.0,35
80,關山,2019-12-25,23,3,nan,nan,5,10,23.0,19
83,麥寮,2019-12-25,34,6,nan,nan,32,12,nan,34
84,富貴角,2019-12-25,44,1,3.0,nan,43,29,44.0,30
1,基隆,2019-12-26,55,9,7.0,nan,30,28,35.0,55
2,汐止,2019-12-26,57,7,9.0,nan,31,39,31.0,57
3,萬里,2019-12-26,40,6,5.0,nan,29,13,40.0,40
4,新店,2019-12-26,46,7,7.0,nan,20,46,27.0,44
5,土城,2019-12-26,61,10,9.0,nan,33,44,26.0,61
6,板橋,2019-12-26,63,10,10.0,nan,32,42,22.0,63
7,新莊,2019-12-26,72,17,10.0,nan,37,43,29.0,72
8,菜寮,2019-12-26,69,10,12.0,nan,33,42,25.0,69
9,林口,2019-12-26,57,9,5.0,nan,28,41,31.0,57
10,淡水,2019-12-26,55,7,11.0,nan,25,35,35.0,55
11,士林,2019-12-26,47,7,11.0,nan,25,41,32.0,47
12,中山,2019-12-26,61,9,11.0,nan,28,48,18.0,61
13,萬華,2019-12-26,63,10,10.0,nan,30,49,20.0,63
14,古亭,2019-12-26,47,6,8.0,nan,22,47,24.0,46
15,松山,2019-12-26,57,6,9.0,nan,29,41,25.0,57
16,大同,2019-12-26,71,11,30.0,nan,37,38,nan,71
17,桃園,2019-12-26,68,13,8.0,nan,35,35,26.0,68
18,大園,2019-12-26,51,9,5.0,nan,30,25,36.0,51
19,觀音,2019-12-26,48,10,5.0,nan,28,16,38.0,48
20,平鎮,2019-12-26,62,7,7.0,nan,36,29,29.0,62
21,龍潭,2019-12-26,57,7,7.0,nan,30,26,31.0,57
22,湖口,2019-12-26,67,6,7.0,nan,34,30,40.0,67
23,竹東,2019-12-26,64,64,5.0,nan,24,40,34.0,42
24,新竹,2019-12-26,66,6,7.0,nan,36,25,38.0,66
25,頭份,2019-12-26,57,6,nan,nan,34,25,nan,57
26,苗栗,2019-12-26,64,6,5.0,nan,30,21,30.0,64
27,三義,2019-12-26,38,4,5.0,nan,16,17,38.0,28
28,豐原,2019-12-26,37,4,5.0,nan,17,20,37.0,35
29,沙鹿,2019-12-26,53,6,5.0,nan,29,25,41.0,53
30,大里,2019-12-26,54,7,9.0,nan,32,41,34.0,54
31,忠明,2019-12-26,53,6,6.0,nan,26,30,36.0,53
32,西屯,2019-12-26,51,4,5.0,nan,34,22,41.0,51
33,彰化,2019-12-26,52,6,7.0,nan,31,28,34.0,52
34,線西,2019-12-26,52,11,nan,nan,35,23,nan,52
35,二林,2019-12-26,53,9,5.0,nan,44,15,34.0,53
36,南投,2019-12-26,55,3,6.0,nan,33,30,38.0,55
37,斗六,2019-12-26,63,6,5.0,nan,41,25,46.0,63
38,崙背,2019-12-26,59,7,5.0,nan,50,16,38.0,59
39,新港,2019-12-26,62,6,5.0,nan,50,16,39.0,62
40,朴子,2019-12-26,57,6,5.0,nan,50,17,38.0,57
41,臺西,2019-12-26,44,4,nan,nan,29,11,nan,44
42,嘉義,2019-12-26,76,13,6.0,nan,46,32,40.0,76
43,新營,2019-12-26,69,6,6.0,nan,47,23,41.0,69
44,善化,2019-12-26,74,7,6.0,nan,51,21,43.0,74
45,安南,2019-12-26,78,6,6.0,nan,54,24,42.0,78
46,臺南,2019-12-26,76,6,7.0,nan,52,25,38.0,76
47,美濃,2019-12-26,76,1,6.0,nan,41,14,51.0,76
48,橋頭,2019-12-26,86,4,6.0,nan,58,29,42.0,86
49,仁武,2019-12-26,87,13,6.0,nan,57,34,43.0,87
50,鳳山,2019-12-26,87,9,7.0,nan,58,33,nan,87
51,大寮,2019-12-26,90,9,7.0,nan,55,34,45.0,90
52,林園,2019-12-26,87,9,6.0,nan,61,38,71.0,87
53,楠梓,2019-12-26,81,4,6.0,nan,51,25,45.0,81
54,左營,2019-12-26,86,6,7.0,nan,54,25,49.0,86
56,前金,2019-12-26,91,6,7.0,nan,58,26,45.0,91
57,前鎮,2019-12-26,87,6,nan,nan,61,35,nan,87
58,小港,2019-12-26,84,9,8.0,nan,57,41,38.0,84
59,屏東,2019-12-26,68,3,6.0,nan,52,23,64.0,68
60,潮州,2019-12-26,93,6,7.0,nan,52,17,93.0,91
61,恆春,2019-12-26,39,3,1.0,nan,9,2,39.0,18
62,臺東,2019-12-26,37,3,3.0,nan,14,6,37.0,17
63,花蓮,2019-12-26,46,3,3.0,nan,18,10,46.0,30
64,陽明,2019-12-26,35,1,3.0,nan,5,8,35.0,14
65,宜蘭,2019-12-26,33,4,5.0,nan,18,17,33.0,29
66,冬山,2019-12-26,34,4,3.0,nan,29,19,34.0,33
67,三重,2019-12-26,77,10,23.0,nan,39,56,nan,77
68,中壢,2019-12-26,66,7,16.0,nan,35,38,nan,66
69,竹山,2019-12-26,57,9,5.0,nan,33,23,49.0,57
70,永和,2019-12-26,58,6,19.0,nan,26,58,nan,51
71,復興,2019-12-26,92,9,11.0,nan,58,42,nan,92
72,埔里,2019-12-26,41,6,5.0,nan,20,25,41.0,37
75,馬祖,2019-12-26,61,6,6.0,nan,29,18,34.0,61
77,金門,2019-12-26,95,7,6.0,nan,49,29,48.0,95
78,馬公,2019-12-26,46,3,3.0,nan,27,5,46.0,42
80,關山,2019-12-26,28,4,nan,nan,9,7,28.0,20
83,麥寮,2019-12-26,50,6,nan,nan,44,16,nan,50
84,富貴角,2019-12-26,45,4,6.0,nan,31,38,39.0,45
41,臺西,2019-12-27,67,4,nan,nan,67.0,8,nan,63.0
84,富貴角,2019-12-27,59,1,6.0,nan,47.0,6,46.0,59.0
83,麥寮,2019-12-27,88,6,nan,nan,88.0,17,nan,62.0
80,關山,2019-12-27,27,3,nan,nan,16.0,8,25.0,27.0
78,馬公,2019-12-27,52,3,6.0,nan,34.0,5,48.0,52.0
77,金門,2019-12-27,57,3,7.0,nan,36.0,12,44.0,57.0
75,馬祖,2019-12-27,65,3,8.0,nan,33.0,11,64.0,65.0
72,埔里,2019-12-27,60,4,8.0,nan,31.0,27,50.0,60.0
71,復興,2019-12-27,83,9,14.0,nan,59.0,43,nan,83.0
70,永和,2019-12-27,52,3,10.0,nan,31.0,21,nan,52.0
69,竹山,2019-12-27,64,6,7.0,nan,39.0,24,39.0,64.0
68,中壢,2019-12-27,46,4,11.0,nan,29.0,28,nan,46.0
67,三重,2019-12-27,60,4,18.0,nan,35.0,43,nan,60.0
66,冬山,2019-12-27,48,1,7.0,nan,28.0,16,29.0,48.0
65,宜蘭,2019-12-27,39,3,7.0,nan,23.0,9,38.0,39.0
64,陽明,2019-12-27,41,1,6.0,nan,15.0,4,41.0,32.0
63,花蓮,2019-12-27,32,3,8.0,nan,24.0,18,29.0,32.0
62,臺東,2019-12-27,31,1,8.0,nan,19.0,9,31.0,24.0
61,恆春,2019-12-27,41,1,6.0,nan,14.0,3,41.0,28.0
60,潮州,2019-12-27,86,7,8.0,nan,55.0,27,28.0,86.0
59,屏東,2019-12-27,75,10,9.0,nan,56.0,36,24.0,75.0
58,小港,2019-12-27,80,7,10.0,nan,60.0,48,21.0,80.0
57,前鎮,2019-12-27,81,7,nan,nan,61.0,43,nan,81.0
56,前金,2019-12-27,80,4,10.0,nan,60.0,30,32.0,80.0
54,左營,2019-12-27,77,6,9.0,nan,59.0,33,31.0,77.0
53,楠梓,2019-12-27,74,6,9.0,nan,54.0,29,28.0,74.0
52,林園,2019-12-27,85,13,8.0,nan,66.0,35,33.0,85.0
51,大寮,2019-12-27,87,13,9.0,nan,58.0,37,24.0,87.0
50,鳳山,2019-12-27,78,9,10.0,nan,59.0,41,nan,78.0
49,仁武,2019-12-27,74,9,9.0,nan,56.0,35,25.0,74.0
48,橋頭,2019-12-27,76,6,9.0,nan,60.0,33,29.0,76.0
47,美濃,2019-12-27,65,3,7.0,nan,40.0,17,19.0,65.0
46,臺南,2019-12-27,74,4,9.0,nan,64.0,27,38.0,74.0
45,安南,2019-12-27,72,4,8.0,nan,66.0,22,41.0,72.0
44,善化,2019-12-27,68,4,7.0,nan,57.0,21,39.0,68.0
43,新營,2019-12-27,66,6,8.0,nan,57.0,21,39.0,66.0
42,嘉義,2019-12-27,65,10,8.0,nan,45.0,27,35.0,65.0
40,朴子,2019-12-27,71,9,7.0,nan,71.0,19,40.0,60.0
39,新港,2019-12-27,62,6,7.0,nan,62.0,19,39.0,62.0
38,崙背,2019-12-27,90,7,7.0,nan,90.0,18,35.0,65.0
37,斗六,2019-12-27,55,4,7.0,nan,40.0,24,44.0,55.0
36,南投,2019-12-27,52,6,9.0,nan,31.0,26,41.0,52.0
35,二林,2019-12-27,59,6,7.0,nan,59.0,16,34.0,53.0
34,線西,2019-12-27,53,4,nan,nan,47.0,17,nan,53.0
33,彰化,2019-12-27,43,1,8.0,nan,30.0,20,34.0,43.0
32,西屯,2019-12-27,45,1,7.0,nan,31.0,12,39.0,45.0
31,忠明,2019-12-27,48,4,7.0,nan,28.0,20,34.0,48.0
30,大里,2019-12-27,38,4,8.0,nan,27.0,25,32.0,38.0
29,沙鹿,2019-12-27,48,1,7.0,nan,32.0,14,38.0,48.0
28,豐原,2019-12-27,40,1,7.0,nan,21.0,10,36.0,40.0
27,三義,2019-12-27,39,3,6.0,nan,22.0,9,36.0,39.0
26,苗栗,2019-12-27,31,3,6.0,nan,nan,21,31.0,nan
25,頭份,2019-12-27,53,1,nan,nan,34.0,23,nan,53.0
24,新竹,2019-12-27,53,4,7.0,nan,32.0,16,34.0,53.0
23,竹東,2019-12-27,45,1,6.0,nan,28.0,14,38.0,45.0
22,湖口,2019-12-27,52,3,7.0,nan,31.0,11,40.0,52.0
21,龍潭,2019-12-27,46,4,7.0,nan,26.0,11,38.0,46.0
20,平鎮,2019-12-27,51,4,9.0,nan,31.0,24,34.0,51.0
19,觀音,2019-12-27,55,6,7.0,nan,35.0,12,42.0,55.0
18,大園,2019-12-27,57,7,7.0,nan,42.0,20,37.0,57.0
17,桃園,2019-12-27,53,6,9.0,nan,30.0,20,31.0,53.0
16,大同,2019-12-27,59,6,10.0,nan,35.0,45,nan,59.0
15,松山,2019-12-27,57,3,7.0,nan,34.0,32,26.0,57.0
14,古亭,2019-12-27,51,3,7.0,nan,31.0,22,36.0,51.0
13,萬華,2019-12-27,52,3,8.0,nan,31.0,33,24.0,52.0
12,中山,2019-12-27,55,4,9.0,nan,31.0,38,21.0,55.0
11,士林,2019-12-27,43,3,7.0,nan,25.0,9,43.0,38.0
10,淡水,2019-12-27,52,3,7.0,nan,28.0,8,39.0,52.0
9,林口,2019-12-27,55,3,7.0,nan,31.0,16,36.0,55.0
8,菜寮,2019-12-27,52,6,8.0,nan,28.0,20,30.0,52.0
7,新莊,2019-12-27,54,3,8.0,nan,32.0,22,35.0,54.0
6,板橋,2019-12-27,49,4,8.0,nan,31.0,25,30.0,49.0
5,土城,2019-12-27,43,4,8.0,nan,31.0,17,34.0,43.0
4,新店,2019-12-27,50,3,8.0,nan,28.0,16,33.0,50.0
3,萬里,2019-12-27,66,3,6.0,nan,66.0,5,48.0,62.0
2,汐止,2019-12-27,56,4,7.0,nan,34.0,30,28.0,56.0
1,基隆,2019-12-27,52,3,6.0,nan,36.0,8,44.0,52.0
1,基隆,2019-12-28,40,3,3.0,nan,22.0,8,40.0,25
2,汐止,2019-12-28,33,6,3.0,nan,19.0,22,33.0,29
3,萬里,2019-12-28,44,21,2.0,nan,30.0,18,44.0,34
4,新店,2019-12-28,35,3,3.0,nan,13.0,12,35.0,21
5,土城,2019-12-28,37,3,5.0,nan,16.0,16,37.0,16
6,板橋,2019-12-28,34,3,5.0,nan,18.0,19,34.0,26
7,新莊,2019-12-28,36,3,5.0,nan,23.0,15,36.0,30
8,菜寮,2019-12-28,32,4,5.0,nan,19.0,15,31.0,32
9,林口,2019-12-28,37,4,2.0,nan,19.0,11,37.0,27
10,淡水,2019-12-28,38,3,2.0,nan,14.0,3,38.0,23
11,士林,2019-12-28,41,4,2.0,nan,17.0,6,41.0,20
12,中山,2019-12-28,31,3,6.0,nan,19.0,25,31.0,29
13,萬華,2019-12-28,34,3,5.0,nan,19.0,25,34.0,29
14,古亭,2019-12-28,38,1,3.0,nan,15.0,15,38.0,23
15,松山,2019-12-28,35,4,3.0,nan,22.0,21,35.0,33
16,大同,2019-12-28,37,3,7.0,nan,24.0,30,nan,37
17,桃園,2019-12-28,32,6,5.0,nan,17.0,14,32.0,24
18,大園,2019-12-28,35,7,3.0,nan,22.0,22,35.0,32
19,觀音,2019-12-28,37,10,3.0,nan,24.0,20,36.0,37
20,平鎮,2019-12-28,37,7,6.0,nan,16.0,22,37.0,23
21,龍潭,2019-12-28,37,4,7.0,nan,15.0,26,37.0,25
22,湖口,2019-12-28,36,6,6.0,nan,17.0,24,36.0,33
23,竹東,2019-12-28,39,4,6.0,nan,19.0,19,39.0,35
24,新竹,2019-12-28,39,3,5.0,nan,18.0,28,39.0,28
25,頭份,2019-12-28,51,6,nan,nan,27.0,32,nan,51
26,苗栗,2019-12-28,54,9,6.0,nan,29.0,25,29.0,54
27,三義,2019-12-28,52,4,3.0,nan,23.0,16,41.0,52
28,豐原,2019-12-28,68,7,7.0,nan,33.0,26,41.0,68
29,沙鹿,2019-12-28,58,4,5.0,nan,35.0,25,43.0,58
30,大里,2019-12-28,69,7,8.0,nan,43.0,35,41.0,69
31,忠明,2019-12-28,70,6,9.0,nan,37.0,38,41.0,70
32,西屯,2019-12-28,68,4,6.0,nan,42.0,34,44.0,68
33,彰化,2019-12-28,57,7,6.0,nan,35.0,25,36.0,57
34,線西,2019-12-28,42,9,nan,nan,37.0,19,nan,42
35,二林,2019-12-28,42,13,5.0,nan,41.0,15,37.0,42
36,南投,2019-12-28,93,6,9.0,nan,50.0,28,50.0,93
37,斗六,2019-12-28,100,6,7.0,nan,58.0,23,46.0,100
38,崙背,2019-12-28,59,16,6.0,nan,41.0,20,40.0,59
39,新港,2019-12-28,70,9,6.0,nan,50.0,17,44.0,70
40,朴子,2019-12-28,59,9,5.0,nan,45.0,14,42.0,59
41,臺西,2019-12-28,49,6,nan,nan,36.0,15,nan,49
42,嘉義,2019-12-28,97,16,8.0,nan,56.0,25,38.0,97
43,新營,2019-12-28,79,6,6.0,nan,50.0,22,43.0,79
44,善化,2019-12-28,87,9,7.0,nan,57.0,23,44.0,87
45,安南,2019-12-28,85,4,7.0,nan,55.0,23,44.0,85
46,臺南,2019-12-28,91,6,8.0,nan,57.0,25,41.0,91
47,美濃,2019-12-28,99,4,7.0,nan,57.0,17,42.0,99
48,橋頭,2019-12-28,111,6,9.0,nan,68.0,28,40.0,111
49,仁武,2019-12-28,118,9,9.0,nan,68.0,40,42.0,118
50,鳳山,2019-12-28,118,11,10.0,nan,74.0,38,nan,118
51,大寮,2019-12-28,131,11,9.0,nan,73.0,35,45.0,131
52,林園,2019-12-28,121,19,8.0,nan,85.0,44,54.0,121
53,楠梓,2019-12-28,110,6,8.0,nan,65.0,27,40.0,110
54,左營,2019-12-28,113,7,10.0,nan,69.0,33,45.0,113
56,前金,2019-12-28,115,7,9.0,nan,69.0,29,47.0,115
57,前鎮,2019-12-28,113,11,nan,nan,71.0,53,nan,113
58,小港,2019-12-28,115,14,9.0,nan,71.0,41,41.0,115
59,屏東,2019-12-28,116,6,9.0,nan,77.0,27,49.0,116
60,潮州,2019-12-28,122,6,8.0,nan,73.0,22,71.0,122
61,恆春,2019-12-28,44,1,3.0,nan,5.0,2,44.0,14
62,臺東,2019-12-28,37,1,5.0,nan,14.0,9,37.0,17
63,花蓮,2019-12-28,35,3,6.0,nan,15.0,21,35.0,23
64,陽明,2019-12-28,37,1,2.0,nan,5.0,3,37.0,11
65,宜蘭,2019-12-28,33,3,5.0,nan,15.0,13,33.0,22
66,冬山,2019-12-28,29,6,3.0,nan,19.0,20,29.0,28
67,三重,2019-12-28,38,4,16.0,nan,24.0,33,nan,38
68,中壢,2019-12-28,33,9,16.0,nan,18.0,33,nan,25
69,竹山,2019-12-28,128,7,7.0,nan,64.0,23,54.0,128
70,永和,2019-12-28,23,1,5.0,nan,15.0,12,nan,23
71,復興,2019-12-28,121,11,15.0,nan,71.0,55,nan,121
72,埔里,2019-12-28,79,4,9.0,nan,39.0,30,50.0,79
75,馬祖,2019-12-28,80,6,5.0,nan,38.0,7,64.0,80
77,金門,2019-12-28,73,6,6.0,nan,48.0,16,48.0,73
78,馬公,2019-12-28,48,1,3.0,nan,nan,3,45.0,48
80,關山,2019-12-28,28,3,nan,nan,11.0,8,28.0,24
83,麥寮,2019-12-28,52,9,nan,nan,36.0,21,nan,52
84,富貴角,2019-12-28,41,4,1.0,nan,30.0,5,41.0,35
83,麥寮,2019-12-29,44,3,nan,nan,22.0,24,nan,44
84,富貴角,2019-12-29,29,3,3.0,nan,20.0,25,29.0,26
2,汐止,2019-12-29,32,7,9.0,nan,14.0,30,20.0,32
3,萬里,2019-12-29,24,4,5.0,nan,12.0,24,23.0,22
4,新店,2019-12-29,29,4,9.0,nan,9.0,29,26.0,23
5,土城,2019-12-29,35,6,14.0,nan,15.0,35,14.0,31
6,板橋,2019-12-29,39,7,15.0,nan,17.0,39,15.0,38
7,新莊,2019-12-29,48,9,11.0,nan,21.0,38,17.0,48
8,菜寮,2019-12-29,43,9,12.0,nan,16.0,39,17.0,43
9,林口,2019-12-29,31,4,6.0,nan,10.0,29,28.0,31
10,淡水,2019-12-29,33,3,9.0,nan,15.0,28,29.0,33
11,士林,2019-12-29,33,6,11.0,nan,15.0,33,29.0,31
12,中山,2019-12-29,38,9,12.0,nan,16.0,38,18.0,38
13,萬華,2019-12-29,38,10,12.0,nan,17.0,37,19.0,38
14,古亭,2019-12-29,33,7,12.0,nan,12.0,33,23.0,31
15,松山,2019-12-29,38,6,9.0,nan,16.0,30,21.0,38
16,大同,2019-12-29,49,9,18.0,nan,21.0,38,nan,49
17,桃園,2019-12-29,55,11,9.0,nan,19.0,35,14.0,55
18,大園,2019-12-29,54,10,6.0,nan,21.0,25,20.0,54
19,觀音,2019-12-29,52,7,5.0,nan,22.0,26,25.0,52
20,平鎮,2019-12-29,46,4,8.0,nan,19.0,31,9.0,46
21,龍潭,2019-12-29,46,4,8.0,nan,17.0,30,11.0,46
22,湖口,2019-12-29,53,4,6.0,nan,18.0,24,27.0,53
23,竹東,2019-12-29,43,3,6.0,nan,19.0,20,11.0,43
24,新竹,2019-12-29,52,4,6.0,nan,20.0,22,21.0,52
25,頭份,2019-12-29,59,20,nan,nan,25.0,28,nan,59
26,苗栗,2019-12-29,65,4,7.0,nan,25.0,24,18.0,65
27,三義,2019-12-29,50,4,7.0,nan,21.0,25,22.0,50
28,豐原,2019-12-29,68,4,8.0,nan,27.0,23,19.0,68
29,沙鹿,2019-12-29,58,4,6.0,nan,24.0,23,29.0,58
30,大里,2019-12-29,76,6,8.0,nan,38.0,31,13.0,76
31,忠明,2019-12-29,73,6,7.0,nan,29.0,27,19.0,73
32,西屯,2019-12-29,64,4,7.0,nan,32.0,28,24.0,64
33,彰化,2019-12-29,57,4,7.0,nan,23.0,28,19.0,57
34,線西,2019-12-29,42,4,nan,nan,24.0,21,nan,42
35,二林,2019-12-29,41,7,5.0,nan,24.0,20,24.0,41
36,南投,2019-12-29,79,3,8.0,nan,37.0,26,12.0,79
37,斗六,2019-12-29,59,4,6.0,nan,27.0,22,17.0,59
1,基隆,2019-12-29,31,7,7.0,nan,14.0,30,31.0,28
38,崙背,2019-12-29,40,4,3.0,nan,19.0,14,26.0,40
39,新港,2019-12-29,44,4,3.0,nan,20.0,16,25.0,44
40,朴子,2019-12-29,30,3,3.0,nan,19.0,10,26.0,30
41,臺西,2019-12-29,40,4,nan,nan,18.0,16,nan,40
42,嘉義,2019-12-29,49,4,6.0,nan,21.0,25,12.0,49
43,新營,2019-12-29,41,3,5.0,nan,17.0,22,21.0,41
44,善化,2019-12-29,44,3,5.0,nan,18.0,20,23.0,44
45,安南,2019-12-29,45,3,5.0,nan,19.0,16,25.0,45
46,臺南,2019-12-29,47,4,6.0,nan,19.0,23,22.0,47
47,美濃,2019-12-29,58,3,6.0,nan,23.0,12,19.0,58
48,橋頭,2019-12-29,56,3,6.0,nan,24.0,21,19.0,56
49,仁武,2019-12-29,63,11,7.0,nan,27.0,22,19.0,63
50,鳳山,2019-12-29,75,6,8.0,nan,32.0,28,nan,75
51,大寮,2019-12-29,78,27,7.0,nan,34.0,28,21.0,78
52,林園,2019-12-29,84,14,7.0,nan,44.0,29,26.0,84
53,楠梓,2019-12-29,56,3,6.0,nan,24.0,19,21.0,56
54,左營,2019-12-29,63,4,7.0,nan,25.0,22,20.0,63
56,前金,2019-12-29,69,3,7.0,nan,29.0,22,20.0,69
57,前鎮,2019-12-29,71,4,nan,nan,35.0,27,nan,71
58,小港,2019-12-29,74,4,10.0,nan,33.0,28,19.0,74
59,屏東,2019-12-29,71,4,7.0,nan,37.0,18,26.0,71
60,潮州,2019-12-29,97,3,7.0,nan,49.0,16,33.0,97
61,恆春,2019-12-29,36,1,1.0,nan,5.0,2,36.0,3
62,臺東,2019-12-29,24,1,3.0,nan,5.0,8,24.0,3
63,花蓮,2019-12-29,18,3,3.0,nan,5.0,12,18.0,13
64,陽明,2019-12-29,31,3,1.0,nan,5.0,2,31.0,3
65,宜蘭,2019-12-29,14,3,3.0,nan,5.0,12,13.0,14
66,冬山,2019-12-29,18,3,3.0,nan,10.0,13,18.0,17
67,三重,2019-12-29,54,9,22.0,nan,22.0,40,nan,54
68,中壢,2019-12-29,52,7,14.0,nan,21.0,30,nan,52
69,竹山,2019-12-29,70,4,7.0,nan,29.0,22,13.0,70
70,永和,2019-12-29,39,7,18.0,nan,15.0,36,nan,39
71,復興,2019-12-29,78,4,11.0,nan,34.0,28,nan,78
72,埔里,2019-12-29,56,4,7.0,nan,21.0,20,15.0,56
75,馬祖,2019-12-29,55,6,3.0,nan,37.0,20,35.0,55
77,金門,2019-12-29,87,6,7.0,nan,44.0,37,21.0,87
78,馬公,2019-12-29,39,1,2.0,nan,nan,7,39.0,27
80,關山,2019-12-29,21,3,nan,nan,5.0,6,21.0,7
44,善化,2019-12-30,42,4,3.0,nan,16.0,20,31.0,42
84,富貴角,2019-12-30,31,1,5.0,nan,15.0,12,31.0,19
83,麥寮,2019-12-30,25,4,nan,nan,14.0,21,nan,25
80,關山,2019-12-30,22,3,nan,nan,5.0,7,22.0,6
78,馬公,2019-12-30,31,6,3.0,nan,nan,16,31.0,10
77,金門,2019-12-30,93,9,7.0,nan,42.0,34,19.0,93
75,馬祖,2019-12-30,74,6,6.0,nan,35.0,22,30.0,74
72,埔里,2019-12-30,23,3,5.0,nan,5.0,23,21.0,16
71,復興,2019-12-30,46,4,10.0,nan,26.0,29,nan,46
70,永和,2019-12-30,45,4,17.0,nan,11.0,45,nan,26
69,竹山,2019-12-30,31,4,6.0,nan,13.0,25,16.0,31
68,中壢,2019-12-30,35,4,14.0,nan,12.0,35,nan,29
67,三重,2019-12-30,43,6,23.0,nan,16.0,42,nan,43
66,冬山,2019-12-30,27,3,3.0,nan,12.0,21,27.0,9
65,宜蘭,2019-12-30,24,3,5.0,nan,5.0,21,24.0,9
64,陽明,2019-12-30,33,1,3.0,nan,5.0,3,33.0,3
63,花蓮,2019-12-30,26,4,3.0,nan,5.0,17,26.0,9
62,臺東,2019-12-30,27,1,3.0,nan,5.0,11,27.0,3
61,恆春,2019-12-30,36,1,1.0,nan,5.0,2,36.0,8
60,潮州,2019-12-30,51,7,6.0,nan,25.0,17,28.0,51
59,屏東,2019-12-30,31,3,5.0,nan,22.0,25,26.0,31
58,小港,2019-12-30,46,4,7.0,nan,24.0,30,19.0,46
57,前鎮,2019-12-30,40,3,nan,nan,23.0,26,nan,40
56,前金,2019-12-30,44,4,5.0,nan,23.0,24,27.0,44
54,左營,2019-12-30,35,3,5.0,nan,19.0,25,28.0,35
53,楠梓,2019-12-30,34,3,5.0,nan,19.0,25,27.0,34
52,林園,2019-12-30,55,19,6.0,nan,33.0,27,23.0,55
51,大寮,2019-12-30,52,23,5.0,nan,26.0,28,21.0,52
50,鳳山,2019-12-30,43,4,6.0,nan,26.0,26,nan,43
49,仁武,2019-12-30,44,14,5.0,nan,22.0,26,22.0,44
48,橋頭,2019-12-30,37,3,5.0,nan,20.0,25,28.0,37
47,美濃,2019-12-30,26,3,5.0,nan,15.0,14,20.0,26
46,臺南,2019-12-30,39,3,5.0,nan,18.0,26,28.0,39
45,安南,2019-12-30,37,3,3.0,nan,17.0,23,30.0,37
43,新營,2019-12-30,36,3,3.0,nan,14.0,24,25.0,36
42,嘉義,2019-12-30,30,4,5.0,nan,13.0,25,25.0,30
41,臺西,2019-12-30,28,6,nan,nan,13.0,23,nan,28
40,朴子,2019-12-30,29,3,3.0,nan,11.0,18,29.0,14
39,新港,2019-12-30,27,3,3.0,nan,16.0,23,26.0,27
38,崙背,2019-12-30,27,3,3.0,nan,13.0,24,19.0,27
37,斗六,2019-12-30,30,3,3.0,nan,15.0,25,21.0,30
36,南投,2019-12-30,33,6,6.0,nan,15.0,30,13.0,33
35,二林,2019-12-30,25,3,5.0,nan,17.0,25,16.0,24
34,線西,2019-12-30,27,6,nan,nan,13.0,27,nan,22
33,彰化,2019-12-30,30,4,7.0,nan,11.0,30,15.0,25
32,西屯,2019-12-30,39,4,6.0,nan,13.0,39,13.0,31
31,忠明,2019-12-30,36,4,9.0,nan,12.0,36,10.0,35
30,大里,2019-12-30,38,6,8.0,nan,17.0,31,9.0,38
29,沙鹿,2019-12-30,28,3,5.0,nan,5.0,28,21.0,25
28,豐原,2019-12-30,27,4,3.0,nan,5.0,23,27.0,20
27,三義,2019-12-30,26,3,5.0,nan,5.0,17,26.0,8
26,苗栗,2019-12-30,27,4,5.0,nan,10.0,23,17.0,27
25,頭份,2019-12-30,25,3,nan,nan,10.0,25,nan,25
24,新竹,2019-12-30,25,3,5.0,nan,9.0,25,20.0,22
23,竹東,2019-12-30,25,6,3.0,nan,5.0,25,20.0,18
22,湖口,2019-12-30,27,3,5.0,nan,5.0,19,27.0,27
21,龍潭,2019-12-30,30,4,6.0,nan,5.0,30,17.0,19
20,平鎮,2019-12-30,34,4,7.0,nan,9.0,34,17.0,21
19,觀音,2019-12-30,28,9,5.0,nan,13.0,19,28.0,27
18,大園,2019-12-30,32,9,5.0,nan,12.0,32,28.0,27
17,桃園,2019-12-30,32,11,7.0,nan,11.0,32,17.0,29
16,大同,2019-12-30,41,7,23.0,nan,16.0,41,nan,38
15,松山,2019-12-30,36,7,10.0,nan,11.0,36,13.0,27
14,古亭,2019-12-30,42,4,10.0,nan,9.0,42,13.0,19
13,萬華,2019-12-30,37,6,10.0,nan,11.0,37,9.0,26
12,中山,2019-12-30,39,9,16.0,nan,10.0,39,7.0,22
11,士林,2019-12-30,28,6,6.0,nan,5.0,28,15.0,9
1,基隆,2019-12-30,28,4,5.0,nan,9.0,25,28.0,18
2,汐止,2019-12-30,37,4,11.0,nan,11.0,37,19.0,23
3,萬里,2019-12-30,35,3,5.0,nan,15.0,10,35.0,15
4,新店,2019-12-30,34,4,7.0,nan,5.0,34,13.0,15
5,土城,2019-12-30,40,6,10.0,nan,13.0,40,11.0,28
6,板橋,2019-12-30,42,7,15.0,nan,15.0,42,8.0,37
7,新莊,2019-12-30,38,6,11.0,nan,14.0,38,14.0,31
8,菜寮,2019-12-30,35,6,12.0,nan,10.0,35,10.0,29
9,林口,2019-12-30,31,4,5.0,nan,5.0,31,27.0,18
10,淡水,2019-12-30,29,3,5.0,nan,5.0,18,29.0,17
67,三重,2019-12-31,39,4,16.0,nan,20,37,nan,39
1,基隆,2019-12-31,44,1,3.0,nan,27,4,44.0,44
2,汐止,2019-12-31,42,6,5.0,nan,19,19,42.0,39
3,萬里,2019-12-31,53,3,3.0,nan,52,4,44.0,53
4,新店,2019-12-31,35,4,6.0,nan,11,20,35.0,27
6,板橋,2019-12-31,35,3,6.0,nan,17,25,35.0,35
7,新莊,2019-12-31,35,3,6.0,nan,19,25,32.0,35
8,菜寮,2019-12-31,30,3,7.0,nan,14,20,30.0,30
9,林口,2019-12-31,40,3,5.0,nan,16,16,40.0,32
10,淡水,2019-12-31,41,3,5.0,nan,14,5,41.0,36
11,士林,2019-12-31,42,4,5.0,nan,10,9,42.0,13
12,中山,2019-12-31,35,3,8.0,nan,17,29,32.0,35
13,萬華,2019-12-31,37,4,6.0,nan,18,25,36.0,37
14,古亭,2019-12-31,36,4,6.0,nan,16,21,36.0,34
15,松山,2019-12-31,40,6,5.0,nan,18,25,38.0,40
16,大同,2019-12-31,42,4,11.0,nan,20,39,nan,42
17,桃園,2019-12-31,37,6,7.0,nan,16,22,31.0,37
18,大園,2019-12-31,49,7,5.0,nan,25,18,41.0,49
19,觀音,2019-12-31,46,6,3.0,nan,26,8,38.0,46
20,平鎮,2019-12-31,35,4,7.0,nan,17,22,33.0,35
21,龍潭,2019-12-31,38,3,5.0,nan,9,11,38.0,23
22,湖口,2019-12-31,40,3,5.0,nan,17,8,40.0,40
23,竹東,2019-12-31,43,1,3.0,nan,5,5,43.0,14
72,埔里,2019-12-31,25,4,6.0,nan,5,18,25.0,17
24,新竹,2019-12-31,39,3,5.0,nan,18,12,39.0,37
25,頭份,2019-12-31,29,3,nan,nan,13,11,nan,29
26,苗栗,2019-12-31,27,3,5.0,nan,12,12,27.0,27
27,三義,2019-12-31,32,3,5.0,nan,5,9,32.0,14
28,豐原,2019-12-31,32,3,5.0,nan,5,10,32.0,16
29,沙鹿,2019-12-31,35,1,5.0,nan,5,11,35.0,24
30,大里,2019-12-31,29,4,6.0,nan,11,20,29.0,19
31,忠明,2019-12-31,31,6,5.0,nan,11,17,31.0,24
32,西屯,2019-12-31,35,1,5.0,nan,11,9,35.0,19
33,彰化,2019-12-31,29,4,6.0,nan,12,16,29.0,21
34,線西,2019-12-31,29,4,nan,nan,20,12,nan,29
35,二林,2019-12-31,31,6,5.0,nan,29,10,31.0,27
36,南投,2019-12-31,33,3,8.0,nan,16,21,33.0,29
37,斗六,2019-12-31,39,4,5.0,nan,18,15,39.0,32
5,土城,2019-12-31,38,4,6.0,nan,15,16,38.0,21
38,崙背,2019-12-31,34,6,5.0,nan,23,14,34.0,31
39,新港,2019-12-31,38,6,5.0,nan,21,13,38.0,31
40,朴子,2019-12-31,37,6,5.0,nan,23,16,37.0,29
41,臺西,2019-12-31,44,4,nan,nan,29,13,nan,44
42,嘉義,2019-12-31,39,4,6.0,nan,22,22,31.0,39
43,新營,2019-12-31,38,4,6.0,nan,21,18,36.0,38
44,善化,2019-12-31,45,3,5.0,nan,19,16,37.0,45
45,安南,2019-12-31,45,4,6.0,nan,24,18,39.0,45
46,臺南,2019-12-31,46,4,7.0,nan,26,21,35.0,46
47,美濃,2019-12-31,45,3,6.0,nan,24,13,28.0,45
48,橋頭,2019-12-31,57,4,7.0,nan,33,26,28.0,57
49,仁武,2019-12-31,61,6,7.0,nan,34,34,26.0,61
50,鳳山,2019-12-31,63,7,9.0,nan,38,42,nan,63
51,大寮,2019-12-31,77,17,8.0,nan,44,44,16.0,77
52,林園,2019-12-31,72,10,8.0,nan,50,36,27.0,72
53,楠梓,2019-12-31,58,6,7.0,nan,32,25,28.0,58
54,左營,2019-12-31,56,6,7.0,nan,31,27,32.0,56
56,前金,2019-12-31,61,4,7.0,nan,34,25,31.0,61
57,前鎮,2019-12-31,61,6,nan,nan,36,43,nan,61
58,小港,2019-12-31,65,4,10.0,nan,39,43,21.0,65
59,屏東,2019-12-31,58,7,7.0,nan,37,29,25.0,58
60,潮州,2019-12-31,83,14,8.0,nan,47,34,25.0,83
61,恆春,2019-12-31,44,1,3.0,nan,5,2,44.0,13
62,臺東,2019-12-31,39,3,5.0,nan,5,9,39.0,9
71,復興,2019-12-31,62,6,12.0,nan,31,48,nan,62
63,花蓮,2019-12-31,39,3,5.0,nan,11,8,39.0,15
68,中壢,2019-12-31,35,3,10.0,nan,17,28,nan,35
84,富貴角,2019-12-31,55,0,3.0,nan,44,3,42.0,55
64,陽明,2019-12-31,39,3,3.0,nan,5,2,39.0,3
83,麥寮,2019-12-31,40,6,nan,nan,28,14,nan,40
70,永和,2019-12-31,32,4,8.0,nan,17,21,nan,32
80,關山,2019-12-31,33,3,nan,nan,5,8,33.0,8
65,宜蘭,2019-12-31,39,3,5.0,nan,12,9,39.0,24
78,馬公,2019-12-31,42,4,3.0,nan,28,4,42.0,39
69,竹山,2019-12-31,34,4,6.0,nan,19,21,30.0,34
77,金門,2019-12-31,87,3,6.0,nan,51,10,37.0,87
66,冬山,2019-12-31,41,3,5.0,nan,13,12,41.0,23
75,馬祖,2019-12-31,92,3,6.0,nan,49,10,38.0,92
