siteid,sitename,monitordate,aqi,so2subindex,cosubindex,o3subindex,pm10subindex,no2subindex,o38subindex,pm25subindex
1,基隆,2017-09-01,54,3.0,2.0,nan,23.0,7.0,54.0,41.0
51,大寮,2017-09-01,62,17.0,5.0,nan,32.0,25.0,16.0,62.0
2,汐止,2017-09-01,46,3.0,3.0,nan,24.0,21.0,45.0,46.0
3,萬里,2017-09-01,74,6.0,2.0,nan,51.0,3.0,74.0,56.0
4,新店,2017-09-01,43,3.0,5.0,nan,24.0,18.0,37.0,43.0
5,土城,2017-09-01,38,3.0,5.0,nan,19.0,21.0,38.0,30.0
6,板橋,2017-09-01,39,6.0,6.0,nan,27.0,25.0,39.0,34.0
7,新莊,2017-09-01,45,9.0,5.0,nan,27.0,18.0,45.0,33.0
8,菜寮,2017-09-01,44,10.0,5.0,nan,27.0,23.0,44.0,32.0
9,林口,2017-09-01,43,9.0,3.0,nan,32.0,22.0,43.0,43.0
10,淡水,2017-09-01,37,4.0,3.0,nan,20.0,13.0,37.0,25.0
11,士林,2017-09-01,46,7.0,2.0,nan,23.0,10.0,46.0,44.0
12,中山,2017-09-01,44,7.0,9.0,nan,30.0,36.0,36.0,44.0
13,萬華,2017-09-01,43,7.0,9.0,nan,28.0,31.0,38.0,43.0
14,古亭,2017-09-01,42,4.0,5.0,nan,18.0,20.0,42.0,40.0
15,松山,2017-09-01,43,4.0,5.0,nan,20.0,25.0,43.0,41.0
16,大同,2017-09-01,42,10.0,16.0,nan,41.0,42.0,nan,30.0
17,桃園,2017-09-01,50,7.0,5.0,nan,28.0,21.0,37.0,50.0
19,觀音,2017-09-01,55,13.0,3.0,nan,45.0,23.0,39.0,55.0
20,平鎮,2017-09-01,44,3.0,5.0,nan,31.0,13.0,44.0,33.0
21,龍潭,2017-09-01,42,3.0,3.0,nan,31.0,12.0,38.0,42.0
22,湖口,2017-09-01,42,4.0,2.0,nan,26.0,10.0,42.0,41.0
23,竹東,2017-09-01,33,3.0,2.0,nan,18.0,8.0,31.0,33.0
24,新竹,2017-09-01,42,3.0,3.0,nan,26.0,11.0,42.0,30.0
25,頭份,2017-09-01,51,3.0,3.0,nan,21.0,15.0,nan,51.0
26,苗栗,2017-09-01,52,4.0,5.0,nan,27.0,14.0,33.0,52.0
27,三義,2017-09-01,71,9.0,5.0,nan,39.0,20.0,43.0,71.0
28,豐原,2017-09-01,97,9.0,6.0,nan,60.0,23.0,39.0,97.0
29,沙鹿,2017-09-01,77,7.0,6.0,nan,39.0,28.0,36.0,77.0
30,大里,2017-09-01,68,7.0,8.0,nan,45.0,25.0,23.0,68.0
31,忠明,2017-09-01,91,6.0,8.0,nan,45.0,30.0,28.0,91.0
32,西屯,2017-09-01,79,11.0,6.0,nan,51.0,26.0,30.0,79.0
33,彰化,2017-09-01,110,14.0,8.0,nan,51.0,20.0,22.0,110.0
34,線西,2017-09-01,95,37.0,6.0,nan,50.0,28.0,nan,95.0
35,二林,2017-09-01,91,6.0,5.0,nan,53.0,19.0,30.0,91.0
36,南投,2017-09-01,51,6.0,5.0,nan,34.0,20.0,14.0,51.0
37,斗六,2017-09-01,78,6.0,5.0,nan,43.0,16.0,36.0,78.0
18,大園,2017-09-01,41,9.0,3.0,nan,33.0,21.0,40.0,41.0
38,崙背,2017-09-01,84,6.0,3.0,nan,50.0,16.0,36.0,84.0
39,新港,2017-09-01,80,6.0,5.0,nan,45.0,11.0,54.0,80.0
40,朴子,2017-09-01,90,6.0,5.0,nan,51.0,16.0,90.0,71.0
41,臺西,2017-09-01,95,11.0,3.0,nan,53.0,15.0,nan,95.0
42,嘉義,2017-09-01,85,7.0,6.0,nan,50.0,nan,42.0,85.0
43,新營,2017-09-01,77,6.0,5.0,nan,48.0,16.0,50.0,77.0
44,善化,2017-09-01,59,4.0,5.0,nan,38.0,16.0,45.0,59.0
45,安南,2017-09-01,97,4.0,6.0,nan,51.0,19.0,97.0,77.0
46,臺南,2017-09-01,67,7.0,7.0,nan,34.0,20.0,67.0,65.0
47,美濃,2017-09-01,40,3.0,3.0,nan,11.0,7.0,18.0,40.0
48,橋頭,2017-09-01,54,11.0,7.0,nan,31.0,25.0,20.0,54.0
49,仁武,2017-09-01,56,13.0,9.0,nan,38.0,31.0,23.0,56.0
50,鳳山,2017-09-01,51,11.0,10.0,nan,40.0,28.0,nan,51.0
52,林園,2017-09-01,43,10.0,3.0,nan,18.0,23.0,24.0,43.0
53,楠梓,2017-09-01,46,20.0,8.0,nan,46.0,28.0,19.0,40.0
54,左營,2017-09-01,56,16.0,7.0,nan,38.0,37.0,24.0,56.0
56,前金,2017-09-01,60,19.0,9.0,nan,34.0,36.0,29.0,60.0
57,前鎮,2017-09-01,50,33.0,10.0,nan,32.0,36.0,nan,50.0
58,小港,2017-09-01,57,23.0,7.0,nan,31.0,32.0,20.0,57.0
59,屏東,2017-09-01,28,6.0,8.0,nan,24.0,23.0,19.0,28.0
60,潮州,2017-09-01,40,3.0,2.0,nan,29.0,8.0,17.0,40.0
61,恆春,2017-09-01,25,3.0,1.0,nan,17.0,2.0,25.0,14.0
62,臺東,2017-09-01,17,3.0,5.0,nan,15.0,13.0,17.0,15.0
63,花蓮,2017-09-01,22,3.0,3.0,nan,12.0,16.0,18.0,22.0
64,陽明,2017-09-01,47,3.0,1.0,nan,10.0,2.0,47.0,22.0
65,宜蘭,2017-09-01,33,3.0,3.0,nan,20.0,10.0,33.0,30.0
66,冬山,2017-09-01,37,9.0,3.0,nan,24.0,22.0,26.0,37.0
67,三重,2017-09-01,44,10.0,17.0,nan,40.0,44.0,nan,42.0
68,中壢,2017-09-01,35,4.0,10.0,nan,35.0,29.0,nan,35.0
69,竹山,2017-09-01,60,4.0,3.0,nan,31.0,15.0,19.0,60.0
70,永和,2017-09-01,40,4.0,7.0,nan,23.0,20.0,nan,40.0
71,復興,2017-09-01,54,24.0,15.0,nan,28.0,40.0,nan,54.0
72,埔里,2017-09-01,30,6.0,5.0,nan,21.0,15.0,14.0,30.0
75,馬祖,2017-09-01,84,6.0,2.0,nan,44.0,6.0,84.0,58.0
77,金門,2017-09-01,74,4.0,3.0,nan,44.0,6.0,74.0,55.0
78,馬公,2017-09-01,51,3.0,2.0,nan,34.0,6.0,46.0,51.0
80,關山,2017-09-01,17,3.0,nan,nan,12.0,7.0,14.0,17.0
83,麥寮,2017-09-01,91,6.0,5.0,nan,63.0,12.0,nan,91.0
84,富貴角,2017-09-01,84,1.0,2.0,nan,nan,1.0,84.0,nan
37,斗六,2017-09-02,69,7.0,3.0,nan,32.0,13.0,43.0,69.0
18,大園,2017-09-02,38,7.0,3.0,nan,26.0,25.0,38.0,33.0
1,基隆,2017-09-02,41,3.0,2.0,nan,17.0,11.0,41.0,31.0
51,大寮,2017-09-02,46,9.0,2.0,nan,25.0,10.0,27.0,46.0
2,汐止,2017-09-02,35,3.0,3.0,nan,18.0,19.0,35.0,33.0
3,萬里,2017-09-02,49,4.0,2.0,nan,41.0,9.0,49.0,43.0
4,新店,2017-09-02,31,3.0,5.0,nan,18.0,18.0,31.0,23.0
5,土城,2017-09-02,31,3.0,5.0,nan,12.0,18.0,31.0,19.0
6,板橋,2017-09-02,35,3.0,6.0,nan,19.0,23.0,35.0,21.0
7,新莊,2017-09-02,38,6.0,5.0,nan,19.0,20.0,38.0,22.0
8,菜寮,2017-09-02,36,11.0,5.0,nan,21.0,21.0,36.0,25.0
9,林口,2017-09-02,40,10.0,3.0,nan,24.0,20.0,40.0,30.0
10,淡水,2017-09-02,32,4.0,3.0,nan,14.0,12.0,32.0,19.0
11,士林,2017-09-02,43,4.0,2.0,nan,nan,7.0,43.0,nan
12,中山,2017-09-02,32,6.0,7.0,nan,19.0,32.0,31.0,27.0
13,萬華,2017-09-02,33,6.0,9.0,nan,22.0,30.0,33.0,31.0
14,古亭,2017-09-02,37,3.0,5.0,nan,13.0,19.0,37.0,36.0
15,松山,2017-09-02,36,4.0,5.0,nan,nan,25.0,36.0,31.0
16,大同,2017-09-02,38,7.0,16.0,nan,34.0,38.0,nan,19.0
17,桃園,2017-09-02,35,6.0,5.0,nan,16.0,15.0,35.0,34.0
19,觀音,2017-09-02,42,9.0,3.0,nan,30.0,18.0,34.0,42.0
20,平鎮,2017-09-02,39,4.0,3.0,nan,21.0,17.0,39.0,27.0
21,龍潭,2017-09-02,36,3.0,3.0,nan,20.0,11.0,36.0,26.0
22,湖口,2017-09-02,42,6.0,3.0,nan,16.0,10.0,42.0,36.0
23,竹東,2017-09-02,29,3.0,2.0,nan,13.0,12.0,29.0,22.0
24,新竹,2017-09-02,40,3.0,3.0,nan,9.0,12.0,40.0,13.0
25,頭份,2017-09-02,39,3.0,3.0,nan,13.0,17.0,nan,39.0
26,苗栗,2017-09-02,45,6.0,3.0,nan,23.0,14.0,45.0,42.0
27,三義,2017-09-02,61,4.0,5.0,nan,31.0,15.0,61.0,60.0
28,豐原,2017-09-02,71,6.0,5.0,nan,35.0,14.0,71.0,68.0
29,沙鹿,2017-09-02,63,16.0,5.0,nan,33.0,24.0,50.0,63.0
30,大里,2017-09-02,55,7.0,6.0,nan,33.0,16.0,50.0,55.0
31,忠明,2017-09-02,71,6.0,5.0,nan,30.0,25.0,71.0,70.0
32,西屯,2017-09-02,84,13.0,5.0,nan,38.0,26.0,84.0,68.0
33,彰化,2017-09-02,80,11.0,5.0,nan,38.0,14.0,46.0,80.0
34,線西,2017-09-02,68,19.0,5.0,nan,31.0,21.0,nan,68.0
35,二林,2017-09-02,83,6.0,3.0,nan,40.0,21.0,42.0,83.0
36,南投,2017-09-02,40,3.0,3.0,nan,29.0,18.0,37.0,40.0
38,崙背,2017-09-02,75,3.0,3.0,nan,42.0,15.0,40.0,75.0
39,新港,2017-09-02,71,6.0,5.0,nan,38.0,14.0,42.0,71.0
40,朴子,2017-09-02,77,6.0,6.0,nan,45.0,13.0,44.0,77.0
41,臺西,2017-09-02,98,7.0,5.0,nan,50.0,12.0,nan,98.0
42,嘉義,2017-09-02,47,13.0,6.0,nan,31.0,23.0,39.0,47.0
43,新營,2017-09-02,67,31.0,5.0,nan,44.0,8.0,38.0,67.0
44,善化,2017-09-02,43,4.0,3.0,nan,29.0,11.0,37.0,43.0
45,安南,2017-09-02,71,7.0,6.0,nan,47.0,25.0,41.0,71.0
46,臺南,2017-09-02,71,9.0,6.0,nan,37.0,22.0,38.0,71.0
47,美濃,2017-09-02,33,3.0,2.0,nan,nan,5.0,33.0,nan
48,橋頭,2017-09-02,55,13.0,5.0,nan,33.0,22.0,35.0,55.0
49,仁武,2017-09-02,57,14.0,6.0,nan,45.0,25.0,37.0,57.0
50,鳳山,2017-09-02,47,19.0,7.0,nan,40.0,21.0,nan,47.0
52,林園,2017-09-02,35,9.0,2.0,nan,19.0,8.0,32.0,35.0
53,楠梓,2017-09-02,52,14.0,6.0,nan,44.0,22.0,33.0,52.0
54,左營,2017-09-02,62,16.0,6.0,nan,41.0,29.0,31.0,62.0
56,前金,2017-09-02,60,30.0,7.0,nan,36.0,26.0,25.0,60.0
57,前鎮,2017-09-02,37,31.0,7.0,nan,31.0,28.0,nan,37.0
58,小港,2017-09-02,52,49.0,6.0,nan,41.0,27.0,28.0,52.0
59,屏東,2017-09-02,29,4.0,6.0,nan,26.0,16.0,29.0,29.0
60,潮州,2017-09-02,29,9.0,2.0,nan,28.0,5.0,27.0,29.0
61,恆春,2017-09-02,30,3.0,1.0,nan,21.0,3.0,30.0,19.0
62,臺東,2017-09-02,19,4.0,5.0,nan,19.0,13.0,17.0,16.0
63,花蓮,2017-09-02,29,1.0,2.0,nan,15.0,14.0,29.0,20.0
64,陽明,2017-09-02,44,3.0,1.0,nan,7.0,1.0,44.0,14.0
65,宜蘭,2017-09-02,33,3.0,3.0,nan,13.0,10.0,33.0,25.0
66,冬山,2017-09-02,33,6.0,3.0,nan,16.0,18.0,33.0,28.0
67,三重,2017-09-02,38,10.0,16.0,nan,34.0,38.0,nan,31.0
68,中壢,2017-09-02,31,4.0,11.0,nan,29.0,31.0,nan,26.0
69,竹山,2017-09-02,47,4.0,3.0,nan,26.0,13.0,41.0,47.0
70,永和,2017-09-02,29,4.0,6.0,nan,19.0,17.0,nan,29.0
71,復興,2017-09-02,45,21.0,7.0,nan,26.0,26.0,nan,45.0
72,埔里,2017-09-02,35,4.0,3.0,nan,21.0,13.0,33.0,35.0
75,馬祖,2017-09-02,93,4.0,2.0,nan,39.0,5.0,93.0,58.0
77,金門,2017-09-02,67,4.0,3.0,nan,37.0,4.0,67.0,49.0
78,馬公,2017-09-02,48,4.0,3.0,nan,22.0,11.0,48.0,44.0
80,關山,2017-09-02,19,1.0,nan,nan,19.0,5.0,14.0,17.0
83,麥寮,2017-09-02,98,3.0,5.0,nan,55.0,13.0,nan,98.0
84,富貴角,2017-09-02,54,1.0,1.0,nan,nan,3.0,54.0,nan
1,基隆,2017-09-03,27,4.0,5.0,nan,13.0,17.0,20.0,27.0
51,大寮,2017-09-03,45,3.0,1.0,nan,29.0,7.0,32.0,45.0
2,汐止,2017-09-03,31,6.0,6.0,nan,16.0,25.0,20.0,31.0
3,萬里,2017-09-03,33,10.0,2.0,nan,15.0,11.0,31.0,33.0
4,新店,2017-09-03,30,3.0,5.0,nan,19.0,21.0,27.0,30.0
5,土城,2017-09-03,28,6.0,6.0,nan,13.0,17.0,28.0,24.0
6,板橋,2017-09-03,36,6.0,8.0,nan,18.0,36.0,25.0,27.0
7,新莊,2017-09-03,29,4.0,6.0,nan,17.0,25.0,29.0,25.0
8,菜寮,2017-09-03,36,9.0,8.0,nan,19.0,36.0,26.0,25.0
9,林口,2017-09-03,34,6.0,5.0,nan,21.0,29.0,34.0,34.0
10,淡水,2017-09-03,22,7.0,5.0,nan,14.0,21.0,19.0,22.0
11,士林,2017-09-03,23,4.0,3.0,nan,14.0,23.0,20.0,nan
12,中山,2017-09-03,34,6.0,8.0,nan,19.0,34.0,23.0,23.0
13,萬華,2017-09-03,37,6.0,10.0,nan,19.0,37.0,23.0,24.0
14,古亭,2017-09-03,26,3.0,6.0,nan,10.0,24.0,26.0,23.0
15,松山,2017-09-03,28,6.0,5.0,nan,nan,25.0,25.0,28.0
16,大同,2017-09-03,39,9.0,18.0,nan,31.0,39.0,nan,24.0
17,桃園,2017-09-03,38,9.0,7.0,nan,19.0,29.0,30.0,38.0
19,觀音,2017-09-03,39,7.0,5.0,nan,28.0,23.0,31.0,39.0
20,平鎮,2017-09-03,40,6.0,6.0,nan,25.0,21.0,40.0,34.0
18,大園,2017-09-03,31,23.0,5.0,nan,21.0,26.0,31.0,27.0
21,龍潭,2017-09-03,37,3.0,6.0,nan,25.0,17.0,36.0,37.0
22,湖口,2017-09-03,44,7.0,5.0,nan,18.0,17.0,44.0,37.0
23,竹東,2017-09-03,37,3.0,3.0,nan,18.0,8.0,37.0,33.0
24,新竹,2017-09-03,45,6.0,3.0,nan,13.0,19.0,45.0,24.0
25,頭份,2017-09-03,41,3.0,3.0,nan,21.0,8.0,nan,41.0
26,苗栗,2017-09-03,50,7.0,5.0,nan,28.0,16.0,46.0,50.0
27,三義,2017-09-03,49,7.0,3.0,nan,19.0,14.0,49.0,26.0
28,豐原,2017-09-03,51,4.0,3.0,nan,19.0,8.0,51.0,35.0
29,沙鹿,2017-09-03,74,6.0,5.0,nan,26.0,18.0,74.0,43.0
30,大里,2017-09-03,49,6.0,6.0,nan,26.0,13.0,49.0,40.0
31,忠明,2017-09-03,50,6.0,7.0,nan,20.0,23.0,50.0,47.0
32,西屯,2017-09-03,61,11.0,5.0,nan,29.0,27.0,61.0,50.0
33,彰化,2017-09-03,49,9.0,5.0,nan,24.0,16.0,47.0,49.0
34,線西,2017-09-03,52,7.0,5.0,nan,26.0,25.0,nan,52.0
35,二林,2017-09-03,51,6.0,3.0,nan,21.0,14.0,51.0,39.0
36,南投,2017-09-03,40,4.0,5.0,nan,26.0,12.0,34.0,40.0
37,斗六,2017-09-03,45,7.0,3.0,nan,25.0,10.0,45.0,39.0
38,崙背,2017-09-03,51,7.0,3.0,nan,23.0,12.0,45.0,51.0
39,新港,2017-09-03,40,7.0,3.0,nan,25.0,12.0,40.0,37.0
40,朴子,2017-09-03,44,6.0,3.0,nan,34.0,15.0,44.0,42.0
41,臺西,2017-09-03,61,6.0,3.0,nan,34.0,11.0,nan,61.0
42,嘉義,2017-09-03,40,6.0,5.0,nan,28.0,14.0,40.0,32.0
43,新營,2017-09-03,39,4.0,3.0,nan,31.0,7.0,39.0,36.0
44,善化,2017-09-03,39,10.0,2.0,nan,26.0,8.0,39.0,37.0
45,安南,2017-09-03,40,6.0,3.0,nan,31.0,13.0,40.0,39.0
46,臺南,2017-09-03,40,9.0,3.0,nan,24.0,16.0,35.0,40.0
47,美濃,2017-09-03,35,3.0,2.0,nan,nan,4.0,35.0,nan
48,橋頭,2017-09-03,44,10.0,3.0,nan,26.0,15.0,36.0,44.0
49,仁武,2017-09-03,39,7.0,3.0,nan,33.0,8.0,30.0,39.0
50,鳳山,2017-09-03,38,14.0,6.0,nan,37.0,12.0,nan,38.0
52,林園,2017-09-03,43,6.0,2.0,nan,23.0,5.0,39.0,43.0
53,楠梓,2017-09-03,39,19.0,3.0,nan,34.0,17.0,32.0,39.0
54,左營,2017-09-03,40,11.0,3.0,nan,31.0,18.0,34.0,40.0
56,前金,2017-09-03,40,14.0,2.0,nan,31.0,19.0,32.0,40.0
57,前鎮,2017-09-03,30,19.0,3.0,nan,30.0,16.0,nan,29.0
58,小港,2017-09-03,53,51.0,8.0,nan,44.0,22.0,29.0,53.0
59,屏東,2017-09-03,30,3.0,6.0,nan,28.0,13.0,30.0,29.0
60,潮州,2017-09-03,33,11.0,2.0,nan,33.0,5.0,30.0,25.0
61,恆春,2017-09-03,38,3.0,1.0,nan,38.0,3.0,36.0,28.0
62,臺東,2017-09-03,31,3.0,5.0,nan,31.0,6.0,24.0,23.0
63,花蓮,2017-09-03,31,4.0,2.0,nan,13.0,8.0,31.0,18.0
64,陽明,2017-09-03,39,3.0,1.0,nan,6.0,2.0,39.0,12.0
65,宜蘭,2017-09-03,31,3.0,3.0,nan,15.0,13.0,31.0,20.0
66,冬山,2017-09-03,30,6.0,5.0,nan,15.0,23.0,30.0,27.0
67,三重,2017-09-03,42,10.0,17.0,nan,31.0,41.0,nan,42.0
68,中壢,2017-09-03,36,6.0,18.0,nan,33.0,36.0,nan,33.0
69,竹山,2017-09-03,39,4.0,3.0,nan,22.0,8.0,39.0,38.0
70,永和,2017-09-03,26,3.0,9.0,nan,17.0,26.0,nan,24.0
71,復興,2017-09-03,40,13.0,5.0,nan,24.0,16.0,nan,40.0
72,埔里,2017-09-03,35,4.0,3.0,nan,20.0,9.0,32.0,35.0
75,馬祖,2017-09-03,43,3.0,1.0,nan,24.0,4.0,43.0,42.0
77,金門,2017-09-03,41,4.0,2.0,nan,25.0,8.0,41.0,30.0
78,馬公,2017-09-03,39,3.0,2.0,nan,19.0,10.0,33.0,39.0
80,關山,2017-09-03,25,1.0,nan,nan,25.0,5.0,24.0,24.0
83,麥寮,2017-09-03,63,6.0,3.0,nan,43.0,11.0,nan,63.0
84,富貴角,2017-09-03,42,1.0,1.0,nan,nan,3.0,42.0,nan
38,崙背,2017-09-04,42,6.0,2.0,nan,24.0,9.0,37.0,42.0
18,大園,2017-09-04,43,24.0,5.0,nan,29.0,27.0,38.0,43.0
1,基隆,2017-09-04,31,6.0,6.0,nan,19.0,18.0,28.0,31.0
51,大寮,2017-09-04,49,10.0,3.0,nan,30.0,11.0,31.0,49.0
2,汐止,2017-09-04,61,61.0,7.0,nan,24.0,28.0,24.0,44.0
3,萬里,2017-09-04,42,23.0,2.0,nan,27.0,15.0,36.0,42.0
4,新店,2017-09-04,48,30.0,6.0,nan,30.0,32.0,48.0,47.0
5,土城,2017-09-04,45,23.0,8.0,nan,30.0,36.0,44.0,45.0
6,板橋,2017-09-04,47,47.0,9.0,nan,29.0,39.0,44.0,41.0
7,新莊,2017-09-04,44,31.0,7.0,nan,28.0,33.0,44.0,34.0
8,菜寮,2017-09-04,43,20.0,9.0,nan,24.0,27.0,43.0,32.0
9,林口,2017-09-04,53,20.0,5.0,nan,29.0,31.0,40.0,53.0
10,淡水,2017-09-04,33,11.0,6.0,nan,19.0,23.0,33.0,29.0
11,士林,2017-09-04,40,17.0,5.0,nan,19.0,28.0,40.0,26.0
12,中山,2017-09-04,39,16.0,12.0,nan,24.0,33.0,28.0,39.0
13,萬華,2017-09-04,51,41.0,16.0,nan,27.0,51.0,31.0,46.0
14,古亭,2017-09-04,42,36.0,9.0,nan,20.0,35.0,42.0,40.0
15,松山,2017-09-04,43,43.0,7.0,nan,19.0,31.0,32.0,34.0
16,大同,2017-09-04,43,19.0,26.0,nan,37.0,43.0,nan,24.0
17,桃園,2017-09-04,53,44.0,7.0,nan,28.0,33.0,41.0,53.0
19,觀音,2017-09-04,53,14.0,3.0,nan,35.0,26.0,36.0,53.0
20,平鎮,2017-09-04,43,16.0,6.0,nan,34.0,32.0,43.0,37.0
21,龍潭,2017-09-04,60,4.0,8.0,nan,37.0,43.0,40.0,60.0
22,湖口,2017-09-04,54,9.0,3.0,nan,24.0,16.0,44.0,54.0
23,竹東,2017-09-04,54,9.0,5.0,nan,31.0,17.0,39.0,54.0
24,新竹,2017-09-04,47,7.0,5.0,nan,22.0,22.0,47.0,39.0
25,頭份,2017-09-04,57,4.0,3.0,nan,31.0,11.0,nan,57.0
26,苗栗,2017-09-04,63,9.0,6.0,nan,38.0,22.0,44.0,63.0
27,三義,2017-09-04,77,9.0,3.0,nan,31.0,11.0,77.0,53.0
28,豐原,2017-09-04,77,11.0,5.0,nan,31.0,17.0,77.0,47.0
29,沙鹿,2017-09-04,48,10.0,5.0,nan,28.0,26.0,48.0,48.0
30,大里,2017-09-04,47,14.0,6.0,nan,34.0,20.0,47.0,47.0
31,忠明,2017-09-04,52,11.0,5.0,nan,23.0,24.0,46.0,52.0
32,西屯,2017-09-04,52,17.0,3.0,nan,33.0,25.0,48.0,52.0
33,彰化,2017-09-04,58,23.0,5.0,nan,31.0,25.0,40.0,58.0
34,線西,2017-09-04,56,7.0,3.0,nan,27.0,13.0,nan,56.0
35,二林,2017-09-04,40,4.0,2.0,nan,23.0,9.0,38.0,40.0
36,南投,2017-09-04,53,4.0,5.0,nan,33.0,15.0,40.0,53.0
37,斗六,2017-09-04,44,4.0,3.0,nan,30.0,11.0,44.0,42.0
39,新港,2017-09-04,34,9.0,2.0,nan,20.0,13.0,34.0,34.0
40,朴子,2017-09-04,34,6.0,2.0,nan,27.0,9.0,33.0,34.0
41,臺西,2017-09-04,46,11.0,2.0,nan,22.0,11.0,nan,46.0
42,嘉義,2017-09-04,38,6.0,5.0,nan,28.0,14.0,34.0,38.0
43,新營,2017-09-04,37,4.0,3.0,nan,28.0,8.0,37.0,35.0
44,善化,2017-09-04,43,7.0,2.0,nan,28.0,11.0,43.0,36.0
45,安南,2017-09-04,42,3.0,3.0,nan,26.0,14.0,42.0,38.0
46,臺南,2017-09-04,34,6.0,3.0,nan,19.0,12.0,34.0,33.0
47,美濃,2017-09-04,55,3.0,2.0,nan,20.0,6.0,49.0,55.0
48,橋頭,2017-09-04,54,13.0,3.0,nan,29.0,14.0,40.0,54.0
49,仁武,2017-09-04,44,31.0,5.0,nan,32.0,19.0,38.0,44.0
50,鳳山,2017-09-04,41,19.0,6.0,nan,41.0,22.0,nan,40.0
52,林園,2017-09-04,39,7.0,2.0,nan,19.0,5.0,34.0,39.0
53,楠梓,2017-09-04,36,10.0,3.0,nan,36.0,22.0,35.0,34.0
54,左營,2017-09-04,42,10.0,3.0,nan,32.0,18.0,31.0,42.0
56,前金,2017-09-04,34,11.0,3.0,nan,28.0,14.0,31.0,34.0
57,前鎮,2017-09-04,33,20.0,5.0,nan,29.0,19.0,nan,33.0
58,小港,2017-09-04,50,33.0,3.0,nan,37.0,22.0,23.0,50.0
59,屏東,2017-09-04,47,20.0,5.0,nan,29.0,17.0,47.0,36.0
60,潮州,2017-09-04,33,3.0,2.0,nan,29.0,5.0,33.0,33.0
61,恆春,2017-09-04,29,3.0,1.0,nan,29.0,3.0,26.0,26.0
62,臺東,2017-09-04,29,6.0,5.0,nan,29.0,11.0,28.0,27.0
63,花蓮,2017-09-04,37,6.0,3.0,nan,21.0,12.0,37.0,23.0
64,陽明,2017-09-04,36,7.0,2.0,nan,14.0,11.0,36.0,31.0
65,宜蘭,2017-09-04,33,4.0,3.0,nan,26.0,8.0,33.0,32.0
66,冬山,2017-09-04,35,7.0,2.0,nan,29.0,13.0,30.0,35.0
67,三重,2017-09-04,50,16.0,20.0,nan,35.0,50.0,nan,44.0
68,中壢,2017-09-04,49,20.0,20.0,nan,37.0,38.0,nan,49.0
69,竹山,2017-09-04,52,4.0,3.0,nan,29.0,13.0,41.0,52.0
70,永和,2017-09-04,50,41.0,18.0,nan,30.0,44.0,nan,50.0
71,復興,2017-09-04,39,17.0,7.0,nan,24.0,24.0,nan,39.0
72,埔里,2017-09-04,46,6.0,3.0,nan,25.0,13.0,43.0,46.0
75,馬祖,2017-09-04,44,7.0,2.0,nan,27.0,7.0,44.0,39.0
77,金門,2017-09-04,34,6.0,2.0,nan,19.0,8.0,34.0,25.0
78,馬公,2017-09-04,32,6.0,3.0,nan,16.0,9.0,32.0,32.0
80,關山,2017-09-04,29,1.0,nan,nan,27.0,4.0,26.0,29.0
83,麥寮,2017-09-04,55,14.0,3.0,nan,33.0,16.0,nan,55.0
84,富貴角,2017-09-04,40,3.0,1.0,nan,nan,4.0,40.0,nan
18,大園,2017-09-05,58,19.0,3.0,nan,35.0,24.0,45.0,58.0
1,基隆,2017-09-05,43,6.0,6.0,nan,23.0,14.0,30.0,43.0
51,大寮,2017-09-05,62,21.0,3.0,nan,38.0,19.0,47.0,62.0
2,汐止,2017-09-05,50,50.0,6.0,nan,29.0,23.0,29.0,47.0
3,萬里,2017-09-05,53,17.0,2.0,nan,31.0,14.0,30.0,53.0
4,新店,2017-09-05,46,10.0,5.0,nan,32.0,20.0,38.0,46.0
5,土城,2017-09-05,51,23.0,6.0,nan,31.0,22.0,44.0,51.0
6,板橋,2017-09-05,47,14.0,8.0,nan,33.0,25.0,37.0,47.0
7,新莊,2017-09-05,40,10.0,8.0,nan,30.0,26.0,40.0,37.0
8,菜寮,2017-09-05,41,16.0,7.0,nan,29.0,26.0,35.0,41.0
9,林口,2017-09-05,65,10.0,5.0,nan,35.0,28.0,46.0,65.0
10,淡水,2017-09-05,38,13.0,7.0,nan,23.0,38.0,38.0,32.0
11,士林,2017-09-05,37,17.0,5.0,nan,27.0,18.0,35.0,37.0
12,中山,2017-09-05,44,11.0,10.0,nan,38.0,33.0,21.0,44.0
13,萬華,2017-09-05,50,14.0,11.0,nan,32.0,41.0,24.0,50.0
14,古亭,2017-09-05,47,30.0,6.0,nan,27.0,27.0,32.0,47.0
15,松山,2017-09-05,55,31.0,6.0,nan,26.0,27.0,30.0,55.0
16,大同,2017-09-05,43,11.0,14.0,nan,43.0,35.0,nan,19.0
17,桃園,2017-09-05,55,11.0,6.0,nan,33.0,25.0,46.0,55.0
19,觀音,2017-09-05,62,11.0,5.0,nan,37.0,22.0,47.0,62.0
20,平鎮,2017-09-05,62,13.0,6.0,nan,40.0,27.0,51.0,62.0
21,龍潭,2017-09-05,100,11.0,6.0,nan,44.0,16.0,100.0,63.0
22,湖口,2017-09-05,58,10.0,3.0,nan,31.0,21.0,51.0,58.0
23,竹東,2017-09-05,65,6.0,5.0,nan,36.0,14.0,42.0,65.0
24,新竹,2017-09-05,44,4.0,5.0,nan,29.0,16.0,42.0,44.0
25,頭份,2017-09-05,60,6.0,3.0,nan,34.0,11.0,nan,60.0
26,苗栗,2017-09-05,67,7.0,5.0,nan,41.0,13.0,43.0,67.0
27,三義,2017-09-05,57,6.0,3.0,nan,36.0,11.0,47.0,57.0
28,豐原,2017-09-05,60,3.0,5.0,nan,37.0,12.0,44.0,60.0
29,沙鹿,2017-09-05,52,7.0,3.0,nan,30.0,16.0,44.0,52.0
30,大里,2017-09-05,68,6.0,6.0,nan,47.0,21.0,51.0,68.0
31,忠明,2017-09-05,59,4.0,5.0,nan,31.0,16.0,45.0,59.0
32,西屯,2017-09-05,55,7.0,3.0,nan,35.0,25.0,46.0,55.0
33,彰化,2017-09-05,72,16.0,5.0,nan,37.0,18.0,35.0,72.0
34,線西,2017-09-05,58,9.0,3.0,nan,29.0,15.0,nan,58.0
35,二林,2017-09-05,94,17.0,5.0,nan,54.0,12.0,36.0,94.0
36,南投,2017-09-05,64,7.0,6.0,nan,43.0,16.0,64.0,64.0
37,斗六,2017-09-05,63,11.0,5.0,nan,31.0,25.0,61.0,63.0
84,富貴角,2017-09-05,39,4.0,1.0,nan,nan,9.0,39.0,nan
38,崙背,2017-09-05,57,13.0,3.0,nan,37.0,13.0,40.0,57.0
39,新港,2017-09-05,55,24.0,6.0,nan,32.0,17.0,43.0,55.0
40,朴子,2017-09-05,55,11.0,3.0,nan,42.0,8.0,42.0,55.0
41,臺西,2017-09-05,68,21.0,2.0,nan,32.0,24.0,nan,68.0
42,嘉義,2017-09-05,60,10.0,3.0,nan,36.0,18.0,50.0,60.0
43,新營,2017-09-05,61,19.0,5.0,nan,33.0,14.0,41.0,61.0
44,善化,2017-09-05,59,13.0,3.0,nan,31.0,10.0,45.0,59.0
45,安南,2017-09-05,56,7.0,3.0,nan,31.0,17.0,44.0,56.0
46,臺南,2017-09-05,50,7.0,5.0,nan,26.0,17.0,42.0,50.0
47,美濃,2017-09-05,58,6.0,2.0,nan,22.0,4.0,49.0,58.0
48,橋頭,2017-09-05,64,9.0,5.0,nan,33.0,14.0,45.0,64.0
49,仁武,2017-09-05,54,24.0,5.0,nan,37.0,18.0,47.0,54.0
50,鳳山,2017-09-05,49,11.0,6.0,nan,44.0,18.0,nan,49.0
52,林園,2017-09-05,67,20.0,6.0,nan,27.0,25.0,61.0,67.0
53,楠梓,2017-09-05,51,9.0,3.0,nan,31.0,14.0,49.0,51.0
54,左營,2017-09-05,58,11.0,5.0,nan,33.0,19.0,45.0,58.0
56,前金,2017-09-05,61,13.0,6.0,nan,33.0,16.0,61.0,57.0
57,前鎮,2017-09-05,58,14.0,5.0,nan,33.0,18.0,nan,58.0
58,小港,2017-09-05,63,14.0,5.0,nan,37.0,25.0,47.0,63.0
59,屏東,2017-09-05,50,4.0,6.0,nan,30.0,21.0,50.0,42.0
60,潮州,2017-09-05,61,7.0,3.0,nan,39.0,11.0,61.0,54.0
61,恆春,2017-09-05,27,3.0,1.0,nan,26.0,3.0,27.0,24.0
62,臺東,2017-09-05,36,4.0,3.0,nan,30.0,8.0,22.0,36.0
63,花蓮,2017-09-05,46,14.0,3.0,nan,27.0,9.0,27.0,46.0
64,陽明,2017-09-05,36,16.0,2.0,nan,14.0,8.0,36.0,35.0
65,宜蘭,2017-09-05,37,6.0,3.0,nan,31.0,6.0,30.0,37.0
66,冬山,2017-09-05,46,11.0,3.0,nan,40.0,14.0,24.0,46.0
67,三重,2017-09-05,54,20.0,17.0,nan,43.0,39.0,nan,54.0
68,中壢,2017-09-05,73,14.0,20.0,nan,52.0,40.0,nan,73.0
69,竹山,2017-09-05,70,14.0,6.0,nan,37.0,13.0,67.0,70.0
70,永和,2017-09-05,57,27.0,11.0,nan,31.0,32.0,nan,57.0
71,復興,2017-09-05,59,11.0,10.0,nan,28.0,22.0,nan,59.0
72,埔里,2017-09-05,71,4.0,5.0,nan,30.0,9.0,71.0,58.0
75,馬祖,2017-09-05,51,6.0,1.0,nan,23.0,8.0,43.0,51.0
77,金門,2017-09-05,40,7.0,2.0,nan,24.0,19.0,28.0,40.0
78,馬公,2017-09-05,43,4.0,2.0,nan,17.0,4.0,36.0,43.0
80,關山,2017-09-05,33,3.0,nan,nan,25.0,7.0,26.0,33.0
83,麥寮,2017-09-05,81,50.0,7.0,nan,47.0,13.0,nan,81.0
84,富貴角,2017-09-06,100,7.0,2.0,nan,nan,11.0,100.0,nan
83,麥寮,2017-09-06,72,16.0,3.0,nan,46.0,16.0,nan,72.0
80,關山,2017-09-06,26,3.0,nan,nan,20.0,4.0,19.0,26.0
78,馬公,2017-09-06,55,6.0,1.0,nan,21.0,6.0,40.0,55.0
77,金門,2017-09-06,136,10.0,2.0,nan,41.0,14.0,136.0,76.0
75,馬祖,2017-09-06,51,6.0,1.0,nan,27.0,8.0,31.0,51.0
72,埔里,2017-09-06,68,4.0,3.0,nan,35.0,8.0,47.0,68.0
71,復興,2017-09-06,59,24.0,8.0,nan,32.0,22.0,nan,59.0
70,永和,2017-09-06,52,6.0,11.0,nan,25.0,40.0,nan,52.0
69,竹山,2017-09-06,84,6.0,3.0,nan,44.0,6.0,49.0,84.0
68,中壢,2017-09-06,78,10.0,22.0,nan,55.0,49.0,nan,78.0
67,三重,2017-09-06,52,10.0,22.0,nan,44.0,51.0,nan,52.0
66,冬山,2017-09-06,41,4.0,2.0,nan,32.0,10.0,20.0,41.0
65,宜蘭,2017-09-06,32,4.0,3.0,nan,31.0,8.0,22.0,32.0
64,陽明,2017-09-06,49,6.0,3.0,nan,15.0,12.0,49.0,46.0
63,花蓮,2017-09-06,26,4.0,2.0,nan,23.0,7.0,22.0,26.0
62,臺東,2017-09-06,24,6.0,5.0,nan,21.0,8.0,17.0,24.0
61,恆春,2017-09-06,26,3.0,1.0,nan,22.0,3.0,26.0,17.0
60,潮州,2017-09-06,55,3.0,3.0,nan,36.0,7.0,33.0,55.0
59,屏東,2017-09-06,53,7.0,5.0,nan,35.0,12.0,32.0,53.0
58,小港,2017-09-06,61,46.0,10.0,nan,49.0,21.0,19.0,61.0
57,前鎮,2017-09-06,58,16.0,6.0,nan,45.0,22.0,nan,58.0
56,前金,2017-09-06,56,26.0,7.0,nan,41.0,21.0,21.0,56.0
54,左營,2017-09-06,58,13.0,5.0,nan,42.0,19.0,25.0,58.0
53,楠梓,2017-09-06,47,7.0,3.0,nan,34.0,18.0,30.0,47.0
52,林園,2017-09-06,72,11.0,5.0,nan,19.0,15.0,23.0,72.0
50,鳳山,2017-09-06,54,17.0,6.0,nan,52.0,25.0,nan,54.0
49,仁武,2017-09-06,68,30.0,5.0,nan,48.0,19.0,30.0,68.0
48,橋頭,2017-09-06,63,7.0,3.0,nan,44.0,15.0,31.0,63.0
47,美濃,2017-09-06,65,6.0,3.0,nan,29.0,8.0,50.0,65.0
46,臺南,2017-09-06,41,4.0,3.0,nan,24.0,8.0,31.0,41.0
45,安南,2017-09-06,57,3.0,2.0,nan,28.0,10.0,36.0,57.0
44,善化,2017-09-06,59,4.0,2.0,nan,32.0,10.0,31.0,59.0
43,新營,2017-09-06,62,4.0,2.0,nan,36.0,8.0,36.0,62.0
42,嘉義,2017-09-06,72,9.0,5.0,nan,44.0,16.0,44.0,72.0
41,臺西,2017-09-06,69,41.0,2.0,nan,32.0,42.0,nan,69.0
40,朴子,2017-09-06,58,7.0,2.0,nan,41.0,15.0,37.0,58.0
39,新港,2017-09-06,65,6.0,2.0,nan,33.0,11.0,40.0,65.0
38,崙背,2017-09-06,60,7.0,2.0,nan,35.0,8.0,42.0,60.0
37,斗六,2017-09-06,91,6.0,5.0,nan,44.0,14.0,48.0,91.0
36,南投,2017-09-06,80,10.0,5.0,nan,49.0,12.0,41.0,80.0
35,二林,2017-09-06,59,6.0,2.0,nan,31.0,8.0,32.0,59.0
34,線西,2017-09-06,52,9.0,2.0,nan,27.0,11.0,nan,52.0
33,彰化,2017-09-06,58,9.0,3.0,nan,32.0,13.0,33.0,58.0
32,西屯,2017-09-06,69,14.0,3.0,nan,38.0,19.0,44.0,69.0
31,忠明,2017-09-06,72,9.0,6.0,nan,32.0,17.0,42.0,72.0
30,大里,2017-09-06,80,6.0,6.0,nan,48.0,14.0,48.0,80.0
29,沙鹿,2017-09-06,50,26.0,2.0,nan,28.0,19.0,32.0,50.0
28,豐原,2017-09-06,85,13.0,25.0,nan,46.0,18.0,74.0,85.0
27,三義,2017-09-06,68,14.0,3.0,nan,40.0,20.0,46.0,68.0
26,苗栗,2017-09-06,66,9.0,3.0,nan,40.0,12.0,45.0,66.0
25,頭份,2017-09-06,71,10.0,3.0,nan,42.0,17.0,nan,71.0
24,新竹,2017-09-06,93,7.0,6.0,nan,35.0,16.0,93.0,62.0
23,竹東,2017-09-06,67,4.0,3.0,nan,38.0,8.0,61.0,67.0
22,湖口,2017-09-06,108,9.0,3.0,nan,39.0,18.0,108.0,72.0
21,龍潭,2017-09-06,115,7.0,3.0,nan,45.0,15.0,115.0,77.0
20,平鎮,2017-09-06,93,10.0,5.0,nan,44.0,22.0,93.0,69.0
19,觀音,2017-09-06,97,9.0,3.0,nan,52.0,23.0,97.0,82.0
17,桃園,2017-09-06,122,19.0,6.0,nan,43.0,27.0,122.0,78.0
16,大同,2017-09-06,55,17.0,31.0,nan,42.0,55.0,nan,29.0
15,松山,2017-09-06,53,9.0,7.0,nan,19.0,32.0,51.0,53.0
14,古亭,2017-09-06,55,7.0,7.0,nan,22.0,28.0,54.0,55.0
13,萬華,2017-09-06,61,11.0,14.0,nan,29.0,55.0,33.0,61.0
12,中山,2017-09-06,57,7.0,11.0,nan,33.0,37.0,38.0,57.0
11,士林,2017-09-06,58,9.0,5.0,nan,27.0,17.0,58.0,50.0
10,淡水,2017-09-06,64,10.0,3.0,nan,21.0,13.0,64.0,44.0
9,林口,2017-09-06,136,9.0,3.0,nan,37.0,24.0,136.0,66.0
8,菜寮,2017-09-06,64,10.0,6.0,nan,29.0,22.0,64.0,48.0
7,新莊,2017-09-06,100,11.0,5.0,nan,31.0,19.0,100.0,52.0
6,板橋,2017-09-06,77,7.0,5.0,nan,37.0,22.0,77.0,57.0
5,土城,2017-09-06,112,7.0,5.0,nan,36.0,21.0,112.0,62.0
4,新店,2017-09-06,74,7.0,5.0,nan,31.0,20.0,74.0,60.0
3,萬里,2017-09-06,51,11.0,2.0,nan,21.0,8.0,43.0,51.0
2,汐止,2017-09-06,39,9.0,5.0,nan,18.0,23.0,39.0,39.0
51,大寮,2017-09-06,79,4.0,3.0,nan,79.0,11.0,22.0,59.0
1,基隆,2017-09-06,25,3.0,3.0,nan,13.0,15.0,25.0,23.0
18,大園,2017-09-06,126,21.0,5.0,nan,46.0,27.0,126.0,76.0
20,平鎮,2017-09-07,54,9.0,3.0,nan,38.0,25.0,41.0,54.0
18,大園,2017-09-07,53,20.0,2.0,nan,29.0,24.0,39.0,53.0
1,基隆,2017-09-07,51,4.0,5.0,nan,22.0,14.0,37.0,51.0
51,大寮,2017-09-07,29,3.0,1.0,nan,28.0,8.0,22.0,29.0
2,汐止,2017-09-07,54,6.0,5.0,nan,29.0,25.0,32.0,54.0
3,萬里,2017-09-07,61,10.0,3.0,nan,31.0,12.0,36.0,61.0
4,新店,2017-09-07,61,7.0,5.0,nan,34.0,19.0,41.0,61.0
5,土城,2017-09-07,57,10.0,6.0,nan,31.0,19.0,43.0,57.0
6,板橋,2017-09-07,53,10.0,7.0,nan,35.0,29.0,33.0,53.0
7,新莊,2017-09-07,43,10.0,6.0,nan,31.0,24.0,38.0,43.0
8,菜寮,2017-09-07,53,9.0,6.0,nan,32.0,24.0,35.0,53.0
9,林口,2017-09-07,62,9.0,2.0,nan,36.0,25.0,38.0,62.0
10,淡水,2017-09-07,42,11.0,2.0,nan,36.0,14.0,37.0,42.0
11,士林,2017-09-07,57,19.0,3.0,nan,33.0,19.0,35.0,57.0
12,中山,2017-09-07,61,11.0,10.0,nan,41.0,36.0,21.0,61.0
13,萬華,2017-09-07,65,10.0,12.0,nan,34.0,39.0,19.0,65.0
14,古亭,2017-09-07,60,7.0,6.0,nan,28.0,25.0,37.0,60.0
15,松山,2017-09-07,59,10.0,6.0,nan,25.0,25.0,31.0,59.0
16,大同,2017-09-07,48,11.0,22.0,nan,48.0,39.0,nan,28.0
17,桃園,2017-09-07,60,11.0,6.0,nan,31.0,32.0,38.0,60.0
19,觀音,2017-09-07,42,6.0,2.0,nan,34.0,9.0,42.0,nan
21,龍潭,2017-09-07,66,7.0,5.0,nan,33.0,25.0,43.0,66.0
22,湖口,2017-09-07,53,9.0,2.0,nan,28.0,14.0,47.0,53.0
23,竹東,2017-09-07,67,6.0,3.0,nan,31.0,11.0,42.0,67.0
24,新竹,2017-09-07,45,7.0,5.0,nan,24.0,13.0,45.0,42.0
25,頭份,2017-09-07,62,10.0,3.0,nan,35.0,16.0,nan,62.0
26,苗栗,2017-09-07,68,9.0,5.0,nan,39.0,15.0,40.0,68.0
27,三義,2017-09-07,57,6.0,2.0,nan,32.0,11.0,44.0,57.0
28,豐原,2017-09-07,55,9.0,3.0,nan,31.0,13.0,43.0,55.0
29,沙鹿,2017-09-07,52,21.0,3.0,nan,36.0,22.0,33.0,52.0
30,大里,2017-09-07,53,6.0,5.0,nan,41.0,23.0,36.0,53.0
31,忠明,2017-09-07,57,4.0,5.0,nan,30.0,18.0,36.0,57.0
32,西屯,2017-09-07,55,7.0,3.0,nan,37.0,25.0,34.0,55.0
33,彰化,2017-09-07,62,13.0,2.0,nan,42.0,9.0,34.0,62.0
34,線西,2017-09-07,58,3.0,2.0,nan,39.0,14.0,nan,58.0
35,二林,2017-09-07,48,7.0,2.0,nan,34.0,14.0,31.0,48.0
36,南投,2017-09-07,51,4.0,3.0,nan,34.0,16.0,31.0,51.0
37,斗六,2017-09-07,37,6.0,3.0,nan,25.0,12.0,36.0,37.0
38,崙背,2017-09-07,53,4.0,2.0,nan,32.0,10.0,27.0,53.0
39,新港,2017-09-07,35,6.0,2.0,nan,26.0,15.0,28.0,35.0
40,朴子,2017-09-07,39,4.0,2.0,nan,32.0,13.0,29.0,39.0
41,臺西,2017-09-07,57,4.0,2.0,nan,29.0,8.0,nan,57.0
42,嘉義,2017-09-07,44,6.0,3.0,nan,25.0,10.0,30.0,44.0
43,新營,2017-09-07,30,4.0,2.0,nan,22.0,8.0,25.0,30.0
44,善化,2017-09-07,32,6.0,2.0,nan,21.0,16.0,23.0,32.0
45,安南,2017-09-07,29,7.0,3.0,nan,25.0,17.0,23.0,29.0
46,臺南,2017-09-07,26,7.0,3.0,nan,23.0,14.0,21.0,26.0
47,美濃,2017-09-07,52,6.0,2.0,nan,19.0,8.0,28.0,52.0
48,橋頭,2017-09-07,30,11.0,3.0,nan,20.0,15.0,22.0,30.0
49,仁武,2017-09-07,31,10.0,3.0,nan,31.0,14.0,24.0,31.0
50,鳳山,2017-09-07,31,10.0,7.0,nan,31.0,19.0,nan,26.0
52,林園,2017-09-07,33,6.0,1.0,nan,13.0,3.0,26.0,33.0
53,楠梓,2017-09-07,27,13.0,3.0,nan,23.0,18.0,20.0,27.0
54,左營,2017-09-07,30,10.0,5.0,nan,26.0,21.0,19.0,30.0
56,前金,2017-09-07,32,16.0,2.0,nan,23.0,15.0,19.0,32.0
57,前鎮,2017-09-07,28,21.0,3.0,nan,22.0,17.0,nan,28.0
58,小港,2017-09-07,65,65.0,12.0,nan,35.0,24.0,17.0,43.0
59,屏東,2017-09-07,21,4.0,5.0,nan,20.0,12.0,21.0,18.0
60,潮州,2017-09-07,28,9.0,1.0,nan,28.0,5.0,23.0,28.0
61,恆春,2017-09-07,25,3.0,1.0,nan,25.0,3.0,25.0,19.0
62,臺東,2017-09-07,22,3.0,5.0,nan,22.0,6.0,19.0,16.0
63,花蓮,2017-09-07,27,4.0,2.0,nan,21.0,8.0,27.0,25.0
64,陽明,2017-09-07,50,11.0,1.0,nan,19.0,11.0,33.0,50.0
65,宜蘭,2017-09-07,37,4.0,3.0,nan,33.0,10.0,36.0,37.0
66,冬山,2017-09-07,47,6.0,3.0,nan,38.0,15.0,33.0,47.0
67,三重,2017-09-07,59,11.0,20.0,nan,46.0,42.0,nan,59.0
68,中壢,2017-09-07,63,9.0,15.0,nan,44.0,42.0,nan,63.0
69,竹山,2017-09-07,45,4.0,2.0,nan,27.0,nan,35.0,45.0
70,永和,2017-09-07,59,9.0,14.0,nan,31.0,27.0,nan,59.0
71,復興,2017-09-07,26,23.0,5.0,nan,16.0,17.0,nan,26.0
72,埔里,2017-09-07,53,4.0,2.0,nan,29.0,8.0,39.0,53.0
75,馬祖,2017-09-07,47,6.0,1.0,nan,30.0,15.0,47.0,47.0
77,金門,2017-09-07,57,7.0,2.0,nan,28.0,15.0,39.0,57.0
78,馬公,2017-09-07,37,4.0,2.0,nan,18.0,8.0,29.0,37.0
80,關山,2017-09-07,20,3.0,nan,nan,20.0,4.0,16.0,19.0
83,麥寮,2017-09-07,63,4.0,3.0,nan,41.0,11.0,nan,63.0
84,富貴角,2017-09-07,44,7.0,2.0,nan,nan,14.0,44.0,nan
18,大園,2017-09-08,46,11.0,3.0,nan,29.0,28.0,32.0,46.0
84,富貴角,2017-09-08,37,4.0,2.0,nan,nan,11.0,37.0,nan
83,麥寮,2017-09-08,53,3.0,2.0,nan,31.0,9.0,nan,53.0
80,關山,2017-09-08,22,3.0,nan,nan,21.0,3.0,19.0,22.0
78,馬公,2017-09-08,28,3.0,2.0,nan,9.0,9.0,21.0,28.0
77,金門,2017-09-08,42,4.0,1.0,nan,27.0,8.0,29.0,42.0
75,馬祖,2017-09-08,36,7.0,5.0,nan,20.0,18.0,30.0,36.0
72,埔里,2017-09-08,51,6.0,3.0,nan,27.0,9.0,34.0,51.0
71,復興,2017-09-08,36,24.0,5.0,nan,18.0,19.0,nan,36.0
70,永和,2017-09-08,66,7.0,17.0,nan,33.0,43.0,nan,66.0
69,竹山,2017-09-08,49,6.0,2.0,nan,28.0,11.0,36.0,49.0
68,中壢,2017-09-08,59,9.0,20.0,nan,44.0,44.0,nan,59.0
67,三重,2017-09-08,56,14.0,19.0,nan,44.0,51.0,nan,56.0
66,冬山,2017-09-08,53,6.0,5.0,nan,42.0,18.0,26.0,53.0
65,宜蘭,2017-09-08,44,4.0,3.0,nan,35.0,8.0,29.0,44.0
64,陽明,2017-09-08,38,20.0,2.0,nan,15.0,14.0,32.0,38.0
63,花蓮,2017-09-08,27,6.0,2.0,nan,21.0,11.0,19.0,27.0
62,臺東,2017-09-08,23,3.0,5.0,nan,23.0,6.0,17.0,22.0
61,恆春,2017-09-08,23,3.0,1.0,nan,22.0,3.0,23.0,20.0
60,潮州,2017-09-08,32,4.0,2.0,nan,29.0,8.0,31.0,32.0
59,屏東,2017-09-08,36,9.0,3.0,nan,22.0,21.0,36.0,30.0
58,小港,2017-09-08,37,27.0,3.0,nan,24.0,17.0,19.0,37.0
57,前鎮,2017-09-08,30,19.0,5.0,nan,21.0,18.0,nan,30.0
56,前金,2017-09-08,31,21.0,5.0,nan,20.0,18.0,24.0,31.0
54,左營,2017-09-08,32,10.0,5.0,nan,25.0,20.0,25.0,32.0
53,楠梓,2017-09-08,31,10.0,5.0,nan,21.0,23.0,24.0,31.0
52,林園,2017-09-08,33,20.0,2.0,nan,14.0,8.0,26.0,33.0
50,鳳山,2017-09-08,31,11.0,6.0,nan,31.0,19.0,nan,17.0
49,仁武,2017-09-08,42,10.0,5.0,nan,31.0,15.0,26.0,42.0
48,橋頭,2017-09-08,31,10.0,3.0,nan,20.0,13.0,27.0,31.0
47,美濃,2017-09-08,60,13.0,2.0,nan,24.0,13.0,43.0,60.0
46,臺南,2017-09-08,30,11.0,3.0,nan,18.0,15.0,24.0,30.0
45,安南,2017-09-08,30,9.0,5.0,nan,23.0,17.0,28.0,30.0
44,善化,2017-09-08,24,7.0,3.0,nan,20.0,20.0,23.0,24.0
43,新營,2017-09-08,32,6.0,3.0,nan,21.0,12.0,23.0,32.0
42,嘉義,2017-09-08,39,7.0,2.0,nan,23.0,11.0,29.0,39.0
41,臺西,2017-09-08,36,4.0,2.0,nan,19.0,9.0,nan,36.0
40,朴子,2017-09-08,30,7.0,3.0,nan,27.0,14.0,27.0,30.0
39,新港,2017-09-08,31,4.0,2.0,nan,21.0,12.0,25.0,31.0
38,崙背,2017-09-08,39,3.0,2.0,nan,19.0,10.0,27.0,39.0
37,斗六,2017-09-08,37,6.0,3.0,nan,24.0,14.0,31.0,37.0
36,南投,2017-09-08,46,4.0,3.0,nan,31.0,15.0,28.0,46.0
35,二林,2017-09-08,38,7.0,2.0,nan,20.0,15.0,25.0,38.0
34,線西,2017-09-08,39,6.0,2.0,nan,19.0,10.0,nan,39.0
33,彰化,2017-09-08,53,9.0,2.0,nan,24.0,12.0,25.0,53.0
32,西屯,2017-09-08,34,6.0,3.0,nan,29.0,17.0,29.0,34.0
31,忠明,2017-09-08,44,4.0,5.0,nan,19.0,23.0,26.0,44.0
30,大里,2017-09-08,45,6.0,5.0,nan,31.0,19.0,28.0,45.0
29,沙鹿,2017-09-08,26,6.0,3.0,nan,19.0,20.0,23.0,26.0
28,豐原,2017-09-08,45,13.0,5.0,nan,29.0,24.0,26.0,45.0
27,三義,2017-09-08,39,17.0,3.0,nan,26.0,16.0,14.0,39.0
26,苗栗,2017-09-08,54,9.0,5.0,nan,27.0,17.0,23.0,54.0
25,頭份,2017-09-08,55,7.0,3.0,nan,30.0,19.0,nan,55.0
24,新竹,2017-09-08,32,6.0,3.0,nan,21.0,16.0,19.0,32.0
23,竹東,2017-09-08,53,3.0,3.0,nan,29.0,14.0,26.0,53.0
22,湖口,2017-09-08,48,4.0,2.0,nan,25.0,8.0,28.0,48.0
21,龍潭,2017-09-08,54,4.0,5.0,nan,33.0,23.0,32.0,54.0
20,平鎮,2017-09-08,46,6.0,6.0,nan,33.0,25.0,32.0,46.0
19,觀音,2017-09-08,31,7.0,2.0,nan,31.0,8.0,24.0,nan
17,桃園,2017-09-08,58,10.0,7.0,nan,31.0,34.0,28.0,58.0
16,大同,2017-09-08,53,10.0,22.0,nan,46.0,53.0,nan,41.0
15,松山,2017-09-08,65,17.0,8.0,nan,30.0,36.0,30.0,65.0
14,古亭,2017-09-08,64,7.0,9.0,nan,34.0,42.0,39.0,64.0
13,萬華,2017-09-08,71,10.0,19.0,nan,36.0,54.0,23.0,71.0
12,中山,2017-09-08,62,10.0,12.0,nan,36.0,52.0,26.0,62.0
11,士林,2017-09-08,55,10.0,5.0,nan,28.0,24.0,31.0,55.0
10,淡水,2017-09-08,33,9.0,3.0,nan,27.0,22.0,26.0,33.0
9,林口,2017-09-08,65,10.0,7.0,nan,36.0,38.0,38.0,65.0
8,菜寮,2017-09-08,55,16.0,8.0,nan,33.0,40.0,32.0,55.0
7,新莊,2017-09-08,50,11.0,9.0,nan,34.0,48.0,48.0,50.0
6,板橋,2017-09-08,43,39.0,11.0,nan,nan,43.0,34.0,nan
5,土城,2017-09-08,57,7.0,6.0,nan,31.0,29.0,47.0,57.0
4,新店,2017-09-08,68,6.0,6.0,nan,38.0,27.0,54.0,68.0
3,萬里,2017-09-08,58,7.0,2.0,nan,31.0,9.0,44.0,58.0
2,汐止,2017-09-08,61,9.0,6.0,nan,28.0,25.0,24.0,61.0
51,大寮,2017-09-08,39,11.0,2.0,nan,25.0,14.0,22.0,39.0
1,基隆,2017-09-08,58,9.0,5.0,nan,25.0,20.0,48.0,58.0
38,崙背,2017-09-09,44,7.0,1.0,nan,23.0,8.0,32.0,44.0
84,富貴角,2017-09-09,31,7.0,2.0,nan,nan,10.0,31.0,nan
83,麥寮,2017-09-09,58,7.0,2.0,nan,31.0,8.0,nan,58.0
80,關山,2017-09-09,28,3.0,nan,nan,22.0,4.0,19.0,28.0
78,馬公,2017-09-09,29,7.0,2.0,nan,8.0,8.0,24.0,29.0
77,金門,2017-09-09,30,4.0,1.0,nan,19.0,8.0,28.0,30.0
75,馬祖,2017-09-09,45,6.0,1.0,nan,23.0,7.0,32.0,45.0
72,埔里,2017-09-09,66,7.0,3.0,nan,32.0,14.0,44.0,66.0
71,復興,2017-09-09,35,34.0,3.0,nan,16.0,22.0,nan,35.0
70,永和,2017-09-09,57,3.0,14.0,nan,30.0,26.0,nan,57.0
69,竹山,2017-09-09,67,6.0,3.0,nan,35.0,9.0,40.0,67.0
68,中壢,2017-09-09,42,6.0,19.0,nan,38.0,39.0,nan,42.0
67,三重,2017-09-09,57,10.0,22.0,nan,42.0,45.0,nan,57.0
66,冬山,2017-09-09,53,9.0,5.0,nan,37.0,16.0,30.0,53.0
65,宜蘭,2017-09-09,50,4.0,2.0,nan,34.0,6.0,32.0,50.0
64,陽明,2017-09-09,45,13.0,2.0,nan,18.0,9.0,36.0,45.0
63,花蓮,2017-09-09,38,13.0,2.0,nan,21.0,9.0,28.0,38.0
62,臺東,2017-09-09,25,1.0,5.0,nan,23.0,8.0,19.0,25.0
61,恆春,2017-09-09,27,4.0,1.0,nan,20.0,3.0,27.0,25.0
60,潮州,2017-09-09,42,4.0,1.0,nan,30.0,7.0,23.0,42.0
59,屏東,2017-09-09,33,16.0,5.0,nan,25.0,17.0,27.0,33.0
58,小港,2017-09-09,42,33.0,2.0,nan,27.0,20.0,17.0,42.0
57,前鎮,2017-09-09,37,37.0,2.0,nan,19.0,20.0,nan,31.0
56,前金,2017-09-09,33,19.0,2.0,nan,18.0,18.0,23.0,33.0
54,左營,2017-09-09,35,19.0,3.0,nan,26.0,19.0,23.0,35.0
53,楠梓,2017-09-09,30,19.0,3.0,nan,24.0,17.0,25.0,30.0
52,林園,2017-09-09,32,10.0,2.0,nan,12.0,5.0,24.0,32.0
50,鳳山,2017-09-09,34,13.0,6.0,nan,31.0,23.0,nan,34.0
49,仁武,2017-09-09,41,16.0,3.0,nan,28.0,18.0,28.0,41.0
48,橋頭,2017-09-09,49,13.0,3.0,nan,22.0,15.0,26.0,49.0
47,美濃,2017-09-09,59,6.0,2.0,nan,24.0,8.0,43.0,59.0
46,臺南,2017-09-09,36,14.0,3.0,nan,18.0,12.0,29.0,36.0
45,安南,2017-09-09,40,11.0,3.0,nan,25.0,19.0,32.0,40.0
44,善化,2017-09-09,50,14.0,3.0,nan,24.0,15.0,36.0,50.0
43,新營,2017-09-09,52,9.0,3.0,nan,29.0,10.0,38.0,52.0
42,嘉義,2017-09-09,53,6.0,6.0,nan,26.0,18.0,43.0,53.0
41,臺西,2017-09-09,44,6.0,1.0,nan,19.0,8.0,nan,44.0
40,朴子,2017-09-09,40,7.0,3.0,nan,29.0,12.0,36.0,40.0
39,新港,2017-09-09,42,6.0,2.0,nan,23.0,11.0,38.0,42.0
37,斗六,2017-09-09,60,7.0,3.0,nan,31.0,14.0,41.0,60.0
36,南投,2017-09-09,59,6.0,5.0,nan,35.0,20.0,32.0,59.0
35,二林,2017-09-09,44,4.0,2.0,nan,25.0,12.0,26.0,44.0
34,線西,2017-09-09,39,6.0,5.0,nan,18.0,8.0,nan,39.0
33,彰化,2017-09-09,47,16.0,3.0,nan,25.0,12.0,29.0,47.0
32,西屯,2017-09-09,46,24.0,5.0,nan,36.0,23.0,24.0,46.0
31,忠明,2017-09-09,49,23.0,5.0,nan,18.0,25.0,22.0,49.0
30,大里,2017-09-09,47,11.0,6.0,nan,31.0,18.0,38.0,47.0
29,沙鹿,2017-09-09,31,13.0,5.0,nan,19.0,22.0,23.0,31.0
28,豐原,2017-09-09,49,7.0,3.0,nan,25.0,18.0,32.0,49.0
27,三義,2017-09-09,47,7.0,2.0,nan,26.0,13.0,33.0,47.0
26,苗栗,2017-09-09,49,4.0,5.0,nan,29.0,13.0,25.0,49.0
25,頭份,2017-09-09,54,7.0,3.0,nan,25.0,14.0,nan,54.0
24,新竹,2017-09-09,28,4.0,6.0,nan,15.0,22.0,24.0,28.0
23,竹東,2017-09-09,45,3.0,3.0,nan,nan,9.0,15.0,45.0
22,湖口,2017-09-09,32,6.0,3.0,nan,20.0,22.0,27.0,32.0
21,龍潭,2017-09-09,44,4.0,5.0,nan,31.0,24.0,20.0,44.0
20,平鎮,2017-09-09,40,6.0,7.0,nan,29.0,31.0,26.0,40.0
19,觀音,2017-09-09,29,14.0,3.0,nan,27.0,29.0,26.0,nan
17,桃園,2017-09-09,62,13.0,8.0,nan,30.0,35.0,26.0,62.0
16,大同,2017-09-09,59,7.0,20.0,nan,44.0,44.0,nan,59.0
15,松山,2017-09-09,58,7.0,6.0,nan,27.0,26.0,29.0,58.0
14,古亭,2017-09-09,56,4.0,6.0,nan,29.0,25.0,30.0,56.0
13,萬華,2017-09-09,62,4.0,12.0,nan,33.0,37.0,21.0,62.0
12,中山,2017-09-09,62,6.0,9.0,nan,35.0,34.0,26.0,62.0
11,士林,2017-09-09,54,14.0,5.0,nan,31.0,25.0,32.0,54.0
9,林口,2017-09-09,67,6.0,6.0,nan,31.0,32.0,30.0,67.0
10,淡水,2017-09-09,39,7.0,6.0,nan,26.0,24.0,24.0,39.0
8,菜寮,2017-09-09,53,7.0,7.0,nan,29.0,30.0,31.0,53.0
7,新莊,2017-09-09,48,11.0,9.0,nan,31.0,36.0,30.0,48.0
6,板橋,2017-09-09,56,9.0,8.0,nan,34.0,29.0,26.0,56.0
5,土城,2017-09-09,55,7.0,6.0,nan,31.0,27.0,27.0,55.0
4,新店,2017-09-09,71,6.0,5.0,nan,38.0,22.0,33.0,71.0
3,萬里,2017-09-09,57,11.0,3.0,nan,31.0,20.0,28.0,57.0
2,汐止,2017-09-09,59,31.0,6.0,nan,29.0,24.0,28.0,59.0
51,大寮,2017-09-09,44,6.0,2.0,nan,21.0,8.0,25.0,44.0
1,基隆,2017-09-09,52,7.0,3.0,nan,23.0,19.0,30.0,52.0
18,大園,2017-09-09,41,19.0,3.0,nan,25.0,26.0,28.0,41.0
1,基隆,2017-09-10,57,9.0,3.0,nan,23.0,15.0,44.0,57.0
51,大寮,2017-09-10,60,13.0,5.0,nan,33.0,12.0,32.0,60.0
2,汐止,2017-09-10,65,40.0,6.0,nan,33.0,23.0,44.0,65.0
3,萬里,2017-09-10,42,13.0,3.0,nan,32.0,15.0,42.0,nan
4,新店,2017-09-10,71,23.0,5.0,nan,37.0,23.0,51.0,71.0
5,土城,2017-09-10,61,16.0,6.0,nan,33.0,25.0,39.0,61.0
6,板橋,2017-09-10,55,14.0,7.0,nan,35.0,30.0,36.0,55.0
7,新莊,2017-09-10,45,11.0,7.0,nan,30.0,27.0,34.0,45.0
8,菜寮,2017-09-10,52,13.0,7.0,nan,31.0,27.0,37.0,52.0
9,林口,2017-09-10,72,9.0,6.0,nan,35.0,30.0,29.0,72.0
10,淡水,2017-09-10,40,10.0,6.0,nan,28.0,19.0,25.0,40.0
11,士林,2017-09-10,54,10.0,5.0,nan,32.0,15.0,40.0,54.0
12,中山,2017-09-10,54,9.0,7.0,nan,35.0,33.0,36.0,54.0
13,萬華,2017-09-10,56,16.0,11.0,nan,31.0,37.0,29.0,56.0
14,古亭,2017-09-10,59,19.0,6.0,nan,30.0,25.0,50.0,59.0
15,松山,2017-09-10,57,9.0,7.0,nan,29.0,27.0,50.0,57.0
16,大同,2017-09-10,64,23.0,16.0,nan,45.0,41.0,nan,64.0
17,桃園,2017-09-10,60,13.0,8.0,nan,34.0,24.0,28.0,60.0
19,觀音,2017-09-10,34,7.0,3.0,nan,34.0,24.0,21.0,nan
20,平鎮,2017-09-10,55,6.0,5.0,nan,32.0,31.0,31.0,55.0
21,龍潭,2017-09-10,55,6.0,5.0,nan,34.0,16.0,37.0,55.0
22,湖口,2017-09-10,51,6.0,3.0,nan,29.0,20.0,29.0,51.0
23,竹東,2017-09-10,53,6.0,3.0,nan,nan,8.0,32.0,53.0
24,新竹,2017-09-10,44,4.0,5.0,nan,26.0,24.0,29.0,44.0
25,頭份,2017-09-10,62,9.0,3.0,nan,28.0,16.0,nan,62.0
26,苗栗,2017-09-10,60,7.0,3.0,nan,32.0,13.0,28.0,60.0
27,三義,2017-09-10,55,9.0,3.0,nan,32.0,11.0,32.0,55.0
28,豐原,2017-09-10,61,6.0,5.0,nan,31.0,10.0,36.0,61.0
29,沙鹿,2017-09-10,46,10.0,5.0,nan,23.0,18.0,30.0,46.0
30,大里,2017-09-10,52,10.0,5.0,nan,33.0,15.0,37.0,52.0
31,忠明,2017-09-10,68,30.0,6.0,nan,27.0,20.0,29.0,68.0
32,西屯,2017-09-10,61,nan,5.0,nan,35.0,19.0,29.0,61.0
33,彰化,2017-09-10,69,19.0,5.0,nan,32.0,13.0,30.0,69.0
34,線西,2017-09-10,53,9.0,3.0,nan,23.0,12.0,nan,53.0
35,二林,2017-09-10,66,9.0,3.0,nan,33.0,12.0,28.0,66.0
36,南投,2017-09-10,65,7.0,3.0,nan,39.0,14.0,32.0,65.0
37,斗六,2017-09-10,50,6.0,2.0,nan,33.0,12.0,39.0,50.0
38,崙背,2017-09-10,51,9.0,2.0,nan,31.0,14.0,32.0,51.0
18,大園,2017-09-10,53,10.0,5.0,nan,30.0,26.0,26.0,53.0
39,新港,2017-09-10,44,23.0,3.0,nan,27.0,14.0,28.0,44.0
40,朴子,2017-09-10,44,4.0,2.0,nan,29.0,10.0,27.0,44.0
41,臺西,2017-09-10,55,6.0,2.0,nan,25.0,10.0,nan,55.0
42,嘉義,2017-09-10,34,7.0,3.0,nan,31.0,15.0,32.0,34.0
43,新營,2017-09-10,48,7.0,2.0,nan,25.0,11.0,24.0,48.0
44,善化,2017-09-10,33,9.0,2.0,nan,23.0,11.0,29.0,33.0
45,安南,2017-09-10,45,1.0,3.0,nan,24.0,17.0,30.0,45.0
46,臺南,2017-09-10,42,6.0,3.0,nan,19.0,15.0,26.0,42.0
47,美濃,2017-09-10,60,6.0,2.0,nan,23.0,5.0,42.0,60.0
48,橋頭,2017-09-10,45,9.0,3.0,nan,23.0,15.0,30.0,45.0
49,仁武,2017-09-10,45,10.0,2.0,nan,31.0,14.0,31.0,45.0
50,鳳山,2017-09-10,45,4.0,5.0,nan,33.0,14.0,nan,45.0
52,林園,2017-09-10,46,10.0,2.0,nan,18.0,9.0,31.0,46.0
53,楠梓,2017-09-10,44,9.0,3.0,nan,22.0,17.0,31.0,44.0
54,左營,2017-09-10,38,11.0,3.0,nan,26.0,20.0,29.0,38.0
56,前金,2017-09-10,35,23.0,2.0,nan,21.0,20.0,27.0,35.0
57,前鎮,2017-09-10,37,19.0,2.0,nan,20.0,17.0,nan,37.0
58,小港,2017-09-10,45,17.0,2.0,nan,24.0,15.0,28.0,45.0
59,屏東,2017-09-10,39,7.0,5.0,nan,26.0,15.0,39.0,39.0
60,潮州,2017-09-10,51,6.0,2.0,nan,34.0,8.0,42.0,51.0
61,恆春,2017-09-10,19,3.0,1.0,nan,19.0,3.0,18.0,17.0
62,臺東,2017-09-10,20,3.0,2.0,nan,18.0,7.0,20.0,18.0
63,花蓮,2017-09-10,36,6.0,2.0,nan,20.0,7.0,24.0,36.0
64,陽明,2017-09-10,52,10.0,2.0,nan,19.0,8.0,37.0,52.0
65,宜蘭,2017-09-10,42,6.0,2.0,nan,26.0,5.0,26.0,42.0
66,冬山,2017-09-10,48,17.0,3.0,nan,37.0,18.0,19.0,48.0
67,三重,2017-09-10,59,14.0,16.0,nan,44.0,45.0,nan,59.0
68,中壢,2017-09-10,61,6.0,16.0,nan,44.0,36.0,nan,61.0
69,竹山,2017-09-10,62,6.0,2.0,nan,36.0,8.0,37.0,62.0
70,永和,2017-09-10,56,10.0,10.0,nan,31.0,29.0,nan,56.0
71,復興,2017-09-10,39,20.0,5.0,nan,16.0,20.0,nan,39.0
72,埔里,2017-09-10,73,6.0,3.0,nan,34.0,11.0,43.0,73.0
75,馬祖,2017-09-10,43,6.0,1.0,nan,25.0,5.0,37.0,43.0
77,金門,2017-09-10,28,7.0,1.0,nan,15.0,10.0,25.0,28.0
78,馬公,2017-09-10,35,6.0,2.0,nan,6.0,9.0,22.0,35.0
80,關山,2017-09-10,23,3.0,nan,nan,17.0,3.0,19.0,23.0
83,麥寮,2017-09-10,66,9.0,2.0,nan,37.0,10.0,nan,66.0
84,富貴角,2017-09-10,33,7.0,3.0,nan,nan,24.0,33.0,nan
18,大園,2017-09-11,49,14.0,3.0,nan,28.0,28.0,31.0,49.0
1,基隆,2017-09-11,46,27.0,3.0,nan,20.0,28.0,32.0,46.0
51,大寮,2017-09-11,58,14.0,5.0,nan,32.0,20.0,35.0,58.0
2,汐止,2017-09-11,58,19.0,6.0,nan,28.0,30.0,58.0,54.0
3,萬里,2017-09-11,31,7.0,2.0,nan,23.0,11.0,31.0,nan
4,新店,2017-09-11,65,33.0,6.0,nan,33.0,48.0,64.0,65.0
5,土城,2017-09-11,52,11.0,8.0,nan,32.0,35.0,43.0,52.0
6,板橋,2017-09-11,45,9.0,8.0,nan,31.0,34.0,44.0,45.0
7,新莊,2017-09-11,41,11.0,7.0,nan,30.0,28.0,39.0,41.0
8,菜寮,2017-09-11,49,13.0,7.0,nan,31.0,37.0,49.0,46.0
9,林口,2017-09-11,65,11.0,3.0,nan,32.0,35.0,32.0,65.0
10,淡水,2017-09-11,32,9.0,5.0,nan,24.0,20.0,25.0,32.0
11,士林,2017-09-11,52,9.0,6.0,nan,31.0,25.0,46.0,52.0
12,中山,2017-09-11,56,11.0,10.0,nan,37.0,39.0,44.0,56.0
13,萬華,2017-09-11,60,16.0,16.0,nan,34.0,46.0,34.0,60.0
14,古亭,2017-09-11,64,16.0,7.0,nan,27.0,46.0,64.0,51.0
15,松山,2017-09-11,67,20.0,8.0,nan,26.0,41.0,67.0,48.0
16,大同,2017-09-11,57,13.0,23.0,nan,44.0,46.0,nan,57.0
17,桃園,2017-09-11,60,19.0,7.0,nan,36.0,32.0,46.0,60.0
19,觀音,2017-09-11,32,13.0,2.0,nan,32.0,24.0,19.0,nan
34,線西,2017-09-11,53,7.0,3.0,nan,25.0,14.0,nan,53.0
20,平鎮,2017-09-11,43,24.0,6.0,nan,34.0,35.0,34.0,43.0
21,龍潭,2017-09-11,52,7.0,5.0,nan,34.0,27.0,47.0,52.0
22,湖口,2017-09-11,42,9.0,2.0,nan,26.0,24.0,24.0,42.0
23,竹東,2017-09-11,54,7.0,2.0,nan,29.0,14.0,41.0,54.0
24,新竹,2017-09-11,45,7.0,5.0,nan,23.0,21.0,21.0,45.0
25,頭份,2017-09-11,58,10.0,3.0,nan,27.0,21.0,nan,58.0
26,苗栗,2017-09-11,57,9.0,3.0,nan,31.0,17.0,27.0,57.0
27,三義,2017-09-11,55,14.0,2.0,nan,29.0,11.0,33.0,55.0
28,豐原,2017-09-11,53,17.0,5.0,nan,29.0,22.0,36.0,53.0
29,沙鹿,2017-09-11,36,23.0,6.0,nan,27.0,25.0,19.0,36.0
30,大里,2017-09-11,45,9.0,6.0,nan,29.0,23.0,38.0,45.0
31,忠明,2017-09-11,44,40.0,8.0,nan,23.0,28.0,31.0,44.0
32,西屯,2017-09-11,51,nan,6.0,nan,32.0,25.0,29.0,51.0
33,彰化,2017-09-11,60,27.0,5.0,nan,29.0,18.0,25.0,60.0
35,二林,2017-09-11,53,7.0,2.0,nan,25.0,13.0,20.0,53.0
36,南投,2017-09-11,52,9.0,5.0,nan,35.0,22.0,41.0,52.0
37,斗六,2017-09-11,45,7.0,3.0,nan,31.0,19.0,36.0,45.0
38,崙背,2017-09-11,53,9.0,3.0,nan,26.0,13.0,28.0,53.0
39,新港,2017-09-11,37,4.0,3.0,nan,25.0,15.0,27.0,37.0
40,朴子,2017-09-11,34,4.0,2.0,nan,28.0,11.0,25.0,34.0
41,臺西,2017-09-11,57,7.0,3.0,nan,22.0,10.0,nan,57.0
42,嘉義,2017-09-11,45,10.0,3.0,nan,30.0,16.0,31.0,45.0
43,新營,2017-09-11,41,7.0,3.0,nan,25.0,13.0,25.0,41.0
44,善化,2017-09-11,38,13.0,2.0,nan,26.0,10.0,24.0,38.0
45,安南,2017-09-11,38,6.0,3.0,nan,23.0,15.0,21.0,38.0
46,臺南,2017-09-11,31,4.0,3.0,nan,19.0,13.0,22.0,31.0
47,美濃,2017-09-11,57,3.0,2.0,nan,23.0,5.0,35.0,57.0
48,橋頭,2017-09-11,46,10.0,3.0,nan,25.0,19.0,30.0,46.0
49,仁武,2017-09-11,49,10.0,3.0,nan,33.0,20.0,38.0,49.0
50,鳳山,2017-09-11,46,7.0,6.0,nan,36.0,21.0,nan,46.0
52,林園,2017-09-11,54,19.0,3.0,nan,23.0,19.0,50.0,54.0
53,楠梓,2017-09-11,53,9.0,3.0,nan,24.0,19.0,32.0,53.0
54,左營,2017-09-11,45,10.0,5.0,nan,31.0,20.0,33.0,45.0
56,前金,2017-09-11,39,9.0,3.0,nan,26.0,17.0,37.0,39.0
57,前鎮,2017-09-11,52,14.0,5.0,nan,27.0,22.0,nan,52.0
58,小港,2017-09-11,50,14.0,3.0,nan,32.0,26.0,31.0,50.0
59,屏東,2017-09-11,40,6.0,5.0,nan,28.0,20.0,40.0,37.0
60,潮州,2017-09-11,44,10.0,3.0,nan,34.0,17.0,44.0,44.0
61,恆春,2017-09-11,32,7.0,1.0,nan,19.0,4.0,32.0,23.0
62,臺東,2017-09-11,18,3.0,3.0,nan,17.0,6.0,13.0,18.0
63,花蓮,2017-09-11,26,9.0,2.0,nan,16.0,8.0,19.0,26.0
64,陽明,2017-09-11,39,14.0,2.0,nan,10.0,8.0,39.0,12.0
65,宜蘭,2017-09-11,33,4.0,2.0,nan,25.0,6.0,23.0,33.0
66,冬山,2017-09-11,48,14.0,3.0,nan,34.0,15.0,31.0,48.0
67,三重,2017-09-11,63,11.0,15.0,nan,40.0,63.0,nan,49.0
68,中壢,2017-09-11,52,27.0,16.0,nan,41.0,35.0,nan,52.0
69,竹山,2017-09-11,59,4.0,2.0,nan,31.0,11.0,48.0,59.0
70,永和,2017-09-11,51,14.0,14.0,nan,30.0,44.0,nan,51.0
71,復興,2017-09-11,55,10.0,9.0,nan,25.0,22.0,nan,55.0
72,埔里,2017-09-11,64,9.0,3.0,nan,31.0,17.0,54.0,64.0
75,馬祖,2017-09-11,68,7.0,2.0,nan,33.0,7.0,47.0,68.0
77,金門,2017-09-11,59,14.0,2.0,nan,28.0,22.0,40.0,59.0
78,馬公,2017-09-11,31,4.0,2.0,nan,6.0,8.0,22.0,31.0
80,關山,2017-09-11,25,3.0,nan,nan,16.0,5.0,15.0,25.0
83,麥寮,2017-09-11,62,9.0,3.0,nan,35.0,14.0,nan,62.0
84,富貴角,2017-09-11,64,11.0,2.0,nan,nan,15.0,64.0,nan
19,觀音,2017-09-12,39,13.0,3.0,nan,39.0,27.0,17.0,nan
18,大園,2017-09-12,53,16.0,3.0,nan,39.0,26.0,19.0,53.0
34,線西,2017-09-12,51,9.0,3.0,nan,32.0,17.0,nan,51.0
1,基隆,2017-09-12,34,14.0,2.0,nan,15.0,15.0,29.0,34.0
51,大寮,2017-09-12,74,11.0,5.0,nan,43.0,21.0,74.0,68.0
2,汐止,2017-09-12,36,9.0,3.0,nan,18.0,21.0,26.0,36.0
3,萬里,2017-09-12,44,7.0,1.0,nan,22.0,6.0,36.0,44.0
4,新店,2017-09-12,53,6.0,3.0,nan,21.0,13.0,19.0,53.0
5,土城,2017-09-12,32,9.0,5.0,nan,23.0,21.0,18.0,32.0
6,板橋,2017-09-12,32,11.0,5.0,nan,24.0,22.0,16.0,32.0
7,新莊,2017-09-12,32,16.0,6.0,nan,25.0,32.0,19.0,29.0
8,菜寮,2017-09-12,31,13.0,5.0,nan,21.0,20.0,22.0,31.0
9,林口,2017-09-12,60,10.0,3.0,nan,30.0,28.0,20.0,60.0
10,淡水,2017-09-12,26,6.0,3.0,nan,23.0,18.0,16.0,26.0
11,士林,2017-09-12,42,9.0,2.0,nan,23.0,16.0,26.0,42.0
12,中山,2017-09-12,46,13.0,7.0,nan,29.0,28.0,12.0,46.0
13,萬華,2017-09-12,45,14.0,9.0,nan,27.0,25.0,13.0,45.0
14,古亭,2017-09-12,36,4.0,5.0,nan,16.0,19.0,19.0,36.0
15,松山,2017-09-12,44,9.0,3.0,nan,19.0,25.0,19.0,44.0
16,大同,2017-09-12,40,16.0,12.0,nan,33.0,32.0,nan,40.0
17,桃園,2017-09-12,55,16.0,6.0,nan,31.0,27.0,18.0,55.0
20,平鎮,2017-09-12,37,11.0,6.0,nan,32.0,32.0,26.0,37.0
21,龍潭,2017-09-12,53,9.0,3.0,nan,35.0,25.0,26.0,53.0
22,湖口,2017-09-12,52,10.0,3.0,nan,31.0,18.0,34.0,52.0
23,竹東,2017-09-12,48,7.0,3.0,nan,28.0,8.0,42.0,48.0
24,新竹,2017-09-12,46,6.0,5.0,nan,26.0,19.0,46.0,46.0
25,頭份,2017-09-12,52,11.0,3.0,nan,32.0,15.0,nan,52.0
26,苗栗,2017-09-12,60,7.0,3.0,nan,35.0,13.0,44.0,60.0
27,三義,2017-09-12,51,6.0,2.0,nan,29.0,16.0,51.0,50.0
28,豐原,2017-09-12,64,6.0,3.0,nan,38.0,17.0,58.0,64.0
29,沙鹿,2017-09-12,44,9.0,2.0,nan,29.0,19.0,42.0,44.0
30,大里,2017-09-12,74,11.0,7.0,nan,52.0,27.0,58.0,74.0
31,忠明,2017-09-12,67,10.0,5.0,nan,32.0,25.0,47.0,67.0
32,西屯,2017-09-12,56,6.0,3.0,nan,39.0,22.0,44.0,56.0
33,彰化,2017-09-12,66,10.0,5.0,nan,35.0,21.0,38.0,66.0
35,二林,2017-09-12,57,10.0,3.0,nan,38.0,17.0,34.0,57.0
36,南投,2017-09-12,82,9.0,6.0,nan,49.0,26.0,74.0,82.0
37,斗六,2017-09-12,75,10.0,5.0,nan,41.0,20.0,58.0,75.0
38,崙背,2017-09-12,67,10.0,3.0,nan,40.0,14.0,35.0,67.0
39,新港,2017-09-12,54,19.0,3.0,nan,39.0,17.0,41.0,54.0
40,朴子,2017-09-12,51,10.0,3.0,nan,51.0,15.0,43.0,nan
41,臺西,2017-09-12,61,14.0,2.0,nan,35.0,13.0,nan,61.0
42,嘉義,2017-09-12,69,10.0,5.0,nan,43.0,19.0,44.0,69.0
43,新營,2017-09-12,69,14.0,5.0,nan,41.0,16.0,42.0,69.0
44,善化,2017-09-12,69,13.0,3.0,nan,41.0,15.0,43.0,69.0
45,安南,2017-09-12,66,7.0,3.0,nan,41.0,31.0,47.0,66.0
46,臺南,2017-09-12,55,9.0,5.0,nan,31.0,19.0,43.0,55.0
47,美濃,2017-09-12,93,6.0,2.0,nan,31.0,7.0,93.0,73.0
48,橋頭,2017-09-12,69,10.0,5.0,nan,39.0,23.0,34.0,69.0
49,仁武,2017-09-12,60,19.0,5.0,nan,48.0,17.0,46.0,60.0
50,鳳山,2017-09-12,62,21.0,6.0,nan,47.0,20.0,nan,62.0
52,林園,2017-09-12,78,19.0,3.0,nan,30.0,20.0,50.0,78.0
53,楠梓,2017-09-12,65,9.0,3.0,nan,36.0,19.0,64.0,65.0
54,左營,2017-09-12,68,10.0,5.0,nan,40.0,21.0,40.0,68.0
56,前金,2017-09-12,56,24.0,5.0,nan,36.0,21.0,44.0,56.0
57,前鎮,2017-09-12,67,36.0,6.0,nan,37.0,39.0,nan,67.0
58,小港,2017-09-12,64,19.0,5.0,nan,43.0,34.0,45.0,64.0
59,屏東,2017-09-12,108,7.0,5.0,nan,37.0,18.0,108.0,58.0
60,潮州,2017-09-12,132,11.0,2.0,nan,45.0,16.0,132.0,64.0
61,恆春,2017-09-12,22,4.0,1.0,nan,19.0,3.0,20.0,22.0
62,臺東,2017-09-12,27,3.0,2.0,nan,27.0,3.0,14.0,17.0
63,花蓮,2017-09-12,27,4.0,2.0,nan,22.0,8.0,19.0,27.0
64,陽明,2017-09-12,28,7.0,1.0,nan,10.0,5.0,28.0,13.0
65,宜蘭,2017-09-12,38,4.0,3.0,nan,26.0,8.0,20.0,38.0
66,冬山,2017-09-12,43,3.0,2.0,nan,29.0,13.0,20.0,43.0
67,三重,2017-09-12,36,11.0,15.0,nan,36.0,32.0,nan,36.0
68,中壢,2017-09-12,56,10.0,16.0,nan,41.0,33.0,nan,56.0
69,竹山,2017-09-12,93,7.0,3.0,nan,42.0,10.0,93.0,91.0
70,永和,2017-09-12,28,4.0,7.0,nan,17.0,14.0,nan,28.0
71,復興,2017-09-12,61,26.0,9.0,nan,31.0,34.0,nan,61.0
72,埔里,2017-09-12,87,6.0,5.0,nan,38.0,15.0,87.0,78.0
75,馬祖,2017-09-12,87,7.0,3.0,nan,30.0,6.0,87.0,58.0
77,金門,2017-09-12,61,16.0,3.0,nan,33.0,13.0,42.0,61.0
78,馬公,2017-09-12,43,3.0,1.0,nan,14.0,5.0,28.0,43.0
80,關山,2017-09-12,26,3.0,nan,nan,16.0,3.0,17.0,26.0
83,麥寮,2017-09-12,67,9.0,2.0,nan,50.0,11.0,nan,67.0
84,富貴角,2017-09-12,44,3.0,2.0,nan,nan,5.0,44.0,nan
18,大園,2017-09-13,50,4.0,2.0,nan,43.0,22.0,50.0,35.0
84,富貴角,2017-09-13,74,1.0,5.0,nan,nan,3.0,74.0,nan
83,麥寮,2017-09-13,78,11.0,3.0,nan,78.0,13.0,nan,75.0
80,關山,2017-09-13,31,1.0,nan,nan,26.0,3.0,31.0,31.0
78,馬公,2017-09-13,56,3.0,3.0,nan,35.0,4.0,51.0,56.0
77,金門,2017-09-13,97,4.0,3.0,nan,52.0,5.0,97.0,60.0
75,馬祖,2017-09-13,136,4.0,3.0,nan,47.0,5.0,136.0,69.0
72,埔里,2017-09-13,72,4.0,3.0,nan,35.0,9.0,61.0,72.0
71,復興,2017-09-13,70,27.0,7.0,nan,38.0,34.0,nan,70.0
70,永和,2017-09-13,49,4.0,16.0,nan,33.0,39.0,nan,49.0
69,竹山,2017-09-13,93,6.0,2.0,nan,48.0,12.0,90.0,93.0
68,中壢,2017-09-13,47,6.0,8.0,nan,41.0,25.0,nan,47.0
67,三重,2017-09-13,46,6.0,16.0,nan,44.0,46.0,nan,43.0
66,冬山,2017-09-13,37,3.0,3.0,nan,26.0,12.0,37.0,nan
65,宜蘭,2017-09-13,44,3.0,3.0,nan,24.0,6.0,44.0,41.0
64,陽明,2017-09-13,49,1.0,2.0,nan,6.0,1.0,49.0,7.0
63,花蓮,2017-09-13,41,6.0,2.0,nan,27.0,7.0,41.0,39.0
62,臺東,2017-09-13,32,3.0,5.0,nan,32.0,8.0,31.0,25.0
61,恆春,2017-09-13,34,3.0,2.0,nan,28.0,3.0,34.0,27.0
60,潮州,2017-09-13,77,10.0,3.0,nan,47.0,12.0,77.0,57.0
59,屏東,2017-09-13,84,9.0,6.0,nan,43.0,16.0,84.0,73.0
58,小港,2017-09-13,75,47.0,3.0,nan,46.0,42.0,46.0,75.0
57,前鎮,2017-09-13,77,26.0,5.0,nan,42.0,37.0,nan,77.0
56,前金,2017-09-13,75,14.0,3.0,nan,42.0,17.0,54.0,75.0
54,左營,2017-09-13,90,21.0,3.0,nan,52.0,20.0,90.0,75.0
53,楠梓,2017-09-13,84,13.0,6.0,nan,66.0,28.0,77.0,84.0
52,林園,2017-09-13,118,19.0,2.0,105.0,28.0,14.0,118.0,69.0
50,鳳山,2017-09-13,79,27.0,7.0,nan,55.0,30.0,nan,79.0
49,仁武,2017-09-13,89,16.0,5.0,nan,61.0,21.0,80.0,89.0
48,橋頭,2017-09-13,97,7.0,5.0,nan,59.0,22.0,97.0,84.0
47,美濃,2017-09-13,87,7.0,3.0,nan,36.0,6.0,87.0,80.0
46,臺南,2017-09-13,84,10.0,5.0,nan,55.0,18.0,84.0,79.0
45,安南,2017-09-13,104,9.0,5.0,nan,65.0,28.0,104.0,87.0
44,善化,2017-09-13,87,7.0,3.0,nan,57.0,12.0,84.0,87.0
43,新營,2017-09-13,80,6.0,3.0,nan,56.0,12.0,77.0,80.0
42,嘉義,2017-09-13,84,7.0,5.0,nan,52.0,14.0,84.0,75.0
41,臺西,2017-09-13,90,10.0,3.0,nan,90.0,13.0,nan,74.0
40,朴子,2017-09-13,90,7.0,3.0,nan,82.0,14.0,90.0,nan
39,新港,2017-09-13,80,6.0,3.0,nan,61.0,14.0,80.0,71.0
38,崙背,2017-09-13,101,6.0,3.0,nan,101.0,13.0,58.0,83.0
37,斗六,2017-09-13,87,7.0,3.0,nan,52.0,17.0,87.0,85.0
36,南投,2017-09-13,77,4.0,6.0,nan,53.0,19.0,43.0,77.0
35,二林,2017-09-13,63,9.0,3.0,nan,55.0,13.0,49.0,63.0
33,彰化,2017-09-13,75,10.0,6.0,nan,44.0,20.0,43.0,75.0
32,西屯,2017-09-13,51,6.0,2.0,nan,42.0,20.0,48.0,51.0
31,忠明,2017-09-13,71,4.0,5.0,nan,40.0,25.0,44.0,71.0
30,大里,2017-09-13,67,6.0,7.0,nan,48.0,25.0,43.0,67.0
29,沙鹿,2017-09-13,49,4.0,3.0,nan,33.0,14.0,49.0,40.0
28,豐原,2017-09-13,50,4.0,3.0,nan,31.0,9.0,42.0,50.0
27,三義,2017-09-13,47,3.0,2.0,nan,27.0,9.0,47.0,37.0
26,苗栗,2017-09-13,61,4.0,3.0,nan,37.0,10.0,44.0,61.0
25,頭份,2017-09-13,59,4.0,3.0,nan,35.0,16.0,nan,59.0
24,新竹,2017-09-13,44,3.0,3.0,nan,32.0,12.0,44.0,44.0
23,竹東,2017-09-13,45,3.0,3.0,nan,23.0,10.0,33.0,45.0
22,湖口,2017-09-13,53,4.0,2.0,nan,37.0,8.0,50.0,53.0
21,龍潭,2017-09-13,46,4.0,5.0,nan,33.0,16.0,38.0,46.0
20,平鎮,2017-09-13,42,4.0,3.0,nan,38.0,15.0,42.0,40.0
19,觀音,2017-09-13,51,10.0,2.0,nan,51.0,20.0,47.0,nan
17,桃園,2017-09-13,45,6.0,3.0,nan,31.0,18.0,43.0,45.0
16,大同,2017-09-13,45,4.0,14.0,nan,45.0,42.0,nan,40.0
15,松山,2017-09-13,41,4.0,6.0,nan,20.0,28.0,37.0,41.0
14,古亭,2017-09-13,45,3.0,6.0,nan,26.0,27.0,37.0,45.0
13,萬華,2017-09-13,49,7.0,14.0,nan,34.0,45.0,21.0,49.0
12,中山,2017-09-13,52,3.0,12.0,nan,35.0,38.0,26.0,52.0
11,士林,2017-09-13,46,3.0,5.0,nan,27.0,18.0,46.0,39.0
10,淡水,2017-09-13,44,3.0,3.0,nan,39.0,7.0,44.0,31.0
9,林口,2017-09-13,59,1.0,2.0,nan,43.0,15.0,50.0,59.0
8,菜寮,2017-09-13,44,3.0,5.0,nan,34.0,24.0,44.0,35.0
7,新莊,2017-09-13,48,3.0,3.0,nan,32.0,23.0,48.0,27.0
6,板橋,2017-09-13,39,1.0,6.0,nan,34.0,25.0,39.0,27.0
5,土城,2017-09-13,42,4.0,6.0,nan,32.0,17.0,41.0,42.0
4,新店,2017-09-13,63,3.0,6.0,nan,36.0,25.0,37.0,63.0
3,萬里,2017-09-13,71,4.0,2.0,nan,71.0,2.0,58.0,66.0
2,汐止,2017-09-13,44,3.0,5.0,nan,30.0,20.0,44.0,44.0
51,大寮,2017-09-13,78,11.0,3.0,nan,48.0,16.0,58.0,78.0
1,基隆,2017-09-13,46,24.0,3.0,nan,32.0,13.0,43.0,46.0
34,線西,2017-09-13,58,13.0,3.0,nan,45.0,16.0,nan,58.0
84,富貴角,2017-09-14,64,1.0,nan,nan,nan,4.0,64.0,nan
18,大園,2017-09-14,47,9.0,3.0,nan,44.0,16.0,47.0,37.0
34,線西,2017-09-14,55,13.0,3.0,nan,39.0,11.0,nan,55.0
1,基隆,2017-09-14,45,9.0,5.0,nan,26.0,31.0,43.0,45.0
51,大寮,2017-09-14,132,7.0,5.0,nan,59.0,18.0,132.0,77.0
2,汐止,2017-09-14,46,7.0,10.0,nan,31.0,35.0,41.0,46.0
3,萬里,2017-09-14,52,4.0,2.0,nan,32.0,4.0,50.0,52.0
4,新店,2017-09-14,61,6.0,5.0,nan,36.0,20.0,41.0,61.0
5,土城,2017-09-14,42,7.0,3.0,nan,33.0,24.0,37.0,42.0
6,板橋,2017-09-14,38,9.0,6.0,nan,35.0,27.0,38.0,36.0
7,新莊,2017-09-14,40,7.0,5.0,nan,33.0,26.0,40.0,29.0
8,菜寮,2017-09-14,42,7.0,8.0,nan,37.0,37.0,41.0,42.0
9,林口,2017-09-14,62,10.0,3.0,nan,43.0,27.0,50.0,62.0
10,淡水,2017-09-14,45,7.0,6.0,nan,45.0,30.0,44.0,38.0
11,士林,2017-09-14,46,4.0,7.0,nan,32.0,30.0,46.0,41.0
12,中山,2017-09-14,59,6.0,14.0,nan,41.0,40.0,35.0,59.0
13,萬華,2017-09-14,53,10.0,12.0,nan,37.0,41.0,33.0,53.0
14,古亭,2017-09-14,41,6.0,7.0,nan,31.0,33.0,39.0,41.0
15,松山,2017-09-14,48,9.0,12.0,nan,28.0,46.0,37.0,48.0
16,大同,2017-09-14,53,6.0,41.0,nan,52.0,48.0,nan,53.0
17,桃園,2017-09-14,44,7.0,6.0,nan,32.0,32.0,37.0,44.0
19,觀音,2017-09-14,52,4.0,2.0,nan,52.0,11.0,42.0,nan
20,平鎮,2017-09-14,42,6.0,5.0,nan,41.0,35.0,42.0,38.0
21,龍潭,2017-09-14,46,3.0,3.0,nan,36.0,22.0,44.0,46.0
22,湖口,2017-09-14,45,4.0,3.0,nan,34.0,17.0,45.0,45.0
23,竹東,2017-09-14,44,6.0,3.0,nan,31.0,10.0,44.0,39.0
24,新竹,2017-09-14,47,3.0,6.0,nan,31.0,32.0,47.0,42.0
25,頭份,2017-09-14,52,4.0,3.0,nan,36.0,21.0,nan,52.0
26,苗栗,2017-09-14,58,4.0,3.0,nan,42.0,14.0,51.0,58.0
27,三義,2017-09-14,51,6.0,2.0,nan,29.0,9.0,51.0,45.0
28,豐原,2017-09-14,44,4.0,2.0,nan,20.0,8.0,44.0,36.0
29,沙鹿,2017-09-14,71,4.0,2.0,nan,33.0,10.0,71.0,33.0
30,大里,2017-09-14,67,3.0,5.0,nan,28.0,16.0,67.0,38.0
31,忠明,2017-09-14,58,4.0,3.0,nan,28.0,15.0,58.0,44.0
32,西屯,2017-09-14,67,6.0,2.0,nan,38.0,16.0,67.0,42.0
33,彰化,2017-09-14,58,4.0,3.0,nan,34.0,15.0,58.0,52.0
35,二林,2017-09-14,71,9.0,3.0,nan,45.0,10.0,71.0,39.0
36,南投,2017-09-14,80,6.0,6.0,nan,43.0,23.0,80.0,56.0
37,斗六,2017-09-14,126,7.0,5.0,nan,44.0,41.0,126.0,65.0
38,崙背,2017-09-14,84,7.0,3.0,nan,46.0,13.0,84.0,52.0
39,新港,2017-09-14,100,4.0,3.0,nan,48.0,20.0,100.0,49.0
40,朴子,2017-09-14,100,6.0,3.0,nan,57.0,17.0,100.0,43.0
41,臺西,2017-09-14,65,10.0,3.0,nan,57.0,12.0,nan,65.0
42,嘉義,2017-09-14,104,9.0,6.0,nan,51.0,21.0,104.0,78.0
43,新營,2017-09-14,87,6.0,5.0,nan,53.0,20.0,87.0,68.0
44,善化,2017-09-14,97,6.0,5.0,nan,59.0,14.0,97.0,84.0
45,安南,2017-09-14,104,6.0,5.0,nan,57.0,20.0,104.0,73.0
46,臺南,2017-09-14,100,7.0,6.0,nan,52.0,22.0,100.0,67.0
47,美濃,2017-09-14,97,4.0,3.0,nan,43.0,8.0,97.0,81.0
48,橋頭,2017-09-14,101,9.0,5.0,nan,59.0,19.0,101.0,79.0
49,仁武,2017-09-14,104,9.0,5.0,nan,58.0,19.0,104.0,76.0
50,鳳山,2017-09-14,67,6.0,8.0,nan,62.0,27.0,nan,67.0
52,林園,2017-09-14,87,14.0,3.0,nan,36.0,19.0,87.0,73.0
53,楠梓,2017-09-14,115,7.0,5.0,nan,68.0,17.0,115.0,72.0
54,左營,2017-09-14,101,10.0,5.0,nan,58.0,25.0,101.0,70.0
56,前金,2017-09-14,101,13.0,3.0,nan,54.0,17.0,101.0,75.0
57,前鎮,2017-09-14,72,19.0,5.0,nan,53.0,37.0,nan,72.0
58,小港,2017-09-14,73,33.0,3.0,nan,55.0,43.0,67.0,73.0
59,屏東,2017-09-14,104,7.0,6.0,nan,47.0,19.0,104.0,69.0
60,潮州,2017-09-14,108,9.0,3.0,nan,53.0,8.0,108.0,70.0
61,恆春,2017-09-14,115,6.0,2.0,nan,46.0,4.0,115.0,51.0
62,臺東,2017-09-14,34,3.0,3.0,nan,34.0,8.0,20.0,28.0
63,花蓮,2017-09-14,39,3.0,3.0,nan,28.0,11.0,39.0,38.0
64,陽明,2017-09-14,47,3.0,2.0,nan,8.0,4.0,47.0,19.0
65,宜蘭,2017-09-14,48,1.0,3.0,nan,21.0,3.0,48.0,34.0
66,冬山,2017-09-14,32,3.0,2.0,nan,23.0,11.0,32.0,27.0
67,三重,2017-09-14,53,10.0,34.0,nan,53.0,53.0,nan,49.0
68,中壢,2017-09-14,46,7.0,18.0,nan,44.0,45.0,nan,46.0
69,竹山,2017-09-14,115,6.0,5.0,nan,42.0,17.0,115.0,81.0
70,永和,2017-09-14,40,3.0,11.0,nan,35.0,37.0,nan,40.0
71,復興,2017-09-14,64,20.0,8.0,nan,49.0,38.0,nan,64.0
72,埔里,2017-09-14,61,7.0,3.0,nan,31.0,16.0,61.0,60.0
75,馬祖,2017-09-14,77,6.0,5.0,nan,39.0,16.0,77.0,56.0
77,金門,2017-09-14,151,16.0,3.0,nan,50.0,13.0,151.0,77.0
78,馬公,2017-09-14,61,4.0,2.0,nan,28.0,6.0,61.0,43.0
80,關山,2017-09-14,34,3.0,nan,nan,24.0,5.0,31.0,34.0
83,麥寮,2017-09-14,66,6.0,2.0,nan,63.0,10.0,nan,66.0
84,富貴角,2017-09-15,143,7.0,3.0,nan,nan,9.0,143.0,nan
18,大園,2017-09-15,93,23.0,5.0,nan,41.0,25.0,93.0,51.0
34,線西,2017-09-15,61,11.0,6.0,nan,31.0,19.0,nan,61.0
51,大寮,2017-09-15,58,29.0,3.0,nan,44.0,23.0,51.0,58.0
1,基隆,2017-09-15,45,13.0,6.0,nan,23.0,34.0,38.0,45.0
2,汐止,2017-09-15,58,6.0,10.0,nan,37.0,51.0,58.0,53.0
3,萬里,2017-09-15,44,4.0,2.0,nan,19.0,8.0,41.0,44.0
4,新店,2017-09-15,68,7.0,8.0,nan,34.0,39.0,61.0,68.0
5,土城,2017-09-15,61,9.0,6.0,nan,34.0,34.0,61.0,53.0
6,板橋,2017-09-15,52,10.0,8.0,nan,37.0,37.0,51.0,52.0
7,新莊,2017-09-15,58,11.0,7.0,nan,32.0,41.0,58.0,40.0
8,菜寮,2017-09-15,51,13.0,8.0,nan,44.0,46.0,43.0,51.0
9,林口,2017-09-15,73,11.0,5.0,nan,42.0,36.0,61.0,73.0
10,淡水,2017-09-15,67,11.0,7.0,nan,52.0,41.0,67.0,54.0
11,士林,2017-09-15,61,7.0,7.0,nan,39.0,35.0,61.0,48.0
12,中山,2017-09-15,60,9.0,18.0,nan,43.0,55.0,26.0,60.0
13,萬華,2017-09-15,57,14.0,17.0,nan,39.0,53.0,26.0,57.0
14,古亭,2017-09-15,51,13.0,11.0,nan,31.0,49.0,43.0,51.0
15,松山,2017-09-15,62,9.0,10.0,nan,31.0,56.0,43.0,62.0
16,大同,2017-09-15,56,13.0,25.0,nan,50.0,56.0,nan,46.0
17,桃園,2017-09-15,58,7.0,7.0,nan,36.0,36.0,58.0,49.0
19,觀音,2017-09-15,84,9.0,3.0,nan,52.0,22.0,84.0,nan
20,平鎮,2017-09-15,67,10.0,6.0,nan,41.0,31.0,67.0,50.0
21,龍潭,2017-09-15,101,6.0,5.0,nan,36.0,19.0,101.0,52.0
22,湖口,2017-09-15,104,11.0,5.0,nan,41.0,30.0,104.0,68.0
23,竹東,2017-09-15,84,6.0,3.0,nan,31.0,13.0,84.0,49.0
24,新竹,2017-09-15,74,9.0,7.0,nan,33.0,29.0,74.0,57.0
25,頭份,2017-09-15,72,11.0,5.0,nan,43.0,26.0,nan,72.0
26,苗栗,2017-09-15,93,6.0,6.0,nan,38.0,23.0,93.0,66.0
27,三義,2017-09-15,100,6.0,3.0,nan,32.0,19.0,100.0,60.0
28,豐原,2017-09-15,101,6.0,5.0,nan,32.0,25.0,101.0,48.0
29,沙鹿,2017-09-15,67,10.0,5.0,nan,30.0,33.0,67.0,33.0
30,大里,2017-09-15,122,10.0,8.0,nan,42.0,34.0,122.0,52.0
31,忠明,2017-09-15,93,7.0,7.0,nan,28.0,37.0,93.0,54.0
32,西屯,2017-09-15,104,4.0,6.0,nan,38.0,33.0,104.0,52.0
33,彰化,2017-09-15,58,14.0,6.0,nan,33.0,25.0,58.0,58.0
35,二林,2017-09-15,47,7.0,3.0,nan,31.0,19.0,45.0,47.0
36,南投,2017-09-15,97,23.0,8.0,nan,45.0,36.0,97.0,67.0
37,斗六,2017-09-15,93,6.0,3.0,nan,32.0,20.0,93.0,57.0
38,崙背,2017-09-15,49,6.0,3.0,nan,40.0,16.0,44.0,49.0
39,新港,2017-09-15,51,6.0,5.0,nan,40.0,25.0,50.0,51.0
40,朴子,2017-09-15,49,10.0,3.0,nan,47.0,19.0,49.0,43.0
41,臺西,2017-09-15,68,16.0,2.0,nan,34.0,15.0,nan,68.0
42,嘉義,2017-09-15,61,9.0,5.0,nan,47.0,20.0,61.0,59.0
43,新營,2017-09-15,68,7.0,5.0,nan,47.0,24.0,50.0,68.0
44,善化,2017-09-15,60,7.0,3.0,nan,46.0,17.0,45.0,60.0
45,安南,2017-09-15,61,6.0,5.0,nan,45.0,24.0,50.0,61.0
46,臺南,2017-09-15,49,7.0,5.0,nan,33.0,25.0,47.0,49.0
47,美濃,2017-09-15,93,6.0,3.0,nan,40.0,8.0,93.0,74.0
48,橋頭,2017-09-15,60,7.0,3.0,nan,41.0,20.0,48.0,60.0
49,仁武,2017-09-15,54,7.0,3.0,nan,51.0,11.0,54.0,47.0
50,鳳山,2017-09-15,45,6.0,5.0,nan,45.0,22.0,nan,44.0
52,林園,2017-09-15,54,21.0,3.0,nan,33.0,23.0,54.0,48.0
53,楠梓,2017-09-15,54,6.0,5.0,nan,53.0,13.0,54.0,46.0
54,左營,2017-09-15,64,7.0,2.0,nan,38.0,14.0,64.0,43.0
56,前金,2017-09-15,58,7.0,3.0,nan,32.0,11.0,58.0,39.0
57,前鎮,2017-09-15,46,10.0,3.0,nan,37.0,13.0,nan,46.0
58,小港,2017-09-15,51,23.0,3.0,nan,39.0,25.0,46.0,51.0
59,屏東,2017-09-15,97,4.0,3.0,nan,47.0,14.0,97.0,68.0
60,潮州,2017-09-15,100,7.0,3.0,nan,54.0,14.0,100.0,66.0
61,恆春,2017-09-15,77,6.0,2.0,nan,36.0,5.0,77.0,46.0
62,臺東,2017-09-15,32,3.0,5.0,nan,32.0,9.0,27.0,32.0
63,花蓮,2017-09-15,44,4.0,3.0,nan,28.0,8.0,33.0,44.0
64,陽明,2017-09-15,61,6.0,2.0,nan,19.0,11.0,61.0,43.0
65,宜蘭,2017-09-15,67,3.0,2.0,nan,31.0,8.0,67.0,41.0
66,冬山,2017-09-15,52,6.0,3.0,nan,45.0,15.0,42.0,52.0
67,三重,2017-09-15,58,11.0,30.0,nan,53.0,58.0,nan,49.0
68,中壢,2017-09-15,63,9.0,23.0,nan,49.0,63.0,nan,56.0
69,竹山,2017-09-15,112,7.0,3.0,nan,40.0,14.0,112.0,72.0
70,永和,2017-09-15,52,11.0,16.0,nan,34.0,43.0,nan,52.0
71,復興,2017-09-15,46,10.0,6.0,nan,31.0,14.0,nan,46.0
72,埔里,2017-09-15,104,10.0,6.0,nan,33.0,20.0,104.0,60.0
75,馬祖,2017-09-15,150,9.0,8.0,nan,40.0,30.0,150.0,59.0
77,金門,2017-09-15,154,13.0,6.0,nan,58.0,21.0,154.0,95.0
78,馬公,2017-09-15,47,3.0,2.0,nan,23.0,7.0,47.0,47.0
80,關山,2017-09-15,32,3.0,nan,nan,23.0,4.0,27.0,32.0
83,麥寮,2017-09-15,68,6.0,3.0,nan,45.0,16.0,nan,68.0
34,線西,2017-09-16,84,27.0,6.0,nan,48.0,28.0,nan,84.0
18,大園,2017-09-16,60,14.0,5.0,nan,42.0,37.0,58.0,60.0
84,富貴角,2017-09-16,71,7.0,3.0,nan,nan,11.0,71.0,nan
83,麥寮,2017-09-16,97,14.0,5.0,nan,57.0,17.0,nan,97.0
80,關山,2017-09-16,34,1.0,nan,nan,21.0,5.0,31.0,34.0
78,馬公,2017-09-16,69,9.0,3.0,nan,36.0,9.0,67.0,69.0
77,金門,2017-09-16,151,31.0,5.0,nan,59.0,27.0,151.0,92.0
75,馬祖,2017-09-16,87,7.0,3.0,nan,28.0,11.0,87.0,52.0
72,埔里,2017-09-16,140,6.0,6.0,nan,36.0,19.0,140.0,75.0
71,復興,2017-09-16,63,9.0,7.0,nan,41.0,20.0,nan,63.0
70,永和,2017-09-16,62,26.0,14.0,nan,32.0,36.0,nan,62.0
69,竹山,2017-09-16,146,9.0,3.0,nan,43.0,10.0,146.0,92.0
68,中壢,2017-09-16,55,13.0,14.0,nan,46.0,45.0,nan,55.0
67,三重,2017-09-16,61,10.0,15.0,nan,49.0,61.0,nan,53.0
66,冬山,2017-09-16,48,7.0,3.0,nan,38.0,16.0,48.0,48.0
65,宜蘭,2017-09-16,58,7.0,3.0,nan,33.0,9.0,58.0,50.0
64,陽明,2017-09-16,47,7.0,2.0,nan,13.0,8.0,47.0,32.0
63,花蓮,2017-09-16,46,4.0,2.0,nan,25.0,5.0,46.0,38.0
62,臺東,2017-09-16,38,3.0,3.0,nan,30.0,8.0,34.0,38.0
61,恆春,2017-09-16,87,9.0,2.0,nan,41.0,8.0,87.0,57.0
60,潮州,2017-09-16,80,21.0,5.0,nan,50.0,17.0,80.0,67.0
59,屏東,2017-09-16,118,7.0,5.0,nan,41.0,12.0,118.0,62.0
58,小港,2017-09-16,74,21.0,5.0,nan,39.0,20.0,74.0,73.0
57,前鎮,2017-09-16,76,7.0,5.0,nan,44.0,19.0,nan,76.0
56,前金,2017-09-16,87,7.0,5.0,nan,41.0,14.0,87.0,67.0
54,左營,2017-09-16,84,7.0,3.0,nan,44.0,16.0,84.0,62.0
53,楠梓,2017-09-16,80,7.0,5.0,nan,55.0,19.0,80.0,66.0
52,林園,2017-09-16,97,11.0,5.0,nan,34.0,17.0,97.0,86.0
50,鳳山,2017-09-16,68,10.0,6.0,nan,50.0,16.0,nan,68.0
49,仁武,2017-09-16,101,23.0,5.0,nan,44.0,19.0,101.0,75.0
48,橋頭,2017-09-16,97,6.0,5.0,nan,42.0,16.0,97.0,72.0
47,美濃,2017-09-16,87,6.0,3.0,nan,35.0,8.0,87.0,76.0
46,臺南,2017-09-16,77,6.0,5.0,nan,36.0,10.0,77.0,60.0
45,安南,2017-09-16,97,3.0,5.0,nan,nan,25.0,97.0,63.0
44,善化,2017-09-16,80,10.0,3.0,nan,43.0,12.0,80.0,63.0
43,新營,2017-09-16,101,7.0,5.0,nan,44.0,13.0,101.0,72.0
42,嘉義,2017-09-16,129,11.0,5.0,nan,44.0,15.0,129.0,71.0
41,臺西,2017-09-16,89,16.0,3.0,nan,46.0,24.0,nan,89.0
40,朴子,2017-09-16,129,9.0,3.0,nan,53.0,14.0,129.0,57.0
39,新港,2017-09-16,136,10.0,5.0,nan,49.0,23.0,136.0,75.0
38,崙背,2017-09-16,108,9.0,3.0,nan,44.0,17.0,108.0,81.0
37,斗六,2017-09-16,136,13.0,5.0,nan,44.0,12.0,136.0,78.0
36,南投,2017-09-16,104,29.0,8.0,nan,52.0,26.0,104.0,83.0
35,二林,2017-09-16,112,11.0,5.0,nan,51.0,19.0,112.0,87.0
33,彰化,2017-09-16,81,27.0,8.0,nan,46.0,21.0,77.0,81.0
32,西屯,2017-09-16,156,6.0,6.0,nan,52.0,35.0,156.0,75.0
31,忠明,2017-09-16,146,10.0,7.0,nan,43.0,34.0,146.0,78.0
30,大里,2017-09-16,174,9.0,7.0,nan,46.0,31.0,174.0,66.0
29,沙鹿,2017-09-16,136,10.0,6.0,nan,42.0,34.0,136.0,67.0
28,豐原,2017-09-16,129,11.0,6.0,nan,37.0,19.0,129.0,62.0
27,三義,2017-09-16,126,9.0,5.0,nan,40.0,18.0,126.0,71.0
26,苗栗,2017-09-16,97,11.0,6.0,nan,49.0,22.0,97.0,82.0
25,頭份,2017-09-16,69,9.0,3.0,nan,39.0,21.0,nan,69.0
24,新竹,2017-09-16,77,7.0,5.0,nan,33.0,26.0,77.0,59.0
23,竹東,2017-09-16,100,9.0,3.0,nan,30.0,17.0,100.0,52.0
22,湖口,2017-09-16,71,9.0,5.0,nan,39.0,29.0,71.0,67.0
21,龍潭,2017-09-16,67,7.0,5.0,nan,40.0,26.0,67.0,60.0
20,平鎮,2017-09-16,49,11.0,5.0,nan,38.0,26.0,49.0,46.0
19,觀音,2017-09-16,49,17.0,3.0,nan,49.0,34.0,49.0,nan
17,桃園,2017-09-16,59,23.0,6.0,nan,33.0,28.0,47.0,59.0
16,大同,2017-09-16,64,17.0,17.0,nan,46.0,45.0,nan,64.0
15,松山,2017-09-16,54,29.0,6.0,nan,29.0,38.0,44.0,54.0
14,古亭,2017-09-16,58,29.0,6.0,nan,29.0,39.0,44.0,58.0
13,萬華,2017-09-16,56,23.0,10.0,nan,39.0,40.0,27.0,56.0
12,中山,2017-09-16,59,11.0,10.0,nan,37.0,38.0,35.0,59.0
11,士林,2017-09-16,59,9.0,3.0,nan,36.0,19.0,44.0,59.0
10,淡水,2017-09-16,49,16.0,6.0,nan,38.0,24.0,44.0,49.0
9,林口,2017-09-16,74,19.0,5.0,nan,39.0,32.0,54.0,74.0
8,菜寮,2017-09-16,53,13.0,6.0,nan,36.0,28.0,46.0,53.0
7,新莊,2017-09-16,47,16.0,6.0,nan,31.0,28.0,47.0,40.0
6,板橋,2017-09-16,54,11.0,6.0,nan,33.0,30.0,44.0,54.0
5,土城,2017-09-16,54,11.0,6.0,nan,32.0,30.0,46.0,54.0
4,新店,2017-09-16,71,17.0,5.0,nan,36.0,26.0,47.0,71.0
3,萬里,2017-09-16,62,7.0,2.0,nan,58.0,8.0,50.0,62.0
2,汐止,2017-09-16,62,16.0,6.0,nan,33.0,34.0,47.0,62.0
1,基隆,2017-09-16,60,14.0,5.0,nan,27.0,29.0,46.0,60.0
51,大寮,2017-09-16,97,13.0,5.0,nan,50.0,16.0,97.0,77.0
35,二林,2017-09-17,100,11.0,5.0,nan,60.0,17.0,100.0,95.0
80,關山,2017-09-17,58,3.0,nan,nan,23.0,6.0,58.0,46.0
18,大園,2017-09-17,150,29.0,5.0,nan,48.0,43.0,150.0,70.0
34,線西,2017-09-17,103,11.0,7.0,nan,55.0,23.0,nan,103.0
51,大寮,2017-09-17,100,34.0,6.0,nan,58.0,24.0,100.0,99.0
1,基隆,2017-09-17,154,3.0,3.0,nan,34.0,15.0,154.0,72.0
2,汐止,2017-09-17,150,21.0,5.0,nan,42.0,21.0,150.0,68.0
3,萬里,2017-09-17,161,4.0,3.0,nan,73.0,8.0,161.0,81.0
4,新店,2017-09-17,143,21.0,5.0,nan,44.0,20.0,143.0,81.0
5,土城,2017-09-17,164,11.0,5.0,nan,43.0,20.0,164.0,68.0
6,板橋,2017-09-17,150,13.0,6.0,nan,44.0,26.0,150.0,65.0
7,新莊,2017-09-17,159,14.0,6.0,nan,42.0,29.0,159.0,53.0
8,菜寮,2017-09-17,140,34.0,5.0,nan,45.0,32.0,140.0,63.0
9,林口,2017-09-17,136,24.0,5.0,nan,51.0,28.0,136.0,87.0
10,淡水,2017-09-17,97,14.0,6.0,nan,40.0,22.0,97.0,55.0
11,士林,2017-09-17,140,57.0,5.0,nan,40.0,47.0,140.0,58.0
12,中山,2017-09-17,93,7.0,7.0,nan,78.0,30.0,93.0,71.0
13,萬華,2017-09-17,84,10.0,8.0,nan,43.0,35.0,84.0,65.0
14,古亭,2017-09-17,140,14.0,5.0,nan,36.0,26.0,140.0,63.0
15,松山,2017-09-17,132,13.0,5.0,nan,35.0,25.0,132.0,71.0
16,大同,2017-09-17,71,11.0,10.0,nan,56.0,47.0,nan,71.0
17,桃園,2017-09-17,140,19.0,6.0,nan,41.0,24.0,140.0,72.0
19,觀音,2017-09-17,112,37.0,5.0,nan,57.0,42.0,112.0,nan
20,平鎮,2017-09-17,143,20.0,5.0,nan,46.0,28.0,143.0,63.0
21,龍潭,2017-09-17,159,11.0,5.0,nan,47.0,21.0,159.0,69.0
22,湖口,2017-09-17,150,17.0,5.0,nan,48.0,22.0,150.0,80.0
23,竹東,2017-09-17,122,6.0,5.0,nan,35.0,14.0,122.0,65.0
24,新竹,2017-09-17,150,17.0,5.0,nan,39.0,25.0,150.0,71.0
25,頭份,2017-09-17,79,7.0,5.0,nan,45.0,31.0,nan,79.0
26,苗栗,2017-09-17,126,11.0,5.0,nan,50.0,19.0,126.0,83.0
27,三義,2017-09-17,132,6.0,3.0,nan,37.0,15.0,132.0,73.0
28,豐原,2017-09-17,132,7.0,3.0,nan,36.0,12.0,132.0,65.0
29,沙鹿,2017-09-17,112,13.0,8.0,nan,51.0,29.0,112.0,98.0
30,大里,2017-09-17,136,4.0,6.0,nan,39.0,18.0,136.0,62.0
31,忠明,2017-09-17,115,6.0,6.0,nan,41.0,33.0,115.0,89.0
32,西屯,2017-09-17,126,7.0,5.0,nan,48.0,28.0,126.0,83.0
33,彰化,2017-09-17,117,16.0,6.0,nan,54.0,25.0,104.0,117.0
83,麥寮,2017-09-17,96,10.0,6.0,nan,63.0,15.0,nan,96.0
36,南投,2017-09-17,104,4.0,6.0,nan,48.0,26.0,104.0,83.0
37,斗六,2017-09-17,122,6.0,6.0,nan,53.0,15.0,122.0,100.0
38,崙背,2017-09-17,112,13.0,5.0,nan,57.0,12.0,112.0,96.0
39,新港,2017-09-17,112,9.0,5.0,nan,56.0,13.0,112.0,91.0
40,朴子,2017-09-17,104,13.0,3.0,nan,57.0,10.0,104.0,65.0
41,臺西,2017-09-17,89,24.0,3.0,nan,50.0,33.0,nan,89.0
42,嘉義,2017-09-17,108,10.0,6.0,nan,51.0,17.0,108.0,95.0
43,新營,2017-09-17,103,10.0,5.0,nan,55.0,12.0,97.0,103.0
44,善化,2017-09-17,118,13.0,3.0,nan,46.0,12.0,118.0,84.0
45,安南,2017-09-17,122,4.0,5.0,nan,nan,14.0,122.0,87.0
46,臺南,2017-09-17,101,7.0,6.0,nan,42.0,22.0,101.0,77.0
47,美濃,2017-09-17,112,10.0,5.0,nan,46.0,8.0,112.0,95.0
48,橋頭,2017-09-17,97,7.0,3.0,nan,46.0,12.0,97.0,87.0
49,仁武,2017-09-17,104,16.0,5.0,nan,54.0,20.0,104.0,94.0
50,鳳山,2017-09-17,83,7.0,6.0,nan,60.0,23.0,nan,83.0
52,林園,2017-09-17,154,6.0,5.0,nan,38.0,9.0,154.0,96.0
53,楠梓,2017-09-17,104,7.0,3.0,nan,63.0,13.0,104.0,91.0
54,左營,2017-09-17,97,10.0,5.0,nan,53.0,13.0,97.0,88.0
56,前金,2017-09-17,97,10.0,5.0,nan,46.0,11.0,97.0,82.0
57,前鎮,2017-09-17,93,7.0,5.0,nan,51.0,13.0,nan,93.0
58,小港,2017-09-17,88,23.0,5.0,nan,56.0,20.0,80.0,88.0
59,屏東,2017-09-17,100,19.0,6.0,nan,51.0,16.0,100.0,90.0
60,潮州,2017-09-17,150,4.0,3.0,nan,59.0,8.0,150.0,89.0
61,恆春,2017-09-17,87,3.0,2.0,nan,31.0,3.0,87.0,34.0
62,臺東,2017-09-17,64,3.0,3.0,nan,33.0,7.0,64.0,46.0
63,花蓮,2017-09-17,143,3.0,5.0,nan,43.0,10.0,143.0,63.0
64,陽明,2017-09-17,90,6.0,2.0,nan,23.0,4.0,90.0,61.0
65,宜蘭,2017-09-17,161,3.0,5.0,nan,49.0,6.0,161.0,70.0
66,冬山,2017-09-17,140,6.0,3.0,nan,49.0,12.0,140.0,69.0
67,三重,2017-09-17,65,34.0,14.0,nan,53.0,60.0,nan,65.0
68,中壢,2017-09-17,69,17.0,14.0,nan,54.0,61.0,nan,69.0
69,竹山,2017-09-17,112,19.0,6.0,nan,45.0,17.0,112.0,94.0
70,永和,2017-09-17,65,13.0,6.0,nan,39.0,25.0,nan,65.0
71,復興,2017-09-17,82,10.0,7.0,nan,43.0,16.0,nan,82.0
72,埔里,2017-09-17,129,4.0,5.0,nan,39.0,19.0,129.0,80.0
75,馬祖,2017-09-17,179,6.0,2.0,nan,43.0,6.0,179.0,74.0
77,金門,2017-09-17,118,17.0,3.0,nan,50.0,15.0,118.0,87.0
78,馬公,2017-09-17,90,9.0,3.0,nan,31.0,11.0,90.0,65.0
84,富貴角,2017-09-17,172,1.0,6.0,nan,nan,4.0,172.0,nan
34,線西,2017-09-18,94,16.0,5.0,nan,57.0,26.0,nan,94.0
84,富貴角,2017-09-18,97,9.0,6.0,nan,nan,5.0,97.0,nan
83,麥寮,2017-09-18,108,11.0,6.0,nan,89.0,21.0,nan,108.0
18,大園,2017-09-18,74,10.0,5.0,nan,43.0,36.0,74.0,57.0
80,關山,2017-09-18,57,1.0,nan,nan,33.0,5.0,46.0,57.0
78,馬公,2017-09-18,93,4.0,2.0,nan,37.0,5.0,93.0,63.0
77,金門,2017-09-18,154,6.0,3.0,nan,48.0,9.0,154.0,83.0
75,馬祖,2017-09-18,187,6.0,2.0,nan,44.0,6.0,187.0,81.0
72,埔里,2017-09-18,174,7.0,6.0,nan,47.0,23.0,174.0,92.0
71,復興,2017-09-18,82,16.0,9.0,nan,48.0,25.0,nan,82.0
70,永和,2017-09-18,55,4.0,6.0,nan,33.0,16.0,nan,55.0
69,竹山,2017-09-18,172,10.0,5.0,nan,53.0,18.0,172.0,113.0
68,中壢,2017-09-18,55,9.0,15.0,nan,51.0,47.0,nan,55.0
67,三重,2017-09-18,53,11.0,16.0,nan,49.0,47.0,nan,53.0
66,冬山,2017-09-18,71,6.0,3.0,nan,51.0,14.0,71.0,69.0
65,宜蘭,2017-09-18,93,6.0,3.0,nan,47.0,8.0,93.0,68.0
64,陽明,2017-09-18,90,13.0,1.0,nan,20.0,8.0,90.0,53.0
63,花蓮,2017-09-18,70,3.0,3.0,nan,44.0,15.0,64.0,70.0
62,臺東,2017-09-18,59,3.0,5.0,nan,40.0,8.0,50.0,59.0
61,恆春,2017-09-18,101,4.0,2.0,nan,44.0,3.0,101.0,59.0
60,潮州,2017-09-18,140,9.0,3.0,nan,57.0,8.0,140.0,106.0
59,屏東,2017-09-18,161,37.0,6.0,nan,57.0,20.0,161.0,107.0
58,小港,2017-09-18,151,40.0,6.0,nan,54.0,37.0,151.0,88.0
57,前鎮,2017-09-18,87,13.0,6.0,nan,52.0,19.0,nan,87.0
56,前金,2017-09-18,172,13.0,5.0,nan,47.0,11.0,172.0,84.0
54,左營,2017-09-18,195,10.0,6.0,nan,54.0,15.0,195.0,74.0
53,楠梓,2017-09-18,156,10.0,5.0,nan,59.0,25.0,156.0,78.0
52,林園,2017-09-18,200,10.0,3.0,102.0,37.0,8.0,200.0,92.0
50,鳳山,2017-09-18,82,10.0,7.0,nan,59.0,20.0,nan,82.0
49,仁武,2017-09-18,177,14.0,6.0,nan,53.0,18.0,177.0,81.0
48,橋頭,2017-09-18,166,9.0,6.0,nan,52.0,21.0,166.0,88.0
47,美濃,2017-09-18,164,7.0,3.0,nan,48.0,9.0,164.0,99.0
46,臺南,2017-09-18,161,9.0,6.0,nan,53.0,18.0,161.0,87.0
45,安南,2017-09-18,174,7.0,6.0,nan,nan,19.0,174.0,93.0
44,善化,2017-09-18,166,7.0,5.0,nan,57.0,12.0,166.0,87.0
43,新營,2017-09-18,156,9.0,5.0,nan,62.0,17.0,156.0,113.0
42,嘉義,2017-09-18,169,9.0,5.0,nan,60.0,18.0,169.0,106.0
41,臺西,2017-09-18,101,10.0,5.0,nan,64.0,17.0,nan,101.0
40,朴子,2017-09-18,174,10.0,6.0,nan,76.0,15.0,174.0,82.0
39,新港,2017-09-18,169,9.0,6.0,nan,68.0,15.0,169.0,103.0
38,崙背,2017-09-18,161,10.0,6.0,nan,68.0,18.0,161.0,105.0
37,斗六,2017-09-18,166,17.0,7.0,nan,55.0,25.0,166.0,97.0
36,南投,2017-09-18,151,7.0,6.0,nan,54.0,26.0,151.0,86.0
35,二林,2017-09-18,146,13.0,5.0,nan,63.0,21.0,146.0,84.0
33,彰化,2017-09-18,122,23.0,7.0,nan,52.0,25.0,122.0,101.0
32,西屯,2017-09-18,140,7.0,5.0,nan,51.0,36.0,140.0,80.0
31,忠明,2017-09-18,129,6.0,6.0,nan,46.0,33.0,129.0,80.0
30,大里,2017-09-18,161,6.0,7.0,nan,56.0,9.0,161.0,67.0
29,沙鹿,2017-09-18,126,6.0,5.0,nan,48.0,35.0,126.0,69.0
28,豐原,2017-09-18,132,10.0,5.0,nan,44.0,19.0,132.0,72.0
27,三義,2017-09-18,143,7.0,3.0,nan,39.0,15.0,143.0,70.0
26,苗栗,2017-09-18,100,10.0,5.0,nan,55.0,30.0,100.0,84.0
25,頭份,2017-09-18,78,10.0,5.0,nan,47.0,43.0,nan,78.0
24,新竹,2017-09-18,126,6.0,5.0,nan,41.0,22.0,126.0,71.0
23,竹東,2017-09-18,115,4.0,3.0,nan,35.0,17.0,115.0,66.0
22,湖口,2017-09-18,108,11.0,5.0,nan,43.0,19.0,108.0,69.0
21,龍潭,2017-09-18,93,6.0,5.0,nan,41.0,20.0,93.0,66.0
20,平鎮,2017-09-18,112,7.0,5.0,nan,42.0,17.0,112.0,57.0
19,觀音,2017-09-18,51,17.0,5.0,nan,48.0,41.0,51.0,nan
17,桃園,2017-09-18,74,7.0,5.0,nan,37.0,21.0,74.0,58.0
16,大同,2017-09-18,57,11.0,10.0,nan,50.0,46.0,nan,57.0
15,松山,2017-09-18,60,6.0,5.0,nan,25.0,32.0,58.0,60.0
14,古亭,2017-09-18,61,3.0,5.0,nan,30.0,20.0,61.0,56.0
13,萬華,2017-09-18,63,7.0,9.0,nan,43.0,38.0,37.0,63.0
12,中山,2017-09-18,62,11.0,8.0,nan,54.0,38.0,38.0,62.0
11,士林,2017-09-18,74,36.0,2.0,nan,31.0,29.0,74.0,58.0
10,淡水,2017-09-18,50,11.0,5.0,nan,32.0,25.0,50.0,47.0
9,林口,2017-09-18,71,10.0,3.0,nan,46.0,23.0,61.0,71.0
8,菜寮,2017-09-18,67,13.0,5.0,nan,41.0,19.0,67.0,52.0
7,新莊,2017-09-18,77,10.0,5.0,nan,38.0,16.0,77.0,42.0
6,板橋,2017-09-18,61,4.0,5.0,nan,38.0,29.0,61.0,59.0
5,土城,2017-09-18,67,3.0,5.0,nan,36.0,14.0,67.0,62.0
4,新店,2017-09-18,77,4.0,5.0,nan,39.0,21.0,64.0,77.0
3,萬里,2017-09-18,80,10.0,2.0,nan,42.0,10.0,80.0,63.0
2,汐止,2017-09-18,62,13.0,5.0,nan,34.0,32.0,46.0,62.0
1,基隆,2017-09-18,71,4.0,3.0,nan,27.0,27.0,71.0,55.0
51,大寮,2017-09-18,150,21.0,5.0,nan,56.0,20.0,150.0,97.0
84,富貴角,2017-09-19,77,9.0,1.0,nan,nan,8.0,77.0,nan
18,大園,2017-09-19,174,24.0,5.0,nan,54.0,31.0,174.0,87.0
34,線西,2017-09-19,95,13.0,5.0,nan,58.0,23.0,nan,95.0
51,大寮,2017-09-19,102,14.0,6.0,nan,59.0,28.0,61.0,102.0
1,基隆,2017-09-19,60,4.0,3.0,nan,24.0,22.0,54.0,60.0
2,汐止,2017-09-19,62,6.0,6.0,nan,30.0,33.0,51.0,62.0
3,萬里,2017-09-19,68,7.0,3.0,nan,32.0,14.0,54.0,68.0
4,新店,2017-09-19,77,4.0,5.0,nan,37.0,18.0,74.0,77.0
5,土城,2017-09-19,174,10.0,8.0,nan,47.0,36.0,174.0,86.0
6,板橋,2017-09-19,151,13.0,9.0,nan,49.0,41.0,151.0,80.0
7,新莊,2017-09-19,174,13.0,9.0,102.0,52.0,41.0,174.0,71.0
8,菜寮,2017-09-19,154,9.0,8.0,nan,44.0,30.0,154.0,68.0
9,林口,2017-09-19,179,20.0,6.0,121.0,59.0,34.0,179.0,102.0
10,淡水,2017-09-19,93,10.0,6.0,nan,40.0,22.0,93.0,62.0
11,士林,2017-09-19,164,7.0,6.0,nan,38.0,30.0,164.0,67.0
12,中山,2017-09-19,84,7.0,10.0,nan,45.0,44.0,84.0,72.0
13,萬華,2017-09-19,73,10.0,11.0,nan,40.0,50.0,51.0,73.0
14,古亭,2017-09-19,87,6.0,6.0,nan,30.0,27.0,87.0,62.0
15,松山,2017-09-19,63,4.0,7.0,nan,25.0,30.0,51.0,63.0
16,大同,2017-09-19,73,11.0,36.0,nan,54.0,56.0,nan,73.0
17,桃園,2017-09-19,197,29.0,9.0,125.0,53.0,43.0,197.0,96.0
19,觀音,2017-09-19,143,9.0,5.0,nan,59.0,30.0,143.0,nan
20,平鎮,2017-09-19,212,13.0,7.0,116.0,nan,48.0,212.0,94.0
21,龍潭,2017-09-19,213,13.0,7.0,112.0,60.0,36.0,213.0,105.0
22,湖口,2017-09-19,172,11.0,6.0,nan,59.0,33.0,172.0,106.0
23,竹東,2017-09-19,146,9.0,5.0,nan,47.0,18.0,146.0,85.0
24,新竹,2017-09-19,115,9.0,7.0,nan,51.0,35.0,115.0,92.0
25,頭份,2017-09-19,103,19.0,5.0,nan,56.0,30.0,nan,103.0
26,苗栗,2017-09-19,101,9.0,6.0,nan,57.0,25.0,101.0,98.0
27,三義,2017-09-19,151,6.0,3.0,nan,48.0,23.0,151.0,84.0
28,豐原,2017-09-19,156,10.0,5.0,nan,49.0,25.0,156.0,81.0
29,沙鹿,2017-09-19,100,23.0,7.0,nan,59.0,43.0,100.0,94.0
30,大里,2017-09-19,169,10.0,8.0,nan,64.0,38.0,169.0,83.0
31,忠明,2017-09-19,150,10.0,8.0,nan,53.0,40.0,150.0,93.0
32,西屯,2017-09-19,151,13.0,6.0,nan,59.0,36.0,151.0,100.0
33,彰化,2017-09-19,117,37.0,8.0,nan,62.0,37.0,28.0,117.0
35,二林,2017-09-19,90,11.0,3.0,nan,59.0,15.0,90.0,90.0
36,南投,2017-09-19,132,26.0,7.0,nan,64.0,34.0,132.0,104.0
37,斗六,2017-09-19,154,9.0,5.0,nan,59.0,21.0,154.0,92.0
38,崙背,2017-09-19,89,9.0,3.0,nan,56.0,9.0,87.0,89.0
39,新港,2017-09-19,122,9.0,3.0,nan,58.0,14.0,122.0,81.0
40,朴子,2017-09-19,115,7.0,3.0,nan,61.0,14.0,115.0,71.0
41,臺西,2017-09-19,91,20.0,3.0,nan,54.0,29.0,nan,91.0
42,嘉義,2017-09-19,140,10.0,6.0,nan,56.0,22.0,140.0,79.0
43,新營,2017-09-19,100,6.0,3.0,nan,52.0,17.0,100.0,nan
44,善化,2017-09-19,84,9.0,3.0,nan,46.0,19.0,84.0,70.0
45,安南,2017-09-19,84,9.0,5.0,nan,49.0,25.0,84.0,71.0
46,臺南,2017-09-19,74,9.0,5.0,nan,41.0,26.0,74.0,65.0
47,美濃,2017-09-19,108,9.0,5.0,nan,56.0,17.0,87.0,108.0
48,橋頭,2017-09-19,95,13.0,7.0,nan,54.0,33.0,77.0,95.0
49,仁武,2017-09-19,92,41.0,7.0,nan,57.0,42.0,84.0,92.0
50,鳳山,2017-09-19,92,27.0,10.0,nan,66.0,44.0,nan,92.0
52,林園,2017-09-19,123,23.0,6.0,nan,44.0,25.0,97.0,123.0
53,楠梓,2017-09-19,92,10.0,7.0,nan,62.0,40.0,80.0,92.0
54,左營,2017-09-19,84,10.0,6.0,nan,52.0,33.0,84.0,75.0
56,前金,2017-09-19,93,14.0,8.0,nan,49.0,29.0,93.0,83.0
57,前鎮,2017-09-19,98,21.0,10.0,nan,54.0,48.0,nan,98.0
58,小港,2017-09-19,104,43.0,10.0,nan,62.0,84.0,64.0,104.0
59,屏東,2017-09-19,111,51.0,10.0,nan,61.0,37.0,67.0,111.0
60,潮州,2017-09-19,111,7.0,5.0,nan,58.0,11.0,46.0,111.0
61,恆春,2017-09-19,45,3.0,1.0,nan,24.0,2.0,45.0,32.0
62,臺東,2017-09-19,43,3.0,5.0,nan,29.0,10.0,28.0,43.0
63,花蓮,2017-09-19,59,11.0,5.0,nan,30.0,13.0,40.0,59.0
64,陽明,2017-09-19,112,11.0,3.0,nan,26.0,6.0,112.0,71.0
65,宜蘭,2017-09-19,68,6.0,3.0,nan,46.0,10.0,46.0,68.0
66,冬山,2017-09-19,69,9.0,3.0,nan,49.0,18.0,39.0,69.0
67,三重,2017-09-19,66,10.0,17.0,nan,54.0,62.0,nan,66.0
68,中壢,2017-09-19,73,13.0,18.0,nan,61.0,73.0,nan,nan
69,竹山,2017-09-19,161,9.0,5.0,nan,56.0,14.0,161.0,115.0
70,永和,2017-09-19,67,6.0,12.0,nan,35.0,39.0,nan,67.0
71,復興,2017-09-19,79,17.0,12.0,nan,49.0,48.0,nan,79.0
72,埔里,2017-09-19,154,4.0,5.0,nan,50.0,14.0,154.0,99.0
75,馬祖,2017-09-19,77,6.0,2.0,nan,40.0,7.0,77.0,67.0
77,金門,2017-09-19,132,16.0,5.0,nan,53.0,14.0,132.0,87.0
78,馬公,2017-09-19,54,7.0,2.0,nan,36.0,5.0,43.0,54.0
80,關山,2017-09-19,40,3.0,nan,nan,25.0,7.0,26.0,40.0
83,麥寮,2017-09-19,90,7.0,3.0,nan,62.0,8.0,nan,90.0
83,麥寮,2017-09-20,111,7.0,5.0,nan,64.0,16.0,nan,111.0
84,富貴角,2017-09-20,118,11.0,7.0,nan,nan,14.0,118.0,nan
34,線西,2017-09-20,113,26.0,8.0,nan,57.0,27.0,nan,113.0
51,大寮,2017-09-20,100,13.0,6.0,nan,55.0,28.0,100.0,91.0
1,基隆,2017-09-20,97,19.0,5.0,nan,23.0,22.0,97.0,63.0
2,汐止,2017-09-20,185,59.0,7.0,122.0,38.0,34.0,185.0,83.0
3,萬里,2017-09-20,161,9.0,3.0,nan,40.0,11.0,161.0,93.0
4,新店,2017-09-20,203,26.0,6.0,115.0,44.0,38.0,203.0,98.0
5,土城,2017-09-20,177,19.0,9.0,101.0,58.0,45.0,177.0,114.0
6,板橋,2017-09-20,169,26.0,8.0,106.0,56.0,40.0,169.0,92.0
7,新莊,2017-09-20,161,17.0,8.0,nan,54.0,33.0,161.0,82.0
8,菜寮,2017-09-20,156,27.0,8.0,nan,nan,36.0,156.0,79.0
9,林口,2017-09-20,132,16.0,6.0,nan,59.0,42.0,132.0,111.0
10,淡水,2017-09-20,76,13.0,6.0,nan,44.0,23.0,61.0,76.0
11,士林,2017-09-20,185,10.0,7.0,nan,52.0,28.0,185.0,98.0
12,中山,2017-09-20,143,23.0,11.0,nan,52.0,56.0,143.0,87.0
13,萬華,2017-09-20,85,30.0,15.0,nan,47.0,61.0,84.0,85.0
14,古亭,2017-09-20,201,30.0,8.0,131.0,42.0,47.0,201.0,87.0
15,松山,2017-09-20,197,29.0,7.0,145.0,39.0,43.0,197.0,88.0
16,大同,2017-09-20,89,36.0,23.0,nan,57.0,83.0,nan,89.0
17,桃園,2017-09-20,140,26.0,10.0,nan,57.0,47.0,140.0,111.0
19,觀音,2017-09-20,71,20.0,6.0,nan,71.0,55.0,61.0,nan
20,平鎮,2017-09-20,118,11.0,7.0,nan,62.0,43.0,118.0,117.0
21,龍潭,2017-09-20,154,9.0,6.0,nan,58.0,33.0,154.0,106.0
22,湖口,2017-09-20,110,9.0,5.0,nan,59.0,37.0,97.0,110.0
23,竹東,2017-09-20,118,7.0,5.0,nan,41.0,18.0,118.0,75.0
24,新竹,2017-09-20,97,10.0,8.0,nan,49.0,44.0,97.0,96.0
25,頭份,2017-09-20,95,11.0,5.0,nan,51.0,30.0,nan,95.0
26,苗栗,2017-09-20,104,10.0,6.0,nan,55.0,23.0,100.0,104.0
27,三義,2017-09-20,136,16.0,5.0,nan,47.0,20.0,136.0,89.0
28,豐原,2017-09-20,154,10.0,7.0,105.0,50.0,16.0,154.0,94.0
29,沙鹿,2017-09-20,122,10.0,6.0,nan,54.0,38.0,122.0,97.0
30,大里,2017-09-20,136,11.0,7.0,nan,64.0,30.0,136.0,89.0
31,忠明,2017-09-20,146,13.0,8.0,101.0,57.0,35.0,146.0,107.0
32,西屯,2017-09-20,129,14.0,7.0,101.0,61.0,36.0,129.0,116.0
33,彰化,2017-09-20,105,26.0,7.0,nan,54.0,25.0,93.0,105.0
35,二林,2017-09-20,112,10.0,5.0,nan,62.0,22.0,112.0,106.0
36,南投,2017-09-20,122,9.0,6.0,nan,50.0,29.0,122.0,88.0
37,斗六,2017-09-20,156,17.0,6.0,nan,54.0,36.0,156.0,99.0
38,崙背,2017-09-20,127,10.0,3.0,nan,65.0,17.0,112.0,127.0
39,新港,2017-09-20,104,10.0,6.0,nan,59.0,28.0,104.0,98.0
40,朴子,2017-09-20,112,14.0,5.0,nan,63.0,33.0,112.0,78.0
41,臺西,2017-09-20,110,29.0,3.0,nan,58.0,32.0,nan,110.0
42,嘉義,2017-09-20,118,13.0,6.0,nan,57.0,27.0,118.0,98.0
43,新營,2017-09-20,104,10.0,5.0,nan,52.0,24.0,104.0,nan
44,善化,2017-09-20,81,7.0,3.0,nan,54.0,15.0,nan,81.0
45,安南,2017-09-20,126,9.0,5.0,nan,59.0,26.0,126.0,97.0
46,臺南,2017-09-20,97,13.0,6.0,nan,52.0,26.0,97.0,90.0
47,美濃,2017-09-20,122,6.0,5.0,nan,52.0,8.0,122.0,106.0
48,橋頭,2017-09-20,110,21.0,6.0,nan,59.0,33.0,100.0,110.0
49,仁武,2017-09-20,112,10.0,6.0,nan,64.0,27.0,112.0,111.0
50,鳳山,2017-09-20,95,14.0,8.0,nan,66.0,33.0,nan,95.0
52,林園,2017-09-20,126,20.0,6.0,107.0,36.0,22.0,126.0,86.0
53,楠梓,2017-09-20,110,40.0,7.0,nan,74.0,29.0,104.0,110.0
54,左營,2017-09-20,122,14.0,7.0,nan,62.0,37.0,122.0,107.0
56,前金,2017-09-20,108,33.0,8.0,nan,57.0,40.0,108.0,107.0
57,前鎮,2017-09-20,123,19.0,8.0,nan,59.0,44.0,nan,123.0
58,小港,2017-09-20,106,40.0,8.0,nan,64.0,42.0,87.0,106.0
18,大園,2017-09-20,117,27.0,7.0,nan,66.0,44.0,84.0,117.0
59,屏東,2017-09-20,112,11.0,7.0,nan,52.0,33.0,112.0,96.0
60,潮州,2017-09-20,136,9.0,3.0,nan,54.0,8.0,136.0,nan
61,恆春,2017-09-20,23,4.0,1.0,nan,19.0,2.0,23.0,13.0
62,臺東,2017-09-20,24,3.0,3.0,nan,19.0,8.0,17.0,24.0
63,花蓮,2017-09-20,32,10.0,2.0,nan,18.0,7.0,22.0,32.0
64,陽明,2017-09-20,166,9.0,3.0,nan,27.0,10.0,166.0,79.0
65,宜蘭,2017-09-20,52,4.0,2.0,nan,31.0,8.0,31.0,52.0
66,冬山,2017-09-20,52,7.0,3.0,nan,32.0,15.0,32.0,52.0
67,三重,2017-09-20,87,27.0,18.0,nan,59.0,73.0,nan,87.0
68,中壢,2017-09-20,71,13.0,17.0,nan,71.0,71.0,nan,nan
69,竹山,2017-09-20,161,20.0,6.0,nan,44.0,25.0,161.0,90.0
70,永和,2017-09-20,90,26.0,17.0,nan,44.0,53.0,nan,90.0
71,復興,2017-09-20,110,26.0,14.0,nan,57.0,45.0,nan,110.0
72,埔里,2017-09-20,156,6.0,5.0,112.0,35.0,13.0,156.0,74.0
75,馬祖,2017-09-20,77,6.0,3.0,nan,43.0,7.0,49.0,77.0
77,金門,2017-09-20,174,17.0,3.0,nan,59.0,19.0,174.0,103.0
78,馬公,2017-09-20,69,10.0,3.0,nan,35.0,16.0,50.0,69.0
80,關山,2017-09-20,19,3.0,nan,nan,16.0,4.0,15.0,19.0
84,富貴角,2017-09-21,44,7.0,10.0,nan,nan,nan,44.0,nan
17,桃園,2017-09-21,116,19.0,7.0,nan,54.0,38.0,115.0,116.0
18,大園,2017-09-21,93,34.0,3.0,nan,45.0,25.0,74.0,93.0
34,線西,2017-09-21,113,33.0,6.0,nan,54.0,25.0,nan,113.0
68,中壢,2017-09-21,110,21.0,15.0,nan,64.0,51.0,nan,110.0
51,大寮,2017-09-21,81,20.0,5.0,nan,46.0,25.0,54.0,81.0
1,基隆,2017-09-21,71,19.0,5.0,nan,24.0,20.0,71.0,66.0
2,汐止,2017-09-21,122,41.0,8.0,nan,36.0,29.0,122.0,73.0
3,萬里,2017-09-21,82,30.0,3.0,nan,32.0,38.0,67.0,82.0
4,新店,2017-09-21,174,31.0,6.0,nan,41.0,35.0,174.0,86.0
5,土城,2017-09-21,185,23.0,8.0,111.0,54.0,41.0,185.0,98.0
6,板橋,2017-09-21,151,51.0,9.0,nan,54.0,62.0,151.0,91.0
7,新莊,2017-09-21,132,16.0,7.0,nan,49.0,37.0,132.0,80.0
8,菜寮,2017-09-21,100,21.0,7.0,nan,nan,32.0,100.0,77.0
9,林口,2017-09-21,99,16.0,5.0,nan,52.0,23.0,97.0,99.0
10,淡水,2017-09-21,57,13.0,5.0,nan,34.0,19.0,42.0,57.0
11,士林,2017-09-21,100,20.0,6.0,nan,42.0,33.0,100.0,71.0
12,中山,2017-09-21,84,41.0,11.0,nan,45.0,61.0,84.0,79.0
13,萬華,2017-09-21,83,55.0,14.0,nan,44.0,71.0,48.0,83.0
14,古亭,2017-09-21,151,41.0,7.0,nan,35.0,52.0,151.0,77.0
15,松山,2017-09-21,146,34.0,8.0,nan,31.0,37.0,146.0,87.0
16,大同,2017-09-21,84,41.0,27.0,nan,52.0,81.0,nan,84.0
19,觀音,2017-09-21,87,11.0,3.0,nan,52.0,20.0,87.0,87.0
20,平鎮,2017-09-21,112,19.0,5.0,nan,59.0,42.0,112.0,107.0
21,龍潭,2017-09-21,154,10.0,6.0,nan,55.0,29.0,154.0,94.0
22,湖口,2017-09-21,112,9.0,5.0,nan,54.0,38.0,112.0,104.0
23,竹東,2017-09-21,129,7.0,5.0,nan,44.0,22.0,129.0,83.0
24,新竹,2017-09-21,104,9.0,6.0,nan,48.0,33.0,104.0,95.0
25,頭份,2017-09-21,93,11.0,5.0,nan,49.0,21.0,nan,93.0
26,苗栗,2017-09-21,97,6.0,5.0,nan,50.0,18.0,97.0,93.0
27,三義,2017-09-21,126,10.0,3.0,nan,35.0,15.0,126.0,70.0
28,豐原,2017-09-21,159,9.0,6.0,nan,41.0,20.0,159.0,73.0
29,沙鹿,2017-09-21,108,14.0,5.0,nan,48.0,39.0,108.0,91.0
30,大里,2017-09-21,115,21.0,9.0,nan,61.0,38.0,115.0,84.0
31,忠明,2017-09-21,151,13.0,6.0,nan,44.0,36.0,151.0,100.0
32,西屯,2017-09-21,118,17.0,5.0,nan,54.0,27.0,118.0,97.0
33,彰化,2017-09-21,136,26.0,6.0,nan,54.0,21.0,136.0,123.0
35,二林,2017-09-21,108,9.0,3.0,nan,55.0,16.0,108.0,97.0
36,南投,2017-09-21,151,13.0,7.0,nan,56.0,24.0,151.0,97.0
37,斗六,2017-09-21,185,9.0,6.0,nan,59.0,25.0,185.0,112.0
38,崙背,2017-09-21,156,13.0,5.0,nan,59.0,17.0,156.0,129.0
39,新港,2017-09-21,140,11.0,6.0,nan,60.0,22.0,140.0,108.0
40,朴子,2017-09-21,129,9.0,5.0,nan,63.0,18.0,129.0,103.0
41,臺西,2017-09-21,125,17.0,5.0,nan,57.0,20.0,nan,125.0
42,嘉義,2017-09-21,143,10.0,6.0,nan,58.0,16.0,143.0,124.0
43,新營,2017-09-21,126,9.0,5.0,nan,59.0,13.0,126.0,122.0
44,善化,2017-09-21,107,4.0,3.0,nan,54.0,13.0,nan,107.0
45,安南,2017-09-21,156,9.0,5.0,nan,57.0,22.0,156.0,113.0
46,臺南,2017-09-21,126,10.0,6.0,nan,41.0,17.0,126.0,87.0
47,美濃,2017-09-21,129,7.0,3.0,nan,43.0,9.0,129.0,88.0
48,橋頭,2017-09-21,92,7.0,6.0,nan,47.0,32.0,67.0,92.0
49,仁武,2017-09-21,82,33.0,5.0,nan,51.0,30.0,64.0,82.0
50,鳳山,2017-09-21,71,20.0,7.0,nan,52.0,24.0,nan,71.0
52,林園,2017-09-21,90,14.0,3.0,nan,31.0,13.0,90.0,85.0
53,楠梓,2017-09-21,85,9.0,6.0,nan,59.0,37.0,64.0,85.0
54,左營,2017-09-21,76,16.0,5.0,nan,50.0,21.0,74.0,76.0
56,前金,2017-09-21,77,20.0,5.0,nan,43.0,19.0,71.0,77.0
57,前鎮,2017-09-21,82,19.0,6.0,nan,44.0,32.0,nan,82.0
58,小港,2017-09-21,77,56.0,5.0,nan,43.0,45.0,47.0,77.0
59,屏東,2017-09-21,90,9.0,6.0,nan,40.0,21.0,90.0,65.0
60,潮州,2017-09-21,100,20.0,3.0,nan,45.0,15.0,100.0,80.0
61,恆春,2017-09-21,16,3.0,1.0,nan,16.0,3.0,16.0,13.0
62,臺東,2017-09-21,15,3.0,3.0,nan,15.0,8.0,14.0,11.0
63,花蓮,2017-09-21,19,14.0,2.0,nan,16.0,8.0,14.0,19.0
64,陽明,2017-09-21,93,10.0,3.0,nan,25.0,9.0,93.0,78.0
65,宜蘭,2017-09-21,32,4.0,2.0,nan,22.0,9.0,23.0,32.0
66,冬山,2017-09-21,38,7.0,3.0,nan,29.0,14.0,31.0,38.0
67,三重,2017-09-21,78,23.0,16.0,nan,nan,62.0,nan,78.0
69,竹山,2017-09-21,169,9.0,5.0,nan,52.0,13.0,169.0,117.0
70,永和,2017-09-21,85,31.0,15.0,nan,39.0,53.0,nan,85.0
71,復興,2017-09-21,76,20.0,8.0,nan,40.0,34.0,nan,76.0
72,埔里,2017-09-21,151,17.0,8.0,nan,44.0,18.0,151.0,90.0
75,馬祖,2017-09-21,78,6.0,2.0,nan,36.0,7.0,58.0,78.0
77,金門,2017-09-21,129,14.0,3.0,nan,60.0,11.0,129.0,113.0
78,馬公,2017-09-21,72,6.0,3.0,nan,34.0,10.0,47.0,72.0
80,關山,2017-09-21,16,3.0,nan,nan,16.0,6.0,15.0,12.0
83,麥寮,2017-09-21,128,26.0,5.0,nan,68.0,28.0,nan,128.0
84,富貴角,2017-09-22,51,4.0,3.0,nan,nan,nan,51.0,nan
83,麥寮,2017-09-22,113,14.0,3.0,nan,63.0,11.0,nan,113.0
80,關山,2017-09-22,20,3.0,nan,nan,13.0,3.0,14.0,20.0
78,馬公,2017-09-22,66,4.0,2.0,nan,34.0,6.0,45.0,66.0
77,金門,2017-09-22,80,10.0,3.0,nan,43.0,10.0,54.0,80.0
75,馬祖,2017-09-22,51,4.0,2.0,nan,26.0,8.0,51.0,51.0
72,埔里,2017-09-22,166,9.0,6.0,110.0,57.0,12.0,166.0,125.0
71,復興,2017-09-22,91,27.0,10.0,nan,47.0,41.0,nan,91.0
70,永和,2017-09-22,92,36.0,16.0,nan,42.0,46.0,nan,92.0
69,竹山,2017-09-22,161,16.0,5.0,nan,63.0,12.0,161.0,149.0
67,三重,2017-09-22,86,16.0,19.0,nan,nan,55.0,nan,86.0
66,冬山,2017-09-22,47,13.0,3.0,nan,28.0,18.0,27.0,47.0
65,宜蘭,2017-09-22,30,4.0,3.0,nan,27.0,9.0,29.0,30.0
64,陽明,2017-09-22,122,20.0,3.0,nan,28.0,14.0,122.0,87.0
63,花蓮,2017-09-22,21,9.0,2.0,nan,14.0,7.0,17.0,21.0
62,臺東,2017-09-22,15,3.0,2.0,nan,15.0,8.0,15.0,11.0
61,恆春,2017-09-22,19,3.0,1.0,nan,17.0,3.0,16.0,19.0
60,潮州,2017-09-22,80,7.0,3.0,nan,54.0,8.0,64.0,80.0
59,屏東,2017-09-22,174,13.0,7.0,nan,56.0,20.0,174.0,nan
58,小港,2017-09-22,93,52.0,6.0,nan,52.0,47.0,44.0,93.0
57,前鎮,2017-09-22,100,30.0,7.0,nan,50.0,35.0,nan,100.0
56,前金,2017-09-22,94,10.0,6.0,nan,51.0,16.0,93.0,94.0
54,左營,2017-09-22,118,10.0,6.0,nan,54.0,23.0,118.0,100.0
53,楠梓,2017-09-22,129,7.0,5.0,nan,77.0,25.0,108.0,129.0
52,林園,2017-09-22,87,16.0,6.0,nan,34.0,12.0,87.0,87.0
50,鳳山,2017-09-22,108,11.0,7.0,nan,65.0,26.0,nan,108.0
49,仁武,2017-09-22,114,20.0,6.0,nan,59.0,30.0,87.0,114.0
48,橋頭,2017-09-22,119,7.0,5.0,nan,57.0,25.0,108.0,119.0
47,美濃,2017-09-22,140,6.0,3.0,nan,53.0,8.0,140.0,105.0
46,臺南,2017-09-22,112,9.0,6.0,nan,51.0,21.0,112.0,110.0
45,安南,2017-09-22,120,10.0,5.0,nan,59.0,23.0,112.0,120.0
44,善化,2017-09-22,122,6.0,5.0,nan,57.0,12.0,122.0,119.0
43,新營,2017-09-22,136,10.0,5.0,nan,67.0,18.0,122.0,136.0
42,嘉義,2017-09-22,143,11.0,6.0,nan,67.0,20.0,143.0,141.0
41,臺西,2017-09-22,107,19.0,3.0,nan,51.0,25.0,nan,107.0
40,朴子,2017-09-22,132,11.0,3.0,nan,66.0,15.0,132.0,107.0
39,新港,2017-09-22,122,9.0,5.0,nan,65.0,15.0,122.0,121.0
38,崙背,2017-09-22,144,16.0,5.0,nan,66.0,13.0,80.0,144.0
37,斗六,2017-09-22,140,74.0,5.0,nan,64.0,26.0,140.0,132.0
36,南投,2017-09-22,112,13.0,7.0,nan,60.0,29.0,101.0,112.0
35,二林,2017-09-22,125,21.0,3.0,nan,65.0,19.0,54.0,125.0
33,彰化,2017-09-22,115,20.0,7.0,nan,66.0,21.0,50.0,115.0
32,西屯,2017-09-22,98,9.0,6.0,nan,58.0,32.0,61.0,98.0
31,忠明,2017-09-22,116,9.0,8.0,nan,49.0,30.0,115.0,116.0
30,大里,2017-09-22,164,10.0,9.0,102.0,66.0,27.0,164.0,100.0
29,沙鹿,2017-09-22,84,10.0,5.0,nan,44.0,18.0,67.0,84.0
28,豐原,2017-09-22,101,10.0,7.0,nan,49.0,16.0,101.0,94.0
27,三義,2017-09-22,122,9.0,5.0,nan,45.0,16.0,122.0,84.0
26,苗栗,2017-09-22,95,10.0,5.0,nan,50.0,20.0,48.0,95.0
25,頭份,2017-09-22,82,10.0,5.0,nan,46.0,21.0,nan,82.0
24,新竹,2017-09-22,73,9.0,5.0,nan,39.0,25.0,45.0,73.0
23,竹東,2017-09-22,87,7.0,3.0,nan,39.0,17.0,87.0,80.0
22,湖口,2017-09-22,81,9.0,3.0,nan,42.0,25.0,45.0,81.0
21,龍潭,2017-09-22,101,10.0,5.0,nan,51.0,25.0,101.0,86.0
20,平鎮,2017-09-22,62,13.0,5.0,nan,43.0,33.0,46.0,62.0
19,觀音,2017-09-22,58,16.0,2.0,nan,35.0,21.0,39.0,58.0
18,大園,2017-09-22,61,20.0,2.0,nan,39.0,29.0,39.0,61.0
16,大同,2017-09-22,92,43.0,19.0,nan,56.0,67.0,nan,92.0
15,松山,2017-09-22,112,62.0,7.0,nan,37.0,40.0,112.0,90.0
14,古亭,2017-09-22,161,39.0,8.0,101.0,41.0,37.0,161.0,87.0
13,萬華,2017-09-22,97,52.0,12.0,nan,48.0,60.0,61.0,97.0
12,中山,2017-09-22,87,54.0,11.0,nan,48.0,53.0,45.0,87.0
11,士林,2017-09-22,90,13.0,6.0,nan,38.0,26.0,90.0,81.0
10,淡水,2017-09-22,77,11.0,6.0,nan,43.0,22.0,51.0,77.0
9,林口,2017-09-22,80,11.0,3.0,nan,42.0,22.0,54.0,80.0
8,菜寮,2017-09-22,75,13.0,7.0,nan,nan,35.0,74.0,75.0
7,新莊,2017-09-22,97,27.0,6.0,nan,41.0,34.0,97.0,65.0
6,板橋,2017-09-22,151,33.0,7.0,nan,48.0,32.0,151.0,82.0
5,土城,2017-09-22,177,27.0,6.0,nan,45.0,26.0,177.0,86.0
4,新店,2017-09-22,190,33.0,6.0,124.0,40.0,30.0,190.0,90.0
3,萬里,2017-09-22,108,23.0,3.0,nan,37.0,38.0,108.0,97.0
2,汐止,2017-09-22,118,43.0,7.0,nan,35.0,26.0,118.0,84.0
1,基隆,2017-09-22,93,16.0,5.0,nan,26.0,23.0,93.0,73.0
51,大寮,2017-09-22,106,36.0,6.0,nan,59.0,24.0,93.0,106.0
68,中壢,2017-09-22,67,11.0,12.0,nan,51.0,42.0,nan,67.0
34,線西,2017-09-22,86,16.0,3.0,nan,45.0,18.0,nan,86.0
17,桃園,2017-09-22,81,20.0,6.0,nan,42.0,32.0,54.0,81.0
17,桃園,2017-09-23,122,16.0,7.0,nan,35.0,35.0,122.0,74.0
34,線西,2017-09-23,88,19.0,5.0,nan,46.0,20.0,nan,88.0
68,中壢,2017-09-23,70,6.0,14.0,nan,50.0,40.0,nan,70.0
51,大寮,2017-09-23,106,21.0,6.0,nan,57.0,27.0,74.0,106.0
1,基隆,2017-09-23,18,3.0,2.0,nan,6.0,7.0,18.0,12.0
2,汐止,2017-09-23,27,7.0,3.0,nan,9.0,14.0,23.0,27.0
3,萬里,2017-09-23,39,7.0,2.0,nan,12.0,8.0,19.0,39.0
4,新店,2017-09-23,38,4.0,2.0,nan,17.0,10.0,30.0,38.0
5,土城,2017-09-23,100,7.0,5.0,nan,25.0,25.0,100.0,46.0
6,板橋,2017-09-23,58,7.0,5.0,nan,23.0,23.0,58.0,37.0
7,新莊,2017-09-23,74,7.0,5.0,nan,22.0,21.0,74.0,35.0
8,菜寮,2017-09-23,45,9.0,5.0,nan,nan,27.0,45.0,29.0
9,林口,2017-09-23,61,13.0,3.0,nan,27.0,27.0,61.0,58.0
10,淡水,2017-09-23,30,16.0,2.0,nan,18.0,23.0,30.0,26.0
11,士林,2017-09-23,41,6.0,3.0,nan,17.0,14.0,41.0,32.0
12,中山,2017-09-23,32,4.0,7.0,nan,26.0,29.0,30.0,32.0
13,萬華,2017-09-23,42,6.0,10.0,nan,24.0,42.0,31.0,39.0
14,古亭,2017-09-23,40,4.0,3.0,nan,16.0,21.0,40.0,32.0
15,松山,2017-09-23,29,6.0,2.0,nan,12.0,16.0,27.0,29.0
16,大同,2017-09-23,37,4.0,16.0,nan,31.0,32.0,nan,37.0
18,大園,2017-09-23,80,10.0,5.0,nan,42.0,22.0,80.0,57.0
19,觀音,2017-09-23,63,13.0,5.0,nan,44.0,18.0,42.0,63.0
20,平鎮,2017-09-23,151,7.0,5.0,nan,45.0,30.0,151.0,71.0
21,龍潭,2017-09-23,154,6.0,5.0,nan,50.0,18.0,154.0,82.0
22,湖口,2017-09-23,112,7.0,5.0,nan,42.0,23.0,112.0,79.0
23,竹東,2017-09-23,84,4.0,5.0,nan,37.0,10.0,84.0,77.0
24,新竹,2017-09-23,80,7.0,5.0,nan,36.0,21.0,80.0,70.0
25,頭份,2017-09-23,72,16.0,5.0,nan,41.0,23.0,nan,72.0
26,苗栗,2017-09-23,84,9.0,5.0,nan,45.0,17.0,77.0,84.0
27,三義,2017-09-23,104,9.0,3.0,nan,43.0,13.0,104.0,78.0
28,豐原,2017-09-23,118,9.0,6.0,nan,45.0,15.0,118.0,89.0
29,沙鹿,2017-09-23,79,11.0,6.0,nan,45.0,23.0,61.0,79.0
30,大里,2017-09-23,87,36.0,7.0,nan,58.0,34.0,87.0,87.0
31,忠明,2017-09-23,105,16.0,5.0,nan,46.0,28.0,101.0,105.0
32,西屯,2017-09-23,99,21.0,5.0,nan,57.0,30.0,48.0,99.0
33,彰化,2017-09-23,120,21.0,7.0,nan,54.0,23.0,61.0,120.0
35,二林,2017-09-23,94,11.0,5.0,nan,54.0,16.0,67.0,94.0
36,南投,2017-09-23,99,11.0,6.0,nan,52.0,25.0,87.0,99.0
37,斗六,2017-09-23,146,10.0,5.0,nan,60.0,25.0,146.0,134.0
38,崙背,2017-09-23,129,10.0,3.0,nan,62.0,10.0,77.0,129.0
39,新港,2017-09-23,120,11.0,5.0,nan,60.0,15.0,112.0,120.0
40,朴子,2017-09-23,100,10.0,3.0,nan,61.0,8.0,100.0,90.0
41,臺西,2017-09-23,96,34.0,2.0,nan,48.0,18.0,nan,96.0
42,嘉義,2017-09-23,150,11.0,6.0,nan,59.0,16.0,150.0,129.0
43,新營,2017-09-23,123,7.0,5.0,nan,62.0,15.0,87.0,123.0
44,善化,2017-09-23,97,7.0,3.0,nan,50.0,13.0,97.0,96.0
45,安南,2017-09-23,100,7.0,5.0,nan,51.0,18.0,90.0,100.0
46,臺南,2017-09-23,93,7.0,6.0,nan,44.0,18.0,90.0,93.0
47,美濃,2017-09-23,98,9.0,3.0,nan,49.0,16.0,87.0,98.0
48,橋頭,2017-09-23,102,7.0,5.0,nan,52.0,20.0,101.0,102.0
49,仁武,2017-09-23,111,13.0,5.0,nan,62.0,19.0,101.0,111.0
50,鳳山,2017-09-23,102,10.0,6.0,nan,59.0,21.0,nan,102.0
52,林園,2017-09-23,122,31.0,3.0,nan,34.0,10.0,122.0,93.0
53,楠梓,2017-09-23,111,7.0,5.0,nan,63.0,24.0,90.0,111.0
54,左營,2017-09-23,101,13.0,5.0,nan,47.0,28.0,101.0,87.0
56,前金,2017-09-23,93,9.0,3.0,nan,42.0,16.0,93.0,81.0
57,前鎮,2017-09-23,99,21.0,5.0,nan,46.0,26.0,nan,99.0
58,小港,2017-09-23,86,31.0,5.0,nan,nan,30.0,64.0,86.0
59,屏東,2017-09-23,132,11.0,6.0,nan,56.0,16.0,132.0,115.0
60,潮州,2017-09-23,122,37.0,6.0,nan,62.0,17.0,122.0,117.0
61,恆春,2017-09-23,19,3.0,1.0,nan,18.0,3.0,15.0,19.0
62,臺東,2017-09-23,16,3.0,3.0,nan,16.0,8.0,14.0,7.0
63,花蓮,2017-09-23,19,14.0,2.0,nan,16.0,5.0,17.0,19.0
64,陽明,2017-09-23,33,6.0,1.0,nan,8.0,5.0,33.0,20.0
65,宜蘭,2017-09-23,24,4.0,2.0,nan,24.0,10.0,19.0,15.0
66,冬山,2017-09-23,49,4.0,2.0,nan,20.0,8.0,24.0,49.0
67,三重,2017-09-23,45,9.0,16.0,nan,31.0,45.0,nan,31.0
69,竹山,2017-09-23,150,10.0,5.0,nan,54.0,15.0,150.0,123.0
70,永和,2017-09-23,39,6.0,8.0,nan,18.0,35.0,nan,39.0
71,復興,2017-09-23,84,26.0,7.0,nan,41.0,31.0,nan,84.0
72,埔里,2017-09-23,101,14.0,7.0,nan,45.0,20.0,101.0,99.0
75,馬祖,2017-09-23,50,6.0,2.0,nan,26.0,4.0,50.0,45.0
77,金門,2017-09-23,59,11.0,3.0,nan,32.0,8.0,49.0,59.0
78,馬公,2017-09-23,44,4.0,2.0,nan,21.0,6.0,31.0,44.0
80,關山,2017-09-23,19,3.0,nan,nan,16.0,3.0,11.0,19.0
83,麥寮,2017-09-23,104,10.0,3.0,nan,58.0,9.0,nan,104.0
84,富貴角,2017-09-23,22,7.0,nan,nan,nan,nan,22.0,nan
70,永和,2017-09-24,70,13.0,10.0,nan,31.0,33.0,nan,70.0
84,富貴角,2017-09-24,49,7.0,nan,nan,nan,nan,49.0,nan
83,麥寮,2017-09-24,82,11.0,2.0,nan,50.0,11.0,nan,82.0
80,關山,2017-09-24,16,3.0,nan,nan,16.0,3.0,16.0,15.0
78,馬公,2017-09-24,37,4.0,2.0,nan,18.0,8.0,28.0,37.0
77,金門,2017-09-24,44,9.0,2.0,nan,22.0,12.0,38.0,44.0
75,馬祖,2017-09-24,50,4.0,1.0,nan,21.0,4.0,34.0,50.0
72,埔里,2017-09-24,93,13.0,5.0,nan,43.0,14.0,64.0,93.0
71,復興,2017-09-24,65,16.0,7.0,nan,35.0,18.0,nan,65.0
69,竹山,2017-09-24,95,4.0,3.0,nan,44.0,11.0,67.0,95.0
67,三重,2017-09-24,67,9.0,15.0,nan,47.0,42.0,nan,67.0
66,冬山,2017-09-24,49,6.0,2.0,nan,23.0,10.0,36.0,49.0
65,宜蘭,2017-09-24,29,4.0,2.0,nan,25.0,8.0,29.0,25.0
64,陽明,2017-09-24,71,6.0,3.0,nan,21.0,8.0,71.0,67.0
63,花蓮,2017-09-24,20,14.0,1.0,nan,17.0,3.0,17.0,20.0
62,臺東,2017-09-24,20,3.0,3.0,nan,20.0,8.0,14.0,12.0
61,恆春,2017-09-24,20,4.0,1.0,nan,20.0,3.0,19.0,18.0
60,潮州,2017-09-24,99,6.0,3.0,nan,52.0,8.0,44.0,99.0
59,屏東,2017-09-24,87,23.0,5.0,nan,52.0,16.0,84.0,87.0
58,小港,2017-09-24,67,29.0,5.0,nan,44.0,25.0,39.0,67.0
57,前鎮,2017-09-24,78,17.0,6.0,nan,41.0,17.0,nan,78.0
56,前金,2017-09-24,75,13.0,6.0,nan,41.0,17.0,58.0,75.0
54,左營,2017-09-24,97,27.0,6.0,nan,49.0,27.0,97.0,84.0
53,楠梓,2017-09-24,93,7.0,5.0,nan,58.0,21.0,93.0,84.0
52,林園,2017-09-24,65,9.0,3.0,nan,26.0,9.0,31.0,65.0
50,鳳山,2017-09-24,82,13.0,6.0,nan,54.0,19.0,nan,82.0
49,仁武,2017-09-24,97,17.0,5.0,nan,59.0,16.0,97.0,89.0
48,橋頭,2017-09-24,90,9.0,5.0,nan,44.0,21.0,90.0,78.0
47,美濃,2017-09-24,100,9.0,3.0,nan,49.0,9.0,100.0,96.0
46,臺南,2017-09-24,93,9.0,5.0,nan,34.0,18.0,93.0,78.0
45,安南,2017-09-24,90,7.0,3.0,nan,48.0,19.0,90.0,86.0
44,善化,2017-09-24,86,7.0,3.0,nan,46.0,13.0,64.0,86.0
43,新營,2017-09-24,101,7.0,3.0,nan,52.0,12.0,50.0,101.0
42,嘉義,2017-09-24,98,13.0,5.0,nan,53.0,12.0,87.0,98.0
41,臺西,2017-09-24,71,26.0,2.0,nan,40.0,23.0,nan,71.0
40,朴子,2017-09-24,106,7.0,3.0,nan,62.0,9.0,54.0,106.0
39,新港,2017-09-24,119,10.0,5.0,nan,58.0,13.0,80.0,119.0
38,崙背,2017-09-24,92,10.0,3.0,nan,45.0,10.0,44.0,92.0
37,斗六,2017-09-24,91,10.0,5.0,nan,47.0,13.0,77.0,91.0
36,南投,2017-09-24,81,17.0,5.0,nan,44.0,25.0,46.0,81.0
35,二林,2017-09-24,47,10.0,3.0,nan,47.0,14.0,38.0,nan
33,彰化,2017-09-24,109,17.0,6.0,nan,49.0,15.0,42.0,109.0
32,西屯,2017-09-24,112,30.0,5.0,nan,58.0,23.0,35.0,112.0
31,忠明,2017-09-24,97,20.0,5.0,nan,43.0,25.0,48.0,97.0
30,大里,2017-09-24,68,20.0,6.0,nan,50.0,23.0,48.0,68.0
29,沙鹿,2017-09-24,83,10.0,6.0,nan,44.0,17.0,44.0,83.0
28,豐原,2017-09-24,74,7.0,5.0,nan,35.0,12.0,54.0,74.0
27,三義,2017-09-24,72,6.0,3.0,nan,39.0,12.0,58.0,72.0
26,苗栗,2017-09-24,86,9.0,5.0,nan,48.0,15.0,43.0,86.0
25,頭份,2017-09-24,61,13.0,3.0,nan,39.0,15.0,nan,61.0
24,新竹,2017-09-24,61,6.0,5.0,nan,32.0,27.0,39.0,61.0
23,竹東,2017-09-24,82,4.0,3.0,nan,36.0,11.0,47.0,82.0
22,湖口,2017-09-24,73,9.0,3.0,nan,38.0,25.0,40.0,73.0
21,龍潭,2017-09-24,77,6.0,5.0,nan,48.0,16.0,77.0,77.0
20,平鎮,2017-09-24,80,6.0,5.0,nan,46.0,24.0,48.0,80.0
19,觀音,2017-09-24,59,7.0,3.0,nan,39.0,19.0,33.0,59.0
18,大園,2017-09-24,60,10.0,3.0,nan,nan,20.0,42.0,60.0
16,大同,2017-09-24,70,9.0,17.0,nan,50.0,45.0,nan,70.0
15,松山,2017-09-24,115,43.0,7.0,nan,33.0,34.0,115.0,80.0
14,古亭,2017-09-24,112,27.0,5.0,nan,30.0,29.0,112.0,62.0
13,萬華,2017-09-24,70,10.0,10.0,nan,36.0,37.0,44.0,70.0
12,中山,2017-09-24,66,17.0,7.0,nan,39.0,35.0,51.0,66.0
11,士林,2017-09-24,64,7.0,5.0,nan,32.0,25.0,64.0,58.0
10,淡水,2017-09-24,41,9.0,3.0,nan,27.0,20.0,36.0,41.0
9,林口,2017-09-24,79,9.0,3.0,nan,44.0,32.0,58.0,79.0
8,菜寮,2017-09-24,64,7.0,6.0,nan,nan,25.0,64.0,62.0
7,新莊,2017-09-24,87,10.0,6.0,nan,35.0,29.0,87.0,62.0
6,板橋,2017-09-24,84,9.0,6.0,nan,39.0,30.0,84.0,66.0
5,土城,2017-09-24,101,7.0,6.0,nan,34.0,31.0,101.0,69.0
4,新店,2017-09-24,129,43.0,5.0,nan,31.0,35.0,129.0,76.0
3,萬里,2017-09-24,63,16.0,3.0,nan,26.0,13.0,42.0,63.0
2,汐止,2017-09-24,136,40.0,6.0,nan,32.0,36.0,136.0,73.0
1,基隆,2017-09-24,90,33.0,3.0,nan,23.0,24.0,90.0,61.0
51,大寮,2017-09-24,71,27.0,5.0,nan,44.0,22.0,43.0,71.0
68,中壢,2017-09-24,76,6.0,12.0,nan,49.0,28.0,nan,76.0
34,線西,2017-09-24,81,16.0,5.0,nan,44.0,11.0,nan,81.0
17,桃園,2017-09-24,81,10.0,5.0,nan,38.0,25.0,54.0,81.0
84,富貴角,2017-09-25,35,7.0,nan,nan,nan,nan,35.0,nan
17,桃園,2017-09-25,57,13.0,5.0,nan,31.0,21.0,41.0,57.0
34,線西,2017-09-25,57,16.0,3.0,nan,31.0,11.0,nan,57.0
68,中壢,2017-09-25,44,7.0,17.0,nan,40.0,34.0,nan,44.0
51,大寮,2017-09-25,56,14.0,3.0,nan,34.0,20.0,28.0,56.0
1,基隆,2017-09-25,52,10.0,5.0,nan,20.0,20.0,43.0,52.0
2,汐止,2017-09-25,77,37.0,6.0,nan,30.0,27.0,77.0,61.0
3,萬里,2017-09-25,61,13.0,2.0,nan,24.0,12.0,47.0,61.0
4,新店,2017-09-25,62,13.0,6.0,nan,32.0,27.0,54.0,62.0
5,土城,2017-09-25,52,7.0,5.0,nan,30.0,25.0,50.0,52.0
6,板橋,2017-09-25,48,9.0,6.0,nan,33.0,26.0,44.0,48.0
7,新莊,2017-09-25,48,13.0,6.0,nan,35.0,27.0,48.0,39.0
8,菜寮,2017-09-25,46,9.0,6.0,nan,nan,25.0,34.0,46.0
9,林口,2017-09-25,66,9.0,3.0,nan,37.0,26.0,34.0,66.0
10,淡水,2017-09-25,33,6.0,5.0,nan,24.0,17.0,26.0,33.0
11,士林,2017-09-25,45,7.0,5.0,nan,35.0,22.0,34.0,45.0
12,中山,2017-09-25,46,9.0,9.0,nan,41.0,30.0,32.0,46.0
13,萬華,2017-09-25,46,10.0,14.0,nan,33.0,35.0,24.0,46.0
14,古亭,2017-09-25,56,7.0,6.0,nan,25.0,26.0,46.0,56.0
15,松山,2017-09-25,63,39.0,6.0,nan,25.0,29.0,54.0,63.0
16,大同,2017-09-25,56,9.0,20.0,nan,45.0,41.0,nan,56.0
18,大園,2017-09-25,50,9.0,3.0,nan,nan,18.0,31.0,50.0
19,觀音,2017-09-25,45,7.0,2.0,nan,33.0,14.0,25.0,45.0
20,平鎮,2017-09-25,41,4.0,3.0,nan,35.0,21.0,35.0,41.0
21,龍潭,2017-09-25,55,4.0,3.0,nan,31.0,15.0,47.0,55.0
22,湖口,2017-09-25,46,4.0,2.0,nan,27.0,17.0,27.0,46.0
23,竹東,2017-09-25,51,11.0,2.0,nan,22.0,9.0,37.0,51.0
24,新竹,2017-09-25,37,6.0,3.0,nan,19.0,18.0,29.0,37.0
25,頭份,2017-09-25,47,9.0,2.0,nan,25.0,16.0,nan,47.0
26,苗栗,2017-09-25,59,7.0,3.0,nan,31.0,14.0,34.0,59.0
27,三義,2017-09-25,45,4.0,2.0,nan,28.0,15.0,42.0,45.0
28,豐原,2017-09-25,56,9.0,5.0,nan,31.0,15.0,45.0,56.0
29,沙鹿,2017-09-25,53,17.0,5.0,nan,35.0,21.0,27.0,53.0
30,大里,2017-09-25,54,9.0,6.0,nan,36.0,20.0,54.0,47.0
31,忠明,2017-09-25,69,21.0,6.0,nan,30.0,25.0,36.0,69.0
32,西屯,2017-09-25,62,24.0,5.0,nan,40.0,24.0,28.0,62.0
33,彰化,2017-09-25,65,11.0,3.0,nan,35.0,13.0,35.0,65.0
35,二林,2017-09-25,31,6.0,2.0,nan,28.0,13.0,31.0,nan
36,南投,2017-09-25,53,9.0,5.0,nan,36.0,18.0,44.0,53.0
37,斗六,2017-09-25,60,10.0,2.0,nan,32.0,14.0,45.0,60.0
38,崙背,2017-09-25,64,10.0,3.0,nan,35.0,16.0,39.0,64.0
39,新港,2017-09-25,55,7.0,3.0,nan,32.0,17.0,44.0,55.0
40,朴子,2017-09-25,52,6.0,2.0,nan,39.0,20.0,40.0,52.0
41,臺西,2017-09-25,62,10.0,2.0,nan,32.0,17.0,nan,62.0
42,嘉義,2017-09-25,61,7.0,5.0,nan,39.0,17.0,44.0,61.0
43,新營,2017-09-25,58,6.0,3.0,nan,36.0,10.0,37.0,58.0
44,善化,2017-09-25,60,16.0,2.0,nan,33.0,13.0,41.0,60.0
45,安南,2017-09-25,49,7.0,3.0,nan,32.0,18.0,46.0,49.0
46,臺南,2017-09-25,55,7.0,3.0,nan,30.0,13.0,48.0,55.0
47,美濃,2017-09-25,82,6.0,3.0,nan,41.0,7.0,48.0,82.0
48,橋頭,2017-09-25,61,7.0,3.0,nan,31.0,15.0,37.0,61.0
49,仁武,2017-09-25,51,10.0,3.0,nan,40.0,13.0,36.0,51.0
50,鳳山,2017-09-25,44,10.0,5.0,nan,40.0,18.0,nan,44.0
52,林園,2017-09-25,43,9.0,2.0,nan,18.0,7.0,31.0,43.0
53,楠梓,2017-09-25,54,4.0,3.0,nan,50.0,19.0,37.0,54.0
54,左營,2017-09-25,39,10.0,3.0,nan,33.0,20.0,35.0,39.0
56,前金,2017-09-25,37,11.0,3.0,nan,nan,11.0,37.0,36.0
57,前鎮,2017-09-25,49,21.0,3.0,nan,29.0,24.0,nan,49.0
58,小港,2017-09-25,49,33.0,3.0,nan,33.0,31.0,17.0,49.0
59,屏東,2017-09-25,62,7.0,5.0,nan,35.0,18.0,38.0,62.0
60,潮州,2017-09-25,48,6.0,2.0,nan,35.0,7.0,38.0,48.0
61,恆春,2017-09-25,18,3.0,1.0,nan,18.0,3.0,16.0,15.0
62,臺東,2017-09-25,19,3.0,3.0,nan,19.0,8.0,13.0,16.0
63,花蓮,2017-09-25,23,3.0,2.0,nan,15.0,5.0,16.0,23.0
64,陽明,2017-09-25,49,4.0,2.0,nan,15.0,8.0,49.0,45.0
65,宜蘭,2017-09-25,36,6.0,3.0,nan,29.0,8.0,31.0,36.0
66,冬山,2017-09-25,44,10.0,3.0,nan,27.0,16.0,24.0,44.0
67,三重,2017-09-25,48,10.0,14.0,nan,38.0,48.0,nan,47.0
69,竹山,2017-09-25,71,6.0,2.0,nan,36.0,10.0,49.0,71.0
70,永和,2017-09-25,47,7.0,14.0,nan,30.0,32.0,nan,47.0
71,復興,2017-09-25,44,21.0,7.0,nan,26.0,27.0,nan,44.0
72,埔里,2017-09-25,72,7.0,5.0,nan,34.0,15.0,54.0,72.0
75,馬祖,2017-09-25,60,9.0,1.0,nan,34.0,11.0,37.0,60.0
77,金門,2017-09-25,31,13.0,1.0,nan,18.0,18.0,28.0,31.0
78,馬公,2017-09-25,28,4.0,1.0,nan,12.0,7.0,23.0,28.0
80,關山,2017-09-25,20,3.0,nan,nan,15.0,5.0,15.0,20.0
83,麥寮,2017-09-25,73,14.0,3.0,nan,45.0,15.0,nan,73.0
84,富貴角,2017-09-26,31,9.0,1.0,nan,nan,nan,31.0,nan
34,線西,2017-09-26,47,6.0,3.0,nan,27.0,13.0,nan,47.0
68,中壢,2017-09-26,53,7.0,22.0,nan,46.0,41.0,nan,53.0
1,基隆,2017-09-26,118,11.0,6.0,nan,27.0,26.0,118.0,69.0
2,汐止,2017-09-26,185,14.0,7.0,122.0,38.0,31.0,185.0,80.0
3,萬里,2017-09-26,76,14.0,3.0,nan,31.0,22.0,50.0,76.0
4,新店,2017-09-26,101,6.0,6.0,nan,35.0,30.0,101.0,59.0
5,土城,2017-09-26,115,7.0,6.0,nan,33.0,29.0,115.0,65.0
6,板橋,2017-09-26,93,11.0,6.0,nan,41.0,32.0,93.0,63.0
17,桃園,2017-09-26,67,14.0,5.0,nan,35.0,31.0,45.0,67.0
7,新莊,2017-09-26,87,19.0,7.0,nan,39.0,30.0,87.0,56.0
8,菜寮,2017-09-26,63,9.0,7.0,nan,43.0,33.0,45.0,63.0
9,林口,2017-09-26,75,11.0,5.0,nan,44.0,34.0,44.0,75.0
10,淡水,2017-09-26,42,9.0,7.0,nan,31.0,27.0,23.0,42.0
11,士林,2017-09-26,65,9.0,7.0,nan,42.0,31.0,48.0,65.0
12,中山,2017-09-26,60,9.0,11.0,nan,43.0,43.0,44.0,60.0
13,萬華,2017-09-26,53,11.0,15.0,nan,37.0,44.0,37.0,53.0
14,古亭,2017-09-26,93,7.0,8.0,nan,31.0,42.0,93.0,56.0
15,松山,2017-09-26,116,10.0,7.0,116.0,30.0,48.0,115.0,68.0
16,大同,2017-09-26,69,10.0,28.0,nan,51.0,69.0,nan,59.0
18,大園,2017-09-26,49,10.0,3.0,nan,30.0,21.0,32.0,49.0
19,觀音,2017-09-26,33,10.0,2.0,nan,31.0,23.0,20.0,33.0
20,平鎮,2017-09-26,52,14.0,5.0,nan,38.0,29.0,39.0,52.0
21,龍潭,2017-09-26,60,6.0,3.0,nan,37.0,21.0,54.0,60.0
22,湖口,2017-09-26,53,9.0,3.0,nan,29.0,25.0,27.0,53.0
23,竹東,2017-09-26,56,6.0,3.0,nan,31.0,20.0,37.0,56.0
24,新竹,2017-09-26,42,7.0,6.0,nan,21.0,21.0,20.0,42.0
25,頭份,2017-09-26,56,10.0,3.0,nan,29.0,23.0,nan,56.0
26,苗栗,2017-09-26,68,19.0,5.0,nan,34.0,27.0,30.0,68.0
27,三義,2017-09-26,54,14.0,3.0,nan,31.0,17.0,32.0,54.0
28,豐原,2017-09-26,54,13.0,5.0,nan,33.0,23.0,50.0,54.0
29,沙鹿,2017-09-26,32,26.0,3.0,nan,27.0,18.0,29.0,32.0
30,大里,2017-09-26,45,6.0,5.0,nan,39.0,19.0,45.0,40.0
31,忠明,2017-09-26,59,6.0,3.0,nan,22.0,17.0,40.0,59.0
32,西屯,2017-09-26,48,9.0,3.0,nan,34.0,18.0,27.0,48.0
33,彰化,2017-09-26,56,14.0,3.0,nan,30.0,19.0,34.0,56.0
35,二林,2017-09-26,54,9.0,2.0,nan,27.0,14.0,23.0,54.0
36,南投,2017-09-26,62,4.0,3.0,nan,37.0,19.0,44.0,62.0
37,斗六,2017-09-26,58,10.0,3.0,nan,38.0,16.0,45.0,58.0
38,崙背,2017-09-26,53,7.0,2.0,nan,26.0,14.0,37.0,53.0
39,新港,2017-09-26,38,11.0,5.0,nan,30.0,21.0,33.0,38.0
40,朴子,2017-09-26,35,6.0,3.0,nan,35.0,15.0,28.0,31.0
41,臺西,2017-09-26,50,6.0,3.0,nan,26.0,14.0,nan,50.0
42,嘉義,2017-09-26,51,10.0,3.0,nan,32.0,18.0,41.0,51.0
43,新營,2017-09-26,35,4.0,3.0,nan,32.0,12.0,31.0,35.0
44,善化,2017-09-26,47,13.0,3.0,nan,33.0,12.0,38.0,47.0
45,安南,2017-09-26,46,6.0,2.0,nan,32.0,16.0,41.0,46.0
46,臺南,2017-09-26,47,14.0,3.0,nan,25.0,12.0,38.0,47.0
47,美濃,2017-09-26,67,4.0,2.0,nan,32.0,9.0,49.0,67.0
48,橋頭,2017-09-26,63,11.0,3.0,nan,33.0,14.0,50.0,63.0
49,仁武,2017-09-26,60,17.0,5.0,nan,38.0,21.0,46.0,60.0
50,鳳山,2017-09-26,51,19.0,6.0,nan,41.0,25.0,nan,51.0
51,大寮,2017-09-26,52,16.0,3.0,nan,30.0,15.0,32.0,52.0
52,林園,2017-09-26,49,10.0,2.0,nan,17.0,8.0,42.0,49.0
53,楠梓,2017-09-26,51,7.0,3.0,nan,47.0,16.0,47.0,51.0
54,左營,2017-09-26,44,7.0,3.0,nan,29.0,16.0,44.0,41.0
56,前金,2017-09-26,49,10.0,3.0,nan,25.0,13.0,44.0,49.0
57,前鎮,2017-09-26,53,16.0,5.0,nan,27.0,20.0,nan,53.0
58,小港,2017-09-26,52,31.0,3.0,nan,39.0,24.0,31.0,52.0
59,屏東,2017-09-26,54,21.0,5.0,nan,28.0,20.0,51.0,54.0
60,潮州,2017-09-26,50,6.0,2.0,nan,36.0,6.0,41.0,50.0
61,恆春,2017-09-26,20,3.0,1.0,nan,17.0,3.0,17.0,20.0
62,臺東,2017-09-26,18,4.0,5.0,nan,18.0,10.0,15.0,13.0
63,花蓮,2017-09-26,21,10.0,2.0,nan,16.0,9.0,18.0,21.0
64,陽明,2017-09-26,51,6.0,2.0,nan,16.0,11.0,51.0,49.0
65,宜蘭,2017-09-26,39,6.0,3.0,nan,31.0,10.0,39.0,33.0
66,冬山,2017-09-26,58,10.0,5.0,nan,33.0,20.0,41.0,58.0
67,三重,2017-09-26,62,10.0,17.0,nan,50.0,54.0,nan,62.0
69,竹山,2017-09-26,73,6.0,2.0,nan,39.0,10.0,64.0,73.0
70,永和,2017-09-26,64,7.0,16.0,nan,32.0,42.0,nan,64.0
71,復興,2017-09-26,41,16.0,7.0,nan,22.0,24.0,nan,41.0
72,埔里,2017-09-26,79,4.0,3.0,nan,34.0,13.0,64.0,79.0
75,馬祖,2017-09-26,126,9.0,2.0,nan,52.0,16.0,126.0,83.0
77,金門,2017-09-26,77,14.0,3.0,nan,35.0,30.0,77.0,60.0
78,馬公,2017-09-26,25,3.0,1.0,nan,8.0,6.0,23.0,25.0
80,關山,2017-09-26,19,1.0,nan,nan,16.0,6.0,16.0,19.0
83,麥寮,2017-09-26,55,9.0,3.0,nan,36.0,15.0,nan,55.0
59,屏東,2017-09-27,67,9.0,3.0,nan,30.0,14.0,67.0,54.0
17,桃園,2017-09-27,73,14.0,9.0,nan,38.0,39.0,67.0,73.0
34,線西,2017-09-27,64,6.0,3.0,nan,32.0,15.0,nan,64.0
68,中壢,2017-09-27,65,9.0,23.0,nan,49.0,48.0,nan,65.0
1,基隆,2017-09-27,156,19.0,6.0,nan,31.0,46.0,156.0,79.0
2,汐止,2017-09-27,129,40.0,6.0,nan,34.0,31.0,129.0,74.0
3,萬里,2017-09-27,112,10.0,3.0,nan,31.0,13.0,112.0,80.0
4,新店,2017-09-27,115,36.0,6.0,nan,37.0,56.0,115.0,63.0
5,土城,2017-09-27,100,7.0,7.0,nan,37.0,41.0,100.0,64.0
6,板橋,2017-09-27,64,13.0,8.0,nan,42.0,41.0,64.0,61.0
7,新莊,2017-09-27,77,14.0,9.0,nan,43.0,41.0,77.0,60.0
8,菜寮,2017-09-27,68,13.0,8.0,nan,44.0,39.0,64.0,68.0
9,林口,2017-09-27,82,14.0,5.0,nan,48.0,42.0,61.0,82.0
10,淡水,2017-09-27,55,10.0,6.0,nan,37.0,28.0,46.0,55.0
11,士林,2017-09-27,74,10.0,7.0,nan,39.0,34.0,71.0,74.0
12,中山,2017-09-27,67,9.0,10.0,nan,44.0,50.0,49.0,67.0
13,萬華,2017-09-27,66,14.0,16.0,nan,38.0,58.0,38.0,66.0
14,古亭,2017-09-27,84,11.0,7.0,nan,34.0,46.0,84.0,66.0
15,松山,2017-09-27,90,20.0,7.0,nan,31.0,43.0,90.0,73.0
16,大同,2017-09-27,68,14.0,30.0,nan,54.0,55.0,nan,68.0
18,大園,2017-09-27,60,11.0,3.0,nan,35.0,26.0,54.0,60.0
19,觀音,2017-09-27,58,10.0,3.0,nan,36.0,20.0,58.0,55.0
20,平鎮,2017-09-27,61,9.0,5.0,nan,41.0,37.0,61.0,60.0
21,龍潭,2017-09-27,100,7.0,5.0,nan,38.0,24.0,100.0,62.0
22,湖口,2017-09-27,55,11.0,3.0,nan,32.0,35.0,50.0,55.0
23,竹東,2017-09-27,68,4.0,3.0,nan,32.0,19.0,61.0,68.0
24,新竹,2017-09-27,51,9.0,6.0,nan,27.0,26.0,50.0,51.0
25,頭份,2017-09-27,63,14.0,3.0,nan,34.0,24.0,nan,63.0
26,苗栗,2017-09-27,84,10.0,5.0,nan,37.0,26.0,84.0,70.0
27,三義,2017-09-27,97,6.0,3.0,nan,34.0,14.0,97.0,62.0
30,大里,2017-09-27,74,7.0,5.0,nan,nan,25.0,74.0,55.0
28,豐原,2017-09-27,93,14.0,7.0,nan,35.0,28.0,93.0,56.0
29,沙鹿,2017-09-27,47,10.0,3.0,nan,28.0,17.0,47.0,47.0
31,忠明,2017-09-27,60,7.0,3.0,nan,28.0,24.0,54.0,60.0
32,西屯,2017-09-27,57,7.0,3.0,nan,37.0,16.0,49.0,57.0
33,彰化,2017-09-27,66,23.0,2.0,nan,34.0,35.0,45.0,66.0
35,二林,2017-09-27,60,10.0,2.0,nan,32.0,13.0,44.0,60.0
36,南投,2017-09-27,74,7.0,5.0,nan,41.0,25.0,54.0,74.0
37,斗六,2017-09-27,97,6.0,3.0,nan,32.0,13.0,97.0,60.0
38,崙背,2017-09-27,63,4.0,2.0,nan,34.0,13.0,49.0,63.0
39,新港,2017-09-27,54,9.0,2.0,nan,33.0,14.0,48.0,54.0
40,朴子,2017-09-27,47,6.0,2.0,nan,35.0,11.0,44.0,47.0
41,臺西,2017-09-27,58,6.0,2.0,nan,28.0,11.0,nan,58.0
42,嘉義,2017-09-27,64,7.0,3.0,nan,34.0,11.0,64.0,57.0
43,新營,2017-09-27,52,7.0,3.0,nan,31.0,11.0,42.0,52.0
44,善化,2017-09-27,52,11.0,2.0,nan,31.0,12.0,45.0,52.0
45,安南,2017-09-27,54,4.0,3.0,nan,31.0,17.0,49.0,54.0
46,臺南,2017-09-27,55,13.0,3.0,nan,26.0,16.0,46.0,55.0
47,美濃,2017-09-27,72,7.0,2.0,nan,33.0,12.0,58.0,72.0
48,橋頭,2017-09-27,68,10.0,3.0,nan,34.0,14.0,54.0,68.0
49,仁武,2017-09-27,71,19.0,3.0,nan,45.0,15.0,54.0,71.0
50,鳳山,2017-09-27,63,11.0,5.0,nan,43.0,16.0,nan,63.0
51,大寮,2017-09-27,71,17.0,2.0,nan,32.0,18.0,71.0,58.0
52,林園,2017-09-27,61,11.0,2.0,nan,19.0,8.0,51.0,61.0
53,楠梓,2017-09-27,67,9.0,3.0,nan,43.0,19.0,67.0,56.0
54,左營,2017-09-27,60,10.0,3.0,nan,36.0,17.0,29.0,60.0
56,前金,2017-09-27,77,9.0,5.0,nan,33.0,13.0,77.0,63.0
57,前鎮,2017-09-27,60,19.0,5.0,nan,31.0,25.0,nan,60.0
58,小港,2017-09-27,57,31.0,3.0,nan,46.0,24.0,44.0,57.0
60,潮州,2017-09-27,77,14.0,3.0,nan,46.0,13.0,77.0,70.0
61,恆春,2017-09-27,48,9.0,2.0,nan,23.0,4.0,48.0,31.0
62,臺東,2017-09-27,19,3.0,3.0,nan,19.0,6.0,17.0,17.0
63,花蓮,2017-09-27,17,16.0,2.0,nan,16.0,9.0,17.0,17.0
64,陽明,2017-09-27,74,6.0,2.0,nan,17.0,8.0,74.0,50.0
65,宜蘭,2017-09-27,49,4.0,3.0,nan,31.0,10.0,49.0,37.0
66,冬山,2017-09-27,53,16.0,6.0,nan,31.0,29.0,35.0,53.0
67,三重,2017-09-27,69,13.0,20.0,nan,52.0,62.0,nan,69.0
69,竹山,2017-09-27,97,7.0,2.0,nan,40.0,12.0,97.0,82.0
70,永和,2017-09-27,72,10.0,15.0,nan,34.0,49.0,nan,72.0
71,復興,2017-09-27,58,14.0,7.0,nan,29.0,23.0,nan,58.0
72,埔里,2017-09-27,79,6.0,3.0,nan,35.0,15.0,50.0,79.0
75,馬祖,2017-09-27,103,9.0,3.0,nan,54.0,19.0,87.0,103.0
77,金門,2017-09-27,66,23.0,3.0,nan,36.0,25.0,64.0,66.0
78,馬公,2017-09-27,32,3.0,2.0,nan,11.0,8.0,25.0,32.0
80,關山,2017-09-27,21,1.0,nan,nan,16.0,4.0,19.0,21.0
83,麥寮,2017-09-27,70,6.0,2.0,nan,51.0,10.0,nan,70.0
84,富貴角,2017-09-27,71,11.0,3.0,nan,nan,nan,71.0,nan
17,桃園,2017-09-28,88,29.0,6.0,nan,52.0,30.0,67.0,88.0
84,富貴角,2017-09-28,67,13.0,2.0,nan,nan,nan,67.0,nan
34,線西,2017-09-28,67,9.0,3.0,nan,31.0,15.0,nan,67.0
1,基隆,2017-09-28,74,17.0,6.0,nan,28.0,21.0,44.0,74.0
2,汐止,2017-09-28,77,10.0,7.0,nan,35.0,28.0,71.0,77.0
3,萬里,2017-09-28,75,10.0,3.0,nan,31.0,14.0,45.0,75.0
4,新店,2017-09-28,140,23.0,6.0,nan,44.0,30.0,140.0,81.0
5,土城,2017-09-28,112,27.0,7.0,nan,44.0,30.0,112.0,83.0
6,板橋,2017-09-28,104,16.0,7.0,nan,48.0,32.0,104.0,74.0
7,新莊,2017-09-28,108,14.0,7.0,nan,47.0,32.0,108.0,72.0
8,菜寮,2017-09-28,97,10.0,8.0,nan,44.0,34.0,97.0,78.0
9,林口,2017-09-28,97,11.0,5.0,nan,52.0,30.0,77.0,97.0
10,淡水,2017-09-28,65,11.0,5.0,nan,43.0,29.0,51.0,65.0
11,士林,2017-09-28,108,7.0,6.0,nan,37.0,29.0,108.0,69.0
12,中山,2017-09-28,78,11.0,9.0,nan,52.0,42.0,71.0,78.0
13,萬華,2017-09-28,77,11.0,14.0,nan,44.0,51.0,48.0,77.0
14,古亭,2017-09-28,126,17.0,7.0,nan,39.0,26.0,126.0,78.0
15,松山,2017-09-28,90,11.0,8.0,nan,32.0,30.0,90.0,79.0
16,大同,2017-09-28,89,10.0,22.0,nan,54.0,47.0,nan,89.0
18,大園,2017-09-28,82,20.0,5.0,nan,45.0,26.0,49.0,82.0
19,觀音,2017-09-28,73,10.0,3.0,nan,nan,22.0,64.0,73.0
20,平鎮,2017-09-28,62,9.0,5.0,nan,45.0,24.0,50.0,62.0
21,龍潭,2017-09-28,93,16.0,6.0,nan,44.0,29.0,93.0,78.0
22,湖口,2017-09-28,82,9.0,3.0,nan,40.0,34.0,61.0,82.0
23,竹東,2017-09-28,74,7.0,3.0,nan,38.0,16.0,67.0,74.0
24,新竹,2017-09-28,64,7.0,5.0,nan,34.0,23.0,51.0,64.0
25,頭份,2017-09-28,67,11.0,3.0,nan,35.0,23.0,nan,67.0
26,苗栗,2017-09-28,80,7.0,5.0,nan,40.0,25.0,58.0,80.0
27,三義,2017-09-28,66,7.0,2.0,nan,31.0,12.0,64.0,66.0
28,豐原,2017-09-28,77,9.0,3.0,nan,34.0,12.0,77.0,64.0
29,沙鹿,2017-09-28,64,16.0,3.0,nan,34.0,16.0,41.0,64.0
30,大里,2017-09-28,58,9.0,5.0,nan,nan,24.0,58.0,58.0
31,忠明,2017-09-28,72,20.0,3.0,nan,30.0,25.0,48.0,72.0
32,西屯,2017-09-28,74,23.0,3.0,nan,40.0,20.0,19.0,74.0
33,彰化,2017-09-28,73,17.0,3.0,nan,34.0,14.0,39.0,73.0
35,二林,2017-09-28,59,7.0,2.0,nan,31.0,13.0,32.0,59.0
36,南投,2017-09-28,62,6.0,3.0,nan,35.0,17.0,45.0,62.0
37,斗六,2017-09-28,57,6.0,3.0,nan,31.0,18.0,42.0,57.0
38,崙背,2017-09-28,61,6.0,2.0,nan,34.0,14.0,33.0,61.0
39,新港,2017-09-28,62,4.0,2.0,nan,28.0,14.0,31.0,62.0
40,朴子,2017-09-28,53,6.0,2.0,nan,38.0,13.0,31.0,53.0
41,臺西,2017-09-28,56,17.0,1.0,nan,24.0,13.0,nan,56.0
42,嘉義,2017-09-28,62,7.0,5.0,nan,32.0,13.0,38.0,62.0
43,新營,2017-09-28,59,6.0,2.0,nan,30.0,15.0,31.0,59.0
44,善化,2017-09-28,43,11.0,2.0,nan,25.0,14.0,35.0,43.0
45,安南,2017-09-28,33,7.0,2.0,nan,24.0,16.0,31.0,33.0
46,臺南,2017-09-28,31,6.0,2.0,nan,18.0,18.0,25.0,31.0
47,美濃,2017-09-28,70,7.0,2.0,nan,31.0,7.0,58.0,70.0
48,橋頭,2017-09-28,44,9.0,2.0,nan,21.0,15.0,29.0,44.0
49,仁武,2017-09-28,45,11.0,3.0,nan,37.0,18.0,29.0,45.0
50,鳳山,2017-09-28,47,27.0,5.0,nan,35.0,25.0,nan,47.0
51,大寮,2017-09-28,62,20.0,3.0,nan,33.0,14.0,37.0,62.0
52,林園,2017-09-28,38,11.0,2.0,nan,15.0,9.0,29.0,38.0
53,楠梓,2017-09-28,41,7.0,3.0,nan,41.0,20.0,29.0,31.0
54,左營,2017-09-28,41,11.0,2.0,nan,21.0,18.0,26.0,41.0
56,前金,2017-09-28,37,14.0,2.0,nan,19.0,13.0,26.0,37.0
57,前鎮,2017-09-28,38,27.0,3.0,nan,23.0,23.0,nan,38.0
58,小港,2017-09-28,41,41.0,2.0,nan,30.0,22.0,24.0,38.0
59,屏東,2017-09-28,64,20.0,5.0,nan,32.0,20.0,43.0,64.0
60,潮州,2017-09-28,69,14.0,3.0,nan,43.0,10.0,42.0,69.0
61,恆春,2017-09-28,25,4.0,1.0,nan,19.0,3.0,25.0,24.0
62,臺東,2017-09-28,30,3.0,3.0,nan,23.0,7.0,23.0,30.0
63,花蓮,2017-09-28,48,6.0,3.0,nan,28.0,11.0,48.0,47.0
64,陽明,2017-09-28,79,4.0,2.0,nan,24.0,16.0,54.0,79.0
65,宜蘭,2017-09-28,104,10.0,5.0,nan,44.0,11.0,104.0,70.0
66,冬山,2017-09-28,77,13.0,3.0,nan,39.0,18.0,77.0,77.0
67,三重,2017-09-28,75,11.0,17.0,nan,53.0,67.0,nan,75.0
68,中壢,2017-09-28,82,10.0,14.0,nan,51.0,33.0,nan,82.0
69,竹山,2017-09-28,72,7.0,2.0,nan,38.0,13.0,58.0,72.0
70,永和,2017-09-28,82,16.0,15.0,nan,38.0,47.0,nan,82.0
71,復興,2017-09-28,33,26.0,6.0,nan,16.0,25.0,nan,33.0
72,埔里,2017-09-28,75,4.0,3.0,nan,35.0,12.0,74.0,75.0
75,馬祖,2017-09-28,90,7.0,5.0,nan,42.0,7.0,90.0,73.0
77,金門,2017-09-28,56,9.0,2.0,nan,45.0,19.0,33.0,56.0
78,馬公,2017-09-28,24,4.0,1.0,nan,6.0,8.0,19.0,24.0
80,關山,2017-09-28,31,3.0,nan,nan,20.0,6.0,31.0,28.0
83,麥寮,2017-09-28,59,9.0,2.0,nan,38.0,12.0,nan,59.0
83,麥寮,2017-09-29,88,4.0,3.0,nan,88.0,11.0,nan,81.0
84,富貴角,2017-09-29,64,1.0,2.0,nan,nan,nan,64.0,nan
17,桃園,2017-09-29,57,10.0,6.0,nan,32.0,21.0,42.0,57.0
1,基隆,2017-09-29,55,3.0,3.0,nan,25.0,14.0,43.0,55.0
2,汐止,2017-09-29,53,6.0,3.0,nan,26.0,21.0,39.0,53.0
3,萬里,2017-09-29,71,9.0,2.0,nan,49.0,8.0,54.0,71.0
4,新店,2017-09-29,46,3.0,5.0,nan,29.0,20.0,41.0,46.0
5,土城,2017-09-29,44,4.0,5.0,nan,27.0,16.0,44.0,42.0
6,板橋,2017-09-29,42,6.0,6.0,nan,36.0,23.0,42.0,42.0
7,新莊,2017-09-29,44,11.0,5.0,nan,33.0,16.0,44.0,42.0
8,菜寮,2017-09-29,54,20.0,5.0,nan,34.0,20.0,38.0,54.0
9,林口,2017-09-29,71,13.0,3.0,nan,43.0,26.0,41.0,71.0
10,淡水,2017-09-29,36,4.0,5.0,nan,25.0,14.0,36.0,33.0
11,士林,2017-09-29,53,10.0,3.0,nan,27.0,12.0,43.0,53.0
12,中山,2017-09-29,55,16.0,8.0,nan,42.0,35.0,31.0,55.0
13,萬華,2017-09-29,51,6.0,9.0,nan,36.0,32.0,33.0,51.0
14,古亭,2017-09-29,47,11.0,6.0,nan,23.0,24.0,40.0,47.0
15,松山,2017-09-29,54,6.0,6.0,nan,25.0,26.0,36.0,54.0
16,大同,2017-09-29,56,21.0,11.0,nan,46.0,39.0,nan,56.0
18,大園,2017-09-29,52,11.0,3.0,nan,42.0,21.0,42.0,52.0
19,觀音,2017-09-29,57,17.0,2.0,nan,nan,31.0,43.0,57.0
20,平鎮,2017-09-29,46,9.0,5.0,nan,39.0,23.0,44.0,46.0
21,龍潭,2017-09-29,61,11.0,5.0,nan,38.0,18.0,49.0,61.0
22,湖口,2017-09-29,57,6.0,3.0,nan,37.0,10.0,47.0,57.0
23,竹東,2017-09-29,65,7.0,3.0,nan,36.0,15.0,46.0,65.0
24,新竹,2017-09-29,56,9.0,5.0,nan,37.0,22.0,45.0,56.0
25,頭份,2017-09-29,68,9.0,5.0,nan,40.0,23.0,nan,68.0
26,苗栗,2017-09-29,79,10.0,6.0,nan,48.0,22.0,44.0,79.0
27,三義,2017-09-29,71,7.0,3.0,nan,43.0,16.0,71.0,71.0
28,豐原,2017-09-29,74,6.0,5.0,nan,37.0,14.0,74.0,59.0
29,沙鹿,2017-09-29,63,9.0,3.0,nan,45.0,22.0,54.0,63.0
30,大里,2017-09-29,58,6.0,6.0,nan,47.0,18.0,42.0,58.0
31,忠明,2017-09-29,74,9.0,5.0,nan,36.0,24.0,74.0,70.0
32,西屯,2017-09-29,87,9.0,3.0,nan,54.0,27.0,87.0,74.0
33,彰化,2017-09-29,67,7.0,5.0,nan,47.0,18.0,54.0,67.0
34,線西,2017-09-29,63,13.0,3.0,nan,47.0,20.0,nan,63.0
35,二林,2017-09-29,77,11.0,3.0,nan,52.0,12.0,51.0,77.0
36,南投,2017-09-29,80,4.0,5.0,nan,39.0,14.0,80.0,57.0
37,斗六,2017-09-29,84,9.0,3.0,nan,45.0,18.0,84.0,63.0
38,崙背,2017-09-29,73,7.0,2.0,nan,50.0,13.0,58.0,73.0
39,新港,2017-09-29,80,4.0,5.0,nan,55.0,21.0,71.0,80.0
40,朴子,2017-09-29,80,6.0,3.0,nan,67.0,13.0,80.0,63.0
41,臺西,2017-09-29,67,16.0,2.0,nan,47.0,20.0,nan,67.0
42,嘉義,2017-09-29,84,9.0,6.0,nan,46.0,22.0,84.0,77.0
43,新營,2017-09-29,67,6.0,3.0,nan,44.0,20.0,67.0,56.0
44,善化,2017-09-29,74,7.0,2.0,nan,37.0,15.0,74.0,48.0
45,安南,2017-09-29,93,9.0,5.0,nan,41.0,22.0,93.0,58.0
46,臺南,2017-09-29,84,9.0,6.0,nan,33.0,24.0,84.0,50.0
47,美濃,2017-09-29,58,3.0,3.0,nan,30.0,9.0,58.0,56.0
48,橋頭,2017-09-29,71,13.0,3.0,nan,35.0,20.0,71.0,63.0
49,仁武,2017-09-29,80,52.0,5.0,nan,44.0,29.0,80.0,61.0
50,鳳山,2017-09-29,65,14.0,7.0,nan,49.0,29.0,nan,65.0
51,大寮,2017-09-29,73,37.0,5.0,nan,44.0,40.0,58.0,73.0
52,林園,2017-09-29,97,19.0,3.0,nan,29.0,17.0,97.0,69.0
53,楠梓,2017-09-29,67,6.0,3.0,nan,45.0,20.0,67.0,56.0
54,左營,2017-09-29,87,9.0,5.0,nan,40.0,28.0,87.0,57.0
56,前金,2017-09-29,87,7.0,7.0,nan,40.0,27.0,87.0,63.0
57,前鎮,2017-09-29,70,14.0,9.0,nan,41.0,35.0,nan,70.0
58,小港,2017-09-29,71,17.0,7.0,nan,47.0,31.0,71.0,64.0
59,屏東,2017-09-29,80,10.0,5.0,nan,38.0,18.0,80.0,59.0
60,潮州,2017-09-29,118,16.0,3.0,nan,53.0,14.0,118.0,78.0
61,恆春,2017-09-29,49,6.0,1.0,nan,31.0,3.0,46.0,49.0
62,臺東,2017-09-29,42,4.0,3.0,nan,31.0,11.0,37.0,42.0
63,花蓮,2017-09-29,54,6.0,3.0,nan,29.0,11.0,44.0,54.0
64,陽明,2017-09-29,47,9.0,2.0,nan,7.0,8.0,47.0,14.0
65,宜蘭,2017-09-29,43,3.0,3.0,nan,23.0,8.0,43.0,23.0
66,冬山,2017-09-29,48,7.0,3.0,nan,20.0,15.0,34.0,48.0
67,三重,2017-09-29,55,20.0,18.0,nan,44.0,42.0,nan,55.0
68,中壢,2017-09-29,60,6.0,12.0,nan,44.0,36.0,nan,60.0
69,竹山,2017-09-29,74,4.0,2.0,nan,35.0,11.0,74.0,70.0
70,永和,2017-09-29,55,4.0,8.0,nan,28.0,24.0,nan,55.0
71,復興,2017-09-29,57,17.0,11.0,nan,33.0,40.0,nan,57.0
72,埔里,2017-09-29,84,6.0,3.0,nan,33.0,11.0,84.0,71.0
75,馬祖,2017-09-29,80,4.0,2.0,nan,40.0,5.0,80.0,63.0
77,金門,2017-09-29,64,6.0,3.0,nan,36.0,10.0,64.0,56.0
78,馬公,2017-09-29,49,3.0,2.0,nan,27.0,4.0,43.0,49.0
80,關山,2017-09-29,45,4.0,nan,nan,27.0,6.0,36.0,45.0
83,麥寮,2017-09-30,86,19.0,5.0,nan,54.0,25.0,nan,86.0
84,富貴角,2017-09-30,47,7.0,2.0,nan,nan,nan,47.0,nan
17,桃園,2017-09-30,37,7.0,6.0,nan,20.0,18.0,37.0,33.0
1,基隆,2017-09-30,39,1.0,3.0,nan,16.0,9.0,38.0,39.0
2,汐止,2017-09-30,36,6.0,5.0,nan,16.0,15.0,36.0,34.0
3,萬里,2017-09-30,53,16.0,3.0,nan,24.0,9.0,42.0,53.0
4,新店,2017-09-30,39,3.0,5.0,nan,20.0,14.0,39.0,31.0
5,土城,2017-09-30,37,3.0,5.0,nan,18.0,12.0,37.0,35.0
6,板橋,2017-09-30,32,4.0,7.0,nan,22.0,32.0,32.0,31.0
7,新莊,2017-09-30,37,7.0,5.0,nan,19.0,16.0,37.0,24.0
8,菜寮,2017-09-30,35,16.0,6.0,nan,22.0,18.0,35.0,33.0
9,林口,2017-09-30,57,10.0,5.0,nan,30.0,17.0,37.0,57.0
10,淡水,2017-09-30,34,6.0,2.0,nan,23.0,6.0,34.0,30.0
11,士林,2017-09-30,39,17.0,3.0,nan,19.0,9.0,39.0,36.0
12,中山,2017-09-30,48,14.0,9.0,nan,48.0,34.0,24.0,43.0
13,萬華,2017-09-30,33,4.0,10.0,nan,23.0,32.0,26.0,33.0
14,古亭,2017-09-30,36,4.0,5.0,nan,13.0,18.0,35.0,36.0
15,松山,2017-09-30,39,6.0,7.0,nan,14.0,27.0,31.0,39.0
16,大同,2017-09-30,43,13.0,17.0,nan,34.0,43.0,nan,33.0
18,大園,2017-09-30,45,9.0,3.0,nan,24.0,22.0,38.0,45.0
19,觀音,2017-09-30,47,17.0,3.0,nan,33.0,22.0,47.0,47.0
20,平鎮,2017-09-30,38,4.0,5.0,nan,25.0,17.0,38.0,25.0
21,龍潭,2017-09-30,43,7.0,6.0,nan,27.0,24.0,40.0,43.0
22,湖口,2017-09-30,90,14.0,5.0,nan,30.0,22.0,90.0,54.0
23,竹東,2017-09-30,97,10.0,5.0,nan,29.0,19.0,97.0,44.0
24,新竹,2017-09-30,112,13.0,7.0,nan,28.0,32.0,112.0,55.0
25,頭份,2017-09-30,79,14.0,6.0,nan,39.0,24.0,nan,79.0
26,苗栗,2017-09-30,172,11.0,7.0,nan,49.0,19.0,172.0,89.0
27,三義,2017-09-30,150,6.0,5.0,nan,44.0,18.0,150.0,78.0
28,豐原,2017-09-30,112,9.0,6.0,nan,36.0,24.0,112.0,57.0
29,沙鹿,2017-09-30,108,11.0,5.0,nan,47.0,26.0,108.0,65.0
30,大里,2017-09-30,101,11.0,7.0,nan,38.0,21.0,101.0,57.0
31,忠明,2017-09-30,122,7.0,6.0,nan,31.0,24.0,122.0,63.0
32,西屯,2017-09-30,156,7.0,5.0,nan,42.0,19.0,156.0,61.0
33,彰化,2017-09-30,97,13.0,5.0,nan,43.0,18.0,97.0,68.0
34,線西,2017-09-30,68,16.0,5.0,nan,41.0,24.0,nan,68.0
35,二林,2017-09-30,90,10.0,3.0,nan,43.0,13.0,90.0,66.0
36,南投,2017-09-30,77,4.0,5.0,nan,37.0,17.0,77.0,53.0
37,斗六,2017-09-30,108,4.0,5.0,nan,35.0,16.0,108.0,55.0
38,崙背,2017-09-30,104,9.0,3.0,nan,41.0,13.0,104.0,75.0
39,新港,2017-09-30,74,17.0,6.0,nan,47.0,25.0,74.0,70.0
40,朴子,2017-09-30,97,4.0,5.0,nan,46.0,15.0,97.0,52.0
41,臺西,2017-09-30,74,9.0,3.0,nan,43.0,14.0,nan,74.0
42,嘉義,2017-09-30,87,7.0,6.0,nan,39.0,22.0,87.0,60.0
43,新營,2017-09-30,80,7.0,5.0,nan,41.0,12.0,80.0,63.0
44,善化,2017-09-30,87,9.0,3.0,nan,35.0,18.0,87.0,61.0
45,安南,2017-09-30,101,6.0,5.0,nan,44.0,25.0,101.0,62.0
46,臺南,2017-09-30,90,6.0,5.0,nan,35.0,15.0,90.0,54.0
47,美濃,2017-09-30,104,11.0,3.0,nan,42.0,8.0,104.0,66.0
48,橋頭,2017-09-30,74,9.0,5.0,nan,44.0,19.0,74.0,70.0
49,仁武,2017-09-30,74,11.0,5.0,nan,49.0,24.0,74.0,71.0
50,鳳山,2017-09-30,64,11.0,7.0,nan,50.0,25.0,nan,64.0
51,大寮,2017-09-30,77,30.0,5.0,nan,49.0,23.0,71.0,77.0
52,林園,2017-09-30,115,21.0,5.0,nan,33.0,19.0,115.0,77.0
53,楠梓,2017-09-30,67,9.0,6.0,nan,54.0,30.0,67.0,59.0
54,左營,2017-09-30,132,10.0,5.0,nan,46.0,27.0,132.0,62.0
56,前金,2017-09-30,101,16.0,5.0,nan,40.0,25.0,101.0,69.0
57,前鎮,2017-09-30,89,34.0,6.0,nan,46.0,28.0,nan,89.0
58,小港,2017-09-30,74,37.0,5.0,nan,44.0,29.0,74.0,73.0
59,屏東,2017-09-30,104,16.0,7.0,nan,45.0,20.0,104.0,66.0
60,潮州,2017-09-30,156,11.0,5.0,nan,56.0,12.0,156.0,87.0
61,恆春,2017-09-30,41,4.0,2.0,nan,24.0,3.0,41.0,31.0
62,臺東,2017-09-30,31,3.0,5.0,nan,21.0,8.0,31.0,21.0
63,花蓮,2017-09-30,37,7.0,5.0,nan,22.0,14.0,37.0,36.0
64,陽明,2017-09-30,40,10.0,2.0,nan,12.0,6.0,40.0,32.0
65,宜蘭,2017-09-30,43,6.0,5.0,nan,25.0,14.0,43.0,24.0
66,冬山,2017-09-30,43,4.0,3.0,nan,25.0,13.0,34.0,43.0
67,三重,2017-09-30,40,17.0,15.0,nan,32.0,40.0,nan,32.0
68,中壢,2017-09-30,35,4.0,19.0,nan,30.0,35.0,nan,31.0
69,竹山,2017-09-30,97,6.0,3.0,nan,31.0,10.0,97.0,58.0
70,永和,2017-09-30,40,4.0,6.0,nan,17.0,18.0,nan,40.0
71,復興,2017-09-30,69,39.0,6.0,nan,41.0,31.0,nan,69.0
72,埔里,2017-09-30,87,6.0,5.0,nan,32.0,20.0,87.0,67.0
75,馬祖,2017-09-30,74,4.0,2.0,nan,44.0,5.0,74.0,70.0
77,金門,2017-09-30,87,11.0,3.0,nan,45.0,10.0,87.0,75.0
78,馬公,2017-09-30,57,3.0,2.0,nan,33.0,5.0,44.0,57.0
80,關山,2017-09-30,28,3.0,nan,nan,18.0,7.0,28.0,23.0
