siteid,sitename,monitordate,aqi,so2subindex,cosubindex,o3subindex,pm10subindex,no2subindex,o38subindex,pm25subindex
57,前鎮,2019-01-01,83,6.0,8.0,nan,56.0,28,nan,83.0
30,大里,2019-01-01,30,4.0,7.0,nan,15.0,24,30.0,17.0
31,忠明,2019-01-01,33,3.0,3.0,nan,6.0,16,33.0,11.0
32,西屯,2019-01-01,35,1.0,3.0,nan,16.0,13,35.0,19.0
33,彰化,2019-01-01,33,4.0,5.0,nan,20.0,16,33.0,29.0
34,線西,2019-01-01,29,9.0,7.0,nan,21.0,16,nan,29.0
35,二林,2019-01-01,38,7.0,5.0,nan,38.0,11,31.0,32.0
36,南投,2019-01-01,37,4.0,6.0,nan,24.0,20,29.0,37.0
37,斗六,2019-01-01,52,4.0,5.0,nan,32.0,34,40.0,52.0
38,崙背,2019-01-01,48,6.0,3.0,nan,34.0,17,34.0,48.0
39,新港,2019-01-01,44,7.0,5.0,nan,35.0,14,34.0,44.0
40,朴子,2019-01-01,47,7.0,5.0,nan,47.0,11,33.0,26.0
41,臺西,2019-01-01,32,3.0,2.0,nan,32.0,5,nan,32.0
42,嘉義,2019-01-01,51,6.0,6.0,nan,33.0,23,34.0,51.0
43,新營,2019-01-01,38,6.0,5.0,nan,38.0,21,31.0,37.0
44,善化,2019-01-01,49,6.0,5.0,nan,45.0,19,31.0,49.0
45,安南,2019-01-01,46,4.0,3.0,nan,46.0,16,40.0,31.0
46,臺南,2019-01-01,52,4.0,5.0,nan,48.0,15,36.0,52.0
47,美濃,2019-01-01,60,3.0,5.0,nan,50.0,10,37.0,60.0
48,橋頭,2019-01-01,69,4.0,6.0,nan,50.0,18,34.0,69.0
49,仁武,2019-01-01,81,6.0,6.0,nan,48.0,22,39.0,81.0
50,鳳山,2019-01-01,74,10.0,8.0,nan,56.0,32,nan,74.0
51,大寮,2019-01-01,94,17.0,7.0,nan,54.0,26,43.0,94.0
52,林園,2019-01-01,97,14.0,7.0,nan,63.0,30,48.0,97.0
53,楠梓,2019-01-01,80,6.0,6.0,nan,51.0,19,36.0,80.0
54,左營,2019-01-01,67,6.0,7.0,nan,50.0,23,38.0,67.0
56,前金,2019-01-01,77,6.0,7.0,nan,51.0,22,38.0,77.0
29,沙鹿,2019-01-01,37,4.0,3.0,nan,16.0,12,37.0,21.0
58,小港,2019-01-01,85,11.0,8.0,nan,55.0,31,39.0,85.0
59,屏東,2019-01-01,97,6.0,6.0,nan,57.0,22,45.0,97.0
60,潮州,2019-01-01,104,9.0,7.0,nan,65.0,21,47.0,104.0
61,恆春,2019-01-01,42,1.0,2.0,nan,7.0,2,42.0,23.0
62,臺東,2019-01-01,26,3.0,3.0,nan,12.0,7,26.0,16.0
63,花蓮,2019-01-01,39,3.0,3.0,nan,9.0,4,39.0,5.0
64,陽明,2019-01-01,39,1.0,2.0,nan,5.0,1,39.0,nan
65,宜蘭,2019-01-01,35,3.0,3.0,nan,7.0,7,35.0,15.0
66,冬山,2019-01-01,35,4.0,3.0,nan,6.0,14,35.0,6.0
68,中壢,2019-01-01,21,4.0,8.0,nan,6.0,21,nan,16.0
69,竹山,2019-01-01,68,6.0,5.0,nan,39.0,19,35.0,68.0
70,永和,2019-01-01,12,3.0,5.0,nan,8.0,12,nan,11.0
71,復興,2019-01-01,84,4.0,10.0,nan,59.0,30,nan,84.0
72,埔里,2019-01-01,59,4.0,7.0,nan,37.0,27,36.0,59.0
75,馬祖,2019-01-01,54,3.0,2.0,nan,26.0,8,32.0,54.0
77,金門,2019-01-01,35,9.0,3.0,nan,25.0,10,35.0,32.0
78,馬公,2019-01-01,43,3.0,2.0,nan,18.0,2,43.0,25.0
80,關山,2019-01-01,31,3.0,nan,nan,11.0,4,31.0,21.0
1,基隆,2019-01-01,38,1.0,2.0,nan,9.0,3,38.0,11.0
83,麥寮,2019-01-01,45,4.0,3.0,nan,45.0,10,nan,24.0
84,富貴角,2019-01-01,39,1.0,2.0,nan,24.0,2,39.0,21.0
67,三重,2019-01-01,30,4.0,11.0,nan,22.0,30,nan,8.0
2,汐止,2019-01-01,39,3.0,3.0,nan,5.0,9,39.0,10.0
3,萬里,2019-01-01,43,3.0,2.0,nan,26.0,2,43.0,27.0
4,新店,2019-01-01,27,1.0,5.0,nan,4.0,14,27.0,7.0
5,土城,2019-01-01,32,3.0,5.0,nan,6.0,12,32.0,17.0
6,板橋,2019-01-01,30,3.0,5.0,nan,6.0,19,30.0,17.0
7,新莊,2019-01-01,32,3.0,3.0,nan,7.0,11,32.0,6.0
8,菜寮,2019-01-01,25,4.0,5.0,nan,6.0,11,25.0,7.0
9,林口,2019-01-01,35,1.0,3.0,nan,6.0,9,35.0,6.0
10,淡水,2019-01-01,38,4.0,3.0,nan,5.0,12,38.0,10.0
11,士林,2019-01-01,36,1.0,2.0,nan,5.0,4,36.0,7.0
12,中山,2019-01-01,31,3.0,5.0,nan,8.0,21,31.0,14.0
13,萬華,2019-01-01,30,1.0,3.0,nan,7.0,18,30.0,16.0
14,古亭,2019-01-01,34,3.0,3.0,nan,9.0,13,34.0,13.0
15,松山,2019-01-01,34,3.0,2.0,nan,8.0,14,34.0,14.0
16,大同,2019-01-01,30,4.0,8.0,nan,10.0,30,nan,13.0
17,桃園,2019-01-01,28,4.0,5.0,nan,6.0,10,28.0,17.0
18,大園,2019-01-01,38,7.0,3.0,nan,8.0,14,38.0,16.0
19,觀音,2019-01-01,38,3.0,2.0,nan,13.0,6,35.0,38.0
20,平鎮,2019-01-01,35,3.0,5.0,nan,6.0,9,35.0,19.0
21,龍潭,2019-01-01,36,3.0,3.0,nan,7.0,7,36.0,14.0
22,湖口,2019-01-01,36,3.0,2.0,nan,9.0,7,36.0,22.0
23,竹東,2019-01-01,29,3.0,2.0,nan,6.0,6,29.0,18.0
24,新竹,2019-01-01,33,3.0,3.0,nan,9.0,7,33.0,27.0
25,頭份,2019-01-01,9,1.0,3.0,nan,6.0,7,nan,9.0
26,苗栗,2019-01-01,30,4.0,3.0,nan,8.0,10,30.0,22.0
27,三義,2019-01-01,34,6.0,3.0,nan,9.0,8,34.0,25.0
28,豐原,2019-01-01,32,1.0,3.0,nan,8.0,10,32.0,23.0
54,左營,2019-01-02,93,7.0,9.0,nan,55.0,42,27.0,93.0
56,前金,2019-01-02,103,6.0,9.0,nan,58.0,48,28.0,103.0
27,三義,2019-01-02,29,4.0,3.0,nan,9.0,19,29.0,21.0
57,前鎮,2019-01-02,115,7.0,14.0,nan,66.0,48,nan,115.0
58,小港,2019-01-02,112,13.0,10.0,nan,63.0,61,23.0,112.0
52,林園,2019-01-02,116,17.0,8.0,nan,71.0,48,35.0,116.0
59,屏東,2019-01-02,105,7.0,9.0,nan,64.0,26,38.0,105.0
26,苗栗,2019-01-02,34,4.0,7.0,nan,10.0,24,27.0,34.0
60,潮州,2019-01-02,119,16.0,10.0,nan,74.0,35,41.0,119.0
51,大寮,2019-01-02,123,36.0,10.0,nan,63.0,51,28.0,123.0
61,恆春,2019-01-02,39,1.0,2.0,nan,5.0,2,39.0,19.0
50,鳳山,2019-01-02,100,10.0,11.0,nan,64.0,54,nan,100.0
62,臺東,2019-01-02,24,1.0,5.0,nan,4.0,13,24.0,11.0
25,頭份,2019-01-02,20,3.0,5.0,nan,7.0,20,nan,17.0
49,仁武,2019-01-02,113,10.0,9.0,nan,57.0,50,22.0,113.0
24,新竹,2019-01-02,32,4.0,5.0,nan,10.0,16,32.0,26.0
63,花蓮,2019-01-02,24,4.0,6.0,nan,12.0,22,24.0,6.0
64,陽明,2019-01-02,38,1.0,2.0,nan,5.0,2,38.0,5.0
23,竹東,2019-01-02,30,3.0,5.0,nan,8.0,15,30.0,23.0
48,橋頭,2019-01-02,85,6.0,8.0,nan,54.0,43,19.0,85.0
47,美濃,2019-01-02,79,4.0,6.0,nan,57.0,17,30.0,79.0
65,宜蘭,2019-01-02,38,3.0,5.0,nan,6.0,10,38.0,12.0
66,冬山,2019-01-02,34,3.0,3.0,nan,5.0,22,34.0,6.0
22,湖口,2019-01-02,36,4.0,3.0,nan,9.0,13,36.0,16.0
21,龍潭,2019-01-02,37,4.0,3.0,nan,7.0,14,37.0,13.0
68,中壢,2019-01-02,28,4.0,10.0,nan,8.0,28,nan,12.0
46,臺南,2019-01-02,44,6.0,7.0,nan,41.0,26,24.0,44.0
20,平鎮,2019-01-02,36,4.0,6.0,nan,7.0,17,36.0,10.0
69,竹山,2019-01-02,63,6.0,6.0,nan,35.0,31,21.0,63.0
70,永和,2019-01-02,21,3.0,6.0,nan,8.0,21,nan,14.0
19,觀音,2019-01-02,37,7.0,2.0,nan,14.0,10,34.0,37.0
45,安南,2019-01-02,39,4.0,5.0,nan,39.0,21,28.0,36.0
44,善化,2019-01-02,51,7.0,6.0,nan,44.0,25,19.0,51.0
71,復興,2019-01-02,116,7.0,16.0,nan,68.0,50,nan,116.0
18,大園,2019-01-02,35,14.0,3.0,nan,11.0,23,35.0,19.0
72,埔里,2019-01-02,59,6.0,7.0,nan,38.0,26,20.0,59.0
17,桃園,2019-01-02,30,7.0,6.0,nan,5.0,15,30.0,17.0
75,馬祖,2019-01-02,72,3.0,3.0,nan,36.0,8,28.0,72.0
43,新營,2019-01-02,40,9.0,6.0,nan,35.0,28,19.0,40.0
16,大同,2019-01-02,39,6.0,15.0,nan,13.0,39,nan,22.0
15,松山,2019-01-02,34,4.0,6.0,nan,9.0,27,34.0,14.0
77,金門,2019-01-02,48,6.0,5.0,nan,24.0,12,30.0,48.0
42,嘉義,2019-01-02,45,6.0,7.0,nan,34.0,34,19.0,45.0
14,古亭,2019-01-02,34,3.0,6.0,nan,10.0,22,34.0,11.0
13,萬華,2019-01-02,31,3.0,6.0,nan,9.0,27,31.0,11.0
12,中山,2019-01-02,33,6.0,7.0,nan,11.0,33,32.0,26.0
41,臺西,2019-01-02,25,4.0,3.0,nan,25.0,8,nan,25.0
11,士林,2019-01-02,36,1.0,3.0,nan,5.0,8,36.0,11.0
78,馬公,2019-01-02,43,4.0,3.0,nan,19.0,8,43.0,30.0
10,淡水,2019-01-02,33,6.0,5.0,nan,5.0,20,33.0,13.0
80,關山,2019-01-02,28,3.0,nan,nan,5.0,5,28.0,20.0
83,麥寮,2019-01-02,28,4.0,3.0,nan,28.0,15,nan,21.0
84,富貴角,2019-01-02,38,1.0,2.0,nan,28.0,2,38.0,21.0
9,林口,2019-01-02,36,3.0,5.0,nan,10.0,21,36.0,11.0
37,斗六,2019-01-02,41,4.0,5.0,nan,30.0,26,25.0,41.0
36,南投,2019-01-02,39,6.0,8.0,nan,27.0,39,15.0,36.0
53,楠梓,2019-01-02,118,6.0,8.0,nan,55.0,42,21.0,118.0
28,豐原,2019-01-02,21,6.0,5.0,nan,16.0,21,21.0,20.0
8,菜寮,2019-01-02,25,3.0,6.0,nan,7.0,21,25.0,10.0
40,朴子,2019-01-02,40,7.0,5.0,nan,40.0,15,27.0,31.0
7,新莊,2019-01-02,34,3.0,6.0,nan,6.0,25,34.0,11.0
32,西屯,2019-01-02,29,4.0,5.0,nan,20.0,29,28.0,19.0
39,新港,2019-01-02,40,9.0,6.0,nan,33.0,22,23.0,40.0
30,大里,2019-01-02,33,4.0,7.0,nan,16.0,33,19.0,19.0
6,板橋,2019-01-02,31,4.0,6.0,nan,7.0,27,31.0,19.0
38,崙背,2019-01-02,48,10.0,6.0,nan,26.0,20,25.0,48.0
35,二林,2019-01-02,39,9.0,6.0,nan,39.0,18,25.0,35.0
5,土城,2019-01-02,33,3.0,7.0,nan,6.0,26,33.0,19.0
33,彰化,2019-01-02,29,3.0,6.0,nan,19.0,28,23.0,29.0
29,沙鹿,2019-01-02,28,4.0,5.0,nan,14.0,22,28.0,21.0
31,忠明,2019-01-02,26,4.0,6.0,nan,12.0,26,23.0,19.0
34,線西,2019-01-02,25,9.0,6.0,nan,19.0,18,nan,25.0
4,新店,2019-01-02,31,3.0,6.0,nan,4.0,25,31.0,7.0
3,萬里,2019-01-02,43,3.0,2.0,nan,26.0,4,43.0,23.0
2,汐止,2019-01-02,37,3.0,3.0,nan,6.0,17,37.0,8.0
67,三重,2019-01-02,37,6.0,15.0,nan,20.0,37,nan,13.0
1,基隆,2019-01-02,38,3.0,3.0,nan,11.0,7,38.0,12.0
37,斗六,2019-01-03,62,4.0,6.0,nan,33.0,26,25.0,62.0
1,基隆,2019-01-03,37,1.0,3.0,nan,10.0,6,37.0,12.0
67,三重,2019-01-03,39,7.0,16.0,nan,28.0,39,nan,15.0
2,汐止,2019-01-03,35,4.0,5.0,nan,5.0,22,35.0,6.0
3,萬里,2019-01-03,41,3.0,3.0,nan,nan,5,41.0,19.0
4,新店,2019-01-03,29,3.0,7.0,nan,4.0,29,27.0,7.0
5,土城,2019-01-03,30,6.0,8.0,nan,6.0,23,30.0,18.0
6,板橋,2019-01-03,28,4.0,7.0,nan,6.0,25,28.0,19.0
7,新莊,2019-01-03,29,4.0,7.0,nan,7.0,25,29.0,nan
8,菜寮,2019-01-03,21,7.0,7.0,nan,6.0,21,20.0,11.0
9,林口,2019-01-03,31,6.0,5.0,nan,9.0,20,31.0,9.0
10,淡水,2019-01-03,28,3.0,5.0,nan,4.0,21,28.0,14.0
11,士林,2019-01-03,29,4.0,5.0,nan,6.0,14,29.0,17.0
12,中山,2019-01-03,31,7.0,8.0,nan,10.0,31,30.0,17.0
13,萬華,2019-01-03,31,4.0,7.0,nan,9.0,28,31.0,20.0
14,古亭,2019-01-03,31,4.0,6.0,nan,9.0,22,31.0,11.0
15,松山,2019-01-03,31,4.0,6.0,nan,9.0,28,31.0,14.0
16,大同,2019-01-03,38,6.0,15.0,nan,9.0,38,nan,20.0
17,桃園,2019-01-03,25,7.0,7.0,nan,6.0,16,25.0,15.0
18,大園,2019-01-03,35,11.0,5.0,nan,10.0,25,35.0,26.0
19,觀音,2019-01-03,36,10.0,5.0,nan,15.0,12,33.0,36.0
20,平鎮,2019-01-03,27,6.0,7.0,nan,8.0,20,27.0,19.0
21,龍潭,2019-01-03,34,4.0,6.0,nan,6.0,14,34.0,12.0
22,湖口,2019-01-03,34,4.0,5.0,nan,8.0,14,34.0,19.0
23,竹東,2019-01-03,26,4.0,7.0,nan,9.0,20,26.0,21.0
24,新竹,2019-01-03,28,3.0,6.0,nan,10.0,18,28.0,28.0
25,頭份,2019-01-03,25,3.0,6.0,nan,10.0,25,nan,21.0
26,苗栗,2019-01-03,37,7.0,8.0,nan,14.0,25,17.0,37.0
27,三義,2019-01-03,28,4.0,6.0,nan,9.0,16,23.0,28.0
28,豐原,2019-01-03,27,6.0,7.0,nan,16.0,27,16.0,26.0
29,沙鹿,2019-01-03,26,3.0,6.0,nan,17.0,23,23.0,26.0
30,大里,2019-01-03,35,4.0,10.0,nan,19.0,35,14.0,21.0
31,忠明,2019-01-03,27,4.0,7.0,nan,15.0,27,18.0,26.0
32,西屯,2019-01-03,31,3.0,6.0,nan,25.0,29,21.0,31.0
33,彰化,2019-01-03,25,4.0,8.0,nan,21.0,25,19.0,23.0
34,線西,2019-01-03,35,7.0,7.0,nan,20.0,19,nan,35.0
35,二林,2019-01-03,37,7.0,7.0,nan,37.0,18,24.0,37.0
36,南投,2019-01-03,59,6.0,8.0,nan,34.0,35,16.0,59.0
38,崙背,2019-01-03,57,10.0,6.0,nan,29.0,20,25.0,57.0
39,新港,2019-01-03,54,9.0,6.0,nan,34.0,20,27.0,54.0
40,朴子,2019-01-03,44,6.0,5.0,nan,44.0,14,28.0,44.0
41,臺西,2019-01-03,26,3.0,3.0,nan,23.0,6,nan,26.0
42,嘉義,2019-01-03,68,11.0,8.0,nan,40.0,33,24.0,68.0
43,新營,2019-01-03,56,7.0,6.0,nan,36.0,26,22.0,56.0
44,善化,2019-01-03,63,6.0,6.0,nan,48.0,23,28.0,63.0
45,安南,2019-01-03,66,3.0,5.0,nan,44.0,19,31.0,66.0
46,臺南,2019-01-03,71,6.0,7.0,nan,45.0,22,28.0,71.0
47,美濃,2019-01-03,72,3.0,6.0,nan,52.0,17,35.0,72.0
48,橋頭,2019-01-03,90,6.0,7.0,nan,52.0,37,27.0,90.0
49,仁武,2019-01-03,96,7.0,9.0,nan,52.0,48,28.0,96.0
50,鳳山,2019-01-03,83,7.0,12.0,nan,56.0,52,nan,83.0
51,大寮,2019-01-03,103,11.0,8.0,nan,56.0,40,40.0,103.0
52,林園,2019-01-03,95,9.0,7.0,nan,64.0,34,46.0,95.0
53,楠梓,2019-01-03,89,6.0,9.0,nan,50.0,41,30.0,89.0
54,左營,2019-01-03,82,7.0,8.0,nan,48.0,36,32.0,82.0
56,前金,2019-01-03,89,6.0,9.0,nan,52.0,32,32.0,89.0
57,前鎮,2019-01-03,97,7.0,10.0,nan,57.0,40,nan,97.0
58,小港,2019-01-03,99,9.0,10.0,nan,57.0,46,27.0,99.0
59,屏東,2019-01-03,95,6.0,9.0,nan,58.0,38,44.0,95.0
60,潮州,2019-01-03,103,4.0,7.0,nan,60.0,25,54.0,103.0
61,恆春,2019-01-03,42,1.0,3.0,nan,5.0,2,42.0,22.0
62,臺東,2019-01-03,20,1.0,6.0,nan,10.0,20,20.0,20.0
63,花蓮,2019-01-03,34,3.0,6.0,nan,12.0,19,34.0,9.0
64,陽明,2019-01-03,37,3.0,3.0,nan,4.0,2,37.0,5.0
65,宜蘭,2019-01-03,32,4.0,6.0,nan,7.0,13,32.0,11.0
66,冬山,2019-01-03,32,3.0,5.0,nan,6.0,17,32.0,7.0
68,中壢,2019-01-03,29,4.0,12.0,nan,9.0,29,nan,18.0
69,竹山,2019-01-03,88,4.0,7.0,nan,45.0,38,23.0,88.0
70,永和,2019-01-03,21,3.0,7.0,nan,6.0,21,nan,14.0
71,復興,2019-01-03,97,6.0,11.0,nan,61.0,40,nan,97.0
72,埔里,2019-01-03,62,7.0,6.0,nan,34.0,25,23.0,62.0
75,馬祖,2019-01-03,71,4.0,5.0,nan,38.0,6,31.0,71.0
77,金門,2019-01-03,54,9.0,5.0,nan,26.0,13,29.0,54.0
78,馬公,2019-01-03,35,3.0,3.0,nan,18.0,7,25.0,35.0
80,關山,2019-01-03,29,3.0,nan,nan,7.0,7,29.0,25.0
83,麥寮,2019-01-03,31,3.0,5.0,nan,31.0,7,nan,26.0
84,富貴角,2019-01-03,38,1.0,3.0,nan,22.0,2,38.0,19.0
42,嘉義,2019-01-04,93,7.0,7.0,nan,65.0,30,45.0,93.0
41,臺西,2019-01-04,68,19.0,5.0,nan,51.0,33,nan,68.0
84,富貴角,2019-01-04,38,3.0,3.0,nan,30.0,11,35.0,38.0
21,龍潭,2019-01-04,49,6.0,8.0,nan,29.0,23,30.0,49.0
83,麥寮,2019-01-04,74,10.0,7.0,nan,59.0,24,nan,74.0
20,平鎮,2019-01-04,49,6.0,9.0,nan,28.0,29,24.0,49.0
80,關山,2019-01-04,24,3.0,nan,nan,10.0,10,24.0,23.0
19,觀音,2019-01-04,63,11.0,6.0,nan,28.0,25,25.0,63.0
78,馬公,2019-01-04,54,3.0,5.0,nan,27.0,11,20.0,54.0
18,大園,2019-01-04,31,9.0,7.0,nan,26.0,31,30.0,30.0
17,桃園,2019-01-04,46,14.0,7.0,nan,29.0,25,22.0,46.0
77,金門,2019-01-04,52,11.0,6.0,nan,31.0,25,23.0,52.0
16,大同,2019-01-04,52,7.0,20.0,nan,31.0,52,nan,49.0
15,松山,2019-01-04,47,7.0,10.0,nan,32.0,42,25.0,47.0
75,馬祖,2019-01-04,40,6.0,5.0,nan,19.0,21,28.0,40.0
14,古亭,2019-01-04,62,9.0,9.0,nan,32.0,34,29.0,62.0
72,埔里,2019-01-04,84,4.0,7.0,nan,57.0,23,58.0,84.0
13,萬華,2019-01-04,45,11.0,9.0,nan,28.0,30,25.0,45.0
71,復興,2019-01-04,102,7.0,14.0,nan,66.0,42,nan,102.0
70,永和,2019-01-04,49,10.0,16.0,nan,29.0,44,nan,49.0
12,中山,2019-01-04,49,7.0,12.0,nan,32.0,42,25.0,49.0
11,士林,2019-01-04,38,7.0,6.0,nan,22.0,24,31.0,38.0
23,竹東,2019-01-04,58,6.0,7.0,nan,31.0,25,18.0,58.0
69,竹山,2019-01-04,133,7.0,7.0,nan,73.0,23,54.0,133.0
10,淡水,2019-01-04,35,7.0,5.0,nan,19.0,25,33.0,35.0
9,林口,2019-01-04,32,7.0,5.0,nan,16.0,23,32.0,28.0
8,菜寮,2019-01-04,43,10.0,7.0,nan,22.0,29,22.0,43.0
68,中壢,2019-01-04,44,13.0,26.0,nan,33.0,44,nan,44.0
66,冬山,2019-01-04,25,6.0,7.0,nan,18.0,19,25.0,19.0
7,新莊,2019-01-04,40,14.0,6.0,nan,20.0,28,33.0,40.0
6,板橋,2019-01-04,56,13.0,8.0,nan,28.0,32,30.0,56.0
5,土城,2019-01-04,61,9.0,7.0,nan,25.0,30,34.0,61.0
65,宜蘭,2019-01-04,29,7.0,9.0,nan,19.0,21,29.0,19.0
4,新店,2019-01-04,40,4.0,6.0,nan,17.0,27,34.0,40.0
64,陽明,2019-01-04,36,4.0,3.0,nan,14.0,12,36.0,28.0
3,萬里,2019-01-04,42,6.0,5.0,nan,42.0,34,34.0,42.0
24,新竹,2019-01-04,69,13.0,10.0,nan,34.0,32,21.0,69.0
2,汐止,2019-01-04,42,7.0,9.0,nan,25.0,38,30.0,42.0
63,花蓮,2019-01-04,31,9.0,6.0,nan,19.0,18,31.0,7.0
67,三重,2019-01-04,54,7.0,25.0,nan,44.0,54,nan,41.0
62,臺東,2019-01-04,21,3.0,8.0,nan,15.0,21,21.0,21.0
61,恆春,2019-01-04,37,3.0,2.0,nan,7.0,2,37.0,25.0
60,潮州,2019-01-04,96,13.0,6.0,nan,68.0,30,49.0,96.0
1,基隆,2019-01-04,46,6.0,9.0,nan,31.0,46,24.0,39.0
22,湖口,2019-01-04,56,7.0,8.0,nan,29.0,28,30.0,56.0
25,頭份,2019-01-04,57,10.0,8.0,nan,36.0,24,nan,57.0
26,苗栗,2019-01-04,74,6.0,8.0,nan,41.0,21,20.0,74.0
59,屏東,2019-01-04,108,7.0,7.0,nan,64.0,25,61.0,108.0
58,小港,2019-01-04,106,10.0,11.0,nan,62.0,42,39.0,106.0
27,三義,2019-01-04,63,6.0,6.0,nan,39.0,23,37.0,63.0
57,前鎮,2019-01-04,109,9.0,11.0,nan,66.0,42,nan,109.0
28,豐原,2019-01-04,82,9.0,11.0,nan,51.0,28,37.0,82.0
29,沙鹿,2019-01-04,82,9.0,9.0,nan,48.0,43,29.0,82.0
30,大里,2019-01-04,70,9.0,9.0,nan,54.0,33,41.0,70.0
56,前金,2019-01-04,92,6.0,9.0,nan,58.0,28,45.0,92.0
31,忠明,2019-01-04,91,4.0,9.0,nan,50.0,34,38.0,91.0
54,左營,2019-01-04,83,6.0,10.0,nan,57.0,29,48.0,83.0
53,楠梓,2019-01-04,115,6.0,9.0,nan,59.0,30,41.0,115.0
52,林園,2019-01-04,104,30.0,8.0,nan,73.0,38,54.0,104.0
51,大寮,2019-01-04,119,11.0,9.0,nan,66.0,39,44.0,119.0
32,西屯,2019-01-04,87,7.0,8.0,nan,57.0,34,38.0,87.0
33,彰化,2019-01-04,86,13.0,7.0,nan,51.0,27,37.0,86.0
50,鳳山,2019-01-04,92,11.0,10.0,nan,63.0,46,nan,92.0
49,仁武,2019-01-04,100,10.0,9.0,nan,59.0,37,43.0,100.0
48,橋頭,2019-01-04,123,4.0,10.0,nan,66.0,29,37.0,123.0
34,線西,2019-01-04,91,6.0,7.0,nan,52.0,24,nan,91.0
35,二林,2019-01-04,82,7.0,6.0,nan,68.0,17,31.0,82.0
47,美濃,2019-01-04,72,6.0,6.0,nan,55.0,14,46.0,72.0
36,南投,2019-01-04,108,7.0,7.0,nan,62.0,33,37.0,108.0
46,臺南,2019-01-04,76,10.0,10.0,nan,59.0,36,44.0,76.0
37,斗六,2019-01-04,102,4.0,7.0,nan,64.0,23,50.0,102.0
38,崙背,2019-01-04,102,7.0,7.0,nan,62.0,23,44.0,102.0
45,安南,2019-01-04,73,10.0,7.0,nan,59.0,25,47.0,73.0
44,善化,2019-01-04,89,16.0,7.0,nan,64.0,23,42.0,89.0
39,新港,2019-01-04,87,7.0,7.0,nan,66.0,21,44.0,87.0
43,新營,2019-01-04,107,6.0,9.0,nan,59.0,31,36.0,107.0
40,朴子,2019-01-04,81,4.0,8.0,nan,68.0,21,42.0,81.0
84,富貴角,2019-01-05,30,1.0,5.0,nan,27.0,18,29.0,30.0
83,麥寮,2019-01-05,108,4.0,5.0,nan,66.0,18,nan,108.0
1,基隆,2019-01-05,34,7.0,6.0,nan,30.0,27,18.0,34.0
17,桃園,2019-01-05,60,11.0,9.0,nan,41.0,27,15.0,60.0
67,三重,2019-01-05,64,7.0,19.0,nan,50.0,35,nan,64.0
2,汐止,2019-01-05,66,6.0,8.0,nan,31.0,33,15.0,66.0
3,萬里,2019-01-05,37,3.0,6.0,nan,35.0,22,28.0,37.0
4,新店,2019-01-05,74,6.0,8.0,nan,nan,29,19.0,74.0
5,土城,2019-01-05,95,6.0,8.0,nan,44.0,27,17.0,95.0
6,板橋,2019-01-05,82,9.0,9.0,nan,38.0,28,16.0,82.0
7,新莊,2019-01-05,57,7.0,9.0,nan,22.0,31,19.0,57.0
8,菜寮,2019-01-05,58,9.0,9.0,nan,29.0,26,15.0,58.0
9,林口,2019-01-05,25,6.0,6.0,nan,20.0,18,24.0,25.0
10,淡水,2019-01-05,40,4.0,7.0,nan,15.0,18,24.0,40.0
63,花蓮,2019-01-05,36,3.0,5.0,nan,23.0,15,36.0,12.0
11,士林,2019-01-05,55,4.0,8.0,nan,33.0,26,18.0,55.0
12,中山,2019-01-05,69,10.0,9.0,nan,40.0,29,14.0,69.0
62,臺東,2019-01-05,19,1.0,5.0,nan,16.0,11,18.0,19.0
64,陽明,2019-01-05,32,3.0,5.0,nan,8.0,9,32.0,14.0
65,宜蘭,2019-01-05,35,4.0,6.0,nan,26.0,19,33.0,35.0
66,冬山,2019-01-05,32,6.0,6.0,nan,31.0,19,28.0,32.0
13,萬華,2019-01-05,66,9.0,8.0,nan,34.0,28,15.0,66.0
61,恆春,2019-01-05,33,3.0,1.0,nan,18.0,2,33.0,31.0
60,潮州,2019-01-05,55,4.0,5.0,nan,46.0,16,33.0,55.0
14,古亭,2019-01-05,82,7.0,9.0,nan,41.0,29,17.0,82.0
15,松山,2019-01-05,72,9.0,8.0,nan,45.0,36,13.0,72.0
59,屏東,2019-01-05,87,9.0,7.0,nan,59.0,26,45.0,87.0
58,小港,2019-01-05,93,10.0,8.0,nan,57.0,42,34.0,93.0
68,中壢,2019-01-05,69,9.0,12.0,nan,44.0,36,nan,69.0
16,大同,2019-01-05,63,9.0,15.0,nan,32.0,35,nan,63.0
57,前鎮,2019-01-05,109,14.0,14.0,nan,66.0,57,nan,109.0
18,大園,2019-01-05,44,9.0,6.0,nan,28.0,21,27.0,44.0
69,竹山,2019-01-05,153,10.0,8.0,nan,78.0,31,64.0,153.0
56,前金,2019-01-05,110,9.0,9.0,nan,59.0,41,67.0,110.0
19,觀音,2019-01-05,63,9.0,6.0,nan,28.0,22,26.0,63.0
20,平鎮,2019-01-05,57,10.0,7.0,nan,38.0,27,17.0,57.0
21,龍潭,2019-01-05,69,9.0,8.0,nan,45.0,30,19.0,69.0
70,永和,2019-01-05,78,9.0,19.0,nan,41.0,39,nan,78.0
22,湖口,2019-01-05,57,6.0,6.0,nan,36.0,22,24.0,57.0
54,左營,2019-01-05,111,6.0,9.0,nan,62.0,43,101.0,111.0
23,竹東,2019-01-05,81,4.0,7.0,nan,41.0,27,15.0,81.0
24,新竹,2019-01-05,95,6.0,7.0,nan,44.0,28,17.0,95.0
25,頭份,2019-01-05,90,4.0,7.0,nan,52.0,27,nan,90.0
26,苗栗,2019-01-05,94,7.0,8.0,nan,52.0,27,10.0,94.0
53,楠梓,2019-01-05,133,7.0,8.0,nan,69.0,42,84.0,133.0
27,三義,2019-01-05,58,1.0,6.0,nan,27.0,25,19.0,58.0
52,林園,2019-01-05,62,16.0,6.0,nan,54.0,25,37.0,62.0
51,大寮,2019-01-05,84,29.0,7.0,nan,52.0,30,34.0,84.0
71,復興,2019-01-05,104,11.0,16.0,nan,68.0,64,nan,104.0
28,豐原,2019-01-05,105,11.0,7.0,nan,56.0,35,25.0,105.0
29,沙鹿,2019-01-05,90,4.0,5.0,nan,50.0,25,24.0,90.0
30,大里,2019-01-05,85,6.0,9.0,nan,55.0,38,32.0,85.0
50,鳳山,2019-01-05,97,9.0,10.0,nan,60.0,42,nan,97.0
31,忠明,2019-01-05,95,4.0,8.0,nan,45.0,34,29.0,95.0
32,西屯,2019-01-05,89,4.0,7.0,nan,54.0,28,31.0,89.0
72,埔里,2019-01-05,104,6.0,7.0,nan,64.0,26,46.0,104.0
75,馬祖,2019-01-05,31,4.0,5.0,nan,17.0,18,24.0,31.0
33,彰化,2019-01-05,103,4.0,8.0,nan,49.0,28,26.0,103.0
49,仁武,2019-01-05,121,11.0,8.0,nan,63.0,48,80.0,121.0
34,線西,2019-01-05,119,14.0,8.0,nan,56.0,25,nan,119.0
48,橋頭,2019-01-05,136,6.0,8.0,nan,71.0,30,67.0,136.0
35,二林,2019-01-05,110,19.0,8.0,nan,80.0,25,25.0,110.0
47,美濃,2019-01-05,83,4.0,6.0,nan,57.0,14,61.0,83.0
36,南投,2019-01-05,106,6.0,9.0,nan,62.0,40,36.0,106.0
37,斗六,2019-01-05,126,7.0,8.0,nan,64.0,57,49.0,126.0
77,金門,2019-01-05,74,16.0,5.0,nan,36.0,22,29.0,74.0
46,臺南,2019-01-05,143,9.0,9.0,nan,75.0,28,54.0,143.0
38,崙背,2019-01-05,126,11.0,6.0,nan,71.0,20,34.0,126.0
39,新港,2019-01-05,151,9.0,8.0,nan,77.0,20,35.0,151.0
45,安南,2019-01-05,137,9.0,8.0,nan,73.0,25,67.0,137.0
78,馬公,2019-01-05,51,1.0,3.0,nan,21.0,12,20.0,51.0
40,朴子,2019-01-05,130,4.0,6.0,nan,76.0,16,37.0,130.0
44,善化,2019-01-05,135,11.0,7.0,nan,76.0,22,49.0,135.0
80,關山,2019-01-05,19,3.0,nan,nan,11.0,8,19.0,17.0
41,臺西,2019-01-05,104,6.0,5.0,nan,57.0,16,nan,104.0
43,新營,2019-01-05,142,6.0,7.0,nan,69.0,22,36.0,142.0
42,嘉義,2019-01-05,145,10.0,8.0,nan,74.0,29,41.0,145.0
75,馬祖,2019-01-06,39,3.0,6.0,nan,20.0,14,39.0,34.0
77,金門,2019-01-06,60,7.0,7.0,nan,30.0,16,32.0,60.0
11,士林,2019-01-06,35,1.0,7.0,nan,10.0,23,35.0,15.0
49,仁武,2019-01-06,118,6.0,8.0,nan,57.0,24,45.0,118.0
12,中山,2019-01-06,29,3.0,8.0,nan,17.0,26,24.0,29.0
10,淡水,2019-01-06,38,1.0,6.0,nan,4.0,9,38.0,12.0
50,鳳山,2019-01-06,104,7.0,9.0,nan,62.0,29,nan,104.0
51,大寮,2019-01-06,123,11.0,8.0,nan,62.0,25,48.0,123.0
9,林口,2019-01-06,36,3.0,6.0,nan,12.0,12,36.0,11.0
48,橋頭,2019-01-06,104,6.0,8.0,nan,59.0,23,42.0,104.0
13,萬華,2019-01-06,26,3.0,8.0,nan,13.0,25,26.0,19.0
52,林園,2019-01-06,118,11.0,9.0,nan,76.0,32,58.0,118.0
8,菜寮,2019-01-06,24,3.0,8.0,nan,13.0,24,23.0,23.0
14,古亭,2019-01-06,32,3.0,7.0,nan,14.0,23,32.0,20.0
7,新莊,2019-01-06,31,3.0,7.0,nan,10.0,18,31.0,nan
47,美濃,2019-01-06,88,3.0,7.0,nan,59.0,12,46.0,88.0
6,板橋,2019-01-06,27,6.0,7.0,nan,nan,21,27.0,nan
5,土城,2019-01-06,32,1.0,7.0,nan,8.0,27,32.0,27.0
15,松山,2019-01-06,29,3.0,6.0,nan,17.0,23,29.0,20.0
53,楠梓,2019-01-06,117,4.0,8.0,nan,58.0,24,45.0,117.0
54,左營,2019-01-06,101,6.0,9.0,nan,58.0,25,45.0,101.0
46,臺南,2019-01-06,76,6.0,8.0,nan,54.0,22,43.0,76.0
45,安南,2019-01-06,72,6.0,7.0,nan,53.0,21,47.0,72.0
4,新店,2019-01-06,30,3.0,7.0,nan,6.0,21,30.0,14.0
31,忠明,2019-01-06,30,3.0,7.0,nan,8.0,23,30.0,23.0
16,大同,2019-01-06,34,4.0,16.0,nan,15.0,34,nan,27.0
56,前金,2019-01-06,113,7.0,9.0,nan,62.0,23,45.0,113.0
26,苗栗,2019-01-06,38,4.0,7.0,nan,14.0,18,25.0,38.0
44,善化,2019-01-06,77,7.0,7.0,nan,54.0,23,44.0,77.0
57,前鎮,2019-01-06,118,7.0,10.0,nan,68.0,25,nan,118.0
43,新營,2019-01-06,61,4.0,7.0,nan,42.0,24,35.0,61.0
3,萬里,2019-01-06,44,3.0,5.0,nan,30.0,8,44.0,26.0
30,大里,2019-01-06,28,4.0,8.0,nan,12.0,22,28.0,26.0
58,小港,2019-01-06,115,9.0,9.0,nan,62.0,30,44.0,115.0
2,汐止,2019-01-06,33,4.0,6.0,nan,8.0,19,33.0,12.0
59,屏東,2019-01-06,134,4.0,8.0,nan,65.0,19,64.0,134.0
60,潮州,2019-01-06,118,23.0,7.0,nan,72.0,23,71.0,118.0
18,大園,2019-01-06,39,13.0,6.0,nan,15.0,16,39.0,20.0
19,觀音,2019-01-06,36,27.0,6.0,nan,15.0,11,35.0,36.0
42,嘉義,2019-01-06,67,9.0,8.0,nan,36.0,29,39.0,67.0
83,麥寮,2019-01-06,31,3.0,6.0,nan,31.0,19,nan,30.0
61,恆春,2019-01-06,44,3.0,3.0,nan,5.0,3,44.0,24.0
67,三重,2019-01-06,34,6.0,18.0,nan,27.0,34,nan,21.0
27,三義,2019-01-06,31,3.0,5.0,nan,8.0,24,31.0,21.0
62,臺東,2019-01-06,27,1.0,6.0,nan,6.0,8,27.0,15.0
20,平鎮,2019-01-06,33,6.0,7.0,nan,11.0,19,33.0,21.0
63,花蓮,2019-01-06,39,3.0,6.0,nan,16.0,13,39.0,10.0
17,桃園,2019-01-06,27,6.0,7.0,nan,12.0,15,27.0,17.0
29,沙鹿,2019-01-06,33,3.0,6.0,nan,11.0,23,33.0,23.0
21,龍潭,2019-01-06,37,4.0,7.0,nan,10.0,15,37.0,14.0
41,臺西,2019-01-06,27,3.0,6.0,nan,26.0,19,nan,27.0
1,基隆,2019-01-06,38,4.0,5.0,nan,13.0,19,38.0,16.0
64,陽明,2019-01-06,40,3.0,5.0,nan,4.0,9,40.0,5.0
78,馬公,2019-01-06,30,3.0,6.0,nan,18.0,10,25.0,30.0
40,朴子,2019-01-06,58,9.0,7.0,nan,51.0,23,38.0,58.0
39,新港,2019-01-06,54,7.0,8.0,nan,38.0,24,37.0,54.0
65,宜蘭,2019-01-06,38,4.0,6.0,nan,17.0,10,38.0,29.0
84,富貴角,2019-01-06,42,1.0,5.0,nan,33.0,9,42.0,29.0
66,冬山,2019-01-06,39,3.0,5.0,nan,10.0,11,39.0,17.0
25,頭份,2019-01-06,23,4.0,6.0,nan,13.0,18,nan,23.0
22,湖口,2019-01-06,37,3.0,6.0,nan,13.0,11,37.0,29.0
68,中壢,2019-01-06,28,3.0,9.0,nan,12.0,28,nan,24.0
33,彰化,2019-01-06,31,3.0,7.0,nan,14.0,25,31.0,28.0
24,新竹,2019-01-06,35,3.0,7.0,nan,14.0,15,31.0,35.0
69,竹山,2019-01-06,78,4.0,7.0,nan,41.0,24,39.0,78.0
38,崙背,2019-01-06,57,7.0,7.0,nan,31.0,23,36.0,57.0
37,斗六,2019-01-06,49,3.0,7.0,nan,31.0,28,41.0,49.0
70,永和,2019-01-06,25,4.0,11.0,nan,11.0,25,nan,15.0
23,竹東,2019-01-06,30,3.0,6.0,nan,9.0,21,30.0,28.0
36,南投,2019-01-06,46,4.0,7.0,nan,25.0,28,26.0,46.0
80,關山,2019-01-06,30,1.0,nan,nan,7.0,8,30.0,22.0
71,復興,2019-01-06,112,7.0,11.0,nan,68.0,27,nan,112.0
32,西屯,2019-01-06,32,6.0,6.0,nan,19.0,21,32.0,31.0
35,二林,2019-01-06,36,9.0,7.0,nan,36.0,25,31.0,36.0
72,埔里,2019-01-06,53,6.0,6.0,nan,34.0,22,36.0,53.0
34,線西,2019-01-06,31,4.0,7.0,nan,14.0,25,nan,31.0
28,豐原,2019-01-06,29,3.0,6.0,nan,9.0,22,29.0,nan
72,埔里,2019-01-07,57,6.0,7.0,nan,37.0,31,44.0,57.0
1,基隆,2019-01-07,37,4.0,11.0,nan,21.0,24,37.0,24.0
17,桃園,2019-01-07,36,17.0,12.0,nan,21.0,36,29.0,26.0
67,三重,2019-01-07,41,6.0,22.0,nan,32.0,41,nan,21.0
2,汐止,2019-01-07,34,7.0,10.0,nan,15.0,29,34.0,19.0
3,萬里,2019-01-07,43,3.0,3.0,nan,31.0,8,43.0,28.0
4,新店,2019-01-07,31,3.0,9.0,nan,8.0,30,31.0,15.0
5,土城,2019-01-07,37,6.0,12.0,nan,18.0,37,32.0,32.0
6,板橋,2019-01-07,39,11.0,15.0,nan,18.0,39,31.0,32.0
7,新莊,2019-01-07,42,9.0,16.0,nan,15.0,42,35.0,22.0
8,菜寮,2019-01-07,37,4.0,14.0,nan,15.0,37,25.0,22.0
9,林口,2019-01-07,37,4.0,8.0,nan,17.0,35,37.0,14.0
10,淡水,2019-01-07,37,6.0,9.0,nan,8.0,26,37.0,16.0
11,士林,2019-01-07,36,4.0,8.0,nan,13.0,29,36.0,21.0
12,中山,2019-01-07,39,6.0,12.0,nan,20.0,39,32.0,32.0
13,萬華,2019-01-07,36,7.0,11.0,nan,16.0,36,31.0,20.0
14,古亭,2019-01-07,33,4.0,10.0,nan,20.0,33,33.0,25.0
15,松山,2019-01-07,34,6.0,10.0,nan,22.0,34,33.0,28.0
16,大同,2019-01-07,42,7.0,25.0,nan,23.0,42,nan,27.0
18,大園,2019-01-07,34,14.0,5.0,nan,24.0,31,34.0,22.0
19,觀音,2019-01-07,43,26.0,3.0,nan,27.0,23,36.0,43.0
20,平鎮,2019-01-07,42,13.0,10.0,nan,27.0,40,32.0,42.0
21,龍潭,2019-01-07,38,7.0,9.0,nan,29.0,38,31.0,34.0
22,湖口,2019-01-07,44,6.0,6.0,nan,25.0,28,44.0,32.0
23,竹東,2019-01-07,37,6.0,7.0,nan,31.0,23,24.0,37.0
24,新竹,2019-01-07,53,6.0,8.0,nan,31.0,29,36.0,53.0
25,頭份,2019-01-07,40,6.0,7.0,nan,34.0,22,nan,40.0
26,苗栗,2019-01-07,59,10.0,8.0,nan,35.0,23,31.0,59.0
27,三義,2019-01-07,41,4.0,5.0,nan,19.0,10,41.0,32.0
28,豐原,2019-01-07,39,7.0,10.0,nan,34.0,25,39.0,nan
29,沙鹿,2019-01-07,44,4.0,5.0,nan,26.0,20,44.0,34.0
30,大里,2019-01-07,40,6.0,9.0,nan,33.0,28,36.0,40.0
31,忠明,2019-01-07,46,4.0,6.0,nan,26.0,22,38.0,46.0
32,西屯,2019-01-07,39,6.0,6.0,nan,33.0,22,39.0,38.0
33,彰化,2019-01-07,37,4.0,7.0,nan,nan,25,37.0,37.0
34,線西,2019-01-07,46,9.0,6.0,nan,37.0,21,nan,46.0
35,二林,2019-01-07,55,19.0,6.0,nan,55.0,20,36.0,48.0
36,南投,2019-01-07,44,6.0,8.0,nan,44.0,32,35.0,nan
37,斗六,2019-01-07,73,9.0,6.0,nan,47.0,33,44.0,73.0
38,崙背,2019-01-07,63,7.0,5.0,nan,44.0,16,38.0,63.0
39,新港,2019-01-07,66,11.0,6.0,nan,52.0,17,40.0,66.0
40,朴子,2019-01-07,55,9.0,7.0,nan,55.0,15,44.0,55.0
41,臺西,2019-01-07,41,7.0,3.0,nan,35.0,9,nan,41.0
42,嘉義,2019-01-07,72,7.0,8.0,nan,52.0,28,39.0,72.0
43,新營,2019-01-07,71,7.0,6.0,nan,52.0,21,37.0,71.0
44,善化,2019-01-07,70,6.0,6.0,nan,60.0,18,47.0,70.0
45,安南,2019-01-07,66,6.0,7.0,nan,59.0,21,48.0,66.0
46,臺南,2019-01-07,71,7.0,8.0,nan,56.0,23,44.0,71.0
47,美濃,2019-01-07,65,4.0,8.0,nan,57.0,11,54.0,65.0
48,橋頭,2019-01-07,101,9.0,8.0,nan,62.0,32,45.0,101.0
49,仁武,2019-01-07,113,21.0,9.0,nan,59.0,46,51.0,113.0
50,鳳山,2019-01-07,96,9.0,10.0,nan,62.0,50,nan,96.0
51,大寮,2019-01-07,112,23.0,10.0,nan,69.0,43,50.0,112.0
52,林園,2019-01-07,111,20.0,10.0,nan,79.0,45,71.0,111.0
53,楠梓,2019-01-07,103,7.0,8.0,nan,58.0,31,61.0,103.0
54,左營,2019-01-07,74,7.0,9.0,nan,56.0,28,74.0,73.0
56,前金,2019-01-07,89,9.0,9.0,nan,59.0,25,71.0,89.0
57,前鎮,2019-01-07,102,10.0,12.0,nan,66.0,42,nan,102.0
58,小港,2019-01-07,99,10.0,11.0,nan,63.0,64,44.0,99.0
59,屏東,2019-01-07,115,9.0,9.0,nan,71.0,43,108.0,115.0
60,潮州,2019-01-07,117,37.0,10.0,nan,76.0,26,90.0,117.0
61,恆春,2019-01-07,43,1.0,3.0,nan,4.0,2,43.0,23.0
62,臺東,2019-01-07,28,3.0,6.0,nan,9.0,8,28.0,20.0
63,花蓮,2019-01-07,36,3.0,7.0,nan,19.0,19,36.0,7.0
64,陽明,2019-01-07,40,3.0,2.0,nan,6.0,2,40.0,15.0
65,宜蘭,2019-01-07,33,6.0,7.0,nan,14.0,22,33.0,18.0
66,冬山,2019-01-07,28,3.0,5.0,nan,9.0,16,28.0,10.0
68,中壢,2019-01-07,45,16.0,23.0,nan,28.0,45,nan,29.0
69,竹山,2019-01-07,78,6.0,7.0,nan,52.0,21,46.0,78.0
70,永和,2019-01-07,34,4.0,14.0,nan,15.0,34,nan,22.0
71,復興,2019-01-07,96,10.0,16.0,nan,70.0,41,nan,96.0
75,馬祖,2019-01-07,47,4.0,6.0,nan,24.0,9,31.0,47.0
77,金門,2019-01-07,65,11.0,6.0,nan,37.0,19,39.0,65.0
78,馬公,2019-01-07,51,3.0,5.0,nan,30.0,10,23.0,51.0
80,關山,2019-01-07,28,3.0,nan,nan,9.0,10,28.0,23.0
83,麥寮,2019-01-07,54,3.0,5.0,nan,54.0,8,nan,40.0
84,富貴角,2019-01-07,41,1.0,2.0,nan,34.0,3,41.0,32.0
44,善化,2019-01-08,89,4.0,5.0,nan,68.0,17,39.0,89.0
66,冬山,2019-01-08,35,3.0,5.0,nan,13.0,13,35.0,8.0
68,中壢,2019-01-08,33,6.0,12.0,nan,25.0,33,nan,26.0
69,竹山,2019-01-08,85,6.0,6.0,nan,51.0,24,44.0,85.0
70,永和,2019-01-08,32,7.0,14.0,nan,19.0,27,nan,32.0
71,復興,2019-01-08,120,6.0,11.0,nan,78.0,35,nan,120.0
72,埔里,2019-01-08,55,6.0,6.0,nan,37.0,23,49.0,55.0
75,馬祖,2019-01-08,31,3.0,5.0,nan,19.0,12,31.0,30.0
77,金門,2019-01-08,68,13.0,7.0,nan,39.0,25,36.0,68.0
78,馬公,2019-01-08,38,1.0,3.0,nan,18.0,7,30.0,38.0
80,關山,2019-01-08,7,3.0,nan,nan,nan,5,7.0,nan
83,麥寮,2019-01-08,57,4.0,3.0,nan,57.0,11,nan,42.0
84,富貴角,2019-01-08,40,9.0,3.0,nan,26.0,28,40.0,28.0
67,三重,2019-01-08,44,9.0,22.0,nan,29.0,44,nan,26.0
19,觀音,2019-01-08,41,7.0,3.0,nan,19.0,8,36.0,41.0
20,平鎮,2019-01-08,37,9.0,6.0,nan,21.0,25,27.0,37.0
2,汐止,2019-01-08,31,6.0,8.0,nan,6.0,25,31.0,10.0
21,龍潭,2019-01-08,32,4.0,5.0,nan,19.0,19,32.0,32.0
3,萬里,2019-01-08,43,1.0,2.0,nan,30.0,6,43.0,23.0
22,湖口,2019-01-08,38,4.0,3.0,nan,19.0,10,38.0,26.0
23,竹東,2019-01-08,26,3.0,5.0,nan,21.0,17,26.0,nan
24,新竹,2019-01-08,43,4.0,5.0,nan,24.0,16,29.0,43.0
4,新店,2019-01-08,28,4.0,6.0,nan,6.0,20,28.0,12.0
25,頭份,2019-01-08,28,3.0,5.0,nan,28.0,15,nan,28.0
26,苗栗,2019-01-08,47,7.0,5.0,nan,28.0,22,24.0,47.0
27,三義,2019-01-08,26,4.0,3.0,nan,12.0,15,26.0,24.0
28,豐原,2019-01-08,35,3.0,3.0,nan,19.0,17,27.0,35.0
5,土城,2019-01-08,45,7.0,8.0,nan,21.0,25,28.0,45.0
29,沙鹿,2019-01-08,31,4.0,6.0,nan,21.0,17,31.0,27.0
6,板橋,2019-01-08,44,17.0,9.0,nan,23.0,30,25.0,44.0
30,大里,2019-01-08,32,4.0,7.0,nan,22.0,28,24.0,32.0
7,新莊,2019-01-08,31,11.0,7.0,nan,20.0,31,28.0,24.0
31,忠明,2019-01-08,39,3.0,5.0,nan,19.0,21,26.0,39.0
8,菜寮,2019-01-08,32,7.0,10.0,nan,19.0,29,22.0,32.0
32,西屯,2019-01-08,34,3.0,3.0,nan,29.0,20,29.0,34.0
9,林口,2019-01-08,33,10.0,5.0,nan,18.0,33,33.0,20.0
33,彰化,2019-01-08,39,4.0,6.0,nan,nan,21,29.0,39.0
10,淡水,2019-01-08,39,7.0,6.0,nan,12.0,28,39.0,29.0
34,線西,2019-01-08,46,9.0,6.0,nan,35.0,13,nan,46.0
35,二林,2019-01-08,55,9.0,5.0,nan,55.0,12,30.0,44.0
36,南投,2019-01-08,64,4.0,7.0,nan,41.0,26,27.0,64.0
11,士林,2019-01-08,33,4.0,8.0,nan,17.0,27,33.0,27.0
37,斗六,2019-01-08,70,4.0,5.0,nan,45.0,20,42.0,70.0
38,崙背,2019-01-08,65,7.0,5.0,nan,47.0,16,33.0,65.0
39,新港,2019-01-08,70,7.0,5.0,nan,54.0,16,33.0,70.0
40,朴子,2019-01-08,62,6.0,5.0,nan,62.0,14,36.0,62.0
12,中山,2019-01-08,40,13.0,11.0,nan,24.0,31,23.0,40.0
41,臺西,2019-01-08,46,6.0,3.0,nan,31.0,7,nan,46.0
42,嘉義,2019-01-08,84,7.0,6.0,nan,53.0,26,37.0,84.0
13,萬華,2019-01-08,34,13.0,10.0,nan,15.0,29,25.0,34.0
43,新營,2019-01-08,77,6.0,5.0,nan,56.0,18,28.0,77.0
14,古亭,2019-01-08,26,7.0,8.0,nan,20.0,25,26.0,23.0
45,安南,2019-01-08,82,4.0,5.0,nan,64.0,15,42.0,82.0
15,松山,2019-01-08,29,6.0,9.0,nan,19.0,29,28.0,20.0
46,臺南,2019-01-08,87,6.0,6.0,nan,63.0,18,40.0,87.0
1,基隆,2019-01-08,36,6.0,6.0,nan,10.0,16,36.0,15.0
47,美濃,2019-01-08,80,11.0,6.0,nan,64.0,28,49.0,80.0
48,橋頭,2019-01-08,114,6.0,6.0,nan,70.0,25,36.0,114.0
17,桃園,2019-01-08,37,10.0,6.0,nan,25.0,33,23.0,37.0
16,大同,2019-01-08,40,11.0,23.0,nan,23.0,40,nan,39.0
49,仁武,2019-01-08,117,6.0,7.0,nan,67.0,29,44.0,117.0
50,鳳山,2019-01-08,117,6.0,10.0,nan,71.0,40,nan,117.0
51,大寮,2019-01-08,120,13.0,7.0,nan,70.0,44,58.0,120.0
52,林園,2019-01-08,127,10.0,7.0,nan,83.0,38,100.0,127.0
18,大園,2019-01-08,41,7.0,3.0,nan,20.0,21,41.0,22.0
53,楠梓,2019-01-08,115,6.0,7.0,nan,66.0,26,41.0,115.0
54,左營,2019-01-08,81,4.0,6.0,nan,66.0,24,47.0,81.0
56,前金,2019-01-08,120,6.0,7.0,nan,71.0,25,47.0,120.0
57,前鎮,2019-01-08,129,6.0,9.0,nan,76.0,37,nan,129.0
58,小港,2019-01-08,130,7.0,8.0,nan,72.0,52,39.0,130.0
59,屏東,2019-01-08,109,9.0,8.0,nan,73.0,35,80.0,109.0
60,潮州,2019-01-08,110,9.0,6.0,nan,72.0,20,87.0,110.0
61,恆春,2019-01-08,40,3.0,2.0,nan,nan,2,40.0,17.0
62,臺東,2019-01-08,27,3.0,5.0,nan,9.0,7,27.0,23.0
63,花蓮,2019-01-08,39,1.0,5.0,nan,14.0,11,39.0,6.0
64,陽明,2019-01-08,37,3.0,2.0,nan,5.0,7,37.0,6.0
65,宜蘭,2019-01-08,36,3.0,6.0,nan,13.0,14,36.0,15.0
51,大寮,2019-01-09,105,24.0,8.0,nan,69.0,43,100.0,105.0
71,復興,2019-01-09,100,10.0,11.0,nan,71.0,41,nan,100.0
50,鳳山,2019-01-09,98,9.0,10.0,nan,67.0,36,nan,98.0
49,仁武,2019-01-09,92,30.0,8.0,nan,63.0,35,71.0,92.0
56,前金,2019-01-09,94,9.0,8.0,nan,65.0,24,87.0,94.0
77,金門,2019-01-09,58,9.0,7.0,nan,30.0,11,44.0,58.0
48,橋頭,2019-01-09,98,7.0,7.0,nan,63.0,25,48.0,98.0
64,陽明,2019-01-09,42,1.0,3.0,nan,5.0,3,42.0,6.0
53,楠梓,2019-01-09,98,6.0,7.0,nan,62.0,29,64.0,98.0
47,美濃,2019-01-09,72,6.0,6.0,nan,62.0,12,67.0,72.0
46,臺南,2019-01-09,67,6.0,7.0,nan,57.0,20,51.0,67.0
63,花蓮,2019-01-09,40,3.0,7.0,nan,14.0,21,40.0,6.0
65,宜蘭,2019-01-09,36,3.0,6.0,nan,9.0,13,36.0,16.0
9,林口,2019-01-09,37,4.0,5.0,nan,16.0,15,37.0,16.0
45,安南,2019-01-09,67,6.0,6.0,nan,59.0,18,67.0,59.0
60,潮州,2019-01-09,143,16.0,7.0,nan,73.0,30,143.0,108.0
44,善化,2019-01-09,62,6.0,6.0,nan,57.0,15,54.0,62.0
68,中壢,2019-01-09,37,7.0,16.0,nan,14.0,37,nan,21.0
43,新營,2019-01-09,67,7.0,6.0,nan,50.0,15,43.0,67.0
57,前鎮,2019-01-09,97,9.0,10.0,nan,68.0,37,nan,97.0
54,左營,2019-01-09,74,7.0,7.0,nan,61.0,26,74.0,66.0
10,淡水,2019-01-09,40,4.0,6.0,nan,6.0,20,40.0,18.0
62,臺東,2019-01-09,27,1.0,5.0,nan,9.0,8,27.0,14.0
66,冬山,2019-01-09,36,3.0,5.0,nan,6.0,18,36.0,10.0
42,嘉義,2019-01-09,62,6.0,8.0,nan,48.0,29,44.0,62.0
11,士林,2019-01-09,35,6.0,5.0,nan,12.0,10,35.0,23.0
41,臺西,2019-01-09,44,4.0,5.0,nan,32.0,5,nan,44.0
40,朴子,2019-01-09,48,9.0,6.0,nan,48.0,13,45.0,33.0
12,中山,2019-01-09,36,3.0,8.0,nan,19.0,31,30.0,36.0
39,新港,2019-01-09,58,7.0,6.0,nan,46.0,14,41.0,58.0
38,崙背,2019-01-09,60,13.0,6.0,nan,38.0,15,43.0,60.0
13,萬華,2019-01-09,30,4.0,7.0,nan,16.0,28,30.0,19.0
37,斗六,2019-01-09,55,6.0,6.0,nan,43.0,28,24.0,55.0
14,古亭,2019-01-09,32,3.0,8.0,nan,19.0,29,32.0,25.0
36,南投,2019-01-09,60,7.0,8.0,nan,41.0,30,35.0,60.0
35,二林,2019-01-09,54,13.0,7.0,nan,54.0,17,34.0,45.0
34,線西,2019-01-09,39,9.0,8.0,nan,34.0,17,nan,39.0
15,松山,2019-01-09,31,4.0,7.0,nan,22.0,27,31.0,31.0
16,大同,2019-01-09,35,3.0,11.0,nan,17.0,35,nan,27.0
32,西屯,2019-01-09,42,3.0,6.0,nan,31.0,25,42.0,31.0
31,忠明,2019-01-09,38,4.0,7.0,nan,22.0,29,38.0,34.0
30,大里,2019-01-09,37,6.0,9.0,nan,29.0,35,37.0,30.0
18,大園,2019-01-09,32,9.0,5.0,nan,19.0,21,32.0,28.0
29,沙鹿,2019-01-09,43,4.0,6.0,nan,19.0,26,43.0,28.0
19,觀音,2019-01-09,55,13.0,5.0,nan,23.0,15,35.0,55.0
28,豐原,2019-01-09,36,9.0,7.0,nan,29.0,32,34.0,36.0
20,平鎮,2019-01-09,33,4.0,8.0,nan,12.0,23,33.0,19.0
27,三義,2019-01-09,40,3.0,6.0,nan,20.0,19,40.0,29.0
21,龍潭,2019-01-09,35,4.0,7.0,nan,13.0,19,35.0,21.0
26,苗栗,2019-01-09,48,6.0,8.0,nan,26.0,28,25.0,48.0
22,湖口,2019-01-09,37,3.0,6.0,nan,15.0,15,37.0,22.0
25,頭份,2019-01-09,33,1.0,7.0,nan,14.0,33,nan,24.0
24,新竹,2019-01-09,34,3.0,8.0,nan,17.0,27,31.0,34.0
23,竹東,2019-01-09,28,4.0,7.0,nan,12.0,21,28.0,24.0
6,板橋,2019-01-09,29,6.0,8.0,nan,14.0,23,29.0,27.0
7,新莊,2019-01-09,35,4.0,7.0,nan,17.0,16,35.0,16.0
8,菜寮,2019-01-09,25,4.0,7.0,nan,14.0,17,25.0,23.0
5,土城,2019-01-09,32,4.0,7.0,nan,14.0,22,32.0,31.0
33,彰化,2019-01-09,38,4.0,7.0,nan,25.0,25,38.0,31.0
2,汐止,2019-01-09,33,3.0,7.0,nan,9.0,25,33.0,27.0
67,三重,2019-01-09,38,6.0,18.0,nan,25.0,38,nan,23.0
4,新店,2019-01-09,34,1.0,7.0,nan,6.0,17,34.0,13.0
1,基隆,2019-01-09,38,1.0,5.0,nan,19.0,14,38.0,nan
17,桃園,2019-01-09,28,6.0,7.0,nan,18.0,16,28.0,21.0
3,萬里,2019-01-09,44,3.0,5.0,nan,34.0,7,44.0,36.0
80,關山,2019-01-09,29,3.0,nan,nan,nan,8,29.0,nan
70,永和,2019-01-09,25,4.0,8.0,nan,17.0,25,nan,23.0
72,埔里,2019-01-09,84,7.0,8.0,nan,48.0,34,84.0,72.0
59,屏東,2019-01-09,129,9.0,9.0,nan,73.0,33,129.0,114.0
52,林園,2019-01-09,122,17.0,8.0,nan,81.0,38,122.0,107.0
75,馬祖,2019-01-09,56,4.0,6.0,nan,31.0,6,35.0,56.0
58,小港,2019-01-09,106,10.0,10.0,nan,70.0,53,50.0,106.0
84,富貴角,2019-01-09,43,1.0,3.0,nan,34.0,3,43.0,41.0
78,馬公,2019-01-09,46,1.0,5.0,nan,26.0,8,35.0,46.0
83,麥寮,2019-01-09,55,3.0,5.0,nan,55.0,9,nan,36.0
61,恆春,2019-01-09,44,1.0,3.0,nan,6.0,2,44.0,11.0
69,竹山,2019-01-09,82,4.0,7.0,nan,54.0,25,67.0,82.0
62,臺東,2019-01-10,29,3.0,7.0,nan,9.0,18,29.0,18.0
20,平鎮,2019-01-10,60,10.0,8.0,nan,42.0,32,27.0,60.0
21,龍潭,2019-01-10,69,10.0,9.0,nan,50.0,29,38.0,69.0
22,湖口,2019-01-10,64,6.0,7.0,nan,45.0,25,31.0,64.0
23,竹東,2019-01-10,77,7.0,7.0,nan,45.0,19,24.0,77.0
24,新竹,2019-01-10,88,6.0,9.0,nan,52.0,27,23.0,88.0
25,頭份,2019-01-10,71,4.0,7.0,nan,54.0,24,nan,71.0
26,苗栗,2019-01-10,82,6.0,9.0,nan,56.0,25,20.0,82.0
27,三義,2019-01-10,60,7.0,6.0,nan,30.0,22,29.0,60.0
28,豐原,2019-01-10,81,7.0,7.0,nan,52.0,26,26.0,81.0
29,沙鹿,2019-01-10,63,6.0,6.0,nan,44.0,25,27.0,63.0
30,大里,2019-01-10,66,7.0,10.0,nan,54.0,31,30.0,66.0
31,忠明,2019-01-10,76,6.0,6.0,nan,43.0,25,27.0,76.0
32,西屯,2019-01-10,72,6.0,6.0,nan,51.0,28,27.0,72.0
34,線西,2019-01-10,75,9.0,6.0,nan,55.0,17,nan,75.0
35,二林,2019-01-10,75,11.0,5.0,nan,73.0,20,27.0,75.0
36,南投,2019-01-10,85,13.0,9.0,nan,59.0,30,33.0,85.0
37,斗六,2019-01-10,88,9.0,6.0,nan,68.0,36,42.0,88.0
38,崙背,2019-01-10,105,6.0,5.0,nan,67.0,19,29.0,105.0
39,新港,2019-01-10,117,6.0,6.0,nan,78.0,19,31.0,117.0
40,朴子,2019-01-10,111,3.0,5.0,nan,74.0,17,33.0,111.0
41,臺西,2019-01-10,70,7.0,3.0,nan,45.0,11,nan,70.0
42,嘉義,2019-01-10,119,7.0,9.0,nan,74.0,30,37.0,119.0
43,新營,2019-01-10,142,4.0,7.0,nan,75.0,26,36.0,142.0
44,善化,2019-01-10,117,9.0,7.0,nan,81.0,22,48.0,117.0
45,安南,2019-01-10,127,4.0,8.0,nan,83.0,24,48.0,127.0
46,臺南,2019-01-10,124,7.0,8.0,nan,78.0,27,45.0,124.0
47,美濃,2019-01-10,116,9.0,7.0,nan,78.0,13,104.0,116.0
48,橋頭,2019-01-10,137,13.0,8.0,nan,78.0,35,51.0,137.0
49,仁武,2019-01-10,132,17.0,9.0,nan,74.0,50,74.0,132.0
50,鳳山,2019-01-10,153,10.0,11.0,nan,79.0,53,nan,153.0
51,大寮,2019-01-10,138,26.0,11.0,nan,82.0,46,67.0,138.0
52,林園,2019-01-10,132,11.0,8.0,nan,91.0,36,108.0,132.0
53,楠梓,2019-01-10,142,13.0,8.0,nan,73.0,35,74.0,142.0
54,左營,2019-01-10,97,11.0,10.0,nan,74.0,37,97.0,90.0
56,前金,2019-01-10,135,11.0,10.0,nan,78.0,35,93.0,135.0
57,前鎮,2019-01-10,146,19.0,15.0,nan,85.0,57,nan,146.0
58,小港,2019-01-10,140,27.0,11.0,nan,80.0,63,50.0,140.0
59,屏東,2019-01-10,146,10.0,9.0,nan,89.0,29,115.0,146.0
60,潮州,2019-01-10,151,16.0,8.0,nan,96.0,31,151.0,140.0
61,恆春,2019-01-10,41,3.0,2.0,nan,6.0,2,41.0,9.0
19,觀音,2019-01-10,70,13.0,5.0,nan,46.0,23,30.0,70.0
63,花蓮,2019-01-10,40,3.0,7.0,nan,16.0,18,40.0,11.0
64,陽明,2019-01-10,37,4.0,5.0,nan,8.0,12,37.0,22.0
65,宜蘭,2019-01-10,39,6.0,8.0,nan,11.0,17,39.0,15.0
66,冬山,2019-01-10,32,9.0,7.0,nan,17.0,24,32.0,17.0
68,中壢,2019-01-10,50,13.0,17.0,nan,40.0,36,nan,50.0
69,竹山,2019-01-10,113,6.0,8.0,nan,73.0,26,58.0,113.0
70,永和,2019-01-10,63,10.0,23.0,nan,37.0,57,nan,63.0
71,復興,2019-01-10,134,23.0,18.0,nan,86.0,63,nan,134.0
72,埔里,2019-01-10,73,4.0,6.0,nan,52.0,28,67.0,73.0
75,馬祖,2019-01-10,43,4.0,5.0,nan,23.0,11,27.0,43.0
77,金門,2019-01-10,77,19.0,6.0,nan,44.0,23,40.0,77.0
78,馬公,2019-01-10,59,1.0,3.0,nan,26.0,8,21.0,59.0
80,關山,2019-01-10,27,3.0,nan,nan,11.0,8,27.0,22.0
83,麥寮,2019-01-10,72,3.0,3.0,nan,58.0,11,nan,72.0
84,富貴角,2019-01-10,46,6.0,3.0,nan,46.0,8,39.0,39.0
1,基隆,2019-01-10,37,7.0,11.0,nan,18.0,37,33.0,24.0
17,桃園,2019-01-10,57,13.0,8.0,nan,36.0,33,26.0,57.0
33,彰化,2019-01-10,72,6.0,6.0,nan,52.0,24,23.0,72.0
67,三重,2019-01-10,72,11.0,26.0,nan,45.0,72,nan,49.0
2,汐止,2019-01-10,34,11.0,9.0,nan,9.0,34,34.0,20.0
3,萬里,2019-01-10,42,6.0,5.0,nan,28.0,16,42.0,27.0
4,新店,2019-01-10,61,6.0,11.0,nan,28.0,42,61.0,54.0
5,土城,2019-01-10,84,14.0,9.0,nan,42.0,37,84.0,77.0
6,板橋,2019-01-10,70,11.0,11.0,nan,44.0,42,45.0,70.0
7,新莊,2019-01-10,53,9.0,9.0,nan,38.0,43,39.0,53.0
8,菜寮,2019-01-10,56,7.0,12.0,nan,32.0,42,28.0,56.0
9,林口,2019-01-10,42,6.0,6.0,nan,23.0,34,37.0,42.0
10,淡水,2019-01-10,40,6.0,6.0,nan,26.0,24,40.0,38.0
11,士林,2019-01-10,41,4.0,10.0,nan,32.0,35,31.0,41.0
12,中山,2019-01-10,56,10.0,18.0,nan,42.0,53,35.0,56.0
13,萬華,2019-01-10,49,13.0,16.0,nan,37.0,49,37.0,48.0
14,古亭,2019-01-10,67,10.0,15.0,nan,44.0,52,43.0,67.0
15,松山,2019-01-10,38,11.0,9.0,nan,25.0,38,37.0,30.0
16,大同,2019-01-10,69,10.0,34.0,nan,41.0,69,nan,50.0
18,大園,2019-01-10,42,13.0,6.0,nan,42.0,27,30.0,42.0
31,忠明,2019-01-11,92,10.0,15.0,nan,45.0,34,25.0,92.0
3,萬里,2019-01-11,42,4.0,3.0,nan,42.0,14,26.0,40.0
32,西屯,2019-01-11,89,10.0,9.0,nan,52.0,32,25.0,89.0
34,線西,2019-01-11,86,9.0,6.0,nan,53.0,26,nan,86.0
35,二林,2019-01-11,90,9.0,7.0,nan,73.0,26,19.0,90.0
36,南投,2019-01-11,98,7.0,8.0,nan,57.0,38,35.0,98.0
37,斗六,2019-01-11,147,9.0,8.0,nan,77.0,34,45.0,147.0
38,崙背,2019-01-11,121,3.0,6.0,nan,69.0,22,25.0,121.0
33,彰化,2019-01-11,104,9.0,10.0,nan,49.0,27,19.0,104.0
39,新港,2019-01-11,136,3.0,6.0,nan,79.0,25,31.0,136.0
40,朴子,2019-01-11,143,7.0,5.0,nan,78.0,23,33.0,143.0
13,萬華,2019-01-11,58,7.0,12.0,nan,45.0,35,11.0,58.0
41,臺西,2019-01-11,84,10.0,3.0,nan,49.0,21,nan,84.0
42,嘉義,2019-01-11,156,9.0,8.0,nan,94.0,30,48.0,156.0
43,新營,2019-01-11,158,7.0,7.0,nan,87.0,26,39.0,158.0
44,善化,2019-01-11,156,7.0,6.0,nan,101.0,22,51.0,156.0
45,安南,2019-01-11,154,3.0,7.0,nan,88.0,28,61.0,154.0
46,臺南,2019-01-11,154,7.0,9.0,nan,87.0,36,64.0,154.0
47,美濃,2019-01-11,107,4.0,6.0,nan,70.0,17,90.0,107.0
48,橋頭,2019-01-11,154,9.0,8.0,nan,78.0,32,80.0,154.0
7,新莊,2019-01-11,79,14.0,11.0,nan,52.0,41,17.0,79.0
49,仁武,2019-01-11,153,9.0,10.0,nan,73.0,44,129.0,153.0
50,鳳山,2019-01-11,157,11.0,11.0,nan,72.0,40,nan,157.0
51,大寮,2019-01-11,130,39.0,10.0,nan,71.0,32,71.0,130.0
52,林園,2019-01-11,169,16.0,7.0,nan,87.0,34,169.0,153.0
53,楠梓,2019-01-11,157,7.0,8.0,nan,72.0,51,115.0,157.0
54,左營,2019-01-11,126,10.0,10.0,nan,74.0,42,126.0,116.0
56,前金,2019-01-11,154,9.0,10.0,nan,72.0,30,115.0,154.0
57,前鎮,2019-01-11,153,16.0,12.0,nan,78.0,46,nan,153.0
58,小港,2019-01-11,148,10.0,9.0,nan,73.0,43,93.0,148.0
14,古亭,2019-01-11,78,6.0,11.0,nan,48.0,39,19.0,78.0
59,屏東,2019-01-11,133,7.0,7.0,nan,72.0,25,101.0,133.0
60,潮州,2019-01-11,124,7.0,7.0,nan,74.0,25,97.0,124.0
61,恆春,2019-01-11,32,3.0,2.0,nan,9.0,2,32.0,9.0
62,臺東,2019-01-11,24,3.0,6.0,nan,13.0,9,24.0,23.0
63,花蓮,2019-01-11,38,4.0,6.0,nan,19.0,14,38.0,13.0
64,陽明,2019-01-11,31,4.0,3.0,nan,10.0,7,31.0,24.0
65,宜蘭,2019-01-11,40,4.0,6.0,nan,14.0,14,40.0,22.0
66,冬山,2019-01-11,31,6.0,7.0,nan,21.0,16,31.0,22.0
67,三重,2019-01-11,67,7.0,22.0,nan,58.0,50,nan,67.0
68,中壢,2019-01-11,86,9.0,16.0,nan,56.0,35,nan,86.0
69,竹山,2019-01-11,39,11.0,9.0,nan,nan,39,9.0,nan
70,永和,2019-01-11,71,6.0,20.0,nan,41.0,53,nan,71.0
71,復興,2019-01-11,139,14.0,15.0,nan,79.0,48,nan,139.0
72,埔里,2019-01-11,67,6.0,6.0,nan,48.0,27,64.0,67.0
75,馬祖,2019-01-11,31,4.0,3.0,nan,17.0,10,21.0,31.0
77,金門,2019-01-11,111,10.0,6.0,nan,58.0,26,19.0,111.0
78,馬公,2019-01-11,56,4.0,3.0,nan,16.0,13,15.0,56.0
80,關山,2019-01-11,28,3.0,nan,nan,12.0,5,28.0,22.0
4,新店,2019-01-11,60,6.0,9.0,nan,31.0,36,24.0,60.0
83,麥寮,2019-01-11,83,3.0,5.0,nan,61.0,18,nan,83.0
84,富貴角,2019-01-11,40,1.0,2.0,nan,32.0,12,31.0,40.0
8,菜寮,2019-01-11,75,7.0,11.0,nan,48.0,36,12.0,75.0
9,林口,2019-01-11,41,4.0,6.0,nan,25.0,29,19.0,41.0
1,基隆,2019-01-11,42,6.0,7.0,nan,32.0,27,17.0,42.0
15,松山,2019-01-11,74,7.0,12.0,nan,54.0,35,19.0,74.0
16,大同,2019-01-11,63,9.0,25.0,nan,46.0,43,nan,63.0
5,土城,2019-01-11,97,10.0,9.0,nan,54.0,36,24.0,97.0
17,桃園,2019-01-11,84,16.0,8.0,nan,40.0,33,9.0,84.0
18,大園,2019-01-11,46,11.0,5.0,nan,39.0,26,24.0,46.0
10,淡水,2019-01-11,58,11.0,6.0,nan,42.0,27,20.0,58.0
11,士林,2019-01-11,68,4.0,9.0,nan,50.0,30,6.0,68.0
6,板橋,2019-01-11,91,9.0,11.0,nan,55.0,47,18.0,91.0
19,觀音,2019-01-11,65,9.0,3.0,nan,38.0,19,28.0,65.0
12,中山,2019-01-11,71,6.0,14.0,nan,53.0,36,14.0,71.0
20,平鎮,2019-01-11,72,11.0,8.0,nan,51.0,27,11.0,72.0
21,龍潭,2019-01-11,89,9.0,8.0,nan,63.0,28,17.0,89.0
22,湖口,2019-01-11,66,4.0,5.0,nan,49.0,22,23.0,66.0
23,竹東,2019-01-11,95,6.0,7.0,nan,63.0,28,15.0,95.0
24,新竹,2019-01-11,107,4.0,9.0,nan,72.0,27,13.0,107.0
25,頭份,2019-01-11,75,6.0,6.0,nan,64.0,25,nan,75.0
26,苗栗,2019-01-11,89,6.0,7.0,nan,55.0,21,8.0,89.0
27,三義,2019-01-11,52,4.0,5.0,nan,27.0,25,26.0,52.0
2,汐止,2019-01-11,57,10.0,10.0,nan,40.0,33,16.0,57.0
28,豐原,2019-01-11,73,9.0,11.0,nan,43.0,34,30.0,73.0
29,沙鹿,2019-01-11,65,7.0,8.0,nan,37.0,25,18.0,65.0
30,大里,2019-01-11,82,17.0,10.0,nan,60.0,36,13.0,82.0
27,三義,2019-01-12,52,4.0,6.0,nan,24.0,24,26.0,52.0
72,埔里,2019-01-12,63,6.0,6.0,nan,43.0,29,45.0,63.0
71,復興,2019-01-12,114,9.0,11.0,nan,68.0,48,nan,114.0
25,頭份,2019-01-12,65,3.0,7.0,nan,42.0,21,nan,65.0
42,嘉義,2019-01-12,128,6.0,8.0,nan,64.0,29,34.0,128.0
24,新竹,2019-01-12,80,3.0,8.0,nan,42.0,23,18.0,80.0
65,宜蘭,2019-01-12,31,3.0,7.0,nan,16.0,19,24.0,31.0
23,竹東,2019-01-12,66,3.0,6.0,nan,31.0,20,18.0,66.0
64,陽明,2019-01-12,28,3.0,6.0,nan,6.0,9,28.0,11.0
63,花蓮,2019-01-12,31,4.0,5.0,nan,18.0,12,31.0,17.0
22,湖口,2019-01-12,53,4.0,7.0,nan,34.0,21,23.0,53.0
21,龍潭,2019-01-12,63,4.0,7.0,nan,36.0,21,19.0,63.0
62,臺東,2019-01-12,22,1.0,3.0,nan,12.0,7,20.0,22.0
20,平鎮,2019-01-12,52,4.0,8.0,nan,35.0,24,16.0,52.0
61,恆春,2019-01-12,32,3.0,2.0,nan,16.0,2,32.0,13.0
66,冬山,2019-01-12,25,4.0,6.0,nan,25.0,16,24.0,23.0
19,觀音,2019-01-12,71,10.0,7.0,nan,31.0,16,24.0,71.0
60,潮州,2019-01-12,110,9.0,5.0,nan,62.0,21,90.0,110.0
18,大園,2019-01-12,37,10.0,7.0,nan,31.0,20,25.0,37.0
59,屏東,2019-01-12,130,6.0,7.0,nan,65.0,25,90.0,130.0
17,桃園,2019-01-12,62,13.0,9.0,nan,25.0,27,15.0,62.0
16,大同,2019-01-12,52,6.0,14.0,nan,27.0,30,nan,52.0
15,松山,2019-01-12,50,7.0,8.0,nan,33.0,30,16.0,50.0
43,新營,2019-01-12,119,4.0,7.0,nan,63.0,25,32.0,119.0
14,古亭,2019-01-12,57,6.0,8.0,nan,30.0,31,15.0,57.0
13,萬華,2019-01-12,51,7.0,8.0,nan,26.0,27,10.0,51.0
12,中山,2019-01-12,49,7.0,9.0,nan,30.0,29,10.0,49.0
44,善化,2019-01-12,111,6.0,7.0,nan,73.0,24,42.0,111.0
45,安南,2019-01-12,133,6.0,8.0,nan,71.0,26,51.0,133.0
11,士林,2019-01-12,46,4.0,7.0,nan,25.0,23,20.0,46.0
10,淡水,2019-01-12,42,4.0,7.0,nan,19.0,18,24.0,42.0
9,林口,2019-01-12,32,6.0,7.0,nan,22.0,25,22.0,32.0
8,菜寮,2019-01-12,53,6.0,8.0,nan,27.0,26,13.0,53.0
46,臺南,2019-01-12,131,7.0,9.0,nan,68.0,33,46.0,131.0
7,新莊,2019-01-12,51,9.0,8.0,nan,28.0,27,18.0,51.0
6,板橋,2019-01-12,63,10.0,8.0,nan,30.0,30,14.0,63.0
5,土城,2019-01-12,67,11.0,7.0,nan,30.0,27,19.0,67.0
4,新店,2019-01-12,46,6.0,7.0,nan,22.0,25,17.0,46.0
47,美濃,2019-01-12,72,3.0,5.0,nan,54.0,12,47.0,72.0
3,萬里,2019-01-12,41,3.0,6.0,nan,39.0,12,28.0,41.0
70,永和,2019-01-12,53,4.0,10.0,nan,28.0,31,nan,53.0
2,汐止,2019-01-12,52,4.0,7.0,nan,20.0,27,18.0,52.0
48,橋頭,2019-01-12,126,6.0,7.0,nan,68.0,27,47.0,126.0
33,彰化,2019-01-12,79,7.0,9.0,nan,40.0,25,27.0,79.0
1,基隆,2019-01-12,37,4.0,7.0,nan,25.0,20,21.0,37.0
49,仁武,2019-01-12,128,10.0,7.0,nan,64.0,34,67.0,128.0
50,鳳山,2019-01-12,145,10.0,8.0,nan,64.0,41,nan,145.0
51,大寮,2019-01-12,120,23.0,6.0,nan,62.0,26,84.0,120.0
69,竹山,2019-01-12,110,6.0,8.0,nan,56.0,28,41.0,110.0
52,林園,2019-01-12,126,11.0,6.0,nan,70.0,25,84.0,126.0
53,楠梓,2019-01-12,151,4.0,7.0,nan,64.0,35,54.0,151.0
68,中壢,2019-01-12,62,9.0,12.0,nan,38.0,33,nan,62.0
57,前鎮,2019-01-12,127,10.0,10.0,nan,66.0,51,nan,127.0
56,前金,2019-01-12,114,9.0,8.0,nan,59.0,35,77.0,114.0
58,小港,2019-01-12,119,9.0,8.0,nan,64.0,48,46.0,119.0
54,左營,2019-01-12,120,6.0,7.0,nan,62.0,27,71.0,120.0
67,三重,2019-01-12,56,7.0,20.0,nan,40.0,34,nan,56.0
41,臺西,2019-01-12,76,7.0,6.0,nan,41.0,23,nan,76.0
75,馬祖,2019-01-12,36,3.0,7.0,nan,26.0,25,17.0,36.0
40,朴子,2019-01-12,105,4.0,7.0,nan,64.0,20,37.0,105.0
39,新港,2019-01-12,111,6.0,7.0,nan,64.0,23,33.0,111.0
38,崙背,2019-01-12,104,6.0,7.0,nan,58.0,22,32.0,104.0
37,斗六,2019-01-12,112,13.0,7.0,nan,56.0,42,35.0,112.0
77,金門,2019-01-12,76,10.0,6.0,nan,40.0,25,28.0,76.0
78,馬公,2019-01-12,52,3.0,5.0,nan,20.0,11,19.0,52.0
36,南投,2019-01-12,65,3.0,7.0,nan,43.0,33,27.0,65.0
35,二林,2019-01-12,72,9.0,7.0,nan,61.0,25,25.0,72.0
34,線西,2019-01-12,73,13.0,8.0,nan,45.0,22,nan,73.0
32,西屯,2019-01-12,71,6.0,9.0,nan,44.0,30,29.0,71.0
31,忠明,2019-01-12,74,6.0,10.0,nan,36.0,31,29.0,74.0
80,關山,2019-01-12,24,1.0,nan,nan,14.0,8,23.0,24.0
30,大里,2019-01-12,52,4.0,9.0,nan,36.0,31,29.0,52.0
83,麥寮,2019-01-12,69,3.0,6.0,nan,57.0,23,nan,69.0
29,沙鹿,2019-01-12,62,4.0,7.0,nan,32.0,27,28.0,62.0
84,富貴角,2019-01-12,29,1.0,6.0,nan,27.0,11,28.0,29.0
28,豐原,2019-01-12,53,6.0,5.0,nan,27.0,21,29.0,53.0
26,苗栗,2019-01-12,76,7.0,8.0,nan,39.0,25,18.0,76.0
11,士林,2019-01-13,34,4.0,7.0,nan,11.0,16,34.0,22.0
12,中山,2019-01-13,25,4.0,8.0,nan,19.0,23,25.0,21.0
13,萬華,2019-01-13,25,3.0,7.0,nan,16.0,22,25.0,21.0
14,古亭,2019-01-13,30,3.0,7.0,nan,19.0,15,29.0,30.0
15,松山,2019-01-13,27,4.0,7.0,nan,23.0,19,26.0,27.0
16,大同,2019-01-13,33,3.0,14.0,nan,17.0,33,nan,20.0
17,桃園,2019-01-13,31,4.0,8.0,nan,19.0,15,22.0,31.0
18,大園,2019-01-13,34,14.0,6.0,nan,25.0,26,34.0,30.0
19,觀音,2019-01-13,62,9.0,7.0,nan,29.0,10,32.0,62.0
20,平鎮,2019-01-13,26,4.0,7.0,nan,21.0,21,26.0,24.0
21,龍潭,2019-01-13,31,4.0,7.0,nan,19.0,13,31.0,20.0
22,湖口,2019-01-13,34,6.0,6.0,nan,28.0,13,31.0,34.0
23,竹東,2019-01-13,35,3.0,6.0,nan,16.0,10,25.0,35.0
24,新竹,2019-01-13,57,4.0,7.0,nan,30.0,18,25.0,57.0
25,頭份,2019-01-13,45,nan,6.0,nan,28.0,18,nan,45.0
26,苗栗,2019-01-13,59,6.0,7.0,nan,31.0,19,20.0,59.0
27,三義,2019-01-13,37,4.0,6.0,nan,19.0,13,28.0,37.0
28,豐原,2019-01-13,31,3.0,6.0,nan,19.0,18,30.0,31.0
29,沙鹿,2019-01-13,44,3.0,7.0,nan,26.0,18,32.0,44.0
30,大里,2019-01-13,31,4.0,7.0,nan,22.0,23,30.0,31.0
31,忠明,2019-01-13,38,3.0,6.0,nan,23.0,19,31.0,38.0
32,西屯,2019-01-13,41,3.0,7.0,nan,30.0,20,33.0,41.0
34,線西,2019-01-13,56,9.0,9.0,nan,37.0,17,nan,56.0
35,二林,2019-01-13,58,9.0,8.0,nan,58.0,19,28.0,54.0
36,南投,2019-01-13,55,4.0,8.0,nan,35.0,25,30.0,55.0
37,斗六,2019-01-13,62,6.0,7.0,nan,46.0,25,45.0,62.0
38,崙背,2019-01-13,71,7.0,7.0,nan,50.0,18,34.0,71.0
39,新港,2019-01-13,63,7.0,8.0,nan,58.0,21,35.0,63.0
40,朴子,2019-01-13,61,6.0,7.0,nan,59.0,20,39.0,61.0
41,臺西,2019-01-13,56,3.0,6.0,nan,36.0,15,nan,56.0
42,嘉義,2019-01-13,73,7.0,8.0,nan,54.0,25,39.0,73.0
43,新營,2019-01-13,74,6.0,8.0,nan,65.0,25,36.0,74.0
44,善化,2019-01-13,68,6.0,8.0,nan,68.0,22,45.0,68.0
45,安南,2019-01-13,70,6.0,7.0,nan,65.0,22,48.0,70.0
46,臺南,2019-01-13,70,6.0,8.0,nan,64.0,25,45.0,70.0
47,美濃,2019-01-13,73,4.0,7.0,nan,66.0,14,49.0,73.0
48,橋頭,2019-01-13,91,4.0,8.0,nan,70.0,24,45.0,91.0
50,鳳山,2019-01-13,92,11.0,10.0,nan,68.0,30,nan,92.0
51,大寮,2019-01-13,105,10.0,8.0,nan,66.0,29,71.0,105.0
52,林園,2019-01-13,131,10.0,9.0,nan,78.0,31,84.0,131.0
53,楠梓,2019-01-13,103,4.0,9.0,nan,65.0,23,49.0,103.0
54,左營,2019-01-13,77,7.0,9.0,nan,65.0,28,58.0,77.0
56,前金,2019-01-13,95,7.0,9.0,nan,67.0,26,58.0,95.0
57,前鎮,2019-01-13,97,9.0,11.0,nan,73.0,29,nan,97.0
58,小港,2019-01-13,102,9.0,10.0,nan,71.0,31,45.0,102.0
59,屏東,2019-01-13,94,9.0,9.0,nan,68.0,22,67.0,94.0
60,潮州,2019-01-13,93,9.0,7.0,nan,68.0,19,87.0,93.0
61,恆春,2019-01-13,40,1.0,5.0,nan,5.0,4,40.0,11.0
62,臺東,2019-01-13,26,1.0,6.0,nan,8.0,8,26.0,16.0
63,花蓮,2019-01-13,33,3.0,7.0,nan,15.0,16,33.0,9.0
64,陽明,2019-01-13,36,1.0,5.0,nan,5.0,4,36.0,4.0
65,宜蘭,2019-01-13,30,3.0,6.0,nan,11.0,8,30.0,25.0
66,冬山,2019-01-13,32,3.0,6.0,nan,11.0,8,32.0,13.0
67,三重,2019-01-13,29,4.0,17.0,nan,23.0,29,nan,17.0
68,中壢,2019-01-13,30,6.0,10.0,nan,23.0,30,nan,25.0
69,竹山,2019-01-13,86,4.0,8.0,nan,51.0,25,46.0,86.0
70,永和,2019-01-13,31,4.0,8.0,nan,18.0,14,nan,31.0
71,復興,2019-01-13,92,7.0,11.0,nan,72.0,29,nan,92.0
72,埔里,2019-01-13,53,6.0,7.0,nan,36.0,24,37.0,53.0
75,馬祖,2019-01-13,67,3.0,7.0,nan,38.0,19,35.0,67.0
77,金門,2019-01-13,82,7.0,8.0,nan,42.0,19,31.0,82.0
78,馬公,2019-01-13,54,3.0,7.0,nan,31.0,9,24.0,54.0
80,關山,2019-01-13,26,3.0,nan,nan,10.0,7,26.0,25.0
83,麥寮,2019-01-13,71,3.0,7.0,nan,71.0,14,nan,55.0
84,富貴角,2019-01-13,39,1.0,5.0,nan,32.0,4,39.0,28.0
1,基隆,2019-01-13,31,3.0,7.0,nan,18.0,10,31.0,28.0
33,彰化,2019-01-13,56,4.0,8.0,nan,31.0,19,31.0,56.0
49,仁武,2019-01-13,83,7.0,9.0,nan,65.0,22,51.0,83.0
2,汐止,2019-01-13,32,6.0,7.0,nan,13.0,19,26.0,32.0
3,萬里,2019-01-13,40,3.0,6.0,nan,39.0,9,40.0,34.0
4,新店,2019-01-13,26,3.0,7.0,nan,11.0,15,26.0,22.0
5,土城,2019-01-13,40,3.0,7.0,nan,15.0,16,29.0,40.0
6,板橋,2019-01-13,33,3.0,7.0,nan,16.0,19,25.0,33.0
7,新莊,2019-01-13,26,3.0,7.0,nan,18.0,18,26.0,20.0
8,菜寮,2019-01-13,28,4.0,7.0,nan,13.0,15,21.0,28.0
9,林口,2019-01-13,30,3.0,6.0,nan,19.0,15,30.0,27.0
10,淡水,2019-01-13,34,3.0,6.0,nan,10.0,11,34.0,25.0
57,前鎮,2019-01-14,101,30.0,14.0,nan,71.0,48,nan,101.0
60,潮州,2019-01-14,112,10.0,8.0,nan,78.0,23,112.0,105.0
59,屏東,2019-01-14,118,9.0,9.0,nan,78.0,24,118.0,116.0
58,小港,2019-01-14,99,27.0,11.0,nan,68.0,52,61.0,99.0
78,馬公,2019-01-14,84,3.0,6.0,nan,45.0,9,31.0,84.0
80,關山,2019-01-14,33,3.0,nan,nan,11.0,5,33.0,20.0
70,永和,2019-01-14,36,3.0,7.0,nan,24.0,25,nan,36.0
69,竹山,2019-01-14,79,9.0,7.0,nan,54.0,21,49.0,79.0
83,麥寮,2019-01-14,68,6.0,5.0,nan,68.0,17,nan,67.0
68,中壢,2019-01-14,44,7.0,17.0,nan,30.0,36,nan,44.0
84,富貴角,2019-01-14,44,1.0,3.0,nan,35.0,3,44.0,44.0
67,三重,2019-01-14,46,4.0,18.0,nan,46.0,42,nan,46.0
8,菜寮,2019-01-14,42,4.0,6.0,nan,27.0,20,28.0,42.0
7,新莊,2019-01-14,37,4.0,6.0,nan,29.0,19,37.0,34.0
6,板橋,2019-01-14,44,3.0,7.0,nan,26.0,24,33.0,44.0
5,土城,2019-01-14,47,4.0,7.0,nan,25.0,20,36.0,47.0
4,新店,2019-01-14,37,3.0,6.0,nan,17.0,17,35.0,37.0
3,萬里,2019-01-14,46,3.0,3.0,nan,37.0,7,46.0,45.0
2,汐止,2019-01-14,42,7.0,6.0,nan,21.0,35,33.0,42.0
49,仁武,2019-01-14,88,27.0,9.0,nan,62.0,31,84.0,88.0
33,彰化,2019-01-14,42,4.0,7.0,nan,31.0,23,37.0,42.0
1,基隆,2019-01-14,42,3.0,7.0,nan,29.0,25,34.0,42.0
75,馬祖,2019-01-14,99,4.0,7.0,nan,57.0,9,35.0,99.0
11,士林,2019-01-14,46,6.0,5.0,nan,23.0,8,44.0,46.0
12,中山,2019-01-14,52,4.0,8.0,nan,31.0,36,31.0,52.0
72,埔里,2019-01-14,57,6.0,6.0,nan,41.0,25,45.0,57.0
13,萬華,2019-01-14,37,4.0,7.0,nan,27.0,31,32.0,37.0
14,古亭,2019-01-14,43,4.0,7.0,nan,30.0,28,38.0,43.0
15,松山,2019-01-14,49,3.0,7.0,nan,32.0,35,32.0,49.0
16,大同,2019-01-14,45,4.0,12.0,nan,30.0,45,nan,42.0
17,桃園,2019-01-14,42,7.0,7.0,nan,21.0,18,31.0,42.0
18,大園,2019-01-14,39,6.0,5.0,nan,29.0,20,39.0,39.0
19,觀音,2019-01-14,69,14.0,5.0,nan,31.0,6,39.0,69.0
20,平鎮,2019-01-14,37,3.0,7.0,nan,26.0,23,37.0,33.0
21,龍潭,2019-01-14,41,6.0,7.0,nan,26.0,21,38.0,41.0
22,湖口,2019-01-14,42,4.0,6.0,nan,27.0,18,42.0,36.0
23,竹東,2019-01-14,36,7.0,6.0,nan,21.0,17,30.0,36.0
24,新竹,2019-01-14,57,4.0,7.0,nan,32.0,27,35.0,57.0
25,頭份,2019-01-14,50,3.0,6.0,nan,30.0,28,nan,50.0
26,苗栗,2019-01-14,56,6.0,7.0,nan,33.0,25,31.0,56.0
27,三義,2019-01-14,39,4.0,5.0,nan,23.0,14,39.0,36.0
28,豐原,2019-01-14,55,7.0,7.0,nan,34.0,28,34.0,55.0
29,沙鹿,2019-01-14,44,4.0,6.0,nan,29.0,17,44.0,44.0
30,大里,2019-01-14,43,4.0,9.0,nan,32.0,34,34.0,43.0
31,忠明,2019-01-14,44,4.0,7.0,nan,30.0,24,35.0,44.0
32,西屯,2019-01-14,44,3.0,6.0,nan,36.0,23,39.0,44.0
34,線西,2019-01-14,53,11.0,8.0,nan,37.0,19,nan,53.0
35,二林,2019-01-14,54,10.0,6.0,nan,54.0,18,35.0,54.0
36,南投,2019-01-14,59,6.0,8.0,nan,40.0,29,29.0,59.0
37,斗六,2019-01-14,69,6.0,6.0,nan,49.0,30,44.0,69.0
38,崙背,2019-01-14,68,9.0,5.0,nan,42.0,15,44.0,68.0
39,新港,2019-01-14,62,9.0,6.0,nan,53.0,13,41.0,62.0
40,朴子,2019-01-14,63,6.0,6.0,nan,54.0,10,47.0,63.0
41,臺西,2019-01-14,67,4.0,5.0,nan,41.0,7,nan,67.0
42,嘉義,2019-01-14,68,9.0,8.0,nan,47.0,27,39.0,68.0
43,新營,2019-01-14,68,7.0,6.0,nan,57.0,17,42.0,68.0
44,善化,2019-01-14,76,6.0,6.0,nan,64.0,17,58.0,76.0
77,金門,2019-01-14,89,10.0,7.0,nan,46.0,22,47.0,89.0
45,安南,2019-01-14,71,4.0,7.0,nan,57.0,20,71.0,66.0
46,臺南,2019-01-14,70,6.0,7.0,nan,59.0,21,58.0,70.0
47,美濃,2019-01-14,77,4.0,7.0,nan,67.0,10,77.0,71.0
48,橋頭,2019-01-14,95,10.0,8.0,nan,65.0,23,61.0,95.0
50,鳳山,2019-01-14,116,11.0,11.0,nan,68.0,38,nan,116.0
51,大寮,2019-01-14,118,33.0,11.0,nan,74.0,47,67.0,118.0
52,林園,2019-01-14,132,19.0,9.0,nan,80.0,33,108.0,132.0
53,楠梓,2019-01-14,104,9.0,8.0,nan,62.0,25,80.0,104.0
10,淡水,2019-01-14,44,4.0,6.0,nan,18.0,19,44.0,36.0
66,冬山,2019-01-14,38,3.0,5.0,nan,18.0,13,38.0,26.0
9,林口,2019-01-14,38,4.0,5.0,nan,28.0,18,38.0,36.0
65,宜蘭,2019-01-14,39,7.0,7.0,nan,20.0,17,39.0,36.0
64,陽明,2019-01-14,42,3.0,3.0,nan,14.0,3,42.0,34.0
54,左營,2019-01-14,93,9.0,9.0,nan,61.0,23,93.0,75.0
63,花蓮,2019-01-14,38,4.0,7.0,nan,21.0,29,38.0,14.0
62,臺東,2019-01-14,30,1.0,6.0,nan,9.0,13,30.0,19.0
71,復興,2019-01-14,99,24.0,16.0,nan,74.0,43,nan,99.0
56,前金,2019-01-14,107,26.0,11.0,nan,65.0,27,100.0,107.0
61,恆春,2019-01-14,43,1.0,3.0,nan,6.0,2,43.0,11.0
48,橋頭,2019-01-15,149,11.0,7.0,nan,84.0,26,48.0,149.0
69,竹山,2019-01-15,116,6.0,6.0,nan,73.0,20,44.0,116.0
19,觀音,2019-01-15,82,13.0,5.0,nan,37.0,7,42.0,82.0
70,永和,2019-01-15,43,7.0,19.0,nan,23.0,43,nan,43.0
71,復興,2019-01-15,135,7.0,15.0,nan,87.0,56,nan,135.0
2,汐止,2019-01-15,38,17.0,8.0,nan,18.0,30,38.0,37.0
72,埔里,2019-01-15,72,7.0,6.0,nan,52.0,23,58.0,72.0
18,大園,2019-01-15,57,7.0,5.0,nan,34.0,30,47.0,57.0
29,沙鹿,2019-01-15,84,3.0,6.0,nan,58.0,19,39.0,84.0
30,大里,2019-01-15,73,6.0,9.0,nan,54.0,30,31.0,73.0
31,忠明,2019-01-15,87,4.0,6.0,nan,52.0,24,31.0,87.0
28,豐原,2019-01-15,77,7.0,6.0,nan,46.0,21,31.0,77.0
32,西屯,2019-01-15,88,4.0,6.0,nan,59.0,22,34.0,88.0
34,線西,2019-01-15,100,10.0,7.0,nan,64.0,17,nan,100.0
35,二林,2019-01-15,103,10.0,7.0,nan,80.0,15,32.0,103.0
27,三義,2019-01-15,62,4.0,5.0,nan,33.0,25,31.0,62.0
36,南投,2019-01-15,95,6.0,7.0,nan,61.0,25,27.0,95.0
37,斗六,2019-01-15,100,6.0,6.0,nan,68.0,22,40.0,100.0
38,崙背,2019-01-15,122,7.0,7.0,nan,75.0,17,38.0,122.0
39,新港,2019-01-15,125,7.0,7.0,nan,82.0,15,36.0,125.0
75,馬祖,2019-01-15,72,9.0,7.0,nan,43.0,19,42.0,72.0
17,桃園,2019-01-15,52,16.0,10.0,nan,30.0,36,30.0,52.0
40,朴子,2019-01-15,140,6.0,7.0,nan,82.0,14,40.0,140.0
16,大同,2019-01-15,46,7.0,24.0,nan,28.0,43,nan,46.0
26,苗栗,2019-01-15,91,6.0,6.0,nan,57.0,24,29.0,91.0
3,萬里,2019-01-15,48,6.0,3.0,nan,35.0,12,48.0,42.0
77,金門,2019-01-15,91,9.0,6.0,nan,48.0,22,35.0,91.0
4,新店,2019-01-15,31,7.0,8.0,nan,18.0,30,31.0,31.0
15,松山,2019-01-15,42,24.0,9.0,nan,28.0,36,31.0,42.0
78,馬公,2019-01-15,96,1.0,6.0,nan,47.0,9,28.0,96.0
41,臺西,2019-01-15,109,6.0,6.0,nan,61.0,11,nan,109.0
5,土城,2019-01-15,51,6.0,11.0,nan,24.0,45,30.0,51.0
42,嘉義,2019-01-15,137,10.0,8.0,nan,nan,26,37.0,137.0
80,關山,2019-01-15,26,3.0,nan,nan,14.0,8,26.0,24.0
14,古亭,2019-01-15,44,10.0,10.0,nan,26.0,32,30.0,44.0
6,板橋,2019-01-15,49,7.0,12.0,nan,27.0,49,26.0,49.0
43,新營,2019-01-15,142,4.0,7.0,nan,81.0,20,37.0,142.0
7,新莊,2019-01-15,40,10.0,10.0,nan,29.0,39,34.0,40.0
83,麥寮,2019-01-15,109,6.0,6.0,nan,84.0,15,nan,109.0
44,善化,2019-01-15,144,7.0,6.0,nan,90.0,19,48.0,144.0
8,菜寮,2019-01-15,43,7.0,11.0,nan,24.0,38,21.0,43.0
9,林口,2019-01-15,42,4.0,6.0,nan,24.0,30,42.0,38.0
13,萬華,2019-01-15,43,9.0,11.0,nan,23.0,41,22.0,43.0
25,頭份,2019-01-15,71,6.0,6.0,nan,55.0,28,nan,71.0
45,安南,2019-01-15,141,6.0,7.0,nan,86.0,20,64.0,141.0
10,淡水,2019-01-15,45,4.0,6.0,nan,19.0,24,45.0,42.0
12,中山,2019-01-15,42,9.0,11.0,nan,27.0,40,24.0,42.0
11,士林,2019-01-15,41,3.0,7.0,nan,22.0,30,39.0,41.0
84,富貴角,2019-01-15,45,3.0,3.0,nan,35.0,9,45.0,39.0
46,臺南,2019-01-15,152,6.0,8.0,nan,83.0,23,50.0,152.0
68,中壢,2019-01-15,56,16.0,16.0,nan,39.0,43,nan,56.0
49,仁武,2019-01-15,133,11.0,8.0,nan,74.0,38,67.0,133.0
67,三重,2019-01-15,45,10.0,24.0,nan,42.0,45,nan,45.0
66,冬山,2019-01-15,40,3.0,6.0,nan,24.0,17,40.0,24.0
20,平鎮,2019-01-15,63,14.0,9.0,nan,40.0,37,34.0,63.0
33,彰化,2019-01-15,93,4.0,7.0,nan,58.0,22,33.0,93.0
65,宜蘭,2019-01-15,44,4.0,5.0,nan,18.0,9,44.0,32.0
64,陽明,2019-01-15,42,3.0,2.0,nan,8.0,3,42.0,20.0
63,花蓮,2019-01-15,35,6.0,6.0,nan,18.0,22,35.0,20.0
62,臺東,2019-01-15,25,3.0,6.0,nan,9.0,17,24.0,25.0
21,龍潭,2019-01-15,64,11.0,8.0,nan,38.0,32,36.0,64.0
61,恆春,2019-01-15,40,1.0,2.0,nan,6.0,2,40.0,11.0
22,湖口,2019-01-15,66,7.0,6.0,nan,42.0,28,44.0,66.0
60,潮州,2019-01-15,135,9.0,8.0,nan,90.0,23,108.0,135.0
59,屏東,2019-01-15,137,9.0,8.0,nan,84.0,26,112.0,137.0
1,基隆,2019-01-15,41,7.0,7.0,nan,26.0,30,41.0,37.0
58,小港,2019-01-15,139,13.0,11.0,nan,82.0,58,51.0,139.0
57,前鎮,2019-01-15,142,9.0,12.0,nan,82.0,46,nan,142.0
56,前金,2019-01-15,148,10.0,9.0,nan,79.0,28,84.0,148.0
54,左營,2019-01-15,141,7.0,8.0,nan,79.0,24,80.0,141.0
23,竹東,2019-01-15,68,7.0,7.0,nan,36.0,23,28.0,68.0
53,楠梓,2019-01-15,153,7.0,7.0,nan,76.0,25,67.0,153.0
24,新竹,2019-01-15,86,9.0,7.0,nan,49.0,26,36.0,86.0
52,林園,2019-01-15,131,11.0,8.0,nan,92.0,34,129.0,131.0
51,大寮,2019-01-15,149,20.0,9.0,nan,84.0,34,74.0,149.0
50,鳳山,2019-01-15,142,11.0,11.0,nan,82.0,48,nan,142.0
47,美濃,2019-01-15,99,7.0,7.0,nan,77.0,12,71.0,99.0
21,龍潭,2019-01-16,46,4.0,6.0,nan,15.0,15,46.0,18.0
20,平鎮,2019-01-16,38,3.0,8.0,nan,15.0,35,38.0,29.0
3,萬里,2019-01-16,58,3.0,5.0,nan,46.0,4,58.0,33.0
84,富貴角,2019-01-16,50,1.0,5.0,nan,31.0,3,50.0,31.0
67,三重,2019-01-16,46,6.0,17.0,nan,22.0,46,nan,16.0
58,小港,2019-01-16,108,6.0,8.0,nan,56.0,36,21.0,108.0
57,前鎮,2019-01-16,112,3.0,9.0,nan,59.0,28,nan,112.0
59,屏東,2019-01-16,119,3.0,7.0,nan,58.0,20,28.0,119.0
56,前金,2019-01-16,117,4.0,8.0,nan,56.0,25,27.0,117.0
54,左營,2019-01-16,91,4.0,7.0,nan,54.0,23,16.0,91.0
9,林口,2019-01-16,46,1.0,6.0,nan,13.0,24,46.0,16.0
53,楠梓,2019-01-16,119,3.0,7.0,nan,50.0,22,27.0,119.0
6,板橋,2019-01-16,39,4.0,8.0,nan,11.0,31,39.0,31.0
52,林園,2019-01-16,118,10.0,7.0,nan,68.0,36,29.0,118.0
19,觀音,2019-01-16,55,4.0,6.0,nan,18.0,9,47.0,55.0
68,中壢,2019-01-16,39,4.0,11.0,nan,15.0,39,nan,28.0
51,大寮,2019-01-16,123,4.0,7.0,nan,57.0,25,27.0,123.0
50,鳳山,2019-01-16,121,7.0,8.0,nan,57.0,31,nan,121.0
48,橋頭,2019-01-16,112,3.0,6.0,nan,55.0,24,25.0,112.0
8,菜寮,2019-01-16,31,3.0,7.0,nan,9.0,24,31.0,18.0
47,美濃,2019-01-16,95,3.0,7.0,nan,68.0,16,19.0,95.0
69,竹山,2019-01-16,59,4.0,7.0,nan,37.0,26,21.0,59.0
46,臺南,2019-01-16,82,3.0,7.0,nan,51.0,24,31.0,82.0
18,大園,2019-01-16,51,9.0,6.0,nan,18.0,25,51.0,29.0
45,安南,2019-01-16,73,1.0,6.0,nan,50.0,20,35.0,73.0
44,善化,2019-01-16,75,1.0,6.0,nan,48.0,22,31.0,75.0
43,新營,2019-01-16,65,4.0,6.0,nan,37.0,20,27.0,65.0
42,嘉義,2019-01-16,69,3.0,7.0,nan,37.0,27,26.0,69.0
70,永和,2019-01-16,27,4.0,8.0,nan,13.0,27,nan,21.0
41,臺西,2019-01-16,39,4.0,6.0,nan,29.0,11,nan,39.0
40,朴子,2019-01-16,59,4.0,6.0,nan,44.0,12,34.0,59.0
39,新港,2019-01-16,55,6.0,6.0,nan,33.0,14,34.0,55.0
14,古亭,2019-01-16,43,4.0,6.0,nan,16.0,28,43.0,29.0
13,萬華,2019-01-16,44,4.0,7.0,nan,11.0,32,44.0,13.0
38,崙背,2019-01-16,62,6.0,6.0,nan,29.0,15,38.0,62.0
71,復興,2019-01-16,111,4.0,11.0,nan,62.0,31,nan,111.0
37,斗六,2019-01-16,46,1.0,7.0,nan,29.0,22,28.0,46.0
36,南投,2019-01-16,47,6.0,9.0,nan,25.0,32,19.0,47.0
5,土城,2019-01-16,44,6.0,7.0,nan,11.0,28,44.0,30.0
35,二林,2019-01-16,39,4.0,6.0,nan,35.0,10,36.0,39.0
2,汐止,2019-01-16,46,7.0,6.0,nan,8.0,27,46.0,22.0
34,線西,2019-01-16,40,3.0,6.0,nan,23.0,14,nan,40.0
32,西屯,2019-01-16,37,3.0,6.0,nan,21.0,19,37.0,27.0
31,忠明,2019-01-16,35,3.0,7.0,nan,13.0,25,33.0,35.0
17,桃園,2019-01-16,32,9.0,8.0,nan,10.0,25,32.0,21.0
30,大里,2019-01-16,33,4.0,8.0,nan,14.0,33,28.0,24.0
29,沙鹿,2019-01-16,41,3.0,6.0,nan,17.0,16,41.0,34.0
12,中山,2019-01-16,42,3.0,8.0,nan,15.0,35,42.0,24.0
60,潮州,2019-01-16,127,4.0,7.0,nan,71.0,20,28.0,127.0
11,士林,2019-01-16,49,3.0,6.0,nan,6.0,19,49.0,14.0
61,恆春,2019-01-16,51,1.0,3.0,nan,6.0,3,51.0,9.0
28,豐原,2019-01-16,31,1.0,6.0,nan,11.0,15,31.0,25.0
49,仁武,2019-01-16,105,10.0,7.0,nan,52.0,28,25.0,105.0
72,埔里,2019-01-16,59,3.0,6.0,nan,36.0,20,29.0,59.0
16,大同,2019-01-16,44,6.0,15.0,nan,16.0,44,nan,24.0
7,新莊,2019-01-16,42,4.0,7.0,nan,14.0,27,42.0,12.0
75,馬祖,2019-01-16,92,3.0,7.0,nan,50.0,6,45.0,92.0
27,三義,2019-01-16,36,3.0,6.0,nan,9.0,15,36.0,16.0
77,金門,2019-01-16,57,4.0,7.0,nan,30.0,15,36.0,57.0
62,臺東,2019-01-16,30,3.0,7.0,nan,10.0,8,30.0,17.0
4,新店,2019-01-16,40,4.0,7.0,nan,6.0,22,40.0,21.0
63,花蓮,2019-01-16,49,3.0,6.0,nan,9.0,10,49.0,16.0
26,苗栗,2019-01-16,46,3.0,7.0,nan,18.0,23,33.0,46.0
78,馬公,2019-01-16,39,1.0,7.0,nan,16.0,8,39.0,32.0
25,頭份,2019-01-16,38,3.0,6.0,nan,18.0,18,nan,38.0
24,新竹,2019-01-16,46,3.0,6.0,nan,19.0,18,40.0,46.0
15,松山,2019-01-16,44,6.0,7.0,nan,18.0,32,44.0,30.0
80,關山,2019-01-16,38,1.0,nan,nan,6.0,7,38.0,19.0
64,陽明,2019-01-16,47,1.0,5.0,nan,5.0,2,47.0,4.0
23,竹東,2019-01-16,38,3.0,5.0,nan,8.0,13,38.0,23.0
65,宜蘭,2019-01-16,44,3.0,6.0,nan,8.0,8,44.0,23.0
33,彰化,2019-01-16,46,1.0,8.0,nan,19.0,25,34.0,46.0
83,麥寮,2019-01-16,38,3.0,6.0,nan,32.0,16,nan,38.0
66,冬山,2019-01-16,47,1.0,5.0,nan,10.0,17,47.0,15.0
22,湖口,2019-01-16,49,3.0,6.0,nan,17.0,12,49.0,30.0
10,淡水,2019-01-16,51,4.0,5.0,nan,7.0,6,51.0,19.0
1,基隆,2019-01-16,48,1.0,5.0,nan,19.0,7,48.0,25.0
2,汐止,2019-01-17,35,4.0,6.0,nan,21.0,26,31.0,35.0
45,安南,2019-01-17,57,4.0,6.0,nan,46.0,16,41.0,57.0
46,臺南,2019-01-17,74,4.0,6.0,nan,48.0,19,37.0,74.0
47,美濃,2019-01-17,64,3.0,6.0,nan,43.0,13,31.0,64.0
48,橋頭,2019-01-17,86,4.0,6.0,nan,44.0,23,31.0,86.0
50,鳳山,2019-01-17,97,6.0,7.0,nan,48.0,33,nan,97.0
51,大寮,2019-01-17,97,9.0,6.0,nan,45.0,35,33.0,97.0
44,善化,2019-01-17,66,3.0,5.0,nan,45.0,17,27.0,66.0
43,新營,2019-01-17,61,7.0,5.0,nan,39.0,15,32.0,61.0
42,嘉義,2019-01-17,46,4.0,6.0,nan,36.0,24,28.0,46.0
52,林園,2019-01-17,94,11.0,7.0,nan,56.0,41,35.0,94.0
41,臺西,2019-01-17,59,3.0,5.0,nan,37.0,6,nan,59.0
40,朴子,2019-01-17,62,4.0,5.0,nan,50.0,13,36.0,62.0
39,新港,2019-01-17,58,4.0,5.0,nan,39.0,12,37.0,58.0
53,楠梓,2019-01-17,100,4.0,6.0,nan,41.0,23,33.0,100.0
54,左營,2019-01-17,68,4.0,6.0,nan,44.0,24,36.0,68.0
38,崙背,2019-01-17,77,4.0,5.0,nan,36.0,12,36.0,77.0
37,斗六,2019-01-17,58,4.0,5.0,nan,31.0,18,31.0,58.0
36,南投,2019-01-17,50,4.0,7.0,nan,30.0,28,23.0,50.0
35,二林,2019-01-17,53,4.0,5.0,nan,46.0,9,33.0,53.0
56,前金,2019-01-17,92,6.0,7.0,nan,44.0,25,37.0,92.0
57,前鎮,2019-01-17,88,3.0,9.0,nan,48.0,31,nan,88.0
34,線西,2019-01-17,52,4.0,5.0,nan,32.0,11,nan,52.0
58,小港,2019-01-17,85,4.0,8.0,nan,47.0,35,31.0,85.0
32,西屯,2019-01-17,52,3.0,5.0,nan,31.0,14,32.0,52.0
31,忠明,2019-01-17,39,3.0,6.0,nan,20.0,20,29.0,39.0
30,大里,2019-01-17,29,3.0,6.0,nan,17.0,23,29.0,28.0
29,沙鹿,2019-01-17,47,6.0,5.0,nan,25.0,15,35.0,47.0
28,豐原,2019-01-17,43,3.0,5.0,nan,19.0,13,29.0,43.0
27,三義,2019-01-17,31,4.0,5.0,nan,18.0,12,31.0,28.0
59,屏東,2019-01-17,77,3.0,6.0,nan,41.0,22,37.0,77.0
26,苗栗,2019-01-17,62,4.0,6.0,nan,32.0,19,27.0,62.0
25,頭份,2019-01-17,49,3.0,5.0,nan,33.0,13,nan,49.0
24,新竹,2019-01-17,64,3.0,6.0,nan,36.0,15,35.0,64.0
60,潮州,2019-01-17,92,6.0,6.0,nan,57.0,23,37.0,92.0
23,竹東,2019-01-17,40,3.0,5.0,nan,23.0,13,31.0,40.0
22,湖口,2019-01-17,52,3.0,5.0,nan,35.0,9,44.0,52.0
61,恆春,2019-01-17,44,1.0,3.0,nan,10.0,3,44.0,11.0
21,龍潭,2019-01-17,43,4.0,6.0,nan,31.0,25,34.0,43.0
62,臺東,2019-01-17,27,1.0,6.0,nan,11.0,9,27.0,26.0
20,平鎮,2019-01-17,61,4.0,7.0,nan,34.0,26,32.0,61.0
63,花蓮,2019-01-17,43,3.0,5.0,nan,18.0,7,43.0,20.0
19,觀音,2019-01-17,77,9.0,5.0,nan,38.0,8,42.0,77.0
64,陽明,2019-01-17,42,4.0,3.0,nan,14.0,4,42.0,19.0
18,大園,2019-01-17,57,7.0,5.0,nan,35.0,20,44.0,57.0
65,宜蘭,2019-01-17,35,7.0,5.0,nan,16.0,10,35.0,27.0
67,三重,2019-01-17,67,10.0,20.0,nan,49.0,67,nan,43.0
17,桃園,2019-01-17,47,6.0,8.0,nan,19.0,25,28.0,47.0
16,大同,2019-01-17,45,6.0,15.0,nan,28.0,45,nan,40.0
68,中壢,2019-01-17,42,4.0,10.0,nan,34.0,32,nan,42.0
69,竹山,2019-01-17,45,4.0,6.0,nan,32.0,19,28.0,45.0
70,永和,2019-01-17,42,3.0,9.0,nan,27.0,28,nan,42.0
71,復興,2019-01-17,89,6.0,10.0,nan,52.0,32,nan,89.0
15,松山,2019-01-17,37,3.0,7.0,nan,29.0,33,31.0,37.0
14,古亭,2019-01-17,45,3.0,7.0,nan,28.0,27,32.0,45.0
13,萬華,2019-01-17,36,3.0,7.0,nan,26.0,32,29.0,36.0
12,中山,2019-01-17,42,4.0,9.0,nan,28.0,37,29.0,42.0
72,埔里,2019-01-17,34,4.0,6.0,nan,22.0,20,29.0,34.0
11,士林,2019-01-17,44,3.0,5.0,nan,20.0,27,44.0,37.0
10,淡水,2019-01-17,44,3.0,5.0,nan,25.0,8,44.0,43.0
75,馬祖,2019-01-17,92,4.0,8.0,nan,52.0,8,84.0,92.0
9,林口,2019-01-17,48,3.0,5.0,nan,30.0,15,39.0,48.0
77,金門,2019-01-17,104,7.0,9.0,nan,54.0,15,67.0,104.0
8,菜寮,2019-01-17,38,3.0,7.0,nan,24.0,26,24.0,38.0
7,新莊,2019-01-17,36,3.0,6.0,nan,30.0,30,31.0,36.0
78,馬公,2019-01-17,54,3.0,5.0,nan,31.0,8,35.0,54.0
6,板橋,2019-01-17,46,4.0,8.0,nan,25.0,33,28.0,46.0
80,關山,2019-01-17,33,3.0,nan,nan,13.0,7,33.0,21.0
83,麥寮,2019-01-17,64,4.0,5.0,nan,44.0,12,nan,64.0
5,土城,2019-01-17,48,4.0,7.0,nan,23.0,23,31.0,48.0
84,富貴角,2019-01-17,59,1.0,3.0,nan,50.0,5,47.0,59.0
4,新店,2019-01-17,48,3.0,6.0,nan,21.0,28,30.0,48.0
3,萬里,2019-01-17,55,3.0,3.0,nan,55.0,6,48.0,45.0
66,冬山,2019-01-17,35,4.0,3.0,nan,19.0,15,35.0,21.0
49,仁武,2019-01-17,84,7.0,6.0,nan,43.0,25,33.0,84.0
33,彰化,2019-01-17,53,4.0,7.0,nan,23.0,22,31.0,53.0
1,基隆,2019-01-17,42,3.0,5.0,nan,29.0,8,42.0,39.0
69,竹山,2019-01-18,84,9.0,5.0,nan,59.0,16,77.0,84.0
67,三重,2019-01-18,70,14.0,16.0,nan,70.0,54,nan,68.0
65,宜蘭,2019-01-18,52,6.0,5.0,nan,38.0,17,45.0,52.0
20,平鎮,2019-01-18,46,6.0,6.0,nan,40.0,33,40.0,46.0
64,陽明,2019-01-18,43,6.0,2.0,nan,31.0,3,43.0,43.0
39,新港,2019-01-18,92,4.0,5.0,nan,62.0,16,61.0,92.0
19,觀音,2019-01-18,82,14.0,5.0,nan,45.0,25,41.0,82.0
63,花蓮,2019-01-18,44,3.0,5.0,nan,41.0,17,44.0,43.0
18,大園,2019-01-18,48,7.0,5.0,nan,40.0,26,44.0,48.0
62,臺東,2019-01-18,48,1.0,5.0,nan,30.0,9,35.0,48.0
17,桃園,2019-01-18,47,10.0,6.0,nan,40.0,19,35.0,47.0
61,恆春,2019-01-18,49,1.0,2.0,nan,27.0,2,49.0,32.0
16,大同,2019-01-18,47,4.0,11.0,nan,43.0,47,nan,47.0
15,松山,2019-01-18,53,1.0,6.0,nan,44.0,39,37.0,53.0
14,古亭,2019-01-18,46,3.0,5.0,nan,39.0,21,42.0,46.0
60,潮州,2019-01-18,107,9.0,7.0,nan,70.0,21,104.0,107.0
59,屏東,2019-01-18,120,7.0,7.0,nan,64.0,23,101.0,120.0
58,小港,2019-01-18,105,7.0,8.0,nan,62.0,41,61.0,105.0
57,前鎮,2019-01-18,104,11.0,9.0,nan,63.0,47,nan,104.0
56,前金,2019-01-18,105,7.0,7.0,nan,59.0,26,93.0,105.0
54,左營,2019-01-18,97,7.0,7.0,nan,59.0,27,97.0,90.0
53,楠梓,2019-01-18,126,7.0,7.0,nan,64.0,28,64.0,126.0
52,林園,2019-01-18,115,14.0,7.0,nan,67.0,31,115.0,104.0
13,萬華,2019-01-18,47,6.0,6.0,nan,40.0,37,37.0,47.0
51,大寮,2019-01-18,117,13.0,8.0,nan,63.0,34,77.0,117.0
50,鳳山,2019-01-18,104,11.0,9.0,nan,63.0,39,nan,104.0
48,橋頭,2019-01-18,116,9.0,7.0,nan,65.0,31,58.0,116.0
47,美濃,2019-01-18,89,3.0,6.0,nan,64.0,13,64.0,89.0
46,臺南,2019-01-18,100,6.0,7.0,nan,67.0,25,71.0,100.0
45,安南,2019-01-18,89,6.0,6.0,nan,64.0,17,84.0,89.0
44,善化,2019-01-18,102,6.0,6.0,nan,66.0,21,58.0,102.0
12,中山,2019-01-18,45,3.0,8.0,nan,42.0,39,35.0,45.0
43,新營,2019-01-18,99,6.0,6.0,nan,62.0,21,44.0,99.0
42,嘉義,2019-01-18,110,6.0,7.0,nan,64.0,24,64.0,110.0
41,臺西,2019-01-18,96,14.0,7.0,nan,58.0,25,nan,96.0
11,士林,2019-01-18,49,4.0,3.0,nan,35.0,9,45.0,49.0
10,淡水,2019-01-18,48,3.0,3.0,nan,31.0,8,48.0,39.0
9,林口,2019-01-18,43,3.0,3.0,nan,39.0,21,43.0,38.0
8,菜寮,2019-01-18,42,4.0,6.0,nan,38.0,24,31.0,42.0
1,基隆,2019-01-18,49,3.0,3.0,nan,41.0,20,43.0,49.0
33,彰化,2019-01-18,86,14.0,8.0,nan,48.0,36,39.0,86.0
7,新莊,2019-01-18,45,3.0,6.0,nan,45.0,28,40.0,38.0
6,板橋,2019-01-18,47,4.0,6.0,nan,37.0,28,38.0,47.0
49,仁武,2019-01-18,110,9.0,8.0,nan,61.0,35,77.0,110.0
66,冬山,2019-01-18,45,6.0,5.0,nan,38.0,20,37.0,45.0
38,崙背,2019-01-18,109,6.0,5.0,nan,57.0,12,51.0,109.0
5,土城,2019-01-18,52,3.0,5.0,nan,37.0,15,43.0,52.0
2,汐止,2019-01-18,43,3.0,5.0,nan,35.0,32,38.0,43.0
4,新店,2019-01-18,47,3.0,3.0,nan,32.0,16,42.0,47.0
3,萬里,2019-01-18,49,10.0,3.0,nan,41.0,13,49.0,49.0
37,斗六,2019-01-18,91,7.0,6.0,nan,58.0,20,54.0,91.0
36,南投,2019-01-18,91,10.0,8.0,nan,53.0,45,37.0,91.0
35,二林,2019-01-18,80,9.0,5.0,nan,66.0,15,44.0,80.0
34,線西,2019-01-18,76,13.0,6.0,nan,55.0,29,nan,76.0
32,西屯,2019-01-18,67,6.0,7.0,nan,50.0,39,44.0,67.0
31,忠明,2019-01-18,71,9.0,7.0,nan,44.0,47,43.0,71.0
30,大里,2019-01-18,61,9.0,8.0,nan,48.0,39,44.0,61.0
29,沙鹿,2019-01-18,65,7.0,6.0,nan,44.0,33,42.0,65.0
28,豐原,2019-01-18,61,9.0,6.0,nan,39.0,31,46.0,61.0
27,三義,2019-01-18,60,4.0,5.0,nan,32.0,17,42.0,60.0
26,苗栗,2019-01-18,68,7.0,8.0,nan,39.0,38,33.0,68.0
25,頭份,2019-01-18,55,4.0,6.0,nan,41.0,42,nan,55.0
40,朴子,2019-01-18,91,7.0,5.0,nan,66.0,17,48.0,91.0
24,新竹,2019-01-18,69,4.0,8.0,nan,42.0,32,42.0,69.0
23,竹東,2019-01-18,31,3.0,5.0,nan,nan,15,31.0,nan
22,湖口,2019-01-18,48,7.0,3.0,nan,40.0,23,46.0,48.0
21,龍潭,2019-01-18,56,6.0,8.0,nan,42.0,34,42.0,56.0
84,富貴角,2019-01-18,59,3.0,3.0,nan,nan,5,47.0,59.0
83,麥寮,2019-01-18,90,9.0,7.0,nan,64.0,14,nan,90.0
80,關山,2019-01-18,47,1.0,nan,nan,31.0,7,38.0,47.0
78,馬公,2019-01-18,86,3.0,5.0,nan,56.0,10,43.0,86.0
77,金門,2019-01-18,94,9.0,6.0,nan,61.0,11,71.0,94.0
75,馬祖,2019-01-18,108,6.0,5.0,nan,65.0,8,87.0,108.0
72,埔里,2019-01-18,63,6.0,6.0,nan,39.0,25,49.0,63.0
71,復興,2019-01-18,111,10.0,10.0,nan,66.0,47,nan,111.0
70,永和,2019-01-18,45,3.0,6.0,nan,36.0,21,nan,45.0
68,中壢,2019-01-18,57,9.0,20.0,nan,44.0,41,nan,57.0
61,恆春,2019-01-19,44,nan,2.0,nan,19.0,2,44.0,26.0
14,古亭,2019-01-19,84,7.0,16.0,nan,53.0,64,31.0,84.0
13,萬華,2019-01-19,80,10.0,18.0,nan,54.0,65,29.0,80.0
43,新營,2019-01-19,153,10.0,6.0,nan,85.0,22,37.0,153.0
77,金門,2019-01-19,97,11.0,5.0,nan,62.0,26,51.0,97.0
26,苗栗,2019-01-19,117,11.0,8.0,nan,71.0,31,34.0,117.0
5,土城,2019-01-19,87,16.0,12.0,nan,52.0,56,36.0,87.0
58,小港,2019-01-19,122,9.0,9.0,nan,66.0,47,46.0,122.0
78,馬公,2019-01-19,79,3.0,5.0,nan,51.0,17,32.0,79.0
23,竹東,2019-01-19,32,4.0,7.0,nan,nan,32,23.0,nan
59,屏東,2019-01-19,111,4.0,6.0,nan,64.0,21,84.0,111.0
42,嘉義,2019-01-19,151,13.0,8.0,nan,86.0,36,40.0,151.0
69,竹山,2019-01-19,89,4.0,5.0,nan,61.0,22,49.0,89.0
20,平鎮,2019-01-19,98,13.0,12.0,nan,62.0,57,45.0,98.0
12,中山,2019-01-19,72,10.0,17.0,nan,55.0,64,27.0,72.0
70,永和,2019-01-19,83,9.0,23.0,nan,51.0,63,nan,83.0
11,士林,2019-01-19,72,7.0,9.0,nan,43.0,43,45.0,72.0
80,關山,2019-01-19,41,3.0,nan,nan,22.0,10,22.0,41.0
19,觀音,2019-01-19,131,24.0,8.0,nan,64.0,50,49.0,131.0
41,臺西,2019-01-19,123,9.0,6.0,nan,71.0,14,nan,123.0
83,麥寮,2019-01-19,119,7.0,6.0,nan,80.0,16,nan,119.0
63,花蓮,2019-01-19,38,3.0,5.0,nan,27.0,21,34.0,38.0
71,復興,2019-01-19,132,10.0,11.0,nan,73.0,45,nan,132.0
40,朴子,2019-01-19,137,9.0,6.0,nan,90.0,16,45.0,137.0
45,安南,2019-01-19,137,6.0,7.0,nan,83.0,35,47.0,137.0
46,臺南,2019-01-19,134,7.0,8.0,nan,80.0,35,42.0,134.0
4,新店,2019-01-19,74,13.0,14.0,nan,41.0,58,35.0,74.0
84,富貴角,2019-01-19,67,3.0,3.0,nan,41.0,13,67.0,61.0
47,美濃,2019-01-19,94,3.0,5.0,nan,64.0,10,58.0,94.0
39,新港,2019-01-19,136,9.0,6.0,nan,89.0,17,44.0,136.0
25,頭份,2019-01-19,110,16.0,8.0,nan,76.0,44,nan,110.0
48,橋頭,2019-01-19,137,6.0,6.0,nan,71.0,23,44.0,137.0
67,三重,2019-01-19,76,16.0,22.0,nan,62.0,63,nan,76.0
50,鳳山,2019-01-19,127,9.0,8.0,nan,68.0,39,nan,127.0
64,陽明,2019-01-19,44,4.0,2.0,nan,19.0,8,44.0,30.0
18,大園,2019-01-19,84,16.0,8.0,nan,60.0,49,64.0,84.0
68,中壢,2019-01-19,92,11.0,22.0,nan,63.0,58,nan,92.0
38,崙背,2019-01-19,154,9.0,6.0,nan,83.0,20,50.0,154.0
10,淡水,2019-01-19,64,9.0,7.0,nan,41.0,42,64.0,60.0
72,埔里,2019-01-19,68,6.0,5.0,nan,43.0,16,44.0,68.0
24,新竹,2019-01-19,119,7.0,9.0,nan,67.0,46,43.0,119.0
9,林口,2019-01-19,70,7.0,7.0,nan,52.0,51,50.0,70.0
1,基隆,2019-01-19,59,4.0,7.0,nan,40.0,37,51.0,59.0
33,彰化,2019-01-19,135,11.0,10.0,nan,72.0,42,43.0,135.0
51,大寮,2019-01-19,128,16.0,7.0,nan,65.0,35,61.0,128.0
8,菜寮,2019-01-19,73,14.0,16.0,nan,52.0,56,31.0,73.0
52,林園,2019-01-19,126,11.0,6.0,nan,74.0,26,84.0,126.0
65,宜蘭,2019-01-19,44,4.0,3.0,nan,25.0,10,44.0,35.0
29,沙鹿,2019-01-19,121,6.0,9.0,nan,71.0,43,51.0,121.0
28,豐原,2019-01-19,87,4.0,7.0,nan,52.0,39,37.0,87.0
37,斗六,2019-01-19,155,13.0,9.0,nan,85.0,33,44.0,155.0
36,南投,2019-01-19,113,4.0,7.0,nan,64.0,26,33.0,113.0
53,楠梓,2019-01-19,152,6.0,6.0,nan,66.0,21,47.0,152.0
17,桃園,2019-01-19,77,31.0,14.0,nan,60.0,54,37.0,77.0
7,新莊,2019-01-19,82,16.0,14.0,nan,57.0,60,42.0,82.0
44,善化,2019-01-19,143,9.0,6.0,nan,85.0,23,43.0,143.0
49,仁武,2019-01-19,123,7.0,7.0,nan,65.0,31,48.0,123.0
60,潮州,2019-01-19,116,7.0,6.0,nan,71.0,24,90.0,116.0
54,左營,2019-01-19,106,6.0,7.0,nan,68.0,23,61.0,106.0
35,二林,2019-01-19,111,9.0,7.0,nan,92.0,22,44.0,111.0
66,冬山,2019-01-19,43,6.0,5.0,nan,38.0,26,43.0,35.0
2,汐止,2019-01-19,73,7.0,9.0,nan,46.0,41,38.0,73.0
34,線西,2019-01-19,126,13.0,7.0,nan,77.0,26,nan,126.0
16,大同,2019-01-19,68,14.0,20.0,nan,53.0,68,nan,65.0
15,松山,2019-01-19,69,7.0,12.0,nan,54.0,56,31.0,69.0
3,萬里,2019-01-19,64,7.0,5.0,nan,31.0,19,64.0,52.0
32,西屯,2019-01-19,119,6.0,9.0,nan,74.0,45,42.0,119.0
56,前金,2019-01-19,134,7.0,8.0,nan,69.0,22,58.0,134.0
6,板橋,2019-01-19,94,16.0,19.0,nan,57.0,63,37.0,94.0
22,湖口,2019-01-19,92,10.0,8.0,nan,64.0,47,58.0,92.0
62,臺東,2019-01-19,34,1.0,5.0,nan,21.0,12,25.0,34.0
21,龍潭,2019-01-19,105,9.0,9.0,nan,64.0,47,48.0,105.0
31,忠明,2019-01-19,128,7.0,12.0,nan,69.0,53,40.0,128.0
75,馬祖,2019-01-19,74,6.0,5.0,nan,52.0,25,50.0,74.0
27,三義,2019-01-19,77,6.0,6.0,nan,45.0,28,42.0,77.0
30,大里,2019-01-19,105,13.0,10.0,nan,75.0,45,38.0,105.0
57,前鎮,2019-01-19,124,10.0,9.0,nan,72.0,46,nan,124.0
15,松山,2019-01-20,76,4.0,8.0,nan,51.0,32,39.0,76.0
21,龍潭,2019-01-20,95,16.0,9.0,nan,57.0,38,41.0,95.0
22,湖口,2019-01-20,105,6.0,8.0,nan,66.0,34,43.0,105.0
23,竹東,2019-01-20,78,7.0,7.0,nan,38.0,23,35.0,78.0
24,新竹,2019-01-20,138,6.0,8.0,nan,66.0,33,35.0,138.0
25,頭份,2019-01-20,117,7.0,7.0,nan,72.0,34,nan,117.0
26,苗栗,2019-01-20,140,10.0,8.0,nan,72.0,23,26.0,140.0
27,三義,2019-01-20,92,6.0,7.0,nan,44.0,21,33.0,92.0
28,豐原,2019-01-20,74,7.0,8.0,nan,44.0,36,33.0,74.0
29,沙鹿,2019-01-20,136,4.0,8.0,nan,67.0,40,36.0,136.0
30,大里,2019-01-20,98,9.0,9.0,nan,64.0,37,30.0,98.0
31,忠明,2019-01-20,125,7.0,8.0,nan,58.0,34,31.0,125.0
32,西屯,2019-01-20,124,6.0,7.0,nan,67.0,35,33.0,124.0
34,線西,2019-01-20,149,10.0,10.0,nan,80.0,27,nan,149.0
35,二林,2019-01-20,140,11.0,8.0,nan,99.0,22,30.0,140.0
36,南投,2019-01-20,13,3.0,nan,nan,nan,13,nan,nan
37,斗六,2019-01-20,162,9.0,8.0,nan,92.0,31,41.0,162.0
38,崙背,2019-01-20,160,10.0,9.0,nan,92.0,24,34.0,160.0
39,新港,2019-01-20,159,9.0,9.0,nan,100.0,23,33.0,159.0
40,朴子,2019-01-20,158,9.0,8.0,nan,104.0,17,37.0,158.0
41,臺西,2019-01-20,152,7.0,7.0,nan,77.0,13,nan,152.0
42,嘉義,2019-01-20,162,10.0,9.0,nan,96.0,27,36.0,162.0
43,新營,2019-01-20,162,9.0,9.0,nan,95.0,30,33.0,162.0
44,善化,2019-01-20,160,20.0,8.0,nan,100.0,23,43.0,160.0
45,安南,2019-01-20,159,9.0,8.0,nan,94.0,27,48.0,159.0
46,臺南,2019-01-20,158,9.0,9.0,nan,90.0,26,44.0,158.0
47,美濃,2019-01-20,100,4.0,7.0,nan,62.0,17,41.0,100.0
48,橋頭,2019-01-20,144,7.0,8.0,nan,70.0,24,42.0,144.0
50,鳳山,2019-01-20,122,9.0,9.0,nan,64.0,31,nan,122.0
51,大寮,2019-01-20,132,10.0,8.0,nan,63.0,31,46.0,132.0
52,林園,2019-01-20,117,9.0,7.0,nan,68.0,32,49.0,117.0
53,楠梓,2019-01-20,150,6.0,8.0,nan,64.0,22,45.0,150.0
54,左營,2019-01-20,110,7.0,8.0,nan,64.0,24,49.0,110.0
56,前金,2019-01-20,141,7.0,9.0,nan,66.0,28,49.0,141.0
57,前鎮,2019-01-20,117,7.0,10.0,nan,66.0,36,nan,117.0
58,小港,2019-01-20,123,7.0,9.0,nan,64.0,34,48.0,123.0
59,屏東,2019-01-20,124,6.0,8.0,nan,64.0,24,47.0,124.0
60,潮州,2019-01-20,112,6.0,7.0,nan,61.0,22,46.0,112.0
61,恆春,2019-01-20,41,3.0,2.0,nan,6.0,3,41.0,14.0
62,臺東,2019-01-20,28,1.0,5.0,nan,7.0,8,23.0,28.0
63,花蓮,2019-01-20,44,1.0,6.0,nan,21.0,9,44.0,36.0
64,陽明,2019-01-20,45,1.0,6.0,nan,17.0,14,45.0,25.0
65,宜蘭,2019-01-20,51,4.0,7.0,nan,26.0,16,39.0,51.0
67,三重,2019-01-20,78,7.0,20.0,nan,55.0,47,nan,78.0
68,中壢,2019-01-20,109,10.0,11.0,nan,66.0,48,nan,109.0
69,竹山,2019-01-20,135,6.0,9.0,nan,78.0,26,41.0,135.0
70,永和,2019-01-20,77,3.0,10.0,nan,37.0,32,nan,77.0
71,復興,2019-01-20,125,9.0,11.0,nan,70.0,38,nan,125.0
72,埔里,2019-01-20,61,4.0,6.0,nan,35.0,19,38.0,61.0
75,馬祖,2019-01-20,118,6.0,8.0,nan,72.0,19,47.0,118.0
77,金門,2019-01-20,150,11.0,8.0,nan,81.0,47,40.0,150.0
78,馬公,2019-01-20,89,3.0,7.0,nan,51.0,12,31.0,89.0
80,關山,2019-01-20,31,3.0,nan,nan,10.0,7,31.0,28.0
83,麥寮,2019-01-20,152,4.0,8.0,nan,95.0,14,nan,152.0
84,富貴角,2019-01-20,104,1.0,6.0,nan,58.0,15,47.0,104.0
1,基隆,2019-01-20,74,4.0,7.0,nan,51.0,23,45.0,74.0
33,彰化,2019-01-20,154,11.0,9.0,nan,68.0,39,31.0,154.0
49,仁武,2019-01-20,127,10.0,8.0,nan,62.0,29,46.0,127.0
66,冬山,2019-01-20,54,3.0,6.0,nan,40.0,17,44.0,54.0
2,汐止,2019-01-20,85,4.0,8.0,nan,44.0,24,44.0,85.0
3,萬里,2019-01-20,77,6.0,6.0,nan,57.0,17,54.0,77.0
4,新店,2019-01-20,69,4.0,7.0,nan,32.0,26,26.0,69.0
5,土城,2019-01-20,92,7.0,14.0,nan,46.0,38,38.0,92.0
6,板橋,2019-01-20,89,10.0,16.0,nan,49.0,45,31.0,89.0
7,新莊,2019-01-20,81,10.0,12.0,nan,50.0,42,37.0,81.0
8,菜寮,2019-01-20,77,6.0,10.0,nan,44.0,52,28.0,77.0
9,林口,2019-01-20,84,4.0,7.0,nan,53.0,18,45.0,84.0
10,淡水,2019-01-20,79,7.0,7.0,nan,46.0,18,48.0,79.0
11,士林,2019-01-20,67,6.0,9.0,nan,39.0,36,47.0,67.0
12,中山,2019-01-20,73,4.0,11.0,nan,46.0,46,33.0,73.0
13,萬華,2019-01-20,68,6.0,12.0,nan,42.0,46,31.0,68.0
14,古亭,2019-01-20,78,4.0,9.0,nan,44.0,34,37.0,78.0
16,大同,2019-01-20,64,6.0,15.0,nan,44.0,46,nan,64.0
17,桃園,2019-01-20,94,27.0,9.0,nan,50.0,41,30.0,94.0
18,大園,2019-01-20,102,10.0,7.0,nan,61.0,41,45.0,102.0
19,觀音,2019-01-20,144,10.0,8.0,nan,62.0,27,41.0,144.0
20,平鎮,2019-01-20,110,11.0,8.0,nan,65.0,47,37.0,110.0
80,關山,2019-01-21,34,4.0,nan,nan,9.0,9,34.0,23.0
1,基隆,2019-01-21,44,1.0,3.0,nan,24.0,15,44.0,38.0
33,彰化,2019-01-21,51,3.0,6.0,nan,28.0,17,37.0,51.0
49,仁武,2019-01-21,112,9.0,8.0,nan,58.0,29,23.0,112.0
66,冬山,2019-01-21,43,1.0,5.0,nan,13.0,13,43.0,13.0
2,汐止,2019-01-21,43,4.0,5.0,nan,19.0,28,43.0,38.0
3,萬里,2019-01-21,55,4.0,3.0,nan,55.0,4,48.0,44.0
4,新店,2019-01-21,41,3.0,5.0,nan,18.0,25,28.0,41.0
5,土城,2019-01-21,51,6.0,5.0,nan,23.0,22,41.0,51.0
6,板橋,2019-01-21,45,6.0,6.0,nan,21.0,30,35.0,45.0
7,新莊,2019-01-21,38,3.0,6.0,nan,25.0,34,36.0,38.0
8,菜寮,2019-01-21,35,3.0,6.0,nan,19.0,25,30.0,35.0
9,林口,2019-01-21,44,1.0,3.0,nan,25.0,19,44.0,32.0
10,淡水,2019-01-21,47,3.0,3.0,nan,19.0,7,47.0,34.0
11,士林,2019-01-21,47,4.0,5.0,nan,15.0,12,47.0,39.0
12,中山,2019-01-21,45,3.0,8.0,nan,25.0,35,38.0,45.0
13,萬華,2019-01-21,38,1.0,6.0,nan,21.0,30,38.0,31.0
14,古亭,2019-01-21,41,4.0,5.0,nan,25.0,26,41.0,39.0
15,松山,2019-01-21,41,3.0,6.0,nan,27.0,32,41.0,40.0
16,大同,2019-01-21,42,4.0,16.0,nan,23.0,42,nan,36.0
17,桃園,2019-01-21,41,6.0,7.0,nan,21.0,30,33.0,41.0
18,大園,2019-01-21,46,9.0,5.0,nan,30.0,25,46.0,43.0
19,觀音,2019-01-21,64,9.0,3.0,nan,33.0,9,43.0,64.0
20,平鎮,2019-01-21,45,6.0,6.0,nan,28.0,30,39.0,45.0
21,龍潭,2019-01-21,46,4.0,5.0,nan,23.0,19,44.0,46.0
22,湖口,2019-01-21,46,4.0,3.0,nan,33.0,9,45.0,46.0
23,竹東,2019-01-21,46,4.0,5.0,nan,15.0,12,38.0,46.0
24,新竹,2019-01-21,63,4.0,5.0,nan,32.0,16,40.0,63.0
25,頭份,2019-01-21,45,4.0,5.0,nan,31.0,14,nan,45.0
26,苗栗,2019-01-21,64,4.0,5.0,nan,31.0,17,34.0,64.0
27,三義,2019-01-21,41,4.0,5.0,nan,19.0,15,41.0,41.0
28,豐原,2019-01-21,37,3.0,6.0,nan,17.0,13,36.0,37.0
29,沙鹿,2019-01-21,43,3.0,5.0,nan,29.0,11,42.0,43.0
30,大里,2019-01-21,34,3.0,6.0,nan,19.0,24,34.0,30.0
31,忠明,2019-01-21,47,4.0,6.0,nan,22.0,20,38.0,47.0
32,西屯,2019-01-21,43,3.0,5.0,nan,31.0,12,41.0,43.0
34,線西,2019-01-21,58,6.0,6.0,nan,40.0,12,nan,58.0
35,二林,2019-01-21,60,6.0,6.0,nan,53.0,12,35.0,60.0
36,南投,2019-01-21,48,3.0,7.0,nan,31.0,24,22.0,48.0
37,斗六,2019-01-21,55,3.0,6.0,nan,36.0,15,33.0,55.0
38,崙背,2019-01-21,87,6.0,6.0,nan,50.0,15,39.0,87.0
39,新港,2019-01-21,67,6.0,6.0,nan,50.0,15,35.0,67.0
40,朴子,2019-01-21,71,6.0,6.0,nan,60.0,13,35.0,71.0
41,臺西,2019-01-21,73,4.0,5.0,nan,48.0,8,nan,73.0
42,嘉義,2019-01-21,74,7.0,7.0,nan,43.0,23,30.0,74.0
43,新營,2019-01-21,71,6.0,6.0,nan,46.0,19,30.0,71.0
44,善化,2019-01-21,89,6.0,6.0,nan,55.0,17,31.0,89.0
45,安南,2019-01-21,87,4.0,6.0,nan,56.0,18,34.0,87.0
46,臺南,2019-01-21,94,4.0,7.0,nan,57.0,21,31.0,94.0
47,美濃,2019-01-21,103,3.0,8.0,nan,66.0,12,20.0,103.0
48,橋頭,2019-01-21,108,6.0,8.0,nan,58.0,24,23.0,108.0
50,鳳山,2019-01-21,124,7.0,8.0,nan,63.0,32,nan,124.0
51,大寮,2019-01-21,129,9.0,8.0,nan,66.0,34,20.0,129.0
52,林園,2019-01-21,132,11.0,9.0,nan,76.0,36,25.0,132.0
53,楠梓,2019-01-21,120,4.0,8.0,nan,56.0,23,24.0,120.0
54,左營,2019-01-21,98,4.0,8.0,nan,60.0,25,26.0,98.0
56,前金,2019-01-21,127,6.0,9.0,nan,61.0,27,25.0,127.0
57,前鎮,2019-01-21,116,6.0,10.0,nan,66.0,32,nan,116.0
58,小港,2019-01-21,119,7.0,9.0,nan,66.0,37,20.0,119.0
59,屏東,2019-01-21,121,3.0,8.0,nan,64.0,24,24.0,121.0
60,潮州,2019-01-21,129,3.0,9.0,nan,75.0,29,24.0,129.0
61,恆春,2019-01-21,48,1.0,5.0,nan,8.0,3,48.0,19.0
62,臺東,2019-01-21,30,3.0,7.0,nan,9.0,10,30.0,29.0
63,花蓮,2019-01-21,40,3.0,7.0,nan,13.0,18,40.0,14.0
64,陽明,2019-01-21,44,3.0,3.0,nan,7.0,2,44.0,9.0
65,宜蘭,2019-01-21,44,4.0,6.0,nan,12.0,7,44.0,26.0
67,三重,2019-01-21,42,6.0,17.0,nan,31.0,42,nan,28.0
68,中壢,2019-01-21,52,6.0,11.0,nan,31.0,36,nan,52.0
69,竹山,2019-01-21,55,6.0,6.0,nan,36.0,20,29.0,55.0
70,永和,2019-01-21,42,4.0,8.0,nan,22.0,27,nan,42.0
71,復興,2019-01-21,133,7.0,11.0,nan,68.0,36,nan,133.0
72,埔里,2019-01-21,47,4.0,6.0,nan,30.0,16,24.0,47.0
75,馬祖,2019-01-21,158,6.0,8.0,nan,96.0,11,46.0,158.0
77,金門,2019-01-21,163,7.0,10.0,nan,93.0,20,50.0,163.0
78,馬公,2019-01-21,66,3.0,6.0,nan,42.0,6,38.0,66.0
83,麥寮,2019-01-21,64,6.0,6.0,nan,54.0,12,nan,64.0
84,富貴角,2019-01-21,56,1.0,3.0,nan,43.0,3,45.0,56.0
1,基隆,2019-01-22,55,4.0,5.0,nan,38.0,13,50.0,55.0
64,陽明,2019-01-22,61,4.0,3.0,nan,28.0,5,61.0,40.0
65,宜蘭,2019-01-22,50,7.0,5.0,nan,27.0,12,35.0,50.0
67,三重,2019-01-22,63,11.0,19.0,nan,49.0,63,nan,60.0
63,花蓮,2019-01-22,39,3.0,5.0,nan,23.0,12,39.0,36.0
62,臺東,2019-01-22,30,3.0,5.0,nan,13.0,11,30.0,26.0
68,中壢,2019-01-22,69,14.0,16.0,nan,52.0,48,nan,69.0
61,恆春,2019-01-22,45,3.0,3.0,nan,22.0,15,45.0,37.0
69,竹山,2019-01-22,68,4.0,7.0,nan,49.0,26,31.0,68.0
60,潮州,2019-01-22,96,4.0,6.0,nan,62.0,22,42.0,96.0
70,永和,2019-01-22,67,4.0,12.0,nan,36.0,38,nan,67.0
71,復興,2019-01-22,114,3.0,9.0,nan,65.0,34,nan,114.0
59,屏東,2019-01-22,89,3.0,6.0,nan,55.0,21,42.0,89.0
72,埔里,2019-01-22,58,4.0,6.0,nan,36.0,19,32.0,58.0
58,小港,2019-01-22,102,4.0,7.0,nan,62.0,28,37.0,102.0
57,前鎮,2019-01-22,103,4.0,8.0,nan,62.0,30,nan,103.0
75,馬祖,2019-01-22,118,10.0,6.0,nan,66.0,9,93.0,118.0
56,前金,2019-01-22,112,6.0,7.0,nan,59.0,25,41.0,112.0
54,左營,2019-01-22,84,6.0,7.0,nan,57.0,24,40.0,84.0
77,金門,2019-01-22,154,9.0,9.0,nan,75.0,16,67.0,154.0
53,楠梓,2019-01-22,106,6.0,6.0,nan,56.0,23,38.0,106.0
78,馬公,2019-01-22,60,3.0,5.0,nan,36.0,8,40.0,60.0
52,林園,2019-01-22,109,16.0,7.0,nan,67.0,37,42.0,109.0
51,大寮,2019-01-22,105,7.0,6.0,nan,60.0,25,38.0,105.0
50,鳳山,2019-01-22,102,7.0,7.0,nan,57.0,33,nan,102.0
80,關山,2019-01-22,31,3.0,nan,nan,13.0,8,31.0,26.0
48,橋頭,2019-01-22,101,6.0,6.0,nan,59.0,25,37.0,101.0
83,麥寮,2019-01-22,80,6.0,6.0,nan,80.0,17,nan,77.0
47,美濃,2019-01-22,83,1.0,5.0,nan,60.0,14,36.0,83.0
46,臺南,2019-01-22,88,7.0,7.0,nan,71.0,25,40.0,88.0
84,富貴角,2019-01-22,80,6.0,3.0,nan,56.0,6,80.0,71.0
45,安南,2019-01-22,85,6.0,6.0,nan,67.0,25,44.0,85.0
44,善化,2019-01-22,91,6.0,6.0,nan,62.0,22,37.0,91.0
43,新營,2019-01-22,82,4.0,6.0,nan,56.0,23,35.0,82.0
42,嘉義,2019-01-22,79,7.0,7.0,nan,53.0,30,33.0,79.0
41,臺西,2019-01-22,77,6.0,5.0,nan,50.0,12,nan,77.0
40,朴子,2019-01-22,85,10.0,6.0,nan,73.0,25,43.0,85.0
39,新港,2019-01-22,78,6.0,5.0,nan,58.0,17,40.0,78.0
38,崙背,2019-01-22,80,7.0,6.0,nan,57.0,17,40.0,80.0
37,斗六,2019-01-22,82,4.0,6.0,nan,48.0,22,36.0,82.0
36,南投,2019-01-22,71,4.0,7.0,nan,45.0,30,23.0,71.0
35,二林,2019-01-22,68,9.0,5.0,nan,62.0,17,37.0,68.0
34,線西,2019-01-22,72,7.0,6.0,nan,49.0,23,nan,72.0
32,西屯,2019-01-22,60,3.0,5.0,nan,44.0,16,38.0,60.0
31,忠明,2019-01-22,66,4.0,6.0,nan,36.0,24,33.0,66.0
30,大里,2019-01-22,45,4.0,7.0,nan,31.0,26,31.0,45.0
29,沙鹿,2019-01-22,59,4.0,5.0,nan,38.0,15,41.0,59.0
28,豐原,2019-01-22,59,4.0,5.0,nan,31.0,16,34.0,59.0
27,三義,2019-01-22,63,4.0,5.0,nan,32.0,11,38.0,63.0
26,苗栗,2019-01-22,75,7.0,6.0,nan,44.0,19,31.0,75.0
25,頭份,2019-01-22,63,4.0,6.0,nan,46.0,29,nan,63.0
24,新竹,2019-01-22,83,7.0,7.0,nan,48.0,28,38.0,83.0
23,竹東,2019-01-22,69,6.0,5.0,nan,40.0,15,35.0,69.0
22,湖口,2019-01-22,65,7.0,6.0,nan,48.0,31,45.0,65.0
21,龍潭,2019-01-22,71,6.0,6.0,nan,47.0,24,38.0,71.0
20,平鎮,2019-01-22,70,11.0,9.0,nan,49.0,38,34.0,70.0
19,觀音,2019-01-22,85,23.0,8.0,nan,52.0,26,45.0,85.0
18,大園,2019-01-22,62,7.0,5.0,nan,44.0,33,48.0,62.0
17,桃園,2019-01-22,68,14.0,10.0,nan,36.0,41,34.0,68.0
16,大同,2019-01-22,63,9.0,16.0,nan,42.0,53,nan,63.0
15,松山,2019-01-22,60,4.0,7.0,nan,42.0,40,36.0,60.0
14,古亭,2019-01-22,63,6.0,7.0,nan,43.0,31,36.0,63.0
13,萬華,2019-01-22,52,7.0,8.0,nan,41.0,45,34.0,52.0
12,中山,2019-01-22,60,4.0,10.0,nan,40.0,48,34.0,60.0
11,士林,2019-01-22,60,17.0,6.0,nan,34.0,25,42.0,60.0
10,淡水,2019-01-22,53,4.0,6.0,nan,33.0,14,46.0,53.0
9,林口,2019-01-22,55,4.0,5.0,nan,44.0,21,44.0,55.0
8,菜寮,2019-01-22,61,7.0,8.0,nan,39.0,43,26.0,61.0
7,新莊,2019-01-22,63,6.0,11.0,nan,49.0,57,37.0,63.0
6,板橋,2019-01-22,67,6.0,10.0,nan,41.0,45,31.0,67.0
5,土城,2019-01-22,74,6.0,7.0,nan,37.0,40,37.0,74.0
4,新店,2019-01-22,66,6.0,7.0,nan,38.0,42,36.0,66.0
3,萬里,2019-01-22,87,4.0,5.0,nan,60.0,6,87.0,63.0
2,汐止,2019-01-22,58,4.0,9.0,nan,34.0,45,38.0,58.0
66,冬山,2019-01-22,51,4.0,5.0,nan,30.0,22,37.0,51.0
49,仁武,2019-01-22,101,6.0,7.0,nan,57.0,26,37.0,101.0
33,彰化,2019-01-22,67,4.0,7.0,nan,37.0,20,35.0,67.0
37,斗六,2019-01-23,124,9.0,7.0,nan,65.0,24,61.0,124.0
1,基隆,2019-01-23,72,3.0,6.0,nan,51.0,33,58.0,72.0
49,仁武,2019-01-23,144,6.0,8.0,nan,73.0,33,58.0,144.0
66,冬山,2019-01-23,64,4.0,3.0,nan,52.0,18,46.0,64.0
2,汐止,2019-01-23,77,4.0,6.0,nan,51.0,42,40.0,77.0
3,萬里,2019-01-23,97,4.0,3.0,nan,57.0,6,97.0,71.0
4,新店,2019-01-23,79,3.0,6.0,nan,47.0,19,46.0,79.0
5,土城,2019-01-23,79,4.0,6.0,nan,52.0,18,47.0,79.0
6,板橋,2019-01-23,83,3.0,7.0,nan,54.0,32,40.0,83.0
7,新莊,2019-01-23,78,4.0,8.0,nan,59.0,49,46.0,78.0
8,菜寮,2019-01-23,73,9.0,7.0,nan,54.0,44,34.0,73.0
9,林口,2019-01-23,71,6.0,6.0,nan,57.0,30,48.0,71.0
10,淡水,2019-01-23,64,6.0,7.0,nan,40.0,28,64.0,62.0
11,士林,2019-01-23,81,6.0,5.0,nan,50.0,11,71.0,81.0
12,中山,2019-01-23,87,3.0,8.0,nan,57.0,48,35.0,87.0
13,萬華,2019-01-23,77,3.0,8.0,nan,57.0,42,37.0,77.0
14,古亭,2019-01-23,75,3.0,6.0,nan,52.0,22,45.0,75.0
15,松山,2019-01-23,85,4.0,7.0,nan,57.0,43,38.0,85.0
16,大同,2019-01-23,80,6.0,15.0,nan,58.0,57,nan,80.0
17,桃園,2019-01-23,85,9.0,7.0,nan,48.0,25,40.0,85.0
18,大園,2019-01-23,83,6.0,5.0,nan,56.0,39,49.0,83.0
19,觀音,2019-01-23,91,20.0,6.0,nan,59.0,30,50.0,91.0
20,平鎮,2019-01-23,90,6.0,7.0,nan,56.0,26,46.0,90.0
21,龍潭,2019-01-23,84,6.0,6.0,nan,54.0,17,48.0,84.0
22,湖口,2019-01-23,80,4.0,6.0,nan,55.0,20,51.0,80.0
23,竹東,2019-01-23,69,6.0,6.0,nan,43.0,15,38.0,69.0
24,新竹,2019-01-23,92,7.0,6.0,nan,55.0,25,44.0,92.0
25,頭份,2019-01-23,76,4.0,6.0,nan,52.0,30,nan,76.0
26,苗栗,2019-01-23,92,10.0,8.0,nan,54.0,35,40.0,92.0
27,三義,2019-01-23,81,4.0,5.0,nan,41.0,20,49.0,81.0
28,豐原,2019-01-23,71,7.0,6.0,nan,46.0,34,47.0,71.0
29,沙鹿,2019-01-23,84,6.0,6.0,nan,52.0,24,61.0,84.0
30,大里,2019-01-23,67,6.0,10.0,nan,54.0,44,50.0,67.0
31,忠明,2019-01-23,79,6.0,7.0,nan,46.0,38,49.0,79.0
32,西屯,2019-01-23,92,4.0,6.0,nan,56.0,25,58.0,92.0
33,彰化,2019-01-23,93,6.0,8.0,nan,52.0,37,51.0,93.0
34,線西,2019-01-23,101,11.0,7.0,nan,61.0,27,nan,101.0
35,二林,2019-01-23,78,16.0,6.0,nan,70.0,25,46.0,78.0
36,南投,2019-01-23,92,7.0,8.0,nan,56.0,35,41.0,92.0
38,崙背,2019-01-23,102,11.0,5.0,nan,62.0,20,93.0,102.0
39,新港,2019-01-23,115,9.0,6.0,nan,68.0,22,71.0,115.0
40,朴子,2019-01-23,108,9.0,5.0,nan,67.0,22,90.0,108.0
41,臺西,2019-01-23,95,10.0,3.0,nan,58.0,12,nan,95.0
42,嘉義,2019-01-23,137,14.0,8.0,nan,70.0,30,50.0,137.0
43,新營,2019-01-23,109,7.0,6.0,nan,65.0,27,51.0,109.0
44,善化,2019-01-23,121,9.0,6.0,nan,74.0,24,74.0,121.0
45,安南,2019-01-23,113,4.0,6.0,nan,68.0,27,101.0,113.0
46,臺南,2019-01-23,118,6.0,7.0,nan,71.0,25,84.0,118.0
47,美濃,2019-01-23,102,3.0,6.0,nan,68.0,12,67.0,102.0
48,橋頭,2019-01-23,136,6.0,8.0,nan,76.0,29,51.0,136.0
50,鳳山,2019-01-23,149,16.0,9.0,nan,73.0,37,nan,149.0
51,大寮,2019-01-23,141,11.0,8.0,nan,75.0,41,48.0,141.0
52,林園,2019-01-23,140,13.0,8.0,nan,82.0,53,44.0,140.0
53,楠梓,2019-01-23,153,6.0,7.0,nan,73.0,29,58.0,153.0
54,左營,2019-01-23,124,7.0,8.0,nan,71.0,27,80.0,124.0
56,前金,2019-01-23,152,7.0,9.0,nan,71.0,29,71.0,152.0
57,前鎮,2019-01-23,141,9.0,10.0,nan,85.0,37,nan,141.0
58,小港,2019-01-23,131,13.0,10.0,nan,75.0,37,49.0,131.0
59,屏東,2019-01-23,131,4.0,7.0,nan,68.0,22,71.0,131.0
60,潮州,2019-01-23,139,6.0,7.0,nan,78.0,28,71.0,139.0
61,恆春,2019-01-23,67,1.0,3.0,nan,32.0,3,67.0,49.0
62,臺東,2019-01-23,64,3.0,6.0,nan,34.0,11,38.0,64.0
63,花蓮,2019-01-23,61,4.0,6.0,nan,45.0,20,50.0,61.0
64,陽明,2019-01-23,69,3.0,3.0,nan,49.0,3,67.0,69.0
65,宜蘭,2019-01-23,75,9.0,6.0,nan,53.0,17,50.0,75.0
67,三重,2019-01-23,81,9.0,16.0,nan,67.0,54,nan,81.0
68,中壢,2019-01-23,88,6.0,12.0,nan,56.0,40,nan,88.0
69,竹山,2019-01-23,94,6.0,7.0,nan,62.0,23,74.0,94.0
70,永和,2019-01-23,79,4.0,6.0,nan,47.0,20,nan,79.0
71,復興,2019-01-23,152,10.0,12.0,nan,77.0,36,nan,152.0
72,埔里,2019-01-23,77,3.0,7.0,nan,48.0,25,77.0,70.0
75,馬祖,2019-01-23,141,6.0,7.0,nan,75.0,10,126.0,141.0
77,金門,2019-01-23,145,11.0,7.0,nan,75.0,19,100.0,145.0
78,馬公,2019-01-23,91,3.0,5.0,nan,55.0,9,61.0,91.0
80,關山,2019-01-23,66,6.0,nan,nan,33.0,14,37.0,66.0
83,麥寮,2019-01-23,98,16.0,6.0,nan,73.0,23,nan,98.0
84,富貴角,2019-01-23,87,1.0,3.0,nan,55.0,4,84.0,87.0
84,富貴角,2019-01-24,93,1.0,3.0,nan,46.0,5,93.0,76.0
83,麥寮,2019-01-24,94,6.0,6.0,nan,72.0,18,nan,94.0
80,關山,2019-01-24,59,3.0,nan,nan,40.0,13,42.0,59.0
78,馬公,2019-01-24,81,3.0,3.0,nan,52.0,8,49.0,81.0
77,金門,2019-01-24,139,10.0,7.0,nan,74.0,17,112.0,139.0
75,馬祖,2019-01-24,166,7.0,6.0,nan,69.0,13,166.0,131.0
72,埔里,2019-01-24,87,7.0,7.0,nan,52.0,39,87.0,73.0
71,復興,2019-01-24,154,7.0,14.0,nan,85.0,45,nan,154.0
70,永和,2019-01-24,74,3.0,7.0,nan,45.0,28,nan,74.0
69,竹山,2019-01-24,101,7.0,6.0,nan,60.0,24,101.0,89.0
68,中壢,2019-01-24,88,10.0,16.0,nan,54.0,42,nan,88.0
67,三重,2019-01-24,78,10.0,16.0,nan,66.0,63,nan,78.0
65,宜蘭,2019-01-24,73,10.0,6.0,nan,54.0,23,41.0,73.0
64,陽明,2019-01-24,80,3.0,3.0,nan,40.0,4,80.0,59.0
63,花蓮,2019-01-24,74,7.0,6.0,nan,44.0,23,74.0,59.0
62,臺東,2019-01-24,61,3.0,6.0,nan,31.0,10,38.0,61.0
61,恆春,2019-01-24,64,1.0,3.0,nan,26.0,2,64.0,44.0
60,潮州,2019-01-24,136,9.0,7.0,nan,76.0,29,136.0,125.0
59,屏東,2019-01-24,140,7.0,8.0,nan,78.0,42,136.0,140.0
58,小港,2019-01-24,142,16.0,10.0,nan,83.0,68,74.0,142.0
57,前鎮,2019-01-24,151,6.0,10.0,nan,85.0,47,nan,151.0
56,前金,2019-01-24,157,7.0,9.0,nan,82.0,34,118.0,157.0
54,左營,2019-01-24,154,9.0,9.0,nan,82.0,36,126.0,154.0
53,楠梓,2019-01-24,157,6.0,8.0,nan,82.0,38,100.0,157.0
52,林園,2019-01-24,140,16.0,7.0,nan,85.0,37,140.0,139.0
51,大寮,2019-01-24,144,13.0,8.0,nan,80.0,53,87.0,144.0
50,鳳山,2019-01-24,152,10.0,10.0,nan,80.0,56,nan,152.0
48,橋頭,2019-01-24,153,6.0,8.0,nan,88.0,33,90.0,153.0
47,美濃,2019-01-24,93,6.0,6.0,nan,70.0,15,93.0,93.0
46,臺南,2019-01-24,148,9.0,9.0,nan,83.0,36,97.0,148.0
45,安南,2019-01-24,130,7.0,8.0,nan,80.0,36,108.0,130.0
44,善化,2019-01-24,151,11.0,8.0,nan,87.0,29,93.0,151.0
43,新營,2019-01-24,134,9.0,8.0,nan,75.0,32,61.0,134.0
42,嘉義,2019-01-24,153,33.0,9.0,nan,82.0,34,64.0,153.0
41,臺西,2019-01-24,92,6.0,5.0,nan,57.0,12,nan,92.0
40,朴子,2019-01-24,117,7.0,6.0,nan,71.0,16,90.0,117.0
39,新港,2019-01-24,130,7.0,7.0,nan,78.0,20,77.0,130.0
38,崙背,2019-01-24,131,9.0,6.0,nan,66.0,18,80.0,131.0
12,中山,2019-01-24,71,6.0,8.0,nan,52.0,49,49.0,71.0
37,斗六,2019-01-24,141,9.0,8.0,nan,76.0,31,90.0,141.0
36,南投,2019-01-24,107,7.0,8.0,nan,62.0,45,46.0,107.0
35,二林,2019-01-24,99,9.0,6.0,nan,77.0,21,49.0,99.0
34,線西,2019-01-24,101,13.0,9.0,nan,65.0,25,nan,101.0
33,彰化,2019-01-24,103,6.0,8.0,nan,57.0,42,58.0,103.0
32,西屯,2019-01-24,99,4.0,7.0,nan,61.0,36,67.0,99.0
31,忠明,2019-01-24,95,6.0,9.0,nan,54.0,47,61.0,95.0
30,大里,2019-01-24,92,9.0,11.0,nan,62.0,56,90.0,92.0
29,沙鹿,2019-01-24,85,6.0,5.0,nan,55.0,31,84.0,85.0
28,豐原,2019-01-24,68,4.0,6.0,nan,47.0,32,50.0,68.0
27,三義,2019-01-24,90,6.0,6.0,nan,48.0,27,90.0,87.0
26,苗栗,2019-01-24,90,10.0,8.0,nan,54.0,38,44.0,90.0
1,基隆,2019-01-24,87,3.0,5.0,nan,48.0,13,87.0,66.0
25,頭份,2019-01-24,74,4.0,6.0,nan,51.0,31,nan,74.0
49,仁武,2019-01-24,154,7.0,9.0,nan,79.0,38,87.0,154.0
24,新竹,2019-01-24,93,4.0,7.0,nan,54.0,27,51.0,93.0
66,冬山,2019-01-24,67,4.0,5.0,nan,53.0,21,44.0,67.0
2,汐止,2019-01-24,70,4.0,7.0,nan,46.0,40,61.0,70.0
23,竹東,2019-01-24,74,6.0,6.0,nan,41.0,19,44.0,74.0
3,萬里,2019-01-24,108,4.0,3.0,nan,52.0,5,108.0,67.0
22,湖口,2019-01-24,84,4.0,5.0,nan,54.0,17,84.0,74.0
4,新店,2019-01-24,75,3.0,7.0,nan,45.0,28,64.0,75.0
5,土城,2019-01-24,75,6.0,6.0,nan,50.0,21,61.0,75.0
21,龍潭,2019-01-24,84,6.0,6.0,nan,54.0,21,71.0,84.0
20,平鎮,2019-01-24,86,6.0,7.0,nan,54.0,42,51.0,86.0
6,板橋,2019-01-24,78,4.0,7.0,nan,51.0,35,46.0,78.0
19,觀音,2019-01-24,79,14.0,5.0,nan,56.0,22,64.0,79.0
7,新莊,2019-01-24,71,6.0,7.0,nan,56.0,23,58.0,71.0
18,大園,2019-01-24,80,10.0,5.0,nan,52.0,32,61.0,80.0
8,菜寮,2019-01-24,68,6.0,7.0,nan,49.0,25,43.0,68.0
17,桃園,2019-01-24,81,10.0,6.0,nan,54.0,21,44.0,81.0
9,林口,2019-01-24,69,6.0,5.0,nan,52.0,32,61.0,69.0
16,大同,2019-01-24,70,7.0,16.0,nan,55.0,58,nan,70.0
10,淡水,2019-01-24,84,3.0,6.0,nan,40.0,23,84.0,64.0
15,松山,2019-01-24,75,6.0,7.0,nan,54.0,36,49.0,75.0
11,士林,2019-01-24,100,4.0,5.0,nan,46.0,12,100.0,75.0
14,古亭,2019-01-24,71,4.0,6.0,nan,50.0,29,61.0,71.0
13,萬華,2019-01-24,72,6.0,7.0,nan,52.0,41,48.0,72.0
69,竹山,2019-01-25,95,10.0,6.0,nan,63.0,32,87.0,95.0
32,西屯,2019-01-25,105,6.0,6.0,nan,60.0,24,67.0,105.0
57,前鎮,2019-01-25,153,9.0,10.0,nan,84.0,44,nan,153.0
68,中壢,2019-01-25,103,9.0,15.0,nan,52.0,48,nan,103.0
31,忠明,2019-01-25,108,4.0,8.0,nan,54.0,42,71.0,108.0
30,大里,2019-01-25,96,7.0,10.0,nan,63.0,39,58.0,96.0
56,前金,2019-01-25,159,7.0,8.0,nan,85.0,27,118.0,159.0
77,金門,2019-01-25,142,13.0,6.0,nan,71.0,36,97.0,142.0
29,沙鹿,2019-01-25,110,6.0,6.0,nan,58.0,28,108.0,110.0
28,豐原,2019-01-25,91,6.0,7.0,nan,50.0,37,64.0,91.0
27,三義,2019-01-25,96,7.0,5.0,nan,46.0,25,67.0,96.0
26,苗栗,2019-01-25,105,9.0,7.0,nan,56.0,26,46.0,105.0
25,頭份,2019-01-25,84,4.0,6.0,nan,52.0,25,nan,84.0
54,左營,2019-01-25,153,7.0,8.0,nan,83.0,28,132.0,153.0
53,楠梓,2019-01-25,157,6.0,7.0,nan,80.0,26,108.0,157.0
52,林園,2019-01-25,132,11.0,7.0,nan,82.0,38,132.0,129.0
24,新竹,2019-01-25,93,6.0,7.0,nan,52.0,29,54.0,93.0
23,竹東,2019-01-25,81,7.0,6.0,nan,44.0,20,44.0,81.0
22,湖口,2019-01-25,93,6.0,6.0,nan,52.0,18,93.0,88.0
67,三重,2019-01-25,77,10.0,24.0,nan,62.0,56,nan,77.0
21,龍潭,2019-01-25,91,9.0,8.0,nan,54.0,38,71.0,91.0
51,大寮,2019-01-25,135,17.0,7.0,nan,76.0,31,100.0,135.0
50,鳳山,2019-01-25,152,11.0,9.0,nan,78.0,42,nan,152.0
84,富貴角,2019-01-25,84,1.0,3.0,nan,42.0,3,84.0,78.0
48,橋頭,2019-01-25,156,6.0,8.0,nan,88.0,28,87.0,156.0
20,平鎮,2019-01-25,91,10.0,9.0,nan,54.0,51,54.0,91.0
19,觀音,2019-01-25,98,19.0,5.0,nan,49.0,18,77.0,98.0
47,美濃,2019-01-25,87,3.0,6.0,nan,60.0,15,87.0,76.0
18,大園,2019-01-25,97,6.0,5.0,nan,47.0,29,97.0,86.0
17,桃園,2019-01-25,83,13.0,9.0,nan,51.0,38,44.0,83.0
46,臺南,2019-01-25,155,9.0,8.0,nan,88.0,30,104.0,155.0
75,馬祖,2019-01-25,156,6.0,7.0,nan,69.0,13,156.0,132.0
65,宜蘭,2019-01-25,71,3.0,5.0,nan,35.0,9,71.0,57.0
16,大同,2019-01-25,74,6.0,14.0,nan,51.0,54,nan,74.0
15,松山,2019-01-25,78,10.0,6.0,nan,47.0,45,49.0,78.0
14,古亭,2019-01-25,73,9.0,7.0,nan,46.0,34,44.0,73.0
13,萬華,2019-01-25,77,7.0,7.0,nan,44.0,43,44.0,77.0
12,中山,2019-01-25,79,7.0,8.0,nan,47.0,47,43.0,79.0
45,安南,2019-01-25,149,9.0,7.0,nan,83.0,28,129.0,149.0
64,陽明,2019-01-25,61,4.0,3.0,nan,29.0,3,61.0,43.0
44,善化,2019-01-25,155,9.0,7.0,nan,103.0,28,100.0,155.0
11,士林,2019-01-25,75,4.0,7.0,nan,44.0,39,64.0,75.0
10,淡水,2019-01-25,84,4.0,7.0,nan,39.0,31,84.0,69.0
9,林口,2019-01-25,73,6.0,6.0,nan,49.0,40,67.0,73.0
8,菜寮,2019-01-25,71,9.0,11.0,nan,46.0,49,49.0,71.0
83,麥寮,2019-01-25,120,6.0,6.0,nan,81.0,21,nan,120.0
43,新營,2019-01-25,153,9.0,7.0,nan,82.0,32,64.0,153.0
7,新莊,2019-01-25,75,9.0,9.0,nan,51.0,43,49.0,75.0
42,嘉義,2019-01-25,157,13.0,9.0,nan,90.0,32,64.0,157.0
6,板橋,2019-01-25,82,10.0,11.0,nan,44.0,38,44.0,82.0
72,埔里,2019-01-25,74,6.0,7.0,nan,49.0,39,74.0,71.0
63,花蓮,2019-01-25,50,3.0,5.0,nan,25.0,20,50.0,41.0
5,土城,2019-01-25,78,17.0,9.0,nan,45.0,35,58.0,78.0
4,新店,2019-01-25,70,7.0,7.0,nan,35.0,34,48.0,70.0
41,臺西,2019-01-25,123,7.0,5.0,nan,62.0,13,nan,123.0
3,萬里,2019-01-25,93,4.0,3.0,nan,48.0,8,93.0,70.0
62,臺東,2019-01-25,54,1.0,5.0,nan,25.0,13,32.0,54.0
2,汐止,2019-01-25,73,13.0,7.0,nan,41.0,44,64.0,73.0
40,朴子,2019-01-25,139,6.0,7.0,nan,82.0,21,104.0,139.0
1,基隆,2019-01-25,74,3.0,6.0,nan,38.0,38,74.0,63.0
66,冬山,2019-01-25,71,3.0,5.0,nan,41.0,19,71.0,54.0
39,新港,2019-01-25,152,6.0,6.0,nan,84.0,23,87.0,152.0
61,恆春,2019-01-25,67,3.0,2.0,nan,23.0,3,67.0,38.0
38,崙背,2019-01-25,155,9.0,8.0,nan,77.0,24,108.0,155.0
37,斗六,2019-01-25,151,13.0,7.0,nan,80.0,31,67.0,151.0
49,仁武,2019-01-25,154,11.0,8.0,nan,80.0,38,112.0,154.0
71,復興,2019-01-25,156,10.0,12.0,nan,87.0,45,nan,156.0
60,潮州,2019-01-25,146,7.0,6.0,nan,76.0,20,146.0,107.0
36,南投,2019-01-25,104,6.0,8.0,nan,59.0,37,44.0,104.0
35,二林,2019-01-25,119,13.0,7.0,nan,80.0,24,58.0,119.0
34,線西,2019-01-25,129,13.0,7.0,nan,67.0,36,nan,129.0
80,關山,2019-01-25,51,3.0,nan,nan,29.0,14,36.0,51.0
59,屏東,2019-01-25,115,4.0,7.0,nan,65.0,26,115.0,113.0
70,永和,2019-01-25,80,7.0,14.0,nan,40.0,38,nan,80.0
33,彰化,2019-01-25,123,7.0,9.0,nan,61.0,40,71.0,123.0
78,馬公,2019-01-25,103,3.0,6.0,nan,55.0,9,54.0,103.0
58,小港,2019-01-25,139,13.0,8.0,nan,80.0,57,97.0,139.0
70,永和,2019-01-26,53,1.0,3.0,nan,35.0,20,nan,53.0
45,安南,2019-01-26,134,4.0,6.0,nan,100.0,24,58.0,134.0
46,臺南,2019-01-26,139,6.0,6.0,nan,101.0,22,48.0,139.0
47,美濃,2019-01-26,88,3.0,5.0,nan,78.0,11,50.0,88.0
43,新營,2019-01-26,135,6.0,5.0,nan,94.0,28,43.0,135.0
48,橋頭,2019-01-26,154,6.0,7.0,nan,105.0,22,43.0,154.0
42,嘉義,2019-01-26,138,6.0,7.0,nan,79.0,26,44.0,138.0
50,鳳山,2019-01-26,158,11.0,9.0,nan,102.0,38,nan,158.0
41,臺西,2019-01-26,81,4.0,3.0,nan,74.0,7,nan,81.0
51,大寮,2019-01-26,154,9.0,8.0,nan,99.0,37,46.0,154.0
52,林園,2019-01-26,151,20.0,8.0,nan,104.0,48,54.0,151.0
40,朴子,2019-01-26,104,6.0,5.0,nan,104.0,12,49.0,92.0
39,新港,2019-01-26,129,6.0,5.0,nan,94.0,14,44.0,129.0
53,楠梓,2019-01-26,161,4.0,8.0,nan,102.0,24,45.0,161.0
54,左營,2019-01-26,156,6.0,7.0,nan,104.0,20,47.0,156.0
38,崙背,2019-01-26,101,6.0,3.0,nan,90.0,16,47.0,101.0
56,前金,2019-01-26,162,7.0,8.0,nan,107.0,25,46.0,162.0
57,前鎮,2019-01-26,156,6.0,9.0,nan,109.0,31,nan,156.0
37,斗六,2019-01-26,122,6.0,6.0,nan,67.0,85,49.0,122.0
36,南投,2019-01-26,78,4.0,6.0,nan,53.0,20,36.0,78.0
58,小港,2019-01-26,154,9.0,9.0,nan,104.0,47,44.0,154.0
35,二林,2019-01-26,85,9.0,5.0,nan,85.0,14,39.0,74.0
34,線西,2019-01-26,69,10.0,7.0,nan,66.0,12,nan,69.0
33,彰化,2019-01-26,77,6.0,5.0,nan,47.0,15,44.0,77.0
59,屏東,2019-01-26,130,6.0,6.0,nan,84.0,19,64.0,130.0
32,西屯,2019-01-26,68,3.0,3.0,nan,45.0,10,46.0,68.0
31,忠明,2019-01-26,68,4.0,3.0,nan,35.0,14,43.0,68.0
60,潮州,2019-01-26,138,10.0,8.0,nan,nan,55,44.0,138.0
30,大里,2019-01-26,63,4.0,8.0,nan,42.0,28,42.0,63.0
61,恆春,2019-01-26,54,1.0,2.0,nan,23.0,3,54.0,38.0
62,臺東,2019-01-26,51,1.0,3.0,nan,27.0,9,35.0,51.0
29,沙鹿,2019-01-26,56,4.0,3.0,nan,44.0,11,47.0,56.0
63,花蓮,2019-01-26,61,3.0,3.0,nan,34.0,11,61.0,49.0
28,豐原,2019-01-26,56,3.0,3.0,nan,34.0,8,44.0,56.0
64,陽明,2019-01-26,48,3.0,2.0,nan,31.0,3,48.0,39.0
27,三義,2019-01-26,61,4.0,3.0,nan,33.0,11,46.0,61.0
65,宜蘭,2019-01-26,54,10.0,3.0,nan,35.0,7,47.0,54.0
67,三重,2019-01-26,58,6.0,17.0,nan,58.0,42,nan,55.0
26,苗栗,2019-01-26,65,7.0,3.0,nan,44.0,13,39.0,65.0
68,中壢,2019-01-26,70,4.0,9.0,nan,44.0,33,nan,70.0
25,頭份,2019-01-26,53,3.0,3.0,nan,45.0,10,nan,53.0
69,竹山,2019-01-26,69,3.0,5.0,nan,52.0,16,49.0,69.0
44,善化,2019-01-26,149,7.0,6.0,nan,108.0,18,48.0,149.0
24,新竹,2019-01-26,64,3.0,3.0,nan,46.0,12,46.0,64.0
71,復興,2019-01-26,160,6.0,11.0,nan,108.0,30,nan,160.0
72,埔里,2019-01-26,68,4.0,6.0,nan,49.0,21,61.0,68.0
75,馬祖,2019-01-26,102,3.0,5.0,nan,62.0,8,74.0,102.0
77,金門,2019-01-26,137,4.0,5.0,nan,78.0,10,84.0,137.0
78,馬公,2019-01-26,69,3.0,3.0,nan,46.0,7,44.0,69.0
23,竹東,2019-01-26,60,4.0,3.0,nan,36.0,7,41.0,60.0
80,關山,2019-01-26,52,1.0,nan,nan,36.0,7,40.0,52.0
22,湖口,2019-01-26,58,4.0,3.0,nan,43.0,8,58.0,52.0
21,龍潭,2019-01-26,71,17.0,5.0,nan,42.0,11,46.0,71.0
83,麥寮,2019-01-26,121,6.0,3.0,nan,121.0,12,nan,77.0
84,富貴角,2019-01-26,63,1.0,2.0,nan,51.0,3,54.0,63.0
20,平鎮,2019-01-26,67,6.0,5.0,nan,44.0,18,45.0,67.0
19,觀音,2019-01-26,80,10.0,3.0,nan,48.0,8,47.0,80.0
18,大園,2019-01-26,64,4.0,3.0,nan,43.0,14,64.0,62.0
17,桃園,2019-01-26,52,4.0,6.0,nan,43.0,14,42.0,52.0
16,大同,2019-01-26,52,3.0,7.0,nan,41.0,30,nan,52.0
15,松山,2019-01-26,54,3.0,3.0,nan,38.0,24,54.0,54.0
14,古亭,2019-01-26,49,1.0,5.0,nan,41.0,18,49.0,47.0
13,萬華,2019-01-26,51,4.0,5.0,nan,38.0,28,47.0,51.0
12,中山,2019-01-26,54,1.0,6.0,nan,40.0,29,48.0,54.0
11,士林,2019-01-26,61,3.0,3.0,nan,36.0,7,61.0,49.0
10,淡水,2019-01-26,67,4.0,3.0,nan,35.0,6,67.0,44.0
9,林口,2019-01-26,58,3.0,3.0,nan,40.0,10,58.0,42.0
8,菜寮,2019-01-26,46,4.0,5.0,nan,39.0,18,46.0,45.0
7,新莊,2019-01-26,45,3.0,5.0,nan,42.0,17,45.0,44.0
6,板橋,2019-01-26,55,3.0,5.0,nan,40.0,21,45.0,55.0
5,土城,2019-01-26,53,4.0,5.0,nan,38.0,16,49.0,53.0
4,新店,2019-01-26,52,3.0,5.0,nan,34.0,21,45.0,52.0
3,萬里,2019-01-26,70,3.0,2.0,nan,70.0,3,64.0,52.0
2,汐止,2019-01-26,51,3.0,3.0,nan,33.0,11,51.0,37.0
1,基隆,2019-01-26,51,3.0,3.0,nan,37.0,6,51.0,46.0
66,冬山,2019-01-26,49,3.0,3.0,nan,38.0,10,49.0,39.0
49,仁武,2019-01-26,159,6.0,8.0,nan,103.0,27,45.0,159.0
69,竹山,2019-01-27,58,4.0,5.0,nan,48.0,18,50.0,58.0
70,永和,2019-01-27,23,3.0,nan,nan,21.0,13,nan,23.0
2,汐止,2019-01-27,35,3.0,5.0,nan,21.0,29,35.0,17.0
71,復興,2019-01-27,90,10.0,10.0,nan,67.0,39,nan,90.0
72,埔里,2019-01-27,74,6.0,6.0,nan,57.0,28,67.0,74.0
75,馬祖,2019-01-27,56,3.0,2.0,nan,41.0,4,54.0,56.0
3,萬里,2019-01-27,54,3.0,1.0,nan,54.0,6,44.0,31.0
77,金門,2019-01-27,78,3.0,3.0,nan,48.0,10,49.0,78.0
78,馬公,2019-01-27,36,3.0,2.0,nan,29.0,6,33.0,36.0
80,關山,2019-01-27,32,3.0,nan,nan,22.0,7,32.0,30.0
83,麥寮,2019-01-27,59,10.0,3.0,nan,59.0,17,nan,41.0
4,新店,2019-01-27,33,3.0,5.0,nan,19.0,23,33.0,25.0
84,富貴角,2019-01-27,49,1.0,1.0,nan,49.0,1,43.0,38.0
5,土城,2019-01-27,36,3.0,5.0,nan,21.0,18,36.0,29.0
6,板橋,2019-01-27,31,3.0,5.0,nan,22.0,23,31.0,31.0
7,新莊,2019-01-27,36,3.0,5.0,nan,27.0,26,36.0,18.0
8,菜寮,2019-01-27,34,4.0,5.0,nan,24.0,25,34.0,21.0
9,林口,2019-01-27,37,3.0,3.0,nan,25.0,16,37.0,18.0
10,淡水,2019-01-27,42,6.0,6.0,nan,21.0,25,42.0,20.0
11,士林,2019-01-27,41,3.0,2.0,nan,21.0,8,41.0,20.0
12,中山,2019-01-27,33,3.0,6.0,nan,26.0,30,33.0,32.0
13,萬華,2019-01-27,31,3.0,5.0,nan,25.0,31,31.0,26.0
14,古亭,2019-01-27,33,1.0,3.0,nan,25.0,15,33.0,22.0
15,松山,2019-01-27,40,4.0,5.0,nan,24.0,29,36.0,40.0
16,大同,2019-01-27,41,4.0,12.0,nan,29.0,41,nan,34.0
17,桃園,2019-01-27,31,4.0,3.0,nan,26.0,12,31.0,28.0
18,大園,2019-01-27,39,7.0,3.0,nan,28.0,20,39.0,34.0
19,觀音,2019-01-27,58,10.0,3.0,nan,31.0,19,37.0,58.0
20,平鎮,2019-01-27,36,4.0,3.0,nan,26.0,14,36.0,34.0
21,龍潭,2019-01-27,40,4.0,3.0,nan,23.0,13,40.0,32.0
22,湖口,2019-01-27,41,3.0,2.0,nan,25.0,10,41.0,22.0
23,竹東,2019-01-27,35,3.0,3.0,nan,22.0,9,34.0,35.0
24,新竹,2019-01-27,41,6.0,5.0,nan,27.0,23,35.0,41.0
25,頭份,2019-01-27,22,3.0,3.0,nan,22.0,18,nan,21.0
26,苗栗,2019-01-27,39,9.0,5.0,nan,24.0,21,33.0,39.0
27,三義,2019-01-27,42,4.0,3.0,nan,21.0,19,42.0,38.0
28,豐原,2019-01-27,44,3.0,3.0,nan,26.0,14,44.0,34.0
29,沙鹿,2019-01-27,43,4.0,3.0,nan,29.0,20,43.0,34.0
30,大里,2019-01-27,42,6.0,6.0,nan,27.0,32,42.0,38.0
31,忠明,2019-01-27,45,4.0,5.0,nan,24.0,28,41.0,45.0
32,西屯,2019-01-27,44,4.0,3.0,nan,31.0,19,43.0,44.0
33,彰化,2019-01-27,53,4.0,6.0,nan,30.0,25,39.0,53.0
34,線西,2019-01-27,43,10.0,7.0,nan,39.0,23,nan,43.0
35,二林,2019-01-27,52,7.0,5.0,nan,52.0,21,33.0,50.0
36,南投,2019-01-27,45,4.0,6.0,nan,38.0,26,37.0,45.0
37,斗六,2019-01-27,78,6.0,3.0,nan,45.0,19,48.0,78.0
38,崙背,2019-01-27,70,7.0,3.0,nan,41.0,14,41.0,70.0
39,新港,2019-01-27,57,10.0,5.0,nan,52.0,15,39.0,57.0
40,朴子,2019-01-27,49,6.0,2.0,nan,49.0,11,43.0,45.0
41,臺西,2019-01-27,51,3.0,2.0,nan,51.0,8,nan,45.0
42,嘉義,2019-01-27,63,7.0,6.0,nan,51.0,28,42.0,63.0
43,新營,2019-01-27,54,9.0,5.0,nan,50.0,20,38.0,54.0
44,善化,2019-01-27,65,6.0,3.0,nan,59.0,23,45.0,65.0
45,安南,2019-01-27,60,6.0,3.0,nan,56.0,17,49.0,60.0
46,臺南,2019-01-27,60,6.0,5.0,nan,59.0,23,44.0,60.0
47,美濃,2019-01-27,79,3.0,5.0,nan,71.0,12,50.0,79.0
48,橋頭,2019-01-27,82,6.0,6.0,nan,62.0,23,41.0,82.0
50,鳳山,2019-01-27,83,9.0,7.0,nan,63.0,36,nan,83.0
51,大寮,2019-01-27,97,21.0,8.0,nan,70.0,38,51.0,97.0
52,林園,2019-01-27,91,19.0,6.0,nan,75.0,32,77.0,91.0
53,楠梓,2019-01-27,89,4.0,6.0,nan,59.0,23,45.0,89.0
54,左營,2019-01-27,67,6.0,6.0,nan,59.0,25,49.0,67.0
56,前金,2019-01-27,94,4.0,6.0,nan,60.0,26,49.0,94.0
57,前鎮,2019-01-27,78,14.0,8.0,nan,69.0,40,nan,78.0
58,小港,2019-01-27,86,23.0,8.0,nan,67.0,49,50.0,86.0
66,冬山,2019-01-27,37,4.0,3.0,nan,23.0,13,37.0,15.0
59,屏東,2019-01-27,107,9.0,7.0,nan,73.0,26,74.0,107.0
60,潮州,2019-01-27,111,7.0,6.0,nan,nan,23,80.0,111.0
61,恆春,2019-01-27,44,3.0,2.0,nan,10.0,2,44.0,23.0
62,臺東,2019-01-27,31,3.0,3.0,nan,14.0,8,31.0,31.0
63,花蓮,2019-01-27,32,3.0,5.0,nan,19.0,18,32.0,25.0
64,陽明,2019-01-27,39,1.0,1.0,nan,18.0,2,39.0,18.0
49,仁武,2019-01-27,87,6.0,6.0,nan,58.0,28,49.0,87.0
65,宜蘭,2019-01-27,36,7.0,2.0,nan,20.0,6,36.0,29.0
67,三重,2019-01-27,40,6.0,14.0,nan,34.0,40,nan,22.0
68,中壢,2019-01-27,42,7.0,10.0,nan,26.0,27,nan,42.0
1,基隆,2019-01-27,41,1.0,3.0,nan,24.0,20,41.0,27.0
6,板橋,2019-01-28,34,9.0,7.0,nan,23.0,34,31.0,32.0
5,土城,2019-01-28,38,10.0,8.0,nan,26.0,34,38.0,33.0
4,新店,2019-01-28,34,4.0,5.0,nan,16.0,25,34.0,26.0
3,萬里,2019-01-28,44,4.0,2.0,nan,25.0,17,44.0,28.0
2,汐止,2019-01-28,38,10.0,5.0,nan,19.0,34,38.0,27.0
1,基隆,2019-01-28,42,4.0,7.0,nan,19.0,27,42.0,28.0
66,冬山,2019-01-28,40,3.0,3.0,nan,21.0,20,40.0,18.0
7,新莊,2019-01-28,37,11.0,8.0,nan,28.0,37,34.0,24.0
8,菜寮,2019-01-28,40,10.0,9.0,nan,22.0,40,31.0,26.0
9,林口,2019-01-28,36,9.0,3.0,nan,24.0,27,36.0,20.0
10,淡水,2019-01-28,42,4.0,7.0,nan,20.0,31,42.0,32.0
11,士林,2019-01-28,43,11.0,6.0,nan,23.0,31,43.0,32.0
12,中山,2019-01-28,41,17.0,9.0,nan,25.0,41,29.0,31.0
13,萬華,2019-01-28,37,10.0,6.0,nan,24.0,37,29.0,25.0
14,古亭,2019-01-28,31,7.0,6.0,nan,26.0,27,31.0,25.0
15,松山,2019-01-28,38,11.0,6.0,nan,22.0,38,34.0,24.0
16,大同,2019-01-28,46,16.0,16.0,nan,29.0,46,nan,26.0
17,桃園,2019-01-28,34,11.0,7.0,nan,28.0,34,31.0,31.0
18,大園,2019-01-28,44,13.0,3.0,nan,28.0,39,44.0,36.0
19,觀音,2019-01-28,61,20.0,5.0,nan,31.0,32,40.0,61.0
20,平鎮,2019-01-28,44,9.0,8.0,nan,29.0,35,34.0,44.0
21,龍潭,2019-01-28,50,11.0,7.0,nan,33.0,35,39.0,50.0
22,湖口,2019-01-28,44,6.0,5.0,nan,32.0,29,44.0,41.0
23,竹東,2019-01-28,58,6.0,5.0,nan,32.0,30,33.0,58.0
24,新竹,2019-01-28,53,7.0,6.0,nan,32.0,37,35.0,53.0
25,頭份,2019-01-28,38,7.0,5.0,nan,30.0,38,nan,33.0
26,苗栗,2019-01-28,52,9.0,5.0,nan,29.0,27,29.0,52.0
27,三義,2019-01-28,51,6.0,2.0,nan,25.0,23,44.0,51.0
28,豐原,2019-01-28,61,6.0,7.0,nan,39.0,27,44.0,61.0
29,沙鹿,2019-01-28,42,6.0,5.0,nan,29.0,30,42.0,42.0
30,大里,2019-01-28,58,6.0,9.0,nan,44.0,42,44.0,58.0
31,忠明,2019-01-28,55,6.0,7.0,nan,34.0,39,43.0,55.0
32,西屯,2019-01-28,53,4.0,5.0,nan,42.0,31,44.0,53.0
33,彰化,2019-01-28,66,11.0,7.0,nan,38.0,36,34.0,66.0
34,線西,2019-01-28,47,13.0,3.0,nan,34.0,28,nan,47.0
35,二林,2019-01-28,57,9.0,5.0,nan,54.0,21,36.0,57.0
36,南投,2019-01-28,69,7.0,7.0,nan,50.0,37,48.0,69.0
37,斗六,2019-01-28,87,11.0,6.0,nan,59.0,38,64.0,87.0
38,崙背,2019-01-28,100,7.0,5.0,nan,51.0,20,47.0,100.0
39,新港,2019-01-28,93,6.0,6.0,nan,62.0,20,45.0,93.0
40,朴子,2019-01-28,70,9.0,5.0,nan,54.0,18,50.0,70.0
41,臺西,2019-01-28,48,9.0,3.0,nan,35.0,14,nan,48.0
42,嘉義,2019-01-28,102,9.0,7.0,nan,67.0,38,48.0,102.0
43,新營,2019-01-28,88,6.0,6.0,nan,59.0,25,46.0,88.0
44,善化,2019-01-28,104,11.0,6.0,nan,70.0,25,67.0,104.0
45,安南,2019-01-28,83,9.0,7.0,nan,61.0,30,80.0,83.0
46,臺南,2019-01-28,93,9.0,7.0,nan,65.0,33,71.0,93.0
47,美濃,2019-01-28,74,3.0,5.0,nan,61.0,15,71.0,74.0
48,橋頭,2019-01-28,106,7.0,7.0,nan,66.0,41,51.0,106.0
49,仁武,2019-01-28,97,13.0,7.0,nan,62.0,44,77.0,97.0
50,鳳山,2019-01-28,106,9.0,8.0,nan,66.0,39,nan,106.0
51,大寮,2019-01-28,117,20.0,7.0,nan,71.0,43,90.0,117.0
52,林園,2019-01-28,126,16.0,6.0,nan,70.0,29,126.0,101.0
53,楠梓,2019-01-28,114,6.0,7.0,nan,62.0,43,67.0,114.0
54,左營,2019-01-28,90,7.0,8.0,nan,64.0,38,90.0,90.0
56,前金,2019-01-28,106,6.0,8.0,nan,64.0,32,90.0,106.0
57,前鎮,2019-01-28,99,9.0,12.0,nan,68.0,55,nan,99.0
58,小港,2019-01-28,102,11.0,9.0,nan,74.0,53,49.0,102.0
59,屏東,2019-01-28,105,7.0,9.0,nan,66.0,51,90.0,105.0
60,潮州,2019-01-28,122,9.0,6.0,nan,65.0,25,122.0,104.0
61,恆春,2019-01-28,42,1.0,2.0,nan,8.0,2,42.0,19.0
62,臺東,2019-01-28,26,3.0,5.0,nan,6.0,10,26.0,26.0
63,花蓮,2019-01-28,39,4.0,3.0,nan,16.0,30,39.0,23.0
64,陽明,2019-01-28,39,6.0,2.0,nan,17.0,4,39.0,25.0
65,宜蘭,2019-01-28,44,4.0,3.0,nan,18.0,16,44.0,25.0
67,三重,2019-01-28,52,10.0,22.0,nan,35.0,52,nan,32.0
68,中壢,2019-01-28,43,10.0,17.0,nan,30.0,43,nan,40.0
69,竹山,2019-01-28,78,13.0,7.0,nan,59.0,32,77.0,78.0
70,永和,2019-01-28,34,9.0,7.0,nan,21.0,26,nan,34.0
71,復興,2019-01-28,112,10.0,16.0,nan,73.0,57,nan,112.0
72,埔里,2019-01-28,73,7.0,7.0,nan,54.0,33,71.0,73.0
75,馬祖,2019-01-28,44,9.0,7.0,nan,33.0,16,44.0,44.0
77,金門,2019-01-28,69,9.0,3.0,nan,42.0,22,46.0,69.0
78,馬公,2019-01-28,34,3.0,2.0,nan,27.0,9,31.0,34.0
80,關山,2019-01-28,30,1.0,nan,nan,14.0,12,30.0,24.0
83,麥寮,2019-01-28,55,10.0,6.0,nan,54.0,25,nan,55.0
84,富貴角,2019-01-28,46,1.0,1.0,nan,46.0,3,44.0,31.0
66,冬山,2019-01-29,36,4.0,3.0,nan,18.0,16,36.0,21.0
1,基隆,2019-01-29,41,3.0,6.0,nan,23.0,28,41.0,33.0
84,富貴角,2019-01-29,48,6.0,2.0,nan,25.0,6,48.0,39.0
2,汐止,2019-01-29,37,3.0,6.0,nan,19.0,35,37.0,31.0
3,萬里,2019-01-29,48,4.0,2.0,nan,26.0,14,48.0,40.0
4,新店,2019-01-29,41,1.0,5.0,nan,16.0,18,41.0,30.0
83,麥寮,2019-01-29,72,6.0,3.0,nan,72.0,19,nan,66.0
5,土城,2019-01-29,42,3.0,6.0,nan,19.0,33,42.0,32.0
80,關山,2019-01-29,32,3.0,nan,nan,17.0,12,32.0,26.0
6,板橋,2019-01-29,37,3.0,7.0,nan,19.0,27,35.0,37.0
7,新莊,2019-01-29,39,4.0,6.0,nan,22.0,27,39.0,32.0
78,馬公,2019-01-29,54,1.0,3.0,nan,34.0,8,35.0,54.0
8,菜寮,2019-01-29,35,4.0,6.0,nan,23.0,25,35.0,31.0
9,林口,2019-01-29,40,6.0,3.0,nan,23.0,21,40.0,26.0
77,金門,2019-01-29,73,7.0,3.0,nan,42.0,13,51.0,73.0
10,淡水,2019-01-29,47,3.0,5.0,nan,17.0,25,47.0,35.0
75,馬祖,2019-01-29,77,3.0,2.0,nan,44.0,7,77.0,67.0
72,埔里,2019-01-29,90,7.0,7.0,nan,48.0,37,90.0,nan
11,士林,2019-01-29,45,6.0,3.0,nan,20.0,11,45.0,29.0
12,中山,2019-01-29,44,4.0,8.0,nan,26.0,38,33.0,44.0
13,萬華,2019-01-29,37,3.0,6.0,nan,24.0,37,31.0,28.0
14,古亭,2019-01-29,38,3.0,6.0,nan,22.0,29,38.0,32.0
15,松山,2019-01-29,41,4.0,6.0,nan,26.0,40,32.0,41.0
16,大同,2019-01-29,47,6.0,12.0,nan,27.0,47,nan,40.0
17,桃園,2019-01-29,33,9.0,6.0,nan,24.0,19,33.0,33.0
18,大園,2019-01-29,44,10.0,5.0,nan,nan,33,39.0,44.0
19,觀音,2019-01-29,64,20.0,6.0,nan,31.0,35,41.0,64.0
20,平鎮,2019-01-29,40,7.0,7.0,nan,23.0,36,40.0,36.0
21,龍潭,2019-01-29,41,4.0,6.0,nan,24.0,30,41.0,36.0
22,湖口,2019-01-29,45,6.0,6.0,nan,28.0,34,45.0,40.0
23,竹東,2019-01-29,54,4.0,6.0,nan,26.0,25,36.0,54.0
24,新竹,2019-01-29,66,7.0,8.0,nan,36.0,39,37.0,66.0
25,頭份,2019-01-29,56,7.0,6.0,nan,42.0,27,nan,56.0
26,苗栗,2019-01-29,64,9.0,6.0,nan,36.0,25,31.0,64.0
27,三義,2019-01-29,64,4.0,5.0,nan,36.0,24,54.0,64.0
28,豐原,2019-01-29,63,6.0,7.0,nan,42.0,35,44.0,63.0
29,沙鹿,2019-01-29,67,6.0,5.0,nan,41.0,25,47.0,67.0
30,大里,2019-01-29,60,6.0,9.0,nan,52.0,42,46.0,60.0
31,忠明,2019-01-29,79,6.0,9.0,nan,46.0,43,44.0,79.0
32,西屯,2019-01-29,73,4.0,7.0,nan,52.0,43,44.0,73.0
33,彰化,2019-01-29,71,7.0,8.0,nan,48.0,33,41.0,71.0
34,線西,2019-01-29,74,14.0,5.0,nan,49.0,29,nan,74.0
35,二林,2019-01-29,76,11.0,5.0,nan,65.0,25,40.0,76.0
36,南投,2019-01-29,82,6.0,7.0,nan,55.0,39,45.0,82.0
37,斗六,2019-01-29,105,11.0,6.0,nan,63.0,26,54.0,105.0
38,崙背,2019-01-29,114,9.0,5.0,nan,58.0,25,51.0,114.0
39,新港,2019-01-29,105,6.0,6.0,nan,69.0,23,47.0,105.0
40,朴子,2019-01-29,93,6.0,5.0,nan,65.0,20,58.0,93.0
41,臺西,2019-01-29,69,4.0,3.0,nan,43.0,13,nan,69.0
42,嘉義,2019-01-29,119,11.0,7.0,nan,72.0,38,50.0,119.0
43,新營,2019-01-29,116,6.0,6.0,nan,68.0,33,50.0,116.0
44,善化,2019-01-29,117,9.0,7.0,nan,78.0,25,87.0,117.0
45,安南,2019-01-29,106,9.0,7.0,nan,70.0,29,93.0,106.0
46,臺南,2019-01-29,122,9.0,8.0,nan,75.0,37,84.0,122.0
47,美濃,2019-01-29,97,6.0,5.0,nan,59.0,13,97.0,69.0
48,橋頭,2019-01-29,123,6.0,7.0,nan,68.0,31,84.0,123.0
49,仁武,2019-01-29,116,9.0,8.0,nan,66.0,51,101.0,116.0
50,鳳山,2019-01-29,107,9.0,9.0,nan,59.0,49,nan,107.0
51,大寮,2019-01-29,106,26.0,7.0,nan,61.0,53,100.0,106.0
52,林園,2019-01-29,136,10.0,6.0,nan,64.0,35,136.0,94.0
53,楠梓,2019-01-29,132,6.0,6.0,nan,64.0,37,97.0,132.0
54,左營,2019-01-29,122,6.0,8.0,nan,66.0,42,122.0,103.0
56,前金,2019-01-29,122,6.0,8.0,nan,64.0,42,122.0,112.0
57,前鎮,2019-01-29,113,13.0,11.0,nan,69.0,57,nan,113.0
58,小港,2019-01-29,97,9.0,8.0,nan,61.0,58,74.0,97.0
59,屏東,2019-01-29,129,4.0,10.0,nan,59.0,52,129.0,107.0
60,潮州,2019-01-29,122,9.0,6.0,nan,61.0,20,122.0,94.0
61,恆春,2019-01-29,46,1.0,1.0,nan,9.0,2,46.0,25.0
62,臺東,2019-01-29,32,1.0,5.0,nan,11.0,10,29.0,32.0
63,花蓮,2019-01-29,38,4.0,5.0,nan,18.0,24,38.0,30.0
64,陽明,2019-01-29,44,4.0,2.0,nan,16.0,3,44.0,28.0
65,宜蘭,2019-01-29,36,4.0,6.0,nan,18.0,23,36.0,35.0
67,三重,2019-01-29,52,10.0,18.0,nan,52.0,50,nan,42.0
68,中壢,2019-01-29,47,11.0,22.0,nan,25.0,42,nan,47.0
69,竹山,2019-01-29,90,7.0,6.0,nan,62.0,25,90.0,86.0
70,永和,2019-01-29,34,3.0,7.0,nan,18.0,23,nan,34.0
71,復興,2019-01-29,126,13.0,14.0,nan,71.0,63,nan,126.0
84,富貴角,2019-01-30,90,7.0,3.0,nan,42.0,19,48.0,90.0
66,冬山,2019-01-30,31,6.0,5.0,nan,31.0,22,29.0,28.0
1,基隆,2019-01-30,65,7.0,10.0,nan,38.0,43,35.0,65.0
2,汐止,2019-01-30,68,14.0,10.0,nan,37.0,57,31.0,68.0
3,萬里,2019-01-30,62,6.0,5.0,nan,39.0,18,54.0,62.0
4,新店,2019-01-30,72,7.0,10.0,nan,33.0,61,42.0,72.0
5,土城,2019-01-30,80,16.0,14.0,nan,47.0,61,46.0,80.0
6,板橋,2019-01-30,89,13.0,20.0,nan,54.0,69,38.0,89.0
7,新莊,2019-01-30,82,16.0,17.0,nan,52.0,65,41.0,82.0
8,菜寮,2019-01-30,79,9.0,19.0,nan,46.0,68,43.0,79.0
9,林口,2019-01-30,68,16.0,9.0,nan,45.0,54,41.0,68.0
10,淡水,2019-01-30,84,11.0,9.0,nan,44.0,51,44.0,84.0
11,士林,2019-01-30,81,11.0,12.0,nan,50.0,55,42.0,81.0
12,中山,2019-01-30,72,11.0,18.0,nan,47.0,72,32.0,71.0
13,萬華,2019-01-30,72,11.0,18.0,nan,44.0,70,37.0,72.0
14,古亭,2019-01-30,75,7.0,12.0,nan,44.0,63,41.0,75.0
15,松山,2019-01-30,67,9.0,14.0,nan,45.0,58,42.0,67.0
16,大同,2019-01-30,71,9.0,26.0,nan,47.0,68,nan,71.0
17,桃園,2019-01-30,93,29.0,14.0,nan,57.0,60,37.0,93.0
18,大園,2019-01-30,117,11.0,8.0,nan,nan,52,44.0,117.0
19,觀音,2019-01-30,134,9.0,6.0,nan,62.0,37,44.0,134.0
20,平鎮,2019-01-30,92,9.0,9.0,nan,54.0,56,43.0,92.0
21,龍潭,2019-01-30,70,6.0,7.0,nan,43.0,53,51.0,70.0
22,湖口,2019-01-30,95,7.0,6.0,nan,57.0,28,46.0,95.0
23,竹東,2019-01-30,82,3.0,6.0,nan,43.0,34,33.0,82.0
24,新竹,2019-01-30,112,6.0,12.0,nan,59.0,50,35.0,112.0
25,頭份,2019-01-30,106,14.0,9.0,nan,64.0,46,nan,106.0
26,苗栗,2019-01-30,110,13.0,8.0,nan,59.0,45,30.0,110.0
27,三義,2019-01-30,75,19.0,5.0,nan,38.0,27,46.0,75.0
28,豐原,2019-01-30,82,7.0,6.0,nan,47.0,27,48.0,82.0
29,沙鹿,2019-01-30,104,6.0,8.0,nan,59.0,41,45.0,104.0
30,大里,2019-01-30,78,6.0,9.0,nan,55.0,50,46.0,78.0
31,忠明,2019-01-30,111,10.0,12.0,nan,54.0,52,44.0,111.0
32,西屯,2019-01-30,112,16.0,8.0,nan,59.0,54,45.0,112.0
33,彰化,2019-01-30,112,13.0,14.0,nan,66.0,54,34.0,112.0
34,線西,2019-01-30,127,13.0,7.0,nan,71.0,48,nan,127.0
35,二林,2019-01-30,126,10.0,7.0,nan,95.0,34,39.0,126.0
36,南投,2019-01-30,79,7.0,7.0,nan,53.0,42,37.0,79.0
37,斗六,2019-01-30,153,7.0,8.0,nan,78.0,40,61.0,153.0
38,崙背,2019-01-30,159,7.0,7.0,nan,85.0,32,50.0,159.0
39,新港,2019-01-30,145,6.0,6.0,nan,87.0,32,45.0,145.0
40,朴子,2019-01-30,129,4.0,6.0,nan,78.0,29,51.0,129.0
41,臺西,2019-01-30,132,9.0,5.0,nan,64.0,19,nan,132.0
42,嘉義,2019-01-30,153,7.0,8.0,nan,78.0,42,44.0,153.0
43,新營,2019-01-30,154,4.0,7.0,nan,76.0,32,44.0,154.0
44,善化,2019-01-30,151,6.0,7.0,nan,82.0,34,48.0,151.0
45,安南,2019-01-30,137,7.0,8.0,nan,80.0,51,67.0,137.0
46,臺南,2019-01-30,152,6.0,12.0,nan,80.0,56,58.0,152.0
47,美濃,2019-01-30,80,4.0,6.0,nan,59.0,20,61.0,80.0
48,橋頭,2019-01-30,147,6.0,9.0,nan,77.0,60,50.0,147.0
49,仁武,2019-01-30,129,19.0,10.0,nan,68.0,50,90.0,129.0
50,鳳山,2019-01-30,117,7.0,10.0,nan,62.0,43,nan,117.0
51,大寮,2019-01-30,121,21.0,7.0,nan,66.0,36,77.0,121.0
52,林園,2019-01-30,136,9.0,6.0,nan,67.0,35,136.0,108.0
53,楠梓,2019-01-30,147,4.0,10.0,nan,67.0,64,71.0,147.0
54,左營,2019-01-30,115,4.0,11.0,nan,66.0,60,115.0,114.0
56,前金,2019-01-30,123,4.0,10.0,nan,63.0,44,112.0,123.0
57,前鎮,2019-01-30,116,14.0,11.0,nan,67.0,60,nan,116.0
58,小港,2019-01-30,105,6.0,7.0,nan,63.0,42,77.0,105.0
59,屏東,2019-01-30,110,7.0,9.0,nan,62.0,43,100.0,110.0
60,潮州,2019-01-30,122,7.0,6.0,nan,59.0,21,122.0,96.0
61,恆春,2019-01-30,49,3.0,2.0,nan,20.0,2,49.0,31.0
62,臺東,2019-01-30,39,3.0,6.0,nan,17.0,18,29.0,39.0
63,花蓮,2019-01-30,40,7.0,5.0,nan,20.0,19,40.0,30.0
64,陽明,2019-01-30,64,7.0,3.0,nan,23.0,19,64.0,43.0
65,宜蘭,2019-01-30,41,4.0,6.0,nan,25.0,18,39.0,41.0
67,三重,2019-01-30,75,7.0,22.0,nan,62.0,71,nan,75.0
68,中壢,2019-01-30,90,11.0,23.0,nan,53.0,62,nan,90.0
69,竹山,2019-01-30,77,9.0,6.0,nan,49.0,36,77.0,69.0
70,永和,2019-01-30,81,10.0,17.0,nan,41.0,64,nan,81.0
71,復興,2019-01-30,133,11.0,11.0,nan,71.0,56,nan,133.0
72,埔里,2019-01-30,97,6.0,6.0,nan,44.0,34,97.0,nan
75,馬祖,2019-01-30,80,9.0,6.0,nan,52.0,17,64.0,80.0
77,金門,2019-01-30,112,6.0,5.0,nan,59.0,27,46.0,112.0
78,馬公,2019-01-30,71,1.0,3.0,nan,35.0,13,38.0,71.0
80,關山,2019-01-30,34,3.0,nan,nan,21.0,9,32.0,34.0
83,麥寮,2019-01-30,156,7.0,6.0,nan,92.0,27,nan,156.0
66,冬山,2019-01-31,58,7.0,5.0,nan,36.0,32,58.0,39.0
1,基隆,2019-01-31,63,9.0,9.0,nan,42.0,31,54.0,63.0
2,汐止,2019-01-31,62,9.0,10.0,nan,35.0,33,50.0,62.0
3,萬里,2019-01-31,67,11.0,5.0,nan,37.0,33,67.0,53.0
4,新店,2019-01-31,58,9.0,7.0,nan,31.0,44,49.0,58.0
5,土城,2019-01-31,77,13.0,14.0,nan,44.0,43,58.0,77.0
6,板橋,2019-01-31,73,10.0,11.0,nan,42.0,48,44.0,73.0
84,富貴角,2019-01-31,64,4.0,5.0,nan,32.0,17,54.0,64.0
83,麥寮,2019-01-31,127,11.0,8.0,nan,77.0,30,nan,127.0
80,關山,2019-01-31,32,3.0,nan,nan,22.0,12,30.0,32.0
7,新莊,2019-01-31,75,17.0,16.0,nan,46.0,47,47.0,75.0
78,馬公,2019-01-31,62,3.0,5.0,nan,28.0,11,44.0,62.0
77,金門,2019-01-31,126,9.0,6.0,nan,61.0,37,35.0,126.0
75,馬祖,2019-01-31,67,7.0,6.0,nan,48.0,14,44.0,67.0
8,菜寮,2019-01-31,66,11.0,12.0,nan,37.0,49,43.0,66.0
72,埔里,2019-01-31,51,6.0,6.0,nan,37.0,30,46.0,51.0
9,林口,2019-01-31,54,10.0,5.0,nan,35.0,40,54.0,54.0
71,復興,2019-01-31,94,7.0,10.0,nan,54.0,42,nan,94.0
70,永和,2019-01-31,64,10.0,15.0,nan,34.0,56,nan,64.0
69,竹山,2019-01-31,52,9.0,5.0,nan,39.0,23,48.0,52.0
10,淡水,2019-01-31,63,10.0,8.0,nan,31.0,49,54.0,63.0
68,中壢,2019-01-31,58,9.0,15.0,nan,38.0,42,nan,58.0
67,三重,2019-01-31,66,13.0,22.0,nan,48.0,66,nan,61.0
11,士林,2019-01-31,52,9.0,7.0,nan,33.0,46,49.0,52.0
65,宜蘭,2019-01-31,61,3.0,6.0,nan,26.0,13,61.0,44.0
12,中山,2019-01-31,62,10.0,11.0,nan,39.0,50,40.0,62.0
64,陽明,2019-01-31,54,6.0,3.0,nan,17.0,12,54.0,31.0
13,萬華,2019-01-31,63,9.0,10.0,nan,34.0,51,38.0,63.0
63,花蓮,2019-01-31,43,4.0,5.0,nan,22.0,11,43.0,27.0
14,古亭,2019-01-31,62,9.0,9.0,nan,38.0,53,43.0,62.0
62,臺東,2019-01-31,34,1.0,6.0,nan,18.0,12,26.0,34.0
61,恆春,2019-01-31,112,4.0,3.0,nan,25.0,4,112.0,41.0
60,潮州,2019-01-31,83,7.0,5.0,nan,58.0,38,50.0,83.0
59,屏東,2019-01-31,97,6.0,6.0,nan,59.0,25,93.0,97.0
58,小港,2019-01-31,86,9.0,6.0,nan,54.0,37,64.0,86.0
15,松山,2019-01-31,65,9.0,10.0,nan,37.0,46,44.0,65.0
57,前鎮,2019-01-31,82,9.0,8.0,nan,52.0,35,nan,82.0
56,前金,2019-01-31,101,10.0,8.0,nan,49.0,29,101.0,89.0
54,左營,2019-01-31,112,11.0,7.0,nan,48.0,33,112.0,78.0
16,大同,2019-01-31,66,13.0,23.0,nan,37.0,66,nan,55.0
53,楠梓,2019-01-31,121,6.0,7.0,nan,54.0,34,80.0,121.0
17,桃園,2019-01-31,60,20.0,7.0,nan,41.0,41,44.0,60.0
18,大園,2019-01-31,70,11.0,6.0,nan,40.0,28,67.0,70.0
19,觀音,2019-01-31,94,11.0,6.0,nan,45.0,26,45.0,94.0
52,林園,2019-01-31,89,14.0,7.0,nan,61.0,38,74.0,89.0
51,大寮,2019-01-31,114,34.0,10.0,nan,62.0,33,51.0,114.0
20,平鎮,2019-01-31,56,6.0,6.0,nan,37.0,34,48.0,56.0
50,鳳山,2019-01-31,106,10.0,8.0,nan,52.0,42,nan,106.0
21,龍潭,2019-01-31,70,7.0,6.0,nan,37.0,25,61.0,70.0
22,湖口,2019-01-31,71,9.0,5.0,nan,36.0,29,71.0,56.0
23,竹東,2019-01-31,69,10.0,5.0,nan,32.0,22,44.0,69.0
49,仁武,2019-01-31,95,11.0,7.0,nan,53.0,48,84.0,95.0
24,新竹,2019-01-31,71,9.0,7.0,nan,40.0,31,47.0,71.0
48,橋頭,2019-01-31,109,10.0,6.0,nan,59.0,30,58.0,109.0
47,美濃,2019-01-31,67,4.0,6.0,nan,52.0,20,67.0,62.0
46,臺南,2019-01-31,99,7.0,8.0,nan,57.0,30,90.0,99.0
45,安南,2019-01-31,111,9.0,7.0,nan,62.0,42,108.0,111.0
44,善化,2019-01-31,113,9.0,6.0,nan,68.0,25,112.0,113.0
25,頭份,2019-01-31,58,9.0,6.0,nan,36.0,27,nan,58.0
43,新營,2019-01-31,117,7.0,7.0,nan,62.0,36,74.0,117.0
42,嘉義,2019-01-31,89,13.0,7.0,nan,52.0,33,71.0,89.0
26,苗栗,2019-01-31,71,7.0,7.0,nan,36.0,29,44.0,71.0
41,臺西,2019-01-31,143,16.0,7.0,nan,65.0,27,nan,143.0
40,朴子,2019-01-31,123,9.0,7.0,nan,68.0,30,101.0,123.0
27,三義,2019-01-31,67,9.0,5.0,nan,34.0,28,67.0,66.0
28,豐原,2019-01-31,62,7.0,7.0,nan,38.0,42,61.0,62.0
29,沙鹿,2019-01-31,79,16.0,7.0,nan,44.0,51,51.0,79.0
39,新港,2019-01-31,110,24.0,7.0,nan,63.0,31,77.0,110.0
38,崙背,2019-01-31,129,7.0,6.0,nan,59.0,31,93.0,129.0
30,大里,2019-01-31,52,7.0,8.0,nan,37.0,35,51.0,52.0
37,斗六,2019-01-31,79,7.0,5.0,nan,48.0,36,64.0,79.0
36,南投,2019-01-31,55,11.0,7.0,nan,39.0,39,35.0,55.0
35,二林,2019-01-31,96,4.0,5.0,nan,69.0,28,50.0,96.0
34,線西,2019-01-31,82,9.0,7.0,nan,47.0,42,nan,82.0
31,忠明,2019-01-31,65,4.0,6.0,nan,34.0,37,51.0,65.0
33,彰化,2019-01-31,93,10.0,10.0,nan,44.0,42,64.0,93.0
32,西屯,2019-01-31,70,9.0,5.0,nan,44.0,36,64.0,70.0
