siteid,sitename,monitordate,aqi,so2subindex,cosubindex,o3subindex,pm10subindex,no2subindex,o38subindex,pm25subindex
61,恆春,2021-05-01,87,3,3.0,nan,19,3,87.0,30.0
1,基隆,2021-05-01,108,4,7.0,nan,31,25,108.0,60.0
2,汐止,2021-05-01,132,27,7.0,nan,37,29,132.0,69.0
3,萬里,2021-05-01,161,7,5.0,nan,34,14,161.0,68.0
4,新店,2021-05-01,159,9,7.0,nan,31,29,159.0,60.0
5,土城,2021-05-01,140,7,9.0,nan,44,36,140.0,78.0
6,板橋,2021-05-01,100,9,11.0,nan,39,54,100.0,69.0
7,新莊,2021-05-01,118,7,11.0,nan,39,50,118.0,78.0
8,菜寮,2021-05-01,126,6,9.0,nan,40,51,126.0,69.0
9,林口,2021-05-01,118,9,7.0,nan,38,31,118.0,68.0
10,淡水,2021-05-01,84,6,11.0,nan,37,40,84.0,68.0
11,士林,2021-05-01,129,4,10.0,nan,40,34,129.0,67.0
12,中山,2021-05-01,100,9,10.0,nan,37,45,100.0,68.0
13,萬華,2021-05-01,126,11,10.0,nan,36,63,126.0,67.0
14,古亭,2021-05-01,143,14,8.0,nan,34,30,143.0,69.0
15,松山,2021-05-01,126,10,8.0,nan,36,36,126.0,74.0
16,大同,2021-05-01,77,7,20.0,nan,43,49,nan,77.0
17,桃園,2021-05-01,112,27,9.0,nan,39,39,112.0,70.0
18,大園,2021-05-01,104,6,6.0,nan,32,22,104.0,67.0
19,觀音,2021-05-01,74,7,5.0,nan,30,17,74.0,58.0
20,平鎮,2021-05-01,100,6,7.0,nan,32,24,100.0,60.0
21,龍潭,2021-05-01,115,6,6.0,nan,32,22,115.0,64.0
22,湖口,2021-05-01,101,6,5.0,nan,27,29,101.0,57.0
23,竹東,2021-05-01,115,3,6.0,nan,27,16,115.0,53.0
24,新竹,2021-05-01,101,9,9.0,nan,30,41,101.0,56.0
25,頭份,2021-05-01,56,7,6.0,nan,31,27,nan,56.0
26,苗栗,2021-05-01,58,6,7.0,nan,31,25,43.0,58.0
27,三義,2021-05-01,61,6,6.0,nan,33,14,61.0,58.0
28,豐原,2021-05-01,115,7,10.0,nan,40,16,115.0,73.0
29,沙鹿,2021-05-01,87,6,7.0,nan,35,25,87.0,61.0
30,大里,2021-05-01,67,7,7.0,nan,37,23,67.0,61.0
85,大城,2021-05-01,104,4,5.0,nan,49,12,104.0,94.0
31,忠明,2021-05-01,67,4,6.0,nan,37,28,61.0,67.0
84,富貴角,2021-05-01,108,3,3.0,nan,29,8,108.0,53.0
83,麥寮,2021-05-01,76,3,6.0,nan,42,14,nan,76.0
80,關山,2021-05-01,40,3,nan,nan,10,5,40.0,22.0
32,西屯,2021-05-01,84,4,6.0,nan,43,30,61.0,84.0
78,馬公,2021-05-01,90,3,6.0,nan,16,21,90.0,31.0
33,彰化,2021-05-01,93,21,6.0,nan,36,13,93.0,73.0
77,金門,2021-05-01,140,13,6.0,nan,42,16,140.0,nan
75,馬祖,2021-05-01,164,9,7.0,nan,53,21,164.0,111.0
72,埔里,2021-05-01,115,3,5.0,nan,32,21,115.0,68.0
34,線西,2021-05-01,88,20,6.0,nan,50,16,nan,88.0
71,復興,2021-05-01,52,4,7.0,nan,24,22,nan,52.0
70,永和,2021-05-01,68,14,12.0,nan,38,42,nan,68.0
69,竹山,2021-05-01,93,6,5.0,nan,34,24,93.0,69.0
35,二林,2021-05-01,77,4,5.0,nan,48,30,43.0,77.0
68,中壢,2021-05-01,65,6,16.0,nan,32,42,nan,65.0
67,三重,2021-05-01,72,7,15.0,nan,38,54,nan,72.0
36,南投,2021-05-01,108,4,6.0,nan,38,23,108.0,67.0
66,冬山,2021-05-01,43,9,7.0,nan,31,18,43.0,42.0
37,斗六,2021-05-01,104,7,6.0,nan,34,19,104.0,58.0
65,宜蘭,2021-05-01,51,10,5.0,nan,26,11,51.0,42.0
38,崙背,2021-05-01,74,3,6.0,nan,40,19,74.0,69.0
64,陽明,2021-05-01,122,3,3.0,nan,26,5,122.0,42.0
63,花蓮,2021-05-01,46,3,6.0,nan,17,18,46.0,29.0
62,臺東,2021-05-01,44,3,5.0,nan,14,12,44.0,26.0
59,屏東,2021-05-01,126,4,5.0,nan,34,17,126.0,52.0
58,小港,2021-05-01,67,6,6.0,nan,26,40,67.0,54.0
57,前鎮,2021-05-01,57,4,7.0,nan,24,21,nan,57.0
56,前金,2021-05-01,80,3,6.0,nan,24,19,80.0,43.0
54,左營,2021-05-01,84,6,6.0,nan,24,23,84.0,37.0
53,楠梓,2021-05-01,77,4,6.0,nan,29,25,77.0,58.0
52,林園,2021-05-01,90,4,5.0,nan,34,15,90.0,64.0
51,大寮,2021-05-01,76,19,7.0,nan,36,30,58.0,76.0
50,鳳山,2021-05-01,52,6,8.0,nan,31,23,nan,52.0
49,仁武,2021-05-01,77,14,5.0,nan,33,17,77.0,59.0
39,新港,2021-05-01,90,6,6.0,nan,41,26,90.0,65.0
48,橋頭,2021-05-01,84,6,6.0,nan,25,21,84.0,49.0
47,美濃,2021-05-01,122,6,5.0,nan,26,10,122.0,45.0
40,朴子,2021-05-01,77,6,6.0,nan,51,22,64.0,77.0
41,臺西,2021-05-01,69,4,5.0,nan,38,12,nan,69.0
46,臺南,2021-05-01,84,7,6.0,nan,30,23,84.0,47.0
45,安南,2021-05-01,90,3,6.0,nan,34,22,90.0,64.0
44,善化,2021-05-01,104,9,5.0,nan,23,22,104.0,46.0
43,新營,2021-05-01,101,6,5.0,nan,33,14,101.0,56.0
42,嘉義,2021-05-01,74,4,5.0,nan,32,22,74.0,54.0
62,臺東,2021-05-02,54,4,5.0,nan,17,6,54.0,28.0
1,基隆,2021-05-02,48,4,5.0,nan,22,13,48.0,42.0
2,汐止,2021-05-02,71,7,6.0,nan,24,15,71.0,49.0
3,萬里,2021-05-02,80,6,3.0,nan,23,9,80.0,41.0
4,新店,2021-05-02,132,4,5.0,nan,23,16,132.0,49.0
5,土城,2021-05-02,122,4,7.0,nan,29,22,122.0,54.0
35,二林,2021-05-02,87,39,7.0,nan,54,34,50.0,87.0
6,板橋,2021-05-02,67,6,6.0,nan,28,21,67.0,51.0
61,恆春,2021-05-02,54,3,3.0,nan,12,3,54.0,23.0
7,新莊,2021-05-02,84,6,7.0,nan,28,28,84.0,57.0
72,埔里,2021-05-02,150,3,6.0,nan,34,15,150.0,68.0
8,菜寮,2021-05-02,80,4,6.0,nan,28,24,80.0,54.0
42,嘉義,2021-05-02,97,7,6.0,nan,45,14,97.0,78.0
71,復興,2021-05-02,65,11,7.0,nan,34,29,nan,65.0
59,屏東,2021-05-02,166,14,7.0,nan,42,18,166.0,63.0
9,林口,2021-05-02,71,6,5.0,nan,30,11,71.0,52.0
36,南投,2021-05-02,151,13,6.0,nan,41,17,151.0,76.0
48,橋頭,2021-05-02,136,9,5.0,nan,37,19,136.0,68.0
10,淡水,2021-05-02,53,4,6.0,nan,25,15,51.0,53.0
11,士林,2021-05-02,71,6,6.0,nan,28,14,71.0,52.0
70,永和,2021-05-02,51,6,10.0,nan,28,24,nan,51.0
12,中山,2021-05-02,64,4,7.0,nan,28,22,64.0,58.0
37,斗六,2021-05-02,156,13,6.0,nan,44,15,156.0,78.0
13,萬華,2021-05-02,84,4,6.0,nan,25,17,84.0,51.0
58,小港,2021-05-02,77,17,6.0,nan,34,34,77.0,65.0
14,古亭,2021-05-02,97,6,5.0,nan,25,14,97.0,53.0
57,前鎮,2021-05-02,71,10,8.0,nan,36,26,nan,71.0
69,竹山,2021-05-02,132,11,6.0,nan,43,14,132.0,85.0
41,臺西,2021-05-02,72,9,5.0,nan,38,20,nan,72.0
15,松山,2021-05-02,90,3,5.0,nan,26,14,90.0,57.0
38,崙背,2021-05-02,108,7,6.0,nan,47,20,108.0,80.0
16,大同,2021-05-02,56,4,14.0,nan,27,30,nan,56.0
47,美濃,2021-05-02,140,4,5.0,nan,32,9,140.0,56.0
68,中壢,2021-05-02,60,6,11.0,nan,30,33,nan,60.0
17,桃園,2021-05-02,90,11,6.0,nan,31,21,90.0,57.0
43,新營,2021-05-02,150,6,5.0,nan,41,12,150.0,70.0
18,大園,2021-05-02,77,7,5.0,nan,32,20,77.0,60.0
56,前金,2021-05-02,112,11,7.0,nan,34,20,112.0,64.0
19,觀音,2021-05-02,58,10,6.0,nan,33,23,58.0,57.0
54,左營,2021-05-02,126,7,7.0,nan,37,19,126.0,61.0
20,平鎮,2021-05-02,93,6,6.0,nan,31,19,93.0,58.0
67,三重,2021-05-02,61,6,12.0,nan,27,30,nan,61.0
21,龍潭,2021-05-02,115,6,5.0,nan,33,16,115.0,65.0
39,新港,2021-05-02,132,9,6.0,nan,48,24,132.0,81.0
44,善化,2021-05-02,140,6,5.0,nan,35,14,140.0,64.0
22,湖口,2021-05-02,100,6,6.0,nan,33,24,100.0,66.0
23,竹東,2021-05-02,108,4,5.0,nan,32,17,108.0,61.0
53,楠梓,2021-05-02,126,7,6.0,nan,38,18,126.0,74.0
66,冬山,2021-05-02,59,59,6.0,nan,26,9,39.0,42.0
24,新竹,2021-05-02,108,4,6.0,nan,34,25,108.0,60.0
40,朴子,2021-05-02,104,4,6.0,nan,44,18,104.0,70.0
25,頭份,2021-05-02,67,3,6.0,nan,38,20,nan,67.0
26,苗栗,2021-05-02,65,6,6.0,nan,36,18,44.0,65.0
52,林園,2021-05-02,143,10,6.0,nan,53,18,143.0,110.0
27,三義,2021-05-02,71,4,5.0,nan,38,11,71.0,69.0
65,宜蘭,2021-05-02,50,6,3.0,nan,21,8,50.0,31.0
28,豐原,2021-05-02,136,6,5.0,nan,40,16,136.0,77.0
29,沙鹿,2021-05-02,118,4,6.0,nan,39,18,118.0,64.0
51,大寮,2021-05-02,122,13,6.0,nan,42,21,122.0,86.0
30,大里,2021-05-02,101,7,6.0,nan,41,20,101.0,66.0
31,忠明,2021-05-02,84,6,7.0,nan,39,25,84.0,71.0
85,大城,2021-05-02,156,7,5.0,nan,52,16,156.0,102.0
32,西屯,2021-05-02,82,6,7.0,nan,43,25,77.0,82.0
84,富貴角,2021-05-02,93,1,3.0,nan,27,3,93.0,48.0
83,麥寮,2021-05-02,77,7,5.0,nan,39,17,nan,77.0
46,臺南,2021-05-02,129,9,7.0,nan,43,25,129.0,65.0
80,關山,2021-05-02,44,1,nan,nan,12,5,44.0,25.0
33,彰化,2021-05-02,132,13,7.0,nan,39,18,132.0,76.0
64,陽明,2021-05-02,77,7,3.0,nan,22,2,77.0,40.0
78,馬公,2021-05-02,101,3,5.0,nan,22,6,101.0,43.0
50,鳳山,2021-05-02,70,17,9.0,nan,39,28,nan,70.0
63,花蓮,2021-05-02,46,4,3.0,nan,21,8,46.0,37.0
77,金門,2021-05-02,122,4,5.0,nan,38,9,122.0,nan
34,線西,2021-05-02,77,11,6.0,nan,44,22,nan,77.0
45,安南,2021-05-02,132,10,5.0,nan,38,17,132.0,68.0
75,馬祖,2021-05-02,136,6,3.0,nan,40,7,136.0,64.0
49,仁武,2021-05-02,126,14,7.0,nan,44,23,126.0,79.0
62,臺東,2021-05-03,31,4,5.0,nan,10.0,14,31.0,18.0
85,大城,2021-05-03,97,4,2.0,nan,53.0,6,97.0,76.0
84,富貴角,2021-05-03,50,1,2.0,nan,34.0,4,48.0,50.0
83,麥寮,2021-05-03,61,1,2.0,nan,46.0,7,nan,61.0
80,關山,2021-05-03,31,3,nan,nan,12.0,4,31.0,21.0
78,馬公,2021-05-03,67,3,3.0,nan,44.0,6,67.0,53.0
77,金門,2021-05-03,50,6,3.0,nan,47.0,22,50.0,nan
75,馬祖,2021-05-03,80,7,2.0,nan,44.0,11,80.0,56.0
72,埔里,2021-05-03,97,3,5.0,nan,41.0,18,97.0,80.0
71,復興,2021-05-03,101,7,10.0,nan,57.0,33,nan,101.0
70,永和,2021-05-03,30,3,7.0,nan,19.0,20,nan,30.0
69,竹山,2021-05-03,98,9,5.0,nan,63.0,20,50.0,98.0
68,中壢,2021-05-03,65,6,14.0,nan,37.0,39,nan,65.0
67,三重,2021-05-03,41,4,15.0,nan,19.0,32,nan,41.0
66,冬山,2021-05-03,30,9,5.0,nan,23.0,21,26.0,30.0
65,宜蘭,2021-05-03,39,3,2.0,nan,24.0,8,39.0,25.0
64,陽明,2021-05-03,44,3,2.0,nan,13.0,3,44.0,24.0
63,花蓮,2021-05-03,32,1,2.0,nan,11.0,8,32.0,19.0
61,恆春,2021-05-03,37,3,2.0,nan,12.0,2,37.0,13.0
59,屏東,2021-05-03,92,6,6.0,nan,65.0,24,90.0,92.0
58,小港,2021-05-03,95,9,7.0,nan,56.0,42,67.0,95.0
57,前鎮,2021-05-03,106,6,8.0,nan,59.0,27,nan,106.0
56,前金,2021-05-03,101,6,8.0,nan,62.0,24,87.0,101.0
54,左營,2021-05-03,90,6,7.0,nan,62.0,23,84.0,90.0
53,楠梓,2021-05-03,103,6,6.0,nan,61.0,24,54.0,103.0
52,林園,2021-05-03,140,9,6.0,nan,57.0,14,140.0,98.0
51,大寮,2021-05-03,135,16,7.0,nan,66.0,32,84.0,135.0
50,鳳山,2021-05-03,27,7,9.0,nan,nan,27,nan,nan
49,仁武,2021-05-03,111,9,6.0,nan,68.0,31,58.0,111.0
48,橋頭,2021-05-03,103,4,6.0,nan,62.0,22,64.0,103.0
47,美濃,2021-05-03,71,4,5.0,nan,41.0,10,71.0,71.0
46,臺南,2021-05-03,73,4,6.0,nan,62.0,19,48.0,73.0
45,安南,2021-05-03,69,3,3.0,nan,53.0,13,49.0,69.0
44,善化,2021-05-03,78,4,5.0,nan,49.0,17,49.0,78.0
43,新營,2021-05-03,65,4,3.0,nan,51.0,14,47.0,65.0
42,嘉義,2021-05-03,85,6,5.0,nan,62.0,16,38.0,85.0
41,臺西,2021-05-03,59,10,2.0,nan,48.0,21,nan,59.0
40,朴子,2021-05-03,74,11,3.0,nan,58.0,12,40.0,74.0
39,新港,2021-05-03,62,3,3.0,nan,54.0,8,47.0,62.0
38,崙背,2021-05-03,65,3,3.0,nan,55.0,8,46.0,65.0
37,斗六,2021-05-03,88,7,6.0,nan,60.0,21,54.0,88.0
36,南投,2021-05-03,85,9,6.0,nan,54.0,28,61.0,85.0
35,二林,2021-05-03,55,3,2.0,nan,52.0,13,38.0,55.0
34,線西,2021-05-03,68,3,5.0,nan,54.0,8,nan,68.0
33,彰化,2021-05-03,84,16,5.0,nan,54.0,25,54.0,84.0
32,西屯,2021-05-03,85,10,5.0,nan,56.0,26,40.0,85.0
31,忠明,2021-05-03,78,4,5.0,nan,52.0,25,40.0,78.0
30,大里,2021-05-03,78,7,6.0,nan,54.0,21,44.0,78.0
29,沙鹿,2021-05-03,66,11,5.0,nan,54.0,22,48.0,66.0
28,豐原,2021-05-03,90,4,5.0,nan,55.0,17,77.0,90.0
27,三義,2021-05-03,76,4,5.0,nan,48.0,11,48.0,76.0
26,苗栗,2021-05-03,75,4,6.0,nan,49.0,18,37.0,75.0
25,頭份,2021-05-03,69,4,5.0,nan,47.0,15,nan,69.0
24,新竹,2021-05-03,71,4,6.0,nan,40.0,24,71.0,66.0
23,竹東,2021-05-03,70,3,5.0,nan,41.0,24,50.0,70.0
22,湖口,2021-05-03,74,4,5.0,nan,41.0,20,74.0,68.0
21,龍潭,2021-05-03,67,3,5.0,nan,43.0,29,64.0,67.0
20,平鎮,2021-05-03,62,6,6.0,nan,40.0,27,49.0,62.0
19,觀音,2021-05-03,58,9,3.0,nan,39.0,17,54.0,58.0
18,大園,2021-05-03,71,9,5.0,nan,40.0,16,71.0,61.0
17,桃園,2021-05-03,60,14,7.0,nan,37.0,30,43.0,60.0
16,大同,2021-05-03,41,4,15.0,nan,22.0,36,nan,41.0
15,松山,2021-05-03,33,7,5.0,nan,20.0,21,32.0,33.0
14,古亭,2021-05-03,39,3,5.0,nan,17.0,15,39.0,31.0
13,萬華,2021-05-03,34,6,7.0,nan,19.0,27,34.0,34.0
12,中山,2021-05-03,34,6,7.0,nan,21.0,27,33.0,34.0
11,士林,2021-05-03,41,3,3.0,nan,20.0,18,41.0,32.0
10,淡水,2021-05-03,44,4,3.0,nan,24.0,19,44.0,43.0
9,林口,2021-05-03,42,7,5.0,nan,29.0,28,36.0,42.0
8,菜寮,2021-05-03,37,6,6.0,nan,20.0,22,37.0,35.0
7,新莊,2021-05-03,37,4,7.0,nan,19.0,33,37.0,32.0
6,板橋,2021-05-03,30,6,7.0,nan,19.0,26,30.0,28.0
5,土城,2021-05-03,37,3,5.0,nan,18.0,20,37.0,31.0
4,新店,2021-05-03,42,3,5.0,nan,15.0,14,42.0,28.0
3,萬里,2021-05-03,44,9,2.0,nan,26.0,10,44.0,35.0
2,汐止,2021-05-03,38,4,5.0,nan,20.0,23,38.0,36.0
1,基隆,2021-05-03,38,3,3.0,nan,21.0,8,38.0,28.0
49,仁武,2021-05-04,64,19,5.0,nan,42.0,26,28.0,64.0
48,橋頭,2021-05-04,58,9,5.0,nan,40.0,25,31.0,58.0
50,鳳山,2021-05-04,12,3,3.0,nan,nan,12,nan,nan
51,大寮,2021-05-04,71,11,6.0,nan,49.0,25,29.0,71.0
52,林園,2021-05-04,56,7,5.0,nan,41.0,15,32.0,56.0
53,楠梓,2021-05-04,58,16,5.0,nan,41.0,22,30.0,58.0
47,美濃,2021-05-04,56,6,3.0,nan,42.0,8,43.0,56.0
54,左營,2021-05-04,47,16,5.0,nan,44.0,17,30.0,47.0
56,前金,2021-05-04,59,10,5.0,nan,45.0,22,33.0,59.0
46,臺南,2021-05-04,60,10,6.0,nan,52.0,23,34.0,60.0
57,前鎮,2021-05-04,60,11,6.0,nan,50.0,24,nan,60.0
58,小港,2021-05-04,59,59,7.0,nan,48.0,25,23.0,58.0
45,安南,2021-05-04,65,11,5.0,nan,50.0,24,37.0,65.0
59,屏東,2021-05-04,55,4,5.0,nan,44.0,22,38.0,55.0
61,恆春,2021-05-04,22,1,1.0,nan,15.0,2,22.0,16.0
44,善化,2021-05-04,54,39,3.0,nan,37.0,20,45.0,54.0
62,臺東,2021-05-04,19,3,3.0,nan,18.0,6,19.0,19.0
43,新營,2021-05-04,61,7,5.0,nan,47.0,16,54.0,61.0
63,花蓮,2021-05-04,22,13,2.0,nan,17.0,8,19.0,22.0
42,嘉義,2021-05-04,67,6,5.0,nan,50.0,14,51.0,67.0
64,陽明,2021-05-04,100,4,3.0,nan,22.0,5,100.0,46.0
65,宜蘭,2021-05-04,31,3,3.0,nan,18.0,7,31.0,21.0
66,冬山,2021-05-04,26,4,3.0,nan,17.0,12,26.0,22.0
41,臺西,2021-05-04,67,6,5.0,nan,44.0,10,nan,67.0
67,三重,2021-05-04,72,7,17.0,nan,34.0,47,nan,72.0
40,朴子,2021-05-04,103,37,6.0,nan,68.0,14,37.0,103.0
39,新港,2021-05-04,65,7,3.0,nan,52.0,17,54.0,65.0
68,中壢,2021-05-04,83,6,14.0,nan,44.0,42,nan,83.0
69,竹山,2021-05-04,93,7,3.0,nan,49.0,16,93.0,81.0
70,永和,2021-05-04,56,7,14.0,nan,29.0,55,nan,56.0
38,崙背,2021-05-04,76,4,5.0,nan,51.0,14,44.0,76.0
71,復興,2021-05-04,57,13,7.0,nan,42.0,25,nan,57.0
72,埔里,2021-05-04,115,3,5.0,nan,44.0,15,115.0,78.0
75,馬祖,2021-05-04,84,7,2.0,nan,35.0,15,84.0,65.0
37,斗六,2021-05-04,112,7,5.0,nan,52.0,17,112.0,76.0
77,金門,2021-05-04,85,6,5.0,nan,52.0,22,44.0,85.0
78,馬公,2021-05-04,43,6,5.0,nan,27.0,22,43.0,40.0
36,南投,2021-05-04,112,6,6.0,nan,49.0,23,112.0,76.0
35,二林,2021-05-04,70,10,5.0,nan,52.0,18,35.0,70.0
80,關山,2021-05-04,19,3,nan,nan,11.0,4,19.0,14.0
83,麥寮,2021-05-04,64,4,5.0,nan,44.0,15,nan,64.0
34,線西,2021-05-04,74,7,6.0,nan,48.0,22,nan,74.0
84,富貴角,2021-05-04,97,1,3.0,nan,32.0,13,97.0,60.0
33,彰化,2021-05-04,77,26,6.0,nan,42.0,18,77.0,75.0
85,大城,2021-05-04,90,6,3.0,nan,53.0,14,61.0,90.0
32,西屯,2021-05-04,77,6,6.0,nan,46.0,28,47.0,77.0
31,忠明,2021-05-04,70,6,6.0,nan,42.0,20,47.0,70.0
30,大里,2021-05-04,75,10,7.0,nan,52.0,24,54.0,75.0
29,沙鹿,2021-05-04,61,7,6.0,nan,43.0,22,61.0,61.0
28,豐原,2021-05-04,104,7,6.0,nan,46.0,19,104.0,76.0
27,三義,2021-05-04,67,10,5.0,nan,39.0,21,49.0,67.0
26,苗栗,2021-05-04,68,10,7.0,nan,40.0,19,41.0,68.0
25,頭份,2021-05-04,87,10,6.0,nan,51.0,29,nan,87.0
24,新竹,2021-05-04,122,7,6.0,nan,42.0,26,122.0,72.0
23,竹東,2021-05-04,151,4,5.0,nan,38.0,13,151.0,77.0
22,湖口,2021-05-04,115,4,5.0,nan,40.0,23,115.0,74.0
21,龍潭,2021-05-04,150,6,6.0,nan,52.0,23,150.0,85.0
20,平鎮,2021-05-04,112,6,6.0,nan,48.0,24,112.0,80.0
19,觀音,2021-05-04,80,6,3.0,nan,40.0,20,80.0,67.0
18,大園,2021-05-04,108,6,5.0,nan,44.0,27,108.0,82.0
17,桃園,2021-05-04,126,33,7.0,nan,43.0,26,126.0,77.0
16,大同,2021-05-04,69,7,24.0,nan,34.0,52,nan,69.0
15,松山,2021-05-04,90,9,7.0,nan,29.0,32,90.0,58.0
14,古亭,2021-05-04,80,6,6.0,nan,22.0,33,80.0,47.0
13,萬華,2021-05-04,90,7,8.0,nan,30.0,36,90.0,64.0
12,中山,2021-05-04,80,6,11.0,nan,33.0,44,80.0,66.0
11,士林,2021-05-04,136,6,6.0,nan,33.0,22,136.0,65.0
10,淡水,2021-05-04,108,4,6.0,nan,29.0,22,108.0,63.0
9,林口,2021-05-04,118,6,6.0,nan,40.0,25,118.0,73.0
8,菜寮,2021-05-04,136,6,7.0,nan,35.0,27,136.0,67.0
7,新莊,2021-05-04,112,16,8.0,nan,35.0,45,112.0,70.0
6,板橋,2021-05-04,84,7,9.0,nan,33.0,34,84.0,60.0
5,土城,2021-05-04,126,6,8.0,nan,31.0,41,126.0,63.0
4,新店,2021-05-04,101,9,6.0,nan,18.0,21,101.0,36.0
3,萬里,2021-05-04,84,4,3.0,nan,23.0,15,84.0,41.0
2,汐止,2021-05-04,77,7,6.0,nan,24.0,23,77.0,48.0
1,基隆,2021-05-04,40,7,5.0,nan,21.0,40,35.0,39.0
59,屏東,2021-05-05,42,10,3.0,nan,34,15,36.0,42
85,大城,2021-05-05,87,4,2.0,nan,44,10,87.0,68
84,富貴角,2021-05-05,90,1,2.0,nan,46,5,90.0,62
83,麥寮,2021-05-05,50,6,3.0,nan,35,11,nan,50
80,關山,2021-05-05,62,23,nan,nan,28,7,43.0,62
78,馬公,2021-05-05,74,4,3.0,nan,32,6,74.0,49
77,金門,2021-05-05,80,10,5.0,nan,43,13,80.0,57
75,馬祖,2021-05-05,108,4,5.0,nan,43,7,108.0,63
72,埔里,2021-05-05,71,3,3.0,nan,33,15,44.0,71
71,復興,2021-05-05,45,14,6.0,nan,28,22,nan,45
70,永和,2021-05-05,56,4,8.0,nan,38,18,nan,56
69,竹山,2021-05-05,63,6,5.0,nan,44,20,35.0,63
68,中壢,2021-05-05,63,9,9.0,nan,38,32,nan,63
67,三重,2021-05-05,66,7,15.0,nan,37,38,nan,66
66,冬山,2021-05-05,45,4,3.0,nan,34,12,45.0,41
65,宜蘭,2021-05-05,61,9,3.0,nan,32,7,61.0,44
64,陽明,2021-05-05,71,4,2.0,nan,11,8,71.0,22
63,花蓮,2021-05-05,71,4,5.0,nan,24,8,71.0,35
62,臺東,2021-05-05,49,3,5.0,nan,21,6,49.0,28
61,恆春,2021-05-05,54,1,2.0,nan,15,3,54.0,17
58,小港,2021-05-05,44,11,5.0,nan,31,25,27.0,44
57,前鎮,2021-05-05,50,10,6.0,nan,31,22,nan,50
56,前金,2021-05-05,47,10,5.0,nan,31,23,36.0,47
54,左營,2021-05-05,38,14,3.0,nan,29,15,38.0,31
53,楠梓,2021-05-05,50,11,3.0,nan,33,16,34.0,50
52,林園,2021-05-05,35,3,3.0,nan,28,16,35.0,34
51,大寮,2021-05-05,47,13,5.0,nan,31,18,25.0,47
50,鳳山,2021-05-05,35,13,8.0,nan,29,25,nan,35
49,仁武,2021-05-05,48,13,5.0,nan,30,17,34.0,48
48,橋頭,2021-05-05,47,6,3.0,nan,30,15,33.0,47
47,美濃,2021-05-05,41,4,3.0,nan,29,8,40.0,41
46,臺南,2021-05-05,45,10,5.0,nan,34,18,40.0,45
45,安南,2021-05-05,54,7,3.0,nan,37,14,42.0,54
44,善化,2021-05-05,40,11,5.0,nan,28,17,40.0,39
43,新營,2021-05-05,44,9,5.0,nan,35,17,41.0,44
42,嘉義,2021-05-05,54,6,6.0,nan,37,23,31.0,54
41,臺西,2021-05-05,48,6,3.0,nan,34,11,nan,48
40,朴子,2021-05-05,53,6,3.0,nan,44,18,41.0,53
39,新港,2021-05-05,51,9,5.0,nan,40,18,41.0,51
38,崙背,2021-05-05,56,9,6.0,nan,39,21,40.0,56
37,斗六,2021-05-05,57,6,5.0,nan,35,18,44.0,57
36,南投,2021-05-05,59,4,5.0,nan,34,18,39.0,59
35,二林,2021-05-05,52,7,5.0,nan,43,25,33.0,52
34,線西,2021-05-05,54,6,6.0,nan,40,11,nan,54
33,彰化,2021-05-05,49,9,5.0,nan,26,15,44.0,49
32,西屯,2021-05-05,56,4,3.0,nan,32,16,36.0,56
31,忠明,2021-05-05,46,6,5.0,nan,29,14,34.0,46
30,大里,2021-05-05,51,7,6.0,nan,35,18,31.0,51
29,沙鹿,2021-05-05,45,6,3.0,nan,29,10,45.0,41
28,豐原,2021-05-05,53,4,3.0,nan,29,15,39.0,53
27,三義,2021-05-05,47,6,3.0,nan,29,15,32.0,47
26,苗栗,2021-05-05,54,3,5.0,nan,34,15,30.0,54
25,頭份,2021-05-05,65,9,5.0,nan,43,19,nan,65
24,新竹,2021-05-05,53,7,5.0,nan,36,15,49.0,53
23,竹東,2021-05-05,63,3,5.0,nan,33,15,48.0,63
22,湖口,2021-05-05,59,7,3.0,nan,37,15,54.0,59
21,龍潭,2021-05-05,60,6,5.0,nan,40,21,49.0,60
20,平鎮,2021-05-05,60,7,5.0,nan,39,20,44.0,60
19,觀音,2021-05-05,52,10,3.0,nan,37,10,48.0,52
18,大園,2021-05-05,63,6,3.0,nan,37,27,44.0,63
17,桃園,2021-05-05,61,16,6.0,nan,41,24,44.0,61
16,大同,2021-05-05,63,7,12.0,nan,42,33,nan,63
15,松山,2021-05-05,58,9,5.0,nan,34,22,46.0,58
14,古亭,2021-05-05,55,3,5.0,nan,33,13,48.0,55
13,萬華,2021-05-05,54,4,5.0,nan,34,20,46.0,54
12,中山,2021-05-05,59,3,7.0,nan,36,26,40.0,59
11,士林,2021-05-05,56,6,5.0,nan,31,21,54.0,56
10,淡水,2021-05-05,58,4,5.0,nan,31,19,58.0,54
9,林口,2021-05-05,57,9,3.0,nan,39,18,45.0,57
8,菜寮,2021-05-05,56,4,6.0,nan,35,18,50.0,56
7,新莊,2021-05-05,65,7,8.0,nan,37,34,48.0,65
6,板橋,2021-05-05,54,4,6.0,nan,37,24,39.0,54
5,土城,2021-05-05,57,4,6.0,nan,36,23,47.0,57
4,新店,2021-05-05,51,3,5.0,nan,31,12,51.0,51
3,萬里,2021-05-05,100,4,3.0,nan,58,5,100.0,59
2,汐止,2021-05-05,61,9,5.0,nan,35,16,61.0,58
1,基隆,2021-05-05,60,4,5.0,nan,37,24,50.0,60
35,二林,2021-05-06,56,10,5.0,nan,43,17,39.0,56
63,花蓮,2021-05-06,67,6,5.0,nan,18,9,67.0,26
44,善化,2021-05-06,74,10,6.0,nan,43,16,74.0,62
6,板橋,2021-05-06,64,6,11.0,nan,48,44,44.0,64
64,陽明,2021-05-06,61,3,3.0,nan,14,4,61.0,19
5,土城,2021-05-06,80,3,8.0,nan,44,37,80.0,65
65,宜蘭,2021-05-06,40,11,3.0,nan,27,10,40.0,29
4,新店,2021-05-06,61,6,8.0,nan,38,39,58.0,61
3,萬里,2021-05-06,64,10,3.0,nan,48,11,64.0,60
66,冬山,2021-05-06,35,4,3.0,nan,31,15,35.0,33
2,汐止,2021-05-06,74,7,3.0,nan,52,23,43.0,74
67,三重,2021-05-06,71,7,15.0,nan,39,41,nan,71
27,三義,2021-05-06,44,6,3.0,nan,26,13,38.0,44
68,中壢,2021-05-06,69,7,15.0,nan,41,38,nan,69
69,竹山,2021-05-06,76,7,5.0,nan,45,18,74.0,76
38,崙背,2021-05-06,62,11,5.0,nan,44,18,48.0,62
70,永和,2021-05-06,73,4,11.0,nan,54,40,nan,73
71,復興,2021-05-06,78,7,8.0,nan,46,26,nan,78
72,埔里,2021-05-06,129,6,5.0,nan,29,17,129.0,55
1,基隆,2021-05-06,57,3,3.0,nan,45,16,44.0,57
45,安南,2021-05-06,73,9,6.0,nan,52,22,46.0,73
26,苗栗,2021-05-06,53,6,5.0,nan,35,20,35.0,53
75,馬祖,2021-05-06,154,7,3.0,nan,38,9,154.0,60
77,金門,2021-05-06,132,14,3.0,nan,53,20,132.0,68
78,馬公,2021-05-06,67,4,3.0,nan,43,6,67.0,57
36,南投,2021-05-06,97,7,6.0,nan,41,17,97.0,67
80,關山,2021-05-06,38,4,nan,nan,12,5,38.0,25
46,臺南,2021-05-06,71,9,7.0,nan,50,27,58.0,71
83,麥寮,2021-05-06,59,4,3.0,nan,40,15,nan,59
39,新港,2021-05-06,74,9,5.0,nan,54,14,74.0,74
84,富貴角,2021-05-06,61,1,2.0,nan,47,3,61.0,61
85,大城,2021-05-06,90,6,2.0,nan,52,9,90.0,77
47,美濃,2021-05-06,100,6,5.0,nan,40,9,100.0,66
25,頭份,2021-05-06,58,3,3.0,nan,39,17,nan,58
48,橋頭,2021-05-06,71,7,6.0,nan,46,19,71.0,71
24,新竹,2021-05-06,77,4,6.0,nan,39,38,77.0,59
49,仁武,2021-05-06,74,7,6.0,nan,46,30,74.0,73
23,竹東,2021-05-06,87,3,5.0,nan,32,20,87.0,56
32,西屯,2021-05-06,57,10,7.0,nan,34,29,39.0,57
50,鳳山,2021-05-06,64,13,8.0,nan,46,31,nan,64
22,湖口,2021-05-06,74,3,3.0,nan,39,21,74.0,63
51,大寮,2021-05-06,82,27,8.0,nan,54,31,38.0,82
52,林園,2021-05-06,112,13,6.0,nan,53,26,112.0,76
21,龍潭,2021-05-06,87,6,6.0,nan,44,36,87.0,68
40,朴子,2021-05-06,69,6,5.0,nan,52,18,50.0,69
20,平鎮,2021-05-06,68,6,7.0,nan,44,34,50.0,68
34,線西,2021-05-06,54,13,3.0,nan,41,15,nan,54
53,楠梓,2021-05-06,70,6,5.0,nan,48,21,67.0,70
19,觀音,2021-05-06,60,10,5.0,nan,42,34,46.0,60
31,忠明,2021-05-06,57,10,7.0,nan,33,29,42.0,57
41,臺西,2021-05-06,60,10,3.0,nan,44,17,nan,60
18,大園,2021-05-06,66,9,6.0,nan,41,42,49.0,66
17,桃園,2021-05-06,71,24,9.0,nan,44,44,71.0,67
16,大同,2021-05-06,74,6,14.0,nan,48,42,nan,74
54,左營,2021-05-06,71,9,7.0,nan,48,25,71.0,68
15,松山,2021-05-06,78,10,6.0,nan,51,31,41.0,78
33,彰化,2021-05-06,62,14,6.0,nan,35,25,47.0,62
56,前金,2021-05-06,74,7,6.0,nan,50,28,71.0,74
14,古亭,2021-05-06,68,4,7.0,nan,49,35,42.0,68
30,大里,2021-05-06,59,9,6.0,nan,43,25,45.0,59
57,前鎮,2021-05-06,79,7,7.0,nan,51,23,nan,79
13,萬華,2021-05-06,72,7,8.0,nan,46,42,44.0,72
42,嘉義,2021-05-06,76,7,6.0,nan,52,20,58.0,76
12,中山,2021-05-06,76,7,9.0,nan,46,41,42.0,76
58,小港,2021-05-06,72,11,7.0,nan,47,31,48.0,72
37,斗六,2021-05-06,87,6,5.0,nan,47,17,87.0,71
11,士林,2021-05-06,62,4,5.0,nan,38,27,54.0,62
59,屏東,2021-05-06,84,6,5.0,nan,49,14,84.0,68
29,沙鹿,2021-05-06,51,7,5.0,nan,32,27,51.0,45
10,淡水,2021-05-06,56,3,6.0,nan,38,35,46.0,56
43,新營,2021-05-06,74,7,6.0,nan,51,16,74.0,65
9,林口,2021-05-06,64,7,6.0,nan,44,41,48.0,64
61,恆春,2021-05-06,54,3,2.0,nan,15,4,54.0,22
28,豐原,2021-05-06,77,6,5.0,nan,35,17,77.0,64
8,菜寮,2021-05-06,67,4,8.0,nan,44,41,54.0,67
62,臺東,2021-05-06,45,1,5.0,nan,17,7,45.0,28
7,新莊,2021-05-06,65,4,9.0,nan,43,47,51.0,65
63,花蓮,2021-05-07,23,6,3.0,nan,15,7,23.0,22
19,觀音,2021-05-07,52,6,3.0,nan,28,30,32.0,52
62,臺東,2021-05-07,22,4,3.0,nan,16,7,20.0,22
20,平鎮,2021-05-07,59,7,6.0,nan,34,31,39.0,59
61,恆春,2021-05-07,21,3,1.0,nan,11,2,21.0,19
21,龍潭,2021-05-07,59,7,5.0,nan,32,30,47.0,59
22,湖口,2021-05-07,51,7,3.0,nan,29,27,34.0,51
59,屏東,2021-05-07,61,13,3.0,nan,38,16,61.0,51
23,竹東,2021-05-07,55,3,5.0,nan,26,13,46.0,55
24,新竹,2021-05-07,51,7,6.0,nan,27,27,33.0,51
25,頭份,2021-05-07,47,7,3.0,nan,29,22,nan,47
58,小港,2021-05-07,58,11,5.0,nan,33,34,41.0,58
26,苗栗,2021-05-07,48,7,6.0,nan,25,23,26.0,48
27,三義,2021-05-07,53,7,5.0,nan,31,19,39.0,53
28,豐原,2021-05-07,74,6,3.0,nan,33,21,74.0,60
29,沙鹿,2021-05-07,37,7,5.0,nan,25,25,37.0,34
30,大里,2021-05-07,47,4,5.0,nan,33,22,44.0,47
31,忠明,2021-05-07,51,7,5.0,nan,29,21,41.0,51
57,前鎮,2021-05-07,56,9,6.0,nan,33,25,nan,56
32,西屯,2021-05-07,55,13,5.0,nan,34,25,31.0,55
33,彰化,2021-05-07,52,27,3.0,nan,28,16,47.0,52
56,前金,2021-05-07,58,7,5.0,nan,31,19,44.0,58
34,線西,2021-05-07,59,7,5.0,nan,38,18,nan,59
35,二林,2021-05-07,57,11,3.0,nan,42,27,29.0,57
54,左營,2021-05-07,61,7,5.0,nan,31,12,61.0,51
36,南投,2021-05-07,67,7,3.0,nan,31,18,67.0,57
37,斗六,2021-05-07,55,6,3.0,nan,31,17,54.0,55
38,崙背,2021-05-07,59,7,3.0,nan,38,16,40.0,59
53,楠梓,2021-05-07,58,6,3.0,nan,34,20,49.0,58
39,新港,2021-05-07,52,10,3.0,nan,38,17,38.0,52
40,朴子,2021-05-07,54,4,3.0,nan,38,21,30.0,54
41,臺西,2021-05-07,53,6,3.0,nan,34,12,nan,53
52,林園,2021-05-07,122,9,3.0,nan,34,12,122.0,57
42,嘉義,2021-05-07,55,6,3.0,nan,34,14,41.0,55
43,新營,2021-05-07,50,6,3.0,nan,35,20,43.0,50
44,善化,2021-05-07,48,26,3.0,nan,28,21,48.0,46
45,安南,2021-05-07,56,7,5.0,nan,40,25,43.0,56
51,大寮,2021-05-07,58,26,3.0,nan,36,26,36.0,58
46,臺南,2021-05-07,50,9,5.0,nan,31,23,41.0,50
47,美濃,2021-05-07,87,6,3.0,nan,33,10,87.0,57
50,鳳山,2021-05-07,44,9,8.0,nan,30,25,nan,44
48,橋頭,2021-05-07,55,6,3.0,nan,33,15,50.0,55
49,仁武,2021-05-07,55,7,3.0,nan,32,21,50.0,55
77,金門,2021-05-07,90,23,3.0,nan,43,25,90.0,65
78,馬公,2021-05-07,45,6,2.0,nan,26,12,35.0,45
75,馬祖,2021-05-07,172,7,3.0,112.0,54,19,172.0,85
80,關山,2021-05-07,19,3,nan,nan,11,5,19.0,9
83,麥寮,2021-05-07,52,4,3.0,nan,31,13,nan,52
72,埔里,2021-05-07,90,3,3.0,nan,31,15,90.0,60
84,富貴角,2021-05-07,47,1,2.0,nan,28,11,43.0,47
85,大城,2021-05-07,77,4,2.0,nan,46,12,43.0,77
2,汐止,2021-05-07,74,7,7.0,nan,37,28,74.0,67
71,復興,2021-05-07,52,9,7.0,nan,30,30,nan,52
3,萬里,2021-05-07,104,9,5.0,nan,27,9,104.0,52
4,新店,2021-05-07,93,3,6.0,nan,31,27,93.0,59
70,永和,2021-05-07,61,7,16.0,nan,34,51,nan,61
5,土城,2021-05-07,72,6,8.0,nan,40,40,67.0,72
6,板橋,2021-05-07,67,7,9.0,nan,38,44,44.0,67
7,新莊,2021-05-07,69,10,12.0,nan,39,44,48.0,69
69,竹山,2021-05-07,64,7,2.0,nan,42,21,49.0,64
8,菜寮,2021-05-07,70,10,10.0,nan,41,41,44.0,70
9,林口,2021-05-07,60,7,5.0,nan,37,33,42.0,60
1,基隆,2021-05-07,61,9,6.0,nan,31,23,61.0,58
68,中壢,2021-05-07,63,6,18.0,nan,32,42,nan,63
10,淡水,2021-05-07,61,6,8.0,nan,33,33,38.0,61
11,士林,2021-05-07,62,6,6.0,nan,37,30,44.0,62
12,中山,2021-05-07,73,7,10.0,nan,41,43,38.0,73
67,三重,2021-05-07,75,10,16.0,nan,40,47,nan,75
66,冬山,2021-05-07,35,3,5.0,nan,27,11,30.0,35
13,萬華,2021-05-07,65,6,9.0,nan,34,39,44.0,65
14,古亭,2021-05-07,60,4,7.0,nan,33,34,50.0,60
65,宜蘭,2021-05-07,35,11,3.0,nan,25,9,35.0,33
15,松山,2021-05-07,86,23,7.0,nan,44,35,48.0,86
16,大同,2021-05-07,71,10,22.0,nan,39,42,nan,71
64,陽明,2021-05-07,44,3,2.0,nan,20,6,44.0,41
17,桃園,2021-05-07,66,40,7.0,nan,38,41,42.0,66
18,大園,2021-05-07,66,7,7.0,nan,33,39,34.0,66
40,朴子,2021-05-08,37,3,3.0,nan,27,13,21.0,37
85,大城,2021-05-08,47,4,2.0,nan,36,8,29.0,47
84,富貴角,2021-05-08,42,1,2.0,nan,19,7,42.0,35
83,麥寮,2021-05-08,34,1,2.0,nan,21,8,nan,34
80,關山,2021-05-08,18,3,nan,nan,11,3,18.0,16
78,馬公,2021-05-08,30,4,2.0,nan,18,8,24.0,30
77,金門,2021-05-08,42,4,2.0,nan,27,14,37.0,42
75,馬祖,2021-05-08,97,9,3.0,nan,19,30,97.0,47
72,埔里,2021-05-08,67,3,3.0,nan,29,13,67.0,58
71,復興,2021-05-08,31,10,3.0,nan,19,18,nan,31
70,永和,2021-05-08,58,6,11.0,nan,30,25,nan,58
69,竹山,2021-05-08,50,6,2.0,nan,42,13,36.0,50
68,中壢,2021-05-08,54,4,11.0,nan,24,31,nan,54
67,三重,2021-05-08,58,6,16.0,nan,24,40,nan,58
66,冬山,2021-05-08,43,9,5.0,nan,31,27,25.0,43
65,宜蘭,2021-05-08,42,10,3.0,nan,24,8,33.0,42
64,陽明,2021-05-08,31,1,2.0,nan,13,5,31.0,24
63,花蓮,2021-05-08,25,1,2.0,nan,18,6,21.0,25
62,臺東,2021-05-08,20,3,3.0,nan,20,5,19.0,20
61,恆春,2021-05-08,23,3,1.0,nan,14,3,23.0,15
59,屏東,2021-05-08,36,7,2.0,nan,26,11,30.0,36
58,小港,2021-05-08,30,9,2.0,nan,22,24,18.0,30
57,前鎮,2021-05-08,36,7,3.0,nan,21,20,nan,36
56,前金,2021-05-08,34,6,2.0,nan,21,20,22.0,34
54,左營,2021-05-08,23,9,2.0,nan,19,12,20.0,23
53,楠梓,2021-05-08,31,11,3.0,nan,23,15,23.0,31
52,林園,2021-05-08,26,3,2.0,nan,21,14,25.0,26
51,大寮,2021-05-08,34,6,2.0,nan,23,13,24.0,34
50,鳳山,2021-05-08,25,17,6.0,nan,20,24,nan,25
49,仁武,2021-05-08,32,14,3.0,nan,22,21,23.0,32
48,橋頭,2021-05-08,34,10,2.0,nan,21,13,24.0,34
47,美濃,2021-05-08,37,4,2.0,nan,25,7,35.0,37
46,臺南,2021-05-08,32,6,2.0,nan,19,11,27.0,32
45,安南,2021-05-08,35,7,2.0,nan,24,11,29.0,35
44,善化,2021-05-08,36,29,2.0,nan,20,16,36.0,28
43,新營,2021-05-08,36,4,2.0,nan,26,14,36.0,35
42,嘉義,2021-05-08,39,6,2.0,nan,28,11,31.0,39
41,臺西,2021-05-08,28,6,1.0,nan,24,10,nan,28
39,新港,2021-05-08,35,7,3.0,nan,31,15,29.0,35
38,崙背,2021-05-08,38,4,3.0,nan,31,14,25.0,38
37,斗六,2021-05-08,39,4,3.0,nan,26,13,36.0,39
36,南投,2021-05-08,51,6,3.0,nan,29,18,41.0,51
35,二林,2021-05-08,42,10,3.0,nan,31,23,20.0,42
34,線西,2021-05-08,42,10,2.0,nan,29,11,nan,42
33,彰化,2021-05-08,48,9,3.0,nan,25,16,32.0,48
32,西屯,2021-05-08,51,6,3.0,nan,30,21,40.0,51
31,忠明,2021-05-08,44,4,3.0,nan,25,19,29.0,44
30,大里,2021-05-08,45,6,3.0,nan,34,17,30.0,45
29,沙鹿,2021-05-08,33,6,3.0,nan,25,18,28.0,33
28,豐原,2021-05-08,58,7,3.0,nan,31,16,41.0,58
27,三義,2021-05-08,48,6,3.0,nan,26,20,28.0,48
26,苗栗,2021-05-08,44,6,3.0,nan,24,18,20.0,44
25,頭份,2021-05-08,52,7,3.0,nan,27,19,nan,52
24,新竹,2021-05-08,44,6,5.0,nan,23,20,31.0,44
23,竹東,2021-05-08,54,3,3.0,nan,24,11,27.0,54
22,湖口,2021-05-08,50,4,3.0,nan,24,16,35.0,50
21,龍潭,2021-05-08,62,6,3.0,nan,32,19,29.0,62
20,平鎮,2021-05-08,54,4,5.0,nan,28,17,28.0,54
19,觀音,2021-05-08,41,10,3.0,nan,22,18,34.0,41
18,大園,2021-05-08,55,9,5.0,nan,24,29,34.0,55
17,桃園,2021-05-08,52,47,5.0,nan,27,25,29.0,52
16,大同,2021-05-08,50,4,14.0,nan,23,38,nan,50
15,松山,2021-05-08,58,4,6.0,nan,25,26,27.0,58
14,古亭,2021-05-08,53,6,5.0,nan,27,24,27.0,53
13,萬華,2021-05-08,55,6,7.0,nan,25,36,25.0,55
12,中山,2021-05-08,57,4,8.0,nan,26,32,23.0,57
11,士林,2021-05-08,49,4,5.0,nan,22,26,30.0,49
10,淡水,2021-05-08,36,3,5.0,nan,19,16,26.0,36
9,林口,2021-05-08,46,6,5.0,nan,25,25,33.0,46
8,菜寮,2021-05-08,55,4,6.0,nan,28,31,29.0,55
7,新莊,2021-05-08,53,23,6.0,nan,22,32,31.0,53
6,板橋,2021-05-08,54,9,6.0,nan,28,32,27.0,54
5,土城,2021-05-08,59,4,5.0,nan,28,25,31.0,59
4,新店,2021-05-08,54,7,5.0,nan,25,19,33.0,54
3,萬里,2021-05-08,43,4,3.0,nan,18,11,40.0,43
2,汐止,2021-05-08,57,4,6.0,nan,27,25,32.0,57
1,基隆,2021-05-08,47,6,5.0,nan,25,23,35.0,47
3,萬里,2021-05-09,51,4,2.0,nan,16,8,51.0,29
75,馬祖,2021-05-09,84,6,2.0,nan,30,37,84.0,68
37,斗六,2021-05-09,44,4,2.0,nan,21,13,44.0,39
58,小港,2021-05-09,30,11,2.0,nan,19,24,26.0,30
38,崙背,2021-05-09,41,4,2.0,nan,23,10,30.0,41
59,屏東,2021-05-09,49,4,2.0,nan,25,12,49.0,30
61,恆春,2021-05-09,35,3,1.0,nan,16,3,35.0,25
39,新港,2021-05-09,34,4,2.0,nan,22,10,31.0,34
40,朴子,2021-05-09,31,1,2.0,nan,21,8,23.0,31
62,臺東,2021-05-09,29,3,3.0,nan,21,6,29.0,29
41,臺西,2021-05-09,33,4,1.0,nan,22,8,nan,33
1,基隆,2021-05-09,41,6,3.0,nan,17,20,41.0,33
85,大城,2021-05-09,46,3,2.0,nan,44,8,32.0,46
42,嘉義,2021-05-09,42,4,2.0,nan,23,11,33.0,42
63,花蓮,2021-05-09,36,3,3.0,nan,19,8,36.0,36
43,新營,2021-05-09,36,6,2.0,nan,24,11,32.0,36
64,陽明,2021-05-09,58,3,2.0,nan,19,5,58.0,44
44,善化,2021-05-09,34,11,2.0,nan,16,13,34.0,25
65,宜蘭,2021-05-09,36,13,3.0,nan,20,7,36.0,33
77,金門,2021-05-09,34,7,2.0,nan,21,10,28.0,34
45,安南,2021-05-09,34,4,2.0,nan,20,16,31.0,34
46,臺南,2021-05-09,31,4,2.0,nan,16,13,26.0,31
47,美濃,2021-05-09,48,4,2.0,nan,19,7,48.0,33
66,冬山,2021-05-09,32,3,3.0,nan,21,7,31.0,32
48,橋頭,2021-05-09,31,3,2.0,nan,18,10,30.0,31
49,仁武,2021-05-09,31,6,2.0,nan,23,12,31.0,30
67,三重,2021-05-09,52,6,11.0,nan,23,32,nan,52
50,鳳山,2021-05-09,27,9,6.0,nan,19,13,nan,27
80,關山,2021-05-09,28,3,nan,nan,12,3,28.0,22
68,中壢,2021-05-09,51,4,8.0,nan,19,20,nan,51
51,大寮,2021-05-09,45,14,3.0,nan,24,13,37.0,45
69,竹山,2021-05-09,47,6,2.0,nan,25,10,44.0,47
70,永和,2021-05-09,50,6,10.0,nan,25,27,nan,50
36,南投,2021-05-09,46,7,3.0,nan,23,13,46.0,42
35,二林,2021-05-09,30,4,3.0,nan,27,28,23.0,30
52,林園,2021-05-09,35,7,1.0,nan,19,18,35.0,26
34,線西,2021-05-09,37,3,2.0,nan,24,11,nan,37
83,麥寮,2021-05-09,35,4,2.0,nan,19,8,nan,35
2,汐止,2021-05-09,49,11,5.0,nan,20,21,49.0,44
33,彰化,2021-05-09,42,13,3.0,nan,21,18,36.0,42
53,楠梓,2021-05-09,37,3,2.0,nan,21,10,30.0,37
32,西屯,2021-05-09,48,11,3.0,nan,25,19,43.0,48
31,忠明,2021-05-09,44,9,3.0,nan,24,19,32.0,44
71,復興,2021-05-09,33,14,3.0,nan,19,21,nan,33
30,大里,2021-05-09,41,10,5.0,nan,25,17,35.0,41
29,沙鹿,2021-05-09,31,11,3.0,nan,21,16,31.0,31
78,馬公,2021-05-09,23,3,1.0,nan,14,8,20.0,23
28,豐原,2021-05-09,47,6,3.0,nan,25,11,44.0,47
54,左營,2021-05-09,30,6,2.0,nan,19,12,30.0,25
27,三義,2021-05-09,41,6,3.0,nan,20,11,32.0,41
72,埔里,2021-05-09,67,3,2.0,nan,21,11,67.0,37
26,苗栗,2021-05-09,36,6,3.0,nan,19,10,24.0,36
56,前金,2021-05-09,35,6,2.0,nan,19,12,29.0,35
25,頭份,2021-05-09,30,6,2.0,nan,19,8,nan,30
24,新竹,2021-05-09,34,3,3.0,nan,18,13,34.0,27
84,富貴角,2021-05-09,49,1,2.0,nan,19,12,49.0,31
23,竹東,2021-05-09,40,3,3.0,nan,19,9,39.0,40
57,前鎮,2021-05-09,34,10,3.0,nan,19,21,nan,34
22,湖口,2021-05-09,36,4,2.0,nan,17,17,36.0,30
21,龍潭,2021-05-09,44,4,3.0,nan,26,11,43.0,44
20,平鎮,2021-05-09,41,4,3.0,nan,20,15,38.0,41
19,觀音,2021-05-09,38,9,3.0,nan,19,23,32.0,38
18,大園,2021-05-09,44,10,5.0,nan,19,24,37.0,44
17,桃園,2021-05-09,43,20,5.0,nan,23,28,42.0,43
16,大同,2021-05-09,52,6,10.0,nan,27,30,nan,52
15,松山,2021-05-09,51,10,5.0,nan,22,23,51.0,49
14,古亭,2021-05-09,51,1,5.0,nan,21,24,51.0,40
13,萬華,2021-05-09,49,7,7.0,nan,24,32,45.0,49
12,中山,2021-05-09,56,6,7.0,nan,25,28,44.0,56
11,士林,2021-05-09,48,6,6.0,nan,23,20,42.0,48
10,淡水,2021-05-09,37,4,6.0,nan,18,23,37.0,34
9,林口,2021-05-09,46,6,5.0,nan,23,28,44.0,46
8,菜寮,2021-05-09,50,6,7.0,nan,25,22,45.0,50
7,新莊,2021-05-09,49,14,9.0,nan,21,27,43.0,49
6,板橋,2021-05-09,44,17,6.0,nan,24,22,39.0,44
5,土城,2021-05-09,50,11,5.0,nan,23,25,50.0,49
4,新店,2021-05-09,80,6,5.0,nan,21,22,80.0,44
50,鳳山,2021-05-10,24,7,6.0,nan,17,20,nan,24
1,基隆,2021-05-10,45,7,3.0,nan,24,23,44.0,45
2,汐止,2021-05-10,80,9,5.0,nan,28,25,80.0,55
3,萬里,2021-05-10,77,9,2.0,nan,22,7,77.0,48
4,新店,2021-05-10,74,4,6.0,nan,29,23,74.0,54
5,土城,2021-05-10,84,14,6.0,nan,31,33,84.0,62
6,板橋,2021-05-10,55,9,6.0,nan,30,35,48.0,55
7,新莊,2021-05-10,59,26,5.0,nan,29,26,54.0,59
8,菜寮,2021-05-10,58,6,5.0,nan,31,25,42.0,58
9,林口,2021-05-10,52,7,3.0,nan,26,24,41.0,52
10,淡水,2021-05-10,35,7,3.0,nan,19,15,33.0,35
11,士林,2021-05-10,55,7,3.0,nan,31,18,43.0,55
12,中山,2021-05-10,61,9,7.0,nan,31,32,41.0,61
13,萬華,2021-05-10,56,9,7.0,nan,30,35,39.0,56
14,古亭,2021-05-10,55,4,6.0,nan,27,32,44.0,55
15,松山,2021-05-10,60,10,5.0,nan,30,27,54.0,60
16,大同,2021-05-10,60,9,18.0,nan,31,32,nan,60
17,桃園,2021-05-10,51,10,5.0,nan,26,19,46.0,51
18,大園,2021-05-10,46,7,5.0,nan,20,18,40.0,46
19,觀音,2021-05-10,34,9,2.0,nan,18,17,29.0,34
20,平鎮,2021-05-10,45,4,5.0,nan,25,18,23.0,45
21,龍潭,2021-05-10,51,4,3.0,nan,26,16,43.0,51
22,湖口,2021-05-10,36,6,2.0,nan,20,18,33.0,36
23,竹東,2021-05-10,40,3,2.0,nan,19,14,34.0,40
24,新竹,2021-05-10,33,6,3.0,nan,19,19,31.0,33
25,頭份,2021-05-10,34,9,2.0,nan,20,14,nan,34
26,苗栗,2021-05-10,36,6,2.0,nan,18,12,23.0,36
27,三義,2021-05-10,45,7,3.0,nan,25,14,35.0,45
28,豐原,2021-05-10,64,6,3.0,nan,34,19,64.0,59
29,沙鹿,2021-05-10,30,9,3.0,nan,17,15,30.0,22
30,大里,2021-05-10,36,10,3.0,nan,24,16,36.0,36
31,忠明,2021-05-10,40,11,3.0,nan,21,16,34.0,40
32,西屯,2021-05-10,47,14,2.0,nan,24,16,47.0,41
33,彰化,2021-05-10,35,13,2.0,nan,17,12,35.0,34
34,線西,2021-05-10,28,3,2.0,nan,19,6,nan,28
35,二林,2021-05-10,30,1,1.0,nan,21,13,22.0,30
36,南投,2021-05-10,52,6,2.0,nan,28,10,51.0,52
37,斗六,2021-05-10,45,6,3.0,nan,23,12,45.0,42
38,崙背,2021-05-10,31,4,2.0,nan,19,9,31.0,31
39,新港,2021-05-10,39,10,2.0,nan,20,11,34.0,39
40,朴子,2021-05-10,26,4,2.0,nan,20,8,26.0,26
41,臺西,2021-05-10,21,6,1.0,nan,15,8,nan,21
42,嘉義,2021-05-10,40,3,2.0,nan,25,8,39.0,40
43,新營,2021-05-10,33,4,3.0,nan,22,11,31.0,33
44,善化,2021-05-10,45,4,2.0,nan,19,11,45.0,33
45,安南,2021-05-10,38,6,2.0,nan,22,13,38.0,33
46,臺南,2021-05-10,32,6,2.0,nan,14,12,32.0,29
47,美濃,2021-05-10,97,4,2.0,nan,23,8,97.0,41
48,橋頭,2021-05-10,33,6,2.0,nan,18,11,33.0,28
49,仁武,2021-05-10,32,7,3.0,nan,19,16,32.0,32
51,大寮,2021-05-10,41,14,3.0,nan,23,19,31.0,41
52,林園,2021-05-10,31,4,2.0,nan,15,10,31.0,22
53,楠梓,2021-05-10,35,7,3.0,nan,20,19,31.0,35
54,左營,2021-05-10,31,6,2.0,nan,17,12,31.0,25
56,前金,2021-05-10,31,7,2.0,nan,16,17,30.0,31
57,前鎮,2021-05-10,32,6,3.0,nan,17,18,nan,32
58,小港,2021-05-10,31,6,2.0,nan,18,19,22.0,31
59,屏東,2021-05-10,50,9,3.0,nan,27,17,50.0,31
61,恆春,2021-05-10,30,3,1.0,nan,10,3,30.0,14
62,臺東,2021-05-10,26,3,3.0,nan,18,7,25.0,26
63,花蓮,2021-05-10,33,3,2.0,nan,18,8,29.0,33
64,陽明,2021-05-10,74,3,2.0,nan,28,6,74.0,57
65,宜蘭,2021-05-10,40,13,3.0,nan,23,8,36.0,40
66,冬山,2021-05-10,43,3,6.0,nan,28,10,31.0,43
67,三重,2021-05-10,60,7,11.0,nan,28,38,nan,60
68,中壢,2021-05-10,53,6,14.0,nan,23,31,nan,53
69,竹山,2021-05-10,53,6,2.0,nan,24,13,44.0,53
70,永和,2021-05-10,62,7,12.0,nan,31,37,nan,62
71,復興,2021-05-10,32,3,3.0,nan,17,21,nan,32
72,埔里,2021-05-10,97,3,2.0,nan,25,13,97.0,54
75,馬祖,2021-05-10,84,7,1.0,nan,26,27,84.0,64
77,金門,2021-05-10,57,10,3.0,nan,28,24,31.0,57
78,馬公,2021-05-10,23,4,2.0,nan,15,8,23.0,23
80,關山,2021-05-10,27,1,nan,nan,13,3,27.0,21
83,麥寮,2021-05-10,26,3,2.0,nan,14,6,nan,26
84,富貴角,2021-05-10,39,3,2.0,nan,21,5,39.0,38
85,大城,2021-05-10,32,4,1.0,nan,29,8,31.0,32
33,彰化,2021-05-11,34,19,3.0,nan,22,16,32.0,34
34,線西,2021-05-11,32,3,2.0,nan,23,7,nan,32
35,二林,2021-05-11,28,6,2.0,nan,22,12,15.0,28
36,南投,2021-05-11,43,4,2.0,nan,22,12,43.0,41
37,斗六,2021-05-11,35,6,2.0,nan,21,11,34.0,35
38,崙背,2021-05-11,32,6,2.0,nan,21,9,27.0,32
39,新港,2021-05-11,30,3,2.0,nan,23,13,30.0,27
40,朴子,2021-05-11,27,3,3.0,nan,21,10,21.0,27
41,臺西,2021-05-11,24,6,1.0,nan,19,9,nan,24
42,嘉義,2021-05-11,32,4,2.0,nan,24,12,30.0,32
43,新營,2021-05-11,33,7,2.0,nan,21,15,33.0,30
44,善化,2021-05-11,34,9,2.0,nan,17,17,34.0,25
45,安南,2021-05-11,33,7,3.0,nan,24,23,26.0,33
46,臺南,2021-05-11,28,7,2.0,nan,18,20,22.0,28
47,美濃,2021-05-11,31,9,2.0,nan,20,11,30.0,31
48,橋頭,2021-05-11,25,6,2.0,nan,17,15,23.0,25
49,仁武,2021-05-11,28,7,2.0,nan,20,19,25.0,28
50,鳳山,2021-05-11,25,9,7.0,nan,18,19,nan,25
51,大寮,2021-05-11,35,19,3.0,nan,24,21,23.0,35
52,林園,2021-05-11,25,3,2.0,nan,17,8,25.0,19
53,楠梓,2021-05-11,34,9,2.0,nan,23,20,22.0,34
54,左營,2021-05-11,23,7,3.0,nan,18,14,23.0,21
56,前金,2021-05-11,29,10,2.0,nan,17,24,23.0,29
57,前鎮,2021-05-11,31,7,3.0,nan,18,22,nan,31
58,小港,2021-05-11,26,7,2.0,nan,20,26,19.0,24
59,屏東,2021-05-11,37,9,2.0,nan,25,16,37.0,30
61,恆春,2021-05-11,24,1,1.0,nan,11,2,24.0,11
62,臺東,2021-05-11,25,3,3.0,nan,20,6,19.0,25
63,花蓮,2021-05-11,27,4,2.0,nan,19,7,19.0,27
64,陽明,2021-05-11,74,3,2.0,nan,24,8,74.0,49
65,宜蘭,2021-05-11,37,10,2.0,nan,24,8,30.0,37
66,冬山,2021-05-11,39,6,3.0,nan,29,8,31.0,39
67,三重,2021-05-11,68,16,14.0,nan,34,42,nan,68
68,中壢,2021-05-11,54,7,15.0,nan,29,30,nan,54
69,竹山,2021-05-11,39,6,2.0,nan,22,14,38.0,39
70,永和,2021-05-11,64,9,14.0,nan,31,31,nan,64
71,復興,2021-05-11,27,9,3.0,nan,18,25,nan,27
72,埔里,2021-05-11,64,4,2.0,nan,22,12,64.0,40
75,馬祖,2021-05-11,41,6,1.0,nan,21,11,36.0,41
77,金門,2021-05-11,22,3,1.0,nan,15,10,22.0,20
78,馬公,2021-05-11,25,3,2.0,nan,10,7,25.0,17
80,關山,2021-05-11,21,3,nan,nan,13,4,21.0,17
83,麥寮,2021-05-11,35,3,2.0,nan,20,8,nan,35
84,富貴角,2021-05-11,48,1,2.0,nan,29,15,42.0,48
85,大城,2021-05-11,31,4,1.0,nan,29,7,31.0,26
29,沙鹿,2021-05-11,30,4,2.0,nan,19,10,30.0,20
30,大里,2021-05-11,36,9,3.0,nan,26,13,32.0,36
31,忠明,2021-05-11,31,6,3.0,nan,20,17,29.0,31
32,西屯,2021-05-11,40,7,2.0,nan,26,16,36.0,40
2,汐止,2021-05-11,100,9,5.0,nan,32,26,100.0,66
5,土城,2021-05-11,97,9,7.0,nan,35,27,97.0,66
3,萬里,2021-05-11,61,7,3.0,nan,28,13,51.0,61
6,板橋,2021-05-11,60,7,8.0,nan,32,42,58.0,60
1,基隆,2021-05-11,55,6,3.0,nan,28,23,50.0,55
7,新莊,2021-05-11,84,36,7.0,nan,31,38,84.0,59
4,新店,2021-05-11,118,7,5.0,nan,29,19,118.0,59
8,菜寮,2021-05-11,87,14,6.0,nan,38,30,87.0,68
9,林口,2021-05-11,59,7,5.0,nan,32,33,46.0,59
10,淡水,2021-05-11,49,6,5.0,nan,28,19,36.0,49
11,士林,2021-05-11,67,9,6.0,nan,36,21,67.0,63
12,中山,2021-05-11,70,11,8.0,nan,37,36,61.0,70
13,萬華,2021-05-11,80,23,7.0,nan,32,34,80.0,64
14,古亭,2021-05-11,90,4,6.0,nan,33,26,90.0,63
15,松山,2021-05-11,90,19,5.0,nan,33,29,90.0,69
16,大同,2021-05-11,75,9,23.0,nan,44,48,nan,75
17,桃園,2021-05-11,53,51,7.0,nan,32,35,47.0,53
18,大園,2021-05-11,47,7,3.0,nan,23,25,33.0,47
19,觀音,2021-05-11,32,7,2.0,nan,19,20,28.0,32
20,平鎮,2021-05-11,50,7,5.0,nan,28,28,39.0,50
21,龍潭,2021-05-11,46,4,3.0,nan,28,24,46.0,46
22,湖口,2021-05-11,41,6,2.0,nan,25,25,32.0,41
23,竹東,2021-05-11,44,3,3.0,nan,23,18,44.0,43
24,新竹,2021-05-11,33,7,5.0,nan,22,26,31.0,33
25,頭份,2021-05-11,43,9,2.0,nan,27,18,nan,43
26,苗栗,2021-05-11,38,7,3.0,nan,22,14,25.0,38
27,三義,2021-05-11,41,9,2.0,nan,26,19,31.0,41
28,豐原,2021-05-11,52,6,3.0,nan,31,17,44.0,52
50,鳳山,2021-05-12,29,13,7.0,nan,19,17,nan,29
62,臺東,2021-05-12,25,3,2.0,nan,19,5,25.0,25
63,花蓮,2021-05-12,25,6,2.0,nan,19,6,25.0,25
64,陽明,2021-05-12,43,3,2.0,nan,15,8,43.0,28
65,宜蘭,2021-05-12,35,17,2.0,nan,22,8,35.0,35
66,冬山,2021-05-12,32,7,5.0,nan,24,10,31.0,32
67,三重,2021-05-12,57,7,14.0,nan,27,46,nan,57
68,中壢,2021-05-12,52,4,11.0,nan,25,29,nan,52
69,竹山,2021-05-12,41,11,2.0,nan,25,12,41.0,35
70,永和,2021-05-12,51,10,9.0,nan,26,26,nan,51
71,復興,2021-05-12,31,13,5.0,nan,17,22,nan,31
72,埔里,2021-05-12,58,3,2.0,nan,19,12,58.0,33
75,馬祖,2021-05-12,61,6,2.0,nan,26,23,34.0,61
77,金門,2021-05-12,27,4,1.0,nan,19,9,19.0,27
78,馬公,2021-05-12,20,6,2.0,nan,12,6,17.0,20
80,關山,2021-05-12,30,3,nan,nan,11,4,30.0,19
83,麥寮,2021-05-12,30,1,2.0,nan,17,6,nan,30
57,前鎮,2021-05-12,38,9,3.0,nan,18,19,nan,38
46,臺南,2021-05-12,38,11,3.0,nan,18,23,26.0,38
56,前金,2021-05-12,30,7,2.0,nan,16,18,27.0,30
45,安南,2021-05-12,42,10,5.0,nan,24,22,31.0,42
54,左營,2021-05-12,29,9,3.0,nan,19,14,29.0,23
48,橋頭,2021-05-12,33,7,2.0,nan,18,15,28.0,33
44,善化,2021-05-12,32,9,2.0,nan,18,16,32.0,28
61,恆春,2021-05-12,31,3,1.0,nan,11,2,31.0,16
43,新營,2021-05-12,37,10,3.0,nan,23,15,35.0,37
59,屏東,2021-05-12,49,6,2.0,nan,25,13,49.0,31
42,嘉義,2021-05-12,40,7,2.0,nan,22,13,30.0,40
41,臺西,2021-05-12,28,4,2.0,nan,19,8,nan,28
58,小港,2021-05-12,33,16,2.0,nan,19,20,23.0,33
40,朴子,2021-05-12,30,4,3.0,nan,22,15,23.0,30
39,新港,2021-05-12,37,6,3.0,nan,24,16,29.0,37
53,楠梓,2021-05-12,41,10,3.0,nan,22,22,30.0,41
38,崙背,2021-05-12,37,6,3.0,nan,23,14,27.0,37
37,斗六,2021-05-12,40,7,2.0,nan,21,16,40.0,36
47,美濃,2021-05-12,45,4,2.0,nan,20,8,45.0,35
36,南投,2021-05-12,43,6,2.0,nan,20,12,43.0,39
49,仁武,2021-05-12,36,17,3.0,nan,24,21,28.0,36
35,二林,2021-05-12,45,6,2.0,nan,29,17,23.0,45
34,線西,2021-05-12,43,3,2.0,nan,24,9,nan,43
33,彰化,2021-05-12,44,17,3.0,nan,22,15,36.0,44
51,大寮,2021-05-12,44,14,3.0,nan,26,18,35.0,44
52,林園,2021-05-12,32,14,2.0,nan,19,17,32.0,30
32,西屯,2021-05-12,40,10,2.0,nan,25,16,40.0,40
31,忠明,2021-05-12,41,7,3.0,nan,23,15,32.0,41
1,基隆,2021-05-12,47,9,3.0,nan,24,14,41.0,47
2,汐止,2021-05-12,61,16,5.0,nan,27,22,61.0,54
3,萬里,2021-05-12,45,10,2.0,nan,24,8,45.0,43
4,新店,2021-05-12,84,11,5.0,nan,25,19,84.0,50
5,土城,2021-05-12,77,6,6.0,nan,29,28,77.0,55
6,板橋,2021-05-12,47,6,6.0,nan,27,24,47.0,46
7,新莊,2021-05-12,51,6,6.0,nan,27,29,51.0,47
8,菜寮,2021-05-12,64,19,5.0,nan,27,24,64.0,52
9,林口,2021-05-12,44,9,3.0,nan,24,25,42.0,44
10,淡水,2021-05-12,41,4,5.0,nan,24,19,25.0,41
11,士林,2021-05-12,53,6,5.0,nan,33,18,49.0,53
12,中山,2021-05-12,57,6,7.0,nan,29,28,43.0,57
13,萬華,2021-05-12,67,6,5.0,nan,26,25,67.0,51
14,古亭,2021-05-12,61,6,3.0,nan,24,22,61.0,49
15,松山,2021-05-12,64,14,5.0,nan,28,27,64.0,56
16,大同,2021-05-12,66,7,18.0,nan,38,40,nan,66
17,桃園,2021-05-12,55,23,6.0,nan,30,32,39.0,55
18,大園,2021-05-12,45,7,3.0,nan,23,24,31.0,45
19,觀音,2021-05-12,37,4,2.0,nan,24,17,24.0,37
20,平鎮,2021-05-12,40,4,3.0,nan,24,22,37.0,40
21,龍潭,2021-05-12,45,4,3.0,nan,22,19,45.0,35
22,湖口,2021-05-12,37,7,2.0,nan,23,21,33.0,37
23,竹東,2021-05-12,45,4,2.0,nan,19,11,45.0,32
24,新竹,2021-05-12,32,9,3.0,nan,20,21,32.0,30
25,頭份,2021-05-12,36,9,2.0,nan,21,10,nan,36
26,苗栗,2021-05-12,34,9,3.0,nan,19,15,26.0,34
27,三義,2021-05-12,37,6,2.0,nan,22,15,37.0,37
28,豐原,2021-05-12,52,11,17.0,nan,29,20,44.0,52
29,沙鹿,2021-05-12,31,4,2.0,nan,19,12,31.0,22
30,大里,2021-05-12,38,4,3.0,nan,25,14,35.0,38
85,大城,2021-05-12,31,3,2.0,nan,30,8,31.0,30
84,富貴角,2021-05-12,35,3,2.0,nan,23,14,34.0,35
35,二林,2021-05-13,39,4,2.0,nan,24.0,17,19.0,39.0
30,大里,2021-05-13,44,6,3.0,nan,26.0,12,31.0,44.0
43,新營,2021-05-13,35,9,3.0,nan,nan,13,35.0,nan
6,板橋,2021-05-13,52,13,7.0,nan,26.0,33,43.0,52.0
24,新竹,2021-05-13,30,6,5.0,nan,19.0,20,20.0,30.0
34,線西,2021-05-13,42,3,2.0,nan,22.0,10,nan,42.0
42,嘉義,2021-05-13,41,7,3.0,nan,23.0,10,35.0,41.0
9,林口,2021-05-13,52,11,5.0,nan,24.0,33,33.0,52.0
29,沙鹿,2021-05-13,22,16,5.0,nan,16.0,14,22.0,22.0
13,萬華,2021-05-13,52,10,6.0,nan,26.0,32,42.0,52.0
33,彰化,2021-05-13,44,20,2.0,nan,20.0,14,31.0,44.0
52,林園,2021-05-13,21,3,1.0,nan,17.0,8,21.0,18.0
2,汐止,2021-05-13,71,9,5.0,nan,28.0,25,71.0,53.0
51,大寮,2021-05-13,34,7,2.0,nan,25.0,14,26.0,34.0
28,豐原,2021-05-13,54,11,3.0,nan,26.0,18,39.0,54.0
20,平鎮,2021-05-13,44,7,3.0,nan,21.0,25,26.0,44.0
41,臺西,2021-05-13,28,4,2.0,nan,21.0,10,nan,28.0
50,鳳山,2021-05-13,27,16,6.0,nan,20.0,20,nan,27.0
7,新莊,2021-05-13,54,10,7.0,nan,23.0,31,44.0,54.0
3,萬里,2021-05-13,50,10,2.0,nan,22.0,8,50.0,46.0
21,龍潭,2021-05-13,36,4,3.0,nan,19.0,16,32.0,36.0
49,仁武,2021-05-13,38,11,3.0,nan,23.0,17,25.0,38.0
16,大同,2021-05-13,59,9,19.0,nan,31.0,36,nan,59.0
40,朴子,2021-05-13,35,4,2.0,nan,22.0,15,26.0,35.0
27,三義,2021-05-13,46,11,3.0,nan,20.0,19,26.0,46.0
39,新港,2021-05-13,34,7,2.0,nan,22.0,13,31.0,34.0
48,橋頭,2021-05-13,34,13,3.0,nan,19.0,14,21.0,34.0
38,崙背,2021-05-13,37,4,2.0,nan,22.0,12,30.0,37.0
4,新店,2021-05-13,64,6,5.0,nan,27.0,30,64.0,52.0
18,大園,2021-05-13,47,13,3.0,nan,19.0,21,24.0,47.0
19,觀音,2021-05-13,33,7,2.0,nan,21.0,23,20.0,33.0
47,美濃,2021-05-13,50,9,2.0,nan,22.0,8,50.0,33.0
26,苗栗,2021-05-13,29,7,3.0,nan,15.0,15,18.0,29.0
32,西屯,2021-05-13,54,7,2.0,nan,26.0,15,39.0,54.0
8,菜寮,2021-05-13,53,7,5.0,nan,28.0,32,33.0,53.0
25,頭份,2021-05-13,35,11,2.0,nan,19.0,11,nan,35.0
46,臺南,2021-05-13,34,10,3.0,nan,19.0,20,23.0,34.0
37,斗六,2021-05-13,44,9,3.0,nan,19.0,13,44.0,41.0
31,忠明,2021-05-13,46,9,2.0,nan,21.0,12,32.0,46.0
45,安南,2021-05-13,43,7,3.0,nan,26.0,19,29.0,43.0
36,南投,2021-05-13,55,6,3.0,nan,27.0,13,45.0,55.0
5,土城,2021-05-13,57,9,7.0,nan,27.0,37,31.0,57.0
12,中山,2021-05-13,56,7,7.0,nan,29.0,38,30.0,56.0
14,古亭,2021-05-13,53,7,5.0,nan,24.0,37,44.0,53.0
44,善化,2021-05-13,45,10,3.0,nan,20.0,14,45.0,34.0
11,士林,2021-05-13,49,9,3.0,nan,29.0,21,31.0,49.0
53,楠梓,2021-05-13,40,10,3.0,nan,26.0,19,20.0,40.0
1,基隆,2021-05-13,44,9,3.0,nan,23.0,20,44.0,44.0
54,左營,2021-05-13,20,9,2.0,nan,18.0,18,20.0,19.0
56,前金,2021-05-13,30,6,2.0,nan,18.0,16,19.0,30.0
15,松山,2021-05-13,59,10,6.0,nan,29.0,35,45.0,59.0
22,湖口,2021-05-13,33,4,2.0,nan,19.0,20,23.0,33.0
57,前鎮,2021-05-13,33,6,3.0,nan,18.0,18,nan,33.0
10,淡水,2021-05-13,41,7,5.0,nan,19.0,20,26.0,41.0
58,小港,2021-05-13,29,14,2.0,nan,24.0,20,16.0,29.0
17,桃園,2021-05-13,75,75,3.0,nan,25.0,30,33.0,48.0
59,屏東,2021-05-13,41,9,3.0,nan,27.0,16,41.0,31.0
23,竹東,2021-05-13,37,4,2.0,nan,18.0,11,27.0,37.0
61,恆春,2021-05-13,24,3,1.0,nan,14.0,2,24.0,14.0
62,臺東,2021-05-13,22,1,3.0,nan,19.0,6,20.0,22.0
63,花蓮,2021-05-13,24,4,1.0,nan,15.0,5,23.0,24.0
64,陽明,2021-05-13,42,3,2.0,nan,18.0,10,37.0,42.0
65,宜蘭,2021-05-13,39,10,2.0,nan,22.0,7,39.0,37.0
66,冬山,2021-05-13,41,4,5.0,nan,28.0,13,33.0,41.0
67,三重,2021-05-13,57,9,14.0,nan,25.0,40,nan,57.0
68,中壢,2021-05-13,46,7,14.0,nan,20.0,27,nan,46.0
69,竹山,2021-05-13,47,7,2.0,nan,21.0,12,44.0,47.0
70,永和,2021-05-13,64,7,11.0,nan,37.0,37,nan,64.0
71,復興,2021-05-13,27,7,2.0,nan,18.0,17,nan,27.0
72,埔里,2021-05-13,61,3,2.0,nan,22.0,12,61.0,42.0
75,馬祖,2021-05-13,80,6,3.0,nan,34.0,28,32.0,80.0
77,金門,2021-05-13,32,6,1.0,nan,17.0,16,22.0,32.0
78,馬公,2021-05-13,30,4,2.0,nan,14.0,8,25.0,30.0
80,關山,2021-05-13,25,3,nan,nan,13.0,6,25.0,17.0
83,麥寮,2021-05-13,33,3,2.0,nan,18.0,8,nan,33.0
84,富貴角,2021-05-13,40,3,2.0,nan,20.0,8,40.0,40.0
85,大城,2021-05-13,33,3,1.0,nan,28.0,8,31.0,33.0
50,鳳山,2021-05-14,27,24,8.0,nan,27,20,nan,25
48,橋頭,2021-05-14,34,10,3.0,nan,34,20,28.0,31
47,美濃,2021-05-14,54,4,2.0,nan,28,9,54.0,30
46,臺南,2021-05-14,28,7,2.0,nan,25,15,26.0,28
45,安南,2021-05-14,30,6,2.0,nan,30,12,30.0,29
44,善化,2021-05-14,39,6,3.0,nan,23,17,39.0,25
43,新營,2021-05-14,40,1,2.0,nan,31,9,40.0,27
42,嘉義,2021-05-14,32,6,2.0,nan,25,10,31.0,32
41,臺西,2021-05-14,22,4,2.0,nan,21,8,nan,22
40,朴子,2021-05-14,27,3,2.0,nan,26,9,23.0,27
39,新港,2021-05-14,28,6,1.0,nan,23,11,28.0,25
38,崙背,2021-05-14,25,6,2.0,nan,24,8,25.0,24
37,斗六,2021-05-14,36,4,2.0,nan,22,11,36.0,30
36,南投,2021-05-14,45,4,3.0,nan,28,9,41.0,45
35,二林,2021-05-14,27,6,2.0,nan,27,16,19.0,27
34,線西,2021-05-14,29,4,2.0,nan,24,8,nan,29
33,彰化,2021-05-14,35,10,2.0,nan,21,10,29.0,35
32,西屯,2021-05-14,39,6,2.0,nan,27,9,31.0,39
31,忠明,2021-05-14,38,6,2.0,nan,24,12,23.0,38
30,大里,2021-05-14,33,7,2.0,nan,26,11,30.0,33
29,沙鹿,2021-05-14,25,7,2.0,nan,23,8,25.0,19
28,豐原,2021-05-14,48,9,3.0,nan,29,12,30.0,48
27,三義,2021-05-14,38,6,2.0,nan,23,12,24.0,38
26,苗栗,2021-05-14,32,7,3.0,nan,21,16,19.0,32
25,頭份,2021-05-14,34,7,2.0,nan,22,13,nan,34
24,新竹,2021-05-14,32,6,3.0,nan,24,19,24.0,32
23,竹東,2021-05-14,40,4,2.0,nan,22,9,36.0,40
22,湖口,2021-05-14,31,6,2.0,nan,21,20,27.0,31
21,龍潭,2021-05-14,42,6,3.0,nan,24,14,42.0,41
20,平鎮,2021-05-14,42,6,3.0,nan,25,15,31.0,42
19,觀音,2021-05-14,31,6,2.0,nan,23,21,21.0,31
18,大園,2021-05-14,46,7,5.0,nan,24,25,30.0,46
17,桃園,2021-05-14,52,7,5.0,nan,30,29,39.0,52
16,大同,2021-05-14,62,10,15.0,nan,31,36,nan,62
15,松山,2021-05-14,100,7,6.0,nan,31,25,100.0,65
14,古亭,2021-05-14,60,6,5.0,nan,31,24,54.0,60
13,萬華,2021-05-14,58,9,6.0,nan,31,31,29.0,58
12,中山,2021-05-14,67,11,7.0,nan,40,31,40.0,67
11,士林,2021-05-14,55,7,5.0,nan,30,17,40.0,55
10,淡水,2021-05-14,43,7,3.0,nan,23,20,30.0,43
9,林口,2021-05-14,56,7,5.0,nan,29,28,39.0,56
8,菜寮,2021-05-14,59,9,6.0,nan,31,25,38.0,59
7,新莊,2021-05-14,64,31,6.0,nan,31,31,44.0,64
6,板橋,2021-05-14,61,10,7.0,nan,33,38,38.0,61
5,土城,2021-05-14,71,9,6.0,nan,37,28,64.0,71
4,新店,2021-05-14,129,9,5.0,nan,31,23,129.0,62
3,萬里,2021-05-14,97,10,2.0,nan,22,8,97.0,51
2,汐止,2021-05-14,93,17,3.0,nan,30,23,93.0,61
1,基隆,2021-05-14,61,9,3.0,nan,26,30,61.0,48
85,大城,2021-05-14,31,3,1.0,nan,31,6,31.0,22
84,富貴角,2021-05-14,44,3,2.0,nan,24,10,35.0,44
83,麥寮,2021-05-14,23,1,1.0,nan,21,7,nan,23
80,關山,2021-05-14,25,3,nan,nan,11,7,25.0,14
78,馬公,2021-05-14,22,4,1.0,nan,20,5,22.0,22
77,金門,2021-05-14,26,4,1.0,nan,18,9,26.0,24
75,馬祖,2021-05-14,43,6,1.0,nan,23,15,30.0,43
72,埔里,2021-05-14,61,3,2.0,nan,26,11,61.0,47
71,復興,2021-05-14,43,6,2.0,nan,43,19,nan,30
70,永和,2021-05-14,61,6,12.0,nan,31,43,nan,61
69,竹山,2021-05-14,40,7,2.0,nan,24,8,36.0,40
68,中壢,2021-05-14,48,6,12.0,nan,23,25,nan,48
67,三重,2021-05-14,61,11,14.0,nan,28,42,nan,61
66,冬山,2021-05-14,32,4,3.0,nan,24,7,28.0,32
65,宜蘭,2021-05-14,33,6,2.0,nan,21,7,32.0,33
64,陽明,2021-05-14,53,4,3.0,nan,26,12,39.0,53
63,花蓮,2021-05-14,22,7,2.0,nan,15,6,22.0,20
62,臺東,2021-05-14,24,1,3.0,nan,16,8,24.0,19
61,恆春,2021-05-14,29,3,1.0,nan,12,2,29.0,12
59,屏東,2021-05-14,40,6,2.0,nan,30,13,40.0,26
58,小港,2021-05-14,40,23,2.0,nan,40,17,21.0,31
57,前鎮,2021-05-14,56,7,5.0,nan,56,19,nan,34
56,前金,2021-05-14,29,9,2.0,nan,29,18,23.0,27
54,左營,2021-05-14,32,14,3.0,nan,32,16,22.0,20
53,楠梓,2021-05-14,38,19,5.0,nan,38,23,25.0,37
52,林園,2021-05-14,28,7,1.0,nan,28,9,28.0,24
51,大寮,2021-05-14,35,6,2.0,nan,35,11,25.0,35
49,仁武,2021-05-14,31,19,5.0,nan,31,22,24.0,29
66,冬山,2021-05-15,29,4,3.0,nan,27,7,29.0,27
35,二林,2021-05-15,26,6,2.0,nan,26,12,26.0,24
67,三重,2021-05-15,54,7,9.0,nan,29,28,nan,54
34,線西,2021-05-15,26,4,2.0,nan,22,5,nan,26
68,中壢,2021-05-15,47,6,8.0,nan,24,20,nan,47
33,彰化,2021-05-15,35,11,2.0,nan,22,8,35.0,33
69,竹山,2021-05-15,41,6,2.0,nan,25,10,41.0,34
70,永和,2021-05-15,60,7,10.0,nan,30,25,nan,60
71,復興,2021-05-15,22,10,2.0,nan,22,16,nan,22
32,西屯,2021-05-15,40,10,1.0,nan,26,12,40.0,34
31,忠明,2021-05-15,32,4,2.0,nan,23,8,31.0,32
72,埔里,2021-05-15,51,1,1.0,nan,24,9,51.0,34
30,大里,2021-05-15,36,4,2.0,nan,26,8,36.0,25
75,馬祖,2021-05-15,35,4,1.0,nan,21,12,30.0,35
29,沙鹿,2021-05-15,29,3,2.0,nan,27,6,29.0,15
77,金門,2021-05-15,26,4,1.0,nan,20,12,26.0,17
28,豐原,2021-05-15,46,19,43.0,nan,32,10,46.0,46
78,馬公,2021-05-15,20,4,2.0,nan,18,5,19.0,20
27,三義,2021-05-15,34,9,3.0,nan,23,11,32.0,34
80,關山,2021-05-15,19,3,nan,nan,6,3,19.0,10
83,麥寮,2021-05-15,27,4,2.0,nan,22,8,nan,27
26,苗栗,2021-05-15,28,7,2.0,nan,21,10,23.0,28
84,富貴角,2021-05-15,36,1,2.0,nan,23,13,32.0,36
25,頭份,2021-05-15,34,9,2.0,nan,24,15,nan,34
24,新竹,2021-05-15,27,7,3.0,nan,24,17,26.0,27
23,竹東,2021-05-15,42,3,2.0,nan,21,12,42.0,39
85,大城,2021-05-15,32,6,1.0,nan,32,8,31.0,22
22,湖口,2021-05-15,29,6,2.0,nan,22,19,29.0,28
21,龍潭,2021-05-15,46,4,3.0,nan,27,15,46.0,37
20,平鎮,2021-05-15,42,9,3.0,nan,27,20,36.0,42
19,觀音,2021-05-15,26,7,2.0,nan,22,19,23.0,26
18,大園,2021-05-15,41,7,2.0,nan,24,17,33.0,41
17,桃園,2021-05-15,46,17,5.0,nan,30,25,45.0,46
16,大同,2021-05-15,61,7,10.0,nan,35,30,nan,61
15,松山,2021-05-15,84,4,3.0,nan,31,22,84.0,65
14,古亭,2021-05-15,84,7,5.0,nan,28,18,84.0,56
13,萬華,2021-05-15,55,4,5.0,nan,32,25,51.0,55
12,中山,2021-05-15,58,6,5.0,nan,33,26,54.0,58
11,士林,2021-05-15,52,7,3.0,nan,32,17,45.0,52
3,萬里,2021-05-15,58,6,3.0,nan,28,14,58.0,48
10,淡水,2021-05-15,37,4,3.0,nan,24,17,30.0,37
4,新店,2021-05-15,129,7,5.0,nan,28,16,129.0,57
9,林口,2021-05-15,45,7,3.0,nan,27,31,43.0,45
1,基隆,2021-05-15,49,6,2.0,nan,26,17,49.0,49
8,菜寮,2021-05-15,52,4,5.0,nan,32,24,49.0,52
7,新莊,2021-05-15,55,7,7.0,nan,30,28,49.0,55
2,汐止,2021-05-15,77,14,5.0,nan,31,22,77.0,59
6,板橋,2021-05-15,52,7,6.0,nan,31,23,44.0,52
5,土城,2021-05-15,84,6,6.0,nan,32,25,84.0,61
49,仁武,2021-05-15,29,13,3.0,nan,25,17,19.0,29
48,橋頭,2021-05-15,27,13,3.0,nan,25,16,20.0,27
50,鳳山,2021-05-15,20,19,5.0,nan,19,16,nan,20
51,大寮,2021-05-15,32,3,3.0,nan,32,11,17.0,30
52,林園,2021-05-15,22,3,1.0,nan,22,8,19.0,21
47,美濃,2021-05-15,29,4,2.0,nan,28,8,29.0,25
53,楠梓,2021-05-15,30,16,3.0,nan,26,21,19.0,30
46,臺南,2021-05-15,28,9,3.0,nan,24,15,19.0,28
54,左營,2021-05-15,30,13,3.0,nan,30,18,16.0,16
45,安南,2021-05-15,33,6,2.0,nan,28,18,24.0,33
56,前金,2021-05-15,30,9,2.0,nan,30,22,16.0,27
57,前鎮,2021-05-15,36,7,3.0,nan,36,17,nan,25
44,善化,2021-05-15,29,10,2.0,nan,21,14,29.0,23
58,小港,2021-05-15,29,17,2.0,nan,29,21,16.0,25
43,新營,2021-05-15,33,4,2.0,nan,27,11,33.0,25
59,屏東,2021-05-15,25,7,3.0,nan,25,16,23.0,22
42,嘉義,2021-05-15,34,4,2.0,nan,28,11,34.0,31
61,恆春,2021-05-15,20,3,1.0,nan,11,3,20.0,10
41,臺西,2021-05-15,28,4,1.0,nan,28,9,nan,24
62,臺東,2021-05-15,18,1,3.0,nan,15,6,18.0,18
63,花蓮,2021-05-15,21,4,1.0,nan,11,3,21.0,13
40,朴子,2021-05-15,30,6,3.0,nan,27,10,20.0,30
39,新港,2021-05-15,29,7,2.0,nan,28,14,29.0,25
64,陽明,2021-05-15,49,4,2.0,nan,26,8,49.0,48
38,崙背,2021-05-15,30,6,2.0,nan,27,10,30.0,27
65,宜蘭,2021-05-15,31,7,2.0,nan,21,6,31.0,27
37,斗六,2021-05-15,40,4,2.0,nan,25,10,40.0,32
36,南投,2021-05-15,45,6,2.0,nan,27,8,45.0,37
11,士林,2021-05-16,52,7,3.0,nan,31.0,12,49.0,52.0
33,彰化,2021-05-16,31,13,2.0,nan,20.0,8,31.0,31.0
34,線西,2021-05-16,26,3,2.0,nan,22.0,4,nan,26.0
35,二林,2021-05-16,25,3,2.0,nan,25.0,8,20.0,20.0
36,南投,2021-05-16,36,6,2.0,nan,22.0,8,36.0,29.0
37,斗六,2021-05-16,31,4,2.0,nan,20.0,8,31.0,24.0
38,崙背,2021-05-16,25,4,2.0,nan,23.0,9,25.0,24.0
39,新港,2021-05-16,28,4,2.0,nan,22.0,8,28.0,22.0
40,朴子,2021-05-16,25,4,2.0,nan,25.0,10,19.0,25.0
41,臺西,2021-05-16,22,4,1.0,nan,22.0,5,nan,21.0
42,嘉義,2021-05-16,29,4,2.0,nan,21.0,8,29.0,28.0
43,新營,2021-05-16,31,7,2.0,nan,22.0,9,31.0,29.0
44,善化,2021-05-16,28,1,2.0,nan,15.0,14,28.0,23.0
45,安南,2021-05-16,24,6,2.0,nan,21.0,13,23.0,24.0
46,臺南,2021-05-16,23,7,2.0,nan,19.0,8,21.0,23.0
47,美濃,2021-05-16,31,4,2.0,nan,19.0,5,31.0,22.0
48,橋頭,2021-05-16,21,11,5.0,nan,20.0,8,21.0,18.0
49,仁武,2021-05-16,27,9,2.0,nan,20.0,13,24.0,27.0
50,鳳山,2021-05-16,19,11,3.0,nan,17.0,19,nan,16.0
51,大寮,2021-05-16,26,3,1.0,nan,20.0,6,20.0,26.0
52,林園,2021-05-16,23,1,1.0,nan,18.0,3,23.0,20.0
53,楠梓,2021-05-16,24,9,2.0,nan,20.0,12,21.0,24.0
54,左營,2021-05-16,24,9,2.0,nan,19.0,12,24.0,13.0
56,前金,2021-05-16,25,7,1.0,nan,19.0,12,25.0,24.0
57,前鎮,2021-05-16,27,6,2.0,nan,18.0,17,nan,27.0
58,小港,2021-05-16,22,10,2.0,nan,21.0,16,17.0,22.0
59,屏東,2021-05-16,23,7,2.0,nan,21.0,10,23.0,20.0
61,恆春,2021-05-16,23,3,1.0,nan,16.0,4,23.0,14.0
62,臺東,2021-05-16,19,3,3.0,nan,18.0,4,18.0,19.0
63,花蓮,2021-05-16,19,3,1.0,nan,14.0,3,19.0,16.0
64,陽明,2021-05-16,42,3,2.0,nan,24.0,7,42.0,35.0
65,宜蘭,2021-05-16,34,6,2.0,nan,21.0,5,34.0,29.0
66,冬山,2021-05-16,31,7,3.0,nan,25.0,8,31.0,31.0
67,三重,2021-05-16,51,6,10.0,nan,27.0,30,nan,51.0
68,中壢,2021-05-16,40,4,7.0,nan,24.0,17,nan,40.0
69,竹山,2021-05-16,32,7,2.0,nan,21.0,8,32.0,30.0
70,永和,2021-05-16,49,6,6.0,nan,28.0,15,nan,49.0
71,復興,2021-05-16,19,7,2.0,nan,17.0,17,nan,19.0
72,埔里,2021-05-16,43,1,1.0,nan,19.0,11,43.0,29.0
75,馬祖,2021-05-16,37,9,1.0,nan,23.0,26,33.0,37.0
77,金門,2021-05-16,33,6,1.0,nan,19.0,8,33.0,22.0
78,馬公,2021-05-16,24,4,2.0,nan,nan,9,24.0,nan
80,關山,2021-05-16,18,1,nan,nan,10.0,3,18.0,9.0
83,麥寮,2021-05-16,22,1,2.0,nan,20.0,7,nan,22.0
84,富貴角,2021-05-16,40,4,2.0,nan,25.0,8,39.0,40.0
85,大城,2021-05-16,31,10,1.0,nan,31.0,15,28.0,22.0
32,西屯,2021-05-16,33,9,2.0,nan,23.0,9,33.0,32.0
31,忠明,2021-05-16,27,4,2.0,nan,19.0,8,27.0,27.0
30,大里,2021-05-16,30,4,2.0,nan,22.0,8,30.0,20.0
29,沙鹿,2021-05-16,28,3,2.0,nan,24.0,6,28.0,14.0
28,豐原,2021-05-16,36,3,2.0,nan,23.0,9,36.0,35.0
27,三義,2021-05-16,27,13,3.0,nan,21.0,8,27.0,27.0
26,苗栗,2021-05-16,24,6,2.0,nan,20.0,8,21.0,24.0
25,頭份,2021-05-16,29,9,2.0,nan,25.0,13,nan,29.0
24,新竹,2021-05-16,30,7,3.0,nan,23.0,15,30.0,29.0
23,竹東,2021-05-16,38,4,2.0,nan,20.0,10,38.0,35.0
22,湖口,2021-05-16,31,6,3.0,nan,23.0,18,31.0,27.0
21,龍潭,2021-05-16,40,4,2.0,nan,25.0,12,40.0,32.0
20,平鎮,2021-05-16,35,6,3.0,nan,26.0,14,35.0,35.0
19,觀音,2021-05-16,29,6,2.0,nan,25.0,15,26.0,29.0
18,大園,2021-05-16,41,7,2.0,nan,24.0,15,32.0,41.0
17,桃園,2021-05-16,39,6,3.0,nan,26.0,18,39.0,38.0
16,大同,2021-05-16,49,6,9.0,nan,29.0,27,nan,49.0
15,松山,2021-05-16,93,6,3.0,nan,29.0,19,93.0,61.0
14,古亭,2021-05-16,71,6,3.0,nan,25.0,13,71.0,46.0
13,萬華,2021-05-16,48,4,3.0,nan,30.0,21,47.0,48.0
12,中山,2021-05-16,57,4,6.0,nan,32.0,26,49.0,57.0
10,淡水,2021-05-16,40,6,3.0,nan,28.0,12,34.0,40.0
9,林口,2021-05-16,41,9,3.0,nan,25.0,19,41.0,41.0
8,菜寮,2021-05-16,54,4,5.0,nan,31.0,21,48.0,54.0
7,新莊,2021-05-16,47,6,6.0,nan,28.0,25,46.0,47.0
6,板橋,2021-05-16,45,6,5.0,nan,27.0,20,43.0,45.0
5,土城,2021-05-16,54,3,5.0,nan,31.0,22,54.0,53.0
4,新店,2021-05-16,93,6,3.0,nan,26.0,14,93.0,50.0
3,萬里,2021-05-16,50,7,2.0,nan,23.0,8,50.0,46.0
2,汐止,2021-05-16,97,19,3.0,nan,30.0,16,97.0,59.0
1,基隆,2021-05-16,51,9,3.0,nan,27.0,25,46.0,51.0
57,前鎮,2021-05-17,27,16,3.0,nan,17,14,nan,27
20,平鎮,2021-05-17,37,6,3.0,nan,19,16,34.0,37
19,觀音,2021-05-17,35,7,2.0,nan,21,14,33.0,35
85,大城,2021-05-17,33,10,2.0,nan,30,9,32.0,33
84,富貴角,2021-05-17,44,3,2.0,nan,21,10,44.0,35
83,麥寮,2021-05-17,36,3,3.0,nan,21,8,nan,36
80,關山,2021-05-17,19,4,nan,nan,13,3,19.0,10
78,馬公,2021-05-17,28,4,2.0,nan,16,8,28.0,25
77,金門,2021-05-17,34,6,2.0,nan,23,16,33.0,34
75,馬祖,2021-05-17,43,4,5.0,nan,22,21,35.0,43
72,埔里,2021-05-17,51,4,2.0,nan,20,12,51.0,37
71,復興,2021-05-17,26,11,2.0,nan,18,11,nan,26
70,永和,2021-05-17,49,10,9.0,nan,24,22,nan,49
69,竹山,2021-05-17,41,6,2.0,nan,22,9,39.0,41
68,中壢,2021-05-17,49,7,10.0,nan,23,46,nan,49
67,三重,2021-05-17,46,10,14.0,nan,24,42,nan,46
66,冬山,2021-05-17,75,75,5.0,nan,28,8,35.0,31
65,宜蘭,2021-05-17,36,7,2.0,nan,22,6,36.0,32
64,陽明,2021-05-17,40,3,2.0,nan,18,5,40.0,38
63,花蓮,2021-05-17,21,3,2.0,nan,17,7,21.0,17
62,臺東,2021-05-17,20,3,2.0,nan,20,5,20.0,19
61,恆春,2021-05-17,23,3,1.0,nan,13,3,23.0,12
59,屏東,2021-05-17,39,11,2.0,nan,28,13,39.0,29
58,小港,2021-05-17,28,3,1.0,nan,19,19,20.0,28
21,龍潭,2021-05-17,44,3,3.0,nan,22,17,44.0,40
56,前金,2021-05-17,28,4,2.0,nan,17,13,28.0,28
54,左營,2021-05-17,28,7,2.0,nan,19,15,28.0,19
53,楠梓,2021-05-17,38,7,3.0,nan,23,19,27.0,38
52,林園,2021-05-17,30,3,1.0,nan,15,7,30.0,19
51,大寮,2021-05-17,42,6,2.0,nan,26,13,24.0,42
50,鳳山,2021-05-17,22,9,6.0,nan,18,17,nan,22
49,仁武,2021-05-17,29,7,2.0,nan,20,21,29.0,28
48,橋頭,2021-05-17,28,6,2.0,nan,18,15,27.0,28
47,美濃,2021-05-17,44,6,2.0,nan,24,8,44.0,33
46,臺南,2021-05-17,31,6,2.0,nan,21,17,26.0,31
45,安南,2021-05-17,37,6,3.0,nan,26,19,29.0,37
44,善化,2021-05-17,31,11,2.0,nan,18,24,31.0,30
43,新營,2021-05-17,35,4,2.0,nan,24,11,31.0,35
42,嘉義,2021-05-17,38,3,2.0,nan,22,9,30.0,38
41,臺西,2021-05-17,32,4,2.0,nan,22,8,nan,32
40,朴子,2021-05-17,36,3,3.0,nan,27,13,25.0,36
39,新港,2021-05-17,37,3,3.0,nan,28,15,28.0,37
38,崙背,2021-05-17,44,3,3.0,nan,26,13,29.0,44
37,斗六,2021-05-17,38,9,3.0,nan,22,9,38.0,38
36,南投,2021-05-17,44,6,2.0,nan,24,13,44.0,38
35,二林,2021-05-17,42,1,2.0,nan,28,14,24.0,42
34,線西,2021-05-17,39,4,2.0,nan,25,8,nan,39
33,彰化,2021-05-17,49,16,3.0,nan,25,11,35.0,49
1,基隆,2021-05-17,41,6,3.0,nan,22,21,41.0,41
2,汐止,2021-05-17,61,7,5.0,nan,24,20,61.0,46
3,萬里,2021-05-17,44,6,2.0,nan,20,13,44.0,40
4,新店,2021-05-17,74,7,3.0,nan,22,16,74.0,45
5,土城,2021-05-17,64,6,3.0,nan,28,19,64.0,49
6,板橋,2021-05-17,44,9,3.0,nan,25,19,44.0,40
32,西屯,2021-05-17,52,9,2.0,nan,28,12,40.0,52
7,新莊,2021-05-17,48,10,5.0,nan,23,18,48.0,45
31,忠明,2021-05-17,43,4,3.0,nan,23,14,32.0,43
8,菜寮,2021-05-17,47,9,5.0,nan,27,19,47.0,47
30,大里,2021-05-17,34,4,3.0,nan,25,11,33.0,34
9,林口,2021-05-17,41,7,2.0,nan,23,17,38.0,41
10,淡水,2021-05-17,36,6,3.0,nan,19,16,36.0,35
29,沙鹿,2021-05-17,31,4,3.0,nan,22,14,31.0,29
28,豐原,2021-05-17,48,4,3.0,nan,27,19,46.0,48
11,士林,2021-05-17,44,7,3.0,nan,26,15,44.0,43
12,中山,2021-05-17,49,9,7.0,nan,24,23,42.0,49
27,三義,2021-05-17,40,13,5.0,nan,23,23,31.0,40
13,萬華,2021-05-17,46,7,5.0,nan,25,24,44.0,46
14,古亭,2021-05-17,58,13,3.0,nan,23,18,58.0,43
15,松山,2021-05-17,54,11,5.0,nan,25,22,51.0,54
26,苗栗,2021-05-17,29,7,2.0,nan,16,12,22.0,29
25,頭份,2021-05-17,32,9,2.0,nan,18,9,nan,32
16,大同,2021-05-17,55,9,18.0,nan,31,34,nan,55
24,新竹,2021-05-17,32,6,2.0,nan,18,13,32.0,26
17,桃園,2021-05-17,43,10,3.0,nan,23,18,43.0,40
23,竹東,2021-05-17,42,4,3.0,nan,19,14,42.0,37
22,湖口,2021-05-17,31,6,2.0,nan,19,16,31.0,27
18,大園,2021-05-17,39,4,2.0,nan,19,15,31.0,39
26,苗栗,2021-05-18,33,6,3.0,nan,19,13,26.0,33
27,三義,2021-05-18,43,9,3.0,nan,22,20,31.0,43
28,豐原,2021-05-18,56,20,7.0,nan,31,21,43.0,56
65,宜蘭,2021-05-18,34,14,2.0,nan,21,8,34.0,34
66,冬山,2021-05-18,38,33,3.0,nan,25,9,32.0,38
67,三重,2021-05-18,49,9,10.0,nan,20,36,nan,49
29,沙鹿,2021-05-18,29,4,2.0,nan,22,13,29.0,26
30,大里,2021-05-18,36,9,3.0,nan,24,12,33.0,36
68,中壢,2021-05-18,44,4,7.0,nan,19,25,nan,44
31,忠明,2021-05-18,34,3,2.0,nan,21,11,28.0,34
59,屏東,2021-05-18,24,6,2.0,nan,19,6,24.0,15
32,西屯,2021-05-18,48,10,2.0,nan,25,12,39.0,48
69,竹山,2021-05-18,39,6,2.0,nan,20,9,39.0,35
33,彰化,2021-05-18,42,11,2.0,nan,22,10,33.0,42
34,線西,2021-05-18,34,4,2.0,nan,22,5,nan,34
70,永和,2021-05-18,52,6,11.0,nan,25,28,nan,52
61,恆春,2021-05-18,20,3,1.0,nan,12,2,20.0,9
35,二林,2021-05-18,34,4,2.0,nan,28,19,22.0,34
36,南投,2021-05-18,40,6,2.0,nan,24,11,40.0,38
37,斗六,2021-05-18,37,7,2.0,nan,19,9,37.0,29
63,花蓮,2021-05-18,19,3,1.0,nan,16,4,19.0,15
62,臺東,2021-05-18,18,3,3.0,nan,16,4,18.0,12
71,復興,2021-05-18,21,9,2.0,nan,14,16,nan,21
38,崙背,2021-05-18,35,4,2.0,nan,25,14,26.0,35
78,馬公,2021-05-18,22,4,2.0,nan,13,8,19.0,22
72,埔里,2021-05-18,54,3,2.0,nan,22,11,54.0,37
39,新港,2021-05-18,28,6,2.0,nan,22,14,27.0,28
75,馬祖,2021-05-18,84,3,5.0,nan,11,6,84.0,26
40,朴子,2021-05-18,29,1,2.0,nan,21,11,21.0,29
77,金門,2021-05-18,38,4,1.0,nan,22,16,22.0,38
41,臺西,2021-05-18,23,4,1.0,nan,20,9,nan,23
80,關山,2021-05-18,15,4,nan,nan,9,5,15.0,11
1,基隆,2021-05-18,45,6,3.0,nan,23,25,31.0,45
42,嘉義,2021-05-18,37,4,2.0,nan,22,9,31.0,37
2,汐止,2021-05-18,49,9,3.0,nan,25,25,41.0,49
83,麥寮,2021-05-18,33,3,2.0,nan,20,7,nan,33
3,萬里,2021-05-18,43,6,2.0,nan,18,8,43.0,38
43,新營,2021-05-18,31,6,2.0,nan,21,10,31.0,29
84,富貴角,2021-05-18,48,1,1.0,nan,21,4,48.0,38
85,大城,2021-05-18,31,11,1.0,nan,31,16,26.0,25
4,新店,2021-05-18,48,4,5.0,nan,22,19,45.0,48
44,善化,2021-05-18,31,4,2.0,nan,17,16,31.0,24
45,安南,2021-05-18,29,4,2.0,nan,20,12,25.0,29
5,土城,2021-05-18,51,6,5.0,nan,25,33,44.0,51
6,板橋,2021-05-18,42,19,5.0,nan,22,25,37.0,42
46,臺南,2021-05-18,21,6,1.0,nan,15,12,21.0,17
47,美濃,2021-05-18,39,3,1.0,nan,23,7,39.0,29
7,新莊,2021-05-18,44,9,5.0,nan,20,20,42.0,44
48,橋頭,2021-05-18,22,10,2.0,nan,19,12,19.0,22
8,菜寮,2021-05-18,46,4,5.0,nan,22,22,41.0,46
49,仁武,2021-05-18,22,13,3.0,nan,19,18,19.0,22
50,鳳山,2021-05-18,21,19,5.0,nan,16,21,nan,15
9,林口,2021-05-18,41,6,3.0,nan,19,22,39.0,41
10,淡水,2021-05-18,36,4,2.0,nan,14,15,36.0,34
51,大寮,2021-05-18,23,6,1.0,nan,20,6,18.0,23
52,林園,2021-05-18,20,3,1.0,nan,13,5,20.0,15
11,士林,2021-05-18,46,7,3.0,nan,22,20,46.0,39
53,楠梓,2021-05-18,29,11,3.0,nan,22,17,20.0,29
64,陽明,2021-05-18,45,1,2.0,nan,18,4,45.0,37
12,中山,2021-05-18,53,9,6.0,nan,23,35,37.0,53
13,萬華,2021-05-18,47,4,6.0,nan,22,27,43.0,47
54,左營,2021-05-18,17,10,2.0,nan,17,15,17.0,14
14,古亭,2021-05-18,46,4,5.0,nan,24,22,43.0,46
15,松山,2021-05-18,53,7,5.0,nan,22,30,37.0,53
16,大同,2021-05-18,53,7,12.0,nan,22,40,nan,53
17,桃園,2021-05-18,40,9,3.0,nan,20,20,39.0,40
18,大園,2021-05-18,48,6,2.0,nan,22,13,31.0,48
56,前金,2021-05-18,19,3,1.0,nan,13,10,19.0,19
19,觀音,2021-05-18,33,19,2.0,nan,19,6,31.0,33
20,平鎮,2021-05-18,40,7,2.0,nan,20,10,31.0,40
21,龍潭,2021-05-18,40,4,2.0,nan,22,17,35.0,40
57,前鎮,2021-05-18,24,6,2.0,nan,15,14,nan,24
22,湖口,2021-05-18,33,4,1.0,nan,19,8,33.0,27
23,竹東,2021-05-18,35,3,2.0,nan,17,9,32.0,35
24,新竹,2021-05-18,33,4,2.0,nan,18,8,33.0,28
58,小港,2021-05-18,21,9,1.0,nan,21,14,15.0,19
25,頭份,2021-05-18,30,6,2.0,nan,18,7,nan,30
47,美濃,2021-05-19,34,3,1.0,nan,25,3,34.0,28
46,臺南,2021-05-19,25,7,2.0,nan,20,15,21.0,25
1,基隆,2021-05-19,64,7,5.0,nan,27,14,64.0,50
2,汐止,2021-05-19,71,10,5.0,nan,31,22,71.0,64
3,萬里,2021-05-19,74,9,2.0,nan,22,7,74.0,47
4,新店,2021-05-19,71,4,5.0,nan,22,19,71.0,44
5,土城,2021-05-19,74,7,5.0,nan,26,25,74.0,58
6,板橋,2021-05-19,44,9,6.0,nan,23,25,44.0,44
7,新莊,2021-05-19,54,20,6.0,nan,23,19,50.0,54
8,菜寮,2021-05-19,59,7,6.0,nan,31,25,45.0,59
9,林口,2021-05-19,54,7,5.0,nan,24,23,36.0,54
10,淡水,2021-05-19,38,4,2.0,nan,18,15,36.0,38
11,士林,2021-05-19,54,6,3.0,nan,30,15,47.0,54
12,中山,2021-05-19,63,6,6.0,nan,30,28,48.0,63
13,萬華,2021-05-19,57,6,6.0,nan,29,25,51.0,57
14,古亭,2021-05-19,58,6,6.0,nan,26,25,58.0,52
15,松山,2021-05-19,65,6,6.0,nan,28,25,64.0,65
16,大同,2021-05-19,61,9,17.0,nan,31,40,nan,61
17,桃園,2021-05-19,52,20,6.0,nan,29,20,43.0,52
18,大園,2021-05-19,43,7,2.0,nan,22,19,31.0,43
19,觀音,2021-05-19,30,6,2.0,nan,20,16,30.0,28
20,平鎮,2021-05-19,41,6,2.0,nan,23,14,34.0,41
21,龍潭,2021-05-19,40,3,2.0,nan,22,13,40.0,36
22,湖口,2021-05-19,31,6,2.0,nan,20,12,31.0,30
23,竹東,2021-05-19,39,6,2.0,nan,21,13,39.0,29
24,新竹,2021-05-19,31,4,3.0,nan,22,11,31.0,23
25,頭份,2021-05-19,29,6,2.0,nan,21,8,nan,29
26,苗栗,2021-05-19,29,6,2.0,nan,20,11,25.0,29
27,三義,2021-05-19,37,6,2.0,nan,26,14,31.0,37
28,豐原,2021-05-19,54,17,40.0,nan,32,13,42.0,54
29,沙鹿,2021-05-19,26,4,2.0,nan,21,7,26.0,20
30,大里,2021-05-19,31,4,2.0,nan,24,8,31.0,28
31,忠明,2021-05-19,36,4,2.0,nan,23,9,31.0,36
32,西屯,2021-05-19,39,10,2.0,nan,28,11,38.0,39
33,彰化,2021-05-19,36,7,2.0,nan,23,10,36.0,36
34,線西,2021-05-19,28,4,1.0,nan,23,5,nan,28
35,二林,2021-05-19,27,4,2.0,nan,26,15,24.0,27
36,南投,2021-05-19,43,6,2.0,nan,24,9,43.0,36
37,斗六,2021-05-19,42,4,2.0,nan,22,11,42.0,29
38,崙背,2021-05-19,31,4,2.0,nan,26,10,29.0,31
39,新港,2021-05-19,30,6,2.0,nan,28,13,30.0,30
40,朴子,2021-05-19,31,4,2.0,nan,26,10,22.0,31
41,臺西,2021-05-19,23,4,2.0,nan,22,7,nan,23
42,嘉義,2021-05-19,34,3,2.0,nan,27,15,34.0,32
43,新營,2021-05-19,39,4,2.0,nan,26,11,39.0,32
44,善化,2021-05-19,32,4,2.0,nan,24,12,32.0,27
45,安南,2021-05-19,38,6,2.0,nan,27,14,25.0,38
85,大城,2021-05-19,29,7,1.0,nan,29,6,29.0,19
84,富貴角,2021-05-19,43,1,2.0,nan,20,7,43.0,31
83,麥寮,2021-05-19,27,1,2.0,nan,21,6,nan,27
80,關山,2021-05-19,20,3,nan,nan,10,3,20.0,13
78,馬公,2021-05-19,24,4,2.0,nan,15,6,21.0,24
77,金門,2021-05-19,21,4,1.0,nan,16,13,21.0,20
75,馬祖,2021-05-19,87,4,3.0,nan,16,5,87.0,36
72,埔里,2021-05-19,49,3,3.0,nan,19,17,49.0,31
71,復興,2021-05-19,31,9,2.0,nan,31,15,nan,24
70,永和,2021-05-19,59,4,10.0,nan,28,27,nan,59
69,竹山,2021-05-19,38,6,2.0,nan,21,11,38.0,32
68,中壢,2021-05-19,47,7,9.0,nan,21,22,nan,47
67,三重,2021-05-19,58,9,14.0,nan,27,42,nan,58
66,冬山,2021-05-19,34,7,5.0,nan,24,12,28.0,34
65,宜蘭,2021-05-19,36,7,2.0,nan,22,8,36.0,34
64,陽明,2021-05-19,43,3,2.0,nan,19,6,43.0,42
63,花蓮,2021-05-19,19,1,1.0,nan,17,5,18.0,19
62,臺東,2021-05-19,21,3,2.0,nan,19,5,21.0,14
61,恆春,2021-05-19,23,3,1.0,nan,15,3,23.0,10
59,屏東,2021-05-19,23,7,2.0,nan,23,7,22.0,21
58,小港,2021-05-19,31,11,2.0,nan,31,13,16.0,27
57,前鎮,2021-05-19,33,7,3.0,nan,33,16,nan,31
56,前金,2021-05-19,25,6,2.0,nan,21,12,18.0,25
54,左營,2021-05-19,24,11,2.0,nan,24,14,19.0,16
53,楠梓,2021-05-19,31,10,3.0,nan,29,16,23.0,31
52,林園,2021-05-19,23,3,1.0,nan,20,5,23.0,16
51,大寮,2021-05-19,31,4,1.0,nan,31,4,20.0,29
50,鳳山,2021-05-19,23,19,7.0,nan,23,14,nan,20
49,仁武,2021-05-19,26,10,3.0,nan,26,13,21.0,25
48,橋頭,2021-05-19,23,9,2.0,nan,23,11,23.0,20
19,觀音,2021-05-20,35,7,2.0,nan,26,17,26.0,35.0
62,臺東,2021-05-20,20,3,3.0,nan,19,5,20.0,19.0
2,汐止,2021-05-20,53,17,3.0,nan,30,25,50.0,53.0
61,恆春,2021-05-20,28,3,1.0,nan,13,2,28.0,14.0
59,屏東,2021-05-20,30,10,2.0,nan,23,14,30.0,22.0
18,大園,2021-05-20,53,11,5.0,nan,27,25,29.0,53.0
58,小港,2021-05-20,34,10,5.0,nan,23,27,17.0,34.0
57,前鎮,2021-05-20,38,10,3.0,nan,17,20,nan,38.0
3,萬里,2021-05-20,48,9,2.0,nan,26,9,48.0,42.0
56,前金,2021-05-20,24,10,1.0,nan,16,11,24.0,21.0
17,桃園,2021-05-20,54,30,6.0,nan,31,23,41.0,54.0
54,左營,2021-05-20,23,9,2.0,nan,18,9,23.0,15.0
4,新店,2021-05-20,80,10,3.0,nan,24,18,80.0,40.0
53,楠梓,2021-05-20,25,9,2.0,nan,21,20,24.0,25.0
16,大同,2021-05-20,53,7,17.0,nan,30,31,nan,53.0
52,林園,2021-05-20,25,3,1.0,nan,15,11,25.0,20.0
15,松山,2021-05-20,58,6,5.0,nan,29,29,58.0,57.0
5,土城,2021-05-20,64,4,5.0,nan,28,19,64.0,49.0
51,大寮,2021-05-20,23,3,3.0,nan,22,17,22.0,23.0
6,板橋,2021-05-20,46,6,5.0,nan,23,20,46.0,40.0
50,鳳山,2021-05-20,21,11,6.0,nan,16,21,nan,16.0
7,新莊,2021-05-20,50,9,5.0,nan,26,24,50.0,44.0
14,古亭,2021-05-20,58,9,3.0,nan,25,21,58.0,41.0
8,菜寮,2021-05-20,61,6,5.0,nan,29,25,61.0,47.0
49,仁武,2021-05-20,25,9,2.0,nan,19,17,25.0,21.0
13,萬華,2021-05-20,71,7,6.0,nan,26,28,71.0,48.0
48,橋頭,2021-05-20,24,6,2.0,nan,18,11,24.0,22.0
47,美濃,2021-05-20,43,4,2.0,nan,20,6,43.0,26.0
12,中山,2021-05-20,55,9,7.0,nan,30,34,54.0,55.0
46,臺南,2021-05-20,25,6,2.0,nan,15,13,24.0,25.0
11,士林,2021-05-20,50,7,3.0,nan,31,15,50.0,50.0
45,安南,2021-05-20,36,6,3.0,nan,22,17,27.0,36.0
44,善化,2021-05-20,30,4,2.0,nan,17,22,30.0,22.0
9,林口,2021-05-20,49,9,3.0,nan,26,20,38.0,49.0
43,新營,2021-05-20,31,6,2.0,nan,20,10,31.0,27.0
10,淡水,2021-05-20,44,4,3.0,nan,23,18,35.0,44.0
42,嘉義,2021-05-20,31,4,2.0,nan,22,12,31.0,30.0
41,臺西,2021-05-20,23,4,2.0,nan,21,9,nan,23.0
40,朴子,2021-05-20,31,4,2.0,nan,31,7,21.0,30.0
39,新港,2021-05-20,28,4,1.0,nan,24,12,28.0,27.0
38,崙背,2021-05-20,26,4,1.0,nan,21,8,26.0,24.0
37,斗六,2021-05-20,33,4,2.0,nan,20,13,33.0,30.0
36,南投,2021-05-20,36,4,2.0,nan,21,14,36.0,32.0
35,二林,2021-05-20,35,4,2.0,nan,30,14,21.0,35.0
34,線西,2021-05-20,38,4,2.0,nan,27,8,nan,38.0
33,彰化,2021-05-20,39,24,2.0,nan,22,13,28.0,39.0
32,西屯,2021-05-20,41,10,2.0,nan,25,18,32.0,41.0
31,忠明,2021-05-20,38,7,2.0,nan,23,13,26.0,38.0
30,大里,2021-05-20,35,6,2.0,nan,25,13,29.0,35.0
29,沙鹿,2021-05-20,26,4,2.0,nan,20,9,26.0,24.0
28,豐原,2021-05-20,48,9,2.0,nan,29,12,40.0,48.0
71,復興,2021-05-20,25,10,2.0,nan,17,25,nan,24.0
27,三義,2021-05-20,42,9,2.0,nan,25,13,29.0,42.0
72,埔里,2021-05-20,45,3,3.0,nan,20,16,45.0,30.0
26,苗栗,2021-05-20,36,9,3.0,nan,21,12,23.0,36.0
75,馬祖,2021-05-20,45,7,1.0,nan,21,23,27.0,45.0
25,頭份,2021-05-20,38,13,2.0,nan,26,14,nan,38.0
70,永和,2021-05-20,46,9,9.0,nan,26,24,nan,46.0
24,新竹,2021-05-20,32,7,3.0,nan,23,16,28.0,32.0
77,金門,2021-05-20,20,4,1.0,nan,16,9,20.0,20.0
78,馬公,2021-05-20,26,4,2.0,nan,11,5,26.0,nan
80,關山,2021-05-20,21,3,nan,nan,16,5,21.0,19.0
69,竹山,2021-05-20,35,3,2.0,nan,22,9,35.0,29.0
23,竹東,2021-05-20,42,4,3.0,nan,22,10,42.0,32.0
68,中壢,2021-05-20,55,6,10.0,nan,26,25,nan,55.0
67,三重,2021-05-20,52,9,14.0,nan,27,41,nan,52.0
83,麥寮,2021-05-20,24,1,2.0,nan,24,8,nan,nan
22,湖口,2021-05-20,35,7,3.0,nan,26,25,30.0,35.0
21,龍潭,2021-05-20,39,6,3.0,nan,24,14,39.0,36.0
66,冬山,2021-05-20,31,7,5.0,nan,31,10,28.0,29.0
84,富貴角,2021-05-20,44,3,2.0,nan,24,7,40.0,44.0
20,平鎮,2021-05-20,44,7,3.0,nan,26,18,32.0,44.0
85,大城,2021-05-20,31,6,1.0,nan,31,7,30.0,23.0
65,宜蘭,2021-05-20,31,7,2.0,nan,21,6,31.0,29.0
1,基隆,2021-05-20,41,6,3.0,nan,26,21,34.0,41.0
64,陽明,2021-05-20,45,6,2.0,nan,23,7,44.0,45.0
63,花蓮,2021-05-20,21,3,1.0,nan,17,2,21.0,18.0
12,中山,2021-05-21,50,6,7.0,nan,26.0,26,31.0,50.0
83,麥寮,2021-05-21,19,1,2.0,nan,19.0,9,nan,nan
80,關山,2021-05-21,28,1,nan,nan,14.0,5,28.0,23.0
78,馬公,2021-05-21,26,3,2.0,nan,14.0,4,26.0,nan
77,金門,2021-05-21,33,4,1.0,nan,23.0,9,30.0,33.0
75,馬祖,2021-05-21,58,4,3.0,nan,15.0,8,58.0,27.0
72,埔里,2021-05-21,44,3,2.0,nan,15.0,15,44.0,26.0
71,復興,2021-05-21,29,6,2.0,nan,11.0,20,nan,29.0
70,永和,2021-05-21,46,3,7.0,nan,23.0,25,nan,46.0
69,竹山,2021-05-21,19,6,2.0,nan,nan,10,19.0,nan
68,中壢,2021-05-21,49,21,8.0,nan,22.0,25,nan,49.0
67,三重,2021-05-21,47,6,11.0,nan,24.0,33,nan,47.0
66,冬山,2021-05-21,38,6,3.0,nan,31.0,14,32.0,38.0
65,宜蘭,2021-05-21,40,9,2.0,nan,24.0,8,37.0,40.0
64,陽明,2021-05-21,30,4,2.0,nan,18.0,8,30.0,28.0
22,湖口,2021-05-21,35,7,2.0,nan,22.0,22,28.0,35.0
63,花蓮,2021-05-21,25,3,1.0,nan,17.0,5,25.0,22.0
33,彰化,2021-05-21,39,17,2.0,nan,21.0,12,31.0,39.0
62,臺東,2021-05-21,30,3,2.0,nan,23.0,4,28.0,30.0
32,西屯,2021-05-21,40,9,2.0,nan,21.0,16,34.0,40.0
61,恆春,2021-05-21,31,3,1.0,nan,10.0,3,31.0,18.0
59,屏東,2021-05-21,38,7,2.0,nan,23.0,15,38.0,26.0
24,新竹,2021-05-21,32,9,3.0,nan,19.0,17,27.0,32.0
58,小港,2021-05-21,34,6,1.0,nan,19.0,27,20.0,34.0
57,前鎮,2021-05-21,32,6,2.0,nan,14.0,18,nan,32.0
56,前金,2021-05-21,28,4,2.0,nan,12.0,13,28.0,25.0
31,忠明,2021-05-21,32,6,2.0,nan,19.0,9,28.0,32.0
54,左營,2021-05-21,27,6,2.0,nan,15.0,16,27.0,21.0
53,楠梓,2021-05-21,39,9,3.0,nan,23.0,19,26.0,39.0
52,林園,2021-05-21,29,3,2.0,nan,15.0,9,28.0,29.0
51,大寮,2021-05-21,44,11,3.0,nan,27.0,12,24.0,44.0
30,大里,2021-05-21,31,6,2.0,nan,22.0,9,31.0,27.0
50,鳳山,2021-05-21,25,7,5.0,nan,17.0,21,nan,25.0
49,仁武,2021-05-21,29,11,3.0,nan,19.0,20,27.0,29.0
23,竹東,2021-05-21,36,3,3.0,nan,19.0,9,36.0,35.0
48,橋頭,2021-05-21,28,7,2.0,nan,17.0,15,28.0,27.0
47,美濃,2021-05-21,38,7,2.0,nan,19.0,6,38.0,30.0
29,沙鹿,2021-05-21,28,4,1.0,nan,18.0,7,28.0,22.0
46,臺南,2021-05-21,29,9,2.0,nan,18.0,20,26.0,29.0
45,安南,2021-05-21,35,6,3.0,nan,19.0,19,28.0,35.0
28,豐原,2021-05-21,45,4,2.0,nan,25.0,12,37.0,45.0
44,善化,2021-05-21,29,10,1.0,nan,15.0,13,29.0,26.0
43,新營,2021-05-21,35,9,2.0,nan,19.0,11,30.0,35.0
42,嘉義,2021-05-21,33,6,2.0,nan,20.0,9,28.0,33.0
27,三義,2021-05-21,33,9,2.0,nan,19.0,12,28.0,33.0
41,臺西,2021-05-21,26,4,1.0,nan,18.0,12,nan,26.0
40,朴子,2021-05-21,43,4,3.0,nan,43.0,16,21.0,40.0
39,新港,2021-05-21,31,4,2.0,nan,21.0,16,29.0,31.0
3,萬里,2021-05-21,48,9,3.0,nan,22.0,12,48.0,43.0
1,基隆,2021-05-21,50,7,3.0,nan,25.0,28,50.0,47.0
38,崙背,2021-05-21,27,4,2.0,nan,22.0,13,27.0,nan
2,汐止,2021-05-21,53,9,3.0,nan,27.0,21,47.0,53.0
4,新店,2021-05-21,44,4,5.0,nan,22.0,15,44.0,40.0
5,土城,2021-05-21,43,6,3.0,nan,25.0,24,40.0,43.0
26,苗栗,2021-05-21,34,6,3.0,nan,18.0,11,21.0,34.0
6,板橋,2021-05-21,36,6,5.0,nan,21.0,25,33.0,36.0
7,新莊,2021-05-21,44,6,5.0,nan,22.0,25,35.0,44.0
37,斗六,2021-05-21,32,7,2.0,nan,18.0,9,32.0,31.0
8,菜寮,2021-05-21,43,6,5.0,nan,24.0,25,33.0,43.0
36,南投,2021-05-21,35,4,2.0,nan,19.0,11,35.0,29.0
9,林口,2021-05-21,43,9,3.0,nan,23.0,23,29.0,43.0
10,淡水,2021-05-21,40,4,3.0,nan,19.0,18,25.0,40.0
25,頭份,2021-05-21,37,6,2.0,nan,21.0,11,nan,37.0
11,士林,2021-05-21,47,6,3.0,nan,29.0,15,32.0,47.0
35,二林,2021-05-21,37,3,2.0,nan,27.0,19,23.0,37.0
13,萬華,2021-05-21,47,4,5.0,nan,22.0,28,39.0,47.0
14,古亭,2021-05-21,42,6,3.0,nan,23.0,20,41.0,42.0
15,松山,2021-05-21,53,6,5.0,nan,26.0,24,40.0,53.0
16,大同,2021-05-21,46,7,16.0,nan,24.0,37,nan,46.0
17,桃園,2021-05-21,41,14,5.0,nan,24.0,24,31.0,41.0
34,線西,2021-05-21,40,3,2.0,nan,24.0,7,nan,40.0
18,大園,2021-05-21,44,6,3.0,nan,23.0,23,28.0,44.0
19,觀音,2021-05-21,35,7,2.0,nan,22.0,16,26.0,35.0
20,平鎮,2021-05-21,41,6,3.0,nan,23.0,14,27.0,41.0
21,龍潭,2021-05-21,33,4,2.0,nan,20.0,15,32.0,33.0
85,大城,2021-05-21,29,11,1.0,nan,28.0,10,29.0,29.0
84,富貴角,2021-05-21,36,3,2.0,nan,24.0,9,34.0,36.0
34,線西,2021-05-22,45,6.0,1.0,nan,25.0,7,nan,45.0
4,新店,2021-05-22,42,3.0,3.0,nan,22.0,15,39.0,42.0
33,彰化,2021-05-22,45,11.0,2.0,nan,20.0,10,31.0,45.0
84,富貴角,2021-05-22,50,1.0,2.0,nan,23.0,7,50.0,37.0
83,麥寮,2021-05-22,19,1.0,2.0,nan,19.0,6,nan,nan
80,關山,2021-05-22,32,3.0,nan,nan,15.0,4,32.0,26.0
78,馬公,2021-05-22,26,4.0,2.0,nan,19.0,5,26.0,nan
77,金門,2021-05-22,47,4.0,1.0,nan,24.0,10,31.0,47.0
75,馬祖,2021-05-22,90,4.0,2.0,nan,9.0,3,90.0,15.0
72,埔里,2021-05-22,42,3.0,2.0,nan,17.0,13,42.0,34.0
71,復興,2021-05-22,38,9.0,2.0,nan,16.0,17,nan,38.0
70,永和,2021-05-22,44,3.0,7.0,nan,23.0,21,nan,44.0
69,竹山,2021-05-22,20,nan,2.0,nan,nan,11,20.0,nan
68,中壢,2021-05-22,45,10.0,6.0,nan,21.0,12,nan,45.0
67,三重,2021-05-22,43,6.0,9.0,nan,19.0,22,nan,43.0
66,冬山,2021-05-22,38,4.0,3.0,nan,30.0,12,38.0,38.0
65,宜蘭,2021-05-22,48,9.0,2.0,nan,25.0,5,48.0,44.0
64,陽明,2021-05-22,37,1.0,2.0,nan,18.0,5,26.0,37.0
63,花蓮,2021-05-22,31,1.0,2.0,nan,18.0,4,31.0,30.0
62,臺東,2021-05-22,33,1.0,2.0,nan,22.0,4,33.0,32.0
61,恆春,2021-05-22,30,1.0,1.0,nan,13.0,2,30.0,26.0
59,屏東,2021-05-22,42,7.0,2.0,nan,25.0,10,42.0,38.0
58,小港,2021-05-22,44,6.0,2.0,nan,19.0,19,28.0,44.0
57,前鎮,2021-05-22,42,6.0,2.0,nan,18.0,16,nan,42.0
56,前金,2021-05-22,36,3.0,1.0,nan,16.0,6,31.0,36.0
54,左營,2021-05-22,31,4.0,1.0,nan,17.0,4,31.0,29.0
53,楠梓,2021-05-22,43,3.0,2.0,nan,21.0,14,29.0,43.0
52,林園,2021-05-22,40,3.0,2.0,nan,20.0,10,32.0,40.0
51,大寮,2021-05-22,48,7.0,2.0,nan,28.0,12,29.0,48.0
50,鳳山,2021-05-22,29,3.0,3.0,nan,16.0,11,nan,29.0
29,沙鹿,2021-05-22,39,4.0,2.0,nan,39.0,5,28.0,39.0
49,仁武,2021-05-22,36,6.0,2.0,nan,19.0,10,31.0,36.0
48,橋頭,2021-05-22,42,3.0,2.0,nan,20.0,10,29.0,42.0
47,美濃,2021-05-22,38,3.0,2.0,nan,19.0,4,38.0,38.0
46,臺南,2021-05-22,40,4.0,2.0,nan,17.0,10,28.0,40.0
28,豐原,2021-05-22,52,7.0,5.0,nan,26.0,15,36.0,52.0
45,安南,2021-05-22,43,4.0,2.0,nan,21.0,14,30.0,43.0
85,大城,2021-05-22,41,4.0,1.0,nan,38.0,5,30.0,41.0
27,三義,2021-05-22,43,6.0,2.0,nan,19.0,11,29.0,43.0
26,苗栗,2021-05-22,39,6.0,2.0,nan,20.0,9,20.0,39.0
25,頭份,2021-05-22,42,9.0,2.0,nan,25.0,8,nan,42.0
44,善化,2021-05-22,36,4.0,2.0,nan,17.0,11,28.0,36.0
24,新竹,2021-05-22,38,7.0,2.0,nan,27.0,9,37.0,38.0
23,竹東,2021-05-22,44,3.0,2.0,nan,20.0,8,33.0,44.0
43,新營,2021-05-22,43,4.0,2.0,nan,21.0,9,29.0,43.0
42,嘉義,2021-05-22,38,6.0,2.0,nan,20.0,9,29.0,38.0
22,湖口,2021-05-22,38,6.0,1.0,nan,25.0,11,38.0,35.0
41,臺西,2021-05-22,35,4.0,2.0,nan,20.0,7,nan,35.0
30,大里,2021-05-22,34,3.0,2.0,nan,21.0,10,29.0,34.0
21,龍潭,2021-05-22,48,3.0,3.0,nan,24.0,14,31.0,48.0
20,平鎮,2021-05-22,45,4.0,2.0,nan,27.0,11,31.0,45.0
40,朴子,2021-05-22,49,3.0,2.0,nan,36.0,13,21.0,49.0
19,觀音,2021-05-22,41,6.0,2.0,nan,25.0,7,41.0,35.0
39,新港,2021-05-22,36,4.0,2.0,nan,20.0,13,28.0,36.0
18,大園,2021-05-22,43,4.0,2.0,nan,22.0,12,40.0,43.0
17,桃園,2021-05-22,45,10.0,5.0,nan,23.0,24,32.0,45.0
38,崙背,2021-05-22,25,3.0,2.0,nan,24.0,12,25.0,nan
16,大同,2021-05-22,43,6.0,8.0,nan,22.0,18,nan,43.0
15,松山,2021-05-22,47,6.0,5.0,nan,23.0,14,33.0,47.0
14,古亭,2021-05-22,40,4.0,3.0,nan,22.0,15,34.0,40.0
1,基隆,2021-05-22,38,6.0,2.0,nan,22.0,11,35.0,38.0
13,萬華,2021-05-22,42,4.0,3.0,nan,22.0,12,31.0,42.0
12,中山,2021-05-22,47,4.0,5.0,nan,24.0,15,30.0,47.0
31,忠明,2021-05-22,38,4.0,2.0,nan,19.0,10,29.0,38.0
11,士林,2021-05-22,47,6.0,3.0,nan,23.0,12,32.0,47.0
2,汐止,2021-05-22,42,6.0,5.0,nan,25.0,16,34.0,42.0
5,土城,2021-05-22,46,6.0,3.0,nan,24.0,16,35.0,46.0
10,淡水,2021-05-22,39,4.0,2.0,nan,22.0,8,37.0,39.0
9,林口,2021-05-22,45,7.0,3.0,nan,21.0,16,35.0,45.0
3,萬里,2021-05-22,45,7.0,2.0,nan,20.0,6,45.0,34.0
8,菜寮,2021-05-22,40,4.0,3.0,nan,22.0,17,33.0,40.0
7,新莊,2021-05-22,40,9.0,3.0,nan,19.0,15,31.0,40.0
37,斗六,2021-05-22,38,7.0,2.0,nan,19.0,9,34.0,38.0
36,南投,2021-05-22,42,6.0,2.0,nan,20.0,9,36.0,42.0
35,二林,2021-05-22,47,3.0,2.0,nan,32.0,18,20.0,47.0
32,西屯,2021-05-22,46,10.0,2.0,nan,22.0,11,35.0,46.0
6,板橋,2021-05-22,41,4.0,3.0,nan,21.0,18,29.0,41.0
27,三義,2021-05-23,45,9.0,3.0,nan,22,12,32.0,45.0
85,大城,2021-05-23,45,4.0,1.0,nan,36,7,37.0,45.0
84,富貴角,2021-05-23,54,1.0,1.0,nan,24,4,54.0,35.0
83,麥寮,2021-05-23,21,1.0,2.0,nan,21,5,nan,nan
80,關山,2021-05-23,31,1.0,nan,nan,13,2,31.0,31.0
78,馬公,2021-05-23,27,3.0,1.0,nan,12,5,27.0,nan
77,金門,2021-05-23,46,4.0,2.0,nan,29,9,46.0,37.0
75,馬祖,2021-05-23,87,4.0,1.0,nan,20,5,87.0,40.0
72,埔里,2021-05-23,44,3.0,2.0,nan,17,14,44.0,35.0
71,復興,2021-05-23,31,6.0,2.0,nan,14,10,nan,31.0
70,永和,2021-05-23,54,4.0,6.0,nan,24,14,nan,54.0
69,竹山,2021-05-23,37,nan,2.0,nan,22,10,37.0,nan
68,中壢,2021-05-23,51,3.0,7.0,nan,19,18,nan,51.0
67,三重,2021-05-23,47,7.0,7.0,nan,20,24,nan,47.0
66,冬山,2021-05-23,31,7.0,2.0,nan,22,7,31.0,30.0
65,宜蘭,2021-05-23,36,14.0,2.0,nan,22,4,36.0,33.0
64,陽明,2021-05-23,44,3.0,3.0,nan,19,5,44.0,41.0
63,花蓮,2021-05-23,36,4.0,2.0,nan,19,9,36.0,34.0
62,臺東,2021-05-23,32,3.0,2.0,nan,15,4,31.0,32.0
61,恆春,2021-05-23,31,3.0,1.0,nan,7,2,31.0,17.0
59,屏東,2021-05-23,44,6.0,3.0,nan,25,11,44.0,39.0
58,小港,2021-05-23,40,9.0,2.0,nan,19,15,29.0,40.0
57,前鎮,2021-05-23,39,3.0,2.0,nan,14,10,nan,39.0
56,前金,2021-05-23,34,3.0,1.0,nan,12,7,34.0,29.0
54,左營,2021-05-23,34,4.0,1.0,nan,15,7,34.0,25.0
53,楠梓,2021-05-23,46,3.0,2.0,nan,23,9,34.0,46.0
52,林園,2021-05-23,35,3.0,2.0,nan,16,9,35.0,30.0
51,大寮,2021-05-23,48,14.0,3.0,nan,27,13,30.0,48.0
50,鳳山,2021-05-23,35,4.0,3.0,nan,19,11,nan,35.0
49,仁武,2021-05-23,36,4.0,2.0,nan,17,8,36.0,33.0
48,橋頭,2021-05-23,38,1.0,1.0,nan,16,8,36.0,38.0
47,美濃,2021-05-23,42,4.0,2.0,nan,19,4,42.0,38.0
46,臺南,2021-05-23,36,4.0,2.0,nan,17,8,34.0,36.0
45,安南,2021-05-23,43,4.0,2.0,nan,20,10,38.0,43.0
44,善化,2021-05-23,43,13.0,2.0,nan,18,13,35.0,43.0
43,新營,2021-05-23,45,6.0,2.0,nan,21,11,34.0,45.0
42,嘉義,2021-05-23,40,4.0,2.0,nan,22,9,31.0,40.0
41,臺西,2021-05-23,43,4.0,1.0,nan,26,9,nan,43.0
40,朴子,2021-05-23,42,3.0,2.0,nan,30,8,26.0,42.0
39,新港,2021-05-23,40,7.0,2.0,nan,23,13,32.0,40.0
38,崙背,2021-05-23,31,3.0,2.0,nan,27,8,31.0,nan
37,斗六,2021-05-23,44,6.0,2.0,nan,20,8,37.0,44.0
36,南投,2021-05-23,48,6.0,2.0,nan,22,12,40.0,48.0
35,二林,2021-05-23,48,4.0,2.0,nan,29,12,26.0,48.0
34,線西,2021-05-23,42,3.0,2.0,nan,24,5,nan,42.0
32,西屯,2021-05-23,52,10.0,3.0,nan,23,11,38.0,52.0
31,忠明,2021-05-23,45,6.0,2.0,nan,21,10,31.0,45.0
30,大里,2021-05-23,41,3.0,3.0,nan,22,12,31.0,41.0
29,沙鹿,2021-05-23,35,19.0,7.0,nan,22,13,33.0,35.0
28,豐原,2021-05-23,52,10.0,2.0,nan,24,11,39.0,52.0
26,苗栗,2021-05-23,40,6.0,2.0,nan,21,11,26.0,40.0
25,頭份,2021-05-23,44,13.0,2.0,nan,24,10,nan,44.0
24,新竹,2021-05-23,38,9.0,3.0,nan,22,10,38.0,32.0
23,竹東,2021-05-23,46,3.0,2.0,nan,20,7,44.0,46.0
22,湖口,2021-05-23,40,6.0,2.0,nan,22,15,39.0,40.0
21,龍潭,2021-05-23,47,4.0,3.0,nan,23,9,44.0,47.0
20,平鎮,2021-05-23,43,7.0,2.0,nan,22,16,38.0,43.0
19,觀音,2021-05-23,37,7.0,2.0,nan,20,9,37.0,34.0
18,大園,2021-05-23,51,7.0,2.0,nan,22,12,40.0,51.0
17,桃園,2021-05-23,44,10.0,3.0,nan,22,14,43.0,44.0
16,大同,2021-05-23,55,6.0,8.0,nan,27,19,nan,55.0
15,松山,2021-05-23,77,9.0,3.0,nan,28,17,77.0,56.0
14,古亭,2021-05-23,61,4.0,3.0,nan,24,10,61.0,52.0
13,萬華,2021-05-23,58,7.0,3.0,nan,24,19,58.0,48.0
12,中山,2021-05-23,54,9.0,3.0,nan,26,23,54.0,53.0
11,士林,2021-05-23,50,6.0,2.0,nan,24,12,50.0,49.0
10,淡水,2021-05-23,45,7.0,2.0,nan,19,10,45.0,40.0
9,林口,2021-05-23,47,4.0,2.0,nan,22,13,44.0,47.0
8,菜寮,2021-05-23,49,6.0,3.0,nan,24,16,49.0,44.0
7,新莊,2021-05-23,50,9.0,3.0,nan,20,15,46.0,50.0
6,板橋,2021-05-23,45,16.0,3.0,nan,23,13,42.0,45.0
5,土城,2021-05-23,50,4.0,3.0,nan,24,17,50.0,47.0
4,新店,2021-05-23,71,4.0,3.0,nan,23,11,71.0,51.0
3,萬里,2021-05-23,51,6.0,2.0,nan,22,11,51.0,35.0
2,汐止,2021-05-23,64,11.0,3.0,nan,27,12,64.0,51.0
1,基隆,2021-05-23,40,6.0,2.0,nan,22,12,40.0,39.0
33,彰化,2021-05-23,48,21.0,3.0,nan,21,10,37.0,48.0
56,前金,2021-05-24,31,3.0,2.0,nan,12.0,11,31.0,25.0
77,金門,2021-05-24,36,6.0,2.0,nan,13.0,10,36.0,21.0
32,西屯,2021-05-24,43,16.0,2.0,nan,20.0,13,39.0,43.0
20,平鎮,2021-05-24,41,4.0,5.0,nan,20.0,13,40.0,41.0
21,龍潭,2021-05-24,43,4.0,3.0,nan,18.0,14,43.0,39.0
54,左營,2021-05-24,31,6.0,2.0,nan,14.0,12,31.0,17.0
22,湖口,2021-05-24,44,7.0,3.0,nan,20.0,18,44.0,33.0
23,竹東,2021-05-24,36,3.0,2.0,nan,13.0,7,36.0,27.0
31,忠明,2021-05-24,33,9.0,3.0,nan,18.0,13,31.0,33.0
24,新竹,2021-05-24,39,7.0,3.0,nan,27.0,12,39.0,34.0
53,楠梓,2021-05-24,37,6.0,3.0,nan,20.0,14,28.0,37.0
25,頭份,2021-05-24,40,10.0,3.0,nan,19.0,12,nan,40.0
26,苗栗,2021-05-24,33,6.0,3.0,nan,19.0,13,24.0,33.0
30,大里,2021-05-24,33,4.0,2.0,nan,21.0,10,33.0,32.0
27,三義,2021-05-24,36,4.0,2.0,nan,17.0,8,30.0,36.0
28,豐原,2021-05-24,42,9.0,3.0,nan,22.0,12,42.0,nan
29,沙鹿,2021-05-24,31,7.0,2.0,nan,15.0,5,31.0,24.0
52,林園,2021-05-24,29,3.0,2.0,nan,13.0,8,29.0,20.0
3,萬里,2021-05-24,90,6.0,2.0,nan,24.0,7,90.0,37.0
71,復興,2021-05-24,27,4.0,3.0,nan,12.0,13,nan,27.0
51,大寮,2021-05-24,31,13.0,2.0,nan,21.0,10,28.0,31.0
66,冬山,2021-05-24,41,7.0,3.0,nan,22.0,13,41.0,32.0
83,麥寮,2021-05-24,16,1.0,2.0,nan,16.0,6,nan,nan
4,新店,2021-05-24,44,6.0,5.0,nan,18.0,14,44.0,34.0
80,關山,2021-05-24,25,3.0,nan,nan,10.0,3,25.0,18.0
50,鳳山,2021-05-24,20,11.0,5.0,nan,14.0,12,nan,20.0
65,宜蘭,2021-05-24,47,3.0,2.0,nan,19.0,8,47.0,34.0
36,南投,2021-05-24,42,6.0,2.0,nan,19.0,8,42.0,35.0
49,仁武,2021-05-24,31,10.0,3.0,nan,18.0,15,31.0,29.0
5,土城,2021-05-24,46,4.0,3.0,nan,19.0,16,46.0,36.0
64,陽明,2021-05-24,35,3.0,2.0,nan,13.0,6,35.0,32.0
48,橋頭,2021-05-24,31,4.0,2.0,nan,18.0,10,31.0,31.0
70,永和,2021-05-24,42,6.0,8.0,nan,22.0,26,nan,42.0
6,板橋,2021-05-24,38,6.0,5.0,nan,19.0,21,38.0,35.0
47,美濃,2021-05-24,44,3.0,2.0,nan,17.0,6,44.0,29.0
63,花蓮,2021-05-24,36,7.0,2.0,nan,11.0,5,36.0,22.0
7,新莊,2021-05-24,42,10.0,5.0,nan,18.0,20,40.0,42.0
46,臺南,2021-05-24,29,9.0,2.0,nan,15.0,13,29.0,29.0
72,埔里,2021-05-24,47,3.0,1.0,nan,13.0,13,47.0,26.0
8,菜寮,2021-05-24,44,7.0,5.0,nan,20.0,16,44.0,40.0
45,安南,2021-05-24,37,4.0,2.0,nan,18.0,11,32.0,37.0
35,二林,2021-05-24,34,3.0,2.0,nan,24.0,15,26.0,34.0
44,善化,2021-05-24,33,6.0,2.0,nan,14.0,9,33.0,26.0
9,林口,2021-05-24,44,9.0,3.0,nan,22.0,17,44.0,43.0
43,新營,2021-05-24,34,6.0,2.0,nan,17.0,7,34.0,30.0
10,淡水,2021-05-24,44,6.0,3.0,nan,18.0,16,44.0,38.0
62,臺東,2021-05-24,22,3.0,3.0,nan,12.0,3,22.0,19.0
34,線西,2021-05-24,33,3.0,2.0,nan,19.0,7,nan,33.0
61,恆春,2021-05-24,27,3.0,1.0,nan,8.0,2,27.0,13.0
42,嘉義,2021-05-24,35,4.0,2.0,nan,19.0,8,31.0,35.0
75,馬祖,2021-05-24,54,6.0,2.0,nan,31.0,6,54.0,52.0
11,士林,2021-05-24,41,7.0,3.0,nan,25.0,14,41.0,39.0
12,中山,2021-05-24,42,4.0,6.0,nan,22.0,21,39.0,42.0
41,臺西,2021-05-24,27,3.0,1.0,nan,19.0,7,nan,27.0
69,竹山,2021-05-24,37,nan,2.0,nan,20.0,8,37.0,nan
84,富貴角,2021-05-24,80,3.0,2.0,nan,22.0,12,80.0,39.0
59,屏東,2021-05-24,41,11.0,3.0,nan,21.0,12,41.0,27.0
2,汐止,2021-05-24,45,10.0,3.0,nan,21.0,17,45.0,45.0
13,萬華,2021-05-24,42,4.0,5.0,nan,19.0,18,42.0,37.0
68,中壢,2021-05-24,47,4.0,7.0,nan,19.0,23,nan,47.0
40,朴子,2021-05-24,37,1.0,3.0,nan,37.0,10,24.0,35.0
14,古亭,2021-05-24,41,4.0,3.0,nan,19.0,15,41.0,38.0
15,松山,2021-05-24,46,11.0,5.0,nan,19.0,19,41.0,46.0
78,馬公,2021-05-24,31,4.0,2.0,nan,12.0,5,31.0,nan
58,小港,2021-05-24,29,11.0,2.0,nan,16.0,15,24.0,29.0
33,彰化,2021-05-24,38,9.0,2.0,nan,17.0,8,34.0,38.0
39,新港,2021-05-24,32,4.0,2.0,nan,19.0,11,32.0,32.0
16,大同,2021-05-24,43,7.0,15.0,nan,nan,30,nan,43.0
17,桃園,2021-05-24,42,19.0,5.0,nan,20.0,16,35.0,42.0
85,大城,2021-05-24,35,9.0,1.0,nan,29.0,8,35.0,31.0
57,前鎮,2021-05-24,29,4.0,3.0,nan,14.0,12,nan,29.0
38,崙背,2021-05-24,31,3.0,2.0,nan,19.0,8,31.0,nan
67,三重,2021-05-24,42,7.0,10.0,nan,19.0,35,nan,42.0
18,大園,2021-05-24,45,7.0,3.0,nan,22.0,11,45.0,43.0
19,觀音,2021-05-24,44,10.0,3.0,nan,22.0,10,44.0,34.0
1,基隆,2021-05-24,46,7.0,3.0,nan,21.0,12,46.0,37.0
37,斗六,2021-05-24,39,3.0,2.0,nan,16.0,14,39.0,36.0
65,宜蘭,2021-05-25,44,13.0,3.0,nan,12,5,44.0,16.0
4,新店,2021-05-25,46,9.0,3.0,nan,11,12,46.0,18.0
5,土城,2021-05-25,47,6.0,3.0,nan,15,13,47.0,24.0
1,基隆,2021-05-25,43,3.0,2.0,nan,14,6,43.0,15.0
6,板橋,2021-05-25,40,4.0,3.0,nan,16,20,40.0,23.0
7,新莊,2021-05-25,51,6.0,3.0,nan,12,14,51.0,29.0
8,菜寮,2021-05-25,46,4.0,3.0,nan,13,13,46.0,25.0
9,林口,2021-05-25,45,7.0,3.0,nan,18,20,45.0,33.0
10,淡水,2021-05-25,45,4.0,2.0,nan,9,12,45.0,25.0
11,士林,2021-05-25,46,7.0,2.0,nan,11,11,46.0,23.0
2,汐止,2021-05-25,44,9.0,2.0,nan,16,16,44.0,24.0
12,中山,2021-05-25,40,4.0,5.0,nan,14,19,40.0,27.0
13,萬華,2021-05-25,45,6.0,3.0,nan,14,15,45.0,24.0
14,古亭,2021-05-25,40,4.0,3.0,nan,14,14,40.0,25.0
15,松山,2021-05-25,41,6.0,2.0,nan,17,14,41.0,27.0
16,大同,2021-05-25,30,6.0,7.0,nan,14,25,nan,30.0
17,桃園,2021-05-25,64,13.0,3.0,nan,18,15,64.0,32.0
18,大園,2021-05-25,47,6.0,3.0,nan,17,20,47.0,32.0
3,萬里,2021-05-25,64,6.0,2.0,nan,15,6,64.0,16.0
19,觀音,2021-05-25,47,11.0,3.0,nan,19,19,47.0,29.0
20,平鎮,2021-05-25,61,6.0,5.0,nan,20,15,61.0,36.0
21,龍潭,2021-05-25,77,3.0,3.0,nan,18,14,77.0,33.0
22,湖口,2021-05-25,67,4.0,3.0,nan,20,12,67.0,34.0
23,竹東,2021-05-25,80,1.0,3.0,nan,17,12,80.0,31.0
24,新竹,2021-05-25,87,3.0,3.0,nan,20,16,87.0,32.0
25,頭份,2021-05-25,41,6.0,3.0,nan,25,23,nan,41.0
26,苗栗,2021-05-25,42,9.0,3.0,nan,21,14,42.0,36.0
27,三義,2021-05-25,49,4.0,3.0,nan,20,13,49.0,43.0
28,豐原,2021-05-25,54,7.0,2.0,nan,21,12,54.0,37.0
29,沙鹿,2021-05-25,54,4.0,3.0,nan,24,11,54.0,29.0
30,大里,2021-05-25,45,4.0,3.0,nan,19,14,45.0,29.0
31,忠明,2021-05-25,41,3.0,3.0,nan,21,16,41.0,38.0
32,西屯,2021-05-25,51,7.0,3.0,nan,26,18,51.0,45.0
33,彰化,2021-05-25,46,16.0,6.0,nan,28,14,46.0,45.0
34,線西,2021-05-25,37,9.0,3.0,nan,32,12,nan,37.0
35,二林,2021-05-25,42,7.0,3.0,nan,33,14,40.0,42.0
36,南投,2021-05-25,61,9.0,3.0,nan,22,16,61.0,41.0
37,斗六,2021-05-25,54,10.0,5.0,nan,23,15,54.0,39.0
38,崙背,2021-05-25,48,7.0,3.0,nan,34,10,44.0,48.0
39,新港,2021-05-25,46,4.0,3.0,nan,26,19,46.0,40.0
40,朴子,2021-05-25,44,3.0,3.0,nan,27,8,44.0,41.0
41,臺西,2021-05-25,39,11.0,3.0,nan,29,15,nan,39.0
42,嘉義,2021-05-25,39,6.0,3.0,nan,23,13,39.0,39.0
43,新營,2021-05-25,44,6.0,2.0,nan,23,13,44.0,39.0
44,善化,2021-05-25,39,9.0,2.0,nan,16,11,39.0,31.0
45,安南,2021-05-25,43,6.0,2.0,nan,23,17,43.0,36.0
46,臺南,2021-05-25,44,7.0,2.0,nan,19,15,44.0,36.0
47,美濃,2021-05-25,58,6.0,2.0,nan,16,5,58.0,24.0
48,橋頭,2021-05-25,67,6.0,2.0,nan,21,13,67.0,39.0
49,仁武,2021-05-25,71,6.0,3.0,nan,23,15,71.0,41.0
50,鳳山,2021-05-25,31,23.0,5.0,nan,20,14,nan,31.0
51,大寮,2021-05-25,52,16.0,3.0,nan,30,14,41.0,52.0
52,林園,2021-05-25,58,9.0,2.0,nan,24,13,58.0,44.0
53,楠梓,2021-05-25,67,7.0,2.0,nan,25,16,67.0,42.0
54,左營,2021-05-25,90,11.0,2.0,nan,21,13,90.0,33.0
56,前金,2021-05-25,71,6.0,2.0,nan,21,15,71.0,33.0
57,前鎮,2021-05-25,46,10.0,5.0,nan,23,17,nan,46.0
58,小港,2021-05-25,50,10.0,3.0,nan,26,20,50.0,49.0
59,屏東,2021-05-25,71,9.0,3.0,nan,24,11,71.0,31.0
61,恆春,2021-05-25,37,3.0,1.0,nan,11,6,37.0,15.0
62,臺東,2021-05-25,40,3.0,3.0,nan,11,4,40.0,16.0
63,花蓮,2021-05-25,44,4.0,3.0,nan,11,13,44.0,20.0
64,陽明,2021-05-25,38,4.0,2.0,nan,7,1,38.0,16.0
66,冬山,2021-05-25,34,4.0,3.0,nan,16,12,34.0,19.0
67,三重,2021-05-25,30,6.0,9.0,nan,12,30,nan,26.0
68,中壢,2021-05-25,40,3.0,9.0,nan,17,29,nan,40.0
69,竹山,2021-05-25,49,nan,5.0,nan,25,10,49.0,nan
70,永和,2021-05-25,29,6.0,7.0,nan,17,16,nan,29.0
71,復興,2021-05-25,40,9.0,5.0,nan,20,14,nan,40.0
72,埔里,2021-05-25,97,3.0,2.0,nan,18,13,97.0,29.0
75,馬祖,2021-05-25,108,7.0,5.0,nan,21,8,108.0,48.0
77,金門,2021-05-25,140,7.0,5.0,nan,23,7,140.0,44.0
78,馬公,2021-05-25,61,3.0,2.0,nan,21,3,61.0,nan
80,關山,2021-05-25,29,1.0,nan,nan,8,9,29.0,13.0
83,麥寮,2021-05-25,38,3.0,3.0,nan,27,8,nan,38.0
84,富貴角,2021-05-25,54,1.0,1.0,nan,16,3,54.0,17.0
85,大城,2021-05-25,67,10.0,3.0,nan,35,12,67.0,31.0
35,二林,2021-05-26,43,4.0,2.0,nan,30,11,33.0,43.0
34,線西,2021-05-26,44,3.0,2.0,nan,27,3,nan,44.0
33,彰化,2021-05-26,50,17.0,3.0,nan,26,15,44.0,50.0
32,西屯,2021-05-26,53,13.0,3.0,nan,27,17,45.0,53.0
31,忠明,2021-05-26,44,6.0,3.0,nan,24,14,39.0,44.0
30,大里,2021-05-26,41,9.0,3.0,nan,27,14,41.0,38.0
29,沙鹿,2021-05-26,44,7.0,5.0,nan,33,12,44.0,44.0
28,豐原,2021-05-26,49,11.0,20.0,nan,28,10,49.0,49.0
27,三義,2021-05-26,39,7.0,3.0,nan,23,12,36.0,39.0
26,苗栗,2021-05-26,35,7.0,3.0,nan,21,13,31.0,35.0
25,頭份,2021-05-26,42,16.0,3.0,nan,23,23,nan,42.0
24,新竹,2021-05-26,58,9.0,3.0,nan,19,17,58.0,30.0
23,竹東,2021-05-26,54,4.0,3.0,nan,19,8,54.0,34.0
22,湖口,2021-05-26,51,9.0,2.0,nan,20,18,51.0,34.0
21,龍潭,2021-05-26,50,4.0,3.0,nan,22,14,50.0,44.0
20,平鎮,2021-05-26,42,7.0,3.0,nan,21,21,42.0,39.0
19,觀音,2021-05-26,44,7.0,3.0,nan,19,17,44.0,31.0
18,大園,2021-05-26,48,7.0,3.0,nan,19,16,48.0,38.0
17,桃園,2021-05-26,48,10.0,5.0,nan,20,19,48.0,38.0
16,大同,2021-05-26,44,9.0,16.0,nan,21,36,nan,44.0
15,松山,2021-05-26,61,6.0,6.0,nan,22,32,61.0,44.0
14,古亭,2021-05-26,77,4.0,5.0,nan,21,17,77.0,38.0
13,萬華,2021-05-26,74,10.0,6.0,nan,20,16,74.0,41.0
12,中山,2021-05-26,49,10.0,8.0,nan,22,27,49.0,44.0
11,士林,2021-05-26,64,7.0,3.0,nan,21,17,64.0,36.0
10,淡水,2021-05-26,47,3.0,2.0,nan,11,13,47.0,26.0
9,林口,2021-05-26,49,10.0,3.0,nan,19,20,49.0,38.0
8,菜寮,2021-05-26,61,7.0,5.0,nan,20,21,61.0,36.0
7,新莊,2021-05-26,67,20.0,5.0,nan,18,17,67.0,42.0
6,板橋,2021-05-26,49,7.0,5.0,nan,22,17,49.0,33.0
5,土城,2021-05-26,77,4.0,3.0,nan,23,17,77.0,42.0
4,新店,2021-05-26,101,6.0,3.0,nan,21,13,101.0,34.0
3,萬里,2021-05-26,100,10.0,2.0,nan,19,13,100.0,36.0
2,汐止,2021-05-26,58,19.0,6.0,nan,28,33,58.0,49.0
1,基隆,2021-05-26,49,10.0,3.0,nan,21,23,49.0,37.0
85,大城,2021-05-26,50,4.0,1.0,nan,29,7,50.0,25.0
84,富貴角,2021-05-26,61,3.0,2.0,nan,14,11,61.0,24.0
83,麥寮,2021-05-26,33,1.0,2.0,nan,20,5,nan,33.0
80,關山,2021-05-26,27,3.0,nan,nan,9,3,27.0,15.0
78,馬公,2021-05-26,42,3.0,2.0,nan,13,4,42.0,nan
77,金門,2021-05-26,87,7.0,3.0,nan,19,6,87.0,34.0
75,馬祖,2021-05-26,122,7.0,3.0,nan,23,16,122.0,55.0
72,埔里,2021-05-26,51,3.0,2.0,nan,19,17,51.0,34.0
71,復興,2021-05-26,34,13.0,5.0,nan,16,16,nan,34.0
70,永和,2021-05-26,43,7.0,9.0,nan,21,21,nan,43.0
69,竹山,2021-05-26,44,nan,2.0,nan,22,10,44.0,nan
68,中壢,2021-05-26,44,6.0,9.0,nan,20,23,nan,44.0
67,三重,2021-05-26,42,13.0,14.0,nan,19,42,nan,40.0
66,冬山,2021-05-26,36,4.0,3.0,nan,19,13,36.0,25.0
65,宜蘭,2021-05-26,38,13.0,2.0,nan,15,6,38.0,20.0
64,陽明,2021-05-26,46,4.0,2.0,nan,15,8,46.0,30.0
63,花蓮,2021-05-26,28,10.0,2.0,nan,13,10,28.0,20.0
62,臺東,2021-05-26,26,3.0,3.0,nan,11,6,26.0,16.0
61,恆春,2021-05-26,24,3.0,1.0,nan,6,2,24.0,11.0
59,屏東,2021-05-26,36,7.0,2.0,nan,22,10,36.0,27.0
58,小港,2021-05-26,32,10.0,3.0,nan,19,19,18.0,32.0
57,前鎮,2021-05-26,31,16.0,3.0,nan,17,15,nan,31.0
56,前金,2021-05-26,25,7.0,3.0,nan,15,20,25.0,24.0
54,左營,2021-05-26,28,7.0,3.0,nan,17,12,28.0,26.0
53,楠梓,2021-05-26,32,7.0,2.0,nan,19,19,29.0,32.0
52,林園,2021-05-26,27,3.0,2.0,nan,16,9,27.0,18.0
51,大寮,2021-05-26,37,7.0,2.0,nan,23,11,27.0,37.0
50,鳳山,2021-05-26,26,7.0,3.0,nan,17,19,nan,26.0
49,仁武,2021-05-26,31,6.0,2.0,nan,18,12,31.0,27.0
48,橋頭,2021-05-26,31,9.0,2.0,nan,14,11,31.0,25.0
47,美濃,2021-05-26,44,4.0,2.0,nan,20,8,44.0,31.0
46,臺南,2021-05-26,42,7.0,2.0,nan,17,17,42.0,33.0
45,安南,2021-05-26,46,6.0,3.0,nan,19,12,46.0,37.0
44,善化,2021-05-26,45,7.0,2.0,nan,13,12,45.0,30.0
43,新營,2021-05-26,44,7.0,2.0,nan,25,14,44.0,36.0
42,嘉義,2021-05-26,41,7.0,3.0,nan,26,12,41.0,41.0
41,臺西,2021-05-26,31,6.0,1.0,nan,25,8,nan,31.0
40,朴子,2021-05-26,35,3.0,2.0,nan,24,7,34.0,35.0
39,新港,2021-05-26,40,4.0,2.0,nan,25,10,40.0,34.0
38,崙背,2021-05-26,42,6.0,2.0,nan,26,9,37.0,42.0
37,斗六,2021-05-26,46,10.0,5.0,nan,26,17,46.0,45.0
36,南投,2021-05-26,49,7.0,5.0,nan,26,18,49.0,43.0
75,馬祖,2021-05-27,48,6,3.0,nan,21,8,48.0,42
77,金門,2021-05-27,37,6,1.0,nan,19,8,37.0,23
78,馬公,2021-05-27,24,3,2.0,nan,8,4,24.0,14
80,關山,2021-05-27,29,3,nan,nan,14,7,29.0,16
83,麥寮,2021-05-27,28,1,2.0,nan,16,5,nan,28
84,富貴角,2021-05-27,34,1,1.0,nan,20,8,34.0,27
85,大城,2021-05-27,29,4,1.0,nan,26,8,29.0,19
7,新莊,2021-05-27,41,10,3.0,nan,16,20,41.0,31
8,菜寮,2021-05-27,41,7,3.0,nan,21,14,41.0,31
1,基隆,2021-05-27,44,4,2.0,nan,19,16,44.0,30
9,林口,2021-05-27,36,7,2.0,nan,19,20,36.0,30
10,淡水,2021-05-27,35,4,2.0,nan,19,12,30.0,35
11,士林,2021-05-27,44,9,3.0,nan,23,18,44.0,38
12,中山,2021-05-27,37,6,7.0,nan,20,20,37.0,37
13,萬華,2021-05-27,43,6,3.0,nan,19,13,43.0,32
14,古亭,2021-05-27,44,6,3.0,nan,20,11,44.0,31
15,松山,2021-05-27,42,6,3.0,nan,19,17,42.0,39
16,大同,2021-05-27,42,6,16.0,nan,23,42,nan,38
17,桃園,2021-05-27,36,6,3.0,nan,18,12,36.0,28
18,大園,2021-05-27,33,7,1.0,nan,19,9,33.0,32
19,觀音,2021-05-27,31,6,2.0,nan,20,18,23.0,31
20,平鎮,2021-05-27,33,6,2.0,nan,21,11,33.0,27
21,龍潭,2021-05-27,39,4,2.0,nan,17,11,39.0,28
22,湖口,2021-05-27,28,6,2.0,nan,18,10,28.0,24
23,竹東,2021-05-27,40,4,2.0,nan,18,7,40.0,24
24,新竹,2021-05-27,31,6,2.0,nan,18,13,31.0,21
2,汐止,2021-05-27,39,4,3.0,nan,23,18,39.0,39
25,頭份,2021-05-27,26,9,2.0,nan,18,10,nan,26
26,苗栗,2021-05-27,25,6,2.0,nan,14,11,25.0,22
3,萬里,2021-05-27,48,4,2.0,nan,19,8,48.0,30
27,三義,2021-05-27,31,7,3.0,nan,16,8,22.0,31
28,豐原,2021-05-27,38,4,3.0,nan,21,10,38.0,34
29,沙鹿,2021-05-27,28,3,2.0,nan,15,6,28.0,17
30,大里,2021-05-27,29,4,2.0,nan,18,9,29.0,23
31,忠明,2021-05-27,30,4,2.0,nan,18,8,28.0,30
32,西屯,2021-05-27,35,9,2.0,nan,18,10,35.0,32
33,彰化,2021-05-27,32,20,2.0,nan,16,10,31.0,32
34,線西,2021-05-27,29,3,2.0,nan,20,6,nan,29
4,新店,2021-05-27,46,6,3.0,nan,20,12,46.0,32
35,二林,2021-05-27,30,3,2.0,nan,24,12,22.0,30
36,南投,2021-05-27,36,6,2.0,nan,17,9,36.0,27
37,斗六,2021-05-27,33,3,2.0,nan,16,8,33.0,26
38,崙背,2021-05-27,31,7,2.0,nan,19,11,25.0,31
39,新港,2021-05-27,26,6,2.0,nan,18,14,26.0,21
40,朴子,2021-05-27,26,3,2.0,nan,19,11,20.0,26
41,臺西,2021-05-27,24,4,1.0,nan,15,9,nan,24
42,嘉義,2021-05-27,27,3,2.0,nan,19,13,27.0,23
43,新營,2021-05-27,27,6,2.0,nan,16,8,27.0,27
44,善化,2021-05-27,28,4,2.0,nan,13,12,28.0,21
45,安南,2021-05-27,28,4,2.0,nan,15,11,28.0,26
46,臺南,2021-05-27,25,6,1.0,nan,10,11,25.0,24
47,美濃,2021-05-27,35,6,2.0,nan,14,7,35.0,23
48,橋頭,2021-05-27,25,6,2.0,nan,13,8,25.0,20
49,仁武,2021-05-27,27,4,2.0,nan,15,11,27.0,21
50,鳳山,2021-05-27,13,4,5.0,nan,12,9,nan,13
51,大寮,2021-05-27,31,7,2.0,nan,21,10,29.0,31
5,土城,2021-05-27,43,6,3.0,nan,21,19,43.0,29
52,林園,2021-05-27,29,6,2.0,nan,14,12,29.0,25
53,楠梓,2021-05-27,29,4,2.0,nan,17,14,26.0,29
54,左營,2021-05-27,26,3,1.0,nan,12,7,26.0,17
56,前金,2021-05-27,27,3,1.0,nan,10,5,27.0,14
57,前鎮,2021-05-27,26,3,2.0,nan,11,9,nan,26
58,小港,2021-05-27,29,6,2.0,nan,15,11,24.0,29
59,屏東,2021-05-27,38,4,2.0,nan,24,13,38.0,21
6,板橋,2021-05-27,37,9,3.0,nan,20,19,37.0,27
61,恆春,2021-05-27,28,1,1.0,nan,7,3,28.0,12
62,臺東,2021-05-27,26,3,2.0,nan,16,9,26.0,23
63,花蓮,2021-05-27,31,3,2.0,nan,18,9,31.0,25
64,陽明,2021-05-27,37,4,1.0,nan,12,5,37.0,15
65,宜蘭,2021-05-27,32,9,3.0,nan,23,6,32.0,32
66,冬山,2021-05-27,31,4,6.0,nan,27,15,27.0,31
67,三重,2021-05-27,38,7,11.0,nan,19,38,nan,34
68,中壢,2021-05-27,35,4,8.0,nan,19,17,nan,35
69,竹山,2021-05-27,37,14,2.0,nan,19,10,37.0,25
70,永和,2021-05-27,38,6,8.0,nan,21,22,nan,38
71,復興,2021-05-27,24,6,2.0,nan,10,7,nan,24
72,埔里,2021-05-27,41,3,2.0,nan,16,12,41.0,28
45,安南,2021-05-28,26,4,2.0,nan,16,10,26.0,21.0
4,新店,2021-05-28,50,6,3.0,nan,24,11,50.0,27.0
5,土城,2021-05-28,47,6,3.0,nan,27,17,47.0,34.0
6,板橋,2021-05-28,40,10,3.0,nan,22,13,40.0,28.0
7,新莊,2021-05-28,45,17,3.0,nan,20,13,45.0,34.0
8,菜寮,2021-05-28,43,9,3.0,nan,25,9,43.0,31.0
9,林口,2021-05-28,41,7,2.0,nan,22,15,41.0,33.0
10,淡水,2021-05-28,36,6,2.0,nan,22,11,36.0,32.0
11,士林,2021-05-28,45,7,2.0,nan,31,11,45.0,37.0
12,中山,2021-05-28,36,6,6.0,nan,24,24,36.0,36.0
13,萬華,2021-05-28,45,7,3.0,nan,22,11,45.0,34.0
14,古亭,2021-05-28,46,4,3.0,nan,22,10,46.0,33.0
15,松山,2021-05-28,43,6,3.0,nan,23,18,43.0,36.0
16,大同,2021-05-28,37,7,14.0,nan,26,28,nan,37.0
17,桃園,2021-05-28,42,7,2.0,nan,22,13,42.0,32.0
18,大園,2021-05-28,40,7,2.0,nan,24,15,35.0,40.0
19,觀音,2021-05-28,35,6,2.0,nan,21,8,33.0,35.0
20,平鎮,2021-05-28,35,7,2.0,nan,25,15,35.0,31.0
21,龍潭,2021-05-28,42,6,2.0,nan,23,11,42.0,30.0
22,湖口,2021-05-28,31,6,1.0,nan,21,8,31.0,25.0
23,竹東,2021-05-28,41,4,2.0,nan,19,10,41.0,23.0
24,新竹,2021-05-28,31,6,2.0,nan,20,11,31.0,18.0
25,頭份,2021-05-28,23,10,2.0,nan,23,11,nan,21.0
26,苗栗,2021-05-28,25,7,3.0,nan,20,13,25.0,25.0
27,三義,2021-05-28,31,4,2.0,nan,19,9,31.0,26.0
28,豐原,2021-05-28,33,4,1.0,nan,25,11,33.0,25.0
29,沙鹿,2021-05-28,30,3,2.0,nan,18,5,30.0,11.0
30,大里,2021-05-28,25,4,2.0,nan,19,8,25.0,19.0
31,忠明,2021-05-28,25,3,1.0,nan,19,8,25.0,25.0
32,西屯,2021-05-28,33,7,1.0,nan,19,11,33.0,28.0
33,彰化,2021-05-28,29,17,1.0,nan,19,9,29.0,25.0
34,線西,2021-05-28,24,3,1.0,nan,20,10,nan,24.0
35,二林,2021-05-28,26,3,1.0,nan,26,12,20.0,24.0
36,南投,2021-05-28,32,4,1.0,nan,16,9,32.0,20.0
37,斗六,2021-05-28,30,6,2.0,nan,14,9,30.0,19.0
38,崙背,2021-05-28,25,6,2.0,nan,19,10,23.0,25.0
39,新港,2021-05-28,24,6,2.0,nan,19,14,24.0,20.0
40,朴子,2021-05-28,20,1,2.0,nan,19,10,20.0,20.0
41,臺西,2021-05-28,17,4,1.0,nan,16,8,nan,17.0
42,嘉義,2021-05-28,23,3,1.0,nan,19,11,23.0,19.0
43,新營,2021-05-28,25,4,2.0,nan,16,9,25.0,24.0
44,善化,2021-05-28,25,14,2.0,nan,14,11,25.0,18.0
77,金門,2021-05-28,61,20,2.0,nan,29,33,61.0,40.0
75,馬祖,2021-05-28,37,10,3.0,nan,18,23,35.0,37.0
72,埔里,2021-05-28,39,3,1.0,nan,15,12,39.0,20.0
46,臺南,2021-05-28,23,6,1.0,nan,13,10,23.0,16.0
71,復興,2021-05-28,28,6,3.0,nan,12,12,nan,28.0
70,永和,2021-05-28,34,6,7.0,nan,23,18,nan,34.0
69,竹山,2021-05-28,31,10,1.0,nan,17,11,31.0,21.0
68,中壢,2021-05-28,36,7,7.0,nan,25,14,nan,36.0
49,仁武,2021-05-28,24,9,2.0,nan,16,14,24.0,23.0
67,三重,2021-05-28,35,7,10.0,nan,21,30,nan,35.0
66,冬山,2021-05-28,40,6,3.0,nan,28,17,40.0,37.0
65,宜蘭,2021-05-28,43,4,2.0,nan,24,4,43.0,31.0
47,美濃,2021-05-28,32,6,2.0,nan,15,5,32.0,23.0
64,陽明,2021-05-28,40,3,2.0,nan,15,5,40.0,19.0
48,橋頭,2021-05-28,24,4,2.0,nan,16,10,24.0,24.0
63,花蓮,2021-05-28,42,4,2.0,nan,19,8,42.0,31.0
62,臺東,2021-05-28,43,3,3.0,nan,19,5,43.0,33.0
51,大寮,2021-05-28,36,11,2.0,nan,22,8,22.0,36.0
61,恆春,2021-05-28,26,3,1.0,nan,12,4,26.0,nan
59,屏東,2021-05-28,32,4,2.0,nan,21,12,32.0,26.0
58,小港,2021-05-28,32,6,2.0,nan,17,12,20.0,32.0
50,鳳山,2021-05-28,19,4,5.0,nan,15,11,nan,19.0
57,前鎮,2021-05-28,27,4,2.0,nan,16,12,nan,27.0
56,前金,2021-05-28,25,3,1.0,nan,15,5,25.0,23.0
54,左營,2021-05-28,24,4,1.0,nan,16,10,24.0,17.0
53,楠梓,2021-05-28,30,1,2.0,nan,20,13,23.0,30.0
85,大城,2021-05-28,28,4,1.0,nan,26,7,28.0,14.0
84,富貴角,2021-05-28,46,3,1.0,nan,20,8,46.0,28.0
83,麥寮,2021-05-28,21,1,2.0,nan,17,8,nan,21.0
52,林園,2021-05-28,25,4,2.0,nan,19,9,25.0,24.0
80,關山,2021-05-28,42,3,nan,nan,20,17,42.0,32.0
78,馬公,2021-05-28,28,1,1.0,nan,11,4,28.0,16.0
3,萬里,2021-05-28,58,9,2.0,nan,17,8,58.0,31.0
2,汐止,2021-05-28,45,7,5.0,nan,25,22,45.0,36.0
1,基隆,2021-05-28,44,13,3.0,nan,20,11,44.0,31.0
64,陽明,2021-05-29,34,1,2.0,nan,9,5,34.0,19.0
20,平鎮,2021-05-29,35,4,2.0,nan,18,16,33.0,35.0
53,楠梓,2021-05-29,23,3,3.0,nan,14,19,23.0,21.0
19,觀音,2021-05-29,38,10,2.0,nan,19,11,38.0,25.0
70,永和,2021-05-29,33,7,7.0,nan,17,29,nan,33.0
18,大園,2021-05-29,39,9,2.0,nan,18,20,39.0,38.0
2,汐止,2021-05-29,37,7,5.0,nan,19,32,37.0,32.0
17,桃園,2021-05-29,34,14,5.0,nan,19,20,32.0,34.0
3,萬里,2021-05-29,64,7,2.0,nan,15,20,64.0,24.0
67,三重,2021-05-29,32,6,9.0,nan,15,30,nan,32.0
4,新店,2021-05-29,32,3,3.0,nan,17,14,32.0,29.0
16,大同,2021-05-29,36,4,8.0,nan,19,25,nan,36.0
54,左營,2021-05-29,21,3,3.0,nan,13,15,21.0,14.0
15,松山,2021-05-29,34,11,3.0,nan,16,21,34.0,33.0
63,花蓮,2021-05-29,39,3,2.0,nan,15,15,39.0,23.0
14,古亭,2021-05-29,32,6,5.0,nan,16,24,32.0,31.0
5,土城,2021-05-29,37,4,5.0,nan,18,24,32.0,37.0
13,萬華,2021-05-29,38,4,3.0,nan,16,25,38.0,29.0
56,前金,2021-05-29,22,3,2.0,nan,12,10,22.0,15.0
6,板橋,2021-05-29,31,10,5.0,nan,18,31,28.0,30.0
62,臺東,2021-05-29,40,3,2.0,nan,25,5,40.0,32.0
57,前鎮,2021-05-29,19,3,3.0,nan,14,15,nan,19.0
12,中山,2021-05-29,34,7,6.0,nan,19,22,34.0,32.0
66,冬山,2021-05-29,41,4,3.0,nan,21,15,41.0,25.0
11,士林,2021-05-29,38,4,2.0,nan,12,13,38.0,30.0
7,新莊,2021-05-29,36,4,3.0,nan,16,27,36.0,35.0
8,菜寮,2021-05-29,38,6,3.0,nan,17,20,38.0,29.0
61,恆春,2021-05-29,26,1,1.0,nan,8,3,26.0,nan
10,淡水,2021-05-29,32,3,2.0,nan,12,12,32.0,27.0
58,小港,2021-05-29,24,6,2.0,nan,13,15,18.0,24.0
9,林口,2021-05-29,34,7,3.0,nan,17,19,34.0,34.0
59,屏東,2021-05-29,31,4,2.0,nan,19,11,31.0,18.0
41,臺西,2021-05-29,15,3,1.0,nan,14,6,nan,15.0
45,安南,2021-05-29,26,3,3.0,nan,14,17,26.0,20.0
85,大城,2021-05-29,29,3,1.0,nan,22,6,29.0,9.0
33,彰化,2021-05-29,28,13,2.0,nan,19,9,25.0,28.0
42,嘉義,2021-05-29,25,3,1.0,nan,15,12,25.0,17.0
68,中壢,2021-05-29,38,4,9.0,nan,19,32,nan,38.0
35,二林,2021-05-29,26,1,3.0,nan,25,12,19.0,26.0
48,橋頭,2021-05-29,24,3,3.0,nan,12,16,24.0,18.0
29,沙鹿,2021-05-29,22,3,2.0,nan,15,8,22.0,12.0
30,大里,2021-05-29,19,4,2.0,nan,17,10,19.0,17.0
43,新營,2021-05-29,26,4,2.0,nan,15,18,26.0,25.0
84,富貴角,2021-05-29,51,1,1.0,nan,15,3,51.0,20.0
44,善化,2021-05-29,25,17,2.0,nan,11,17,25.0,15.0
37,斗六,2021-05-29,28,6,2.0,nan,14,11,28.0,19.0
36,南投,2021-05-29,28,4,2.0,nan,14,10,28.0,21.0
83,麥寮,2021-05-29,17,1,2.0,nan,16,6,nan,17.0
49,仁武,2021-05-29,23,3,2.0,nan,13,17,23.0,17.0
28,豐原,2021-05-29,23,6,11.0,nan,19,9,23.0,21.0
69,竹山,2021-05-29,27,4,2.0,nan,15,10,27.0,16.0
80,關山,2021-05-29,35,3,nan,nan,19,3,34.0,35.0
46,臺南,2021-05-29,23,4,2.0,nan,11,15,23.0,13.0
78,馬公,2021-05-29,26,3,1.0,nan,11,3,26.0,10.0
27,三義,2021-05-29,23,4,1.0,nan,13,11,19.0,23.0
50,鳳山,2021-05-29,17,3,5.0,nan,12,17,nan,11.0
38,崙背,2021-05-29,23,6,1.0,nan,18,11,23.0,23.0
1,基隆,2021-05-29,42,4,3.0,nan,17,26,42.0,26.0
34,線西,2021-05-29,22,3,2.0,nan,19,6,nan,22.0
26,苗栗,2021-05-29,20,6,2.0,nan,12,9,16.0,20.0
77,金門,2021-05-29,47,14,3.0,nan,25,19,44.0,47.0
47,美濃,2021-05-29,31,6,2.0,nan,15,7,31.0,19.0
65,宜蘭,2021-05-29,47,20,2.0,nan,22,8,47.0,28.0
75,馬祖,2021-05-29,64,10,5.0,nan,22,19,64.0,45.0
25,頭份,2021-05-29,24,6,2.0,nan,16,8,nan,24.0
32,西屯,2021-05-29,27,9,2.0,nan,18,12,27.0,27.0
24,新竹,2021-05-29,38,4,2.0,nan,16,16,38.0,19.0
39,新港,2021-05-29,25,4,2.0,nan,19,13,25.0,22.0
51,大寮,2021-05-29,31,7,2.0,nan,19,8,19.0,31.0
23,竹東,2021-05-29,26,3,2.0,nan,13,12,25.0,26.0
31,忠明,2021-05-29,23,3,2.0,nan,15,8,20.0,23.0
22,湖口,2021-05-29,40,3,1.0,nan,15,8,40.0,23.0
52,林園,2021-05-29,24,6,2.0,nan,17,13,24.0,20.0
40,朴子,2021-05-29,21,1,2.0,nan,21,9,19.0,18.0
72,埔里,2021-05-29,26,4,2.0,nan,12,13,26.0,17.0
71,復興,2021-05-29,18,4,3.0,nan,11,16,nan,18.0
21,龍潭,2021-05-29,33,3,2.0,nan,16,9,27.0,33.0
78,馬公,2021-05-30,51,1,2.0,nan,15,3,51.0,12.0
27,三義,2021-05-30,25,4,2.0,nan,6,9,25.0,13.0
26,苗栗,2021-05-30,23,3,2.0,nan,6,9,23.0,21.0
80,關山,2021-05-30,27,3,nan,nan,12,5,27.0,21.0
25,頭份,2021-05-30,12,6,2.0,nan,7,8,nan,12.0
83,麥寮,2021-05-30,18,1,2.0,nan,9,7,nan,18.0
24,新竹,2021-05-30,40,3,2.0,nan,6,10,40.0,6.0
84,富貴角,2021-05-30,49,1,2.0,nan,8,2,49.0,8.0
23,竹東,2021-05-30,37,1,2.0,nan,6,8,37.0,12.0
22,湖口,2021-05-30,40,3,2.0,nan,7,7,40.0,9.0
85,大城,2021-05-30,41,1,1.0,nan,19,5,41.0,7.0
21,龍潭,2021-05-30,38,4,3.0,nan,9,8,38.0,19.0
20,平鎮,2021-05-30,37,3,2.0,nan,9,11,37.0,16.0
19,觀音,2021-05-30,43,9,2.0,nan,9,4,43.0,9.0
18,大園,2021-05-30,42,7,2.0,nan,7,21,42.0,17.0
17,桃園,2021-05-30,37,6,2.0,nan,7,10,37.0,15.0
16,大同,2021-05-30,30,7,14.0,nan,11,30,nan,27.0
15,松山,2021-05-30,33,9,3.0,nan,9,20,33.0,23.0
14,古亭,2021-05-30,33,6,3.0,nan,10,12,33.0,18.0
13,萬華,2021-05-30,32,10,3.0,nan,10,17,32.0,21.0
12,中山,2021-05-30,31,7,5.0,nan,8,24,31.0,21.0
11,士林,2021-05-30,33,3,2.0,nan,6,14,33.0,17.0
10,淡水,2021-05-30,31,3,2.0,nan,6,12,31.0,10.0
9,林口,2021-05-30,38,6,2.0,nan,8,11,38.0,16.0
8,菜寮,2021-05-30,34,3,3.0,nan,7,16,34.0,19.0
7,新莊,2021-05-30,32,11,3.0,nan,7,13,32.0,22.0
6,板橋,2021-05-30,28,16,3.0,nan,10,15,28.0,17.0
5,土城,2021-05-30,33,3,3.0,nan,9,15,33.0,24.0
4,新店,2021-05-30,38,3,3.0,nan,10,9,38.0,18.0
3,萬里,2021-05-30,54,6,2.0,nan,9,14,54.0,9.0
2,汐止,2021-05-30,37,3,3.0,nan,11,21,37.0,21.0
1,基隆,2021-05-30,39,4,2.0,nan,10,17,39.0,17.0
65,宜蘭,2021-05-30,37,27,2.0,nan,13,6,37.0,16.0
64,陽明,2021-05-30,37,1,2.0,nan,6,2,37.0,7.0
63,花蓮,2021-05-30,25,1,2.0,nan,10,5,25.0,17.0
62,臺東,2021-05-30,35,3,3.0,nan,16,7,35.0,28.0
61,恆春,2021-05-30,26,1,1.0,nan,10,4,26.0,nan
59,屏東,2021-05-30,18,4,3.0,nan,10,11,18.0,10.0
58,小港,2021-05-30,26,6,2.0,nan,12,23,15.0,26.0
57,前鎮,2021-05-30,28,6,6.0,nan,11,20,nan,28.0
56,前金,2021-05-30,20,6,3.0,nan,13,20,18.0,19.0
54,左營,2021-05-30,17,4,6.0,nan,15,16,14.0,17.0
53,楠梓,2021-05-30,19,3,2.0,nan,9,14,13.0,19.0
52,林園,2021-05-30,23,4,2.0,nan,17,12,23.0,21.0
51,大寮,2021-05-30,39,14,2.0,nan,19,9,14.0,39.0
50,鳳山,2021-05-30,19,1,3.0,nan,11,18,nan,19.0
49,仁武,2021-05-30,22,4,2.0,nan,13,20,15.0,22.0
48,橋頭,2021-05-30,15,4,2.0,nan,7,13,14.0,15.0
47,美濃,2021-05-30,17,4,2.0,nan,9,6,14.0,17.0
46,臺南,2021-05-30,18,4,2.0,nan,8,16,18.0,14.0
45,安南,2021-05-30,25,3,2.0,nan,15,14,16.0,25.0
44,善化,2021-05-30,16,13,1.0,nan,6,13,16.0,11.0
43,新營,2021-05-30,20,4,1.0,nan,9,17,20.0,17.0
42,嘉義,2021-05-30,15,3,2.0,nan,10,12,15.0,12.0
41,臺西,2021-05-30,15,4,2.0,nan,13,7,nan,15.0
40,朴子,2021-05-30,19,1,2.0,nan,12,17,19.0,19.0
39,新港,2021-05-30,19,3,1.0,nan,10,16,19.0,14.0
66,冬山,2021-05-30,35,6,2.0,nan,12,8,35.0,15.0
38,崙背,2021-05-30,23,4,2.0,nan,9,13,23.0,22.0
67,三重,2021-05-30,28,6,9.0,nan,7,28,nan,20.0
37,斗六,2021-05-30,25,4,2.0,nan,7,8,25.0,20.0
36,南投,2021-05-30,26,4,2.0,nan,7,8,26.0,14.0
35,二林,2021-05-30,27,3,2.0,nan,10,10,27.0,nan
68,中壢,2021-05-30,21,3,5.0,nan,9,20,nan,21.0
69,竹山,2021-05-30,20,7,1.0,nan,8,9,20.0,14.0
34,線西,2021-05-30,13,1,2.0,nan,8,5,nan,13.0
70,永和,2021-05-30,21,6,7.0,nan,12,18,nan,21.0
33,彰化,2021-05-30,30,17,2.0,nan,6,9,30.0,13.0
71,復興,2021-05-30,23,6,5.0,nan,10,19,nan,23.0
72,埔里,2021-05-30,22,3,2.0,nan,7,10,22.0,6.0
32,西屯,2021-05-30,29,6,2.0,nan,7,11,29.0,17.0
31,忠明,2021-05-30,18,3,2.0,nan,5,10,18.0,14.0
75,馬祖,2021-05-30,64,7,5.0,nan,7,7,64.0,26.0
30,大里,2021-05-30,16,3,2.0,nan,5,10,16.0,10.0
29,沙鹿,2021-05-30,31,3,2.0,nan,5,7,31.0,5.0
77,金門,2021-05-30,43,4,5.0,nan,16,9,43.0,34.0
28,豐原,2021-05-30,23,4,2.0,nan,6,7,23.0,8.0
1,基隆,2021-05-31,44,3,3.0,nan,9.0,17,44.0,11.0
19,觀音,2021-05-31,39,14,5.0,nan,15.0,30,39.0,28.0
18,大園,2021-05-31,44,9,6.0,nan,10.0,35,44.0,27.0
68,中壢,2021-05-31,36,3,14.0,nan,9.0,36,nan,32.0
17,桃園,2021-05-31,40,14,5.0,nan,9.0,21,40.0,18.0
69,竹山,2021-05-31,31,3,2.0,nan,18.0,10,31.0,26.0
53,楠梓,2021-05-31,37,13,7.0,nan,22.0,28,23.0,37.0
7,新莊,2021-05-31,38,6,6.0,nan,7.0,25,38.0,21.0
16,大同,2021-05-31,39,7,19.0,nan,19.0,39,nan,36.0
15,松山,2021-05-31,37,7,5.0,nan,6.0,26,37.0,22.0
83,麥寮,2021-05-31,26,3,2.0,nan,13.0,8,nan,26.0
14,古亭,2021-05-31,42,3,5.0,nan,7.0,24,42.0,12.0
85,大城,2021-05-31,46,4,2.0,nan,24.0,8,46.0,19.0
6,板橋,2021-05-31,34,4,7.0,nan,7.0,27,34.0,10.0
8,菜寮,2021-05-31,41,4,6.0,nan,8.0,29,41.0,17.0
71,復興,2021-05-31,35,11,8.0,nan,16.0,35,nan,33.0
78,馬公,2021-05-31,54,4,2.0,nan,10.0,10,54.0,12.0
13,萬華,2021-05-31,41,7,6.0,nan,6.0,27,41.0,20.0
10,淡水,2021-05-31,24,3,3.0,nan,8.0,23,24.0,15.0
5,土城,2021-05-31,42,4,5.0,nan,6.0,21,42.0,19.0
72,埔里,2021-05-31,33,4,2.0,nan,8.0,12,33.0,10.0
77,金門,2021-05-31,44,7,3.0,nan,18.0,11,44.0,37.0
80,關山,2021-05-31,32,3,nan,nan,10.0,7,32.0,11.0
4,新店,2021-05-31,42,4,5.0,nan,6.0,17,42.0,8.0
75,馬祖,2021-05-31,67,7,2.0,nan,22.0,2,67.0,44.0
11,士林,2021-05-31,41,4,3.0,nan,8.0,24,41.0,19.0
3,萬里,2021-05-31,80,4,2.0,nan,9.0,8,80.0,14.0
9,林口,2021-05-31,38,7,3.0,nan,9.0,22,38.0,20.0
12,中山,2021-05-31,38,4,6.0,nan,7.0,27,38.0,21.0
2,汐止,2021-05-31,37,4,5.0,nan,9.0,24,37.0,20.0
84,富貴角,2021-05-31,74,1,1.0,nan,13.0,2,74.0,16.0
70,永和,2021-05-31,27,3,8.0,nan,9.0,27,nan,16.0
63,花蓮,2021-05-31,45,3,3.0,nan,8.0,18,45.0,15.0
34,線西,2021-05-31,21,4,3.0,nan,14.0,14,nan,21.0
52,林園,2021-05-31,32,3,1.0,nan,19.0,8,32.0,22.0
35,二林,2021-05-31,31,3,2.0,nan,17.0,20,31.0,nan
62,臺東,2021-05-31,41,1,3.0,nan,12.0,7,41.0,15.0
33,彰化,2021-05-31,34,9,5.0,nan,12.0,23,34.0,31.0
64,陽明,2021-05-31,46,3,1.0,nan,6.0,1,46.0,6.0
36,南投,2021-05-31,31,4,3.0,nan,13.0,17,31.0,25.0
37,斗六,2021-05-31,32,6,3.0,nan,16.0,14,32.0,31.0
38,崙背,2021-05-31,33,3,3.0,nan,14.0,11,32.0,33.0
61,恆春,2021-05-31,35,3,1.0,nan,10.0,3,35.0,nan
39,新港,2021-05-31,34,13,2.0,nan,19.0,16,31.0,34.0
40,朴子,2021-05-31,33,1,3.0,nan,18.0,8,30.0,33.0
32,西屯,2021-05-31,38,10,3.0,nan,17.0,28,29.0,38.0
41,臺西,2021-05-31,29,6,3.0,nan,18.0,11,nan,29.0
31,忠明,2021-05-31,31,1,5.0,nan,13.0,21,21.0,31.0
30,大里,2021-05-31,25,4,6.0,nan,15.0,25,24.0,24.0
59,屏東,2021-05-31,33,6,5.0,nan,19.0,16,33.0,19.0
42,嘉義,2021-05-31,30,4,3.0,nan,19.0,21,27.0,30.0
65,宜蘭,2021-05-31,46,6,2.0,nan,6.0,8,46.0,7.0
43,新營,2021-05-31,35,6,3.0,nan,17.0,15,33.0,35.0
29,沙鹿,2021-05-31,31,3,3.0,nan,7.0,15,31.0,10.0
58,小港,2021-05-31,36,11,5.0,nan,21.0,30,21.0,36.0
28,豐原,2021-05-31,31,4,3.0,nan,14.0,15,31.0,22.0
27,三義,2021-05-31,28,3,2.0,nan,8.0,14,28.0,19.0
44,善化,2021-05-31,31,3,2.0,nan,12.0,17,31.0,19.0
26,苗栗,2021-05-31,26,6,5.0,nan,6.0,19,20.0,26.0
45,安南,2021-05-31,34,4,3.0,nan,19.0,17,34.0,33.0
57,前鎮,2021-05-31,37,10,8.0,nan,18.0,31,nan,37.0
25,頭份,2021-05-31,26,4,5.0,nan,6.0,26,nan,21.0
46,臺南,2021-05-31,31,4,3.0,nan,13.0,23,31.0,21.0
24,新竹,2021-05-31,37,3,5.0,nan,6.0,20,37.0,11.0
23,竹東,2021-05-31,30,1,3.0,nan,6.0,20,30.0,10.0
22,湖口,2021-05-31,39,3,5.0,nan,9.0,18,39.0,17.0
66,冬山,2021-05-31,42,3,3.0,nan,9.0,12,42.0,11.0
47,美濃,2021-05-31,27,6,2.0,nan,17.0,8,27.0,22.0
48,橋頭,2021-05-31,30,11,6.0,nan,15.0,26,30.0,28.0
56,前金,2021-05-31,34,9,6.0,nan,15.0,34,27.0,27.0
21,龍潭,2021-05-31,36,3,5.0,nan,7.0,25,36.0,19.0
67,三重,2021-05-31,37,6,12.0,nan,8.0,37,nan,25.0
54,左營,2021-05-31,32,7,8.0,nan,17.0,32,28.0,22.0
49,仁武,2021-05-31,31,9,6.0,nan,19.0,31,30.0,27.0
50,鳳山,2021-05-31,24,9,7.0,nan,nan,24,nan,24.0
20,平鎮,2021-05-31,39,4,6.0,nan,7.0,22,39.0,15.0
51,大寮,2021-05-31,44,7,3.0,nan,23.0,19,22.0,44.0
