siteid,sitename,monitordate,aqi,so2subindex,cosubindex,o3subindex,pm10subindex,no2subindex,o38subindex,pm25subindex
67,三重,2019-06-01,60,9.0,14.0,nan,33.0,42,nan,60.0
68,中壢,2019-06-01,71,6.0,15.0,nan,30.0,26,nan,71.0
69,竹山,2019-06-01,37,3.0,2.0,nan,19.0,8,37.0,12.0
70,永和,2019-06-01,56,4.0,11.0,nan,30.0,35,nan,56.0
71,復興,2019-06-01,19,7.0,5.0,nan,13.0,15,nan,19.0
72,埔里,2019-06-01,34,4.0,2.0,nan,21.0,10,31.0,34.0
75,馬祖,2019-06-01,100,4.0,5.0,nan,31.0,9,100.0,67.0
77,金門,2019-06-01,61,6.0,3.0,nan,30.0,12,61.0,58.0
78,馬公,2019-06-01,32,3.0,2.0,nan,5.0,7,32.0,3.0
80,關山,2019-06-01,24,nan,nan,nan,19.0,4,19.0,24.0
83,麥寮,2019-06-01,21,3.0,nan,nan,21.0,9,nan,16.0
84,富貴角,2019-06-01,48,1.0,2.0,nan,27.0,3,48.0,37.0
65,宜蘭,2019-06-01,58,9.0,3.0,nan,24.0,9,38.0,58.0
59,屏東,2019-06-01,41,10.0,5.0,nan,18.0,15,41.0,37.0
63,花蓮,2019-06-01,39,3.0,3.0,nan,21.0,19,39.0,30.0
58,小港,2019-06-01,28,11.0,3.0,nan,12.0,20,28.0,14.0
57,前鎮,2019-06-01,21,17.0,nan,nan,15.0,21,nan,7.0
62,臺東,2019-06-01,19,1.0,3.0,nan,12.0,8,19.0,13.0
56,前金,2019-06-01,38,7.0,3.0,nan,12.0,15,38.0,12.0
54,左營,2019-06-01,32,4.0,3.0,nan,12.0,15,32.0,22.0
61,恆春,2019-06-01,27,3.0,1.0,nan,5.0,2,27.0,21.0
53,楠梓,2019-06-01,34,4.0,3.0,nan,11.0,15,34.0,29.0
52,林園,2019-06-01,34,9.0,3.0,nan,19.0,11,34.0,21.0
64,陽明,2019-06-01,43,4.0,2.0,nan,18.0,6,43.0,35.0
51,大寮,2019-06-01,34,16.0,3.0,nan,19.0,18,32.0,34.0
1,基隆,2019-06-01,47,3.0,3.0,nan,23.0,11,47.0,39.0
2,汐止,2019-06-01,52,10.0,6.0,nan,24.0,27,39.0,52.0
50,鳳山,2019-06-01,45,11.0,5.0,nan,17.0,22,nan,45.0
3,萬里,2019-06-01,64,6.0,3.0,nan,30.0,12,64.0,36.0
49,仁武,2019-06-01,37,9.0,3.0,nan,13.0,14,37.0,25.0
48,橋頭,2019-06-01,38,3.0,3.0,nan,12.0,11,38.0,33.0
47,美濃,2019-06-01,36,3.0,2.0,nan,26.0,5,36.0,13.0
46,臺南,2019-06-01,35,6.0,3.0,nan,12.0,18,35.0,26.0
45,安南,2019-06-01,36,4.0,3.0,nan,22.0,16,36.0,30.0
44,善化,2019-06-01,37,6.0,2.0,nan,18.0,8,37.0,19.0
43,新營,2019-06-01,35,4.0,3.0,nan,19.0,9,35.0,nan
42,嘉義,2019-06-01,34,4.0,2.0,nan,13.0,8,34.0,17.0
41,臺西,2019-06-01,30,4.0,nan,nan,15.0,9,nan,30.0
40,朴子,2019-06-01,29,4.0,3.0,nan,14.0,8,29.0,29.0
39,新港,2019-06-01,33,3.0,2.0,nan,15.0,13,29.0,33.0
38,崙背,2019-06-01,31,3.0,2.0,nan,14.0,14,31.0,13.0
37,斗六,2019-06-01,37,3.0,2.0,nan,10.0,9,37.0,26.0
36,南投,2019-06-01,25,4.0,2.0,nan,15.0,10,25.0,17.0
35,二林,2019-06-01,40,4.0,2.0,nan,15.0,11,30.0,40.0
34,線西,2019-06-01,31,4.0,nan,nan,13.0,11,nan,31.0
33,彰化,2019-06-01,41,10.0,3.0,nan,15.0,9,31.0,41.0
32,西屯,2019-06-01,35,4.0,3.0,nan,17.0,23,35.0,29.0
31,忠明,2019-06-01,33,6.0,3.0,nan,9.0,15,33.0,33.0
30,大里,2019-06-01,35,4.0,3.0,nan,19.0,15,35.0,30.0
29,沙鹿,2019-06-01,33,4.0,3.0,nan,9.0,15,33.0,18.0
28,豐原,2019-06-01,39,3.0,3.0,nan,19.0,13,38.0,39.0
27,三義,2019-06-01,33,9.0,2.0,nan,16.0,11,33.0,31.0
26,苗栗,2019-06-01,32,6.0,3.0,nan,15.0,18,26.0,32.0
25,頭份,2019-06-01,33,6.0,nan,nan,24.0,20,nan,33.0
24,新竹,2019-06-01,46,6.0,5.0,nan,31.0,32,46.0,44.0
23,竹東,2019-06-01,38,4.0,2.0,nan,24.0,10,38.0,12.0
22,湖口,2019-06-01,67,6.0,3.0,nan,31.0,19,54.0,67.0
21,龍潭,2019-06-01,45,6.0,5.0,nan,29.0,18,40.0,45.0
20,平鎮,2019-06-01,55,6.0,5.0,nan,27.0,20,37.0,55.0
19,觀音,2019-06-01,52,19.0,5.0,nan,31.0,33,50.0,52.0
18,大園,2019-06-01,63,26.0,5.0,nan,31.0,22,48.0,63.0
17,桃園,2019-06-01,59,14.0,5.0,nan,25.0,17,32.0,59.0
16,大同,2019-06-01,58,7.0,15.0,nan,31.0,45,nan,58.0
15,松山,2019-06-01,62,4.0,6.0,nan,31.0,29,36.0,62.0
14,古亭,2019-06-01,56,4.0,7.0,nan,24.0,36,44.0,56.0
13,萬華,2019-06-01,58,7.0,8.0,nan,31.0,43,38.0,58.0
12,中山,2019-06-01,59,7.0,8.0,nan,31.0,40,38.0,59.0
11,士林,2019-06-01,67,4.0,3.0,nan,30.0,14,67.0,61.0
10,淡水,2019-06-01,64,6.0,3.0,nan,nan,11,64.0,39.0
9,林口,2019-06-01,51,6.0,5.0,nan,32.0,20,51.0,45.0
8,菜寮,2019-06-01,43,9.0,5.0,nan,31.0,20,43.0,43.0
7,新莊,2019-06-01,53,7.0,5.0,nan,28.0,18,44.0,53.0
6,板橋,2019-06-01,59,6.0,6.0,nan,28.0,31,40.0,59.0
5,土城,2019-06-01,46,6.0,6.0,nan,25.0,29,45.0,46.0
4,新店,2019-06-01,49,4.0,6.0,nan,19.0,27,49.0,44.0
60,潮州,2019-06-01,32,3.0,2.0,nan,14.0,8,32.0,25.0
66,冬山,2019-06-01,34,7.0,3.0,nan,27.0,9,34.0,31.0
68,中壢,2019-06-02,44,6.0,12.0,nan,19.0,23.0,nan,44.0
69,竹山,2019-06-02,26,4.0,2.0,nan,14.0,8.0,26.0,7.0
70,永和,2019-06-02,27,3.0,8.0,nan,22.0,20.0,nan,27.0
71,復興,2019-06-02,15,4.0,5.0,nan,14.0,nan,nan,15.0
72,埔里,2019-06-02,26,4.0,2.0,nan,15.0,12.0,26.0,25.0
75,馬祖,2019-06-02,93,3.0,3.0,nan,15.0,7.0,93.0,32.0
77,金門,2019-06-02,31,3.0,1.0,nan,24.0,8.0,31.0,25.0
78,馬公,2019-06-02,23,3.0,2.0,nan,11.0,6.0,23.0,6.0
80,關山,2019-06-02,28,nan,nan,nan,21.0,4.0,20.0,28.0
83,麥寮,2019-06-02,17,3.0,nan,nan,17.0,4.0,nan,8.0
84,富貴角,2019-06-02,31,3.0,2.0,nan,27.0,7.0,31.0,24.0
2,汐止,2019-06-02,42,9.0,8.0,nan,25.0,23.0,30.0,42.0
1,基隆,2019-06-02,39,4.0,6.0,nan,26.0,26.0,39.0,34.0
3,萬里,2019-06-02,42,7.0,5.0,nan,31.0,16.0,42.0,30.0
4,新店,2019-06-02,29,3.0,3.0,nan,13.0,15.0,29.0,19.0
5,土城,2019-06-02,31,3.0,5.0,nan,21.0,17.0,31.0,30.0
6,板橋,2019-06-02,31,9.0,5.0,nan,20.0,21.0,28.0,31.0
7,新莊,2019-06-02,31,10.0,5.0,nan,19.0,25.0,31.0,24.0
8,菜寮,2019-06-02,28,4.0,6.0,nan,21.0,25.0,28.0,16.0
9,林口,2019-06-02,34,4.0,2.0,nan,19.0,17.0,34.0,14.0
10,淡水,2019-06-02,32,4.0,5.0,nan,nan,15.0,32.0,19.0
11,士林,2019-06-02,42,3.0,6.0,nan,26.0,22.0,33.0,42.0
12,中山,2019-06-02,43,6.0,8.0,nan,26.0,30.0,21.0,43.0
13,萬華,2019-06-02,28,3.0,6.0,nan,21.0,24.0,26.0,28.0
14,古亭,2019-06-02,30,3.0,5.0,nan,18.0,21.0,30.0,29.0
15,松山,2019-06-02,41,4.0,6.0,nan,24.0,22.0,26.0,41.0
16,大同,2019-06-02,41,4.0,16.0,nan,26.0,27.0,nan,41.0
17,桃園,2019-06-02,41,20.0,3.0,nan,16.0,18.0,25.0,41.0
18,大園,2019-06-02,33,6.0,2.0,nan,16.0,8.0,33.0,26.0
19,觀音,2019-06-02,30,4.0,1.0,nan,16.0,5.0,30.0,15.0
20,平鎮,2019-06-02,37,4.0,2.0,nan,12.0,11.0,30.0,37.0
21,龍潭,2019-06-02,29,3.0,2.0,nan,20.0,10.0,29.0,24.0
22,湖口,2019-06-02,33,4.0,2.0,nan,21.0,6.0,30.0,33.0
23,竹東,2019-06-02,25,3.0,2.0,nan,17.0,6.0,25.0,3.0
24,新竹,2019-06-02,28,4.0,2.0,nan,19.0,8.0,28.0,16.0
25,頭份,2019-06-02,16,9.0,nan,nan,14.0,11.0,nan,16.0
26,苗栗,2019-06-02,21,4.0,2.0,nan,5.0,7.0,21.0,21.0
27,三義,2019-06-02,22,7.0,2.0,nan,5.0,8.0,22.0,12.0
28,豐原,2019-06-02,29,3.0,2.0,nan,10.0,6.0,24.0,29.0
29,沙鹿,2019-06-02,26,4.0,2.0,nan,5.0,8.0,26.0,11.0
30,大里,2019-06-02,22,4.0,3.0,nan,11.0,8.0,22.0,22.0
31,忠明,2019-06-02,23,3.0,2.0,nan,5.0,8.0,23.0,23.0
32,西屯,2019-06-02,27,3.0,2.0,nan,10.0,10.0,27.0,21.0
33,彰化,2019-06-02,23,6.0,2.0,nan,9.0,8.0,23.0,17.0
34,線西,2019-06-02,11,4.0,nan,nan,5.0,6.0,nan,11.0
35,二林,2019-06-02,24,4.0,1.0,nan,9.0,4.0,23.0,24.0
36,南投,2019-06-02,19,4.0,2.0,nan,9.0,9.0,19.0,8.0
37,斗六,2019-06-02,28,4.0,2.0,nan,5.0,9.0,25.0,28.0
38,崙背,2019-06-02,22,3.0,1.0,nan,5.0,5.0,22.0,nan
39,新港,2019-06-02,24,4.0,2.0,nan,10.0,9.0,19.0,24.0
40,朴子,2019-06-02,19,3.0,2.0,nan,11.0,8.0,19.0,18.0
41,臺西,2019-06-02,20,3.0,nan,nan,5.0,6.0,nan,20.0
42,嘉義,2019-06-02,23,4.0,2.0,nan,5.0,8.0,23.0,9.0
43,新營,2019-06-02,24,4.0,2.0,nan,13.0,7.0,23.0,24.0
44,善化,2019-06-02,24,4.0,2.0,nan,14.0,8.0,24.0,11.0
45,安南,2019-06-02,28,4.0,2.0,nan,19.0,10.0,23.0,28.0
46,臺南,2019-06-02,22,4.0,2.0,nan,10.0,14.0,22.0,21.0
47,美濃,2019-06-02,23,4.0,2.0,nan,20.0,8.0,23.0,7.0
48,橋頭,2019-06-02,30,4.0,2.0,nan,13.0,10.0,26.0,30.0
49,仁武,2019-06-02,24,10.0,2.0,nan,11.0,14.0,24.0,24.0
50,鳳山,2019-06-02,28,4.0,3.0,nan,13.0,15.0,nan,28.0
51,大寮,2019-06-02,29,13.0,3.0,nan,16.0,15.0,27.0,29.0
52,林園,2019-06-02,29,9.0,2.0,nan,19.0,14.0,29.0,22.0
53,楠梓,2019-06-02,24,3.0,2.0,nan,5.0,10.0,24.0,21.0
54,左營,2019-06-02,25,6.0,3.0,nan,9.0,11.0,25.0,17.0
56,前金,2019-06-02,24,4.0,3.0,nan,5.0,11.0,24.0,11.0
57,前鎮,2019-06-02,16,3.0,nan,nan,14.0,16.0,nan,3.0
58,小港,2019-06-02,23,4.0,3.0,nan,11.0,16.0,23.0,13.0
59,屏東,2019-06-02,29,4.0,2.0,nan,14.0,10.0,29.0,24.0
60,潮州,2019-06-02,31,7.0,2.0,nan,14.0,9.0,30.0,31.0
61,恆春,2019-06-02,26,3.0,1.0,nan,5.0,2.0,26.0,23.0
62,臺東,2019-06-02,23,3.0,5.0,nan,16.0,8.0,23.0,21.0
63,花蓮,2019-06-02,38,9.0,3.0,nan,20.0,13.0,38.0,19.0
64,陽明,2019-06-02,30,4.0,1.0,nan,12.0,7.0,30.0,17.0
65,宜蘭,2019-06-02,46,7.0,3.0,nan,19.0,8.0,35.0,46.0
66,冬山,2019-06-02,30,4.0,3.0,nan,25.0,13.0,30.0,24.0
67,三重,2019-06-02,38,7.0,19.0,nan,24.0,38.0,nan,34.0
40,朴子,2019-06-03,24,6.0,3.0,nan,20,10.0,17.0,24
84,富貴角,2019-06-03,25,3.0,1.0,nan,25,8.0,21.0,23
83,麥寮,2019-06-03,25,3.0,nan,nan,25,9.0,nan,16
80,關山,2019-06-03,31,nan,nan,nan,19,4.0,21.0,31
78,馬公,2019-06-03,18,17.0,3.0,nan,16,11.0,17.0,18
77,金門,2019-06-03,27,4.0,2.0,nan,20,11.0,27.0,26
75,馬祖,2019-06-03,64,7.0,3.0,nan,20,11.0,64.0,36
72,埔里,2019-06-03,31,4.0,2.0,nan,25,14.0,31.0,30
71,復興,2019-06-03,26,9.0,9.0,nan,19,nan,nan,26
70,永和,2019-06-03,42,7.0,18.0,nan,27,42.0,nan,42
69,竹山,2019-06-03,26,4.0,3.0,nan,18,13.0,26.0,19
68,中壢,2019-06-03,39,6.0,18.0,nan,22,29.0,nan,39
67,三重,2019-06-03,42,9.0,23.0,nan,27,42.0,nan,38
66,冬山,2019-06-03,31,7.0,3.0,nan,31,13.0,24.0,25
65,宜蘭,2019-06-03,47,9.0,3.0,nan,22,11.0,34.0,47
64,陽明,2019-06-03,22,4.0,2.0,nan,13,7.0,22.0,22
63,花蓮,2019-06-03,32,3.0,5.0,nan,21,14.0,32.0,26
62,臺東,2019-06-03,21,3.0,3.0,nan,15,7.0,21.0,21
61,恆春,2019-06-03,29,3.0,1.0,nan,9,2.0,23.0,29
60,潮州,2019-06-03,32,10.0,3.0,nan,19,15.0,31.0,32
59,屏東,2019-06-03,41,4.0,3.0,nan,18,12.0,41.0,30
58,小港,2019-06-03,19,10.0,3.0,nan,19,19.0,16.0,19
57,前鎮,2019-06-03,16,4.0,nan,nan,16,16.0,nan,11
56,前金,2019-06-03,19,4.0,3.0,nan,11,12.0,19.0,15
54,左營,2019-06-03,27,7.0,3.0,nan,13,16.0,21.0,27
53,楠梓,2019-06-03,25,4.0,3.0,nan,12,21.0,21.0,25
52,林園,2019-06-03,28,10.0,2.0,nan,22,12.0,23.0,28
51,大寮,2019-06-03,39,16.0,3.0,nan,21,20.0,19.0,39
50,鳳山,2019-06-03,45,4.0,5.0,nan,15,16.0,nan,45
49,仁武,2019-06-03,23,9.0,2.0,nan,14,11.0,20.0,23
48,橋頭,2019-06-03,40,7.0,3.0,nan,18,15.0,21.0,40
47,美濃,2019-06-03,33,3.0,2.0,nan,25,8.0,33.0,14
46,臺南,2019-06-03,30,7.0,3.0,nan,13,13.0,18.0,30
45,安南,2019-06-03,29,6.0,3.0,nan,23,16.0,20.0,29
44,善化,2019-06-03,22,9.0,2.0,nan,22,15.0,20.0,21
43,新營,2019-06-03,35,6.0,3.0,nan,21,13.0,19.0,35
42,嘉義,2019-06-03,22,3.0,3.0,nan,13,20.0,22.0,16
41,臺西,2019-06-03,31,6.0,nan,nan,17,8.0,nan,31
39,新港,2019-06-03,39,7.0,2.0,nan,23,14.0,18.0,39
38,崙背,2019-06-03,18,4.0,2.0,nan,18,11.0,18.0,16
37,斗六,2019-06-03,36,4.0,3.0,nan,12,14.0,22.0,36
36,南投,2019-06-03,19,16.0,5.0,nan,19,16.0,18.0,16
35,二林,2019-06-03,45,7.0,2.0,nan,27,12.0,18.0,45
34,線西,2019-06-03,31,4.0,nan,nan,18,18.0,nan,31
33,彰化,2019-06-03,30,20.0,5.0,nan,18,15.0,17.0,30
32,西屯,2019-06-03,40,6.0,5.0,nan,21,24.0,20.0,40
31,忠明,2019-06-03,39,6.0,5.0,nan,9,20.0,17.0,39
30,大里,2019-06-03,37,9.0,6.0,nan,23,20.0,19.0,37
29,沙鹿,2019-06-03,27,7.0,5.0,nan,12,23.0,18.0,27
28,豐原,2019-06-03,39,4.0,2.0,nan,19,11.0,23.0,39
27,三義,2019-06-03,28,10.0,2.0,nan,11,12.0,21.0,28
26,苗栗,2019-06-03,37,4.0,3.0,nan,12,14.0,20.0,37
25,頭份,2019-06-03,19,4.0,nan,nan,15,19.0,nan,17
24,新竹,2019-06-03,24,7.0,3.0,nan,24,16.0,19.0,20
23,竹東,2019-06-03,30,4.0,2.0,nan,20,10.0,30.0,6
22,湖口,2019-06-03,37,6.0,2.0,nan,23,13.0,19.0,37
21,龍潭,2019-06-03,29,6.0,2.0,nan,23,11.0,29.0,28
20,平鎮,2019-06-03,28,6.0,5.0,nan,22,25.0,17.0,28
19,觀音,2019-06-03,20,4.0,1.0,nan,19,10.0,20.0,19
18,大園,2019-06-03,36,7.0,2.0,nan,18,16.0,20.0,36
17,桃園,2019-06-03,43,20.0,6.0,nan,17,25.0,17.0,43
16,大同,2019-06-03,42,6.0,18.0,nan,20,42.0,nan,36
15,松山,2019-06-03,44,7.0,8.0,nan,23,27.0,21.0,44
14,古亭,2019-06-03,41,6.0,7.0,nan,19,32.0,22.0,41
13,萬華,2019-06-03,41,6.0,8.0,nan,24,38.0,18.0,41
12,中山,2019-06-03,36,9.0,12.0,nan,25,34.0,19.0,36
11,士林,2019-06-03,49,3.0,5.0,nan,24,21.0,21.0,49
10,淡水,2019-06-03,19,4.0,3.0,nan,9,11.0,19.0,19
9,林口,2019-06-03,19,6.0,3.0,nan,19,16.0,19.0,12
8,菜寮,2019-06-03,28,6.0,7.0,nan,23,28.0,19.0,26
7,新莊,2019-06-03,40,7.0,8.0,nan,27,40.0,19.0,36
6,板橋,2019-06-03,48,9.0,9.0,nan,28,42.0,19.0,48
5,土城,2019-06-03,40,6.0,8.0,nan,27,33.0,29.0,40
4,新店,2019-06-03,30,4.0,7.0,nan,19,27.0,29.0,30
3,萬里,2019-06-03,29,4.0,2.0,nan,19,9.0,29.0,17
2,汐止,2019-06-03,33,7.0,9.0,nan,21,31.0,20.0,33
1,基隆,2019-06-03,28,6.0,5.0,nan,21,26.0,19.0,28
84,富貴角,2019-06-04,31,3.0,2.0,nan,26,10,31.0,28
3,萬里,2019-06-04,25,4.0,3.0,nan,21,14,20.0,25
80,關山,2019-06-04,28,nan,nan,nan,24,5,6.0,28
70,永和,2019-06-04,38,6.0,18.0,nan,27,28,nan,38
71,復興,2019-06-04,44,39.0,12.0,nan,26,24,nan,44
72,埔里,2019-06-04,29,7.0,5.0,nan,20,13,11.0,29
2,汐止,2019-06-04,40,11.0,8.0,nan,26,27,18.0,40
75,馬祖,2019-06-04,67,6.0,3.0,nan,32,13,67.0,49
4,新店,2019-06-04,28,4.0,6.0,nan,19,23,14.0,28
77,金門,2019-06-04,43,9.0,2.0,nan,26,21,30.0,43
83,麥寮,2019-06-04,31,4.0,nan,nan,31,14,nan,28
78,馬公,2019-06-04,22,3.0,2.0,nan,13,12,22.0,18
69,竹山,2019-06-04,18,6.0,2.0,nan,18,11,18.0,18
68,中壢,2019-06-04,53,9.0,20.0,nan,23,33,nan,53
67,三重,2019-06-04,47,9.0,18.0,nan,30,46,nan,47
66,冬山,2019-06-04,37,7.0,5.0,nan,37,24,18.0,35
65,宜蘭,2019-06-04,55,19.0,5.0,nan,25,10,26.0,55
64,陽明,2019-06-04,26,4.0,2.0,nan,15,7,26.0,23
63,花蓮,2019-06-04,31,4.0,6.0,nan,22,21,21.0,31
62,臺東,2019-06-04,22,3.0,5.0,nan,19,13,9.0,22
61,恆春,2019-06-04,35,3.0,2.0,nan,13,5,26.0,35
60,潮州,2019-06-04,40,3.0,2.0,nan,23,15,16.0,40
59,屏東,2019-06-04,41,3.0,5.0,nan,21,15,13.0,41
58,小港,2019-06-04,32,16.0,6.0,nan,24,25,9.0,32
57,前鎮,2019-06-04,39,39.0,nan,nan,25,25,nan,18
56,前金,2019-06-04,28,21.0,9.0,nan,21,28,12.0,27
54,左營,2019-06-04,30,13.0,9.0,nan,22,26,10.0,30
53,楠梓,2019-06-04,36,4.0,6.0,nan,19,25,9.0,36
52,林園,2019-06-04,43,19.0,3.0,nan,34,21,17.0,43
51,大寮,2019-06-04,49,19.0,3.0,nan,30,22,7.0,49
50,鳳山,2019-06-04,53,4.0,5.0,nan,24,21,nan,53
49,仁武,2019-06-04,39,10.0,7.0,nan,25,20,12.0,39
48,橋頭,2019-06-04,41,6.0,3.0,nan,20,21,12.0,41
47,美濃,2019-06-04,24,4.0,2.0,nan,24,10,12.0,11
46,臺南,2019-06-04,35,7.0,10.0,nan,22,25,14.0,35
45,安南,2019-06-04,45,6.0,6.0,nan,37,25,12.0,45
44,善化,2019-06-04,21,4.0,2.0,nan,21,19,11.0,19
43,新營,2019-06-04,32,4.0,3.0,nan,22,17,14.0,32
1,基隆,2019-06-04,42,10.0,6.0,nan,25,25,9.0,42
42,嘉義,2019-06-04,28,7.0,5.0,nan,17,18,15.0,28
41,臺西,2019-06-04,38,4.0,nan,nan,24,14,nan,38
40,朴子,2019-06-04,29,6.0,5.0,nan,23,21,17.0,29
39,新港,2019-06-04,38,6.0,5.0,nan,25,18,15.0,38
38,崙背,2019-06-04,23,4.0,3.0,nan,23,16,19.0,18
37,斗六,2019-06-04,35,3.0,3.0,nan,15,11,16.0,35
36,南投,2019-06-04,16,7.0,6.0,nan,13,15,9.0,16
35,二林,2019-06-04,45,6.0,2.0,nan,24,11,17.0,45
34,線西,2019-06-04,31,4.0,nan,nan,16,18,nan,31
33,彰化,2019-06-04,25,14.0,7.0,nan,14,16,17.0,25
32,西屯,2019-06-04,35,4.0,5.0,nan,20,18,12.0,35
31,忠明,2019-06-04,36,6.0,6.0,nan,5,18,13.0,36
30,大里,2019-06-04,31,9.0,8.0,nan,23,19,8.0,31
29,沙鹿,2019-06-04,21,4.0,3.0,nan,5,16,16.0,21
28,豐原,2019-06-04,31,6.0,8.0,nan,14,8,19.0,31
27,三義,2019-06-04,21,6.0,1.0,nan,5,7,21.0,17
26,苗栗,2019-06-04,35,4.0,3.0,nan,9,13,16.0,35
25,頭份,2019-06-04,20,6.0,nan,nan,16,18,nan,20
24,新竹,2019-06-04,25,6.0,6.0,nan,20,25,17.0,11
23,竹東,2019-06-04,21,3.0,3.0,nan,21,17,14.0,3
22,湖口,2019-06-04,46,4.0,3.0,nan,20,20,19.0,46
21,龍潭,2019-06-04,27,4.0,5.0,nan,20,23,19.0,27
20,平鎮,2019-06-04,35,6.0,7.0,nan,17,29,17.0,35
19,觀音,2019-06-04,27,4.0,2.0,nan,19,15,24.0,27
18,大園,2019-06-04,38,11.0,5.0,nan,21,20,25.0,38
17,桃園,2019-06-04,41,26.0,8.0,nan,19,31,15.0,41
16,大同,2019-06-04,63,6.0,24.0,nan,28,63,nan,48
15,松山,2019-06-04,45,6.0,6.0,nan,27,29,16.0,45
14,古亭,2019-06-04,44,6.0,9.0,nan,20,32,14.0,44
13,萬華,2019-06-04,42,4.0,10.0,nan,25,42,13.0,35
12,中山,2019-06-04,50,6.0,11.0,nan,29,50,14.0,48
11,士林,2019-06-04,37,4.0,7.0,nan,25,31,20.0,37
10,淡水,2019-06-04,29,6.0,5.0,nan,14,13,19.0,29
9,林口,2019-06-04,32,9.0,3.0,nan,19,32,19.0,18
8,菜寮,2019-06-04,33,6.0,9.0,nan,26,33,16.0,32
7,新莊,2019-06-04,48,10.0,10.0,nan,29,36,19.0,48
6,板橋,2019-06-04,44,13.0,8.0,nan,27,37,17.0,44
5,土城,2019-06-04,43,9.0,7.0,nan,25,26,17.0,43
1,基隆,2019-06-05,39,10,3.0,nan,23.0,18,31.0,39.0
80,關山,2019-06-05,23,1,nan,nan,16.0,6,19.0,23.0
78,馬公,2019-06-05,25,4,2.0,nan,11.0,11,25.0,19.0
77,金門,2019-06-05,48,6,1.0,nan,22.0,15,28.0,48.0
75,馬祖,2019-06-05,80,6,3.0,nan,33.0,21,80.0,67.0
72,埔里,2019-06-05,40,6,5.0,nan,21.0,17,40.0,29.0
71,復興,2019-06-05,30,17,5.0,nan,21.0,24,nan,30.0
70,永和,2019-06-05,46,6,15.0,nan,30.0,39,nan,46.0
69,竹山,2019-06-05,34,4,5.0,nan,19.0,16,34.0,19.0
68,中壢,2019-06-05,59,7,23.0,nan,39.0,49,nan,59.0
67,三重,2019-06-05,45,9,18.0,nan,30.0,45,nan,45.0
66,冬山,2019-06-05,31,6,3.0,nan,29.0,10,26.0,31.0
65,宜蘭,2019-06-05,43,7,2.0,nan,20.0,6,30.0,43.0
64,陽明,2019-06-05,38,4,2.0,nan,13.0,4,38.0,27.0
63,花蓮,2019-06-05,29,4,3.0,nan,19.0,10,29.0,20.0
62,臺東,2019-06-05,17,1,3.0,nan,12.0,8,17.0,16.0
61,恆春,2019-06-05,24,3,1.0,nan,5.0,2,21.0,24.0
60,潮州,2019-06-05,38,6,2.0,nan,19.0,6,26.0,38.0
59,屏東,2019-06-05,56,11,6.0,nan,27.0,18,44.0,56.0
58,小港,2019-06-05,29,29,3.0,nan,19.0,25,16.0,23.0
57,前鎮,2019-06-05,22,16,nan,nan,21.0,22,nan,18.0
56,前金,2019-06-05,28,19,5.0,nan,17.0,19,28.0,19.0
54,左營,2019-06-05,31,9,5.0,nan,19.0,28,31.0,25.0
53,楠梓,2019-06-05,46,17,6.0,nan,23.0,24,31.0,46.0
52,林園,2019-06-05,31,30,3.0,nan,23.0,11,31.0,30.0
51,大寮,2019-06-05,41,17,3.0,nan,25.0,16,22.0,41.0
50,鳳山,2019-06-05,31,9,6.0,nan,21.0,23,nan,31.0
49,仁武,2019-06-05,37,14,5.0,nan,24.0,24,28.0,37.0
48,橋頭,2019-06-05,57,20,6.0,nan,25.0,23,33.0,57.0
47,美濃,2019-06-05,49,9,3.0,nan,31.0,8,49.0,22.0
46,臺南,2019-06-05,29,9,5.0,nan,19.0,17,26.0,29.0
45,安南,2019-06-05,37,9,5.0,nan,31.0,21,30.0,37.0
44,善化,2019-06-05,33,9,3.0,nan,23.0,11,32.0,33.0
43,新營,2019-06-05,42,4,3.0,nan,25.0,11,31.0,42.0
42,嘉義,2019-06-05,35,6,3.0,nan,17.0,9,35.0,nan
41,臺西,2019-06-05,46,6,nan,nan,27.0,13,nan,46.0
40,朴子,2019-06-05,42,4,3.0,nan,24.0,11,35.0,42.0
39,新港,2019-06-05,62,7,3.0,nan,39.0,12,32.0,62.0
38,崙背,2019-06-05,36,4,3.0,nan,22.0,15,36.0,21.0
37,斗六,2019-06-05,35,3,3.0,nan,16.0,14,35.0,23.0
36,南投,2019-06-05,28,3,3.0,nan,19.0,14,28.0,13.0
35,二林,2019-06-05,39,6,2.0,nan,23.0,11,39.0,39.0
34,線西,2019-06-05,34,9,nan,nan,16.0,19,nan,34.0
33,彰化,2019-06-05,41,7,5.0,nan,19.0,15,41.0,40.0
32,西屯,2019-06-05,45,4,3.0,nan,22.0,21,44.0,45.0
31,忠明,2019-06-05,42,4,6.0,nan,13.0,21,42.0,38.0
30,大里,2019-06-05,42,6,5.0,nan,22.0,21,42.0,26.0
29,沙鹿,2019-06-05,41,17,5.0,nan,10.0,24,41.0,28.0
28,豐原,2019-06-05,52,7,5.0,nan,26.0,16,41.0,52.0
27,三義,2019-06-05,40,10,3.0,nan,18.0,8,40.0,34.0
26,苗栗,2019-06-05,47,6,3.0,nan,16.0,14,25.0,47.0
25,頭份,2019-06-05,20,6,nan,nan,19.0,20,nan,8.0
24,新竹,2019-06-05,27,6,5.0,nan,24.0,13,27.0,17.0
23,竹東,2019-06-05,33,1,3.0,nan,nan,12,33.0,6.0
22,湖口,2019-06-05,37,6,3.0,nan,22.0,17,31.0,37.0
21,龍潭,2019-06-05,43,6,5.0,nan,28.0,21,43.0,41.0
20,平鎮,2019-06-05,44,7,6.0,nan,20.0,31,32.0,44.0
19,觀音,2019-06-05,53,13,5.0,nan,27.0,20,37.0,53.0
18,大園,2019-06-05,57,11,6.0,nan,30.0,27,39.0,57.0
17,桃園,2019-06-05,53,24,7.0,nan,28.0,27,40.0,53.0
16,大同,2019-06-05,50,6,18.0,nan,28.0,50,nan,45.0
15,松山,2019-06-05,48,9,7.0,nan,33.0,29,48.0,39.0
14,古亭,2019-06-05,54,6,9.0,nan,24.0,43,54.0,48.0
13,萬華,2019-06-05,46,6,9.0,nan,28.0,46,44.0,43.0
12,中山,2019-06-05,48,9,9.0,nan,30.0,42,43.0,48.0
11,士林,2019-06-05,54,4,5.0,nan,24.0,21,54.0,31.0
10,淡水,2019-06-05,46,6,6.0,nan,16.0,15,46.0,32.0
9,林口,2019-06-05,67,9,8.0,nan,27.0,43,67.0,32.0
8,菜寮,2019-06-05,45,7,8.0,nan,28.0,32,45.0,31.0
7,新莊,2019-06-05,54,9,9.0,nan,28.0,35,54.0,48.0
6,板橋,2019-06-05,50,9,9.0,nan,29.0,39,50.0,50.0
5,土城,2019-06-05,87,7,8.0,nan,33.0,40,87.0,58.0
4,新店,2019-06-05,67,4,6.0,nan,22.0,27,67.0,40.0
3,萬里,2019-06-05,44,6,2.0,nan,20.0,10,44.0,32.0
2,汐止,2019-06-05,44,11,5.0,nan,24.0,24,44.0,40.0
83,麥寮,2019-06-05,31,4,nan,nan,29.0,14,nan,31.0
84,富貴角,2019-06-05,90,13,2.0,nan,25.0,8,90.0,34.0
3,萬里,2019-06-06,47,6,3.0,nan,27.0,15,47.0,31.0
4,新店,2019-06-06,74,6,6.0,nan,25.0,23,74.0,50.0
5,土城,2019-06-06,49,7,6.0,nan,31.0,27,49.0,nan
6,板橋,2019-06-06,59,10,7.0,nan,32.0,40,44.0,59.0
7,新莊,2019-06-06,46,20,7.0,nan,31.0,27,44.0,46.0
8,菜寮,2019-06-06,38,7,7.0,nan,28.0,31,38.0,28.0
9,林口,2019-06-06,41,7,5.0,nan,28.0,25,41.0,27.0
10,淡水,2019-06-06,45,4,5.0,nan,nan,21,45.0,37.0
11,士林,2019-06-06,46,6,5.0,nan,29.0,24,46.0,44.0
12,中山,2019-06-06,46,14,9.0,nan,30.0,37,35.0,46.0
13,萬華,2019-06-06,52,7,9.0,nan,26.0,37,44.0,52.0
14,古亭,2019-06-06,64,6,7.0,nan,25.0,34,64.0,54.0
15,松山,2019-06-06,54,10,7.0,nan,36.0,29,49.0,54.0
16,大同,2019-06-06,53,4,17.0,nan,28.0,44,nan,53.0
17,桃園,2019-06-06,47,19,5.0,nan,26.0,25,31.0,47.0
18,大園,2019-06-06,50,7,3.0,nan,26.0,24,37.0,50.0
19,觀音,2019-06-06,55,4,3.0,nan,26.0,16,39.0,55.0
20,平鎮,2019-06-06,41,6,5.0,nan,22.0,22,31.0,41.0
21,龍潭,2019-06-06,43,6,5.0,nan,28.0,13,39.0,43.0
22,湖口,2019-06-06,40,6,3.0,nan,31.0,17,33.0,40.0
23,竹東,2019-06-06,37,6,3.0,nan,28.0,9,37.0,11.0
24,新竹,2019-06-06,30,10,3.0,nan,29.0,20,30.0,20.0
25,頭份,2019-06-06,20,7,nan,nan,19.0,20,nan,nan
26,苗栗,2019-06-06,45,6,3.0,nan,17.0,19,23.0,45.0
27,三義,2019-06-06,30,14,3.0,nan,18.0,12,28.0,30.0
28,豐原,2019-06-06,45,4,3.0,nan,21.0,8,31.0,45.0
29,沙鹿,2019-06-06,23,4,3.0,nan,9.0,20,23.0,18.0
30,大里,2019-06-06,32,6,5.0,nan,22.0,18,29.0,32.0
31,忠明,2019-06-06,37,4,5.0,nan,11.0,18,27.0,37.0
32,西屯,2019-06-06,33,6,3.0,nan,19.0,19,28.0,33.0
33,彰化,2019-06-06,37,17,5.0,nan,19.0,14,23.0,37.0
34,線西,2019-06-06,28,4,nan,nan,19.0,18,nan,28.0
35,二林,2019-06-06,47,6,2.0,nan,32.0,15,19.0,47.0
36,南投,2019-06-06,26,3,3.0,nan,19.0,11,26.0,18.0
37,斗六,2019-06-06,35,6,2.0,nan,18.0,12,35.0,30.0
38,崙背,2019-06-06,25,6,3.0,nan,25.0,15,22.0,23.0
39,新港,2019-06-06,49,6,3.0,nan,29.0,21,21.0,49.0
40,朴子,2019-06-06,32,7,3.0,nan,26.0,11,18.0,32.0
41,臺西,2019-06-06,41,4,nan,nan,26.0,8,nan,41.0
42,嘉義,2019-06-06,31,4,3.0,nan,18.0,13,31.0,22.0
43,新營,2019-06-06,42,7,3.0,nan,24.0,10,28.0,42.0
44,善化,2019-06-06,35,6,2.0,nan,28.0,8,29.0,35.0
45,安南,2019-06-06,41,6,5.0,nan,31.0,17,19.0,41.0
46,臺南,2019-06-06,30,10,3.0,nan,19.0,16,14.0,30.0
47,美濃,2019-06-06,31,4,2.0,nan,28.0,8,31.0,15.0
48,橋頭,2019-06-06,35,9,3.0,nan,22.0,12,16.0,35.0
49,仁武,2019-06-06,27,11,3.0,nan,26.0,12,13.0,27.0
50,鳳山,2019-06-06,66,14,7.0,nan,22.0,16,nan,66.0
51,大寮,2019-06-06,33,17,3.0,nan,22.0,4,12.0,33.0
52,林園,2019-06-06,18,4,2.0,nan,18.0,10,15.0,15.0
53,楠梓,2019-06-06,30,9,5.0,nan,19.0,16,14.0,30.0
54,左營,2019-06-06,22,7,3.0,nan,13.0,18,10.0,22.0
56,前金,2019-06-06,17,9,2.0,nan,17.0,16,10.0,10.0
57,前鎮,2019-06-06,29,7,nan,nan,29.0,15,nan,3.0
58,小港,2019-06-06,43,43,3.0,nan,25.0,14,8.0,21.0
59,屏東,2019-06-06,71,4,3.0,nan,nan,10,20.0,71.0
60,潮州,2019-06-06,31,3,2.0,nan,17.0,7,18.0,31.0
61,恆春,2019-06-06,19,3,1.0,nan,5.0,2,16.0,19.0
62,臺東,2019-06-06,11,3,3.0,nan,11.0,6,11.0,11.0
63,花蓮,2019-06-06,18,6,2.0,nan,16.0,8,18.0,11.0
64,陽明,2019-06-06,44,6,2.0,nan,20.0,8,44.0,38.0
65,宜蘭,2019-06-06,33,7,3.0,nan,22.0,8,31.0,33.0
66,冬山,2019-06-06,35,6,3.0,nan,29.0,11,35.0,31.0
67,三重,2019-06-06,50,14,19.0,nan,31.0,50,nan,44.0
68,中壢,2019-06-06,58,7,17.0,nan,30.0,44,nan,58.0
69,竹山,2019-06-06,40,4,3.0,nan,19.0,8,40.0,25.0
70,永和,2019-06-06,47,7,14.0,nan,31.0,36,nan,47.0
71,復興,2019-06-06,25,7,3.0,nan,25.0,14,nan,19.0
72,埔里,2019-06-06,34,4,3.0,nan,23.0,15,34.0,33.0
75,馬祖,2019-06-06,44,4,1.0,nan,24.0,12,39.0,44.0
77,金門,2019-06-06,33,7,1.0,nan,15.0,16,19.0,33.0
78,馬公,2019-06-06,17,7,3.0,nan,nan,12,17.0,15.0
80,關山,2019-06-06,16,3,nan,nan,14.0,5,11.0,16.0
83,麥寮,2019-06-06,37,6,nan,nan,37.0,14,nan,30.0
84,富貴角,2019-06-06,49,3,2.0,nan,26.0,12,49.0,41.0
2,汐止,2019-06-06,54,9,6.0,nan,29.0,24,54.0,43.0
1,基隆,2019-06-06,42,10,5.0,nan,24.0,22,40.0,42.0
50,鳳山,2019-06-07,33,21,5.0,nan,18.0,10,nan,33.0
84,富貴角,2019-06-07,27,4,2.0,nan,22.0,10,27.0,25.0
1,基隆,2019-06-07,44,6,5.0,nan,25.0,19,44.0,40.0
2,汐止,2019-06-07,50,10,6.0,nan,26.0,24,50.0,40.0
3,萬里,2019-06-07,48,7,3.0,nan,23.0,15,48.0,31.0
4,新店,2019-06-07,47,9,3.0,nan,21.0,13,47.0,40.0
5,土城,2019-06-07,38,6,5.0,nan,24.0,17,37.0,38.0
6,板橋,2019-06-07,45,14,5.0,nan,26.0,28,35.0,45.0
7,新莊,2019-06-07,37,17,6.0,nan,24.0,19,37.0,37.0
8,菜寮,2019-06-07,35,6,6.0,nan,27.0,26,35.0,30.0
9,林口,2019-06-07,32,7,2.0,nan,19.0,19,32.0,10.0
10,淡水,2019-06-07,25,4,5.0,nan,18.0,25,25.0,25.0
11,士林,2019-06-07,39,4,5.0,nan,22.0,26,39.0,31.0
12,中山,2019-06-07,40,4,7.0,nan,30.0,30,35.0,40.0
13,萬華,2019-06-07,43,4,6.0,nan,23.0,27,37.0,43.0
14,古亭,2019-06-07,46,6,5.0,nan,21.0,22,46.0,44.0
15,松山,2019-06-07,45,6,5.0,nan,31.0,28,45.0,45.0
16,大同,2019-06-07,44,4,17.0,nan,28.0,44,nan,44.0
17,桃園,2019-06-07,36,6,3.0,nan,15.0,17,26.0,36.0
18,大園,2019-06-07,28,6,2.0,nan,18.0,11,28.0,28.0
19,觀音,2019-06-07,25,6,2.0,nan,18.0,10,20.0,25.0
20,平鎮,2019-06-07,43,4,2.0,nan,16.0,11,28.0,43.0
21,龍潭,2019-06-07,39,6,3.0,nan,23.0,10,32.0,39.0
22,湖口,2019-06-07,26,7,2.0,nan,21.0,15,26.0,20.0
23,竹東,2019-06-07,31,4,3.0,nan,25.0,8,31.0,8.0
24,新竹,2019-06-07,24,6,3.0,nan,24.0,17,23.0,7.0
25,頭份,2019-06-07,17,9,nan,nan,17.0,15,nan,nan
26,苗栗,2019-06-07,34,4,2.0,nan,11.0,10,22.0,34.0
27,三義,2019-06-07,27,9,2.0,nan,13.0,8,27.0,26.0
28,豐原,2019-06-07,31,4,2.0,nan,16.0,8,31.0,28.0
29,沙鹿,2019-06-07,25,3,2.0,nan,5.0,11,25.0,3.0
30,大里,2019-06-07,29,4,3.0,nan,19.0,14,29.0,23.0
31,忠明,2019-06-07,32,4,2.0,nan,5.0,12,28.0,32.0
32,西屯,2019-06-07,29,4,2.0,nan,18.0,10,29.0,nan
33,彰化,2019-06-07,43,7,2.0,nan,17.0,9,25.0,43.0
34,線西,2019-06-07,16,4,nan,nan,14.0,12,nan,16.0
35,二林,2019-06-07,42,6,2.0,nan,26.0,12,22.0,42.0
36,南投,2019-06-07,24,10,2.0,nan,18.0,8,24.0,16.0
37,斗六,2019-06-07,30,4,2.0,nan,15.0,8,29.0,30.0
38,崙背,2019-06-07,26,3,2.0,nan,17.0,14,26.0,8.0
39,新港,2019-06-07,36,4,2.0,nan,19.0,8,22.0,36.0
40,朴子,2019-06-07,21,6,2.0,nan,19.0,10,21.0,7.0
41,臺西,2019-06-07,24,4,nan,nan,18.0,6,nan,24.0
42,嘉義,2019-06-07,24,6,2.0,nan,15.0,11,24.0,12.0
43,新營,2019-06-07,26,4,2.0,nan,19.0,9,26.0,26.0
44,善化,2019-06-07,27,3,2.0,nan,20.0,6,27.0,18.0
45,安南,2019-06-07,26,4,2.0,nan,26.0,12,22.0,25.0
46,臺南,2019-06-07,22,7,2.0,nan,16.0,13,19.0,22.0
47,美濃,2019-06-07,28,4,2.0,nan,nan,6,28.0,12.0
48,橋頭,2019-06-07,22,9,2.0,nan,nan,10,21.0,22.0
49,仁武,2019-06-07,21,10,2.0,nan,15.0,8,21.0,21.0
51,大寮,2019-06-07,24,6,2.0,nan,18.0,12,19.0,24.0
52,林園,2019-06-07,21,16,1.0,nan,20.0,6,20.0,21.0
53,楠梓,2019-06-07,21,14,2.0,nan,15.0,9,21.0,18.0
54,左營,2019-06-07,19,11,2.0,nan,14.0,9,19.0,11.0
56,前金,2019-06-07,18,9,2.0,nan,13.0,9,18.0,8.0
57,前鎮,2019-06-07,18,13,nan,nan,18.0,11,nan,3.0
58,小港,2019-06-07,20,20,1.0,nan,19.0,10,16.0,15.0
59,屏東,2019-06-07,62,6,2.0,nan,18.0,9,25.0,62.0
60,潮州,2019-06-07,27,3,3.0,nan,19.0,8,19.0,27.0
61,恆春,2019-06-07,22,3,1.0,nan,11.0,2,22.0,21.0
62,臺東,2019-06-07,19,3,5.0,nan,19.0,4,14.0,13.0
63,花蓮,2019-06-07,18,6,2.0,nan,18.0,14,9.0,11.0
64,陽明,2019-06-07,30,4,2.0,nan,15.0,6,30.0,22.0
65,宜蘭,2019-06-07,41,7,2.0,nan,25.0,7,38.0,41.0
66,冬山,2019-06-07,35,3,3.0,nan,27.0,9,35.0,33.0
67,三重,2019-06-07,42,6,12.0,nan,29.0,40,nan,42.0
68,中壢,2019-06-07,47,6,10.0,nan,19.0,25,nan,47.0
69,竹山,2019-06-07,29,4,2.0,nan,20.0,8,29.0,13.0
70,永和,2019-06-07,47,7,8.0,nan,29.0,21,nan,47.0
71,復興,2019-06-07,18,13,3.0,nan,18.0,13,nan,15.0
72,埔里,2019-06-07,30,4,3.0,nan,23.0,13,30.0,30.0
75,馬祖,2019-06-07,57,6,1.0,nan,31.0,15,32.0,57.0
77,金門,2019-06-07,46,7,1.0,nan,20.0,17,25.0,46.0
78,馬公,2019-06-07,22,3,2.0,nan,nan,8,22.0,10.0
80,關山,2019-06-07,22,4,nan,nan,22.0,4,13.0,19.0
83,麥寮,2019-06-07,25,7,nan,nan,25.0,9,nan,8.0
83,麥寮,2019-06-08,29,4,nan,nan,29.0,9,nan,nan
80,關山,2019-06-08,24,3,nan,nan,24.0,4,19.0,24.0
84,富貴角,2019-06-08,32,3,2.0,nan,28.0,13,32.0,31.0
1,基隆,2019-06-08,46,4,5.0,nan,26.0,24,46.0,39.0
78,馬公,2019-06-08,26,26,2.0,nan,nan,12,19.0,17.0
77,金門,2019-06-08,42,7,1.0,nan,23.0,13,33.0,42.0
75,馬祖,2019-06-08,70,4,2.0,nan,49.0,8,44.0,70.0
72,埔里,2019-06-08,37,3,3.0,nan,24.0,13,33.0,37.0
71,復興,2019-06-08,24,6,3.0,nan,17.0,24,nan,21.0
70,永和,2019-06-08,38,6,7.0,nan,28.0,24,nan,38.0
69,竹山,2019-06-08,31,4,2.0,nan,19.0,6,31.0,19.0
68,中壢,2019-06-08,57,4,12.0,nan,23.0,26,nan,57.0
67,三重,2019-06-08,38,7,16.0,nan,28.0,38,nan,27.0
66,冬山,2019-06-08,45,7,3.0,nan,30.0,16,33.0,45.0
65,宜蘭,2019-06-08,41,10,3.0,nan,27.0,8,41.0,39.0
64,陽明,2019-06-08,34,3,2.0,nan,18.0,5,34.0,27.0
63,花蓮,2019-06-08,24,3,3.0,nan,22.0,22,24.0,19.0
62,臺東,2019-06-08,25,3,3.0,nan,19.0,8,25.0,24.0
61,恆春,2019-06-08,27,3,1.0,nan,9.0,3,22.0,27.0
60,潮州,2019-06-08,36,4,2.0,nan,22.0,9,36.0,36.0
59,屏東,2019-06-08,56,6,3.0,nan,19.0,11,34.0,56.0
58,小港,2019-06-08,20,6,2.0,nan,15.0,15,20.0,20.0
57,前鎮,2019-06-08,21,7,nan,nan,16.0,21,nan,3.0
56,前金,2019-06-08,21,6,2.0,nan,9.0,9,21.0,13.0
54,左營,2019-06-08,21,7,2.0,nan,11.0,9,21.0,18.0
53,楠梓,2019-06-08,25,3,3.0,nan,14.0,11,24.0,25.0
52,林園,2019-06-08,27,7,2.0,nan,19.0,8,24.0,27.0
51,大寮,2019-06-08,38,9,3.0,nan,21.0,12,27.0,38.0
50,鳳山,2019-06-08,30,3,3.0,nan,15.0,11,nan,30.0
49,仁武,2019-06-08,23,13,2.0,nan,16.0,8,23.0,22.0
48,橋頭,2019-06-08,35,4,3.0,nan,nan,11,24.0,35.0
47,美濃,2019-06-08,30,3,2.0,nan,nan,6,30.0,14.0
46,臺南,2019-06-08,25,6,2.0,nan,15.0,10,22.0,25.0
45,安南,2019-06-08,33,3,2.0,nan,27.0,11,24.0,33.0
44,善化,2019-06-08,28,3,1.0,nan,19.0,7,24.0,28.0
43,新營,2019-06-08,41,3,2.0,nan,22.0,8,23.0,41.0
42,嘉義,2019-06-08,25,7,2.0,nan,16.0,10,24.0,25.0
41,臺西,2019-06-08,37,4,nan,nan,19.0,7,nan,37.0
40,朴子,2019-06-08,29,4,2.0,nan,19.0,8,20.0,29.0
39,新港,2019-06-08,39,4,2.0,nan,19.0,11,20.0,39.0
38,崙背,2019-06-08,21,3,2.0,nan,21.0,9,21.0,19.0
37,斗六,2019-06-08,51,4,2.0,nan,15.0,10,26.0,51.0
36,南投,2019-06-08,24,4,2.0,nan,19.0,14,24.0,22.0
35,二林,2019-06-08,47,6,2.0,nan,29.0,11,23.0,47.0
34,線西,2019-06-08,31,6,nan,nan,18.0,11,nan,31.0
33,彰化,2019-06-08,44,13,2.0,nan,21.0,10,25.0,44.0
32,西屯,2019-06-08,32,4,2.0,nan,19.0,12,31.0,32.0
31,忠明,2019-06-08,42,4,2.0,nan,11.0,15,30.0,42.0
30,大里,2019-06-08,34,4,3.0,nan,21.0,16,29.0,34.0
29,沙鹿,2019-06-08,27,10,3.0,nan,10.0,11,27.0,13.0
28,豐原,2019-06-08,38,3,2.0,nan,17.0,8,33.0,38.0
27,三義,2019-06-08,31,6,1.0,nan,14.0,7,31.0,27.0
26,苗栗,2019-06-08,42,6,2.0,nan,15.0,8,27.0,42.0
25,頭份,2019-06-08,19,7,nan,nan,19.0,12,nan,nan
24,新竹,2019-06-08,24,6,3.0,nan,24.0,15,23.0,9.0
23,竹東,2019-06-08,38,3,3.0,nan,25.0,10,38.0,7.0
22,湖口,2019-06-08,37,6,2.0,nan,32.0,15,26.0,37.0
21,龍潭,2019-06-08,46,4,3.0,nan,26.0,14,35.0,46.0
20,平鎮,2019-06-08,35,9,3.0,nan,20.0,23,29.0,35.0
19,觀音,2019-06-08,31,4,2.0,nan,22.0,9,24.0,31.0
18,大園,2019-06-08,38,6,2.0,nan,20.0,13,30.0,38.0
17,桃園,2019-06-08,45,16,5.0,nan,20.0,27,28.0,45.0
16,大同,2019-06-08,46,4,16.0,nan,28.0,41,nan,46.0
15,松山,2019-06-08,39,4,5.0,nan,32.0,26,35.0,39.0
14,古亭,2019-06-08,48,4,5.0,nan,21.0,17,40.0,48.0
13,萬華,2019-06-08,41,4,6.0,nan,nan,25,35.0,41.0
12,中山,2019-06-08,54,6,8.0,nan,29.0,34,32.0,54.0
11,士林,2019-06-08,44,4,5.0,nan,27.0,20,42.0,44.0
10,淡水,2019-06-08,31,3,5.0,nan,16.0,17,31.0,30.0
9,林口,2019-06-08,35,6,3.0,nan,23.0,23,35.0,20.0
8,菜寮,2019-06-08,35,6,6.0,nan,26.0,27,35.0,32.0
7,新莊,2019-06-08,39,17,5.0,nan,23.0,18,39.0,39.0
6,板橋,2019-06-08,45,4,5.0,nan,27.0,20,37.0,45.0
5,土城,2019-06-08,44,4,5.0,nan,27.0,27,38.0,44.0
4,新店,2019-06-08,37,3,3.0,nan,20.0,16,37.0,33.0
3,萬里,2019-06-08,54,7,3.0,nan,26.0,12,54.0,31.0
2,汐止,2019-06-08,42,11,6.0,nan,26.0,29,42.0,41.0
84,富貴角,2019-06-09,34,1,1.0,nan,32.0,8,30.0,34.0
80,關山,2019-06-09,29,1,nan,nan,22.0,3,19.0,29.0
78,馬公,2019-06-09,22,9,2.0,nan,nan,8,22.0,16.0
77,金門,2019-06-09,30,3,1.0,nan,25.0,8,29.0,30.0
75,馬祖,2019-06-09,48,3,1.0,nan,38.0,21,31.0,48.0
72,埔里,2019-06-09,31,6,3.0,nan,22.0,13,29.0,31.0
71,復興,2019-06-09,23,4,3.0,nan,17.0,8,nan,23.0
70,永和,2019-06-09,31,4,7.0,nan,25.0,21,nan,31.0
69,竹山,2019-06-09,28,4,1.0,nan,17.0,9,28.0,17.0
68,中壢,2019-06-09,54,4,10.0,nan,22.0,21,nan,54.0
67,三重,2019-06-09,34,6,16.0,nan,24.0,28,nan,34.0
66,冬山,2019-06-09,39,6,3.0,nan,31.0,9,34.0,39.0
65,宜蘭,2019-06-09,46,11,3.0,nan,25.0,9,34.0,46.0
64,陽明,2019-06-09,27,4,1.0,nan,13.0,5,27.0,20.0
63,花蓮,2019-06-09,31,3,3.0,nan,20.0,12,31.0,21.0
62,臺東,2019-06-09,26,3,3.0,nan,20.0,7,23.0,26.0
61,恆春,2019-06-09,29,3,1.0,nan,10.0,3,29.0,27.0
60,潮州,2019-06-09,42,3,2.0,nan,18.0,8,31.0,42.0
59,屏東,2019-06-09,34,6,3.0,nan,17.0,17,31.0,34.0
58,小港,2019-06-09,41,41,2.0,nan,15.0,14,24.0,20.0
57,前鎮,2019-06-09,16,6,nan,nan,16.0,16,nan,8.0
56,前金,2019-06-09,24,4,3.0,nan,10.0,8,24.0,16.0
54,左營,2019-06-09,25,6,2.0,nan,13.0,11,25.0,22.0
53,楠梓,2019-06-09,31,6,2.0,nan,12.0,14,27.0,31.0
52,林園,2019-06-09,26,10,5.0,nan,21.0,12,26.0,26.0
51,大寮,2019-06-09,40,17,3.0,nan,21.0,16,25.0,40.0
50,鳳山,2019-06-09,58,9,3.0,nan,15.0,14,nan,58.0
49,仁武,2019-06-09,26,9,2.0,nan,17.0,9,26.0,24.0
48,橋頭,2019-06-09,32,4,3.0,nan,nan,12,28.0,32.0
47,美濃,2019-06-09,26,3,2.0,nan,nan,5,26.0,9.0
46,臺南,2019-06-09,30,4,2.0,nan,17.0,12,25.0,30.0
45,安南,2019-06-09,27,4,3.0,nan,23.0,14,27.0,22.0
44,善化,2019-06-09,27,3,2.0,nan,19.0,10,27.0,27.0
43,新營,2019-06-09,35,4,2.0,nan,18.0,8,25.0,35.0
42,嘉義,2019-06-09,27,9,2.0,nan,13.0,8,27.0,23.0
41,臺西,2019-06-09,35,6,nan,nan,18.0,9,nan,35.0
40,朴子,2019-06-09,25,4,2.0,nan,21.0,13,22.0,25.0
39,新港,2019-06-09,40,4,2.0,nan,17.0,8,22.0,40.0
38,崙背,2019-06-09,23,3,2.0,nan,17.0,8,23.0,19.0
37,斗六,2019-06-09,41,3,2.0,nan,11.0,10,28.0,41.0
36,南投,2019-06-09,27,3,2.0,nan,19.0,13,23.0,27.0
35,二林,2019-06-09,47,6,2.0,nan,26.0,8,22.0,47.0
34,線西,2019-06-09,30,4,nan,nan,19.0,8,nan,30.0
33,彰化,2019-06-09,40,4,2.0,nan,18.0,10,23.0,40.0
32,西屯,2019-06-09,38,3,2.0,nan,19.0,14,27.0,38.0
31,忠明,2019-06-09,47,3,2.0,nan,10.0,11,25.0,47.0
30,大里,2019-06-09,26,4,2.0,nan,20.0,9,26.0,nan
29,沙鹿,2019-06-09,26,4,2.0,nan,5.0,10,26.0,12.0
28,豐原,2019-06-09,44,3,2.0,nan,14.0,6,29.0,44.0
27,三義,2019-06-09,27,4,2.0,nan,11.0,5,27.0,27.0
26,苗栗,2019-06-09,41,3,2.0,nan,12.0,8,23.0,41.0
25,頭份,2019-06-09,18,4,nan,nan,18.0,11,nan,nan
24,新竹,2019-06-09,30,3,3.0,nan,24.0,12,30.0,6.0
23,竹東,2019-06-09,30,3,1.0,nan,21.0,6,30.0,3.0
22,湖口,2019-06-09,41,4,2.0,nan,41.0,13,30.0,34.0
21,龍潭,2019-06-09,39,3,2.0,nan,23.0,11,31.0,39.0
20,平鎮,2019-06-09,41,6,2.0,nan,24.0,19,27.0,41.0
19,觀音,2019-06-09,34,4,1.0,nan,23.0,9,28.0,34.0
18,大園,2019-06-09,43,4,1.0,nan,20.0,9,32.0,43.0
17,桃園,2019-06-09,42,11,3.0,nan,17.0,20,26.0,42.0
16,大同,2019-06-09,43,7,20.0,nan,24.0,33,nan,43.0
1,基隆,2019-06-09,32,3,5.0,nan,23.0,23,31.0,32.0
2,汐止,2019-06-09,32,4,5.0,nan,23.0,21,32.0,32.0
3,萬里,2019-06-09,33,4,3.0,nan,23.0,19,33.0,26.0
4,新店,2019-06-09,29,1,3.0,nan,19.0,11,29.0,27.0
5,土城,2019-06-09,41,3,5.0,nan,24.0,18,31.0,41.0
6,板橋,2019-06-09,42,7,5.0,nan,24.0,17,30.0,42.0
7,新莊,2019-06-09,33,11,5.0,nan,19.0,15,31.0,33.0
8,菜寮,2019-06-09,29,6,5.0,nan,24.0,16,29.0,27.0
9,林口,2019-06-09,34,4,2.0,nan,22.0,17,34.0,18.0
10,淡水,2019-06-09,31,3,2.0,nan,15.0,8,31.0,26.0
11,士林,2019-06-09,41,4,3.0,nan,26.0,17,34.0,41.0
12,中山,2019-06-09,41,4,8.0,nan,26.0,25,22.0,41.0
13,萬華,2019-06-09,30,4,6.0,nan,23.0,21,26.0,30.0
14,古亭,2019-06-09,33,1,5.0,nan,19.0,19,30.0,33.0
15,松山,2019-06-09,40,4,6.0,nan,30.0,25,25.0,40.0
83,麥寮,2019-06-09,27,3,nan,nan,27.0,8,nan,22.0
36,南投,2019-06-10,16,3,3.0,nan,15.0,10,15.0,16.0
37,斗六,2019-06-10,30,3,3.0,nan,5.0,12,19.0,30.0
38,崙背,2019-06-10,20,4,2.0,nan,14.0,11,20.0,8.0
39,新港,2019-06-10,35,6,2.0,nan,19.0,17,18.0,35.0
40,朴子,2019-06-10,28,6,2.0,nan,19.0,10,18.0,28.0
41,臺西,2019-06-10,22,4,nan,nan,15.0,7,nan,22.0
42,嘉義,2019-06-10,18,10,3.0,nan,12.0,13,18.0,12.0
43,新營,2019-06-10,31,6,3.0,nan,17.0,11,19.0,31.0
44,善化,2019-06-10,23,4,2.0,nan,16.0,8,23.0,11.0
45,安南,2019-06-10,33,6,3.0,nan,26.0,22,23.0,33.0
46,臺南,2019-06-10,25,6,3.0,nan,14.0,16,25.0,19.0
47,美濃,2019-06-10,22,1,1.0,nan,nan,4,22.0,6.0
1,基隆,2019-06-10,31,6,6.0,nan,19.0,26,13.0,31.0
2,汐止,2019-06-10,29,9,8.0,nan,22.0,29,10.0,28.0
3,萬里,2019-06-10,25,4,3.0,nan,25.0,16,17.0,25.0
4,新店,2019-06-10,25,4,6.0,nan,19.0,25,8.0,23.0
5,土城,2019-06-10,28,6,7.0,nan,21.0,25,8.0,28.0
6,板橋,2019-06-10,36,7,10.0,nan,21.0,30,9.0,36.0
7,新莊,2019-06-10,38,7,12.0,nan,17.0,30,13.0,38.0
8,菜寮,2019-06-10,34,6,11.0,nan,19.0,34,9.0,21.0
48,橋頭,2019-06-10,28,3,2.0,nan,nan,16,25.0,28.0
49,仁武,2019-06-10,23,16,2.0,nan,16.0,17,22.0,23.0
9,林口,2019-06-10,31,6,5.0,nan,17.0,31,17.0,9.0
50,鳳山,2019-06-10,45,4,3.0,nan,12.0,15,nan,45.0
10,淡水,2019-06-10,17,3,6.0,nan,9.0,17,17.0,16.0
51,大寮,2019-06-10,37,20,3.0,nan,18.0,17,19.0,37.0
11,士林,2019-06-10,28,3,7.0,nan,17.0,23,14.0,28.0
52,林園,2019-06-10,29,6,3.0,nan,18.0,13,29.0,24.0
12,中山,2019-06-10,40,7,11.0,nan,23.0,28,6.0,40.0
53,楠梓,2019-06-10,24,3,2.0,nan,10.0,19,24.0,20.0
13,萬華,2019-06-10,27,7,10.0,nan,19.0,27,6.0,22.0
54,左營,2019-06-10,25,7,5.0,nan,9.0,25,25.0,20.0
14,古亭,2019-06-10,37,6,8.0,nan,18.0,28,8.0,37.0
56,前金,2019-06-10,27,6,6.0,nan,11.0,22,27.0,13.0
15,松山,2019-06-10,33,6,7.0,nan,25.0,26,8.0,33.0
57,前鎮,2019-06-10,24,4,nan,nan,20.0,24,nan,8.0
58,小港,2019-06-10,23,6,3.0,nan,14.0,23,20.0,17.0
59,屏東,2019-06-10,25,3,3.0,nan,13.0,13,24.0,25.0
60,潮州,2019-06-10,35,9,2.0,nan,13.0,8,28.0,35.0
61,恆春,2019-06-10,24,3,1.0,nan,nan,2,24.0,nan
62,臺東,2019-06-10,24,3,6.0,nan,19.0,13,19.0,24.0
63,花蓮,2019-06-10,25,4,3.0,nan,22.0,13,14.0,25.0
64,陽明,2019-06-10,19,4,1.0,nan,5.0,7,19.0,12.0
65,宜蘭,2019-06-10,40,9,5.0,nan,24.0,14,23.0,40.0
66,冬山,2019-06-10,37,6,3.0,nan,35.0,16,20.0,37.0
67,三重,2019-06-10,36,7,19.0,nan,24.0,36,nan,36.0
68,中壢,2019-06-10,26,6,19.0,nan,16.0,24,nan,26.0
69,竹山,2019-06-10,19,6,2.0,nan,18.0,8,19.0,7.0
70,永和,2019-06-10,30,3,14.0,nan,23.0,30,nan,30.0
71,復興,2019-06-10,25,4,7.0,nan,18.0,25,nan,24.0
72,埔里,2019-06-10,30,4,2.0,nan,20.0,11,18.0,30.0
75,馬祖,2019-06-10,44,3,2.0,nan,19.0,11,44.0,37.0
77,金門,2019-06-10,34,6,2.0,nan,23.0,16,26.0,34.0
78,馬公,2019-06-10,19,6,2.0,nan,nan,9,19.0,11.0
80,關山,2019-06-10,30,7,nan,nan,30.0,6,14.0,29.0
83,麥寮,2019-06-10,26,3,nan,nan,26.0,8,nan,12.0
84,富貴角,2019-06-10,22,1,2.0,nan,22.0,11,15.0,20.0
17,桃園,2019-06-10,36,29,10.0,nan,14.0,24,14.0,36.0
18,大園,2019-06-10,28,9,3.0,nan,14.0,17,19.0,28.0
19,觀音,2019-06-10,20,4,2.0,nan,16.0,7,19.0,20.0
20,平鎮,2019-06-10,31,6,5.0,nan,11.0,20,16.0,31.0
21,龍潭,2019-06-10,20,6,3.0,nan,16.0,14,19.0,20.0
22,湖口,2019-06-10,20,4,3.0,nan,19.0,13,16.0,20.0
23,竹東,2019-06-10,19,4,3.0,nan,18.0,10,19.0,3.0
24,新竹,2019-06-10,17,4,3.0,nan,17.0,13,17.0,3.0
25,頭份,2019-06-10,12,4,nan,nan,11.0,12,nan,3.0
26,苗栗,2019-06-10,24,3,2.0,nan,5.0,8,14.0,24.0
27,三義,2019-06-10,19,3,1.0,nan,5.0,4,19.0,11.0
28,豐原,2019-06-10,36,3,2.0,nan,11.0,8,19.0,36.0
29,沙鹿,2019-06-10,15,4,2.0,nan,5.0,15,15.0,3.0
30,大里,2019-06-10,22,7,6.0,nan,17.0,22,11.0,nan
31,忠明,2019-06-10,33,9,6.0,nan,10.0,22,14.0,33.0
32,西屯,2019-06-10,30,4,3.0,nan,19.0,23,12.0,30.0
33,彰化,2019-06-10,22,7,3.0,nan,15.0,10,16.0,22.0
34,線西,2019-06-10,29,4,nan,nan,17.0,13,nan,29.0
16,大同,2019-06-10,33,9,25.0,nan,22.0,33,nan,29.0
35,二林,2019-06-10,31,6,2.0,nan,21.0,11,18.0,31.0
20,平鎮,2019-06-11,30,6,6.0,nan,9.0,30,24.0,28.0
21,龍潭,2019-06-11,31,4,3.0,nan,13.0,19,31.0,11.0
22,湖口,2019-06-11,39,3,2.0,nan,13.0,11,39.0,20.0
23,竹東,2019-06-11,28,3,3.0,nan,14.0,20,28.0,3.0
24,新竹,2019-06-11,34,3,5.0,nan,13.0,17,34.0,3.0
25,頭份,2019-06-11,22,4,nan,nan,10.0,20,nan,22.0
26,苗栗,2019-06-11,23,6,5.0,nan,9.0,16,23.0,19.0
27,三義,2019-06-11,27,6,2.0,nan,5.0,9,27.0,7.0
28,豐原,2019-06-11,26,9,14.0,nan,13.0,12,25.0,26.0
29,沙鹿,2019-06-11,26,6,5.0,nan,5.0,26,23.0,9.0
30,大里,2019-06-11,21,9,7.0,nan,16.0,21,19.0,15.0
31,忠明,2019-06-11,25,6,7.0,nan,5.0,25,18.0,22.0
32,西屯,2019-06-11,28,4,6.0,nan,14.0,26,15.0,28.0
33,彰化,2019-06-11,21,9,6.0,nan,10.0,18,21.0,19.0
34,線西,2019-06-11,105,105,nan,nan,12.0,15,nan,17.0
35,二林,2019-06-11,26,6,2.0,nan,14.0,10,24.0,26.0
36,南投,2019-06-11,16,6,5.0,nan,10.0,16,14.0,8.0
37,斗六,2019-06-11,23,4,3.0,nan,5.0,14,22.0,23.0
38,崙背,2019-06-11,24,3,3.0,nan,10.0,17,24.0,8.0
39,新港,2019-06-11,26,6,5.0,nan,15.0,16,19.0,26.0
40,朴子,2019-06-11,21,4,3.0,nan,12.0,11,21.0,18.0
41,臺西,2019-06-11,12,4,nan,nan,11.0,12,nan,11.0
42,嘉義,2019-06-11,19,9,3.0,nan,5.0,13,19.0,6.0
43,新營,2019-06-11,32,4,3.0,nan,11.0,14,23.0,32.0
44,善化,2019-06-11,23,4,2.0,nan,12.0,6,23.0,17.0
45,安南,2019-06-11,21,4,5.0,nan,21.0,18,19.0,19.0
46,臺南,2019-06-11,21,4,6.0,nan,9.0,21,19.0,16.0
47,美濃,2019-06-11,32,3,2.0,nan,16.0,5,16.0,32.0
48,橋頭,2019-06-11,21,3,3.0,nan,9.0,21,18.0,19.0
49,仁武,2019-06-11,34,34,6.0,nan,11.0,25,14.0,17.0
50,鳳山,2019-06-11,39,10,6.0,nan,12.0,22,nan,39.0
51,大寮,2019-06-11,26,20,3.0,nan,14.0,19,12.0,26.0
52,林園,2019-06-11,19,19,3.0,nan,18.0,18,19.0,18.0
53,楠梓,2019-06-11,19,7,3.0,nan,5.0,19,14.0,16.0
54,左營,2019-06-11,23,7,6.0,nan,11.0,23,16.0,19.0
56,前金,2019-06-11,23,9,7.0,nan,13.0,23,18.0,12.0
57,前鎮,2019-06-11,33,10,nan,nan,16.0,33,nan,3.0
58,小港,2019-06-11,25,14,6.0,nan,14.0,25,14.0,15.0
59,屏東,2019-06-11,19,3,5.0,nan,5.0,12,19.0,13.0
60,潮州,2019-06-11,19,10,2.0,nan,5.0,8,19.0,15.0
62,臺東,2019-06-11,16,3,5.0,nan,16.0,12,10.0,13.0
63,花蓮,2019-06-11,44,1,3.0,nan,15.0,12,44.0,24.0
64,陽明,2019-06-11,44,3,1.0,nan,5.0,5,44.0,3.0
65,宜蘭,2019-06-11,41,9,2.0,nan,15.0,9,41.0,nan
66,冬山,2019-06-11,41,3,2.0,nan,19.0,11,41.0,27.0
67,三重,2019-06-11,42,7,17.0,nan,16.0,42,nan,21.0
68,中壢,2019-06-11,37,4,14.0,nan,16.0,37,nan,34.0
69,竹山,2019-06-11,20,3,2.0,nan,12.0,11,20.0,6.0
70,永和,2019-06-11,28,4,16.0,nan,17.0,28,nan,nan
71,復興,2019-06-11,27,6,14.0,nan,18.0,27,nan,19.0
72,埔里,2019-06-11,21,7,5.0,nan,15.0,21,18.0,21.0
75,馬祖,2019-06-11,71,3,2.0,nan,25.0,9,71.0,47.0
77,金門,2019-06-11,44,6,3.0,nan,22.0,11,44.0,32.0
78,馬公,2019-06-11,42,3,3.0,nan,nan,9,42.0,10.0
80,關山,2019-06-11,30,3,nan,nan,30.0,7,7.0,20.0
83,麥寮,2019-06-11,19,1,nan,nan,19.0,12,nan,10.0
84,富貴角,2019-06-11,47,1,2.0,nan,19.0,9,47.0,20.0
1,基隆,2019-06-11,45,3,3.0,nan,11.0,12,45.0,18.0
2,汐止,2019-06-11,31,11,3.0,nan,11.0,22,31.0,12.0
3,萬里,2019-06-11,54,6,2.0,nan,16.0,8,54.0,12.0
4,新店,2019-06-11,30,4,5.0,nan,10.0,22,30.0,12.0
5,土城,2019-06-11,31,3,6.0,nan,12.0,26,31.0,19.0
6,板橋,2019-06-11,30,6,7.0,nan,13.0,30,21.0,23.0
7,新莊,2019-06-11,34,4,7.0,nan,5.0,34,22.0,20.0
8,菜寮,2019-06-11,25,4,8.0,nan,12.0,25,22.0,14.0
9,林口,2019-06-11,36,4,5.0,nan,14.0,23,36.0,7.0
10,淡水,2019-06-11,37,4,5.0,nan,10.0,15,37.0,15.0
11,士林,2019-06-11,28,3,5.0,nan,9.0,26,28.0,15.0
12,中山,2019-06-11,39,3,8.0,nan,15.0,39,17.0,20.0
13,萬華,2019-06-11,36,4,9.0,nan,13.0,36,20.0,10.0
14,古亭,2019-06-11,29,4,8.0,nan,9.0,27,29.0,27.0
15,松山,2019-06-11,29,4,5.0,nan,18.0,28,25.0,29.0
16,大同,2019-06-11,48,7,20.0,nan,14.0,48,nan,27.0
17,桃園,2019-06-11,25,19,6.0,nan,9.0,23,22.0,25.0
18,大園,2019-06-11,37,7,5.0,nan,11.0,22,37.0,25.0
19,觀音,2019-06-11,39,9,2.0,nan,13.0,10,39.0,21.0
77,金門,2019-06-12,67,4,3.0,nan,34.0,9,67.0,66.0
75,馬祖,2019-06-12,51,3,2.0,nan,31.0,6,51.0,46.0
72,埔里,2019-06-12,25,6,6.0,nan,11.0,25,15.0,18.0
71,復興,2019-06-12,30,6,7.0,nan,19.0,30,nan,15.0
70,永和,2019-06-12,29,4,7.0,nan,28.0,29,nan,nan
69,竹山,2019-06-12,19,4,3.0,nan,5.0,14,19.0,3.0
68,中壢,2019-06-12,62,7,17.0,nan,28.0,38,nan,62.0
67,三重,2019-06-12,38,4,16.0,nan,28.0,38,nan,33.0
66,冬山,2019-06-12,37,3,2.0,nan,23.0,11,37.0,21.0
65,宜蘭,2019-06-12,41,6,2.0,nan,11.0,9,41.0,10.0
64,陽明,2019-06-12,47,1,2.0,nan,13.0,2,47.0,19.0
63,花蓮,2019-06-12,32,3,6.0,nan,13.0,23,32.0,21.0
62,臺東,2019-06-12,23,1,5.0,nan,5.0,9,23.0,11.0
60,潮州,2019-06-12,30,3,2.0,nan,nan,7,30.0,27.0
59,屏東,2019-06-12,32,4,5.0,nan,12.0,15,32.0,24.0
58,小港,2019-06-12,34,21,5.0,nan,18.0,34,18.0,17.0
57,前鎮,2019-06-12,29,6,nan,nan,17.0,29,nan,7.0
56,前金,2019-06-12,25,6,6.0,nan,15.0,24,25.0,17.0
54,左營,2019-06-12,29,9,6.0,nan,14.0,25,29.0,15.0
53,楠梓,2019-06-12,29,10,5.0,nan,11.0,20,29.0,23.0
52,林園,2019-06-12,32,7,3.0,nan,21.0,14,32.0,22.0
51,大寮,2019-06-12,32,29,3.0,nan,18.0,17,27.0,32.0
50,鳳山,2019-06-12,25,7,7.0,nan,15.0,25,nan,25.0
49,仁武,2019-06-12,31,9,3.0,nan,14.0,18,31.0,15.0
48,橋頭,2019-06-12,33,7,3.0,nan,13.0,15,33.0,28.0
47,美濃,2019-06-12,23,3,2.0,nan,17.0,7,23.0,nan
46,臺南,2019-06-12,20,4,7.0,nan,13.0,20,19.0,18.0
45,安南,2019-06-12,31,4,5.0,nan,25.0,17,31.0,31.0
44,善化,2019-06-12,25,7,3.0,nan,18.0,8,25.0,19.0
43,新營,2019-06-12,52,4,3.0,nan,17.0,11,26.0,52.0
42,嘉義,2019-06-12,25,4,6.0,nan,15.0,25,19.0,22.0
41,臺西,2019-06-12,29,4,nan,nan,15.0,16,nan,29.0
40,朴子,2019-06-12,25,3,3.0,nan,13.0,11,25.0,17.0
39,新港,2019-06-12,33,4,3.0,nan,19.0,21,22.0,33.0
38,崙背,2019-06-12,25,3,5.0,nan,13.0,19,25.0,16.0
37,斗六,2019-06-12,20,4,5.0,nan,9.0,20,19.0,13.0
36,南投,2019-06-12,26,7,7.0,nan,5.0,26,12.0,7.0
35,二林,2019-06-12,28,7,5.0,nan,14.0,19,22.0,28.0
34,線西,2019-06-12,26,13,nan,nan,9.0,26,nan,17.0
1,基隆,2019-06-12,38,3,2.0,nan,21.0,17,38.0,32.0
2,汐止,2019-06-12,36,9,3.0,nan,24.0,25,30.0,36.0
3,萬里,2019-06-12,47,4,2.0,nan,25.0,8,47.0,20.0
4,新店,2019-06-12,31,4,5.0,nan,15.0,21,31.0,30.0
5,土城,2019-06-12,34,6,5.0,nan,18.0,25,34.0,34.0
6,板橋,2019-06-12,47,4,7.0,nan,24.0,34,28.0,47.0
7,新莊,2019-06-12,36,4,6.0,nan,18.0,28,36.0,33.0
8,菜寮,2019-06-12,31,3,6.0,nan,23.0,25,31.0,20.0
9,林口,2019-06-12,34,4,3.0,nan,24.0,24,34.0,26.0
10,淡水,2019-06-12,34,23,3.0,nan,17.0,13,31.0,34.0
11,士林,2019-06-12,39,3,3.0,nan,20.0,16,39.0,31.0
12,中山,2019-06-12,37,4,8.0,nan,24.0,37,28.0,35.0
13,萬華,2019-06-12,34,4,6.0,nan,24.0,34,28.0,34.0
14,古亭,2019-06-12,39,4,5.0,nan,19.0,31,30.0,39.0
15,松山,2019-06-12,39,6,5.0,nan,30.0,31,29.0,39.0
16,大同,2019-06-12,42,6,15.0,nan,26.0,42,nan,37.0
17,桃園,2019-06-12,36,10,6.0,nan,19.0,24,27.0,36.0
18,大園,2019-06-12,43,9,3.0,nan,24.0,42,33.0,43.0
33,彰化,2019-06-12,31,7,8.0,nan,10.0,31,18.0,15.0
32,西屯,2019-06-12,33,4,6.0,nan,12.0,33,18.0,21.0
31,忠明,2019-06-12,34,4,8.0,nan,5.0,34,19.0,23.0
30,大里,2019-06-12,35,6,10.0,nan,10.0,35,16.0,25.0
29,沙鹿,2019-06-12,26,3,6.0,nan,5.0,26,19.0,9.0
28,豐原,2019-06-12,31,4,5.0,nan,12.0,27,20.0,31.0
27,三義,2019-06-12,24,6,2.0,nan,5.0,12,24.0,3.0
26,苗栗,2019-06-12,53,4,6.0,nan,18.0,24,21.0,53.0
25,頭份,2019-06-12,55,7,nan,nan,23.0,25,nan,55.0
24,新竹,2019-06-12,29,4,5.0,nan,28.0,25,29.0,17.0
23,竹東,2019-06-12,31,3,3.0,nan,20.0,21,31.0,10.0
22,湖口,2019-06-12,50,4,5.0,nan,26.0,14,35.0,50.0
21,龍潭,2019-06-12,38,6,5.0,nan,25.0,24,34.0,38.0
20,平鎮,2019-06-12,42,6,6.0,nan,20.0,34,33.0,42.0
19,觀音,2019-06-12,44,14,3.0,nan,28.0,25,37.0,44.0
84,富貴角,2019-06-12,47,1,1.0,nan,35.0,1,47.0,38.0
83,麥寮,2019-06-12,19,3,nan,nan,19.0,15,nan,16.0
80,關山,2019-06-12,19,3,nan,nan,15.0,6,19.0,19.0
78,馬公,2019-06-12,47,3,2.0,nan,15.0,6,47.0,18.0
28,豐原,2019-06-13,31.0,4.0,3.0,nan,5.0,21.0,31.0,24.0
29,沙鹿,2019-06-13,42.0,6.0,6.0,nan,15.0,25.0,42.0,28.0
27,三義,2019-06-13,28.0,4.0,3.0,nan,5.0,13.0,28.0,nan
26,苗栗,2019-06-13,47.0,4.0,6.0,nan,19.0,20.0,34.0,47.0
25,頭份,2019-06-13,51.0,3.0,nan,nan,19.0,24.0,nan,51.0
24,新竹,2019-06-13,44.0,3.0,6.0,nan,20.0,23.0,44.0,17.0
23,竹東,2019-06-13,30.0,4.0,6.0,nan,22.0,20.0,30.0,12.0
22,湖口,2019-06-13,45.0,4.0,6.0,nan,21.0,24.0,38.0,45.0
21,龍潭,2019-06-13,28.0,6.0,6.0,nan,14.0,23.0,28.0,nan
20,平鎮,2019-06-13,48.0,4.0,7.0,nan,20.0,31.0,19.0,48.0
19,觀音,2019-06-13,42.0,10.0,5.0,nan,18.0,23.0,42.0,36.0
18,大園,2019-06-13,42.0,9.0,5.0,nan,19.0,42.0,25.0,37.0
17,桃園,2019-06-13,59.0,14.0,10.0,nan,nan,48.0,20.0,59.0
16,大同,2019-06-13,71.0,9.0,35.0,nan,39.0,65.0,nan,71.0
15,松山,2019-06-13,51.0,9.0,14.0,nan,31.0,42.0,35.0,51.0
14,古亭,2019-06-13,63.0,6.0,15.0,nan,29.0,46.0,37.0,63.0
48,橋頭,2019-06-13,31.0,11.0,3.0,nan,17.0,19.0,31.0,30.0
49,仁武,2019-06-13,29.0,11.0,5.0,nan,17.0,17.0,28.0,29.0
50,鳳山,2019-06-13,52.0,10.0,6.0,nan,18.0,17.0,nan,52.0
51,大寮,2019-06-13,30.0,19.0,3.0,nan,nan,19.0,26.0,30.0
52,林園,2019-06-13,29.0,9.0,2.0,nan,29.0,7.0,26.0,24.0
53,楠梓,2019-06-13,28.0,19.0,5.0,nan,16.0,21.0,28.0,27.0
54,左營,2019-06-13,26.0,13.0,6.0,nan,16.0,23.0,26.0,20.0
56,前金,2019-06-13,24.0,17.0,6.0,nan,19.0,24.0,21.0,19.0
57,前鎮,2019-06-13,29.0,20.0,nan,nan,29.0,25.0,nan,16.0
58,小港,2019-06-13,36.0,36.0,6.0,nan,24.0,22.0,17.0,26.0
59,屏東,2019-06-13,30.0,6.0,6.0,nan,17.0,21.0,30.0,25.0
60,潮州,2019-06-13,36.0,3.0,1.0,nan,nan,6.0,25.0,36.0
61,恆春,2019-06-13,nan,nan,nan,nan,nan,nan,nan,nan
62,臺東,2019-06-13,26.0,3.0,3.0,nan,10.0,8.0,26.0,8.0
63,花蓮,2019-06-13,35.0,4.0,5.0,nan,13.0,19.0,35.0,31.0
64,陽明,2019-06-13,40.0,3.0,2.0,nan,nan,7.0,40.0,8.0
65,宜蘭,2019-06-13,40.0,4.0,3.0,nan,9.0,9.0,40.0,nan
66,冬山,2019-06-13,32.0,7.0,3.0,nan,19.0,11.0,32.0,23.0
67,三重,2019-06-13,62.0,7.0,28.0,nan,34.0,62.0,nan,61.0
68,中壢,2019-06-13,70.0,4.0,15.0,nan,24.0,44.0,nan,70.0
69,竹山,2019-06-13,30.0,3.0,3.0,nan,14.0,6.0,30.0,14.0
70,永和,2019-06-13,47.0,4.0,20.0,nan,35.0,47.0,nan,nan
71,復興,2019-06-13,26.0,14.0,7.0,nan,23.0,26.0,nan,24.0
72,埔里,2019-06-13,28.0,4.0,5.0,nan,17.0,18.0,28.0,27.0
75,馬祖,2019-06-13,51.0,4.0,2.0,nan,12.0,6.0,51.0,26.0
77,金門,2019-06-13,72.0,9.0,5.0,nan,38.0,17.0,38.0,72.0
78,馬公,2019-06-13,44.0,3.0,3.0,nan,22.0,13.0,44.0,19.0
80,關山,2019-06-13,20.0,3.0,nan,nan,20.0,7.0,19.0,19.0
83,麥寮,2019-06-13,33.0,3.0,nan,nan,28.0,16.0,nan,33.0
84,富貴角,2019-06-13,61.0,1.0,2.0,nan,20.0,13.0,61.0,28.0
1,基隆,2019-06-13,36.0,3.0,6.0,nan,12.0,31.0,36.0,27.0
11,士林,2019-06-13,48.0,3.0,12.0,nan,25.0,48.0,20.0,47.0
10,淡水,2019-06-13,42.0,4.0,9.0,nan,19.0,39.0,18.0,42.0
2,汐止,2019-06-13,41.0,7.0,8.0,nan,22.0,40.0,35.0,41.0
9,林口,2019-06-13,57.0,4.0,8.0,nan,nan,57.0,35.0,34.0
8,菜寮,2019-06-13,61.0,4.0,23.0,nan,32.0,61.0,27.0,55.0
7,新莊,2019-06-13,67.0,6.0,25.0,nan,32.0,67.0,32.0,60.0
6,板橋,2019-06-13,70.0,7.0,22.0,nan,35.0,60.0,27.0,70.0
5,土城,2019-06-13,57.0,4.0,12.0,nan,nan,45.0,22.0,57.0
4,新店,2019-06-13,55.0,4.0,10.0,nan,22.0,42.0,24.0,55.0
3,萬里,2019-06-13,49.0,6.0,5.0,nan,18.0,21.0,49.0,12.0
13,萬華,2019-06-13,56.0,10.0,19.0,nan,nan,56.0,33.0,52.0
12,中山,2019-06-13,61.0,11.0,19.0,nan,31.0,61.0,31.0,56.0
47,美濃,2019-06-13,25.0,4.0,2.0,nan,20.0,6.0,25.0,nan
46,臺南,2019-06-13,30.0,4.0,6.0,nan,18.0,20.0,23.0,30.0
45,安南,2019-06-13,36.0,6.0,6.0,nan,31.0,20.0,27.0,36.0
44,善化,2019-06-13,30.0,4.0,2.0,nan,19.0,8.0,30.0,15.0
43,新營,2019-06-13,59.0,4.0,3.0,nan,25.0,20.0,26.0,59.0
42,嘉義,2019-06-13,40.0,4.0,5.0,nan,23.0,16.0,26.0,40.0
41,臺西,2019-06-13,53.0,4.0,nan,nan,25.0,16.0,nan,53.0
40,朴子,2019-06-13,44.0,4.0,6.0,nan,24.0,14.0,28.0,44.0
39,新港,2019-06-13,48.0,4.0,6.0,nan,nan,21.0,27.0,48.0
38,崙背,2019-06-13,30.0,3.0,6.0,nan,19.0,19.0,30.0,29.0
37,斗六,2019-06-13,29.0,4.0,3.0,nan,19.0,16.0,29.0,26.0
36,南投,2019-06-13,23.0,3.0,5.0,nan,nan,15.0,23.0,13.0
35,二林,2019-06-13,41.0,7.0,6.0,nan,25.0,20.0,31.0,41.0
34,線西,2019-06-13,47.0,13.0,nan,nan,20.0,23.0,nan,47.0
33,彰化,2019-06-13,44.0,13.0,7.0,nan,20.0,25.0,35.0,44.0
32,西屯,2019-06-13,35.0,3.0,6.0,nan,21.0,33.0,35.0,29.0
31,忠明,2019-06-13,35.0,4.0,6.0,nan,nan,29.0,34.0,35.0
30,大里,2019-06-13,29.0,7.0,7.0,nan,18.0,24.0,29.0,27.0
3,萬里,2019-06-14,97,6,2.0,nan,31.0,22,97.0,18.0
84,富貴角,2019-06-14,90,1,2.0,nan,53.0,11,90.0,41.0
83,麥寮,2019-06-14,22,6,nan,nan,22.0,13,nan,19.0
80,關山,2019-06-14,29,3,nan,nan,18.0,5,29.0,17.0
78,馬公,2019-06-14,67,1,3.0,nan,17.0,6,67.0,9.0
77,金門,2019-06-14,54,13,5.0,nan,30.0,19,54.0,54.0
75,馬祖,2019-06-14,97,4,2.0,nan,17.0,5,97.0,25.0
72,埔里,2019-06-14,30,6,6.0,nan,16.0,18,30.0,26.0
71,復興,2019-06-14,30,17,8.0,nan,22.0,30,nan,23.0
70,永和,2019-06-14,40,3,14.0,nan,22.0,35,nan,40.0
69,竹山,2019-06-14,37,4,6.0,nan,11.0,18,37.0,16.0
68,中壢,2019-06-14,41,6,12.0,nan,nan,41,nan,39.0
67,三重,2019-06-14,52,4,22.0,nan,nan,52,nan,33.0
66,冬山,2019-06-14,38,3,2.0,nan,21.0,14,38.0,16.0
65,宜蘭,2019-06-14,46,6,3.0,nan,11.0,9,46.0,11.0
64,陽明,2019-06-14,51,3,2.0,nan,nan,4,51.0,7.0
63,花蓮,2019-06-14,43,3,3.0,nan,nan,11,43.0,20.0
62,臺東,2019-06-14,41,3,5.0,nan,11.0,12,41.0,12.0
60,潮州,2019-06-14,33,6,2.0,nan,nan,5,33.0,26.0
59,屏東,2019-06-14,37,10,6.0,nan,nan,18,37.0,18.0
58,小港,2019-06-14,32,11,6.0,nan,21.0,31,32.0,27.0
57,前鎮,2019-06-14,30,17,nan,nan,22.0,30,nan,15.0
56,前金,2019-06-14,42,13,7.0,nan,23.0,26,42.0,14.0
54,左營,2019-06-14,44,7,6.0,nan,19.0,27,44.0,22.0
53,楠梓,2019-06-14,43,7,5.0,nan,15.0,20,43.0,28.0
52,林園,2019-06-14,39,4,2.0,nan,nan,11,39.0,30.0
51,大寮,2019-06-14,33,29,3.0,nan,10.0,23,33.0,25.0
50,鳳山,2019-06-14,59,11,7.0,nan,17.0,23,nan,59.0
49,仁武,2019-06-14,42,6,5.0,nan,18.0,20,42.0,24.0
48,橋頭,2019-06-14,48,6,5.0,nan,18.0,13,48.0,40.0
47,美濃,2019-06-14,34,3,2.0,nan,15.0,6,30.0,34.0
46,臺南,2019-06-14,48,6,6.0,nan,19.0,21,48.0,22.0
45,安南,2019-06-14,47,7,5.0,nan,29.0,22,47.0,32.0
44,善化,2019-06-14,44,4,5.0,nan,10.0,9,44.0,20.0
43,新營,2019-06-14,51,6,5.0,nan,nan,16,46.0,51.0
42,嘉義,2019-06-14,44,9,7.0,nan,17.0,24,44.0,18.0
41,臺西,2019-06-14,24,9,nan,nan,19.0,13,nan,24.0
40,朴子,2019-06-14,47,4,5.0,nan,18.0,11,47.0,18.0
39,新港,2019-06-14,50,4,5.0,nan,nan,13,50.0,47.0
38,崙背,2019-06-14,43,7,5.0,nan,18.0,15,43.0,16.0
37,斗六,2019-06-14,46,3,6.0,nan,nan,27,46.0,27.0
36,南投,2019-06-14,32,3,7.0,nan,nan,32,32.0,15.0
35,二林,2019-06-14,50,7,5.0,nan,nan,20,50.0,36.0
34,線西,2019-06-14,16,7,nan,nan,13.0,14,nan,16.0
33,彰化,2019-06-14,42,3,7.0,nan,15.0,31,42.0,20.0
32,西屯,2019-06-14,44,3,3.0,nan,15.0,17,44.0,25.0
31,忠明,2019-06-14,38,4,6.0,nan,nan,25,38.0,29.0
30,大里,2019-06-14,39,4,9.0,nan,15.0,34,39.0,19.0
29,沙鹿,2019-06-14,46,3,3.0,nan,5.0,18,46.0,3.0
28,豐原,2019-06-14,38,4,3.0,nan,nan,19,38.0,25.0
27,三義,2019-06-14,39,3,3.0,nan,nan,8,39.0,3.0
26,苗栗,2019-06-14,36,6,6.0,nan,12.0,17,36.0,23.0
25,頭份,2019-06-14,25,4,nan,nan,16.0,25,nan,25.0
24,新竹,2019-06-14,47,4,3.0,nan,17.0,18,47.0,20.0
23,竹東,2019-06-14,43,3,3.0,nan,16.0,14,43.0,3.0
22,湖口,2019-06-14,12,3,3.0,nan,nan,12,nan,nan
21,龍潭,2019-06-14,44,10,6.0,nan,nan,25,44.0,25.0
20,平鎮,2019-06-14,42,7,6.0,nan,13.0,35,42.0,25.0
19,觀音,2019-06-14,54,13,2.0,nan,19.0,13,54.0,21.0
18,大園,2019-06-14,54,6,2.0,nan,14.0,20,54.0,18.0
17,桃園,2019-06-14,37,9,6.0,nan,nan,26,37.0,19.0
16,大同,2019-06-14,48,7,17.0,nan,19.0,48,nan,40.0
15,松山,2019-06-14,41,4,6.0,nan,24.0,33,33.0,41.0
14,古亭,2019-06-14,40,3,5.0,nan,nan,25,40.0,nan
13,萬華,2019-06-14,38,1,8.0,nan,nan,37,38.0,30.0
12,中山,2019-06-14,39,3,10.0,nan,20.0,39,31.0,33.0
11,士林,2019-06-14,48,3,6.0,nan,15.0,28,48.0,20.0
10,淡水,2019-06-14,51,4,5.0,nan,11.0,25,51.0,26.0
9,林口,2019-06-14,58,4,2.0,nan,nan,22,58.0,8.0
8,菜寮,2019-06-14,41,4,7.0,nan,17.0,31,41.0,15.0
7,新莊,2019-06-14,47,4,6.0,nan,16.0,46,47.0,24.0
6,板橋,2019-06-14,42,4,7.0,nan,18.0,32,42.0,36.0
5,土城,2019-06-14,42,4,6.0,nan,nan,30,42.0,31.0
4,新店,2019-06-14,41,4,6.0,nan,12.0,22,41.0,19.0
2,汐止,2019-06-14,38,1,6.0,nan,18.0,32,38.0,25.0
1,基隆,2019-06-14,49,6,3.0,nan,nan,25,49.0,18.0
77,金門,2019-06-15,146,7,3.0,nan,34.0,9,146.0,60.0
75,馬祖,2019-06-15,182,6,3.0,nan,33.0,7,182.0,59.0
72,埔里,2019-06-15,118,4,5.0,nan,26.0,15,118.0,44.0
71,復興,2019-06-15,47,6,7.0,nan,35.0,24,nan,47.0
70,永和,2019-06-15,46,3,6.0,nan,32.0,17,nan,46.0
69,竹山,2019-06-15,129,3,6.0,nan,31.0,16,129.0,47.0
68,中壢,2019-06-15,69,6,15.0,nan,nan,43,nan,69.0
67,三重,2019-06-15,53,6,16.0,nan,nan,53,nan,45.0
66,冬山,2019-06-15,140,7,3.0,nan,34.0,11,140.0,42.0
65,宜蘭,2019-06-15,151,9,3.0,nan,31.0,8,151.0,49.0
64,陽明,2019-06-15,126,3,2.0,nan,nan,2,126.0,40.0
63,花蓮,2019-06-15,115,3,3.0,nan,nan,11,115.0,46.0
62,臺東,2019-06-15,51,3,6.0,nan,19.0,11,51.0,29.0
60,潮州,2019-06-15,58,6,3.0,nan,nan,9,58.0,42.0
59,屏東,2019-06-15,115,7,5.0,nan,nan,13,115.0,42.0
58,小港,2019-06-15,64,7,5.0,nan,30.0,22,64.0,36.0
57,前鎮,2019-06-15,38,6,nan,nan,35.0,29,nan,38.0
56,前金,2019-06-15,108,6,6.0,nan,32.0,24,108.0,37.0
54,左營,2019-06-15,112,6,6.0,nan,35.0,15,112.0,41.0
53,楠梓,2019-06-15,115,3,5.0,nan,31.0,15,115.0,55.0
52,林園,2019-06-15,67,4,2.0,nan,nan,9,67.0,42.0
51,大寮,2019-06-15,48,19,5.0,nan,nan,21,48.0,47.0
50,鳳山,2019-06-15,72,4,5.0,nan,31.0,21,nan,72.0
49,仁武,2019-06-15,104,7,5.0,nan,34.0,16,104.0,38.0
48,橋頭,2019-06-15,150,4,6.0,nan,39.0,13,150.0,74.0
47,美濃,2019-06-15,74,3,3.0,nan,32.0,7,74.0,41.0
46,臺南,2019-06-15,136,7,7.0,nan,42.0,18,136.0,69.0
45,安南,2019-06-15,150,6,6.0,nan,54.0,18,150.0,74.0
44,善化,2019-06-15,115,9,6.0,nan,nan,16,115.0,65.0
43,新營,2019-06-15,132,6,6.0,nan,nan,14,132.0,68.0
42,嘉義,2019-06-15,132,10,7.0,nan,45.0,25,132.0,67.0
41,臺西,2019-06-15,55,11,nan,nan,29.0,12,nan,55.0
40,朴子,2019-06-15,143,6,5.0,nan,36.0,11,143.0,45.0
39,新港,2019-06-15,154,9,5.0,nan,nan,12,154.0,65.0
38,崙背,2019-06-15,154,14,5.0,nan,39.0,16,154.0,52.0
37,斗六,2019-06-15,172,7,6.0,nan,nan,36,172.0,61.0
36,南投,2019-06-15,80,3,6.0,nan,nan,23,80.0,43.0
35,二林,2019-06-15,161,10,6.0,nan,nan,16,161.0,62.0
34,線西,2019-06-15,56,13,nan,nan,35.0,18,nan,56.0
19,觀音,2019-06-15,146,9,3.0,nan,37.0,23,146.0,59.0
33,彰化,2019-06-15,151,4,7.0,nan,32.0,23,151.0,56.0
32,西屯,2019-06-15,151,4,5.0,nan,30.0,29,151.0,46.0
31,忠明,2019-06-15,140,6,6.0,nan,nan,35,140.0,47.0
30,大里,2019-06-15,118,4,7.0,nan,31.0,29,118.0,57.0
29,沙鹿,2019-06-15,166,4,5.0,nan,28.0,24,166.0,21.0
28,豐原,2019-06-15,108,3,3.0,nan,nan,18,108.0,44.0
27,三義,2019-06-15,146,6,3.0,nan,nan,9,146.0,27.0
26,苗栗,2019-06-15,108,7,6.0,nan,30.0,23,108.0,63.0
25,頭份,2019-06-15,51,4,nan,nan,25.0,20,nan,51.0
24,新竹,2019-06-15,154,4,5.0,nan,34.0,19,154.0,58.0
23,竹東,2019-06-15,146,6,3.0,nan,29.0,10,146.0,15.0
22,湖口,2019-06-15,129,4,5.0,nan,nan,15,129.0,nan
21,龍潭,2019-06-15,150,4,5.0,nan,nan,18,150.0,52.0
13,萬華,2019-06-15,108,3,5.0,nan,nan,24,108.0,nan
12,中山,2019-06-15,104,4,6.0,nan,33.0,28,104.0,61.0
11,士林,2019-06-15,156,6,6.0,nan,31.0,26,156.0,49.0
10,淡水,2019-06-15,136,6,5.0,nan,21.0,12,136.0,45.0
9,林口,2019-06-15,140,6,3.0,nan,nan,19,140.0,41.0
18,大園,2019-06-15,143,10,3.0,nan,32.0,28,143.0,54.0
17,桃園,2019-06-15,101,13,6.0,nan,nan,18,101.0,56.0
16,大同,2019-06-15,65,6,9.0,nan,33.0,42,nan,65.0
15,松山,2019-06-15,143,3,5.0,nan,34.0,17,143.0,50.0
8,菜寮,2019-06-15,118,6,6.0,nan,30.0,25,118.0,41.0
7,新莊,2019-06-15,140,6,7.0,nan,33.0,31,140.0,44.0
6,板橋,2019-06-15,112,3,6.0,nan,31.0,22,112.0,57.0
5,土城,2019-06-15,143,4,5.0,nan,nan,15,143.0,49.0
4,新店,2019-06-15,126,4,5.0,nan,26.0,14,126.0,51.0
20,平鎮,2019-06-15,136,6,6.0,nan,27.0,17,136.0,48.0
3,萬里,2019-06-15,177,3,3.0,nan,47.0,8,177.0,48.0
2,汐止,2019-06-15,151,7,5.0,nan,33.0,25,151.0,52.0
1,基隆,2019-06-15,154,3,3.0,nan,nan,16,154.0,50.0
84,富貴角,2019-06-15,159,1,2.0,nan,52.0,3,159.0,66.0
83,麥寮,2019-06-15,43,11,nan,nan,40.0,17,nan,43.0
80,關山,2019-06-15,43,3,nan,nan,23.0,5,43.0,29.0
78,馬公,2019-06-15,174,3,3.0,nan,27.0,4,174.0,35.0
33,彰化,2019-06-16,126,11,6.0,nan,40.0,19,126.0,79.0
84,富貴角,2019-06-16,90,3,2.0,nan,37.0,3,90.0,56.0
83,麥寮,2019-06-16,91,11,nan,nan,59.0,17,nan,91.0
80,關山,2019-06-16,43,1,nan,nan,35.0,3,37.0,43.0
78,馬公,2019-06-16,115,6,3.0,nan,33.0,8,115.0,42.0
77,金門,2019-06-16,136,14,5.0,nan,51.0,12,136.0,86.0
75,馬祖,2019-06-16,104,7,5.0,nan,37.0,9,104.0,68.0
72,埔里,2019-06-16,115,4,5.0,nan,35.0,13,115.0,59.0
71,復興,2019-06-16,39,9,7.0,nan,28.0,17,nan,39.0
70,永和,2019-06-16,50,3,7.0,nan,23.0,24,nan,50.0
69,竹山,2019-06-16,126,7,3.0,nan,37.0,11,126.0,71.0
68,中壢,2019-06-16,72,9,12.0,nan,nan,37,nan,72.0
67,三重,2019-06-16,52,9,14.0,nan,nan,36,nan,52.0
66,冬山,2019-06-16,67,4,3.0,nan,37.0,9,67.0,59.0
65,宜蘭,2019-06-16,71,13,3.0,nan,33.0,13,71.0,54.0
64,陽明,2019-06-16,49,4,2.0,nan,nan,2,49.0,33.0
63,花蓮,2019-06-16,87,3,3.0,nan,nan,8,87.0,43.0
62,臺東,2019-06-16,50,1,3.0,nan,23.0,7,50.0,37.0
60,潮州,2019-06-16,46,4,3.0,nan,21.0,6,46.0,43.0
59,屏東,2019-06-16,67,4,5.0,nan,nan,10,67.0,47.0
58,小港,2019-06-16,51,36,5.0,nan,24.0,25,51.0,33.0
57,前鎮,2019-06-16,28,9,nan,nan,27.0,27,nan,28.0
56,前金,2019-06-16,101,7,5.0,nan,26.0,20,101.0,35.0
54,左營,2019-06-16,97,7,5.0,nan,29.0,15,97.0,45.0
53,楠梓,2019-06-16,77,9,6.0,nan,30.0,19,77.0,66.0
52,林園,2019-06-16,74,11,3.0,nan,nan,22,74.0,44.0
51,大寮,2019-06-16,61,16,5.0,nan,27.0,10,61.0,52.0
50,鳳山,2019-06-16,55,10,7.0,nan,32.0,20,nan,55.0
49,仁武,2019-06-16,77,9,5.0,nan,31.0,21,77.0,55.0
48,橋頭,2019-06-16,112,6,6.0,nan,31.0,13,112.0,62.0
47,美濃,2019-06-16,54,3,3.0,nan,31.0,4,54.0,39.0
46,臺南,2019-06-16,146,7,6.0,nan,42.0,18,146.0,75.0
45,安南,2019-06-16,150,6,5.0,nan,59.0,15,150.0,92.0
44,善化,2019-06-16,122,4,5.0,nan,nan,9,122.0,62.0
43,新營,2019-06-16,118,6,5.0,nan,nan,12,118.0,86.0
42,嘉義,2019-06-16,104,7,5.0,nan,44.0,10,104.0,74.0
41,臺西,2019-06-16,100,9,nan,nan,52.0,18,nan,100.0
40,朴子,2019-06-16,115,7,6.0,nan,54.0,11,115.0,95.0
39,新港,2019-06-16,112,10,6.0,nan,nan,12,112.0,102.0
38,崙背,2019-06-16,146,9,6.0,nan,56.0,15,146.0,92.0
37,斗六,2019-06-16,151,6,6.0,nan,nan,15,151.0,106.0
36,南投,2019-06-16,71,3,5.0,nan,nan,9,71.0,56.0
35,二林,2019-06-16,143,7,6.0,nan,nan,14,143.0,89.0
34,線西,2019-06-16,93,7,nan,nan,44.0,17,nan,93.0
32,西屯,2019-06-16,159,9,7.0,nan,44.0,34,159.0,84.0
31,忠明,2019-06-16,143,10,6.0,nan,nan,27,143.0,77.0
30,大里,2019-06-16,129,16,6.0,nan,37.0,26,129.0,69.0
29,沙鹿,2019-06-16,172,10,7.0,nan,37.0,26,172.0,57.0
28,豐原,2019-06-16,159,9,5.0,nan,nan,16,159.0,67.0
27,三義,2019-06-16,151,7,5.0,nan,nan,12,151.0,52.0
26,苗栗,2019-06-16,118,10,6.0,nan,36.0,18,118.0,81.0
25,頭份,2019-06-16,71,9,nan,nan,37.0,19,nan,71.0
24,新竹,2019-06-16,187,6,6.0,nan,41.0,19,187.0,72.0
23,竹東,2019-06-16,185,7,6.0,nan,38.0,10,185.0,36.0
22,湖口,2019-06-16,169,9,3.0,nan,30.0,17,169.0,67.0
21,龍潭,2019-06-16,190,7,6.0,nan,nan,17,190.0,67.0
20,平鎮,2019-06-16,159,9,6.0,nan,31.0,21,159.0,71.0
19,觀音,2019-06-16,129,13,3.0,nan,39.0,18,129.0,69.0
18,大園,2019-06-16,140,9,5.0,nan,31.0,23,140.0,61.0
17,桃園,2019-06-16,108,13,5.0,nan,nan,21,108.0,59.0
16,大同,2019-06-16,55,11,11.0,nan,31.0,42,nan,55.0
15,松山,2019-06-16,71,6,3.0,nan,27.0,16,71.0,54.0
13,萬華,2019-06-16,58,7,5.0,nan,nan,24,58.0,nan
12,中山,2019-06-16,58,10,6.0,nan,29.0,25,54.0,58.0
11,士林,2019-06-16,93,6,3.0,nan,23.0,15,93.0,44.0
10,淡水,2019-06-16,93,6,3.0,nan,19.0,15,93.0,41.0
9,林口,2019-06-16,132,7,3.0,nan,nan,16,132.0,45.0
8,菜寮,2019-06-16,71,7,5.0,nan,25.0,18,71.0,36.0
7,新莊,2019-06-16,108,4,5.0,nan,28.0,15,108.0,46.0
6,板橋,2019-06-16,58,3,6.0,nan,26.0,24,58.0,57.0
5,土城,2019-06-16,80,3,3.0,nan,nan,20,80.0,51.0
4,新店,2019-06-16,61,3,3.0,nan,19.0,10,61.0,47.0
3,萬里,2019-06-16,90,9,2.0,nan,29.0,8,90.0,34.0
2,汐止,2019-06-16,67,7,3.0,nan,26.0,22,67.0,54.0
1,基隆,2019-06-16,67,3,3.0,nan,nan,15,67.0,42.0
56,前金,2019-06-17,27.0,10.0,5.0,nan,20.0,22.0,27.0,16.0
84,富貴角,2019-06-17,47.0,3.0,2.0,nan,32.0,5.0,43.0,47.0
83,麥寮,2019-06-17,45.0,7.0,nan,nan,36.0,10.0,nan,45.0
80,關山,2019-06-17,31.0,3.0,nan,nan,31.0,5.0,25.0,30.0
78,馬公,2019-06-17,64.0,6.0,3.0,nan,28.0,9.0,64.0,42.0
77,金門,2019-06-17,64.0,21.0,3.0,nan,45.0,17.0,44.0,64.0
75,馬祖,2019-06-17,57.0,9.0,2.0,nan,38.0,11.0,49.0,57.0
72,埔里,2019-06-17,49.0,4.0,5.0,nan,25.0,15.0,49.0,46.0
71,復興,2019-06-17,25.0,11.0,6.0,nan,17.0,25.0,nan,16.0
70,永和,2019-06-17,64.0,7.0,15.0,nan,24.0,37.0,nan,64.0
69,竹山,2019-06-17,54.0,4.0,3.0,nan,21.0,13.0,54.0,31.0
68,中壢,2019-06-17,80.0,7.0,18.0,nan,nan,41.0,nan,80.0
67,三重,2019-06-17,49.0,9.0,16.0,nan,29.0,47.0,nan,49.0
66,冬山,2019-06-17,44.0,7.0,3.0,nan,30.0,13.0,41.0,44.0
65,宜蘭,2019-06-17,50.0,13.0,3.0,nan,22.0,6.0,50.0,37.0
64,陽明,2019-06-17,58.0,6.0,2.0,nan,nan,5.0,58.0,45.0
63,花蓮,2019-06-17,37.0,7.0,2.0,nan,9.0,8.0,37.0,27.0
62,臺東,2019-06-17,31.0,1.0,3.0,nan,17.0,7.0,31.0,25.0
61,恆春,2019-06-17,nan,nan,nan,nan,nan,nan,nan,nan
60,潮州,2019-06-17,32.0,4.0,2.0,nan,16.0,7.0,31.0,32.0
59,屏東,2019-06-17,32.0,3.0,3.0,nan,nan,10.0,32.0,26.0
58,小港,2019-06-17,25.0,20.0,3.0,nan,19.0,21.0,25.0,18.0
57,前鎮,2019-06-17,26.0,19.0,nan,nan,19.0,26.0,nan,10.0
54,左營,2019-06-17,27.0,14.0,6.0,nan,19.0,23.0,27.0,21.0
53,楠梓,2019-06-17,32.0,9.0,5.0,nan,17.0,23.0,32.0,31.0
52,林園,2019-06-17,33.0,3.0,2.0,nan,nan,9.0,33.0,25.0
51,大寮,2019-06-17,34.0,21.0,3.0,nan,17.0,13.0,27.0,34.0
50,鳳山,2019-06-17,26.0,11.0,7.0,nan,nan,20.0,nan,26.0
49,仁武,2019-06-17,30.0,10.0,5.0,nan,18.0,15.0,30.0,28.0
48,橋頭,2019-06-17,36.0,9.0,5.0,nan,19.0,20.0,36.0,35.0
47,美濃,2019-06-17,35.0,3.0,2.0,nan,23.0,8.0,35.0,20.0
46,臺南,2019-06-17,37.0,10.0,3.0,nan,19.0,17.0,37.0,20.0
45,安南,2019-06-17,40.0,7.0,5.0,nan,31.0,21.0,40.0,39.0
44,善化,2019-06-17,44.0,11.0,3.0,nan,nan,14.0,44.0,35.0
43,新營,2019-06-17,51.0,4.0,5.0,nan,nan,17.0,45.0,51.0
42,嘉義,2019-06-17,43.0,4.0,6.0,nan,17.0,25.0,43.0,25.0
41,臺西,2019-06-17,55.0,7.0,nan,nan,28.0,12.0,nan,55.0
40,朴子,2019-06-17,49.0,4.0,5.0,nan,19.0,9.0,49.0,34.0
39,新港,2019-06-17,49.0,10.0,5.0,nan,nan,16.0,48.0,49.0
38,崙背,2019-06-17,58.0,6.0,5.0,nan,29.0,15.0,58.0,47.0
37,斗六,2019-06-17,54.0,6.0,3.0,nan,nan,13.0,54.0,42.0
36,南投,2019-06-17,43.0,6.0,5.0,nan,nan,11.0,43.0,nan
35,二林,2019-06-17,50.0,6.0,3.0,nan,nan,12.0,50.0,49.0
34,線西,2019-06-17,43.0,6.0,nan,nan,18.0,12.0,nan,43.0
33,彰化,2019-06-17,51.0,6.0,3.0,nan,19.0,10.0,51.0,44.0
32,西屯,2019-06-17,58.0,11.0,5.0,nan,28.0,25.0,58.0,44.0
31,忠明,2019-06-17,67.0,9.0,6.0,nan,nan,25.0,67.0,49.0
30,大里,2019-06-17,71.0,13.0,6.0,nan,26.0,20.0,71.0,47.0
29,沙鹿,2019-06-17,50.0,7.0,5.0,nan,15.0,30.0,50.0,24.0
28,豐原,2019-06-17,71.0,7.0,6.0,nan,nan,15.0,71.0,59.0
27,三義,2019-06-17,48.0,9.0,3.0,nan,nan,9.0,48.0,16.0
26,苗栗,2019-06-17,46.0,6.0,3.0,nan,17.0,12.0,39.0,46.0
25,頭份,2019-06-17,54.0,4.0,nan,nan,19.0,17.0,nan,54.0
24,新竹,2019-06-17,54.0,4.0,3.0,nan,32.0,17.0,54.0,53.0
23,竹東,2019-06-17,48.0,4.0,3.0,nan,31.0,14.0,48.0,14.0
22,湖口,2019-06-17,58.0,6.0,5.0,nan,25.0,20.0,58.0,58.0
21,龍潭,2019-06-17,61.0,6.0,5.0,nan,nan,23.0,61.0,60.0
20,平鎮,2019-06-17,74.0,6.0,5.0,nan,29.0,21.0,50.0,74.0
19,觀音,2019-06-17,66.0,6.0,5.0,nan,35.0,15.0,58.0,66.0
18,大園,2019-06-17,74.0,11.0,5.0,nan,32.0,24.0,74.0,58.0
17,桃園,2019-06-17,60.0,21.0,7.0,nan,nan,22.0,50.0,60.0
16,大同,2019-06-17,54.0,9.0,19.0,nan,27.0,47.0,nan,54.0
15,松山,2019-06-17,71.0,6.0,6.0,nan,25.0,27.0,71.0,48.0
13,萬華,2019-06-17,97.0,6.0,7.0,nan,25.0,35.0,97.0,51.0
12,中山,2019-06-17,67.0,7.0,8.0,nan,29.0,38.0,67.0,51.0
11,士林,2019-06-17,108.0,6.0,5.0,nan,24.0,23.0,108.0,56.0
10,淡水,2019-06-17,108.0,9.0,5.0,nan,19.0,19.0,108.0,41.0
9,林口,2019-06-17,112.0,9.0,7.0,nan,nan,36.0,112.0,42.0
8,菜寮,2019-06-17,80.0,7.0,8.0,nan,27.0,26.0,80.0,40.0
7,新莊,2019-06-17,90.0,7.0,8.0,nan,23.0,27.0,90.0,53.0
6,板橋,2019-06-17,87.0,4.0,8.0,nan,29.0,30.0,87.0,60.0
5,土城,2019-06-17,112.0,7.0,6.0,nan,nan,25.0,112.0,58.0
4,新店,2019-06-17,122.0,4.0,6.0,nan,18.0,18.0,122.0,48.0
3,萬里,2019-06-17,42.0,7.0,2.0,nan,20.0,14.0,42.0,27.0
2,汐止,2019-06-17,74.0,9.0,6.0,nan,25.0,26.0,74.0,52.0
1,基隆,2019-06-17,51.0,6.0,5.0,nan,nan,20.0,51.0,41.0
50,鳳山,2019-06-18,20,16,6.0,nan,nan,19,nan,20.0
16,大同,2019-06-18,65,9,23.0,nan,31.0,65,nan,49.0
17,桃園,2019-06-18,45,13,6.0,nan,nan,19,33.0,45.0
18,大園,2019-06-18,42,7,5.0,nan,22.0,17,42.0,41.0
19,觀音,2019-06-18,42,7,3.0,nan,25.0,21,40.0,42.0
21,龍潭,2019-06-18,44,4,3.0,nan,20.0,16,44.0,42.0
20,平鎮,2019-06-18,45,6,3.0,nan,24.0,23,34.0,45.0
84,富貴角,2019-06-18,58,3,2.0,nan,28.0,13,58.0,43.0
83,麥寮,2019-06-18,34,4,nan,nan,34.0,10,nan,26.0
80,關山,2019-06-18,27,3,nan,nan,27.0,3,19.0,24.0
78,馬公,2019-06-18,24,24,2.0,nan,16.0,13,22.0,18.0
77,金門,2019-06-18,49,4,2.0,nan,28.0,11,31.0,49.0
75,馬祖,2019-06-18,47,4,1.0,nan,31.0,13,41.0,47.0
72,埔里,2019-06-18,27,6,3.0,nan,20.0,16,27.0,26.0
71,復興,2019-06-18,21,13,5.0,nan,nan,21,nan,17.0
70,永和,2019-06-18,70,7,14.0,nan,27.0,42,nan,70.0
49,仁武,2019-06-18,30,11,3.0,nan,18.0,18,30.0,27.0
48,橋頭,2019-06-18,34,9,5.0,nan,17.0,16,34.0,33.0
47,美濃,2019-06-18,36,3,2.0,nan,24.0,7,36.0,25.0
46,臺南,2019-06-18,31,7,3.0,nan,19.0,17,31.0,25.0
45,安南,2019-06-18,42,9,3.0,nan,31.0,22,38.0,42.0
44,善化,2019-06-18,38,4,2.0,nan,nan,15,38.0,18.0
43,新營,2019-06-18,32,7,3.0,nan,nan,12,32.0,29.0
42,嘉義,2019-06-18,30,6,3.0,nan,16.0,16,30.0,18.0
41,臺西,2019-06-18,39,4,nan,nan,25.0,10,nan,39.0
40,朴子,2019-06-18,35,6,3.0,nan,22.0,12,35.0,29.0
39,新港,2019-06-18,36,4,3.0,nan,20.0,15,36.0,35.0
38,崙背,2019-06-18,37,1,3.0,nan,22.0,14,37.0,29.0
37,斗六,2019-06-18,38,4,3.0,nan,15.0,14,38.0,30.0
36,南投,2019-06-18,31,4,3.0,nan,nan,18,31.0,nan
35,二林,2019-06-18,44,4,2.0,nan,30.0,11,34.0,44.0
15,松山,2019-06-18,47,6,8.0,nan,26.0,31,43.0,47.0
13,萬華,2019-06-18,42,6,8.0,nan,27.0,32,42.0,35.0
12,中山,2019-06-18,45,6,9.0,nan,30.0,45,39.0,37.0
11,士林,2019-06-18,53,7,5.0,nan,31.0,26,51.0,53.0
10,淡水,2019-06-18,51,7,5.0,nan,17.0,22,51.0,32.0
9,林口,2019-06-18,42,7,5.0,nan,27.0,24,42.0,20.0
8,菜寮,2019-06-18,40,6,9.0,nan,28.0,35,40.0,34.0
1,基隆,2019-06-18,44,4,5.0,nan,nan,20,44.0,39.0
7,新莊,2019-06-18,44,9,8.0,nan,20.0,31,44.0,44.0
6,板橋,2019-06-18,58,9,11.0,nan,31.0,42,44.0,58.0
5,土城,2019-06-18,56,6,7.0,nan,31.0,34,49.0,56.0
4,新店,2019-06-18,44,6,6.0,nan,19.0,18,44.0,44.0
3,萬里,2019-06-18,51,14,3.0,nan,26.0,20,51.0,31.0
2,汐止,2019-06-18,44,7,6.0,nan,26.0,26,44.0,40.0
69,竹山,2019-06-18,39,4,2.0,nan,19.0,8,39.0,24.0
68,中壢,2019-06-18,67,6,17.0,nan,25.0,33,nan,67.0
67,三重,2019-06-18,50,9,15.0,nan,30.0,50,nan,37.0
66,冬山,2019-06-18,42,13,5.0,nan,32.0,21,30.0,42.0
65,宜蘭,2019-06-18,38,9,5.0,nan,22.0,12,38.0,31.0
64,陽明,2019-06-18,40,4,2.0,nan,nan,8,40.0,34.0
63,花蓮,2019-06-18,25,4,3.0,nan,19.0,9,25.0,24.0
62,臺東,2019-06-18,19,1,3.0,nan,19.0,5,19.0,19.0
61,恆春,2019-06-18,26,3,1.0,nan,nan,2,26.0,nan
60,潮州,2019-06-18,35,4,2.0,nan,16.0,9,27.0,35.0
59,屏東,2019-06-18,38,9,5.0,nan,nan,17,38.0,26.0
58,小港,2019-06-18,39,39,2.0,nan,nan,21,21.0,18.0
57,前鎮,2019-06-18,22,11,nan,nan,17.0,22,nan,8.0
56,前金,2019-06-18,25,9,2.0,nan,nan,20,25.0,25.0
34,線西,2019-06-18,30,6,nan,nan,18.0,15,nan,30.0
33,彰化,2019-06-18,37,9,5.0,nan,19.0,15,37.0,32.0
32,西屯,2019-06-18,39,6,3.0,nan,22.0,22,39.0,29.0
31,忠明,2019-06-18,41,4,3.0,nan,9.0,16,40.0,41.0
30,大里,2019-06-18,38,6,6.0,nan,20.0,18,38.0,24.0
29,沙鹿,2019-06-18,39,4,3.0,nan,16.0,22,39.0,16.0
28,豐原,2019-06-18,43,6,3.0,nan,21.0,9,41.0,43.0
27,三義,2019-06-18,41,7,2.0,nan,11.0,8,41.0,10.0
26,苗栗,2019-06-18,38,6,3.0,nan,16.0,14,36.0,38.0
25,頭份,2019-06-18,34,7,nan,nan,13.0,19,nan,34.0
24,新竹,2019-06-18,36,7,5.0,nan,29.0,19,36.0,34.0
23,竹東,2019-06-18,45,6,3.0,nan,26.0,12,45.0,8.0
22,湖口,2019-06-18,41,7,2.0,nan,19.0,20,39.0,41.0
54,左營,2019-06-18,25,13,3.0,nan,14.0,16,25.0,16.0
53,楠梓,2019-06-18,34,13,5.0,nan,16.0,17,30.0,34.0
52,林園,2019-06-18,29,9,1.0,nan,nan,13,29.0,23.0
51,大寮,2019-06-18,31,16,3.0,nan,nan,20,27.0,31.0
11,士林,2019-06-19,47,6,5.0,nan,33.0,25,41.0,47.0
1,基隆,2019-06-19,46,13,5.0,nan,27.0,42,46.0,41.0
2,汐止,2019-06-19,67,6,5.0,nan,29.0,27,67.0,44.0
3,萬里,2019-06-19,45,6,2.0,nan,25.0,11,45.0,29.0
4,新店,2019-06-19,64,4,3.0,nan,22.0,16,64.0,45.0
5,土城,2019-06-19,51,4,7.0,nan,29.0,22,51.0,50.0
6,板橋,2019-06-19,46,9,6.0,nan,28.0,22,46.0,44.0
7,新莊,2019-06-19,44,9,7.0,nan,20.0,24,44.0,38.0
8,菜寮,2019-06-19,41,6,6.0,nan,28.0,25,40.0,41.0
9,林口,2019-06-19,37,9,2.0,nan,20.0,20,37.0,9.0
10,淡水,2019-06-19,29,6,2.0,nan,16.0,20,29.0,24.0
12,中山,2019-06-19,40,7,10.0,nan,31.0,33,38.0,40.0
13,萬華,2019-06-19,44,9,7.0,nan,26.0,23,44.0,35.0
15,松山,2019-06-19,46,6,6.0,nan,31.0,28,46.0,38.0
16,大同,2019-06-19,42,7,22.0,nan,28.0,39,nan,42.0
17,桃園,2019-06-19,41,7,3.0,nan,nan,17,31.0,41.0
18,大園,2019-06-19,31,6,2.0,nan,18.0,10,31.0,27.0
19,觀音,2019-06-19,30,4,2.0,nan,19.0,12,30.0,25.0
20,平鎮,2019-06-19,41,9,3.0,nan,24.0,20,33.0,41.0
21,龍潭,2019-06-19,44,7,3.0,nan,20.0,14,44.0,37.0
22,湖口,2019-06-19,29,9,2.0,nan,15.0,19,29.0,23.0
23,竹東,2019-06-19,49,4,3.0,nan,24.0,12,49.0,7.0
24,新竹,2019-06-19,24,9,3.0,nan,21.0,17,24.0,18.0
25,頭份,2019-06-19,32,6,nan,nan,10.0,15,nan,32.0
26,苗栗,2019-06-19,34,7,3.0,nan,15.0,16,31.0,34.0
27,三義,2019-06-19,38,4,2.0,nan,17.0,15,38.0,10.0
28,豐原,2019-06-19,44,6,3.0,nan,23.0,18,44.0,42.0
29,沙鹿,2019-06-19,32,4,2.0,nan,11.0,14,32.0,7.0
30,大里,2019-06-19,38,9,3.0,nan,20.0,16,38.0,32.0
31,忠明,2019-06-19,37,6,3.0,nan,10.0,18,37.0,30.0
32,西屯,2019-06-19,39,4,2.0,nan,19.0,13,39.0,35.0
33,彰化,2019-06-19,32,10,2.0,nan,19.0,11,32.0,30.0
34,線西,2019-06-19,25,3,nan,nan,16.0,13,nan,25.0
35,二林,2019-06-19,49,6,2.0,nan,34.0,10,31.0,49.0
36,南投,2019-06-19,29,3,2.0,nan,17.0,11,29.0,19.0
37,斗六,2019-06-19,36,6,2.0,nan,13.0,9,36.0,34.0
38,崙背,2019-06-19,30,3,2.0,nan,19.0,13,30.0,24.0
39,新港,2019-06-19,32,6,3.0,nan,20.0,12,27.0,32.0
40,朴子,2019-06-19,29,6,3.0,nan,19.0,14,26.0,29.0
41,臺西,2019-06-19,28,6,nan,nan,17.0,8,nan,28.0
42,嘉義,2019-06-19,33,4,2.0,nan,14.0,8,33.0,19.0
43,新營,2019-06-19,31,4,2.0,nan,20.0,8,31.0,28.0
44,善化,2019-06-19,31,6,2.0,nan,22.0,11,31.0,20.0
45,安南,2019-06-19,31,7,3.0,nan,28.0,20,31.0,26.0
46,臺南,2019-06-19,30,9,3.0,nan,17.0,16,30.0,26.0
47,美濃,2019-06-19,37,4,2.0,nan,23.0,6,37.0,34.0
48,橋頭,2019-06-19,35,3,2.0,nan,18.0,16,33.0,35.0
49,仁武,2019-06-19,28,10,3.0,nan,19.0,13,28.0,25.0
50,鳳山,2019-06-19,25,4,5.0,nan,nan,17,nan,25.0
51,大寮,2019-06-19,43,24,5.0,nan,nan,20,29.0,43.0
52,林園,2019-06-19,31,7,2.0,nan,26.0,14,29.0,31.0
53,楠梓,2019-06-19,35,6,3.0,nan,16.0,19,31.0,35.0
54,左營,2019-06-19,30,6,3.0,nan,14.0,13,30.0,11.0
56,前金,2019-06-19,31,7,3.0,nan,nan,23,31.0,21.0
57,前鎮,2019-06-19,23,7,nan,nan,17.0,23,nan,3.0
58,小港,2019-06-19,25,9,2.0,nan,nan,20,25.0,19.0
59,屏東,2019-06-19,48,4,3.0,nan,21.0,11,48.0,40.0
60,潮州,2019-06-19,45,9,3.0,nan,24.0,11,45.0,36.0
61,恆春,2019-06-19,18,1,1.0,nan,nan,2,18.0,nan
62,臺東,2019-06-19,32,3,3.0,nan,25.0,7,32.0,29.0
63,花蓮,2019-06-19,26,6,2.0,nan,19.0,12,25.0,26.0
64,陽明,2019-06-19,33,6,2.0,nan,16.0,7,33.0,21.0
65,宜蘭,2019-06-19,33,3,3.0,nan,26.0,9,33.0,29.0
66,冬山,2019-06-19,44,4,3.0,nan,31.0,11,32.0,44.0
67,三重,2019-06-19,44,9,20.0,nan,30.0,44,nan,42.0
68,中壢,2019-06-19,57,7,16.0,nan,22.0,27,nan,57.0
69,竹山,2019-06-19,41,6,2.0,nan,19.0,6,41.0,27.0
70,永和,2019-06-19,57,3,11.0,nan,25.0,27,nan,57.0
71,復興,2019-06-19,22,6,5.0,nan,nan,22,nan,19.0
72,埔里,2019-06-19,41,4,2.0,nan,23.0,12,41.0,28.0
75,馬祖,2019-06-19,35,4,1.0,nan,28.0,8,35.0,32.0
77,金門,2019-06-19,28,4,1.0,nan,18.0,8,28.0,24.0
78,馬公,2019-06-19,19,3,2.0,nan,12.0,7,19.0,15.0
80,關山,2019-06-19,30,3,nan,nan,29.0,4,20.0,30.0
83,麥寮,2019-06-19,26,4,nan,nan,26.0,15,nan,14.0
84,富貴角,2019-06-19,32,4,2.0,nan,25.0,11,32.0,18.0
5,土城,2019-06-20,47,4,3.0,nan,25.0,19,47.0,33.0
6,板橋,2019-06-20,44,10,3.0,nan,19.0,21,44.0,43.0
7,新莊,2019-06-20,44,10,3.0,nan,18.0,19,44.0,33.0
84,富貴角,2019-06-20,27,9,2.0,nan,25.0,18,27.0,19.0
1,基隆,2019-06-20,43,9,3.0,nan,25.0,15,43.0,36.0
8,菜寮,2019-06-20,41,6,5.0,nan,25.0,21,41.0,36.0
9,林口,2019-06-20,38,9,2.0,nan,23.0,20,38.0,13.0
10,淡水,2019-06-20,33,9,2.0,nan,9.0,15,33.0,16.0
11,士林,2019-06-20,47,6,3.0,nan,29.0,19,47.0,40.0
12,中山,2019-06-20,41,6,9.0,nan,28.0,27,39.0,41.0
13,萬華,2019-06-20,44,7,6.0,nan,25.0,21,44.0,38.0
14,古亭,2019-06-20,48,23,3.0,nan,16.0,18,48.0,32.0
15,松山,2019-06-20,46,6,5.0,nan,28.0,25,44.0,46.0
16,大同,2019-06-20,44,6,23.0,nan,26.0,39,nan,44.0
17,桃園,2019-06-20,40,6,3.0,nan,21.0,15,31.0,40.0
18,大園,2019-06-20,27,9,2.0,nan,11.0,12,27.0,22.0
19,觀音,2019-06-20,23,9,2.0,nan,18.0,18,22.0,23.0
20,平鎮,2019-06-20,43,6,2.0,nan,21.0,18,29.0,43.0
21,龍潭,2019-06-20,40,6,3.0,nan,20.0,12,40.0,35.0
22,湖口,2019-06-20,24,7,2.0,nan,nan,17,24.0,23.0
23,竹東,2019-06-20,41,4,2.0,nan,24.0,8,41.0,10.0
24,新竹,2019-06-20,23,6,3.0,nan,21.0,16,22.0,23.0
25,頭份,2019-06-20,29,9,nan,nan,10.0,21,nan,29.0
26,苗栗,2019-06-20,31,7,2.0,nan,12.0,15,23.0,31.0
27,三義,2019-06-20,32,4,2.0,nan,15.0,9,32.0,8.0
28,豐原,2019-06-20,40,6,2.0,nan,20.0,11,34.0,40.0
29,沙鹿,2019-06-20,25,3,2.0,nan,11.0,14,25.0,6.0
30,大里,2019-06-20,31,6,3.0,nan,18.0,12,29.0,31.0
31,忠明,2019-06-20,40,6,3.0,nan,11.0,14,27.0,40.0
32,西屯,2019-06-20,37,4,2.0,nan,nan,14,30.0,37.0
33,彰化,2019-06-20,33,11,2.0,nan,19.0,11,23.0,33.0
34,線西,2019-06-20,21,4,nan,nan,nan,8,nan,21.0
35,二林,2019-06-20,38,4,2.0,nan,29.0,8,20.0,38.0
36,南投,2019-06-20,23,3,2.0,nan,17.0,9,23.0,20.0
37,斗六,2019-06-20,28,6,2.0,nan,nan,8,28.0,nan
2,汐止,2019-06-20,67,4,5.0,nan,nan,20,67.0,39.0
38,崙背,2019-06-20,19,1,2.0,nan,19.0,6,19.0,17.0
39,新港,2019-06-20,22,3,2.0,nan,17.0,12,19.0,22.0
40,朴子,2019-06-20,23,4,2.0,nan,nan,8,19.0,23.0
41,臺西,2019-06-20,22,4,nan,nan,14.0,6,nan,22.0
42,嘉義,2019-06-20,23,9,2.0,nan,12.0,9,23.0,18.0
43,新營,2019-06-20,27,3,2.0,nan,21.0,8,21.0,27.0
44,善化,2019-06-20,22,6,2.0,nan,21.0,10,22.0,20.0
45,安南,2019-06-20,23,6,2.0,nan,23.0,12,22.0,16.0
46,臺南,2019-06-20,19,4,2.0,nan,12.0,8,19.0,17.0
47,美濃,2019-06-20,28,3,2.0,nan,20.0,9,28.0,24.0
48,橋頭,2019-06-20,31,4,2.0,nan,14.0,11,23.0,31.0
49,仁武,2019-06-20,22,6,2.0,nan,13.0,12,22.0,22.0
50,鳳山,2019-06-20,20,6,3.0,nan,nan,12,nan,20.0
51,大寮,2019-06-20,29,10,2.0,nan,nan,16,23.0,29.0
52,林園,2019-06-20,28,7,2.0,nan,23.0,12,28.0,22.0
53,楠梓,2019-06-20,22,4,2.0,nan,13.0,13,22.0,22.0
54,左營,2019-06-20,25,4,2.0,nan,11.0,8,25.0,19.0
56,前金,2019-06-20,23,4,2.0,nan,nan,7,23.0,18.0
57,前鎮,2019-06-20,14,3,nan,nan,14.0,10,nan,3.0
58,小港,2019-06-20,22,4,2.0,nan,nan,13,22.0,14.0
59,屏東,2019-06-20,36,6,3.0,nan,19.0,10,31.0,36.0
60,潮州,2019-06-20,39,6,2.0,nan,19.0,11,35.0,39.0
61,恆春,2019-06-20,21,1,1.0,nan,nan,2,21.0,nan
62,臺東,2019-06-20,33,3,3.0,nan,19.0,8,33.0,27.0
83,麥寮,2019-06-20,24,3,nan,nan,24.0,9,nan,11.0
80,關山,2019-06-20,31,4,nan,nan,29.0,6,30.0,31.0
63,花蓮,2019-06-20,32,6,3.0,nan,23.0,11,32.0,26.0
78,馬公,2019-06-20,18,3,2.0,nan,12.0,8,18.0,8.0
64,陽明,2019-06-20,36,6,1.0,nan,14.0,7,36.0,19.0
77,金門,2019-06-20,40,9,2.0,nan,25.0,16,40.0,35.0
75,馬祖,2019-06-20,93,4,5.0,nan,34.0,17,93.0,61.0
72,埔里,2019-06-20,33,4,2.0,nan,22.0,13,33.0,32.0
71,復興,2019-06-20,18,9,5.0,nan,nan,11,nan,18.0
70,永和,2019-06-20,53,6,9.0,nan,23.0,19,nan,53.0
69,竹山,2019-06-20,32,3,1.0,nan,nan,7,32.0,19.0
68,中壢,2019-06-20,52,6,15.0,nan,21.0,26,nan,52.0
67,三重,2019-06-20,44,9,18.0,nan,19.0,42,nan,44.0
66,冬山,2019-06-20,27,4,3.0,nan,nan,13,27.0,nan
65,宜蘭,2019-06-20,36,7,2.0,nan,nan,7,31.0,36.0
3,萬里,2019-06-20,39,7,2.0,nan,25.0,10,39.0,29.0
4,新店,2019-06-20,48,3,3.0,nan,19.0,14,48.0,40.0
57,前鎮,2019-06-21,16,6,nan,nan,16.0,12,nan,3
1,基隆,2019-06-21,49,6,5.0,nan,29.0,25,49.0,40
2,汐止,2019-06-21,47,21,6.0,nan,nan,30,47.0,42
3,萬里,2019-06-21,58,6,2.0,nan,26.0,13,58.0,31
4,新店,2019-06-21,46,4,3.0,nan,19.0,17,46.0,46
5,土城,2019-06-21,45,4,5.0,nan,30.0,24,44.0,45
6,板橋,2019-06-21,49,10,5.0,nan,nan,24,41.0,49
7,新莊,2019-06-21,42,13,3.0,nan,20.0,25,42.0,39
8,菜寮,2019-06-21,38,6,6.0,nan,29.0,22,38.0,37
9,林口,2019-06-21,36,6,2.0,nan,26.0,24,36.0,18
10,淡水,2019-06-21,34,4,2.0,nan,nan,11,34.0,18
11,士林,2019-06-21,49,4,5.0,nan,30.0,20,44.0,49
12,中山,2019-06-21,44,7,10.0,nan,31.0,34,33.0,44
13,萬華,2019-06-21,47,6,7.0,nan,27.0,26,40.0,47
14,古亭,2019-06-21,47,6,5.0,nan,nan,21,47.0,34
15,松山,2019-06-21,45,6,7.0,nan,31.0,30,37.0,45
16,大同,2019-06-21,44,6,20.0,nan,30.0,38,nan,44
17,桃園,2019-06-21,46,16,3.0,nan,23.0,21,30.0,46
18,大園,2019-06-21,29,10,2.0,nan,nan,14,29.0,28
19,觀音,2019-06-21,28,6,1.0,nan,20.0,8,23.0,28
20,平鎮,2019-06-21,40,4,2.0,nan,31.0,21,29.0,40
21,龍潭,2019-06-21,41,3,3.0,nan,23.0,14,41.0,25
22,湖口,2019-06-21,26,6,2.0,nan,nan,14,26.0,21
23,竹東,2019-06-21,43,3,2.0,nan,26.0,11,43.0,9
24,新竹,2019-06-21,25,6,3.0,nan,25.0,14,24.0,23
25,頭份,2019-06-21,27,4,nan,nan,15.0,12,nan,27
26,苗栗,2019-06-21,40,6,2.0,nan,nan,10,25.0,40
27,三義,2019-06-21,32,4,2.0,nan,14.0,7,32.0,9
28,豐原,2019-06-21,56,19,44.0,nan,22.0,10,34.0,56
29,沙鹿,2019-06-21,26,6,2.0,nan,nan,12,26.0,9
30,大里,2019-06-21,29,4,3.0,nan,17.0,9,29.0,29
31,忠明,2019-06-21,32,4,3.0,nan,5.0,11,29.0,32
32,西屯,2019-06-21,39,3,2.0,nan,nan,13,31.0,39
33,彰化,2019-06-21,41,7,2.0,nan,20.0,10,26.0,41
34,線西,2019-06-21,27,4,nan,nan,nan,10,nan,27
35,二林,2019-06-21,40,4,2.0,nan,28.0,11,23.0,40
36,南投,2019-06-21,27,4,2.0,nan,19.0,9,25.0,27
38,崙背,2019-06-21,23,1,2.0,nan,15.0,10,21.0,23
39,新港,2019-06-21,43,4,2.0,nan,15.0,9,21.0,43
40,朴子,2019-06-21,23,6,2.0,nan,nan,11,19.0,23
41,臺西,2019-06-21,23,3,nan,nan,nan,8,nan,23
42,嘉義,2019-06-21,25,4,2.0,nan,12.0,8,25.0,13
43,新營,2019-06-21,29,6,2.0,nan,19.0,9,21.0,29
44,善化,2019-06-21,23,3,2.0,nan,20.0,8,23.0,23
45,安南,2019-06-21,23,4,2.0,nan,18.0,13,23.0,23
46,臺南,2019-06-21,26,4,2.0,nan,11.0,10,20.0,26
47,美濃,2019-06-21,30,6,2.0,nan,21.0,6,30.0,24
48,橋頭,2019-06-21,30,4,2.0,nan,15.0,8,24.0,30
49,仁武,2019-06-21,28,9,2.0,nan,14.0,11,24.0,28
50,鳳山,2019-06-21,14,4,3.0,nan,nan,13,nan,14
51,大寮,2019-06-21,29,14,2.0,nan,nan,14,25.0,29
52,林園,2019-06-21,24,9,2.0,nan,24.0,10,24.0,21
53,楠梓,2019-06-21,25,3,3.0,nan,nan,12,25.0,19
54,左營,2019-06-21,24,7,2.0,nan,12.0,12,24.0,19
56,前金,2019-06-21,22,4,2.0,nan,nan,8,22.0,11
58,小港,2019-06-21,20,4,2.0,nan,nan,14,20.0,15
59,屏東,2019-06-21,41,4,2.0,nan,19.0,9,31.0,41
60,潮州,2019-06-21,34,4,2.0,nan,18.0,11,34.0,33
61,恆春,2019-06-21,27,4,1.0,nan,14.0,4,27.0,27
62,臺東,2019-06-21,33,3,3.0,nan,19.0,8,33.0,32
63,花蓮,2019-06-21,37,10,2.0,nan,22.0,8,37.0,33
64,陽明,2019-06-21,34,3,2.0,nan,17.0,8,34.0,23
65,宜蘭,2019-06-21,48,10,3.0,nan,nan,8,48.0,43
67,三重,2019-06-21,43,7,19.0,nan,nan,43,nan,41
68,中壢,2019-06-21,53,6,17.0,nan,23.0,35,nan,53
69,竹山,2019-06-21,32,4,2.0,nan,nan,7,32.0,13
70,永和,2019-06-21,44,6,8.0,nan,26.0,26,nan,44
80,關山,2019-06-21,49,4,nan,nan,31.0,5,31.0,49
71,復興,2019-06-21,28,6,3.0,nan,nan,12,nan,28
72,埔里,2019-06-21,35,4,2.0,nan,22.0,12,35.0,33
78,馬公,2019-06-21,17,3,2.0,nan,12.0,7,17.0,8
75,馬祖,2019-06-21,52,4,2.0,nan,nan,18,36.0,52
77,金門,2019-06-21,28,3,1.0,nan,21.0,8,28.0,21
84,富貴角,2019-06-21,32,3,1.0,nan,32.0,9,28.0,22
83,麥寮,2019-06-21,21,3,nan,nan,21.0,8,nan,10
62,臺東,2019-06-22,38,3,3.0,nan,20.0,8,38.0,35
61,恆春,2019-06-22,27,3,1.0,nan,14.0,4,24.0,27
60,潮州,2019-06-22,36,9,2.0,nan,19.0,12,34.0,36
59,屏東,2019-06-22,36,6,3.0,nan,19.0,15,36.0,33
58,小港,2019-06-22,19,9,2.0,nan,16.0,15,19.0,14
57,前鎮,2019-06-22,14,6,nan,nan,5.0,14,nan,3
56,前金,2019-06-22,19,4,2.0,nan,11.0,8,19.0,18
54,左營,2019-06-22,20,9,2.0,nan,11.0,11,20.0,13
53,楠梓,2019-06-22,30,6,2.0,nan,nan,19,21.0,30
52,林園,2019-06-22,23,10,2.0,nan,22.0,14,23.0,22
51,大寮,2019-06-22,34,17,2.0,nan,16.0,15,23.0,34
50,鳳山,2019-06-22,20,6,3.0,nan,12.0,13,nan,20
49,仁武,2019-06-22,23,6,2.0,nan,14.0,14,20.0,23
48,橋頭,2019-06-22,31,4,2.0,nan,17.0,11,21.0,31
47,美濃,2019-06-22,27,3,2.0,nan,20.0,6,27.0,23
46,臺南,2019-06-22,25,4,2.0,nan,5.0,9,19.0,25
45,安南,2019-06-22,29,4,2.0,nan,5.0,11,22.0,29
44,善化,2019-06-22,26,4,2.0,nan,21.0,13,26.0,24
43,新營,2019-06-22,26,6,2.0,nan,19.0,8,24.0,26
42,嘉義,2019-06-22,30,6,2.0,nan,16.0,8,30.0,19
41,臺西,2019-06-22,21,4,nan,nan,nan,8,nan,21
40,朴子,2019-06-22,30,4,3.0,nan,nan,14,19.0,30
39,新港,2019-06-22,27,4,1.0,nan,16.0,10,21.0,27
38,崙背,2019-06-22,25,3,2.0,nan,16.0,8,20.0,25
36,南投,2019-06-22,37,4,3.0,nan,24.0,10,25.0,37
35,二林,2019-06-22,60,6,2.0,nan,36.0,8,22.0,60
34,線西,2019-06-22,35,3,nan,nan,5.0,8,nan,35
33,彰化,2019-06-22,40,9,3.0,nan,22.0,10,23.0,40
32,西屯,2019-06-22,31,4,2.0,nan,5.0,12,29.0,31
31,忠明,2019-06-22,47,6,3.0,nan,14.0,12,26.0,47
30,大里,2019-06-22,47,4,3.0,nan,19.0,12,28.0,47
29,沙鹿,2019-06-22,26,4,3.0,nan,5.0,10,26.0,15
28,豐原,2019-06-22,54,4,2.0,nan,16.0,8,31.0,54
27,三義,2019-06-22,31,4,2.0,nan,13.0,5,31.0,13
26,苗栗,2019-06-22,42,4,3.0,nan,10.0,11,24.0,42
25,頭份,2019-06-22,33,4,nan,nan,17.0,15,nan,33
24,新竹,2019-06-22,28,6,3.0,nan,25.0,17,28.0,26
23,竹東,2019-06-22,29,7,3.0,nan,25.0,16,29.0,7
22,湖口,2019-06-22,29,6,1.0,nan,nan,8,29.0,28
21,龍潭,2019-06-22,29,6,3.0,nan,22.0,15,29.0,23
20,平鎮,2019-06-22,39,7,3.0,nan,32.0,19,24.0,39
19,觀音,2019-06-22,29,7,1.0,nan,21.0,9,29.0,29
18,大園,2019-06-22,32,9,3.0,nan,5.0,21,32.0,25
17,桃園,2019-06-22,28,9,3.0,nan,19.0,18,23.0,28
16,大同,2019-06-22,35,6,12.0,nan,20.0,32,nan,35
15,松山,2019-06-22,38,6,5.0,nan,20.0,25,18.0,38
14,古亭,2019-06-22,29,3,5.0,nan,5.0,29,20.0,27
13,萬華,2019-06-22,30,4,6.0,nan,20.0,27,19.0,30
12,中山,2019-06-22,32,4,9.0,nan,23.0,26,18.0,32
11,士林,2019-06-22,33,4,3.0,nan,24.0,25,28.0,33
10,淡水,2019-06-22,31,4,2.0,nan,5.0,8,31.0,12
9,林口,2019-06-22,33,6,2.0,nan,19.0,18,33.0,14
8,菜寮,2019-06-22,26,6,3.0,nan,19.0,17,25.0,26
7,新莊,2019-06-22,27,11,3.0,nan,17.0,22,27.0,26
6,板橋,2019-06-22,36,6,5.0,nan,5.0,22,23.0,36
5,土城,2019-06-22,32,4,5.0,nan,22.0,24,17.0,32
1,基隆,2019-06-22,24,9,3.0,nan,19.0,17,20.0,24
2,汐止,2019-06-22,35,4,6.0,nan,nan,23,16.0,35
3,萬里,2019-06-22,28,7,2.0,nan,23.0,15,28.0,20
4,新店,2019-06-22,36,3,5.0,nan,19.0,19,17.0,36
83,麥寮,2019-06-22,21,3,nan,nan,21.0,8,nan,12
84,富貴角,2019-06-22,36,3,1.0,nan,25.0,8,36.0,13
78,馬公,2019-06-22,23,23,2.0,nan,15.0,10,16.0,13
80,關山,2019-06-22,75,7,nan,nan,47.0,11,33.0,75
63,花蓮,2019-06-22,38,4,2.0,nan,27.0,11,38.0,36
64,陽明,2019-06-22,26,3,1.0,nan,12.0,6,26.0,17
65,宜蘭,2019-06-22,42,10,3.0,nan,5.0,8,33.0,42
67,三重,2019-06-22,35,6,17.0,nan,5.0,35,nan,28
68,中壢,2019-06-22,63,6,11.0,nan,19.0,26,nan,63
69,竹山,2019-06-22,31,4,2.0,nan,nan,7,31.0,14
70,永和,2019-06-22,31,6,11.0,nan,20.0,28,nan,31
71,復興,2019-06-22,28,9,5.0,nan,14.0,11,nan,28
72,埔里,2019-06-22,33,3,3.0,nan,21.0,14,31.0,33
75,馬祖,2019-06-22,44,4,1.0,nan,nan,13,44.0,25
77,金門,2019-06-22,30,3,1.0,nan,24.0,9,30.0,22
36,南投,2019-06-23,17,3,3.0,nan,17.0,10,12.0,14
1,基隆,2019-06-23,31,4,3.0,nan,15.0,15,31.0,19
2,汐止,2019-06-23,24,4,5.0,nan,5.0,16,24.0,19
3,萬里,2019-06-23,47,4,2.0,nan,20.0,11,47.0,14
4,新店,2019-06-23,19,3,3.0,nan,5.0,16,19.0,19
5,土城,2019-06-23,22,3,3.0,nan,11.0,19,22.0,18
6,板橋,2019-06-23,28,4,5.0,nan,5.0,27,19.0,28
7,新莊,2019-06-23,24,4,5.0,nan,10.0,24,22.0,18
8,菜寮,2019-06-23,25,3,6.0,nan,14.0,25,19.0,20
9,林口,2019-06-23,29,4,2.0,nan,13.0,16,29.0,7
10,淡水,2019-06-23,27,3,3.0,nan,nan,12,27.0,10
11,士林,2019-06-23,24,3,5.0,nan,9.0,19,24.0,19
12,中山,2019-06-23,25,4,7.0,nan,15.0,25,13.0,15
13,萬華,2019-06-23,27,3,5.0,nan,14.0,27,16.0,24
14,古亭,2019-06-23,22,3,3.0,nan,5.0,21,19.0,22
15,松山,2019-06-23,19,6,5.0,nan,12.0,19,19.0,19
16,大同,2019-06-23,31,4,10.0,nan,14.0,31,nan,25
17,桃園,2019-06-23,23,10,5.0,nan,10.0,22,19.0,23
18,大園,2019-06-23,31,9,2.0,nan,5.0,20,31.0,17
19,觀音,2019-06-23,34,4,2.0,nan,17.0,15,34.0,24
20,平鎮,2019-06-23,24,4,3.0,nan,5.0,16,24.0,20
21,龍潭,2019-06-23,26,4,2.0,nan,16.0,17,21.0,26
22,湖口,2019-06-23,31,3,2.0,nan,nan,19,31.0,14
23,竹東,2019-06-23,20,3,2.0,nan,17.0,8,20.0,3
24,新竹,2019-06-23,22,3,3.0,nan,14.0,22,20.0,14
25,頭份,2019-06-23,30,4,nan,nan,5.0,15,nan,30
26,苗栗,2019-06-23,21,4,2.0,nan,11.0,12,15.0,21
27,三義,2019-06-23,18,6,2.0,nan,9.0,5,18.0,3
28,豐原,2019-06-23,29,3,2.0,nan,12.0,8,19.0,29
29,沙鹿,2019-06-23,20,4,2.0,nan,5.0,20,18.0,3
30,大里,2019-06-23,27,4,3.0,nan,11.0,12,16.0,27
31,忠明,2019-06-23,38,4,3.0,nan,5.0,23,16.0,38
32,西屯,2019-06-23,32,4,3.0,nan,5.0,17,16.0,32
33,彰化,2019-06-23,25,6,3.0,nan,14.0,8,16.0,25
34,線西,2019-06-23,14,1,nan,nan,5.0,9,nan,14
35,二林,2019-06-23,30,4,2.0,nan,19.0,6,19.0,30
38,崙背,2019-06-23,19,3,2.0,nan,11.0,8,19.0,14
39,新港,2019-06-23,26,4,2.0,nan,12.0,12,17.0,26
40,朴子,2019-06-23,23,6,3.0,nan,nan,13,18.0,23
41,臺西,2019-06-23,16,3,nan,nan,nan,7,nan,16
42,嘉義,2019-06-23,19,4,3.0,nan,12.0,10,19.0,18
43,新營,2019-06-23,23,3,2.0,nan,18.0,5,20.0,23
44,善化,2019-06-23,20,4,2.0,nan,19.0,6,20.0,11
45,安南,2019-06-23,25,3,3.0,nan,5.0,12,22.0,25
46,臺南,2019-06-23,18,4,6.0,nan,5.0,14,18.0,18
47,美濃,2019-06-23,21,3,2.0,nan,19.0,6,19.0,21
48,橋頭,2019-06-23,33,3,3.0,nan,19.0,11,19.0,33
49,仁武,2019-06-23,18,7,2.0,nan,14.0,13,18.0,15
50,鳳山,2019-06-23,15,3,5.0,nan,14.0,15,nan,13
51,大寮,2019-06-23,39,39,3.0,nan,15.0,14,17.0,24
52,林園,2019-06-23,30,30,3.0,nan,22.0,15,20.0,22
53,楠梓,2019-06-23,26,4,3.0,nan,nan,14,18.0,26
54,左營,2019-06-23,20,13,7.0,nan,14.0,20,17.0,13
56,前金,2019-06-23,20,7,6.0,nan,15.0,18,18.0,20
57,前鎮,2019-06-23,20,7,nan,nan,5.0,20,nan,3
58,小港,2019-06-23,18,9,3.0,nan,13.0,17,18.0,12
59,屏東,2019-06-23,24,4,3.0,nan,15.0,12,20.0,24
60,潮州,2019-06-23,29,3,2.0,nan,15.0,8,19.0,29
61,恆春,2019-06-23,25,3,1.0,nan,14.0,3,24.0,25
62,臺東,2019-06-23,35,3,3.0,nan,21.0,8,29.0,35
63,花蓮,2019-06-23,40,3,2.0,nan,24.0,17,31.0,40
64,陽明,2019-06-23,25,3,1.0,nan,5.0,5,25.0,9
65,宜蘭,2019-06-23,30,4,2.0,nan,5.0,7,24.0,30
67,三重,2019-06-23,30,4,14.0,nan,5.0,30,nan,24
68,中壢,2019-06-23,38,6,8.0,nan,11.0,28,nan,38
69,竹山,2019-06-23,17,3,3.0,nan,nan,10,17.0,13
70,永和,2019-06-23,40,4,9.0,nan,14.0,25,nan,40
71,復興,2019-06-23,26,10,8.0,nan,13.0,22,nan,26
72,埔里,2019-06-23,29,6,3.0,nan,21.0,11,18.0,29
75,馬祖,2019-06-23,54,1,2.0,nan,5.0,6,54.0,33
77,金門,2019-06-23,39,4,2.0,nan,22.0,8,39.0,19
78,馬公,2019-06-23,19,10,2.0,nan,19.0,10,16.0,8
80,關山,2019-06-23,68,6,nan,nan,43.0,6,26.0,68
83,麥寮,2019-06-23,20,4,nan,nan,20.0,10,nan,10
84,富貴角,2019-06-23,47,1,1.0,nan,28.0,8,47.0,10
35,二林,2019-06-24,29,9,5.0,nan,22.0,22,21.0,29.0
4,新店,2019-06-24,30,4,6.0,nan,9.0,23,30.0,17.0
2,汐止,2019-06-24,38,6,3.0,nan,nan,25,38.0,22.0
1,基隆,2019-06-24,39,3,3.0,nan,14.0,15,39.0,21.0
5,土城,2019-06-24,31,3,7.0,nan,14.0,31,28.0,25.0
6,板橋,2019-06-24,38,6,8.0,nan,nan,38,28.0,36.0
7,新莊,2019-06-24,34,4,7.0,nan,17.0,34,31.0,25.0
8,菜寮,2019-06-24,32,7,6.0,nan,13.0,21,32.0,19.0
9,林口,2019-06-24,39,6,6.0,nan,nan,39,21.0,nan
10,淡水,2019-06-24,26,3,6.0,nan,nan,19,26.0,13.0
11,士林,2019-06-24,28,4,5.0,nan,10.0,25,28.0,24.0
12,中山,2019-06-24,35,6,7.0,nan,14.0,28,35.0,24.0
13,萬華,2019-06-24,34,4,6.0,nan,17.0,31,34.0,25.0
14,古亭,2019-06-24,37,4,5.0,nan,nan,27,37.0,21.0
15,松山,2019-06-24,37,6,5.0,nan,13.0,25,37.0,33.0
16,大同,2019-06-24,47,4,17.0,nan,18.0,47,nan,33.0
17,桃園,2019-06-24,33,17,8.0,nan,14.0,33,20.0,32.0
18,大園,2019-06-24,36,9,6.0,nan,5.0,36,31.0,31.0
19,觀音,2019-06-24,36,13,5.0,nan,19.0,32,36.0,34.0
20,平鎮,2019-06-24,38,6,8.0,nan,11.0,38,20.0,32.0
21,龍潭,2019-06-24,33,6,6.0,nan,19.0,33,19.0,24.0
22,湖口,2019-06-24,33,4,6.0,nan,nan,33,26.0,26.0
23,竹東,2019-06-24,17,3,3.0,nan,17.0,13,17.0,3.0
24,新竹,2019-06-24,28,3,6.0,nan,13.0,28,17.0,17.0
25,頭份,2019-06-24,30,1,nan,nan,5.0,26,nan,30.0
26,苗栗,2019-06-24,22,6,5.0,nan,nan,17,14.0,22.0
27,三義,2019-06-24,26,6,2.0,nan,5.0,15,26.0,3.0
28,豐原,2019-06-24,39,4,2.0,nan,14.0,16,27.0,39.0
29,沙鹿,2019-06-24,31,14,10.0,nan,nan,31,21.0,9.0
30,大里,2019-06-24,35,7,7.0,nan,14.0,35,19.0,19.0
31,忠明,2019-06-24,42,11,11.0,nan,12.0,42,19.0,38.0
32,西屯,2019-06-24,49,6,9.0,nan,nan,43,18.0,49.0
33,彰化,2019-06-24,19,7,7.0,nan,11.0,18,19.0,14.0
34,線西,2019-06-24,33,6,nan,nan,nan,33,nan,21.0
3,萬里,2019-06-24,51,4,2.0,nan,19.0,9,51.0,12.0
36,南投,2019-06-24,25,4,5.0,nan,15.0,25,14.0,3.0
38,崙背,2019-06-24,22,3,5.0,nan,19.0,20,19.0,22.0
39,新港,2019-06-24,35,3,5.0,nan,16.0,18,17.0,35.0
40,朴子,2019-06-24,23,4,6.0,nan,nan,17,14.0,23.0
41,臺西,2019-06-24,27,3,nan,nan,nan,12,nan,27.0
42,嘉義,2019-06-24,19,3,3.0,nan,14.0,19,16.0,10.0
43,新營,2019-06-24,26,3,3.0,nan,20.0,12,25.0,26.0
44,善化,2019-06-24,22,6,2.0,nan,22.0,8,14.0,10.0
45,安南,2019-06-24,29,6,6.0,nan,nan,21,29.0,26.0
46,臺南,2019-06-24,31,9,7.0,nan,nan,23,31.0,22.0
47,美濃,2019-06-24,23,3,2.0,nan,23.0,10,16.0,17.0
48,橋頭,2019-06-24,33,4,5.0,nan,21.0,25,27.0,33.0
49,仁武,2019-06-24,29,13,5.0,nan,29.0,28,28.0,26.0
50,鳳山,2019-06-24,28,4,6.0,nan,23.0,22,nan,28.0
51,大寮,2019-06-24,64,64,5.0,nan,30.0,23,22.0,51.0
52,林園,2019-06-24,35,10,3.0,nan,31.0,18,31.0,35.0
53,楠梓,2019-06-24,29,6,5.0,nan,nan,27,29.0,27.0
54,左營,2019-06-24,34,9,7.0,nan,22.0,34,24.0,26.0
56,前金,2019-06-24,32,6,7.0,nan,19.0,32,19.0,23.0
57,前鎮,2019-06-24,31,14,nan,nan,5.0,31,nan,13.0
58,小港,2019-06-24,25,14,5.0,nan,21.0,25,14.0,22.0
59,屏東,2019-06-24,34,9,6.0,nan,24.0,22,32.0,34.0
60,潮州,2019-06-24,35,6,2.0,nan,21.0,8,33.0,35.0
61,恆春,2019-06-24,28,4,2.0,nan,16.0,5,23.0,28.0
62,臺東,2019-06-24,24,3,3.0,nan,15.0,8,24.0,24.0
63,花蓮,2019-06-24,30,3,3.0,nan,15.0,18,30.0,24.0
64,陽明,2019-06-24,30,3,2.0,nan,5.0,7,30.0,8.0
65,宜蘭,2019-06-24,42,3,3.0,nan,nan,10,42.0,17.0
67,三重,2019-06-24,39,10,17.0,nan,nan,39,nan,23.0
68,中壢,2019-06-24,56,6,20.0,nan,20.0,43,nan,56.0
69,竹山,2019-06-24,17,4,3.0,nan,nan,17,16.0,3.0
70,永和,2019-06-24,27,4,9.0,nan,16.0,27,nan,25.0
71,復興,2019-06-24,36,11,10.0,nan,22.0,32,nan,36.0
72,埔里,2019-06-24,30,4,3.0,nan,16.0,30,29.0,23.0
75,馬祖,2019-06-24,51,3,2.0,nan,5.0,5,47.0,51.0
77,金門,2019-06-24,38,4,5.0,nan,19.0,13,38.0,36.0
78,馬公,2019-06-24,29,4,5.0,nan,18.0,23,29.0,19.0
80,關山,2019-06-24,37,3,nan,nan,29.0,6,16.0,37.0
83,麥寮,2019-06-24,21,3,nan,nan,21.0,16,nan,21.0
84,富貴角,2019-06-24,46,1,1.0,nan,25.0,8,46.0,20.0
8,菜寮,2019-06-25,41,6,9.0,nan,17.0,41,28.0,18.0
7,新莊,2019-06-25,43,4,8.0,nan,16.0,43,34.0,27.0
2,汐止,2019-06-25,31,7,6.0,nan,nan,31,25.0,19.0
3,萬里,2019-06-25,33,7,2.0,nan,19.0,14,33.0,11.0
4,新店,2019-06-25,30,3,5.0,nan,13.0,23,30.0,21.0
6,板橋,2019-06-25,37,4,8.0,nan,16.0,37,28.0,32.0
5,土城,2019-06-25,31,3,6.0,nan,18.0,30,31.0,22.0
1,基隆,2019-06-25,27,4,5.0,nan,18.0,25,27.0,19.0
84,富貴角,2019-06-25,33,4,1.0,nan,25.0,6,33.0,11.0
83,麥寮,2019-06-25,25,4,nan,nan,25.0,13,nan,15.0
80,關山,2019-06-25,21,3,nan,nan,19.0,3,19.0,21.0
78,馬公,2019-06-25,32,4,3.0,nan,13.0,11,32.0,15.0
77,金門,2019-06-25,32,4,5.0,nan,16.0,15,27.0,32.0
75,馬祖,2019-06-25,36,6,3.0,nan,5.0,7,36.0,nan
72,埔里,2019-06-25,34,3,2.0,nan,20.0,10,34.0,26.0
71,復興,2019-06-25,33,7,6.0,nan,19.0,25,nan,33.0
70,永和,2019-06-25,42,4,11.0,nan,19.0,42,nan,18.0
69,竹山,2019-06-25,31,6,2.0,nan,nan,14,31.0,13.0
68,中壢,2019-06-25,51,6,20.0,nan,25.0,38,nan,51.0
67,三重,2019-06-25,45,9,16.0,nan,19.0,45,nan,27.0
65,宜蘭,2019-06-25,32,11,2.0,nan,17.0,9,32.0,17.0
64,陽明,2019-06-25,32,4,1.0,nan,5.0,2,32.0,14.0
63,花蓮,2019-06-25,32,4,3.0,nan,17.0,11,32.0,20.0
62,臺東,2019-06-25,26,3,5.0,nan,10.0,12,26.0,11.0
61,恆春,2019-06-25,30,3,1.0,nan,11.0,2,30.0,19.0
60,潮州,2019-06-25,34,4,2.0,nan,19.0,8,26.0,34.0
59,屏東,2019-06-25,25,3,6.0,nan,19.0,16,25.0,15.0
58,小港,2019-06-25,31,31,3.0,nan,19.0,26,17.0,20.0
57,前鎮,2019-06-25,30,6,nan,nan,nan,30,nan,13.0
56,前金,2019-06-25,25,7,5.0,nan,15.0,25,22.0,19.0
54,左營,2019-06-25,24,7,6.0,nan,15.0,23,24.0,18.0
53,楠梓,2019-06-25,22,6,5.0,nan,nan,22,21.0,17.0
52,林園,2019-06-25,29,7,3.0,nan,24.0,16,28.0,29.0
51,大寮,2019-06-25,45,27,3.0,nan,25.0,28,19.0,45.0
50,鳳山,2019-06-25,29,6,7.0,nan,19.0,29,nan,17.0
49,仁武,2019-06-25,34,13,5.0,nan,20.0,34,21.0,34.0
48,橋頭,2019-06-25,25,4,3.0,nan,20.0,18,25.0,19.0
47,美濃,2019-06-25,21,3,2.0,nan,21.0,8,19.0,9.0
46,臺南,2019-06-25,30,6,5.0,nan,nan,18,30.0,20.0
45,安南,2019-06-25,30,6,5.0,nan,nan,24,30.0,30.0
44,善化,2019-06-25,25,7,3.0,nan,23.0,21,25.0,14.0
43,新營,2019-06-25,34,4,5.0,nan,22.0,20,26.0,34.0
42,嘉義,2019-06-25,26,4,5.0,nan,12.0,23,26.0,16.0
41,臺西,2019-06-25,29,4,nan,nan,nan,13,nan,29.0
40,朴子,2019-06-25,24,4,3.0,nan,15.0,15,24.0,20.0
39,新港,2019-06-25,26,6,3.0,nan,19.0,16,26.0,25.0
38,崙背,2019-06-25,37,6,2.0,nan,16.0,37,31.0,16.0
36,南投,2019-06-25,27,3,3.0,nan,17.0,13,27.0,15.0
35,二林,2019-06-25,42,6,5.0,nan,25.0,11,33.0,42.0
34,線西,2019-06-25,24,6,nan,nan,nan,19,nan,24.0
33,彰化,2019-06-25,33,4,3.0,nan,15.0,14,33.0,30.0
32,西屯,2019-06-25,38,4,6.0,nan,24.0,20,38.0,nan
31,忠明,2019-06-25,34,4,7.0,nan,5.0,18,34.0,33.0
30,大里,2019-06-25,33,6,3.0,nan,16.0,17,33.0,19.0
29,沙鹿,2019-06-25,37,7,6.0,nan,16.0,25,37.0,8.0
28,豐原,2019-06-25,38,4,3.0,nan,19.0,14,38.0,32.0
27,三義,2019-06-25,38,6,2.0,nan,14.0,10,38.0,13.0
26,苗栗,2019-06-25,32,6,5.0,nan,nan,21,28.0,32.0
25,頭份,2019-06-25,32,4,nan,nan,15.0,21,nan,32.0
24,新竹,2019-06-25,51,4,5.0,nan,22.0,24,51.0,25.0
23,竹東,2019-06-25,43,4,2.0,nan,20.0,10,43.0,3.0
22,湖口,2019-06-25,84,4,5.0,nan,nan,18,84.0,31.0
21,龍潭,2019-06-25,51,7,3.0,nan,21.0,15,51.0,18.0
20,平鎮,2019-06-25,49,9,5.0,nan,15.0,23,49.0,26.0
19,觀音,2019-06-25,50,9,5.0,nan,29.0,26,50.0,40.0
18,大園,2019-06-25,41,7,5.0,nan,nan,27,41.0,31.0
17,桃園,2019-06-25,39,20,7.0,nan,21.0,37,39.0,35.0
16,大同,2019-06-25,47,7,19.0,nan,19.0,47,nan,30.0
15,松山,2019-06-25,34,6,6.0,nan,13.0,34,27.0,31.0
14,古亭,2019-06-25,34,6,7.0,nan,11.0,34,30.0,18.0
13,萬華,2019-06-25,38,6,9.0,nan,15.0,38,19.0,22.0
12,中山,2019-06-25,39,7,10.0,nan,19.0,39,23.0,28.0
11,士林,2019-06-25,41,6,5.0,nan,17.0,24,37.0,41.0
10,淡水,2019-06-25,35,4,3.0,nan,nan,19,35.0,12.0
9,林口,2019-06-25,41,6,6.0,nan,15.0,38,41.0,11.0
71,復興,2019-06-26,37.0,10.0,9.0,nan,20.0,36.0,nan,37.0
1,基隆,2019-06-26,34.0,7.0,3.0,nan,19.0,31.0,34.0,22.0
2,汐止,2019-06-26,46.0,4.0,5.0,nan,27.0,23.0,46.0,29.0
3,萬里,2019-06-26,46.0,6.0,2.0,nan,13.0,8.0,46.0,21.0
4,新店,2019-06-26,50.0,6.0,5.0,nan,19.0,25.0,50.0,35.0
5,土城,2019-06-26,51.0,6.0,7.0,nan,26.0,33.0,51.0,40.0
6,板橋,2019-06-26,50.0,6.0,9.0,nan,26.0,38.0,42.0,50.0
7,新莊,2019-06-26,44.0,10.0,7.0,nan,19.0,38.0,44.0,42.0
8,菜寮,2019-06-26,41.0,6.0,7.0,nan,25.0,30.0,41.0,30.0
9,林口,2019-06-26,48.0,6.0,5.0,nan,21.0,25.0,48.0,19.0
10,淡水,2019-06-26,48.0,6.0,5.0,nan,nan,23.0,48.0,18.0
11,士林,2019-06-26,51.0,6.0,5.0,nan,20.0,15.0,51.0,39.0
12,中山,2019-06-26,40.0,4.0,8.0,nan,25.0,40.0,37.0,34.0
13,萬華,2019-06-26,40.0,4.0,8.0,nan,20.0,40.0,39.0,38.0
14,古亭,2019-06-26,47.0,7.0,6.0,nan,19.0,25.0,47.0,26.0
15,松山,2019-06-26,44.0,4.0,5.0,nan,19.0,28.0,44.0,41.0
16,大同,2019-06-26,56.0,4.0,16.0,nan,24.0,56.0,nan,42.0
17,桃園,2019-06-26,27.0,24.0,7.0,nan,nan,27.0,25.0,nan
18,大園,2019-06-26,47.0,9.0,6.0,nan,27.0,29.0,47.0,33.0
19,觀音,2019-06-26,44.0,10.0,3.0,nan,24.0,22.0,44.0,38.0
20,平鎮,2019-06-26,46.0,7.0,5.0,nan,19.0,25.0,46.0,40.0
21,龍潭,2019-06-26,61.0,9.0,7.0,nan,31.0,27.0,61.0,53.0
22,湖口,2019-06-26,49.0,4.0,3.0,nan,nan,17.0,49.0,27.0
23,竹東,2019-06-26,74.0,4.0,3.0,nan,23.0,13.0,74.0,3.0
24,新竹,2019-06-26,46.0,6.0,5.0,nan,22.0,17.0,46.0,24.0
25,頭份,2019-06-26,32.0,6.0,nan,nan,15.0,21.0,nan,32.0
26,苗栗,2019-06-26,39.0,3.0,3.0,nan,15.0,16.0,39.0,32.0
27,三義,2019-06-26,32.0,7.0,2.0,nan,11.0,8.0,32.0,12.0
28,豐原,2019-06-26,42.0,3.0,3.0,nan,18.0,13.0,40.0,42.0
29,沙鹿,2019-06-26,34.0,4.0,3.0,nan,9.0,14.0,34.0,3.0
30,大里,2019-06-26,30.0,6.0,5.0,nan,15.0,17.0,30.0,25.0
31,忠明,2019-06-26,31.0,6.0,5.0,nan,5.0,22.0,31.0,31.0
32,西屯,2019-06-26,35.0,6.0,3.0,nan,20.0,21.0,35.0,14.0
33,彰化,2019-06-26,31.0,11.0,3.0,nan,13.0,11.0,31.0,15.0
34,線西,2019-06-26,19.0,6.0,nan,nan,19.0,12.0,nan,17.0
35,二林,2019-06-26,31.0,6.0,2.0,nan,22.0,13.0,31.0,28.0
36,南投,2019-06-26,28.0,3.0,3.0,nan,15.0,10.0,28.0,14.0
37,斗六,2019-06-26,nan,nan,nan,nan,nan,nan,nan,nan
38,崙背,2019-06-26,29.0,4.0,2.0,nan,14.0,9.0,29.0,18.0
39,新港,2019-06-26,23.0,13.0,3.0,nan,15.0,17.0,23.0,22.0
40,朴子,2019-06-26,27.0,3.0,3.0,nan,17.0,10.0,25.0,27.0
41,臺西,2019-06-26,25.0,3.0,nan,nan,16.0,8.0,nan,25.0
42,嘉義,2019-06-26,27.0,3.0,3.0,nan,13.0,15.0,27.0,6.0
43,新營,2019-06-26,31.0,4.0,3.0,nan,19.0,11.0,26.0,31.0
44,善化,2019-06-26,30.0,4.0,2.0,nan,20.0,8.0,30.0,8.0
45,安南,2019-06-26,29.0,6.0,5.0,nan,27.0,23.0,29.0,26.0
46,臺南,2019-06-26,29.0,6.0,3.0,nan,15.0,18.0,29.0,20.0
47,美濃,2019-06-26,27.0,4.0,2.0,nan,18.0,8.0,27.0,15.0
48,橋頭,2019-06-26,26.0,7.0,5.0,nan,17.0,24.0,26.0,18.0
49,仁武,2019-06-26,26.0,10.0,6.0,nan,16.0,21.0,26.0,20.0
50,鳳山,2019-06-26,27.0,10.0,7.0,nan,19.0,27.0,nan,22.0
51,大寮,2019-06-26,32.0,16.0,5.0,nan,17.0,19.0,25.0,32.0
52,林園,2019-06-26,35.0,4.0,3.0,nan,18.0,12.0,35.0,19.0
53,楠梓,2019-06-26,32.0,13.0,6.0,nan,15.0,32.0,19.0,15.0
54,左營,2019-06-26,32.0,10.0,8.0,nan,15.0,32.0,20.0,17.0
56,前金,2019-06-26,31.0,9.0,8.0,nan,16.0,31.0,23.0,20.0
57,前鎮,2019-06-26,40.0,7.0,nan,nan,19.0,40.0,nan,11.0
58,小港,2019-06-26,32.0,10.0,5.0,nan,17.0,32.0,19.0,22.0
59,屏東,2019-06-26,31.0,6.0,6.0,nan,14.0,18.0,31.0,26.0
60,潮州,2019-06-26,31.0,3.0,2.0,nan,16.0,8.0,31.0,30.0
61,恆春,2019-06-26,31.0,3.0,1.0,nan,10.0,2.0,31.0,23.0
62,臺東,2019-06-26,26.0,3.0,3.0,nan,11.0,6.0,26.0,12.0
63,花蓮,2019-06-26,29.0,3.0,3.0,nan,19.0,15.0,29.0,16.0
64,陽明,2019-06-26,46.0,6.0,2.0,nan,14.0,5.0,46.0,23.0
65,宜蘭,2019-06-26,28.0,13.0,2.0,nan,12.0,8.0,28.0,14.0
66,冬山,2019-06-26,16.0,3.0,5.0,nan,nan,14.0,16.0,nan
67,三重,2019-06-26,51.0,9.0,14.0,nan,25.0,51.0,nan,33.0
68,中壢,2019-06-26,67.0,7.0,19.0,nan,27.0,41.0,nan,67.0
69,竹山,2019-06-26,31.0,4.0,2.0,nan,14.0,9.0,31.0,10.0
70,永和,2019-06-26,38.0,6.0,11.0,nan,26.0,38.0,nan,30.0
72,埔里,2019-06-26,67.0,4.0,3.0,nan,nan,67.0,35.0,27.0
75,馬祖,2019-06-26,48.0,4.0,3.0,nan,nan,14.0,48.0,35.0
77,金門,2019-06-26,35.0,6.0,2.0,nan,16.0,8.0,35.0,26.0
78,馬公,2019-06-26,29.0,4.0,3.0,nan,nan,11.0,29.0,8.0
80,關山,2019-06-26,27.0,4.0,nan,nan,24.0,5.0,21.0,27.0
83,麥寮,2019-06-26,19.0,3.0,nan,nan,19.0,10.0,nan,12.0
84,富貴角,2019-06-26,45.0,4.0,1.0,nan,25.0,7.0,45.0,18.0
83,麥寮,2019-06-27,23,3,nan,nan,23.0,12,nan,18.0
80,關山,2019-06-27,21,3,nan,nan,18.0,5,19.0,21.0
78,馬公,2019-06-27,27,21,3.0,nan,13.0,15,27.0,18.0
77,金門,2019-06-27,45,7,2.0,nan,nan,18,44.0,45.0
75,馬祖,2019-06-27,47,6,1.0,nan,31.0,15,47.0,42.0
72,埔里,2019-06-27,35,4,2.0,nan,nan,9,35.0,29.0
71,復興,2019-06-27,44,7,8.0,nan,22.0,25,nan,44.0
70,永和,2019-06-27,35,4,12.0,nan,23.0,35,nan,31.0
69,竹山,2019-06-27,37,4,2.0,nan,16.0,9,37.0,14.0
68,中壢,2019-06-27,58,7,22.0,nan,27.0,47,nan,58.0
67,三重,2019-06-27,48,7,20.0,nan,25.0,48,nan,37.0
66,冬山,2019-06-27,35,9,3.0,nan,5.0,12,33.0,35.0
65,宜蘭,2019-06-27,33,13,3.0,nan,17.0,8,33.0,23.0
64,陽明,2019-06-27,42,4,2.0,nan,15.0,9,42.0,25.0
63,花蓮,2019-06-27,32,3,3.0,nan,19.0,11,32.0,20.0
62,臺東,2019-06-27,23,3,3.0,nan,9.0,8,23.0,15.0
61,恆春,2019-06-27,29,3,1.0,nan,nan,2,29.0,nan
60,潮州,2019-06-27,54,6,2.0,nan,23.0,7,30.0,54.0
59,屏東,2019-06-27,37,7,5.0,nan,19.0,13,37.0,32.0
58,小港,2019-06-27,25,11,7.0,nan,18.0,25,24.0,25.0
57,前鎮,2019-06-27,28,6,nan,nan,19.0,28,nan,14.0
56,前金,2019-06-27,33,6,9.0,nan,18.0,29,33.0,26.0
54,左營,2019-06-27,33,9,9.0,nan,18.0,28,33.0,23.0
53,楠梓,2019-06-27,50,10,7.0,nan,20.0,50,30.0,36.0
52,林園,2019-06-27,38,3,2.0,nan,19.0,8,38.0,19.0
51,大寮,2019-06-27,34,19,3.0,nan,19.0,15,34.0,33.0
50,鳳山,2019-06-27,30,9,8.0,nan,23.0,30,nan,30.0
49,仁武,2019-06-27,35,13,6.0,nan,23.0,24,33.0,35.0
48,橋頭,2019-06-27,32,7,6.0,nan,23.0,31,32.0,29.0
47,美濃,2019-06-27,30,3,2.0,nan,26.0,7,30.0,28.0
46,臺南,2019-06-27,29,4,5.0,nan,19.0,19,29.0,23.0
45,安南,2019-06-27,39,6,6.0,nan,27.0,26,28.0,39.0
44,善化,2019-06-27,31,4,3.0,nan,23.0,16,31.0,24.0
43,新營,2019-06-27,46,7,3.0,nan,26.0,15,28.0,46.0
42,嘉義,2019-06-27,29,4,3.0,nan,13.0,13,29.0,17.0
41,臺西,2019-06-27,28,4,nan,nan,20.0,12,nan,28.0
40,朴子,2019-06-27,39,6,3.0,nan,25.0,14,28.0,39.0
39,新港,2019-06-27,38,6,3.0,nan,18.0,16,28.0,38.0
38,崙背,2019-06-27,30,3,2.0,nan,16.0,9,30.0,26.0
37,斗六,2019-06-27,1,1,1.0,nan,nan,0,1.0,nan
36,南投,2019-06-27,28,4,3.0,nan,17.0,14,28.0,23.0
35,二林,2019-06-27,37,3,2.0,nan,23.0,8,31.0,37.0
34,線西,2019-06-27,31,3,nan,nan,21.0,13,nan,31.0
33,彰化,2019-06-27,32,16,3.0,nan,nan,12,32.0,26.0
32,西屯,2019-06-27,36,6,3.0,nan,23.0,25,36.0,27.0
31,忠明,2019-06-27,37,4,5.0,nan,9.0,19,33.0,37.0
30,大里,2019-06-27,33,6,5.0,nan,17.0,17,33.0,33.0
29,沙鹿,2019-06-27,34,4,5.0,nan,13.0,16,34.0,9.0
28,豐原,2019-06-27,41,16,31.0,nan,19.0,11,32.0,41.0
27,三義,2019-06-27,32,6,2.0,nan,11.0,8,32.0,21.0
26,苗栗,2019-06-27,30,4,3.0,nan,11.0,11,30.0,27.0
25,頭份,2019-06-27,39,6,nan,nan,nan,19,nan,39.0
24,新竹,2019-06-27,38,6,6.0,nan,21.0,23,38.0,29.0
23,竹東,2019-06-27,43,3,2.0,nan,22.0,7,43.0,3.0
22,湖口,2019-06-27,44,6,5.0,nan,24.0,22,44.0,30.0
21,龍潭,2019-06-27,46,4,5.0,nan,26.0,16,46.0,43.0
20,平鎮,2019-06-27,45,4,6.0,nan,20.0,31,45.0,42.0
19,觀音,2019-06-27,43,7,5.0,nan,25.0,23,43.0,39.0
18,大園,2019-06-27,49,10,6.0,nan,24.0,32,44.0,49.0
16,大同,2019-06-27,60,6,30.0,nan,25.0,60,nan,37.0
15,松山,2019-06-27,42,4,7.0,nan,nan,25,42.0,37.0
14,古亭,2019-06-27,42,6,6.0,nan,18.0,22,42.0,25.0
13,萬華,2019-06-27,38,4,7.0,nan,19.0,29,38.0,32.0
12,中山,2019-06-27,37,6,9.0,nan,26.0,33,37.0,37.0
11,士林,2019-06-27,51,4,6.0,nan,18.0,20,51.0,31.0
10,淡水,2019-06-27,17,3,7.0,nan,nan,17,12.0,nan
9,林口,2019-06-27,41,10,7.0,nan,20.0,33,41.0,23.0
8,菜寮,2019-06-27,42,4,8.0,nan,24.0,25,42.0,32.0
7,新莊,2019-06-27,44,9,8.0,nan,nan,32,44.0,43.0
6,板橋,2019-06-27,47,7,9.0,nan,25.0,30,38.0,47.0
5,土城,2019-06-27,44,6,6.0,nan,26.0,22,43.0,44.0
4,新店,2019-06-27,41,3,5.0,nan,18.0,21,41.0,26.0
3,萬里,2019-06-27,48,23,3.0,nan,5.0,11,48.0,33.0
2,汐止,2019-06-27,39,7,6.0,nan,30.0,20,39.0,29.0
1,基隆,2019-06-27,39,6,6.0,nan,26.0,22,39.0,34.0
84,富貴角,2019-06-27,41,3,3.0,nan,23.0,9,41.0,27.0
84,富貴角,2019-06-28,44,3.0,2.0,nan,nan,8,44.0,23.0
7,新莊,2019-06-28,51,21.0,7.0,nan,nan,25,51.0,44.0
5,土城,2019-06-28,67,6.0,6.0,nan,29.0,25,67.0,38.0
8,菜寮,2019-06-28,47,6.0,7.0,nan,27.0,29,47.0,32.0
4,新店,2019-06-28,51,6.0,5.0,nan,22.0,22,51.0,34.0
9,林口,2019-06-28,44,10.0,6.0,nan,20.0,30,44.0,21.0
3,萬里,2019-06-28,46,6.0,3.0,nan,nan,8,46.0,34.0
11,士林,2019-06-28,87,6.0,6.0,nan,nan,23,87.0,36.0
2,汐止,2019-06-28,46,4.0,6.0,nan,33.0,27,46.0,32.0
12,中山,2019-06-28,45,6.0,9.0,nan,30.0,31,45.0,30.0
13,萬華,2019-06-28,50,6.0,8.0,nan,24.0,31,50.0,34.0
1,基隆,2019-06-28,33,10.0,5.0,nan,27.0,19,33.0,33.0
14,古亭,2019-06-28,54,6.0,6.0,nan,20.0,25,54.0,26.0
15,松山,2019-06-28,44,4.0,7.0,nan,nan,25,44.0,39.0
16,大同,2019-06-28,42,6.0,19.0,nan,28.0,42,nan,31.0
18,大園,2019-06-28,44,7.0,3.0,nan,23.0,23,44.0,42.0
19,觀音,2019-06-28,44,6.0,3.0,nan,19.0,18,38.0,44.0
20,平鎮,2019-06-28,43,6.0,3.0,nan,34.0,30,33.0,43.0
21,龍潭,2019-06-28,41,4.0,3.0,nan,23.0,12,41.0,31.0
22,湖口,2019-06-28,44,4.0,3.0,nan,21.0,18,44.0,35.0
23,竹東,2019-06-28,47,4.0,3.0,nan,18.0,9,47.0,16.0
24,新竹,2019-06-28,44,6.0,5.0,nan,22.0,19,44.0,33.0
25,頭份,2019-06-28,43,9.0,nan,nan,nan,17,nan,43.0
26,苗栗,2019-06-28,36,6.0,3.0,nan,15.0,16,36.0,32.0
27,三義,2019-06-28,44,10.0,2.0,nan,18.0,12,44.0,30.0
28,豐原,2019-06-28,52,6.0,3.0,nan,23.0,13,46.0,52.0
29,沙鹿,2019-06-28,38,7.0,3.0,nan,18.0,12,38.0,10.0
30,大里,2019-06-28,40,4.0,3.0,nan,22.0,13,40.0,40.0
31,忠明,2019-06-28,55,4.0,3.0,nan,17.0,19,39.0,55.0
32,西屯,2019-06-28,42,6.0,3.0,nan,31.0,20,41.0,42.0
33,彰化,2019-06-28,39,10.0,3.0,nan,nan,14,33.0,39.0
34,線西,2019-06-28,44,3.0,nan,nan,30.0,13,nan,44.0
35,二林,2019-06-28,53,3.0,3.0,nan,29.0,10,33.0,53.0
36,南投,2019-06-28,31,3.0,2.0,nan,19.0,9,31.0,27.0
37,斗六,2019-06-28,41,nan,3.0,nan,nan,12,41.0,nan
38,崙背,2019-06-28,31,1.0,3.0,nan,nan,10,31.0,31.0
39,新港,2019-06-28,40,4.0,3.0,nan,19.0,11,32.0,40.0
40,朴子,2019-06-28,41,4.0,3.0,nan,24.0,14,30.0,41.0
41,臺西,2019-06-28,37,6.0,nan,nan,23.0,12,nan,37.0
42,嘉義,2019-06-28,38,3.0,3.0,nan,nan,11,38.0,25.0
43,新營,2019-06-28,46,6.0,3.0,nan,24.0,12,35.0,46.0
44,善化,2019-06-28,36,7.0,2.0,nan,22.0,11,36.0,28.0
45,安南,2019-06-28,46,7.0,3.0,nan,20.0,20,31.0,46.0
46,臺南,2019-06-28,29,7.0,3.0,nan,17.0,20,29.0,20.0
47,美濃,2019-06-28,35,3.0,3.0,nan,28.0,8,33.0,35.0
48,橋頭,2019-06-28,29,13.0,3.0,nan,17.0,24,29.0,19.0
49,仁武,2019-06-28,28,13.0,3.0,nan,nan,15,28.0,22.0
50,鳳山,2019-06-28,19,9.0,6.0,nan,19.0,18,nan,19.0
51,大寮,2019-06-28,34,34.0,3.0,nan,19.0,13,27.0,32.0
52,林園,2019-06-28,28,3.0,2.0,nan,20.0,7,28.0,17.0
53,楠梓,2019-06-28,26,14.0,5.0,nan,17.0,24,26.0,24.0
54,左營,2019-06-28,27,9.0,5.0,nan,12.0,20,27.0,22.0
56,前金,2019-06-28,25,14.0,3.0,nan,14.0,23,25.0,16.0
57,前鎮,2019-06-28,25,13.0,nan,nan,16.0,25,nan,11.0
58,小港,2019-06-28,19,14.0,3.0,nan,16.0,19,19.0,17.0
59,屏東,2019-06-28,34,6.0,3.0,nan,19.0,8,34.0,30.0
60,潮州,2019-06-28,33,3.0,1.0,nan,19.0,4,26.0,33.0
61,恆春,2019-06-28,24,3.0,1.0,nan,nan,2,24.0,nan
62,臺東,2019-06-28,23,1.0,3.0,nan,nan,7,23.0,16.0
63,花蓮,2019-06-28,31,4.0,2.0,nan,16.0,6,31.0,24.0
64,陽明,2019-06-28,43,3.0,2.0,nan,19.0,5,43.0,33.0
65,宜蘭,2019-06-28,32,13.0,3.0,nan,16.0,7,32.0,28.0
66,冬山,2019-06-28,31,7.0,5.0,nan,nan,12,31.0,31.0
67,三重,2019-06-28,42,6.0,15.0,nan,26.0,42,nan,32.0
68,中壢,2019-06-28,46,4.0,18.0,nan,22.0,35,nan,46.0
69,竹山,2019-06-28,44,4.0,3.0,nan,18.0,11,44.0,19.0
70,永和,2019-06-28,40,6.0,14.0,nan,29.0,40,nan,35.0
71,復興,2019-06-28,31,17.0,5.0,nan,19.0,25,nan,31.0
72,埔里,2019-06-28,44,3.0,2.0,nan,nan,8,44.0,31.0
75,馬祖,2019-06-28,34,4.0,1.0,nan,25.0,8,34.0,34.0
77,金門,2019-06-28,35,4.0,1.0,nan,nan,8,35.0,35.0
78,馬公,2019-06-28,26,3.0,2.0,nan,13.0,8,26.0,16.0
80,關山,2019-06-28,25,3.0,nan,nan,nan,5,20.0,25.0
83,麥寮,2019-06-28,30,3.0,nan,nan,30.0,11,nan,21.0
6,板橋,2019-06-28,48,7.0,7.0,nan,29.0,32,48.0,45.0
1,基隆,2019-06-29,43,4,5.0,nan,25.0,22,41.0,43
2,汐止,2019-06-29,71,11,6.0,nan,37.0,25,71.0,52
3,萬里,2019-06-29,48,40,3.0,nan,nan,8,47.0,48
4,新店,2019-06-29,61,4,5.0,nan,22.0,16,61.0,48
5,土城,2019-06-29,61,6,7.0,nan,32.0,31,61.0,57
6,板橋,2019-06-29,56,11,8.0,nan,31.0,27,46.0,56
7,新莊,2019-06-29,55,14,7.0,nan,nan,24,48.0,55
8,菜寮,2019-06-29,41,4,7.0,nan,31.0,23,41.0,40
9,林口,2019-06-29,43,6,3.0,nan,21.0,25,43.0,21
11,士林,2019-06-29,58,6,6.0,nan,nan,22,58.0,49
12,中山,2019-06-29,56,4,9.0,nan,33.0,33,44.0,56
13,萬華,2019-06-29,45,4,7.0,nan,28.0,27,45.0,42
14,古亭,2019-06-29,61,7,5.0,nan,23.0,21,61.0,42
15,松山,2019-06-29,61,7,6.0,nan,nan,20,61.0,51
16,大同,2019-06-29,47,4,16.0,nan,31.0,47,nan,46
17,桃園,2019-06-29,53,26,6.0,nan,32.0,29,33.0,53
18,大園,2019-06-29,37,6,3.0,nan,20.0,16,31.0,37
19,觀音,2019-06-29,30,4,2.0,nan,nan,12,29.0,30
20,平鎮,2019-06-29,45,7,3.0,nan,31.0,27,25.0,45
21,龍潭,2019-06-29,40,6,3.0,nan,25.0,12,40.0,40
22,湖口,2019-06-29,37,7,3.0,nan,19.0,16,28.0,37
23,竹東,2019-06-29,36,4,3.0,nan,nan,10,36.0,27
24,新竹,2019-06-29,27,6,5.0,nan,20.0,15,27.0,27
25,頭份,2019-06-29,45,7,nan,nan,nan,17,nan,45
26,苗栗,2019-06-29,29,6,3.0,nan,13.0,12,23.0,29
27,三義,2019-06-29,28,11,3.0,nan,16.0,13,28.0,25
28,豐原,2019-06-29,37,4,2.0,nan,19.0,7,36.0,37
29,沙鹿,2019-06-29,30,6,3.0,nan,17.0,13,30.0,10
30,大里,2019-06-29,35,4,3.0,nan,18.0,9,35.0,29
31,忠明,2019-06-29,36,4,3.0,nan,10.0,11,31.0,36
32,西屯,2019-06-29,35,3,2.0,nan,25.0,14,32.0,35
33,彰化,2019-06-29,39,9,3.0,nan,nan,8,29.0,39
34,線西,2019-06-29,26,3,nan,nan,22.0,9,nan,26
35,二林,2019-06-29,45,4,2.0,nan,25.0,8,31.0,45
36,南投,2019-06-29,26,4,2.0,nan,19.0,10,26.0,23
37,斗六,2019-06-29,36,9,3.0,nan,14.0,12,31.0,36
38,崙背,2019-06-29,29,3,2.0,nan,nan,8,29.0,21
39,新港,2019-06-29,29,4,2.0,nan,13.0,11,29.0,27
40,朴子,2019-06-29,26,6,3.0,nan,22.0,11,26.0,24
41,臺西,2019-06-29,31,3,nan,nan,21.0,6,nan,31
42,嘉義,2019-06-29,30,4,2.0,nan,nan,9,30.0,20
43,新營,2019-06-29,38,4,3.0,nan,19.0,11,26.0,38
44,善化,2019-06-29,24,3,2.0,nan,19.0,7,24.0,23
45,安南,2019-06-29,41,6,3.0,nan,20.0,13,27.0,41
46,臺南,2019-06-29,27,6,3.0,nan,18.0,15,27.0,22
47,美濃,2019-06-29,24,1,2.0,nan,23.0,4,24.0,22
48,橋頭,2019-06-29,27,6,5.0,nan,18.0,18,27.0,23
49,仁武,2019-06-29,26,9,5.0,nan,5.0,16,23.0,26
50,鳳山,2019-06-29,23,23,5.0,nan,18.0,16,nan,23
51,大寮,2019-06-29,28,16,2.0,nan,15.0,11,28.0,25
52,林園,2019-06-29,31,4,1.0,nan,23.0,6,31.0,16
53,楠梓,2019-06-29,30,6,5.0,nan,16.0,20,20.0,30
54,左營,2019-06-29,34,10,5.0,nan,nan,21,25.0,34
56,前金,2019-06-29,30,9,3.0,nan,14.0,16,29.0,30
57,前鎮,2019-06-29,19,9,nan,nan,16.0,19,nan,15
58,小港,2019-06-29,25,24,3.0,nan,nan,21,25.0,17
59,屏東,2019-06-29,26,6,6.0,nan,19.0,10,26.0,19
60,潮州,2019-06-29,26,1,1.0,nan,18.0,8,26.0,24
61,恆春,2019-06-29,29,3,1.0,nan,11.0,2,29.0,22
62,臺東,2019-06-29,23,3,3.0,nan,5.0,7,23.0,12
63,花蓮,2019-06-29,25,3,2.0,nan,15.0,4,25.0,23
64,陽明,2019-06-29,41,3,2.0,nan,20.0,6,41.0,39
65,宜蘭,2019-06-29,36,6,2.0,nan,19.0,5,33.0,36
66,冬山,2019-06-29,40,6,3.0,nan,nan,15,34.0,40
67,三重,2019-06-29,50,7,16.0,nan,30.0,47,nan,50
68,中壢,2019-06-29,62,3,16.0,nan,26.0,31,nan,62
69,竹山,2019-06-29,31,3,3.0,nan,nan,7,31.0,12
70,永和,2019-06-29,53,7,11.0,nan,29.0,27,nan,53
71,復興,2019-06-29,30,11,3.0,nan,18.0,18,nan,30
72,埔里,2019-06-29,38,4,3.0,nan,nan,14,38.0,33
75,馬祖,2019-06-29,40,3,1.0,nan,28.0,8,40.0,34
77,金門,2019-06-29,32,4,1.0,nan,nan,12,32.0,28
78,馬公,2019-06-29,30,30,2.0,nan,10.0,13,26.0,10
80,關山,2019-06-29,30,3,nan,nan,5.0,4,22.0,30
83,麥寮,2019-06-29,27,3,nan,nan,27.0,8,nan,16
84,富貴角,2019-06-29,44,3,3.0,nan,nan,16,44.0,26
84,富貴角,2019-06-30,44,4,2.0,nan,nan,13,44.0,26
83,麥寮,2019-06-30,26,3,nan,nan,26.0,8,nan,16
80,關山,2019-06-30,24,3,nan,nan,nan,4,24.0,22
78,馬公,2019-06-30,26,26,2.0,nan,5.0,10,26.0,9
77,金門,2019-06-30,31,6,1.0,nan,nan,13,31.0,23
75,馬祖,2019-06-30,42,6,1.0,nan,28.0,15,42.0,33
72,埔里,2019-06-30,36,4,2.0,nan,nan,9,36.0,31
71,復興,2019-06-30,24,11,2.0,nan,15.0,14,nan,24
70,永和,2019-06-30,36,6,10.0,nan,27.0,32,nan,36
69,竹山,2019-06-30,37,4,2.0,nan,16.0,8,37.0,8
68,中壢,2019-06-30,59,3,11.0,nan,20.0,28,nan,59
67,三重,2019-06-30,36,9,16.0,nan,23.0,36,nan,26
66,冬山,2019-06-30,40,4,3.0,nan,nan,11,32.0,40
65,宜蘭,2019-06-30,39,6,3.0,nan,21.0,8,39.0,31
64,陽明,2019-06-30,37,3,2.0,nan,19.0,7,37.0,33
63,花蓮,2019-06-30,30,3,1.0,nan,12.0,3,30.0,14
62,臺東,2019-06-30,26,3,3.0,nan,nan,6,26.0,9
61,恆春,2019-06-30,31,3,1.0,nan,13.0,2,31.0,23
60,潮州,2019-06-30,29,1,1.0,nan,17.0,4,29.0,29
59,屏東,2019-06-30,30,4,3.0,nan,20.0,10,30.0,24
58,小港,2019-06-30,24,20,3.0,nan,14.0,14,24.0,8
57,前鎮,2019-06-30,18,10,nan,nan,13.0,18,nan,3
56,前金,2019-06-30,26,6,2.0,nan,12.0,12,26.0,8
54,左營,2019-06-30,29,10,3.0,nan,nan,14,29.0,16
53,楠梓,2019-06-30,29,9,3.0,nan,12.0,16,29.0,20
52,林園,2019-06-30,31,3,1.0,nan,18.0,2,31.0,13
51,大寮,2019-06-30,31,31,1.0,nan,14.0,10,28.0,19
50,鳳山,2019-06-30,16,10,5.0,nan,16.0,14,nan,11
49,仁武,2019-06-30,30,11,2.0,nan,nan,13,30.0,16
48,橋頭,2019-06-30,31,10,2.0,nan,15.0,14,31.0,9
47,美濃,2019-06-30,31,4,2.0,nan,31.0,5,29.0,22
46,臺南,2019-06-30,30,6,2.0,nan,16.0,13,30.0,21
45,安南,2019-06-30,39,10,3.0,nan,17.0,14,31.0,39
44,善化,2019-06-30,32,4,2.0,nan,19.0,8,32.0,16
43,新營,2019-06-30,36,6,2.0,nan,19.0,8,34.0,36
42,嘉義,2019-06-30,31,4,3.0,nan,nan,14,31.0,11
41,臺西,2019-06-30,26,4,nan,nan,20.0,5,nan,26
40,朴子,2019-06-30,31,6,3.0,nan,22.0,9,31.0,20
39,新港,2019-06-30,33,6,2.0,nan,14.0,11,33.0,24
38,崙背,2019-06-30,40,1,2.0,nan,nan,8,40.0,26
37,斗六,2019-06-30,36,4,2.0,nan,10.0,8,36.0,20
36,南投,2019-06-30,27,3,2.0,nan,18.0,17,27.0,15
35,二林,2019-06-30,41,4,2.0,nan,22.0,8,31.0,41
34,線西,2019-06-30,22,3,nan,nan,21.0,11,nan,22
33,彰化,2019-06-30,33,9,3.0,nan,nan,11,32.0,33
32,西屯,2019-06-30,37,4,3.0,nan,21.0,18,37.0,30
31,忠明,2019-06-30,35,4,3.0,nan,5.0,19,35.0,27
30,大里,2019-06-30,36,4,3.0,nan,15.0,12,36.0,20
29,沙鹿,2019-06-30,36,4,3.0,nan,11.0,23,36.0,3
28,豐原,2019-06-30,39,4,3.0,nan,17.0,6,39.0,32
27,三義,2019-06-30,34,7,2.0,nan,11.0,6,34.0,11
26,苗栗,2019-06-30,30,4,3.0,nan,9.0,12,30.0,21
25,頭份,2019-06-30,32,6,nan,nan,nan,14,nan,32
24,新竹,2019-06-30,32,6,3.0,nan,15.0,12,32.0,19
23,竹東,2019-06-30,40,4,2.0,nan,nan,5,40.0,21
22,湖口,2019-06-30,34,6,2.0,nan,15.0,21,34.0,32
21,龍潭,2019-06-30,44,6,3.0,nan,19.0,15,44.0,29
20,平鎮,2019-06-30,34,4,3.0,nan,28.0,25,31.0,34
19,觀音,2019-06-30,32,6,2.0,nan,nan,14,32.0,23
18,大園,2019-06-30,37,7,2.0,nan,18.0,22,37.0,30
17,桃園,2019-06-30,46,20,6.0,nan,22.0,21,31.0,46
16,大同,2019-06-30,39,4,12.0,nan,25.0,28,nan,39
15,松山,2019-06-30,58,6,5.0,nan,nan,17,58.0,36
14,古亭,2019-06-30,61,6,5.0,nan,20.0,17,61.0,33
13,萬華,2019-06-30,39,4,6.0,nan,21.0,28,39.0,29
12,中山,2019-06-30,41,4,7.0,nan,29.0,25,41.0,34
11,士林,2019-06-30,44,4,5.0,nan,nan,17,44.0,40
9,林口,2019-06-30,40,7,5.0,nan,16.0,25,40.0,11
8,菜寮,2019-06-30,37,4,6.0,nan,25.0,25,37.0,23
7,新莊,2019-06-30,46,16,6.0,nan,nan,25,39.0,46
6,板橋,2019-06-30,42,11,7.0,nan,27.0,25,42.0,41
5,土城,2019-06-30,49,3,5.0,nan,25.0,25,49.0,42
4,新店,2019-06-30,51,6,5.0,nan,19.0,22,51.0,42
3,萬里,2019-06-30,47,9,3.0,nan,nan,11,47.0,46
2,汐止,2019-06-30,67,13,5.0,nan,33.0,19,67.0,47
1,基隆,2019-06-30,37,9,3.0,nan,21.0,21,37.0,34
