siteid,sitename,monitordate,aqi,so2subindex,cosubindex,o3subindex,pm10subindex,no2subindex,o38subindex,pm25subindex
20,平鎮,2020-07-01,31,4,3.0,nan,19,17,31.0,21.0
45,安南,2020-07-01,24,6,3.0,nan,17,14,22.0,24.0
19,觀音,2020-07-01,28,7,2.0,nan,10,11,28.0,13.0
18,大園,2020-07-01,31,6,2.0,nan,14,9,31.0,21.0
17,桃園,2020-07-01,29,11,5.0,nan,19,22,26.0,29.0
61,恆春,2020-07-01,28,1,1.0,nan,12,2,28.0,19.0
44,善化,2020-07-01,22,7,2.0,nan,5,7,22.0,7.0
16,大同,2020-07-01,49,6,23.0,nan,30,49,nan,40.0
66,冬山,2020-07-01,32,9,2.0,nan,22,18,32.0,27.0
35,二林,2020-07-01,23,6,2.0,nan,17,12,23.0,14.0
15,松山,2020-07-01,35,6,7.0,nan,22,29,35.0,33.0
40,朴子,2020-07-01,20,6,2.0,nan,16,9,20.0,14.0
51,大寮,2020-07-01,24,9,1.0,nan,14,10,24.0,12.0
75,馬祖,2020-07-01,31,4,1.0,nan,18,12,31.0,27.0
14,古亭,2020-07-01,41,4,6.0,nan,21,27,41.0,33.0
57,前鎮,2020-07-01,19,10,nan,nan,15,19,nan,nan
71,復興,2020-07-01,18,13,5.0,nan,11,18,nan,17.0
37,斗六,2020-07-01,27,3,3.0,nan,13,16,27.0,14.0
5,土城,2020-07-01,39,6,7.0,nan,21,25,39.0,32.0
13,萬華,2020-07-01,37,6,8.0,nan,21,35,37.0,29.0
12,中山,2020-07-01,36,6,10.0,nan,23,36,32.0,26.0
43,新營,2020-07-01,23,4,2.0,nan,9,11,23.0,10.0
58,小港,2020-07-01,22,13,3.0,nan,20,20,19.0,22.0
11,士林,2020-07-01,37,6,6.0,nan,23,23,37.0,31.0
10,淡水,2020-07-01,33,6,6.0,nan,17,21,33.0,25.0
9,林口,2020-07-01,31,6,3.0,nan,18,24,31.0,21.0
62,臺東,2020-07-01,22,3,3.0,nan,19,7,22.0,11.0
8,菜寮,2020-07-01,35,4,8.0,nan,22,35,31.0,32.0
36,南投,2020-07-01,31,4,2.0,nan,19,12,31.0,16.0
50,鳳山,2020-07-01,16,16,5.0,nan,15,13,nan,16.0
42,嘉義,2020-07-01,22,3,2.0,nan,14,8,22.0,3.0
7,新莊,2020-07-01,42,4,8.0,nan,23,33,42.0,34.0
6,板橋,2020-07-01,34,4,9.0,nan,20,33,34.0,26.0
68,中壢,2020-07-01,27,4,14.0,nan,16,27,nan,21.0
77,金門,2020-07-01,22,4,1.0,nan,11,16,22.0,11.0
49,仁武,2020-07-01,20,11,3.0,nan,14,16,20.0,19.0
34,線西,2020-07-01,21,4,nan,nan,21,11,nan,16.0
4,新店,2020-07-01,40,7,5.0,nan,19,25,40.0,28.0
48,橋頭,2020-07-01,23,11,2.0,nan,15,17,23.0,8.0
63,花蓮,2020-07-01,26,3,2.0,nan,23,13,26.0,23.0
78,馬公,2020-07-01,19,4,2.0,nan,13,7,19.0,9.0
33,彰化,2020-07-01,29,29,3.0,nan,18,13,27.0,12.0
32,西屯,2020-07-01,29,3,3.0,nan,16,20,29.0,18.0
2,汐止,2020-07-01,39,11,7.0,nan,23,30,39.0,38.0
69,竹山,2020-07-01,29,4,2.0,nan,11,13,29.0,13.0
31,忠明,2020-07-01,24,4,5.0,nan,15,16,24.0,24.0
30,大里,2020-07-01,27,6,3.0,nan,19,13,27.0,20.0
47,美濃,2020-07-01,20,3,2.0,nan,11,5,20.0,10.0
29,沙鹿,2020-07-01,25,6,3.0,nan,13,16,25.0,16.0
80,關山,2020-07-01,21,3,nan,nan,15,7,21.0,16.0
64,陽明,2020-07-01,31,3,1.0,nan,5,4,31.0,21.0
83,麥寮,2020-07-01,15,4,nan,nan,15,12,nan,14.0
38,崙背,2020-07-01,26,3,2.0,nan,13,7,26.0,3.0
28,豐原,2020-07-01,27,4,2.0,nan,14,13,27.0,13.0
46,臺南,2020-07-01,20,6,3.0,nan,13,15,20.0,14.0
67,三重,2020-07-01,48,7,16.0,nan,25,40,nan,48.0
27,三義,2020-07-01,24,4,2.0,nan,11,9,24.0,11.0
26,苗栗,2020-07-01,23,4,2.0,nan,9,11,23.0,16.0
39,新港,2020-07-01,25,3,2.0,nan,11,9,25.0,13.0
84,富貴角,2020-07-01,37,1,2.0,nan,16,10,37.0,22.0
70,永和,2020-07-01,28,4,10.0,nan,19,25,nan,28.0
25,頭份,2020-07-01,16,7,nan,nan,11,16,nan,15.0
65,宜蘭,2020-07-01,33,4,2.0,nan,22,8,33.0,30.0
41,臺西,2020-07-01,10,4,nan,nan,10,7,nan,10.0
53,楠梓,2020-07-01,21,11,3.0,nan,15,20,21.0,14.0
59,屏東,2020-07-01,21,4,5.0,nan,12,14,21.0,9.0
56,前金,2020-07-01,21,13,6.0,nan,15,20,21.0,19.0
24,新竹,2020-07-01,29,9,3.0,nan,11,12,29.0,19.0
54,左營,2020-07-01,21,7,5.0,nan,11,21,20.0,13.0
72,埔里,2020-07-01,31,3,2.0,nan,14,9,31.0,20.0
60,潮州,2020-07-01,21,3,1.0,nan,12,3,21.0,3.0
23,竹東,2020-07-01,36,3,2.0,nan,15,8,36.0,26.0
3,萬里,2020-07-01,36,6,3.0,nan,17,20,36.0,30.0
22,湖口,2020-07-01,31,6,2.0,nan,11,13,31.0,16.0
1,基隆,2020-07-01,31,6,5.0,nan,22,16,31.0,27.0
52,林園,2020-07-01,30,3,1.0,nan,30,7,25.0,12.0
21,龍潭,2020-07-01,40,4,3.0,nan,16,11,40.0,21.0
37,斗六,2020-07-02,31,4,2.0,nan,14,13,31.0,14
38,崙背,2020-07-02,27,4,1.0,nan,18,19,27.0,10
59,屏東,2020-07-02,23,3,3.0,nan,19,12,23.0,21
18,大園,2020-07-02,38,9,3.0,nan,17,21,38.0,22
83,麥寮,2020-07-02,19,4,nan,nan,19,8,nan,19
35,二林,2020-07-02,28,7,2.0,nan,23,13,28.0,19
80,關山,2020-07-02,20,3,nan,nan,13,6,20.0,16
34,線西,2020-07-02,22,6,nan,nan,22,10,nan,18
19,觀音,2020-07-02,35,7,2.0,nan,16,26,35.0,19
58,小港,2020-07-02,28,11,5.0,nan,25,16,17.0,28
1,基隆,2020-07-02,35,4,3.0,nan,19,24,35.0,22
60,潮州,2020-07-02,22,3,1.0,nan,19,4,22.0,14
36,南投,2020-07-02,31,4,3.0,nan,15,10,31.0,10
2,汐止,2020-07-02,37,11,5.0,nan,20,37,36.0,30
57,前鎮,2020-07-02,20,13,nan,nan,19,20,nan,12
20,平鎮,2020-07-02,38,4,3.0,nan,18,19,38.0,23
3,萬里,2020-07-02,38,6,2.0,nan,14,9,38.0,21
56,前金,2020-07-02,28,13,6.0,nan,19,19,20.0,28
69,竹山,2020-07-02,31,3,2.0,nan,15,11,31.0,13
31,忠明,2020-07-02,26,4,5.0,nan,13,22,26.0,19
17,桃園,2020-07-02,33,11,6.0,nan,18,24,31.0,33
54,左營,2020-07-02,21,10,5.0,nan,18,18,19.0,21
4,新店,2020-07-02,41,6,5.0,nan,15,32,41.0,24
53,楠梓,2020-07-02,22,9,3.0,nan,19,19,22.0,21
5,土城,2020-07-02,44,4,5.0,nan,17,19,44.0,22
25,頭份,2020-07-02,18,6,nan,nan,13,14,nan,18
21,龍潭,2020-07-02,43,4,2.0,nan,14,13,43.0,18
22,湖口,2020-07-02,37,6,2.0,nan,11,17,37.0,22
6,板橋,2020-07-02,39,6,7.0,nan,17,28,39.0,22
52,林園,2020-07-02,36,3,2.0,nan,36,7,23.0,19
7,新莊,2020-07-02,43,4,5.0,nan,19,23,43.0,27
78,馬公,2020-07-02,19,7,2.0,nan,19,10,19.0,16
33,彰化,2020-07-02,28,19,3.0,nan,16,11,28.0,13
8,菜寮,2020-07-02,30,4,7.0,nan,17,30,24.0,25
28,豐原,2020-07-02,33,3,2.0,nan,16,7,33.0,13
51,大寮,2020-07-02,23,7,2.0,nan,19,13,23.0,19
9,林口,2020-07-02,39,6,5.0,nan,15,23,39.0,22
77,金門,2020-07-02,27,4,1.0,nan,15,18,27.0,15
10,淡水,2020-07-02,36,4,5.0,nan,17,25,36.0,22
84,富貴角,2020-07-02,44,3,1.0,nan,15,8,44.0,18
50,鳳山,2020-07-02,22,9,5.0,nan,19,13,nan,22
11,士林,2020-07-02,39,4,3.0,nan,15,23,39.0,25
68,中壢,2020-07-02,31,6,16.0,nan,18,31,nan,25
61,恆春,2020-07-02,27,1,1.0,nan,14,3,27.0,21
49,仁武,2020-07-02,26,9,3.0,nan,19,12,21.0,26
39,新港,2020-07-02,28,4,3.0,nan,17,15,28.0,19
30,大里,2020-07-02,30,6,3.0,nan,18,16,30.0,19
75,馬祖,2020-07-02,32,4,1.0,nan,18,20,27.0,32
65,宜蘭,2020-07-02,32,4,2.0,nan,20,7,32.0,22
12,中山,2020-07-02,37,3,9.0,nan,19,37,33.0,23
40,朴子,2020-07-02,24,6,2.0,nan,17,9,24.0,14
48,橋頭,2020-07-02,23,9,2.0,nan,19,12,23.0,15
13,萬華,2020-07-02,33,3,7.0,nan,16,32,33.0,21
47,美濃,2020-07-02,25,1,1.0,nan,19,4,25.0,13
32,西屯,2020-07-02,29,3,3.0,nan,16,23,29.0,19
63,花蓮,2020-07-02,28,3,2.0,nan,19,10,28.0,20
72,埔里,2020-07-02,30,3,2.0,nan,11,10,30.0,13
27,三義,2020-07-02,31,6,2.0,nan,12,8,31.0,9
23,竹東,2020-07-02,39,4,2.0,nan,16,6,39.0,20
24,新竹,2020-07-02,37,6,5.0,nan,17,17,37.0,27
14,古亭,2020-07-02,41,4,5.0,nan,17,30,41.0,22
46,臺南,2020-07-02,22,4,3.0,nan,17,12,21.0,22
71,復興,2020-07-02,30,13,6.0,nan,18,19,nan,30
45,安南,2020-07-02,23,4,3.0,nan,19,18,23.0,23
29,沙鹿,2020-07-02,31,4,2.0,nan,13,17,31.0,17
67,三重,2020-07-02,43,6,16.0,nan,20,41,nan,43
44,善化,2020-07-02,26,10,2.0,nan,9,7,26.0,18
62,臺東,2020-07-02,24,3,3.0,nan,15,6,24.0,13
26,苗栗,2020-07-02,29,4,2.0,nan,12,9,29.0,20
70,永和,2020-07-02,35,7,11.0,nan,17,35,nan,25
64,陽明,2020-07-02,38,4,2.0,nan,5,4,38.0,17
66,冬山,2020-07-02,26,6,3.0,nan,21,15,26.0,22
43,新營,2020-07-02,28,3,2.0,nan,14,11,28.0,14
15,松山,2020-07-02,37,4,6.0,nan,19,31,37.0,28
42,嘉義,2020-07-02,25,1,2.0,nan,13,15,25.0,9
41,臺西,2020-07-02,14,4,nan,nan,14,6,nan,10
16,大同,2020-07-02,38,4,16.0,nan,21,38,nan,36
58,小港,2020-07-03,21,19,3.0,nan,21,14,14.0,17.0
44,善化,2020-07-03,30,4,2.0,nan,13,9,30.0,23.0
27,三義,2020-07-03,33,9,2.0,nan,12,9,33.0,15.0
50,鳳山,2020-07-03,19,7,5.0,nan,19,10,nan,15.0
53,楠梓,2020-07-03,22,7,3.0,nan,19,12,22.0,20.0
16,大同,2020-07-03,53,7,28.0,nan,25,53,nan,44.0
37,斗六,2020-07-03,37,3,3.0,nan,16,10,37.0,19.0
26,苗栗,2020-07-03,32,4,2.0,nan,12,8,32.0,21.0
52,林園,2020-07-03,27,4,2.0,nan,27,6,18.0,14.0
38,崙背,2020-07-03,33,4,2.0,nan,19,10,33.0,15.0
39,新港,2020-07-03,34,3,3.0,nan,22,21,34.0,22.0
40,朴子,2020-07-03,26,6,3.0,nan,23,14,26.0,20.0
15,松山,2020-07-03,48,6,8.0,nan,21,34,48.0,32.0
41,臺西,2020-07-03,19,6,nan,nan,17,12,nan,19.0
43,新營,2020-07-03,31,3,2.0,nan,17,10,31.0,20.0
45,安南,2020-07-03,27,4,3.0,nan,19,15,27.0,25.0
14,古亭,2020-07-03,71,6,6.0,nan,19,23,71.0,31.0
30,大里,2020-07-03,37,4,5.0,nan,17,17,37.0,24.0
42,嘉義,2020-07-03,27,3,2.0,nan,17,13,27.0,14.0
22,湖口,2020-07-03,35,6,2.0,nan,11,16,35.0,22.0
13,萬華,2020-07-03,54,3,6.0,nan,19,33,54.0,29.0
31,忠明,2020-07-03,34,3,6.0,nan,12,25,34.0,23.0
47,美濃,2020-07-03,32,4,2.0,nan,19,6,32.0,20.0
12,中山,2020-07-03,47,3,7.0,nan,21,31,47.0,31.0
25,頭份,2020-07-03,23,4,nan,nan,16,12,nan,23.0
24,新竹,2020-07-03,36,7,3.0,nan,19,13,36.0,28.0
11,士林,2020-07-03,58,4,5.0,nan,20,25,58.0,30.0
32,西屯,2020-07-03,39,4,3.0,nan,15,20,39.0,19.0
21,龍潭,2020-07-03,44,4,2.0,nan,15,16,44.0,24.0
10,淡水,2020-07-03,35,6,3.0,nan,18,17,35.0,23.0
9,林口,2020-07-03,42,6,2.0,nan,16,18,42.0,21.0
29,沙鹿,2020-07-03,33,3,2.0,nan,9,14,33.0,18.0
84,富貴角,2020-07-03,39,1,1.0,nan,17,10,39.0,20.0
83,麥寮,2020-07-03,24,4,nan,nan,19,16,nan,24.0
28,豐原,2020-07-03,42,3,2.0,nan,16,8,42.0,17.0
8,菜寮,2020-07-03,39,3,5.0,nan,21,30,39.0,34.0
80,關山,2020-07-03,18,3,nan,nan,9,5,18.0,11.0
7,新莊,2020-07-03,58,11,6.0,nan,22,23,58.0,27.0
78,馬公,2020-07-03,21,6,1.0,nan,14,7,21.0,10.0
77,金門,2020-07-03,23,3,1.0,nan,16,14,23.0,15.0
75,馬祖,2020-07-03,24,4,1.0,nan,19,17,21.0,24.0
72,埔里,2020-07-03,34,4,3.0,nan,12,13,34.0,17.0
46,臺南,2020-07-03,22,6,3.0,nan,16,12,22.0,17.0
71,復興,2020-07-03,19,7,5.0,nan,14,15,nan,19.0
51,大寮,2020-07-03,26,13,2.0,nan,20,9,20.0,26.0
33,彰化,2020-07-03,34,17,3.0,nan,15,9,34.0,14.0
20,平鎮,2020-07-03,38,4,2.0,nan,19,16,38.0,25.0
70,永和,2020-07-03,33,4,12.0,nan,19,27,nan,33.0
69,竹山,2020-07-03,36,4,2.0,nan,15,12,36.0,19.0
6,板橋,2020-07-03,49,6,6.0,nan,18,27,49.0,27.0
68,中壢,2020-07-03,34,6,15.0,nan,20,34,nan,25.0
19,觀音,2020-07-03,35,10,2.0,nan,16,8,35.0,18.0
67,三重,2020-07-03,44,6,18.0,nan,24,41,nan,44.0
5,土城,2020-07-03,80,6,5.0,nan,20,25,80.0,28.0
66,冬山,2020-07-03,29,10,5.0,nan,22,13,29.0,26.0
4,新店,2020-07-03,67,6,5.0,nan,18,22,67.0,25.0
34,線西,2020-07-03,23,6,nan,nan,23,19,nan,17.0
65,宜蘭,2020-07-03,29,4,2.0,nan,17,8,29.0,18.0
3,萬里,2020-07-03,38,6,2.0,nan,17,22,38.0,24.0
2,汐止,2020-07-03,43,7,6.0,nan,22,26,43.0,31.0
64,陽明,2020-07-03,44,3,2.0,nan,12,8,44.0,27.0
18,大園,2020-07-03,37,6,3.0,nan,18,20,37.0,22.0
1,基隆,2020-07-03,36,7,5.0,nan,20,20,36.0,23.0
63,花蓮,2020-07-03,19,3,2.0,nan,19,7,19.0,15.0
48,橋頭,2020-07-03,22,6,2.0,nan,18,12,22.0,15.0
62,臺東,2020-07-03,17,3,3.0,nan,11,7,17.0,7.0
61,恆春,2020-07-03,16,1,1.0,nan,5,2,16.0,11.0
60,潮州,2020-07-03,19,3,1.0,nan,18,5,19.0,9.0
23,竹東,2020-07-03,43,3,2.0,nan,16,8,43.0,27.0
35,二林,2020-07-03,31,6,2.0,nan,22,10,31.0,22.0
17,桃園,2020-07-03,32,16,6.0,nan,20,24,31.0,32.0
59,屏東,2020-07-03,24,3,3.0,nan,19,10,24.0,17.0
36,南投,2020-07-03,39,3,2.0,nan,15,10,39.0,16.0
57,前鎮,2020-07-03,15,7,nan,nan,15,14,nan,nan
56,前金,2020-07-03,20,9,3.0,nan,17,13,18.0,20.0
49,仁武,2020-07-03,22,7,2.0,nan,17,9,21.0,22.0
54,左營,2020-07-03,19,7,3.0,nan,14,12,19.0,14.0
16,大同,2020-07-04,45,6,23.0,nan,27.0,42,nan,45.0
7,新莊,2020-07-04,61,14,5.0,nan,25.0,25,61.0,37.0
8,菜寮,2020-07-04,40,3,6.0,nan,23.0,20,40.0,40.0
24,新竹,2020-07-04,31,4,3.0,nan,15.0,16,27.0,31.0
78,馬公,2020-07-04,19,6,1.0,nan,12.0,9,19.0,12.0
9,林口,2020-07-04,43,7,2.0,nan,18.0,18,43.0,28.0
56,前金,2020-07-04,28,7,2.0,nan,12.0,11,28.0,17.0
23,竹東,2020-07-04,40,1,2.0,nan,17.0,8,40.0,30.0
22,湖口,2020-07-04,30,6,2.0,nan,19.0,17,30.0,25.0
10,淡水,2020-07-04,31,3,3.0,nan,31.0,21,31.0,29.0
11,士林,2020-07-04,42,4,6.0,nan,25.0,23,42.0,39.0
12,中山,2020-07-04,44,3,5.0,nan,23.0,20,44.0,30.0
13,萬華,2020-07-04,49,3,5.0,nan,21.0,24,49.0,30.0
14,古亭,2020-07-04,61,3,3.0,nan,20.0,15,61.0,38.0
15,松山,2020-07-04,51,4,5.0,nan,24.0,25,51.0,38.0
21,龍潭,2020-07-04,48,6,2.0,nan,18.0,12,48.0,31.0
17,桃園,2020-07-04,36,7,3.0,nan,18.0,15,34.0,36.0
18,大園,2020-07-04,35,6,2.0,nan,17.0,11,35.0,29.0
19,觀音,2020-07-04,25,6,1.0,nan,13.0,10,25.0,19.0
20,平鎮,2020-07-04,39,4,2.0,nan,20.0,14,39.0,30.0
80,關山,2020-07-04,20,3,nan,nan,9.0,3,20.0,14.0
83,麥寮,2020-07-04,27,4,nan,nan,16.0,14,nan,27.0
84,富貴角,2020-07-04,32,3,2.0,nan,16.0,8,32.0,28.0
54,左營,2020-07-04,28,7,2.0,nan,12.0,8,28.0,12.0
53,楠梓,2020-07-04,33,6,2.0,nan,17.0,16,33.0,23.0
52,林園,2020-07-04,30,4,1.0,nan,22.0,8,30.0,20.0
51,大寮,2020-07-04,40,11,3.0,nan,21.0,12,40.0,33.0
50,鳳山,2020-07-04,23,10,3.0,nan,17.0,18,nan,23.0
49,仁武,2020-07-04,31,7,2.0,nan,18.0,11,31.0,26.0
48,橋頭,2020-07-04,34,4,2.0,nan,16.0,10,34.0,19.0
47,美濃,2020-07-04,40,1,2.0,nan,19.0,7,40.0,27.0
46,臺南,2020-07-04,32,4,2.0,nan,13.0,12,32.0,22.0
45,安南,2020-07-04,34,4,2.0,nan,19.0,11,34.0,26.0
44,善化,2020-07-04,36,6,2.0,nan,15.0,8,36.0,28.0
43,新營,2020-07-04,34,4,2.0,nan,15.0,8,34.0,22.0
42,嘉義,2020-07-04,33,3,2.0,nan,17.0,8,33.0,14.0
41,臺西,2020-07-04,22,4,nan,nan,16.0,9,nan,22.0
40,朴子,2020-07-04,28,4,2.0,nan,19.0,12,28.0,20.0
39,新港,2020-07-04,31,4,3.0,nan,21.0,13,31.0,25.0
38,崙背,2020-07-04,10,7,2.0,nan,nan,10,10.0,nan
61,恆春,2020-07-04,22,1,1.0,nan,5.0,2,22.0,12.0
37,斗六,2020-07-04,40,4,2.0,nan,19.0,8,40.0,25.0
62,臺東,2020-07-04,19,1,3.0,nan,5.0,6,19.0,3.0
63,花蓮,2020-07-04,19,6,1.0,nan,17.0,4,19.0,12.0
36,南投,2020-07-04,46,4,2.0,nan,19.0,8,46.0,25.0
35,二林,2020-07-04,31,7,2.0,nan,28.0,12,29.0,31.0
64,陽明,2020-07-04,39,4,1.0,nan,14.0,7,39.0,30.0
60,潮州,2020-07-04,39,6,1.0,nan,19.0,5,39.0,22.0
65,宜蘭,2020-07-04,33,4,2.0,nan,22.0,6,33.0,30.0
66,冬山,2020-07-04,37,3,3.0,nan,25.0,13,33.0,37.0
59,屏東,2020-07-04,47,3,5.0,nan,25.0,15,47.0,29.0
67,三重,2020-07-04,50,4,14.0,nan,24.0,35,nan,50.0
58,小港,2020-07-04,24,13,2.0,nan,16.0,19,24.0,16.0
68,中壢,2020-07-04,35,4,12.0,nan,19.0,31,nan,35.0
69,竹山,2020-07-04,43,4,2.0,nan,19.0,9,43.0,26.0
34,線西,2020-07-04,27,6,nan,nan,27.0,14,nan,23.0
70,永和,2020-07-04,35,4,9.0,nan,19.0,25,nan,35.0
71,復興,2020-07-04,19,13,3.0,nan,12.0,15,nan,19.0
33,彰化,2020-07-04,32,9,2.0,nan,18.0,8,32.0,18.0
72,埔里,2020-07-04,45,3,3.0,nan,18.0,9,45.0,32.0
57,前鎮,2020-07-04,15,13,nan,nan,12.0,15,nan,13.0
75,馬祖,2020-07-04,34,4,1.0,nan,23.0,16,29.0,34.0
32,西屯,2020-07-04,33,3,2.0,nan,18.0,11,33.0,27.0
31,忠明,2020-07-04,32,4,2.0,nan,16.0,12,32.0,29.0
30,大里,2020-07-04,37,7,3.0,nan,20.0,12,37.0,33.0
29,沙鹿,2020-07-04,25,17,3.0,nan,13.0,12,25.0,17.0
1,基隆,2020-07-04,49,6,3.0,nan,24.0,19,49.0,42.0
28,豐原,2020-07-04,41,10,19.0,nan,19.0,10,41.0,32.0
2,汐止,2020-07-04,101,6,6.0,nan,28.0,29,101.0,51.0
3,萬里,2020-07-04,47,4,3.0,nan,20.0,11,47.0,40.0
77,金門,2020-07-04,21,6,1.0,nan,19.0,12,21.0,17.0
4,新店,2020-07-04,58,4,3.0,nan,19.0,11,58.0,32.0
27,三義,2020-07-04,29,7,2.0,nan,15.0,13,29.0,21.0
5,土城,2020-07-04,71,4,5.0,nan,21.0,17,71.0,33.0
26,苗栗,2020-07-04,24,6,2.0,nan,13.0,11,24.0,23.0
6,板橋,2020-07-04,49,6,5.0,nan,20.0,23,49.0,33.0
25,頭份,2020-07-04,24,7,nan,nan,15.0,16,nan,24.0
62,臺東,2020-07-05,19,1,2.0,nan,11,4,19.0,3
80,關山,2020-07-05,20,1,nan,nan,10,3,20.0,13
42,嘉義,2020-07-05,33,3,2.0,nan,16,7,33.0,21
14,古亭,2020-07-05,44,3,3.0,nan,20,15,44.0,37
22,湖口,2020-07-05,32,7,2.0,nan,16,16,30.0,32
30,大里,2020-07-05,43,3,3.0,nan,22,9,35.0,43
23,竹東,2020-07-05,35,3,2.0,nan,19,8,35.0,34
71,復興,2020-07-05,28,17,3.0,nan,13,12,nan,28
52,林園,2020-07-05,38,4,1.0,nan,22,7,38.0,32
51,大寮,2020-07-05,42,7,2.0,nan,20,13,37.0,42
83,麥寮,2020-07-05,27,4,nan,nan,16,9,nan,27
38,崙背,2020-07-05,24,4,2.0,nan,19,8,24.0,23
24,新竹,2020-07-05,38,6,3.0,nan,18,13,28.0,38
17,桃園,2020-07-05,36,6,2.0,nan,18,12,30.0,36
50,鳳山,2020-07-05,32,11,3.0,nan,18,11,nan,32
56,前金,2020-07-05,33,7,2.0,nan,13,8,33.0,27
25,頭份,2020-07-05,30,6,nan,nan,15,12,nan,30
31,忠明,2020-07-05,32,3,2.0,nan,14,9,31.0,32
49,仁武,2020-07-05,34,17,2.0,nan,19,12,33.0,34
12,中山,2020-07-05,37,4,5.0,nan,22,21,37.0,34
15,松山,2020-07-05,44,3,3.0,nan,23,19,44.0,41
26,苗栗,2020-07-05,30,4,2.0,nan,14,8,24.0,30
61,恆春,2020-07-05,22,1,1.0,nan,5,2,22.0,8
32,西屯,2020-07-05,33,4,2.0,nan,17,13,33.0,28
41,臺西,2020-07-05,21,4,nan,nan,12,6,nan,21
33,彰化,2020-07-05,31,14,2.0,nan,18,8,31.0,26
48,橋頭,2020-07-05,31,3,2.0,nan,16,10,31.0,24
53,楠梓,2020-07-05,32,1,2.0,nan,18,16,32.0,29
40,朴子,2020-07-05,24,4,2.0,nan,18,10,23.0,24
34,線西,2020-07-05,32,3,nan,nan,22,8,nan,32
54,左營,2020-07-05,31,6,3.0,nan,11,9,31.0,21
47,美濃,2020-07-05,44,4,2.0,nan,19,4,44.0,35
60,潮州,2020-07-05,38,3,2.0,nan,20,4,38.0,28
18,大園,2020-07-05,32,6,2.0,nan,17,14,31.0,32
35,二林,2020-07-05,44,9,2.0,nan,26,11,26.0,44
27,三義,2020-07-05,29,7,2.0,nan,14,7,29.0,24
43,新營,2020-07-05,34,3,2.0,nan,14,5,34.0,25
28,豐原,2020-07-05,38,4,2.0,nan,15,6,38.0,31
59,屏東,2020-07-05,43,7,5.0,nan,28,15,43.0,38
84,富貴角,2020-07-05,33,3,2.0,nan,18,9,33.0,30
36,南投,2020-07-05,39,4,2.0,nan,19,8,39.0,30
46,臺南,2020-07-05,31,4,2.0,nan,14,13,31.0,29
58,小港,2020-07-05,30,13,2.0,nan,17,14,30.0,30
57,前鎮,2020-07-05,30,30,nan,nan,15,10,nan,22
19,觀音,2020-07-05,27,6,2.0,nan,15,16,27.0,26
37,斗六,2020-07-05,38,4,2.0,nan,18,11,38.0,25
5,土城,2020-07-05,45,4,5.0,nan,21,14,45.0,32
4,新店,2020-07-05,43,3,3.0,nan,19,9,43.0,33
77,金門,2020-07-05,31,4,1.0,nan,19,13,31.0,20
6,板橋,2020-07-05,39,4,3.0,nan,19,16,39.0,31
3,萬里,2020-07-05,41,6,2.0,nan,18,7,41.0,35
2,汐止,2020-07-05,48,6,5.0,nan,22,20,48.0,43
45,安南,2020-07-05,31,3,2.0,nan,16,8,31.0,31
7,新莊,2020-07-05,43,10,5.0,nan,20,21,43.0,38
63,花蓮,2020-07-05,22,7,2.0,nan,16,6,22.0,11
20,平鎮,2020-07-05,33,4,2.0,nan,18,14,33.0,30
1,基隆,2020-07-05,39,4,3.0,nan,21,19,39.0,37
16,大同,2020-07-05,44,6,18.0,nan,25,38,nan,44
64,陽明,2020-07-05,32,3,2.0,nan,14,6,32.0,32
13,萬華,2020-07-05,41,4,5.0,nan,21,21,41.0,36
8,菜寮,2020-07-05,39,6,6.0,nan,21,20,33.0,39
44,善化,2020-07-05,36,4,1.0,nan,12,7,36.0,28
65,宜蘭,2020-07-05,35,4,2.0,nan,22,8,35.0,31
78,馬公,2020-07-05,15,4,2.0,nan,9,7,15.0,13
9,林口,2020-07-05,36,9,2.0,nan,17,23,36.0,35
39,新港,2020-07-05,30,7,2.0,nan,17,15,30.0,28
66,冬山,2020-07-05,35,4,5.0,nan,22,14,35.0,32
67,三重,2020-07-05,51,6,12.0,nan,23,26,nan,51
21,龍潭,2020-07-05,39,4,2.0,nan,18,12,39.0,29
10,淡水,2020-07-05,31,4,3.0,nan,19,19,31.0,30
72,埔里,2020-07-05,38,3,2.0,nan,16,9,36.0,38
68,中壢,2020-07-05,33,4,11.0,nan,19,22,nan,33
29,沙鹿,2020-07-05,27,4,2.0,nan,14,13,27.0,21
69,竹山,2020-07-05,39,3,2.0,nan,18,8,39.0,27
11,士林,2020-07-05,41,4,5.0,nan,23,18,41.0,37
75,馬祖,2020-07-05,36,4,1.0,nan,25,21,28.0,36
70,永和,2020-07-05,33,3,7.0,nan,19,18,nan,33
42,嘉義,2020-07-06,28,7,2.0,nan,15,10,28.0,18
22,湖口,2020-07-06,28,7,2.0,nan,20,21,20.0,28
41,臺西,2020-07-06,19,3,nan,nan,12,6,nan,19
40,朴子,2020-07-06,24,6,2.0,nan,18,14,19.0,24
39,新港,2020-07-06,27,3,2.0,nan,16,9,27.0,23
38,崙背,2020-07-06,21,3,2.0,nan,16,8,21.0,17
49,仁武,2020-07-06,28,11,5.0,nan,15,13,19.0,28
16,大同,2020-07-06,44,7,22.0,nan,28,42,nan,44
37,斗六,2020-07-06,34,4,2.0,nan,18,8,34.0,22
36,南投,2020-07-06,34,3,2.0,nan,18,8,34.0,20
35,二林,2020-07-06,30,9,2.0,nan,22,9,23.0,30
11,士林,2020-07-06,36,6,3.0,nan,23,20,27.0,36
34,線西,2020-07-06,20,3,nan,nan,19,7,nan,20
66,冬山,2020-07-06,36,3,3.0,nan,24,19,36.0,33
33,彰化,2020-07-06,26,10,2.0,nan,17,10,26.0,26
56,前金,2020-07-06,22,11,2.0,nan,11,12,22.0,21
17,桃園,2020-07-06,31,7,2.0,nan,17,15,26.0,31
32,西屯,2020-07-06,31,4,2.0,nan,17,11,31.0,28
84,富貴角,2020-07-06,29,3,2.0,nan,18,12,26.0,29
31,忠明,2020-07-06,30,4,3.0,nan,15,14,30.0,30
15,松山,2020-07-06,43,6,5.0,nan,24,26,42.0,43
30,大里,2020-07-06,35,6,3.0,nan,19,11,31.0,35
14,古亭,2020-07-06,47,7,5.0,nan,24,23,47.0,41
18,大園,2020-07-06,25,7,2.0,nan,18,12,23.0,25
23,竹東,2020-07-06,40,3,2.0,nan,19,8,40.0,36
29,沙鹿,2020-07-06,24,6,2.0,nan,10,12,24.0,15
28,豐原,2020-07-06,35,4,2.0,nan,15,12,35.0,23
13,萬華,2020-07-06,35,6,6.0,nan,22,30,35.0,32
27,三義,2020-07-06,28,4,2.0,nan,15,11,28.0,28
26,苗栗,2020-07-06,25,6,2.0,nan,13,12,21.0,25
10,淡水,2020-07-06,30,6,3.0,nan,18,16,27.0,30
67,三重,2020-07-06,52,7,17.0,nan,26,37,nan,52
25,頭份,2020-07-06,27,7,nan,nan,15,14,nan,27
19,觀音,2020-07-06,23,6,2.0,nan,13,13,21.0,23
7,新莊,2020-07-06,39,17,3.0,nan,23,16,39.0,35
8,菜寮,2020-07-06,39,6,6.0,nan,23,24,31.0,39
6,板橋,2020-07-06,38,6,5.0,nan,21,25,38.0,34
83,麥寮,2020-07-06,21,3,nan,nan,14,8,nan,21
5,土城,2020-07-06,44,6,5.0,nan,24,24,44.0,35
69,竹山,2020-07-06,38,6,2.0,nan,16,8,38.0,21
59,屏東,2020-07-06,30,6,3.0,nan,19,17,30.0,29
24,新竹,2020-07-06,28,6,3.0,nan,17,13,20.0,28
80,關山,2020-07-06,19,1,nan,nan,13,4,19.0,16
60,潮州,2020-07-06,29,7,2.0,nan,20,10,29.0,29
61,恆春,2020-07-06,21,1,1.0,nan,5,1,21.0,12
68,中壢,2020-07-06,31,6,12.0,nan,19,24,nan,31
1,基隆,2020-07-06,61,4,3.0,nan,25,15,61.0,42
50,鳳山,2020-07-06,28,20,6.0,nan,18,13,nan,28
58,小港,2020-07-06,30,20,3.0,nan,20,20,19.0,30
2,汐止,2020-07-06,58,4,5.0,nan,26,25,58.0,48
62,臺東,2020-07-06,20,3,2.0,nan,20,5,17.0,11
9,林口,2020-07-06,31,7,2.0,nan,19,17,31.0,29
78,馬公,2020-07-06,16,6,3.0,nan,9,9,16.0,9
4,新店,2020-07-06,47,7,5.0,nan,23,20,47.0,40
51,大寮,2020-07-06,28,10,2.0,nan,17,12,27.0,28
77,金門,2020-07-06,28,4,1.0,nan,17,9,28.0,17
63,花蓮,2020-07-06,22,6,2.0,nan,20,4,22.0,15
75,馬祖,2020-07-06,30,3,1.0,nan,23,8,29.0,30
52,林園,2020-07-06,26,4,2.0,nan,16,7,26.0,19
57,前鎮,2020-07-06,17,14,nan,nan,13,12,nan,17
53,楠梓,2020-07-06,23,10,3.0,nan,17,18,21.0,23
64,陽明,2020-07-06,30,4,2.0,nan,14,8,29.0,30
54,左營,2020-07-06,21,6,3.0,nan,10,8,21.0,19
72,埔里,2020-07-06,38,3,2.0,nan,16,6,38.0,33
71,復興,2020-07-06,26,17,3.0,nan,11,14,nan,26
65,宜蘭,2020-07-06,41,7,2.0,nan,24,5,41.0,29
3,萬里,2020-07-06,67,6,2.0,nan,18,8,67.0,39
70,永和,2020-07-06,38,7,9.0,nan,22,27,nan,38
48,橋頭,2020-07-06,29,9,2.0,nan,14,12,22.0,29
20,平鎮,2020-07-06,32,4,2.0,nan,22,13,26.0,32
47,美濃,2020-07-06,31,7,3.0,nan,17,8,31.0,28
21,龍潭,2020-07-06,35,4,2.0,nan,18,12,35.0,31
46,臺南,2020-07-06,24,6,2.0,nan,13,12,19.0,24
45,安南,2020-07-06,26,4,2.0,nan,18,10,23.0,26
12,中山,2020-07-06,35,7,8.0,nan,25,32,32.0,35
44,善化,2020-07-06,28,6,2.0,nan,11,11,28.0,25
43,新營,2020-07-06,27,4,3.0,nan,14,11,27.0,22
29,沙鹿,2020-07-07,27,4,2.0,nan,5,12,27.0,10
1,基隆,2020-07-07,38,3,3.0,nan,21,15,38.0,33
44,善化,2020-07-07,32,4,2.0,nan,5,14,32.0,19
45,安南,2020-07-07,29,4,3.0,nan,11,16,29.0,19
46,臺南,2020-07-07,25,6,2.0,nan,9,10,25.0,15
47,美濃,2020-07-07,35,4,2.0,nan,14,8,35.0,22
48,橋頭,2020-07-07,27,4,3.0,nan,9,13,27.0,15
49,仁武,2020-07-07,26,10,2.0,nan,11,13,26.0,17
50,鳳山,2020-07-07,12,4,5.0,nan,5,12,nan,12
51,大寮,2020-07-07,26,11,2.0,nan,15,15,26.0,18
52,林園,2020-07-07,34,4,1.0,nan,14,11,34.0,12
53,楠梓,2020-07-07,28,4,2.0,nan,12,16,28.0,10
54,左營,2020-07-07,25,6,2.0,nan,5,12,25.0,12
56,前金,2020-07-07,28,6,2.0,nan,5,8,28.0,15
57,前鎮,2020-07-07,13,3,nan,nan,10,13,nan,10
58,小港,2020-07-07,20,16,3.0,nan,10,16,20.0,14
59,屏東,2020-07-07,33,4,3.0,nan,13,17,33.0,15
60,潮州,2020-07-07,37,4,2.0,nan,17,11,37.0,17
61,恆春,2020-07-07,24,1,1.0,nan,5,2,24.0,11
62,臺東,2020-07-07,27,3,2.0,nan,18,8,27.0,16
63,花蓮,2020-07-07,25,3,3.0,nan,22,12,25.0,22
64,陽明,2020-07-07,30,3,2.0,nan,13,9,30.0,24
65,宜蘭,2020-07-07,30,3,2.0,nan,22,8,27.0,30
66,冬山,2020-07-07,33,3,2.0,nan,21,11,24.0,33
67,三重,2020-07-07,54,7,15.0,nan,21,29,nan,54
68,中壢,2020-07-07,27,6,14.0,nan,14,27,nan,22
69,竹山,2020-07-07,36,4,2.0,nan,13,10,36.0,14
70,永和,2020-07-07,34,4,10.0,nan,20,23,nan,34
71,復興,2020-07-07,13,4,5.0,nan,9,13,nan,13
72,埔里,2020-07-07,28,4,2.0,nan,13,9,28.0,23
75,馬祖,2020-07-07,27,4,0.0,nan,23,23,26.0,27
77,金門,2020-07-07,25,4,1.0,nan,19,8,25.0,17
78,馬公,2020-07-07,18,3,2.0,nan,5,7,18.0,3
80,關山,2020-07-07,23,3,nan,nan,12,3,23.0,23
83,麥寮,2020-07-07,16,3,nan,nan,10,8,nan,16
84,富貴角,2020-07-07,33,1,1.0,nan,17,10,33.0,22
43,新營,2020-07-07,28,4,2.0,nan,5,8,28.0,15
42,嘉義,2020-07-07,28,4,2.0,nan,11,9,28.0,13
41,臺西,2020-07-07,11,4,nan,nan,5,9,nan,11
40,朴子,2020-07-07,20,6,2.0,nan,12,10,20.0,10
39,新港,2020-07-07,24,3,2.0,nan,11,10,24.0,13
38,崙背,2020-07-07,24,4,1.0,nan,13,7,24.0,14
37,斗六,2020-07-07,31,4,2.0,nan,15,8,31.0,14
36,南投,2020-07-07,32,3,2.0,nan,14,9,32.0,18
35,二林,2020-07-07,24,7,1.0,nan,18,8,24.0,20
34,線西,2020-07-07,17,3,nan,nan,17,7,nan,15
33,彰化,2020-07-07,29,4,2.0,nan,15,8,29.0,21
32,西屯,2020-07-07,32,4,2.0,nan,12,12,32.0,17
31,忠明,2020-07-07,29,4,2.0,nan,11,10,29.0,23
30,大里,2020-07-07,31,6,3.0,nan,16,10,31.0,24
28,豐原,2020-07-07,36,4,3.0,nan,13,8,36.0,16
27,三義,2020-07-07,30,4,2.0,nan,10,6,30.0,12
26,苗栗,2020-07-07,25,6,2.0,nan,11,8,25.0,18
25,頭份,2020-07-07,16,6,nan,nan,10,13,nan,16
24,新竹,2020-07-07,26,6,2.0,nan,13,13,26.0,16
23,竹東,2020-07-07,37,4,2.0,nan,16,8,37.0,28
22,湖口,2020-07-07,26,4,2.0,nan,16,12,26.0,20
21,龍潭,2020-07-07,39,6,2.0,nan,13,10,39.0,20
20,平鎮,2020-07-07,28,4,2.0,nan,18,14,28.0,19
19,觀音,2020-07-07,26,4,1.0,nan,13,8,26.0,15
18,大園,2020-07-07,27,6,2.0,nan,15,12,27.0,20
17,桃園,2020-07-07,28,7,2.0,nan,13,14,28.0,24
16,大同,2020-07-07,54,7,27.0,nan,24,54,nan,40
15,松山,2020-07-07,38,6,6.0,nan,21,23,33.0,38
14,古亭,2020-07-07,42,3,5.0,nan,22,24,42.0,35
13,萬華,2020-07-07,37,4,7.0,nan,21,28,37.0,33
12,中山,2020-07-07,34,6,8.0,nan,21,28,34.0,30
11,士林,2020-07-07,35,6,5.0,nan,20,22,35.0,32
10,淡水,2020-07-07,29,4,5.0,nan,19,23,29.0,26
9,林口,2020-07-07,24,4,3.0,nan,16,19,20.0,24
8,菜寮,2020-07-07,36,6,7.0,nan,20,25,30.0,36
7,新莊,2020-07-07,41,13,6.0,nan,20,21,41.0,29
6,板橋,2020-07-07,37,11,7.0,nan,18,32,37.0,24
5,土城,2020-07-07,44,4,5.0,nan,20,25,44.0,29
2,汐止,2020-07-07,39,6,6.0,nan,23,33,39.0,39
3,萬里,2020-07-07,47,6,3.0,nan,16,18,47.0,33
4,新店,2020-07-07,35,3,3.0,nan,19,16,35.0,30
37,斗六,2020-07-08,31,3,2.0,nan,15,8,31.0,11
1,基隆,2020-07-08,48,4,5.0,nan,27,15,48.0,34
53,楠梓,2020-07-08,21,10,2.0,nan,14,17,21.0,16
2,汐止,2020-07-08,48,4,6.0,nan,25,22,48.0,42
70,永和,2020-07-08,28,3,10.0,nan,19,23,nan,28
24,新竹,2020-07-08,25,7,2.0,nan,13,11,25.0,22
54,左營,2020-07-08,22,6,3.0,nan,5,12,22.0,12
3,萬里,2020-07-08,64,6,3.0,nan,16,18,64.0,37
23,竹東,2020-07-08,31,4,2.0,nan,15,5,31.0,24
56,前金,2020-07-08,24,6,2.0,nan,10,13,24.0,13
83,麥寮,2020-07-08,17,4,nan,nan,13,12,nan,17
75,馬祖,2020-07-08,30,4,1.0,nan,24,16,26.0,30
57,前鎮,2020-07-08,15,3,nan,nan,12,15,nan,11
4,新店,2020-07-08,45,3,3.0,nan,20,17,45.0,29
5,土城,2020-07-08,41,4,5.0,nan,22,21,41.0,25
22,湖口,2020-07-08,26,6,1.0,nan,14,14,26.0,19
63,花蓮,2020-07-08,36,6,2.0,nan,19,18,36.0,23
6,板橋,2020-07-08,37,6,5.0,nan,19,22,37.0,20
21,龍潭,2020-07-08,33,6,2.0,nan,16,9,33.0,19
78,馬公,2020-07-08,19,3,2.0,nan,5,6,19.0,3
58,小港,2020-07-08,19,4,5.0,nan,17,16,19.0,18
33,彰化,2020-07-08,25,9,2.0,nan,15,10,25.0,17
59,屏東,2020-07-08,36,3,2.0,nan,16,9,36.0,13
20,平鎮,2020-07-08,29,4,2.0,nan,19,12,29.0,20
7,新莊,2020-07-08,38,9,5.0,nan,21,18,38.0,25
62,臺東,2020-07-08,31,4,3.0,nan,18,8,31.0,16
60,潮州,2020-07-08,32,6,2.0,nan,18,8,32.0,22
19,觀音,2020-07-08,23,3,2.0,nan,13,10,23.0,16
61,恆春,2020-07-08,20,1,1.0,nan,5,1,20.0,11
8,菜寮,2020-07-08,32,4,5.0,nan,21,24,29.0,32
18,大園,2020-07-08,27,4,2.0,nan,15,9,27.0,19
72,埔里,2020-07-08,31,4,2.0,nan,14,11,31.0,18
32,西屯,2020-07-08,29,4,2.0,nan,16,12,29.0,18
17,桃園,2020-07-08,26,14,3.0,nan,17,24,26.0,25
31,忠明,2020-07-08,24,4,2.0,nan,13,9,24.0,20
30,大里,2020-07-08,29,6,2.0,nan,19,10,29.0,21
9,林口,2020-07-08,30,6,2.0,nan,18,22,30.0,22
10,淡水,2020-07-08,27,4,5.0,nan,17,19,27.0,21
68,中壢,2020-07-08,25,4,11.0,nan,16,25,nan,24
41,臺西,2020-07-08,11,4,nan,nan,11,8,nan,11
16,大同,2020-07-08,38,7,23.0,nan,27,33,nan,38
15,松山,2020-07-08,41,6,5.0,nan,22,29,41.0,37
77,金門,2020-07-08,26,4,1.0,nan,19,9,26.0,18
29,沙鹿,2020-07-08,22,4,2.0,nan,5,9,22.0,3
42,嘉義,2020-07-08,28,3,1.0,nan,12,8,28.0,8
11,士林,2020-07-08,39,4,5.0,nan,23,22,39.0,28
43,新營,2020-07-08,25,4,2.0,nan,11,8,25.0,13
14,古亭,2020-07-08,45,3,3.0,nan,21,17,45.0,32
12,中山,2020-07-08,31,4,8.0,nan,22,26,31.0,26
40,朴子,2020-07-08,20,6,2.0,nan,14,12,20.0,17
13,萬華,2020-07-08,38,3,6.0,nan,21,22,38.0,22
44,善化,2020-07-08,23,6,2.0,nan,5,9,23.0,20
84,富貴角,2020-07-08,29,3,2.0,nan,18,11,29.0,19
28,豐原,2020-07-08,31,4,2.0,nan,14,8,31.0,13
80,關山,2020-07-08,28,3,nan,nan,15,3,28.0,20
36,南投,2020-07-08,32,3,2.0,nan,19,8,32.0,13
69,竹山,2020-07-08,33,6,2.0,nan,11,8,33.0,19
39,新港,2020-07-08,21,4,2.0,nan,12,9,21.0,15
67,三重,2020-07-08,42,7,16.0,nan,24,27,nan,42
27,三義,2020-07-08,25,7,2.0,nan,11,7,25.0,13
45,安南,2020-07-08,22,6,2.0,nan,16,16,20.0,22
66,冬山,2020-07-08,33,3,3.0,nan,23,10,33.0,31
46,臺南,2020-07-08,20,4,2.0,nan,11,16,19.0,20
35,二林,2020-07-08,23,6,2.0,nan,23,11,22.0,20
47,美濃,2020-07-08,30,4,2.0,nan,13,5,30.0,20
26,苗栗,2020-07-08,20,6,2.0,nan,11,8,20.0,15
38,崙背,2020-07-08,21,4,2.0,nan,18,8,21.0,6
48,橋頭,2020-07-08,22,6,2.0,nan,13,16,22.0,16
65,宜蘭,2020-07-08,44,6,3.0,nan,24,8,44.0,29
49,仁武,2020-07-08,22,11,2.0,nan,14,11,22.0,20
50,鳳山,2020-07-08,14,6,3.0,nan,11,13,nan,14
51,大寮,2020-07-08,29,13,3.0,nan,19,14,23.0,29
52,林園,2020-07-08,23,3,2.0,nan,16,11,23.0,18
25,頭份,2020-07-08,14,6,nan,nan,12,13,nan,14
64,陽明,2020-07-08,32,3,2.0,nan,11,7,32.0,23
71,復興,2020-07-08,20,6,3.0,nan,9,13,nan,20
34,線西,2020-07-08,19,4,nan,nan,19,9,nan,17
6,板橋,2020-07-09,37,4,5.0,nan,20,21,37.0,24
3,萬里,2020-07-09,38,4,2.0,nan,14,14,38.0,25
7,新莊,2020-07-09,28,6,3.0,nan,21,19,19.0,28
8,菜寮,2020-07-09,30,4,5.0,nan,23,23,30.0,30
9,林口,2020-07-09,32,4,2.0,nan,19,16,32.0,23
2,汐止,2020-07-09,50,7,6.0,nan,25,24,50.0,35
10,淡水,2020-07-09,35,4,2.0,nan,17,18,35.0,21
11,士林,2020-07-09,40,4,3.0,nan,24,18,40.0,29
12,中山,2020-07-09,32,7,9.0,nan,23,27,32.0,27
13,萬華,2020-07-09,38,6,6.0,nan,21,23,38.0,23
14,古亭,2020-07-09,44,4,3.0,nan,20,18,44.0,26
84,富貴角,2020-07-09,33,1,1.0,nan,22,8,33.0,23
83,麥寮,2020-07-09,16,3,nan,nan,14,9,nan,16
80,關山,2020-07-09,29,3,nan,nan,13,4,29.0,29
78,馬公,2020-07-09,15,3,2.0,nan,14,8,15.0,6
77,金門,2020-07-09,23,4,1.0,nan,23,12,15.0,20
75,馬祖,2020-07-09,32,3,1.0,nan,26,14,12.0,32
72,埔里,2020-07-09,25,3,2.0,nan,14,7,25.0,23
71,復興,2020-07-09,15,4,3.0,nan,10,14,nan,15
70,永和,2020-07-09,27,3,10.0,nan,19,25,nan,27
69,竹山,2020-07-09,31,6,2.0,nan,15,10,31.0,14
68,中壢,2020-07-09,26,6,14.0,nan,18,26,nan,24
67,三重,2020-07-09,43,7,17.0,nan,25,25,nan,43
66,冬山,2020-07-09,31,6,2.0,nan,25,8,28.0,31
65,宜蘭,2020-07-09,36,6,2.0,nan,23,5,36.0,28
64,陽明,2020-07-09,34,4,2.0,nan,12,7,34.0,20
63,花蓮,2020-07-09,29,3,3.0,nan,19,13,29.0,24
62,臺東,2020-07-09,31,3,3.0,nan,19,7,31.0,18
61,恆春,2020-07-09,19,3,1.0,nan,5,2,19.0,11
60,潮州,2020-07-09,29,4,2.0,nan,17,9,29.0,13
59,屏東,2020-07-09,31,4,3.0,nan,18,13,31.0,13
58,小港,2020-07-09,16,7,2.0,nan,14,11,16.0,10
1,基隆,2020-07-09,39,4,5.0,nan,26,17,39.0,29
57,前鎮,2020-07-09,13,4,nan,nan,11,13,nan,7
56,前金,2020-07-09,19,4,2.0,nan,11,9,19.0,10
54,左營,2020-07-09,18,4,2.0,nan,10,10,18.0,8
53,楠梓,2020-07-09,19,4,2.0,nan,16,12,19.0,18
52,林園,2020-07-09,19,9,2.0,nan,19,10,19.0,15
51,大寮,2020-07-09,27,20,2.0,nan,19,12,19.0,27
50,鳳山,2020-07-09,14,6,3.0,nan,12,10,nan,14
49,仁武,2020-07-09,20,16,2.0,nan,18,10,19.0,20
48,橋頭,2020-07-09,19,7,2.0,nan,14,11,19.0,11
47,美濃,2020-07-09,29,3,1.0,nan,13,5,29.0,20
46,臺南,2020-07-09,19,4,3.0,nan,12,13,18.0,19
45,安南,2020-07-09,22,4,3.0,nan,20,17,20.0,22
44,善化,2020-07-09,24,6,1.0,nan,5,8,24.0,17
43,新營,2020-07-09,21,9,2.0,nan,14,10,21.0,15
42,嘉義,2020-07-09,25,3,1.0,nan,13,8,25.0,8
41,臺西,2020-07-09,13,3,nan,nan,9,7,nan,13
40,朴子,2020-07-09,16,6,2.0,nan,14,11,16.0,16
39,新港,2020-07-09,21,4,2.0,nan,12,8,21.0,14
38,崙背,2020-07-09,20,3,1.0,nan,13,8,20.0,8
37,斗六,2020-07-09,29,4,2.0,nan,21,9,29.0,14
36,南投,2020-07-09,28,3,2.0,nan,18,8,28.0,15
35,二林,2020-07-09,19,4,1.0,nan,15,8,19.0,17
34,線西,2020-07-09,17,4,nan,nan,17,8,nan,15
33,彰化,2020-07-09,22,7,2.0,nan,12,8,22.0,15
32,西屯,2020-07-09,25,4,1.0,nan,15,11,25.0,21
31,忠明,2020-07-09,21,4,2.0,nan,12,11,21.0,18
30,大里,2020-07-09,25,4,3.0,nan,17,9,24.0,25
29,沙鹿,2020-07-09,22,4,2.0,nan,9,9,22.0,11
28,豐原,2020-07-09,27,3,2.0,nan,14,9,27.0,14
27,三義,2020-07-09,25,4,2.0,nan,12,10,25.0,13
26,苗栗,2020-07-09,23,6,2.0,nan,14,6,22.0,23
25,頭份,2020-07-09,20,4,nan,nan,14,11,nan,20
24,新竹,2020-07-09,29,6,2.0,nan,19,9,29.0,24
23,竹東,2020-07-09,31,6,2.0,nan,17,6,31.0,30
22,湖口,2020-07-09,29,4,1.0,nan,22,7,29.0,23
21,龍潭,2020-07-09,34,6,2.0,nan,17,10,34.0,20
20,平鎮,2020-07-09,31,4,2.0,nan,19,15,31.0,22
19,觀音,2020-07-09,24,4,1.0,nan,17,7,24.0,17
18,大園,2020-07-09,31,3,1.0,nan,19,7,31.0,18
17,桃園,2020-07-09,29,6,3.0,nan,16,16,27.0,29
16,大同,2020-07-09,42,6,22.0,nan,29,42,nan,36
15,松山,2020-07-09,39,6,5.0,nan,22,29,39.0,33
5,土城,2020-07-09,40,4,3.0,nan,20,19,40.0,25
4,新店,2020-07-09,37,4,3.0,nan,19,19,37.0,24
58,小港,2020-07-10,17,6,2.0,nan,17,12,17.0,15
45,安南,2020-07-10,24,6,3.0,nan,24,14,23.0,24
57,前鎮,2020-07-10,13,4,nan,nan,12,13,nan,10
31,忠明,2020-07-10,25,4,3.0,nan,15,16,23.0,25
32,西屯,2020-07-10,27,4,2.0,nan,19,19,27.0,24
56,前金,2020-07-10,21,6,2.0,nan,10,10,21.0,14
33,彰化,2020-07-10,24,10,2.0,nan,15,12,24.0,19
5,土城,2020-07-10,37,4,3.0,nan,23,22,37.0,26
47,美濃,2020-07-10,33,4,2.0,nan,12,6,33.0,19
34,線西,2020-07-10,18,4,nan,nan,18,8,nan,16
48,橋頭,2020-07-10,21,9,2.0,nan,12,18,21.0,16
52,林園,2020-07-10,29,4,2.0,nan,21,11,29.0,21
35,二林,2020-07-10,22,4,1.0,nan,22,10,20.0,21
36,南投,2020-07-10,29,3,2.0,nan,16,9,29.0,15
46,臺南,2020-07-10,21,6,2.0,nan,13,13,21.0,16
14,古亭,2020-07-10,42,3,3.0,nan,22,20,42.0,32
49,仁武,2020-07-10,21,13,2.0,nan,17,11,19.0,21
37,斗六,2020-07-10,31,4,2.0,nan,18,9,31.0,11
38,崙背,2020-07-10,19,4,2.0,nan,16,8,19.0,11
7,新莊,2020-07-10,37,17,5.0,nan,29,21,37.0,31
50,鳳山,2020-07-10,16,6,3.0,nan,14,10,nan,16
84,富貴角,2020-07-10,28,3,1.0,nan,18,7,28.0,22
8,菜寮,2020-07-10,36,6,5.0,nan,23,20,29.0,36
13,萬華,2020-07-10,31,6,6.0,nan,22,25,31.0,27
54,左營,2020-07-10,20,6,3.0,nan,9,13,20.0,11
51,大寮,2020-07-10,23,10,2.0,nan,17,13,23.0,20
53,楠梓,2020-07-10,20,9,2.0,nan,16,16,20.0,17
83,麥寮,2020-07-10,16,1,nan,nan,16,9,nan,16
80,關山,2020-07-10,34,3,nan,nan,14,4,34.0,23
78,馬公,2020-07-10,15,3,2.0,nan,14,7,15.0,6
6,板橋,2020-07-10,34,6,5.0,nan,22,21,34.0,26
12,中山,2020-07-10,33,6,8.0,nan,25,27,30.0,33
39,新港,2020-07-10,26,4,2.0,nan,15,12,26.0,16
77,金門,2020-07-10,25,4,1.0,nan,19,10,25.0,19
75,馬祖,2020-07-10,28,4,1.0,nan,24,25,19.0,28
72,埔里,2020-07-10,29,4,3.0,nan,15,13,29.0,17
11,士林,2020-07-10,38,6,3.0,nan,24,16,38.0,29
71,復興,2020-07-10,19,4,3.0,nan,10,14,nan,19
70,永和,2020-07-10,32,6,10.0,nan,19,23,nan,32
69,竹山,2020-07-10,31,4,2.0,nan,17,11,31.0,26
40,朴子,2020-07-10,19,7,2.0,nan,18,11,19.0,15
68,中壢,2020-07-10,25,4,15.0,nan,19,25,nan,24
41,臺西,2020-07-10,13,3,nan,nan,13,10,nan,12
42,嘉義,2020-07-10,29,3,2.0,nan,15,9,29.0,9
67,三重,2020-07-10,46,9,17.0,nan,26,33,nan,46
66,冬山,2020-07-10,42,6,3.0,nan,29,17,39.0,42
65,宜蘭,2020-07-10,43,4,2.0,nan,23,8,43.0,34
64,陽明,2020-07-10,31,3,1.0,nan,11,10,31.0,19
63,花蓮,2020-07-10,31,4,2.0,nan,19,8,31.0,28
1,基隆,2020-07-10,49,4,5.0,nan,29,20,49.0,43
43,新營,2020-07-10,27,4,2.0,nan,14,9,27.0,20
10,淡水,2020-07-10,30,3,2.0,nan,16,14,30.0,24
20,平鎮,2020-07-10,26,4,2.0,nan,18,14,26.0,24
19,觀音,2020-07-10,23,7,1.0,nan,14,6,23.0,15
2,汐止,2020-07-10,49,9,5.0,nan,27,27,49.0,38
21,龍潭,2020-07-10,34,7,2.0,nan,15,14,34.0,20
3,萬里,2020-07-10,67,7,3.0,nan,19,40,67.0,38
22,湖口,2020-07-10,24,7,1.0,nan,14,16,24.0,21
18,大園,2020-07-10,26,6,1.0,nan,16,12,26.0,18
62,臺東,2020-07-10,27,6,3.0,nan,19,8,27.0,17
23,竹東,2020-07-10,34,4,2.0,nan,17,9,34.0,24
61,恆春,2020-07-10,21,3,1.0,nan,5,1,21.0,14
60,潮州,2020-07-10,27,4,2.0,nan,17,11,27.0,17
17,桃園,2020-07-10,25,6,3.0,nan,17,13,24.0,25
16,大同,2020-07-10,39,9,27.0,nan,29,39,nan,38
24,新竹,2020-07-10,23,6,3.0,nan,17,11,23.0,23
59,屏東,2020-07-10,32,7,3.0,nan,17,11,32.0,13
25,頭份,2020-07-10,18,7,nan,nan,13,18,nan,15
26,苗栗,2020-07-10,22,9,3.0,nan,13,13,22.0,19
9,林口,2020-07-10,30,4,2.0,nan,19,16,30.0,22
27,三義,2020-07-10,26,4,2.0,nan,14,14,26.0,18
15,松山,2020-07-10,38,6,5.0,nan,24,26,38.0,36
44,善化,2020-07-10,28,7,1.0,nan,9,15,28.0,21
28,豐原,2020-07-10,31,4,3.0,nan,15,12,31.0,13
29,沙鹿,2020-07-10,23,4,2.0,nan,10,13,23.0,12
4,新店,2020-07-10,43,3,3.0,nan,20,14,43.0,29
30,大里,2020-07-10,25,4,3.0,nan,19,13,25.0,21
11,士林,2020-07-11,34,6,3.0,nan,25,28,34.0,32
1,基隆,2020-07-11,50,3,3.0,nan,25,14,50.0,36
2,汐止,2020-07-11,74,10,3.0,nan,22,20,74.0,41
3,萬里,2020-07-11,50,4,2.0,nan,16,8,50.0,31
4,新店,2020-07-11,46,3,3.0,nan,18,13,46.0,27
5,土城,2020-07-11,48,4,3.0,nan,20,17,48.0,32
6,板橋,2020-07-11,41,6,3.0,nan,19,20,41.0,30
7,新莊,2020-07-11,43,23,5.0,nan,21,19,43.0,34
8,菜寮,2020-07-11,39,4,7.0,nan,20,25,32.0,39
9,林口,2020-07-11,33,6,3.0,nan,18,21,33.0,27
10,淡水,2020-07-11,26,4,3.0,nan,16,20,26.0,26
12,中山,2020-07-11,33,4,6.0,nan,22,22,33.0,29
13,萬華,2020-07-11,38,4,5.0,nan,20,25,38.0,27
14,古亭,2020-07-11,44,3,3.0,nan,21,17,44.0,30
15,松山,2020-07-11,41,4,3.0,nan,21,22,41.0,38
16,大同,2020-07-11,41,6,18.0,nan,27,37,nan,41
17,桃園,2020-07-11,30,11,3.0,nan,17,19,28.0,30
18,大園,2020-07-11,28,6,2.0,nan,17,14,28.0,22
19,觀音,2020-07-11,22,6,2.0,nan,13,14,22.0,20
20,平鎮,2020-07-11,31,4,2.0,nan,19,16,31.0,29
21,龍潭,2020-07-11,38,6,2.0,nan,16,11,38.0,24
22,湖口,2020-07-11,25,6,2.0,nan,12,16,25.0,21
23,竹東,2020-07-11,33,3,2.0,nan,17,9,33.0,29
24,新竹,2020-07-11,31,4,2.0,nan,15,15,25.0,31
25,頭份,2020-07-11,29,10,nan,nan,16,18,nan,29
26,苗栗,2020-07-11,23,4,2.0,nan,12,13,23.0,23
27,三義,2020-07-11,29,7,2.0,nan,14,9,29.0,20
28,豐原,2020-07-11,36,20,22.0,nan,15,10,36.0,24
29,沙鹿,2020-07-11,25,4,2.0,nan,9,11,25.0,14
30,大里,2020-07-11,33,4,2.0,nan,16,9,33.0,24
31,忠明,2020-07-11,29,4,2.0,nan,11,10,29.0,24
32,西屯,2020-07-11,32,3,2.0,nan,14,11,32.0,19
33,彰化,2020-07-11,29,13,2.0,nan,12,8,29.0,21
34,線西,2020-07-11,18,4,nan,nan,18,11,nan,16
35,二林,2020-07-11,28,4,2.0,nan,20,11,25.0,28
36,南投,2020-07-11,40,6,2.0,nan,16,9,40.0,18
37,斗六,2020-07-11,34,3,2.0,nan,16,9,34.0,18
38,崙背,2020-07-11,23,4,2.0,nan,14,11,23.0,14
39,新港,2020-07-11,24,3,2.0,nan,16,11,24.0,20
40,朴子,2020-07-11,20,3,2.0,nan,13,11,20.0,14
41,臺西,2020-07-11,15,3,nan,nan,11,8,nan,15
42,嘉義,2020-07-11,28,3,2.0,nan,15,10,28.0,11
43,新營,2020-07-11,28,6,2.0,nan,12,10,28.0,22
44,善化,2020-07-11,29,7,1.0,nan,9,10,29.0,20
45,安南,2020-07-11,27,3,2.0,nan,16,8,27.0,21
46,臺南,2020-07-11,24,4,2.0,nan,11,10,24.0,18
47,美濃,2020-07-11,38,4,2.0,nan,13,5,38.0,27
48,橋頭,2020-07-11,24,4,2.0,nan,12,13,24.0,19
49,仁武,2020-07-11,23,7,2.0,nan,13,11,23.0,19
50,鳳山,2020-07-11,18,9,3.0,nan,12,12,nan,18
51,大寮,2020-07-11,32,4,3.0,nan,19,14,32.0,30
52,林園,2020-07-11,29,4,2.0,nan,17,9,29.0,17
53,楠梓,2020-07-11,25,4,2.0,nan,14,13,25.0,17
54,左營,2020-07-11,24,6,2.0,nan,5,11,24.0,14
56,前金,2020-07-11,25,7,2.0,nan,5,13,25.0,19
57,前鎮,2020-07-11,11,4,nan,nan,11,10,nan,10
58,小港,2020-07-11,24,6,2.0,nan,13,8,24.0,16
59,屏東,2020-07-11,39,4,2.0,nan,19,12,39.0,14
60,潮州,2020-07-11,35,7,2.0,nan,19,11,35.0,22
61,恆春,2020-07-11,23,3,1.0,nan,5,2,23.0,12
62,臺東,2020-07-11,31,3,2.0,nan,17,9,31.0,16
63,花蓮,2020-07-11,40,3,2.0,nan,21,7,40.0,33
64,陽明,2020-07-11,31,6,1.0,nan,11,8,31.0,21
65,宜蘭,2020-07-11,47,9,2.0,nan,23,9,47.0,34
66,冬山,2020-07-11,40,6,2.0,nan,23,22,40.0,38
67,三重,2020-07-11,47,4,14.0,nan,23,22,nan,47
68,中壢,2020-07-11,30,4,14.0,nan,20,21,nan,30
69,竹山,2020-07-11,36,3,2.0,nan,16,12,36.0,22
70,永和,2020-07-11,33,6,8.0,nan,19,25,nan,33
71,復興,2020-07-11,20,4,3.0,nan,9,12,nan,20
72,埔里,2020-07-11,34,4,2.0,nan,15,9,34.0,26
75,馬祖,2020-07-11,30,3,1.0,nan,21,19,24.0,30
77,金門,2020-07-11,22,6,1.0,nan,16,13,22.0,18
78,馬公,2020-07-11,17,4,1.0,nan,9,8,17.0,3
80,關山,2020-07-11,32,3,nan,nan,13,3,32.0,26
83,麥寮,2020-07-11,17,3,nan,nan,12,10,nan,17
84,富貴角,2020-07-11,29,3,1.0,nan,14,11,29.0,25
51,大寮,2020-07-12,39,6,2.0,nan,16,10,39.0,25
71,復興,2020-07-12,18,6,5.0,nan,11,8,nan,18
72,埔里,2020-07-12,40,3,1.0,nan,14,8,40.0,24
75,馬祖,2020-07-12,40,6,1.0,nan,22,22,25.0,40
77,金門,2020-07-12,22,4,1.0,nan,17,14,21.0,22
78,馬公,2020-07-12,24,4,1.0,nan,9,5,24.0,8
80,關山,2020-07-12,25,1,nan,nan,9,3,25.0,19
83,麥寮,2020-07-12,23,4,nan,nan,14,10,nan,23
84,富貴角,2020-07-12,31,3,2.0,nan,13,11,31.0,25
13,萬華,2020-07-12,37,7,3.0,nan,19,18,37.0,26
14,古亭,2020-07-12,48,6,3.0,nan,18,17,48.0,32
15,松山,2020-07-12,58,7,3.0,nan,19,17,58.0,35
16,大同,2020-07-12,38,9,11.0,nan,23,25,nan,38
5,土城,2020-07-12,49,3,3.0,nan,17,18,49.0,27
41,臺西,2020-07-12,18,9,nan,nan,12,8,nan,18
6,板橋,2020-07-12,41,10,3.0,nan,18,18,41.0,25
49,仁武,2020-07-12,28,10,2.0,nan,12,10,28.0,19
40,朴子,2020-07-12,20,3,2.0,nan,13,10,20.0,17
39,新港,2020-07-12,27,9,2.0,nan,15,11,27.0,22
1,基隆,2020-07-12,42,6,2.0,nan,19,9,42.0,35
50,鳳山,2020-07-12,16,4,3.0,nan,9,8,nan,16
52,林園,2020-07-12,28,4,1.0,nan,17,10,28.0,21
7,新莊,2020-07-12,44,9,3.0,nan,19,15,44.0,33
38,崙背,2020-07-12,32,6,2.0,nan,18,10,32.0,19
37,斗六,2020-07-12,50,7,1.0,nan,19,8,50.0,24
53,楠梓,2020-07-12,28,6,1.0,nan,12,8,28.0,19
36,南投,2020-07-12,42,6,2.0,nan,17,9,42.0,23
46,臺南,2020-07-12,21,3,2.0,nan,11,6,21.0,17
8,菜寮,2020-07-12,38,11,5.0,nan,19,19,31.0,38
54,左營,2020-07-12,25,6,2.0,nan,5,5,25.0,15
35,二林,2020-07-12,30,7,1.0,nan,20,8,30.0,30
34,線西,2020-07-12,18,9,nan,nan,18,10,nan,18
33,彰化,2020-07-12,34,17,2.0,nan,11,8,34.0,22
32,西屯,2020-07-12,34,4,2.0,nan,11,9,34.0,21
56,前金,2020-07-12,25,7,2.0,nan,10,6,25.0,19
31,忠明,2020-07-12,32,4,1.0,nan,11,8,32.0,26
9,林口,2020-07-12,34,6,2.0,nan,17,16,34.0,28
30,大里,2020-07-12,37,6,2.0,nan,15,8,37.0,23
48,橋頭,2020-07-12,27,3,2.0,nan,12,11,27.0,17
45,安南,2020-07-12,24,3,2.0,nan,14,11,22.0,24
57,前鎮,2020-07-12,11,6,nan,nan,9,8,nan,11
29,沙鹿,2020-07-12,26,26,3.0,nan,10,14,24.0,12
2,汐止,2020-07-12,61,10,3.0,nan,19,14,61.0,39
28,豐原,2020-07-12,38,7,3.0,nan,12,14,38.0,21
10,淡水,2020-07-12,27,4,2.0,nan,13,11,25.0,27
27,三義,2020-07-12,31,7,2.0,nan,13,9,31.0,24
26,苗栗,2020-07-12,24,7,2.0,nan,12,13,24.0,23
44,善化,2020-07-12,24,7,1.0,nan,9,10,24.0,23
25,頭份,2020-07-12,29,10,nan,nan,15,15,nan,29
24,新竹,2020-07-12,30,6,2.0,nan,13,13,21.0,30
23,竹東,2020-07-12,38,3,2.0,nan,15,7,38.0,31
22,湖口,2020-07-12,27,6,2.0,nan,12,17,21.0,27
70,永和,2020-07-12,30,4,8.0,nan,18,20,nan,30
3,萬里,2020-07-12,44,7,2.0,nan,18,7,44.0,34
21,龍潭,2020-07-12,43,6,2.0,nan,15,11,43.0,29
43,新營,2020-07-12,23,4,1.0,nan,9,9,23.0,18
20,平鎮,2020-07-12,31,4,2.0,nan,16,14,31.0,28
19,觀音,2020-07-12,20,6,2.0,nan,12,14,18.0,20
42,嘉義,2020-07-12,31,3,1.0,nan,13,9,31.0,14
18,大園,2020-07-12,24,6,2.0,nan,16,15,23.0,24
17,桃園,2020-07-12,33,9,2.0,nan,15,16,27.0,33
4,新店,2020-07-12,61,6,2.0,nan,19,11,61.0,35
47,美濃,2020-07-12,33,4,2.0,nan,13,4,33.0,24
11,士林,2020-07-12,38,6,3.0,nan,19,14,38.0,31
58,小港,2020-07-12,25,4,2.0,nan,12,9,25.0,16
59,屏東,2020-07-12,35,6,2.0,nan,18,12,35.0,16
60,潮州,2020-07-12,38,9,2.0,nan,19,11,38.0,29
61,恆春,2020-07-12,35,4,1.0,nan,5,2,35.0,22
62,臺東,2020-07-12,28,3,2.0,nan,12,7,28.0,12
63,花蓮,2020-07-12,30,3,1.0,nan,14,5,30.0,26
64,陽明,2020-07-12,33,4,1.0,nan,9,3,33.0,21
65,宜蘭,2020-07-12,37,4,2.0,nan,17,5,37.0,27
66,冬山,2020-07-12,36,7,3.0,nan,21,9,36.0,33
67,三重,2020-07-12,46,7,10.0,nan,22,18,nan,46
68,中壢,2020-07-12,35,6,9.0,nan,20,24,nan,35
12,中山,2020-07-12,37,9,5.0,nan,19,20,37.0,27
69,竹山,2020-07-12,41,4,1.0,nan,19,12,41.0,34
19,觀音,2020-07-13,23,4,2.0,nan,14.0,14,23.0,20.0
57,前鎮,2020-07-13,14,6,nan,nan,11.0,12,nan,14.0
11,士林,2020-07-13,90,7,3.0,nan,24.0,21,90.0,41.0
70,永和,2020-07-13,40,6,10.0,nan,21.0,37,nan,40.0
60,潮州,2020-07-13,39,4,2.0,nan,19.0,10,39.0,28.0
9,林口,2020-07-13,47,6,nan,nan,18.0,23,47.0,29.0
20,平鎮,2020-07-13,45,6,2.0,nan,26.0,21,45.0,36.0
43,新營,2020-07-13,26,4,2.0,nan,10.0,8,26.0,18.0
2,汐止,2020-07-13,100,6,5.0,nan,21.0,18,100.0,44.0
34,線西,2020-07-13,29,9,nan,nan,19.0,8,nan,29.0
21,龍潭,2020-07-13,84,6,3.0,nan,19.0,25,84.0,39.0
23,竹東,2020-07-13,58,4,2.0,nan,19.0,9,58.0,39.0
39,新港,2020-07-13,27,3,2.0,nan,18.0,8,27.0,20.0
59,屏東,2020-07-13,44,4,2.0,nan,19.0,14,44.0,19.0
16,大同,2020-07-13,42,9,19.0,nan,27.0,41,nan,42.0
13,萬華,2020-07-13,104,6,6.0,nan,22.0,30,104.0,36.0
58,小港,2020-07-13,20,4,3.0,nan,13.0,17,20.0,20.0
12,中山,2020-07-13,101,9,7.0,nan,22.0,29,101.0,31.0
22,湖口,2020-07-13,33,6,2.0,nan,14.0,12,33.0,27.0
80,關山,2020-07-13,19,4,nan,nan,5.0,3,19.0,15.0
5,土城,2020-07-13,151,6,5.0,nan,24.0,34,151.0,41.0
69,竹山,2020-07-13,47,4,2.0,nan,20.0,11,47.0,34.0
42,嘉義,2020-07-13,31,4,2.0,nan,15.0,10,31.0,16.0
84,富貴角,2020-07-13,42,3,2.0,nan,14.0,10,42.0,31.0
35,二林,2020-07-13,33,6,2.0,nan,22.0,8,32.0,33.0
36,南投,2020-07-13,47,4,3.0,nan,21.0,15,47.0,38.0
68,中壢,2020-07-13,37,7,10.0,nan,20.0,32,nan,37.0
45,安南,2020-07-13,25,3,2.0,nan,18.0,9,25.0,21.0
77,金門,2020-07-13,58,13,2.0,nan,25.0,25,58.0,41.0
49,仁武,2020-07-13,27,14,2.0,nan,11.0,14,27.0,25.0
44,善化,2020-07-13,27,6,1.0,nan,10.0,12,27.0,21.0
78,馬公,2020-07-13,30,6,2.0,nan,10.0,8,30.0,10.0
7,新莊,2020-07-13,77,11,5.0,nan,27.0,30,77.0,42.0
3,萬里,2020-07-13,44,9,2.0,nan,15.0,14,44.0,31.0
32,西屯,2020-07-13,45,6,2.0,nan,19.0,12,45.0,34.0
67,三重,2020-07-13,55,7,11.0,nan,25.0,30,nan,55.0
26,苗栗,2020-07-13,33,7,2.0,nan,16.0,14,30.0,33.0
4,新店,2020-07-13,74,6,3.0,nan,18.0,15,74.0,30.0
31,忠明,2020-07-13,42,4,2.0,nan,18.0,12,42.0,35.0
66,冬山,2020-07-13,26,4,3.0,nan,20.0,11,26.0,25.0
10,淡水,2020-07-13,42,6,3.0,nan,15.0,16,42.0,33.0
50,鳳山,2020-07-13,21,4,3.0,nan,12.0,9,nan,21.0
30,大里,2020-07-13,48,10,3.0,nan,21.0,15,48.0,41.0
72,埔里,2020-07-13,54,6,2.0,nan,17.0,10,54.0,37.0
51,大寮,2020-07-13,44,4,2.0,nan,19.0,20,44.0,30.0
28,豐原,2020-07-13,58,14,5.0,nan,19.0,20,58.0,32.0
17,桃園,2020-07-13,43,16,3.0,nan,19.0,23,43.0,37.0
1,基隆,2020-07-13,36,6,3.0,nan,19.0,14,36.0,30.0
52,林園,2020-07-13,31,4,2.0,nan,18.0,10,31.0,21.0
46,臺南,2020-07-13,22,3,2.0,nan,10.0,6,22.0,19.0
6,板橋,2020-07-13,71,7,6.0,nan,22.0,27,71.0,37.0
18,大園,2020-07-13,39,9,2.0,nan,19.0,13,39.0,32.0
65,宜蘭,2020-07-13,27,4,2.0,nan,15.0,9,27.0,21.0
25,頭份,2020-07-13,36,11,nan,nan,18.0,17,nan,36.0
37,斗六,2020-07-13,41,4,2.0,nan,19.0,9,41.0,28.0
40,朴子,2020-07-13,21,3,2.0,nan,12.0,9,21.0,12.0
47,美濃,2020-07-13,38,4,2.0,nan,15.0,7,38.0,26.0
48,橋頭,2020-07-13,25,6,2.0,nan,12.0,8,25.0,19.0
64,陽明,2020-07-13,51,3,2.0,nan,17.0,7,51.0,37.0
8,菜寮,2020-07-13,46,6,5.0,nan,21.0,25,46.0,39.0
71,復興,2020-07-13,8,3,3.0,nan,nan,8,nan,nan
27,三義,2020-07-13,38,6,2.0,nan,18.0,12,38.0,30.0
63,花蓮,2020-07-13,20,3,1.0,nan,10.0,4,19.0,20.0
53,楠梓,2020-07-13,28,4,2.0,nan,15.0,11,28.0,20.0
62,臺東,2020-07-13,19,3,2.0,nan,10.0,4,19.0,11.0
29,沙鹿,2020-07-13,31,6,1.0,nan,11.0,14,31.0,20.0
24,新竹,2020-07-13,34,7,3.0,nan,16.0,11,25.0,34.0
38,崙背,2020-07-13,29,6,2.0,nan,16.0,8,29.0,16.0
54,左營,2020-07-13,24,4,2.0,nan,9.0,8,24.0,14.0
33,彰化,2020-07-13,38,9,2.0,nan,15.0,9,38.0,29.0
15,松山,2020-07-13,93,6,5.0,nan,22.0,25,93.0,38.0
41,臺西,2020-07-13,15,4,nan,nan,10.0,8,nan,15.0
61,恆春,2020-07-13,23,4,1.0,nan,5.0,4,23.0,17.0
56,前金,2020-07-13,27,7,2.0,nan,10.0,8,27.0,17.0
75,馬祖,2020-07-13,46,6,2.0,nan,23.0,36,33.0,46.0
83,麥寮,2020-07-13,21,4,nan,nan,12.0,10,nan,21.0
14,古亭,2020-07-13,159,4,5.0,nan,20.0,25,159.0,43.0
2,汐止,2020-07-14,74,7,3.0,nan,19,20,74.0,36.0
11,士林,2020-07-14,87,6,3.0,nan,21,18,87.0,40.0
12,中山,2020-07-14,61,7,6.0,nan,21,26,61.0,37.0
13,萬華,2020-07-14,93,4,5.0,nan,23,25,93.0,35.0
14,古亭,2020-07-14,84,4,3.0,nan,19,15,84.0,32.0
84,富貴角,2020-07-14,54,4,2.0,nan,13,8,54.0,30.0
15,松山,2020-07-14,71,7,3.0,nan,20,20,71.0,36.0
16,大同,2020-07-14,48,7,23.0,nan,28,44,nan,48.0
17,桃園,2020-07-14,55,11,3.0,nan,26,19,54.0,55.0
33,彰化,2020-07-14,44,10,2.0,nan,16,7,44.0,30.0
18,大園,2020-07-14,87,16,2.0,nan,23,25,87.0,44.0
19,觀音,2020-07-14,67,9,2.0,nan,18,14,67.0,33.0
10,淡水,2020-07-14,58,7,3.0,nan,16,20,58.0,38.0
20,平鎮,2020-07-14,93,9,3.0,nan,27,17,93.0,55.0
21,龍潭,2020-07-14,154,7,3.0,nan,26,20,154.0,60.0
3,萬里,2020-07-14,46,11,2.0,nan,12,14,46.0,30.0
22,湖口,2020-07-14,58,7,2.0,nan,20,22,58.0,42.0
23,竹東,2020-07-14,80,6,2.0,nan,23,9,80.0,36.0
24,新竹,2020-07-14,46,6,3.0,nan,19,13,46.0,38.0
25,頭份,2020-07-14,39,11,nan,nan,19,23,nan,39.0
34,線西,2020-07-14,28,7,nan,nan,19,9,nan,28.0
26,苗栗,2020-07-14,36,6,3.0,nan,18,19,34.0,36.0
27,三義,2020-07-14,44,7,2.0,nan,18,10,44.0,33.0
28,豐原,2020-07-14,67,6,2.0,nan,20,14,67.0,35.0
4,新店,2020-07-14,74,6,5.0,nan,18,17,74.0,33.0
29,沙鹿,2020-07-14,33,13,3.0,nan,12,14,33.0,23.0
30,大里,2020-07-14,67,9,3.0,nan,22,17,67.0,39.0
5,土城,2020-07-14,46,6,5.0,nan,28,26,37.0,46.0
80,關山,2020-07-14,19,3,nan,nan,5,3,19.0,12.0
31,忠明,2020-07-14,44,11,2.0,nan,17,17,44.0,30.0
78,馬公,2020-07-14,41,6,1.0,nan,14,6,41.0,14.0
77,金門,2020-07-14,65,16,3.0,nan,40,17,64.0,65.0
75,馬祖,2020-07-14,38,6,1.0,nan,19,36,28.0,38.0
72,埔里,2020-07-14,100,7,2.0,nan,23,12,100.0,49.0
71,復興,2020-07-14,23,6,6.0,nan,12,18,nan,23.0
70,永和,2020-07-14,34,7,10.0,nan,18,32,nan,34.0
69,竹山,2020-07-14,67,4,2.0,nan,20,10,67.0,32.0
68,中壢,2020-07-14,54,6,10.0,nan,26,34,nan,54.0
67,三重,2020-07-14,48,9,12.0,nan,27,38,nan,48.0
66,冬山,2020-07-14,27,4,2.0,nan,17,11,27.0,21.0
36,南投,2020-07-14,67,6,2.0,nan,22,11,67.0,40.0
65,宜蘭,2020-07-14,30,4,2.0,nan,18,8,30.0,21.0
37,斗六,2020-07-14,67,4,2.0,nan,20,9,67.0,25.0
64,陽明,2020-07-14,50,7,2.0,nan,14,6,50.0,38.0
63,花蓮,2020-07-14,22,3,1.0,nan,13,3,22.0,13.0
38,崙背,2020-07-14,35,3,1.0,nan,15,7,35.0,14.0
62,臺東,2020-07-14,21,1,2.0,nan,10,8,21.0,7.0
61,恆春,2020-07-14,25,1,1.0,nan,5,1,25.0,12.0
39,新港,2020-07-14,33,3,1.0,nan,14,10,33.0,19.0
60,潮州,2020-07-14,45,4,2.0,nan,20,8,45.0,38.0
59,屏東,2020-07-14,39,9,3.0,nan,21,16,39.0,27.0
58,小港,2020-07-14,24,6,2.0,nan,16,22,24.0,21.0
40,朴子,2020-07-14,25,4,2.0,nan,12,10,25.0,15.0
57,前鎮,2020-07-14,23,4,nan,nan,12,23,nan,17.0
56,前金,2020-07-14,31,7,3.0,nan,11,9,31.0,17.0
54,左營,2020-07-14,28,6,2.0,nan,10,10,28.0,12.0
35,二林,2020-07-14,37,7,1.0,nan,23,12,36.0,37.0
53,楠梓,2020-07-14,31,3,5.0,nan,18,25,31.0,23.0
6,板橋,2020-07-14,112,7,6.0,nan,27,27,112.0,49.0
41,臺西,2020-07-14,21,3,nan,nan,11,8,nan,21.0
52,林園,2020-07-14,36,9,2.0,nan,23,10,36.0,29.0
51,大寮,2020-07-14,38,11,2.0,nan,22,21,38.0,37.0
42,嘉義,2020-07-14,37,3,1.0,nan,18,8,37.0,18.0
50,鳳山,2020-07-14,27,7,5.0,nan,17,24,nan,27.0
49,仁武,2020-07-14,31,11,3.0,nan,14,20,31.0,23.0
48,橋頭,2020-07-14,31,3,3.0,nan,16,23,31.0,26.0
47,美濃,2020-07-14,33,3,2.0,nan,17,8,33.0,30.0
46,臺南,2020-07-14,29,3,2.0,nan,5,7,29.0,19.0
43,新營,2020-07-14,32,6,2.0,nan,13,9,32.0,20.0
45,安南,2020-07-14,31,6,2.0,nan,16,12,31.0,23.0
44,善化,2020-07-14,31,10,2.0,nan,11,13,31.0,29.0
83,麥寮,2020-07-14,17,3,nan,nan,11,8,nan,17.0
7,新莊,2020-07-14,140,10,6.0,nan,30,25,140.0,51.0
32,西屯,2020-07-14,47,11,2.0,nan,18,12,47.0,31.0
8,菜寮,2020-07-14,58,10,6.0,nan,25,22,58.0,51.0
9,林口,2020-07-14,84,7,2.0,nan,26,20,84.0,nan
1,基隆,2020-07-14,39,4,3.0,nan,17,17,39.0,24.0
70,永和,2020-07-15,42,6,11.0,nan,20,23,nan,42.0
72,埔里,2020-07-15,39,6,2.0,nan,15,8,39.0,31.0
12,中山,2020-07-15,49,7,7.0,nan,26,29,47.0,49.0
31,忠明,2020-07-15,36,4,2.0,nan,16,10,36.0,30.0
84,富貴角,2020-07-15,42,6,1.0,nan,19,11,42.0,32.0
19,觀音,2020-07-15,64,7,2.0,nan,20,7,64.0,37.0
71,復興,2020-07-15,24,3,6.0,nan,9,24,nan,21.0
78,馬公,2020-07-15,40,6,2.0,nan,20,8,40.0,19.0
45,安南,2020-07-15,27,4,3.0,nan,16,17,27.0,24.0
52,林園,2020-07-15,32,6,2.0,nan,17,15,32.0,23.0
33,彰化,2020-07-15,40,7,2.0,nan,19,8,40.0,29.0
1,基隆,2020-07-15,50,7,3.0,nan,25,16,45.0,50.0
37,斗六,2020-07-15,37,3,2.0,nan,19,10,37.0,23.0
49,仁武,2020-07-15,27,10,6.0,nan,14,26,23.0,27.0
80,關山,2020-07-15,26,1,nan,nan,5,5,26.0,15.0
6,板橋,2020-07-15,50,9,6.0,nan,24,30,50.0,44.0
18,大園,2020-07-15,84,7,2.0,nan,23,11,84.0,41.0
47,美濃,2020-07-15,28,3,2.0,nan,11,6,28.0,18.0
34,線西,2020-07-15,33,6,nan,nan,24,8,nan,33.0
67,三重,2020-07-15,29,10,12.0,nan,29,22,nan,nan
30,大里,2020-07-15,39,6,3.0,nan,18,13,39.0,31.0
36,南投,2020-07-15,42,4,2.0,nan,17,8,42.0,20.0
11,士林,2020-07-15,84,6,3.0,nan,35,20,84.0,56.0
60,潮州,2020-07-15,29,4,3.0,nan,15,12,29.0,26.0
24,新竹,2020-07-15,67,7,5.0,nan,20,13,67.0,42.0
46,臺南,2020-07-15,27,3,3.0,nan,10,18,27.0,23.0
25,頭份,2020-07-15,39,10,nan,nan,21,19,nan,39.0
15,松山,2020-07-15,49,7,5.0,nan,23,25,44.0,49.0
40,朴子,2020-07-15,25,6,2.0,nan,15,10,25.0,19.0
83,麥寮,2020-07-15,23,4,nan,nan,18,11,nan,23.0
23,竹東,2020-07-15,93,6,2.0,nan,21,7,93.0,nan
59,屏東,2020-07-15,30,3,5.0,nan,13,14,30.0,18.0
75,馬祖,2020-07-15,46,4,2.0,nan,21,27,34.0,46.0
22,湖口,2020-07-15,77,6,2.0,nan,19,15,77.0,43.0
61,恆春,2020-07-15,27,1,1.0,nan,5,2,27.0,11.0
39,新港,2020-07-15,32,4,2.0,nan,16,11,32.0,21.0
8,菜寮,2020-07-15,57,9,5.0,nan,27,22,42.0,57.0
7,新莊,2020-07-15,71,19,5.0,nan,28,24,71.0,54.0
14,古亭,2020-07-15,67,6,3.0,nan,21,18,67.0,40.0
77,金門,2020-07-15,80,9,2.0,nan,39,26,74.0,80.0
26,苗栗,2020-07-15,44,6,2.0,nan,18,8,44.0,34.0
62,臺東,2020-07-15,30,1,3.0,nan,12,8,30.0,13.0
41,臺西,2020-07-15,30,3,nan,nan,17,8,nan,30.0
68,中壢,2020-07-15,47,6,14.0,nan,25,32,nan,47.0
21,龍潭,2020-07-15,101,4,2.0,nan,21,11,101.0,47.0
69,竹山,2020-07-15,39,6,2.0,nan,15,10,39.0,24.0
63,花蓮,2020-07-15,27,3,1.0,nan,14,6,27.0,16.0
10,淡水,2020-07-15,61,6,2.0,nan,19,14,61.0,42.0
58,小港,2020-07-15,25,4,3.0,nan,12,25,19.0,19.0
48,橋頭,2020-07-15,30,3,2.0,nan,11,19,30.0,19.0
9,林口,2020-07-15,51,4,2.0,nan,23,16,51.0,nan
13,萬華,2020-07-15,50,6,6.0,nan,26,31,50.0,50.0
27,三義,2020-07-15,42,6,2.0,nan,16,8,42.0,30.0
20,平鎮,2020-07-15,71,4,2.0,nan,27,15,71.0,48.0
57,前鎮,2020-07-15,24,3,nan,nan,10,24,nan,14.0
35,二林,2020-07-15,37,7,2.0,nan,26,8,37.0,36.0
64,陽明,2020-07-15,50,3,2.0,nan,20,10,50.0,50.0
28,豐原,2020-07-15,45,3,2.0,nan,19,10,45.0,25.0
56,前金,2020-07-15,28,4,5.0,nan,10,23,28.0,20.0
42,嘉義,2020-07-15,31,3,2.0,nan,16,8,31.0,13.0
65,宜蘭,2020-07-15,31,4,2.0,nan,17,8,31.0,24.0
16,大同,2020-07-15,60,10,26.0,nan,33,49,nan,60.0
32,西屯,2020-07-15,42,4,2.0,nan,19,13,42.0,33.0
54,左營,2020-07-15,25,4,5.0,nan,9,25,25.0,16.0
29,沙鹿,2020-07-15,42,4,2.0,nan,17,10,42.0,23.0
50,鳳山,2020-07-15,26,3,7.0,nan,12,26,nan,22.0
53,楠梓,2020-07-15,27,4,3.0,nan,15,22,27.0,17.0
43,新營,2020-07-15,26,6,2.0,nan,13,11,26.0,24.0
17,桃園,2020-07-15,51,6,3.0,nan,26,18,44.0,51.0
38,崙背,2020-07-15,36,3,2.0,nan,22,8,36.0,17.0
5,土城,2020-07-15,100,6,3.0,nan,23,23,100.0,45.0
4,新店,2020-07-15,58,4,3.0,nan,19,17,58.0,39.0
51,大寮,2020-07-15,36,7,3.0,nan,19,25,23.0,36.0
3,萬里,2020-07-15,48,6,2.0,nan,16,7,48.0,41.0
44,善化,2020-07-15,28,6,2.0,nan,9,11,28.0,22.0
2,汐止,2020-07-15,49,4,6.0,nan,24,35,49.0,47.0
66,冬山,2020-07-15,31,4,2.0,nan,21,9,31.0,26.0
18,大園,2020-07-16,27,6,2.0,nan,17,13,27.0,21.0
19,觀音,2020-07-16,24,6,1.0,nan,16,11,24.0,12.0
20,平鎮,2020-07-16,23,6,2.0,nan,20,16,23.0,18.0
21,龍潭,2020-07-16,26,6,2.0,nan,14,10,26.0,19.0
22,湖口,2020-07-16,25,7,1.0,nan,14,22,25.0,19.0
23,竹東,2020-07-16,22,6,2.0,nan,12,8,22.0,nan
24,新竹,2020-07-16,23,4,3.0,nan,13,10,23.0,21.0
26,苗栗,2020-07-16,18,3,2.0,nan,9,9,18.0,17.0
27,三義,2020-07-16,19,4,1.0,nan,5,5,19.0,9.0
28,豐原,2020-07-16,20,3,2.0,nan,5,9,20.0,11.0
29,沙鹿,2020-07-16,22,3,2.0,nan,5,15,22.0,7.0
30,大里,2020-07-16,22,4,3.0,nan,11,13,17.0,22.0
31,忠明,2020-07-16,20,3,3.0,nan,5,14,19.0,20.0
32,西屯,2020-07-16,19,3,2.0,nan,11,16,19.0,19.0
33,彰化,2020-07-16,22,21,3.0,nan,12,13,22.0,19.0
34,線西,2020-07-16,19,4,nan,nan,17,14,nan,19.0
35,二林,2020-07-16,24,6,2.0,nan,16,14,24.0,21.0
36,南投,2020-07-16,19,3,3.0,nan,12,9,19.0,13.0
37,斗六,2020-07-16,19,3,2.0,nan,15,9,19.0,17.0
38,崙背,2020-07-16,26,4,2.0,nan,13,15,26.0,11.0
39,新港,2020-07-16,21,4,3.0,nan,11,16,21.0,15.0
40,朴子,2020-07-16,17,6,3.0,nan,13,14,17.0,15.0
41,臺西,2020-07-16,12,4,nan,nan,10,7,nan,12.0
42,嘉義,2020-07-16,18,3,2.0,nan,11,12,18.0,7.0
43,新營,2020-07-16,18,9,3.0,nan,9,11,17.0,18.0
44,善化,2020-07-16,25,7,2.0,nan,5,25,19.0,16.0
45,安南,2020-07-16,26,4,5.0,nan,14,19,22.0,26.0
46,臺南,2020-07-16,21,4,3.0,nan,11,14,21.0,20.0
47,美濃,2020-07-16,21,3,1.0,nan,14,6,21.0,15.0
48,橋頭,2020-07-16,25,4,3.0,nan,14,13,25.0,19.0
49,仁武,2020-07-16,27,6,3.0,nan,16,18,24.0,27.0
50,鳳山,2020-07-16,27,6,5.0,nan,17,21,nan,27.0
51,大寮,2020-07-16,41,6,3.0,nan,25,27,25.0,41.0
52,林園,2020-07-16,31,6,2.0,nan,26,25,25.0,31.0
53,楠梓,2020-07-16,26,4,3.0,nan,17,16,26.0,18.0
54,左營,2020-07-16,23,11,3.0,nan,12,16,23.0,17.0
56,前金,2020-07-16,21,9,5.0,nan,14,17,19.0,21.0
57,前鎮,2020-07-16,22,6,nan,nan,14,22,nan,21.0
58,小港,2020-07-16,25,7,3.0,nan,17,25,19.0,20.0
59,屏東,2020-07-16,30,3,5.0,nan,17,18,30.0,23.0
60,潮州,2020-07-16,31,6,1.0,nan,18,8,31.0,24.0
61,恆春,2020-07-16,22,1,1.0,nan,5,3,22.0,12.0
62,臺東,2020-07-16,26,3,3.0,nan,19,11,26.0,22.0
63,花蓮,2020-07-16,33,3,2.0,nan,18,13,33.0,26.0
64,陽明,2020-07-16,25,3,1.0,nan,5,4,25.0,16.0
65,宜蘭,2020-07-16,32,4,3.0,nan,19,12,32.0,27.0
66,冬山,2020-07-16,32,7,3.0,nan,28,16,24.0,32.0
67,三重,2020-07-16,22,7,16.0,nan,22,18,nan,nan
68,中壢,2020-07-16,23,4,12.0,nan,16,23,nan,20.0
69,竹山,2020-07-16,22,6,2.0,nan,12,10,19.0,22.0
70,永和,2020-07-16,26,4,8.0,nan,17,20,nan,26.0
71,復興,2020-07-16,31,11,6.0,nan,15,23,nan,31.0
72,埔里,2020-07-16,19,4,2.0,nan,13,8,19.0,18.0
75,馬祖,2020-07-16,59,4,2.0,nan,32,9,45.0,59.0
77,金門,2020-07-16,42,10,2.0,nan,26,22,35.0,42.0
78,馬公,2020-07-16,22,6,2.0,nan,13,22,19.0,9.0
80,關山,2020-07-16,29,3,nan,nan,13,6,29.0,16.0
83,麥寮,2020-07-16,16,7,nan,nan,12,11,nan,16.0
84,富貴角,2020-07-16,31,1,1.0,nan,18,8,31.0,22.0
2,汐止,2020-07-16,36,3,5.0,nan,24,22,28.0,36.0
3,萬里,2020-07-16,32,4,2.0,nan,12,14,32.0,28.0
1,基隆,2020-07-16,35,4,3.0,nan,24,16,33.0,35.0
4,新店,2020-07-16,27,3,2.0,nan,17,10,27.0,24.0
5,土城,2020-07-16,27,4,5.0,nan,22,19,27.0,27.0
25,頭份,2020-07-16,19,7,nan,nan,11,10,nan,19.0
6,板橋,2020-07-16,26,4,7.0,nan,19,24,26.0,19.0
7,新莊,2020-07-16,29,13,6.0,nan,24,23,29.0,27.0
8,菜寮,2020-07-16,30,4,6.0,nan,19,24,22.0,30.0
9,林口,2020-07-16,24,7,3.0,nan,16,23,24.0,nan
10,淡水,2020-07-16,27,4,6.0,nan,15,21,27.0,22.0
11,士林,2020-07-16,28,4,6.0,nan,20,26,28.0,23.0
12,中山,2020-07-16,23,4,8.0,nan,19,22,20.0,23.0
13,萬華,2020-07-16,26,4,5.0,nan,19,22,26.0,25.0
14,古亭,2020-07-16,28,3,3.0,nan,19,21,28.0,24.0
15,松山,2020-07-16,31,4,6.0,nan,21,15,23.0,31.0
16,大同,2020-07-16,37,6,28.0,nan,27,33,nan,37.0
17,桃園,2020-07-16,23,13,5.0,nan,14,20,20.0,23.0
66,冬山,2020-07-17,33,4,2.0,nan,24,12,31.0,33.0
44,善化,2020-07-17,20,7,2.0,nan,5,12,20.0,17.0
53,楠梓,2020-07-17,20,3,2.0,nan,15,16,20.0,15.0
54,左營,2020-07-17,21,9,3.0,nan,11,18,21.0,14.0
43,新營,2020-07-17,20,9,2.0,nan,11,7,20.0,11.0
56,前金,2020-07-17,19,7,3.0,nan,12,13,19.0,14.0
42,嘉義,2020-07-17,24,3,2.0,nan,11,8,24.0,3.0
41,臺西,2020-07-17,18,3,nan,nan,11,10,nan,18.0
57,前鎮,2020-07-17,17,17,nan,nan,11,14,nan,13.0
58,小港,2020-07-17,17,10,2.0,nan,12,13,17.0,15.0
40,朴子,2020-07-17,15,6,2.0,nan,11,15,15.0,13.0
59,屏東,2020-07-17,27,4,2.0,nan,15,12,27.0,11.0
60,潮州,2020-07-17,31,6,2.0,nan,15,10,31.0,12.0
61,恆春,2020-07-17,23,1,1.0,nan,5,1,23.0,8.0
62,臺東,2020-07-17,31,1,3.0,nan,14,7,31.0,15.0
39,新港,2020-07-17,24,4,2.0,nan,10,9,24.0,14.0
63,花蓮,2020-07-17,35,3,2.0,nan,18,8,35.0,22.0
64,陽明,2020-07-17,32,3,2.0,nan,11,12,32.0,17.0
38,崙背,2020-07-17,21,3,2.0,nan,11,12,21.0,6.0
65,宜蘭,2020-07-17,34,3,2.0,nan,19,6,34.0,24.0
37,斗六,2020-07-17,27,1,2.0,nan,13,9,27.0,9.0
67,三重,2020-07-17,42,7,15.0,nan,21,42,nan,nan
36,南投,2020-07-17,30,4,2.0,nan,11,9,30.0,8.0
68,中壢,2020-07-17,25,7,14.0,nan,16,25,nan,20.0
69,竹山,2020-07-17,31,4,1.0,nan,11,11,31.0,13.0
70,永和,2020-07-17,21,6,9.0,nan,15,17,nan,21.0
35,二林,2020-07-17,22,6,1.0,nan,14,11,22.0,13.0
71,復興,2020-07-17,19,16,6.0,nan,10,19,nan,19.0
72,埔里,2020-07-17,31,3,2.0,nan,15,10,31.0,17.0
75,馬祖,2020-07-17,30,3,1.0,nan,24,20,28.0,30.0
77,金門,2020-07-17,27,4,1.0,nan,18,11,27.0,18.0
78,馬公,2020-07-17,18,4,2.0,nan,10,7,18.0,12.0
80,關山,2020-07-17,29,3,nan,nan,10,4,29.0,22.0
83,麥寮,2020-07-17,14,3,nan,nan,12,14,nan,13.0
84,富貴角,2020-07-17,33,4,1.0,nan,15,8,33.0,16.0
34,線西,2020-07-17,14,6,nan,nan,14,9,nan,14.0
33,彰化,2020-07-17,28,6,2.0,nan,13,9,28.0,15.0
32,西屯,2020-07-17,31,6,2.0,nan,11,14,31.0,16.0
31,忠明,2020-07-17,28,3,3.0,nan,10,14,28.0,16.0
30,大里,2020-07-17,30,6,3.0,nan,13,12,30.0,18.0
29,沙鹿,2020-07-17,27,6,2.0,nan,5,9,27.0,3.0
28,豐原,2020-07-17,36,4,2.0,nan,11,13,36.0,13.0
27,三義,2020-07-17,31,6,1.0,nan,9,12,31.0,11.0
26,苗栗,2020-07-17,24,6,2.0,nan,10,13,24.0,13.0
25,頭份,2020-07-17,16,11,nan,nan,11,14,nan,16.0
24,新竹,2020-07-17,26,6,3.0,nan,16,15,26.0,18.0
23,竹東,2020-07-17,37,9,2.0,nan,13,8,37.0,nan
22,湖口,2020-07-17,30,7,2.0,nan,13,16,30.0,16.0
4,新店,2020-07-17,31,3,3.0,nan,12,12,31.0,19.0
21,龍潭,2020-07-17,39,4,2.0,nan,14,14,39.0,19.0
20,平鎮,2020-07-17,33,4,2.0,nan,24,14,33.0,22.0
19,觀音,2020-07-17,25,4,1.0,nan,12,12,25.0,11.0
18,大園,2020-07-17,31,4,2.0,nan,15,12,31.0,14.0
17,桃園,2020-07-17,30,7,2.0,nan,18,18,30.0,26.0
16,大同,2020-07-17,38,7,23.0,nan,22,38,nan,32.0
15,松山,2020-07-17,36,4,3.0,nan,17,21,36.0,27.0
3,萬里,2020-07-17,44,6,2.0,nan,13,13,44.0,24.0
14,古亭,2020-07-17,44,3,3.0,nan,17,17,44.0,20.0
13,萬華,2020-07-17,41,6,6.0,nan,17,26,41.0,21.0
12,中山,2020-07-17,34,7,7.0,nan,20,30,34.0,21.0
11,士林,2020-07-17,43,6,3.0,nan,20,18,43.0,24.0
10,淡水,2020-07-17,30,6,2.0,nan,17,17,30.0,22.0
9,林口,2020-07-17,35,9,3.0,nan,16,20,35.0,nan
1,基隆,2020-07-17,45,3,3.0,nan,18,17,45.0,23.0
8,菜寮,2020-07-17,33,6,7.0,nan,19,30,33.0,28.0
7,新莊,2020-07-17,44,17,6.0,nan,19,25,44.0,27.0
2,汐止,2020-07-17,44,9,5.0,nan,19,24,44.0,28.0
6,板橋,2020-07-17,40,4,6.0,nan,15,24,40.0,17.0
5,土城,2020-07-17,44,4,5.0,nan,18,18,44.0,26.0
49,仁武,2020-07-17,26,10,3.0,nan,16,26,20.0,25.0
48,橋頭,2020-07-17,19,3,2.0,nan,13,13,19.0,15.0
50,鳳山,2020-07-17,18,10,5.0,nan,12,18,nan,18.0
47,美濃,2020-07-17,27,4,2.0,nan,9,4,27.0,16.0
46,臺南,2020-07-17,19,4,3.0,nan,10,16,19.0,16.0
51,大寮,2020-07-17,24,11,2.0,nan,17,13,24.0,20.0
52,林園,2020-07-17,23,6,2.0,nan,17,11,23.0,16.0
45,安南,2020-07-17,21,6,3.0,nan,12,17,21.0,19.0
78,馬公,2020-07-18,13,4,2.0,nan,5,8,13.0,nan
62,臺東,2020-07-18,29,3,2.0,nan,18,8,29.0,13.0
21,龍潭,2020-07-18,38,4,2.0,nan,16,13,38.0,24.0
69,竹山,2020-07-18,35,6,1.0,nan,12,11,35.0,17.0
31,忠明,2020-07-18,30,4,2.0,nan,10,10,30.0,18.0
42,嘉義,2020-07-18,27,4,1.0,nan,9,9,27.0,7.0
20,平鎮,2020-07-18,31,4,2.0,nan,17,15,31.0,20.0
33,彰化,2020-07-18,30,10,1.0,nan,10,9,30.0,17.0
19,觀音,2020-07-18,21,4,1.0,nan,11,9,21.0,9.0
84,富貴角,2020-07-18,31,3,2.0,nan,14,12,31.0,18.0
70,永和,2020-07-18,19,7,7.0,nan,15,15,nan,19.0
34,線西,2020-07-18,15,4,nan,nan,12,11,nan,15.0
18,大園,2020-07-18,28,6,1.0,nan,14,12,28.0,16.0
35,二林,2020-07-18,23,6,1.0,nan,17,10,23.0,16.0
17,桃園,2020-07-18,30,16,3.0,nan,19,25,30.0,26.0
36,南投,2020-07-18,34,4,2.0,nan,13,10,34.0,16.0
16,大同,2020-07-18,34,4,16.0,nan,24,34,nan,33.0
15,松山,2020-07-18,36,6,3.0,nan,19,18,36.0,24.0
63,花蓮,2020-07-18,32,3,2.0,nan,18,9,32.0,24.0
71,復興,2020-07-18,18,6,6.0,nan,5,12,nan,18.0
72,埔里,2020-07-18,35,3,2.0,nan,15,11,35.0,23.0
64,陽明,2020-07-18,34,3,1.0,nan,12,6,34.0,17.0
37,斗六,2020-07-18,31,4,2.0,nan,12,9,31.0,13.0
14,古亭,2020-07-18,40,7,3.0,nan,17,15,40.0,26.0
43,新營,2020-07-18,24,4,2.0,nan,5,7,24.0,13.0
38,崙背,2020-07-18,22,4,1.0,nan,10,7,22.0,9.0
13,萬華,2020-07-18,39,4,5.0,nan,17,23,39.0,26.0
83,麥寮,2020-07-18,17,4,nan,nan,10,8,nan,17.0
12,中山,2020-07-18,34,4,5.0,nan,17,19,34.0,22.0
65,宜蘭,2020-07-18,34,4,2.0,nan,20,6,34.0,26.0
22,湖口,2020-07-18,23,7,1.0,nan,9,17,23.0,19.0
44,善化,2020-07-18,26,6,1.0,nan,5,9,26.0,15.0
66,冬山,2020-07-18,33,7,2.0,nan,23,10,33.0,32.0
24,新竹,2020-07-18,22,4,2.0,nan,14,13,21.0,22.0
11,士林,2020-07-18,42,6,3.0,nan,21,16,42.0,30.0
67,三重,2020-07-18,35,6,12.0,nan,21,35,nan,33.0
80,關山,2020-07-18,26,1,nan,nan,12,4,26.0,17.0
45,安南,2020-07-18,26,4,2.0,nan,13,12,26.0,14.0
32,西屯,2020-07-18,32,4,2.0,nan,11,12,32.0,17.0
68,中壢,2020-07-18,22,6,11.0,nan,17,22,nan,22.0
10,淡水,2020-07-18,30,4,3.0,nan,14,14,30.0,22.0
9,林口,2020-07-18,39,9,3.0,nan,16,25,39.0,26.0
8,菜寮,2020-07-18,32,4,5.0,nan,19,17,32.0,32.0
29,沙鹿,2020-07-18,22,3,2.0,nan,5,9,22.0,9.0
46,臺南,2020-07-18,23,4,2.0,nan,9,13,23.0,14.0
23,竹東,2020-07-18,38,17,2.0,nan,14,9,38.0,19.0
47,美濃,2020-07-18,32,4,1.0,nan,5,4,32.0,13.0
26,苗栗,2020-07-18,22,6,2.0,nan,10,9,22.0,17.0
7,新莊,2020-07-18,44,30,3.0,nan,19,15,44.0,29.0
75,馬祖,2020-07-18,26,3,1.0,nan,21,8,26.0,26.0
6,板橋,2020-07-18,39,9,3.0,nan,17,19,39.0,23.0
48,橋頭,2020-07-18,25,9,2.0,nan,10,9,25.0,12.0
49,仁武,2020-07-18,27,10,2.0,nan,11,9,27.0,20.0
50,鳳山,2020-07-18,13,6,3.0,nan,5,11,nan,13.0
51,大寮,2020-07-18,32,11,2.0,nan,14,13,32.0,23.0
52,林園,2020-07-18,27,9,2.0,nan,12,10,27.0,16.0
77,金門,2020-07-18,20,4,1.0,nan,16,9,20.0,17.0
5,土城,2020-07-18,45,6,5.0,nan,18,19,45.0,26.0
53,楠梓,2020-07-18,26,6,3.0,nan,13,11,26.0,12.0
54,左營,2020-07-18,27,6,3.0,nan,9,16,27.0,12.0
4,新店,2020-07-18,38,6,2.0,nan,13,10,38.0,23.0
56,前金,2020-07-18,25,9,2.0,nan,5,10,25.0,9.0
30,大里,2020-07-18,33,6,2.0,nan,14,9,33.0,23.0
3,萬里,2020-07-18,32,4,2.0,nan,15,8,32.0,24.0
2,汐止,2020-07-18,36,10,5.0,nan,18,17,36.0,25.0
57,前鎮,2020-07-18,11,4,nan,nan,5,11,nan,8.0
1,基隆,2020-07-18,31,4,3.0,nan,20,14,31.0,26.0
39,新港,2020-07-18,24,3,2.0,nan,9,9,24.0,13.0
58,小港,2020-07-18,22,9,3.0,nan,9,10,22.0,13.0
27,三義,2020-07-18,28,9,2.0,nan,11,12,28.0,16.0
40,朴子,2020-07-18,14,6,2.0,nan,12,8,14.0,11.0
25,頭份,2020-07-18,15,7,nan,nan,12,13,nan,15.0
59,屏東,2020-07-18,34,6,3.0,nan,14,13,34.0,12.0
28,豐原,2020-07-18,39,17,25.0,nan,14,10,39.0,21.0
60,潮州,2020-07-18,33,7,2.0,nan,14,8,33.0,19.0
61,恆春,2020-07-18,27,3,1.0,nan,5,3,27.0,15.0
41,臺西,2020-07-18,12,4,nan,nan,10,10,nan,12.0
15,松山,2020-07-19,48,6,7.0,nan,20,37,48.0,39.0
1,基隆,2020-07-19,40,6,2.0,nan,21,14,40.0,32.0
2,汐止,2020-07-19,51,6,3.0,nan,19,18,51.0,41.0
3,萬里,2020-07-19,44,10,2.0,nan,16,10,44.0,34.0
4,新店,2020-07-19,54,6,3.0,nan,19,16,54.0,36.0
5,土城,2020-07-19,58,6,5.0,nan,19,20,58.0,36.0
6,板橋,2020-07-19,44,7,7.0,nan,19,30,44.0,35.0
7,新莊,2020-07-19,48,40,6.0,nan,24,25,48.0,43.0
8,菜寮,2020-07-19,40,3,7.0,nan,22,32,38.0,40.0
9,林口,2020-07-19,44,6,3.0,nan,19,29,44.0,34.0
10,淡水,2020-07-19,36,3,5.0,nan,18,17,36.0,35.0
11,士林,2020-07-19,48,4,6.0,nan,23,23,48.0,39.0
12,中山,2020-07-19,47,4,8.0,nan,21,42,47.0,34.0
13,萬華,2020-07-19,49,6,8.0,nan,20,37,49.0,36.0
14,古亭,2020-07-19,61,6,6.0,nan,19,30,61.0,36.0
16,大同,2020-07-19,45,6,18.0,nan,24,44,nan,45.0
17,桃園,2020-07-19,39,4,3.0,nan,20,18,31.0,39.0
18,大園,2020-07-19,35,9,2.0,nan,19,13,35.0,32.0
19,觀音,2020-07-19,29,4,1.0,nan,13,9,29.0,21.0
20,平鎮,2020-07-19,38,4,2.0,nan,19,12,38.0,32.0
21,龍潭,2020-07-19,41,6,2.0,nan,19,12,41.0,31.0
22,湖口,2020-07-19,32,6,2.0,nan,11,21,32.0,29.0
23,竹東,2020-07-19,43,43,2.0,nan,17,7,37.0,31.0
24,新竹,2020-07-19,31,7,3.0,nan,17,13,29.0,31.0
25,頭份,2020-07-19,24,7,nan,nan,14,12,nan,24.0
26,苗栗,2020-07-19,27,4,2.0,nan,12,9,26.0,27.0
27,三義,2020-07-19,31,6,2.0,nan,11,8,31.0,19.0
28,豐原,2020-07-19,36,1,2.0,nan,11,8,36.0,20.0
29,沙鹿,2020-07-19,27,4,2.0,nan,5,12,27.0,15.0
30,大里,2020-07-19,33,6,2.0,nan,14,9,33.0,24.0
31,忠明,2020-07-19,31,4,2.0,nan,10,10,31.0,24.0
32,西屯,2020-07-19,33,3,2.0,nan,13,11,33.0,24.0
33,彰化,2020-07-19,30,9,2.0,nan,12,8,30.0,22.0
34,線西,2020-07-19,28,4,nan,nan,17,8,nan,28.0
35,二林,2020-07-19,31,7,2.0,nan,25,9,25.0,31.0
36,南投,2020-07-19,34,4,2.0,nan,14,9,34.0,16.0
37,斗六,2020-07-19,32,6,2.0,nan,14,9,32.0,17.0
38,崙背,2020-07-19,25,4,2.0,nan,14,9,25.0,11.0
39,新港,2020-07-19,26,4,3.0,nan,13,13,26.0,17.0
40,朴子,2020-07-19,18,4,2.0,nan,14,9,16.0,18.0
41,臺西,2020-07-19,21,3,nan,nan,13,8,nan,21.0
42,嘉義,2020-07-19,29,3,2.0,nan,12,10,29.0,12.0
43,新營,2020-07-19,27,4,2.0,nan,10,6,27.0,17.0
44,善化,2020-07-19,28,7,1.0,nan,5,6,28.0,20.0
45,安南,2020-07-19,26,4,2.0,nan,10,9,26.0,19.0
46,臺南,2020-07-19,24,6,2.0,nan,11,10,24.0,24.0
47,美濃,2020-07-19,31,3,1.0,nan,10,4,31.0,21.0
48,橋頭,2020-07-19,27,7,3.0,nan,10,19,27.0,22.0
49,仁武,2020-07-19,27,11,2.0,nan,14,14,27.0,27.0
50,鳳山,2020-07-19,22,9,3.0,nan,13,11,nan,22.0
51,大寮,2020-07-19,29,9,2.0,nan,12,8,29.0,22.0
52,林園,2020-07-19,25,4,1.0,nan,11,5,25.0,19.0
53,楠梓,2020-07-19,27,9,3.0,nan,14,23,27.0,23.0
54,左營,2020-07-19,23,9,5.0,nan,9,22,23.0,15.0
56,前金,2020-07-19,22,11,2.0,nan,5,15,22.0,12.0
57,前鎮,2020-07-19,21,21,nan,nan,5,12,nan,11.0
58,小港,2020-07-19,19,11,1.0,nan,9,10,19.0,17.0
59,屏東,2020-07-19,37,3,3.0,nan,16,13,37.0,22.0
60,潮州,2020-07-19,31,4,1.0,nan,14,5,31.0,21.0
61,恆春,2020-07-19,19,1,1.0,nan,5,2,19.0,9.0
62,臺東,2020-07-19,19,1,2.0,nan,13,7,19.0,9.0
63,花蓮,2020-07-19,24,4,1.0,nan,14,4,24.0,20.0
64,陽明,2020-07-19,37,4,1.0,nan,17,5,37.0,34.0
65,宜蘭,2020-07-19,34,4,2.0,nan,20,8,34.0,29.0
66,冬山,2020-07-19,31,3,2.0,nan,20,8,31.0,29.0
67,三重,2020-07-19,42,4,15.0,nan,24,42,nan,41.0
68,中壢,2020-07-19,35,4,9.0,nan,18,22,nan,35.0
69,竹山,2020-07-19,33,6,1.0,nan,12,10,33.0,23.0
70,永和,2020-07-19,36,6,10.0,nan,19,33,nan,36.0
71,復興,2020-07-19,21,21,2.0,nan,5,11,nan,17.0
72,埔里,2020-07-19,33,3,2.0,nan,14,8,33.0,19.0
75,馬祖,2020-07-19,27,4,1.0,nan,19,8,21.0,27.0
77,金門,2020-07-19,22,4,1.0,nan,14,13,22.0,18.0
78,馬公,2020-07-19,16,4,2.0,nan,10,8,16.0,nan
80,關山,2020-07-19,21,3,nan,nan,9,5,21.0,19.0
83,麥寮,2020-07-19,31,4,nan,nan,15,11,nan,31.0
84,富貴角,2020-07-19,38,3,2.0,nan,17,11,38.0,32.0
29,沙鹿,2020-07-20,31,13,2.0,nan,9,17,31.0,13.0
49,仁武,2020-07-20,30,10,3.0,nan,19,16,19.0,30.0
30,大里,2020-07-20,35,6,3.0,nan,13,10,35.0,16.0
31,忠明,2020-07-20,33,4,3.0,nan,10,10,33.0,19.0
32,西屯,2020-07-20,35,4,2.0,nan,11,15,35.0,17.0
33,彰化,2020-07-20,31,16,2.0,nan,9,8,31.0,19.0
50,鳳山,2020-07-20,20,6,3.0,nan,14,9,nan,20.0
34,線西,2020-07-20,20,6,nan,nan,16,9,nan,20.0
35,二林,2020-07-20,28,6,1.0,nan,19,8,28.0,18.0
51,大寮,2020-07-20,40,40,2.0,nan,17,17,19.0,22.0
36,南投,2020-07-20,38,3,3.0,nan,14,10,38.0,11.0
37,斗六,2020-07-20,37,3,2.0,nan,14,11,37.0,14.0
38,崙背,2020-07-20,27,7,2.0,nan,18,11,27.0,15.0
52,林園,2020-07-20,18,4,2.0,nan,17,12,18.0,16.0
1,基隆,2020-07-20,41,7,5.0,nan,20,24,41.0,33.0
39,新港,2020-07-20,27,4,2.0,nan,14,11,27.0,17.0
53,楠梓,2020-07-20,19,7,2.0,nan,17,15,19.0,16.0
2,汐止,2020-07-20,54,13,5.0,nan,20,25,54.0,41.0
3,萬里,2020-07-20,42,7,2.0,nan,15,8,42.0,35.0
4,新店,2020-07-20,32,3,3.0,nan,17,15,32.0,30.0
54,左營,2020-07-20,19,9,5.0,nan,16,19,15.0,19.0
5,土城,2020-07-20,50,3,6.0,nan,21,28,50.0,37.0
56,前金,2020-07-20,20,11,6.0,nan,13,20,16.0,15.0
57,前鎮,2020-07-20,16,7,nan,nan,12,16,nan,16.0
6,板橋,2020-07-20,45,4,8.0,nan,19,37,45.0,33.0
7,新莊,2020-07-20,46,9,8.0,nan,24,30,46.0,39.0
58,小港,2020-07-20,19,13,3.0,nan,19,12,11.0,19.0
8,菜寮,2020-07-20,37,4,7.0,nan,19,34,32.0,37.0
9,林口,2020-07-20,42,7,6.0,nan,20,36,42.0,40.0
59,屏東,2020-07-20,22,1,3.0,nan,14,10,22.0,12.0
40,朴子,2020-07-20,18,4,2.0,nan,18,12,14.0,16.0
10,淡水,2020-07-20,38,6,5.0,nan,22,22,31.0,38.0
60,潮州,2020-07-20,20,3,1.0,nan,13,7,20.0,15.0
11,士林,2020-07-20,48,4,6.0,nan,22,26,48.0,39.0
12,中山,2020-07-20,44,4,7.0,nan,20,33,44.0,29.0
41,臺西,2020-07-20,19,3,nan,nan,16,9,nan,19.0
61,恆春,2020-07-20,18,1,1.0,nan,5,2,18.0,9.0
62,臺東,2020-07-20,17,3,3.0,nan,10,8,17.0,3.0
13,萬華,2020-07-20,39,4,6.0,nan,19,31,39.0,34.0
63,花蓮,2020-07-20,18,10,2.0,nan,15,7,18.0,17.0
42,嘉義,2020-07-20,26,4,2.0,nan,13,9,26.0,8.0
14,古亭,2020-07-20,61,3,5.0,nan,18,24,61.0,31.0
15,松山,2020-07-20,49,6,7.0,nan,19,35,49.0,38.0
64,陽明,2020-07-20,40,3,2.0,nan,13,5,40.0,33.0
43,新營,2020-07-20,21,4,2.0,nan,10,8,21.0,15.0
65,宜蘭,2020-07-20,35,4,2.0,nan,19,6,35.0,22.0
66,冬山,2020-07-20,31,3,3.0,nan,20,11,31.0,29.0
16,大同,2020-07-20,51,7,20.0,nan,23,51,nan,39.0
44,善化,2020-07-20,21,7,1.0,nan,10,10,21.0,18.0
67,三重,2020-07-20,44,6,14.0,nan,23,36,nan,44.0
17,桃園,2020-07-20,43,16,7.0,nan,24,30,31.0,43.0
68,中壢,2020-07-20,32,6,15.0,nan,20,28,nan,32.0
18,大園,2020-07-20,35,9,5.0,nan,18,30,35.0,29.0
19,觀音,2020-07-20,27,14,3.0,nan,16,23,27.0,27.0
69,竹山,2020-07-20,34,4,1.0,nan,13,11,34.0,16.0
45,安南,2020-07-20,20,9,3.0,nan,18,16,19.0,20.0
70,永和,2020-07-20,29,6,11.0,nan,18,25,nan,29.0
46,臺南,2020-07-20,20,4,5.0,nan,9,20,19.0,18.0
20,平鎮,2020-07-20,38,6,3.0,nan,18,17,38.0,29.0
71,復興,2020-07-20,26,7,7.0,nan,13,18,nan,26.0
21,龍潭,2020-07-20,46,4,3.0,nan,17,14,46.0,31.0
47,美濃,2020-07-20,27,3,1.0,nan,11,3,27.0,13.0
72,埔里,2020-07-20,39,4,2.0,nan,13,8,39.0,17.0
22,湖口,2020-07-20,30,7,2.0,nan,12,17,30.0,29.0
23,竹東,2020-07-20,43,7,2.0,nan,16,6,43.0,27.0
75,馬祖,2020-07-20,23,6,1.0,nan,18,18,23.0,21.0
77,金門,2020-07-20,20,7,1.0,nan,12,16,20.0,14.0
24,新竹,2020-07-20,32,7,3.0,nan,14,16,28.0,32.0
25,頭份,2020-07-20,24,9,nan,nan,11,10,nan,24.0
78,馬公,2020-07-20,19,4,2.0,nan,5,6,19.0,nan
26,苗栗,2020-07-20,31,6,2.0,nan,12,10,31.0,24.0
80,關山,2020-07-20,19,3,nan,nan,10,5,19.0,11.0
27,三義,2020-07-20,37,4,2.0,nan,10,9,37.0,16.0
84,富貴角,2020-07-20,29,3,2.0,nan,12,7,26.0,29.0
83,麥寮,2020-07-20,19,3,nan,nan,12,10,nan,19.0
48,橋頭,2020-07-20,19,9,2.0,nan,15,11,19.0,18.0
28,豐原,2020-07-20,40,4,2.0,nan,13,9,40.0,18.0
31,忠明,2020-07-21,28,10,3.0,nan,11.0,13,28.0,21.0
30,大里,2020-07-21,32,9,5.0,nan,15.0,17,32.0,22.0
84,富貴角,2020-07-21,51,6,1.0,nan,13.0,6,51.0,28.0
83,麥寮,2020-07-21,15,4,nan,nan,13.0,10,nan,15.0
1,基隆,2020-07-21,36,9,5.0,nan,17.0,21,36.0,24.0
80,關山,2020-07-21,19,3,nan,nan,5.0,6,19.0,11.0
78,馬公,2020-07-21,19,4,1.0,nan,5.0,6,19.0,16.0
77,金門,2020-07-21,20,11,1.0,nan,10.0,13,20.0,12.0
75,馬祖,2020-07-21,18,4,1.0,nan,13.0,12,15.0,18.0
72,埔里,2020-07-21,38,4,2.0,nan,15.0,8,38.0,24.0
71,復興,2020-07-21,31,7,7.0,nan,18.0,22,nan,31.0
70,永和,2020-07-21,31,3,11.0,nan,18.0,28,nan,31.0
69,竹山,2020-07-21,39,3,1.0,nan,13.0,15,39.0,20.0
68,中壢,2020-07-21,29,4,15.0,nan,19.0,29,nan,26.0
67,三重,2020-07-21,46,6,14.0,nan,24.0,46,nan,39.0
66,冬山,2020-07-21,24,3,5.0,nan,18.0,12,24.0,24.0
2,汐止,2020-07-21,51,7,6.0,nan,19.0,22,51.0,37.0
65,宜蘭,2020-07-21,24,3,2.0,nan,14.0,8,24.0,16.0
3,萬里,2020-07-21,49,4,2.0,nan,13.0,17,49.0,35.0
64,陽明,2020-07-21,36,6,2.0,nan,9.0,8,36.0,23.0
63,花蓮,2020-07-21,23,3,1.0,nan,10.0,5,23.0,15.0
4,新店,2020-07-21,54,4,3.0,nan,19.0,21,54.0,30.0
62,臺東,2020-07-21,22,1,2.0,nan,5.0,5,22.0,3.0
5,土城,2020-07-21,32,3,6.0,nan,22.0,23,25.0,32.0
61,恆春,2020-07-21,20,1,1.0,nan,5.0,1,20.0,9.0
60,潮州,2020-07-21,46,4,2.0,nan,18.0,7,46.0,21.0
6,板橋,2020-07-21,40,4,7.0,nan,18.0,31,40.0,29.0
59,屏東,2020-07-21,77,6,3.0,nan,19.0,11,77.0,20.0
58,小港,2020-07-21,38,10,3.0,nan,18.0,28,38.0,23.0
7,新莊,2020-07-21,41,7,7.0,nan,22.0,31,41.0,31.0
57,前鎮,2020-07-21,21,7,nan,nan,16.0,20,nan,21.0
8,菜寮,2020-07-21,33,4,6.0,nan,19.0,32,33.0,33.0
56,前金,2020-07-21,87,11,5.0,nan,19.0,16,87.0,26.0
54,左營,2020-07-21,84,9,5.0,nan,18.0,17,84.0,26.0
53,楠梓,2020-07-21,93,6,3.0,nan,19.0,11,93.0,24.0
52,林園,2020-07-21,41,6,2.0,nan,19.0,10,41.0,19.0
51,大寮,2020-07-21,49,19,3.0,nan,20.0,14,49.0,31.0
9,林口,2020-07-21,37,6,5.0,nan,18.0,29,37.0,29.0
10,淡水,2020-07-21,32,4,5.0,nan,16.0,19,31.0,32.0
50,鳳山,2020-07-21,25,4,5.0,nan,19.0,12,nan,25.0
11,士林,2020-07-21,45,4,5.0,nan,19.0,21,45.0,32.0
12,中山,2020-07-21,34,4,8.0,nan,19.0,32,34.0,27.0
13,萬華,2020-07-21,38,4,6.0,nan,19.0,29,38.0,30.0
49,仁武,2020-07-21,14,6,2.0,nan,nan,14,6.0,nan
14,古亭,2020-07-21,47,3,5.0,nan,20.0,23,47.0,29.0
48,橋頭,2020-07-21,100,7,5.0,nan,22.0,10,100.0,33.0
15,松山,2020-07-21,44,3,6.0,nan,19.0,29,44.0,36.0
47,美濃,2020-07-21,37,3,2.0,nan,13.0,6,37.0,13.0
16,大同,2020-07-21,43,6,16.0,nan,23.0,43,nan,34.0
17,桃園,2020-07-21,41,17,6.0,nan,21.0,26,26.0,41.0
46,臺南,2020-07-21,49,4,3.0,nan,16.0,11,49.0,26.0
45,安南,2020-07-21,44,4,2.0,nan,19.0,12,44.0,25.0
18,大園,2020-07-21,28,7,3.0,nan,18.0,25,28.0,26.0
44,善化,2020-07-21,37,10,1.0,nan,10.0,12,37.0,23.0
43,新營,2020-07-21,35,1,2.0,nan,12.0,7,35.0,20.0
42,嘉義,2020-07-21,31,3,2.0,nan,13.0,5,31.0,8.0
19,觀音,2020-07-21,31,14,2.0,nan,15.0,18,31.0,25.0
41,臺西,2020-07-21,15,4,nan,nan,15.0,10,nan,14.0
20,平鎮,2020-07-21,28,4,3.0,nan,18.0,17,28.0,24.0
40,朴子,2020-07-21,12,4,2.0,nan,12.0,8,nan,11.0
21,龍潭,2020-07-21,35,4,3.0,nan,15.0,16,35.0,28.0
22,湖口,2020-07-21,28,4,2.0,nan,10.0,17,28.0,25.0
23,竹東,2020-07-21,32,16,1.0,nan,13.0,6,32.0,18.0
39,新港,2020-07-21,31,4,2.0,nan,16.0,14,31.0,21.0
38,崙背,2020-07-21,38,6,2.0,nan,17.0,10,38.0,13.0
37,斗六,2020-07-21,44,4,2.0,nan,16.0,9,44.0,19.0
24,新竹,2020-07-21,27,4,3.0,nan,15.0,16,27.0,27.0
36,南投,2020-07-21,31,4,5.0,nan,16.0,11,31.0,14.0
25,頭份,2020-07-21,19,4,nan,nan,9.0,13,nan,19.0
35,二林,2020-07-21,30,10,1.0,nan,17.0,8,30.0,16.0
26,苗栗,2020-07-21,23,6,2.0,nan,11.0,11,23.0,17.0
34,線西,2020-07-21,14,4,nan,nan,14.0,9,nan,12.0
27,三義,2020-07-21,28,6,1.0,nan,9.0,8,28.0,13.0
33,彰化,2020-07-21,31,3,2.0,nan,5.0,8,31.0,15.0
28,豐原,2020-07-21,36,7,3.0,nan,13.0,10,36.0,18.0
32,西屯,2020-07-21,29,13,2.0,nan,13.0,16,29.0,17.0
29,沙鹿,2020-07-21,27,23,3.0,nan,5.0,18,27.0,11.0
78,馬公,2020-07-22,30,4,2.0,nan,11,8,30.0,nan
80,關山,2020-07-22,19,3,nan,nan,5,4,19.0,12.0
1,基隆,2020-07-22,48,7,2.0,nan,16,16,48.0,24.0
2,汐止,2020-07-22,100,11,5.0,nan,20,25,100.0,37.0
3,萬里,2020-07-22,58,7,2.0,nan,11,13,58.0,27.0
4,新店,2020-07-22,71,7,3.0,nan,18,13,71.0,32.0
5,土城,2020-07-22,67,6,5.0,nan,23,25,67.0,39.0
6,板橋,2020-07-22,48,6,6.0,nan,20,25,48.0,34.0
7,新莊,2020-07-22,48,21,6.0,nan,24,24,48.0,40.0
8,菜寮,2020-07-22,40,9,5.0,nan,22,22,40.0,39.0
9,林口,2020-07-22,31,10,3.0,nan,16,22,31.0,22.0
10,淡水,2020-07-22,34,9,3.0,nan,12,18,34.0,26.0
11,士林,2020-07-22,49,6,5.0,nan,19,22,49.0,32.0
12,中山,2020-07-22,51,6,7.0,nan,21,30,51.0,33.0
13,萬華,2020-07-22,67,7,5.0,nan,21,25,67.0,35.0
14,古亭,2020-07-22,64,9,5.0,nan,19,23,64.0,35.0
15,松山,2020-07-22,87,7,5.0,nan,19,23,87.0,37.0
16,大同,2020-07-22,49,9,25.0,nan,26,49,nan,44.0
17,桃園,2020-07-22,34,9,3.0,nan,19,21,31.0,34.0
18,大園,2020-07-22,25,6,3.0,nan,16,18,25.0,19.0
19,觀音,2020-07-22,27,6,2.0,nan,12,19,27.0,18.0
20,平鎮,2020-07-22,31,7,3.0,nan,17,22,31.0,25.0
21,龍潭,2020-07-22,49,9,3.0,nan,19,21,49.0,31.0
22,湖口,2020-07-22,27,4,1.0,nan,11,12,27.0,18.0
23,竹東,2020-07-22,37,3,2.0,nan,13,11,37.0,18.0
24,新竹,2020-07-22,27,3,2.0,nan,11,12,27.0,20.0
25,頭份,2020-07-22,18,6,nan,nan,11,12,nan,18.0
26,苗栗,2020-07-22,21,3,2.0,nan,12,10,21.0,19.0
27,三義,2020-07-22,26,3,1.0,nan,5,10,26.0,10.0
28,豐原,2020-07-22,31,3,2.0,nan,14,13,31.0,19.0
29,沙鹿,2020-07-22,28,6,1.0,nan,5,13,28.0,13.0
30,大里,2020-07-22,37,6,5.0,nan,19,16,37.0,32.0
31,忠明,2020-07-22,30,6,3.0,nan,12,14,30.0,25.0
32,西屯,2020-07-22,31,7,2.0,nan,16,16,31.0,17.0
33,彰化,2020-07-22,27,9,3.0,nan,15,12,27.0,22.0
34,線西,2020-07-22,17,4,nan,nan,16,11,nan,17.0
35,二林,2020-07-22,48,10,2.0,nan,29,14,27.0,48.0
36,南投,2020-07-22,51,9,3.0,nan,20,12,51.0,24.0
37,斗六,2020-07-22,40,4,3.0,nan,24,16,40.0,29.0
38,崙背,2020-07-22,32,4,2.0,nan,23,8,32.0,24.0
39,新港,2020-07-22,40,4,3.0,nan,21,15,40.0,31.0
40,朴子,2020-07-22,27,4,2.0,nan,19,9,20.0,27.0
41,臺西,2020-07-22,20,10,nan,nan,16,9,nan,20.0
42,嘉義,2020-07-22,42,6,3.0,nan,19,15,42.0,21.0
43,新營,2020-07-22,41,4,2.0,nan,17,11,41.0,30.0
44,善化,2020-07-22,46,7,2.0,nan,12,11,46.0,24.0
45,安南,2020-07-22,43,4,5.0,nan,22,25,43.0,35.0
46,臺南,2020-07-22,42,4,5.0,nan,18,22,42.0,30.0
47,美濃,2020-07-22,37,1,2.0,nan,17,6,37.0,21.0
48,橋頭,2020-07-22,48,4,3.0,nan,19,16,48.0,35.0
49,仁武,2020-07-22,49,10,3.0,nan,21,18,49.0,35.0
50,鳳山,2020-07-22,35,4,5.0,nan,19,14,nan,35.0
51,大寮,2020-07-22,77,13,3.0,nan,23,17,77.0,52.0
52,林園,2020-07-22,77,7,2.0,nan,25,9,77.0,40.0
53,楠梓,2020-07-22,49,4,3.0,nan,20,16,49.0,27.0
54,左營,2020-07-22,48,7,3.0,nan,17,22,48.0,30.0
56,前金,2020-07-22,49,9,5.0,nan,19,25,49.0,28.0
57,前鎮,2020-07-22,30,7,nan,nan,19,24,nan,30.0
58,小港,2020-07-22,46,9,3.0,nan,20,21,46.0,29.0
59,屏東,2020-07-22,54,4,5.0,nan,21,16,54.0,33.0
60,潮州,2020-07-22,51,6,2.0,nan,22,6,51.0,42.0
61,恆春,2020-07-22,20,1,1.0,nan,5,1,20.0,10.0
62,臺東,2020-07-22,20,3,2.0,nan,5,6,20.0,3.0
63,花蓮,2020-07-22,21,3,2.0,nan,10,8,21.0,12.0
64,陽明,2020-07-22,32,7,1.0,nan,5,8,32.0,19.0
65,宜蘭,2020-07-22,30,4,2.0,nan,12,6,30.0,15.0
66,冬山,2020-07-22,31,6,2.0,nan,13,14,31.0,20.0
67,三重,2020-07-22,56,10,16.0,nan,25,56,nan,47.0
68,中壢,2020-07-22,33,6,10.0,nan,19,33,nan,28.0
69,竹山,2020-07-22,48,6,3.0,nan,19,15,48.0,33.0
70,永和,2020-07-22,35,6,12.0,nan,19,34,nan,35.0
71,復興,2020-07-22,36,7,7.0,nan,18,25,nan,36.0
84,富貴角,2020-07-22,46,4,2.0,nan,13,13,46.0,26.0
72,埔里,2020-07-22,40,4,3.0,nan,16,13,40.0,25.0
83,麥寮,2020-07-22,22,7,nan,nan,16,10,nan,22.0
75,馬祖,2020-07-22,21,3,1.0,nan,14,13,20.0,21.0
77,金門,2020-07-22,18,13,1.0,nan,15,16,18.0,15.0
72,埔里,2020-07-23,45,4,2.0,nan,15,8,45.0,24.0
17,桃園,2020-07-23,40,10,5.0,nan,21,19,33.0,40.0
39,新港,2020-07-23,32,6,3.0,nan,22,14,31.0,32.0
77,金門,2020-07-23,17,11,1.0,nan,14,15,17.0,10.0
38,崙背,2020-07-23,36,6,3.0,nan,25,13,36.0,27.0
52,林園,2020-07-23,61,13,3.0,nan,21,10,61.0,35.0
59,屏東,2020-07-23,48,6,6.0,nan,23,22,48.0,38.0
18,大園,2020-07-23,38,6,3.0,nan,20,22,38.0,30.0
67,三重,2020-07-23,45,11,15.0,nan,24,42,nan,45.0
37,斗六,2020-07-23,49,3,2.0,nan,24,9,49.0,30.0
19,觀音,2020-07-23,32,4,2.0,nan,16,21,32.0,28.0
20,平鎮,2020-07-23,39,7,3.0,nan,23,19,39.0,32.0
36,南投,2020-07-23,47,4,2.0,nan,19,11,47.0,24.0
53,楠梓,2020-07-23,61,7,5.0,nan,27,25,61.0,41.0
21,龍潭,2020-07-23,50,7,3.0,nan,19,11,50.0,33.0
22,湖口,2020-07-23,35,7,2.0,nan,12,12,35.0,30.0
23,竹東,2020-07-23,46,4,2.0,nan,17,7,46.0,25.0
84,富貴角,2020-07-23,43,3,2.0,nan,15,12,43.0,30.0
35,二林,2020-07-23,36,7,2.0,nan,27,18,29.0,36.0
24,新竹,2020-07-23,34,7,3.0,nan,18,17,34.0,30.0
25,頭份,2020-07-23,30,9,nan,nan,17,16,nan,30.0
75,馬祖,2020-07-23,30,6,2.0,nan,26,16,30.0,30.0
48,橋頭,2020-07-23,64,6,2.0,nan,24,19,64.0,37.0
78,馬公,2020-07-23,20,4,2.0,nan,11,6,20.0,nan
58,小港,2020-07-23,42,6,3.0,nan,22,21,42.0,36.0
54,左營,2020-07-23,71,9,3.0,nan,24,22,71.0,41.0
26,苗栗,2020-07-23,32,6,3.0,nan,19,9,31.0,32.0
70,永和,2020-07-23,32,11,14.0,nan,18,26,nan,32.0
68,中壢,2020-07-23,38,7,12.0,nan,20,36,nan,38.0
34,線西,2020-07-23,34,7,nan,nan,24,10,nan,34.0
27,三義,2020-07-23,33,7,2.0,nan,17,9,33.0,29.0
62,臺東,2020-07-23,18,6,2.0,nan,5,8,18.0,3.0
28,豐原,2020-07-23,44,6,3.0,nan,19,10,44.0,37.0
44,善化,2020-07-23,44,7,2.0,nan,14,9,44.0,26.0
57,前鎮,2020-07-23,40,9,nan,nan,22,21,nan,40.0
33,彰化,2020-07-23,36,10,3.0,nan,17,11,36.0,30.0
83,麥寮,2020-07-23,30,6,nan,nan,22,13,nan,30.0
46,臺南,2020-07-23,64,4,3.0,nan,20,16,64.0,39.0
69,竹山,2020-07-23,45,4,2.0,nan,19,16,45.0,31.0
32,西屯,2020-07-23,37,10,2.0,nan,19,15,37.0,31.0
80,關山,2020-07-23,18,3,nan,nan,5,4,18.0,13.0
49,仁武,2020-07-23,54,16,5.0,nan,28,23,54.0,52.0
31,忠明,2020-07-23,36,11,3.0,nan,16,14,36.0,29.0
30,大里,2020-07-23,42,7,3.0,nan,18,14,42.0,30.0
1,基隆,2020-07-23,93,10,5.0,nan,22,30,93.0,40.0
2,汐止,2020-07-23,112,9,6.0,nan,24,33,112.0,48.0
3,萬里,2020-07-23,104,9,2.0,nan,16,10,104.0,44.0
71,復興,2020-07-23,43,11,6.0,nan,20,25,nan,43.0
56,前金,2020-07-23,67,10,3.0,nan,20,27,67.0,34.0
4,新店,2020-07-23,90,7,3.0,nan,19,15,90.0,34.0
5,土城,2020-07-23,74,7,5.0,nan,25,25,74.0,41.0
47,美濃,2020-07-23,40,3,2.0,nan,17,6,40.0,29.0
29,沙鹿,2020-07-23,24,9,3.0,nan,15,14,24.0,23.0
6,板橋,2020-07-23,51,9,8.0,nan,23,37,51.0,38.0
43,新營,2020-07-23,31,4,2.0,nan,18,8,31.0,27.0
7,新莊,2020-07-23,50,21,8.0,nan,25,32,50.0,40.0
63,花蓮,2020-07-23,19,1,1.0,nan,11,7,19.0,12.0
8,菜寮,2020-07-23,44,10,8.0,nan,24,42,35.0,44.0
65,宜蘭,2020-07-23,31,4,2.0,nan,13,8,31.0,20.0
61,恆春,2020-07-23,18,1,1.0,nan,5,1,18.0,7.0
9,林口,2020-07-23,46,9,5.0,nan,20,34,46.0,37.0
42,嘉義,2020-07-23,34,3,2.0,nan,19,8,34.0,20.0
50,鳳山,2020-07-23,47,6,6.0,nan,23,19,nan,47.0
10,淡水,2020-07-23,39,9,6.0,nan,16,29,39.0,30.0
41,臺西,2020-07-23,32,4,nan,nan,20,12,nan,32.0
11,士林,2020-07-23,42,7,5.0,nan,23,28,42.0,36.0
66,冬山,2020-07-23,36,4,2.0,nan,16,8,36.0,21.0
12,中山,2020-07-23,42,10,7.0,nan,22,34,42.0,31.0
13,萬華,2020-07-23,43,11,7.0,nan,22,37,43.0,35.0
60,潮州,2020-07-23,58,7,2.0,nan,21,10,58.0,37.0
14,古亭,2020-07-23,47,7,6.0,nan,20,25,47.0,34.0
40,朴子,2020-07-23,27,4,2.0,nan,20,12,27.0,24.0
15,松山,2020-07-23,77,9,8.0,nan,21,40,77.0,44.0
51,大寮,2020-07-23,50,9,3.0,nan,24,20,45.0,50.0
45,安南,2020-07-23,54,4,3.0,nan,25,15,54.0,39.0
16,大同,2020-07-23,43,10,30.0,nan,27,43,nan,42.0
64,陽明,2020-07-23,38,7,2.0,nan,14,8,38.0,33.0
62,臺東,2020-07-24,14,4,3.0,nan,5,5,14.0,7
48,橋頭,2020-07-24,28,13,3.0,nan,15,12,28.0,26
31,忠明,2020-07-24,30,3,2.0,nan,12,15,30.0,23
47,美濃,2020-07-24,42,3,2.0,nan,18,5,42.0,21
46,臺南,2020-07-24,24,6,2.0,nan,12,18,24.0,17
45,安南,2020-07-24,24,4,3.0,nan,18,14,23.0,24
28,豐原,2020-07-24,41,3,3.0,nan,13,17,41.0,19
44,善化,2020-07-24,28,6,2.0,nan,10,8,28.0,17
43,新營,2020-07-24,22,6,3.0,nan,12,8,22.0,17
29,沙鹿,2020-07-24,21,3,2.0,nan,5,12,21.0,12
42,嘉義,2020-07-24,31,4,2.0,nan,15,9,31.0,10
41,臺西,2020-07-24,16,7,nan,nan,12,11,nan,16
40,朴子,2020-07-24,20,4,2.0,nan,12,8,20.0,12
1,基隆,2020-07-24,42,6,3.0,nan,21,21,42.0,29
2,汐止,2020-07-24,71,6,5.0,nan,20,25,71.0,33
3,萬里,2020-07-24,45,4,2.0,nan,12,8,45.0,29
39,新港,2020-07-24,22,19,2.0,nan,19,13,22.0,20
4,新店,2020-07-24,74,7,5.0,nan,18,24,74.0,29
38,崙背,2020-07-24,19,4,2.0,nan,16,10,19.0,9
5,土城,2020-07-24,77,6,5.0,nan,23,33,77.0,31
6,板橋,2020-07-24,50,6,6.0,nan,19,30,50.0,32
7,新莊,2020-07-24,50,7,5.0,nan,25,34,50.0,35
8,菜寮,2020-07-24,37,13,6.0,nan,22,30,35.0,37
9,林口,2020-07-24,40,10,2.0,nan,19,22,40.0,31
37,斗六,2020-07-24,33,4,2.0,nan,16,9,33.0,14
36,南投,2020-07-24,36,6,3.0,nan,19,15,36.0,19
10,淡水,2020-07-24,25,4,3.0,nan,15,18,24.0,25
11,士林,2020-07-24,40,6,3.0,nan,23,22,40.0,35
35,二林,2020-07-24,25,7,1.0,nan,19,8,25.0,15
12,中山,2020-07-24,39,10,8.0,nan,24,39,36.0,30
13,萬華,2020-07-24,46,10,7.0,nan,21,43,46.0,31
14,古亭,2020-07-24,44,6,6.0,nan,19,32,44.0,32
15,松山,2020-07-24,49,7,5.0,nan,21,30,49.0,38
34,線西,2020-07-24,17,4,nan,nan,15,9,nan,17
16,大同,2020-07-24,42,10,20.0,nan,28,42,nan,37
17,桃園,2020-07-24,33,10,3.0,nan,19,24,32.0,33
33,彰化,2020-07-24,26,10,2.0,nan,13,9,26.0,19
18,大園,2020-07-24,28,3,2.0,nan,17,14,28.0,18
19,觀音,2020-07-24,19,7,2.0,nan,11,15,19.0,14
32,西屯,2020-07-24,33,4,2.0,nan,15,12,33.0,18
20,平鎮,2020-07-24,34,9,3.0,nan,24,21,34.0,28
21,龍潭,2020-07-24,47,6,3.0,nan,18,16,47.0,28
22,湖口,2020-07-24,27,6,2.0,nan,15,14,27.0,19
23,竹東,2020-07-24,42,4,2.0,nan,16,11,42.0,23
24,新竹,2020-07-24,25,7,3.0,nan,14,17,22.0,25
25,頭份,2020-07-24,23,17,nan,nan,17,20,nan,23
30,大里,2020-07-24,34,6,3.0,nan,18,14,34.0,21
26,苗栗,2020-07-24,25,6,3.0,nan,16,17,25.0,23
27,三義,2020-07-24,28,9,3.0,nan,15,15,28.0,22
66,冬山,2020-07-24,39,3,2.0,nan,19,10,39.0,25
65,宜蘭,2020-07-24,31,4,2.0,nan,14,10,31.0,20
67,三重,2020-07-24,44,10,14.0,nan,26,43,nan,44
64,陽明,2020-07-24,37,6,2.0,nan,14,13,37.0,25
68,中壢,2020-07-24,30,7,16.0,nan,25,30,nan,29
63,花蓮,2020-07-24,16,1,1.0,nan,10,5,16.0,10
69,竹山,2020-07-24,38,7,2.0,nan,16,17,38.0,16
70,永和,2020-07-24,33,7,11.0,nan,19,33,nan,31
71,復興,2020-07-24,23,6,5.0,nan,12,16,nan,23
72,埔里,2020-07-24,45,4,2.0,nan,17,12,45.0,27
61,恆春,2020-07-24,19,1,1.0,nan,5,2,19.0,9
75,馬祖,2020-07-24,28,6,1.0,nan,25,16,28.0,28
60,潮州,2020-07-24,37,6,2.0,nan,18,8,37.0,26
59,屏東,2020-07-24,46,3,5.0,nan,20,17,46.0,22
58,小港,2020-07-24,21,7,2.0,nan,16,14,21.0,19
77,金門,2020-07-24,36,11,1.0,nan,16,20,36.0,22
57,前鎮,2020-07-24,23,4,nan,nan,16,13,nan,23
78,馬公,2020-07-24,14,4,2.0,nan,5,7,14.0,8
56,前金,2020-07-24,24,10,5.0,nan,12,14,24.0,17
80,關山,2020-07-24,15,1,nan,nan,5,3,15.0,10
54,左營,2020-07-24,25,9,5.0,nan,12,16,25.0,21
53,楠梓,2020-07-24,26,7,3.0,nan,19,16,26.0,23
83,麥寮,2020-07-24,17,6,nan,nan,15,10,nan,17
84,富貴角,2020-07-24,31,4,2.0,nan,13,8,31.0,22
52,林園,2020-07-24,25,3,2.0,nan,16,10,25.0,19
51,大寮,2020-07-24,28,13,3.0,nan,19,11,28.0,28
50,鳳山,2020-07-24,21,6,3.0,nan,14,15,nan,21
49,仁武,2020-07-24,33,11,3.0,nan,21,16,29.0,33
30,大里,2020-07-25,30,4,3.0,nan,14,12,30.0,20
20,平鎮,2020-07-25,26,7,3.0,nan,18,20,26.0,24
29,沙鹿,2020-07-25,25,3,2.0,nan,9,17,25.0,18
43,新營,2020-07-25,22,4,2.0,nan,10,9,22.0,14
54,左營,2020-07-25,24,11,2.0,nan,5,15,24.0,10
42,嘉義,2020-07-25,25,4,2.0,nan,14,10,25.0,13
44,善化,2020-07-25,20,9,1.0,nan,5,11,20.0,18
65,宜蘭,2020-07-25,28,4,2.0,nan,17,8,28.0,22
28,豐原,2020-07-25,33,14,23.0,nan,15,8,33.0,24
41,臺西,2020-07-25,11,4,nan,nan,9,9,nan,11
45,安南,2020-07-25,21,3,2.0,nan,13,15,21.0,17
27,三義,2020-07-25,26,6,2.0,nan,10,9,26.0,16
63,花蓮,2020-07-25,20,3,2.0,nan,13,10,20.0,16
40,朴子,2020-07-25,21,3,2.0,nan,11,9,21.0,8
39,新港,2020-07-25,22,3,1.0,nan,10,5,22.0,13
56,前金,2020-07-25,25,17,3.0,nan,5,24,25.0,9
38,崙背,2020-07-25,20,4,1.0,nan,12,9,20.0,11
26,苗栗,2020-07-25,23,4,2.0,nan,13,15,20.0,23
46,臺南,2020-07-25,19,4,2.0,nan,5,13,19.0,12
25,頭份,2020-07-25,24,10,nan,nan,14,21,nan,24
18,大園,2020-07-25,30,6,2.0,nan,13,14,30.0,17
47,美濃,2020-07-25,31,3,2.0,nan,13,4,31.0,18
57,前鎮,2020-07-25,23,11,nan,nan,13,23,nan,15
37,斗六,2020-07-25,30,4,3.0,nan,19,12,30.0,18
64,陽明,2020-07-25,26,4,1.0,nan,9,8,26.0,26
36,南投,2020-07-25,31,3,2.0,nan,16,8,31.0,14
24,新竹,2020-07-25,26,6,3.0,nan,14,15,26.0,24
23,竹東,2020-07-25,31,4,2.0,nan,19,8,31.0,31
58,小港,2020-07-25,22,10,3.0,nan,14,22,20.0,16
48,橋頭,2020-07-25,23,6,2.0,nan,5,12,23.0,13
35,二林,2020-07-25,24,7,2.0,nan,19,10,24.0,23
59,屏東,2020-07-25,30,6,5.0,nan,17,19,30.0,17
49,仁武,2020-07-25,22,17,3.0,nan,13,13,22.0,21
1,基隆,2020-07-25,31,6,3.0,nan,19,13,31.0,24
2,汐止,2020-07-25,34,4,5.0,nan,19,23,31.0,34
84,富貴角,2020-07-25,43,1,1.0,nan,14,7,43.0,20
3,萬里,2020-07-25,33,6,2.0,nan,11,10,33.0,27
83,麥寮,2020-07-25,11,3,nan,nan,11,10,nan,9
4,新店,2020-07-25,33,4,3.0,nan,15,12,33.0,21
34,線西,2020-07-25,20,4,nan,nan,17,12,nan,20
80,關山,2020-07-25,20,3,nan,nan,5,5,20.0,14
50,鳳山,2020-07-25,20,20,5.0,nan,12,16,nan,18
78,馬公,2020-07-25,28,6,2.0,nan,5,8,28.0,11
5,土城,2020-07-25,34,6,3.0,nan,20,19,34.0,27
22,湖口,2020-07-25,27,6,2.0,nan,12,14,27.0,20
60,潮州,2020-07-25,29,6,2.0,nan,17,5,29.0,20
6,板橋,2020-07-25,30,7,7.0,nan,18,25,30.0,27
7,新莊,2020-07-25,31,27,5.0,nan,19,24,31.0,27
51,大寮,2020-07-25,24,6,2.0,nan,12,11,24.0,19
77,金門,2020-07-25,31,6,1.0,nan,19,16,31.0,22
8,菜寮,2020-07-25,28,7,6.0,nan,19,25,23.0,28
75,馬祖,2020-07-25,39,6,2.0,nan,22,32,38.0,39
9,林口,2020-07-25,29,6,5.0,nan,17,27,29.0,26
72,埔里,2020-07-25,33,3,2.0,nan,18,10,33.0,28
19,觀音,2020-07-25,29,4,2.0,nan,9,14,29.0,14
10,淡水,2020-07-25,27,3,5.0,nan,11,24,27.0,20
11,士林,2020-07-25,29,4,5.0,nan,17,25,29.0,23
33,彰化,2020-07-25,26,7,3.0,nan,11,11,26.0,17
71,復興,2020-07-25,24,17,5.0,nan,10,24,nan,18
32,西屯,2020-07-25,31,4,2.0,nan,13,14,31.0,20
70,永和,2020-07-25,24,6,10.0,nan,15,18,nan,24
52,林園,2020-07-25,26,6,2.0,nan,18,9,26.0,23
12,中山,2020-07-25,26,7,6.0,nan,18,26,25.0,22
61,恆春,2020-07-25,22,1,1.0,nan,5,1,22.0,10
69,竹山,2020-07-25,31,4,2.0,nan,17,15,31.0,25
31,忠明,2020-07-25,28,4,2.0,nan,11,12,28.0,19
13,萬華,2020-07-25,29,7,5.0,nan,18,23,29.0,25
68,中壢,2020-07-25,29,6,11.0,nan,21,25,nan,29
14,古亭,2020-07-25,32,3,5.0,nan,18,18,32.0,29
62,臺東,2020-07-25,19,3,2.0,nan,10,6,19.0,12
67,三重,2020-07-25,34,9,14.0,nan,19,34,nan,33
15,松山,2020-07-25,31,6,6.0,nan,17,27,27.0,31
21,龍潭,2020-07-25,32,6,3.0,nan,17,18,32.0,28
16,大同,2020-07-25,36,6,19.0,nan,22,36,nan,33
53,楠梓,2020-07-25,21,11,2.0,nan,13,14,21.0,13
17,桃園,2020-07-25,32,10,3.0,nan,19,19,21.0,32
66,冬山,2020-07-25,26,3,3.0,nan,19,14,23.0,26
62,臺東,2020-07-26,20,3,2.0,nan,9,5,20.0,7
1,基隆,2020-07-26,54,4,5.0,nan,23,17,54.0,35
2,汐止,2020-07-26,46,6,5.0,nan,20,16,46.0,33
3,萬里,2020-07-26,51,9,2.0,nan,15,9,51.0,32
4,新店,2020-07-26,42,3,3.0,nan,16,13,42.0,22
5,土城,2020-07-26,44,4,5.0,nan,21,17,44.0,29
6,板橋,2020-07-26,39,6,8.0,nan,16,27,39.0,23
7,新莊,2020-07-26,41,4,6.0,nan,21,23,41.0,27
8,菜寮,2020-07-26,31,4,7.0,nan,19,31,31.0,30
9,林口,2020-07-26,37,7,5.0,nan,15,23,37.0,28
10,淡水,2020-07-26,30,3,5.0,nan,11,28,30.0,23
11,士林,2020-07-26,37,3,3.0,nan,18,21,37.0,24
12,中山,2020-07-26,37,4,7.0,nan,19,37,33.0,24
13,萬華,2020-07-26,38,3,6.0,nan,19,33,38.0,27
14,古亭,2020-07-26,42,3,5.0,nan,18,21,42.0,23
15,松山,2020-07-26,38,6,7.0,nan,18,26,38.0,35
16,大同,2020-07-26,41,4,16.0,nan,22,41,nan,38
17,桃園,2020-07-26,33,14,5.0,nan,19,24,28.0,33
18,大園,2020-07-26,31,6,3.0,nan,16,19,31.0,26
19,觀音,2020-07-26,25,6,2.0,nan,13,16,25.0,18
20,平鎮,2020-07-26,33,4,3.0,nan,18,11,33.0,22
21,龍潭,2020-07-26,40,4,3.0,nan,17,10,40.0,26
22,湖口,2020-07-26,25,4,2.0,nan,10,13,25.0,23
23,竹東,2020-07-26,35,6,2.0,nan,17,5,35.0,22
24,新竹,2020-07-26,25,4,3.0,nan,12,17,24.0,25
25,頭份,2020-07-26,19,7,nan,nan,11,12,nan,19
26,苗栗,2020-07-26,26,4,2.0,nan,12,10,26.0,21
27,三義,2020-07-26,29,9,3.0,nan,10,12,29.0,16
28,豐原,2020-07-26,37,4,2.0,nan,11,8,37.0,16
29,沙鹿,2020-07-26,29,3,1.0,nan,9,10,29.0,14
30,大里,2020-07-26,34,6,2.0,nan,13,9,34.0,21
31,忠明,2020-07-26,31,4,2.0,nan,10,9,31.0,18
32,西屯,2020-07-26,32,4,2.0,nan,11,11,32.0,12
33,彰化,2020-07-26,29,9,2.0,nan,9,7,29.0,16
34,線西,2020-07-26,17,4,nan,nan,15,10,nan,17
35,二林,2020-07-26,24,9,2.0,nan,17,10,24.0,18
36,南投,2020-07-26,38,4,2.0,nan,14,7,38.0,14
37,斗六,2020-07-26,38,6,2.0,nan,17,7,38.0,17
38,崙背,2020-07-26,25,4,2.0,nan,15,9,25.0,13
39,新港,2020-07-26,26,3,2.0,nan,15,10,26.0,16
40,朴子,2020-07-26,24,10,2.0,nan,17,18,24.0,14
41,臺西,2020-07-26,25,6,nan,nan,13,8,nan,25
42,嘉義,2020-07-26,27,3,1.0,nan,13,6,27.0,7
43,新營,2020-07-26,24,3,2.0,nan,11,7,24.0,23
44,善化,2020-07-26,24,7,1.0,nan,5,5,24.0,10
45,安南,2020-07-26,26,4,2.0,nan,11,10,26.0,15
46,臺南,2020-07-26,24,3,2.0,nan,9,12,24.0,16
47,美濃,2020-07-26,28,3,1.0,nan,12,3,28.0,13
48,橋頭,2020-07-26,22,6,3.0,nan,13,15,22.0,18
49,仁武,2020-07-26,24,21,2.0,nan,19,13,23.0,24
50,鳳山,2020-07-26,26,9,3.0,nan,14,13,nan,26
51,大寮,2020-07-26,42,14,3.0,nan,20,18,19.0,42
52,林園,2020-07-26,24,4,2.0,nan,19,11,23.0,24
53,楠梓,2020-07-26,22,4,2.0,nan,14,17,22.0,20
54,左營,2020-07-26,21,7,3.0,nan,11,16,21.0,18
56,前金,2020-07-26,22,17,5.0,nan,13,19,22.0,22
57,前鎮,2020-07-26,25,19,nan,nan,17,22,nan,25
58,小港,2020-07-26,22,13,3.0,nan,14,15,18.0,22
59,屏東,2020-07-26,31,4,3.0,nan,16,11,31.0,15
60,潮州,2020-07-26,23,3,1.0,nan,16,4,23.0,17
61,恆春,2020-07-26,24,1,1.0,nan,5,1,24.0,7
63,花蓮,2020-07-26,27,3,1.0,nan,11,7,27.0,15
64,陽明,2020-07-26,30,3,1.0,nan,12,3,30.0,28
65,宜蘭,2020-07-26,40,6,2.0,nan,17,7,40.0,26
66,冬山,2020-07-26,36,4,3.0,nan,19,12,36.0,24
67,三重,2020-07-26,43,4,14.0,nan,20,43,nan,36
68,中壢,2020-07-26,29,4,11.0,nan,19,25,nan,29
69,竹山,2020-07-26,38,3,2.0,nan,14,15,38.0,20
70,永和,2020-07-26,25,4,8.0,nan,15,22,nan,25
71,復興,2020-07-26,29,27,6.0,nan,14,21,nan,29
72,埔里,2020-07-26,35,4,2.0,nan,15,7,35.0,19
75,馬祖,2020-07-26,53,6,2.0,nan,28,25,32.0,53
77,金門,2020-07-26,28,19,1.0,nan,15,17,28.0,20
78,馬公,2020-07-26,24,4,2.0,nan,5,8,24.0,11
80,關山,2020-07-26,24,3,nan,nan,5,6,24.0,14
83,麥寮,2020-07-26,15,7,nan,nan,13,11,nan,15
84,富貴角,2020-07-26,38,3,2.0,nan,16,10,38.0,28
15,松山,2020-07-27,40,4,9.0,nan,21,36,40.0,37
13,萬華,2020-07-27,38,4,6.0,nan,19,28,38.0,27
12,中山,2020-07-27,38,3,7.0,nan,19,31,38.0,25
11,士林,2020-07-27,42,3,8.0,nan,22,31,42.0,30
10,淡水,2020-07-27,31,6,6.0,nan,16,24,31.0,26
9,林口,2020-07-27,37,7,6.0,nan,16,37,32.0,32
8,菜寮,2020-07-27,32,4,6.0,nan,19,24,31.0,32
7,新莊,2020-07-27,42,6,9.0,nan,24,42,39.0,37
6,板橋,2020-07-27,42,4,9.0,nan,20,42,41.0,33
5,土城,2020-07-27,44,6,6.0,nan,22,31,44.0,28
4,新店,2020-07-27,49,4,3.0,nan,16,11,49.0,26
3,萬里,2020-07-27,58,9,2.0,nan,15,10,58.0,29
2,汐止,2020-07-27,46,10,6.0,nan,23,28,46.0,38
1,基隆,2020-07-27,50,6,5.0,nan,23,27,50.0,34
84,富貴角,2020-07-27,43,4,1.0,nan,14,7,43.0,26
83,麥寮,2020-07-27,20,4,nan,nan,20,13,nan,15
80,關山,2020-07-27,20,3,nan,nan,5,5,20.0,14
78,馬公,2020-07-27,17,4,1.0,nan,5,8,17.0,9
77,金門,2020-07-27,25,6,1.0,nan,17,14,25.0,20
75,馬祖,2020-07-27,27,4,1.0,nan,17,19,22.0,27
72,埔里,2020-07-27,32,4,2.0,nan,13,9,32.0,19
71,復興,2020-07-27,26,19,5.0,nan,12,16,nan,26
70,永和,2020-07-27,29,6,15.0,nan,17,29,nan,25
69,竹山,2020-07-27,33,6,2.0,nan,13,16,33.0,13
68,中壢,2020-07-27,33,7,14.0,nan,19,33,nan,26
67,三重,2020-07-27,36,6,15.0,nan,22,36,nan,35
66,冬山,2020-07-27,28,4,3.0,nan,17,16,28.0,26
65,宜蘭,2020-07-27,28,4,2.0,nan,16,7,28.0,20
64,陽明,2020-07-27,34,6,2.0,nan,9,7,34.0,21
63,花蓮,2020-07-27,21,3,1.0,nan,13,7,21.0,12
62,臺東,2020-07-27,19,1,2.0,nan,5,6,19.0,7
61,恆春,2020-07-27,21,1,1.0,nan,5,1,21.0,10
60,潮州,2020-07-27,19,3,1.0,nan,16,3,19.0,15
59,屏東,2020-07-27,29,10,5.0,nan,15,14,29.0,15
58,小港,2020-07-27,23,11,3.0,nan,16,18,15.0,23
57,前鎮,2020-07-27,17,17,nan,nan,13,16,nan,17
56,前金,2020-07-27,19,17,3.0,nan,11,19,19.0,16
54,左營,2020-07-27,19,9,3.0,nan,9,16,19.0,12
53,楠梓,2020-07-27,21,6,2.0,nan,13,20,21.0,13
52,林園,2020-07-27,21,3,1.0,nan,16,8,21.0,16
51,大寮,2020-07-27,32,9,3.0,nan,17,13,19.0,32
50,鳳山,2020-07-27,21,21,3.0,nan,13,13,nan,20
49,仁武,2020-07-27,21,7,2.0,nan,14,13,21.0,21
48,橋頭,2020-07-27,22,7,2.0,nan,12,13,22.0,15
47,美濃,2020-07-27,32,3,1.0,nan,13,5,32.0,19
46,臺南,2020-07-27,23,4,2.0,nan,10,14,23.0,11
45,安南,2020-07-27,24,3,2.0,nan,12,11,24.0,16
44,善化,2020-07-27,26,7,1.0,nan,5,8,26.0,10
43,新營,2020-07-27,24,6,2.0,nan,11,9,24.0,13
42,嘉義,2020-07-27,26,3,2.0,nan,13,8,26.0,6
41,臺西,2020-07-27,17,4,nan,nan,12,12,nan,17
40,朴子,2020-07-27,24,6,2.0,nan,14,11,24.0,12
39,新港,2020-07-27,25,4,2.0,nan,16,12,25.0,14
38,崙背,2020-07-27,22,4,2.0,nan,19,12,22.0,16
37,斗六,2020-07-27,31,3,2.0,nan,15,11,31.0,15
36,南投,2020-07-27,33,3,3.0,nan,16,13,33.0,11
35,二林,2020-07-27,25,6,1.0,nan,18,11,25.0,15
34,線西,2020-07-27,17,3,nan,nan,15,17,nan,13
33,彰化,2020-07-27,25,6,3.0,nan,5,10,25.0,13
32,西屯,2020-07-27,30,4,3.0,nan,13,23,30.0,17
31,忠明,2020-07-27,28,4,5.0,nan,10,23,28.0,18
30,大里,2020-07-27,32,7,5.0,nan,16,19,32.0,19
29,沙鹿,2020-07-27,24,17,3.0,nan,5,22,24.0,12
28,豐原,2020-07-27,31,4,2.0,nan,13,12,31.0,17
27,三義,2020-07-27,26,6,2.0,nan,10,10,26.0,14
26,苗栗,2020-07-27,26,6,2.0,nan,13,9,26.0,17
25,頭份,2020-07-27,21,9,nan,nan,13,14,nan,21
24,新竹,2020-07-27,27,6,5.0,nan,16,19,27.0,27
23,竹東,2020-07-27,31,6,2.0,nan,19,7,31.0,20
22,湖口,2020-07-27,27,4,2.0,nan,11,16,27.0,27
21,龍潭,2020-07-27,38,4,3.0,nan,15,14,38.0,25
20,平鎮,2020-07-27,31,4,5.0,nan,17,22,31.0,21
19,觀音,2020-07-27,29,9,3.0,nan,17,25,27.0,29
18,大園,2020-07-27,31,6,5.0,nan,18,27,31.0,30
17,桃園,2020-07-27,38,24,6.0,nan,19,28,28.0,38
16,大同,2020-07-27,43,6,28.0,nan,26,43,nan,39
14,古亭,2020-07-27,47,3,5.0,nan,17,18,47.0,22
75,馬祖,2020-07-28,20,4,1.0,nan,5,10,20.0,16.0
64,陽明,2020-07-28,31,9,2.0,nan,5,8,31.0,19.0
68,中壢,2020-07-28,41,4,17.0,nan,22,41,nan,32.0
72,埔里,2020-07-28,33,3,2.0,nan,12,8,33.0,20.0
69,竹山,2020-07-28,33,4,2.0,nan,13,16,33.0,15.0
63,花蓮,2020-07-28,23,4,1.0,nan,11,9,23.0,10.0
84,富貴角,2020-07-28,39,3,1.0,nan,10,7,39.0,18.0
62,臺東,2020-07-28,21,3,2.0,nan,5,8,21.0,nan
67,三重,2020-07-28,51,10,16.0,nan,23,51,nan,37.0
83,麥寮,2020-07-28,16,4,nan,nan,16,12,nan,16.0
61,恆春,2020-07-28,23,1,1.0,nan,5,1,23.0,10.0
60,潮州,2020-07-28,22,3,1.0,nan,11,5,22.0,7.0
59,屏東,2020-07-28,27,4,3.0,nan,10,11,27.0,8.0
71,復興,2020-07-28,22,9,6.0,nan,5,22,nan,17.0
65,宜蘭,2020-07-28,27,4,2.0,nan,13,8,27.0,12.0
80,關山,2020-07-28,18,3,nan,nan,5,3,18.0,10.0
58,小港,2020-07-28,19,7,3.0,nan,10,19,13.0,12.0
57,前鎮,2020-07-28,21,6,nan,nan,5,21,nan,11.0
66,冬山,2020-07-28,27,6,3.0,nan,15,14,27.0,18.0
56,前金,2020-07-28,21,7,5.0,nan,5,21,19.0,10.0
78,馬公,2020-07-28,16,6,2.0,nan,5,8,16.0,8.0
77,金門,2020-07-28,25,13,1.0,nan,12,15,25.0,15.0
70,永和,2020-07-28,24,6,15.0,nan,15,24,nan,20.0
54,左營,2020-07-28,19,6,3.0,nan,5,17,19.0,9.0
53,楠梓,2020-07-28,19,11,2.0,nan,10,16,19.0,16.0
52,林園,2020-07-28,23,10,1.0,nan,11,7,23.0,11.0
51,大寮,2020-07-28,22,7,3.0,nan,11,12,21.0,22.0
50,鳳山,2020-07-28,12,6,3.0,nan,9,12,nan,11.0
49,仁武,2020-07-28,24,20,3.0,nan,15,15,22.0,24.0
48,橋頭,2020-07-28,24,9,2.0,nan,9,12,24.0,20.0
47,美濃,2020-07-28,28,3,1.0,nan,13,5,28.0,17.0
46,臺南,2020-07-28,23,3,3.0,nan,9,13,23.0,13.0
45,安南,2020-07-28,24,4,2.0,nan,14,12,24.0,23.0
44,善化,2020-07-28,26,9,1.0,nan,5,8,26.0,13.0
43,新營,2020-07-28,22,3,2.0,nan,12,10,22.0,17.0
42,嘉義,2020-07-28,25,3,3.0,nan,11,11,25.0,11.0
41,臺西,2020-07-28,14,4,nan,nan,10,8,nan,14.0
40,朴子,2020-07-28,25,3,2.0,nan,13,11,25.0,14.0
39,新港,2020-07-28,24,3,2.0,nan,12,13,24.0,19.0
38,崙背,2020-07-28,25,7,1.0,nan,15,9,25.0,15.0
37,斗六,2020-07-28,23,4,2.0,nan,17,12,23.0,15.0
36,南投,2020-07-28,32,4,3.0,nan,15,13,32.0,13.0
35,二林,2020-07-28,23,6,2.0,nan,16,9,23.0,19.0
34,線西,2020-07-28,17,4,nan,nan,14,10,nan,17.0
33,彰化,2020-07-28,20,9,2.0,nan,9,11,20.0,13.0
32,西屯,2020-07-28,30,10,3.0,nan,13,21,30.0,23.0
31,忠明,2020-07-28,28,7,5.0,nan,12,18,28.0,24.0
30,大里,2020-07-28,31,7,3.0,nan,16,13,31.0,24.0
29,沙鹿,2020-07-28,34,4,3.0,nan,5,34,24.0,8.0
28,豐原,2020-07-28,34,3,3.0,nan,15,9,34.0,22.0
27,三義,2020-07-28,26,4,2.0,nan,14,14,26.0,19.0
26,苗栗,2020-07-28,24,6,3.0,nan,16,13,20.0,24.0
25,頭份,2020-07-28,24,6,nan,nan,16,17,nan,24.0
24,新竹,2020-07-28,28,4,5.0,nan,15,28,24.0,25.0
23,竹東,2020-07-28,31,6,2.0,nan,17,8,31.0,18.0
22,湖口,2020-07-28,28,4,2.0,nan,12,18,28.0,26.0
21,龍潭,2020-07-28,37,7,3.0,nan,15,21,37.0,24.0
20,平鎮,2020-07-28,33,6,5.0,nan,18,29,33.0,32.0
19,觀音,2020-07-28,39,6,3.0,nan,16,22,39.0,32.0
18,大園,2020-07-28,44,6,5.0,nan,23,25,44.0,44.0
17,桃園,2020-07-28,44,7,7.0,nan,20,30,31.0,44.0
16,大同,2020-07-28,33,9,19.0,nan,23,33,nan,33.0
15,松山,2020-07-28,31,4,5.0,nan,19,21,31.0,27.0
14,古亭,2020-07-28,43,4,5.0,nan,15,14,43.0,20.0
13,萬華,2020-07-28,44,11,6.0,nan,18,25,44.0,23.0
12,中山,2020-07-28,37,6,7.0,nan,18,24,37.0,23.0
11,士林,2020-07-28,45,7,5.0,nan,16,21,45.0,26.0
10,淡水,2020-07-28,39,4,6.0,nan,14,24,39.0,29.0
9,林口,2020-07-28,41,6,5.0,nan,19,25,41.0,32.0
8,菜寮,2020-07-28,40,16,6.0,nan,19,24,40.0,33.0
7,新莊,2020-07-28,49,30,7.0,nan,26,26,49.0,37.0
6,板橋,2020-07-28,45,4,7.0,nan,21,33,45.0,31.0
5,土城,2020-07-28,49,4,6.0,nan,26,38,49.0,40.0
4,新店,2020-07-28,21,3,3.0,nan,16,12,21.0,20.0
3,萬里,2020-07-28,38,6,2.0,nan,5,9,38.0,19.0
2,汐止,2020-07-28,31,4,5.0,nan,19,17,31.0,28.0
1,基隆,2020-07-28,24,4,3.0,nan,15,18,24.0,18.0
29,沙鹿,2020-07-29,32,4,2.0,nan,10,24,32.0,16.0
83,麥寮,2020-07-29,17,4,nan,nan,15,12,nan,17.0
80,關山,2020-07-29,15,1,nan,nan,9,3,15.0,7.0
78,馬公,2020-07-29,31,4,2.0,nan,5,16,31.0,12.0
77,金門,2020-07-29,42,9,2.0,nan,19,21,42.0,28.0
75,馬祖,2020-07-29,21,4,1.0,nan,10,21,21.0,12.0
72,埔里,2020-07-29,44,3,2.0,nan,18,8,44.0,30.0
71,復興,2020-07-29,34,7,8.0,nan,17,34,nan,31.0
70,永和,2020-07-29,14,4,7.0,nan,9,14,nan,7.0
69,竹山,2020-07-29,48,9,2.0,nan,19,16,48.0,26.0
68,中壢,2020-07-29,34,7,16.0,nan,21,34,nan,27.0
67,三重,2020-07-29,25,13,10.0,nan,13,25,nan,25.0
66,冬山,2020-07-29,20,4,2.0,nan,15,7,17.0,20.0
65,宜蘭,2020-07-29,18,3,1.0,nan,11,6,18.0,8.0
64,陽明,2020-07-29,16,3,1.0,nan,5,2,16.0,6.0
63,花蓮,2020-07-29,21,3,2.0,nan,11,7,21.0,9.0
62,臺東,2020-07-29,17,1,2.0,nan,5,6,17.0,7.0
61,恆春,2020-07-29,19,1,1.0,nan,5,1,19.0,10.0
60,潮州,2020-07-29,48,4,3.0,nan,19,17,48.0,25.0
59,屏東,2020-07-29,48,6,5.0,nan,19,20,48.0,21.0
58,小港,2020-07-29,41,7,6.0,nan,20,36,41.0,28.0
57,前鎮,2020-07-29,36,6,nan,nan,17,36,nan,25.0
56,前金,2020-07-29,46,9,6.0,nan,17,32,46.0,24.0
54,左營,2020-07-29,44,10,6.0,nan,19,30,44.0,28.0
53,楠梓,2020-07-29,44,4,5.0,nan,19,29,44.0,27.0
52,林園,2020-07-29,77,11,3.0,nan,25,22,77.0,34.0
51,大寮,2020-07-29,46,14,5.0,nan,24,29,46.0,41.0
50,鳳山,2020-07-29,31,7,6.0,nan,19,28,nan,31.0
49,仁武,2020-07-29,45,11,6.0,nan,24,32,45.0,40.0
48,橋頭,2020-07-29,44,4,5.0,nan,19,22,44.0,28.0
47,美濃,2020-07-29,33,4,1.0,nan,15,5,33.0,14.0
46,臺南,2020-07-29,36,4,7.0,nan,14,29,36.0,17.0
45,安南,2020-07-29,40,4,6.0,nan,23,28,40.0,32.0
44,善化,2020-07-29,25,10,2.0,nan,12,12,25.0,18.0
43,新營,2020-07-29,43,4,2.0,nan,14,11,43.0,20.0
42,嘉義,2020-07-29,44,3,3.0,nan,17,12,44.0,nan
41,臺西,2020-07-29,21,9,nan,nan,14,8,nan,21.0
40,朴子,2020-07-29,40,6,2.0,nan,19,11,40.0,21.0
39,新港,2020-07-29,45,4,3.0,nan,18,16,45.0,24.0
38,崙背,2020-07-29,39,6,2.0,nan,18,14,39.0,18.0
37,斗六,2020-07-29,50,4,3.0,nan,20,11,50.0,25.0
36,南投,2020-07-29,45,9,3.0,nan,19,11,45.0,20.0
35,二林,2020-07-29,31,7,2.0,nan,19,11,31.0,23.0
34,線西,2020-07-29,22,6,nan,nan,18,10,nan,22.0
33,彰化,2020-07-29,24,11,3.0,nan,13,13,24.0,24.0
32,西屯,2020-07-29,38,7,2.0,nan,15,15,38.0,23.0
31,忠明,2020-07-29,35,3,3.0,nan,12,15,35.0,26.0
30,大里,2020-07-29,38,6,3.0,nan,19,16,38.0,30.0
84,富貴角,2020-07-29,22,1,1.0,nan,5,8,22.0,9.0
28,豐原,2020-07-29,36,3,2.0,nan,19,9,36.0,23.0
27,三義,2020-07-29,30,4,1.0,nan,13,9,30.0,21.0
26,苗栗,2020-07-29,31,4,2.0,nan,18,9,31.0,27.0
25,頭份,2020-07-29,33,6,nan,nan,19,17,nan,33.0
24,新竹,2020-07-29,100,6,3.0,nan,20,16,100.0,38.0
23,竹東,2020-07-29,64,4,2.0,nan,21,8,64.0,33.0
22,湖口,2020-07-29,101,3,2.0,nan,18,14,101.0,39.0
21,龍潭,2020-07-29,108,6,3.0,nan,21,10,108.0,36.0
20,平鎮,2020-07-29,37,7,5.0,nan,18,21,37.0,26.0
19,觀音,2020-07-29,64,6,2.0,nan,17,18,64.0,29.0
18,大園,2020-07-29,33,7,2.0,nan,16,17,33.0,27.0
17,桃園,2020-07-29,23,17,3.0,nan,12,18,19.0,23.0
16,大同,2020-07-29,23,6,11.0,nan,17,20,nan,23.0
15,松山,2020-07-29,15,4,2.0,nan,10,13,15.0,15.0
14,古亭,2020-07-29,18,3,2.0,nan,9,9,18.0,10.0
13,萬華,2020-07-29,19,7,5.0,nan,10,19,16.0,13.0
12,中山,2020-07-29,22,6,5.0,nan,9,22,16.0,9.0
11,士林,2020-07-29,19,7,3.0,nan,9,16,19.0,15.0
10,淡水,2020-07-29,19,7,3.0,nan,9,18,19.0,17.0
9,林口,2020-07-29,26,6,3.0,nan,12,26,19.0,17.0
8,菜寮,2020-07-29,21,16,3.0,nan,10,21,17.0,18.0
7,新莊,2020-07-29,36,36,3.0,nan,16,18,19.0,17.0
6,板橋,2020-07-29,15,4,3.0,nan,9,14,15.0,12.0
5,土城,2020-07-29,19,4,3.0,nan,13,12,19.0,15.0
4,新店,2020-07-29,17,3,2.0,nan,5,8,17.0,13.0
3,萬里,2020-07-29,18,11,1.0,nan,5,9,18.0,12.0
2,汐止,2020-07-29,17,1,3.0,nan,9,12,17.0,14.0
1,基隆,2020-07-29,17,3,1.0,nan,5,6,17.0,8.0
83,麥寮,2020-07-30,49,6,nan,nan,28,15,nan,49.0
80,關山,2020-07-30,13,1,nan,nan,5,5,13.0,10.0
78,馬公,2020-07-30,36,3,2.0,nan,19,10,36.0,22.0
77,金門,2020-07-30,41,6,2.0,nan,30,14,41.0,37.0
75,馬祖,2020-07-30,17,3,1.0,nan,16,5,17.0,15.0
72,埔里,2020-07-30,29,4,3.0,nan,18,12,20.0,29.0
84,富貴角,2020-07-30,16,4,1.0,nan,5,4,16.0,7.0
71,復興,2020-07-30,54,10,7.0,nan,22,28,nan,54.0
70,永和,2020-07-30,8,4,5.0,nan,5,8,nan,7.0
69,竹山,2020-07-30,21,4,2.0,nan,21,20,20.0,21.0
68,中壢,2020-07-30,26,7,15.0,nan,18,26,nan,21.0
67,三重,2020-07-30,22,4,11.0,nan,10,17,nan,22.0
66,冬山,2020-07-30,21,3,2.0,nan,17,16,10.0,21.0
65,宜蘭,2020-07-30,13,4,2.0,nan,13,9,11.0,11.0
64,陽明,2020-07-30,12,3,1.0,nan,5,0,12.0,3.0
63,花蓮,2020-07-30,17,4,2.0,nan,14,14,14.0,17.0
62,臺東,2020-07-30,15,1,3.0,nan,5,8,15.0,11.0
61,恆春,2020-07-30,19,1,1.0,nan,5,1,19.0,11.0
60,潮州,2020-07-30,44,4,2.0,nan,24,6,44.0,42.0
59,屏東,2020-07-30,47,6,6.0,nan,31,20,42.0,47.0
58,小港,2020-07-30,54,10,5.0,nan,29,33,46.0,54.0
57,前鎮,2020-07-30,49,13,nan,nan,26,30,nan,49.0
56,前金,2020-07-30,51,14,5.0,nan,26,25,51.0,48.0
54,左營,2020-07-30,51,7,5.0,nan,25,26,51.0,43.0
53,楠梓,2020-07-30,44,9,6.0,nan,29,28,44.0,44.0
52,林園,2020-07-30,77,9,3.0,nan,31,18,77.0,56.0
51,大寮,2020-07-30,65,9,3.0,nan,32,19,58.0,65.0
50,鳳山,2020-07-30,44,7,6.0,nan,25,33,nan,44.0
49,仁武,2020-07-30,49,10,6.0,nan,29,35,44.0,49.0
48,橋頭,2020-07-30,49,9,3.0,nan,26,26,49.0,47.0
47,美濃,2020-07-30,23,3,2.0,nan,19,5,23.0,21.0
46,臺南,2020-07-30,64,6,6.0,nan,27,22,64.0,50.0
45,安南,2020-07-30,80,6,5.0,nan,32,20,80.0,62.0
44,善化,2020-07-30,45,4,3.0,nan,21,24,45.0,37.0
43,新營,2020-07-30,71,3,3.0,nan,21,16,71.0,43.0
42,嘉義,2020-07-30,40,3,3.0,nan,21,19,40.0,nan
41,臺西,2020-07-30,53,9,nan,nan,26,11,nan,53.0
40,朴子,2020-07-30,87,6,3.0,nan,33,13,87.0,66.0
39,新港,2020-07-30,74,4,3.0,nan,30,17,74.0,54.0
38,崙背,2020-07-30,71,4,2.0,nan,39,14,71.0,60.0
37,斗六,2020-07-30,37,4,3.0,nan,24,14,37.0,28.0
36,南投,2020-07-30,29,4,3.0,nan,23,17,29.0,27.0
35,二林,2020-07-30,63,10,2.0,nan,34,14,54.0,63.0
34,線西,2020-07-30,46,27,nan,nan,28,15,nan,46.0
33,彰化,2020-07-30,54,9,5.0,nan,26,18,45.0,54.0
32,西屯,2020-07-30,59,6,3.0,nan,31,21,51.0,59.0
31,忠明,2020-07-30,54,3,5.0,nan,27,5,31.0,54.0
30,大里,2020-07-30,53,7,6.0,nan,32,25,51.0,53.0
29,沙鹿,2020-07-30,44,3,2.0,nan,20,24,44.0,42.0
28,豐原,2020-07-30,60,3,5.0,nan,34,16,48.0,60.0
27,三義,2020-07-30,48,3,2.0,nan,24,10,44.0,48.0
26,苗栗,2020-07-30,42,7,3.0,nan,23,12,35.0,42.0
25,頭份,2020-07-30,41,9,nan,nan,22,20,nan,41.0
24,新竹,2020-07-30,42,6,3.0,nan,20,24,42.0,39.0
23,竹東,2020-07-30,40,3,3.0,nan,24,14,40.0,34.0
22,湖口,2020-07-30,39,6,2.0,nan,18,17,39.0,34.0
21,龍潭,2020-07-30,25,4,3.0,nan,16,15,25.0,24.0
20,平鎮,2020-07-30,23,7,3.0,nan,12,14,23.0,14.0
19,觀音,2020-07-30,28,7,2.0,nan,18,13,28.0,23.0
18,大園,2020-07-30,18,6,2.0,nan,13,12,18.0,14.0
17,桃園,2020-07-30,16,14,3.0,nan,10,16,11.0,15.0
16,大同,2020-07-30,19,4,9.0,nan,13,19,nan,16.0
15,松山,2020-07-30,16,4,2.0,nan,5,14,8.0,16.0
14,古亭,2020-07-30,12,3,2.0,nan,5,6,12.0,11.0
13,萬華,2020-07-30,13,4,3.0,nan,5,13,8.0,11.0
12,中山,2020-07-30,17,4,6.0,nan,5,17,8.0,3.0
11,士林,2020-07-30,13,3,1.0,nan,5,6,13.0,11.0
10,淡水,2020-07-30,13,3,1.0,nan,5,3,13.0,10.0
9,林口,2020-07-30,14,1,2.0,nan,9,11,11.0,14.0
8,菜寮,2020-07-30,14,1,3.0,nan,5,11,10.0,14.0
7,新莊,2020-07-30,13,4,3.0,nan,12,13,11.0,13.0
6,板橋,2020-07-30,12,11,3.0,nan,5,12,9.0,9.0
5,土城,2020-07-30,12,3,2.0,nan,5,10,12.0,10.0
4,新店,2020-07-30,11,3,2.0,nan,5,7,11.0,8.0
3,萬里,2020-07-30,13,13,1.0,nan,5,7,12.0,11.0
2,汐止,2020-07-30,12,3,2.0,nan,5,8,11.0,12.0
1,基隆,2020-07-30,11,3,1.0,nan,9,4,11.0,10.0
1,基隆,2020-07-31,12,1,1.0,nan,9,3,12.0,7.0
2,汐止,2020-07-31,11,3,2.0,nan,5,8,11.0,9.0
3,萬里,2020-07-31,14,4,1.0,nan,5,5,14.0,9.0
4,新店,2020-07-31,15,3,2.0,nan,5,6,15.0,3.0
5,土城,2020-07-31,19,3,2.0,nan,9,11,19.0,7.0
6,板橋,2020-07-31,15,4,3.0,nan,10,13,15.0,7.0
7,新莊,2020-07-31,18,4,3.0,nan,13,11,18.0,11.0
8,菜寮,2020-07-31,13,3,3.0,nan,11,9,13.0,11.0
9,林口,2020-07-31,19,6,2.0,nan,10,10,19.0,10.0
10,淡水,2020-07-31,15,4,1.0,nan,5,4,15.0,3.0
11,士林,2020-07-31,14,3,1.0,nan,11,8,14.0,9.0
12,中山,2020-07-31,11,1,3.0,nan,5,9,11.0,3.0
13,萬華,2020-07-31,12,3,2.0,nan,5,10,12.0,6.0
14,古亭,2020-07-31,14,3,1.0,nan,5,6,14.0,9.0
15,松山,2020-07-31,11,3,2.0,nan,5,8,11.0,7.0
16,大同,2020-07-31,17,4,17.0,nan,13,16,nan,14.0
17,桃園,2020-07-31,34,10,5.0,nan,14,17,34.0,27.0
18,大園,2020-07-31,108,7,3.0,nan,22,15,108.0,44.0
19,觀音,2020-07-31,146,10,3.0,nan,30,23,146.0,63.0
20,平鎮,2020-07-31,126,9,5.0,nan,26,25,126.0,56.0
21,龍潭,2020-07-31,150,9,5.0,nan,28,17,150.0,64.0
22,湖口,2020-07-31,177,6,3.0,nan,36,23,177.0,83.0
23,竹東,2020-07-31,182,6,3.0,nan,31,11,182.0,61.0
24,新竹,2020-07-31,203,6,6.0,112.0,36,16,203.0,82.0
25,頭份,2020-07-31,83,10,nan,nan,36,22,nan,83.0
26,苗栗,2020-07-31,132,4,5.0,nan,39,15,132.0,78.0
27,三義,2020-07-31,71,4,2.0,nan,29,16,71.0,60.0
28,豐原,2020-07-31,77,3,3.0,nan,28,13,77.0,55.0
29,沙鹿,2020-07-31,64,6,3.0,nan,26,19,64.0,47.0
30,大里,2020-07-31,108,9,3.0,nan,28,20,108.0,47.0
31,忠明,2020-07-31,46,10,5.0,nan,23,25,30.0,46.0
32,西屯,2020-07-31,87,14,3.0,nan,28,27,87.0,44.0
33,彰化,2020-07-31,60,11,3.0,nan,29,13,51.0,60.0
34,線西,2020-07-31,51,6,nan,nan,35,14,nan,51.0
35,二林,2020-07-31,58,6,2.0,nan,41,12,47.0,58.0
36,南投,2020-07-31,90,4,5.0,nan,26,14,90.0,38.0
37,斗六,2020-07-31,108,4,2.0,nan,31,10,108.0,47.0
38,崙背,2020-07-31,71,6,2.0,nan,34,14,71.0,52.0
39,新港,2020-07-31,58,4,3.0,nan,31,16,58.0,43.0
40,朴子,2020-07-31,48,4,2.0,nan,28,10,48.0,45.0
41,臺西,2020-07-31,59,4,nan,nan,29,11,nan,59.0
42,嘉義,2020-07-31,54,3,3.0,nan,27,15,54.0,nan
43,新營,2020-07-31,52,3,5.0,nan,29,17,51.0,52.0
44,善化,2020-07-31,50,7,5.0,nan,27,33,50.0,46.0
45,安南,2020-07-31,51,7,6.0,nan,31,32,47.0,51.0
46,臺南,2020-07-31,52,4,6.0,nan,30,29,50.0,52.0
47,美濃,2020-07-31,48,4,5.0,nan,26,9,47.0,48.0
48,橋頭,2020-07-31,72,6,6.0,nan,38,30,50.0,72.0
49,仁武,2020-07-31,74,11,6.0,nan,42,36,47.0,74.0
50,鳳山,2020-07-31,66,7,9.0,nan,36,38,nan,66.0
51,大寮,2020-07-31,82,11,9.0,nan,44,39,39.0,82.0
52,林園,2020-07-31,70,13,6.0,nan,44,27,48.0,70.0
53,楠梓,2020-07-31,69,4,6.0,nan,41,33,51.0,69.0
54,左營,2020-07-31,67,7,7.0,nan,32,27,51.0,67.0
56,前金,2020-07-31,67,9,7.0,nan,34,25,50.0,67.0
57,前鎮,2020-07-31,63,6,nan,nan,33,32,nan,63.0
58,小港,2020-07-31,64,11,9.0,nan,35,42,40.0,64.0
59,屏東,2020-07-31,54,3,7.0,nan,35,24,49.0,54.0
60,潮州,2020-07-31,56,10,5.0,nan,31,12,38.0,56.0
61,恆春,2020-07-31,15,1,1.0,nan,5,1,15.0,11.0
62,臺東,2020-07-31,10,3,2.0,nan,10,7,10.0,8.0
63,花蓮,2020-07-31,14,3,1.0,nan,14,7,14.0,10.0
64,陽明,2020-07-31,11,3,1.0,nan,5,1,11.0,9.0
65,宜蘭,2020-07-31,17,4,2.0,nan,17,8,13.0,11.0
66,冬山,2020-07-31,14,3,2.0,nan,13,8,14.0,9.0
67,三重,2020-07-31,15,4,10.0,nan,11,15,nan,13.0
68,中壢,2020-07-31,48,9,14.0,nan,32,47,nan,48.0
69,竹山,2020-07-31,100,6,2.0,nan,25,19,100.0,41.0
70,永和,2020-07-31,8,3,6.0,nan,5,8,nan,3.0
71,復興,2020-07-31,69,7,14.0,nan,30,32,nan,69.0
72,埔里,2020-07-31,101,4,3.0,nan,23,16,101.0,40.0
75,馬祖,2020-07-31,19,4,0.0,nan,19,4,14.0,18.0
77,金門,2020-07-31,44,9,2.0,nan,31,10,44.0,41.0
78,馬公,2020-07-31,41,3,2.0,nan,26,4,41.0,28.0
80,關山,2020-07-31,12,1,nan,nan,11,4,12.0,10.0
83,麥寮,2020-07-31,55,6,nan,nan,31,15,nan,55.0
84,富貴角,2020-07-31,17,3,1.0,nan,10,4,17.0,3.0
