siteid,sitename,monitordate,aqi,so2subindex,cosubindex,o3subindex,pm10subindex,no2subindex,o38subindex,pm25subindex
67,三重,2017-01-01,42,4.0,17.0,nan,31.0,42.0,nan,24.0
1,基隆,2017-01-01,37,1.0,3.0,nan,13.0,17.0,37.0,22.0
84,富貴角,2017-01-01,-1,nan,nan,nan,nan,nan,nan,nan
83,麥寮,2017-01-01,97,9.0,6.0,nan,64.0,15.0,nan,97.0
80,關山,2017-01-01,31,3.0,nan,nan,15.0,5.0,31.0,22.0
78,馬公,2017-01-01,138,10.0,2.0,nan,66.0,7.0,39.0,138.0
77,金門,2017-01-01,72,14.0,5.0,nan,57.0,32.0,45.0,72.0
75,馬祖,2017-01-01,50,6.0,3.0,nan,38.0,10.0,41.0,50.0
72,埔里,2017-01-01,114,4.0,8.0,nan,55.0,26.0,74.0,114.0
71,復興,2017-01-01,124,9.0,7.0,nan,72.0,37.0,nan,124.0
70,永和,2017-01-01,28,3.0,7.0,nan,12.0,28.0,nan,28.0
69,竹山,2017-01-01,119,7.0,5.0,nan,60.0,22.0,90.0,119.0
68,中壢,2017-01-01,37,7.0,18.0,nan,30.0,37.0,nan,35.0
66,冬山,2017-01-01,28,3.0,2.0,nan,24.0,15.0,28.0,19.0
65,宜蘭,2017-01-01,35,4.0,5.0,nan,27.0,15.0,35.0,29.0
64,陽明,2017-01-01,40,4.0,1.0,nan,8.0,2.0,40.0,17.0
63,花蓮,2017-01-01,38,4.0,3.0,nan,17.0,17.0,38.0,37.0
62,臺東,2017-01-01,29,1.0,3.0,nan,25.0,11.0,29.0,19.0
61,恆春,2017-01-01,44,3.0,1.0,nan,21.0,2.0,44.0,42.0
60,潮州,2017-01-01,134,17.0,7.0,nan,75.0,19.0,112.0,134.0
59,屏東,2017-01-01,153,9.0,9.0,nan,76.0,33.0,100.0,153.0
58,小港,2017-01-01,142,13.0,10.0,nan,72.0,40.0,80.0,142.0
57,前鎮,2017-01-01,134,13.0,14.0,nan,76.0,37.0,nan,134.0
56,前金,2017-01-01,112,10.0,9.0,nan,66.0,34.0,90.0,112.0
54,左營,2017-01-01,111,14.0,12.0,nan,80.0,38.0,101.0,111.0
53,楠梓,2017-01-01,138,10.0,9.0,nan,90.0,28.0,67.0,138.0
52,林園,2017-01-01,108,19.0,7.0,nan,46.0,24.0,108.0,nan
51,大寮,2017-01-01,120,17.0,9.0,nan,73.0,27.0,74.0,120.0
50,鳳山,2017-01-01,138,13.0,11.0,nan,89.0,29.0,nan,138.0
49,仁武,2017-01-01,109,14.0,9.0,nan,90.0,29.0,93.0,109.0
48,橋頭,2017-01-01,141,7.0,8.0,nan,78.0,25.0,74.0,141.0
47,美濃,2017-01-01,135,6.0,7.0,nan,69.0,18.0,87.0,135.0
46,臺南,2017-01-01,108,6.0,10.0,nan,63.0,35.0,100.0,108.0
45,安南,2017-01-01,93,7.0,7.0,nan,63.0,21.0,93.0,88.0
44,善化,2017-01-01,111,13.0,5.0,nan,62.0,19.0,87.0,111.0
43,新營,2017-01-01,100,9.0,6.0,nan,68.0,21.0,74.0,100.0
42,嘉義,2017-01-01,121,9.0,8.0,nan,65.0,26.0,80.0,121.0
41,臺西,2017-01-01,88,9.0,5.0,nan,43.0,15.0,nan,88.0
40,朴子,2017-01-01,78,6.0,6.0,nan,59.0,16.0,67.0,78.0
39,新港,2017-01-01,94,6.0,8.0,nan,58.0,16.0,64.0,94.0
38,崙背,2017-01-01,95,9.0,6.0,nan,nan,17.0,46.0,95.0
37,斗六,2017-01-01,107,11.0,7.0,nan,61.0,25.0,74.0,107.0
36,南投,2017-01-01,105,3.0,6.0,nan,59.0,23.0,67.0,105.0
35,二林,2017-01-01,71,13.0,7.0,nan,55.0,18.0,44.0,71.0
34,線西,2017-01-01,94,11.0,9.0,nan,59.0,29.0,nan,94.0
33,彰化,2017-01-01,96,9.0,9.0,nan,53.0,21.0,44.0,96.0
32,西屯,2017-01-01,84,4.0,9.0,nan,53.0,28.0,50.0,84.0
31,忠明,2017-01-01,89,6.0,11.0,nan,53.0,33.0,48.0,89.0
30,大里,2017-01-01,110,7.0,9.0,nan,62.0,30.0,51.0,110.0
29,沙鹿,2017-01-01,86,6.0,10.0,nan,57.0,27.0,44.0,86.0
28,豐原,2017-01-01,71,10.0,5.0,nan,42.0,21.0,44.0,71.0
27,三義,2017-01-01,67,6.0,5.0,nan,44.0,13.0,47.0,67.0
26,苗栗,2017-01-01,58,10.0,8.0,nan,52.0,28.0,37.0,58.0
25,頭份,2017-01-01,72,4.0,5.0,nan,42.0,29.0,nan,72.0
24,新竹,2017-01-01,57,4.0,6.0,nan,38.0,32.0,39.0,57.0
23,竹東,2017-01-01,63,13.0,6.0,nan,31.0,24.0,39.0,63.0
22,湖口,2017-01-01,45,7.0,5.0,nan,31.0,28.0,43.0,45.0
21,龍潭,2017-01-01,58,7.0,10.0,nan,34.0,36.0,41.0,58.0
20,平鎮,2017-01-01,43,9.0,9.0,nan,31.0,36.0,42.0,43.0
19,觀音,2017-01-01,42,7.0,3.0,nan,26.0,25.0,42.0,42.0
18,大園,2017-01-01,40,11.0,6.0,nan,30.0,33.0,40.0,39.0
17,桃園,2017-01-01,36,6.0,7.0,nan,19.0,31.0,36.0,29.0
16,大同,2017-01-01,41,4.0,11.0,nan,31.0,41.0,nan,19.0
15,松山,2017-01-01,37,4.0,5.0,nan,20.0,28.0,37.0,28.0
14,古亭,2017-01-01,40,3.0,5.0,nan,17.0,27.0,36.0,40.0
13,萬華,2017-01-01,40,4.0,7.0,nan,21.0,40.0,31.0,28.0
12,中山,2017-01-01,36,4.0,7.0,nan,20.0,36.0,31.0,30.0
11,士林,2017-01-01,39,3.0,3.0,nan,19.0,13.0,39.0,30.0
10,淡水,2017-01-01,35,3.0,2.0,nan,19.0,6.0,35.0,18.0
9,林口,2017-01-01,48,3.0,3.0,nan,29.0,13.0,40.0,48.0
8,菜寮,2017-01-01,38,3.0,6.0,nan,19.0,37.0,38.0,27.0
7,新莊,2017-01-01,37,3.0,7.0,nan,19.0,33.0,37.0,22.0
6,板橋,2017-01-01,31,19.0,7.0,nan,22.0,27.0,31.0,17.0
5,土城,2017-01-01,36,3.0,6.0,nan,13.0,26.0,36.0,23.0
4,新店,2017-01-01,41,3.0,3.0,nan,5.0,15.0,41.0,30.0
3,萬里,2017-01-01,38,13.0,2.0,nan,19.0,13.0,38.0,31.0
2,汐止,2017-01-01,38,3.0,5.0,nan,19.0,28.0,37.0,38.0
80,關山,2017-01-02,31,1.0,nan,nan,13.0,6.0,31.0,14.0
84,富貴角,2017-01-02,-1,nan,nan,nan,nan,nan,nan,nan
1,基隆,2017-01-02,51,30.0,6.0,nan,24.0,25.0,36.0,51.0
67,三重,2017-01-02,50,6.0,20.0,nan,42.0,50.0,nan,44.0
2,汐止,2017-01-02,59,19.0,6.0,nan,31.0,32.0,41.0,59.0
3,萬里,2017-01-02,46,6.0,3.0,nan,29.0,13.0,39.0,46.0
4,新店,2017-01-02,54,7.0,6.0,nan,19.0,26.0,48.0,54.0
5,土城,2017-01-02,60,7.0,7.0,nan,35.0,30.0,46.0,60.0
6,板橋,2017-01-02,57,7.0,8.0,nan,43.0,36.0,42.0,57.0
7,新莊,2017-01-02,58,9.0,7.0,nan,38.0,38.0,41.0,58.0
8,菜寮,2017-01-02,65,7.0,8.0,nan,34.0,30.0,42.0,65.0
9,林口,2017-01-02,86,10.0,5.0,nan,56.0,33.0,39.0,86.0
10,淡水,2017-01-02,60,4.0,7.0,nan,37.0,25.0,35.0,60.0
11,士林,2017-01-02,53,11.0,6.0,nan,28.0,23.0,42.0,53.0
12,中山,2017-01-02,52,6.0,8.0,nan,29.0,37.0,34.0,52.0
13,萬華,2017-01-02,56,7.0,7.0,nan,30.0,38.0,38.0,56.0
14,古亭,2017-01-02,68,7.0,6.0,nan,31.0,29.0,44.0,68.0
15,松山,2017-01-02,53,7.0,7.0,nan,27.0,33.0,41.0,53.0
16,大同,2017-01-02,42,6.0,15.0,nan,42.0,42.0,nan,40.0
17,桃園,2017-01-02,64,7.0,7.0,nan,39.0,31.0,39.0,64.0
18,大園,2017-01-02,72,29.0,3.0,nan,47.0,37.0,38.0,72.0
19,觀音,2017-01-02,75,16.0,6.0,nan,52.0,26.0,36.0,75.0
20,平鎮,2017-01-02,63,9.0,6.0,nan,44.0,41.0,37.0,63.0
21,龍潭,2017-01-02,75,7.0,7.0,nan,45.0,34.0,38.0,75.0
22,湖口,2017-01-02,90,7.0,5.0,nan,65.0,27.0,40.0,90.0
23,竹東,2017-01-02,73,6.0,5.0,nan,40.0,20.0,38.0,73.0
24,新竹,2017-01-02,95,6.0,5.0,nan,61.0,30.0,35.0,95.0
25,頭份,2017-01-02,99,6.0,6.0,nan,58.0,42.0,nan,99.0
26,苗栗,2017-01-02,92,7.0,7.0,nan,64.0,33.0,33.0,92.0
27,三義,2017-01-02,81,3.0,5.0,nan,55.0,16.0,35.0,81.0
28,豐原,2017-01-02,93,7.0,5.0,nan,51.0,19.0,39.0,93.0
29,沙鹿,2017-01-02,112,4.0,6.0,nan,69.0,29.0,39.0,112.0
30,大里,2017-01-02,117,10.0,9.0,nan,65.0,41.0,42.0,117.0
31,忠明,2017-01-02,112,4.0,7.0,nan,61.0,30.0,39.0,112.0
32,西屯,2017-01-02,112,3.0,6.0,nan,66.0,28.0,43.0,112.0
33,彰化,2017-01-02,121,20.0,7.0,nan,59.0,29.0,37.0,121.0
34,線西,2017-01-02,114,10.0,6.0,nan,66.0,22.0,nan,114.0
35,二林,2017-01-02,81,7.0,5.0,nan,68.0,19.0,41.0,81.0
36,南投,2017-01-02,130,6.0,8.0,nan,67.0,32.0,43.0,130.0
37,斗六,2017-01-02,137,9.0,6.0,nan,70.0,25.0,49.0,137.0
38,崙背,2017-01-02,119,7.0,5.0,nan,nan,17.0,41.0,119.0
39,新港,2017-01-02,118,7.0,6.0,nan,73.0,17.0,44.0,118.0
40,朴子,2017-01-02,93,6.0,5.0,nan,69.0,14.0,48.0,93.0
41,臺西,2017-01-02,107,10.0,3.0,nan,56.0,15.0,nan,107.0
42,嘉義,2017-01-02,154,19.0,8.0,nan,84.0,27.0,46.0,154.0
43,新營,2017-01-02,137,4.0,6.0,nan,87.0,24.0,48.0,137.0
44,善化,2017-01-02,153,6.0,5.0,nan,83.0,17.0,51.0,153.0
45,安南,2017-01-02,136,4.0,5.0,nan,82.0,17.0,54.0,136.0
46,臺南,2017-01-02,153,6.0,6.0,nan,79.0,21.0,64.0,153.0
47,美濃,2017-01-02,126,3.0,6.0,nan,62.0,16.0,51.0,126.0
48,橋頭,2017-01-02,156,6.0,6.0,nan,86.0,23.0,77.0,156.0
49,仁武,2017-01-02,122,33.0,6.0,nan,99.0,25.0,90.0,122.0
50,鳳山,2017-01-02,154,11.0,8.0,nan,104.0,37.0,nan,154.0
51,大寮,2017-01-02,132,7.0,6.0,nan,77.0,28.0,90.0,132.0
52,林園,2017-01-02,87,24.0,7.0,nan,58.0,31.0,87.0,nan
53,楠梓,2017-01-02,155,4.0,6.0,nan,93.0,25.0,77.0,155.0
54,左營,2017-01-02,156,6.0,7.0,nan,93.0,26.0,101.0,156.0
56,前金,2017-01-02,154,6.0,7.0,nan,84.0,29.0,93.0,154.0
57,前鎮,2017-01-02,158,10.0,10.0,nan,90.0,41.0,nan,158.0
58,小港,2017-01-02,158,14.0,9.0,nan,90.0,40.0,74.0,158.0
59,屏東,2017-01-02,153,6.0,7.0,nan,76.0,29.0,87.0,153.0
60,潮州,2017-01-02,120,6.0,6.0,nan,76.0,20.0,101.0,120.0
61,恆春,2017-01-02,44,3.0,1.0,nan,22.0,2.0,44.0,36.0
62,臺東,2017-01-02,29,1.0,3.0,nan,27.0,9.0,29.0,14.0
63,花蓮,2017-01-02,37,6.0,3.0,nan,18.0,13.0,37.0,29.0
64,陽明,2017-01-02,43,6.0,3.0,nan,14.0,6.0,43.0,36.0
65,宜蘭,2017-01-02,38,7.0,5.0,nan,32.0,14.0,37.0,38.0
66,冬山,2017-01-02,40,4.0,3.0,nan,36.0,17.0,39.0,40.0
68,中壢,2017-01-02,65,11.0,12.0,nan,47.0,44.0,nan,65.0
69,竹山,2017-01-02,136,6.0,6.0,nan,64.0,21.0,51.0,136.0
70,永和,2017-01-02,63,7.0,11.0,nan,27.0,37.0,nan,63.0
71,復興,2017-01-02,156,6.0,14.0,nan,83.0,44.0,nan,156.0
72,埔里,2017-01-02,100,6.0,7.0,nan,49.0,28.0,49.0,100.0
75,馬祖,2017-01-02,80,6.0,6.0,nan,50.0,16.0,45.0,80.0
77,金門,2017-01-02,118,16.0,5.0,nan,68.0,28.0,46.0,118.0
78,馬公,2017-01-02,49,4.0,2.0,nan,36.0,6.0,37.0,49.0
83,麥寮,2017-01-02,118,7.0,3.0,nan,72.0,14.0,nan,118.0
36,南投,2017-01-03,105,4.0,7.0,nan,60.0,35.0,49.0,105.0
1,基隆,2017-01-03,35,1.0,5.0,nan,16.0,19.0,35.0,31.0
67,三重,2017-01-03,45,10.0,22.0,nan,40.0,45.0,nan,34.0
2,汐止,2017-01-03,53,10.0,5.0,nan,25.0,31.0,19.0,53.0
3,萬里,2017-01-03,41,3.0,2.0,nan,36.0,12.0,41.0,32.0
4,新店,2017-01-03,39,3.0,6.0,nan,12.0,33.0,29.0,39.0
5,土城,2017-01-03,38,3.0,6.0,nan,23.0,22.0,30.0,38.0
6,板橋,2017-01-03,32,6.0,6.0,nan,31.0,28.0,20.0,32.0
7,新莊,2017-01-03,31,9.0,6.0,nan,24.0,31.0,27.0,29.0
8,菜寮,2017-01-03,40,10.0,6.0,nan,22.0,26.0,28.0,40.0
9,林口,2017-01-03,60,10.0,5.0,nan,41.0,30.0,28.0,60.0
10,淡水,2017-01-03,33,3.0,6.0,nan,25.0,23.0,33.0,32.0
11,士林,2017-01-03,37,7.0,3.0,nan,17.0,23.0,37.0,32.0
12,中山,2017-01-03,37,7.0,8.0,nan,27.0,37.0,23.0,35.0
13,萬華,2017-01-03,42,6.0,6.0,nan,19.0,33.0,25.0,42.0
14,古亭,2017-01-03,52,4.0,6.0,nan,22.0,28.0,29.0,52.0
15,松山,2017-01-03,31,4.0,6.0,nan,25.0,31.0,20.0,31.0
16,大同,2017-01-03,40,9.0,16.0,nan,40.0,40.0,nan,31.0
17,桃園,2017-01-03,40,11.0,6.0,nan,23.0,31.0,28.0,40.0
18,大園,2017-01-03,48,21.0,3.0,nan,37.0,30.0,32.0,48.0
19,觀音,2017-01-03,56,17.0,6.0,nan,42.0,13.0,35.0,56.0
20,平鎮,2017-01-03,32,9.0,5.0,nan,28.0,25.0,31.0,32.0
21,龍潭,2017-01-03,38,6.0,3.0,nan,30.0,17.0,31.0,38.0
22,湖口,2017-01-03,49,7.0,3.0,nan,31.0,20.0,38.0,49.0
23,竹東,2017-01-03,35,4.0,3.0,nan,19.0,19.0,28.0,35.0
24,新竹,2017-01-03,58,6.0,5.0,nan,45.0,23.0,30.0,58.0
25,頭份,2017-01-03,65,6.0,5.0,nan,37.0,31.0,nan,65.0
26,苗栗,2017-01-03,58,10.0,6.0,nan,46.0,25.0,25.0,58.0
27,三義,2017-01-03,52,4.0,3.0,nan,34.0,21.0,31.0,52.0
28,豐原,2017-01-03,69,6.0,5.0,nan,41.0,22.0,39.0,69.0
29,沙鹿,2017-01-03,75,4.0,6.0,nan,51.0,27.0,36.0,75.0
30,大里,2017-01-03,104,6.0,10.0,nan,64.0,40.0,50.0,104.0
31,忠明,2017-01-03,91,4.0,8.0,nan,47.0,29.0,41.0,91.0
32,西屯,2017-01-03,83,3.0,7.0,nan,52.0,nan,42.0,83.0
33,彰化,2017-01-03,99,39.0,10.0,nan,57.0,27.0,31.0,99.0
34,線西,2017-01-03,91,13.0,6.0,nan,59.0,25.0,nan,91.0
35,二林,2017-01-03,68,13.0,6.0,nan,57.0,19.0,35.0,68.0
37,斗六,2017-01-03,135,9.0,6.0,nan,69.0,30.0,51.0,135.0
38,崙背,2017-01-03,103,9.0,6.0,nan,nan,19.0,40.0,103.0
39,新港,2017-01-03,114,7.0,6.0,nan,85.0,20.0,48.0,114.0
40,朴子,2017-01-03,113,6.0,6.0,nan,85.0,18.0,49.0,113.0
41,臺西,2017-01-03,106,7.0,5.0,nan,53.0,22.0,nan,106.0
42,嘉義,2017-01-03,151,52.0,8.0,nan,78.0,34.0,48.0,151.0
43,新營,2017-01-03,115,6.0,6.0,nan,82.0,32.0,48.0,115.0
44,善化,2017-01-03,103,7.0,5.0,nan,71.0,20.0,49.0,103.0
45,安南,2017-01-03,118,6.0,7.0,nan,84.0,25.0,47.0,118.0
46,臺南,2017-01-03,144,9.0,8.0,nan,78.0,35.0,48.0,144.0
47,美濃,2017-01-03,119,13.0,6.0,nan,65.0,19.0,80.0,119.0
48,橋頭,2017-01-03,153,9.0,7.0,nan,82.0,39.0,67.0,153.0
49,仁武,2017-01-03,137,11.0,8.0,nan,94.0,40.0,71.0,137.0
50,鳳山,2017-01-03,152,10.0,14.0,nan,102.0,39.0,nan,152.0
51,大寮,2017-01-03,133,41.0,8.0,nan,82.0,40.0,43.0,133.0
52,林園,2017-01-03,87,39.0,6.0,nan,54.0,41.0,87.0,nan
53,楠梓,2017-01-03,155,10.0,8.0,nan,92.0,46.0,48.0,155.0
54,左營,2017-01-03,152,7.0,8.0,nan,86.0,38.0,104.0,152.0
56,前金,2017-01-03,152,7.0,8.0,nan,76.0,38.0,90.0,152.0
57,前鎮,2017-01-03,155,19.0,11.0,nan,85.0,50.0,nan,155.0
58,小港,2017-01-03,155,16.0,9.0,nan,88.0,49.0,49.0,155.0
59,屏東,2017-01-03,152,9.0,8.0,nan,72.0,29.0,87.0,152.0
60,潮州,2017-01-03,137,14.0,6.0,nan,81.0,24.0,97.0,137.0
61,恆春,2017-01-03,42,3.0,1.0,nan,22.0,2.0,42.0,36.0
62,臺東,2017-01-03,28,1.0,3.0,nan,28.0,10.0,26.0,19.0
63,花蓮,2017-01-03,33,6.0,5.0,nan,23.0,17.0,31.0,33.0
64,陽明,2017-01-03,44,3.0,2.0,nan,5.0,1.0,44.0,6.0
65,宜蘭,2017-01-03,39,10.0,3.0,nan,31.0,13.0,33.0,39.0
66,冬山,2017-01-03,36,3.0,3.0,nan,26.0,20.0,30.0,36.0
68,中壢,2017-01-03,44,11.0,10.0,nan,40.0,33.0,nan,44.0
69,竹山,2017-01-03,125,4.0,6.0,nan,62.0,25.0,71.0,125.0
70,永和,2017-01-03,36,3.0,8.0,nan,19.0,27.0,nan,36.0
71,復興,2017-01-03,154,16.0,15.0,nan,80.0,60.0,nan,154.0
72,埔里,2017-01-03,99,4.0,6.0,nan,50.0,23.0,61.0,99.0
75,馬祖,2017-01-03,137,7.0,7.0,nan,72.0,14.0,112.0,137.0
77,金門,2017-01-03,120,21.0,5.0,nan,69.0,28.0,71.0,120.0
78,馬公,2017-01-03,63,4.0,3.0,nan,47.0,5.0,42.0,63.0
80,關山,2017-01-03,26,1.0,nan,nan,16.0,9.0,26.0,19.0
83,麥寮,2017-01-03,109,11.0,5.0,nan,82.0,20.0,nan,109.0
84,富貴角,2017-01-03,-1,nan,nan,nan,nan,nan,nan,nan
5,土城,2017-01-04,31,4.0,8.0,nan,17.0,27.0,31.0,29.0
2,汐止,2017-01-04,39,10.0,5.0,nan,17.0,28.0,18.0,39.0
4,新店,2017-01-04,33,3.0,5.0,nan,6.0,24.0,32.0,33.0
84,富貴角,2017-01-04,-1,nan,nan,nan,nan,nan,nan,nan
1,基隆,2017-01-04,25,1.0,3.0,nan,nan,13.0,25.0,nan
83,麥寮,2017-01-04,103,6.0,3.0,nan,68.0,16.0,nan,103.0
80,關山,2017-01-04,26,1.0,nan,nan,14.0,8.0,26.0,18.0
78,馬公,2017-01-04,80,3.0,3.0,nan,55.0,7.0,44.0,80.0
77,金門,2017-01-04,151,19.0,7.0,nan,89.0,39.0,40.0,151.0
75,馬祖,2017-01-04,114,6.0,6.0,nan,58.0,15.0,58.0,114.0
72,埔里,2017-01-04,123,7.0,6.0,nan,57.0,17.0,61.0,123.0
71,復興,2017-01-04,152,21.0,15.0,nan,81.0,58.0,nan,152.0
70,永和,2017-01-04,26,4.0,8.0,nan,13.0,26.0,nan,25.0
69,竹山,2017-01-04,142,10.0,6.0,nan,67.0,28.0,48.0,142.0
68,中壢,2017-01-04,54,9.0,25.0,nan,37.0,54.0,nan,37.0
67,三重,2017-01-04,40,9.0,23.0,nan,31.0,40.0,nan,18.0
66,冬山,2017-01-04,33,33.0,3.0,nan,20.0,21.0,26.0,18.0
65,宜蘭,2017-01-04,31,4.0,5.0,nan,24.0,19.0,31.0,25.0
64,陽明,2017-01-04,39,7.0,1.0,nan,5.0,5.0,39.0,9.0
63,花蓮,2017-01-04,34,9.0,6.0,nan,22.0,23.0,28.0,34.0
62,臺東,2017-01-04,25,1.0,5.0,nan,23.0,11.0,25.0,21.0
61,恆春,2017-01-04,40,4.0,1.0,nan,19.0,2.0,40.0,37.0
60,潮州,2017-01-04,121,13.0,5.0,nan,70.0,28.0,77.0,121.0
59,屏東,2017-01-04,142,9.0,7.0,nan,80.0,28.0,77.0,142.0
58,小港,2017-01-04,154,30.0,9.0,nan,91.0,64.0,44.0,154.0
57,前鎮,2017-01-04,152,34.0,11.0,nan,86.0,51.0,nan,152.0
56,前金,2017-01-04,141,10.0,8.0,nan,73.0,32.0,80.0,141.0
54,左營,2017-01-04,149,10.0,8.0,nan,85.0,38.0,100.0,149.0
53,楠梓,2017-01-04,147,7.0,7.0,nan,96.0,37.0,48.0,147.0
52,林園,2017-01-04,87,33.0,6.0,nan,56.0,46.0,87.0,nan
51,大寮,2017-01-04,126,23.0,7.0,nan,82.0,40.0,49.0,126.0
50,鳳山,2017-01-04,140,13.0,9.0,nan,95.0,38.0,nan,140.0
49,仁武,2017-01-04,141,21.0,7.0,nan,83.0,43.0,74.0,141.0
48,橋頭,2017-01-04,145,9.0,7.0,nan,85.0,29.0,58.0,145.0
47,美濃,2017-01-04,120,4.0,5.0,nan,65.0,15.0,80.0,120.0
46,臺南,2017-01-04,127,10.0,9.0,nan,68.0,34.0,90.0,127.0
45,安南,2017-01-04,109,11.0,6.0,nan,71.0,25.0,74.0,109.0
44,善化,2017-01-04,125,9.0,6.0,nan,70.0,21.0,71.0,125.0
3,萬里,2017-01-04,35,4.0,2.0,nan,22.0,15.0,35.0,17.0
43,新營,2017-01-04,120,10.0,6.0,nan,72.0,26.0,47.0,120.0
42,嘉義,2017-01-04,135,37.0,8.0,nan,73.0,26.0,58.0,135.0
41,臺西,2017-01-04,99,6.0,3.0,nan,54.0,10.0,nan,99.0
40,朴子,2017-01-04,96,11.0,5.0,nan,65.0,23.0,48.0,96.0
39,新港,2017-01-04,106,9.0,6.0,nan,69.0,20.0,54.0,106.0
38,崙背,2017-01-04,105,7.0,5.0,nan,57.0,18.0,47.0,105.0
37,斗六,2017-01-04,103,10.0,6.0,nan,59.0,30.0,50.0,103.0
36,南投,2017-01-04,123,11.0,9.0,nan,66.0,45.0,44.0,123.0
35,二林,2017-01-04,67,7.0,5.0,nan,58.0,20.0,44.0,67.0
34,線西,2017-01-04,87,13.0,3.0,nan,55.0,25.0,nan,87.0
33,彰化,2017-01-04,82,14.0,8.0,nan,47.0,30.0,32.0,82.0
32,西屯,2017-01-04,78,4.0,7.0,nan,51.0,40.0,44.0,78.0
31,忠明,2017-01-04,85,6.0,8.0,nan,40.0,42.0,40.0,85.0
30,大里,2017-01-04,97,9.0,9.0,nan,57.0,40.0,44.0,97.0
29,沙鹿,2017-01-04,70,4.0,6.0,nan,47.0,33.0,44.0,70.0
28,豐原,2017-01-04,76,9.0,5.0,nan,46.0,25.0,44.0,76.0
27,三義,2017-01-04,67,4.0,5.0,nan,39.0,24.0,41.0,67.0
26,苗栗,2017-01-04,54,10.0,6.0,nan,46.0,26.0,35.0,54.0
25,頭份,2017-01-04,66,7.0,6.0,nan,41.0,31.0,nan,66.0
24,新竹,2017-01-04,78,6.0,12.0,nan,52.0,38.0,25.0,78.0
23,竹東,2017-01-04,65,6.0,6.0,nan,32.0,26.0,30.0,65.0
22,湖口,2017-01-04,63,7.0,7.0,nan,43.0,35.0,40.0,63.0
21,龍潭,2017-01-04,54,7.0,9.0,nan,34.0,38.0,32.0,54.0
20,平鎮,2017-01-04,44,9.0,6.0,nan,31.0,32.0,37.0,44.0
19,觀音,2017-01-04,58,19.0,6.0,nan,40.0,36.0,42.0,58.0
18,大園,2017-01-04,43,14.0,3.0,nan,34.0,30.0,39.0,43.0
17,桃園,2017-01-04,36,11.0,7.0,nan,23.0,33.0,31.0,36.0
16,大同,2017-01-04,34,7.0,12.0,nan,31.0,34.0,nan,24.0
15,松山,2017-01-04,31,6.0,6.0,nan,19.0,31.0,23.0,26.0
14,古亭,2017-01-04,33,4.0,6.0,nan,18.0,26.0,28.0,33.0
13,萬華,2017-01-04,30,4.0,6.0,nan,23.0,30.0,25.0,29.0
12,中山,2017-01-04,34,4.0,8.0,nan,14.0,34.0,24.0,nan
11,士林,2017-01-04,33,6.0,2.0,nan,14.0,18.0,33.0,19.0
10,淡水,2017-01-04,30,4.0,5.0,nan,17.0,24.0,30.0,24.0
9,林口,2017-01-04,51,4.0,3.0,nan,36.0,25.0,30.0,51.0
8,菜寮,2017-01-04,31,4.0,6.0,nan,12.0,28.0,31.0,26.0
7,新莊,2017-01-04,34,4.0,5.0,nan,21.0,34.0,31.0,15.0
6,板橋,2017-01-04,28,6.0,7.0,nan,22.0,28.0,25.0,20.0
49,仁武,2017-01-05,115,17.0,7.0,nan,75.0,35.0,47.0,115.0
17,桃園,2017-01-05,119,17.0,11.0,nan,60.0,42.0,32.0,119.0
84,富貴角,2017-01-05,-1,nan,nan,nan,nan,nan,nan,nan
83,麥寮,2017-01-05,151,11.0,5.0,nan,83.0,20.0,nan,151.0
80,關山,2017-01-05,29,3.0,nan,nan,15.0,9.0,29.0,17.0
78,馬公,2017-01-05,72,4.0,3.0,nan,44.0,6.0,40.0,72.0
77,金門,2017-01-05,157,19.0,8.0,nan,99.0,49.0,42.0,157.0
75,馬祖,2017-01-05,91,7.0,5.0,nan,51.0,19.0,41.0,91.0
72,埔里,2017-01-05,127,4.0,5.0,nan,56.0,23.0,44.0,127.0
71,復興,2017-01-05,129,13.0,14.0,nan,64.0,44.0,nan,129.0
70,永和,2017-01-05,113,11.0,25.0,nan,53.0,72.0,nan,113.0
69,竹山,2017-01-05,140,7.0,6.0,nan,68.0,27.0,54.0,140.0
68,中壢,2017-01-05,108,7.0,20.0,nan,66.0,43.0,nan,108.0
67,三重,2017-01-05,90,13.0,26.0,nan,69.0,66.0,nan,90.0
66,冬山,2017-01-05,44,6.0,5.0,nan,32.0,17.0,25.0,44.0
65,宜蘭,2017-01-05,35,9.0,6.0,nan,35.0,22.0,32.0,34.0
64,陽明,2017-01-05,93,6.0,5.0,nan,26.0,11.0,93.0,74.0
63,花蓮,2017-01-05,33,10.0,5.0,nan,24.0,14.0,33.0,23.0
62,臺東,2017-01-05,28,1.0,5.0,nan,18.0,17.0,28.0,23.0
61,恆春,2017-01-05,42,3.0,1.0,nan,19.0,2.0,42.0,29.0
60,潮州,2017-01-05,97,23.0,5.0,nan,63.0,17.0,74.0,97.0
59,屏東,2017-01-05,108,3.0,6.0,nan,65.0,28.0,49.0,108.0
58,小港,2017-01-05,137,10.0,8.0,nan,71.0,51.0,49.0,137.0
57,前鎮,2017-01-05,120,10.0,9.0,nan,68.0,39.0,nan,120.0
56,前金,2017-01-05,127,9.0,7.0,nan,60.0,29.0,50.0,127.0
54,左營,2017-01-05,122,6.0,7.0,nan,68.0,27.0,51.0,122.0
53,楠梓,2017-01-05,132,9.0,6.0,nan,82.0,32.0,47.0,132.0
52,林園,2017-01-05,90,10.0,6.0,nan,51.0,36.0,90.0,nan
51,大寮,2017-01-05,113,9.0,7.0,nan,71.0,30.0,61.0,113.0
50,鳳山,2017-01-05,123,10.0,8.0,nan,81.0,38.0,nan,123.0
48,橋頭,2017-01-05,138,6.0,6.0,nan,73.0,28.0,44.0,138.0
47,美濃,2017-01-05,100,3.0,5.0,nan,57.0,13.0,47.0,100.0
46,臺南,2017-01-05,120,6.0,8.0,nan,60.0,31.0,45.0,120.0
45,安南,2017-01-05,104,7.0,6.0,nan,65.0,27.0,44.0,104.0
44,善化,2017-01-05,103,10.0,5.0,nan,59.0,22.0,44.0,103.0
43,新營,2017-01-05,113,7.0,6.0,nan,67.0,24.0,42.0,113.0
42,嘉義,2017-01-05,136,11.0,7.0,nan,71.0,23.0,44.0,136.0
41,臺西,2017-01-05,124,19.0,3.0,nan,62.0,33.0,nan,124.0
40,朴子,2017-01-05,90,4.0,5.0,nan,64.0,13.0,46.0,90.0
39,新港,2017-01-05,114,19.0,6.0,nan,80.0,24.0,46.0,114.0
38,崙背,2017-01-05,153,6.0,5.0,nan,76.0,15.0,47.0,153.0
37,斗六,2017-01-05,128,9.0,6.0,nan,71.0,28.0,48.0,128.0
36,南投,2017-01-05,143,10.0,8.0,nan,73.0,38.0,42.0,143.0
35,二林,2017-01-05,118,6.0,5.0,nan,90.0,18.0,45.0,118.0
34,線西,2017-01-05,156,14.0,6.0,nan,90.0,23.0,nan,156.0
33,彰化,2017-01-05,158,20.0,8.0,nan,80.0,41.0,39.0,158.0
32,西屯,2017-01-05,148,7.0,7.0,nan,83.0,31.0,40.0,148.0
31,忠明,2017-01-05,153,9.0,9.0,nan,78.0,41.0,37.0,153.0
30,大里,2017-01-05,152,10.0,10.0,nan,89.0,48.0,38.0,152.0
29,沙鹿,2017-01-05,148,13.0,7.0,nan,89.0,36.0,31.0,148.0
28,豐原,2017-01-05,145,14.0,22.0,nan,73.0,26.0,45.0,145.0
27,三義,2017-01-05,120,6.0,5.0,nan,73.0,21.0,44.0,120.0
26,苗栗,2017-01-05,123,6.0,8.0,nan,73.0,26.0,36.0,123.0
25,頭份,2017-01-05,131,7.0,7.0,nan,73.0,25.0,nan,131.0
24,新竹,2017-01-05,130,6.0,8.0,nan,68.0,32.0,32.0,130.0
23,竹東,2017-01-05,114,4.0,6.0,nan,57.0,19.0,35.0,114.0
22,湖口,2017-01-05,108,10.0,7.0,nan,68.0,34.0,44.0,108.0
21,龍潭,2017-01-05,102,6.0,6.0,nan,52.0,26.0,41.0,102.0
20,平鎮,2017-01-05,105,7.0,7.0,nan,61.0,41.0,35.0,105.0
19,觀音,2017-01-05,111,7.0,6.0,nan,59.0,31.0,43.0,111.0
18,大園,2017-01-05,120,14.0,7.0,nan,65.0,28.0,37.0,120.0
16,大同,2017-01-05,94,13.0,23.0,nan,63.0,68.0,nan,94.0
15,松山,2017-01-05,90,9.0,12.0,nan,50.0,66.0,43.0,90.0
14,古亭,2017-01-05,119,13.0,12.0,nan,58.0,61.0,44.0,119.0
13,萬華,2017-01-05,105,14.0,14.0,nan,54.0,65.0,35.0,105.0
12,中山,2017-01-05,92,11.0,15.0,nan,54.0,64.0,31.0,92.0
11,士林,2017-01-05,90,10.0,9.0,nan,53.0,37.0,48.0,90.0
10,淡水,2017-01-05,106,19.0,7.0,nan,60.0,33.0,44.0,106.0
9,林口,2017-01-05,134,17.0,7.0,nan,74.0,42.0,29.0,134.0
8,菜寮,2017-01-05,123,13.0,11.0,nan,61.0,45.0,41.0,123.0
7,新莊,2017-01-05,114,20.0,11.0,nan,66.0,51.0,36.0,114.0
6,板橋,2017-01-05,121,24.0,10.0,nan,73.0,51.0,36.0,121.0
5,土城,2017-01-05,112,17.0,10.0,nan,57.0,42.0,38.0,112.0
4,新店,2017-01-05,105,11.0,11.0,nan,49.0,51.0,46.0,105.0
3,萬里,2017-01-05,93,10.0,6.0,nan,54.0,32.0,47.0,93.0
2,汐止,2017-01-05,110,17.0,11.0,nan,57.0,48.0,38.0,110.0
1,基隆,2017-01-05,80,10.0,8.0,nan,38.0,29.0,44.0,80.0
56,前金,2017-01-06,64,7.0,7.0,nan,64.0,25.0,61.0,nan
83,麥寮,2017-01-06,152,4.0,5.0,nan,77.0,16.0,nan,152.0
78,馬公,2017-01-06,65,4.0,3.0,nan,31.0,6.0,38.0,65.0
77,金門,2017-01-06,149,11.0,6.0,nan,77.0,25.0,28.0,149.0
75,馬祖,2017-01-06,61,6.0,5.0,nan,37.0,9.0,40.0,61.0
72,埔里,2017-01-06,115,4.0,6.0,nan,54.0,18.0,46.0,115.0
71,復興,2017-01-06,144,19.0,12.0,nan,68.0,38.0,nan,144.0
70,永和,2017-01-06,111,11.0,15.0,nan,54.0,40.0,nan,111.0
69,竹山,2017-01-06,146,10.0,5.0,nan,70.0,21.0,47.0,146.0
68,中壢,2017-01-06,97,11.0,14.0,nan,62.0,46.0,nan,97.0
67,三重,2017-01-06,88,20.0,24.0,nan,68.0,49.0,nan,88.0
66,冬山,2017-01-06,78,10.0,6.0,nan,55.0,23.0,31.0,78.0
65,宜蘭,2017-01-06,65,6.0,6.0,nan,45.0,18.0,39.0,65.0
64,陽明,2017-01-06,44,6.0,3.0,nan,15.0,6.0,44.0,41.0
63,花蓮,2017-01-06,45,4.0,5.0,nan,29.0,14.0,45.0,42.0
62,臺東,2017-01-06,28,1.0,6.0,nan,20.0,21.0,28.0,26.0
61,恆春,2017-01-06,42,3.0,1.0,nan,21.0,2.0,42.0,24.0
60,潮州,2017-01-06,113,13.0,6.0,nan,67.0,23.0,61.0,113.0
59,屏東,2017-01-06,145,16.0,7.0,nan,63.0,30.0,50.0,145.0
58,小港,2017-01-06,151,17.0,9.0,nan,72.0,53.0,40.0,151.0
57,前鎮,2017-01-06,141,24.0,9.0,nan,75.0,34.0,nan,141.0
54,左營,2017-01-06,152,13.0,8.0,nan,78.0,25.0,50.0,152.0
53,楠梓,2017-01-06,135,9.0,6.0,nan,79.0,24.0,43.0,135.0
52,林園,2017-01-06,49,27.0,5.0,nan,47.0,36.0,49.0,nan
84,富貴角,2017-01-06,-1,nan,nan,nan,nan,nan,nan,nan
51,大寮,2017-01-06,109,16.0,6.0,nan,69.0,36.0,38.0,109.0
50,鳳山,2017-01-06,138,16.0,9.0,nan,82.0,42.0,nan,138.0
49,仁武,2017-01-06,132,29.0,7.0,nan,78.0,35.0,43.0,132.0
48,橋頭,2017-01-06,152,9.0,7.0,nan,71.0,26.0,41.0,152.0
47,美濃,2017-01-06,103,6.0,5.0,nan,52.0,14.0,49.0,103.0
46,臺南,2017-01-06,160,7.0,9.0,nan,85.0,30.0,44.0,160.0
45,安南,2017-01-06,151,6.0,7.0,nan,85.0,26.0,44.0,151.0
44,善化,2017-01-06,140,6.0,6.0,nan,80.0,25.0,42.0,140.0
43,新營,2017-01-06,154,11.0,6.0,nan,93.0,28.0,41.0,154.0
42,嘉義,2017-01-06,161,13.0,8.0,nan,88.0,27.0,44.0,161.0
41,臺西,2017-01-06,152,21.0,3.0,nan,64.0,27.0,nan,152.0
40,朴子,2017-01-06,128,7.0,5.0,nan,80.0,15.0,46.0,128.0
39,新港,2017-01-06,149,9.0,6.0,nan,89.0,19.0,44.0,149.0
38,崙背,2017-01-06,152,10.0,5.0,nan,80.0,19.0,42.0,152.0
37,斗六,2017-01-06,156,9.0,6.0,nan,75.0,29.0,46.0,156.0
36,南投,2017-01-06,153,7.0,7.0,nan,80.0,31.0,44.0,153.0
35,二林,2017-01-06,96,11.0,5.0,nan,75.0,18.0,42.0,96.0
34,線西,2017-01-06,123,9.0,5.0,nan,68.0,32.0,nan,123.0
33,彰化,2017-01-06,144,11.0,7.0,nan,68.0,27.0,34.0,144.0
32,西屯,2017-01-06,124,6.0,7.0,nan,65.0,33.0,47.0,124.0
31,忠明,2017-01-06,136,6.0,8.0,nan,68.0,37.0,45.0,136.0
30,大里,2017-01-06,139,7.0,9.0,nan,77.0,31.0,46.0,139.0
29,沙鹿,2017-01-06,105,3.0,6.0,nan,70.0,37.0,41.0,105.0
28,豐原,2017-01-06,101,6.0,6.0,nan,53.0,28.0,46.0,101.0
27,三義,2017-01-06,79,4.0,5.0,nan,57.0,19.0,41.0,79.0
26,苗栗,2017-01-06,109,7.0,7.0,nan,72.0,26.0,36.0,109.0
25,頭份,2017-01-06,111,4.0,5.0,nan,64.0,26.0,nan,111.0
24,新竹,2017-01-06,106,9.0,6.0,nan,62.0,28.0,34.0,106.0
23,竹東,2017-01-06,114,9.0,6.0,nan,61.0,24.0,31.0,114.0
22,湖口,2017-01-06,78,9.0,5.0,nan,59.0,25.0,43.0,78.0
21,龍潭,2017-01-06,117,13.0,8.0,nan,64.0,33.0,29.0,117.0
20,平鎮,2017-01-06,97,10.0,6.0,nan,59.0,31.0,32.0,97.0
19,觀音,2017-01-06,78,13.0,3.0,nan,52.0,21.0,44.0,78.0
18,大園,2017-01-06,82,13.0,5.0,nan,56.0,30.0,41.0,82.0
16,大同,2017-01-06,98,17.0,18.0,nan,62.0,44.0,nan,98.0
15,松山,2017-01-06,98,30.0,11.0,nan,53.0,43.0,21.0,98.0
14,古亭,2017-01-06,118,13.0,10.0,nan,57.0,39.0,23.0,118.0
13,萬華,2017-01-06,102,14.0,10.0,nan,54.0,42.0,21.0,102.0
12,中山,2017-01-06,92,16.0,11.0,nan,54.0,45.0,18.0,92.0
11,士林,2017-01-06,85,11.0,7.0,nan,48.0,31.0,29.0,85.0
10,淡水,2017-01-06,89,10.0,6.0,nan,52.0,32.0,33.0,89.0
9,林口,2017-01-06,129,13.0,6.0,nan,73.0,38.0,31.0,129.0
8,菜寮,2017-01-06,103,16.0,8.0,nan,54.0,41.0,29.0,103.0
7,新莊,2017-01-06,98,10.0,8.0,nan,59.0,38.0,28.0,98.0
6,板橋,2017-01-06,104,23.0,10.0,nan,67.0,40.0,22.0,104.0
5,土城,2017-01-06,110,11.0,9.0,nan,57.0,42.0,27.0,110.0
4,新店,2017-01-06,112,9.0,9.0,nan,53.0,33.0,28.0,112.0
3,萬里,2017-01-06,72,9.0,5.0,nan,47.0,15.0,43.0,72.0
2,汐止,2017-01-06,108,17.0,10.0,nan,53.0,34.0,30.0,108.0
1,基隆,2017-01-06,77,40.0,9.0,nan,31.0,43.0,31.0,77.0
17,桃園,2017-01-06,100,14.0,8.0,nan,57.0,34.0,31.0,100.0
80,關山,2017-01-06,30,3.0,nan,nan,18.0,9.0,30.0,17.0
37,斗六,2017-01-07,158,7.0,7.0,nan,81.0,39.0,46.0,158.0
17,桃園,2017-01-07,81,21.0,8.0,nan,48.0,36.0,30.0,81.0
1,基隆,2017-01-07,43,14.0,7.0,nan,19.0,34.0,31.0,43.0
2,汐止,2017-01-07,80,9.0,8.0,nan,40.0,32.0,36.0,80.0
3,萬里,2017-01-07,49,10.0,5.0,nan,46.0,23.0,40.0,49.0
4,新店,2017-01-07,87,7.0,7.0,nan,43.0,28.0,36.0,87.0
5,土城,2017-01-07,87,11.0,8.0,nan,47.0,29.0,36.0,87.0
6,板橋,2017-01-07,82,13.0,8.0,nan,58.0,35.0,32.0,82.0
7,新莊,2017-01-07,78,14.0,8.0,nan,48.0,33.0,35.0,78.0
8,菜寮,2017-01-07,81,9.0,9.0,nan,42.0,38.0,29.0,81.0
9,林口,2017-01-07,106,9.0,6.0,nan,62.0,24.0,34.0,106.0
10,淡水,2017-01-07,63,11.0,6.0,nan,37.0,27.0,31.0,63.0
11,士林,2017-01-07,58,7.0,7.0,nan,29.0,32.0,36.0,58.0
12,中山,2017-01-07,66,7.0,12.0,nan,36.0,42.0,23.0,66.0
13,萬華,2017-01-07,71,9.0,11.0,nan,50.0,15.0,28.0,71.0
14,古亭,2017-01-07,91,6.0,9.0,nan,43.0,35.0,33.0,91.0
15,松山,2017-01-07,66,7.0,9.0,nan,36.0,40.0,32.0,66.0
16,大同,2017-01-07,58,7.0,17.0,nan,48.0,42.0,nan,58.0
18,大園,2017-01-07,63,19.0,6.0,nan,52.0,24.0,28.0,63.0
19,觀音,2017-01-07,67,10.0,5.0,nan,47.0,20.0,30.0,67.0
20,平鎮,2017-01-07,70,9.0,7.0,nan,50.0,30.0,34.0,70.0
21,龍潭,2017-01-07,81,4.0,7.0,nan,54.0,25.0,32.0,81.0
22,湖口,2017-01-07,70,6.0,5.0,nan,53.0,25.0,39.0,70.0
23,竹東,2017-01-07,83,4.0,5.0,nan,52.0,18.0,31.0,83.0
24,新竹,2017-01-07,82,4.0,7.0,nan,52.0,33.0,32.0,82.0
25,頭份,2017-01-07,77,6.0,5.0,nan,58.0,17.0,nan,77.0
26,苗栗,2017-01-07,80,3.0,6.0,nan,65.0,21.0,32.0,80.0
27,三義,2017-01-07,79,7.0,6.0,nan,54.0,25.0,31.0,79.0
28,豐原,2017-01-07,118,9.0,8.0,nan,61.0,28.0,37.0,118.0
29,沙鹿,2017-01-07,89,7.0,8.0,nan,72.0,35.0,40.0,89.0
30,大里,2017-01-07,143,13.0,10.0,nan,89.0,42.0,33.0,143.0
31,忠明,2017-01-07,139,7.0,11.0,nan,78.0,42.0,36.0,139.0
32,西屯,2017-01-07,134,9.0,9.0,nan,77.0,39.0,41.0,134.0
33,彰化,2017-01-07,129,14.0,9.0,nan,67.0,37.0,35.0,129.0
34,線西,2017-01-07,97,16.0,6.0,nan,66.0,32.0,nan,97.0
35,二林,2017-01-07,81,9.0,6.0,nan,68.0,18.0,44.0,81.0
36,南投,2017-01-07,153,10.0,8.0,nan,82.0,34.0,43.0,153.0
38,崙背,2017-01-07,117,6.0,5.0,nan,65.0,16.0,47.0,117.0
39,新港,2017-01-07,131,10.0,6.0,nan,85.0,19.0,49.0,131.0
40,朴子,2017-01-07,122,13.0,6.0,nan,82.0,19.0,49.0,122.0
41,臺西,2017-01-07,150,20.0,5.0,nan,68.0,25.0,nan,150.0
42,嘉義,2017-01-07,155,7.0,9.0,nan,88.0,29.0,44.0,155.0
43,新營,2017-01-07,153,7.0,7.0,nan,92.0,25.0,45.0,153.0
44,善化,2017-01-07,133,7.0,6.0,nan,75.0,25.0,47.0,133.0
45,安南,2017-01-07,135,7.0,6.0,nan,77.0,31.0,48.0,135.0
46,臺南,2017-01-07,152,9.0,8.0,nan,71.0,38.0,51.0,152.0
47,美濃,2017-01-07,99,3.0,5.0,nan,59.0,13.0,50.0,99.0
48,橋頭,2017-01-07,152,9.0,7.0,nan,78.0,27.0,46.0,152.0
49,仁武,2017-01-07,144,13.0,7.0,nan,83.0,30.0,47.0,144.0
50,鳳山,2017-01-07,130,11.0,9.0,nan,86.0,34.0,nan,130.0
51,大寮,2017-01-07,127,11.0,6.0,nan,75.0,28.0,44.0,127.0
52,林園,2017-01-07,77,20.0,6.0,nan,49.0,29.0,77.0,nan
53,楠梓,2017-01-07,145,11.0,7.0,nan,87.0,42.0,44.0,145.0
54,左營,2017-01-07,152,13.0,8.0,nan,78.0,40.0,74.0,152.0
84,富貴角,2017-01-07,-1,nan,nan,nan,nan,nan,nan,nan
56,前金,2017-01-07,149,7.0,8.0,nan,77.0,35.0,61.0,149.0
57,前鎮,2017-01-07,146,29.0,10.0,nan,78.0,42.0,nan,146.0
58,小港,2017-01-07,153,49.0,8.0,nan,74.0,58.0,38.0,153.0
59,屏東,2017-01-07,141,6.0,7.0,nan,66.0,25.0,50.0,141.0
60,潮州,2017-01-07,128,11.0,6.0,nan,78.0,26.0,64.0,128.0
61,恆春,2017-01-07,42,3.0,1.0,nan,19.0,2.0,42.0,17.0
62,臺東,2017-01-07,28,1.0,6.0,nan,22.0,19.0,28.0,27.0
63,花蓮,2017-01-07,32,3.0,6.0,nan,27.0,21.0,31.0,32.0
64,陽明,2017-01-07,39,4.0,3.0,nan,12.0,8.0,39.0,32.0
65,宜蘭,2017-01-07,38,9.0,5.0,nan,33.0,12.0,31.0,38.0
66,冬山,2017-01-07,45,6.0,5.0,nan,36.0,22.0,29.0,45.0
67,三重,2017-01-07,56,11.0,23.0,nan,56.0,47.0,nan,56.0
68,中壢,2017-01-07,90,9.0,19.0,nan,57.0,37.0,nan,90.0
69,竹山,2017-01-07,152,7.0,7.0,nan,76.0,29.0,46.0,152.0
70,永和,2017-01-07,87,7.0,18.0,nan,44.0,44.0,nan,87.0
71,復興,2017-01-07,149,26.0,12.0,nan,72.0,46.0,nan,149.0
72,埔里,2017-01-07,91,6.0,5.0,nan,44.0,22.0,42.0,91.0
75,馬祖,2017-01-07,56,9.0,6.0,nan,33.0,7.0,31.0,56.0
77,金門,2017-01-07,142,24.0,8.0,nan,76.0,29.0,35.0,142.0
78,馬公,2017-01-07,55,3.0,3.0,nan,30.0,6.0,42.0,55.0
80,關山,2017-01-07,29,4.0,nan,nan,21.0,10.0,29.0,20.0
83,麥寮,2017-01-07,141,3.0,5.0,nan,78.0,17.0,nan,141.0
83,麥寮,2017-01-08,135,10.0,7.0,nan,85.0,22.0,nan,135.0
4,新店,2017-01-08,58,11.0,8.0,nan,27.0,23.0,31.0,58.0
1,基隆,2017-01-08,48,17.0,6.0,nan,19.0,33.0,38.0,48.0
17,桃園,2017-01-08,57,13.0,9.0,nan,35.0,27.0,28.0,57.0
3,萬里,2017-01-08,46,4.0,6.0,nan,44.0,15.0,45.0,46.0
6,板橋,2017-01-08,64,11.0,8.0,nan,46.0,25.0,24.0,64.0
7,新莊,2017-01-08,62,10.0,10.0,nan,39.0,28.0,29.0,62.0
8,菜寮,2017-01-08,76,9.0,10.0,nan,38.0,36.0,30.0,76.0
9,林口,2017-01-08,73,10.0,7.0,nan,48.0,31.0,29.0,73.0
10,淡水,2017-01-08,65,6.0,7.0,nan,37.0,27.0,31.0,65.0
11,士林,2017-01-08,57,13.0,9.0,nan,29.0,27.0,37.0,57.0
12,中山,2017-01-08,63,7.0,12.0,nan,35.0,38.0,25.0,63.0
13,萬華,2017-01-08,61,7.0,10.0,nan,31.0,nan,27.0,61.0
14,古亭,2017-01-08,68,6.0,8.0,nan,29.0,24.0,31.0,68.0
15,松山,2017-01-08,52,6.0,10.0,nan,29.0,32.0,29.0,52.0
16,大同,2017-01-08,64,9.0,14.0,nan,45.0,40.0,nan,64.0
18,大園,2017-01-08,55,9.0,6.0,nan,36.0,21.0,31.0,55.0
19,觀音,2017-01-08,67,10.0,7.0,nan,42.0,20.0,32.0,67.0
20,平鎮,2017-01-08,45,9.0,7.0,nan,34.0,25.0,25.0,45.0
21,龍潭,2017-01-08,59,14.0,7.0,nan,32.0,23.0,26.0,59.0
22,湖口,2017-01-08,52,9.0,7.0,nan,36.0,20.0,30.0,52.0
23,竹東,2017-01-08,32,4.0,7.0,nan,32.0,18.0,25.0,nan
24,新竹,2017-01-08,65,7.0,7.0,nan,39.0,21.0,25.0,65.0
25,頭份,2017-01-08,65,9.0,7.0,nan,39.0,25.0,nan,65.0
26,苗栗,2017-01-08,57,9.0,8.0,nan,44.0,23.0,26.0,57.0
27,三義,2017-01-08,64,4.0,7.0,nan,36.0,22.0,33.0,64.0
28,豐原,2017-01-08,55,7.0,7.0,nan,37.0,18.0,37.0,55.0
29,沙鹿,2017-01-08,64,4.0,7.0,nan,44.0,26.0,36.0,64.0
30,大里,2017-01-08,77,9.0,10.0,nan,50.0,33.0,40.0,77.0
31,忠明,2017-01-08,87,6.0,12.0,nan,49.0,39.0,37.0,87.0
32,西屯,2017-01-08,94,4.0,10.0,nan,48.0,30.0,39.0,94.0
33,彰化,2017-01-08,85,6.0,9.0,nan,43.0,31.0,36.0,85.0
34,線西,2017-01-08,98,19.0,8.0,nan,60.0,28.0,nan,98.0
35,二林,2017-01-08,83,14.0,8.0,nan,64.0,23.0,39.0,83.0
36,南投,2017-01-08,79,6.0,9.0,nan,46.0,30.0,44.0,79.0
37,斗六,2017-01-08,94,13.0,8.0,nan,53.0,31.0,47.0,94.0
38,崙背,2017-01-08,117,14.0,8.0,nan,60.0,25.0,39.0,117.0
39,新港,2017-01-08,108,10.0,8.0,nan,73.0,23.0,42.0,108.0
40,朴子,2017-01-08,98,7.0,7.0,nan,73.0,21.0,47.0,98.0
5,土城,2017-01-08,65,17.0,8.0,nan,34.0,23.0,30.0,65.0
41,臺西,2017-01-08,126,10.0,7.0,nan,60.0,24.0,nan,126.0
42,嘉義,2017-01-08,122,57.0,9.0,nan,62.0,28.0,44.0,122.0
43,新營,2017-01-08,123,7.0,7.0,nan,70.0,26.0,44.0,123.0
44,善化,2017-01-08,111,7.0,7.0,nan,65.0,26.0,48.0,111.0
45,安南,2017-01-08,113,6.0,7.0,nan,68.0,27.0,54.0,113.0
46,臺南,2017-01-08,119,7.0,8.0,nan,59.0,35.0,58.0,119.0
47,美濃,2017-01-08,72,4.0,5.0,nan,38.0,14.0,49.0,72.0
48,橋頭,2017-01-08,125,7.0,7.0,nan,64.0,25.0,50.0,125.0
49,仁武,2017-01-08,99,24.0,6.0,nan,66.0,20.0,67.0,99.0
2,汐止,2017-01-08,71,7.0,8.0,nan,34.0,24.0,32.0,71.0
50,鳳山,2017-01-08,96,10.0,8.0,nan,67.0,37.0,nan,96.0
51,大寮,2017-01-08,92,7.0,7.0,nan,62.0,27.0,67.0,92.0
52,林園,2017-01-08,90,13.0,5.0,nan,44.0,28.0,90.0,nan
53,楠梓,2017-01-08,99,6.0,7.0,nan,69.0,25.0,54.0,99.0
54,左營,2017-01-08,109,6.0,6.0,nan,62.0,25.0,84.0,109.0
56,前金,2017-01-08,101,7.0,7.0,nan,63.0,27.0,84.0,101.0
84,富貴角,2017-01-08,-1,nan,nan,nan,nan,nan,nan,nan
57,前鎮,2017-01-08,88,16.0,9.0,nan,59.0,34.0,nan,88.0
58,小港,2017-01-08,110,16.0,8.0,nan,64.0,39.0,64.0,110.0
59,屏東,2017-01-08,95,9.0,8.0,nan,57.0,30.0,50.0,95.0
60,潮州,2017-01-08,25,4.0,5.0,nan,nan,14.0,25.0,nan
61,恆春,2017-01-08,61,4.0,3.0,nan,28.0,5.0,61.0,36.0
62,臺東,2017-01-08,29,3.0,5.0,nan,20.0,8.0,29.0,28.0
63,花蓮,2017-01-08,37,3.0,6.0,nan,24.0,10.0,37.0,31.0
64,陽明,2017-01-08,42,1.0,6.0,nan,6.0,8.0,42.0,14.0
65,宜蘭,2017-01-08,41,4.0,7.0,nan,32.0,15.0,35.0,41.0
66,冬山,2017-01-08,40,6.0,6.0,nan,38.0,22.0,35.0,40.0
67,三重,2017-01-08,60,9.0,22.0,nan,46.0,40.0,nan,60.0
68,中壢,2017-01-08,54,13.0,14.0,nan,32.0,33.0,nan,54.0
69,竹山,2017-01-08,106,7.0,8.0,nan,54.0,29.0,58.0,106.0
70,永和,2017-01-08,64,6.0,12.0,nan,30.0,32.0,nan,64.0
71,復興,2017-01-08,95,7.0,10.0,nan,54.0,33.0,nan,95.0
72,埔里,2017-01-08,77,6.0,6.0,nan,39.0,20.0,49.0,77.0
75,馬祖,2017-01-08,58,6.0,7.0,nan,35.0,8.0,39.0,58.0
77,金門,2017-01-08,113,14.0,9.0,nan,60.0,28.0,44.0,113.0
78,馬公,2017-01-08,66,6.0,6.0,nan,31.0,9.0,44.0,66.0
80,關山,2017-01-08,31,6.0,nan,nan,20.0,8.0,31.0,23.0
77,金門,2017-01-09,89,7.0,7.0,nan,54.0,11.0,45.0,89.0
83,麥寮,2017-01-09,99,10.0,7.0,nan,99.0,26.0,nan,93.0
17,桃園,2017-01-09,61,11.0,8.0,nan,36.0,26.0,33.0,61.0
1,基隆,2017-01-09,67,1.0,6.0,nan,31.0,9.0,42.0,67.0
2,汐止,2017-01-09,79,9.0,7.0,nan,40.0,27.0,33.0,79.0
3,萬里,2017-01-09,80,3.0,6.0,nan,68.0,6.0,50.0,80.0
4,新店,2017-01-09,77,4.0,8.0,nan,36.0,19.0,36.0,77.0
5,土城,2017-01-09,68,10.0,8.0,nan,41.0,27.0,34.0,68.0
6,板橋,2017-01-09,65,11.0,8.0,nan,45.0,30.0,31.0,65.0
7,新莊,2017-01-09,55,7.0,8.0,nan,38.0,24.0,34.0,55.0
8,菜寮,2017-01-09,66,4.0,8.0,nan,36.0,24.0,34.0,66.0
9,林口,2017-01-09,81,4.0,6.0,nan,54.0,22.0,37.0,81.0
10,淡水,2017-01-09,65,3.0,8.0,nan,40.0,24.0,34.0,65.0
11,士林,2017-01-09,61,3.0,7.0,nan,30.0,13.0,42.0,61.0
12,中山,2017-01-09,57,6.0,10.0,nan,34.0,39.0,31.0,57.0
13,萬華,2017-01-09,57,9.0,8.0,nan,35.0,38.0,32.0,57.0
14,古亭,2017-01-09,78,7.0,8.0,nan,35.0,25.0,32.0,78.0
15,松山,2017-01-09,67,9.0,8.0,nan,34.0,39.0,31.0,67.0
16,大同,2017-01-09,60,7.0,12.0,nan,52.0,39.0,nan,60.0
18,大園,2017-01-09,64,9.0,7.0,nan,52.0,24.0,33.0,64.0
19,觀音,2017-01-09,75,11.0,7.0,nan,45.0,22.0,36.0,75.0
20,平鎮,2017-01-09,62,10.0,8.0,nan,39.0,25.0,34.0,62.0
21,龍潭,2017-01-09,67,10.0,7.0,nan,42.0,15.0,34.0,67.0
22,湖口,2017-01-09,60,6.0,7.0,nan,41.0,19.0,36.0,60.0
23,竹東,2017-01-09,61,4.0,6.0,nan,34.0,11.0,34.0,61.0
24,新竹,2017-01-09,69,7.0,8.0,nan,44.0,25.0,31.0,69.0
25,頭份,2017-01-09,71,9.0,7.0,nan,45.0,25.0,nan,71.0
26,苗栗,2017-01-09,64,11.0,7.0,nan,49.0,17.0,35.0,64.0
27,三義,2017-01-09,61,4.0,6.0,nan,33.0,13.0,38.0,61.0
28,豐原,2017-01-09,48,4.0,6.0,nan,31.0,16.0,41.0,48.0
29,沙鹿,2017-01-09,58,4.0,7.0,nan,41.0,15.0,39.0,58.0
30,大里,2017-01-09,63,4.0,9.0,nan,35.0,34.0,40.0,63.0
31,忠明,2017-01-09,52,4.0,7.0,nan,29.0,24.0,40.0,52.0
32,西屯,2017-01-09,60,3.0,6.0,nan,35.0,21.0,44.0,60.0
34,線西,2017-01-09,78,16.0,9.0,nan,53.0,22.0,nan,78.0
35,二林,2017-01-09,55,10.0,7.0,nan,50.0,21.0,38.0,55.0
36,南投,2017-01-09,86,4.0,9.0,nan,50.0,34.0,41.0,86.0
37,斗六,2017-01-09,85,6.0,7.0,nan,47.0,26.0,47.0,85.0
38,崙背,2017-01-09,85,13.0,8.0,nan,54.0,31.0,39.0,85.0
39,新港,2017-01-09,82,10.0,7.0,nan,61.0,25.0,44.0,82.0
40,朴子,2017-01-09,76,10.0,8.0,nan,76.0,23.0,46.0,70.0
41,臺西,2017-01-09,91,7.0,6.0,nan,48.0,12.0,nan,91.0
42,嘉義,2017-01-09,104,20.0,10.0,nan,62.0,31.0,42.0,104.0
43,新營,2017-01-09,88,9.0,8.0,nan,68.0,27.0,43.0,88.0
44,善化,2017-01-09,76,11.0,8.0,nan,62.0,26.0,45.0,76.0
45,安南,2017-01-09,78,7.0,8.0,nan,71.0,26.0,47.0,78.0
46,臺南,2017-01-09,85,7.0,9.0,nan,62.0,28.0,49.0,85.0
47,美濃,2017-01-09,97,4.0,7.0,nan,64.0,16.0,80.0,97.0
48,橋頭,2017-01-09,138,13.0,10.0,nan,89.0,30.0,54.0,138.0
49,仁武,2017-01-09,107,13.0,10.0,nan,92.0,43.0,80.0,107.0
50,鳳山,2017-01-09,130,17.0,12.0,nan,94.0,55.0,nan,130.0
51,大寮,2017-01-09,114,34.0,9.0,nan,82.0,45.0,74.0,114.0
52,林園,2017-01-09,101,30.0,7.0,nan,57.0,48.0,101.0,nan
53,楠梓,2017-01-09,127,14.0,9.0,nan,96.0,29.0,74.0,127.0
54,左營,2017-01-09,128,11.0,11.0,nan,87.0,33.0,80.0,128.0
56,前金,2017-01-09,121,10.0,11.0,nan,87.0,35.0,97.0,121.0
57,前鎮,2017-01-09,131,23.0,15.0,nan,87.0,53.0,nan,131.0
58,小港,2017-01-09,147,29.0,10.0,nan,82.0,56.0,77.0,147.0
84,富貴角,2017-01-09,-1,nan,nan,nan,nan,nan,nan,nan
59,屏東,2017-01-09,136,13.0,9.0,nan,75.0,29.0,122.0,136.0
60,潮州,2017-01-09,132,10.0,7.0,nan,64.0,18.0,132.0,109.0
61,恆春,2017-01-09,46,3.0,5.0,nan,28.0,3.0,46.0,36.0
62,臺東,2017-01-09,36,1.0,7.0,nan,27.0,9.0,30.0,36.0
63,花蓮,2017-01-09,44,3.0,7.0,nan,31.0,13.0,43.0,44.0
64,陽明,2017-01-09,45,1.0,6.0,nan,13.0,3.0,45.0,32.0
65,宜蘭,2017-01-09,60,6.0,7.0,nan,44.0,12.0,37.0,60.0
66,冬山,2017-01-09,61,6.0,7.0,nan,50.0,19.0,33.0,61.0
67,三重,2017-01-09,61,7.0,24.0,nan,52.0,50.0,nan,61.0
68,中壢,2017-01-09,66,10.0,15.0,nan,42.0,36.0,nan,66.0
69,竹山,2017-01-09,109,7.0,8.0,nan,59.0,32.0,50.0,109.0
70,永和,2017-01-09,79,6.0,10.0,nan,39.0,22.0,nan,79.0
71,復興,2017-01-09,134,17.0,17.0,nan,85.0,51.0,nan,134.0
72,埔里,2017-01-09,93,9.0,8.0,nan,43.0,29.0,93.0,89.0
75,馬祖,2017-01-09,87,6.0,7.0,nan,49.0,8.0,54.0,87.0
78,馬公,2017-01-09,70,6.0,6.0,nan,41.0,6.0,44.0,70.0
80,關山,2017-01-09,31,3.0,nan,nan,24.0,8.0,31.0,31.0
33,彰化,2017-01-09,63,4.0,8.0,nan,32.0,24.0,35.0,63.0
33,彰化,2017-01-10,98,7.0,8.0,nan,52.0,26.0,38.0,98.0
80,關山,2017-01-10,50,3.0,nan,nan,32.0,8.0,34.0,50.0
83,麥寮,2017-01-10,121,13.0,7.0,nan,82.0,29.0,nan,121.0
78,馬公,2017-01-10,98,4.0,6.0,nan,54.0,4.0,46.0,98.0
77,金門,2017-01-10,130,9.0,7.0,nan,67.0,17.0,58.0,130.0
75,馬祖,2017-01-10,152,7.0,8.0,nan,76.0,8.0,46.0,152.0
72,埔里,2017-01-10,105,6.0,8.0,nan,49.0,31.0,80.0,105.0
71,復興,2017-01-10,145,13.0,17.0,nan,83.0,50.0,nan,145.0
70,永和,2017-01-10,93,4.0,8.0,nan,42.0,25.0,nan,93.0
69,竹山,2017-01-10,140,10.0,7.0,nan,66.0,26.0,100.0,140.0
68,中壢,2017-01-10,89,9.0,14.0,nan,51.0,36.0,nan,89.0
67,三重,2017-01-10,85,13.0,34.0,nan,60.0,50.0,nan,85.0
66,冬山,2017-01-10,75,3.0,6.0,nan,51.0,21.0,35.0,75.0
65,宜蘭,2017-01-10,80,7.0,7.0,nan,54.0,18.0,33.0,80.0
64,陽明,2017-01-10,67,6.0,5.0,nan,25.0,5.0,44.0,67.0
63,花蓮,2017-01-10,67,4.0,8.0,nan,44.0,24.0,42.0,67.0
62,臺東,2017-01-10,56,3.0,7.0,nan,35.0,11.0,36.0,56.0
61,恆春,2017-01-10,58,3.0,5.0,nan,32.0,2.0,58.0,46.0
60,潮州,2017-01-10,138,11.0,8.0,nan,80.0,24.0,129.0,138.0
84,富貴角,2017-01-10,-1,nan,nan,nan,nan,nan,nan,nan
59,屏東,2017-01-10,142,13.0,10.0,nan,79.0,47.0,77.0,142.0
58,小港,2017-01-10,151,21.0,12.0,nan,89.0,52.0,64.0,151.0
57,前鎮,2017-01-10,142,24.0,14.0,nan,88.0,47.0,nan,142.0
56,前金,2017-01-10,137,13.0,11.0,nan,82.0,35.0,108.0,137.0
54,左營,2017-01-10,147,11.0,11.0,nan,87.0,34.0,100.0,147.0
53,楠梓,2017-01-10,145,9.0,9.0,nan,93.0,35.0,80.0,145.0
52,林園,2017-01-10,136,10.0,8.0,nan,62.0,40.0,136.0,nan
51,大寮,2017-01-10,124,16.0,9.0,nan,86.0,39.0,93.0,124.0
50,鳳山,2017-01-10,140,21.0,11.0,nan,94.0,45.0,nan,140.0
49,仁武,2017-01-10,125,19.0,9.0,nan,90.0,43.0,84.0,125.0
48,橋頭,2017-01-10,152,11.0,9.0,nan,82.0,41.0,71.0,152.0
47,美濃,2017-01-10,128,9.0,8.0,nan,76.0,21.0,90.0,128.0
46,臺南,2017-01-10,120,7.0,9.0,nan,64.0,33.0,54.0,120.0
45,安南,2017-01-10,112,7.0,8.0,nan,74.0,30.0,50.0,112.0
44,善化,2017-01-10,127,7.0,7.0,nan,68.0,25.0,54.0,127.0
43,新營,2017-01-10,121,7.0,7.0,nan,75.0,25.0,47.0,121.0
42,嘉義,2017-01-10,131,36.0,9.0,nan,69.0,25.0,61.0,131.0
41,臺西,2017-01-10,121,10.0,6.0,nan,58.0,22.0,nan,121.0
40,朴子,2017-01-10,102,10.0,6.0,nan,76.0,16.0,51.0,102.0
39,新港,2017-01-10,112,13.0,7.0,nan,68.0,19.0,47.0,112.0
38,崙背,2017-01-10,126,14.0,7.0,nan,61.0,23.0,46.0,126.0
37,斗六,2017-01-10,128,9.0,7.0,nan,62.0,28.0,74.0,128.0
36,南投,2017-01-10,106,10.0,9.0,nan,61.0,39.0,45.0,106.0
35,二林,2017-01-10,87,20.0,7.0,nan,62.0,25.0,44.0,87.0
34,線西,2017-01-10,107,19.0,8.0,nan,60.0,24.0,nan,107.0
32,西屯,2017-01-10,89,6.0,6.0,nan,50.0,24.0,49.0,89.0
31,忠明,2017-01-10,94,6.0,8.0,nan,42.0,31.0,45.0,94.0
30,大里,2017-01-10,88,7.0,10.0,nan,52.0,39.0,47.0,88.0
29,沙鹿,2017-01-10,85,6.0,6.0,nan,53.0,24.0,45.0,85.0
28,豐原,2017-01-10,63,7.0,6.0,nan,38.0,26.0,42.0,63.0
27,三義,2017-01-10,80,4.0,6.0,nan,43.0,16.0,47.0,80.0
26,苗栗,2017-01-10,84,14.0,8.0,nan,58.0,27.0,41.0,84.0
25,頭份,2017-01-10,99,7.0,7.0,nan,55.0,39.0,nan,99.0
24,新竹,2017-01-10,90,9.0,7.0,nan,51.0,30.0,39.0,90.0
23,竹東,2017-01-10,76,4.0,7.0,nan,40.0,19.0,38.0,76.0
22,湖口,2017-01-10,88,7.0,6.0,nan,48.0,16.0,44.0,88.0
21,龍潭,2017-01-10,88,4.0,7.0,nan,45.0,23.0,35.0,88.0
20,平鎮,2017-01-10,82,7.0,7.0,nan,49.0,35.0,38.0,82.0
19,觀音,2017-01-10,95,13.0,6.0,nan,57.0,29.0,41.0,95.0
18,大園,2017-01-10,91,13.0,6.0,nan,54.0,32.0,35.0,91.0
16,大同,2017-01-10,86,14.0,12.0,nan,61.0,45.0,nan,86.0
15,松山,2017-01-10,91,6.0,7.0,nan,52.0,37.0,33.0,91.0
14,古亭,2017-01-10,93,4.0,7.0,nan,39.0,28.0,39.0,93.0
13,萬華,2017-01-10,86,10.0,8.0,nan,48.0,36.0,33.0,86.0
12,中山,2017-01-10,90,14.0,9.0,nan,48.0,39.0,29.0,90.0
11,士林,2017-01-10,80,14.0,6.0,nan,48.0,14.0,43.0,80.0
10,淡水,2017-01-10,83,6.0,7.0,nan,45.0,25.0,36.0,83.0
9,林口,2017-01-10,102,10.0,6.0,nan,60.0,26.0,36.0,102.0
8,菜寮,2017-01-10,81,11.0,7.0,nan,46.0,34.0,36.0,81.0
7,新莊,2017-01-10,73,11.0,7.0,nan,47.0,30.0,36.0,73.0
6,板橋,2017-01-10,76,nan,nan,nan,52.0,nan,nan,76.0
5,土城,2017-01-10,81,3.0,7.0,nan,45.0,25.0,37.0,81.0
4,新店,2017-01-10,93,3.0,7.0,nan,42.0,19.0,41.0,93.0
3,萬里,2017-01-10,97,3.0,5.0,nan,62.0,6.0,48.0,97.0
2,汐止,2017-01-10,95,10.0,7.0,nan,46.0,37.0,37.0,95.0
1,基隆,2017-01-10,91,3.0,7.0,nan,39.0,32.0,41.0,91.0
17,桃園,2017-01-10,96,10.0,7.0,nan,51.0,30.0,35.0,96.0
1,基隆,2017-01-11,71,1.0,5.0,nan,31.0,12.0,42.0,71.0
17,桃園,2017-01-11,70,13.0,6.0,nan,45.0,22.0,38.0,70.0
83,麥寮,2017-01-11,116,7.0,6.0,nan,86.0,24.0,nan,116.0
80,關山,2017-01-11,45,3.0,nan,nan,29.0,9.0,32.0,45.0
78,馬公,2017-01-11,86,4.0,6.0,nan,52.0,4.0,43.0,86.0
77,金門,2017-01-11,152,6.0,9.0,nan,77.0,16.0,33.0,152.0
75,馬祖,2017-01-11,105,6.0,7.0,nan,58.0,9.0,36.0,105.0
72,埔里,2017-01-11,105,6.0,8.0,nan,50.0,34.0,74.0,105.0
71,復興,2017-01-11,155,26.0,15.0,nan,89.0,61.0,nan,155.0
70,永和,2017-01-11,81,11.0,8.0,nan,39.0,23.0,nan,81.0
69,竹山,2017-01-11,133,7.0,6.0,nan,65.0,25.0,87.0,133.0
68,中壢,2017-01-11,70,11.0,10.0,nan,46.0,30.0,nan,70.0
67,三重,2017-01-11,75,16.0,33.0,nan,54.0,47.0,nan,75.0
66,冬山,2017-01-11,76,3.0,6.0,nan,50.0,24.0,31.0,76.0
65,宜蘭,2017-01-11,73,4.0,6.0,nan,46.0,21.0,31.0,73.0
64,陽明,2017-01-11,46,1.0,5.0,nan,6.0,2.0,46.0,6.0
63,花蓮,2017-01-11,57,4.0,6.0,nan,31.0,16.0,39.0,57.0
62,臺東,2017-01-11,54,3.0,6.0,nan,34.0,10.0,32.0,54.0
84,富貴角,2017-01-11,-1,nan,nan,nan,nan,nan,nan,nan
61,恆春,2017-01-11,53,3.0,3.0,nan,35.0,2.0,49.0,53.0
60,潮州,2017-01-11,156,19.0,8.0,nan,92.0,23.0,156.0,154.0
59,屏東,2017-01-11,166,11.0,9.0,nan,83.0,33.0,166.0,155.0
58,小港,2017-01-11,157,49.0,10.0,nan,90.0,63.0,93.0,157.0
57,前鎮,2017-01-11,156,36.0,12.0,nan,97.0,58.0,nan,156.0
56,前金,2017-01-11,155,16.0,10.0,nan,82.0,31.0,129.0,155.0
54,左營,2017-01-11,156,10.0,10.0,nan,95.0,32.0,129.0,156.0
53,楠梓,2017-01-11,157,10.0,9.0,nan,104.0,31.0,118.0,157.0
52,林園,2017-01-11,159,29.0,8.0,nan,63.0,29.0,159.0,nan
51,大寮,2017-01-11,149,26.0,10.0,nan,93.0,47.0,97.0,149.0
50,鳳山,2017-01-11,156,14.0,15.0,nan,105.0,74.0,nan,156.0
49,仁武,2017-01-11,154,21.0,9.0,nan,103.0,47.0,126.0,154.0
48,橋頭,2017-01-11,159,11.0,9.0,nan,94.0,31.0,104.0,159.0
47,美濃,2017-01-11,140,4.0,7.0,nan,72.0,17.0,140.0,128.0
46,臺南,2017-01-11,146,9.0,9.0,nan,75.0,35.0,84.0,146.0
45,安南,2017-01-11,124,7.0,8.0,nan,75.0,32.0,77.0,124.0
44,善化,2017-01-11,148,14.0,8.0,nan,77.0,29.0,74.0,148.0
43,新營,2017-01-11,124,6.0,7.0,nan,76.0,28.0,74.0,124.0
42,嘉義,2017-01-11,152,13.0,10.0,nan,79.0,27.0,49.0,152.0
41,臺西,2017-01-11,117,6.0,6.0,nan,54.0,11.0,nan,117.0
40,朴子,2017-01-11,96,10.0,7.0,nan,81.0,17.0,54.0,96.0
39,新港,2017-01-11,104,9.0,7.0,nan,73.0,17.0,51.0,104.0
38,崙背,2017-01-11,119,10.0,7.0,nan,58.0,21.0,48.0,119.0
37,斗六,2017-01-11,134,9.0,8.0,nan,63.0,27.0,61.0,134.0
36,南投,2017-01-11,123,7.0,9.0,nan,67.0,31.0,77.0,123.0
35,二林,2017-01-11,78,14.0,6.0,nan,62.0,19.0,44.0,78.0
34,線西,2017-01-11,104,16.0,7.0,nan,62.0,28.0,nan,104.0
33,彰化,2017-01-11,108,6.0,8.0,nan,55.0,28.0,43.0,108.0
32,西屯,2017-01-11,94,6.0,6.0,nan,57.0,20.0,46.0,94.0
31,忠明,2017-01-11,92,4.0,6.0,nan,48.0,27.0,44.0,92.0
30,大里,2017-01-11,124,9.0,11.0,nan,74.0,46.0,48.0,124.0
29,沙鹿,2017-01-11,78,4.0,6.0,nan,55.0,25.0,44.0,78.0
28,豐原,2017-01-11,68,9.0,7.0,nan,45.0,33.0,36.0,68.0
27,三義,2017-01-11,88,3.0,5.0,nan,51.0,21.0,44.0,88.0
26,苗栗,2017-01-11,83,9.0,7.0,nan,59.0,28.0,36.0,83.0
25,頭份,2017-01-11,87,6.0,7.0,nan,48.0,29.0,nan,87.0
24,新竹,2017-01-11,76,7.0,6.0,nan,48.0,25.0,38.0,76.0
23,竹東,2017-01-11,73,6.0,6.0,nan,39.0,21.0,34.0,73.0
22,湖口,2017-01-11,68,7.0,6.0,nan,46.0,14.0,43.0,68.0
21,龍潭,2017-01-11,82,9.0,6.0,nan,44.0,19.0,34.0,82.0
20,平鎮,2017-01-11,73,10.0,6.0,nan,47.0,22.0,39.0,73.0
19,觀音,2017-01-11,82,14.0,5.0,nan,54.0,21.0,40.0,82.0
18,大園,2017-01-11,76,13.0,5.0,nan,54.0,26.0,34.0,76.0
16,大同,2017-01-11,84,20.0,10.0,nan,60.0,53.0,nan,84.0
15,松山,2017-01-11,84,11.0,6.0,nan,47.0,32.0,35.0,84.0
14,古亭,2017-01-11,82,11.0,6.0,nan,36.0,23.0,40.0,82.0
13,萬華,2017-01-11,71,13.0,7.0,nan,46.0,32.0,35.0,71.0
12,中山,2017-01-11,79,14.0,8.0,nan,43.0,35.0,34.0,79.0
11,士林,2017-01-11,72,14.0,5.0,nan,37.0,13.0,43.0,72.0
10,淡水,2017-01-11,63,3.0,5.0,nan,37.0,8.0,38.0,63.0
9,林口,2017-01-11,80,11.0,5.0,nan,54.0,24.0,36.0,80.0
8,菜寮,2017-01-11,67,14.0,6.0,nan,41.0,22.0,36.0,67.0
7,新莊,2017-01-11,62,14.0,6.0,nan,43.0,23.0,36.0,62.0
6,板橋,2017-01-11,69,13.0,6.0,nan,49.0,23.0,31.0,69.0
5,土城,2017-01-11,70,10.0,6.0,nan,43.0,19.0,38.0,70.0
4,新店,2017-01-11,79,3.0,6.0,nan,37.0,24.0,41.0,79.0
3,萬里,2017-01-11,81,9.0,5.0,nan,57.0,8.0,47.0,81.0
2,汐止,2017-01-11,84,6.0,6.0,nan,40.0,28.0,35.0,84.0
64,陽明,2017-01-12,42,1.0,2.0,nan,5.0,2.0,42.0,6.0
17,桃園,2017-01-12,41,16.0,6.0,nan,31.0,25.0,25.0,41.0
1,基隆,2017-01-12,39,1.0,3.0,nan,14.0,8.0,39.0,25.0
2,汐止,2017-01-12,49,10.0,5.0,nan,19.0,21.0,34.0,49.0
3,萬里,2017-01-12,47,3.0,2.0,nan,47.0,8.0,42.0,45.0
4,新店,2017-01-12,59,14.0,6.0,nan,23.0,26.0,31.0,59.0
5,土城,2017-01-12,45,13.0,6.0,nan,25.0,29.0,30.0,45.0
6,板橋,2017-01-12,37,16.0,7.0,nan,31.0,32.0,26.0,37.0
7,新莊,2017-01-12,29,11.0,6.0,nan,24.0,26.0,26.0,29.0
8,菜寮,2017-01-12,32,9.0,7.0,nan,19.0,27.0,29.0,32.0
9,林口,2017-01-12,54,6.0,3.0,nan,36.0,21.0,30.0,54.0
10,淡水,2017-01-12,33,3.0,5.0,nan,19.0,18.0,33.0,32.0
11,士林,2017-01-12,38,4.0,5.0,nan,20.0,18.0,35.0,38.0
12,中山,2017-01-12,34,11.0,8.0,nan,21.0,34.0,26.0,32.0
13,萬華,2017-01-12,36,16.0,6.0,nan,24.0,31.0,27.0,36.0
14,古亭,2017-01-12,51,11.0,6.0,nan,23.0,30.0,30.0,51.0
15,松山,2017-01-12,36,14.0,5.0,nan,22.0,30.0,29.0,36.0
16,大同,2017-01-12,41,11.0,17.0,nan,38.0,41.0,nan,34.0
18,大園,2017-01-12,35,9.0,3.0,nan,32.0,23.0,35.0,34.0
19,觀音,2017-01-12,40,14.0,3.0,nan,38.0,16.0,37.0,40.0
20,平鎮,2017-01-12,35,9.0,6.0,nan,33.0,25.0,28.0,35.0
21,龍潭,2017-01-12,61,9.0,7.0,nan,37.0,27.0,24.0,61.0
22,湖口,2017-01-12,36,7.0,3.0,nan,31.0,13.0,36.0,36.0
23,竹東,2017-01-12,69,9.0,5.0,nan,38.0,18.0,25.0,69.0
24,新竹,2017-01-12,53,6.0,6.0,nan,40.0,22.0,30.0,53.0
25,頭份,2017-01-12,77,9.0,5.0,nan,44.0,21.0,nan,77.0
26,苗栗,2017-01-12,60,9.0,6.0,nan,51.0,20.0,31.0,60.0
27,三義,2017-01-12,71,4.0,5.0,nan,44.0,16.0,30.0,71.0
28,豐原,2017-01-12,87,7.0,6.0,nan,45.0,20.0,33.0,87.0
29,沙鹿,2017-01-12,57,6.0,5.0,nan,44.0,23.0,31.0,57.0
30,大里,2017-01-12,92,7.0,10.0,nan,60.0,42.0,33.0,92.0
31,忠明,2017-01-12,79,4.0,7.0,nan,44.0,31.0,32.0,79.0
32,西屯,2017-01-12,82,6.0,6.0,nan,51.0,25.0,36.0,82.0
33,彰化,2017-01-12,76,10.0,7.0,nan,44.0,25.0,31.0,76.0
34,線西,2017-01-12,79,10.0,6.0,nan,52.0,24.0,nan,79.0
35,二林,2017-01-12,63,11.0,5.0,nan,53.0,19.0,32.0,63.0
36,南投,2017-01-12,128,7.0,9.0,nan,69.0,28.0,41.0,128.0
37,斗六,2017-01-12,109,7.0,7.0,nan,61.0,26.0,43.0,109.0
38,崙背,2017-01-12,102,9.0,6.0,nan,57.0,20.0,34.0,102.0
39,新港,2017-01-12,99,7.0,6.0,nan,68.0,21.0,38.0,99.0
40,朴子,2017-01-12,88,10.0,6.0,nan,67.0,17.0,44.0,88.0
41,臺西,2017-01-12,79,11.0,3.0,nan,42.0,19.0,nan,79.0
42,嘉義,2017-01-12,122,9.0,8.0,nan,75.0,23.0,40.0,122.0
43,新營,2017-01-12,119,7.0,6.0,nan,74.0,24.0,44.0,119.0
44,善化,2017-01-12,118,10.0,6.0,nan,71.0,20.0,51.0,118.0
45,安南,2017-01-12,103,7.0,6.0,nan,69.0,23.0,48.0,103.0
46,臺南,2017-01-12,108,9.0,7.0,nan,65.0,30.0,50.0,108.0
47,美濃,2017-01-12,156,4.0,7.0,nan,76.0,14.0,156.0,132.0
48,橋頭,2017-01-12,152,16.0,7.0,nan,82.0,27.0,61.0,152.0
49,仁武,2017-01-12,126,23.0,8.0,nan,90.0,50.0,61.0,126.0
50,鳳山,2017-01-12,132,17.0,10.0,nan,91.0,41.0,nan,132.0
51,大寮,2017-01-12,120,13.0,8.0,nan,84.0,33.0,104.0,120.0
52,林園,2017-01-12,101,30.0,8.0,nan,58.0,40.0,101.0,nan
53,楠梓,2017-01-12,142,11.0,7.0,nan,92.0,28.0,67.0,142.0
54,左營,2017-01-12,125,10.0,8.0,nan,81.0,26.0,80.0,125.0
56,前金,2017-01-12,131,9.0,8.0,nan,72.0,27.0,80.0,131.0
57,前鎮,2017-01-12,137,20.0,10.0,nan,85.0,43.0,nan,137.0
58,小港,2017-01-12,151,34.0,9.0,nan,86.0,62.0,45.0,151.0
59,屏東,2017-01-12,154,10.0,9.0,nan,80.0,29.0,129.0,154.0
60,潮州,2017-01-12,146,24.0,8.0,nan,93.0,31.0,146.0,134.0
61,恆春,2017-01-12,44,4.0,2.0,nan,26.0,2.0,44.0,35.0
62,臺東,2017-01-12,32,1.0,7.0,nan,27.0,17.0,25.0,32.0
84,富貴角,2017-01-12,-1,nan,nan,nan,nan,nan,nan,nan
63,花蓮,2017-01-12,53,7.0,6.0,nan,30.0,25.0,32.0,53.0
65,宜蘭,2017-01-12,46,7.0,5.0,nan,33.0,15.0,39.0,46.0
66,冬山,2017-01-12,47,6.0,6.0,nan,37.0,18.0,34.0,47.0
67,三重,2017-01-12,44,10.0,24.0,nan,40.0,44.0,nan,36.0
68,中壢,2017-01-12,45,11.0,16.0,nan,31.0,37.0,nan,45.0
69,竹山,2017-01-12,151,11.0,7.0,nan,76.0,24.0,51.0,151.0
70,永和,2017-01-12,44,11.0,10.0,nan,20.0,29.0,nan,44.0
71,復興,2017-01-12,135,14.0,14.0,nan,76.0,45.0,nan,135.0
72,埔里,2017-01-12,148,6.0,7.0,nan,67.0,24.0,90.0,148.0
75,馬祖,2017-01-12,31,3.0,3.0,nan,14.0,6.0,31.0,30.0
77,金門,2017-01-12,100,11.0,7.0,nan,53.0,22.0,28.0,100.0
78,馬公,2017-01-12,37,3.0,2.0,nan,23.0,5.0,30.0,37.0
80,關山,2017-01-12,35,1.0,nan,nan,23.0,12.0,26.0,35.0
83,麥寮,2017-01-12,80,7.0,5.0,nan,62.0,21.0,nan,80.0
75,馬祖,2017-01-13,56,9.0,6.0,nan,27.0,7.0,50.0,56.0
17,桃園,2017-01-13,31,7.0,9.0,nan,16.0,27.0,31.0,25.0
77,金門,2017-01-13,56,3.0,6.0,nan,26.0,11.0,32.0,56.0
78,馬公,2017-01-13,38,3.0,6.0,nan,21.0,6.0,38.0,38.0
1,基隆,2017-01-13,44,3.0,6.0,nan,17.0,8.0,36.0,44.0
2,汐止,2017-01-13,50,9.0,7.0,nan,15.0,24.0,34.0,50.0
3,萬里,2017-01-13,57,4.0,6.0,nan,45.0,7.0,43.0,57.0
4,新店,2017-01-13,33,16.0,8.0,nan,12.0,29.0,31.0,33.0
5,土城,2017-01-13,32,10.0,9.0,nan,13.0,26.0,32.0,31.0
6,板橋,2017-01-13,31,14.0,9.0,nan,22.0,31.0,29.0,31.0
7,新莊,2017-01-13,36,6.0,9.0,nan,16.0,36.0,30.0,24.0
8,菜寮,2017-01-13,30,3.0,9.0,nan,14.0,30.0,28.0,23.0
9,林口,2017-01-13,48,3.0,7.0,nan,25.0,19.0,34.0,48.0
10,淡水,2017-01-13,33,4.0,7.0,nan,15.0,11.0,33.0,32.0
11,士林,2017-01-13,29,3.0,8.0,nan,13.0,25.0,29.0,23.0
12,中山,2017-01-13,39,3.0,11.0,nan,17.0,39.0,28.0,33.0
13,萬華,2017-01-13,35,9.0,9.0,nan,14.0,35.0,31.0,30.0
14,古亭,2017-01-13,43,10.0,9.0,nan,17.0,30.0,31.0,43.0
15,松山,2017-01-13,34,13.0,8.0,nan,18.0,28.0,32.0,34.0
16,大同,2017-01-13,43,6.0,18.0,nan,31.0,43.0,nan,29.0
18,大園,2017-01-13,42,9.0,7.0,nan,22.0,20.0,35.0,42.0
19,觀音,2017-01-13,49,14.0,5.0,nan,27.0,13.0,36.0,49.0
20,平鎮,2017-01-13,31,4.0,8.0,nan,18.0,31.0,29.0,28.0
21,龍潭,2017-01-13,42,13.0,8.0,nan,15.0,26.0,26.0,42.0
22,湖口,2017-01-13,36,7.0,6.0,nan,18.0,13.0,36.0,32.0
23,竹東,2017-01-13,31,7.0,7.0,nan,14.0,15.0,26.0,31.0
24,新竹,2017-01-13,33,3.0,7.0,nan,19.0,22.0,29.0,33.0
25,頭份,2017-01-13,52,6.0,7.0,nan,23.0,18.0,nan,52.0
83,麥寮,2017-01-13,68,13.0,7.0,nan,68.0,25.0,nan,64.0
26,苗栗,2017-01-13,44,4.0,9.0,nan,29.0,24.0,27.0,44.0
27,三義,2017-01-13,29,3.0,7.0,nan,19.0,18.0,21.0,29.0
28,豐原,2017-01-13,48,4.0,6.0,nan,21.0,17.0,22.0,48.0
29,沙鹿,2017-01-13,37,3.0,7.0,nan,27.0,21.0,24.0,37.0
30,大里,2017-01-13,50,6.0,9.0,nan,32.0,30.0,16.0,50.0
31,忠明,2017-01-13,50,6.0,8.0,nan,25.0,26.0,19.0,50.0
32,西屯,2017-01-13,40,1.0,6.0,nan,26.0,19.0,24.0,40.0
33,彰化,2017-01-13,50,6.0,8.0,nan,27.0,27.0,18.0,50.0
34,線西,2017-01-13,56,7.0,7.0,nan,30.0,19.0,nan,56.0
35,二林,2017-01-13,38,7.0,7.0,nan,28.0,20.0,24.0,38.0
36,南投,2017-01-13,80,6.0,10.0,nan,49.0,33.0,14.0,80.0
37,斗六,2017-01-13,76,6.0,8.0,nan,43.0,28.0,21.0,76.0
38,崙背,2017-01-13,66,10.0,8.0,nan,40.0,23.0,22.0,66.0
39,新港,2017-01-13,67,9.0,7.0,nan,44.0,20.0,27.0,67.0
40,朴子,2017-01-13,65,10.0,8.0,nan,55.0,27.0,28.0,65.0
41,臺西,2017-01-13,57,10.0,6.0,nan,36.0,14.0,nan,57.0
42,嘉義,2017-01-13,99,7.0,9.0,nan,61.0,29.0,25.0,99.0
43,新營,2017-01-13,83,7.0,8.0,nan,60.0,27.0,31.0,83.0
44,善化,2017-01-13,105,7.0,8.0,nan,57.0,32.0,33.0,105.0
45,安南,2017-01-13,95,9.0,8.0,nan,64.0,28.0,34.0,95.0
46,臺南,2017-01-13,111,7.0,10.0,nan,62.0,32.0,33.0,111.0
47,美濃,2017-01-13,118,3.0,7.0,nan,65.0,23.0,50.0,118.0
48,橋頭,2017-01-13,154,9.0,9.0,nan,79.0,38.0,42.0,154.0
49,仁武,2017-01-13,144,19.0,9.0,nan,78.0,43.0,51.0,144.0
50,鳳山,2017-01-13,146,17.0,11.0,nan,99.0,45.0,nan,146.0
51,大寮,2017-01-13,134,19.0,10.0,nan,82.0,50.0,84.0,134.0
52,林園,2017-01-13,84,17.0,9.0,nan,55.0,53.0,84.0,nan
53,楠梓,2017-01-13,153,7.0,9.0,nan,85.0,38.0,50.0,153.0
54,左營,2017-01-13,143,9.0,10.0,nan,77.0,41.0,47.0,143.0
56,前金,2017-01-13,149,9.0,10.0,nan,77.0,42.0,50.0,149.0
57,前鎮,2017-01-13,151,9.0,12.0,nan,85.0,45.0,nan,151.0
58,小港,2017-01-13,155,26.0,12.0,nan,87.0,54.0,46.0,155.0
59,屏東,2017-01-13,154,7.0,8.0,nan,76.0,36.0,90.0,154.0
60,潮州,2017-01-13,138,11.0,8.0,nan,87.0,46.0,122.0,138.0
61,恆春,2017-01-13,44,3.0,3.0,nan,20.0,2.0,44.0,20.0
62,臺東,2017-01-13,24,3.0,7.0,nan,17.0,13.0,24.0,19.0
63,花蓮,2017-01-13,38,3.0,8.0,nan,20.0,19.0,38.0,30.0
80,關山,2017-01-13,28,1.0,nan,nan,14.0,8.0,28.0,17.0
84,富貴角,2017-01-13,-1,nan,nan,nan,nan,nan,nan,nan
64,陽明,2017-01-13,41,3.0,6.0,nan,5.0,6.0,41.0,13.0
65,宜蘭,2017-01-13,36,3.0,8.0,nan,19.0,13.0,36.0,23.0
66,冬山,2017-01-13,37,3.0,7.0,nan,24.0,17.0,37.0,19.0
67,三重,2017-01-13,45,7.0,25.0,nan,27.0,45.0,nan,26.0
68,中壢,2017-01-13,33,6.0,12.0,nan,24.0,33.0,nan,24.0
69,竹山,2017-01-13,104,7.0,8.0,nan,59.0,34.0,21.0,104.0
70,永和,2017-01-13,49,11.0,12.0,nan,15.0,29.0,nan,49.0
71,復興,2017-01-13,152,7.0,14.0,nan,79.0,44.0,nan,152.0
72,埔里,2017-01-13,143,6.0,8.0,nan,64.0,27.0,33.0,143.0
49,仁武,2017-01-14,110,13.0,9.0,nan,59.0,37.0,26.0,110.0
1,基隆,2017-01-14,75,4.0,5.0,nan,34.0,6.0,45.0,75.0
2,汐止,2017-01-14,92,9.0,6.0,nan,40.0,25.0,43.0,92.0
3,萬里,2017-01-14,88,7.0,5.0,nan,66.0,5.0,49.0,88.0
4,新店,2017-01-14,79,11.0,6.0,nan,34.0,21.0,41.0,79.0
5,土城,2017-01-14,68,9.0,6.0,nan,39.0,17.0,41.0,68.0
6,板橋,2017-01-14,78,11.0,7.0,nan,50.0,27.0,40.0,78.0
7,新莊,2017-01-14,65,7.0,7.0,nan,42.0,23.0,40.0,65.0
8,菜寮,2017-01-14,71,4.0,7.0,nan,40.0,21.0,40.0,71.0
9,林口,2017-01-14,49,4.0,6.0,nan,49.0,21.0,41.0,nan
10,淡水,2017-01-14,63,4.0,5.0,nan,38.0,10.0,41.0,63.0
11,士林,2017-01-14,70,6.0,5.0,nan,31.0,11.0,44.0,70.0
12,中山,2017-01-14,79,9.0,8.0,nan,41.0,34.0,38.0,79.0
13,萬華,2017-01-14,79,10.0,7.0,nan,41.0,34.0,41.0,79.0
14,古亭,2017-01-14,91,7.0,7.0,nan,39.0,22.0,41.0,91.0
15,松山,2017-01-14,77,9.0,7.0,nan,46.0,27.0,42.0,77.0
16,大同,2017-01-14,79,7.0,11.0,nan,56.0,42.0,nan,79.0
17,桃園,2017-01-14,81,11.0,7.0,nan,40.0,22.0,39.0,81.0
18,大園,2017-01-14,78,9.0,5.0,nan,50.0,17.0,40.0,78.0
19,觀音,2017-01-14,86,14.0,5.0,nan,50.0,16.0,38.0,86.0
20,平鎮,2017-01-14,67,7.0,7.0,nan,38.0,21.0,35.0,67.0
21,龍潭,2017-01-14,75,9.0,5.0,nan,38.0,13.0,39.0,75.0
22,湖口,2017-01-14,69,6.0,5.0,nan,39.0,13.0,45.0,69.0
34,線西,2017-01-14,68,6.0,6.0,nan,31.0,13.0,nan,68.0
23,竹東,2017-01-14,57,6.0,6.0,nan,27.0,7.0,39.0,57.0
24,新竹,2017-01-14,67,6.0,6.0,nan,37.0,19.0,40.0,67.0
25,頭份,2017-01-14,79,4.0,6.0,nan,38.0,18.0,nan,79.0
26,苗栗,2017-01-14,61,7.0,6.0,nan,38.0,14.0,37.0,61.0
27,三義,2017-01-14,43,3.0,5.0,nan,19.0,9.0,36.0,43.0
28,豐原,2017-01-14,31,3.0,6.0,nan,11.0,8.0,31.0,24.0
29,沙鹿,2017-01-14,51,4.0,6.0,nan,25.0,12.0,39.0,51.0
30,大里,2017-01-14,34,3.0,7.0,nan,16.0,25.0,25.0,34.0
31,忠明,2017-01-14,51,4.0,6.0,nan,19.0,20.0,31.0,51.0
32,西屯,2017-01-14,47,3.0,5.0,nan,24.0,10.0,38.0,47.0
33,彰化,2017-01-14,61,3.0,6.0,nan,24.0,17.0,31.0,61.0
35,二林,2017-01-14,52,6.0,6.0,nan,29.0,12.0,39.0,52.0
36,南投,2017-01-14,63,3.0,8.0,nan,35.0,25.0,20.0,63.0
37,斗六,2017-01-14,74,4.0,7.0,nan,29.0,20.0,24.0,74.0
38,崙背,2017-01-14,75,9.0,6.0,nan,31.0,19.0,37.0,75.0
39,新港,2017-01-14,66,6.0,6.0,nan,37.0,14.0,34.0,66.0
40,朴子,2017-01-14,66,13.0,7.0,nan,46.0,25.0,38.0,66.0
41,臺西,2017-01-14,82,11.0,6.0,nan,41.0,18.0,nan,82.0
42,嘉義,2017-01-14,81,16.0,8.0,nan,40.0,24.0,19.0,81.0
43,新營,2017-01-14,86,7.0,7.0,nan,44.0,24.0,25.0,86.0
44,善化,2017-01-14,86,9.0,7.0,nan,43.0,23.0,23.0,86.0
45,安南,2017-01-14,84,9.0,7.0,nan,44.0,21.0,31.0,84.0
46,臺南,2017-01-14,86,9.0,8.0,nan,37.0,25.0,31.0,86.0
47,美濃,2017-01-14,114,3.0,8.0,nan,53.0,22.0,16.0,114.0
48,橋頭,2017-01-14,132,7.0,9.0,nan,57.0,34.0,23.0,132.0
50,鳳山,2017-01-14,105,14.0,10.0,nan,66.0,37.0,nan,105.0
51,大寮,2017-01-14,106,13.0,8.0,nan,61.0,36.0,33.0,106.0
52,林園,2017-01-14,43,14.0,9.0,nan,43.0,34.0,42.0,nan
53,楠梓,2017-01-14,103,6.0,8.0,nan,59.0,32.0,25.0,103.0
54,左營,2017-01-14,109,9.0,9.0,nan,56.0,34.0,32.0,109.0
56,前金,2017-01-14,103,7.0,9.0,nan,54.0,34.0,34.0,103.0
57,前鎮,2017-01-14,109,9.0,10.0,nan,60.0,36.0,nan,109.0
58,小港,2017-01-14,123,14.0,10.0,nan,57.0,50.0,27.0,123.0
59,屏東,2017-01-14,135,6.0,9.0,nan,59.0,34.0,19.0,135.0
60,潮州,2017-01-14,140,19.0,10.0,nan,76.0,34.0,32.0,140.0
61,恆春,2017-01-14,50,3.0,5.0,nan,16.0,3.0,50.0,20.0
62,臺東,2017-01-14,32,3.0,7.0,nan,19.0,11.0,32.0,26.0
63,花蓮,2017-01-14,38,4.0,7.0,nan,23.0,22.0,38.0,37.0
64,陽明,2017-01-14,46,3.0,5.0,nan,13.0,3.0,46.0,35.0
65,宜蘭,2017-01-14,60,4.0,6.0,nan,34.0,12.0,43.0,60.0
84,富貴角,2017-01-14,-1,nan,nan,nan,nan,nan,nan,nan
66,冬山,2017-01-14,60,4.0,5.0,nan,36.0,21.0,42.0,60.0
67,三重,2017-01-14,69,6.0,20.0,nan,54.0,46.0,nan,69.0
68,中壢,2017-01-14,73,9.0,10.0,nan,46.0,34.0,nan,73.0
69,竹山,2017-01-14,81,4.0,7.0,nan,37.0,25.0,17.0,81.0
70,永和,2017-01-14,80,6.0,8.0,nan,38.0,23.0,nan,80.0
71,復興,2017-01-14,113,7.0,14.0,nan,55.0,39.0,nan,113.0
72,埔里,2017-01-14,63,3.0,8.0,nan,28.0,19.0,10.0,63.0
75,馬祖,2017-01-14,129,10.0,6.0,nan,71.0,8.0,87.0,129.0
77,金門,2017-01-14,118,10.0,6.0,nan,64.0,9.0,54.0,118.0
78,馬公,2017-01-14,71,6.0,5.0,nan,44.0,4.0,44.0,71.0
80,關山,2017-01-14,37,3.0,nan,nan,17.0,8.0,37.0,19.0
83,麥寮,2017-01-14,83,13.0,7.0,nan,56.0,24.0,nan,83.0
80,關山,2017-01-15,33,1.0,nan,nan,15.0,7.0,33.0,16.0
78,馬公,2017-01-15,40,4.0,2.0,nan,25.0,1.0,40.0,32.0
77,金門,2017-01-15,90,7.0,3.0,nan,54.0,13.0,46.0,90.0
75,馬祖,2017-01-15,55,4.0,3.0,nan,39.0,7.0,40.0,55.0
72,埔里,2017-01-15,107,3.0,7.0,nan,47.0,14.0,31.0,107.0
71,復興,2017-01-15,123,9.0,11.0,nan,62.0,31.0,nan,123.0
70,永和,2017-01-15,20,13.0,5.0,nan,12.0,20.0,nan,19.0
69,竹山,2017-01-15,102,6.0,6.0,nan,49.0,25.0,18.0,102.0
84,富貴角,2017-01-15,-1,nan,nan,nan,nan,nan,nan,nan
68,中壢,2017-01-15,28,10.0,8.0,nan,28.0,27.0,nan,25.0
67,三重,2017-01-15,34,6.0,12.0,nan,31.0,34.0,nan,16.0
66,冬山,2017-01-15,38,4.0,2.0,nan,16.0,13.0,38.0,15.0
65,宜蘭,2017-01-15,40,3.0,2.0,nan,20.0,13.0,40.0,25.0
64,陽明,2017-01-15,43,1.0,2.0,nan,6.0,2.0,43.0,8.0
63,花蓮,2017-01-15,32,4.0,5.0,nan,15.0,18.0,32.0,22.0
62,臺東,2017-01-15,32,1.0,5.0,nan,19.0,8.0,32.0,18.0
61,恆春,2017-01-15,46,3.0,3.0,nan,17.0,2.0,46.0,23.0
60,潮州,2017-01-15,151,7.0,8.0,nan,80.0,23.0,54.0,151.0
59,屏東,2017-01-15,149,7.0,8.0,nan,61.0,22.0,44.0,149.0
83,麥寮,2017-01-15,66,13.0,3.0,nan,57.0,20.0,nan,66.0
58,小港,2017-01-15,123,7.0,8.0,nan,59.0,29.0,44.0,123.0
57,前鎮,2017-01-15,123,9.0,8.0,nan,68.0,29.0,nan,123.0
56,前金,2017-01-15,123,7.0,8.0,nan,61.0,26.0,43.0,123.0
54,左營,2017-01-15,132,7.0,8.0,nan,68.0,26.0,44.0,132.0
53,楠梓,2017-01-15,128,7.0,7.0,nan,72.0,25.0,43.0,128.0
52,林園,2017-01-15,46,16.0,8.0,nan,43.0,34.0,46.0,nan
51,大寮,2017-01-15,107,13.0,7.0,nan,62.0,27.0,46.0,107.0
50,鳳山,2017-01-15,127,11.0,8.0,nan,76.0,30.0,nan,127.0
49,仁武,2017-01-15,120,14.0,8.0,nan,70.0,29.0,43.0,120.0
48,橋頭,2017-01-15,132,7.0,8.0,nan,62.0,25.0,40.0,132.0
47,美濃,2017-01-15,111,4.0,7.0,nan,56.0,13.0,45.0,111.0
46,臺南,2017-01-15,97,7.0,7.0,nan,57.0,25.0,38.0,97.0
45,安南,2017-01-15,86,7.0,6.0,nan,54.0,21.0,38.0,86.0
44,善化,2017-01-15,93,7.0,5.0,nan,52.0,24.0,37.0,93.0
43,新營,2017-01-15,74,7.0,5.0,nan,50.0,20.0,34.0,74.0
42,嘉義,2017-01-15,84,17.0,6.0,nan,49.0,18.0,30.0,84.0
41,臺西,2017-01-15,63,11.0,3.0,nan,38.0,17.0,nan,63.0
40,朴子,2017-01-15,65,11.0,5.0,nan,49.0,23.0,37.0,65.0
39,新港,2017-01-15,63,6.0,3.0,nan,39.0,17.0,37.0,63.0
38,崙背,2017-01-15,63,10.0,5.0,nan,32.0,20.0,33.0,63.0
37,斗六,2017-01-15,77,3.0,5.0,nan,37.0,17.0,28.0,77.0
36,南投,2017-01-15,64,4.0,6.0,nan,39.0,23.0,18.0,64.0
35,二林,2017-01-15,42,10.0,3.0,nan,20.0,21.0,33.0,42.0
33,彰化,2017-01-15,40,3.0,5.0,nan,20.0,15.0,29.0,40.0
32,西屯,2017-01-15,33,3.0,2.0,nan,19.0,12.0,33.0,32.0
31,忠明,2017-01-15,43,4.0,3.0,nan,18.0,17.0,28.0,43.0
30,大里,2017-01-15,32,4.0,5.0,nan,16.0,22.0,22.0,32.0
29,沙鹿,2017-01-15,34,4.0,2.0,nan,15.0,13.0,34.0,18.0
28,豐原,2017-01-15,32,3.0,3.0,nan,14.0,7.0,27.0,32.0
27,三義,2017-01-15,32,1.0,2.0,nan,13.0,8.0,32.0,23.0
26,苗栗,2017-01-15,35,6.0,3.0,nan,21.0,12.0,35.0,23.0
25,頭份,2017-01-15,39,6.0,3.0,nan,19.0,18.0,nan,39.0
24,新竹,2017-01-15,34,7.0,5.0,nan,19.0,17.0,34.0,27.0
23,竹東,2017-01-15,36,3.0,2.0,nan,13.0,7.0,36.0,24.0
22,湖口,2017-01-15,37,6.0,2.0,nan,19.0,10.0,37.0,25.0
21,龍潭,2017-01-15,37,9.0,3.0,nan,20.0,13.0,37.0,34.0
20,平鎮,2017-01-15,36,9.0,3.0,nan,19.0,16.0,36.0,23.0
19,觀音,2017-01-15,33,10.0,2.0,nan,29.0,14.0,33.0,27.0
18,大園,2017-01-15,35,4.0,2.0,nan,30.0,19.0,35.0,27.0
17,桃園,2017-01-15,36,9.0,3.0,nan,20.0,16.0,36.0,24.0
16,大同,2017-01-15,35,9.0,10.0,nan,33.0,35.0,nan,26.0
15,松山,2017-01-15,36,9.0,3.0,nan,19.0,24.0,36.0,35.0
14,古亭,2017-01-15,39,13.0,3.0,nan,15.0,25.0,39.0,38.0
13,萬華,2017-01-15,33,6.0,5.0,nan,19.0,26.0,33.0,23.0
12,中山,2017-01-15,31,6.0,5.0,nan,15.0,27.0,31.0,21.0
11,士林,2017-01-15,42,3.0,2.0,nan,14.0,8.0,42.0,20.0
10,淡水,2017-01-15,37,3.0,2.0,nan,15.0,7.0,37.0,17.0
9,林口,2017-01-15,36,4.0,3.0,nan,28.0,17.0,36.0,nan
8,菜寮,2017-01-15,34,6.0,5.0,nan,18.0,19.0,34.0,16.0
7,新莊,2017-01-15,35,4.0,5.0,nan,19.0,20.0,35.0,10.0
6,板橋,2017-01-15,35,9.0,5.0,nan,22.0,25.0,35.0,20.0
5,土城,2017-01-15,39,10.0,5.0,nan,14.0,21.0,39.0,19.0
4,新店,2017-01-15,39,3.0,5.0,nan,13.0,19.0,39.0,27.0
3,萬里,2017-01-15,45,3.0,2.0,nan,43.0,3.0,45.0,30.0
2,汐止,2017-01-15,37,11.0,3.0,nan,11.0,17.0,36.0,37.0
1,基隆,2017-01-15,40,1.0,2.0,nan,11.0,5.0,40.0,19.0
34,線西,2017-01-15,46,7.0,3.0,nan,21.0,14.0,nan,46.0
20,平鎮,2017-01-16,31,7.0,5.0,nan,24.0,18.0,31.0,22.0
1,基隆,2017-01-16,35,1.0,5.0,nan,12.0,22.0,35.0,21.0
2,汐止,2017-01-16,40,6.0,6.0,nan,14.0,28.0,32.0,40.0
3,萬里,2017-01-16,44,3.0,2.0,nan,42.0,3.0,44.0,39.0
4,新店,2017-01-16,30,6.0,5.0,nan,14.0,25.0,30.0,29.0
5,土城,2017-01-16,31,4.0,5.0,nan,16.0,24.0,31.0,18.0
6,板橋,2017-01-16,29,10.0,6.0,nan,22.0,25.0,29.0,21.0
7,新莊,2017-01-16,30,7.0,5.0,nan,19.0,24.0,30.0,15.0
8,菜寮,2017-01-16,31,6.0,6.0,nan,18.0,25.0,31.0,21.0
9,林口,2017-01-16,31,7.0,3.0,nan,28.0,24.0,31.0,nan
10,淡水,2017-01-16,34,6.0,2.0,nan,16.0,11.0,34.0,19.0
11,士林,2017-01-16,36,4.0,3.0,nan,15.0,12.0,36.0,27.0
12,中山,2017-01-16,40,9.0,8.0,nan,19.0,40.0,28.0,28.0
13,萬華,2017-01-16,35,11.0,7.0,nan,22.0,35.0,29.0,29.0
14,古亭,2017-01-16,35,6.0,5.0,nan,16.0,19.0,31.0,35.0
15,松山,2017-01-16,31,7.0,6.0,nan,19.0,31.0,30.0,30.0
16,大同,2017-01-16,41,9.0,15.0,nan,38.0,41.0,nan,22.0
17,桃園,2017-01-16,31,11.0,5.0,nan,20.0,18.0,31.0,30.0
18,大園,2017-01-16,32,9.0,3.0,nan,28.0,24.0,32.0,32.0
19,觀音,2017-01-16,34,9.0,2.0,nan,28.0,21.0,34.0,31.0
21,龍潭,2017-01-16,34,6.0,3.0,nan,22.0,15.0,31.0,34.0
22,湖口,2017-01-16,35,6.0,3.0,nan,17.0,14.0,35.0,22.0
23,竹東,2017-01-16,30,4.0,3.0,nan,12.0,13.0,30.0,23.0
24,新竹,2017-01-16,31,6.0,3.0,nan,18.0,18.0,31.0,22.0
25,頭份,2017-01-16,36,4.0,3.0,nan,19.0,21.0,nan,36.0
26,苗栗,2017-01-16,29,6.0,6.0,nan,24.0,26.0,29.0,24.0
27,三義,2017-01-16,30,3.0,2.0,nan,13.0,8.0,30.0,26.0
28,豐原,2017-01-16,25,3.0,5.0,nan,15.0,16.0,25.0,17.0
29,沙鹿,2017-01-16,30,4.0,5.0,nan,17.0,25.0,30.0,17.0
30,大里,2017-01-16,34,6.0,9.0,nan,17.0,34.0,19.0,24.0
31,忠明,2017-01-16,30,4.0,8.0,nan,17.0,30.0,22.0,20.0
32,西屯,2017-01-16,30,3.0,3.0,nan,22.0,24.0,30.0,24.0
33,彰化,2017-01-16,29,4.0,7.0,nan,20.0,27.0,22.0,29.0
34,線西,2017-01-16,37,20.0,3.0,nan,22.0,29.0,nan,37.0
35,二林,2017-01-16,30,9.0,3.0,nan,16.0,19.0,30.0,26.0
36,南投,2017-01-16,51,7.0,8.0,nan,34.0,37.0,18.0,51.0
37,斗六,2017-01-16,55,6.0,5.0,nan,28.0,26.0,29.0,55.0
38,崙背,2017-01-16,49,9.0,7.0,nan,27.0,23.0,30.0,49.0
39,新港,2017-01-16,48,7.0,5.0,nan,38.0,22.0,33.0,48.0
40,朴子,2017-01-16,46,10.0,3.0,nan,46.0,22.0,31.0,44.0
41,臺西,2017-01-16,52,7.0,2.0,nan,35.0,12.0,nan,52.0
42,嘉義,2017-01-16,72,11.0,7.0,nan,44.0,29.0,29.0,72.0
43,新營,2017-01-16,61,6.0,5.0,nan,43.0,26.0,29.0,61.0
44,善化,2017-01-16,67,9.0,5.0,nan,47.0,23.0,32.0,67.0
45,安南,2017-01-16,53,7.0,5.0,nan,47.0,25.0,32.0,53.0
46,臺南,2017-01-16,62,6.0,6.0,nan,43.0,28.0,33.0,62.0
47,美濃,2017-01-16,90,4.0,6.0,nan,46.0,21.0,46.0,90.0
48,橋頭,2017-01-16,92,10.0,7.0,nan,54.0,35.0,41.0,92.0
49,仁武,2017-01-16,94,9.0,7.0,nan,60.0,40.0,41.0,94.0
50,鳳山,2017-01-16,76,16.0,9.0,nan,67.0,40.0,nan,76.0
51,大寮,2017-01-16,76,17.0,7.0,nan,60.0,43.0,43.0,76.0
52,林園,2017-01-16,51,27.0,6.0,nan,35.0,41.0,51.0,nan
53,楠梓,2017-01-16,92,9.0,7.0,nan,68.0,38.0,40.0,92.0
54,左營,2017-01-16,74,10.0,6.0,nan,57.0,37.0,42.0,74.0
56,前金,2017-01-16,72,9.0,7.0,nan,58.0,38.0,44.0,72.0
57,前鎮,2017-01-16,83,10.0,8.0,nan,57.0,42.0,nan,83.0
58,小港,2017-01-16,97,17.0,9.0,nan,59.0,46.0,40.0,97.0
59,屏東,2017-01-16,97,11.0,8.0,nan,62.0,38.0,48.0,97.0
60,潮州,2017-01-16,106,19.0,7.0,nan,70.0,42.0,64.0,106.0
61,恆春,2017-01-16,44,3.0,1.0,nan,13.0,2.0,44.0,19.0
62,臺東,2017-01-16,30,3.0,3.0,nan,16.0,11.0,30.0,11.0
63,花蓮,2017-01-16,34,3.0,5.0,nan,15.0,15.0,34.0,21.0
64,陽明,2017-01-16,41,3.0,2.0,nan,5.0,1.0,41.0,9.0
65,宜蘭,2017-01-16,32,4.0,3.0,nan,19.0,8.0,32.0,22.0
66,冬山,2017-01-16,34,3.0,2.0,nan,18.0,18.0,34.0,8.0
67,三重,2017-01-16,44,6.0,18.0,nan,33.0,44.0,nan,22.0
68,中壢,2017-01-16,30,11.0,9.0,nan,26.0,30.0,nan,19.0
69,竹山,2017-01-16,85,6.0,6.0,nan,41.0,33.0,25.0,85.0
70,永和,2017-01-16,23,7.0,7.0,nan,15.0,23.0,nan,17.0
71,復興,2017-01-16,87,10.0,11.0,nan,54.0,42.0,nan,87.0
72,埔里,2017-01-16,88,6.0,6.0,nan,40.0,25.0,38.0,88.0
84,富貴角,2017-01-16,-1,nan,nan,nan,nan,nan,nan,nan
75,馬祖,2017-01-16,56,4.0,3.0,nan,38.0,8.0,42.0,56.0
77,金門,2017-01-16,69,6.0,3.0,nan,38.0,9.0,42.0,69.0
78,馬公,2017-01-16,37,3.0,2.0,nan,20.0,3.0,37.0,28.0
80,關山,2017-01-16,32,1.0,nan,nan,13.0,7.0,32.0,12.0
83,麥寮,2017-01-16,55,10.0,3.0,nan,55.0,19.0,nan,51.0
80,關山,2017-01-17,30,1.0,nan,nan,14.0,8.0,30.0,14.0
83,麥寮,2017-01-17,56,7.0,5.0,nan,56.0,24.0,nan,nan
78,馬公,2017-01-17,42,4.0,2.0,nan,33.0,4.0,36.0,42.0
77,金門,2017-01-17,75,7.0,5.0,nan,43.0,21.0,41.0,75.0
84,富貴角,2017-01-17,-1,nan,nan,nan,nan,nan,nan,nan
75,馬祖,2017-01-17,53,4.0,3.0,nan,31.0,8.0,39.0,53.0
72,埔里,2017-01-17,93,6.0,6.0,nan,47.0,24.0,58.0,93.0
71,復興,2017-01-17,109,14.0,14.0,nan,67.0,37.0,nan,109.0
70,永和,2017-01-17,37,6.0,11.0,nan,17.0,37.0,nan,23.0
69,竹山,2017-01-17,98,9.0,6.0,nan,57.0,23.0,49.0,98.0
68,中壢,2017-01-17,44,13.0,22.0,nan,nan,41.0,nan,44.0
67,三重,2017-01-17,47,20.0,25.0,nan,34.0,47.0,nan,28.0
65,宜蘭,2017-01-17,35,7.0,7.0,nan,27.0,35.0,29.0,26.0
64,陽明,2017-01-17,42,7.0,2.0,nan,7.0,5.0,42.0,15.0
63,花蓮,2017-01-17,33,4.0,6.0,nan,20.0,26.0,33.0,29.0
62,臺東,2017-01-17,30,3.0,5.0,nan,14.0,9.0,30.0,19.0
61,恆春,2017-01-17,43,3.0,1.0,nan,16.0,2.0,43.0,21.0
60,潮州,2017-01-17,129,11.0,6.0,nan,76.0,27.0,129.0,115.0
59,屏東,2017-01-17,88,7.0,6.0,nan,61.0,27.0,67.0,88.0
58,小港,2017-01-17,118,14.0,9.0,nan,71.0,40.0,43.0,118.0
57,前鎮,2017-01-17,99,13.0,9.0,nan,72.0,38.0,nan,99.0
56,前金,2017-01-17,102,11.0,8.0,nan,61.0,35.0,61.0,102.0
54,左營,2017-01-17,102,11.0,7.0,nan,71.0,38.0,54.0,102.0
53,楠梓,2017-01-17,100,7.0,6.0,nan,80.0,32.0,47.0,100.0
52,林園,2017-01-17,84,19.0,6.0,nan,50.0,39.0,84.0,nan
51,大寮,2017-01-17,92,13.0,6.0,nan,73.0,34.0,51.0,92.0
50,鳳山,2017-01-17,107,13.0,8.0,nan,87.0,32.0,nan,107.0
49,仁武,2017-01-17,110,20.0,7.0,nan,71.0,36.0,47.0,110.0
48,橋頭,2017-01-17,112,10.0,7.0,nan,67.0,32.0,44.0,112.0
47,美濃,2017-01-17,95,4.0,6.0,nan,56.0,17.0,54.0,95.0
46,臺南,2017-01-17,67,11.0,8.0,nan,49.0,29.0,44.0,67.0
45,安南,2017-01-17,68,10.0,7.0,nan,59.0,25.0,44.0,68.0
44,善化,2017-01-17,74,33.0,7.0,nan,52.0,25.0,31.0,74.0
43,新營,2017-01-17,72,10.0,7.0,nan,56.0,26.0,43.0,72.0
42,嘉義,2017-01-17,90,23.0,7.0,nan,58.0,26.0,38.0,90.0
41,臺西,2017-01-17,57,7.0,3.0,nan,32.0,20.0,nan,57.0
40,朴子,2017-01-17,58,14.0,6.0,nan,58.0,23.0,46.0,51.0
39,新港,2017-01-17,59,11.0,6.0,nan,52.0,22.0,43.0,59.0
38,崙背,2017-01-17,56,13.0,6.0,nan,38.0,23.0,43.0,56.0
37,斗六,2017-01-17,91,10.0,6.0,nan,48.0,24.0,43.0,91.0
36,南投,2017-01-17,77,6.0,8.0,nan,53.0,30.0,38.0,77.0
35,二林,2017-01-17,40,20.0,5.0,nan,34.0,25.0,40.0,32.0
34,線西,2017-01-17,47,13.0,3.0,nan,35.0,23.0,nan,47.0
33,彰化,2017-01-17,51,9.0,7.0,nan,34.0,25.0,35.0,51.0
32,西屯,2017-01-17,55,6.0,6.0,nan,38.0,26.0,41.0,55.0
31,忠明,2017-01-17,55,4.0,8.0,nan,33.0,26.0,37.0,55.0
30,大里,2017-01-17,63,7.0,9.0,nan,48.0,34.0,39.0,63.0
29,沙鹿,2017-01-17,41,4.0,3.0,nan,32.0,22.0,41.0,33.0
28,豐原,2017-01-17,65,10.0,6.0,nan,43.0,25.0,32.0,65.0
27,三義,2017-01-17,50,3.0,3.0,nan,29.0,18.0,39.0,50.0
26,苗栗,2017-01-17,42,9.0,6.0,nan,39.0,30.0,33.0,42.0
25,頭份,2017-01-17,54,16.0,7.0,nan,40.0,37.0,nan,54.0
24,新竹,2017-01-17,41,9.0,8.0,nan,34.0,36.0,32.0,41.0
23,竹東,2017-01-17,45,7.0,7.0,nan,31.0,33.0,36.0,45.0
22,湖口,2017-01-17,44,10.0,6.0,nan,31.0,31.0,40.0,44.0
21,龍潭,2017-01-17,38,4.0,8.0,nan,31.0,34.0,32.0,38.0
20,平鎮,2017-01-17,37,13.0,9.0,nan,29.0,37.0,36.0,31.0
19,觀音,2017-01-17,42,13.0,2.0,nan,39.0,19.0,40.0,42.0
18,大園,2017-01-17,36,7.0,5.0,nan,31.0,36.0,32.0,32.0
17,桃園,2017-01-17,36,11.0,8.0,nan,23.0,36.0,32.0,30.0
16,大同,2017-01-17,42,17.0,18.0,nan,37.0,42.0,nan,24.0
15,松山,2017-01-17,38,6.0,8.0,nan,26.0,38.0,28.0,34.0
14,古亭,2017-01-17,35,4.0,8.0,nan,19.0,35.0,31.0,33.0
13,萬華,2017-01-17,38,7.0,8.0,nan,25.0,38.0,30.0,20.0
12,中山,2017-01-17,38,13.0,10.0,nan,23.0,38.0,27.0,28.0
11,士林,2017-01-17,33,31.0,3.0,nan,20.0,25.0,33.0,26.0
10,淡水,2017-01-17,33,6.0,3.0,nan,19.0,18.0,33.0,20.0
9,林口,2017-01-17,37,16.0,5.0,nan,37.0,26.0,30.0,36.0
8,菜寮,2017-01-17,41,20.0,8.0,nan,20.0,41.0,31.0,26.0
7,新莊,2017-01-17,37,13.0,8.0,nan,23.0,37.0,31.0,17.0
6,板橋,2017-01-17,38,11.0,10.0,nan,23.0,38.0,31.0,19.0
5,土城,2017-01-17,33,7.0,9.0,nan,19.0,32.0,33.0,19.0
4,新店,2017-01-17,35,3.0,6.0,nan,12.0,25.0,35.0,26.0
3,萬里,2017-01-17,42,6.0,3.0,nan,31.0,25.0,33.0,42.0
2,汐止,2017-01-17,45,4.0,8.0,nan,20.0,32.0,31.0,45.0
1,基隆,2017-01-17,33,3.0,8.0,nan,17.0,33.0,33.0,27.0
66,冬山,2017-01-17,26,3.0,5.0,nan,23.0,26.0,24.0,19.0
1,基隆,2017-01-18,39,11.0,7.0,nan,nan,29.0,26.0,39.0
66,冬山,2017-01-18,33,10.0,6.0,nan,33.0,25.0,31.0,29.0
83,麥寮,2017-01-18,59,6.0,2.0,nan,59.0,12.0,nan,nan
84,富貴角,2017-01-18,-1,nan,nan,nan,nan,nan,nan,nan
80,關山,2017-01-18,29,3.0,nan,nan,14.0,9.0,29.0,14.0
78,馬公,2017-01-18,48,3.0,2.0,nan,38.0,4.0,35.0,48.0
77,金門,2017-01-18,107,17.0,5.0,nan,58.0,33.0,21.0,107.0
75,馬祖,2017-01-18,33,3.0,3.0,nan,15.0,9.0,33.0,28.0
72,埔里,2017-01-18,85,6.0,5.0,nan,46.0,18.0,54.0,85.0
71,復興,2017-01-18,111,13.0,12.0,nan,64.0,40.0,nan,111.0
70,永和,2017-01-18,59,10.0,20.0,nan,34.0,51.0,nan,59.0
69,竹山,2017-01-18,92,6.0,5.0,nan,55.0,29.0,51.0,92.0
68,中壢,2017-01-18,57,10.0,12.0,nan,40.0,35.0,nan,57.0
67,三重,2017-01-18,57,16.0,25.0,nan,54.0,57.0,nan,54.0
65,宜蘭,2017-01-18,38,4.0,6.0,nan,30.0,25.0,38.0,35.0
64,陽明,2017-01-18,35,6.0,3.0,nan,10.0,8.0,35.0,33.0
63,花蓮,2017-01-18,32,10.0,7.0,nan,19.0,28.0,32.0,32.0
62,臺東,2017-01-18,28,1.0,5.0,nan,14.0,17.0,28.0,19.0
61,恆春,2017-01-18,40,3.0,1.0,nan,19.0,2.0,40.0,24.0
60,潮州,2017-01-18,108,6.0,5.0,nan,63.0,22.0,108.0,92.0
59,屏東,2017-01-18,108,11.0,6.0,nan,59.0,25.0,97.0,108.0
58,小港,2017-01-18,121,26.0,8.0,nan,66.0,44.0,49.0,121.0
57,前鎮,2017-01-18,107,19.0,10.0,nan,68.0,38.0,nan,107.0
56,前金,2017-01-18,92,6.0,6.0,nan,62.0,26.0,90.0,92.0
54,左營,2017-01-18,107,6.0,6.0,nan,71.0,30.0,90.0,107.0
53,楠梓,2017-01-18,103,6.0,5.0,nan,75.0,24.0,71.0,103.0
52,林園,2017-01-18,129,20.0,5.0,nan,43.0,29.0,129.0,nan
51,大寮,2017-01-18,81,11.0,6.0,nan,64.0,28.0,58.0,81.0
50,鳳山,2017-01-18,100,14.0,8.0,nan,78.0,40.0,nan,100.0
49,仁武,2017-01-18,98,24.0,6.0,nan,68.0,35.0,87.0,98.0
48,橋頭,2017-01-18,123,7.0,6.0,nan,68.0,25.0,58.0,123.0
47,美濃,2017-01-18,91,3.0,5.0,nan,51.0,12.0,64.0,91.0
46,臺南,2017-01-18,84,4.0,6.0,nan,56.0,25.0,44.0,84.0
45,安南,2017-01-18,70,3.0,5.0,nan,59.0,20.0,44.0,70.0
44,善化,2017-01-18,83,6.0,5.0,nan,56.0,23.0,41.0,83.0
43,新營,2017-01-18,75,4.0,3.0,nan,66.0,23.0,40.0,75.0
42,嘉義,2017-01-18,93,20.0,6.0,nan,65.0,25.0,43.0,93.0
41,臺西,2017-01-18,68,7.0,2.0,nan,39.0,10.0,nan,68.0
40,朴子,2017-01-18,71,4.0,3.0,nan,61.0,11.0,45.0,71.0
39,新港,2017-01-18,64,4.0,3.0,nan,59.0,13.0,42.0,64.0
38,崙背,2017-01-18,77,9.0,5.0,nan,48.0,17.0,40.0,77.0
37,斗六,2017-01-18,84,9.0,5.0,nan,54.0,20.0,45.0,84.0
36,南投,2017-01-18,80,3.0,6.0,nan,57.0,23.0,42.0,80.0
35,二林,2017-01-18,44,9.0,3.0,nan,44.0,13.0,39.0,43.0
34,線西,2017-01-18,63,9.0,3.0,nan,48.0,15.0,nan,63.0
33,彰化,2017-01-18,56,4.0,6.0,nan,51.0,23.0,34.0,56.0
32,西屯,2017-01-18,57,4.0,3.0,nan,40.0,22.0,40.0,57.0
31,忠明,2017-01-18,66,3.0,6.0,nan,36.0,30.0,37.0,66.0
30,大里,2017-01-18,60,6.0,8.0,nan,45.0,32.0,40.0,60.0
29,沙鹿,2017-01-18,46,3.0,3.0,nan,45.0,19.0,38.0,46.0
28,豐原,2017-01-18,48,7.0,3.0,nan,31.0,18.0,37.0,48.0
27,三義,2017-01-18,37,3.0,3.0,nan,25.0,19.0,33.0,37.0
26,苗栗,2017-01-18,54,6.0,6.0,nan,52.0,22.0,33.0,54.0
25,頭份,2017-01-18,58,10.0,3.0,nan,45.0,27.0,nan,58.0
24,新竹,2017-01-18,46,4.0,5.0,nan,41.0,25.0,33.0,46.0
23,竹東,2017-01-18,59,4.0,5.0,nan,39.0,16.0,30.0,59.0
22,湖口,2017-01-18,39,6.0,3.0,nan,37.0,31.0,39.0,39.0
21,龍潭,2017-01-18,60,6.0,6.0,nan,42.0,20.0,29.0,60.0
20,平鎮,2017-01-18,45,7.0,6.0,nan,44.0,35.0,29.0,45.0
19,觀音,2017-01-18,38,6.0,2.0,nan,36.0,29.0,38.0,32.0
18,大園,2017-01-18,39,10.0,3.0,nan,39.0,27.0,32.0,32.0
17,桃園,2017-01-18,45,9.0,7.0,nan,35.0,33.0,31.0,45.0
16,大同,2017-01-18,57,17.0,24.0,nan,50.0,51.0,nan,57.0
15,松山,2017-01-18,48,10.0,9.0,nan,33.0,37.0,22.0,48.0
14,古亭,2017-01-18,63,7.0,9.0,nan,37.0,42.0,27.0,63.0
13,萬華,2017-01-18,46,11.0,10.0,nan,35.0,44.0,24.0,46.0
12,中山,2017-01-18,56,11.0,11.0,nan,39.0,48.0,19.0,56.0
11,士林,2017-01-18,42,10.0,10.0,nan,28.0,36.0,31.0,42.0
10,淡水,2017-01-18,43,10.0,8.0,nan,32.0,28.0,31.0,43.0
9,林口,2017-01-18,64,10.0,7.0,nan,44.0,37.0,33.0,64.0
8,菜寮,2017-01-18,62,14.0,11.0,nan,43.0,41.0,29.0,62.0
7,新莊,2017-01-18,51,29.0,8.0,nan,41.0,33.0,32.0,51.0
6,板橋,2017-01-18,51,14.0,8.0,nan,46.0,32.0,31.0,51.0
5,土城,2017-01-18,56,11.0,7.0,nan,40.0,29.0,32.0,56.0
4,新店,2017-01-18,58,7.0,7.0,nan,26.0,36.0,30.0,58.0
3,萬里,2017-01-18,43,4.0,2.0,nan,31.0,13.0,39.0,43.0
2,汐止,2017-01-18,60,6.0,9.0,nan,30.0,37.0,29.0,60.0
83,麥寮,2017-01-19,81,13.0,3.0,nan,64.0,14.0,nan,81.0
84,富貴角,2017-01-19,-1,nan,nan,nan,nan,nan,nan,nan
66,冬山,2017-01-19,36,6.0,6.0,nan,36.0,22.0,33.0,34.0
1,基隆,2017-01-19,30,16.0,3.0,nan,10.0,30.0,29.0,24.0
2,汐止,2017-01-19,49,4.0,7.0,nan,19.0,29.0,28.0,49.0
3,萬里,2017-01-19,44,3.0,3.0,nan,27.0,6.0,44.0,36.0
4,新店,2017-01-19,52,6.0,6.0,nan,22.0,29.0,27.0,52.0
5,土城,2017-01-19,45,10.0,7.0,nan,30.0,31.0,30.0,45.0
6,板橋,2017-01-19,32,4.0,8.0,nan,32.0,28.0,29.0,27.0
7,新莊,2017-01-19,31,4.0,5.0,nan,22.0,25.0,31.0,18.0
8,菜寮,2017-01-19,31,3.0,7.0,nan,21.0,25.0,30.0,31.0
9,林口,2017-01-19,46,3.0,3.0,nan,30.0,13.0,35.0,46.0
10,淡水,2017-01-19,32,3.0,3.0,nan,21.0,9.0,32.0,32.0
11,士林,2017-01-19,30,1.0,6.0,nan,20.0,21.0,30.0,21.0
12,中山,2017-01-19,34,4.0,11.0,nan,19.0,34.0,19.0,25.0
13,萬華,2017-01-19,35,3.0,9.0,nan,22.0,35.0,23.0,24.0
14,古亭,2017-01-19,42,3.0,7.0,nan,23.0,35.0,24.0,42.0
15,松山,2017-01-19,32,3.0,7.0,nan,21.0,32.0,21.0,28.0
16,大同,2017-01-19,43,9.0,27.0,nan,35.0,43.0,nan,26.0
17,桃園,2017-01-19,31,7.0,5.0,nan,24.0,22.0,29.0,31.0
18,大園,2017-01-19,37,4.0,3.0,nan,24.0,19.0,37.0,24.0
19,觀音,2017-01-19,38,9.0,3.0,nan,31.0,11.0,38.0,28.0
20,平鎮,2017-01-19,27,3.0,5.0,nan,26.0,24.0,27.0,26.0
21,龍潭,2017-01-19,49,6.0,6.0,nan,36.0,21.0,25.0,49.0
22,湖口,2017-01-19,36,6.0,3.0,nan,25.0,10.0,36.0,24.0
23,竹東,2017-01-19,62,7.0,5.0,nan,35.0,18.0,25.0,62.0
24,新竹,2017-01-19,47,4.0,5.0,nan,34.0,18.0,30.0,47.0
25,頭份,2017-01-19,57,4.0,5.0,nan,35.0,22.0,nan,57.0
26,苗栗,2017-01-19,60,7.0,6.0,nan,43.0,21.0,28.0,60.0
27,三義,2017-01-19,48,3.0,3.0,nan,30.0,16.0,29.0,48.0
28,豐原,2017-01-19,54,7.0,3.0,nan,32.0,17.0,33.0,54.0
29,沙鹿,2017-01-19,60,4.0,3.0,nan,42.0,17.0,37.0,60.0
30,大里,2017-01-19,72,6.0,7.0,nan,47.0,33.0,39.0,72.0
31,忠明,2017-01-19,67,4.0,6.0,nan,33.0,25.0,37.0,67.0
32,西屯,2017-01-19,68,4.0,3.0,nan,39.0,21.0,40.0,68.0
33,彰化,2017-01-19,72,10.0,6.0,nan,45.0,24.0,32.0,72.0
34,線西,2017-01-19,71,14.0,5.0,nan,46.0,19.0,nan,71.0
35,二林,2017-01-19,57,14.0,5.0,nan,41.0,18.0,37.0,57.0
36,南投,2017-01-19,88,6.0,8.0,nan,54.0,30.0,44.0,88.0
37,斗六,2017-01-19,99,9.0,6.0,nan,54.0,30.0,46.0,99.0
38,崙背,2017-01-19,94,9.0,5.0,nan,54.0,17.0,41.0,94.0
39,新港,2017-01-19,80,7.0,5.0,nan,62.0,15.0,42.0,80.0
40,朴子,2017-01-19,83,9.0,5.0,nan,63.0,14.0,43.0,83.0
41,臺西,2017-01-19,73,11.0,2.0,nan,32.0,14.0,nan,73.0
42,嘉義,2017-01-19,98,17.0,7.0,nan,62.0,29.0,42.0,98.0
43,新營,2017-01-19,91,6.0,5.0,nan,65.0,25.0,43.0,91.0
44,善化,2017-01-19,92,9.0,6.0,nan,60.0,22.0,41.0,92.0
45,安南,2017-01-19,86,7.0,6.0,nan,59.0,24.0,45.0,86.0
46,臺南,2017-01-19,97,7.0,7.0,nan,57.0,25.0,46.0,97.0
47,美濃,2017-01-19,78,4.0,5.0,nan,46.0,14.0,49.0,78.0
48,橋頭,2017-01-19,120,6.0,6.0,nan,67.0,29.0,44.0,120.0
49,仁武,2017-01-19,88,13.0,7.0,nan,68.0,41.0,49.0,88.0
50,鳳山,2017-01-19,96,10.0,8.0,nan,71.0,33.0,nan,96.0
51,大寮,2017-01-19,80,14.0,6.0,nan,59.0,28.0,51.0,80.0
52,林園,2017-01-19,84,23.0,5.0,nan,45.0,43.0,84.0,nan
53,楠梓,2017-01-19,93,6.0,5.0,nan,73.0,25.0,45.0,93.0
54,左營,2017-01-19,107,7.0,7.0,nan,65.0,32.0,64.0,107.0
56,前金,2017-01-19,97,7.0,9.0,nan,68.0,30.0,71.0,97.0
57,前鎮,2017-01-19,106,20.0,10.0,nan,68.0,55.0,nan,106.0
58,小港,2017-01-19,105,11.0,7.0,nan,58.0,43.0,84.0,105.0
59,屏東,2017-01-19,78,9.0,6.0,nan,52.0,32.0,61.0,78.0
60,潮州,2017-01-19,140,10.0,5.0,nan,65.0,20.0,140.0,100.0
61,恆春,2017-01-19,42,3.0,1.0,nan,29.0,2.0,42.0,31.0
62,臺東,2017-01-19,28,1.0,5.0,nan,18.0,12.0,28.0,26.0
63,花蓮,2017-01-19,45,3.0,6.0,nan,26.0,22.0,30.0,45.0
64,陽明,2017-01-19,38,3.0,3.0,nan,5.0,7.0,38.0,6.0
65,宜蘭,2017-01-19,43,6.0,6.0,nan,32.0,16.0,37.0,43.0
67,三重,2017-01-19,43,4.0,25.0,nan,38.0,43.0,nan,24.0
68,中壢,2017-01-19,31,4.0,10.0,nan,28.0,31.0,nan,29.0
69,竹山,2017-01-19,98,9.0,6.0,nan,57.0,31.0,51.0,98.0
70,永和,2017-01-19,34,4.0,17.0,nan,20.0,34.0,nan,32.0
71,復興,2017-01-19,107,16.0,15.0,nan,66.0,66.0,nan,107.0
72,埔里,2017-01-19,78,6.0,5.0,nan,40.0,19.0,54.0,78.0
75,馬祖,2017-01-19,39,4.0,3.0,nan,14.0,5.0,39.0,27.0
77,金門,2017-01-19,89,7.0,5.0,nan,43.0,18.0,31.0,89.0
78,馬公,2017-01-19,45,4.0,3.0,nan,40.0,4.0,35.0,45.0
80,關山,2017-01-19,26,4.0,nan,nan,19.0,9.0,26.0,18.0
29,沙鹿,2017-01-20,53,3.0,6.0,nan,39.0,15.0,37.0,53.0
83,麥寮,2017-01-20,126,11.0,6.0,nan,126.0,20.0,nan,94.0
80,關山,2017-01-20,32,3.0,nan,nan,28.0,8.0,32.0,23.0
78,馬公,2017-01-20,56,4.0,5.0,nan,50.0,5.0,41.0,56.0
77,金門,2017-01-20,68,3.0,6.0,nan,36.0,8.0,33.0,68.0
75,馬祖,2017-01-20,78,4.0,6.0,nan,46.0,7.0,46.0,78.0
72,埔里,2017-01-20,74,4.0,7.0,nan,39.0,22.0,49.0,74.0
71,復興,2017-01-20,124,6.0,11.0,nan,84.0,34.0,nan,124.0
70,永和,2017-01-20,64,4.0,14.0,nan,39.0,33.0,nan,64.0
69,竹山,2017-01-20,90,6.0,7.0,nan,46.0,25.0,39.0,90.0
68,中壢,2017-01-20,66,16.0,12.0,nan,54.0,31.0,nan,66.0
67,三重,2017-01-20,57,7.0,24.0,nan,54.0,54.0,nan,57.0
65,宜蘭,2017-01-20,53,3.0,7.0,nan,39.0,9.0,41.0,53.0
64,陽明,2017-01-20,45,3.0,6.0,nan,18.0,6.0,45.0,44.0
63,花蓮,2017-01-20,51,3.0,6.0,nan,33.0,8.0,43.0,51.0
62,臺東,2017-01-20,33,1.0,7.0,nan,26.0,9.0,31.0,33.0
61,恆春,2017-01-20,44,4.0,5.0,nan,20.0,2.0,44.0,36.0
60,潮州,2017-01-20,108,10.0,8.0,nan,84.0,31.0,108.0,96.0
59,屏東,2017-01-20,90,6.0,8.0,nan,63.0,26.0,48.0,90.0
58,小港,2017-01-20,134,9.0,11.0,nan,87.0,40.0,44.0,134.0
57,前鎮,2017-01-20,133,6.0,11.0,nan,89.0,35.0,nan,133.0
56,前金,2017-01-20,120,7.0,9.0,nan,87.0,29.0,46.0,120.0
54,左營,2017-01-20,132,6.0,9.0,nan,86.0,33.0,45.0,132.0
53,楠梓,2017-01-20,116,6.0,8.0,nan,90.0,27.0,44.0,116.0
51,大寮,2017-01-20,107,11.0,9.0,nan,77.0,41.0,43.0,107.0
50,鳳山,2017-01-20,118,10.0,10.0,nan,94.0,33.0,nan,118.0
49,仁武,2017-01-20,106,6.0,9.0,nan,87.0,35.0,42.0,106.0
48,橋頭,2017-01-20,132,6.0,8.0,nan,80.0,27.0,40.0,132.0
47,美濃,2017-01-20,95,3.0,7.0,nan,55.0,18.0,46.0,95.0
46,臺南,2017-01-20,93,7.0,8.0,nan,78.0,25.0,40.0,93.0
45,安南,2017-01-20,88,6.0,7.0,nan,78.0,22.0,39.0,88.0
44,善化,2017-01-20,86,7.0,7.0,nan,65.0,23.0,37.0,86.0
43,新營,2017-01-20,90,7.0,7.0,nan,66.0,25.0,36.0,90.0
52,林園,2017-01-20,64,14.0,9.0,nan,64.0,42.0,50.0,nan
42,嘉義,2017-01-20,84,16.0,9.0,nan,57.0,25.0,37.0,84.0
41,臺西,2017-01-20,77,4.0,6.0,nan,nan,11.0,nan,77.0
40,朴子,2017-01-20,92,9.0,7.0,nan,92.0,23.0,37.0,81.0
39,新港,2017-01-20,77,7.0,7.0,nan,66.0,17.0,36.0,77.0
38,崙背,2017-01-20,96,11.0,7.0,nan,62.0,19.0,31.0,96.0
37,斗六,2017-01-20,85,6.0,7.0,nan,42.0,25.0,35.0,85.0
36,南投,2017-01-20,76,6.0,7.0,nan,49.0,25.0,31.0,76.0
35,二林,2017-01-20,71,9.0,6.0,nan,57.0,19.0,34.0,71.0
34,線西,2017-01-20,75,6.0,6.0,nan,52.0,17.0,nan,75.0
33,彰化,2017-01-20,68,4.0,7.0,nan,37.0,19.0,29.0,68.0
32,西屯,2017-01-20,58,3.0,5.0,nan,38.0,12.0,36.0,58.0
31,忠明,2017-01-20,58,6.0,7.0,nan,31.0,21.0,30.0,58.0
30,大里,2017-01-20,45,3.0,7.0,nan,27.0,22.0,30.0,45.0
28,豐原,2017-01-20,50,4.0,6.0,nan,23.0,11.0,31.0,50.0
27,三義,2017-01-20,58,4.0,6.0,nan,27.0,11.0,38.0,58.0
26,苗栗,2017-01-20,64,4.0,7.0,nan,47.0,15.0,37.0,64.0
25,頭份,2017-01-20,74,4.0,6.0,nan,43.0,25.0,nan,74.0
24,新竹,2017-01-20,69,6.0,7.0,nan,47.0,19.0,33.0,69.0
23,竹東,2017-01-20,67,6.0,6.0,nan,36.0,13.0,40.0,67.0
22,湖口,2017-01-20,65,4.0,6.0,nan,39.0,10.0,43.0,65.0
21,龍潭,2017-01-20,69,6.0,7.0,nan,42.0,19.0,38.0,69.0
20,平鎮,2017-01-20,60,6.0,7.0,nan,48.0,24.0,33.0,60.0
19,觀音,2017-01-20,61,9.0,6.0,nan,47.0,15.0,38.0,61.0
18,大園,2017-01-20,64,7.0,6.0,nan,43.0,31.0,38.0,64.0
17,桃園,2017-01-20,62,6.0,7.0,nan,39.0,24.0,34.0,62.0
16,大同,2017-01-20,53,4.0,11.0,nan,48.0,36.0,nan,53.0
15,松山,2017-01-20,62,7.0,7.0,nan,37.0,20.0,33.0,62.0
14,古亭,2017-01-20,73,6.0,8.0,nan,35.0,27.0,31.0,73.0
13,萬華,2017-01-20,57,6.0,8.0,nan,34.0,31.0,27.0,57.0
12,中山,2017-01-20,57,4.0,10.0,nan,35.0,30.0,28.0,57.0
11,士林,2017-01-20,59,4.0,6.0,nan,32.0,15.0,41.0,59.0
10,淡水,2017-01-20,66,3.0,6.0,nan,42.0,8.0,40.0,66.0
9,林口,2017-01-20,78,4.0,6.0,nan,51.0,15.0,37.0,78.0
8,菜寮,2017-01-20,53,3.0,8.0,nan,36.0,23.0,37.0,53.0
7,新莊,2017-01-20,48,4.0,7.0,nan,38.0,23.0,38.0,48.0
6,板橋,2017-01-20,59,4.0,9.0,nan,43.0,25.0,31.0,59.0
5,土城,2017-01-20,60,6.0,8.0,nan,37.0,29.0,35.0,60.0
4,新店,2017-01-20,75,6.0,7.0,nan,38.0,21.0,37.0,75.0
3,萬里,2017-01-20,85,4.0,6.0,nan,66.0,6.0,48.0,85.0
2,汐止,2017-01-20,74,7.0,7.0,nan,36.0,14.0,41.0,74.0
1,基隆,2017-01-20,65,6.0,6.0,nan,31.0,9.0,43.0,65.0
66,冬山,2017-01-20,54,3.0,6.0,nan,47.0,14.0,42.0,54.0
84,富貴角,2017-01-20,-1,nan,nan,nan,nan,nan,nan,nan
84,富貴角,2017-01-21,-1,nan,nan,nan,nan,nan,nan,nan
66,冬山,2017-01-21,41,4.0,3.0,nan,41.0,10.0,41.0,35.0
1,基隆,2017-01-21,41,3.0,5.0,nan,24.0,23.0,41.0,41.0
2,汐止,2017-01-21,53,9.0,7.0,nan,31.0,31.0,36.0,53.0
3,萬里,2017-01-21,66,3.0,2.0,nan,66.0,11.0,44.0,53.0
4,新店,2017-01-21,54,4.0,7.0,nan,34.0,31.0,39.0,54.0
5,土城,2017-01-21,41,4.0,7.0,nan,34.0,30.0,36.0,41.0
6,板橋,2017-01-21,40,6.0,9.0,nan,39.0,36.0,33.0,40.0
7,新莊,2017-01-21,40,4.0,9.0,nan,37.0,40.0,38.0,35.0
8,菜寮,2017-01-21,38,4.0,8.0,nan,35.0,38.0,37.0,36.0
9,林口,2017-01-21,55,4.0,3.0,nan,44.0,22.0,37.0,55.0
10,淡水,2017-01-21,40,1.0,6.0,nan,31.0,18.0,38.0,40.0
11,士林,2017-01-21,46,4.0,6.0,nan,32.0,30.0,41.0,46.0
12,中山,2017-01-21,44,3.0,9.0,nan,32.0,40.0,33.0,44.0
13,萬華,2017-01-21,44,4.0,7.0,nan,38.0,40.0,35.0,44.0
14,古亭,2017-01-21,57,6.0,7.0,nan,31.0,30.0,35.0,57.0
15,松山,2017-01-21,40,6.0,7.0,nan,35.0,33.0,35.0,40.0
16,大同,2017-01-21,44,4.0,15.0,nan,44.0,40.0,nan,41.0
17,桃園,2017-01-21,56,14.0,7.0,nan,37.0,32.0,35.0,56.0
18,大園,2017-01-21,46,13.0,3.0,nan,46.0,35.0,38.0,45.0
19,觀音,2017-01-21,53,11.0,3.0,nan,47.0,23.0,38.0,53.0
20,平鎮,2017-01-21,54,6.0,7.0,nan,54.0,38.0,36.0,53.0
21,龍潭,2017-01-21,55,10.0,6.0,nan,40.0,30.0,36.0,55.0
22,湖口,2017-01-21,50,3.0,3.0,nan,37.0,15.0,40.0,50.0
23,竹東,2017-01-21,55,6.0,5.0,nan,35.0,18.0,38.0,55.0
24,新竹,2017-01-21,61,6.0,6.0,nan,44.0,33.0,35.0,61.0
25,頭份,2017-01-21,66,7.0,5.0,nan,45.0,47.0,nan,66.0
26,苗栗,2017-01-21,57,7.0,6.0,nan,48.0,28.0,37.0,57.0
27,三義,2017-01-21,55,3.0,3.0,nan,32.0,15.0,37.0,55.0
28,豐原,2017-01-21,58,4.0,3.0,nan,31.0,13.0,35.0,58.0
29,沙鹿,2017-01-21,54,4.0,3.0,nan,41.0,16.0,38.0,54.0
30,大里,2017-01-21,62,6.0,6.0,nan,42.0,29.0,33.0,62.0
31,忠明,2017-01-21,70,4.0,5.0,nan,37.0,23.0,34.0,70.0
32,西屯,2017-01-21,68,3.0,3.0,nan,44.0,18.0,40.0,68.0
33,彰化,2017-01-21,76,4.0,6.0,nan,45.0,21.0,34.0,76.0
34,線西,2017-01-21,69,10.0,5.0,nan,51.0,17.0,nan,69.0
35,二林,2017-01-21,61,13.0,5.0,nan,54.0,17.0,36.0,61.0
36,南投,2017-01-21,84,4.0,6.0,nan,57.0,26.0,33.0,84.0
37,斗六,2017-01-21,102,6.0,5.0,nan,53.0,21.0,41.0,102.0
38,崙背,2017-01-21,87,10.0,6.0,nan,57.0,22.0,38.0,87.0
39,新港,2017-01-21,84,9.0,5.0,nan,64.0,20.0,40.0,84.0
40,朴子,2017-01-21,71,11.0,3.0,nan,71.0,21.0,42.0,70.0
41,臺西,2017-01-21,75,6.0,3.0,nan,nan,10.0,nan,75.0
42,嘉義,2017-01-21,85,9.0,7.0,nan,62.0,24.0,34.0,85.0
43,新營,2017-01-21,94,9.0,6.0,nan,63.0,25.0,36.0,94.0
44,善化,2017-01-21,103,7.0,5.0,nan,64.0,21.0,33.0,103.0
45,安南,2017-01-21,101,7.0,5.0,nan,71.0,25.0,38.0,101.0
46,臺南,2017-01-21,111,7.0,6.0,nan,64.0,28.0,36.0,111.0
47,美濃,2017-01-21,117,4.0,7.0,nan,65.0,18.0,42.0,117.0
48,橋頭,2017-01-21,130,7.0,7.0,nan,75.0,24.0,35.0,130.0
49,仁武,2017-01-21,125,10.0,7.0,nan,83.0,31.0,38.0,125.0
50,鳳山,2017-01-21,133,13.0,8.0,nan,92.0,34.0,nan,133.0
51,大寮,2017-01-21,109,13.0,8.0,nan,75.0,39.0,45.0,109.0
52,林園,2017-01-21,77,19.0,9.0,nan,61.0,42.0,77.0,nan
53,楠梓,2017-01-21,123,7.0,6.0,nan,84.0,25.0,38.0,123.0
54,左營,2017-01-21,139,6.0,8.0,nan,86.0,27.0,42.0,139.0
56,前金,2017-01-21,133,7.0,8.0,nan,78.0,28.0,43.0,133.0
57,前鎮,2017-01-21,132,6.0,9.0,nan,82.0,35.0,nan,132.0
58,小港,2017-01-21,142,10.0,9.0,nan,83.0,36.0,40.0,142.0
59,屏東,2017-01-21,131,6.0,7.0,nan,71.0,31.0,44.0,131.0
60,潮州,2017-01-21,155,20.0,9.0,nan,101.0,30.0,122.0,155.0
61,恆春,2017-01-21,46,3.0,5.0,nan,21.0,2.0,46.0,41.0
62,臺東,2017-01-21,38,3.0,6.0,nan,26.0,11.0,35.0,38.0
63,花蓮,2017-01-21,51,4.0,6.0,nan,31.0,16.0,36.0,51.0
64,陽明,2017-01-21,42,3.0,2.0,nan,12.0,3.0,42.0,26.0
65,宜蘭,2017-01-21,47,4.0,3.0,nan,37.0,9.0,37.0,47.0
67,三重,2017-01-21,51,7.0,23.0,nan,49.0,45.0,nan,51.0
68,中壢,2017-01-21,50,14.0,12.0,nan,50.0,42.0,nan,42.0
69,竹山,2017-01-21,123,6.0,6.0,nan,60.0,27.0,38.0,123.0
70,永和,2017-01-21,47,6.0,8.0,nan,31.0,30.0,nan,47.0
71,復興,2017-01-21,130,6.0,11.0,nan,78.0,35.0,nan,130.0
72,埔里,2017-01-21,91,7.0,8.0,nan,43.0,31.0,45.0,91.0
75,馬祖,2017-01-21,65,4.0,3.0,nan,52.0,7.0,48.0,65.0
77,金門,2017-01-21,97,6.0,5.0,nan,59.0,11.0,49.0,97.0
78,馬公,2017-01-21,60,3.0,2.0,nan,60.0,3.0,39.0,57.0
80,關山,2017-01-21,35,3.0,nan,nan,26.0,11.0,35.0,35.0
83,麥寮,2017-01-21,86,17.0,5.0,nan,86.0,20.0,nan,77.0
66,冬山,2017-01-22,54,3.0,5.0,nan,50.0,11.0,54.0,46.0
1,基隆,2017-01-22,60,4.0,5.0,nan,33.0,8.0,58.0,60.0
2,汐止,2017-01-22,65,9.0,5.0,nan,40.0,31.0,58.0,65.0
3,萬里,2017-01-22,77,6.0,3.0,nan,65.0,7.0,77.0,69.0
4,新店,2017-01-22,69,10.0,5.0,nan,44.0,16.0,51.0,69.0
5,土城,2017-01-22,52,9.0,6.0,nan,43.0,21.0,51.0,52.0
6,板橋,2017-01-22,60,7.0,8.0,nan,48.0,37.0,46.0,60.0
7,新莊,2017-01-22,54,9.0,6.0,nan,44.0,41.0,54.0,45.0
8,菜寮,2017-01-22,52,10.0,6.0,nan,44.0,35.0,49.0,52.0
9,林口,2017-01-22,65,4.0,5.0,nan,52.0,9.0,51.0,65.0
10,淡水,2017-01-22,60,3.0,5.0,nan,42.0,20.0,48.0,60.0
11,士林,2017-01-22,61,6.0,5.0,nan,39.0,26.0,54.0,61.0
12,中山,2017-01-22,58,9.0,7.0,nan,47.0,35.0,41.0,58.0
13,萬華,2017-01-22,59,7.0,6.0,nan,46.0,37.0,44.0,59.0
14,古亭,2017-01-22,72,7.0,5.0,nan,37.0,23.0,48.0,72.0
15,松山,2017-01-22,53,7.0,6.0,nan,41.0,25.0,48.0,53.0
16,大同,2017-01-22,56,9.0,8.0,nan,56.0,42.0,nan,54.0
17,桃園,2017-01-22,55,7.0,6.0,nan,41.0,32.0,50.0,55.0
18,大園,2017-01-22,63,9.0,5.0,nan,49.0,25.0,50.0,63.0
19,觀音,2017-01-22,63,11.0,5.0,nan,53.0,16.0,54.0,63.0
20,平鎮,2017-01-22,62,7.0,5.0,nan,44.0,21.0,51.0,62.0
21,龍潭,2017-01-22,68,9.0,5.0,nan,44.0,20.0,48.0,68.0
22,湖口,2017-01-22,64,7.0,5.0,nan,44.0,11.0,64.0,61.0
23,竹東,2017-01-22,59,4.0,3.0,nan,42.0,8.0,48.0,59.0
24,新竹,2017-01-22,64,6.0,6.0,nan,47.0,17.0,49.0,64.0
25,頭份,2017-01-22,74,3.0,5.0,nan,45.0,34.0,nan,74.0
26,苗栗,2017-01-22,59,7.0,5.0,nan,50.0,19.0,51.0,59.0
27,三義,2017-01-22,59,4.0,3.0,nan,34.0,8.0,49.0,59.0
84,富貴角,2017-01-22,-1,nan,nan,nan,nan,nan,nan,nan
28,豐原,2017-01-22,58,6.0,3.0,nan,31.0,8.0,47.0,58.0
29,沙鹿,2017-01-22,66,7.0,5.0,nan,46.0,13.0,54.0,66.0
30,大里,2017-01-22,61,6.0,6.0,nan,35.0,24.0,44.0,61.0
31,忠明,2017-01-22,66,4.0,5.0,nan,30.0,18.0,47.0,66.0
32,西屯,2017-01-22,58,6.0,3.0,nan,35.0,10.0,58.0,57.0
33,彰化,2017-01-22,77,6.0,6.0,nan,50.0,15.0,47.0,77.0
34,線西,2017-01-22,76,11.0,6.0,nan,60.0,19.0,nan,76.0
35,二林,2017-01-22,65,11.0,5.0,nan,58.0,13.0,48.0,65.0
36,南投,2017-01-22,78,6.0,6.0,nan,52.0,22.0,44.0,78.0
37,斗六,2017-01-22,94,4.0,5.0,nan,52.0,18.0,54.0,94.0
38,崙背,2017-01-22,82,9.0,5.0,nan,57.0,17.0,48.0,82.0
39,新港,2017-01-22,83,9.0,5.0,nan,63.0,16.0,49.0,83.0
40,朴子,2017-01-22,81,11.0,5.0,nan,81.0,24.0,61.0,74.0
41,臺西,2017-01-22,79,9.0,3.0,nan,nan,15.0,nan,79.0
42,嘉義,2017-01-22,83,17.0,7.0,nan,64.0,21.0,47.0,83.0
43,新營,2017-01-22,89,7.0,5.0,nan,64.0,19.0,49.0,89.0
44,善化,2017-01-22,83,9.0,5.0,nan,62.0,20.0,49.0,83.0
45,安南,2017-01-22,77,7.0,5.0,nan,71.0,19.0,50.0,77.0
46,臺南,2017-01-22,89,7.0,6.0,nan,66.0,22.0,49.0,89.0
47,美濃,2017-01-22,119,13.0,7.0,nan,68.0,24.0,58.0,119.0
48,橋頭,2017-01-22,118,7.0,6.0,nan,76.0,26.0,46.0,118.0
49,仁武,2017-01-22,113,9.0,7.0,nan,82.0,31.0,50.0,113.0
50,鳳山,2017-01-22,107,13.0,9.0,nan,91.0,33.0,nan,107.0
51,大寮,2017-01-22,95,20.0,7.0,nan,71.0,32.0,51.0,95.0
52,林園,2017-01-22,84,20.0,6.0,nan,54.0,38.0,84.0,nan
53,楠梓,2017-01-22,114,7.0,7.0,nan,90.0,22.0,49.0,114.0
54,左營,2017-01-22,108,7.0,6.0,nan,82.0,25.0,58.0,108.0
56,前金,2017-01-22,103,6.0,7.0,nan,76.0,26.0,61.0,103.0
57,前鎮,2017-01-22,111,9.0,8.0,nan,80.0,29.0,nan,111.0
58,小港,2017-01-22,117,20.0,7.0,nan,76.0,34.0,44.0,117.0
59,屏東,2017-01-22,138,16.0,8.0,nan,78.0,26.0,58.0,138.0
60,潮州,2017-01-22,125,10.0,7.0,nan,89.0,22.0,84.0,125.0
61,恆春,2017-01-22,54,4.0,2.0,nan,27.0,2.0,54.0,49.0
62,臺東,2017-01-22,44,3.0,5.0,nan,31.0,8.0,35.0,44.0
63,花蓮,2017-01-22,53,3.0,5.0,nan,35.0,11.0,49.0,53.0
64,陽明,2017-01-22,64,6.0,3.0,nan,26.0,7.0,64.0,60.0
65,宜蘭,2017-01-22,62,9.0,5.0,nan,47.0,9.0,51.0,62.0
67,三重,2017-01-22,57,10.0,17.0,nan,57.0,55.0,nan,55.0
68,中壢,2017-01-22,60,9.0,9.0,nan,45.0,40.0,nan,60.0
69,竹山,2017-01-22,104,6.0,5.0,nan,54.0,25.0,51.0,104.0
70,永和,2017-01-22,63,6.0,6.0,nan,40.0,25.0,nan,63.0
71,復興,2017-01-22,108,7.0,10.0,nan,75.0,32.0,nan,108.0
72,埔里,2017-01-22,80,6.0,6.0,nan,35.0,23.0,47.0,80.0
75,馬祖,2017-01-22,89,7.0,5.0,nan,59.0,6.0,84.0,89.0
77,金門,2017-01-22,104,6.0,6.0,nan,59.0,10.0,71.0,104.0
78,馬公,2017-01-22,61,3.0,3.0,nan,60.0,4.0,58.0,61.0
80,關山,2017-01-22,40,3.0,nan,nan,31.0,8.0,40.0,36.0
83,麥寮,2017-01-22,124,13.0,5.0,nan,124.0,21.0,nan,88.0
27,三義,2017-01-23,67,3.0,3.0,nan,36.0,9.0,37.0,67.0
84,富貴角,2017-01-23,-1,nan,nan,nan,nan,nan,nan,nan
66,冬山,2017-01-23,59,3.0,3.0,nan,47.0,25.0,37.0,59.0
1,基隆,2017-01-23,65,4.0,3.0,nan,38.0,6.0,44.0,65.0
2,汐止,2017-01-23,68,46.0,5.0,nan,45.0,24.0,41.0,68.0
3,萬里,2017-01-23,72,4.0,3.0,nan,62.0,3.0,49.0,72.0
4,新店,2017-01-23,72,3.0,5.0,nan,47.0,11.0,45.0,72.0
5,土城,2017-01-23,57,3.0,5.0,nan,47.0,17.0,44.0,57.0
10,淡水,2017-01-23,59,7.0,7.0,nan,52.0,7.0,42.0,59.0
6,板橋,2017-01-23,63,6.0,7.0,nan,52.0,27.0,38.0,63.0
7,新莊,2017-01-23,50,10.0,6.0,nan,50.0,24.0,38.0,49.0
8,菜寮,2017-01-23,56,9.0,6.0,nan,49.0,20.0,41.0,56.0
9,林口,2017-01-23,70,7.0,5.0,nan,57.0,16.0,43.0,70.0
11,士林,2017-01-23,60,4.0,5.0,nan,47.0,9.0,44.0,60.0
12,中山,2017-01-23,62,14.0,8.0,nan,46.0,38.0,36.0,62.0
13,萬華,2017-01-23,69,13.0,6.0,nan,57.0,33.0,37.0,69.0
14,古亭,2017-01-23,75,4.0,5.0,nan,44.0,19.0,44.0,75.0
15,松山,2017-01-23,67,9.0,6.0,nan,52.0,28.0,39.0,67.0
16,大同,2017-01-23,61,13.0,12.0,nan,61.0,43.0,nan,61.0
17,桃園,2017-01-23,68,9.0,5.0,nan,50.0,18.0,42.0,68.0
18,大園,2017-01-23,64,7.0,5.0,nan,54.0,30.0,38.0,64.0
19,觀音,2017-01-23,76,11.0,3.0,nan,58.0,20.0,40.0,76.0
20,平鎮,2017-01-23,59,4.0,5.0,nan,54.0,15.0,43.0,59.0
21,龍潭,2017-01-23,70,4.0,5.0,nan,nan,8.0,42.0,70.0
22,湖口,2017-01-23,60,9.0,5.0,nan,45.0,13.0,42.0,60.0
23,竹東,2017-01-23,62,4.0,3.0,nan,40.0,12.0,40.0,62.0
24,新竹,2017-01-23,63,4.0,5.0,nan,52.0,14.0,42.0,63.0
25,頭份,2017-01-23,73,4.0,3.0,nan,46.0,16.0,nan,73.0
26,苗栗,2017-01-23,65,9.0,5.0,nan,52.0,25.0,37.0,65.0
28,豐原,2017-01-23,72,6.0,5.0,nan,44.0,22.0,39.0,72.0
29,沙鹿,2017-01-23,97,11.0,6.0,nan,56.0,28.0,38.0,97.0
30,大里,2017-01-23,85,6.0,8.0,nan,55.0,34.0,38.0,85.0
31,忠明,2017-01-23,79,7.0,6.0,nan,43.0,26.0,38.0,79.0
32,西屯,2017-01-23,85,6.0,5.0,nan,51.0,17.0,41.0,85.0
33,彰化,2017-01-23,120,7.0,7.0,nan,62.0,27.0,33.0,120.0
34,線西,2017-01-23,85,11.0,7.0,nan,59.0,21.0,nan,85.0
35,二林,2017-01-23,71,14.0,5.0,nan,58.0,18.0,37.0,71.0
36,南投,2017-01-23,97,7.0,7.0,nan,64.0,32.0,41.0,97.0
37,斗六,2017-01-23,140,7.0,6.0,nan,68.0,25.0,46.0,140.0
38,崙背,2017-01-23,103,13.0,7.0,nan,62.0,21.0,38.0,103.0
39,新港,2017-01-23,107,11.0,6.0,nan,71.0,18.0,44.0,107.0
40,朴子,2017-01-23,92,11.0,5.0,nan,90.0,21.0,46.0,92.0
41,臺西,2017-01-23,95,19.0,5.0,nan,nan,26.0,nan,95.0
42,嘉義,2017-01-23,133,46.0,8.0,nan,80.0,32.0,45.0,133.0
43,新營,2017-01-23,121,10.0,6.0,nan,81.0,24.0,47.0,121.0
44,善化,2017-01-23,125,11.0,6.0,nan,80.0,29.0,49.0,125.0
45,安南,2017-01-23,112,9.0,6.0,nan,79.0,23.0,61.0,112.0
46,臺南,2017-01-23,127,7.0,8.0,nan,73.0,31.0,58.0,127.0
47,美濃,2017-01-23,118,9.0,6.0,nan,78.0,16.0,97.0,118.0
48,橋頭,2017-01-23,147,13.0,7.0,nan,89.0,38.0,71.0,147.0
49,仁武,2017-01-23,117,10.0,8.0,nan,95.0,46.0,74.0,117.0
50,鳳山,2017-01-23,135,29.0,11.0,nan,106.0,53.0,nan,135.0
51,大寮,2017-01-23,117,27.0,9.0,nan,87.0,44.0,48.0,117.0
52,林園,2017-01-23,108,19.0,6.0,nan,64.0,33.0,108.0,nan
53,楠梓,2017-01-23,142,10.0,7.0,nan,102.0,35.0,80.0,142.0
54,左營,2017-01-23,141,13.0,9.0,nan,96.0,37.0,90.0,141.0
56,前金,2017-01-23,132,9.0,9.0,nan,92.0,42.0,100.0,132.0
57,前鎮,2017-01-23,139,14.0,10.0,nan,94.0,49.0,nan,139.0
58,小港,2017-01-23,133,21.0,10.0,nan,92.0,52.0,54.0,133.0
59,屏東,2017-01-23,131,21.0,9.0,nan,85.0,45.0,74.0,131.0
60,潮州,2017-01-23,135,10.0,6.0,nan,103.0,24.0,108.0,135.0
61,恆春,2017-01-23,58,3.0,2.0,nan,29.0,3.0,58.0,55.0
62,臺東,2017-01-23,54,3.0,6.0,nan,36.0,12.0,40.0,54.0
63,花蓮,2017-01-23,54,3.0,6.0,nan,33.0,25.0,37.0,54.0
64,陽明,2017-01-23,62,4.0,3.0,nan,28.0,3.0,45.0,62.0
65,宜蘭,2017-01-23,64,4.0,3.0,nan,49.0,10.0,39.0,64.0
67,三重,2017-01-23,65,10.0,18.0,nan,61.0,47.0,nan,65.0
68,中壢,2017-01-23,63,9.0,10.0,nan,52.0,27.0,nan,63.0
69,竹山,2017-01-23,156,7.0,8.0,nan,80.0,36.0,71.0,156.0
70,永和,2017-01-23,62,4.0,6.0,nan,44.0,18.0,nan,62.0
71,復興,2017-01-23,131,14.0,12.0,nan,87.0,51.0,nan,131.0
72,埔里,2017-01-23,110,6.0,6.0,nan,54.0,24.0,93.0,110.0
75,馬祖,2017-01-23,103,9.0,5.0,nan,70.0,8.0,84.0,103.0
77,金門,2017-01-23,110,6.0,5.0,nan,71.0,8.0,67.0,110.0
78,馬公,2017-01-23,77,4.0,3.0,nan,76.0,4.0,44.0,77.0
80,關山,2017-01-23,51,3.0,nan,nan,35.0,8.0,40.0,51.0
83,麥寮,2017-01-23,103,20.0,7.0,nan,99.0,28.0,nan,103.0
66,冬山,2017-01-24,39,3.0,2.0,nan,13.0,19.0,39.0,13.0
84,富貴角,2017-01-24,-1,nan,nan,nan,nan,nan,nan,nan
83,麥寮,2017-01-24,78,7.0,3.0,nan,78.0,16.0,nan,67.0
80,關山,2017-01-24,35,3.0,nan,nan,18.0,8.0,35.0,25.0
78,馬公,2017-01-24,48,4.0,2.0,nan,48.0,2.0,39.0,46.0
77,金門,2017-01-24,72,6.0,3.0,nan,44.0,7.0,48.0,72.0
75,馬祖,2017-01-24,49,7.0,3.0,nan,31.0,5.0,46.0,49.0
72,埔里,2017-01-24,141,9.0,7.0,nan,65.0,28.0,80.0,141.0
71,復興,2017-01-24,142,9.0,16.0,nan,90.0,43.0,nan,142.0
70,永和,2017-01-24,28,9.0,6.0,nan,20.0,23.0,nan,28.0
69,竹山,2017-01-24,150,7.0,7.0,nan,73.0,28.0,45.0,150.0
68,中壢,2017-01-24,31,7.0,9.0,nan,31.0,26.0,nan,28.0
67,三重,2017-01-24,43,7.0,17.0,nan,41.0,43.0,nan,32.0
65,宜蘭,2017-01-24,33,6.0,3.0,nan,22.0,14.0,33.0,29.0
64,陽明,2017-01-24,43,3.0,2.0,nan,7.0,2.0,43.0,12.0
63,花蓮,2017-01-24,37,7.0,7.0,nan,20.0,27.0,31.0,37.0
62,臺東,2017-01-24,32,1.0,5.0,nan,19.0,9.0,32.0,29.0
61,恆春,2017-01-24,46,3.0,2.0,nan,19.0,2.0,46.0,37.0
60,潮州,2017-01-24,153,17.0,8.0,nan,102.0,26.0,132.0,153.0
59,屏東,2017-01-24,142,7.0,7.0,nan,86.0,31.0,58.0,142.0
58,小港,2017-01-24,146,17.0,10.0,nan,92.0,50.0,61.0,146.0
57,前鎮,2017-01-24,145,10.0,11.0,nan,94.0,42.0,nan,145.0
56,前金,2017-01-24,134,11.0,10.0,nan,98.0,39.0,64.0,134.0
54,左營,2017-01-24,147,11.0,10.0,nan,98.0,38.0,54.0,147.0
53,楠梓,2017-01-24,140,10.0,8.0,nan,98.0,34.0,47.0,140.0
52,林園,2017-01-24,100,17.0,7.0,nan,69.0,45.0,100.0,nan
51,大寮,2017-01-24,120,13.0,8.0,nan,86.0,45.0,50.0,120.0
50,鳳山,2017-01-24,140,17.0,10.0,nan,107.0,53.0,nan,140.0
49,仁武,2017-01-24,132,10.0,9.0,nan,96.0,48.0,42.0,132.0
48,橋頭,2017-01-24,148,11.0,9.0,nan,84.0,36.0,42.0,148.0
47,美濃,2017-01-24,118,6.0,6.0,nan,71.0,23.0,61.0,118.0
46,臺南,2017-01-24,105,10.0,8.0,nan,73.0,28.0,48.0,105.0
45,安南,2017-01-24,92,9.0,7.0,nan,76.0,26.0,46.0,92.0
44,善化,2017-01-24,114,9.0,7.0,nan,74.0,28.0,43.0,114.0
43,新營,2017-01-24,104,9.0,6.0,nan,73.0,24.0,40.0,104.0
42,嘉義,2017-01-24,106,16.0,8.0,nan,67.0,27.0,34.0,106.0
41,臺西,2017-01-24,59,4.0,2.0,nan,37.0,7.0,nan,59.0
40,朴子,2017-01-24,77,14.0,6.0,nan,77.0,23.0,45.0,75.0
39,新港,2017-01-24,86,14.0,6.0,nan,63.0,21.0,35.0,86.0
38,崙背,2017-01-24,87,17.0,6.0,nan,53.0,25.0,31.0,87.0
37,斗六,2017-01-24,111,7.0,6.0,nan,57.0,25.0,43.0,111.0
36,南投,2017-01-24,95,7.0,7.0,nan,61.0,33.0,33.0,95.0
35,二林,2017-01-24,56,19.0,6.0,nan,46.0,26.0,31.0,56.0
34,線西,2017-01-24,57,13.0,7.0,nan,41.0,22.0,nan,57.0
33,彰化,2017-01-24,67,4.0,6.0,nan,44.0,24.0,28.0,67.0
32,西屯,2017-01-24,61,4.0,5.0,nan,41.0,23.0,34.0,61.0
31,忠明,2017-01-24,65,6.0,6.0,nan,34.0,26.0,31.0,65.0
30,大里,2017-01-24,77,7.0,8.0,nan,43.0,36.0,34.0,77.0
29,沙鹿,2017-01-24,51,4.0,3.0,nan,29.0,17.0,33.0,51.0
28,豐原,2017-01-24,72,7.0,6.0,nan,39.0,25.0,36.0,72.0
27,三義,2017-01-24,46,3.0,3.0,nan,26.0,16.0,31.0,46.0
26,苗栗,2017-01-24,44,10.0,5.0,nan,31.0,21.0,31.0,44.0
25,頭份,2017-01-24,41,4.0,3.0,nan,20.0,19.0,nan,41.0
24,新竹,2017-01-24,35,4.0,5.0,nan,26.0,17.0,35.0,32.0
23,竹東,2017-01-24,34,4.0,3.0,nan,19.0,15.0,34.0,28.0
22,湖口,2017-01-24,39,4.0,3.0,nan,22.0,14.0,39.0,34.0
21,龍潭,2017-01-24,40,7.0,3.0,nan,nan,14.0,35.0,40.0
20,平鎮,2017-01-24,38,6.0,5.0,nan,29.0,17.0,38.0,33.0
19,觀音,2017-01-24,47,10.0,2.0,nan,37.0,21.0,36.0,47.0
18,大園,2017-01-24,37,9.0,2.0,nan,32.0,23.0,37.0,35.0
17,桃園,2017-01-24,38,10.0,5.0,nan,25.0,17.0,38.0,37.0
16,大同,2017-01-24,43,9.0,12.0,nan,43.0,41.0,nan,30.0
15,松山,2017-01-24,39,9.0,5.0,nan,25.0,31.0,35.0,39.0
14,古亭,2017-01-24,46,7.0,5.0,nan,18.0,27.0,39.0,46.0
13,萬華,2017-01-24,33,7.0,5.0,nan,28.0,31.0,33.0,30.0
12,中山,2017-01-24,38,10.0,7.0,nan,26.0,31.0,31.0,38.0
11,士林,2017-01-24,41,1.0,2.0,nan,23.0,7.0,41.0,25.0
10,淡水,2017-01-24,37,3.0,2.0,nan,20.0,8.0,37.0,24.0
9,林口,2017-01-24,38,4.0,3.0,nan,32.0,25.0,36.0,38.0
8,菜寮,2017-01-24,35,7.0,5.0,nan,24.0,20.0,35.0,28.0
7,新莊,2017-01-24,35,6.0,5.0,nan,26.0,25.0,35.0,21.0
6,板橋,2017-01-24,35,9.0,5.0,nan,30.0,27.0,35.0,30.0
5,土城,2017-01-24,38,10.0,5.0,nan,23.0,20.0,38.0,25.0
4,新店,2017-01-24,39,4.0,5.0,nan,19.0,17.0,39.0,36.0
3,萬里,2017-01-24,50,3.0,2.0,nan,50.0,3.0,45.0,43.0
2,汐止,2017-01-24,41,11.0,5.0,nan,20.0,31.0,31.0,41.0
1,基隆,2017-01-24,40,1.0,2.0,nan,19.0,11.0,40.0,32.0
80,關山,2017-01-25,30,3.0,nan,nan,14.0,8.0,30.0,19.0
84,富貴角,2017-01-25,-1,nan,nan,nan,nan,nan,nan,nan
66,冬山,2017-01-25,42,3.0,3.0,nan,16.0,18.0,42.0,15.0
1,基隆,2017-01-25,42,4.0,7.0,nan,19.0,36.0,42.0,40.0
2,汐止,2017-01-25,50,9.0,5.0,nan,19.0,35.0,34.0,50.0
3,萬里,2017-01-25,56,3.0,2.0,nan,56.0,7.0,48.0,52.0
4,新店,2017-01-25,47,6.0,6.0,nan,22.0,25.0,38.0,47.0
5,土城,2017-01-25,36,7.0,6.0,nan,27.0,23.0,36.0,34.0
6,板橋,2017-01-25,38,6.0,7.0,nan,28.0,28.0,32.0,38.0
7,新莊,2017-01-25,33,4.0,6.0,nan,23.0,25.0,33.0,27.0
8,菜寮,2017-01-25,32,4.0,6.0,nan,23.0,25.0,31.0,32.0
9,林口,2017-01-25,49,3.0,3.0,nan,35.0,21.0,39.0,49.0
10,淡水,2017-01-25,37,3.0,3.0,nan,23.0,22.0,37.0,34.0
11,士林,2017-01-25,40,3.0,3.0,nan,21.0,11.0,40.0,23.0
12,中山,2017-01-25,38,3.0,8.0,nan,23.0,38.0,31.0,33.0
13,萬華,2017-01-25,39,3.0,6.0,nan,25.0,35.0,31.0,39.0
14,古亭,2017-01-25,54,6.0,6.0,nan,18.0,29.0,35.0,54.0
15,松山,2017-01-25,34,4.0,5.0,nan,25.0,34.0,30.0,34.0
16,大同,2017-01-25,44,6.0,12.0,nan,44.0,44.0,nan,31.0
17,桃園,2017-01-25,35,7.0,6.0,nan,25.0,24.0,35.0,35.0
18,大園,2017-01-25,45,9.0,3.0,nan,34.0,28.0,35.0,45.0
19,觀音,2017-01-25,40,7.0,3.0,nan,39.0,19.0,40.0,40.0
20,平鎮,2017-01-25,42,6.0,5.0,nan,36.0,21.0,35.0,42.0
21,龍潭,2017-01-25,34,6.0,5.0,nan,nan,19.0,34.0,32.0
22,湖口,2017-01-25,42,9.0,2.0,nan,25.0,14.0,42.0,41.0
23,竹東,2017-01-25,38,6.0,5.0,nan,19.0,20.0,36.0,38.0
24,新竹,2017-01-25,42,6.0,5.0,nan,31.0,22.0,34.0,42.0
25,頭份,2017-01-25,51,7.0,3.0,nan,31.0,28.0,nan,51.0
26,苗栗,2017-01-25,43,7.0,5.0,nan,35.0,26.0,31.0,43.0
27,三義,2017-01-25,40,4.0,3.0,nan,23.0,18.0,33.0,40.0
28,豐原,2017-01-25,38,4.0,3.0,nan,19.0,14.0,36.0,38.0
29,沙鹿,2017-01-25,37,4.0,3.0,nan,29.0,17.0,37.0,34.0
30,大里,2017-01-25,52,6.0,6.0,nan,nan,27.0,31.0,52.0
31,忠明,2017-01-25,44,4.0,5.0,nan,23.0,23.0,30.0,44.0
32,西屯,2017-01-25,36,4.0,3.0,nan,31.0,19.0,36.0,32.0
33,彰化,2017-01-25,55,4.0,5.0,nan,36.0,25.0,32.0,55.0
34,線西,2017-01-25,56,10.0,5.0,nan,41.0,16.0,nan,56.0
35,二林,2017-01-25,42,13.0,3.0,nan,42.0,17.0,36.0,37.0
36,南投,2017-01-25,56,6.0,6.0,nan,42.0,25.0,27.0,56.0
37,斗六,2017-01-25,71,7.0,3.0,nan,39.0,23.0,36.0,71.0
38,崙背,2017-01-25,62,11.0,5.0,nan,50.0,18.0,36.0,62.0
39,新港,2017-01-25,62,9.0,3.0,nan,50.0,16.0,36.0,62.0
40,朴子,2017-01-25,63,13.0,5.0,nan,63.0,19.0,41.0,45.0
41,臺西,2017-01-25,53,3.0,2.0,nan,35.0,7.0,nan,53.0
42,嘉義,2017-01-25,72,9.0,6.0,nan,52.0,22.0,33.0,72.0
43,新營,2017-01-25,55,7.0,5.0,nan,55.0,21.0,35.0,55.0
44,善化,2017-01-25,67,7.0,3.0,nan,56.0,21.0,35.0,67.0
45,安南,2017-01-25,59,9.0,5.0,nan,59.0,25.0,38.0,57.0
46,臺南,2017-01-25,72,10.0,7.0,nan,52.0,25.0,38.0,72.0
47,美濃,2017-01-25,104,4.0,6.0,nan,60.0,18.0,54.0,104.0
48,橋頭,2017-01-25,109,7.0,6.0,nan,62.0,29.0,42.0,109.0
49,仁武,2017-01-25,103,29.0,7.0,nan,74.0,48.0,42.0,103.0
50,鳳山,2017-01-25,99,16.0,9.0,nan,82.0,42.0,nan,99.0
51,大寮,2017-01-25,98,20.0,8.0,nan,73.0,46.0,51.0,98.0
52,林園,2017-01-25,118,29.0,7.0,nan,56.0,38.0,118.0,nan
53,楠梓,2017-01-25,99,7.0,6.0,nan,75.0,30.0,44.0,99.0
54,左營,2017-01-25,112,9.0,7.0,nan,74.0,30.0,48.0,112.0
56,前金,2017-01-25,95,9.0,8.0,nan,68.0,32.0,50.0,95.0
57,前鎮,2017-01-25,110,10.0,9.0,nan,75.0,40.0,nan,110.0
58,小港,2017-01-25,122,17.0,9.0,nan,78.0,47.0,49.0,122.0
59,屏東,2017-01-25,123,7.0,8.0,nan,70.0,26.0,74.0,123.0
60,潮州,2017-01-25,164,21.0,6.0,nan,103.0,39.0,164.0,148.0
61,恆春,2017-01-25,45,4.0,1.0,nan,17.0,1.0,45.0,22.0
62,臺東,2017-01-25,28,3.0,5.0,nan,13.0,11.0,28.0,21.0
63,花蓮,2017-01-25,31,6.0,6.0,nan,18.0,26.0,31.0,29.0
64,陽明,2017-01-25,45,3.0,2.0,nan,6.0,3.0,45.0,10.0
65,宜蘭,2017-01-25,37,1.0,3.0,nan,19.0,15.0,37.0,24.0
67,三重,2017-01-25,49,6.0,23.0,nan,37.0,49.0,nan,29.0
68,中壢,2017-01-25,36,7.0,10.0,nan,31.0,36.0,nan,33.0
69,竹山,2017-01-25,82,6.0,5.0,nan,45.0,26.0,37.0,82.0
70,永和,2017-01-25,35,6.0,8.0,nan,19.0,27.0,nan,35.0
71,復興,2017-01-25,110,9.0,15.0,nan,69.0,50.0,nan,110.0
72,埔里,2017-01-25,107,4.0,7.0,nan,50.0,31.0,40.0,107.0
75,馬祖,2017-01-25,63,4.0,3.0,nan,37.0,3.0,45.0,63.0
77,金門,2017-01-25,66,3.0,3.0,nan,34.0,7.0,45.0,66.0
78,馬公,2017-01-25,45,3.0,2.0,nan,45.0,3.0,40.0,41.0
83,麥寮,2017-01-25,88,11.0,2.0,nan,88.0,21.0,nan,66.0
83,麥寮,2017-01-26,87,11.0,3.0,nan,87.0,16.0,nan,75.0
66,冬山,2017-01-26,42,3.0,3.0,nan,33.0,14.0,42.0,39.0
1,基隆,2017-01-26,49,3.0,9.0,nan,25.0,32.0,45.0,49.0
2,汐止,2017-01-26,54,9.0,7.0,nan,29.0,38.0,40.0,54.0
3,萬里,2017-01-26,57,6.0,2.0,nan,57.0,10.0,51.0,56.0
4,新店,2017-01-26,55,4.0,6.0,nan,30.0,25.0,41.0,55.0
5,土城,2017-01-26,44,6.0,7.0,nan,34.0,27.0,40.0,44.0
6,板橋,2017-01-26,47,4.0,7.0,nan,35.0,30.0,35.0,47.0
7,新莊,2017-01-26,42,4.0,6.0,nan,31.0,29.0,42.0,35.0
8,菜寮,2017-01-26,44,6.0,7.0,nan,31.0,29.0,42.0,44.0
9,林口,2017-01-26,59,6.0,3.0,nan,42.0,22.0,43.0,59.0
10,淡水,2017-01-26,41,6.0,2.0,nan,29.0,8.0,41.0,41.0
11,士林,2017-01-26,46,9.0,3.0,nan,29.0,14.0,44.0,46.0
12,中山,2017-01-26,52,6.0,8.0,nan,30.0,38.0,36.0,52.0
13,萬華,2017-01-26,43,4.0,7.0,nan,32.0,37.0,38.0,43.0
14,古亭,2017-01-26,58,4.0,5.0,nan,27.0,24.0,40.0,58.0
15,松山,2017-01-26,52,4.0,7.0,nan,29.0,36.0,38.0,52.0
16,大同,2017-01-26,49,7.0,16.0,nan,46.0,49.0,nan,45.0
17,桃園,2017-01-26,41,10.0,5.0,nan,33.0,21.0,41.0,38.0
18,大園,2017-01-26,49,9.0,3.0,nan,41.0,27.0,42.0,49.0
19,觀音,2017-01-26,51,7.0,3.0,nan,44.0,17.0,44.0,51.0
20,平鎮,2017-01-26,43,3.0,5.0,nan,40.0,17.0,43.0,41.0
21,龍潭,2017-01-26,55,4.0,5.0,nan,nan,17.0,39.0,55.0
22,湖口,2017-01-26,51,4.0,5.0,nan,31.0,21.0,46.0,51.0
23,竹東,2017-01-26,55,4.0,5.0,nan,29.0,17.0,42.0,55.0
24,新竹,2017-01-26,64,3.0,6.0,nan,39.0,33.0,41.0,64.0
25,頭份,2017-01-26,66,7.0,7.0,nan,38.0,35.0,nan,66.0
26,苗栗,2017-01-26,67,7.0,7.0,nan,50.0,33.0,44.0,67.0
27,三義,2017-01-26,50,3.0,5.0,nan,30.0,29.0,44.0,50.0
28,豐原,2017-01-26,54,9.0,6.0,nan,24.0,26.0,44.0,54.0
29,沙鹿,2017-01-26,50,4.0,5.0,nan,34.0,29.0,50.0,50.0
30,大里,2017-01-26,55,6.0,9.0,nan,34.0,37.0,46.0,55.0
31,忠明,2017-01-26,59,4.0,7.0,nan,29.0,36.0,44.0,59.0
32,西屯,2017-01-26,57,7.0,5.0,nan,48.0,32.0,49.0,57.0
33,彰化,2017-01-26,71,4.0,7.0,nan,41.0,33.0,45.0,71.0
34,線西,2017-01-26,70,11.0,6.0,nan,48.0,30.0,nan,70.0
35,二林,2017-01-26,57,10.0,3.0,nan,46.0,19.0,49.0,57.0
36,南投,2017-01-26,68,6.0,7.0,nan,45.0,32.0,46.0,68.0
37,斗六,2017-01-26,84,9.0,6.0,nan,52.0,27.0,58.0,84.0
38,崙背,2017-01-26,81,7.0,3.0,nan,52.0,19.0,50.0,81.0
39,新港,2017-01-26,73,4.0,3.0,nan,58.0,11.0,58.0,73.0
40,朴子,2017-01-26,66,9.0,3.0,nan,62.0,17.0,61.0,66.0
41,臺西,2017-01-26,64,7.0,2.0,nan,51.0,9.0,nan,64.0
42,嘉義,2017-01-26,86,9.0,8.0,nan,56.0,31.0,51.0,86.0
43,新營,2017-01-26,73,4.0,5.0,nan,60.0,17.0,51.0,73.0
44,善化,2017-01-26,72,9.0,nan,nan,50.0,16.0,51.0,72.0
45,安南,2017-01-26,68,6.0,3.0,nan,57.0,14.0,61.0,68.0
84,富貴角,2017-01-26,-1,nan,nan,nan,nan,nan,nan,nan
46,臺南,2017-01-26,74,6.0,7.0,nan,44.0,22.0,51.0,74.0
47,美濃,2017-01-26,99,3.0,5.0,nan,59.0,18.0,84.0,99.0
48,橋頭,2017-01-26,109,7.0,6.0,nan,62.0,31.0,64.0,109.0
49,仁武,2017-01-26,98,7.0,6.0,nan,66.0,32.0,87.0,98.0
50,鳳山,2017-01-26,99,11.0,9.0,nan,75.0,42.0,nan,99.0
51,大寮,2017-01-26,89,11.0,7.0,nan,65.0,29.0,67.0,89.0
52,林園,2017-01-26,104,30.0,6.0,nan,45.0,50.0,104.0,nan
53,楠梓,2017-01-26,100,6.0,6.0,nan,71.0,30.0,80.0,100.0
54,左營,2017-01-26,98,6.0,6.0,nan,66.0,32.0,97.0,98.0
56,前金,2017-01-26,97,6.0,6.0,nan,54.0,30.0,97.0,90.0
57,前鎮,2017-01-26,105,9.0,8.0,nan,66.0,39.0,nan,105.0
58,小港,2017-01-26,113,23.0,8.0,nan,67.0,46.0,54.0,113.0
59,屏東,2017-01-26,114,9.0,8.0,nan,63.0,29.0,71.0,114.0
60,潮州,2017-01-26,126,13.0,6.0,nan,76.0,23.0,126.0,121.0
61,恆春,2017-01-26,54,3.0,2.0,nan,25.0,1.0,54.0,37.0
62,臺東,2017-01-26,37,1.0,5.0,nan,32.0,12.0,37.0,34.0
63,花蓮,2017-01-26,45,3.0,6.0,nan,28.0,24.0,45.0,44.0
64,陽明,2017-01-26,48,3.0,2.0,nan,17.0,2.0,48.0,38.0
65,宜蘭,2017-01-26,40,1.0,5.0,nan,31.0,10.0,40.0,37.0
67,三重,2017-01-26,52,4.0,20.0,nan,45.0,52.0,nan,48.0
68,中壢,2017-01-26,53,6.0,15.0,nan,36.0,34.0,nan,53.0
69,竹山,2017-01-26,95,4.0,5.0,nan,47.0,25.0,71.0,95.0
70,永和,2017-01-26,44,7.0,6.0,nan,28.0,22.0,nan,44.0
71,復興,2017-01-26,107,10.0,12.0,nan,62.0,43.0,nan,107.0
72,埔里,2017-01-26,77,7.0,7.0,nan,36.0,33.0,46.0,77.0
75,馬祖,2017-01-26,67,4.0,3.0,nan,40.0,5.0,67.0,67.0
77,金門,2017-01-26,76,4.0,3.0,nan,42.0,8.0,49.0,76.0
78,馬公,2017-01-26,54,3.0,2.0,nan,52.0,3.0,47.0,54.0
80,關山,2017-01-26,41,3.0,nan,nan,28.0,8.0,41.0,27.0
83,麥寮,2017-01-27,75,6.0,3.0,nan,66.0,16.0,nan,75.0
80,關山,2017-01-27,38,3.0,nan,nan,23.0,7.0,38.0,31.0
78,馬公,2017-01-27,58,3.0,2.0,nan,56.0,2.0,46.0,58.0
77,金門,2017-01-27,91,7.0,3.0,nan,48.0,8.0,49.0,91.0
75,馬祖,2017-01-27,57,3.0,3.0,nan,31.0,4.0,54.0,57.0
72,埔里,2017-01-27,81,6.0,6.0,nan,40.0,27.0,61.0,81.0
71,復興,2017-01-27,110,11.0,12.0,nan,69.0,36.0,nan,110.0
70,永和,2017-01-27,37,10.0,9.0,nan,22.0,30.0,nan,37.0
69,竹山,2017-01-27,95,4.0,6.0,nan,48.0,22.0,67.0,95.0
68,中壢,2017-01-27,60,7.0,17.0,nan,42.0,39.0,nan,60.0
67,三重,2017-01-27,47,9.0,17.0,nan,43.0,47.0,nan,29.0
65,宜蘭,2017-01-27,53,4.0,5.0,nan,34.0,21.0,42.0,53.0
64,陽明,2017-01-27,45,9.0,2.0,nan,10.0,5.0,45.0,21.0
63,花蓮,2017-01-27,52,3.0,6.0,nan,29.0,25.0,44.0,52.0
62,臺東,2017-01-27,35,3.0,3.0,nan,23.0,7.0,35.0,34.0
61,恆春,2017-01-27,49,3.0,1.0,nan,25.0,1.0,49.0,40.0
60,潮州,2017-01-27,100,10.0,6.0,nan,70.0,21.0,100.0,94.0
59,屏東,2017-01-27,84,7.0,8.0,nan,61.0,24.0,61.0,84.0
58,小港,2017-01-27,110,13.0,7.0,nan,67.0,41.0,74.0,110.0
57,前鎮,2017-01-27,107,7.0,7.0,nan,71.0,32.0,nan,107.0
56,前金,2017-01-27,100,6.0,7.0,nan,67.0,27.0,77.0,100.0
54,左營,2017-01-27,110,6.0,7.0,nan,73.0,28.0,74.0,110.0
53,楠梓,2017-01-27,99,6.0,6.0,nan,71.0,20.0,67.0,99.0
52,林園,2017-01-27,84,33.0,6.0,nan,54.0,29.0,84.0,nan
51,大寮,2017-01-27,79,7.0,6.0,nan,61.0,23.0,64.0,79.0
50,鳳山,2017-01-27,98,11.0,7.0,nan,76.0,30.0,nan,98.0
49,仁武,2017-01-27,97,24.0,6.0,nan,66.0,25.0,61.0,97.0
48,橋頭,2017-01-27,111,7.0,6.0,nan,65.0,20.0,51.0,111.0
47,美濃,2017-01-27,92,4.0,5.0,nan,54.0,14.0,67.0,92.0
46,臺南,2017-01-27,84,9.0,7.0,nan,54.0,25.0,50.0,84.0
45,安南,2017-01-27,82,7.0,6.0,nan,64.0,24.0,50.0,82.0
44,善化,2017-01-27,88,7.0,nan,nan,57.0,26.0,47.0,88.0
43,新營,2017-01-27,92,7.0,7.0,nan,66.0,27.0,46.0,92.0
42,嘉義,2017-01-27,107,7.0,8.0,nan,59.0,23.0,48.0,107.0
41,臺西,2017-01-27,62,6.0,2.0,nan,37.0,9.0,nan,62.0
40,朴子,2017-01-27,78,9.0,5.0,nan,73.0,21.0,50.0,78.0
39,新港,2017-01-27,88,9.0,7.0,nan,64.0,26.0,44.0,88.0
38,崙背,2017-01-27,112,11.0,6.0,nan,59.0,25.0,43.0,112.0
37,斗六,2017-01-27,99,6.0,6.0,nan,55.0,25.0,58.0,99.0
36,南投,2017-01-27,78,4.0,6.0,nan,51.0,26.0,48.0,78.0
35,二林,2017-01-27,75,11.0,6.0,nan,57.0,26.0,43.0,75.0
34,線西,2017-01-27,100,14.0,7.0,nan,55.0,30.0,nan,100.0
33,彰化,2017-01-27,96,4.0,9.0,nan,49.0,32.0,43.0,96.0
32,西屯,2017-01-27,90,9.0,8.0,nan,51.0,32.0,48.0,90.0
31,忠明,2017-01-27,93,6.0,10.0,nan,45.0,37.0,47.0,93.0
30,大里,2017-01-27,99,10.0,9.0,nan,59.0,31.0,48.0,99.0
29,沙鹿,2017-01-27,72,7.0,6.0,nan,43.0,31.0,46.0,72.0
28,豐原,2017-01-27,68,6.0,6.0,nan,33.0,18.0,46.0,68.0
27,三義,2017-01-27,70,4.0,3.0,nan,37.0,17.0,44.0,70.0
26,苗栗,2017-01-27,79,7.0,6.0,nan,54.0,25.0,39.0,79.0
25,頭份,2017-01-27,91,13.0,5.0,nan,46.0,24.0,nan,91.0
24,新竹,2017-01-27,77,4.0,7.0,nan,40.0,26.0,44.0,77.0
23,竹東,2017-01-27,75,7.0,6.0,nan,39.0,14.0,40.0,75.0
22,湖口,2017-01-27,82,14.0,6.0,nan,44.0,25.0,47.0,82.0
21,龍潭,2017-01-27,78,7.0,9.0,nan,43.0,27.0,39.0,78.0
20,平鎮,2017-01-27,72,9.0,8.0,nan,41.0,27.0,44.0,72.0
19,觀音,2017-01-27,46,9.0,2.0,nan,42.0,14.0,46.0,44.0
18,大園,2017-01-27,158,19.0,7.0,nan,78.0,42.0,50.0,158.0
17,桃園,2017-01-27,46,9.0,6.0,nan,29.0,30.0,42.0,46.0
16,大同,2017-01-27,41,7.0,11.0,nan,41.0,40.0,nan,39.0
15,松山,2017-01-27,44,6.0,5.0,nan,21.0,28.0,42.0,44.0
14,古亭,2017-01-27,45,10.0,5.0,nan,19.0,26.0,40.0,45.0
13,萬華,2017-01-27,38,6.0,5.0,nan,30.0,34.0,38.0,38.0
12,中山,2017-01-27,40,7.0,6.0,nan,22.0,36.0,36.0,40.0
11,士林,2017-01-27,42,17.0,5.0,nan,23.0,28.0,42.0,35.0
10,淡水,2017-01-27,39,7.0,5.0,nan,25.0,24.0,39.0,36.0
9,林口,2017-01-27,51,10.0,2.0,nan,36.0,16.0,44.0,51.0
8,菜寮,2017-01-27,51,7.0,9.0,nan,27.0,38.0,41.0,51.0
7,新莊,2017-01-27,44,6.0,7.0,nan,26.0,31.0,44.0,34.0
6,板橋,2017-01-27,40,7.0,7.0,nan,32.0,26.0,39.0,40.0
5,土城,2017-01-27,47,7.0,6.0,nan,31.0,24.0,42.0,47.0
4,新店,2017-01-27,49,7.0,6.0,nan,24.0,26.0,41.0,49.0
3,萬里,2017-01-27,48,9.0,3.0,nan,23.0,13.0,48.0,44.0
2,汐止,2017-01-27,59,6.0,6.0,nan,24.0,27.0,40.0,59.0
1,基隆,2017-01-27,55,23.0,9.0,nan,23.0,28.0,36.0,55.0
66,冬山,2017-01-27,41,4.0,3.0,nan,31.0,11.0,41.0,34.0
84,富貴角,2017-01-27,-1,nan,nan,nan,nan,nan,nan,nan
5,土城,2017-01-28,49,4.0,5.0,nan,25.0,25.0,49.0,37.0
66,冬山,2017-01-28,39,4.0,3.0,nan,25.0,12.0,39.0,32.0
1,基隆,2017-01-28,37,11.0,3.0,nan,15.0,21.0,37.0,37.0
2,汐止,2017-01-28,59,11.0,7.0,nan,19.0,29.0,36.0,59.0
3,萬里,2017-01-28,44,3.0,2.0,nan,29.0,18.0,44.0,41.0
4,新店,2017-01-28,48,4.0,3.0,nan,16.0,15.0,46.0,48.0
80,關山,2017-01-28,33,9.0,nan,nan,20.0,6.0,33.0,30.0
83,麥寮,2017-01-28,96,9.0,5.0,nan,68.0,16.0,nan,96.0
78,馬公,2017-01-28,77,3.0,3.0,nan,71.0,3.0,44.0,77.0
77,金門,2017-01-28,128,9.0,3.0,nan,60.0,12.0,47.0,128.0
75,馬祖,2017-01-28,98,7.0,3.0,nan,52.0,5.0,54.0,98.0
72,埔里,2017-01-28,74,7.0,7.0,nan,36.0,32.0,47.0,74.0
71,復興,2017-01-28,100,16.0,9.0,nan,57.0,44.0,nan,100.0
70,永和,2017-01-28,44,6.0,9.0,nan,18.0,28.0,nan,44.0
84,富貴角,2017-01-28,-1,nan,nan,nan,nan,nan,nan,nan
69,竹山,2017-01-28,89,9.0,5.0,nan,44.0,18.0,77.0,89.0
68,中壢,2017-01-28,61,6.0,11.0,nan,37.0,36.0,nan,61.0
67,三重,2017-01-28,44,6.0,14.0,nan,44.0,42.0,nan,30.0
65,宜蘭,2017-01-28,42,3.0,3.0,nan,31.0,14.0,40.0,42.0
64,陽明,2017-01-28,44,6.0,2.0,nan,6.0,4.0,44.0,14.0
63,花蓮,2017-01-28,40,11.0,2.0,nan,20.0,11.0,40.0,34.0
62,臺東,2017-01-28,31,3.0,3.0,nan,19.0,10.0,31.0,26.0
61,恆春,2017-01-28,48,1.0,1.0,nan,19.0,1.0,48.0,30.0
60,潮州,2017-01-28,115,17.0,7.0,nan,62.0,21.0,115.0,94.0
59,屏東,2017-01-28,87,14.0,8.0,nan,48.0,38.0,87.0,76.0
58,小港,2017-01-28,105,24.0,8.0,nan,62.0,42.0,84.0,105.0
57,前鎮,2017-01-28,103,20.0,8.0,nan,64.0,52.0,nan,103.0
56,前金,2017-01-28,90,13.0,8.0,nan,56.0,42.0,90.0,86.0
54,左營,2017-01-28,100,10.0,7.0,nan,64.0,31.0,100.0,96.0
53,楠梓,2017-01-28,80,7.0,6.0,nan,64.0,23.0,80.0,67.0
52,林園,2017-01-28,115,19.0,5.0,nan,44.0,25.0,115.0,nan
51,大寮,2017-01-28,84,27.0,6.0,nan,57.0,30.0,77.0,84.0
50,鳳山,2017-01-28,92,19.0,8.0,nan,67.0,35.0,nan,92.0
49,仁武,2017-01-28,87,27.0,6.0,nan,55.0,35.0,87.0,77.0
48,橋頭,2017-01-28,103,7.0,6.0,nan,60.0,25.0,64.0,103.0
47,美濃,2017-01-28,87,4.0,5.0,nan,41.0,14.0,87.0,nan
46,臺南,2017-01-28,110,6.0,7.0,nan,59.0,23.0,67.0,110.0
45,安南,2017-01-28,91,7.0,6.0,nan,60.0,20.0,61.0,91.0
44,善化,2017-01-28,84,7.0,nan,nan,54.0,15.0,51.0,84.0
43,新營,2017-01-28,105,7.0,7.0,nan,61.0,24.0,50.0,105.0
42,嘉義,2017-01-28,107,3.0,6.0,nan,57.0,23.0,54.0,107.0
41,臺西,2017-01-28,86,10.0,3.0,nan,43.0,17.0,nan,86.0
40,朴子,2017-01-28,71,11.0,5.0,nan,59.0,19.0,47.0,71.0
39,新港,2017-01-28,102,6.0,5.0,nan,62.0,16.0,51.0,102.0
38,崙背,2017-01-28,99,6.0,3.0,nan,53.0,16.0,48.0,99.0
37,斗六,2017-01-28,102,9.0,5.0,nan,49.0,21.0,61.0,102.0
36,南投,2017-01-28,74,7.0,6.0,nan,44.0,21.0,47.0,74.0
35,二林,2017-01-28,66,11.0,3.0,nan,43.0,16.0,44.0,66.0
34,線西,2017-01-28,72,13.0,5.0,nan,44.0,15.0,nan,72.0
33,彰化,2017-01-28,78,4.0,6.0,nan,44.0,22.0,44.0,78.0
32,西屯,2017-01-28,61,4.0,3.0,nan,38.0,18.0,47.0,61.0
31,忠明,2017-01-28,71,3.0,5.0,nan,35.0,34.0,46.0,71.0
30,大里,2017-01-28,89,7.0,6.0,nan,47.0,25.0,46.0,89.0
29,沙鹿,2017-01-28,67,4.0,3.0,nan,40.0,15.0,48.0,67.0
28,豐原,2017-01-28,50,7.0,3.0,nan,23.0,15.0,42.0,50.0
27,三義,2017-01-28,54,3.0,3.0,nan,28.0,11.0,43.0,54.0
26,苗栗,2017-01-28,69,7.0,3.0,nan,48.0,20.0,41.0,69.0
25,頭份,2017-01-28,74,4.0,3.0,nan,40.0,22.0,nan,74.0
24,新竹,2017-01-28,69,4.0,3.0,nan,41.0,9.0,44.0,69.0
23,竹東,2017-01-28,71,4.0,5.0,nan,33.0,21.0,41.0,71.0
22,湖口,2017-01-28,57,7.0,3.0,nan,35.0,15.0,48.0,57.0
21,龍潭,2017-01-28,69,4.0,6.0,nan,40.0,29.0,42.0,69.0
20,平鎮,2017-01-28,44,3.0,5.0,nan,36.0,31.0,44.0,43.0
19,觀音,2017-01-28,59,6.0,2.0,nan,44.0,9.0,47.0,59.0
18,大園,2017-01-28,47,4.0,2.0,nan,36.0,10.0,47.0,42.0
17,桃園,2017-01-28,44,9.0,7.0,nan,31.0,34.0,38.0,44.0
16,大同,2017-01-28,42,4.0,11.0,nan,40.0,40.0,nan,42.0
15,松山,2017-01-28,38,9.0,5.0,nan,21.0,29.0,38.0,38.0
14,古亭,2017-01-28,43,6.0,5.0,nan,15.0,21.0,42.0,43.0
13,萬華,2017-01-28,38,4.0,6.0,nan,21.0,35.0,38.0,34.0
12,中山,2017-01-28,48,4.0,7.0,nan,19.0,30.0,33.0,48.0
11,士林,2017-01-28,40,4.0,3.0,nan,19.0,16.0,40.0,37.0
10,淡水,2017-01-28,34,3.0,2.0,nan,25.0,25.0,34.0,33.0
9,林口,2017-01-28,59,3.0,3.0,nan,36.0,13.0,41.0,59.0
8,菜寮,2017-01-28,53,4.0,6.0,nan,21.0,25.0,41.0,53.0
7,新莊,2017-01-28,44,4.0,6.0,nan,21.0,37.0,44.0,36.0
6,板橋,2017-01-28,45,4.0,7.0,nan,29.0,26.0,45.0,37.0
4,新店,2017-01-29,84,7.0,9.0,nan,33.0,40.0,43.0,84.0
3,萬里,2017-01-29,72,6.0,5.0,nan,35.0,18.0,40.0,72.0
2,汐止,2017-01-29,91,21.0,9.0,nan,37.0,56.0,35.0,91.0
1,基隆,2017-01-29,89,14.0,8.0,nan,36.0,31.0,38.0,89.0
66,冬山,2017-01-29,43,4.0,3.0,nan,23.0,8.0,43.0,29.0
84,富貴角,2017-01-29,-1,nan,nan,nan,nan,nan,nan,nan
83,麥寮,2017-01-29,138,11.0,3.0,nan,76.0,23.0,nan,138.0
80,關山,2017-01-29,29,3.0,nan,nan,14.0,6.0,29.0,17.0
78,馬公,2017-01-29,78,9.0,3.0,nan,56.0,8.0,41.0,78.0
77,金門,2017-01-29,126,9.0,5.0,nan,62.0,17.0,33.0,126.0
75,馬祖,2017-01-29,59,16.0,8.0,nan,32.0,15.0,44.0,59.0
72,埔里,2017-01-29,80,4.0,6.0,nan,38.0,32.0,54.0,80.0
71,復興,2017-01-29,99,21.0,9.0,nan,56.0,42.0,nan,99.0
70,永和,2017-01-29,108,11.0,16.0,nan,45.0,44.0,nan,108.0
69,竹山,2017-01-29,111,7.0,5.0,nan,52.0,18.0,74.0,111.0
68,中壢,2017-01-29,103,6.0,14.0,nan,51.0,49.0,nan,103.0
67,三重,2017-01-29,66,20.0,17.0,nan,65.0,48.0,nan,66.0
65,宜蘭,2017-01-29,57,3.0,5.0,nan,37.0,17.0,40.0,57.0
64,陽明,2017-01-29,41,6.0,3.0,nan,11.0,8.0,41.0,25.0
63,花蓮,2017-01-29,37,10.0,2.0,nan,16.0,11.0,37.0,27.0
62,臺東,2017-01-29,26,1.0,3.0,nan,14.0,10.0,26.0,16.0
61,恆春,2017-01-29,43,3.0,1.0,nan,15.0,1.0,43.0,28.0
60,潮州,2017-01-29,126,24.0,6.0,nan,57.0,22.0,126.0,91.0
59,屏東,2017-01-29,95,13.0,7.0,nan,49.0,27.0,84.0,95.0
58,小港,2017-01-29,106,60.0,7.0,nan,54.0,49.0,49.0,106.0
57,前鎮,2017-01-29,106,19.0,8.0,nan,61.0,38.0,nan,106.0
56,前金,2017-01-29,93,14.0,6.0,nan,43.0,25.0,93.0,80.0
54,左營,2017-01-29,115,13.0,6.0,nan,62.0,23.0,97.0,115.0
53,楠梓,2017-01-29,101,7.0,6.0,nan,67.0,21.0,93.0,101.0
52,林園,2017-01-29,101,27.0,5.0,nan,44.0,25.0,101.0,nan
51,大寮,2017-01-29,87,23.0,6.0,nan,54.0,30.0,87.0,83.0
50,鳳山,2017-01-29,94,16.0,7.0,nan,63.0,32.0,nan,94.0
49,仁武,2017-01-29,90,14.0,6.0,nan,55.0,32.0,90.0,89.0
48,橋頭,2017-01-29,125,9.0,6.0,nan,62.0,19.0,77.0,125.0
47,美濃,2017-01-29,74,6.0,6.0,nan,45.0,15.0,74.0,nan
46,臺南,2017-01-29,137,7.0,6.0,nan,63.0,20.0,64.0,137.0
45,安南,2017-01-29,108,7.0,5.0,nan,66.0,16.0,58.0,108.0
44,善化,2017-01-29,90,9.0,nan,nan,58.0,14.0,50.0,90.0
43,新營,2017-01-29,119,9.0,6.0,nan,77.0,17.0,46.0,119.0
42,嘉義,2017-01-29,118,7.0,7.0,nan,63.0,16.0,50.0,118.0
41,臺西,2017-01-29,125,16.0,3.0,nan,59.0,18.0,nan,125.0
40,朴子,2017-01-29,124,10.0,5.0,nan,86.0,17.0,49.0,124.0
39,新港,2017-01-29,133,10.0,7.0,nan,79.0,15.0,46.0,133.0
38,崙背,2017-01-29,149,9.0,6.0,nan,73.0,14.0,48.0,149.0
37,斗六,2017-01-29,100,4.0,5.0,nan,53.0,20.0,54.0,100.0
36,南投,2017-01-29,83,9.0,6.0,nan,50.0,31.0,46.0,83.0
35,二林,2017-01-29,82,13.0,5.0,nan,61.0,17.0,44.0,82.0
34,線西,2017-01-29,102,10.0,5.0,nan,58.0,13.0,nan,102.0
33,彰化,2017-01-29,90,7.0,6.0,nan,52.0,19.0,43.0,90.0
32,西屯,2017-01-29,70,3.0,3.0,nan,39.0,18.0,48.0,70.0
31,忠明,2017-01-29,80,1.0,6.0,nan,37.0,27.0,45.0,80.0
30,大里,2017-01-29,77,6.0,6.0,nan,43.0,22.0,46.0,77.0
29,沙鹿,2017-01-29,84,3.0,3.0,nan,52.0,13.0,48.0,84.0
28,豐原,2017-01-29,52,6.0,3.0,nan,30.0,17.0,44.0,52.0
27,三義,2017-01-29,60,4.0,3.0,nan,31.0,16.0,45.0,60.0
26,苗栗,2017-01-29,102,7.0,5.0,nan,61.0,18.0,41.0,102.0
25,頭份,2017-01-29,104,4.0,3.0,nan,58.0,24.0,nan,104.0
24,新竹,2017-01-29,113,6.0,6.0,nan,59.0,nan,42.0,113.0
23,竹東,2017-01-29,94,7.0,6.0,nan,45.0,28.0,36.0,94.0
22,湖口,2017-01-29,97,6.0,3.0,nan,62.0,20.0,47.0,97.0
21,龍潭,2017-01-29,94,4.0,7.0,nan,53.0,31.0,39.0,94.0
20,平鎮,2017-01-29,89,6.0,6.0,nan,53.0,36.0,43.0,89.0
19,觀音,2017-01-29,92,6.0,3.0,nan,57.0,14.0,44.0,92.0
18,大園,2017-01-29,95,10.0,5.0,nan,62.0,31.0,40.0,95.0
17,桃園,2017-01-29,112,13.0,7.0,nan,54.0,34.0,35.0,112.0
16,大同,2017-01-29,100,21.0,15.0,nan,61.0,45.0,nan,100.0
15,松山,2017-01-29,94,13.0,10.0,nan,50.0,43.0,39.0,94.0
14,古亭,2017-01-29,113,11.0,9.0,nan,43.0,43.0,43.0,113.0
13,萬華,2017-01-29,90,19.0,10.0,nan,47.0,43.0,36.0,90.0
12,中山,2017-01-29,95,21.0,12.0,nan,46.0,46.0,28.0,95.0
11,士林,2017-01-29,85,10.0,7.0,nan,43.0,35.0,36.0,85.0
10,淡水,2017-01-29,95,10.0,5.0,nan,56.0,27.0,29.0,95.0
9,林口,2017-01-29,108,9.0,6.0,nan,59.0,44.0,38.0,108.0
8,菜寮,2017-01-29,111,19.0,9.0,nan,54.0,42.0,37.0,111.0
7,新莊,2017-01-29,102,6.0,8.0,nan,53.0,36.0,41.0,102.0
6,板橋,2017-01-29,98,14.0,10.0,nan,61.0,50.0,36.0,98.0
5,土城,2017-01-29,92,9.0,10.0,nan,50.0,44.0,41.0,92.0
38,崙背,2017-01-30,90,14.0,6.0,nan,62.0,15.0,33.0,90.0
83,麥寮,2017-01-30,106,9.0,5.0,nan,106.0,11.0,nan,97.0
80,關山,2017-01-30,30,3.0,nan,nan,18.0,6.0,30.0,12.0
78,馬公,2017-01-30,64,4.0,5.0,nan,53.0,6.0,34.0,64.0
77,金門,2017-01-30,115,4.0,8.0,nan,54.0,18.0,29.0,115.0
75,馬祖,2017-01-30,88,4.0,8.0,nan,56.0,nan,38.0,88.0
72,埔里,2017-01-30,86,4.0,7.0,nan,44.0,25.0,50.0,86.0
71,復興,2017-01-30,119,30.0,9.0,nan,78.0,33.0,nan,119.0
70,永和,2017-01-30,66,3.0,8.0,nan,26.0,28.0,nan,66.0
69,竹山,2017-01-30,97,4.0,6.0,nan,53.0,17.0,51.0,97.0
68,中壢,2017-01-30,71,6.0,8.0,nan,36.0,33.0,nan,71.0
67,三重,2017-01-30,52,6.0,16.0,nan,52.0,43.0,nan,32.0
65,宜蘭,2017-01-30,33,3.0,5.0,nan,27.0,10.0,33.0,32.0
64,陽明,2017-01-30,40,3.0,5.0,nan,6.0,6.0,40.0,10.0
63,花蓮,2017-01-30,36,4.0,5.0,nan,17.0,8.0,36.0,23.0
62,臺東,2017-01-30,29,1.0,5.0,nan,29.0,6.0,28.0,19.0
61,恆春,2017-01-30,-1,nan,nan,nan,nan,nan,nan,nan
60,潮州,2017-01-30,122,16.0,6.0,nan,80.0,20.0,122.0,112.0
59,屏東,2017-01-30,133,23.0,8.0,nan,70.0,28.0,101.0,133.0
58,小港,2017-01-30,135,49.0,8.0,nan,80.0,40.0,61.0,135.0
57,前鎮,2017-01-30,124,34.0,8.0,nan,82.0,38.0,nan,124.0
56,前金,2017-01-30,115,20.0,7.0,nan,89.0,28.0,84.0,115.0
54,左營,2017-01-30,124,23.0,7.0,nan,84.0,26.0,97.0,124.0
53,楠梓,2017-01-30,125,14.0,6.0,nan,90.0,20.0,97.0,125.0
52,林園,2017-01-30,136,19.0,6.0,nan,54.0,41.0,136.0,nan
51,大寮,2017-01-30,103,61.0,9.0,nan,78.0,48.0,48.0,103.0
50,鳳山,2017-01-30,113,24.0,9.0,nan,90.0,32.0,nan,113.0
49,仁武,2017-01-30,122,16.0,6.0,nan,82.0,25.0,97.0,122.0
48,橋頭,2017-01-30,129,11.0,6.0,nan,78.0,19.0,74.0,129.0
47,美濃,2017-01-30,90,4.0,6.0,nan,69.0,12.0,90.0,nan
46,臺南,2017-01-30,106,7.0,7.0,nan,67.0,17.0,50.0,106.0
45,安南,2017-01-30,99,6.0,5.0,nan,74.0,14.0,49.0,99.0
44,善化,2017-01-30,102,6.0,nan,nan,75.0,15.0,46.0,102.0
43,新營,2017-01-30,105,7.0,6.0,nan,88.0,17.0,40.0,105.0
42,嘉義,2017-01-30,103,7.0,7.0,nan,66.0,14.0,44.0,103.0
41,臺西,2017-01-30,87,7.0,5.0,nan,44.0,9.0,nan,87.0
40,朴子,2017-01-30,93,7.0,5.0,nan,93.0,11.0,41.0,78.0
39,新港,2017-01-30,93,9.0,6.0,nan,81.0,12.0,37.0,93.0
37,斗六,2017-01-30,52,6.0,6.0,nan,52.0,12.0,43.0,nan
36,南投,2017-01-30,87,3.0,6.0,nan,48.0,18.0,40.0,87.0
35,二林,2017-01-30,64,9.0,6.0,nan,55.0,12.0,32.0,64.0
34,線西,2017-01-30,80,11.0,8.0,nan,54.0,16.0,nan,80.0
33,彰化,2017-01-30,70,3.0,6.0,nan,44.0,16.0,32.0,70.0
32,西屯,2017-01-30,59,3.0,6.0,nan,31.0,23.0,38.0,59.0
31,忠明,2017-01-30,66,3.0,6.0,nan,30.0,20.0,35.0,66.0
30,大里,2017-01-30,61,4.0,6.0,nan,34.0,17.0,38.0,61.0
29,沙鹿,2017-01-30,59,4.0,5.0,nan,41.0,12.0,33.0,59.0
28,豐原,2017-01-30,33,4.0,5.0,nan,nan,7.0,33.0,nan
27,三義,2017-01-30,49,6.0,5.0,nan,28.0,16.0,32.0,49.0
26,苗栗,2017-01-30,61,4.0,6.0,nan,42.0,17.0,32.0,61.0
25,頭份,2017-01-30,79,6.0,5.0,nan,42.0,25.0,nan,79.0
24,新竹,2017-01-30,91,4.0,6.0,nan,52.0,65.0,32.0,91.0
23,竹東,2017-01-30,55,3.0,5.0,nan,28.0,13.0,31.0,55.0
22,湖口,2017-01-30,80,4.0,5.0,nan,44.0,31.0,39.0,80.0
21,龍潭,2017-01-30,65,4.0,5.0,nan,43.0,21.0,32.0,65.0
20,平鎮,2017-01-30,62,6.0,5.0,nan,40.0,32.0,31.0,62.0
19,觀音,2017-01-30,93,6.0,6.0,nan,59.0,19.0,38.0,93.0
18,大園,2017-01-30,95,7.0,6.0,nan,61.0,25.0,35.0,95.0
17,桃園,2017-01-30,78,6.0,8.0,nan,44.0,32.0,33.0,78.0
16,大同,2017-01-30,74,6.0,15.0,nan,52.0,42.0,nan,74.0
15,松山,2017-01-30,59,4.0,9.0,nan,31.0,29.0,32.0,59.0
14,古亭,2017-01-30,63,6.0,6.0,nan,24.0,23.0,33.0,63.0
13,萬華,2017-01-30,73,7.0,9.0,nan,34.0,42.0,31.0,73.0
12,中山,2017-01-30,67,4.0,11.0,nan,31.0,44.0,29.0,67.0
11,士林,2017-01-30,71,4.0,9.0,nan,37.0,29.0,38.0,71.0
10,淡水,2017-01-30,76,4.0,7.0,nan,42.0,28.0,35.0,76.0
9,林口,2017-01-30,88,7.0,6.0,nan,49.0,41.0,37.0,88.0
8,菜寮,2017-01-30,82,6.0,10.0,nan,37.0,40.0,33.0,82.0
7,新莊,2017-01-30,75,4.0,10.0,nan,39.0,36.0,33.0,75.0
6,板橋,2017-01-30,73,6.0,8.0,nan,46.0,35.0,30.0,73.0
5,土城,2017-01-30,76,4.0,8.0,nan,41.0,25.0,34.0,76.0
4,新店,2017-01-30,59,11.0,6.0,nan,21.0,16.0,33.0,59.0
3,萬里,2017-01-30,82,3.0,5.0,nan,54.0,9.0,43.0,82.0
2,汐止,2017-01-30,79,6.0,9.0,nan,34.0,22.0,37.0,79.0
1,基隆,2017-01-30,78,4.0,9.0,nan,34.0,31.0,39.0,78.0
66,冬山,2017-01-30,35,3.0,5.0,nan,27.0,8.0,35.0,30.0
84,富貴角,2017-01-30,-1,nan,nan,nan,nan,nan,nan,nan
6,板橋,2017-01-31,36,6.0,3.0,nan,23.0,15.0,36.0,20.0
84,富貴角,2017-01-31,-1,nan,nan,nan,nan,nan,nan,nan
4,新店,2017-01-31,39,3.0,3.0,nan,8.0,8.0,39.0,24.0
3,萬里,2017-01-31,42,3.0,2.0,nan,41.0,8.0,42.0,39.0
1,基隆,2017-01-31,40,3.0,3.0,nan,18.0,13.0,40.0,27.0
2,汐止,2017-01-31,39,9.0,3.0,nan,16.0,14.0,36.0,39.0
66,冬山,2017-01-31,38,3.0,2.0,nan,10.0,7.0,38.0,9.0
83,麥寮,2017-01-31,77,7.0,2.0,nan,77.0,8.0,nan,57.0
80,關山,2017-01-31,33,3.0,nan,nan,14.0,7.0,33.0,16.0
78,馬公,2017-01-31,51,3.0,2.0,nan,51.0,2.0,38.0,45.0
77,金門,2017-01-31,90,4.0,5.0,nan,46.0,8.0,39.0,90.0
75,馬祖,2017-01-31,78,6.0,3.0,nan,49.0,nan,40.0,78.0
72,埔里,2017-01-31,84,3.0,7.0,nan,43.0,20.0,48.0,84.0
71,復興,2017-01-31,88,11.0,9.0,nan,59.0,33.0,nan,88.0
70,永和,2017-01-31,20,4.0,3.0,nan,16.0,9.0,nan,20.0
69,竹山,2017-01-31,69,4.0,5.0,nan,36.0,19.0,45.0,69.0
68,中壢,2017-01-31,22,4.0,6.0,nan,21.0,19.0,nan,22.0
67,三重,2017-01-31,31,10.0,10.0,nan,31.0,31.0,nan,12.0
65,宜蘭,2017-01-31,39,3.0,2.0,nan,19.0,8.0,39.0,19.0
64,陽明,2017-01-31,41,1.0,2.0,nan,5.0,2.0,41.0,4.0
63,花蓮,2017-01-31,43,3.0,5.0,nan,13.0,17.0,43.0,26.0
62,臺東,2017-01-31,30,3.0,5.0,nan,21.0,10.0,30.0,17.0
61,恆春,2017-01-31,42,nan,2.0,nan,nan,1.0,42.0,nan
60,潮州,2017-01-31,103,13.0,8.0,nan,78.0,22.0,44.0,103.0
59,屏東,2017-01-31,139,20.0,11.0,nan,71.0,39.0,40.0,139.0
58,小港,2017-01-31,103,24.0,8.0,nan,64.0,38.0,36.0,103.0
57,前鎮,2017-01-31,84,16.0,8.0,nan,64.0,33.0,nan,84.0
56,前金,2017-01-31,71,6.0,6.0,nan,62.0,23.0,44.0,71.0
54,左營,2017-01-31,81,6.0,6.0,nan,59.0,26.0,44.0,81.0
53,楠梓,2017-01-31,74,6.0,6.0,nan,64.0,19.0,42.0,74.0
52,林園,2017-01-31,48,40.0,7.0,nan,48.0,37.0,46.0,nan
51,大寮,2017-01-31,80,27.0,8.0,nan,63.0,32.0,33.0,80.0
50,鳳山,2017-01-31,80,11.0,8.0,nan,70.0,30.0,nan,80.0
49,仁武,2017-01-31,78,7.0,6.0,nan,56.0,25.0,42.0,78.0
48,橋頭,2017-01-31,89,7.0,6.0,nan,54.0,18.0,38.0,89.0
47,美濃,2017-01-31,56,6.0,6.0,nan,56.0,11.0,45.0,nan
46,臺南,2017-01-31,66,6.0,5.0,nan,50.0,18.0,39.0,66.0
45,安南,2017-01-31,58,4.0,5.0,nan,57.0,12.0,40.0,58.0
5,土城,2017-01-31,37,3.0,3.0,nan,18.0,19.0,37.0,19.0
44,善化,2017-01-31,54,6.0,nan,nan,44.0,17.0,38.0,54.0
43,新營,2017-01-31,63,4.0,3.0,nan,44.0,16.0,37.0,63.0
42,嘉義,2017-01-31,64,7.0,5.0,nan,40.0,16.0,38.0,64.0
41,臺西,2017-01-31,55,4.0,2.0,nan,38.0,7.0,nan,55.0
40,朴子,2017-01-31,66,7.0,5.0,nan,66.0,13.0,40.0,50.0
39,新港,2017-01-31,47,7.0,3.0,nan,47.0,11.0,37.0,45.0
38,崙背,2017-01-31,57,7.0,3.0,nan,38.0,15.0,37.0,57.0
37,斗六,2017-01-31,56,4.0,3.0,nan,37.0,13.0,43.0,56.0
36,南投,2017-01-31,44,7.0,5.0,nan,33.0,25.0,37.0,44.0
35,二林,2017-01-31,36,11.0,3.0,nan,34.0,12.0,36.0,32.0
34,線西,2017-01-31,45,9.0,5.0,nan,38.0,11.0,nan,45.0
33,彰化,2017-01-31,37,4.0,5.0,nan,23.0,16.0,37.0,32.0
32,西屯,2017-01-31,42,3.0,2.0,nan,27.0,19.0,42.0,30.0
31,忠明,2017-01-31,40,3.0,3.0,nan,15.0,20.0,40.0,30.0
30,大里,2017-01-31,40,4.0,5.0,nan,19.0,27.0,40.0,30.0
29,沙鹿,2017-01-31,41,3.0,2.0,nan,22.0,11.0,41.0,29.0
28,豐原,2017-01-31,39,4.0,3.0,nan,15.0,15.0,39.0,31.0
27,三義,2017-01-31,38,3.0,2.0,nan,17.0,9.0,38.0,28.0
26,苗栗,2017-01-31,37,6.0,3.0,nan,25.0,15.0,37.0,23.0
25,頭份,2017-01-31,32,3.0,2.0,nan,17.0,14.0,nan,32.0
24,新竹,2017-01-31,37,3.0,3.0,nan,19.0,35.0,37.0,33.0
23,竹東,2017-01-31,34,3.0,3.0,nan,13.0,8.0,34.0,28.0
22,湖口,2017-01-31,40,6.0,2.0,nan,16.0,8.0,40.0,32.0
21,龍潭,2017-01-31,35,3.0,3.0,nan,26.0,8.0,35.0,23.0
20,平鎮,2017-01-31,38,4.0,3.0,nan,20.0,10.0,38.0,31.0
19,觀音,2017-01-31,38,11.0,2.0,nan,38.0,15.0,38.0,36.0
18,大園,2017-01-31,36,7.0,2.0,nan,30.0,15.0,36.0,34.0
17,桃園,2017-01-31,38,9.0,3.0,nan,21.0,10.0,38.0,22.0
16,大同,2017-01-31,33,9.0,7.0,nan,33.0,29.0,nan,31.0
15,松山,2017-01-31,36,6.0,3.0,nan,20.0,17.0,36.0,36.0
14,古亭,2017-01-31,39,6.0,2.0,nan,13.0,11.0,39.0,36.0
13,萬華,2017-01-31,35,11.0,3.0,nan,22.0,19.0,35.0,30.0
12,中山,2017-01-31,36,9.0,5.0,nan,15.0,23.0,36.0,nan
11,士林,2017-01-31,40,14.0,2.0,nan,16.0,13.0,40.0,18.0
10,淡水,2017-01-31,36,6.0,2.0,nan,13.0,13.0,36.0,19.0
9,林口,2017-01-31,39,11.0,2.0,nan,24.0,11.0,39.0,29.0
8,菜寮,2017-01-31,37,9.0,3.0,nan,17.0,16.0,37.0,31.0
7,新莊,2017-01-31,36,9.0,3.0,nan,16.0,15.0,36.0,20.0
