siteid,sitename,monitordate,aqi,so2subindex,cosubindex,o3subindex,pm10subindex,no2subindex,o38subindex,pm25subindex
39,新港,2020-05-01,97,6,5.0,nan,59.0,17,97.0,90.0
83,麥寮,2020-05-01,98,10,nan,nan,58.0,14,nan,98.0
80,關山,2020-05-01,30,3,nan,nan,9.0,5,25.0,30.0
78,馬公,2020-05-01,87,4,2.0,nan,35.0,6,87.0,61.0
77,金門,2020-05-01,95,9,3.0,nan,53.0,24,80.0,95.0
75,馬祖,2020-05-01,93,9,6.0,nan,48.0,29,45.0,93.0
72,埔里,2020-05-01,93,4,5.0,nan,32.0,19,93.0,71.0
71,復興,2020-05-01,62,6,7.0,nan,35.0,25,nan,62.0
70,永和,2020-05-01,76,6,15.0,nan,39.0,52,nan,76.0
69,竹山,2020-05-01,90,4,3.0,nan,38.0,15,90.0,75.0
68,中壢,2020-05-01,90,7,14.0,nan,47.0,46,nan,90.0
67,三重,2020-05-01,103,10,17.0,nan,50.0,58,nan,103.0
66,冬山,2020-05-01,49,4,3.0,nan,26.0,11,26.0,49.0
65,宜蘭,2020-05-01,44,4,3.0,nan,25.0,8,37.0,44.0
64,陽明,2020-05-01,90,10,3.0,nan,22.0,5,90.0,54.0
63,花蓮,2020-05-01,33,4,3.0,nan,19.0,12,28.0,33.0
62,臺東,2020-05-01,26,1,3.0,nan,16.0,8,26.0,21.0
61,恆春,2020-05-01,31,1,1.0,nan,9.0,1,31.0,26.0
60,潮州,2020-05-01,132,6,3.0,nan,40.0,11,132.0,66.0
59,屏東,2020-05-01,93,4,5.0,nan,42.0,17,93.0,62.0
58,小港,2020-05-01,74,7,5.0,nan,38.0,51,74.0,65.0
57,前鎮,2020-05-01,56,6,nan,nan,37.0,25,nan,56.0
56,前金,2020-05-01,61,4,5.0,nan,34.0,19,61.0,60.0
54,左營,2020-05-01,64,4,5.0,nan,36.0,25,64.0,58.0
53,楠梓,2020-05-01,71,6,5.0,nan,44.0,31,71.0,67.0
52,林園,2020-05-01,66,6,3.0,nan,42.0,13,58.0,66.0
51,大寮,2020-05-01,100,21,6.0,nan,44.0,26,100.0,78.0
50,鳳山,2020-05-01,64,6,6.0,nan,41.0,22,nan,64.0
49,仁武,2020-05-01,72,6,5.0,nan,41.0,20,71.0,72.0
48,橋頭,2020-05-01,71,4,5.0,nan,39.0,31,67.0,71.0
47,美濃,2020-05-01,64,4,3.0,nan,31.0,7,64.0,63.0
46,臺南,2020-05-01,71,4,5.0,nan,43.0,25,51.0,71.0
45,安南,2020-05-01,78,7,5.0,nan,48.0,27,64.0,78.0
44,善化,2020-05-01,69,7,3.0,nan,40.0,15,58.0,69.0
43,新營,2020-05-01,79,3,5.0,nan,45.0,15,67.0,79.0
42,嘉義,2020-05-01,70,6,5.0,nan,38.0,21,64.0,70.0
41,臺西,2020-05-01,92,20,nan,nan,46.0,34,nan,92.0
40,朴子,2020-05-01,92,7,3.0,nan,52.0,15,84.0,92.0
38,崙背,2020-05-01,104,10,5.0,nan,63.0,18,104.0,103.0
37,斗六,2020-05-01,90,9,5.0,nan,44.0,24,90.0,81.0
36,南投,2020-05-01,100,9,6.0,nan,39.0,25,100.0,74.0
35,二林,2020-05-01,114,9,5.0,nan,66.0,14,77.0,114.0
34,線西,2020-05-01,91,9,nan,nan,52.0,24,nan,91.0
33,彰化,2020-05-01,88,14,7.0,nan,48.0,31,67.0,88.0
32,西屯,2020-05-01,108,16,5.0,nan,46.0,28,108.0,86.0
31,忠明,2020-05-01,83,9,6.0,nan,43.0,34,74.0,83.0
30,大里,2020-05-01,84,6,6.0,nan,43.0,29,84.0,82.0
29,沙鹿,2020-05-01,97,16,7.0,nan,50.0,42,97.0,93.0
28,豐原,2020-05-01,112,7,5.0,nan,37.0,29,112.0,71.0
27,三義,2020-05-01,71,4,5.0,nan,31.0,10,67.0,71.0
26,苗栗,2020-05-01,84,7,5.0,nan,42.0,23,40.0,84.0
25,頭份,2020-05-01,84,6,nan,nan,42.0,24,nan,84.0
24,新竹,2020-05-01,90,6,6.0,nan,45.0,31,90.0,90.0
23,竹東,2020-05-01,140,9,5.0,nan,41.0,17,140.0,86.0
22,湖口,2020-05-01,97,7,5.0,nan,44.0,25,97.0,90.0
21,龍潭,2020-05-01,126,6,6.0,nan,41.0,37,126.0,84.0
20,平鎮,2020-05-01,104,11,6.0,nan,52.0,42,104.0,91.0
19,觀音,2020-05-01,87,7,5.0,nan,45.0,28,44.0,87.0
18,大園,2020-05-01,89,11,6.0,nan,45.0,24,74.0,89.0
17,桃園,2020-05-01,99,13,8.0,nan,49.0,48,64.0,99.0
16,大同,2020-05-01,92,6,16.0,nan,50.0,57,nan,92.0
15,松山,2020-05-01,169,7,7.0,106.0,34.0,35,169.0,68.0
14,古亭,2020-05-01,164,6,7.0,nan,35.0,41,164.0,76.0
13,萬華,2020-05-01,82,9,10.0,nan,40.0,43,48.0,82.0
12,中山,2020-05-01,129,7,12.0,nan,42.0,50,129.0,83.0
11,士林,2020-05-01,132,7,8.0,nan,42.0,40,132.0,79.0
10,淡水,2020-05-01,73,9,6.0,nan,34.0,35,67.0,73.0
9,林口,2020-05-01,132,7,6.0,nan,40.0,33,132.0,82.0
8,菜寮,2020-05-01,88,7,9.0,nan,44.0,57,74.0,88.0
7,新莊,2020-05-01,156,9,9.0,nan,nan,42,156.0,nan
6,板橋,2020-05-01,126,9,10.0,nan,46.0,57,126.0,92.0
5,土城,2020-05-01,151,7,10.0,nan,45.0,44,151.0,94.0
4,新店,2020-05-01,166,4,7.0,nan,31.0,25,166.0,72.0
3,萬里,2020-05-01,118,7,5.0,nan,26.0,14,118.0,62.0
2,汐止,2020-05-01,159,6,7.0,nan,34.0,28,159.0,64.0
1,基隆,2020-05-01,55,6,6.0,nan,27.0,25,50.0,55.0
84,富貴角,2020-05-01,136,4,5.0,nan,40.0,20,136.0,83.0
83,麥寮,2020-05-02,91,6,nan,nan,51.0,12,nan,91
2,汐止,2020-05-02,122,6,6.0,nan,32.0,30,122.0,68
3,萬里,2020-05-02,100,4,5.0,nan,30.0,13,100.0,61
4,新店,2020-05-02,126,6,5.0,nan,31.0,24,126.0,71
5,土城,2020-05-02,132,6,8.0,nan,40.0,34,132.0,86
6,板橋,2020-05-02,90,13,7.0,nan,40.0,33,90.0,83
7,新莊,2020-05-02,87,14,9.0,nan,40.0,40,87.0,85
8,菜寮,2020-05-02,87,7,10.0,nan,41.0,39,37.0,87
9,林口,2020-05-02,79,9,6.0,nan,37.0,26,51.0,79
10,淡水,2020-05-02,79,6,8.0,nan,36.0,34,50.0,79
11,士林,2020-05-02,71,9,7.0,nan,35.0,34,39.0,71
12,中山,2020-05-02,77,6,8.0,nan,35.0,39,54.0,77
13,萬華,2020-05-02,80,6,8.0,nan,39.0,37,49.0,80
14,古亭,2020-05-02,87,7,6.0,nan,35.0,32,87.0,74
15,松山,2020-05-02,87,7,6.0,nan,32.0,31,87.0,71
16,大同,2020-05-02,85,6,22.0,nan,43.0,52,nan,85
17,桃園,2020-05-02,91,11,7.0,nan,43.0,39,43.0,91
18,大園,2020-05-02,86,9,5.0,nan,43.0,24,45.0,86
19,觀音,2020-05-02,80,11,5.0,nan,40.0,19,44.0,80
20,平鎮,2020-05-02,77,6,6.0,nan,44.0,28,48.0,77
21,龍潭,2020-05-02,80,7,5.0,nan,33.0,16,80.0,74
22,湖口,2020-05-02,75,6,5.0,nan,34.0,24,50.0,75
23,竹東,2020-05-02,97,6,5.0,nan,34.0,15,97.0,75
24,新竹,2020-05-02,76,6,5.0,nan,34.0,25,49.0,76
25,頭份,2020-05-02,71,7,nan,nan,33.0,17,nan,71
26,苗栗,2020-05-02,66,10,5.0,nan,31.0,20,44.0,66
27,三義,2020-05-02,64,6,3.0,nan,30.0,12,54.0,64
28,豐原,2020-05-02,87,6,5.0,nan,29.0,16,87.0,57
29,沙鹿,2020-05-02,87,11,6.0,nan,35.0,25,87.0,70
30,大里,2020-05-02,64,6,5.0,nan,33.0,22,61.0,64
31,忠明,2020-05-02,62,6,5.0,nan,31.0,21,50.0,62
32,西屯,2020-05-02,84,6,5.0,nan,34.0,25,84.0,66
33,彰化,2020-05-02,69,17,6.0,nan,39.0,17,47.0,69
34,線西,2020-05-02,79,9,nan,nan,43.0,24,nan,79
35,二林,2020-05-02,81,9,5.0,nan,53.0,18,44.0,81
36,南投,2020-05-02,87,9,5.0,nan,34.0,15,87.0,67
37,斗六,2020-05-02,64,7,3.0,nan,35.0,19,47.0,64
1,基隆,2020-05-02,77,4,5.0,nan,26.0,22,77.0,60
84,富貴角,2020-05-02,69,3,5.0,nan,34.0,20,51.0,69
38,崙背,2020-05-02,78,6,5.0,nan,47.0,15,44.0,78
39,新港,2020-05-02,61,4,5.0,nan,40.0,16,38.0,61
40,朴子,2020-05-02,61,4,5.0,nan,32.0,12,38.0,61
41,臺西,2020-05-02,92,6,nan,nan,45.0,17,nan,92
42,嘉義,2020-05-02,39,4,3.0,nan,25.0,18,33.0,39
43,新營,2020-05-02,44,4,3.0,nan,26.0,12,35.0,44
44,善化,2020-05-02,41,6,3.0,nan,24.0,16,39.0,41
45,安南,2020-05-02,46,9,5.0,nan,28.0,25,36.0,46
46,臺南,2020-05-02,43,7,5.0,nan,24.0,25,31.0,43
47,美濃,2020-05-02,52,4,3.0,nan,25.0,7,37.0,52
48,橋頭,2020-05-02,37,7,5.0,nan,22.0,25,30.0,37
49,仁武,2020-05-02,43,7,5.0,nan,24.0,17,31.0,43
50,鳳山,2020-05-02,32,10,5.0,nan,26.0,18,nan,32
51,大寮,2020-05-02,35,11,2.0,nan,24.0,14,24.0,35
52,林園,2020-05-02,31,3,2.0,nan,23.0,8,31.0,31
53,楠梓,2020-05-02,38,7,3.0,nan,26.0,19,31.0,38
54,左營,2020-05-02,33,9,5.0,nan,22.0,15,25.0,33
56,前金,2020-05-02,35,6,5.0,nan,21.0,29,22.0,35
57,前鎮,2020-05-02,45,9,nan,nan,24.0,45,nan,29
58,小港,2020-05-02,36,7,3.0,nan,26.0,35,21.0,36
59,屏東,2020-05-02,33,6,3.0,nan,24.0,10,32.0,33
60,潮州,2020-05-02,32,3,2.0,nan,24.0,9,28.0,32
61,恆春,2020-05-02,22,1,1.0,nan,10.0,2,22.0,19
62,臺東,2020-05-02,19,3,3.0,nan,16.0,9,19.0,13
63,花蓮,2020-05-02,21,3,2.0,nan,17.0,6,21.0,19
64,陽明,2020-05-02,58,3,2.0,nan,19.0,4,58.0,50
65,宜蘭,2020-05-02,37,4,3.0,nan,20.0,11,26.0,37
66,冬山,2020-05-02,36,4,3.0,nan,19.0,12,20.0,36
67,三重,2020-05-02,92,7,17.0,nan,44.0,50,nan,92
68,中壢,2020-05-02,77,7,14.0,nan,39.0,38,nan,77
69,竹山,2020-05-02,62,4,3.0,nan,35.0,14,58.0,62
70,永和,2020-05-02,74,7,12.0,nan,37.0,34,nan,74
71,復興,2020-05-02,42,9,5.0,nan,23.0,42,nan,36
72,埔里,2020-05-02,101,3,5.0,nan,33.0,13,101.0,73
75,馬祖,2020-05-02,75,7,2.0,nan,37.0,24,45.0,75
77,金門,2020-05-02,74,10,2.0,nan,38.0,30,45.0,74
78,馬公,2020-05-02,80,4,2.0,nan,nan,11,80.0,55
80,關山,2020-05-02,20,1,nan,nan,5.0,4,18.0,20
41,臺西,2020-05-03,35,3,nan,nan,18.0,7,nan,35
84,富貴角,2020-05-03,41,1,3.0,nan,21.0,16,28.0,41
83,麥寮,2020-05-03,33,3,nan,nan,20.0,8,nan,33
80,關山,2020-05-03,27,1,nan,nan,10.0,4,27.0,23
78,馬公,2020-05-03,28,3,2.0,nan,nan,3,28.0,26
77,金門,2020-05-03,58,6,2.0,nan,33.0,12,44.0,58
75,馬祖,2020-05-03,60,6,3.0,nan,31.0,26,44.0,60
72,埔里,2020-05-03,58,4,3.0,nan,24.0,13,45.0,58
71,復興,2020-05-03,21,6,2.0,nan,14.0,12,nan,21
70,永和,2020-05-03,55,4,10.0,nan,25.0,22,nan,55
69,竹山,2020-05-03,45,6,2.0,nan,24.0,12,36.0,45
68,中壢,2020-05-03,52,4,10.0,nan,27.0,19,nan,52
67,三重,2020-05-03,69,4,11.0,nan,31.0,26,nan,69
66,冬山,2020-05-03,56,6,5.0,nan,27.0,16,40.0,56
65,宜蘭,2020-05-03,46,7,3.0,nan,24.0,8,44.0,46
64,陽明,2020-05-03,43,1,2.0,nan,19.0,3,31.0,43
63,花蓮,2020-05-03,26,6,3.0,nan,18.0,10,26.0,23
62,臺東,2020-05-03,25,3,3.0,nan,19.0,5,25.0,19
61,恆春,2020-05-03,27,3,1.0,nan,10.0,1,26.0,27
60,潮州,2020-05-03,34,4,2.0,nan,19.0,9,34.0,24
59,屏東,2020-05-03,41,6,2.0,nan,22.0,12,41.0,28
58,小港,2020-05-03,27,9,2.0,nan,15.0,13,26.0,27
57,前鎮,2020-05-03,15,4,nan,nan,15.0,10,nan,15
56,前金,2020-05-03,27,4,2.0,nan,14.0,11,27.0,20
54,左營,2020-05-03,25,4,2.0,nan,15.0,11,25.0,19
53,楠梓,2020-05-03,26,6,2.0,nan,19.0,13,25.0,26
52,林園,2020-05-03,26,3,1.0,nan,20.0,8,26.0,21
51,大寮,2020-05-03,31,11,3.0,nan,19.0,10,25.0,31
50,鳳山,2020-05-03,18,9,3.0,nan,18.0,10,nan,15
49,仁武,2020-05-03,27,6,2.0,nan,17.0,9,27.0,27
48,橋頭,2020-05-03,25,6,2.0,nan,16.0,11,25.0,20
47,美濃,2020-05-03,44,6,2.0,nan,20.0,8,44.0,39
46,臺南,2020-05-03,25,4,2.0,nan,15.0,12,25.0,22
45,安南,2020-05-03,27,3,2.0,nan,16.0,11,27.0,22
44,善化,2020-05-03,29,3,2.0,nan,18.0,13,29.0,25
43,新營,2020-05-03,31,31,2.0,nan,19.0,10,28.0,30
42,嘉義,2020-05-03,27,4,2.0,nan,19.0,9,27.0,24
40,朴子,2020-05-03,25,3,2.0,nan,19.0,6,25.0,24
39,新港,2020-05-03,24,3,2.0,nan,20.0,9,24.0,24
38,崙背,2020-05-03,29,3,2.0,nan,21.0,9,25.0,29
37,斗六,2020-05-03,40,3,2.0,nan,22.0,14,31.0,40
36,南投,2020-05-03,52,6,3.0,nan,26.0,13,38.0,52
35,二林,2020-05-03,35,6,2.0,nan,25.0,9,20.0,35
34,線西,2020-05-03,34,4,nan,nan,20.0,10,nan,34
33,彰化,2020-05-03,33,4,2.0,nan,23.0,8,21.0,33
32,西屯,2020-05-03,47,4,3.0,nan,25.0,14,32.0,47
31,忠明,2020-05-03,45,3,2.0,nan,24.0,12,28.0,45
30,大里,2020-05-03,49,6,3.0,nan,26.0,13,30.0,49
29,沙鹿,2020-05-03,35,7,2.0,nan,19.0,9,27.0,35
28,豐原,2020-05-03,42,6,3.0,nan,24.0,14,41.0,42
27,三義,2020-05-03,44,3,2.0,nan,21.0,12,30.0,44
26,苗栗,2020-05-03,35,6,2.0,nan,21.0,10,21.0,35
25,頭份,2020-05-03,41,4,nan,nan,23.0,16,nan,41
24,新竹,2020-05-03,42,6,3.0,nan,23.0,15,26.0,42
23,竹東,2020-05-03,54,4,3.0,nan,27.0,8,35.0,54
22,湖口,2020-05-03,38,6,3.0,nan,22.0,13,27.0,38
21,龍潭,2020-05-03,53,4,3.0,nan,27.0,10,34.0,53
20,平鎮,2020-05-03,50,4,3.0,nan,30.0,13,30.0,50
19,觀音,2020-05-03,35,6,2.0,nan,23.0,13,24.0,35
18,大園,2020-05-03,50,4,5.0,nan,26.0,17,28.0,50
17,桃園,2020-05-03,65,21,7.0,nan,31.0,25,24.0,65
16,大同,2020-05-03,62,4,14.0,nan,31.0,38,nan,62
15,松山,2020-05-03,63,4,6.0,nan,31.0,25,37.0,63
14,古亭,2020-05-03,57,3,5.0,nan,27.0,21,40.0,57
13,萬華,2020-05-03,57,4,6.0,nan,31.0,25,32.0,57
12,中山,2020-05-03,58,9,6.0,nan,29.0,25,30.0,58
11,士林,2020-05-03,58,6,7.0,nan,31.0,28,28.0,58
10,淡水,2020-05-03,49,4,7.0,nan,22.0,27,24.0,49
9,林口,2020-05-03,54,4,3.0,nan,27.0,15,31.0,54
8,菜寮,2020-05-03,62,3,7.0,nan,30.0,24,24.0,62
7,新莊,2020-05-03,63,9,8.0,nan,31.0,26,36.0,63
6,板橋,2020-05-03,61,7,8.0,nan,31.0,32,34.0,61
5,土城,2020-05-03,65,9,8.0,nan,31.0,28,43.0,65
4,新店,2020-05-03,52,3,5.0,nan,25.0,20,42.0,52
3,萬里,2020-05-03,61,4,3.0,nan,24.0,9,61.0,56
2,汐止,2020-05-03,59,6,7.0,nan,29.0,22,45.0,59
1,基隆,2020-05-03,58,4,5.0,nan,27.0,14,51.0,58
84,富貴角,2020-05-04,41,4,2.0,nan,24.0,7,39.0,41
83,麥寮,2020-05-04,35,3,nan,nan,22.0,9,nan,35
80,關山,2020-05-04,36,1,nan,nan,12.0,5,31.0,36
78,馬公,2020-05-04,28,4,2.0,nan,nan,3,22.0,28
77,金門,2020-05-04,54,9,2.0,nan,31.0,22,33.0,54
75,馬祖,2020-05-04,86,4,3.0,nan,41.0,25,41.0,86
72,埔里,2020-05-04,64,4,2.0,nan,21.0,11,64.0,45
71,復興,2020-05-04,39,4,5.0,nan,20.0,14,nan,39
70,永和,2020-05-04,54,4,17.0,nan,31.0,42,nan,54
69,竹山,2020-05-04,47,4,2.0,nan,27.0,9,47.0,43
68,中壢,2020-05-04,50,6,14.0,nan,27.0,29,nan,50
67,三重,2020-05-04,65,6,12.0,nan,34.0,33,nan,65
66,冬山,2020-05-04,50,4,3.0,nan,28.0,10,28.0,50
65,宜蘭,2020-05-04,51,3,3.0,nan,26.0,10,42.0,51
64,陽明,2020-05-04,52,4,3.0,nan,23.0,7,45.0,52
63,花蓮,2020-05-04,39,4,2.0,nan,23.0,5,37.0,39
62,臺東,2020-05-04,30,1,3.0,nan,18.0,9,30.0,21
61,恆春,2020-05-04,46,4,2.0,nan,17.0,4,46.0,40
60,潮州,2020-05-04,49,6,2.0,nan,26.0,9,49.0,46
59,屏東,2020-05-04,71,9,5.0,nan,29.0,19,71.0,39
58,小港,2020-05-04,35,4,3.0,nan,20.0,14,29.0,35
57,前鎮,2020-05-04,28,4,nan,nan,23.0,11,nan,28
56,前金,2020-05-04,34,1,3.0,nan,20.0,7,34.0,32
54,左營,2020-05-04,31,4,2.0,nan,19.0,8,31.0,29
53,楠梓,2020-05-04,37,4,3.0,nan,25.0,12,34.0,37
52,林園,2020-05-04,33,4,2.0,nan,22.0,9,33.0,33
51,大寮,2020-05-04,42,10,5.0,nan,28.0,17,35.0,42
50,鳳山,2020-05-04,30,7,5.0,nan,25.0,16,nan,30
49,仁武,2020-05-04,38,7,3.0,nan,23.0,13,33.0,38
48,橋頭,2020-05-04,37,4,3.0,nan,20.0,11,32.0,37
47,美濃,2020-05-04,50,3,2.0,nan,21.0,6,50.0,42
46,臺南,2020-05-04,32,3,2.0,nan,21.0,7,29.0,32
45,安南,2020-05-04,33,4,2.0,nan,23.0,9,32.0,33
44,善化,2020-05-04,36,6,3.0,nan,24.0,13,34.0,36
43,新營,2020-05-04,35,3,3.0,nan,22.0,10,34.0,35
42,嘉義,2020-05-04,34,3,2.0,nan,23.0,11,34.0,32
41,臺西,2020-05-04,36,3,nan,nan,19.0,8,nan,36
40,朴子,2020-05-04,31,4,3.0,nan,22.0,8,30.0,31
39,新港,2020-05-04,31,4,2.0,nan,23.0,9,31.0,30
38,崙背,2020-05-04,36,3,2.0,nan,36.0,11,31.0,35
37,斗六,2020-05-04,43,4,3.0,nan,24.0,11,43.0,39
36,南投,2020-05-04,47,4,2.0,nan,26.0,10,47.0,47
35,二林,2020-05-04,33,6,2.0,nan,28.0,8,28.0,33
34,線西,2020-05-04,35,6,nan,nan,23.0,7,nan,35
33,彰化,2020-05-04,32,10,2.0,nan,24.0,9,32.0,31
32,西屯,2020-05-04,49,6,2.0,nan,25.0,8,49.0,40
31,忠明,2020-05-04,43,3,3.0,nan,24.0,14,41.0,43
30,大里,2020-05-04,45,6,3.0,nan,26.0,13,44.0,45
29,沙鹿,2020-05-04,42,7,3.0,nan,23.0,13,37.0,42
28,豐原,2020-05-04,71,6,3.0,nan,27.0,16,71.0,42
27,三義,2020-05-04,45,7,3.0,nan,24.0,16,39.0,45
26,苗栗,2020-05-04,39,4,3.0,nan,22.0,11,31.0,39
25,頭份,2020-05-04,42,6,nan,nan,26.0,11,nan,42
24,新竹,2020-05-04,41,9,3.0,nan,23.0,11,38.0,41
23,竹東,2020-05-04,58,4,3.0,nan,24.0,9,58.0,46
22,湖口,2020-05-04,42,7,3.0,nan,22.0,13,42.0,39
21,龍潭,2020-05-04,51,6,3.0,nan,25.0,11,51.0,51
20,平鎮,2020-05-04,47,4,3.0,nan,32.0,16,43.0,47
19,觀音,2020-05-04,35,10,2.0,nan,22.0,10,32.0,35
18,大園,2020-05-04,42,9,3.0,nan,23.0,8,40.0,42
17,桃園,2020-05-04,54,7,3.0,nan,28.0,13,35.0,54
16,大同,2020-05-04,57,6,16.0,nan,32.0,43,nan,57
15,松山,2020-05-04,80,9,7.0,nan,32.0,34,80.0,60
14,古亭,2020-05-04,71,6,7.0,nan,31.0,39,71.0,55
13,萬華,2020-05-04,58,6,9.0,nan,34.0,37,44.0,58
12,中山,2020-05-04,54,6,9.0,nan,32.0,36,46.0,54
11,士林,2020-05-04,51,7,5.0,nan,31.0,23,44.0,51
10,淡水,2020-05-04,38,6,2.0,nan,20.0,13,38.0,37
9,林口,2020-05-04,51,4,2.0,nan,29.0,12,44.0,51
8,菜寮,2020-05-04,55,7,5.0,nan,30.0,24,31.0,55
7,新莊,2020-05-04,61,6,6.0,nan,33.0,34,48.0,61
6,板橋,2020-05-04,56,9,7.0,nan,31.0,34,46.0,56
5,土城,2020-05-04,100,11,7.0,nan,31.0,37,100.0,55
4,新店,2020-05-04,97,6,7.0,nan,29.0,33,97.0,58
3,萬里,2020-05-04,52,4,2.0,nan,24.0,10,50.0,52
2,汐止,2020-05-04,93,9,5.0,nan,31.0,27,93.0,60
1,基隆,2020-05-04,57,7,3.0,nan,28.0,27,44.0,57
21,龍潭,2020-05-05,67,7,5.0,nan,37,17,61.0,67
83,麥寮,2020-05-05,37,4,nan,nan,27,10,nan,37
80,關山,2020-05-05,39,1,nan,nan,14,3,35.0,39
78,馬公,2020-05-05,24,3,2.0,nan,17,6,19.0,24
77,金門,2020-05-05,30,3,1.0,nan,21,8,26.0,30
75,馬祖,2020-05-05,46,3,1.0,nan,23,14,23.0,46
72,埔里,2020-05-05,77,4,3.0,nan,29,13,77.0,57
71,復興,2020-05-05,45,7,5.0,nan,19,19,nan,45
70,永和,2020-05-05,71,3,12.0,nan,34,29,nan,71
69,竹山,2020-05-05,54,6,3.0,nan,32,14,54.0,53
68,中壢,2020-05-05,61,6,16.0,nan,37,36,nan,61
67,三重,2020-05-05,88,6,15.0,nan,44,48,nan,88
66,冬山,2020-05-05,46,4,3.0,nan,29,9,33.0,46
65,宜蘭,2020-05-05,45,3,3.0,nan,28,11,35.0,45
64,陽明,2020-05-05,69,7,3.0,nan,31,8,67.0,69
63,花蓮,2020-05-05,38,4,3.0,nan,27,8,31.0,38
62,臺東,2020-05-05,30,1,3.0,nan,22,8,30.0,27
61,恆春,2020-05-05,37,1,1.0,nan,15,1,30.0,37
60,潮州,2020-05-05,41,6,3.0,nan,27,21,35.0,41
59,屏東,2020-05-05,44,6,5.0,nan,31,21,44.0,42
58,小港,2020-05-05,39,4,3.0,nan,27,18,21.0,39
57,前鎮,2020-05-05,29,7,nan,nan,20,16,nan,29
56,前金,2020-05-05,36,7,3.0,nan,19,19,26.0,36
54,左營,2020-05-05,33,9,3.0,nan,20,17,25.0,33
53,楠梓,2020-05-05,45,11,6.0,nan,28,21,28.0,45
52,林園,2020-05-05,35,6,2.0,nan,23,11,27.0,35
51,大寮,2020-05-05,47,13,5.0,nan,28,19,27.0,47
50,鳳山,2020-05-05,37,19,7.0,nan,25,23,nan,37
49,仁武,2020-05-05,47,11,5.0,nan,25,22,29.0,47
48,橋頭,2020-05-05,40,7,3.0,nan,22,20,27.0,40
47,美濃,2020-05-05,80,6,3.0,nan,30,8,80.0,54
46,臺南,2020-05-05,35,6,3.0,nan,20,13,28.0,35
45,安南,2020-05-05,41,7,5.0,nan,24,18,31.0,41
44,善化,2020-05-05,45,7,3.0,nan,28,18,38.0,45
43,新營,2020-05-05,47,4,5.0,nan,27,13,41.0,47
42,嘉義,2020-05-05,44,4,3.0,nan,29,14,44.0,44
41,臺西,2020-05-05,34,4,nan,nan,22,9,nan,34
40,朴子,2020-05-05,35,4,3.0,nan,26,10,31.0,35
39,新港,2020-05-05,36,6,2.0,nan,27,12,34.0,36
38,崙背,2020-05-05,40,4,2.0,nan,34,16,31.0,40
37,斗六,2020-05-05,48,6,3.0,nan,29,14,44.0,48
36,南投,2020-05-05,58,3,3.0,nan,31,13,58.0,48
35,二林,2020-05-05,38,6,2.0,nan,38,9,27.0,36
34,線西,2020-05-05,44,6,nan,nan,30,9,nan,44
33,彰化,2020-05-05,38,7,3.0,nan,31,9,30.0,38
32,西屯,2020-05-05,49,6,3.0,nan,31,13,45.0,49
31,忠明,2020-05-05,47,4,3.0,nan,31,11,38.0,47
30,大里,2020-05-05,52,4,3.0,nan,33,11,42.0,52
29,沙鹿,2020-05-05,42,4,3.0,nan,27,12,36.0,42
28,豐原,2020-05-05,64,6,3.0,nan,35,9,64.0,54
27,三義,2020-05-05,51,4,2.0,nan,28,15,47.0,51
26,苗栗,2020-05-05,49,6,3.0,nan,29,8,32.0,49
25,頭份,2020-05-05,57,6,nan,nan,35,13,nan,57
24,新竹,2020-05-05,52,7,5.0,nan,32,11,39.0,52
23,竹東,2020-05-05,61,6,5.0,nan,33,11,51.0,61
22,湖口,2020-05-05,50,7,3.0,nan,31,17,44.0,50
84,富貴角,2020-05-05,53,1,2.0,nan,29,8,44.0,53
20,平鎮,2020-05-05,62,6,6.0,nan,43,29,51.0,62
19,觀音,2020-05-05,47,7,3.0,nan,31,12,37.0,47
18,大園,2020-05-05,57,9,3.0,nan,35,23,44.0,57
17,桃園,2020-05-05,71,9,5.0,nan,39,23,44.0,71
16,大同,2020-05-05,83,6,16.0,nan,44,58,nan,83
15,松山,2020-05-05,90,7,6.0,nan,41,28,90.0,76
14,古亭,2020-05-05,77,4,6.0,nan,37,28,77.0,71
13,萬華,2020-05-05,75,4,7.0,nan,42,39,58.0,75
12,中山,2020-05-05,77,6,8.0,nan,41,41,48.0,77
11,士林,2020-05-05,84,6,5.0,nan,41,21,84.0,72
10,淡水,2020-05-05,60,4,3.0,nan,31,15,47.0,60
9,林口,2020-05-05,75,6,5.0,nan,42,21,50.0,75
8,菜寮,2020-05-05,77,4,7.0,nan,41,30,41.0,77
7,新莊,2020-05-05,101,10,6.0,nan,42,29,101.0,75
6,板橋,2020-05-05,77,6,8.0,nan,40,28,77.0,71
5,土城,2020-05-05,112,7,6.0,nan,38,25,112.0,72
4,新店,2020-05-05,101,4,6.0,nan,33,21,101.0,68
3,萬里,2020-05-05,61,6,3.0,nan,31,9,61.0,61
2,汐止,2020-05-05,104,11,5.0,nan,38,22,104.0,71
1,基隆,2020-05-05,59,10,3.0,nan,30,34,38.0,59
84,富貴角,2020-05-06,71,1,2.0,nan,29,8,71.0,34
83,麥寮,2020-05-06,30,3,nan,nan,18,9,nan,30
80,關山,2020-05-06,42,3,nan,nan,18,4,39.0,42
78,馬公,2020-05-06,20,4,2.0,nan,14,4,20.0,19
77,金門,2020-05-06,55,4,2.0,nan,31,12,32.0,55
75,馬祖,2020-05-06,101,4,3.0,nan,27,13,101.0,59
72,埔里,2020-05-06,45,3,3.0,nan,22,12,40.0,45
71,復興,2020-05-06,25,9,5.0,nan,15,21,nan,25
70,永和,2020-05-06,39,4,16.0,nan,23,22,nan,39
69,竹山,2020-05-06,35,3,2.0,nan,21,11,35.0,34
68,中壢,2020-05-06,41,6,16.0,nan,21,41,nan,37
67,三重,2020-05-06,53,6,14.0,nan,29,37,nan,53
66,冬山,2020-05-06,43,4,3.0,nan,27,14,42.0,43
65,宜蘭,2020-05-06,46,4,3.0,nan,28,8,46.0,45
64,陽明,2020-05-06,31,3,1.0,nan,12,6,31.0,29
63,花蓮,2020-05-06,47,3,3.0,nan,26,15,47.0,37
62,臺東,2020-05-06,42,1,3.0,nan,27,7,42.0,28
61,恆春,2020-05-06,28,3,1.0,nan,10,1,27.0,28
60,潮州,2020-05-06,37,6,3.0,nan,24,15,33.0,37
59,屏東,2020-05-06,31,4,3.0,nan,24,15,31.0,30
58,小港,2020-05-06,25,6,2.0,nan,15,20,20.0,25
57,前鎮,2020-05-06,19,4,nan,nan,17,18,nan,19
56,前金,2020-05-06,24,1,2.0,nan,15,11,22.0,24
54,左營,2020-05-06,22,3,2.0,nan,13,11,22.0,21
53,楠梓,2020-05-06,31,4,3.0,nan,19,16,22.0,31
52,林園,2020-05-06,27,13,3.0,nan,20,21,24.0,27
51,大寮,2020-05-06,34,13,3.0,nan,22,18,22.0,34
50,鳳山,2020-05-06,22,6,5.0,nan,18,22,nan,17
49,仁武,2020-05-06,31,6,3.0,nan,18,19,22.0,31
48,橋頭,2020-05-06,24,3,3.0,nan,16,17,21.0,24
47,美濃,2020-05-06,32,3,3.0,nan,17,8,32.0,31
46,臺南,2020-05-06,24,4,2.0,nan,13,17,20.0,24
45,安南,2020-05-06,38,4,3.0,nan,21,20,23.0,38
44,善化,2020-05-06,32,6,3.0,nan,25,15,21.0,32
43,新營,2020-05-06,31,3,2.0,nan,16,13,23.0,31
42,嘉義,2020-05-06,24,3,2.0,nan,19,10,22.0,24
41,臺西,2020-05-06,34,3,nan,nan,14,9,nan,34
40,朴子,2020-05-06,26,4,3.0,nan,19,15,21.0,26
39,新港,2020-05-06,27,4,3.0,nan,25,12,21.0,27
38,崙背,2020-05-06,28,3,2.0,nan,20,10,24.0,28
37,斗六,2020-05-06,29,6,2.0,nan,17,17,29.0,28
36,南投,2020-05-06,35,4,3.0,nan,21,13,34.0,35
35,二林,2020-05-06,26,7,2.0,nan,21,11,20.0,26
34,線西,2020-05-06,31,6,nan,nan,19,10,nan,31
33,彰化,2020-05-06,28,7,2.0,nan,18,10,22.0,28
32,西屯,2020-05-06,33,4,3.0,nan,19,17,32.0,33
31,忠明,2020-05-06,35,4,3.0,nan,19,14,28.0,35
30,大里,2020-05-06,35,4,5.0,nan,19,15,30.0,35
29,沙鹿,2020-05-06,27,6,2.0,nan,15,10,21.0,27
28,豐原,2020-05-06,35,4,3.0,nan,19,12,35.0,30
27,三義,2020-05-06,32,3,2.0,nan,15,14,18.0,32
26,苗栗,2020-05-06,29,4,2.0,nan,16,12,22.0,29
25,頭份,2020-05-06,36,4,nan,nan,21,17,nan,36
24,新竹,2020-05-06,40,11,6.0,nan,25,26,27.0,40
23,竹東,2020-05-06,37,4,3.0,nan,17,13,31.0,37
22,湖口,2020-05-06,39,4,5.0,nan,20,25,35.0,39
21,龍潭,2020-05-06,39,4,5.0,nan,18,24,34.0,39
20,平鎮,2020-05-06,36,6,6.0,nan,25,24,31.0,36
19,觀音,2020-05-06,37,6,5.0,nan,25,19,37.0,34
18,大園,2020-05-06,42,9,5.0,nan,23,25,42.0,38
17,桃園,2020-05-06,44,9,6.0,nan,21,26,24.0,44
16,大同,2020-05-06,50,4,15.0,nan,29,44,nan,50
15,松山,2020-05-06,43,6,5.0,nan,25,23,37.0,43
14,古亭,2020-05-06,41,4,3.0,nan,21,19,39.0,41
13,萬華,2020-05-06,42,4,5.0,nan,25,25,30.0,42
12,中山,2020-05-06,42,6,8.0,nan,25,25,32.0,42
11,士林,2020-05-06,41,6,3.0,nan,20,17,41.0,36
10,淡水,2020-05-06,38,4,3.0,nan,18,14,38.0,31
9,林口,2020-05-06,38,4,5.0,nan,23,32,31.0,38
8,菜寮,2020-05-06,44,4,6.0,nan,23,20,29.0,44
7,新莊,2020-05-06,44,10,6.0,nan,21,26,35.0,44
6,板橋,2020-05-06,41,7,6.0,nan,23,27,28.0,41
5,土城,2020-05-06,41,6,5.0,nan,20,19,36.0,41
4,新店,2020-05-06,43,6,5.0,nan,19,16,37.0,43
3,萬里,2020-05-06,71,3,2.0,nan,22,12,71.0,35
2,汐止,2020-05-06,47,9,5.0,nan,27,20,47.0,42
1,基隆,2020-05-06,50,6,3.0,nan,21,11,50.0,40
84,富貴角,2020-05-07,43,1,2.0,nan,22,7,43.0,30
1,基隆,2020-05-07,39,4,6.0,nan,20,23,37.0,39
2,汐止,2020-05-07,43,10,5.0,nan,23,25,31.0,43
3,萬里,2020-05-07,46,4,2.0,nan,20,9,46.0,38
4,新店,2020-05-07,32,4,6.0,nan,14,29,24.0,32
5,土城,2020-05-07,39,4,8.0,nan,19,37,29.0,39
6,板橋,2020-05-07,40,6,10.0,nan,18,40,26.0,34
7,新莊,2020-05-07,49,7,10.0,nan,22,42,32.0,49
8,菜寮,2020-05-07,42,7,9.0,nan,20,35,23.0,42
9,林口,2020-05-07,44,4,7.0,nan,22,39,31.0,44
10,淡水,2020-05-07,33,4,6.0,nan,16,21,30.0,33
11,士林,2020-05-07,37,6,5.0,nan,16,20,31.0,37
12,中山,2020-05-07,44,9,10.0,nan,21,35,31.0,44
13,萬華,2020-05-07,43,10,8.0,nan,22,38,29.0,43
14,古亭,2020-05-07,38,7,7.0,nan,20,33,31.0,38
15,松山,2020-05-07,49,9,7.0,nan,26,27,30.0,49
16,大同,2020-05-07,53,9,16.0,nan,24,39,nan,53
17,桃園,2020-05-07,57,21,9.0,nan,24,34,29.0,57
18,大園,2020-05-07,41,7,3.0,nan,19,23,41.0,36
19,觀音,2020-05-07,42,9,3.0,nan,17,22,42.0,30
20,平鎮,2020-05-07,34,6,6.0,nan,20,30,32.0,34
21,龍潭,2020-05-07,33,6,6.0,nan,16,23,27.0,33
22,湖口,2020-05-07,41,4,3.0,nan,12,22,41.0,25
23,竹東,2020-05-07,34,4,3.0,nan,19,17,29.0,34
24,新竹,2020-05-07,43,4,5.0,nan,13,14,43.0,24
25,頭份,2020-05-07,34,6,nan,nan,18,16,nan,34
26,苗栗,2020-05-07,32,4,3.0,nan,17,12,22.0,32
27,三義,2020-05-07,34,3,2.0,nan,17,13,22.0,34
28,豐原,2020-05-07,35,6,3.0,nan,19,18,31.0,35
29,沙鹿,2020-05-07,31,9,5.0,nan,16,23,23.0,31
30,大里,2020-05-07,32,6,5.0,nan,19,21,26.0,32
31,忠明,2020-05-07,38,10,5.0,nan,18,22,26.0,38
32,西屯,2020-05-07,31,10,5.0,nan,20,25,30.0,31
33,彰化,2020-05-07,33,7,3.0,nan,19,13,19.0,33
34,線西,2020-05-07,32,6,nan,nan,20,11,nan,32
35,二林,2020-05-07,31,6,2.0,nan,22,11,19.0,31
36,南投,2020-05-07,35,6,3.0,nan,18,14,35.0,31
37,斗六,2020-05-07,29,7,2.0,nan,17,15,28.0,29
38,崙背,2020-05-07,28,4,2.0,nan,22,9,21.0,28
39,新港,2020-05-07,25,9,3.0,nan,19,12,20.0,25
40,朴子,2020-05-07,20,3,3.0,nan,16,14,20.0,18
41,臺西,2020-05-07,42,4,nan,nan,18,8,nan,42
42,嘉義,2020-05-07,23,4,3.0,nan,13,13,23.0,21
43,新營,2020-05-07,28,6,3.0,nan,19,16,21.0,28
44,善化,2020-05-07,30,6,3.0,nan,15,18,20.0,30
45,安南,2020-05-07,36,6,3.0,nan,23,18,21.0,36
46,臺南,2020-05-07,27,6,3.0,nan,16,21,20.0,27
47,美濃,2020-05-07,35,4,2.0,nan,18,8,35.0,30
48,橋頭,2020-05-07,30,10,5.0,nan,19,15,20.0,30
49,仁武,2020-05-07,31,10,5.0,nan,20,18,19.0,31
50,鳳山,2020-05-07,21,7,5.0,nan,18,21,nan,19
51,大寮,2020-05-07,35,7,3.0,nan,21,17,21.0,35
52,林園,2020-05-07,29,9,2.0,nan,19,16,24.0,29
53,楠梓,2020-05-07,32,4,3.0,nan,22,18,22.0,32
54,左營,2020-05-07,22,4,2.0,nan,12,17,22.0,19
56,前金,2020-05-07,22,4,3.0,nan,12,16,22.0,22
57,前鎮,2020-05-07,21,7,nan,nan,15,19,nan,21
58,小港,2020-05-07,29,13,2.0,nan,17,21,19.0,29
59,屏東,2020-05-07,34,3,3.0,nan,22,15,34.0,28
60,潮州,2020-05-07,32,9,3.0,nan,22,13,30.0,32
61,恆春,2020-05-07,38,4,2.0,nan,13,8,38.0,30
62,臺東,2020-05-07,44,1,3.0,nan,5,9,44.0,8
63,花蓮,2020-05-07,37,4,5.0,nan,15,11,37.0,26
64,陽明,2020-05-07,34,4,2.0,nan,12,9,34.0,29
65,宜蘭,2020-05-07,40,4,3.0,nan,17,10,40.0,21
66,冬山,2020-05-07,30,9,3.0,nan,19,14,29.0,30
67,三重,2020-05-07,57,6,17.0,nan,26,38,nan,57
68,中壢,2020-05-07,36,6,19.0,nan,20,36,nan,36
69,竹山,2020-05-07,33,4,2.0,nan,19,14,33.0,31
70,永和,2020-05-07,39,4,11.0,nan,18,29,nan,39
71,復興,2020-05-07,29,9,5.0,nan,14,22,nan,29
72,埔里,2020-05-07,37,4,2.0,nan,16,14,37.0,28
75,馬祖,2020-05-07,49,3,2.0,nan,18,10,42.0,49
77,金門,2020-05-07,48,4,3.0,nan,21,10,48.0,41
78,馬公,2020-05-07,23,3,2.0,nan,14,4,19.0,23
80,關山,2020-05-07,36,1,nan,nan,5,6,36.0,14
83,麥寮,2020-05-07,29,3,nan,nan,17,10,nan,29
84,富貴角,2020-05-08,44,4,2.0,nan,24,6,44.0,34.0
1,基隆,2020-05-08,33,3,5.0,nan,18,13,33.0,nan
83,麥寮,2020-05-08,31,1,nan,nan,18,10,nan,31.0
80,關山,2020-05-08,30,1,nan,nan,5,5,30.0,26.0
78,馬公,2020-05-08,23,3,2.0,nan,12,5,23.0,16.0
77,金門,2020-05-08,58,4,3.0,nan,27,10,25.0,58.0
75,馬祖,2020-05-08,46,4,2.0,nan,19,13,39.0,46.0
72,埔里,2020-05-08,35,4,2.0,nan,15,11,35.0,29.0
71,復興,2020-05-08,30,6,2.0,nan,15,19,nan,30.0
70,永和,2020-05-08,38,4,12.0,nan,19,29,nan,38.0
69,竹山,2020-05-08,33,4,2.0,nan,19,10,33.0,24.0
68,中壢,2020-05-08,44,4,19.0,nan,24,29,nan,44.0
67,三重,2020-05-08,57,6,15.0,nan,23,42,nan,57.0
66,冬山,2020-05-08,33,6,5.0,nan,22,15,28.0,33.0
65,宜蘭,2020-05-08,35,3,3.0,nan,20,8,35.0,30.0
64,陽明,2020-05-08,34,1,2.0,nan,14,8,33.0,34.0
63,花蓮,2020-05-08,36,3,5.0,nan,15,14,36.0,18.0
62,臺東,2020-05-08,31,1,5.0,nan,15,10,31.0,17.0
61,恆春,2020-05-08,35,1,1.0,nan,12,2,35.0,29.0
60,潮州,2020-05-08,36,3,2.0,nan,19,12,36.0,31.0
59,屏東,2020-05-08,40,10,3.0,nan,24,15,40.0,32.0
58,小港,2020-05-08,26,9,2.0,nan,19,18,22.0,26.0
57,前鎮,2020-05-08,20,6,nan,nan,13,17,nan,20.0
56,前金,2020-05-08,29,4,2.0,nan,14,17,29.0,23.0
54,左營,2020-05-08,28,4,3.0,nan,13,14,28.0,20.0
53,楠梓,2020-05-08,31,6,3.0,nan,19,19,28.0,31.0
52,林園,2020-05-08,29,4,2.0,nan,15,12,29.0,24.0
51,大寮,2020-05-08,36,17,2.0,nan,23,15,29.0,36.0
50,鳳山,2020-05-08,22,9,5.0,nan,19,19,nan,22.0
49,仁武,2020-05-08,36,7,3.0,nan,21,16,30.0,36.0
48,橋頭,2020-05-08,32,6,3.0,nan,19,17,32.0,27.0
47,美濃,2020-05-08,42,4,2.0,nan,18,7,42.0,37.0
46,臺南,2020-05-08,26,6,2.0,nan,13,17,25.0,26.0
45,安南,2020-05-08,33,4,3.0,nan,21,17,26.0,33.0
44,善化,2020-05-08,29,6,2.0,nan,18,16,28.0,29.0
43,新營,2020-05-08,29,4,3.0,nan,19,11,28.0,29.0
42,嘉義,2020-05-08,27,4,2.0,nan,17,10,27.0,21.0
41,臺西,2020-05-08,32,4,nan,nan,15,13,nan,32.0
40,朴子,2020-05-08,25,9,3.0,nan,19,9,25.0,22.0
39,新港,2020-05-08,26,6,2.0,nan,17,11,26.0,23.0
38,崙背,2020-05-08,28,3,2.0,nan,21,8,25.0,28.0
37,斗六,2020-05-08,32,4,3.0,nan,17,15,31.0,32.0
36,南投,2020-05-08,32,4,3.0,nan,18,13,32.0,27.0
35,二林,2020-05-08,26,7,2.0,nan,19,8,22.0,26.0
34,線西,2020-05-08,35,6,nan,nan,20,8,nan,35.0
33,彰化,2020-05-08,29,6,2.0,nan,19,9,26.0,29.0
32,西屯,2020-05-08,37,7,3.0,nan,20,20,36.0,37.0
31,忠明,2020-05-08,39,6,3.0,nan,20,18,30.0,39.0
30,大里,2020-05-08,41,7,3.0,nan,22,13,30.0,41.0
29,沙鹿,2020-05-08,36,9,2.0,nan,17,15,31.0,36.0
28,豐原,2020-05-08,43,14,36.0,nan,23,13,36.0,43.0
27,三義,2020-05-08,40,6,3.0,nan,19,15,31.0,40.0
26,苗栗,2020-05-08,36,6,3.0,nan,19,13,27.0,36.0
25,頭份,2020-05-08,36,7,nan,nan,20,12,nan,36.0
24,新竹,2020-05-08,39,7,3.0,nan,23,21,31.0,39.0
23,竹東,2020-05-08,40,4,2.0,nan,23,12,37.0,40.0
22,湖口,2020-05-08,34,6,2.0,nan,17,20,31.0,34.0
21,龍潭,2020-05-08,40,6,3.0,nan,19,17,39.0,40.0
20,平鎮,2020-05-08,37,6,5.0,nan,25,25,28.0,37.0
19,觀音,2020-05-08,37,10,3.0,nan,20,22,29.0,37.0
18,大園,2020-05-08,39,9,6.0,nan,21,26,30.0,39.0
17,桃園,2020-05-08,54,23,7.0,nan,23,25,25.0,54.0
16,大同,2020-05-08,53,6,18.0,nan,26,42,nan,53.0
15,松山,2020-05-08,50,4,6.0,nan,23,24,46.0,50.0
14,古亭,2020-05-08,42,4,5.0,nan,19,25,42.0,41.0
13,萬華,2020-05-08,42,4,7.0,nan,21,29,31.0,42.0
12,中山,2020-05-08,45,4,8.0,nan,21,33,36.0,45.0
11,士林,2020-05-08,39,4,5.0,nan,19,22,39.0,39.0
10,淡水,2020-05-08,37,4,5.0,nan,16,25,37.0,34.0
9,林口,2020-05-08,44,4,5.0,nan,20,25,31.0,44.0
8,菜寮,2020-05-08,42,4,7.0,nan,21,32,29.0,42.0
7,新莊,2020-05-08,47,6,7.0,nan,21,27,39.0,47.0
6,板橋,2020-05-08,42,6,7.0,nan,22,32,33.0,42.0
5,土城,2020-05-08,49,6,7.0,nan,24,28,43.0,49.0
4,新店,2020-05-08,43,4,5.0,nan,17,18,43.0,34.0
3,萬里,2020-05-08,49,6,2.0,nan,19,10,49.0,32.0
2,汐止,2020-05-08,50,6,7.0,nan,24,25,50.0,48.0
83,麥寮,2020-05-09,29,4,nan,nan,17,12,nan,29
2,汐止,2020-05-09,64,9,6.0,nan,21,20,64.0,38
3,萬里,2020-05-09,43,4,2.0,nan,18,8,43.0,30
4,新店,2020-05-09,58,6,5.0,nan,18,18,58.0,36
5,土城,2020-05-09,51,9,5.0,nan,19,20,51.0,33
6,板橋,2020-05-09,41,9,5.0,nan,18,19,41.0,30
7,新莊,2020-05-09,45,7,8.0,nan,19,27,45.0,40
8,菜寮,2020-05-09,34,6,6.0,nan,19,23,34.0,34
9,林口,2020-05-09,36,6,5.0,nan,17,28,36.0,31
10,淡水,2020-05-09,31,6,5.0,nan,17,18,31.0,29
11,士林,2020-05-09,48,6,3.0,nan,18,15,48.0,32
12,中山,2020-05-09,45,7,6.0,nan,19,25,45.0,38
13,萬華,2020-05-09,44,7,6.0,nan,20,23,44.0,37
14,古亭,2020-05-09,54,6,5.0,nan,19,22,54.0,37
15,松山,2020-05-09,51,4,5.0,nan,22,24,51.0,41
16,大同,2020-05-09,45,6,19.0,nan,24,42,nan,45
17,桃園,2020-05-09,37,14,6.0,nan,19,19,27.0,37
18,大園,2020-05-09,29,9,5.0,nan,18,24,25.0,29
19,觀音,2020-05-09,25,6,3.0,nan,16,19,21.0,25
20,平鎮,2020-05-09,27,6,3.0,nan,19,22,27.0,26
21,龍潭,2020-05-09,36,7,3.0,nan,17,10,36.0,28
22,湖口,2020-05-09,23,6,2.0,nan,13,13,22.0,23
23,竹東,2020-05-09,38,4,3.0,nan,22,9,37.0,38
24,新竹,2020-05-09,29,6,2.0,nan,19,13,20.0,29
25,頭份,2020-05-09,21,6,nan,nan,14,11,nan,21
26,苗栗,2020-05-09,23,9,2.0,nan,15,8,19.0,23
27,三義,2020-05-09,28,4,2.0,nan,14,9,28.0,24
28,豐原,2020-05-09,35,4,2.0,nan,13,8,35.0,23
29,沙鹿,2020-05-09,23,7,2.0,nan,12,9,23.0,23
30,大里,2020-05-09,29,4,3.0,nan,17,11,27.0,29
31,忠明,2020-05-09,26,3,2.0,nan,15,8,26.0,25
32,西屯,2020-05-09,31,4,2.0,nan,13,13,31.0,22
33,彰化,2020-05-09,20,13,2.0,nan,16,8,20.0,20
34,線西,2020-05-09,24,10,nan,nan,15,12,nan,24
35,二林,2020-05-09,29,9,2.0,nan,20,12,17.0,29
36,南投,2020-05-09,31,3,2.0,nan,16,11,31.0,20
37,斗六,2020-05-09,26,4,2.0,nan,14,9,26.0,25
38,崙背,2020-05-09,22,4,2.0,nan,16,12,19.0,22
39,新港,2020-05-09,18,16,3.0,nan,16,12,18.0,17
40,朴子,2020-05-09,22,4,3.0,nan,17,13,17.0,22
41,臺西,2020-05-09,27,4,nan,nan,11,11,nan,27
42,嘉義,2020-05-09,20,4,2.0,nan,12,10,20.0,16
43,新營,2020-05-09,23,6,2.0,nan,14,11,19.0,23
44,善化,2020-05-09,25,4,2.0,nan,14,13,18.0,25
45,安南,2020-05-09,23,3,2.0,nan,15,14,19.0,23
46,臺南,2020-05-09,19,3,2.0,nan,9,10,19.0,18
47,美濃,2020-05-09,29,3,2.0,nan,14,8,29.0,28
48,橋頭,2020-05-09,25,3,3.0,nan,17,11,21.0,25
49,仁武,2020-05-09,25,6,2.0,nan,13,11,24.0,25
50,鳳山,2020-05-09,13,4,3.0,nan,13,12,nan,11
51,大寮,2020-05-09,31,7,3.0,nan,19,14,22.0,31
52,林園,2020-05-09,25,6,3.0,nan,19,12,24.0,25
53,楠梓,2020-05-09,28,4,3.0,nan,16,16,23.0,28
54,左營,2020-05-09,23,3,1.0,nan,9,7,23.0,12
56,前金,2020-05-09,22,1,2.0,nan,5,8,22.0,17
57,前鎮,2020-05-09,20,6,nan,nan,12,20,nan,16
58,小港,2020-05-09,22,4,2.0,nan,14,20,21.0,22
59,屏東,2020-05-09,31,4,2.0,nan,18,11,31.0,20
60,潮州,2020-05-09,32,6,2.0,nan,19,10,32.0,27
61,恆春,2020-05-09,27,1,1.0,nan,5,2,27.0,21
62,臺東,2020-05-09,35,1,3.0,nan,17,8,35.0,23
63,花蓮,2020-05-09,32,3,2.0,nan,19,11,32.0,23
64,陽明,2020-05-09,39,4,2.0,nan,14,8,39.0,30
65,宜蘭,2020-05-09,34,3,3.0,nan,21,8,34.0,31
66,冬山,2020-05-09,39,4,3.0,nan,23,18,29.0,39
67,三重,2020-05-09,46,4,15.0,nan,22,38,nan,46
68,中壢,2020-05-09,28,4,14.0,nan,18,25,nan,28
69,竹山,2020-05-09,31,4,2.0,nan,15,9,31.0,28
1,基隆,2020-05-09,37,7,5.0,nan,19,29,33.0,37
70,永和,2020-05-09,35,4,8.0,nan,18,25,nan,35
71,復興,2020-05-09,24,6,3.0,nan,13,21,nan,24
72,埔里,2020-05-09,38,3,2.0,nan,15,11,38.0,28
75,馬祖,2020-05-09,51,6,1.0,nan,21,10,38.0,51
77,金門,2020-05-09,23,3,1.0,nan,17,8,23.0,19
78,馬公,2020-05-09,19,4,2.0,nan,10,5,19.0,16
80,關山,2020-05-09,32,3,nan,nan,11,4,32.0,30
84,富貴角,2020-05-09,29,3,2.0,nan,21,8,29.0,24
1,基隆,2020-05-10,37,6,3.0,nan,19,24,37.0,37
83,麥寮,2020-05-10,22,3,nan,nan,17,8,nan,22
80,關山,2020-05-10,34,1,nan,nan,12,5,29.0,34
78,馬公,2020-05-10,30,3,1.0,nan,13,7,30.0,18
77,金門,2020-05-10,52,6,2.0,nan,31,18,51.0,52
75,馬祖,2020-05-10,118,3,5.0,nan,21,10,118.0,47
72,埔里,2020-05-10,45,3,2.0,nan,17,8,45.0,36
71,復興,2020-05-10,17,6,3.0,nan,5,9,nan,17
70,永和,2020-05-10,45,3,9.0,nan,19,19,nan,45
69,竹山,2020-05-10,37,4,2.0,nan,17,9,37.0,24
68,中壢,2020-05-10,38,6,9.0,nan,19,20,nan,38
67,三重,2020-05-10,52,9,10.0,nan,23,28,nan,52
66,冬山,2020-05-10,33,4,3.0,nan,22,10,28.0,33
65,宜蘭,2020-05-10,31,3,2.0,nan,22,5,30.0,31
64,陽明,2020-05-10,39,6,2.0,nan,14,8,39.0,32
63,花蓮,2020-05-10,31,3,2.0,nan,23,14,31.0,31
62,臺東,2020-05-10,28,3,3.0,nan,22,8,28.0,22
61,恆春,2020-05-10,24,1,1.0,nan,5,5,24.0,18
60,潮州,2020-05-10,31,9,3.0,nan,20,12,31.0,30
59,屏東,2020-05-10,34,7,3.0,nan,18,9,34.0,23
58,小港,2020-05-10,22,4,1.0,nan,11,14,22.0,14
57,前鎮,2020-05-10,11,4,nan,nan,11,8,nan,9
56,前金,2020-05-10,22,4,1.0,nan,5,4,22.0,12
54,左營,2020-05-10,22,3,1.0,nan,9,5,22.0,11
53,楠梓,2020-05-10,23,3,2.0,nan,16,11,23.0,22
52,林園,2020-05-10,22,6,2.0,nan,16,11,22.0,19
51,大寮,2020-05-10,24,7,2.0,nan,15,13,24.0,23
50,鳳山,2020-05-10,13,6,3.0,nan,13,8,nan,10
49,仁武,2020-05-10,24,4,2.0,nan,14,8,24.0,23
48,橋頭,2020-05-10,27,4,3.0,nan,12,9,27.0,20
47,美濃,2020-05-10,53,10,5.0,nan,20,11,39.0,53
46,臺南,2020-05-10,23,4,2.0,nan,5,9,23.0,17
45,安南,2020-05-10,25,4,2.0,nan,13,11,25.0,22
44,善化,2020-05-10,27,6,2.0,nan,14,10,27.0,22
43,新營,2020-05-10,29,3,2.0,nan,14,8,29.0,20
42,嘉義,2020-05-10,28,3,2.0,nan,12,8,28.0,13
41,臺西,2020-05-10,26,3,nan,nan,13,6,nan,26
40,朴子,2020-05-10,26,7,2.0,nan,17,9,26.0,22
84,富貴角,2020-05-10,39,1,2.0,nan,21,10,39.0,29
39,新港,2020-05-10,27,4,2.0,nan,16,8,27.0,17
38,崙背,2020-05-10,29,4,2.0,nan,19,6,29.0,23
37,斗六,2020-05-10,34,3,2.0,nan,16,9,34.0,25
36,南投,2020-05-10,40,3,3.0,nan,16,11,40.0,25
35,二林,2020-05-10,24,7,2.0,nan,18,8,24.0,21
34,線西,2020-05-10,17,4,nan,nan,14,8,nan,17
33,彰化,2020-05-10,25,6,2.0,nan,14,8,25.0,18
32,西屯,2020-05-10,38,4,2.0,nan,14,10,38.0,28
31,忠明,2020-05-10,32,4,2.0,nan,13,8,32.0,24
30,大里,2020-05-10,33,4,2.0,nan,15,8,33.0,27
29,沙鹿,2020-05-10,30,7,2.0,nan,11,9,30.0,23
28,豐原,2020-05-10,42,11,2.0,nan,13,14,42.0,24
27,三義,2020-05-10,30,3,2.0,nan,13,8,30.0,28
26,苗栗,2020-05-10,26,3,2.0,nan,14,8,24.0,26
25,頭份,2020-05-10,29,4,nan,nan,14,10,nan,29
24,新竹,2020-05-10,35,4,2.0,nan,24,8,35.0,34
23,竹東,2020-05-10,48,6,3.0,nan,24,8,41.0,48
22,湖口,2020-05-10,37,4,2.0,nan,15,10,37.0,32
21,龍潭,2020-05-10,48,6,3.0,nan,21,10,48.0,47
20,平鎮,2020-05-10,44,4,3.0,nan,24,12,43.0,44
19,觀音,2020-05-10,35,4,2.0,nan,16,9,35.0,31
18,大園,2020-05-10,36,6,2.0,nan,17,14,36.0,33
17,桃園,2020-05-10,49,14,5.0,nan,21,15,35.0,49
16,大同,2020-05-10,48,6,9.0,nan,26,29,nan,48
15,松山,2020-05-10,47,6,3.0,nan,21,18,47.0,45
14,古亭,2020-05-10,50,4,5.0,nan,20,16,50.0,44
13,萬華,2020-05-10,46,7,5.0,nan,23,21,40.0,46
12,中山,2020-05-10,41,4,6.0,nan,22,19,40.0,41
11,士林,2020-05-10,44,6,3.0,nan,20,13,44.0,40
10,淡水,2020-05-10,36,6,3.0,nan,15,12,36.0,31
9,林口,2020-05-10,41,7,3.0,nan,20,15,41.0,38
8,菜寮,2020-05-10,43,6,5.0,nan,21,17,34.0,43
7,新莊,2020-05-10,50,9,5.0,nan,21,14,50.0,46
6,板橋,2020-05-10,45,7,5.0,nan,22,18,45.0,39
5,土城,2020-05-10,74,6,5.0,nan,23,13,74.0,44
4,新店,2020-05-10,71,4,5.0,nan,19,13,71.0,45
3,萬里,2020-05-10,40,9,2.0,nan,23,8,39.0,40
2,汐止,2020-05-10,44,9,5.0,nan,19,17,44.0,41
40,朴子,2020-05-11,84,4,5.0,nan,32,8,84.0,60
84,富貴角,2020-05-11,71,1,3.0,nan,24,2,71.0,37
83,麥寮,2020-05-11,54,4,nan,nan,33,11,nan,54
80,關山,2020-05-11,32,3,nan,nan,10,6,32.0,31
78,馬公,2020-05-11,97,3,5.0,nan,28,4,97.0,46
77,金門,2020-05-11,108,4,6.0,nan,30,9,108.0,61
75,馬祖,2020-05-11,118,3,6.0,nan,44,8,118.0,107
72,埔里,2020-05-11,47,4,3.0,nan,17,14,47.0,33
71,復興,2020-05-11,51,4,6.0,nan,25,19,nan,51
70,永和,2020-05-11,44,4,8.0,nan,17,23,nan,44
69,竹山,2020-05-11,54,4,3.0,nan,29,14,54.0,48
68,中壢,2020-05-11,41,4,12.0,nan,21,37,nan,41
67,三重,2020-05-11,53,9,15.0,nan,19,39,nan,53
66,冬山,2020-05-11,36,3,5.0,nan,19,17,36.0,32
65,宜蘭,2020-05-11,44,3,5.0,nan,19,8,44.0,28
64,陽明,2020-05-11,43,4,3.0,nan,10,8,43.0,23
63,花蓮,2020-05-11,47,3,5.0,nan,23,9,47.0,36
62,臺東,2020-05-11,35,3,5.0,nan,19,8,35.0,22
61,恆春,2020-05-11,37,1,1.0,nan,13,9,37.0,29
60,潮州,2020-05-11,50,7,3.0,nan,30,11,48.0,50
59,屏東,2020-05-11,49,4,5.0,nan,31,20,49.0,46
58,小港,2020-05-11,44,7,3.0,nan,28,22,42.0,44
57,前鎮,2020-05-11,38,4,nan,nan,29,15,nan,38
56,前金,2020-05-11,51,3,3.0,nan,26,8,51.0,39
54,左營,2020-05-11,50,4,3.0,nan,26,12,50.0,39
53,楠梓,2020-05-11,47,4,5.0,nan,33,13,44.0,47
52,林園,2020-05-11,58,3,2.0,nan,27,9,58.0,42
51,大寮,2020-05-11,51,7,5.0,nan,30,21,37.0,51
50,鳳山,2020-05-11,37,6,6.0,nan,27,21,nan,37
49,仁武,2020-05-11,48,4,5.0,nan,30,13,44.0,48
48,橋頭,2020-05-11,52,4,5.0,nan,31,12,45.0,52
47,美濃,2020-05-11,52,3,3.0,nan,25,8,46.0,52
46,臺南,2020-05-11,47,4,5.0,nan,31,11,46.0,47
45,安南,2020-05-11,52,3,3.0,nan,31,13,49.0,52
44,善化,2020-05-11,53,4,3.0,nan,29,11,47.0,53
43,新營,2020-05-11,64,3,5.0,nan,31,11,64.0,56
42,嘉義,2020-05-11,56,9,6.0,nan,32,18,48.0,56
41,臺西,2020-05-11,54,6,nan,nan,25,8,nan,54
39,新港,2020-05-11,61,4,5.0,nan,33,8,61.0,52
38,崙背,2020-05-11,58,4,5.0,nan,36,9,58.0,57
37,斗六,2020-05-11,74,9,6.0,nan,34,15,74.0,60
36,南投,2020-05-11,100,6,5.0,nan,26,18,100.0,40
35,二林,2020-05-11,57,10,6.0,nan,36,12,47.0,57
34,線西,2020-05-11,53,7,nan,nan,34,17,nan,53
33,彰化,2020-05-11,46,9,6.0,nan,31,18,44.0,46
32,西屯,2020-05-11,71,3,5.0,nan,27,20,71.0,52
31,忠明,2020-05-11,55,3,7.0,nan,27,26,48.0,55
30,大里,2020-05-11,54,3,7.0,nan,28,24,54.0,50
29,沙鹿,2020-05-11,71,3,5.0,nan,28,13,71.0,57
28,豐原,2020-05-11,90,4,5.0,nan,28,19,90.0,55
27,三義,2020-05-11,57,3,3.0,nan,25,11,50.0,57
26,苗栗,2020-05-11,62,7,6.0,nan,31,19,39.0,62
25,頭份,2020-05-11,62,9,nan,nan,30,23,nan,62
24,新竹,2020-05-11,71,6,6.0,nan,30,16,71.0,58
23,竹東,2020-05-11,57,4,5.0,nan,29,17,54.0,57
22,湖口,2020-05-11,71,4,5.0,nan,24,13,71.0,49
21,龍潭,2020-05-11,67,7,7.0,nan,24,25,67.0,51
20,平鎮,2020-05-11,49,4,7.0,nan,25,25,49.0,45
19,觀音,2020-05-11,64,7,3.0,nan,23,9,64.0,42
18,大園,2020-05-11,49,6,5.0,nan,21,18,49.0,42
17,桃園,2020-05-11,47,11,8.0,nan,19,27,41.0,47
16,大同,2020-05-11,53,6,14.0,nan,21,45,nan,53
15,松山,2020-05-11,46,9,5.0,nan,21,21,44.0,46
14,古亭,2020-05-11,49,4,6.0,nan,20,20,46.0,49
13,萬華,2020-05-11,44,10,5.0,nan,19,26,44.0,42
12,中山,2020-05-11,43,10,7.0,nan,19,32,43.0,43
11,士林,2020-05-11,47,4,5.0,nan,14,20,47.0,32
10,淡水,2020-05-11,44,4,5.0,nan,15,19,44.0,33
9,林口,2020-05-11,48,6,6.0,nan,23,25,48.0,45
8,菜寮,2020-05-11,38,9,6.0,nan,17,26,37.0,38
7,新莊,2020-05-11,54,6,7.0,nan,18,26,54.0,43
6,板橋,2020-05-11,42,4,7.0,nan,19,30,42.0,35
5,土城,2020-05-11,54,4,6.0,nan,16,20,54.0,36
4,新店,2020-05-11,45,3,6.0,nan,15,16,45.0,35
3,萬里,2020-05-11,74,3,3.0,nan,29,10,74.0,46
2,汐止,2020-05-11,50,4,5.0,nan,22,13,50.0,46
1,基隆,2020-05-11,50,3,3.0,nan,23,6,50.0,45
83,麥寮,2020-05-12,54,4,nan,nan,30.0,13,nan,54.0
1,基隆,2020-05-12,48,1,5.0,nan,23.0,15,48.0,42.0
2,汐止,2020-05-12,47,7,5.0,nan,26.0,23,45.0,47.0
3,萬里,2020-05-12,67,6,3.0,nan,20.0,11,67.0,33.0
4,新店,2020-05-12,47,4,6.0,nan,19.0,20,42.0,47.0
5,土城,2020-05-12,47,4,6.0,nan,19.0,21,42.0,47.0
6,板橋,2020-05-12,47,4,7.0,nan,21.0,27,35.0,47.0
7,新莊,2020-05-12,56,4,7.0,nan,25.0,26,46.0,56.0
8,菜寮,2020-05-12,48,3,7.0,nan,21.0,22,37.0,48.0
9,林口,2020-05-12,52,3,5.0,nan,23.0,24,45.0,52.0
10,淡水,2020-05-12,40,4,5.0,nan,19.0,18,40.0,40.0
11,士林,2020-05-12,58,3,5.0,nan,21.0,22,58.0,47.0
12,中山,2020-05-12,49,6,8.0,nan,21.0,35,34.0,49.0
13,萬華,2020-05-12,51,7,6.0,nan,24.0,31,35.0,51.0
14,古亭,2020-05-12,48,3,5.0,nan,20.0,21,46.0,48.0
15,松山,2020-05-12,53,6,6.0,nan,25.0,30,38.0,53.0
16,大同,2020-05-12,57,4,15.0,nan,26.0,44,nan,57.0
17,桃園,2020-05-12,59,10,7.0,nan,23.0,19,34.0,59.0
18,大園,2020-05-12,43,6,6.0,nan,21.0,26,43.0,42.0
19,觀音,2020-05-12,45,7,3.0,nan,nan,7,45.0,nan
20,平鎮,2020-05-12,53,6,7.0,nan,27.0,26,40.0,53.0
21,龍潭,2020-05-12,58,4,6.0,nan,26.0,20,39.0,58.0
22,湖口,2020-05-12,56,13,6.0,nan,23.0,17,45.0,56.0
23,竹東,2020-05-12,62,4,7.0,nan,27.0,17,34.0,62.0
24,新竹,2020-05-12,53,9,5.0,nan,28.0,21,41.0,53.0
25,頭份,2020-05-12,60,11,nan,nan,27.0,26,nan,60.0
26,苗栗,2020-05-12,59,9,7.0,nan,31.0,18,27.0,59.0
27,三義,2020-05-12,55,3,5.0,nan,21.0,14,35.0,55.0
28,豐原,2020-05-12,62,4,5.0,nan,29.0,18,48.0,62.0
29,沙鹿,2020-05-12,56,4,5.0,nan,26.0,19,46.0,56.0
30,大里,2020-05-12,65,4,8.0,nan,34.0,31,46.0,65.0
31,忠明,2020-05-12,66,4,6.0,nan,31.0,25,42.0,66.0
32,西屯,2020-05-12,59,4,5.0,nan,31.0,21,49.0,59.0
33,彰化,2020-05-12,56,7,6.0,nan,31.0,28,36.0,56.0
34,線西,2020-05-12,52,7,nan,nan,32.0,22,nan,52.0
35,二林,2020-05-12,64,9,6.0,nan,40.0,17,44.0,64.0
36,南投,2020-05-12,68,4,6.0,nan,39.0,24,50.0,68.0
37,斗六,2020-05-12,89,11,7.0,nan,48.0,19,51.0,89.0
84,富貴角,2020-05-12,84,1,2.0,nan,19.0,2,84.0,31.0
38,崙背,2020-05-12,57,4,6.0,nan,40.0,17,49.0,57.0
39,新港,2020-05-12,60,4,5.0,nan,34.0,12,50.0,60.0
40,朴子,2020-05-12,61,6,5.0,nan,32.0,13,54.0,61.0
41,臺西,2020-05-12,50,9,nan,nan,22.0,18,nan,50.0
42,嘉義,2020-05-12,80,10,7.0,nan,44.0,23,45.0,80.0
43,新營,2020-05-12,65,4,5.0,nan,33.0,14,58.0,65.0
44,善化,2020-05-12,71,9,5.0,nan,36.0,15,54.0,71.0
45,安南,2020-05-12,74,6,5.0,nan,35.0,13,74.0,68.0
46,臺南,2020-05-12,68,4,5.0,nan,33.0,13,64.0,68.0
47,美濃,2020-05-12,54,3,3.0,nan,23.0,7,49.0,54.0
48,橋頭,2020-05-12,75,4,5.0,nan,37.0,14,64.0,75.0
49,仁武,2020-05-12,71,9,6.0,nan,36.0,16,71.0,69.0
50,鳳山,2020-05-12,58,6,6.0,nan,34.0,20,nan,58.0
51,大寮,2020-05-12,71,6,5.0,nan,34.0,14,71.0,65.0
52,林園,2020-05-12,64,11,3.0,nan,42.0,19,64.0,63.0
53,楠梓,2020-05-12,66,7,5.0,nan,38.0,15,64.0,66.0
54,左營,2020-05-12,71,6,5.0,nan,34.0,14,71.0,65.0
56,前金,2020-05-12,66,6,6.0,nan,34.0,14,47.0,66.0
57,前鎮,2020-05-12,62,6,nan,nan,38.0,18,nan,62.0
58,小港,2020-05-12,71,11,6.0,nan,35.0,45,71.0,65.0
59,屏東,2020-05-12,77,4,5.0,nan,31.0,12,77.0,58.0
60,潮州,2020-05-12,84,3,5.0,nan,33.0,11,84.0,64.0
61,恆春,2020-05-12,74,1,2.0,nan,18.0,3,74.0,42.0
62,臺東,2020-05-12,43,3,3.0,nan,15.0,6,43.0,14.0
63,花蓮,2020-05-12,51,3,5.0,nan,22.0,11,51.0,36.0
64,陽明,2020-05-12,61,1,3.0,nan,10.0,6,61.0,30.0
65,宜蘭,2020-05-12,44,3,3.0,nan,19.0,8,44.0,29.0
66,冬山,2020-05-12,41,3,3.0,nan,20.0,12,41.0,39.0
67,三重,2020-05-12,59,6,17.0,nan,26.0,38,nan,59.0
68,中壢,2020-05-12,53,6,18.0,nan,23.0,44,nan,53.0
69,竹山,2020-05-12,83,4,5.0,nan,45.0,15,54.0,83.0
70,永和,2020-05-12,48,4,9.0,nan,19.0,22,nan,48.0
71,復興,2020-05-12,71,4,8.0,nan,35.0,20,nan,71.0
72,埔里,2020-05-12,54,4,5.0,nan,25.0,16,48.0,54.0
75,馬祖,2020-05-12,154,4,6.0,nan,55.0,12,154.0,135.0
77,金門,2020-05-12,97,6,7.0,nan,36.0,20,97.0,84.0
78,馬公,2020-05-12,84,4,5.0,nan,22.0,3,84.0,45.0
80,關山,2020-05-12,40,1,nan,nan,10.0,4,40.0,27.0
38,崙背,2020-05-13,146,9,7.0,nan,49,15,146.0,76
1,基隆,2020-05-13,129,1,5.0,nan,44,15,129.0,80
2,汐止,2020-05-13,146,7,6.0,nan,45,33,146.0,81
3,萬里,2020-05-13,151,10,5.0,nan,44,12,151.0,75
4,新店,2020-05-13,129,3,6.0,nan,36,20,129.0,73
5,土城,2020-05-13,136,4,6.0,nan,37,15,136.0,74
6,板橋,2020-05-13,93,4,7.0,nan,40,16,93.0,77
7,新莊,2020-05-13,129,3,6.0,nan,44,16,129.0,81
8,菜寮,2020-05-13,80,6,6.0,nan,42,16,77.0,80
9,林口,2020-05-13,118,4,5.0,nan,43,19,118.0,82
10,淡水,2020-05-13,136,3,3.0,nan,31,8,136.0,68
11,士林,2020-05-13,129,6,5.0,nan,40,9,129.0,76
12,中山,2020-05-13,90,3,8.0,nan,44,30,90.0,84
13,萬華,2020-05-13,93,3,7.0,nan,44,27,93.0,85
14,古亭,2020-05-13,126,3,6.0,nan,41,16,126.0,81
15,松山,2020-05-13,118,6,7.0,nan,47,25,118.0,88
16,大同,2020-05-13,87,3,10.0,nan,46,46,nan,87
17,桃園,2020-05-13,79,10,7.0,nan,40,14,64.0,79
18,大園,2020-05-13,115,4,6.0,nan,44,17,115.0,74
19,觀音,2020-05-13,104,9,6.0,nan,46,15,104.0,75
20,平鎮,2020-05-13,118,6,7.0,nan,41,16,118.0,72
21,龍潭,2020-05-13,115,4,6.0,nan,36,15,115.0,73
22,湖口,2020-05-13,136,4,6.0,nan,37,19,136.0,76
23,竹東,2020-05-13,126,4,5.0,nan,34,10,126.0,67
24,新竹,2020-05-13,136,3,6.0,nan,39,19,136.0,69
25,頭份,2020-05-13,70,4,nan,nan,37,27,nan,70
26,苗栗,2020-05-13,66,10,6.0,nan,40,25,50.0,66
27,三義,2020-05-13,100,3,3.0,nan,31,12,100.0,59
28,豐原,2020-05-13,146,4,5.0,nan,35,19,146.0,65
29,沙鹿,2020-05-13,143,3,6.0,nan,42,18,143.0,64
30,大里,2020-05-13,161,7,6.0,nan,44,25,161.0,70
31,忠明,2020-05-13,112,4,6.0,nan,39,35,112.0,64
32,西屯,2020-05-13,150,4,6.0,nan,40,35,150.0,66
33,彰化,2020-05-13,84,10,6.0,nan,49,18,84.0,71
34,線西,2020-05-13,70,13,nan,nan,54,22,nan,70
35,二林,2020-05-13,115,10,7.0,nan,55,15,115.0,81
36,南投,2020-05-13,161,4,6.0,nan,39,18,161.0,75
37,斗六,2020-05-13,166,7,6.0,nan,53,24,166.0,91
39,新港,2020-05-13,136,6,7.0,nan,47,14,136.0,71
40,朴子,2020-05-13,129,6,6.0,nan,43,16,129.0,66
41,臺西,2020-05-13,73,11,nan,nan,40,15,nan,73
42,嘉義,2020-05-13,93,4,6.0,nan,44,15,93.0,72
43,新營,2020-05-13,112,4,6.0,nan,43,17,112.0,68
44,善化,2020-05-13,108,7,6.0,nan,35,17,108.0,69
45,安南,2020-05-13,118,6,6.0,nan,37,16,118.0,68
46,臺南,2020-05-13,140,7,6.0,nan,35,20,140.0,70
47,美濃,2020-05-13,115,4,5.0,nan,30,8,115.0,63
48,橋頭,2020-05-13,146,6,6.0,nan,42,21,146.0,85
49,仁武,2020-05-13,126,9,7.0,nan,40,24,126.0,77
50,鳳山,2020-05-13,68,9,8.0,nan,39,23,nan,68
51,大寮,2020-05-13,84,36,7.0,nan,46,27,74.0,84
52,林園,2020-05-13,146,11,6.0,nan,43,16,146.0,80
53,楠梓,2020-05-13,115,6,6.0,nan,41,20,115.0,72
54,左營,2020-05-13,151,6,6.0,nan,42,29,151.0,78
56,前金,2020-05-13,150,6,6.0,nan,38,14,150.0,72
57,前鎮,2020-05-13,71,6,nan,nan,41,27,nan,71
58,小港,2020-05-13,100,9,6.0,nan,39,36,100.0,73
59,屏東,2020-05-13,97,4,6.0,nan,40,12,97.0,71
60,潮州,2020-05-13,129,4,5.0,nan,41,17,129.0,71
61,恆春,2020-05-13,126,1,3.0,nan,22,2,126.0,56
62,臺東,2020-05-13,104,3,6.0,nan,29,8,104.0,45
63,花蓮,2020-05-13,150,3,6.0,nan,38,11,150.0,68
64,陽明,2020-05-13,115,3,3.0,nan,36,3,115.0,74
65,宜蘭,2020-05-13,140,3,6.0,nan,41,8,140.0,72
66,冬山,2020-05-13,90,4,5.0,nan,44,15,90.0,77
67,三重,2020-05-13,93,4,15.0,nan,49,50,nan,93
68,中壢,2020-05-13,73,4,17.0,nan,40,45,nan,73
69,竹山,2020-05-13,122,4,5.0,nan,39,10,122.0,73
70,永和,2020-05-13,79,4,8.0,nan,41,21,nan,79
71,復興,2020-05-13,79,6,8.0,nan,38,26,nan,79
72,埔里,2020-05-13,156,3,5.0,nan,34,13,156.0,69
75,馬祖,2020-05-13,150,4,3.0,nan,46,9,150.0,79
77,金門,2020-05-13,169,4,5.0,nan,50,8,169.0,81
78,馬公,2020-05-13,156,3,3.0,nan,42,3,156.0,62
80,關山,2020-05-13,90,1,nan,nan,22,6,90.0,60
83,麥寮,2020-05-13,75,7,nan,nan,49,15,nan,75
84,富貴角,2020-05-13,150,1,3.0,nan,44,3,150.0,72
83,麥寮,2020-05-14,69,11,nan,nan,48,16,nan,69
80,關山,2020-05-14,58,3,nan,nan,23,7,54.0,58
78,馬公,2020-05-14,115,4,3.0,nan,49,5,115.0,63
77,金門,2020-05-14,136,11,3.0,nan,53,19,136.0,65
75,馬祖,2020-05-14,136,4,3.0,nan,58,16,136.0,65
72,埔里,2020-05-14,93,3,5.0,nan,33,10,93.0,65
71,復興,2020-05-14,68,6,7.0,nan,38,32,nan,68
70,永和,2020-05-14,70,3,11.0,nan,31,39,nan,70
69,竹山,2020-05-14,87,4,3.0,nan,34,11,87.0,62
68,中壢,2020-05-14,83,7,17.0,nan,43,46,nan,83
67,三重,2020-05-14,84,9,18.0,nan,37,64,nan,84
66,冬山,2020-05-14,81,3,6.0,nan,42,14,51.0,81
65,宜蘭,2020-05-14,87,3,5.0,nan,39,12,87.0,71
64,陽明,2020-05-14,90,3,3.0,nan,23,5,90.0,60
63,花蓮,2020-05-14,87,4,5.0,nan,35,7,87.0,65
62,臺東,2020-05-14,71,1,6.0,nan,34,12,71.0,58
61,恆春,2020-05-14,108,1,3.0,nan,25,3,108.0,62
60,潮州,2020-05-14,136,6,5.0,nan,38,14,136.0,65
59,屏東,2020-05-14,126,6,5.0,nan,38,15,126.0,59
58,小港,2020-05-14,74,6,5.0,nan,38,43,74.0,68
57,前鎮,2020-05-14,63,9,nan,nan,37,38,nan,63
56,前金,2020-05-14,112,3,5.0,nan,36,12,112.0,63
54,左營,2020-05-14,84,4,5.0,nan,35,16,84.0,59
53,楠梓,2020-05-14,97,4,5.0,nan,40,26,97.0,67
52,林園,2020-05-14,115,10,3.0,nan,42,9,115.0,72
51,大寮,2020-05-14,101,21,7.0,nan,44,30,101.0,78
50,鳳山,2020-05-14,64,7,7.0,nan,39,17,nan,64
49,仁武,2020-05-14,93,7,5.0,nan,39,16,93.0,68
48,橋頭,2020-05-14,84,6,6.0,nan,40,23,84.0,75
47,美濃,2020-05-14,104,3,5.0,nan,28,8,104.0,56
46,臺南,2020-05-14,84,4,5.0,nan,33,14,84.0,60
45,安南,2020-05-14,80,3,5.0,nan,39,16,80.0,61
44,善化,2020-05-14,77,7,3.0,nan,31,13,77.0,57
43,新營,2020-05-14,71,3,5.0,nan,36,14,71.0,57
42,嘉義,2020-05-14,54,3,5.0,nan,31,11,54.0,50
41,臺西,2020-05-14,72,4,nan,nan,42,8,nan,72
40,朴子,2020-05-14,87,4,3.0,nan,44,8,87.0,65
39,新港,2020-05-14,71,4,3.0,nan,41,9,71.0,62
38,崙背,2020-05-14,84,6,3.0,nan,44,8,84.0,65
37,斗六,2020-05-14,93,4,5.0,nan,38,15,93.0,67
36,南投,2020-05-14,100,4,5.0,nan,36,15,100.0,63
35,二林,2020-05-14,74,6,3.0,nan,53,12,58.0,74
34,線西,2020-05-14,85,7,nan,nan,57,16,nan,85
33,彰化,2020-05-14,75,20,6.0,nan,44,16,49.0,75
32,西屯,2020-05-14,100,9,5.0,nan,39,18,100.0,67
31,忠明,2020-05-14,67,7,5.0,nan,35,15,61.0,67
30,大里,2020-05-14,74,7,6.0,nan,39,19,74.0,70
29,沙鹿,2020-05-14,97,11,5.0,nan,45,28,97.0,77
28,豐原,2020-05-14,112,13,36.0,nan,36,21,112.0,65
27,三義,2020-05-14,74,4,5.0,nan,31,9,74.0,63
26,苗栗,2020-05-14,76,6,5.0,nan,41,23,54.0,76
25,頭份,2020-05-14,85,6,nan,nan,47,14,nan,85
24,新竹,2020-05-14,143,4,5.0,nan,50,19,143.0,78
23,竹東,2020-05-14,151,4,5.0,nan,40,12,151.0,74
22,湖口,2020-05-14,177,6,5.0,nan,44,27,177.0,89
21,龍潭,2020-05-14,205,6,7.0,101.0,42,16,205.0,85
20,平鎮,2020-05-14,166,6,7.0,nan,44,23,166.0,81
19,觀音,2020-05-14,169,10,6.0,nan,47,20,169.0,92
18,大園,2020-05-14,164,6,6.0,nan,43,20,164.0,85
17,桃園,2020-05-14,90,7,7.0,nan,40,20,90.0,83
16,大同,2020-05-14,76,4,26.0,nan,36,53,nan,76
15,松山,2020-05-14,90,4,7.0,nan,30,21,90.0,68
14,古亭,2020-05-14,129,4,6.0,nan,30,20,129.0,70
13,萬華,2020-05-14,118,6,8.0,nan,34,27,118.0,70
12,中山,2020-05-14,108,4,8.0,nan,31,33,108.0,72
11,士林,2020-05-14,122,6,6.0,nan,32,20,122.0,65
84,富貴角,2020-05-14,108,1,3.0,nan,39,8,108.0,66
10,淡水,2020-05-14,122,3,6.0,nan,27,17,122.0,64
9,林口,2020-05-14,154,6,7.0,nan,35,29,154.0,76
8,菜寮,2020-05-14,80,7,8.0,nan,33,25,80.0,73
7,新莊,2020-05-14,172,6,9.0,nan,38,37,172.0,75
6,板橋,2020-05-14,146,7,8.0,nan,34,26,146.0,75
5,土城,2020-05-14,200,9,7.0,109.0,37,24,200.0,79
4,新店,2020-05-14,84,3,6.0,nan,29,15,84.0,67
3,萬里,2020-05-14,97,9,5.0,nan,31,13,97.0,68
2,汐止,2020-05-14,84,3,6.0,nan,31,22,84.0,67
1,基隆,2020-05-14,93,3,5.0,nan,31,9,93.0,64
11,士林,2020-05-15,97,7,5.0,nan,29,22,97.0,57
84,富貴角,2020-05-15,64,3,3.0,nan,25,6,64.0,42
83,麥寮,2020-05-15,59,6,nan,nan,36,14,nan,59
80,關山,2020-05-15,27,3,nan,nan,10,6,22.0,27
78,馬公,2020-05-15,52,3,3.0,nan,29,10,49.0,52
77,金門,2020-05-15,54,7,2.0,nan,31,11,50.0,54
75,馬祖,2020-05-15,77,4,3.0,nan,42,16,77.0,68
72,埔里,2020-05-15,101,4,5.0,nan,31,14,101.0,62
71,復興,2020-05-15,63,10,8.0,nan,43,28,nan,63
70,永和,2020-05-15,70,4,17.0,nan,32,35,nan,70
69,竹山,2020-05-15,87,4,3.0,nan,37,10,87.0,64
68,中壢,2020-05-15,52,6,18.0,nan,27,34,nan,52
67,三重,2020-05-15,80,7,18.0,nan,36,51,nan,80
66,冬山,2020-05-15,55,6,5.0,nan,30,11,32.0,55
65,宜蘭,2020-05-15,48,4,3.0,nan,27,8,43.0,48
64,陽明,2020-05-15,64,4,3.0,nan,18,5,64.0,43
63,花蓮,2020-05-15,32,7,3.0,nan,20,9,28.0,32
62,臺東,2020-05-15,26,1,3.0,nan,15,8,26.0,20
61,恆春,2020-05-15,30,1,1.0,nan,9,2,30.0,22
60,潮州,2020-05-15,43,4,3.0,nan,33,12,32.0,43
59,屏東,2020-05-15,49,6,5.0,nan,37,12,38.0,49
58,小港,2020-05-15,39,21,6.0,nan,39,21,11.0,35
57,前鎮,2020-05-15,56,9,nan,nan,49,24,nan,56
56,前金,2020-05-15,58,9,6.0,nan,36,21,54.0,58
54,左營,2020-05-15,54,11,6.0,nan,46,19,46.0,54
53,楠梓,2020-05-15,57,9,6.0,nan,37,19,49.0,57
52,林園,2020-05-15,58,11,6.0,nan,40,9,45.0,58
51,大寮,2020-05-15,61,13,8.0,nan,58,18,34.0,61
50,鳳山,2020-05-15,47,13,8.0,nan,37,23,nan,47
49,仁武,2020-05-15,74,20,7.0,nan,35,26,74.0,60
48,橋頭,2020-05-15,62,6,6.0,nan,35,21,48.0,62
47,美濃,2020-05-15,80,6,5.0,nan,31,7,80.0,57
46,臺南,2020-05-15,93,14,6.0,nan,33,14,93.0,62
45,安南,2020-05-15,84,10,6.0,nan,38,22,84.0,63
44,善化,2020-05-15,93,16,5.0,nan,29,16,93.0,54
43,新營,2020-05-15,87,9,5.0,nan,32,13,87.0,55
42,嘉義,2020-05-15,64,3,5.0,nan,31,13,64.0,52
41,臺西,2020-05-15,63,6,nan,nan,31,14,nan,63
40,朴子,2020-05-15,67,6,5.0,nan,33,15,67.0,57
39,新港,2020-05-15,64,4,5.0,nan,36,18,64.0,63
38,崙背,2020-05-15,64,6,3.0,nan,41,11,61.0,64
37,斗六,2020-05-15,100,6,5.0,nan,35,15,100.0,60
36,南投,2020-05-15,84,4,5.0,nan,34,19,84.0,59
35,二林,2020-05-15,64,6,3.0,nan,42,13,44.0,64
34,線西,2020-05-15,59,6,nan,nan,33,14,nan,59
33,彰化,2020-05-15,53,14,3.0,nan,29,9,43.0,53
32,西屯,2020-05-15,55,11,5.0,nan,28,19,50.0,55
31,忠明,2020-05-15,55,10,5.0,nan,28,13,44.0,55
30,大里,2020-05-15,60,6,5.0,nan,31,16,58.0,60
29,沙鹿,2020-05-15,55,16,6.0,nan,28,17,47.0,55
28,豐原,2020-05-15,51,9,5.0,nan,25,20,51.0,48
27,三義,2020-05-15,48,4,3.0,nan,22,18,42.0,48
26,苗栗,2020-05-15,47,9,6.0,nan,24,16,35.0,47
25,頭份,2020-05-15,56,6,nan,nan,27,15,nan,56
24,新竹,2020-05-15,54,4,5.0,nan,34,19,54.0,53
23,竹東,2020-05-15,80,3,5.0,nan,27,11,80.0,57
22,湖口,2020-05-15,64,4,5.0,nan,22,22,64.0,51
21,龍潭,2020-05-15,74,6,5.0,nan,27,20,74.0,54
20,平鎮,2020-05-15,49,9,6.0,nan,27,25,47.0,49
19,觀音,2020-05-15,50,6,5.0,nan,23,17,50.0,48
18,大園,2020-05-15,61,7,5.0,nan,27,18,61.0,47
17,桃園,2020-05-15,65,27,7.0,nan,31,26,42.0,65
16,大同,2020-05-15,74,6,16.0,nan,39,54,nan,74
15,松山,2020-05-15,112,6,8.0,nan,36,39,112.0,69
14,古亭,2020-05-15,132,4,8.0,nan,33,31,132.0,70
13,萬華,2020-05-15,80,6,9.0,nan,39,46,80.0,71
12,中山,2020-05-15,84,6,10.0,nan,33,47,84.0,69
10,淡水,2020-05-15,74,6,6.0,nan,24,19,74.0,53
9,林口,2020-05-15,71,7,6.0,nan,29,35,71.0,59
8,菜寮,2020-05-15,68,7,8.0,nan,31,42,48.0,68
7,新莊,2020-05-15,97,6,9.0,nan,36,38,97.0,71
6,板橋,2020-05-15,87,6,9.0,nan,33,35,87.0,67
5,土城,2020-05-15,151,7,8.0,nan,43,33,151.0,74
4,新店,2020-05-15,150,6,7.0,nan,31,27,150.0,68
3,萬里,2020-05-15,115,9,5.0,nan,28,8,115.0,56
2,汐止,2020-05-15,104,9,7.0,nan,32,32,104.0,68
1,基隆,2020-05-15,112,6,6.0,nan,28,18,112.0,60
1,基隆,2020-05-16,43,6,5.0,nan,19,18,36.0,43
84,富貴角,2020-05-16,51,3,2.0,nan,19,8,51.0,32
83,麥寮,2020-05-16,52,9,nan,nan,32,10,nan,52
80,關山,2020-05-16,15,3,nan,nan,5,4,15.0,14
78,馬公,2020-05-16,38,4,2.0,nan,22,4,38.0,25
77,金門,2020-05-16,25,4,1.0,nan,18,13,25.0,22
75,馬祖,2020-05-16,37,7,2.0,nan,24,16,37.0,36
72,埔里,2020-05-16,50,4,3.0,nan,23,12,42.0,50
71,復興,2020-05-16,30,10,6.0,nan,22,20,nan,30
70,永和,2020-05-16,45,4,10.0,nan,21,25,nan,45
69,竹山,2020-05-16,51,13,3.0,nan,29,10,43.0,51
68,中壢,2020-05-16,39,7,10.0,nan,20,26,nan,39
67,三重,2020-05-16,59,6,14.0,nan,27,37,nan,59
66,冬山,2020-05-16,32,6,5.0,nan,20,11,23.0,32
65,宜蘭,2020-05-16,26,3,3.0,nan,19,5,24.0,26
64,陽明,2020-05-16,37,3,2.0,nan,13,3,37.0,35
63,花蓮,2020-05-16,16,7,2.0,nan,15,9,16.0,15
62,臺東,2020-05-16,14,3,3.0,nan,11,5,14.0,3
61,恆春,2020-05-16,16,1,1.0,nan,10,1,16.0,15
60,潮州,2020-05-16,27,3,2.0,nan,27,16,22.0,24
59,屏東,2020-05-16,27,3,2.0,nan,24,10,27.0,21
58,小港,2020-05-16,44,44,9.0,nan,43,21,17.0,33
57,前鎮,2020-05-16,28,17,nan,nan,28,18,nan,20
56,前金,2020-05-16,38,14,5.0,nan,38,17,20.0,34
54,左營,2020-05-16,30,10,5.0,nan,30,14,23.0,28
53,楠梓,2020-05-16,32,9,3.0,nan,29,17,30.0,32
52,林園,2020-05-16,37,6,1.0,nan,37,13,20.0,24
51,大寮,2020-05-16,85,30,2.0,nan,85,20,19.0,40
50,鳳山,2020-05-16,25,10,5.0,nan,25,19,nan,19
49,仁武,2020-05-16,35,9,5.0,nan,27,17,27.0,35
48,橋頭,2020-05-16,36,10,5.0,nan,29,18,29.0,36
47,美濃,2020-05-16,37,3,2.0,nan,27,7,37.0,27
46,臺南,2020-05-16,38,6,3.0,nan,26,20,31.0,38
45,安南,2020-05-16,45,7,3.0,nan,31,19,34.0,45
44,善化,2020-05-16,43,11,3.0,nan,31,13,43.0,43
43,新營,2020-05-16,52,6,3.0,nan,31,18,49.0,52
42,嘉義,2020-05-16,52,6,5.0,nan,28,15,50.0,52
41,臺西,2020-05-16,51,6,nan,nan,24,8,nan,51
40,朴子,2020-05-16,49,7,3.0,nan,29,14,41.0,49
39,新港,2020-05-16,61,7,5.0,nan,31,14,45.0,61
38,崙背,2020-05-16,54,6,3.0,nan,36,11,33.0,54
37,斗六,2020-05-16,53,6,3.0,nan,31,15,49.0,53
36,南投,2020-05-16,48,11,5.0,nan,28,16,44.0,48
35,二林,2020-05-16,54,7,3.0,nan,36,11,26.0,54
34,線西,2020-05-16,42,9,nan,nan,27,17,nan,42
33,彰化,2020-05-16,38,10,5.0,nan,26,13,24.0,38
32,西屯,2020-05-16,42,4,5.0,nan,23,26,35.0,42
31,忠明,2020-05-16,47,7,5.0,nan,24,27,32.0,47
30,大里,2020-05-16,50,6,5.0,nan,27,18,38.0,50
29,沙鹿,2020-05-16,46,9,5.0,nan,25,33,28.0,46
28,豐原,2020-05-16,38,7,5.0,nan,22,14,36.0,38
27,三義,2020-05-16,34,4,3.0,nan,19,15,29.0,34
26,苗栗,2020-05-16,33,4,5.0,nan,19,14,20.0,33
25,頭份,2020-05-16,32,4,nan,nan,19,11,nan,32
24,新竹,2020-05-16,35,4,5.0,nan,21,18,29.0,35
23,竹東,2020-05-16,45,4,3.0,nan,22,9,39.0,45
22,湖口,2020-05-16,32,4,5.0,nan,18,21,31.0,32
21,龍潭,2020-05-16,44,6,5.0,nan,19,15,44.0,37
20,平鎮,2020-05-16,46,9,5.0,nan,22,26,42.0,46
19,觀音,2020-05-16,31,6,3.0,nan,19,19,27.0,31
18,大園,2020-05-16,36,9,5.0,nan,21,20,32.0,36
17,桃園,2020-05-16,52,14,6.0,nan,23,26,34.0,52
16,大同,2020-05-16,55,4,17.0,nan,29,36,nan,55
15,松山,2020-05-16,49,4,6.0,nan,23,27,44.0,49
14,古亭,2020-05-16,48,6,6.0,nan,19,26,48.0,46
13,萬華,2020-05-16,46,4,7.0,nan,23,28,41.0,46
12,中山,2020-05-16,48,4,8.0,nan,20,33,42.0,48
11,士林,2020-05-16,48,6,6.0,nan,22,24,48.0,42
10,淡水,2020-05-16,46,6,6.0,nan,17,21,46.0,37
9,林口,2020-05-16,49,10,6.0,nan,24,32,49.0,47
8,菜寮,2020-05-16,49,13,7.0,nan,23,29,36.0,49
7,新莊,2020-05-16,54,14,7.0,nan,24,23,54.0,49
6,板橋,2020-05-16,44,7,7.0,nan,22,22,44.0,44
5,土城,2020-05-16,58,4,7.0,nan,23,25,58.0,47
4,新店,2020-05-16,47,6,5.0,nan,19,19,47.0,38
3,萬里,2020-05-16,43,10,5.0,nan,19,13,43.0,41
2,汐止,2020-05-16,50,7,6.0,nan,25,25,43.0,50
69,竹山,2020-05-17,40,6,2.0,nan,20,9,40.0,26
1,基隆,2020-05-17,27,6,3.0,nan,13,16,27.0,16
2,汐止,2020-05-17,32,4,5.0,nan,16,17,32.0,19
3,萬里,2020-05-17,32,6,2.0,nan,13,10,32.0,22
4,新店,2020-05-17,34,4,3.0,nan,13,11,34.0,13
5,土城,2020-05-17,47,4,5.0,nan,17,23,47.0,19
6,板橋,2020-05-17,40,6,5.0,nan,17,22,40.0,22
7,新莊,2020-05-17,44,6,6.0,nan,18,25,44.0,22
8,菜寮,2020-05-17,30,6,5.0,nan,16,22,30.0,20
9,林口,2020-05-17,33,4,2.0,nan,12,16,33.0,18
10,淡水,2020-05-17,30,3,5.0,nan,9,30,23.0,14
11,士林,2020-05-17,34,4,5.0,nan,15,21,34.0,17
12,中山,2020-05-17,36,6,6.0,nan,16,24,36.0,17
13,萬華,2020-05-17,35,6,6.0,nan,17,23,35.0,18
14,古亭,2020-05-17,37,3,3.0,nan,15,15,37.0,17
15,松山,2020-05-17,34,4,5.0,nan,15,19,34.0,19
16,大同,2020-05-17,31,7,18.0,nan,19,29,nan,31
17,桃園,2020-05-17,32,24,3.0,nan,17,18,32.0,28
18,大園,2020-05-17,30,4,2.0,nan,11,12,30.0,17
19,觀音,2020-05-17,25,4,2.0,nan,5,10,25.0,14
20,平鎮,2020-05-17,40,4,2.0,nan,15,17,40.0,23
21,龍潭,2020-05-17,47,6,3.0,nan,14,14,47.0,24
22,湖口,2020-05-17,28,4,2.0,nan,5,8,28.0,17
23,竹東,2020-05-17,40,4,2.0,nan,18,7,40.0,25
24,新竹,2020-05-17,28,3,3.0,nan,16,13,28.0,13
25,頭份,2020-05-17,17,6,nan,nan,13,14,nan,17
26,苗栗,2020-05-17,20,4,2.0,nan,11,10,20.0,17
27,三義,2020-05-17,26,3,2.0,nan,10,11,26.0,19
28,豐原,2020-05-17,31,4,2.0,nan,13,13,31.0,14
29,沙鹿,2020-05-17,37,10,5.0,nan,12,37,26.0,22
30,大里,2020-05-17,31,9,3.0,nan,14,14,31.0,23
31,忠明,2020-05-17,28,7,3.0,nan,13,22,28.0,21
32,西屯,2020-05-17,31,6,5.0,nan,13,21,31.0,19
33,彰化,2020-05-17,19,9,3.0,nan,14,8,19.0,16
34,線西,2020-05-17,17,4,nan,nan,15,16,nan,17
35,二林,2020-05-17,23,6,3.0,nan,22,11,23.0,22
36,南投,2020-05-17,39,11,3.0,nan,20,16,39.0,20
37,斗六,2020-05-17,37,4,2.0,nan,19,12,37.0,24
38,崙背,2020-05-17,28,4,2.0,nan,19,9,28.0,16
39,新港,2020-05-17,32,3,3.0,nan,19,14,32.0,22
40,朴子,2020-05-17,32,4,2.0,nan,18,12,32.0,20
41,臺西,2020-05-17,26,7,nan,nan,15,9,nan,26
42,嘉義,2020-05-17,31,4,2.0,nan,17,11,31.0,15
43,新營,2020-05-17,34,3,2.0,nan,19,11,34.0,22
44,善化,2020-05-17,36,4,2.0,nan,18,9,36.0,20
45,安南,2020-05-17,36,4,2.0,nan,19,20,36.0,25
46,臺南,2020-05-17,33,6,2.0,nan,17,20,33.0,26
47,美濃,2020-05-17,40,1,1.0,nan,17,7,40.0,21
48,橋頭,2020-05-17,36,6,2.0,nan,19,10,36.0,21
49,仁武,2020-05-17,39,14,2.0,nan,21,18,39.0,27
50,鳳山,2020-05-17,19,9,2.0,nan,19,15,nan,10
51,大寮,2020-05-17,46,46,2.0,nan,24,15,39.0,35
52,林園,2020-05-17,40,7,2.0,nan,34,15,40.0,26
53,楠梓,2020-05-17,37,6,2.0,nan,20,11,37.0,22
54,左營,2020-05-17,36,4,2.0,nan,18,10,36.0,18
56,前金,2020-05-17,37,4,2.0,nan,19,16,37.0,21
57,前鎮,2020-05-17,19,6,nan,nan,19,11,nan,18
58,小港,2020-05-17,38,6,2.0,nan,19,13,38.0,23
59,屏東,2020-05-17,44,3,3.0,nan,22,10,44.0,20
60,潮州,2020-05-17,45,7,2.0,nan,25,10,45.0,26
61,恆春,2020-05-17,25,1,1.0,nan,5,2,25.0,10
62,臺東,2020-05-17,22,3,2.0,nan,5,7,22.0,3
63,花蓮,2020-05-17,23,4,2.0,nan,13,6,23.0,10
64,陽明,2020-05-17,26,3,1.0,nan,5,5,26.0,16
65,宜蘭,2020-05-17,28,3,2.0,nan,14,7,28.0,9
66,冬山,2020-05-17,23,6,3.0,nan,18,8,23.0,20
67,三重,2020-05-17,32,7,12.0,nan,18,27,nan,32
68,中壢,2020-05-17,23,4,8.0,nan,13,23,nan,18
70,永和,2020-05-17,22,3,8.0,nan,14,20,nan,22
71,復興,2020-05-17,24,6,3.0,nan,19,12,nan,24
72,埔里,2020-05-17,39,4,2.0,nan,14,14,39.0,21
75,馬祖,2020-05-17,32,4,2.0,nan,18,26,26.0,32
77,金門,2020-05-17,31,7,2.0,nan,18,13,31.0,20
78,馬公,2020-05-17,31,3,1.0,nan,15,5,31.0,12
80,關山,2020-05-17,20,1,nan,nan,5,3,20.0,11
83,麥寮,2020-05-17,19,4,nan,nan,18,8,nan,19
84,富貴角,2020-05-17,31,1,1.0,nan,11,8,31.0,11
1,基隆,2020-05-18,31,4,5.0,nan,19,27,29.0,31
84,富貴角,2020-05-18,47,1,1.0,nan,17,8,47.0,19
83,麥寮,2020-05-18,21,3,nan,nan,19,9,nan,21
80,關山,2020-05-18,21,3,nan,nan,5,8,21.0,16
78,馬公,2020-05-18,28,4,2.0,nan,13,6,28.0,14
77,金門,2020-05-18,44,6,2.0,nan,19,18,44.0,22
75,馬祖,2020-05-18,71,3,2.0,nan,19,19,71.0,38
72,埔里,2020-05-18,26,4,2.0,nan,14,14,26.0,23
71,復興,2020-05-18,20,4,6.0,nan,13,15,nan,20
70,永和,2020-05-18,30,6,12.0,nan,17,28,nan,30
69,竹山,2020-05-18,29,4,2.0,nan,19,10,23.0,29
68,中壢,2020-05-18,27,4,14.0,nan,16,27,nan,26
67,三重,2020-05-18,47,6,18.0,nan,25,47,nan,46
66,冬山,2020-05-18,25,6,5.0,nan,19,21,14.0,25
65,宜蘭,2020-05-18,23,6,3.0,nan,17,13,23.0,19
64,陽明,2020-05-18,35,3,1.0,nan,9,4,35.0,23
63,花蓮,2020-05-18,21,4,5.0,nan,16,21,10.0,15
62,臺東,2020-05-18,25,3,3.0,nan,13,8,25.0,7
61,恆春,2020-05-18,25,1,1.0,nan,5,3,25.0,17
60,潮州,2020-05-18,27,4,2.0,nan,22,11,27.0,27
59,屏東,2020-05-18,30,4,3.0,nan,20,11,30.0,20
58,小港,2020-05-18,20,3,2.0,nan,14,19,20.0,18
57,前鎮,2020-05-18,14,4,nan,nan,14,12,nan,13
56,前金,2020-05-18,23,1,2.0,nan,13,10,23.0,15
54,左營,2020-05-18,22,3,3.0,nan,12,15,22.0,12
53,楠梓,2020-05-18,23,4,3.0,nan,19,18,23.0,20
52,林園,2020-05-18,24,6,2.0,nan,20,12,24.0,22
51,大寮,2020-05-18,24,7,2.0,nan,20,12,19.0,24
50,鳳山,2020-05-18,18,4,3.0,nan,18,16,nan,11
49,仁武,2020-05-18,23,4,3.0,nan,17,15,23.0,23
48,橋頭,2020-05-18,24,3,3.0,nan,18,14,24.0,22
47,美濃,2020-05-18,29,1,1.0,nan,16,6,29.0,26
46,臺南,2020-05-18,22,4,3.0,nan,15,11,22.0,18
45,安南,2020-05-18,27,3,3.0,nan,19,17,24.0,27
44,善化,2020-05-18,23,7,2.0,nan,19,10,23.0,19
43,新營,2020-05-18,24,3,2.0,nan,17,10,24.0,21
42,嘉義,2020-05-18,24,3,2.0,nan,17,11,24.0,18
41,臺西,2020-05-18,24,3,nan,nan,13,7,nan,24
40,朴子,2020-05-18,22,4,2.0,nan,19,10,22.0,17
39,新港,2020-05-18,23,3,2.0,nan,17,8,23.0,20
38,崙背,2020-05-18,22,3,2.0,nan,16,8,22.0,19
37,斗六,2020-05-18,24,3,2.0,nan,19,10,24.0,24
36,南投,2020-05-18,27,3,5.0,nan,19,13,25.0,27
35,二林,2020-05-18,22,6,2.0,nan,19,8,18.0,22
34,線西,2020-05-18,26,3,nan,nan,18,11,nan,26
33,彰化,2020-05-18,22,6,3.0,nan,16,9,19.0,22
32,西屯,2020-05-18,27,3,2.0,nan,14,17,25.0,27
31,忠明,2020-05-18,26,4,3.0,nan,16,13,23.0,26
30,大里,2020-05-18,32,6,3.0,nan,18,14,20.0,32
29,沙鹿,2020-05-18,26,3,2.0,nan,12,13,23.0,26
28,豐原,2020-05-18,24,3,2.0,nan,15,12,24.0,22
27,三義,2020-05-18,24,4,1.0,nan,13,10,22.0,24
26,苗栗,2020-05-18,22,4,2.0,nan,14,9,19.0,22
25,頭份,2020-05-18,27,6,nan,nan,17,12,nan,27
24,新竹,2020-05-18,32,6,3.0,nan,19,16,32.0,27
23,竹東,2020-05-18,32,3,2.0,nan,19,8,32.0,25
22,湖口,2020-05-18,40,6,2.0,nan,12,13,40.0,24
21,龍潭,2020-05-18,36,4,2.0,nan,14,14,36.0,25
20,平鎮,2020-05-18,31,4,2.0,nan,18,16,31.0,26
19,觀音,2020-05-18,41,6,2.0,nan,17,8,41.0,20
18,大園,2020-05-18,42,4,2.0,nan,15,15,42.0,23
17,桃園,2020-05-18,32,6,3.0,nan,16,17,25.0,32
16,大同,2020-05-18,40,6,16.0,nan,22,40,nan,39
15,松山,2020-05-18,34,6,7.0,nan,19,34,24.0,32
14,古亭,2020-05-18,30,4,7.0,nan,19,23,30.0,28
13,萬華,2020-05-18,30,4,7.0,nan,19,27,23.0,30
12,中山,2020-05-18,42,7,11.0,nan,21,42,19.0,36
11,士林,2020-05-18,25,4,5.0,nan,19,21,17.0,25
10,淡水,2020-05-18,36,4,2.0,nan,15,13,36.0,20
9,林口,2020-05-18,35,4,2.0,nan,18,19,35.0,28
8,菜寮,2020-05-18,30,4,6.0,nan,19,25,22.0,30
7,新莊,2020-05-18,32,9,6.0,nan,18,20,32.0,29
6,板橋,2020-05-18,26,7,6.0,nan,17,21,26.0,25
5,土城,2020-05-18,29,7,5.0,nan,18,28,29.0,27
4,新店,2020-05-18,31,6,5.0,nan,18,28,31.0,24
3,萬里,2020-05-18,36,3,2.0,nan,13,14,36.0,29
2,汐止,2020-05-18,33,4,6.0,nan,21,33,29.0,33
20,平鎮,2020-05-19,37,6,8.0,nan,18,28,29.0,37
84,富貴角,2020-05-19,112,1,2.0,nan,28,8,112.0,40
83,麥寮,2020-05-19,18,3,nan,nan,10,12,nan,18
80,關山,2020-05-19,39,3,nan,nan,5,6,39.0,19
78,馬公,2020-05-19,47,9,3.0,nan,12,7,47.0,9
77,金門,2020-05-19,118,17,3.0,nan,48,19,118.0,70
75,馬祖,2020-05-19,132,4,2.0,nan,53,9,132.0,71
72,埔里,2020-05-19,26,4,3.0,nan,13,11,26.0,19
71,復興,2020-05-19,39,6,11.0,nan,17,39,nan,28
70,永和,2020-05-19,41,4,16.0,nan,20,29,nan,41
69,竹山,2020-05-19,30,4,3.0,nan,16,12,30.0,19
68,中壢,2020-05-19,51,6,22.0,nan,19,51,nan,41
67,三重,2020-05-19,55,9,16.0,nan,26,52,nan,55
66,冬山,2020-05-19,47,3,3.0,nan,23,14,47.0,35
65,宜蘭,2020-05-19,61,3,3.0,nan,19,8,61.0,24
64,陽明,2020-05-19,45,3,2.0,nan,5,3,45.0,19
63,花蓮,2020-05-19,50,1,5.0,nan,17,16,50.0,27
62,臺東,2020-05-19,44,4,5.0,nan,11,10,44.0,10
61,恆春,2020-05-19,38,3,1.0,nan,5,4,38.0,19
60,潮州,2020-05-19,31,9,3.0,nan,19,11,31.0,23
59,屏東,2020-05-19,31,4,5.0,nan,19,18,31.0,27
58,小港,2020-05-19,29,13,5.0,nan,17,22,29.0,24
57,前鎮,2020-05-19,38,6,nan,nan,15,38,nan,18
56,前金,2020-05-19,32,7,7.0,nan,15,32,30.0,25
54,左營,2020-05-19,27,4,6.0,nan,15,27,27.0,24
53,楠梓,2020-05-19,32,6,5.0,nan,19,32,27.0,29
52,林園,2020-05-19,34,11,3.0,nan,23,20,34.0,33
51,大寮,2020-05-19,52,52,3.0,nan,23,27,23.0,35
50,鳳山,2020-05-19,21,4,6.0,nan,18,21,nan,16
49,仁武,2020-05-19,31,9,5.0,nan,19,31,31.0,29
48,橋頭,2020-05-19,31,4,3.0,nan,18,20,31.0,28
47,美濃,2020-05-19,31,3,2.0,nan,12,7,31.0,18
46,臺南,2020-05-19,32,6,6.0,nan,15,19,32.0,25
45,安南,2020-05-19,36,6,5.0,nan,21,26,25.0,36
44,善化,2020-05-19,31,4,2.0,nan,13,12,31.0,19
43,新營,2020-05-19,31,4,3.0,nan,15,15,31.0,21
42,嘉義,2020-05-19,29,4,3.0,nan,13,16,29.0,17
41,臺西,2020-05-19,20,4,nan,nan,9,11,nan,20
40,朴子,2020-05-19,34,4,3.0,nan,16,16,34.0,21
39,新港,2020-05-19,33,3,3.0,nan,13,18,33.0,19
38,崙背,2020-05-19,40,3,2.0,nan,12,11,40.0,17
37,斗六,2020-05-19,35,3,3.0,nan,13,13,35.0,19
36,南投,2020-05-19,29,4,6.0,nan,14,17,29.0,17
35,二林,2020-05-19,34,6,2.0,nan,9,10,34.0,12
34,線西,2020-05-19,19,6,nan,nan,12,19,nan,15
33,彰化,2020-05-19,25,7,5.0,nan,9,17,25.0,15
32,西屯,2020-05-19,32,3,5.0,nan,12,32,26.0,24
31,忠明,2020-05-19,30,3,7.0,nan,11,30,24.0,21
30,大里,2020-05-19,24,6,6.0,nan,15,24,21.0,24
29,沙鹿,2020-05-19,28,6,3.0,nan,5,24,28.0,22
28,豐原,2020-05-19,31,3,2.0,nan,11,13,31.0,14
27,三義,2020-05-19,28,3,3.0,nan,10,12,28.0,20
26,苗栗,2020-05-19,22,4,6.0,nan,11,22,15.0,22
25,頭份,2020-05-19,29,4,nan,nan,13,26,nan,29
24,新竹,2020-05-19,33,4,5.0,nan,14,23,33.0,23
23,竹東,2020-05-19,27,3,5.0,nan,16,18,27.0,26
22,湖口,2020-05-19,45,6,6.0,nan,13,21,45.0,34
21,龍潭,2020-05-19,37,6,7.0,nan,19,27,37.0,35
19,觀音,2020-05-19,49,10,6.0,nan,19,24,49.0,39
18,大園,2020-05-19,48,7,6.0,nan,19,27,48.0,38
17,桃園,2020-05-19,50,10,8.0,nan,20,30,31.0,50
16,大同,2020-05-19,57,7,18.0,nan,26,57,nan,51
15,松山,2020-05-19,49,6,7.0,nan,26,42,39.0,49
14,古亭,2020-05-19,45,4,6.0,nan,22,28,45.0,40
13,萬華,2020-05-19,40,6,7.0,nan,23,37,37.0,40
12,中山,2020-05-19,47,6,9.0,nan,21,47,34.0,43
11,士林,2020-05-19,43,6,6.0,nan,19,29,43.0,35
10,淡水,2020-05-19,40,3,6.0,nan,17,20,40.0,32
9,林口,2020-05-19,41,4,6.0,nan,19,33,41.0,37
8,菜寮,2020-05-19,42,4,8.0,nan,21,42,31.0,41
7,新莊,2020-05-19,47,9,9.0,nan,22,35,41.0,47
6,板橋,2020-05-19,40,6,9.0,nan,21,40,32.0,39
5,土城,2020-05-19,44,6,6.0,nan,21,25,44.0,37
4,新店,2020-05-19,43,4,6.0,nan,19,22,43.0,32
3,萬里,2020-05-19,104,4,3.0,nan,28,13,104.0,44
2,汐止,2020-05-19,47,7,7.0,nan,26,26,30.0,47
1,基隆,2020-05-19,74,4,6.0,nan,25,16,74.0,42
84,富貴角,2020-05-20,80,1,2.0,nan,22,4,80.0,33
83,麥寮,2020-05-20,20,4,nan,nan,16,13,nan,20
80,關山,2020-05-20,34,3,nan,nan,5,7,34.0,13
78,馬公,2020-05-20,42,3,3.0,nan,11,8,42.0,9
77,金門,2020-05-20,77,4,5.0,nan,46,11,67.0,77
75,馬祖,2020-05-20,93,7,3.0,nan,44,11,93.0,58
72,埔里,2020-05-20,43,4,3.0,nan,15,12,43.0,22
71,復興,2020-05-20,27,11,8.0,nan,19,27,nan,24
70,永和,2020-05-20,36,3,9.0,nan,18,28,nan,36
69,竹山,2020-05-20,43,4,3.0,nan,19,11,43.0,26
68,中壢,2020-05-20,48,4,20.0,nan,25,43,nan,48
67,三重,2020-05-20,53,6,16.0,nan,24,44,nan,53
66,冬山,2020-05-20,35,4,5.0,nan,15,15,35.0,27
65,宜蘭,2020-05-20,48,3,3.0,nan,18,7,48.0,26
64,陽明,2020-05-20,49,4,2.0,nan,5,1,49.0,23
63,花蓮,2020-05-20,54,1,5.0,nan,14,29,54.0,21
62,臺東,2020-05-20,48,1,5.0,nan,9,14,48.0,7
61,恆春,2020-05-20,44,1,1.0,nan,5,2,44.0,14
60,潮州,2020-05-20,37,3,2.0,nan,18,9,37.0,15
59,屏東,2020-05-20,32,4,6.0,nan,19,19,32.0,24
58,小港,2020-05-20,28,14,6.0,nan,24,28,25.0,27
57,前鎮,2020-05-20,29,11,nan,nan,19,29,nan,23
56,前金,2020-05-20,31,11,8.0,nan,19,29,31.0,22
54,左營,2020-05-20,30,9,7.0,nan,17,30,29.0,17
53,楠梓,2020-05-20,35,11,6.0,nan,20,35,23.0,26
52,林園,2020-05-20,42,7,3.0,nan,25,9,42.0,25
51,大寮,2020-05-20,45,11,5.0,nan,29,16,23.0,45
50,鳳山,2020-05-20,24,9,7.0,nan,19,24,nan,13
49,仁武,2020-05-20,31,19,5.0,nan,21,25,31.0,27
48,橋頭,2020-05-20,36,6,6.0,nan,20,36,28.0,19
47,美濃,2020-05-20,31,3,2.0,nan,14,8,31.0,12
46,臺南,2020-05-20,33,4,7.0,nan,16,33,30.0,22
45,安南,2020-05-20,31,4,3.0,nan,20,26,31.0,31
44,善化,2020-05-20,34,7,2.0,nan,12,11,34.0,14
43,新營,2020-05-20,32,6,3.0,nan,14,19,32.0,19
42,嘉義,2020-05-20,32,3,5.0,nan,13,23,32.0,18
41,臺西,2020-05-20,27,4,nan,nan,11,15,nan,27
40,朴子,2020-05-20,35,3,3.0,nan,15,10,35.0,22
39,新港,2020-05-20,35,4,3.0,nan,14,18,35.0,16
38,崙背,2020-05-20,41,3,3.0,nan,14,10,41.0,17
37,斗六,2020-05-20,41,6,3.0,nan,19,15,41.0,24
36,南投,2020-05-20,48,3,5.0,nan,17,15,48.0,18
35,二林,2020-05-20,36,6,3.0,nan,16,14,36.0,17
34,線西,2020-05-20,21,7,nan,nan,19,16,nan,21
33,彰化,2020-05-20,40,7,5.0,nan,12,17,40.0,14
32,西屯,2020-05-20,58,6,5.0,nan,18,25,58.0,34
31,忠明,2020-05-20,45,4,6.0,nan,17,25,45.0,31
30,大里,2020-05-20,49,7,6.0,nan,19,22,49.0,31
29,沙鹿,2020-05-20,50,6,3.0,nan,16,22,50.0,31
28,豐原,2020-05-20,64,6,5.0,nan,21,17,64.0,34
27,三義,2020-05-20,40,4,3.0,nan,15,15,40.0,24
26,苗栗,2020-05-20,31,6,6.0,nan,18,22,31.0,27
25,頭份,2020-05-20,37,4,nan,nan,19,30,nan,37
24,新竹,2020-05-20,48,3,6.0,nan,19,24,48.0,34
23,竹東,2020-05-20,42,1,5.0,nan,19,14,42.0,30
22,湖口,2020-05-20,46,6,6.0,nan,20,23,46.0,42
21,龍潭,2020-05-20,39,4,6.0,nan,20,21,39.0,38
20,平鎮,2020-05-20,43,4,8.0,nan,23,25,38.0,43
19,觀音,2020-05-20,47,9,5.0,nan,26,32,38.0,47
18,大園,2020-05-20,43,7,6.0,nan,23,33,36.0,43
17,桃園,2020-05-20,51,14,7.0,nan,22,28,27.0,51
16,大同,2020-05-20,50,6,12.0,nan,24,49,nan,50
15,松山,2020-05-20,41,4,5.0,nan,21,27,37.0,41
14,古亭,2020-05-20,36,3,6.0,nan,19,28,34.0,36
13,萬華,2020-05-20,37,4,6.0,nan,20,30,34.0,37
12,中山,2020-05-20,40,4,8.0,nan,20,39,31.0,40
11,士林,2020-05-20,45,4,5.0,nan,18,20,45.0,38
10,淡水,2020-05-20,39,4,6.0,nan,21,24,32.0,39
9,林口,2020-05-20,45,4,5.0,nan,20,23,45.0,40
8,菜寮,2020-05-20,37,3,6.0,nan,19,23,32.0,37
7,新莊,2020-05-20,41,4,6.0,nan,19,29,41.0,39
6,板橋,2020-05-20,37,4,8.0,nan,19,35,31.0,37
5,土城,2020-05-20,38,3,7.0,nan,20,26,38.0,34
4,新店,2020-05-20,35,3,6.0,nan,16,22,35.0,28
3,萬里,2020-05-20,90,4,2.0,nan,18,6,90.0,37
2,汐止,2020-05-20,43,6,5.0,nan,21,18,43.0,39
1,基隆,2020-05-20,49,1,3.0,nan,19,11,49.0,38
84,富貴角,2020-05-21,97,1,2.0,nan,20,3,97.0,16
83,麥寮,2020-05-21,25,3,nan,nan,17,10,nan,25
80,關山,2020-05-21,17,3,nan,nan,10,9,17.0,17
78,馬公,2020-05-21,31,3,3.0,nan,14,10,31.0,9
77,金門,2020-05-21,48,6,3.0,nan,19,12,48.0,41
75,馬祖,2020-05-21,101,3,3.0,nan,18,5,101.0,32
72,埔里,2020-05-21,23,4,5.0,nan,16,14,23.0,23
71,復興,2020-05-21,31,11,8.0,nan,14,26,nan,31
70,永和,2020-05-21,32,4,14.0,nan,12,32,nan,18
69,竹山,2020-05-21,31,4,2.0,nan,19,9,31.0,20
68,中壢,2020-05-21,42,6,23.0,nan,17,42,nan,33
67,三重,2020-05-21,47,6,17.0,nan,17,47,nan,38
66,冬山,2020-05-21,33,3,3.0,nan,10,13,33.0,11
65,宜蘭,2020-05-21,58,4,3.0,nan,5,8,58.0,8
64,陽明,2020-05-21,67,3,1.0,nan,5,3,67.0,9
63,花蓮,2020-05-21,23,3,5.0,nan,16,18,23.0,18
62,臺東,2020-05-21,37,1,5.0,nan,5,11,37.0,10
61,恆春,2020-05-21,31,1,1.0,nan,5,4,31.0,11
60,潮州,2020-05-21,26,3,2.0,nan,9,5,26.0,13
59,屏東,2020-05-21,23,3,6.0,nan,13,19,19.0,23
58,小港,2020-05-21,41,24,8.0,nan,21,29,13.0,41
57,前鎮,2020-05-21,29,9,nan,nan,14,29,nan,25
56,前金,2020-05-21,29,10,7.0,nan,14,26,13.0,29
54,左營,2020-05-21,25,6,7.0,nan,10,25,14.0,20
53,楠梓,2020-05-21,25,7,5.0,nan,13,25,12.0,22
52,林園,2020-05-21,29,4,2.0,nan,19,12,29.0,20
51,大寮,2020-05-21,34,9,5.0,nan,16,17,20.0,34
50,鳳山,2020-05-21,18,6,6.0,nan,14,18,nan,15
49,仁武,2020-05-21,19,4,5.0,nan,11,16,19.0,19
48,橋頭,2020-05-21,22,4,5.0,nan,9,22,17.0,17
47,美濃,2020-05-21,20,3,2.0,nan,12,5,20.0,11
46,臺南,2020-05-21,19,6,5.0,nan,10,19,19.0,16
45,安南,2020-05-21,28,4,5.0,nan,14,20,19.0,28
44,善化,2020-05-21,23,4,2.0,nan,12,8,23.0,11
43,新營,2020-05-21,22,3,3.0,nan,13,12,22.0,16
42,嘉義,2020-05-21,22,3,5.0,nan,16,22,22.0,15
41,臺西,2020-05-21,25,4,nan,nan,13,12,nan,25
40,朴子,2020-05-21,24,3,5.0,nan,14,11,24.0,13
39,新港,2020-05-21,24,3,3.0,nan,17,14,24.0,20
38,崙背,2020-05-21,28,4,3.0,nan,16,11,28.0,24
37,斗六,2020-05-21,30,3,3.0,nan,18,12,30.0,16
36,南投,2020-05-21,31,3,5.0,nan,19,10,31.0,24
35,二林,2020-05-21,24,7,3.0,nan,15,14,24.0,21
34,線西,2020-05-21,24,3,nan,nan,19,17,nan,24
33,彰化,2020-05-21,19,6,3.0,nan,13,10,17.0,19
32,西屯,2020-05-21,33,4,5.0,nan,18,24,22.0,33
31,忠明,2020-05-21,38,3,7.0,nan,19,25,19.0,38
30,大里,2020-05-21,38,6,6.0,nan,23,21,20.0,38
29,沙鹿,2020-05-21,35,4,6.0,nan,14,27,23.0,35
28,豐原,2020-05-21,31,7,12.0,nan,19,24,28.0,31
27,三義,2020-05-21,26,3,2.0,nan,14,13,26.0,25
26,苗栗,2020-05-21,28,3,5.0,nan,16,15,19.0,28
25,頭份,2020-05-21,35,4,nan,nan,19,25,nan,35
24,新竹,2020-05-21,37,4,6.0,nan,19,22,37.0,32
23,竹東,2020-05-21,31,3,5.0,nan,18,12,31.0,27
22,湖口,2020-05-21,40,6,6.0,nan,17,25,40.0,38
21,龍潭,2020-05-21,33,4,5.0,nan,15,21,33.0,24
1,基隆,2020-05-21,71,3,3.0,nan,15,19,71.0,19
20,平鎮,2020-05-21,34,6,7.0,nan,17,34,28.0,30
19,觀音,2020-05-21,33,7,5.0,nan,16,19,33.0,27
18,大園,2020-05-21,31,9,5.0,nan,13,30,31.0,22
17,桃園,2020-05-21,34,16,8.0,nan,17,27,28.0,34
16,大同,2020-05-21,78,6,18.0,nan,16,78,nan,34
15,松山,2020-05-21,34,6,6.0,nan,15,33,34.0,24
14,古亭,2020-05-21,33,4,6.0,nan,12,30,33.0,18
13,萬華,2020-05-21,43,4,8.0,nan,14,43,31.0,23
12,中山,2020-05-21,41,6,9.0,nan,14,41,31.0,21
11,士林,2020-05-21,49,3,6.0,nan,11,31,49.0,20
10,淡水,2020-05-21,40,4,6.0,nan,13,17,40.0,17
9,林口,2020-05-21,41,4,6.0,nan,13,34,41.0,24
8,菜寮,2020-05-21,37,3,9.0,nan,11,37,29.0,19
7,新莊,2020-05-21,43,3,7.0,nan,14,31,43.0,27
6,板橋,2020-05-21,36,3,7.0,nan,10,36,31.0,19
5,土城,2020-05-21,36,4,7.0,nan,13,31,36.0,13
4,新店,2020-05-21,37,3,5.0,nan,10,25,37.0,13
3,萬里,2020-05-21,100,6,2.0,nan,15,8,100.0,19
2,汐止,2020-05-21,46,6,5.0,nan,14,25,46.0,22
84,富貴角,2020-05-22,74,1,1.0,nan,12.0,2,74.0,3.0
83,麥寮,2020-05-22,13,7,nan,nan,5.0,8,nan,13.0
80,關山,2020-05-22,13,3,nan,nan,5.0,9,11.0,13.0
78,馬公,2020-05-22,67,6,3.0,nan,11.0,14,67.0,11.0
77,金門,2020-05-22,50,9,3.0,nan,12.0,10,50.0,23.0
75,馬祖,2020-05-22,77,3,2.0,nan,5.0,7,77.0,18.0
72,埔里,2020-05-22,24,6,6.0,nan,5.0,24,19.0,11.0
71,復興,2020-05-22,27,6,7.0,nan,12.0,27,nan,19.0
70,永和,2020-05-22,44,4,19.0,nan,5.0,44,nan,16.0
69,竹山,2020-05-22,28,4,2.0,nan,5.0,13,28.0,13.0
68,中壢,2020-05-22,45,4,14.0,nan,5.0,45,nan,21.0
67,三重,2020-05-22,55,7,22.0,nan,12.0,55,nan,39.0
66,冬山,2020-05-22,33,4,5.0,nan,10.0,19,33.0,7.0
65,宜蘭,2020-05-22,43,4,3.0,nan,5.0,9,43.0,7.0
64,陽明,2020-05-22,48,3,1.0,nan,5.0,2,48.0,3.0
63,花蓮,2020-05-22,24,6,7.0,nan,14.0,24,16.0,20.0
62,臺東,2020-05-22,21,1,5.0,nan,10.0,13,21.0,9.0
61,恆春,2020-05-22,29,1,0.0,nan,13.0,2,29.0,14.0
60,潮州,2020-05-22,33,3,2.0,nan,5.0,8,33.0,9.0
59,屏東,2020-05-22,26,3,5.0,nan,5.0,19,26.0,19.0
58,小港,2020-05-22,36,36,6.0,nan,14.0,31,19.0,21.0
57,前鎮,2020-05-22,28,7,nan,nan,12.0,28,nan,13.0
56,前金,2020-05-22,27,4,6.0,nan,9.0,25,27.0,14.0
54,左營,2020-05-22,29,4,5.0,nan,nan,28,29.0,11.0
53,楠梓,2020-05-22,29,4,3.0,nan,5.0,29,23.0,14.0
52,林園,2020-05-22,32,4,2.0,nan,26.0,16,32.0,19.0
51,大寮,2020-05-22,22,10,2.0,nan,10.0,16,22.0,22.0
50,鳳山,2020-05-22,29,6,6.0,nan,9.0,29,nan,3.0
49,仁武,2020-05-22,26,3,3.0,nan,5.0,23,26.0,16.0
48,橋頭,2020-05-22,27,6,3.0,nan,5.0,27,26.0,nan
47,美濃,2020-05-22,27,1,2.0,nan,5.0,4,27.0,3.0
46,臺南,2020-05-22,26,3,5.0,nan,5.0,26,19.0,13.0
45,安南,2020-05-22,21,3,5.0,nan,5.0,21,21.0,19.0
44,善化,2020-05-22,25,3,2.0,nan,5.0,12,25.0,3.0
43,新營,2020-05-22,23,3,3.0,nan,5.0,11,23.0,8.0
42,嘉義,2020-05-22,25,3,5.0,nan,5.0,25,22.0,3.0
41,臺西,2020-05-22,13,7,nan,nan,5.0,9,nan,13.0
40,朴子,2020-05-22,25,4,3.0,nan,5.0,13,25.0,9.0
39,新港,2020-05-22,26,3,2.0,nan,5.0,10,26.0,12.0
38,崙背,2020-05-22,35,3,3.0,nan,5.0,8,35.0,13.0
37,斗六,2020-05-22,26,4,3.0,nan,5.0,17,26.0,13.0
36,南投,2020-05-22,29,3,5.0,nan,5.0,20,29.0,7.0
35,二林,2020-05-22,31,9,3.0,nan,5.0,10,31.0,8.0
34,線西,2020-05-22,21,21,nan,nan,5.0,14,nan,10.0
33,彰化,2020-05-22,25,4,6.0,nan,5.0,25,19.0,8.0
32,西屯,2020-05-22,28,3,5.0,nan,5.0,27,28.0,11.0
31,忠明,2020-05-22,34,3,6.0,nan,5.0,34,21.0,19.0
30,大里,2020-05-22,36,6,9.0,nan,9.0,36,20.0,19.0
29,沙鹿,2020-05-22,36,4,3.0,nan,5.0,18,36.0,15.0
28,豐原,2020-05-22,31,4,5.0,nan,nan,20,31.0,11.0
27,三義,2020-05-22,33,3,2.0,nan,5.0,12,33.0,8.0
26,苗栗,2020-05-22,24,6,5.0,nan,5.0,20,24.0,23.0
25,頭份,2020-05-22,24,4,nan,nan,5.0,24,nan,16.0
24,新竹,2020-05-22,41,3,5.0,nan,5.0,20,41.0,11.0
23,竹東,2020-05-22,31,1,3.0,nan,5.0,20,31.0,12.0
22,湖口,2020-05-22,49,3,3.0,nan,5.0,20,49.0,10.0
21,龍潭,2020-05-22,40,4,5.0,nan,5.0,25,40.0,10.0
20,平鎮,2020-05-22,35,4,6.0,nan,5.0,34,35.0,20.0
19,觀音,2020-05-22,50,7,3.0,nan,5.0,22,50.0,8.0
18,大園,2020-05-22,49,4,3.0,nan,5.0,28,49.0,14.0
17,桃園,2020-05-22,35,10,6.0,nan,5.0,35,27.0,27.0
16,大同,2020-05-22,52,6,20.0,nan,14.0,52,nan,33.0
15,松山,2020-05-22,39,9,9.0,nan,5.0,39,37.0,16.0
14,古亭,2020-05-22,41,4,9.0,nan,5.0,41,32.0,16.0
13,萬華,2020-05-22,47,9,11.0,nan,10.0,47,31.0,21.0
12,中山,2020-05-22,49,7,12.0,nan,9.0,49,31.0,19.0
11,士林,2020-05-22,33,1,6.0,nan,5.0,28,33.0,14.0
10,淡水,2020-05-22,41,4,3.0,nan,5.0,20,41.0,3.0
9,林口,2020-05-22,44,4,2.0,nan,5.0,25,44.0,9.0
8,菜寮,2020-05-22,44,4,9.0,nan,5.0,44,22.0,21.0
7,新莊,2020-05-22,40,6,8.0,nan,5.0,40,36.0,17.0
6,板橋,2020-05-22,39,4,9.0,nan,5.0,39,29.0,20.0
5,土城,2020-05-22,36,4,8.0,nan,5.0,36,32.0,18.0
4,新店,2020-05-22,30,3,7.0,nan,5.0,30,30.0,8.0
3,萬里,2020-05-22,74,3,3.0,nan,13.0,11,74.0,9.0
2,汐止,2020-05-22,40,4,7.0,nan,5.0,34,40.0,10.0
1,基隆,2020-05-22,49,3,5.0,nan,5.0,21,49.0,11.0
1,基隆,2020-05-23,45,3,3.0,nan,nan,10,45.0,nan
2,汐止,2020-05-23,44,4,3.0,nan,5.0,20,44.0,10.0
3,萬里,2020-05-23,64,3,1.0,nan,19.0,9,64.0,13.0
4,新店,2020-05-23,40,3,5.0,nan,5.0,19,40.0,8.0
5,土城,2020-05-23,42,3,6.0,nan,5.0,20,42.0,12.0
6,板橋,2020-05-23,31,4,7.0,nan,5.0,27,31.0,16.0
7,新莊,2020-05-23,38,3,7.0,nan,5.0,23,38.0,15.0
8,菜寮,2020-05-23,32,3,6.0,nan,5.0,32,25.0,16.0
9,林口,2020-05-23,48,4,5.0,nan,5.0,21,48.0,10.0
10,淡水,2020-05-23,44,3,5.0,nan,5.0,17,44.0,10.0
11,士林,2020-05-23,36,3,5.0,nan,5.0,23,36.0,10.0
12,中山,2020-05-23,35,1,7.0,nan,5.0,27,35.0,12.0
13,萬華,2020-05-23,31,3,6.0,nan,5.0,24,31.0,16.0
14,古亭,2020-05-23,40,16,5.0,nan,5.0,18,40.0,10.0
15,松山,2020-05-23,38,6,5.0,nan,5.0,20,38.0,13.0
16,大同,2020-05-23,47,4,17.0,nan,11.0,47,nan,27.0
17,桃園,2020-05-23,29,7,6.0,nan,5.0,20,29.0,19.0
18,大園,2020-05-23,48,6,3.0,nan,5.0,24,48.0,9.0
19,觀音,2020-05-23,45,4,2.0,nan,5.0,10,45.0,12.0
20,平鎮,2020-05-23,38,3,5.0,nan,5.0,23,38.0,22.0
21,龍潭,2020-05-23,42,4,5.0,nan,5.0,16,42.0,12.0
22,湖口,2020-05-23,46,4,3.0,nan,5.0,14,46.0,11.0
23,竹東,2020-05-23,39,4,3.0,nan,5.0,11,39.0,15.0
24,新竹,2020-05-23,41,3,5.0,nan,5.0,18,41.0,14.0
25,頭份,2020-05-23,20,3,nan,nan,5.0,15,nan,20.0
26,苗栗,2020-05-23,26,4,5.0,nan,5.0,14,26.0,18.0
27,三義,2020-05-23,34,3,2.0,nan,5.0,9,34.0,11.0
28,豐原,2020-05-23,37,1,3.0,nan,9.0,14,37.0,15.0
29,沙鹿,2020-05-23,42,3,3.0,nan,5.0,12,42.0,24.0
30,大里,2020-05-23,41,6,8.0,nan,20.0,32,35.0,41.0
31,忠明,2020-05-23,34,4,5.0,nan,9.0,25,34.0,23.0
32,西屯,2020-05-23,41,3,3.0,nan,10.0,24,41.0,19.0
33,彰化,2020-05-23,28,4,6.0,nan,12.0,21,28.0,19.0
34,線西,2020-05-23,17,9,nan,nan,11.0,17,nan,17.0
35,二林,2020-05-23,38,11,5.0,nan,20.0,15,38.0,27.0
36,南投,2020-05-23,45,3,7.0,nan,23.0,25,34.0,45.0
37,斗六,2020-05-23,57,6,6.0,nan,24.0,19,46.0,57.0
38,崙背,2020-05-23,44,6,6.0,nan,24.0,13,44.0,38.0
39,新港,2020-05-23,47,3,5.0,nan,20.0,11,46.0,47.0
40,朴子,2020-05-23,45,4,5.0,nan,19.0,11,45.0,40.0
41,臺西,2020-05-23,24,7,nan,nan,12.0,11,nan,24.0
42,嘉義,2020-05-23,52,4,6.0,nan,22.0,18,40.0,52.0
43,新營,2020-05-23,49,4,5.0,nan,20.0,14,45.0,49.0
44,善化,2020-05-23,44,4,3.0,nan,19.0,8,44.0,41.0
45,安南,2020-05-23,48,3,3.0,nan,19.0,12,48.0,45.0
46,臺南,2020-05-23,45,4,7.0,nan,20.0,20,44.0,45.0
47,美濃,2020-05-23,36,3,3.0,nan,11.0,6,36.0,18.0
48,橋頭,2020-05-23,44,4,7.0,nan,22.0,20,44.0,24.0
49,仁武,2020-05-23,46,6,6.0,nan,21.0,21,46.0,42.0
50,鳳山,2020-05-23,28,6,7.0,nan,19.0,22,nan,28.0
51,大寮,2020-05-23,47,6,6.0,nan,17.0,21,47.0,34.0
52,林園,2020-05-23,50,4,2.0,nan,30.0,11,50.0,33.0
53,楠梓,2020-05-23,44,4,6.0,nan,22.0,24,43.0,44.0
54,左營,2020-05-23,46,4,5.0,nan,19.0,36,46.0,33.0
56,前金,2020-05-23,49,4,6.0,nan,19.0,21,49.0,32.0
57,前鎮,2020-05-23,32,4,nan,nan,18.0,32,nan,28.0
58,小港,2020-05-23,43,6,5.0,nan,20.0,31,43.0,32.0
59,屏東,2020-05-23,43,3,6.0,nan,18.0,20,43.0,39.0
60,潮州,2020-05-23,44,4,3.0,nan,14.0,16,44.0,23.0
61,恆春,2020-05-23,47,1,1.0,nan,9.0,2,47.0,11.0
62,臺東,2020-05-23,36,3,3.0,nan,5.0,15,36.0,8.0
63,花蓮,2020-05-23,41,3,3.0,nan,11.0,10,41.0,10.0
64,陽明,2020-05-23,46,1,1.0,nan,5.0,1,46.0,6.0
65,宜蘭,2020-05-23,42,3,2.0,nan,5.0,8,42.0,7.0
66,冬山,2020-05-23,36,1,2.0,nan,11.0,9,36.0,8.0
67,三重,2020-05-23,44,4,18.0,nan,12.0,44,nan,32.0
68,中壢,2020-05-23,35,4,12.0,nan,5.0,35,nan,16.0
69,竹山,2020-05-23,56,4,6.0,nan,24.0,14,32.0,56.0
70,永和,2020-05-23,30,3,8.0,nan,5.0,30,nan,15.0
71,復興,2020-05-23,40,6,9.0,nan,17.0,31,nan,40.0
72,埔里,2020-05-23,38,3,5.0,nan,11.0,13,38.0,25.0
75,馬祖,2020-05-23,58,4,2.0,nan,16.0,7,58.0,34.0
77,金門,2020-05-23,84,7,3.0,nan,19.0,9,84.0,29.0
78,馬公,2020-05-23,58,1,2.0,nan,13.0,2,58.0,9.0
80,關山,2020-05-23,34,3,nan,nan,5.0,7,34.0,13.0
83,麥寮,2020-05-23,27,6,nan,nan,19.0,12,nan,27.0
84,富貴角,2020-05-23,61,1,1.0,nan,18.0,2,61.0,7.0
1,基隆,2020-05-24,43,3,2.0,nan,17,9,43.0,23
2,汐止,2020-05-24,43,6,3.0,nan,17,16,43.0,23
3,萬里,2020-05-24,47,4,2.0,nan,22,8,47.0,21
4,新店,2020-05-24,44,3,3.0,nan,12,12,44.0,17
5,土城,2020-05-24,51,4,3.0,nan,14,15,51.0,23
6,板橋,2020-05-24,41,3,5.0,nan,14,17,41.0,21
7,新莊,2020-05-24,46,4,5.0,nan,14,16,46.0,23
8,菜寮,2020-05-24,32,4,5.0,nan,13,17,32.0,22
9,林口,2020-05-24,45,4,3.0,nan,16,12,45.0,26
10,淡水,2020-05-24,42,4,5.0,nan,14,13,42.0,20
11,士林,2020-05-24,40,3,5.0,nan,12,16,40.0,18
12,中山,2020-05-24,36,3,5.0,nan,14,17,36.0,18
13,萬華,2020-05-24,37,1,3.0,nan,16,16,37.0,21
14,古亭,2020-05-24,44,3,3.0,nan,14,11,44.0,24
15,松山,2020-05-24,41,6,2.0,nan,16,14,41.0,26
16,大同,2020-05-24,36,4,9.0,nan,19,36,nan,32
17,桃園,2020-05-24,37,23,5.0,nan,17,15,37.0,33
18,大園,2020-05-24,45,6,2.0,nan,14,18,45.0,22
19,觀音,2020-05-24,44,6,2.0,nan,16,17,44.0,20
20,平鎮,2020-05-24,46,4,5.0,nan,23,18,46.0,33
21,龍潭,2020-05-24,61,4,3.0,nan,16,13,61.0,28
22,湖口,2020-05-24,51,4,3.0,nan,15,14,51.0,26
23,竹東,2020-05-24,54,4,3.0,nan,16,14,54.0,27
24,新竹,2020-05-24,61,4,3.0,nan,19,20,61.0,30
25,頭份,2020-05-24,30,7,nan,nan,19,19,nan,30
26,苗栗,2020-05-24,34,7,3.0,nan,19,17,34.0,31
27,三義,2020-05-24,43,3,3.0,nan,13,11,43.0,23
28,豐原,2020-05-24,61,4,3.0,nan,19,12,61.0,27
29,沙鹿,2020-05-24,54,4,3.0,nan,17,15,54.0,30
30,大里,2020-05-24,64,4,7.0,nan,24,23,64.0,42
31,忠明,2020-05-24,64,4,5.0,nan,19,22,64.0,34
32,西屯,2020-05-24,80,3,3.0,nan,19,21,80.0,33
33,彰化,2020-05-24,40,4,5.0,nan,20,15,40.0,24
34,線西,2020-05-24,21,7,nan,nan,20,15,nan,21
35,二林,2020-05-24,46,10,3.0,nan,26,14,46.0,24
36,南投,2020-05-24,84,7,6.0,nan,31,17,84.0,52
37,斗六,2020-05-24,87,11,5.0,nan,31,17,87.0,59
38,崙背,2020-05-24,50,7,5.0,nan,24,12,50.0,30
39,新港,2020-05-24,64,3,5.0,nan,24,8,64.0,44
40,朴子,2020-05-24,67,6,5.0,nan,23,10,67.0,41
41,臺西,2020-05-24,33,17,nan,nan,19,26,nan,33
42,嘉義,2020-05-24,54,13,6.0,nan,32,16,49.0,54
43,新營,2020-05-24,80,4,5.0,nan,34,13,80.0,62
44,善化,2020-05-24,80,4,5.0,nan,33,12,80.0,67
45,安南,2020-05-24,80,4,5.0,nan,34,13,80.0,65
46,臺南,2020-05-24,74,6,7.0,nan,33,21,74.0,62
47,美濃,2020-05-24,90,3,3.0,nan,20,5,90.0,37
48,橋頭,2020-05-24,108,4,5.0,nan,30,16,108.0,30
49,仁武,2020-05-24,122,6,5.0,nan,28,12,122.0,49
50,鳳山,2020-05-24,34,10,6.0,nan,24,19,nan,34
51,大寮,2020-05-24,67,9,2.0,nan,15,8,67.0,28
52,林園,2020-05-24,61,6,3.0,nan,19,11,61.0,21
53,楠梓,2020-05-24,115,7,5.0,nan,30,16,115.0,48
54,左營,2020-05-24,112,6,6.0,nan,31,19,112.0,50
56,前金,2020-05-24,122,6,5.0,nan,32,19,122.0,52
57,前鎮,2020-05-24,42,6,nan,nan,29,22,nan,42
58,小港,2020-05-24,84,11,3.0,nan,23,37,84.0,44
59,屏東,2020-05-24,90,9,5.0,nan,22,11,90.0,38
60,潮州,2020-05-24,61,3,3.0,nan,17,5,61.0,24
61,恆春,2020-05-24,40,1,1.0,nan,5,2,40.0,7
62,臺東,2020-05-24,40,1,3.0,nan,5,8,40.0,3
63,花蓮,2020-05-24,44,3,3.0,nan,5,8,44.0,8
64,陽明,2020-05-24,38,3,1.0,nan,5,1,38.0,11
65,宜蘭,2020-05-24,39,4,2.0,nan,14,11,39.0,14
66,冬山,2020-05-24,32,4,2.0,nan,14,8,32.0,14
67,三重,2020-05-24,33,3,11.0,nan,18,28,nan,33
68,中壢,2020-05-24,28,4,11.0,nan,16,28,nan,26
69,竹山,2020-05-24,67,4,5.0,nan,31,11,67.0,59
70,永和,2020-05-24,23,4,6.0,nan,15,15,nan,23
71,復興,2020-05-24,54,7,7.0,nan,26,23,nan,54
72,埔里,2020-05-24,64,3,3.0,nan,17,11,64.0,37
75,馬祖,2020-05-24,67,4,3.0,nan,19,11,67.0,39
77,金門,2020-05-24,67,29,5.0,nan,33,36,67.0,48
78,馬公,2020-05-24,48,1,1.0,nan,24,5,48.0,19
80,關山,2020-05-24,34,1,nan,nan,5,4,34.0,8
83,麥寮,2020-05-24,32,10,nan,nan,27,12,nan,32
84,富貴角,2020-05-24,44,1,1.0,nan,24,3,44.0,15
84,富貴角,2020-05-25,41,1,1.0,nan,19,3,41.0,14
1,基隆,2020-05-25,35,3,3.0,nan,17,18,35.0,18
2,汐止,2020-05-25,39,6,3.0,nan,19,24,39.0,33
3,萬里,2020-05-25,40,7,2.0,nan,19,8,40.0,26
4,新店,2020-05-25,44,4,6.0,nan,18,25,44.0,27
5,土城,2020-05-25,46,4,6.0,nan,22,27,46.0,38
6,板橋,2020-05-25,33,4,7.0,nan,20,30,32.0,33
7,新莊,2020-05-25,48,4,7.0,nan,21,27,48.0,38
8,菜寮,2020-05-25,38,4,7.0,nan,21,25,37.0,38
9,林口,2020-05-25,61,7,5.0,nan,22,29,61.0,38
10,淡水,2020-05-25,33,4,3.0,nan,19,16,33.0,28
11,士林,2020-05-25,58,3,3.0,nan,19,15,58.0,36
12,中山,2020-05-25,35,6,7.0,nan,21,29,35.0,34
13,萬華,2020-05-25,39,4,6.0,nan,23,31,36.0,39
14,古亭,2020-05-25,46,3,6.0,nan,20,25,46.0,31
15,松山,2020-05-25,38,7,6.0,nan,21,25,38.0,33
16,大同,2020-05-25,45,7,15.0,nan,24,40,nan,45
17,桃園,2020-05-25,43,13,6.0,nan,22,25,39.0,43
18,大園,2020-05-25,47,9,3.0,nan,20,25,47.0,32
19,觀音,2020-05-25,38,7,3.0,nan,20,22,38.0,29
20,平鎮,2020-05-25,47,4,6.0,nan,26,26,47.0,42
21,龍潭,2020-05-25,54,4,5.0,nan,24,24,54.0,43
22,湖口,2020-05-25,61,4,3.0,nan,21,23,61.0,38
23,竹東,2020-05-25,61,4,3.0,nan,26,12,61.0,44
24,新竹,2020-05-25,54,6,5.0,nan,22,20,54.0,39
25,頭份,2020-05-25,42,6,nan,nan,25,25,nan,42
26,苗栗,2020-05-25,35,4,3.0,nan,23,15,35.0,33
27,三義,2020-05-25,48,4,2.0,nan,22,11,48.0,41
28,豐原,2020-05-25,74,4,3.0,nan,24,15,74.0,41
29,沙鹿,2020-05-25,47,11,5.0,nan,25,25,47.0,47
30,大里,2020-05-25,50,9,6.0,nan,28,21,50.0,46
31,忠明,2020-05-25,45,9,5.0,nan,25,21,45.0,44
32,西屯,2020-05-25,54,10,3.0,nan,28,22,54.0,45
33,彰化,2020-05-25,39,7,3.0,nan,27,11,36.0,39
34,線西,2020-05-25,40,3,nan,nan,31,18,nan,40
35,二林,2020-05-25,42,6,2.0,nan,30,8,42.0,37
36,南投,2020-05-25,61,6,5.0,nan,26,11,61.0,40
37,斗六,2020-05-25,84,7,3.0,nan,28,18,84.0,44
38,崙背,2020-05-25,54,4,2.0,nan,24,9,54.0,30
39,新港,2020-05-25,45,1,2.0,nan,21,9,45.0,30
40,朴子,2020-05-25,45,3,2.0,nan,20,8,45.0,26
41,臺西,2020-05-25,38,10,nan,nan,19,16,nan,38
42,嘉義,2020-05-25,44,10,3.0,nan,25,13,44.0,29
43,新營,2020-05-25,48,4,3.0,nan,23,10,48.0,37
44,善化,2020-05-25,47,3,2.0,nan,20,18,47.0,34
45,安南,2020-05-25,45,6,3.0,nan,23,20,45.0,34
46,臺南,2020-05-25,45,3,3.0,nan,19,18,45.0,32
47,美濃,2020-05-25,46,4,2.0,nan,18,8,46.0,25
48,橋頭,2020-05-25,49,3,5.0,nan,20,19,49.0,19
49,仁武,2020-05-25,45,4,5.0,nan,17,27,45.0,27
50,鳳山,2020-05-25,32,7,7.0,nan,17,32,nan,19
51,大寮,2020-05-25,41,4,3.0,nan,20,17,41.0,32
52,林園,2020-05-25,48,4,2.0,nan,19,14,48.0,24
53,楠梓,2020-05-25,47,4,5.0,nan,19,31,47.0,28
54,左營,2020-05-25,45,4,3.0,nan,16,32,45.0,19
56,前金,2020-05-25,48,6,3.0,nan,15,17,48.0,27
57,前鎮,2020-05-25,24,4,nan,nan,15,22,nan,24
58,小港,2020-05-25,43,6,3.0,nan,15,29,43.0,26
59,屏東,2020-05-25,64,6,5.0,nan,23,23,64.0,34
60,潮州,2020-05-25,54,9,5.0,nan,21,20,54.0,23
61,恆春,2020-05-25,42,1,1.0,nan,5,2,42.0,12
62,臺東,2020-05-25,35,1,3.0,nan,5,8,35.0,3
63,花蓮,2020-05-25,37,3,3.0,nan,12,15,37.0,10
64,陽明,2020-05-25,44,3,3.0,nan,12,7,44.0,35
65,宜蘭,2020-05-25,37,4,3.0,nan,14,9,37.0,16
66,冬山,2020-05-25,29,6,3.0,nan,17,28,29.0,19
67,三重,2020-05-25,53,6,14.0,nan,23,40,nan,53
68,中壢,2020-05-25,39,6,16.0,nan,21,32,nan,39
69,竹山,2020-05-25,61,6,3.0,nan,30,10,61.0,47
70,永和,2020-05-25,35,3,12.0,nan,20,27,nan,35
71,復興,2020-05-25,31,4,6.0,nan,14,22,nan,31
72,埔里,2020-05-25,45,4,3.0,nan,18,11,45.0,34
75,馬祖,2020-05-25,50,4,2.0,nan,20,8,50.0,47
77,金門,2020-05-25,46,6,2.0,nan,21,8,46.0,35
78,馬公,2020-05-25,48,4,nan,nan,19,7,48.0,18
80,關山,2020-05-25,30,1,nan,nan,5,4,30.0,11
83,麥寮,2020-05-25,35,7,nan,nan,27,12,nan,35
84,富貴角,2020-05-26,39,1,2.0,nan,21.0,8,39.0,25.0
2,汐止,2020-05-26,34,6,8.0,nan,23.0,27,34.0,34.0
3,萬里,2020-05-26,39,9,3.0,nan,16.0,12,39.0,24.0
4,新店,2020-05-26,43,3,5.0,nan,17.0,15,43.0,22.0
5,土城,2020-05-26,42,6,6.0,nan,22.0,22,42.0,32.0
6,板橋,2020-05-26,36,6,6.0,nan,18.0,17,36.0,25.0
7,新莊,2020-05-26,42,6,6.0,nan,19.0,20,42.0,31.0
8,菜寮,2020-05-26,31,10,6.0,nan,19.0,24,28.0,31.0
9,林口,2020-05-26,36,7,3.0,nan,19.0,16,36.0,35.0
10,淡水,2020-05-26,34,4,3.0,nan,15.0,16,34.0,24.0
11,士林,2020-05-26,39,6,5.0,nan,18.0,19,39.0,28.0
12,中山,2020-05-26,33,9,12.0,nan,23.0,33,30.0,31.0
13,萬華,2020-05-26,35,6,8.0,nan,20.0,24,35.0,24.0
14,古亭,2020-05-26,44,4,6.0,nan,19.0,19,44.0,28.0
15,松山,2020-05-26,37,7,8.0,nan,21.0,28,37.0,35.0
16,大同,2020-05-26,41,7,23.0,nan,22.0,41,nan,38.0
17,桃園,2020-05-26,39,10,5.0,nan,19.0,19,27.0,39.0
18,大園,2020-05-26,39,6,3.0,nan,18.0,15,39.0,32.0
19,觀音,2020-05-26,36,6,3.0,nan,18.0,21,36.0,28.0
20,平鎮,2020-05-26,33,4,3.0,nan,22.0,15,31.0,33.0
21,龍潭,2020-05-26,39,6,3.0,nan,18.0,13,39.0,30.0
22,湖口,2020-05-26,35,6,3.0,nan,18.0,18,35.0,31.0
23,竹東,2020-05-26,33,4,3.0,nan,19.0,5,33.0,26.0
24,新竹,2020-05-26,32,4,3.0,nan,19.0,14,32.0,29.0
25,頭份,2020-05-26,30,6,nan,nan,18.0,15,nan,30.0
26,苗栗,2020-05-26,24,4,3.0,nan,16.0,9,22.0,24.0
27,三義,2020-05-26,27,4,2.0,nan,15.0,10,27.0,26.0
28,豐原,2020-05-26,31,3,3.0,nan,17.0,13,31.0,23.0
29,沙鹿,2020-05-26,28,7,3.0,nan,16.0,20,27.0,28.0
30,大里,2020-05-26,31,6,5.0,nan,19.0,15,22.0,31.0
31,忠明,2020-05-26,29,6,6.0,nan,18.0,21,24.0,29.0
32,西屯,2020-05-26,32,4,5.0,nan,19.0,22,29.0,32.0
33,彰化,2020-05-26,22,7,3.0,nan,19.0,11,19.0,22.0
34,線西,2020-05-26,30,4,nan,nan,19.0,9,nan,30.0
35,二林,2020-05-26,26,7,3.0,nan,19.0,10,21.0,26.0
36,南投,2020-05-26,29,4,3.0,nan,20.0,13,29.0,20.0
37,斗六,2020-05-26,29,7,3.0,nan,18.0,13,29.0,26.0
38,崙背,2020-05-26,25,6,3.0,nan,19.0,8,25.0,22.0
39,新港,2020-05-26,29,3,3.0,nan,18.0,9,29.0,22.0
40,朴子,2020-05-26,24,3,3.0,nan,19.0,9,24.0,24.0
41,臺西,2020-05-26,24,3,nan,nan,13.0,9,nan,24.0
42,嘉義,2020-05-26,24,3,3.0,nan,15.0,9,24.0,17.0
43,新營,2020-05-26,27,23,3.0,nan,17.0,13,23.0,27.0
44,善化,2020-05-26,25,4,3.0,nan,13.0,12,25.0,19.0
45,安南,2020-05-26,26,3,3.0,nan,14.0,18,25.0,26.0
46,臺南,2020-05-26,24,3,3.0,nan,14.0,11,24.0,23.0
47,美濃,2020-05-26,28,3,3.0,nan,19.0,8,28.0,26.0
48,橋頭,2020-05-26,26,4,5.0,nan,16.0,20,26.0,11.0
49,仁武,2020-05-26,24,6,5.0,nan,14.0,22,23.0,24.0
1,基隆,2020-05-26,32,6,6.0,nan,20.0,28,32.0,30.0
50,鳳山,2020-05-26,19,4,6.0,nan,14.0,19,nan,14.0
51,大寮,2020-05-26,25,10,3.0,nan,17.0,13,24.0,25.0
52,林園,2020-05-26,31,3,2.0,nan,19.0,12,31.0,20.0
53,楠梓,2020-05-26,27,9,5.0,nan,17.0,27,23.0,22.0
54,左營,2020-05-26,31,4,5.0,nan,12.0,31,26.0,13.0
56,前金,2020-05-26,26,4,3.0,nan,nan,18,26.0,nan
57,前鎮,2020-05-26,23,11,nan,nan,14.0,23,nan,17.0
58,小港,2020-05-26,21,11,3.0,nan,17.0,21,20.0,20.0
59,屏東,2020-05-26,27,3,5.0,nan,18.0,16,27.0,27.0
60,潮州,2020-05-26,26,3,2.0,nan,17.0,8,26.0,19.0
61,恆春,2020-05-26,31,1,1.0,nan,10.0,1,31.0,15.0
62,臺東,2020-05-26,31,1,5.0,nan,14.0,7,31.0,8.0
63,花蓮,2020-05-26,33,6,5.0,nan,15.0,20,33.0,17.0
64,陽明,2020-05-26,36,3,3.0,nan,12.0,8,36.0,34.0
65,宜蘭,2020-05-26,35,3,5.0,nan,13.0,16,35.0,16.0
66,冬山,2020-05-26,31,4,3.0,nan,18.0,15,31.0,21.0
67,三重,2020-05-26,48,11,22.0,nan,24.0,48,nan,45.0
68,中壢,2020-05-26,31,6,14.0,nan,19.0,30,nan,31.0
69,竹山,2020-05-26,30,6,3.0,nan,22.0,10,27.0,30.0
70,永和,2020-05-26,35,6,15.0,nan,18.0,35,nan,31.0
71,復興,2020-05-26,28,14,6.0,nan,13.0,28,nan,25.0
72,埔里,2020-05-26,29,4,3.0,nan,18.0,14,23.0,29.0
75,馬祖,2020-05-26,53,3,2.0,nan,25.0,13,42.0,53.0
77,金門,2020-05-26,34,4,1.0,nan,19.0,8,34.0,30.0
78,馬公,2020-05-26,35,4,nan,nan,16.0,6,35.0,11.0
80,關山,2020-05-26,25,1,nan,nan,11.0,3,25.0,18.0
83,麥寮,2020-05-26,20,3,nan,nan,18.0,11,nan,20.0
32,西屯,2020-05-27,31,4,6.0,nan,13.0,27,31.0,18.0
31,忠明,2020-05-27,29,3,7.0,nan,11.0,27,29.0,20.0
30,大里,2020-05-27,25,6,8.0,nan,16.0,25,23.0,19.0
29,沙鹿,2020-05-27,42,4,5.0,nan,nan,24,42.0,31.0
28,豐原,2020-05-27,32,3,3.0,nan,15.0,12,32.0,13.0
27,三義,2020-05-27,27,3,3.0,nan,14.0,15,27.0,23.0
26,苗栗,2020-05-27,26,7,5.0,nan,19.0,20,19.0,26.0
25,頭份,2020-05-27,25,6,nan,nan,15.0,20,nan,25.0
24,新竹,2020-05-27,31,4,3.0,nan,11.0,21,31.0,17.0
23,竹東,2020-05-27,26,4,3.0,nan,16.0,17,26.0,21.0
22,湖口,2020-05-27,36,3,3.0,nan,9.0,17,36.0,18.0
21,龍潭,2020-05-27,31,6,5.0,nan,13.0,22,31.0,21.0
20,平鎮,2020-05-27,27,4,6.0,nan,13.0,27,26.0,24.0
19,觀音,2020-05-27,35,7,3.0,nan,13.0,21,35.0,17.0
18,大園,2020-05-27,30,9,3.0,nan,11.0,26,30.0,19.0
17,桃園,2020-05-27,24,10,6.0,nan,12.0,22,21.0,24.0
16,大同,2020-05-27,38,4,11.0,nan,17.0,38,nan,29.0
15,松山,2020-05-27,30,4,3.0,nan,12.0,25,30.0,24.0
14,古亭,2020-05-27,32,3,3.0,nan,10.0,20,32.0,16.0
13,萬華,2020-05-27,29,4,5.0,nan,13.0,27,29.0,16.0
12,中山,2020-05-27,30,3,7.0,nan,11.0,30,24.0,16.0
11,士林,2020-05-27,27,3,3.0,nan,5.0,23,27.0,14.0
10,淡水,2020-05-27,24,4,5.0,nan,12.0,21,24.0,16.0
9,林口,2020-05-27,26,3,3.0,nan,11.0,24,26.0,22.0
8,菜寮,2020-05-27,25,4,5.0,nan,10.0,20,25.0,18.0
7,新莊,2020-05-27,32,4,6.0,nan,11.0,24,32.0,19.0
6,板橋,2020-05-27,27,4,6.0,nan,10.0,25,27.0,15.0
5,土城,2020-05-27,36,3,3.0,nan,11.0,16,36.0,12.0
4,新店,2020-05-27,31,4,5.0,nan,11.0,17,31.0,14.0
3,萬里,2020-05-27,45,7,2.0,nan,17.0,14,45.0,14.0
2,汐止,2020-05-27,32,6,3.0,nan,14.0,25,32.0,19.0
1,基隆,2020-05-27,38,3,3.0,nan,15.0,14,38.0,19.0
84,富貴角,2020-05-27,43,1,1.0,nan,19.0,5,43.0,11.0
83,麥寮,2020-05-27,15,3,nan,nan,9.0,11,nan,15.0
80,關山,2020-05-27,29,1,nan,nan,9.0,5,29.0,16.0
78,馬公,2020-05-27,45,3,1.0,nan,19.0,5,45.0,13.0
77,金門,2020-05-27,46,17,3.0,nan,30.0,26,46.0,43.0
75,馬祖,2020-05-27,74,3,2.0,nan,19.0,7,74.0,38.0
72,埔里,2020-05-27,28,4,3.0,nan,14.0,15,28.0,14.0
71,復興,2020-05-27,49,13,7.0,nan,13.0,49,nan,27.0
70,永和,2020-05-27,18,4,7.0,nan,11.0,18,nan,16.0
69,竹山,2020-05-27,31,4,3.0,nan,17.0,12,31.0,17.0
68,中壢,2020-05-27,36,3,12.0,nan,13.0,36,nan,20.0
67,三重,2020-05-27,30,6,12.0,nan,12.0,30,nan,27.0
66,冬山,2020-05-27,30,3,2.0,nan,14.0,10,30.0,15.0
65,宜蘭,2020-05-27,34,3,3.0,nan,12.0,6,34.0,15.0
64,陽明,2020-05-27,35,3,2.0,nan,5.0,4,35.0,9.0
63,花蓮,2020-05-27,35,3,3.0,nan,14.0,9,35.0,18.0
62,臺東,2020-05-27,35,1,5.0,nan,12.0,13,35.0,11.0
61,恆春,2020-05-27,44,1,1.0,nan,9.0,2,44.0,15.0
60,潮州,2020-05-27,38,3,3.0,nan,11.0,8,38.0,13.0
59,屏東,2020-05-27,37,7,7.0,nan,14.0,26,37.0,22.0
58,小港,2020-05-27,41,23,8.0,nan,16.0,41,31.0,30.0
57,前鎮,2020-05-27,49,9,nan,nan,14.0,49,nan,22.0
56,前金,2020-05-27,32,9,6.0,nan,nan,32,31.0,nan
54,左營,2020-05-27,44,7,7.0,nan,15.0,44,31.0,19.0
53,楠梓,2020-05-27,45,10,8.0,nan,19.0,45,30.0,32.0
52,林園,2020-05-27,47,3,2.0,nan,12.0,19,47.0,15.0
51,大寮,2020-05-27,37,7,3.0,nan,14.0,17,37.0,19.0
50,鳳山,2020-05-27,43,9,9.0,nan,16.0,43,nan,17.0
49,仁武,2020-05-27,40,9,8.0,nan,15.0,40,37.0,31.0
48,橋頭,2020-05-27,37,9,6.0,nan,15.0,33,37.0,15.0
47,美濃,2020-05-27,41,3,2.0,nan,9.0,5,41.0,13.0
46,臺南,2020-05-27,43,9,5.0,nan,14.0,17,43.0,25.0
45,安南,2020-05-27,46,6,5.0,nan,16.0,17,46.0,29.0
44,善化,2020-05-27,46,4,3.0,nan,11.0,14,46.0,17.0
43,新營,2020-05-27,44,3,3.0,nan,12.0,13,44.0,17.0
42,嘉義,2020-05-27,33,4,5.0,nan,11.0,16,33.0,11.0
41,臺西,2020-05-27,19,4,nan,nan,9.0,8,nan,19.0
40,朴子,2020-05-27,49,7,3.0,nan,13.0,9,49.0,17.0
39,新港,2020-05-27,41,4,3.0,nan,11.0,10,41.0,14.0
38,崙背,2020-05-27,37,3,3.0,nan,9.0,9,37.0,13.0
37,斗六,2020-05-27,36,4,3.0,nan,14.0,20,36.0,19.0
36,南投,2020-05-27,30,3,5.0,nan,16.0,14,30.0,11.0
35,二林,2020-05-27,31,7,3.0,nan,15.0,10,31.0,19.0
34,線西,2020-05-27,26,14,nan,nan,19.0,25,nan,26.0
33,彰化,2020-05-27,28,6,7.0,nan,16.0,28,25.0,20.0
29,沙鹿,2020-05-28,48,3,6.0,nan,20,22,36.0,48
84,富貴角,2020-05-28,46,1,2.0,nan,10,2,46.0,10
83,麥寮,2020-05-28,46,4,nan,nan,25,12,nan,46
80,關山,2020-05-28,28,1,nan,nan,5,6,28.0,9
78,馬公,2020-05-28,50,3,2.0,nan,15,7,50.0,12
77,金門,2020-05-28,84,6,3.0,nan,29,12,84.0,57
75,馬祖,2020-05-28,87,1,2.0,nan,25,8,87.0,59
72,埔里,2020-05-28,31,3,3.0,nan,5,15,31.0,16
71,復興,2020-05-28,25,6,6.0,nan,13,25,nan,25
70,永和,2020-05-28,33,4,9.0,nan,5,33,nan,14
69,竹山,2020-05-28,39,4,2.0,nan,18,8,39.0,26
68,中壢,2020-05-28,43,4,16.0,nan,11,43,nan,29
67,三重,2020-05-28,42,4,16.0,nan,9,42,nan,30
66,冬山,2020-05-28,31,3,3.0,nan,10,8,31.0,11
65,宜蘭,2020-05-28,32,4,5.0,nan,5,14,32.0,6
64,陽明,2020-05-28,33,3,2.0,nan,5,8,33.0,7
63,花蓮,2020-05-28,37,3,5.0,nan,5,21,37.0,8
62,臺東,2020-05-28,32,1,5.0,nan,5,12,32.0,6
61,恆春,2020-05-28,32,1,1.0,nan,13,1,32.0,18
60,潮州,2020-05-28,32,3,2.0,nan,19,8,32.0,19
59,屏東,2020-05-28,35,6,5.0,nan,17,18,35.0,28
58,小港,2020-05-28,29,9,3.0,nan,15,29,28.0,25
57,前鎮,2020-05-28,24,6,nan,nan,14,24,nan,18
56,前金,2020-05-28,34,7,6.0,nan,13,22,34.0,24
54,左營,2020-05-28,31,4,5.0,nan,14,22,31.0,15
53,楠梓,2020-05-28,33,9,3.0,nan,14,28,33.0,23
52,林園,2020-05-28,33,4,2.0,nan,15,20,33.0,21
51,大寮,2020-05-28,29,9,3.0,nan,16,19,29.0,21
50,鳳山,2020-05-28,25,10,7.0,nan,16,25,nan,16
49,仁武,2020-05-28,33,6,5.0,nan,16,22,33.0,27
48,橋頭,2020-05-28,33,6,5.0,nan,14,25,33.0,16
47,美濃,2020-05-28,33,3,3.0,nan,19,8,33.0,26
46,臺南,2020-05-28,39,4,3.0,nan,17,22,39.0,31
45,安南,2020-05-28,39,6,6.0,nan,19,21,39.0,38
44,善化,2020-05-28,36,4,2.0,nan,17,9,36.0,27
43,新營,2020-05-28,37,6,3.0,nan,19,12,37.0,35
42,嘉義,2020-05-28,34,3,3.0,nan,19,10,34.0,25
41,臺西,2020-05-28,54,9,nan,nan,20,13,nan,54
40,朴子,2020-05-28,43,4,3.0,nan,19,9,43.0,38
39,新港,2020-05-28,45,4,3.0,nan,19,12,45.0,35
38,崙背,2020-05-28,44,3,5.0,nan,24,12,44.0,40
37,斗六,2020-05-28,48,4,3.0,nan,19,14,48.0,35
36,南投,2020-05-28,35,3,3.0,nan,11,12,35.0,12
35,二林,2020-05-28,47,9,5.0,nan,29,17,39.0,47
34,線西,2020-05-28,44,10,nan,nan,25,25,nan,44
33,彰化,2020-05-28,36,4,6.0,nan,20,23,35.0,36
32,西屯,2020-05-28,38,4,6.0,nan,19,25,27.0,38
31,忠明,2020-05-28,38,4,6.0,nan,18,26,28.0,38
30,大里,2020-05-28,30,4,6.0,nan,14,28,30.0,25
28,豐原,2020-05-28,44,7,24.0,nan,27,22,29.0,44
27,三義,2020-05-28,28,3,3.0,nan,13,13,28.0,22
26,苗栗,2020-05-28,31,4,6.0,nan,13,24,17.0,31
25,頭份,2020-05-28,33,7,nan,nan,12,33,nan,33
24,新竹,2020-05-28,32,4,6.0,nan,13,32,22.0,29
23,竹東,2020-05-28,29,6,7.0,nan,5,29,16.0,21
22,湖口,2020-05-28,35,4,5.0,nan,12,27,29.0,35
21,龍潭,2020-05-28,36,6,7.0,nan,5,36,23.0,21
20,平鎮,2020-05-28,42,4,8.0,nan,13,42,22.0,31
19,觀音,2020-05-28,37,7,5.0,nan,14,25,37.0,29
18,大園,2020-05-28,36,9,5.0,nan,10,36,31.0,26
17,桃園,2020-05-28,35,14,8.0,nan,5,35,20.0,26
16,大同,2020-05-28,43,6,18.0,nan,16,43,nan,33
15,松山,2020-05-28,39,6,6.0,nan,5,39,26.0,26
14,古亭,2020-05-28,33,3,6.0,nan,5,33,30.0,17
13,萬華,2020-05-28,38,4,6.0,nan,5,38,28.0,14
12,中山,2020-05-28,38,6,8.0,nan,5,38,27.0,18
11,士林,2020-05-28,30,4,6.0,nan,5,30,27.0,14
10,淡水,2020-05-28,31,4,6.0,nan,13,31,20.0,21
9,林口,2020-05-28,36,1,5.0,nan,9,36,34.0,22
8,菜寮,2020-05-28,33,4,8.0,nan,5,33,22.0,21
7,新莊,2020-05-28,42,4,8.0,nan,5,42,29.0,23
6,板橋,2020-05-28,39,4,8.0,nan,5,39,26.0,16
5,土城,2020-05-28,32,3,7.0,nan,5,32,28.0,13
4,新店,2020-05-28,27,3,6.0,nan,5,27,24.0,11
3,萬里,2020-05-28,44,3,3.0,nan,9,14,44.0,17
2,汐止,2020-05-28,29,6,5.0,nan,5,29,25.0,19
1,基隆,2020-05-28,37,1,3.0,nan,12,17,37.0,13
84,富貴角,2020-05-29,42,1,2.0,nan,15.0,8,42.0,13.0
83,麥寮,2020-05-29,42,4,nan,nan,25.0,11,nan,42.0
80,關山,2020-05-29,28,1,nan,nan,9.0,6,28.0,16.0
78,馬公,2020-05-29,54,3,3.0,nan,18.0,5,54.0,20.0
77,金門,2020-05-29,66,7,5.0,nan,35.0,16,51.0,66.0
75,馬祖,2020-05-29,64,4,3.0,nan,30.0,10,61.0,64.0
72,埔里,2020-05-29,37,6,3.0,nan,18.0,14,37.0,32.0
71,復興,2020-05-29,30,9,5.0,nan,15.0,26,nan,30.0
70,永和,2020-05-29,36,4,19.0,nan,13.0,36,nan,29.0
69,竹山,2020-05-29,35,6,3.0,nan,19.0,8,35.0,22.0
68,中壢,2020-05-29,44,4,24.0,nan,21.0,38,nan,44.0
67,三重,2020-05-29,55,6,23.0,nan,21.0,53,nan,55.0
66,冬山,2020-05-29,27,4,3.0,nan,14.0,18,27.0,16.0
65,宜蘭,2020-05-29,37,4,3.0,nan,9.0,10,37.0,8.0
64,陽明,2020-05-29,37,3,3.0,nan,10.0,3,37.0,24.0
63,花蓮,2020-05-29,36,4,3.0,nan,13.0,15,36.0,18.0
62,臺東,2020-05-29,34,3,5.0,nan,9.0,10,34.0,3.0
61,恆春,2020-05-29,33,1,1.0,nan,10.0,1,33.0,16.0
60,潮州,2020-05-29,28,1,1.0,nan,22.0,5,28.0,20.0
59,屏東,2020-05-29,31,4,5.0,nan,21.0,15,31.0,27.0
58,小港,2020-05-29,27,13,3.0,nan,19.0,26,19.0,27.0
57,前鎮,2020-05-29,24,9,nan,nan,17.0,24,nan,19.0
56,前金,2020-05-29,25,9,5.0,nan,17.0,24,21.0,25.0
54,左營,2020-05-29,23,7,5.0,nan,17.0,21,23.0,18.0
53,楠梓,2020-05-29,30,13,6.0,nan,22.0,25,25.0,30.0
52,林園,2020-05-29,30,4,2.0,nan,17.0,17,30.0,19.0
51,大寮,2020-05-29,25,3,2.0,nan,18.0,9,25.0,23.0
50,鳳山,2020-05-29,23,6,7.0,nan,19.0,23,nan,15.0
49,仁武,2020-05-29,34,10,5.0,nan,20.0,20,19.0,34.0
48,橋頭,2020-05-29,27,6,5.0,nan,19.0,21,27.0,21.0
47,美濃,2020-05-29,38,3,2.0,nan,27.0,6,38.0,27.0
46,臺南,2020-05-29,30,9,3.0,nan,17.0,18,25.0,30.0
45,安南,2020-05-29,30,6,3.0,nan,19.0,17,27.0,30.0
44,善化,2020-05-29,28,4,2.0,nan,19.0,13,28.0,20.0
43,新營,2020-05-29,31,6,3.0,nan,19.0,11,31.0,25.0
42,嘉義,2020-05-29,32,3,3.0,nan,19.0,16,32.0,25.0
41,臺西,2020-05-29,43,7,nan,nan,17.0,13,nan,43.0
40,朴子,2020-05-29,31,3,3.0,nan,19.0,11,31.0,24.0
39,新港,2020-05-29,35,3,3.0,nan,17.0,12,35.0,26.0
38,崙背,2020-05-29,35,3,5.0,nan,21.0,9,35.0,31.0
37,斗六,2020-05-29,39,4,3.0,nan,19.0,8,39.0,24.0
36,南投,2020-05-29,41,3,5.0,nan,19.0,11,41.0,19.0
35,二林,2020-05-29,43,9,5.0,nan,26.0,18,38.0,43.0
34,線西,2020-05-29,41,10,nan,nan,25.0,23,nan,41.0
33,彰化,2020-05-29,46,6,5.0,nan,22.0,19,46.0,31.0
32,西屯,2020-05-29,44,7,5.0,nan,18.0,35,44.0,30.0
31,忠明,2020-05-29,39,6,5.0,nan,18.0,30,39.0,38.0
30,大里,2020-05-29,41,6,6.0,nan,21.0,25,41.0,37.0
29,沙鹿,2020-05-29,54,6,6.0,nan,24.0,30,43.0,54.0
28,豐原,2020-05-29,48,1,3.0,nan,26.0,15,48.0,43.0
27,三義,2020-05-29,42,3,2.0,nan,21.0,10,42.0,34.0
26,苗栗,2020-05-29,49,6,6.0,nan,23.0,23,31.0,49.0
25,頭份,2020-05-29,50,7,nan,nan,22.0,28,nan,50.0
24,新竹,2020-05-29,48,4,7.0,nan,19.0,25,48.0,39.0
23,竹東,2020-05-29,49,4,6.0,nan,25.0,14,46.0,49.0
22,湖口,2020-05-29,58,6,6.0,nan,19.0,20,58.0,47.0
21,龍潭,2020-05-29,48,6,6.0,nan,20.0,23,48.0,47.0
20,平鎮,2020-05-29,46,6,7.0,nan,nan,25,46.0,nan
19,觀音,2020-05-29,44,11,6.0,nan,20.0,24,44.0,41.0
18,大園,2020-05-29,45,9,7.0,nan,19.0,27,45.0,37.0
17,桃園,2020-05-29,53,30,10.0,nan,20.0,39,34.0,53.0
16,大同,2020-05-29,49,6,23.0,nan,21.0,48,nan,49.0
15,松山,2020-05-29,39,10,11.0,nan,17.0,39,38.0,39.0
14,古亭,2020-05-29,48,6,9.0,nan,13.0,38,48.0,30.0
13,萬華,2020-05-29,42,9,12.0,nan,18.0,42,41.0,35.0
12,中山,2020-05-29,45,10,16.0,nan,20.0,45,34.0,34.0
11,士林,2020-05-29,42,4,8.0,nan,19.0,33,42.0,37.0
10,淡水,2020-05-29,38,4,9.0,nan,19.0,35,38.0,30.0
9,林口,2020-05-29,43,4,6.0,nan,14.0,33,43.0,31.0
8,菜寮,2020-05-29,44,4,14.0,nan,18.0,44,31.0,40.0
7,新莊,2020-05-29,42,4,14.0,nan,19.0,42,39.0,36.0
6,板橋,2020-05-29,44,6,15.0,nan,15.0,40,44.0,35.0
5,土城,2020-05-29,74,4,8.0,nan,17.0,34,74.0,34.0
4,新店,2020-05-29,61,4,7.0,nan,10.0,33,61.0,20.0
3,萬里,2020-05-29,42,6,2.0,nan,12.0,8,42.0,20.0
2,汐止,2020-05-29,36,7,8.0,nan,18.0,36,31.0,31.0
1,基隆,2020-05-29,33,3,6.0,nan,17.0,22,33.0,22.0
21,龍潭,2020-05-30,39,3,3.0,nan,17.0,14,39.0,27.0
83,麥寮,2020-05-30,20,3,nan,nan,18.0,8,nan,20.0
80,關山,2020-05-30,21,3,nan,nan,15.0,4,20.0,21.0
78,馬公,2020-05-30,22,6,2.0,nan,11.0,8,22.0,16.0
77,金門,2020-05-30,51,4,3.0,nan,30.0,16,32.0,51.0
75,馬祖,2020-05-30,56,3,2.0,nan,27.0,16,42.0,56.0
72,埔里,2020-05-30,28,4,3.0,nan,16.0,10,27.0,28.0
71,復興,2020-05-30,24,14,5.0,nan,14.0,20,nan,24.0
70,永和,2020-05-30,36,4,12.0,nan,19.0,34,nan,36.0
69,竹山,2020-05-30,29,4,2.0,nan,19.0,8,29.0,20.0
68,中壢,2020-05-30,29,4,11.0,nan,21.0,24,nan,29.0
67,三重,2020-05-30,48,6,18.0,nan,23.0,40,nan,48.0
66,冬山,2020-05-30,32,4,5.0,nan,20.0,11,32.0,24.0
65,宜蘭,2020-05-30,37,4,3.0,nan,15.0,8,37.0,20.0
64,陽明,2020-05-30,34,3,2.0,nan,10.0,3,34.0,29.0
63,花蓮,2020-05-30,28,3,3.0,nan,16.0,12,28.0,16.0
62,臺東,2020-05-30,24,3,3.0,nan,18.0,7,24.0,12.0
61,恆春,2020-05-30,24,1,1.0,nan,5.0,1,24.0,15.0
60,潮州,2020-05-30,31,9,3.0,nan,19.0,9,31.0,23.0
59,屏東,2020-05-30,35,9,3.0,nan,19.0,14,35.0,23.0
58,小港,2020-05-30,21,7,3.0,nan,16.0,21,21.0,21.0
57,前鎮,2020-05-30,21,9,nan,nan,14.0,21,nan,16.0
56,前金,2020-05-30,26,14,3.0,nan,14.0,19,26.0,23.0
54,左營,2020-05-30,24,7,3.0,nan,14.0,14,24.0,15.0
53,楠梓,2020-05-30,26,10,3.0,nan,16.0,16,26.0,19.0
52,林園,2020-05-30,24,3,1.0,nan,18.0,11,24.0,16.0
51,大寮,2020-05-30,19,7,2.0,nan,nan,18,19.0,nan
50,鳳山,2020-05-30,18,6,5.0,nan,15.0,18,nan,11.0
49,仁武,2020-05-30,27,7,3.0,nan,16.0,15,27.0,24.0
48,橋頭,2020-05-30,27,7,3.0,nan,15.0,13,27.0,16.0
47,美濃,2020-05-30,31,6,2.0,nan,21.0,5,31.0,22.0
46,臺南,2020-05-30,24,7,2.0,nan,14.0,18,24.0,23.0
45,安南,2020-05-30,26,7,2.0,nan,16.0,16,26.0,25.0
44,善化,2020-05-30,25,9,2.0,nan,15.0,10,25.0,18.0
43,新營,2020-05-30,22,3,3.0,nan,19.0,15,22.0,19.0
42,嘉義,2020-05-30,21,3,2.0,nan,19.0,11,21.0,14.0
41,臺西,2020-05-30,20,3,nan,nan,13.0,7,nan,20.0
40,朴子,2020-05-30,22,3,2.0,nan,20.0,9,22.0,19.0
39,新港,2020-05-30,24,3,2.0,nan,19.0,10,24.0,18.0
38,崙背,2020-05-30,25,4,2.0,nan,16.0,9,25.0,17.0
37,斗六,2020-05-30,28,4,3.0,nan,21.0,15,28.0,20.0
36,南投,2020-05-30,31,4,3.0,nan,19.0,8,31.0,16.0
35,二林,2020-05-30,17,6,2.0,nan,17.0,6,16.0,14.0
34,線西,2020-05-30,16,4,nan,nan,16.0,8,nan,14.0
33,彰化,2020-05-30,26,11,2.0,nan,14.0,8,26.0,12.0
32,西屯,2020-05-30,30,3,2.0,nan,15.0,11,30.0,17.0
31,忠明,2020-05-30,26,3,3.0,nan,16.0,11,26.0,22.0
30,大里,2020-05-30,27,6,3.0,nan,19.0,11,26.0,27.0
29,沙鹿,2020-05-30,27,3,2.0,nan,13.0,11,27.0,22.0
28,豐原,2020-05-30,30,1,2.0,nan,13.0,9,30.0,19.0
27,三義,2020-05-30,26,3,2.0,nan,12.0,10,26.0,17.0
26,苗栗,2020-05-30,22,3,2.0,nan,14.0,8,22.0,19.0
25,頭份,2020-05-30,25,4,nan,nan,18.0,13,nan,25.0
24,新竹,2020-05-30,33,3,3.0,nan,19.0,12,33.0,25.0
23,竹東,2020-05-30,33,4,3.0,nan,19.0,8,33.0,24.0
22,湖口,2020-05-30,36,6,2.0,nan,17.0,15,36.0,29.0
84,富貴角,2020-05-30,38,1,2.0,nan,23.0,8,38.0,23.0
20,平鎮,2020-05-30,25,3,2.0,nan,nan,17,25.0,nan
19,觀音,2020-05-30,31,4,3.0,nan,18.0,15,31.0,30.0
18,大園,2020-05-30,36,7,5.0,nan,19.0,21,36.0,31.0
17,桃園,2020-05-30,44,21,8.0,nan,22.0,29,29.0,44.0
16,大同,2020-05-30,45,6,18.0,nan,26.0,38,nan,45.0
15,松山,2020-05-30,43,4,10.0,nan,23.0,32,43.0,42.0
14,古亭,2020-05-30,51,3,6.0,nan,21.0,23,51.0,40.0
13,萬華,2020-05-30,43,3,8.0,nan,22.0,25,43.0,30.0
12,中山,2020-05-30,42,4,10.0,nan,23.0,29,42.0,36.0
11,士林,2020-05-30,47,4,7.0,nan,23.0,20,47.0,36.0
10,淡水,2020-05-30,34,4,7.0,nan,20.0,22,34.0,27.0
9,林口,2020-05-30,38,3,6.0,nan,20.0,34,38.0,37.0
8,菜寮,2020-05-30,37,3,7.0,nan,20.0,27,37.0,34.0
7,新莊,2020-05-30,45,10,14.0,nan,24.0,29,45.0,36.0
6,板橋,2020-05-30,48,6,14.0,nan,23.0,34,48.0,45.0
5,土城,2020-05-30,80,4,9.0,nan,21.0,23,80.0,36.0
4,新店,2020-05-30,61,4,5.0,nan,18.0,20,61.0,32.0
3,萬里,2020-05-30,47,4,3.0,nan,22.0,17,47.0,32.0
2,汐止,2020-05-30,43,7,8.0,nan,23.0,29,40.0,43.0
1,基隆,2020-05-30,37,9,5.0,nan,25.0,20,37.0,34.0
47,美濃,2020-05-31,34,4,2.0,nan,16,4,34.0,18
48,橋頭,2020-05-31,25,4,3.0,nan,16,13,25.0,18
49,仁武,2020-05-31,28,3,3.0,nan,16,12,28.0,20
50,鳳山,2020-05-31,13,6,3.0,nan,13,10,nan,7
51,大寮,2020-05-31,31,7,3.0,nan,14,12,31.0,23
52,林園,2020-05-31,28,6,2.0,nan,17,13,28.0,20
53,楠梓,2020-05-31,27,4,3.0,nan,17,16,27.0,14
54,左營,2020-05-31,27,4,2.0,nan,11,11,27.0,11
56,前金,2020-05-31,26,6,2.0,nan,11,13,26.0,16
57,前鎮,2020-05-31,19,4,nan,nan,9,19,nan,13
58,小港,2020-05-31,26,7,2.0,nan,12,21,26.0,16
59,屏東,2020-05-31,36,4,2.0,nan,18,8,36.0,20
60,潮州,2020-05-31,40,9,2.0,nan,19,8,40.0,23
61,恆春,2020-05-31,30,1,1.0,nan,5,2,30.0,14
62,臺東,2020-05-31,29,3,2.0,nan,17,7,29.0,13
63,花蓮,2020-05-31,36,6,2.0,nan,20,7,36.0,27
64,陽明,2020-05-31,27,3,1.0,nan,5,4,27.0,15
65,宜蘭,2020-05-31,43,6,2.0,nan,18,6,43.0,26
66,冬山,2020-05-31,31,3,2.0,nan,19,12,31.0,28
67,三重,2020-05-31,34,4,10.0,nan,19,22,nan,34
1,基隆,2020-05-31,36,3,5.0,nan,20,9,36.0,24
2,汐止,2020-05-31,37,3,7.0,nan,20,18,37.0,31
3,萬里,2020-05-31,35,4,2.0,nan,14,10,35.0,24
4,新店,2020-05-31,38,3,3.0,nan,13,19,38.0,19
5,土城,2020-05-31,39,6,6.0,nan,16,14,39.0,21
6,板橋,2020-05-31,32,4,6.0,nan,14,21,32.0,19
7,新莊,2020-05-31,35,6,7.0,nan,17,17,35.0,22
8,菜寮,2020-05-31,26,4,6.0,nan,17,20,26.0,25
9,林口,2020-05-31,33,6,2.0,nan,13,10,33.0,20
10,淡水,2020-05-31,31,4,3.0,nan,16,14,31.0,17
11,士林,2020-05-31,33,4,6.0,nan,16,19,33.0,25
12,中山,2020-05-31,28,3,6.0,nan,19,22,28.0,21
13,萬華,2020-05-31,27,3,5.0,nan,19,20,27.0,25
14,古亭,2020-05-31,37,1,5.0,nan,16,21,37.0,22
15,松山,2020-05-31,34,4,6.0,nan,18,14,34.0,27
16,大同,2020-05-31,31,6,12.0,nan,19,23,nan,31
17,桃園,2020-05-31,24,7,3.0,nan,12,16,24.0,21
18,大園,2020-05-31,32,6,2.0,nan,14,8,32.0,16
19,觀音,2020-05-31,31,6,2.0,nan,13,7,31.0,15
20,平鎮,2020-05-31,30,3,2.0,nan,12,10,30.0,19
21,龍潭,2020-05-31,36,7,2.0,nan,10,7,36.0,19
22,湖口,2020-05-31,32,6,1.0,nan,5,10,32.0,17
23,竹東,2020-05-31,35,6,2.0,nan,13,5,35.0,21
24,新竹,2020-05-31,29,7,2.0,nan,11,11,29.0,19
25,頭份,2020-05-31,18,6,nan,nan,11,10,nan,18
26,苗栗,2020-05-31,21,3,2.0,nan,11,8,21.0,11
27,三義,2020-05-31,26,7,2.0,nan,10,11,26.0,15
28,豐原,2020-05-31,34,3,2.0,nan,9,9,34.0,17
29,沙鹿,2020-05-31,27,4,1.0,nan,9,8,27.0,20
30,大里,2020-05-31,32,4,3.0,nan,14,9,32.0,19
31,忠明,2020-05-31,30,4,1.0,nan,11,8,30.0,18
32,西屯,2020-05-31,32,4,2.0,nan,12,10,32.0,14
33,彰化,2020-05-31,30,9,2.0,nan,14,7,30.0,12
34,線西,2020-05-31,14,3,nan,nan,13,8,nan,14
35,二林,2020-05-31,26,7,2.0,nan,15,7,26.0,16
36,南投,2020-05-31,32,4,2.0,nan,15,6,32.0,14
37,斗六,2020-05-31,31,4,2.0,nan,14,6,31.0,14
38,崙背,2020-05-31,23,3,2.0,nan,16,8,23.0,13
39,新港,2020-05-31,26,4,2.0,nan,16,7,26.0,17
40,朴子,2020-05-31,24,3,2.0,nan,18,11,24.0,14
41,臺西,2020-05-31,21,4,nan,nan,9,8,nan,21
42,嘉義,2020-05-31,26,3,2.0,nan,13,8,26.0,11
43,新營,2020-05-31,26,4,2.0,nan,14,6,26.0,19
44,善化,2020-05-31,25,7,1.0,nan,15,6,25.0,14
45,安南,2020-05-31,25,3,2.0,nan,13,10,25.0,19
46,臺南,2020-05-31,23,4,2.0,nan,10,13,23.0,16
68,中壢,2020-05-31,16,4,8.0,nan,11,16,nan,14
69,竹山,2020-05-31,34,6,2.0,nan,16,5,34.0,19
70,永和,2020-05-31,24,3,8.0,nan,14,19,nan,24
71,復興,2020-05-31,19,6,3.0,nan,5,18,nan,19
72,埔里,2020-05-31,34,4,2.0,nan,14,8,34.0,23
75,馬祖,2020-05-31,67,6,2.0,nan,32,21,67.0,62
77,金門,2020-05-31,34,9,2.0,nan,21,16,34.0,31
78,馬公,2020-05-31,35,3,2.0,nan,5,4,35.0,7
80,關山,2020-05-31,23,3,nan,nan,13,2,23.0,18
83,麥寮,2020-05-31,17,3,nan,nan,14,7,nan,17
84,富貴角,2020-05-31,38,1,2.0,nan,19,10,38.0,15
