siteid,sitename,monitordate,aqi,so2subindex,cosubindex,o3subindex,pm10subindex,no2subindex,o38subindex,pm25subindex
1,基隆,2019-03-01,44,3.0,3.0,nan,29.0,10.0,44.0,37.0
84,富貴角,2019-03-01,49,1.0,3.0,nan,31.0,2.0,49.0,39.0
83,麥寮,2019-03-01,61,6.0,3.0,nan,58.0,11.0,nan,61.0
80,關山,2019-03-01,30,nan,nan,nan,15.0,6.0,30.0,29.0
78,馬公,2019-03-01,58,1.0,3.0,nan,31.0,8.0,31.0,58.0
77,金門,2019-03-01,74,6.0,5.0,nan,36.0,15.0,44.0,74.0
75,馬祖,2019-03-01,58,3.0,3.0,nan,31.0,7.0,45.0,58.0
72,埔里,2019-03-01,93,6.0,6.0,nan,53.0,24.0,93.0,82.0
71,復興,2019-03-01,112,11.0,9.0,nan,64.0,36.0,nan,112.0
70,永和,2019-03-01,33,4.0,6.0,nan,25.0,17.0,nan,33.0
69,竹山,2019-03-01,113,6.0,6.0,nan,62.0,22.0,64.0,113.0
68,中壢,2019-03-01,61,4.0,10.0,nan,33.0,39.0,nan,61.0
66,冬山,2019-03-01,32,3.0,5.0,nan,25.0,17.0,32.0,29.0
65,宜蘭,2019-03-01,41,3.0,6.0,nan,30.0,12.0,41.0,40.0
64,陽明,2019-03-01,42,3.0,3.0,nan,6.0,2.0,42.0,12.0
63,花蓮,2019-03-01,45,4.0,6.0,nan,24.0,27.0,45.0,35.0
62,臺東,2019-03-01,29,1.0,6.0,nan,12.0,8.0,29.0,15.0
61,恆春,2019-03-01,46,1.0,2.0,nan,13.0,2.0,46.0,21.0
60,潮州,2019-03-01,105,7.0,6.0,nan,63.0,17.0,71.0,105.0
59,屏東,2019-03-01,117,16.0,8.0,nan,62.0,29.0,104.0,117.0
58,小港,2019-03-01,102,13.0,8.0,nan,61.0,42.0,58.0,102.0
57,前鎮,2019-03-01,101,11.0,8.0,nan,62.0,34.0,nan,101.0
56,前金,2019-03-01,131,20.0,8.0,nan,62.0,30.0,67.0,131.0
54,左營,2019-03-01,110,7.0,8.0,nan,57.0,25.0,74.0,110.0
53,楠梓,2019-03-01,112,10.0,7.0,nan,59.0,20.0,64.0,112.0
52,林園,2019-03-01,113,13.0,6.0,nan,71.0,30.0,71.0,113.0
51,大寮,2019-03-01,105,39.0,9.0,nan,56.0,40.0,50.0,105.0
49,仁武,2019-03-01,110,14.0,8.0,nan,54.0,31.0,71.0,110.0
48,橋頭,2019-03-01,122,13.0,8.0,nan,59.0,21.0,77.0,122.0
47,美濃,2019-03-01,92,4.0,6.0,nan,60.0,11.0,71.0,92.0
46,臺南,2019-03-01,87,6.0,6.0,nan,54.0,19.0,58.0,87.0
45,安南,2019-03-01,80,6.0,6.0,nan,58.0,20.0,74.0,80.0
44,善化,2019-03-01,92,6.0,6.0,nan,64.0,20.0,67.0,92.0
43,新營,2019-03-01,95,9.0,6.0,nan,57.0,19.0,43.0,95.0
42,嘉義,2019-03-01,101,6.0,7.0,nan,61.0,23.0,51.0,101.0
41,臺西,2019-03-01,71,7.0,3.0,nan,40.0,8.0,nan,71.0
40,朴子,2019-03-01,76,9.0,5.0,nan,57.0,20.0,49.0,76.0
39,新港,2019-03-01,95,10.0,6.0,nan,66.0,18.0,43.0,95.0
38,崙背,2019-03-01,105,10.0,5.0,nan,54.0,17.0,50.0,105.0
37,斗六,2019-03-01,105,10.0,6.0,nan,57.0,18.0,54.0,105.0
36,南投,2019-03-01,77,6.0,6.0,nan,53.0,31.0,38.0,77.0
35,二林,2019-03-01,69,17.0,6.0,nan,62.0,20.0,36.0,69.0
34,線西,2019-03-01,57,11.0,6.0,nan,43.0,17.0,nan,57.0
33,彰化,2019-03-01,64,4.0,6.0,nan,40.0,18.0,44.0,64.0
32,西屯,2019-03-01,77,3.0,5.0,nan,45.0,19.0,47.0,77.0
31,忠明,2019-03-01,67,3.0,6.0,nan,36.0,22.0,33.0,67.0
30,大里,2019-03-01,58,4.0,7.0,nan,43.0,26.0,48.0,58.0
29,沙鹿,2019-03-01,64,3.0,5.0,nan,39.0,12.0,46.0,64.0
28,豐原,2019-03-01,60,7.0,6.0,nan,37.0,25.0,44.0,60.0
27,三義,2019-03-01,58,4.0,3.0,nan,28.0,9.0,46.0,58.0
26,苗栗,2019-03-01,65,11.0,7.0,nan,41.0,21.0,34.0,65.0
25,頭份,2019-03-01,51,4.0,5.0,nan,39.0,18.0,nan,51.0
24,新竹,2019-03-01,62,4.0,5.0,nan,39.0,13.0,44.0,62.0
23,竹東,2019-03-01,54,3.0,5.0,nan,33.0,14.0,33.0,54.0
22,湖口,2019-03-01,53,4.0,3.0,nan,37.0,15.0,49.0,53.0
21,龍潭,2019-03-01,60,4.0,5.0,nan,38.0,21.0,44.0,60.0
20,平鎮,2019-03-01,43,4.0,6.0,nan,31.0,22.0,43.0,34.0
19,觀音,2019-03-01,46,13.0,5.0,nan,31.0,13.0,46.0,44.0
18,大園,2019-03-01,50,7.0,3.0,nan,28.0,23.0,50.0,40.0
17,桃園,2019-03-01,37,6.0,7.0,nan,26.0,17.0,33.0,37.0
16,大同,2019-03-01,41,6.0,12.0,nan,26.0,41.0,nan,32.0
15,松山,2019-03-01,38,4.0,5.0,nan,27.0,18.0,38.0,38.0
14,古亭,2019-03-01,40,3.0,6.0,nan,28.0,20.0,40.0,40.0
13,萬華,2019-03-01,35,4.0,6.0,nan,27.0,24.0,35.0,31.0
12,中山,2019-03-01,35,6.0,7.0,nan,26.0,28.0,35.0,29.0
11,士林,2019-03-01,46,3.0,6.0,nan,21.0,19.0,46.0,32.0
10,淡水,2019-03-01,45,4.0,5.0,nan,13.0,20.0,45.0,31.0
9,林口,2019-03-01,43,3.0,5.0,nan,27.0,18.0,43.0,39.0
8,菜寮,2019-03-01,45,3.0,7.0,nan,21.0,20.0,39.0,45.0
7,新莊,2019-03-01,41,4.0,7.0,nan,30.0,21.0,41.0,37.0
6,板橋,2019-03-01,37,4.0,6.0,nan,26.0,22.0,36.0,37.0
5,土城,2019-03-01,49,3.0,6.0,nan,20.0,15.0,42.0,49.0
4,新店,2019-03-01,39,4.0,5.0,nan,19.0,16.0,39.0,30.0
3,萬里,2019-03-01,50,3.0,3.0,nan,46.0,6.0,50.0,42.0
2,汐止,2019-03-01,41,4.0,5.0,nan,25.0,13.0,41.0,31.0
67,三重,2019-03-01,40,4.0,15.0,nan,34.0,40.0,nan,37.0
50,鳳山,2019-03-01,118,16.0,9.0,nan,63.0,37.0,nan,118.0
66,冬山,2019-03-02,52,6.0,5.0,nan,nan,11.0,43.0,52.0
1,基隆,2019-03-02,92,10.0,6.0,nan,66.0,19.0,49.0,92.0
50,鳳山,2019-03-02,136,23.0,10.0,nan,64.0,40.0,nan,136.0
67,三重,2019-03-02,106,7.0,23.0,nan,73.0,60.0,nan,106.0
2,汐止,2019-03-02,99,10.0,8.0,nan,68.0,37.0,46.0,99.0
3,萬里,2019-03-02,97,9.0,6.0,nan,86.0,12.0,61.0,97.0
4,新店,2019-03-02,91,3.0,9.0,nan,49.0,31.0,61.0,91.0
5,土城,2019-03-02,116,4.0,9.0,nan,54.0,36.0,67.0,116.0
6,板橋,2019-03-02,103,9.0,10.0,nan,63.0,41.0,48.0,103.0
7,新莊,2019-03-02,98,6.0,9.0,nan,57.0,32.0,51.0,98.0
8,菜寮,2019-03-02,111,4.0,10.0,nan,62.0,48.0,49.0,111.0
9,林口,2019-03-02,88,3.0,6.0,nan,58.0,20.0,61.0,88.0
10,淡水,2019-03-02,91,4.0,7.0,nan,56.0,21.0,64.0,91.0
11,士林,2019-03-02,98,3.0,8.0,nan,63.0,37.0,64.0,98.0
12,中山,2019-03-02,106,7.0,12.0,nan,69.0,52.0,46.0,106.0
13,萬華,2019-03-02,100,6.0,12.0,nan,66.0,47.0,44.0,100.0
14,古亭,2019-03-02,118,4.0,11.0,nan,65.0,41.0,51.0,118.0
15,松山,2019-03-02,103,6.0,10.0,nan,68.0,39.0,58.0,103.0
16,大同,2019-03-02,98,6.0,22.0,nan,65.0,58.0,nan,98.0
17,桃園,2019-03-02,117,9.0,9.0,nan,67.0,32.0,36.0,117.0
18,大園,2019-03-02,125,9.0,7.0,nan,72.0,25.0,58.0,125.0
19,觀音,2019-03-02,144,9.0,6.0,nan,79.0,14.0,47.0,144.0
20,平鎮,2019-03-02,138,6.0,8.0,nan,68.0,34.0,54.0,138.0
21,龍潭,2019-03-02,109,4.0,8.0,nan,68.0,29.0,49.0,109.0
22,湖口,2019-03-02,114,6.0,8.0,nan,78.0,23.0,58.0,114.0
23,竹東,2019-03-02,109,4.0,8.0,nan,61.0,22.0,31.0,109.0
24,新竹,2019-03-02,141,6.0,10.0,nan,73.0,38.0,45.0,141.0
25,頭份,2019-03-02,134,6.0,8.0,nan,77.0,30.0,nan,134.0
26,苗栗,2019-03-02,153,7.0,10.0,nan,81.0,35.0,36.0,153.0
27,三義,2019-03-02,103,6.0,6.0,nan,51.0,21.0,50.0,103.0
28,豐原,2019-03-02,110,6.0,8.0,nan,62.0,31.0,58.0,110.0
29,沙鹿,2019-03-02,151,7.0,9.0,nan,76.0,37.0,58.0,151.0
30,大里,2019-03-02,123,10.0,10.0,nan,77.0,30.0,45.0,123.0
31,忠明,2019-03-02,148,6.0,9.0,nan,63.0,38.0,44.0,148.0
32,西屯,2019-03-02,146,4.0,8.0,nan,73.0,30.0,58.0,146.0
33,彰化,2019-03-02,152,19.0,9.0,nan,70.0,24.0,41.0,152.0
34,線西,2019-03-02,154,11.0,8.0,nan,79.0,25.0,nan,154.0
35,二林,2019-03-02,134,7.0,6.0,nan,87.0,16.0,47.0,134.0
36,南投,2019-03-02,155,7.0,9.0,nan,90.0,27.0,44.0,155.0
37,斗六,2019-03-02,161,6.0,6.0,nan,88.0,14.0,90.0,161.0
38,崙背,2019-03-02,155,6.0,6.0,nan,78.0,18.0,77.0,155.0
39,新港,2019-03-02,152,4.0,6.0,nan,92.0,16.0,51.0,152.0
40,朴子,2019-03-02,130,4.0,6.0,nan,71.0,17.0,58.0,130.0
41,臺西,2019-03-02,142,17.0,6.0,nan,65.0,25.0,nan,142.0
42,嘉義,2019-03-02,153,7.0,7.0,nan,82.0,20.0,80.0,153.0
43,新營,2019-03-02,133,4.0,6.0,nan,69.0,16.0,43.0,133.0
44,善化,2019-03-02,130,9.0,6.0,nan,77.0,11.0,61.0,130.0
45,安南,2019-03-02,118,7.0,6.0,nan,70.0,20.0,74.0,118.0
46,臺南,2019-03-02,120,7.0,6.0,nan,63.0,28.0,67.0,120.0
47,美濃,2019-03-02,90,6.0,5.0,nan,62.0,9.0,51.0,90.0
48,橋頭,2019-03-02,147,6.0,6.0,nan,66.0,27.0,100.0,147.0
49,仁武,2019-03-02,129,16.0,7.0,nan,55.0,28.0,50.0,129.0
51,大寮,2019-03-02,96,17.0,5.0,nan,52.0,22.0,47.0,96.0
52,林園,2019-03-02,117,13.0,7.0,nan,66.0,26.0,97.0,117.0
53,楠梓,2019-03-02,147,6.0,7.0,nan,66.0,30.0,61.0,147.0
54,左營,2019-03-02,133,6.0,6.0,nan,61.0,27.0,71.0,133.0
56,前金,2019-03-02,138,13.0,7.0,nan,64.0,23.0,71.0,138.0
57,前鎮,2019-03-02,105,14.0,8.0,nan,64.0,34.0,nan,105.0
58,小港,2019-03-02,111,20.0,8.0,nan,63.0,43.0,43.0,111.0
59,屏東,2019-03-02,110,6.0,7.0,nan,58.0,26.0,51.0,110.0
60,潮州,2019-03-02,84,4.0,5.0,nan,55.0,17.0,46.0,84.0
61,恆春,2019-03-02,39,3.0,2.0,nan,17.0,3.0,39.0,27.0
62,臺東,2019-03-02,28,3.0,6.0,nan,19.0,13.0,23.0,28.0
63,花蓮,2019-03-02,44,6.0,5.0,nan,23.0,13.0,44.0,32.0
64,陽明,2019-03-02,47,4.0,3.0,nan,24.0,6.0,47.0,47.0
65,宜蘭,2019-03-02,60,4.0,7.0,nan,42.0,17.0,46.0,60.0
84,富貴角,2019-03-02,132,1.0,5.0,nan,76.0,6.0,61.0,132.0
68,中壢,2019-03-02,150,7.0,16.0,nan,68.0,46.0,nan,150.0
69,竹山,2019-03-02,163,4.0,6.0,nan,91.0,14.0,80.0,163.0
70,永和,2019-03-02,105,6.0,17.0,nan,61.0,45.0,nan,105.0
71,復興,2019-03-02,125,14.0,9.0,nan,66.0,35.0,nan,125.0
72,埔里,2019-03-02,99,4.0,7.0,nan,59.0,19.0,97.0,99.0
75,馬祖,2019-03-02,72,4.0,5.0,nan,39.0,10.0,50.0,72.0
77,金門,2019-03-02,104,7.0,6.0,nan,48.0,15.0,84.0,104.0
78,馬公,2019-03-02,79,1.0,6.0,nan,37.0,12.0,35.0,79.0
80,關山,2019-03-02,33,nan,nan,nan,19.0,4.0,30.0,33.0
83,麥寮,2019-03-02,128,6.0,6.0,nan,78.0,14.0,nan,128.0
84,富貴角,2019-03-03,62,1.0,3.0,nan,30.0,8.0,42.0,62.0
83,麥寮,2019-03-03,70,4.0,6.0,nan,48.0,14.0,nan,70.0
80,關山,2019-03-03,33,nan,nan,nan,22.0,4.0,32.0,33.0
78,馬公,2019-03-03,46,1.0,5.0,nan,21.0,17.0,26.0,46.0
77,金門,2019-03-03,93,9.0,7.0,nan,44.0,26.0,31.0,93.0
75,馬祖,2019-03-03,51,3.0,5.0,nan,14.0,10.0,51.0,32.0
72,埔里,2019-03-03,71,4.0,6.0,nan,39.0,19.0,31.0,71.0
71,復興,2019-03-03,58,7.0,8.0,nan,30.0,30.0,nan,58.0
70,永和,2019-03-03,88,3.0,11.0,nan,51.0,42.0,nan,88.0
69,竹山,2019-03-03,84,4.0,6.0,nan,45.0,25.0,34.0,84.0
68,中壢,2019-03-03,114,6.0,12.0,nan,59.0,41.0,nan,114.0
66,冬山,2019-03-03,54,3.0,5.0,nan,39.0,19.0,34.0,54.0
65,宜蘭,2019-03-03,61,3.0,5.0,nan,43.0,14.0,41.0,61.0
64,陽明,2019-03-03,44,3.0,3.0,nan,24.0,4.0,44.0,42.0
63,花蓮,2019-03-03,42,6.0,3.0,nan,19.0,8.0,42.0,33.0
62,臺東,2019-03-03,30,10.0,5.0,nan,29.0,9.0,30.0,30.0
61,恆春,2019-03-03,42,4.0,3.0,nan,25.0,6.0,42.0,29.0
60,潮州,2019-03-03,46,6.0,5.0,nan,30.0,13.0,39.0,46.0
59,屏東,2019-03-03,52,4.0,5.0,nan,30.0,18.0,41.0,52.0
58,小港,2019-03-03,46,19.0,5.0,nan,30.0,33.0,31.0,46.0
57,前鎮,2019-03-03,33,10.0,7.0,nan,31.0,33.0,nan,20.0
56,前金,2019-03-03,54,4.0,6.0,nan,27.0,21.0,36.0,54.0
54,左營,2019-03-03,58,4.0,6.0,nan,24.0,24.0,37.0,58.0
53,楠梓,2019-03-03,54,7.0,5.0,nan,26.0,24.0,37.0,54.0
52,林園,2019-03-03,36,10.0,6.0,nan,35.0,26.0,36.0,34.0
51,大寮,2019-03-03,55,11.0,5.0,nan,27.0,31.0,36.0,55.0
50,鳳山,2019-03-03,45,6.0,7.0,nan,34.0,34.0,nan,45.0
49,仁武,2019-03-03,47,14.0,5.0,nan,24.0,27.0,38.0,47.0
48,橋頭,2019-03-03,52,7.0,6.0,nan,26.0,23.0,41.0,52.0
47,美濃,2019-03-03,35,1.0,3.0,nan,27.0,8.0,35.0,27.0
46,臺南,2019-03-03,54,4.0,8.0,nan,31.0,34.0,36.0,54.0
45,安南,2019-03-03,54,6.0,6.0,nan,38.0,24.0,40.0,54.0
44,善化,2019-03-03,38,6.0,5.0,nan,34.0,25.0,38.0,37.0
43,新營,2019-03-03,32,3.0,6.0,nan,28.0,24.0,31.0,32.0
42,嘉義,2019-03-03,54,9.0,6.0,nan,29.0,25.0,33.0,54.0
41,臺西,2019-03-03,95,7.0,5.0,nan,39.0,20.0,nan,95.0
40,朴子,2019-03-03,65,7.0,6.0,nan,38.0,17.0,35.0,65.0
39,新港,2019-03-03,68,3.0,6.0,nan,42.0,20.0,31.0,68.0
38,崙背,2019-03-03,102,3.0,6.0,nan,45.0,18.0,37.0,102.0
37,斗六,2019-03-03,85,3.0,5.0,nan,35.0,17.0,34.0,85.0
36,南投,2019-03-03,83,4.0,7.0,nan,46.0,25.0,25.0,83.0
35,二林,2019-03-03,91,7.0,8.0,nan,72.0,17.0,31.0,91.0
34,線西,2019-03-03,91,6.0,8.0,nan,59.0,26.0,nan,91.0
33,彰化,2019-03-03,105,9.0,9.0,nan,48.0,34.0,31.0,105.0
32,西屯,2019-03-03,115,4.0,8.0,nan,57.0,25.0,34.0,115.0
31,忠明,2019-03-03,117,3.0,8.0,nan,44.0,27.0,28.0,117.0
30,大里,2019-03-03,77,6.0,8.0,nan,44.0,31.0,31.0,77.0
29,沙鹿,2019-03-03,81,4.0,8.0,nan,49.0,32.0,36.0,81.0
28,豐原,2019-03-03,35,4.0,7.0,nan,34.0,25.0,35.0,nan
27,三義,2019-03-03,61,9.0,7.0,nan,31.0,21.0,38.0,61.0
26,苗栗,2019-03-03,116,7.0,9.0,nan,60.0,25.0,28.0,116.0
25,頭份,2019-03-03,95,4.0,9.0,nan,55.0,26.0,nan,95.0
24,新竹,2019-03-03,112,6.0,7.0,nan,59.0,31.0,36.0,112.0
23,竹東,2019-03-03,56,4.0,6.0,nan,31.0,19.0,27.0,56.0
22,湖口,2019-03-03,74,4.0,6.0,nan,54.0,16.0,44.0,74.0
21,龍潭,2019-03-03,95,7.0,9.0,nan,77.0,31.0,36.0,95.0
20,平鎮,2019-03-03,107,4.0,8.0,nan,57.0,32.0,39.0,107.0
19,觀音,2019-03-03,84,6.0,5.0,nan,50.0,15.0,39.0,84.0
18,大園,2019-03-03,79,6.0,5.0,nan,43.0,38.0,42.0,79.0
17,桃園,2019-03-03,97,11.0,10.0,nan,57.0,35.0,30.0,97.0
16,大同,2019-03-03,83,6.0,16.0,nan,49.0,47.0,nan,83.0
15,松山,2019-03-03,82,4.0,7.0,nan,52.0,43.0,28.0,82.0
14,古亭,2019-03-03,103,4.0,9.0,nan,51.0,41.0,32.0,103.0
13,萬華,2019-03-03,86,3.0,9.0,nan,52.0,42.0,27.0,86.0
12,中山,2019-03-03,87,3.0,8.0,nan,49.0,48.0,27.0,87.0
11,士林,2019-03-03,90,4.0,7.0,nan,48.0,34.0,33.0,90.0
10,淡水,2019-03-03,68,1.0,6.0,nan,31.0,26.0,38.0,68.0
9,林口,2019-03-03,53,3.0,7.0,nan,42.0,27.0,38.0,53.0
8,菜寮,2019-03-03,94,4.0,8.0,nan,46.0,42.0,32.0,94.0
7,新莊,2019-03-03,86,3.0,9.0,nan,45.0,34.0,36.0,86.0
6,板橋,2019-03-03,97,4.0,11.0,nan,56.0,42.0,30.0,97.0
5,土城,2019-03-03,112,6.0,10.0,nan,50.0,36.0,32.0,112.0
4,新店,2019-03-03,77,3.0,8.0,nan,37.0,36.0,33.0,77.0
3,萬里,2019-03-03,62,4.0,5.0,nan,35.0,11.0,44.0,62.0
2,汐止,2019-03-03,82,4.0,7.0,nan,45.0,33.0,32.0,82.0
67,三重,2019-03-03,87,4.0,16.0,nan,64.0,48.0,nan,87.0
1,基隆,2019-03-03,67,4.0,5.0,nan,35.0,22.0,38.0,67.0
84,富貴角,2019-03-04,67,1.0,6.0,nan,33.0,3.0,67.0,52.0
1,基隆,2019-03-04,58,3.0,6.0,nan,27.0,10.0,58.0,42.0
67,三重,2019-03-04,49,6.0,22.0,nan,47.0,40.0,nan,49.0
2,汐止,2019-03-04,47,3.0,7.0,nan,24.0,23.0,47.0,38.0
3,萬里,2019-03-04,80,4.0,6.0,nan,34.0,5.0,80.0,43.0
4,新店,2019-03-04,45,7.0,7.0,nan,25.0,19.0,45.0,43.0
5,土城,2019-03-04,51,4.0,8.0,nan,29.0,27.0,47.0,51.0
6,板橋,2019-03-04,47,6.0,8.0,nan,30.0,30.0,42.0,47.0
7,新莊,2019-03-04,47,7.0,7.0,nan,29.0,31.0,47.0,38.0
8,菜寮,2019-03-04,56,7.0,8.0,nan,28.0,26.0,44.0,56.0
9,林口,2019-03-04,48,7.0,6.0,nan,28.0,19.0,48.0,38.0
10,淡水,2019-03-04,51,4.0,6.0,nan,18.0,15.0,51.0,39.0
11,士林,2019-03-04,54,4.0,6.0,nan,27.0,18.0,54.0,41.0
12,中山,2019-03-04,46,6.0,9.0,nan,31.0,31.0,38.0,46.0
13,萬華,2019-03-04,38,7.0,8.0,nan,30.0,28.0,38.0,28.0
14,古亭,2019-03-04,47,3.0,7.0,nan,31.0,24.0,44.0,47.0
15,松山,2019-03-04,42,6.0,7.0,nan,31.0,25.0,41.0,42.0
16,大同,2019-03-04,46,7.0,14.0,nan,31.0,36.0,nan,46.0
17,桃園,2019-03-04,45,6.0,8.0,nan,30.0,20.0,37.0,45.0
18,大園,2019-03-04,48,6.0,6.0,nan,26.0,20.0,48.0,37.0
19,觀音,2019-03-04,54,10.0,7.0,nan,29.0,19.0,47.0,54.0
20,平鎮,2019-03-04,49,6.0,9.0,nan,30.0,31.0,45.0,49.0
21,龍潭,2019-03-04,50,4.0,7.0,nan,35.0,20.0,48.0,50.0
22,湖口,2019-03-04,58,4.0,7.0,nan,31.0,19.0,58.0,44.0
23,竹東,2019-03-04,47,3.0,7.0,nan,30.0,15.0,41.0,47.0
24,新竹,2019-03-04,61,6.0,8.0,nan,34.0,20.0,48.0,61.0
25,頭份,2019-03-04,61,4.0,8.0,nan,31.0,23.0,nan,61.0
26,苗栗,2019-03-04,64,9.0,8.0,nan,35.0,23.0,40.0,64.0
27,三義,2019-03-04,84,6.0,7.0,nan,26.0,25.0,84.0,53.0
28,豐原,2019-03-04,67,6.0,6.0,nan,27.0,30.0,67.0,49.0
29,沙鹿,2019-03-04,84,4.0,8.0,nan,31.0,31.0,84.0,56.0
30,大里,2019-03-04,80,4.0,12.0,nan,35.0,50.0,80.0,46.0
31,忠明,2019-03-04,58,9.0,11.0,nan,30.0,53.0,44.0,58.0
32,西屯,2019-03-04,84,4.0,9.0,nan,42.0,43.0,84.0,56.0
33,彰化,2019-03-04,67,3.0,10.0,nan,36.0,39.0,67.0,65.0
34,線西,2019-03-04,60,17.0,8.0,nan,40.0,30.0,nan,60.0
35,二林,2019-03-04,61,10.0,8.0,nan,58.0,27.0,50.0,61.0
41,臺西,2019-03-04,73,9.0,7.0,nan,37.0,22.0,nan,73.0
36,南投,2019-03-04,73,23.0,8.0,nan,45.0,27.0,50.0,73.0
37,斗六,2019-03-04,115,9.0,8.0,nan,49.0,24.0,115.0,72.0
38,崙背,2019-03-04,95,11.0,8.0,nan,47.0,23.0,90.0,95.0
39,新港,2019-03-04,66,9.0,7.0,nan,52.0,17.0,64.0,66.0
40,朴子,2019-03-04,74,7.0,7.0,nan,46.0,11.0,74.0,52.0
42,嘉義,2019-03-04,84,10.0,9.0,nan,48.0,31.0,80.0,84.0
43,新營,2019-03-04,63,6.0,7.0,nan,44.0,22.0,49.0,63.0
44,善化,2019-03-04,87,4.0,6.0,nan,52.0,15.0,87.0,64.0
45,安南,2019-03-04,93,4.0,7.0,nan,49.0,21.0,93.0,64.0
46,臺南,2019-03-04,87,6.0,8.0,nan,44.0,27.0,87.0,62.0
47,美濃,2019-03-04,80,9.0,5.0,nan,42.0,13.0,80.0,52.0
48,橋頭,2019-03-04,83,4.0,7.0,nan,41.0,20.0,77.0,83.0
49,仁武,2019-03-04,71,19.0,7.0,nan,36.0,30.0,71.0,70.0
50,鳳山,2019-03-04,58,11.0,8.0,nan,41.0,32.0,nan,58.0
51,大寮,2019-03-04,72,16.0,6.0,nan,37.0,28.0,61.0,72.0
52,林園,2019-03-04,93,19.0,7.0,nan,38.0,27.0,93.0,56.0
53,楠梓,2019-03-04,76,6.0,7.0,nan,43.0,21.0,61.0,76.0
54,左營,2019-03-04,90,9.0,7.0,nan,38.0,24.0,90.0,77.0
56,前金,2019-03-04,84,7.0,7.0,nan,36.0,25.0,84.0,72.0
57,前鎮,2019-03-04,46,13.0,8.0,nan,46.0,41.0,nan,46.0
58,小港,2019-03-04,59,20.0,8.0,nan,36.0,52.0,54.0,59.0
59,屏東,2019-03-04,84,10.0,7.0,nan,42.0,20.0,84.0,65.0
60,潮州,2019-03-04,80,10.0,5.0,nan,38.0,16.0,80.0,58.0
61,恆春,2019-03-04,51,1.0,3.0,nan,18.0,2.0,51.0,23.0
62,臺東,2019-03-04,31,1.0,6.0,nan,14.0,8.0,31.0,22.0
63,花蓮,2019-03-04,44,3.0,7.0,nan,27.0,13.0,44.0,40.0
64,陽明,2019-03-04,51,3.0,6.0,nan,14.0,2.0,51.0,26.0
65,宜蘭,2019-03-04,50,3.0,7.0,nan,31.0,11.0,50.0,48.0
66,冬山,2019-03-04,44,4.0,7.0,nan,31.0,17.0,44.0,32.0
68,中壢,2019-03-04,52,7.0,17.0,nan,31.0,42.0,nan,52.0
69,竹山,2019-03-04,104,9.0,6.0,nan,45.0,21.0,104.0,82.0
70,永和,2019-03-04,47,4.0,9.0,nan,29.0,23.0,nan,47.0
71,復興,2019-03-04,73,10.0,10.0,nan,41.0,41.0,nan,73.0
72,埔里,2019-03-04,118,6.0,6.0,nan,35.0,24.0,118.0,53.0
75,馬祖,2019-03-04,90,3.0,7.0,nan,30.0,8.0,90.0,62.0
77,金門,2019-03-04,80,7.0,7.0,nan,45.0,22.0,61.0,80.0
78,馬公,2019-03-04,43,3.0,6.0,nan,20.0,8.0,38.0,43.0
80,關山,2019-03-04,34,nan,nan,nan,14.0,5.0,34.0,25.0
83,麥寮,2019-03-04,60,9.0,9.0,nan,52.0,28.0,nan,60.0
1,基隆,2019-03-05,57,4.0,6.0,nan,37.0,25.0,48.0,57.0
84,富貴角,2019-03-05,67,6.0,3.0,nan,40.0,8.0,51.0,67.0
83,麥寮,2019-03-05,83,7.0,9.0,nan,56.0,27.0,nan,83.0
80,關山,2019-03-05,39,nan,nan,nan,19.0,6.0,39.0,31.0
78,馬公,2019-03-05,53,3.0,5.0,nan,31.0,14.0,37.0,53.0
77,金門,2019-03-05,81,6.0,7.0,nan,39.0,33.0,48.0,81.0
75,馬祖,2019-03-05,80,3.0,6.0,nan,42.0,27.0,80.0,73.0
72,埔里,2019-03-05,99,4.0,7.0,nan,61.0,21.0,97.0,99.0
71,復興,2019-03-05,73,16.0,9.0,nan,54.0,36.0,nan,73.0
70,永和,2019-03-05,60,4.0,12.0,nan,34.0,41.0,nan,60.0
69,竹山,2019-03-05,128,6.0,6.0,nan,61.0,17.0,112.0,128.0
68,中壢,2019-03-05,77,7.0,19.0,nan,33.0,49.0,nan,77.0
66,冬山,2019-03-05,46,3.0,6.0,nan,23.0,15.0,46.0,33.0
65,宜蘭,2019-03-05,51,4.0,6.0,nan,29.0,15.0,51.0,51.0
64,陽明,2019-03-05,51,3.0,3.0,nan,12.0,7.0,51.0,19.0
63,花蓮,2019-03-05,46,10.0,6.0,nan,19.0,25.0,46.0,27.0
62,臺東,2019-03-05,32,3.0,7.0,nan,19.0,11.0,32.0,25.0
61,恆春,2019-03-05,54,3.0,5.0,nan,22.0,2.0,54.0,29.0
60,潮州,2019-03-05,51,3.0,5.0,nan,37.0,10.0,45.0,51.0
59,屏東,2019-03-05,72,4.0,8.0,nan,50.0,24.0,49.0,72.0
58,小港,2019-03-05,74,31.0,15.0,nan,67.0,35.0,32.0,74.0
57,前鎮,2019-03-05,56,14.0,10.0,nan,56.0,40.0,nan,54.0
56,前金,2019-03-05,91,11.0,9.0,nan,57.0,35.0,34.0,91.0
54,左營,2019-03-05,86,10.0,8.0,nan,54.0,34.0,42.0,86.0
53,楠梓,2019-03-05,94,10.0,7.0,nan,58.0,37.0,38.0,94.0
52,林園,2019-03-05,57,9.0,6.0,nan,50.0,25.0,49.0,57.0
51,大寮,2019-03-05,75,14.0,6.0,nan,52.0,29.0,44.0,75.0
50,鳳山,2019-03-05,57,16.0,8.0,nan,54.0,26.0,nan,57.0
49,仁武,2019-03-05,79,16.0,7.0,nan,48.0,34.0,49.0,79.0
48,橋頭,2019-03-05,109,11.0,8.0,nan,61.0,28.0,50.0,109.0
47,美濃,2019-03-05,64,4.0,6.0,nan,52.0,18.0,41.0,64.0
46,臺南,2019-03-05,114,10.0,9.0,nan,70.0,31.0,87.0,114.0
45,安南,2019-03-05,126,11.0,9.0,nan,76.0,54.0,84.0,126.0
44,善化,2019-03-05,118,11.0,8.0,nan,78.0,25.0,97.0,118.0
43,新營,2019-03-05,115,7.0,10.0,nan,68.0,27.0,58.0,115.0
42,嘉義,2019-03-05,120,7.0,10.0,nan,72.0,31.0,90.0,120.0
41,臺西,2019-03-05,98,7.0,8.0,nan,49.0,23.0,nan,98.0
40,朴子,2019-03-05,117,9.0,9.0,nan,66.0,25.0,101.0,117.0
39,新港,2019-03-05,111,4.0,10.0,nan,67.0,27.0,77.0,111.0
38,崙背,2019-03-05,119,7.0,10.0,nan,57.0,26.0,112.0,119.0
37,斗六,2019-03-05,131,9.0,9.0,nan,64.0,29.0,115.0,131.0
36,南投,2019-03-05,96,4.0,7.0,nan,57.0,31.0,48.0,96.0
35,二林,2019-03-05,86,13.0,10.0,nan,66.0,28.0,67.0,86.0
34,線西,2019-03-05,80,10.0,9.0,nan,46.0,33.0,nan,80.0
33,彰化,2019-03-05,81,9.0,9.0,nan,43.0,32.0,71.0,81.0
32,西屯,2019-03-05,97,4.0,9.0,nan,52.0,39.0,97.0,82.0
31,忠明,2019-03-05,85,4.0,10.0,nan,42.0,40.0,44.0,85.0
30,大里,2019-03-05,101,7.0,10.0,nan,51.0,42.0,101.0,71.0
29,沙鹿,2019-03-05,87,17.0,9.0,nan,46.0,44.0,87.0,82.0
28,豐原,2019-03-05,71,9.0,9.0,nan,36.0,30.0,71.0,63.0
27,三義,2019-03-05,72,7.0,6.0,nan,34.0,32.0,51.0,72.0
26,苗栗,2019-03-05,69,7.0,8.0,nan,32.0,23.0,36.0,69.0
25,頭份,2019-03-05,55,3.0,6.0,nan,30.0,18.0,nan,55.0
24,新竹,2019-03-05,67,6.0,7.0,nan,34.0,20.0,49.0,67.0
23,竹東,2019-03-05,52,4.0,6.0,nan,29.0,17.0,38.0,52.0
22,湖口,2019-03-05,45,6.0,7.0,nan,36.0,19.0,45.0,nan
21,龍潭,2019-03-05,64,6.0,7.0,nan,38.0,22.0,64.0,60.0
20,平鎮,2019-03-05,62,6.0,7.0,nan,32.0,28.0,54.0,62.0
19,觀音,2019-03-05,65,11.0,6.0,nan,37.0,17.0,64.0,65.0
18,大園,2019-03-05,71,7.0,6.0,nan,30.0,23.0,71.0,58.0
16,大同,2019-03-05,61,7.0,18.0,nan,39.0,50.0,nan,61.0
15,松山,2019-03-05,59,4.0,8.0,nan,38.0,35.0,45.0,59.0
14,古亭,2019-03-05,61,3.0,8.0,nan,36.0,41.0,46.0,61.0
13,萬華,2019-03-05,59,6.0,8.0,nan,37.0,38.0,44.0,59.0
12,中山,2019-03-05,56,7.0,11.0,nan,39.0,42.0,42.0,56.0
11,士林,2019-03-05,61,4.0,6.0,nan,32.0,27.0,61.0,58.0
10,淡水,2019-03-05,71,4.0,6.0,nan,19.0,15.0,71.0,46.0
9,林口,2019-03-05,54,6.0,5.0,nan,31.0,24.0,54.0,49.0
8,菜寮,2019-03-05,65,6.0,7.0,nan,35.0,35.0,45.0,65.0
7,新莊,2019-03-05,54,6.0,7.0,nan,38.0,26.0,47.0,54.0
6,板橋,2019-03-05,59,9.0,7.0,nan,33.0,31.0,44.0,59.0
5,土城,2019-03-05,58,6.0,7.0,nan,27.0,29.0,49.0,58.0
4,新店,2019-03-05,51,3.0,7.0,nan,24.0,24.0,51.0,48.0
3,萬里,2019-03-05,58,6.0,5.0,nan,35.0,10.0,54.0,58.0
2,汐止,2019-03-05,51,3.0,7.0,nan,33.0,25.0,48.0,51.0
67,三重,2019-03-05,63,7.0,16.0,nan,53.0,55.0,nan,63.0
17,桃園,2019-03-05,59,6.0,7.0,nan,34.0,24.0,40.0,59.0
21,龍潭,2019-03-06,44,4.0,6.0,nan,20.0,27.0,44.0,21.0
1,基隆,2019-03-06,58,4.0,6.0,nan,19.0,26.0,58.0,29.0
84,富貴角,2019-03-06,74,1.0,3.0,nan,21.0,8.0,74.0,34.0
83,麥寮,2019-03-06,37,3.0,5.0,nan,26.0,12.0,nan,37.0
80,關山,2019-03-06,37,1.0,nan,nan,19.0,3.0,37.0,27.0
78,馬公,2019-03-06,39,3.0,3.0,nan,12.0,10.0,39.0,23.0
77,金門,2019-03-06,82,14.0,8.0,nan,44.0,44.0,33.0,82.0
75,馬祖,2019-03-06,64,4.0,9.0,nan,26.0,32.0,64.0,51.0
72,埔里,2019-03-06,73,4.0,5.0,nan,37.0,17.0,44.0,73.0
71,復興,2019-03-06,82,4.0,9.0,nan,43.0,25.0,nan,82.0
70,永和,2019-03-06,42,4.0,17.0,nan,nan,39.0,nan,42.0
69,竹山,2019-03-06,65,4.0,5.0,nan,nan,15.0,46.0,65.0
68,中壢,2019-03-06,40,7.0,15.0,nan,21.0,39.0,nan,40.0
66,冬山,2019-03-06,51,9.0,6.0,nan,31.0,28.0,51.0,25.0
65,宜蘭,2019-03-06,48,3.0,6.0,nan,19.0,8.0,48.0,29.0
64,陽明,2019-03-06,54,1.0,3.0,nan,6.0,4.0,54.0,12.0
63,花蓮,2019-03-06,50,10.0,5.0,nan,19.0,12.0,50.0,27.0
62,臺東,2019-03-06,32,3.0,5.0,nan,26.0,8.0,32.0,30.0
61,恆春,2019-03-06,61,6.0,3.0,nan,23.0,8.0,61.0,32.0
60,潮州,2019-03-06,68,9.0,5.0,nan,48.0,19.0,49.0,68.0
59,屏東,2019-03-06,84,6.0,6.0,nan,52.0,17.0,67.0,84.0
58,小港,2019-03-06,69,4.0,8.0,nan,43.0,30.0,48.0,69.0
57,前鎮,2019-03-06,61,4.0,7.0,nan,46.0,25.0,nan,61.0
56,前金,2019-03-06,74,6.0,7.0,nan,36.0,18.0,67.0,74.0
54,左營,2019-03-06,80,6.0,7.0,nan,36.0,23.0,71.0,80.0
53,楠梓,2019-03-06,76,4.0,6.0,nan,41.0,20.0,50.0,76.0
52,林園,2019-03-06,64,10.0,7.0,nan,48.0,42.0,43.0,64.0
51,大寮,2019-03-06,80,6.0,7.0,nan,40.0,27.0,47.0,80.0
50,鳳山,2019-03-06,78,7.0,7.0,nan,44.0,32.0,nan,78.0
49,仁武,2019-03-06,81,10.0,6.0,nan,41.0,31.0,47.0,81.0
48,橋頭,2019-03-06,81,6.0,6.0,nan,38.0,22.0,61.0,81.0
47,美濃,2019-03-06,76,3.0,5.0,nan,52.0,8.0,47.0,76.0
46,臺南,2019-03-06,61,6.0,6.0,nan,34.0,22.0,61.0,55.0
45,安南,2019-03-06,74,4.0,6.0,nan,37.0,19.0,74.0,44.0
44,善化,2019-03-06,61,6.0,5.0,nan,39.0,11.0,61.0,60.0
43,新營,2019-03-06,45,6.0,6.0,nan,31.0,19.0,41.0,45.0
42,嘉義,2019-03-06,57,9.0,6.0,nan,30.0,22.0,44.0,57.0
41,臺西,2019-03-06,50,6.0,5.0,nan,19.0,10.0,nan,50.0
40,朴子,2019-03-06,48,4.0,6.0,nan,26.0,12.0,48.0,38.0
39,新港,2019-03-06,59,10.0,6.0,nan,32.0,18.0,41.0,59.0
38,崙背,2019-03-06,71,9.0,5.0,nan,24.0,20.0,48.0,71.0
37,斗六,2019-03-06,58,6.0,6.0,nan,27.0,14.0,48.0,58.0
36,南投,2019-03-06,49,4.0,6.0,nan,29.0,22.0,29.0,49.0
35,二林,2019-03-06,40,7.0,5.0,nan,32.0,17.0,37.0,40.0
34,線西,2019-03-06,29,9.0,6.0,nan,17.0,22.0,nan,29.0
33,彰化,2019-03-06,36,4.0,6.0,nan,16.0,20.0,36.0,34.0
32,西屯,2019-03-06,39,3.0,6.0,nan,21.0,31.0,39.0,31.0
31,忠明,2019-03-06,34,4.0,8.0,nan,12.0,34.0,24.0,25.0
30,大里,2019-03-06,41,6.0,9.0,nan,20.0,41.0,36.0,32.0
29,沙鹿,2019-03-06,39,4.0,5.0,nan,13.0,25.0,39.0,25.0
28,豐原,2019-03-06,38,4.0,3.0,nan,11.0,17.0,38.0,34.0
27,三義,2019-03-06,37,4.0,5.0,nan,10.0,24.0,37.0,32.0
26,苗栗,2019-03-06,40,4.0,6.0,nan,15.0,23.0,28.0,40.0
25,頭份,2019-03-06,28,1.0,6.0,nan,16.0,23.0,nan,28.0
24,新竹,2019-03-06,49,4.0,7.0,nan,21.0,28.0,40.0,49.0
23,竹東,2019-03-06,34,3.0,6.0,nan,17.0,22.0,32.0,34.0
22,湖口,2019-03-06,47,3.0,6.0,nan,16.0,18.0,47.0,30.0
20,平鎮,2019-03-06,39,3.0,7.0,nan,nan,24.0,39.0,nan
19,觀音,2019-03-06,44,10.0,6.0,nan,20.0,18.0,44.0,39.0
18,大園,2019-03-06,46,9.0,5.0,nan,18.0,33.0,46.0,30.0
16,大同,2019-03-06,55,7.0,19.0,nan,25.0,55.0,nan,30.0
15,松山,2019-03-06,40,4.0,8.0,nan,23.0,39.0,36.0,40.0
14,古亭,2019-03-06,42,4.0,9.0,nan,25.0,37.0,39.0,42.0
13,萬華,2019-03-06,43,4.0,9.0,nan,23.0,43.0,31.0,29.0
12,中山,2019-03-06,45,6.0,11.0,nan,23.0,45.0,28.0,38.0
11,士林,2019-03-06,47,4.0,7.0,nan,19.0,36.0,47.0,28.0
10,淡水,2019-03-06,58,4.0,5.0,nan,13.0,24.0,58.0,35.0
9,林口,2019-03-06,47,4.0,6.0,nan,18.0,33.0,47.0,28.0
8,菜寮,2019-03-06,53,4.0,9.0,nan,21.0,44.0,38.0,53.0
7,新莊,2019-03-06,43,6.0,8.0,nan,24.0,43.0,38.0,34.0
6,板橋,2019-03-06,42,7.0,9.0,nan,21.0,41.0,29.0,42.0
5,土城,2019-03-06,42,7.0,8.0,nan,21.0,36.0,42.0,38.0
4,新店,2019-03-06,41,3.0,7.0,nan,17.0,27.0,41.0,37.0
3,萬里,2019-03-06,84,3.0,5.0,nan,26.0,7.0,84.0,30.0
2,汐止,2019-03-06,43,4.0,7.0,nan,17.0,27.0,43.0,30.0
67,三重,2019-03-06,53,10.0,18.0,nan,30.0,53.0,nan,38.0
17,桃園,2019-03-06,41,9.0,9.0,nan,20.0,41.0,31.0,31.0
1,基隆,2019-03-07,93,3.0,6.0,nan,52.0,9.0,93.0,80.0
17,桃園,2019-03-07,72,4.0,8.0,nan,44.0,26.0,40.0,72.0
67,三重,2019-03-07,84,6.0,15.0,nan,52.0,62.0,nan,84.0
2,汐止,2019-03-07,85,4.0,7.0,nan,45.0,30.0,47.0,85.0
3,萬里,2019-03-07,115,3.0,5.0,nan,74.0,7.0,115.0,94.0
4,新店,2019-03-07,80,4.0,7.0,nan,32.0,21.0,49.0,80.0
5,土城,2019-03-07,88,4.0,7.0,nan,43.0,20.0,54.0,88.0
6,板橋,2019-03-07,90,4.0,7.0,nan,47.0,32.0,43.0,90.0
7,新莊,2019-03-07,79,4.0,7.0,nan,49.0,32.0,48.0,79.0
8,菜寮,2019-03-07,88,3.0,8.0,nan,44.0,25.0,48.0,88.0
9,林口,2019-03-07,67,3.0,6.0,nan,40.0,25.0,54.0,67.0
10,淡水,2019-03-07,100,4.0,6.0,nan,32.0,15.0,100.0,73.0
11,士林,2019-03-07,97,3.0,6.0,nan,38.0,14.0,97.0,79.0
12,中山,2019-03-07,94,3.0,9.0,nan,48.0,43.0,45.0,94.0
13,萬華,2019-03-07,83,6.0,7.0,nan,47.0,35.0,46.0,83.0
14,古亭,2019-03-07,101,6.0,7.0,nan,49.0,30.0,49.0,101.0
15,松山,2019-03-07,88,6.0,7.0,nan,49.0,36.0,48.0,88.0
16,大同,2019-03-07,78,6.0,12.0,nan,44.0,62.0,nan,78.0
18,大園,2019-03-07,92,7.0,6.0,nan,43.0,31.0,77.0,92.0
19,觀音,2019-03-07,120,9.0,6.0,nan,54.0,21.0,64.0,120.0
20,平鎮,2019-03-07,88,3.0,8.0,nan,43.0,31.0,47.0,88.0
21,龍潭,2019-03-07,75,4.0,6.0,nan,40.0,16.0,71.0,75.0
22,湖口,2019-03-07,74,3.0,6.0,nan,40.0,14.0,71.0,74.0
23,竹東,2019-03-07,54,1.0,6.0,nan,25.0,11.0,48.0,54.0
24,新竹,2019-03-07,93,4.0,6.0,nan,43.0,18.0,50.0,93.0
25,頭份,2019-03-07,83,1.0,6.0,nan,34.0,15.0,nan,83.0
26,苗栗,2019-03-07,75,4.0,7.0,nan,31.0,22.0,43.0,75.0
27,三義,2019-03-07,50,3.0,6.0,nan,14.0,10.0,50.0,35.0
28,豐原,2019-03-07,42,3.0,5.0,nan,7.0,12.0,42.0,32.0
29,沙鹿,2019-03-07,53,3.0,6.0,nan,21.0,16.0,49.0,53.0
30,大里,2019-03-07,33,3.0,8.0,nan,14.0,33.0,30.0,26.0
31,忠明,2019-03-07,41,1.0,7.0,nan,13.0,27.0,34.0,41.0
32,西屯,2019-03-07,52,3.0,6.0,nan,25.0,19.0,46.0,52.0
33,彰化,2019-03-07,55,3.0,7.0,nan,20.0,26.0,37.0,55.0
34,線西,2019-03-07,60,7.0,6.0,nan,26.0,16.0,nan,60.0
35,二林,2019-03-07,60,6.0,6.0,nan,43.0,15.0,41.0,60.0
36,南投,2019-03-07,48,3.0,8.0,nan,24.0,34.0,21.0,48.0
37,斗六,2019-03-07,60,3.0,6.0,nan,25.0,25.0,31.0,60.0
38,崙背,2019-03-07,91,6.0,6.0,nan,31.0,26.0,42.0,91.0
39,新港,2019-03-07,61,4.0,6.0,nan,31.0,16.0,38.0,61.0
40,朴子,2019-03-07,52,4.0,6.0,nan,34.0,20.0,35.0,52.0
41,臺西,2019-03-07,75,7.0,7.0,nan,31.0,20.0,nan,75.0
42,嘉義,2019-03-07,52,6.0,7.0,nan,26.0,37.0,25.0,52.0
43,新營,2019-03-07,56,4.0,6.0,nan,28.0,23.0,27.0,56.0
44,善化,2019-03-07,59,6.0,6.0,nan,38.0,20.0,27.0,59.0
45,安南,2019-03-07,55,3.0,6.0,nan,37.0,27.0,29.0,55.0
46,臺南,2019-03-07,64,3.0,7.0,nan,33.0,27.0,26.0,64.0
47,美濃,2019-03-07,44,4.0,6.0,nan,30.0,14.0,19.0,44.0
48,橋頭,2019-03-07,88,4.0,7.0,nan,37.0,29.0,17.0,88.0
49,仁武,2019-03-07,78,13.0,7.0,nan,38.0,31.0,16.0,78.0
50,鳳山,2019-03-07,76,7.0,8.0,nan,43.0,35.0,nan,76.0
51,大寮,2019-03-07,87,7.0,7.0,nan,40.0,34.0,19.0,87.0
52,林園,2019-03-07,83,11.0,9.0,nan,51.0,39.0,22.0,83.0
53,楠梓,2019-03-07,75,3.0,6.0,nan,34.0,31.0,18.0,75.0
54,左營,2019-03-07,84,4.0,7.0,nan,35.0,32.0,20.0,84.0
56,前金,2019-03-07,85,6.0,7.0,nan,39.0,33.0,21.0,85.0
57,前鎮,2019-03-07,79,6.0,9.0,nan,45.0,37.0,nan,79.0
58,小港,2019-03-07,73,7.0,9.0,nan,43.0,40.0,19.0,73.0
59,屏東,2019-03-07,71,4.0,6.0,nan,35.0,19.0,27.0,71.0
60,潮州,2019-03-07,80,7.0,7.0,nan,51.0,25.0,28.0,80.0
61,恆春,2019-03-07,80,3.0,3.0,nan,6.0,3.0,80.0,14.0
62,臺東,2019-03-07,35,1.0,6.0,nan,8.0,9.0,35.0,26.0
63,花蓮,2019-03-07,54,4.0,7.0,nan,15.0,18.0,54.0,33.0
64,陽明,2019-03-07,71,1.0,5.0,nan,18.0,3.0,71.0,15.0
65,宜蘭,2019-03-07,77,3.0,6.0,nan,34.0,9.0,77.0,74.0
66,冬山,2019-03-07,77,4.0,5.0,nan,33.0,14.0,77.0,61.0
68,中壢,2019-03-07,86,4.0,11.0,nan,42.0,40.0,nan,86.0
69,竹山,2019-03-07,58,6.0,6.0,nan,nan,30.0,23.0,58.0
70,永和,2019-03-07,90,4.0,7.0,nan,nan,25.0,nan,90.0
71,復興,2019-03-07,92,6.0,11.0,nan,46.0,37.0,nan,92.0
72,埔里,2019-03-07,36,6.0,5.0,nan,19.0,19.0,28.0,36.0
75,馬祖,2019-03-07,129,3.0,7.0,nan,69.0,11.0,115.0,129.0
77,金門,2019-03-07,115,3.0,6.0,nan,56.0,11.0,64.0,115.0
78,馬公,2019-03-07,49,3.0,5.0,nan,27.0,7.0,49.0,47.0
80,關山,2019-03-07,46,4.0,nan,nan,11.0,8.0,46.0,28.0
83,麥寮,2019-03-07,63,6.0,6.0,nan,36.0,23.0,nan,63.0
84,富貴角,2019-03-07,121,1.0,5.0,nan,63.0,4.0,101.0,121.0
67,三重,2019-03-08,42,6.0,16.0,nan,20.0,42.0,nan,30.0
1,基隆,2019-03-08,58,1.0,5.0,nan,17.0,31.0,58.0,27.0
2,汐止,2019-03-08,44,6.0,5.0,nan,12.0,32.0,44.0,30.0
17,桃園,2019-03-08,41,7.0,6.0,nan,16.0,21.0,41.0,35.0
3,萬里,2019-03-08,74,3.0,2.0,nan,34.0,5.0,74.0,33.0
4,新店,2019-03-08,47,3.0,5.0,nan,8.0,23.0,47.0,33.0
5,土城,2019-03-08,49,6.0,6.0,nan,15.0,27.0,49.0,36.0
6,板橋,2019-03-08,44,4.0,6.0,nan,14.0,27.0,44.0,31.0
7,新莊,2019-03-08,47,4.0,6.0,nan,19.0,30.0,47.0,27.0
8,菜寮,2019-03-08,45,4.0,7.0,nan,15.0,34.0,45.0,37.0
9,林口,2019-03-08,50,3.0,3.0,nan,17.0,30.0,50.0,26.0
10,淡水,2019-03-08,47,4.0,5.0,nan,6.0,20.0,47.0,20.0
11,士林,2019-03-08,71,4.0,3.0,nan,11.0,13.0,71.0,34.0
12,中山,2019-03-08,43,7.0,7.0,nan,18.0,37.0,43.0,42.0
13,萬華,2019-03-08,44,6.0,6.0,nan,18.0,34.0,44.0,26.0
14,古亭,2019-03-08,50,7.0,5.0,nan,19.0,26.0,50.0,31.0
15,松山,2019-03-08,47,6.0,5.0,nan,18.0,34.0,47.0,38.0
16,大同,2019-03-08,50,6.0,17.0,nan,23.0,50.0,nan,39.0
18,大園,2019-03-08,47,7.0,3.0,nan,15.0,25.0,47.0,33.0
19,觀音,2019-03-08,45,11.0,5.0,nan,23.0,18.0,41.0,45.0
20,平鎮,2019-03-08,49,4.0,6.0,nan,19.0,36.0,49.0,nan
21,龍潭,2019-03-08,54,6.0,5.0,nan,19.0,19.0,54.0,43.0
22,湖口,2019-03-08,51,3.0,5.0,nan,18.0,13.0,51.0,34.0
23,竹東,2019-03-08,42,7.0,5.0,nan,16.0,24.0,42.0,nan
24,新竹,2019-03-08,56,4.0,6.0,nan,24.0,31.0,46.0,56.0
25,頭份,2019-03-08,45,6.0,5.0,nan,19.0,27.0,nan,45.0
26,苗栗,2019-03-08,57,6.0,7.0,nan,21.0,30.0,38.0,57.0
27,三義,2019-03-08,46,3.0,6.0,nan,10.0,16.0,46.0,24.0
28,豐原,2019-03-08,40,6.0,7.0,nan,14.0,31.0,35.0,40.0
29,沙鹿,2019-03-08,57,3.0,6.0,nan,17.0,23.0,45.0,57.0
30,大里,2019-03-08,40,4.0,11.0,nan,20.0,40.0,35.0,35.0
31,忠明,2019-03-08,41,4.0,9.0,nan,17.0,33.0,39.0,41.0
32,西屯,2019-03-08,44,3.0,7.0,nan,27.0,31.0,42.0,44.0
33,彰化,2019-03-08,57,3.0,9.0,nan,24.0,39.0,37.0,57.0
34,線西,2019-03-08,58,10.0,6.0,nan,22.0,31.0,nan,58.0
35,二林,2019-03-08,55,10.0,6.0,nan,39.0,21.0,40.0,55.0
36,南投,2019-03-08,56,6.0,9.0,nan,26.0,36.0,26.0,56.0
37,斗六,2019-03-08,61,6.0,7.0,nan,27.0,28.0,33.0,61.0
38,崙背,2019-03-08,82,6.0,6.0,nan,27.0,23.0,44.0,82.0
39,新港,2019-03-08,53,7.0,6.0,nan,29.0,19.0,41.0,53.0
40,朴子,2019-03-08,52,9.0,6.0,nan,30.0,23.0,42.0,52.0
41,臺西,2019-03-08,63,6.0,6.0,nan,24.0,17.0,nan,63.0
42,嘉義,2019-03-08,34,19.0,8.0,nan,33.0,34.0,30.0,nan
43,新營,2019-03-08,56,6.0,7.0,nan,32.0,24.0,30.0,56.0
44,善化,2019-03-08,56,6.0,6.0,nan,36.0,17.0,37.0,56.0
45,安南,2019-03-08,61,4.0,7.0,nan,38.0,26.0,39.0,61.0
46,臺南,2019-03-08,71,6.0,8.0,nan,36.0,33.0,35.0,71.0
47,美濃,2019-03-08,42,3.0,7.0,nan,31.0,16.0,29.0,42.0
48,橋頭,2019-03-08,86,4.0,7.0,nan,40.0,29.0,31.0,86.0
49,仁武,2019-03-08,74,13.0,8.0,nan,34.0,35.0,31.0,74.0
50,鳳山,2019-03-08,63,10.0,9.0,nan,38.0,48.0,nan,63.0
51,大寮,2019-03-08,87,7.0,7.0,nan,41.0,45.0,29.0,87.0
52,林園,2019-03-08,67,14.0,7.0,nan,36.0,32.0,47.0,67.0
53,楠梓,2019-03-08,80,4.0,7.0,nan,35.0,34.0,31.0,80.0
54,左營,2019-03-08,83,6.0,8.0,nan,34.0,31.0,37.0,83.0
56,前金,2019-03-08,93,3.0,8.0,nan,34.0,31.0,37.0,93.0
57,前鎮,2019-03-08,67,7.0,10.0,nan,38.0,40.0,nan,67.0
84,富貴角,2019-03-08,51,1.0,2.0,nan,24.0,3.0,51.0,28.0
58,小港,2019-03-08,66,6.0,9.0,nan,37.0,55.0,27.0,66.0
59,屏東,2019-03-08,67,4.0,7.0,nan,33.0,34.0,35.0,67.0
60,潮州,2019-03-08,61,3.0,6.0,nan,38.0,33.0,38.0,61.0
61,恆春,2019-03-08,90,3.0,3.0,nan,6.0,3.0,90.0,16.0
62,臺東,2019-03-08,41,1.0,8.0,nan,7.0,14.0,41.0,22.0
63,花蓮,2019-03-08,45,3.0,7.0,nan,11.0,25.0,45.0,25.0
64,陽明,2019-03-08,49,1.0,2.0,nan,4.0,3.0,49.0,5.0
65,宜蘭,2019-03-08,54,4.0,6.0,nan,12.0,18.0,54.0,29.0
66,冬山,2019-03-08,46,3.0,5.0,nan,11.0,20.0,46.0,17.0
68,中壢,2019-03-08,40,4.0,14.0,nan,19.0,40.0,nan,38.0
69,竹山,2019-03-08,67,6.0,7.0,nan,25.0,30.0,26.0,67.0
70,永和,2019-03-08,29,4.0,6.0,nan,12.0,23.0,nan,29.0
71,復興,2019-03-08,85,9.0,12.0,nan,38.0,39.0,nan,85.0
72,埔里,2019-03-08,30,6.0,6.0,nan,19.0,24.0,30.0,29.0
75,馬祖,2019-03-08,57,3.0,2.0,nan,38.0,4.0,54.0,57.0
77,金門,2019-03-08,84,6.0,6.0,nan,37.0,12.0,58.0,84.0
78,馬公,2019-03-08,44,3.0,5.0,nan,16.0,8.0,44.0,18.0
80,關山,2019-03-08,44,4.0,nan,nan,10.0,9.0,44.0,24.0
83,麥寮,2019-03-08,57,7.0,6.0,nan,31.0,23.0,nan,57.0
33,彰化,2019-03-09,30,3.0,8.0,nan,10.0,30.0,17.0,24.0
84,富貴角,2019-03-09,40,1.0,3.0,nan,16.0,19.0,40.0,9.0
83,麥寮,2019-03-09,43,4.0,5.0,nan,25.0,18.0,nan,43.0
80,關山,2019-03-09,29,4.0,nan,nan,13.0,8.0,29.0,22.0
78,馬公,2019-03-09,31,3.0,3.0,nan,10.0,14.0,31.0,12.0
77,金門,2019-03-09,54,6.0,6.0,nan,24.0,40.0,34.0,54.0
75,馬祖,2019-03-09,41,3.0,7.0,nan,21.0,14.0,40.0,41.0
72,埔里,2019-03-09,34,4.0,7.0,nan,18.0,25.0,19.0,34.0
71,復興,2019-03-09,94,11.0,12.0,nan,44.0,55.0,nan,94.0
70,永和,2019-03-09,50,4.0,19.0,nan,19.0,50.0,nan,44.0
69,竹山,2019-03-09,46,3.0,7.0,nan,18.0,24.0,29.0,46.0
68,中壢,2019-03-09,41,6.0,17.0,nan,19.0,39.0,nan,41.0
66,冬山,2019-03-09,30,4.0,5.0,nan,10.0,18.0,30.0,16.0
65,宜蘭,2019-03-09,35,3.0,6.0,nan,13.0,26.0,35.0,24.0
64,陽明,2019-03-09,44,3.0,3.0,nan,5.0,8.0,44.0,5.0
63,花蓮,2019-03-09,28,3.0,8.0,nan,12.0,28.0,22.0,21.0
62,臺東,2019-03-09,26,1.0,6.0,nan,14.0,8.0,26.0,13.0
61,恆春,2019-03-09,50,3.0,2.0,nan,13.0,4.0,50.0,21.0
60,潮州,2019-03-09,71,6.0,7.0,nan,44.0,24.0,39.0,71.0
59,屏東,2019-03-09,82,6.0,8.0,nan,46.0,25.0,34.0,82.0
58,小港,2019-03-09,74,33.0,9.0,nan,49.0,51.0,31.0,74.0
57,前鎮,2019-03-09,73,10.0,11.0,nan,49.0,53.0,nan,73.0
56,前金,2019-03-09,92,11.0,10.0,nan,52.0,54.0,32.0,92.0
54,左營,2019-03-09,87,13.0,10.0,nan,45.0,42.0,36.0,87.0
53,楠梓,2019-03-09,90,9.0,10.0,nan,47.0,36.0,30.0,90.0
52,林園,2019-03-09,72,11.0,6.0,nan,47.0,28.0,44.0,72.0
51,大寮,2019-03-09,92,20.0,7.0,nan,43.0,30.0,38.0,92.0
50,鳳山,2019-03-09,89,13.0,10.0,nan,48.0,41.0,nan,89.0
49,仁武,2019-03-09,84,14.0,8.0,nan,43.0,35.0,35.0,84.0
48,橋頭,2019-03-09,110,7.0,9.0,nan,51.0,32.0,31.0,110.0
47,美濃,2019-03-09,65,6.0,7.0,nan,41.0,12.0,25.0,65.0
46,臺南,2019-03-09,105,7.0,11.0,nan,54.0,39.0,26.0,105.0
45,安南,2019-03-09,101,6.0,7.0,nan,58.0,26.0,31.0,101.0
44,善化,2019-03-09,82,14.0,7.0,nan,49.0,23.0,33.0,82.0
43,新營,2019-03-09,72,6.0,7.0,nan,38.0,26.0,25.0,72.0
42,嘉義,2019-03-09,66,21.0,9.0,nan,34.0,26.0,26.0,66.0
41,臺西,2019-03-09,57,4.0,5.0,nan,20.0,17.0,nan,57.0
40,朴子,2019-03-09,57,4.0,6.0,nan,30.0,20.0,30.0,57.0
39,新港,2019-03-09,64,7.0,6.0,nan,28.0,20.0,28.0,64.0
38,崙背,2019-03-09,71,4.0,6.0,nan,21.0,22.0,25.0,71.0
37,斗六,2019-03-09,47,4.0,7.0,nan,19.0,25.0,26.0,47.0
36,南投,2019-03-09,36,7.0,8.0,nan,19.0,32.0,16.0,36.0
35,二林,2019-03-09,36,4.0,5.0,nan,27.0,22.0,23.0,36.0
34,線西,2019-03-09,24,6.0,5.0,nan,11.0,24.0,nan,24.0
32,西屯,2019-03-09,35,3.0,6.0,nan,17.0,35.0,25.0,22.0
31,忠明,2019-03-09,36,6.0,8.0,nan,9.0,36.0,17.0,24.0
30,大里,2019-03-09,36,4.0,9.0,nan,15.0,36.0,13.0,28.0
29,沙鹿,2019-03-09,38,6.0,6.0,nan,4.0,38.0,27.0,19.0
28,豐原,2019-03-09,31,3.0,3.0,nan,6.0,15.0,31.0,21.0
27,三義,2019-03-09,33,4.0,3.0,nan,6.0,18.0,33.0,18.0
26,苗栗,2019-03-09,31,4.0,6.0,nan,10.0,25.0,17.0,31.0
25,頭份,2019-03-09,36,3.0,6.0,nan,10.0,36.0,nan,26.0
24,新竹,2019-03-09,49,4.0,8.0,nan,20.0,35.0,14.0,49.0
23,竹東,2019-03-09,30,4.0,8.0,nan,12.0,30.0,10.0,nan
22,湖口,2019-03-09,41,4.0,6.0,nan,18.0,26.0,34.0,41.0
21,龍潭,2019-03-09,27,4.0,6.0,nan,17.0,27.0,23.0,18.0
20,平鎮,2019-03-09,38,4.0,7.0,nan,17.0,38.0,18.0,31.0
19,觀音,2019-03-09,46,7.0,6.0,nan,20.0,26.0,34.0,46.0
18,大園,2019-03-09,33,13.0,6.0,nan,17.0,32.0,33.0,25.0
16,大同,2019-03-09,50,6.0,22.0,nan,19.0,50.0,nan,33.0
15,松山,2019-03-09,48,6.0,12.0,nan,19.0,48.0,15.0,39.0
14,古亭,2019-03-09,51,6.0,14.0,nan,21.0,51.0,11.0,49.0
13,萬華,2019-03-09,50,6.0,12.0,nan,22.0,50.0,6.0,24.0
12,中山,2019-03-09,50,7.0,14.0,nan,21.0,50.0,8.0,33.0
11,士林,2019-03-09,39,3.0,9.0,nan,19.0,39.0,18.0,24.0
10,淡水,2019-03-09,35,3.0,8.0,nan,8.0,33.0,31.0,35.0
9,林口,2019-03-09,33,3.0,6.0,nan,11.0,33.0,30.0,16.0
8,菜寮,2019-03-09,54,3.0,11.0,nan,19.0,46.0,13.0,54.0
7,新莊,2019-03-09,45,6.0,9.0,nan,23.0,45.0,16.0,42.0
6,板橋,2019-03-09,49,6.0,11.0,nan,19.0,45.0,12.0,49.0
5,土城,2019-03-09,45,6.0,10.0,nan,19.0,45.0,15.0,40.0
4,新店,2019-03-09,49,4.0,11.0,nan,12.0,49.0,16.0,35.0
3,萬里,2019-03-09,35,4.0,5.0,nan,12.0,21.0,35.0,20.0
2,汐止,2019-03-09,46,6.0,11.0,nan,13.0,46.0,12.0,37.0
67,三重,2019-03-09,53,9.0,22.0,nan,24.0,53.0,nan,39.0
17,桃園,2019-03-09,37,6.0,8.0,nan,19.0,37.0,10.0,35.0
1,基隆,2019-03-09,29,9.0,7.0,nan,15.0,29.0,21.0,17.0
1,基隆,2019-03-10,35,4.0,6.0,nan,21.0,20.0,35.0,30.0
17,桃園,2019-03-10,31,6.0,7.0,nan,16.0,23.0,30.0,31.0
33,彰化,2019-03-10,34,4.0,7.0,nan,15.0,26.0,34.0,29.0
67,三重,2019-03-10,41,4.0,16.0,nan,22.0,41.0,nan,29.0
2,汐止,2019-03-10,33,6.0,7.0,nan,14.0,28.0,30.0,33.0
3,萬里,2019-03-10,44,3.0,5.0,nan,31.0,9.0,44.0,31.0
4,新店,2019-03-10,32,3.0,6.0,nan,13.0,32.0,31.0,32.0
5,土城,2019-03-10,37,4.0,7.0,nan,20.0,32.0,35.0,37.0
6,板橋,2019-03-10,35,4.0,7.0,nan,18.0,29.0,29.0,35.0
7,新莊,2019-03-10,35,3.0,7.0,nan,16.0,27.0,35.0,26.0
8,菜寮,2019-03-10,41,4.0,8.0,nan,18.0,28.0,31.0,41.0
9,林口,2019-03-10,41,4.0,6.0,nan,16.0,23.0,41.0,21.0
10,淡水,2019-03-10,37,3.0,6.0,nan,8.0,18.0,37.0,27.0
11,士林,2019-03-10,36,1.0,6.0,nan,19.0,23.0,36.0,26.0
12,中山,2019-03-10,32,3.0,8.0,nan,20.0,32.0,26.0,31.0
13,萬華,2019-03-10,32,3.0,8.0,nan,19.0,32.0,26.0,23.0
14,古亭,2019-03-10,39,3.0,7.0,nan,21.0,25.0,31.0,39.0
15,松山,2019-03-10,29,3.0,6.0,nan,19.0,28.0,26.0,29.0
16,大同,2019-03-10,49,6.0,20.0,nan,23.0,49.0,nan,32.0
18,大園,2019-03-10,43,4.0,5.0,nan,16.0,34.0,43.0,23.0
19,觀音,2019-03-10,43,7.0,6.0,nan,18.0,11.0,38.0,43.0
20,平鎮,2019-03-10,36,4.0,7.0,nan,19.0,26.0,36.0,29.0
21,龍潭,2019-03-10,40,4.0,7.0,nan,21.0,24.0,40.0,32.0
22,湖口,2019-03-10,41,3.0,6.0,nan,18.0,16.0,41.0,32.0
23,竹東,2019-03-10,32,3.0,6.0,nan,18.0,22.0,26.0,32.0
24,新竹,2019-03-10,45,4.0,6.0,nan,20.0,23.0,34.0,45.0
25,頭份,2019-03-10,32,3.0,6.0,nan,14.0,21.0,nan,32.0
26,苗栗,2019-03-10,36,6.0,6.0,nan,15.0,25.0,29.0,36.0
27,三義,2019-03-10,39,4.0,5.0,nan,15.0,10.0,35.0,39.0
28,豐原,2019-03-10,36,6.0,5.0,nan,16.0,21.0,36.0,nan
29,沙鹿,2019-03-10,38,3.0,5.0,nan,10.0,31.0,38.0,28.0
30,大里,2019-03-10,35,3.0,8.0,nan,17.0,31.0,33.0,35.0
31,忠明,2019-03-10,33,6.0,7.0,nan,11.0,30.0,29.0,33.0
32,西屯,2019-03-10,38,3.0,5.0,nan,20.0,23.0,38.0,25.0
34,線西,2019-03-10,28,7.0,5.0,nan,14.0,19.0,nan,28.0
35,二林,2019-03-10,36,9.0,5.0,nan,29.0,14.0,33.0,36.0
36,南投,2019-03-10,35,4.0,7.0,nan,23.0,28.0,27.0,35.0
37,斗六,2019-03-10,48,6.0,6.0,nan,21.0,20.0,37.0,48.0
38,崙背,2019-03-10,62,6.0,5.0,nan,19.0,15.0,40.0,62.0
39,新港,2019-03-10,41,7.0,5.0,nan,22.0,18.0,34.0,41.0
40,朴子,2019-03-10,35,6.0,5.0,nan,24.0,18.0,35.0,30.0
41,臺西,2019-03-10,41,9.0,5.0,nan,18.0,16.0,nan,41.0
42,嘉義,2019-03-10,49,7.0,7.0,nan,24.0,25.0,32.0,49.0
43,新營,2019-03-10,38,4.0,6.0,nan,25.0,20.0,30.0,38.0
44,善化,2019-03-10,40,11.0,5.0,nan,30.0,16.0,40.0,32.0
45,安南,2019-03-10,44,6.0,5.0,nan,32.0,25.0,44.0,43.0
46,臺南,2019-03-10,45,3.0,8.0,nan,26.0,34.0,41.0,45.0
47,美濃,2019-03-10,35,4.0,3.0,nan,23.0,12.0,35.0,25.0
48,橋頭,2019-03-10,53,4.0,5.0,nan,21.0,24.0,43.0,53.0
49,仁武,2019-03-10,42,10.0,5.0,nan,20.0,28.0,41.0,42.0
50,鳳山,2019-03-10,35,7.0,7.0,nan,24.0,35.0,nan,34.0
51,大寮,2019-03-10,51,10.0,5.0,nan,18.0,25.0,43.0,51.0
52,林園,2019-03-10,40,10.0,5.0,nan,23.0,25.0,40.0,29.0
53,楠梓,2019-03-10,40,4.0,5.0,nan,19.0,27.0,40.0,39.0
54,左營,2019-03-10,57,4.0,6.0,nan,20.0,28.0,44.0,57.0
56,前金,2019-03-10,45,6.0,5.0,nan,19.0,30.0,45.0,44.0
57,前鎮,2019-03-10,33,3.0,8.0,nan,24.0,33.0,nan,23.0
58,小港,2019-03-10,41,6.0,6.0,nan,19.0,38.0,41.0,30.0
59,屏東,2019-03-10,45,3.0,5.0,nan,20.0,21.0,45.0,30.0
60,潮州,2019-03-10,44,4.0,3.0,nan,23.0,15.0,44.0,42.0
61,恆春,2019-03-10,48,3.0,2.0,nan,15.0,6.0,48.0,27.0
62,臺東,2019-03-10,28,1.0,5.0,nan,15.0,6.0,28.0,21.0
63,花蓮,2019-03-10,41,1.0,5.0,nan,17.0,13.0,41.0,29.0
64,陽明,2019-03-10,43,4.0,3.0,nan,8.0,2.0,43.0,15.0
65,宜蘭,2019-03-10,44,3.0,5.0,nan,17.0,8.0,44.0,32.0
66,冬山,2019-03-10,46,3.0,5.0,nan,21.0,15.0,46.0,17.0
68,中壢,2019-03-10,39,3.0,12.0,nan,19.0,37.0,nan,39.0
69,竹山,2019-03-10,49,1.0,6.0,nan,26.0,21.0,37.0,49.0
70,永和,2019-03-10,36,3.0,11.0,nan,17.0,29.0,nan,36.0
71,復興,2019-03-10,52,6.0,9.0,nan,22.0,34.0,nan,52.0
72,埔里,2019-03-10,41,4.0,5.0,nan,22.0,20.0,36.0,41.0
75,馬祖,2019-03-10,49,4.0,3.0,nan,22.0,13.0,35.0,49.0
77,金門,2019-03-10,72,9.0,7.0,nan,33.0,34.0,21.0,72.0
78,馬公,2019-03-10,27,3.0,3.0,nan,10.0,19.0,27.0,13.0
80,關山,2019-03-10,32,4.0,nan,nan,14.0,6.0,32.0,30.0
83,麥寮,2019-03-10,29,6.0,5.0,nan,25.0,15.0,nan,29.0
84,富貴角,2019-03-10,44,1.0,3.0,nan,35.0,4.0,44.0,44.0
1,基隆,2019-03-11,61,3.0,6.0,nan,34.0,33.0,61.0,58.0
84,富貴角,2019-03-11,90,1.0,3.0,nan,53.0,4.0,90.0,76.0
83,麥寮,2019-03-11,77,10.0,6.0,nan,52.0,29.0,nan,77.0
80,關山,2019-03-11,47,4.0,nan,nan,22.0,8.0,42.0,47.0
78,馬公,2019-03-11,52,1.0,5.0,nan,30.0,8.0,39.0,52.0
77,金門,2019-03-11,113,16.0,6.0,nan,59.0,26.0,100.0,113.0
75,馬祖,2019-03-11,87,6.0,3.0,nan,41.0,11.0,87.0,74.0
72,埔里,2019-03-11,62,6.0,8.0,nan,33.0,29.0,22.0,62.0
71,復興,2019-03-11,99,9.0,16.0,nan,45.0,44.0,nan,99.0
70,永和,2019-03-11,71,6.0,8.0,nan,40.0,38.0,nan,71.0
69,竹山,2019-03-11,114,6.0,7.0,nan,54.0,34.0,13.0,114.0
68,中壢,2019-03-11,76,7.0,23.0,nan,48.0,50.0,nan,76.0
66,冬山,2019-03-11,48,4.0,3.0,nan,36.0,15.0,47.0,48.0
65,宜蘭,2019-03-11,65,3.0,5.0,nan,38.0,11.0,49.0,65.0
64,陽明,2019-03-11,67,4.0,3.0,nan,29.0,3.0,67.0,55.0
63,花蓮,2019-03-11,57,4.0,7.0,nan,33.0,26.0,36.0,57.0
62,臺東,2019-03-11,36,1.0,7.0,nan,18.0,11.0,33.0,36.0
61,恆春,2019-03-11,61,3.0,3.0,nan,12.0,3.0,61.0,27.0
60,潮州,2019-03-11,66,6.0,6.0,nan,38.0,25.0,36.0,66.0
59,屏東,2019-03-11,59,3.0,7.0,nan,34.0,23.0,40.0,59.0
58,小港,2019-03-11,79,9.0,10.0,nan,44.0,46.0,31.0,79.0
57,前鎮,2019-03-11,86,7.0,14.0,nan,48.0,43.0,nan,86.0
56,前金,2019-03-11,106,7.0,9.0,nan,47.0,41.0,39.0,106.0
54,左營,2019-03-11,96,7.0,9.0,nan,45.0,39.0,37.0,96.0
53,楠梓,2019-03-11,92,6.0,8.0,nan,46.0,32.0,32.0,92.0
52,林園,2019-03-11,70,10.0,6.0,nan,41.0,35.0,43.0,70.0
51,大寮,2019-03-11,85,9.0,8.0,nan,39.0,34.0,35.0,85.0
50,鳳山,2019-03-11,75,7.0,9.0,nan,47.0,39.0,nan,75.0
49,仁武,2019-03-11,90,9.0,9.0,nan,43.0,38.0,32.0,90.0
48,橋頭,2019-03-11,112,7.0,8.0,nan,51.0,33.0,31.0,112.0
47,美濃,2019-03-11,56,3.0,6.0,nan,33.0,14.0,28.0,56.0
46,臺南,2019-03-11,98,7.0,9.0,nan,56.0,33.0,30.0,98.0
45,安南,2019-03-11,90,6.0,8.0,nan,58.0,30.0,32.0,90.0
44,善化,2019-03-11,89,7.0,7.0,nan,59.0,28.0,27.0,89.0
43,新營,2019-03-11,94,7.0,7.0,nan,52.0,33.0,23.0,94.0
42,嘉義,2019-03-11,94,24.0,9.0,nan,52.0,44.0,19.0,94.0
41,臺西,2019-03-11,75,10.0,5.0,nan,39.0,18.0,nan,75.0
40,朴子,2019-03-11,82,9.0,7.0,nan,54.0,32.0,32.0,82.0
39,新港,2019-03-11,87,9.0,7.0,nan,53.0,25.0,31.0,87.0
38,崙背,2019-03-11,106,9.0,7.0,nan,47.0,25.0,32.0,106.0
37,斗六,2019-03-11,80,6.0,8.0,nan,44.0,34.0,19.0,80.0
36,南投,2019-03-11,77,7.0,9.0,nan,44.0,38.0,10.0,77.0
35,二林,2019-03-11,70,11.0,6.0,nan,56.0,23.0,30.0,70.0
34,線西,2019-03-11,63,7.0,6.0,nan,36.0,25.0,nan,63.0
32,西屯,2019-03-11,61,3.0,6.0,nan,36.0,34.0,29.0,61.0
31,忠明,2019-03-11,56,4.0,7.0,nan,27.0,37.0,18.0,56.0
30,大里,2019-03-11,44,4.0,11.0,nan,35.0,41.0,16.0,44.0
29,沙鹿,2019-03-11,46,4.0,6.0,nan,26.0,25.0,32.0,46.0
28,豐原,2019-03-11,45,7.0,6.0,nan,23.0,32.0,25.0,45.0
27,三義,2019-03-11,64,4.0,5.0,nan,23.0,14.0,31.0,64.0
26,苗栗,2019-03-11,64,7.0,7.0,nan,33.0,23.0,29.0,64.0
25,頭份,2019-03-11,68,4.0,6.0,nan,38.0,27.0,nan,68.0
24,新竹,2019-03-11,82,6.0,6.0,nan,48.0,33.0,47.0,82.0
23,竹東,2019-03-11,34,3.0,6.0,nan,34.0,18.0,34.0,nan
22,湖口,2019-03-11,74,4.0,6.0,nan,45.0,31.0,64.0,74.0
21,龍潭,2019-03-11,77,6.0,7.0,nan,45.0,33.0,58.0,77.0
20,平鎮,2019-03-11,85,6.0,8.0,nan,47.0,33.0,50.0,85.0
19,觀音,2019-03-11,110,16.0,7.0,nan,56.0,39.0,45.0,110.0
18,大園,2019-03-11,89,10.0,6.0,nan,45.0,51.0,50.0,89.0
16,大同,2019-03-11,66,10.0,16.0,nan,45.0,60.0,nan,66.0
15,松山,2019-03-11,70,7.0,8.0,nan,45.0,49.0,39.0,70.0
14,古亭,2019-03-11,71,6.0,7.0,nan,42.0,39.0,46.0,71.0
13,萬華,2019-03-11,79,6.0,8.0,nan,44.0,50.0,43.0,79.0
12,中山,2019-03-11,80,10.0,10.0,nan,45.0,49.0,41.0,80.0
11,士林,2019-03-11,75,11.0,5.0,nan,40.0,18.0,64.0,75.0
10,淡水,2019-03-11,63,6.0,6.0,nan,29.0,25.0,44.0,63.0
9,林口,2019-03-11,66,6.0,6.0,nan,47.0,36.0,47.0,66.0
8,菜寮,2019-03-11,73,10.0,8.0,nan,42.0,36.0,44.0,73.0
7,新莊,2019-03-11,64,6.0,8.0,nan,43.0,40.0,46.0,64.0
6,板橋,2019-03-11,67,6.0,8.0,nan,41.0,47.0,38.0,67.0
5,土城,2019-03-11,68,6.0,8.0,nan,42.0,33.0,46.0,68.0
4,新店,2019-03-11,67,4.0,7.0,nan,34.0,34.0,40.0,67.0
3,萬里,2019-03-11,74,3.0,3.0,nan,51.0,12.0,74.0,58.0
2,汐止,2019-03-11,64,14.0,7.0,nan,37.0,42.0,44.0,64.0
67,三重,2019-03-11,71,10.0,17.0,nan,51.0,62.0,nan,71.0
33,彰化,2019-03-11,63,4.0,9.0,nan,33.0,35.0,23.0,63.0
17,桃園,2019-03-11,78,9.0,9.0,nan,46.0,38.0,39.0,78.0
84,富貴角,2019-03-12,112,7.0,3.0,nan,53.0,7.0,112.0,79.0
1,基隆,2019-03-12,101,6.0,8.0,nan,42.0,32.0,101.0,69.0
33,彰化,2019-03-12,97,9.0,9.0,nan,44.0,35.0,97.0,84.0
67,三重,2019-03-12,75,9.0,16.0,nan,54.0,61.0,nan,75.0
2,汐止,2019-03-12,93,13.0,7.0,nan,39.0,39.0,93.0,65.0
3,萬里,2019-03-12,112,16.0,3.0,nan,42.0,16.0,112.0,66.0
4,新店,2019-03-12,87,4.0,6.0,nan,39.0,33.0,87.0,78.0
5,土城,2019-03-12,104,3.0,6.0,nan,44.0,28.0,104.0,70.0
6,板橋,2019-03-12,74,3.0,8.0,nan,44.0,38.0,74.0,72.0
7,新莊,2019-03-12,100,6.0,8.0,nan,54.0,44.0,100.0,70.0
8,菜寮,2019-03-12,87,4.0,8.0,nan,45.0,44.0,87.0,76.0
9,林口,2019-03-12,104,4.0,5.0,nan,47.0,27.0,104.0,63.0
10,淡水,2019-03-12,126,7.0,5.0,nan,38.0,29.0,126.0,62.0
11,士林,2019-03-12,118,11.0,6.0,nan,45.0,39.0,118.0,80.0
12,中山,2019-03-12,77,6.0,9.0,nan,49.0,48.0,61.0,77.0
13,萬華,2019-03-12,75,4.0,7.0,nan,47.0,45.0,64.0,75.0
14,古亭,2019-03-12,90,4.0,7.0,nan,45.0,43.0,90.0,85.0
15,松山,2019-03-12,90,6.0,7.0,nan,48.0,45.0,90.0,67.0
16,大同,2019-03-12,66,6.0,15.0,nan,48.0,66.0,nan,65.0
17,桃園,2019-03-12,77,10.0,7.0,nan,48.0,27.0,54.0,77.0
18,大園,2019-03-12,108,9.0,6.0,nan,48.0,42.0,108.0,78.0
19,觀音,2019-03-12,108,16.0,6.0,nan,57.0,27.0,108.0,97.0
20,平鎮,2019-03-12,97,6.0,8.0,nan,49.0,32.0,97.0,85.0
21,龍潭,2019-03-12,108,7.0,8.0,nan,50.0,40.0,108.0,79.0
22,湖口,2019-03-12,129,7.0,7.0,nan,52.0,23.0,129.0,78.0
23,竹東,2019-03-12,61,7.0,6.0,nan,40.0,19.0,61.0,nan
24,新竹,2019-03-12,108,4.0,7.0,nan,51.0,32.0,108.0,81.0
25,頭份,2019-03-12,70,6.0,6.0,nan,43.0,31.0,nan,70.0
26,苗栗,2019-03-12,71,9.0,7.0,nan,41.0,33.0,64.0,71.0
27,三義,2019-03-12,115,6.0,5.0,nan,32.0,16.0,115.0,74.0
28,豐原,2019-03-12,122,6.0,7.0,nan,40.0,25.0,122.0,66.0
29,沙鹿,2019-03-12,122,6.0,7.0,nan,41.0,47.0,122.0,65.0
30,大里,2019-03-12,115,6.0,10.0,nan,52.0,44.0,115.0,72.0
31,忠明,2019-03-12,101,6.0,9.0,nan,41.0,57.0,101.0,79.0
32,西屯,2019-03-12,115,4.0,6.0,nan,48.0,44.0,115.0,81.0
34,線西,2019-03-12,83,10.0,6.0,nan,52.0,25.0,nan,83.0
35,二林,2019-03-12,84,10.0,6.0,nan,66.0,19.0,84.0,84.0
36,南投,2019-03-12,88,7.0,9.0,nan,52.0,31.0,54.0,88.0
37,斗六,2019-03-12,126,10.0,7.0,nan,54.0,26.0,126.0,115.0
38,崙背,2019-03-12,146,7.0,6.0,nan,56.0,18.0,146.0,110.0
39,新港,2019-03-12,118,7.0,7.0,nan,61.0,22.0,118.0,114.0
40,朴子,2019-03-12,112,7.0,7.0,nan,60.0,20.0,112.0,102.0
41,臺西,2019-03-12,99,7.0,5.0,nan,55.0,17.0,nan,99.0
42,嘉義,2019-03-12,116,30.0,9.0,nan,61.0,31.0,108.0,116.0
43,新營,2019-03-12,118,6.0,8.0,nan,61.0,27.0,74.0,118.0
44,善化,2019-03-12,112,11.0,8.0,nan,59.0,28.0,112.0,100.0
45,安南,2019-03-12,115,7.0,8.0,nan,60.0,31.0,115.0,106.0
46,臺南,2019-03-12,112,10.0,10.0,nan,57.0,35.0,112.0,100.0
47,美濃,2019-03-12,101,6.0,7.0,nan,47.0,11.0,101.0,71.0
48,橋頭,2019-03-12,127,6.0,9.0,nan,52.0,38.0,112.0,127.0
49,仁武,2019-03-12,113,10.0,9.0,nan,54.0,37.0,108.0,113.0
50,鳳山,2019-03-12,116,9.0,11.0,nan,60.0,39.0,nan,116.0
51,大寮,2019-03-12,115,29.0,10.0,nan,57.0,34.0,100.0,115.0
52,林園,2019-03-12,151,10.0,8.0,nan,59.0,31.0,151.0,123.0
53,楠梓,2019-03-12,118,7.0,10.0,nan,54.0,35.0,101.0,118.0
54,左營,2019-03-12,128,6.0,9.0,nan,54.0,31.0,122.0,128.0
56,前金,2019-03-12,129,6.0,8.0,nan,55.0,28.0,129.0,128.0
57,前鎮,2019-03-12,110,9.0,10.0,nan,58.0,42.0,nan,110.0
58,小港,2019-03-12,102,10.0,10.0,nan,57.0,43.0,87.0,102.0
59,屏東,2019-03-12,136,16.0,9.0,nan,55.0,24.0,136.0,102.0
60,潮州,2019-03-12,146,7.0,7.0,nan,56.0,21.0,146.0,94.0
61,恆春,2019-03-12,115,3.0,2.0,nan,32.0,2.0,115.0,46.0
62,臺東,2019-03-12,60,3.0,6.0,nan,35.0,13.0,44.0,60.0
63,花蓮,2019-03-12,112,4.0,6.0,nan,37.0,18.0,112.0,58.0
64,陽明,2019-03-12,90,10.0,3.0,nan,42.0,6.0,90.0,71.0
65,宜蘭,2019-03-12,115,3.0,5.0,nan,41.0,20.0,115.0,68.0
66,冬山,2019-03-12,97,7.0,5.0,nan,44.0,18.0,97.0,57.0
68,中壢,2019-03-12,93,6.0,18.0,nan,51.0,53.0,nan,93.0
69,竹山,2019-03-12,122,6.0,7.0,nan,56.0,28.0,122.0,119.0
70,永和,2019-03-12,67,4.0,9.0,nan,42.0,37.0,nan,67.0
71,復興,2019-03-12,126,9.0,11.0,nan,62.0,41.0,nan,126.0
72,埔里,2019-03-12,136,6.0,6.0,nan,45.0,21.0,136.0,74.0
75,馬祖,2019-03-12,132,7.0,8.0,nan,53.0,17.0,132.0,97.0
77,金門,2019-03-12,136,19.0,5.0,nan,70.0,19.0,136.0,134.0
78,馬公,2019-03-12,87,3.0,5.0,nan,44.0,8.0,87.0,70.0
80,關山,2019-03-12,58,4.0,nan,nan,35.0,7.0,47.0,58.0
83,麥寮,2019-03-12,88,10.0,7.0,nan,61.0,22.0,nan,88.0
83,麥寮,2019-03-13,135,7.0,6.0,nan,76.0,23.0,nan,135.0
1,基隆,2019-03-13,100,3.0,5.0,nan,41.0,33.0,100.0,68.0
33,彰化,2019-03-13,118,10.0,10.0,nan,57.0,38.0,118.0,114.0
49,仁武,2019-03-13,126,11.0,6.0,nan,53.0,39.0,126.0,99.0
67,三重,2019-03-13,68,7.0,16.0,nan,46.0,64.0,nan,68.0
2,汐止,2019-03-13,87,6.0,6.0,nan,38.0,44.0,87.0,65.0
3,萬里,2019-03-13,108,14.0,3.0,nan,39.0,16.0,108.0,62.0
4,新店,2019-03-13,93,3.0,6.0,nan,33.0,40.0,93.0,63.0
5,土城,2019-03-13,90,6.0,7.0,nan,41.0,30.0,90.0,69.0
6,板橋,2019-03-13,59,4.0,8.0,nan,38.0,48.0,51.0,59.0
7,新莊,2019-03-13,80,6.0,9.0,nan,47.0,54.0,80.0,58.0
8,菜寮,2019-03-13,80,6.0,8.0,nan,40.0,44.0,80.0,66.0
9,林口,2019-03-13,93,3.0,5.0,nan,41.0,26.0,93.0,53.0
10,淡水,2019-03-13,126,4.0,3.0,nan,32.0,8.0,126.0,57.0
11,士林,2019-03-13,112,1.0,3.0,nan,39.0,10.0,112.0,71.0
12,中山,2019-03-13,80,3.0,7.0,nan,43.0,44.0,80.0,64.0
13,萬華,2019-03-13,63,4.0,7.0,nan,43.0,43.0,51.0,63.0
14,古亭,2019-03-13,90,4.0,10.0,nan,43.0,13.0,90.0,77.0
15,松山,2019-03-13,77,4.0,5.0,nan,40.0,40.0,77.0,60.0
16,大同,2019-03-13,66,6.0,16.0,nan,44.0,63.0,nan,66.0
17,桃園,2019-03-13,68,10.0,7.0,nan,42.0,34.0,45.0,68.0
18,大園,2019-03-13,87,9.0,6.0,nan,42.0,40.0,87.0,77.0
19,觀音,2019-03-13,81,19.0,7.0,nan,50.0,32.0,77.0,81.0
20,平鎮,2019-03-13,74,7.0,7.0,nan,43.0,41.0,67.0,74.0
21,龍潭,2019-03-13,74,4.0,6.0,nan,39.0,31.0,67.0,74.0
22,湖口,2019-03-13,112,7.0,11.0,nan,49.0,41.0,112.0,78.0
23,竹東,2019-03-13,66,9.0,7.0,nan,35.0,22.0,43.0,66.0
24,新竹,2019-03-13,97,4.0,9.0,nan,45.0,39.0,97.0,86.0
25,頭份,2019-03-13,84,14.0,7.0,nan,44.0,33.0,nan,84.0
26,苗栗,2019-03-13,84,9.0,8.0,nan,43.0,33.0,67.0,84.0
27,三義,2019-03-13,112,10.0,5.0,nan,41.0,27.0,112.0,96.0
28,豐原,2019-03-13,132,9.0,14.0,nan,47.0,27.0,132.0,92.0
29,沙鹿,2019-03-13,126,10.0,9.0,nan,57.0,56.0,126.0,103.0
30,大里,2019-03-13,118,10.0,9.0,nan,56.0,40.0,118.0,90.0
31,忠明,2019-03-13,120,7.0,10.0,nan,57.0,56.0,112.0,120.0
32,西屯,2019-03-13,129,9.0,10.0,nan,66.0,46.0,129.0,117.0
34,線西,2019-03-13,120,10.0,7.0,nan,67.0,39.0,nan,120.0
35,二林,2019-03-13,125,11.0,7.0,nan,84.0,24.0,100.0,125.0
36,南投,2019-03-13,111,6.0,8.0,nan,59.0,32.0,64.0,111.0
37,斗六,2019-03-13,136,4.0,6.0,nan,62.0,20.0,136.0,131.0
38,崙背,2019-03-13,151,7.0,6.0,nan,75.0,24.0,146.0,151.0
39,新港,2019-03-13,142,6.0,7.0,nan,76.0,20.0,101.0,142.0
40,朴子,2019-03-13,141,6.0,8.0,nan,78.0,31.0,108.0,141.0
41,臺西,2019-03-13,142,13.0,6.0,nan,69.0,25.0,nan,142.0
42,嘉義,2019-03-13,112,10.0,7.0,nan,61.0,27.0,112.0,107.0
43,新營,2019-03-13,103,6.0,7.0,nan,64.0,29.0,64.0,103.0
44,善化,2019-03-13,104,14.0,6.0,nan,66.0,24.0,104.0,95.0
45,安南,2019-03-13,132,6.0,7.0,nan,69.0,33.0,132.0,109.0
46,臺南,2019-03-13,122,7.0,8.0,nan,64.0,46.0,122.0,107.0
47,美濃,2019-03-13,80,4.0,5.0,nan,51.0,11.0,80.0,73.0
48,橋頭,2019-03-13,143,6.0,7.0,nan,57.0,36.0,143.0,123.0
50,鳳山,2019-03-13,104,6.0,8.0,nan,57.0,39.0,nan,104.0
51,大寮,2019-03-13,111,20.0,7.0,nan,55.0,35.0,104.0,111.0
52,林園,2019-03-13,143,7.0,5.0,nan,51.0,21.0,143.0,88.0
53,楠梓,2019-03-13,132,6.0,7.0,nan,55.0,31.0,132.0,104.0
54,左營,2019-03-13,146,7.0,6.0,nan,57.0,32.0,146.0,121.0
56,前金,2019-03-13,140,6.0,7.0,nan,57.0,25.0,140.0,117.0
57,前鎮,2019-03-13,97,6.0,8.0,nan,58.0,39.0,nan,97.0
58,小港,2019-03-13,101,9.0,7.0,nan,57.0,42.0,101.0,93.0
59,屏東,2019-03-13,151,9.0,7.0,nan,58.0,29.0,151.0,113.0
60,潮州,2019-03-13,122,10.0,5.0,nan,47.0,14.0,122.0,79.0
61,恆春,2019-03-13,97,1.0,2.0,nan,35.0,2.0,97.0,49.0
62,臺東,2019-03-13,54,1.0,5.0,nan,27.0,14.0,35.0,54.0
63,花蓮,2019-03-13,58,3.0,3.0,nan,32.0,9.0,51.0,58.0
64,陽明,2019-03-13,93,4.0,2.0,nan,31.0,3.0,93.0,63.0
65,宜蘭,2019-03-13,90,3.0,5.0,nan,40.0,20.0,90.0,67.0
66,冬山,2019-03-13,57,13.0,5.0,nan,44.0,31.0,51.0,57.0
68,中壢,2019-03-13,84,10.0,22.0,nan,46.0,53.0,nan,84.0
69,竹山,2019-03-13,142,6.0,6.0,nan,64.0,17.0,136.0,142.0
70,永和,2019-03-13,62,3.0,12.0,nan,38.0,43.0,nan,62.0
71,復興,2019-03-13,112,6.0,9.0,nan,60.0,32.0,nan,112.0
72,埔里,2019-03-13,132,6.0,7.0,nan,61.0,24.0,132.0,109.0
75,馬祖,2019-03-13,112,9.0,6.0,nan,70.0,11.0,112.0,99.0
77,金門,2019-03-13,140,11.0,6.0,nan,79.0,37.0,112.0,140.0
78,馬公,2019-03-13,85,3.0,5.0,nan,60.0,8.0,61.0,85.0
80,關山,2019-03-13,51,4.0,nan,nan,27.0,3.0,42.0,51.0
84,富貴角,2019-03-13,112,4.0,2.0,nan,44.0,6.0,112.0,76.0
33,彰化,2019-03-14,124,16.0,7.0,nan,64.0,32.0,61.0,124.0
14,古亭,2019-03-14,78,6.0,8.0,nan,50.0,34.0,61.0,78.0
64,陽明,2019-03-14,80,3.0,3.0,nan,26.0,8.0,80.0,50.0
65,宜蘭,2019-03-14,90,4.0,5.0,nan,39.0,12.0,90.0,64.0
15,松山,2019-03-14,87,6.0,6.0,nan,52.0,40.0,87.0,69.0
66,冬山,2019-03-14,77,4.0,5.0,nan,43.0,21.0,77.0,56.0
68,中壢,2019-03-14,81,7.0,18.0,nan,48.0,45.0,nan,81.0
16,大同,2019-03-14,71,7.0,23.0,nan,52.0,71.0,nan,70.0
69,竹山,2019-03-14,148,7.0,5.0,nan,66.0,17.0,112.0,148.0
17,桃園,2019-03-14,74,13.0,9.0,nan,49.0,46.0,40.0,74.0
18,大園,2019-03-14,67,9.0,6.0,nan,44.0,33.0,67.0,66.0
70,永和,2019-03-14,69,4.0,12.0,nan,46.0,38.0,nan,69.0
19,觀音,2019-03-14,67,24.0,5.0,nan,50.0,29.0,64.0,67.0
71,復興,2019-03-14,124,9.0,8.0,nan,68.0,32.0,nan,124.0
20,平鎮,2019-03-14,57,7.0,6.0,nan,49.0,35.0,50.0,57.0
72,埔里,2019-03-14,115,3.0,6.0,nan,56.0,15.0,115.0,94.0
21,龍潭,2019-03-14,71,4.0,6.0,nan,51.0,27.0,58.0,71.0
75,馬祖,2019-03-14,84,7.0,5.0,nan,54.0,12.0,84.0,64.0
22,湖口,2019-03-14,87,6.0,19.0,nan,49.0,24.0,87.0,69.0
63,花蓮,2019-03-14,49,4.0,7.0,nan,35.0,25.0,48.0,49.0
77,金門,2019-03-14,118,11.0,5.0,nan,68.0,15.0,67.0,118.0
23,竹東,2019-03-14,76,7.0,6.0,nan,52.0,19.0,40.0,76.0
78,馬公,2019-03-14,70,3.0,3.0,nan,52.0,nan,47.0,70.0
80,關山,2019-03-14,47,4.0,nan,nan,30.0,6.0,41.0,47.0
83,麥寮,2019-03-14,92,10.0,5.0,nan,68.0,15.0,nan,92.0
24,新竹,2019-03-14,82,6.0,7.0,nan,54.0,31.0,49.0,82.0
25,頭份,2019-03-14,79,7.0,6.0,nan,53.0,28.0,nan,79.0
84,富貴角,2019-03-14,84,3.0,3.0,nan,53.0,15.0,84.0,72.0
26,苗栗,2019-03-14,84,4.0,6.0,nan,54.0,28.0,44.0,84.0
27,三義,2019-03-14,99,6.0,5.0,nan,50.0,14.0,67.0,99.0
28,豐原,2019-03-14,80,9.0,7.0,nan,56.0,32.0,80.0,nan
29,沙鹿,2019-03-14,91,7.0,7.0,nan,61.0,25.0,87.0,91.0
30,大里,2019-03-14,93,7.0,8.0,nan,60.0,24.0,93.0,91.0
31,忠明,2019-03-14,110,13.0,7.0,nan,57.0,37.0,74.0,110.0
32,西屯,2019-03-14,111,11.0,7.0,nan,67.0,30.0,80.0,111.0
34,線西,2019-03-14,128,9.0,7.0,nan,68.0,43.0,nan,128.0
35,二林,2019-03-14,115,9.0,6.0,nan,85.0,15.0,54.0,115.0
36,南投,2019-03-14,110,6.0,6.0,nan,60.0,25.0,47.0,110.0
37,斗六,2019-03-14,152,10.0,6.0,nan,69.0,21.0,104.0,152.0
38,崙背,2019-03-14,131,7.0,5.0,nan,73.0,16.0,108.0,131.0
39,新港,2019-03-14,141,6.0,5.0,nan,86.0,23.0,80.0,141.0
40,朴子,2019-03-14,118,7.0,5.0,nan,76.0,18.0,90.0,118.0
41,臺西,2019-03-14,96,21.0,5.0,nan,61.0,53.0,nan,96.0
42,嘉義,2019-03-14,148,13.0,6.0,nan,76.0,30.0,84.0,148.0
43,新營,2019-03-14,119,4.0,6.0,nan,75.0,28.0,51.0,119.0
44,善化,2019-03-14,137,9.0,6.0,nan,83.0,22.0,104.0,137.0
45,安南,2019-03-14,129,6.0,6.0,nan,79.0,30.0,129.0,128.0
1,基隆,2019-03-14,100,6.0,5.0,nan,45.0,23.0,100.0,62.0
46,臺南,2019-03-14,117,9.0,6.0,nan,73.0,28.0,115.0,117.0
49,仁武,2019-03-14,125,13.0,7.0,nan,62.0,27.0,108.0,125.0
47,美濃,2019-03-14,87,3.0,5.0,nan,57.0,8.0,80.0,87.0
67,三重,2019-03-14,71,11.0,23.0,nan,54.0,67.0,nan,71.0
48,橋頭,2019-03-14,140,7.0,6.0,nan,69.0,28.0,126.0,140.0
50,鳳山,2019-03-14,121,13.0,8.0,nan,65.0,35.0,nan,121.0
51,大寮,2019-03-14,119,13.0,6.0,nan,60.0,28.0,112.0,119.0
2,汐止,2019-03-14,67,4.0,6.0,nan,44.0,34.0,51.0,67.0
52,林園,2019-03-14,132,9.0,5.0,nan,63.0,20.0,132.0,103.0
3,萬里,2019-03-14,80,3.0,5.0,nan,46.0,23.0,80.0,62.0
53,楠梓,2019-03-14,131,10.0,6.0,nan,67.0,31.0,104.0,131.0
4,新店,2019-03-14,77,4.0,6.0,nan,41.0,18.0,77.0,67.0
5,土城,2019-03-14,79,10.0,8.0,nan,50.0,39.0,58.0,79.0
54,左營,2019-03-14,132,9.0,7.0,nan,65.0,29.0,126.0,132.0
6,板橋,2019-03-14,67,11.0,8.0,nan,46.0,46.0,47.0,67.0
7,新莊,2019-03-14,66,10.0,9.0,nan,52.0,48.0,54.0,66.0
56,前金,2019-03-14,145,10.0,7.0,nan,70.0,36.0,118.0,145.0
8,菜寮,2019-03-14,68,4.0,8.0,nan,45.0,37.0,50.0,68.0
57,前鎮,2019-03-14,117,9.0,8.0,nan,66.0,36.0,nan,117.0
9,林口,2019-03-14,67,6.0,6.0,nan,44.0,31.0,67.0,54.0
10,淡水,2019-03-14,104,6.0,5.0,nan,39.0,21.0,104.0,58.0
58,小港,2019-03-14,104,19.0,6.0,nan,64.0,42.0,90.0,104.0
59,屏東,2019-03-14,151,4.0,7.0,nan,67.0,21.0,151.0,122.0
11,士林,2019-03-14,93,4.0,6.0,nan,50.0,28.0,93.0,64.0
60,潮州,2019-03-14,146,7.0,5.0,nan,60.0,14.0,146.0,96.0
12,中山,2019-03-14,71,9.0,11.0,nan,52.0,56.0,42.0,71.0
61,恆春,2019-03-14,97,1.0,2.0,nan,40.0,2.0,97.0,46.0
13,萬華,2019-03-14,61,6.0,8.0,nan,48.0,32.0,50.0,61.0
62,臺東,2019-03-14,47,1.0,5.0,nan,32.0,10.0,36.0,47.0
56,前金,2019-03-15,109,6.0,7.0,nan,62.0,28.0,47.0,109.0
33,彰化,2019-03-15,41,4.0,6.0,nan,21.0,25.0,41.0,40.0
1,基隆,2019-03-15,84,3.0,3.0,nan,27.0,30.0,84.0,31.0
84,富貴角,2019-03-15,101,1.0,2.0,nan,44.0,3.0,101.0,44.0
83,麥寮,2019-03-15,44,11.0,5.0,nan,44.0,22.0,nan,44.0
80,關山,2019-03-15,43,3.0,nan,nan,20.0,8.0,43.0,32.0
78,馬公,2019-03-15,47,1.0,3.0,nan,22.0,nan,47.0,29.0
77,金門,2019-03-15,64,9.0,5.0,nan,36.0,13.0,58.0,64.0
75,馬祖,2019-03-15,54,6.0,3.0,nan,27.0,14.0,54.0,49.0
72,埔里,2019-03-15,84,4.0,6.0,nan,48.0,22.0,38.0,84.0
71,復興,2019-03-15,121,7.0,11.0,nan,61.0,44.0,nan,121.0
70,永和,2019-03-15,43,7.0,9.0,nan,23.0,43.0,nan,33.0
69,竹山,2019-03-15,84,6.0,6.0,nan,42.0,29.0,42.0,84.0
68,中壢,2019-03-15,47,7.0,15.0,nan,27.0,47.0,nan,47.0
67,三重,2019-03-15,53,6.0,16.0,nan,30.0,53.0,nan,30.0
66,冬山,2019-03-15,50,3.0,3.0,nan,22.0,21.0,50.0,24.0
65,宜蘭,2019-03-15,64,3.0,3.0,nan,21.0,12.0,64.0,39.0
64,陽明,2019-03-15,87,4.0,2.0,nan,16.0,3.0,87.0,22.0
63,花蓮,2019-03-15,47,3.0,5.0,nan,27.0,16.0,47.0,33.0
62,臺東,2019-03-15,34,1.0,5.0,nan,21.0,10.0,34.0,32.0
61,恆春,2019-03-15,77,1.0,2.0,nan,22.0,2.0,77.0,30.0
60,潮州,2019-03-15,128,9.0,6.0,nan,78.0,28.0,58.0,128.0
59,屏東,2019-03-15,115,4.0,7.0,nan,66.0,30.0,58.0,115.0
58,小港,2019-03-15,96,7.0,9.0,nan,66.0,49.0,40.0,96.0
57,前鎮,2019-03-15,106,7.0,10.0,nan,64.0,44.0,nan,106.0
54,左營,2019-03-15,97,6.0,7.0,nan,56.0,29.0,48.0,97.0
53,楠梓,2019-03-15,99,4.0,6.0,nan,54.0,26.0,44.0,99.0
52,林園,2019-03-15,118,11.0,7.0,nan,78.0,44.0,51.0,118.0
51,大寮,2019-03-15,119,10.0,7.0,nan,62.0,44.0,45.0,119.0
50,鳳山,2019-03-15,113,10.0,8.0,nan,64.0,47.0,nan,113.0
48,橋頭,2019-03-15,104,6.0,6.0,nan,56.0,26.0,46.0,104.0
47,美濃,2019-03-15,90,3.0,5.0,nan,59.0,12.0,42.0,90.0
46,臺南,2019-03-15,67,7.0,6.0,nan,51.0,30.0,49.0,67.0
45,安南,2019-03-15,67,7.0,5.0,nan,52.0,22.0,54.0,67.0
44,善化,2019-03-15,67,4.0,5.0,nan,52.0,23.0,48.0,67.0
43,新營,2019-03-15,58,6.0,5.0,nan,40.0,18.0,42.0,58.0
42,嘉義,2019-03-15,67,9.0,7.0,nan,42.0,33.0,39.0,67.0
41,臺西,2019-03-15,54,11.0,3.0,nan,37.0,19.0,nan,54.0
40,朴子,2019-03-15,54,7.0,3.0,nan,41.0,17.0,54.0,49.0
39,新港,2019-03-15,56,7.0,3.0,nan,39.0,14.0,50.0,56.0
38,崙背,2019-03-15,61,9.0,3.0,nan,33.0,17.0,61.0,48.0
37,斗六,2019-03-15,68,4.0,5.0,nan,35.0,23.0,47.0,68.0
36,南投,2019-03-15,51,7.0,7.0,nan,32.0,32.0,28.0,51.0
35,二林,2019-03-15,50,4.0,3.0,nan,48.0,12.0,48.0,50.0
34,線西,2019-03-15,37,9.0,3.0,nan,25.0,17.0,nan,37.0
32,西屯,2019-03-15,50,3.0,3.0,nan,27.0,16.0,50.0,41.0
31,忠明,2019-03-15,43,7.0,6.0,nan,19.0,30.0,43.0,36.0
30,大里,2019-03-15,39,4.0,8.0,nan,22.0,34.0,39.0,35.0
29,沙鹿,2019-03-15,61,3.0,3.0,nan,19.0,15.0,61.0,27.0
28,豐原,2019-03-15,44,3.0,3.0,nan,19.0,13.0,44.0,43.0
27,三義,2019-03-15,54,4.0,3.0,nan,16.0,8.0,54.0,37.0
26,苗栗,2019-03-15,45,6.0,5.0,nan,21.0,21.0,45.0,41.0
25,頭份,2019-03-15,30,4.0,3.0,nan,20.0,19.0,nan,30.0
24,新竹,2019-03-15,61,6.0,3.0,nan,27.0,19.0,61.0,43.0
23,竹東,2019-03-15,48,3.0,3.0,nan,19.0,10.0,48.0,25.0
22,湖口,2019-03-15,77,4.0,5.0,nan,26.0,19.0,77.0,34.0
21,龍潭,2019-03-15,51,6.0,5.0,nan,28.0,25.0,51.0,31.0
20,平鎮,2019-03-15,51,7.0,6.0,nan,27.0,28.0,51.0,39.0
19,觀音,2019-03-15,74,7.0,3.0,nan,31.0,19.0,74.0,42.0
18,大園,2019-03-15,77,7.0,3.0,nan,25.0,30.0,77.0,31.0
17,桃園,2019-03-15,43,7.0,6.0,nan,23.0,25.0,43.0,27.0
16,大同,2019-03-15,63,7.0,19.0,nan,28.0,63.0,nan,39.0
15,松山,2019-03-15,64,4.0,5.0,nan,26.0,30.0,64.0,36.0
14,古亭,2019-03-15,51,7.0,6.0,nan,26.0,26.0,51.0,41.0
13,萬華,2019-03-15,44,4.0,6.0,nan,24.0,41.0,44.0,32.0
12,中山,2019-03-15,44,6.0,7.0,nan,25.0,42.0,44.0,37.0
11,士林,2019-03-15,84,4.0,5.0,nan,26.0,25.0,84.0,29.0
10,淡水,2019-03-15,93,3.0,5.0,nan,17.0,26.0,93.0,31.0
9,林口,2019-03-15,58,4.0,3.0,nan,26.0,25.0,58.0,25.0
8,菜寮,2019-03-15,54,4.0,6.0,nan,23.0,27.0,54.0,34.0
7,新莊,2019-03-15,58,4.0,6.0,nan,29.0,34.0,58.0,19.0
6,板橋,2019-03-15,46,7.0,6.0,nan,24.0,29.0,46.0,31.0
5,土城,2019-03-15,61,6.0,5.0,nan,24.0,22.0,61.0,37.0
4,新店,2019-03-15,64,6.0,3.0,nan,20.0,22.0,64.0,30.0
3,萬里,2019-03-15,104,3.0,2.0,nan,52.0,9.0,104.0,38.0
2,汐止,2019-03-15,77,10.0,6.0,nan,22.0,42.0,77.0,31.0
49,仁武,2019-03-15,103,17.0,6.0,nan,54.0,38.0,44.0,103.0
1,基隆,2019-03-16,77,3.0,5.0,nan,35.0,30.0,77.0,50.0
84,富貴角,2019-03-16,101,3.0,2.0,nan,44.0,4.0,101.0,57.0
83,麥寮,2019-03-16,80,7.0,6.0,nan,57.0,25.0,nan,80.0
80,關山,2019-03-16,47,4.0,nan,nan,28.0,6.0,47.0,37.0
78,馬公,2019-03-16,47,3.0,3.0,nan,41.0,nan,47.0,46.0
77,金門,2019-03-16,122,29.0,3.0,nan,68.0,33.0,122.0,85.0
75,馬祖,2019-03-16,122,16.0,6.0,nan,53.0,19.0,122.0,72.0
72,埔里,2019-03-16,82,6.0,6.0,nan,47.0,25.0,41.0,82.0
71,復興,2019-03-16,78,6.0,7.0,nan,44.0,40.0,nan,78.0
70,永和,2019-03-16,43,4.0,6.0,nan,33.0,22.0,nan,43.0
69,竹山,2019-03-16,102,7.0,6.0,nan,52.0,25.0,54.0,102.0
68,中壢,2019-03-16,51,4.0,18.0,nan,41.0,48.0,nan,51.0
67,三重,2019-03-16,54,4.0,15.0,nan,44.0,54.0,nan,46.0
66,冬山,2019-03-16,54,6.0,3.0,nan,37.0,21.0,54.0,30.0
65,宜蘭,2019-03-16,74,4.0,5.0,nan,36.0,17.0,74.0,43.0
64,陽明,2019-03-16,84,6.0,2.0,nan,31.0,5.0,84.0,45.0
63,花蓮,2019-03-16,51,3.0,5.0,nan,29.0,15.0,51.0,33.0
62,臺東,2019-03-16,44,3.0,3.0,nan,29.0,8.0,44.0,nan
61,恆春,2019-03-16,93,3.0,1.0,nan,34.0,2.0,93.0,43.0
60,潮州,2019-03-16,93,7.0,6.0,nan,57.0,24.0,80.0,93.0
59,屏東,2019-03-16,118,11.0,7.0,nan,57.0,26.0,118.0,104.0
58,小港,2019-03-16,74,6.0,6.0,nan,49.0,44.0,74.0,71.0
57,前鎮,2019-03-16,70,6.0,7.0,nan,48.0,44.0,nan,70.0
56,前金,2019-03-16,101,7.0,6.0,nan,45.0,28.0,101.0,79.0
54,左營,2019-03-16,101,4.0,6.0,nan,45.0,33.0,101.0,85.0
53,楠梓,2019-03-16,88,9.0,7.0,nan,51.0,37.0,80.0,88.0
52,林園,2019-03-16,100,7.0,6.0,nan,53.0,29.0,100.0,75.0
51,大寮,2019-03-16,92,7.0,7.0,nan,50.0,37.0,87.0,92.0
50,鳳山,2019-03-16,81,7.0,8.0,nan,51.0,45.0,nan,81.0
48,橋頭,2019-03-16,100,7.0,7.0,nan,51.0,29.0,100.0,90.0
47,美濃,2019-03-16,79,10.0,7.0,nan,54.0,17.0,77.0,79.0
46,臺南,2019-03-16,90,6.0,7.0,nan,51.0,33.0,90.0,78.0
45,安南,2019-03-16,100,4.0,6.0,nan,54.0,30.0,100.0,76.0
44,善化,2019-03-16,77,10.0,5.0,nan,56.0,26.0,77.0,74.0
43,新營,2019-03-16,75,6.0,6.0,nan,51.0,33.0,47.0,75.0
42,嘉義,2019-03-16,76,7.0,7.0,nan,52.0,30.0,50.0,76.0
41,臺西,2019-03-16,101,10.0,5.0,nan,54.0,23.0,nan,101.0
40,朴子,2019-03-16,91,9.0,6.0,nan,58.0,29.0,74.0,91.0
39,新港,2019-03-16,83,6.0,6.0,nan,58.0,19.0,54.0,83.0
38,崙背,2019-03-16,96,6.0,5.0,nan,55.0,22.0,90.0,96.0
37,斗六,2019-03-16,106,11.0,7.0,nan,54.0,28.0,54.0,106.0
36,南投,2019-03-16,86,4.0,7.0,nan,50.0,30.0,41.0,86.0
35,二林,2019-03-16,109,10.0,5.0,nan,75.0,17.0,61.0,109.0
34,線西,2019-03-16,91,9.0,6.0,nan,49.0,32.0,nan,91.0
32,西屯,2019-03-16,92,6.0,7.0,nan,59.0,38.0,87.0,92.0
31,忠明,2019-03-16,91,9.0,8.0,nan,48.0,38.0,61.0,91.0
30,大里,2019-03-16,77,7.0,9.0,nan,54.0,34.0,58.0,77.0
29,沙鹿,2019-03-16,92,10.0,8.0,nan,54.0,40.0,77.0,92.0
28,豐原,2019-03-16,113,7.0,7.0,nan,55.0,29.0,67.0,113.0
27,三義,2019-03-16,105,7.0,7.0,nan,50.0,36.0,48.0,105.0
26,苗栗,2019-03-16,59,9.0,8.0,nan,34.0,36.0,26.0,59.0
25,頭份,2019-03-16,52,1.0,6.0,nan,35.0,29.0,nan,52.0
24,新竹,2019-03-16,58,4.0,6.0,nan,41.0,43.0,58.0,56.0
23,竹東,2019-03-16,43,7.0,6.0,nan,35.0,32.0,43.0,40.0
22,湖口,2019-03-16,80,6.0,6.0,nan,43.0,29.0,80.0,52.0
21,龍潭,2019-03-16,80,6.0,7.0,nan,38.0,30.0,80.0,56.0
20,平鎮,2019-03-16,74,4.0,7.0,nan,39.0,27.0,74.0,51.0
19,觀音,2019-03-16,62,31.0,5.0,nan,48.0,17.0,61.0,62.0
18,大園,2019-03-16,74,10.0,3.0,nan,37.0,27.0,74.0,46.0
17,桃園,2019-03-16,50,4.0,6.0,nan,38.0,19.0,46.0,50.0
16,大同,2019-03-16,49,4.0,9.0,nan,41.0,49.0,nan,43.0
15,松山,2019-03-16,45,6.0,5.0,nan,41.0,30.0,45.0,45.0
14,古亭,2019-03-16,67,4.0,6.0,nan,38.0,26.0,67.0,52.0
13,萬華,2019-03-16,51,4.0,6.0,nan,38.0,33.0,51.0,44.0
12,中山,2019-03-16,46,6.0,7.0,nan,39.0,35.0,44.0,46.0
11,士林,2019-03-16,97,3.0,3.0,nan,35.0,8.0,97.0,45.0
10,淡水,2019-03-16,108,9.0,2.0,nan,30.0,10.0,108.0,35.0
9,林口,2019-03-16,74,3.0,3.0,nan,40.0,14.0,74.0,29.0
8,菜寮,2019-03-16,48,4.0,6.0,nan,36.0,22.0,48.0,48.0
7,新莊,2019-03-16,71,3.0,5.0,nan,41.0,22.0,71.0,31.0
6,板橋,2019-03-16,50,4.0,7.0,nan,36.0,25.0,50.0,45.0
5,土城,2019-03-16,71,4.0,6.0,nan,37.0,25.0,71.0,42.0
4,新店,2019-03-16,74,4.0,5.0,nan,32.0,22.0,74.0,44.0
3,萬里,2019-03-16,101,9.0,3.0,nan,37.0,12.0,101.0,48.0
2,汐止,2019-03-16,54,14.0,5.0,nan,33.0,31.0,54.0,44.0
49,仁武,2019-03-16,90,6.0,7.0,nan,44.0,26.0,90.0,83.0
33,彰化,2019-03-16,100,9.0,8.0,nan,51.0,34.0,77.0,100.0
33,彰化,2019-03-17,105,6.0,8.0,nan,51.0,30.0,46.0,105.0
1,基隆,2019-03-17,61,3.0,6.0,nan,21.0,31.0,61.0,39.0
84,富貴角,2019-03-17,71,4.0,2.0,nan,20.0,4.0,71.0,40.0
83,麥寮,2019-03-17,86,9.0,5.0,nan,60.0,14.0,nan,86.0
80,關山,2019-03-17,44,3.0,nan,nan,27.0,6.0,38.0,44.0
78,馬公,2019-03-17,55,3.0,3.0,nan,37.0,nan,45.0,55.0
77,金門,2019-03-17,108,19.0,5.0,nan,66.0,19.0,100.0,108.0
75,馬祖,2019-03-17,110,4.0,5.0,nan,60.0,16.0,77.0,110.0
72,埔里,2019-03-17,75,4.0,6.0,nan,44.0,24.0,54.0,75.0
71,復興,2019-03-17,87,7.0,8.0,nan,49.0,33.0,nan,87.0
70,永和,2019-03-17,46,3.0,9.0,nan,20.0,27.0,nan,46.0
69,竹山,2019-03-17,110,6.0,5.0,nan,54.0,15.0,84.0,110.0
68,中壢,2019-03-17,80,7.0,16.0,nan,39.0,42.0,nan,80.0
67,三重,2019-03-17,50,6.0,16.0,nan,30.0,48.0,nan,50.0
65,宜蘭,2019-03-17,58,3.0,5.0,nan,28.0,15.0,58.0,46.0
64,陽明,2019-03-17,58,6.0,2.0,nan,16.0,5.0,58.0,33.0
63,花蓮,2019-03-17,74,6.0,5.0,nan,31.0,17.0,74.0,48.0
62,臺東,2019-03-17,48,3.0,5.0,nan,30.0,8.0,33.0,48.0
61,恆春,2019-03-17,77,1.0,2.0,nan,36.0,2.0,77.0,47.0
60,潮州,2019-03-17,104,4.0,3.0,nan,52.0,13.0,104.0,67.0
59,屏東,2019-03-17,166,6.0,5.0,nan,57.0,22.0,166.0,89.0
58,小港,2019-03-17,87,13.0,6.0,nan,53.0,31.0,87.0,68.0
56,前金,2019-03-17,132,11.0,6.0,nan,54.0,29.0,132.0,80.0
57,前鎮,2019-03-17,74,9.0,7.0,nan,54.0,39.0,nan,74.0
54,左營,2019-03-17,146,6.0,7.0,nan,53.0,31.0,146.0,96.0
53,楠梓,2019-03-17,126,6.0,6.0,nan,53.0,31.0,126.0,96.0
52,林園,2019-03-17,151,9.0,5.0,nan,57.0,22.0,151.0,79.0
51,大寮,2019-03-17,112,19.0,5.0,nan,50.0,18.0,112.0,90.0
50,鳳山,2019-03-17,68,7.0,6.0,nan,53.0,23.0,nan,68.0
48,橋頭,2019-03-17,143,6.0,6.0,nan,53.0,25.0,143.0,98.0
47,美濃,2019-03-17,87,6.0,5.0,nan,51.0,9.0,87.0,66.0
46,臺南,2019-03-17,112,7.0,6.0,nan,64.0,22.0,112.0,90.0
45,安南,2019-03-17,122,7.0,6.0,nan,64.0,26.0,122.0,96.0
44,善化,2019-03-17,104,9.0,5.0,nan,64.0,24.0,104.0,93.0
43,新營,2019-03-17,97,7.0,6.0,nan,59.0,24.0,49.0,97.0
42,嘉義,2019-03-17,112,20.0,6.0,nan,61.0,21.0,84.0,112.0
41,臺西,2019-03-17,97,6.0,3.0,nan,53.0,12.0,nan,97.0
40,朴子,2019-03-17,109,10.0,5.0,nan,63.0,14.0,71.0,109.0
39,新港,2019-03-17,117,10.0,6.0,nan,71.0,19.0,64.0,117.0
38,崙背,2019-03-17,116,10.0,5.0,nan,64.0,13.0,67.0,116.0
37,斗六,2019-03-17,121,7.0,5.0,nan,58.0,20.0,93.0,121.0
36,南投,2019-03-17,105,4.0,6.0,nan,56.0,21.0,39.0,105.0
35,二林,2019-03-17,99,10.0,6.0,nan,70.0,14.0,44.0,99.0
34,線西,2019-03-17,83,9.0,5.0,nan,45.0,23.0,nan,83.0
32,西屯,2019-03-17,96,4.0,6.0,nan,56.0,24.0,54.0,96.0
31,忠明,2019-03-17,110,6.0,7.0,nan,50.0,34.0,46.0,110.0
30,大里,2019-03-17,81,6.0,7.0,nan,54.0,25.0,46.0,81.0
29,沙鹿,2019-03-17,71,4.0,5.0,nan,44.0,17.0,64.0,71.0
28,豐原,2019-03-17,98,6.0,6.0,nan,52.0,25.0,45.0,98.0
27,三義,2019-03-17,113,6.0,6.0,nan,52.0,20.0,46.0,113.0
26,苗栗,2019-03-17,85,9.0,8.0,nan,47.0,32.0,39.0,85.0
25,頭份,2019-03-17,76,9.0,7.0,nan,43.0,27.0,nan,76.0
24,新竹,2019-03-17,79,6.0,7.0,nan,41.0,31.0,61.0,79.0
23,竹東,2019-03-17,73,3.0,6.0,nan,44.0,22.0,37.0,73.0
22,湖口,2019-03-17,74,7.0,6.0,nan,35.0,33.0,74.0,63.0
21,龍潭,2019-03-17,69,6.0,7.0,nan,40.0,22.0,48.0,69.0
20,平鎮,2019-03-17,60,7.0,7.0,nan,34.0,27.0,43.0,60.0
19,觀音,2019-03-17,70,11.0,5.0,nan,39.0,16.0,50.0,70.0
18,大園,2019-03-17,60,13.0,5.0,nan,29.0,27.0,49.0,60.0
17,桃園,2019-03-17,60,11.0,8.0,nan,30.0,25.0,33.0,60.0
16,大同,2019-03-17,50,4.0,16.0,nan,26.0,49.0,nan,50.0
15,松山,2019-03-17,55,4.0,6.0,nan,25.0,30.0,41.0,55.0
14,古亭,2019-03-17,55,3.0,7.0,nan,25.0,29.0,41.0,55.0
13,萬華,2019-03-17,39,4.0,7.0,nan,24.0,38.0,37.0,39.0
12,中山,2019-03-17,44,4.0,7.0,nan,25.0,39.0,40.0,44.0
11,士林,2019-03-17,64,4.0,6.0,nan,27.0,28.0,64.0,45.0
10,淡水,2019-03-17,52,6.0,6.0,nan,19.0,25.0,47.0,52.0
9,林口,2019-03-17,54,3.0,5.0,nan,26.0,19.0,54.0,39.0
8,菜寮,2019-03-17,55,4.0,8.0,nan,24.0,39.0,43.0,55.0
7,新莊,2019-03-17,44,4.0,6.0,nan,29.0,29.0,44.0,41.0
6,板橋,2019-03-17,45,3.0,7.0,nan,24.0,25.0,36.0,45.0
5,土城,2019-03-17,56,1.0,6.0,nan,27.0,28.0,43.0,56.0
4,新店,2019-03-17,45,3.0,5.0,nan,18.0,23.0,38.0,45.0
3,萬里,2019-03-17,84,3.0,2.0,nan,23.0,10.0,84.0,42.0
2,汐止,2019-03-17,49,7.0,6.0,nan,17.0,27.0,45.0,49.0
66,冬山,2019-03-17,48,4.0,3.0,nan,32.0,14.0,48.0,46.0
49,仁武,2019-03-17,146,11.0,6.0,nan,48.0,24.0,146.0,84.0
33,彰化,2019-03-18,136,20.0,14.0,nan,63.0,51.0,38.0,136.0
1,基隆,2019-03-18,54,4.0,7.0,nan,34.0,32.0,49.0,54.0
84,富貴角,2019-03-18,77,1.0,3.0,nan,26.0,12.0,77.0,53.0
83,麥寮,2019-03-18,88,6.0,5.0,nan,60.0,18.0,nan,88.0
80,關山,2019-03-18,45,3.0,nan,nan,26.0,8.0,29.0,45.0
78,馬公,2019-03-18,54,10.0,5.0,nan,28.0,nan,39.0,54.0
77,金門,2019-03-18,119,10.0,6.0,nan,57.0,21.0,67.0,119.0
75,馬祖,2019-03-18,84,6.0,7.0,nan,38.0,17.0,84.0,80.0
72,埔里,2019-03-18,89,6.0,7.0,nan,54.0,26.0,48.0,89.0
71,復興,2019-03-18,107,9.0,10.0,nan,52.0,41.0,nan,107.0
70,永和,2019-03-18,86,7.0,22.0,nan,45.0,66.0,nan,86.0
69,竹山,2019-03-18,153,4.0,6.0,nan,66.0,22.0,64.0,153.0
68,中壢,2019-03-18,105,6.0,17.0,nan,53.0,45.0,nan,105.0
67,三重,2019-03-18,68,13.0,22.0,nan,51.0,58.0,nan,68.0
65,宜蘭,2019-03-18,53,6.0,6.0,nan,27.0,19.0,51.0,53.0
64,陽明,2019-03-18,51,3.0,3.0,nan,22.0,6.0,51.0,46.0
63,花蓮,2019-03-18,51,3.0,6.0,nan,31.0,15.0,42.0,51.0
62,臺東,2019-03-18,52,3.0,6.0,nan,30.0,8.0,24.0,52.0
61,恆春,2019-03-18,64,3.0,3.0,nan,38.0,4.0,64.0,52.0
60,潮州,2019-03-18,93,10.0,5.0,nan,60.0,18.0,93.0,92.0
59,屏東,2019-03-18,108,4.0,6.0,nan,63.0,20.0,108.0,104.0
58,小港,2019-03-18,89,10.0,7.0,nan,56.0,36.0,43.0,89.0
57,前鎮,2019-03-18,100,11.0,9.0,nan,59.0,38.0,nan,100.0
56,前金,2019-03-18,124,7.0,7.0,nan,63.0,23.0,90.0,124.0
54,左營,2019-03-18,125,9.0,7.0,nan,61.0,23.0,87.0,125.0
53,楠梓,2019-03-18,110,7.0,6.0,nan,58.0,22.0,54.0,110.0
52,林園,2019-03-18,98,7.0,6.0,nan,67.0,22.0,84.0,98.0
51,大寮,2019-03-18,105,7.0,6.0,nan,54.0,21.0,74.0,105.0
50,鳳山,2019-03-18,102,10.0,7.0,nan,58.0,34.0,nan,102.0
48,橋頭,2019-03-18,125,7.0,6.0,nan,61.0,24.0,58.0,125.0
47,美濃,2019-03-18,84,3.0,5.0,nan,55.0,9.0,61.0,84.0
46,臺南,2019-03-18,113,7.0,7.0,nan,65.0,23.0,67.0,113.0
45,安南,2019-03-18,115,6.0,6.0,nan,68.0,21.0,87.0,115.0
44,善化,2019-03-18,130,7.0,5.0,nan,76.0,22.0,67.0,130.0
43,新營,2019-03-18,120,7.0,6.0,nan,66.0,25.0,43.0,120.0
42,嘉義,2019-03-18,136,9.0,7.0,nan,73.0,31.0,51.0,136.0
41,臺西,2019-03-18,105,14.0,5.0,nan,52.0,26.0,nan,105.0
40,朴子,2019-03-18,104,6.0,5.0,nan,64.0,12.0,64.0,104.0
39,新港,2019-03-18,119,10.0,5.0,nan,75.0,21.0,50.0,119.0
38,崙背,2019-03-18,113,6.0,5.0,nan,63.0,16.0,80.0,113.0
37,斗六,2019-03-18,152,9.0,6.0,nan,68.0,20.0,80.0,152.0
36,南投,2019-03-18,124,10.0,8.0,nan,62.0,35.0,37.0,124.0
35,二林,2019-03-18,90,7.0,5.0,nan,71.0,15.0,49.0,90.0
34,線西,2019-03-18,114,11.0,7.0,nan,59.0,37.0,nan,114.0
32,西屯,2019-03-18,122,11.0,10.0,nan,70.0,52.0,44.0,122.0
31,忠明,2019-03-18,128,13.0,11.0,nan,61.0,52.0,41.0,128.0
30,大里,2019-03-18,98,11.0,10.0,nan,67.0,46.0,43.0,98.0
29,沙鹿,2019-03-18,100,11.0,11.0,nan,57.0,55.0,58.0,100.0
28,豐原,2019-03-18,122,6.0,8.0,nan,58.0,33.0,50.0,122.0
27,三義,2019-03-18,120,6.0,6.0,nan,52.0,23.0,46.0,120.0
26,苗栗,2019-03-18,105,7.0,8.0,nan,56.0,31.0,35.0,105.0
25,頭份,2019-03-18,94,6.0,6.0,nan,52.0,30.0,nan,94.0
24,新竹,2019-03-18,94,4.0,7.0,nan,52.0,30.0,58.0,94.0
23,竹東,2019-03-18,85,6.0,8.0,nan,52.0,29.0,34.0,85.0
22,湖口,2019-03-18,80,4.0,5.0,nan,45.0,27.0,80.0,80.0
21,龍潭,2019-03-18,94,6.0,7.0,nan,56.0,31.0,51.0,94.0
20,平鎮,2019-03-18,84,6.0,6.0,nan,48.0,33.0,51.0,84.0
19,觀音,2019-03-18,67,9.0,5.0,nan,36.0,13.0,67.0,64.0
18,大園,2019-03-18,74,17.0,5.0,nan,40.0,24.0,67.0,74.0
17,桃園,2019-03-18,85,11.0,8.0,nan,46.0,33.0,36.0,85.0
16,大同,2019-03-18,68,11.0,23.0,nan,47.0,58.0,nan,68.0
15,松山,2019-03-18,79,9.0,9.0,nan,45.0,43.0,46.0,79.0
14,古亭,2019-03-18,93,7.0,10.0,nan,46.0,51.0,44.0,93.0
13,萬華,2019-03-18,66,10.0,10.0,nan,45.0,47.0,40.0,66.0
12,中山,2019-03-18,71,11.0,14.0,nan,46.0,56.0,40.0,71.0
11,士林,2019-03-18,78,9.0,8.0,nan,42.0,35.0,61.0,78.0
10,淡水,2019-03-18,80,3.0,6.0,nan,23.0,28.0,80.0,57.0
9,林口,2019-03-18,67,11.0,6.0,nan,41.0,36.0,61.0,67.0
8,菜寮,2019-03-18,86,11.0,10.0,nan,43.0,39.0,46.0,86.0
7,新莊,2019-03-18,76,17.0,9.0,nan,44.0,47.0,47.0,76.0
6,板橋,2019-03-18,86,10.0,9.0,nan,46.0,40.0,46.0,86.0
5,土城,2019-03-18,95,9.0,8.0,nan,51.0,44.0,58.0,95.0
4,新店,2019-03-18,76,4.0,10.0,nan,36.0,48.0,47.0,76.0
3,萬里,2019-03-18,64,3.0,3.0,nan,32.0,22.0,64.0,54.0
2,汐止,2019-03-18,76,7.0,9.0,nan,37.0,46.0,44.0,76.0
66,冬山,2019-03-18,52,7.0,6.0,nan,31.0,20.0,48.0,52.0
49,仁武,2019-03-18,110,17.0,6.0,nan,54.0,29.0,50.0,110.0
7,新莊,2019-03-19,62,6.0,6.0,nan,37.0,38.0,43.0,62.0
1,基隆,2019-03-19,45,3.0,5.0,nan,26.0,14.0,45.0,43.0
33,彰化,2019-03-19,125,9.0,9.0,nan,60.0,39.0,87.0,125.0
49,仁武,2019-03-19,154,16.0,7.0,nan,60.0,33.0,154.0,140.0
66,冬山,2019-03-19,55,3.0,5.0,nan,31.0,15.0,43.0,55.0
2,汐止,2019-03-19,55,9.0,5.0,nan,24.0,25.0,45.0,55.0
3,萬里,2019-03-19,58,4.0,3.0,nan,25.0,14.0,58.0,46.0
4,新店,2019-03-19,60,7.0,5.0,nan,27.0,26.0,40.0,60.0
5,土城,2019-03-19,78,9.0,7.0,nan,40.0,32.0,44.0,78.0
6,板橋,2019-03-19,67,7.0,7.0,nan,34.0,33.0,37.0,67.0
8,菜寮,2019-03-19,65,7.0,6.0,nan,29.0,23.0,44.0,65.0
9,林口,2019-03-19,54,4.0,5.0,nan,32.0,34.0,46.0,54.0
10,淡水,2019-03-19,55,6.0,5.0,nan,18.0,16.0,54.0,55.0
11,士林,2019-03-19,66,4.0,6.0,nan,33.0,22.0,50.0,66.0
12,中山,2019-03-19,56,6.0,8.0,nan,33.0,34.0,37.0,56.0
13,萬華,2019-03-19,56,7.0,6.0,nan,31.0,26.0,36.0,56.0
14,古亭,2019-03-19,67,7.0,7.0,nan,35.0,25.0,40.0,67.0
15,松山,2019-03-19,60,10.0,6.0,nan,33.0,25.0,40.0,60.0
16,大同,2019-03-19,50,7.0,12.0,nan,34.0,45.0,nan,50.0
17,桃園,2019-03-19,75,17.0,7.0,nan,38.0,25.0,34.0,75.0
18,大園,2019-03-19,57,10.0,5.0,nan,31.0,29.0,46.0,57.0
19,觀音,2019-03-19,64,14.0,6.0,nan,37.0,21.0,48.0,64.0
20,平鎮,2019-03-19,83,9.0,8.0,nan,44.0,42.0,46.0,83.0
21,龍潭,2019-03-19,111,9.0,7.0,nan,54.0,25.0,49.0,111.0
22,湖口,2019-03-19,81,6.0,6.0,nan,46.0,27.0,61.0,81.0
23,竹東,2019-03-19,77,6.0,6.0,nan,44.0,18.0,77.0,73.0
24,新竹,2019-03-19,102,6.0,7.0,nan,55.0,27.0,51.0,102.0
25,頭份,2019-03-19,104,4.0,6.0,nan,54.0,28.0,nan,104.0
26,苗栗,2019-03-19,101,10.0,8.0,nan,54.0,40.0,41.0,101.0
27,三義,2019-03-19,102,6.0,5.0,nan,46.0,17.0,101.0,102.0
28,豐原,2019-03-19,97,11.0,6.0,nan,46.0,24.0,97.0,95.0
29,沙鹿,2019-03-19,100,7.0,7.0,nan,57.0,42.0,100.0,98.0
30,大里,2019-03-19,104,6.0,10.0,nan,57.0,39.0,104.0,93.0
31,忠明,2019-03-19,112,6.0,8.0,nan,55.0,49.0,87.0,112.0
32,西屯,2019-03-19,110,4.0,8.0,nan,64.0,43.0,97.0,110.0
34,線西,2019-03-19,131,9.0,6.0,nan,66.0,29.0,nan,131.0
35,二林,2019-03-19,120,24.0,8.0,nan,78.0,25.0,49.0,120.0
36,南投,2019-03-19,113,4.0,7.0,nan,61.0,32.0,54.0,113.0
37,斗六,2019-03-19,155,14.0,8.0,nan,71.0,26.0,115.0,155.0
38,崙背,2019-03-19,148,17.0,8.0,nan,73.0,nan,104.0,148.0
39,新港,2019-03-19,149,9.0,8.0,nan,80.0,25.0,74.0,149.0
40,朴子,2019-03-19,132,19.0,8.0,nan,75.0,20.0,80.0,132.0
41,臺西,2019-03-19,147,7.0,6.0,nan,66.0,22.0,nan,147.0
42,嘉義,2019-03-19,148,10.0,7.0,nan,73.0,28.0,80.0,148.0
43,新營,2019-03-19,132,9.0,8.0,nan,71.0,29.0,47.0,132.0
44,善化,2019-03-19,126,9.0,7.0,nan,78.0,19.0,87.0,126.0
45,安南,2019-03-19,152,6.0,8.0,nan,80.0,26.0,115.0,152.0
46,臺南,2019-03-19,135,9.0,8.0,nan,76.0,29.0,93.0,135.0
47,美濃,2019-03-19,122,7.0,6.0,nan,54.0,20.0,122.0,83.0
48,橋頭,2019-03-19,164,7.0,7.0,nan,70.0,25.0,164.0,152.0
50,鳳山,2019-03-19,141,16.0,9.0,nan,63.0,41.0,nan,141.0
51,大寮,2019-03-19,139,17.0,7.0,nan,63.0,29.0,101.0,139.0
52,林園,2019-03-19,187,9.0,6.0,nan,75.0,24.0,187.0,126.0
53,楠梓,2019-03-19,147,7.0,7.0,nan,68.0,28.0,146.0,147.0
54,左營,2019-03-19,172,9.0,7.0,nan,68.0,25.0,172.0,138.0
56,前金,2019-03-19,159,10.0,7.0,nan,68.0,24.0,159.0,149.0
57,前鎮,2019-03-19,117,7.0,8.0,nan,62.0,34.0,nan,117.0
58,小港,2019-03-19,115,10.0,8.0,nan,63.0,42.0,108.0,115.0
59,屏東,2019-03-19,115,7.0,7.0,nan,64.0,21.0,115.0,114.0
60,潮州,2019-03-19,126,4.0,6.0,nan,68.0,19.0,126.0,118.0
61,恆春,2019-03-19,60,4.0,3.0,nan,39.0,4.0,54.0,60.0
62,臺東,2019-03-19,32,1.0,5.0,nan,20.0,8.0,30.0,32.0
63,花蓮,2019-03-19,69,3.0,6.0,nan,35.0,26.0,42.0,69.0
64,陽明,2019-03-19,44,9.0,2.0,nan,16.0,8.0,44.0,36.0
65,宜蘭,2019-03-19,62,3.0,5.0,nan,31.0,8.0,49.0,62.0
67,三重,2019-03-19,57,6.0,16.0,nan,37.0,42.0,nan,57.0
68,中壢,2019-03-19,101,10.0,22.0,nan,47.0,45.0,nan,101.0
69,竹山,2019-03-19,148,7.0,5.0,nan,62.0,19.0,136.0,148.0
70,永和,2019-03-19,63,9.0,8.0,nan,30.0,31.0,nan,63.0
71,復興,2019-03-19,116,9.0,10.0,nan,58.0,36.0,nan,116.0
72,埔里,2019-03-19,146,6.0,7.0,nan,56.0,27.0,146.0,94.0
75,馬祖,2019-03-19,64,4.0,3.0,nan,31.0,9.0,64.0,nan
77,金門,2019-03-19,98,9.0,5.0,nan,47.0,13.0,54.0,98.0
78,馬公,2019-03-19,55,3.0,3.0,nan,31.0,nan,44.0,55.0
80,關山,2019-03-19,38,3.0,nan,nan,19.0,6.0,33.0,38.0
83,麥寮,2019-03-19,127,7.0,7.0,nan,71.0,19.0,nan,127.0
84,富貴角,2019-03-19,58,6.0,2.0,nan,21.0,8.0,58.0,43.0
1,基隆,2019-03-20,71,7.0,8.0,nan,34.0,32.0,71.0,60.0
49,仁武,2019-03-20,110,14.0,8.0,nan,52.0,28.0,44.0,110.0
66,冬山,2019-03-20,49,4.0,5.0,nan,25.0,14.0,49.0,39.0
2,汐止,2019-03-20,74,40.0,11.0,nan,41.0,45.0,67.0,74.0
3,萬里,2019-03-20,118,7.0,6.0,nan,40.0,21.0,118.0,68.0
4,新店,2019-03-20,104,17.0,10.0,nan,37.0,44.0,104.0,76.0
5,土城,2019-03-20,129,11.0,9.0,nan,54.0,35.0,129.0,96.0
6,板橋,2019-03-20,90,11.0,10.0,nan,55.0,46.0,90.0,89.0
7,新莊,2019-03-20,93,7.0,9.0,nan,52.0,46.0,93.0,76.0
8,菜寮,2019-03-20,87,6.0,11.0,nan,47.0,38.0,87.0,84.0
9,林口,2019-03-20,104,10.0,7.0,nan,49.0,36.0,104.0,77.0
10,淡水,2019-03-20,100,7.0,6.0,nan,39.0,nan,100.0,70.0
11,士林,2019-03-20,112,6.0,10.0,nan,45.0,44.0,112.0,74.0
12,中山,2019-03-20,76,9.0,12.0,nan,46.0,45.0,74.0,76.0
13,萬華,2019-03-20,68,7.0,10.0,nan,50.0,43.0,61.0,68.0
14,古亭,2019-03-20,100,19.0,10.0,nan,52.0,49.0,100.0,93.0
15,松山,2019-03-20,67,29.0,10.0,nan,47.0,54.0,64.0,67.0
16,大同,2019-03-20,97,7.0,27.0,nan,50.0,97.0,nan,71.0
17,桃園,2019-03-20,99,26.0,9.0,nan,52.0,34.0,47.0,99.0
18,大園,2019-03-20,122,11.0,7.0,nan,52.0,28.0,122.0,83.0
19,觀音,2019-03-20,96,6.0,7.0,nan,54.0,21.0,84.0,96.0
20,平鎮,2019-03-20,98,6.0,7.0,nan,57.0,32.0,90.0,98.0
21,龍潭,2019-03-20,105,4.0,7.0,nan,59.0,22.0,101.0,105.0
22,湖口,2019-03-20,104,9.0,7.0,nan,59.0,27.0,104.0,95.0
23,竹東,2019-03-20,96,6.0,7.0,nan,57.0,18.0,80.0,96.0
24,新竹,2019-03-20,88,7.0,7.0,nan,61.0,26.0,71.0,88.0
25,頭份,2019-03-20,93,10.0,6.0,nan,59.0,33.0,nan,93.0
26,苗栗,2019-03-20,104,4.0,7.0,nan,56.0,20.0,46.0,104.0
27,三義,2019-03-20,124,6.0,7.0,nan,60.0,25.0,93.0,124.0
28,豐原,2019-03-20,126,9.0,7.0,nan,59.0,26.0,100.0,126.0
29,沙鹿,2019-03-20,85,7.0,8.0,nan,61.0,39.0,58.0,85.0
30,大里,2019-03-20,108,10.0,9.0,nan,68.0,30.0,84.0,108.0
31,忠明,2019-03-20,141,9.0,9.0,nan,65.0,33.0,58.0,141.0
32,西屯,2019-03-20,123,6.0,8.0,nan,76.0,40.0,77.0,123.0
33,彰化,2019-03-20,134,10.0,8.0,nan,62.0,27.0,50.0,134.0
34,線西,2019-03-20,91,9.0,6.0,nan,54.0,22.0,nan,91.0
35,二林,2019-03-20,82,6.0,5.0,nan,64.0,12.0,44.0,82.0
36,南投,2019-03-20,115,4.0,7.0,nan,62.0,23.0,48.0,115.0
37,斗六,2019-03-20,150,7.0,8.0,nan,67.0,22.0,101.0,150.0
38,崙背,2019-03-20,88,9.0,5.0,nan,54.0,nan,51.0,88.0
39,新港,2019-03-20,93,6.0,5.0,nan,57.0,18.0,45.0,93.0
40,朴子,2019-03-20,71,6.0,6.0,nan,56.0,19.0,48.0,71.0
41,臺西,2019-03-20,76,33.0,3.0,nan,45.0,45.0,nan,76.0
42,嘉義,2019-03-20,121,7.0,7.0,nan,67.0,20.0,77.0,121.0
43,新營,2019-03-20,95,6.0,6.0,nan,60.0,25.0,39.0,95.0
44,善化,2019-03-20,94,7.0,6.0,nan,66.0,22.0,58.0,94.0
45,安南,2019-03-20,90,10.0,7.0,nan,63.0,33.0,64.0,90.0
46,臺南,2019-03-20,86,10.0,6.0,nan,54.0,32.0,51.0,86.0
47,美濃,2019-03-20,80,6.0,6.0,nan,54.0,9.0,80.0,79.0
48,橋頭,2019-03-20,113,10.0,7.0,nan,61.0,30.0,51.0,113.0
50,鳳山,2019-03-20,104,7.0,9.0,nan,56.0,36.0,nan,104.0
51,大寮,2019-03-20,95,23.0,8.0,nan,50.0,23.0,38.0,95.0
52,林園,2019-03-20,82,13.0,6.0,nan,57.0,23.0,41.0,82.0
53,楠梓,2019-03-20,112,11.0,7.0,nan,60.0,40.0,44.0,112.0
54,左營,2019-03-20,118,13.0,9.0,nan,66.0,38.0,49.0,118.0
56,前金,2019-03-20,112,9.0,8.0,nan,62.0,34.0,44.0,112.0
57,前鎮,2019-03-20,59,9.0,10.0,nan,59.0,41.0,nan,nan
58,小港,2019-03-20,82,34.0,8.0,nan,52.0,38.0,33.0,82.0
59,屏東,2019-03-20,128,10.0,8.0,nan,62.0,17.0,67.0,128.0
60,潮州,2019-03-20,87,6.0,6.0,nan,52.0,12.0,50.0,87.0
61,恆春,2019-03-20,44,1.0,2.0,nan,15.0,2.0,44.0,29.0
62,臺東,2019-03-20,23,3.0,5.0,nan,16.0,8.0,23.0,17.0
63,花蓮,2019-03-20,38,3.0,6.0,nan,26.0,17.0,38.0,36.0
64,陽明,2019-03-20,126,4.0,5.0,nan,37.0,10.0,126.0,74.0
65,宜蘭,2019-03-20,47,3.0,5.0,nan,22.0,9.0,47.0,37.0
67,三重,2019-03-20,74,9.0,24.0,nan,54.0,65.0,nan,74.0
68,中壢,2019-03-20,102,7.0,23.0,nan,57.0,52.0,nan,102.0
69,竹山,2019-03-20,147,7.0,5.0,nan,66.0,18.0,100.0,147.0
70,永和,2019-03-20,85,17.0,18.0,nan,46.0,63.0,nan,85.0
71,復興,2019-03-20,83,11.0,10.0,nan,45.0,38.0,nan,83.0
72,埔里,2019-03-20,110,6.0,7.0,nan,62.0,19.0,108.0,110.0
75,馬祖,2019-03-20,92,6.0,10.0,nan,54.0,23.0,61.0,92.0
77,金門,2019-03-20,120,7.0,5.0,nan,62.0,32.0,45.0,120.0
78,馬公,2019-03-20,46,3.0,3.0,nan,33.0,nan,33.0,46.0
80,關山,2019-03-20,33,3.0,nan,nan,18.0,5.0,28.0,33.0
83,麥寮,2019-03-20,61,9.0,6.0,nan,46.0,19.0,nan,61.0
84,富貴角,2019-03-20,90,10.0,5.0,nan,40.0,29.0,90.0,78.0
19,觀音,2019-03-21,35,4.0,3.0,nan,35.0,8.0,31.0,30.0
84,富貴角,2019-03-21,58,3.0,3.0,nan,35.0,9.0,33.0,58.0
83,麥寮,2019-03-21,35,6.0,5.0,nan,33.0,14.0,nan,35.0
80,關山,2019-03-21,49,3.0,nan,nan,27.0,7.0,29.0,49.0
78,馬公,2019-03-21,20,3.0,3.0,nan,19.0,nan,13.0,20.0
77,金門,2019-03-21,85,7.0,3.0,nan,44.0,13.0,40.0,85.0
75,馬祖,2019-03-21,82,4.0,3.0,nan,48.0,18.0,64.0,82.0
72,埔里,2019-03-21,87,7.0,6.0,nan,52.0,24.0,74.0,87.0
71,復興,2019-03-21,34,6.0,7.0,nan,27.0,23.0,nan,34.0
70,永和,2019-03-21,99,9.0,18.0,nan,54.0,47.0,nan,99.0
69,竹山,2019-03-21,69,4.0,5.0,nan,42.0,16.0,44.0,69.0
68,中壢,2019-03-21,86,10.0,17.0,nan,44.0,38.0,nan,86.0
67,三重,2019-03-21,87,9.0,19.0,nan,61.0,56.0,nan,87.0
65,宜蘭,2019-03-21,59,3.0,5.0,nan,36.0,13.0,43.0,59.0
64,陽明,2019-03-21,55,4.0,3.0,nan,31.0,9.0,54.0,55.0
63,花蓮,2019-03-21,53,6.0,3.0,nan,30.0,25.0,27.0,53.0
62,臺東,2019-03-21,33,3.0,5.0,nan,24.0,13.0,18.0,33.0
61,恆春,2019-03-21,34,1.0,2.0,nan,18.0,4.0,28.0,34.0
60,潮州,2019-03-21,53,9.0,3.0,nan,33.0,16.0,45.0,53.0
59,屏東,2019-03-21,71,6.0,5.0,nan,38.0,29.0,51.0,71.0
58,小港,2019-03-21,37,11.0,5.0,nan,29.0,25.0,23.0,37.0
57,前鎮,2019-03-21,30,6.0,7.0,nan,30.0,24.0,nan,nan
56,前金,2019-03-21,44,6.0,6.0,nan,26.0,22.0,30.0,44.0
54,左營,2019-03-21,40,7.0,6.0,nan,24.0,26.0,28.0,40.0
53,楠梓,2019-03-21,48,4.0,5.0,nan,28.0,23.0,30.0,48.0
52,林園,2019-03-21,53,10.0,3.0,nan,31.0,17.0,41.0,53.0
51,大寮,2019-03-21,66,27.0,7.0,nan,34.0,26.0,24.0,66.0
50,鳳山,2019-03-21,43,6.0,7.0,nan,32.0,25.0,nan,43.0
48,橋頭,2019-03-21,56,7.0,5.0,nan,32.0,18.0,34.0,56.0
47,美濃,2019-03-21,42,6.0,3.0,nan,32.0,11.0,42.0,27.0
46,臺南,2019-03-21,45,7.0,5.0,nan,31.0,20.0,29.0,45.0
45,安南,2019-03-21,45,7.0,6.0,nan,42.0,23.0,31.0,45.0
44,善化,2019-03-21,44,7.0,3.0,nan,41.0,16.0,35.0,44.0
43,新營,2019-03-21,46,4.0,3.0,nan,34.0,15.0,26.0,46.0
42,嘉義,2019-03-21,55,6.0,5.0,nan,36.0,15.0,37.0,55.0
41,臺西,2019-03-21,53,7.0,3.0,nan,33.0,12.0,nan,53.0
40,朴子,2019-03-21,44,6.0,5.0,nan,35.0,15.0,27.0,44.0
39,新港,2019-03-21,61,26.0,5.0,nan,43.0,18.0,28.0,61.0
38,崙背,2019-03-21,55,6.0,3.0,nan,33.0,8.0,33.0,55.0
37,斗六,2019-03-21,63,4.0,3.0,nan,35.0,14.0,39.0,63.0
36,南投,2019-03-21,64,11.0,5.0,nan,44.0,18.0,32.0,64.0
35,二林,2019-03-21,58,7.0,3.0,nan,45.0,13.0,27.0,58.0
34,線西,2019-03-21,55,7.0,3.0,nan,36.0,14.0,nan,55.0
33,彰化,2019-03-21,60,10.0,5.0,nan,31.0,18.0,31.0,60.0
32,西屯,2019-03-21,57,6.0,5.0,nan,44.0,19.0,37.0,57.0
31,忠明,2019-03-21,59,7.0,5.0,nan,34.0,22.0,34.0,59.0
30,大里,2019-03-21,61,7.0,7.0,nan,44.0,21.0,37.0,61.0
29,沙鹿,2019-03-21,43,6.0,5.0,nan,34.0,22.0,32.0,43.0
28,豐原,2019-03-21,73,7.0,5.0,nan,43.0,22.0,45.0,73.0
27,三義,2019-03-21,70,4.0,5.0,nan,41.0,25.0,39.0,70.0
26,苗栗,2019-03-21,67,7.0,5.0,nan,38.0,21.0,35.0,67.0
25,頭份,2019-03-21,53,6.0,5.0,nan,39.0,25.0,nan,53.0
24,新竹,2019-03-21,40,6.0,5.0,nan,40.0,21.0,33.0,38.0
23,竹東,2019-03-21,80,6.0,6.0,nan,49.0,23.0,51.0,80.0
22,湖口,2019-03-21,50,6.0,3.0,nan,39.0,16.0,37.0,50.0
21,龍潭,2019-03-21,80,6.0,6.0,nan,47.0,22.0,54.0,80.0
20,平鎮,2019-03-21,65,7.0,7.0,nan,41.0,20.0,40.0,65.0
18,大園,2019-03-21,52,9.0,3.0,nan,32.0,14.0,38.0,52.0
17,桃園,2019-03-21,76,10.0,6.0,nan,45.0,25.0,36.0,76.0
16,大同,2019-03-21,88,9.0,30.0,nan,58.0,60.0,nan,88.0
15,松山,2019-03-21,102,11.0,10.0,nan,64.0,34.0,74.0,102.0
14,古亭,2019-03-21,109,9.0,10.0,nan,57.0,39.0,54.0,109.0
13,萬華,2019-03-21,94,10.0,9.0,nan,57.0,49.0,44.0,94.0
12,中山,2019-03-21,84,14.0,10.0,nan,57.0,44.0,45.0,84.0
11,士林,2019-03-21,75,4.0,8.0,nan,54.0,37.0,50.0,75.0
10,淡水,2019-03-21,63,6.0,5.0,nan,37.0,16.0,32.0,63.0
9,林口,2019-03-21,53,7.0,5.0,nan,44.0,25.0,45.0,53.0
8,菜寮,2019-03-21,99,6.0,11.0,nan,54.0,38.0,48.0,99.0
7,新莊,2019-03-21,93,7.0,11.0,nan,64.0,46.0,50.0,93.0
6,板橋,2019-03-21,100,7.0,11.0,nan,60.0,44.0,49.0,100.0
5,土城,2019-03-21,108,6.0,9.0,nan,62.0,43.0,71.0,108.0
4,新店,2019-03-21,90,7.0,8.0,nan,46.0,33.0,80.0,90.0
3,萬里,2019-03-21,73,11.0,5.0,nan,49.0,17.0,47.0,73.0
2,汐止,2019-03-21,97,19.0,11.0,nan,54.0,30.0,54.0,97.0
66,冬山,2019-03-21,69,9.0,7.0,nan,46.0,25.0,51.0,69.0
49,仁武,2019-03-21,56,14.0,5.0,nan,27.0,21.0,30.0,56.0
1,基隆,2019-03-21,71,6.0,7.0,nan,49.0,21.0,48.0,71.0
1,基隆,2019-03-22,51,4.0,3.0,nan,35.0,16.0,47.0,51.0
66,冬山,2019-03-22,46,6.0,3.0,nan,33.0,13.0,41.0,46.0
2,汐止,2019-03-22,57,4.0,3.0,nan,28.0,17.0,39.0,57.0
83,麥寮,2019-03-22,60,3.0,3.0,nan,51.0,10.0,nan,60.0
80,關山,2019-03-22,40,4.0,nan,nan,23.0,9.0,34.0,40.0
78,馬公,2019-03-22,42,3.0,3.0,nan,35.0,nan,31.0,42.0
77,金門,2019-03-22,60,4.0,5.0,nan,31.0,11.0,43.0,60.0
75,馬祖,2019-03-22,67,3.0,2.0,nan,30.0,4.0,67.0,47.0
72,埔里,2019-03-22,87,6.0,5.0,nan,51.0,20.0,87.0,73.0
71,復興,2019-03-22,55,4.0,8.0,nan,40.0,29.0,nan,55.0
70,永和,2019-03-22,52,4.0,7.0,nan,31.0,22.0,nan,52.0
69,竹山,2019-03-22,80,11.0,5.0,nan,49.0,21.0,58.0,80.0
68,中壢,2019-03-22,78,7.0,15.0,nan,44.0,42.0,nan,78.0
67,三重,2019-03-22,42,7.0,16.0,nan,34.0,42.0,nan,40.0
65,宜蘭,2019-03-22,51,3.0,5.0,nan,31.0,11.0,46.0,51.0
64,陽明,2019-03-22,46,1.0,3.0,nan,10.0,3.0,46.0,17.0
63,花蓮,2019-03-22,46,6.0,5.0,nan,31.0,21.0,46.0,44.0
62,臺東,2019-03-22,41,1.0,5.0,nan,26.0,13.0,28.0,41.0
61,恆春,2019-03-22,52,4.0,3.0,nan,33.0,14.0,45.0,52.0
60,潮州,2019-03-22,61,16.0,5.0,nan,38.0,19.0,38.0,61.0
59,屏東,2019-03-22,63,4.0,5.0,nan,39.0,19.0,51.0,63.0
58,小港,2019-03-22,51,9.0,6.0,nan,39.0,30.0,27.0,51.0
57,前鎮,2019-03-22,57,6.0,7.0,nan,43.0,27.0,nan,57.0
56,前金,2019-03-22,68,6.0,6.0,nan,41.0,19.0,38.0,68.0
54,左營,2019-03-22,52,7.0,5.0,nan,35.0,21.0,40.0,52.0
53,楠梓,2019-03-22,71,6.0,5.0,nan,42.0,18.0,36.0,71.0
52,林園,2019-03-22,64,14.0,5.0,nan,44.0,25.0,37.0,64.0
51,大寮,2019-03-22,70,6.0,5.0,nan,39.0,23.0,36.0,70.0
50,鳳山,2019-03-22,62,11.0,6.0,nan,42.0,25.0,nan,62.0
48,橋頭,2019-03-22,82,7.0,6.0,nan,46.0,19.0,37.0,82.0
47,美濃,2019-03-22,44,3.0,3.0,nan,39.0,8.0,44.0,36.0
46,臺南,2019-03-22,71,13.0,7.0,nan,47.0,24.0,43.0,71.0
45,安南,2019-03-22,60,6.0,6.0,nan,55.0,21.0,48.0,60.0
44,善化,2019-03-22,65,4.0,5.0,nan,54.0,16.0,47.0,65.0
43,新營,2019-03-22,74,10.0,5.0,nan,49.0,27.0,39.0,74.0
42,嘉義,2019-03-22,70,13.0,7.0,nan,49.0,28.0,44.0,70.0
41,臺西,2019-03-22,69,6.0,3.0,nan,48.0,11.0,nan,69.0
40,朴子,2019-03-22,65,6.0,3.0,nan,52.0,12.0,48.0,65.0
39,新港,2019-03-22,83,13.0,5.0,nan,59.0,25.0,44.0,83.0
38,崙背,2019-03-22,77,6.0,5.0,nan,53.0,12.0,51.0,77.0
37,斗六,2019-03-22,85,14.0,6.0,nan,nan,22.0,50.0,85.0
36,南投,2019-03-22,81,6.0,6.0,nan,52.0,31.0,39.0,81.0
35,二林,2019-03-22,75,14.0,6.0,nan,60.0,21.0,43.0,75.0
34,線西,2019-03-22,73,9.0,7.0,nan,52.0,16.0,nan,73.0
33,彰化,2019-03-22,75,14.0,6.0,nan,48.0,19.0,44.0,75.0
32,西屯,2019-03-22,79,6.0,5.0,nan,53.0,22.0,47.0,79.0
31,忠明,2019-03-22,72,6.0,6.0,nan,43.0,25.0,44.0,72.0
30,大里,2019-03-22,69,6.0,7.0,nan,50.0,27.0,47.0,69.0
29,沙鹿,2019-03-22,60,3.0,5.0,nan,47.0,17.0,51.0,60.0
28,豐原,2019-03-22,83,4.0,5.0,nan,45.0,17.0,45.0,83.0
27,三義,2019-03-22,79,6.0,3.0,nan,41.0,17.0,40.0,79.0
26,苗栗,2019-03-22,79,7.0,6.0,nan,49.0,22.0,31.0,79.0
25,頭份,2019-03-22,68,4.0,5.0,nan,47.0,25.0,nan,68.0
24,新竹,2019-03-22,58,6.0,5.0,nan,48.0,19.0,39.0,58.0
23,竹東,2019-03-22,57,3.0,5.0,nan,40.0,15.0,39.0,57.0
22,湖口,2019-03-22,62,4.0,5.0,nan,43.0,16.0,46.0,62.0
21,龍潭,2019-03-22,72,6.0,5.0,nan,43.0,20.0,38.0,72.0
20,平鎮,2019-03-22,64,6.0,6.0,nan,42.0,29.0,35.0,64.0
19,觀音,2019-03-22,56,10.0,3.0,nan,43.0,13.0,45.0,56.0
18,大園,2019-03-22,64,10.0,3.0,nan,38.0,32.0,47.0,64.0
17,桃園,2019-03-22,57,9.0,6.0,nan,35.0,21.0,30.0,57.0
16,大同,2019-03-22,44,9.0,11.0,nan,30.0,43.0,nan,44.0
15,松山,2019-03-22,49,6.0,5.0,nan,31.0,20.0,39.0,49.0
14,古亭,2019-03-22,56,4.0,5.0,nan,33.0,22.0,38.0,56.0
13,萬華,2019-03-22,49,7.0,6.0,nan,29.0,25.0,34.0,49.0
12,中山,2019-03-22,47,7.0,7.0,nan,30.0,29.0,31.0,47.0
11,士林,2019-03-22,55,4.0,3.0,nan,27.0,11.0,47.0,55.0
10,淡水,2019-03-22,50,3.0,3.0,nan,20.0,19.0,50.0,47.0
9,林口,2019-03-22,39,4.0,5.0,nan,34.0,19.0,39.0,34.0
8,菜寮,2019-03-22,54,7.0,6.0,nan,28.0,15.0,41.0,54.0
7,新莊,2019-03-22,41,7.0,6.0,nan,32.0,19.0,39.0,41.0
6,板橋,2019-03-22,48,4.0,6.0,nan,31.0,25.0,32.0,48.0
5,土城,2019-03-22,58,6.0,5.0,nan,34.0,18.0,42.0,58.0
4,新店,2019-03-22,46,6.0,5.0,nan,27.0,24.0,37.0,46.0
3,萬里,2019-03-22,64,nan,2.0,nan,57.0,6.0,64.0,49.0
49,仁武,2019-03-22,65,7.0,5.0,nan,37.0,21.0,34.0,65.0
84,富貴角,2019-03-22,65,1.0,3.0,nan,44.0,4.0,58.0,65.0
83,麥寮,2019-03-23,39,10.0,3.0,nan,37.0,18.0,nan,39.0
84,富貴角,2019-03-23,58,1.0,1.0,nan,34.0,2.0,58.0,39.0
1,基隆,2019-03-23,51,1.0,2.0,nan,26.0,5.0,51.0,26.0
66,冬山,2019-03-23,44,3.0,2.0,nan,19.0,16.0,44.0,14.0
2,汐止,2019-03-23,40,4.0,3.0,nan,17.0,16.0,40.0,31.0
3,萬里,2019-03-23,67,nan,2.0,nan,57.0,5.0,67.0,30.0
4,新店,2019-03-23,40,4.0,3.0,nan,17.0,16.0,40.0,17.0
5,土城,2019-03-23,43,3.0,3.0,nan,22.0,15.0,43.0,33.0
6,板橋,2019-03-23,38,3.0,5.0,nan,20.0,24.0,38.0,23.0
7,新莊,2019-03-23,41,3.0,3.0,nan,21.0,16.0,41.0,18.0
8,菜寮,2019-03-23,40,3.0,3.0,nan,16.0,14.0,40.0,26.0
9,林口,2019-03-23,45,1.0,2.0,nan,19.0,10.0,45.0,18.0
10,淡水,2019-03-23,50,3.0,2.0,nan,13.0,8.0,50.0,22.0
11,士林,2019-03-23,50,3.0,2.0,nan,17.0,8.0,50.0,40.0
12,中山,2019-03-23,40,4.0,6.0,nan,19.0,25.0,40.0,33.0
13,萬華,2019-03-23,40,1.0,3.0,nan,19.0,22.0,40.0,26.0
14,古亭,2019-03-23,42,3.0,3.0,nan,23.0,16.0,42.0,33.0
15,松山,2019-03-23,42,3.0,3.0,nan,22.0,21.0,42.0,37.0
16,大同,2019-03-23,41,3.0,8.0,nan,20.0,41.0,nan,28.0
17,桃園,2019-03-23,31,7.0,5.0,nan,19.0,17.0,31.0,29.0
18,大園,2019-03-23,47,9.0,2.0,nan,20.0,23.0,47.0,35.0
19,觀音,2019-03-23,44,10.0,2.0,nan,28.0,11.0,44.0,31.0
20,平鎮,2019-03-23,38,4.0,5.0,nan,21.0,21.0,38.0,26.0
21,龍潭,2019-03-23,45,4.0,3.0,nan,19.0,13.0,45.0,34.0
22,湖口,2019-03-23,47,3.0,2.0,nan,21.0,9.0,47.0,32.0
23,竹東,2019-03-23,47,1.0,2.0,nan,16.0,8.0,47.0,18.0
24,新竹,2019-03-23,40,3.0,3.0,nan,24.0,10.0,40.0,21.0
25,頭份,2019-03-23,26,3.0,2.0,nan,19.0,13.0,nan,26.0
26,苗栗,2019-03-23,40,3.0,3.0,nan,19.0,14.0,33.0,40.0
27,三義,2019-03-23,41,3.0,3.0,nan,13.0,8.0,41.0,34.0
28,豐原,2019-03-23,37,3.0,3.0,nan,12.0,9.0,34.0,37.0
29,沙鹿,2019-03-23,41,3.0,2.0,nan,14.0,9.0,41.0,22.0
30,大里,2019-03-23,36,4.0,5.0,nan,16.0,17.0,27.0,36.0
31,忠明,2019-03-23,32,4.0,3.0,nan,12.0,14.0,32.0,30.0
32,西屯,2019-03-23,39,3.0,2.0,nan,22.0,13.0,38.0,39.0
33,彰化,2019-03-23,34,4.0,5.0,nan,19.0,16.0,32.0,34.0
34,線西,2019-03-23,44,4.0,3.0,nan,22.0,12.0,nan,44.0
35,二林,2019-03-23,43,9.0,3.0,nan,33.0,14.0,35.0,43.0
36,南投,2019-03-23,48,3.0,5.0,nan,27.0,21.0,20.0,48.0
37,斗六,2019-03-23,58,3.0,3.0,nan,26.0,15.0,30.0,58.0
38,崙背,2019-03-23,50,10.0,5.0,nan,30.0,16.0,37.0,50.0
39,新港,2019-03-23,59,10.0,3.0,nan,32.0,16.0,32.0,59.0
40,朴子,2019-03-23,58,9.0,5.0,nan,35.0,18.0,33.0,58.0
41,臺西,2019-03-23,48,9.0,2.0,nan,33.0,13.0,nan,48.0
42,嘉義,2019-03-23,67,6.0,5.0,nan,34.0,23.0,25.0,67.0
43,新營,2019-03-23,49,7.0,5.0,nan,33.0,20.0,26.0,49.0
44,善化,2019-03-23,64,7.0,5.0,nan,46.0,18.0,29.0,64.0
45,安南,2019-03-23,61,6.0,5.0,nan,46.0,18.0,32.0,61.0
46,臺南,2019-03-23,72,7.0,6.0,nan,44.0,21.0,29.0,72.0
47,美濃,2019-03-23,77,3.0,5.0,nan,52.0,13.0,13.0,77.0
48,橋頭,2019-03-23,102,6.0,6.0,nan,52.0,22.0,21.0,102.0
50,鳳山,2019-03-23,105,9.0,7.0,nan,56.0,32.0,nan,105.0
51,大寮,2019-03-23,119,7.0,7.0,nan,57.0,29.0,11.0,119.0
52,林園,2019-03-23,121,9.0,9.0,nan,68.0,34.0,14.0,121.0
53,楠梓,2019-03-23,93,6.0,6.0,nan,50.0,24.0,19.0,93.0
54,左營,2019-03-23,89,6.0,6.0,nan,47.0,27.0,19.0,89.0
56,前金,2019-03-23,122,6.0,7.0,nan,57.0,20.0,19.0,122.0
57,前鎮,2019-03-23,111,7.0,8.0,nan,59.0,31.0,nan,111.0
58,小港,2019-03-23,93,10.0,8.0,nan,55.0,33.0,10.0,93.0
59,屏東,2019-03-23,104,3.0,6.0,nan,58.0,20.0,15.0,104.0
60,潮州,2019-03-23,107,6.0,7.0,nan,64.0,26.0,14.0,107.0
61,恆春,2019-03-23,48,1.0,2.0,nan,7.0,4.0,48.0,25.0
62,臺東,2019-03-23,29,1.0,3.0,nan,8.0,8.0,29.0,11.0
63,花蓮,2019-03-23,47,3.0,2.0,nan,15.0,6.0,47.0,22.0
64,陽明,2019-03-23,49,1.0,2.0,nan,6.0,2.0,49.0,8.0
65,宜蘭,2019-03-23,44,3.0,3.0,nan,17.0,7.0,44.0,28.0
67,三重,2019-03-23,39,6.0,15.0,nan,24.0,39.0,nan,22.0
68,中壢,2019-03-23,43,4.0,8.0,nan,23.0,28.0,nan,43.0
69,竹山,2019-03-23,67,6.0,5.0,nan,35.0,21.0,23.0,67.0
70,永和,2019-03-23,26,1.0,5.0,nan,19.0,16.0,nan,26.0
71,復興,2019-03-23,105,7.0,9.0,nan,59.0,30.0,nan,105.0
72,埔里,2019-03-23,93,4.0,6.0,nan,57.0,19.0,19.0,93.0
75,馬祖,2019-03-23,67,3.0,2.0,nan,27.0,3.0,67.0,34.0
77,金門,2019-03-23,55,4.0,3.0,nan,34.0,8.0,45.0,55.0
78,馬公,2019-03-23,35,3.0,2.0,nan,23.0,nan,35.0,26.0
80,關山,2019-03-23,34,3.0,nan,nan,8.0,5.0,34.0,17.0
49,仁武,2019-03-23,100,14.0,6.0,nan,52.0,nan,16.0,100.0
2,汐止,2019-03-24,45,4.0,7.0,nan,20.0,31.0,44.0,45.0
49,仁武,2019-03-24,68,7.0,6.0,nan,39.0,nan,29.0,68.0
66,冬山,2019-03-24,41,3.0,3.0,nan,14.0,11.0,41.0,17.0
84,富貴角,2019-03-24,71,1.0,2.0,nan,37.0,3.0,71.0,47.0
83,麥寮,2019-03-24,57,13.0,7.0,nan,32.0,26.0,nan,57.0
80,關山,2019-03-24,36,3.0,nan,nan,12.0,8.0,36.0,24.0
78,馬公,2019-03-24,39,1.0,3.0,nan,29.0,nan,39.0,39.0
77,金門,2019-03-24,69,13.0,3.0,nan,41.0,20.0,47.0,69.0
75,馬祖,2019-03-24,90,3.0,3.0,nan,46.0,6.0,90.0,70.0
72,埔里,2019-03-24,47,3.0,5.0,nan,26.0,15.0,22.0,47.0
71,復興,2019-03-24,84,7.0,9.0,nan,48.0,28.0,nan,84.0
70,永和,2019-03-24,34,4.0,8.0,nan,19.0,34.0,nan,32.0
69,竹山,2019-03-24,52,3.0,5.0,nan,24.0,20.0,18.0,52.0
68,中壢,2019-03-24,56,6.0,19.0,nan,27.0,42.0,nan,56.0
67,三重,2019-03-24,47,7.0,18.0,nan,29.0,47.0,nan,37.0
65,宜蘭,2019-03-24,46,3.0,3.0,nan,19.0,8.0,46.0,37.0
64,陽明,2019-03-24,61,3.0,2.0,nan,11.0,3.0,61.0,22.0
63,花蓮,2019-03-24,40,3.0,5.0,nan,19.0,18.0,40.0,27.0
62,臺東,2019-03-24,33,3.0,3.0,nan,10.0,8.0,33.0,27.0
61,恆春,2019-03-24,61,1.0,2.0,nan,10.0,2.0,61.0,24.0
60,潮州,2019-03-24,83,9.0,6.0,nan,44.0,20.0,30.0,83.0
59,屏東,2019-03-24,73,7.0,6.0,nan,44.0,22.0,31.0,73.0
58,小港,2019-03-24,67,7.0,7.0,nan,42.0,36.0,31.0,67.0
57,前鎮,2019-03-24,78,10.0,10.0,nan,47.0,32.0,nan,78.0
56,前金,2019-03-24,80,7.0,8.0,nan,44.0,27.0,30.0,80.0
54,左營,2019-03-24,62,6.0,7.0,nan,37.0,25.0,26.0,62.0
53,楠梓,2019-03-24,74,4.0,6.0,nan,38.0,23.0,22.0,74.0
52,林園,2019-03-24,90,6.0,5.0,nan,51.0,25.0,41.0,90.0
51,大寮,2019-03-24,85,4.0,5.0,nan,42.0,22.0,33.0,85.0
50,鳳山,2019-03-24,77,7.0,7.0,nan,43.0,28.0,nan,77.0
48,橋頭,2019-03-24,86,4.0,6.0,nan,42.0,20.0,19.0,86.0
47,美濃,2019-03-24,47,4.0,5.0,nan,37.0,11.0,22.0,47.0
46,臺南,2019-03-24,72,4.0,8.0,nan,42.0,30.0,24.0,72.0
45,安南,2019-03-24,64,6.0,6.0,nan,44.0,22.0,28.0,64.0
44,善化,2019-03-24,51,16.0,5.0,nan,39.0,15.0,24.0,51.0
43,新營,2019-03-24,53,4.0,6.0,nan,30.0,22.0,26.0,53.0
42,嘉義,2019-03-24,54,6.0,7.0,nan,27.0,27.0,26.0,54.0
41,臺西,2019-03-24,70,10.0,6.0,nan,31.0,17.0,nan,70.0
40,朴子,2019-03-24,61,6.0,5.0,nan,31.0,14.0,31.0,61.0
39,新港,2019-03-24,62,4.0,6.0,nan,33.0,19.0,31.0,62.0
38,崙背,2019-03-24,66,9.0,7.0,nan,29.0,22.0,34.0,66.0
37,斗六,2019-03-24,59,4.0,6.0,nan,27.0,21.0,29.0,59.0
36,南投,2019-03-24,51,4.0,6.0,nan,25.0,23.0,19.0,51.0
35,二林,2019-03-24,58,9.0,6.0,nan,35.0,20.0,32.0,58.0
34,線西,2019-03-24,62,9.0,7.0,nan,26.0,31.0,nan,62.0
33,彰化,2019-03-24,58,9.0,8.0,nan,26.0,27.0,33.0,58.0
32,西屯,2019-03-24,43,3.0,7.0,nan,29.0,31.0,34.0,43.0
31,忠明,2019-03-24,45,6.0,8.0,nan,19.0,35.0,31.0,45.0
30,大里,2019-03-24,54,6.0,9.0,nan,28.0,31.0,26.0,54.0
29,沙鹿,2019-03-24,47,6.0,8.0,nan,21.0,32.0,39.0,47.0
28,豐原,2019-03-24,57,4.0,7.0,nan,25.0,26.0,24.0,57.0
27,三義,2019-03-24,42,4.0,6.0,nan,18.0,19.0,36.0,42.0
26,苗栗,2019-03-24,61,6.0,7.0,nan,23.0,27.0,35.0,61.0
25,頭份,2019-03-24,38,1.0,6.0,nan,19.0,25.0,nan,38.0
24,新竹,2019-03-24,47,3.0,7.0,nan,25.0,31.0,47.0,44.0
23,竹東,2019-03-24,45,4.0,6.0,nan,20.0,17.0,45.0,32.0
22,湖口,2019-03-24,58,3.0,6.0,nan,22.0,23.0,58.0,49.0
1,基隆,2019-03-24,50,3.0,7.0,nan,26.0,29.0,50.0,38.0
21,龍潭,2019-03-24,51,4.0,6.0,nan,20.0,25.0,51.0,35.0
20,平鎮,2019-03-24,54,4.0,7.0,nan,23.0,34.0,54.0,38.0
19,觀音,2019-03-24,54,14.0,6.0,nan,31.0,37.0,44.0,54.0
18,大園,2019-03-24,54,7.0,6.0,nan,21.0,38.0,54.0,38.0
17,桃園,2019-03-24,42,11.0,8.0,nan,24.0,38.0,42.0,38.0
16,大同,2019-03-24,52,7.0,20.0,nan,30.0,52.0,nan,38.0
15,松山,2019-03-24,48,6.0,6.0,nan,28.0,35.0,48.0,44.0
14,古亭,2019-03-24,54,4.0,7.0,nan,25.0,33.0,54.0,47.0
13,萬華,2019-03-24,41,4.0,7.0,nan,25.0,40.0,41.0,27.0
12,中山,2019-03-24,47,6.0,7.0,nan,26.0,38.0,47.0,44.0
11,士林,2019-03-24,74,4.0,5.0,nan,24.0,42.0,74.0,33.0
10,淡水,2019-03-24,61,4.0,5.0,nan,13.0,37.0,61.0,26.0
9,林口,2019-03-24,54,3.0,3.0,nan,22.0,25.0,54.0,31.0
8,菜寮,2019-03-24,48,4.0,10.0,nan,24.0,43.0,48.0,46.0
7,新莊,2019-03-24,50,4.0,9.0,nan,28.0,40.0,50.0,36.0
6,板橋,2019-03-24,46,4.0,8.0,nan,23.0,40.0,46.0,43.0
5,土城,2019-03-24,50,3.0,8.0,nan,24.0,39.0,50.0,42.0
4,新店,2019-03-24,48,3.0,6.0,nan,18.0,27.0,48.0,30.0
3,萬里,2019-03-24,84,3.0,3.0,nan,34.0,13.0,84.0,42.0
1,基隆,2019-03-25,44,6.0,6.0,nan,20.0,27.0,44.0,30.0
83,麥寮,2019-03-25,88,6.0,6.0,nan,48.0,20.0,nan,88.0
80,關山,2019-03-25,31,3.0,nan,nan,15.0,7.0,31.0,25.0
78,馬公,2019-03-25,59,1.0,5.0,nan,34.0,nan,35.0,59.0
77,金門,2019-03-25,94,14.0,6.0,nan,44.0,22.0,31.0,94.0
75,馬祖,2019-03-25,77,4.0,5.0,nan,37.0,12.0,77.0,77.0
72,埔里,2019-03-25,54,7.0,8.0,nan,32.0,26.0,17.0,54.0
71,復興,2019-03-25,82,13.0,11.0,nan,50.0,34.0,nan,82.0
70,永和,2019-03-25,56,7.0,23.0,nan,27.0,45.0,nan,56.0
69,竹山,2019-03-25,67,4.0,8.0,nan,35.0,30.0,15.0,67.0
68,中壢,2019-03-25,68,6.0,14.0,nan,32.0,44.0,nan,68.0
67,三重,2019-03-25,57,10.0,30.0,nan,37.0,57.0,nan,54.0
65,宜蘭,2019-03-25,40,7.0,7.0,nan,22.0,18.0,20.0,40.0
64,陽明,2019-03-25,54,1.0,3.0,nan,6.0,6.0,54.0,14.0
63,花蓮,2019-03-25,31,3.0,7.0,nan,19.0,19.0,31.0,23.0
62,臺東,2019-03-25,27,3.0,5.0,nan,14.0,10.0,24.0,27.0
61,恆春,2019-03-25,61,3.0,3.0,nan,20.0,7.0,61.0,40.0
60,潮州,2019-03-25,58,4.0,5.0,nan,50.0,20.0,50.0,58.0
59,屏東,2019-03-25,61,4.0,6.0,nan,35.0,24.0,61.0,59.0
58,小港,2019-03-25,71,9.0,8.0,nan,43.0,38.0,71.0,68.0
57,前鎮,2019-03-25,82,13.0,10.0,nan,52.0,38.0,nan,82.0
56,前金,2019-03-25,90,6.0,8.0,nan,45.0,28.0,90.0,89.0
54,左營,2019-03-25,74,6.0,8.0,nan,38.0,33.0,74.0,72.0
53,楠梓,2019-03-25,88,6.0,7.0,nan,44.0,32.0,71.0,88.0
52,林園,2019-03-25,84,10.0,8.0,nan,44.0,39.0,84.0,79.0
51,大寮,2019-03-25,94,7.0,7.0,nan,44.0,40.0,74.0,94.0
50,鳳山,2019-03-25,79,7.0,8.0,nan,44.0,40.0,nan,79.0
48,橋頭,2019-03-25,94,4.0,8.0,nan,47.0,32.0,77.0,94.0
47,美濃,2019-03-25,37,3.0,5.0,nan,30.0,15.0,37.0,29.0
46,臺南,2019-03-25,91,6.0,8.0,nan,50.0,30.0,47.0,91.0
45,安南,2019-03-25,80,6.0,7.0,nan,55.0,32.0,43.0,80.0
44,善化,2019-03-25,70,9.0,7.0,nan,52.0,27.0,38.0,70.0
43,新營,2019-03-25,77,4.0,8.0,nan,48.0,27.0,22.0,77.0
42,嘉義,2019-03-25,76,13.0,10.0,nan,47.0,40.0,19.0,76.0
41,臺西,2019-03-25,106,7.0,6.0,nan,46.0,18.0,nan,106.0
40,朴子,2019-03-25,78,6.0,7.0,nan,49.0,21.0,24.0,78.0
39,新港,2019-03-25,81,6.0,7.0,nan,47.0,24.0,19.0,81.0
38,崙背,2019-03-25,94,4.0,7.0,nan,44.0,25.0,26.0,94.0
37,斗六,2019-03-25,86,6.0,8.0,nan,42.0,39.0,13.0,86.0
36,南投,2019-03-25,73,9.0,11.0,nan,42.0,41.0,6.0,73.0
35,二林,2019-03-25,66,7.0,6.0,nan,49.0,24.0,25.0,66.0
34,線西,2019-03-25,85,6.0,8.0,nan,37.0,28.0,nan,85.0
33,彰化,2019-03-25,76,6.0,10.0,nan,35.0,39.0,18.0,76.0
32,西屯,2019-03-25,67,7.0,8.0,nan,39.0,34.0,25.0,67.0
31,忠明,2019-03-25,69,7.0,10.0,nan,31.0,40.0,18.0,69.0
30,大里,2019-03-25,64,7.0,15.0,nan,42.0,53.0,8.0,64.0
29,沙鹿,2019-03-25,63,6.0,7.0,nan,30.0,32.0,31.0,63.0
28,豐原,2019-03-25,72,4.0,9.0,nan,33.0,31.0,19.0,72.0
27,三義,2019-03-25,52,4.0,6.0,nan,20.0,23.0,28.0,52.0
26,苗栗,2019-03-25,75,4.0,7.0,nan,31.0,28.0,26.0,75.0
25,頭份,2019-03-25,59,3.0,7.0,nan,30.0,28.0,nan,59.0
24,新竹,2019-03-25,49,3.0,7.0,nan,31.0,30.0,36.0,49.0
23,竹東,2019-03-25,51,6.0,8.0,nan,27.0,28.0,30.0,51.0
22,湖口,2019-03-25,55,4.0,5.0,nan,26.0,19.0,46.0,55.0
21,龍潭,2019-03-25,51,6.0,6.0,nan,30.0,23.0,33.0,51.0
20,平鎮,2019-03-25,57,6.0,7.0,nan,30.0,28.0,35.0,57.0
19,觀音,2019-03-25,63,6.0,5.0,nan,31.0,19.0,44.0,63.0
18,大園,2019-03-25,51,4.0,6.0,nan,26.0,27.0,42.0,51.0
17,桃園,2019-03-25,62,26.0,7.0,nan,31.0,36.0,28.0,62.0
16,大同,2019-03-25,57,9.0,25.0,nan,31.0,57.0,nan,45.0
15,松山,2019-03-25,54,7.0,12.0,nan,29.0,48.0,21.0,54.0
14,古亭,2019-03-25,57,9.0,12.0,nan,28.0,42.0,31.0,57.0
13,萬華,2019-03-25,42,10.0,14.0,nan,28.0,42.0,28.0,37.0
12,中山,2019-03-25,46,10.0,17.0,nan,29.0,46.0,23.0,44.0
11,士林,2019-03-25,46,6.0,10.0,nan,28.0,35.0,46.0,33.0
10,淡水,2019-03-25,50,4.0,9.0,nan,14.0,38.0,50.0,45.0
9,林口,2019-03-25,64,6.0,5.0,nan,19.0,33.0,64.0,37.0
8,菜寮,2019-03-25,62,9.0,15.0,nan,31.0,41.0,34.0,62.0
7,新莊,2019-03-25,54,10.0,14.0,nan,33.0,44.0,39.0,54.0
6,板橋,2019-03-25,60,7.0,11.0,nan,29.0,42.0,28.0,60.0
5,土城,2019-03-25,58,7.0,9.0,nan,31.0,41.0,33.0,58.0
4,新店,2019-03-25,40,4.0,9.0,nan,19.0,40.0,32.0,39.0
3,萬里,2019-03-25,64,6.0,3.0,nan,14.0,19.0,64.0,28.0
2,汐止,2019-03-25,55,6.0,11.0,nan,22.0,41.0,19.0,55.0
66,冬山,2019-03-25,28,3.0,6.0,nan,26.0,20.0,17.0,28.0
49,仁武,2019-03-25,85,7.0,8.0,nan,48.0,36.0,77.0,85.0
84,富貴角,2019-03-25,61,1.0,3.0,nan,26.0,15.0,61.0,30.0
49,仁武,2019-03-26,86,7.0,7.0,nan,45.0,28.0,80.0,86.0
66,冬山,2019-03-26,38,4.0,3.0,nan,27.0,16.0,38.0,33.0
2,汐止,2019-03-26,47,11.0,6.0,nan,22.0,37.0,47.0,43.0
3,萬里,2019-03-26,80,4.0,3.0,nan,35.0,8.0,80.0,40.0
4,新店,2019-03-26,41,4.0,6.0,nan,22.0,21.0,41.0,36.0
5,土城,2019-03-26,48,3.0,6.0,nan,28.0,21.0,47.0,48.0
6,板橋,2019-03-26,45,3.0,7.0,nan,29.0,27.0,40.0,45.0
7,新莊,2019-03-26,47,6.0,6.0,nan,30.0,20.0,47.0,45.0
8,菜寮,2019-03-26,54,7.0,6.0,nan,27.0,20.0,46.0,54.0
9,林口,2019-03-26,48,6.0,5.0,nan,27.0,24.0,48.0,43.0
10,淡水,2019-03-26,54,4.0,5.0,nan,13.0,17.0,54.0,41.0
11,士林,2019-03-26,64,10.0,3.0,nan,26.0,25.0,64.0,40.0
12,中山,2019-03-26,40,6.0,8.0,nan,29.0,37.0,40.0,39.0
13,萬華,2019-03-26,39,4.0,6.0,nan,28.0,32.0,39.0,38.0
14,古亭,2019-03-26,52,3.0,7.0,nan,29.0,27.0,42.0,52.0
15,松山,2019-03-26,44,4.0,6.0,nan,31.0,32.0,44.0,39.0
16,大同,2019-03-26,48,9.0,11.0,nan,30.0,48.0,nan,43.0
17,桃園,2019-03-26,40,14.0,6.0,nan,28.0,21.0,36.0,40.0
18,大園,2019-03-26,46,11.0,5.0,nan,25.0,29.0,46.0,34.0
19,觀音,2019-03-26,57,20.0,5.0,nan,33.0,27.0,49.0,57.0
20,平鎮,2019-03-26,45,6.0,8.0,nan,30.0,27.0,45.0,45.0
21,龍潭,2019-03-26,59,4.0,7.0,nan,33.0,25.0,47.0,59.0
22,湖口,2019-03-26,54,4.0,5.0,nan,30.0,21.0,54.0,53.0
23,竹東,2019-03-26,54,3.0,6.0,nan,30.0,18.0,54.0,41.0
24,新竹,2019-03-26,50,4.0,7.0,nan,34.0,27.0,50.0,50.0
25,頭份,2019-03-26,65,9.0,7.0,nan,35.0,40.0,nan,65.0
26,苗栗,2019-03-26,72,7.0,7.0,nan,37.0,34.0,38.0,72.0
27,三義,2019-03-26,54,4.0,6.0,nan,25.0,25.0,54.0,51.0
28,豐原,2019-03-26,58,6.0,6.0,nan,34.0,26.0,58.0,55.0
29,沙鹿,2019-03-26,84,6.0,6.0,nan,32.0,26.0,84.0,55.0
30,大里,2019-03-26,80,4.0,9.0,nan,41.0,37.0,80.0,54.0
31,忠明,2019-03-26,57,4.0,8.0,nan,29.0,42.0,51.0,57.0
32,西屯,2019-03-26,71,3.0,6.0,nan,38.0,29.0,71.0,61.0
33,彰化,2019-03-26,65,6.0,7.0,nan,34.0,26.0,64.0,65.0
34,線西,2019-03-26,69,9.0,5.0,nan,38.0,22.0,nan,69.0
35,二林,2019-03-26,65,16.0,6.0,nan,47.0,18.0,58.0,65.0
36,南投,2019-03-26,73,20.0,8.0,nan,45.0,31.0,48.0,73.0
37,斗六,2019-03-26,115,9.0,7.0,nan,45.0,24.0,115.0,85.0
38,崙背,2019-03-26,101,13.0,5.0,nan,43.0,16.0,101.0,76.0
39,新港,2019-03-26,84,6.0,5.0,nan,44.0,13.0,84.0,79.0
40,朴子,2019-03-26,80,7.0,5.0,nan,44.0,14.0,80.0,62.0
41,臺西,2019-03-26,72,6.0,5.0,nan,35.0,10.0,nan,72.0
42,嘉義,2019-03-26,89,7.0,7.0,nan,55.0,27.0,77.0,89.0
43,新營,2019-03-26,73,7.0,5.0,nan,48.0,18.0,48.0,73.0
44,善化,2019-03-26,80,3.0,6.0,nan,55.0,13.0,74.0,80.0
45,安南,2019-03-26,93,6.0,6.0,nan,52.0,16.0,93.0,76.0
46,臺南,2019-03-26,84,7.0,6.0,nan,44.0,17.0,84.0,79.0
47,美濃,2019-03-26,54,3.0,5.0,nan,36.0,13.0,54.0,43.0
48,橋頭,2019-03-26,102,4.0,7.0,nan,52.0,29.0,84.0,102.0
50,鳳山,2019-03-26,79,9.0,8.0,nan,45.0,31.0,nan,79.0
51,大寮,2019-03-26,97,11.0,7.0,nan,41.0,25.0,90.0,97.0
52,林園,2019-03-26,104,9.0,6.0,nan,47.0,32.0,104.0,84.0
53,楠梓,2019-03-26,92,4.0,7.0,nan,47.0,29.0,67.0,92.0
54,左營,2019-03-26,100,6.0,7.0,nan,39.0,30.0,100.0,74.0
56,前金,2019-03-26,108,6.0,7.0,nan,44.0,27.0,108.0,87.0
57,前鎮,2019-03-26,78,4.0,7.0,nan,44.0,26.0,nan,78.0
58,小港,2019-03-26,66,7.0,7.0,nan,40.0,30.0,48.0,66.0
59,屏東,2019-03-26,118,9.0,6.0,nan,45.0,21.0,118.0,78.0
60,潮州,2019-03-26,118,10.0,6.0,nan,57.0,19.0,118.0,79.0
61,恆春,2019-03-26,49,3.0,2.0,nan,18.0,3.0,49.0,33.0
62,臺東,2019-03-26,31,1.0,6.0,nan,16.0,10.0,31.0,25.0
63,花蓮,2019-03-26,45,4.0,6.0,nan,27.0,25.0,40.0,45.0
64,陽明,2019-03-26,48,4.0,2.0,nan,12.0,4.0,48.0,30.0
65,宜蘭,2019-03-26,48,3.0,5.0,nan,29.0,11.0,44.0,48.0
67,三重,2019-03-26,51,7.0,16.0,nan,38.0,51.0,nan,44.0
68,中壢,2019-03-26,52,6.0,20.0,nan,32.0,46.0,nan,52.0
69,竹山,2019-03-26,115,4.0,5.0,nan,47.0,23.0,115.0,90.0
70,永和,2019-03-26,42,6.0,7.0,nan,23.0,23.0,nan,42.0
71,復興,2019-03-26,81,7.0,9.0,nan,43.0,25.0,nan,81.0
72,埔里,2019-03-26,93,6.0,6.0,nan,34.0,27.0,93.0,55.0
75,馬祖,2019-03-26,84,6.0,5.0,nan,39.0,10.0,84.0,81.0
77,金門,2019-03-26,93,6.0,6.0,nan,46.0,11.0,67.0,93.0
78,馬公,2019-03-26,41,3.0,3.0,nan,26.0,nan,41.0,37.0
80,關山,2019-03-26,32,3.0,nan,nan,16.0,7.0,31.0,32.0
83,麥寮,2019-03-26,66,4.0,5.0,nan,43.0,11.0,nan,66.0
84,富貴角,2019-03-26,84,4.0,2.0,nan,26.0,5.0,84.0,46.0
1,基隆,2019-03-26,51,1.0,5.0,nan,25.0,22.0,51.0,42.0
84,富貴角,2019-03-27,93,4.0,5.0,nan,31.0,20.0,93.0,66.0
83,麥寮,2019-03-27,98,13.0,5.0,nan,59.0,25.0,nan,98.0
80,關山,2019-03-27,33,1.0,nan,nan,17.0,7.0,32.0,33.0
78,馬公,2019-03-27,65,3.0,3.0,nan,38.0,nan,46.0,65.0
77,金門,2019-03-27,117,27.0,5.0,nan,64.0,36.0,77.0,117.0
75,馬祖,2019-03-27,93,6.0,6.0,nan,49.0,16.0,93.0,86.0
72,埔里,2019-03-27,118,7.0,6.0,nan,49.0,16.0,118.0,75.0
71,復興,2019-03-27,81,11.0,10.0,nan,55.0,30.0,nan,81.0
70,永和,2019-03-27,76,4.0,18.0,nan,44.0,60.0,nan,76.0
69,竹山,2019-03-27,121,4.0,5.0,nan,58.0,13.0,108.0,121.0
68,中壢,2019-03-27,79,7.0,20.0,nan,44.0,51.0,nan,79.0
67,三重,2019-03-27,79,14.0,22.0,nan,56.0,73.0,nan,79.0
65,宜蘭,2019-03-27,58,4.0,5.0,nan,29.0,10.0,58.0,53.0
64,陽明,2019-03-27,80,4.0,5.0,nan,31.0,12.0,80.0,60.0
63,花蓮,2019-03-27,46,3.0,5.0,nan,21.0,15.0,46.0,37.0
62,臺東,2019-03-27,32,3.0,6.0,nan,18.0,11.0,28.0,32.0
61,恆春,2019-03-27,45,3.0,2.0,nan,19.0,2.0,45.0,34.0
60,潮州,2019-03-27,71,3.0,5.0,nan,52.0,12.0,54.0,71.0
59,屏東,2019-03-27,90,4.0,6.0,nan,46.0,15.0,90.0,78.0
58,小港,2019-03-27,75,24.0,8.0,nan,54.0,41.0,49.0,75.0
57,前鎮,2019-03-27,91,7.0,9.0,nan,54.0,34.0,nan,91.0
56,前金,2019-03-27,113,11.0,8.0,nan,58.0,24.0,104.0,113.0
54,左營,2019-03-27,101,10.0,7.0,nan,44.0,27.0,101.0,75.0
53,楠梓,2019-03-27,101,6.0,6.0,nan,52.0,27.0,101.0,91.0
52,林園,2019-03-27,79,7.0,5.0,nan,50.0,19.0,58.0,79.0
51,大寮,2019-03-27,90,7.0,6.0,nan,43.0,22.0,61.0,90.0
50,鳳山,2019-03-27,82,11.0,8.0,nan,52.0,28.0,nan,82.0
48,橋頭,2019-03-27,126,6.0,6.0,nan,54.0,21.0,126.0,100.0
47,美濃,2019-03-27,101,6.0,5.0,nan,51.0,10.0,101.0,63.0
46,臺南,2019-03-27,146,10.0,7.0,nan,57.0,25.0,146.0,94.0
45,安南,2019-03-27,151,9.0,6.0,nan,64.0,19.0,151.0,102.0
44,善化,2019-03-27,129,9.0,6.0,nan,67.0,14.0,129.0,99.0
43,新營,2019-03-27,93,6.0,6.0,nan,59.0,19.0,61.0,93.0
42,嘉義,2019-03-27,108,7.0,7.0,nan,65.0,20.0,97.0,108.0
41,臺西,2019-03-27,94,10.0,5.0,nan,51.0,13.0,nan,94.0
40,朴子,2019-03-27,100,4.0,5.0,nan,55.0,10.0,100.0,88.0
39,新港,2019-03-27,102,7.0,6.0,nan,57.0,17.0,87.0,102.0
38,崙背,2019-03-27,109,7.0,5.0,nan,59.0,14.0,108.0,109.0
37,斗六,2019-03-27,126,7.0,6.0,nan,58.0,16.0,122.0,126.0
36,南投,2019-03-27,104,7.0,7.0,nan,57.0,17.0,54.0,104.0
35,二林,2019-03-27,93,7.0,6.0,nan,68.0,18.0,61.0,93.0
34,線西,2019-03-27,115,9.0,7.0,nan,59.0,28.0,nan,115.0
33,彰化,2019-03-27,98,9.0,8.0,nan,51.0,25.0,84.0,98.0
32,西屯,2019-03-27,92,9.0,8.0,nan,60.0,35.0,87.0,92.0
31,忠明,2019-03-27,92,7.0,8.0,nan,47.0,45.0,87.0,92.0
30,大里,2019-03-27,97,7.0,8.0,nan,52.0,28.0,97.0,71.0
29,沙鹿,2019-03-27,85,13.0,7.0,nan,52.0,28.0,58.0,85.0
28,豐原,2019-03-27,93,1.0,7.0,nan,45.0,25.0,93.0,92.0
27,三義,2019-03-27,97,6.0,5.0,nan,39.0,14.0,97.0,83.0
26,苗栗,2019-03-27,82,11.0,6.0,nan,41.0,21.0,44.0,82.0
25,頭份,2019-03-27,75,13.0,6.0,nan,45.0,28.0,nan,75.0
24,新竹,2019-03-27,87,4.0,8.0,nan,45.0,37.0,87.0,71.0
23,竹東,2019-03-27,90,6.0,6.0,nan,42.0,14.0,90.0,56.0
22,湖口,2019-03-27,97,6.0,nan,nan,41.0,25.0,97.0,68.0
21,龍潭,2019-03-27,90,7.0,6.0,nan,45.0,21.0,90.0,72.0
20,平鎮,2019-03-27,74,6.0,6.0,nan,40.0,31.0,74.0,63.0
19,觀音,2019-03-27,76,6.0,6.0,nan,45.0,20.0,74.0,76.0
18,大園,2019-03-27,90,9.0,6.0,nan,41.0,22.0,90.0,72.0
17,桃園,2019-03-27,70,16.0,9.0,nan,44.0,36.0,44.0,70.0
16,大同,2019-03-27,80,14.0,28.0,nan,48.0,80.0,nan,69.0
15,松山,2019-03-27,76,9.0,14.0,nan,50.0,61.0,50.0,76.0
14,古亭,2019-03-27,84,7.0,10.0,nan,45.0,58.0,74.0,84.0
13,萬華,2019-03-27,70,11.0,15.0,nan,48.0,70.0,47.0,66.0
12,中山,2019-03-27,76,20.0,16.0,nan,50.0,74.0,45.0,76.0
11,士林,2019-03-27,90,10.0,11.0,nan,42.0,49.0,90.0,68.0
10,淡水,2019-03-27,97,7.0,10.0,nan,31.0,39.0,97.0,63.0
9,林口,2019-03-27,93,6.0,6.0,nan,40.0,29.0,93.0,62.0
8,菜寮,2019-03-27,88,19.0,20.0,nan,51.0,73.0,54.0,88.0
7,新莊,2019-03-27,80,16.0,14.0,nan,48.0,48.0,80.0,70.0
6,板橋,2019-03-27,77,11.0,12.0,nan,46.0,56.0,64.0,77.0
5,土城,2019-03-27,93,10.0,9.0,nan,46.0,44.0,93.0,79.0
4,新店,2019-03-27,84,6.0,8.0,nan,31.0,48.0,84.0,56.0
3,萬里,2019-03-27,104,7.0,5.0,nan,36.0,17.0,104.0,61.0
2,汐止,2019-03-27,77,9.0,10.0,nan,43.0,58.0,51.0,77.0
66,冬山,2019-03-27,42,4.0,5.0,nan,29.0,16.0,42.0,41.0
49,仁武,2019-03-27,101,9.0,7.0,nan,53.0,25.0,101.0,88.0
1,基隆,2019-03-27,71,6.0,8.0,nan,35.0,38.0,71.0,62.0
49,仁武,2019-03-28,48,11.0,6.0,nan,32.0,24.0,40.0,48.0
84,富貴角,2019-03-28,66,4.0,3.0,nan,31.0,10.0,42.0,66.0
83,麥寮,2019-03-28,79,6.0,5.0,nan,51.0,18.0,nan,79.0
80,關山,2019-03-28,46,3.0,nan,nan,26.0,12.0,26.0,46.0
78,馬公,2019-03-28,50,3.0,3.0,nan,34.0,nan,29.0,50.0
77,金門,2019-03-28,93,10.0,5.0,nan,49.0,12.0,43.0,93.0
75,馬祖,2019-03-28,92,7.0,5.0,nan,59.0,17.0,50.0,92.0
72,埔里,2019-03-28,81,4.0,6.0,nan,51.0,19.0,67.0,81.0
71,復興,2019-03-28,33,14.0,9.0,nan,33.0,27.0,nan,32.0
70,永和,2019-03-28,64,14.0,15.0,nan,34.0,40.0,nan,64.0
69,竹山,2019-03-28,89,6.0,5.0,nan,44.0,15.0,48.0,89.0
68,中壢,2019-03-28,82,9.0,18.0,nan,46.0,40.0,nan,82.0
67,三重,2019-03-28,74,9.0,19.0,nan,54.0,49.0,nan,74.0
65,宜蘭,2019-03-28,56,7.0,5.0,nan,33.0,11.0,48.0,56.0
64,陽明,2019-03-28,51,4.0,3.0,nan,33.0,12.0,42.0,51.0
63,花蓮,2019-03-28,31,9.0,3.0,nan,28.0,10.0,28.0,31.0
62,臺東,2019-03-28,44,3.0,6.0,nan,28.0,11.0,18.0,44.0
61,恆春,2019-03-28,33,3.0,2.0,nan,19.0,2.0,32.0,33.0
60,潮州,2019-03-28,37,3.0,3.0,nan,37.0,18.0,31.0,36.0
59,屏東,2019-03-28,65,9.0,5.0,nan,38.0,20.0,44.0,65.0
58,小港,2019-03-28,37,10.0,6.0,nan,34.0,30.0,26.0,37.0
57,前鎮,2019-03-28,34,14.0,8.0,nan,34.0,31.0,nan,32.0
56,前金,2019-03-28,76,10.0,7.0,nan,39.0,31.0,45.0,76.0
54,左營,2019-03-28,41,11.0,7.0,nan,25.0,31.0,37.0,41.0
53,楠梓,2019-03-28,44,9.0,6.0,nan,33.0,25.0,37.0,44.0
52,林園,2019-03-28,52,4.0,5.0,nan,35.0,13.0,38.0,52.0
51,大寮,2019-03-28,67,14.0,6.0,nan,33.0,26.0,33.0,67.0
50,鳳山,2019-03-28,43,13.0,8.0,nan,33.0,22.0,nan,43.0
48,橋頭,2019-03-28,64,7.0,5.0,nan,36.0,17.0,47.0,64.0
47,美濃,2019-03-28,44,6.0,5.0,nan,39.0,9.0,44.0,42.0
46,臺南,2019-03-28,73,10.0,7.0,nan,43.0,25.0,44.0,73.0
45,安南,2019-03-28,75,9.0,6.0,nan,53.0,26.0,44.0,75.0
44,善化,2019-03-28,64,9.0,5.0,nan,51.0,14.0,42.0,64.0
43,新營,2019-03-28,66,7.0,6.0,nan,45.0,18.0,32.0,66.0
42,嘉義,2019-03-28,57,4.0,5.0,nan,43.0,15.0,44.0,57.0
41,臺西,2019-03-28,89,6.0,5.0,nan,47.0,19.0,nan,89.0
40,朴子,2019-03-28,62,4.0,6.0,nan,46.0,17.0,39.0,62.0
39,新港,2019-03-28,77,3.0,6.0,nan,43.0,19.0,33.0,77.0
38,崙背,2019-03-28,77,3.0,5.0,nan,43.0,17.0,40.0,77.0
37,斗六,2019-03-28,81,7.0,6.0,nan,40.0,19.0,46.0,81.0
36,南投,2019-03-28,73,3.0,6.0,nan,45.0,16.0,33.0,73.0
35,二林,2019-03-28,76,6.0,5.0,nan,55.0,14.0,31.0,76.0
34,線西,2019-03-28,90,6.0,6.0,nan,49.0,21.0,nan,90.0
33,彰化,2019-03-28,78,14.0,7.0,nan,40.0,22.0,36.0,78.0
32,西屯,2019-03-28,78,6.0,6.0,nan,50.0,21.0,41.0,78.0
31,忠明,2019-03-28,76,7.0,7.0,nan,35.0,22.0,36.0,76.0
30,大里,2019-03-28,66,4.0,7.0,nan,44.0,20.0,40.0,66.0
29,沙鹿,2019-03-28,63,6.0,5.0,nan,43.0,19.0,40.0,63.0
28,豐原,2019-03-28,82,nan,6.0,nan,43.0,22.0,44.0,82.0
27,三義,2019-03-28,89,7.0,5.0,nan,43.0,17.0,44.0,89.0
26,苗栗,2019-03-28,79,7.0,6.0,nan,40.0,14.0,33.0,79.0
25,頭份,2019-03-28,68,4.0,6.0,nan,44.0,21.0,nan,68.0
24,新竹,2019-03-28,64,6.0,6.0,nan,48.0,31.0,39.0,64.0
23,竹東,2019-03-28,56,4.0,5.0,nan,42.0,21.0,48.0,56.0
22,湖口,2019-03-28,43,9.0,3.0,nan,43.0,25.0,41.0,nan
21,龍潭,2019-03-28,70,6.0,5.0,nan,54.0,19.0,45.0,70.0
20,平鎮,2019-03-28,71,7.0,6.0,nan,43.0,21.0,39.0,71.0
19,觀音,2019-03-28,52,7.0,3.0,nan,43.0,10.0,48.0,52.0
18,大園,2019-03-28,67,7.0,5.0,nan,36.0,13.0,44.0,67.0
17,桃園,2019-03-28,82,21.0,8.0,nan,50.0,45.0,32.0,82.0
16,大同,2019-03-28,64,11.0,26.0,nan,45.0,55.0,nan,64.0
15,松山,2019-03-28,69,16.0,9.0,nan,45.0,35.0,49.0,69.0
14,古亭,2019-03-28,71,16.0,8.0,nan,39.0,39.0,48.0,71.0
13,萬華,2019-03-28,59,16.0,8.0,nan,40.0,45.0,40.0,59.0
12,中山,2019-03-28,69,11.0,11.0,nan,46.0,45.0,39.0,69.0
11,士林,2019-03-28,72,9.0,8.0,nan,48.0,33.0,42.0,72.0
10,淡水,2019-03-28,67,3.0,7.0,nan,38.0,32.0,38.0,67.0
9,林口,2019-03-28,66,7.0,6.0,nan,46.0,23.0,42.0,66.0
8,菜寮,2019-03-28,78,7.0,14.0,nan,44.0,41.0,40.0,78.0
7,新莊,2019-03-28,72,29.0,10.0,nan,49.0,48.0,44.0,72.0
6,板橋,2019-03-28,80,11.0,10.0,nan,46.0,44.0,43.0,80.0
5,土城,2019-03-28,82,11.0,9.0,nan,51.0,43.0,61.0,82.0
4,新店,2019-03-28,61,16.0,7.0,nan,30.0,36.0,61.0,54.0
3,萬里,2019-03-28,67,6.0,6.0,nan,41.0,18.0,61.0,67.0
2,汐止,2019-03-28,79,10.0,8.0,nan,42.0,30.0,64.0,79.0
66,冬山,2019-03-28,56,9.0,7.0,nan,36.0,25.0,41.0,56.0
1,基隆,2019-03-28,64,9.0,6.0,nan,41.0,28.0,44.0,64.0
1,基隆,2019-03-29,52,4.0,6.0,nan,35.0,19.0,47.0,52.0
49,仁武,2019-03-29,50,6.0,3.0,nan,30.0,14.0,31.0,50.0
66,冬山,2019-03-29,64,9.0,8.0,nan,43.0,18.0,44.0,64.0
2,汐止,2019-03-29,59,3.0,6.0,nan,38.0,21.0,45.0,59.0
3,萬里,2019-03-29,67,4.0,3.0,nan,40.0,8.0,67.0,55.0
4,新店,2019-03-29,60,6.0,5.0,nan,37.0,23.0,39.0,60.0
5,土城,2019-03-29,79,7.0,6.0,nan,52.0,31.0,39.0,79.0
6,板橋,2019-03-29,69,7.0,7.0,nan,47.0,38.0,37.0,69.0
7,新莊,2019-03-29,65,10.0,8.0,nan,45.0,36.0,41.0,65.0
8,菜寮,2019-03-29,71,4.0,6.0,nan,43.0,27.0,42.0,71.0
9,林口,2019-03-29,48,6.0,2.0,nan,39.0,16.0,48.0,44.0
10,淡水,2019-03-29,61,6.0,3.0,nan,29.0,22.0,61.0,57.0
11,士林,2019-03-29,67,4.0,5.0,nan,40.0,27.0,44.0,67.0
12,中山,2019-03-29,65,4.0,9.0,nan,46.0,35.0,31.0,65.0
13,萬華,2019-03-29,61,4.0,7.0,nan,45.0,38.0,28.0,61.0
14,古亭,2019-03-29,79,4.0,6.0,nan,46.0,29.0,36.0,79.0
15,松山,2019-03-29,64,3.0,5.0,nan,45.0,25.0,38.0,64.0
16,大同,2019-03-29,65,4.0,17.0,nan,41.0,54.0,nan,65.0
17,桃園,2019-03-29,74,13.0,6.0,nan,47.0,32.0,31.0,74.0
18,大園,2019-03-29,64,19.0,3.0,nan,39.0,20.0,54.0,64.0
19,觀音,2019-03-29,54,4.0,2.0,nan,42.0,8.0,49.0,54.0
20,平鎮,2019-03-29,67,7.0,6.0,nan,45.0,22.0,40.0,67.0
21,龍潭,2019-03-29,82,7.0,6.0,nan,55.0,24.0,39.0,82.0
22,湖口,2019-03-29,63,9.0,2.0,nan,44.0,13.0,48.0,63.0
23,竹東,2019-03-29,64,3.0,5.0,nan,53.0,21.0,33.0,64.0
24,新竹,2019-03-29,54,4.0,5.0,nan,45.0,18.0,43.0,54.0
25,頭份,2019-03-29,53,6.0,3.0,nan,38.0,19.0,nan,53.0
26,苗栗,2019-03-29,57,4.0,5.0,nan,35.0,13.0,33.0,57.0
27,三義,2019-03-29,76,6.0,2.0,nan,35.0,9.0,39.0,76.0
28,豐原,2019-03-29,84,nan,23.0,nan,44.0,18.0,39.0,84.0
29,沙鹿,2019-03-29,43,10.0,5.0,nan,33.0,27.0,40.0,43.0
30,大里,2019-03-29,55,4.0,5.0,nan,36.0,17.0,38.0,55.0
31,忠明,2019-03-29,52,4.0,3.0,nan,26.0,15.0,38.0,52.0
32,西屯,2019-03-29,55,4.0,3.0,nan,39.0,16.0,41.0,55.0
33,彰化,2019-03-29,62,4.0,5.0,nan,32.0,12.0,38.0,62.0
34,線西,2019-03-29,55,4.0,3.0,nan,32.0,8.0,nan,55.0
35,二林,2019-03-29,61,7.0,2.0,nan,44.0,9.0,33.0,61.0
36,南投,2019-03-29,71,6.0,3.0,nan,43.0,12.0,29.0,71.0
37,斗六,2019-03-29,61,4.0,3.0,nan,32.0,9.0,38.0,61.0
38,崙背,2019-03-29,52,4.0,3.0,nan,30.0,8.0,38.0,52.0
39,新港,2019-03-29,60,6.0,3.0,nan,31.0,13.0,31.0,60.0
40,朴子,2019-03-29,39,4.0,3.0,nan,35.0,18.0,31.0,39.0
41,臺西,2019-03-29,50,4.0,2.0,nan,30.0,9.0,nan,50.0
42,嘉義,2019-03-29,48,6.0,3.0,nan,35.0,13.0,35.0,48.0
43,新營,2019-03-29,45,3.0,3.0,nan,32.0,16.0,26.0,45.0
44,善化,2019-03-29,41,6.0,2.0,nan,39.0,13.0,34.0,41.0
45,安南,2019-03-29,44,3.0,5.0,nan,37.0,18.0,36.0,44.0
46,臺南,2019-03-29,48,7.0,3.0,nan,28.0,23.0,32.0,48.0
47,美濃,2019-03-29,38,4.0,3.0,nan,35.0,10.0,38.0,35.0
48,橋頭,2019-03-29,58,7.0,5.0,nan,30.0,26.0,33.0,58.0
50,鳳山,2019-03-29,51,4.0,6.0,nan,33.0,16.0,nan,51.0
51,大寮,2019-03-29,67,4.0,5.0,nan,35.0,20.0,32.0,67.0
52,林園,2019-03-29,49,6.0,3.0,nan,33.0,12.0,35.0,49.0
53,楠梓,2019-03-29,50,4.0,5.0,nan,30.0,19.0,31.0,50.0
54,左營,2019-03-29,33,4.0,3.0,nan,19.0,17.0,33.0,23.0
56,前金,2019-03-29,57,4.0,3.0,nan,28.0,16.0,34.0,57.0
57,前鎮,2019-03-29,31,4.0,6.0,nan,31.0,23.0,nan,28.0
58,小港,2019-03-29,39,4.0,5.0,nan,31.0,21.0,25.0,39.0
59,屏東,2019-03-29,62,6.0,5.0,nan,39.0,14.0,46.0,62.0
60,潮州,2019-03-29,62,14.0,5.0,nan,41.0,16.0,41.0,62.0
61,恆春,2019-03-29,37,3.0,2.0,nan,21.0,2.0,31.0,37.0
62,臺東,2019-03-29,63,3.0,6.0,nan,34.0,12.0,25.0,63.0
63,花蓮,2019-03-29,57,4.0,5.0,nan,39.0,10.0,48.0,57.0
64,陽明,2019-03-29,44,3.0,2.0,nan,23.0,10.0,44.0,42.0
65,宜蘭,2019-03-29,71,4.0,5.0,nan,44.0,11.0,49.0,71.0
67,三重,2019-03-29,60,7.0,14.0,nan,48.0,43.0,nan,60.0
68,中壢,2019-03-29,94,6.0,9.0,nan,46.0,35.0,nan,94.0
69,竹山,2019-03-29,67,4.0,3.0,nan,38.0,11.0,38.0,67.0
70,永和,2019-03-29,70,6.0,22.0,nan,44.0,37.0,nan,70.0
71,復興,2019-03-29,31,4.0,6.0,nan,31.0,22.0,nan,26.0
72,埔里,2019-03-29,76,3.0,5.0,nan,47.0,13.0,48.0,76.0
75,馬祖,2019-03-29,77,4.0,2.0,nan,31.0,7.0,77.0,37.0
77,金門,2019-03-29,70,7.0,3.0,nan,38.0,15.0,44.0,70.0
78,馬公,2019-03-29,41,3.0,3.0,nan,28.0,nan,25.0,41.0
80,關山,2019-03-29,63,3.0,nan,nan,36.0,8.0,32.0,63.0
83,麥寮,2019-03-29,39,4.0,3.0,nan,38.0,14.0,nan,39.0
84,富貴角,2019-03-29,64,4.0,2.0,nan,35.0,12.0,64.0,55.0
19,觀音,2019-03-30,64,6.0,5.0,nan,30.0,19.0,64.0,46.0
83,麥寮,2019-03-30,53,6.0,5.0,nan,42.0,15.0,nan,53.0
80,關山,2019-03-30,39,1.0,nan,nan,21.0,6.0,38.0,39.0
78,馬公,2019-03-30,38,3.0,2.0,nan,27.0,nan,38.0,38.0
77,金門,2019-03-30,87,14.0,5.0,nan,34.0,15.0,87.0,66.0
75,馬祖,2019-03-30,87,6.0,8.0,nan,36.0,17.0,87.0,61.0
72,埔里,2019-03-30,93,4.0,5.0,nan,36.0,14.0,93.0,55.0
71,復興,2019-03-30,38,6.0,7.0,nan,33.0,26.0,nan,38.0
70,永和,2019-03-30,42,3.0,9.0,nan,26.0,26.0,nan,42.0
69,竹山,2019-03-30,87,6.0,3.0,nan,35.0,11.0,87.0,60.0
68,中壢,2019-03-30,59,9.0,14.0,nan,31.0,42.0,nan,59.0
67,三重,2019-03-30,46,4.0,15.0,nan,36.0,42.0,nan,46.0
65,宜蘭,2019-03-30,50,3.0,3.0,nan,24.0,8.0,50.0,38.0
64,陽明,2019-03-30,54,4.0,3.0,nan,12.0,4.0,54.0,26.0
63,花蓮,2019-03-30,64,9.0,5.0,nan,23.0,12.0,64.0,nan
62,臺東,2019-03-30,39,3.0,5.0,nan,19.0,8.0,34.0,39.0
61,恆春,2019-03-30,67,3.0,2.0,nan,24.0,4.0,67.0,42.0
60,潮州,2019-03-30,65,4.0,5.0,nan,35.0,10.0,64.0,65.0
59,屏東,2019-03-30,67,14.0,6.0,nan,32.0,23.0,67.0,57.0
58,小港,2019-03-30,50,7.0,5.0,nan,31.0,37.0,50.0,44.0
57,前鎮,2019-03-30,41,9.0,5.0,nan,34.0,27.0,nan,41.0
56,前金,2019-03-30,74,6.0,5.0,nan,29.0,14.0,74.0,55.0
54,左營,2019-03-30,87,6.0,5.0,nan,27.0,15.0,87.0,45.0
53,楠梓,2019-03-30,51,4.0,5.0,nan,31.0,13.0,45.0,51.0
52,林園,2019-03-30,108,9.0,5.0,nan,31.0,20.0,108.0,56.0
51,大寮,2019-03-30,68,19.0,7.0,nan,33.0,24.0,61.0,68.0
50,鳳山,2019-03-30,39,9.0,6.0,nan,30.0,25.0,nan,39.0
48,橋頭,2019-03-30,64,6.0,5.0,nan,32.0,13.0,51.0,64.0
47,美濃,2019-03-30,44,3.0,3.0,nan,33.0,8.0,44.0,33.0
46,臺南,2019-03-30,77,6.0,5.0,nan,33.0,15.0,77.0,50.0
45,安南,2019-03-30,90,6.0,5.0,nan,38.0,12.0,90.0,38.0
44,善化,2019-03-30,80,7.0,3.0,nan,40.0,8.0,80.0,49.0
43,新營,2019-03-30,44,4.0,5.0,nan,33.0,14.0,44.0,41.0
42,嘉義,2019-03-30,59,7.0,6.0,nan,39.0,22.0,58.0,59.0
41,臺西,2019-03-30,59,10.0,3.0,nan,33.0,14.0,nan,59.0
40,朴子,2019-03-30,71,6.0,5.0,nan,34.0,13.0,71.0,38.0
39,新港,2019-03-30,64,6.0,5.0,nan,34.0,10.0,64.0,54.0
38,崙背,2019-03-30,84,10.0,6.0,nan,39.0,13.0,84.0,65.0
37,斗六,2019-03-30,87,9.0,6.0,nan,38.0,18.0,87.0,66.0
36,南投,2019-03-30,59,4.0,6.0,nan,34.0,25.0,44.0,59.0
35,二林,2019-03-30,54,16.0,6.0,nan,48.0,15.0,49.0,54.0
34,線西,2019-03-30,51,9.0,6.0,nan,31.0,15.0,nan,51.0
33,彰化,2019-03-30,71,4.0,7.0,nan,31.0,25.0,71.0,57.0
32,西屯,2019-03-30,90,3.0,5.0,nan,31.0,18.0,90.0,48.0
31,忠明,2019-03-30,84,6.0,7.0,nan,22.0,33.0,84.0,51.0
30,大里,2019-03-30,87,4.0,7.0,nan,28.0,29.0,87.0,37.0
29,沙鹿,2019-03-30,93,4.0,5.0,nan,26.0,16.0,93.0,39.0
28,豐原,2019-03-30,80,nan,5.0,nan,23.0,23.0,80.0,46.0
27,三義,2019-03-30,71,4.0,3.0,nan,22.0,9.0,71.0,49.0
26,苗栗,2019-03-30,60,9.0,6.0,nan,26.0,15.0,44.0,60.0
25,頭份,2019-03-30,41,11.0,5.0,nan,24.0,17.0,nan,41.0
24,新竹,2019-03-30,67,4.0,5.0,nan,31.0,24.0,67.0,45.0
23,竹東,2019-03-30,61,3.0,3.0,nan,24.0,12.0,61.0,21.0
22,湖口,2019-03-30,74,6.0,5.0,nan,30.0,24.0,74.0,46.0
21,龍潭,2019-03-30,58,6.0,6.0,nan,31.0,19.0,58.0,44.0
20,平鎮,2019-03-30,50,7.0,6.0,nan,29.0,27.0,50.0,45.0
84,富貴角,2019-03-30,74,1.0,2.0,nan,31.0,3.0,74.0,51.0
18,大園,2019-03-30,77,11.0,5.0,nan,28.0,35.0,77.0,42.0
17,桃園,2019-03-30,47,27.0,7.0,nan,30.0,30.0,37.0,47.0
16,大同,2019-03-30,44,4.0,12.0,nan,30.0,44.0,nan,39.0
15,松山,2019-03-30,48,3.0,5.0,nan,31.0,21.0,48.0,43.0
14,古亭,2019-03-30,58,3.0,5.0,nan,30.0,26.0,46.0,58.0
13,萬華,2019-03-30,42,4.0,7.0,nan,28.0,32.0,42.0,41.0
12,中山,2019-03-30,46,6.0,7.0,nan,31.0,31.0,41.0,46.0
11,士林,2019-03-30,64,4.0,5.0,nan,28.0,20.0,64.0,47.0
10,淡水,2019-03-30,64,1.0,5.0,nan,19.0,20.0,64.0,46.0
9,林口,2019-03-30,51,4.0,3.0,nan,29.0,31.0,51.0,37.0
8,菜寮,2019-03-30,57,6.0,7.0,nan,31.0,29.0,44.0,57.0
7,新莊,2019-03-30,47,30.0,7.0,nan,33.0,36.0,47.0,40.0
6,板橋,2019-03-30,44,4.0,7.0,nan,27.0,35.0,41.0,44.0
5,土城,2019-03-30,51,4.0,6.0,nan,30.0,26.0,51.0,46.0
4,新店,2019-03-30,46,4.0,6.0,nan,24.0,19.0,46.0,31.0
3,萬里,2019-03-30,80,9.0,3.0,nan,37.0,6.0,80.0,42.0
2,汐止,2019-03-30,48,9.0,5.0,nan,23.0,24.0,48.0,40.0
66,冬山,2019-03-30,46,3.0,3.0,nan,29.0,10.0,46.0,33.0
49,仁武,2019-03-30,61,9.0,5.0,nan,31.0,20.0,61.0,51.0
1,基隆,2019-03-30,54,4.0,5.0,nan,26.0,21.0,54.0,42.0
49,仁武,2019-03-31,118,10.0,6.0,nan,58.0,15.0,118.0,92.0
84,富貴角,2019-03-31,100,1.0,3.0,nan,59.0,3.0,100.0,81.0
83,麥寮,2019-03-31,70,9.0,3.0,nan,66.0,10.0,nan,70.0
80,關山,2019-03-31,45,3.0,nan,nan,25.0,4.0,45.0,39.0
78,馬公,2019-03-31,67,3.0,nan,nan,55.0,nan,47.0,67.0
77,金門,2019-03-31,95,11.0,5.0,nan,62.0,8.0,93.0,95.0
75,馬祖,2019-03-31,87,4.0,5.0,nan,62.0,5.0,87.0,74.0
72,埔里,2019-03-31,132,4.0,5.0,nan,58.0,13.0,132.0,89.0
71,復興,2019-03-31,80,9.0,7.0,nan,60.0,25.0,nan,80.0
70,永和,2019-03-31,57,3.0,5.0,nan,47.0,12.0,nan,57.0
69,竹山,2019-03-31,134,6.0,5.0,nan,68.0,15.0,108.0,134.0
68,中壢,2019-03-31,77,4.0,8.0,nan,48.0,25.0,nan,77.0
67,三重,2019-03-31,56,6.0,11.0,nan,56.0,44.0,nan,56.0
65,宜蘭,2019-03-31,64,3.0,3.0,nan,37.0,6.0,64.0,59.0
64,陽明,2019-03-31,84,3.0,3.0,nan,22.0,3.0,84.0,33.0
63,花蓮,2019-03-31,84,3.0,3.0,nan,26.0,8.0,84.0,31.0
62,臺東,2019-03-31,39,1.0,3.0,nan,20.0,8.0,39.0,39.0
61,恆春,2019-03-31,90,3.0,2.0,nan,24.0,2.0,90.0,41.0
60,潮州,2019-03-31,101,19.0,6.0,nan,53.0,17.0,101.0,76.0
59,屏東,2019-03-31,129,14.0,6.0,nan,59.0,15.0,129.0,87.0
58,小港,2019-03-31,101,11.0,6.0,nan,59.0,34.0,101.0,75.0
57,前鎮,2019-03-31,85,9.0,7.0,nan,59.0,25.0,nan,85.0
56,前金,2019-03-31,132,6.0,6.0,nan,60.0,16.0,132.0,100.0
54,左營,2019-03-31,126,7.0,6.0,nan,46.0,14.0,126.0,81.0
53,楠梓,2019-03-31,101,6.0,5.0,nan,58.0,11.0,101.0,97.0
52,林園,2019-03-31,132,9.0,5.0,nan,62.0,23.0,132.0,89.0
51,大寮,2019-03-31,112,11.0,5.0,nan,54.0,14.0,112.0,91.0
50,鳳山,2019-03-31,90,11.0,7.0,nan,54.0,25.0,nan,90.0
48,橋頭,2019-03-31,122,6.0,5.0,nan,61.0,13.0,122.0,108.0
47,美濃,2019-03-31,80,4.0,5.0,nan,55.0,11.0,80.0,60.0
46,臺南,2019-03-31,101,10.0,6.0,nan,57.0,14.0,101.0,84.0
45,安南,2019-03-31,115,11.0,6.0,nan,64.0,13.0,115.0,81.0
44,善化,2019-03-31,97,10.0,6.0,nan,71.0,15.0,97.0,93.0
43,新營,2019-03-31,87,9.0,7.0,nan,65.0,16.0,51.0,87.0
42,嘉義,2019-03-31,106,9.0,7.0,nan,68.0,23.0,87.0,106.0
41,臺西,2019-03-31,78,11.0,3.0,nan,51.0,12.0,nan,78.0
40,朴子,2019-03-31,87,9.0,6.0,nan,60.0,11.0,84.0,87.0
39,新港,2019-03-31,98,7.0,7.0,nan,66.0,15.0,80.0,98.0
38,崙背,2019-03-31,100,7.0,7.0,nan,59.0,15.0,100.0,91.0
37,斗六,2019-03-31,116,11.0,6.0,nan,61.0,18.0,108.0,116.0
36,南投,2019-03-31,104,4.0,6.0,nan,57.0,24.0,48.0,104.0
35,二林,2019-03-31,77,10.0,6.0,nan,63.0,16.0,58.0,77.0
34,線西,2019-03-31,64,16.0,7.0,nan,49.0,18.0,nan,64.0
33,彰化,2019-03-31,77,7.0,6.0,nan,44.0,18.0,77.0,75.0
32,西屯,2019-03-31,97,4.0,5.0,nan,44.0,22.0,97.0,67.0
31,忠明,2019-03-31,90,3.0,5.0,nan,35.0,27.0,90.0,71.0
30,大里,2019-03-31,97,4.0,6.0,nan,44.0,26.0,97.0,71.0
29,沙鹿,2019-03-31,93,3.0,5.0,nan,38.0,13.0,93.0,55.0
28,豐原,2019-03-31,88,nan,5.0,nan,43.0,19.0,87.0,88.0
27,三義,2019-03-31,71,4.0,3.0,nan,29.0,13.0,71.0,59.0
26,苗栗,2019-03-31,62,6.0,5.0,nan,33.0,12.0,46.0,62.0
25,頭份,2019-03-31,52,1.0,3.0,nan,35.0,10.0,nan,52.0
24,新竹,2019-03-31,80,3.0,3.0,nan,44.0,8.0,80.0,59.0
23,竹東,2019-03-31,74,3.0,3.0,nan,31.0,7.0,74.0,38.0
22,湖口,2019-03-31,90,3.0,3.0,nan,44.0,6.0,90.0,44.0
21,龍潭,2019-03-31,77,4.0,3.0,nan,43.0,8.0,77.0,65.0
20,平鎮,2019-03-31,77,4.0,5.0,nan,45.0,11.0,77.0,65.0
19,觀音,2019-03-31,80,7.0,3.0,nan,54.0,8.0,80.0,68.0
18,大園,2019-03-31,87,9.0,3.0,nan,51.0,15.0,87.0,67.0
17,桃園,2019-03-31,60,7.0,5.0,nan,47.0,12.0,46.0,60.0
16,大同,2019-03-31,59,4.0,7.0,nan,52.0,40.0,nan,59.0
15,松山,2019-03-31,65,4.0,5.0,nan,53.0,14.0,64.0,65.0
14,古亭,2019-03-31,75,3.0,5.0,nan,50.0,10.0,74.0,75.0
13,萬華,2019-03-31,67,4.0,5.0,nan,50.0,20.0,54.0,67.0
12,中山,2019-03-31,69,6.0,6.0,nan,52.0,21.0,58.0,69.0
11,士林,2019-03-31,101,4.0,3.0,nan,46.0,6.0,101.0,70.0
10,淡水,2019-03-31,101,1.0,3.0,nan,33.0,7.0,101.0,57.0
9,林口,2019-03-31,87,3.0,3.0,nan,47.0,9.0,87.0,53.0
8,菜寮,2019-03-31,67,4.0,5.0,nan,51.0,13.0,67.0,64.0
7,新莊,2019-03-31,74,4.0,5.0,nan,43.0,12.0,74.0,49.0
6,板橋,2019-03-31,49,3.0,5.0,nan,nan,19.0,49.0,nan
5,土城,2019-03-31,74,3.0,5.0,nan,44.0,9.0,74.0,60.0
4,新店,2019-03-31,67,3.0,3.0,nan,36.0,8.0,67.0,47.0
3,萬里,2019-03-31,112,3.0,3.0,nan,68.0,4.0,112.0,60.0
2,汐止,2019-03-31,61,4.0,5.0,nan,46.0,15.0,58.0,61.0
1,基隆,2019-03-31,93,3.0,3.0,nan,53.0,7.0,93.0,63.0
66,冬山,2019-03-31,58,1.0,3.0,nan,32.0,12.0,58.0,43.0
