siteid,sitename,monitordate,aqi,so2subindex,cosubindex,o3subindex,pm10subindex,no2subindex,o38subindex,pm25subindex
33,彰化,2018-01-01,90,6.0,7.0,nan,51.0,25.0,45.0,90.0
34,線西,2018-01-01,90,10.0,6.0,nan,60.0,16.0,nan,90.0
35,二林,2018-01-01,79,17.0,6.0,nan,58.0,17.0,44.0,79.0
36,南投,2018-01-01,81,4.0,7.0,nan,55.0,30.0,42.0,81.0
37,斗六,2018-01-01,88,7.0,6.0,nan,58.0,29.0,67.0,88.0
38,崙背,2018-01-01,106,19.0,5.0,nan,73.0,18.0,49.0,106.0
39,新港,2018-01-01,94,9.0,5.0,nan,71.0,13.0,48.0,94.0
40,朴子,2018-01-01,86,9.0,5.0,nan,78.0,9.0,61.0,86.0
41,臺西,2018-01-01,77,11.0,5.0,nan,57.0,16.0,nan,77.0
42,嘉義,2018-01-01,107,10.0,7.0,nan,66.0,22.0,49.0,107.0
43,新營,2018-01-01,99,9.0,6.0,nan,82.0,17.0,47.0,99.0
44,善化,2018-01-01,109,7.0,6.0,nan,64.0,14.0,48.0,109.0
45,安南,2018-01-01,99,6.0,6.0,nan,74.0,19.0,nan,99.0
46,臺南,2018-01-01,103,6.0,6.0,nan,69.0,16.0,58.0,103.0
47,美濃,2018-01-01,141,6.0,9.0,nan,82.0,18.0,71.0,141.0
48,橋頭,2018-01-01,147,9.0,8.0,nan,78.0,21.0,67.0,147.0
49,仁武,2018-01-01,152,10.0,9.0,nan,85.0,25.0,100.0,152.0
51,大寮,2018-01-01,156,33.0,11.0,nan,80.0,38.0,100.0,156.0
52,林園,2018-01-01,149,34.0,11.0,nan,90.0,32.0,112.0,149.0
53,楠梓,2018-01-01,154,6.0,9.0,nan,95.0,20.0,90.0,154.0
54,左營,2018-01-01,144,6.0,9.0,nan,93.0,22.0,100.0,144.0
56,前金,2018-01-01,154,6.0,10.0,nan,85.0,25.0,100.0,154.0
57,前鎮,2018-01-01,154,19.0,11.0,nan,87.0,30.0,nan,154.0
58,小港,2018-01-01,153,27.0,10.0,nan,87.0,42.0,80.0,153.0
59,屏東,2018-01-01,160,11.0,10.0,nan,85.0,31.0,84.0,160.0
60,潮州,2018-01-01,165,20.0,9.0,nan,104.0,25.0,132.0,165.0
61,恆春,2018-01-01,48,3.0,3.0,nan,27.0,4.0,48.0,34.0
62,臺東,2018-01-01,39,3.0,5.0,nan,27.0,8.0,36.0,39.0
63,花蓮,2018-01-01,40,3.0,5.0,nan,27.0,16.0,38.0,40.0
64,陽明,2018-01-01,44,3.0,3.0,nan,18.0,2.0,44.0,32.0
65,宜蘭,2018-01-01,63,4.0,6.0,nan,45.0,15.0,40.0,63.0
66,冬山,2018-01-01,37,3.0,5.0,nan,30.0,13.0,37.0,36.0
67,三重,2018-01-01,64,6.0,14.0,nan,64.0,38.0,nan,60.0
68,中壢,2018-01-01,58,4.0,10.0,nan,52.0,27.0,nan,58.0
69,竹山,2018-01-01,140,4.0,7.0,nan,63.0,22.0,74.0,140.0
70,永和,2018-01-01,65,4.0,7.0,nan,45.0,16.0,nan,65.0
71,復興,2018-01-01,155,13.0,11.0,nan,90.0,30.0,nan,155.0
72,埔里,2018-01-01,105,6.0,9.0,nan,51.0,25.0,54.0,105.0
75,馬祖,2018-01-01,158,7.0,7.0,nan,104.0,9.0,93.0,158.0
77,金門,2018-01-01,153,10.0,6.0,nan,103.0,12.0,74.0,153.0
78,馬公,2018-01-01,156,23.0,6.0,nan,77.0,8.0,50.0,156.0
80,關山,2018-01-01,37,3.0,nan,nan,21.0,nan,37.0,28.0
83,麥寮,2018-01-01,85,9.0,5.0,nan,76.0,16.0,nan,85.0
84,富貴角,2018-01-01,95,1.0,3.0,nan,63.0,3.0,47.0,95.0
31,忠明,2018-01-01,66,4.0,7.0,nan,41.0,32.0,48.0,66.0
21,龍潭,2018-01-01,67,3.0,6.0,nan,42.0,11.0,44.0,67.0
10,淡水,2018-01-01,55,3.0,5.0,nan,42.0,8.0,34.0,55.0
27,三義,2018-01-01,69,3.0,6.0,nan,39.0,22.0,48.0,69.0
9,林口,2018-01-01,62,6.0,6.0,nan,57.0,13.0,43.0,62.0
30,大里,2018-01-01,67,4.0,7.0,nan,46.0,30.0,47.0,67.0
8,菜寮,2018-01-01,63,6.0,6.0,nan,56.0,17.0,35.0,63.0
20,平鎮,2018-01-01,58,7.0,6.0,nan,49.0,15.0,40.0,58.0
19,觀音,2018-01-01,90,9.0,5.0,nan,59.0,17.0,37.0,90.0
7,新莊,2018-01-01,56,4.0,6.0,nan,51.0,19.0,40.0,56.0
18,大園,2018-01-01,66,7.0,5.0,nan,54.0,18.0,42.0,66.0
26,苗栗,2018-01-01,69,7.0,7.0,nan,46.0,28.0,41.0,69.0
6,板橋,2018-01-01,68,3.0,8.0,nan,51.0,24.0,37.0,68.0
5,土城,2018-01-01,64,3.0,7.0,nan,49.0,18.0,41.0,64.0
29,沙鹿,2018-01-01,70,4.0,6.0,nan,50.0,23.0,51.0,70.0
4,新店,2018-01-01,71,3.0,6.0,nan,50.0,17.0,43.0,71.0
50,鳳山,2018-01-01,146,10.0,10.0,nan,94.0,32.0,nan,146.0
25,頭份,2018-01-01,59,4.0,7.0,nan,41.0,27.0,nan,59.0
3,萬里,2018-01-01,74,13.0,5.0,nan,65.0,12.0,49.0,74.0
32,西屯,2018-01-01,70,7.0,6.0,nan,51.0,25.0,61.0,70.0
24,新竹,2018-01-01,54,4.0,6.0,nan,41.0,14.0,41.0,54.0
2,汐止,2018-01-01,76,9.0,7.0,nan,52.0,25.0,38.0,76.0
17,桃園,2018-01-01,64,7.0,6.0,nan,50.0,19.0,38.0,64.0
1,基隆,2018-01-01,71,3.0,6.0,nan,43.0,24.0,41.0,71.0
28,豐原,2018-01-01,64,9.0,6.0,nan,38.0,19.0,44.0,64.0
16,大同,2018-01-01,71,9.0,11.0,nan,68.0,38.0,nan,71.0
15,松山,2018-01-01,70,3.0,7.0,nan,54.0,26.0,35.0,70.0
23,竹東,2018-01-01,54,7.0,6.0,nan,28.0,20.0,38.0,54.0
14,古亭,2018-01-01,56,3.0,6.0,nan,45.0,19.0,39.0,56.0
13,萬華,2018-01-01,70,4.0,7.0,nan,45.0,26.0,23.0,70.0
12,中山,2018-01-01,63,4.0,7.0,nan,59.0,25.0,32.0,63.0
11,士林,2018-01-01,64,11.0,5.0,nan,50.0,14.0,44.0,64.0
22,湖口,2018-01-01,61,4.0,5.0,nan,51.0,9.0,44.0,61.0
44,善化,2018-01-02,94,11.0,8.0,nan,64.0,23.0,42.0,94.0
43,新營,2018-01-02,102,7.0,8.0,nan,85.0,25.0,42.0,102.0
42,嘉義,2018-01-02,115,9.0,8.0,nan,73.0,30.0,44.0,115.0
41,臺西,2018-01-02,87,7.0,7.0,nan,54.0,22.0,nan,87.0
40,朴子,2018-01-02,84,11.0,7.0,nan,71.0,19.0,48.0,84.0
39,新港,2018-01-02,86,10.0,8.0,nan,67.0,22.0,44.0,86.0
38,崙背,2018-01-02,98,9.0,8.0,nan,59.0,21.0,46.0,98.0
37,斗六,2018-01-02,61,10.0,7.0,nan,61.0,29.0,44.0,nan
36,南投,2018-01-02,98,13.0,10.0,nan,62.0,39.0,38.0,98.0
35,二林,2018-01-02,73,13.0,8.0,nan,50.0,21.0,40.0,73.0
34,線西,2018-01-02,83,10.0,9.0,nan,54.0,29.0,nan,83.0
33,彰化,2018-01-02,80,16.0,10.0,nan,55.0,35.0,32.0,80.0
32,西屯,2018-01-02,83,7.0,11.0,nan,54.0,50.0,45.0,83.0
31,忠明,2018-01-02,78,7.0,15.0,nan,53.0,62.0,39.0,78.0
30,大里,2018-01-02,66,7.0,11.0,nan,59.0,44.0,44.0,66.0
29,沙鹿,2018-01-02,73,9.0,10.0,nan,52.0,35.0,43.0,73.0
28,豐原,2018-01-02,53,6.0,6.0,nan,40.0,27.0,38.0,53.0
27,三義,2018-01-02,63,nan,3.0,nan,35.0,17.0,49.0,63.0
26,苗栗,2018-01-02,70,10.0,8.0,nan,46.0,35.0,38.0,70.0
25,頭份,2018-01-02,65,9.0,8.0,nan,42.0,41.0,nan,65.0
24,新竹,2018-01-02,49,4.0,9.0,nan,29.0,34.0,38.0,49.0
23,竹東,2018-01-02,55,6.0,6.0,nan,23.0,24.0,43.0,55.0
22,湖口,2018-01-02,42,7.0,6.0,nan,30.0,31.0,42.0,42.0
21,龍潭,2018-01-02,36,4.0,7.0,nan,29.0,28.0,36.0,31.0
20,平鎮,2018-01-02,35,4.0,7.0,nan,29.0,22.0,35.0,30.0
19,觀音,2018-01-02,49,7.0,5.0,nan,38.0,22.0,33.0,49.0
18,大園,2018-01-02,36,6.0,5.0,nan,32.0,28.0,36.0,30.0
50,鳳山,2018-01-02,109,19.0,11.0,nan,84.0,49.0,nan,109.0
17,桃園,2018-01-02,34,10.0,6.0,nan,31.0,20.0,32.0,34.0
16,大同,2018-01-02,46,6.0,12.0,nan,46.0,43.0,nan,45.0
15,松山,2018-01-02,38,4.0,6.0,nan,26.0,32.0,31.0,38.0
14,古亭,2018-01-02,37,3.0,5.0,nan,20.0,24.0,37.0,26.0
13,萬華,2018-01-02,30,3.0,6.0,nan,29.0,30.0,22.0,29.0
12,中山,2018-01-02,37,3.0,8.0,nan,34.0,36.0,31.0,37.0
11,士林,2018-01-02,41,3.0,3.0,nan,32.0,9.0,41.0,33.0
10,淡水,2018-01-02,31,6.0,2.0,nan,25.0,5.0,31.0,29.0
9,林口,2018-01-02,41,3.0,3.0,nan,34.0,18.0,40.0,41.0
8,菜寮,2018-01-02,40,3.0,6.0,nan,31.0,24.0,32.0,40.0
7,新莊,2018-01-02,37,3.0,6.0,nan,31.0,20.0,37.0,29.0
6,板橋,2018-01-02,39,3.0,6.0,nan,26.0,23.0,34.0,39.0
5,土城,2018-01-02,37,3.0,6.0,nan,23.0,19.0,37.0,32.0
4,新店,2018-01-02,41,3.0,5.0,nan,26.0,15.0,41.0,37.0
3,萬里,2018-01-02,45,23.0,3.0,nan,30.0,15.0,39.0,45.0
2,汐止,2018-01-02,47,6.0,3.0,nan,28.0,24.0,39.0,47.0
84,富貴角,2018-01-02,54,7.0,2.0,nan,31.0,7.0,43.0,54.0
83,麥寮,2018-01-02,84,6.0,8.0,nan,77.0,24.0,nan,84.0
80,關山,2018-01-02,33,3.0,nan,nan,22.0,8.0,33.0,32.0
78,馬公,2018-01-02,66,4.0,3.0,nan,49.0,7.0,47.0,66.0
77,金門,2018-01-02,98,13.0,5.0,nan,73.0,28.0,47.0,98.0
75,馬祖,2018-01-02,103,7.0,6.0,nan,64.0,12.0,44.0,103.0
72,埔里,2018-01-02,77,7.0,7.0,nan,39.0,35.0,71.0,77.0
71,復興,2018-01-02,127,24.0,14.0,nan,82.0,44.0,nan,127.0
70,永和,2018-01-02,32,3.0,7.0,nan,23.0,22.0,nan,32.0
69,竹山,2018-01-02,111,10.0,6.0,nan,59.0,22.0,58.0,111.0
68,中壢,2018-01-02,38,6.0,18.0,nan,31.0,38.0,nan,27.0
67,三重,2018-01-02,47,6.0,17.0,nan,47.0,42.0,nan,33.0
66,冬山,2018-01-02,34,6.0,5.0,nan,31.0,22.0,33.0,34.0
65,宜蘭,2018-01-02,49,4.0,6.0,nan,36.0,22.0,36.0,49.0
64,陽明,2018-01-02,39,6.0,2.0,nan,12.0,6.0,39.0,21.0
63,花蓮,2018-01-02,39,4.0,6.0,nan,25.0,22.0,34.0,39.0
62,臺東,2018-01-02,42,3.0,5.0,nan,28.0,8.0,31.0,42.0
61,恆春,2018-01-02,44,3.0,2.0,nan,28.0,2.0,44.0,36.0
60,潮州,2018-01-02,115,14.0,7.0,nan,77.0,19.0,115.0,114.0
59,屏東,2018-01-02,141,19.0,10.0,nan,81.0,40.0,80.0,141.0
58,小港,2018-01-02,125,43.0,11.0,nan,84.0,60.0,51.0,125.0
57,前鎮,2018-01-02,125,26.0,10.0,nan,78.0,39.0,nan,125.0
56,前金,2018-01-02,120,11.0,9.0,nan,73.0,31.0,93.0,120.0
54,左營,2018-01-02,124,11.0,9.0,nan,82.0,30.0,104.0,124.0
53,楠梓,2018-01-02,133,7.0,9.0,nan,96.0,34.0,67.0,133.0
52,林園,2018-01-02,105,30.0,8.0,nan,76.0,29.0,100.0,105.0
51,大寮,2018-01-02,126,24.0,9.0,nan,71.0,40.0,51.0,126.0
49,仁武,2018-01-02,118,14.0,9.0,nan,80.0,48.0,93.0,118.0
48,橋頭,2018-01-02,134,7.0,9.0,nan,78.0,31.0,74.0,134.0
47,美濃,2018-01-02,117,6.0,6.0,nan,76.0,21.0,112.0,117.0
46,臺南,2018-01-02,102,11.0,9.0,nan,70.0,28.0,51.0,102.0
45,安南,2018-01-02,104,9.0,9.0,nan,73.0,25.0,54.0,104.0
1,基隆,2018-01-02,37,3.0,5.0,nan,21.0,9.0,37.0,34.0
1,基隆,2018-01-03,37,4.0,3.0,nan,23.0,9.0,37.0,27.0
84,富貴角,2018-01-03,42,7.0,1.0,nan,25.0,7.0,40.0,42.0
83,麥寮,2018-01-03,114,14.0,5.0,nan,75.0,25.0,nan,114.0
80,關山,2018-01-03,31,3.0,nan,nan,21.0,8.0,31.0,29.0
78,馬公,2018-01-03,62,4.0,3.0,nan,49.0,10.0,45.0,62.0
77,金門,2018-01-03,60,10.0,3.0,nan,52.0,21.0,44.0,60.0
75,馬祖,2018-01-03,26,7.0,5.0,nan,nan,13.0,26.0,nan
72,埔里,2018-01-03,115,7.0,8.0,nan,62.0,29.0,87.0,115.0
71,復興,2018-01-03,146,13.0,14.0,nan,87.0,50.0,nan,146.0
70,永和,2018-01-03,29,4.0,7.0,nan,21.0,29.0,nan,29.0
69,竹山,2018-01-03,160,11.0,7.0,nan,88.0,24.0,93.0,160.0
68,中壢,2018-01-03,45,10.0,23.0,nan,43.0,45.0,nan,41.0
67,三重,2018-01-03,44,7.0,17.0,nan,44.0,43.0,nan,31.0
66,冬山,2018-01-03,37,9.0,5.0,nan,37.0,29.0,25.0,34.0
65,宜蘭,2018-01-03,40,3.0,6.0,nan,38.0,15.0,31.0,40.0
64,陽明,2018-01-03,36,6.0,2.0,nan,12.0,4.0,36.0,21.0
63,花蓮,2018-01-03,32,6.0,5.0,nan,26.0,22.0,32.0,30.0
62,臺東,2018-01-03,37,3.0,3.0,nan,27.0,10.0,29.0,37.0
61,恆春,2018-01-03,44,4.0,2.0,nan,32.0,2.0,44.0,36.0
60,潮州,2018-01-03,122,10.0,6.0,nan,72.0,20.0,115.0,122.0
59,屏東,2018-01-03,127,10.0,8.0,nan,70.0,24.0,64.0,127.0
58,小港,2018-01-03,143,23.0,10.0,nan,87.0,43.0,54.0,143.0
57,前鎮,2018-01-03,133,13.0,10.0,nan,83.0,44.0,nan,133.0
56,前金,2018-01-03,147,6.0,8.0,nan,85.0,33.0,90.0,147.0
54,左營,2018-01-03,125,9.0,9.0,nan,88.0,39.0,97.0,125.0
53,楠梓,2018-01-03,133,9.0,8.0,nan,100.0,34.0,74.0,133.0
52,林園,2018-01-03,108,14.0,8.0,nan,79.0,27.0,108.0,106.0
51,大寮,2018-01-03,134,16.0,8.0,nan,74.0,39.0,42.0,134.0
49,仁武,2018-01-03,130,21.0,8.0,nan,87.0,40.0,80.0,130.0
48,橋頭,2018-01-03,138,9.0,6.0,nan,76.0,28.0,58.0,138.0
47,美濃,2018-01-03,100,7.0,6.0,nan,66.0,14.0,80.0,100.0
46,臺南,2018-01-03,100,6.0,7.0,nan,70.0,29.0,64.0,100.0
45,安南,2018-01-03,103,3.0,6.0,nan,71.0,26.0,74.0,103.0
44,善化,2018-01-03,91,6.0,5.0,nan,59.0,19.0,48.0,91.0
43,新營,2018-01-03,112,6.0,6.0,nan,87.0,27.0,50.0,112.0
42,嘉義,2018-01-03,150,16.0,7.0,nan,85.0,26.0,84.0,150.0
41,臺西,2018-01-03,25,7.0,5.0,nan,nan,25.0,nan,nan
40,朴子,2018-01-03,91,6.0,5.0,nan,71.0,17.0,71.0,91.0
39,新港,2018-01-03,114,6.0,5.0,nan,82.0,24.0,74.0,114.0
38,崙背,2018-01-03,122,6.0,5.0,nan,71.0,20.0,74.0,122.0
37,斗六,2018-01-03,152,9.0,7.0,nan,85.0,38.0,90.0,152.0
36,南投,2018-01-03,154,11.0,10.0,nan,87.0,40.0,49.0,154.0
35,二林,2018-01-03,106,9.0,5.0,nan,62.0,17.0,48.0,106.0
34,線西,2018-01-03,118,10.0,6.0,nan,68.0,26.0,nan,118.0
33,彰化,2018-01-03,148,14.0,9.0,nan,78.0,38.0,48.0,148.0
32,西屯,2018-01-03,147,10.0,12.0,nan,87.0,53.0,90.0,147.0
31,忠明,2018-01-03,136,9.0,12.0,nan,81.0,66.0,71.0,136.0
30,大里,2018-01-03,106,9.0,10.0,nan,82.0,51.0,74.0,106.0
29,沙鹿,2018-01-03,119,7.0,8.0,nan,73.0,37.0,61.0,119.0
28,豐原,2018-01-03,113,10.0,8.0,nan,68.0,32.0,67.0,113.0
27,三義,2018-01-03,126,6.0,6.0,nan,64.0,21.0,90.0,126.0
26,苗栗,2018-01-03,124,10.0,9.0,nan,70.0,34.0,51.0,124.0
25,頭份,2018-01-03,119,9.0,8.0,nan,71.0,42.0,nan,119.0
24,新竹,2018-01-03,104,9.0,11.0,nan,65.0,42.0,47.0,104.0
23,竹東,2018-01-03,101,9.0,8.0,nan,58.0,39.0,61.0,101.0
22,湖口,2018-01-03,69,7.0,7.0,nan,55.0,30.0,61.0,69.0
21,龍潭,2018-01-03,55,7.0,7.0,nan,32.0,29.0,48.0,55.0
20,平鎮,2018-01-03,46,9.0,9.0,nan,35.0,40.0,38.0,46.0
19,觀音,2018-01-03,70,13.0,6.0,nan,44.0,28.0,35.0,70.0
18,大園,2018-01-03,52,13.0,6.0,nan,39.0,29.0,35.0,52.0
50,鳳山,2018-01-03,127,13.0,9.0,nan,83.0,38.0,nan,127.0
17,桃園,2018-01-03,38,13.0,6.0,nan,31.0,38.0,31.0,34.0
16,大同,2018-01-03,44,4.0,10.0,nan,44.0,36.0,nan,34.0
15,松山,2018-01-03,38,6.0,6.0,nan,31.0,38.0,28.0,32.0
14,古亭,2018-01-03,33,3.0,5.0,nan,22.0,30.0,33.0,25.0
13,萬華,2018-01-03,30,3.0,5.0,nan,28.0,30.0,23.0,26.0
12,中山,2018-01-03,35,4.0,7.0,nan,31.0,33.0,27.0,35.0
11,士林,2018-01-03,37,3.0,2.0,nan,24.0,10.0,37.0,28.0
10,淡水,2018-01-03,31,3.0,2.0,nan,21.0,5.0,31.0,27.0
9,林口,2018-01-03,36,3.0,3.0,nan,32.0,18.0,36.0,33.0
8,菜寮,2018-01-03,32,3.0,5.0,nan,27.0,32.0,28.0,30.0
7,新莊,2018-01-03,33,6.0,5.0,nan,27.0,29.0,33.0,22.0
6,板橋,2018-01-03,41,9.0,7.0,nan,27.0,36.0,31.0,41.0
5,土城,2018-01-03,34,20.0,8.0,nan,25.0,31.0,34.0,32.0
4,新店,2018-01-03,37,3.0,5.0,nan,22.0,30.0,37.0,34.0
3,萬里,2018-01-03,35,17.0,2.0,nan,23.0,13.0,35.0,34.0
2,汐止,2018-01-03,42,4.0,6.0,nan,26.0,34.0,34.0,42.0
59,屏東,2018-01-04,136,6.0,8.0,nan,73.0,25.0,40.0,136.0
34,線西,2018-01-04,98,4.0,7.0,nan,67.0,25.0,nan,98.0
35,二林,2018-01-04,84,9.0,5.0,nan,59.0,16.0,26.0,84.0
36,南投,2018-01-04,159,6.0,8.0,nan,96.0,40.0,28.0,159.0
37,斗六,2018-01-04,157,6.0,7.0,nan,82.0,26.0,29.0,157.0
38,崙背,2018-01-04,109,7.0,5.0,nan,62.0,20.0,26.0,109.0
39,新港,2018-01-04,124,9.0,6.0,nan,80.0,20.0,27.0,124.0
40,朴子,2018-01-04,111,6.0,6.0,nan,79.0,20.0,28.0,111.0
41,臺西,2018-01-04,66,3.0,3.0,nan,44.0,16.0,nan,66.0
42,嘉義,2018-01-04,155,70.0,8.0,nan,85.0,35.0,24.0,155.0
43,新營,2018-01-04,143,6.0,6.0,nan,96.0,30.0,21.0,143.0
44,善化,2018-01-04,124,9.0,6.0,nan,68.0,27.0,29.0,124.0
45,安南,2018-01-04,152,6.0,7.0,nan,83.0,31.0,35.0,152.0
46,臺南,2018-01-04,140,7.0,8.0,nan,79.0,42.0,34.0,140.0
47,美濃,2018-01-04,101,4.0,5.0,nan,65.0,20.0,43.0,101.0
48,橋頭,2018-01-04,152,9.0,7.0,nan,77.0,36.0,31.0,152.0
49,仁武,2018-01-04,137,16.0,6.0,nan,87.0,41.0,34.0,137.0
51,大寮,2018-01-04,133,16.0,7.0,nan,70.0,39.0,41.0,133.0
52,林園,2018-01-04,116,11.0,6.0,nan,77.0,28.0,45.0,116.0
53,楠梓,2018-01-04,152,6.0,6.0,nan,96.0,29.0,36.0,152.0
54,左營,2018-01-04,142,6.0,6.0,nan,87.0,30.0,40.0,142.0
56,前金,2018-01-04,153,6.0,7.0,nan,79.0,32.0,40.0,153.0
57,前鎮,2018-01-04,147,17.0,10.0,nan,77.0,46.0,nan,147.0
58,小港,2018-01-04,136,21.0,8.0,nan,76.0,52.0,32.0,136.0
1,基隆,2018-01-04,43,10.0,7.0,nan,25.0,38.0,30.0,43.0
60,潮州,2018-01-04,152,7.0,6.0,nan,86.0,24.0,54.0,152.0
61,恆春,2018-01-04,40,3.0,1.0,nan,26.0,2.0,40.0,33.0
62,臺東,2018-01-04,37,3.0,5.0,nan,24.0,15.0,22.0,37.0
63,花蓮,2018-01-04,30,7.0,5.0,nan,23.0,22.0,23.0,30.0
64,陽明,2018-01-04,40,4.0,5.0,nan,15.0,24.0,35.0,40.0
65,宜蘭,2018-01-04,44,4.0,5.0,nan,38.0,20.0,34.0,44.0
66,冬山,2018-01-04,31,3.0,3.0,nan,31.0,17.0,28.0,31.0
67,三重,2018-01-04,56,13.0,23.0,nan,52.0,54.0,nan,56.0
68,中壢,2018-01-04,52,13.0,19.0,nan,52.0,44.0,nan,52.0
69,竹山,2018-01-04,161,6.0,6.0,nan,86.0,25.0,32.0,161.0
70,永和,2018-01-04,71,7.0,15.0,nan,41.0,42.0,nan,71.0
71,復興,2018-01-04,146,11.0,12.0,nan,78.0,49.0,nan,146.0
72,埔里,2018-01-04,125,6.0,6.0,nan,62.0,23.0,31.0,125.0
75,馬祖,2018-01-04,26,4.0,2.0,nan,nan,10.0,26.0,nan
77,金門,2018-01-04,62,7.0,5.0,nan,44.0,16.0,30.0,62.0
78,馬公,2018-01-04,35,3.0,3.0,nan,23.0,8.0,34.0,35.0
80,關山,2018-01-04,36,1.0,nan,nan,22.0,8.0,22.0,36.0
83,麥寮,2018-01-04,70,3.0,3.0,nan,59.0,15.0,nan,70.0
84,富貴角,2018-01-04,55,9.0,2.0,nan,50.0,16.0,36.0,55.0
33,彰化,2018-01-04,141,17.0,9.0,nan,78.0,29.0,22.0,141.0
32,西屯,2018-01-04,134,11.0,10.0,nan,77.0,42.0,31.0,134.0
31,忠明,2018-01-04,142,10.0,10.0,nan,84.0,41.0,25.0,142.0
30,大里,2018-01-04,129,14.0,11.0,nan,87.0,41.0,26.0,129.0
29,沙鹿,2018-01-04,96,9.0,11.0,nan,64.0,45.0,28.0,96.0
28,豐原,2018-01-04,141,9.0,9.0,nan,76.0,41.0,29.0,141.0
27,三義,2018-01-04,138,10.0,8.0,nan,73.0,23.0,34.0,138.0
26,苗栗,2018-01-04,104,6.0,9.0,nan,61.0,34.0,23.0,104.0
25,頭份,2018-01-04,95,39.0,8.0,nan,62.0,37.0,nan,95.0
24,新竹,2018-01-04,85,9.0,9.0,nan,58.0,35.0,28.0,85.0
23,竹東,2018-01-04,104,6.0,7.0,nan,57.0,22.0,25.0,104.0
22,湖口,2018-01-04,63,14.0,7.0,nan,50.0,37.0,34.0,63.0
21,龍潭,2018-01-04,86,9.0,8.0,nan,49.0,25.0,29.0,86.0
20,平鎮,2018-01-04,60,10.0,7.0,nan,44.0,35.0,22.0,60.0
19,觀音,2018-01-04,59,7.0,3.0,nan,40.0,23.0,31.0,59.0
18,大園,2018-01-04,36,10.0,3.0,nan,36.0,25.0,31.0,27.0
50,鳳山,2018-01-04,119,10.0,7.0,nan,81.0,40.0,nan,119.0
17,桃園,2018-01-04,58,21.0,8.0,nan,43.0,36.0,22.0,58.0
16,大同,2018-01-04,66,19.0,25.0,nan,53.0,66.0,nan,58.0
15,松山,2018-01-04,61,9.0,8.0,nan,41.0,43.0,25.0,61.0
14,古亭,2018-01-04,55,7.0,8.0,nan,41.0,41.0,37.0,55.0
13,萬華,2018-01-04,58,11.0,9.0,nan,36.0,37.0,23.0,58.0
12,中山,2018-01-04,55,9.0,11.0,nan,40.0,41.0,25.0,55.0
11,士林,2018-01-04,42,9.0,6.0,nan,29.0,30.0,33.0,42.0
10,淡水,2018-01-04,33,7.0,3.0,nan,25.0,25.0,27.0,33.0
9,林口,2018-01-04,47,10.0,5.0,nan,35.0,31.0,34.0,47.0
8,菜寮,2018-01-04,56,9.0,8.0,nan,35.0,31.0,26.0,56.0
7,新莊,2018-01-04,56,11.0,7.0,nan,33.0,32.0,31.0,56.0
6,板橋,2018-01-04,66,11.0,8.0,nan,43.0,33.0,32.0,66.0
5,土城,2018-01-04,74,9.0,7.0,nan,43.0,35.0,39.0,74.0
4,新店,2018-01-04,72,7.0,7.0,nan,38.0,39.0,44.0,72.0
3,萬里,2018-01-04,58,13.0,3.0,nan,58.0,25.0,32.0,55.0
2,汐止,2018-01-04,76,7.0,8.0,nan,38.0,43.0,35.0,76.0
25,頭份,2018-01-05,42,7.0,3.0,nan,27.0,20.0,nan,42.0
2,汐止,2018-01-05,35,4.0,5.0,nan,13.0,23.0,25.0,35.0
3,萬里,2018-01-05,39,3.0,2.0,nan,31.0,6.0,39.0,27.0
4,新店,2018-01-05,29,4.0,5.0,nan,16.0,25.0,23.0,29.0
5,土城,2018-01-05,28,11.0,6.0,nan,17.0,27.0,21.0,28.0
6,板橋,2018-01-05,36,4.0,6.0,nan,15.0,25.0,21.0,36.0
17,桃園,2018-01-05,29,10.0,5.0,nan,16.0,23.0,19.0,29.0
7,新莊,2018-01-05,30,4.0,5.0,nan,13.0,30.0,23.0,17.0
8,菜寮,2018-01-05,26,4.0,6.0,nan,19.0,26.0,20.0,24.0
9,林口,2018-01-05,27,3.0,3.0,nan,20.0,15.0,27.0,20.0
10,淡水,2018-01-05,25,3.0,3.0,nan,17.0,9.0,25.0,19.0
11,士林,2018-01-05,30,1.0,5.0,nan,18.0,21.0,30.0,16.0
12,中山,2018-01-05,32,3.0,10.0,nan,15.0,32.0,19.0,28.0
45,安南,2018-01-05,76,4.0,5.0,nan,48.0,26.0,21.0,76.0
13,萬華,2018-01-05,28,3.0,8.0,nan,13.0,28.0,15.0,20.0
46,臺南,2018-01-05,73,4.0,6.0,nan,44.0,28.0,19.0,73.0
47,美濃,2018-01-05,70,3.0,5.0,nan,42.0,18.0,18.0,70.0
14,古亭,2018-01-05,27,4.0,7.0,nan,14.0,27.0,22.0,25.0
48,橋頭,2018-01-05,92,6.0,6.0,nan,47.0,30.0,16.0,92.0
15,松山,2018-01-05,26,4.0,6.0,nan,13.0,26.0,22.0,23.0
49,仁武,2018-01-05,70,9.0,7.0,nan,57.0,33.0,17.0,70.0
16,大同,2018-01-05,37,4.0,17.0,nan,34.0,37.0,nan,30.0
51,大寮,2018-01-05,97,4.0,8.0,nan,52.0,39.0,17.0,97.0
50,鳳山,2018-01-05,81,7.0,9.0,nan,48.0,39.0,nan,81.0
52,林園,2018-01-05,78,11.0,8.0,nan,55.0,37.0,19.0,78.0
53,楠梓,2018-01-05,92,4.0,6.0,nan,59.0,28.0,17.0,92.0
54,左營,2018-01-05,84,4.0,7.0,nan,54.0,38.0,19.0,84.0
18,大園,2018-01-05,29,9.0,3.0,nan,23.0,17.0,29.0,15.0
19,觀音,2018-01-05,40,10.0,2.0,nan,28.0,10.0,26.0,40.0
20,平鎮,2018-01-05,28,6.0,5.0,nan,21.0,28.0,18.0,25.0
56,前金,2018-01-05,104,4.0,8.0,nan,51.0,35.0,19.0,104.0
21,龍潭,2018-01-05,25,4.0,5.0,nan,18.0,21.0,25.0,22.0
22,湖口,2018-01-05,28,6.0,3.0,nan,23.0,11.0,28.0,27.0
23,竹東,2018-01-05,45,6.0,3.0,nan,17.0,17.0,23.0,45.0
57,前鎮,2018-01-05,103,6.0,11.0,nan,53.0,36.0,nan,103.0
58,小港,2018-01-05,103,10.0,11.0,nan,55.0,41.0,14.0,103.0
59,屏東,2018-01-05,72,3.0,8.0,nan,40.0,29.0,18.0,72.0
24,新竹,2018-01-05,36,4.0,5.0,nan,20.0,21.0,21.0,36.0
60,潮州,2018-01-05,100,4.0,7.0,nan,50.0,30.0,20.0,100.0
26,苗栗,2018-01-05,49,6.0,5.0,nan,30.0,22.0,15.0,49.0
61,恆春,2018-01-05,36,4.0,2.0,nan,19.0,2.0,36.0,26.0
62,臺東,2018-01-05,24,3.0,5.0,nan,14.0,11.0,23.0,24.0
27,三義,2018-01-05,24,6.0,3.0,nan,18.0,17.0,19.0,24.0
63,花蓮,2018-01-05,33,4.0,5.0,nan,21.0,20.0,32.0,33.0
28,豐原,2018-01-05,27,4.0,3.0,nan,19.0,15.0,16.0,27.0
64,陽明,2018-01-05,34,1.0,2.0,nan,6.0,3.0,34.0,6.0
29,沙鹿,2018-01-05,48,4.0,3.0,nan,27.0,20.0,17.0,48.0
65,宜蘭,2018-01-05,35,6.0,6.0,nan,26.0,17.0,30.0,35.0
30,大里,2018-01-05,38,6.0,8.0,nan,28.0,26.0,10.0,38.0
31,忠明,2018-01-05,46,4.0,5.0,nan,20.0,25.0,13.0,46.0
66,冬山,2018-01-05,31,3.0,5.0,nan,28.0,13.0,31.0,22.0
32,西屯,2018-01-05,46,4.0,3.0,nan,25.0,20.0,19.0,46.0
67,三重,2018-01-05,38,7.0,20.0,nan,34.0,38.0,nan,25.0
68,中壢,2018-01-05,33,6.0,9.0,nan,33.0,32.0,nan,22.0
33,彰化,2018-01-05,40,6.0,7.0,nan,31.0,24.0,12.0,40.0
34,線西,2018-01-05,59,6.0,3.0,nan,31.0,23.0,nan,59.0
69,竹山,2018-01-05,90,3.0,6.0,nan,40.0,29.0,14.0,90.0
35,二林,2018-01-05,57,9.0,5.0,nan,26.0,18.0,17.0,57.0
36,南投,2018-01-05,77,7.0,8.0,nan,44.0,31.0,6.0,77.0
70,永和,2018-01-05,37,4.0,18.0,nan,15.0,37.0,nan,33.0
37,斗六,2018-01-05,60,4.0,5.0,nan,37.0,25.0,13.0,60.0
71,復興,2018-01-05,106,6.0,14.0,nan,55.0,37.0,nan,106.0
38,崙背,2018-01-05,68,10.0,5.0,nan,34.0,21.0,15.0,68.0
72,埔里,2018-01-05,65,7.0,7.0,nan,27.0,23.0,16.0,65.0
39,新港,2018-01-05,63,7.0,5.0,nan,48.0,20.0,17.0,63.0
75,馬祖,2018-01-05,40,9.0,3.0,nan,23.0,11.0,28.0,40.0
77,金門,2018-01-05,82,11.0,5.0,nan,52.0,22.0,27.0,82.0
40,朴子,2018-01-05,63,7.0,5.0,nan,49.0,19.0,22.0,63.0
41,臺西,2018-01-05,61,7.0,3.0,nan,33.0,17.0,nan,61.0
78,馬公,2018-01-05,32,4.0,3.0,nan,17.0,7.0,32.0,30.0
42,嘉義,2018-01-05,88,9.0,6.0,nan,47.0,30.0,13.0,88.0
80,關山,2018-01-05,34,nan,nan,nan,16.0,8.0,23.0,34.0
43,新營,2018-01-05,70,7.0,5.0,nan,57.0,29.0,15.0,70.0
83,麥寮,2018-01-05,61,6.0,5.0,nan,45.0,16.0,nan,61.0
44,善化,2018-01-05,74,7.0,5.0,nan,38.0,28.0,16.0,74.0
84,富貴角,2018-01-05,42,1.0,2.0,nan,34.0,5.0,37.0,42.0
1,基隆,2018-01-05,32,10.0,2.0,nan,12.0,20.0,32.0,15.0
84,富貴角,2018-01-06,39,1.0,2.0,nan,31.0,2.0,39.0,30.0
1,基隆,2018-01-06,35,1.0,2.0,nan,8.0,7.0,35.0,13.0
2,汐止,2018-01-06,32,4.0,3.0,nan,7.0,17.0,32.0,27.0
3,萬里,2018-01-06,41,4.0,2.0,nan,21.0,3.0,41.0,21.0
4,新店,2018-01-06,33,3.0,5.0,nan,6.0,20.0,33.0,15.0
5,土城,2018-01-06,31,4.0,6.0,nan,8.0,21.0,31.0,11.0
6,板橋,2018-01-06,31,4.0,6.0,nan,10.0,25.0,31.0,24.0
7,新莊,2018-01-06,32,3.0,5.0,nan,6.0,28.0,32.0,10.0
8,菜寮,2018-01-06,30,4.0,5.0,nan,12.0,24.0,30.0,16.0
9,林口,2018-01-06,33,4.0,3.0,nan,15.0,13.0,33.0,17.0
10,淡水,2018-01-06,26,3.0,6.0,nan,10.0,25.0,26.0,14.0
11,士林,2018-01-06,35,6.0,3.0,nan,7.0,11.0,35.0,14.0
12,中山,2018-01-06,30,4.0,7.0,nan,8.0,30.0,30.0,19.0
13,萬華,2018-01-06,30,4.0,5.0,nan,11.0,30.0,26.0,8.0
14,古亭,2018-01-06,31,3.0,5.0,nan,5.0,24.0,31.0,16.0
15,松山,2018-01-06,31,3.0,5.0,nan,6.0,24.0,31.0,17.0
16,大同,2018-01-06,34,4.0,9.0,nan,23.0,34.0,nan,16.0
50,鳳山,2018-01-06,96,7.0,10.0,nan,54.0,42.0,nan,96.0
18,大園,2018-01-06,29,11.0,3.0,nan,15.0,26.0,29.0,11.0
19,觀音,2018-01-06,31,13.0,3.0,nan,25.0,19.0,27.0,31.0
20,平鎮,2018-01-06,30,4.0,6.0,nan,13.0,26.0,30.0,13.0
21,龍潭,2018-01-06,31,4.0,5.0,nan,15.0,17.0,31.0,10.0
22,湖口,2018-01-06,31,6.0,3.0,nan,12.0,16.0,31.0,16.0
23,竹東,2018-01-06,31,4.0,5.0,nan,9.0,18.0,23.0,31.0
24,新竹,2018-01-06,27,4.0,6.0,nan,8.0,26.0,27.0,21.0
25,頭份,2018-01-06,25,4.0,5.0,nan,14.0,25.0,nan,22.0
26,苗栗,2018-01-06,29,4.0,6.0,nan,19.0,29.0,16.0,25.0
27,三義,2018-01-06,22,6.0,5.0,nan,12.0,20.0,22.0,22.0
28,豐原,2018-01-06,28,6.0,7.0,nan,21.0,28.0,10.0,26.0
29,沙鹿,2018-01-06,28,3.0,5.0,nan,13.0,25.0,19.0,28.0
30,大里,2018-01-06,34,6.0,8.0,nan,23.0,34.0,8.0,27.0
31,忠明,2018-01-06,36,4.0,8.0,nan,14.0,36.0,13.0,26.0
32,西屯,2018-01-06,33,3.0,6.0,nan,24.0,29.0,19.0,33.0
33,彰化,2018-01-06,31,4.0,7.0,nan,16.0,26.0,13.0,31.0
34,線西,2018-01-06,38,6.0,5.0,nan,20.0,25.0,nan,38.0
35,二林,2018-01-06,44,13.0,7.0,nan,17.0,22.0,17.0,44.0
36,南投,2018-01-06,56,7.0,8.0,nan,31.0,33.0,6.0,56.0
37,斗六,2018-01-06,34,6.0,7.0,nan,31.0,26.0,7.0,34.0
17,桃園,2018-01-06,30,7.0,5.0,nan,7.0,16.0,30.0,9.0
38,崙背,2018-01-06,53,9.0,5.0,nan,23.0,24.0,18.0,53.0
39,新港,2018-01-06,45,4.0,6.0,nan,30.0,25.0,17.0,45.0
40,朴子,2018-01-06,30,4.0,5.0,nan,30.0,17.0,21.0,29.0
41,臺西,2018-01-06,28,6.0,3.0,nan,18.0,15.0,nan,28.0
42,嘉義,2018-01-06,68,9.0,8.0,nan,35.0,29.0,7.0,68.0
43,新營,2018-01-06,50,3.0,6.0,nan,44.0,25.0,13.0,50.0
44,善化,2018-01-06,66,4.0,5.0,nan,29.0,24.0,12.0,66.0
45,安南,2018-01-06,66,4.0,6.0,nan,38.0,22.0,19.0,66.0
46,臺南,2018-01-06,63,3.0,7.0,nan,31.0,23.0,14.0,63.0
47,美濃,2018-01-06,60,3.0,6.0,nan,36.0,18.0,13.0,60.0
48,橋頭,2018-01-06,94,6.0,7.0,nan,45.0,35.0,7.0,94.0
49,仁武,2018-01-06,84,7.0,8.0,nan,53.0,37.0,11.0,84.0
51,大寮,2018-01-06,109,10.0,7.0,nan,50.0,43.0,17.0,109.0
52,林園,2018-01-06,77,13.0,7.0,nan,57.0,42.0,24.0,77.0
53,楠梓,2018-01-06,90,4.0,7.0,nan,58.0,35.0,9.0,90.0
54,左營,2018-01-06,93,4.0,8.0,nan,55.0,40.0,10.0,93.0
56,前金,2018-01-06,101,4.0,8.0,nan,52.0,35.0,12.0,101.0
57,前鎮,2018-01-06,116,23.0,10.0,nan,56.0,39.0,nan,116.0
58,小港,2018-01-06,105,24.0,9.0,nan,54.0,44.0,16.0,105.0
59,屏東,2018-01-06,92,7.0,7.0,nan,41.0,35.0,16.0,92.0
60,潮州,2018-01-06,134,10.0,7.0,nan,64.0,35.0,21.0,134.0
61,恆春,2018-01-06,39,4.0,2.0,nan,12.0,2.0,39.0,22.0
62,臺東,2018-01-06,22,3.0,5.0,nan,9.0,13.0,22.0,16.0
63,花蓮,2018-01-06,25,6.0,5.0,nan,14.0,24.0,25.0,20.0
64,陽明,2018-01-06,37,1.0,2.0,nan,5.0,1.0,37.0,3.0
65,宜蘭,2018-01-06,33,3.0,3.0,nan,17.0,9.0,33.0,20.0
66,冬山,2018-01-06,30,7.0,6.0,nan,16.0,30.0,27.0,21.0
67,三重,2018-01-06,37,6.0,16.0,nan,24.0,37.0,nan,12.0
68,中壢,2018-01-06,32,6.0,10.0,nan,19.0,32.0,nan,9.0
69,竹山,2018-01-06,78,9.0,6.0,nan,33.0,28.0,5.0,78.0
70,永和,2018-01-06,19,3.0,6.0,nan,9.0,19.0,nan,14.0
71,復興,2018-01-06,111,16.0,14.0,nan,54.0,42.0,nan,111.0
72,埔里,2018-01-06,47,4.0,6.0,nan,21.0,23.0,19.0,47.0
75,馬祖,2018-01-06,45,3.0,3.0,nan,17.0,7.0,27.0,45.0
77,金門,2018-01-06,44,4.0,5.0,nan,20.0,15.0,22.0,44.0
78,馬公,2018-01-06,34,3.0,3.0,nan,12.0,5.0,34.0,19.0
80,關山,2018-01-06,29,nan,nan,nan,10.0,11.0,23.0,29.0
83,麥寮,2018-01-06,31,6.0,5.0,nan,30.0,17.0,nan,31.0
38,崙背,2018-01-07,34,3.0,3.0,nan,9.0,16.0,34.0,33.0
17,桃園,2018-01-07,31,7.0,3.0,nan,10.0,17.0,31.0,10.0
1,基隆,2018-01-07,35,4.0,5.0,nan,5.0,24.0,35.0,7.0
2,汐止,2018-01-07,34,3.0,5.0,nan,6.0,27.0,34.0,27.0
3,萬里,2018-01-07,40,9.0,2.0,nan,7.0,7.0,40.0,13.0
4,新店,2018-01-07,33,3.0,5.0,nan,7.0,33.0,33.0,17.0
5,土城,2018-01-07,36,4.0,7.0,nan,8.0,36.0,30.0,16.0
6,板橋,2018-01-07,35,3.0,7.0,nan,8.0,35.0,28.0,21.0
7,新莊,2018-01-07,35,4.0,6.0,nan,6.0,35.0,27.0,13.0
8,菜寮,2018-01-07,34,4.0,6.0,nan,9.0,34.0,22.0,15.0
9,林口,2018-01-07,36,6.0,2.0,nan,11.0,13.0,36.0,14.0
10,淡水,2018-01-07,28,3.0,3.0,nan,9.0,14.0,28.0,13.0
11,士林,2018-01-07,31,6.0,3.0,nan,6.0,17.0,31.0,9.0
12,中山,2018-01-07,36,4.0,7.0,nan,9.0,36.0,27.0,13.0
13,萬華,2018-01-07,39,4.0,7.0,nan,9.0,39.0,24.0,18.0
14,古亭,2018-01-07,36,3.0,7.0,nan,6.0,36.0,30.0,14.0
15,松山,2018-01-07,32,3.0,6.0,nan,6.0,32.0,31.0,22.0
16,大同,2018-01-07,40,4.0,10.0,nan,23.0,40.0,nan,18.0
50,鳳山,2018-01-07,79,11.0,10.0,nan,45.0,42.0,nan,79.0
18,大園,2018-01-07,33,19.0,3.0,nan,11.0,29.0,33.0,6.0
19,觀音,2018-01-07,31,10.0,2.0,nan,16.0,27.0,31.0,26.0
20,平鎮,2018-01-07,32,4.0,3.0,nan,10.0,24.0,32.0,18.0
21,龍潭,2018-01-07,34,3.0,5.0,nan,18.0,25.0,34.0,13.0
22,湖口,2018-01-07,38,7.0,2.0,nan,10.0,17.0,38.0,12.0
23,竹東,2018-01-07,33,7.0,3.0,nan,7.0,16.0,33.0,24.0
24,新竹,2018-01-07,34,3.0,3.0,nan,6.0,22.0,34.0,18.0
25,頭份,2018-01-07,23,3.0,5.0,nan,10.0,23.0,nan,8.0
26,苗栗,2018-01-07,34,4.0,7.0,nan,14.0,25.0,34.0,21.0
27,三義,2018-01-07,41,4.0,2.0,nan,12.0,12.0,41.0,13.0
28,豐原,2018-01-07,33,3.0,3.0,nan,6.0,19.0,33.0,17.0
29,沙鹿,2018-01-07,38,6.0,7.0,nan,9.0,27.0,38.0,20.0
30,大里,2018-01-07,28,4.0,9.0,nan,14.0,28.0,25.0,15.0
31,忠明,2018-01-07,31,4.0,10.0,nan,8.0,31.0,30.0,14.0
32,西屯,2018-01-07,37,3.0,6.0,nan,16.0,25.0,37.0,14.0
33,彰化,2018-01-07,28,4.0,7.0,nan,13.0,23.0,28.0,15.0
34,線西,2018-01-07,31,4.0,5.0,nan,10.0,27.0,nan,31.0
35,二林,2018-01-07,33,4.0,3.0,nan,10.0,17.0,32.0,33.0
36,南投,2018-01-07,29,6.0,7.0,nan,21.0,29.0,19.0,26.0
37,斗六,2018-01-07,29,4.0,7.0,nan,21.0,25.0,29.0,27.0
39,新港,2018-01-07,32,3.0,3.0,nan,19.0,18.0,32.0,25.0
40,朴子,2018-01-07,36,7.0,3.0,nan,22.0,17.0,36.0,22.0
41,臺西,2018-01-07,31,16.0,3.0,nan,13.0,17.0,nan,31.0
42,嘉義,2018-01-07,35,7.0,7.0,nan,22.0,28.0,22.0,35.0
43,新營,2018-01-07,44,4.0,5.0,nan,44.0,25.0,25.0,28.0
44,善化,2018-01-07,36,6.0,3.0,nan,17.0,28.0,24.0,36.0
45,安南,2018-01-07,35,6.0,6.0,nan,23.0,30.0,31.0,35.0
46,臺南,2018-01-07,37,4.0,7.0,nan,21.0,29.0,31.0,37.0
47,美濃,2018-01-07,55,3.0,6.0,nan,37.0,18.0,35.0,55.0
48,橋頭,2018-01-07,65,6.0,8.0,nan,32.0,35.0,40.0,65.0
49,仁武,2018-01-07,54,9.0,8.0,nan,39.0,32.0,45.0,54.0
51,大寮,2018-01-07,90,14.0,7.0,nan,42.0,29.0,43.0,90.0
52,林園,2018-01-07,49,13.0,6.0,nan,34.0,26.0,49.0,45.0
53,楠梓,2018-01-07,69,9.0,9.0,nan,49.0,38.0,41.0,69.0
54,左營,2018-01-07,54,11.0,7.0,nan,35.0,42.0,46.0,54.0
56,前金,2018-01-07,69,16.0,7.0,nan,34.0,40.0,44.0,69.0
57,前鎮,2018-01-07,74,21.0,6.0,nan,38.0,40.0,nan,74.0
58,小港,2018-01-07,68,24.0,6.0,nan,37.0,44.0,40.0,68.0
59,屏東,2018-01-07,65,7.0,8.0,nan,34.0,33.0,37.0,65.0
60,潮州,2018-01-07,113,14.0,7.0,nan,57.0,23.0,48.0,113.0
61,恆春,2018-01-07,41,3.0,2.0,nan,13.0,2.0,41.0,22.0
62,臺東,2018-01-07,25,1.0,3.0,nan,10.0,8.0,25.0,15.0
63,花蓮,2018-01-07,28,4.0,3.0,nan,7.0,17.0,28.0,19.0
64,陽明,2018-01-07,41,1.0,1.0,nan,5.0,1.0,41.0,3.0
65,宜蘭,2018-01-07,38,3.0,3.0,nan,18.0,9.0,38.0,19.0
66,冬山,2018-01-07,31,3.0,3.0,nan,11.0,13.0,31.0,15.0
67,三重,2018-01-07,46,6.0,15.0,nan,25.0,46.0,nan,18.0
68,中壢,2018-01-07,32,4.0,10.0,nan,14.0,32.0,nan,10.0
69,竹山,2018-01-07,45,4.0,7.0,nan,20.0,27.0,20.0,45.0
70,永和,2018-01-07,38,4.0,10.0,nan,6.0,38.0,nan,14.0
71,復興,2018-01-07,75,21.0,9.0,nan,36.0,42.0,nan,75.0
72,埔里,2018-01-07,34,4.0,7.0,nan,11.0,20.0,8.0,34.0
75,馬祖,2018-01-07,40,10.0,6.0,nan,15.0,22.0,17.0,40.0
77,金門,2018-01-07,49,7.0,5.0,nan,21.0,31.0,18.0,49.0
78,馬公,2018-01-07,36,6.0,5.0,nan,nan,23.0,36.0,11.0
80,關山,2018-01-07,28,nan,nan,nan,6.0,8.0,28.0,26.0
83,麥寮,2018-01-07,24,11.0,5.0,nan,24.0,19.0,nan,22.0
84,富貴角,2018-01-07,41,1.0,1.0,nan,9.0,3.0,41.0,9.0
1,基隆,2018-01-08,26,10.0,7.0,nan,8.0,26.0,24.0,11.0
2,汐止,2018-01-08,33,6.0,10.0,nan,8.0,29.0,21.0,33.0
3,萬里,2018-01-08,31,3.0,6.0,nan,13.0,8.0,31.0,19.0
4,新店,2018-01-08,39,4.0,8.0,nan,9.0,39.0,19.0,19.0
5,土城,2018-01-08,31,7.0,11.0,nan,12.0,31.0,13.0,17.0
6,板橋,2018-01-08,36,6.0,14.0,nan,12.0,36.0,10.0,26.0
7,新莊,2018-01-08,31,6.0,9.0,nan,8.0,31.0,19.0,19.0
8,菜寮,2018-01-08,36,6.0,14.0,nan,13.0,36.0,14.0,21.0
9,林口,2018-01-08,38,4.0,7.0,nan,15.0,38.0,21.0,21.0
10,淡水,2018-01-08,30,4.0,7.0,nan,11.0,30.0,20.0,21.0
11,士林,2018-01-08,36,4.0,11.0,nan,8.0,36.0,23.0,9.0
12,中山,2018-01-08,39,6.0,17.0,nan,14.0,39.0,12.0,22.0
13,萬華,2018-01-08,40,7.0,15.0,nan,16.0,40.0,9.0,25.0
14,古亭,2018-01-08,38,7.0,12.0,nan,12.0,38.0,10.0,20.0
15,松山,2018-01-08,35,6.0,10.0,nan,9.0,35.0,16.0,22.0
16,大同,2018-01-08,39,9.0,26.0,nan,27.0,39.0,nan,26.0
50,鳳山,2018-01-08,64,17.0,10.0,nan,48.0,37.0,nan,64.0
18,大園,2018-01-08,38,9.0,7.0,nan,17.0,38.0,22.0,10.0
19,觀音,2018-01-08,33,13.0,7.0,nan,19.0,33.0,20.0,31.0
20,平鎮,2018-01-08,37,6.0,7.0,nan,16.0,37.0,16.0,9.0
21,龍潭,2018-01-08,28,3.0,7.0,nan,11.0,28.0,21.0,13.0
22,湖口,2018-01-08,27,9.0,7.0,nan,11.0,27.0,17.0,13.0
23,竹東,2018-01-08,31,3.0,7.0,nan,9.0,23.0,18.0,31.0
24,新竹,2018-01-08,29,3.0,7.0,nan,8.0,29.0,15.0,19.0
25,頭份,2018-01-08,30,3.0,7.0,nan,9.0,30.0,nan,8.0
26,苗栗,2018-01-08,25,4.0,7.0,nan,16.0,25.0,16.0,21.0
27,三義,2018-01-08,25,6.0,6.0,nan,13.0,24.0,20.0,25.0
28,豐原,2018-01-08,43,9.0,9.0,nan,21.0,29.0,26.0,43.0
29,沙鹿,2018-01-08,39,6.0,7.0,nan,20.0,27.0,19.0,39.0
30,大里,2018-01-08,42,7.0,11.0,nan,32.0,25.0,9.0,42.0
31,忠明,2018-01-08,36,6.0,10.0,nan,23.0,35.0,9.0,36.0
32,西屯,2018-01-08,42,9.0,7.0,nan,29.0,30.0,11.0,42.0
33,彰化,2018-01-08,48,7.0,7.0,nan,26.0,25.0,20.0,48.0
34,線西,2018-01-08,59,6.0,6.0,nan,22.0,26.0,nan,59.0
35,二林,2018-01-08,56,6.0,3.0,nan,22.0,18.0,20.0,56.0
36,南投,2018-01-08,52,10.0,10.0,nan,33.0,25.0,11.0,52.0
37,斗六,2018-01-08,32,7.0,7.0,nan,28.0,22.0,20.0,32.0
38,崙背,2018-01-08,54,4.0,5.0,nan,20.0,18.0,23.0,54.0
39,新港,2018-01-08,37,7.0,6.0,nan,30.0,18.0,24.0,37.0
40,朴子,2018-01-08,34,6.0,8.0,nan,30.0,17.0,28.0,34.0
41,臺西,2018-01-08,49,6.0,3.0,nan,25.0,14.0,nan,49.0
42,嘉義,2018-01-08,40,7.0,7.0,nan,31.0,21.0,22.0,40.0
43,新營,2018-01-08,46,6.0,7.0,nan,46.0,24.0,21.0,38.0
44,善化,2018-01-08,40,7.0,6.0,nan,23.0,27.0,22.0,40.0
45,安南,2018-01-08,48,11.0,8.0,nan,37.0,27.0,24.0,48.0
46,臺南,2018-01-08,43,7.0,7.0,nan,31.0,25.0,21.0,43.0
47,美濃,2018-01-08,42,6.0,6.0,nan,39.0,12.0,19.0,42.0
48,橋頭,2018-01-08,42,10.0,8.0,nan,32.0,40.0,23.0,42.0
17,桃園,2018-01-08,34,10.0,8.0,nan,17.0,34.0,13.0,18.0
49,仁武,2018-01-08,44,11.0,7.0,nan,41.0,33.0,23.0,44.0
51,大寮,2018-01-08,81,10.0,7.0,nan,39.0,34.0,26.0,81.0
52,林園,2018-01-08,62,10.0,7.0,nan,45.0,31.0,35.0,62.0
53,楠梓,2018-01-08,65,11.0,8.0,nan,52.0,35.0,25.0,65.0
54,左營,2018-01-08,54,9.0,12.0,nan,37.0,42.0,25.0,54.0
56,前金,2018-01-08,58,11.0,9.0,nan,36.0,42.0,25.0,58.0
84,富貴角,2018-01-08,33,1.0,6.0,nan,16.0,14.0,33.0,19.0
57,前鎮,2018-01-08,44,14.0,7.0,nan,33.0,31.0,nan,44.0
58,小港,2018-01-08,52,31.0,10.0,nan,37.0,35.0,20.0,52.0
83,麥寮,2018-01-08,54,4.0,5.0,nan,36.0,18.0,nan,54.0
59,屏東,2018-01-08,60,6.0,8.0,nan,46.0,25.0,25.0,60.0
60,潮州,2018-01-08,85,11.0,6.0,nan,50.0,12.0,28.0,85.0
80,關山,2018-01-08,28,nan,nan,nan,13.0,11.0,20.0,28.0
61,恆春,2018-01-08,36,3.0,1.0,nan,18.0,3.0,36.0,25.0
62,臺東,2018-01-08,24,3.0,5.0,nan,12.0,8.0,24.0,19.0
78,馬公,2018-01-08,25,6.0,5.0,nan,nan,19.0,25.0,23.0
63,花蓮,2018-01-08,24,11.0,6.0,nan,13.0,19.0,21.0,24.0
64,陽明,2018-01-08,34,1.0,6.0,nan,5.0,21.0,34.0,4.0
77,金門,2018-01-08,47,4.0,7.0,nan,21.0,34.0,6.0,47.0
65,宜蘭,2018-01-08,24,6.0,7.0,nan,19.0,17.0,22.0,24.0
66,冬山,2018-01-08,23,4.0,6.0,nan,15.0,23.0,23.0,19.0
67,三重,2018-01-08,43,11.0,30.0,nan,22.0,43.0,nan,22.0
75,馬祖,2018-01-08,32,6.0,7.0,nan,15.0,26.0,6.0,32.0
68,中壢,2018-01-08,40,6.0,16.0,nan,22.0,40.0,nan,21.0
69,竹山,2018-01-08,55,4.0,6.0,nan,27.0,19.0,19.0,55.0
72,埔里,2018-01-08,44,7.0,7.0,nan,18.0,20.0,19.0,44.0
70,永和,2018-01-08,39,6.0,24.0,nan,11.0,39.0,nan,29.0
71,復興,2018-01-08,61,16.0,9.0,nan,34.0,36.0,nan,61.0
84,富貴角,2018-01-09,88,1.0,5.0,nan,61.0,4.0,43.0,88.0
83,麥寮,2018-01-09,60,7.0,7.0,nan,36.0,22.0,nan,60.0
80,關山,2018-01-09,42,nan,nan,nan,17.0,8.0,27.0,42.0
78,馬公,2018-01-09,45,4.0,7.0,nan,nan,8.0,40.0,45.0
77,金門,2018-01-09,62,9.0,7.0,nan,35.0,15.0,29.0,62.0
75,馬祖,2018-01-09,79,6.0,6.0,nan,35.0,7.0,40.0,79.0
72,埔里,2018-01-09,31,4.0,3.0,nan,6.0,18.0,31.0,25.0
71,復興,2018-01-09,57,6.0,11.0,nan,33.0,34.0,nan,57.0
70,永和,2018-01-09,68,4.0,9.0,nan,31.0,26.0,nan,68.0
69,竹山,2018-01-09,54,4.0,7.0,nan,23.0,27.0,15.0,54.0
68,中壢,2018-01-09,60,4.0,14.0,nan,41.0,39.0,nan,60.0
67,三重,2018-01-09,58,7.0,19.0,nan,39.0,43.0,nan,58.0
66,冬山,2018-01-09,42,4.0,6.0,nan,33.0,25.0,28.0,42.0
65,宜蘭,2018-01-09,57,3.0,6.0,nan,33.0,17.0,32.0,57.0
64,陽明,2018-01-09,53,3.0,5.0,nan,19.0,4.0,39.0,53.0
63,花蓮,2018-01-09,52,4.0,7.0,nan,28.0,20.0,28.0,52.0
62,臺東,2018-01-09,35,3.0,6.0,nan,18.0,10.0,27.0,35.0
61,恆春,2018-01-09,39,4.0,6.0,nan,17.0,4.0,39.0,26.0
60,潮州,2018-01-09,41,4.0,7.0,nan,25.0,29.0,16.0,41.0
59,屏東,2018-01-09,25,1.0,7.0,nan,14.0,25.0,21.0,23.0
58,小港,2018-01-09,48,7.0,9.0,nan,29.0,37.0,21.0,48.0
57,前鎮,2018-01-09,59,3.0,9.0,nan,35.0,31.0,nan,59.0
56,前金,2018-01-09,48,4.0,8.0,nan,27.0,29.0,21.0,48.0
54,左營,2018-01-09,53,4.0,8.0,nan,27.0,29.0,20.0,53.0
53,楠梓,2018-01-09,54,3.0,7.0,nan,37.0,26.0,19.0,54.0
52,林園,2018-01-09,44,11.0,9.0,nan,30.0,38.0,19.0,44.0
51,大寮,2018-01-09,60,6.0,8.0,nan,27.0,29.0,19.0,60.0
50,鳳山,2018-01-09,37,7.0,9.0,nan,31.0,37.0,nan,33.0
49,仁武,2018-01-09,30,6.0,8.0,nan,27.0,30.0,18.0,27.0
48,橋頭,2018-01-09,65,3.0,8.0,nan,30.0,30.0,15.0,65.0
47,美濃,2018-01-09,24,1.0,7.0,nan,20.0,16.0,24.0,16.0
46,臺南,2018-01-09,44,3.0,7.0,nan,22.0,29.0,17.0,44.0
45,安南,2018-01-09,43,3.0,7.0,nan,20.0,26.0,19.0,43.0
44,善化,2018-01-09,41,3.0,7.0,nan,19.0,26.0,17.0,41.0
43,新營,2018-01-09,43,3.0,7.0,nan,35.0,26.0,19.0,43.0
42,嘉義,2018-01-09,51,4.0,8.0,nan,28.0,33.0,10.0,51.0
41,臺西,2018-01-09,65,9.0,7.0,nan,28.0,21.0,nan,65.0
40,朴子,2018-01-09,43,6.0,7.0,nan,26.0,19.0,25.0,43.0
39,新港,2018-01-09,55,3.0,7.0,nan,23.0,18.0,23.0,55.0
38,崙背,2018-01-09,61,6.0,7.0,nan,22.0,24.0,25.0,61.0
37,斗六,2018-01-09,40,3.0,7.0,nan,19.0,26.0,18.0,40.0
36,南投,2018-01-09,53,3.0,9.0,nan,31.0,34.0,11.0,53.0
35,二林,2018-01-09,63,6.0,7.0,nan,22.0,16.0,26.0,63.0
34,線西,2018-01-09,65,6.0,7.0,nan,26.0,21.0,nan,65.0
32,西屯,2018-01-09,48,3.0,7.0,nan,26.0,21.0,29.0,48.0
31,忠明,2018-01-09,39,3.0,7.0,nan,19.0,27.0,19.0,39.0
30,大里,2018-01-09,34,3.0,8.0,nan,15.0,34.0,15.0,28.0
29,沙鹿,2018-01-09,50,3.0,6.0,nan,21.0,20.0,26.0,50.0
28,豐原,2018-01-09,29,3.0,7.0,nan,15.0,17.0,26.0,29.0
27,三義,2018-01-09,51,4.0,6.0,nan,25.0,20.0,29.0,51.0
26,苗栗,2018-01-09,66,4.0,7.0,nan,32.0,24.0,24.0,66.0
25,頭份,2018-01-09,65,6.0,7.0,nan,31.0,25.0,nan,65.0
24,新竹,2018-01-09,66,4.0,7.0,nan,30.0,25.0,21.0,66.0
23,竹東,2018-01-09,62,3.0,6.0,nan,28.0,24.0,30.0,62.0
22,湖口,2018-01-09,65,4.0,6.0,nan,38.0,30.0,30.0,65.0
21,龍潭,2018-01-09,67,4.0,7.0,nan,34.0,25.0,27.0,67.0
20,平鎮,2018-01-09,58,6.0,8.0,nan,37.0,33.0,20.0,58.0
19,觀音,2018-01-09,81,10.0,7.0,nan,44.0,25.0,30.0,81.0
18,大園,2018-01-09,58,13.0,6.0,nan,36.0,32.0,31.0,58.0
16,大同,2018-01-09,63,7.0,18.0,nan,47.0,43.0,nan,63.0
15,松山,2018-01-09,62,4.0,7.0,nan,30.0,27.0,25.0,62.0
14,古亭,2018-01-09,58,4.0,8.0,nan,29.0,28.0,24.0,58.0
13,萬華,2018-01-09,60,6.0,8.0,nan,26.0,37.0,18.0,60.0
12,中山,2018-01-09,60,4.0,9.0,nan,30.0,37.0,22.0,60.0
11,士林,2018-01-09,56,3.0,7.0,nan,21.0,35.0,26.0,56.0
10,淡水,2018-01-09,64,4.0,7.0,nan,34.0,25.0,26.0,64.0
9,林口,2018-01-09,63,3.0,7.0,nan,37.0,36.0,31.0,63.0
8,菜寮,2018-01-09,60,4.0,8.0,nan,31.0,35.0,25.0,60.0
7,新莊,2018-01-09,60,4.0,8.0,nan,32.0,40.0,27.0,60.0
6,板橋,2018-01-09,74,6.0,8.0,nan,32.0,31.0,24.0,74.0
5,土城,2018-01-09,66,6.0,7.0,nan,35.0,25.0,26.0,66.0
4,新店,2018-01-09,68,4.0,7.0,nan,31.0,23.0,29.0,68.0
3,萬里,2018-01-09,69,3.0,5.0,nan,52.0,8.0,41.0,69.0
2,汐止,2018-01-09,74,6.0,7.0,nan,31.0,30.0,30.0,74.0
33,彰化,2018-01-09,51,3.0,7.0,nan,22.0,26.0,19.0,51.0
1,基隆,2018-01-09,68,13.0,6.0,nan,30.0,32.0,31.0,68.0
17,桃園,2018-01-09,71,11.0,8.0,nan,33.0,33.0,24.0,71.0
49,仁武,2018-01-10,57,7.0,5.0,nan,46.0,32.0,31.0,57.0
33,彰化,2018-01-10,61,3.0,5.0,nan,31.0,25.0,36.0,61.0
2,汐止,2018-01-10,61,4.0,8.0,nan,29.0,42.0,44.0,61.0
3,萬里,2018-01-10,57,3.0,3.0,nan,57.0,15.0,51.0,48.0
4,新店,2018-01-10,46,4.0,6.0,nan,26.0,22.0,41.0,46.0
5,土城,2018-01-10,51,6.0,8.0,nan,31.0,35.0,39.0,51.0
6,板橋,2018-01-10,60,6.0,9.0,nan,31.0,39.0,40.0,60.0
7,新莊,2018-01-10,47,6.0,8.0,nan,32.0,45.0,41.0,47.0
8,菜寮,2018-01-10,42,4.0,8.0,nan,29.0,41.0,39.0,42.0
9,林口,2018-01-10,48,4.0,5.0,nan,37.0,42.0,44.0,48.0
10,淡水,2018-01-10,44,4.0,6.0,nan,33.0,25.0,40.0,44.0
11,士林,2018-01-10,50,4.0,7.0,nan,29.0,37.0,43.0,50.0
12,中山,2018-01-10,50,6.0,9.0,nan,26.0,44.0,31.0,50.0
13,萬華,2018-01-10,45,4.0,7.0,nan,27.0,38.0,30.0,45.0
14,古亭,2018-01-10,32,3.0,7.0,nan,22.0,31.0,30.0,32.0
15,松山,2018-01-10,50,4.0,8.0,nan,25.0,38.0,35.0,50.0
16,大同,2018-01-10,52,9.0,20.0,nan,44.0,51.0,nan,52.0
17,桃園,2018-01-10,57,26.0,6.0,nan,37.0,33.0,40.0,57.0
18,大園,2018-01-10,58,13.0,6.0,nan,36.0,43.0,44.0,58.0
19,觀音,2018-01-10,67,9.0,5.0,nan,38.0,30.0,43.0,67.0
20,平鎮,2018-01-10,58,7.0,7.0,nan,44.0,35.0,37.0,58.0
21,龍潭,2018-01-10,56,6.0,6.0,nan,26.0,28.0,40.0,56.0
22,湖口,2018-01-10,49,7.0,5.0,nan,36.0,25.0,46.0,49.0
23,竹東,2018-01-10,51,6.0,5.0,nan,26.0,16.0,41.0,51.0
24,新竹,2018-01-10,54,4.0,5.0,nan,30.0,25.0,41.0,54.0
25,頭份,2018-01-10,52,4.0,5.0,nan,30.0,22.0,nan,52.0
26,苗栗,2018-01-10,54,4.0,5.0,nan,32.0,19.0,39.0,54.0
27,三義,2018-01-10,52,4.0,3.0,nan,26.0,12.0,41.0,52.0
28,豐原,2018-01-10,39,9.0,3.0,nan,22.0,16.0,39.0,33.0
29,沙鹿,2018-01-10,42,4.0,3.0,nan,24.0,15.0,42.0,42.0
30,大里,2018-01-10,36,4.0,6.0,nan,22.0,30.0,36.0,30.0
31,忠明,2018-01-10,48,4.0,5.0,nan,24.0,28.0,37.0,48.0
32,西屯,2018-01-10,52,4.0,3.0,nan,33.0,17.0,45.0,52.0
34,線西,2018-01-10,65,9.0,5.0,nan,35.0,18.0,nan,65.0
35,二林,2018-01-10,66,9.0,3.0,nan,37.0,14.0,41.0,66.0
36,南投,2018-01-10,62,6.0,8.0,nan,34.0,36.0,31.0,62.0
37,斗六,2018-01-10,54,4.0,3.0,nan,28.0,32.0,39.0,54.0
38,崙背,2018-01-10,69,14.0,5.0,nan,42.0,30.0,41.0,69.0
39,新港,2018-01-10,61,4.0,5.0,nan,40.0,14.0,42.0,61.0
40,朴子,2018-01-10,52,10.0,3.0,nan,50.0,23.0,44.0,52.0
41,臺西,2018-01-10,67,7.0,3.0,nan,42.0,13.0,nan,67.0
42,嘉義,2018-01-10,67,9.0,6.0,nan,43.0,30.0,35.0,67.0
43,新營,2018-01-10,65,6.0,5.0,nan,51.0,24.0,36.0,65.0
44,善化,2018-01-10,58,6.0,5.0,nan,34.0,19.0,36.0,58.0
45,安南,2018-01-10,57,6.0,5.0,nan,38.0,22.0,39.0,57.0
46,臺南,2018-01-10,58,6.0,6.0,nan,38.0,21.0,37.0,58.0
47,美濃,2018-01-10,52,3.0,5.0,nan,36.0,15.0,27.0,52.0
48,橋頭,2018-01-10,73,6.0,5.0,nan,40.0,25.0,32.0,73.0
1,基隆,2018-01-10,48,9.0,6.0,nan,24.0,25.0,43.0,48.0
50,鳳山,2018-01-10,69,9.0,6.0,nan,53.0,37.0,nan,69.0
51,大寮,2018-01-10,84,9.0,6.0,nan,42.0,27.0,28.0,84.0
52,林園,2018-01-10,62,11.0,6.0,nan,44.0,38.0,34.0,62.0
53,楠梓,2018-01-10,71,6.0,5.0,nan,53.0,22.0,33.0,71.0
54,左營,2018-01-10,79,6.0,6.0,nan,45.0,26.0,34.0,79.0
56,前金,2018-01-10,73,6.0,6.0,nan,49.0,27.0,31.0,73.0
57,前鎮,2018-01-10,80,6.0,8.0,nan,49.0,32.0,nan,80.0
58,小港,2018-01-10,73,7.0,7.0,nan,45.0,47.0,21.0,73.0
59,屏東,2018-01-10,69,3.0,6.0,nan,39.0,21.0,19.0,69.0
60,潮州,2018-01-10,64,4.0,6.0,nan,45.0,20.0,31.0,64.0
61,恆春,2018-01-10,47,4.0,3.0,nan,24.0,3.0,47.0,34.0
62,臺東,2018-01-10,41,3.0,5.0,nan,23.0,10.0,31.0,41.0
63,花蓮,2018-01-10,40,3.0,5.0,nan,29.0,16.0,37.0,40.0
64,陽明,2018-01-10,46,3.0,3.0,nan,19.0,2.0,46.0,44.0
65,宜蘭,2018-01-10,50,6.0,3.0,nan,32.0,12.0,44.0,50.0
66,冬山,2018-01-10,39,6.0,3.0,nan,35.0,18.0,39.0,37.0
67,三重,2018-01-10,50,9.0,19.0,nan,42.0,50.0,nan,40.0
68,中壢,2018-01-10,52,9.0,11.0,nan,44.0,45.0,nan,52.0
69,竹山,2018-01-10,81,6.0,5.0,nan,36.0,25.0,36.0,81.0
70,永和,2018-01-10,48,4.0,10.0,nan,25.0,32.0,nan,48.0
71,復興,2018-01-10,81,6.0,9.0,nan,50.0,36.0,nan,81.0
72,埔里,2018-01-10,41,4.0,5.0,nan,17.0,24.0,35.0,41.0
75,馬祖,2018-01-10,65,10.0,5.0,nan,33.0,7.0,48.0,65.0
77,金門,2018-01-10,66,14.0,5.0,nan,45.0,18.0,43.0,66.0
78,馬公,2018-01-10,51,3.0,5.0,nan,27.0,5.0,50.0,51.0
80,關山,2018-01-10,52,nan,nan,nan,27.0,8.0,32.0,52.0
83,麥寮,2018-01-10,60,10.0,5.0,nan,49.0,19.0,nan,60.0
84,富貴角,2018-01-10,61,3.0,2.0,nan,54.0,3.0,50.0,61.0
47,美濃,2018-01-11,64,4.0,5.0,nan,47.0,13.0,32.0,64.0
46,臺南,2018-01-11,57,9.0,5.0,nan,44.0,21.0,34.0,57.0
48,橋頭,2018-01-11,70,7.0,5.0,nan,46.0,30.0,28.0,70.0
45,安南,2018-01-11,59,9.0,3.0,nan,49.0,22.0,38.0,59.0
49,仁武,2018-01-11,73,7.0,6.0,nan,56.0,34.0,24.0,73.0
44,善化,2018-01-11,63,6.0,3.0,nan,36.0,16.0,35.0,63.0
50,鳳山,2018-01-11,59,10.0,6.0,nan,57.0,38.0,nan,59.0
51,大寮,2018-01-11,85,10.0,6.0,nan,49.0,37.0,23.0,85.0
43,新營,2018-01-11,61,6.0,3.0,nan,55.0,19.0,35.0,61.0
52,林園,2018-01-11,75,14.0,6.0,nan,59.0,36.0,29.0,75.0
53,楠梓,2018-01-11,73,6.0,5.0,nan,57.0,25.0,30.0,73.0
54,左營,2018-01-11,77,6.0,6.0,nan,57.0,30.0,29.0,77.0
56,前金,2018-01-11,71,6.0,7.0,nan,54.0,31.0,26.0,71.0
42,嘉義,2018-01-11,62,7.0,6.0,nan,47.0,24.0,35.0,62.0
57,前鎮,2018-01-11,77,6.0,8.0,nan,56.0,37.0,nan,77.0
58,小港,2018-01-11,76,11.0,7.0,nan,54.0,50.0,19.0,76.0
59,屏東,2018-01-11,70,4.0,6.0,nan,46.0,22.0,27.0,70.0
60,潮州,2018-01-11,84,10.0,5.0,nan,62.0,25.0,34.0,84.0
41,臺西,2018-01-11,46,10.0,3.0,nan,46.0,12.0,nan,nan
40,朴子,2018-01-11,57,9.0,3.0,nan,57.0,15.0,47.0,57.0
61,恆春,2018-01-11,46,4.0,2.0,nan,28.0,3.0,46.0,39.0
62,臺東,2018-01-11,47,3.0,5.0,nan,31.0,12.0,35.0,47.0
63,花蓮,2018-01-11,42,4.0,5.0,nan,36.0,14.0,42.0,38.0
64,陽明,2018-01-11,45,4.0,2.0,nan,20.0,2.0,45.0,39.0
39,新港,2018-01-11,60,7.0,3.0,nan,47.0,15.0,43.0,60.0
65,宜蘭,2018-01-11,47,7.0,3.0,nan,39.0,10.0,43.0,47.0
66,冬山,2018-01-11,44,3.0,3.0,nan,44.0,16.0,44.0,33.0
38,崙背,2018-01-11,71,11.0,3.0,nan,54.0,16.0,44.0,71.0
67,三重,2018-01-11,52,7.0,18.0,nan,49.0,47.0,nan,52.0
37,斗六,2018-01-11,67,4.0,3.0,nan,36.0,25.0,39.0,67.0
68,中壢,2018-01-11,61,9.0,10.0,nan,47.0,42.0,nan,61.0
69,竹山,2018-01-11,79,4.0,5.0,nan,39.0,23.0,38.0,79.0
70,永和,2018-01-11,49,6.0,9.0,nan,33.0,33.0,nan,49.0
71,復興,2018-01-11,81,9.0,10.0,nan,57.0,43.0,nan,81.0
72,埔里,2018-01-11,58,6.0,5.0,nan,31.0,30.0,32.0,58.0
36,南投,2018-01-11,61,6.0,6.0,nan,42.0,28.0,32.0,61.0
75,馬祖,2018-01-11,68,7.0,5.0,nan,44.0,6.0,49.0,68.0
77,金門,2018-01-11,69,21.0,3.0,nan,51.0,20.0,51.0,69.0
78,馬公,2018-01-11,51,3.0,3.0,nan,29.0,4.0,51.0,36.0
35,二林,2018-01-11,63,10.0,3.0,nan,44.0,12.0,41.0,63.0
80,關山,2018-01-11,56,4.0,nan,nan,32.0,10.0,33.0,56.0
34,線西,2018-01-11,57,7.0,3.0,nan,44.0,16.0,nan,57.0
83,麥寮,2018-01-11,56,11.0,5.0,nan,55.0,21.0,nan,56.0
32,西屯,2018-01-11,47,6.0,3.0,nan,36.0,15.0,46.0,47.0
84,富貴角,2018-01-11,55,3.0,2.0,nan,49.0,3.0,50.0,55.0
31,忠明,2018-01-11,51,4.0,5.0,nan,30.0,21.0,37.0,51.0
30,大里,2018-01-11,37,4.0,5.0,nan,37.0,25.0,37.0,28.0
29,沙鹿,2018-01-11,44,6.0,3.0,nan,31.0,14.0,44.0,40.0
28,豐原,2018-01-11,40,6.0,3.0,nan,29.0,10.0,40.0,40.0
27,三義,2018-01-11,52,4.0,2.0,nan,31.0,12.0,44.0,52.0
26,苗栗,2018-01-11,55,6.0,3.0,nan,38.0,18.0,39.0,55.0
25,頭份,2018-01-11,40,4.0,3.0,nan,38.0,20.0,nan,40.0
24,新竹,2018-01-11,45,3.0,3.0,nan,36.0,17.0,41.0,45.0
23,竹東,2018-01-11,46,6.0,3.0,nan,32.0,10.0,43.0,46.0
22,湖口,2018-01-11,46,9.0,5.0,nan,41.0,19.0,46.0,34.0
21,龍潭,2018-01-11,59,6.0,5.0,nan,36.0,25.0,41.0,59.0
20,平鎮,2018-01-11,46,9.0,6.0,nan,41.0,29.0,34.0,46.0
19,觀音,2018-01-11,60,10.0,3.0,nan,49.0,27.0,42.0,60.0
18,大園,2018-01-11,53,9.0,3.0,nan,42.0,38.0,44.0,53.0
17,桃園,2018-01-11,44,21.0,6.0,nan,37.0,29.0,37.0,44.0
16,大同,2018-01-11,56,9.0,14.0,nan,52.0,45.0,nan,56.0
15,松山,2018-01-11,41,4.0,7.0,nan,32.0,39.0,37.0,41.0
14,古亭,2018-01-11,40,6.0,6.0,nan,31.0,32.0,37.0,40.0
13,萬華,2018-01-11,45,3.0,6.0,nan,32.0,37.0,29.0,45.0
12,中山,2018-01-11,46,4.0,9.0,nan,35.0,43.0,31.0,46.0
11,士林,2018-01-11,45,4.0,7.0,nan,34.0,33.0,45.0,41.0
10,淡水,2018-01-11,41,4.0,6.0,nan,38.0,29.0,39.0,41.0
9,林口,2018-01-11,43,6.0,5.0,nan,40.0,29.0,43.0,36.0
8,菜寮,2018-01-11,45,4.0,9.0,nan,40.0,38.0,38.0,45.0
7,新莊,2018-01-11,45,6.0,11.0,nan,40.0,42.0,41.0,45.0
6,板橋,2018-01-11,54,4.0,6.0,nan,34.0,34.0,38.0,54.0
5,土城,2018-01-11,44,6.0,6.0,nan,36.0,36.0,40.0,44.0
4,新店,2018-01-11,45,9.0,6.0,nan,36.0,33.0,36.0,45.0
3,萬里,2018-01-11,62,3.0,2.0,nan,62.0,5.0,51.0,49.0
2,汐止,2018-01-11,52,7.0,8.0,nan,33.0,36.0,44.0,52.0
33,彰化,2018-01-11,49,6.0,5.0,nan,37.0,22.0,36.0,49.0
1,基隆,2018-01-11,44,3.0,2.0,nan,29.0,9.0,44.0,42.0
69,竹山,2018-01-12,80,4.0,6.0,nan,43.0,29.0,41.0,80.0
22,湖口,2018-01-12,51,6.0,3.0,nan,41.0,19.0,44.0,51.0
21,龍潭,2018-01-12,59,6.0,5.0,nan,43.0,24.0,39.0,59.0
51,大寮,2018-01-12,103,14.0,6.0,nan,55.0,33.0,43.0,103.0
23,竹東,2018-01-12,54,4.0,3.0,nan,32.0,8.0,42.0,54.0
20,平鎮,2018-01-12,61,9.0,7.0,nan,46.0,30.0,33.0,61.0
24,新竹,2018-01-12,53,6.0,5.0,nan,38.0,24.0,38.0,53.0
33,彰化,2018-01-12,61,6.0,5.0,nan,37.0,21.0,35.0,61.0
70,永和,2018-01-12,58,4.0,9.0,nan,35.0,33.0,nan,58.0
25,頭份,2018-01-12,50,4.0,5.0,nan,40.0,18.0,nan,50.0
10,淡水,2018-01-12,45,4.0,6.0,nan,34.0,28.0,35.0,45.0
52,林園,2018-01-12,82,26.0,7.0,nan,59.0,46.0,71.0,82.0
26,苗栗,2018-01-12,67,9.0,6.0,nan,45.0,22.0,39.0,67.0
83,麥寮,2018-01-12,63,13.0,5.0,nan,59.0,21.0,nan,63.0
27,三義,2018-01-12,52,4.0,3.0,nan,30.0,8.0,44.0,52.0
19,觀音,2018-01-12,66,9.0,3.0,nan,47.0,22.0,38.0,66.0
28,豐原,2018-01-12,40,4.0,3.0,nan,29.0,13.0,40.0,36.0
53,楠梓,2018-01-12,93,6.0,6.0,nan,64.0,25.0,44.0,93.0
9,林口,2018-01-12,42,4.0,3.0,nan,40.0,24.0,38.0,42.0
29,沙鹿,2018-01-12,48,4.0,3.0,nan,32.0,14.0,41.0,48.0
71,復興,2018-01-12,88,11.0,9.0,nan,64.0,42.0,nan,88.0
30,大里,2018-01-12,36,4.0,6.0,nan,33.0,25.0,36.0,31.0
54,左營,2018-01-12,83,7.0,6.0,nan,58.0,31.0,44.0,83.0
18,大園,2018-01-12,45,6.0,3.0,nan,44.0,26.0,39.0,45.0
31,忠明,2018-01-12,53,6.0,5.0,nan,33.0,24.0,38.0,53.0
2,汐止,2018-01-12,53,9.0,5.0,nan,32.0,25.0,38.0,53.0
17,桃園,2018-01-12,58,17.0,6.0,nan,43.0,32.0,35.0,58.0
56,前金,2018-01-12,81,6.0,7.0,nan,59.0,32.0,42.0,81.0
32,西屯,2018-01-12,49,6.0,3.0,nan,36.0,13.0,46.0,49.0
8,菜寮,2018-01-12,49,4.0,8.0,nan,40.0,33.0,33.0,49.0
34,線西,2018-01-12,68,7.0,5.0,nan,46.0,16.0,nan,68.0
72,埔里,2018-01-12,54,7.0,6.0,nan,26.0,30.0,39.0,54.0
35,二林,2018-01-12,58,9.0,3.0,nan,50.0,14.0,40.0,58.0
57,前鎮,2018-01-12,89,9.0,8.0,nan,62.0,42.0,nan,89.0
36,南投,2018-01-12,64,7.0,6.0,nan,43.0,30.0,33.0,64.0
16,大同,2018-01-12,62,7.0,11.0,nan,50.0,42.0,nan,62.0
37,斗六,2018-01-12,74,6.0,5.0,nan,42.0,34.0,40.0,74.0
58,小港,2018-01-12,85,19.0,7.0,nan,59.0,42.0,33.0,85.0
59,屏東,2018-01-12,84,13.0,6.0,nan,57.0,29.0,44.0,84.0
38,崙背,2018-01-12,75,9.0,3.0,nan,60.0,17.0,41.0,75.0
84,富貴角,2018-01-12,59,3.0,2.0,nan,48.0,5.0,45.0,59.0
7,新莊,2018-01-12,45,6.0,9.0,nan,38.0,45.0,39.0,45.0
60,潮州,2018-01-12,85,6.0,5.0,nan,73.0,26.0,58.0,85.0
75,馬祖,2018-01-12,81,6.0,3.0,nan,52.0,7.0,48.0,81.0
61,恆春,2018-01-12,47,3.0,2.0,nan,34.0,3.0,47.0,41.0
15,松山,2018-01-12,53,6.0,5.0,nan,37.0,29.0,36.0,53.0
39,新港,2018-01-12,67,6.0,5.0,nan,54.0,15.0,42.0,67.0
6,板橋,2018-01-12,62,4.0,6.0,nan,36.0,29.0,37.0,62.0
62,臺東,2018-01-12,46,3.0,3.0,nan,32.0,12.0,35.0,46.0
5,土城,2018-01-12,52,6.0,6.0,nan,39.0,28.0,39.0,52.0
40,朴子,2018-01-12,68,7.0,3.0,nan,68.0,17.0,44.0,59.0
14,古亭,2018-01-12,52,4.0,6.0,nan,36.0,31.0,34.0,52.0
41,臺西,2018-01-12,65,13.0,5.0,nan,56.0,21.0,nan,65.0
63,花蓮,2018-01-12,44,4.0,3.0,nan,37.0,16.0,41.0,44.0
64,陽明,2018-01-12,39,4.0,2.0,nan,18.0,4.0,39.0,37.0
42,嘉義,2018-01-12,72,7.0,7.0,nan,54.0,31.0,35.0,72.0
77,金門,2018-01-12,80,11.0,3.0,nan,59.0,13.0,49.0,80.0
65,宜蘭,2018-01-12,53,6.0,3.0,nan,41.0,15.0,42.0,53.0
43,新營,2018-01-12,63,7.0,5.0,nan,60.0,26.0,37.0,63.0
78,馬公,2018-01-12,48,4.0,3.0,nan,32.0,6.0,48.0,44.0
13,萬華,2018-01-12,47,6.0,6.0,nan,33.0,34.0,28.0,47.0
44,善化,2018-01-12,67,6.0,5.0,nan,50.0,20.0,37.0,67.0
66,冬山,2018-01-12,45,3.0,3.0,nan,45.0,20.0,39.0,41.0
4,新店,2018-01-12,58,6.0,6.0,nan,36.0,27.0,37.0,58.0
45,安南,2018-01-12,68,6.0,5.0,nan,54.0,24.0,44.0,68.0
67,三重,2018-01-12,55,10.0,19.0,nan,55.0,46.0,nan,42.0
46,臺南,2018-01-12,68,6.0,6.0,nan,58.0,22.0,36.0,68.0
12,中山,2018-01-12,52,4.0,8.0,nan,40.0,35.0,31.0,52.0
1,基隆,2018-01-12,44,4.0,3.0,nan,29.0,8.0,40.0,44.0
47,美濃,2018-01-12,72,3.0,5.0,nan,55.0,15.0,44.0,72.0
68,中壢,2018-01-12,62,9.0,9.0,nan,50.0,38.0,nan,62.0
48,橋頭,2018-01-12,81,7.0,6.0,nan,52.0,26.0,38.0,81.0
80,關山,2018-01-12,54,7.0,nan,nan,32.0,7.0,35.0,54.0
49,仁武,2018-01-12,71,11.0,6.0,nan,62.0,35.0,42.0,71.0
50,鳳山,2018-01-12,68,10.0,7.0,nan,66.0,42.0,nan,68.0
3,萬里,2018-01-12,66,4.0,3.0,nan,66.0,6.0,45.0,53.0
11,士林,2018-01-12,57,7.0,5.0,nan,31.0,33.0,43.0,57.0
38,崙背,2018-01-13,67,6.0,5.0,nan,44.0,18.0,43.0,67.0
1,基隆,2018-01-13,34,3.0,3.0,nan,13.0,27.0,34.0,21.0
33,彰化,2018-01-13,49,3.0,7.0,nan,32.0,27.0,32.0,49.0
2,汐止,2018-01-13,35,10.0,3.0,nan,16.0,28.0,35.0,27.0
3,萬里,2018-01-13,43,10.0,2.0,nan,35.0,8.0,43.0,23.0
10,淡水,2018-01-13,31,3.0,3.0,nan,17.0,15.0,31.0,17.0
4,新店,2018-01-13,33,3.0,3.0,nan,14.0,17.0,33.0,18.0
5,土城,2018-01-13,32,3.0,3.0,nan,19.0,15.0,32.0,15.0
6,板橋,2018-01-13,31,6.0,5.0,nan,18.0,21.0,31.0,28.0
7,新莊,2018-01-13,35,9.0,5.0,nan,19.0,35.0,33.0,13.0
8,菜寮,2018-01-13,31,9.0,6.0,nan,19.0,26.0,31.0,19.0
9,林口,2018-01-13,36,6.0,3.0,nan,22.0,21.0,36.0,15.0
11,士林,2018-01-13,38,6.0,2.0,nan,19.0,10.0,38.0,17.0
12,中山,2018-01-13,34,9.0,7.0,nan,19.0,34.0,26.0,26.0
13,萬華,2018-01-13,32,6.0,5.0,nan,19.0,28.0,25.0,32.0
14,古亭,2018-01-13,31,3.0,3.0,nan,16.0,20.0,31.0,19.0
15,松山,2018-01-13,29,4.0,5.0,nan,22.0,25.0,29.0,15.0
16,大同,2018-01-13,41,9.0,10.0,nan,37.0,38.0,nan,41.0
49,仁武,2018-01-13,110,9.0,7.0,nan,68.0,38.0,67.0,110.0
17,桃園,2018-01-13,31,26.0,3.0,nan,23.0,17.0,31.0,19.0
18,大園,2018-01-13,34,7.0,3.0,nan,30.0,25.0,34.0,22.0
19,觀音,2018-01-13,37,7.0,2.0,nan,32.0,23.0,32.0,37.0
20,平鎮,2018-01-13,31,6.0,5.0,nan,27.0,17.0,31.0,25.0
21,龍潭,2018-01-13,36,3.0,2.0,nan,19.0,8.0,36.0,18.0
22,湖口,2018-01-13,37,4.0,3.0,nan,22.0,16.0,37.0,21.0
23,竹東,2018-01-13,36,4.0,2.0,nan,15.0,14.0,35.0,36.0
24,新竹,2018-01-13,33,6.0,3.0,nan,20.0,19.0,33.0,17.0
25,頭份,2018-01-13,22,3.0,3.0,nan,20.0,22.0,nan,17.0
26,苗栗,2018-01-13,41,4.0,6.0,nan,26.0,26.0,33.0,41.0
27,三義,2018-01-13,39,3.0,3.0,nan,18.0,16.0,39.0,35.0
28,豐原,2018-01-13,40,4.0,3.0,nan,22.0,14.0,40.0,32.0
29,沙鹿,2018-01-13,37,6.0,3.0,nan,20.0,25.0,37.0,27.0
30,大里,2018-01-13,43,4.0,7.0,nan,38.0,35.0,36.0,43.0
31,忠明,2018-01-13,37,4.0,6.0,nan,22.0,34.0,37.0,37.0
32,西屯,2018-01-13,44,4.0,3.0,nan,26.0,28.0,44.0,32.0
34,線西,2018-01-13,50,14.0,5.0,nan,nan,17.0,nan,50.0
35,二林,2018-01-13,60,10.0,5.0,nan,40.0,16.0,35.0,60.0
36,南投,2018-01-13,67,6.0,6.0,nan,43.0,31.0,39.0,67.0
37,斗六,2018-01-13,82,6.0,6.0,nan,45.0,28.0,45.0,82.0
39,新港,2018-01-13,76,4.0,5.0,nan,46.0,21.0,44.0,76.0
40,朴子,2018-01-13,55,6.0,3.0,nan,48.0,16.0,46.0,55.0
41,臺西,2018-01-13,46,nan,6.0,nan,32.0,24.0,nan,46.0
42,嘉義,2018-01-13,89,9.0,7.0,nan,57.0,35.0,44.0,89.0
43,新營,2018-01-13,83,6.0,5.0,nan,57.0,28.0,44.0,83.0
44,善化,2018-01-13,90,7.0,5.0,nan,46.0,27.0,45.0,90.0
45,安南,2018-01-13,82,6.0,5.0,nan,nan,25.0,54.0,82.0
46,臺南,2018-01-13,84,6.0,6.0,nan,57.0,26.0,49.0,84.0
47,美濃,2018-01-13,73,3.0,5.0,nan,54.0,14.0,54.0,73.0
48,橋頭,2018-01-13,112,10.0,6.0,nan,61.0,40.0,51.0,112.0
50,鳳山,2018-01-13,104,20.0,8.0,nan,75.0,54.0,nan,104.0
51,大寮,2018-01-13,109,9.0,7.0,nan,57.0,40.0,64.0,109.0
52,林園,2018-01-13,92,16.0,6.0,nan,66.0,42.0,87.0,92.0
53,楠梓,2018-01-13,113,10.0,6.0,nan,74.0,33.0,51.0,113.0
54,左營,2018-01-13,108,10.0,7.0,nan,71.0,41.0,84.0,108.0
56,前金,2018-01-13,119,9.0,8.0,nan,67.0,31.0,67.0,119.0
57,前鎮,2018-01-13,112,16.0,9.0,nan,66.0,45.0,nan,112.0
58,小港,2018-01-13,106,19.0,9.0,nan,64.0,46.0,64.0,106.0
59,屏東,2018-01-13,104,10.0,6.0,nan,61.0,35.0,58.0,104.0
60,潮州,2018-01-13,81,11.0,5.0,nan,64.0,24.0,74.0,81.0
61,恆春,2018-01-13,44,3.0,2.0,nan,28.0,3.0,44.0,34.0
62,臺東,2018-01-13,42,1.0,3.0,nan,29.0,9.0,34.0,42.0
63,花蓮,2018-01-13,37,4.0,3.0,nan,21.0,20.0,37.0,26.0
64,陽明,2018-01-13,38,4.0,1.0,nan,7.0,2.0,38.0,11.0
65,宜蘭,2018-01-13,35,6.0,2.0,nan,24.0,11.0,35.0,32.0
66,冬山,2018-01-13,34,3.0,2.0,nan,23.0,17.0,34.0,23.0
67,三重,2018-01-13,37,9.0,16.0,nan,33.0,37.0,nan,20.0
68,中壢,2018-01-13,31,6.0,8.0,nan,31.0,27.0,nan,17.0
69,竹山,2018-01-13,77,4.0,5.0,nan,41.0,15.0,50.0,77.0
70,永和,2018-01-13,23,3.0,6.0,nan,15.0,23.0,nan,20.0
71,復興,2018-01-13,117,10.0,11.0,nan,68.0,43.0,nan,117.0
72,埔里,2018-01-13,57,4.0,6.0,nan,28.0,27.0,51.0,57.0
75,馬祖,2018-01-13,82,4.0,3.0,nan,47.0,8.0,46.0,82.0
77,金門,2018-01-13,69,10.0,3.0,nan,51.0,11.0,44.0,69.0
78,馬公,2018-01-13,41,3.0,1.0,nan,19.0,3.0,41.0,18.0
80,關山,2018-01-13,48,13.0,nan,nan,26.0,9.0,34.0,48.0
83,麥寮,2018-01-13,46,11.0,5.0,nan,42.0,18.0,nan,46.0
84,富貴角,2018-01-13,42,1.0,1.0,nan,29.0,2.0,42.0,29.0
1,基隆,2018-01-14,36,6.0,7.0,nan,10.0,26.0,36.0,20.0
2,汐止,2018-01-14,36,33.0,7.0,nan,13.0,31.0,36.0,36.0
3,萬里,2018-01-14,43,6.0,2.0,nan,15.0,7.0,43.0,20.0
4,新店,2018-01-14,36,10.0,6.0,nan,8.0,30.0,36.0,19.0
5,土城,2018-01-14,36,11.0,6.0,nan,12.0,29.0,36.0,19.0
6,板橋,2018-01-14,39,9.0,7.0,nan,14.0,39.0,34.0,26.0
7,新莊,2018-01-14,38,7.0,5.0,nan,13.0,34.0,38.0,11.0
8,菜寮,2018-01-14,34,10.0,6.0,nan,15.0,34.0,33.0,17.0
9,林口,2018-01-14,40,9.0,2.0,nan,16.0,16.0,40.0,13.0
10,淡水,2018-01-14,30,6.0,5.0,nan,15.0,25.0,30.0,20.0
11,士林,2018-01-14,39,13.0,2.0,nan,10.0,14.0,39.0,9.0
12,中山,2018-01-14,34,9.0,7.0,nan,15.0,34.0,29.0,20.0
13,萬華,2018-01-14,35,9.0,5.0,nan,12.0,35.0,28.0,18.0
14,古亭,2018-01-14,33,16.0,5.0,nan,12.0,27.0,33.0,15.0
15,松山,2018-01-14,33,20.0,5.0,nan,13.0,33.0,33.0,26.0
16,大同,2018-01-14,44,9.0,11.0,nan,30.0,44.0,nan,28.0
49,仁武,2018-01-14,87,30.0,8.0,nan,59.0,33.0,87.0,85.0
17,桃園,2018-01-14,33,13.0,5.0,nan,16.0,30.0,33.0,25.0
18,大園,2018-01-14,41,16.0,2.0,nan,31.0,29.0,41.0,22.0
19,觀音,2018-01-14,36,20.0,2.0,nan,29.0,20.0,36.0,31.0
20,平鎮,2018-01-14,36,4.0,6.0,nan,29.0,33.0,36.0,24.0
21,龍潭,2018-01-14,37,7.0,6.0,nan,21.0,31.0,37.0,28.0
22,湖口,2018-01-14,43,6.0,2.0,nan,21.0,23.0,43.0,17.0
23,竹東,2018-01-14,41,4.0,5.0,nan,20.0,23.0,39.0,41.0
24,新竹,2018-01-14,37,7.0,6.0,nan,16.0,33.0,37.0,24.0
25,頭份,2018-01-14,29,6.0,5.0,nan,23.0,29.0,nan,28.0
26,苗栗,2018-01-14,42,16.0,6.0,nan,29.0,33.0,35.0,42.0
27,三義,2018-01-14,58,4.0,3.0,nan,23.0,19.0,58.0,42.0
28,豐原,2018-01-14,46,6.0,3.0,nan,25.0,18.0,46.0,36.0
29,沙鹿,2018-01-14,44,6.0,7.0,nan,31.0,30.0,44.0,40.0
30,大里,2018-01-14,44,9.0,8.0,nan,34.0,26.0,44.0,37.0
31,忠明,2018-01-14,50,4.0,9.0,nan,25.0,41.0,44.0,50.0
32,西屯,2018-01-14,58,4.0,7.0,nan,27.0,28.0,58.0,51.0
34,線西,2018-01-14,66,14.0,7.0,nan,nan,25.0,nan,66.0
35,二林,2018-01-14,67,13.0,6.0,nan,33.0,23.0,39.0,67.0
36,南投,2018-01-14,59,3.0,5.0,nan,38.0,28.0,45.0,59.0
37,斗六,2018-01-14,68,4.0,5.0,nan,41.0,23.0,58.0,68.0
38,崙背,2018-01-14,75,7.0,6.0,nan,44.0,21.0,45.0,75.0
33,彰化,2018-01-14,52,7.0,6.0,nan,33.0,24.0,38.0,52.0
39,新港,2018-01-14,79,7.0,7.0,nan,55.0,23.0,49.0,79.0
40,朴子,2018-01-14,68,9.0,5.0,nan,54.0,21.0,51.0,68.0
41,臺西,2018-01-14,62,nan,5.0,nan,36.0,26.0,nan,62.0
42,嘉義,2018-01-14,75,7.0,7.0,nan,44.0,23.0,50.0,75.0
43,新營,2018-01-14,72,7.0,6.0,nan,57.0,22.0,49.0,72.0
44,善化,2018-01-14,83,9.0,5.0,nan,43.0,20.0,50.0,83.0
45,安南,2018-01-14,79,13.0,6.0,nan,nan,28.0,67.0,79.0
46,臺南,2018-01-14,91,6.0,6.0,nan,53.0,33.0,61.0,91.0
47,美濃,2018-01-14,71,6.0,3.0,nan,47.0,14.0,71.0,65.0
48,橋頭,2018-01-14,92,7.0,5.0,nan,53.0,21.0,77.0,92.0
50,鳳山,2018-01-14,83,9.0,6.0,nan,64.0,32.0,nan,83.0
51,大寮,2018-01-14,90,9.0,5.0,nan,46.0,25.0,90.0,89.0
52,林園,2018-01-14,86,14.0,5.0,nan,57.0,27.0,80.0,86.0
53,楠梓,2018-01-14,106,7.0,6.0,nan,66.0,25.0,87.0,106.0
54,左營,2018-01-14,93,9.0,6.0,nan,58.0,27.0,93.0,91.0
56,前金,2018-01-14,77,9.0,6.0,nan,57.0,23.0,77.0,74.0
57,前鎮,2018-01-14,100,11.0,8.0,nan,63.0,45.0,nan,100.0
58,小港,2018-01-14,84,10.0,6.0,nan,49.0,39.0,80.0,84.0
59,屏東,2018-01-14,77,7.0,6.0,nan,46.0,30.0,77.0,nan
60,潮州,2018-01-14,97,7.0,5.0,nan,57.0,23.0,97.0,92.0
61,恆春,2018-01-14,46,1.0,1.0,nan,20.0,2.0,46.0,24.0
62,臺東,2018-01-14,37,3.0,2.0,nan,16.0,9.0,37.0,29.0
63,花蓮,2018-01-14,39,7.0,3.0,nan,15.0,13.0,39.0,22.0
64,陽明,2018-01-14,39,24.0,1.0,nan,6.0,12.0,39.0,10.0
65,宜蘭,2018-01-14,43,7.0,2.0,nan,21.0,15.0,43.0,22.0
66,冬山,2018-01-14,38,3.0,3.0,nan,22.0,20.0,38.0,17.0
67,三重,2018-01-14,45,9.0,17.0,nan,30.0,45.0,nan,19.0
68,中壢,2018-01-14,41,7.0,11.0,nan,31.0,41.0,nan,15.0
69,竹山,2018-01-14,74,3.0,5.0,nan,39.0,23.0,71.0,74.0
70,永和,2018-01-14,26,16.0,6.0,nan,10.0,26.0,nan,15.0
71,復興,2018-01-14,99,11.0,9.0,nan,64.0,48.0,nan,99.0
72,埔里,2018-01-14,63,6.0,6.0,nan,29.0,30.0,54.0,63.0
75,馬祖,2018-01-14,45,6.0,2.0,nan,22.0,8.0,36.0,45.0
77,金門,2018-01-14,52,11.0,3.0,nan,40.0,18.0,43.0,52.0
78,馬公,2018-01-14,42,3.0,2.0,nan,23.0,6.0,42.0,32.0
80,關山,2018-01-14,35,23.0,nan,nan,17.0,8.0,33.0,35.0
83,麥寮,2018-01-14,62,7.0,5.0,nan,49.0,23.0,nan,62.0
84,富貴角,2018-01-14,44,3.0,1.0,nan,44.0,5.0,43.0,33.0
12,中山,2018-01-15,42,9.0,9.0,nan,16.0,42.0,27.0,28.0
84,富貴角,2018-01-15,41,13.0,1.0,nan,36.0,11.0,41.0,36.0
83,麥寮,2018-01-15,66,4.0,3.0,nan,54.0,17.0,nan,66.0
80,關山,2018-01-15,34,24.0,nan,nan,18.0,10.0,34.0,32.0
78,馬公,2018-01-15,40,3.0,2.0,nan,25.0,6.0,40.0,38.0
77,金門,2018-01-15,88,13.0,6.0,nan,66.0,40.0,42.0,88.0
75,馬祖,2018-01-15,52,4.0,2.0,nan,30.0,12.0,43.0,52.0
72,埔里,2018-01-15,61,7.0,8.0,nan,31.0,42.0,54.0,61.0
71,復興,2018-01-15,119,11.0,15.0,nan,71.0,49.0,nan,119.0
70,永和,2018-01-15,37,4.0,14.0,nan,17.0,37.0,nan,24.0
69,竹山,2018-01-15,73,4.0,5.0,nan,42.0,26.0,67.0,73.0
68,中壢,2018-01-15,45,11.0,22.0,nan,42.0,45.0,nan,35.0
67,三重,2018-01-15,45,10.0,20.0,nan,31.0,45.0,nan,23.0
66,冬山,2018-01-15,33,4.0,3.0,nan,28.0,17.0,33.0,31.0
65,宜蘭,2018-01-15,42,6.0,5.0,nan,27.0,17.0,42.0,33.0
64,陽明,2018-01-15,39,4.0,1.0,nan,7.0,3.0,39.0,14.0
63,花蓮,2018-01-15,36,7.0,6.0,nan,22.0,28.0,36.0,27.0
62,臺東,2018-01-15,31,3.0,5.0,nan,20.0,21.0,31.0,27.0
61,恆春,2018-01-15,44,4.0,1.0,nan,22.0,3.0,44.0,28.0
60,潮州,2018-01-15,122,10.0,5.0,nan,56.0,24.0,122.0,87.0
59,屏東,2018-01-15,65,9.0,10.0,nan,58.0,65.0,61.0,nan
58,小港,2018-01-15,121,23.0,10.0,nan,72.0,64.0,36.0,121.0
57,前鎮,2018-01-15,118,20.0,10.0,nan,72.0,48.0,nan,118.0
56,前金,2018-01-15,111,6.0,6.0,nan,64.0,35.0,51.0,111.0
54,左營,2018-01-15,104,10.0,6.0,nan,70.0,33.0,50.0,104.0
53,楠梓,2018-01-15,108,6.0,7.0,nan,73.0,40.0,48.0,108.0
52,林園,2018-01-15,108,17.0,6.0,nan,68.0,48.0,90.0,108.0
51,大寮,2018-01-15,104,14.0,7.0,nan,62.0,58.0,71.0,104.0
50,鳳山,2018-01-15,80,11.0,9.0,nan,74.0,55.0,nan,80.0
48,橋頭,2018-01-15,104,7.0,6.0,nan,62.0,34.0,45.0,104.0
47,美濃,2018-01-15,67,3.0,5.0,nan,47.0,18.0,67.0,65.0
46,臺南,2018-01-15,88,6.0,7.0,nan,59.0,23.0,43.0,88.0
45,安南,2018-01-15,85,10.0,5.0,nan,nan,24.0,44.0,85.0
44,善化,2018-01-15,78,7.0,3.0,nan,46.0,18.0,41.0,78.0
43,新營,2018-01-15,74,7.0,5.0,nan,62.0,23.0,39.0,74.0
42,嘉義,2018-01-15,78,9.0,7.0,nan,57.0,29.0,40.0,78.0
41,臺西,2018-01-15,65,3.0,3.0,nan,40.0,16.0,nan,65.0
40,朴子,2018-01-15,60,4.0,3.0,nan,54.0,12.0,44.0,60.0
39,新港,2018-01-15,68,4.0,5.0,nan,54.0,18.0,40.0,68.0
38,崙背,2018-01-15,73,9.0,5.0,nan,47.0,17.0,37.0,73.0
37,斗六,2018-01-15,59,6.0,5.0,nan,45.0,23.0,46.0,59.0
36,南投,2018-01-15,66,4.0,6.0,nan,44.0,32.0,38.0,66.0
35,二林,2018-01-15,79,10.0,5.0,nan,36.0,17.0,31.0,79.0
34,線西,2018-01-15,67,13.0,6.0,nan,42.0,28.0,nan,67.0
32,西屯,2018-01-15,46,6.0,7.0,nan,37.0,31.0,42.0,46.0
31,忠明,2018-01-15,49,4.0,10.0,nan,31.0,40.0,35.0,49.0
30,大里,2018-01-15,49,9.0,9.0,nan,43.0,49.0,38.0,42.0
29,沙鹿,2018-01-15,43,7.0,5.0,nan,35.0,25.0,37.0,43.0
28,豐原,2018-01-15,49,10.0,6.0,nan,38.0,25.0,35.0,49.0
27,三義,2018-01-15,45,6.0,2.0,nan,24.0,16.0,41.0,45.0
26,苗栗,2018-01-15,42,9.0,6.0,nan,36.0,21.0,29.0,42.0
25,頭份,2018-01-15,34,9.0,6.0,nan,31.0,23.0,nan,34.0
24,新竹,2018-01-15,44,6.0,6.0,nan,28.0,32.0,30.0,44.0
23,竹東,2018-01-15,51,6.0,6.0,nan,24.0,30.0,36.0,51.0
22,湖口,2018-01-15,43,10.0,6.0,nan,32.0,31.0,38.0,43.0
21,龍潭,2018-01-15,44,7.0,6.0,nan,31.0,38.0,35.0,44.0
20,平鎮,2018-01-15,43,13.0,10.0,nan,34.0,43.0,25.0,34.0
19,觀音,2018-01-15,59,14.0,5.0,nan,51.0,43.0,31.0,59.0
18,大園,2018-01-15,42,16.0,6.0,nan,35.0,42.0,36.0,nan
17,桃園,2018-01-15,41,26.0,10.0,nan,27.0,41.0,29.0,31.0
49,仁武,2018-01-15,98,9.0,6.0,nan,66.0,42.0,50.0,98.0
16,大同,2018-01-15,44,7.0,18.0,nan,36.0,44.0,nan,25.0
15,松山,2018-01-15,39,7.0,7.0,nan,17.0,39.0,29.0,23.0
14,古亭,2018-01-15,38,4.0,7.0,nan,16.0,38.0,30.0,21.0
13,萬華,2018-01-15,42,9.0,8.0,nan,17.0,42.0,19.0,19.0
11,士林,2018-01-15,37,9.0,7.0,nan,19.0,37.0,33.0,19.0
10,淡水,2018-01-15,33,7.0,6.0,nan,19.0,33.0,30.0,22.0
9,林口,2018-01-15,37,9.0,5.0,nan,24.0,37.0,33.0,23.0
8,菜寮,2018-01-15,38,7.0,9.0,nan,19.0,38.0,30.0,29.0
7,新莊,2018-01-15,44,19.0,11.0,nan,23.0,44.0,31.0,27.0
6,板橋,2018-01-15,47,10.0,11.0,nan,23.0,47.0,13.0,40.0
5,土城,2018-01-15,38,9.0,9.0,nan,21.0,38.0,32.0,30.0
4,新店,2018-01-15,36,4.0,7.0,nan,14.0,36.0,36.0,20.0
3,萬里,2018-01-15,42,3.0,2.0,nan,12.0,9.0,42.0,23.0
2,汐止,2018-01-15,40,7.0,9.0,nan,20.0,35.0,34.0,40.0
33,彰化,2018-01-15,48,6.0,6.0,nan,35.0,27.0,31.0,48.0
1,基隆,2018-01-15,35,4.0,10.0,nan,14.0,33.0,35.0,25.0
83,麥寮,2018-01-16,90,7.0,5.0,nan,62.0,28.0,nan,90.0
1,基隆,2018-01-16,49,16.0,8.0,nan,24.0,33.0,29.0,49.0
80,關山,2018-01-16,34,19.0,nan,nan,19.0,10.0,29.0,34.0
78,馬公,2018-01-16,41,9.0,3.0,nan,19.0,21.0,38.0,41.0
77,金門,2018-01-16,117,11.0,7.0,nan,68.0,35.0,37.0,117.0
75,馬祖,2018-01-16,64,9.0,7.0,nan,37.0,25.0,27.0,64.0
72,埔里,2018-01-16,66,10.0,9.0,nan,33.0,48.0,48.0,66.0
71,復興,2018-01-16,137,10.0,12.0,nan,71.0,43.0,nan,137.0
70,永和,2018-01-16,76,9.0,20.0,nan,39.0,63.0,nan,76.0
69,竹山,2018-01-16,84,7.0,7.0,nan,43.0,36.0,46.0,84.0
68,中壢,2018-01-16,83,13.0,24.0,nan,65.0,56.0,nan,83.0
67,三重,2018-01-16,65,14.0,24.0,nan,53.0,65.0,nan,64.0
66,冬山,2018-01-16,41,10.0,6.0,nan,38.0,27.0,33.0,41.0
65,宜蘭,2018-01-16,45,9.0,7.0,nan,36.0,24.0,36.0,45.0
64,陽明,2018-01-16,44,6.0,2.0,nan,10.0,10.0,44.0,24.0
63,花蓮,2018-01-16,31,6.0,6.0,nan,25.0,24.0,31.0,31.0
62,臺東,2018-01-16,28,3.0,3.0,nan,20.0,15.0,28.0,27.0
61,恆春,2018-01-16,38,4.0,1.0,nan,20.0,2.0,38.0,25.0
60,潮州,2018-01-16,97,6.0,5.0,nan,59.0,21.0,90.0,97.0
59,屏東,2018-01-16,68,4.0,9.0,nan,46.0,42.0,51.0,68.0
58,小港,2018-01-16,120,11.0,9.0,nan,66.0,54.0,37.0,120.0
57,前鎮,2018-01-16,132,6.0,9.0,nan,73.0,40.0,nan,132.0
56,前金,2018-01-16,124,7.0,7.0,nan,68.0,36.0,46.0,124.0
54,左營,2018-01-16,131,7.0,7.0,nan,73.0,40.0,44.0,131.0
53,楠梓,2018-01-16,118,7.0,6.0,nan,66.0,31.0,46.0,118.0
52,林園,2018-01-16,93,19.0,6.0,nan,68.0,45.0,61.0,93.0
51,大寮,2018-01-16,109,7.0,6.0,nan,59.0,43.0,47.0,109.0
50,鳳山,2018-01-16,87,11.0,9.0,nan,72.0,50.0,nan,87.0
48,橋頭,2018-01-16,117,7.0,6.0,nan,63.0,36.0,42.0,117.0
47,美濃,2018-01-16,68,4.0,5.0,nan,47.0,23.0,51.0,68.0
46,臺南,2018-01-16,121,6.0,8.0,nan,71.0,34.0,35.0,121.0
45,安南,2018-01-16,130,7.0,6.0,nan,73.0,31.0,37.0,130.0
44,善化,2018-01-16,120,9.0,5.0,nan,65.0,33.0,35.0,120.0
43,新營,2018-01-16,118,6.0,6.0,nan,77.0,36.0,29.0,118.0
42,嘉義,2018-01-16,124,11.0,9.0,nan,66.0,40.0,33.0,124.0
41,臺西,2018-01-16,85,7.0,5.0,nan,47.0,28.0,nan,85.0
40,朴子,2018-01-16,107,7.0,5.0,nan,73.0,23.0,35.0,107.0
39,新港,2018-01-16,114,7.0,5.0,nan,73.0,27.0,32.0,114.0
38,崙背,2018-01-16,131,7.0,5.0,nan,65.0,28.0,30.0,131.0
2,汐止,2018-01-16,78,11.0,9.0,nan,38.0,40.0,32.0,78.0
37,斗六,2018-01-16,102,9.0,7.0,nan,55.0,50.0,38.0,102.0
36,南投,2018-01-16,73,10.0,8.0,nan,47.0,44.0,30.0,73.0
35,二林,2018-01-16,58,13.0,6.0,nan,58.0,27.0,26.0,nan
34,線西,2018-01-16,95,11.0,6.0,nan,55.0,41.0,nan,95.0
32,西屯,2018-01-16,84,9.0,10.0,nan,53.0,43.0,31.0,84.0
31,忠明,2018-01-16,75,9.0,15.0,nan,46.0,47.0,26.0,75.0
30,大里,2018-01-16,71,9.0,11.0,nan,67.0,47.0,19.0,71.0
29,沙鹿,2018-01-16,90,10.0,10.0,nan,57.0,46.0,26.0,90.0
28,豐原,2018-01-16,51,9.0,6.0,nan,35.0,39.0,30.0,51.0
33,彰化,2018-01-16,99,16.0,14.0,nan,59.0,42.0,15.0,99.0
27,三義,2018-01-16,53,4.0,3.0,nan,29.0,21.0,39.0,53.0
26,苗栗,2018-01-16,74,10.0,7.0,nan,49.0,36.0,18.0,74.0
25,頭份,2018-01-16,68,16.0,7.0,nan,49.0,43.0,nan,68.0
24,新竹,2018-01-16,75,9.0,17.0,nan,52.0,44.0,19.0,75.0
23,竹東,2018-01-16,67,9.0,7.0,nan,35.0,42.0,14.0,67.0
22,湖口,2018-01-16,71,10.0,6.0,nan,57.0,35.0,30.0,71.0
21,龍潭,2018-01-16,91,10.0,8.0,nan,54.0,49.0,31.0,91.0
20,平鎮,2018-01-16,86,11.0,11.0,nan,58.0,52.0,22.0,86.0
19,觀音,2018-01-16,103,24.0,8.0,nan,62.0,46.0,28.0,103.0
18,大園,2018-01-16,57,14.0,8.0,nan,57.0,51.0,22.0,nan
17,桃園,2018-01-16,88,24.0,16.0,nan,59.0,47.0,19.0,88.0
49,仁武,2018-01-16,96,10.0,7.0,nan,66.0,40.0,43.0,96.0
16,大同,2018-01-16,71,13.0,34.0,nan,52.0,63.0,nan,71.0
15,松山,2018-01-16,62,10.0,15.0,nan,42.0,48.0,31.0,62.0
14,古亭,2018-01-16,55,9.0,14.0,nan,38.0,55.0,38.0,53.0
13,萬華,2018-01-16,63,16.0,14.0,nan,34.0,56.0,30.0,63.0
84,富貴角,2018-01-16,72,6.0,3.0,nan,39.0,33.0,37.0,72.0
12,中山,2018-01-16,61,16.0,16.0,nan,44.0,53.0,30.0,61.0
11,士林,2018-01-16,55,9.0,10.0,nan,38.0,44.0,28.0,55.0
10,淡水,2018-01-16,66,9.0,10.0,nan,43.0,41.0,23.0,66.0
9,林口,2018-01-16,77,16.0,14.0,nan,59.0,56.0,26.0,77.0
8,菜寮,2018-01-16,70,13.0,14.0,nan,43.0,50.0,30.0,70.0
7,新莊,2018-01-16,78,20.0,19.0,nan,55.0,54.0,35.0,78.0
6,板橋,2018-01-16,82,13.0,22.0,nan,51.0,56.0,36.0,82.0
5,土城,2018-01-16,78,10.0,15.0,nan,47.0,50.0,31.0,78.0
4,新店,2018-01-16,65,9.0,10.0,nan,31.0,56.0,44.0,65.0
3,萬里,2018-01-16,45,6.0,3.0,nan,29.0,17.0,37.0,45.0
47,美濃,2018-01-17,58,3.0,6.0,nan,43.0,30.0,31.0,58.0
1,基隆,2018-01-17,60,16.0,6.0,nan,30.0,32.0,47.0,60.0
33,彰化,2018-01-17,103,11.0,8.0,nan,58.0,34.0,33.0,103.0
2,汐止,2018-01-17,82,11.0,11.0,nan,39.0,28.0,42.0,82.0
3,萬里,2018-01-17,63,11.0,3.0,nan,44.0,24.0,58.0,63.0
4,新店,2018-01-17,60,4.0,6.0,nan,28.0,26.0,42.0,60.0
5,土城,2018-01-17,84,10.0,10.0,nan,49.0,38.0,40.0,84.0
6,板橋,2018-01-17,79,16.0,9.0,nan,46.0,42.0,37.0,79.0
7,新莊,2018-01-17,68,11.0,10.0,nan,43.0,40.0,42.0,68.0
8,菜寮,2018-01-17,72,9.0,7.0,nan,42.0,36.0,38.0,72.0
9,林口,2018-01-17,73,10.0,5.0,nan,52.0,51.0,42.0,73.0
10,淡水,2018-01-17,65,7.0,5.0,nan,38.0,37.0,33.0,65.0
11,士林,2018-01-17,63,10.0,6.0,nan,32.0,36.0,44.0,63.0
12,中山,2018-01-17,73,11.0,9.0,nan,45.0,42.0,31.0,73.0
13,萬華,2018-01-17,67,13.0,8.0,nan,36.0,34.0,30.0,67.0
14,古亭,2018-01-17,55,10.0,7.0,nan,34.0,31.0,37.0,55.0
15,松山,2018-01-17,62,13.0,10.0,nan,35.0,38.0,35.0,62.0
16,大同,2018-01-17,74,13.0,22.0,nan,54.0,46.0,nan,74.0
49,仁武,2018-01-17,96,10.0,7.0,nan,62.0,41.0,33.0,96.0
17,桃園,2018-01-17,83,27.0,7.0,nan,52.0,42.0,35.0,83.0
18,大園,2018-01-17,79,9.0,3.0,nan,51.0,37.0,46.0,79.0
19,觀音,2018-01-17,97,97.0,3.0,nan,56.0,37.0,44.0,94.0
20,平鎮,2018-01-17,85,9.0,7.0,nan,54.0,34.0,37.0,85.0
21,龍潭,2018-01-17,92,10.0,6.0,nan,47.0,33.0,40.0,92.0
22,湖口,2018-01-17,77,10.0,5.0,nan,57.0,24.0,47.0,77.0
23,竹東,2018-01-17,74,9.0,6.0,nan,34.0,25.0,37.0,74.0
24,新竹,2018-01-17,81,10.0,6.0,nan,50.0,28.0,40.0,81.0
25,頭份,2018-01-17,91,10.0,6.0,nan,54.0,39.0,nan,91.0
26,苗栗,2018-01-17,98,9.0,7.0,nan,61.0,34.0,39.0,98.0
27,三義,2018-01-17,85,4.0,5.0,nan,41.0,22.0,46.0,85.0
28,豐原,2018-01-17,69,13.0,9.0,nan,41.0,42.0,33.0,69.0
29,沙鹿,2018-01-17,95,6.0,7.0,nan,61.0,42.0,45.0,95.0
30,大里,2018-01-17,84,6.0,12.0,nan,67.0,50.0,35.0,84.0
31,忠明,2018-01-17,100,6.0,9.0,nan,52.0,50.0,34.0,100.0
32,西屯,2018-01-17,98,7.0,7.0,nan,62.0,39.0,40.0,98.0
66,冬山,2018-01-17,56,10.0,6.0,nan,41.0,28.0,37.0,56.0
34,線西,2018-01-17,104,13.0,7.0,nan,64.0,32.0,nan,104.0
35,二林,2018-01-17,128,11.0,8.0,nan,66.0,25.0,39.0,128.0
36,南投,2018-01-17,96,9.0,8.0,nan,56.0,47.0,26.0,96.0
37,斗六,2018-01-17,95,7.0,7.0,nan,58.0,29.0,37.0,95.0
38,崙背,2018-01-17,149,10.0,7.0,nan,75.0,27.0,43.0,149.0
39,新港,2018-01-17,132,9.0,6.0,nan,80.0,27.0,38.0,132.0
40,朴子,2018-01-17,124,9.0,6.0,nan,77.0,25.0,44.0,124.0
41,臺西,2018-01-17,113,10.0,5.0,nan,56.0,25.0,nan,113.0
42,嘉義,2018-01-17,136,14.0,9.0,nan,74.0,34.0,32.0,136.0
43,新營,2018-01-17,140,7.0,7.0,nan,83.0,32.0,32.0,140.0
44,善化,2018-01-17,144,10.0,6.0,nan,68.0,31.0,31.0,144.0
45,安南,2018-01-17,150,9.0,7.0,nan,80.0,31.0,33.0,150.0
46,臺南,2018-01-17,146,7.0,8.0,nan,77.0,37.0,32.0,146.0
48,橋頭,2018-01-17,113,10.0,7.0,nan,60.0,36.0,34.0,113.0
50,鳳山,2018-01-17,104,9.0,10.0,nan,62.0,40.0,nan,104.0
51,大寮,2018-01-17,101,11.0,8.0,nan,56.0,47.0,32.0,101.0
52,林園,2018-01-17,88,11.0,7.0,nan,64.0,41.0,38.0,88.0
53,楠梓,2018-01-17,105,7.0,8.0,nan,62.0,39.0,31.0,105.0
54,左營,2018-01-17,104,16.0,7.0,nan,64.0,40.0,47.0,104.0
56,前金,2018-01-17,114,7.0,7.0,nan,61.0,32.0,45.0,114.0
57,前鎮,2018-01-17,115,26.0,10.0,nan,65.0,47.0,nan,115.0
58,小港,2018-01-17,106,39.0,9.0,nan,62.0,62.0,28.0,106.0
59,屏東,2018-01-17,92,13.0,9.0,nan,54.0,39.0,37.0,92.0
60,潮州,2018-01-17,66,19.0,6.0,nan,44.0,33.0,31.0,66.0
61,恆春,2018-01-17,40,3.0,1.0,nan,19.0,4.0,40.0,27.0
62,臺東,2018-01-17,30,1.0,3.0,nan,19.0,11.0,30.0,30.0
63,花蓮,2018-01-17,55,7.0,5.0,nan,31.0,23.0,21.0,55.0
64,陽明,2018-01-17,50,3.0,2.0,nan,10.0,6.0,50.0,25.0
65,宜蘭,2018-01-17,59,4.0,6.0,nan,41.0,25.0,50.0,59.0
67,三重,2018-01-17,68,11.0,18.0,nan,57.0,52.0,nan,68.0
68,中壢,2018-01-17,77,9.0,11.0,nan,59.0,50.0,nan,77.0
69,竹山,2018-01-17,111,7.0,6.0,nan,59.0,31.0,38.0,111.0
70,永和,2018-01-17,65,13.0,15.0,nan,33.0,30.0,nan,65.0
71,復興,2018-01-17,113,20.0,14.0,nan,62.0,48.0,nan,113.0
72,埔里,2018-01-17,66,9.0,8.0,nan,31.0,36.0,44.0,66.0
75,馬祖,2018-01-17,145,6.0,8.0,nan,80.0,36.0,51.0,145.0
77,金門,2018-01-17,154,24.0,7.0,nan,95.0,38.0,49.0,154.0
78,馬公,2018-01-17,66,4.0,5.0,nan,35.0,15.0,48.0,66.0
80,關山,2018-01-17,34,3.0,nan,nan,18.0,8.0,25.0,34.0
83,麥寮,2018-01-17,119,9.0,5.0,nan,74.0,30.0,nan,119.0
84,富貴角,2018-01-17,74,3.0,2.0,nan,43.0,8.0,67.0,74.0
83,麥寮,2018-01-18,71,3.0,3.0,nan,59.0,8.0,nan,71.0
30,大里,2018-01-18,81,6.0,9.0,nan,68.0,34.0,34.0,81.0
80,關山,2018-01-18,31,10.0,nan,nan,16.0,9.0,19.0,31.0
78,馬公,2018-01-18,63,3.0,3.0,nan,37.0,5.0,46.0,63.0
77,金門,2018-01-18,128,9.0,5.0,nan,71.0,19.0,48.0,128.0
75,馬祖,2018-01-18,110,6.0,6.0,nan,61.0,12.0,64.0,110.0
72,埔里,2018-01-18,76,7.0,8.0,nan,38.0,37.0,48.0,76.0
71,復興,2018-01-18,165,20.0,16.0,nan,103.0,56.0,nan,165.0
70,永和,2018-01-18,39,13.0,7.0,nan,19.0,24.0,nan,39.0
69,竹山,2018-01-18,131,7.0,5.0,nan,67.0,24.0,41.0,131.0
68,中壢,2018-01-18,39,7.0,10.0,nan,29.0,39.0,nan,25.0
67,三重,2018-01-18,45,23.0,16.0,nan,31.0,45.0,nan,26.0
65,宜蘭,2018-01-18,39,3.0,5.0,nan,22.0,16.0,34.0,39.0
64,陽明,2018-01-18,46,3.0,2.0,nan,nan,2.0,46.0,4.0
63,花蓮,2018-01-18,39,4.0,5.0,nan,24.0,17.0,39.0,32.0
62,臺東,2018-01-18,28,3.0,5.0,nan,20.0,11.0,26.0,28.0
1,基隆,2018-01-18,40,13.0,3.0,nan,18.0,35.0,37.0,40.0
61,恆春,2018-01-18,38,3.0,1.0,nan,19.0,3.0,38.0,25.0
84,富貴角,2018-01-18,46,1.0,2.0,nan,31.0,5.0,46.0,46.0
60,潮州,2018-01-18,153,11.0,6.0,nan,87.0,25.0,101.0,153.0
33,彰化,2018-01-18,72,6.0,5.0,nan,62.0,20.0,32.0,72.0
2,汐止,2018-01-18,52,13.0,3.0,nan,17.0,27.0,41.0,52.0
59,屏東,2018-01-18,155,13.0,9.0,nan,89.0,42.0,93.0,155.0
3,萬里,2018-01-18,46,4.0,3.0,nan,32.0,14.0,44.0,46.0
58,小港,2018-01-18,162,46.0,11.0,nan,103.0,57.0,46.0,162.0
4,新店,2018-01-18,35,9.0,6.0,nan,12.0,25.0,35.0,27.0
57,前鎮,2018-01-18,166,23.0,11.0,nan,99.0,46.0,nan,166.0
5,土城,2018-01-18,38,10.0,6.0,nan,18.0,25.0,37.0,38.0
56,前金,2018-01-18,165,9.0,11.0,nan,100.0,33.0,61.0,165.0
6,板橋,2018-01-18,41,10.0,6.0,nan,20.0,28.0,35.0,41.0
54,左營,2018-01-18,160,11.0,10.0,nan,103.0,54.0,44.0,160.0
7,新莊,2018-01-18,37,10.0,7.0,nan,19.0,30.0,37.0,33.0
53,楠梓,2018-01-18,167,7.0,9.0,nan,107.0,36.0,48.0,167.0
52,林園,2018-01-18,130,16.0,8.0,nan,92.0,36.0,108.0,130.0
51,大寮,2018-01-18,154,23.0,8.0,nan,85.0,50.0,97.0,154.0
8,菜寮,2018-01-18,36,21.0,7.0,nan,21.0,25.0,31.0,36.0
50,鳳山,2018-01-18,164,14.0,12.0,nan,104.0,54.0,nan,164.0
48,橋頭,2018-01-18,157,11.0,9.0,nan,96.0,32.0,40.0,157.0
9,林口,2018-01-18,46,16.0,5.0,nan,31.0,28.0,36.0,46.0
10,淡水,2018-01-18,30,4.0,5.0,nan,17.0,12.0,30.0,30.0
47,美濃,2018-01-18,118,6.0,6.0,nan,70.0,18.0,50.0,118.0
11,士林,2018-01-18,42,7.0,3.0,nan,9.0,9.0,42.0,23.0
46,臺南,2018-01-18,139,6.0,8.0,nan,79.0,25.0,39.0,139.0
12,中山,2018-01-18,37,21.0,8.0,nan,25.0,37.0,24.0,32.0
13,萬華,2018-01-18,38,14.0,6.0,nan,19.0,34.0,32.0,38.0
45,安南,2018-01-18,132,4.0,6.0,nan,82.0,22.0,42.0,132.0
14,古亭,2018-01-18,32,14.0,5.0,nan,19.0,27.0,32.0,32.0
44,善化,2018-01-18,146,11.0,7.0,nan,72.0,21.0,36.0,146.0
15,松山,2018-01-18,62,14.0,6.0,nan,19.0,62.0,28.0,28.0
16,大同,2018-01-18,48,21.0,18.0,nan,33.0,45.0,nan,48.0
43,新營,2018-01-18,124,4.0,6.0,nan,85.0,22.0,34.0,124.0
49,仁武,2018-01-18,164,9.0,10.0,nan,106.0,44.0,54.0,164.0
42,嘉義,2018-01-18,151,16.0,8.0,nan,90.0,34.0,33.0,151.0
17,桃園,2018-01-18,31,17.0,6.0,nan,21.0,24.0,31.0,28.0
41,臺西,2018-01-18,67,6.0,2.0,nan,45.0,7.0,nan,67.0
18,大園,2018-01-18,43,11.0,2.0,nan,31.0,25.0,43.0,42.0
40,朴子,2018-01-18,79,4.0,3.0,nan,69.0,10.0,44.0,79.0
19,觀音,2018-01-18,62,24.0,3.0,nan,44.0,21.0,41.0,62.0
39,新港,2018-01-18,95,7.0,6.0,nan,71.0,20.0,39.0,95.0
20,平鎮,2018-01-18,39,6.0,6.0,nan,26.0,27.0,32.0,39.0
38,崙背,2018-01-18,103,10.0,5.0,nan,64.0,22.0,39.0,103.0
37,斗六,2018-01-18,114,9.0,6.0,nan,73.0,27.0,39.0,114.0
21,龍潭,2018-01-18,35,9.0,5.0,nan,20.0,20.0,35.0,31.0
22,湖口,2018-01-18,50,6.0,3.0,nan,34.0,16.0,41.0,50.0
36,南投,2018-01-18,121,7.0,8.0,nan,70.0,44.0,27.0,121.0
23,竹東,2018-01-18,59,4.0,5.0,nan,23.0,28.0,29.0,59.0
35,二林,2018-01-18,79,13.0,6.0,nan,56.0,18.0,35.0,79.0
24,新竹,2018-01-18,57,9.0,6.0,nan,34.0,23.0,35.0,57.0
34,線西,2018-01-18,85,11.0,7.0,nan,59.0,18.0,nan,85.0
25,頭份,2018-01-18,66,7.0,6.0,nan,44.0,31.0,nan,66.0
26,苗栗,2018-01-18,79,9.0,6.0,nan,55.0,25.0,31.0,79.0
27,三義,2018-01-18,70,3.0,3.0,nan,37.0,13.0,32.0,70.0
66,冬山,2018-01-18,29,3.0,3.0,nan,13.0,24.0,28.0,29.0
32,西屯,2018-01-18,94,7.0,6.0,nan,59.0,28.0,37.0,94.0
28,豐原,2018-01-18,63,7.0,6.0,nan,41.0,31.0,25.0,63.0
29,沙鹿,2018-01-18,79,7.0,3.0,nan,60.0,18.0,42.0,79.0
31,忠明,2018-01-18,93,6.0,7.0,nan,59.0,40.0,31.0,93.0
83,麥寮,2018-01-19,62,6.0,3.0,nan,45.0,13.0,nan,62.0
84,富貴角,2018-01-19,55,1.0,3.0,nan,37.0,4.0,50.0,55.0
1,基隆,2018-01-19,45,16.0,7.0,nan,18.0,35.0,41.0,45.0
33,彰化,2018-01-19,54,7.0,8.0,nan,36.0,35.0,27.0,54.0
2,汐止,2018-01-19,59,11.0,7.0,nan,21.0,37.0,41.0,59.0
3,萬里,2018-01-19,51,4.0,5.0,nan,29.0,20.0,51.0,49.0
4,新店,2018-01-19,39,10.0,7.0,nan,14.0,34.0,39.0,37.0
5,土城,2018-01-19,42,9.0,8.0,nan,19.0,31.0,38.0,42.0
6,板橋,2018-01-19,46,9.0,7.0,nan,23.0,31.0,35.0,46.0
7,新莊,2018-01-19,42,11.0,7.0,nan,20.0,42.0,38.0,38.0
8,菜寮,2018-01-19,43,9.0,8.0,nan,24.0,37.0,31.0,43.0
9,林口,2018-01-19,49,10.0,6.0,nan,30.0,37.0,44.0,49.0
10,淡水,2018-01-19,38,3.0,8.0,nan,20.0,27.0,34.0,38.0
11,士林,2018-01-19,37,1.0,6.0,nan,15.0,37.0,31.0,32.0
12,中山,2018-01-19,45,6.0,9.0,nan,22.0,45.0,32.0,36.0
13,萬華,2018-01-19,42,7.0,7.0,nan,19.0,42.0,31.0,35.0
14,古亭,2018-01-19,37,11.0,7.0,nan,19.0,32.0,35.0,37.0
15,松山,2018-01-19,58,9.0,7.0,nan,19.0,58.0,35.0,37.0
16,大同,2018-01-19,50,7.0,20.0,nan,40.0,50.0,nan,48.0
49,仁武,2018-01-19,155,9.0,9.0,nan,86.0,39.0,58.0,155.0
17,桃園,2018-01-19,38,11.0,7.0,nan,23.0,31.0,36.0,38.0
18,大園,2018-01-19,49,19.0,3.0,nan,34.0,36.0,45.0,49.0
19,觀音,2018-01-19,64,13.0,3.0,nan,37.0,15.0,42.0,64.0
20,平鎮,2018-01-19,49,6.0,8.0,nan,30.0,36.0,37.0,49.0
21,龍潭,2018-01-19,49,7.0,6.0,nan,25.0,33.0,40.0,49.0
22,湖口,2018-01-19,50,6.0,5.0,nan,31.0,22.0,45.0,50.0
23,竹東,2018-01-19,46,4.0,5.0,nan,16.0,17.0,34.0,46.0
24,新竹,2018-01-19,54,7.0,7.0,nan,27.0,33.0,39.0,54.0
25,頭份,2018-01-19,49,9.0,6.0,nan,28.0,35.0,nan,49.0
26,苗栗,2018-01-19,61,7.0,7.0,nan,33.0,31.0,33.0,61.0
27,三義,2018-01-19,33,3.0,3.0,nan,18.0,26.0,33.0,33.0
28,豐原,2018-01-19,41,4.0,3.0,nan,22.0,25.0,25.0,41.0
29,沙鹿,2018-01-19,54,4.0,6.0,nan,32.0,26.0,36.0,54.0
30,大里,2018-01-19,46,6.0,7.0,nan,36.0,37.0,20.0,46.0
31,忠明,2018-01-19,49,4.0,8.0,nan,26.0,33.0,25.0,49.0
32,西屯,2018-01-19,45,4.0,6.0,nan,30.0,28.0,32.0,45.0
66,冬山,2018-01-19,39,4.0,5.0,nan,16.0,24.0,39.0,22.0
34,線西,2018-01-19,65,10.0,8.0,nan,39.0,29.0,nan,65.0
35,二林,2018-01-19,66,10.0,6.0,nan,32.0,20.0,31.0,66.0
36,南投,2018-01-19,87,7.0,10.0,nan,54.0,41.0,17.0,87.0
37,斗六,2018-01-19,81,6.0,8.0,nan,51.0,36.0,23.0,81.0
38,崙背,2018-01-19,86,7.0,6.0,nan,47.0,23.0,31.0,86.0
39,新港,2018-01-19,83,6.0,6.0,nan,57.0,24.0,30.0,83.0
40,朴子,2018-01-19,86,6.0,5.0,nan,62.0,20.0,32.0,86.0
41,臺西,2018-01-19,52,4.0,3.0,nan,30.0,9.0,nan,52.0
42,嘉義,2018-01-19,105,10.0,8.0,nan,63.0,40.0,17.0,105.0
43,新營,2018-01-19,100,6.0,6.0,nan,70.0,37.0,20.0,100.0
44,善化,2018-01-19,113,6.0,6.0,nan,56.0,33.0,21.0,113.0
45,安南,2018-01-19,114,4.0,6.0,nan,66.0,35.0,29.0,114.0
46,臺南,2018-01-19,116,6.0,8.0,nan,62.0,40.0,31.0,116.0
47,美濃,2018-01-19,135,7.0,7.0,nan,74.0,18.0,71.0,135.0
48,橋頭,2018-01-19,151,14.0,8.0,nan,80.0,35.0,44.0,151.0
50,鳳山,2018-01-19,153,16.0,12.0,nan,85.0,48.0,nan,153.0
51,大寮,2018-01-19,135,24.0,8.0,nan,71.0,50.0,54.0,135.0
52,林園,2018-01-19,112,20.0,8.0,nan,85.0,38.0,112.0,nan
53,楠梓,2018-01-19,157,13.0,8.0,nan,89.0,34.0,51.0,157.0
54,左營,2018-01-19,152,7.0,9.0,nan,84.0,39.0,45.0,152.0
56,前金,2018-01-19,155,7.0,9.0,nan,83.0,40.0,51.0,155.0
57,前鎮,2018-01-19,155,17.0,10.0,nan,82.0,47.0,nan,155.0
58,小港,2018-01-19,152,37.0,10.0,nan,87.0,65.0,45.0,152.0
59,屏東,2018-01-19,155,21.0,10.0,nan,88.0,45.0,132.0,155.0
60,潮州,2018-01-19,152,10.0,6.0,nan,90.0,18.0,112.0,152.0
61,恆春,2018-01-19,43,6.0,2.0,nan,19.0,3.0,43.0,19.0
62,臺東,2018-01-19,31,3.0,5.0,nan,18.0,12.0,31.0,26.0
63,花蓮,2018-01-19,39,3.0,5.0,nan,20.0,20.0,39.0,25.0
64,陽明,2018-01-19,47,3.0,3.0,nan,5.0,1.0,47.0,6.0
65,宜蘭,2018-01-19,39,7.0,6.0,nan,19.0,19.0,39.0,30.0
67,三重,2018-01-19,49,6.0,19.0,nan,33.0,49.0,nan,33.0
68,中壢,2018-01-19,43,7.0,14.0,nan,31.0,43.0,nan,38.0
69,竹山,2018-01-19,117,3.0,7.0,nan,59.0,37.0,17.0,117.0
70,永和,2018-01-19,45,11.0,8.0,nan,19.0,29.0,nan,45.0
71,復興,2018-01-19,153,24.0,14.0,nan,86.0,53.0,nan,153.0
72,埔里,2018-01-19,83,6.0,8.0,nan,37.0,26.0,19.0,83.0
80,關山,2018-01-19,30,9.0,nan,nan,15.0,8.0,30.0,30.0
75,馬祖,2018-01-19,77,3.0,3.0,nan,39.0,8.0,47.0,77.0
77,金門,2018-01-19,101,10.0,5.0,nan,53.0,15.0,42.0,101.0
78,馬公,2018-01-19,44,3.0,3.0,nan,24.0,6.0,44.0,44.0
33,彰化,2018-01-20,107,6.0,7.0,nan,64.0,25.0,40.0,107.0
1,基隆,2018-01-20,74,1.0,6.0,nan,32.0,14.0,44.0,74.0
43,新營,2018-01-20,144,6.0,7.0,nan,90.0,21.0,41.0,144.0
44,善化,2018-01-20,154,7.0,6.0,nan,76.0,17.0,44.0,154.0
42,嘉義,2018-01-20,153,11.0,9.0,nan,85.0,25.0,39.0,153.0
41,臺西,2018-01-20,108,6.0,6.0,nan,55.0,13.0,nan,108.0
45,安南,2018-01-20,152,6.0,6.0,nan,82.0,20.0,50.0,152.0
40,朴子,2018-01-20,138,6.0,6.0,nan,82.0,13.0,51.0,138.0
46,臺南,2018-01-20,153,7.0,8.0,nan,77.0,23.0,54.0,153.0
39,新港,2018-01-20,129,6.0,7.0,nan,81.0,13.0,46.0,129.0
47,美濃,2018-01-20,150,10.0,7.0,nan,78.0,18.0,87.0,150.0
48,橋頭,2018-01-20,153,6.0,8.0,nan,83.0,35.0,64.0,153.0
38,崙背,2018-01-20,137,7.0,7.0,nan,66.0,17.0,47.0,137.0
50,鳳山,2018-01-20,156,9.0,9.0,nan,92.0,36.0,nan,156.0
51,大寮,2018-01-20,148,16.0,9.0,nan,77.0,40.0,54.0,148.0
52,林園,2018-01-20,107,16.0,7.0,nan,80.0,32.0,87.0,107.0
37,斗六,2018-01-20,145,7.0,7.0,nan,73.0,23.0,42.0,145.0
53,楠梓,2018-01-20,160,6.0,7.0,nan,96.0,32.0,87.0,160.0
36,南投,2018-01-20,144,6.0,8.0,nan,76.0,30.0,31.0,144.0
54,左營,2018-01-20,156,6.0,7.0,nan,90.0,37.0,112.0,156.0
35,二林,2018-01-20,113,11.0,8.0,nan,61.0,17.0,40.0,113.0
56,前金,2018-01-20,155,4.0,7.0,nan,81.0,32.0,77.0,155.0
57,前鎮,2018-01-20,156,17.0,9.0,nan,82.0,34.0,nan,156.0
34,線西,2018-01-20,119,11.0,9.0,nan,62.0,21.0,nan,119.0
58,小港,2018-01-20,151,21.0,9.0,nan,80.0,41.0,54.0,151.0
59,屏東,2018-01-20,153,9.0,8.0,nan,85.0,32.0,97.0,153.0
66,冬山,2018-01-20,54,1.0,5.0,nan,30.0,23.0,39.0,54.0
60,潮州,2018-01-20,154,17.0,6.0,nan,85.0,23.0,100.0,154.0
32,西屯,2018-01-20,112,7.0,7.0,nan,63.0,27.0,45.0,112.0
31,忠明,2018-01-20,107,3.0,7.0,nan,55.0,24.0,40.0,107.0
30,大里,2018-01-20,87,4.0,8.0,nan,68.0,33.0,44.0,87.0
61,恆春,2018-01-20,48,4.0,2.0,nan,23.0,3.0,48.0,29.0
62,臺東,2018-01-20,36,3.0,6.0,nan,19.0,10.0,36.0,26.0
63,花蓮,2018-01-20,37,6.0,7.0,nan,23.0,19.0,37.0,35.0
29,沙鹿,2018-01-20,109,3.0,6.0,nan,62.0,16.0,47.0,109.0
28,豐原,2018-01-20,95,6.0,7.0,nan,52.0,25.0,36.0,95.0
27,三義,2018-01-20,85,3.0,6.0,nan,42.0,14.0,36.0,85.0
64,陽明,2018-01-20,50,3.0,3.0,nan,5.0,1.0,50.0,8.0
26,苗栗,2018-01-20,107,6.0,7.0,nan,62.0,20.0,37.0,107.0
65,宜蘭,2018-01-20,58,7.0,6.0,nan,36.0,19.0,39.0,58.0
25,頭份,2018-01-20,93,7.0,6.0,nan,55.0,21.0,nan,93.0
67,三重,2018-01-20,54,16.0,18.0,nan,40.0,47.0,nan,54.0
24,新竹,2018-01-20,86,7.0,6.0,nan,50.0,20.0,39.0,86.0
68,中壢,2018-01-20,67,6.0,12.0,nan,48.0,37.0,nan,67.0
23,竹東,2018-01-20,78,3.0,6.0,nan,33.0,25.0,31.0,78.0
22,湖口,2018-01-20,83,6.0,5.0,nan,52.0,11.0,48.0,83.0
69,竹山,2018-01-20,158,4.0,7.0,nan,83.0,28.0,39.0,158.0
70,永和,2018-01-20,71,4.0,8.0,nan,32.0,22.0,nan,71.0
21,龍潭,2018-01-20,59,6.0,7.0,nan,28.0,22.0,39.0,59.0
71,復興,2018-01-20,151,11.0,9.0,nan,78.0,38.0,nan,151.0
20,平鎮,2018-01-20,65,7.0,8.0,nan,38.0,30.0,34.0,65.0
72,埔里,2018-01-20,88,4.0,7.0,nan,41.0,20.0,36.0,88.0
19,觀音,2018-01-20,101,11.0,5.0,nan,58.0,11.0,46.0,101.0
18,大園,2018-01-20,78,17.0,5.0,nan,47.0,27.0,49.0,78.0
17,桃園,2018-01-20,53,14.0,7.0,nan,31.0,22.0,34.0,53.0
75,馬祖,2018-01-20,93,4.0,5.0,nan,51.0,8.0,49.0,93.0
77,金門,2018-01-20,113,9.0,5.0,nan,57.0,13.0,67.0,113.0
49,仁武,2018-01-20,155,6.0,7.0,nan,88.0,32.0,93.0,155.0
78,馬公,2018-01-20,85,3.0,5.0,nan,45.0,6.0,49.0,85.0
16,大同,2018-01-20,63,16.0,12.0,nan,42.0,41.0,nan,63.0
80,關山,2018-01-20,31,10.0,nan,nan,19.0,8.0,31.0,28.0
15,松山,2018-01-20,59,6.0,6.0,nan,31.0,23.0,36.0,59.0
14,古亭,2018-01-20,62,6.0,7.0,nan,31.0,25.0,40.0,62.0
83,麥寮,2018-01-20,112,6.0,6.0,nan,73.0,15.0,nan,112.0
84,富貴角,2018-01-20,89,1.0,3.0,nan,47.0,4.0,58.0,89.0
13,萬華,2018-01-20,62,10.0,6.0,nan,41.0,25.0,36.0,62.0
12,中山,2018-01-20,64,13.0,8.0,nan,31.0,30.0,37.0,64.0
11,士林,2018-01-20,44,4.0,5.0,nan,26.0,10.0,44.0,36.0
10,淡水,2018-01-20,45,3.0,6.0,nan,22.0,22.0,32.0,45.0
9,林口,2018-01-20,61,10.0,6.0,nan,35.0,25.0,41.0,61.0
8,菜寮,2018-01-20,64,16.0,7.0,nan,31.0,30.0,34.0,64.0
7,新莊,2018-01-20,58,11.0,7.0,nan,26.0,17.0,40.0,58.0
6,板橋,2018-01-20,71,9.0,7.0,nan,34.0,20.0,39.0,71.0
5,土城,2018-01-20,68,6.0,7.0,nan,32.0,17.0,40.0,68.0
4,新店,2018-01-20,61,4.0,6.0,nan,22.0,17.0,41.0,61.0
3,萬里,2018-01-20,78,4.0,5.0,nan,52.0,15.0,50.0,78.0
2,汐止,2018-01-20,81,7.0,5.0,nan,31.0,18.0,42.0,81.0
33,彰化,2018-01-21,82,11.0,6.0,nan,47.0,15.0,41.0,82.0
84,富貴角,2018-01-21,53,3.0,2.0,nan,31.0,8.0,49.0,53.0
83,麥寮,2018-01-21,88,7.0,5.0,nan,61.0,11.0,nan,88.0
80,關山,2018-01-21,35,10.0,nan,nan,21.0,6.0,31.0,35.0
78,馬公,2018-01-21,59,3.0,3.0,nan,37.0,4.0,47.0,59.0
77,金門,2018-01-21,134,20.0,6.0,nan,72.0,20.0,50.0,134.0
75,馬祖,2018-01-21,77,4.0,5.0,nan,44.0,9.0,42.0,77.0
72,埔里,2018-01-21,110,13.0,7.0,nan,52.0,20.0,43.0,110.0
71,復興,2018-01-21,169,14.0,14.0,nan,101.0,38.0,nan,169.0
70,永和,2018-01-21,40,7.0,11.0,nan,19.0,35.0,nan,40.0
69,竹山,2018-01-21,160,7.0,7.0,nan,87.0,21.0,44.0,160.0
68,中壢,2018-01-21,39,6.0,12.0,nan,29.0,39.0,nan,34.0
67,三重,2018-01-21,47,9.0,24.0,nan,32.0,47.0,nan,34.0
66,冬山,2018-01-21,42,1.0,5.0,nan,9.0,20.0,42.0,19.0
65,宜蘭,2018-01-21,44,3.0,6.0,nan,19.0,15.0,44.0,22.0
64,陽明,2018-01-21,48,6.0,2.0,nan,6.0,4.0,48.0,11.0
63,花蓮,2018-01-21,36,6.0,5.0,nan,21.0,19.0,36.0,31.0
62,臺東,2018-01-21,36,3.0,5.0,nan,20.0,8.0,36.0,32.0
61,恆春,2018-01-21,47,6.0,2.0,nan,20.0,3.0,47.0,25.0
60,潮州,2018-01-21,160,13.0,7.0,nan,101.0,20.0,90.0,160.0
59,屏東,2018-01-21,162,10.0,8.0,nan,94.0,26.0,71.0,162.0
58,小港,2018-01-21,167,40.0,10.0,nan,107.0,46.0,40.0,167.0
57,前鎮,2018-01-21,171,20.0,10.0,nan,102.0,39.0,nan,171.0
56,前金,2018-01-21,174,6.0,9.0,nan,106.0,22.0,67.0,174.0
54,左營,2018-01-21,169,4.0,9.0,nan,106.0,24.0,71.0,169.0
53,楠梓,2018-01-21,172,4.0,8.0,nan,107.0,19.0,61.0,172.0
52,林園,2018-01-21,154,16.0,8.0,nan,101.0,32.0,80.0,154.0
51,大寮,2018-01-21,161,30.0,10.0,nan,93.0,46.0,58.0,161.0
50,鳳山,2018-01-21,168,10.0,11.0,nan,107.0,31.0,nan,168.0
48,橋頭,2018-01-21,162,6.0,8.0,nan,96.0,18.0,46.0,162.0
47,美濃,2018-01-21,154,3.0,7.0,nan,86.0,12.0,45.0,154.0
46,臺南,2018-01-21,155,6.0,8.0,nan,78.0,18.0,48.0,155.0
45,安南,2018-01-21,157,4.0,7.0,nan,87.0,17.0,54.0,157.0
44,善化,2018-01-21,156,6.0,8.0,nan,77.0,18.0,44.0,156.0
43,新營,2018-01-21,155,6.0,8.0,nan,96.0,20.0,43.0,155.0
42,嘉義,2018-01-21,154,10.0,7.0,nan,85.0,19.0,45.0,154.0
41,臺西,2018-01-21,84,7.0,5.0,nan,46.0,24.0,nan,84.0
40,朴子,2018-01-21,126,9.0,6.0,nan,73.0,14.0,51.0,126.0
39,新港,2018-01-21,132,6.0,7.0,nan,80.0,19.0,49.0,132.0
38,崙背,2018-01-21,118,11.0,6.0,nan,57.0,23.0,50.0,118.0
37,斗六,2018-01-21,142,7.0,7.0,nan,73.0,15.0,44.0,142.0
36,南投,2018-01-21,148,7.0,7.0,nan,75.0,32.0,32.0,148.0
35,二林,2018-01-21,87,10.0,6.0,nan,40.0,23.0,44.0,87.0
34,線西,2018-01-21,80,10.0,5.0,nan,44.0,14.0,nan,80.0
32,西屯,2018-01-21,83,4.0,6.0,nan,49.0,19.0,51.0,83.0
31,忠明,2018-01-21,93,6.0,7.0,nan,45.0,23.0,44.0,93.0
30,大里,2018-01-21,92,7.0,8.0,nan,63.0,27.0,44.0,92.0
29,沙鹿,2018-01-21,73,4.0,5.0,nan,44.0,12.0,49.0,73.0
28,豐原,2018-01-21,85,6.0,7.0,nan,52.0,18.0,43.0,85.0
27,三義,2018-01-21,65,7.0,5.0,nan,33.0,14.0,44.0,65.0
26,苗栗,2018-01-21,65,6.0,5.0,nan,43.0,14.0,38.0,65.0
25,頭份,2018-01-21,54,7.0,5.0,nan,38.0,20.0,nan,54.0
24,新竹,2018-01-21,53,6.0,5.0,nan,31.0,21.0,36.0,53.0
23,竹東,2018-01-21,59,6.0,6.0,nan,26.0,24.0,31.0,59.0
22,湖口,2018-01-21,48,7.0,5.0,nan,34.0,12.0,43.0,48.0
21,龍潭,2018-01-21,42,9.0,6.0,nan,23.0,23.0,42.0,28.0
20,平鎮,2018-01-21,38,9.0,7.0,nan,27.0,24.0,38.0,33.0
19,觀音,2018-01-21,63,14.0,3.0,nan,43.0,16.0,37.0,63.0
18,大園,2018-01-21,43,17.0,5.0,nan,35.0,26.0,40.0,43.0
17,桃園,2018-01-21,39,13.0,7.0,nan,23.0,30.0,39.0,36.0
49,仁武,2018-01-21,168,9.0,8.0,nan,106.0,24.0,64.0,168.0
16,大同,2018-01-21,46,11.0,22.0,nan,37.0,46.0,nan,41.0
15,松山,2018-01-21,43,13.0,7.0,nan,23.0,33.0,38.0,43.0
14,古亭,2018-01-21,43,7.0,9.0,nan,20.0,34.0,43.0,31.0
12,中山,2018-01-21,42,10.0,9.0,nan,23.0,39.0,39.0,42.0
11,士林,2018-01-21,43,7.0,6.0,nan,17.0,40.0,43.0,28.0
10,淡水,2018-01-21,38,3.0,5.0,nan,19.0,18.0,31.0,38.0
9,林口,2018-01-21,42,7.0,3.0,nan,25.0,17.0,42.0,41.0
8,菜寮,2018-01-21,43,9.0,8.0,nan,23.0,38.0,35.0,43.0
7,新莊,2018-01-21,42,6.0,7.0,nan,19.0,32.0,42.0,37.0
6,板橋,2018-01-21,53,7.0,9.0,nan,24.0,36.0,42.0,53.0
13,萬華,2018-01-21,42,9.0,9.0,nan,19.0,38.0,38.0,42.0
5,土城,2018-01-21,42,11.0,8.0,nan,20.0,32.0,42.0,40.0
4,新店,2018-01-21,41,4.0,7.0,nan,12.0,27.0,41.0,33.0
3,萬里,2018-01-21,54,16.0,5.0,nan,36.0,21.0,50.0,54.0
2,汐止,2018-01-21,65,11.0,7.0,nan,24.0,27.0,45.0,65.0
1,基隆,2018-01-21,48,16.0,6.0,nan,22.0,30.0,45.0,48.0
1,基隆,2018-01-22,48,10.0,6.0,nan,28.0,25.0,48.0,44.0
84,富貴角,2018-01-22,67,1.0,6.0,nan,42.0,7.0,67.0,58.0
83,麥寮,2018-01-22,86,7.0,6.0,nan,65.0,15.0,nan,86.0
80,關山,2018-01-22,38,4.0,nan,nan,19.0,8.0,38.0,30.0
78,馬公,2018-01-22,64,4.0,6.0,nan,25.0,7.0,64.0,54.0
77,金門,2018-01-22,103,17.0,7.0,nan,58.0,23.0,61.0,103.0
75,馬祖,2018-01-22,74,6.0,7.0,nan,35.0,19.0,74.0,68.0
72,埔里,2018-01-22,88,4.0,6.0,nan,44.0,21.0,32.0,88.0
71,復興,2018-01-22,129,6.0,12.0,nan,71.0,38.0,nan,129.0
70,永和,2018-01-22,64,7.0,16.0,nan,36.0,40.0,nan,64.0
69,竹山,2018-01-22,109,6.0,7.0,nan,59.0,25.0,42.0,109.0
68,中壢,2018-01-22,55,4.0,12.0,nan,45.0,33.0,nan,55.0
67,三重,2018-01-22,54,4.0,19.0,nan,45.0,45.0,nan,54.0
66,冬山,2018-01-22,44,4.0,7.0,nan,33.0,27.0,44.0,35.0
65,宜蘭,2018-01-22,44,1.0,7.0,nan,32.0,12.0,44.0,42.0
64,陽明,2018-01-22,49,1.0,5.0,nan,10.0,4.0,49.0,24.0
63,花蓮,2018-01-22,45,7.0,6.0,nan,30.0,12.0,45.0,42.0
62,臺東,2018-01-22,39,1.0,6.0,nan,19.0,8.0,39.0,34.0
61,恆春,2018-01-22,52,6.0,5.0,nan,38.0,7.0,50.0,52.0
60,潮州,2018-01-22,125,6.0,6.0,nan,79.0,27.0,51.0,125.0
59,屏東,2018-01-22,117,13.0,7.0,nan,65.0,31.0,45.0,117.0
58,小港,2018-01-22,122,23.0,9.0,nan,75.0,52.0,27.0,122.0
57,前鎮,2018-01-22,133,11.0,10.0,nan,73.0,33.0,nan,133.0
56,前金,2018-01-22,129,6.0,8.0,nan,68.0,27.0,44.0,129.0
54,左營,2018-01-22,126,9.0,7.0,nan,76.0,25.0,47.0,126.0
53,楠梓,2018-01-22,136,6.0,7.0,nan,78.0,23.0,42.0,136.0
52,林園,2018-01-22,134,14.0,6.0,nan,72.0,39.0,54.0,134.0
51,大寮,2018-01-22,125,16.0,8.0,nan,64.0,39.0,49.0,125.0
50,鳳山,2018-01-22,110,10.0,9.0,nan,73.0,38.0,nan,110.0
48,橋頭,2018-01-22,120,7.0,8.0,nan,68.0,23.0,35.0,120.0
47,美濃,2018-01-22,88,3.0,6.0,nan,57.0,11.0,40.0,88.0
46,臺南,2018-01-22,95,6.0,8.0,nan,60.0,20.0,45.0,95.0
45,安南,2018-01-22,94,6.0,7.0,nan,64.0,17.0,48.0,94.0
44,善化,2018-01-22,99,7.0,8.0,nan,56.0,24.0,39.0,99.0
43,新營,2018-01-22,97,6.0,8.0,nan,76.0,24.0,42.0,97.0
42,嘉義,2018-01-22,103,11.0,9.0,nan,68.0,30.0,38.0,103.0
41,臺西,2018-01-22,81,6.0,6.0,nan,47.0,11.0,nan,81.0
40,朴子,2018-01-22,89,6.0,7.0,nan,68.0,15.0,61.0,89.0
39,新港,2018-01-22,84,6.0,8.0,nan,73.0,21.0,47.0,84.0
38,崙背,2018-01-22,96,9.0,9.0,nan,59.0,21.0,48.0,96.0
37,斗六,2018-01-22,75,7.0,7.0,nan,51.0,21.0,44.0,75.0
36,南投,2018-01-22,94,4.0,9.0,nan,57.0,35.0,31.0,94.0
35,二林,2018-01-22,76,19.0,7.0,nan,48.0,21.0,44.0,76.0
34,線西,2018-01-22,90,11.0,8.0,nan,52.0,21.0,nan,90.0
32,西屯,2018-01-22,64,3.0,7.0,nan,44.0,21.0,44.0,64.0
31,忠明,2018-01-22,67,4.0,8.0,nan,35.0,25.0,36.0,67.0
30,大里,2018-01-22,61,3.0,9.0,nan,45.0,39.0,34.0,61.0
29,沙鹿,2018-01-22,67,4.0,7.0,nan,45.0,16.0,44.0,67.0
28,豐原,2018-01-22,65,7.0,6.0,nan,39.0,19.0,33.0,65.0
27,三義,2018-01-22,61,4.0,6.0,nan,28.0,17.0,41.0,61.0
26,苗栗,2018-01-22,76,6.0,8.0,nan,52.0,24.0,36.0,76.0
25,頭份,2018-01-22,67,6.0,7.0,nan,51.0,27.0,nan,67.0
24,新竹,2018-01-22,65,6.0,7.0,nan,46.0,19.0,43.0,65.0
23,竹東,2018-01-22,70,6.0,6.0,nan,33.0,17.0,40.0,70.0
22,湖口,2018-01-22,54,6.0,6.0,nan,48.0,13.0,50.0,54.0
21,龍潭,2018-01-22,48,7.0,7.0,nan,30.0,22.0,43.0,48.0
20,平鎮,2018-01-22,54,4.0,8.0,nan,41.0,25.0,38.0,54.0
19,觀音,2018-01-22,70,9.0,6.0,nan,45.0,12.0,45.0,70.0
18,大園,2018-01-22,48,9.0,6.0,nan,36.0,20.0,48.0,46.0
17,桃園,2018-01-22,52,9.0,7.0,nan,38.0,23.0,38.0,52.0
49,仁武,2018-01-22,115,6.0,8.0,nan,74.0,30.0,35.0,115.0
16,大同,2018-01-22,58,4.0,12.0,nan,47.0,40.0,nan,58.0
15,松山,2018-01-22,53,6.0,8.0,nan,31.0,30.0,41.0,53.0
14,古亭,2018-01-22,48,7.0,7.0,nan,33.0,29.0,30.0,48.0
13,萬華,2018-01-22,48,6.0,8.0,nan,30.0,30.0,33.0,48.0
12,中山,2018-01-22,50,4.0,11.0,nan,34.0,34.0,32.0,50.0
11,士林,2018-01-22,49,3.0,6.0,nan,31.0,18.0,49.0,40.0
10,淡水,2018-01-22,51,3.0,6.0,nan,37.0,12.0,39.0,51.0
9,林口,2018-01-22,44,4.0,6.0,nan,34.0,19.0,44.0,41.0
8,菜寮,2018-01-22,52,4.0,8.0,nan,39.0,18.0,38.0,52.0
7,新莊,2018-01-22,51,4.0,7.0,nan,33.0,22.0,44.0,51.0
6,板橋,2018-01-22,63,6.0,8.0,nan,38.0,22.0,41.0,63.0
5,土城,2018-01-22,69,6.0,7.0,nan,42.0,25.0,42.0,69.0
4,新店,2018-01-22,60,13.0,7.0,nan,32.0,25.0,44.0,60.0
3,萬里,2018-01-22,67,3.0,6.0,nan,47.0,8.0,67.0,52.0
2,汐止,2018-01-22,68,6.0,7.0,nan,34.0,26.0,43.0,68.0
33,彰化,2018-01-22,67,4.0,8.0,nan,46.0,24.0,37.0,67.0
84,富貴角,2018-01-23,55,1.0,2.0,nan,45.0,4.0,54.0,55.0
83,麥寮,2018-01-23,63,9.0,5.0,nan,58.0,21.0,nan,63.0
80,關山,2018-01-23,37,7.0,nan,nan,23.0,8.0,37.0,33.0
78,馬公,2018-01-23,48,3.0,3.0,nan,32.0,4.0,48.0,45.0
77,金門,2018-01-23,64,11.0,5.0,nan,48.0,14.0,54.0,64.0
75,馬祖,2018-01-23,74,3.0,3.0,nan,45.0,8.0,44.0,74.0
72,埔里,2018-01-23,79,7.0,7.0,nan,43.0,27.0,54.0,79.0
71,復興,2018-01-23,122,9.0,12.0,nan,78.0,38.0,nan,122.0
70,永和,2018-01-23,35,10.0,6.0,nan,29.0,22.0,nan,35.0
69,竹山,2018-01-23,98,7.0,7.0,nan,59.0,24.0,80.0,98.0
68,中壢,2018-01-23,43,6.0,10.0,nan,43.0,37.0,nan,37.0
67,三重,2018-01-23,49,7.0,17.0,nan,49.0,45.0,nan,28.0
66,冬山,2018-01-23,42,4.0,3.0,nan,33.0,17.0,42.0,35.0
65,宜蘭,2018-01-23,48,1.0,3.0,nan,39.0,8.0,48.0,41.0
64,陽明,2018-01-23,47,4.0,2.0,nan,6.0,2.0,47.0,11.0
63,花蓮,2018-01-23,46,3.0,5.0,nan,27.0,19.0,46.0,30.0
62,臺東,2018-01-23,38,3.0,5.0,nan,23.0,11.0,38.0,29.0
61,恆春,2018-01-23,50,4.0,3.0,nan,22.0,2.0,50.0,30.0
60,潮州,2018-01-23,150,13.0,9.0,nan,90.0,24.0,150.0,129.0
59,屏東,2018-01-23,115,14.0,9.0,nan,70.0,26.0,115.0,110.0
58,小港,2018-01-23,121,16.0,11.0,nan,75.0,41.0,77.0,121.0
57,前鎮,2018-01-23,124,11.0,11.0,nan,80.0,33.0,nan,124.0
56,前金,2018-01-23,111,6.0,10.0,nan,71.0,30.0,71.0,111.0
54,左營,2018-01-23,114,9.0,10.0,nan,77.0,31.0,100.0,114.0
53,楠梓,2018-01-23,125,7.0,8.0,nan,78.0,28.0,67.0,125.0
52,林園,2018-01-23,136,16.0,9.0,nan,78.0,37.0,136.0,99.0
51,大寮,2018-01-23,112,21.0,11.0,nan,70.0,52.0,84.0,112.0
50,鳳山,2018-01-23,104,19.0,11.0,nan,68.0,42.0,nan,104.0
48,橋頭,2018-01-23,136,10.0,8.0,nan,79.0,28.0,64.0,136.0
47,美濃,2018-01-23,104,7.0,8.0,nan,62.0,18.0,104.0,92.0
46,臺南,2018-01-23,86,7.0,8.0,nan,59.0,25.0,51.0,86.0
45,安南,2018-01-23,75,6.0,8.0,nan,61.0,24.0,58.0,75.0
44,善化,2018-01-23,79,10.0,7.0,nan,57.0,21.0,46.0,79.0
43,新營,2018-01-23,66,7.0,6.0,nan,64.0,24.0,47.0,66.0
42,嘉義,2018-01-23,83,9.0,8.0,nan,60.0,30.0,45.0,83.0
41,臺西,2018-01-23,51,9.0,3.0,nan,42.0,12.0,nan,51.0
40,朴子,2018-01-23,73,10.0,7.0,nan,62.0,18.0,51.0,73.0
39,新港,2018-01-23,66,10.0,6.0,nan,58.0,17.0,44.0,66.0
38,崙背,2018-01-23,66,11.0,6.0,nan,45.0,20.0,45.0,66.0
37,斗六,2018-01-23,77,9.0,6.0,nan,51.0,38.0,71.0,77.0
36,南投,2018-01-23,71,6.0,8.0,nan,53.0,30.0,36.0,71.0
35,二林,2018-01-23,61,19.0,5.0,nan,39.0,22.0,39.0,61.0
34,線西,2018-01-23,63,11.0,6.0,nan,46.0,22.0,nan,63.0
32,西屯,2018-01-23,47,4.0,5.0,nan,37.0,21.0,47.0,46.0
31,忠明,2018-01-23,56,4.0,6.0,nan,35.0,30.0,41.0,56.0
30,大里,2018-01-23,47,7.0,10.0,nan,47.0,41.0,40.0,34.0
29,沙鹿,2018-01-23,47,4.0,5.0,nan,36.0,21.0,47.0,35.0
28,豐原,2018-01-23,60,9.0,6.0,nan,43.0,20.0,38.0,60.0
27,三義,2018-01-23,54,4.0,3.0,nan,33.0,16.0,42.0,54.0
26,苗栗,2018-01-23,50,7.0,6.0,nan,40.0,25.0,37.0,50.0
25,頭份,2018-01-23,38,7.0,5.0,nan,38.0,27.0,nan,36.0
24,新竹,2018-01-23,39,4.0,5.0,nan,34.0,23.0,39.0,37.0
23,竹東,2018-01-23,49,3.0,5.0,nan,29.0,15.0,39.0,49.0
22,湖口,2018-01-23,47,4.0,3.0,nan,37.0,16.0,47.0,33.0
21,龍潭,2018-01-23,42,6.0,5.0,nan,32.0,17.0,42.0,36.0
20,平鎮,2018-01-23,44,4.0,6.0,nan,39.0,24.0,40.0,44.0
19,觀音,2018-01-23,42,10.0,2.0,nan,nan,10.0,42.0,nan
18,大園,2018-01-23,46,17.0,3.0,nan,41.0,26.0,46.0,37.0
17,桃園,2018-01-23,38,11.0,5.0,nan,32.0,19.0,38.0,31.0
49,仁武,2018-01-23,104,6.0,9.0,nan,73.0,32.0,84.0,104.0
16,大同,2018-01-23,44,9.0,9.0,nan,43.0,44.0,nan,40.0
15,松山,2018-01-23,35,10.0,5.0,nan,31.0,31.0,35.0,31.0
14,古亭,2018-01-23,34,10.0,5.0,nan,28.0,25.0,32.0,34.0
13,萬華,2018-01-23,43,13.0,5.0,nan,28.0,29.0,34.0,43.0
12,中山,2018-01-23,48,9.0,7.0,nan,33.0,33.0,35.0,48.0
11,士林,2018-01-23,45,9.0,3.0,nan,27.0,10.0,45.0,30.0
10,淡水,2018-01-23,36,4.0,5.0,nan,27.0,27.0,36.0,35.0
9,林口,2018-01-23,42,9.0,3.0,nan,36.0,24.0,42.0,32.0
8,菜寮,2018-01-23,35,7.0,5.0,nan,29.0,23.0,35.0,29.0
7,新莊,2018-01-23,40,4.0,5.0,nan,28.0,23.0,40.0,25.0
6,板橋,2018-01-23,43,10.0,6.0,nan,32.0,23.0,39.0,43.0
5,土城,2018-01-23,40,9.0,5.0,nan,35.0,19.0,40.0,37.0
4,新店,2018-01-23,42,3.0,5.0,nan,25.0,20.0,42.0,35.0
3,萬里,2018-01-23,64,6.0,2.0,nan,64.0,12.0,50.0,48.0
2,汐止,2018-01-23,47,11.0,3.0,nan,30.0,32.0,41.0,47.0
33,彰化,2018-01-23,44,7.0,6.0,nan,41.0,27.0,39.0,44.0
1,基隆,2018-01-23,42,3.0,3.0,nan,27.0,31.0,42.0,39.0
38,崙背,2018-01-24,82,14.0,6.0,nan,54.0,21.0,50.0,82.0
1,基隆,2018-01-24,62,1.0,5.0,nan,33.0,9.0,42.0,62.0
33,彰化,2018-01-24,67,6.0,7.0,nan,45.0,30.0,43.0,67.0
2,汐止,2018-01-24,71,6.0,6.0,nan,38.0,38.0,37.0,71.0
3,萬里,2018-01-24,64,4.0,3.0,nan,53.0,4.0,50.0,64.0
4,新店,2018-01-24,55,1.0,6.0,nan,27.0,16.0,44.0,55.0
5,土城,2018-01-24,58,3.0,6.0,nan,37.0,17.0,41.0,58.0
6,板橋,2018-01-24,66,6.0,6.0,nan,37.0,25.0,40.0,66.0
7,新莊,2018-01-24,56,4.0,6.0,nan,38.0,20.0,41.0,56.0
8,菜寮,2018-01-24,60,7.0,6.0,nan,38.0,20.0,36.0,60.0
9,林口,2018-01-24,59,9.0,5.0,nan,47.0,23.0,42.0,59.0
10,淡水,2018-01-24,48,3.0,5.0,nan,30.0,10.0,35.0,48.0
11,士林,2018-01-24,52,10.0,5.0,nan,31.0,11.0,45.0,52.0
12,中山,2018-01-24,59,6.0,8.0,nan,44.0,35.0,36.0,59.0
13,萬華,2018-01-24,66,6.0,6.0,nan,43.0,30.0,38.0,66.0
14,古亭,2018-01-24,56,4.0,6.0,nan,37.0,20.0,42.0,56.0
15,松山,2018-01-24,63,7.0,6.0,nan,37.0,31.0,37.0,63.0
16,大同,2018-01-24,65,7.0,11.0,nan,54.0,41.0,nan,65.0
49,仁武,2018-01-24,125,7.0,8.0,nan,93.0,43.0,84.0,125.0
17,桃園,2018-01-24,53,10.0,6.0,nan,38.0,21.0,37.0,53.0
18,大園,2018-01-24,61,7.0,5.0,nan,49.0,24.0,41.0,61.0
19,觀音,2018-01-24,36,11.0,5.0,nan,nan,15.0,36.0,nan
20,平鎮,2018-01-24,51,6.0,7.0,nan,43.0,17.0,40.0,51.0
21,龍潭,2018-01-24,51,3.0,5.0,nan,31.0,10.0,44.0,51.0
22,湖口,2018-01-24,50,4.0,5.0,nan,40.0,12.0,44.0,50.0
23,竹東,2018-01-24,49,6.0,5.0,nan,22.0,9.0,38.0,49.0
24,新竹,2018-01-24,55,nan,6.0,nan,34.0,14.0,40.0,55.0
25,頭份,2018-01-24,44,3.0,5.0,nan,31.0,17.0,nan,44.0
26,苗栗,2018-01-24,52,6.0,7.0,nan,35.0,23.0,39.0,52.0
27,三義,2018-01-24,63,4.0,5.0,nan,31.0,19.0,50.0,63.0
28,豐原,2018-01-24,46,9.0,6.0,nan,34.0,28.0,45.0,46.0
29,沙鹿,2018-01-24,56,4.0,6.0,nan,42.0,27.0,50.0,56.0
30,大里,2018-01-24,59,6.0,9.0,nan,51.0,42.0,48.0,59.0
31,忠明,2018-01-24,62,4.0,7.0,nan,37.0,36.0,46.0,62.0
32,西屯,2018-01-24,65,6.0,6.0,nan,43.0,30.0,58.0,65.0
34,線西,2018-01-24,70,11.0,8.0,nan,54.0,21.0,nan,70.0
35,二林,2018-01-24,75,10.0,7.0,nan,40.0,19.0,43.0,75.0
36,南投,2018-01-24,83,6.0,8.0,nan,57.0,43.0,45.0,83.0
37,斗六,2018-01-24,84,6.0,6.0,nan,57.0,34.0,77.0,84.0
39,新港,2018-01-24,82,10.0,5.0,nan,66.0,20.0,54.0,82.0
40,朴子,2018-01-24,71,9.0,5.0,nan,66.0,12.0,71.0,64.0
41,臺西,2018-01-24,71,9.0,5.0,nan,46.0,17.0,nan,71.0
42,嘉義,2018-01-24,100,13.0,8.0,nan,71.0,31.0,49.0,100.0
43,新營,2018-01-24,88,9.0,5.0,nan,75.0,25.0,49.0,88.0
44,善化,2018-01-24,88,7.0,6.0,nan,58.0,23.0,48.0,88.0
45,安南,2018-01-24,87,6.0,6.0,nan,68.0,24.0,77.0,87.0
46,臺南,2018-01-24,102,7.0,7.0,nan,86.0,25.0,80.0,102.0
47,美濃,2018-01-24,87,4.0,6.0,nan,65.0,13.0,80.0,87.0
48,橋頭,2018-01-24,133,6.0,7.0,nan,82.0,26.0,54.0,133.0
50,鳳山,2018-01-24,144,11.0,10.0,nan,94.0,50.0,nan,144.0
51,大寮,2018-01-24,130,14.0,8.0,nan,78.0,45.0,112.0,130.0
52,林園,2018-01-24,136,11.0,7.0,nan,82.0,37.0,136.0,95.0
53,楠梓,2018-01-24,135,6.0,7.0,nan,91.0,25.0,87.0,135.0
54,左營,2018-01-24,122,7.0,8.0,nan,90.0,31.0,61.0,122.0
56,前金,2018-01-24,133,6.0,8.0,nan,86.0,30.0,93.0,133.0
57,前鎮,2018-01-24,145,14.0,10.0,nan,94.0,53.0,nan,145.0
58,小港,2018-01-24,141,31.0,9.0,nan,96.0,66.0,61.0,141.0
59,屏東,2018-01-24,118,10.0,8.0,nan,79.0,34.0,100.0,118.0
60,潮州,2018-01-24,146,9.0,6.0,nan,92.0,16.0,146.0,137.0
61,恆春,2018-01-24,47,6.0,3.0,nan,27.0,2.0,47.0,34.0
62,臺東,2018-01-24,37,3.0,6.0,nan,24.0,9.0,37.0,35.0
63,花蓮,2018-01-24,44,4.0,6.0,nan,22.0,25.0,44.0,31.0
64,陽明,2018-01-24,46,1.0,3.0,nan,8.0,1.0,46.0,10.0
65,宜蘭,2018-01-24,59,1.0,5.0,nan,39.0,11.0,47.0,59.0
66,冬山,2018-01-24,46,3.0,5.0,nan,29.0,21.0,46.0,40.0
67,三重,2018-01-24,57,10.0,16.0,nan,51.0,40.0,nan,57.0
68,中壢,2018-01-24,50,6.0,10.0,nan,50.0,28.0,nan,48.0
69,竹山,2018-01-24,102,4.0,6.0,nan,59.0,23.0,97.0,102.0
70,永和,2018-01-24,64,4.0,7.0,nan,34.0,19.0,nan,64.0
71,復興,2018-01-24,145,13.0,15.0,nan,90.0,61.0,nan,145.0
72,埔里,2018-01-24,65,7.0,7.0,nan,32.0,35.0,61.0,65.0
75,馬祖,2018-01-24,95,4.0,6.0,nan,52.0,12.0,37.0,95.0
77,金門,2018-01-24,91,23.0,5.0,nan,57.0,12.0,41.0,91.0
78,馬公,2018-01-24,62,3.0,3.0,nan,40.0,4.0,47.0,62.0
80,關山,2018-01-24,38,9.0,nan,nan,22.0,7.0,38.0,32.0
83,麥寮,2018-01-24,79,7.0,6.0,nan,62.0,20.0,nan,79.0
84,富貴角,2018-01-24,79,1.0,3.0,nan,56.0,3.0,49.0,79.0
84,富貴角,2018-01-25,44,1.0,2.0,nan,38.0,2.0,44.0,43.0
83,麥寮,2018-01-25,45,4.0,3.0,nan,45.0,10.0,nan,45.0
80,關山,2018-01-25,33,9.0,nan,nan,20.0,8.0,33.0,24.0
78,馬公,2018-01-25,41,3.0,3.0,nan,24.0,4.0,41.0,38.0
77,金門,2018-01-25,42,16.0,3.0,nan,26.0,9.0,42.0,40.0
75,馬祖,2018-01-25,48,3.0,2.0,nan,20.0,5.0,33.0,48.0
72,埔里,2018-01-25,66,4.0,6.0,nan,31.0,26.0,50.0,66.0
71,復興,2018-01-25,121,7.0,12.0,nan,78.0,42.0,nan,121.0
70,永和,2018-01-25,29,3.0,6.0,nan,17.0,25.0,nan,29.0
69,竹山,2018-01-25,100,6.0,6.0,nan,56.0,24.0,58.0,100.0
68,中壢,2018-01-25,33,3.0,9.0,nan,27.0,33.0,nan,18.0
67,三重,2018-01-25,41,10.0,16.0,nan,33.0,41.0,nan,28.0
66,冬山,2018-01-25,41,1.0,3.0,nan,14.0,11.0,41.0,17.0
65,宜蘭,2018-01-25,42,4.0,5.0,nan,23.0,9.0,42.0,31.0
64,陽明,2018-01-25,40,3.0,2.0,nan,5.0,1.0,40.0,4.0
63,花蓮,2018-01-25,39,6.0,6.0,nan,19.0,22.0,39.0,23.0
62,臺東,2018-01-25,32,3.0,6.0,nan,19.0,10.0,32.0,24.0
61,恆春,2018-01-25,44,3.0,3.0,nan,21.0,2.0,44.0,22.0
60,潮州,2018-01-25,154,13.0,7.0,nan,101.0,24.0,150.0,154.0
59,屏東,2018-01-25,112,9.0,7.0,nan,74.0,26.0,77.0,112.0
58,小港,2018-01-25,123,13.0,11.0,nan,82.0,46.0,43.0,123.0
57,前鎮,2018-01-25,114,9.0,10.0,nan,81.0,36.0,nan,114.0
56,前金,2018-01-25,111,7.0,9.0,nan,73.0,31.0,45.0,111.0
54,左營,2018-01-25,106,13.0,8.0,nan,72.0,29.0,50.0,106.0
53,楠梓,2018-01-25,106,7.0,7.0,nan,75.0,25.0,50.0,106.0
52,林園,2018-01-25,108,24.0,8.0,nan,89.0,58.0,58.0,108.0
51,大寮,2018-01-25,115,10.0,8.0,nan,71.0,40.0,54.0,115.0
50,鳳山,2018-01-25,116,11.0,9.0,nan,80.0,39.0,nan,116.0
48,橋頭,2018-01-25,105,7.0,7.0,nan,68.0,27.0,42.0,105.0
47,美濃,2018-01-25,94,4.0,6.0,nan,64.0,16.0,67.0,94.0
46,臺南,2018-01-25,68,7.0,7.0,nan,54.0,25.0,48.0,68.0
45,安南,2018-01-25,57,10.0,6.0,nan,52.0,24.0,48.0,57.0
44,善化,2018-01-25,62,7.0,6.0,nan,48.0,20.0,42.0,62.0
43,新營,2018-01-25,61,9.0,6.0,nan,57.0,25.0,43.0,61.0
42,嘉義,2018-01-25,68,9.0,6.0,nan,52.0,27.0,42.0,68.0
41,臺西,2018-01-25,44,3.0,2.0,nan,33.0,6.0,nan,44.0
40,朴子,2018-01-25,57,6.0,5.0,nan,57.0,14.0,48.0,42.0
39,新港,2018-01-25,56,10.0,7.0,nan,53.0,20.0,42.0,56.0
38,崙背,2018-01-25,56,11.0,6.0,nan,42.0,19.0,44.0,56.0
37,斗六,2018-01-25,63,7.0,6.0,nan,45.0,37.0,47.0,63.0
36,南投,2018-01-25,69,3.0,7.0,nan,52.0,31.0,38.0,69.0
35,二林,2018-01-25,47,14.0,7.0,nan,28.0,19.0,34.0,47.0
34,線西,2018-01-25,45,10.0,6.0,nan,38.0,16.0,nan,45.0
33,彰化,2018-01-25,37,4.0,6.0,nan,37.0,21.0,34.0,34.0
32,西屯,2018-01-25,43,4.0,5.0,nan,32.0,20.0,43.0,33.0
31,忠明,2018-01-25,44,4.0,5.0,nan,24.0,25.0,39.0,44.0
30,大里,2018-01-25,44,7.0,8.0,nan,38.0,29.0,44.0,42.0
29,沙鹿,2018-01-25,41,4.0,3.0,nan,29.0,16.0,41.0,36.0
28,豐原,2018-01-25,55,6.0,7.0,nan,42.0,21.0,37.0,55.0
27,三義,2018-01-25,56,4.0,3.0,nan,26.0,20.0,43.0,56.0
26,苗栗,2018-01-25,45,9.0,6.0,nan,38.0,23.0,34.0,45.0
25,頭份,2018-01-25,30,7.0,5.0,nan,26.0,23.0,nan,30.0
24,新竹,2018-01-25,34,6.0,5.0,nan,19.0,18.0,34.0,27.0
23,竹東,2018-01-25,34,6.0,3.0,nan,14.0,17.0,33.0,34.0
22,湖口,2018-01-25,40,6.0,3.0,nan,22.0,13.0,40.0,23.0
21,龍潭,2018-01-25,37,3.0,5.0,nan,19.0,18.0,37.0,31.0
20,平鎮,2018-01-25,37,4.0,6.0,nan,25.0,22.0,37.0,31.0
19,觀音,2018-01-25,18,11.0,3.0,nan,nan,18.0,nan,nan
18,大園,2018-01-25,37,9.0,3.0,nan,27.0,19.0,37.0,34.0
17,桃園,2018-01-25,31,9.0,5.0,nan,18.0,21.0,31.0,19.0
49,仁武,2018-01-25,98,6.0,8.0,nan,75.0,30.0,46.0,98.0
16,大同,2018-01-25,40,17.0,14.0,nan,32.0,40.0,nan,34.0
15,松山,2018-01-25,34,6.0,6.0,nan,22.0,34.0,25.0,24.0
14,古亭,2018-01-25,31,3.0,5.0,nan,16.0,29.0,31.0,27.0
13,萬華,2018-01-25,34,6.0,6.0,nan,19.0,33.0,34.0,28.0
12,中山,2018-01-25,33,7.0,8.0,nan,24.0,33.0,24.0,31.0
11,士林,2018-01-25,42,10.0,3.0,nan,13.0,12.0,42.0,13.0
10,淡水,2018-01-25,32,7.0,5.0,nan,14.0,17.0,32.0,23.0
9,林口,2018-01-25,37,9.0,3.0,nan,27.0,18.0,37.0,31.0
8,菜寮,2018-01-25,32,9.0,5.0,nan,19.0,24.0,32.0,29.0
7,新莊,2018-01-25,38,3.0,5.0,nan,17.0,21.0,38.0,20.0
6,板橋,2018-01-25,33,4.0,6.0,nan,18.0,25.0,31.0,33.0
5,土城,2018-01-25,35,1.0,5.0,nan,17.0,17.0,35.0,20.0
4,新店,2018-01-25,40,1.0,5.0,nan,8.0,18.0,40.0,19.0
3,萬里,2018-01-25,46,4.0,2.0,nan,33.0,15.0,46.0,34.0
2,汐止,2018-01-25,39,9.0,5.0,nan,19.0,33.0,37.0,39.0
1,基隆,2018-01-25,38,3.0,5.0,nan,17.0,24.0,38.0,28.0
2,汐止,2018-01-26,34,6.0,3.0,nan,7.0,14.0,34.0,26.0
3,萬里,2018-01-26,41,4.0,2.0,nan,31.0,4.0,41.0,20.0
4,新店,2018-01-26,32,6.0,5.0,nan,6.0,16.0,32.0,12.0
5,土城,2018-01-26,32,6.0,3.0,nan,10.0,17.0,32.0,13.0
6,板橋,2018-01-26,31,9.0,5.0,nan,10.0,23.0,31.0,19.0
7,新莊,2018-01-26,30,4.0,3.0,nan,9.0,23.0,30.0,9.0
8,菜寮,2018-01-26,29,9.0,5.0,nan,8.0,20.0,29.0,10.0
9,林口,2018-01-26,34,9.0,3.0,nan,18.0,16.0,34.0,19.0
10,淡水,2018-01-26,29,3.0,2.0,nan,6.0,11.0,29.0,13.0
11,士林,2018-01-26,35,4.0,2.0,nan,9.0,8.0,35.0,8.0
12,中山,2018-01-26,29,nan,6.0,nan,12.0,26.0,29.0,21.0
13,萬華,2018-01-26,30,9.0,5.0,nan,10.0,25.0,30.0,20.0
14,古亭,2018-01-26,32,6.0,3.0,nan,7.0,20.0,32.0,16.0
15,松山,2018-01-26,31,11.0,3.0,nan,12.0,24.0,31.0,20.0
16,大同,2018-01-26,34,9.0,9.0,nan,26.0,34.0,nan,27.0
49,仁武,2018-01-26,73,6.0,5.0,nan,73.0,23.0,41.0,71.0
17,桃園,2018-01-26,31,10.0,3.0,nan,14.0,18.0,31.0,11.0
18,大園,2018-01-26,38,7.0,2.0,nan,19.0,14.0,38.0,20.0
19,觀音,2018-01-26,31,7.0,2.0,nan,nan,8.0,31.0,nan
20,平鎮,2018-01-26,30,4.0,5.0,nan,23.0,18.0,30.0,29.0
21,龍潭,2018-01-26,33,4.0,3.0,nan,19.0,15.0,33.0,15.0
22,湖口,2018-01-26,36,6.0,2.0,nan,19.0,10.0,36.0,11.0
23,竹東,2018-01-26,32,3.0,2.0,nan,10.0,10.0,32.0,28.0
24,新竹,2018-01-26,31,4.0,3.0,nan,14.0,15.0,31.0,11.0
25,頭份,2018-01-26,19,7.0,3.0,nan,19.0,14.0,nan,14.0
26,苗栗,2018-01-26,33,6.0,3.0,nan,23.0,13.0,27.0,33.0
27,三義,2018-01-26,32,4.0,2.0,nan,19.0,15.0,32.0,27.0
28,豐原,2018-01-26,31,3.0,3.0,nan,16.0,11.0,31.0,28.0
29,沙鹿,2018-01-26,33,4.0,3.0,nan,29.0,13.0,33.0,25.0
30,大里,2018-01-26,29,3.0,5.0,nan,24.0,26.0,29.0,29.0
31,忠明,2018-01-26,30,3.0,3.0,nan,19.0,19.0,30.0,24.0
32,西屯,2018-01-26,37,4.0,3.0,nan,32.0,21.0,35.0,37.0
33,彰化,2018-01-26,37,4.0,5.0,nan,37.0,18.0,28.0,32.0
34,線西,2018-01-26,37,7.0,5.0,nan,37.0,13.0,nan,35.0
35,二林,2018-01-26,42,10.0,3.0,nan,35.0,15.0,30.0,42.0
36,南投,2018-01-26,50,4.0,5.0,nan,40.0,24.0,26.0,50.0
37,斗六,2018-01-26,54,3.0,3.0,nan,45.0,27.0,34.0,54.0
38,崙背,2018-01-26,63,7.0,3.0,nan,63.0,17.0,33.0,55.0
39,新港,2018-01-26,63,7.0,3.0,nan,63.0,15.0,33.0,44.0
40,朴子,2018-01-26,85,7.0,3.0,nan,85.0,17.0,39.0,38.0
41,臺西,2018-01-26,49,4.0,2.0,nan,36.0,6.0,nan,49.0
42,嘉義,2018-01-26,62,14.0,5.0,nan,62.0,22.0,32.0,60.0
43,新營,2018-01-26,67,6.0,3.0,nan,67.0,19.0,31.0,43.0
44,善化,2018-01-26,57,4.0,3.0,nan,52.0,16.0,32.0,57.0
45,安南,2018-01-26,66,4.0,5.0,nan,66.0,20.0,38.0,53.0
46,臺南,2018-01-26,67,4.0,5.0,nan,55.0,19.0,36.0,67.0
47,美濃,2018-01-26,69,4.0,5.0,nan,62.0,13.0,50.0,69.0
48,橋頭,2018-01-26,83,6.0,5.0,nan,70.0,21.0,34.0,83.0
50,鳳山,2018-01-26,89,7.0,6.0,nan,79.0,29.0,nan,89.0
51,大寮,2018-01-26,92,10.0,6.0,nan,66.0,35.0,47.0,92.0
52,林園,2018-01-26,84,16.0,6.0,nan,81.0,44.0,54.0,84.0
53,楠梓,2018-01-26,93,4.0,5.0,nan,79.0,20.0,42.0,93.0
54,左營,2018-01-26,88,6.0,5.0,nan,79.0,25.0,41.0,88.0
56,前金,2018-01-26,81,6.0,6.0,nan,78.0,25.0,41.0,81.0
57,前鎮,2018-01-26,87,4.0,7.0,nan,78.0,29.0,nan,87.0
58,小港,2018-01-26,95,14.0,7.0,nan,78.0,37.0,41.0,95.0
59,屏東,2018-01-26,88,7.0,6.0,nan,64.0,25.0,71.0,88.0
60,潮州,2018-01-26,132,9.0,6.0,nan,89.0,24.0,132.0,120.0
61,恆春,2018-01-26,41,3.0,2.0,nan,22.0,2.0,41.0,24.0
62,臺東,2018-01-26,31,1.0,3.0,nan,24.0,8.0,31.0,20.0
63,花蓮,2018-01-26,38,3.0,3.0,nan,17.0,9.0,38.0,23.0
64,陽明,2018-01-26,38,3.0,1.0,nan,5.0,3.0,38.0,3.0
65,宜蘭,2018-01-26,37,1.0,3.0,nan,19.0,9.0,37.0,19.0
66,冬山,2018-01-26,36,3.0,2.0,nan,13.0,12.0,36.0,10.0
67,三重,2018-01-26,34,9.0,15.0,nan,23.0,34.0,nan,11.0
68,中壢,2018-01-26,25,6.0,8.0,nan,25.0,25.0,nan,10.0
69,竹山,2018-01-26,62,4.0,3.0,nan,42.0,21.0,39.0,62.0
70,永和,2018-01-26,20,6.0,7.0,nan,8.0,20.0,nan,13.0
71,復興,2018-01-26,95,4.0,9.0,nan,77.0,28.0,nan,95.0
72,埔里,2018-01-26,48,7.0,5.0,nan,25.0,25.0,45.0,48.0
75,馬祖,2018-01-26,36,3.0,2.0,nan,19.0,4.0,32.0,36.0
77,金門,2018-01-26,43,10.0,3.0,nan,43.0,11.0,33.0,36.0
78,馬公,2018-01-26,37,1.0,2.0,nan,19.0,2.0,37.0,24.0
80,關山,2018-01-26,32,7.0,nan,nan,29.0,7.0,32.0,23.0
83,麥寮,2018-01-26,44,3.0,2.0,nan,44.0,6.0,nan,36.0
84,富貴角,2018-01-26,40,1.0,2.0,nan,33.0,1.0,40.0,31.0
1,基隆,2018-01-26,37,1.0,2.0,nan,6.0,7.0,37.0,8.0
2,汐止,2018-01-27,31,6.0,8.0,nan,11.0,29.0,31.0,30.0
84,富貴角,2018-01-27,42,1.0,1.0,nan,42.0,4.0,40.0,37.0
83,麥寮,2018-01-27,42,6.0,3.0,nan,42.0,11.0,nan,35.0
80,關山,2018-01-27,28,13.0,nan,nan,13.0,9.0,28.0,19.0
78,馬公,2018-01-27,35,3.0,2.0,nan,19.0,5.0,35.0,25.0
77,金門,2018-01-27,39,4.0,3.0,nan,24.0,11.0,34.0,39.0
75,馬祖,2018-01-27,46,3.0,2.0,nan,19.0,6.0,30.0,46.0
72,埔里,2018-01-27,65,9.0,6.0,nan,36.0,25.0,33.0,65.0
71,復興,2018-01-27,84,14.0,9.0,nan,59.0,38.0,nan,84.0
70,永和,2018-01-27,18,3.0,5.0,nan,10.0,18.0,nan,15.0
69,竹山,2018-01-27,83,6.0,5.0,nan,44.0,21.0,27.0,83.0
68,中壢,2018-01-27,39,6.0,17.0,nan,24.0,39.0,nan,16.0
67,三重,2018-01-27,37,7.0,18.0,nan,26.0,37.0,nan,11.0
66,冬山,2018-01-27,31,3.0,3.0,nan,15.0,13.0,31.0,13.0
65,宜蘭,2018-01-27,36,3.0,5.0,nan,21.0,16.0,36.0,25.0
64,陽明,2018-01-27,37,3.0,2.0,nan,5.0,2.0,37.0,6.0
63,花蓮,2018-01-27,39,4.0,3.0,nan,19.0,19.0,39.0,27.0
62,臺東,2018-01-27,30,1.0,3.0,nan,16.0,9.0,30.0,18.0
61,恆春,2018-01-27,39,4.0,2.0,nan,19.0,2.0,39.0,20.0
60,潮州,2018-01-27,81,10.0,5.0,nan,75.0,16.0,77.0,81.0
59,屏東,2018-01-27,78,10.0,7.0,nan,61.0,26.0,51.0,78.0
58,小港,2018-01-27,81,21.0,7.0,nan,57.0,43.0,41.0,81.0
57,前鎮,2018-01-27,81,29.0,8.0,nan,61.0,39.0,nan,81.0
56,前金,2018-01-27,66,6.0,6.0,nan,53.0,31.0,44.0,66.0
54,左營,2018-01-27,74,4.0,6.0,nan,57.0,26.0,45.0,74.0
53,楠梓,2018-01-27,93,7.0,6.0,nan,59.0,24.0,44.0,93.0
52,林園,2018-01-27,71,23.0,6.0,nan,59.0,40.0,71.0,69.0
51,大寮,2018-01-27,77,14.0,6.0,nan,53.0,30.0,47.0,77.0
50,鳳山,2018-01-27,85,9.0,8.0,nan,57.0,38.0,nan,85.0
48,橋頭,2018-01-27,83,9.0,6.0,nan,53.0,26.0,39.0,83.0
47,美濃,2018-01-27,65,3.0,5.0,nan,55.0,14.0,48.0,65.0
46,臺南,2018-01-27,54,4.0,6.0,nan,47.0,21.0,39.0,54.0
45,安南,2018-01-27,49,6.0,3.0,nan,42.0,21.0,40.0,49.0
44,善化,2018-01-27,57,9.0,3.0,nan,37.0,18.0,31.0,57.0
43,新營,2018-01-27,44,6.0,5.0,nan,43.0,18.0,31.0,44.0
42,嘉義,2018-01-27,65,9.0,7.0,nan,44.0,27.0,28.0,65.0
41,臺西,2018-01-27,40,6.0,3.0,nan,30.0,9.0,nan,40.0
40,朴子,2018-01-27,46,7.0,3.0,nan,46.0,12.0,38.0,41.0
39,新港,2018-01-27,42,4.0,3.0,nan,42.0,15.0,33.0,40.0
38,崙背,2018-01-27,47,6.0,2.0,nan,34.0,14.0,36.0,47.0
37,斗六,2018-01-27,57,4.0,5.0,nan,37.0,28.0,30.0,57.0
36,南投,2018-01-27,60,6.0,6.0,nan,42.0,30.0,24.0,60.0
35,二林,2018-01-27,46,9.0,3.0,nan,19.0,13.0,32.0,46.0
34,線西,2018-01-27,32,7.0,3.0,nan,29.0,14.0,nan,32.0
33,彰化,2018-01-27,30,10.0,5.0,nan,28.0,22.0,30.0,26.0
32,西屯,2018-01-27,37,3.0,3.0,nan,28.0,23.0,37.0,26.0
31,忠明,2018-01-27,35,4.0,5.0,nan,nan,26.0,30.0,35.0
30,大里,2018-01-27,31,4.0,7.0,nan,31.0,28.0,28.0,30.0
29,沙鹿,2018-01-27,38,3.0,3.0,nan,24.0,12.0,38.0,17.0
28,豐原,2018-01-27,45,6.0,6.0,nan,30.0,31.0,32.0,45.0
27,三義,2018-01-27,44,6.0,3.0,nan,25.0,19.0,40.0,44.0
26,苗栗,2018-01-27,33,4.0,5.0,nan,29.0,21.0,31.0,33.0
25,頭份,2018-01-27,31,7.0,5.0,nan,28.0,26.0,nan,31.0
24,新竹,2018-01-27,32,4.0,7.0,nan,25.0,32.0,32.0,29.0
23,竹東,2018-01-27,44,9.0,5.0,nan,31.0,18.0,33.0,44.0
22,湖口,2018-01-27,37,7.0,6.0,nan,25.0,26.0,37.0,24.0
21,龍潭,2018-01-27,34,4.0,6.0,nan,31.0,24.0,34.0,23.0
20,平鎮,2018-01-27,33,6.0,7.0,nan,20.0,33.0,33.0,24.0
19,觀音,2018-01-27,31,11.0,5.0,nan,nan,29.0,31.0,nan
18,大園,2018-01-27,37,10.0,6.0,nan,23.0,37.0,31.0,14.0
17,桃園,2018-01-27,32,9.0,7.0,nan,14.0,31.0,32.0,19.0
49,仁武,2018-01-27,59,9.0,6.0,nan,54.0,29.0,44.0,59.0
16,大同,2018-01-27,41,7.0,17.0,nan,28.0,41.0,nan,17.0
15,松山,2018-01-27,38,4.0,7.0,nan,12.0,38.0,31.0,13.0
14,古亭,2018-01-27,35,4.0,6.0,nan,14.0,32.0,35.0,19.0
13,萬華,2018-01-27,36,6.0,7.0,nan,14.0,36.0,31.0,18.0
12,中山,2018-01-27,32,nan,8.0,nan,15.0,32.0,30.0,24.0
11,士林,2018-01-27,37,10.0,3.0,nan,15.0,17.0,37.0,12.0
10,淡水,2018-01-27,29,3.0,2.0,nan,14.0,8.0,29.0,16.0
9,林口,2018-01-27,34,6.0,3.0,nan,20.0,25.0,34.0,20.0
8,菜寮,2018-01-27,31,6.0,7.0,nan,13.0,31.0,29.0,11.0
7,新莊,2018-01-27,32,4.0,7.0,nan,12.0,30.0,32.0,10.0
6,板橋,2018-01-27,33,6.0,8.0,nan,12.0,27.0,33.0,24.0
5,土城,2018-01-27,32,4.0,6.0,nan,13.0,25.0,32.0,16.0
4,新店,2018-01-27,36,1.0,5.0,nan,6.0,21.0,36.0,16.0
3,萬里,2018-01-27,42,4.0,2.0,nan,22.0,8.0,42.0,23.0
1,基隆,2018-01-27,37,1.0,3.0,nan,8.0,10.0,37.0,12.0
1,基隆,2018-01-28,31,7.0,6.0,nan,15.0,26.0,31.0,22.0
84,富貴角,2018-01-28,38,4.0,2.0,nan,38.0,22.0,31.0,34.0
83,麥寮,2018-01-28,63,7.0,3.0,nan,44.0,26.0,nan,63.0
80,關山,2018-01-28,24,4.0,nan,nan,14.0,7.0,24.0,20.0
78,馬公,2018-01-28,29,3.0,2.0,nan,15.0,7.0,29.0,23.0
77,金門,2018-01-28,67,14.0,5.0,nan,39.0,22.0,24.0,67.0
75,馬祖,2018-01-28,30,6.0,3.0,nan,14.0,12.0,26.0,30.0
72,埔里,2018-01-28,82,4.0,5.0,nan,36.0,17.0,30.0,82.0
71,復興,2018-01-28,125,7.0,9.0,nan,64.0,28.0,nan,125.0
70,永和,2018-01-28,35,4.0,9.0,nan,18.0,29.0,nan,35.0
69,竹山,2018-01-28,86,3.0,5.0,nan,41.0,22.0,27.0,86.0
68,中壢,2018-01-28,31,6.0,7.0,nan,31.0,29.0,nan,25.0
67,三重,2018-01-28,34,9.0,16.0,nan,34.0,34.0,nan,26.0
66,冬山,2018-01-28,33,4.0,5.0,nan,21.0,14.0,33.0,17.0
65,宜蘭,2018-01-28,28,3.0,5.0,nan,19.0,11.0,28.0,26.0
64,陽明,2018-01-28,31,3.0,2.0,nan,5.0,8.0,31.0,6.0
63,花蓮,2018-01-28,32,9.0,3.0,nan,19.0,9.0,32.0,23.0
62,臺東,2018-01-28,28,1.0,3.0,nan,15.0,8.0,28.0,23.0
61,恆春,2018-01-28,36,3.0,1.0,nan,19.0,2.0,36.0,23.0
60,潮州,2018-01-28,103,14.0,5.0,nan,62.0,20.0,46.0,103.0
59,屏東,2018-01-28,104,4.0,6.0,nan,56.0,21.0,47.0,104.0
58,小港,2018-01-28,119,21.0,7.0,nan,64.0,38.0,48.0,119.0
57,前鎮,2018-01-28,117,7.0,7.0,nan,68.0,28.0,nan,117.0
56,前金,2018-01-28,134,4.0,6.0,nan,67.0,26.0,48.0,134.0
54,左營,2018-01-28,119,6.0,6.0,nan,67.0,25.0,48.0,119.0
53,楠梓,2018-01-28,134,6.0,5.0,nan,65.0,20.0,48.0,134.0
52,林園,2018-01-28,82,13.0,6.0,nan,65.0,32.0,58.0,82.0
51,大寮,2018-01-28,100,9.0,5.0,nan,53.0,27.0,41.0,100.0
50,鳳山,2018-01-28,146,7.0,7.0,nan,66.0,28.0,nan,146.0
48,橋頭,2018-01-28,111,6.0,6.0,nan,59.0,21.0,40.0,111.0
47,美濃,2018-01-28,83,3.0,5.0,nan,53.0,12.0,41.0,83.0
46,臺南,2018-01-28,87,4.0,6.0,nan,54.0,21.0,32.0,87.0
45,安南,2018-01-28,80,6.0,5.0,nan,55.0,19.0,31.0,80.0
44,善化,2018-01-28,81,6.0,5.0,nan,47.0,18.0,26.0,81.0
43,新營,2018-01-28,76,7.0,5.0,nan,57.0,19.0,22.0,76.0
42,嘉義,2018-01-28,82,6.0,5.0,nan,50.0,24.0,26.0,82.0
41,臺西,2018-01-28,63,9.0,2.0,nan,35.0,18.0,nan,63.0
40,朴子,2018-01-28,76,7.0,3.0,nan,55.0,19.0,27.0,76.0
39,新港,2018-01-28,69,9.0,5.0,nan,44.0,15.0,24.0,69.0
38,崙背,2018-01-28,69,9.0,5.0,nan,40.0,18.0,22.0,69.0
37,斗六,2018-01-28,68,7.0,3.0,nan,44.0,38.0,28.0,68.0
36,南投,2018-01-28,67,3.0,6.0,nan,42.0,24.0,18.0,67.0
35,二林,2018-01-28,52,10.0,3.0,nan,19.0,12.0,20.0,52.0
34,線西,2018-01-28,45,4.0,3.0,nan,24.0,14.0,nan,45.0
33,彰化,2018-01-28,40,4.0,3.0,nan,26.0,18.0,19.0,40.0
32,西屯,2018-01-28,39,3.0,3.0,nan,27.0,14.0,23.0,39.0
31,忠明,2018-01-28,41,3.0,5.0,nan,nan,20.0,19.0,41.0
30,大里,2018-01-28,26,3.0,5.0,nan,26.0,23.0,19.0,26.0
29,沙鹿,2018-01-28,25,3.0,2.0,nan,23.0,13.0,24.0,25.0
28,豐原,2018-01-28,42,3.0,3.0,nan,20.0,14.0,20.0,42.0
27,三義,2018-01-28,29,4.0,3.0,nan,16.0,22.0,21.0,29.0
26,苗栗,2018-01-28,35,3.0,3.0,nan,25.0,15.0,22.0,35.0
25,頭份,2018-01-28,24,4.0,2.0,nan,24.0,17.0,nan,20.0
24,新竹,2018-01-28,23,3.0,3.0,nan,19.0,20.0,23.0,23.0
23,竹東,2018-01-28,47,1.0,3.0,nan,19.0,13.0,21.0,47.0
22,湖口,2018-01-28,28,6.0,2.0,nan,24.0,25.0,28.0,22.0
21,龍潭,2018-01-28,34,4.0,3.0,nan,22.0,14.0,22.0,34.0
20,平鎮,2018-01-28,34,4.0,3.0,nan,31.0,28.0,22.0,34.0
19,觀音,2018-01-28,27,4.0,2.0,nan,23.0,10.0,25.0,27.0
18,大園,2018-01-28,30,7.0,3.0,nan,20.0,25.0,30.0,18.0
17,桃園,2018-01-28,32,7.0,5.0,nan,22.0,32.0,24.0,28.0
49,仁武,2018-01-28,102,14.0,5.0,nan,63.0,21.0,48.0,102.0
16,大同,2018-01-28,40,7.0,12.0,nan,31.0,32.0,nan,40.0
15,松山,2018-01-28,32,6.0,9.0,nan,15.0,32.0,22.0,25.0
14,古亭,2018-01-28,31,6.0,7.0,nan,13.0,31.0,17.0,27.0
13,萬華,2018-01-28,31,7.0,8.0,nan,17.0,30.0,11.0,31.0
12,中山,2018-01-28,34,nan,9.0,nan,20.0,31.0,14.0,34.0
11,士林,2018-01-28,29,4.0,6.0,nan,12.0,29.0,18.0,22.0
10,淡水,2018-01-28,28,9.0,5.0,nan,20.0,25.0,24.0,28.0
9,林口,2018-01-28,31,6.0,3.0,nan,20.0,30.0,30.0,31.0
8,菜寮,2018-01-28,29,7.0,7.0,nan,nan,28.0,18.0,29.0
7,新莊,2018-01-28,28,7.0,6.0,nan,15.0,28.0,24.0,27.0
6,板橋,2018-01-28,40,7.0,7.0,nan,19.0,26.0,18.0,40.0
5,土城,2018-01-28,32,4.0,5.0,nan,19.0,25.0,19.0,32.0
4,新店,2018-01-28,23,6.0,5.0,nan,13.0,21.0,23.0,23.0
3,萬里,2018-01-28,34,3.0,3.0,nan,24.0,12.0,34.0,24.0
2,汐止,2018-01-28,40,4.0,7.0,nan,16.0,25.0,30.0,40.0
2,汐止,2018-01-29,41,7.0,6.0,nan,15.0,16.0,34.0,41.0
3,萬里,2018-01-29,49,4.0,5.0,nan,47.0,4.0,43.0,49.0
4,新店,2018-01-29,33,6.0,7.0,nan,14.0,22.0,31.0,33.0
5,土城,2018-01-29,31,4.0,7.0,nan,18.0,23.0,28.0,31.0
6,板橋,2018-01-29,39,3.0,8.0,nan,15.0,29.0,28.0,39.0
7,新莊,2018-01-29,30,1.0,8.0,nan,14.0,29.0,30.0,28.0
8,菜寮,2018-01-29,27,3.0,7.0,nan,12.0,21.0,27.0,20.0
9,林口,2018-01-29,34,1.0,6.0,nan,19.0,17.0,34.0,29.0
10,淡水,2018-01-29,35,3.0,6.0,nan,19.0,5.0,31.0,35.0
11,士林,2018-01-29,34,11.0,6.0,nan,6.0,8.0,34.0,16.0
12,中山,2018-01-29,39,nan,9.0,nan,15.0,39.0,28.0,29.0
13,萬華,2018-01-29,31,3.0,8.0,nan,14.0,31.0,25.0,27.0
14,古亭,2018-01-29,32,4.0,7.0,nan,18.0,27.0,30.0,32.0
15,松山,2018-01-29,31,3.0,7.0,nan,17.0,25.0,31.0,28.0
16,大同,2018-01-29,39,4.0,14.0,nan,29.0,39.0,nan,31.0
49,仁武,2018-01-29,53,7.0,7.0,nan,44.0,32.0,19.0,53.0
17,桃園,2018-01-29,31,7.0,7.0,nan,13.0,24.0,31.0,24.0
18,大園,2018-01-29,36,7.0,6.0,nan,21.0,25.0,35.0,36.0
19,觀音,2018-01-29,57,9.0,6.0,nan,35.0,11.0,32.0,57.0
20,平鎮,2018-01-29,31,3.0,8.0,nan,24.0,25.0,27.0,31.0
21,龍潭,2018-01-29,31,7.0,7.0,nan,18.0,20.0,31.0,29.0
22,湖口,2018-01-29,37,4.0,6.0,nan,20.0,8.0,37.0,35.0
23,竹東,2018-01-29,33,3.0,6.0,nan,8.0,9.0,33.0,29.0
25,頭份,2018-01-29,25,4.0,6.0,nan,19.0,12.0,nan,25.0
24,新竹,2018-01-29,33,3.0,7.0,nan,17.0,13.0,29.0,33.0
26,苗栗,2018-01-29,32,3.0,7.0,nan,20.0,15.0,26.0,32.0
27,三義,2018-01-29,29,3.0,5.0,nan,11.0,10.0,29.0,27.0
28,豐原,2018-01-29,26,3.0,6.0,nan,8.0,10.0,26.0,18.0
29,沙鹿,2018-01-29,28,3.0,7.0,nan,15.0,13.0,28.0,22.0
30,大里,2018-01-29,23,3.0,7.0,nan,11.0,20.0,23.0,10.0
31,忠明,2018-01-29,26,3.0,7.0,nan,13.0,20.0,25.0,26.0
32,西屯,2018-01-29,31,3.0,6.0,nan,16.0,14.0,31.0,31.0
33,彰化,2018-01-29,30,4.0,7.0,nan,19.0,20.0,24.0,30.0
34,線西,2018-01-29,35,4.0,6.0,nan,19.0,13.0,nan,35.0
35,二林,2018-01-29,39,4.0,6.0,nan,10.0,11.0,25.0,39.0
36,南投,2018-01-29,33,4.0,7.0,nan,24.0,26.0,18.0,33.0
37,斗六,2018-01-29,28,4.0,6.0,nan,25.0,20.0,21.0,28.0
38,崙背,2018-01-29,44,6.0,6.0,nan,25.0,13.0,27.0,44.0
39,新港,2018-01-29,42,4.0,6.0,nan,29.0,13.0,25.0,42.0
40,朴子,2018-01-29,34,6.0,6.0,nan,33.0,12.0,28.0,34.0
41,臺西,2018-01-29,40,7.0,6.0,nan,21.0,17.0,nan,40.0
42,嘉義,2018-01-29,47,4.0,7.0,nan,31.0,25.0,19.0,47.0
43,新營,2018-01-29,38,3.0,6.0,nan,35.0,18.0,19.0,38.0
44,善化,2018-01-29,49,4.0,6.0,nan,24.0,21.0,19.0,49.0
45,安南,2018-01-29,33,3.0,6.0,nan,32.0,23.0,20.0,33.0
46,臺南,2018-01-29,48,4.0,6.0,nan,33.0,23.0,20.0,48.0
47,美濃,2018-01-29,65,3.0,5.0,nan,39.0,16.0,13.0,65.0
48,橋頭,2018-01-29,69,4.0,6.0,nan,37.0,27.0,16.0,69.0
50,鳳山,2018-01-29,91,14.0,8.0,nan,52.0,37.0,nan,91.0
51,大寮,2018-01-29,79,21.0,7.0,nan,42.0,37.0,11.0,79.0
52,林園,2018-01-29,54,13.0,5.0,nan,46.0,33.0,27.0,54.0
53,楠梓,2018-01-29,71,6.0,6.0,nan,43.0,27.0,19.0,71.0
54,左營,2018-01-29,74,4.0,7.0,nan,47.0,34.0,20.0,74.0
56,前金,2018-01-29,66,7.0,7.0,nan,39.0,32.0,20.0,66.0
57,前鎮,2018-01-29,77,9.0,8.0,nan,47.0,37.0,nan,77.0
58,小港,2018-01-29,78,10.0,7.0,nan,43.0,35.0,19.0,78.0
59,屏東,2018-01-29,77,19.0,8.0,nan,45.0,42.0,11.0,77.0
60,潮州,2018-01-29,82,7.0,5.0,nan,56.0,29.0,20.0,82.0
61,恆春,2018-01-29,40,4.0,3.0,nan,19.0,2.0,40.0,23.0
62,臺東,2018-01-29,29,1.0,6.0,nan,15.0,10.0,29.0,19.0
63,花蓮,2018-01-29,35,3.0,6.0,nan,16.0,12.0,35.0,18.0
64,陽明,2018-01-29,39,3.0,5.0,nan,5.0,2.0,39.0,8.0
65,宜蘭,2018-01-29,33,1.0,6.0,nan,18.0,8.0,33.0,24.0
66,冬山,2018-01-29,36,3.0,6.0,nan,15.0,12.0,36.0,11.0
67,三重,2018-01-29,43,7.0,20.0,nan,28.0,43.0,nan,18.0
68,中壢,2018-01-29,31,4.0,10.0,nan,22.0,31.0,nan,28.0
69,竹山,2018-01-29,47,3.0,6.0,nan,24.0,18.0,19.0,47.0
70,永和,2018-01-29,35,4.0,7.0,nan,15.0,25.0,nan,35.0
71,復興,2018-01-29,80,10.0,11.0,nan,45.0,41.0,nan,80.0
72,埔里,2018-01-29,44,4.0,5.0,nan,13.0,18.0,14.0,44.0
75,馬祖,2018-01-29,68,3.0,5.0,nan,29.0,8.0,39.0,68.0
77,金門,2018-01-29,49,11.0,5.0,nan,25.0,14.0,19.0,49.0
78,馬公,2018-01-29,37,3.0,6.0,nan,21.0,6.0,35.0,37.0
80,關山,2018-01-29,31,4.0,nan,nan,15.0,7.0,31.0,19.0
83,麥寮,2018-01-29,41,7.0,7.0,nan,31.0,15.0,nan,41.0
84,富貴角,2018-01-29,64,1.0,5.0,nan,49.0,3.0,42.0,64.0
1,基隆,2018-01-29,38,1.0,6.0,nan,17.0,6.0,38.0,37.0
39,新港,2018-01-30,58,7.0,7.0,nan,37.0,25.0,27.0,58.0
84,富貴角,2018-01-30,43,1.0,2.0,nan,31.0,2.0,43.0,38.0
83,麥寮,2018-01-30,50,6.0,6.0,nan,33.0,20.0,nan,50.0
80,關山,2018-01-30,29,4.0,nan,nan,14.0,10.0,29.0,22.0
78,馬公,2018-01-30,68,4.0,5.0,nan,37.0,6.0,40.0,68.0
77,金門,2018-01-30,103,4.0,6.0,nan,50.0,16.0,31.0,103.0
75,馬祖,2018-01-30,154,4.0,7.0,nan,76.0,9.0,40.0,154.0
72,埔里,2018-01-30,46,6.0,7.0,nan,17.0,20.0,23.0,46.0
71,復興,2018-01-30,88,7.0,12.0,nan,47.0,41.0,nan,88.0
70,永和,2018-01-30,27,3.0,6.0,nan,14.0,24.0,nan,27.0
69,竹山,2018-01-30,86,4.0,6.0,nan,36.0,31.0,17.0,86.0
67,三重,2018-01-30,40,6.0,14.0,nan,31.0,40.0,nan,16.0
66,冬山,2018-01-30,38,3.0,3.0,nan,13.0,16.0,38.0,17.0
65,宜蘭,2018-01-30,36,1.0,5.0,nan,17.0,15.0,36.0,23.0
64,陽明,2018-01-30,41,3.0,2.0,nan,5.0,2.0,41.0,4.0
63,花蓮,2018-01-30,28,3.0,6.0,nan,16.0,24.0,28.0,24.0
62,臺東,2018-01-30,30,3.0,6.0,nan,13.0,15.0,30.0,21.0
61,恆春,2018-01-30,43,3.0,5.0,nan,20.0,2.0,43.0,20.0
60,潮州,2018-01-30,94,24.0,7.0,nan,57.0,27.0,40.0,94.0
59,屏東,2018-01-30,72,4.0,8.0,nan,33.0,25.0,31.0,72.0
58,小港,2018-01-30,81,13.0,8.0,nan,44.0,41.0,35.0,81.0
57,前鎮,2018-01-30,82,9.0,9.0,nan,48.0,36.0,nan,82.0
56,前金,2018-01-30,75,4.0,8.0,nan,41.0,31.0,36.0,75.0
68,中壢,2018-01-30,33,7.0,8.0,nan,25.0,33.0,nan,25.0
54,左營,2018-01-30,75,6.0,8.0,nan,44.0,31.0,24.0,75.0
53,楠梓,2018-01-30,97,6.0,7.0,nan,50.0,28.0,32.0,97.0
52,林園,2018-01-30,65,14.0,8.0,nan,49.0,37.0,43.0,65.0
51,大寮,2018-01-30,94,21.0,8.0,nan,45.0,35.0,29.0,94.0
50,鳳山,2018-01-30,92,6.0,9.0,nan,50.0,37.0,nan,92.0
48,橋頭,2018-01-30,83,6.0,8.0,nan,42.0,31.0,27.0,83.0
47,美濃,2018-01-30,60,3.0,6.0,nan,39.0,13.0,27.0,60.0
46,臺南,2018-01-30,58,4.0,7.0,nan,30.0,30.0,30.0,58.0
45,安南,2018-01-30,49,3.0,6.0,nan,36.0,30.0,31.0,49.0
44,善化,2018-01-30,62,6.0,6.0,nan,30.0,31.0,24.0,62.0
43,新營,2018-01-30,61,6.0,6.0,nan,39.0,33.0,23.0,61.0
42,嘉義,2018-01-30,68,11.0,8.0,nan,34.0,35.0,19.0,68.0
41,臺西,2018-01-30,56,6.0,5.0,nan,22.0,16.0,nan,56.0
40,朴子,2018-01-30,48,7.0,5.0,nan,38.0,26.0,31.0,48.0
38,崙背,2018-01-30,54,10.0,6.0,nan,31.0,28.0,28.0,54.0
37,斗六,2018-01-30,59,4.0,6.0,nan,29.0,34.0,20.0,59.0
36,南投,2018-01-30,60,9.0,8.0,nan,32.0,40.0,18.0,60.0
35,二林,2018-01-30,54,13.0,6.0,nan,21.0,26.0,28.0,54.0
34,線西,2018-01-30,41,9.0,5.0,nan,24.0,26.0,nan,41.0
33,彰化,2018-01-30,40,6.0,6.0,nan,23.0,29.0,25.0,40.0
32,西屯,2018-01-30,31,4.0,5.0,nan,26.0,23.0,31.0,31.0
31,忠明,2018-01-30,32,4.0,6.0,nan,13.0,31.0,26.0,32.0
30,大里,2018-01-30,37,4.0,8.0,nan,22.0,37.0,23.0,27.0
29,沙鹿,2018-01-30,33,3.0,5.0,nan,20.0,23.0,31.0,33.0
28,豐原,2018-01-30,28,6.0,6.0,nan,17.0,21.0,28.0,26.0
27,三義,2018-01-30,31,1.0,3.0,nan,14.0,16.0,31.0,29.0
26,苗栗,2018-01-30,43,3.0,6.0,nan,24.0,25.0,29.0,43.0
25,頭份,2018-01-30,32,3.0,5.0,nan,20.0,22.0,nan,32.0
24,新竹,2018-01-30,37,3.0,5.0,nan,17.0,29.0,32.0,37.0
23,竹東,2018-01-30,34,3.0,3.0,nan,11.0,15.0,34.0,34.0
22,湖口,2018-01-30,38,3.0,3.0,nan,23.0,18.0,38.0,36.0
21,龍潭,2018-01-30,34,7.0,5.0,nan,18.0,19.0,34.0,27.0
20,平鎮,2018-01-30,27,4.0,6.0,nan,nan,19.0,27.0,nan
19,觀音,2018-01-30,47,10.0,3.0,nan,31.0,26.0,31.0,47.0
18,大園,2018-01-30,36,7.0,3.0,nan,25.0,25.0,35.0,36.0
17,桃園,2018-01-30,30,9.0,5.0,nan,17.0,26.0,30.0,29.0
49,仁武,2018-01-30,77,6.0,8.0,nan,40.0,31.0,31.0,77.0
16,大同,2018-01-30,42,6.0,15.0,nan,32.0,42.0,nan,30.0
15,松山,2018-01-30,31,7.0,5.0,nan,19.0,30.0,31.0,28.0
14,古亭,2018-01-30,31,4.0,5.0,nan,13.0,25.0,31.0,22.0
13,萬華,2018-01-30,33,6.0,6.0,nan,13.0,33.0,31.0,23.0
12,中山,2018-01-30,36,nan,7.0,nan,12.0,36.0,31.0,24.0
11,士林,2018-01-30,37,7.0,3.0,nan,11.0,12.0,37.0,16.0
10,淡水,2018-01-30,31,3.0,6.0,nan,14.0,22.0,31.0,23.0
9,林口,2018-01-30,35,4.0,5.0,nan,20.0,28.0,35.0,31.0
8,菜寮,2018-01-30,30,4.0,6.0,nan,14.0,25.0,30.0,23.0
7,新莊,2018-01-30,31,6.0,6.0,nan,15.0,28.0,31.0,19.0
6,板橋,2018-01-30,36,4.0,6.0,nan,15.0,30.0,31.0,36.0
5,土城,2018-01-30,31,4.0,7.0,nan,15.0,25.0,31.0,26.0
4,新店,2018-01-30,32,3.0,6.0,nan,10.0,25.0,32.0,20.0
3,萬里,2018-01-30,44,3.0,2.0,nan,31.0,3.0,44.0,31.0
2,汐止,2018-01-30,39,7.0,5.0,nan,13.0,28.0,34.0,39.0
1,基隆,2018-01-30,40,1.0,3.0,nan,13.0,12.0,40.0,27.0
2,汐止,2018-01-31,38,7.0,6.0,nan,7.0,38.0,36.0,29.0
84,富貴角,2018-01-31,43,1.0,2.0,nan,32.0,4.0,43.0,29.0
83,麥寮,2018-01-31,43,7.0,5.0,nan,34.0,16.0,nan,43.0
80,關山,2018-01-31,35,6.0,nan,nan,17.0,7.0,35.0,23.0
78,馬公,2018-01-31,48,3.0,5.0,nan,23.0,7.0,40.0,48.0
77,金門,2018-01-31,55,6.0,6.0,nan,27.0,20.0,26.0,55.0
75,馬祖,2018-01-31,78,3.0,5.0,nan,31.0,7.0,42.0,78.0
72,埔里,2018-01-31,73,4.0,6.0,nan,30.0,23.0,33.0,73.0
71,復興,2018-01-31,120,10.0,14.0,nan,60.0,48.0,nan,120.0
70,永和,2018-01-31,40,4.0,11.0,nan,9.0,40.0,nan,23.0
69,竹山,2018-01-31,84,6.0,7.0,nan,40.0,24.0,32.0,84.0
68,中壢,2018-01-31,38,7.0,9.0,nan,24.0,38.0,nan,15.0
67,三重,2018-01-31,44,nan,19.0,nan,30.0,44.0,nan,22.0
66,冬山,2018-01-31,36,1.0,3.0,nan,15.0,28.0,36.0,16.0
65,宜蘭,2018-01-31,36,4.0,5.0,nan,18.0,26.0,36.0,22.0
64,陽明,2018-01-31,41,3.0,2.0,nan,nan,2.0,41.0,3.0
63,花蓮,2018-01-31,40,3.0,5.0,nan,20.0,18.0,40.0,24.0
62,臺東,2018-01-31,34,1.0,5.0,nan,18.0,10.0,34.0,17.0
61,恆春,2018-01-31,74,7.0,2.0,nan,27.0,8.0,74.0,34.0
60,潮州,2018-01-31,97,7.0,6.0,nan,62.0,19.0,87.0,97.0
59,屏東,2018-01-31,81,19.0,7.0,nan,45.0,20.0,45.0,81.0
58,小港,2018-01-31,108,20.0,9.0,nan,63.0,44.0,43.0,108.0
57,前鎮,2018-01-31,109,13.0,10.0,nan,64.0,41.0,nan,109.0
56,前金,2018-01-31,97,6.0,9.0,nan,55.0,31.0,43.0,97.0
54,左營,2018-01-31,101,6.0,9.0,nan,59.0,34.0,44.0,101.0
53,楠梓,2018-01-31,106,4.0,7.0,nan,59.0,28.0,40.0,106.0
52,林園,2018-01-31,74,26.0,9.0,nan,59.0,44.0,48.0,74.0
51,大寮,2018-01-31,105,31.0,9.0,nan,54.0,36.0,48.0,105.0
50,鳳山,2018-01-31,124,9.0,10.0,nan,59.0,49.0,nan,124.0
48,橋頭,2018-01-31,97,6.0,8.0,nan,52.0,30.0,32.0,97.0
47,美濃,2018-01-31,66,3.0,5.0,nan,47.0,13.0,38.0,66.0
46,臺南,2018-01-31,67,4.0,8.0,nan,39.0,29.0,33.0,67.0
45,安南,2018-01-31,68,6.0,7.0,nan,46.0,27.0,34.0,68.0
44,善化,2018-01-31,75,9.0,6.0,nan,41.0,26.0,26.0,75.0
43,新營,2018-01-31,68,6.0,6.0,nan,49.0,25.0,25.0,68.0
42,嘉義,2018-01-31,66,10.0,8.0,nan,45.0,27.0,27.0,66.0
41,臺西,2018-01-31,41,4.0,5.0,nan,24.0,10.0,nan,41.0
40,朴子,2018-01-31,47,6.0,5.0,nan,44.0,19.0,39.0,47.0
1,基隆,2018-01-31,41,3.0,5.0,nan,9.0,14.0,41.0,16.0
39,新港,2018-01-31,70,9.0,7.0,nan,43.0,21.0,32.0,70.0
38,崙背,2018-01-31,67,10.0,6.0,nan,35.0,21.0,34.0,67.0
37,斗六,2018-01-31,55,4.0,7.0,nan,35.0,27.0,33.0,55.0
36,南投,2018-01-31,67,7.0,9.0,nan,39.0,27.0,20.0,67.0
35,二林,2018-01-31,55,10.0,7.0,nan,19.0,19.0,30.0,55.0
34,線西,2018-01-31,42,9.0,6.0,nan,26.0,21.0,nan,42.0
33,彰化,2018-01-31,35,4.0,7.0,nan,25.0,24.0,27.0,35.0
32,西屯,2018-01-31,37,4.0,5.0,nan,26.0,15.0,35.0,37.0
31,忠明,2018-01-31,40,3.0,5.0,nan,17.0,24.0,28.0,40.0
30,大里,2018-01-31,36,6.0,9.0,nan,30.0,29.0,25.0,36.0
29,沙鹿,2018-01-31,33,3.0,5.0,nan,19.0,23.0,33.0,32.0
28,豐原,2018-01-31,40,7.0,7.0,nan,22.0,20.0,29.0,40.0
27,三義,2018-01-31,35,3.0,3.0,nan,15.0,17.0,34.0,35.0
26,苗栗,2018-01-31,41,7.0,6.0,nan,28.0,22.0,31.0,41.0
25,頭份,2018-01-31,19,6.0,5.0,nan,19.0,18.0,nan,19.0
24,新竹,2018-01-31,31,4.0,5.0,nan,13.0,22.0,31.0,30.0
23,竹東,2018-01-31,34,3.0,5.0,nan,11.0,18.0,28.0,34.0
22,湖口,2018-01-31,39,4.0,5.0,nan,16.0,16.0,39.0,23.0
21,龍潭,2018-01-31,34,7.0,6.0,nan,17.0,23.0,34.0,20.0
20,平鎮,2018-01-31,30,6.0,7.0,nan,20.0,nan,30.0,26.0
19,觀音,2018-01-31,36,10.0,5.0,nan,28.0,29.0,35.0,36.0
18,大園,2018-01-31,40,16.0,5.0,nan,21.0,37.0,40.0,17.0
17,桃園,2018-01-31,34,9.0,5.0,nan,14.0,23.0,34.0,19.0
49,仁武,2018-01-31,97,9.0,9.0,nan,59.0,44.0,40.0,97.0
16,大同,2018-01-31,45,7.0,25.0,nan,29.0,45.0,nan,40.0
15,松山,2018-01-31,37,6.0,6.0,nan,14.0,37.0,31.0,16.0
14,古亭,2018-01-31,42,6.0,9.0,nan,13.0,42.0,33.0,18.0
13,萬華,2018-01-31,38,6.0,8.0,nan,14.0,38.0,28.0,27.0
12,中山,2018-01-31,40,nan,10.0,nan,13.0,40.0,28.0,26.0
11,士林,2018-01-31,30,7.0,5.0,nan,14.0,28.0,30.0,14.0
10,淡水,2018-01-31,31,3.0,6.0,nan,12.0,28.0,31.0,24.0
9,林口,2018-01-31,39,7.0,3.0,nan,14.0,24.0,39.0,20.0
8,菜寮,2018-01-31,30,7.0,7.0,nan,12.0,30.0,28.0,24.0
7,新莊,2018-01-31,35,6.0,7.0,nan,10.0,34.0,35.0,17.0
6,板橋,2018-01-31,31,4.0,7.0,nan,12.0,28.0,31.0,29.0
5,土城,2018-01-31,30,7.0,6.0,nan,13.0,25.0,30.0,19.0
4,新店,2018-01-31,32,4.0,6.0,nan,7.0,32.0,27.0,15.0
3,萬里,2018-01-31,45,4.0,2.0,nan,26.0,3.0,45.0,24.0
