siteid,sitename,monitordate,aqi,so2subindex,cosubindex,o3subindex,pm10subindex,no2subindex,o38subindex,pm25subindex
84,富貴角,2017-05-01,97,6.0,3.0,nan,nan,7.0,97.0,nan
1,基隆,2017-05-01,46,3.0,6.0,nan,20.0,22.0,46.0,44.0
50,鳳山,2017-05-01,83,20.0,7.0,nan,57.0,25.0,nan,83.0
2,汐止,2017-05-01,61,9.0,6.0,nan,27.0,29.0,61.0,59.0
3,萬里,2017-05-01,60,9.0,3.0,nan,25.0,13.0,50.0,60.0
4,新店,2017-05-01,71,4.0,5.0,nan,25.0,18.0,71.0,52.0
5,土城,2017-05-01,146,7.0,7.0,nan,34.0,36.0,146.0,66.0
6,板橋,2017-05-01,143,6.0,8.0,nan,40.0,40.0,143.0,71.0
7,新莊,2017-05-01,143,7.0,8.0,nan,39.0,37.0,143.0,55.0
8,菜寮,2017-05-01,129,7.0,7.0,nan,34.0,37.0,129.0,61.0
9,林口,2017-05-01,146,7.0,6.0,nan,53.0,35.0,146.0,83.0
10,淡水,2017-05-01,71,9.0,6.0,nan,37.0,34.0,71.0,64.0
11,士林,2017-05-01,112,7.0,5.0,nan,31.0,26.0,112.0,56.0
12,中山,2017-05-01,84,6.0,7.0,nan,35.0,28.0,84.0,55.0
13,萬華,2017-05-01,104,6.0,7.0,nan,34.0,31.0,104.0,54.0
14,古亭,2017-05-01,77,6.0,5.0,nan,26.0,23.0,77.0,52.0
15,松山,2017-05-01,71,6.0,7.0,nan,27.0,35.0,71.0,60.0
16,大同,2017-05-01,56,7.0,22.0,nan,44.0,56.0,nan,55.0
17,桃園,2017-05-01,136,11.0,7.0,nan,42.0,35.0,136.0,75.0
18,大園,2017-05-01,177,10.0,7.0,nan,45.0,30.0,177.0,80.0
19,觀音,2017-05-01,182,13.0,6.0,nan,59.0,36.0,182.0,104.0
20,平鎮,2017-05-01,169,9.0,7.0,nan,48.0,63.0,169.0,71.0
21,龍潭,2017-05-01,161,9.0,7.0,nan,48.0,37.0,161.0,88.0
22,湖口,2017-05-01,195,9.0,7.0,nan,50.0,42.0,195.0,96.0
23,竹東,2017-05-01,83,6.0,6.0,nan,43.0,22.0,80.0,83.0
24,新竹,2017-05-01,156,7.0,8.0,nan,53.0,33.0,156.0,88.0
25,頭份,2017-05-01,89,7.0,6.0,nan,47.0,28.0,nan,89.0
26,苗栗,2017-05-01,129,10.0,6.0,nan,45.0,27.0,129.0,78.0
27,三義,2017-05-01,67,7.0,5.0,nan,32.0,15.0,67.0,56.0
28,豐原,2017-05-01,64,9.0,5.0,nan,31.0,20.0,64.0,63.0
29,沙鹿,2017-05-01,108,7.0,7.0,nan,40.0,53.0,108.0,90.0
30,大里,2017-05-01,90,6.0,6.0,nan,47.0,40.0,90.0,67.0
31,忠明,2017-05-01,88,6.0,7.0,nan,39.0,46.0,74.0,88.0
32,西屯,2017-05-01,97,6.0,6.0,nan,44.0,45.0,97.0,86.0
33,彰化,2017-05-01,95,29.0,8.0,nan,50.0,28.0,64.0,95.0
34,線西,2017-05-01,104,16.0,6.0,nan,56.0,24.0,nan,104.0
35,二林,2017-05-01,87,6.0,5.0,nan,58.0,23.0,87.0,84.0
36,南投,2017-05-01,76,19.0,8.0,nan,44.0,35.0,46.0,76.0
37,斗六,2017-05-01,77,7.0,5.0,nan,43.0,26.0,77.0,74.0
38,崙背,2017-05-01,91,4.0,5.0,nan,46.0,19.0,64.0,91.0
39,新港,2017-05-01,80,6.0,5.0,nan,51.0,18.0,80.0,79.0
40,朴子,2017-05-01,87,7.0,3.0,nan,56.0,14.0,87.0,71.0
41,臺西,2017-05-01,109,10.0,5.0,nan,51.0,17.0,nan,109.0
42,嘉義,2017-05-01,71,6.0,6.0,nan,42.0,22.0,71.0,55.0
43,新營,2017-05-01,66,6.0,5.0,nan,47.0,23.0,54.0,66.0
44,善化,2017-05-01,77,27.0,5.0,nan,43.0,20.0,77.0,68.0
45,安南,2017-05-01,64,4.0,5.0,nan,44.0,23.0,64.0,61.0
46,臺南,2017-05-01,64,6.0,6.0,nan,35.0,28.0,64.0,61.0
47,美濃,2017-05-01,101,4.0,5.0,nan,41.0,12.0,101.0,75.0
48,橋頭,2017-05-01,86,14.0,5.0,nan,54.0,25.0,64.0,86.0
49,仁武,2017-05-01,172,17.0,5.0,nan,52.0,24.0,172.0,78.0
51,大寮,2017-05-01,73,39.0,6.0,nan,52.0,26.0,67.0,73.0
52,林園,2017-05-01,74,11.0,5.0,nan,31.0,14.0,74.0,70.0
53,楠梓,2017-05-01,126,11.0,6.0,nan,64.0,26.0,126.0,80.0
54,左營,2017-05-01,164,19.0,6.0,nan,53.0,39.0,164.0,84.0
56,前金,2017-05-01,159,21.0,7.0,nan,48.0,24.0,159.0,84.0
57,前鎮,2017-05-01,88,21.0,6.0,nan,50.0,28.0,nan,88.0
58,小港,2017-05-01,74,36.0,5.0,nan,51.0,37.0,74.0,74.0
59,屏東,2017-05-01,129,14.0,6.0,nan,46.0,20.0,129.0,86.0
60,潮州,2017-05-01,84,6.0,5.0,nan,54.0,19.0,74.0,84.0
61,恆春,2017-05-01,45,1.0,2.0,nan,25.0,2.0,45.0,30.0
62,臺東,2017-05-01,37,1.0,3.0,nan,27.0,8.0,31.0,37.0
63,花蓮,2017-05-01,45,3.0,3.0,nan,21.0,9.0,45.0,44.0
64,陽明,2017-05-01,118,9.0,3.0,nan,21.0,7.0,118.0,58.0
65,宜蘭,2017-05-01,46,3.0,3.0,nan,30.0,10.0,46.0,39.0
66,冬山,2017-05-01,42,4.0,3.0,nan,27.0,21.0,42.0,30.0
67,三重,2017-05-01,66,7.0,18.0,nan,50.0,66.0,nan,60.0
68,中壢,2017-05-01,75,9.0,14.0,nan,52.0,64.0,nan,75.0
69,竹山,2017-05-01,90,6.0,5.0,nan,41.0,24.0,90.0,79.0
70,永和,2017-05-01,63,6.0,10.0,nan,30.0,33.0,nan,63.0
71,復興,2017-05-01,75,20.0,10.0,nan,48.0,29.0,nan,75.0
72,埔里,2017-05-01,112,4.0,5.0,nan,38.0,25.0,112.0,75.0
75,馬祖,2017-05-01,118,9.0,5.0,nan,44.0,14.0,118.0,77.0
77,金門,2017-05-01,137,19.0,6.0,nan,66.0,33.0,80.0,137.0
78,馬公,2017-05-01,108,7.0,6.0,nan,39.0,15.0,108.0,74.0
80,關山,2017-05-01,32,1.0,nan,nan,23.0,7.0,32.0,31.0
83,麥寮,2017-05-01,113,6.0,5.0,nan,64.0,17.0,nan,113.0
50,鳳山,2017-05-02,76,27.0,8.0,nan,54.0,16.0,nan,76.0
84,富貴角,2017-05-02,44,4.0,2.0,nan,nan,5.0,44.0,nan
83,麥寮,2017-05-02,119,13.0,6.0,nan,65.0,24.0,nan,119.0
80,關山,2017-05-02,38,1.0,nan,nan,26.0,6.0,31.0,38.0
78,馬公,2017-05-02,61,7.0,5.0,nan,32.0,21.0,44.0,61.0
77,金門,2017-05-02,110,14.0,6.0,nan,44.0,22.0,36.0,110.0
75,馬祖,2017-05-02,81,9.0,5.0,nan,45.0,11.0,77.0,81.0
72,埔里,2017-05-02,81,6.0,6.0,nan,42.0,19.0,74.0,81.0
71,復興,2017-05-02,72,33.0,8.0,nan,44.0,36.0,nan,72.0
70,永和,2017-05-02,70,7.0,18.0,nan,37.0,45.0,nan,70.0
69,竹山,2017-05-02,100,10.0,6.0,nan,51.0,25.0,100.0,91.0
68,中壢,2017-05-02,78,9.0,19.0,nan,55.0,47.0,nan,78.0
67,三重,2017-05-02,65,9.0,20.0,nan,53.0,65.0,nan,53.0
66,冬山,2017-05-02,40,6.0,3.0,nan,28.0,12.0,34.0,40.0
65,宜蘭,2017-05-02,39,4.0,3.0,nan,30.0,11.0,36.0,39.0
64,陽明,2017-05-02,53,9.0,3.0,nan,19.0,7.0,49.0,53.0
63,花蓮,2017-05-02,47,4.0,5.0,nan,25.0,16.0,40.0,47.0
62,臺東,2017-05-02,34,3.0,5.0,nan,29.0,8.0,27.0,34.0
61,恆春,2017-05-02,41,1.0,1.0,nan,27.0,2.0,41.0,29.0
60,潮州,2017-05-02,52,4.0,3.0,nan,50.0,10.0,40.0,52.0
59,屏東,2017-05-02,77,13.0,5.0,nan,46.0,17.0,51.0,77.0
58,小港,2017-05-02,67,36.0,6.0,nan,49.0,42.0,44.0,67.0
57,前鎮,2017-05-02,75,37.0,7.0,nan,49.0,36.0,nan,75.0
56,前金,2017-05-02,78,29.0,7.0,nan,45.0,31.0,51.0,78.0
54,左營,2017-05-02,91,14.0,7.0,nan,57.0,35.0,90.0,91.0
53,楠梓,2017-05-02,126,13.0,7.0,nan,73.0,48.0,126.0,112.0
52,林園,2017-05-02,69,6.0,5.0,nan,30.0,16.0,50.0,69.0
51,大寮,2017-05-02,72,29.0,5.0,nan,54.0,25.0,34.0,72.0
49,仁武,2017-05-02,77,16.0,6.0,nan,55.0,25.0,74.0,77.0
48,橋頭,2017-05-02,95,11.0,6.0,nan,62.0,31.0,71.0,95.0
47,美濃,2017-05-02,104,9.0,5.0,nan,47.0,14.0,104.0,82.0
46,臺南,2017-05-02,118,13.0,6.0,nan,49.0,21.0,118.0,82.0
45,安南,2017-05-02,74,7.0,5.0,nan,48.0,22.0,74.0,74.0
44,善化,2017-05-02,76,11.0,5.0,nan,48.0,18.0,54.0,76.0
43,新營,2017-05-02,83,7.0,6.0,nan,57.0,24.0,50.0,83.0
42,嘉義,2017-05-02,86,9.0,8.0,nan,55.0,32.0,74.0,86.0
41,臺西,2017-05-02,110,16.0,5.0,nan,54.0,19.0,nan,110.0
40,朴子,2017-05-02,87,9.0,5.0,nan,58.0,22.0,87.0,80.0
39,新港,2017-05-02,83,7.0,6.0,nan,57.0,20.0,80.0,83.0
38,崙背,2017-05-02,107,9.0,6.0,nan,54.0,25.0,64.0,107.0
37,斗六,2017-05-02,97,9.0,6.0,nan,53.0,34.0,93.0,97.0
36,南投,2017-05-02,91,9.0,8.0,nan,54.0,36.0,51.0,91.0
35,二林,2017-05-02,75,9.0,5.0,nan,53.0,25.0,54.0,75.0
34,線西,2017-05-02,101,19.0,7.0,nan,55.0,37.0,nan,101.0
33,彰化,2017-05-02,86,14.0,11.0,nan,51.0,42.0,47.0,86.0
32,西屯,2017-05-02,92,13.0,8.0,nan,53.0,47.0,49.0,92.0
31,忠明,2017-05-02,86,14.0,11.0,nan,48.0,50.0,47.0,86.0
30,大里,2017-05-02,66,9.0,12.0,nan,54.0,52.0,16.0,66.0
29,沙鹿,2017-05-02,96,14.0,8.0,nan,44.0,41.0,51.0,96.0
28,豐原,2017-05-02,74,7.0,5.0,nan,37.0,16.0,74.0,68.0
27,三義,2017-05-02,64,4.0,5.0,nan,41.0,20.0,54.0,64.0
26,苗栗,2017-05-02,77,6.0,6.0,nan,45.0,23.0,54.0,77.0
25,頭份,2017-05-02,79,6.0,5.0,nan,44.0,18.0,nan,79.0
24,新竹,2017-05-02,72,4.0,7.0,nan,43.0,34.0,64.0,72.0
23,竹東,2017-05-02,85,4.0,5.0,nan,47.0,18.0,44.0,85.0
22,湖口,2017-05-02,87,10.0,6.0,nan,43.0,36.0,77.0,87.0
21,龍潭,2017-05-02,82,7.0,7.0,nan,49.0,33.0,51.0,82.0
20,平鎮,2017-05-02,77,7.0,7.0,nan,48.0,33.0,61.0,77.0
19,觀音,2017-05-02,88,23.0,6.0,nan,55.0,40.0,71.0,88.0
18,大園,2017-05-02,72,13.0,7.0,nan,46.0,34.0,54.0,72.0
17,桃園,2017-05-02,78,16.0,8.0,nan,46.0,38.0,46.0,78.0
16,大同,2017-05-02,63,9.0,24.0,nan,50.0,63.0,nan,62.0
15,松山,2017-05-02,57,9.0,8.0,nan,29.0,36.0,48.0,57.0
14,古亭,2017-05-02,62,6.0,8.0,nan,32.0,39.0,58.0,62.0
13,萬華,2017-05-02,59,7.0,9.0,nan,33.0,41.0,41.0,59.0
12,中山,2017-05-02,55,7.0,11.0,nan,35.0,43.0,37.0,55.0
11,士林,2017-05-02,60,7.0,7.0,nan,32.0,37.0,42.0,60.0
10,淡水,2017-05-02,64,4.0,8.0,nan,37.0,30.0,41.0,64.0
9,林口,2017-05-02,91,7.0,7.0,nan,60.0,45.0,64.0,91.0
8,菜寮,2017-05-02,73,7.0,10.0,nan,39.0,46.0,44.0,73.0
7,新莊,2017-05-02,65,9.0,9.0,nan,46.0,36.0,44.0,65.0
6,板橋,2017-05-02,74,7.0,9.0,nan,45.0,40.0,44.0,74.0
5,土城,2017-05-02,71,7.0,8.0,nan,42.0,36.0,67.0,71.0
4,新店,2017-05-02,74,9.0,8.0,nan,35.0,33.0,74.0,66.0
3,萬里,2017-05-02,56,9.0,3.0,nan,23.0,12.0,37.0,56.0
2,汐止,2017-05-02,61,10.0,7.0,nan,27.0,32.0,40.0,61.0
1,基隆,2017-05-02,41,4.0,6.0,nan,19.0,23.0,35.0,41.0
84,富貴角,2017-05-03,45,11.0,2.0,nan,nan,9.0,45.0,nan
1,基隆,2017-05-03,56,4.0,5.0,nan,22.0,18.0,37.0,56.0
50,鳳山,2017-05-03,86,13.0,7.0,nan,62.0,28.0,nan,86.0
2,汐止,2017-05-03,71,17.0,6.0,nan,31.0,25.0,31.0,71.0
3,萬里,2017-05-03,67,6.0,3.0,nan,32.0,13.0,40.0,67.0
4,新店,2017-05-03,76,7.0,6.0,nan,34.0,24.0,35.0,76.0
5,土城,2017-05-03,77,10.0,9.0,nan,40.0,31.0,39.0,77.0
6,板橋,2017-05-03,86,27.0,10.0,nan,48.0,36.0,29.0,86.0
7,新莊,2017-05-03,85,46.0,11.0,nan,47.0,41.0,29.0,85.0
8,菜寮,2017-05-03,85,43.0,9.0,nan,40.0,33.0,30.0,85.0
9,林口,2017-05-03,106,20.0,8.0,nan,64.0,44.0,36.0,106.0
10,淡水,2017-05-03,79,7.0,7.0,nan,43.0,23.0,36.0,79.0
11,士林,2017-05-03,62,16.0,6.0,nan,27.0,25.0,34.0,62.0
12,中山,2017-05-03,78,56.0,8.0,nan,37.0,38.0,20.0,78.0
13,萬華,2017-05-03,73,54.0,8.0,nan,39.0,35.0,21.0,73.0
14,古亭,2017-05-03,76,14.0,7.0,nan,37.0,33.0,29.0,76.0
15,松山,2017-05-03,82,33.0,7.0,nan,35.0,28.0,19.0,82.0
16,大同,2017-05-03,78,49.0,23.0,nan,52.0,41.0,nan,78.0
17,桃園,2017-05-03,103,33.0,10.0,nan,54.0,39.0,45.0,103.0
18,大園,2017-05-03,67,14.0,5.0,nan,44.0,31.0,42.0,67.0
19,觀音,2017-05-03,65,14.0,3.0,nan,50.0,31.0,41.0,65.0
20,平鎮,2017-05-03,84,11.0,7.0,nan,52.0,39.0,47.0,84.0
21,龍潭,2017-05-03,93,9.0,7.0,nan,56.0,32.0,80.0,93.0
22,湖口,2017-05-03,103,10.0,6.0,nan,50.0,30.0,49.0,103.0
23,竹東,2017-05-03,93,4.0,5.0,nan,48.0,19.0,45.0,93.0
24,新竹,2017-05-03,75,9.0,7.0,nan,47.0,34.0,44.0,75.0
25,頭份,2017-05-03,82,9.0,6.0,nan,49.0,31.0,nan,82.0
26,苗栗,2017-05-03,83,13.0,6.0,nan,52.0,34.0,42.0,83.0
27,三義,2017-05-03,65,7.0,3.0,nan,41.0,18.0,61.0,65.0
28,豐原,2017-05-03,77,9.0,5.0,nan,40.0,14.0,77.0,75.0
29,沙鹿,2017-05-03,96,10.0,6.0,nan,47.0,34.0,61.0,96.0
30,大里,2017-05-03,90,13.0,8.0,nan,59.0,35.0,90.0,64.0
31,忠明,2017-05-03,99,11.0,9.0,nan,54.0,43.0,54.0,99.0
32,西屯,2017-05-03,98,10.0,7.0,nan,56.0,42.0,54.0,98.0
33,彰化,2017-05-03,116,16.0,9.0,nan,59.0,30.0,47.0,116.0
34,線西,2017-05-03,103,20.0,8.0,nan,58.0,34.0,nan,103.0
35,二林,2017-05-03,102,7.0,7.0,nan,69.0,24.0,67.0,102.0
36,南投,2017-05-03,97,7.0,6.0,nan,57.0,25.0,77.0,97.0
37,斗六,2017-05-03,115,11.0,5.0,nan,62.0,28.0,115.0,108.0
38,崙背,2017-05-03,141,13.0,6.0,nan,65.0,30.0,84.0,141.0
39,新港,2017-05-03,120,9.0,3.0,nan,68.0,nan,87.0,120.0
40,朴子,2017-05-03,97,16.0,6.0,nan,69.0,23.0,87.0,97.0
41,臺西,2017-05-03,148,17.0,6.0,nan,68.0,25.0,nan,148.0
42,嘉義,2017-05-03,107,9.0,6.0,nan,59.0,19.0,97.0,107.0
43,新營,2017-05-03,111,6.0,6.0,nan,64.0,23.0,48.0,111.0
44,善化,2017-05-03,96,29.0,3.0,nan,54.0,16.0,50.0,96.0
45,安南,2017-05-03,95,10.0,6.0,nan,60.0,28.0,84.0,95.0
46,臺南,2017-05-03,91,9.0,6.0,nan,53.0,23.0,74.0,91.0
47,美濃,2017-05-03,90,7.0,5.0,nan,50.0,10.0,71.0,90.0
48,橋頭,2017-05-03,103,11.0,6.0,nan,61.0,26.0,43.0,103.0
49,仁武,2017-05-03,93,20.0,6.0,nan,60.0,23.0,64.0,93.0
51,大寮,2017-05-03,81,31.0,6.0,nan,60.0,29.0,74.0,81.0
52,林園,2017-05-03,132,21.0,3.0,nan,35.0,19.0,132.0,81.0
53,楠梓,2017-05-03,115,10.0,6.0,nan,73.0,19.0,77.0,115.0
54,左營,2017-05-03,101,20.0,6.0,nan,57.0,18.0,101.0,99.0
56,前金,2017-05-03,84,29.0,6.0,nan,56.0,25.0,84.0,83.0
57,前鎮,2017-05-03,87,36.0,7.0,nan,49.0,31.0,nan,87.0
58,小港,2017-05-03,76,50.0,6.0,nan,57.0,33.0,61.0,76.0
59,屏東,2017-05-03,143,14.0,6.0,nan,57.0,24.0,143.0,102.0
60,潮州,2017-05-03,122,13.0,5.0,nan,63.0,12.0,122.0,84.0
61,恆春,2017-05-03,36,3.0,1.0,nan,31.0,1.0,35.0,36.0
62,臺東,2017-05-03,37,3.0,5.0,nan,29.0,11.0,23.0,37.0
63,花蓮,2017-05-03,59,4.0,5.0,nan,29.0,11.0,46.0,59.0
64,陽明,2017-05-03,57,4.0,2.0,nan,19.0,5.0,42.0,57.0
65,宜蘭,2017-05-03,52,6.0,3.0,nan,33.0,10.0,39.0,52.0
66,冬山,2017-05-03,45,7.0,3.0,nan,31.0,13.0,34.0,45.0
67,三重,2017-05-03,73,36.0,20.0,nan,54.0,39.0,nan,73.0
68,中壢,2017-05-03,89,13.0,18.0,nan,62.0,48.0,nan,89.0
69,竹山,2017-05-03,112,10.0,5.0,nan,54.0,19.0,112.0,104.0
70,永和,2017-05-03,77,14.0,15.0,nan,37.0,33.0,nan,77.0
71,復興,2017-05-03,81,40.0,9.0,nan,49.0,32.0,nan,81.0
72,埔里,2017-05-03,89,4.0,5.0,nan,44.0,15.0,74.0,89.0
75,馬祖,2017-05-03,46,3.0,2.0,nan,29.0,8.0,46.0,46.0
77,金門,2017-05-03,80,3.0,3.0,nan,39.0,13.0,37.0,80.0
78,馬公,2017-05-03,71,9.0,5.0,nan,41.0,8.0,43.0,71.0
80,關山,2017-05-03,39,3.0,nan,nan,26.0,6.0,28.0,39.0
83,麥寮,2017-05-03,152,11.0,6.0,nan,78.0,22.0,nan,152.0
50,鳳山,2017-05-04,82,14.0,6.0,nan,60.0,25.0,nan,82.0
1,基隆,2017-05-04,89,9.0,7.0,nan,35.0,28.0,84.0,89.0
84,富貴角,2017-05-04,44,10.0,5.0,nan,nan,20.0,44.0,nan
83,麥寮,2017-05-04,93,7.0,3.0,nan,57.0,15.0,nan,93.0
80,關山,2017-05-04,38,1.0,nan,nan,26.0,7.0,25.0,38.0
78,馬公,2017-05-04,70,4.0,3.0,nan,44.0,13.0,33.0,70.0
77,金門,2017-05-04,103,7.0,3.0,nan,44.0,25.0,34.0,103.0
75,馬祖,2017-05-04,63,9.0,2.0,nan,36.0,10.0,45.0,63.0
72,埔里,2017-05-04,85,4.0,5.0,nan,44.0,15.0,74.0,85.0
71,復興,2017-05-04,82,29.0,8.0,nan,44.0,31.0,nan,82.0
70,永和,2017-05-04,90,6.0,16.0,nan,47.0,46.0,nan,90.0
69,竹山,2017-05-04,89,9.0,3.0,nan,49.0,14.0,61.0,89.0
68,中壢,2017-05-04,88,11.0,19.0,nan,62.0,35.0,nan,88.0
67,三重,2017-05-04,85,11.0,28.0,nan,66.0,51.0,nan,85.0
66,冬山,2017-05-04,56,13.0,6.0,nan,36.0,18.0,30.0,56.0
65,宜蘭,2017-05-04,48,4.0,3.0,nan,31.0,8.0,40.0,48.0
64,陽明,2017-05-04,70,4.0,3.0,nan,25.0,13.0,51.0,70.0
63,花蓮,2017-05-04,52,6.0,3.0,nan,25.0,8.0,33.0,52.0
62,臺東,2017-05-04,43,1.0,6.0,nan,29.0,13.0,20.0,43.0
61,恆春,2017-05-04,30,1.0,1.0,nan,25.0,1.0,30.0,25.0
60,潮州,2017-05-04,75,6.0,3.0,nan,55.0,13.0,44.0,75.0
59,屏東,2017-05-04,92,19.0,6.0,nan,51.0,21.0,67.0,92.0
58,小港,2017-05-04,76,43.0,5.0,nan,55.0,35.0,45.0,76.0
57,前鎮,2017-05-04,91,29.0,6.0,nan,48.0,31.0,nan,91.0
56,前金,2017-05-04,87,43.0,6.0,nan,52.0,38.0,64.0,87.0
54,左營,2017-05-04,92,17.0,5.0,nan,54.0,25.0,74.0,92.0
53,楠梓,2017-05-04,92,7.0,5.0,nan,67.0,21.0,61.0,92.0
52,林園,2017-05-04,164,16.0,5.0,nan,38.0,16.0,164.0,82.0
51,大寮,2017-05-04,75,14.0,5.0,nan,56.0,22.0,50.0,75.0
49,仁武,2017-05-04,84,14.0,5.0,nan,57.0,25.0,51.0,84.0
48,橋頭,2017-05-04,93,9.0,5.0,nan,54.0,22.0,41.0,93.0
47,美濃,2017-05-04,97,6.0,3.0,nan,48.0,11.0,97.0,85.0
46,臺南,2017-05-04,91,10.0,6.0,nan,53.0,16.0,74.0,91.0
45,安南,2017-05-04,86,11.0,5.0,nan,55.0,19.0,51.0,86.0
44,善化,2017-05-04,84,24.0,3.0,nan,46.0,15.0,44.0,84.0
43,新營,2017-05-04,109,9.0,5.0,nan,62.0,23.0,41.0,109.0
42,嘉義,2017-05-04,91,16.0,5.0,nan,52.0,19.0,51.0,91.0
41,臺西,2017-05-04,89,7.0,3.0,nan,51.0,16.0,nan,89.0
40,朴子,2017-05-04,80,7.0,3.0,nan,61.0,9.0,38.0,80.0
39,新港,2017-05-04,108,10.0,5.0,nan,61.0,9.0,39.0,108.0
38,崙背,2017-05-04,104,9.0,5.0,nan,49.0,15.0,39.0,104.0
37,斗六,2017-05-04,87,7.0,5.0,nan,55.0,20.0,48.0,87.0
36,南投,2017-05-04,86,4.0,5.0,nan,50.0,17.0,44.0,86.0
35,二林,2017-05-04,79,11.0,5.0,nan,54.0,15.0,42.0,79.0
34,線西,2017-05-04,92,13.0,5.0,nan,54.0,26.0,nan,92.0
33,彰化,2017-05-04,105,14.0,6.0,nan,55.0,25.0,44.0,105.0
32,西屯,2017-05-04,83,6.0,5.0,nan,52.0,25.0,54.0,83.0
31,忠明,2017-05-04,87,6.0,5.0,nan,45.0,19.0,50.0,87.0
30,大里,2017-05-04,58,6.0,6.0,nan,51.0,22.0,54.0,58.0
29,沙鹿,2017-05-04,103,16.0,7.0,nan,53.0,31.0,46.0,103.0
28,豐原,2017-05-04,89,7.0,6.0,nan,43.0,21.0,77.0,89.0
27,三義,2017-05-04,72,7.0,5.0,nan,45.0,18.0,43.0,72.0
26,苗栗,2017-05-04,86,9.0,6.0,nan,52.0,18.0,38.0,86.0
25,頭份,2017-05-04,86,11.0,5.0,nan,52.0,22.0,nan,86.0
24,新竹,2017-05-04,70,6.0,7.0,nan,46.0,21.0,33.0,70.0
23,竹東,2017-05-04,110,10.0,6.0,nan,56.0,23.0,27.0,110.0
22,湖口,2017-05-04,94,10.0,5.0,nan,46.0,25.0,41.0,94.0
21,龍潭,2017-05-04,93,6.0,6.0,nan,57.0,20.0,44.0,93.0
20,平鎮,2017-05-04,84,9.0,7.0,nan,53.0,32.0,32.0,84.0
19,觀音,2017-05-04,80,17.0,6.0,nan,51.0,43.0,37.0,80.0
18,大園,2017-05-04,80,13.0,7.0,nan,52.0,26.0,35.0,80.0
17,桃園,2017-05-04,85,20.0,8.0,nan,51.0,30.0,39.0,85.0
16,大同,2017-05-04,92,10.0,34.0,nan,58.0,44.0,nan,92.0
15,松山,2017-05-04,93,40.0,10.0,nan,48.0,50.0,64.0,93.0
14,古亭,2017-05-04,87,7.0,9.0,nan,44.0,29.0,77.0,87.0
13,萬華,2017-05-04,81,9.0,10.0,nan,44.0,33.0,46.0,81.0
12,中山,2017-05-04,86,7.0,11.0,nan,49.0,38.0,41.0,86.0
11,士林,2017-05-04,79,7.0,7.0,nan,44.0,30.0,43.0,79.0
10,淡水,2017-05-04,88,11.0,6.0,nan,45.0,27.0,32.0,88.0
9,林口,2017-05-04,102,11.0,6.0,nan,66.0,32.0,38.0,102.0
8,菜寮,2017-05-04,88,11.0,9.0,nan,46.0,31.0,42.0,88.0
7,新莊,2017-05-04,86,16.0,8.0,nan,51.0,34.0,46.0,86.0
6,板橋,2017-05-04,84,10.0,8.0,nan,52.0,33.0,54.0,84.0
5,土城,2017-05-04,78,10.0,6.0,nan,42.0,25.0,77.0,78.0
4,新店,2017-05-04,101,23.0,6.0,nan,40.0,34.0,101.0,86.0
3,萬里,2017-05-04,97,10.0,5.0,nan,49.0,17.0,97.0,92.0
2,汐止,2017-05-04,106,47.0,8.0,nan,49.0,53.0,74.0,106.0
1,基隆,2017-05-05,75,10.0,6.0,nan,31.0,22.0,37.0,75.0
84,富貴角,2017-05-05,42,10.0,3.0,nan,nan,19.0,42.0,nan
83,麥寮,2017-05-05,83,10.0,3.0,nan,51.0,12.0,nan,83.0
80,關山,2017-05-05,34,3.0,nan,nan,22.0,5.0,23.0,34.0
78,馬公,2017-05-05,55,3.0,2.0,nan,30.0,7.0,20.0,55.0
77,金門,2017-05-05,122,16.0,5.0,nan,54.0,20.0,32.0,122.0
75,馬祖,2017-05-05,71,6.0,5.0,nan,46.0,9.0,44.0,71.0
72,埔里,2017-05-05,78,4.0,5.0,nan,38.0,19.0,64.0,78.0
71,復興,2017-05-05,98,37.0,8.0,nan,52.0,31.0,nan,98.0
70,永和,2017-05-05,97,24.0,19.0,nan,47.0,46.0,nan,97.0
69,竹山,2017-05-05,78,4.0,5.0,nan,43.0,17.0,50.0,78.0
68,中壢,2017-05-05,83,13.0,23.0,nan,58.0,43.0,nan,83.0
67,三重,2017-05-05,83,49.0,18.0,nan,60.0,47.0,nan,83.0
66,冬山,2017-05-05,49,7.0,5.0,nan,34.0,14.0,33.0,49.0
65,宜蘭,2017-05-05,48,7.0,3.0,nan,31.0,9.0,41.0,48.0
64,陽明,2017-05-05,72,7.0,3.0,nan,25.0,8.0,43.0,72.0
63,花蓮,2017-05-05,37,14.0,3.0,nan,23.0,8.0,28.0,37.0
62,臺東,2017-05-05,33,3.0,5.0,nan,24.0,6.0,17.0,33.0
61,恆春,2017-05-05,23,1.0,1.0,nan,19.0,2.0,23.0,18.0
60,潮州,2017-05-05,67,4.0,3.0,nan,45.0,10.0,37.0,67.0
59,屏東,2017-05-05,100,20.0,6.0,nan,56.0,20.0,93.0,100.0
58,小港,2017-05-05,92,51.0,6.0,nan,60.0,25.0,45.0,92.0
57,前鎮,2017-05-05,111,33.0,7.0,nan,54.0,30.0,nan,111.0
56,前金,2017-05-05,112,23.0,6.0,nan,55.0,23.0,112.0,104.0
54,左營,2017-05-05,129,20.0,6.0,nan,61.0,25.0,129.0,117.0
53,楠梓,2017-05-05,140,19.0,6.0,nan,76.0,21.0,140.0,131.0
52,林園,2017-05-05,82,10.0,3.0,nan,34.0,18.0,49.0,82.0
51,大寮,2017-05-05,77,11.0,5.0,nan,54.0,18.0,46.0,77.0
49,仁武,2017-05-05,114,20.0,6.0,nan,63.0,25.0,112.0,114.0
48,橋頭,2017-05-05,104,17.0,6.0,nan,54.0,19.0,51.0,104.0
47,美濃,2017-05-05,136,7.0,5.0,nan,51.0,11.0,136.0,92.0
46,臺南,2017-05-05,85,10.0,5.0,nan,43.0,17.0,61.0,85.0
45,安南,2017-05-05,80,10.0,5.0,nan,52.0,19.0,48.0,80.0
44,善化,2017-05-05,74,21.0,3.0,nan,41.0,15.0,44.0,74.0
43,新營,2017-05-05,75,6.0,3.0,nan,48.0,19.0,31.0,75.0
42,嘉義,2017-05-05,73,7.0,5.0,nan,44.0,19.0,41.0,73.0
41,臺西,2017-05-05,74,14.0,3.0,nan,39.0,15.0,nan,74.0
40,朴子,2017-05-05,68,6.0,3.0,nan,54.0,12.0,34.0,68.0
39,新港,2017-05-05,70,7.0,3.0,nan,49.0,15.0,35.0,70.0
38,崙背,2017-05-05,85,7.0,3.0,nan,45.0,15.0,34.0,85.0
37,斗六,2017-05-05,75,7.0,3.0,nan,49.0,25.0,48.0,75.0
36,南投,2017-05-05,79,4.0,5.0,nan,45.0,14.0,44.0,79.0
35,二林,2017-05-05,66,11.0,3.0,nan,44.0,15.0,30.0,66.0
34,線西,2017-05-05,76,7.0,5.0,nan,41.0,16.0,nan,76.0
33,彰化,2017-05-05,72,11.0,5.0,nan,43.0,24.0,32.0,72.0
32,西屯,2017-05-05,76,9.0,5.0,nan,48.0,25.0,39.0,76.0
31,忠明,2017-05-05,74,14.0,6.0,nan,41.0,29.0,40.0,74.0
30,大里,2017-05-05,61,16.0,6.0,nan,50.0,23.0,48.0,61.0
29,沙鹿,2017-05-05,81,14.0,5.0,nan,41.0,31.0,31.0,81.0
28,豐原,2017-05-05,72,10.0,5.0,nan,38.0,20.0,44.0,72.0
27,三義,2017-05-05,64,4.0,3.0,nan,37.0,19.0,32.0,64.0
26,苗栗,2017-05-05,72,7.0,6.0,nan,44.0,24.0,26.0,72.0
25,頭份,2017-05-05,74,11.0,5.0,nan,43.0,22.0,nan,74.0
24,新竹,2017-05-05,66,4.0,6.0,nan,39.0,30.0,23.0,66.0
23,竹東,2017-05-05,85,4.0,5.0,nan,45.0,16.0,25.0,85.0
22,湖口,2017-05-05,89,9.0,5.0,nan,40.0,24.0,28.0,89.0
21,龍潭,2017-05-05,74,11.0,6.0,nan,44.0,25.0,34.0,74.0
20,平鎮,2017-05-05,81,14.0,7.0,nan,49.0,39.0,28.0,81.0
19,觀音,2017-05-05,82,11.0,5.0,nan,54.0,27.0,31.0,82.0
18,大園,2017-05-05,77,21.0,7.0,nan,46.0,31.0,28.0,77.0
16,大同,2017-05-05,87,29.0,20.0,nan,54.0,43.0,nan,87.0
15,松山,2017-05-05,87,39.0,8.0,nan,47.0,33.0,34.0,87.0
14,古亭,2017-05-05,89,23.0,8.0,nan,44.0,38.0,45.0,89.0
13,萬華,2017-05-05,78,41.0,9.0,nan,45.0,42.0,37.0,78.0
12,中山,2017-05-05,78,23.0,12.0,nan,52.0,35.0,30.0,78.0
11,士林,2017-05-05,73,21.0,6.0,nan,39.0,27.0,37.0,73.0
10,淡水,2017-05-05,78,14.0,7.0,nan,44.0,21.0,29.0,78.0
9,林口,2017-05-05,100,43.0,7.0,nan,61.0,42.0,31.0,100.0
8,菜寮,2017-05-05,92,47.0,8.0,nan,46.0,35.0,41.0,92.0
7,新莊,2017-05-05,92,24.0,9.0,nan,50.0,42.0,34.0,92.0
6,板橋,2017-05-05,87,26.0,11.0,nan,52.0,46.0,39.0,87.0
5,土城,2017-05-05,83,11.0,9.0,nan,45.0,39.0,44.0,83.0
4,新店,2017-05-05,88,29.0,7.0,nan,42.0,35.0,48.0,88.0
3,萬里,2017-05-05,84,14.0,3.0,nan,44.0,11.0,44.0,84.0
2,汐止,2017-05-05,93,62.0,7.0,nan,43.0,33.0,28.0,93.0
50,鳳山,2017-05-05,107,26.0,8.0,nan,66.0,36.0,nan,107.0
17,桃園,2017-05-05,88,26.0,9.0,nan,47.0,40.0,28.0,88.0
11,士林,2017-05-06,61,29.0,5.0,nan,29.0,31.0,47.0,61.0
83,麥寮,2017-05-06,112,6.0,3.0,nan,66.0,11.0,nan,112.0
80,關山,2017-05-06,30,3.0,nan,nan,17.0,8.0,23.0,30.0
78,馬公,2017-05-06,65,4.0,3.0,nan,39.0,5.0,54.0,65.0
77,金門,2017-05-06,78,9.0,5.0,nan,42.0,11.0,64.0,78.0
75,馬祖,2017-05-06,64,4.0,3.0,nan,31.0,8.0,64.0,57.0
72,埔里,2017-05-06,93,4.0,5.0,nan,42.0,21.0,93.0,88.0
71,復興,2017-05-06,85,24.0,7.0,nan,48.0,28.0,nan,85.0
70,永和,2017-05-06,65,10.0,8.0,nan,35.0,19.0,nan,65.0
69,竹山,2017-05-06,90,10.0,5.0,nan,50.0,17.0,87.0,90.0
68,中壢,2017-05-06,79,16.0,15.0,nan,50.0,42.0,nan,79.0
67,三重,2017-05-06,60,21.0,17.0,nan,46.0,43.0,nan,60.0
66,冬山,2017-05-06,50,4.0,5.0,nan,33.0,11.0,50.0,42.0
65,宜蘭,2017-05-06,48,3.0,5.0,nan,32.0,8.0,48.0,43.0
64,陽明,2017-05-06,51,11.0,3.0,nan,10.0,10.0,51.0,29.0
63,花蓮,2017-05-06,54,4.0,5.0,nan,26.0,nan,54.0,42.0
62,臺東,2017-05-06,25,3.0,3.0,nan,22.0,8.0,23.0,25.0
61,恆春,2017-05-06,20,1.0,1.0,nan,19.0,3.0,20.0,14.0
60,潮州,2017-05-06,63,9.0,3.0,nan,49.0,9.0,61.0,63.0
59,屏東,2017-05-06,97,7.0,7.0,nan,52.0,24.0,97.0,96.0
1,基隆,2017-05-06,58,6.0,5.0,nan,21.0,19.0,58.0,52.0
58,小港,2017-05-06,75,29.0,5.0,nan,57.0,25.0,49.0,75.0
57,前鎮,2017-05-06,103,24.0,7.0,nan,51.0,27.0,nan,103.0
56,前金,2017-05-06,90,13.0,5.0,nan,58.0,15.0,71.0,90.0
54,左營,2017-05-06,93,17.0,5.0,nan,57.0,23.0,77.0,93.0
53,楠梓,2017-05-06,97,7.0,5.0,nan,64.0,15.0,71.0,97.0
52,林園,2017-05-06,61,10.0,2.0,nan,31.0,18.0,61.0,61.0
51,大寮,2017-05-06,79,16.0,5.0,nan,55.0,18.0,46.0,79.0
49,仁武,2017-05-06,95,37.0,5.0,nan,56.0,30.0,58.0,95.0
48,橋頭,2017-05-06,92,9.0,5.0,nan,54.0,16.0,44.0,92.0
47,美濃,2017-05-06,77,3.0,3.0,nan,47.0,10.0,77.0,nan
46,臺南,2017-05-06,92,6.0,6.0,nan,50.0,25.0,58.0,92.0
45,安南,2017-05-06,90,6.0,5.0,nan,57.0,18.0,64.0,90.0
44,善化,2017-05-06,93,11.0,5.0,nan,54.0,18.0,50.0,93.0
43,新營,2017-05-06,104,7.0,5.0,nan,62.0,20.0,49.0,104.0
42,嘉義,2017-05-06,102,17.0,7.0,nan,58.0,25.0,51.0,102.0
41,臺西,2017-05-06,108,14.0,3.0,nan,52.0,18.0,nan,108.0
40,朴子,2017-05-06,91,10.0,3.0,nan,64.0,10.0,84.0,91.0
39,新港,2017-05-06,94,9.0,6.0,nan,59.0,13.0,58.0,94.0
38,崙背,2017-05-06,111,10.0,6.0,nan,57.0,16.0,77.0,111.0
37,斗六,2017-05-06,95,11.0,6.0,nan,54.0,23.0,67.0,95.0
36,南投,2017-05-06,83,14.0,6.0,nan,52.0,27.0,48.0,83.0
35,二林,2017-05-06,87,11.0,6.0,nan,58.0,18.0,87.0,78.0
34,線西,2017-05-06,89,11.0,6.0,nan,54.0,16.0,nan,89.0
33,彰化,2017-05-06,88,26.0,6.0,nan,51.0,25.0,61.0,88.0
32,西屯,2017-05-06,88,7.0,5.0,nan,51.0,27.0,84.0,88.0
31,忠明,2017-05-06,84,7.0,6.0,nan,44.0,25.0,67.0,84.0
30,大里,2017-05-06,64,7.0,8.0,nan,46.0,36.0,64.0,60.0
29,沙鹿,2017-05-06,104,11.0,5.0,nan,48.0,21.0,104.0,97.0
28,豐原,2017-05-06,90,16.0,5.0,nan,40.0,20.0,90.0,79.0
27,三義,2017-05-06,72,3.0,5.0,nan,43.0,20.0,61.0,72.0
26,苗栗,2017-05-06,88,9.0,6.0,nan,51.0,19.0,77.0,88.0
25,頭份,2017-05-06,81,11.0,5.0,nan,45.0,21.0,nan,81.0
24,新竹,2017-05-06,67,7.0,6.0,nan,41.0,25.0,64.0,67.0
23,竹東,2017-05-06,74,7.0,5.0,nan,44.0,16.0,42.0,74.0
22,湖口,2017-05-06,89,11.0,5.0,nan,42.0,26.0,87.0,89.0
21,龍潭,2017-05-06,66,11.0,6.0,nan,40.0,16.0,51.0,66.0
20,平鎮,2017-05-06,67,14.0,7.0,nan,44.0,38.0,61.0,67.0
19,觀音,2017-05-06,80,11.0,5.0,nan,44.0,18.0,80.0,60.0
18,大園,2017-05-06,84,7.0,5.0,nan,41.0,23.0,84.0,58.0
16,大同,2017-05-06,53,21.0,15.0,nan,43.0,42.0,nan,53.0
15,松山,2017-05-06,73,14.0,6.0,nan,28.0,22.0,46.0,73.0
14,古亭,2017-05-06,56,11.0,6.0,nan,31.0,23.0,48.0,56.0
13,萬華,2017-05-06,63,17.0,6.0,nan,30.0,27.0,44.0,63.0
12,中山,2017-05-06,58,13.0,7.0,nan,33.0,26.0,42.0,58.0
10,淡水,2017-05-06,64,6.0,5.0,nan,33.0,17.0,48.0,64.0
9,林口,2017-05-06,79,23.0,5.0,nan,54.0,32.0,54.0,79.0
8,菜寮,2017-05-06,64,27.0,6.0,nan,30.0,26.0,47.0,64.0
7,新莊,2017-05-06,62,13.0,6.0,nan,35.0,32.0,46.0,62.0
6,板橋,2017-05-06,65,13.0,7.0,nan,37.0,25.0,44.0,65.0
5,土城,2017-05-06,58,9.0,6.0,nan,31.0,20.0,58.0,57.0
4,新店,2017-05-06,64,23.0,6.0,nan,35.0,25.0,50.0,64.0
3,萬里,2017-05-06,80,9.0,3.0,nan,53.0,13.0,80.0,69.0
2,汐止,2017-05-06,70,14.0,5.0,nan,30.0,22.0,49.0,70.0
50,鳳山,2017-05-06,81,17.0,6.0,nan,55.0,29.0,nan,81.0
17,桃園,2017-05-06,75,23.0,7.0,nan,39.0,34.0,48.0,75.0
84,富貴角,2017-05-06,100,1.0,3.0,nan,nan,2.0,100.0,nan
17,桃園,2017-05-07,64,14.0,5.0,nan,61.0,14.0,49.0,64.0
84,富貴角,2017-05-07,115,1.0,2.0,nan,nan,3.0,115.0,nan
1,基隆,2017-05-07,74,3.0,5.0,nan,57.0,21.0,74.0,69.0
80,關山,2017-05-07,38,17.0,nan,nan,22.0,5.0,35.0,38.0
78,馬公,2017-05-07,51,3.0,2.0,nan,37.0,4.0,50.0,51.0
77,金門,2017-05-07,71,9.0,3.0,nan,42.0,10.0,58.0,71.0
75,馬祖,2017-05-07,74,4.0,2.0,nan,51.0,5.0,74.0,48.0
72,埔里,2017-05-07,118,4.0,5.0,nan,44.0,13.0,118.0,92.0
71,復興,2017-05-07,83,20.0,7.0,nan,45.0,24.0,nan,83.0
70,永和,2017-05-07,65,11.0,6.0,nan,62.0,14.0,nan,65.0
69,竹山,2017-05-07,109,11.0,6.0,nan,62.0,20.0,108.0,109.0
68,中壢,2017-05-07,66,10.0,11.0,nan,66.0,37.0,nan,57.0
67,三重,2017-05-07,80,24.0,15.0,nan,80.0,52.0,nan,58.0
66,冬山,2017-05-07,43,3.0,3.0,nan,40.0,8.0,43.0,34.0
65,宜蘭,2017-05-07,48,3.0,3.0,nan,48.0,6.0,46.0,44.0
64,陽明,2017-05-07,80,9.0,2.0,nan,18.0,8.0,80.0,29.0
63,花蓮,2017-05-07,56,3.0,3.0,nan,33.0,nan,54.0,56.0
62,臺東,2017-05-07,34,3.0,3.0,nan,29.0,6.0,34.0,34.0
61,恆春,2017-05-07,47,3.0,2.0,nan,26.0,1.0,47.0,33.0
60,潮州,2017-05-07,86,7.0,5.0,nan,59.0,13.0,67.0,86.0
59,屏東,2017-05-07,90,24.0,6.0,nan,48.0,21.0,90.0,84.0
58,小港,2017-05-07,84,64.0,5.0,nan,55.0,42.0,84.0,72.0
57,前鎮,2017-05-07,103,31.0,6.0,nan,54.0,30.0,nan,103.0
56,前金,2017-05-07,102,13.0,7.0,nan,58.0,17.0,97.0,102.0
54,左營,2017-05-07,136,10.0,7.0,nan,64.0,19.0,136.0,116.0
53,楠梓,2017-05-07,107,13.0,6.0,nan,73.0,14.0,93.0,107.0
52,林園,2017-05-07,132,13.0,5.0,nan,32.0,12.0,132.0,nan
51,大寮,2017-05-07,72,29.0,5.0,nan,51.0,22.0,54.0,72.0
49,仁武,2017-05-07,104,24.0,7.0,nan,65.0,23.0,104.0,86.0
48,橋頭,2017-05-07,100,7.0,7.0,nan,59.0,17.0,45.0,100.0
47,美濃,2017-05-07,80,7.0,3.0,nan,42.0,11.0,80.0,nan
46,臺南,2017-05-07,105,11.0,7.0,nan,52.0,17.0,104.0,105.0
45,安南,2017-05-07,98,10.0,6.0,nan,59.0,17.0,93.0,98.0
44,善化,2017-05-07,107,13.0,6.0,nan,57.0,17.0,74.0,107.0
43,新營,2017-05-07,112,9.0,6.0,nan,66.0,16.0,67.0,112.0
42,嘉義,2017-05-07,101,19.0,7.0,nan,60.0,19.0,84.0,101.0
41,臺西,2017-05-07,85,13.0,5.0,nan,51.0,14.0,nan,85.0
40,朴子,2017-05-07,93,10.0,6.0,nan,64.0,15.0,93.0,79.0
39,新港,2017-05-07,86,9.0,6.0,nan,61.0,12.0,77.0,86.0
38,崙背,2017-05-07,81,10.0,5.0,nan,50.0,18.0,77.0,81.0
37,斗六,2017-05-07,107,14.0,6.0,nan,59.0,23.0,87.0,107.0
36,南投,2017-05-07,96,6.0,6.0,nan,58.0,23.0,74.0,96.0
35,二林,2017-05-07,57,17.0,3.0,nan,52.0,16.0,50.0,57.0
34,線西,2017-05-07,79,14.0,6.0,nan,62.0,19.0,nan,79.0
33,彰化,2017-05-07,77,4.0,6.0,nan,52.0,19.0,61.0,77.0
32,西屯,2017-05-07,84,6.0,5.0,nan,52.0,22.0,84.0,73.0
31,忠明,2017-05-07,83,6.0,6.0,nan,44.0,31.0,77.0,83.0
30,大里,2017-05-07,101,6.0,6.0,nan,51.0,25.0,101.0,53.0
29,沙鹿,2017-05-07,77,7.0,5.0,nan,48.0,20.0,77.0,75.0
28,豐原,2017-05-07,74,11.0,5.0,nan,39.0,17.0,74.0,64.0
27,三義,2017-05-07,58,4.0,5.0,nan,42.0,12.0,58.0,52.0
26,苗栗,2017-05-07,68,14.0,5.0,nan,56.0,27.0,45.0,68.0
25,頭份,2017-05-07,65,10.0,5.0,nan,50.0,25.0,nan,65.0
24,新竹,2017-05-07,49,6.0,5.0,nan,49.0,14.0,49.0,48.0
23,竹東,2017-05-07,54,4.0,5.0,nan,43.0,11.0,41.0,54.0
22,湖口,2017-05-07,67,10.0,5.0,nan,49.0,13.0,54.0,67.0
21,龍潭,2017-05-07,58,7.0,5.0,nan,54.0,13.0,47.0,58.0
20,平鎮,2017-05-07,54,9.0,5.0,nan,54.0,14.0,48.0,51.0
19,觀音,2017-05-07,68,14.0,3.0,nan,68.0,21.0,50.0,65.0
18,大園,2017-05-07,59,11.0,3.0,nan,59.0,21.0,49.0,55.0
16,大同,2017-05-07,73,26.0,7.0,nan,73.0,37.0,nan,70.0
15,松山,2017-05-07,64,7.0,5.0,nan,64.0,18.0,48.0,64.0
14,古亭,2017-05-07,69,9.0,5.0,nan,60.0,18.0,49.0,69.0
13,萬華,2017-05-07,64,19.0,5.0,nan,64.0,22.0,46.0,61.0
12,中山,2017-05-07,70,26.0,6.0,nan,70.0,25.0,44.0,69.0
11,士林,2017-05-07,61,17.0,3.0,nan,57.0,14.0,50.0,61.0
83,麥寮,2017-05-07,93,10.0,6.0,nan,68.0,18.0,nan,93.0
10,淡水,2017-05-07,56,7.0,3.0,nan,40.0,9.0,44.0,56.0
9,林口,2017-05-07,75,21.0,3.0,nan,70.0,16.0,54.0,75.0
8,菜寮,2017-05-07,68,20.0,5.0,nan,62.0,22.0,48.0,68.0
7,新莊,2017-05-07,64,16.0,5.0,nan,64.0,14.0,58.0,48.0
6,板橋,2017-05-07,62,10.0,5.0,nan,62.0,18.0,47.0,57.0
5,土城,2017-05-07,54,14.0,5.0,nan,53.0,11.0,54.0,44.0
4,新店,2017-05-07,56,9.0,5.0,nan,56.0,9.0,50.0,54.0
3,萬里,2017-05-07,100,7.0,2.0,nan,80.0,6.0,100.0,68.0
2,汐止,2017-05-07,68,14.0,3.0,nan,62.0,17.0,54.0,68.0
50,鳳山,2017-05-07,90,19.0,7.0,nan,60.0,20.0,nan,90.0
84,富貴角,2017-05-08,87,4.0,3.0,nan,nan,7.0,87.0,nan
1,基隆,2017-05-08,77,11.0,7.0,nan,49.0,32.0,43.0,77.0
17,桃園,2017-05-08,73,16.0,8.0,nan,69.0,32.0,42.0,73.0
50,鳳山,2017-05-08,61,46.0,7.0,nan,52.0,27.0,nan,61.0
2,汐止,2017-05-08,84,9.0,9.0,nan,59.0,50.0,51.0,84.0
3,萬里,2017-05-08,69,6.0,3.0,nan,63.0,12.0,50.0,69.0
4,新店,2017-05-08,84,11.0,8.0,nan,61.0,43.0,61.0,84.0
5,土城,2017-05-08,67,9.0,9.0,nan,60.0,42.0,54.0,67.0
6,板橋,2017-05-08,72,9.0,9.0,nan,65.0,39.0,49.0,72.0
7,新莊,2017-05-08,70,9.0,9.0,nan,70.0,42.0,45.0,67.0
8,菜寮,2017-05-08,78,7.0,8.0,nan,69.0,39.0,54.0,78.0
9,林口,2017-05-08,89,9.0,5.0,nan,82.0,42.0,45.0,89.0
10,淡水,2017-05-08,78,7.0,5.0,nan,71.0,23.0,51.0,78.0
11,士林,2017-05-08,69,6.0,7.0,nan,60.0,32.0,61.0,69.0
12,中山,2017-05-08,78,7.0,12.0,nan,76.0,43.0,47.0,78.0
13,萬華,2017-05-08,74,7.0,9.0,nan,70.0,48.0,50.0,74.0
14,古亭,2017-05-08,83,11.0,10.0,nan,64.0,45.0,61.0,83.0
15,松山,2017-05-08,85,9.0,10.0,nan,71.0,51.0,50.0,85.0
16,大同,2017-05-08,87,7.0,20.0,nan,81.0,46.0,nan,87.0
18,大園,2017-05-08,78,7.0,5.0,nan,78.0,27.0,44.0,68.0
19,觀音,2017-05-08,95,9.0,5.0,nan,95.0,38.0,47.0,78.0
20,平鎮,2017-05-08,76,14.0,6.0,nan,76.0,31.0,41.0,76.0
21,龍潭,2017-05-08,78,6.0,5.0,nan,67.0,21.0,47.0,78.0
22,湖口,2017-05-08,89,10.0,5.0,nan,73.0,27.0,61.0,89.0
23,竹東,2017-05-08,87,6.0,5.0,nan,64.0,14.0,38.0,87.0
24,新竹,2017-05-08,80,6.0,6.0,nan,80.0,18.0,47.0,71.0
25,頭份,2017-05-08,90,10.0,5.0,nan,90.0,20.0,nan,88.0
26,苗栗,2017-05-08,100,10.0,6.0,nan,78.0,22.0,44.0,100.0
27,三義,2017-05-08,61,9.0,3.0,nan,48.0,12.0,44.0,61.0
28,豐原,2017-05-08,63,17.0,5.0,nan,45.0,22.0,48.0,63.0
29,沙鹿,2017-05-08,107,27.0,6.0,nan,81.0,25.0,41.0,107.0
30,大里,2017-05-08,76,7.0,6.0,nan,76.0,22.0,74.0,72.0
31,忠明,2017-05-08,95,9.0,6.0,nan,65.0,23.0,64.0,95.0
32,西屯,2017-05-08,90,9.0,5.0,nan,73.0,20.0,80.0,90.0
33,彰化,2017-05-08,116,7.0,6.0,nan,77.0,15.0,58.0,116.0
34,線西,2017-05-08,123,13.0,6.0,nan,98.0,16.0,nan,123.0
35,二林,2017-05-08,96,7.0,3.0,nan,96.0,14.0,64.0,82.0
36,南投,2017-05-08,91,9.0,5.0,nan,65.0,17.0,54.0,91.0
37,斗六,2017-05-08,96,9.0,5.0,nan,71.0,16.0,84.0,96.0
38,崙背,2017-05-08,103,11.0,3.0,nan,81.0,12.0,80.0,103.0
39,新港,2017-05-08,85,7.0,3.0,nan,85.0,10.0,61.0,85.0
40,朴子,2017-05-08,90,7.0,3.0,nan,90.0,8.0,67.0,84.0
41,臺西,2017-05-08,117,14.0,5.0,nan,97.0,15.0,nan,117.0
42,嘉義,2017-05-08,95,10.0,5.0,nan,70.0,13.0,64.0,95.0
43,新營,2017-05-08,94,7.0,5.0,nan,83.0,12.0,48.0,94.0
44,善化,2017-05-08,86,14.0,3.0,nan,60.0,16.0,50.0,86.0
45,安南,2017-05-08,90,7.0,5.0,nan,69.0,17.0,90.0,82.0
46,臺南,2017-05-08,84,10.0,5.0,nan,54.0,14.0,84.0,73.0
47,美濃,2017-05-08,84,7.0,3.0,nan,34.0,13.0,84.0,nan
48,橋頭,2017-05-08,71,11.0,5.0,nan,45.0,18.0,44.0,71.0
49,仁武,2017-05-08,68,30.0,5.0,nan,52.0,26.0,44.0,68.0
51,大寮,2017-05-08,48,6.0,3.0,nan,40.0,19.0,41.0,48.0
52,林園,2017-05-08,44,4.0,3.0,nan,20.0,9.0,44.0,nan
53,楠梓,2017-05-08,67,24.0,5.0,nan,61.0,19.0,61.0,67.0
54,左營,2017-05-08,67,17.0,5.0,nan,51.0,22.0,44.0,67.0
56,前金,2017-05-08,68,19.0,5.0,nan,43.0,21.0,51.0,68.0
57,前鎮,2017-05-08,62,26.0,6.0,nan,37.0,29.0,nan,62.0
58,小港,2017-05-08,50,26.0,5.0,nan,44.0,29.0,33.0,50.0
59,屏東,2017-05-08,57,7.0,5.0,nan,37.0,13.0,47.0,57.0
60,潮州,2017-05-08,56,4.0,3.0,nan,41.0,9.0,43.0,56.0
61,恆春,2017-05-08,41,1.0,2.0,nan,19.0,1.0,41.0,23.0
62,臺東,2017-05-08,29,3.0,3.0,nan,21.0,8.0,29.0,26.0
63,花蓮,2017-05-08,51,4.0,3.0,nan,36.0,8.0,45.0,51.0
64,陽明,2017-05-08,62,4.0,2.0,nan,27.0,8.0,51.0,62.0
65,宜蘭,2017-05-08,49,3.0,5.0,nan,49.0,9.0,43.0,37.0
66,冬山,2017-05-08,45,7.0,3.0,nan,42.0,14.0,45.0,32.0
67,三重,2017-05-08,88,9.0,17.0,nan,88.0,55.0,nan,76.0
68,中壢,2017-05-08,80,10.0,18.0,nan,78.0,41.0,nan,80.0
69,竹山,2017-05-08,92,9.0,3.0,nan,57.0,16.0,90.0,92.0
70,永和,2017-05-08,84,9.0,16.0,nan,64.0,43.0,nan,84.0
71,復興,2017-05-08,59,26.0,7.0,nan,33.0,23.0,nan,59.0
72,埔里,2017-05-08,84,4.0,5.0,nan,40.0,12.0,84.0,79.0
75,馬祖,2017-05-08,109,6.0,5.0,nan,109.0,9.0,80.0,80.0
77,金門,2017-05-08,119,11.0,3.0,nan,113.0,10.0,97.0,119.0
78,馬公,2017-05-08,102,4.0,3.0,nan,102.0,12.0,61.0,82.0
80,關山,2017-05-08,32,3.0,nan,nan,19.0,5.0,32.0,30.0
83,麥寮,2017-05-08,112,11.0,5.0,nan,94.0,13.0,nan,112.0
33,彰化,2017-05-09,53,7.0,5.0,nan,39.0,21.0,30.0,53.0
84,富貴角,2017-05-09,51,4.0,5.0,nan,nan,29.0,51.0,nan
83,麥寮,2017-05-09,57,7.0,2.0,nan,42.0,12.0,nan,57.0
80,關山,2017-05-09,30,3.0,nan,nan,24.0,6.0,29.0,30.0
78,馬公,2017-05-09,38,4.0,2.0,nan,27.0,7.0,36.0,38.0
77,金門,2017-05-09,74,10.0,5.0,nan,42.0,21.0,51.0,74.0
75,馬祖,2017-05-09,101,7.0,3.0,nan,57.0,11.0,101.0,68.0
72,埔里,2017-05-09,56,4.0,5.0,nan,29.0,13.0,34.0,56.0
71,復興,2017-05-09,26,14.0,6.0,nan,19.0,14.0,nan,26.0
69,竹山,2017-05-09,63,10.0,3.0,nan,40.0,15.0,34.0,63.0
68,中壢,2017-05-09,51,10.0,24.0,nan,51.0,42.0,nan,49.0
67,三重,2017-05-09,50,14.0,20.0,nan,50.0,50.0,nan,46.0
66,冬山,2017-05-09,45,6.0,3.0,nan,35.0,19.0,45.0,36.0
70,永和,2017-05-09,58,7.0,16.0,nan,33.0,44.0,nan,58.0
65,宜蘭,2017-05-09,58,7.0,5.0,nan,39.0,15.0,58.0,49.0
64,陽明,2017-05-09,34,4.0,2.0,nan,13.0,7.0,34.0,27.0
63,花蓮,2017-05-09,54,3.0,3.0,nan,25.0,7.0,54.0,39.0
62,臺東,2017-05-09,31,3.0,3.0,nan,31.0,8.0,22.0,29.0
61,恆春,2017-05-09,26,4.0,1.0,nan,21.0,3.0,26.0,18.0
60,潮州,2017-05-09,41,17.0,3.0,nan,40.0,20.0,37.0,41.0
59,屏東,2017-05-09,34,11.0,3.0,nan,28.0,15.0,34.0,27.0
58,小港,2017-05-09,37,37.0,3.0,nan,27.0,20.0,23.0,27.0
57,前鎮,2017-05-09,34,13.0,3.0,nan,23.0,14.0,nan,34.0
56,前金,2017-05-09,30,11.0,3.0,nan,26.0,16.0,26.0,30.0
54,左營,2017-05-09,39,17.0,3.0,nan,31.0,17.0,26.0,39.0
53,楠梓,2017-05-09,49,11.0,3.0,nan,44.0,17.0,29.0,49.0
52,林園,2017-05-09,36,24.0,3.0,nan,20.0,24.0,36.0,nan
51,大寮,2017-05-09,36,31.0,3.0,nan,36.0,25.0,24.0,31.0
49,仁武,2017-05-09,43,7.0,3.0,nan,35.0,17.0,26.0,43.0
48,橋頭,2017-05-09,36,20.0,3.0,nan,30.0,15.0,22.0,36.0
47,美濃,2017-05-09,35,4.0,2.0,nan,19.0,5.0,35.0,nan
46,臺南,2017-05-09,28,9.0,3.0,nan,25.0,16.0,25.0,28.0
45,安南,2017-05-09,31,7.0,3.0,nan,31.0,15.0,25.0,31.0
44,善化,2017-05-09,30,6.0,2.0,nan,23.0,14.0,24.0,30.0
43,新營,2017-05-09,38,7.0,2.0,nan,38.0,15.0,22.0,30.0
42,嘉義,2017-05-09,43,9.0,3.0,nan,33.0,17.0,27.0,43.0
41,臺西,2017-05-09,52,6.0,2.0,nan,31.0,11.0,nan,52.0
40,朴子,2017-05-09,39,6.0,3.0,nan,39.0,13.0,26.0,35.0
39,新港,2017-05-09,46,4.0,2.0,nan,38.0,14.0,24.0,46.0
38,崙背,2017-05-09,50,7.0,2.0,nan,35.0,12.0,29.0,50.0
37,斗六,2017-05-09,52,6.0,2.0,nan,38.0,18.0,31.0,52.0
36,南投,2017-05-09,58,4.0,5.0,nan,38.0,16.0,31.0,58.0
35,二林,2017-05-09,38,6.0,2.0,nan,37.0,11.0,31.0,38.0
34,線西,2017-05-09,58,16.0,3.0,nan,40.0,23.0,nan,58.0
32,西屯,2017-05-09,60,9.0,5.0,nan,47.0,30.0,34.0,60.0
31,忠明,2017-05-09,58,9.0,5.0,nan,35.0,26.0,30.0,58.0
30,大里,2017-05-09,41,6.0,6.0,nan,41.0,24.0,33.0,38.0
29,沙鹿,2017-05-09,62,24.0,8.0,nan,37.0,36.0,25.0,62.0
28,豐原,2017-05-09,52,11.0,6.0,nan,31.0,20.0,31.0,52.0
27,三義,2017-05-09,33,6.0,3.0,nan,29.0,16.0,27.0,33.0
26,苗栗,2017-05-09,51,4.0,3.0,nan,34.0,17.0,31.0,51.0
25,頭份,2017-05-09,53,7.0,3.0,nan,35.0,21.0,nan,53.0
24,新竹,2017-05-09,41,3.0,6.0,nan,31.0,25.0,41.0,30.0
23,竹東,2017-05-09,56,4.0,5.0,nan,33.0,15.0,27.0,56.0
22,湖口,2017-05-09,63,7.0,3.0,nan,31.0,25.0,48.0,63.0
21,龍潭,2017-05-09,55,4.0,5.0,nan,41.0,21.0,31.0,55.0
20,平鎮,2017-05-09,49,7.0,6.0,nan,44.0,31.0,35.0,49.0
19,觀音,2017-05-09,52,13.0,5.0,nan,39.0,39.0,49.0,52.0
18,大園,2017-05-09,53,13.0,7.0,nan,43.0,41.0,44.0,53.0
16,大同,2017-05-09,49,17.0,20.0,nan,45.0,42.0,nan,49.0
15,松山,2017-05-09,54,10.0,9.0,nan,24.0,44.0,30.0,54.0
14,古亭,2017-05-09,47,6.0,10.0,nan,20.0,47.0,20.0,46.0
13,萬華,2017-05-09,49,21.0,10.0,nan,28.0,48.0,24.0,49.0
12,中山,2017-05-09,51,17.0,12.0,nan,31.0,43.0,21.0,51.0
11,士林,2017-05-09,35,6.0,7.0,nan,22.0,28.0,35.0,35.0
10,淡水,2017-05-09,54,4.0,6.0,nan,32.0,27.0,42.0,54.0
9,林口,2017-05-09,67,9.0,7.0,nan,56.0,43.0,39.0,67.0
8,菜寮,2017-05-09,62,16.0,9.0,nan,33.0,42.0,32.0,62.0
7,新莊,2017-05-09,61,17.0,12.0,nan,38.0,51.0,26.0,61.0
6,板橋,2017-05-09,56,10.0,11.0,nan,39.0,42.0,25.0,56.0
5,土城,2017-05-09,53,10.0,8.0,nan,35.0,28.0,29.0,53.0
4,新店,2017-05-09,52,6.0,7.0,nan,30.0,33.0,33.0,52.0
3,萬里,2017-05-09,66,11.0,5.0,nan,35.0,19.0,36.0,66.0
2,汐止,2017-05-09,64,11.0,8.0,nan,33.0,39.0,29.0,64.0
50,鳳山,2017-05-09,40,11.0,5.0,nan,40.0,21.0,nan,35.0
17,桃園,2017-05-09,58,20.0,9.0,nan,43.0,39.0,31.0,58.0
1,基隆,2017-05-09,47,6.0,6.0,nan,21.0,31.0,36.0,47.0
83,麥寮,2017-05-10,89,7.0,3.0,nan,55.0,13.0,nan,89.0
33,彰化,2017-05-10,78,14.0,6.0,nan,46.0,25.0,51.0,78.0
1,基隆,2017-05-10,38,1.0,3.0,nan,17.0,18.0,38.0,35.0
17,桃園,2017-05-10,51,19.0,7.0,nan,32.0,31.0,51.0,51.0
2,汐止,2017-05-10,52,20.0,5.0,nan,21.0,27.0,34.0,52.0
3,萬里,2017-05-10,45,11.0,2.0,nan,22.0,18.0,40.0,45.0
4,新店,2017-05-10,44,3.0,5.0,nan,21.0,19.0,40.0,44.0
5,土城,2017-05-10,45,4.0,6.0,nan,27.0,24.0,45.0,44.0
6,板橋,2017-05-10,45,10.0,7.0,nan,27.0,27.0,39.0,45.0
7,新莊,2017-05-10,45,24.0,7.0,nan,30.0,30.0,41.0,45.0
8,菜寮,2017-05-10,51,17.0,6.0,nan,25.0,25.0,39.0,51.0
9,林口,2017-05-10,62,26.0,5.0,nan,45.0,41.0,43.0,62.0
10,淡水,2017-05-10,56,10.0,5.0,nan,28.0,24.0,37.0,56.0
11,士林,2017-05-10,44,31.0,5.0,nan,25.0,25.0,37.0,44.0
12,中山,2017-05-10,49,7.0,8.0,nan,26.0,29.0,23.0,49.0
13,萬華,2017-05-10,39,11.0,7.0,nan,29.0,29.0,33.0,39.0
14,古亭,2017-05-10,38,3.0,5.0,nan,23.0,25.0,38.0,34.0
15,松山,2017-05-10,44,9.0,6.0,nan,19.0,27.0,34.0,44.0
16,大同,2017-05-10,40,10.0,14.0,nan,40.0,35.0,nan,37.0
18,大園,2017-05-10,55,16.0,7.0,nan,38.0,34.0,44.0,55.0
19,觀音,2017-05-10,60,16.0,7.0,nan,45.0,41.0,44.0,60.0
20,平鎮,2017-05-10,80,11.0,7.0,nan,43.0,38.0,80.0,59.0
21,龍潭,2017-05-10,122,7.0,6.0,nan,41.0,25.0,122.0,61.0
22,湖口,2017-05-10,84,10.0,5.0,nan,34.0,26.0,84.0,72.0
23,竹東,2017-05-10,93,7.0,6.0,nan,40.0,24.0,93.0,73.0
24,新竹,2017-05-10,93,7.0,7.0,nan,34.0,25.0,93.0,46.0
25,頭份,2017-05-10,65,10.0,5.0,nan,40.0,22.0,nan,65.0
26,苗栗,2017-05-10,93,13.0,5.0,nan,40.0,27.0,93.0,67.0
27,三義,2017-05-10,71,6.0,3.0,nan,34.0,13.0,71.0,58.0
28,豐原,2017-05-10,93,9.0,5.0,nan,37.0,20.0,93.0,56.0
29,沙鹿,2017-05-10,84,13.0,5.0,nan,33.0,27.0,84.0,70.0
30,大里,2017-05-10,115,7.0,7.0,nan,44.0,35.0,115.0,47.0
31,忠明,2017-05-10,80,9.0,5.0,nan,34.0,28.0,80.0,75.0
32,西屯,2017-05-10,97,6.0,5.0,nan,38.0,31.0,97.0,63.0
34,線西,2017-05-10,67,14.0,6.0,nan,43.0,25.0,nan,67.0
35,二林,2017-05-10,71,13.0,5.0,nan,49.0,17.0,71.0,63.0
36,南投,2017-05-10,77,20.0,8.0,nan,46.0,45.0,77.0,76.0
37,斗六,2017-05-10,112,9.0,3.0,nan,54.0,17.0,112.0,66.0
38,崙背,2017-05-10,84,9.0,3.0,nan,48.0,17.0,74.0,84.0
39,新港,2017-05-10,74,10.0,5.0,nan,49.0,15.0,48.0,74.0
40,朴子,2017-05-10,100,10.0,3.0,nan,54.0,15.0,100.0,73.0
41,臺西,2017-05-10,88,19.0,3.0,nan,44.0,33.0,nan,88.0
42,嘉義,2017-05-10,84,10.0,5.0,nan,49.0,19.0,84.0,75.0
43,新營,2017-05-10,90,7.0,5.0,nan,55.0,22.0,90.0,81.0
44,善化,2017-05-10,93,14.0,3.0,nan,44.0,13.0,93.0,71.0
45,安南,2017-05-10,118,7.0,5.0,nan,52.0,24.0,118.0,71.0
46,臺南,2017-05-10,104,16.0,5.0,nan,44.0,17.0,104.0,74.0
47,美濃,2017-05-10,146,9.0,5.0,nan,38.0,9.0,146.0,84.0
48,橋頭,2017-05-10,67,11.0,5.0,nan,43.0,20.0,43.0,67.0
49,仁武,2017-05-10,62,13.0,5.0,nan,48.0,25.0,58.0,62.0
50,鳳山,2017-05-10,71,36.0,7.0,nan,54.0,35.0,nan,71.0
51,大寮,2017-05-10,57,43.0,5.0,nan,48.0,31.0,44.0,57.0
52,林園,2017-05-10,90,14.0,2.0,nan,31.0,15.0,90.0,64.0
53,楠梓,2017-05-10,81,17.0,5.0,nan,nan,25.0,61.0,81.0
54,左營,2017-05-10,100,11.0,3.0,nan,47.0,21.0,100.0,68.0
56,前金,2017-05-10,67,14.0,3.0,nan,42.0,17.0,67.0,67.0
57,前鎮,2017-05-10,73,26.0,5.0,nan,40.0,27.0,nan,73.0
58,小港,2017-05-10,57,39.0,5.0,nan,48.0,29.0,44.0,57.0
59,屏東,2017-05-10,129,19.0,6.0,nan,46.0,22.0,129.0,76.0
60,潮州,2017-05-10,122,13.0,3.0,nan,58.0,9.0,122.0,75.0
61,恆春,2017-05-10,36,3.0,1.0,nan,28.0,2.0,36.0,29.0
62,臺東,2017-05-10,31,3.0,3.0,nan,28.0,8.0,25.0,31.0
63,花蓮,2017-05-10,40,4.0,3.0,nan,24.0,10.0,40.0,38.0
64,陽明,2017-05-10,41,13.0,1.0,nan,15.0,6.0,41.0,41.0
65,宜蘭,2017-05-10,38,4.0,3.0,nan,29.0,11.0,38.0,24.0
66,冬山,2017-05-10,34,7.0,3.0,nan,28.0,20.0,32.0,34.0
67,三重,2017-05-10,52,13.0,20.0,nan,42.0,39.0,nan,52.0
68,中壢,2017-05-10,63,10.0,19.0,nan,46.0,49.0,nan,63.0
70,永和,2017-05-10,50,4.0,9.0,nan,24.0,26.0,nan,50.0
69,竹山,2017-05-10,136,7.0,3.0,nan,45.0,12.0,136.0,78.0
71,復興,2017-05-10,62,26.0,7.0,nan,37.0,27.0,nan,62.0
72,埔里,2017-05-10,136,6.0,5.0,nan,34.0,18.0,136.0,68.0
75,馬祖,2017-05-10,71,6.0,5.0,nan,46.0,14.0,67.0,71.0
77,金門,2017-05-10,104,23.0,5.0,nan,56.0,28.0,61.0,104.0
78,馬公,2017-05-10,56,4.0,3.0,nan,33.0,5.0,51.0,56.0
80,關山,2017-05-10,33,3.0,nan,nan,20.0,6.0,27.0,33.0
84,富貴角,2017-05-10,47,17.0,2.0,nan,nan,11.0,47.0,nan
1,基隆,2017-05-11,71,40.0,5.0,nan,30.0,37.0,71.0,65.0
84,富貴角,2017-05-11,67,9.0,3.0,nan,nan,14.0,67.0,nan
83,麥寮,2017-05-11,104,14.0,5.0,nan,64.0,18.0,nan,104.0
80,關山,2017-05-11,21,13.0,nan,nan,18.0,5.0,18.0,21.0
78,馬公,2017-05-11,60,4.0,5.0,nan,38.0,13.0,43.0,60.0
77,金門,2017-05-11,119,14.0,6.0,nan,59.0,25.0,48.0,119.0
75,馬祖,2017-05-11,63,9.0,9.0,nan,46.0,12.0,58.0,63.0
72,埔里,2017-05-11,129,7.0,5.0,nan,44.0,17.0,129.0,93.0
71,復興,2017-05-11,71,50.0,8.0,nan,39.0,39.0,nan,71.0
70,永和,2017-05-11,79,9.0,17.0,nan,41.0,43.0,nan,79.0
69,竹山,2017-05-11,104,6.0,3.0,nan,52.0,15.0,90.0,104.0
68,中壢,2017-05-11,83,7.0,16.0,nan,58.0,40.0,nan,83.0
67,三重,2017-05-11,76,16.0,22.0,nan,59.0,72.0,nan,76.0
66,冬山,2017-05-11,36,6.0,3.0,nan,31.0,14.0,36.0,27.0
65,宜蘭,2017-05-11,44,4.0,3.0,nan,31.0,9.0,44.0,33.0
64,陽明,2017-05-11,64,7.0,3.0,nan,23.0,12.0,64.0,54.0
63,花蓮,2017-05-11,29,11.0,2.0,nan,17.0,6.0,20.0,29.0
62,臺東,2017-05-11,22,3.0,3.0,nan,22.0,6.0,14.0,19.0
61,恆春,2017-05-11,24,3.0,1.0,nan,22.0,2.0,24.0,18.0
60,潮州,2017-05-11,90,23.0,5.0,nan,56.0,11.0,90.0,69.0
59,屏東,2017-05-11,150,20.0,5.0,nan,52.0,21.0,150.0,95.0
58,小港,2017-05-11,77,43.0,6.0,nan,51.0,36.0,77.0,72.0
57,前鎮,2017-05-11,82,41.0,5.0,nan,43.0,nan,nan,82.0
56,前金,2017-05-11,81,27.0,5.0,nan,47.0,28.0,77.0,81.0
54,左營,2017-05-11,87,11.0,5.0,nan,51.0,24.0,87.0,83.0
53,楠梓,2017-05-11,90,9.0,5.0,nan,61.0,22.0,90.0,83.0
52,林園,2017-05-11,150,14.0,3.0,nan,32.0,13.0,150.0,77.0
51,大寮,2017-05-11,87,36.0,6.0,nan,57.0,24.0,87.0,79.0
50,鳳山,2017-05-11,80,16.0,7.0,nan,59.0,26.0,nan,80.0
49,仁武,2017-05-11,87,13.0,5.0,nan,54.0,25.0,87.0,86.0
48,橋頭,2017-05-11,85,10.0,5.0,nan,52.0,21.0,44.0,85.0
47,美濃,2017-05-11,97,7.0,5.0,nan,42.0,10.0,97.0,89.0
46,臺南,2017-05-11,92,9.0,5.0,nan,47.0,18.0,51.0,92.0
45,安南,2017-05-11,91,9.0,5.0,nan,59.0,18.0,49.0,91.0
44,善化,2017-05-11,86,11.0,3.0,nan,46.0,11.0,47.0,86.0
43,新營,2017-05-11,87,9.0,3.0,nan,57.0,36.0,45.0,87.0
42,嘉義,2017-05-11,93,13.0,5.0,nan,56.0,18.0,87.0,93.0
41,臺西,2017-05-11,96,14.0,3.0,nan,49.0,20.0,nan,96.0
40,朴子,2017-05-11,75,7.0,3.0,nan,54.0,8.0,58.0,75.0
39,新港,2017-05-11,105,9.0,5.0,nan,60.0,11.0,90.0,105.0
38,崙背,2017-05-11,112,6.0,3.0,nan,52.0,13.0,71.0,112.0
37,斗六,2017-05-11,99,13.0,5.0,nan,59.0,25.0,80.0,99.0
36,南投,2017-05-11,99,6.0,7.0,nan,55.0,23.0,71.0,99.0
35,二林,2017-05-11,78,9.0,3.0,nan,59.0,22.0,64.0,78.0
34,線西,2017-05-11,99,16.0,5.0,nan,55.0,19.0,nan,99.0
33,彰化,2017-05-11,84,10.0,6.0,nan,49.0,23.0,67.0,84.0
32,西屯,2017-05-11,83,11.0,7.0,nan,52.0,26.0,67.0,83.0
31,忠明,2017-05-11,91,10.0,7.0,nan,46.0,30.0,54.0,91.0
30,大里,2017-05-11,80,10.0,8.0,nan,56.0,30.0,80.0,62.0
29,沙鹿,2017-05-11,75,10.0,5.0,nan,42.0,28.0,61.0,75.0
28,豐原,2017-05-11,77,9.0,7.0,nan,43.0,22.0,77.0,73.0
27,三義,2017-05-11,60,7.0,3.0,nan,37.0,14.0,44.0,60.0
26,苗栗,2017-05-11,80,9.0,6.0,nan,49.0,21.0,51.0,80.0
25,頭份,2017-05-11,83,14.0,6.0,nan,51.0,28.0,nan,83.0
24,新竹,2017-05-11,59,4.0,7.0,nan,43.0,28.0,49.0,59.0
23,竹東,2017-05-11,77,6.0,5.0,nan,45.0,17.0,44.0,77.0
22,湖口,2017-05-11,85,7.0,6.0,nan,45.0,34.0,58.0,85.0
21,龍潭,2017-05-11,77,7.0,6.0,nan,53.0,29.0,77.0,77.0
20,平鎮,2017-05-11,76,14.0,6.0,nan,54.0,31.0,58.0,76.0
19,觀音,2017-05-11,70,6.0,5.0,nan,52.0,28.0,51.0,70.0
18,大園,2017-05-11,81,17.0,6.0,nan,54.0,43.0,40.0,81.0
16,大同,2017-05-11,76,11.0,38.0,nan,56.0,66.0,nan,76.0
15,松山,2017-05-11,104,33.0,8.0,nan,39.0,37.0,104.0,70.0
14,古亭,2017-05-11,118,9.0,8.0,nan,35.0,34.0,118.0,64.0
13,萬華,2017-05-11,97,9.0,8.0,nan,40.0,33.0,97.0,80.0
12,中山,2017-05-11,97,9.0,11.0,nan,43.0,33.0,97.0,83.0
11,士林,2017-05-11,100,10.0,8.0,nan,36.0,35.0,100.0,66.0
10,淡水,2017-05-11,73,11.0,7.0,nan,41.0,41.0,43.0,73.0
9,林口,2017-05-11,95,11.0,6.0,nan,64.0,42.0,74.0,95.0
8,菜寮,2017-05-11,100,13.0,9.0,nan,44.0,34.0,100.0,79.0
7,新莊,2017-05-11,77,14.0,9.0,nan,44.0,36.0,77.0,71.0
6,板橋,2017-05-11,93,14.0,9.0,nan,45.0,50.0,93.0,76.0
5,土城,2017-05-11,104,13.0,7.0,nan,43.0,35.0,104.0,75.0
4,新店,2017-05-11,108,9.0,6.0,nan,31.0,22.0,108.0,63.0
3,萬里,2017-05-11,93,9.0,3.0,nan,43.0,15.0,93.0,74.0
2,汐止,2017-05-11,112,52.0,7.0,nan,39.0,33.0,112.0,81.0
17,桃園,2017-05-11,86,20.0,10.0,nan,48.0,42.0,58.0,86.0
1,基隆,2017-05-12,66,31.0,6.0,nan,28.0,30.0,40.0,66.0
58,小港,2017-05-12,49,39.0,6.0,nan,49.0,22.0,16.0,38.0
17,桃園,2017-05-12,78,24.0,8.0,nan,45.0,40.0,35.0,78.0
2,汐止,2017-05-12,84,29.0,9.0,nan,42.0,35.0,50.0,84.0
3,萬里,2017-05-12,76,16.0,5.0,nan,36.0,17.0,44.0,76.0
4,新店,2017-05-12,73,37.0,7.0,nan,39.0,41.0,46.0,73.0
5,土城,2017-05-12,86,24.0,8.0,nan,46.0,36.0,47.0,86.0
6,板橋,2017-05-12,80,37.0,11.0,nan,50.0,51.0,44.0,80.0
7,新莊,2017-05-12,83,34.0,10.0,nan,49.0,49.0,43.0,83.0
8,菜寮,2017-05-12,81,34.0,9.0,nan,44.0,45.0,40.0,81.0
9,林口,2017-05-12,75,16.0,5.0,nan,49.0,36.0,33.0,75.0
10,淡水,2017-05-12,77,43.0,7.0,nan,44.0,55.0,31.0,77.0
11,士林,2017-05-12,78,49.0,7.0,nan,42.0,52.0,38.0,78.0
12,中山,2017-05-12,79,44.0,11.0,nan,45.0,63.0,38.0,79.0
13,萬華,2017-05-12,77,44.0,10.0,nan,44.0,58.0,40.0,77.0
14,古亭,2017-05-12,72,40.0,9.0,nan,34.0,44.0,48.0,72.0
15,松山,2017-05-12,81,17.0,8.0,nan,33.0,41.0,31.0,81.0
16,大同,2017-05-12,74,41.0,23.0,nan,54.0,74.0,nan,71.0
18,大園,2017-05-12,58,14.0,5.0,nan,37.0,26.0,36.0,58.0
19,觀音,2017-05-12,56,7.0,3.0,nan,40.0,19.0,31.0,56.0
20,平鎮,2017-05-12,56,7.0,5.0,nan,43.0,24.0,31.0,56.0
21,龍潭,2017-05-12,72,9.0,6.0,nan,45.0,25.0,44.0,72.0
22,湖口,2017-05-12,58,13.0,3.0,nan,31.0,24.0,34.0,58.0
23,竹東,2017-05-12,67,9.0,5.0,nan,39.0,14.0,37.0,67.0
24,新竹,2017-05-12,38,7.0,6.0,nan,37.0,21.0,38.0,38.0
25,頭份,2017-05-12,62,10.0,5.0,nan,nan,20.0,nan,62.0
26,苗栗,2017-05-12,60,10.0,5.0,nan,42.0,19.0,45.0,60.0
27,三義,2017-05-12,55,13.0,3.0,nan,36.0,18.0,44.0,55.0
28,豐原,2017-05-12,55,9.0,5.0,nan,36.0,19.0,54.0,55.0
29,沙鹿,2017-05-12,63,11.0,5.0,nan,36.0,27.0,44.0,63.0
30,大里,2017-05-12,59,7.0,6.0,nan,44.0,22.0,47.0,59.0
31,忠明,2017-05-12,67,7.0,6.0,nan,40.0,23.0,45.0,67.0
32,西屯,2017-05-12,54,7.0,5.0,nan,42.0,28.0,46.0,54.0
33,彰化,2017-05-12,73,13.0,3.0,nan,44.0,15.0,41.0,73.0
34,線西,2017-05-12,76,9.0,6.0,nan,48.0,25.0,nan,76.0
35,二林,2017-05-12,49,6.0,3.0,nan,48.0,20.0,38.0,49.0
36,南投,2017-05-12,66,4.0,5.0,nan,44.0,18.0,42.0,66.0
37,斗六,2017-05-12,61,7.0,5.0,nan,44.0,19.0,50.0,61.0
84,富貴角,2017-05-12,40,6.0,3.0,nan,nan,16.0,40.0,nan
38,崙背,2017-05-12,69,20.0,5.0,nan,52.0,25.0,40.0,69.0
39,新港,2017-05-12,71,71.0,5.0,nan,50.0,23.0,43.0,65.0
83,麥寮,2017-05-12,77,7.0,5.0,nan,57.0,18.0,nan,77.0
40,朴子,2017-05-12,53,9.0,5.0,nan,52.0,16.0,35.0,53.0
80,關山,2017-05-12,19,3.0,nan,nan,19.0,4.0,15.0,19.0
78,馬公,2017-05-12,27,4.0,2.0,nan,23.0,17.0,18.0,27.0
77,金門,2017-05-12,79,11.0,2.0,nan,35.0,16.0,25.0,79.0
41,臺西,2017-05-12,79,9.0,3.0,nan,44.0,16.0,nan,79.0
75,馬祖,2017-05-12,39,7.0,2.0,nan,30.0,19.0,37.0,39.0
72,埔里,2017-05-12,79,6.0,5.0,nan,37.0,14.0,50.0,79.0
71,復興,2017-05-12,40,27.0,5.0,nan,31.0,21.0,nan,40.0
42,嘉義,2017-05-12,62,7.0,3.0,nan,46.0,12.0,47.0,62.0
70,永和,2017-05-12,57,34.0,18.0,nan,40.0,57.0,nan,nan
43,新營,2017-05-12,61,9.0,3.0,nan,44.0,13.0,38.0,61.0
69,竹山,2017-05-12,67,6.0,3.0,nan,42.0,17.0,58.0,67.0
44,善化,2017-05-12,45,19.0,2.0,nan,33.0,15.0,35.0,45.0
68,中壢,2017-05-12,55,10.0,20.0,nan,52.0,37.0,nan,55.0
45,安南,2017-05-12,55,10.0,5.0,nan,44.0,19.0,29.0,55.0
67,三重,2017-05-12,74,36.0,20.0,nan,59.0,66.0,nan,74.0
46,臺南,2017-05-12,56,10.0,3.0,nan,43.0,19.0,27.0,56.0
66,冬山,2017-05-12,35,7.0,3.0,nan,35.0,25.0,33.0,35.0
47,美濃,2017-05-12,68,4.0,2.0,nan,56.0,7.0,35.0,68.0
48,橋頭,2017-05-12,55,19.0,5.0,nan,42.0,21.0,19.0,55.0
65,宜蘭,2017-05-12,30,4.0,3.0,nan,29.0,13.0,26.0,30.0
49,仁武,2017-05-12,51,17.0,3.0,nan,49.0,17.0,26.0,51.0
64,陽明,2017-05-12,59,7.0,3.0,nan,20.0,15.0,44.0,59.0
63,花蓮,2017-05-12,31,4.0,2.0,nan,21.0,9.0,18.0,31.0
50,鳳山,2017-05-12,49,20.0,6.0,nan,49.0,16.0,nan,48.0
51,大寮,2017-05-12,55,11.0,5.0,nan,55.0,18.0,20.0,48.0
52,林園,2017-05-12,31,3.0,1.0,nan,21.0,13.0,19.0,31.0
53,楠梓,2017-05-12,54,21.0,3.0,nan,54.0,16.0,23.0,48.0
62,臺東,2017-05-12,24,3.0,5.0,nan,24.0,6.0,12.0,15.0
54,左營,2017-05-12,41,19.0,5.0,nan,41.0,20.0,21.0,40.0
61,恆春,2017-05-12,24,3.0,1.0,nan,24.0,2.0,24.0,15.0
56,前金,2017-05-12,42,19.0,3.0,nan,42.0,17.0,18.0,38.0
60,潮州,2017-05-12,43,6.0,3.0,nan,43.0,11.0,28.0,36.0
59,屏東,2017-05-12,55,4.0,5.0,nan,37.0,14.0,26.0,55.0
57,前鎮,2017-05-12,40,23.0,3.0,nan,40.0,19.0,nan,38.0
17,桃園,2017-05-13,45,9.0,6.0,nan,28.0,25.0,36.0,45.0
1,基隆,2017-05-13,45,9.0,3.0,nan,13.0,17.0,45.0,29.0
84,富貴角,2017-05-13,80,1.0,2.0,nan,nan,5.0,80.0,nan
83,麥寮,2017-05-13,72,9.0,3.0,nan,49.0,15.0,nan,72.0
80,關山,2017-05-13,76,76.0,nan,nan,23.0,6.0,28.0,29.0
78,馬公,2017-05-13,51,13.0,3.0,nan,26.0,15.0,27.0,51.0
77,金門,2017-05-13,83,13.0,3.0,nan,35.0,17.0,39.0,83.0
75,馬祖,2017-05-13,97,4.0,2.0,nan,23.0,11.0,97.0,11.0
72,埔里,2017-05-13,46,3.0,2.0,nan,24.0,9.0,37.0,46.0
71,復興,2017-05-13,34,13.0,5.0,nan,24.0,14.0,nan,34.0
70,永和,2017-05-13,37,6.0,16.0,nan,28.0,37.0,nan,nan
69,竹山,2017-05-13,62,6.0,3.0,nan,37.0,19.0,31.0,62.0
68,中壢,2017-05-13,39,9.0,10.0,nan,38.0,39.0,nan,38.0
67,三重,2017-05-13,44,10.0,19.0,nan,43.0,44.0,nan,39.0
66,冬山,2017-05-13,42,7.0,3.0,nan,35.0,19.0,42.0,35.0
65,宜蘭,2017-05-13,38,6.0,5.0,nan,31.0,12.0,38.0,32.0
64,陽明,2017-05-13,42,3.0,1.0,nan,7.0,9.0,42.0,16.0
63,花蓮,2017-05-13,43,3.0,3.0,nan,27.0,13.0,43.0,41.0
62,臺東,2017-05-13,29,3.0,3.0,nan,29.0,9.0,29.0,27.0
61,恆春,2017-05-13,44,4.0,1.0,nan,29.0,3.0,44.0,24.0
60,潮州,2017-05-13,62,7.0,3.0,nan,44.0,13.0,44.0,62.0
59,屏東,2017-05-13,40,7.0,3.0,nan,31.0,14.0,37.0,40.0
58,小港,2017-05-13,35,16.0,3.0,nan,33.0,15.0,35.0,29.0
57,前鎮,2017-05-13,45,13.0,3.0,nan,28.0,14.0,nan,45.0
56,前金,2017-05-13,38,23.0,3.0,nan,29.0,20.0,38.0,33.0
54,左營,2017-05-13,44,6.0,2.0,nan,31.0,16.0,38.0,44.0
53,楠梓,2017-05-13,59,10.0,5.0,nan,47.0,18.0,33.0,59.0
52,林園,2017-05-13,38,21.0,3.0,nan,25.0,21.0,31.0,38.0
51,大寮,2017-05-13,35,10.0,3.0,nan,34.0,17.0,34.0,35.0
50,鳳山,2017-05-13,44,11.0,5.0,nan,44.0,18.0,nan,35.0
48,橋頭,2017-05-13,50,9.0,5.0,nan,40.0,16.0,28.0,50.0
47,美濃,2017-05-13,64,3.0,2.0,nan,26.0,7.0,40.0,64.0
46,臺南,2017-05-13,44,9.0,5.0,nan,28.0,20.0,37.0,44.0
45,安南,2017-05-13,47,6.0,3.0,nan,32.0,14.0,36.0,47.0
44,善化,2017-05-13,47,7.0,3.0,nan,29.0,16.0,31.0,47.0
43,新營,2017-05-13,54,4.0,3.0,nan,42.0,17.0,28.0,54.0
42,嘉義,2017-05-13,51,9.0,5.0,nan,36.0,18.0,27.0,51.0
41,臺西,2017-05-13,64,4.0,2.0,nan,33.0,14.0,nan,64.0
40,朴子,2017-05-13,53,6.0,3.0,nan,51.0,12.0,33.0,53.0
39,新港,2017-05-13,53,6.0,3.0,nan,42.0,19.0,27.0,53.0
38,崙背,2017-05-13,65,6.0,3.0,nan,34.0,15.0,27.0,65.0
37,斗六,2017-05-13,63,6.0,5.0,nan,41.0,19.0,28.0,63.0
36,南投,2017-05-13,53,7.0,6.0,nan,36.0,27.0,27.0,53.0
35,二林,2017-05-13,45,6.0,3.0,nan,32.0,14.0,26.0,45.0
34,線西,2017-05-13,59,7.0,5.0,nan,34.0,18.0,nan,59.0
33,彰化,2017-05-13,55,9.0,6.0,nan,34.0,24.0,25.0,55.0
32,西屯,2017-05-13,48,7.0,5.0,nan,34.0,35.0,26.0,48.0
31,忠明,2017-05-13,49,6.0,6.0,nan,30.0,28.0,28.0,49.0
30,大里,2017-05-13,48,4.0,5.0,nan,34.0,21.0,27.0,48.0
29,沙鹿,2017-05-13,47,10.0,6.0,nan,28.0,34.0,21.0,47.0
28,豐原,2017-05-13,44,7.0,5.0,nan,28.0,14.0,26.0,44.0
27,三義,2017-05-13,30,14.0,2.0,nan,25.0,13.0,26.0,30.0
26,苗栗,2017-05-13,47,3.0,6.0,nan,31.0,18.0,31.0,47.0
25,頭份,2017-05-13,47,7.0,5.0,nan,27.0,25.0,nan,47.0
24,新竹,2017-05-13,36,6.0,6.0,nan,28.0,29.0,36.0,21.0
23,竹東,2017-05-13,59,3.0,5.0,nan,31.0,18.0,22.0,59.0
22,湖口,2017-05-13,44,7.0,3.0,nan,22.0,11.0,44.0,44.0
21,龍潭,2017-05-13,47,4.0,6.0,nan,40.0,23.0,37.0,47.0
20,平鎮,2017-05-13,42,7.0,5.0,nan,31.0,29.0,42.0,31.0
19,觀音,2017-05-13,58,13.0,2.0,nan,23.0,10.0,58.0,26.0
18,大園,2017-05-13,51,17.0,3.0,nan,24.0,19.0,51.0,36.0
16,大同,2017-05-13,45,9.0,17.0,nan,40.0,45.0,nan,43.0
15,松山,2017-05-13,38,6.0,6.0,nan,15.0,27.0,32.0,38.0
14,古亭,2017-05-13,47,6.0,6.0,nan,19.0,31.0,30.0,47.0
13,萬華,2017-05-13,43,10.0,7.0,nan,26.0,34.0,29.0,43.0
12,中山,2017-05-13,39,9.0,9.0,nan,25.0,32.0,28.0,39.0
11,士林,2017-05-13,34,6.0,6.0,nan,25.0,22.0,32.0,34.0
10,淡水,2017-05-13,41,4.0,3.0,nan,23.0,20.0,37.0,41.0
9,林口,2017-05-13,54,7.0,3.0,nan,28.0,18.0,43.0,54.0
8,菜寮,2017-05-13,50,9.0,7.0,nan,24.0,29.0,35.0,50.0
7,新莊,2017-05-13,56,7.0,7.0,nan,28.0,29.0,35.0,56.0
6,板橋,2017-05-13,53,9.0,9.0,nan,33.0,34.0,28.0,53.0
5,土城,2017-05-13,54,6.0,6.0,nan,30.0,25.0,29.0,54.0
4,新店,2017-05-13,56,9.0,6.0,nan,31.0,23.0,30.0,56.0
3,萬里,2017-05-13,54,4.0,5.0,nan,22.0,10.0,54.0,43.0
2,汐止,2017-05-13,52,11.0,6.0,nan,20.0,24.0,35.0,52.0
49,仁武,2017-05-13,45,11.0,3.0,nan,39.0,19.0,36.0,45.0
17,桃園,2017-05-14,54,19.0,8.0,nan,30.0,28.0,54.0,54.0
1,基隆,2017-05-14,64,10.0,3.0,nan,18.0,13.0,64.0,41.0
84,富貴角,2017-05-14,84,3.0,2.0,nan,nan,3.0,84.0,nan
83,麥寮,2017-05-14,87,11.0,3.0,nan,52.0,12.0,nan,87.0
80,關山,2017-05-14,33,3.0,nan,nan,21.0,4.0,30.0,33.0
78,馬公,2017-05-14,54,4.0,3.0,nan,23.0,7.0,54.0,52.0
77,金門,2017-05-14,86,10.0,5.0,nan,38.0,11.0,80.0,86.0
75,馬祖,2017-05-14,132,6.0,9.0,nan,36.0,10.0,132.0,nan
72,埔里,2017-05-14,64,6.0,3.0,nan,19.0,9.0,64.0,32.0
71,復興,2017-05-14,52,10.0,6.0,nan,23.0,19.0,nan,52.0
70,永和,2017-05-14,40,40.0,11.0,nan,37.0,33.0,nan,nan
69,竹山,2017-05-14,90,4.0,2.0,nan,26.0,11.0,90.0,51.0
68,中壢,2017-05-14,45,11.0,14.0,nan,41.0,45.0,nan,42.0
67,三重,2017-05-14,50,41.0,15.0,nan,38.0,44.0,nan,50.0
66,冬山,2017-05-14,49,7.0,3.0,nan,29.0,17.0,49.0,26.0
65,宜蘭,2017-05-14,58,7.0,5.0,nan,25.0,6.0,58.0,34.0
64,陽明,2017-05-14,48,4.0,2.0,nan,11.0,5.0,48.0,31.0
63,花蓮,2017-05-14,50,4.0,3.0,nan,21.0,4.0,50.0,48.0
62,臺東,2017-05-14,33,3.0,3.0,nan,25.0,8.0,33.0,32.0
61,恆春,2017-05-14,49,6.0,2.0,nan,27.0,3.0,49.0,28.0
60,潮州,2017-05-14,74,9.0,2.0,nan,41.0,10.0,74.0,55.0
59,屏東,2017-05-14,54,6.0,3.0,nan,29.0,15.0,50.0,54.0
58,小港,2017-05-14,48,21.0,3.0,nan,28.0,22.0,48.0,35.0
57,前鎮,2017-05-14,55,13.0,3.0,nan,27.0,18.0,nan,55.0
56,前金,2017-05-14,49,7.0,3.0,nan,25.0,14.0,49.0,42.0
54,左營,2017-05-14,61,9.0,3.0,nan,34.0,18.0,61.0,47.0
53,楠梓,2017-05-14,61,10.0,3.0,nan,44.0,16.0,50.0,61.0
52,林園,2017-05-14,64,11.0,3.0,nan,25.0,17.0,64.0,54.0
51,大寮,2017-05-14,51,20.0,3.0,nan,32.0,17.0,51.0,44.0
50,鳳山,2017-05-14,55,13.0,3.0,nan,35.0,20.0,nan,55.0
48,橋頭,2017-05-14,64,9.0,3.0,nan,42.0,16.0,41.0,64.0
47,美濃,2017-05-14,55,3.0,3.0,nan,19.0,11.0,48.0,55.0
46,臺南,2017-05-14,55,6.0,3.0,nan,28.0,13.0,54.0,55.0
45,安南,2017-05-14,58,7.0,3.0,nan,30.0,13.0,58.0,55.0
44,善化,2017-05-14,61,9.0,3.0,nan,34.0,18.0,44.0,61.0
43,新營,2017-05-14,68,9.0,3.0,nan,45.0,18.0,47.0,68.0
42,嘉義,2017-05-14,74,13.0,5.0,nan,34.0,16.0,67.0,74.0
41,臺西,2017-05-14,73,16.0,2.0,nan,31.0,21.0,nan,73.0
40,朴子,2017-05-14,90,7.0,2.0,nan,44.0,10.0,90.0,71.0
39,新港,2017-05-14,80,7.0,3.0,nan,44.0,13.0,80.0,78.0
38,崙背,2017-05-14,87,9.0,3.0,nan,41.0,16.0,87.0,86.0
37,斗六,2017-05-14,93,6.0,3.0,nan,32.0,28.0,93.0,64.0
36,南投,2017-05-14,64,13.0,5.0,nan,28.0,22.0,64.0,45.0
35,二林,2017-05-14,74,13.0,3.0,nan,38.0,18.0,74.0,58.0
34,線西,2017-05-14,66,14.0,5.0,nan,36.0,25.0,nan,66.0
33,彰化,2017-05-14,71,16.0,5.0,nan,31.0,24.0,71.0,63.0
32,西屯,2017-05-14,101,10.0,3.0,nan,28.0,35.0,101.0,53.0
31,忠明,2017-05-14,97,9.0,5.0,nan,25.0,34.0,97.0,54.0
30,大里,2017-05-14,101,10.0,5.0,nan,26.0,25.0,101.0,40.0
29,沙鹿,2017-05-14,93,6.0,3.0,nan,24.0,25.0,93.0,58.0
28,豐原,2017-05-14,93,10.0,3.0,nan,21.0,12.0,93.0,45.0
27,三義,2017-05-14,64,7.0,2.0,nan,21.0,13.0,64.0,34.0
26,苗栗,2017-05-14,61,7.0,5.0,nan,33.0,21.0,61.0,52.0
25,頭份,2017-05-14,61,6.0,3.0,nan,nan,26.0,nan,61.0
24,新竹,2017-05-14,50,7.0,6.0,nan,31.0,27.0,50.0,43.0
23,竹東,2017-05-14,57,7.0,5.0,nan,34.0,14.0,47.0,57.0
22,湖口,2017-05-14,71,7.0,5.0,nan,29.0,21.0,71.0,nan
21,龍潭,2017-05-14,77,10.0,6.0,nan,43.0,20.0,77.0,69.0
20,平鎮,2017-05-14,64,10.0,6.0,nan,32.0,33.0,64.0,47.0
19,觀音,2017-05-14,67,10.0,5.0,nan,34.0,26.0,67.0,47.0
18,大園,2017-05-14,67,13.0,5.0,nan,27.0,26.0,67.0,42.0
16,大同,2017-05-14,45,36.0,12.0,nan,44.0,45.0,nan,44.0
15,松山,2017-05-14,51,49.0,5.0,nan,23.0,27.0,45.0,51.0
14,古亭,2017-05-14,59,47.0,6.0,nan,25.0,34.0,48.0,59.0
13,萬華,2017-05-14,49,26.0,7.0,nan,28.0,31.0,48.0,49.0
12,中山,2017-05-14,54,31.0,7.0,nan,28.0,34.0,47.0,54.0
11,士林,2017-05-14,50,13.0,6.0,nan,31.0,28.0,50.0,43.0
10,淡水,2017-05-14,52,7.0,3.0,nan,24.0,9.0,45.0,52.0
9,林口,2017-05-14,66,19.0,5.0,nan,31.0,26.0,54.0,66.0
8,菜寮,2017-05-14,64,36.0,7.0,nan,26.0,32.0,64.0,62.0
7,新莊,2017-05-14,67,24.0,8.0,nan,32.0,30.0,67.0,55.0
6,板橋,2017-05-14,61,24.0,7.0,nan,34.0,34.0,61.0,60.0
5,土城,2017-05-14,77,31.0,6.0,nan,30.0,25.0,77.0,58.0
4,新店,2017-05-14,59,37.0,5.0,nan,30.0,28.0,54.0,59.0
3,萬里,2017-05-14,74,6.0,3.0,nan,26.0,8.0,74.0,51.0
2,汐止,2017-05-14,72,72.0,5.0,nan,26.0,35.0,41.0,61.0
49,仁武,2017-05-14,58,20.0,3.0,nan,36.0,20.0,58.0,54.0
59,屏東,2017-05-15,80,16.0,5.0,nan,35.0,17.0,80.0,58.0
1,基隆,2017-05-15,41,10.0,3.0,nan,17.0,20.0,41.0,32.0
17,桃園,2017-05-15,57,13.0,7.0,nan,26.0,25.0,46.0,57.0
49,仁武,2017-05-15,104,23.0,5.0,nan,42.0,21.0,104.0,58.0
2,汐止,2017-05-15,56,56.0,3.0,nan,19.0,23.0,31.0,47.0
3,萬里,2017-05-15,46,9.0,2.0,nan,23.0,9.0,46.0,37.0
4,新店,2017-05-15,37,24.0,5.0,nan,20.0,24.0,36.0,37.0
5,土城,2017-05-15,45,19.0,5.0,nan,23.0,25.0,45.0,38.0
6,板橋,2017-05-15,36,17.0,6.0,nan,23.0,32.0,36.0,36.0
7,新莊,2017-05-15,43,9.0,7.0,nan,25.0,42.0,43.0,37.0
8,菜寮,2017-05-15,45,7.0,6.0,nan,20.0,34.0,35.0,45.0
9,林口,2017-05-15,58,6.0,5.0,nan,31.0,36.0,41.0,58.0
10,淡水,2017-05-15,45,6.0,3.0,nan,23.0,23.0,39.0,45.0
11,士林,2017-05-15,35,14.0,5.0,nan,17.0,26.0,34.0,35.0
12,中山,2017-05-15,34,13.0,8.0,nan,21.0,31.0,31.0,34.0
13,萬華,2017-05-15,33,13.0,7.0,nan,22.0,33.0,31.0,30.0
14,古亭,2017-05-15,37,24.0,7.0,nan,19.0,27.0,34.0,37.0
15,松山,2017-05-15,42,23.0,6.0,nan,15.0,27.0,32.0,42.0
16,大同,2017-05-15,44,10.0,17.0,nan,38.0,44.0,nan,36.0
18,大園,2017-05-15,48,9.0,5.0,nan,31.0,24.0,48.0,45.0
19,觀音,2017-05-15,45,11.0,5.0,nan,39.0,19.0,45.0,45.0
20,平鎮,2017-05-15,61,7.0,5.0,nan,30.0,25.0,61.0,44.0
21,龍潭,2017-05-15,61,6.0,5.0,nan,39.0,16.0,61.0,61.0
22,湖口,2017-05-15,71,7.0,3.0,nan,26.0,11.0,71.0,60.0
23,竹東,2017-05-15,56,7.0,3.0,nan,31.0,13.0,45.0,56.0
24,新竹,2017-05-15,54,6.0,6.0,nan,33.0,21.0,54.0,52.0
25,頭份,2017-05-15,63,9.0,5.0,nan,nan,17.0,nan,63.0
26,苗栗,2017-05-15,64,9.0,5.0,nan,35.0,25.0,64.0,52.0
27,三義,2017-05-15,64,7.0,3.0,nan,29.0,16.0,64.0,56.0
28,豐原,2017-05-15,87,10.0,5.0,nan,29.0,13.0,87.0,58.0
29,沙鹿,2017-05-15,67,10.0,3.0,nan,31.0,31.0,67.0,63.0
30,大里,2017-05-15,54,13.0,5.0,nan,36.0,25.0,54.0,52.0
31,忠明,2017-05-15,71,10.0,5.0,nan,30.0,22.0,54.0,71.0
32,西屯,2017-05-15,67,10.0,5.0,nan,35.0,29.0,64.0,67.0
33,彰化,2017-05-15,74,16.0,5.0,nan,39.0,17.0,48.0,74.0
34,線西,2017-05-15,62,9.0,3.0,nan,35.0,19.0,nan,62.0
35,二林,2017-05-15,61,7.0,2.0,nan,38.0,21.0,61.0,55.0
36,南投,2017-05-15,59,9.0,5.0,nan,34.0,17.0,49.0,59.0
37,斗六,2017-05-15,68,7.0,3.0,nan,42.0,19.0,64.0,68.0
38,崙背,2017-05-15,67,6.0,3.0,nan,31.0,8.0,61.0,67.0
39,新港,2017-05-15,73,7.0,3.0,nan,43.0,15.0,67.0,73.0
40,朴子,2017-05-15,64,9.0,3.0,nan,46.0,12.0,64.0,59.0
41,臺西,2017-05-15,72,17.0,2.0,nan,36.0,13.0,nan,72.0
42,嘉義,2017-05-15,70,9.0,5.0,nan,38.0,16.0,67.0,70.0
43,新營,2017-05-15,65,6.0,3.0,nan,44.0,11.0,47.0,65.0
44,善化,2017-05-15,65,21.0,3.0,nan,37.0,12.0,54.0,65.0
45,安南,2017-05-15,90,9.0,3.0,nan,42.0,17.0,90.0,73.0
46,臺南,2017-05-15,97,10.0,5.0,nan,38.0,14.0,97.0,69.0
47,美濃,2017-05-15,68,6.0,3.0,nan,26.0,11.0,64.0,68.0
48,橋頭,2017-05-15,66,11.0,5.0,nan,40.0,16.0,58.0,66.0
50,鳳山,2017-05-15,64,33.0,7.0,nan,44.0,35.0,nan,64.0
51,大寮,2017-05-15,53,13.0,5.0,nan,48.0,17.0,50.0,53.0
52,林園,2017-05-15,90,26.0,3.0,nan,22.0,35.0,90.0,55.0
53,楠梓,2017-05-15,104,11.0,5.0,nan,51.0,21.0,104.0,67.0
54,左營,2017-05-15,104,10.0,3.0,nan,40.0,20.0,104.0,61.0
56,前金,2017-05-15,97,17.0,5.0,nan,34.0,18.0,97.0,63.0
57,前鎮,2017-05-15,69,21.0,5.0,nan,38.0,25.0,nan,69.0
58,小港,2017-05-15,67,27.0,3.0,nan,34.0,21.0,67.0,53.0
60,潮州,2017-05-15,54,10.0,2.0,nan,41.0,14.0,54.0,49.0
61,恆春,2017-05-15,39,1.0,1.0,nan,19.0,1.0,39.0,16.0
62,臺東,2017-05-15,28,3.0,3.0,nan,15.0,8.0,28.0,16.0
63,花蓮,2017-05-15,39,6.0,3.0,nan,14.0,nan,39.0,34.0
64,陽明,2017-05-15,44,9.0,2.0,nan,9.0,8.0,44.0,24.0
65,宜蘭,2017-05-15,37,4.0,3.0,nan,21.0,9.0,37.0,25.0
66,冬山,2017-05-15,35,4.0,3.0,nan,23.0,12.0,35.0,27.0
67,三重,2017-05-15,45,10.0,18.0,nan,41.0,45.0,nan,41.0
68,中壢,2017-05-15,49,7.0,12.0,nan,38.0,43.0,nan,49.0
69,竹山,2017-05-15,64,7.0,3.0,nan,34.0,12.0,64.0,63.0
70,永和,2017-05-15,30,19.0,10.0,nan,21.0,30.0,nan,nan
71,復興,2017-05-15,64,23.0,8.0,nan,31.0,30.0,nan,64.0
72,埔里,2017-05-15,53,4.0,3.0,nan,22.0,14.0,46.0,53.0
75,馬祖,2017-05-15,87,7.0,5.0,nan,33.0,9.0,87.0,nan
77,金門,2017-05-15,78,7.0,3.0,nan,35.0,15.0,49.0,78.0
78,馬公,2017-05-15,46,4.0,2.0,nan,27.0,5.0,46.0,42.0
80,關山,2017-05-15,26,3.0,nan,nan,15.0,5.0,26.0,20.0
83,麥寮,2017-05-15,71,6.0,2.0,nan,51.0,9.0,nan,71.0
84,富貴角,2017-05-15,54,4.0,2.0,nan,nan,3.0,54.0,nan
39,新港,2017-05-16,39,3.0,3.0,nan,22.0,12.0,39.0,34.0
7,新莊,2017-05-16,41,27.0,8.0,nan,18.0,41.0,32.0,26.0
8,菜寮,2017-05-16,39,16.0,8.0,nan,13.0,39.0,35.0,37.0
9,林口,2017-05-16,48,9.0,5.0,nan,22.0,32.0,42.0,48.0
6,板橋,2017-05-16,44,20.0,8.0,nan,19.0,44.0,31.0,34.0
10,淡水,2017-05-16,39,4.0,5.0,nan,16.0,25.0,39.0,31.0
5,土城,2017-05-16,37,13.0,5.0,nan,17.0,33.0,37.0,27.0
11,士林,2017-05-16,37,4.0,6.0,nan,11.0,35.0,37.0,20.0
4,新店,2017-05-16,36,20.0,5.0,nan,19.0,32.0,36.0,33.0
12,中山,2017-05-16,39,19.0,7.0,nan,14.0,39.0,36.0,25.0
3,萬里,2017-05-16,80,4.0,2.0,nan,20.0,5.0,80.0,23.0
13,萬華,2017-05-16,40,20.0,7.0,nan,16.0,40.0,36.0,28.0
2,汐止,2017-05-16,41,33.0,5.0,nan,10.0,31.0,41.0,31.0
49,仁武,2017-05-16,49,7.0,5.0,nan,46.0,24.0,21.0,49.0
14,古亭,2017-05-16,39,13.0,7.0,nan,10.0,39.0,38.0,33.0
15,松山,2017-05-16,38,20.0,5.0,nan,14.0,36.0,38.0,28.0
16,大同,2017-05-16,57,19.0,30.0,nan,30.0,57.0,nan,27.0
18,大園,2017-05-16,41,7.0,5.0,nan,21.0,35.0,41.0,34.0
19,觀音,2017-05-16,40,11.0,3.0,nan,24.0,27.0,40.0,32.0
20,平鎮,2017-05-16,38,10.0,5.0,nan,22.0,32.0,38.0,26.0
21,龍潭,2017-05-16,42,16.0,5.0,nan,26.0,28.0,42.0,27.0
22,湖口,2017-05-16,49,6.0,3.0,nan,14.0,23.0,49.0,35.0
23,竹東,2017-05-16,36,6.0,3.0,nan,16.0,23.0,36.0,24.0
24,新竹,2017-05-16,41,4.0,5.0,nan,13.0,32.0,41.0,20.0
25,頭份,2017-05-16,41,4.0,3.0,nan,15.0,29.0,nan,41.0
26,苗栗,2017-05-16,43,6.0,5.0,nan,21.0,25.0,43.0,21.0
27,三義,2017-05-16,48,1.0,2.0,nan,8.0,14.0,48.0,15.0
28,豐原,2017-05-16,47,6.0,6.0,nan,10.0,21.0,47.0,29.0
29,沙鹿,2017-05-16,50,4.0,5.0,nan,9.0,23.0,50.0,25.0
30,大里,2017-05-16,33,4.0,6.0,nan,19.0,27.0,33.0,19.0
31,忠明,2017-05-16,40,4.0,6.0,nan,10.0,28.0,40.0,33.0
32,西屯,2017-05-16,47,4.0,2.0,nan,17.0,33.0,47.0,20.0
33,彰化,2017-05-16,38,3.0,6.0,nan,16.0,25.0,38.0,25.0
34,線西,2017-05-16,34,9.0,5.0,nan,19.0,27.0,nan,34.0
35,二林,2017-05-16,47,7.0,3.0,nan,14.0,21.0,47.0,26.0
36,南投,2017-05-16,33,4.0,5.0,nan,21.0,29.0,27.0,33.0
37,斗六,2017-05-16,32,3.0,3.0,nan,27.0,23.0,32.0,32.0
38,崙背,2017-05-16,43,6.0,3.0,nan,18.0,17.0,43.0,41.0
40,朴子,2017-05-16,41,4.0,3.0,nan,31.0,13.0,41.0,36.0
41,臺西,2017-05-16,58,11.0,5.0,nan,22.0,27.0,nan,58.0
42,嘉義,2017-05-16,59,10.0,5.0,nan,27.0,23.0,25.0,59.0
43,新營,2017-05-16,49,4.0,3.0,nan,32.0,14.0,29.0,49.0
44,善化,2017-05-16,50,10.0,2.0,nan,30.0,12.0,26.0,50.0
45,安南,2017-05-16,53,6.0,5.0,nan,31.0,21.0,29.0,53.0
46,臺南,2017-05-16,53,6.0,5.0,nan,23.0,21.0,27.0,53.0
47,美濃,2017-05-16,55,3.0,2.0,nan,17.0,8.0,16.0,55.0
48,橋頭,2017-05-16,55,7.0,5.0,nan,28.0,24.0,14.0,55.0
50,鳳山,2017-05-16,44,10.0,6.0,nan,40.0,24.0,nan,44.0
51,大寮,2017-05-16,36,4.0,2.0,nan,31.0,14.0,16.0,36.0
52,林園,2017-05-16,27,6.0,1.0,nan,13.0,8.0,25.0,27.0
53,楠梓,2017-05-16,52,16.0,3.0,nan,47.0,25.0,17.0,52.0
54,左營,2017-05-16,51,13.0,7.0,nan,41.0,36.0,19.0,51.0
56,前金,2017-05-16,49,17.0,6.0,nan,33.0,29.0,19.0,49.0
57,前鎮,2017-05-16,53,21.0,7.0,nan,31.0,33.0,nan,53.0
58,小港,2017-05-16,74,74.0,9.0,nan,38.0,27.0,18.0,51.0
59,屏東,2017-05-16,34,3.0,6.0,nan,27.0,16.0,16.0,34.0
60,潮州,2017-05-16,35,4.0,2.0,nan,35.0,8.0,20.0,33.0
61,恆春,2017-05-16,31,3.0,1.0,nan,17.0,2.0,31.0,13.0
62,臺東,2017-05-16,39,3.0,3.0,nan,17.0,8.0,39.0,16.0
63,花蓮,2017-05-16,49,6.0,5.0,nan,14.0,16.0,49.0,30.0
64,陽明,2017-05-16,77,3.0,1.0,nan,5.0,1.0,77.0,6.0
65,宜蘭,2017-05-16,48,3.0,3.0,nan,18.0,8.0,48.0,22.0
66,冬山,2017-05-16,47,1.0,2.0,nan,18.0,14.0,47.0,13.0
67,三重,2017-05-16,58,11.0,19.0,nan,31.0,58.0,nan,23.0
68,中壢,2017-05-16,49,9.0,15.0,nan,30.0,49.0,nan,20.0
69,竹山,2017-05-16,33,4.0,3.0,nan,19.0,25.0,28.0,33.0
70,永和,2017-05-16,36,13.0,8.0,nan,14.0,36.0,nan,36.0
71,復興,2017-05-16,49,17.0,9.0,nan,29.0,33.0,nan,49.0
72,埔里,2017-05-16,27,4.0,3.0,nan,13.0,14.0,17.0,27.0
75,馬祖,2017-05-16,58,4.0,3.0,nan,30.0,9.0,58.0,52.0
77,金門,2017-05-16,50,6.0,3.0,nan,20.0,14.0,45.0,50.0
78,馬公,2017-05-16,64,3.0,2.0,nan,13.0,5.0,64.0,19.0
80,關山,2017-05-16,42,1.0,nan,nan,15.0,6.0,42.0,18.0
83,麥寮,2017-05-16,58,9.0,5.0,nan,33.0,25.0,nan,58.0
84,富貴角,2017-05-16,90,1.0,1.0,nan,nan,2.0,90.0,nan
17,桃園,2017-05-16,36,16.0,6.0,nan,16.0,33.0,36.0,30.0
1,基隆,2017-05-16,51,16.0,3.0,nan,11.0,25.0,51.0,24.0
17,桃園,2017-05-17,64,19.0,5.0,nan,25.0,27.0,64.0,41.0
84,富貴角,2017-05-17,112,1.0,2.0,nan,nan,1.0,112.0,nan
83,麥寮,2017-05-17,68,16.0,5.0,nan,53.0,27.0,nan,68.0
80,關山,2017-05-17,41,3.0,nan,nan,15.0,8.0,41.0,21.0
78,馬公,2017-05-17,67,3.0,2.0,nan,31.0,4.0,67.0,41.0
77,金門,2017-05-17,87,14.0,3.0,nan,48.0,16.0,87.0,84.0
75,馬祖,2017-05-17,93,4.0,2.0,nan,31.0,5.0,93.0,34.0
72,埔里,2017-05-17,30,7.0,6.0,nan,14.0,16.0,30.0,23.0
71,復興,2017-05-17,48,14.0,8.0,nan,27.0,35.0,nan,48.0
70,永和,2017-05-17,44,11.0,9.0,nan,25.0,36.0,nan,44.0
69,竹山,2017-05-17,55,4.0,5.0,nan,30.0,17.0,37.0,55.0
68,中壢,2017-05-17,44,17.0,14.0,nan,41.0,44.0,nan,34.0
67,三重,2017-05-17,50,10.0,18.0,nan,43.0,50.0,nan,41.0
65,宜蘭,2017-05-17,58,3.0,3.0,nan,23.0,8.0,58.0,26.0
64,陽明,2017-05-17,80,3.0,1.0,nan,14.0,2.0,80.0,29.0
63,花蓮,2017-05-17,54,4.0,5.0,nan,17.0,19.0,54.0,30.0
62,臺東,2017-05-17,39,3.0,3.0,nan,18.0,10.0,39.0,20.0
61,恆春,2017-05-17,74,3.0,1.0,nan,16.0,2.0,74.0,17.0
60,潮州,2017-05-17,64,9.0,3.0,nan,28.0,14.0,64.0,34.0
59,屏東,2017-05-17,67,9.0,5.0,nan,22.0,17.0,67.0,36.0
58,小港,2017-05-17,64,33.0,6.0,nan,26.0,44.0,64.0,43.0
57,前鎮,2017-05-17,50,17.0,6.0,nan,32.0,35.0,nan,50.0
56,前金,2017-05-17,93,10.0,5.0,nan,30.0,20.0,93.0,33.0
54,左營,2017-05-17,126,9.0,5.0,nan,38.0,23.0,126.0,53.0
53,楠梓,2017-05-17,132,9.0,6.0,nan,51.0,27.0,132.0,56.0
52,林園,2017-05-17,97,23.0,5.0,nan,14.0,29.0,97.0,31.0
51,大寮,2017-05-17,64,11.0,5.0,nan,34.0,25.0,64.0,34.0
50,鳳山,2017-05-17,57,23.0,10.0,nan,44.0,41.0,nan,57.0
48,橋頭,2017-05-17,90,7.0,5.0,nan,36.0,23.0,90.0,66.0
47,美濃,2017-05-17,90,7.0,3.0,nan,25.0,12.0,90.0,64.0
46,臺南,2017-05-17,136,7.0,6.0,nan,37.0,23.0,136.0,52.0
45,安南,2017-05-17,136,9.0,3.0,nan,38.0,20.0,136.0,49.0
44,善化,2017-05-17,100,6.0,3.0,nan,37.0,14.0,100.0,57.0
43,新營,2017-05-17,93,7.0,5.0,nan,43.0,20.0,93.0,54.0
42,嘉義,2017-05-17,80,11.0,6.0,nan,39.0,25.0,80.0,63.0
41,臺西,2017-05-17,64,13.0,2.0,nan,35.0,19.0,nan,64.0
40,朴子,2017-05-17,140,9.0,3.0,nan,42.0,12.0,140.0,44.0
39,新港,2017-05-17,129,9.0,3.0,nan,43.0,14.0,129.0,58.0
1,基隆,2017-05-17,67,3.0,3.0,nan,19.0,20.0,67.0,37.0
38,崙背,2017-05-17,126,10.0,3.0,nan,37.0,19.0,126.0,52.0
37,斗六,2017-05-17,80,6.0,5.0,nan,39.0,31.0,80.0,57.0
36,南投,2017-05-17,45,4.0,6.0,nan,30.0,28.0,34.0,45.0
35,二林,2017-05-17,108,11.0,3.0,nan,36.0,19.0,108.0,33.0
34,線西,2017-05-17,58,13.0,3.0,nan,41.0,25.0,nan,58.0
33,彰化,2017-05-17,93,6.0,6.0,nan,28.0,33.0,93.0,47.0
66,冬山,2017-05-17,64,1.0,2.0,nan,24.0,13.0,64.0,20.0
32,西屯,2017-05-17,104,7.0,5.0,nan,33.0,33.0,104.0,33.0
31,忠明,2017-05-17,87,4.0,6.0,nan,27.0,42.0,87.0,40.0
30,大里,2017-05-17,112,6.0,7.0,nan,31.0,35.0,112.0,38.0
29,沙鹿,2017-05-17,115,6.0,3.0,nan,23.0,24.0,115.0,42.0
28,豐原,2017-05-17,51,7.0,3.0,nan,18.0,14.0,51.0,35.0
27,三義,2017-05-17,67,4.0,2.0,nan,19.0,18.0,67.0,35.0
26,苗栗,2017-05-17,87,6.0,5.0,nan,31.0,15.0,87.0,38.0
25,頭份,2017-05-17,52,9.0,3.0,nan,25.0,22.0,nan,52.0
24,新竹,2017-05-17,90,10.0,3.0,nan,27.0,19.0,90.0,40.0
23,竹東,2017-05-17,48,4.0,2.0,nan,28.0,12.0,48.0,37.0
22,湖口,2017-05-17,84,14.0,3.0,nan,26.0,15.0,84.0,53.0
21,龍潭,2017-05-17,74,9.0,3.0,nan,35.0,17.0,74.0,41.0
20,平鎮,2017-05-17,67,21.0,5.0,nan,31.0,25.0,67.0,41.0
19,觀音,2017-05-17,84,14.0,3.0,nan,40.0,37.0,84.0,46.0
18,大園,2017-05-17,77,10.0,3.0,nan,33.0,24.0,77.0,43.0
16,大同,2017-05-17,51,11.0,20.0,nan,38.0,51.0,nan,36.0
15,松山,2017-05-17,49,16.0,5.0,nan,19.0,33.0,49.0,35.0
14,古亭,2017-05-17,50,13.0,6.0,nan,29.0,28.0,50.0,43.0
13,萬華,2017-05-17,48,17.0,5.0,nan,22.0,33.0,48.0,37.0
12,中山,2017-05-17,47,11.0,7.0,nan,27.0,34.0,47.0,36.0
11,士林,2017-05-17,58,6.0,3.0,nan,23.0,18.0,58.0,31.0
10,淡水,2017-05-17,50,4.0,6.0,nan,29.0,23.0,50.0,50.0
9,林口,2017-05-17,55,9.0,5.0,nan,34.0,29.0,50.0,55.0
8,菜寮,2017-05-17,64,13.0,7.0,nan,24.0,29.0,64.0,41.0
7,新莊,2017-05-17,58,14.0,6.0,nan,24.0,33.0,58.0,26.0
6,板橋,2017-05-17,49,13.0,7.0,nan,27.0,33.0,49.0,38.0
5,土城,2017-05-17,58,11.0,5.0,nan,23.0,19.0,58.0,29.0
4,新店,2017-05-17,48,17.0,5.0,nan,27.0,26.0,48.0,35.0
3,萬里,2017-05-17,90,3.0,2.0,nan,34.0,13.0,90.0,36.0
2,汐止,2017-05-17,51,21.0,5.0,nan,21.0,36.0,51.0,44.0
49,仁武,2017-05-17,115,13.0,6.0,nan,42.0,31.0,115.0,55.0
58,小港,2017-05-18,101,36.0,5.0,nan,57.0,53.0,101.0,84.0
84,富貴角,2017-05-18,87,4.0,2.0,nan,nan,4.0,87.0,nan
83,麥寮,2017-05-18,101,9.0,5.0,nan,68.0,22.0,nan,101.0
80,關山,2017-05-18,42,3.0,nan,nan,25.0,7.0,42.0,30.0
78,馬公,2017-05-18,50,3.0,2.0,nan,40.0,3.0,50.0,47.0
77,金門,2017-05-18,87,16.0,3.0,nan,46.0,15.0,87.0,70.0
75,馬祖,2017-05-18,87,4.0,2.0,nan,40.0,5.0,87.0,29.0
72,埔里,2017-05-18,146,4.0,5.0,nan,34.0,16.0,146.0,63.0
71,復興,2017-05-18,81,26.0,8.0,nan,50.0,39.0,nan,81.0
70,永和,2017-05-18,54,3.0,7.0,nan,27.0,25.0,nan,54.0
69,竹山,2017-05-18,112,7.0,5.0,nan,51.0,17.0,112.0,84.0
68,中壢,2017-05-18,43,6.0,15.0,nan,38.0,36.0,nan,43.0
67,三重,2017-05-18,51,7.0,17.0,nan,49.0,51.0,nan,41.0
65,宜蘭,2017-05-18,61,4.0,5.0,nan,34.0,15.0,61.0,41.0
64,陽明,2017-05-18,64,19.0,1.0,nan,19.0,9.0,64.0,50.0
63,花蓮,2017-05-18,61,7.0,5.0,nan,29.0,23.0,61.0,42.0
62,臺東,2017-05-18,41,3.0,5.0,nan,29.0,13.0,41.0,31.0
61,恆春,2017-05-18,80,4.0,1.0,nan,25.0,2.0,80.0,28.0
60,潮州,2017-05-18,129,13.0,5.0,nan,57.0,14.0,129.0,68.0
59,屏東,2017-05-18,97,7.0,8.0,nan,52.0,25.0,97.0,75.0
57,前鎮,2017-05-18,105,21.0,6.0,nan,56.0,32.0,nan,105.0
56,前金,2017-05-18,132,7.0,8.0,nan,51.0,26.0,132.0,76.0
54,左營,2017-05-18,177,11.0,6.0,nan,56.0,25.0,177.0,92.0
53,楠梓,2017-05-18,151,10.0,7.0,nan,66.0,30.0,151.0,87.0
52,林園,2017-05-18,182,13.0,5.0,nan,40.0,26.0,182.0,82.0
51,大寮,2017-05-18,90,14.0,6.0,nan,65.0,37.0,90.0,81.0
50,鳳山,2017-05-18,94,16.0,10.0,nan,65.0,35.0,nan,94.0
48,橋頭,2017-05-18,91,7.0,6.0,nan,55.0,24.0,87.0,91.0
47,美濃,2017-05-18,104,7.0,5.0,nan,40.0,17.0,104.0,77.0
46,臺南,2017-05-18,150,9.0,7.0,nan,50.0,30.0,150.0,84.0
45,安南,2017-05-18,140,9.0,7.0,nan,62.0,61.0,140.0,91.0
44,善化,2017-05-18,108,17.0,5.0,nan,57.0,25.0,108.0,86.0
43,新營,2017-05-18,112,9.0,5.0,nan,63.0,22.0,112.0,99.0
42,嘉義,2017-05-18,126,10.0,7.0,nan,59.0,27.0,126.0,92.0
41,臺西,2017-05-18,99,11.0,5.0,nan,59.0,24.0,nan,99.0
40,朴子,2017-05-18,151,9.0,6.0,nan,69.0,20.0,151.0,86.0
39,新港,2017-05-18,118,9.0,6.0,nan,65.0,19.0,118.0,77.0
38,崙背,2017-05-18,118,11.0,5.0,nan,54.0,20.0,118.0,94.0
37,斗六,2017-05-18,112,19.0,6.0,nan,58.0,28.0,112.0,95.0
36,南投,2017-05-18,101,4.0,6.0,nan,51.0,29.0,101.0,65.0
35,二林,2017-05-18,108,13.0,5.0,nan,56.0,21.0,108.0,69.0
34,線西,2017-05-18,68,16.0,5.0,nan,52.0,26.0,nan,68.0
33,彰化,2017-05-18,97,11.0,7.0,nan,48.0,26.0,97.0,73.0
66,冬山,2017-05-18,45,10.0,3.0,nan,36.0,20.0,45.0,36.0
32,西屯,2017-05-18,122,6.0,5.0,nan,47.0,42.0,122.0,63.0
31,忠明,2017-05-18,112,6.0,7.0,nan,45.0,45.0,112.0,74.0
30,大里,2017-05-18,136,7.0,7.0,nan,55.0,37.0,136.0,67.0
29,沙鹿,2017-05-18,118,6.0,6.0,nan,40.0,43.0,118.0,71.0
28,豐原,2017-05-18,118,6.0,5.0,nan,36.0,18.0,118.0,56.0
27,三義,2017-05-18,93,4.0,3.0,nan,35.0,19.0,93.0,57.0
26,苗栗,2017-05-18,80,10.0,6.0,nan,44.0,28.0,80.0,51.0
25,頭份,2017-05-18,59,4.0,5.0,nan,31.0,22.0,nan,59.0
24,新竹,2017-05-18,87,4.0,3.0,nan,30.0,19.0,87.0,38.0
23,竹東,2017-05-18,44,3.0,3.0,nan,31.0,15.0,44.0,44.0
22,湖口,2017-05-18,80,7.0,3.0,nan,28.0,14.0,80.0,53.0
21,龍潭,2017-05-18,54,3.0,3.0,nan,36.0,16.0,54.0,47.0
20,平鎮,2017-05-18,54,3.0,3.0,nan,32.0,16.0,54.0,41.0
19,觀音,2017-05-18,61,19.0,3.0,nan,44.0,25.0,61.0,57.0
18,大園,2017-05-18,58,14.0,3.0,nan,40.0,23.0,58.0,45.0
16,大同,2017-05-18,44,7.0,9.0,nan,44.0,37.0,nan,42.0
15,松山,2017-05-18,52,6.0,5.0,nan,31.0,27.0,44.0,52.0
14,古亭,2017-05-18,49,4.0,5.0,nan,26.0,23.0,49.0,46.0
13,萬華,2017-05-18,44,6.0,5.0,nan,33.0,30.0,41.0,44.0
12,中山,2017-05-18,51,6.0,7.0,nan,35.0,30.0,43.0,51.0
11,士林,2017-05-18,48,4.0,2.0,nan,31.0,9.0,48.0,48.0
10,淡水,2017-05-18,58,9.0,2.0,nan,38.0,8.0,44.0,58.0
9,林口,2017-05-18,58,9.0,3.0,nan,37.0,16.0,50.0,58.0
8,菜寮,2017-05-18,50,9.0,5.0,nan,29.0,15.0,50.0,49.0
7,新莊,2017-05-18,50,4.0,5.0,nan,nan,18.0,50.0,31.0
6,板橋,2017-05-18,48,4.0,6.0,nan,30.0,22.0,48.0,46.0
5,土城,2017-05-18,58,3.0,5.0,nan,27.0,16.0,58.0,42.0
4,新店,2017-05-18,54,4.0,3.0,nan,31.0,15.0,54.0,47.0
3,萬里,2017-05-18,67,10.0,2.0,nan,31.0,12.0,67.0,48.0
2,汐止,2017-05-18,56,14.0,3.0,nan,28.0,20.0,48.0,56.0
49,仁武,2017-05-18,159,13.0,7.0,nan,64.0,32.0,159.0,79.0
17,桃園,2017-05-18,50,9.0,5.0,nan,31.0,20.0,50.0,44.0
1,基隆,2017-05-18,51,4.0,3.0,nan,25.0,25.0,51.0,43.0
72,埔里,2017-05-19,58,4.0,5.0,nan,28.0,16.0,34.0,58.0
75,馬祖,2017-05-19,67,6.0,3.0,nan,44.0,8.0,67.0,44.0
70,永和,2017-05-19,56,3.0,8.0,nan,26.0,26.0,nan,56.0
77,金門,2017-05-19,73,11.0,3.0,nan,47.0,12.0,71.0,73.0
69,竹山,2017-05-19,94,9.0,5.0,nan,45.0,16.0,84.0,94.0
78,馬公,2017-05-19,64,4.0,2.0,nan,34.0,5.0,64.0,49.0
68,中壢,2017-05-19,47,7.0,20.0,nan,40.0,44.0,nan,47.0
67,三重,2017-05-19,55,6.0,18.0,nan,52.0,51.0,nan,55.0
65,宜蘭,2017-05-19,56,4.0,5.0,nan,35.0,15.0,44.0,56.0
80,關山,2017-05-19,35,3.0,nan,nan,22.0,8.0,31.0,35.0
64,陽明,2017-05-19,50,3.0,2.0,nan,13.0,1.0,50.0,37.0
83,麥寮,2017-05-19,104,11.0,5.0,nan,59.0,19.0,nan,104.0
63,花蓮,2017-05-19,51,4.0,5.0,nan,23.0,15.0,41.0,51.0
84,富貴角,2017-05-19,67,33.0,2.0,nan,nan,24.0,67.0,nan
62,臺東,2017-05-19,38,3.0,5.0,nan,29.0,11.0,30.0,38.0
61,恆春,2017-05-19,58,4.0,1.0,nan,28.0,1.0,58.0,32.0
60,潮州,2017-05-19,100,11.0,6.0,nan,59.0,13.0,100.0,93.0
59,屏東,2017-05-19,84,4.0,6.0,nan,49.0,16.0,84.0,71.0
20,平鎮,2017-05-19,44,4.0,6.0,nan,32.0,32.0,44.0,44.0
58,小港,2017-05-19,79,17.0,6.0,nan,58.0,31.0,67.0,79.0
57,前鎮,2017-05-19,110,14.0,8.0,nan,57.0,29.0,nan,110.0
56,前金,2017-05-19,104,10.0,8.0,nan,61.0,30.0,104.0,100.0
54,左營,2017-05-19,108,14.0,9.0,nan,66.0,42.0,108.0,105.0
53,楠梓,2017-05-19,100,7.0,6.0,nan,68.0,31.0,93.0,100.0
52,林園,2017-05-19,140,16.0,5.0,nan,38.0,20.0,140.0,78.0
51,大寮,2017-05-19,88,9.0,5.0,nan,63.0,28.0,61.0,88.0
50,鳳山,2017-05-19,96,11.0,6.0,nan,67.0,23.0,nan,96.0
48,橋頭,2017-05-19,95,7.0,6.0,nan,55.0,21.0,48.0,95.0
47,美濃,2017-05-19,83,3.0,5.0,nan,44.0,10.0,67.0,83.0
46,臺南,2017-05-19,90,6.0,7.0,nan,47.0,24.0,90.0,83.0
45,安南,2017-05-19,80,7.0,6.0,nan,56.0,24.0,80.0,74.0
44,善化,2017-05-19,76,13.0,3.0,nan,48.0,17.0,61.0,76.0
43,新營,2017-05-19,86,11.0,5.0,nan,57.0,18.0,51.0,86.0
42,嘉義,2017-05-19,88,6.0,6.0,nan,53.0,21.0,71.0,88.0
41,臺西,2017-05-19,86,11.0,3.0,nan,51.0,20.0,nan,86.0
1,基隆,2017-05-19,64,3.0,3.0,nan,26.0,9.0,64.0,59.0
40,朴子,2017-05-19,89,13.0,5.0,nan,64.0,20.0,77.0,89.0
17,桃園,2017-05-19,51,7.0,7.0,nan,30.0,25.0,42.0,51.0
39,新港,2017-05-19,85,9.0,6.0,nan,59.0,18.0,77.0,85.0
49,仁武,2017-05-19,98,14.0,6.0,nan,66.0,26.0,97.0,98.0
38,崙背,2017-05-19,113,7.0,5.0,nan,52.0,17.0,64.0,113.0
2,汐止,2017-05-19,62,4.0,3.0,nan,25.0,17.0,48.0,62.0
3,萬里,2017-05-19,64,27.0,2.0,nan,31.0,20.0,47.0,64.0
4,新店,2017-05-19,50,3.0,5.0,nan,25.0,18.0,50.0,46.0
37,斗六,2017-05-19,97,7.0,5.0,nan,59.0,17.0,80.0,97.0
5,土城,2017-05-19,47,3.0,6.0,nan,21.0,21.0,47.0,44.0
36,南投,2017-05-19,73,7.0,7.0,nan,50.0,28.0,50.0,73.0
35,二林,2017-05-19,83,10.0,5.0,nan,61.0,25.0,71.0,83.0
34,線西,2017-05-19,108,20.0,7.0,nan,59.0,28.0,nan,108.0
6,板橋,2017-05-19,47,4.0,8.0,nan,26.0,36.0,44.0,47.0
7,新莊,2017-05-19,44,4.0,7.0,nan,29.0,30.0,44.0,41.0
33,彰化,2017-05-19,109,13.0,6.0,nan,52.0,25.0,71.0,109.0
66,冬山,2017-05-19,45,7.0,3.0,nan,35.0,29.0,33.0,45.0
32,西屯,2017-05-19,78,4.0,7.0,nan,46.0,42.0,64.0,78.0
8,菜寮,2017-05-19,57,4.0,6.0,nan,29.0,24.0,44.0,57.0
31,忠明,2017-05-19,73,6.0,8.0,nan,40.0,49.0,50.0,73.0
9,林口,2017-05-19,69,6.0,6.0,nan,38.0,28.0,46.0,69.0
71,復興,2017-05-19,89,14.0,11.0,nan,53.0,35.0,nan,89.0
30,大里,2017-05-19,58,6.0,8.0,nan,48.0,33.0,54.0,58.0
10,淡水,2017-05-19,52,4.0,2.0,nan,27.0,5.0,46.0,52.0
29,沙鹿,2017-05-19,83,6.0,6.0,nan,43.0,37.0,64.0,83.0
11,士林,2017-05-19,51,3.0,3.0,nan,29.0,12.0,48.0,51.0
12,中山,2017-05-19,55,3.0,9.0,nan,32.0,40.0,44.0,55.0
28,豐原,2017-05-19,46,6.0,5.0,nan,26.0,21.0,45.0,46.0
13,萬華,2017-05-19,57,4.0,7.0,nan,32.0,38.0,42.0,57.0
14,古亭,2017-05-19,53,3.0,6.0,nan,29.0,32.0,51.0,53.0
27,三義,2017-05-19,52,3.0,5.0,nan,28.0,25.0,39.0,52.0
15,松山,2017-05-19,60,3.0,6.0,nan,28.0,32.0,43.0,60.0
26,苗栗,2017-05-19,42,4.0,6.0,nan,37.0,28.0,39.0,42.0
16,大同,2017-05-19,55,4.0,15.0,nan,49.0,47.0,nan,55.0
25,頭份,2017-05-19,56,6.0,5.0,nan,27.0,21.0,nan,56.0
18,大園,2017-05-19,57,9.0,5.0,nan,33.0,25.0,45.0,57.0
24,新竹,2017-05-19,36,4.0,6.0,nan,26.0,29.0,35.0,36.0
23,竹東,2017-05-19,27,4.0,3.0,nan,23.0,14.0,27.0,27.0
22,湖口,2017-05-19,60,9.0,5.0,nan,26.0,24.0,44.0,60.0
19,觀音,2017-05-19,58,7.0,5.0,nan,40.0,35.0,44.0,58.0
21,龍潭,2017-05-19,57,4.0,6.0,nan,39.0,26.0,36.0,57.0
57,前鎮,2017-05-20,84,11.0,8.0,nan,42.0,29.0,nan,84.0
17,桃園,2017-05-20,49,10.0,5.0,nan,24.0,18.0,49.0,43.0
49,仁武,2017-05-20,66,21.0,5.0,nan,52.0,24.0,45.0,66.0
2,汐止,2017-05-20,43,3.0,3.0,nan,14.0,17.0,43.0,42.0
3,萬里,2017-05-20,48,19.0,2.0,nan,19.0,10.0,48.0,38.0
4,新店,2017-05-20,45,3.0,3.0,nan,19.0,15.0,45.0,31.0
5,土城,2017-05-20,44,3.0,5.0,nan,15.0,18.0,44.0,27.0
6,板橋,2017-05-20,40,4.0,6.0,nan,19.0,23.0,40.0,35.0
7,新莊,2017-05-20,44,3.0,5.0,nan,18.0,19.0,44.0,24.0
8,菜寮,2017-05-20,44,3.0,5.0,nan,16.0,15.0,44.0,36.0
9,林口,2017-05-20,48,3.0,3.0,nan,27.0,17.0,44.0,48.0
10,淡水,2017-05-20,40,3.0,2.0,nan,16.0,6.0,40.0,38.0
11,士林,2017-05-20,44,6.0,2.0,nan,17.0,8.0,44.0,29.0
12,中山,2017-05-20,41,3.0,6.0,nan,19.0,24.0,41.0,32.0
13,萬華,2017-05-20,40,3.0,5.0,nan,20.0,22.0,40.0,31.0
14,古亭,2017-05-20,44,3.0,3.0,nan,25.0,22.0,44.0,21.0
15,松山,2017-05-20,65,19.0,5.0,nan,26.0,21.0,43.0,65.0
16,大同,2017-05-20,32,3.0,11.0,nan,31.0,32.0,nan,31.0
18,大園,2017-05-20,126,9.0,5.0,nan,29.0,23.0,126.0,49.0
19,觀音,2017-05-20,146,14.0,5.0,nan,35.0,36.0,146.0,53.0
20,平鎮,2017-05-20,80,4.0,5.0,nan,30.0,18.0,80.0,44.0
21,龍潭,2017-05-20,48,4.0,5.0,nan,33.0,23.0,48.0,38.0
22,湖口,2017-05-20,87,6.0,5.0,nan,24.0,24.0,87.0,57.0
23,竹東,2017-05-20,42,3.0,5.0,nan,26.0,19.0,33.0,42.0
24,新竹,2017-05-20,74,6.0,5.0,nan,24.0,25.0,74.0,41.0
25,頭份,2017-05-20,57,9.0,5.0,nan,24.0,25.0,nan,57.0
26,苗栗,2017-05-20,44,4.0,6.0,nan,31.0,22.0,44.0,38.0
27,三義,2017-05-20,40,3.0,3.0,nan,15.0,10.0,40.0,32.0
28,豐原,2017-05-20,44,6.0,3.0,nan,15.0,12.0,44.0,43.0
29,沙鹿,2017-05-20,58,4.0,3.0,nan,16.0,17.0,58.0,41.0
30,大里,2017-05-20,47,4.0,6.0,nan,22.0,27.0,47.0,40.0
31,忠明,2017-05-20,46,4.0,5.0,nan,17.0,19.0,46.0,33.0
32,西屯,2017-05-20,51,3.0,3.0,nan,25.0,18.0,51.0,31.0
66,冬山,2017-05-20,38,7.0,3.0,nan,23.0,38.0,38.0,24.0
33,彰化,2017-05-20,50,7.0,6.0,nan,25.0,19.0,44.0,50.0
34,線西,2017-05-20,53,9.0,3.0,nan,26.0,17.0,nan,53.0
35,二林,2017-05-20,49,11.0,2.0,nan,30.0,14.0,49.0,31.0
36,南投,2017-05-20,40,9.0,6.0,nan,27.0,25.0,40.0,35.0
37,斗六,2017-05-20,53,13.0,5.0,nan,31.0,24.0,42.0,53.0
38,崙背,2017-05-20,50,9.0,3.0,nan,25.0,12.0,49.0,50.0
39,新港,2017-05-20,44,7.0,3.0,nan,31.0,10.0,44.0,41.0
40,朴子,2017-05-20,50,7.0,3.0,nan,34.0,11.0,50.0,39.0
41,臺西,2017-05-20,52,14.0,2.0,nan,21.0,25.0,nan,52.0
42,嘉義,2017-05-20,53,21.0,7.0,nan,28.0,30.0,35.0,53.0
43,新營,2017-05-20,41,6.0,3.0,nan,32.0,17.0,37.0,41.0
44,善化,2017-05-20,44,6.0,3.0,nan,27.0,17.0,39.0,44.0
45,安南,2017-05-20,48,4.0,3.0,nan,28.0,14.0,48.0,45.0
46,臺南,2017-05-20,47,4.0,5.0,nan,26.0,18.0,47.0,41.0
47,美濃,2017-05-20,70,1.0,3.0,nan,30.0,10.0,36.0,70.0
48,橋頭,2017-05-20,71,4.0,5.0,nan,36.0,22.0,35.0,71.0
50,鳳山,2017-05-20,75,13.0,6.0,nan,52.0,27.0,nan,75.0
51,大寮,2017-05-20,68,14.0,6.0,nan,48.0,20.0,46.0,68.0
52,林園,2017-05-20,104,14.0,5.0,nan,nan,22.0,104.0,nan
53,楠梓,2017-05-20,68,4.0,5.0,nan,49.0,14.0,45.0,68.0
54,左營,2017-05-20,66,7.0,23.0,nan,44.0,21.0,44.0,66.0
56,前金,2017-05-20,68,11.0,6.0,nan,37.0,25.0,48.0,68.0
58,小港,2017-05-20,68,29.0,7.0,nan,47.0,35.0,46.0,68.0
59,屏東,2017-05-20,63,9.0,6.0,nan,36.0,19.0,42.0,63.0
60,潮州,2017-05-20,87,10.0,5.0,nan,57.0,13.0,51.0,87.0
61,恆春,2017-05-20,61,3.0,1.0,nan,19.0,1.0,61.0,24.0
62,臺東,2017-05-20,32,3.0,3.0,nan,19.0,9.0,32.0,25.0
63,花蓮,2017-05-20,44,4.0,5.0,nan,23.0,25.0,42.0,44.0
64,陽明,2017-05-20,48,4.0,1.0,nan,7.0,3.0,48.0,20.0
65,宜蘭,2017-05-20,44,4.0,5.0,nan,24.0,12.0,44.0,35.0
67,三重,2017-05-20,44,3.0,18.0,nan,37.0,44.0,nan,31.0
68,中壢,2017-05-20,48,7.0,19.0,nan,37.0,48.0,nan,39.0
69,竹山,2017-05-20,44,3.0,3.0,nan,20.0,18.0,44.0,43.0
70,永和,2017-05-20,38,3.0,7.0,nan,16.0,19.0,nan,38.0
71,復興,2017-05-20,71,13.0,10.0,nan,38.0,34.0,nan,71.0
72,埔里,2017-05-20,41,4.0,5.0,nan,11.0,15.0,41.0,27.0
75,馬祖,2017-05-20,49,6.0,2.0,nan,30.0,6.0,49.0,28.0
77,金門,2017-05-20,86,11.0,3.0,nan,50.0,21.0,50.0,86.0
78,馬公,2017-05-20,51,3.0,3.0,nan,19.0,5.0,51.0,37.0
80,關山,2017-05-20,76,76.0,nan,nan,13.0,8.0,29.0,27.0
83,麥寮,2017-05-20,58,7.0,3.0,nan,33.0,14.0,nan,58.0
84,富貴角,2017-05-20,58,14.0,2.0,nan,nan,8.0,58.0,nan
1,基隆,2017-05-20,46,1.0,3.0,nan,14.0,9.0,46.0,38.0
84,富貴角,2017-05-21,54,3.0,1.0,nan,nan,2.0,54.0,nan
83,麥寮,2017-05-21,77,7.0,3.0,nan,54.0,13.0,nan,77.0
80,關山,2017-05-21,31,3.0,nan,nan,11.0,5.0,31.0,19.0
78,馬公,2017-05-21,43,3.0,2.0,nan,24.0,4.0,43.0,30.0
77,金門,2017-05-21,60,11.0,3.0,nan,31.0,12.0,54.0,60.0
75,馬祖,2017-05-21,51,4.0,2.0,nan,31.0,6.0,51.0,29.0
72,埔里,2017-05-21,71,3.0,3.0,nan,21.0,11.0,71.0,47.0
71,復興,2017-05-21,64,13.0,8.0,nan,34.0,29.0,nan,64.0
70,永和,2017-05-21,35,11.0,6.0,nan,13.0,14.0,nan,35.0
69,竹山,2017-05-21,93,6.0,3.0,nan,37.0,13.0,93.0,66.0
68,中壢,2017-05-21,33,10.0,8.0,nan,33.0,27.0,nan,30.0
67,三重,2017-05-21,39,16.0,14.0,nan,26.0,39.0,nan,17.0
65,宜蘭,2017-05-21,39,3.0,2.0,nan,13.0,9.0,39.0,11.0
64,陽明,2017-05-21,44,1.0,1.0,nan,5.0,1.0,44.0,5.0
63,花蓮,2017-05-21,40,9.0,3.0,nan,14.0,22.0,40.0,31.0
62,臺東,2017-05-21,30,3.0,3.0,nan,17.0,5.0,30.0,16.0
61,恆春,2017-05-21,80,6.0,2.0,nan,22.0,5.0,80.0,25.0
60,潮州,2017-05-21,136,9.0,5.0,nan,50.0,15.0,136.0,76.0
59,屏東,2017-05-21,69,4.0,7.0,nan,38.0,21.0,64.0,69.0
58,小港,2017-05-21,100,31.0,6.0,nan,39.0,32.0,100.0,61.0
57,前鎮,2017-05-21,76,26.0,6.0,nan,42.0,40.0,nan,76.0
56,前金,2017-05-21,97,6.0,6.0,nan,45.0,21.0,97.0,75.0
54,左營,2017-05-21,77,6.0,12.0,nan,51.0,21.0,77.0,77.0
53,楠梓,2017-05-21,67,9.0,5.0,nan,58.0,27.0,67.0,59.0
52,林園,2017-05-21,140,11.0,5.0,nan,29.0,19.0,140.0,57.0
51,大寮,2017-05-21,100,11.0,5.0,nan,43.0,15.0,100.0,59.0
50,鳳山,2017-05-21,79,11.0,6.0,nan,52.0,23.0,nan,79.0
48,橋頭,2017-05-21,71,6.0,5.0,nan,44.0,16.0,47.0,71.0
47,美濃,2017-05-21,67,3.0,3.0,nan,31.0,8.0,61.0,67.0
46,臺南,2017-05-21,77,10.0,5.0,nan,39.0,15.0,77.0,71.0
45,安南,2017-05-21,80,7.0,5.0,nan,46.0,17.0,80.0,67.0
44,善化,2017-05-21,74,6.0,5.0,nan,41.0,13.0,54.0,74.0
43,新營,2017-05-21,77,20.0,5.0,nan,58.0,18.0,47.0,77.0
42,嘉義,2017-05-21,69,11.0,6.0,nan,44.0,20.0,61.0,69.0
41,臺西,2017-05-21,68,9.0,3.0,nan,39.0,12.0,nan,68.0
40,朴子,2017-05-21,74,6.0,3.0,nan,54.0,9.0,74.0,61.0
39,新港,2017-05-21,64,10.0,5.0,nan,44.0,14.0,64.0,62.0
38,崙背,2017-05-21,70,13.0,5.0,nan,42.0,13.0,64.0,70.0
37,斗六,2017-05-21,93,10.0,5.0,nan,44.0,37.0,93.0,60.0
36,南投,2017-05-21,71,3.0,5.0,nan,42.0,20.0,71.0,54.0
35,二林,2017-05-21,64,14.0,5.0,nan,41.0,13.0,64.0,49.0
34,線西,2017-05-21,65,13.0,5.0,nan,43.0,16.0,nan,65.0
33,彰化,2017-05-21,68,6.0,6.0,nan,39.0,18.0,67.0,68.0
66,冬山,2017-05-21,36,6.0,3.0,nan,15.0,19.0,36.0,13.0
32,西屯,2017-05-21,84,4.0,3.0,nan,37.0,17.0,84.0,53.0
31,忠明,2017-05-21,80,4.0,5.0,nan,27.0,24.0,80.0,64.0
30,大里,2017-05-21,101,4.0,6.0,nan,37.0,26.0,101.0,46.0
29,沙鹿,2017-05-21,64,10.0,3.0,nan,30.0,16.0,64.0,55.0
28,豐原,2017-05-21,64,6.0,3.0,nan,21.0,10.0,64.0,35.0
27,三義,2017-05-21,48,4.0,3.0,nan,24.0,10.0,48.0,36.0
26,苗栗,2017-05-21,44,9.0,5.0,nan,32.0,17.0,44.0,32.0
25,頭份,2017-05-21,60,4.0,5.0,nan,25.0,24.0,nan,60.0
24,新竹,2017-05-21,41,7.0,3.0,nan,22.0,20.0,41.0,25.0
23,竹東,2017-05-21,37,nan,3.0,nan,25.0,11.0,32.0,37.0
22,湖口,2017-05-21,44,7.0,3.0,nan,18.0,19.0,44.0,34.0
21,龍潭,2017-05-21,43,4.0,3.0,nan,31.0,13.0,43.0,34.0
20,平鎮,2017-05-21,44,11.0,3.0,nan,20.0,15.0,44.0,22.0
19,觀音,2017-05-21,43,13.0,3.0,nan,35.0,39.0,43.0,33.0
18,大園,2017-05-21,44,11.0,2.0,nan,20.0,25.0,44.0,23.0
17,桃園,2017-05-21,39,13.0,3.0,nan,19.0,16.0,39.0,28.0
16,大同,2017-05-21,37,13.0,11.0,nan,28.0,37.0,nan,21.0
15,松山,2017-05-21,35,13.0,3.0,nan,16.0,18.0,35.0,31.0
14,古亭,2017-05-21,36,9.0,3.0,nan,19.0,17.0,36.0,12.0
13,萬華,2017-05-21,34,11.0,3.0,nan,19.0,22.0,34.0,25.0
12,中山,2017-05-21,35,13.0,5.0,nan,19.0,28.0,35.0,32.0
11,士林,2017-05-21,38,11.0,2.0,nan,17.0,8.0,38.0,19.0
10,淡水,2017-05-21,35,7.0,5.0,nan,14.0,20.0,35.0,31.0
9,林口,2017-05-21,41,11.0,2.0,nan,17.0,11.0,41.0,26.0
8,菜寮,2017-05-21,39,16.0,3.0,nan,12.0,16.0,39.0,29.0
7,新莊,2017-05-21,40,11.0,3.0,nan,13.0,10.0,40.0,20.0
6,板橋,2017-05-21,36,11.0,5.0,nan,16.0,24.0,36.0,22.0
5,土城,2017-05-21,41,7.0,3.0,nan,14.0,15.0,41.0,19.0
4,新店,2017-05-21,36,4.0,5.0,nan,16.0,16.0,36.0,19.0
3,萬里,2017-05-21,48,6.0,2.0,nan,28.0,8.0,48.0,28.0
2,汐止,2017-05-21,38,11.0,3.0,nan,12.0,14.0,38.0,32.0
1,基隆,2017-05-21,42,3.0,2.0,nan,12.0,17.0,42.0,24.0
49,仁武,2017-05-21,100,7.0,5.0,nan,49.0,18.0,100.0,57.0
49,仁武,2017-05-22,47,13.0,2.0,nan,44.0,16.0,44.0,47.0
84,富貴角,2017-05-22,44,3.0,1.0,nan,nan,3.0,44.0,nan
83,麥寮,2017-05-22,67,10.0,5.0,nan,49.0,17.0,nan,67.0
80,關山,2017-05-22,27,3.0,nan,nan,11.0,5.0,27.0,17.0
78,馬公,2017-05-22,39,4.0,2.0,nan,26.0,8.0,39.0,29.0
77,金門,2017-05-22,57,7.0,2.0,nan,28.0,8.0,50.0,57.0
75,馬祖,2017-05-22,45,4.0,2.0,nan,35.0,5.0,45.0,36.0
72,埔里,2017-05-22,61,4.0,5.0,nan,31.0,13.0,17.0,61.0
71,復興,2017-05-22,40,10.0,8.0,nan,27.0,19.0,nan,40.0
70,永和,2017-05-22,33,6.0,8.0,nan,16.0,22.0,nan,33.0
69,竹山,2017-05-22,74,6.0,3.0,nan,41.0,11.0,71.0,74.0
68,中壢,2017-05-22,42,9.0,20.0,nan,36.0,42.0,nan,30.0
67,三重,2017-05-22,34,34.0,18.0,nan,34.0,34.0,nan,33.0
65,宜蘭,2017-05-22,35,4.0,2.0,nan,18.0,8.0,35.0,9.0
64,陽明,2017-05-22,38,16.0,1.0,nan,9.0,15.0,38.0,25.0
63,花蓮,2017-05-22,41,6.0,3.0,nan,30.0,12.0,38.0,41.0
62,臺東,2017-05-22,24,3.0,3.0,nan,15.0,9.0,24.0,16.0
61,恆春,2017-05-22,36,3.0,1.0,nan,15.0,1.0,36.0,12.0
60,潮州,2017-05-22,59,10.0,3.0,nan,45.0,15.0,58.0,59.0
59,屏東,2017-05-22,54,6.0,3.0,nan,34.0,12.0,46.0,54.0
58,小港,2017-05-22,41,31.0,2.0,nan,32.0,19.0,38.0,41.0
57,前鎮,2017-05-22,40,10.0,2.0,nan,30.0,14.0,nan,40.0
56,前金,2017-05-22,43,7.0,2.0,nan,31.0,8.0,43.0,31.0
54,左營,2017-05-22,47,7.0,2.0,nan,31.0,11.0,42.0,47.0
53,楠梓,2017-05-22,51,6.0,3.0,nan,44.0,14.0,44.0,51.0
52,林園,2017-05-22,43,7.0,2.0,nan,20.0,9.0,42.0,43.0
51,大寮,2017-05-22,39,10.0,3.0,nan,39.0,20.0,37.0,34.0
50,鳳山,2017-05-22,52,7.0,6.0,nan,41.0,17.0,nan,52.0
48,橋頭,2017-05-22,52,6.0,3.0,nan,32.0,11.0,33.0,52.0
47,美濃,2017-05-22,62,6.0,3.0,nan,28.0,8.0,44.0,62.0
46,臺南,2017-05-22,52,9.0,3.0,nan,31.0,15.0,45.0,52.0
45,安南,2017-05-22,47,7.0,3.0,nan,39.0,18.0,44.0,47.0
44,善化,2017-05-22,50,9.0,3.0,nan,35.0,15.0,39.0,50.0
43,新營,2017-05-22,53,6.0,3.0,nan,45.0,11.0,40.0,53.0
42,嘉義,2017-05-22,67,9.0,5.0,nan,42.0,15.0,45.0,67.0
41,臺西,2017-05-22,67,17.0,3.0,nan,42.0,16.0,nan,67.0
40,朴子,2017-05-22,64,6.0,3.0,nan,44.0,12.0,64.0,52.0
39,新港,2017-05-22,50,6.0,3.0,nan,38.0,12.0,50.0,49.0
38,崙背,2017-05-22,74,10.0,5.0,nan,37.0,17.0,74.0,54.0
37,斗六,2017-05-22,70,9.0,5.0,nan,45.0,24.0,54.0,70.0
36,南投,2017-05-22,59,6.0,5.0,nan,44.0,18.0,49.0,59.0
35,二林,2017-05-22,80,7.0,3.0,nan,37.0,21.0,80.0,45.0
34,線西,2017-05-22,62,10.0,5.0,nan,36.0,26.0,nan,62.0
33,彰化,2017-05-22,80,7.0,5.0,nan,38.0,17.0,80.0,62.0
66,冬山,2017-05-22,28,3.0,2.0,nan,19.0,12.0,28.0,14.0
32,西屯,2017-05-22,87,20.0,5.0,nan,43.0,24.0,87.0,64.0
31,忠明,2017-05-22,77,16.0,6.0,nan,37.0,25.0,77.0,70.0
30,大里,2017-05-22,108,7.0,6.0,nan,43.0,24.0,108.0,63.0
29,沙鹿,2017-05-22,71,21.0,5.0,nan,35.0,23.0,71.0,59.0
28,豐原,2017-05-22,118,10.0,6.0,nan,42.0,18.0,118.0,66.0
27,三義,2017-05-22,84,7.0,5.0,nan,39.0,12.0,84.0,60.0
26,苗栗,2017-05-22,87,11.0,6.0,nan,41.0,20.0,87.0,49.0
25,頭份,2017-05-22,71,14.0,5.0,nan,35.0,37.0,nan,71.0
24,新竹,2017-05-22,49,6.0,6.0,nan,22.0,27.0,49.0,38.0
23,竹東,2017-05-22,55,6.0,5.0,nan,33.0,19.0,44.0,55.0
22,湖口,2017-05-22,48,10.0,5.0,nan,23.0,25.0,47.0,48.0
21,龍潭,2017-05-22,54,6.0,6.0,nan,32.0,25.0,54.0,42.0
20,平鎮,2017-05-22,48,7.0,6.0,nan,32.0,24.0,48.0,26.0
19,觀音,2017-05-22,35,13.0,5.0,nan,31.0,27.0,35.0,31.0
18,大園,2017-05-22,33,11.0,6.0,nan,27.0,29.0,33.0,29.0
17,桃園,2017-05-22,41,14.0,6.0,nan,20.0,23.0,37.0,41.0
16,大同,2017-05-22,46,46.0,12.0,nan,34.0,34.0,nan,33.0
15,松山,2017-05-22,31,14.0,5.0,nan,18.0,25.0,31.0,28.0
14,古亭,2017-05-22,32,7.0,6.0,nan,19.0,24.0,32.0,13.0
13,萬華,2017-05-22,29,29.0,5.0,nan,19.0,25.0,27.0,28.0
12,中山,2017-05-22,54,54.0,7.0,nan,19.0,30.0,26.0,31.0
11,士林,2017-05-22,36,21.0,2.0,nan,22.0,17.0,31.0,36.0
10,淡水,2017-05-22,43,16.0,3.0,nan,21.0,22.0,28.0,43.0
9,林口,2017-05-22,34,21.0,3.0,nan,24.0,28.0,33.0,34.0
8,菜寮,2017-05-22,34,34.0,5.0,nan,15.0,20.0,30.0,32.0
7,新莊,2017-05-22,31,27.0,6.0,nan,nan,20.0,31.0,nan
6,板橋,2017-05-22,31,6.0,7.0,nan,19.0,26.0,31.0,22.0
5,土城,2017-05-22,36,4.0,6.0,nan,16.0,21.0,36.0,19.0
4,新店,2017-05-22,32,3.0,6.0,nan,18.0,19.0,32.0,12.0
3,萬里,2017-05-22,44,7.0,2.0,nan,19.0,8.0,44.0,30.0
2,汐止,2017-05-22,36,9.0,5.0,nan,14.0,18.0,36.0,34.0
1,基隆,2017-05-22,38,4.0,5.0,nan,14.0,23.0,38.0,21.0
84,富貴角,2017-05-23,46,4.0,2.0,nan,nan,13.0,46.0,nan
49,仁武,2017-05-23,45,13.0,3.0,nan,44.0,18.0,39.0,45.0
1,基隆,2017-05-23,50,24.0,5.0,nan,25.0,29.0,46.0,50.0
2,汐止,2017-05-23,72,65.0,8.0,nan,36.0,41.0,54.0,72.0
3,萬里,2017-05-23,46,16.0,2.0,nan,30.0,12.0,40.0,46.0
4,新店,2017-05-23,77,21.0,6.0,nan,35.0,33.0,77.0,61.0
5,土城,2017-05-23,60,11.0,6.0,nan,39.0,26.0,58.0,60.0
6,板橋,2017-05-23,55,9.0,6.0,nan,37.0,30.0,48.0,55.0
7,新莊,2017-05-23,54,13.0,7.0,nan,36.0,27.0,44.0,54.0
8,菜寮,2017-05-23,66,9.0,7.0,nan,37.0,27.0,41.0,66.0
9,林口,2017-05-23,73,7.0,3.0,nan,35.0,25.0,41.0,73.0
10,淡水,2017-05-23,57,4.0,3.0,nan,32.0,22.0,37.0,57.0
11,士林,2017-05-23,51,6.0,6.0,nan,32.0,28.0,43.0,51.0
12,中山,2017-05-23,58,19.0,9.0,nan,32.0,40.0,39.0,58.0
13,萬華,2017-05-23,57,17.0,9.0,nan,33.0,42.0,40.0,57.0
14,古亭,2017-05-23,55,24.0,8.0,nan,47.0,44.0,54.0,55.0
15,松山,2017-05-23,61,27.0,8.0,nan,35.0,35.0,48.0,61.0
16,大同,2017-05-23,50,13.0,23.0,nan,50.0,46.0,nan,49.0
17,桃園,2017-05-23,64,29.0,6.0,nan,36.0,28.0,38.0,64.0
18,大園,2017-05-23,55,14.0,5.0,nan,37.0,24.0,41.0,55.0
19,觀音,2017-05-23,52,11.0,3.0,nan,43.0,35.0,39.0,52.0
20,平鎮,2017-05-23,44,9.0,5.0,nan,41.0,26.0,36.0,44.0
21,龍潭,2017-05-23,65,4.0,3.0,nan,46.0,13.0,43.0,65.0
22,湖口,2017-05-23,66,11.0,3.0,nan,31.0,29.0,41.0,66.0
23,竹東,2017-05-23,63,3.0,5.0,nan,39.0,12.0,30.0,63.0
24,新竹,2017-05-23,52,4.0,5.0,nan,38.0,18.0,34.0,52.0
25,頭份,2017-05-23,67,10.0,3.0,nan,35.0,22.0,nan,67.0
26,苗栗,2017-05-23,41,10.0,3.0,nan,36.0,24.0,34.0,41.0
27,三義,2017-05-23,49,13.0,3.0,nan,29.0,20.0,37.0,49.0
28,豐原,2017-05-23,62,9.0,10.0,nan,27.0,17.0,50.0,62.0
29,沙鹿,2017-05-23,57,7.0,3.0,nan,30.0,15.0,40.0,57.0
30,大里,2017-05-23,60,9.0,5.0,nan,45.0,19.0,45.0,60.0
31,忠明,2017-05-23,62,6.0,3.0,nan,31.0,18.0,44.0,62.0
32,西屯,2017-05-23,64,6.0,3.0,nan,44.0,18.0,44.0,64.0
66,冬山,2017-05-23,29,6.0,3.0,nan,28.0,14.0,29.0,27.0
33,彰化,2017-05-23,62,9.0,2.0,nan,38.0,18.0,39.0,62.0
34,線西,2017-05-23,60,6.0,2.0,nan,36.0,12.0,nan,60.0
35,二林,2017-05-23,52,4.0,2.0,nan,30.0,15.0,38.0,52.0
36,南投,2017-05-23,55,31.0,3.0,nan,37.0,16.0,38.0,55.0
37,斗六,2017-05-23,53,9.0,3.0,nan,35.0,13.0,44.0,53.0
38,崙背,2017-05-23,54,7.0,2.0,nan,30.0,8.0,41.0,54.0
39,新港,2017-05-23,46,7.0,3.0,nan,36.0,17.0,36.0,46.0
40,朴子,2017-05-23,52,6.0,3.0,nan,37.0,16.0,39.0,52.0
41,臺西,2017-05-23,56,6.0,2.0,nan,29.0,9.0,nan,56.0
42,嘉義,2017-05-23,42,7.0,3.0,nan,31.0,11.0,39.0,42.0
43,新營,2017-05-23,49,4.0,3.0,nan,37.0,9.0,33.0,49.0
44,善化,2017-05-23,39,9.0,2.0,nan,29.0,12.0,34.0,39.0
45,安南,2017-05-23,47,9.0,3.0,nan,40.0,18.0,38.0,47.0
46,臺南,2017-05-23,38,9.0,2.0,nan,27.0,16.0,37.0,38.0
47,美濃,2017-05-23,57,6.0,2.0,nan,26.0,13.0,46.0,57.0
48,橋頭,2017-05-23,46,9.0,2.0,nan,28.0,13.0,30.0,46.0
50,鳳山,2017-05-23,39,7.0,6.0,nan,39.0,19.0,nan,37.0
51,大寮,2017-05-23,36,14.0,3.0,nan,36.0,20.0,33.0,36.0
52,林園,2017-05-23,49,14.0,2.0,nan,19.0,10.0,49.0,44.0
53,楠梓,2017-05-23,54,6.0,3.0,nan,47.0,20.0,38.0,54.0
54,左營,2017-05-23,50,11.0,2.0,nan,29.0,19.0,36.0,50.0
56,前金,2017-05-23,37,7.0,2.0,nan,25.0,10.0,37.0,26.0
57,前鎮,2017-05-23,35,11.0,2.0,nan,25.0,20.0,nan,35.0
58,小港,2017-05-23,35,23.0,3.0,nan,31.0,23.0,35.0,27.0
59,屏東,2017-05-23,47,9.0,3.0,nan,31.0,14.0,47.0,39.0
60,潮州,2017-05-23,51,7.0,3.0,nan,40.0,11.0,51.0,49.0
61,恆春,2017-05-23,34,4.0,1.0,nan,19.0,3.0,34.0,12.0
62,臺東,2017-05-23,19,1.0,5.0,nan,17.0,14.0,19.0,14.0
63,花蓮,2017-05-23,31,10.0,2.0,nan,16.0,8.0,31.0,28.0
64,陽明,2017-05-23,61,4.0,2.0,nan,21.0,9.0,50.0,61.0
65,宜蘭,2017-05-23,31,6.0,3.0,nan,27.0,13.0,31.0,24.0
67,三重,2017-05-23,54,11.0,20.0,nan,50.0,54.0,nan,52.0
68,中壢,2017-05-23,55,7.0,18.0,nan,44.0,36.0,nan,55.0
69,竹山,2017-05-23,60,6.0,2.0,nan,31.0,10.0,51.0,60.0
70,永和,2017-05-23,70,17.0,16.0,nan,35.0,44.0,nan,70.0
71,復興,2017-05-23,40,10.0,6.0,nan,22.0,24.0,nan,40.0
72,埔里,2017-05-23,56,4.0,3.0,nan,25.0,9.0,39.0,56.0
75,馬祖,2017-05-23,47,4.0,3.0,nan,29.0,9.0,47.0,32.0
77,金門,2017-05-23,66,7.0,2.0,nan,29.0,9.0,44.0,66.0
78,馬公,2017-05-23,39,4.0,2.0,nan,25.0,8.0,36.0,39.0
80,關山,2017-05-23,21,3.0,nan,nan,12.0,6.0,21.0,14.0
83,麥寮,2017-05-23,56,4.0,2.0,nan,39.0,9.0,nan,56.0
84,富貴角,2017-05-24,58,6.0,3.0,nan,nan,19.0,58.0,nan
49,仁武,2017-05-24,26,9.0,3.0,nan,26.0,15.0,26.0,22.0
1,基隆,2017-05-24,47,11.0,6.0,nan,22.0,23.0,47.0,46.0
2,汐止,2017-05-24,58,10.0,8.0,nan,29.0,24.0,34.0,58.0
3,萬里,2017-05-24,53,9.0,6.0,nan,37.0,16.0,51.0,53.0
4,新店,2017-05-24,39,11.0,3.0,nan,23.0,17.0,38.0,39.0
5,土城,2017-05-24,46,7.0,6.0,nan,29.0,22.0,34.0,46.0
6,板橋,2017-05-24,44,10.0,6.0,nan,29.0,28.0,31.0,44.0
7,新莊,2017-05-24,45,14.0,6.0,nan,27.0,23.0,32.0,45.0
8,菜寮,2017-05-24,52,7.0,7.0,nan,31.0,23.0,28.0,52.0
9,林口,2017-05-24,47,10.0,3.0,nan,25.0,25.0,41.0,47.0
10,淡水,2017-05-24,39,7.0,6.0,nan,26.0,22.0,38.0,39.0
11,士林,2017-05-24,40,7.0,7.0,nan,28.0,25.0,29.0,40.0
12,中山,2017-05-24,50,6.0,10.0,nan,27.0,30.0,25.0,50.0
13,萬華,2017-05-24,42,6.0,7.0,nan,25.0,26.0,26.0,42.0
14,古亭,2017-05-24,32,6.0,8.0,nan,nan,21.0,32.0,nan
15,松山,2017-05-24,45,4.0,7.0,nan,23.0,28.0,30.0,45.0
16,大同,2017-05-24,47,10.0,23.0,nan,42.0,47.0,nan,44.0
17,桃園,2017-05-24,43,16.0,5.0,nan,27.0,22.0,30.0,43.0
18,大園,2017-05-24,44,11.0,3.0,nan,27.0,18.0,44.0,40.0
19,觀音,2017-05-24,39,10.0,2.0,nan,34.0,19.0,39.0,39.0
20,平鎮,2017-05-24,35,9.0,3.0,nan,28.0,21.0,35.0,29.0
21,龍潭,2017-05-24,41,4.0,3.0,nan,38.0,14.0,35.0,41.0
22,湖口,2017-05-24,50,10.0,3.0,nan,20.0,30.0,41.0,50.0
23,竹東,2017-05-24,40,4.0,2.0,nan,29.0,10.0,25.0,40.0
24,新竹,2017-05-24,30,4.0,3.0,nan,18.0,19.0,30.0,24.0
25,頭份,2017-05-24,46,10.0,3.0,nan,21.0,22.0,nan,46.0
26,苗栗,2017-05-24,27,6.0,3.0,nan,26.0,15.0,27.0,18.0
27,三義,2017-05-24,34,9.0,3.0,nan,21.0,14.0,26.0,34.0
28,豐原,2017-05-24,53,10.0,3.0,nan,20.0,15.0,30.0,53.0
29,沙鹿,2017-05-24,43,6.0,3.0,nan,21.0,17.0,28.0,43.0
30,大里,2017-05-24,41,6.0,5.0,nan,32.0,14.0,29.0,41.0
31,忠明,2017-05-24,41,6.0,5.0,nan,20.0,21.0,25.0,41.0
32,西屯,2017-05-24,33,6.0,2.0,nan,27.0,18.0,29.0,33.0
66,冬山,2017-05-24,41,6.0,3.0,nan,26.0,12.0,41.0,25.0
33,彰化,2017-05-24,50,7.0,3.0,nan,31.0,14.0,22.0,50.0
34,線西,2017-05-24,52,6.0,2.0,nan,29.0,16.0,nan,52.0
35,二林,2017-05-24,26,7.0,2.0,nan,17.0,15.0,26.0,23.0
36,南投,2017-05-24,36,4.0,3.0,nan,30.0,14.0,25.0,36.0
37,斗六,2017-05-24,45,7.0,3.0,nan,29.0,15.0,27.0,45.0
38,崙背,2017-05-24,44,3.0,2.0,nan,20.0,9.0,28.0,44.0
39,新港,2017-05-24,24,4.0,2.0,nan,22.0,10.0,24.0,24.0
40,朴子,2017-05-24,37,6.0,3.0,nan,33.0,18.0,26.0,37.0
41,臺西,2017-05-24,43,3.0,1.0,nan,20.0,5.0,nan,43.0
42,嘉義,2017-05-24,32,3.0,3.0,nan,24.0,11.0,26.0,32.0
43,新營,2017-05-24,37,4.0,3.0,nan,31.0,11.0,21.0,37.0
44,善化,2017-05-24,36,6.0,2.0,nan,19.0,12.0,20.0,36.0
45,安南,2017-05-24,32,7.0,3.0,nan,27.0,21.0,23.0,32.0
46,臺南,2017-05-24,30,9.0,3.0,nan,21.0,13.0,24.0,30.0
47,美濃,2017-05-24,44,3.0,2.0,nan,17.0,8.0,25.0,44.0
48,橋頭,2017-05-24,42,7.0,3.0,nan,21.0,16.0,19.0,42.0
50,鳳山,2017-05-24,30,11.0,5.0,nan,28.0,18.0,nan,30.0
51,大寮,2017-05-24,26,7.0,3.0,nan,26.0,16.0,20.0,21.0
52,林園,2017-05-24,26,19.0,3.0,nan,13.0,19.0,26.0,25.0
53,楠梓,2017-05-24,35,20.0,3.0,nan,35.0,21.0,23.0,30.0
54,左營,2017-05-24,24,6.0,5.0,nan,24.0,19.0,21.0,23.0
56,前金,2017-05-24,26,6.0,2.0,nan,21.0,9.0,25.0,26.0
57,前鎮,2017-05-24,23,13.0,5.0,nan,16.0,21.0,nan,23.0
58,小港,2017-05-24,26,26.0,3.0,nan,24.0,22.0,20.0,11.0
59,屏東,2017-05-24,28,4.0,3.0,nan,19.0,14.0,28.0,19.0
60,潮州,2017-05-24,31,16.0,2.0,nan,31.0,8.0,29.0,31.0
61,恆春,2017-05-24,27,6.0,1.0,nan,19.0,9.0,27.0,14.0
62,臺東,2017-05-24,20,3.0,3.0,nan,19.0,9.0,20.0,11.0
63,花蓮,2017-05-24,40,6.0,2.0,nan,19.0,11.0,40.0,18.0
64,陽明,2017-05-24,45,4.0,2.0,nan,11.0,9.0,45.0,27.0
65,宜蘭,2017-05-24,38,4.0,3.0,nan,26.0,9.0,38.0,25.0
67,三重,2017-05-24,51,7.0,22.0,nan,43.0,51.0,nan,40.0
68,中壢,2017-05-24,37,10.0,17.0,nan,34.0,33.0,nan,37.0
69,竹山,2017-05-24,40,4.0,2.0,nan,27.0,10.0,31.0,40.0
70,永和,2017-05-24,42,6.0,15.0,nan,22.0,29.0,nan,42.0
71,復興,2017-05-24,29,13.0,7.0,nan,14.0,28.0,nan,29.0
72,埔里,2017-05-24,35,4.0,3.0,nan,19.0,16.0,31.0,35.0
75,馬祖,2017-05-24,63,9.0,3.0,nan,42.0,19.0,48.0,63.0
77,金門,2017-05-24,89,7.0,5.0,nan,36.0,14.0,44.0,89.0
78,馬公,2017-05-24,34,4.0,2.0,nan,15.0,8.0,27.0,34.0
80,關山,2017-05-24,25,1.0,nan,nan,14.0,6.0,25.0,19.0
83,麥寮,2017-05-24,46,4.0,2.0,nan,30.0,11.0,nan,46.0
38,崙背,2017-05-25,74,11.0,5.0,nan,31.0,25.0,74.0,63.0
2,汐止,2017-05-25,54,7.0,7.0,nan,27.0,38.0,33.0,54.0
3,萬里,2017-05-25,71,4.0,2.0,nan,62.0,8.0,71.0,49.0
4,新店,2017-05-25,51,11.0,6.0,nan,23.0,23.0,34.0,51.0
5,土城,2017-05-25,45,10.0,6.0,nan,30.0,29.0,35.0,45.0
6,板橋,2017-05-25,53,6.0,8.0,nan,31.0,34.0,29.0,53.0
7,新莊,2017-05-25,38,6.0,8.0,nan,30.0,35.0,31.0,38.0
8,菜寮,2017-05-25,53,4.0,8.0,nan,31.0,34.0,32.0,53.0
9,林口,2017-05-25,58,6.0,6.0,nan,27.0,26.0,36.0,58.0
10,淡水,2017-05-25,49,4.0,6.0,nan,31.0,26.0,38.0,49.0
11,士林,2017-05-25,42,3.0,6.0,nan,26.0,27.0,30.0,42.0
12,中山,2017-05-25,44,4.0,8.0,nan,29.0,37.0,31.0,44.0
13,萬華,2017-05-25,46,6.0,7.0,nan,30.0,40.0,31.0,46.0
14,古亭,2017-05-25,52,6.0,7.0,nan,52.0,35.0,32.0,nan
15,松山,2017-05-25,48,4.0,6.0,nan,25.0,32.0,31.0,48.0
16,大同,2017-05-25,58,9.0,23.0,nan,38.0,58.0,nan,44.0
17,桃園,2017-05-25,51,10.0,7.0,nan,29.0,31.0,28.0,51.0
18,大園,2017-05-25,47,9.0,5.0,nan,37.0,28.0,41.0,47.0
19,觀音,2017-05-25,57,10.0,3.0,nan,41.0,25.0,39.0,57.0
20,平鎮,2017-05-25,37,7.0,6.0,nan,35.0,32.0,33.0,37.0
21,龍潭,2017-05-25,50,4.0,5.0,nan,33.0,24.0,34.0,50.0
22,湖口,2017-05-25,62,7.0,5.0,nan,30.0,21.0,41.0,62.0
23,竹東,2017-05-25,43,6.0,3.0,nan,27.0,10.0,32.0,43.0
24,新竹,2017-05-25,34,4.0,6.0,nan,25.0,24.0,34.0,34.0
25,頭份,2017-05-25,57,3.0,5.0,nan,24.0,24.0,nan,57.0
26,苗栗,2017-05-25,42,4.0,5.0,nan,29.0,15.0,42.0,32.0
27,三義,2017-05-25,41,3.0,3.0,nan,16.0,8.0,41.0,24.0
28,豐原,2017-05-25,40,3.0,3.0,nan,13.0,14.0,40.0,32.0
29,沙鹿,2017-05-25,49,3.0,3.0,nan,16.0,13.0,49.0,32.0
30,大里,2017-05-25,50,6.0,7.0,nan,29.0,27.0,50.0,48.0
31,忠明,2017-05-25,43,4.0,5.0,nan,21.0,22.0,42.0,43.0
32,西屯,2017-05-25,48,4.0,3.0,nan,28.0,20.0,48.0,35.0
66,冬山,2017-05-25,37,3.0,3.0,nan,27.0,14.0,37.0,25.0
33,彰化,2017-05-25,45,6.0,5.0,nan,25.0,19.0,45.0,39.0
34,線西,2017-05-25,54,13.0,5.0,nan,30.0,18.0,nan,54.0
35,二林,2017-05-25,58,9.0,3.0,nan,24.0,17.0,58.0,41.0
36,南投,2017-05-25,53,6.0,6.0,nan,36.0,29.0,36.0,53.0
37,斗六,2017-05-25,60,4.0,5.0,nan,36.0,19.0,44.0,60.0
1,基隆,2017-05-25,46,3.0,3.0,nan,22.0,9.0,46.0,37.0
39,新港,2017-05-25,57,7.0,5.0,nan,43.0,22.0,49.0,57.0
40,朴子,2017-05-25,87,10.0,5.0,nan,48.0,19.0,87.0,58.0
41,臺西,2017-05-25,65,17.0,6.0,nan,54.0,19.0,nan,65.0
42,嘉義,2017-05-25,52,10.0,7.0,nan,39.0,27.0,36.0,52.0
43,新營,2017-05-25,61,6.0,5.0,nan,44.0,20.0,35.0,61.0
44,善化,2017-05-25,49,9.0,5.0,nan,34.0,19.0,39.0,49.0
45,安南,2017-05-25,48,6.0,5.0,nan,36.0,20.0,48.0,47.0
46,臺南,2017-05-25,47,10.0,5.0,nan,28.0,19.0,44.0,47.0
47,美濃,2017-05-25,43,4.0,3.0,nan,20.0,9.0,34.0,43.0
48,橋頭,2017-05-25,45,6.0,3.0,nan,26.0,16.0,25.0,45.0
50,鳳山,2017-05-25,42,11.0,7.0,nan,33.0,27.0,nan,42.0
51,大寮,2017-05-25,23,4.0,2.0,nan,22.0,16.0,23.0,22.0
52,林園,2017-05-25,32,4.0,2.0,nan,12.0,11.0,32.0,23.0
53,楠梓,2017-05-25,33,11.0,5.0,nan,33.0,23.0,28.0,33.0
54,左營,2017-05-25,36,14.0,5.0,nan,23.0,25.0,23.0,36.0
56,前金,2017-05-25,33,33.0,5.0,nan,18.0,25.0,25.0,25.0
57,前鎮,2017-05-25,32,21.0,5.0,nan,19.0,32.0,nan,31.0
58,小港,2017-05-25,50,50.0,5.0,nan,24.0,35.0,22.0,27.0
59,屏東,2017-05-25,29,6.0,5.0,nan,18.0,18.0,29.0,17.0
60,潮州,2017-05-25,34,6.0,2.0,nan,30.0,8.0,30.0,34.0
61,恆春,2017-05-25,43,3.0,1.0,nan,20.0,2.0,43.0,22.0
62,臺東,2017-05-25,28,3.0,5.0,nan,20.0,12.0,28.0,23.0
63,花蓮,2017-05-25,35,3.0,5.0,nan,18.0,17.0,35.0,23.0
64,陽明,2017-05-25,64,1.0,2.0,nan,7.0,2.0,64.0,17.0
65,宜蘭,2017-05-25,35,3.0,3.0,nan,25.0,10.0,35.0,24.0
67,三重,2017-05-25,45,4.0,19.0,nan,35.0,45.0,nan,39.0
68,中壢,2017-05-25,49,7.0,20.0,nan,39.0,49.0,nan,34.0
69,竹山,2017-05-25,65,6.0,3.0,nan,41.0,17.0,42.0,65.0
70,永和,2017-05-25,46,6.0,8.0,nan,28.0,25.0,nan,46.0
71,復興,2017-05-25,32,20.0,7.0,nan,19.0,28.0,nan,32.0
72,埔里,2017-05-25,42,4.0,5.0,nan,19.0,14.0,38.0,42.0
75,馬祖,2017-05-25,112,6.0,3.0,nan,41.0,8.0,112.0,60.0
77,金門,2017-05-25,78,4.0,5.0,nan,35.0,9.0,77.0,78.0
78,馬公,2017-05-25,58,4.0,3.0,nan,30.0,4.0,58.0,41.0
80,關山,2017-05-25,30,3.0,nan,nan,15.0,8.0,30.0,19.0
83,麥寮,2017-05-25,74,10.0,6.0,nan,54.0,17.0,nan,74.0
84,富貴角,2017-05-25,93,1.0,2.0,nan,nan,3.0,93.0,nan
49,仁武,2017-05-25,27,11.0,5.0,nan,nan,21.0,27.0,24.0
84,富貴角,2017-05-26,90,1.0,2.0,nan,nan,2.0,90.0,nan
2,汐止,2017-05-26,51,16.0,5.0,nan,24.0,27.0,43.0,51.0
3,萬里,2017-05-26,71,4.0,2.0,nan,30.0,5.0,71.0,37.0
4,新店,2017-05-26,39,4.0,5.0,nan,23.0,22.0,39.0,39.0
5,土城,2017-05-26,44,11.0,5.0,nan,28.0,16.0,43.0,44.0
6,板橋,2017-05-26,40,11.0,7.0,nan,28.0,33.0,36.0,40.0
7,新莊,2017-05-26,42,21.0,5.0,nan,27.0,23.0,42.0,27.0
8,菜寮,2017-05-26,47,27.0,5.0,nan,30.0,22.0,41.0,47.0
9,林口,2017-05-26,60,10.0,3.0,nan,31.0,30.0,38.0,60.0
49,仁武,2017-05-26,90,9.0,7.0,nan,nan,32.0,90.0,55.0
10,淡水,2017-05-26,41,3.0,6.0,nan,27.0,24.0,41.0,38.0
11,士林,2017-05-26,44,9.0,3.0,nan,26.0,16.0,44.0,39.0
12,中山,2017-05-26,40,24.0,8.0,nan,27.0,38.0,36.0,40.0
13,萬華,2017-05-26,43,30.0,6.0,nan,28.0,35.0,34.0,43.0
14,古亭,2017-05-26,39,17.0,5.0,nan,37.0,24.0,39.0,36.0
15,松山,2017-05-26,40,21.0,5.0,nan,25.0,33.0,40.0,39.0
16,大同,2017-05-26,47,23.0,16.0,nan,46.0,47.0,nan,39.0
17,桃園,2017-05-26,42,14.0,6.0,nan,29.0,26.0,36.0,42.0
18,大園,2017-05-26,44,16.0,5.0,nan,32.0,32.0,44.0,41.0
19,觀音,2017-05-26,49,20.0,5.0,nan,36.0,40.0,49.0,46.0
20,平鎮,2017-05-26,46,14.0,5.0,nan,46.0,20.0,44.0,40.0
21,龍潭,2017-05-26,58,11.0,5.0,nan,38.0,19.0,40.0,58.0
22,湖口,2017-05-26,53,9.0,3.0,nan,29.0,19.0,46.0,53.0
23,竹東,2017-05-26,41,7.0,3.0,nan,28.0,14.0,37.0,41.0
24,新竹,2017-05-26,46,6.0,5.0,nan,46.0,24.0,42.0,41.0
25,頭份,2017-05-26,63,10.0,5.0,nan,28.0,25.0,nan,63.0
26,苗栗,2017-05-26,44,10.0,6.0,nan,31.0,18.0,44.0,41.0
27,三義,2017-05-26,44,6.0,3.0,nan,22.0,20.0,44.0,35.0
28,豐原,2017-05-26,44,9.0,5.0,nan,24.0,18.0,44.0,44.0
29,沙鹿,2017-05-26,58,6.0,3.0,nan,20.0,23.0,58.0,36.0
30,大里,2017-05-26,87,9.0,9.0,nan,37.0,44.0,87.0,54.0
31,忠明,2017-05-26,47,6.0,7.0,nan,20.0,35.0,47.0,46.0
32,西屯,2017-05-26,54,6.0,5.0,nan,32.0,27.0,54.0,52.0
66,冬山,2017-05-26,43,4.0,3.0,nan,27.0,13.0,43.0,24.0
33,彰化,2017-05-26,62,6.0,7.0,nan,29.0,32.0,49.0,62.0
34,線西,2017-05-26,57,16.0,5.0,nan,39.0,26.0,nan,57.0
35,二林,2017-05-26,84,13.0,5.0,nan,39.0,25.0,84.0,43.0
36,南投,2017-05-26,101,13.0,7.0,nan,44.0,40.0,101.0,67.0
37,斗六,2017-05-26,140,9.0,6.0,nan,45.0,31.0,140.0,75.0
38,崙背,2017-05-26,101,13.0,6.0,nan,42.0,30.0,101.0,66.0
39,新港,2017-05-26,118,10.0,5.0,nan,43.0,19.0,118.0,56.0
40,朴子,2017-05-26,132,7.0,3.0,nan,52.0,16.0,132.0,55.0
41,臺西,2017-05-26,61,17.0,5.0,nan,45.0,23.0,nan,61.0
42,嘉義,2017-05-26,115,11.0,6.0,nan,49.0,26.0,115.0,80.0
43,新營,2017-05-26,100,7.0,5.0,nan,52.0,20.0,100.0,72.0
44,善化,2017-05-26,100,21.0,5.0,nan,43.0,16.0,100.0,66.0
45,安南,2017-05-26,112,7.0,6.0,nan,43.0,nan,112.0,66.0
46,臺南,2017-05-26,97,7.0,7.0,nan,39.0,28.0,97.0,66.0
47,美濃,2017-05-26,80,7.0,5.0,nan,30.0,15.0,80.0,60.0
48,橋頭,2017-05-26,80,7.0,6.0,nan,48.0,20.0,54.0,80.0
50,鳳山,2017-05-26,68,20.0,8.0,nan,48.0,30.0,nan,68.0
51,大寮,2017-05-26,57,24.0,7.0,nan,49.0,31.0,48.0,57.0
52,林園,2017-05-26,140,11.0,5.0,nan,25.0,18.0,140.0,50.0
53,楠梓,2017-05-26,90,11.0,6.0,nan,59.0,24.0,90.0,83.0
54,左營,2017-05-26,118,16.0,8.0,nan,48.0,43.0,118.0,75.0
56,前金,2017-05-26,93,17.0,8.0,nan,44.0,32.0,93.0,72.0
57,前鎮,2017-05-26,81,20.0,8.0,nan,41.0,32.0,nan,81.0
58,小港,2017-05-26,62,19.0,7.0,nan,51.0,38.0,61.0,62.0
59,屏東,2017-05-26,108,10.0,7.0,nan,32.0,25.0,108.0,67.0
60,潮州,2017-05-26,143,10.0,5.0,nan,39.0,11.0,143.0,57.0
61,恆春,2017-05-26,50,3.0,2.0,nan,14.0,2.0,50.0,18.0
62,臺東,2017-05-26,32,3.0,5.0,nan,20.0,10.0,32.0,29.0
63,花蓮,2017-05-26,45,4.0,5.0,nan,28.0,19.0,45.0,40.0
64,陽明,2017-05-26,84,4.0,1.0,nan,13.0,2.0,84.0,28.0
65,宜蘭,2017-05-26,44,3.0,3.0,nan,25.0,8.0,44.0,35.0
67,三重,2017-05-26,47,27.0,19.0,nan,42.0,47.0,nan,37.0
68,中壢,2017-05-26,45,13.0,15.0,nan,42.0,42.0,nan,45.0
69,竹山,2017-05-26,132,6.0,6.0,nan,53.0,21.0,132.0,100.0
70,永和,2017-05-26,35,17.0,8.0,nan,27.0,25.0,nan,35.0
71,復興,2017-05-26,65,19.0,10.0,nan,37.0,37.0,nan,65.0
72,埔里,2017-05-26,68,4.0,6.0,nan,32.0,15.0,44.0,68.0
75,馬祖,2017-05-26,166,6.0,5.0,nan,50.0,13.0,166.0,79.0
77,金門,2017-05-26,122,11.0,3.0,nan,43.0,16.0,122.0,82.0
78,馬公,2017-05-26,84,3.0,2.0,nan,30.0,6.0,84.0,42.0
80,關山,2017-05-26,35,1.0,nan,nan,19.0,8.0,35.0,25.0
83,麥寮,2017-05-26,67,16.0,5.0,nan,52.0,23.0,nan,67.0
1,基隆,2017-05-26,50,3.0,3.0,nan,19.0,19.0,50.0,32.0
69,竹山,2017-05-27,85,4.0,5.0,nan,49.0,13.0,46.0,85.0
84,富貴角,2017-05-27,143,3.0,2.0,nan,nan,2.0,143.0,nan
83,麥寮,2017-05-27,115,10.0,6.0,nan,68.0,23.0,nan,115.0
80,關山,2017-05-27,37,1.0,nan,nan,17.0,7.0,37.0,22.0
78,馬公,2017-05-27,90,4.0,2.0,nan,33.0,6.0,90.0,36.0
77,金門,2017-05-27,156,16.0,3.0,nan,54.0,15.0,156.0,86.0
75,馬祖,2017-05-27,179,10.0,6.0,nan,57.0,14.0,179.0,90.0
72,埔里,2017-05-27,56,3.0,5.0,nan,28.0,12.0,37.0,56.0
71,復興,2017-05-27,58,13.0,8.0,nan,34.0,28.0,nan,58.0
70,永和,2017-05-27,37,10.0,6.0,nan,22.0,23.0,nan,37.0
68,中壢,2017-05-27,39,3.0,14.0,nan,32.0,39.0,nan,31.0
67,三重,2017-05-27,50,7.0,15.0,nan,38.0,50.0,nan,29.0
65,宜蘭,2017-05-27,90,3.0,3.0,nan,25.0,9.0,90.0,33.0
64,陽明,2017-05-27,118,16.0,2.0,nan,12.0,6.0,118.0,28.0
63,花蓮,2017-05-27,39,10.0,5.0,nan,20.0,26.0,39.0,27.0
62,臺東,2017-05-27,34,1.0,3.0,nan,20.0,11.0,34.0,22.0
61,恆春,2017-05-27,49,3.0,1.0,nan,18.0,2.0,49.0,18.0
60,潮州,2017-05-27,100,10.0,5.0,nan,49.0,13.0,100.0,84.0
59,屏東,2017-05-27,87,9.0,7.0,nan,44.0,20.0,87.0,74.0
58,小港,2017-05-27,58,14.0,6.0,nan,44.0,24.0,58.0,54.0
57,前鎮,2017-05-27,66,13.0,7.0,nan,37.0,27.0,nan,66.0
56,前金,2017-05-27,87,21.0,6.0,nan,49.0,19.0,87.0,63.0
54,左營,2017-05-27,93,7.0,6.0,nan,52.0,26.0,93.0,79.0
53,楠梓,2017-05-27,69,10.0,6.0,nan,63.0,24.0,64.0,69.0
52,林園,2017-05-27,93,11.0,3.0,nan,29.0,18.0,93.0,58.0
51,大寮,2017-05-27,77,9.0,5.0,nan,47.0,20.0,77.0,62.0
50,鳳山,2017-05-27,62,10.0,6.0,nan,51.0,18.0,nan,62.0
48,橋頭,2017-05-27,79,10.0,6.0,nan,50.0,22.0,45.0,79.0
47,美濃,2017-05-27,80,4.0,3.0,nan,41.0,8.0,80.0,70.0
46,臺南,2017-05-27,112,10.0,7.0,nan,50.0,23.0,112.0,86.0
45,安南,2017-05-27,115,7.0,5.0,nan,57.0,22.0,115.0,78.0
44,善化,2017-05-27,83,7.0,5.0,nan,56.0,14.0,64.0,83.0
43,新營,2017-05-27,103,7.0,6.0,nan,68.0,19.0,77.0,103.0
42,嘉義,2017-05-27,110,19.0,7.0,nan,64.0,31.0,90.0,110.0
41,臺西,2017-05-27,112,13.0,6.0,nan,57.0,22.0,nan,112.0
40,朴子,2017-05-27,143,9.0,6.0,nan,66.0,18.0,143.0,99.0
39,新港,2017-05-27,126,9.0,7.0,nan,64.0,25.0,126.0,97.0
38,崙背,2017-05-27,146,9.0,6.0,nan,59.0,21.0,146.0,113.0
37,斗六,2017-05-27,105,13.0,6.0,nan,55.0,31.0,100.0,105.0
36,南投,2017-05-27,89,4.0,7.0,nan,57.0,30.0,43.0,89.0
35,二林,2017-05-27,108,21.0,6.0,nan,52.0,25.0,108.0,77.0
34,線西,2017-05-27,93,14.0,8.0,nan,55.0,25.0,nan,93.0
33,彰化,2017-05-27,104,9.0,7.0,nan,49.0,25.0,104.0,96.0
66,冬山,2017-05-27,74,7.0,3.0,nan,24.0,20.0,74.0,25.0
32,西屯,2017-05-27,104,7.0,8.0,nan,55.0,35.0,104.0,101.0
31,忠明,2017-05-27,95,6.0,9.0,nan,42.0,37.0,93.0,95.0
30,大里,2017-05-27,90,7.0,9.0,nan,54.0,38.0,90.0,73.0
29,沙鹿,2017-05-27,80,11.0,8.0,nan,44.0,34.0,80.0,78.0
28,豐原,2017-05-27,74,9.0,16.0,nan,39.0,29.0,48.0,74.0
27,三義,2017-05-27,55,6.0,6.0,nan,34.0,20.0,36.0,55.0
26,苗栗,2017-05-27,51,9.0,6.0,nan,36.0,24.0,25.0,51.0
25,頭份,2017-05-27,53,3.0,5.0,nan,21.0,25.0,nan,53.0
24,新竹,2017-05-27,40,3.0,5.0,nan,20.0,19.0,40.0,23.0
23,竹東,2017-05-27,34,4.0,5.0,nan,28.0,14.0,22.0,34.0
22,湖口,2017-05-27,61,6.0,5.0,nan,20.0,12.0,61.0,40.0
21,龍潭,2017-05-27,49,3.0,5.0,nan,30.0,22.0,49.0,47.0
20,平鎮,2017-05-27,74,6.0,5.0,nan,30.0,14.0,74.0,30.0
19,觀音,2017-05-27,61,11.0,3.0,nan,36.0,25.0,61.0,46.0
18,大園,2017-05-27,84,7.0,3.0,nan,28.0,22.0,84.0,38.0
17,桃園,2017-05-27,74,7.0,5.0,nan,22.0,17.0,74.0,43.0
16,大同,2017-05-27,47,6.0,9.0,nan,41.0,47.0,nan,41.0
15,松山,2017-05-27,71,13.0,3.0,nan,20.0,24.0,71.0,36.0
14,古亭,2017-05-27,74,9.0,5.0,nan,32.0,24.0,74.0,42.0
13,萬華,2017-05-27,64,6.0,5.0,nan,24.0,25.0,64.0,39.0
12,中山,2017-05-27,58,6.0,6.0,nan,23.0,28.0,58.0,40.0
11,士林,2017-05-27,87,10.0,3.0,nan,23.0,10.0,87.0,31.0
10,淡水,2017-05-27,54,9.0,3.0,nan,21.0,9.0,54.0,34.0
9,林口,2017-05-27,93,6.0,3.0,nan,24.0,19.0,93.0,57.0
8,菜寮,2017-05-27,80,9.0,5.0,nan,28.0,18.0,80.0,51.0
7,新莊,2017-05-27,84,4.0,5.0,nan,24.0,19.0,84.0,20.0
6,板橋,2017-05-27,64,7.0,5.0,nan,24.0,25.0,64.0,39.0
5,土城,2017-05-27,74,4.0,5.0,nan,21.0,16.0,74.0,38.0
4,新店,2017-05-27,74,4.0,5.0,nan,24.0,16.0,74.0,35.0
3,萬里,2017-05-27,126,7.0,2.0,nan,25.0,9.0,126.0,48.0
2,汐止,2017-05-27,90,4.0,3.0,nan,21.0,14.0,90.0,52.0
1,基隆,2017-05-27,100,4.0,3.0,nan,20.0,13.0,100.0,44.0
49,仁武,2017-05-27,74,11.0,5.0,nan,52.0,25.0,74.0,58.0
9,林口,2017-05-28,90,4.0,2.0,nan,14.0,8.0,90.0,48.0
84,富貴角,2017-05-28,112,3.0,2.0,nan,nan,2.0,112.0,nan
83,麥寮,2017-05-28,63,9.0,3.0,nan,47.0,8.0,nan,63.0
80,關山,2017-05-28,43,3.0,nan,nan,13.0,6.0,43.0,21.0
78,馬公,2017-05-28,87,3.0,2.0,nan,30.0,3.0,87.0,43.0
77,金門,2017-05-28,115,17.0,3.0,nan,57.0,16.0,115.0,96.0
75,馬祖,2017-05-28,80,6.0,2.0,nan,29.0,5.0,80.0,22.0
72,埔里,2017-05-28,47,4.0,5.0,nan,26.0,12.0,47.0,44.0
71,復興,2017-05-28,84,11.0,9.0,nan,44.0,26.0,nan,84.0
70,永和,2017-05-28,29,4.0,3.0,nan,17.0,15.0,nan,29.0
69,竹山,2017-05-28,104,7.0,5.0,nan,54.0,21.0,87.0,104.0
68,中壢,2017-05-28,34,4.0,11.0,nan,29.0,34.0,nan,29.0
67,三重,2017-05-28,39,6.0,12.0,nan,30.0,39.0,nan,24.0
65,宜蘭,2017-05-28,46,3.0,3.0,nan,19.0,9.0,46.0,28.0
64,陽明,2017-05-28,90,7.0,2.0,nan,6.0,5.0,90.0,8.0
63,花蓮,2017-05-28,67,21.0,3.0,nan,19.0,23.0,67.0,36.0
62,臺東,2017-05-28,40,3.0,5.0,nan,17.0,13.0,40.0,17.0
61,恆春,2017-05-28,84,3.0,2.0,nan,16.0,2.0,84.0,16.0
60,潮州,2017-05-28,172,14.0,6.0,110.0,67.0,13.0,172.0,119.0
59,屏東,2017-05-28,99,10.0,9.0,nan,53.0,27.0,90.0,99.0
58,小港,2017-05-28,84,34.0,7.0,nan,56.0,38.0,84.0,78.0
57,前鎮,2017-05-28,98,14.0,7.0,nan,49.0,25.0,nan,98.0
56,前金,2017-05-28,104,9.0,6.0,nan,56.0,20.0,104.0,94.0
54,左營,2017-05-28,115,7.0,6.0,nan,59.0,24.0,115.0,102.0
53,楠梓,2017-05-28,122,20.0,6.0,nan,71.0,18.0,122.0,102.0
52,林園,2017-05-28,118,16.0,5.0,nan,40.0,16.0,118.0,88.0
51,大寮,2017-05-28,118,16.0,6.0,nan,53.0,25.0,118.0,79.0
50,鳳山,2017-05-28,98,13.0,8.0,nan,65.0,30.0,nan,98.0
48,橋頭,2017-05-28,95,16.0,7.0,nan,55.0,17.0,77.0,95.0
47,美濃,2017-05-28,104,10.0,6.0,nan,49.0,16.0,104.0,87.0
46,臺南,2017-05-28,115,9.0,6.0,nan,49.0,14.0,115.0,89.0
45,安南,2017-05-28,118,7.0,5.0,nan,54.0,11.0,118.0,81.0
44,善化,2017-05-28,89,9.0,6.0,nan,54.0,15.0,80.0,89.0
43,新營,2017-05-28,84,9.0,6.0,nan,59.0,11.0,61.0,84.0
42,嘉義,2017-05-28,108,10.0,7.0,nan,63.0,16.0,90.0,108.0
41,臺西,2017-05-28,62,7.0,3.0,nan,31.0,8.0,nan,62.0
40,朴子,2017-05-28,112,10.0,5.0,nan,49.0,12.0,112.0,70.0
39,新港,2017-05-28,101,11.0,6.0,nan,51.0,10.0,101.0,69.0
38,崙背,2017-05-28,122,13.0,5.0,nan,42.0,13.0,122.0,78.0
37,斗六,2017-05-28,122,9.0,7.0,nan,57.0,24.0,122.0,115.0
36,南投,2017-05-28,90,14.0,7.0,nan,55.0,25.0,90.0,86.0
35,二林,2017-05-28,115,20.0,6.0,nan,44.0,19.0,115.0,56.0
34,線西,2017-05-28,72,14.0,6.0,nan,44.0,25.0,nan,72.0
33,彰化,2017-05-28,118,10.0,7.0,nan,40.0,22.0,118.0,76.0
66,冬山,2017-05-28,38,7.0,3.0,nan,16.0,17.0,38.0,27.0
32,西屯,2017-05-28,129,9.0,7.0,nan,42.0,26.0,129.0,67.0
31,忠明,2017-05-28,126,10.0,7.0,nan,33.0,30.0,126.0,77.0
30,大里,2017-05-28,136,11.0,7.0,nan,51.0,28.0,136.0,78.0
29,沙鹿,2017-05-28,115,6.0,5.0,nan,31.0,25.0,115.0,65.0
28,豐原,2017-05-28,122,13.0,7.0,nan,40.0,22.0,122.0,78.0
27,三義,2017-05-28,90,9.0,6.0,nan,36.0,20.0,90.0,61.0
26,苗栗,2017-05-28,84,10.0,6.0,nan,37.0,24.0,84.0,57.0
25,頭份,2017-05-28,54,4.0,5.0,nan,25.0,23.0,nan,54.0
24,新竹,2017-05-28,67,4.0,3.0,nan,18.0,17.0,67.0,21.0
23,竹東,2017-05-28,51,3.0,5.0,nan,28.0,10.0,43.0,51.0
22,湖口,2017-05-28,74,9.0,3.0,nan,20.0,10.0,74.0,37.0
21,龍潭,2017-05-28,61,3.0,5.0,nan,24.0,15.0,61.0,36.0
20,平鎮,2017-05-28,77,3.0,3.0,nan,24.0,12.0,77.0,32.0
19,觀音,2017-05-28,67,10.0,3.0,nan,25.0,14.0,67.0,37.0
49,仁武,2017-05-28,136,17.0,7.0,nan,65.0,18.0,136.0,95.0
18,大園,2017-05-28,80,4.0,3.0,nan,26.0,15.0,80.0,27.0
17,桃園,2017-05-28,74,7.0,3.0,nan,18.0,10.0,74.0,31.0
1,基隆,2017-05-28,80,1.0,2.0,nan,16.0,5.0,80.0,39.0
2,汐止,2017-05-28,80,4.0,3.0,nan,16.0,10.0,80.0,49.0
16,大同,2017-05-28,33,7.0,7.0,nan,30.0,29.0,nan,33.0
15,松山,2017-05-28,77,4.0,3.0,nan,17.0,13.0,77.0,34.0
3,萬里,2017-05-28,100,10.0,2.0,nan,21.0,8.0,100.0,43.0
14,古亭,2017-05-28,84,3.0,3.0,nan,26.0,17.0,84.0,29.0
4,新店,2017-05-28,84,1.0,3.0,nan,16.0,11.0,84.0,20.0
5,土城,2017-05-28,77,3.0,5.0,nan,16.0,11.0,77.0,25.0
6,板橋,2017-05-28,67,1.0,5.0,nan,18.0,16.0,67.0,30.0
13,萬華,2017-05-28,77,4.0,3.0,nan,24.0,18.0,77.0,37.0
12,中山,2017-05-28,77,6.0,5.0,nan,19.0,21.0,77.0,34.0
7,新莊,2017-05-28,77,3.0,3.0,nan,16.0,9.0,77.0,17.0
11,士林,2017-05-28,77,9.0,2.0,nan,20.0,8.0,77.0,39.0
8,菜寮,2017-05-28,77,7.0,3.0,nan,20.0,11.0,77.0,37.0
10,淡水,2017-05-28,64,6.0,3.0,nan,18.0,12.0,64.0,37.0
49,仁武,2017-05-29,150,19.0,5.0,nan,66.0,16.0,150.0,75.0
84,富貴角,2017-05-29,61,1.0,1.0,nan,nan,3.0,61.0,nan
83,麥寮,2017-05-29,71,11.0,5.0,nan,55.0,16.0,nan,71.0
80,關山,2017-05-29,31,1.0,nan,nan,6.0,8.0,31.0,13.0
78,馬公,2017-05-29,44,3.0,2.0,nan,31.0,5.0,44.0,40.0
77,金門,2017-05-29,63,17.0,2.0,nan,39.0,15.0,58.0,63.0
75,馬祖,2017-05-29,80,6.0,2.0,nan,29.0,6.0,80.0,28.0
72,埔里,2017-05-29,159,4.0,6.0,nan,37.0,13.0,159.0,77.0
71,復興,2017-05-29,71,21.0,8.0,nan,37.0,25.0,nan,71.0
70,永和,2017-05-29,27,4.0,5.0,nan,17.0,14.0,nan,27.0
69,竹山,2017-05-29,126,19.0,5.0,nan,55.0,18.0,126.0,112.0
68,中壢,2017-05-29,27,3.0,12.0,nan,27.0,26.0,nan,9.0
67,三重,2017-05-29,34,7.0,14.0,nan,34.0,31.0,nan,28.0
65,宜蘭,2017-05-29,36,4.0,5.0,nan,14.0,12.0,36.0,17.0
64,陽明,2017-05-29,48,6.0,1.0,nan,6.0,3.0,48.0,12.0
63,花蓮,2017-05-29,41,7.0,3.0,nan,13.0,10.0,41.0,14.0
62,臺東,2017-05-29,30,3.0,3.0,nan,14.0,8.0,30.0,10.0
61,恆春,2017-05-29,48,4.0,1.0,nan,13.0,2.0,48.0,13.0
60,潮州,2017-05-29,154,16.0,5.0,nan,57.0,13.0,154.0,80.0
59,屏東,2017-05-29,122,17.0,6.0,nan,44.0,19.0,122.0,92.0
58,小港,2017-05-29,112,20.0,5.0,nan,51.0,25.0,112.0,66.0
57,前鎮,2017-05-29,83,29.0,6.0,nan,44.0,24.0,nan,83.0
56,前金,2017-05-29,112,17.0,5.0,nan,44.0,15.0,112.0,63.0
54,左營,2017-05-29,129,9.0,5.0,nan,50.0,13.0,129.0,73.0
53,楠梓,2017-05-29,126,11.0,5.0,nan,66.0,13.0,126.0,90.0
52,林園,2017-05-29,132,14.0,2.0,nan,26.0,10.0,132.0,64.0
51,大寮,2017-05-29,108,33.0,5.0,nan,50.0,25.0,108.0,64.0
50,鳳山,2017-05-29,85,33.0,6.0,nan,57.0,29.0,nan,85.0
48,橋頭,2017-05-29,86,14.0,6.0,nan,52.0,16.0,77.0,86.0
47,美濃,2017-05-29,101,10.0,6.0,nan,48.0,13.0,101.0,85.0
46,臺南,2017-05-29,115,6.0,6.0,nan,43.0,12.0,115.0,75.0
45,安南,2017-05-29,104,6.0,5.0,nan,46.0,13.0,104.0,63.0
44,善化,2017-05-29,80,9.0,5.0,nan,51.0,12.0,80.0,72.0
43,新營,2017-05-29,93,9.0,5.0,nan,64.0,16.0,93.0,86.0
42,嘉義,2017-05-29,129,11.0,7.0,nan,57.0,19.0,129.0,97.0
41,臺西,2017-05-29,70,20.0,5.0,nan,41.0,19.0,nan,70.0
40,朴子,2017-05-29,154,9.0,5.0,nan,61.0,12.0,154.0,71.0
39,新港,2017-05-29,146,10.0,6.0,nan,57.0,11.0,146.0,73.0
38,崙背,2017-05-29,118,19.0,7.0,nan,47.0,21.0,118.0,79.0
37,斗六,2017-05-29,146,9.0,6.0,nan,54.0,22.0,146.0,92.0
36,南投,2017-05-29,94,23.0,8.0,nan,59.0,31.0,90.0,94.0
35,二林,2017-05-29,108,14.0,6.0,nan,38.0,20.0,108.0,60.0
34,線西,2017-05-29,64,17.0,6.0,nan,40.0,28.0,nan,64.0
33,彰化,2017-05-29,84,36.0,8.0,nan,51.0,33.0,71.0,84.0
66,冬山,2017-05-29,28,6.0,3.0,nan,13.0,20.0,28.0,16.0
32,西屯,2017-05-29,136,9.0,6.0,nan,46.0,33.0,136.0,71.0
31,忠明,2017-05-29,126,7.0,7.0,nan,38.0,32.0,126.0,73.0
30,大里,2017-05-29,151,10.0,7.0,nan,54.0,25.0,151.0,69.0
29,沙鹿,2017-05-29,112,10.0,7.0,nan,37.0,26.0,112.0,70.0
28,豐原,2017-05-29,132,7.0,6.0,nan,40.0,16.0,132.0,63.0
27,三義,2017-05-29,87,6.0,5.0,nan,38.0,22.0,87.0,58.0
26,苗栗,2017-05-29,67,11.0,6.0,nan,40.0,20.0,67.0,62.0
25,頭份,2017-05-29,53,7.0,5.0,nan,34.0,25.0,nan,53.0
24,新竹,2017-05-29,51,3.0,3.0,nan,16.0,16.0,51.0,14.0
23,竹東,2017-05-29,44,3.0,3.0,nan,22.0,9.0,43.0,44.0
22,湖口,2017-05-29,51,7.0,2.0,nan,14.0,16.0,51.0,27.0
21,龍潭,2017-05-29,43,3.0,3.0,nan,25.0,13.0,43.0,22.0
20,平鎮,2017-05-29,46,3.0,3.0,nan,18.0,10.0,46.0,19.0
19,觀音,2017-05-29,43,13.0,2.0,nan,31.0,24.0,43.0,37.0
18,大園,2017-05-29,44,6.0,2.0,nan,24.0,14.0,44.0,26.0
17,桃園,2017-05-29,40,6.0,3.0,nan,18.0,11.0,40.0,28.0
16,大同,2017-05-29,32,6.0,7.0,nan,32.0,23.0,nan,26.0
15,松山,2017-05-29,40,4.0,3.0,nan,22.0,15.0,37.0,40.0
14,古亭,2017-05-29,39,3.0,3.0,nan,22.0,15.0,39.0,24.0
13,萬華,2017-05-29,38,3.0,3.0,nan,21.0,16.0,38.0,36.0
12,中山,2017-05-29,39,4.0,5.0,nan,18.0,19.0,39.0,nan
11,士林,2017-05-29,39,13.0,2.0,nan,17.0,9.0,39.0,34.0
10,淡水,2017-05-29,36,10.0,2.0,nan,19.0,9.0,33.0,36.0
9,林口,2017-05-29,42,4.0,2.0,nan,13.0,8.0,42.0,33.0
8,菜寮,2017-05-29,39,7.0,3.0,nan,20.0,10.0,39.0,39.0
7,新莊,2017-05-29,39,4.0,3.0,nan,18.0,10.0,39.0,22.0
6,板橋,2017-05-29,38,3.0,5.0,nan,19.0,15.0,38.0,28.0
5,土城,2017-05-29,41,3.0,3.0,nan,16.0,10.0,41.0,23.0
4,新店,2017-05-29,37,3.0,3.0,nan,15.0,9.0,37.0,22.0
3,萬里,2017-05-29,47,6.0,3.0,nan,25.0,16.0,43.0,47.0
2,汐止,2017-05-29,43,4.0,3.0,nan,16.0,16.0,34.0,43.0
1,基隆,2017-05-29,38,10.0,3.0,nan,17.0,20.0,38.0,36.0
38,崙背,2017-05-30,47,4.0,2.0,nan,21.0,8.0,34.0,47.0
84,富貴角,2017-05-30,44,6.0,3.0,nan,nan,8.0,44.0,nan
83,麥寮,2017-05-30,49,11.0,3.0,nan,32.0,13.0,nan,49.0
80,關山,2017-05-30,21,3.0,nan,nan,12.0,6.0,21.0,16.0
78,馬公,2017-05-30,36,6.0,5.0,nan,19.0,12.0,36.0,32.0
77,金門,2017-05-30,63,20.0,2.0,nan,35.0,20.0,41.0,63.0
75,馬祖,2017-05-30,40,4.0,1.0,nan,27.0,6.0,40.0,22.0
72,埔里,2017-05-30,42,3.0,3.0,nan,20.0,8.0,34.0,42.0
71,復興,2017-05-30,52,29.0,7.0,nan,21.0,23.0,nan,52.0
70,永和,2017-05-30,42,9.0,10.0,nan,19.0,42.0,nan,31.0
69,竹山,2017-05-30,50,7.0,3.0,nan,25.0,12.0,31.0,50.0
68,中壢,2017-05-30,56,6.0,14.0,nan,41.0,35.0,nan,56.0
67,三重,2017-05-30,34,6.0,16.0,nan,26.0,34.0,nan,22.0
65,宜蘭,2017-05-30,35,3.0,3.0,nan,18.0,9.0,35.0,21.0
64,陽明,2017-05-30,45,9.0,3.0,nan,14.0,8.0,45.0,38.0
63,花蓮,2017-05-30,33,7.0,3.0,nan,12.0,11.0,33.0,18.0
62,臺東,2017-05-30,24,1.0,3.0,nan,18.0,11.0,24.0,13.0
61,恆春,2017-05-30,35,3.0,1.0,nan,10.0,2.0,35.0,10.0
60,潮州,2017-05-30,57,3.0,5.0,nan,38.0,9.0,28.0,57.0
59,屏東,2017-05-30,51,4.0,6.0,nan,30.0,14.0,31.0,51.0
58,小港,2017-05-30,59,59.0,8.0,nan,27.0,23.0,31.0,38.0
57,前鎮,2017-05-30,49,36.0,5.0,nan,24.0,25.0,nan,49.0
56,前金,2017-05-30,47,23.0,6.0,nan,30.0,23.0,35.0,47.0
54,左營,2017-05-30,54,11.0,6.0,nan,35.0,26.0,35.0,54.0
53,楠梓,2017-05-30,46,33.0,3.0,nan,40.0,19.0,35.0,46.0
52,林園,2017-05-30,42,6.0,2.0,nan,16.0,9.0,33.0,42.0
51,大寮,2017-05-30,40,6.0,5.0,nan,29.0,12.0,31.0,40.0
50,鳳山,2017-05-30,58,9.0,5.0,nan,37.0,12.0,nan,58.0
48,橋頭,2017-05-30,56,24.0,5.0,nan,29.0,16.0,27.0,56.0
47,美濃,2017-05-30,49,3.0,3.0,nan,20.0,6.0,28.0,49.0
46,臺南,2017-05-30,36,7.0,3.0,nan,24.0,17.0,36.0,32.0
45,安南,2017-05-30,38,6.0,3.0,nan,28.0,16.0,31.0,38.0
44,善化,2017-05-30,35,7.0,2.0,nan,24.0,8.0,27.0,35.0
43,新營,2017-05-30,38,6.0,3.0,nan,31.0,14.0,28.0,38.0
42,嘉義,2017-05-30,40,6.0,5.0,nan,25.0,10.0,31.0,40.0
41,臺西,2017-05-30,49,11.0,2.0,nan,22.0,12.0,nan,49.0
40,朴子,2017-05-30,38,4.0,2.0,nan,35.0,14.0,35.0,38.0
39,新港,2017-05-30,51,4.0,3.0,nan,31.0,13.0,31.0,51.0
37,斗六,2017-05-30,38,4.0,3.0,nan,23.0,17.0,34.0,38.0
36,南投,2017-05-30,52,6.0,5.0,nan,32.0,13.0,26.0,52.0
35,二林,2017-05-30,35,7.0,2.0,nan,26.0,8.0,35.0,35.0
34,線西,2017-05-30,62,9.0,6.0,nan,30.0,8.0,nan,62.0
33,彰化,2017-05-30,50,9.0,3.0,nan,31.0,11.0,33.0,50.0
66,冬山,2017-05-30,32,9.0,3.0,nan,18.0,23.0,32.0,15.0
32,西屯,2017-05-30,47,9.0,3.0,nan,28.0,20.0,39.0,47.0
31,忠明,2017-05-30,54,7.0,3.0,nan,20.0,16.0,36.0,54.0
30,大里,2017-05-30,42,6.0,5.0,nan,32.0,17.0,32.0,42.0
29,沙鹿,2017-05-30,58,7.0,3.0,nan,25.0,15.0,39.0,58.0
28,豐原,2017-05-30,52,6.0,5.0,nan,23.0,10.0,40.0,52.0
27,三義,2017-05-30,38,6.0,3.0,nan,22.0,8.0,35.0,38.0
26,苗栗,2017-05-30,62,7.0,5.0,nan,35.0,13.0,40.0,62.0
25,頭份,2017-05-30,68,7.0,5.0,nan,35.0,16.0,nan,68.0
24,新竹,2017-05-30,42,4.0,5.0,nan,38.0,19.0,41.0,42.0
23,竹東,2017-05-30,60,4.0,3.0,nan,31.0,9.0,34.0,60.0
22,湖口,2017-05-30,57,9.0,3.0,nan,31.0,18.0,51.0,57.0
21,龍潭,2017-05-30,61,6.0,5.0,nan,42.0,13.0,61.0,55.0
20,平鎮,2017-05-30,64,6.0,5.0,nan,39.0,18.0,64.0,50.0
19,觀音,2017-05-30,58,10.0,3.0,nan,32.0,16.0,58.0,56.0
18,大園,2017-05-30,80,10.0,3.0,nan,33.0,14.0,80.0,41.0
17,桃園,2017-05-30,71,10.0,5.0,nan,27.0,25.0,71.0,49.0
16,大同,2017-05-30,37,7.0,23.0,nan,37.0,35.0,nan,28.0
15,松山,2017-05-30,40,4.0,6.0,nan,20.0,25.0,40.0,33.0
14,古亭,2017-05-30,44,4.0,7.0,nan,25.0,26.0,44.0,27.0
13,萬華,2017-05-30,42,7.0,6.0,nan,20.0,27.0,42.0,24.0
12,中山,2017-05-30,41,6.0,6.0,nan,16.0,30.0,41.0,33.0
11,士林,2017-05-30,48,6.0,5.0,nan,19.0,22.0,48.0,30.0
10,淡水,2017-05-30,49,6.0,5.0,nan,21.0,24.0,49.0,38.0
9,林口,2017-05-30,77,7.0,5.0,nan,24.0,25.0,77.0,58.0
8,菜寮,2017-05-30,45,7.0,7.0,nan,25.0,30.0,45.0,38.0
7,新莊,2017-05-30,58,7.0,7.0,nan,22.0,22.0,58.0,37.0
6,板橋,2017-05-30,46,7.0,7.0,nan,21.0,21.0,46.0,34.0
5,土城,2017-05-30,58,7.0,6.0,nan,23.0,21.0,58.0,37.0
4,新店,2017-05-30,39,4.0,5.0,nan,17.0,17.0,39.0,23.0
3,萬里,2017-05-30,36,16.0,3.0,nan,23.0,21.0,31.0,36.0
2,汐止,2017-05-30,37,10.0,6.0,nan,15.0,21.0,35.0,37.0
1,基隆,2017-05-30,29,10.0,5.0,nan,15.0,18.0,29.0,29.0
49,仁武,2017-05-30,52,19.0,3.0,nan,36.0,14.0,40.0,52.0
83,麥寮,2017-05-31,37,6.0,3.0,nan,29.0,9.0,nan,37.0
9,林口,2017-05-31,64,9.0,3.0,nan,26.0,25.0,37.0,64.0
10,淡水,2017-05-31,54,10.0,5.0,nan,30.0,25.0,34.0,54.0
11,士林,2017-05-31,42,9.0,5.0,nan,28.0,25.0,31.0,42.0
8,菜寮,2017-05-31,53,10.0,7.0,nan,31.0,29.0,32.0,53.0
7,新莊,2017-05-31,41,11.0,6.0,nan,24.0,22.0,37.0,41.0
12,中山,2017-05-31,48,9.0,14.0,nan,26.0,33.0,25.0,48.0
13,萬華,2017-05-31,44,10.0,9.0,nan,25.0,30.0,34.0,44.0
6,板橋,2017-05-31,45,14.0,6.0,nan,27.0,24.0,39.0,45.0
14,古亭,2017-05-31,39,9.0,9.0,nan,30.0,31.0,39.0,37.0
15,松山,2017-05-31,53,9.0,8.0,nan,24.0,28.0,30.0,53.0
5,土城,2017-05-31,45,6.0,6.0,nan,30.0,24.0,43.0,45.0
16,大同,2017-05-31,47,10.0,16.0,nan,39.0,30.0,nan,47.0
4,新店,2017-05-31,45,9.0,7.0,nan,28.0,27.0,45.0,44.0
17,桃園,2017-05-31,49,7.0,5.0,nan,28.0,22.0,35.0,49.0
3,萬里,2017-05-31,46,9.0,3.0,nan,19.0,13.0,39.0,46.0
18,大園,2017-05-31,47,13.0,3.0,nan,30.0,14.0,42.0,47.0
2,汐止,2017-05-31,47,9.0,8.0,nan,24.0,28.0,34.0,47.0
1,基隆,2017-05-31,51,19.0,6.0,nan,20.0,23.0,35.0,51.0
19,觀音,2017-05-31,52,6.0,2.0,nan,31.0,14.0,40.0,52.0
20,平鎮,2017-05-31,44,7.0,3.0,nan,34.0,23.0,39.0,44.0
49,仁武,2017-05-31,35,9.0,3.0,nan,29.0,16.0,35.0,19.0
21,龍潭,2017-05-31,56,9.0,3.0,nan,36.0,16.0,44.0,56.0
22,湖口,2017-05-31,63,10.0,2.0,nan,26.0,21.0,43.0,63.0
23,竹東,2017-05-31,63,6.0,3.0,nan,31.0,15.0,38.0,63.0
24,新竹,2017-05-31,39,4.0,5.0,nan,25.0,15.0,37.0,39.0
25,頭份,2017-05-31,52,9.0,3.0,nan,27.0,19.0,nan,52.0
26,苗栗,2017-05-31,44,7.0,3.0,nan,29.0,17.0,43.0,44.0
27,三義,2017-05-31,43,6.0,3.0,nan,19.0,21.0,43.0,31.0
28,豐原,2017-05-31,61,24.0,61.0,nan,22.0,17.0,46.0,42.0
29,沙鹿,2017-05-31,45,9.0,3.0,nan,17.0,19.0,44.0,45.0
30,大里,2017-05-31,39,4.0,5.0,nan,23.0,21.0,39.0,26.0
31,忠明,2017-05-31,41,4.0,5.0,nan,19.0,17.0,41.0,40.0
32,西屯,2017-05-31,45,4.0,3.0,nan,26.0,17.0,45.0,39.0
33,彰化,2017-05-31,40,4.0,3.0,nan,24.0,14.0,38.0,40.0
34,線西,2017-05-31,51,11.0,2.0,nan,26.0,14.0,nan,51.0
35,二林,2017-05-31,39,4.0,1.0,nan,17.0,10.0,39.0,24.0
36,南投,2017-05-31,33,4.0,3.0,nan,20.0,17.0,33.0,24.0
84,富貴角,2017-05-31,44,4.0,2.0,nan,nan,14.0,44.0,nan
37,斗六,2017-05-31,38,7.0,5.0,nan,25.0,19.0,38.0,27.0
38,崙背,2017-05-31,37,4.0,2.0,nan,19.0,8.0,37.0,36.0
39,新港,2017-05-31,37,4.0,2.0,nan,34.0,15.0,36.0,37.0
40,朴子,2017-05-31,39,4.0,3.0,nan,31.0,13.0,39.0,23.0
41,臺西,2017-05-31,36,4.0,1.0,nan,18.0,7.0,nan,36.0
42,嘉義,2017-05-31,36,6.0,3.0,nan,27.0,9.0,36.0,33.0
43,新營,2017-05-31,33,4.0,3.0,nan,26.0,15.0,33.0,28.0
44,善化,2017-05-31,34,3.0,3.0,nan,21.0,30.0,34.0,23.0
45,安南,2017-05-31,38,6.0,3.0,nan,23.0,15.0,38.0,28.0
46,臺南,2017-05-31,39,6.0,3.0,nan,19.0,13.0,39.0,23.0
47,美濃,2017-05-31,40,9.0,3.0,nan,22.0,13.0,40.0,37.0
48,橋頭,2017-05-31,29,14.0,3.0,nan,19.0,17.0,27.0,29.0
50,鳳山,2017-05-31,30,9.0,6.0,nan,30.0,20.0,nan,26.0
51,大寮,2017-05-31,37,10.0,3.0,nan,24.0,22.0,37.0,20.0
52,林園,2017-05-31,34,16.0,1.0,nan,9.0,16.0,34.0,19.0
53,楠梓,2017-05-31,33,16.0,3.0,nan,32.0,15.0,33.0,27.0
54,左營,2017-05-31,69,69.0,3.0,nan,19.0,23.0,33.0,26.0
56,前金,2017-05-31,34,20.0,3.0,nan,22.0,22.0,34.0,17.0
57,前鎮,2017-05-31,24,21.0,3.0,nan,16.0,24.0,nan,19.0
58,小港,2017-05-31,31,27.0,2.0,nan,21.0,26.0,31.0,19.0
59,屏東,2017-05-31,40,6.0,5.0,nan,24.0,24.0,40.0,23.0
60,潮州,2017-05-31,41,21.0,5.0,nan,32.0,18.0,38.0,41.0
61,恆春,2017-05-31,35,3.0,1.0,nan,17.0,1.0,35.0,11.0
62,臺東,2017-05-31,23,6.0,3.0,nan,18.0,8.0,23.0,19.0
63,花蓮,2017-05-31,36,19.0,3.0,nan,21.0,11.0,36.0,31.0
64,陽明,2017-05-31,35,6.0,2.0,nan,9.0,7.0,35.0,19.0
65,宜蘭,2017-05-31,45,4.0,3.0,nan,28.0,8.0,45.0,35.0
66,冬山,2017-05-31,42,11.0,3.0,nan,29.0,22.0,42.0,37.0
67,三重,2017-05-31,46,11.0,23.0,nan,43.0,44.0,nan,46.0
68,中壢,2017-05-31,55,9.0,20.0,nan,46.0,33.0,nan,55.0
69,竹山,2017-05-31,45,4.0,2.0,nan,22.0,11.0,41.0,45.0
70,永和,2017-05-31,44,7.0,15.0,nan,25.0,32.0,nan,44.0
71,復興,2017-05-31,21,14.0,6.0,nan,10.0,21.0,nan,20.0
72,埔里,2017-05-31,43,6.0,3.0,nan,18.0,12.0,43.0,32.0
75,馬祖,2017-05-31,74,17.0,3.0,nan,44.0,20.0,74.0,61.0
77,金門,2017-05-31,78,11.0,2.0,nan,33.0,18.0,41.0,78.0
78,馬公,2017-05-31,32,4.0,2.0,nan,11.0,8.0,32.0,28.0
80,關山,2017-05-31,22,3.0,nan,nan,15.0,6.0,22.0,18.0
