siteid,sitename,monitordate,aqi,so2subindex,cosubindex,o3subindex,pm10subindex,no2subindex,o38subindex,pm25subindex
78,馬公,2021-11-01,51,2,1,nan,25,5,51.0,30
1,基隆,2021-11-01,46,2,2,nan,21,22,46.0,31
2,汐止,2021-11-01,55,8,3,nan,23,55,25.0,30
3,萬里,2021-11-01,54,0,1,nan,42,10,54.0,29
4,新店,2021-11-01,41,5,3,nan,18,38,41.0,27
5,土城,2021-11-01,38,10,3,nan,20,32,38.0,28
6,板橋,2021-11-01,40,5,3,nan,22,40,33.0,31
7,新莊,2021-11-01,36,5,3,nan,29,35,34.0,36
8,菜寮,2021-11-01,37,5,3,nan,18,35,37.0,30
9,林口,2021-11-01,45,5,2,nan,24,45,35.0,28
10,淡水,2021-11-01,46,5,2,nan,17,23,46.0,24
11,士林,2021-11-01,45,2,2,nan,19,23,45.0,25
12,中山,2021-11-01,52,5,6,nan,21,52,28.0,32
13,萬華,2021-11-01,48,5,3,nan,20,48,32.0,31
14,古亭,2021-11-01,38,5,2,nan,19,30,38.0,27
15,松山,2021-11-01,47,2,3,nan,25,47,27.0,33
16,大同,2021-11-01,60,8,10,nan,38,60,nan,48
17,桃園,2021-11-01,37,10,3,nan,20,32,37.0,31
18,大園,2021-11-01,41,8,2,nan,25,35,41.0,24
19,觀音,2021-11-01,42,15,1,nan,24,25,42.0,38
20,平鎮,2021-11-01,38,5,3,nan,18,32,38.0,31
21,龍潭,2021-11-01,41,5,2,nan,19,28,41.0,24
22,湖口,2021-11-01,42,5,2,nan,21,22,42.0,31
23,竹東,2021-11-01,43,2,2,nan,14,18,43.0,23
24,新竹,2021-11-01,39,5,2,nan,21,30,39.0,32
25,頭份,2021-11-01,33,8,2,nan,18,33,nan,26
26,苗栗,2021-11-01,44,5,2,nan,18,25,44.0,24
27,三義,2021-11-01,44,5,2,nan,15,22,44.0,24
28,豐原,2021-11-01,49,2,3,nan,21,40,49.0,40
29,沙鹿,2021-11-01,46,5,2,nan,25,35,46.0,32
30,大里,2021-11-01,67,5,5,nan,31,37,67.0,51
31,忠明,2021-11-01,51,5,5,nan,25,51,47.0,42
32,西屯,2021-11-01,40,5,3,nan,28,40,31.0,40
33,彰化,2021-11-01,45,12,3,nan,30,38,45.0,43
34,線西,2021-11-01,41,25,5,nan,36,28,nan,41
35,二林,2021-11-01,49,15,3,nan,43,27,49.0,44
36,南投,2021-11-01,93,10,3,nan,31,42,93.0,57
37,斗六,2021-11-01,93,12,3,nan,46,30,93.0,63
38,崙背,2021-11-01,57,15,3,nan,43,27,49.0,57
39,新港,2021-11-01,62,12,3,nan,49,28,50.0,62
40,朴子,2021-11-01,61,12,3,nan,48,27,61.0,57
41,臺西,2021-11-01,42,12,3,nan,34,23,nan,42
42,嘉義,2021-11-01,74,25,3,nan,48,42,74.0,67
43,新營,2021-11-01,87,12,3,nan,51,33,87.0,64
44,善化,2021-11-01,90,5,3,nan,42,28,90.0,64
45,安南,2021-11-01,100,8,5,nan,52,33,100.0,62
46,臺南,2021-11-01,90,8,5,nan,52,37,90.0,67
47,美濃,2021-11-01,101,10,3,nan,41,15,101.0,70
48,橋頭,2021-11-01,126,8,5,nan,60,42,126.0,77
49,仁武,2021-11-01,129,20,5,nan,55,40,129.0,79
50,鳳山,2021-11-01,85,35,9,nan,54,55,nan,85
51,大寮,2021-11-01,75,25,6,nan,52,53,61.0,75
52,林園,2021-11-01,146,8,3,nan,51,22,146.0,77
53,楠梓,2021-11-01,122,10,5,nan,60,43,122.0,69
54,左營,2021-11-01,132,12,5,nan,57,33,132.0,73
56,前金,2021-11-01,122,8,5,nan,51,32,122.0,70
57,前鎮,2021-11-01,70,12,6,nan,55,47,nan,70
58,小港,2021-11-01,77,15,5,nan,50,53,77.0,76
59,屏東,2021-11-01,132,8,6,nan,50,30,132.0,77
60,潮州,2021-11-01,143,15,3,nan,40,18,143.0,73
85,大城,2021-11-01,61,12,2,nan,32,20,61.0,43
61,恆春,2021-11-01,41,2,1,nan,9,2,41.0,16
62,臺東,2021-11-01,40,5,2,nan,22,8,40.0,24
63,花蓮,2021-11-01,42,5,3,nan,15,32,42.0,19
64,陽明,2021-11-01,49,2,1,nan,11,0,49.0,19
65,宜蘭,2021-11-01,39,12,2,nan,13,17,39.0,22
84,富貴角,2021-11-01,71,0,1,nan,31,5,71.0,24
66,冬山,2021-11-01,38,5,2,nan,17,22,38.0,21
67,三重,2021-11-01,60,8,14,nan,25,60,nan,37
83,麥寮,2021-11-01,47,12,3,nan,47,25,nan,45
68,中壢,2021-11-01,53,5,9,nan,23,53,nan,30
69,竹山,2021-11-01,115,8,2,nan,36,37,115.0,63
70,永和,2021-11-01,37,8,5,nan,22,37,nan,29
80,關山,2021-11-01,37,2,2,nan,19,12,37.0,19
71,復興,2021-11-01,73,10,7,nan,55,50,nan,73
72,埔里,2021-11-01,84,5,5,nan,23,27,84.0,49
75,馬祖,2021-11-01,58,5,1,nan,18,8,58.0,35
77,金門,2021-11-01,54,12,2,nan,36,13,50.0,54
68,中壢,2021-11-02,55,8,8,nan,30.0,55,nan,43
1,基隆,2021-11-02,47,2,5,nan,28.0,43,47.0,45
2,汐止,2021-11-02,57,8,3,nan,27.0,57,24.0,45
3,萬里,2021-11-02,77,2,2,nan,51.0,10,77.0,47
4,新店,2021-11-02,39,2,3,nan,24.0,33,39.0,38
5,土城,2021-11-02,40,5,5,nan,24.0,37,39.0,40
6,板橋,2021-11-02,54,12,5,nan,27.0,54,36.0,46
7,新莊,2021-11-02,51,8,5,nan,37.0,42,39.0,51
8,菜寮,2021-11-02,48,8,5,nan,28.0,45,42.0,48
9,林口,2021-11-02,55,5,3,nan,29.0,55,40.0,44
10,淡水,2021-11-02,44,2,3,nan,23.0,25,44.0,39
11,士林,2021-11-02,51,0,2,nan,26.0,25,51.0,38
12,中山,2021-11-02,56,12,6,nan,30.0,56,36.0,45
13,萬華,2021-11-02,56,12,5,nan,29.0,56,40.0,47
14,古亭,2021-11-02,41,8,3,nan,25.0,35,41.0,39
15,松山,2021-11-02,55,8,3,nan,33.0,55,37.0,48
16,大同,2021-11-02,61,10,12,nan,44.0,61,nan,61
17,桃園,2021-11-02,47,18,5,nan,29.0,45,38.0,47
18,大園,2021-11-02,43,5,2,nan,34.0,37,43.0,40
19,觀音,2021-11-02,52,12,2,nan,31.0,25,44.0,52
20,平鎮,2021-11-02,48,8,5,nan,27.0,42,38.0,48
21,龍潭,2021-11-02,43,5,2,nan,24.0,18,43.0,32
85,大城,2021-11-02,74,12,3,nan,36.0,30,74.0,46
22,湖口,2021-11-02,44,10,2,nan,27.0,25,43.0,44
84,富貴角,2021-11-02,93,8,1,nan,36.0,2,93.0,41
23,竹東,2021-11-02,37,2,2,nan,17.0,22,37.0,32
24,新竹,2021-11-02,43,5,3,nan,28.0,35,37.0,43
25,頭份,2021-11-02,38,5,3,nan,26.0,33,nan,38
83,麥寮,2021-11-02,52,18,3,nan,50.0,32,nan,52
80,關山,2021-11-02,40,2,1,nan,19.0,8,40.0,16
26,苗栗,2021-11-02,41,10,3,nan,22.0,37,41.0,29
27,三義,2021-11-02,44,2,2,nan,17.0,12,44.0,24
78,馬公,2021-11-02,67,0,2,nan,30.0,3,67.0,41
28,豐原,2021-11-02,46,2,2,nan,18.0,15,46.0,34
77,金門,2021-11-02,59,10,3,nan,46.0,17,49.0,59
75,馬祖,2021-11-02,90,5,3,nan,40.0,8,90.0,77
29,沙鹿,2021-11-02,45,5,2,nan,29.0,25,45.0,38
30,大里,2021-11-02,64,5,5,nan,29.0,35,64.0,45
72,埔里,2021-11-02,101,2,5,nan,29.0,27,101.0,61
31,忠明,2021-11-02,51,5,3,nan,23.0,38,51.0,41
71,復興,2021-11-02,85,10,10,nan,64.0,62,nan,85
32,西屯,2021-11-02,48,2,2,nan,30.0,32,48.0,40
33,彰化,2021-11-02,48,5,3,nan,33.0,35,48.0,45
34,線西,2021-11-02,45,22,5,nan,37.0,30,nan,45
35,二林,2021-11-02,61,12,3,nan,46.0,23,61.0,49
70,永和,2021-11-02,44,8,6,nan,28.0,38,nan,44
36,南投,2021-11-02,101,5,3,nan,33.0,43,101.0,56
69,竹山,2021-11-02,140,8,3,nan,39.0,33,140.0,69
37,斗六,2021-11-02,118,12,3,nan,46.0,37,118.0,67
38,崙背,2021-11-02,60,12,3,nan,44.0,32,51.0,60
67,三重,2021-11-02,67,8,14,nan,35.0,67,nan,53
39,新港,2021-11-02,77,10,3,nan,46.0,23,77.0,62
66,冬山,2021-11-02,38,5,2,nan,19.0,28,38.0,25
40,朴子,2021-11-02,84,12,3,nan,44.0,25,84.0,52
65,宜蘭,2021-11-02,50,50,2,nan,16.0,15,39.0,27
41,臺西,2021-11-02,49,10,3,nan,38.0,23,nan,49
64,陽明,2021-11-02,64,2,2,nan,12.0,2,64.0,30
42,嘉義,2021-11-02,108,42,5,nan,48.0,33,108.0,70
63,花蓮,2021-11-02,39,2,3,nan,19.0,32,39.0,26
62,臺東,2021-11-02,43,5,2,nan,18.0,8,43.0,20
61,恆春,2021-11-02,45,2,1,nan,12.0,2,45.0,23
60,潮州,2021-11-02,169,10,5,nan,54.0,17,169.0,85
43,新營,2021-11-02,112,12,3,nan,47.0,30,112.0,63
59,屏東,2021-11-02,129,10,6,nan,65.0,37,129.0,93
44,善化,2021-11-02,112,10,2,nan,42.0,28,112.0,64
58,小港,2021-11-02,112,18,6,nan,60.0,72,112.0,84
45,安南,2021-11-02,84,8,3,nan,48.0,37,84.0,56
57,前鎮,2021-11-02,84,10,8,nan,67.0,59,nan,84
56,前金,2021-11-02,151,5,6,nan,63.0,50,151.0,83
46,臺南,2021-11-02,122,10,3,nan,50.0,28,122.0,64
54,左營,2021-11-02,146,8,6,nan,nan,43,146.0,83
47,美濃,2021-11-02,126,8,3,nan,50.0,20,126.0,79
53,楠梓,2021-11-02,126,8,5,nan,64.0,50,126.0,80
52,林園,2021-11-02,166,12,5,nan,67.0,40,166.0,93
48,橋頭,2021-11-02,129,8,5,nan,64.0,47,129.0,84
49,仁武,2021-11-02,126,20,7,nan,59.0,53,126.0,89
51,大寮,2021-11-02,101,30,7,nan,66.0,50,101.0,92
50,鳳山,2021-11-02,94,12,9,nan,60.0,60,nan,94
12,中山,2021-11-03,57,12,7,nan,36,57,32.0,57
58,小港,2021-11-03,83,15,5,nan,53,62,74.0,83
62,臺東,2021-11-03,46,5,2,nan,21,15,46.0,29
61,恆春,2021-11-03,45,2,1,nan,11,0,45.0,22
60,潮州,2021-11-03,156,8,3,nan,46,15,156.0,78
57,前鎮,2021-11-03,82,8,7,nan,58,48,nan,82
56,前金,2021-11-03,97,5,5,nan,52,43,97.0,78
59,屏東,2021-11-03,129,12,5,nan,56,45,129.0,87
85,大城,2021-11-03,74,10,3,nan,47,25,74.0,66
84,富貴角,2021-11-03,87,0,1,nan,39,5,87.0,48
83,麥寮,2021-11-03,71,10,5,nan,56,30,nan,71
80,關山,2021-11-03,40,2,2,nan,22,8,40.0,26
78,馬公,2021-11-03,74,2,2,nan,38,7,74.0,58
54,左營,2021-11-03,115,8,5,nan,53,38,115.0,79
77,金門,2021-11-03,82,10,3,nan,60,22,61.0,82
15,松山,2021-11-03,59,2,3,nan,37,55,33.0,59
32,西屯,2021-11-03,72,10,6,nan,49,57,46.0,72
53,楠梓,2021-11-03,97,8,5,nan,53,52,97.0,74
52,林園,2021-11-03,132,8,5,nan,56,38,132.0,89
64,陽明,2021-11-03,64,10,2,nan,11,13,64.0,28
19,觀音,2021-11-03,57,28,2,nan,32,28,45.0,57
51,大寮,2021-11-03,87,30,6,nan,60,53,87.0,85
23,竹東,2021-11-03,40,2,2,nan,19,27,40.0,39
31,忠明,2021-11-03,90,10,7,nan,42,60,90.0,71
68,中壢,2021-11-03,56,5,11,nan,28,56,nan,42
30,大里,2021-11-03,108,10,7,nan,53,60,108.0,81
18,大園,2021-11-03,44,10,2,nan,34,37,42.0,44
50,鳳山,2021-11-03,86,10,8,nan,50,51,nan,86
75,馬祖,2021-11-03,68,2,2,nan,34,10,58.0,68
49,仁武,2021-11-03,97,5,5,nan,48,48,97.0,78
67,三重,2021-11-03,59,15,11,nan,41,58,nan,59
48,橋頭,2021-11-03,100,5,5,nan,52,47,100.0,76
29,沙鹿,2021-11-03,60,5,5,nan,41,42,58.0,60
47,美濃,2021-11-03,118,5,3,nan,44,18,118.0,77
14,古亭,2021-11-03,46,2,3,nan,27,32,44.0,46
7,新莊,2021-11-03,53,2,3,nan,36,32,44.0,53
46,臺南,2021-11-03,104,8,6,nan,57,42,104.0,80
45,安南,2021-11-03,84,8,5,nan,57,42,84.0,76
44,善化,2021-11-03,108,10,3,nan,47,28,108.0,76
22,湖口,2021-11-03,46,5,2,nan,26,20,46.0,46
10,淡水,2021-11-03,46,10,3,nan,26,33,46.0,44
43,新營,2021-11-03,143,8,5,nan,57,30,143.0,81
8,菜寮,2021-11-03,57,18,3,nan,32,35,43.0,57
66,冬山,2021-11-03,42,0,2,nan,18,42,40.0,35
42,嘉義,2021-11-03,132,10,5,nan,60,30,132.0,93
41,臺西,2021-11-03,67,12,3,nan,48,32,nan,67
1,基隆,2021-11-03,54,2,3,nan,31,35,38.0,54
13,萬華,2021-11-03,53,5,5,nan,30,53,37.0,52
40,朴子,2021-11-03,104,10,5,nan,53,25,104.0,73
28,豐原,2021-11-03,70,10,5,nan,38,38,64.0,70
2,汐止,2021-11-03,51,8,3,nan,31,51,32.0,50
39,新港,2021-11-03,97,8,5,nan,62,25,97.0,87
17,桃園,2021-11-03,49,10,5,nan,27,25,44.0,49
38,崙背,2021-11-03,90,10,5,nan,64,27,77.0,90
72,埔里,2021-11-03,154,8,6,nan,41,23,154.0,80
65,宜蘭,2021-11-03,50,50,3,nan,21,23,44.0,44
3,萬里,2021-11-03,51,5,2,nan,36,27,51.0,49
71,復興,2021-11-03,75,8,8,nan,53,50,nan,75
37,斗六,2021-11-03,136,15,6,nan,67,40,136.0,94
21,龍潭,2021-11-03,41,5,3,nan,21,27,41.0,34
9,林口,2021-11-03,49,10,2,nan,29,28,43.0,49
27,三義,2021-11-03,71,5,3,nan,29,25,71.0,55
4,新店,2021-11-03,41,2,3,nan,24,27,41.0,39
36,南投,2021-11-03,150,12,6,nan,52,42,150.0,84
70,永和,2021-11-03,50,2,6,nan,30,32,nan,50
63,花蓮,2021-11-03,54,2,3,nan,21,18,54.0,31
35,二林,2021-11-03,73,20,5,nan,58,32,67.0,73
16,大同,2021-11-03,68,15,10,nan,49,60,nan,68
26,苗栗,2021-11-03,45,10,5,nan,26,32,34.0,45
11,士林,2021-11-03,49,15,2,nan,31,25,49.0,49
34,線西,2021-11-03,63,25,5,nan,46,42,nan,63
5,土城,2021-11-03,43,2,3,nan,26,28,43.0,43
69,竹山,2021-11-03,161,10,5,nan,59,32,161.0,104
25,頭份,2021-11-03,45,5,3,nan,25,38,nan,45
6,板橋,2021-11-03,48,2,5,nan,28,37,40.0,48
20,平鎮,2021-11-03,44,2,3,nan,23,27,44.0,44
33,彰化,2021-11-03,69,22,6,nan,48,52,54.0,69
24,新竹,2021-11-03,44,5,3,nan,23,30,44.0,43
28,豐原,2021-11-04,101,12,6,nan,47,43,101.0,88
85,大城,2021-11-04,140,10,2,nan,44,15,140.0,67
84,富貴角,2021-11-04,51,15,1,nan,18,17,51.0,19
83,麥寮,2021-11-04,72,18,3,nan,54,35,nan,72
80,關山,2021-11-04,34,2,2,nan,17,8,34.0,16
78,馬公,2021-11-04,84,2,2,nan,34,7,84.0,48
77,金門,2021-11-04,90,12,3,nan,49,22,90.0,69
75,馬祖,2021-11-04,55,2,2,nan,23,10,44.0,55
72,埔里,2021-11-04,74,5,5,nan,34,23,64.0,74
71,復興,2021-11-04,63,5,7,nan,41,50,nan,63
70,永和,2021-11-04,50,2,7,nan,17,50,nan,30
69,竹山,2021-11-04,87,5,5,nan,47,30,87.0,86
68,中壢,2021-11-04,60,12,19,nan,21,60,nan,31
67,三重,2021-11-04,64,10,16,nan,24,64,nan,39
66,冬山,2021-11-04,36,0,3,nan,9,32,36.0,20
65,宜蘭,2021-11-04,44,22,3,nan,10,20,44.0,25
64,陽明,2021-11-04,48,10,1,nan,9,13,48.0,25
63,花蓮,2021-11-04,50,0,5,nan,14,50,44.0,20
62,臺東,2021-11-04,43,5,2,nan,12,13,43.0,17
61,恆春,2021-11-04,41,2,1,nan,8,2,41.0,16
60,潮州,2021-11-04,104,5,3,nan,40,18,104.0,69
59,屏東,2021-11-04,77,5,3,nan,44,38,77.0,73
58,小港,2021-11-04,66,8,5,nan,39,58,49.0,66
57,前鎮,2021-11-04,61,8,5,nan,42,48,nan,61
56,前金,2021-11-04,87,8,3,nan,40,33,87.0,62
54,左營,2021-11-04,74,2,5,nan,42,32,74.0,60
53,楠梓,2021-11-04,65,5,5,nan,46,43,61.0,65
52,林園,2021-11-04,77,15,3,nan,46,35,77.0,71
51,大寮,2021-11-04,87,10,5,nan,45,35,87.0,72
50,鳳山,2021-11-04,77,10,8,nan,41,51,nan,77
49,仁武,2021-11-04,68,12,5,nan,43,45,64.0,68
48,橋頭,2021-11-04,73,5,5,nan,49,43,49.0,73
47,美濃,2021-11-04,65,5,3,nan,35,12,58.0,65
46,臺南,2021-11-04,58,5,5,nan,40,37,54.0,58
45,安南,2021-11-04,62,5,3,nan,45,40,51.0,62
44,善化,2021-11-04,63,8,3,nan,37,35,46.0,63
43,新營,2021-11-04,70,5,5,nan,48,35,51.0,70
42,嘉義,2021-11-04,82,12,5,nan,51,33,64.0,82
41,臺西,2021-11-04,64,10,3,nan,44,27,nan,64
40,朴子,2021-11-04,70,8,3,nan,48,37,64.0,70
39,新港,2021-11-04,81,12,3,nan,53,30,50.0,81
38,崙背,2021-11-04,91,15,3,nan,61,22,84.0,91
37,斗六,2021-11-04,93,12,5,nan,66,37,71.0,93
36,南投,2021-11-04,84,10,5,nan,49,42,58.0,84
35,二林,2021-11-04,102,10,5,nan,73,23,97.0,102
1,基隆,2021-11-04,45,2,3,nan,15,45,40.0,28
2,汐止,2021-11-04,51,8,3,nan,15,51,28.0,25
3,萬里,2021-11-04,41,2,2,nan,16,23,41.0,30
4,新店,2021-11-04,38,2,5,nan,11,35,38.0,19
5,土城,2021-11-04,45,2,6,nan,15,45,38.0,26
6,板橋,2021-11-04,47,2,6,nan,17,47,39.0,29
7,新莊,2021-11-04,40,2,3,nan,20,33,40.0,28
8,菜寮,2021-11-04,42,8,5,nan,15,37,42.0,30
9,林口,2021-11-04,44,5,3,nan,15,28,44.0,25
34,線西,2021-11-04,91,20,5,nan,61,37,nan,91
10,淡水,2021-11-04,45,8,2,nan,12,18,45.0,22
11,士林,2021-11-04,49,5,2,nan,16,33,49.0,25
12,中山,2021-11-04,55,5,7,nan,17,55,35.0,30
33,彰化,2021-11-04,105,30,7,nan,72,54,90.0,105
13,萬華,2021-11-04,48,2,5,nan,17,48,37.0,30
14,古亭,2021-11-04,50,2,5,nan,15,50,40.0,28
15,松山,2021-11-04,51,2,5,nan,20,51,32.0,29
16,大同,2021-11-04,57,5,9,nan,34,57,nan,44
32,西屯,2021-11-04,103,18,8,nan,68,52,90.0,103
17,桃園,2021-11-04,42,8,5,nan,14,37,42.0,29
18,大園,2021-11-04,42,8,5,nan,15,38,42.0,22
19,觀音,2021-11-04,42,8,5,nan,16,42,35.0,35
20,平鎮,2021-11-04,50,5,6,nan,13,50,40.0,30
31,忠明,2021-11-04,98,15,9,nan,59,64,77.0,98
21,龍潭,2021-11-04,48,5,6,nan,16,48,32.0,30
22,湖口,2021-11-04,43,8,5,nan,23,43,38.0,42
23,竹東,2021-11-04,46,2,5,nan,21,30,33.0,46
24,新竹,2021-11-04,54,5,7,nan,22,54,47.0,48
25,頭份,2021-11-04,68,15,6,nan,40,54,nan,68
26,苗栗,2021-11-04,136,8,7,nan,46,51,136.0,84
30,大里,2021-11-04,110,18,9,nan,73,65,67.0,110
27,三義,2021-11-04,136,15,5,nan,50,33,136.0,84
29,沙鹿,2021-11-04,146,22,7,nan,68,43,146.0,103
85,大城,2021-11-05,118,8,2,nan,41,12,118.0,66
50,鳳山,2021-11-05,74,40,9,nan,38,52,nan,74
59,屏東,2021-11-05,66,12,5,nan,40,42,64.0,66
22,湖口,2021-11-05,83,5,5,nan,42,53,67.0,83
14,古亭,2021-11-05,87,8,8,nan,29,64,87.0,54
52,林園,2021-11-05,61,10,3,nan,35,25,43.0,61
13,萬華,2021-11-05,71,10,10,nan,32,71,67.0,64
23,竹東,2021-11-05,71,5,5,nan,35,48,50.0,71
19,觀音,2021-11-05,77,15,5,nan,38,45,61.0,77
16,大同,2021-11-05,69,10,26,nan,42,69,nan,67
33,彰化,2021-11-05,107,10,6,nan,58,40,93.0,107
57,前鎮,2021-11-05,63,15,7,nan,43,54,nan,63
34,線西,2021-11-05,108,12,7,nan,69,43,nan,108
45,安南,2021-11-05,140,10,5,nan,70,37,140.0,106
24,新竹,2021-11-05,77,8,8,nan,38,60,61.0,77
38,崙背,2021-11-05,94,8,3,nan,60,27,67.0,94
21,龍潭,2021-11-05,66,8,6,nan,36,55,51.0,66
7,新莊,2021-11-05,74,18,12,nan,38,74,47.0,65
44,善化,2021-11-05,115,10,3,nan,55,33,115.0,110
53,楠梓,2021-11-05,66,20,6,nan,41,56,39.0,66
37,斗六,2021-11-05,113,10,5,nan,74,30,58.0,113
43,新營,2021-11-05,100,8,5,nan,59,32,61.0,100
6,板橋,2021-11-05,77,10,16,nan,37,77,64.0,70
36,南投,2021-11-05,66,8,5,nan,33,42,64.0,66
42,嘉義,2021-11-05,106,18,6,nan,62,28,67.0,106
35,二林,2021-11-05,107,5,3,nan,72,20,93.0,107
51,大寮,2021-11-05,62,18,3,nan,38,33,44.0,62
15,松山,2021-11-05,77,8,9,nan,35,67,77.0,60
5,土城,2021-11-05,70,5,10,nan,37,70,46.0,67
4,新店,2021-11-05,90,5,7,nan,25,53,90.0,44
25,頭份,2021-11-05,76,15,6,nan,41,57,nan,76
3,萬里,2021-11-05,74,5,3,nan,26,27,74.0,43
58,小港,2021-11-05,64,15,5,nan,36,57,26.0,64
60,潮州,2021-11-05,55,5,3,nan,33,18,46.0,55
41,臺西,2021-11-05,74,8,3,nan,50,18,nan,74
2,汐止,2021-11-05,58,8,7,nan,28,58,45.0,51
17,桃園,2021-11-05,80,25,11,nan,41,76,54.0,80
1,基隆,2021-11-05,71,5,6,nan,24,42,71.0,50
40,朴子,2021-11-05,85,10,3,nan,54,20,64.0,85
39,新港,2021-11-05,99,8,5,nan,65,25,50.0,99
49,仁武,2021-11-05,72,22,6,nan,39,55,39.0,72
26,苗栗,2021-11-05,65,10,7,nan,32,50,64.0,65
18,大園,2021-11-05,70,8,5,nan,44,56,51.0,70
12,中山,2021-11-05,72,12,11,nan,31,72,49.0,53
27,三義,2021-11-05,77,15,6,nan,34,40,77.0,63
28,豐原,2021-11-05,77,10,6,nan,37,45,77.0,73
61,恆春,2021-11-05,35,2,1,nan,10,2,35.0,17
54,左營,2021-11-05,70,12,6,nan,41,52,39.0,70
20,平鎮,2021-11-05,84,8,9,nan,40,65,48.0,84
62,臺東,2021-11-05,33,2,3,nan,14,17,33.0,16
48,橋頭,2021-11-05,81,12,5,nan,50,50,47.0,81
11,士林,2021-11-05,74,2,8,nan,31,57,74.0,56
56,前金,2021-11-05,67,18,6,nan,40,57,39.0,67
47,美濃,2021-11-05,101,8,5,nan,38,23,101.0,72
29,沙鹿,2021-11-05,102,42,6,nan,65,72,64.0,102
46,臺南,2021-11-05,129,8,6,nan,69,38,129.0,98
63,花蓮,2021-11-05,33,2,3,nan,14,28,33.0,22
10,淡水,2021-11-05,87,5,7,nan,24,55,87.0,49
9,林口,2021-11-05,73,8,9,nan,32,73,51.0,60
30,大里,2021-11-05,97,10,7,nan,56,51,58.0,97
8,菜寮,2021-11-05,74,5,10,nan,30,69,74.0,64
64,陽明,2021-11-05,84,5,3,nan,15,15,84.0,36
65,宜蘭,2021-11-05,41,32,3,nan,15,20,41.0,22
31,忠明,2021-11-05,93,12,8,nan,55,55,71.0,93
32,西屯,2021-11-05,91,22,7,nan,58,59,64.0,91
66,冬山,2021-11-05,27,5,5,nan,18,27,25.0,15
67,三重,2021-11-05,72,8,17,nan,36,72,nan,68
68,中壢,2021-11-05,85,5,19,nan,51,71,nan,85
69,竹山,2021-11-05,64,8,2,nan,28,23,64.0,58
70,永和,2021-11-05,70,5,17,nan,33,70,nan,59
71,復興,2021-11-05,61,15,8,nan,38,55,nan,61
72,埔里,2021-11-05,68,5,5,nan,31,22,64.0,68
75,馬祖,2021-11-05,51,5,5,nan,13,25,51.0,36
77,金門,2021-11-05,73,10,5,nan,41,37,50.0,73
78,馬公,2021-11-05,77,2,2,nan,22,8,77.0,38
80,關山,2021-11-05,34,2,1,nan,18,8,34.0,19
83,麥寮,2021-11-05,74,8,3,nan,54,25,nan,74
84,富貴角,2021-11-05,101,2,2,nan,24,17,101.0,30
27,三義,2021-11-06,63,5,3,nan,32.0,27,48.0,63
62,臺東,2021-11-06,28,5,2,nan,21.0,17,28.0,25
20,平鎮,2021-11-06,68,12,6,nan,32.0,52,36.0,68
21,龍潭,2021-11-06,75,8,5,nan,33.0,38,41.0,75
26,苗栗,2021-11-06,56,8,3,nan,27.0,40,46.0,56
61,恆春,2021-11-06,28,2,1,nan,14.0,3,28.0,26
77,金門,2021-11-06,63,10,3,nan,34.0,27,54.0,63
83,麥寮,2021-11-06,79,12,3,nan,51.0,25,nan,79
60,潮州,2021-11-06,39,2,2,nan,nan,18,39.0,31
59,屏東,2021-11-06,57,5,3,nan,36.0,22,40.0,57
58,小港,2021-11-06,60,15,3,nan,31.0,37,34.0,60
57,前鎮,2021-11-06,55,8,6,nan,36.0,37,nan,55
22,湖口,2021-11-06,72,8,5,nan,35.0,37,44.0,72
75,馬祖,2021-11-06,50,8,3,nan,16.0,17,34.0,50
25,頭份,2021-11-06,60,15,5,nan,32.0,43,nan,60
72,埔里,2021-11-06,54,2,3,nan,24.0,25,43.0,54
56,前金,2021-11-06,61,8,5,nan,36.0,33,47.0,61
54,左營,2021-11-06,65,10,5,nan,41.0,53,43.0,65
53,楠梓,2021-11-06,61,5,5,nan,35.0,40,38.0,61
24,新竹,2021-11-06,61,10,6,nan,30.0,43,44.0,61
52,林園,2021-11-06,64,15,3,nan,40.0,33,39.0,64
51,大寮,2021-11-06,53,30,3,nan,36.0,47,33.0,53
23,竹東,2021-11-06,58,2,3,nan,24.0,25,42.0,58
50,鳳山,2021-11-06,69,8,7,nan,32.0,43,nan,69
48,橋頭,2021-11-06,65,5,3,nan,36.0,28,38.0,65
85,大城,2021-11-06,72,10,3,nan,47.0,20,51.0,72
49,仁武,2021-11-06,61,5,5,nan,33.0,33,35.0,61
1,基隆,2021-11-06,58,8,6,nan,29.0,37,42.0,58
2,汐止,2021-11-06,60,10,8,nan,30.0,50,38.0,60
3,萬里,2021-11-06,47,5,5,nan,25.0,30,47.0,47
4,新店,2021-11-06,44,12,5,nan,24.0,33,43.0,44
5,土城,2021-11-06,69,10,11,nan,35.0,57,41.0,69
6,板橋,2021-11-06,69,20,9,nan,32.0,62,44.0,69
7,新莊,2021-11-06,67,20,10,nan,31.0,62,42.0,67
8,菜寮,2021-11-06,71,10,8,nan,34.0,59,39.0,71
9,林口,2021-11-06,66,10,6,nan,33.0,53,42.0,66
10,淡水,2021-11-06,56,8,6,nan,27.0,47,41.0,56
11,士林,2021-11-06,61,5,7,nan,34.0,52,39.0,61
12,中山,2021-11-06,69,8,10,nan,37.0,62,29.0,69
13,萬華,2021-11-06,63,12,8,nan,31.0,50,33.0,63
47,美濃,2021-11-06,44,2,2,nan,24.0,12,38.0,44
46,臺南,2021-11-06,62,5,3,nan,37.0,25,44.0,62
71,復興,2021-11-06,56,8,7,nan,34.0,37,nan,56
45,安南,2021-11-06,58,5,3,nan,37.0,35,42.0,58
70,永和,2021-11-06,55,8,12,nan,32.0,55,nan,52
44,善化,2021-11-06,53,8,2,nan,27.0,25,38.0,53
69,竹山,2021-11-06,62,10,3,nan,31.0,32,49.0,62
43,新營,2021-11-06,60,8,3,nan,33.0,25,40.0,60
42,嘉義,2021-11-06,59,15,5,nan,30.0,33,46.0,59
14,古亭,2021-11-06,49,10,5,nan,24.0,42,40.0,49
41,臺西,2021-11-06,67,12,3,nan,42.0,27,nan,67
68,中壢,2021-11-06,67,10,10,nan,38.0,54,nan,67
40,朴子,2021-11-06,61,5,3,nan,38.0,23,42.0,61
80,關山,2021-11-06,24,5,2,nan,24.0,8,21.0,22
39,新港,2021-11-06,74,35,5,nan,44.0,25,41.0,74
38,崙背,2021-11-06,85,10,5,nan,52.0,23,49.0,85
37,斗六,2021-11-06,69,10,5,nan,39.0,27,46.0,69
36,南投,2021-11-06,65,15,5,nan,32.0,42,43.0,65
35,二林,2021-11-06,88,10,5,nan,58.0,25,48.0,88
15,松山,2021-11-06,56,5,7,nan,30.0,53,37.0,56
67,三重,2021-11-06,75,10,14,nan,40.0,62,nan,75
34,線西,2021-11-06,77,15,5,nan,49.0,32,nan,77
16,大同,2021-11-06,69,8,10,nan,39.0,61,nan,69
33,彰化,2021-11-06,69,22,3,nan,41.0,33,48.0,69
84,富貴角,2021-11-06,54,5,3,nan,31.0,40,54.0,50
32,西屯,2021-11-06,70,10,5,nan,40.0,54,45.0,70
17,桃園,2021-11-06,73,20,7,nan,34.0,62,43.0,73
66,冬山,2021-11-06,50,10,3,nan,25.0,18,50.0,30
65,宜蘭,2021-11-06,77,22,3,nan,22.0,12,77.0,40
31,忠明,2021-11-06,64,10,5,nan,31.0,45,47.0,64
30,大里,2021-11-06,67,8,5,nan,36.0,38,47.0,67
18,大園,2021-11-06,74,8,6,nan,48.0,51,40.0,74
64,陽明,2021-11-06,40,5,2,nan,12.0,8,40.0,38
29,沙鹿,2021-11-06,65,12,3,nan,36.0,38,47.0,65
19,觀音,2021-11-06,66,10,3,nan,29.0,33,41.0,66
28,豐原,2021-11-06,54,5,3,nan,26.0,17,43.0,54
78,馬公,2021-11-06,49,0,2,nan,24.0,20,49.0,40
63,花蓮,2021-11-06,71,12,3,nan,21.0,12,71.0,32
84,富貴角,2021-11-07,50,2,1.0,nan,31,5,50.0,13
45,安南,2021-11-07,75,10,5.0,nan,49,27,64.0,75
46,臺南,2021-11-07,81,10,6.0,nan,54,38,74.0,81
85,大城,2021-11-07,64,20,2.0,nan,27,25,64.0,34
47,美濃,2021-11-07,74,8,3.0,nan,31,18,74.0,60
48,橋頭,2021-11-07,118,25,5.0,nan,48,45,118.0,82
49,仁武,2021-11-07,118,12,5.0,nan,40,40,118.0,79
50,鳳山,2021-11-07,75,32,8.0,nan,35,51,nan,75
51,大寮,2021-11-07,74,30,5.0,nan,39,47,74.0,71
52,林園,2021-11-07,129,15,3.0,nan,47,27,129.0,83
53,楠梓,2021-11-07,126,18,5.0,nan,45,52,126.0,74
54,左營,2021-11-07,112,10,5.0,nan,45,48,112.0,74
56,前金,2021-11-07,112,18,6.0,nan,43,42,112.0,77
57,前鎮,2021-11-07,69,18,7.0,nan,42,53,nan,69
58,小港,2021-11-07,97,18,5.0,nan,35,52,97.0,68
59,屏東,2021-11-07,115,20,6.0,nan,39,30,115.0,66
60,潮州,2021-11-07,97,8,3.0,nan,33,13,97.0,65
61,恆春,2021-11-07,45,2,2.0,nan,16,2,45.0,27
62,臺東,2021-11-07,44,2,2.0,nan,24,13,44.0,32
63,花蓮,2021-11-07,44,2,3.0,nan,22,22,44.0,31
64,陽明,2021-11-07,45,2,1.0,nan,9,5,45.0,17
65,宜蘭,2021-11-07,46,40,2.0,nan,15,8,46.0,26
66,冬山,2021-11-07,44,2,2.0,nan,18,13,44.0,21
67,三重,2021-11-07,55,10,15.0,nan,21,55,nan,34
70,永和,2021-11-07,47,8,7.0,nan,18,47,nan,29
69,竹山,2021-11-07,67,8,3.0,nan,29,23,67.0,57
68,中壢,2021-11-07,52,10,10.0,nan,22,52,nan,28
71,復興,2021-11-07,69,20,7.0,nan,41,48,nan,69
17,桃園,2021-11-07,42,25,5.0,nan,17,33,42.0,31
18,大園,2021-11-07,43,5,2.0,nan,23,42,43.0,22
16,大同,2021-11-07,57,10,11.0,nan,28,57,nan,37
19,觀音,2021-11-07,44,10,2.0,nan,19,23,44.0,24
20,平鎮,2021-11-07,42,10,5.0,nan,18,38,42.0,29
15,松山,2021-11-07,45,10,5.0,nan,20,45,39.0,26
21,龍潭,2021-11-07,44,12,5.0,nan,20,35,44.0,29
22,湖口,2021-11-07,45,8,2.0,nan,22,17,45.0,32
14,古亭,2021-11-07,40,8,3.0,nan,15,40,40.0,22
23,竹東,2021-11-07,44,5,3.0,nan,18,27,44.0,36
13,萬華,2021-11-07,53,18,5.0,nan,19,53,37.0,26
72,埔里,2021-11-07,48,2,3.0,nan,20,18,48.0,44
24,新竹,2021-11-07,48,8,3.0,nan,21,38,48.0,34
25,頭份,2021-11-07,37,8,3.0,nan,23,37,nan,29
12,中山,2021-11-07,47,15,6.0,nan,21,47,33.0,26
26,苗栗,2021-11-07,47,10,2.0,nan,22,22,47.0,28
11,士林,2021-11-07,40,8,3.0,nan,19,30,40.0,25
27,三義,2021-11-07,50,5,2.0,nan,23,17,50.0,43
10,淡水,2021-11-07,38,8,3.0,nan,17,27,38.0,27
28,豐原,2021-11-07,44,18,3.0,nan,20,25,44.0,40
9,林口,2021-11-07,42,5,2.0,nan,16,20,42.0,22
29,沙鹿,2021-11-07,54,8,2.0,nan,29,22,54.0,39
30,大里,2021-11-07,58,2,5.0,nan,31,33,58.0,56
8,菜寮,2021-11-07,55,10,5.0,nan,18,55,40.0,28
31,忠明,2021-11-07,55,5,5.0,nan,24,55,48.0,45
75,馬祖,2021-11-07,44,5,2.0,nan,16,17,44.0,29
7,新莊,2021-11-07,41,8,3.0,nan,19,40,41.0,30
6,板橋,2021-11-07,40,8,5.0,nan,18,37,40.0,29
32,西屯,2021-11-07,47,5,3.0,nan,30,35,46.0,47
5,土城,2021-11-07,45,8,5.0,nan,18,45,42.0,28
33,彰化,2021-11-07,54,8,nan,nan,30,28,54.0,46
4,新店,2021-11-07,39,5,3.0,nan,15,23,39.0,23
34,線西,2021-11-07,40,25,3.0,nan,29,23,nan,40
35,二林,2021-11-07,54,12,3.0,nan,42,15,54.0,53
3,萬里,2021-11-07,45,0,2.0,nan,20,15,45.0,17
36,南投,2021-11-07,51,8,3.0,nan,28,37,51.0,49
2,汐止,2021-11-07,38,12,3.0,nan,18,38,38.0,25
77,金門,2021-11-07,74,2,2.0,nan,27,15,74.0,35
37,斗六,2021-11-07,64,12,3.0,nan,42,27,61.0,64
1,基隆,2021-11-07,50,2,5.0,nan,17,50,42.0,24
38,崙背,2021-11-07,64,10,3.0,nan,40,15,54.0,64
39,新港,2021-11-07,66,5,3.0,nan,43,15,48.0,66
40,朴子,2021-11-07,63,12,5.0,nan,40,20,61.0,63
78,馬公,2021-11-07,58,2,2.0,nan,23,5,58.0,27
80,關山,2021-11-07,37,2,2.0,nan,23,8,37.0,27
41,臺西,2021-11-07,41,20,3.0,nan,28,25,nan,41
83,麥寮,2021-11-07,42,22,5.0,nan,38,30,nan,42
42,嘉義,2021-11-07,75,55,5.0,nan,45,35,64.0,75
43,新營,2021-11-07,84,8,5.0,nan,48,28,84.0,75
44,善化,2021-11-07,74,10,5.0,nan,40,28,50.0,74
40,朴子,2021-11-08,83,8,3.0,nan,83,33,33.0,46
43,新營,2021-11-08,74,5,3.0,nan,74,33,37.0,57
44,善化,2021-11-08,58,8,3.0,nan,56,25,38.0,58
70,永和,2021-11-08,38,8,6.0,nan,25,38,nan,37
75,馬祖,2021-11-08,36,2,3.0,nan,15,12,36.0,23
72,埔里,2021-11-08,43,2,3.0,nan,18,22,43.0,36
45,安南,2021-11-08,70,10,5.0,nan,70,35,40.0,54
46,臺南,2021-11-08,66,10,5.0,nan,66,45,41.0,61
3,萬里,2021-11-08,53,2,2.0,nan,53,5,44.0,39
47,美濃,2021-11-08,63,5,3.0,nan,63,22,46.0,61
85,大城,2021-11-08,38,5,2.0,nan,36,15,38.0,31
78,馬公,2021-11-08,43,2,2.0,nan,22,5,43.0,27
2,汐止,2021-11-08,34,2,3.0,nan,21,33,32.0,34
84,富貴角,2021-11-08,49,0,2.0,nan,42,13,49.0,31
77,金門,2021-11-08,27,10,3.0,nan,27,18,24.0,22
83,麥寮,2021-11-08,81,12,3.0,nan,81,18,nan,36
50,鳳山,2021-11-08,81,10,8.0,nan,64,53,nan,81
69,竹山,2021-11-08,40,2,3.0,nan,24,32,39.0,40
48,橋頭,2021-11-08,64,5,3.0,nan,64,38,45.0,64
1,基隆,2021-11-08,40,2,3.0,nan,27,33,40.0,38
41,臺西,2021-11-08,41,5,2.0,nan,41,12,nan,34
49,仁武,2021-11-08,68,20,5.0,nan,58,43,41.0,68
51,大寮,2021-11-08,71,20,5.0,nan,65,43,44.0,71
80,關山,2021-11-08,43,2,2.0,nan,43,8,31.0,21
42,嘉義,2021-11-08,59,20,5.0,nan,59,32,34.0,57
68,中壢,2021-11-08,52,5,8.0,nan,23,52,nan,31
71,復興,2021-11-08,63,5,7.0,nan,63,43,nan,63
20,平鎮,2021-11-08,33,2,3.0,nan,19,32,27.0,33
21,龍潭,2021-11-08,31,8,3.0,nan,19,25,31.0,28
22,湖口,2021-11-08,34,2,2.0,nan,21,18,31.0,34
19,觀音,2021-11-08,34,18,2.0,nan,22,20,34.0,33
58,小港,2021-11-08,69,8,6.0,nan,62,48,46.0,69
23,竹東,2021-11-08,34,2,2.0,nan,18,23,34.0,33
18,大園,2021-11-08,35,5,2.0,nan,24,28,35.0,23
59,屏東,2021-11-08,62,5,3.0,nan,60,30,48.0,62
17,桃園,2021-11-08,34,8,5.0,nan,19,32,28.0,34
24,新竹,2021-11-08,33,5,3.0,nan,23,28,31.0,33
16,大同,2021-11-08,51,18,8.0,nan,36,47,nan,51
15,松山,2021-11-08,45,5,5.0,nan,25,45,30.0,38
14,古亭,2021-11-08,38,5,3.0,nan,20,38,30.0,36
25,頭份,2021-11-08,25,8,3.0,nan,22,25,nan,23
60,潮州,2021-11-08,58,5,3.0,nan,52,32,51.0,58
57,前鎮,2021-11-08,64,8,6.0,nan,64,50,nan,60
13,萬華,2021-11-08,42,18,5.0,nan,21,42,29.0,35
26,苗栗,2021-11-08,31,10,3.0,nan,19,22,31.0,26
61,恆春,2021-11-08,40,2,2.0,nan,15,3,40.0,28
27,三義,2021-11-08,31,2,2.0,nan,17,15,31.0,30
56,前金,2021-11-08,65,5,5.0,nan,61,40,47.0,65
12,中山,2021-11-08,48,15,6.0,nan,23,48,13.0,39
28,豐原,2021-11-08,28,5,2.0,nan,17,27,26.0,28
62,臺東,2021-11-08,35,2,2.0,nan,25,10,35.0,23
29,沙鹿,2021-11-08,30,5,2.0,nan,29,18,30.0,28
30,大里,2021-11-08,40,2,5.0,nan,26,40,26.0,37
11,士林,2021-11-08,39,2,3.0,nan,19,30,39.0,24
10,淡水,2021-11-08,38,2,2.0,nan,20,23,38.0,29
9,林口,2021-11-08,35,2,2.0,nan,17,18,35.0,24
31,忠明,2021-11-08,37,2,3.0,nan,24,37,24.0,37
32,西屯,2021-11-08,38,5,2.0,nan,34,38,26.0,33
54,左營,2021-11-08,65,5,5.0,nan,65,38,44.0,61
33,彰化,2021-11-08,38,2,nan,nan,28,38,27.0,34
63,花蓮,2021-11-08,36,2,2.0,nan,22,10,36.0,27
64,陽明,2021-11-08,42,2,2.0,nan,11,7,42.0,23
8,菜寮,2021-11-08,53,22,5.0,nan,19,53,33.0,32
34,線西,2021-11-08,39,20,3.0,nan,39,25,nan,36
53,楠梓,2021-11-08,67,10,3.0,nan,67,38,43.0,60
7,新莊,2021-11-08,53,53,3.0,nan,20,33,33.0,37
35,二林,2021-11-08,55,12,3.0,nan,55,20,29.0,31
6,板橋,2021-11-08,38,15,5.0,nan,23,33,31.0,38
65,宜蘭,2021-11-08,34,28,2.0,nan,16,13,34.0,25
36,南投,2021-11-08,43,5,5.0,nan,27,37,30.0,43
66,冬山,2021-11-08,32,2,2.0,nan,19,18,32.0,24
37,斗六,2021-11-08,50,8,3.0,nan,41,32,35.0,50
5,土城,2021-11-08,37,2,5.0,nan,22,37,29.0,33
67,三重,2021-11-08,57,22,14.0,nan,28,57,nan,41
38,崙背,2021-11-08,86,10,3.0,nan,86,22,27.0,51
52,林園,2021-11-08,86,25,6.0,nan,86,50,41.0,78
4,新店,2021-11-08,30,5,3.0,nan,20,25,30.0,30
39,新港,2021-11-08,85,8,3.0,nan,85,22,29.0,55
13,萬華,2021-11-09,52,5,3,nan,32,52,33.0,42
1,基隆,2021-11-09,44,2,2,nan,33,23,42.0,44
2,汐止,2021-11-09,45,10,3,nan,31,45,35.0,40
3,萬里,2021-11-09,57,2,2,nan,57,15,48.0,43
4,新店,2021-11-09,39,5,3,nan,34,32,34.0,39
5,土城,2021-11-09,39,2,3,nan,34,30,35.0,39
6,板橋,2021-11-09,43,5,3,nan,35,37,35.0,43
7,新莊,2021-11-09,47,2,3,nan,35,33,39.0,47
8,菜寮,2021-11-09,46,5,3,nan,31,27,38.0,46
9,林口,2021-11-09,42,0,2,nan,32,25,36.0,42
10,淡水,2021-11-09,41,2,3,nan,28,27,41.0,36
11,士林,2021-11-09,41,5,2,nan,32,22,41.0,37
12,中山,2021-11-09,48,2,6,nan,38,48,29.0,48
14,古亭,2021-11-09,41,5,2,nan,29,33,36.0,41
15,松山,2021-11-09,43,5,2,nan,37,43,35.0,39
16,大同,2021-11-09,57,2,7,nan,52,50,nan,57
17,桃園,2021-11-09,47,15,5,nan,34,35,32.0,47
18,大園,2021-11-09,43,22,2,nan,36,35,39.0,43
19,觀音,2021-11-09,49,22,2,nan,36,23,42.0,49
20,平鎮,2021-11-09,46,8,3,nan,31,40,33.0,46
21,龍潭,2021-11-09,42,10,2,nan,31,22,39.0,42
22,湖口,2021-11-09,51,8,2,nan,33,25,41.0,51
23,竹東,2021-11-09,42,5,2,nan,29,15,38.0,42
24,新竹,2021-11-09,47,2,3,nan,34,30,38.0,47
25,頭份,2021-11-09,42,8,3,nan,32,27,nan,42
26,苗栗,2021-11-09,41,8,2,nan,31,28,36.0,41
27,三義,2021-11-09,40,5,2,nan,26,13,35.0,40
28,豐原,2021-11-09,39,8,2,nan,27,17,34.0,39
29,沙鹿,2021-11-09,45,5,2,nan,36,25,40.0,45
30,大里,2021-11-09,49,5,3,nan,34,38,40.0,49
31,忠明,2021-11-09,50,5,3,nan,33,40,34.0,50
32,西屯,2021-11-09,47,5,2,nan,38,30,36.0,47
33,彰化,2021-11-09,47,5,2,nan,38,33,37.0,47
34,線西,2021-11-09,49,18,3,nan,42,27,nan,49
35,二林,2021-11-09,57,12,3,nan,57,32,42.0,46
36,南投,2021-11-09,60,5,5,nan,37,37,42.0,60
37,斗六,2021-11-09,59,8,3,nan,45,32,44.0,59
38,崙背,2021-11-09,64,15,3,nan,64,28,36.0,60
39,新港,2021-11-09,60,12,3,nan,57,28,45.0,60
40,朴子,2021-11-09,61,8,2,nan,61,30,49.0,57
41,臺西,2021-11-09,54,12,2,nan,54,28,nan,54
42,嘉義,2021-11-09,64,15,3,nan,48,38,42.0,64
43,新營,2021-11-09,58,10,3,nan,55,33,51.0,58
44,善化,2021-11-09,60,5,2,nan,45,32,51.0,60
45,安南,2021-11-09,61,8,3,nan,60,33,61.0,55
46,臺南,2021-11-09,64,8,3,nan,58,38,64.0,62
47,美濃,2021-11-09,67,5,3,nan,51,18,67.0,60
48,橋頭,2021-11-09,74,8,3,nan,61,47,54.0,74
49,仁武,2021-11-09,74,8,5,nan,59,52,50.0,74
50,鳳山,2021-11-09,84,15,10,nan,62,63,nan,84
51,大寮,2021-11-09,75,32,7,nan,63,62,47.0,75
52,林園,2021-11-09,84,25,6,nan,74,54,84.0,81
53,楠梓,2021-11-09,69,10,5,nan,62,48,54.0,69
54,左營,2021-11-09,73,8,5,nan,62,40,64.0,73
56,前金,2021-11-09,77,8,5,nan,61,47,77.0,73
57,前鎮,2021-11-09,69,10,6,nan,66,48,nan,69
58,小港,2021-11-09,76,15,6,nan,66,58,44.0,76
59,屏東,2021-11-09,80,12,6,nan,61,40,80.0,72
60,潮州,2021-11-09,101,15,5,nan,66,38,101.0,76
61,恆春,2021-11-09,40,2,2,nan,15,2,40.0,27
62,臺東,2021-11-09,32,2,3,nan,23,17,32.0,27
63,花蓮,2021-11-09,34,2,3,nan,30,23,33.0,34
64,陽明,2021-11-09,46,2,2,nan,24,3,46.0,36
65,宜蘭,2021-11-09,56,56,2,nan,30,12,35.0,45
66,冬山,2021-11-09,36,0,2,nan,30,23,34.0,36
67,三重,2021-11-09,60,5,15,nan,40,60,nan,52
68,中壢,2021-11-09,57,8,9,nan,36,57,nan,43
69,竹山,2021-11-09,64,5,3,nan,41,37,44.0,64
70,永和,2021-11-09,45,2,6,nan,36,35,nan,45
71,復興,2021-11-09,68,8,8,nan,61,47,nan,68
72,埔里,2021-11-09,53,2,3,nan,31,22,44.0,53
75,馬祖,2021-11-09,43,2,2,nan,19,8,43.0,33
77,金門,2021-11-09,45,10,3,nan,42,23,37.0,45
78,馬公,2021-11-09,50,2,2,nan,31,3,50.0,39
80,關山,2021-11-09,35,5,2,nan,31,13,32.0,35
83,麥寮,2021-11-09,86,12,3,nan,86,33,nan,57
84,富貴角,2021-11-09,64,0,1,nan,42,3,64.0,38
85,大城,2021-11-09,53,12,2,nan,46,27,50.0,53
2,汐止,2021-11-10,60,12,3,nan,25,60,37.0,38
51,大寮,2021-11-10,77,10,5,nan,59,51,67.0,77
52,林園,2021-11-10,100,35,5,nan,74,53,100.0,85
53,楠梓,2021-11-10,61,5,3,nan,55,51,46.0,61
54,左營,2021-11-10,70,12,5,nan,58,45,49.0,70
18,大園,2021-11-10,54,10,3,nan,28,54,42.0,35
16,大同,2021-11-10,63,5,15,nan,33,63,nan,49
56,前金,2021-11-10,72,10,5,nan,59,52,50.0,72
57,前鎮,2021-11-10,68,8,6,nan,60,55,nan,68
1,基隆,2021-11-10,43,5,5,nan,22,40,43.0,42
58,小港,2021-11-10,74,12,6,nan,58,60,49.0,74
59,屏東,2021-11-10,84,5,5,nan,58,43,84.0,76
60,潮州,2021-11-10,143,10,5,nan,64,42,143.0,85
61,恆春,2021-11-10,44,2,2,nan,17,3,44.0,26
62,臺東,2021-11-10,34,2,2,nan,24,12,34.0,29
63,花蓮,2021-11-10,31,2,3,nan,26,30,31.0,31
64,陽明,2021-11-10,54,2,2,nan,15,7,54.0,29
65,宜蘭,2021-11-10,55,55,2,nan,19,23,44.0,33
66,冬山,2021-11-10,43,2,2,nan,23,25,43.0,28
67,三重,2021-11-10,66,8,15,nan,31,66,nan,45
68,中壢,2021-11-10,65,10,12,nan,33,65,nan,42
13,萬華,2021-11-10,62,5,6,nan,23,62,34.0,37
69,竹山,2021-11-10,52,5,3,nan,30,47,32.0,52
70,永和,2021-11-10,50,2,9,nan,26,50,nan,37
15,松山,2021-11-10,60,8,5,nan,28,60,40.0,39
71,復興,2021-11-10,70,5,8,nan,60,57,nan,70
72,埔里,2021-11-10,58,2,3,nan,29,30,32.0,58
75,馬祖,2021-11-10,67,5,2,nan,22,15,67.0,45
77,金門,2021-11-10,50,15,3,nan,41,22,50.0,46
78,馬公,2021-11-10,67,2,2,nan,18,5,67.0,24
80,關山,2021-11-10,32,5,2,nan,30,12,31.0,32
5,土城,2021-11-10,50,8,5,nan,23,50,36.0,30
83,麥寮,2021-11-10,44,12,2,nan,43,33,nan,44
84,富貴角,2021-11-10,84,0,1,nan,31,5,84.0,25
85,大城,2021-11-10,61,8,2,nan,31,23,61.0,34
14,古亭,2021-11-10,53,5,3,nan,22,53,39.0,35
9,林口,2021-11-10,45,2,3,nan,24,45,40.0,35
22,湖口,2021-11-10,47,5,3,nan,28,43,44.0,47
20,平鎮,2021-11-10,59,8,6,nan,27,59,37.0,42
23,竹東,2021-11-10,37,5,3,nan,17,33,37.0,28
21,龍潭,2021-11-10,51,10,5,nan,26,51,34.0,37
24,新竹,2021-11-10,53,5,3,nan,27,53,42.0,42
25,頭份,2021-11-10,55,8,3,nan,27,55,nan,41
26,苗栗,2021-11-10,54,10,5,nan,24,54,40.0,36
27,三義,2021-11-10,41,5,2,nan,16,25,41.0,30
4,新店,2021-11-10,47,8,5,nan,21,47,36.0,31
28,豐原,2021-11-10,36,5,2,nan,17,28,36.0,27
29,沙鹿,2021-11-10,51,5,3,nan,27,51,42.0,36
30,大里,2021-11-10,56,5,6,nan,27,56,32.0,38
6,板橋,2021-11-10,55,5,6,nan,25,55,33.0,39
31,忠明,2021-11-10,52,5,5,nan,24,52,27.0,38
32,西屯,2021-11-10,42,8,3,nan,27,42,39.0,39
33,彰化,2021-11-10,51,5,5,nan,31,51,33.0,38
34,線西,2021-11-10,42,18,2,nan,30,42,nan,34
35,二林,2021-11-10,54,10,3,nan,54,38,41.0,41
36,南投,2021-11-10,54,8,5,nan,32,54,27.0,48
37,斗六,2021-11-10,59,8,5,nan,43,50,38.0,59
38,崙背,2021-11-10,53,12,5,nan,42,38,41.0,53
17,桃園,2021-11-10,51,38,6,nan,27,51,37.0,46
39,新港,2021-11-10,51,10,3,nan,40,32,41.0,51
40,朴子,2021-11-10,47,10,5,nan,45,42,43.0,47
41,臺西,2021-11-10,40,8,2,nan,32,22,nan,40
42,嘉義,2021-11-10,57,12,5,nan,39,55,37.0,57
11,士林,2021-11-10,52,8,5,nan,23,52,45.0,31
43,新營,2021-11-10,52,10,3,nan,44,45,44.0,52
44,善化,2021-11-10,54,8,3,nan,36,40,44.0,54
45,安南,2021-11-10,51,8,3,nan,50,43,44.0,51
46,臺南,2021-11-10,56,8,3,nan,49,43,44.0,56
7,新莊,2021-11-10,55,2,6,nan,26,55,41.0,42
3,萬里,2021-11-10,51,2,2,nan,27,20,51.0,29
47,美濃,2021-11-10,67,5,3,nan,45,20,54.0,67
19,觀音,2021-11-10,51,10,2,nan,28,51,48.0,40
48,橋頭,2021-11-10,69,8,2,nan,58,54,46.0,69
12,中山,2021-11-10,62,5,8,nan,27,62,30.0,41
49,仁武,2021-11-10,71,8,5,nan,48,53,45.0,71
50,鳳山,2021-11-10,79,10,8,nan,54,61,nan,79
10,淡水,2021-11-10,42,5,5,nan,21,40,42.0,33
8,菜寮,2021-11-10,53,5,6,nan,23,53,39.0,42
25,頭份,2021-11-11,40,10,3,nan,20,40,nan,29
27,三義,2021-11-11,50,8,2,nan,20,30,50.0,32
28,豐原,2021-11-11,54,5,2,nan,22,27,54.0,32
63,花蓮,2021-11-11,46,2,3,nan,23,37,46.0,25
29,沙鹿,2021-11-11,61,5,3,nan,28,47,61.0,36
30,大里,2021-11-11,62,8,7,nan,39,62,61.0,58
31,忠明,2021-11-11,63,8,6,nan,29,63,49.0,44
32,西屯,2021-11-11,57,12,3,nan,31,57,51.0,42
33,彰化,2021-11-11,60,8,5,nan,32,60,50.0,41
34,線西,2021-11-11,41,30,2,nan,32,37,nan,41
35,二林,2021-11-11,61,10,3,nan,45,37,61.0,38
36,南投,2021-11-11,67,8,5,nan,32,50,67.0,53
37,斗六,2021-11-11,84,10,5,nan,52,47,84.0,74
38,崙背,2021-11-11,64,12,3,nan,41,30,64.0,54
39,新港,2021-11-11,61,5,3,nan,43,27,61.0,56
40,朴子,2021-11-11,71,10,2,nan,40,37,71.0,43
41,臺西,2021-11-11,39,15,3,nan,34,38,nan,39
42,嘉義,2021-11-11,69,12,5,nan,46,47,61.0,69
43,新營,2021-11-11,77,8,3,nan,42,47,77.0,55
44,善化,2021-11-11,74,10,3,nan,37,45,74.0,57
45,安南,2021-11-11,77,5,3,nan,46,42,77.0,49
46,臺南,2021-11-11,74,8,5,nan,43,54,74.0,57
47,美濃,2021-11-11,104,5,3,nan,40,23,104.0,66
48,橋頭,2021-11-11,90,8,3,nan,58,52,90.0,84
49,仁武,2021-11-11,87,10,6,nan,53,55,87.0,81
50,鳳山,2021-11-11,85,25,9,nan,54,61,nan,85
51,大寮,2021-11-11,87,10,6,nan,54,57,87.0,79
52,林園,2021-11-11,143,18,5,nan,57,48,143.0,80
53,楠梓,2021-11-11,90,8,5,nan,56,51,90.0,76
54,左營,2021-11-11,93,10,5,nan,53,51,93.0,75
56,前金,2021-11-11,100,12,6,nan,51,52,100.0,74
57,前鎮,2021-11-11,71,22,7,nan,53,54,nan,71
58,小港,2021-11-11,73,18,7,nan,51,60,71.0,73
59,屏東,2021-11-11,132,22,6,nan,53,50,132.0,74
60,潮州,2021-11-11,146,10,5,nan,50,35,146.0,78
61,恆春,2021-11-11,58,2,1,nan,16,2,58.0,30
62,臺東,2021-11-11,46,2,2,nan,23,13,46.0,25
85,大城,2021-11-11,101,15,3,nan,36,38,101.0,44
84,富貴角,2021-11-11,101,0,1,nan,32,5,101.0,25
83,麥寮,2021-11-11,53,18,5,nan,45,40,nan,53
80,關山,2021-11-11,37,2,2,nan,28,10,37.0,32
78,馬公,2021-11-11,87,2,1,nan,19,5,87.0,27
77,金門,2021-11-11,100,15,3,nan,46,37,100.0,59
75,馬祖,2021-11-11,71,10,5,nan,24,59,71.0,43
72,埔里,2021-11-11,64,5,5,nan,21,42,64.0,42
71,復興,2021-11-11,70,12,9,nan,51,53,nan,70
70,永和,2021-11-11,48,8,6,nan,22,48,nan,35
69,竹山,2021-11-11,100,5,3,nan,32,42,100.0,59
1,基隆,2021-11-11,67,2,5,nan,19,47,67.0,34
2,汐止,2021-11-11,57,12,5,nan,23,57,46.0,35
3,萬里,2021-11-11,97,2,2,nan,22,18,97.0,28
4,新店,2021-11-11,50,5,3,nan,19,50,45.0,28
5,土城,2021-11-11,47,5,5,nan,19,45,47.0,25
68,中壢,2021-11-11,60,8,9,nan,25,60,nan,35
6,板橋,2021-11-11,51,8,5,nan,23,51,47.0,32
7,新莊,2021-11-11,55,8,5,nan,25,55,51.0,38
8,菜寮,2021-11-11,53,5,6,nan,19,53,50.0,40
9,林口,2021-11-11,50,5,3,nan,22,50,48.0,33
10,淡水,2021-11-11,50,5,5,nan,20,50,47.0,32
11,士林,2021-11-11,67,5,6,nan,24,57,67.0,35
67,三重,2021-11-11,71,5,15,nan,27,71,nan,47
12,中山,2021-11-11,59,10,6,nan,24,59,40.0,37
13,萬華,2021-11-11,56,10,5,nan,21,56,44.0,35
14,古亭,2021-11-11,50,5,3,nan,19,48,50.0,35
15,松山,2021-11-11,63,8,5,nan,27,63,46.0,35
66,冬山,2021-11-11,47,2,2,nan,21,25,47.0,30
16,大同,2021-11-11,66,10,10,nan,33,66,nan,49
17,桃園,2021-11-11,46,25,5,nan,21,40,46.0,41
18,大園,2021-11-11,63,12,3,nan,26,63,48.0,36
19,觀音,2021-11-11,60,20,3,nan,27,60,54.0,39
65,宜蘭,2021-11-11,61,50,2,nan,18,17,61.0,32
20,平鎮,2021-11-11,50,8,5,nan,22,50,45.0,42
21,龍潭,2021-11-11,52,8,3,nan,22,52,45.0,33
22,湖口,2021-11-11,54,8,2,nan,28,38,54.0,44
23,竹東,2021-11-11,46,2,2,nan,16,28,46.0,24
24,新竹,2021-11-11,51,2,3,nan,20,43,51.0,35
64,陽明,2021-11-11,90,5,1,nan,15,3,90.0,29
26,苗栗,2021-11-11,48,8,5,nan,21,47,48.0,29
80,關山,2021-11-12,40,2,2,nan,28.0,17,40.0,36.0
2,汐止,2021-11-12,62,12,3,nan,27.0,62,31.0,46.0
35,二林,2021-11-12,49,18,5,nan,43.0,40,40.0,49.0
78,馬公,2021-11-12,80,2,2,nan,27.0,10,80.0,36.0
11,士林,2021-11-12,67,8,2,nan,25.0,27,67.0,37.0
28,豐原,2021-11-12,43,5,3,nan,20.0,40,34.0,43.0
34,線西,2021-11-12,45,30,3,nan,29.0,35,nan,45.0
24,新竹,2021-11-12,57,10,3,nan,19.0,57,41.0,41.0
77,金門,2021-11-12,108,12,2,nan,48.0,22,108.0,61.0
33,彰化,2021-11-12,53,5,5,nan,32.0,53,31.0,52.0
59,屏東,2021-11-12,97,25,7,nan,55.0,52,97.0,80.0
75,馬祖,2021-11-12,108,8,2,nan,40.0,15,108.0,59.0
19,觀音,2021-11-12,50,18,2,nan,29.0,33,47.0,50.0
72,埔里,2021-11-12,60,2,5,nan,26.0,40,42.0,60.0
1,基隆,2021-11-12,44,2,3,nan,25.0,43,39.0,44.0
71,復興,2021-11-12,72,12,8,nan,51.0,57,nan,72.0
32,西屯,2021-11-12,52,5,5,nan,30.0,52,34.0,48.0
70,永和,2021-11-12,43,2,5,nan,23.0,38,nan,43.0
46,臺南,2021-11-12,72,10,5,nan,50.0,52,67.0,72.0
58,小港,2021-11-12,77,10,6,nan,53.0,60,64.0,77.0
22,湖口,2021-11-12,48,5,2,nan,23.0,22,48.0,43.0
69,竹山,2021-11-12,62,8,3,nan,35.0,45,46.0,62.0
20,平鎮,2021-11-12,48,8,3,nan,21.0,30,48.0,44.0
21,龍潭,2021-11-12,46,5,2,nan,18.0,28,46.0,35.0
15,松山,2021-11-12,57,5,3,nan,29.0,57,34.0,44.0
68,中壢,2021-11-12,60,5,10,nan,29.0,60,nan,41.0
67,三重,2021-11-12,64,5,12,nan,31.0,64,nan,53.0
31,忠明,2021-11-12,59,5,6,nan,29.0,59,31.0,52.0
12,中山,2021-11-12,59,2,6,nan,28.0,59,37.0,47.0
23,竹東,2021-11-12,34,2,3,nan,14.0,23,34.0,31.0
66,冬山,2021-11-12,37,2,2,nan,20.0,32,37.0,36.0
30,大里,2021-11-12,56,5,7,nan,36.0,55,30.0,56.0
65,宜蘭,2021-11-12,44,35,2,nan,20.0,20,37.0,44.0
49,仁武,2021-11-12,78,15,5,nan,51.0,56,61.0,78.0
27,三義,2021-11-12,38,2,3,nan,17.0,32,35.0,38.0
64,陽明,2021-11-12,71,8,2,nan,21.0,7,71.0,37.0
52,林園,2021-11-12,112,20,5,nan,61.0,51,112.0,87.0
29,沙鹿,2021-11-12,44,5,3,nan,24.0,42,39.0,44.0
56,前金,2021-11-12,80,10,5,nan,51.0,50,80.0,74.0
50,鳳山,2021-11-12,92,10,9,nan,50.0,62,nan,92.0
43,新營,2021-11-12,69,10,5,nan,47.0,50,51.0,69.0
13,萬華,2021-11-12,57,2,5,nan,26.0,57,40.0,42.0
63,花蓮,2021-11-12,50,2,5,nan,20.0,50,31.0,33.0
18,大園,2021-11-12,52,10,3,nan,28.0,52,47.0,40.0
26,苗栗,2021-11-12,40,8,5,nan,18.0,40,33.0,36.0
53,楠梓,2021-11-12,52,12,5,nan,nan,52,20.0,nan
7,新莊,2021-11-12,48,2,5,nan,26.0,48,44.0,45.0
47,美濃,2021-11-12,129,12,3,nan,45.0,23,129.0,70.0
57,前鎮,2021-11-12,74,15,8,nan,57.0,56,nan,74.0
16,大同,2021-11-12,66,2,16,nan,38.0,66,nan,54.0
62,臺東,2021-11-12,38,5,3,nan,23.0,27,38.0,31.0
42,嘉義,2021-11-12,74,22,6,nan,50.0,52,44.0,74.0
25,頭份,2021-11-12,40,2,3,nan,19.0,37,nan,40.0
48,橋頭,2021-11-12,80,12,3,nan,55.0,52,71.0,80.0
61,恆春,2021-11-12,54,2,1,nan,16.0,2,54.0,28.0
6,板橋,2021-11-12,52,2,5,nan,24.0,52,44.0,42.0
54,左營,2021-11-12,74,10,5,nan,53.0,50,74.0,72.0
14,古亭,2021-11-12,48,2,2,nan,21.0,28,48.0,41.0
5,土城,2021-11-12,48,2,3,nan,21.0,27,48.0,38.0
51,大寮,2021-11-12,82,18,6,nan,57.0,61,48.0,82.0
8,菜寮,2021-11-12,50,2,5,nan,26.0,50,44.0,46.0
41,臺西,2021-11-12,43,12,2,nan,30.0,25,nan,43.0
40,朴子,2021-11-12,55,15,3,nan,41.0,42,46.0,55.0
4,新店,2021-11-12,44,2,3,nan,21.0,27,44.0,36.0
44,善化,2021-11-12,69,5,3,nan,42.0,43,58.0,69.0
17,桃園,2021-11-12,49,15,3,nan,23.0,33,49.0,43.0
39,新港,2021-11-12,66,15,3,nan,46.0,40,42.0,66.0
38,崙背,2021-11-12,65,15,6,nan,45.0,42,41.0,65.0
9,林口,2021-11-12,48,2,3,nan,25.0,43,48.0,42.0
37,斗六,2021-11-12,74,15,5,nan,49.0,48,43.0,74.0
85,大城,2021-11-12,51,15,2,nan,33.0,32,51.0,44.0
3,萬里,2021-11-12,58,5,2,nan,32.0,22,58.0,39.0
84,富貴角,2021-11-12,101,0,1,nan,33.0,3,101.0,34.0
10,淡水,2021-11-12,47,8,3,nan,25.0,28,47.0,36.0
83,麥寮,2021-11-12,49,20,3,nan,35.0,30,nan,49.0
36,南投,2021-11-12,63,5,6,nan,35.0,57,34.0,63.0
60,潮州,2021-11-12,112,10,3,nan,42.0,28,112.0,72.0
45,安南,2021-11-12,60,10,5,nan,51.0,43,47.0,60.0
63,花蓮,2021-11-13,47,5.0,5.0,nan,13.0,47.0,29.0,19.0
62,臺東,2021-11-13,35,2.0,2.0,nan,15.0,13.0,35.0,16.0
71,復興,2021-11-13,54,10.0,6.0,nan,32.0,48.0,nan,54.0
72,埔里,2021-11-13,67,2.0,5.0,nan,29.0,27.0,40.0,67.0
61,恆春,2021-11-13,48,2.0,1.0,nan,6.0,2.0,48.0,15.0
29,沙鹿,2021-11-13,48,12.0,5.0,nan,24.0,48.0,44.0,46.0
60,潮州,2021-11-13,77,5.0,3.0,nan,34.0,20.0,77.0,64.0
75,馬祖,2021-11-13,49,5.0,2.0,nan,28.0,17.0,47.0,49.0
59,屏東,2021-11-13,60,5.0,3.0,nan,31.0,23.0,51.0,60.0
30,大里,2021-11-13,58,10.0,6.0,nan,28.0,51.0,38.0,58.0
31,忠明,2021-11-13,54,8.0,5.0,nan,24.0,54.0,41.0,54.0
32,西屯,2021-11-13,47,10.0,3.0,nan,25.0,43.0,44.0,47.0
33,彰化,2021-11-13,45,15.0,3.0,nan,21.0,42.0,45.0,42.0
77,金門,2021-11-13,74,10.0,3.0,nan,41.0,20.0,74.0,60.0
58,小港,2021-11-13,59,8.0,3.0,nan,32.0,43.0,51.0,59.0
57,前鎮,2021-11-13,54,12.0,5.0,nan,33.0,52.0,nan,54.0
34,線西,2021-11-13,41,20.0,3.0,nan,20.0,33.0,nan,41.0
35,二林,2021-11-13,48,15.0,3.0,nan,33.0,27.0,46.0,48.0
56,前金,2021-11-13,54,8.0,3.0,nan,30.0,45.0,51.0,54.0
54,左營,2021-11-13,54,10.0,3.0,nan,32.0,37.0,50.0,54.0
36,南投,2021-11-13,59,10.0,5.0,nan,28.0,43.0,40.0,59.0
37,斗六,2021-11-13,64,12.0,5.0,nan,33.0,42.0,45.0,64.0
53,楠梓,2021-11-13,-1,nan,nan,nan,nan,nan,nan,nan
52,林園,2021-11-13,70,10.0,3.0,nan,47.0,42.0,58.0,70.0
38,崙背,2021-11-13,53,12.0,3.0,nan,29.0,25.0,46.0,53.0
51,大寮,2021-11-13,61,8.0,3.0,nan,34.0,42.0,49.0,61.0
78,馬公,2021-11-13,49,2.0,2.0,nan,18.0,18.0,49.0,30.0
85,大城,2021-11-13,49,8.0,2.0,nan,26.0,18.0,49.0,37.0
39,新港,2021-11-13,60,10.0,5.0,nan,30.0,28.0,44.0,60.0
50,鳳山,2021-11-13,69,10.0,6.0,nan,34.0,52.0,nan,69.0
40,朴子,2021-11-13,44,5.0,3.0,nan,24.0,25.0,44.0,42.0
49,仁武,2021-11-13,59,15.0,3.0,nan,28.0,50.0,49.0,59.0
41,臺西,2021-11-13,39,8.0,2.0,nan,23.0,18.0,nan,39.0
84,富貴角,2021-11-13,61,0.0,1.0,nan,20.0,3.0,61.0,15.0
48,橋頭,2021-11-13,56,8.0,1.0,nan,35.0,42.0,50.0,56.0
42,嘉義,2021-11-13,59,15.0,5.0,nan,28.0,45.0,44.0,59.0
43,新營,2021-11-13,52,10.0,3.0,nan,26.0,37.0,47.0,52.0
47,美濃,2021-11-13,58,5.0,3.0,nan,27.0,13.0,49.0,58.0
83,麥寮,2021-11-13,40,10.0,3.0,nan,25.0,25.0,nan,40.0
44,善化,2021-11-13,46,5.0,2.0,nan,20.0,40.0,46.0,44.0
46,臺南,2021-11-13,50,8.0,3.0,nan,26.0,30.0,47.0,50.0
45,安南,2021-11-13,47,5.0,3.0,nan,24.0,27.0,47.0,44.0
80,關山,2021-11-13,32,2.0,2.0,nan,17.0,12.0,32.0,22.0
1,基隆,2021-11-13,42,2.0,2.0,nan,12.0,23.0,42.0,27.0
2,汐止,2021-11-13,37,5.0,2.0,nan,11.0,37.0,35.0,23.0
3,萬里,2021-11-13,54,2.0,1.0,nan,17.0,15.0,54.0,19.0
4,新店,2021-11-13,37,2.0,3.0,nan,10.0,32.0,37.0,14.0
5,土城,2021-11-13,37,5.0,3.0,nan,8.0,33.0,37.0,23.0
6,板橋,2021-11-13,45,5.0,5.0,nan,13.0,45.0,41.0,25.0
7,新莊,2021-11-13,43,5.0,2.0,nan,11.0,32.0,43.0,26.0
8,菜寮,2021-11-13,42,5.0,5.0,nan,10.0,38.0,42.0,25.0
9,林口,2021-11-13,44,2.0,2.0,nan,11.0,23.0,44.0,20.0
10,淡水,2021-11-13,37,2.0,2.0,nan,10.0,15.0,37.0,15.0
11,士林,2021-11-13,48,2.0,3.0,nan,10.0,40.0,48.0,18.0
12,中山,2021-11-13,43,5.0,5.0,nan,13.0,43.0,36.0,22.0
13,萬華,2021-11-13,43,5.0,5.0,nan,11.0,43.0,42.0,26.0
14,古亭,2021-11-13,42,8.0,2.0,nan,9.0,30.0,42.0,21.0
15,松山,2021-11-13,40,5.0,2.0,nan,15.0,38.0,40.0,26.0
69,竹山,2021-11-13,66,10.0,3.0,nan,31.0,37.0,44.0,66.0
16,大同,2021-11-13,57,8.0,16.0,nan,25.0,57.0,nan,38.0
17,桃園,2021-11-13,42,12.0,3.0,nan,10.0,22.0,42.0,26.0
18,大園,2021-11-13,40,8.0,2.0,nan,12.0,32.0,40.0,19.0
19,觀音,2021-11-13,39,10.0,1.0,nan,14.0,25.0,39.0,25.0
20,平鎮,2021-11-13,40,2.0,3.0,nan,10.0,32.0,40.0,24.0
68,中壢,2021-11-13,51,5.0,8.0,nan,18.0,51.0,nan,28.0
21,龍潭,2021-11-13,37,5.0,3.0,nan,11.0,28.0,37.0,24.0
70,永和,2021-11-13,35,8.0,5.0,nan,13.0,35.0,nan,25.0
67,三重,2021-11-13,58,2.0,17.0,nan,15.0,58.0,nan,34.0
66,冬山,2021-11-13,36,0.0,2.0,nan,8.0,23.0,36.0,13.0
22,湖口,2021-11-13,38,5.0,2.0,nan,13.0,17.0,38.0,29.0
23,竹東,2021-11-13,31,0.0,2.0,nan,9.0,22.0,31.0,23.0
65,宜蘭,2021-11-13,44,28.0,2.0,nan,10.0,20.0,44.0,28.0
24,新竹,2021-11-13,37,5.0,3.0,nan,12.0,30.0,37.0,28.0
64,陽明,2021-11-13,51,2.0,1.0,nan,2.0,2.0,51.0,7.0
25,頭份,2021-11-13,25,5.0,3.0,nan,12.0,25.0,nan,23.0
26,苗栗,2021-11-13,33,5.0,3.0,nan,15.0,27.0,33.0,25.0
27,三義,2021-11-13,41,5.0,3.0,nan,18.0,33.0,33.0,41.0
28,豐原,2021-11-13,56,5.0,5.0,nan,25.0,43.0,32.0,56.0
51,大寮,2021-11-14,71,22.0,5.0,nan,37.0,32.0,71.0,63.0
18,大園,2021-11-14,43,8.0,2.0,nan,17.0,38.0,43.0,22.0
77,金門,2021-11-14,71,22.0,3.0,nan,48.0,42.0,71.0,62.0
19,觀音,2021-11-14,44,20.0,1.0,nan,20.0,25.0,44.0,31.0
78,馬公,2021-11-14,61,2.0,2.0,nan,22.0,5.0,61.0,31.0
75,馬祖,2021-11-14,80,8.0,2.0,nan,30.0,18.0,80.0,53.0
80,關山,2021-11-14,38,2.0,2.0,nan,15.0,7.0,38.0,19.0
20,平鎮,2021-11-14,38,5.0,3.0,nan,15.0,25.0,38.0,32.0
83,麥寮,2021-11-14,45,15.0,3.0,nan,44.0,42.0,nan,45.0
84,富貴角,2021-11-14,74,0.0,1.0,nan,26.0,3.0,74.0,18.0
72,埔里,2021-11-14,45,2.0,3.0,nan,18.0,25.0,38.0,45.0
21,龍潭,2021-11-14,44,5.0,2.0,nan,14.0,13.0,44.0,20.0
22,湖口,2021-11-14,43,2.0,2.0,nan,18.0,17.0,43.0,30.0
85,大城,2021-11-14,64,10.0,2.0,nan,26.0,32.0,64.0,34.0
23,竹東,2021-11-14,43,2.0,2.0,nan,12.0,15.0,43.0,19.0
24,新竹,2021-11-14,42,5.0,3.0,nan,16.0,22.0,42.0,29.0
71,復興,2021-11-14,57,8.0,6.0,nan,36.0,37.0,nan,57.0
25,頭份,2021-11-14,30,5.0,2.0,nan,15.0,30.0,nan,24.0
26,苗栗,2021-11-14,44,8.0,2.0,nan,15.0,25.0,44.0,23.0
27,三義,2021-11-14,43,2.0,1.0,nan,11.0,7.0,43.0,21.0
28,豐原,2021-11-14,38,5.0,2.0,nan,11.0,10.0,38.0,22.0
70,永和,2021-11-14,40,2.0,6.0,nan,17.0,40.0,nan,28.0
29,沙鹿,2021-11-14,47,5.0,2.0,nan,17.0,20.0,47.0,20.0
30,大里,2021-11-14,45,5.0,3.0,nan,14.0,45.0,40.0,22.0
69,竹山,2021-11-14,44,2.0,3.0,nan,17.0,32.0,40.0,44.0
31,忠明,2021-11-14,42,5.0,3.0,nan,14.0,32.0,42.0,31.0
32,西屯,2021-11-14,43,8.0,2.0,nan,16.0,20.0,43.0,27.0
61,恆春,2021-11-14,45,2.0,1.0,nan,9.0,2.0,45.0,14.0
33,彰化,2021-11-14,45,2.0,3.0,nan,17.0,25.0,45.0,27.0
34,線西,2021-11-14,36,15.0,3.0,nan,22.0,20.0,nan,36.0
35,二林,2021-11-14,50,10.0,2.0,nan,37.0,20.0,50.0,34.0
68,中壢,2021-11-14,53,2.0,9.0,nan,19.0,53.0,nan,27.0
60,潮州,2021-11-14,118,12.0,3.0,nan,36.0,18.0,118.0,64.0
36,南投,2021-11-14,44,5.0,3.0,nan,16.0,35.0,44.0,34.0
37,斗六,2021-11-14,52,5.0,3.0,nan,27.0,23.0,48.0,52.0
67,三重,2021-11-14,58,2.0,14.0,nan,22.0,58.0,nan,38.0
38,崙背,2021-11-14,51,10.0,2.0,nan,25.0,18.0,51.0,39.0
66,冬山,2021-11-14,38,2.0,2.0,nan,10.0,8.0,38.0,14.0
52,林園,2021-11-14,80,20.0,5.0,nan,43.0,40.0,80.0,68.0
39,新港,2021-11-14,50,8.0,2.0,nan,29.0,18.0,50.0,44.0
58,小港,2021-11-14,57,8.0,3.0,nan,33.0,40.0,51.0,57.0
65,宜蘭,2021-11-14,51,51.0,2.0,nan,11.0,10.0,35.0,19.0
40,朴子,2021-11-14,58,8.0,2.0,nan,29.0,23.0,58.0,33.0
1,基隆,2021-11-14,42,2.0,2.0,nan,17.0,18.0,42.0,30.0
2,汐止,2021-11-14,48,10.0,3.0,nan,17.0,48.0,30.0,26.0
3,萬里,2021-11-14,58,0.0,1.0,nan,36.0,12.0,58.0,25.0
4,新店,2021-11-14,39,0.0,2.0,nan,14.0,18.0,39.0,20.0
41,臺西,2021-11-14,31,10.0,2.0,nan,24.0,28.0,nan,31.0
5,土城,2021-11-14,36,2.0,2.0,nan,16.0,15.0,36.0,18.0
6,板橋,2021-11-14,37,2.0,5.0,nan,16.0,37.0,31.0,30.0
53,楠梓,2021-11-14,-1,nan,nan,nan,nan,nan,nan,nan
7,新莊,2021-11-14,35,2.0,3.0,nan,16.0,32.0,35.0,31.0
64,陽明,2021-11-14,48,2.0,1.0,nan,10.0,2.0,48.0,20.0
8,菜寮,2021-11-14,36,2.0,5.0,nan,17.0,35.0,36.0,29.0
42,嘉義,2021-11-14,49,30.0,5.0,nan,28.0,32.0,49.0,48.0
9,林口,2021-11-14,40,2.0,2.0,nan,15.0,23.0,40.0,26.0
56,前金,2021-11-14,80,5.0,3.0,nan,33.0,35.0,80.0,56.0
10,淡水,2021-11-14,44,2.0,2.0,nan,14.0,23.0,44.0,19.0
43,新營,2021-11-14,61,5.0,2.0,nan,28.0,27.0,61.0,44.0
63,花蓮,2021-11-14,43,2.0,3.0,nan,17.0,32.0,43.0,19.0
59,屏東,2021-11-14,80,8.0,3.0,nan,36.0,32.0,80.0,65.0
11,士林,2021-11-14,46,2.0,3.0,nan,17.0,37.0,46.0,25.0
44,善化,2021-11-14,54,5.0,2.0,nan,26.0,25.0,54.0,45.0
12,中山,2021-11-14,47,2.0,5.0,nan,19.0,47.0,31.0,27.0
62,臺東,2021-11-14,41,2.0,2.0,nan,20.0,10.0,41.0,13.0
13,萬華,2021-11-14,42,2.0,3.0,nan,17.0,42.0,31.0,27.0
45,安南,2021-11-14,71,5.0,2.0,nan,30.0,25.0,71.0,42.0
14,古亭,2021-11-14,37,2.0,2.0,nan,14.0,27.0,37.0,26.0
57,前鎮,2021-11-14,56,8.0,5.0,nan,38.0,40.0,nan,56.0
15,松山,2021-11-14,37,2.0,3.0,nan,20.0,37.0,34.0,28.0
46,臺南,2021-11-14,67,5.0,3.0,nan,34.0,28.0,67.0,49.0
16,大同,2021-11-14,61,2.0,14.0,nan,31.0,61.0,nan,41.0
17,桃園,2021-11-14,34,28.0,5.0,nan,16.0,27.0,34.0,32.0
47,美濃,2021-11-14,53,5.0,2.0,nan,28.0,13.0,51.0,53.0
48,橋頭,2021-11-14,67,5.0,2.0,nan,36.0,32.0,67.0,56.0
49,仁武,2021-11-14,67,8.0,3.0,nan,33.0,37.0,67.0,59.0
50,鳳山,2021-11-14,67,12.0,7.0,nan,37.0,52.0,nan,67.0
54,左營,2021-11-14,74,5.0,3.0,nan,40.0,30.0,74.0,56.0
5,土城,2021-11-15,40,2.0,5.0,nan,21.0,40.0,39.0,27.0
1,基隆,2021-11-15,45,2.0,5.0,nan,23.0,45.0,44.0,34.0
2,汐止,2021-11-15,62,12.0,5.0,nan,24.0,62.0,18.0,32.0
3,萬里,2021-11-15,50,2.0,2.0,nan,31.0,18.0,50.0,28.0
4,新店,2021-11-15,40,0.0,3.0,nan,21.0,40.0,39.0,28.0
6,板橋,2021-11-15,51,2.0,5.0,nan,23.0,51.0,40.0,32.0
7,新莊,2021-11-15,52,2.0,3.0,nan,25.0,52.0,41.0,32.0
8,菜寮,2021-11-15,42,5.0,3.0,nan,21.0,38.0,42.0,32.0
9,林口,2021-11-15,40,5.0,2.0,nan,22.0,32.0,40.0,28.0
10,淡水,2021-11-15,44,8.0,2.0,nan,18.0,33.0,44.0,24.0
11,士林,2021-11-15,45,8.0,2.0,nan,22.0,20.0,45.0,22.0
12,中山,2021-11-15,57,2.0,6.0,nan,24.0,57.0,31.0,30.0
13,萬華,2021-11-15,57,2.0,5.0,nan,23.0,57.0,36.0,31.0
14,古亭,2021-11-15,42,2.0,2.0,nan,20.0,23.0,42.0,26.0
15,松山,2021-11-15,61,8.0,6.0,nan,29.0,61.0,34.0,34.0
16,大同,2021-11-15,66,2.0,11.0,nan,32.0,66.0,nan,40.0
17,桃園,2021-11-15,40,12.0,3.0,nan,21.0,27.0,40.0,34.0
18,大園,2021-11-15,52,5.0,2.0,nan,23.0,52.0,39.0,26.0
19,觀音,2021-11-15,43,15.0,2.0,nan,24.0,30.0,33.0,43.0
20,平鎮,2021-11-15,42,5.0,3.0,nan,19.0,23.0,42.0,33.0
21,龍潭,2021-11-15,41,5.0,2.0,nan,19.0,25.0,41.0,24.0
22,湖口,2021-11-15,44,5.0,2.0,nan,22.0,18.0,44.0,33.0
23,竹東,2021-11-15,38,0.0,2.0,nan,15.0,20.0,38.0,27.0
24,新竹,2021-11-15,43,2.0,3.0,nan,20.0,43.0,42.0,33.0
25,頭份,2021-11-15,43,5.0,3.0,nan,18.0,43.0,nan,27.0
26,苗栗,2021-11-15,45,18.0,5.0,nan,20.0,45.0,40.0,29.0
27,三義,2021-11-15,43,2.0,2.0,nan,14.0,18.0,43.0,27.0
28,豐原,2021-11-15,38,5.0,2.0,nan,18.0,27.0,38.0,32.0
29,沙鹿,2021-11-15,60,5.0,7.0,nan,36.0,60.0,44.0,46.0
30,大里,2021-11-15,65,5.0,8.0,nan,39.0,65.0,43.0,59.0
31,忠明,2021-11-15,67,5.0,8.0,nan,30.0,67.0,39.0,51.0
32,西屯,2021-11-15,62,5.0,6.0,nan,34.0,62.0,42.0,45.0
33,彰化,2021-11-15,60,48.0,7.0,nan,44.0,60.0,36.0,56.0
34,線西,2021-11-15,62,20.0,5.0,nan,47.0,58.0,nan,62.0
35,二林,2021-11-15,61,10.0,3.0,nan,57.0,37.0,44.0,61.0
36,南投,2021-11-15,56,8.0,6.0,nan,30.0,55.0,40.0,56.0
37,斗六,2021-11-15,66,10.0,6.0,nan,43.0,51.0,58.0,66.0
38,崙背,2021-11-15,66,8.0,2.0,nan,58.0,25.0,45.0,66.0
39,新港,2021-11-15,65,2.0,3.0,nan,43.0,33.0,46.0,65.0
40,朴子,2021-11-15,58,8.0,5.0,nan,41.0,47.0,46.0,58.0
41,臺西,2021-11-15,52,15.0,5.0,nan,38.0,28.0,nan,52.0
42,嘉義,2021-11-15,65,18.0,5.0,nan,37.0,52.0,46.0,65.0
43,新營,2021-11-15,66,20.0,5.0,nan,43.0,52.0,58.0,66.0
44,善化,2021-11-15,62,5.0,3.0,nan,35.0,43.0,48.0,62.0
45,安南,2021-11-15,71,10.0,5.0,nan,47.0,52.0,71.0,65.0
46,臺南,2021-11-15,71,8.0,7.0,nan,49.0,55.0,71.0,69.0
47,美濃,2021-11-15,74,5.0,3.0,nan,32.0,18.0,74.0,59.0
48,橋頭,2021-11-15,64,8.0,2.0,nan,46.0,47.0,49.0,64.0
49,仁武,2021-11-15,66,12.0,5.0,nan,41.0,51.0,47.0,66.0
50,鳳山,2021-11-15,71,10.0,9.0,nan,42.0,54.0,nan,71.0
51,大寮,2021-11-15,67,25.0,3.0,nan,43.0,37.0,50.0,67.0
52,林園,2021-11-15,67,8.0,3.0,nan,43.0,32.0,54.0,67.0
53,楠梓,2021-11-15,-1,nan,nan,nan,nan,nan,nan,nan
54,左營,2021-11-15,66,10.0,6.0,nan,41.0,60.0,64.0,66.0
56,前金,2021-11-15,59,8.0,5.0,nan,36.0,52.0,58.0,59.0
57,前鎮,2021-11-15,61,10.0,7.0,nan,44.0,58.0,nan,61.0
58,小港,2021-11-15,62,8.0,5.0,nan,42.0,55.0,43.0,62.0
59,屏東,2021-11-15,84,5.0,5.0,nan,46.0,45.0,84.0,70.0
60,潮州,2021-11-15,90,10.0,2.0,nan,35.0,23.0,90.0,58.0
61,恆春,2021-11-15,47,2.0,1.0,nan,14.0,2.0,47.0,20.0
62,臺東,2021-11-15,43,2.0,2.0,nan,21.0,15.0,43.0,19.0
63,花蓮,2021-11-15,45,2.0,5.0,nan,21.0,45.0,42.0,22.0
64,陽明,2021-11-15,49,15.0,1.0,nan,16.0,10.0,49.0,27.0
65,宜蘭,2021-11-15,32,15.0,3.0,nan,20.0,32.0,26.0,28.0
66,冬山,2021-11-15,37,2.0,2.0,nan,26.0,37.0,28.0,25.0
67,三重,2021-11-15,62,5.0,12.0,nan,28.0,62.0,nan,40.0
68,中壢,2021-11-15,55,2.0,12.0,nan,26.0,55.0,nan,33.0
69,竹山,2021-11-15,74,5.0,3.0,nan,26.0,33.0,74.0,58.0
70,永和,2021-11-15,31,0.0,5.0,nan,24.0,28.0,nan,31.0
71,復興,2021-11-15,59,10.0,8.0,nan,43.0,59.0,nan,58.0
72,埔里,2021-11-15,46,2.0,5.0,nan,21.0,38.0,46.0,44.0
75,馬祖,2021-11-15,146,8.0,2.0,nan,38.0,12.0,146.0,63.0
77,金門,2021-11-15,67,10.0,2.0,nan,49.0,18.0,67.0,48.0
78,馬公,2021-11-15,54,2.0,1.0,nan,28.0,7.0,54.0,36.0
80,關山,2021-11-15,38,2.0,1.0,nan,24.0,10.0,38.0,25.0
83,麥寮,2021-11-15,55,15.0,5.0,nan,41.0,37.0,nan,55.0
84,富貴角,2021-11-15,67,0.0,1.0,nan,30.0,2.0,67.0,25.0
85,大城,2021-11-15,74,18.0,6.0,nan,43.0,33.0,74.0,45.0
4,新店,2021-11-16,42,2.0,3.0,nan,24.0,42.0,40.0,33.0
16,大同,2021-11-16,59,2.0,10.0,nan,36.0,59.0,nan,46.0
57,前鎮,2021-11-16,73,12.0,7.0,nan,55.0,55.0,nan,73.0
15,松山,2021-11-16,58,8.0,5.0,nan,33.0,58.0,33.0,43.0
14,古亭,2021-11-16,55,2.0,5.0,nan,24.0,55.0,41.0,33.0
58,小港,2021-11-16,80,8.0,5.0,nan,46.0,45.0,80.0,69.0
47,美濃,2021-11-16,64,5.0,3.0,nan,33.0,15.0,64.0,55.0
46,臺南,2021-11-16,74,5.0,6.0,nan,53.0,48.0,74.0,69.0
13,萬華,2021-11-16,57,2.0,5.0,nan,26.0,57.0,34.0,37.0
12,中山,2021-11-16,57,2.0,7.0,nan,29.0,57.0,31.0,39.0
59,屏東,2021-11-16,80,2.0,3.0,nan,44.0,27.0,80.0,70.0
11,士林,2021-11-16,48,5.0,2.0,nan,27.0,23.0,48.0,32.0
10,淡水,2021-11-16,46,8.0,5.0,nan,24.0,45.0,46.0,38.0
9,林口,2021-11-16,47,2.0,2.0,nan,25.0,47.0,43.0,36.0
8,菜寮,2021-11-16,42,2.0,5.0,nan,25.0,42.0,40.0,41.0
60,潮州,2021-11-16,101,5.0,2.0,nan,32.0,18.0,101.0,51.0
7,新莊,2021-11-16,41,0.0,3.0,nan,29.0,33.0,38.0,41.0
6,板橋,2021-11-16,53,2.0,6.0,nan,28.0,53.0,37.0,36.0
61,恆春,2021-11-16,45,5.0,1.0,nan,16.0,2.0,45.0,25.0
62,臺東,2021-11-16,43,2.0,2.0,nan,24.0,13.0,43.0,26.0
5,土城,2021-11-16,54,0.0,5.0,nan,25.0,54.0,37.0,34.0
48,橋頭,2021-11-16,84,8.0,1.0,nan,55.0,42.0,84.0,80.0
3,萬里,2021-11-16,45,12.0,2.0,nan,26.0,27.0,45.0,34.0
63,花蓮,2021-11-16,44,2.0,3.0,nan,20.0,28.0,44.0,30.0
2,汐止,2021-11-16,57,5.0,5.0,nan,25.0,57.0,35.0,42.0
1,基隆,2021-11-16,47,2.0,5.0,nan,25.0,47.0,43.0,40.0
45,安南,2021-11-16,72,5.0,6.0,nan,58.0,53.0,71.0,72.0
64,陽明,2021-11-16,47,8.0,1.0,nan,17.0,5.0,47.0,36.0
44,善化,2021-11-16,68,5.0,3.0,nan,40.0,38.0,64.0,68.0
49,仁武,2021-11-16,79,12.0,5.0,nan,49.0,57.0,77.0,79.0
65,宜蘭,2021-11-16,43,2.0,2.0,nan,19.0,25.0,43.0,34.0
43,新營,2021-11-16,71,10.0,5.0,nan,50.0,35.0,71.0,69.0
66,冬山,2021-11-16,38,2.0,3.0,nan,23.0,33.0,38.0,32.0
42,嘉義,2021-11-16,84,12.0,3.0,nan,48.0,30.0,84.0,72.0
67,三重,2021-11-16,64,5.0,16.0,nan,31.0,64.0,nan,49.0
68,中壢,2021-11-16,62,5.0,14.0,nan,62.0,60.0,nan,53.0
69,竹山,2021-11-16,93,8.0,3.0,nan,40.0,32.0,93.0,75.0
41,臺西,2021-11-16,67,10.0,3.0,nan,50.0,37.0,nan,67.0
70,永和,2021-11-16,57,2.0,7.0,nan,28.0,57.0,nan,39.0
40,朴子,2021-11-16,67,8.0,5.0,nan,50.0,37.0,67.0,67.0
71,復興,2021-11-16,75,10.0,8.0,nan,52.0,57.0,nan,75.0
39,新港,2021-11-16,81,15.0,6.0,nan,60.0,50.0,71.0,81.0
72,埔里,2021-11-16,84,8.0,5.0,nan,34.0,27.0,84.0,68.0
50,鳳山,2021-11-16,84,8.0,8.0,nan,50.0,53.0,nan,84.0
75,馬祖,2021-11-16,97,10.0,3.0,nan,35.0,13.0,97.0,63.0
77,金門,2021-11-16,69,12.0,3.0,nan,56.0,25.0,48.0,69.0
38,崙背,2021-11-16,93,10.0,5.0,nan,93.0,30.0,77.0,84.0
78,馬公,2021-11-16,104,2.0,2.0,nan,36.0,13.0,104.0,50.0
37,斗六,2021-11-16,90,8.0,5.0,nan,51.0,48.0,90.0,77.0
36,南投,2021-11-16,77,10.0,5.0,nan,36.0,43.0,77.0,66.0
80,關山,2021-11-16,38,2.0,1.0,nan,22.0,8.0,38.0,30.0
35,二林,2021-11-16,84,8.0,5.0,nan,65.0,47.0,84.0,78.0
34,線西,2021-11-16,73,10.0,5.0,nan,49.0,55.0,nan,73.0
83,麥寮,2021-11-16,77,15.0,5.0,nan,53.0,40.0,nan,77.0
84,富貴角,2021-11-16,61,5.0,1.0,nan,26.0,7.0,61.0,28.0
33,彰化,2021-11-16,90,20.0,5.0,nan,53.0,45.0,90.0,75.0
85,大城,2021-11-16,93,8.0,3.0,nan,55.0,28.0,93.0,79.0
32,西屯,2021-11-16,90,15.0,5.0,nan,45.0,52.0,90.0,69.0
51,大寮,2021-11-16,75,22.0,3.0,nan,53.0,42.0,74.0,75.0
31,忠明,2021-11-16,93,12.0,6.0,nan,39.0,57.0,93.0,71.0
30,大里,2021-11-16,97,12.0,5.0,nan,42.0,45.0,97.0,70.0
29,沙鹿,2021-11-16,101,12.0,7.0,nan,47.0,56.0,101.0,70.0
52,林園,2021-11-16,80,35.0,5.0,nan,56.0,48.0,64.0,80.0
28,豐原,2021-11-16,101,10.0,5.0,nan,36.0,37.0,101.0,63.0
27,三義,2021-11-16,108,10.0,3.0,nan,29.0,20.0,108.0,52.0
26,苗栗,2021-11-16,84,12.0,5.0,nan,32.0,30.0,84.0,54.0
53,楠梓,2021-11-16,-1,nan,nan,nan,nan,nan,nan,nan
25,頭份,2021-11-16,52,12.0,5.0,nan,32.0,35.0,nan,52.0
24,新竹,2021-11-16,74,10.0,6.0,nan,28.0,45.0,74.0,49.0
54,左營,2021-11-16,93,5.0,6.0,nan,54.0,53.0,93.0,80.0
23,竹東,2021-11-16,61,8.0,5.0,nan,27.0,43.0,61.0,56.0
22,湖口,2021-11-16,90,8.0,3.0,nan,29.0,38.0,90.0,53.0
21,龍潭,2021-11-16,64,8.0,5.0,nan,26.0,54.0,64.0,48.0
56,前金,2021-11-16,93,5.0,5.0,nan,51.0,52.0,93.0,75.0
20,平鎮,2021-11-16,58,8.0,5.0,nan,23.0,52.0,58.0,48.0
19,觀音,2021-11-16,64,8.0,2.0,nan,28.0,32.0,64.0,44.0
18,大園,2021-11-16,58,18.0,3.0,nan,28.0,38.0,58.0,41.0
17,桃園,2021-11-16,84,20.0,5.0,nan,26.0,52.0,84.0,46.0
20,平鎮,2021-11-17,57,2.0,7.0,nan,20.0,57.0,41.0,49.0
11,士林,2021-11-17,46,10.0,3.0,nan,25.0,45.0,46.0,40.0
65,宜蘭,2021-11-17,41,2.0,5.0,nan,20.0,32.0,40.0,41.0
10,淡水,2021-11-17,44,5.0,3.0,nan,20.0,42.0,44.0,37.0
12,中山,2021-11-17,57,15.0,7.0,nan,27.0,57.0,33.0,44.0
60,潮州,2021-11-17,108,12.0,3.0,nan,42.0,22.0,108.0,66.0
34,線西,2021-11-17,58,12.0,5.0,nan,39.0,40.0,nan,58.0
59,屏東,2021-11-17,84,22.0,5.0,nan,50.0,37.0,84.0,75.0
21,龍潭,2021-11-17,51,5.0,6.0,nan,23.0,51.0,38.0,41.0
9,林口,2021-11-17,50,10.0,5.0,nan,23.0,50.0,42.0,42.0
27,三義,2021-11-17,112,8.0,3.0,nan,36.0,35.0,112.0,64.0
80,關山,2021-11-17,35,0.0,1.0,nan,22.0,10.0,35.0,29.0
78,馬公,2021-11-17,71,2.0,2.0,nan,33.0,13.0,71.0,40.0
35,二林,2021-11-17,80,8.0,3.0,nan,53.0,28.0,80.0,68.0
58,小港,2021-11-17,85,18.0,6.0,nan,54.0,62.0,67.0,85.0
69,竹山,2021-11-17,112,5.0,2.0,nan,42.0,23.0,112.0,76.0
63,花蓮,2021-11-17,44,8.0,3.0,nan,25.0,27.0,44.0,37.0
22,湖口,2021-11-17,47,5.0,2.0,nan,26.0,25.0,38.0,47.0
57,前鎮,2021-11-17,87,15.0,7.0,nan,63.0,56.0,nan,87.0
64,陽明,2021-11-17,49,8.0,1.0,nan,17.0,10.0,49.0,36.0
8,菜寮,2021-11-17,52,18.0,6.0,nan,25.0,52.0,40.0,46.0
23,竹東,2021-11-17,62,5.0,5.0,nan,29.0,30.0,51.0,62.0
19,觀音,2021-11-17,41,10.0,2.0,nan,23.0,28.0,39.0,41.0
56,前金,2021-11-17,88,5.0,6.0,nan,56.0,38.0,44.0,88.0
77,金門,2021-11-17,55,18.0,5.0,nan,38.0,47.0,37.0,55.0
36,南投,2021-11-17,93,10.0,5.0,nan,47.0,37.0,93.0,81.0
62,臺東,2021-11-17,38,2.0,3.0,nan,24.0,18.0,38.0,30.0
37,斗六,2021-11-17,97,8.0,5.0,nan,57.0,25.0,97.0,84.0
14,古亭,2021-11-17,44,5.0,5.0,nan,23.0,42.0,44.0,44.0
38,崙背,2021-11-17,71,10.0,3.0,nan,52.0,25.0,71.0,69.0
24,新竹,2021-11-17,56,8.0,5.0,nan,31.0,47.0,50.0,56.0
32,西屯,2021-11-17,75,15.0,6.0,nan,46.0,48.0,43.0,75.0
75,馬祖,2021-11-17,47,2.0,2.0,nan,21.0,10.0,47.0,44.0
28,豐原,2021-11-17,81,10.0,6.0,nan,44.0,33.0,77.0,81.0
54,左營,2021-11-17,97,5.0,5.0,nan,56.0,32.0,97.0,90.0
33,彰化,2021-11-17,90,12.0,5.0,nan,47.0,37.0,90.0,71.0
53,楠梓,2021-11-17,-1,nan,nan,nan,nan,nan,nan,nan
39,新港,2021-11-17,74,10.0,3.0,nan,57.0,28.0,71.0,74.0
61,恆春,2021-11-17,42,5.0,1.0,nan,14.0,2.0,42.0,26.0
40,朴子,2021-11-17,67,8.0,3.0,nan,46.0,30.0,67.0,61.0
68,中壢,2021-11-17,59,5.0,17.0,nan,28.0,59.0,nan,44.0
72,埔里,2021-11-17,74,5.0,3.0,nan,35.0,17.0,54.0,74.0
71,復興,2021-11-17,89,15.0,9.0,nan,60.0,58.0,nan,89.0
25,頭份,2021-11-17,56,10.0,3.0,nan,32.0,38.0,nan,56.0
52,林園,2021-11-17,118,25.0,5.0,nan,58.0,35.0,118.0,91.0
67,三重,2021-11-17,62,15.0,15.0,nan,29.0,62.0,nan,52.0
7,新莊,2021-11-17,52,8.0,6.0,nan,26.0,52.0,41.0,46.0
29,沙鹿,2021-11-17,64,10.0,5.0,nan,41.0,47.0,64.0,60.0
13,萬華,2021-11-17,55,18.0,5.0,nan,25.0,55.0,39.0,44.0
51,大寮,2021-11-17,82,25.0,5.0,nan,53.0,38.0,50.0,82.0
6,板橋,2021-11-17,50,2.0,6.0,nan,25.0,50.0,40.0,45.0
70,永和,2021-11-17,47,2.0,7.0,nan,24.0,47.0,nan,40.0
18,大園,2021-11-17,48,5.0,2.0,nan,26.0,48.0,40.0,36.0
50,鳳山,2021-11-17,93,12.0,7.0,nan,51.0,55.0,nan,93.0
30,大里,2021-11-17,87,22.0,7.0,nan,52.0,47.0,87.0,83.0
17,桃園,2021-11-17,50,42.0,7.0,nan,23.0,50.0,44.0,46.0
41,臺西,2021-11-17,55,8.0,2.0,nan,42.0,27.0,nan,55.0
66,冬山,2021-11-17,38,2.0,3.0,nan,24.0,38.0,32.0,37.0
85,大城,2021-11-17,87,8.0,2.0,nan,48.0,27.0,87.0,61.0
16,大同,2021-11-17,64,15.0,20.0,nan,30.0,64.0,nan,46.0
31,忠明,2021-11-17,100,12.0,6.0,nan,43.0,51.0,100.0,74.0
84,富貴角,2021-11-17,54,5.0,1.0,nan,29.0,5.0,54.0,32.0
26,苗栗,2021-11-17,58,5.0,3.0,nan,32.0,35.0,58.0,56.0
15,松山,2021-11-17,52,8.0,3.0,nan,28.0,52.0,36.0,44.0
83,麥寮,2021-11-17,56,10.0,3.0,nan,42.0,33.0,nan,56.0
1,基隆,2021-11-17,46,2.0,5.0,nan,23.0,40.0,36.0,46.0
5,土城,2021-11-17,52,2.0,6.0,nan,22.0,52.0,40.0,34.0
42,嘉義,2021-11-17,80,38.0,3.0,nan,48.0,28.0,80.0,78.0
4,新店,2021-11-17,47,2.0,5.0,nan,23.0,47.0,41.0,34.0
43,新營,2021-11-17,77,5.0,5.0,nan,46.0,28.0,77.0,69.0
49,仁武,2021-11-17,90,10.0,6.0,nan,54.0,57.0,90.0,89.0
44,善化,2021-11-17,68,2.0,3.0,nan,42.0,23.0,67.0,68.0
48,橋頭,2021-11-17,87,8.0,2.0,nan,58.0,43.0,58.0,87.0
3,萬里,2021-11-17,39,12.0,2.0,nan,24.0,23.0,39.0,35.0
45,安南,2021-11-17,71,8.0,5.0,nan,50.0,42.0,71.0,64.0
47,美濃,2021-11-17,97,8.0,2.0,nan,34.0,13.0,97.0,61.0
2,汐止,2021-11-17,43,5.0,3.0,nan,23.0,43.0,37.0,40.0
46,臺南,2021-11-17,71,8.0,5.0,nan,55.0,30.0,67.0,71.0
17,桃園,2021-11-18,54,18,6,nan,13.0,54,39.0,34.0
1,基隆,2021-11-18,48,22,3,nan,15.0,48,31.0,28.0
2,汐止,2021-11-18,57,5,6,nan,16.0,57,19.0,27.0
3,萬里,2021-11-18,46,0,2,nan,13.0,8,46.0,15.0
4,新店,2021-11-18,48,2,5,nan,14.0,48,23.0,22.0
5,土城,2021-11-18,56,0,7,nan,18.0,56,24.0,30.0
6,板橋,2021-11-18,57,10,7,nan,17.0,57,34.0,29.0
7,新莊,2021-11-18,51,15,5,nan,17.0,51,37.0,27.0
8,菜寮,2021-11-18,58,10,8,nan,16.0,58,35.0,30.0
9,林口,2021-11-18,39,2,2,nan,11.0,37,39.0,16.0
10,淡水,2021-11-18,47,0,5,nan,14.0,47,37.0,21.0
11,士林,2021-11-18,59,2,8,nan,18.0,59,31.0,29.0
12,中山,2021-11-18,60,8,8,nan,17.0,60,20.0,30.0
13,萬華,2021-11-18,60,10,8,nan,16.0,60,29.0,27.0
14,古亭,2021-11-18,57,5,7,nan,15.0,57,30.0,25.0
15,松山,2021-11-18,54,5,6,nan,19.0,54,20.0,31.0
16,大同,2021-11-18,61,8,31,nan,23.0,61,nan,36.0
18,大園,2021-11-18,38,5,2,nan,15.0,32,38.0,19.0
19,觀音,2021-11-18,44,5,1,nan,17.0,13,44.0,17.0
20,平鎮,2021-11-18,56,8,6,nan,14.0,56,28.0,32.0
21,龍潭,2021-11-18,48,5,5,nan,16.0,48,31.0,36.0
22,湖口,2021-11-18,42,5,2,nan,16.0,42,38.0,30.0
23,竹東,2021-11-18,32,2,2,nan,16.0,25,28.0,32.0
24,新竹,2021-11-18,51,5,3,nan,15.0,51,32.0,29.0
25,頭份,2021-11-18,38,10,3,nan,17.0,38,nan,29.0
26,苗栗,2021-11-18,34,8,3,nan,16.0,27,34.0,26.0
27,三義,2021-11-18,36,2,2,nan,10.0,13,36.0,20.0
28,豐原,2021-11-18,33,2,2,nan,13.0,15,33.0,24.0
29,沙鹿,2021-11-18,43,5,2,nan,16.0,18,43.0,22.0
30,大里,2021-11-18,38,5,3,nan,17.0,32,38.0,28.0
31,忠明,2021-11-18,36,2,3,nan,15.0,33,36.0,26.0
32,西屯,2021-11-18,39,2,2,nan,21.0,18,39.0,28.0
33,彰化,2021-11-18,40,2,3,nan,23.0,30,40.0,25.0
34,線西,2021-11-18,28,10,2,nan,21.0,25,nan,28.0
35,二林,2021-11-18,44,10,2,nan,27.0,20,44.0,25.0
36,南投,2021-11-18,42,5,5,nan,24.0,35,42.0,41.0
37,斗六,2021-11-18,48,5,2,nan,30.0,25,48.0,43.0
38,崙背,2021-11-18,44,8,2,nan,32.0,15,44.0,39.0
39,新港,2021-11-18,46,8,2,nan,37.0,17,46.0,44.0
40,朴子,2021-11-18,47,8,2,nan,33.0,20,47.0,35.0
41,臺西,2021-11-18,26,5,2,nan,21.0,15,nan,26.0
42,嘉義,2021-11-18,52,32,3,nan,37.0,35,46.0,52.0
43,新營,2021-11-18,50,5,2,nan,35.0,25,50.0,40.0
44,善化,2021-11-18,49,5,2,nan,32.0,22,49.0,43.0
45,安南,2021-11-18,44,2,2,nan,39.0,22,44.0,38.0
46,臺南,2021-11-18,51,2,3,nan,39.0,23,51.0,44.0
47,美濃,2021-11-18,53,5,3,nan,34.0,15,48.0,53.0
48,橋頭,2021-11-18,67,5,2,nan,52.0,33,54.0,67.0
49,仁武,2021-11-18,67,15,5,nan,46.0,43,27.0,67.0
50,鳳山,2021-11-18,81,10,8,nan,53.0,53,nan,81.0
51,大寮,2021-11-18,65,5,3,nan,47.0,35,49.0,65.0
52,林園,2021-11-18,77,15,5,nan,67.0,52,48.0,77.0
53,楠梓,2021-11-18,38,2,3,nan,nan,38,nan,nan
54,左營,2021-11-18,65,5,3,nan,50.0,30,58.0,65.0
56,前金,2021-11-18,69,2,3,nan,50.0,42,54.0,69.0
57,前鎮,2021-11-18,67,5,5,nan,54.0,38,nan,67.0
58,小港,2021-11-18,69,10,5,nan,51.0,51,51.0,69.0
59,屏東,2021-11-18,55,2,3,nan,41.0,25,51.0,55.0
60,潮州,2021-11-18,58,5,2,nan,40.0,23,58.0,57.0
61,恆春,2021-11-18,38,2,1,nan,18.0,3,38.0,34.0
62,臺東,2021-11-18,42,2,2,nan,22.0,12,42.0,28.0
63,花蓮,2021-11-18,46,2,3,nan,19.0,23,46.0,29.0
64,陽明,2021-11-18,47,2,2,nan,3.0,8,47.0,11.0
65,宜蘭,2021-11-18,42,0,2,nan,10.0,15,42.0,17.0
66,冬山,2021-11-18,38,5,3,nan,19.0,25,38.0,20.0
67,三重,2021-11-18,64,8,17,nan,22.0,64,nan,35.0
68,中壢,2021-11-18,60,5,10,nan,20.0,60,nan,30.0
69,竹山,2021-11-18,48,5,3,nan,27.0,30,48.0,48.0
70,永和,2021-11-18,58,2,14,nan,21.0,58,nan,33.0
71,復興,2021-11-18,67,5,7,nan,50.0,38,nan,67.0
72,埔里,2021-11-18,54,2,3,nan,23.0,17,44.0,54.0
75,馬祖,2021-11-18,42,5,2,nan,7.0,8,42.0,15.0
77,金門,2021-11-18,51,15,5,nan,33.0,33,36.0,51.0
78,馬公,2021-11-18,49,0,1,nan,17.0,5,49.0,22.0
80,關山,2021-11-18,31,2,2,nan,23.0,12,31.0,28.0
83,麥寮,2021-11-18,34,8,2,nan,34.0,20,nan,29.0
84,富貴角,2021-11-18,54,0,1,nan,37.0,3,54.0,16.0
85,大城,2021-11-18,50,8,1,nan,20.0,17,50.0,23.0
41,臺西,2021-11-19,33,8,2,nan,27,27,nan,33
40,朴子,2021-11-19,44,5,3,nan,36,23,44.0,42
39,新港,2021-11-19,49,5,3,nan,41,20,44.0,49
42,嘉義,2021-11-19,57,32,3,nan,43,37,45.0,57
5,土城,2021-11-19,51,2,6,nan,18,51,31.0,27
38,崙背,2021-11-19,44,10,5,nan,34,23,43.0,44
43,新營,2021-11-19,48,2,3,nan,38,37,47.0,48
37,斗六,2021-11-19,56,5,3,nan,38,35,54.0,56
36,南投,2021-11-19,52,5,5,nan,30,38,48.0,52
4,新店,2021-11-19,37,5,3,nan,15,37,31.0,23
35,二林,2021-11-19,44,10,3,nan,34,20,44.0,38
6,板橋,2021-11-19,52,2,7,nan,20,52,31.0,36
3,萬里,2021-11-19,52,0,1,nan,52,8,48.0,34
34,線西,2021-11-19,33,12,2,nan,29,25,nan,33
7,新莊,2021-11-19,52,2,7,nan,22,52,35.0,36
2,汐止,2021-11-19,45,0,5,nan,17,45,38.0,29
1,基隆,2021-11-19,43,2,5,nan,20,38,43.0,29
33,彰化,2021-11-19,44,2,3,nan,30,35,44.0,35
44,善化,2021-11-19,48,5,2,nan,34,25,47.0,48
45,安南,2021-11-19,47,5,3,nan,37,27,41.0,47
46,臺南,2021-11-19,52,5,3,nan,39,23,48.0,52
47,美濃,2021-11-19,67,2,3,nan,38,15,67.0,52
32,西屯,2021-11-19,33,2,2,nan,26,30,28.0,33
48,橋頭,2021-11-19,67,8,3,nan,48,38,51.0,67
31,忠明,2021-11-19,43,5,3,nan,19,43,43.0,30
8,菜寮,2021-11-19,55,2,8,nan,19,55,35.0,39
49,仁武,2021-11-19,68,5,5,nan,44,45,50.0,68
30,大里,2021-11-19,45,8,6,nan,28,45,40.0,43
50,鳳山,2021-11-19,80,10,10,nan,46,60,nan,80
9,林口,2021-11-19,40,2,2,nan,18,40,35.0,19
29,沙鹿,2021-11-19,44,2,2,nan,24,22,44.0,30
51,大寮,2021-11-19,71,25,5,nan,50,48,61.0,71
52,林園,2021-11-19,80,12,5,nan,58,42,74.0,80
28,豐原,2021-11-19,39,2,2,nan,13,22,39.0,24
10,淡水,2021-11-19,45,0,6,nan,18,45,38.0,28
53,楠梓,2021-11-19,61,5,3,nan,3,38,61.0,14
54,左營,2021-11-19,66,8,5,nan,47,42,49.0,66
56,前金,2021-11-19,64,10,5,nan,45,45,51.0,64
57,前鎮,2021-11-19,67,8,7,nan,52,45,nan,67
27,三義,2021-11-19,42,5,2,nan,13,17,42.0,18
58,小港,2021-11-19,67,8,6,nan,48,50,54.0,67
59,屏東,2021-11-19,62,5,3,nan,48,23,45.0,62
60,潮州,2021-11-19,136,20,3,nan,46,30,136.0,69
61,恆春,2021-11-19,42,2,1,nan,12,2,42.0,21
26,苗栗,2021-11-19,40,5,3,nan,19,40,38.0,23
62,臺東,2021-11-19,39,2,2,nan,17,17,39.0,20
63,花蓮,2021-11-19,42,2,2,nan,17,23,42.0,18
11,士林,2021-11-19,48,2,6,nan,18,48,40.0,27
64,陽明,2021-11-19,46,2,1,nan,4,2,46.0,11
25,頭份,2021-11-19,32,5,3,nan,20,32,nan,27
65,宜蘭,2021-11-19,41,0,2,nan,13,25,41.0,17
66,冬山,2021-11-19,38,2,2,nan,20,25,38.0,14
24,新竹,2021-11-19,38,5,3,nan,19,38,37.0,30
67,三重,2021-11-19,61,2,16,nan,27,61,nan,41
68,中壢,2021-11-19,58,5,15,nan,38,58,nan,46
69,竹山,2021-11-19,74,5,3,nan,32,37,74.0,58
23,竹東,2021-11-19,37,5,2,nan,14,18,37.0,19
70,永和,2021-11-19,51,2,9,nan,21,51,nan,28
71,復興,2021-11-19,66,5,7,nan,47,45,nan,66
22,湖口,2021-11-19,41,5,2,nan,21,22,41.0,31
21,龍潭,2021-11-19,40,5,3,nan,15,40,35.0,24
12,中山,2021-11-19,55,2,6,nan,19,55,26.0,27
20,平鎮,2021-11-19,51,5,6,nan,20,51,31.0,36
72,埔里,2021-11-19,50,5,5,nan,21,28,50.0,43
75,馬祖,2021-11-19,67,8,2,nan,23,8,67.0,38
19,觀音,2021-11-19,43,10,1,nan,24,13,43.0,23
77,金門,2021-11-19,61,22,6,nan,43,42,46.0,61
13,萬華,2021-11-19,51,2,6,nan,17,51,28.0,29
18,大園,2021-11-19,51,12,2,nan,24,51,39.0,21
78,馬公,2021-11-19,49,2,1,nan,22,3,49.0,30
14,古亭,2021-11-19,51,2,5,nan,16,51,33.0,22
80,關山,2021-11-19,32,2,1,nan,17,12,32.0,17
15,松山,2021-11-19,50,2,5,nan,20,50,33.0,28
83,麥寮,2021-11-19,35,8,3,nan,35,32,nan,31
84,富貴角,2021-11-19,61,0,1,nan,41,3,61.0,23
85,大城,2021-11-19,49,10,1,nan,26,35,49.0,26
16,大同,2021-11-19,59,5,18,nan,30,59,nan,41
17,桃園,2021-11-19,51,15,6,nan,21,51,32.0,41
28,豐原,2021-11-20,51,10,3,nan,26,28,43.0,51
85,大城,2021-11-20,67,15,3,nan,45,25,67.0,54
84,富貴角,2021-11-20,71,0,1,nan,43,5,71.0,40
83,麥寮,2021-11-20,59,10,5,nan,46,30,nan,59
80,關山,2021-11-20,33,2,1,nan,14,10,33.0,14
78,馬公,2021-11-20,71,0,1,nan,38,7,71.0,51
77,金門,2021-11-20,64,10,2,nan,47,17,64.0,55
75,馬祖,2021-11-20,77,2,1,nan,37,8,77.0,51
72,埔里,2021-11-20,59,5,5,nan,29,28,51.0,59
71,復興,2021-11-20,75,10,7,nan,55,54,nan,75
70,永和,2021-11-20,41,0,6,nan,26,38,nan,41
69,竹山,2021-11-20,67,5,3,nan,38,25,58.0,67
68,中壢,2021-11-20,55,2,10,nan,25,55,nan,38
67,三重,2021-11-20,57,5,14,nan,37,57,nan,53
66,冬山,2021-11-20,34,2,2,nan,9,20,34.0,14
65,宜蘭,2021-11-20,38,0,1,nan,6,12,38.0,20
64,陽明,2021-11-20,49,2,1,nan,8,2,49.0,19
63,花蓮,2021-11-20,51,2,3,nan,13,51,39.0,14
62,臺東,2021-11-20,37,2,2,nan,12,15,37.0,14
61,恆春,2021-11-20,41,2,1,nan,6,2,41.0,13
60,潮州,2021-11-20,77,10,3,nan,42,22,77.0,64
59,屏東,2021-11-20,73,8,5,nan,52,32,61.0,73
58,小港,2021-11-20,78,15,6,nan,54,63,49.0,78
57,前鎮,2021-11-20,77,12,6,nan,61,54,nan,77
56,前金,2021-11-20,74,8,6,nan,53,40,74.0,72
54,左營,2021-11-20,78,10,5,nan,53,35,77.0,78
52,林園,2021-11-20,115,18,3,nan,61,35,115.0,88
51,大寮,2021-11-20,79,18,6,nan,54,42,54.0,79
50,鳳山,2021-11-20,86,10,9,nan,52,53,nan,86
49,仁武,2021-11-20,74,12,5,nan,48,50,61.0,74
48,橋頭,2021-11-20,76,8,3,nan,57,38,71.0,76
47,美濃,2021-11-20,64,2,3,nan,39,17,54.0,64
46,臺南,2021-11-20,93,18,5,nan,57,45,93.0,73
45,安南,2021-11-20,68,10,5,nan,53,37,10.0,68
44,善化,2021-11-20,67,2,3,nan,44,25,67.0,65
43,新營,2021-11-20,74,8,5,nan,51,32,74.0,70
42,嘉義,2021-11-20,70,32,5,nan,49,32,50.0,70
41,臺西,2021-11-20,60,15,5,nan,45,30,nan,60
40,朴子,2021-11-20,67,10,3,nan,48,27,67.0,64
39,新港,2021-11-20,70,18,5,nan,53,30,54.0,70
38,崙背,2021-11-20,64,10,3,nan,49,28,50.0,64
37,斗六,2021-11-20,63,12,3,nan,46,37,51.0,63
36,南投,2021-11-20,67,8,3,nan,36,35,67.0,61
35,二林,2021-11-20,58,12,3,nan,49,28,48.0,58
34,線西,2021-11-20,54,25,3,nan,43,35,nan,54
33,彰化,2021-11-20,58,12,5,nan,44,40,47.0,58
32,西屯,2021-11-20,54,5,5,nan,40,43,45.0,54
31,忠明,2021-11-20,56,5,6,nan,33,48,45.0,56
30,大里,2021-11-20,62,5,6,nan,45,50,46.0,62
29,沙鹿,2021-11-20,52,5,5,nan,34,52,49.0,51
27,三義,2021-11-20,45,5,2,nan,19,23,45.0,30
26,苗栗,2021-11-20,39,10,3,nan,22,35,39.0,33
25,頭份,2021-11-20,35,8,3,nan,18,35,nan,31
24,新竹,2021-11-20,42,8,3,nan,22,35,39.0,42
23,竹東,2021-11-20,35,2,3,nan,13,25,35.0,24
22,湖口,2021-11-20,47,2,2,nan,27,17,42.0,47
21,龍潭,2021-11-20,37,5,3,nan,16,32,37.0,28
20,平鎮,2021-11-20,40,5,5,nan,24,33,37.0,40
19,觀音,2021-11-20,53,15,1,nan,37,20,44.0,53
18,大園,2021-11-20,41,10,2,nan,33,38,40.0,41
17,桃園,2021-11-20,44,18,5,nan,23,32,42.0,44
16,大同,2021-11-20,60,5,12,nan,36,60,nan,49
15,松山,2021-11-20,48,5,3,nan,32,43,35.0,48
14,古亭,2021-11-20,43,2,3,nan,24,37,39.0,43
13,萬華,2021-11-20,53,5,5,nan,29,53,36.0,45
12,中山,2021-11-20,47,5,6,nan,31,47,34.0,47
11,士林,2021-11-20,44,8,2,nan,27,18,44.0,37
10,淡水,2021-11-20,39,2,3,nan,22,30,39.0,36
9,林口,2021-11-20,41,8,2,nan,27,28,38.0,41
8,菜寮,2021-11-20,50,8,5,nan,30,37,38.0,50
7,新莊,2021-11-20,49,2,5,nan,30,38,36.0,49
6,板橋,2021-11-20,50,2,6,nan,24,50,32.0,43
5,土城,2021-11-20,47,0,5,nan,18,47,29.0,30
4,新店,2021-11-20,32,2,3,nan,15,32,31.0,25
3,萬里,2021-11-20,51,0,2,nan,51,23,51.0,44
2,汐止,2021-11-20,52,5,3,nan,27,52,32.0,44
1,基隆,2021-11-20,46,2,3,nan,30,20,46.0,42
80,關山,2021-11-21,34,2,1,nan,13,10,34.0,8
9,林口,2021-11-21,48,5,2,nan,16,18,48.0,28
83,麥寮,2021-11-21,67,12,3,nan,51,23,nan,67
15,松山,2021-11-21,55,18,7,nan,25,55,41.0,41
84,富貴角,2021-11-21,44,2,1,nan,27,15,44.0,18
85,大城,2021-11-21,87,8,3,nan,56,20,87.0,73
16,大同,2021-11-21,54,5,12,nan,26,54,nan,40
13,萬華,2021-11-21,52,2,7,nan,20,52,47.0,37
8,菜寮,2021-11-21,51,5,5,nan,19,50,51.0,38
17,桃園,2021-11-21,84,38,5,nan,23,38,84.0,46
7,新莊,2021-11-21,51,5,3,nan,19,43,51.0,38
18,大園,2021-11-21,48,12,3,nan,25,35,48.0,39
6,板橋,2021-11-21,64,10,6,nan,21,42,64.0,42
5,土城,2021-11-21,77,10,6,nan,28,47,77.0,43
19,觀音,2021-11-21,48,8,2,nan,29,27,48.0,41
4,新店,2021-11-21,54,5,7,nan,23,50,54.0,39
12,中山,2021-11-21,53,5,8,nan,22,53,42.0,40
20,平鎮,2021-11-21,51,5,5,nan,25,35,48.0,51
21,龍潭,2021-11-21,64,5,5,nan,29,27,64.0,53
22,湖口,2021-11-21,55,5,2,nan,31,17,50.0,55
23,竹東,2021-11-21,59,2,3,nan,30,25,58.0,59
24,新竹,2021-11-21,51,8,3,nan,31,27,50.0,51
25,頭份,2021-11-21,54,8,3,nan,36,27,nan,54
26,苗栗,2021-11-21,58,8,3,nan,35,28,58.0,51
27,三義,2021-11-21,61,8,5,nan,38,27,50.0,61
28,豐原,2021-11-21,71,8,5,nan,39,37,50.0,71
29,沙鹿,2021-11-21,68,8,5,nan,51,51,64.0,68
30,大里,2021-11-21,72,5,5,nan,48,37,48.0,72
31,忠明,2021-11-21,68,5,6,nan,43,52,54.0,68
32,西屯,2021-11-21,71,12,5,nan,49,42,50.0,71
33,彰化,2021-11-21,69,15,5,nan,51,38,61.0,69
34,線西,2021-11-21,66,12,5,nan,50,42,nan,66
35,二林,2021-11-21,77,8,5,nan,66,22,64.0,77
36,南投,2021-11-21,71,10,3,nan,41,35,50.0,71
37,斗六,2021-11-21,92,8,3,nan,64,25,64.0,92
38,崙背,2021-11-21,85,15,5,nan,63,23,61.0,85
39,新港,2021-11-21,82,10,5,nan,62,23,58.0,82
40,朴子,2021-11-21,72,20,3,nan,53,25,54.0,72
41,臺西,2021-11-21,68,12,3,nan,52,32,nan,68
3,萬里,2021-11-21,35,2,2,nan,21,32,35.0,26
42,嘉義,2021-11-21,84,20,5,nan,56,23,64.0,84
43,新營,2021-11-21,74,8,3,nan,56,28,67.0,74
2,汐止,2021-11-21,56,28,6,nan,20,56,36.0,37
44,善化,2021-11-21,67,5,2,nan,43,20,51.0,67
45,安南,2021-11-21,66,8,3,nan,49,27,7.0,66
1,基隆,2021-11-21,42,5,5,nan,17,42,31.0,31
46,臺南,2021-11-21,67,8,3,nan,53,33,58.0,67
47,美濃,2021-11-21,63,2,3,nan,35,12,54.0,63
48,橋頭,2021-11-21,73,5,2,nan,52,30,54.0,73
49,仁武,2021-11-21,71,12,3,nan,45,40,51.0,71
50,鳳山,2021-11-21,79,10,7,nan,44,47,nan,79
51,大寮,2021-11-21,70,10,3,nan,43,30,54.0,70
52,林園,2021-11-21,78,10,3,nan,55,30,64.0,78
54,左營,2021-11-21,79,8,3,nan,51,32,64.0,79
56,前金,2021-11-21,70,8,5,nan,47,40,64.0,70
57,前鎮,2021-11-21,68,8,5,nan,47,38,nan,68
58,小港,2021-11-21,67,8,3,nan,42,48,50.0,67
59,屏東,2021-11-21,67,2,3,nan,41,27,54.0,67
60,潮州,2021-11-21,101,5,2,nan,39,15,101.0,68
61,恆春,2021-11-21,37,2,1,nan,6,0,37.0,10
62,臺東,2021-11-21,37,2,2,nan,16,18,37.0,14
63,花蓮,2021-11-21,38,2,2,nan,14,32,38.0,13
64,陽明,2021-11-21,77,2,3,nan,16,12,77.0,40
65,宜蘭,2021-11-21,42,2,2,nan,11,22,42.0,18
66,冬山,2021-11-21,39,5,2,nan,15,13,39.0,15
67,三重,2021-11-21,62,5,16,nan,30,62,nan,44
68,中壢,2021-11-21,53,5,10,nan,31,53,nan,49
69,竹山,2021-11-21,85,8,3,nan,47,27,74.0,85
70,永和,2021-11-21,64,5,14,nan,25,64,nan,43
71,復興,2021-11-21,65,8,6,nan,44,37,nan,65
72,埔里,2021-11-21,52,5,5,nan,23,27,47.0,52
11,士林,2021-11-21,51,2,5,nan,22,37,51.0,35
75,馬祖,2021-11-21,58,15,3,nan,36,17,49.0,58
77,金門,2021-11-21,74,22,3,nan,51,30,74.0,68
14,古亭,2021-11-21,52,15,6,nan,18,52,50.0,38
78,馬公,2021-11-21,71,2,2,nan,40,5,71.0,54
10,淡水,2021-11-21,42,2,5,nan,16,35,42.0,29
10,淡水,2021-11-22,29,2,5,nan,18.0,28,29.0,26.0
77,金門,2021-11-22,41,10,5,nan,26.0,18,28.0,41.0
80,關山,2021-11-22,31,2,3,nan,29.0,10,31.0,14.0
78,馬公,2021-11-22,46,2,5,nan,23.0,10,46.0,35.0
49,仁武,2021-11-22,86,10,6,nan,74.0,42,47.0,86.0
48,橋頭,2021-11-22,88,5,5,nan,83.0,38,48.0,88.0
47,美濃,2021-11-22,61,5,6,nan,51.0,20,58.0,61.0
46,臺南,2021-11-22,89,5,6,nan,89.0,30,46.0,75.0
45,安南,2021-11-22,94,5,6,nan,94.0,30,51.0,71.0
50,鳳山,2021-11-22,94,10,10,nan,74.0,55,nan,94.0
51,大寮,2021-11-22,76,8,6,nan,69.0,37,51.0,76.0
52,林園,2021-11-22,90,18,7,nan,90.0,54,51.0,82.0
54,左營,2021-11-22,87,8,6,nan,85.0,35,50.0,87.0
44,善化,2021-11-22,78,2,5,nan,73.0,25,41.0,78.0
56,前金,2021-11-22,87,8,7,nan,86.0,37,51.0,87.0
57,前鎮,2021-11-22,84,8,8,nan,81.0,45,nan,84.0
43,新營,2021-11-22,89,5,6,nan,89.0,25,40.0,73.0
58,小港,2021-11-22,79,8,7,nan,76.0,47,58.0,79.0
59,屏東,2021-11-22,67,5,5,nan,62.0,27,61.0,67.0
60,潮州,2021-11-22,80,2,6,nan,60.0,28,80.0,68.0
42,嘉義,2021-11-22,78,28,6,nan,68.0,32,39.0,78.0
61,恆春,2021-11-22,39,2,3,nan,19.0,7,39.0,31.0
62,臺東,2021-11-22,39,2,3,nan,24.0,8,39.0,15.0
63,花蓮,2021-11-22,35,2,5,nan,18.0,15,35.0,16.0
41,臺西,2021-11-22,59,5,5,nan,59.0,18,nan,52.0
64,陽明,2021-11-22,32,0,5,nan,5.0,7,32.0,15.0
65,宜蘭,2021-11-22,29,0,5,nan,10.0,20,29.0,16.0
66,冬山,2021-11-22,29,5,5,nan,16.0,23,29.0,13.0
67,三重,2021-11-22,60,2,16,nan,21.0,60,nan,37.0
68,中壢,2021-11-22,48,2,8,nan,23.0,48,nan,34.0
40,朴子,2021-11-22,92,5,6,nan,92.0,25,35.0,62.0
69,竹山,2021-11-22,55,8,6,nan,30.0,27,36.0,55.0
39,新港,2021-11-22,104,10,6,nan,104.0,25,19.0,70.0
70,永和,2021-11-22,48,2,10,nan,16.0,48,nan,28.0
38,崙背,2021-11-22,107,10,6,nan,107.0,22,29.0,62.0
71,復興,2021-11-22,81,8,8,nan,78.0,42,nan,81.0
37,斗六,2021-11-22,71,5,6,nan,57.0,25,36.0,71.0
72,埔里,2021-11-22,47,2,5,nan,22.0,18,47.0,45.0
36,南投,2021-11-22,52,5,6,nan,33.0,32,30.0,52.0
75,馬祖,2021-11-22,34,2,3,nan,16.0,8,34.0,30.0
35,二林,2021-11-22,74,5,5,nan,74.0,23,31.0,48.0
34,線西,2021-11-22,51,5,5,nan,42.0,38,nan,51.0
33,彰化,2021-11-22,48,5,6,nan,48.0,43,26.0,48.0
32,西屯,2021-11-22,49,2,6,nan,38.0,32,26.0,49.0
31,忠明,2021-11-22,45,5,6,nan,28.0,45,25.0,45.0
30,大里,2021-11-22,42,5,6,nan,30.0,42,27.0,40.0
29,沙鹿,2021-11-22,42,2,5,nan,37.0,35,27.0,42.0
28,豐原,2021-11-22,28,5,5,nan,15.0,22,25.0,28.0
27,三義,2021-11-22,24,2,5,nan,15.0,23,24.0,23.0
26,苗栗,2021-11-22,31,2,5,nan,23.0,25,24.0,31.0
25,頭份,2021-11-22,34,8,6,nan,20.0,22,nan,34.0
24,新竹,2021-11-22,36,2,6,nan,20.0,27,23.0,36.0
23,竹東,2021-11-22,28,2,5,nan,12.0,18,25.0,28.0
22,湖口,2021-11-22,34,2,5,nan,21.0,15,25.0,34.0
21,龍潭,2021-11-22,33,5,6,nan,13.0,33,23.0,27.0
20,平鎮,2021-11-22,35,2,6,nan,20.0,33,21.0,35.0
19,觀音,2021-11-22,28,8,5,nan,21.0,18,27.0,28.0
18,大園,2021-11-22,33,2,5,nan,19.0,33,26.0,26.0
17,桃園,2021-11-22,36,8,6,nan,17.0,33,30.0,36.0
16,大同,2021-11-22,54,2,14,nan,19.0,54,nan,32.0
15,松山,2021-11-22,45,5,6,nan,18.0,45,20.0,31.0
14,古亭,2021-11-22,35,0,6,nan,13.0,35,20.0,24.0
13,萬華,2021-11-22,47,2,7,nan,14.0,47,17.0,27.0
12,中山,2021-11-22,52,2,7,nan,14.0,52,18.0,26.0
11,士林,2021-11-22,37,0,5,nan,16.0,37,29.0,25.0
9,林口,2021-11-22,28,0,5,nan,15.0,27,28.0,25.0
8,菜寮,2021-11-22,53,2,6,nan,14.0,53,22.0,31.0
7,新莊,2021-11-22,52,2,5,nan,15.0,52,25.0,30.0
6,板橋,2021-11-22,47,2,7,nan,18.0,47,20.0,33.0
5,土城,2021-11-22,50,2,7,nan,18.0,50,19.0,29.0
4,新店,2021-11-22,30,2,6,nan,13.0,30,21.0,23.0
3,萬里,2021-11-22,40,2,5,nan,40.0,10,34.0,40.0
2,汐止,2021-11-22,38,5,5,nan,15.0,38,26.0,26.0
1,基隆,2021-11-22,35,5,5,nan,21.0,25,31.0,35.0
85,大城,2021-11-22,38,2,5,nan,nan,20,38.0,nan
84,富貴角,2021-11-22,44,0,5,nan,44.0,8,38.0,36.0
83,麥寮,2021-11-22,106,8,6,nan,106.0,22,nan,58.0
85,大城,2021-11-23,40,5,3,nan,33.0,18,28.0,40
84,富貴角,2021-11-23,63,0,1,nan,63.0,7,37.0,45
83,麥寮,2021-11-23,46,12,5,nan,nan,33,nan,46
80,關山,2021-11-23,30,2,3,nan,16.0,12,30.0,16
78,馬公,2021-11-23,51,2,2,nan,46.0,8,34.0,51
77,金門,2021-11-23,63,5,5,nan,43.0,20,35.0,63
6,板橋,2021-11-23,51,2,5,nan,31.0,51,24.0,47
75,馬祖,2021-11-23,72,2,3,nan,60.0,12,41.0,72
7,新莊,2021-11-23,52,2,5,nan,32.0,52,23.0,45
8,菜寮,2021-11-23,48,2,5,nan,28.0,45,24.0,48
72,埔里,2021-11-23,34,2,6,nan,18.0,23,12.0,34
9,林口,2021-11-23,43,2,3,nan,32.0,42,25.0,43
10,淡水,2021-11-23,38,2,2,nan,33.0,15,26.0,38
71,復興,2021-11-23,61,5,9,nan,49.0,47,nan,61
70,永和,2021-11-23,44,2,6,nan,31.0,38,nan,44
69,竹山,2021-11-23,43,5,3,nan,28.0,43,19.0,43
68,中壢,2021-11-23,53,5,11,nan,33.0,53,nan,43
11,士林,2021-11-23,37,2,3,nan,26.0,37,26.0,34
12,中山,2021-11-23,52,2,7,nan,32.0,52,22.0,45
67,三重,2021-11-23,57,2,14,nan,34.0,57,nan,52
13,萬華,2021-11-23,53,2,5,nan,29.0,53,25.0,45
66,冬山,2021-11-23,25,5,2,nan,17.0,17,25.0,19
14,古亭,2021-11-23,43,2,5,nan,28.0,40,25.0,43
15,松山,2021-11-23,52,2,5,nan,33.0,52,23.0,45
65,宜蘭,2021-11-23,28,2,2,nan,12.0,15,28.0,22
16,大同,2021-11-23,56,2,11,nan,39.0,56,nan,51
17,桃園,2021-11-23,51,10,6,nan,28.0,51,27.0,48
64,陽明,2021-11-23,33,0,2,nan,10.0,5,33.0,21
18,大園,2021-11-23,44,5,2,nan,44.0,37,25.0,42
63,花蓮,2021-11-23,31,2,3,nan,15.0,23,31.0,15
62,臺東,2021-11-23,29,2,3,nan,16.0,17,29.0,16
19,觀音,2021-11-23,53,20,2,nan,49.0,28,24.0,53
20,平鎮,2021-11-23,53,8,6,nan,35.0,53,21.0,48
61,恆春,2021-11-23,39,2,3,nan,9.0,3,39.0,17
21,龍潭,2021-11-23,33,5,3,nan,21.0,32,27.0,33
60,潮州,2021-11-23,67,8,6,nan,54.0,32,67.0,63
22,湖口,2021-11-23,49,2,3,nan,39.0,38,27.0,49
23,竹東,2021-11-23,31,2,2,nan,15.0,22,29.0,31
59,屏東,2021-11-23,59,5,5,nan,50.0,32,40.0,59
58,小港,2021-11-23,65,8,7,nan,51.0,55,36.0,65
24,新竹,2021-11-23,52,5,5,nan,37.0,52,26.0,47
3,萬里,2021-11-23,69,2,2,nan,69.0,8,36.0,51
57,前鎮,2021-11-23,61,8,7,nan,55.0,51,nan,61
56,前金,2021-11-23,61,5,6,nan,47.0,47,35.0,61
2,汐止,2021-11-23,54,5,3,nan,30.0,54,22.0,44
25,頭份,2021-11-23,42,8,3,nan,31.0,37,nan,42
1,基隆,2021-11-23,47,5,3,nan,37.0,22,30.0,47
4,新店,2021-11-23,37,2,3,nan,25.0,35,25.0,37
42,嘉義,2021-11-23,46,22,3,nan,32.0,42,27.0,46
26,苗栗,2021-11-23,35,5,3,nan,23.0,25,27.0,35
54,左營,2021-11-23,61,8,6,nan,48.0,43,36.0,61
41,臺西,2021-11-23,47,8,3,nan,47.0,18,nan,42
27,三義,2021-11-23,28,2,2,nan,15.0,23,27.0,28
28,豐原,2021-11-23,27,2,3,nan,13.0,17,26.0,27
52,林園,2021-11-23,79,15,7,nan,69.0,54,61.0,79
29,沙鹿,2021-11-23,31,5,2,nan,22.0,22,28.0,31
40,朴子,2021-11-23,46,10,3,nan,41.0,40,28.0,46
51,大寮,2021-11-23,65,12,6,nan,49.0,45,37.0,65
30,大里,2021-11-23,40,5,5,nan,18.0,40,24.0,28
43,新營,2021-11-23,44,2,3,nan,35.0,32,31.0,44
50,鳳山,2021-11-23,74,10,9,nan,47.0,59,nan,74
39,新港,2021-11-23,44,2,3,nan,34.0,22,26.0,44
45,安南,2021-11-23,47,8,5,nan,47.0,38,32.0,46
31,忠明,2021-11-23,42,5,3,nan,20.0,42,25.0,37
49,仁武,2021-11-23,63,8,5,nan,40.0,45,34.0,63
38,崙背,2021-11-23,43,8,3,nan,43.0,23,24.0,43
36,南投,2021-11-23,45,5,5,nan,24.0,45,21.0,43
32,西屯,2021-11-23,33,2,2,nan,23.0,27,26.0,33
44,善化,2021-11-23,47,2,3,nan,31.0,30,32.0,47
46,臺南,2021-11-23,53,8,3,nan,44.0,40,33.0,53
48,橋頭,2021-11-23,58,5,3,nan,46.0,43,35.0,58
33,彰化,2021-11-23,35,2,3,nan,26.0,35,26.0,32
5,土城,2021-11-23,42,2,5,nan,26.0,42,24.0,37
34,線西,2021-11-23,37,10,2,nan,26.0,23,nan,37
37,斗六,2021-11-23,45,5,3,nan,31.0,33,22.0,45
47,美濃,2021-11-23,54,5,5,nan,39.0,23,38.0,54
35,二林,2021-11-23,33,2,3,nan,33.0,20,25.0,33
30,大里,2021-11-24,52,5,5,nan,31,52,35.0,44
85,大城,2021-11-24,44,18,3,nan,38,38,44.0,43
84,富貴角,2021-11-24,46,0,1,nan,37,5,46.0,23
83,麥寮,2021-11-24,49,22,5,nan,40,37,nan,49
80,關山,2021-11-24,29,2,2,nan,18,15,29.0,21
78,馬公,2021-11-24,44,2,2,nan,31,7,44.0,34
77,金門,2021-11-24,66,12,3,nan,60,22,50.0,66
75,馬祖,2021-11-24,60,5,2,nan,56,17,49.0,60
72,埔里,2021-11-24,55,2,5,nan,29,33,43.0,55
71,復興,2021-11-24,64,8,9,nan,46,50,nan,64
70,永和,2021-11-24,30,2,3,nan,28,25,nan,30
69,竹山,2021-11-24,66,8,3,nan,39,43,48.0,66
68,中壢,2021-11-24,47,5,9,nan,29,47,nan,31
67,三重,2021-11-24,57,2,11,nan,33,57,nan,36
66,冬山,2021-11-24,30,0,2,nan,16,15,30.0,20
65,宜蘭,2021-11-24,27,2,2,nan,13,12,27.0,21
64,陽明,2021-11-24,40,2,2,nan,12,5,40.0,17
63,花蓮,2021-11-24,35,2,5,nan,17,35,29.0,16
62,臺東,2021-11-24,31,2,2,nan,13,17,31.0,13
61,恆春,2021-11-24,40,2,1,nan,8,2,40.0,15
60,潮州,2021-11-24,93,10,5,nan,49,30,93.0,70
59,屏東,2021-11-24,84,5,5,nan,49,30,84.0,67
58,小港,2021-11-24,68,12,8,nan,48,68,43.0,66
57,前鎮,2021-11-24,67,8,7,nan,53,50,nan,67
56,前金,2021-11-24,66,10,6,nan,44,42,64.0,66
54,左營,2021-11-24,67,10,5,nan,49,45,58.0,67
52,林園,2021-11-24,72,30,5,nan,55,52,64.0,72
51,大寮,2021-11-24,74,28,6,nan,53,56,67.0,74
50,鳳山,2021-11-24,79,15,9,nan,47,62,nan,79
49,仁武,2021-11-24,69,10,6,nan,46,52,51.0,69
48,橋頭,2021-11-24,71,8,5,nan,50,53,61.0,71
47,美濃,2021-11-24,77,2,3,nan,35,20,77.0,60
46,臺南,2021-11-24,58,8,5,nan,43,37,50.0,58
45,安南,2021-11-24,53,5,3,nan,45,38,51.0,53
44,善化,2021-11-24,62,8,3,nan,40,42,50.0,62
43,新營,2021-11-24,57,8,3,nan,44,38,54.0,57
42,嘉義,2021-11-24,67,30,5,nan,46,47,49.0,67
41,臺西,2021-11-24,46,18,3,nan,35,27,nan,46
40,朴子,2021-11-24,52,8,3,nan,40,38,44.0,52
39,新港,2021-11-24,57,8,3,nan,44,33,48.0,57
38,崙背,2021-11-24,53,15,5,nan,42,42,41.0,53
37,斗六,2021-11-24,61,12,5,nan,44,45,47.0,61
36,南投,2021-11-24,55,8,5,nan,34,52,44.0,55
35,二林,2021-11-24,44,15,3,nan,44,37,35.0,40
34,線西,2021-11-24,46,15,3,nan,36,37,nan,46
33,彰化,2021-11-24,51,5,5,nan,39,51,31.0,40
32,西屯,2021-11-24,47,5,3,nan,33,47,32.0,46
31,忠明,2021-11-24,51,5,5,nan,28,51,32.0,45
29,沙鹿,2021-11-24,38,5,3,nan,31,38,33.0,33
28,豐原,2021-11-24,33,8,3,nan,22,32,30.0,33
27,三義,2021-11-24,29,2,2,nan,21,27,29.0,29
26,苗栗,2021-11-24,37,5,3,nan,25,37,28.0,27
25,頭份,2021-11-24,43,5,3,nan,27,43,nan,31
24,新竹,2021-11-24,37,8,3,nan,27,37,24.0,36
23,竹東,2021-11-24,30,2,2,nan,22,20,30.0,27
22,湖口,2021-11-24,37,8,2,nan,27,25,27.0,37
21,龍潭,2021-11-24,30,5,2,nan,25,25,30.0,26
20,平鎮,2021-11-24,33,8,3,nan,27,33,24.0,32
19,觀音,2021-11-24,37,22,2,nan,33,27,29.0,37
18,大園,2021-11-24,35,8,2,nan,32,35,28.0,31
17,桃園,2021-11-24,35,12,3,nan,26,32,31.0,35
16,大同,2021-11-24,58,5,11,nan,34,58,nan,37
15,松山,2021-11-24,55,8,3,nan,32,55,21.0,32
14,古亭,2021-11-24,30,2,2,nan,26,30,29.0,29
13,萬華,2021-11-24,52,5,5,nan,27,52,24.0,33
12,中山,2021-11-24,50,5,6,nan,30,50,21.0,31
11,士林,2021-11-24,34,10,2,nan,27,15,34.0,25
10,淡水,2021-11-24,35,2,5,nan,23,35,27.0,24
9,林口,2021-11-24,40,5,3,nan,26,40,25.0,32
8,菜寮,2021-11-24,37,5,3,nan,26,37,26.0,33
7,新莊,2021-11-24,42,5,3,nan,31,42,25.0,35
6,板橋,2021-11-24,43,2,5,nan,28,43,26.0,30
5,土城,2021-11-24,28,0,3,nan,24,27,28.0,23
4,新店,2021-11-24,30,2,3,nan,24,22,30.0,23
3,萬里,2021-11-24,39,2,2,nan,39,13,37.0,26
2,汐止,2021-11-24,54,10,3,nan,27,54,17.0,31
1,基隆,2021-11-24,32,2,2,nan,26,32,30.0,32
15,松山,2021-11-25,50,5,3,nan,18,50,21.0,23
61,恆春,2021-11-25,32,2,1,nan,8,2,32.0,16
34,線西,2021-11-25,37,25,2,nan,27,33,nan,37
33,彰化,2021-11-25,50,5,5,nan,31,50,16.0,44
58,小港,2021-11-25,78,10,7,nan,54,61,25.0,78
84,富貴角,2021-11-25,48,0,1,nan,23,2,48.0,13
16,大同,2021-11-25,57,8,15,nan,20,57,nan,26
1,基隆,2021-11-25,37,2,5,nan,12,28,37.0,23
32,西屯,2021-11-25,47,2,3,nan,30,47,18.0,45
70,永和,2021-11-25,47,2,7,nan,17,47,nan,25
31,忠明,2021-11-25,52,5,5,nan,27,52,14.0,46
17,桃園,2021-11-25,53,20,7,nan,16,53,30.0,32
69,竹山,2021-11-25,79,15,6,nan,45,55,19.0,79
85,大城,2021-11-25,36,10,2,nan,29,35,36.0,36
63,花蓮,2021-11-25,30,2,3,nan,15,30,25.0,19
18,大園,2021-11-25,50,10,1,nan,20,50,32.0,20
60,潮州,2021-11-25,83,10,5,nan,52,42,41.0,83
30,大里,2021-11-25,55,5,8,nan,36,55,13.0,54
29,沙鹿,2021-11-25,36,8,3,nan,25,33,22.0,36
56,前金,2021-11-25,84,10,6,nan,57,55,28.0,84
62,臺東,2021-11-25,23,2,3,nan,11,22,23.0,17
28,豐原,2021-11-25,41,8,3,nan,22,28,19.0,41
44,善化,2021-11-25,73,8,5,nan,46,47,22.0,73
27,三義,2021-11-25,35,5,2,nan,16,35,21.0,31
2,汐止,2021-11-25,52,12,2,nan,14,52,29.0,23
48,橋頭,2021-11-25,86,10,3,nan,60,55,24.0,86
49,仁武,2021-11-25,85,15,6,nan,49,57,21.0,85
57,前鎮,2021-11-25,80,10,8,nan,61,57,nan,80
19,觀音,2021-11-25,37,18,1,nan,23,18,37.0,26
26,苗栗,2021-11-25,40,8,3,nan,21,40,23.0,31
20,平鎮,2021-11-25,54,8,5,nan,19,54,23.0,28
25,頭份,2021-11-25,42,5,3,nan,22,42,nan,31
21,龍潭,2021-11-25,47,5,5,nan,18,47,29.0,22
24,新竹,2021-11-25,47,8,3,nan,19,47,28.0,32
75,馬祖,2021-11-25,62,12,3,nan,39,13,58.0,62
23,竹東,2021-11-25,27,2,3,nan,15,27,27.0,25
22,湖口,2021-11-25,34,5,2,nan,18,20,34.0,30
77,金門,2021-11-25,71,18,3,nan,50,27,71.0,60
68,中壢,2021-11-25,56,5,9,nan,25,56,nan,33
64,陽明,2021-11-25,42,2,1,nan,1,3,42.0,7
43,新營,2021-11-25,66,8,5,nan,50,53,22.0,66
67,三重,2021-11-25,60,5,16,nan,20,60,nan,29
3,萬里,2021-11-25,42,2,1,nan,22,13,42.0,17
4,新店,2021-11-25,42,5,5,nan,14,42,24.0,14
42,嘉義,2021-11-25,78,45,6,nan,53,55,17.0,78
65,宜蘭,2021-11-25,30,0,2,nan,8,22,30.0,16
41,臺西,2021-11-25,36,8,3,nan,32,27,nan,36
66,冬山,2021-11-25,33,2,2,nan,13,33,24.0,20
47,美濃,2021-11-25,70,2,5,nan,38,22,28.0,70
5,土城,2021-11-25,50,5,5,nan,15,50,27.0,17
6,板橋,2021-11-25,52,5,6,nan,16,52,24.0,24
50,鳳山,2021-11-25,93,10,9,nan,56,57,nan,93
40,朴子,2021-11-25,56,10,5,nan,40,37,25.0,56
7,新莊,2021-11-25,56,2,6,nan,17,56,29.0,26
8,菜寮,2021-11-25,52,8,5,nan,14,52,30.0,26
9,林口,2021-11-25,42,10,3,nan,17,42,26.0,21
39,新港,2021-11-25,63,8,5,nan,46,37,22.0,63
10,淡水,2021-11-25,40,2,5,nan,13,40,33.0,19
11,士林,2021-11-25,37,2,2,nan,14,37,37.0,13
51,大寮,2021-11-25,84,25,6,nan,56,51,26.0,84
12,中山,2021-11-25,54,10,7,nan,15,54,19.0,19
13,萬華,2021-11-25,52,8,5,nan,16,52,21.0,22
54,左營,2021-11-25,84,10,6,nan,56,54,28.0,84
38,崙背,2021-11-25,53,20,5,nan,38,37,22.0,53
78,馬公,2021-11-25,46,2,1,nan,23,5,46.0,30
14,古亭,2021-11-25,38,2,3,nan,15,38,26.0,22
37,斗六,2021-11-25,77,10,5,nan,51,50,21.0,77
72,埔里,2021-11-25,56,2,6,nan,27,37,14.0,56
46,臺南,2021-11-25,73,8,6,nan,53,53,23.0,73
80,關山,2021-11-25,24,5,2,nan,20,17,19.0,24
59,屏東,2021-11-25,77,5,6,nan,52,52,25.0,77
36,南投,2021-11-25,70,5,7,nan,42,57,13.0,70
45,安南,2021-11-25,65,8,6,nan,55,51,22.0,65
71,復興,2021-11-25,79,8,11,nan,56,58,nan,79
35,二林,2021-11-25,45,18,3,nan,38,33,25.0,45
52,林園,2021-11-25,94,12,5,nan,66,50,44.0,94
83,麥寮,2021-11-25,41,12,3,nan,32,33,nan,41
51,大寮,2021-11-26,87,25,5,nan,50,45,50.0,87
77,金門,2021-11-26,63,40,3,nan,59,47,54.0,63
52,林園,2021-11-26,105,35,5,nan,65,56,67.0,105
75,馬祖,2021-11-26,80,12,3,nan,33,15,80.0,51
54,左營,2021-11-26,84,10,6,nan,50,52,44.0,84
56,前金,2021-11-26,84,8,6,nan,52,53,47.0,84
72,埔里,2021-11-26,37,2,3,nan,17,33,17.0,37
71,復興,2021-11-26,86,5,9,nan,54,54,nan,86
70,永和,2021-11-26,40,2,6,nan,13,40,nan,23
57,前鎮,2021-11-26,86,8,7,nan,58,54,nan,86
69,竹山,2021-11-26,57,5,3,nan,28,45,21.0,57
58,小港,2021-11-26,90,10,6,nan,53,54,49.0,90
68,中壢,2021-11-26,57,5,9,nan,22,57,nan,31
59,屏東,2021-11-26,83,2,5,nan,43,43,50.0,83
67,三重,2021-11-26,66,5,17,nan,19,66,nan,33
66,冬山,2021-11-26,48,0,2,nan,8,20,48.0,19
65,宜蘭,2021-11-26,44,0,2,nan,5,20,44.0,13
64,陽明,2021-11-26,61,2,1,nan,5,3,61.0,15
63,花蓮,2021-11-26,40,2,3,nan,13,28,40.0,20
60,潮州,2021-11-26,108,5,5,nan,53,38,108.0,89
62,臺東,2021-11-26,34,2,2,nan,8,12,34.0,13
61,恆春,2021-11-26,39,2,1,nan,4,0,39.0,9
2,汐止,2021-11-26,39,2,1,nan,12,32,39.0,20
3,萬里,2021-11-26,67,0,1,nan,41,7,67.0,31
4,新店,2021-11-26,40,5,2,nan,11,37,40.0,19
5,土城,2021-11-26,39,2,3,nan,10,37,39.0,18
6,板橋,2021-11-26,57,2,6,nan,14,57,31.0,26
7,新莊,2021-11-26,45,2,3,nan,15,45,34.0,25
8,菜寮,2021-11-26,43,2,5,nan,13,43,33.0,25
9,林口,2021-11-26,38,2,2,nan,14,30,38.0,22
10,淡水,2021-11-26,48,0,1,nan,14,8,48.0,19
11,士林,2021-11-26,46,2,2,nan,14,33,46.0,19
12,中山,2021-11-26,55,2,6,nan,13,55,29.0,19
13,萬華,2021-11-26,52,2,5,nan,12,52,31.0,19
14,古亭,2021-11-26,37,2,2,nan,11,33,37.0,22
15,松山,2021-11-26,51,2,2,nan,14,51,35.0,19
16,大同,2021-11-26,66,2,14,nan,24,66,nan,32
17,桃園,2021-11-26,47,12,5,nan,13,47,38.0,30
18,大園,2021-11-26,42,5,2,nan,22,33,42.0,23
19,觀音,2021-11-26,44,12,2,nan,28,22,44.0,35
20,平鎮,2021-11-26,42,5,3,nan,16,42,34.0,27
21,龍潭,2021-11-26,44,2,3,nan,12,33,44.0,23
22,湖口,2021-11-26,44,5,2,nan,20,20,44.0,31
23,竹東,2021-11-26,47,2,2,nan,10,22,47.0,22
24,新竹,2021-11-26,43,2,2,nan,20,22,43.0,26
25,頭份,2021-11-26,26,5,2,nan,17,23,nan,26
26,苗栗,2021-11-26,42,5,2,nan,17,28,42.0,21
27,三義,2021-11-26,40,2,2,nan,10,30,40.0,18
28,豐原,2021-11-26,29,2,2,nan,10,18,29.0,21
29,沙鹿,2021-11-26,41,5,2,nan,20,22,41.0,25
30,大里,2021-11-26,35,5,3,nan,16,35,24.0,29
31,忠明,2021-11-26,34,5,3,nan,17,33,23.0,34
32,西屯,2021-11-26,36,2,2,nan,21,25,36.0,31
33,彰化,2021-11-26,42,5,3,nan,21,42,33.0,33
34,線西,2021-11-26,29,8,2,nan,21,23,nan,29
35,二林,2021-11-26,31,2,2,nan,26,22,31.0,27
36,南投,2021-11-26,48,5,5,nan,25,48,19.0,47
37,斗六,2021-11-26,54,5,3,nan,31,37,23.0,54
38,崙背,2021-11-26,41,8,2,nan,27,23,34.0,41
39,新港,2021-11-26,45,2,2,nan,26,20,30.0,45
40,朴子,2021-11-26,42,8,3,nan,26,25,30.0,42
1,基隆,2021-11-26,50,2,2,nan,17,12,50.0,24
41,臺西,2021-11-26,36,8,2,nan,29,17,nan,36
42,嘉義,2021-11-26,61,18,3,nan,34,40,23.0,61
43,新營,2021-11-26,55,5,3,nan,31,40,31.0,55
44,善化,2021-11-26,56,5,2,nan,32,32,34.0,56
45,安南,2021-11-26,56,8,3,nan,35,38,34.0,56
46,臺南,2021-11-26,60,8,3,nan,38,38,35.0,60
47,美濃,2021-11-26,71,5,3,nan,35,22,44.0,71
48,橋頭,2021-11-26,77,5,2,nan,50,48,42.0,77
85,大城,2021-11-26,44,8,1,nan,27,17,44.0,31
84,富貴角,2021-11-26,84,0,1,nan,35,5,84.0,29
83,麥寮,2021-11-26,36,12,2,nan,31,23,nan,36
49,仁武,2021-11-26,82,15,6,nan,45,48,44.0,82
80,關山,2021-11-26,34,2,2,nan,10,12,34.0,11
50,鳳山,2021-11-26,96,8,9,nan,52,55,nan,96
78,馬公,2021-11-26,61,2,1,nan,26,3,61.0,31
38,崙背,2021-11-27,62,10,5,nan,44.0,37,44.0,62.0
57,前鎮,2021-11-27,69,10,6,nan,50.0,50,nan,69.0
72,埔里,2021-11-27,28,2,5,nan,14.0,28,24.0,26.0
63,花蓮,2021-11-27,42,2,3,nan,17.0,42,37.0,21.0
42,嘉義,2021-11-27,66,28,6,nan,42.0,47,46.0,66.0
43,新營,2021-11-27,58,8,3,nan,39.0,35,49.0,58.0
58,小港,2021-11-27,76,32,7,nan,50.0,69,40.0,76.0
69,竹山,2021-11-27,62,8,3,nan,30.0,33,47.0,62.0
65,宜蘭,2021-11-27,45,0,2,nan,10.0,27,45.0,25.0
44,善化,2021-11-27,58,8,3,nan,35.0,30,46.0,58.0
80,關山,2021-11-27,43,2,1,nan,11.0,8,43.0,13.0
70,永和,2021-11-27,33,0,5,nan,18.0,30,nan,33.0
45,安南,2021-11-27,55,5,3,nan,42.0,27,49.0,55.0
75,馬祖,2021-11-27,67,5,3,nan,49.0,13,67.0,62.0
15,松山,2021-11-27,44,2,2,nan,22.0,42,44.0,35.0
46,臺南,2021-11-27,63,5,6,nan,44.0,43,48.0,63.0
59,屏東,2021-11-27,87,8,6,nan,54.0,43,61.0,87.0
47,美濃,2021-11-27,73,5,3,nan,39.0,22,45.0,73.0
64,陽明,2021-11-27,71,2,2,nan,10.0,2,71.0,20.0
48,橋頭,2021-11-27,77,5,5,nan,55.0,56,44.0,77.0
16,大同,2021-11-27,57,2,7,nan,26.0,57,nan,43.0
61,恆春,2021-11-27,51,2,1,nan,12.0,2,51.0,15.0
49,仁武,2021-11-27,73,8,6,nan,48.0,53,44.0,73.0
10,淡水,2021-11-27,39,0,2,nan,18.0,23,39.0,25.0
50,鳳山,2021-11-27,86,15,10,nan,52.0,57,nan,86.0
78,馬公,2021-11-27,77,2,2,nan,35.0,3,77.0,49.0
51,大寮,2021-11-27,84,30,7,nan,53.0,57,45.0,84.0
71,復興,2021-11-27,70,8,8,nan,46.0,51,nan,70.0
62,臺東,2021-11-27,44,2,2,nan,16.0,12,44.0,18.0
77,金門,2021-11-27,74,12,2,nan,59.0,22,74.0,61.0
52,林園,2021-11-27,86,30,6,nan,56.0,48,84.0,86.0
85,大城,2021-11-27,51,5,1,nan,nan,15,51.0,nan
60,潮州,2021-11-27,104,20,3,nan,50.0,27,104.0,85.0
54,左營,2021-11-27,72,5,5,nan,49.0,40,47.0,72.0
84,富貴角,2021-11-27,90,0,1,nan,53.0,2,90.0,47.0
56,前金,2021-11-27,67,5,5,nan,45.0,30,50.0,67.0
83,麥寮,2021-11-27,52,10,2,nan,51.0,22,nan,52.0
28,豐原,2021-11-27,40,8,5,nan,17.0,40,31.0,31.0
27,三義,2021-11-27,44,2,2,nan,13.0,30,44.0,21.0
26,苗栗,2021-11-27,49,5,3,nan,18.0,47,49.0,28.0
12,中山,2021-11-27,42,2,5,nan,21.0,42,37.0,38.0
29,沙鹿,2021-11-27,47,8,3,nan,23.0,45,47.0,40.0
41,臺西,2021-11-27,44,8,2,nan,40.0,13,nan,44.0
40,朴子,2021-11-27,57,8,3,nan,42.0,32,46.0,57.0
25,頭份,2021-11-27,27,2,2,nan,17.0,20,nan,27.0
30,大里,2021-11-27,56,5,7,nan,26.0,56,35.0,38.0
24,新竹,2021-11-27,49,5,2,nan,16.0,23,49.0,32.0
31,忠明,2021-11-27,55,5,6,nan,21.0,55,40.0,40.0
23,竹東,2021-11-27,54,2,1,nan,7.0,12,54.0,18.0
32,西屯,2021-11-27,43,2,3,nan,23.0,43,43.0,36.0
13,萬華,2021-11-27,43,2,3,nan,19.0,43,42.0,35.0
39,新港,2021-11-27,60,10,5,nan,42.0,35,45.0,60.0
22,湖口,2021-11-27,46,2,2,nan,17.0,17,46.0,36.0
33,彰化,2021-11-27,45,5,5,nan,27.0,45,42.0,39.0
1,基隆,2021-11-27,58,2,2,nan,25.0,12,58.0,38.0
21,龍潭,2021-11-27,51,2,2,nan,14.0,22,51.0,21.0
2,汐止,2021-11-27,39,2,2,nan,19.0,38,39.0,35.0
34,線西,2021-11-27,46,12,6,nan,34.0,33,nan,46.0
3,萬里,2021-11-27,80,5,2,nan,50.0,8,80.0,47.0
4,新店,2021-11-27,45,2,3,nan,15.0,33,45.0,26.0
5,土城,2021-11-27,44,2,3,nan,15.0,33,44.0,27.0
35,二林,2021-11-27,46,10,7,nan,41.0,37,45.0,46.0
11,士林,2021-11-27,50,2,2,nan,19.0,13,50.0,34.0
14,古亭,2021-11-27,47,2,2,nan,15.0,28,47.0,34.0
20,平鎮,2021-11-27,46,2,3,nan,16.0,23,46.0,35.0
19,觀音,2021-11-27,43,8,2,nan,22.0,28,43.0,39.0
6,板橋,2021-11-27,44,2,3,nan,18.0,35,44.0,37.0
36,南投,2021-11-27,52,8,5,nan,26.0,52,39.0,50.0
7,新莊,2021-11-27,43,2,3,nan,20.0,32,43.0,36.0
18,大園,2021-11-27,41,5,2,nan,21.0,35,41.0,31.0
8,菜寮,2021-11-27,43,2,3,nan,19.0,28,43.0,37.0
17,桃園,2021-11-27,48,12,3,nan,16.0,27,48.0,38.0
67,三重,2021-11-27,61,2,11,nan,23.0,61,nan,46.0
68,中壢,2021-11-27,43,2,7,nan,19.0,43,nan,34.0
66,冬山,2021-11-27,46,12,2,nan,13.0,33,46.0,32.0
37,斗六,2021-11-27,63,8,5,nan,37.0,40,49.0,63.0
9,林口,2021-11-27,43,2,3,nan,18.0,38,43.0,34.0
70,永和,2021-11-28,27,0,3,nan,12,27,nan,22
28,豐原,2021-11-28,76,12,6,nan,43,33,31.0,76
29,沙鹿,2021-11-28,65,8,7,nan,41,52,36.0,65
30,大里,2021-11-28,90,8,9,nan,61,58,34.0,90
31,忠明,2021-11-28,81,8,9,nan,44,58,32.0,81
32,西屯,2021-11-28,77,5,8,nan,48,54,34.0,77
33,彰化,2021-11-28,75,12,8,nan,50,55,36.0,75
34,線西,2021-11-28,51,38,5,nan,39,48,nan,51
35,二林,2021-11-28,70,20,6,nan,55,37,37.0,70
36,南投,2021-11-28,99,8,6,nan,56,45,47.0,99
37,斗六,2021-11-28,118,10,6,nan,75,42,48.0,118
38,崙背,2021-11-28,95,20,6,nan,63,33,34.0,95
39,新港,2021-11-28,97,12,7,nan,66,35,40.0,97
40,朴子,2021-11-28,80,10,6,nan,55,33,40.0,80
41,臺西,2021-11-28,50,8,3,nan,44,30,nan,50
42,嘉義,2021-11-28,96,12,5,nan,59,42,44.0,96
43,新營,2021-11-28,93,8,6,nan,59,40,44.0,93
44,善化,2021-11-28,86,8,5,nan,47,33,38.0,86
45,安南,2021-11-28,84,5,6,nan,56,42,39.0,84
46,臺南,2021-11-28,83,5,6,nan,58,38,37.0,83
47,美濃,2021-11-28,79,5,5,nan,41,17,33.0,79
1,基隆,2021-11-28,34,0,2,nan,11,17,34.0,24
2,汐止,2021-11-28,33,2,1,nan,10,30,33.0,17
3,萬里,2021-11-28,36,15,1,nan,20,17,36.0,21
4,新店,2021-11-28,36,2,2,nan,9,18,36.0,15
5,土城,2021-11-28,34,2,3,nan,10,25,34.0,11
6,板橋,2021-11-28,35,0,3,nan,11,28,35.0,22
7,新莊,2021-11-28,35,0,2,nan,12,17,35.0,21
8,菜寮,2021-11-28,34,2,3,nan,10,20,34.0,25
9,林口,2021-11-28,37,2,1,nan,8,13,37.0,15
85,大城,2021-11-28,52,2,2,nan,46,45,44.0,52
84,富貴角,2021-11-28,48,2,1,nan,48,3,44.0,38
83,麥寮,2021-11-28,54,8,3,nan,45,28,nan,54
80,關山,2021-11-28,31,2,1,nan,11,8,31.0,11
78,馬公,2021-11-28,44,2,1,nan,27,7,44.0,36
77,金門,2021-11-28,39,18,2,nan,33,17,39.0,36
75,馬祖,2021-11-28,39,2,1,nan,22,7,39.0,31
72,埔里,2021-11-28,31,2,3,nan,15,18,22.0,31
71,復興,2021-11-28,86,5,9,nan,50,42,nan,86
69,竹山,2021-11-28,102,8,5,nan,50,37,38.0,102
68,中壢,2021-11-28,47,2,10,nan,12,47,nan,20
67,三重,2021-11-28,53,2,12,nan,16,53,nan,25
66,冬山,2021-11-28,25,2,2,nan,10,13,25.0,20
65,宜蘭,2021-11-28,32,5,2,nan,9,20,32.0,18
64,陽明,2021-11-28,42,2,1,nan,6,5,42.0,12
63,花蓮,2021-11-28,30,2,2,nan,15,20,30.0,24
62,臺東,2021-11-28,32,2,1,nan,7,12,32.0,10
61,恆春,2021-11-28,42,2,1,nan,6,2,42.0,13
60,潮州,2021-11-28,80,5,3,nan,43,17,41.0,80
59,屏東,2021-11-28,93,2,5,nan,52,30,34.0,93
58,小港,2021-11-28,87,5,6,nan,52,50,38.0,87
57,前鎮,2021-11-28,82,5,7,nan,54,42,nan,82
56,前金,2021-11-28,87,2,6,nan,53,35,38.0,87
54,左營,2021-11-28,92,5,6,nan,50,37,38.0,92
52,林園,2021-11-28,103,20,5,nan,61,38,41.0,103
51,大寮,2021-11-28,100,22,5,nan,55,32,34.0,100
50,鳳山,2021-11-28,108,8,9,nan,57,51,nan,108
49,仁武,2021-11-28,96,5,6,nan,51,47,36.0,96
48,橋頭,2021-11-28,97,5,3,nan,57,55,36.0,97
10,淡水,2021-11-28,36,2,1,nan,10,7,36.0,11
11,士林,2021-11-28,41,0,1,nan,12,8,41.0,16
12,中山,2021-11-28,33,2,3,nan,13,33,30.0,20
13,萬華,2021-11-28,33,0,3,nan,11,32,33.0,22
14,古亭,2021-11-28,38,2,2,nan,9,28,38.0,20
15,松山,2021-11-28,34,2,2,nan,14,27,34.0,20
16,大同,2021-11-28,48,2,6,nan,15,48,nan,25
17,桃園,2021-11-28,40,10,3,nan,10,20,40.0,20
18,大園,2021-11-28,35,2,1,nan,10,20,35.0,14
19,觀音,2021-11-28,32,12,1,nan,14,18,32.0,23
20,平鎮,2021-11-28,35,5,3,nan,9,18,35.0,17
21,龍潭,2021-11-28,34,2,3,nan,10,25,34.0,15
22,湖口,2021-11-28,34,2,2,nan,9,13,34.0,21
23,竹東,2021-11-28,26,2,3,nan,12,23,26.0,26
24,新竹,2021-11-28,35,5,3,nan,10,35,32.0,24
25,頭份,2021-11-28,52,5,6,nan,20,52,nan,38
26,苗栗,2021-11-28,51,18,8,nan,27,51,23.0,51
27,三義,2021-11-28,64,5,5,nan,33,33,32.0,64
40,朴子,2021-11-29,47,8,3,nan,35,22,41.0,47
63,花蓮,2021-11-29,38,2,3,nan,8,38,30.0,11
41,臺西,2021-11-29,27,12,2,nan,27,23,nan,27
64,陽明,2021-11-29,38,2,1,nan,3,2,38.0,8
65,宜蘭,2021-11-29,31,2,2,nan,6,23,31.0,11
66,冬山,2021-11-29,35,2,2,nan,9,35,24.0,16
67,三重,2021-11-29,55,2,12,nan,14,55,nan,20
68,中壢,2021-11-29,54,5,18,nan,13,54,nan,18
69,竹山,2021-11-29,60,12,2,nan,36,33,44.0,60
37,斗六,2021-11-29,84,15,6,nan,56,28,37.0,84
70,永和,2021-11-29,40,0,6,nan,9,40,nan,15
71,復興,2021-11-29,81,8,9,nan,52,51,nan,81
72,埔里,2021-11-29,45,8,5,nan,21,33,45.0,39
42,嘉義,2021-11-29,72,12,6,nan,47,33,35.0,72
75,馬祖,2021-11-29,41,8,2,nan,21,12,41.0,34
77,金門,2021-11-29,43,12,2,nan,32,23,43.0,31
78,馬公,2021-11-29,44,0,1,nan,26,5,44.0,35
43,新營,2021-11-29,65,18,6,nan,42,33,36.0,65
80,關山,2021-11-29,25,2,1,nan,6,15,25.0,7
83,麥寮,2021-11-29,30,2,2,nan,27,30,nan,30
84,富貴角,2021-11-29,40,8,1,nan,22,8,40.0,13
85,大城,2021-11-29,44,2,1,nan,28,25,44.0,24
44,善化,2021-11-29,78,10,5,nan,44,37,33.0,78
35,二林,2021-11-29,48,12,5,nan,42,32,40.0,48
45,安南,2021-11-29,63,10,5,nan,45,32,36.0,63
46,臺南,2021-11-29,64,10,6,nan,49,38,37.0,64
47,美濃,2021-11-29,59,5,3,nan,30,35,31.0,59
48,橋頭,2021-11-29,85,8,5,nan,55,55,38.0,85
49,仁武,2021-11-29,91,8,6,nan,50,57,42.0,91
50,鳳山,2021-11-29,92,10,9,nan,52,57,nan,92
38,崙背,2021-11-29,78,12,5,nan,41,28,40.0,78
51,大寮,2021-11-29,94,18,5,nan,57,51,46.0,94
52,林園,2021-11-29,89,10,3,nan,52,33,71.0,89
54,左營,2021-11-29,88,10,6,nan,50,43,44.0,88
56,前金,2021-11-29,83,8,6,nan,51,45,47.0,83
57,前鎮,2021-11-29,86,10,7,nan,57,51,nan,86
39,新港,2021-11-29,64,15,5,nan,46,27,41.0,64
58,小港,2021-11-29,80,10,6,nan,48,62,32.0,80
11,士林,2021-11-29,35,0,1,nan,9,18,35.0,6
12,中山,2021-11-29,52,2,6,nan,11,52,24.0,14
10,淡水,2021-11-29,34,2,1,nan,6,5,34.0,11
59,屏東,2021-11-29,87,18,6,nan,51,51,47.0,87
13,萬華,2021-11-29,50,0,3,nan,7,50,26.0,14
9,林口,2021-11-29,31,2,2,nan,6,23,31.0,7
14,古亭,2021-11-29,32,0,2,nan,6,25,32.0,13
8,菜寮,2021-11-29,35,0,3,nan,8,35,31.0,16
15,松山,2021-11-29,50,2,2,nan,11,50,27.0,15
16,大同,2021-11-29,55,2,10,nan,17,55,nan,22
17,桃園,2021-11-29,35,10,3,nan,7,27,35.0,16
7,新莊,2021-11-29,37,0,2,nan,10,37,31.0,11
18,大園,2021-11-29,30,5,2,nan,8,30,29.0,8
19,觀音,2021-11-29,35,18,2,nan,10,35,31.0,16
6,板橋,2021-11-29,33,2,3,nan,8,33,29.0,10
20,平鎮,2021-11-29,40,2,5,nan,8,40,31.0,13
5,土城,2021-11-29,31,0,2,nan,6,27,31.0,4
21,龍潭,2021-11-29,51,2,6,nan,9,51,29.0,10
22,湖口,2021-11-29,38,2,2,nan,11,38,31.0,22
36,南投,2021-11-29,70,10,5,nan,41,48,58.0,70
23,竹東,2021-11-29,53,2,5,nan,15,53,37.0,25
60,潮州,2021-11-29,76,12,3,nan,41,23,50.0,76
4,新店,2021-11-29,33,2,2,nan,7,17,33.0,6
24,新竹,2021-11-29,55,5,7,nan,16,55,30.0,31
25,頭份,2021-11-29,55,8,5,nan,31,55,nan,43
3,萬里,2021-11-29,33,10,1,nan,9,15,33.0,11
26,苗栗,2021-11-29,53,15,6,nan,28,53,38.0,48
2,汐止,2021-11-29,42,2,2,nan,7,42,30.0,7
61,恆春,2021-11-29,36,2,1,nan,6,2,36.0,6
27,三義,2021-11-29,51,8,3,nan,31,35,39.0,51
1,基隆,2021-11-29,33,0,2,nan,8,17,33.0,14
28,豐原,2021-11-29,52,5,5,nan,32,40,45.0,52
62,臺東,2021-11-29,25,2,2,nan,7,17,25.0,12
29,沙鹿,2021-11-29,55,10,6,nan,39,52,39.0,55
30,大里,2021-11-29,81,10,8,nan,62,57,35.0,81
31,忠明,2021-11-29,67,8,8,nan,43,59,19.0,67
32,西屯,2021-11-29,64,8,6,nan,44,55,41.0,64
33,彰化,2021-11-29,68,32,7,nan,51,57,34.0,68
34,線西,2021-11-29,52,20,6,nan,43,48,nan,52
11,士林,2021-11-30,43,2,3,nan,24,42,43.0,32
52,林園,2021-11-30,75,12,3,nan,62,33,44.0,75
51,大寮,2021-11-30,61,10,2,nan,49,37,37.0,61
12,中山,2021-11-30,51,5,8,nan,26,45,32.0,51
28,豐原,2021-11-30,49,5,3,nan,32,25,35.0,49
37,斗六,2021-11-30,58,5,2,nan,58,18,40.0,50
27,三義,2021-11-30,44,5,3,nan,30,35,39.0,44
13,萬華,2021-11-30,46,5,6,nan,23,43,31.0,46
26,苗栗,2021-11-30,54,5,3,nan,34,40,40.0,54
38,崙背,2021-11-30,68,8,3,nan,68,15,37.0,66
21,龍潭,2021-11-30,59,2,5,nan,33,45,36.0,59
14,古亭,2021-11-30,47,2,5,nan,25,37,36.0,47
39,新港,2021-11-30,58,5,2,nan,58,15,37.0,53
50,鳳山,2021-11-30,74,8,7,nan,51,47,nan,74
85,大城,2021-11-30,46,0,2,nan,33,8,46.0,46
40,朴子,2021-11-30,51,8,2,nan,51,17,40.0,46
15,松山,2021-11-30,53,5,5,nan,29,47,36.0,53
84,富貴角,2021-11-30,54,0,3,nan,51,17,49.0,54
83,麥寮,2021-11-30,67,2,2,nan,67,10,nan,51
80,關山,2021-11-30,35,2,2,nan,13,15,35.0,16
49,仁武,2021-11-30,63,8,3,nan,44,42,40.0,63
78,馬公,2021-11-30,46,0,2,nan,22,5,46.0,37
77,金門,2021-11-30,59,5,3,nan,39,48,43.0,59
75,馬祖,2021-11-30,57,10,3,nan,27,23,22.0,57
72,埔里,2021-11-30,61,2,3,nan,29,17,37.0,61
71,復興,2021-11-30,61,8,6,nan,50,45,nan,61
70,永和,2021-11-30,52,2,12,nan,28,51,nan,52
69,竹山,2021-11-30,60,8,2,nan,40,22,36.0,60
68,中壢,2021-11-30,66,2,7,nan,40,55,nan,66
67,三重,2021-11-30,62,10,15,nan,35,62,nan,56
66,冬山,2021-11-30,44,5,3,nan,27,25,44.0,42
65,宜蘭,2021-11-30,42,0,3,nan,18,13,42.0,36
64,陽明,2021-11-30,46,0,3,nan,14,7,46.0,29
63,花蓮,2021-11-30,44,2,3,nan,22,12,44.0,27
1,基隆,2021-11-30,55,5,3,nan,30,33,44.0,55
41,臺西,2021-11-30,45,5,2,nan,36,17,nan,45
25,頭份,2021-11-30,54,8,3,nan,35,42,nan,54
48,橋頭,2021-11-30,65,2,2,nan,57,32,40.0,65
16,大同,2021-11-30,56,10,12,nan,29,56,nan,47
42,嘉義,2021-11-30,52,5,3,nan,46,27,40.0,52
47,美濃,2021-11-30,65,5,3,nan,42,13,44.0,65
24,新竹,2021-11-30,58,5,5,nan,33,40,31.0,58
23,竹東,2021-11-30,51,2,3,nan,24,27,37.0,51
62,臺東,2021-11-30,41,2,2,nan,18,17,41.0,24
43,新營,2021-11-30,55,2,2,nan,54,23,40.0,55
61,恆春,2021-11-30,40,2,1,nan,10,2,40.0,18
17,桃園,2021-11-30,55,25,5,nan,29,48,41.0,55
2,汐止,2021-11-30,49,2,5,nan,27,42,39.0,49
44,善化,2021-11-30,49,2,2,nan,41,27,40.0,49
60,潮州,2021-11-30,69,2,2,nan,54,22,48.0,69
19,觀音,2021-11-30,59,18,3,nan,35,33,43.0,59
3,萬里,2021-11-30,55,0,3,nan,41,12,49.0,55
4,新店,2021-11-30,43,2,5,nan,25,33,37.0,43
59,屏東,2021-11-30,62,2,2,nan,51,27,42.0,62
32,西屯,2021-11-30,53,8,3,nan,46,28,38.0,53
46,臺南,2021-11-30,54,2,3,nan,52,17,40.0,54
33,彰化,2021-11-30,49,5,3,nan,43,37,36.0,49
58,小港,2021-11-30,64,10,3,nan,52,37,42.0,64
5,土城,2021-11-30,45,2,6,nan,28,38,33.0,45
22,湖口,2021-11-30,58,5,3,nan,32,42,43.0,58
31,忠明,2021-11-30,54,5,3,nan,36,35,36.0,54
6,板橋,2021-11-30,50,5,6,nan,25,50,33.0,43
7,新莊,2021-11-30,51,5,3,nan,28,37,40.0,51
34,線西,2021-11-30,40,10,3,nan,40,15,nan,40
8,菜寮,2021-11-30,49,10,5,nan,25,48,38.0,49
9,林口,2021-11-30,55,5,3,nan,30,38,40.0,55
57,前鎮,2021-11-30,64,10,3,nan,53,48,nan,64
30,大里,2021-11-30,51,5,3,nan,38,30,36.0,51
35,二林,2021-11-30,61,8,3,nan,61,17,40.0,42
56,前金,2021-11-30,64,5,3,nan,52,28,39.0,64
10,淡水,2021-11-30,47,2,3,nan,26,33,43.0,47
18,大園,2021-11-30,52,5,3,nan,33,33,42.0,52
54,左營,2021-11-30,60,10,3,nan,51,25,46.0,60
20,平鎮,2021-11-30,63,2,5,nan,35,40,39.0,63
29,沙鹿,2021-11-30,48,2,3,nan,38,30,41.0,48
45,安南,2021-11-30,51,2,2,nan,51,18,40.0,45
36,南投,2021-11-30,57,5,3,nan,43,30,34.0,57
