siteid,sitename,monitordate,aqi,so2subindex,cosubindex,o3subindex,pm10subindex,no2subindex,o38subindex,pm25subindex
83,麥寮,2019-02-01,81,6.0,6.0,nan,81.0,18.0,nan,58.0
80,關山,2019-02-01,35,3.0,nan,nan,14.0,9.0,35.0,28.0
78,馬公,2019-02-01,55,3.0,6.0,nan,32.0,7.0,34.0,55.0
77,金門,2019-02-01,56,3.0,6.0,nan,32.0,8.0,41.0,56.0
75,馬祖,2019-02-01,54,3.0,5.0,nan,33.0,5.0,54.0,53.0
72,埔里,2019-02-01,56,4.0,7.0,nan,40.0,26.0,44.0,56.0
71,復興,2019-02-01,114,7.0,10.0,nan,71.0,45.0,nan,114.0
70,永和,2019-02-01,54,4.0,8.0,nan,32.0,25.0,nan,54.0
69,竹山,2019-02-01,63,4.0,7.0,nan,50.0,29.0,43.0,63.0
68,中壢,2019-02-01,54,4.0,16.0,nan,34.0,35.0,nan,54.0
67,三重,2019-02-01,47,4.0,18.0,nan,41.0,44.0,nan,47.0
66,冬山,2019-02-01,43,3.0,5.0,nan,25.0,15.0,43.0,22.0
65,宜蘭,2019-02-01,43,3.0,6.0,nan,21.0,8.0,43.0,31.0
64,陽明,2019-02-01,44,1.0,3.0,nan,11.0,2.0,44.0,16.0
63,花蓮,2019-02-01,44,3.0,6.0,nan,17.0,12.0,44.0,23.0
62,臺東,2019-02-01,32,3.0,7.0,nan,10.0,13.0,32.0,18.0
61,恆春,2019-02-01,46,3.0,3.0,nan,9.0,2.0,46.0,24.0
60,潮州,2019-02-01,117,11.0,7.0,nan,76.0,49.0,97.0,117.0
59,屏東,2019-02-01,117,7.0,8.0,nan,68.0,26.0,90.0,117.0
58,小港,2019-02-01,102,7.0,9.0,nan,66.0,48.0,67.0,102.0
57,前鎮,2019-02-01,102,7.0,10.0,nan,66.0,45.0,nan,102.0
54,左營,2019-02-01,83,7.0,8.0,nan,62.0,29.0,77.0,83.0
53,楠梓,2019-02-01,116,7.0,8.0,nan,62.0,27.0,47.0,116.0
52,林園,2019-02-01,118,13.0,8.0,nan,71.0,45.0,118.0,104.0
51,大寮,2019-02-01,109,11.0,8.0,nan,64.0,34.0,77.0,109.0
50,鳳山,2019-02-01,100,9.0,10.0,nan,65.0,46.0,nan,100.0
49,仁武,2019-02-01,100,9.0,8.0,nan,60.0,32.0,71.0,100.0
48,橋頭,2019-02-01,106,6.0,8.0,nan,66.0,29.0,46.0,106.0
47,美濃,2019-02-01,65,4.0,7.0,nan,54.0,14.0,50.0,65.0
46,臺南,2019-02-01,77,6.0,8.0,nan,68.0,26.0,43.0,77.0
45,安南,2019-02-01,76,7.0,7.0,nan,65.0,24.0,45.0,76.0
44,善化,2019-02-01,77,7.0,7.0,nan,69.0,15.0,44.0,77.0
43,新營,2019-02-01,72,9.0,8.0,nan,59.0,26.0,36.0,72.0
42,嘉義,2019-02-01,77,19.0,9.0,nan,54.0,34.0,36.0,77.0
41,臺西,2019-02-01,70,6.0,6.0,nan,70.0,14.0,nan,68.0
40,朴子,2019-02-01,69,7.0,7.0,nan,68.0,23.0,36.0,69.0
39,新港,2019-02-01,64,9.0,8.0,nan,58.0,25.0,37.0,64.0
38,崙背,2019-02-01,82,10.0,7.0,nan,56.0,25.0,37.0,82.0
84,富貴角,2019-02-01,68,1.0,3.0,nan,53.0,3.0,46.0,68.0
36,南投,2019-02-01,56,4.0,9.0,nan,40.0,39.0,24.0,56.0
35,二林,2019-02-01,62,10.0,9.0,nan,62.0,25.0,33.0,58.0
34,線西,2019-02-01,53,4.0,7.0,nan,40.0,21.0,nan,53.0
33,彰化,2019-02-01,47,4.0,8.0,nan,29.0,25.0,35.0,47.0
32,西屯,2019-02-01,45,3.0,6.0,nan,33.0,30.0,39.0,45.0
31,忠明,2019-02-01,50,3.0,8.0,nan,25.0,30.0,34.0,50.0
30,大里,2019-02-01,41,4.0,10.0,nan,27.0,41.0,31.0,34.0
29,沙鹿,2019-02-01,44,4.0,6.0,nan,28.0,20.0,39.0,44.0
28,豐原,2019-02-01,51,4.0,7.0,nan,26.0,27.0,35.0,51.0
27,三義,2019-02-01,45,4.0,6.0,nan,23.0,14.0,39.0,45.0
26,苗栗,2019-02-01,56,7.0,8.0,nan,30.0,25.0,33.0,56.0
25,頭份,2019-02-01,48,7.0,7.0,nan,34.0,40.0,nan,48.0
24,新竹,2019-02-01,60,3.0,8.0,nan,36.0,30.0,36.0,60.0
23,竹東,2019-02-01,50,3.0,6.0,nan,25.0,14.0,35.0,50.0
22,湖口,2019-02-01,52,3.0,6.0,nan,39.0,16.0,42.0,52.0
21,龍潭,2019-02-01,48,4.0,7.0,nan,31.0,17.0,43.0,48.0
20,平鎮,2019-02-01,54,3.0,8.0,nan,36.0,24.0,32.0,54.0
18,大園,2019-02-01,56,7.0,6.0,nan,36.0,25.0,40.0,56.0
17,桃園,2019-02-01,41,6.0,7.0,nan,33.0,20.0,31.0,41.0
16,大同,2019-02-01,46,4.0,15.0,nan,38.0,43.0,nan,46.0
15,松山,2019-02-01,50,3.0,7.0,nan,30.0,32.0,37.0,50.0
14,古亭,2019-02-01,54,3.0,7.0,nan,35.0,24.0,38.0,54.0
13,萬華,2019-02-01,45,3.0,7.0,nan,34.0,30.0,36.0,45.0
12,中山,2019-02-01,45,3.0,9.0,nan,35.0,38.0,36.0,45.0
11,士林,2019-02-01,44,4.0,5.0,nan,26.0,8.0,44.0,39.0
10,淡水,2019-02-01,48,3.0,7.0,nan,28.0,17.0,44.0,48.0
9,林口,2019-02-01,42,3.0,6.0,nan,32.0,15.0,42.0,41.0
8,菜寮,2019-02-01,38,1.0,7.0,nan,30.0,24.0,38.0,38.0
7,新莊,2019-02-01,40,3.0,7.0,nan,40.0,25.0,38.0,40.0
6,板橋,2019-02-01,55,3.0,8.0,nan,33.0,25.0,35.0,55.0
5,土城,2019-02-01,54,4.0,7.0,nan,34.0,18.0,40.0,54.0
4,新店,2019-02-01,50,3.0,6.0,nan,24.0,16.0,37.0,50.0
3,萬里,2019-02-01,66,6.0,5.0,nan,66.0,10.0,46.0,53.0
56,前金,2019-02-01,102,7.0,8.0,nan,66.0,33.0,74.0,102.0
37,斗六,2019-02-01,64,4.0,7.0,nan,46.0,29.0,40.0,64.0
19,觀音,2019-02-01,68,24.0,5.0,nan,40.0,18.0,38.0,68.0
2,汐止,2019-02-01,45,3.0,7.0,nan,29.0,27.0,36.0,45.0
1,基隆,2019-02-01,50,3.0,6.0,nan,36.0,23.0,43.0,50.0
84,富貴角,2019-02-02,84,7.0,5.0,nan,57.0,25.0,47.0,84.0
83,麥寮,2019-02-02,96,6.0,6.0,nan,68.0,17.0,nan,96.0
80,關山,2019-02-02,34,3.0,nan,nan,20.0,10.0,34.0,33.0
78,馬公,2019-02-02,80,4.0,3.0,nan,48.0,9.0,33.0,80.0
77,金門,2019-02-02,97,4.0,6.0,nan,55.0,15.0,44.0,97.0
75,馬祖,2019-02-02,84,4.0,8.0,nan,64.0,13.0,43.0,84.0
72,埔里,2019-02-02,115,4.0,9.0,nan,52.0,30.0,115.0,78.0
71,復興,2019-02-02,144,10.0,14.0,nan,83.0,44.0,nan,144.0
70,永和,2019-02-02,64,9.0,15.0,nan,37.0,48.0,nan,64.0
69,竹山,2019-02-02,112,9.0,8.0,nan,75.0,27.0,112.0,111.0
68,中壢,2019-02-02,98,10.0,15.0,nan,58.0,47.0,nan,98.0
67,三重,2019-02-02,63,14.0,25.0,nan,55.0,58.0,nan,63.0
66,冬山,2019-02-02,42,4.0,6.0,nan,21.0,11.0,42.0,22.0
65,宜蘭,2019-02-02,43,4.0,5.0,nan,20.0,11.0,43.0,28.0
64,陽明,2019-02-02,45,4.0,3.0,nan,11.0,10.0,45.0,19.0
63,花蓮,2019-02-02,40,6.0,5.0,nan,16.0,15.0,40.0,23.0
62,臺東,2019-02-02,27,3.0,7.0,nan,15.0,17.0,27.0,27.0
61,恆春,2019-02-02,44,1.0,3.0,nan,20.0,2.0,44.0,28.0
60,潮州,2019-02-02,134,7.0,8.0,nan,83.0,34.0,104.0,134.0
59,屏東,2019-02-02,179,9.0,9.0,nan,82.0,25.0,179.0,142.0
58,小港,2019-02-02,131,11.0,10.0,nan,76.0,50.0,122.0,131.0
57,前鎮,2019-02-02,126,11.0,11.0,nan,75.0,45.0,nan,126.0
56,前金,2019-02-02,159,9.0,10.0,nan,73.0,28.0,159.0,144.0
54,左營,2019-02-02,161,6.0,9.0,nan,69.0,29.0,161.0,108.0
53,楠梓,2019-02-02,151,7.0,9.0,nan,71.0,25.0,151.0,144.0
52,林園,2019-02-02,166,13.0,8.0,nan,90.0,40.0,166.0,151.0
51,大寮,2019-02-02,140,23.0,9.0,nan,72.0,38.0,140.0,135.0
50,鳳山,2019-02-02,146,10.0,11.0,nan,75.0,40.0,nan,146.0
49,仁武,2019-02-02,164,19.0,10.0,nan,69.0,40.0,164.0,138.0
48,橋頭,2019-02-02,159,7.0,9.0,nan,76.0,27.0,159.0,137.0
47,美濃,2019-02-02,122,7.0,7.0,nan,72.0,13.0,122.0,95.0
46,臺南,2019-02-02,122,7.0,9.0,nan,72.0,35.0,104.0,122.0
45,安南,2019-02-02,112,7.0,8.0,nan,70.0,27.0,112.0,110.0
44,善化,2019-02-02,129,10.0,8.0,nan,78.0,11.0,115.0,129.0
43,新營,2019-02-02,125,7.0,8.0,nan,68.0,26.0,50.0,125.0
42,嘉義,2019-02-02,141,7.0,9.0,nan,74.0,30.0,90.0,141.0
41,臺西,2019-02-02,106,9.0,6.0,nan,64.0,15.0,nan,106.0
40,朴子,2019-02-02,106,9.0,7.0,nan,68.0,25.0,74.0,106.0
39,新港,2019-02-02,114,9.0,8.0,nan,71.0,22.0,67.0,114.0
38,崙背,2019-02-02,130,11.0,7.0,nan,66.0,24.0,80.0,130.0
36,南投,2019-02-02,114,10.0,9.0,nan,68.0,30.0,47.0,114.0
35,二林,2019-02-02,95,7.0,6.0,nan,78.0,20.0,47.0,95.0
34,線西,2019-02-02,98,10.0,6.0,nan,62.0,23.0,nan,98.0
33,彰化,2019-02-02,95,19.0,9.0,nan,57.0,31.0,45.0,95.0
32,西屯,2019-02-02,108,6.0,8.0,nan,64.0,34.0,64.0,108.0
31,忠明,2019-02-02,99,6.0,9.0,nan,54.0,42.0,61.0,99.0
30,大里,2019-02-02,85,4.0,10.0,nan,62.0,37.0,67.0,85.0
29,沙鹿,2019-02-02,87,6.0,8.0,nan,55.0,37.0,61.0,87.0
28,豐原,2019-02-02,99,9.0,9.0,nan,59.0,27.0,64.0,99.0
27,三義,2019-02-02,91,7.0,6.0,nan,48.0,18.0,61.0,91.0
26,苗栗,2019-02-02,98,9.0,8.0,nan,58.0,26.0,36.0,98.0
25,頭份,2019-02-02,82,6.0,7.0,nan,56.0,35.0,nan,82.0
24,新竹,2019-02-02,102,7.0,8.0,nan,59.0,32.0,43.0,102.0
23,竹東,2019-02-02,98,11.0,8.0,nan,59.0,23.0,35.0,98.0
22,湖口,2019-02-02,90,6.0,7.0,nan,60.0,31.0,54.0,90.0
21,龍潭,2019-02-02,91,6.0,9.0,nan,58.0,31.0,51.0,91.0
20,平鎮,2019-02-02,106,9.0,9.0,nan,61.0,42.0,47.0,106.0
18,大園,2019-02-02,86,10.0,6.0,nan,55.0,25.0,58.0,86.0
17,桃園,2019-02-02,87,11.0,9.0,nan,59.0,45.0,37.0,87.0
16,大同,2019-02-02,62,9.0,22.0,nan,46.0,49.0,nan,62.0
15,松山,2019-02-02,48,6.0,9.0,nan,23.0,48.0,41.0,35.0
14,古亭,2019-02-02,65,7.0,12.0,nan,43.0,51.0,41.0,65.0
13,萬華,2019-02-02,65,10.0,17.0,nan,46.0,55.0,40.0,65.0
12,中山,2019-02-02,63,11.0,18.0,nan,45.0,51.0,40.0,63.0
11,士林,2019-02-02,68,6.0,10.0,nan,44.0,40.0,44.0,68.0
10,淡水,2019-02-02,61,9.0,6.0,nan,34.0,28.0,47.0,61.0
9,林口,2019-02-02,62,7.0,6.0,nan,39.0,29.0,47.0,62.0
8,菜寮,2019-02-02,66,13.0,10.0,nan,44.0,44.0,46.0,66.0
7,新莊,2019-02-02,75,13.0,11.0,nan,52.0,45.0,44.0,75.0
6,板橋,2019-02-02,81,10.0,12.0,nan,51.0,46.0,44.0,81.0
5,土城,2019-02-02,85,10.0,10.0,nan,48.0,43.0,50.0,85.0
4,新店,2019-02-02,44,4.0,8.0,nan,24.0,42.0,44.0,44.0
3,萬里,2019-02-02,51,7.0,5.0,nan,44.0,18.0,49.0,51.0
37,斗六,2019-02-02,141,9.0,8.0,nan,72.0,32.0,108.0,141.0
19,觀音,2019-02-02,106,10.0,6.0,nan,57.0,21.0,45.0,106.0
2,汐止,2019-02-02,41,7.0,11.0,nan,21.0,39.0,41.0,32.0
1,基隆,2019-02-02,42,4.0,7.0,nan,25.0,37.0,42.0,39.0
39,新港,2019-02-03,143,6.0,10.0,nan,83.0,23.0,40.0,143.0
84,富貴角,2019-02-03,90,7.0,5.0,nan,43.0,15.0,80.0,90.0
83,麥寮,2019-02-03,145,6.0,8.0,nan,82.0,20.0,nan,145.0
80,關山,2019-02-03,33,3.0,nan,nan,21.0,7.0,22.0,33.0
78,馬公,2019-02-03,74,4.0,6.0,nan,44.0,27.0,22.0,74.0
77,金門,2019-02-03,108,7.0,9.0,nan,66.0,23.0,38.0,108.0
75,馬祖,2019-02-03,72,4.0,6.0,nan,55.0,13.0,41.0,72.0
72,埔里,2019-02-03,84,3.0,7.0,nan,49.0,19.0,84.0,74.0
71,復興,2019-02-03,74,6.0,10.0,nan,57.0,41.0,nan,74.0
70,永和,2019-02-03,92,6.0,15.0,nan,46.0,45.0,nan,92.0
69,竹山,2019-02-03,89,7.0,7.0,nan,63.0,18.0,84.0,89.0
68,中壢,2019-02-03,112,6.0,17.0,nan,64.0,42.0,nan,112.0
67,三重,2019-02-03,92,6.0,20.0,nan,66.0,55.0,nan,92.0
66,冬山,2019-02-03,46,4.0,5.0,nan,25.0,9.0,46.0,31.0
65,宜蘭,2019-02-03,48,3.0,6.0,nan,30.0,12.0,48.0,45.0
64,陽明,2019-02-03,61,7.0,3.0,nan,28.0,5.0,61.0,51.0
63,花蓮,2019-02-03,36,6.0,3.0,nan,17.0,11.0,36.0,21.0
62,臺東,2019-02-03,27,3.0,6.0,nan,27.0,8.0,23.0,23.0
61,恆春,2019-02-03,41,3.0,1.0,nan,36.0,4.0,41.0,33.0
60,潮州,2019-02-03,67,3.0,7.0,nan,52.0,12.0,38.0,67.0
59,屏東,2019-02-03,74,4.0,7.0,nan,54.0,25.0,39.0,74.0
58,小港,2019-02-03,67,14.0,7.0,nan,58.0,31.0,31.0,67.0
57,前鎮,2019-02-03,61,7.0,10.0,nan,54.0,42.0,nan,61.0
56,前金,2019-02-03,84,7.0,10.0,nan,60.0,29.0,35.0,84.0
54,左營,2019-02-03,61,6.0,9.0,nan,56.0,33.0,39.0,61.0
53,楠梓,2019-02-03,85,10.0,7.0,nan,50.0,25.0,36.0,85.0
52,林園,2019-02-03,73,9.0,7.0,nan,66.0,17.0,39.0,73.0
51,大寮,2019-02-03,88,26.0,7.0,nan,58.0,35.0,34.0,88.0
50,鳳山,2019-02-03,83,19.0,8.0,nan,55.0,22.0,nan,83.0
49,仁武,2019-02-03,74,11.0,8.0,nan,49.0,31.0,38.0,74.0
48,橋頭,2019-02-03,74,6.0,6.0,nan,52.0,21.0,41.0,74.0
47,美濃,2019-02-03,85,3.0,6.0,nan,85.0,12.0,39.0,55.0
46,臺南,2019-02-03,89,6.0,8.0,nan,61.0,29.0,39.0,89.0
45,安南,2019-02-03,91,6.0,7.0,nan,65.0,25.0,42.0,91.0
44,善化,2019-02-03,72,4.0,6.0,nan,62.0,13.0,38.0,72.0
43,新營,2019-02-03,97,4.0,8.0,nan,61.0,22.0,31.0,97.0
42,嘉義,2019-02-03,105,4.0,10.0,nan,60.0,27.0,40.0,105.0
41,臺西,2019-02-03,156,7.0,8.0,nan,83.0,21.0,nan,156.0
40,朴子,2019-02-03,108,4.0,8.0,nan,71.0,19.0,42.0,108.0
38,崙背,2019-02-03,156,4.0,8.0,nan,81.0,24.0,67.0,156.0
36,南投,2019-02-03,115,4.0,9.0,nan,65.0,22.0,44.0,115.0
35,二林,2019-02-03,147,9.0,9.0,nan,101.0,18.0,51.0,147.0
34,線西,2019-02-03,153,13.0,9.0,nan,74.0,24.0,nan,153.0
33,彰化,2019-02-03,115,11.0,9.0,nan,57.0,25.0,71.0,115.0
32,西屯,2019-02-03,141,11.0,11.0,nan,76.0,36.0,80.0,141.0
31,忠明,2019-02-03,144,9.0,14.0,nan,64.0,42.0,80.0,144.0
30,大里,2019-02-03,93,11.0,10.0,nan,62.0,31.0,44.0,93.0
29,沙鹿,2019-02-03,138,13.0,9.0,nan,67.0,42.0,87.0,138.0
28,豐原,2019-02-03,90,7.0,7.0,nan,48.0,16.0,90.0,88.0
27,三義,2019-02-03,89,7.0,6.0,nan,46.0,12.0,87.0,89.0
26,苗栗,2019-02-03,125,10.0,9.0,nan,63.0,35.0,46.0,125.0
25,頭份,2019-02-03,94,4.0,7.0,nan,56.0,19.0,nan,94.0
24,新竹,2019-02-03,106,4.0,8.0,nan,57.0,33.0,54.0,106.0
23,竹東,2019-02-03,95,13.0,6.0,nan,52.0,18.0,45.0,95.0
22,湖口,2019-02-03,104,6.0,7.0,nan,59.0,24.0,97.0,104.0
21,龍潭,2019-02-03,104,7.0,7.0,nan,54.0,26.0,93.0,104.0
20,平鎮,2019-02-03,117,9.0,10.0,nan,63.0,38.0,87.0,117.0
18,大園,2019-02-03,122,10.0,8.0,nan,64.0,27.0,101.0,122.0
17,桃園,2019-02-03,119,14.0,11.0,nan,65.0,41.0,48.0,119.0
16,大同,2019-02-03,90,7.0,19.0,nan,57.0,55.0,nan,90.0
15,松山,2019-02-03,91,11.0,15.0,nan,50.0,50.0,71.0,91.0
14,古亭,2019-02-03,93,4.0,9.0,nan,50.0,39.0,93.0,88.0
13,萬華,2019-02-03,82,6.0,11.0,nan,54.0,43.0,58.0,82.0
12,中山,2019-02-03,85,4.0,12.0,nan,62.0,41.0,48.0,85.0
11,士林,2019-02-03,92,4.0,9.0,nan,56.0,45.0,84.0,92.0
10,淡水,2019-02-03,96,7.0,9.0,nan,46.0,45.0,77.0,96.0
9,林口,2019-02-03,104,7.0,7.0,nan,52.0,32.0,104.0,90.0
8,菜寮,2019-02-03,92,6.0,12.0,nan,56.0,44.0,58.0,92.0
7,新莊,2019-02-03,107,10.0,14.0,nan,62.0,40.0,74.0,107.0
6,板橋,2019-02-03,118,9.0,14.0,nan,62.0,44.0,67.0,118.0
5,土城,2019-02-03,110,9.0,10.0,nan,56.0,34.0,101.0,110.0
4,新店,2019-02-03,97,4.0,7.0,nan,34.0,27.0,97.0,66.0
3,萬里,2019-02-03,77,4.0,6.0,nan,33.0,20.0,77.0,59.0
2,汐止,2019-02-03,73,16.0,11.0,nan,37.0,42.0,67.0,73.0
37,斗六,2019-02-03,119,6.0,7.0,nan,61.0,25.0,64.0,119.0
19,觀音,2019-02-03,151,19.0,7.0,nan,68.0,26.0,50.0,151.0
1,基隆,2019-02-03,73,6.0,11.0,nan,44.0,30.0,54.0,73.0
84,富貴角,2019-02-04,109,3.0,8.0,nan,57.0,15.0,43.0,109.0
83,麥寮,2019-02-04,124,4.0,9.0,nan,71.0,17.0,nan,124.0
80,關山,2019-02-04,33,4.0,nan,nan,18.0,7.0,30.0,33.0
78,馬公,2019-02-04,87,3.0,9.0,nan,48.0,13.0,26.0,87.0
77,金門,2019-02-04,106,6.0,9.0,nan,51.0,16.0,41.0,106.0
75,馬祖,2019-02-04,136,4.0,9.0,nan,78.0,8.0,49.0,136.0
72,埔里,2019-02-04,75,4.0,7.0,nan,48.0,18.0,45.0,75.0
71,復興,2019-02-04,63,7.0,11.0,nan,52.0,23.0,nan,63.0
70,永和,2019-02-04,61,3.0,10.0,nan,26.0,25.0,nan,61.0
69,竹山,2019-02-04,82,4.0,9.0,nan,54.0,13.0,48.0,82.0
68,中壢,2019-02-04,121,20.0,14.0,nan,54.0,38.0,nan,121.0
67,三重,2019-02-04,61,6.0,17.0,nan,43.0,43.0,nan,61.0
66,冬山,2019-02-04,36,3.0,8.0,nan,18.0,9.0,36.0,28.0
65,宜蘭,2019-02-04,46,3.0,8.0,nan,21.0,10.0,34.0,46.0
64,陽明,2019-02-04,42,3.0,8.0,nan,6.0,4.0,42.0,11.0
63,花蓮,2019-02-04,38,4.0,8.0,nan,16.0,20.0,38.0,28.0
62,臺東,2019-02-04,24,3.0,8.0,nan,12.0,7.0,24.0,15.0
61,恆春,2019-02-04,39,3.0,6.0,nan,11.0,3.0,39.0,20.0
60,潮州,2019-02-04,32,3.0,5.0,nan,25.0,9.0,32.0,28.0
59,屏東,2019-02-04,55,9.0,6.0,nan,35.0,21.0,38.0,55.0
58,小港,2019-02-04,57,11.0,7.0,nan,36.0,35.0,37.0,57.0
57,前鎮,2019-02-04,53,6.0,9.0,nan,46.0,28.0,nan,53.0
56,前金,2019-02-04,72,7.0,10.0,nan,52.0,25.0,50.0,72.0
54,左營,2019-02-04,58,7.0,9.0,nan,46.0,20.0,58.0,54.0
53,楠梓,2019-02-04,73,4.0,9.0,nan,45.0,17.0,48.0,73.0
52,林園,2019-02-04,38,7.0,3.0,nan,33.0,17.0,38.0,34.0
51,大寮,2019-02-04,54,24.0,6.0,nan,28.0,22.0,34.0,54.0
50,鳳山,2019-02-04,75,9.0,9.0,nan,43.0,26.0,nan,75.0
49,仁武,2019-02-04,72,7.0,9.0,nan,45.0,16.0,49.0,72.0
48,橋頭,2019-02-04,79,6.0,9.0,nan,51.0,13.0,48.0,79.0
47,美濃,2019-02-04,59,4.0,7.0,nan,51.0,8.0,38.0,59.0
46,臺南,2019-02-04,78,6.0,9.0,nan,54.0,21.0,47.0,78.0
45,安南,2019-02-04,73,4.0,9.0,nan,61.0,23.0,50.0,73.0
44,善化,2019-02-04,68,6.0,9.0,nan,59.0,11.0,47.0,68.0
43,新營,2019-02-04,96,7.0,10.0,nan,59.0,26.0,38.0,96.0
42,嘉義,2019-02-04,83,9.0,11.0,nan,53.0,20.0,43.0,83.0
41,臺西,2019-02-04,135,6.0,8.0,nan,61.0,14.0,nan,135.0
40,朴子,2019-02-04,97,4.0,9.0,nan,65.0,12.0,44.0,97.0
39,新港,2019-02-04,117,11.0,11.0,nan,71.0,18.0,38.0,117.0
38,崙背,2019-02-04,134,14.0,10.0,nan,63.0,19.0,37.0,134.0
36,南投,2019-02-04,96,4.0,10.0,nan,54.0,20.0,32.0,96.0
35,二林,2019-02-04,98,9.0,10.0,nan,73.0,19.0,32.0,98.0
34,線西,2019-02-04,129,9.0,12.0,nan,61.0,28.0,nan,129.0
33,彰化,2019-02-04,95,4.0,11.0,nan,50.0,26.0,38.0,95.0
32,西屯,2019-02-04,107,6.0,9.0,nan,55.0,35.0,38.0,107.0
31,忠明,2019-02-04,104,6.0,9.0,nan,44.0,32.0,39.0,104.0
30,大里,2019-02-04,78,7.0,11.0,nan,nan,23.0,46.0,78.0
29,沙鹿,2019-02-04,108,11.0,9.0,nan,52.0,35.0,39.0,108.0
28,豐原,2019-02-04,59,4.0,9.0,nan,28.0,11.0,36.0,59.0
27,三義,2019-02-04,71,6.0,10.0,nan,32.0,14.0,33.0,71.0
26,苗栗,2019-02-04,115,9.0,10.0,nan,53.0,22.0,25.0,115.0
25,頭份,2019-02-04,105,9.0,10.0,nan,54.0,24.0,nan,105.0
24,新竹,2019-02-04,119,4.0,10.0,nan,54.0,21.0,31.0,119.0
23,竹東,2019-02-04,78,10.0,8.0,nan,31.0,13.0,29.0,78.0
22,湖口,2019-02-04,106,9.0,9.0,nan,58.0,23.0,40.0,106.0
21,龍潭,2019-02-04,82,10.0,9.0,nan,34.0,20.0,39.0,82.0
20,平鎮,2019-02-04,118,11.0,10.0,nan,54.0,24.0,32.0,118.0
18,大園,2019-02-04,123,13.0,10.0,nan,58.0,22.0,44.0,123.0
17,桃園,2019-02-04,65,10.0,10.0,nan,31.0,34.0,28.0,65.0
16,大同,2019-02-04,50,4.0,14.0,nan,29.0,43.0,nan,50.0
15,松山,2019-02-04,59,6.0,10.0,nan,27.0,34.0,33.0,59.0
14,古亭,2019-02-04,59,3.0,9.0,nan,28.0,23.0,35.0,59.0
13,萬華,2019-02-04,49,3.0,9.0,nan,25.0,34.0,31.0,49.0
12,中山,2019-02-04,57,6.0,10.0,nan,29.0,46.0,29.0,57.0
11,士林,2019-02-04,43,4.0,9.0,nan,24.0,39.0,41.0,43.0
10,淡水,2019-02-04,55,4.0,9.0,nan,19.0,39.0,41.0,55.0
9,林口,2019-02-04,68,4.0,9.0,nan,32.0,14.0,35.0,68.0
8,菜寮,2019-02-04,59,4.0,11.0,nan,27.0,33.0,32.0,59.0
7,新莊,2019-02-04,53,4.0,10.0,nan,29.0,32.0,32.0,53.0
6,板橋,2019-02-04,65,6.0,10.0,nan,26.0,38.0,31.0,65.0
5,土城,2019-02-04,67,4.0,9.0,nan,27.0,28.0,37.0,67.0
4,新店,2019-02-04,55,6.0,10.0,nan,19.0,14.0,31.0,55.0
3,萬里,2019-02-04,70,3.0,9.0,nan,57.0,7.0,43.0,70.0
2,汐止,2019-02-04,60,3.0,10.0,nan,24.0,26.0,34.0,60.0
37,斗六,2019-02-04,90,4.0,10.0,nan,50.0,48.0,71.0,90.0
19,觀音,2019-02-04,144,21.0,9.0,nan,64.0,21.0,37.0,144.0
1,基隆,2019-02-04,73,4.0,9.0,nan,38.0,25.0,38.0,73.0
84,富貴角,2019-02-05,84,1.0,5.0,nan,64.0,6.0,42.0,84.0
1,基隆,2019-02-05,59,4.0,5.0,nan,50.0,19.0,40.0,59.0
37,斗六,2019-02-05,144,4.0,8.0,nan,71.0,14.0,48.0,144.0
2,汐止,2019-02-05,56,11.0,6.0,nan,41.0,22.0,37.0,56.0
3,萬里,2019-02-05,56,4.0,5.0,nan,54.0,11.0,44.0,56.0
4,新店,2019-02-05,51,7.0,6.0,nan,28.0,16.0,37.0,51.0
5,土城,2019-02-05,53,3.0,6.0,nan,31.0,16.0,39.0,53.0
6,板橋,2019-02-05,57,4.0,6.0,nan,35.0,19.0,34.0,57.0
7,新莊,2019-02-05,45,4.0,6.0,nan,38.0,20.0,37.0,45.0
8,菜寮,2019-02-05,56,3.0,6.0,nan,43.0,25.0,36.0,56.0
9,林口,2019-02-05,52,4.0,5.0,nan,42.0,20.0,39.0,52.0
10,淡水,2019-02-05,53,4.0,5.0,nan,36.0,15.0,43.0,53.0
11,士林,2019-02-05,63,3.0,6.0,nan,44.0,20.0,37.0,63.0
12,中山,2019-02-05,48,4.0,8.0,nan,44.0,32.0,34.0,48.0
13,萬華,2019-02-05,50,4.0,7.0,nan,41.0,28.0,34.0,50.0
14,古亭,2019-02-05,58,3.0,6.0,nan,37.0,24.0,39.0,58.0
15,松山,2019-02-05,60,9.0,7.0,nan,43.0,31.0,37.0,60.0
16,大同,2019-02-05,46,3.0,10.0,nan,42.0,32.0,nan,46.0
17,桃園,2019-02-05,69,6.0,6.0,nan,47.0,18.0,31.0,69.0
18,大園,2019-02-05,82,6.0,6.0,nan,62.0,16.0,46.0,82.0
19,觀音,2019-02-05,100,4.0,6.0,nan,66.0,9.0,39.0,100.0
20,平鎮,2019-02-05,80,6.0,6.0,nan,59.0,19.0,37.0,80.0
21,龍潭,2019-02-05,74,6.0,6.0,nan,52.0,12.0,36.0,74.0
22,湖口,2019-02-05,76,3.0,6.0,nan,63.0,19.0,42.0,76.0
23,竹東,2019-02-05,84,3.0,7.0,nan,56.0,11.0,24.0,84.0
24,新竹,2019-02-05,99,4.0,6.0,nan,68.0,23.0,35.0,99.0
25,頭份,2019-02-05,93,3.0,6.0,nan,78.0,16.0,nan,93.0
26,苗栗,2019-02-05,104,3.0,7.0,nan,73.0,13.0,30.0,104.0
27,三義,2019-02-05,76,4.0,7.0,nan,50.0,8.0,42.0,76.0
28,豐原,2019-02-05,95,3.0,9.0,nan,57.0,13.0,49.0,95.0
29,沙鹿,2019-02-05,87,4.0,7.0,nan,62.0,12.0,46.0,87.0
30,大里,2019-02-05,101,4.0,10.0,nan,nan,16.0,50.0,101.0
31,忠明,2019-02-05,116,6.0,8.0,nan,62.0,14.0,50.0,116.0
32,西屯,2019-02-05,105,6.0,8.0,nan,68.0,13.0,50.0,105.0
33,彰化,2019-02-05,106,14.0,9.0,nan,66.0,21.0,40.0,106.0
34,線西,2019-02-05,62,9.0,7.0,nan,62.0,15.0,nan,nan
35,二林,2019-02-05,94,6.0,8.0,nan,73.0,8.0,40.0,94.0
36,南投,2019-02-05,126,6.0,9.0,nan,80.0,20.0,32.0,126.0
38,崙背,2019-02-05,121,9.0,8.0,nan,61.0,16.0,54.0,121.0
39,新港,2019-02-05,100,4.0,8.0,nan,65.0,12.0,42.0,100.0
40,朴子,2019-02-05,101,7.0,9.0,nan,62.0,15.0,44.0,101.0
41,臺西,2019-02-05,110,10.0,8.0,nan,63.0,18.0,nan,110.0
42,嘉義,2019-02-05,120,4.0,9.0,nan,68.0,14.0,44.0,120.0
43,新營,2019-02-05,110,4.0,9.0,nan,62.0,14.0,36.0,110.0
44,善化,2019-02-05,117,6.0,9.0,nan,64.0,11.0,47.0,117.0
45,安南,2019-02-05,104,6.0,9.0,nan,63.0,17.0,51.0,104.0
46,臺南,2019-02-05,105,7.0,10.0,nan,61.0,15.0,48.0,105.0
47,美濃,2019-02-05,75,3.0,9.0,nan,55.0,10.0,30.0,75.0
48,橋頭,2019-02-05,115,4.0,10.0,nan,60.0,18.0,51.0,115.0
49,仁武,2019-02-05,117,13.0,11.0,nan,57.0,17.0,47.0,117.0
50,鳳山,2019-02-05,110,9.0,11.0,nan,62.0,22.0,nan,110.0
51,大寮,2019-02-05,105,14.0,10.0,nan,54.0,23.0,40.0,105.0
52,林園,2019-02-05,110,9.0,10.0,nan,64.0,36.0,45.0,110.0
53,楠梓,2019-02-05,129,3.0,11.0,nan,56.0,16.0,46.0,129.0
54,左營,2019-02-05,98,7.0,11.0,nan,57.0,18.0,49.0,98.0
56,前金,2019-02-05,134,4.0,11.0,nan,62.0,17.0,47.0,134.0
57,前鎮,2019-02-05,107,4.0,11.0,nan,60.0,22.0,nan,107.0
58,小港,2019-02-05,109,9.0,10.0,nan,57.0,26.0,44.0,109.0
59,屏東,2019-02-05,99,6.0,9.0,nan,57.0,18.0,38.0,99.0
60,潮州,2019-02-05,90,3.0,10.0,nan,56.0,15.0,37.0,90.0
61,恆春,2019-02-05,51,6.0,6.0,nan,19.0,8.0,51.0,39.0
62,臺東,2019-02-05,27,3.0,8.0,nan,9.0,9.0,27.0,17.0
63,花蓮,2019-02-05,44,4.0,7.0,nan,23.0,13.0,44.0,40.0
64,陽明,2019-02-05,41,6.0,5.0,nan,12.0,8.0,41.0,19.0
65,宜蘭,2019-02-05,51,7.0,7.0,nan,23.0,8.0,43.0,51.0
66,冬山,2019-02-05,42,3.0,7.0,nan,20.0,6.0,42.0,30.0
67,三重,2019-02-05,57,6.0,14.0,nan,57.0,35.0,nan,54.0
68,中壢,2019-02-05,80,4.0,9.0,nan,59.0,27.0,nan,80.0
69,竹山,2019-02-05,116,6.0,9.0,nan,78.0,13.0,43.0,116.0
70,永和,2019-02-05,54,3.0,8.0,nan,35.0,27.0,nan,54.0
71,復興,2019-02-05,116,4.0,10.0,nan,66.0,22.0,nan,116.0
72,埔里,2019-02-05,80,4.0,8.0,nan,51.0,20.0,35.0,80.0
75,馬祖,2019-02-05,139,6.0,9.0,nan,90.0,10.0,47.0,139.0
77,金門,2019-02-05,166,10.0,9.0,nan,90.0,30.0,43.0,166.0
78,馬公,2019-02-05,98,3.0,8.0,nan,58.0,10.0,29.0,98.0
80,關山,2019-02-05,36,3.0,nan,nan,15.0,9.0,23.0,36.0
83,麥寮,2019-02-05,96,4.0,9.0,nan,66.0,10.0,nan,96.0
1,基隆,2019-02-06,76,3.0,9.0,nan,50.0,30.0,41.0,76.0
84,富貴角,2019-02-06,93,3.0,5.0,nan,47.0,18.0,43.0,93.0
83,麥寮,2019-02-06,105,9.0,5.0,nan,71.0,13.0,nan,105.0
80,關山,2019-02-06,38,3.0,nan,nan,19.0,4.0,32.0,38.0
78,馬公,2019-02-06,85,3.0,6.0,nan,41.0,17.0,39.0,85.0
77,金門,2019-02-06,162,14.0,8.0,nan,83.0,17.0,49.0,162.0
75,馬祖,2019-02-06,106,4.0,9.0,nan,64.0,9.0,58.0,106.0
72,埔里,2019-02-06,78,6.0,7.0,nan,52.0,25.0,50.0,78.0
71,復興,2019-02-06,105,7.0,8.0,nan,61.0,32.0,nan,105.0
70,永和,2019-02-06,90,6.0,11.0,nan,45.0,34.0,nan,90.0
69,竹山,2019-02-06,72,4.0,5.0,nan,57.0,9.0,54.0,72.0
68,中壢,2019-02-06,79,6.0,12.0,nan,55.0,34.0,nan,79.0
67,三重,2019-02-06,78,6.0,18.0,nan,62.0,45.0,nan,78.0
66,冬山,2019-02-06,57,9.0,5.0,nan,33.0,10.0,44.0,57.0
65,宜蘭,2019-02-06,72,4.0,5.0,nan,35.0,14.0,43.0,72.0
64,陽明,2019-02-06,45,7.0,3.0,nan,22.0,3.0,40.0,45.0
63,花蓮,2019-02-06,48,7.0,5.0,nan,25.0,10.0,48.0,38.0
62,臺東,2019-02-06,35,3.0,6.0,nan,23.0,20.0,28.0,35.0
61,恆春,2019-02-06,51,6.0,5.0,nan,30.0,15.0,44.0,51.0
60,潮州,2019-02-06,93,4.0,5.0,nan,61.0,12.0,71.0,93.0
59,屏東,2019-02-06,91,13.0,6.0,nan,54.0,25.0,64.0,91.0
58,小港,2019-02-06,93,9.0,6.0,nan,54.0,25.0,50.0,93.0
57,前鎮,2019-02-06,83,6.0,7.0,nan,57.0,36.0,nan,83.0
56,前金,2019-02-06,97,4.0,6.0,nan,56.0,18.0,54.0,97.0
54,左營,2019-02-06,87,4.0,6.0,nan,59.0,25.0,71.0,87.0
53,楠梓,2019-02-06,119,4.0,6.0,nan,57.0,27.0,51.0,119.0
52,林園,2019-02-06,92,13.0,7.0,nan,62.0,35.0,71.0,92.0
51,大寮,2019-02-06,91,16.0,6.0,nan,52.0,21.0,51.0,91.0
50,鳳山,2019-02-06,96,10.0,6.0,nan,57.0,27.0,nan,96.0
49,仁武,2019-02-06,102,7.0,6.0,nan,57.0,19.0,67.0,102.0
48,橋頭,2019-02-06,111,6.0,6.0,nan,62.0,20.0,67.0,111.0
47,美濃,2019-02-06,47,4.0,5.0,nan,45.0,11.0,47.0,47.0
46,臺南,2019-02-06,106,6.0,6.0,nan,66.0,25.0,51.0,106.0
45,安南,2019-02-06,94,6.0,6.0,nan,68.0,20.0,58.0,94.0
44,善化,2019-02-06,98,7.0,6.0,nan,68.0,11.0,49.0,98.0
43,新營,2019-02-06,116,7.0,6.0,nan,66.0,11.0,40.0,116.0
42,嘉義,2019-02-06,109,7.0,7.0,nan,64.0,19.0,49.0,109.0
41,臺西,2019-02-06,123,16.0,5.0,nan,66.0,29.0,nan,123.0
40,朴子,2019-02-06,102,6.0,6.0,nan,69.0,17.0,46.0,102.0
39,新港,2019-02-06,112,6.0,6.0,nan,78.0,15.0,46.0,112.0
38,崙背,2019-02-06,136,4.0,6.0,nan,69.0,10.0,54.0,136.0
37,斗六,2019-02-06,112,7.0,5.0,nan,59.0,16.0,58.0,112.0
36,南投,2019-02-06,98,7.0,7.0,nan,63.0,25.0,40.0,98.0
35,二林,2019-02-06,94,9.0,6.0,nan,79.0,15.0,41.0,94.0
34,線西,2019-02-06,61,7.0,6.0,nan,61.0,16.0,nan,nan
33,彰化,2019-02-06,98,10.0,6.0,nan,55.0,19.0,47.0,98.0
32,西屯,2019-02-06,93,4.0,6.0,nan,62.0,23.0,54.0,93.0
31,忠明,2019-02-06,99,4.0,6.0,nan,53.0,22.0,38.0,99.0
30,大里,2019-02-06,63,10.0,6.0,nan,53.0,20.0,48.0,63.0
29,沙鹿,2019-02-06,93,4.0,6.0,nan,56.0,22.0,58.0,93.0
28,豐原,2019-02-06,67,3.0,5.0,nan,40.0,14.0,49.0,67.0
27,三義,2019-02-06,87,4.0,5.0,nan,44.0,14.0,47.0,87.0
26,苗栗,2019-02-06,96,6.0,6.0,nan,56.0,20.0,37.0,96.0
25,頭份,2019-02-06,82,3.0,5.0,nan,53.0,20.0,nan,82.0
24,新竹,2019-02-06,93,6.0,6.0,nan,53.0,20.0,42.0,93.0
23,竹東,2019-02-06,72,4.0,5.0,nan,43.0,10.0,38.0,72.0
22,湖口,2019-02-06,85,6.0,6.0,nan,57.0,19.0,48.0,85.0
21,龍潭,2019-02-06,76,6.0,6.0,nan,48.0,15.0,47.0,76.0
20,平鎮,2019-02-06,83,6.0,7.0,nan,57.0,23.0,43.0,83.0
19,觀音,2019-02-06,115,7.0,5.0,nan,57.0,13.0,42.0,115.0
18,大園,2019-02-06,86,7.0,5.0,nan,58.0,20.0,50.0,86.0
17,桃園,2019-02-06,83,7.0,7.0,nan,48.0,28.0,34.0,83.0
16,大同,2019-02-06,69,7.0,19.0,nan,53.0,42.0,nan,69.0
15,松山,2019-02-06,71,9.0,10.0,nan,52.0,42.0,36.0,71.0
14,古亭,2019-02-06,87,4.0,8.0,nan,48.0,28.0,35.0,87.0
13,萬華,2019-02-06,74,10.0,9.0,nan,50.0,35.0,31.0,74.0
12,中山,2019-02-06,78,9.0,9.0,nan,54.0,39.0,33.0,78.0
11,士林,2019-02-06,68,3.0,8.0,nan,46.0,27.0,42.0,68.0
10,淡水,2019-02-06,70,4.0,6.0,nan,44.0,34.0,39.0,70.0
9,林口,2019-02-06,77,9.0,6.0,nan,49.0,30.0,41.0,77.0
8,菜寮,2019-02-06,76,4.0,8.0,nan,51.0,30.0,36.0,76.0
7,新莊,2019-02-06,69,6.0,6.0,nan,48.0,20.0,38.0,69.0
6,板橋,2019-02-06,86,4.0,8.0,nan,48.0,32.0,33.0,86.0
5,土城,2019-02-06,81,4.0,7.0,nan,41.0,22.0,42.0,81.0
4,新店,2019-02-06,73,3.0,6.0,nan,30.0,22.0,37.0,73.0
3,萬里,2019-02-06,70,9.0,5.0,nan,46.0,10.0,44.0,70.0
2,汐止,2019-02-06,73,4.0,9.0,nan,41.0,30.0,39.0,73.0
2,汐止,2019-02-07,70,7.0,8.0,nan,34.0,17.0,51.0,70.0
1,基隆,2019-02-07,76,3.0,8.0,nan,46.0,28.0,64.0,76.0
3,萬里,2019-02-07,71,4.0,6.0,nan,44.0,14.0,64.0,71.0
4,新店,2019-02-07,60,3.0,5.0,nan,27.0,16.0,49.0,60.0
5,土城,2019-02-07,80,6.0,7.0,nan,39.0,18.0,51.0,80.0
6,板橋,2019-02-07,89,6.0,8.0,nan,43.0,31.0,45.0,89.0
7,新莊,2019-02-07,74,4.0,8.0,nan,44.0,21.0,48.0,74.0
8,菜寮,2019-02-07,84,4.0,9.0,nan,46.0,32.0,49.0,84.0
9,林口,2019-02-07,81,7.0,5.0,nan,46.0,19.0,58.0,81.0
10,淡水,2019-02-07,78,4.0,7.0,nan,40.0,26.0,58.0,78.0
11,士林,2019-02-07,64,4.0,8.0,nan,48.0,27.0,64.0,nan
12,中山,2019-02-07,88,6.0,8.0,nan,48.0,38.0,45.0,88.0
13,萬華,2019-02-07,77,4.0,8.0,nan,44.0,33.0,46.0,77.0
14,古亭,2019-02-07,69,4.0,5.0,nan,38.0,23.0,49.0,69.0
15,松山,2019-02-07,74,4.0,7.0,nan,42.0,29.0,46.0,74.0
16,大同,2019-02-07,81,6.0,14.0,nan,47.0,35.0,nan,81.0
17,桃園,2019-02-07,94,7.0,8.0,nan,44.0,27.0,39.0,94.0
18,大園,2019-02-07,88,7.0,6.0,nan,49.0,24.0,64.0,88.0
19,觀音,2019-02-07,97,7.0,6.0,nan,49.0,14.0,44.0,97.0
20,平鎮,2019-02-07,88,4.0,6.0,nan,51.0,25.0,48.0,88.0
21,龍潭,2019-02-07,83,4.0,5.0,nan,49.0,16.0,49.0,83.0
22,湖口,2019-02-07,76,6.0,5.0,nan,49.0,17.0,54.0,76.0
23,竹東,2019-02-07,82,3.0,5.0,nan,39.0,15.0,37.0,82.0
24,新竹,2019-02-07,93,4.0,6.0,nan,49.0,23.0,40.0,93.0
25,頭份,2019-02-07,73,4.0,5.0,nan,46.0,18.0,nan,73.0
26,苗栗,2019-02-07,95,6.0,6.0,nan,49.0,18.0,37.0,95.0
27,三義,2019-02-07,87,4.0,5.0,nan,42.0,11.0,47.0,87.0
28,豐原,2019-02-07,74,6.0,5.0,nan,38.0,13.0,48.0,74.0
29,沙鹿,2019-02-07,81,11.0,6.0,nan,40.0,23.0,47.0,81.0
30,大里,2019-02-07,53,6.0,7.0,nan,40.0,24.0,47.0,53.0
31,忠明,2019-02-07,89,3.0,7.0,nan,37.0,22.0,38.0,89.0
32,西屯,2019-02-07,79,6.0,6.0,nan,47.0,nan,49.0,79.0
33,彰化,2019-02-07,79,4.0,7.0,nan,39.0,19.0,47.0,79.0
34,線西,2019-02-07,98,6.0,7.0,nan,48.0,22.0,nan,98.0
35,二林,2019-02-07,86,7.0,6.0,nan,68.0,16.0,43.0,86.0
36,南投,2019-02-07,80,3.0,6.0,nan,44.0,25.0,38.0,80.0
37,斗六,2019-02-07,77,6.0,5.0,nan,44.0,15.0,48.0,77.0
38,崙背,2019-02-07,110,6.0,6.0,nan,51.0,18.0,48.0,110.0
39,新港,2019-02-07,95,4.0,7.0,nan,60.0,18.0,42.0,95.0
40,朴子,2019-02-07,65,4.0,6.0,nan,52.0,18.0,44.0,65.0
41,臺西,2019-02-07,121,3.0,6.0,nan,58.0,16.0,nan,121.0
42,嘉義,2019-02-07,71,3.0,6.0,nan,38.0,20.0,44.0,71.0
43,新營,2019-02-07,76,3.0,5.0,nan,44.0,14.0,39.0,76.0
44,善化,2019-02-07,66,6.0,5.0,nan,45.0,10.0,45.0,66.0
45,安南,2019-02-07,77,4.0,6.0,nan,50.0,22.0,49.0,77.0
46,臺南,2019-02-07,83,4.0,6.0,nan,46.0,22.0,48.0,83.0
47,美濃,2019-02-07,39,4.0,3.0,nan,34.0,8.0,38.0,39.0
48,橋頭,2019-02-07,74,4.0,5.0,nan,38.0,16.0,49.0,74.0
49,仁武,2019-02-07,75,6.0,6.0,nan,35.0,23.0,48.0,75.0
50,鳳山,2019-02-07,72,6.0,6.0,nan,38.0,15.0,nan,72.0
51,大寮,2019-02-07,70,55.0,5.0,nan,33.0,22.0,43.0,70.0
52,林園,2019-02-07,62,9.0,5.0,nan,40.0,14.0,47.0,62.0
53,楠梓,2019-02-07,78,4.0,5.0,nan,34.0,20.0,45.0,78.0
54,左營,2019-02-07,64,4.0,7.0,nan,39.0,34.0,49.0,64.0
56,前金,2019-02-07,78,6.0,8.0,nan,42.0,25.0,47.0,78.0
57,前鎮,2019-02-07,67,10.0,7.0,nan,44.0,37.0,nan,67.0
58,小港,2019-02-07,66,7.0,5.0,nan,36.0,18.0,44.0,66.0
59,屏東,2019-02-07,58,3.0,5.0,nan,35.0,21.0,44.0,58.0
60,潮州,2019-02-07,52,4.0,3.0,nan,34.0,14.0,42.0,52.0
61,恆春,2019-02-07,45,4.0,2.0,nan,19.0,4.0,45.0,36.0
62,臺東,2019-02-07,32,3.0,5.0,nan,22.0,13.0,20.0,32.0
63,花蓮,2019-02-07,45,3.0,5.0,nan,27.0,18.0,44.0,45.0
64,陽明,2019-02-07,50,4.0,3.0,nan,25.0,4.0,43.0,50.0
65,宜蘭,2019-02-07,64,3.0,5.0,nan,34.0,7.0,46.0,64.0
66,冬山,2019-02-07,53,6.0,5.0,nan,32.0,8.0,44.0,53.0
67,三重,2019-02-07,85,4.0,15.0,nan,59.0,34.0,nan,85.0
68,中壢,2019-02-07,88,3.0,9.0,nan,49.0,26.0,nan,88.0
69,竹山,2019-02-07,60,3.0,5.0,nan,41.0,18.0,47.0,60.0
70,永和,2019-02-07,79,6.0,7.0,nan,37.0,23.0,nan,79.0
71,復興,2019-02-07,79,9.0,7.0,nan,44.0,27.0,nan,79.0
72,埔里,2019-02-07,72,3.0,6.0,nan,46.0,26.0,46.0,72.0
75,馬祖,2019-02-07,73,6.0,7.0,nan,44.0,10.0,54.0,73.0
77,金門,2019-02-07,138,7.0,7.0,nan,61.0,19.0,39.0,138.0
78,馬公,2019-02-07,75,3.0,6.0,nan,31.0,20.0,30.0,75.0
80,關山,2019-02-07,38,3.0,nan,nan,20.0,6.0,24.0,38.0
83,麥寮,2019-02-07,95,6.0,6.0,nan,59.0,15.0,nan,95.0
84,富貴角,2019-02-07,89,3.0,5.0,nan,42.0,18.0,54.0,89.0
84,富貴角,2019-02-08,47,1.0,2.0,nan,47.0,2.0,40.0,46.0
1,基隆,2019-02-08,38,3.0,3.0,nan,25.0,22.0,38.0,29.0
2,汐止,2019-02-08,37,4.0,3.0,nan,13.0,12.0,37.0,24.0
3,萬里,2019-02-08,44,1.0,3.0,nan,44.0,8.0,43.0,31.0
4,新店,2019-02-08,34,4.0,3.0,nan,13.0,10.0,34.0,25.0
5,土城,2019-02-08,37,4.0,3.0,nan,15.0,12.0,37.0,29.0
6,板橋,2019-02-08,31,3.0,5.0,nan,17.0,21.0,31.0,30.0
7,新莊,2019-02-08,33,4.0,5.0,nan,18.0,17.0,33.0,17.0
8,菜寮,2019-02-08,32,4.0,5.0,nan,17.0,15.0,32.0,25.0
9,林口,2019-02-08,45,3.0,3.0,nan,29.0,7.0,38.0,45.0
10,淡水,2019-02-08,41,3.0,3.0,nan,13.0,6.0,41.0,25.0
11,士林,2019-02-08,38,3.0,3.0,nan,16.0,10.0,38.0,22.0
12,中山,2019-02-08,34,3.0,5.0,nan,18.0,22.0,34.0,29.0
13,萬華,2019-02-08,34,3.0,5.0,nan,18.0,22.0,34.0,23.0
14,古亭,2019-02-08,36,3.0,3.0,nan,19.0,13.0,36.0,24.0
15,松山,2019-02-08,37,1.0,3.0,nan,19.0,15.0,37.0,20.0
16,大同,2019-02-08,32,3.0,9.0,nan,19.0,32.0,nan,21.0
17,桃園,2019-02-08,38,9.0,5.0,nan,21.0,16.0,28.0,38.0
18,大園,2019-02-08,41,7.0,3.0,nan,25.0,20.0,41.0,28.0
19,觀音,2019-02-08,40,4.0,3.0,nan,24.0,7.0,34.0,40.0
20,平鎮,2019-02-08,40,6.0,5.0,nan,27.0,13.0,33.0,40.0
21,龍潭,2019-02-08,36,4.0,5.0,nan,24.0,14.0,35.0,36.0
22,湖口,2019-02-08,38,3.0,3.0,nan,27.0,8.0,38.0,27.0
23,竹東,2019-02-08,41,3.0,3.0,nan,22.0,12.0,27.0,41.0
24,新竹,2019-02-08,48,3.0,5.0,nan,29.0,11.0,31.0,48.0
25,頭份,2019-02-08,34,3.0,3.0,nan,28.0,10.0,nan,34.0
26,苗栗,2019-02-08,57,4.0,5.0,nan,31.0,15.0,26.0,57.0
27,三義,2019-02-08,48,3.0,5.0,nan,22.0,9.0,33.0,48.0
28,豐原,2019-02-08,47,3.0,5.0,nan,26.0,10.0,38.0,47.0
29,沙鹿,2019-02-08,44,3.0,5.0,nan,26.0,11.0,40.0,44.0
30,大里,2019-02-08,42,3.0,6.0,nan,31.0,21.0,39.0,42.0
31,忠明,2019-02-08,59,3.0,5.0,nan,26.0,17.0,23.0,59.0
32,西屯,2019-02-08,54,4.0,5.0,nan,33.0,14.0,39.0,54.0
33,彰化,2019-02-08,60,1.0,6.0,nan,30.0,18.0,39.0,60.0
34,線西,2019-02-08,53,10.0,6.0,nan,31.0,10.0,nan,53.0
35,二林,2019-02-08,58,11.0,6.0,nan,50.0,13.0,35.0,58.0
36,南投,2019-02-08,70,3.0,6.0,nan,42.0,19.0,34.0,70.0
37,斗六,2019-02-08,84,6.0,5.0,nan,44.0,17.0,48.0,84.0
38,崙背,2019-02-08,81,7.0,5.0,nan,39.0,13.0,45.0,81.0
39,新港,2019-02-08,77,6.0,6.0,nan,54.0,15.0,44.0,77.0
40,朴子,2019-02-08,63,7.0,6.0,nan,50.0,12.0,44.0,63.0
41,臺西,2019-02-08,64,6.0,6.0,nan,35.0,11.0,nan,64.0
42,嘉義,2019-02-08,86,6.0,6.0,nan,50.0,18.0,46.0,86.0
43,新營,2019-02-08,83,6.0,6.0,nan,54.0,17.0,40.0,83.0
44,善化,2019-02-08,86,4.0,6.0,nan,61.0,10.0,50.0,86.0
45,安南,2019-02-08,77,6.0,6.0,nan,58.0,20.0,54.0,77.0
46,臺南,2019-02-08,87,6.0,6.0,nan,55.0,15.0,47.0,87.0
47,美濃,2019-02-08,50,3.0,3.0,nan,40.0,7.0,50.0,42.0
48,橋頭,2019-02-08,106,4.0,6.0,nan,54.0,15.0,74.0,106.0
49,仁武,2019-02-08,95,19.0,6.0,nan,52.0,21.0,77.0,95.0
50,鳳山,2019-02-08,99,9.0,7.0,nan,53.0,25.0,nan,99.0
51,大寮,2019-02-08,80,47.0,5.0,nan,41.0,18.0,51.0,80.0
52,林園,2019-02-08,90,14.0,5.0,nan,52.0,23.0,90.0,81.0
53,楠梓,2019-02-08,114,4.0,6.0,nan,50.0,13.0,64.0,114.0
54,左營,2019-02-08,86,6.0,6.0,nan,53.0,10.0,77.0,86.0
56,前金,2019-02-08,110,6.0,7.0,nan,56.0,11.0,77.0,110.0
57,前鎮,2019-02-08,99,11.0,8.0,nan,57.0,24.0,nan,99.0
58,小港,2019-02-08,99,7.0,6.0,nan,52.0,24.0,61.0,99.0
59,屏東,2019-02-08,87,16.0,7.0,nan,44.0,24.0,74.0,87.0
60,潮州,2019-02-08,58,3.0,3.0,nan,38.0,12.0,51.0,58.0
61,恆春,2019-02-08,42,3.0,2.0,nan,22.0,5.0,42.0,36.0
62,臺東,2019-02-08,36,1.0,5.0,nan,23.0,8.0,27.0,36.0
63,花蓮,2019-02-08,36,3.0,5.0,nan,22.0,12.0,36.0,31.0
64,陽明,2019-02-08,37,1.0,2.0,nan,5.0,1.0,37.0,5.0
65,宜蘭,2019-02-08,39,3.0,5.0,nan,20.0,4.0,36.0,39.0
66,冬山,2019-02-08,37,1.0,3.0,nan,18.0,8.0,37.0,18.0
67,三重,2019-02-08,31,4.0,11.0,nan,26.0,31.0,nan,19.0
68,中壢,2019-02-08,37,4.0,7.0,nan,26.0,26.0,nan,37.0
69,竹山,2019-02-08,57,4.0,5.0,nan,44.0,15.0,nan,57.0
70,永和,2019-02-08,40,7.0,5.0,nan,21.0,14.0,nan,40.0
71,復興,2019-02-08,110,7.0,8.0,nan,59.0,24.0,nan,110.0
72,埔里,2019-02-08,65,4.0,5.0,nan,39.0,17.0,58.0,65.0
75,馬祖,2019-02-08,38,3.0,3.0,nan,24.0,3.0,38.0,35.0
77,金門,2019-02-08,60,6.0,5.0,nan,24.0,9.0,33.0,60.0
78,馬公,2019-02-08,44,1.0,3.0,nan,22.0,8.0,26.0,44.0
80,關山,2019-02-08,39,3.0,nan,nan,20.0,6.0,31.0,39.0
83,麥寮,2019-02-08,59,6.0,6.0,nan,52.0,12.0,nan,59.0
1,基隆,2019-02-09,37,3.0,2.0,nan,15.0,14.0,37.0,15.0
84,富貴角,2019-02-09,39,1.0,1.0,nan,29.0,3.0,39.0,22.0
83,麥寮,2019-02-09,51,6.0,3.0,nan,41.0,12.0,nan,51.0
80,關山,2019-02-09,31,1.0,nan,nan,15.0,7.0,31.0,29.0
78,馬公,2019-02-09,35,3.0,2.0,nan,18.0,8.0,24.0,35.0
77,金門,2019-02-09,50,3.0,3.0,nan,21.0,8.0,30.0,50.0
75,馬祖,2019-02-09,37,3.0,2.0,nan,9.0,2.0,37.0,13.0
72,埔里,2019-02-09,60,4.0,5.0,nan,39.0,16.0,46.0,60.0
71,復興,2019-02-09,83,7.0,8.0,nan,50.0,27.0,nan,83.0
70,永和,2019-02-09,23,3.0,5.0,nan,12.0,17.0,nan,23.0
69,竹山,2019-02-09,51,4.0,5.0,nan,39.0,16.0,21.0,51.0
68,中壢,2019-02-09,36,4.0,7.0,nan,19.0,26.0,nan,36.0
67,三重,2019-02-09,35,3.0,12.0,nan,26.0,35.0,nan,15.0
66,冬山,2019-02-09,38,1.0,3.0,nan,11.0,5.0,38.0,11.0
65,宜蘭,2019-02-09,35,3.0,3.0,nan,14.0,5.0,35.0,27.0
64,陽明,2019-02-09,37,3.0,2.0,nan,6.0,2.0,37.0,7.0
63,花蓮,2019-02-09,38,4.0,3.0,nan,16.0,11.0,38.0,22.0
62,臺東,2019-02-09,26,3.0,3.0,nan,14.0,6.0,26.0,25.0
61,恆春,2019-02-09,42,1.0,2.0,nan,19.0,2.0,42.0,33.0
60,潮州,2019-02-09,84,10.0,5.0,nan,49.0,16.0,84.0,70.0
59,屏東,2019-02-09,75,6.0,5.0,nan,46.0,16.0,74.0,75.0
58,小港,2019-02-09,73,7.0,5.0,nan,44.0,24.0,61.0,73.0
57,前鎮,2019-02-09,72,7.0,7.0,nan,50.0,26.0,nan,72.0
56,前金,2019-02-09,75,9.0,6.0,nan,44.0,22.0,71.0,75.0
54,左營,2019-02-09,77,6.0,6.0,nan,43.0,22.0,77.0,59.0
53,楠梓,2019-02-09,85,6.0,5.0,nan,43.0,18.0,61.0,85.0
52,林園,2019-02-09,80,14.0,5.0,nan,53.0,30.0,80.0,75.0
51,大寮,2019-02-09,79,19.0,5.0,nan,43.0,17.0,64.0,79.0
50,鳳山,2019-02-09,71,10.0,6.0,nan,46.0,25.0,nan,71.0
49,仁武,2019-02-09,73,10.0,6.0,nan,43.0,25.0,71.0,73.0
48,橋頭,2019-02-09,77,6.0,5.0,nan,45.0,19.0,71.0,77.0
47,美濃,2019-02-09,48,3.0,5.0,nan,45.0,10.0,46.0,48.0
46,臺南,2019-02-09,70,6.0,6.0,nan,47.0,22.0,46.0,70.0
45,安南,2019-02-09,60,6.0,5.0,nan,48.0,16.0,54.0,60.0
44,善化,2019-02-09,72,9.0,5.0,nan,49.0,19.0,47.0,72.0
43,新營,2019-02-09,64,9.0,5.0,nan,44.0,19.0,34.0,64.0
42,嘉義,2019-02-09,79,11.0,6.0,nan,41.0,25.0,35.0,79.0
41,臺西,2019-02-09,50,7.0,3.0,nan,31.0,10.0,nan,50.0
40,朴子,2019-02-09,53,9.0,5.0,nan,40.0,15.0,37.0,53.0
39,新港,2019-02-09,65,13.0,5.0,nan,43.0,17.0,33.0,65.0
38,崙背,2019-02-09,75,13.0,5.0,nan,32.0,18.0,34.0,75.0
37,斗六,2019-02-09,76,6.0,5.0,nan,37.0,16.0,41.0,76.0
36,南投,2019-02-09,56,3.0,6.0,nan,33.0,18.0,24.0,56.0
35,二林,2019-02-09,58,21.0,6.0,nan,44.0,23.0,25.0,58.0
34,線西,2019-02-09,45,7.0,5.0,nan,22.0,18.0,nan,45.0
33,彰化,2019-02-09,45,4.0,5.0,nan,21.0,21.0,27.0,45.0
32,西屯,2019-02-09,43,3.0,3.0,nan,26.0,21.0,31.0,43.0
31,忠明,2019-02-09,47,3.0,5.0,nan,19.0,25.0,22.0,47.0
30,大里,2019-02-09,37,3.0,5.0,nan,24.0,20.0,27.0,37.0
29,沙鹿,2019-02-09,37,4.0,3.0,nan,17.0,12.0,31.0,37.0
28,豐原,2019-02-09,44,4.0,3.0,nan,23.0,14.0,29.0,44.0
27,三義,2019-02-09,47,4.0,3.0,nan,19.0,12.0,24.0,47.0
26,苗栗,2019-02-09,57,3.0,5.0,nan,22.0,14.0,19.0,57.0
25,頭份,2019-02-09,32,4.0,3.0,nan,20.0,13.0,nan,32.0
24,新竹,2019-02-09,42,3.0,3.0,nan,20.0,12.0,27.0,42.0
23,竹東,2019-02-09,39,3.0,3.0,nan,19.0,10.0,26.0,39.0
22,湖口,2019-02-09,36,4.0,3.0,nan,19.0,8.0,36.0,25.0
21,龍潭,2019-02-09,36,3.0,3.0,nan,21.0,13.0,32.0,36.0
20,平鎮,2019-02-09,31,4.0,5.0,nan,18.0,19.0,28.0,31.0
19,觀音,2019-02-09,32,7.0,2.0,nan,16.0,8.0,32.0,29.0
18,大園,2019-02-09,38,7.0,2.0,nan,13.0,14.0,38.0,16.0
17,桃園,2019-02-09,24,4.0,5.0,nan,13.0,14.0,22.0,24.0
15,松山,2019-02-09,29,4.0,3.0,nan,12.0,15.0,29.0,19.0
14,古亭,2019-02-09,31,3.0,3.0,nan,14.0,11.0,31.0,18.0
13,萬華,2019-02-09,23,3.0,5.0,nan,12.0,23.0,22.0,19.0
12,中山,2019-02-09,26,3.0,5.0,nan,13.0,26.0,24.0,18.0
11,士林,2019-02-09,25,1.0,3.0,nan,13.0,14.0,25.0,24.0
10,淡水,2019-02-09,39,1.0,2.0,nan,6.0,5.0,39.0,15.0
9,林口,2019-02-09,33,3.0,2.0,nan,11.0,8.0,33.0,19.0
8,菜寮,2019-02-09,25,1.0,6.0,nan,12.0,21.0,25.0,19.0
7,新莊,2019-02-09,26,3.0,5.0,nan,16.0,16.0,26.0,15.0
16,大同,2019-02-09,36,4.0,11.0,nan,15.0,36.0,nan,27.0
6,板橋,2019-02-09,27,1.0,5.0,nan,13.0,20.0,24.0,27.0
5,土城,2019-02-09,34,4.0,3.0,nan,13.0,15.0,34.0,26.0
4,新店,2019-02-09,31,3.0,3.0,nan,8.0,12.0,31.0,29.0
3,萬里,2019-02-09,42,3.0,2.0,nan,31.0,8.0,42.0,20.0
2,汐止,2019-02-09,34,6.0,3.0,nan,8.0,10.0,34.0,15.0
1,基隆,2019-02-10,38,3.0,2.0,nan,8.0,20.0,38.0,11.0
2,汐止,2019-02-10,36,3.0,3.0,nan,4.0,11.0,36.0,10.0
3,萬里,2019-02-10,42,3.0,2.0,nan,24.0,8.0,42.0,17.0
4,新店,2019-02-10,31,3.0,3.0,nan,5.0,12.0,31.0,15.0
5,土城,2019-02-10,36,4.0,5.0,nan,7.0,13.0,36.0,15.0
6,板橋,2019-02-10,32,4.0,6.0,nan,6.0,24.0,32.0,15.0
7,新莊,2019-02-10,32,4.0,6.0,nan,10.0,22.0,32.0,11.0
8,菜寮,2019-02-10,31,3.0,6.0,nan,7.0,22.0,31.0,14.0
9,林口,2019-02-10,35,3.0,2.0,nan,11.0,8.0,35.0,15.0
10,淡水,2019-02-10,39,3.0,3.0,nan,3.0,6.0,39.0,11.0
11,士林,2019-02-10,14,1.0,5.0,nan,7.0,14.0,nan,14.0
16,大同,2019-02-10,35,4.0,12.0,nan,9.0,35.0,nan,17.0
12,中山,2019-02-10,31,3.0,6.0,nan,8.0,25.0,31.0,14.0
13,萬華,2019-02-10,32,3.0,5.0,nan,8.0,24.0,32.0,18.0
14,古亭,2019-02-10,35,3.0,3.0,nan,10.0,13.0,35.0,8.0
15,松山,2019-02-10,35,7.0,5.0,nan,8.0,17.0,35.0,13.0
17,桃園,2019-02-10,26,6.0,5.0,nan,11.0,20.0,26.0,24.0
18,大園,2019-02-10,43,7.0,2.0,nan,12.0,27.0,43.0,19.0
19,觀音,2019-02-10,36,7.0,2.0,nan,13.0,6.0,36.0,23.0
20,平鎮,2019-02-10,31,7.0,5.0,nan,16.0,17.0,31.0,30.0
21,龍潭,2019-02-10,35,6.0,5.0,nan,17.0,15.0,35.0,35.0
22,湖口,2019-02-10,39,3.0,3.0,nan,16.0,8.0,39.0,19.0
23,竹東,2019-02-10,44,6.0,3.0,nan,18.0,11.0,27.0,44.0
24,新竹,2019-02-10,34,3.0,3.0,nan,19.0,11.0,31.0,34.0
25,頭份,2019-02-10,31,3.0,3.0,nan,19.0,10.0,nan,31.0
26,苗栗,2019-02-10,50,4.0,5.0,nan,20.0,11.0,24.0,50.0
27,三義,2019-02-10,41,4.0,3.0,nan,16.0,11.0,30.0,41.0
28,豐原,2019-02-10,31,7.0,3.0,nan,19.0,14.0,28.0,31.0
29,沙鹿,2019-02-10,35,3.0,2.0,nan,17.0,9.0,35.0,33.0
30,大里,2019-02-10,36,3.0,6.0,nan,21.0,21.0,32.0,36.0
31,忠明,2019-02-10,38,1.0,5.0,nan,16.0,17.0,27.0,38.0
32,西屯,2019-02-10,43,3.0,3.0,nan,24.0,13.0,34.0,43.0
33,彰化,2019-02-10,40,4.0,5.0,nan,20.0,16.0,32.0,40.0
34,線西,2019-02-10,42,9.0,6.0,nan,18.0,12.0,nan,42.0
35,二林,2019-02-10,50,11.0,5.0,nan,38.0,15.0,28.0,50.0
36,南投,2019-02-10,54,3.0,5.0,nan,32.0,20.0,29.0,54.0
37,斗六,2019-02-10,76,6.0,5.0,nan,34.0,17.0,44.0,76.0
38,崙背,2019-02-10,67,11.0,3.0,nan,24.0,15.0,36.0,67.0
39,新港,2019-02-10,56,9.0,3.0,nan,37.0,16.0,35.0,56.0
40,朴子,2019-02-10,41,9.0,3.0,nan,35.0,19.0,39.0,41.0
41,臺西,2019-02-10,33,4.0,3.0,nan,24.0,8.0,nan,33.0
42,嘉義,2019-02-10,69,9.0,6.0,nan,37.0,20.0,39.0,69.0
43,新營,2019-02-10,55,9.0,3.0,nan,36.0,16.0,35.0,55.0
44,善化,2019-02-10,71,6.0,3.0,nan,49.0,16.0,46.0,71.0
45,安南,2019-02-10,52,9.0,3.0,nan,41.0,22.0,49.0,52.0
46,臺南,2019-02-10,55,9.0,5.0,nan,37.0,18.0,45.0,55.0
47,美濃,2019-02-10,58,4.0,5.0,nan,47.0,10.0,46.0,58.0
48,橋頭,2019-02-10,79,7.0,5.0,nan,44.0,20.0,64.0,79.0
49,仁武,2019-02-10,75,11.0,5.0,nan,42.0,20.0,64.0,75.0
50,鳳山,2019-02-10,82,9.0,6.0,nan,45.0,25.0,nan,82.0
51,大寮,2019-02-10,80,23.0,6.0,nan,42.0,25.0,67.0,80.0
52,林園,2019-02-10,93,16.0,6.0,nan,54.0,28.0,93.0,82.0
53,楠梓,2019-02-10,94,6.0,5.0,nan,43.0,19.0,54.0,94.0
54,左營,2019-02-10,64,7.0,5.0,nan,41.0,24.0,64.0,58.0
56,前金,2019-02-10,75,7.0,6.0,nan,41.0,21.0,64.0,75.0
57,前鎮,2019-02-10,70,6.0,6.0,nan,nan,21.0,nan,70.0
58,小港,2019-02-10,74,7.0,6.0,nan,48.0,23.0,51.0,74.0
59,屏東,2019-02-10,78,6.0,6.0,nan,48.0,23.0,61.0,78.0
60,潮州,2019-02-10,101,9.0,6.0,nan,55.0,14.0,101.0,82.0
61,恆春,2019-02-10,42,1.0,2.0,nan,8.0,2.0,42.0,21.0
62,臺東,2019-02-10,27,1.0,3.0,nan,6.0,7.0,27.0,12.0
63,花蓮,2019-02-10,38,4.0,3.0,nan,11.0,13.0,38.0,19.0
64,陽明,2019-02-10,37,3.0,2.0,nan,5.0,1.0,37.0,6.0
65,宜蘭,2019-02-10,40,3.0,3.0,nan,17.0,6.0,40.0,31.0
66,冬山,2019-02-10,38,3.0,2.0,nan,11.0,7.0,38.0,15.0
67,三重,2019-02-10,35,3.0,14.0,nan,19.0,35.0,nan,14.0
68,中壢,2019-02-10,28,3.0,8.0,nan,17.0,28.0,nan,18.0
69,竹山,2019-02-10,49,4.0,5.0,nan,38.0,18.0,44.0,49.0
70,永和,2019-02-10,17,4.0,5.0,nan,6.0,13.0,nan,17.0
71,復興,2019-02-10,81,6.0,7.0,nan,48.0,24.0,nan,81.0
72,埔里,2019-02-10,64,6.0,6.0,nan,40.0,25.0,43.0,64.0
75,馬祖,2019-02-10,36,1.0,2.0,nan,11.0,2.0,36.0,21.0
77,金門,2019-02-10,39,4.0,3.0,nan,16.0,10.0,37.0,39.0
78,馬公,2019-02-10,27,3.0,2.0,nan,15.0,6.0,26.0,27.0
80,關山,2019-02-10,30,3.0,nan,nan,10.0,4.0,30.0,21.0
83,麥寮,2019-02-10,36,7.0,3.0,nan,36.0,13.0,nan,35.0
84,富貴角,2019-02-10,39,1.0,2.0,nan,19.0,2.0,39.0,19.0
1,基隆,2019-02-11,34,3.0,3.0,nan,10.0,19.0,34.0,13.0
84,富貴角,2019-02-11,38,1.0,2.0,nan,17.0,2.0,38.0,16.0
3,萬里,2019-02-11,42,3.0,2.0,nan,28.0,3.0,42.0,20.0
4,新店,2019-02-11,33,4.0,3.0,nan,5.0,15.0,33.0,16.0
5,土城,2019-02-11,34,6.0,5.0,nan,7.0,12.0,34.0,12.0
6,板橋,2019-02-11,29,3.0,5.0,nan,nan,20.0,29.0,14.0
7,新莊,2019-02-11,29,3.0,5.0,nan,13.0,21.0,29.0,11.0
8,菜寮,2019-02-11,29,3.0,5.0,nan,8.0,22.0,29.0,13.0
9,林口,2019-02-11,35,3.0,3.0,nan,10.0,16.0,35.0,12.0
10,淡水,2019-02-11,39,3.0,3.0,nan,4.0,15.0,39.0,14.0
11,士林,2019-02-11,36,3.0,3.0,nan,6.0,13.0,36.0,20.0
12,中山,2019-02-11,29,3.0,6.0,nan,10.0,28.0,29.0,12.0
13,萬華,2019-02-11,30,3.0,5.0,nan,10.0,22.0,30.0,24.0
14,古亭,2019-02-11,33,3.0,3.0,nan,10.0,16.0,33.0,10.0
15,松山,2019-02-11,33,3.0,5.0,nan,9.0,20.0,33.0,19.0
16,大同,2019-02-11,38,4.0,15.0,nan,12.0,38.0,nan,19.0
17,桃園,2019-02-11,25,4.0,6.0,nan,9.0,19.0,25.0,18.0
18,大園,2019-02-11,41,9.0,2.0,nan,9.0,15.0,41.0,19.0
19,觀音,2019-02-11,33,7.0,3.0,nan,11.0,8.0,33.0,22.0
20,平鎮,2019-02-11,30,6.0,5.0,nan,14.0,24.0,30.0,23.0
21,龍潭,2019-02-11,32,4.0,3.0,nan,13.0,11.0,32.0,16.0
22,湖口,2019-02-11,37,3.0,2.0,nan,12.0,11.0,37.0,17.0
23,竹東,2019-02-11,25,3.0,3.0,nan,9.0,8.0,25.0,22.0
24,新竹,2019-02-11,30,3.0,3.0,nan,15.0,15.0,30.0,25.0
25,頭份,2019-02-11,17,6.0,3.0,nan,16.0,17.0,nan,nan
26,苗栗,2019-02-11,45,4.0,5.0,nan,18.0,18.0,22.0,45.0
27,三義,2019-02-11,30,4.0,3.0,nan,11.0,13.0,30.0,23.0
28,豐原,2019-02-11,33,3.0,3.0,nan,16.0,14.0,31.0,33.0
29,沙鹿,2019-02-11,33,4.0,3.0,nan,15.0,14.0,33.0,28.0
30,大里,2019-02-11,30,3.0,6.0,nan,19.0,30.0,30.0,30.0
31,忠明,2019-02-11,37,3.0,5.0,nan,16.0,22.0,20.0,37.0
32,西屯,2019-02-11,36,3.0,3.0,nan,24.0,21.0,34.0,36.0
33,彰化,2019-02-11,32,3.0,5.0,nan,20.0,21.0,31.0,32.0
34,線西,2019-02-11,44,6.0,5.0,nan,20.0,13.0,nan,44.0
35,二林,2019-02-11,45,10.0,5.0,nan,45.0,21.0,28.0,44.0
36,南投,2019-02-11,60,6.0,7.0,nan,34.0,29.0,28.0,60.0
37,斗六,2019-02-11,76,4.0,3.0,nan,37.0,27.0,44.0,76.0
38,崙背,2019-02-11,67,7.0,5.0,nan,39.0,22.0,38.0,67.0
39,新港,2019-02-11,53,9.0,6.0,nan,45.0,25.0,37.0,53.0
40,朴子,2019-02-11,52,9.0,3.0,nan,50.0,23.0,40.0,52.0
41,臺西,2019-02-11,40,3.0,2.0,nan,33.0,7.0,nan,40.0
42,嘉義,2019-02-11,72,7.0,6.0,nan,44.0,23.0,39.0,72.0
43,新營,2019-02-11,59,4.0,3.0,nan,50.0,17.0,37.0,59.0
44,善化,2019-02-11,75,6.0,5.0,nan,57.0,20.0,46.0,75.0
45,安南,2019-02-11,57,6.0,5.0,nan,57.0,20.0,47.0,50.0
46,臺南,2019-02-11,54,6.0,6.0,nan,53.0,22.0,44.0,54.0
47,美濃,2019-02-11,67,3.0,5.0,nan,57.0,11.0,64.0,67.0
48,橋頭,2019-02-11,87,6.0,5.0,nan,59.0,21.0,58.0,87.0
49,仁武,2019-02-11,91,6.0,6.0,nan,57.0,22.0,71.0,91.0
50,鳳山,2019-02-11,77,10.0,7.0,nan,62.0,33.0,nan,77.0
51,大寮,2019-02-11,92,20.0,8.0,nan,56.0,36.0,54.0,92.0
52,林園,2019-02-11,87,13.0,7.0,nan,71.0,37.0,61.0,87.0
53,楠梓,2019-02-11,94,6.0,5.0,nan,56.0,21.0,54.0,94.0
54,左營,2019-02-11,68,6.0,6.0,nan,55.0,24.0,49.0,68.0
56,前金,2019-02-11,92,7.0,6.0,nan,58.0,23.0,50.0,92.0
57,前鎮,2019-02-11,86,6.0,8.0,nan,64.0,33.0,nan,86.0
58,小港,2019-02-11,88,10.0,7.0,nan,62.0,39.0,44.0,88.0
2,汐止,2019-02-11,34,1.0,3.0,nan,3.0,17.0,34.0,9.0
59,屏東,2019-02-11,103,20.0,8.0,nan,64.0,27.0,100.0,103.0
60,潮州,2019-02-11,101,10.0,6.0,nan,72.0,37.0,80.0,101.0
61,恆春,2019-02-11,41,1.0,2.0,nan,6.0,2.0,41.0,20.0
62,臺東,2019-02-11,25,3.0,5.0,nan,12.0,8.0,25.0,15.0
63,花蓮,2019-02-11,37,3.0,5.0,nan,13.0,12.0,37.0,20.0
64,陽明,2019-02-11,35,1.0,2.0,nan,5.0,2.0,35.0,4.0
65,宜蘭,2019-02-11,33,3.0,3.0,nan,17.0,9.0,33.0,26.0
66,冬山,2019-02-11,32,4.0,3.0,nan,11.0,10.0,32.0,11.0
67,三重,2019-02-11,35,4.0,15.0,nan,25.0,35.0,nan,7.0
68,中壢,2019-02-11,31,6.0,9.0,nan,15.0,31.0,nan,23.0
69,竹山,2019-02-11,54,6.0,5.0,nan,42.0,26.0,45.0,54.0
70,永和,2019-02-11,15,3.0,6.0,nan,6.0,15.0,nan,13.0
71,復興,2019-02-11,98,6.0,9.0,nan,63.0,32.0,nan,98.0
72,埔里,2019-02-11,64,6.0,5.0,nan,38.0,23.0,64.0,57.0
75,馬祖,2019-02-11,34,1.0,2.0,nan,14.0,2.0,34.0,18.0
77,金門,2019-02-11,44,4.0,3.0,nan,20.0,7.0,36.0,44.0
78,馬公,2019-02-11,27,1.0,2.0,nan,14.0,6.0,27.0,25.0
80,關山,2019-02-11,29,3.0,nan,nan,13.0,4.0,29.0,27.0
83,麥寮,2019-02-11,62,4.0,3.0,nan,62.0,11.0,nan,38.0
2,汐止,2019-02-12,36,7.0,9.0,nan,13.0,36.0,32.0,25.0
1,基隆,2019-02-12,34,3.0,6.0,nan,19.0,26.0,34.0,17.0
84,富貴角,2019-02-12,36,1.0,2.0,nan,21.0,3.0,36.0,13.0
83,麥寮,2019-02-12,45,4.0,5.0,nan,45.0,14.0,nan,40.0
80,關山,2019-02-12,29,3.0,nan,nan,7.0,7.0,29.0,15.0
78,馬公,2019-02-12,31,1.0,2.0,nan,12.0,8.0,23.0,31.0
77,金門,2019-02-12,42,3.0,3.0,nan,16.0,12.0,42.0,38.0
75,馬祖,2019-02-12,31,7.0,5.0,nan,15.0,9.0,31.0,23.0
72,埔里,2019-02-12,87,6.0,6.0,nan,39.0,23.0,87.0,56.0
71,復興,2019-02-12,91,7.0,10.0,nan,56.0,31.0,nan,91.0
70,永和,2019-02-12,34,4.0,12.0,nan,16.0,34.0,nan,31.0
69,竹山,2019-02-12,90,4.0,5.0,nan,44.0,25.0,90.0,49.0
68,中壢,2019-02-12,29,7.0,10.0,nan,19.0,29.0,nan,24.0
67,三重,2019-02-12,40,7.0,22.0,nan,29.0,40.0,nan,17.0
66,冬山,2019-02-12,32,6.0,6.0,nan,13.0,15.0,32.0,15.0
65,宜蘭,2019-02-12,38,3.0,5.0,nan,10.0,8.0,38.0,21.0
64,陽明,2019-02-12,34,1.0,3.0,nan,6.0,9.0,34.0,7.0
63,花蓮,2019-02-12,36,6.0,5.0,nan,11.0,12.0,36.0,21.0
62,臺東,2019-02-12,23,3.0,5.0,nan,7.0,14.0,23.0,12.0
61,恆春,2019-02-12,36,1.0,2.0,nan,5.0,2.0,36.0,21.0
60,潮州,2019-02-12,104,7.0,6.0,nan,67.0,32.0,104.0,100.0
59,屏東,2019-02-12,118,13.0,7.0,nan,62.0,26.0,118.0,92.0
58,小港,2019-02-12,79,9.0,8.0,nan,53.0,41.0,46.0,79.0
57,前鎮,2019-02-12,75,6.0,9.0,nan,56.0,31.0,nan,75.0
56,前金,2019-02-12,84,7.0,7.0,nan,50.0,25.0,64.0,84.0
54,左營,2019-02-12,78,11.0,6.0,nan,44.0,26.0,50.0,78.0
53,楠梓,2019-02-12,94,6.0,6.0,nan,52.0,25.0,51.0,94.0
52,林園,2019-02-12,90,10.0,6.0,nan,62.0,30.0,90.0,79.0
51,大寮,2019-02-12,89,21.0,7.0,nan,53.0,28.0,87.0,89.0
50,鳳山,2019-02-12,71,10.0,8.0,nan,57.0,35.0,nan,71.0
49,仁武,2019-02-12,78,9.0,7.0,nan,50.0,25.0,61.0,78.0
48,橋頭,2019-02-12,82,7.0,7.0,nan,52.0,27.0,54.0,82.0
47,美濃,2019-02-12,84,4.0,5.0,nan,59.0,10.0,84.0,64.0
46,臺南,2019-02-12,53,7.0,6.0,nan,40.0,28.0,45.0,53.0
45,安南,2019-02-12,48,6.0,6.0,nan,46.0,28.0,48.0,44.0
44,善化,2019-02-12,64,9.0,5.0,nan,48.0,21.0,46.0,64.0
43,新營,2019-02-12,53,7.0,5.0,nan,42.0,25.0,36.0,53.0
42,嘉義,2019-02-12,64,7.0,6.0,nan,38.0,23.0,44.0,64.0
41,臺西,2019-02-12,49,6.0,5.0,nan,25.0,13.0,nan,49.0
40,朴子,2019-02-12,42,4.0,3.0,nan,38.0,15.0,42.0,34.0
39,新港,2019-02-12,55,10.0,5.0,nan,41.0,18.0,41.0,55.0
38,崙背,2019-02-12,65,7.0,3.0,nan,28.0,15.0,44.0,65.0
37,斗六,2019-02-12,62,7.0,5.0,nan,39.0,22.0,50.0,62.0
36,南投,2019-02-12,54,6.0,7.0,nan,38.0,25.0,37.0,54.0
35,二林,2019-02-12,47,13.0,3.0,nan,37.0,15.0,34.0,47.0
34,線西,2019-02-12,46,16.0,5.0,nan,21.0,18.0,nan,46.0
33,彰化,2019-02-12,40,4.0,6.0,nan,21.0,19.0,40.0,39.0
32,西屯,2019-02-12,43,3.0,5.0,nan,28.0,18.0,43.0,31.0
31,忠明,2019-02-12,35,4.0,6.0,nan,19.0,33.0,27.0,35.0
30,大里,2019-02-12,42,7.0,7.0,nan,29.0,28.0,42.0,34.0
29,沙鹿,2019-02-12,43,4.0,3.0,nan,18.0,19.0,43.0,38.0
28,豐原,2019-02-12,44,4.0,5.0,nan,27.0,23.0,37.0,44.0
27,三義,2019-02-12,40,4.0,3.0,nan,18.0,11.0,40.0,37.0
26,苗栗,2019-02-12,58,4.0,5.0,nan,24.0,16.0,28.0,58.0
25,頭份,2019-02-12,28,4.0,5.0,nan,28.0,21.0,nan,28.0
24,新竹,2019-02-12,47,3.0,5.0,nan,24.0,22.0,29.0,47.0
23,竹東,2019-02-12,52,3.0,5.0,nan,27.0,14.0,24.0,52.0
22,湖口,2019-02-12,38,4.0,3.0,nan,18.0,10.0,38.0,27.0
21,龍潭,2019-02-12,36,7.0,6.0,nan,22.0,18.0,35.0,36.0
20,平鎮,2019-02-12,30,4.0,5.0,nan,18.0,19.0,30.0,19.0
19,觀音,2019-02-12,34,9.0,3.0,nan,19.0,6.0,34.0,27.0
18,大園,2019-02-12,38,9.0,3.0,nan,14.0,13.0,38.0,23.0
17,桃園,2019-02-12,27,9.0,5.0,nan,14.0,19.0,27.0,26.0
16,大同,2019-02-12,50,9.0,19.0,nan,18.0,50.0,nan,20.0
15,松山,2019-02-12,39,6.0,9.0,nan,16.0,39.0,30.0,27.0
14,古亭,2019-02-12,35,6.0,8.0,nan,19.0,35.0,30.0,28.0
13,萬華,2019-02-12,33,7.0,8.0,nan,16.0,33.0,28.0,24.0
12,中山,2019-02-12,38,6.0,9.0,nan,17.0,38.0,28.0,27.0
11,士林,2019-02-12,36,3.0,5.0,nan,12.0,16.0,36.0,24.0
10,淡水,2019-02-12,36,3.0,3.0,nan,13.0,18.0,36.0,19.0
9,林口,2019-02-12,34,3.0,3.0,nan,10.0,16.0,34.0,12.0
8,菜寮,2019-02-12,30,4.0,6.0,nan,13.0,24.0,30.0,17.0
7,新莊,2019-02-12,31,6.0,5.0,nan,18.0,22.0,31.0,16.0
6,板橋,2019-02-12,29,6.0,7.0,nan,17.0,27.0,29.0,nan
5,土城,2019-02-12,35,6.0,6.0,nan,19.0,23.0,34.0,35.0
4,新店,2019-02-12,32,4.0,5.0,nan,10.0,25.0,28.0,32.0
3,萬里,2019-02-12,36,4.0,5.0,nan,29.0,21.0,36.0,25.0
75,馬祖,2019-02-13,40,4.0,3.0,nan,22.0,8.0,40.0,34.0
1,基隆,2019-02-13,39,3.0,3.0,nan,24.0,24.0,39.0,28.0
2,汐止,2019-02-13,31,7.0,5.0,nan,16.0,23.0,31.0,30.0
3,萬里,2019-02-13,44,4.0,2.0,nan,39.0,8.0,44.0,29.0
4,新店,2019-02-13,43,4.0,6.0,nan,16.0,19.0,27.0,43.0
5,土城,2019-02-13,48,6.0,5.0,nan,24.0,25.0,31.0,48.0
6,板橋,2019-02-13,40,7.0,6.0,nan,21.0,27.0,27.0,40.0
7,新莊,2019-02-13,31,4.0,5.0,nan,22.0,21.0,31.0,26.0
8,菜寮,2019-02-13,32,4.0,6.0,nan,20.0,25.0,28.0,32.0
9,林口,2019-02-13,31,1.0,3.0,nan,15.0,23.0,31.0,22.0
10,淡水,2019-02-13,39,3.0,5.0,nan,13.0,16.0,39.0,29.0
11,士林,2019-02-13,41,3.0,5.0,nan,19.0,23.0,41.0,25.0
12,中山,2019-02-13,35,4.0,7.0,nan,24.0,31.0,21.0,35.0
13,萬華,2019-02-13,31,4.0,5.0,nan,22.0,29.0,23.0,31.0
14,古亭,2019-02-13,39,4.0,5.0,nan,22.0,22.0,28.0,39.0
15,松山,2019-02-13,35,4.0,5.0,nan,23.0,27.0,29.0,35.0
16,大同,2019-02-13,40,6.0,14.0,nan,24.0,40.0,nan,31.0
17,桃園,2019-02-13,36,7.0,6.0,nan,19.0,20.0,24.0,36.0
18,大園,2019-02-13,37,11.0,3.0,nan,19.0,19.0,37.0,26.0
19,觀音,2019-02-13,36,10.0,2.0,nan,21.0,9.0,33.0,36.0
20,平鎮,2019-02-13,42,4.0,6.0,nan,27.0,27.0,24.0,42.0
21,龍潭,2019-02-13,44,4.0,5.0,nan,26.0,20.0,32.0,44.0
22,湖口,2019-02-13,37,6.0,3.0,nan,23.0,14.0,34.0,37.0
23,竹東,2019-02-13,56,3.0,5.0,nan,25.0,15.0,23.0,56.0
24,新竹,2019-02-13,62,4.0,5.0,nan,28.0,24.0,23.0,62.0
25,頭份,2019-02-13,49,6.0,5.0,nan,31.0,20.0,nan,49.0
26,苗栗,2019-02-13,74,4.0,6.0,nan,31.0,20.0,21.0,74.0
27,三義,2019-02-13,48,3.0,3.0,nan,19.0,14.0,29.0,48.0
28,豐原,2019-02-13,55,4.0,5.0,nan,25.0,20.0,30.0,55.0
29,沙鹿,2019-02-13,68,4.0,5.0,nan,32.0,20.0,34.0,68.0
30,大里,2019-02-13,55,4.0,8.0,nan,38.0,31.0,32.0,55.0
31,忠明,2019-02-13,64,4.0,6.0,nan,30.0,32.0,22.0,64.0
32,西屯,2019-02-13,69,4.0,6.0,nan,39.0,28.0,33.0,69.0
33,彰化,2019-02-13,69,7.0,6.0,nan,34.0,31.0,32.0,69.0
34,線西,2019-02-13,84,11.0,6.0,nan,42.0,22.0,nan,84.0
35,二林,2019-02-13,76,13.0,7.0,nan,60.0,19.0,32.0,76.0
36,南投,2019-02-13,74,6.0,8.0,nan,42.0,31.0,29.0,74.0
37,斗六,2019-02-13,96,10.0,7.0,nan,56.0,29.0,46.0,96.0
38,崙背,2019-02-13,99,11.0,6.0,nan,50.0,25.0,44.0,99.0
39,新港,2019-02-13,84,9.0,6.0,nan,61.0,22.0,40.0,84.0
40,朴子,2019-02-13,63,6.0,5.0,nan,52.0,15.0,42.0,63.0
41,臺西,2019-02-13,56,6.0,3.0,nan,28.0,12.0,nan,56.0
42,嘉義,2019-02-13,103,9.0,7.0,nan,58.0,28.0,42.0,103.0
43,新營,2019-02-13,85,6.0,6.0,nan,56.0,25.0,37.0,85.0
44,善化,2019-02-13,84,7.0,6.0,nan,63.0,20.0,48.0,84.0
45,安南,2019-02-13,78,6.0,6.0,nan,61.0,21.0,49.0,78.0
46,臺南,2019-02-13,84,6.0,6.0,nan,57.0,22.0,45.0,84.0
47,美濃,2019-02-13,64,4.0,5.0,nan,55.0,11.0,46.0,64.0
48,橋頭,2019-02-13,99,6.0,6.0,nan,60.0,21.0,71.0,99.0
49,仁武,2019-02-13,85,19.0,7.0,nan,55.0,30.0,67.0,85.0
50,鳳山,2019-02-13,99,7.0,8.0,nan,53.0,29.0,nan,99.0
51,大寮,2019-02-13,83,14.0,7.0,nan,44.0,25.0,77.0,83.0
52,林園,2019-02-13,101,21.0,7.0,nan,61.0,29.0,101.0,81.0
53,楠梓,2019-02-13,104,4.0,6.0,nan,57.0,23.0,58.0,104.0
54,左營,2019-02-13,75,6.0,8.0,nan,55.0,25.0,64.0,75.0
56,前金,2019-02-13,98,7.0,9.0,nan,55.0,21.0,84.0,98.0
57,前鎮,2019-02-13,82,13.0,9.0,nan,55.0,41.0,nan,82.0
58,小港,2019-02-13,83,10.0,8.0,nan,52.0,37.0,45.0,83.0
59,屏東,2019-02-13,80,6.0,6.0,nan,49.0,18.0,74.0,80.0
60,潮州,2019-02-13,90,4.0,6.0,nan,53.0,16.0,90.0,77.0
61,恆春,2019-02-13,33,1.0,2.0,nan,7.0,2.0,33.0,23.0
62,臺東,2019-02-13,23,3.0,3.0,nan,10.0,7.0,23.0,13.0
63,花蓮,2019-02-13,35,3.0,3.0,nan,15.0,9.0,35.0,19.0
64,陽明,2019-02-13,41,1.0,2.0,nan,5.0,3.0,41.0,6.0
65,宜蘭,2019-02-13,40,3.0,3.0,nan,19.0,8.0,34.0,40.0
66,冬山,2019-02-13,34,6.0,3.0,nan,21.0,12.0,34.0,16.0
67,三重,2019-02-13,41,6.0,17.0,nan,34.0,41.0,nan,32.0
68,中壢,2019-02-13,37,6.0,11.0,nan,27.0,34.0,nan,37.0
69,竹山,2019-02-13,61,6.0,5.0,nan,47.0,25.0,61.0,59.0
70,永和,2019-02-13,38,4.0,10.0,nan,19.0,26.0,nan,38.0
71,復興,2019-02-13,99,14.0,10.0,nan,57.0,42.0,nan,99.0
72,埔里,2019-02-13,67,7.0,7.0,nan,44.0,29.0,67.0,66.0
77,金門,2019-02-13,80,7.0,5.0,nan,35.0,12.0,36.0,80.0
78,馬公,2019-02-13,37,3.0,2.0,nan,15.0,8.0,27.0,37.0
80,關山,2019-02-13,28,3.0,nan,nan,9.0,6.0,28.0,18.0
83,麥寮,2019-02-13,66,36.0,3.0,nan,65.0,11.0,nan,66.0
84,富貴角,2019-02-13,44,1.0,2.0,nan,22.0,3.0,44.0,25.0
58,小港,2019-02-14,90,10.0,7.0,nan,58.0,37.0,50.0,90.0
1,基隆,2019-02-14,42,3.0,5.0,nan,24.0,25.0,42.0,27.0
75,馬祖,2019-02-14,47,3.0,3.0,nan,14.0,4.0,47.0,25.0
2,汐止,2019-02-14,36,3.0,5.0,nan,17.0,24.0,36.0,26.0
3,萬里,2019-02-14,54,3.0,3.0,nan,34.0,12.0,54.0,31.0
4,新店,2019-02-14,37,4.0,6.0,nan,16.0,25.0,31.0,37.0
5,土城,2019-02-14,49,4.0,7.0,nan,24.0,28.0,38.0,49.0
6,板橋,2019-02-14,42,7.0,7.0,nan,25.0,28.0,28.0,42.0
7,新莊,2019-02-14,34,6.0,7.0,nan,30.0,28.0,31.0,34.0
8,菜寮,2019-02-14,33,6.0,7.0,nan,23.0,27.0,31.0,33.0
9,林口,2019-02-14,35,3.0,5.0,nan,17.0,23.0,35.0,30.0
10,淡水,2019-02-14,46,3.0,6.0,nan,15.0,21.0,46.0,30.0
11,士林,2019-02-14,31,3.0,7.0,nan,26.0,29.0,31.0,30.0
12,中山,2019-02-14,40,4.0,8.0,nan,26.0,36.0,24.0,40.0
13,萬華,2019-02-14,34,6.0,7.0,nan,25.0,34.0,25.0,32.0
14,古亭,2019-02-14,35,4.0,6.0,nan,22.0,24.0,34.0,35.0
15,松山,2019-02-14,35,4.0,6.0,nan,25.0,28.0,31.0,35.0
16,大同,2019-02-14,50,7.0,18.0,nan,28.0,50.0,nan,36.0
17,桃園,2019-02-14,50,13.0,7.0,nan,27.0,25.0,22.0,50.0
18,大園,2019-02-14,45,10.0,3.0,nan,22.0,24.0,45.0,24.0
19,觀音,2019-02-14,41,13.0,3.0,nan,25.0,12.0,41.0,34.0
20,平鎮,2019-02-14,38,6.0,7.0,nan,31.0,32.0,29.0,38.0
21,龍潭,2019-02-14,56,4.0,6.0,nan,37.0,22.0,34.0,56.0
22,湖口,2019-02-14,43,4.0,5.0,nan,26.0,16.0,43.0,42.0
23,竹東,2019-02-14,60,4.0,5.0,nan,29.0,20.0,23.0,60.0
24,新竹,2019-02-14,63,4.0,6.0,nan,30.0,22.0,32.0,63.0
25,頭份,2019-02-14,49,4.0,6.0,nan,31.0,15.0,nan,49.0
26,苗栗,2019-02-14,76,6.0,6.0,nan,35.0,20.0,22.0,76.0
27,三義,2019-02-14,53,3.0,5.0,nan,24.0,13.0,29.0,53.0
28,豐原,2019-02-14,55,4.0,5.0,nan,31.0,18.0,36.0,55.0
29,沙鹿,2019-02-14,63,3.0,6.0,nan,30.0,18.0,41.0,63.0
30,大里,2019-02-14,52,4.0,7.0,nan,36.0,29.0,39.0,52.0
31,忠明,2019-02-14,59,3.0,6.0,nan,30.0,22.0,26.0,59.0
32,西屯,2019-02-14,67,3.0,5.0,nan,40.0,20.0,40.0,67.0
33,彰化,2019-02-14,62,4.0,7.0,nan,34.0,23.0,38.0,62.0
34,線西,2019-02-14,64,7.0,5.0,nan,34.0,17.0,nan,64.0
35,二林,2019-02-14,56,9.0,5.0,nan,49.0,23.0,38.0,56.0
36,南投,2019-02-14,73,4.0,7.0,nan,46.0,28.0,34.0,73.0
37,斗六,2019-02-14,84,7.0,5.0,nan,53.0,24.0,51.0,84.0
38,崙背,2019-02-14,85,9.0,6.0,nan,39.0,21.0,47.0,85.0
39,新港,2019-02-14,66,7.0,5.0,nan,49.0,21.0,43.0,66.0
40,朴子,2019-02-14,62,10.0,5.0,nan,50.0,20.0,43.0,62.0
41,臺西,2019-02-14,59,6.0,5.0,nan,35.0,10.0,nan,59.0
42,嘉義,2019-02-14,80,11.0,7.0,nan,48.0,30.0,44.0,80.0
43,新營,2019-02-14,69,6.0,5.0,nan,48.0,21.0,37.0,69.0
44,善化,2019-02-14,82,7.0,5.0,nan,57.0,22.0,47.0,82.0
45,安南,2019-02-14,57,6.0,5.0,nan,53.0,24.0,50.0,57.0
46,臺南,2019-02-14,69,6.0,5.0,nan,47.0,24.0,48.0,69.0
47,美濃,2019-02-14,65,4.0,5.0,nan,55.0,10.0,45.0,65.0
48,橋頭,2019-02-14,98,7.0,6.0,nan,57.0,23.0,54.0,98.0
49,仁武,2019-02-14,90,7.0,7.0,nan,55.0,25.0,58.0,90.0
50,鳳山,2019-02-14,89,10.0,7.0,nan,59.0,35.0,nan,89.0
51,大寮,2019-02-14,89,43.0,7.0,nan,54.0,30.0,58.0,89.0
52,林園,2019-02-14,97,17.0,6.0,nan,62.0,28.0,97.0,84.0
53,楠梓,2019-02-14,106,4.0,6.0,nan,55.0,22.0,49.0,106.0
54,左營,2019-02-14,88,6.0,7.0,nan,56.0,26.0,80.0,88.0
56,前金,2019-02-14,102,6.0,7.0,nan,59.0,26.0,58.0,102.0
57,前鎮,2019-02-14,94,7.0,8.0,nan,63.0,29.0,nan,94.0
59,屏東,2019-02-14,100,4.0,7.0,nan,54.0,18.0,100.0,74.0
60,潮州,2019-02-14,77,7.0,5.0,nan,52.0,17.0,77.0,72.0
61,恆春,2019-02-14,33,3.0,2.0,nan,5.0,2.0,33.0,21.0
62,臺東,2019-02-14,24,1.0,5.0,nan,9.0,11.0,24.0,10.0
63,花蓮,2019-02-14,41,4.0,5.0,nan,19.0,15.0,41.0,24.0
64,陽明,2019-02-14,44,3.0,2.0,nan,6.0,2.0,44.0,8.0
65,宜蘭,2019-02-14,38,4.0,5.0,nan,19.0,12.0,38.0,29.0
66,冬山,2019-02-14,36,4.0,5.0,nan,20.0,14.0,36.0,23.0
67,三重,2019-02-14,47,10.0,18.0,nan,36.0,47.0,nan,29.0
68,中壢,2019-02-14,43,7.0,14.0,nan,32.0,43.0,nan,33.0
69,竹山,2019-02-14,84,6.0,6.0,nan,52.0,26.0,61.0,84.0
70,永和,2019-02-14,39,4.0,12.0,nan,20.0,27.0,nan,39.0
71,復興,2019-02-14,114,7.0,10.0,nan,65.0,31.0,nan,114.0
72,埔里,2019-02-14,71,4.0,5.0,nan,39.0,19.0,71.0,60.0
77,金門,2019-02-14,55,6.0,5.0,nan,23.0,9.0,40.0,55.0
78,馬公,2019-02-14,41,3.0,3.0,nan,21.0,8.0,29.0,41.0
80,關山,2019-02-14,29,3.0,nan,nan,10.0,6.0,29.0,20.0
83,麥寮,2019-02-14,58,6.0,6.0,nan,53.0,15.0,nan,58.0
84,富貴角,2019-02-14,51,1.0,3.0,nan,31.0,3.0,51.0,31.0
37,斗六,2019-02-15,114,6.0,6.0,nan,61.0,31.0,71.0,114.0
75,馬祖,2019-02-15,46,4.0,7.0,nan,25.0,10.0,46.0,42.0
2,汐止,2019-02-15,68,11.0,9.0,nan,33.0,32.0,41.0,68.0
3,萬里,2019-02-15,48,3.0,3.0,nan,47.0,11.0,47.0,48.0
4,新店,2019-02-15,69,7.0,8.0,nan,31.0,40.0,50.0,69.0
5,土城,2019-02-15,78,7.0,8.0,nan,43.0,37.0,49.0,78.0
6,板橋,2019-02-15,77,9.0,9.0,nan,47.0,36.0,39.0,77.0
7,新莊,2019-02-15,70,6.0,8.0,nan,52.0,34.0,39.0,70.0
8,菜寮,2019-02-15,68,4.0,9.0,nan,44.0,32.0,41.0,68.0
9,林口,2019-02-15,58,7.0,5.0,nan,33.0,21.0,46.0,58.0
10,淡水,2019-02-15,49,3.0,6.0,nan,28.0,15.0,49.0,49.0
11,士林,2019-02-15,58,3.0,6.0,nan,40.0,27.0,44.0,58.0
12,中山,2019-02-15,76,9.0,11.0,nan,49.0,43.0,31.0,76.0
13,萬華,2019-02-15,66,7.0,10.0,nan,44.0,42.0,34.0,66.0
14,古亭,2019-02-15,81,7.0,10.0,nan,43.0,37.0,43.0,81.0
15,松山,2019-02-15,69,7.0,9.0,nan,45.0,38.0,37.0,69.0
16,大同,2019-02-15,63,9.0,22.0,nan,46.0,48.0,nan,63.0
17,桃園,2019-02-15,80,10.0,8.0,nan,52.0,30.0,35.0,80.0
18,大園,2019-02-15,58,10.0,5.0,nan,38.0,29.0,46.0,58.0
19,觀音,2019-02-15,59,17.0,5.0,nan,43.0,22.0,45.0,59.0
20,平鎮,2019-02-15,78,6.0,8.0,nan,52.0,30.0,44.0,78.0
21,龍潭,2019-02-15,71,6.0,7.0,nan,54.0,29.0,47.0,71.0
22,湖口,2019-02-15,72,4.0,5.0,nan,45.0,22.0,71.0,72.0
23,竹東,2019-02-15,68,4.0,6.0,nan,37.0,18.0,38.0,68.0
24,新竹,2019-02-15,91,9.0,6.0,nan,47.0,32.0,58.0,91.0
25,頭份,2019-02-15,66,6.0,7.0,nan,42.0,26.0,nan,66.0
26,苗栗,2019-02-15,90,6.0,7.0,nan,47.0,18.0,37.0,90.0
27,三義,2019-02-15,40,3.0,5.0,nan,20.0,17.0,40.0,39.0
28,豐原,2019-02-15,56,6.0,6.0,nan,31.0,25.0,43.0,56.0
29,沙鹿,2019-02-15,73,6.0,6.0,nan,38.0,34.0,46.0,73.0
30,大里,2019-02-15,69,10.0,10.0,nan,52.0,49.0,42.0,69.0
31,忠明,2019-02-15,63,9.0,9.0,nan,32.0,48.0,34.0,63.0
32,西屯,2019-02-15,70,7.0,8.0,nan,44.0,44.0,44.0,70.0
33,彰化,2019-02-15,81,11.0,10.0,nan,44.0,39.0,44.0,81.0
34,線西,2019-02-15,83,7.0,6.0,nan,44.0,25.0,nan,83.0
35,二林,2019-02-15,73,9.0,6.0,nan,62.0,24.0,43.0,73.0
36,南投,2019-02-15,79,4.0,7.0,nan,46.0,28.0,36.0,79.0
1,基隆,2019-02-15,44,3.0,6.0,nan,34.0,26.0,44.0,44.0
38,崙背,2019-02-15,109,7.0,7.0,nan,54.0,16.0,58.0,109.0
39,新港,2019-02-15,85,9.0,6.0,nan,61.0,23.0,45.0,85.0
40,朴子,2019-02-15,84,7.0,6.0,nan,57.0,20.0,48.0,84.0
41,臺西,2019-02-15,85,9.0,5.0,nan,44.0,15.0,nan,85.0
42,嘉義,2019-02-15,111,13.0,7.0,nan,60.0,24.0,49.0,111.0
43,新營,2019-02-15,95,6.0,5.0,nan,54.0,25.0,44.0,95.0
44,善化,2019-02-15,110,7.0,6.0,nan,62.0,23.0,71.0,110.0
45,安南,2019-02-15,84,6.0,6.0,nan,58.0,37.0,77.0,84.0
46,臺南,2019-02-15,87,7.0,7.0,nan,51.0,38.0,51.0,87.0
47,美濃,2019-02-15,70,3.0,5.0,nan,57.0,9.0,64.0,70.0
48,橋頭,2019-02-15,127,6.0,7.0,nan,62.0,25.0,84.0,127.0
49,仁武,2019-02-15,123,10.0,7.0,nan,56.0,30.0,51.0,123.0
50,鳳山,2019-02-15,99,11.0,8.0,nan,59.0,28.0,nan,99.0
51,大寮,2019-02-15,89,7.0,6.0,nan,50.0,25.0,36.0,89.0
52,林園,2019-02-15,83,9.0,6.0,nan,54.0,32.0,42.0,83.0
53,楠梓,2019-02-15,128,6.0,7.0,nan,59.0,26.0,64.0,128.0
54,左營,2019-02-15,117,6.0,7.0,nan,58.0,33.0,67.0,117.0
56,前金,2019-02-15,125,7.0,8.0,nan,60.0,26.0,80.0,125.0
57,前鎮,2019-02-15,113,9.0,9.0,nan,62.0,37.0,nan,113.0
58,小港,2019-02-15,103,7.0,9.0,nan,57.0,42.0,44.0,103.0
59,屏東,2019-02-15,74,6.0,5.0,nan,51.0,25.0,39.0,74.0
60,潮州,2019-02-15,59,3.0,5.0,nan,45.0,13.0,34.0,59.0
61,恆春,2019-02-15,32,3.0,2.0,nan,11.0,2.0,32.0,16.0
62,臺東,2019-02-15,20,4.0,6.0,nan,13.0,18.0,20.0,18.0
63,花蓮,2019-02-15,40,4.0,5.0,nan,17.0,10.0,40.0,24.0
64,陽明,2019-02-15,37,3.0,2.0,nan,14.0,6.0,37.0,25.0
65,宜蘭,2019-02-15,45,4.0,5.0,nan,26.0,8.0,45.0,34.0
66,冬山,2019-02-15,44,7.0,5.0,nan,33.0,17.0,44.0,43.0
67,三重,2019-02-15,67,6.0,19.0,nan,54.0,52.0,nan,67.0
68,中壢,2019-02-15,65,7.0,15.0,nan,54.0,42.0,nan,65.0
69,竹山,2019-02-15,111,7.0,6.0,nan,55.0,25.0,67.0,111.0
70,永和,2019-02-15,83,6.0,23.0,nan,39.0,55.0,nan,83.0
71,復興,2019-02-15,124,9.0,11.0,nan,65.0,38.0,nan,124.0
72,埔里,2019-02-15,54,6.0,5.0,nan,37.0,25.0,54.0,53.0
77,金門,2019-02-15,71,6.0,5.0,nan,32.0,15.0,46.0,71.0
78,馬公,2019-02-15,52,3.0,5.0,nan,18.0,15.0,29.0,52.0
80,關山,2019-02-15,26,3.0,nan,nan,16.0,5.0,26.0,24.0
83,麥寮,2019-02-15,82,9.0,6.0,nan,61.0,15.0,nan,82.0
84,富貴角,2019-02-15,53,1.0,3.0,nan,46.0,5.0,46.0,53.0
83,麥寮,2019-02-16,77,7.0,5.0,nan,60.0,26.0,nan,77.0
84,富貴角,2019-02-16,44,0.0,3.0,nan,20.0,2.0,44.0,19.0
1,基隆,2019-02-16,41,1.0,5.0,nan,15.0,6.0,41.0,18.0
75,馬祖,2019-02-16,41,3.0,5.0,nan,10.0,6.0,41.0,10.0
2,汐止,2019-02-16,36,3.0,5.0,nan,6.0,12.0,36.0,14.0
3,萬里,2019-02-16,45,3.0,3.0,nan,29.0,5.0,45.0,21.0
4,新店,2019-02-16,33,6.0,5.0,nan,7.0,17.0,33.0,21.0
5,土城,2019-02-16,36,4.0,5.0,nan,12.0,14.0,36.0,29.0
6,板橋,2019-02-16,30,3.0,6.0,nan,10.0,21.0,30.0,22.0
7,新莊,2019-02-16,30,3.0,6.0,nan,18.0,27.0,30.0,22.0
8,菜寮,2019-02-16,31,3.0,6.0,nan,12.0,16.0,31.0,22.0
9,林口,2019-02-16,36,3.0,5.0,nan,15.0,19.0,36.0,27.0
10,淡水,2019-02-16,43,3.0,5.0,nan,7.0,6.0,43.0,19.0
11,士林,2019-02-16,35,6.0,5.0,nan,17.0,19.0,35.0,21.0
12,中山,2019-02-16,31,4.0,7.0,nan,13.0,25.0,31.0,29.0
13,萬華,2019-02-16,31,3.0,6.0,nan,12.0,25.0,31.0,16.0
14,古亭,2019-02-16,35,3.0,6.0,nan,13.0,17.0,35.0,17.0
15,松山,2019-02-16,34,3.0,6.0,nan,12.0,16.0,34.0,18.0
16,大同,2019-02-16,36,4.0,11.0,nan,15.0,36.0,nan,22.0
17,桃園,2019-02-16,40,4.0,7.0,nan,19.0,18.0,24.0,40.0
18,大園,2019-02-16,39,9.0,5.0,nan,17.0,25.0,39.0,27.0
19,觀音,2019-02-16,36,10.0,3.0,nan,17.0,11.0,36.0,31.0
20,平鎮,2019-02-16,40,4.0,6.0,nan,26.0,24.0,30.0,40.0
21,龍潭,2019-02-16,46,6.0,6.0,nan,29.0,26.0,36.0,46.0
22,湖口,2019-02-16,45,4.0,3.0,nan,23.0,13.0,39.0,45.0
23,竹東,2019-02-16,66,4.0,6.0,nan,31.0,17.0,26.0,66.0
24,新竹,2019-02-16,62,6.0,5.0,nan,31.0,17.0,31.0,62.0
25,頭份,2019-02-16,68,4.0,6.0,nan,40.0,30.0,nan,68.0
26,苗栗,2019-02-16,90,7.0,7.0,nan,46.0,22.0,21.0,90.0
27,三義,2019-02-16,74,3.0,5.0,nan,37.0,16.0,28.0,74.0
28,豐原,2019-02-16,80,4.0,5.0,nan,33.0,20.0,36.0,80.0
29,沙鹿,2019-02-16,79,6.0,6.0,nan,42.0,26.0,37.0,79.0
30,大里,2019-02-16,53,7.0,8.0,nan,44.0,32.0,38.0,53.0
31,忠明,2019-02-16,80,4.0,6.0,nan,37.0,38.0,24.0,80.0
32,西屯,2019-02-16,78,4.0,5.0,nan,47.0,32.0,40.0,78.0
33,彰化,2019-02-16,87,9.0,7.0,nan,46.0,37.0,40.0,87.0
34,線西,2019-02-16,91,11.0,6.0,nan,48.0,23.0,nan,91.0
35,二林,2019-02-16,76,9.0,6.0,nan,64.0,20.0,35.0,76.0
36,南投,2019-02-16,67,6.0,6.0,nan,42.0,29.0,35.0,67.0
37,斗六,2019-02-16,89,4.0,6.0,nan,53.0,23.0,51.0,89.0
38,崙背,2019-02-16,114,7.0,6.0,nan,59.0,20.0,44.0,114.0
39,新港,2019-02-16,103,7.0,6.0,nan,68.0,24.0,43.0,103.0
40,朴子,2019-02-16,89,6.0,6.0,nan,62.0,23.0,44.0,89.0
41,臺西,2019-02-16,82,11.0,5.0,nan,44.0,19.0,nan,82.0
42,嘉義,2019-02-16,97,9.0,7.0,nan,57.0,29.0,47.0,97.0
43,新營,2019-02-16,97,6.0,6.0,nan,60.0,24.0,40.0,97.0
44,善化,2019-02-16,104,10.0,6.0,nan,66.0,22.0,58.0,104.0
45,安南,2019-02-16,99,4.0,7.0,nan,64.0,36.0,61.0,99.0
46,臺南,2019-02-16,99,6.0,7.0,nan,58.0,26.0,54.0,99.0
47,美濃,2019-02-16,57,1.0,3.0,nan,48.0,9.0,48.0,57.0
48,橋頭,2019-02-16,97,4.0,6.0,nan,54.0,22.0,50.0,97.0
49,仁武,2019-02-16,85,14.0,5.0,nan,44.0,24.0,47.0,85.0
50,鳳山,2019-02-16,73,9.0,6.0,nan,50.0,28.0,nan,73.0
51,大寮,2019-02-16,73,43.0,5.0,nan,43.0,20.0,44.0,73.0
52,林園,2019-02-16,55,17.0,5.0,nan,45.0,29.0,54.0,55.0
53,楠梓,2019-02-16,96,4.0,5.0,nan,48.0,21.0,47.0,96.0
54,左營,2019-02-16,93,6.0,6.0,nan,42.0,23.0,50.0,93.0
56,前金,2019-02-16,88,9.0,7.0,nan,51.0,31.0,48.0,88.0
57,前鎮,2019-02-16,74,11.0,7.0,nan,49.0,27.0,nan,74.0
58,小港,2019-02-16,73,11.0,6.0,nan,46.0,35.0,41.0,73.0
59,屏東,2019-02-16,63,4.0,5.0,nan,45.0,15.0,58.0,63.0
60,潮州,2019-02-16,46,3.0,3.0,nan,35.0,12.0,46.0,44.0
61,恆春,2019-02-16,33,3.0,1.0,nan,11.0,2.0,33.0,16.0
62,臺東,2019-02-16,25,3.0,5.0,nan,15.0,7.0,25.0,19.0
63,花蓮,2019-02-16,39,4.0,5.0,nan,17.0,13.0,39.0,23.0
64,陽明,2019-02-16,40,1.0,3.0,nan,6.0,3.0,40.0,5.0
65,宜蘭,2019-02-16,37,3.0,5.0,nan,18.0,8.0,37.0,24.0
66,冬山,2019-02-16,37,3.0,3.0,nan,18.0,8.0,37.0,18.0
67,三重,2019-02-16,34,6.0,17.0,nan,27.0,34.0,nan,14.0
68,中壢,2019-02-16,41,4.0,10.0,nan,26.0,38.0,nan,41.0
69,竹山,2019-02-16,80,9.0,6.0,nan,52.0,25.0,51.0,80.0
70,永和,2019-02-16,20,1.0,7.0,nan,10.0,15.0,nan,20.0
71,復興,2019-02-16,82,13.0,8.0,nan,54.0,28.0,nan,82.0
72,埔里,2019-02-16,80,3.0,6.0,nan,48.0,20.0,80.0,73.0
77,金門,2019-02-16,62,3.0,6.0,nan,26.0,8.0,33.0,62.0
78,馬公,2019-02-16,42,3.0,3.0,nan,19.0,12.0,27.0,42.0
80,關山,2019-02-16,29,1.0,nan,nan,15.0,4.0,29.0,27.0
1,基隆,2019-02-17,41,3.0,3.0,nan,11.0,5.0,41.0,14.0
84,富貴角,2019-02-17,41,1.0,2.0,nan,19.0,2.0,41.0,19.0
83,麥寮,2019-02-17,54,4.0,6.0,nan,54.0,13.0,nan,38.0
80,關山,2019-02-17,33,3.0,nan,nan,9.0,4.0,33.0,20.0
78,馬公,2019-02-17,28,1.0,3.0,nan,13.0,7.0,28.0,25.0
77,金門,2019-02-17,45,4.0,5.0,nan,21.0,8.0,36.0,45.0
72,埔里,2019-02-17,73,4.0,6.0,nan,46.0,17.0,64.0,73.0
71,復興,2019-02-17,95,6.0,8.0,nan,59.0,23.0,nan,95.0
70,永和,2019-02-17,11,3.0,5.0,nan,6.0,11.0,nan,11.0
69,竹山,2019-02-17,91,3.0,5.0,nan,48.0,21.0,71.0,91.0
68,中壢,2019-02-17,25,4.0,8.0,nan,10.0,25.0,nan,11.0
67,三重,2019-02-17,30,4.0,11.0,nan,19.0,30.0,nan,6.0
66,冬山,2019-02-17,38,4.0,3.0,nan,7.0,8.0,38.0,12.0
65,宜蘭,2019-02-17,38,3.0,5.0,nan,9.0,7.0,38.0,11.0
64,陽明,2019-02-17,39,3.0,2.0,nan,5.0,1.0,39.0,4.0
63,花蓮,2019-02-17,35,3.0,5.0,nan,12.0,18.0,35.0,15.0
62,臺東,2019-02-17,29,4.0,5.0,nan,10.0,7.0,29.0,12.0
61,恆春,2019-02-17,44,1.0,2.0,nan,9.0,2.0,44.0,14.0
60,潮州,2019-02-17,91,4.0,6.0,nan,61.0,13.0,74.0,91.0
59,屏東,2019-02-17,93,7.0,6.0,nan,57.0,17.0,93.0,88.0
58,小港,2019-02-17,81,7.0,7.0,nan,52.0,25.0,61.0,81.0
57,前鎮,2019-02-17,76,4.0,7.0,nan,53.0,25.0,nan,76.0
56,前金,2019-02-17,89,6.0,7.0,nan,50.0,22.0,84.0,89.0
53,楠梓,2019-02-17,110,6.0,6.0,nan,49.0,20.0,64.0,110.0
52,林園,2019-02-17,92,16.0,7.0,nan,65.0,30.0,84.0,92.0
51,大寮,2019-02-17,91,11.0,6.0,nan,52.0,22.0,87.0,91.0
50,鳳山,2019-02-17,94,10.0,6.0,nan,53.0,25.0,nan,94.0
49,仁武,2019-02-17,86,6.0,7.0,nan,48.0,19.0,77.0,86.0
48,橋頭,2019-02-17,85,6.0,6.0,nan,51.0,21.0,77.0,85.0
47,美濃,2019-02-17,67,4.0,5.0,nan,55.0,8.0,54.0,67.0
46,臺南,2019-02-17,58,7.0,6.0,nan,44.0,17.0,51.0,58.0
45,安南,2019-02-17,61,7.0,6.0,nan,46.0,18.0,61.0,44.0
44,善化,2019-02-17,70,7.0,5.0,nan,53.0,18.0,58.0,70.0
43,新營,2019-02-17,51,9.0,5.0,nan,45.0,23.0,43.0,51.0
42,嘉義,2019-02-17,69,9.0,6.0,nan,40.0,22.0,50.0,69.0
41,臺西,2019-02-17,42,6.0,5.0,nan,25.0,8.0,nan,42.0
40,朴子,2019-02-17,49,7.0,6.0,nan,44.0,11.0,48.0,49.0
39,新港,2019-02-17,58,11.0,6.0,nan,44.0,17.0,43.0,58.0
38,崙背,2019-02-17,72,9.0,6.0,nan,34.0,16.0,46.0,72.0
37,斗六,2019-02-17,67,4.0,5.0,nan,38.0,23.0,67.0,61.0
36,南投,2019-02-17,54,3.0,6.0,nan,32.0,20.0,37.0,54.0
35,二林,2019-02-17,44,13.0,6.0,nan,44.0,18.0,32.0,38.0
34,線西,2019-02-17,34,10.0,7.0,nan,22.0,14.0,nan,34.0
33,彰化,2019-02-17,42,3.0,6.0,nan,22.0,14.0,42.0,36.0
32,西屯,2019-02-17,42,1.0,3.0,nan,25.0,14.0,42.0,34.0
31,忠明,2019-02-17,37,4.0,5.0,nan,16.0,15.0,29.0,37.0
30,大里,2019-02-17,39,3.0,5.0,nan,21.0,22.0,39.0,27.0
29,沙鹿,2019-02-17,42,3.0,5.0,nan,17.0,9.0,42.0,16.0
28,豐原,2019-02-17,55,3.0,5.0,nan,21.0,12.0,38.0,55.0
27,三義,2019-02-17,36,4.0,3.0,nan,14.0,13.0,36.0,25.0
26,苗栗,2019-02-17,35,4.0,5.0,nan,18.0,16.0,29.0,35.0
25,頭份,2019-02-17,21,6.0,3.0,nan,13.0,17.0,nan,21.0
24,新竹,2019-02-17,34,3.0,3.0,nan,17.0,14.0,34.0,30.0
23,竹東,2019-02-17,30,4.0,3.0,nan,8.0,12.0,30.0,24.0
22,湖口,2019-02-17,41,4.0,3.0,nan,20.0,15.0,41.0,34.0
21,龍潭,2019-02-17,40,14.0,3.0,nan,13.0,10.0,40.0,29.0
20,平鎮,2019-02-17,33,4.0,5.0,nan,13.0,16.0,33.0,16.0
19,觀音,2019-02-17,36,11.0,3.0,nan,16.0,9.0,36.0,25.0
18,大園,2019-02-17,41,9.0,3.0,nan,13.0,22.0,41.0,19.0
17,桃園,2019-02-17,30,4.0,5.0,nan,6.0,12.0,30.0,11.0
16,大同,2019-02-17,31,4.0,10.0,nan,10.0,31.0,nan,19.0
15,松山,2019-02-17,38,3.0,3.0,nan,6.0,16.0,38.0,7.0
14,古亭,2019-02-17,38,3.0,5.0,nan,10.0,13.0,38.0,11.0
13,萬華,2019-02-17,34,4.0,5.0,nan,7.0,23.0,34.0,15.0
12,中山,2019-02-17,35,3.0,5.0,nan,9.0,21.0,35.0,14.0
11,士林,2019-02-17,41,3.0,3.0,nan,5.0,7.0,41.0,15.0
10,淡水,2019-02-17,42,3.0,5.0,nan,4.0,18.0,42.0,11.0
9,林口,2019-02-17,37,4.0,3.0,nan,7.0,9.0,37.0,14.0
8,菜寮,2019-02-17,34,4.0,5.0,nan,6.0,12.0,34.0,11.0
7,新莊,2019-02-17,36,3.0,5.0,nan,13.0,14.0,36.0,6.0
6,板橋,2019-02-17,34,3.0,5.0,nan,6.0,18.0,34.0,10.0
5,土城,2019-02-17,40,4.0,3.0,nan,6.0,11.0,40.0,12.0
4,新店,2019-02-17,36,3.0,5.0,nan,4.0,14.0,36.0,12.0
3,萬里,2019-02-17,44,3.0,3.0,nan,27.0,3.0,44.0,19.0
2,汐止,2019-02-17,39,1.0,3.0,nan,4.0,10.0,39.0,6.0
75,馬祖,2019-02-17,39,3.0,3.0,nan,19.0,3.0,39.0,37.0
54,左營,2019-02-17,84,6.0,7.0,nan,42.0,24.0,80.0,84.0
38,崙背,2019-02-18,89,7.0,5.0,nan,43.0,14.0,41.0,89.0
84,富貴角,2019-02-18,39,1.0,2.0,nan,23.0,3.0,39.0,15.0
83,麥寮,2019-02-18,52,4.0,5.0,nan,48.0,17.0,nan,52.0
80,關山,2019-02-18,25,1.0,nan,nan,10.0,6.0,25.0,19.0
78,馬公,2019-02-18,30,3.0,3.0,nan,16.0,11.0,25.0,30.0
77,金門,2019-02-18,55,3.0,5.0,nan,24.0,33.0,31.0,55.0
72,埔里,2019-02-18,93,7.0,6.0,nan,50.0,22.0,93.0,73.0
71,復興,2019-02-18,66,9.0,10.0,nan,47.0,40.0,nan,66.0
70,永和,2019-02-18,42,6.0,17.0,nan,21.0,42.0,nan,39.0
69,竹山,2019-02-18,116,7.0,5.0,nan,62.0,27.0,54.0,116.0
68,中壢,2019-02-18,38,6.0,10.0,nan,24.0,34.0,nan,38.0
67,三重,2019-02-18,55,10.0,24.0,nan,32.0,55.0,nan,27.0
66,冬山,2019-02-18,31,3.0,3.0,nan,13.0,13.0,31.0,19.0
65,宜蘭,2019-02-18,32,4.0,6.0,nan,13.0,14.0,32.0,10.0
64,陽明,2019-02-18,39,3.0,2.0,nan,10.0,6.0,39.0,15.0
63,花蓮,2019-02-18,29,3.0,7.0,nan,15.0,21.0,29.0,16.0
62,臺東,2019-02-18,21,1.0,5.0,nan,11.0,11.0,21.0,11.0
61,恆春,2019-02-18,37,3.0,2.0,nan,10.0,2.0,37.0,14.0
60,潮州,2019-02-18,68,4.0,5.0,nan,49.0,14.0,40.0,68.0
59,屏東,2019-02-18,66,4.0,6.0,nan,46.0,16.0,44.0,66.0
58,小港,2019-02-18,62,19.0,8.0,nan,50.0,42.0,38.0,62.0
57,前鎮,2019-02-18,58,10.0,9.0,nan,44.0,34.0,nan,58.0
56,前金,2019-02-18,72,7.0,7.0,nan,44.0,23.0,71.0,72.0
53,楠梓,2019-02-18,83,7.0,6.0,nan,44.0,18.0,50.0,83.0
52,林園,2019-02-18,54,26.0,5.0,nan,48.0,20.0,45.0,54.0
51,大寮,2019-02-18,60,23.0,6.0,nan,48.0,31.0,40.0,60.0
50,鳳山,2019-02-18,56,14.0,9.0,nan,44.0,29.0,nan,56.0
49,仁武,2019-02-18,63,23.0,7.0,nan,38.0,39.0,44.0,63.0
48,橋頭,2019-02-18,74,7.0,6.0,nan,44.0,19.0,74.0,74.0
47,美濃,2019-02-18,91,3.0,5.0,nan,91.0,8.0,40.0,45.0
46,臺南,2019-02-18,63,7.0,6.0,nan,43.0,21.0,58.0,63.0
45,安南,2019-02-18,64,6.0,5.0,nan,52.0,22.0,64.0,58.0
44,善化,2019-02-18,76,9.0,5.0,nan,54.0,19.0,58.0,76.0
43,新營,2019-02-18,76,6.0,6.0,nan,52.0,20.0,44.0,76.0
42,嘉義,2019-02-18,84,6.0,6.0,nan,55.0,29.0,47.0,84.0
41,臺西,2019-02-18,56,6.0,5.0,nan,32.0,13.0,nan,56.0
40,朴子,2019-02-18,65,7.0,5.0,nan,48.0,13.0,45.0,65.0
39,新港,2019-02-18,74,7.0,5.0,nan,54.0,18.0,41.0,74.0
37,斗六,2019-02-18,96,6.0,6.0,nan,57.0,26.0,50.0,96.0
36,南投,2019-02-18,79,9.0,7.0,nan,50.0,28.0,39.0,79.0
35,二林,2019-02-18,54,10.0,5.0,nan,47.0,16.0,29.0,54.0
34,線西,2019-02-18,43,7.0,5.0,nan,26.0,20.0,nan,43.0
33,彰化,2019-02-18,57,4.0,7.0,nan,31.0,26.0,32.0,57.0
32,西屯,2019-02-18,52,3.0,6.0,nan,34.0,29.0,35.0,52.0
31,忠明,2019-02-18,53,7.0,7.0,nan,26.0,33.0,28.0,53.0
30,大里,2019-02-18,49,7.0,8.0,nan,40.0,33.0,41.0,49.0
29,沙鹿,2019-02-18,37,3.0,5.0,nan,19.0,23.0,34.0,37.0
28,豐原,2019-02-18,60,7.0,7.0,nan,36.0,31.0,32.0,60.0
27,三義,2019-02-18,36,4.0,3.0,nan,19.0,18.0,31.0,36.0
26,苗栗,2019-02-18,57,6.0,5.0,nan,30.0,19.0,22.0,57.0
25,頭份,2019-02-18,31,6.0,5.0,nan,23.0,18.0,nan,31.0
24,新竹,2019-02-18,48,6.0,7.0,nan,25.0,27.0,31.0,48.0
23,竹東,2019-02-18,58,3.0,5.0,nan,29.0,22.0,19.0,58.0
22,湖口,2019-02-18,33,6.0,2.0,nan,20.0,15.0,33.0,33.0
21,龍潭,2019-02-18,37,4.0,6.0,nan,27.0,25.0,31.0,37.0
20,平鎮,2019-02-18,34,4.0,6.0,nan,20.0,31.0,31.0,34.0
19,觀音,2019-02-18,34,14.0,2.0,nan,17.0,8.0,34.0,25.0
18,大園,2019-02-18,33,9.0,3.0,nan,17.0,23.0,33.0,19.0
17,桃園,2019-02-18,30,7.0,6.0,nan,20.0,29.0,27.0,30.0
16,大同,2019-02-18,49,6.0,23.0,nan,25.0,49.0,nan,32.0
15,松山,2019-02-18,39,4.0,8.0,nan,23.0,39.0,31.0,37.0
14,古亭,2019-02-18,41,4.0,9.0,nan,22.0,41.0,33.0,40.0
13,萬華,2019-02-18,37,6.0,9.0,nan,21.0,37.0,30.0,30.0
12,中山,2019-02-18,42,7.0,11.0,nan,23.0,42.0,31.0,32.0
11,士林,2019-02-18,30,4.0,7.0,nan,19.0,30.0,30.0,23.0
10,淡水,2019-02-18,34,4.0,5.0,nan,12.0,22.0,34.0,19.0
9,林口,2019-02-18,34,6.0,3.0,nan,13.0,27.0,34.0,23.0
8,菜寮,2019-02-18,42,4.0,10.0,nan,19.0,42.0,31.0,33.0
7,新莊,2019-02-18,32,4.0,8.0,nan,22.0,32.0,31.0,27.0
6,板橋,2019-02-18,34,4.0,8.0,nan,19.0,33.0,31.0,34.0
5,土城,2019-02-18,45,6.0,8.0,nan,19.0,33.0,32.0,45.0
4,新店,2019-02-18,42,3.0,9.0,nan,14.0,42.0,25.0,26.0
3,萬里,2019-02-18,44,3.0,2.0,nan,30.0,8.0,44.0,23.0
2,汐止,2019-02-18,43,3.0,9.0,nan,19.0,43.0,31.0,32.0
75,馬祖,2019-02-18,34,4.0,3.0,nan,16.0,20.0,34.0,28.0
54,左營,2019-02-18,70,7.0,7.0,nan,32.0,21.0,49.0,70.0
1,基隆,2019-02-18,37,4.0,7.0,nan,17.0,32.0,37.0,18.0
80,關山,2019-02-19,33,nan,nan,nan,22.0,7.0,26.0,33.0
83,麥寮,2019-02-19,74,19.0,6.0,nan,52.0,19.0,nan,74.0
54,左營,2019-02-19,60,13.0,7.0,nan,24.0,30.0,40.0,60.0
75,馬祖,2019-02-19,54,9.0,5.0,nan,28.0,27.0,22.0,54.0
2,汐止,2019-02-19,45,11.0,11.0,nan,26.0,40.0,25.0,45.0
3,萬里,2019-02-19,45,14.0,3.0,nan,30.0,11.0,41.0,45.0
4,新店,2019-02-19,62,10.0,9.0,nan,29.0,49.0,31.0,62.0
5,土城,2019-02-19,91,36.0,15.0,nan,43.0,68.0,32.0,91.0
6,板橋,2019-02-19,76,10.0,15.0,nan,41.0,54.0,25.0,76.0
7,新莊,2019-02-19,61,11.0,10.0,nan,44.0,45.0,31.0,61.0
8,菜寮,2019-02-19,63,17.0,11.0,nan,32.0,38.0,31.0,63.0
9,林口,2019-02-19,53,10.0,7.0,nan,29.0,43.0,35.0,53.0
10,淡水,2019-02-19,48,11.0,7.0,nan,22.0,31.0,33.0,48.0
11,士林,2019-02-19,48,13.0,8.0,nan,32.0,33.0,30.0,48.0
12,中山,2019-02-19,60,24.0,15.0,nan,36.0,52.0,16.0,60.0
13,萬華,2019-02-19,57,16.0,12.0,nan,34.0,45.0,15.0,57.0
14,古亭,2019-02-19,66,11.0,12.0,nan,37.0,54.0,18.0,66.0
15,松山,2019-02-19,55,13.0,12.0,nan,34.0,52.0,19.0,55.0
16,大同,2019-02-19,53,20.0,24.0,nan,36.0,51.0,nan,53.0
17,桃園,2019-02-19,70,21.0,11.0,nan,44.0,45.0,28.0,70.0
18,大園,2019-02-19,58,23.0,6.0,nan,34.0,38.0,39.0,58.0
19,觀音,2019-02-19,22,20.0,5.0,nan,nan,22.0,20.0,nan
20,平鎮,2019-02-19,64,10.0,11.0,nan,39.0,50.0,34.0,64.0
21,龍潭,2019-02-19,84,13.0,10.0,nan,52.0,55.0,48.0,84.0
22,湖口,2019-02-19,58,10.0,6.0,nan,31.0,41.0,40.0,58.0
23,竹東,2019-02-19,80,6.0,8.0,nan,36.0,38.0,25.0,80.0
24,新竹,2019-02-19,82,10.0,14.0,nan,42.0,49.0,31.0,82.0
25,頭份,2019-02-19,55,7.0,8.0,nan,32.0,40.0,nan,55.0
26,苗栗,2019-02-19,68,10.0,8.0,nan,36.0,34.0,19.0,68.0
27,三義,2019-02-19,59,7.0,5.0,nan,30.0,25.0,34.0,59.0
28,豐原,2019-02-19,88,7.0,7.0,nan,45.0,27.0,32.0,88.0
29,沙鹿,2019-02-19,77,10.0,8.0,nan,41.0,54.0,31.0,77.0
30,大里,2019-02-19,81,11.0,11.0,nan,58.0,47.0,30.0,81.0
31,忠明,2019-02-19,76,9.0,12.0,nan,46.0,44.0,25.0,76.0
32,西屯,2019-02-19,71,9.0,8.0,nan,50.0,40.0,31.0,71.0
33,彰化,2019-02-19,85,13.0,15.0,nan,52.0,66.0,31.0,85.0
34,線西,2019-02-19,84,13.0,8.0,nan,49.0,38.0,nan,84.0
35,二林,2019-02-19,70,6.0,5.0,nan,58.0,21.0,31.0,70.0
1,基隆,2019-02-19,34,6.0,6.0,nan,23.0,25.0,34.0,32.0
36,南投,2019-02-19,105,13.0,10.0,nan,63.0,34.0,31.0,105.0
37,斗六,2019-02-19,134,9.0,8.0,nan,66.0,29.0,44.0,134.0
38,崙背,2019-02-19,98,6.0,5.0,nan,48.0,15.0,37.0,98.0
39,新港,2019-02-19,96,7.0,6.0,nan,60.0,21.0,32.0,96.0
40,朴子,2019-02-19,67,6.0,6.0,nan,50.0,19.0,37.0,67.0
41,臺西,2019-02-19,97,11.0,5.0,nan,48.0,19.0,nan,97.0
42,嘉義,2019-02-19,77,10.0,7.0,nan,51.0,30.0,35.0,77.0
43,新營,2019-02-19,46,9.0,6.0,nan,39.0,20.0,30.0,46.0
44,善化,2019-02-19,41,6.0,3.0,nan,41.0,16.0,37.0,34.0
45,安南,2019-02-19,49,9.0,6.0,nan,44.0,28.0,41.0,49.0
46,臺南,2019-02-19,51,7.0,5.0,nan,34.0,25.0,36.0,51.0
47,美濃,2019-02-19,37,3.0,3.0,nan,34.0,10.0,37.0,27.0
48,橋頭,2019-02-19,48,10.0,5.0,nan,28.0,23.0,36.0,48.0
49,仁武,2019-02-19,47,6.0,5.0,nan,25.0,20.0,40.0,47.0
50,鳳山,2019-02-19,49,19.0,7.0,nan,35.0,25.0,nan,49.0
51,大寮,2019-02-19,54,10.0,5.0,nan,32.0,17.0,42.0,54.0
52,林園,2019-02-19,35,17.0,3.0,nan,35.0,14.0,31.0,29.0
53,楠梓,2019-02-19,56,11.0,5.0,nan,31.0,27.0,35.0,56.0
56,前金,2019-02-19,59,11.0,6.0,nan,33.0,31.0,32.0,59.0
57,前鎮,2019-02-19,39,14.0,8.0,nan,35.0,36.0,nan,39.0
58,小港,2019-02-19,44,11.0,6.0,nan,31.0,29.0,26.0,44.0
59,屏東,2019-02-19,59,6.0,5.0,nan,35.0,18.0,44.0,59.0
60,潮州,2019-02-19,55,4.0,2.0,nan,31.0,8.0,39.0,55.0
61,恆春,2019-02-19,35,3.0,1.0,nan,19.0,3.0,35.0,28.0
62,臺東,2019-02-19,36,4.0,6.0,nan,35.0,8.0,21.0,36.0
63,花蓮,2019-02-19,43,4.0,5.0,nan,24.0,13.0,43.0,28.0
64,陽明,2019-02-19,47,6.0,3.0,nan,22.0,10.0,47.0,37.0
65,宜蘭,2019-02-19,40,4.0,6.0,nan,25.0,14.0,40.0,27.0
66,冬山,2019-02-19,37,4.0,6.0,nan,30.0,14.0,36.0,37.0
67,三重,2019-02-19,54,16.0,19.0,nan,51.0,54.0,nan,53.0
68,中壢,2019-02-19,65,13.0,20.0,nan,44.0,52.0,nan,65.0
69,竹山,2019-02-19,134,10.0,6.0,nan,64.0,21.0,40.0,134.0
70,永和,2019-02-19,71,11.0,23.0,nan,37.0,65.0,nan,71.0
71,復興,2019-02-19,42,17.0,8.0,nan,36.0,38.0,nan,42.0
72,埔里,2019-02-19,76,7.0,7.0,nan,51.0,29.0,35.0,76.0
77,金門,2019-02-19,88,7.0,6.0,nan,39.0,35.0,28.0,88.0
78,馬公,2019-02-19,42,3.0,5.0,nan,22.0,23.0,31.0,42.0
84,富貴角,2019-02-19,42,3.0,2.0,nan,22.0,7.0,42.0,25.0
54,左營,2019-02-20,57,7.0,6.0,nan,19.0,20.0,29.0,57.0
84,富貴角,2019-02-20,45,6.0,2.0,nan,45.0,8.0,40.0,38.0
83,麥寮,2019-02-20,135,4.0,5.0,nan,73.0,16.0,nan,135.0
80,關山,2019-02-20,36,nan,nan,nan,21.0,4.0,25.0,36.0
78,馬公,2019-02-20,67,1.0,5.0,nan,29.0,9.0,25.0,67.0
77,金門,2019-02-20,121,9.0,6.0,nan,57.0,19.0,23.0,121.0
72,埔里,2019-02-20,104,4.0,5.0,nan,56.0,19.0,104.0,88.0
71,復興,2019-02-20,32,10.0,7.0,nan,32.0,25.0,nan,25.0
70,永和,2019-02-20,71,11.0,17.0,nan,42.0,43.0,nan,71.0
69,竹山,2019-02-20,158,7.0,7.0,nan,81.0,29.0,64.0,158.0
68,中壢,2019-02-20,65,11.0,17.0,nan,56.0,40.0,nan,65.0
67,三重,2019-02-20,62,10.0,16.0,nan,53.0,48.0,nan,62.0
66,冬山,2019-02-20,45,7.0,5.0,nan,32.0,12.0,36.0,45.0
65,宜蘭,2019-02-20,36,3.0,3.0,nan,28.0,12.0,36.0,31.0
64,陽明,2019-02-20,49,7.0,3.0,nan,30.0,6.0,49.0,49.0
63,花蓮,2019-02-20,36,6.0,5.0,nan,25.0,15.0,36.0,33.0
62,臺東,2019-02-20,50,13.0,5.0,nan,34.0,12.0,21.0,50.0
61,恆春,2019-02-20,30,3.0,1.0,nan,14.0,2.0,30.0,18.0
60,潮州,2019-02-20,43,3.0,2.0,nan,29.0,8.0,31.0,43.0
59,屏東,2019-02-20,38,4.0,3.0,nan,30.0,19.0,31.0,38.0
58,小港,2019-02-20,36,4.0,5.0,nan,31.0,23.0,17.0,36.0
57,前鎮,2019-02-20,30,9.0,6.0,nan,30.0,27.0,nan,29.0
56,前金,2019-02-20,46,9.0,6.0,nan,30.0,24.0,29.0,46.0
53,楠梓,2019-02-20,62,9.0,6.0,nan,31.0,25.0,30.0,62.0
52,林園,2019-02-20,32,6.0,3.0,nan,32.0,16.0,31.0,31.0
51,大寮,2019-02-20,56,19.0,5.0,nan,31.0,20.0,29.0,56.0
50,鳳山,2019-02-20,43,10.0,6.0,nan,35.0,26.0,nan,43.0
49,仁武,2019-02-20,55,16.0,5.0,nan,30.0,25.0,29.0,55.0
48,橋頭,2019-02-20,60,9.0,5.0,nan,33.0,23.0,34.0,60.0
47,美濃,2019-02-20,39,4.0,2.0,nan,39.0,8.0,37.0,29.0
46,臺南,2019-02-20,89,7.0,6.0,nan,54.0,28.0,37.0,89.0
45,安南,2019-02-20,113,7.0,7.0,nan,71.0,29.0,46.0,113.0
44,善化,2019-02-20,107,9.0,5.0,nan,70.0,16.0,51.0,107.0
43,新營,2019-02-20,150,6.0,7.0,nan,76.0,27.0,45.0,150.0
42,嘉義,2019-02-20,153,9.0,7.0,nan,82.0,30.0,64.0,153.0
41,臺西,2019-02-20,134,14.0,5.0,nan,64.0,31.0,nan,134.0
40,朴子,2019-02-20,129,4.0,5.0,nan,76.0,15.0,48.0,129.0
39,新港,2019-02-20,162,11.0,5.0,nan,85.0,24.0,45.0,162.0
38,崙背,2019-02-20,152,4.0,6.0,nan,76.0,21.0,46.0,152.0
37,斗六,2019-02-20,155,4.0,7.0,nan,80.0,27.0,64.0,155.0
36,南投,2019-02-20,132,24.0,7.0,nan,74.0,26.0,41.0,132.0
35,二林,2019-02-20,119,6.0,6.0,nan,85.0,25.0,37.0,119.0
34,線西,2019-02-20,117,16.0,7.0,nan,67.0,26.0,nan,117.0
33,彰化,2019-02-20,125,11.0,8.0,nan,67.0,33.0,36.0,125.0
32,西屯,2019-02-20,118,4.0,8.0,nan,71.0,32.0,44.0,118.0
31,忠明,2019-02-20,130,6.0,10.0,nan,62.0,39.0,38.0,130.0
30,大里,2019-02-20,97,6.0,9.0,nan,80.0,42.0,64.0,97.0
29,沙鹿,2019-02-20,100,6.0,6.0,nan,66.0,26.0,32.0,100.0
28,豐原,2019-02-20,138,6.0,7.0,nan,64.0,31.0,51.0,138.0
27,三義,2019-02-20,96,6.0,5.0,nan,50.0,22.0,47.0,96.0
26,苗栗,2019-02-20,113,9.0,8.0,nan,71.0,26.0,23.0,113.0
25,頭份,2019-02-20,81,11.0,8.0,nan,66.0,34.0,nan,81.0
24,新竹,2019-02-20,112,13.0,11.0,nan,64.0,49.0,37.0,112.0
23,竹東,2019-02-20,114,6.0,7.0,nan,65.0,31.0,34.0,114.0
22,湖口,2019-02-20,85,9.0,10.0,nan,59.0,35.0,43.0,85.0
21,龍潭,2019-02-20,88,9.0,8.0,nan,64.0,31.0,40.0,88.0
20,平鎮,2019-02-20,82,10.0,8.0,nan,58.0,33.0,40.0,82.0
19,觀音,2019-02-20,27,9.0,5.0,nan,nan,8.0,27.0,nan
18,大園,2019-02-20,71,11.0,7.0,nan,52.0,33.0,37.0,71.0
17,桃園,2019-02-20,75,14.0,8.0,nan,53.0,26.0,35.0,75.0
16,大同,2019-02-20,58,11.0,17.0,nan,44.0,42.0,nan,58.0
15,松山,2019-02-20,63,9.0,5.0,nan,39.0,27.0,32.0,63.0
14,古亭,2019-02-20,73,13.0,7.0,nan,44.0,26.0,45.0,73.0
13,萬華,2019-02-20,63,14.0,9.0,nan,45.0,35.0,34.0,63.0
12,中山,2019-02-20,67,10.0,9.0,nan,45.0,40.0,35.0,67.0
11,士林,2019-02-20,62,9.0,5.0,nan,40.0,24.0,42.0,62.0
10,淡水,2019-02-20,61,10.0,6.0,nan,37.0,21.0,39.0,61.0
9,林口,2019-02-20,59,6.0,6.0,nan,35.0,30.0,45.0,59.0
8,菜寮,2019-02-20,62,9.0,8.0,nan,40.0,27.0,41.0,62.0
7,新莊,2019-02-20,63,9.0,8.0,nan,51.0,29.0,43.0,63.0
6,板橋,2019-02-20,73,9.0,8.0,nan,46.0,30.0,41.0,73.0
5,土城,2019-02-20,83,10.0,8.0,nan,41.0,25.0,54.0,83.0
4,新店,2019-02-20,63,7.0,7.0,nan,31.0,25.0,51.0,63.0
3,萬里,2019-02-20,48,3.0,3.0,nan,48.0,7.0,43.0,40.0
2,汐止,2019-02-20,49,16.0,5.0,nan,31.0,22.0,31.0,49.0
75,馬祖,2019-02-20,31,3.0,6.0,nan,16.0,8.0,28.0,31.0
1,基隆,2019-02-20,40,4.0,5.0,nan,40.0,23.0,33.0,39.0
36,南投,2019-02-21,111,7.0,7.0,nan,67.0,29.0,31.0,111.0
84,富貴角,2019-02-21,44,1.0,3.0,nan,25.0,2.0,44.0,23.0
83,麥寮,2019-02-21,73,3.0,5.0,nan,57.0,16.0,nan,73.0
80,關山,2019-02-21,25,3.0,nan,nan,16.0,4.0,25.0,21.0
78,馬公,2019-02-21,45,3.0,3.0,nan,17.0,8.0,25.0,45.0
77,金門,2019-02-21,70,4.0,6.0,nan,31.0,15.0,26.0,70.0
72,埔里,2019-02-21,91,6.0,5.0,nan,58.0,18.0,67.0,91.0
71,復興,2019-02-21,29,9.0,6.0,nan,29.0,22.0,nan,27.0
70,永和,2019-02-21,36,9.0,11.0,nan,20.0,36.0,nan,33.0
69,竹山,2019-02-21,153,4.0,6.0,nan,76.0,26.0,41.0,153.0
68,中壢,2019-02-21,59,9.0,16.0,nan,37.0,35.0,nan,59.0
67,三重,2019-02-21,42,9.0,18.0,nan,34.0,42.0,nan,29.0
66,冬山,2019-02-21,36,9.0,3.0,nan,31.0,16.0,31.0,36.0
65,宜蘭,2019-02-21,36,3.0,5.0,nan,26.0,12.0,36.0,24.0
64,陽明,2019-02-21,36,4.0,3.0,nan,14.0,8.0,36.0,17.0
63,花蓮,2019-02-21,45,3.0,6.0,nan,29.0,26.0,34.0,45.0
62,臺東,2019-02-21,19,1.0,5.0,nan,17.0,15.0,19.0,18.0
61,恆春,2019-02-21,33,3.0,1.0,nan,11.0,3.0,33.0,17.0
60,潮州,2019-02-21,36,4.0,2.0,nan,36.0,11.0,31.0,34.0
59,屏東,2019-02-21,32,4.0,5.0,nan,31.0,19.0,32.0,30.0
58,小港,2019-02-21,31,10.0,3.0,nan,31.0,26.0,24.0,26.0
57,前鎮,2019-02-21,35,9.0,6.0,nan,35.0,23.0,nan,24.0
56,前金,2019-02-21,60,6.0,6.0,nan,43.0,23.0,31.0,60.0
53,楠梓,2019-02-21,87,6.0,6.0,nan,48.0,26.0,32.0,87.0
52,林園,2019-02-21,33,6.0,2.0,nan,27.0,14.0,33.0,12.0
51,大寮,2019-02-21,43,9.0,5.0,nan,29.0,22.0,27.0,43.0
50,鳳山,2019-02-21,40,6.0,7.0,nan,35.0,24.0,nan,40.0
49,仁武,2019-02-21,63,14.0,5.0,nan,38.0,26.0,30.0,63.0
48,橋頭,2019-02-21,128,4.0,7.0,nan,62.0,26.0,42.0,128.0
47,美濃,2019-02-21,35,3.0,3.0,nan,33.0,11.0,35.0,17.0
46,臺南,2019-02-21,131,6.0,8.0,nan,72.0,25.0,43.0,131.0
45,安南,2019-02-21,128,4.0,8.0,nan,80.0,25.0,37.0,128.0
44,善化,2019-02-21,135,7.0,7.0,nan,85.0,22.0,39.0,135.0
43,新營,2019-02-21,143,4.0,8.0,nan,76.0,26.0,36.0,143.0
42,嘉義,2019-02-21,146,9.0,8.0,nan,80.0,30.0,43.0,146.0
41,臺西,2019-02-21,81,9.0,5.0,nan,42.0,17.0,nan,81.0
40,朴子,2019-02-21,102,4.0,6.0,nan,68.0,14.0,37.0,102.0
39,新港,2019-02-21,113,4.0,8.0,nan,75.0,21.0,31.0,113.0
38,崙背,2019-02-21,118,6.0,8.0,nan,61.0,22.0,40.0,118.0
37,斗六,2019-02-21,137,6.0,6.0,nan,70.0,24.0,40.0,137.0
35,二林,2019-02-21,75,7.0,7.0,nan,64.0,16.0,30.0,75.0
34,線西,2019-02-21,69,7.0,6.0,nan,47.0,17.0,nan,69.0
33,彰化,2019-02-21,79,9.0,6.0,nan,44.0,25.0,28.0,79.0
32,西屯,2019-02-21,62,7.0,6.0,nan,44.0,25.0,32.0,62.0
31,忠明,2019-02-21,81,4.0,7.0,nan,37.0,28.0,23.0,81.0
30,大里,2019-02-21,69,6.0,8.0,nan,53.0,25.0,44.0,69.0
29,沙鹿,2019-02-21,59,4.0,6.0,nan,37.0,19.0,30.0,59.0
28,豐原,2019-02-21,92,4.0,7.0,nan,42.0,24.0,33.0,92.0
27,三義,2019-02-21,57,4.0,5.0,nan,25.0,18.0,34.0,57.0
26,苗栗,2019-02-21,87,6.0,7.0,nan,55.0,22.0,26.0,87.0
25,頭份,2019-02-21,60,3.0,6.0,nan,52.0,22.0,nan,60.0
24,新竹,2019-02-21,70,7.0,6.0,nan,44.0,19.0,38.0,70.0
23,竹東,2019-02-21,80,3.0,5.0,nan,45.0,15.0,27.0,80.0
22,湖口,2019-02-21,53,6.0,5.0,nan,36.0,20.0,44.0,53.0
21,龍潭,2019-02-21,69,6.0,6.0,nan,47.0,22.0,38.0,69.0
20,平鎮,2019-02-21,49,7.0,7.0,nan,36.0,28.0,34.0,49.0
19,觀音,2019-02-21,38,11.0,5.0,nan,23.0,15.0,38.0,35.0
18,大園,2019-02-21,41,9.0,5.0,nan,27.0,23.0,41.0,36.0
17,桃園,2019-02-21,47,10.0,7.0,nan,29.0,21.0,30.0,47.0
16,大同,2019-02-21,40,16.0,22.0,nan,22.0,39.0,nan,40.0
15,松山,2019-02-21,32,10.0,6.0,nan,20.0,25.0,27.0,32.0
14,古亭,2019-02-21,35,9.0,7.0,nan,24.0,33.0,28.0,35.0
13,萬華,2019-02-21,30,9.0,8.0,nan,21.0,30.0,24.0,28.0
12,中山,2019-02-21,40,10.0,8.0,nan,20.0,31.0,24.0,40.0
11,士林,2019-02-21,36,7.0,6.0,nan,21.0,23.0,36.0,34.0
10,淡水,2019-02-21,43,3.0,5.0,nan,14.0,10.0,43.0,27.0
9,林口,2019-02-21,42,6.0,5.0,nan,20.0,21.0,42.0,31.0
8,菜寮,2019-02-21,34,9.0,7.0,nan,19.0,25.0,29.0,34.0
7,新莊,2019-02-21,35,6.0,7.0,nan,29.0,29.0,32.0,35.0
6,板橋,2019-02-21,37,9.0,7.0,nan,20.0,25.0,32.0,37.0
5,土城,2019-02-21,44,6.0,6.0,nan,19.0,29.0,38.0,44.0
4,新店,2019-02-21,31,6.0,6.0,nan,15.0,27.0,28.0,31.0
3,萬里,2019-02-21,45,3.0,3.0,nan,31.0,7.0,45.0,29.0
2,汐止,2019-02-21,31,10.0,5.0,nan,16.0,20.0,31.0,23.0
75,馬祖,2019-02-21,43,3.0,5.0,nan,10.0,4.0,43.0,16.0
54,左營,2019-02-21,64,6.0,6.0,nan,30.0,23.0,32.0,64.0
1,基隆,2019-02-21,37,1.0,3.0,nan,23.0,14.0,37.0,23.0
58,小港,2019-02-22,77,7.0,6.0,nan,52.0,25.0,45.0,77.0
84,富貴角,2019-02-22,48,1.0,3.0,nan,25.0,3.0,48.0,23.0
83,麥寮,2019-02-22,52,7.0,5.0,nan,52.0,20.0,nan,50.0
80,關山,2019-02-22,34,3.0,nan,nan,14.0,3.0,34.0,28.0
78,馬公,2019-02-22,34,1.0,3.0,nan,16.0,7.0,30.0,34.0
77,金門,2019-02-22,49,4.0,5.0,nan,21.0,10.0,49.0,41.0
72,埔里,2019-02-22,78,4.0,5.0,nan,52.0,17.0,64.0,78.0
71,復興,2019-02-22,79,10.0,10.0,nan,55.0,34.0,nan,79.0
70,永和,2019-02-22,41,4.0,17.0,nan,17.0,41.0,nan,27.0
69,竹山,2019-02-22,96,4.0,5.0,nan,54.0,23.0,58.0,96.0
68,中壢,2019-02-22,36,3.0,11.0,nan,17.0,36.0,nan,31.0
67,三重,2019-02-22,44,7.0,20.0,nan,30.0,44.0,nan,11.0
66,冬山,2019-02-22,44,6.0,5.0,nan,26.0,16.0,44.0,26.0
65,宜蘭,2019-02-22,46,4.0,5.0,nan,21.0,9.0,46.0,23.0
64,陽明,2019-02-22,44,1.0,3.0,nan,5.0,2.0,44.0,4.0
63,花蓮,2019-02-22,47,3.0,3.0,nan,20.0,10.0,47.0,27.0
62,臺東,2019-02-22,31,1.0,5.0,nan,19.0,8.0,31.0,19.0
61,恆春,2019-02-22,51,3.0,2.0,nan,24.0,6.0,51.0,29.0
60,潮州,2019-02-22,61,4.0,3.0,nan,44.0,11.0,61.0,60.0
59,屏東,2019-02-22,58,4.0,5.0,nan,41.0,14.0,58.0,55.0
57,前鎮,2019-02-22,74,9.0,8.0,nan,54.0,32.0,nan,74.0
56,前金,2019-02-22,103,6.0,7.0,nan,56.0,22.0,50.0,103.0
53,楠梓,2019-02-22,111,3.0,6.0,nan,54.0,16.0,47.0,111.0
52,林園,2019-02-22,68,16.0,6.0,nan,64.0,28.0,48.0,68.0
51,大寮,2019-02-22,80,14.0,6.0,nan,47.0,20.0,80.0,79.0
50,鳳山,2019-02-22,82,9.0,6.0,nan,54.0,26.0,nan,82.0
49,仁武,2019-02-22,92,14.0,7.0,nan,53.0,31.0,46.0,92.0
48,橋頭,2019-02-22,106,4.0,6.0,nan,56.0,17.0,49.0,106.0
47,美濃,2019-02-22,43,3.0,3.0,nan,38.0,8.0,43.0,33.0
46,臺南,2019-02-22,94,6.0,7.0,nan,54.0,22.0,42.0,94.0
45,安南,2019-02-22,98,6.0,6.0,nan,62.0,19.0,47.0,98.0
44,善化,2019-02-22,105,7.0,5.0,nan,62.0,19.0,45.0,105.0
43,新營,2019-02-22,77,3.0,6.0,nan,54.0,18.0,34.0,77.0
42,嘉義,2019-02-22,99,7.0,6.0,nan,52.0,21.0,39.0,99.0
41,臺西,2019-02-22,52,4.0,5.0,nan,29.0,10.0,nan,52.0
40,朴子,2019-02-22,72,6.0,6.0,nan,53.0,22.0,40.0,72.0
39,新港,2019-02-22,76,7.0,6.0,nan,55.0,15.0,37.0,76.0
38,崙背,2019-02-22,82,7.0,5.0,nan,44.0,21.0,40.0,82.0
37,斗六,2019-02-22,76,9.0,6.0,nan,54.0,25.0,44.0,76.0
35,二林,2019-02-22,53,10.0,5.0,nan,48.0,18.0,33.0,53.0
34,線西,2019-02-22,32,7.0,6.0,nan,30.0,15.0,nan,32.0
33,彰化,2019-02-22,52,4.0,6.0,nan,27.0,19.0,33.0,52.0
32,西屯,2019-02-22,50,3.0,5.0,nan,30.0,20.0,37.0,50.0
31,忠明,2019-02-22,53,3.0,6.0,nan,23.0,25.0,21.0,53.0
30,大里,2019-02-22,47,6.0,7.0,nan,30.0,25.0,22.0,47.0
29,沙鹿,2019-02-22,38,3.0,3.0,nan,19.0,11.0,38.0,35.0
28,豐原,2019-02-22,51,4.0,5.0,nan,26.0,20.0,34.0,51.0
27,三義,2019-02-22,31,3.0,5.0,nan,13.0,15.0,28.0,31.0
26,苗栗,2019-02-22,46,4.0,6.0,nan,25.0,17.0,26.0,46.0
25,頭份,2019-02-22,31,3.0,5.0,nan,19.0,15.0,nan,31.0
24,新竹,2019-02-22,40,3.0,6.0,nan,21.0,15.0,33.0,40.0
23,竹東,2019-02-22,48,1.0,5.0,nan,19.0,16.0,30.0,48.0
22,湖口,2019-02-22,42,3.0,3.0,nan,16.0,9.0,42.0,25.0
21,龍潭,2019-02-22,42,3.0,5.0,nan,20.0,17.0,37.0,42.0
20,平鎮,2019-02-22,35,4.0,6.0,nan,18.0,25.0,31.0,35.0
19,觀音,2019-02-22,40,7.0,5.0,nan,14.0,8.0,40.0,21.0
18,大園,2019-02-22,43,7.0,5.0,nan,14.0,20.0,43.0,22.0
17,桃園,2019-02-22,28,10.0,7.0,nan,14.0,18.0,28.0,23.0
16,大同,2019-02-22,47,6.0,19.0,nan,21.0,47.0,nan,21.0
15,松山,2019-02-22,34,3.0,6.0,nan,14.0,32.0,34.0,19.0
14,古亭,2019-02-22,33,3.0,7.0,nan,19.0,30.0,33.0,23.0
13,萬華,2019-02-22,30,3.0,7.0,nan,18.0,30.0,29.0,21.0
12,中山,2019-02-22,34,6.0,10.0,nan,18.0,34.0,31.0,16.0
11,士林,2019-02-22,34,3.0,6.0,nan,16.0,27.0,34.0,11.0
10,淡水,2019-02-22,47,1.0,5.0,nan,8.0,8.0,47.0,19.0
9,林口,2019-02-22,40,3.0,5.0,nan,9.0,12.0,40.0,12.0
8,菜寮,2019-02-22,32,4.0,7.0,nan,15.0,22.0,32.0,23.0
7,新莊,2019-02-22,33,3.0,6.0,nan,19.0,23.0,33.0,19.0
6,板橋,2019-02-22,32,4.0,7.0,nan,16.0,32.0,29.0,26.0
5,土城,2019-02-22,34,6.0,6.0,nan,13.0,24.0,34.0,33.0
4,新店,2019-02-22,36,4.0,6.0,nan,10.0,26.0,36.0,19.0
3,萬里,2019-02-22,51,3.0,5.0,nan,29.0,8.0,51.0,23.0
2,汐止,2019-02-22,36,7.0,6.0,nan,7.0,28.0,36.0,11.0
75,馬祖,2019-02-22,50,4.0,5.0,nan,15.0,6.0,50.0,23.0
54,左營,2019-02-22,104,6.0,6.0,nan,44.0,21.0,49.0,104.0
36,南投,2019-02-22,72,4.0,7.0,nan,46.0,27.0,33.0,72.0
1,基隆,2019-02-22,44,1.0,5.0,nan,17.0,17.0,44.0,19.0
83,麥寮,2019-02-23,62,9.0,7.0,nan,62.0,21.0,nan,50.0
84,富貴角,2019-02-23,52,1.0,5.0,nan,35.0,3.0,45.0,52.0
1,基隆,2019-02-23,42,1.0,6.0,nan,27.0,8.0,42.0,42.0
36,南投,2019-02-23,57,3.0,8.0,nan,36.0,29.0,28.0,57.0
54,左營,2019-02-23,110,7.0,9.0,nan,nan,26.0,108.0,110.0
75,馬祖,2019-02-23,50,4.0,6.0,nan,31.0,5.0,46.0,50.0
2,汐止,2019-02-23,41,9.0,7.0,nan,23.0,26.0,34.0,41.0
3,萬里,2019-02-23,53,3.0,5.0,nan,53.0,5.0,48.0,45.0
4,新店,2019-02-23,40,3.0,6.0,nan,18.0,21.0,36.0,40.0
5,土城,2019-02-23,50,10.0,7.0,nan,25.0,20.0,38.0,50.0
6,板橋,2019-02-23,45,4.0,8.0,nan,26.0,27.0,34.0,45.0
7,新莊,2019-02-23,38,6.0,7.0,nan,29.0,25.0,38.0,38.0
8,菜寮,2019-02-23,46,4.0,7.0,nan,24.0,25.0,36.0,46.0
9,林口,2019-02-23,37,3.0,6.0,nan,26.0,24.0,37.0,31.0
10,淡水,2019-02-23,43,3.0,6.0,nan,16.0,15.0,43.0,34.0
11,士林,2019-02-23,43,3.0,6.0,nan,18.0,16.0,43.0,30.0
12,中山,2019-02-23,42,6.0,8.0,nan,27.0,34.0,34.0,42.0
13,萬華,2019-02-23,41,4.0,7.0,nan,27.0,31.0,33.0,41.0
14,古亭,2019-02-23,46,6.0,7.0,nan,28.0,22.0,37.0,46.0
15,松山,2019-02-23,43,4.0,6.0,nan,29.0,25.0,36.0,43.0
16,大同,2019-02-23,47,6.0,16.0,nan,29.0,47.0,nan,46.0
17,桃園,2019-02-23,44,6.0,8.0,nan,26.0,23.0,30.0,44.0
18,大園,2019-02-23,43,6.0,6.0,nan,25.0,20.0,39.0,43.0
19,觀音,2019-02-23,63,7.0,6.0,nan,28.0,16.0,37.0,63.0
20,平鎮,2019-02-23,44,4.0,7.0,nan,28.0,25.0,34.0,44.0
21,龍潭,2019-02-23,44,6.0,7.0,nan,27.0,17.0,39.0,44.0
22,湖口,2019-02-23,43,4.0,6.0,nan,26.0,10.0,40.0,43.0
23,竹東,2019-02-23,47,3.0,6.0,nan,19.0,12.0,32.0,47.0
24,新竹,2019-02-23,48,4.0,7.0,nan,29.0,21.0,34.0,48.0
25,頭份,2019-02-23,42,1.0,7.0,nan,22.0,18.0,nan,42.0
26,苗栗,2019-02-23,43,3.0,7.0,nan,21.0,16.0,31.0,43.0
27,三義,2019-02-23,45,4.0,6.0,nan,17.0,11.0,34.0,45.0
28,豐原,2019-02-23,36,6.0,6.0,nan,19.0,16.0,32.0,36.0
29,沙鹿,2019-02-23,37,4.0,6.0,nan,17.0,14.0,37.0,31.0
30,大里,2019-02-23,31,3.0,8.0,nan,23.0,27.0,30.0,31.0
31,忠明,2019-02-23,37,3.0,7.0,nan,19.0,22.0,29.0,37.0
32,西屯,2019-02-23,44,3.0,6.0,nan,27.0,14.0,34.0,44.0
33,彰化,2019-02-23,44,3.0,7.0,nan,20.0,20.0,32.0,44.0
34,線西,2019-02-23,41,10.0,7.0,nan,27.0,19.0,nan,41.0
35,二林,2019-02-23,50,11.0,7.0,nan,44.0,19.0,33.0,50.0
37,斗六,2019-02-23,56,7.0,7.0,nan,40.0,19.0,46.0,56.0
38,崙背,2019-02-23,77,10.0,7.0,nan,36.0,21.0,43.0,77.0
39,新港,2019-02-23,65,9.0,7.0,nan,48.0,19.0,44.0,65.0
40,朴子,2019-02-23,67,10.0,7.0,nan,47.0,26.0,47.0,67.0
41,臺西,2019-02-23,59,13.0,6.0,nan,32.0,26.0,nan,59.0
42,嘉義,2019-02-23,68,9.0,8.0,nan,44.0,28.0,47.0,68.0
43,新營,2019-02-23,61,7.0,7.0,nan,46.0,22.0,47.0,61.0
44,善化,2019-02-23,80,10.0,7.0,nan,57.0,25.0,80.0,77.0
45,安南,2019-02-23,77,7.0,7.0,nan,57.0,23.0,77.0,69.0
46,臺南,2019-02-23,70,6.0,8.0,nan,52.0,24.0,67.0,70.0
47,美濃,2019-02-23,81,3.0,6.0,nan,62.0,13.0,71.0,81.0
48,橋頭,2019-02-23,100,6.0,8.0,nan,53.0,23.0,97.0,100.0
49,仁武,2019-02-23,88,9.0,8.0,nan,52.0,24.0,87.0,88.0
50,鳳山,2019-02-23,96,11.0,8.0,nan,59.0,37.0,nan,96.0
51,大寮,2019-02-23,98,17.0,7.0,nan,54.0,31.0,74.0,98.0
52,林園,2019-02-23,100,9.0,6.0,nan,61.0,27.0,100.0,96.0
53,楠梓,2019-02-23,115,10.0,7.0,nan,55.0,27.0,87.0,115.0
56,前金,2019-02-23,110,10.0,8.0,nan,54.0,27.0,93.0,110.0
57,前鎮,2019-02-23,88,13.0,9.0,nan,57.0,39.0,nan,88.0
58,小港,2019-02-23,96,14.0,8.0,nan,58.0,49.0,67.0,96.0
59,屏東,2019-02-23,112,9.0,7.0,nan,60.0,22.0,112.0,105.0
60,潮州,2019-02-23,107,14.0,7.0,nan,62.0,27.0,93.0,107.0
61,恆春,2019-02-23,47,nan,5.0,nan,10.0,2.0,47.0,17.0
62,臺東,2019-02-23,31,1.0,7.0,nan,8.0,8.0,31.0,13.0
63,花蓮,2019-02-23,43,4.0,7.0,nan,22.0,16.0,43.0,32.0
64,陽明,2019-02-23,43,14.0,5.0,nan,6.0,2.0,43.0,5.0
65,宜蘭,2019-02-23,43,3.0,6.0,nan,24.0,8.0,41.0,43.0
66,冬山,2019-02-23,43,4.0,5.0,nan,25.0,10.0,43.0,28.0
67,三重,2019-02-23,40,6.0,16.0,nan,36.0,40.0,nan,36.0
68,中壢,2019-02-23,39,4.0,11.0,nan,27.0,31.0,nan,39.0
69,竹山,2019-02-23,90,4.0,8.0,nan,50.0,25.0,41.0,90.0
70,永和,2019-02-23,48,4.0,8.0,nan,24.0,19.0,nan,48.0
71,復興,2019-02-23,111,13.0,10.0,nan,61.0,35.0,nan,111.0
72,埔里,2019-02-23,78,4.0,6.0,nan,51.0,19.0,40.0,78.0
77,金門,2019-02-23,61,3.0,7.0,nan,31.0,10.0,40.0,61.0
78,馬公,2019-02-23,50,1.0,6.0,nan,29.0,6.0,31.0,50.0
80,關山,2019-02-23,33,3.0,nan,nan,9.0,7.0,33.0,22.0
84,富貴角,2019-02-24,54,1.0,3.0,nan,26.0,2.0,54.0,37.0
83,麥寮,2019-02-24,31,7.0,6.0,nan,22.0,25.0,nan,31.0
80,關山,2019-02-24,27,3.0,nan,nan,12.0,8.0,27.0,26.0
78,馬公,2019-02-24,44,1.0,6.0,nan,20.0,8.0,31.0,44.0
77,金門,2019-02-24,46,3.0,7.0,nan,19.0,12.0,37.0,46.0
72,埔里,2019-02-24,58,4.0,6.0,nan,32.0,21.0,22.0,58.0
71,復興,2019-02-24,106,9.0,12.0,nan,51.0,33.0,nan,106.0
70,永和,2019-02-24,20,1.0,7.0,nan,9.0,20.0,nan,19.0
69,竹山,2019-02-24,70,4.0,7.0,nan,31.0,23.0,15.0,70.0
68,中壢,2019-02-24,40,3.0,9.0,nan,12.0,40.0,nan,28.0
67,三重,2019-02-24,45,4.0,14.0,nan,23.0,45.0,nan,17.0
66,冬山,2019-02-24,41,6.0,5.0,nan,6.0,16.0,41.0,7.0
65,宜蘭,2019-02-24,36,3.0,5.0,nan,6.0,12.0,36.0,16.0
64,陽明,2019-02-24,50,3.0,3.0,nan,5.0,2.0,50.0,5.0
63,花蓮,2019-02-24,33,3.0,6.0,nan,13.0,26.0,33.0,22.0
62,臺東,2019-02-24,26,1.0,6.0,nan,6.0,6.0,26.0,14.0
61,恆春,2019-02-24,46,nan,3.0,nan,6.0,2.0,46.0,14.0
60,潮州,2019-02-24,117,9.0,7.0,nan,65.0,18.0,77.0,117.0
59,屏東,2019-02-24,92,4.0,8.0,nan,56.0,17.0,43.0,92.0
58,小港,2019-02-24,82,13.0,9.0,nan,51.0,43.0,42.0,82.0
57,前鎮,2019-02-24,86,10.0,10.0,nan,54.0,31.0,nan,86.0
56,前金,2019-02-24,104,4.0,8.0,nan,47.0,26.0,37.0,104.0
53,楠梓,2019-02-24,87,4.0,7.0,nan,39.0,22.0,31.0,87.0
52,林園,2019-02-24,110,21.0,9.0,nan,63.0,37.0,54.0,110.0
51,大寮,2019-02-24,98,19.0,8.0,nan,50.0,32.0,44.0,98.0
50,鳳山,2019-02-24,91,11.0,9.0,nan,48.0,40.0,nan,91.0
49,仁武,2019-02-24,86,16.0,8.0,nan,40.0,24.0,31.0,86.0
48,橋頭,2019-02-24,84,4.0,7.0,nan,43.0,22.0,32.0,84.0
47,美濃,2019-02-24,82,1.0,7.0,nan,57.0,12.0,32.0,82.0
46,臺南,2019-02-24,65,6.0,7.0,nan,36.0,22.0,28.0,65.0
45,安南,2019-02-24,59,6.0,7.0,nan,37.0,17.0,31.0,59.0
44,善化,2019-02-24,67,6.0,6.0,nan,41.0,17.0,26.0,67.0
43,新營,2019-02-24,42,4.0,6.0,nan,28.0,20.0,21.0,42.0
42,嘉義,2019-02-24,54,7.0,7.0,nan,26.0,22.0,20.0,54.0
41,臺西,2019-02-24,32,7.0,5.0,nan,16.0,16.0,nan,32.0
40,朴子,2019-02-24,33,6.0,6.0,nan,23.0,19.0,29.0,33.0
39,新港,2019-02-24,42,10.0,6.0,nan,23.0,21.0,26.0,42.0
38,崙背,2019-02-24,65,10.0,6.0,nan,17.0,20.0,28.0,65.0
37,斗六,2019-02-24,53,3.0,6.0,nan,24.0,23.0,20.0,53.0
35,二林,2019-02-24,32,10.0,6.0,nan,24.0,17.0,27.0,32.0
34,線西,2019-02-24,23,7.0,5.0,nan,10.0,18.0,nan,23.0
33,彰化,2019-02-24,29,3.0,7.0,nan,12.0,25.0,21.0,29.0
32,西屯,2019-02-24,29,3.0,5.0,nan,18.0,21.0,26.0,29.0
31,忠明,2019-02-24,28,3.0,6.0,nan,7.0,28.0,19.0,26.0
30,大里,2019-02-24,24,4.0,7.0,nan,11.0,17.0,15.0,24.0
29,沙鹿,2019-02-24,31,3.0,6.0,nan,10.0,16.0,31.0,25.0
28,豐原,2019-02-24,26,3.0,6.0,nan,9.0,19.0,23.0,26.0
27,三義,2019-02-24,30,3.0,6.0,nan,6.0,15.0,30.0,21.0
26,苗栗,2019-02-24,36,4.0,6.0,nan,15.0,21.0,26.0,36.0
25,頭份,2019-02-24,24,3.0,6.0,nan,10.0,17.0,nan,24.0
24,新竹,2019-02-24,38,3.0,6.0,nan,14.0,17.0,38.0,31.0
23,竹東,2019-02-24,30,1.0,6.0,nan,9.0,14.0,30.0,22.0
22,湖口,2019-02-24,47,3.0,5.0,nan,15.0,12.0,47.0,22.0
21,龍潭,2019-02-24,44,6.0,6.0,nan,12.0,14.0,44.0,24.0
20,平鎮,2019-02-24,38,3.0,6.0,nan,12.0,25.0,38.0,25.0
19,觀音,2019-02-24,47,13.0,6.0,nan,18.0,7.0,47.0,42.0
18,大園,2019-02-24,47,10.0,5.0,nan,14.0,27.0,47.0,28.0
17,桃園,2019-02-24,33,4.0,7.0,nan,10.0,23.0,33.0,23.0
16,大同,2019-02-24,47,3.0,12.0,nan,19.0,47.0,nan,31.0
15,松山,2019-02-24,40,3.0,6.0,nan,13.0,22.0,40.0,27.0
14,古亭,2019-02-24,41,3.0,6.0,nan,14.0,22.0,41.0,23.0
13,萬華,2019-02-24,36,3.0,7.0,nan,12.0,36.0,35.0,27.0
12,中山,2019-02-24,38,3.0,8.0,nan,12.0,35.0,38.0,30.0
11,士林,2019-02-24,44,3.0,6.0,nan,10.0,24.0,44.0,23.0
10,淡水,2019-02-24,45,3.0,6.0,nan,6.0,19.0,45.0,20.0
9,林口,2019-02-24,44,3.0,5.0,nan,11.0,14.0,44.0,15.0
8,菜寮,2019-02-24,36,3.0,8.0,nan,12.0,28.0,36.0,29.0
7,新莊,2019-02-24,39,3.0,7.0,nan,16.0,28.0,39.0,25.0
6,板橋,2019-02-24,36,4.0,7.0,nan,9.0,30.0,36.0,28.0
5,土城,2019-02-24,44,3.0,6.0,nan,8.0,17.0,44.0,25.0
4,新店,2019-02-24,39,3.0,6.0,nan,6.0,17.0,39.0,19.0
3,萬里,2019-02-24,64,3.0,5.0,nan,36.0,10.0,64.0,32.0
2,汐止,2019-02-24,45,3.0,6.0,nan,9.0,21.0,45.0,27.0
75,馬祖,2019-02-24,59,3.0,5.0,nan,30.0,5.0,49.0,59.0
54,左營,2019-02-24,93,6.0,8.0,nan,41.0,30.0,nan,93.0
36,南投,2019-02-24,46,3.0,7.0,nan,24.0,25.0,12.0,46.0
1,基隆,2019-02-24,51,1.0,6.0,nan,19.0,22.0,51.0,32.0
16,大同,2019-02-25,49,7.0,19.0,nan,31.0,49.0,nan,48.0
83,麥寮,2019-02-25,60,4.0,6.0,nan,44.0,14.0,nan,60.0
80,關山,2019-02-25,34,nan,nan,nan,9.0,6.0,34.0,24.0
78,馬公,2019-02-25,91,3.0,6.0,nan,45.0,8.0,36.0,91.0
77,金門,2019-02-25,71,6.0,7.0,nan,34.0,12.0,61.0,71.0
72,埔里,2019-02-25,58,4.0,6.0,nan,33.0,25.0,58.0,55.0
71,復興,2019-02-25,87,6.0,9.0,nan,51.0,23.0,nan,87.0
70,永和,2019-02-25,41,4.0,17.0,nan,22.0,41.0,nan,34.0
69,竹山,2019-02-25,91,4.0,6.0,nan,44.0,26.0,80.0,91.0
68,中壢,2019-02-25,63,9.0,18.0,nan,32.0,43.0,nan,63.0
67,三重,2019-02-25,54,9.0,23.0,nan,44.0,54.0,nan,42.0
66,冬山,2019-02-25,41,3.0,5.0,nan,19.0,18.0,41.0,15.0
65,宜蘭,2019-02-25,41,3.0,5.0,nan,18.0,8.0,41.0,24.0
64,陽明,2019-02-25,49,3.0,2.0,nan,6.0,2.0,49.0,7.0
63,花蓮,2019-02-25,37,3.0,6.0,nan,15.0,17.0,37.0,16.0
62,臺東,2019-02-25,32,3.0,6.0,nan,8.0,8.0,32.0,14.0
61,恆春,2019-02-25,74,1.0,3.0,nan,12.0,8.0,74.0,21.0
60,潮州,2019-02-25,85,6.0,6.0,nan,50.0,25.0,71.0,85.0
59,屏東,2019-02-25,71,7.0,6.0,nan,40.0,31.0,54.0,71.0
58,小港,2019-02-25,77,3.0,8.0,nan,46.0,33.0,58.0,77.0
57,前鎮,2019-02-25,80,4.0,8.0,nan,48.0,26.0,nan,80.0
56,前金,2019-02-25,93,4.0,7.0,nan,47.0,19.0,93.0,88.0
53,楠梓,2019-02-25,84,4.0,7.0,nan,43.0,25.0,71.0,84.0
52,林園,2019-02-25,100,10.0,8.0,nan,54.0,31.0,100.0,89.0
51,大寮,2019-02-25,84,7.0,7.0,nan,41.0,27.0,80.0,84.0
50,鳳山,2019-02-25,89,9.0,8.0,nan,46.0,28.0,nan,89.0
49,仁武,2019-02-25,76,10.0,7.0,nan,40.0,23.0,71.0,76.0
48,橋頭,2019-02-25,90,6.0,7.0,nan,43.0,20.0,80.0,90.0
47,美濃,2019-02-25,58,3.0,5.0,nan,39.0,10.0,51.0,58.0
46,臺南,2019-02-25,75,6.0,7.0,nan,44.0,17.0,67.0,75.0
45,安南,2019-02-25,84,6.0,6.0,nan,49.0,15.0,84.0,71.0
44,善化,2019-02-25,84,6.0,5.0,nan,48.0,15.0,84.0,65.0
43,新營,2019-02-25,57,4.0,5.0,nan,39.0,17.0,48.0,57.0
42,嘉義,2019-02-25,71,9.0,7.0,nan,42.0,23.0,71.0,68.0
41,臺西,2019-02-25,73,6.0,5.0,nan,36.0,11.0,nan,73.0
40,朴子,2019-02-25,69,4.0,6.0,nan,45.0,17.0,58.0,69.0
39,新港,2019-02-25,66,7.0,6.0,nan,44.0,19.0,51.0,66.0
38,崙背,2019-02-25,85,7.0,6.0,nan,37.0,18.0,58.0,85.0
37,斗六,2019-02-25,93,6.0,5.0,nan,36.0,25.0,93.0,65.0
35,二林,2019-02-25,52,13.0,7.0,nan,45.0,18.0,44.0,52.0
34,線西,2019-02-25,47,7.0,6.0,nan,30.0,16.0,nan,47.0
33,彰化,2019-02-25,53,3.0,6.0,nan,24.0,23.0,47.0,53.0
32,西屯,2019-02-25,54,3.0,5.0,nan,30.0,18.0,54.0,47.0
31,忠明,2019-02-25,45,3.0,6.0,nan,19.0,25.0,37.0,45.0
30,大里,2019-02-25,50,6.0,7.0,nan,24.0,30.0,50.0,35.0
29,沙鹿,2019-02-25,54,4.0,3.0,nan,20.0,18.0,54.0,43.0
28,豐原,2019-02-25,46,6.0,5.0,nan,17.0,18.0,46.0,36.0
27,三義,2019-02-25,48,4.0,5.0,nan,17.0,18.0,44.0,48.0
26,苗栗,2019-02-25,50,4.0,6.0,nan,24.0,22.0,33.0,50.0
25,頭份,2019-02-25,45,3.0,6.0,nan,25.0,27.0,nan,45.0
24,新竹,2019-02-25,53,6.0,6.0,nan,31.0,33.0,36.0,53.0
23,竹東,2019-02-25,48,4.0,5.0,nan,19.0,18.0,31.0,48.0
22,湖口,2019-02-25,44,4.0,6.0,nan,28.0,25.0,44.0,42.0
21,龍潭,2019-02-25,46,4.0,6.0,nan,28.0,22.0,40.0,46.0
20,平鎮,2019-02-25,56,4.0,8.0,nan,30.0,36.0,29.0,56.0
19,觀音,2019-02-25,61,10.0,6.0,nan,28.0,15.0,45.0,61.0
17,桃園,2019-02-25,47,4.0,9.0,nan,28.0,26.0,28.0,47.0
84,富貴角,2019-02-25,54,1.0,2.0,nan,33.0,2.0,54.0,37.0
15,松山,2019-02-25,39,4.0,7.0,nan,25.0,39.0,33.0,32.0
14,古亭,2019-02-25,41,4.0,8.0,nan,26.0,41.0,34.0,40.0
13,萬華,2019-02-25,42,6.0,10.0,nan,26.0,42.0,30.0,41.0
12,中山,2019-02-25,48,9.0,11.0,nan,29.0,41.0,28.0,48.0
11,士林,2019-02-25,47,3.0,9.0,nan,30.0,41.0,47.0,44.0
10,淡水,2019-02-25,49,3.0,7.0,nan,18.0,23.0,49.0,37.0
9,林口,2019-02-25,35,3.0,5.0,nan,26.0,27.0,35.0,29.0
8,菜寮,2019-02-25,54,4.0,10.0,nan,27.0,40.0,37.0,54.0
7,新莊,2019-02-25,42,3.0,8.0,nan,30.0,33.0,38.0,42.0
6,板橋,2019-02-25,40,3.0,9.0,nan,24.0,39.0,31.0,40.0
5,土城,2019-02-25,45,4.0,8.0,nan,19.0,38.0,37.0,45.0
4,新店,2019-02-25,35,6.0,7.0,nan,17.0,35.0,34.0,35.0
3,萬里,2019-02-25,67,3.0,3.0,nan,44.0,10.0,67.0,38.0
2,汐止,2019-02-25,39,6.0,6.0,nan,19.0,39.0,38.0,30.0
75,馬祖,2019-02-25,60,6.0,6.0,nan,34.0,8.0,50.0,60.0
54,左營,2019-02-25,108,6.0,6.0,nan,43.0,19.0,108.0,88.0
36,南投,2019-02-25,67,4.0,7.0,nan,37.0,28.0,44.0,67.0
18,大園,2019-02-25,45,7.0,6.0,nan,25.0,33.0,45.0,39.0
1,基隆,2019-02-25,48,3.0,5.0,nan,25.0,21.0,48.0,33.0
18,大園,2019-02-26,49,7.0,5.0,nan,33.0,25.0,43.0,49.0
36,南投,2019-02-26,95,10.0,8.0,nan,56.0,31.0,46.0,95.0
54,左營,2019-02-26,127,7.0,8.0,nan,60.0,28.0,104.0,127.0
75,馬祖,2019-02-26,84,29.0,3.0,nan,51.0,8.0,51.0,84.0
2,汐止,2019-02-26,39,7.0,5.0,nan,30.0,32.0,39.0,36.0
3,萬里,2019-02-26,61,4.0,3.0,nan,52.0,8.0,61.0,42.0
4,新店,2019-02-26,44,1.0,6.0,nan,25.0,24.0,44.0,35.0
5,土城,2019-02-26,53,3.0,7.0,nan,31.0,34.0,43.0,53.0
6,板橋,2019-02-26,44,6.0,7.0,nan,36.0,29.0,40.0,44.0
7,新莊,2019-02-26,42,7.0,6.0,nan,38.0,23.0,42.0,37.0
8,菜寮,2019-02-26,57,7.0,7.0,nan,32.0,29.0,40.0,57.0
9,林口,2019-02-26,39,6.0,5.0,nan,31.0,28.0,39.0,34.0
10,淡水,2019-02-26,44,6.0,7.0,nan,24.0,25.0,44.0,40.0
11,士林,2019-02-26,49,4.0,3.0,nan,27.0,15.0,49.0,44.0
12,中山,2019-02-26,53,10.0,7.0,nan,36.0,38.0,37.0,53.0
13,萬華,2019-02-26,40,7.0,6.0,nan,36.0,28.0,37.0,40.0
14,古亭,2019-02-26,45,4.0,7.0,nan,37.0,27.0,45.0,43.0
15,松山,2019-02-26,51,7.0,6.0,nan,35.0,31.0,39.0,51.0
16,大同,2019-02-26,49,10.0,15.0,nan,39.0,49.0,nan,42.0
17,桃園,2019-02-26,46,9.0,7.0,nan,35.0,27.0,33.0,46.0
19,觀音,2019-02-26,57,9.0,3.0,nan,38.0,15.0,44.0,57.0
20,平鎮,2019-02-26,47,6.0,8.0,nan,35.0,27.0,38.0,47.0
21,龍潭,2019-02-26,56,6.0,6.0,nan,37.0,25.0,44.0,56.0
22,湖口,2019-02-26,47,6.0,5.0,nan,36.0,22.0,45.0,47.0
23,竹東,2019-02-26,46,4.0,5.0,nan,30.0,20.0,32.0,46.0
24,新竹,2019-02-26,63,7.0,6.0,nan,39.0,27.0,37.0,63.0
25,頭份,2019-02-26,54,6.0,6.0,nan,36.0,25.0,nan,54.0
26,苗栗,2019-02-26,57,6.0,6.0,nan,38.0,26.0,32.0,57.0
27,三義,2019-02-26,64,6.0,3.0,nan,32.0,14.0,45.0,64.0
28,豐原,2019-02-26,47,6.0,5.0,nan,39.0,25.0,47.0,nan
29,沙鹿,2019-02-26,63,4.0,5.0,nan,40.0,21.0,49.0,63.0
30,大里,2019-02-26,61,6.0,7.0,nan,44.0,35.0,61.0,59.0
31,忠明,2019-02-26,70,4.0,6.0,nan,35.0,28.0,34.0,70.0
32,西屯,2019-02-26,69,4.0,5.0,nan,47.0,17.0,51.0,69.0
33,彰化,2019-02-26,71,7.0,6.0,nan,42.0,26.0,44.0,71.0
34,線西,2019-02-26,62,9.0,6.0,nan,44.0,18.0,nan,62.0
35,二林,2019-02-26,68,11.0,6.0,nan,59.0,21.0,45.0,68.0
37,斗六,2019-02-26,129,7.0,6.0,nan,57.0,20.0,129.0,109.0
38,崙背,2019-02-26,97,14.0,5.0,nan,49.0,21.0,74.0,97.0
39,新港,2019-02-26,97,10.0,5.0,nan,60.0,14.0,61.0,97.0
40,朴子,2019-02-26,85,6.0,5.0,nan,57.0,15.0,67.0,85.0
41,臺西,2019-02-26,71,9.0,5.0,nan,41.0,17.0,nan,71.0
42,嘉義,2019-02-26,110,9.0,6.0,nan,62.0,23.0,80.0,110.0
43,新營,2019-02-26,87,6.0,6.0,nan,57.0,18.0,49.0,87.0
44,善化,2019-02-26,104,7.0,6.0,nan,66.0,15.0,93.0,104.0
45,安南,2019-02-26,101,7.0,6.0,nan,66.0,20.0,101.0,91.0
46,臺南,2019-02-26,107,4.0,7.0,nan,62.0,21.0,93.0,107.0
47,美濃,2019-02-26,93,4.0,5.0,nan,62.0,14.0,93.0,83.0
48,橋頭,2019-02-26,119,6.0,7.0,nan,59.0,25.0,97.0,119.0
49,仁武,2019-02-26,117,13.0,8.0,nan,57.0,30.0,80.0,117.0
50,鳳山,2019-02-26,115,13.0,8.0,nan,62.0,38.0,nan,115.0
51,大寮,2019-02-26,112,11.0,7.0,nan,62.0,27.0,90.0,112.0
52,林園,2019-02-26,120,10.0,6.0,nan,70.0,24.0,118.0,120.0
53,楠梓,2019-02-26,122,6.0,7.0,nan,62.0,25.0,77.0,122.0
56,前金,2019-02-26,137,7.0,8.0,nan,64.0,25.0,101.0,137.0
57,前鎮,2019-02-26,107,9.0,9.0,nan,64.0,34.0,nan,107.0
58,小港,2019-02-26,112,7.0,9.0,nan,64.0,42.0,51.0,112.0
59,屏東,2019-02-26,129,9.0,6.0,nan,64.0,29.0,129.0,109.0
60,潮州,2019-02-26,118,9.0,6.0,nan,65.0,19.0,118.0,106.0
61,恆春,2019-02-26,54,3.0,2.0,nan,16.0,2.0,54.0,23.0
62,臺東,2019-02-26,32,1.0,5.0,nan,19.0,7.0,32.0,22.0
63,花蓮,2019-02-26,48,3.0,5.0,nan,27.0,22.0,48.0,33.0
64,陽明,2019-02-26,48,1.0,2.0,nan,7.0,2.0,48.0,15.0
65,宜蘭,2019-02-26,44,3.0,5.0,nan,31.0,9.0,44.0,40.0
66,冬山,2019-02-26,41,3.0,3.0,nan,31.0,15.0,41.0,32.0
67,三重,2019-02-26,50,9.0,18.0,nan,50.0,48.0,nan,45.0
1,基隆,2019-02-26,47,3.0,7.0,nan,31.0,24.0,47.0,42.0
68,中壢,2019-02-26,61,9.0,18.0,nan,36.0,43.0,nan,61.0
69,竹山,2019-02-26,129,6.0,6.0,nan,63.0,22.0,129.0,128.0
70,永和,2019-02-26,40,4.0,7.0,nan,33.0,28.0,nan,40.0
71,復興,2019-02-26,113,10.0,11.0,nan,69.0,32.0,nan,113.0
72,埔里,2019-02-26,101,6.0,7.0,nan,56.0,28.0,101.0,88.0
77,金門,2019-02-26,82,7.0,5.0,nan,45.0,10.0,49.0,82.0
78,馬公,2019-02-26,72,3.0,3.0,nan,49.0,8.0,35.0,72.0
80,關山,2019-02-26,33,nan,nan,nan,18.0,8.0,33.0,30.0
83,麥寮,2019-02-26,64,7.0,6.0,nan,52.0,21.0,nan,64.0
84,富貴角,2019-02-26,54,1.0,2.0,nan,42.0,2.0,54.0,47.0
67,三重,2019-02-27,103,9.0,25.0,nan,76.0,87.0,nan,103.0
1,基隆,2019-02-27,68,6.0,10.0,nan,51.0,26.0,45.0,68.0
18,大園,2019-02-27,82,7.0,6.0,nan,57.0,29.0,47.0,82.0
36,南投,2019-02-27,99,6.0,7.0,nan,62.0,27.0,49.0,99.0
54,左營,2019-02-27,126,4.0,7.0,nan,61.0,22.0,126.0,118.0
75,馬祖,2019-02-27,118,4.0,6.0,nan,59.0,9.0,118.0,99.0
2,汐止,2019-02-27,93,11.0,11.0,nan,57.0,47.0,35.0,93.0
3,萬里,2019-02-27,72,4.0,6.0,nan,60.0,14.0,64.0,72.0
4,新店,2019-02-27,81,6.0,9.0,nan,41.0,33.0,36.0,81.0
5,土城,2019-02-27,109,7.0,11.0,nan,50.0,46.0,43.0,109.0
6,板橋,2019-02-27,107,10.0,18.0,nan,60.0,58.0,42.0,107.0
7,新莊,2019-02-27,92,7.0,14.0,nan,58.0,52.0,41.0,92.0
8,菜寮,2019-02-27,105,9.0,11.0,nan,57.0,50.0,41.0,105.0
9,林口,2019-02-27,70,11.0,6.0,nan,49.0,45.0,49.0,70.0
10,淡水,2019-02-27,72,6.0,7.0,nan,43.0,33.0,61.0,72.0
11,士林,2019-02-27,87,6.0,9.0,nan,54.0,40.0,50.0,87.0
12,中山,2019-02-27,104,13.0,20.0,nan,66.0,72.0,40.0,104.0
13,萬華,2019-02-27,96,9.0,15.0,nan,59.0,63.0,40.0,96.0
14,古亭,2019-02-27,100,6.0,14.0,nan,50.0,48.0,41.0,100.0
15,松山,2019-02-27,103,9.0,14.0,nan,62.0,53.0,39.0,103.0
16,大同,2019-02-27,93,7.0,27.0,nan,63.0,74.0,nan,93.0
17,桃園,2019-02-27,91,20.0,11.0,nan,54.0,48.0,36.0,91.0
19,觀音,2019-02-27,89,9.0,6.0,nan,58.0,22.0,54.0,89.0
20,平鎮,2019-02-27,88,6.0,10.0,nan,51.0,47.0,44.0,88.0
21,龍潭,2019-02-27,87,4.0,8.0,nan,55.0,32.0,46.0,87.0
22,湖口,2019-02-27,85,4.0,6.0,nan,55.0,31.0,64.0,85.0
23,竹東,2019-02-27,77,4.0,8.0,nan,45.0,23.0,31.0,77.0
24,新竹,2019-02-27,92,7.0,11.0,nan,51.0,47.0,44.0,92.0
25,頭份,2019-02-27,81,7.0,8.0,nan,50.0,36.0,nan,81.0
26,苗栗,2019-02-27,83,6.0,7.0,nan,44.0,29.0,38.0,83.0
27,三義,2019-02-27,81,10.0,5.0,nan,36.0,28.0,58.0,81.0
28,豐原,2019-02-27,67,6.0,5.0,nan,47.0,24.0,67.0,nan
29,沙鹿,2019-02-27,87,7.0,8.0,nan,50.0,51.0,48.0,87.0
30,大里,2019-02-27,79,9.0,8.0,nan,52.0,34.0,71.0,79.0
31,忠明,2019-02-27,90,7.0,9.0,nan,43.0,44.0,38.0,90.0
32,西屯,2019-02-27,89,11.0,8.0,nan,53.0,42.0,54.0,89.0
33,彰化,2019-02-27,84,9.0,8.0,nan,49.0,42.0,50.0,84.0
34,線西,2019-02-27,85,7.0,7.0,nan,54.0,42.0,nan,85.0
35,二林,2019-02-27,93,9.0,6.0,nan,73.0,23.0,46.0,93.0
37,斗六,2019-02-27,119,6.0,6.0,nan,64.0,20.0,118.0,119.0
38,崙背,2019-02-27,129,6.0,6.0,nan,64.0,19.0,77.0,129.0
39,新港,2019-02-27,122,3.0,6.0,nan,74.0,17.0,71.0,122.0
40,朴子,2019-02-27,110,4.0,6.0,nan,68.0,14.0,77.0,110.0
41,臺西,2019-02-27,105,11.0,5.0,nan,54.0,30.0,nan,105.0
42,嘉義,2019-02-27,127,10.0,7.0,nan,69.0,21.0,93.0,127.0
43,新營,2019-02-27,117,6.0,6.0,nan,66.0,21.0,54.0,117.0
44,善化,2019-02-27,121,4.0,5.0,nan,73.0,13.0,100.0,121.0
45,安南,2019-02-27,110,6.0,6.0,nan,72.0,23.0,108.0,110.0
46,臺南,2019-02-27,122,7.0,7.0,nan,66.0,30.0,100.0,122.0
47,美濃,2019-02-27,89,3.0,5.0,nan,65.0,10.0,87.0,89.0
48,橋頭,2019-02-27,120,6.0,6.0,nan,61.0,19.0,101.0,120.0
49,仁武,2019-02-27,116,29.0,7.0,nan,58.0,26.0,112.0,116.0
50,鳳山,2019-02-27,132,9.0,9.0,nan,65.0,35.0,nan,132.0
51,大寮,2019-02-27,111,17.0,6.0,nan,60.0,27.0,108.0,111.0
52,林園,2019-02-27,146,10.0,6.0,nan,71.0,31.0,146.0,118.0
53,楠梓,2019-02-27,126,4.0,6.0,nan,63.0,21.0,90.0,126.0
56,前金,2019-02-27,131,4.0,8.0,nan,67.0,18.0,122.0,131.0
57,前鎮,2019-02-27,103,10.0,8.0,nan,64.0,32.0,nan,103.0
58,小港,2019-02-27,109,7.0,7.0,nan,61.0,35.0,74.0,109.0
59,屏東,2019-02-27,151,9.0,8.0,nan,69.0,22.0,151.0,132.0
60,潮州,2019-02-27,132,4.0,5.0,nan,71.0,11.0,132.0,117.0
61,恆春,2019-02-27,44,1.0,2.0,nan,16.0,2.0,44.0,24.0
62,臺東,2019-02-27,28,1.0,5.0,nan,18.0,12.0,27.0,28.0
63,花蓮,2019-02-27,39,4.0,5.0,nan,24.0,16.0,39.0,35.0
64,陽明,2019-02-27,60,3.0,5.0,nan,34.0,15.0,51.0,60.0
65,宜蘭,2019-02-27,60,9.0,7.0,nan,49.0,22.0,43.0,60.0
66,冬山,2019-02-27,54,9.0,6.0,nan,46.0,23.0,36.0,54.0
68,中壢,2019-02-27,98,14.0,24.0,nan,54.0,57.0,nan,98.0
69,竹山,2019-02-27,138,3.0,6.0,nan,69.0,20.0,132.0,138.0
70,永和,2019-02-27,106,7.0,22.0,nan,53.0,54.0,nan,106.0
71,復興,2019-02-27,108,10.0,10.0,nan,67.0,33.0,nan,108.0
72,埔里,2019-02-27,136,4.0,6.0,nan,61.0,22.0,136.0,105.0
77,金門,2019-02-27,112,10.0,5.0,nan,58.0,17.0,54.0,112.0
78,馬公,2019-02-27,79,3.0,6.0,nan,41.0,19.0,44.0,79.0
80,關山,2019-02-27,32,nan,nan,nan,19.0,6.0,32.0,32.0
83,麥寮,2019-02-27,94,7.0,6.0,nan,65.0,19.0,nan,94.0
84,富貴角,2019-02-27,77,3.0,3.0,nan,59.0,8.0,64.0,77.0
18,大園,2019-02-28,40,6.0,3.0,nan,30.0,19.0,40.0,39.0
36,南投,2019-02-28,80,4.0,6.0,nan,48.0,25.0,40.0,80.0
54,左營,2019-02-28,96,6.0,6.0,nan,53.0,18.0,84.0,96.0
2,汐止,2019-02-28,41,6.0,6.0,nan,27.0,25.0,34.0,41.0
3,萬里,2019-02-28,50,3.0,3.0,nan,42.0,7.0,50.0,43.0
4,新店,2019-02-28,43,4.0,6.0,nan,22.0,25.0,36.0,43.0
5,土城,2019-02-28,56,6.0,6.0,nan,27.0,27.0,38.0,56.0
6,板橋,2019-02-28,50,9.0,7.0,nan,31.0,36.0,31.0,50.0
7,新莊,2019-02-28,42,6.0,5.0,nan,34.0,34.0,37.0,42.0
8,菜寮,2019-02-28,53,6.0,6.0,nan,29.0,37.0,36.0,53.0
9,林口,2019-02-28,37,4.0,3.0,nan,26.0,17.0,37.0,33.0
10,淡水,2019-02-28,42,1.0,5.0,nan,18.0,17.0,42.0,32.0
11,士林,2019-02-28,58,4.0,6.0,nan,32.0,24.0,41.0,58.0
12,中山,2019-02-28,49,7.0,7.0,nan,31.0,44.0,29.0,49.0
13,萬華,2019-02-28,44,6.0,6.0,nan,31.0,44.0,31.0,41.0
14,古亭,2019-02-28,47,3.0,7.0,nan,29.0,31.0,35.0,47.0
15,松山,2019-02-28,51,9.0,6.0,nan,32.0,31.0,31.0,51.0
16,大同,2019-02-28,44,6.0,12.0,nan,31.0,42.0,nan,44.0
17,桃園,2019-02-28,52,9.0,6.0,nan,34.0,26.0,29.0,52.0
19,觀音,2019-02-28,46,6.0,3.0,nan,31.0,9.0,40.0,46.0
20,平鎮,2019-02-28,62,6.0,6.0,nan,36.0,29.0,33.0,62.0
21,龍潭,2019-02-28,64,7.0,5.0,nan,45.0,35.0,37.0,64.0
22,湖口,2019-02-28,58,3.0,3.0,nan,39.0,23.0,38.0,58.0
23,竹東,2019-02-28,58,1.0,5.0,nan,31.0,17.0,25.0,58.0
24,新竹,2019-02-28,75,4.0,5.0,nan,42.0,32.0,31.0,75.0
25,頭份,2019-02-28,61,6.0,5.0,nan,39.0,32.0,nan,61.0
26,苗栗,2019-02-28,74,4.0,5.0,nan,44.0,24.0,25.0,74.0
27,三義,2019-02-28,80,14.0,5.0,nan,34.0,26.0,31.0,80.0
28,豐原,2019-02-28,78,6.0,5.0,nan,36.0,19.0,39.0,78.0
29,沙鹿,2019-02-28,78,4.0,6.0,nan,54.0,44.0,39.0,78.0
30,大里,2019-02-28,81,7.0,7.0,nan,48.0,25.0,44.0,81.0
31,忠明,2019-02-28,85,4.0,7.0,nan,39.0,40.0,31.0,85.0
32,西屯,2019-02-28,88,6.0,6.0,nan,54.0,35.0,42.0,88.0
33,彰化,2019-02-28,82,9.0,6.0,nan,56.0,27.0,38.0,82.0
34,線西,2019-02-28,86,13.0,8.0,nan,58.0,27.0,nan,86.0
35,二林,2019-02-28,95,11.0,6.0,nan,75.0,19.0,31.0,95.0
37,斗六,2019-02-28,122,9.0,6.0,nan,63.0,23.0,51.0,122.0
38,崙背,2019-02-28,122,10.0,5.0,nan,62.0,25.0,45.0,122.0
39,新港,2019-02-28,116,6.0,5.0,nan,70.0,18.0,43.0,116.0
40,朴子,2019-02-28,99,7.0,5.0,nan,62.0,16.0,46.0,99.0
41,臺西,2019-02-28,92,9.0,5.0,nan,46.0,16.0,nan,92.0
42,嘉義,2019-02-28,121,7.0,7.0,nan,68.0,22.0,46.0,121.0
43,新營,2019-02-28,106,4.0,6.0,nan,61.0,22.0,40.0,106.0
44,善化,2019-02-28,113,6.0,5.0,nan,66.0,19.0,61.0,113.0
45,安南,2019-02-28,103,4.0,5.0,nan,64.0,21.0,77.0,103.0
46,臺南,2019-02-28,106,6.0,6.0,nan,60.0,28.0,64.0,106.0
47,美濃,2019-02-28,80,3.0,5.0,nan,54.0,8.0,50.0,80.0
48,橋頭,2019-02-28,106,6.0,6.0,nan,54.0,18.0,87.0,106.0
49,仁武,2019-02-28,103,20.0,6.0,nan,51.0,27.0,80.0,103.0
50,鳳山,2019-02-28,94,10.0,6.0,nan,54.0,25.0,nan,94.0
51,大寮,2019-02-28,97,16.0,5.0,nan,52.0,19.0,67.0,97.0
52,林園,2019-02-28,98,13.0,6.0,nan,67.0,26.0,90.0,98.0
53,楠梓,2019-02-28,104,6.0,5.0,nan,54.0,18.0,71.0,104.0
56,前金,2019-02-28,109,4.0,6.0,nan,55.0,22.0,90.0,109.0
57,前鎮,2019-02-28,76,11.0,6.0,nan,56.0,25.0,nan,76.0
58,小港,2019-02-28,84,9.0,6.0,nan,56.0,24.0,58.0,84.0
59,屏東,2019-02-28,107,4.0,6.0,nan,60.0,13.0,101.0,107.0
1,基隆,2019-02-28,44,3.0,6.0,nan,28.0,23.0,44.0,36.0
60,潮州,2019-02-28,87,3.0,5.0,nan,57.0,14.0,44.0,87.0
61,恆春,2019-02-28,37,3.0,2.0,nan,10.0,2.0,37.0,16.0
62,臺東,2019-02-28,26,3.0,3.0,nan,15.0,10.0,26.0,13.0
63,花蓮,2019-02-28,44,1.0,5.0,nan,26.0,14.0,38.0,44.0
64,陽明,2019-02-28,39,3.0,3.0,nan,10.0,5.0,39.0,18.0
65,宜蘭,2019-02-28,49,3.0,5.0,nan,32.0,12.0,38.0,49.0
66,冬山,2019-02-28,40,1.0,5.0,nan,31.0,12.0,40.0,35.0
67,三重,2019-02-28,44,6.0,14.0,nan,39.0,42.0,nan,44.0
68,中壢,2019-02-28,68,6.0,12.0,nan,39.0,38.0,nan,68.0
69,竹山,2019-02-28,117,7.0,5.0,nan,58.0,23.0,74.0,117.0
70,永和,2019-02-28,47,4.0,8.0,nan,26.0,24.0,nan,47.0
71,復興,2019-02-28,87,9.0,8.0,nan,56.0,29.0,nan,87.0
72,埔里,2019-02-28,90,6.0,6.0,nan,53.0,20.0,90.0,88.0
75,馬祖,2019-02-28,42,3.0,3.0,nan,21.0,8.0,42.0,33.0
77,金門,2019-02-28,101,11.0,6.0,nan,54.0,17.0,43.0,101.0
78,馬公,2019-02-28,57,1.0,3.0,nan,26.0,10.0,31.0,57.0
80,關山,2019-02-28,30,nan,nan,nan,13.0,4.0,30.0,25.0
83,麥寮,2019-02-28,91,4.0,5.0,nan,75.0,19.0,nan,91.0
84,富貴角,2019-02-28,47,1.0,2.0,nan,31.0,3.0,47.0,38.0
