siteid,sitename,monitordate,aqi,so2subindex,cosubindex,o3subindex,pm10subindex,no2subindex,o38subindex,pm25subindex
83,麥寮,2021-10-01,63,18,2,nan,36,25,nan,63
41,臺西,2021-10-01,58,12,2,nan,30,32,nan,58
68,中壢,2021-10-01,67,8,15,nan,39,62,nan,67
3,萬里,2021-10-01,90,0,2,nan,36,15,90.0,34
67,三重,2021-10-01,69,8,15,nan,33,69,nan,63
2,汐止,2021-10-01,49,28,5,nan,26,42,46.0,49
66,冬山,2021-10-01,38,8,2,nan,23,20,38.0,32
9,林口,2021-10-01,77,5,3,nan,27,48,77.0,58
42,嘉義,2021-10-01,101,10,3,nan,38,20,101.0,74
10,淡水,2021-10-01,71,8,3,nan,26,25,71.0,53
65,宜蘭,2021-10-01,50,15,2,nan,17,13,50.0,36
11,士林,2021-10-01,74,12,3,nan,31,32,74.0,56
1,基隆,2021-10-01,80,2,3,nan,25,28,80.0,41
43,新營,2021-10-01,64,5,3,nan,36,20,58.0,64
12,中山,2021-10-01,54,2,8,nan,29,51,43.0,54
64,陽明,2021-10-01,77,8,2,nan,24,8,77.0,57
44,善化,2021-10-01,58,8,2,nan,26,32,54.0,58
13,萬華,2021-10-01,56,8,6,nan,29,53,45.0,56
45,安南,2021-10-01,77,5,3,nan,36,32,77.0,66
46,臺南,2021-10-01,84,2,3,nan,31,17,84.0,61
14,古亭,2021-10-01,54,10,5,nan,24,37,54.0,51
47,美濃,2021-10-01,71,2,2,nan,37,17,71.0,69
48,橋頭,2021-10-01,75,5,3,nan,38,38,67.0,75
15,松山,2021-10-01,53,12,5,nan,30,47,49.0,53
49,仁武,2021-10-01,67,10,2,nan,33,32,58.0,67
16,大同,2021-10-01,67,8,18,nan,42,67,nan,63
17,桃園,2021-10-01,93,40,6,nan,34,47,93.0,67
50,鳳山,2021-10-01,74,5,6,nan,34,33,nan,74
51,大寮,2021-10-01,71,12,3,nan,39,23,61.0,71
18,大園,2021-10-01,90,10,5,nan,41,48,90.0,61
52,林園,2021-10-01,75,10,2,nan,40,27,51.0,75
53,楠梓,2021-10-01,64,2,3,nan,36,22,54.0,64
19,觀音,2021-10-01,112,10,3,nan,32,43,112.0,64
20,平鎮,2021-10-01,74,5,5,nan,30,45,74.0,67
54,左營,2021-10-01,60,2,2,nan,33,20,54.0,60
56,前金,2021-10-01,62,2,2,nan,29,17,51.0,62
21,龍潭,2021-10-01,97,8,5,nan,36,37,97.0,72
57,前鎮,2021-10-01,58,8,3,nan,33,25,nan,58
34,線西,2021-10-01,78,20,3,nan,61,32,nan,78
22,湖口,2021-10-01,97,8,3,nan,35,32,97.0,73
33,彰化,2021-10-01,74,18,5,nan,41,33,71.0,74
32,西屯,2021-10-01,87,25,6,nan,51,55,64.0,87
23,竹東,2021-10-01,90,5,3,nan,30,27,90.0,65
31,忠明,2021-10-01,85,22,6,nan,42,48,74.0,85
30,大里,2021-10-01,101,12,6,nan,47,35,101.0,89
63,花蓮,2021-10-01,35,2,2,nan,18,13,35.0,33
29,沙鹿,2021-10-01,84,25,6,nan,46,37,71.0,84
62,臺東,2021-10-01,34,2,2,nan,23,8,31.0,34
24,新竹,2021-10-01,84,10,5,nan,33,38,84.0,71
61,恆春,2021-10-01,43,2,1,nan,21,2,43.0,40
60,潮州,2021-10-01,84,10,2,nan,36,18,84.0,68
28,豐原,2021-10-01,108,8,6,nan,43,20,108.0,88
25,頭份,2021-10-01,70,20,5,nan,38,32,nan,70
59,屏東,2021-10-01,74,5,5,nan,41,25,74.0,71
27,三義,2021-10-01,108,8,3,nan,36,13,108.0,79
26,苗栗,2021-10-01,90,10,5,nan,38,27,90.0,73
35,二林,2021-10-01,87,5,3,nan,52,18,61.0,87
75,馬祖,2021-10-01,112,2,2,nan,21,13,112.0,38
4,新店,2021-10-01,71,10,5,nan,28,35,71.0,53
84,富貴角,2021-10-01,101,0,2,nan,38,3,101.0,31
72,埔里,2021-10-01,93,5,3,nan,38,17,93.0,80
5,土城,2021-10-01,80,10,6,nan,32,45,80.0,60
36,南投,2021-10-01,87,12,6,nan,41,35,87.0,83
80,關山,2021-10-01,31,2,1,nan,19,7,31.0,27
71,復興,2021-10-01,64,5,6,nan,29,32,nan,64
58,小港,2021-10-01,68,12,3,nan,34,37,46.0,68
37,斗六,2021-10-01,100,8,5,nan,48,27,100.0,83
6,板橋,2021-10-01,77,10,6,nan,29,43,77.0,60
70,永和,2021-10-01,58,10,12,nan,28,55,nan,58
78,馬公,2021-10-01,50,2,1,nan,18,7,50.0,38
38,崙背,2021-10-01,85,5,2,nan,46,27,64.0,85
77,金門,2021-10-01,80,5,2,nan,25,15,80.0,43
69,竹山,2021-10-01,122,10,3,nan,39,25,122.0,82
85,大城,2021-10-01,77,8,1,nan,30,13,77.0,61
7,新莊,2021-10-01,74,10,5,nan,32,40,74.0,57
39,新港,2021-10-01,77,10,3,nan,43,23,74.0,77
40,朴子,2021-10-01,62,5,3,nan,37,20,49.0,62
8,菜寮,2021-10-01,64,10,7,nan,27,57,64.0,58
48,橋頭,2021-10-02,100,5,3,nan,42,27,100.0,83
52,林園,2021-10-02,126,12,3,nan,45,27,126.0,87
47,美濃,2021-10-02,97,5,3,nan,38,10,97.0,68
53,楠梓,2021-10-02,97,5,5,nan,42,42,97.0,80
50,鳳山,2021-10-02,88,12,6,nan,40,33,nan,88
54,左營,2021-10-02,112,8,5,nan,42,37,112.0,83
46,臺南,2021-10-02,126,8,3,nan,44,18,126.0,78
45,安南,2021-10-02,136,8,3,nan,41,20,136.0,73
49,仁武,2021-10-02,101,10,3,nan,38,28,101.0,80
56,前金,2021-10-02,132,8,5,nan,36,32,132.0,76
51,大寮,2021-10-02,90,30,5,nan,43,45,90.0,85
44,善化,2021-10-02,118,10,2,nan,30,18,118.0,65
57,前鎮,2021-10-02,76,18,8,nan,41,54,nan,76
58,小港,2021-10-02,100,32,5,nan,46,47,100.0,88
59,屏東,2021-10-02,84,5,5,nan,39,27,84.0,74
60,潮州,2021-10-02,115,8,2,nan,33,12,115.0,67
43,新營,2021-10-02,132,8,3,nan,43,15,132.0,74
61,恆春,2021-10-02,42,2,1,nan,16,2,42.0,26
42,嘉義,2021-10-02,126,12,3,nan,43,18,126.0,81
62,臺東,2021-10-02,38,2,2,nan,20,10,38.0,29
41,臺西,2021-10-02,63,10,3,nan,40,17,nan,63
63,花蓮,2021-10-02,46,2,2,nan,21,12,46.0,27
40,朴子,2021-10-02,122,8,3,nan,44,15,122.0,69
64,陽明,2021-10-02,48,5,1,nan,16,7,48.0,44
65,宜蘭,2021-10-02,48,8,2,nan,21,8,48.0,34
39,新港,2021-10-02,108,12,3,nan,49,20,108.0,81
38,崙背,2021-10-02,100,15,5,nan,56,32,100.0,94
66,冬山,2021-10-02,44,8,2,nan,26,15,44.0,32
67,三重,2021-10-02,55,8,12,nan,24,55,nan,39
68,中壢,2021-10-02,50,8,10,nan,34,50,nan,42
37,斗六,2021-10-02,122,15,5,nan,50,20,122.0,85
69,竹山,2021-10-02,136,8,3,nan,39,17,136.0,79
70,永和,2021-10-02,39,5,5,nan,21,22,nan,39
71,復興,2021-10-02,83,15,7,nan,38,50,nan,83
36,南投,2021-10-02,112,5,3,nan,38,25,112.0,77
72,埔里,2021-10-02,118,5,3,nan,34,13,118.0,72
75,馬祖,2021-10-02,90,2,1,nan,21,10,90.0,35
35,二林,2021-10-02,100,15,6,nan,61,23,100.0,85
34,線西,2021-10-02,68,22,5,nan,44,42,nan,68
77,金門,2021-10-02,80,5,2,nan,25,10,80.0,43
78,馬公,2021-10-02,84,2,2,nan,26,5,84.0,44
33,彰化,2021-10-02,104,22,5,nan,41,32,104.0,70
80,關山,2021-10-02,28,2,1,nan,18,7,28.0,27
83,麥寮,2021-10-02,68,10,3,nan,41,20,nan,68
32,西屯,2021-10-02,93,5,5,nan,44,43,93.0,70
31,忠明,2021-10-02,104,8,5,nan,35,38,104.0,69
84,富貴角,2021-10-02,74,8,1,nan,24,10,74.0,22
85,大城,2021-10-02,108,10,3,nan,40,15,108.0,72
30,大里,2021-10-02,132,5,5,nan,40,33,132.0,77
29,沙鹿,2021-10-02,97,5,5,nan,40,32,97.0,68
28,豐原,2021-10-02,100,8,5,nan,34,20,100.0,65
27,三義,2021-10-02,112,5,2,nan,31,15,112.0,62
26,苗栗,2021-10-02,64,15,3,nan,33,30,64.0,60
25,頭份,2021-10-02,55,5,3,nan,31,27,nan,55
24,新竹,2021-10-02,67,5,3,nan,27,27,67.0,53
23,竹東,2021-10-02,77,2,2,nan,24,17,77.0,55
22,湖口,2021-10-02,58,5,2,nan,26,25,58.0,42
21,龍潭,2021-10-02,71,5,3,nan,24,22,71.0,41
20,平鎮,2021-10-02,49,8,3,nan,21,25,49.0,44
19,觀音,2021-10-02,48,12,2,nan,27,43,48.0,44
18,大園,2021-10-02,46,8,2,nan,27,42,46.0,28
17,桃園,2021-10-02,51,48,3,nan,23,32,51.0,40
16,大同,2021-10-02,54,8,9,nan,30,54,nan,41
15,松山,2021-10-02,44,12,2,nan,23,30,44.0,34
14,古亭,2021-10-02,45,8,2,nan,19,23,45.0,36
13,萬華,2021-10-02,42,10,3,nan,22,28,42.0,35
12,中山,2021-10-02,40,5,5,nan,22,30,40.0,31
11,士林,2021-10-02,46,15,1,nan,21,17,46.0,36
10,淡水,2021-10-02,44,5,2,nan,20,18,44.0,41
9,林口,2021-10-02,45,5,2,nan,20,22,45.0,33
8,菜寮,2021-10-02,46,8,3,nan,19,25,46.0,40
7,新莊,2021-10-02,48,5,3,nan,29,25,48.0,37
6,板橋,2021-10-02,46,8,3,nan,21,25,46.0,40
5,土城,2021-10-02,47,2,3,nan,20,35,47.0,32
4,新店,2021-10-02,44,2,3,nan,19,18,44.0,33
3,萬里,2021-10-02,58,2,2,nan,27,13,58.0,25
2,汐止,2021-10-02,44,5,2,nan,20,37,44.0,30
1,基隆,2021-10-02,51,2,2,nan,18,25,51.0,30
9,林口,2021-10-03,44,2,2,nan,17.0,13,44.0,22
43,新營,2021-10-03,93,2,3,nan,nan,20,93.0,66
72,埔里,2021-10-03,112,5,3,nan,31.0,15,112.0,66
10,淡水,2021-10-03,42,5,1,nan,15.0,3,42.0,16
58,小港,2021-10-03,132,22,3,nan,36.0,47,132.0,74
11,士林,2021-10-03,44,5,1,nan,20.0,7,44.0,22
12,中山,2021-10-03,36,0,3,nan,19.0,28,36.0,26
13,萬華,2021-10-03,38,2,2,nan,17.0,23,38.0,28
44,善化,2021-10-03,77,5,2,nan,27.0,28,77.0,55
71,復興,2021-10-03,72,8,5,nan,34.0,22,nan,72
14,古亭,2021-10-03,43,2,1,nan,17.0,13,43.0,25
15,松山,2021-10-03,39,2,2,nan,26.0,18,39.0,23
16,大同,2021-10-03,43,5,6,nan,30.0,43,nan,38
57,前鎮,2021-10-03,67,10,5,nan,36.0,25,nan,67
70,永和,2021-10-03,27,0,2,nan,19.0,17,nan,27
17,桃園,2021-10-03,44,22,2,nan,20.0,17,44.0,28
18,大園,2021-10-03,46,2,3,nan,33.0,20,46.0,26
69,竹山,2021-10-03,129,5,3,nan,41.0,17,129.0,90
19,觀音,2021-10-03,48,30,1,nan,25.0,15,48.0,31
20,平鎮,2021-10-03,45,2,2,nan,16.0,18,45.0,30
45,安南,2021-10-03,80,5,3,nan,32.0,12,80.0,54
68,中壢,2021-10-03,52,2,10,nan,26.0,52,nan,29
21,龍潭,2021-10-03,49,2,2,nan,19.0,17,49.0,25
22,湖口,2021-10-03,84,2,2,nan,23.0,17,84.0,36
67,三重,2021-10-03,48,2,9,nan,21.0,48,nan,28
46,臺南,2021-10-03,84,2,3,nan,36.0,13,84.0,60
23,竹東,2021-10-03,118,2,3,nan,22.0,15,118.0,53
24,新竹,2021-10-03,90,2,3,nan,24.0,30,90.0,53
47,美濃,2021-10-03,90,2,2,nan,32.0,8,90.0,61
66,冬山,2021-10-03,42,5,2,nan,21.0,13,42.0,25
48,橋頭,2021-10-03,118,5,3,nan,38.0,20,118.0,71
25,頭份,2021-10-03,58,18,3,nan,29.0,27,nan,58
26,苗栗,2021-10-03,115,8,3,nan,34.0,25,115.0,69
27,三義,2021-10-03,118,5,3,nan,36.0,13,118.0,72
65,宜蘭,2021-10-03,44,2,2,nan,19.0,10,44.0,29
49,仁武,2021-10-03,129,5,3,nan,35.0,22,129.0,67
56,前金,2021-10-03,126,10,5,nan,35.0,28,126.0,71
28,豐原,2021-10-03,118,8,3,nan,37.0,20,118.0,72
64,陽明,2021-10-03,47,8,1,nan,12.0,5,47.0,22
63,花蓮,2021-10-03,44,0,2,nan,19.0,12,44.0,21
29,沙鹿,2021-10-03,154,10,6,nan,52.0,43,154.0,85
30,大里,2021-10-03,151,8,6,nan,45.0,28,151.0,86
31,忠明,2021-10-03,143,12,6,nan,46.0,38,143.0,82
50,鳳山,2021-10-03,79,10,6,nan,35.0,35,nan,79
62,臺東,2021-10-03,41,2,1,nan,19.0,7,41.0,21
32,西屯,2021-10-03,136,12,5,nan,50.0,37,136.0,86
33,彰化,2021-10-03,129,35,6,nan,51.0,37,129.0,88
51,大寮,2021-10-03,129,15,5,nan,42.0,20,129.0,87
61,恆春,2021-10-03,44,2,1,nan,16.0,2,44.0,22
34,線西,2021-10-03,82,25,3,nan,58.0,23,nan,82
35,二林,2021-10-03,100,5,5,nan,60.0,18,100.0,87
36,南投,2021-10-03,126,12,5,nan,45.0,22,126.0,91
60,潮州,2021-10-03,140,8,3,nan,34.0,12,140.0,67
54,左營,2021-10-03,126,10,5,nan,39.0,30,126.0,70
1,基隆,2021-10-03,43,2,2,nan,19.0,12,43.0,28
52,林園,2021-10-03,115,8,3,nan,39.0,17,115.0,82
85,大城,2021-10-03,90,8,2,nan,39.0,15,90.0,56
37,斗六,2021-10-03,132,8,3,nan,45.0,18,132.0,79
84,富貴角,2021-10-03,50,5,1,nan,24.0,8,50.0,18
83,麥寮,2021-10-03,62,12,2,nan,41.0,17,nan,62
38,崙背,2021-10-03,112,10,2,nan,46.0,32,112.0,76
80,關山,2021-10-03,37,2,1,nan,18.0,5,37.0,18
53,楠梓,2021-10-03,118,8,5,nan,39.0,17,118.0,67
78,馬公,2021-10-03,80,5,1,nan,29.0,5,80.0,33
77,金門,2021-10-03,87,8,2,nan,35.0,15,87.0,43
2,汐止,2021-10-03,38,2,2,nan,17.0,18,38.0,25
3,萬里,2021-10-03,42,12,1,nan,20.0,17,42.0,22
39,新港,2021-10-03,90,8,3,nan,38.0,13,90.0,70
4,新店,2021-10-03,43,5,2,nan,18.0,12,43.0,23
5,土城,2021-10-03,43,0,2,nan,17.0,12,43.0,24
59,屏東,2021-10-03,146,12,3,nan,39.0,17,146.0,71
6,板橋,2021-10-03,43,0,2,nan,18.0,20,43.0,28
7,新莊,2021-10-03,44,2,2,nan,27.0,15,44.0,25
40,朴子,2021-10-03,77,8,3,nan,39.0,18,77.0,59
75,馬祖,2021-10-03,58,0,1,nan,20.0,5,58.0,29
41,臺西,2021-10-03,51,15,2,nan,37.0,27,nan,51
8,菜寮,2021-10-03,42,2,2,nan,16.0,15,42.0,28
42,嘉義,2021-10-03,101,10,2,nan,35.0,15,101.0,66
43,新營,2021-10-04,52,2,2,nan,nan,18,38.0,52
67,三重,2021-10-04,48,2,9,nan,25.0,48,nan,36
42,嘉義,2021-10-04,74,5,2,nan,33.0,20,74.0,58
68,中壢,2021-10-04,57,2,11,nan,26.0,57,nan,30
41,臺西,2021-10-04,71,12,3,nan,46.0,28,nan,71
69,竹山,2021-10-04,126,5,2,nan,39.0,18,126.0,78
40,朴子,2021-10-04,50,5,2,nan,37.0,28,50.0,46
70,永和,2021-10-04,29,0,3,nan,20.0,20,nan,29
39,新港,2021-10-04,63,12,2,nan,41.0,25,54.0,63
38,崙背,2021-10-04,93,10,2,nan,48.0,28,93.0,79
71,復興,2021-10-04,51,5,5,nan,31.0,33,nan,51
37,斗六,2021-10-04,101,8,2,nan,43.0,23,101.0,69
72,埔里,2021-10-04,104,5,3,nan,36.0,20,104.0,71
75,馬祖,2021-10-04,38,0,1,nan,29.0,5,38.0,37
36,南投,2021-10-04,126,8,3,nan,46.0,32,126.0,85
77,金門,2021-10-04,43,8,1,nan,41.0,12,43.0,37
78,馬公,2021-10-04,58,2,1,nan,34.0,7,58.0,39
35,二林,2021-10-04,97,2,2,nan,65.0,15,97.0,93
34,線西,2021-10-04,78,12,3,nan,51.0,25,nan,78
80,關山,2021-10-04,32,2,1,nan,18.0,5,32.0,20
33,彰化,2021-10-04,140,12,5,nan,47.0,33,140.0,75
83,麥寮,2021-10-04,67,8,2,nan,44.0,20,nan,67
32,西屯,2021-10-04,108,25,6,nan,55.0,45,108.0,88
31,忠明,2021-10-04,108,18,7,nan,48.0,53,108.0,86
84,富貴角,2021-10-04,43,0,1,nan,28.0,2,43.0,25
30,大里,2021-10-04,150,12,6,nan,51.0,50,150.0,88
29,沙鹿,2021-10-04,104,40,6,nan,53.0,51,104.0,85
28,豐原,2021-10-04,151,15,5,nan,46.0,27,151.0,85
27,三義,2021-10-04,126,8,3,nan,42.0,15,126.0,83
26,苗栗,2021-10-04,129,8,5,nan,44.0,25,129.0,84
25,頭份,2021-10-04,87,10,5,nan,45.0,27,nan,87
24,新竹,2021-10-04,126,8,5,nan,38.0,40,126.0,67
23,竹東,2021-10-04,136,5,3,nan,34.0,22,136.0,68
22,湖口,2021-10-04,126,8,2,nan,31.0,30,126.0,57
21,龍潭,2021-10-04,46,10,2,nan,21.0,30,46.0,27
20,平鎮,2021-10-04,34,2,2,nan,17.0,25,34.0,26
19,觀音,2021-10-04,45,15,2,nan,26.0,18,45.0,34
18,大園,2021-10-04,32,2,2,nan,30.0,22,32.0,25
17,桃園,2021-10-04,33,20,2,nan,19.0,20,33.0,29
16,大同,2021-10-04,51,5,10,nan,38.0,51,nan,42
15,松山,2021-10-04,29,2,2,nan,24.0,23,28.0,29
14,古亭,2021-10-04,34,0,1,nan,18.0,18,34.0,28
13,萬華,2021-10-04,32,2,3,nan,22.0,32,27.0,30
12,中山,2021-10-04,42,2,5,nan,23.0,42,27.0,30
11,士林,2021-10-04,34,0,1,nan,25.0,12,34.0,27
10,淡水,2021-10-04,33,2,1,nan,19.0,7,33.0,23
9,林口,2021-10-04,28,2,2,nan,23.0,22,28.0,25
8,菜寮,2021-10-04,32,2,2,nan,21.0,22,32.0,31
7,新莊,2021-10-04,33,2,2,nan,33.0,17,32.0,26
6,板橋,2021-10-04,31,0,2,nan,20.0,27,31.0,28
5,土城,2021-10-04,32,0,2,nan,18.0,17,32.0,22
4,新店,2021-10-04,33,2,2,nan,19.0,15,33.0,24
3,萬里,2021-10-04,37,15,1,nan,27.0,12,37.0,28
2,汐止,2021-10-04,30,2,1,nan,22.0,15,27.0,30
1,基隆,2021-10-04,34,2,1,nan,25.0,10,34.0,33
85,大城,2021-10-04,101,10,2,nan,43.0,13,101.0,68
56,前金,2021-10-04,48,2,2,nan,29.0,13,46.0,48
57,前鎮,2021-10-04,41,5,3,nan,33.0,27,nan,41
54,左營,2021-10-04,49,5,2,nan,32.0,15,49.0,49
58,小港,2021-10-04,53,5,3,nan,34.0,32,43.0,53
53,楠梓,2021-10-04,51,5,3,nan,36.0,35,51.0,50
59,屏東,2021-10-04,80,5,3,nan,37.0,20,80.0,55
52,林園,2021-10-04,69,10,3,nan,40.0,17,51.0,69
60,潮州,2021-10-04,61,8,2,nan,nan,12,61.0,56
51,大寮,2021-10-04,65,15,3,nan,39.0,27,61.0,65
61,恆春,2021-10-04,37,2,1,nan,17.0,0,37.0,20
50,鳳山,2021-10-04,59,5,8,nan,34.0,35,nan,59
49,仁武,2021-10-04,53,2,2,nan,29.0,28,49.0,53
62,臺東,2021-10-04,33,2,2,nan,23.0,8,33.0,24
48,橋頭,2021-10-04,57,5,3,nan,36.0,30,47.0,57
47,美濃,2021-10-04,61,5,2,nan,30.0,13,61.0,55
46,臺南,2021-10-04,48,2,2,nan,35.0,17,48.0,47
63,花蓮,2021-10-04,37,0,2,nan,16.0,12,37.0,22
64,陽明,2021-10-04,34,8,1,nan,13.0,7,34.0,22
45,安南,2021-10-04,51,8,3,nan,36.0,23,51.0,49
44,善化,2021-10-04,49,8,2,nan,28.0,32,48.0,49
65,宜蘭,2021-10-04,36,0,2,nan,20.0,12,36.0,27
66,冬山,2021-10-04,30,2,2,nan,25.0,28,30.0,24
10,淡水,2021-10-05,35,2,1,nan,21,8,35.0,28
64,陽明,2021-10-05,36,8,1,nan,17,7,36.0,23
46,臺南,2021-10-05,58,5,3,nan,39,37,58.0,53
9,林口,2021-10-05,33,0,2,nan,24,23,33.0,31
47,美濃,2021-10-05,71,5,2,nan,33,15,71.0,55
39,新港,2021-10-05,72,8,3,nan,47,28,49.0,72
8,菜寮,2021-10-05,37,2,2,nan,24,20,32.0,37
63,花蓮,2021-10-05,36,0,2,nan,21,17,36.0,23
62,臺東,2021-10-05,50,2,1,nan,50,10,34.0,28
7,新莊,2021-10-05,34,2,2,nan,33,20,34.0,33
61,恆春,2021-10-05,38,2,1,nan,21,0,38.0,33
48,橋頭,2021-10-05,60,8,3,nan,37,45,50.0,60
60,潮州,2021-10-05,104,15,3,nan,39,17,104.0,58
59,屏東,2021-10-05,112,8,3,nan,40,23,112.0,62
26,苗栗,2021-10-05,166,12,6,nan,53,37,166.0,105
84,富貴角,2021-10-05,45,0,0,nan,30,5,45.0,28
58,小港,2021-10-05,57,5,3,nan,34,47,45.0,57
6,板橋,2021-10-05,36,0,2,nan,23,25,34.0,36
27,三義,2021-10-05,197,18,5,nan,58,20,197.0,110
38,崙背,2021-10-05,93,10,3,nan,56,50,93.0,88
49,仁武,2021-10-05,53,5,3,nan,33,32,44.0,53
57,前鎮,2021-10-05,48,5,3,nan,36,27,nan,48
25,頭份,2021-10-05,82,15,6,nan,43,42,nan,82
5,土城,2021-10-05,34,0,2,nan,24,18,34.0,26
56,前金,2021-10-05,53,2,3,nan,31,17,50.0,53
80,關山,2021-10-05,35,2,1,nan,23,5,35.0,23
50,鳳山,2021-10-05,63,5,8,nan,34,40,nan,63
24,新竹,2021-10-05,80,10,3,nan,30,32,80.0,41
54,左營,2021-10-05,52,5,2,nan,32,27,51.0,52
1,基隆,2021-10-05,40,0,1,nan,27,12,33.0,40
28,豐原,2021-10-05,179,12,6,nan,57,28,179.0,111
53,楠梓,2021-10-05,56,10,3,nan,39,40,54.0,56
4,新店,2021-10-05,36,2,1,nan,22,15,36.0,29
51,大寮,2021-10-05,65,12,3,nan,43,33,44.0,65
3,萬里,2021-10-05,34,8,1,nan,33,17,34.0,32
40,朴子,2021-10-05,67,5,3,nan,48,30,67.0,60
2,汐止,2021-10-05,32,0,1,nan,23,27,31.0,32
52,林園,2021-10-05,67,12,3,nan,39,22,48.0,67
37,斗六,2021-10-05,122,8,3,nan,45,28,122.0,75
77,金門,2021-10-05,49,2,1,nan,48,8,49.0,37
41,臺西,2021-10-05,74,8,2,nan,51,27,nan,74
23,竹東,2021-10-05,90,5,3,nan,25,20,90.0,54
36,南投,2021-10-05,126,8,3,nan,45,35,126.0,87
29,沙鹿,2021-10-05,164,25,5,nan,57,37,164.0,96
22,湖口,2021-10-05,39,2,1,nan,26,18,39.0,34
75,馬祖,2021-10-05,43,2,1,nan,33,5,43.0,40
35,二林,2021-10-05,100,8,3,nan,73,23,100.0,92
21,龍潭,2021-10-05,37,2,1,nan,25,15,37.0,22
30,大里,2021-10-05,150,8,6,nan,54,59,150.0,93
20,平鎮,2021-10-05,36,2,2,nan,21,20,36.0,31
19,觀音,2021-10-05,41,2,1,nan,41,18,38.0,33
85,大城,2021-10-05,118,8,2,nan,55,20,118.0,79
34,線西,2021-10-05,97,10,5,nan,61,37,nan,97
18,大園,2021-10-05,42,2,1,nan,42,23,33.0,29
42,嘉義,2021-10-05,101,5,2,nan,39,18,101.0,66
17,桃園,2021-10-05,31,5,2,nan,23,20,28.0,31
72,埔里,2021-10-05,132,5,3,nan,41,18,132.0,84
43,新營,2021-10-05,61,8,3,nan,41,20,41.0,61
31,忠明,2021-10-05,154,10,5,nan,52,58,154.0,96
33,彰化,2021-10-05,129,35,5,nan,50,38,129.0,86
71,復興,2021-10-05,56,5,5,nan,33,32,nan,56
14,古亭,2021-10-05,37,0,1,nan,20,15,37.0,31
13,萬華,2021-10-05,32,0,2,nan,25,30,31.0,32
70,永和,2021-10-05,31,2,3,nan,23,27,nan,31
16,大同,2021-10-05,50,5,8,nan,40,50,nan,44
69,竹山,2021-10-05,129,5,2,nan,42,23,129.0,79
12,中山,2021-10-05,32,2,5,nan,27,32,29.0,32
32,西屯,2021-10-05,143,10,5,nan,59,54,143.0,99
68,中壢,2021-10-05,45,2,9,nan,32,45,nan,32
67,三重,2021-10-05,59,2,10,nan,30,59,nan,38
66,冬山,2021-10-05,30,5,3,nan,24,23,30.0,24
78,馬公,2021-10-05,58,2,2,nan,35,10,58.0,45
44,善化,2021-10-05,71,10,2,nan,29,28,71.0,49
11,士林,2021-10-05,37,0,1,nan,28,12,37.0,29
15,松山,2021-10-05,33,2,2,nan,30,28,33.0,31
65,宜蘭,2021-10-05,35,2,1,nan,20,10,35.0,28
83,麥寮,2021-10-05,81,12,5,nan,54,30,nan,81
45,安南,2021-10-05,64,5,5,nan,40,33,64.0,56
1,基隆,2021-10-06,24,5,1,nan,16,10,20.0,24
2,汐止,2021-10-06,23,0,1,nan,12,23,18.0,15
3,萬里,2021-10-06,26,25,1,nan,19,18,26.0,19
4,新店,2021-10-06,22,2,1,nan,12,17,22.0,20
5,土城,2021-10-06,21,0,2,nan,12,17,21.0,14
6,板橋,2021-10-06,25,0,2,nan,12,25,21.0,21
7,新莊,2021-10-06,24,2,2,nan,24,15,20.0,19
8,菜寮,2021-10-06,24,0,2,nan,15,17,20.0,24
9,林口,2021-10-06,21,0,1,nan,15,17,20.0,21
10,淡水,2021-10-06,23,0,1,nan,12,5,23.0,12
11,士林,2021-10-06,23,0,1,nan,14,10,23.0,18
12,中山,2021-10-06,33,0,3,nan,18,33,17.0,22
13,萬華,2021-10-06,33,0,2,nan,14,33,19.0,22
14,古亭,2021-10-06,22,0,1,nan,12,10,22.0,20
15,松山,2021-10-06,27,2,2,nan,16,27,19.0,22
16,大同,2021-10-06,39,5,6,nan,29,33,nan,39
17,桃園,2021-10-06,22,10,2,nan,14,17,22.0,19
18,大園,2021-10-06,36,2,1,nan,36,20,22.0,16
19,觀音,2021-10-06,26,2,1,nan,26,15,26.0,19
20,平鎮,2021-10-06,23,2,2,nan,12,20,23.0,21
21,龍潭,2021-10-06,24,0,1,nan,16,17,24.0,13
22,湖口,2021-10-06,30,2,2,nan,20,22,30.0,26
23,竹東,2021-10-06,108,8,3,nan,30,37,108.0,61
24,新竹,2021-10-06,101,5,3,nan,25,47,101.0,45
25,頭份,2021-10-06,83,15,6,nan,46,50,nan,83
26,苗栗,2021-10-06,122,12,5,nan,45,35,122.0,84
27,三義,2021-10-06,156,12,5,nan,50,27,156.0,89
28,豐原,2021-10-06,156,12,5,nan,48,42,156.0,89
29,沙鹿,2021-10-06,115,15,5,nan,51,42,115.0,81
30,大里,2021-10-06,166,12,6,nan,53,37,166.0,93
31,忠明,2021-10-06,143,12,6,nan,47,50,143.0,85
32,西屯,2021-10-06,126,18,5,nan,52,43,126.0,88
33,彰化,2021-10-06,132,38,5,nan,45,27,132.0,75
34,線西,2021-10-06,78,25,5,nan,51,32,nan,78
35,二林,2021-10-06,112,12,3,nan,60,28,112.0,79
36,南投,2021-10-06,197,15,5,nan,50,27,197.0,97
37,斗六,2021-10-06,150,10,3,nan,43,45,150.0,74
38,崙背,2021-10-06,104,18,3,nan,50,35,104.0,75
39,新港,2021-10-06,100,22,3,nan,46,25,100.0,68
40,朴子,2021-10-06,100,10,3,nan,47,37,100.0,59
41,臺西,2021-10-06,69,12,3,nan,48,28,nan,69
42,嘉義,2021-10-06,122,8,3,nan,39,20,122.0,69
43,新營,2021-10-06,129,5,2,nan,42,20,129.0,67
44,善化,2021-10-06,60,8,2,nan,33,27,32.0,60
45,安南,2021-10-06,101,5,3,nan,44,37,101.0,59
46,臺南,2021-10-06,93,5,3,nan,43,35,93.0,61
47,美濃,2021-10-06,90,5,2,nan,36,15,90.0,61
48,橋頭,2021-10-06,66,5,3,nan,41,32,54.0,66
49,仁武,2021-10-06,64,22,3,nan,38,37,64.0,63
50,鳳山,2021-10-06,69,8,9,nan,38,47,nan,69
51,大寮,2021-10-06,101,20,3,nan,47,40,101.0,74
52,林園,2021-10-06,68,12,3,nan,43,30,51.0,68
53,楠梓,2021-10-06,64,5,3,nan,42,32,64.0,57
54,左營,2021-10-06,74,10,3,nan,36,40,74.0,62
56,前金,2021-10-06,60,8,3,nan,36,32,58.0,60
57,前鎮,2021-10-06,57,18,5,nan,39,45,nan,57
58,小港,2021-10-06,65,12,5,nan,43,40,45.0,65
59,屏東,2021-10-06,77,8,5,nan,47,33,77.0,68
60,潮州,2021-10-06,108,2,2,nan,40,15,108.0,61
61,恆春,2021-10-06,25,2,1,nan,13,0,25.0,20
85,大城,2021-10-06,118,5,2,nan,46,20,118.0,66
62,臺東,2021-10-06,58,2,1,nan,58,13,23.0,23
84,富貴角,2021-10-06,31,5,0,nan,20,12,31.0,18
63,花蓮,2021-10-06,23,5,2,nan,14,17,23.0,20
83,麥寮,2021-10-06,62,15,3,nan,46,28,nan,62
80,關山,2021-10-06,24,2,1,nan,21,5,24.0,16
64,陽明,2021-10-06,23,2,1,nan,7,3,23.0,12
65,宜蘭,2021-10-06,24,2,2,nan,15,13,24.0,22
78,馬公,2021-10-06,41,2,2,nan,31,12,39.0,41
66,冬山,2021-10-06,37,12,3,nan,20,37,18.0,22
77,金門,2021-10-06,37,2,1,nan,35,10,37.0,29
75,馬祖,2021-10-06,31,2,1,nan,23,5,31.0,30
72,埔里,2021-10-06,172,8,6,nan,41,22,172.0,84
67,三重,2021-10-06,43,2,10,nan,20,43,nan,29
70,永和,2021-10-06,21,0,3,nan,13,17,nan,21
71,復興,2021-10-06,67,18,7,nan,44,45,nan,67
69,竹山,2021-10-06,172,10,2,nan,44,22,172.0,88
68,中壢,2021-10-06,38,2,9,nan,22,38,nan,21
1,基隆,2021-10-07,19,5,1,nan,9,10,19.0,15
2,汐止,2021-10-07,22,2,1,nan,7,22,17.0,9
3,萬里,2021-10-07,20,5,1,nan,12,13,20.0,10
4,新店,2021-10-07,22,2,1,nan,7,22,20.0,10
5,土城,2021-10-07,32,0,2,nan,8,32,19.0,6
6,板橋,2021-10-07,25,0,2,nan,7,25,19.0,13
7,新莊,2021-10-07,22,2,2,nan,18,22,21.0,13
62,臺東,2021-10-07,21,2,1,nan,10,10,21.0,9
8,菜寮,2021-10-07,20,0,2,nan,7,20,19.0,12
9,林口,2021-10-07,22,0,1,nan,6,22,20.0,11
68,中壢,2021-10-07,52,5,14,nan,18,52,nan,19
10,淡水,2021-10-07,21,0,1,nan,5,7,21.0,3
11,士林,2021-10-07,20,2,1,nan,12,10,20.0,8
69,竹山,2021-10-07,90,8,2,nan,38,25,90.0,72
12,中山,2021-10-07,28,0,3,nan,10,28,16.0,11
13,萬華,2021-10-07,27,0,2,nan,8,27,16.0,15
63,花蓮,2021-10-07,24,2,1,nan,11,15,24.0,12
14,古亭,2021-10-07,21,0,1,nan,6,18,21.0,10
77,金門,2021-10-07,35,5,1,nan,22,12,35.0,24
15,松山,2021-10-07,25,2,2,nan,10,25,17.0,10
16,大同,2021-10-07,37,5,10,nan,23,37,nan,31
17,桃園,2021-10-07,28,18,3,nan,8,28,22.0,14
18,大園,2021-10-07,32,5,3,nan,17,32,25.0,10
19,觀音,2021-10-07,44,8,2,nan,13,30,44.0,26
20,平鎮,2021-10-07,35,2,2,nan,9,35,31.0,21
21,龍潭,2021-10-07,44,2,2,nan,16,32,44.0,29
22,湖口,2021-10-07,93,5,2,nan,26,40,93.0,47
23,竹東,2021-10-07,136,5,3,nan,30,18,136.0,59
24,新竹,2021-10-07,129,5,5,nan,36,40,129.0,64
25,頭份,2021-10-07,67,12,3,nan,38,28,nan,67
26,苗栗,2021-10-07,161,8,3,nan,43,27,161.0,76
27,三義,2021-10-07,93,5,3,nan,44,22,93.0,77
28,豐原,2021-10-07,136,8,3,nan,46,28,136.0,78
29,沙鹿,2021-10-07,164,53,3,nan,51,32,164.0,79
30,大里,2021-10-07,101,15,6,nan,55,43,101.0,93
31,忠明,2021-10-07,112,22,6,nan,50,47,112.0,84
32,西屯,2021-10-07,104,22,5,nan,59,51,104.0,91
33,彰化,2021-10-07,100,18,5,nan,44,37,100.0,70
34,線西,2021-10-07,70,12,3,nan,46,22,nan,70
35,二林,2021-10-07,84,5,3,nan,63,20,71.0,84
36,南投,2021-10-07,80,15,5,nan,44,35,71.0,80
37,斗六,2021-10-07,71,8,2,nan,41,27,71.0,65
38,崙背,2021-10-07,76,5,2,nan,49,32,49.0,76
39,新港,2021-10-07,88,88,3,nan,44,15,40.0,63
40,朴子,2021-10-07,58,5,3,nan,44,23,39.0,58
41,臺西,2021-10-07,62,15,2,nan,45,33,nan,62
42,嘉義,2021-10-07,59,5,2,nan,34,22,46.0,59
43,新營,2021-10-07,59,0,2,nan,39,20,42.0,59
44,善化,2021-10-07,57,5,2,nan,32,28,27.0,57
85,大城,2021-10-07,115,12,2,nan,46,20,115.0,67
45,安南,2021-10-07,53,5,3,nan,40,43,42.0,53
46,臺南,2021-10-07,51,2,3,nan,40,37,41.0,51
84,富貴角,2021-10-07,29,10,0,nan,14,20,29.0,7
47,美濃,2021-10-07,63,2,2,nan,36,15,46.0,63
64,陽明,2021-10-07,21,2,0,nan,4,2,21.0,6
48,橋頭,2021-10-07,61,5,3,nan,40,42,27.0,61
49,仁武,2021-10-07,60,5,3,nan,34,42,36.0,60
71,復興,2021-10-07,61,5,7,nan,32,40,nan,61
75,馬祖,2021-10-07,27,0,1,nan,14,7,27.0,22
50,鳳山,2021-10-07,67,8,8,nan,37,52,nan,67
65,宜蘭,2021-10-07,24,2,1,nan,12,12,24.0,15
51,大寮,2021-10-07,66,10,3,nan,38,38,37.0,66
52,林園,2021-10-07,65,25,3,nan,43,42,45.0,65
70,永和,2021-10-07,22,2,3,nan,10,22,nan,13
66,冬山,2021-10-07,33,5,3,nan,16,33,19.0,10
53,楠梓,2021-10-07,55,8,5,nan,40,48,37.0,55
83,麥寮,2021-10-07,65,8,2,nan,46,20,nan,65
54,左營,2021-10-07,55,5,3,nan,34,33,38.0,55
80,關山,2021-10-07,18,2,1,nan,11,8,18.0,7
56,前金,2021-10-07,53,2,3,nan,31,25,40.0,53
67,三重,2021-10-07,40,2,10,nan,11,40,nan,17
57,前鎮,2021-10-07,52,5,5,nan,36,37,nan,52
58,小港,2021-10-07,63,8,3,nan,37,57,33.0,63
78,馬公,2021-10-07,71,2,2,nan,33,8,71.0,38
59,屏東,2021-10-07,62,5,6,nan,40,35,41.0,62
72,埔里,2021-10-07,108,10,5,nan,41,20,108.0,78
60,潮州,2021-10-07,54,2,2,nan,33,18,54.0,53
61,恆春,2021-10-07,20,2,0,nan,3,0,20.0,7
17,桃園,2021-10-08,28,28,3,nan,12,25,17.0,17
77,金門,2021-10-08,30,8,1,nan,24,15,30.0,27
15,松山,2021-10-08,22,2,2,nan,17,22,13.0,16
53,楠梓,2021-10-08,50,8,3,nan,30,50,40.0,46
59,屏東,2021-10-08,52,5,6,nan,31,40,43.0,52
45,安南,2021-10-08,44,8,3,nan,31,28,44.0,43
63,花蓮,2021-10-08,20,0,2,nan,14,18,20.0,14
21,龍潭,2021-10-08,28,0,2,nan,16,27,28.0,20
14,古亭,2021-10-08,19,0,1,nan,16,12,17.0,19
47,美濃,2021-10-08,51,2,2,nan,30,18,44.0,51
16,大同,2021-10-08,42,5,14,nan,30,42,nan,41
58,小港,2021-10-08,55,18,5,nan,32,55,37.0,55
13,萬華,2021-10-08,30,2,3,nan,13,30,11.0,19
24,新竹,2021-10-08,115,10,5,nan,37,35,115.0,70
62,臺東,2021-10-08,17,2,1,nan,15,8,17.0,13
78,馬公,2021-10-08,58,2,1,nan,27,8,58.0,39
12,中山,2021-10-08,30,0,5,nan,15,30,12.0,19
71,復興,2021-10-08,53,15,9,nan,27,50,nan,53
80,關山,2021-10-08,13,2,1,nan,11,7,13.0,9
61,恆春,2021-10-08,21,2,0,nan,10,2,21.0,17
11,士林,2021-10-08,23,0,1,nan,23,10,19.0,20
20,平鎮,2021-10-08,28,2,2,nan,12,28,20.0,26
25,頭份,2021-10-08,76,15,5,nan,44,40,nan,76
41,臺西,2021-10-08,69,8,2,nan,44,22,nan,69
83,麥寮,2021-10-08,83,10,3,nan,53,22,nan,83
66,冬山,2021-10-08,23,8,2,nan,19,23,16.0,21
10,淡水,2021-10-08,19,2,1,nan,11,7,19.0,14
46,臺南,2021-10-08,46,2,3,nan,30,25,44.0,46
56,前金,2021-10-08,49,8,5,nan,25,35,43.0,49
70,永和,2021-10-08,20,2,3,nan,14,17,nan,20
9,林口,2021-10-08,18,0,2,nan,12,18,15.0,16
60,潮州,2021-10-08,93,8,2,nan,31,18,93.0,49
8,菜寮,2021-10-08,22,0,3,nan,13,22,15.0,21
84,富貴角,2021-10-08,29,8,0,nan,17,15,29.0,13
57,前鎮,2021-10-08,45,15,8,nan,30,43,nan,45
65,宜蘭,2021-10-08,24,0,2,nan,18,17,19.0,24
85,大城,2021-10-08,150,8,2,nan,45,15,150.0,77
49,仁武,2021-10-08,52,5,3,nan,28,52,39.0,52
7,新莊,2021-10-08,21,0,2,nan,21,15,16.0,20
26,苗栗,2021-10-08,132,10,5,nan,44,28,132.0,84
50,鳳山,2021-10-08,61,10,9,nan,30,55,nan,61
19,觀音,2021-10-08,31,12,2,nan,19,28,28.0,31
6,板橋,2021-10-08,25,0,2,nan,14,25,15.0,22
69,竹山,2021-10-08,93,10,3,nan,41,23,93.0,74
34,線西,2021-10-08,85,10,3,nan,54,23,nan,85
42,嘉義,2021-10-08,71,10,3,nan,39,27,67.0,71
5,土城,2021-10-08,17,0,2,nan,14,15,15.0,17
29,沙鹿,2021-10-08,140,12,3,nan,51,35,140.0,78
35,二林,2021-10-08,105,5,3,nan,72,22,101.0,105
4,新店,2021-10-08,17,0,1,nan,12,12,17.0,16
43,新營,2021-10-08,55,2,2,nan,33,18,49.0,55
30,大里,2021-10-08,151,12,7,nan,57,51,151.0,96
27,三義,2021-10-08,136,10,6,nan,52,28,136.0,90
3,萬里,2021-10-08,21,2,1,nan,16,13,19.0,21
33,彰化,2021-10-08,126,22,5,nan,49,30,126.0,82
36,南投,2021-10-08,118,12,6,nan,53,38,118.0,91
54,左營,2021-10-08,46,10,5,nan,28,45,40.0,46
51,大寮,2021-10-08,60,20,3,nan,34,37,44.0,60
31,忠明,2021-10-08,118,8,5,nan,48,50,118.0,80
18,大園,2021-10-08,20,5,2,nan,18,20,18.0,17
2,汐止,2021-10-08,19,2,1,nan,12,15,17.0,19
28,豐原,2021-10-08,112,10,5,nan,49,27,112.0,86
52,林園,2021-10-08,80,12,3,nan,38,23,80.0,60
68,中壢,2021-10-08,40,5,14,nan,21,40,nan,22
37,斗六,2021-10-08,87,5,5,nan,49,20,87.0,77
22,湖口,2021-10-08,126,8,3,nan,31,48,126.0,60
1,基隆,2021-10-08,29,0,1,nan,16,8,20.0,29
64,陽明,2021-10-08,21,5,1,nan,8,2,21.0,12
75,馬祖,2021-10-08,22,0,1,nan,15,7,22.0,22
44,善化,2021-10-08,43,5,2,nan,26,22,28.0,43
38,崙背,2021-10-08,97,8,3,nan,56,27,97.0,93
67,三重,2021-10-08,38,2,10,nan,17,38,nan,29
39,新港,2021-10-08,77,8,2,nan,48,28,64.0,77
72,埔里,2021-10-08,108,5,5,nan,42,20,108.0,81
23,竹東,2021-10-08,132,5,3,nan,31,22,132.0,68
40,朴子,2021-10-08,80,5,2,nan,48,17,80.0,63
32,西屯,2021-10-08,112,12,5,nan,55,40,112.0,84
48,橋頭,2021-10-08,53,5,3,nan,32,35,38.0,53
53,楠梓,2021-10-09,58,5,3,nan,36,38,58.0,53
85,大城,2021-10-09,104,10,3,nan,69,17,104.0,103
84,富貴角,2021-10-09,41,0,0,nan,25,5,41.0,25
83,麥寮,2021-10-09,103,8,3,nan,61,18,nan,103
80,關山,2021-10-09,24,0,1,nan,18,7,24.0,17
78,馬公,2021-10-09,48,2,1,nan,32,8,48.0,41
77,金門,2021-10-09,40,2,1,nan,40,7,34.0,40
75,馬祖,2021-10-09,39,0,1,nan,27,5,32.0,39
72,埔里,2021-10-09,93,2,5,nan,37,20,93.0,79
71,復興,2021-10-09,60,5,5,nan,31,38,nan,60
70,永和,2021-10-09,30,0,2,nan,20,10,nan,30
69,竹山,2021-10-09,136,8,3,nan,49,20,136.0,96
68,中壢,2021-10-09,33,2,7,nan,26,33,nan,29
67,三重,2021-10-09,45,2,10,nan,26,45,nan,32
66,冬山,2021-10-09,30,5,2,nan,24,30,23.0,27
65,宜蘭,2021-10-09,35,2,1,nan,23,12,30.0,35
64,陽明,2021-10-09,28,8,1,nan,14,8,28.0,24
63,花蓮,2021-10-09,31,2,2,nan,19,27,31.0,24
62,臺東,2021-10-09,28,2,1,nan,26,10,28.0,25
61,恆春,2021-10-09,28,2,1,nan,15,2,28.0,26
60,潮州,2021-10-09,101,8,2,nan,31,18,101.0,56
59,屏東,2021-10-09,67,5,3,nan,37,35,67.0,61
58,小港,2021-10-09,60,5,3,nan,35,35,49.0,60
57,前鎮,2021-10-09,51,8,5,nan,35,42,nan,51
56,前金,2021-10-09,58,5,2,nan,30,25,58.0,51
54,左營,2021-10-09,53,8,3,nan,35,32,50.0,53
52,林園,2021-10-09,104,5,3,nan,43,23,104.0,69
51,大寮,2021-10-09,77,25,5,nan,37,30,77.0,70
50,鳳山,2021-10-09,70,8,7,nan,36,28,nan,70
49,仁武,2021-10-09,58,5,2,nan,32,27,58.0,58
48,橋頭,2021-10-09,59,5,2,nan,35,27,49.0,59
47,美濃,2021-10-09,46,2,2,nan,30,12,46.0,46
46,臺南,2021-10-09,52,2,3,nan,37,28,43.0,52
45,安南,2021-10-09,48,8,3,nan,36,28,43.0,48
44,善化,2021-10-09,46,10,1,nan,25,23,27.0,46
43,新營,2021-10-09,52,2,2,nan,32,15,51.0,52
42,嘉義,2021-10-09,101,8,2,nan,35,15,101.0,69
41,臺西,2021-10-09,93,8,3,nan,59,20,nan,93
40,朴子,2021-10-09,71,8,3,nan,48,18,64.0,71
39,新港,2021-10-09,84,8,3,nan,52,25,80.0,84
38,崙背,2021-10-09,114,10,3,nan,63,3,108.0,114
37,斗六,2021-10-09,126,8,3,nan,56,18,126.0,97
36,南投,2021-10-09,126,5,5,nan,63,23,126.0,122
35,二林,2021-10-09,152,8,5,nan,98,20,112.0,152
34,線西,2021-10-09,102,18,6,nan,61,25,nan,102
33,彰化,2021-10-09,151,35,5,nan,61,23,151.0,118
32,西屯,2021-10-09,132,20,5,nan,67,47,132.0,112
31,忠明,2021-10-09,151,18,6,nan,57,47,151.0,109
30,大里,2021-10-09,161,12,6,nan,66,30,161.0,123
29,沙鹿,2021-10-09,118,22,5,nan,58,38,118.0,96
28,豐原,2021-10-09,129,18,6,nan,52,27,129.0,103
27,三義,2021-10-09,122,12,5,nan,50,22,122.0,90
26,苗栗,2021-10-09,129,8,5,nan,42,27,129.0,80
25,頭份,2021-10-09,67,8,3,nan,36,27,nan,67
24,新竹,2021-10-09,44,5,2,nan,25,25,44.0,41
23,竹東,2021-10-09,37,2,2,nan,17,13,37.0,32
22,湖口,2021-10-09,31,2,1,nan,26,22,31.0,31
21,龍潭,2021-10-09,28,2,1,nan,22,18,28.0,20
20,平鎮,2021-10-09,29,2,2,nan,19,17,29.0,28
19,觀音,2021-10-09,32,8,1,nan,29,18,32.0,26
18,大園,2021-10-09,33,5,1,nan,33,17,30.0,27
17,桃園,2021-10-09,29,15,2,nan,20,13,29.0,23
16,大同,2021-10-09,41,8,5,nan,34,30,nan,41
15,松山,2021-10-09,28,2,2,nan,24,18,27.0,28
14,古亭,2021-10-09,29,0,1,nan,21,10,29.0,27
13,萬華,2021-10-09,30,2,2,nan,21,23,25.0,30
12,中山,2021-10-09,29,0,3,nan,25,23,23.0,29
11,士林,2021-10-09,31,0,1,nan,25,10,30.0,31
10,淡水,2021-10-09,30,12,1,nan,17,15,30.0,24
9,林口,2021-10-09,29,2,1,nan,21,13,29.0,25
8,菜寮,2021-10-09,32,2,2,nan,22,15,29.0,32
7,新莊,2021-10-09,32,0,2,nan,30,13,29.0,32
6,板橋,2021-10-09,31,0,2,nan,20,18,27.0,31
5,土城,2021-10-09,28,0,2,nan,20,13,28.0,28
4,新店,2021-10-09,28,2,2,nan,17,13,28.0,23
3,萬里,2021-10-09,35,2,1,nan,35,12,32.0,33
2,汐止,2021-10-09,31,2,1,nan,20,17,27.0,31
1,基隆,2021-10-09,34,2,2,nan,24,13,31.0,34
37,斗六,2021-10-10,132,8,3,nan,50,17,132.0,93
7,新莊,2021-10-10,24,5,1,nan,24,13,24.0,20
6,板橋,2021-10-10,26,5,2,nan,16,18,23.0,26
5,土城,2021-10-10,23,2,1,nan,15,13,23.0,18
38,崙背,2021-10-10,103,12,3,nan,63,2,87.0,103
4,新店,2021-10-10,24,2,1,nan,15,13,24.0,19
39,新港,2021-10-10,84,8,3,nan,52,17,77.0,84
3,萬里,2021-10-10,36,2,1,nan,36,22,24.0,28
2,汐止,2021-10-10,21,2,1,nan,17,15,21.0,20
40,朴子,2021-10-10,65,20,3,nan,48,13,64.0,65
1,基隆,2021-10-10,28,2,2,nan,21,12,23.0,28
41,臺西,2021-10-10,73,8,2,nan,53,18,nan,73
42,嘉義,2021-10-10,108,8,3,nan,41,20,108.0,80
43,新營,2021-10-10,93,15,2,nan,40,25,93.0,69
44,善化,2021-10-10,56,8,2,nan,27,30,33.0,56
45,安南,2021-10-10,61,2,2,nan,37,25,61.0,54
46,臺南,2021-10-10,58,2,2,nan,39,23,58.0,54
47,美濃,2021-10-10,80,5,2,nan,31,12,80.0,56
48,橋頭,2021-10-10,61,2,2,nan,36,25,61.0,58
49,仁武,2021-10-10,74,2,2,nan,34,25,74.0,58
50,鳳山,2021-10-10,65,8,5,nan,32,27,nan,65
51,大寮,2021-10-10,68,28,3,nan,38,38,67.0,68
52,林園,2021-10-10,67,10,2,nan,43,22,67.0,67
53,楠梓,2021-10-10,61,5,3,nan,39,32,61.0,57
54,左營,2021-10-10,71,18,2,nan,37,30,71.0,56
56,前金,2021-10-10,74,5,3,nan,40,47,74.0,60
57,前鎮,2021-10-10,55,10,5,nan,36,55,nan,51
58,小港,2021-10-10,74,18,2,nan,34,47,74.0,57
59,屏東,2021-10-10,93,8,3,nan,40,22,93.0,64
22,湖口,2021-10-10,26,2,1,nan,26,8,26.0,24
24,新竹,2021-10-10,28,2,1,nan,28,13,27.0,24
21,龍潭,2021-10-10,23,2,1,nan,17,10,23.0,14
23,竹東,2021-10-10,28,0,2,nan,21,12,28.0,19
25,頭份,2021-10-10,33,2,2,nan,27,13,nan,33
20,平鎮,2021-10-10,24,2,2,nan,14,17,24.0,22
19,觀音,2021-10-10,26,8,1,nan,25,17,26.0,24
26,苗栗,2021-10-10,101,15,3,nan,33,20,101.0,60
18,大園,2021-10-10,25,2,1,nan,24,17,25.0,17
27,三義,2021-10-10,132,15,5,nan,42,15,132.0,75
8,菜寮,2021-10-10,23,2,2,nan,17,13,23.0,21
17,桃園,2021-10-10,24,15,2,nan,16,15,24.0,19
28,豐原,2021-10-10,150,12,5,nan,46,18,150.0,90
16,大同,2021-10-10,34,8,5,nan,29,32,nan,34
29,沙鹿,2021-10-10,112,22,5,nan,46,33,112.0,76
15,松山,2021-10-10,23,5,1,nan,19,18,23.0,20
30,大里,2021-10-10,150,22,5,nan,54,27,150.0,103
14,古亭,2021-10-10,25,2,1,nan,17,15,25.0,23
31,忠明,2021-10-10,132,15,5,nan,45,30,132.0,91
13,萬華,2021-10-10,23,8,2,nan,17,23,20.0,21
32,西屯,2021-10-10,112,20,5,nan,51,37,112.0,92
12,中山,2021-10-10,27,8,2,nan,18,27,20.0,25
33,彰化,2021-10-10,115,25,3,nan,45,28,115.0,84
34,線西,2021-10-10,82,18,5,nan,53,32,nan,82
11,士林,2021-10-10,27,5,1,nan,18,12,27.0,19
10,淡水,2021-10-10,26,2,1,nan,13,10,26.0,13
35,二林,2021-10-10,98,8,3,nan,70,22,77.0,98
9,林口,2021-10-10,25,5,1,nan,14,13,25.0,17
36,南投,2021-10-10,129,10,3,nan,50,22,129.0,100
60,潮州,2021-10-10,93,10,2,nan,34,10,93.0,62
61,恆春,2021-10-10,29,2,1,nan,17,2,29.0,21
62,臺東,2021-10-10,45,2,1,nan,45,5,24.0,32
63,花蓮,2021-10-10,25,2,2,nan,17,17,25.0,19
64,陽明,2021-10-10,25,5,1,nan,9,5,25.0,13
65,宜蘭,2021-10-10,28,2,1,nan,21,10,25.0,28
66,冬山,2021-10-10,23,2,1,nan,23,8,23.0,21
67,三重,2021-10-10,33,5,9,nan,20,33,nan,28
85,大城,2021-10-10,83,15,3,nan,66,18,61.0,83
68,中壢,2021-10-10,25,5,5,nan,21,25,nan,20
84,富貴角,2021-10-10,31,0,0,nan,26,5,31.0,17
69,竹山,2021-10-10,150,10,2,nan,49,22,150.0,100
70,永和,2021-10-10,22,2,2,nan,17,15,nan,22
83,麥寮,2021-10-10,86,18,3,nan,59,23,nan,86
71,復興,2021-10-10,57,10,3,nan,31,50,nan,57
80,關山,2021-10-10,64,2,1,nan,64,5,24.0,22
72,埔里,2021-10-10,101,5,3,nan,34,15,101.0,73
78,馬公,2021-10-10,38,5,1,nan,33,10,38.0,35
75,馬祖,2021-10-10,32,2,1,nan,17,5,32.0,26
77,金門,2021-10-10,44,10,1,nan,28,15,44.0,25
60,潮州,2021-10-11,62,2,2,nan,31.0,12,33.0,62.0
58,小港,2021-10-11,80,15,5,nan,48.0,50,37.0,80.0
57,前鎮,2021-10-11,77,22,7,nan,51.0,50,nan,77.0
56,前金,2021-10-11,83,12,6,nan,48.0,43,42.0,83.0
54,左營,2021-10-11,80,12,5,nan,48.0,43,38.0,80.0
53,楠梓,2021-10-11,72,8,5,nan,47.0,47,36.0,72.0
52,林園,2021-10-11,89,12,5,nan,54.0,48,40.0,89.0
51,大寮,2021-10-11,85,8,5,nan,48.0,32,36.0,85.0
50,鳳山,2021-10-11,93,10,7,nan,45.0,45,nan,93.0
49,仁武,2021-10-11,78,8,5,nan,44.0,32,38.0,78.0
48,橋頭,2021-10-11,78,5,5,nan,45.0,35,35.0,78.0
47,美濃,2021-10-11,56,2,2,nan,33.0,13,20.0,56.0
46,臺南,2021-10-11,60,2,5,nan,43.0,28,40.0,60.0
45,安南,2021-10-11,57,2,5,nan,36.0,30,41.0,57.0
44,善化,2021-10-11,61,10,2,nan,30.0,28,22.0,61.0
43,新營,2021-10-11,46,2,2,nan,nan,23,40.0,46.0
42,嘉義,2021-10-11,54,10,2,nan,34.0,22,43.0,54.0
41,臺西,2021-10-11,115,12,1,nan,115.0,17,nan,46.0
40,朴子,2021-10-11,90,5,1,nan,90.0,12,27.0,31.0
39,新港,2021-10-11,59,5,1,nan,59.0,18,24.0,33.0
38,崙背,2021-10-11,125,5,1,nan,125.0,3,21.0,53.0
37,斗六,2021-10-11,41,5,2,nan,36.0,18,31.0,41.0
36,南投,2021-10-11,42,5,2,nan,29.0,17,20.0,42.0
35,二林,2021-10-11,119,2,1,nan,119.0,5,21.0,31.0
34,線西,2021-10-11,83,5,1,nan,83.0,8,nan,27.0
33,彰化,2021-10-11,40,2,1,nan,40.0,12,18.0,14.0
32,西屯,2021-10-11,51,2,0,nan,51.0,10,18.0,17.0
31,忠明,2021-10-11,29,2,1,nan,29.0,18,17.0,15.0
30,大里,2021-10-11,21,2,1,nan,21.0,13,19.0,16.0
29,沙鹿,2021-10-11,57,2,1,nan,57.0,7,19.0,16.0
28,豐原,2021-10-11,19,2,1,nan,17.0,7,19.0,12.0
27,三義,2021-10-11,23,2,1,nan,23.0,5,18.0,6.0
26,苗栗,2021-10-11,28,2,1,nan,28.0,8,17.0,11.0
25,頭份,2021-10-11,14,2,1,nan,13.0,12,nan,14.0
24,新竹,2021-10-11,20,2,1,nan,8.0,12,17.0,20.0
23,竹東,2021-10-11,17,0,0,nan,3.0,5,17.0,10.0
22,湖口,2021-10-11,18,2,1,nan,12.0,8,17.0,18.0
21,龍潭,2021-10-11,17,0,1,nan,7.0,10,17.0,10.0
20,平鎮,2021-10-11,16,0,1,nan,8.0,13,15.0,16.0
19,觀音,2021-10-11,29,10,0,nan,22.0,15,24.0,29.0
18,大園,2021-10-11,20,5,1,nan,20.0,18,19.0,17.0
17,桃園,2021-10-11,19,2,2,nan,12.0,15,16.0,19.0
16,大同,2021-10-11,33,2,2,nan,23.0,17,nan,33.0
15,松山,2021-10-11,23,10,1,nan,18.0,15,18.0,23.0
14,古亭,2021-10-11,24,0,1,nan,13.0,12,18.0,24.0
13,萬華,2021-10-11,24,5,1,nan,17.0,17,18.0,24.0
12,中山,2021-10-11,19,5,1,nan,17.0,12,16.0,19.0
11,士林,2021-10-11,20,0,0,nan,13.0,3,20.0,19.0
10,淡水,2021-10-11,20,0,1,nan,12.0,2,20.0,8.0
9,林口,2021-10-11,18,0,1,nan,9.0,7,18.0,10.0
8,菜寮,2021-10-11,22,5,1,nan,15.0,12,18.0,22.0
7,新莊,2021-10-11,19,2,1,nan,17.0,8,18.0,19.0
6,板橋,2021-10-11,21,2,1,nan,16.0,13,19.0,21.0
5,土城,2021-10-11,16,2,1,nan,11.0,10,16.0,15.0
4,新店,2021-10-11,18,2,1,nan,10.0,10,16.0,18.0
3,萬里,2021-10-11,70,0,1,nan,70.0,5,23.0,39.0
2,汐止,2021-10-11,22,10,0,nan,19.0,10,16.0,22.0
1,基隆,2021-10-11,32,2,1,nan,29.0,2,21.0,32.0
85,大城,2021-10-11,19,10,1,nan,nan,13,19.0,nan
84,富貴角,2021-10-11,42,0,0,nan,42.0,2,29.0,29.0
83,麥寮,2021-10-11,143,15,1,nan,143.0,22,nan,64.0
80,關山,2021-10-11,19,2,0,nan,7.0,3,19.0,6.0
78,馬公,2021-10-11,55,2,0,nan,49.0,2,27.0,55.0
77,金門,2021-10-11,71,10,1,nan,71.0,13,34.0,27.0
75,馬祖,2021-10-11,43,2,1,nan,28.0,5,43.0,35.0
72,埔里,2021-10-11,21,2,2,nan,10.0,13,17.0,21.0
71,復興,2021-10-11,83,28,7,nan,47.0,45,nan,83.0
70,永和,2021-10-11,18,2,2,nan,15.0,12,nan,18.0
69,竹山,2021-10-11,49,2,2,nan,27.0,18,39.0,49.0
68,中壢,2021-10-11,22,2,2,nan,11.0,22,nan,17.0
67,三重,2021-10-11,33,5,7,nan,20.0,23,nan,33.0
66,冬山,2021-10-11,25,0,2,nan,25.0,12,17.0,20.0
65,宜蘭,2021-10-11,29,2,1,nan,27.0,7,19.0,29.0
64,陽明,2021-10-11,20,2,0,nan,1.0,0,20.0,nan
63,花蓮,2021-10-11,22,2,1,nan,17.0,8,19.0,22.0
62,臺東,2021-10-11,20,2,0,nan,14.0,5,20.0,16.0
61,恆春,2021-10-11,22,2,0,nan,10.0,2,22.0,14.0
59,屏東,2021-10-11,76,5,5,nan,43.0,33,34.0,76.0
69,竹山,2021-10-12,32,2,2.0,nan,21.0,25.0,32.0,30.0
85,大城,2021-10-12,19,5,1.0,nan,nan,nan,19.0,nan
84,富貴角,2021-10-12,45,0,0.0,nan,45.0,2.0,31.0,40.0
83,麥寮,2021-10-12,28,5,2.0,nan,26.0,22.0,nan,28.0
80,關山,2021-10-12,25,2,1.0,nan,9.0,7.0,25.0,11.0
78,馬公,2021-10-12,55,5,1.0,nan,48.0,15.0,32.0,55.0
77,金門,2021-10-12,34,2,1.0,nan,34.0,5.0,28.0,17.0
75,馬祖,2021-10-12,31,0,1.0,nan,13.0,5.0,31.0,17.0
72,埔里,2021-10-12,29,2,2.0,nan,9.0,23.0,29.0,4.0
71,復興,2021-10-12,52,10,14.0,nan,23.0,50.0,nan,52.0
70,永和,2021-10-12,25,0,3.0,nan,14.0,18.0,nan,25.0
68,中壢,2021-10-12,30,2,9.0,nan,14.0,30.0,nan,25.0
67,三重,2021-10-12,38,2,10.0,nan,17.0,38.0,nan,34.0
66,冬山,2021-10-12,27,5,1.0,nan,27.0,13.0,21.0,27.0
65,宜蘭,2021-10-12,5,2,nan,nan,nan,5.0,nan,nan
64,陽明,2021-10-12,25,0,0.0,nan,4.0,3.0,25.0,8.0
63,花蓮,2021-10-12,25,0,2.0,nan,15.0,17.0,25.0,20.0
62,臺東,2021-10-12,26,2,1.0,nan,21.0,8.0,26.0,26.0
61,恆春,2021-10-12,34,2,1.0,nan,22.0,0.0,26.0,34.0
60,潮州,2021-10-12,20,2,1.0,nan,12.0,17.0,19.0,20.0
59,屏東,2021-10-12,37,10,7.0,nan,20.0,35.0,11.0,37.0
58,小港,2021-10-12,52,35,10.0,nan,24.0,52.0,6.0,52.0
57,前鎮,2021-10-12,47,12,12.0,nan,25.0,45.0,nan,47.0
56,前金,2021-10-12,51,20,8.0,nan,25.0,51.0,4.0,49.0
54,左營,2021-10-12,51,12,9.0,nan,29.0,50.0,4.0,51.0
53,楠梓,2021-10-12,58,5,9.0,nan,31.0,58.0,3.0,51.0
52,林園,2021-10-12,41,12,2.0,nan,28.0,22.0,20.0,41.0
51,大寮,2021-10-12,45,15,5.0,nan,23.0,40.0,7.0,45.0
50,鳳山,2021-10-12,62,10,14.0,nan,27.0,52.0,nan,62.0
49,仁武,2021-10-12,57,12,10.0,nan,29.0,52.0,3.0,57.0
48,橋頭,2021-10-12,58,8,8.0,nan,31.0,55.0,3.0,58.0
47,美濃,2021-10-12,22,2,2.0,nan,16.0,12.0,7.0,22.0
46,臺南,2021-10-12,48,5,6.0,nan,30.0,48.0,8.0,48.0
45,安南,2021-10-12,47,5,6.0,nan,32.0,47.0,6.0,47.0
44,善化,2021-10-12,34,8,3.0,nan,19.0,32.0,3.0,34.0
43,新營,2021-10-12,47,2,3.0,nan,nan,32.0,16.0,47.0
42,嘉義,2021-10-12,48,5,3.0,nan,24.0,32.0,24.0,48.0
41,臺西,2021-10-12,27,5,1.0,nan,23.0,18.0,nan,27.0
40,朴子,2021-10-12,33,5,3.0,nan,29.0,30.0,22.0,33.0
39,新港,2021-10-12,48,2,3.0,nan,27.0,38.0,20.0,48.0
38,崙背,2021-10-12,42,5,2.0,nan,28.0,32.0,24.0,42.0
37,斗六,2021-10-12,38,5,3.0,nan,25.0,30.0,28.0,38.0
36,南投,2021-10-12,40,5,3.0,nan,24.0,28.0,27.0,40.0
35,二林,2021-10-12,42,2,2.0,nan,39.0,23.0,28.0,42.0
34,線西,2021-10-12,40,8,2.0,nan,34.0,30.0,nan,40.0
33,彰化,2021-10-12,37,8,3.0,nan,25.0,37.0,29.0,33.0
32,西屯,2021-10-12,53,5,3.0,nan,30.0,53.0,31.0,41.0
31,忠明,2021-10-12,52,5,5.0,nan,23.0,52.0,30.0,35.0
30,大里,2021-10-12,46,10,7.0,nan,29.0,45.0,31.0,46.0
29,沙鹿,2021-10-12,40,5,3.0,nan,29.0,40.0,34.0,34.0
28,豐原,2021-10-12,53,10,5.0,nan,32.0,38.0,45.0,53.0
27,三義,2021-10-12,51,8,3.0,nan,29.0,32.0,37.0,51.0
26,苗栗,2021-10-12,41,8,5.0,nan,25.0,37.0,41.0,40.0
25,頭份,2021-10-12,51,12,5.0,nan,34.0,51.0,nan,43.0
24,新竹,2021-10-12,40,5,5.0,nan,18.0,40.0,24.0,33.0
23,竹東,2021-10-12,25,0,2.0,nan,10.0,25.0,25.0,24.0
22,湖口,2021-10-12,26,0,1.0,nan,13.0,12.0,19.0,26.0
21,龍潭,2021-10-12,19,0,1.0,nan,11.0,13.0,19.0,18.0
20,平鎮,2021-10-12,25,0,2.0,nan,10.0,17.0,19.0,25.0
19,觀音,2021-10-12,28,5,1.0,nan,17.0,17.0,19.0,28.0
18,大園,2021-10-12,20,2,1.0,nan,17.0,17.0,20.0,18.0
17,桃園,2021-10-12,23,10,3.0,nan,12.0,18.0,20.0,23.0
16,大同,2021-10-12,39,2,8.0,nan,26.0,37.0,nan,39.0
15,松山,2021-10-12,25,2,2.0,nan,16.0,25.0,21.0,22.0
14,古亭,2021-10-12,22,0,1.0,nan,11.0,15.0,22.0,22.0
13,萬華,2021-10-12,33,2,3.0,nan,14.0,33.0,19.0,27.0
12,中山,2021-10-12,33,0,5.0,nan,16.0,33.0,19.0,27.0
11,士林,2021-10-12,24,0,1.0,nan,13.0,7.0,24.0,20.0
10,淡水,2021-10-12,22,0,1.0,nan,12.0,5.0,22.0,17.0
9,林口,2021-10-12,21,0,2.0,nan,13.0,20.0,21.0,18.0
8,菜寮,2021-10-12,27,2,2.0,nan,14.0,22.0,21.0,27.0
7,新莊,2021-10-12,23,2,2.0,nan,17.0,23.0,21.0,23.0
6,板橋,2021-10-12,30,0,3.0,nan,14.0,25.0,20.0,30.0
5,土城,2021-10-12,23,8,2.0,nan,12.0,23.0,19.0,19.0
4,新店,2021-10-12,22,5,2.0,nan,12.0,15.0,22.0,19.0
3,萬里,2021-10-12,41,2,1.0,nan,41.0,5.0,27.0,32.0
2,汐止,2021-10-12,21,2,1.0,nan,13.0,15.0,21.0,21.0
1,基隆,2021-10-12,27,2,1.0,nan,22.0,7.0,24.0,27.0
35,二林,2021-10-13,45,5,3,nan,31.0,27,21.0,45.0
36,南投,2021-10-13,27,5,2,nan,15.0,27,18.0,25.0
34,線西,2021-10-13,48,15,3,nan,25.0,48,nan,37.0
37,斗六,2021-10-13,33,5,3,nan,19.0,33,16.0,28.0
33,彰化,2021-10-13,40,18,3,nan,16.0,40,20.0,28.0
32,西屯,2021-10-13,48,5,5,nan,23.0,48,15.0,35.0
31,忠明,2021-10-13,48,5,5,nan,16.0,48,19.0,29.0
38,崙背,2021-10-13,44,5,2,nan,23.0,35,19.0,44.0
30,大里,2021-10-13,47,5,6,nan,22.0,47,17.0,41.0
39,新港,2021-10-13,38,5,3,nan,20.0,38,13.0,34.0
40,朴子,2021-10-13,32,2,3,nan,18.0,32,16.0,25.0
41,臺西,2021-10-13,36,8,2,nan,23.0,25,nan,36.0
42,嘉義,2021-10-13,30,5,3,nan,15.0,30,16.0,24.0
43,新營,2021-10-13,27,2,2,nan,nan,27,13.0,21.0
44,善化,2021-10-13,20,5,1,nan,12.0,20,5.0,19.0
45,安南,2021-10-13,43,5,5,nan,22.0,43,7.0,33.0
46,臺南,2021-10-13,42,2,6,nan,17.0,42,9.0,28.0
47,美濃,2021-10-13,12,2,1,nan,11.0,10,12.0,10.0
48,橋頭,2021-10-13,32,5,3,nan,15.0,32,6.0,22.0
49,仁武,2021-10-13,38,2,3,nan,14.0,38,13.0,28.0
50,鳳山,2021-10-13,37,8,6,nan,13.0,37,nan,37.0
51,大寮,2021-10-13,33,18,3,nan,18.0,32,13.0,33.0
52,林園,2021-10-13,38,18,2,nan,20.0,27,22.0,38.0
53,楠梓,2021-10-13,45,2,3,nan,15.0,45,9.0,19.0
54,左營,2021-10-13,38,8,6,nan,17.0,38,11.0,30.0
56,前金,2021-10-13,47,12,7,nan,12.0,47,17.0,28.0
57,前鎮,2021-10-13,35,28,10,nan,14.0,35,nan,22.0
58,小港,2021-10-13,40,15,5,nan,13.0,40,11.0,36.0
59,屏東,2021-10-13,30,2,3,nan,12.0,30,12.0,20.0
60,潮州,2021-10-13,19,2,1,nan,8.0,12,19.0,14.0
61,恆春,2021-10-13,26,2,0,nan,8.0,2,26.0,10.0
62,臺東,2021-10-13,23,2,2,nan,7.0,13,23.0,10.0
63,花蓮,2021-10-13,22,0,2,nan,9.0,18,22.0,17.0
64,陽明,2021-10-13,21,0,1,nan,1.0,2,21.0,5.0
65,宜蘭,2021-10-13,17,2,2,nan,nan,17,17.0,nan
66,冬山,2021-10-13,37,8,7,nan,16.0,37,17.0,21.0
67,三重,2021-10-13,42,2,11,nan,11.0,42,nan,19.0
68,中壢,2021-10-13,45,2,18,nan,11.0,45,nan,18.0
29,沙鹿,2021-10-13,51,10,5,nan,19.0,51,20.0,28.0
69,竹山,2021-10-13,27,2,2,nan,15.0,27,19.0,27.0
70,永和,2021-10-13,27,0,5,nan,8.0,27,nan,13.0
71,復興,2021-10-13,45,35,10,nan,14.0,45,nan,26.0
72,埔里,2021-10-13,22,2,2,nan,8.0,22,12.0,13.0
75,馬祖,2021-10-13,21,0,1,nan,17.0,3,19.0,21.0
77,金門,2021-10-13,32,2,1,nan,24.0,20,32.0,31.0
78,馬公,2021-10-13,38,2,2,nan,32.0,28,37.0,38.0
80,關山,2021-10-13,19,2,1,nan,6.0,8,19.0,4.0
83,麥寮,2021-10-13,51,8,3,nan,31.0,32,nan,51.0
84,富貴角,2021-10-13,26,0,0,nan,23.0,3,26.0,15.0
85,大城,2021-10-13,43,5,2,nan,27.0,22,27.0,43.0
28,豐原,2021-10-13,30,2,3,nan,17.0,30,16.0,28.0
1,基隆,2021-10-13,19,2,1,nan,11.0,12,19.0,17.0
2,汐止,2021-10-13,23,2,1,nan,7.0,23,16.0,12.0
3,萬里,2021-10-13,25,8,1,nan,15.0,15,25.0,10.0
4,新店,2021-10-13,25,2,2,nan,6.0,25,19.0,6.0
5,土城,2021-10-13,27,8,3,nan,6.0,27,18.0,7.0
6,板橋,2021-10-13,30,0,5,nan,7.0,30,17.0,11.0
7,新莊,2021-10-13,30,2,3,nan,12.0,30,18.0,14.0
8,菜寮,2021-10-13,27,0,3,nan,6.0,27,15.0,19.0
9,林口,2021-10-13,25,0,2,nan,5.0,25,17.0,7.0
10,淡水,2021-10-13,19,0,1,nan,5.0,8,19.0,5.0
11,士林,2021-10-13,20,0,1,nan,7.0,12,20.0,9.0
12,中山,2021-10-13,35,0,6,nan,9.0,35,14.0,11.0
13,萬華,2021-10-13,33,2,3,nan,7.0,33,16.0,14.0
14,古亭,2021-10-13,23,0,2,nan,5.0,23,19.0,14.0
15,松山,2021-10-13,30,2,3,nan,9.0,30,17.0,14.0
16,大同,2021-10-13,45,2,12,nan,23.0,45,nan,38.0
17,桃園,2021-10-13,25,15,5,nan,7.0,25,17.0,12.0
18,大園,2021-10-13,27,5,2,nan,10.0,27,16.0,11.0
19,觀音,2021-10-13,27,5,2,nan,9.0,27,19.0,16.0
20,平鎮,2021-10-13,32,2,3,nan,7.0,32,16.0,15.0
21,龍潭,2021-10-13,33,2,3,nan,9.0,33,13.0,10.0
22,湖口,2021-10-13,32,2,3,nan,11.0,32,14.0,21.0
23,竹東,2021-10-13,26,2,2,nan,14.0,13,9.0,26.0
24,新竹,2021-10-13,41,8,5,nan,23.0,40,14.0,41.0
25,頭份,2021-10-13,46,8,3,nan,25.0,37,nan,46.0
26,苗栗,2021-10-13,40,8,3,nan,21.0,28,12.0,40.0
27,三義,2021-10-13,27,5,2,nan,16.0,25,14.0,27.0
59,屏東,2021-10-14,37,5,6,nan,13.0,37,17.0,23
1,基隆,2021-10-14,17,2,2,nan,12.0,17,16.0,17
2,汐止,2021-10-14,20,5,1,nan,9.0,20,12.0,14
3,萬里,2021-10-14,18,2,1,nan,11.0,15,18.0,9
4,新店,2021-10-14,16,0,2,nan,7.0,15,16.0,11
5,土城,2021-10-14,22,8,2,nan,7.0,22,13.0,9
6,板橋,2021-10-14,28,2,3,nan,7.0,28,14.0,13
7,新莊,2021-10-14,30,0,2,nan,11.0,30,14.0,11
8,菜寮,2021-10-14,23,0,3,nan,10.0,23,12.0,22
9,林口,2021-10-14,23,2,2,nan,7.0,23,14.0,7
10,淡水,2021-10-14,19,0,1,nan,7.0,7,19.0,7
11,士林,2021-10-14,18,0,1,nan,9.0,10,18.0,11
12,中山,2021-10-14,35,2,6,nan,10.0,35,10.0,15
13,萬華,2021-10-14,38,2,3,nan,9.0,38,13.0,13
14,古亭,2021-10-14,22,0,2,nan,6.0,22,16.0,14
15,松山,2021-10-14,30,2,2,nan,10.0,30,11.0,16
16,大同,2021-10-14,40,2,9,nan,25.0,40,nan,38
17,桃園,2021-10-14,18,12,3,nan,7.0,18,13.0,11
18,大園,2021-10-14,27,5,2,nan,11.0,27,13.0,11
19,觀音,2021-10-14,23,5,2,nan,10.0,23,19.0,19
20,平鎮,2021-10-14,25,2,3,nan,8.0,25,14.0,16
21,龍潭,2021-10-14,35,2,3,nan,14.0,35,19.0,21
22,湖口,2021-10-14,46,2,2,nan,24.0,28,46.0,44
23,竹東,2021-10-14,46,5,3,nan,23.0,23,44.0,46
24,新竹,2021-10-14,67,2,5,nan,30.0,32,67.0,56
25,頭份,2021-10-14,65,15,3,nan,35.0,32,nan,65
26,苗栗,2021-10-14,71,12,3,nan,31.0,27,71.0,55
27,三義,2021-10-14,56,2,3,nan,28.0,40,46.0,56
28,豐原,2021-10-14,48,5,3,nan,27.0,35,32.0,48
29,沙鹿,2021-10-14,53,12,3,nan,30.0,47,31.0,53
30,大里,2021-10-14,47,18,6,nan,28.0,47,10.0,46
31,忠明,2021-10-14,51,5,5,nan,21.0,51,23.0,43
32,西屯,2021-10-14,54,8,5,nan,32.0,54,19.0,54
33,彰化,2021-10-14,53,22,3,nan,23.0,32,24.0,53
34,線西,2021-10-14,53,10,3,nan,29.0,28,nan,53
35,二林,2021-10-14,58,2,2,nan,33.0,20,17.0,58
36,南投,2021-10-14,27,2,3,nan,18.0,27,8.0,22
37,斗六,2021-10-14,32,8,3,nan,20.0,32,14.0,30
38,崙背,2021-10-14,59,8,2,nan,25.0,37,19.0,59
39,新港,2021-10-14,51,5,3,nan,24.0,22,15.0,51
40,朴子,2021-10-14,36,10,3,nan,22.0,23,15.0,36
41,臺西,2021-10-14,43,5,2,nan,23.0,25,nan,43
42,嘉義,2021-10-14,45,5,5,nan,22.0,35,19.0,45
43,新營,2021-10-14,34,8,3,nan,19.0,33,19.0,34
44,善化,2021-10-14,42,5,3,nan,13.0,42,8.0,24
45,安南,2021-10-14,47,8,5,nan,24.0,35,19.0,47
46,臺南,2021-10-14,42,5,7,nan,18.0,42,18.0,33
47,美濃,2021-10-14,15,0,1,nan,10.0,10,15.0,8
48,橋頭,2021-10-14,42,2,6,nan,16.0,42,12.0,25
49,仁武,2021-10-14,42,5,5,nan,17.0,42,14.0,32
50,鳳山,2021-10-14,46,40,6,nan,18.0,42,nan,46
51,大寮,2021-10-14,42,8,3,nan,17.0,42,16.0,29
52,林園,2021-10-14,59,12,5,nan,28.0,59,20.0,51
53,楠梓,2021-10-14,50,5,6,nan,18.0,50,11.0,23
54,左營,2021-10-14,55,12,8,nan,21.0,55,14.0,44
56,前金,2021-10-14,52,20,7,nan,23.0,52,17.0,52
57,前鎮,2021-10-14,54,20,14,nan,23.0,54,nan,35
58,小港,2021-10-14,50,12,6,nan,20.0,50,13.0,44
60,潮州,2021-10-14,22,2,1,nan,10.0,8,22.0,13
61,恆春,2021-10-14,22,2,0,nan,2.0,2,22.0,5
62,臺東,2021-10-14,23,2,3,nan,6.0,23,15.0,8
63,花蓮,2021-10-14,23,2,3,nan,7.0,23,12.0,9
64,陽明,2021-10-14,19,5,1,nan,4.0,12,19.0,7
65,宜蘭,2021-10-14,20,2,2,nan,9.0,20,19.0,16
66,冬山,2021-10-14,33,8,3,nan,14.0,33,11.0,12
67,三重,2021-10-14,38,5,12,nan,14.0,38,nan,24
68,中壢,2021-10-14,40,5,17,nan,15.0,40,nan,18
69,竹山,2021-10-14,28,10,3,nan,19.0,28,6.0,25
70,永和,2021-10-14,22,0,3,nan,10.0,22,nan,11
71,復興,2021-10-14,56,15,14,nan,21.0,56,nan,48
72,埔里,2021-10-14,20,2,3,nan,12.0,20,5.0,16
75,馬祖,2021-10-14,23,0,1,nan,17.0,7,21.0,23
77,金門,2021-10-14,36,5,1,nan,21.0,17,36.0,22
78,馬公,2021-10-14,34,5,2,nan,21.0,13,34.0,28
80,關山,2021-10-14,14,2,1,nan,6.0,7,14.0,5
83,麥寮,2021-10-14,49,5,3,nan,nan,25,nan,49
84,富貴角,2021-10-14,24,5,0,nan,19.0,12,24.0,11
85,大城,2021-10-14,44,2,2,nan,24.0,18,22.0,44
31,忠明,2021-10-15,58,18,7,nan,31,55,45.0,58
7,新莊,2021-10-15,31,0,2,nan,24,23,31.0,23
32,西屯,2021-10-15,61,22,7,nan,39,57,44.0,61
33,彰化,2021-10-15,66,15,3,nan,34,33,51.0,66
9,林口,2021-10-15,27,2,1,nan,17,22,27.0,20
29,沙鹿,2021-10-15,63,20,8,nan,39,57,61.0,63
85,大城,2021-10-15,60,2,2,nan,37,20,58.0,60
34,線西,2021-10-15,64,18,3,nan,44,38,nan,64
3,萬里,2021-10-15,34,5,1,nan,22,13,34.0,22
28,豐原,2021-10-15,70,8,3,nan,37,32,61.0,70
54,左營,2021-10-15,42,8,5,nan,22,33,42.0,42
1,基隆,2021-10-15,31,2,2,nan,19,13,31.0,27
35,二林,2021-10-15,62,2,2,nan,44,20,47.0,62
56,前金,2021-10-15,46,5,5,nan,20,40,42.0,46
27,三義,2021-10-15,69,2,3,nan,36,33,58.0,69
30,大里,2021-10-15,67,15,7,nan,37,53,58.0,67
10,淡水,2021-10-15,31,0,1,nan,16,7,31.0,17
26,苗栗,2021-10-15,58,8,3,nan,29,33,58.0,57
36,南投,2021-10-15,51,8,3,nan,29,30,51.0,48
51,大寮,2021-10-15,55,28,3,nan,33,40,37.0,55
2,汐止,2021-10-15,37,2,1,nan,20,37,26.0,24
25,頭份,2021-10-15,54,5,3,nan,34,54,nan,54
11,士林,2021-10-15,30,0,1,nan,20,12,30.0,19
24,新竹,2021-10-15,50,5,2,nan,24,27,50.0,40
37,斗六,2021-10-15,51,8,2,nan,31,18,47.0,51
38,崙背,2021-10-15,68,2,2,nan,37,42,47.0,68
8,菜寮,2021-10-15,30,0,2,nan,20,22,29.0,30
52,林園,2021-10-15,45,5,2,nan,22,15,45.0,44
57,前鎮,2021-10-15,39,5,6,nan,25,38,nan,39
58,小港,2021-10-15,42,28,3,nan,23,40,31.0,42
23,竹東,2021-10-15,44,2,2,nan,23,27,44.0,36
39,新港,2021-10-15,59,2,3,nan,31,25,39.0,59
59,屏東,2021-10-15,42,2,3,nan,19,28,42.0,29
60,潮州,2021-10-15,49,5,1,nan,16,13,49.0,28
22,湖口,2021-10-15,34,2,1,nan,20,17,34.0,31
40,朴子,2021-10-15,49,5,3,nan,30,25,38.0,49
21,龍潭,2021-10-15,30,2,2,nan,18,20,30.0,23
5,土城,2021-10-15,30,2,2,nan,16,17,30.0,21
41,臺西,2021-10-15,57,5,3,nan,34,22,nan,57
61,恆春,2021-10-15,35,2,1,nan,17,0,35.0,24
53,楠梓,2021-10-15,36,5,3,nan,22,35,36.0,34
20,平鎮,2021-10-15,31,2,2,nan,15,23,31.0,24
62,臺東,2021-10-15,30,2,1,nan,21,10,30.0,22
19,觀音,2021-10-15,35,15,1,nan,17,22,35.0,26
18,大園,2021-10-15,29,5,2,nan,24,25,29.0,19
42,嘉義,2021-10-15,47,5,2,nan,24,20,47.0,44
43,新營,2021-10-15,45,2,3,nan,25,40,37.0,45
63,花蓮,2021-10-15,33,2,3,nan,17,30,33.0,21
64,陽明,2021-10-15,32,5,1,nan,14,5,32.0,18
44,善化,2021-10-15,37,8,2,nan,17,25,18.0,37
17,桃園,2021-10-15,31,15,3,nan,19,20,31.0,26
65,宜蘭,2021-10-15,35,2,2,nan,23,15,35.0,27
66,冬山,2021-10-15,27,10,2,nan,25,27,26.0,22
67,三重,2021-10-15,48,2,11,nan,23,48,nan,31
45,安南,2021-10-15,42,5,5,nan,23,42,31.0,36
46,臺南,2021-10-15,37,2,5,nan,23,37,31.0,36
16,大同,2021-10-15,52,2,8,nan,35,52,nan,42
15,松山,2021-10-15,35,5,2,nan,23,35,25.0,26
68,中壢,2021-10-15,45,2,12,nan,23,45,nan,26
47,美濃,2021-10-15,37,2,1,nan,16,10,37.0,23
69,竹山,2021-10-15,54,2,1,nan,26,13,54.0,44
6,板橋,2021-10-15,28,2,3,nan,19,27,28.0,27
48,橋頭,2021-10-15,36,2,3,nan,21,30,36.0,35
70,永和,2021-10-15,26,0,3,nan,20,23,nan,26
71,復興,2021-10-15,47,5,7,nan,21,43,nan,47
72,埔里,2021-10-15,71,5,3,nan,25,27,71.0,46
14,古亭,2021-10-15,31,0,1,nan,17,17,31.0,26
49,仁武,2021-10-15,41,15,3,nan,20,32,37.0,41
4,新店,2021-10-15,31,2,1,nan,17,17,31.0,23
75,馬祖,2021-10-15,32,8,1,nan,23,8,31.0,32
50,鳳山,2021-10-15,55,5,9,nan,25,38,nan,55
77,金門,2021-10-15,38,2,1,nan,31,8,38.0,31
78,馬公,2021-10-15,48,2,1,nan,18,8,48.0,19
13,萬華,2021-10-15,33,0,3,nan,19,33,23.0,25
80,關山,2021-10-15,28,2,1,nan,17,5,28.0,10
83,麥寮,2021-10-15,71,12,3,nan,42,23,nan,71
12,中山,2021-10-15,38,2,5,nan,20,38,23.0,28
84,富貴角,2021-10-15,40,0,0,nan,22,3,40.0,16
17,桃園,2021-10-16,37,12,2,nan,15,13,37.0,18
44,善化,2021-10-16,29,5,1,nan,18,17,27.0,29
77,金門,2021-10-16,43,10,2,nan,36,13,43.0,32
75,馬祖,2021-10-16,45,2,2,nan,21,5,45.0,28
72,埔里,2021-10-16,67,5,3,nan,24,22,67.0,56
71,復興,2021-10-16,36,5,5,nan,21,33,nan,36
45,安南,2021-10-16,49,2,2,nan,25,23,49.0,36
70,永和,2021-10-16,25,5,3,nan,16,22,nan,25
69,竹山,2021-10-16,80,15,2,nan,29,18,80.0,54
68,中壢,2021-10-16,37,2,9,nan,22,37,nan,21
67,三重,2021-10-16,48,2,10,nan,20,48,nan,27
66,冬山,2021-10-16,36,5,2,nan,18,15,36.0,15
65,宜蘭,2021-10-16,32,5,1,nan,16,12,32.0,21
64,陽明,2021-10-16,42,2,1,nan,7,3,42.0,16
63,花蓮,2021-10-16,33,2,2,nan,17,25,33.0,19
62,臺東,2021-10-16,32,2,1,nan,23,10,32.0,20
46,臺南,2021-10-16,45,2,2,nan,25,25,45.0,37
61,恆春,2021-10-16,32,2,1,nan,15,2,32.0,18
47,美濃,2021-10-16,46,2,1,nan,19,8,46.0,29
60,潮州,2021-10-16,54,2,1,nan,22,7,54.0,33
59,屏東,2021-10-16,49,10,2,nan,25,28,49.0,38
58,小港,2021-10-16,39,10,2,nan,23,35,37.0,39
57,前鎮,2021-10-16,38,8,5,nan,24,38,nan,31
48,橋頭,2021-10-16,41,2,2,nan,24,25,41.0,30
49,仁武,2021-10-16,41,5,2,nan,24,27,41.0,37
18,大園,2021-10-16,39,2,1,nan,27,17,39.0,20
56,前金,2021-10-16,44,2,3,nan,21,28,44.0,40
19,觀音,2021-10-16,54,54,1,nan,26,37,40.0,32
54,左營,2021-10-16,43,5,3,nan,22,35,43.0,36
50,鳳山,2021-10-16,51,5,6,nan,21,35,nan,51
20,平鎮,2021-10-16,35,5,2,nan,15,15,35.0,20
51,大寮,2021-10-16,44,18,2,nan,28,25,42.0,44
21,龍潭,2021-10-16,31,2,2,nan,15,20,31.0,17
52,林園,2021-10-16,51,8,2,nan,25,15,48.0,51
53,楠梓,2021-10-16,41,2,2,nan,24,33,41.0,29
22,湖口,2021-10-16,39,5,1,nan,18,15,39.0,26
23,竹東,2021-10-16,37,2,2,nan,17,20,37.0,26
24,新竹,2021-10-16,38,2,2,nan,19,20,38.0,23
25,頭份,2021-10-16,42,10,2,nan,27,25,nan,42
26,苗栗,2021-10-16,48,8,3,nan,29,27,48.0,46
27,三義,2021-10-16,58,5,2,nan,31,15,58.0,55
28,豐原,2021-10-16,54,8,3,nan,29,17,54.0,46
29,沙鹿,2021-10-16,51,5,2,nan,34,27,51.0,48
30,大里,2021-10-16,71,2,3,nan,31,27,71.0,56
1,基隆,2021-10-16,43,2,2,nan,21,18,43.0,24
31,忠明,2021-10-16,54,5,3,nan,28,38,49.0,54
2,汐止,2021-10-16,36,12,1,nan,16,18,36.0,19
32,西屯,2021-10-16,51,8,3,nan,34,32,47.0,51
3,萬里,2021-10-16,44,0,1,nan,34,8,44.0,28
33,彰化,2021-10-16,48,25,3,nan,29,23,48.0,44
4,新店,2021-10-16,33,12,2,nan,14,20,33.0,18
5,土城,2021-10-16,33,8,2,nan,14,15,33.0,20
34,線西,2021-10-16,52,22,2,nan,43,23,nan,52
35,二林,2021-10-16,49,10,2,nan,46,15,48.0,49
6,板橋,2021-10-16,33,5,2,nan,17,20,33.0,23
36,南投,2021-10-16,77,10,3,nan,27,23,77.0,48
7,新莊,2021-10-16,34,2,1,nan,20,17,34.0,22
37,斗六,2021-10-16,64,8,2,nan,28,17,64.0,46
8,菜寮,2021-10-16,34,2,2,nan,15,18,34.0,23
9,林口,2021-10-16,40,2,1,nan,15,12,40.0,16
10,淡水,2021-10-16,41,2,1,nan,14,8,41.0,15
38,崙背,2021-10-16,54,8,2,nan,44,30,46.0,54
11,士林,2021-10-16,40,2,1,nan,16,7,40.0,16
12,中山,2021-10-16,32,8,3,nan,16,22,32.0,19
39,新港,2021-10-16,44,5,2,nan,29,22,44.0,44
13,萬華,2021-10-16,30,5,2,nan,18,23,30.0,20
40,朴子,2021-10-16,44,5,2,nan,28,25,44.0,31
14,古亭,2021-10-16,36,8,2,nan,13,13,36.0,20
41,臺西,2021-10-16,43,15,2,nan,41,27,nan,43
15,松山,2021-10-16,37,10,1,nan,18,18,37.0,22
42,嘉義,2021-10-16,49,5,2,nan,22,20,49.0,36
16,大同,2021-10-16,35,5,6,nan,26,35,nan,33
43,新營,2021-10-16,46,5,2,nan,22,30,46.0,36
85,大城,2021-10-16,52,5,1,nan,40,15,48.0,52
84,富貴角,2021-10-16,50,0,1,nan,28,5,50.0,23
83,麥寮,2021-10-16,46,8,2,nan,42,17,nan,46
80,關山,2021-10-16,29,2,1,nan,15,5,29.0,11
78,馬公,2021-10-16,43,5,1,nan,34,10,43.0,36
38,崙背,2021-10-17,74,5,1,nan,74,10,41.0,32
2,汐止,2021-10-17,34,5,1,nan,20,18,34.0,24
1,基隆,2021-10-17,39,2,1,nan,30,3,39.0,33
39,新港,2021-10-17,41,0,2,nan,34,7,41.0,24
40,朴子,2021-10-17,48,8,2,nan,48,15,43.0,19
41,臺西,2021-10-17,75,8,2,nan,75,15,nan,43
42,嘉義,2021-10-17,45,5,2,nan,24,20,45.0,26
43,新營,2021-10-17,46,2,2,nan,29,17,46.0,28
44,善化,2021-10-17,27,8,1,nan,24,13,27.0,27
45,安南,2021-10-17,49,2,2,nan,35,13,49.0,28
46,臺南,2021-10-17,50,2,2,nan,37,18,50.0,33
47,美濃,2021-10-17,43,2,2,nan,23,8,43.0,37
48,橋頭,2021-10-17,48,2,2,nan,33,20,48.0,41
49,仁武,2021-10-17,50,8,3,nan,30,25,50.0,45
50,鳳山,2021-10-17,56,10,5,nan,32,38,nan,56
51,大寮,2021-10-17,49,18,3,nan,32,33,48.0,49
52,林園,2021-10-17,87,8,2,nan,33,15,87.0,55
53,楠梓,2021-10-17,46,5,2,nan,32,27,46.0,40
54,左營,2021-10-17,64,8,3,nan,38,35,64.0,50
56,前金,2021-10-17,61,5,3,nan,33,30,61.0,52
57,前鎮,2021-10-17,42,8,5,nan,37,33,nan,42
58,小港,2021-10-17,53,22,3,nan,37,45,51.0,53
59,屏東,2021-10-17,48,15,5,nan,30,25,47.0,48
60,潮州,2021-10-17,54,8,2,nan,26,13,54.0,37
61,恆春,2021-10-17,41,2,1,nan,15,2,41.0,16
62,臺東,2021-10-17,41,2,1,nan,41,8,38.0,17
63,花蓮,2021-10-17,42,0,2,nan,16,17,42.0,12
64,陽明,2021-10-17,40,2,1,nan,6,2,40.0,10
65,宜蘭,2021-10-17,37,2,1,nan,4,8,37.0,10
66,冬山,2021-10-17,37,0,1,nan,9,12,37.0,9
67,三重,2021-10-17,50,2,10,nan,21,50,nan,25
68,中壢,2021-10-17,38,5,6,nan,22,38,nan,23
69,竹山,2021-10-17,48,2,2,nan,18,22,48.0,30
70,永和,2021-10-17,28,0,3,nan,22,17,nan,28
71,復興,2021-10-17,49,10,6,nan,34,32,nan,49
72,埔里,2021-10-17,45,2,2,nan,22,13,41.0,45
75,馬祖,2021-10-17,44,0,1,nan,21,7,44.0,28
77,金門,2021-10-17,46,5,1,nan,34,10,46.0,27
78,馬公,2021-10-17,43,2,1,nan,36,3,43.0,34
80,關山,2021-10-17,36,2,1,nan,15,3,36.0,11
83,麥寮,2021-10-17,81,12,2,nan,81,18,nan,36
84,富貴角,2021-10-17,50,0,1,nan,50,2,46.0,44
85,大城,2021-10-17,50,10,2,nan,50,18,44.0,34
37,斗六,2021-10-17,44,5,2,nan,23,13,44.0,24
36,南投,2021-10-17,41,2,2,nan,18,17,41.0,27
35,二林,2021-10-17,56,0,1,nan,56,7,42.0,22
34,線西,2021-10-17,30,5,1,nan,30,10,nan,19
33,彰化,2021-10-17,40,2,2,nan,19,17,40.0,16
32,西屯,2021-10-17,39,5,1,nan,20,12,39.0,17
31,忠明,2021-10-17,38,2,2,nan,17,17,38.0,16
30,大里,2021-10-17,40,2,2,nan,13,15,40.0,17
29,沙鹿,2021-10-17,43,2,1,nan,24,10,43.0,16
28,豐原,2021-10-17,39,2,1,nan,13,10,39.0,14
27,三義,2021-10-17,39,2,1,nan,14,8,39.0,9
26,苗栗,2021-10-17,38,2,1,nan,17,13,38.0,14
25,頭份,2021-10-17,17,2,1,nan,17,13,nan,17
24,新竹,2021-10-17,36,2,2,nan,18,15,36.0,26
23,竹東,2021-10-17,37,0,1,nan,12,7,37.0,18
22,湖口,2021-10-17,36,2,1,nan,22,12,36.0,30
21,龍潭,2021-10-17,32,2,2,nan,15,12,32.0,18
20,平鎮,2021-10-17,33,5,2,nan,18,18,33.0,25
19,觀音,2021-10-17,37,10,1,nan,29,15,37.0,32
18,大園,2021-10-17,34,2,1,nan,27,25,34.0,22
17,桃園,2021-10-17,36,10,3,nan,18,18,36.0,20
16,大同,2021-10-17,48,2,7,nan,32,48,nan,42
15,松山,2021-10-17,36,2,2,nan,20,22,36.0,26
14,古亭,2021-10-17,36,0,2,nan,17,13,36.0,26
13,萬華,2021-10-17,33,0,2,nan,16,27,33.0,23
12,中山,2021-10-17,34,2,3,nan,17,25,34.0,23
11,士林,2021-10-17,38,2,1,nan,16,10,38.0,17
10,淡水,2021-10-17,36,0,1,nan,20,3,36.0,20
9,林口,2021-10-17,36,2,1,nan,19,15,36.0,20
8,菜寮,2021-10-17,36,0,2,nan,14,17,36.0,21
7,新莊,2021-10-17,34,0,1,nan,19,17,34.0,21
6,板橋,2021-10-17,36,2,2,nan,16,23,36.0,27
5,土城,2021-10-17,34,2,2,nan,17,15,34.0,20
4,新店,2021-10-17,34,2,2,nan,19,13,34.0,23
3,萬里,2021-10-17,80,0,1,nan,80,3,41.0,51
58,小港,2021-10-18,56,20,5,nan,42.0,56,45.0,55
39,新港,2021-10-18,49,12,3,nan,31.0,27,49.0,37
23,竹東,2021-10-18,34,0,1,nan,12.0,12,34.0,16
22,湖口,2021-10-18,34,2,2,nan,19.0,22,34.0,25
84,富貴角,2021-10-18,45,0,1,nan,37.0,0,45.0,19
71,復興,2021-10-18,54,10,7,nan,42.0,54,nan,52
72,埔里,2021-10-18,51,2,2,nan,25.0,20,51.0,38
32,西屯,2021-10-18,40,2,2,nan,22.0,35,40.0,20
36,南投,2021-10-18,51,5,3,nan,24.0,38,51.0,37
21,龍潭,2021-10-18,31,2,2,nan,17.0,20,31.0,17
63,花蓮,2021-10-18,40,2,3,nan,15.0,20,40.0,16
31,忠明,2021-10-18,40,5,3,nan,18.0,33,40.0,26
20,平鎮,2021-10-18,50,5,5,nan,18.0,50,31.0,23
40,朴子,2021-10-18,58,12,2,nan,35.0,25,58.0,28
75,馬祖,2021-10-18,43,2,1,nan,18.0,8,43.0,29
19,觀音,2021-10-18,35,12,1,nan,24.0,35,34.0,28
35,二林,2021-10-18,46,10,3,nan,34.0,37,46.0,27
18,大園,2021-10-18,40,8,2,nan,24.0,40,30.0,15
77,金門,2021-10-18,51,8,2,nan,35.0,12,51.0,36
30,大里,2021-10-18,45,5,3,nan,21.0,43,45.0,26
17,桃園,2021-10-18,30,10,5,nan,19.0,30,29.0,23
78,馬公,2021-10-18,44,0,1,nan,24.0,5,44.0,24
80,關山,2021-10-18,33,2,1,nan,14.0,10,33.0,11
16,大同,2021-10-18,57,2,14,nan,35.0,57,nan,44
15,松山,2021-10-18,50,5,3,nan,22.0,50,27.0,23
14,古亭,2021-10-18,30,2,2,nan,15.0,22,30.0,21
64,陽明,2021-10-18,37,0,1,nan,10.0,0,37.0,11
13,萬華,2021-10-18,53,5,5,nan,19.0,53,28.0,24
12,中山,2021-10-18,52,5,7,nan,21.0,52,28.0,25
57,前鎮,2021-10-18,52,12,6,nan,42.0,52,nan,48
83,麥寮,2021-10-18,33,15,3,nan,33.0,25,nan,30
65,宜蘭,2021-10-18,35,2,2,nan,14.0,12,35.0,15
11,士林,2021-10-18,33,2,2,nan,21.0,28,33.0,21
10,淡水,2021-10-18,35,0,3,nan,18.0,35,30.0,15
29,沙鹿,2021-10-18,46,2,2,nan,19.0,25,46.0,18
9,林口,2021-10-18,33,2,3,nan,20.0,33,30.0,18
42,嘉義,2021-10-18,50,12,5,nan,31.0,32,50.0,42
8,菜寮,2021-10-18,45,5,5,nan,19.0,45,30.0,23
59,屏東,2021-10-18,50,18,5,nan,39.0,33,49.0,50
7,新莊,2021-10-18,37,2,5,nan,24.0,37,31.0,23
34,線西,2021-10-18,24,12,3,nan,nan,23,nan,24
6,板橋,2021-10-18,45,2,5,nan,19.0,45,29.0,26
28,豐原,2021-10-18,37,2,2,nan,17.0,20,37.0,24
41,臺西,2021-10-18,30,12,2,nan,28.0,27,nan,30
60,潮州,2021-10-18,45,8,2,nan,29.0,17,45.0,33
27,三義,2021-10-18,31,2,1,nan,11.0,22,31.0,13
5,土城,2021-10-18,30,2,3,nan,17.0,28,30.0,16
66,冬山,2021-10-18,31,0,2,nan,14.0,23,31.0,12
4,新店,2021-10-18,33,0,2,nan,17.0,33,29.0,15
67,三重,2021-10-18,57,5,14,nan,26.0,57,nan,30
3,萬里,2021-10-18,52,0,2,nan,52.0,17,41.0,29
49,仁武,2021-10-18,58,12,6,nan,37.0,58,58.0,54
38,崙背,2021-10-18,58,15,3,nan,31.0,32,58.0,35
37,斗六,2021-10-18,90,5,2,nan,30.0,27,90.0,38
48,橋頭,2021-10-18,80,8,5,nan,43.0,48,80.0,58
2,汐止,2021-10-18,50,12,3,nan,19.0,50,22.0,23
26,苗栗,2021-10-18,36,8,2,nan,14.0,25,36.0,14
85,大城,2021-10-18,61,12,3,nan,28.0,28,61.0,27
68,中壢,2021-10-18,52,5,9,nan,22.0,52,nan,23
56,前金,2021-10-18,77,8,5,nan,39.0,45,77.0,54
47,美濃,2021-10-18,67,8,3,nan,32.0,13,67.0,47
50,鳳山,2021-10-18,64,15,7,nan,39.0,56,nan,64
46,臺南,2021-10-18,84,8,5,nan,40.0,37,84.0,53
25,頭份,2021-10-18,38,5,2,nan,18.0,38,nan,18
45,安南,2021-10-18,97,10,3,nan,39.0,38,97.0,47
1,基隆,2021-10-18,33,2,3,nan,22.0,33,31.0,27
51,大寮,2021-10-18,46,22,5,nan,37.0,37,44.0,46
24,新竹,2021-10-18,38,2,3,nan,20.0,38,33.0,22
52,林園,2021-10-18,50,5,2,nan,37.0,27,50.0,49
44,善化,2021-10-18,41,12,2,nan,32.0,22,37.0,41
69,竹山,2021-10-18,87,5,2,nan,27.0,35,87.0,42
33,彰化,2021-10-18,45,5,3,nan,19.0,28,45.0,21
61,恆春,2021-10-18,41,2,1,nan,11.0,2,41.0,12
53,楠梓,2021-10-18,64,8,5,nan,42.0,51,64.0,52
43,新營,2021-10-18,87,10,3,nan,29.0,30,87.0,39
62,臺東,2021-10-18,36,2,2,nan,17.0,13,36.0,13
70,永和,2021-10-18,32,2,5,nan,21.0,32,nan,20
54,左營,2021-10-18,71,10,5,nan,39.0,48,71.0,54
36,南投,2021-10-19,101,5,3,nan,30,37,101.0,50
10,淡水,2021-10-19,37,0,2,nan,16,17,37.0,15
66,冬山,2021-10-19,30,2,2,nan,20,30,29.0,13
14,古亭,2021-10-19,33,2,2,nan,17,33,32.0,20
2,汐止,2021-10-19,38,8,2,nan,18,38,32.0,22
65,宜蘭,2021-10-19,30,2,2,nan,17,18,30.0,16
42,嘉義,2021-10-19,104,25,3,nan,41,33,104.0,57
43,新營,2021-10-19,93,10,3,nan,36,38,93.0,48
15,松山,2021-10-19,38,5,2,nan,20,38,32.0,25
64,陽明,2021-10-19,39,2,1,nan,6,2,39.0,10
44,善化,2021-10-19,50,12,3,nan,32,30,37.0,50
63,花蓮,2021-10-19,38,2,3,nan,16,27,38.0,18
16,大同,2021-10-19,52,0,9,nan,36,52,nan,44
17,桃園,2021-10-19,35,12,5,nan,20,35,33.0,27
1,基隆,2021-10-19,39,0,3,nan,19,33,39.0,21
62,臺東,2021-10-19,34,2,2,nan,16,13,34.0,17
18,大園,2021-10-19,35,8,1,nan,20,33,35.0,18
19,觀音,2021-10-19,39,10,1,nan,19,13,39.0,20
45,安南,2021-10-19,97,10,5,nan,43,43,97.0,55
61,恆春,2021-10-19,39,2,1,nan,9,2,39.0,13
20,平鎮,2021-10-19,43,5,3,nan,20,43,31.0,25
21,龍潭,2021-10-19,34,5,3,nan,22,32,34.0,24
60,潮州,2021-10-19,77,5,3,nan,37,20,77.0,56
22,湖口,2021-10-19,39,2,1,nan,19,15,39.0,28
46,臺南,2021-10-19,100,12,5,nan,42,38,100.0,58
59,屏東,2021-10-19,97,10,6,nan,52,38,97.0,69
23,竹東,2021-10-19,38,2,2,nan,15,17,38.0,25
58,小港,2021-10-19,118,32,6,nan,56,57,118.0,74
9,林口,2021-10-19,33,2,2,nan,20,33,31.0,19
47,美濃,2021-10-19,161,5,3,nan,44,18,161.0,72
24,新竹,2021-10-19,38,2,2,nan,21,28,38.0,25
25,頭份,2021-10-19,32,8,2,nan,23,32,nan,28
26,苗栗,2021-10-19,74,8,3,nan,19,30,74.0,25
8,菜寮,2021-10-19,40,8,3,nan,17,40,34.0,21
57,前鎮,2021-10-19,75,22,7,nan,60,52,nan,75
27,三義,2021-10-19,61,5,2,nan,18,20,61.0,25
85,大城,2021-10-19,54,12,3,nan,30,28,54.0,33
56,前金,2021-10-19,169,22,6,nan,54,48,169.0,76
28,豐原,2021-10-19,64,5,2,nan,20,20,64.0,32
48,橋頭,2021-10-19,156,8,5,nan,54,40,156.0,71
54,左營,2021-10-19,154,18,6,nan,51,37,154.0,71
29,沙鹿,2021-10-19,67,5,2,nan,27,27,67.0,28
53,楠梓,2021-10-19,150,10,5,nan,54,40,150.0,66
49,仁武,2021-10-19,151,12,5,nan,48,51,151.0,72
30,大里,2021-10-19,80,5,5,nan,30,40,80.0,46
50,鳳山,2021-10-19,83,18,8,nan,51,54,nan,83
31,忠明,2021-10-19,67,5,3,nan,24,35,67.0,35
32,西屯,2021-10-19,61,5,2,nan,28,35,61.0,31
33,彰化,2021-10-19,64,5,3,nan,24,35,64.0,31
52,林園,2021-10-19,136,12,3,nan,50,43,136.0,74
34,線西,2021-10-19,34,25,3,nan,34,27,nan,33
51,大寮,2021-10-19,90,18,5,nan,51,51,90.0,72
7,新莊,2021-10-19,40,2,3,nan,22,40,34.0,22
35,二林,2021-10-19,61,10,2,nan,37,23,61.0,35
84,富貴角,2021-10-19,48,0,2,nan,27,2,48.0,13
83,麥寮,2021-10-19,35,12,3,nan,32,32,nan,35
80,關山,2021-10-19,31,2,1,nan,12,7,31.0,10
6,板橋,2021-10-19,45,2,3,nan,20,45,33.0,33
5,土城,2021-10-19,33,10,3,nan,20,33,32.0,18
78,馬公,2021-10-19,45,2,1,nan,21,7,45.0,22
77,金門,2021-10-19,87,12,2,nan,36,27,87.0,52
75,馬祖,2021-10-19,49,5,2,nan,27,12,49.0,40
4,新店,2021-10-19,31,5,3,nan,18,27,31.0,20
72,埔里,2021-10-19,101,2,3,nan,28,23,101.0,53
3,萬里,2021-10-19,35,0,2,nan,35,28,27.0,17
71,復興,2021-10-19,76,22,8,nan,56,52,nan,76
70,永和,2021-10-19,40,0,7,nan,22,40,nan,26
12,中山,2021-10-19,48,5,6,nan,21,48,27.0,22
39,新港,2021-10-19,64,10,3,nan,34,22,64.0,48
69,竹山,2021-10-19,132,5,3,nan,36,37,132.0,59
13,萬華,2021-10-19,43,2,3,nan,17,43,30.0,22
40,朴子,2021-10-19,64,10,2,nan,34,23,64.0,34
38,崙背,2021-10-19,64,12,2,nan,43,27,64.0,44
11,士林,2021-10-19,36,2,3,nan,20,35,36.0,20
68,中壢,2021-10-19,55,5,10,nan,25,55,nan,27
37,斗六,2021-10-19,52,8,3,nan,40,28,43.0,52
67,三重,2021-10-19,59,2,14,nan,22,59,nan,28
41,臺西,2021-10-19,30,10,3,nan,28,23,nan,30
28,豐原,2021-10-20,101,10.0,3.0,nan,32.0,27.0,101.0,58.0
85,大城,2021-10-20,112,15.0,2.0,nan,27.0,23.0,112.0,35.0
84,富貴角,2021-10-20,58,0.0,2.0,nan,23.0,3.0,58.0,13.0
83,麥寮,2021-10-20,44,10.0,3.0,nan,31.0,28.0,nan,44.0
80,關山,2021-10-20,32,2.0,2.0,nan,12.0,7.0,32.0,13.0
78,馬公,2021-10-20,74,2.0,2.0,nan,19.0,8.0,74.0,25.0
77,金門,2021-10-20,100,5.0,3.0,nan,37.0,13.0,100.0,63.0
75,馬祖,2021-10-20,49,2.0,2.0,nan,22.0,12.0,33.0,49.0
72,埔里,2021-10-20,118,2.0,5.0,nan,43.0,18.0,118.0,81.0
71,復興,2021-10-20,-1,nan,nan,nan,nan,nan,nan,nan
70,永和,2021-10-20,48,18.0,8.0,nan,15.0,48.0,nan,26.0
69,竹山,2021-10-20,122,5.0,3.0,nan,43.0,28.0,122.0,82.0
68,中壢,2021-10-20,-1,nan,nan,nan,nan,nan,nan,nan
67,三重,2021-10-20,-1,nan,nan,nan,nan,nan,nan,nan
66,冬山,2021-10-20,35,2.0,2.0,nan,14.0,18.0,35.0,16.0
65,宜蘭,2021-10-20,39,2.0,2.0,nan,12.0,15.0,39.0,16.0
64,陽明,2021-10-20,43,2.0,2.0,nan,5.0,5.0,43.0,16.0
63,花蓮,2021-10-20,36,2.0,3.0,nan,14.0,17.0,36.0,18.0
62,臺東,2021-10-20,36,2.0,2.0,nan,12.0,20.0,36.0,12.0
61,恆春,2021-10-20,39,2.0,1.0,nan,7.0,2.0,39.0,10.0
60,潮州,2021-10-20,129,8.0,3.0,nan,34.0,17.0,129.0,59.0
59,屏東,2021-10-20,126,8.0,3.0,nan,42.0,18.0,126.0,67.0
58,小港,2021-10-20,87,10.0,5.0,nan,43.0,38.0,87.0,70.0
57,前鎮,2021-10-20,62,10.0,6.0,nan,43.0,43.0,nan,62.0
56,前金,2021-10-20,122,5.0,5.0,nan,39.0,35.0,122.0,65.0
54,左營,2021-10-20,87,8.0,5.0,nan,40.0,40.0,87.0,65.0
53,楠梓,2021-10-20,104,8.0,5.0,nan,43.0,57.0,104.0,62.0
52,林園,2021-10-20,126,10.0,3.0,nan,43.0,28.0,126.0,75.0
51,大寮,2021-10-20,97,18.0,5.0,nan,51.0,37.0,97.0,82.0
50,鳳山,2021-10-20,77,10.0,7.0,nan,41.0,45.0,nan,77.0
49,仁武,2021-10-20,108,12.0,5.0,nan,38.0,47.0,108.0,67.0
48,橋頭,2021-10-20,112,12.0,3.0,nan,44.0,38.0,112.0,67.0
47,美濃,2021-10-20,115,5.0,3.0,nan,34.0,13.0,115.0,65.0
46,臺南,2021-10-20,122,8.0,5.0,nan,41.0,42.0,122.0,58.0
45,安南,2021-10-20,115,8.0,5.0,nan,39.0,51.0,115.0,54.0
44,善化,2021-10-20,55,10.0,3.0,nan,33.0,30.0,48.0,55.0
43,新營,2021-10-20,126,8.0,5.0,nan,39.0,30.0,126.0,62.0
42,嘉義,2021-10-20,122,28.0,3.0,nan,41.0,33.0,122.0,67.0
41,臺西,2021-10-20,42,15.0,3.0,nan,30.0,28.0,nan,42.0
40,朴子,2021-10-20,112,8.0,3.0,nan,38.0,22.0,112.0,52.0
39,新港,2021-10-20,101,10.0,3.0,nan,40.0,30.0,101.0,59.0
38,崙背,2021-10-20,108,10.0,3.0,nan,38.0,32.0,108.0,57.0
37,斗六,2021-10-20,126,8.0,3.0,nan,47.0,28.0,126.0,71.0
36,南投,2021-10-20,132,18.0,5.0,nan,43.0,35.0,132.0,75.0
35,二林,2021-10-20,118,10.0,3.0,nan,36.0,18.0,118.0,46.0
34,線西,2021-10-20,38,22.0,3.0,nan,30.0,33.0,nan,38.0
33,彰化,2021-10-20,97,20.0,5.0,nan,30.0,37.0,97.0,44.0
32,西屯,2021-10-20,104,5.0,3.0,nan,30.0,32.0,104.0,44.0
31,忠明,2021-10-20,126,5.0,5.0,nan,27.0,42.0,126.0,44.0
30,大里,2021-10-20,143,5.0,5.0,nan,37.0,35.0,143.0,61.0
29,沙鹿,2021-10-20,112,5.0,2.0,nan,26.0,32.0,112.0,38.0
27,三義,2021-10-20,77,2.0,2.0,nan,21.0,23.0,77.0,28.0
26,苗栗,2021-10-20,49,10.0,3.0,nan,17.0,25.0,49.0,22.0
25,頭份,2021-10-20,27,5.0,3.0,nan,19.0,27.0,nan,27.0
24,新竹,2021-10-20,47,2.0,3.0,nan,18.0,27.0,47.0,28.0
23,竹東,2021-10-20,43,2.0,2.0,nan,15.0,25.0,43.0,28.0
22,湖口,2021-10-20,44,2.0,2.0,nan,17.0,18.0,44.0,30.0
21,龍潭,2021-10-20,37,5.0,3.0,nan,16.0,37.0,36.0,26.0
20,平鎮,2021-10-20,45,8.0,5.0,nan,14.0,45.0,32.0,27.0
19,觀音,2021-10-20,43,10.0,2.0,nan,17.0,13.0,43.0,24.0
18,大園,2021-10-20,40,8.0,2.0,nan,18.0,38.0,40.0,16.0
17,桃園,2021-10-20,35,10.0,5.0,nan,14.0,35.0,34.0,24.0
16,大同,2021-10-20,57,8.0,18.0,nan,29.0,57.0,nan,44.0
15,松山,2021-10-20,43,20.0,3.0,nan,14.0,43.0,29.0,20.0
14,古亭,2021-10-20,47,15.0,5.0,nan,15.0,47.0,35.0,23.0
13,萬華,2021-10-20,52,32.0,5.0,nan,12.0,52.0,31.0,21.0
12,中山,2021-10-20,51,12.0,7.0,nan,12.0,51.0,30.0,22.0
11,士林,2021-10-20,38,5.0,5.0,nan,13.0,32.0,38.0,20.0
10,淡水,2021-10-20,36,2.0,3.0,nan,10.0,22.0,36.0,16.0
9,林口,2021-10-20,43,2.0,3.0,nan,15.0,43.0,31.0,21.0
8,菜寮,2021-10-20,38,5.0,5.0,nan,11.0,38.0,34.0,25.0
7,新莊,2021-10-20,51,20.0,5.0,nan,15.0,51.0,33.0,23.0
6,板橋,2021-10-20,51,10.0,6.0,nan,15.0,51.0,33.0,27.0
5,土城,2021-10-20,50,15.0,5.0,nan,14.0,50.0,31.0,20.0
4,新店,2021-10-20,40,2.0,5.0,nan,12.0,40.0,29.0,16.0
3,萬里,2021-10-20,44,5.0,2.0,nan,28.0,15.0,44.0,18.0
2,汐止,2021-10-20,47,12.0,2.0,nan,11.0,47.0,27.0,18.0
1,基隆,2021-10-20,38,2.0,3.0,nan,14.0,30.0,38.0,18.0
75,馬祖,2021-10-21,33,2.0,1.0,nan,0.0,10.0,33.0,8.0
72,埔里,2021-10-21,49,2.0,2.0,nan,23.0,15.0,48.0,49.0
71,復興,2021-10-21,-1,nan,nan,nan,nan,nan,nan,nan
70,永和,2021-10-21,-1,nan,nan,nan,nan,nan,nan,nan
69,竹山,2021-10-21,61,2.0,2.0,nan,24.0,32.0,61.0,47.0
5,土城,2021-10-21,52,5.0,3.0,nan,13.0,52.0,25.0,22.0
68,中壢,2021-10-21,-1,nan,nan,nan,nan,nan,nan,nan
67,三重,2021-10-21,-1,nan,nan,nan,nan,nan,nan,nan
66,冬山,2021-10-21,34,2.0,3.0,nan,16.0,25.0,34.0,13.0
65,宜蘭,2021-10-21,36,2.0,2.0,nan,11.0,15.0,36.0,15.0
64,陽明,2021-10-21,41,2.0,1.0,nan,2.0,3.0,41.0,10.0
63,花蓮,2021-10-21,37,2.0,2.0,nan,14.0,17.0,37.0,14.0
62,臺東,2021-10-21,36,2.0,2.0,nan,14.0,10.0,36.0,12.0
61,恆春,2021-10-21,67,5.0,2.0,nan,16.0,5.0,67.0,32.0
60,潮州,2021-10-21,67,2.0,2.0,nan,29.0,22.0,67.0,42.0
59,屏東,2021-10-21,48,5.0,2.0,nan,33.0,18.0,48.0,48.0
10,淡水,2021-10-21,35,8.0,2.0,nan,10.0,23.0,35.0,11.0
58,小港,2021-10-21,51,8.0,3.0,nan,34.0,47.0,50.0,51.0
57,前鎮,2021-10-21,42,10.0,5.0,nan,34.0,42.0,nan,42.0
56,前金,2021-10-21,74,5.0,3.0,nan,33.0,32.0,74.0,55.0
54,左營,2021-10-21,55,5.0,3.0,nan,39.0,27.0,44.0,55.0
53,楠梓,2021-10-21,61,5.0,3.0,nan,37.0,37.0,61.0,46.0
13,萬華,2021-10-21,54,12.0,6.0,nan,14.0,54.0,22.0,25.0
52,林園,2021-10-21,59,10.0,3.0,nan,47.0,48.0,51.0,59.0
51,大寮,2021-10-21,53,15.0,2.0,nan,36.0,33.0,50.0,53.0
16,大同,2021-10-21,-1,nan,nan,nan,nan,nan,nan,nan
50,鳳山,2021-10-21,59,5.0,7.0,nan,32.0,43.0,nan,59.0
49,仁武,2021-10-21,71,10.0,3.0,nan,32.0,52.0,71.0,55.0
48,橋頭,2021-10-21,58,5.0,3.0,nan,44.0,42.0,58.0,57.0
47,美濃,2021-10-21,58,2.0,2.0,nan,24.0,12.0,58.0,42.0
46,臺南,2021-10-21,59,10.0,6.0,nan,44.0,53.0,54.0,59.0
45,安南,2021-10-21,55,10.0,5.0,nan,42.0,40.0,46.0,55.0
44,善化,2021-10-21,49,10.0,3.0,nan,29.0,20.0,49.0,44.0
43,新營,2021-10-21,55,8.0,5.0,nan,38.0,32.0,51.0,55.0
42,嘉義,2021-10-21,53,20.0,3.0,nan,31.0,27.0,49.0,53.0
41,臺西,2021-10-21,35,12.0,3.0,nan,31.0,25.0,nan,35.0
40,朴子,2021-10-21,43,8.0,3.0,nan,42.0,20.0,42.0,43.0
39,新港,2021-10-21,53,10.0,3.0,nan,44.0,22.0,41.0,53.0
38,崙背,2021-10-21,50,10.0,3.0,nan,50.0,28.0,39.0,48.0
4,新店,2021-10-21,38,2.0,3.0,nan,14.0,38.0,27.0,16.0
37,斗六,2021-10-21,51,5.0,3.0,nan,30.0,25.0,51.0,46.0
9,林口,2021-10-21,33,2.0,2.0,nan,6.0,17.0,33.0,11.0
36,南投,2021-10-21,53,5.0,5.0,nan,28.0,30.0,44.0,53.0
35,二林,2021-10-21,40,8.0,3.0,nan,38.0,23.0,40.0,34.0
3,萬里,2021-10-21,43,0.0,1.0,nan,19.0,7.0,43.0,8.0
34,線西,2021-10-21,32,15.0,3.0,nan,24.0,32.0,nan,24.0
33,彰化,2021-10-21,35,28.0,3.0,nan,22.0,33.0,35.0,29.0
32,西屯,2021-10-21,43,5.0,3.0,nan,24.0,43.0,35.0,30.0
14,古亭,2021-10-21,45,10.0,3.0,nan,11.0,45.0,24.0,21.0
31,忠明,2021-10-21,45,5.0,3.0,nan,18.0,45.0,34.0,32.0
2,汐止,2021-10-21,47,5.0,3.0,nan,11.0,47.0,26.0,19.0
8,菜寮,2021-10-21,35,2.0,3.0,nan,9.0,35.0,29.0,22.0
30,大里,2021-10-21,38,2.0,5.0,nan,24.0,35.0,36.0,38.0
1,基隆,2021-10-21,38,5.0,2.0,nan,12.0,25.0,38.0,18.0
29,沙鹿,2021-10-21,33,2.0,2.0,nan,19.0,33.0,30.0,21.0
12,中山,2021-10-21,51,8.0,7.0,nan,13.0,51.0,21.0,23.0
28,豐原,2021-10-21,37,5.0,3.0,nan,20.0,37.0,34.0,33.0
27,三義,2021-10-21,37,5.0,3.0,nan,17.0,37.0,31.0,25.0
11,士林,2021-10-21,48,2.0,3.0,nan,12.0,48.0,27.0,17.0
26,苗栗,2021-10-21,28,5.0,2.0,nan,12.0,22.0,28.0,17.0
7,新莊,2021-10-21,32,20.0,2.0,nan,11.0,32.0,32.0,19.0
25,頭份,2021-10-21,23,5.0,2.0,nan,13.0,23.0,nan,14.0
15,松山,2021-10-21,51,5.0,3.0,nan,12.0,51.0,22.0,19.0
24,新竹,2021-10-21,32,5.0,2.0,nan,10.0,25.0,32.0,17.0
85,大城,2021-10-21,37,10.0,3.0,nan,31.0,23.0,36.0,37.0
23,竹東,2021-10-21,30,2.0,2.0,nan,11.0,20.0,30.0,22.0
84,富貴角,2021-10-21,45,0.0,1.0,nan,30.0,5.0,45.0,11.0
22,湖口,2021-10-21,34,0.0,1.0,nan,11.0,12.0,34.0,18.0
83,麥寮,2021-10-21,40,10.0,3.0,nan,40.0,27.0,nan,39.0
21,龍潭,2021-10-21,28,2.0,3.0,nan,12.0,27.0,28.0,21.0
80,關山,2021-10-21,31,2.0,1.0,nan,12.0,8.0,31.0,9.0
20,平鎮,2021-10-21,38,2.0,3.0,nan,9.0,38.0,25.0,21.0
6,板橋,2021-10-21,38,22.0,5.0,nan,12.0,38.0,30.0,25.0
19,觀音,2021-10-21,35,8.0,1.0,nan,10.0,12.0,35.0,12.0
78,馬公,2021-10-21,44,2.0,2.0,nan,14.0,13.0,44.0,18.0
18,大園,2021-10-21,32,5.0,2.0,nan,13.0,22.0,32.0,10.0
77,金門,2021-10-21,53,8.0,5.0,nan,32.0,23.0,24.0,53.0
17,桃園,2021-10-21,31,5.0,3.0,nan,7.0,23.0,31.0,16.0
71,復興,2021-10-22,51,2,7,nan,39,47,nan,51.0
60,潮州,2021-10-22,118,10,3,nan,35,27,118.0,61.0
59,屏東,2021-10-22,90,10,5,nan,33,33,90.0,55.0
58,小港,2021-10-22,77,5,5,nan,34,47,77.0,56.0
57,前鎮,2021-10-22,49,5,6,nan,36,48,nan,49.0
56,前金,2021-10-22,97,5,5,nan,33,40,97.0,52.0
54,左營,2021-10-22,80,10,5,nan,36,35,80.0,55.0
53,楠梓,2021-10-22,64,8,3,nan,34,50,64.0,42.0
52,林園,2021-10-22,97,22,5,nan,37,56,97.0,61.0
51,大寮,2021-10-22,80,18,5,nan,35,45,80.0,60.0
50,鳳山,2021-10-22,59,8,8,nan,32,57,nan,59.0
1,基隆,2021-10-22,49,0,2,nan,15,12,49.0,24.0
49,仁武,2021-10-22,80,5,5,nan,30,45,80.0,52.0
48,橋頭,2021-10-22,49,5,5,nan,35,33,49.0,48.0
47,美濃,2021-10-22,77,8,5,nan,27,22,77.0,52.0
46,臺南,2021-10-22,44,2,3,nan,27,28,44.0,30.0
45,安南,2021-10-22,42,2,3,nan,26,25,42.0,25.0
44,善化,2021-10-22,41,5,2,nan,17,22,41.0,31.0
43,新營,2021-10-22,36,2,3,nan,18,25,36.0,26.0
42,嘉義,2021-10-22,33,20,3,nan,16,33,29.0,30.0
41,臺西,2021-10-22,28,8,2,nan,28,18,nan,26.0
40,朴子,2021-10-22,33,5,3,nan,27,22,33.0,18.0
39,新港,2021-10-22,31,0,2,nan,18,18,31.0,24.0
38,崙背,2021-10-22,35,5,2,nan,35,17,34.0,27.0
37,斗六,2021-10-22,29,5,3,nan,17,27,29.0,27.0
36,南投,2021-10-22,33,8,5,nan,11,33,20.0,24.0
35,二林,2021-10-22,36,2,2,nan,21,18,36.0,12.0
34,線西,2021-10-22,27,8,2,nan,14,27,nan,19.0
33,彰化,2021-10-22,31,2,3,nan,9,27,31.0,10.0
32,西屯,2021-10-22,32,5,2,nan,12,25,32.0,15.0
31,忠明,2021-10-22,32,2,3,nan,8,32,29.0,15.0
30,大里,2021-10-22,30,2,3,nan,10,30,24.0,16.0
29,沙鹿,2021-10-22,40,2,2,nan,8,23,40.0,9.0
28,豐原,2021-10-22,31,2,2,nan,6,13,31.0,9.0
27,三義,2021-10-22,36,2,2,nan,4,17,36.0,6.0
26,苗栗,2021-10-22,42,2,3,nan,6,27,42.0,10.0
25,頭份,2021-10-22,33,2,3,nan,7,33,nan,8.0
24,新竹,2021-10-22,40,2,3,nan,6,32,40.0,19.0
23,竹東,2021-10-22,44,0,2,nan,3,15,44.0,7.0
22,湖口,2021-10-22,43,2,3,nan,10,20,43.0,23.0
21,龍潭,2021-10-22,38,5,3,nan,7,32,38.0,14.0
20,平鎮,2021-10-22,53,5,5,nan,7,53,34.0,22.0
19,觀音,2021-10-22,43,10,2,nan,14,18,43.0,24.0
18,大園,2021-10-22,48,48,3,nan,12,38,43.0,17.0
17,桃園,2021-10-22,40,5,5,nan,7,40,34.0,nan
16,大同,2021-10-22,64,2,20,nan,26,64,nan,48.0
15,松山,2021-10-22,48,2,3,nan,11,48,31.0,20.0
14,古亭,2021-10-22,39,5,3,nan,8,38,39.0,19.0
13,萬華,2021-10-22,52,0,7,nan,10,52,31.0,22.0
12,中山,2021-10-22,52,5,6,nan,10,52,27.0,21.0
11,士林,2021-10-22,54,0,5,nan,10,54,44.0,17.0
10,淡水,2021-10-22,44,0,3,nan,9,17,44.0,14.0
9,林口,2021-10-22,36,0,3,nan,7,35,36.0,14.0
8,菜寮,2021-10-22,53,2,6,nan,9,53,37.0,23.0
7,新莊,2021-10-22,45,0,5,nan,12,45,35.0,23.0
6,板橋,2021-10-22,47,2,5,nan,9,47,34.0,21.0
5,土城,2021-10-22,45,2,5,nan,8,45,36.0,16.0
4,新店,2021-10-22,34,2,3,nan,7,32,34.0,12.0
3,萬里,2021-10-22,67,0,2,nan,39,5,67.0,25.0
2,汐止,2021-10-22,36,5,2,nan,9,32,36.0,16.0
85,大城,2021-10-22,42,10,2,nan,24,20,42.0,25.0
84,富貴角,2021-10-22,84,0,2,nan,33,5,84.0,23.0
83,麥寮,2021-10-22,32,12,3,nan,32,25,nan,24.0
80,關山,2021-10-22,39,5,1,nan,20,7,39.0,6.0
78,馬公,2021-10-22,61,2,3,nan,18,8,61.0,23.0
77,金門,2021-10-22,23,8,3,nan,20,18,23.0,15.0
75,馬祖,2021-10-22,61,2,3,nan,21,7,61.0,51.0
72,埔里,2021-10-22,32,2,3,nan,15,18,24.0,32.0
61,恆春,2021-10-22,45,2,1,nan,7,2,45.0,8.0
70,永和,2021-10-22,45,0,7,nan,11,45,nan,22.0
69,竹山,2021-10-22,33,5,3,nan,14,33,27.0,31.0
68,中壢,2021-10-22,57,2,11,nan,11,57,nan,20.0
67,三重,2021-10-22,62,5,17,nan,16,62,nan,29.0
66,冬山,2021-10-22,44,0,2,nan,6,33,44.0,6.0
65,宜蘭,2021-10-22,42,2,2,nan,5,15,42.0,11.0
64,陽明,2021-10-22,58,2,2,nan,3,3,58.0,10.0
63,花蓮,2021-10-22,45,2,2,nan,9,12,45.0,11.0
62,臺東,2021-10-22,37,2,2,nan,17,12,37.0,10.0
41,臺西,2021-10-23,39,15,3,nan,29,30,nan,39
85,大城,2021-10-23,50,12,5,nan,33,28,50.0,41
84,富貴角,2021-10-23,71,0,1,nan,39,2,71.0,35
83,麥寮,2021-10-23,42,12,3,nan,31,27,nan,42
80,關山,2021-10-23,44,5,2,nan,19,8,44.0,14
78,馬公,2021-10-23,58,0,2,nan,25,5,58.0,38
77,金門,2021-10-23,55,10,3,nan,41,20,37.0,55
75,馬祖,2021-10-23,67,2,3,nan,33,10,47.0,67
72,埔里,2021-10-23,44,2,3,nan,22,17,43.0,44
71,復興,2021-10-23,47,5,7,nan,35,43,nan,47
70,永和,2021-10-23,35,0,5,nan,16,35,nan,31
69,竹山,2021-10-23,77,8,3,nan,31,33,77.0,57
68,中壢,2021-10-23,43,2,7,nan,16,43,nan,28
67,三重,2021-10-23,55,2,10,nan,22,55,nan,44
66,冬山,2021-10-23,39,2,2,nan,11,22,39.0,20
65,宜蘭,2021-10-23,44,2,2,nan,13,18,44.0,27
64,陽明,2021-10-23,54,2,2,nan,5,2,54.0,14
63,花蓮,2021-10-23,48,2,3,nan,14,25,48.0,18
62,臺東,2021-10-23,46,2,2,nan,25,15,46.0,21
61,恆春,2021-10-23,51,2,1,nan,10,2,51.0,15
60,潮州,2021-10-23,90,8,3,nan,34,20,90.0,57
59,屏東,2021-10-23,97,10,6,nan,43,30,97.0,67
58,小港,2021-10-23,64,5,5,nan,35,54,64.0,54
57,前鎮,2021-10-23,46,5,6,nan,36,43,nan,46
56,前金,2021-10-23,101,5,5,nan,33,37,101.0,50
54,左營,2021-10-23,112,12,5,nan,36,38,112.0,55
53,楠梓,2021-10-23,87,8,5,nan,39,50,87.0,56
52,林園,2021-10-23,84,18,5,nan,41,45,84.0,62
51,大寮,2021-10-23,62,20,5,nan,39,48,50.0,62
50,鳳山,2021-10-23,65,5,8,nan,34,52,nan,65
49,仁武,2021-10-23,87,8,5,nan,34,42,87.0,58
48,橋頭,2021-10-23,97,5,5,nan,43,37,97.0,65
47,美濃,2021-10-23,87,5,3,nan,31,20,87.0,59
46,臺南,2021-10-23,112,8,5,nan,36,38,112.0,55
45,安南,2021-10-23,115,5,5,nan,36,40,115.0,56
44,善化,2021-10-23,104,10,3,nan,33,27,104.0,62
43,新營,2021-10-23,112,8,5,nan,36,27,112.0,58
42,嘉義,2021-10-23,101,20,5,nan,35,28,101.0,59
40,朴子,2021-10-23,100,10,3,nan,34,25,100.0,47
39,新港,2021-10-23,77,18,3,nan,36,28,77.0,54
38,崙背,2021-10-23,77,20,5,nan,35,30,77.0,63
37,斗六,2021-10-23,90,10,3,nan,37,28,90.0,60
36,南投,2021-10-23,58,15,6,nan,27,48,58.0,52
35,二林,2021-10-23,50,12,5,nan,33,30,50.0,38
34,線西,2021-10-23,38,28,6,nan,26,38,nan,28
33,彰化,2021-10-23,46,10,5,nan,21,42,46.0,33
32,西屯,2021-10-23,40,5,3,nan,22,37,40.0,35
31,忠明,2021-10-23,51,5,5,nan,18,51,43.0,34
30,大里,2021-10-23,58,5,6,nan,24,43,58.0,43
29,沙鹿,2021-10-23,40,2,3,nan,15,27,40.0,19
28,豐原,2021-10-23,39,5,3,nan,18,33,39.0,28
27,三義,2021-10-23,31,2,2,nan,9,18,31.0,14
26,苗栗,2021-10-23,42,5,3,nan,9,25,42.0,15
25,頭份,2021-10-23,52,5,2,nan,10,52,nan,18
24,新竹,2021-10-23,46,5,3,nan,12,23,46.0,30
23,竹東,2021-10-23,44,0,2,nan,7,15,44.0,18
22,湖口,2021-10-23,47,2,2,nan,15,15,47.0,34
21,龍潭,2021-10-23,46,2,2,nan,12,20,46.0,19
20,平鎮,2021-10-23,44,2,3,nan,11,23,44.0,30
19,觀音,2021-10-23,41,8,2,nan,15,22,41.0,35
18,大園,2021-10-23,39,5,2,nan,15,37,39.0,24
17,桃園,2021-10-23,44,10,3,nan,14,23,44.0,33
16,大同,2021-10-23,56,2,8,nan,22,56,nan,46
15,松山,2021-10-23,41,2,3,nan,19,37,41.0,35
14,古亭,2021-10-23,45,2,2,nan,13,25,45.0,31
13,萬華,2021-10-23,42,2,3,nan,17,42,39.0,35
12,中山,2021-10-23,42,2,5,nan,19,42,36.0,34
11,士林,2021-10-23,47,2,2,nan,14,13,47.0,26
10,淡水,2021-10-23,39,2,3,nan,15,18,39.0,25
9,林口,2021-10-23,42,2,2,nan,14,23,42.0,28
8,菜寮,2021-10-23,41,2,3,nan,17,27,41.0,34
7,新莊,2021-10-23,43,2,3,nan,19,42,43.0,36
6,板橋,2021-10-23,43,2,5,nan,16,35,43.0,34
5,土城,2021-10-23,44,2,5,nan,13,32,44.0,26
4,新店,2021-10-23,44,2,3,nan,14,28,44.0,27
3,萬里,2021-10-23,51,2,2,nan,33,10,51.0,33
2,汐止,2021-10-23,37,2,2,nan,16,28,37.0,33
1,基隆,2021-10-23,44,2,2,nan,20,17,44.0,38
4,新店,2021-10-24,33,2,3,nan,7,33,32.0,10.0
3,萬里,2021-10-24,54,0,1,nan,24,7,54.0,15.0
11,士林,2021-10-24,48,0,5,nan,10,48,36.0,14.0
1,基隆,2021-10-24,45,2,2,nan,12,20,45.0,18.0
12,中山,2021-10-24,57,2,7,nan,11,57,32.0,21.0
13,萬華,2021-10-24,55,0,7,nan,9,55,34.0,22.0
14,古亭,2021-10-24,38,2,3,nan,6,33,38.0,16.0
15,松山,2021-10-24,37,2,2,nan,9,37,36.0,16.0
16,大同,2021-10-24,62,2,24,nan,16,62,nan,38.0
17,桃園,2021-10-24,40,2,3,nan,6,30,40.0,19.0
18,大園,2021-10-24,39,5,2,nan,10,35,39.0,11.0
19,觀音,2021-10-24,42,12,1,nan,11,23,42.0,23.0
2,汐止,2021-10-24,35,2,2,nan,6,17,35.0,16.0
20,平鎮,2021-10-24,37,2,3,nan,5,28,37.0,18.0
21,龍潭,2021-10-24,39,2,3,nan,6,20,39.0,14.0
22,湖口,2021-10-24,43,0,1,nan,9,10,43.0,17.0
23,竹東,2021-10-24,36,0,2,nan,4,12,36.0,nan
24,新竹,2021-10-24,38,5,2,nan,7,18,38.0,19.0
25,頭份,2021-10-24,18,5,2,nan,6,18,nan,14.0
26,苗栗,2021-10-24,36,8,2,nan,7,22,36.0,16.0
27,三義,2021-10-24,33,2,2,nan,6,10,33.0,12.0
28,豐原,2021-10-24,31,5,3,nan,13,27,31.0,29.0
29,沙鹿,2021-10-24,41,2,2,nan,9,18,41.0,17.0
30,大里,2021-10-24,38,5,5,nan,19,38,31.0,32.0
31,忠明,2021-10-24,40,5,3,nan,14,40,32.0,31.0
32,西屯,2021-10-24,35,5,2,nan,16,27,35.0,30.0
33,彰化,2021-10-24,36,2,3,nan,11,25,36.0,20.0
34,線西,2021-10-24,22,12,3,nan,12,20,nan,22.0
35,二林,2021-10-24,40,15,5,nan,25,25,40.0,32.0
36,南投,2021-10-24,52,5,6,nan,26,45,33.0,52.0
37,斗六,2021-10-24,61,10,5,nan,34,28,42.0,61.0
38,崙背,2021-10-24,48,15,6,nan,36,28,40.0,48.0
39,新港,2021-10-24,54,12,6,nan,39,25,43.0,54.0
40,朴子,2021-10-24,49,15,6,nan,41,27,47.0,49.0
41,臺西,2021-10-24,33,12,3,nan,29,33,nan,32.0
42,嘉義,2021-10-24,66,18,6,nan,37,33,48.0,66.0
43,新營,2021-10-24,67,10,5,nan,39,33,67.0,59.0
44,善化,2021-10-24,71,12,3,nan,30,27,71.0,53.0
45,安南,2021-10-24,84,10,3,nan,38,27,84.0,48.0
46,臺南,2021-10-24,80,10,3,nan,41,25,80.0,52.0
47,美濃,2021-10-24,101,5,3,nan,34,12,101.0,62.0
48,橋頭,2021-10-24,100,10,5,nan,51,38,100.0,70.0
49,仁武,2021-10-24,101,10,5,nan,45,37,101.0,73.0
50,鳳山,2021-10-24,81,8,7,nan,46,50,nan,81.0
51,大寮,2021-10-24,132,12,5,nan,49,28,132.0,77.0
52,林園,2021-10-24,129,10,3,nan,52,33,129.0,81.0
53,楠梓,2021-10-24,101,8,5,nan,48,32,101.0,63.0
54,左營,2021-10-24,97,12,5,nan,48,27,97.0,68.0
56,前金,2021-10-24,104,8,5,nan,49,27,104.0,68.0
57,前鎮,2021-10-24,65,8,5,nan,50,35,nan,65.0
58,小港,2021-10-24,112,8,5,nan,50,38,112.0,73.0
59,屏東,2021-10-24,118,5,3,nan,47,18,118.0,72.0
60,潮州,2021-10-24,161,5,3,nan,41,17,161.0,67.0
61,恆春,2021-10-24,45,2,1,nan,9,2,45.0,12.0
62,臺東,2021-10-24,44,2,2,nan,16,8,44.0,15.0
63,花蓮,2021-10-24,46,2,2,nan,9,17,46.0,11.0
8,菜寮,2021-10-24,55,2,7,nan,8,55,36.0,22.0
64,陽明,2021-10-24,50,2,1,nan,1,2,50.0,7.0
7,新莊,2021-10-24,37,2,5,nan,11,37,36.0,18.0
9,林口,2021-10-24,42,0,2,nan,5,12,42.0,12.0
65,宜蘭,2021-10-24,42,42,2,nan,5,12,38.0,10.0
66,冬山,2021-10-24,38,2,2,nan,6,15,38.0,6.0
67,三重,2021-10-24,61,2,18,nan,14,61,nan,33.0
6,板橋,2021-10-24,51,0,7,nan,8,51,37.0,22.0
68,中壢,2021-10-24,53,2,6,nan,11,53,nan,17.0
5,土城,2021-10-24,34,2,5,nan,7,33,34.0,16.0
69,竹山,2021-10-24,63,5,5,nan,31,30,44.0,63.0
70,永和,2021-10-24,52,0,7,nan,11,52,nan,20.0
71,復興,2021-10-24,67,8,7,nan,49,33,nan,67.0
72,埔里,2021-10-24,49,2,3,nan,21,15,33.0,49.0
75,馬祖,2021-10-24,47,2,1,nan,18,8,47.0,35.0
77,金門,2021-10-24,50,12,2,nan,27,18,50.0,33.0
78,馬公,2021-10-24,54,2,1,nan,16,3,54.0,19.0
80,關山,2021-10-24,38,2,2,nan,12,7,38.0,9.0
83,麥寮,2021-10-24,37,18,6,nan,33,32,nan,37.0
10,淡水,2021-10-24,39,0,2,nan,8,20,39.0,11.0
84,富貴角,2021-10-24,67,0,1,nan,20,3,67.0,11.0
85,大城,2021-10-24,48,15,5,nan,27,38,48.0,30.0
50,鳳山,2021-10-25,72,10,8,nan,47,52,nan,72.0
51,大寮,2021-10-25,71,40,8,nan,53,61,71.0,71.0
52,林園,2021-10-25,129,32,5,nan,52,35,129.0,74.0
57,前鎮,2021-10-25,59,8,6,nan,54,45,nan,59.0
53,楠梓,2021-10-25,80,5,3,nan,50,40,80.0,56.0
54,左營,2021-10-25,77,12,5,nan,52,28,77.0,63.0
56,前金,2021-10-25,93,5,5,nan,49,38,93.0,62.0
1,基隆,2021-10-25,40,2,3,nan,16,22,40.0,23.0
2,汐止,2021-10-25,51,5,3,nan,15,51,32.0,23.0
3,萬里,2021-10-25,47,2,1,nan,43,13,47.0,26.0
4,新店,2021-10-25,50,2,5,nan,13,50,35.0,19.0
5,土城,2021-10-25,48,2,5,nan,13,48,31.0,22.0
6,板橋,2021-10-25,53,2,6,nan,14,53,21.0,28.0
7,新莊,2021-10-25,51,2,6,nan,17,51,25.0,28.0
8,菜寮,2021-10-25,55,5,8,nan,13,55,22.0,31.0
9,林口,2021-10-25,48,2,3,nan,14,48,40.0,20.0
10,淡水,2021-10-25,40,2,5,nan,15,37,40.0,19.0
11,士林,2021-10-25,57,2,6,nan,15,57,31.0,28.0
12,中山,2021-10-25,56,5,6,nan,15,56,22.0,28.0
13,萬華,2021-10-25,55,2,5,nan,14,55,19.0,26.0
85,大城,2021-10-25,54,15,2,nan,29,20,54.0,31.0
14,古亭,2021-10-25,37,2,3,nan,10,37,31.0,21.0
84,富貴角,2021-10-25,54,0,1,nan,44,2,54.0,31.0
83,麥寮,2021-10-25,42,10,2,nan,42,20,nan,28.0
15,松山,2021-10-25,51,2,3,nan,14,51,33.0,26.0
80,關山,2021-10-25,39,2,1,nan,15,8,39.0,6.0
16,大同,2021-10-25,65,5,25,nan,30,65,nan,54.0
78,馬公,2021-10-25,54,0,1,nan,24,5,54.0,31.0
17,桃園,2021-10-25,43,8,7,nan,13,43,36.0,27.0
18,大園,2021-10-25,50,5,2,nan,22,50,41.0,22.0
77,金門,2021-10-25,64,12,2,nan,29,17,64.0,34.0
19,觀音,2021-10-25,42,12,2,nan,21,30,42.0,31.0
20,平鎮,2021-10-25,42,5,5,nan,13,42,35.0,29.0
21,龍潭,2021-10-25,36,2,2,nan,10,25,36.0,19.0
75,馬祖,2021-10-25,87,2,2,nan,21,7,87.0,38.0
22,湖口,2021-10-25,40,5,2,nan,18,18,40.0,23.0
23,竹東,2021-10-25,39,0,2,nan,7,10,39.0,nan
72,埔里,2021-10-25,49,2,3,nan,17,28,49.0,36.0
24,新竹,2021-10-25,38,2,2,nan,15,25,38.0,25.0
25,頭份,2021-10-25,21,5,2,nan,15,20,nan,21.0
71,復興,2021-10-25,61,5,7,nan,52,45,nan,61.0
26,苗栗,2021-10-25,39,5,2,nan,11,23,39.0,18.0
70,永和,2021-10-25,52,0,9,nan,14,52,nan,26.0
27,三義,2021-10-25,40,2,2,nan,9,15,40.0,15.0
28,豐原,2021-10-25,39,2,2,nan,10,15,39.0,15.0
29,沙鹿,2021-10-25,47,2,2,nan,15,28,47.0,19.0
69,竹山,2021-10-25,80,5,3,nan,21,37,80.0,44.0
30,大里,2021-10-25,42,2,3,nan,15,35,42.0,24.0
31,忠明,2021-10-25,40,5,3,nan,13,37,40.0,23.0
68,中壢,2021-10-25,58,5,14,nan,22,58,nan,29.0
32,西屯,2021-10-25,41,5,2,nan,18,30,41.0,26.0
33,彰化,2021-10-25,43,5,3,nan,15,33,43.0,21.0
67,三重,2021-10-25,66,2,22,nan,21,66,nan,35.0
34,線西,2021-10-25,26,10,3,nan,25,25,nan,26.0
35,二林,2021-10-25,46,10,2,nan,35,18,46.0,26.0
66,冬山,2021-10-25,36,2,1,nan,8,18,36.0,13.0
36,南投,2021-10-25,46,8,3,nan,18,40,46.0,33.0
37,斗六,2021-10-25,54,5,2,nan,25,27,54.0,37.0
65,宜蘭,2021-10-25,37,5,1,nan,6,12,37.0,12.0
38,崙背,2021-10-25,47,10,3,nan,38,23,47.0,39.0
39,新港,2021-10-25,46,8,2,nan,46,18,44.0,39.0
40,朴子,2021-10-25,48,10,2,nan,41,25,48.0,34.0
64,陽明,2021-10-25,44,2,1,nan,3,2,44.0,11.0
63,花蓮,2021-10-25,44,2,2,nan,13,15,44.0,13.0
41,臺西,2021-10-25,32,12,2,nan,29,20,nan,32.0
42,嘉義,2021-10-25,51,18,3,nan,34,35,51.0,48.0
62,臺東,2021-10-25,40,2,2,nan,20,10,40.0,15.0
43,新營,2021-10-25,61,5,2,nan,36,25,61.0,39.0
44,善化,2021-10-25,61,10,2,nan,30,25,61.0,44.0
61,恆春,2021-10-25,44,2,1,nan,8,2,44.0,14.0
45,安南,2021-10-25,67,5,3,nan,40,25,67.0,40.0
46,臺南,2021-10-25,71,5,3,nan,43,28,71.0,44.0
47,美濃,2021-10-25,104,12,6,nan,39,27,104.0,74.0
48,橋頭,2021-10-25,84,8,3,nan,53,37,84.0,62.0
60,潮州,2021-10-25,132,15,5,nan,41,25,132.0,74.0
49,仁武,2021-10-25,71,10,5,nan,46,45,71.0,64.0
59,屏東,2021-10-25,90,8,7,nan,46,40,90.0,68.0
58,小港,2021-10-25,65,10,6,nan,52,65,51.0,64.0
85,大城,2021-10-26,87,22,3,nan,34,30,87.0,42
1,基隆,2021-10-26,38,2,6,nan,19,38,25.0,27
2,汐止,2021-10-26,52,8,2,nan,18,52,25.0,24
3,萬里,2021-10-26,32,5,2,nan,22,32,30.0,16
4,新店,2021-10-26,38,2,5,nan,16,38,35.0,18
5,土城,2021-10-26,34,2,3,nan,17,33,34.0,16
6,板橋,2021-10-26,38,2,5,nan,19,38,31.0,23
7,新莊,2021-10-26,38,2,5,nan,22,38,34.0,25
8,菜寮,2021-10-26,38,2,3,nan,19,38,33.0,26
9,林口,2021-10-26,36,5,2,nan,17,35,36.0,21
10,淡水,2021-10-26,37,5,6,nan,21,37,36.0,28
11,士林,2021-10-26,38,12,1,nan,19,20,38.0,20
12,中山,2021-10-26,55,2,7,nan,21,55,24.0,24
13,萬華,2021-10-26,52,2,5,nan,19,52,30.0,25
14,古亭,2021-10-26,37,0,2,nan,15,30,37.0,23
15,松山,2021-10-26,55,5,5,nan,21,55,26.0,26
16,大同,2021-10-26,62,2,11,nan,29,62,nan,37
17,桃園,2021-10-26,36,10,3,nan,16,22,36.0,25
18,大園,2021-10-26,36,10,2,nan,20,35,36.0,15
19,觀音,2021-10-26,38,15,2,nan,21,32,38.0,29
20,平鎮,2021-10-26,37,5,3,nan,16,27,37.0,26
21,龍潭,2021-10-26,38,0,2,nan,15,23,38.0,16
22,湖口,2021-10-26,44,5,2,nan,18,17,44.0,24
23,竹東,2021-10-26,33,2,2,nan,12,20,33.0,18
24,新竹,2021-10-26,39,5,2,nan,15,30,39.0,21
25,頭份,2021-10-26,38,8,3,nan,15,38,nan,23
26,苗栗,2021-10-26,39,8,3,nan,16,37,39.0,22
27,三義,2021-10-26,41,5,2,nan,17,33,41.0,27
28,豐原,2021-10-26,43,2,3,nan,20,38,43.0,35
29,沙鹿,2021-10-26,64,2,3,nan,27,40,64.0,32
30,大里,2021-10-26,64,5,6,nan,28,55,64.0,44
31,忠明,2021-10-26,52,5,5,nan,25,52,48.0,40
32,西屯,2021-10-26,52,5,5,nan,30,52,48.0,41
33,彰化,2021-10-26,50,8,5,nan,29,48,50.0,42
34,線西,2021-10-26,42,40,5,nan,37,42,nan,40
35,二林,2021-10-26,54,28,5,nan,48,32,54.0,47
36,南投,2021-10-26,101,8,5,nan,32,51,101.0,54
37,斗六,2021-10-26,136,15,5,nan,46,37,136.0,65
38,崙背,2021-10-26,71,20,5,nan,42,27,71.0,58
39,新港,2021-10-26,104,10,3,nan,41,28,104.0,64
40,朴子,2021-10-26,108,10,5,nan,41,25,108.0,55
41,臺西,2021-10-26,43,8,3,nan,34,27,nan,43
42,嘉義,2021-10-26,112,48,5,nan,45,33,112.0,67
43,新營,2021-10-26,129,10,3,nan,44,33,129.0,61
44,善化,2021-10-26,132,8,3,nan,38,30,132.0,63
45,安南,2021-10-26,118,8,6,nan,47,48,118.0,58
46,臺南,2021-10-26,108,8,6,nan,47,47,108.0,65
47,美濃,2021-10-26,122,5,3,nan,39,23,122.0,64
48,橋頭,2021-10-26,108,5,5,nan,46,42,108.0,65
49,仁武,2021-10-26,100,18,6,nan,42,40,100.0,69
50,鳳山,2021-10-26,75,12,7,nan,45,52,nan,75
51,大寮,2021-10-26,101,20,5,nan,55,35,101.0,80
52,林園,2021-10-26,151,8,5,nan,59,32,151.0,92
53,楠梓,2021-10-26,97,18,5,nan,45,55,97.0,60
54,左營,2021-10-26,129,8,6,nan,44,42,129.0,67
56,前金,2021-10-26,129,10,5,nan,45,40,129.0,64
57,前鎮,2021-10-26,63,18,7,nan,51,54,nan,63
58,小港,2021-10-26,101,32,6,nan,50,56,101.0,74
59,屏東,2021-10-26,126,10,6,nan,53,38,126.0,75
60,潮州,2021-10-26,143,10,3,nan,37,17,143.0,64
61,恆春,2021-10-26,44,5,1,nan,8,0,44.0,13
62,臺東,2021-10-26,42,2,2,nan,17,10,42.0,16
63,花蓮,2021-10-26,44,0,2,nan,15,22,44.0,17
64,陽明,2021-10-26,44,0,1,nan,8,2,44.0,12
65,宜蘭,2021-10-26,34,20,3,nan,12,22,34.0,17
66,冬山,2021-10-26,32,0,2,nan,17,32,30.0,18
67,三重,2021-10-26,60,2,14,nan,28,60,nan,34
68,中壢,2021-10-26,53,2,11,nan,22,53,nan,22
69,竹山,2021-10-26,151,15,3,nan,35,37,151.0,65
70,永和,2021-10-26,23,2,5,nan,19,23,nan,23
71,復興,2021-10-26,66,15,9,nan,48,51,nan,66
72,埔里,2021-10-26,58,2,3,nan,22,27,58.0,44
75,馬祖,2021-10-26,61,2,1,nan,24,7,61.0,40
77,金門,2021-10-26,58,10,2,nan,35,15,58.0,37
78,馬公,2021-10-26,54,2,1,nan,24,5,54.0,25
80,關山,2021-10-26,36,8,1,nan,14,17,36.0,12
83,麥寮,2021-10-26,47,18,5,nan,37,30,nan,47
84,富貴角,2021-10-26,50,0,1,nan,43,3,50.0,25
19,觀音,2021-10-27,45,15,1,nan,26,30,45.0,36
68,中壢,2021-10-27,53,5,9,nan,28,53,nan,31
54,左營,2021-10-27,115,8,5,nan,49,30,115.0,69
20,平鎮,2021-10-27,42,8,3,nan,19,25,42.0,31
46,臺南,2021-10-27,90,5,3,nan,47,35,90.0,57
53,楠梓,2021-10-27,104,8,3,nan,50,42,104.0,62
67,三重,2021-10-27,59,2,12,nan,26,59,nan,37
32,西屯,2021-10-27,46,5,2,nan,28,32,46.0,34
21,龍潭,2021-10-27,45,0,2,nan,19,20,45.0,24
10,淡水,2021-10-27,46,5,3,nan,17,27,46.0,25
66,冬山,2021-10-27,33,2,2,nan,16,27,33.0,22
22,湖口,2021-10-27,47,8,2,nan,21,18,47.0,33
11,士林,2021-10-27,49,5,2,nan,20,18,49.0,25
5,土城,2021-10-27,41,2,3,nan,21,28,41.0,28
47,美濃,2021-10-27,122,5,2,nan,34,13,122.0,55
52,林園,2021-10-27,151,10,3,nan,46,23,151.0,80
12,中山,2021-10-27,55,8,6,nan,24,55,32.0,29
31,忠明,2021-10-27,46,5,3,nan,23,43,46.0,37
65,宜蘭,2021-10-27,39,5,2,nan,12,17,39.0,22
64,陽明,2021-10-27,51,2,1,nan,8,2,51.0,23
23,竹東,2021-10-27,41,2,2,nan,17,15,41.0,22
33,彰化,2021-10-27,58,5,2,nan,30,38,58.0,38
75,馬祖,2021-10-27,77,2,1,nan,23,7,77.0,44
13,萬華,2021-10-27,52,10,3,nan,20,52,35.0,31
71,復興,2021-10-27,65,5,8,nan,47,42,nan,65
14,古亭,2021-10-27,44,2,2,nan,19,28,44.0,29
24,新竹,2021-10-27,45,5,2,nan,21,30,45.0,32
40,朴子,2021-10-27,64,12,3,nan,40,20,64.0,39
6,板橋,2021-10-27,40,2,3,nan,21,40,39.0,31
63,花蓮,2021-10-27,45,0,2,nan,15,18,45.0,19
41,臺西,2021-10-27,36,8,2,nan,30,22,nan,36
62,臺東,2021-10-27,41,2,2,nan,14,12,41.0,18
36,南投,2021-10-27,77,8,5,nan,33,38,77.0,54
15,松山,2021-10-27,45,5,3,nan,25,45,33.0,33
45,安南,2021-10-27,93,8,3,nan,44,32,93.0,49
72,埔里,2021-10-27,77,2,3,nan,23,30,77.0,41
37,斗六,2021-10-27,93,10,3,nan,42,28,93.0,55
25,頭份,2021-10-27,32,5,2,nan,19,32,nan,26
7,新莊,2021-10-27,39,8,3,nan,28,33,39.0,31
70,永和,2021-10-27,37,2,6,nan,22,37,nan,31
30,大里,2021-10-27,51,8,5,nan,26,42,51.0,39
51,大寮,2021-10-27,100,15,5,nan,49,47,100.0,74
61,恆春,2021-10-27,44,2,1,nan,8,0,44.0,15
8,菜寮,2021-10-27,40,5,3,nan,20,28,40.0,33
16,大同,2021-10-27,60,2,10,nan,33,60,nan,46
43,新營,2021-10-27,90,10,3,nan,46,33,90.0,53
60,潮州,2021-10-27,122,8,2,nan,38,17,122.0,66
4,新店,2021-10-27,44,2,2,nan,21,22,44.0,23
26,苗栗,2021-10-27,45,5,2,nan,19,27,45.0,23
42,嘉義,2021-10-27,87,8,3,nan,45,32,87.0,62
69,竹山,2021-10-27,136,5,3,nan,40,28,136.0,65
9,林口,2021-10-27,43,5,2,nan,20,38,43.0,28
50,鳳山,2021-10-27,78,10,7,nan,45,48,nan,78
29,沙鹿,2021-10-27,71,5,2,nan,27,27,71.0,33
34,線西,2021-10-27,40,20,3,nan,38,32,nan,40
49,仁武,2021-10-27,104,5,5,nan,44,47,104.0,70
17,桃園,2021-10-27,41,12,3,nan,20,28,41.0,33
59,屏東,2021-10-27,122,10,3,nan,49,32,122.0,70
3,萬里,2021-10-27,74,2,1,nan,29,20,74.0,25
38,崙背,2021-10-27,64,15,3,nan,41,30,64.0,49
85,大城,2021-10-27,80,10,2,nan,29,23,80.0,36
84,富貴角,2021-10-27,87,0,1,nan,32,2,87.0,23
58,小港,2021-10-27,97,8,5,nan,44,55,97.0,70
18,大園,2021-10-27,40,8,2,nan,25,35,40.0,26
27,三義,2021-10-27,45,2,2,nan,16,18,45.0,22
83,麥寮,2021-10-27,40,8,3,nan,40,27,nan,38
39,新港,2021-10-27,61,10,3,nan,43,22,61.0,52
28,豐原,2021-10-27,44,2,2,nan,18,20,44.0,27
44,善化,2021-10-27,93,10,2,nan,36,25,93.0,55
80,關山,2021-10-27,40,2,1,nan,16,10,40.0,10
57,前鎮,2021-10-27,61,8,6,nan,48,45,nan,61
1,基隆,2021-10-27,50,0,3,nan,22,40,50.0,30
78,馬公,2021-10-27,58,0,1,nan,23,3,58.0,29
2,汐止,2021-10-27,51,8,2,nan,21,51,31.0,31
48,橋頭,2021-10-27,108,8,3,nan,52,35,108.0,69
56,前金,2021-10-27,115,5,5,nan,45,37,115.0,67
35,二林,2021-10-27,71,12,3,nan,42,28,71.0,43
77,金門,2021-10-27,84,10,2,nan,37,15,84.0,41
38,崙背,2021-10-28,67,12,2,nan,44,28,67.0,56
43,新營,2021-10-28,100,8,3,nan,48,32,100.0,64
69,竹山,2021-10-28,122,5,2,nan,41,32,122.0,67
44,善化,2021-10-28,101,10,3,nan,42,32,101.0,64
83,麥寮,2021-10-28,54,10,3,nan,49,35,nan,54
45,安南,2021-10-28,115,8,5,nan,50,37,115.0,63
46,臺南,2021-10-28,104,8,5,nan,51,38,104.0,66
70,永和,2021-10-28,40,5,6,nan,26,35,nan,40
47,美濃,2021-10-28,104,5,2,nan,42,17,104.0,60
48,橋頭,2021-10-28,126,10,5,nan,58,45,126.0,81
71,復興,2021-10-28,68,10,7,nan,54,56,nan,68
49,仁武,2021-10-28,115,10,6,nan,50,54,115.0,77
72,埔里,2021-10-28,97,2,3,nan,28,15,97.0,52
50,鳳山,2021-10-28,79,15,7,nan,49,45,nan,79
51,大寮,2021-10-28,74,12,3,nan,45,35,74.0,62
84,富貴角,2021-10-28,80,0,1,nan,39,2,80.0,34
52,林園,2021-10-28,104,35,2,nan,47,27,104.0,69
53,楠梓,2021-10-28,115,10,5,nan,58,51,115.0,72
54,左營,2021-10-28,129,10,6,nan,57,51,129.0,77
56,前金,2021-10-28,122,5,5,nan,54,45,122.0,74
85,大城,2021-10-28,87,12,2,nan,34,30,87.0,49
57,前鎮,2021-10-28,70,10,7,nan,56,54,nan,70
75,馬祖,2021-10-28,101,2,2,nan,38,10,101.0,70
58,小港,2021-10-28,87,10,5,nan,50,53,87.0,68
59,屏東,2021-10-28,108,18,5,nan,51,33,108.0,69
60,潮州,2021-10-28,84,10,2,nan,32,18,84.0,53
77,金門,2021-10-28,112,5,2,nan,46,15,112.0,66
61,恆春,2021-10-28,46,2,1,nan,11,2,46.0,20
62,臺東,2021-10-28,41,5,2,nan,17,12,41.0,22
78,馬公,2021-10-28,61,2,1,nan,27,3,61.0,39
63,花蓮,2021-10-28,38,2,3,nan,22,27,38.0,35
64,陽明,2021-10-28,54,2,1,nan,17,2,54.0,34
65,宜蘭,2021-10-28,42,8,2,nan,22,18,42.0,34
24,新竹,2021-10-28,50,5,3,nan,26,37,50.0,41
25,頭份,2021-10-28,34,8,2,nan,25,30,nan,34
23,竹東,2021-10-28,44,2,1,nan,18,8,44.0,29
22,湖口,2021-10-28,50,8,2,nan,26,23,50.0,42
26,苗栗,2021-10-28,61,5,2,nan,22,23,61.0,31
21,龍潭,2021-10-28,46,2,2,nan,22,18,46.0,32
20,平鎮,2021-10-28,45,10,5,nan,23,45,44.0,41
19,觀音,2021-10-28,47,10,3,nan,27,38,45.0,47
18,大園,2021-10-28,41,5,2,nan,29,32,41.0,34
17,桃園,2021-10-28,45,35,6,nan,28,45,40.0,43
27,三義,2021-10-28,58,2,1,nan,18,12,58.0,28
16,大同,2021-10-28,60,5,8,nan,30,60,nan,44
28,豐原,2021-10-28,45,2,2,nan,18,17,45.0,27
15,松山,2021-10-28,59,5,5,nan,31,59,39.0,40
29,沙鹿,2021-10-28,74,2,2,nan,28,27,74.0,36
66,冬山,2021-10-28,38,5,2,nan,26,23,38.0,33
14,古亭,2021-10-28,43,5,3,nan,24,35,43.0,40
13,萬華,2021-10-28,55,5,6,nan,25,55,39.0,39
30,大里,2021-10-28,74,5,3,nan,28,37,74.0,41
80,關山,2021-10-28,41,2,1,nan,21,8,41.0,24
31,忠明,2021-10-28,51,5,3,nan,22,40,51.0,40
12,中山,2021-10-28,57,8,7,nan,27,57,33.0,40
32,西屯,2021-10-28,51,8,2,nan,30,27,51.0,36
11,士林,2021-10-28,47,0,3,nan,24,33,47.0,34
10,淡水,2021-10-28,43,8,5,nan,22,43,43.0,42
33,彰化,2021-10-28,61,5,2,nan,29,37,61.0,40
9,林口,2021-10-28,39,2,3,nan,27,38,39.0,38
34,線西,2021-10-28,45,18,5,nan,36,27,nan,45
8,菜寮,2021-10-28,45,5,5,nan,23,45,43.0,40
7,新莊,2021-10-28,52,5,5,nan,32,52,44.0,40
6,板橋,2021-10-28,52,2,6,nan,25,52,43.0,38
35,二林,2021-10-28,67,12,3,nan,48,22,67.0,48
5,土城,2021-10-28,41,2,3,nan,23,27,41.0,33
67,三重,2021-10-28,65,5,16,nan,31,65,nan,47
36,南投,2021-10-28,80,5,3,nan,30,38,80.0,52
4,新店,2021-10-28,43,2,3,nan,24,32,43.0,34
37,斗六,2021-10-28,101,8,3,nan,43,27,101.0,62
3,萬里,2021-10-28,58,0,2,nan,34,15,58.0,35
2,汐止,2021-10-28,58,15,5,nan,24,58,39.0,37
39,新港,2021-10-28,80,12,3,nan,47,23,80.0,63
1,基隆,2021-10-28,45,2,3,nan,24,23,45.0,44
40,朴子,2021-10-28,77,10,2,nan,44,23,77.0,52
68,中壢,2021-10-28,59,8,10,nan,29,59,nan,41
41,臺西,2021-10-28,49,10,2,nan,37,25,nan,49
42,嘉義,2021-10-28,93,10,3,nan,52,35,93.0,70
2,汐止,2021-10-29,56,10,5,nan,24,56,28.0,34
1,基隆,2021-10-29,42,5,5,nan,22,42,31.0,36
85,大城,2021-10-29,74,12,2,nan,34,28,74.0,41
84,富貴角,2021-10-29,74,0,1,nan,37,2,74.0,20
83,麥寮,2021-10-29,49,15,3,nan,49,28,nan,49
80,關山,2021-10-29,37,2,2,nan,23,12,37.0,25
78,馬公,2021-10-29,71,2,2,nan,25,5,71.0,32
77,金門,2021-10-29,104,8,2,nan,46,13,104.0,65
75,馬祖,2021-10-29,67,2,1,nan,29,10,67.0,47
72,埔里,2021-10-29,84,2,3,nan,30,22,84.0,60
71,復興,2021-10-29,67,10,7,nan,51,52,nan,67
70,永和,2021-10-29,47,2,7,nan,25,47,nan,33
69,竹山,2021-10-29,87,5,3,nan,35,42,87.0,64
68,中壢,2021-10-29,57,10,11,nan,29,57,nan,38
67,三重,2021-10-29,62,5,16,nan,28,62,nan,38
66,冬山,2021-10-29,38,5,1,nan,23,13,38.0,26
65,宜蘭,2021-10-29,37,8,2,nan,19,10,37.0,31
64,陽明,2021-10-29,49,0,1,nan,13,2,49.0,21
63,花蓮,2021-10-29,41,2,2,nan,22,22,41.0,28
62,臺東,2021-10-29,44,5,2,nan,21,12,44.0,28
61,恆春,2021-10-29,49,2,1,nan,15,0,49.0,26
60,潮州,2021-10-29,100,2,2,nan,30,15,100.0,56
59,屏東,2021-10-29,108,10,5,nan,49,25,108.0,71
58,小港,2021-10-29,80,12,5,nan,49,53,80.0,72
57,前鎮,2021-10-29,67,12,6,nan,51,50,nan,67
56,前金,2021-10-29,100,8,5,nan,50,38,100.0,70
54,左營,2021-10-29,122,8,5,nan,54,35,122.0,73
53,楠梓,2021-10-29,84,5,5,nan,57,40,84.0,66
52,林園,2021-10-29,101,5,3,nan,45,22,101.0,67
51,大寮,2021-10-29,75,61,5,nan,50,42,51.0,75
50,鳳山,2021-10-29,81,8,7,nan,48,59,nan,81
49,仁武,2021-10-29,87,8,5,nan,51,52,87.0,75
48,橋頭,2021-10-29,84,5,5,nan,58,38,84.0,74
47,美濃,2021-10-29,97,5,3,nan,44,17,97.0,64
46,臺南,2021-10-29,80,8,3,nan,52,43,80.0,65
45,安南,2021-10-29,87,8,3,nan,50,37,87.0,60
44,善化,2021-10-29,77,8,2,nan,42,28,77.0,61
43,新營,2021-10-29,97,5,3,nan,49,35,97.0,61
42,嘉義,2021-10-29,71,8,5,nan,47,42,71.0,67
41,臺西,2021-10-29,44,10,2,nan,37,22,nan,44
40,朴子,2021-10-29,74,10,3,nan,43,30,74.0,46
39,新港,2021-10-29,67,8,3,nan,45,22,67.0,54
38,崙背,2021-10-29,67,10,2,nan,43,22,67.0,52
37,斗六,2021-10-29,71,8,3,nan,41,33,71.0,58
36,南投,2021-10-29,58,5,5,nan,32,43,58.0,56
35,二林,2021-10-29,67,10,2,nan,46,20,67.0,44
34,線西,2021-10-29,40,18,3,nan,37,25,nan,40
33,彰化,2021-10-29,51,5,3,nan,29,37,51.0,36
32,西屯,2021-10-29,51,5,2,nan,28,23,51.0,39
31,忠明,2021-10-29,50,5,3,nan,24,42,50.0,40
30,大里,2021-10-29,64,5,5,nan,30,38,64.0,47
29,沙鹿,2021-10-29,50,2,2,nan,27,25,50.0,35
28,豐原,2021-10-29,46,2,2,nan,19,13,46.0,31
27,三義,2021-10-29,47,2,1,nan,18,13,47.0,28
26,苗栗,2021-10-29,48,8,2,nan,22,28,48.0,31
25,頭份,2021-10-29,37,5,2,nan,27,37,nan,34
24,新竹,2021-10-29,43,10,3,nan,26,43,43.0,38
23,竹東,2021-10-29,44,2,2,nan,20,13,44.0,31
22,湖口,2021-10-29,45,5,3,nan,25,35,45.0,37
21,龍潭,2021-10-29,42,8,2,nan,23,25,42.0,31
20,平鎮,2021-10-29,50,10,5,nan,24,50,37.0,38
19,觀音,2021-10-29,50,10,2,nan,27,50,44.0,40
18,大園,2021-10-29,52,8,2,nan,28,52,43.0,27
17,桃園,2021-10-29,48,28,6,nan,28,48,32.0,42
16,大同,2021-10-29,62,2,17,nan,41,62,nan,51
15,松山,2021-10-29,56,5,5,nan,29,56,30.0,38
14,古亭,2021-10-29,38,2,3,nan,26,38,32.0,31
13,萬華,2021-10-29,53,0,6,nan,24,53,33.0,32
12,中山,2021-10-29,59,5,7,nan,26,59,28.0,32
11,士林,2021-10-29,55,2,3,nan,24,55,41.0,26
10,淡水,2021-10-29,44,5,5,nan,21,40,44.0,30
9,林口,2021-10-29,51,2,3,nan,25,51,37.0,31
8,菜寮,2021-10-29,53,2,6,nan,22,53,37.0,32
7,新莊,2021-10-29,54,2,6,nan,30,54,35.0,36
6,板橋,2021-10-29,52,5,6,nan,22,52,31.0,36
5,土城,2021-10-29,36,2,3,nan,23,28,36.0,28
4,新店,2021-10-29,40,2,5,nan,21,40,30.0,31
3,萬里,2021-10-29,47,2,2,nan,44,15,47.0,27
2,汐止,2021-10-30,50,12,3,nan,21.0,50,24.0,30.0
11,士林,2021-10-30,56,2,6,nan,32.0,56,36.0,51.0
1,基隆,2021-10-30,42,2,5,nan,20.0,42,25.0,35.0
64,陽明,2021-10-30,58,2,1,nan,11.0,0,58.0,23.0
23,竹東,2021-10-30,44,2,2,nan,19.0,20,44.0,30.0
69,竹山,2021-10-30,80,5,3,nan,33.0,40,80.0,64.0
10,淡水,2021-10-30,46,5,3,nan,20.0,40,46.0,32.0
70,永和,2021-10-30,48,2,8,nan,23.0,48,nan,33.0
15,松山,2021-10-30,50,2,3,nan,25.0,50,27.0,35.0
71,復興,2021-10-30,59,8,6,nan,46.0,51,nan,59.0
63,花蓮,2021-10-30,44,2,2,nan,17.0,18,44.0,22.0
39,新港,2021-10-30,55,18,3,nan,42.0,20,54.0,55.0
9,林口,2021-10-30,47,2,3,nan,25.0,47,44.0,32.0
40,朴子,2021-10-30,58,10,2,nan,38.0,27,58.0,45.0
38,崙背,2021-10-30,53,12,2,nan,36.0,20,51.0,53.0
41,臺西,2021-10-30,30,15,5,nan,nan,30,nan,nan
37,斗六,2021-10-30,74,5,3,nan,40.0,30,74.0,59.0
72,埔里,2021-10-30,59,2,3,nan,29.0,23,50.0,59.0
42,嘉義,2021-10-30,74,10,5,nan,44.0,35,74.0,67.0
36,南投,2021-10-30,52,5,3,nan,28.0,33,49.0,52.0
65,宜蘭,2021-10-30,38,12,2,nan,15.0,15,38.0,30.0
43,新營,2021-10-30,87,8,3,nan,47.0,28,87.0,63.0
35,二林,2021-10-30,54,15,3,nan,43.0,22,54.0,40.0
34,線西,2021-10-30,40,18,5,nan,31.0,23,nan,40.0
44,善化,2021-10-30,100,10,3,nan,39.0,28,100.0,60.0
8,菜寮,2021-10-30,51,2,6,nan,22.0,51,32.0,39.0
45,安南,2021-10-30,80,8,3,nan,43.0,37,80.0,57.0
75,馬祖,2021-10-30,104,5,2,nan,28.0,10,104.0,56.0
33,彰化,2021-10-30,49,5,3,nan,24.0,35,49.0,39.0
32,西屯,2021-10-30,45,5,2,nan,26.0,20,45.0,37.0
31,忠明,2021-10-30,45,5,3,nan,21.0,33,45.0,40.0
46,臺南,2021-10-30,77,8,5,nan,46.0,43,77.0,65.0
14,古亭,2021-10-30,37,2,3,nan,19.0,37,31.0,31.0
30,大里,2021-10-30,46,5,3,nan,26.0,40,46.0,41.0
47,美濃,2021-10-30,104,5,3,nan,39.0,15,104.0,71.0
77,金門,2021-10-30,84,12,3,nan,41.0,27,84.0,64.0
29,沙鹿,2021-10-30,51,2,2,nan,23.0,22,51.0,32.0
48,橋頭,2021-10-30,72,5,5,nan,54.0,38,67.0,72.0
28,豐原,2021-10-30,43,0,2,nan,23.0,13,43.0,37.0
49,仁武,2021-10-30,77,10,5,nan,45.0,42,77.0,70.0
7,新莊,2021-10-30,52,2,6,nan,27.0,52,26.0,37.0
66,冬山,2021-10-30,32,2,2,nan,21.0,32,30.0,23.0
16,大同,2021-10-30,62,2,19,nan,35.0,62,nan,52.0
50,鳳山,2021-10-30,74,8,7,nan,43.0,45,nan,74.0
27,三義,2021-10-30,44,5,2,nan,18.0,12,44.0,28.0
51,大寮,2021-10-30,76,20,5,nan,48.0,38,71.0,76.0
78,馬公,2021-10-30,74,2,1,nan,22.0,3,74.0,29.0
6,板橋,2021-10-30,51,2,6,nan,21.0,51,26.0,34.0
52,林園,2021-10-30,118,5,3,nan,44.0,18,118.0,76.0
26,苗栗,2021-10-30,44,5,3,nan,20.0,23,44.0,28.0
13,萬華,2021-10-30,50,2,6,nan,22.0,50,31.0,34.0
53,楠梓,2021-10-30,71,5,5,nan,52.0,53,71.0,67.0
25,頭份,2021-10-30,38,8,3,nan,24.0,38,nan,31.0
80,關山,2021-10-30,36,5,1,nan,18.0,8,36.0,20.0
54,左營,2021-10-30,97,8,5,nan,54.0,52,97.0,65.0
24,新竹,2021-10-30,43,8,3,nan,21.0,38,43.0,34.0
5,土城,2021-10-30,40,2,3,nan,21.0,40,33.0,30.0
22,湖口,2021-10-30,47,5,2,nan,23.0,23,47.0,38.0
67,三重,2021-10-30,61,5,17,nan,31.0,61,nan,48.0
83,麥寮,2021-10-30,50,15,6,nan,43.0,33,nan,50.0
4,新店,2021-10-30,35,0,5,nan,18.0,35,21.0,25.0
21,龍潭,2021-10-30,39,2,3,nan,23.0,28,39.0,31.0
56,前金,2021-10-30,87,5,3,nan,48.0,40,87.0,62.0
84,富貴角,2021-10-30,104,0,1,nan,29.0,2,104.0,21.0
20,平鎮,2021-10-30,45,12,6,nan,23.0,45,31.0,41.0
57,前鎮,2021-10-30,61,10,5,nan,49.0,52,nan,61.0
19,觀音,2021-10-30,61,15,2,nan,25.0,50,61.0,36.0
58,小港,2021-10-30,84,8,3,nan,43.0,48,84.0,65.0
12,中山,2021-10-30,54,2,7,nan,25.0,54,27.0,42.0
59,屏東,2021-10-30,97,5,6,nan,47.0,32,97.0,72.0
18,大園,2021-10-30,59,10,2,nan,26.0,59,45.0,29.0
68,中壢,2021-10-30,60,8,12,nan,26.0,60,nan,36.0
3,萬里,2021-10-30,61,2,2,nan,25.0,15,61.0,24.0
60,潮州,2021-10-30,122,20,5,nan,39.0,27,122.0,66.0
85,大城,2021-10-30,74,15,5,nan,33.0,35,74.0,40.0
61,恆春,2021-10-30,43,2,1,nan,13.0,2,43.0,19.0
17,桃園,2021-10-30,48,28,7,nan,24.0,48,30.0,36.0
62,臺東,2021-10-30,41,5,2,nan,18.0,13,41.0,20.0
1,基隆,2021-10-31,43,2.0,2,nan,23,15,43.0,35
36,南投,2021-10-31,64,5.0,3,nan,28,28,64.0,53
37,斗六,2021-10-31,67,5.0,2,nan,37,22,67.0,60
38,崙背,2021-10-31,64,10.0,2,nan,40,18,64.0,55
39,新港,2021-10-31,56,5.0,2,nan,40,17,51.0,56
40,朴子,2021-10-31,64,8.0,2,nan,40,27,64.0,49
41,臺西,2021-10-31,49,12.0,2,nan,35,20,nan,49
42,嘉義,2021-10-31,74,10.0,3,nan,37,23,74.0,64
43,新營,2021-10-31,80,8.0,2,nan,39,25,80.0,56
44,善化,2021-10-31,71,8.0,2,nan,36,22,71.0,61
45,安南,2021-10-31,84,5.0,3,nan,49,27,84.0,57
46,臺南,2021-10-31,84,8.0,3,nan,46,35,84.0,66
47,美濃,2021-10-31,80,5.0,3,nan,37,12,80.0,67
48,橋頭,2021-10-31,80,5.0,5,nan,53,30,80.0,77
49,仁武,2021-10-31,80,8.0,5,nan,45,32,80.0,75
50,鳳山,2021-10-31,82,8.0,7,nan,45,38,nan,82
51,大寮,2021-10-31,84,20.0,3,nan,47,23,84.0,78
52,林園,2021-10-31,93,nan,3,nan,51,22,93.0,82
53,楠梓,2021-10-31,74,5.0,5,nan,51,37,74.0,73
54,左營,2021-10-31,93,8.0,5,nan,53,25,93.0,76
56,前金,2021-10-31,90,5.0,5,nan,50,27,90.0,76
57,前鎮,2021-10-31,70,8.0,5,nan,50,38,nan,70
58,小港,2021-10-31,70,8.0,3,nan,43,35,67.0,70
59,屏東,2021-10-31,93,5.0,5,nan,47,30,93.0,77
60,潮州,2021-10-31,108,10.0,3,nan,37,15,108.0,69
61,恆春,2021-10-31,44,2.0,1,nan,12,0,44.0,22
62,臺東,2021-10-31,44,2.0,2,nan,23,8,44.0,24
63,花蓮,2021-10-31,46,2.0,2,nan,19,18,46.0,26
64,陽明,2021-10-31,50,2.0,1,nan,8,2,50.0,19
65,宜蘭,2021-10-31,42,18.0,2,nan,14,8,42.0,30
66,冬山,2021-10-31,39,5.0,2,nan,18,17,39.0,26
67,三重,2021-10-31,58,2.0,11,nan,27,58,nan,41
68,中壢,2021-10-31,45,5.0,7,nan,25,45,nan,37
69,竹山,2021-10-31,71,2.0,3,nan,30,27,71.0,60
70,永和,2021-10-31,35,5.0,5,nan,23,30,nan,35
71,復興,2021-10-31,68,5.0,6,nan,48,33,nan,68
72,埔里,2021-10-31,53,5.0,3,nan,22,18,47.0,53
75,馬祖,2021-10-31,136,5.0,3,nan,43,13,136.0,80
77,金門,2021-10-31,164,12.0,3,nan,62,18,164.0,95
78,馬公,2021-10-31,118,2.0,2,nan,33,7,118.0,50
80,關山,2021-10-31,40,5.0,2,nan,20,8,40.0,24
83,麥寮,2021-10-31,55,15.0,3,nan,46,23,nan,55
84,富貴角,2021-10-31,87,0.0,1,nan,35,2,87.0,24
85,大城,2021-10-31,74,12.0,2,nan,33,22,74.0,44
35,二林,2021-10-31,67,12.0,2,nan,42,15,67.0,48
2,汐止,2021-10-31,35,10.0,3,nan,22,35,31.0,33
3,萬里,2021-10-31,51,2.0,1,nan,48,10,51.0,31
4,新店,2021-10-31,40,0.0,3,nan,18,40,34.0,27
5,土城,2021-10-31,43,2.0,3,nan,19,27,43.0,30
6,板橋,2021-10-31,36,5.0,3,nan,21,32,36.0,36
7,新莊,2021-10-31,39,5.0,5,nan,28,33,39.0,36
8,菜寮,2021-10-31,51,8.0,6,nan,22,51,39.0,38
9,林口,2021-10-31,40,2.0,2,nan,22,20,40.0,32
10,淡水,2021-10-31,39,5.0,3,nan,16,13,39.0,27
11,士林,2021-10-31,42,2.0,5,nan,24,40,42.0,39
12,中山,2021-10-31,43,10.0,5,nan,22,43,35.0,36
13,萬華,2021-10-31,50,5.0,3,nan,22,50,35.0,36
14,古亭,2021-10-31,37,2.0,2,nan,22,22,37.0,37
15,松山,2021-10-31,35,2.0,3,nan,24,33,34.0,35
16,大同,2021-10-31,55,5.0,9,nan,34,55,nan,45
17,桃園,2021-10-31,40,25.0,3,nan,22,32,40.0,40
18,大園,2021-10-31,44,5.0,2,nan,26,27,44.0,29
19,觀音,2021-10-31,49,15.0,1,nan,29,17,49.0,42
20,平鎮,2021-10-31,41,5.0,3,nan,25,33,41.0,39
21,龍潭,2021-10-31,43,2.0,2,nan,19,13,43.0,29
22,湖口,2021-10-31,48,5.0,2,nan,24,15,48.0,37
23,竹東,2021-10-31,44,2.0,2,nan,15,12,44.0,31
24,新竹,2021-10-31,46,10.0,3,nan,22,28,46.0,39
25,頭份,2021-10-31,31,5.0,2,nan,23,25,nan,31
26,苗栗,2021-10-31,48,8.0,2,nan,24,20,48.0,33
27,三義,2021-10-31,50,5.0,2,nan,22,15,50.0,34
28,豐原,2021-10-31,46,2.0,2,nan,21,13,46.0,37
29,沙鹿,2021-10-31,58,2.0,2,nan,27,18,58.0,38
30,大里,2021-10-31,58,2.0,3,nan,26,33,58.0,46
31,忠明,2021-10-31,50,2.0,3,nan,24,35,50.0,42
32,西屯,2021-10-31,49,5.0,2,nan,29,20,49.0,41
33,彰化,2021-10-31,51,2.0,2,nan,29,25,51.0,42
34,線西,2021-10-31,43,18.0,3,nan,33,17,nan,43
