siteid,sitename,monitordate,aqi,so2subindex,cosubindex,o3subindex,pm10subindex,no2subindex,o38subindex,pm25subindex
1,基隆,2019-09-01,13,3,1.0,nan,5.0,3,13.0,9.0
84,富貴角,2019-09-01,19,3,1.0,nan,10.0,6,19.0,12.0
83,麥寮,2019-09-01,48,3,nan,nan,31.0,10,nan,48.0
80,關山,2019-09-01,14,3,nan,nan,10.0,4,10.0,14.0
78,馬公,2019-09-01,32,7,2.0,nan,26.0,11,32.0,nan
77,金門,2019-09-01,42,9,2.0,nan,26.0,8,42.0,36.0
75,馬祖,2019-09-01,45,4,2.0,nan,20.0,5,38.0,45.0
72,埔里,2019-09-01,54,4,3.0,nan,19.0,8,44.0,54.0
71,復興,2019-09-01,45,7,6.0,nan,24.0,26,nan,45.0
70,永和,2019-09-01,13,3,2.0,nan,5.0,6,nan,13.0
69,竹山,2019-09-01,43,6,2.0,nan,21.0,8,43.0,41.0
68,中壢,2019-09-01,75,6,12.0,nan,nan,35,nan,75.0
67,三重,2019-09-01,17,4,9.0,nan,5.0,14,nan,17.0
66,冬山,2019-09-01,14,3,2.0,nan,5.0,7,14.0,14.0
65,宜蘭,2019-09-01,16,4,1.0,nan,10.0,5,16.0,16.0
64,陽明,2019-09-01,14,3,1.0,nan,5.0,2,14.0,7.0
63,花蓮,2019-09-01,17,13,1.0,nan,10.0,5,17.0,8.0
62,臺東,2019-09-01,8,1,3.0,nan,5.0,8,8.0,8.0
61,恆春,2019-09-01,18,3,1.0,nan,5.0,2,18.0,14.0
60,潮州,2019-09-01,55,4,2.0,nan,27.0,8,44.0,55.0
59,屏東,2019-09-01,65,6,3.0,nan,31.0,11,49.0,65.0
58,小港,2019-09-01,43,7,5.0,nan,28.0,28,32.0,43.0
57,前鎮,2019-09-01,52,6,nan,nan,28.0,27,nan,52.0
56,前金,2019-09-01,54,6,3.0,nan,26.0,14,39.0,54.0
54,左營,2019-09-01,48,6,3.0,nan,26.0,14,40.0,48.0
53,楠梓,2019-09-01,62,4,5.0,nan,29.0,18,40.0,62.0
52,林園,2019-09-01,61,6,3.0,nan,32.0,16,44.0,61.0
51,大寮,2019-09-01,55,17,5.0,nan,32.0,18,41.0,55.0
50,鳳山,2019-09-01,57,6,5.0,nan,33.0,29,nan,57.0
49,仁武,2019-09-01,63,10,3.0,nan,31.0,25,43.0,63.0
48,橋頭,2019-09-01,57,4,5.0,nan,28.0,17,41.0,57.0
47,美濃,2019-09-01,55,4,3.0,nan,24.0,6,35.0,55.0
46,臺南,2019-09-01,59,6,5.0,nan,27.0,15,33.0,59.0
45,安南,2019-09-01,67,4,5.0,nan,29.0,17,38.0,67.0
44,善化,2019-09-01,38,7,2.0,nan,22.0,11,38.0,38.0
43,新營,2019-09-01,47,4,3.0,nan,23.0,13,34.0,47.0
42,嘉義,2019-09-01,38,4,3.0,nan,22.0,15,37.0,38.0
41,臺西,2019-09-01,54,3,nan,nan,28.0,9,nan,54.0
40,朴子,2019-09-01,40,4,3.0,nan,28.0,11,31.0,40.0
39,新港,2019-09-01,50,4,3.0,nan,23.0,10,35.0,50.0
38,崙背,2019-09-01,44,3,3.0,nan,23.0,11,39.0,44.0
37,斗六,2019-09-01,42,6,2.0,nan,20.0,11,42.0,40.0
36,南投,2019-09-01,46,4,3.0,nan,22.0,17,44.0,46.0
35,二林,2019-09-01,55,6,3.0,nan,30.0,12,38.0,55.0
34,線西,2019-09-01,58,4,nan,nan,31.0,18,nan,58.0
33,彰化,2019-09-01,65,20,3.0,nan,25.0,12,42.0,65.0
32,西屯,2019-09-01,56,7,5.0,nan,26.0,25,48.0,56.0
31,忠明,2019-09-01,69,10,6.0,nan,26.0,29,45.0,69.0
30,大里,2019-09-01,45,6,5.0,nan,27.0,16,45.0,44.0
29,沙鹿,2019-09-01,61,11,5.0,nan,29.0,34,61.0,59.0
28,豐原,2019-09-01,68,4,3.0,nan,29.0,9,67.0,68.0
27,三義,2019-09-01,58,4,3.0,nan,27.0,9,51.0,58.0
26,苗栗,2019-09-01,91,6,5.0,nan,35.0,11,80.0,91.0
25,頭份,2019-09-01,57,4,nan,nan,36.0,13,nan,57.0
24,新竹,2019-09-01,104,4,5.0,nan,29.0,21,104.0,55.0
23,竹東,2019-09-01,93,4,3.0,nan,24.0,8,93.0,41.0
22,湖口,2019-09-01,112,6,3.0,nan,37.0,16,112.0,67.0
21,龍潭,2019-09-01,93,6,6.0,nan,27.0,22,93.0,50.0
20,平鎮,2019-09-01,84,7,5.0,nan,31.0,24,84.0,67.0
19,觀音,2019-09-01,122,10,3.0,nan,40.0,12,122.0,88.0
18,大園,2019-09-01,129,13,3.0,nan,29.0,19,129.0,73.0
17,桃園,2019-09-01,63,17,5.0,nan,17.0,16,47.0,63.0
16,大同,2019-09-01,29,3,11.0,nan,10.0,15,nan,29.0
15,松山,2019-09-01,26,1,2.0,nan,5.0,6,15.0,26.0
14,古亭,2019-09-01,16,1,1.0,nan,5.0,5,16.0,9.0
13,萬華,2019-09-01,14,3,2.0,nan,5.0,8,12.0,14.0
12,中山,2019-09-01,20,3,2.0,nan,5.0,8,14.0,20.0
11,士林,2019-09-01,17,3,1.0,nan,5.0,5,17.0,13.0
10,淡水,2019-09-01,29,3,1.0,nan,5.0,4,18.0,29.0
9,林口,2019-09-01,24,3,2.0,nan,5.0,10,24.0,14.0
8,菜寮,2019-09-01,16,3,2.0,nan,5.0,8,16.0,8.0
7,新莊,2019-09-01,19,4,3.0,nan,11.0,19,19.0,7.0
6,板橋,2019-09-01,21,3,3.0,nan,5.0,19,17.0,21.0
5,土城,2019-09-01,23,6,3.0,nan,9.0,18,22.0,23.0
4,新店,2019-09-01,16,1,1.0,nan,5.0,3,16.0,16.0
3,萬里,2019-09-01,16,14,1.0,nan,5.0,6,16.0,14.0
22,湖口,2019-09-02,101,7,3.0,nan,28.0,15,101.0,53.0
84,富貴角,2019-09-02,18,4,1.0,nan,12.0,6,18.0,14.0
83,麥寮,2019-09-02,52,13,nan,nan,31.0,17,nan,52.0
80,關山,2019-09-02,13,3,nan,nan,12.0,3,12.0,13.0
78,馬公,2019-09-02,39,6,1.0,nan,20.0,7,35.0,39.0
77,金門,2019-09-02,40,9,2.0,nan,28.0,24,40.0,37.0
75,馬祖,2019-09-02,66,66,1.0,nan,17.0,4,29.0,42.0
72,埔里,2019-09-02,126,6,5.0,nan,23.0,10,126.0,58.0
71,復興,2019-09-02,39,7,11.0,nan,21.0,20,nan,39.0
70,永和,2019-09-02,21,3,7.0,nan,9.0,11,nan,21.0
69,竹山,2019-09-02,58,6,2.0,nan,22.0,12,58.0,44.0
68,中壢,2019-09-02,74,7,17.0,nan,26.0,43,nan,74.0
67,三重,2019-09-02,28,6,11.0,nan,13.0,23,nan,28.0
66,冬山,2019-09-02,13,7,2.0,nan,10.0,13,12.0,12.0
65,宜蘭,2019-09-02,16,3,2.0,nan,11.0,5,16.0,9.0
64,陽明,2019-09-02,15,3,2.0,nan,5.0,6,15.0,10.0
63,花蓮,2019-09-02,17,6,2.0,nan,10.0,6,17.0,10.0
62,臺東,2019-09-02,14,3,2.0,nan,10.0,6,14.0,11.0
61,恆春,2019-09-02,17,3,1.0,nan,5.0,2,17.0,16.0
60,潮州,2019-09-02,62,6,3.0,nan,24.0,9,34.0,62.0
59,屏東,2019-09-02,54,11,5.0,nan,26.0,17,54.0,46.0
58,小港,2019-09-02,36,6,3.0,nan,24.0,22,36.0,31.0
57,前鎮,2019-09-02,41,11,nan,nan,21.0,21,nan,41.0
56,前金,2019-09-02,44,6,3.0,nan,22.0,11,43.0,44.0
54,左營,2019-09-02,43,6,3.0,nan,20.0,18,43.0,32.0
53,楠梓,2019-09-02,46,4,3.0,nan,23.0,15,43.0,46.0
52,林園,2019-09-02,51,9,2.0,nan,28.0,12,45.0,51.0
51,大寮,2019-09-02,49,31,6.0,nan,29.0,24,46.0,49.0
50,鳳山,2019-09-02,36,6,5.0,nan,25.0,20,nan,36.0
49,仁武,2019-09-02,48,14,5.0,nan,23.0,23,44.0,48.0
48,橋頭,2019-09-02,44,6,3.0,nan,24.0,15,44.0,43.0
47,美濃,2019-09-02,35,1,2.0,nan,nan,9,35.0,nan
46,臺南,2019-09-02,43,7,3.0,nan,24.0,17,42.0,43.0
45,安南,2019-09-02,55,6,3.0,nan,22.0,17,41.0,55.0
44,善化,2019-09-02,25,7,2.0,nan,nan,6,25.0,nan
43,新營,2019-09-02,42,4,2.0,nan,19.0,9,42.0,36.0
42,嘉義,2019-09-02,46,9,3.0,nan,19.0,19,46.0,30.0
41,臺西,2019-09-02,58,16,nan,nan,29.0,19,nan,58.0
40,朴子,2019-09-02,48,4,3.0,nan,29.0,10,46.0,48.0
39,新港,2019-09-02,52,6,3.0,nan,23.0,16,47.0,52.0
38,崙背,2019-09-02,67,7,2.0,nan,28.0,16,67.0,54.0
37,斗六,2019-09-02,74,7,3.0,nan,21.0,14,74.0,41.0
36,南投,2019-09-02,93,14,5.0,nan,22.0,22,93.0,41.0
35,二林,2019-09-02,64,7,2.0,nan,31.0,12,51.0,64.0
34,線西,2019-09-02,48,10,nan,nan,27.0,13,nan,48.0
33,彰化,2019-09-02,74,27,6.0,nan,27.0,24,74.0,39.0
32,西屯,2019-09-02,115,7,3.0,nan,24.0,24,115.0,45.0
31,忠明,2019-09-02,108,4,5.0,nan,23.0,22,108.0,55.0
30,大里,2019-09-02,112,14,6.0,nan,26.0,20,112.0,43.0
29,沙鹿,2019-09-02,100,10,3.0,nan,23.0,21,100.0,46.0
28,豐原,2019-09-02,84,6,5.0,nan,27.0,17,84.0,54.0
27,三義,2019-09-02,67,6,3.0,nan,21.0,8,67.0,44.0
26,苗栗,2019-09-02,67,7,5.0,nan,25.0,9,54.0,67.0
25,頭份,2019-09-02,49,9,nan,nan,28.0,17,nan,49.0
24,新竹,2019-09-02,101,7,5.0,nan,27.0,13,101.0,56.0
23,竹東,2019-09-02,140,4,5.0,nan,25.0,10,140.0,53.0
21,龍潭,2019-09-02,136,6,5.0,nan,28.0,16,136.0,64.0
20,平鎮,2019-09-02,71,6,5.0,nan,34.0,20,71.0,64.0
19,觀音,2019-09-02,71,6,3.0,nan,27.0,20,71.0,61.0
18,大園,2019-09-02,51,10,3.0,nan,28.0,13,37.0,51.0
17,桃園,2019-09-02,50,23,5.0,nan,20.0,17,40.0,50.0
16,大同,2019-09-02,48,6,17.0,nan,19.0,21,nan,48.0
15,松山,2019-09-02,17,6,2.0,nan,9.0,9,14.0,17.0
14,古亭,2019-09-02,17,3,2.0,nan,12.0,8,17.0,16.0
13,萬華,2019-09-02,21,6,3.0,nan,13.0,12,13.0,21.0
12,中山,2019-09-02,31,4,5.0,nan,11.0,12,15.0,31.0
11,士林,2019-09-02,27,6,2.0,nan,9.0,9,18.0,27.0
10,淡水,2019-09-02,40,9,3.0,nan,10.0,12,19.0,40.0
9,林口,2019-09-02,34,6,3.0,nan,19.0,20,26.0,34.0
8,菜寮,2019-09-02,27,6,5.0,nan,13.0,13,17.0,27.0
7,新莊,2019-09-02,30,19,5.0,nan,19.0,16,19.0,30.0
6,板橋,2019-09-02,30,4,3.0,nan,13.0,15,17.0,30.0
5,土城,2019-09-02,31,4,3.0,nan,14.0,16,22.0,31.0
4,新店,2019-09-02,20,3,3.0,nan,5.0,7,17.0,20.0
3,萬里,2019-09-02,17,11,1.0,nan,5.0,7,17.0,17.0
1,基隆,2019-09-02,14,3,1.0,nan,14.0,5,13.0,12.0
3,萬里,2019-09-03,20,7,1.0,nan,5,7,20.0,14
84,富貴角,2019-09-03,19,3,1.0,nan,10,3,19.0,9
83,麥寮,2019-09-03,67,23,nan,nan,36,28,nan,67
80,關山,2019-09-03,15,3,nan,nan,9,3,12.0,15
78,馬公,2019-09-03,30,6,1.0,nan,22,10,30.0,26
77,金門,2019-09-03,33,7,2.0,nan,23,9,33.0,28
75,馬祖,2019-09-03,44,3,1.0,nan,16,3,44.0,26
72,埔里,2019-09-03,90,3,3.0,nan,25,8,90.0,68
71,復興,2019-09-03,43,11,7.0,nan,21,21,nan,43
70,永和,2019-09-03,13,3,3.0,nan,5,8,nan,13
69,竹山,2019-09-03,72,6,3.0,nan,31,11,71.0,72
68,中壢,2019-09-03,49,7,14.0,nan,11,18,nan,49
67,三重,2019-09-03,18,6,15.0,nan,11,17,nan,18
66,冬山,2019-09-03,17,6,3.0,nan,13,9,12.0,17
65,宜蘭,2019-09-03,16,3,2.0,nan,12,6,16.0,14
64,陽明,2019-09-03,14,3,1.0,nan,5,2,14.0,7
63,花蓮,2019-09-03,15,3,2.0,nan,13,12,15.0,8
62,臺東,2019-09-03,19,1,2.0,nan,19,6,13.0,13
61,恆春,2019-09-03,16,1,1.0,nan,5,2,16.0,16
60,潮州,2019-09-03,58,3,3.0,nan,25,6,36.0,58
59,屏東,2019-09-03,61,6,6.0,nan,29,19,61.0,48
58,小港,2019-09-03,45,10,5.0,nan,27,25,31.0,45
57,前鎮,2019-09-03,46,7,nan,nan,25,25,nan,46
56,前金,2019-09-03,49,9,6.0,nan,25,20,37.0,49
54,左營,2019-09-03,44,6,5.0,nan,25,24,38.0,44
53,楠梓,2019-09-03,60,9,3.0,nan,26,25,36.0,60
52,林園,2019-09-03,64,10,3.0,nan,32,14,43.0,64
51,大寮,2019-09-03,53,27,5.0,nan,31,22,33.0,53
50,鳳山,2019-09-03,46,4,6.0,nan,23,19,nan,46
49,仁武,2019-09-03,57,4,3.0,nan,24,16,36.0,57
48,橋頭,2019-09-03,46,4,3.0,nan,25,15,38.0,46
47,美濃,2019-09-03,43,3,2.0,nan,23,6,43.0,43
46,臺南,2019-09-03,54,6,3.0,nan,24,14,44.0,54
45,安南,2019-09-03,54,6,3.0,nan,26,18,49.0,54
43,新營,2019-09-03,47,6,3.0,nan,21,8,47.0,42
42,嘉義,2019-09-03,50,6,3.0,nan,25,11,50.0,39
41,臺西,2019-09-03,78,7,nan,nan,33,11,nan,78
40,朴子,2019-09-03,61,6,3.0,nan,34,20,54.0,61
39,新港,2019-09-03,69,4,3.0,nan,28,14,54.0,69
38,崙背,2019-09-03,68,7,2.0,nan,33,12,54.0,68
37,斗六,2019-09-03,87,7,3.0,nan,31,12,87.0,65
36,南投,2019-09-03,90,6,5.0,nan,37,13,90.0,87
35,二林,2019-09-03,89,9,3.0,nan,38,15,51.0,89
34,線西,2019-09-03,85,10,nan,nan,42,13,nan,85
33,彰化,2019-09-03,92,13,6.0,nan,38,16,71.0,92
32,西屯,2019-09-03,85,9,5.0,nan,38,25,84.0,85
31,忠明,2019-09-03,100,11,6.0,nan,35,23,67.0,100
30,大里,2019-09-03,108,10,6.0,nan,39,17,108.0,75
29,沙鹿,2019-09-03,83,31,5.0,nan,34,22,54.0,83
28,豐原,2019-09-03,93,10,5.0,nan,42,25,93.0,89
27,三義,2019-09-03,78,7,3.0,nan,35,11,74.0,78
26,苗栗,2019-09-03,88,9,5.0,nan,32,18,48.0,88
25,頭份,2019-09-03,52,9,nan,nan,31,15,nan,52
24,新竹,2019-09-03,93,6,3.0,nan,26,16,93.0,57
23,竹東,2019-09-03,108,4,3.0,nan,28,9,108.0,57
22,湖口,2019-09-03,46,6,3.0,nan,21,13,32.0,46
21,龍潭,2019-09-03,38,6,3.0,nan,14,11,19.0,38
20,平鎮,2019-09-03,41,9,3.0,nan,16,13,19.0,41
19,觀音,2019-09-03,42,10,3.0,nan,20,14,21.0,42
18,大園,2019-09-03,32,9,2.0,nan,12,15,17.0,32
17,桃園,2019-09-03,35,23,3.0,nan,5,11,17.0,35
16,大同,2019-09-03,27,6,10.0,nan,14,16,nan,27
15,松山,2019-09-03,15,4,3.0,nan,5,11,13.0,15
14,古亭,2019-09-03,16,3,2.0,nan,5,9,16.0,6
13,萬華,2019-09-03,16,3,3.0,nan,5,13,11.0,16
12,中山,2019-09-03,22,4,6.0,nan,5,14,11.0,22
11,士林,2019-09-03,29,3,1.0,nan,5,5,18.0,29
10,淡水,2019-09-03,28,3,1.0,nan,12,3,17.0,28
9,林口,2019-09-03,16,3,2.0,nan,5,10,16.0,9
8,菜寮,2019-09-03,14,3,3.0,nan,5,11,14.0,12
7,新莊,2019-09-03,16,4,3.0,nan,15,10,16.0,10
6,板橋,2019-09-03,19,3,3.0,nan,5,12,14.0,19
5,土城,2019-09-03,17,3,3.0,nan,5,10,17.0,16
4,新店,2019-09-03,15,3,2.0,nan,5,7,14.0,15
1,基隆,2019-09-03,14,3,2.0,nan,13,6,14.0,11
62,臺東,2019-09-04,19,4,5.0,nan,14,10,19.0,11
3,萬里,2019-09-04,19,9,1.0,nan,15,6,19.0,14
4,新店,2019-09-04,16,3,5.0,nan,5,16,11.0,14
5,土城,2019-09-04,16,4,6.0,nan,5,16,13.0,10
6,板橋,2019-09-04,21,7,6.0,nan,5,21,10.0,18
7,新莊,2019-09-04,19,6,6.0,nan,9,19,11.0,13
8,菜寮,2019-09-04,15,6,5.0,nan,5,15,11.0,15
9,林口,2019-09-04,18,4,3.0,nan,5,18,13.0,7
10,淡水,2019-09-04,26,3,3.0,nan,11,12,12.0,26
11,士林,2019-09-04,16,7,3.0,nan,5,14,13.0,16
12,中山,2019-09-04,20,11,7.0,nan,5,17,6.0,20
13,萬華,2019-09-04,19,7,5.0,nan,5,19,7.0,11
14,古亭,2019-09-04,17,6,5.0,nan,5,17,9.0,9
15,松山,2019-09-04,16,7,3.0,nan,5,15,10.0,16
16,大同,2019-09-04,25,13,14.0,nan,14,22,nan,25
17,桃園,2019-09-04,42,19,7.0,nan,5,14,15.0,42
18,大園,2019-09-04,23,9,3.0,nan,9,21,14.0,23
19,觀音,2019-09-04,26,16,3.0,nan,11,20,16.0,26
20,平鎮,2019-09-04,24,6,6.0,nan,9,18,18.0,24
21,龍潭,2019-09-04,24,6,5.0,nan,5,19,19.0,24
22,湖口,2019-09-04,28,4,3.0,nan,11,17,23.0,28
23,竹東,2019-09-04,36,3,3.0,nan,16,11,29.0,36
24,新竹,2019-09-04,30,4,3.0,nan,16,16,30.0,27
25,頭份,2019-09-04,37,7,nan,nan,23,18,nan,37
26,苗栗,2019-09-04,59,4,5.0,nan,24,14,26.0,59
27,三義,2019-09-04,51,6,2.0,nan,23,14,32.0,51
28,豐原,2019-09-04,41,4,3.0,nan,23,20,31.0,41
29,沙鹿,2019-09-04,41,10,3.0,nan,17,19,34.0,41
30,大里,2019-09-04,45,7,6.0,nan,21,17,27.0,45
31,忠明,2019-09-04,47,7,5.0,nan,16,21,26.0,47
32,西屯,2019-09-04,34,3,3.0,nan,17,25,27.0,34
33,彰化,2019-09-04,30,7,5.0,nan,19,12,27.0,30
34,線西,2019-09-04,42,6,nan,nan,24,15,nan,42
35,二林,2019-09-04,46,6,2.0,nan,20,13,24.0,46
36,南投,2019-09-04,33,4,3.0,nan,20,18,21.0,33
37,斗六,2019-09-04,26,4,3.0,nan,15,13,23.0,26
38,崙背,2019-09-04,27,4,2.0,nan,17,10,23.0,27
39,新港,2019-09-04,37,4,5.0,nan,15,17,21.0,37
40,朴子,2019-09-04,26,4,3.0,nan,16,11,23.0,26
41,臺西,2019-09-04,30,6,nan,nan,18,8,nan,30
42,嘉義,2019-09-04,23,4,3.0,nan,14,13,20.0,23
43,新營,2019-09-04,21,3,3.0,nan,12,9,21.0,19
45,安南,2019-09-04,41,6,3.0,nan,15,21,26.0,41
46,臺南,2019-09-04,31,7,3.0,nan,16,19,28.0,31
47,美濃,2019-09-04,22,3,2.0,nan,12,8,22.0,17
48,橋頭,2019-09-04,19,4,3.0,nan,9,19,18.0,16
49,仁武,2019-09-04,25,9,5.0,nan,12,25,18.0,19
50,鳳山,2019-09-04,25,4,7.0,nan,12,25,nan,13
51,大寮,2019-09-04,40,40,3.0,nan,16,25,12.0,26
52,林園,2019-09-04,29,9,3.0,nan,18,20,22.0,29
53,楠梓,2019-09-04,22,9,3.0,nan,10,22,15.0,20
54,左營,2019-09-04,22,7,5.0,nan,5,22,17.0,16
56,前金,2019-09-04,22,7,6.0,nan,11,22,17.0,12
57,前鎮,2019-09-04,25,4,nan,nan,10,25,nan,7
58,小港,2019-09-04,26,7,5.0,nan,11,26,13.0,12
59,屏東,2019-09-04,26,3,5.0,nan,12,26,21.0,15
60,潮州,2019-09-04,32,6,2.0,nan,12,11,22.0,32
61,恆春,2019-09-04,24,3,1.0,nan,9,5,24.0,20
63,花蓮,2019-09-04,18,3,2.0,nan,17,8,18.0,3
64,陽明,2019-09-04,16,6,1.0,nan,5,2,16.0,3
65,宜蘭,2019-09-04,16,3,2.0,nan,9,7,16.0,11
66,冬山,2019-09-04,16,4,2.0,nan,5,8,16.0,13
67,三重,2019-09-04,25,9,16.0,nan,12,25,nan,19
68,中壢,2019-09-04,34,7,17.0,nan,5,25,nan,34
69,竹山,2019-09-04,27,4,2.0,nan,18,8,25.0,27
70,永和,2019-09-04,19,6,10.0,nan,5,19,nan,16
71,復興,2019-09-04,25,6,8.0,nan,5,25,nan,11
72,埔里,2019-09-04,52,4,3.0,nan,17,13,29.0,52
75,馬祖,2019-09-04,26,3,1.0,nan,12,3,19.0,26
77,金門,2019-09-04,28,6,1.0,nan,18,7,28.0,23
78,馬公,2019-09-04,31,7,2.0,nan,15,8,31.0,16
80,關山,2019-09-04,17,3,nan,nan,10,4,17.0,16
83,麥寮,2019-09-04,34,9,nan,nan,20,10,nan,34
84,富貴角,2019-09-04,19,1,1.0,nan,19,2,19.0,10
1,基隆,2019-09-04,13,6,2.0,nan,12,10,13.0,13
42,嘉義,2019-09-05,36.0,4.0,5.0,nan,16.0,22.0,36.0,26.0
1,基隆,2019-09-05,14.0,4.0,2.0,nan,14.0,10.0,12.0,11.0
4,新店,2019-09-05,16.0,3.0,5.0,nan,9.0,15.0,7.0,16.0
5,土城,2019-09-05,20.0,7.0,5.0,nan,13.0,20.0,7.0,15.0
6,板橋,2019-09-05,24.0,7.0,6.0,nan,9.0,19.0,8.0,24.0
7,新莊,2019-09-05,17.0,7.0,5.0,nan,11.0,17.0,11.0,14.0
8,菜寮,2019-09-05,21.0,4.0,7.0,nan,11.0,21.0,9.0,18.0
9,林口,2019-09-05,14.0,3.0,2.0,nan,5.0,14.0,12.0,3.0
10,淡水,2019-09-05,28.0,3.0,3.0,nan,12.0,13.0,11.0,28.0
11,士林,2019-09-05,24.0,4.0,6.0,nan,5.0,21.0,9.0,24.0
12,中山,2019-09-05,30.0,4.0,10.0,nan,12.0,24.0,6.0,30.0
13,萬華,2019-09-05,23.0,7.0,8.0,nan,12.0,23.0,6.0,10.0
14,古亭,2019-09-05,22.0,4.0,6.0,nan,11.0,22.0,7.0,13.0
15,松山,2019-09-05,25.0,7.0,8.0,nan,10.0,25.0,7.0,15.0
16,大同,2019-09-05,31.0,10.0,26.0,nan,17.0,31.0,nan,28.0
17,桃園,2019-09-05,39.0,30.0,6.0,nan,11.0,18.0,8.0,39.0
18,大園,2019-09-05,19.0,7.0,2.0,nan,10.0,19.0,11.0,19.0
19,觀音,2019-09-05,22.0,17.0,2.0,nan,13.0,22.0,13.0,20.0
20,平鎮,2019-09-05,27.0,7.0,5.0,nan,12.0,20.0,9.0,27.0
21,龍潭,2019-09-05,23.0,6.0,5.0,nan,5.0,14.0,12.0,23.0
22,湖口,2019-09-05,15.0,6.0,3.0,nan,13.0,15.0,13.0,14.0
23,竹東,2019-09-05,15.0,3.0,2.0,nan,12.0,10.0,13.0,15.0
24,新竹,2019-09-05,16.0,6.0,5.0,nan,11.0,16.0,14.0,10.0
25,頭份,2019-09-05,19.0,3.0,nan,nan,18.0,19.0,nan,8.0
26,苗栗,2019-09-05,35.0,4.0,3.0,nan,16.0,11.0,14.0,35.0
27,三義,2019-09-05,22.0,3.0,2.0,nan,12.0,11.0,22.0,19.0
28,豐原,2019-09-05,31.0,4.0,2.0,nan,18.0,9.0,31.0,24.0
29,沙鹿,2019-09-05,31.0,4.0,3.0,nan,16.0,20.0,31.0,27.0
30,大里,2019-09-05,27.0,6.0,6.0,nan,19.0,17.0,27.0,26.0
31,忠明,2019-09-05,33.0,4.0,5.0,nan,17.0,23.0,31.0,33.0
32,西屯,2019-09-05,39.0,3.0,3.0,nan,17.0,23.0,28.0,39.0
33,彰化,2019-09-05,30.0,7.0,5.0,nan,17.0,20.0,30.0,18.0
34,線西,2019-09-05,21.0,4.0,nan,nan,20.0,15.0,nan,21.0
35,二林,2019-09-05,35.0,7.0,3.0,nan,23.0,16.0,31.0,35.0
36,南投,2019-09-05,30.0,4.0,3.0,nan,19.0,16.0,30.0,29.0
37,斗六,2019-09-05,37.0,4.0,3.0,nan,19.0,14.0,37.0,26.0
38,崙背,2019-09-05,52.0,6.0,3.0,nan,27.0,13.0,31.0,52.0
39,新港,2019-09-05,45.0,6.0,3.0,nan,20.0,13.0,33.0,45.0
40,朴子,2019-09-05,37.0,4.0,3.0,nan,21.0,10.0,37.0,28.0
41,臺西,2019-09-05,35.0,6.0,nan,nan,19.0,10.0,nan,35.0
43,新營,2019-09-05,37.0,4.0,3.0,nan,19.0,11.0,37.0,28.0
44,善化,2019-09-05,nan,nan,nan,nan,nan,nan,nan,nan
45,安南,2019-09-05,58.0,6.0,3.0,nan,23.0,19.0,41.0,58.0
46,臺南,2019-09-05,38.0,6.0,3.0,nan,20.0,14.0,38.0,30.0
47,美濃,2019-09-05,34.0,3.0,2.0,nan,17.0,4.0,34.0,24.0
48,橋頭,2019-09-05,36.0,6.0,3.0,nan,18.0,16.0,36.0,22.0
49,仁武,2019-09-05,33.0,7.0,3.0,nan,19.0,20.0,31.0,33.0
50,鳳山,2019-09-05,22.0,4.0,6.0,nan,19.0,22.0,nan,18.0
51,大寮,2019-09-05,33.0,20.0,3.0,nan,24.0,14.0,28.0,33.0
52,林園,2019-09-05,40.0,7.0,2.0,nan,29.0,10.0,36.0,40.0
53,楠梓,2019-09-05,32.0,7.0,3.0,nan,19.0,22.0,31.0,32.0
54,左營,2019-09-05,37.0,6.0,5.0,nan,17.0,25.0,37.0,20.0
56,前金,2019-09-05,33.0,7.0,3.0,nan,19.0,23.0,33.0,22.0
57,前鎮,2019-09-05,25.0,7.0,nan,nan,19.0,25.0,nan,20.0
58,小港,2019-09-05,27.0,6.0,6.0,nan,24.0,26.0,27.0,20.0
59,屏東,2019-09-05,36.0,4.0,3.0,nan,18.0,13.0,36.0,24.0
60,潮州,2019-09-05,34.0,10.0,3.0,nan,18.0,9.0,34.0,31.0
61,恆春,2019-09-05,28.0,4.0,1.0,nan,11.0,5.0,28.0,26.0
62,臺東,2019-09-05,31.0,4.0,3.0,nan,14.0,8.0,31.0,12.0
63,花蓮,2019-09-05,26.0,3.0,2.0,nan,19.0,8.0,26.0,3.0
64,陽明,2019-09-05,16.0,1.0,1.0,nan,5.0,1.0,16.0,3.0
65,宜蘭,2019-09-05,14.0,3.0,3.0,nan,5.0,9.0,14.0,7.0
66,冬山,2019-09-05,14.0,3.0,2.0,nan,5.0,11.0,14.0,13.0
67,三重,2019-09-05,32.0,7.0,20.0,nan,16.0,32.0,nan,28.0
68,中壢,2019-09-05,32.0,6.0,16.0,nan,5.0,22.0,nan,32.0
69,竹山,2019-09-05,34.0,6.0,3.0,nan,19.0,13.0,34.0,34.0
70,永和,2019-09-05,25.0,4.0,14.0,nan,11.0,25.0,nan,17.0
71,復興,2019-09-05,25.0,11.0,9.0,nan,17.0,25.0,nan,25.0
72,埔里,2019-09-05,36.0,4.0,3.0,nan,12.0,14.0,31.0,36.0
75,馬祖,2019-09-05,29.0,6.0,1.0,nan,15.0,5.0,29.0,23.0
77,金門,2019-09-05,33.0,14.0,2.0,nan,22.0,17.0,33.0,28.0
78,馬公,2019-09-05,35.0,7.0,2.0,nan,16.0,7.0,35.0,17.0
80,關山,2019-09-05,23.0,3.0,nan,nan,13.0,6.0,23.0,18.0
83,麥寮,2019-09-05,29.0,6.0,nan,nan,21.0,13.0,nan,29.0
84,富貴角,2019-09-05,31.0,1.0,1.0,nan,31.0,2.0,17.0,16.0
3,萬里,2019-09-05,17.0,7.0,1.0,nan,16.0,4.0,17.0,13.0
2,汐止,2019-09-05,22.0,3.0,7.0,nan,nan,22.0,3.0,nan
84,富貴角,2019-09-06,47,3,1.0,nan,47.0,5,39.0,33.0
1,基隆,2019-09-06,12,4,3.0,nan,nan,12,8.0,nan
80,關山,2019-09-06,19,3,nan,nan,13.0,6,19.0,14.0
3,萬里,2019-09-06,31,6,1.0,nan,31.0,6,23.0,25.0
4,新店,2019-09-06,46,4,3.0,nan,14.0,15,46.0,29.0
5,土城,2019-09-06,46,7,6.0,nan,16.0,23,46.0,25.0
6,板橋,2019-09-06,39,7,7.0,nan,15.0,26,39.0,29.0
7,新莊,2019-09-06,33,7,6.0,nan,18.0,25,33.0,23.0
8,菜寮,2019-09-06,26,9,6.0,nan,18.0,25,26.0,24.0
9,林口,2019-09-06,34,6,3.0,nan,19.0,26,34.0,16.0
10,淡水,2019-09-06,36,4,3.0,nan,19.0,14,31.0,36.0
11,士林,2019-09-06,28,7,3.0,nan,15.0,14,28.0,20.0
12,中山,2019-09-06,34,11,8.0,nan,15.0,27,22.0,34.0
13,萬華,2019-09-06,32,6,6.0,nan,16.0,26,26.0,32.0
14,古亭,2019-09-06,36,4,5.0,nan,15.0,25,36.0,24.0
15,松山,2019-09-06,30,6,5.0,nan,15.0,23,28.0,30.0
16,大同,2019-09-06,41,10,19.0,nan,19.0,31,nan,41.0
17,桃園,2019-09-06,51,17,7.0,nan,18.0,22,32.0,51.0
18,大園,2019-09-06,31,10,5.0,nan,21.0,28,31.0,30.0
19,觀音,2019-09-06,37,14,3.0,nan,22.0,25,7.0,37.0
20,平鎮,2019-09-06,33,11,8.0,nan,22.0,33,22.0,31.0
21,龍潭,2019-09-06,38,10,6.0,nan,16.0,30,38.0,31.0
22,湖口,2019-09-06,33,4,3.0,nan,19.0,21,33.0,25.0
23,竹東,2019-09-06,40,3,3.0,nan,19.0,15,40.0,28.0
24,新竹,2019-09-06,31,4,6.0,nan,21.0,25,31.0,23.0
25,頭份,2019-09-06,23,6,nan,nan,23.0,22,nan,15.0
26,苗栗,2019-09-06,49,7,5.0,nan,21.0,19,30.0,49.0
27,三義,2019-09-06,37,3,2.0,nan,18.0,9,37.0,28.0
28,豐原,2019-09-06,48,6,3.0,nan,21.0,10,48.0,31.0
29,沙鹿,2019-09-06,39,6,3.0,nan,18.0,16,39.0,28.0
30,大里,2019-09-06,49,9,6.0,nan,23.0,26,49.0,33.0
31,忠明,2019-09-06,48,19,5.0,nan,21.0,28,47.0,48.0
32,西屯,2019-09-06,46,10,5.0,nan,22.0,28,46.0,39.0
33,彰化,2019-09-06,45,9,5.0,nan,21.0,13,45.0,38.0
34,線西,2019-09-06,31,6,nan,nan,22.0,13,nan,31.0
35,二林,2019-09-06,46,7,3.0,nan,24.0,13,45.0,46.0
36,南投,2019-09-06,44,4,3.0,nan,20.0,18,44.0,37.0
37,斗六,2019-09-06,45,6,5.0,nan,18.0,12,45.0,28.0
38,崙背,2019-09-06,47,6,3.0,nan,25.0,12,47.0,40.0
39,新港,2019-09-06,49,6,3.0,nan,23.0,16,48.0,49.0
40,朴子,2019-09-06,44,4,3.0,nan,22.0,14,44.0,35.0
41,臺西,2019-09-06,49,7,nan,nan,21.0,12,nan,49.0
42,嘉義,2019-09-06,33,7,3.0,nan,17.0,16,33.0,19.0
43,新營,2019-09-06,32,3,3.0,nan,14.0,14,32.0,23.0
44,善化,2019-09-06,32,1,2.0,nan,nan,6,32.0,nan
45,安南,2019-09-06,56,6,3.0,nan,17.0,31,34.0,56.0
46,臺南,2019-09-06,34,4,3.0,nan,18.0,25,34.0,30.0
47,美濃,2019-09-06,36,4,2.0,nan,14.0,6,36.0,23.0
48,橋頭,2019-09-06,39,6,3.0,nan,16.0,15,39.0,25.0
49,仁武,2019-09-06,33,11,3.0,nan,17.0,15,30.0,33.0
50,鳳山,2019-09-06,29,17,6.0,nan,14.0,16,nan,29.0
51,大寮,2019-09-06,31,21,2.0,nan,15.0,13,31.0,23.0
52,林園,2019-09-06,38,4,2.0,nan,27.0,4,38.0,36.0
53,楠梓,2019-09-06,37,11,5.0,nan,17.0,21,37.0,35.0
54,左營,2019-09-06,33,7,3.0,nan,13.0,18,33.0,20.0
56,前金,2019-09-06,33,9,3.0,nan,14.0,18,33.0,32.0
57,前鎮,2019-09-06,23,6,nan,nan,16.0,23,nan,16.0
58,小港,2019-09-06,27,11,3.0,nan,18.0,21,27.0,21.0
59,屏東,2019-09-06,34,6,5.0,nan,12.0,16,34.0,20.0
60,潮州,2019-09-06,29,3,1.0,nan,12.0,6,28.0,29.0
61,恆春,2019-09-06,26,3,1.0,nan,11.0,2,26.0,24.0
62,臺東,2019-09-06,23,1,3.0,nan,14.0,10,23.0,9.0
63,花蓮,2019-09-06,25,3,3.0,nan,15.0,10,25.0,12.0
64,陽明,2019-09-06,22,1,1.0,nan,5.0,3,22.0,13.0
65,宜蘭,2019-09-06,26,3,2.0,nan,14.0,10,26.0,15.0
66,冬山,2019-09-06,21,9,3.0,nan,19.0,14,21.0,21.0
67,三重,2019-09-06,35,9,19.0,nan,21.0,35,nan,33.0
68,中壢,2019-09-06,55,10,16.0,nan,17.0,34,nan,55.0
69,竹山,2019-09-06,37,4,3.0,nan,21.0,8,37.0,36.0
70,永和,2019-09-06,31,4,11.0,nan,17.0,31,nan,31.0
71,復興,2019-09-06,22,7,5.0,nan,11.0,22,nan,18.0
72,埔里,2019-09-06,43,4,3.0,nan,15.0,11,35.0,43.0
75,馬祖,2019-09-06,45,6,5.0,nan,25.0,13,45.0,36.0
77,金門,2019-09-06,104,6,2.0,nan,33.0,20,104.0,47.0
78,馬公,2019-09-06,36,7,2.0,nan,17.0,11,36.0,15.0
83,麥寮,2019-09-06,36,4,nan,nan,24.0,11,nan,36.0
2,汐止,2019-09-06,30,4,5.0,nan,16.0,21,30.0,29.0
51,大寮,2019-09-07,44,9,2.0,nan,19.0,13,44.0,28
3,萬里,2019-09-07,71,9,3.0,nan,44.0,8,71.0,51
2,汐止,2019-09-07,50,6,6.0,nan,28.0,23,45.0,50
84,富貴角,2019-09-07,80,3,2.0,nan,39.0,17,80.0,52
83,麥寮,2019-09-07,31,6,nan,nan,22.0,8,nan,31
80,關山,2019-09-07,18,3,nan,nan,13.0,3,18.0,15
78,馬公,2019-09-07,34,26,2.0,nan,16.0,10,34.0,22
77,金門,2019-09-07,108,16,3.0,nan,29.0,30,108.0,51
75,馬祖,2019-09-07,71,6,2.0,nan,31.0,8,71.0,55
72,埔里,2019-09-07,43,4,3.0,nan,12.0,9,41.0,43
71,復興,2019-09-07,24,9,8.0,nan,12.0,24,nan,22
70,永和,2019-09-07,50,6,11.0,nan,23.0,36,nan,50
69,竹山,2019-09-07,48,6,2.0,nan,23.0,8,48.0,46
68,中壢,2019-09-07,67,7,11.0,nan,nan,33,nan,67
67,三重,2019-09-07,48,9,14.0,nan,26.0,40,nan,48
66,冬山,2019-09-07,44,10,3.0,nan,25.0,19,44.0,26
65,宜蘭,2019-09-07,47,4,3.0,nan,17.0,7,47.0,25
64,陽明,2019-09-07,41,4,2.0,nan,17.0,12,41.0,35
63,花蓮,2019-09-07,34,3,2.0,nan,17.0,9,34.0,15
62,臺東,2019-09-07,21,3,3.0,nan,12.0,8,21.0,3
61,恆春,2019-09-07,39,6,2.0,nan,13.0,5,39.0,25
60,潮州,2019-09-07,44,6,2.0,nan,15.0,7,44.0,30
59,屏東,2019-09-07,43,6,5.0,nan,20.0,14,43.0,25
58,小港,2019-09-07,33,11,3.0,nan,17.0,20,33.0,18
57,前鎮,2019-09-07,22,9,nan,nan,15.0,22,nan,18
56,前金,2019-09-07,36,10,3.0,nan,17.0,18,36.0,21
54,左營,2019-09-07,36,13,3.0,nan,14.0,17,36.0,24
53,楠梓,2019-09-07,39,7,3.0,nan,18.0,14,39.0,33
52,林園,2019-09-07,41,7,2.0,nan,24.0,12,41.0,31
50,鳳山,2019-09-07,31,31,5.0,nan,16.0,19,nan,19
49,仁武,2019-09-07,37,7,3.0,nan,17.0,15,37.0,23
48,橋頭,2019-09-07,41,4,3.0,nan,nan,14,41.0,19
47,美濃,2019-09-07,37,4,2.0,nan,16.0,7,37.0,19
46,臺南,2019-09-07,36,4,3.0,nan,19.0,11,36.0,27
45,安南,2019-09-07,47,6,2.0,nan,19.0,13,40.0,47
43,新營,2019-09-07,40,4,2.0,nan,20.0,8,40.0,32
42,嘉義,2019-09-07,40,4,3.0,nan,20.0,10,40.0,31
41,臺西,2019-09-07,43,9,nan,nan,22.0,8,nan,43
40,朴子,2019-09-07,40,7,2.0,nan,24.0,8,40.0,31
39,新港,2019-09-07,41,4,3.0,nan,21.0,10,41.0,38
38,崙背,2019-09-07,43,6,2.0,nan,23.0,11,43.0,37
37,斗六,2019-09-07,44,4,2.0,nan,21.0,10,44.0,34
36,南投,2019-09-07,42,3,3.0,nan,19.0,13,42.0,35
35,二林,2019-09-07,53,6,2.0,nan,23.0,14,42.0,53
34,線西,2019-09-07,36,4,nan,nan,20.0,8,nan,36
33,彰化,2019-09-07,44,9,3.0,nan,21.0,14,42.0,44
32,西屯,2019-09-07,44,14,3.0,nan,20.0,18,44.0,37
31,忠明,2019-09-07,47,14,3.0,nan,19.0,15,44.0,47
30,大里,2019-09-07,44,11,5.0,nan,22.0,18,44.0,41
29,沙鹿,2019-09-07,45,9,3.0,nan,19.0,10,45.0,38
28,豐原,2019-09-07,50,7,3.0,nan,25.0,10,50.0,48
27,三義,2019-09-07,54,9,2.0,nan,21.0,8,46.0,54
26,苗栗,2019-09-07,62,6,3.0,nan,21.0,15,43.0,62
25,頭份,2019-09-07,38,6,nan,nan,25.0,22,nan,38
24,新竹,2019-09-07,54,6,3.0,nan,24.0,18,54.0,50
23,竹東,2019-09-07,58,3,3.0,nan,19.0,8,58.0,36
22,湖口,2019-09-07,64,7,3.0,nan,26.0,19,64.0,55
21,龍潭,2019-09-07,50,6,3.0,nan,20.0,15,50.0,50
20,平鎮,2019-09-07,68,7,5.0,nan,30.0,32,42.0,68
19,觀音,2019-09-07,58,7,3.0,nan,24.0,17,58.0,58
18,大園,2019-09-07,57,9,5.0,nan,26.0,28,51.0,57
17,桃園,2019-09-07,60,16,5.0,nan,24.0,18,48.0,60
16,大同,2019-09-07,47,33,16.0,nan,27.0,37,nan,47
15,松山,2019-09-07,47,6,6.0,nan,26.0,25,45.0,47
14,古亭,2019-09-07,50,6,5.0,nan,22.0,21,50.0,45
13,萬華,2019-09-07,43,10,7.0,nan,24.0,33,43.0,43
12,中山,2019-09-07,52,9,7.0,nan,23.0,26,42.0,52
11,士林,2019-09-07,51,10,5.0,nan,21.0,18,48.0,51
10,淡水,2019-09-07,58,6,3.0,nan,25.0,16,58.0,53
9,林口,2019-09-07,61,7,3.0,nan,24.0,22,61.0,42
8,菜寮,2019-09-07,44,11,7.0,nan,25.0,25,44.0,42
7,新莊,2019-09-07,48,14,6.0,nan,26.0,22,48.0,47
6,板橋,2019-09-07,54,9,6.0,nan,24.0,25,48.0,54
5,土城,2019-09-07,58,6,6.0,nan,24.0,19,58.0,50
4,新店,2019-09-07,50,4,5.0,nan,21.0,15,50.0,42
80,關山,2019-09-08,23,1,nan,nan,17.0,4,23.0,19
78,馬公,2019-09-08,36,14,2.0,nan,16.0,13,36.0,28
77,金門,2019-09-08,122,21,5.0,nan,53.0,33,122.0,91
75,馬祖,2019-09-08,84,4,2.0,nan,15.0,6,84.0,31
72,埔里,2019-09-08,55,4,5.0,nan,21.0,13,54.0,55
71,復興,2019-09-08,26,10,5.0,nan,16.0,19,nan,26
70,永和,2019-09-08,40,1,9.0,nan,22.0,25,nan,40
69,竹山,2019-09-08,57,4,2.0,nan,21.0,8,45.0,57
68,中壢,2019-09-08,56,4,17.0,nan,21.0,41,nan,56
67,三重,2019-09-08,47,11,14.0,nan,23.0,36,nan,47
66,冬山,2019-09-08,43,6,2.0,nan,23.0,12,43.0,30
65,宜蘭,2019-09-08,51,4,3.0,nan,18.0,8,51.0,33
64,陽明,2019-09-08,39,4,1.0,nan,13.0,8,39.0,34
63,花蓮,2019-09-08,35,6,2.0,nan,15.0,8,35.0,15
62,臺東,2019-09-08,30,3,2.0,nan,16.0,8,30.0,11
61,恆春,2019-09-08,31,3,1.0,nan,14.0,2,31.0,24
60,潮州,2019-09-08,44,3,2.0,nan,19.0,4,44.0,33
59,屏東,2019-09-08,67,7,6.0,nan,22.0,13,67.0,40
58,小港,2019-09-08,33,23,3.0,nan,18.0,29,33.0,22
57,前鎮,2019-09-08,25,9,nan,nan,19.0,22,nan,25
56,前金,2019-09-08,37,6,5.0,nan,19.0,18,37.0,29
54,左營,2019-09-08,35,10,5.0,nan,17.0,20,35.0,19
53,楠梓,2019-09-08,44,6,3.0,nan,19.0,18,35.0,44
52,林園,2019-09-08,74,10,2.0,nan,29.0,7,74.0,40
51,大寮,2019-09-08,48,46,5.0,nan,26.0,16,48.0,42
50,鳳山,2019-09-08,34,10,5.0,nan,22.0,16,nan,34
49,仁武,2019-09-08,38,14,3.0,nan,19.0,17,38.0,36
48,橋頭,2019-09-08,38,4,3.0,nan,nan,12,38.0,27
47,美濃,2019-09-08,44,4,2.0,nan,18.0,4,44.0,31
46,臺南,2019-09-08,40,4,2.0,nan,19.0,11,40.0,40
45,安南,2019-09-08,44,4,2.0,nan,22.0,10,42.0,44
43,新營,2019-09-08,41,4,2.0,nan,20.0,7,41.0,37
42,嘉義,2019-09-08,51,4,3.0,nan,21.0,8,51.0,37
41,臺西,2019-09-08,44,9,nan,nan,19.0,11,nan,44
40,朴子,2019-09-08,44,6,2.0,nan,21.0,8,43.0,44
39,新港,2019-09-08,53,4,2.0,nan,20.0,9,49.0,53
38,崙背,2019-09-08,48,3,2.0,nan,23.0,8,48.0,39
37,斗六,2019-09-08,46,3,3.0,nan,20.0,11,46.0,39
36,南投,2019-09-08,45,13,6.0,nan,21.0,24,45.0,40
35,二林,2019-09-08,55,4,2.0,nan,22.0,13,44.0,55
34,線西,2019-09-08,42,6,nan,nan,24.0,11,nan,42
33,彰化,2019-09-08,46,20,5.0,nan,22.0,16,43.0,46
32,西屯,2019-09-08,45,13,5.0,nan,21.0,23,44.0,45
31,忠明,2019-09-08,50,11,3.0,nan,19.0,24,44.0,50
30,大里,2019-09-08,47,13,6.0,nan,22.0,18,47.0,36
29,沙鹿,2019-09-08,47,10,3.0,nan,21.0,26,44.0,47
28,豐原,2019-09-08,50,6,3.0,nan,23.0,16,50.0,50
27,三義,2019-09-08,52,4,2.0,nan,23.0,8,44.0,52
26,苗栗,2019-09-08,67,6,3.0,nan,25.0,17,41.0,67
25,頭份,2019-09-08,58,7,nan,nan,29.0,15,nan,58
24,新竹,2019-09-08,53,4,3.0,nan,25.0,14,48.0,53
23,竹東,2019-09-08,48,3,3.0,nan,21.0,8,48.0,48
22,湖口,2019-09-08,56,6,3.0,nan,27.0,19,47.0,56
21,龍潭,2019-09-08,46,4,3.0,nan,21.0,18,46.0,44
20,平鎮,2019-09-08,67,6,5.0,nan,32.0,33,38.0,67
3,萬里,2019-09-08,47,7,2.0,nan,27.0,7,47.0,38
19,觀音,2019-09-08,63,7,5.0,nan,27.0,16,46.0,63
18,大園,2019-09-08,54,9,5.0,nan,25.0,28,44.0,54
17,桃園,2019-09-08,53,16,6.0,nan,20.0,15,42.0,53
16,大同,2019-09-08,56,24,18.0,nan,26.0,26,nan,56
15,松山,2019-09-08,43,4,3.0,nan,22.0,20,43.0,43
14,古亭,2019-09-08,44,4,5.0,nan,21.0,23,44.0,39
13,萬華,2019-09-08,38,4,6.0,nan,22.0,25,37.0,38
12,中山,2019-09-08,45,6,6.0,nan,20.0,25,37.0,45
11,士林,2019-09-08,44,6,3.0,nan,20.0,21,44.0,35
10,淡水,2019-09-08,49,4,5.0,nan,22.0,16,42.0,49
9,林口,2019-09-08,42,7,5.0,nan,22.0,24,42.0,38
8,菜寮,2019-09-08,38,4,6.0,nan,21.0,24,38.0,38
7,新莊,2019-09-08,43,10,6.0,nan,25.0,21,43.0,41
6,板橋,2019-09-08,49,7,6.0,nan,22.0,25,42.0,49
5,土城,2019-09-08,47,6,5.0,nan,23.0,18,47.0,39
4,新店,2019-09-08,44,4,5.0,nan,20.0,19,44.0,39
2,汐止,2019-09-08,45,4,6.0,nan,24.0,25,43.0,45
84,富貴角,2019-09-08,44,4,2.0,nan,28.0,8,44.0,40
83,麥寮,2019-09-08,47,11,nan,nan,22.0,18,nan,47
7,新莊,2019-09-09,87,10,6.0,nan,26.0,25,87.0,48.0
8,菜寮,2019-09-09,90,6,7.0,nan,25.0,25,90.0,45.0
2,汐止,2019-09-09,64,11,6.0,nan,26.0,23,64.0,43.0
3,萬里,2019-09-09,51,10,5.0,nan,25.0,9,51.0,38.0
4,新店,2019-09-09,132,9,5.0,nan,21.0,18,132.0,44.0
6,板橋,2019-09-09,104,9,7.0,nan,26.0,36,104.0,58.0
5,土城,2019-09-09,122,7,6.0,nan,27.0,24,122.0,52.0
11,士林,2019-09-09,118,6,5.0,nan,23.0,22,118.0,50.0
12,中山,2019-09-09,93,7,8.0,nan,25.0,34,93.0,55.0
13,萬華,2019-09-09,108,6,7.0,nan,24.0,27,108.0,46.0
14,古亭,2019-09-09,115,9,7.0,nan,24.0,23,115.0,46.0
15,松山,2019-09-09,97,7,6.0,nan,24.0,28,97.0,52.0
16,大同,2019-09-09,56,9,22.0,nan,29.0,42,nan,56.0
17,桃園,2019-09-09,71,14,7.0,nan,25.0,21,71.0,44.0
18,大園,2019-09-09,59,10,6.0,nan,28.0,42,58.0,59.0
19,觀音,2019-09-09,71,10,5.0,nan,29.0,30,71.0,64.0
20,平鎮,2019-09-09,58,7,6.0,nan,31.0,25,58.0,57.0
21,龍潭,2019-09-09,90,9,6.0,nan,26.0,25,90.0,53.0
22,湖口,2019-09-09,61,6,3.0,nan,31.0,21,61.0,60.0
23,竹東,2019-09-09,100,6,3.0,nan,25.0,13,100.0,55.0
24,新竹,2019-09-09,61,7,5.0,nan,29.0,25,61.0,60.0
25,頭份,2019-09-09,61,10,nan,nan,29.0,27,nan,61.0
26,苗栗,2019-09-09,70,6,5.0,nan,26.0,15,47.0,70.0
27,三義,2019-09-09,60,4,2.0,nan,26.0,13,54.0,60.0
28,豐原,2019-09-09,67,4,3.0,nan,31.0,16,67.0,64.0
29,沙鹿,2019-09-09,67,6,3.0,nan,29.0,17,67.0,66.0
30,大里,2019-09-09,67,6,6.0,nan,32.0,21,67.0,51.0
31,忠明,2019-09-09,66,6,5.0,nan,30.0,19,58.0,66.0
32,西屯,2019-09-09,64,7,3.0,nan,31.0,26,64.0,59.0
33,彰化,2019-09-09,68,24,6.0,nan,31.0,21,45.0,68.0
34,線西,2019-09-09,72,9,nan,nan,35.0,13,nan,72.0
35,二林,2019-09-09,67,7,3.0,nan,34.0,11,49.0,67.0
36,南投,2019-09-09,67,6,6.0,nan,30.0,26,67.0,61.0
37,斗六,2019-09-09,64,6,3.0,nan,29.0,16,64.0,60.0
38,崙背,2019-09-09,63,4,3.0,nan,33.0,10,54.0,63.0
39,新港,2019-09-09,64,4,3.0,nan,28.0,13,47.0,64.0
40,朴子,2019-09-09,46,4,3.0,nan,26.0,9,44.0,46.0
41,臺西,2019-09-09,48,9,nan,nan,23.0,12,nan,48.0
42,嘉義,2019-09-09,61,6,3.0,nan,26.0,14,61.0,58.0
43,新營,2019-09-09,48,6,3.0,nan,22.0,11,48.0,43.0
44,善化,2019-09-09,40,6,2.0,nan,nan,13,40.0,nan
45,安南,2019-09-09,46,6,3.0,nan,20.0,16,46.0,35.0
10,淡水,2019-09-09,97,6,5.0,nan,24.0,22,97.0,57.0
46,臺南,2019-09-09,42,4,3.0,nan,19.0,10,42.0,35.0
47,美濃,2019-09-09,42,3,2.0,nan,19.0,8,42.0,31.0
48,橋頭,2019-09-09,44,6,5.0,nan,20.0,26,44.0,32.0
49,仁武,2019-09-09,43,9,3.0,nan,21.0,16,43.0,35.0
50,鳳山,2019-09-09,27,4,7.0,nan,20.0,20,nan,27.0
51,大寮,2019-09-09,50,17,5.0,nan,26.0,20,50.0,42.0
52,林園,2019-09-09,84,6,2.0,nan,30.0,8,84.0,49.0
53,楠梓,2019-09-09,39,4,5.0,nan,21.0,19,39.0,37.0
54,左營,2019-09-09,46,9,3.0,nan,19.0,23,46.0,27.0
56,前金,2019-09-09,50,6,3.0,nan,19.0,15,50.0,34.0
57,前鎮,2019-09-09,31,6,nan,nan,20.0,30,nan,31.0
58,小港,2019-09-09,47,7,3.0,nan,19.0,22,47.0,23.0
59,屏東,2019-09-09,46,4,6.0,nan,26.0,21,46.0,46.0
60,潮州,2019-09-09,47,4,2.0,nan,25.0,6,47.0,42.0
61,恆春,2019-09-09,31,3,1.0,nan,10.0,2,31.0,27.0
62,臺東,2019-09-09,30,1,3.0,nan,17.0,10,30.0,11.0
63,花蓮,2019-09-09,37,6,2.0,nan,15.0,6,37.0,10.0
64,陽明,2019-09-09,77,4,3.0,nan,19.0,5,77.0,46.0
65,宜蘭,2019-09-09,44,3,3.0,nan,19.0,6,44.0,29.0
66,冬山,2019-09-09,37,6,6.0,nan,26.0,18,35.0,37.0
67,三重,2019-09-09,60,9,16.0,nan,27.0,60,nan,43.0
68,中壢,2019-09-09,59,7,17.0,nan,24.0,43,nan,59.0
69,竹山,2019-09-09,84,6,3.0,nan,31.0,13,84.0,69.0
70,永和,2019-09-09,52,9,15.0,nan,25.0,40,nan,52.0
71,復興,2019-09-09,30,7,9.0,nan,16.0,24,nan,30.0
72,埔里,2019-09-09,87,6,5.0,nan,26.0,16,87.0,67.0
75,馬祖,2019-09-09,77,6,2.0,nan,18.0,4,77.0,44.0
77,金門,2019-09-09,74,20,3.0,nan,38.0,21,74.0,70.0
78,馬公,2019-09-09,39,16,2.0,nan,17.0,10,39.0,32.0
80,關山,2019-09-09,21,1,nan,nan,18.0,5,21.0,19.0
83,麥寮,2019-09-09,54,16,nan,nan,31.0,19,nan,54.0
84,富貴角,2019-09-09,64,3,2.0,nan,28.0,6,64.0,41.0
9,林口,2019-09-09,87,6,5.0,nan,26.0,24,87.0,48.0
43,新營,2019-09-10,63,6,5.0,nan,29.0,13,51.0,63.0
2,汐止,2019-09-10,35,4,5.0,nan,15.0,28,31.0,35.0
3,萬里,2019-09-10,38,9,3.0,nan,16.0,15,38.0,31.0
4,新店,2019-09-10,34,3,3.0,nan,12.0,14,34.0,30.0
5,土城,2019-09-10,38,6,6.0,nan,17.0,26,35.0,38.0
6,板橋,2019-09-10,43,7,6.0,nan,16.0,25,37.0,43.0
7,新莊,2019-09-10,44,16,6.0,nan,20.0,24,44.0,32.0
8,菜寮,2019-09-10,40,4,7.0,nan,16.0,23,40.0,31.0
9,林口,2019-09-10,58,7,6.0,nan,23.0,28,58.0,43.0
10,淡水,2019-09-10,50,4,5.0,nan,17.0,19,49.0,50.0
11,士林,2019-09-10,45,6,5.0,nan,13.0,18,45.0,37.0
12,中山,2019-09-10,35,4,6.0,nan,13.0,27,35.0,30.0
13,萬華,2019-09-10,35,3,5.0,nan,16.0,23,35.0,28.0
14,古亭,2019-09-10,34,3,3.0,nan,11.0,19,34.0,23.0
15,松山,2019-09-10,36,4,5.0,nan,13.0,22,36.0,34.0
16,大同,2019-09-10,53,6,17.0,nan,20.0,53,nan,38.0
17,桃園,2019-09-10,71,16,7.0,nan,21.0,19,71.0,58.0
18,大園,2019-09-10,74,7,5.0,nan,24.0,23,74.0,54.0
19,觀音,2019-09-10,60,6,3.0,nan,24.0,23,51.0,60.0
20,平鎮,2019-09-10,108,9,6.0,nan,31.0,25,108.0,68.0
21,龍潭,2019-09-10,146,6,6.0,nan,31.0,21,146.0,74.0
22,湖口,2019-09-10,97,7,3.0,nan,35.0,25,97.0,67.0
23,竹東,2019-09-10,159,7,5.0,nan,33.0,16,159.0,70.0
24,新竹,2019-09-10,100,6,5.0,nan,33.0,25,100.0,63.0
25,頭份,2019-09-10,64,7,nan,nan,35.0,22,nan,64.0
26,苗栗,2019-09-10,84,9,5.0,nan,31.0,14,51.0,84.0
27,三義,2019-09-10,68,6,3.0,nan,31.0,16,50.0,68.0
28,豐原,2019-09-10,72,4,5.0,nan,34.0,16,61.0,72.0
29,沙鹿,2019-09-10,63,6,5.0,nan,28.0,20,54.0,63.0
30,大里,2019-09-10,67,7,6.0,nan,36.0,23,67.0,58.0
31,忠明,2019-09-10,54,6,3.0,nan,31.0,16,54.0,nan
32,西屯,2019-09-10,68,7,3.0,nan,32.0,24,58.0,68.0
33,彰化,2019-09-10,83,21,6.0,nan,34.0,25,46.0,83.0
34,線西,2019-09-10,66,7,nan,nan,32.0,13,nan,66.0
35,二林,2019-09-10,84,7,3.0,nan,39.0,16,67.0,84.0
36,南投,2019-09-10,90,10,6.0,nan,36.0,16,90.0,76.0
37,斗六,2019-09-10,80,9,5.0,nan,36.0,17,80.0,71.0
38,崙背,2019-09-10,71,6,3.0,nan,37.0,13,58.0,71.0
39,新港,2019-09-10,79,6,5.0,nan,31.0,19,61.0,79.0
40,朴子,2019-09-10,54,4,5.0,nan,31.0,20,54.0,54.0
41,臺西,2019-09-10,60,10,nan,nan,25.0,16,nan,60.0
42,嘉義,2019-09-10,70,6,6.0,nan,34.0,20,54.0,70.0
44,善化,2019-09-10,64,4,3.0,nan,21.0,16,64.0,48.0
45,安南,2019-09-10,73,9,8.0,nan,27.0,44,46.0,73.0
46,臺南,2019-09-10,55,4,10.0,nan,24.0,42,45.0,55.0
47,美濃,2019-09-10,48,3,3.0,nan,20.0,7,47.0,48.0
48,橋頭,2019-09-10,51,6,6.0,nan,26.0,28,42.0,51.0
49,仁武,2019-09-10,57,9,7.0,nan,28.0,34,40.0,57.0
50,鳳山,2019-09-10,48,9,9.0,nan,27.0,37,nan,48.0
51,大寮,2019-09-10,59,21,6.0,nan,33.0,30,39.0,59.0
52,林園,2019-09-10,65,11,5.0,nan,31.0,20,54.0,65.0
53,楠梓,2019-09-10,58,6,7.0,nan,26.0,42,41.0,58.0
54,左營,2019-09-10,45,4,10.0,nan,25.0,40,45.0,39.0
56,前金,2019-09-10,44,6,10.0,nan,nan,38,44.0,nan
57,前鎮,2019-09-10,57,6,nan,nan,26.0,47,nan,57.0
58,小港,2019-09-10,45,9,8.0,nan,25.0,44,33.0,45.0
59,屏東,2019-09-10,61,4,7.0,nan,28.0,26,45.0,61.0
60,潮州,2019-09-10,55,3,3.0,nan,23.0,8,48.0,55.0
61,恆春,2019-09-10,31,1,1.0,nan,5.0,2,31.0,25.0
62,臺東,2019-09-10,25,1,3.0,nan,14.0,8,25.0,11.0
63,花蓮,2019-09-10,33,3,2.0,nan,12.0,8,33.0,12.0
64,陽明,2019-09-10,40,7,3.0,nan,13.0,8,40.0,34.0
65,宜蘭,2019-09-10,24,4,3.0,nan,15.0,7,24.0,23.0
66,冬山,2019-09-10,37,4,3.0,nan,19.0,23,29.0,37.0
67,三重,2019-09-10,52,6,14.0,nan,19.0,52,nan,36.0
68,中壢,2019-09-10,71,7,18.0,nan,27.0,39,nan,71.0
69,竹山,2019-09-10,93,6,3.0,nan,35.0,9,93.0,80.0
70,永和,2019-09-10,28,4,9.0,nan,12.0,24,nan,28.0
71,復興,2019-09-10,53,7,15.0,nan,nan,48,nan,53.0
72,埔里,2019-09-10,97,4,3.0,nan,32.0,14,97.0,74.0
75,馬祖,2019-09-10,44,4,1.0,nan,17.0,4,44.0,35.0
77,金門,2019-09-10,87,7,2.0,nan,28.0,9,87.0,57.0
78,馬公,2019-09-10,54,4,2.0,nan,18.0,5,54.0,35.0
80,關山,2019-09-10,25,1,nan,nan,16.0,5,22.0,25.0
83,麥寮,2019-09-10,61,6,nan,nan,31.0,15,nan,61.0
84,富貴角,2019-09-10,38,3,2.0,nan,20.0,9,38.0,32.0
2,汐止,2019-09-11,24,4,2.0,nan,5.0,12,13.0,24
84,富貴角,2019-09-11,18,4,1.0,nan,5.0,6,18.0,15
83,麥寮,2019-09-11,65,6,nan,nan,nan,16,nan,65
80,關山,2019-09-11,22,1,nan,nan,10.0,4,19.0,22
78,馬公,2019-09-11,39,6,2.0,nan,19.0,6,39.0,29
77,金門,2019-09-11,46,7,2.0,nan,29.0,10,46.0,46
75,馬祖,2019-09-11,43,4,1.0,nan,13.0,4,33.0,43
72,埔里,2019-09-11,122,6,5.0,nan,32.0,13,122.0,79
71,復興,2019-09-11,67,6,8.0,nan,nan,24,nan,67
70,永和,2019-09-11,16,3,6.0,nan,5.0,11,nan,16
69,竹山,2019-09-11,132,9,3.0,nan,38.0,9,132.0,87
68,中壢,2019-09-11,36,6,16.0,nan,15.0,36,nan,36
67,三重,2019-09-11,23,7,15.0,nan,11.0,23,nan,23
66,冬山,2019-09-11,30,4,5.0,nan,13.0,8,18.0,30
65,宜蘭,2019-09-11,19,3,2.0,nan,10.0,8,19.0,16
64,陽明,2019-09-11,16,4,1.0,nan,5.0,2,16.0,12
63,花蓮,2019-09-11,19,3,2.0,nan,12.0,9,19.0,6
62,臺東,2019-09-11,18,3,3.0,nan,11.0,5,18.0,12
61,恆春,2019-09-11,26,3,1.0,nan,5.0,1,23.0,26
60,潮州,2019-09-11,122,6,3.0,nan,28.0,8,122.0,57
59,屏東,2019-09-11,169,6,6.0,112.0,37.0,17,169.0,68
58,小港,2019-09-11,77,6,6.0,nan,28.0,25,77.0,51
57,前鎮,2019-09-11,69,6,nan,nan,31.0,29,nan,69
56,前金,2019-09-11,104,6,7.0,nan,31.0,24,104.0,56
54,左營,2019-09-11,104,9,6.0,nan,30.0,31,104.0,56
53,楠梓,2019-09-11,101,6,5.0,nan,30.0,30,101.0,67
52,林園,2019-09-11,122,7,5.0,nan,34.0,12,122.0,73
51,大寮,2019-09-11,136,20,6.0,nan,38.0,19,136.0,71
50,鳳山,2019-09-11,66,6,7.0,nan,32.0,20,nan,66
49,仁武,2019-09-11,115,14,5.0,nan,32.0,24,115.0,75
48,橋頭,2019-09-11,100,6,5.0,nan,31.0,21,100.0,58
47,美濃,2019-09-11,77,3,3.0,nan,27.0,8,77.0,57
46,臺南,2019-09-11,87,10,6.0,nan,28.0,20,87.0,65
45,安南,2019-09-11,115,6,5.0,nan,32.0,21,115.0,71
44,善化,2019-09-11,126,7,3.0,nan,31.0,9,126.0,59
43,新營,2019-09-11,80,6,3.0,nan,35.0,11,80.0,69
42,嘉義,2019-09-11,100,9,5.0,nan,38.0,16,100.0,63
41,臺西,2019-09-11,70,9,nan,nan,31.0,11,nan,70
40,朴子,2019-09-11,87,6,3.0,nan,36.0,13,87.0,64
39,新港,2019-09-11,100,6,3.0,nan,33.0,14,100.0,74
38,崙背,2019-09-11,115,3,3.0,nan,35.0,15,115.0,67
37,斗六,2019-09-11,136,9,5.0,nan,35.0,11,136.0,68
36,南投,2019-09-11,112,6,6.0,nan,36.0,20,112.0,74
35,二林,2019-09-11,118,9,3.0,nan,33.0,16,118.0,69
34,線西,2019-09-11,69,7,nan,nan,34.0,12,nan,69
33,彰化,2019-09-11,122,19,5.0,nan,33.0,17,122.0,62
32,西屯,2019-09-11,132,6,3.0,nan,33.0,25,132.0,66
31,忠明,2019-09-11,132,6,5.0,nan,30.0,25,132.0,69
30,大里,2019-09-11,118,6,6.0,nan,34.0,24,118.0,57
29,沙鹿,2019-09-11,129,4,3.0,nan,30.0,25,129.0,62
28,豐原,2019-09-11,90,4,5.0,nan,37.0,14,90.0,76
27,三義,2019-09-11,97,4,3.0,nan,34.0,12,97.0,74
26,苗栗,2019-09-11,91,7,5.0,nan,33.0,17,51.0,91
25,頭份,2019-09-11,71,4,nan,nan,33.0,17,nan,71
24,新竹,2019-09-11,54,6,5.0,nan,26.0,19,44.0,54
23,竹東,2019-09-11,87,4,3.0,nan,27.0,10,87.0,58
22,湖口,2019-09-11,51,9,5.0,nan,25.0,19,44.0,51
21,龍潭,2019-09-11,74,4,3.0,nan,18.0,13,74.0,48
20,平鎮,2019-09-11,45,9,6.0,nan,20.0,23,40.0,45
19,觀音,2019-09-11,44,9,3.0,nan,21.0,15,23.0,44
18,大園,2019-09-11,42,11,3.0,nan,15.0,23,27.0,42
17,桃園,2019-09-11,22,13,5.0,nan,9.0,3,22.0,22
16,大同,2019-09-11,28,6,9.0,nan,13.0,21,nan,28
15,松山,2019-09-11,20,4,3.0,nan,9.0,9,13.0,20
14,古亭,2019-09-11,17,3,2.0,nan,5.0,10,17.0,9
13,萬華,2019-09-11,23,3,3.0,nan,5.0,12,11.0,23
12,中山,2019-09-11,28,3,6.0,nan,9.0,13,11.0,28
11,士林,2019-09-11,19,6,2.0,nan,5.0,8,19.0,18
10,淡水,2019-09-11,29,3,1.0,nan,5.0,5,19.0,29
9,林口,2019-09-11,18,4,2.0,nan,5.0,10,18.0,14
8,菜寮,2019-09-11,17,4,3.0,nan,5.0,9,17.0,17
7,新莊,2019-09-11,18,4,3.0,nan,12.0,8,18.0,18
6,板橋,2019-09-11,25,4,3.0,nan,5.0,16,16.0,25
5,土城,2019-09-11,20,7,3.0,nan,5.0,18,19.0,20
4,新店,2019-09-11,20,3,2.0,nan,5.0,8,16.0,20
3,萬里,2019-09-11,18,4,1.0,nan,5.0,5,17.0,18
84,富貴角,2019-09-12,16,3,1.0,nan,12.0,3,16.0,12.0
57,前鎮,2019-09-12,79,16,nan,nan,36.0,25,nan,79.0
2,汐止,2019-09-12,23,7,2.0,nan,10.0,10,12.0,23.0
3,萬里,2019-09-12,20,4,1.0,nan,12.0,5,16.0,20.0
4,新店,2019-09-12,25,3,2.0,nan,5.0,10,13.0,25.0
5,土城,2019-09-12,16,3,3.0,nan,5.0,8,16.0,14.0
6,板橋,2019-09-12,20,3,5.0,nan,9.0,13,12.0,20.0
7,新莊,2019-09-12,19,3,3.0,nan,14.0,12,15.0,19.0
8,菜寮,2019-09-12,19,4,3.0,nan,9.0,11,13.0,19.0
9,林口,2019-09-12,15,4,2.0,nan,11.0,10,15.0,12.0
10,淡水,2019-09-12,34,3,2.0,nan,5.0,8,14.0,34.0
11,士林,2019-09-12,21,6,1.0,nan,5.0,7,15.0,21.0
12,中山,2019-09-12,22,4,6.0,nan,12.0,17,10.0,22.0
13,萬華,2019-09-12,20,3,5.0,nan,11.0,14,9.0,20.0
14,古亭,2019-09-12,13,3,2.0,nan,5.0,10,13.0,11.0
15,松山,2019-09-12,27,4,3.0,nan,11.0,12,6.0,27.0
16,大同,2019-09-12,33,4,10.0,nan,15.0,17,nan,33.0
17,桃園,2019-09-12,22,11,5.0,nan,10.0,9,17.0,22.0
18,大園,2019-09-12,23,9,2.0,nan,17.0,14,14.0,23.0
19,觀音,2019-09-12,25,9,2.0,nan,19.0,11,13.0,25.0
20,平鎮,2019-09-12,37,4,3.0,nan,12.0,10,20.0,37.0
21,龍潭,2019-09-12,24,6,2.0,nan,10.0,8,19.0,24.0
22,湖口,2019-09-12,26,4,2.0,nan,13.0,9,26.0,16.0
23,竹東,2019-09-12,22,3,2.0,nan,15.0,7,22.0,22.0
24,新竹,2019-09-12,25,3,2.0,nan,15.0,10,25.0,20.0
25,頭份,2019-09-12,53,1,nan,nan,26.0,15,nan,53.0
26,苗栗,2019-09-12,76,7,5.0,nan,29.0,15,35.0,76.0
27,三義,2019-09-12,81,6,5.0,nan,38.0,22,61.0,81.0
28,豐原,2019-09-12,108,6,5.0,nan,46.0,23,108.0,91.0
29,沙鹿,2019-09-12,79,10,5.0,nan,44.0,34,64.0,79.0
30,大里,2019-09-12,156,14,8.0,nan,53.0,30,156.0,89.0
31,忠明,2019-09-12,104,10,6.0,nan,46.0,27,104.0,100.0
32,西屯,2019-09-12,97,7,6.0,nan,49.0,29,97.0,84.0
33,彰化,2019-09-12,91,26,7.0,nan,50.0,25,77.0,91.0
34,線西,2019-09-12,84,9,nan,nan,52.0,25,nan,84.0
35,二林,2019-09-12,76,6,3.0,nan,43.0,17,54.0,76.0
36,南投,2019-09-12,122,6,6.0,nan,46.0,18,122.0,103.0
37,斗六,2019-09-12,118,9,3.0,nan,44.0,16,118.0,88.0
38,崙背,2019-09-12,74,6,3.0,nan,38.0,11,74.0,62.0
39,新港,2019-09-12,101,4,3.0,nan,38.0,15,101.0,83.0
40,朴子,2019-09-12,73,4,3.0,nan,nan,15,64.0,73.0
41,臺西,2019-09-12,59,7,nan,nan,33.0,11,nan,59.0
42,嘉義,2019-09-12,101,7,5.0,nan,41.0,13,101.0,85.0
43,新營,2019-09-12,80,4,5.0,nan,35.0,12,80.0,69.0
44,善化,2019-09-12,101,6,3.0,nan,33.0,22,101.0,70.0
45,安南,2019-09-12,97,6,5.0,nan,35.0,18,97.0,87.0
46,臺南,2019-09-12,87,7,5.0,nan,33.0,14,87.0,66.0
47,美濃,2019-09-12,87,4,3.0,nan,36.0,8,87.0,74.0
48,橋頭,2019-09-12,129,6,5.0,nan,nan,19,129.0,64.0
49,仁武,2019-09-12,112,11,5.0,nan,39.0,17,112.0,84.0
50,鳳山,2019-09-12,83,21,7.0,nan,41.0,18,nan,83.0
51,大寮,2019-09-12,83,23,6.0,nan,41.0,21,64.0,83.0
52,林園,2019-09-12,77,6,5.0,nan,37.0,8,61.0,77.0
53,楠梓,2019-09-12,115,9,5.0,nan,36.0,22,115.0,76.0
54,左營,2019-09-12,132,6,6.0,nan,31.0,18,132.0,63.0
56,前金,2019-09-12,104,9,6.0,nan,33.0,20,104.0,57.0
1,基隆,2019-09-12,7,3,3.0,nan,nan,7,7.0,nan
58,小港,2019-09-12,62,30,7.0,nan,33.0,39,58.0,62.0
59,屏東,2019-09-12,143,6,5.0,nan,39.0,12,143.0,84.0
60,潮州,2019-09-12,77,7,3.0,nan,31.0,5,77.0,66.0
61,恆春,2019-09-12,23,3,1.0,nan,12.0,2,22.0,23.0
62,臺東,2019-09-12,33,1,3.0,nan,33.0,7,18.0,7.0
63,花蓮,2019-09-12,18,3,3.0,nan,14.0,10,18.0,9.0
64,陽明,2019-09-12,12,4,1.0,nan,5.0,2,12.0,8.0
65,宜蘭,2019-09-12,17,4,3.0,nan,11.0,6,17.0,14.0
66,冬山,2019-09-12,34,6,3.0,nan,13.0,9,16.0,34.0
67,三重,2019-09-12,19,6,16.0,nan,13.0,19,nan,19.0
68,中壢,2019-09-12,30,6,12.0,nan,10.0,19,nan,30.0
69,竹山,2019-09-12,129,4,5.0,nan,46.0,10,129.0,116.0
70,永和,2019-09-12,19,4,6.0,nan,5.0,9,nan,19.0
71,復興,2019-09-12,73,30,8.0,nan,nan,28,nan,73.0
72,埔里,2019-09-12,150,4,5.0,nan,34.0,17,150.0,84.0
75,馬祖,2019-09-12,42,4,1.0,nan,13.0,3,34.0,42.0
77,金門,2019-09-12,34,10,2.0,nan,27.0,10,33.0,34.0
78,馬公,2019-09-12,32,6,2.0,nan,21.0,3,32.0,22.0
80,關山,2019-09-12,30,3,nan,nan,30.0,4,18.0,30.0
83,麥寮,2019-09-12,57,14,nan,nan,nan,19,nan,57.0
2,汐止,2019-09-13,35,10,5.0,nan,18.0,14.0,24.0,35.0
84,富貴角,2019-09-13,41,1,2.0,nan,23.0,2.0,41.0,32.0
83,麥寮,2019-09-13,59,9,nan,nan,40.0,11.0,nan,59.0
80,關山,2019-09-13,31,3,nan,nan,11.0,3.0,15.0,31.0
78,馬公,2019-09-13,42,4,2.0,nan,28.0,15.0,42.0,39.0
77,金門,2019-09-13,55,9,2.0,nan,31.0,10.0,39.0,55.0
75,馬祖,2019-09-13,80,4,2.0,nan,27.0,4.0,80.0,68.0
72,埔里,2019-09-13,90,6,5.0,nan,32.0,13.0,90.0,78.0
71,復興,2019-09-13,64,7,6.0,nan,31.0,17.0,nan,64.0
70,永和,2019-09-13,33,4,6.0,nan,14.0,10.0,nan,33.0
69,竹山,2019-09-13,110,4,3.0,nan,44.0,8.0,104.0,110.0
68,中壢,2019-09-13,46,4,11.0,nan,13.0,25.0,nan,46.0
67,三重,2019-09-13,33,4,15.0,nan,17.0,28.0,nan,33.0
66,冬山,2019-09-13,39,4,2.0,nan,15.0,6.0,31.0,39.0
65,宜蘭,2019-09-13,28,3,3.0,nan,15.0,7.0,23.0,28.0
64,陽明,2019-09-13,41,1,2.0,nan,11.0,1.0,41.0,25.0
63,花蓮,2019-09-13,24,3,2.0,nan,15.0,5.0,24.0,11.0
62,臺東,2019-09-13,17,3,2.0,nan,16.0,5.0,17.0,11.0
61,恆春,2019-09-13,25,3,1.0,nan,10.0,2.0,19.0,25.0
60,潮州,2019-09-13,64,6,2.0,nan,30.0,6.0,50.0,64.0
59,屏東,2019-09-13,68,4,6.0,nan,36.0,15.0,64.0,68.0
58,小港,2019-09-13,47,7,5.0,nan,29.0,17.0,35.0,47.0
57,前鎮,2019-09-13,63,7,nan,nan,32.0,18.0,nan,63.0
56,前金,2019-09-13,56,6,3.0,nan,34.0,13.0,42.0,56.0
54,左營,2019-09-13,51,4,5.0,nan,30.0,13.0,40.0,51.0
53,楠梓,2019-09-13,88,6,5.0,nan,34.0,16.0,42.0,88.0
52,林園,2019-09-13,67,4,2.0,nan,32.0,8.0,46.0,67.0
51,大寮,2019-09-13,66,11,5.0,nan,32.0,10.0,44.0,66.0
50,鳳山,2019-09-13,66,39,5.0,nan,35.0,16.0,nan,66.0
49,仁武,2019-09-13,78,9,5.0,nan,39.0,14.0,42.0,78.0
48,橋頭,2019-09-13,71,4,5.0,nan,35.0,18.0,44.0,71.0
47,美濃,2019-09-13,67,9,3.0,nan,32.0,7.0,48.0,67.0
46,臺南,2019-09-13,74,6,5.0,nan,37.0,13.0,41.0,74.0
45,安南,2019-09-13,90,7,3.0,nan,40.0,21.0,44.0,90.0
44,善化,2019-09-13,73,4,3.0,nan,34.0,9.0,48.0,73.0
43,新營,2019-09-13,76,6,3.0,nan,38.0,12.0,49.0,76.0
42,嘉義,2019-09-13,83,7,6.0,nan,44.0,18.0,50.0,83.0
41,臺西,2019-09-13,66,7,nan,nan,35.0,10.0,nan,66.0
40,朴子,2019-09-13,78,7,3.0,nan,41.0,17.0,47.0,78.0
39,新港,2019-09-13,89,6,5.0,nan,40.0,17.0,48.0,89.0
38,崙背,2019-09-13,78,6,3.0,nan,50.0,11.0,51.0,78.0
37,斗六,2019-09-13,83,6,5.0,nan,41.0,15.0,80.0,83.0
36,南投,2019-09-13,81,6,6.0,nan,38.0,17.0,64.0,81.0
35,二林,2019-09-13,82,7,3.0,nan,44.0,16.0,49.0,82.0
34,線西,2019-09-13,81,7,nan,nan,42.0,18.0,nan,81.0
33,彰化,2019-09-13,86,14,5.0,nan,36.0,15.0,50.0,86.0
32,西屯,2019-09-13,76,7,5.0,nan,39.0,18.0,49.0,76.0
31,忠明,2019-09-13,85,14,5.0,nan,36.0,17.0,74.0,85.0
30,大里,2019-09-13,72,10,6.0,nan,43.0,19.0,67.0,72.0
29,沙鹿,2019-09-13,76,6,3.0,nan,36.0,19.0,44.0,76.0
28,豐原,2019-09-13,76,4,5.0,nan,40.0,12.0,58.0,76.0
27,三義,2019-09-13,75,7,3.0,nan,33.0,10.0,46.0,75.0
26,苗栗,2019-09-13,73,9,5.0,nan,28.0,17.0,28.0,73.0
25,頭份,2019-09-13,40,6,nan,nan,19.0,12.0,nan,40.0
24,新竹,2019-09-13,31,4,3.0,nan,18.0,12.0,28.0,31.0
23,竹東,2019-09-13,35,3,2.0,nan,17.0,8.0,33.0,35.0
22,湖口,2019-09-13,29,7,3.0,nan,nan,11.0,29.0,nan
21,龍潭,2019-09-13,35,4,3.0,nan,14.0,9.0,30.0,35.0
20,平鎮,2019-09-13,38,4,5.0,nan,18.0,16.0,28.0,38.0
19,觀音,2019-09-13,42,6,3.0,nan,18.0,21.0,31.0,42.0
18,大園,2019-09-13,33,7,3.0,nan,17.0,24.0,28.0,33.0
17,桃園,2019-09-13,49,10,6.0,nan,16.0,12.0,26.0,49.0
16,大同,2019-09-13,44,7,9.0,nan,19.0,nan,nan,44.0
15,松山,2019-09-13,42,4,3.0,nan,16.0,11.0,26.0,42.0
14,古亭,2019-09-13,30,3,3.0,nan,13.0,8.0,30.0,28.0
13,萬華,2019-09-13,31,4,3.0,nan,16.0,17.0,25.0,31.0
12,中山,2019-09-13,41,4,5.0,nan,16.0,21.0,22.0,41.0
11,士林,2019-09-13,40,6,3.0,nan,13.0,6.0,40.0,37.0
10,淡水,2019-09-13,46,3,5.0,nan,14.0,12.0,22.0,46.0
9,林口,2019-09-13,32,4,3.0,nan,15.0,9.0,32.0,23.0
8,菜寮,2019-09-13,32,4,5.0,nan,14.0,9.0,30.0,32.0
7,新莊,2019-09-13,32,7,3.0,nan,18.0,10.0,32.0,26.0
6,板橋,2019-09-13,36,4,5.0,nan,15.0,14.0,25.0,36.0
5,土城,2019-09-13,31,4,3.0,nan,12.0,8.0,31.0,31.0
4,新店,2019-09-13,34,4,3.0,nan,12.0,9.0,27.0,34.0
3,萬里,2019-09-13,35,6,3.0,nan,25.0,10.0,30.0,35.0
1,基隆,2019-09-13,26,3,7.0,nan,20.0,22.0,25.0,26.0
10,淡水,2019-09-14,57,3,3.0,nan,21,9,29.0,57
1,基隆,2019-09-14,34,3,6.0,nan,28,18,32.0,34
2,汐止,2019-09-14,49,4,5.0,nan,25,14,35.0,49
3,萬里,2019-09-14,48,4,2.0,nan,45,7,39.0,48
4,新店,2019-09-14,49,4,3.0,nan,19,7,39.0,49
5,土城,2019-09-14,54,4,5.0,nan,23,17,44.0,54
6,板橋,2019-09-14,55,4,5.0,nan,24,17,40.0,55
7,新莊,2019-09-14,47,4,5.0,nan,24,16,39.0,47
8,菜寮,2019-09-14,40,4,3.0,nan,21,8,36.0,40
9,林口,2019-09-14,43,6,3.0,nan,22,9,43.0,42
11,士林,2019-09-14,59,6,3.0,nan,24,13,35.0,59
12,中山,2019-09-14,59,4,5.0,nan,24,21,31.0,59
13,萬華,2019-09-14,52,4,5.0,nan,24,14,34.0,52
14,古亭,2019-09-14,43,3,3.0,nan,23,12,35.0,43
15,松山,2019-09-14,49,4,3.0,nan,23,14,36.0,49
16,大同,2019-09-14,58,4,9.0,nan,27,40,nan,58
17,桃園,2019-09-14,55,13,5.0,nan,23,14,42.0,55
18,大園,2019-09-14,48,7,3.0,nan,26,33,39.0,48
19,觀音,2019-09-14,59,6,3.0,nan,26,33,47.0,59
20,平鎮,2019-09-14,64,4,5.0,nan,28,13,44.0,64
21,龍潭,2019-09-14,58,6,3.0,nan,25,9,58.0,57
22,湖口,2019-09-14,55,4,3.0,nan,28,12,47.0,55
23,竹東,2019-09-14,74,4,2.0,nan,22,6,74.0,42
24,新竹,2019-09-14,57,7,3.0,nan,26,10,51.0,57
25,頭份,2019-09-14,63,3,nan,nan,27,9,nan,63
26,苗栗,2019-09-14,71,6,3.0,nan,26,10,44.0,71
27,三義,2019-09-14,64,4,2.0,nan,22,9,64.0,49
28,豐原,2019-09-14,55,4,2.0,nan,26,9,54.0,55
29,沙鹿,2019-09-14,71,3,2.0,nan,26,10,71.0,54
30,大里,2019-09-14,63,4,5.0,nan,32,18,61.0,63
31,忠明,2019-09-14,56,4,3.0,nan,25,19,nan,56
32,西屯,2019-09-14,71,3,3.0,nan,29,18,71.0,49
33,彰化,2019-09-14,58,6,5.0,nan,28,17,58.0,57
34,線西,2019-09-14,57,9,nan,nan,34,14,nan,57
35,二林,2019-09-14,71,9,3.0,nan,36,10,61.0,71
36,南投,2019-09-14,74,4,5.0,nan,37,18,71.0,74
37,斗六,2019-09-14,93,4,5.0,nan,44,15,93.0,78
38,崙背,2019-09-14,64,6,5.0,nan,37,12,64.0,61
39,新港,2019-09-14,77,6,5.0,nan,43,11,67.0,77
40,朴子,2019-09-14,69,7,5.0,nan,43,12,67.0,69
41,臺西,2019-09-14,61,7,nan,nan,32,12,nan,61
42,嘉義,2019-09-14,95,7,5.0,nan,45,14,80.0,95
43,新營,2019-09-14,80,4,3.0,nan,44,18,67.0,80
44,善化,2019-09-14,84,1,3.0,nan,37,6,84.0,76
45,安南,2019-09-14,97,4,3.0,nan,42,11,97.0,94
46,臺南,2019-09-14,84,6,5.0,nan,42,14,84.0,82
47,美濃,2019-09-14,90,4,5.0,nan,32,8,90.0,72
48,橋頭,2019-09-14,104,6,3.0,nan,32,15,104.0,67
49,仁武,2019-09-14,108,9,5.0,nan,32,11,108.0,80
50,鳳山,2019-09-14,65,9,7.0,nan,33,19,nan,65
51,大寮,2019-09-14,67,10,2.0,nan,29,9,67.0,57
52,林園,2019-09-14,67,4,2.0,nan,29,4,67.0,66
53,楠梓,2019-09-14,90,7,5.0,nan,33,15,90.0,81
54,左營,2019-09-14,104,7,3.0,nan,31,17,104.0,60
56,前金,2019-09-14,108,6,3.0,nan,33,10,108.0,68
57,前鎮,2019-09-14,65,7,nan,nan,32,16,nan,65
58,小港,2019-09-14,74,7,3.0,nan,29,21,74.0,45
59,屏東,2019-09-14,80,21,6.0,nan,35,15,80.0,74
60,潮州,2019-09-14,67,4,3.0,nan,31,8,45.0,67
61,恆春,2019-09-14,42,3,2.0,nan,20,2,39.0,42
62,臺東,2019-09-14,43,1,3.0,nan,26,7,43.0,33
63,花蓮,2019-09-14,44,4,2.0,nan,23,7,44.0,22
64,陽明,2019-09-14,47,3,2.0,nan,16,2,47.0,34
65,宜蘭,2019-09-14,41,3,2.0,nan,22,5,41.0,38
66,冬山,2019-09-14,58,4,2.0,nan,24,8,37.0,58
67,三重,2019-09-14,46,6,15.0,nan,26,28,nan,46
68,中壢,2019-09-14,62,6,11.0,nan,21,31,nan,62
69,竹山,2019-09-14,90,6,5.0,nan,41,8,90.0,89
70,永和,2019-09-14,48,3,7.0,nan,22,23,nan,48
71,復興,2019-09-14,63,7,3.0,nan,29,14,nan,63
72,埔里,2019-09-14,81,4,5.0,nan,34,10,80.0,81
75,馬祖,2019-09-14,80,1,2.0,nan,31,4,80.0,62
77,金門,2019-09-14,101,4,3.0,nan,36,6,101.0,71
78,馬公,2019-09-14,84,3,2.0,nan,31,2,84.0,57
80,關山,2019-09-14,35,1,nan,nan,19,5,33.0,35
83,麥寮,2019-09-14,57,6,nan,nan,46,13,nan,57
84,富貴角,2019-09-14,46,1,2.0,nan,32,2,43.0,46
1,基隆,2019-09-15,25,3,6.0,nan,nan,19,25.0,nan
77,金門,2019-09-15,84,9,2.0,nan,36.0,8,84.0,53.0
70,永和,2019-09-15,36,3,8.0,nan,23.0,24,nan,36.0
78,馬公,2019-09-15,44,4,2.0,nan,31.0,7,44.0,39.0
69,竹山,2019-09-15,66,4,3.0,nan,29.0,7,51.0,66.0
80,關山,2019-09-15,37,3,nan,nan,16.0,4,24.0,37.0
68,中壢,2019-09-15,56,4,12.0,nan,19.0,32,nan,56.0
83,麥寮,2019-09-15,60,10,nan,nan,44.0,15,nan,60.0
67,三重,2019-09-15,38,6,14.0,nan,23.0,34,nan,38.0
84,富貴角,2019-09-15,47,1,1.0,nan,47.0,1,45.0,47.0
66,冬山,2019-09-15,41,3,2.0,nan,18.0,8,27.0,41.0
65,宜蘭,2019-09-15,31,3,2.0,nan,17.0,9,31.0,29.0
64,陽明,2019-09-15,36,3,1.0,nan,13.0,1,36.0,21.0
63,花蓮,2019-09-15,31,4,2.0,nan,22.0,9,31.0,24.0
62,臺東,2019-09-15,31,1,3.0,nan,20.0,5,31.0,30.0
61,恆春,2019-09-15,36,1,1.0,nan,19.0,2,31.0,36.0
60,潮州,2019-09-15,54,10,3.0,nan,23.0,9,42.0,54.0
59,屏東,2019-09-15,56,4,3.0,nan,24.0,11,43.0,56.0
58,小港,2019-09-15,38,21,3.0,nan,23.0,27,38.0,37.0
57,前鎮,2019-09-15,53,9,nan,nan,24.0,24,nan,53.0
56,前金,2019-09-15,57,13,5.0,nan,28.0,24,44.0,57.0
54,左營,2019-09-15,44,11,3.0,nan,23.0,17,44.0,43.0
53,楠梓,2019-09-15,60,10,3.0,nan,25.0,19,42.0,60.0
52,林園,2019-09-15,57,9,2.0,nan,24.0,5,44.0,57.0
51,大寮,2019-09-15,51,20,3.0,nan,24.0,14,37.0,51.0
50,鳳山,2019-09-15,37,10,5.0,nan,23.0,20,nan,37.0
49,仁武,2019-09-15,57,9,3.0,nan,25.0,17,44.0,57.0
48,橋頭,2019-09-15,51,9,3.0,nan,24.0,13,44.0,51.0
47,美濃,2019-09-15,49,3,2.0,nan,22.0,5,37.0,49.0
46,臺南,2019-09-15,54,4,3.0,nan,26.0,13,42.0,54.0
45,安南,2019-09-15,64,3,3.0,nan,28.0,12,42.0,64.0
44,善化,2019-09-15,56,6,3.0,nan,24.0,8,43.0,56.0
43,新營,2019-09-15,55,3,3.0,nan,26.0,8,46.0,55.0
42,嘉義,2019-09-15,59,4,5.0,nan,29.0,17,46.0,59.0
41,臺西,2019-09-15,64,7,nan,nan,37.0,11,nan,64.0
40,朴子,2019-09-15,64,7,2.0,nan,37.0,8,46.0,64.0
39,新港,2019-09-15,61,6,3.0,nan,32.0,10,46.0,61.0
38,崙背,2019-09-15,64,4,3.0,nan,37.0,8,44.0,64.0
37,斗六,2019-09-15,59,4,3.0,nan,30.0,10,51.0,59.0
36,南投,2019-09-15,64,4,5.0,nan,29.0,16,45.0,64.0
35,二林,2019-09-15,65,10,3.0,nan,34.0,8,44.0,65.0
34,線西,2019-09-15,55,10,nan,nan,33.0,8,nan,55.0
33,彰化,2019-09-15,63,7,3.0,nan,27.0,11,44.0,63.0
32,西屯,2019-09-15,45,4,3.0,nan,25.0,11,44.0,45.0
31,忠明,2019-09-15,55,4,3.0,nan,23.0,15,39.0,55.0
30,大里,2019-09-15,56,6,5.0,nan,25.0,13,46.0,56.0
29,沙鹿,2019-09-15,54,4,2.0,nan,24.0,11,43.0,54.0
28,豐原,2019-09-15,54,6,3.0,nan,23.0,9,42.0,54.0
27,三義,2019-09-15,41,3,2.0,nan,21.0,8,39.0,41.0
26,苗栗,2019-09-15,59,6,3.0,nan,19.0,9,31.0,59.0
25,頭份,2019-09-15,39,3,nan,nan,20.0,13,nan,39.0
24,新竹,2019-09-15,36,6,2.0,nan,22.0,11,33.0,36.0
23,竹東,2019-09-15,31,3,2.0,nan,17.0,6,31.0,24.0
22,湖口,2019-09-15,37,3,3.0,nan,26.0,13,31.0,37.0
21,龍潭,2019-09-15,32,4,3.0,nan,18.0,14,30.0,32.0
20,平鎮,2019-09-15,45,6,6.0,nan,27.0,20,30.0,45.0
19,觀音,2019-09-15,47,9,2.0,nan,30.0,10,41.0,47.0
18,大園,2019-09-15,38,7,2.0,nan,25.0,22,38.0,31.0
17,桃園,2019-09-15,43,19,6.0,nan,21.0,23,28.0,43.0
16,大同,2019-09-15,50,4,15.0,nan,28.0,38,nan,50.0
15,松山,2019-09-15,30,4,5.0,nan,22.0,22,29.0,30.0
14,古亭,2019-09-15,36,4,5.0,nan,19.0,16,27.0,36.0
13,萬華,2019-09-15,29,6,5.0,nan,22.0,24,26.0,29.0
12,中山,2019-09-15,35,4,6.0,nan,21.0,26,24.0,35.0
11,士林,2019-09-15,33,4,5.0,nan,21.0,21,30.0,33.0
10,淡水,2019-09-15,51,3,2.0,nan,22.0,12,33.0,51.0
9,林口,2019-09-15,36,3,2.0,nan,22.0,18,36.0,26.0
8,菜寮,2019-09-15,36,4,6.0,nan,21.0,17,27.0,36.0
7,新莊,2019-09-15,34,4,6.0,nan,22.0,24,31.0,34.0
6,板橋,2019-09-15,44,3,6.0,nan,24.0,22,30.0,44.0
5,土城,2019-09-15,37,3,3.0,nan,20.0,20,31.0,37.0
4,新店,2019-09-15,42,4,5.0,nan,19.0,19,26.0,42.0
75,馬祖,2019-09-15,87,4,2.0,nan,29.0,4,87.0,57.0
72,埔里,2019-09-15,67,3,3.0,nan,26.0,10,48.0,67.0
71,復興,2019-09-15,55,11,6.0,nan,23.0,25,nan,55.0
3,萬里,2019-09-15,53,6,2.0,nan,53.0,7,44.0,39.0
2,汐止,2019-09-15,35,4,3.0,nan,21.0,14,31.0,35.0
15,松山,2019-09-16,42,3.0,5.0,nan,29.0,24,39.0,42.0
4,新店,2019-09-16,47,4.0,5.0,nan,26.0,14,40.0,47.0
3,萬里,2019-09-16,67,4.0,2.0,nan,66.0,6,67.0,48.0
1,基隆,2019-09-16,48,4.0,7.0,nan,32.0,27,48.0,31.0
2,汐止,2019-09-16,42,3.0,5.0,nan,30.0,24,42.0,39.0
83,麥寮,2019-09-16,56,11.0,nan,nan,48.0,14,nan,56.0
80,關山,2019-09-16,31,3.0,nan,nan,19.0,6,31.0,31.0
78,馬公,2019-09-16,87,4.0,3.0,nan,33.0,8,87.0,43.0
77,金門,2019-09-16,108,7.0,3.0,nan,44.0,7,108.0,69.0
75,馬祖,2019-09-16,122,4.0,3.0,nan,32.0,5,122.0,53.0
72,埔里,2019-09-16,71,4.0,5.0,nan,25.0,13,71.0,67.0
71,復興,2019-09-16,45,9.0,9.0,nan,22.0,25,nan,45.0
70,永和,2019-09-16,40,3.0,11.0,nan,28.0,27,nan,40.0
69,竹山,2019-09-16,67,6.0,5.0,nan,34.0,17,58.0,67.0
68,中壢,2019-09-16,44,6.0,15.0,nan,27.0,41,nan,44.0
67,三重,2019-09-16,44,6.0,19.0,nan,31.0,44,nan,39.0
66,冬山,2019-09-16,41,3.0,3.0,nan,25.0,13,41.0,35.0
65,宜蘭,2019-09-16,42,3.0,5.0,nan,20.0,10,42.0,31.0
64,陽明,2019-09-16,49,3.0,2.0,nan,14.0,2,49.0,23.0
63,花蓮,2019-09-16,46,4.0,3.0,nan,29.0,5,46.0,21.0
62,臺東,2019-09-16,38,3.0,3.0,nan,28.0,5,38.0,25.0
61,恆春,2019-09-16,40,nan,2.0,nan,19.0,2,40.0,40.0
60,潮州,2019-09-16,40,1.0,2.0,nan,24.0,8,38.0,40.0
59,屏東,2019-09-16,64,7.0,7.0,nan,30.0,20,64.0,53.0
58,小港,2019-09-16,38,11.0,5.0,nan,22.0,38,31.0,30.0
57,前鎮,2019-09-16,46,6.0,nan,nan,24.0,29,nan,46.0
56,前金,2019-09-16,50,4.0,3.0,nan,23.0,13,49.0,50.0
54,左營,2019-09-16,48,6.0,5.0,nan,22.0,16,48.0,28.0
53,楠梓,2019-09-16,61,14.0,6.0,nan,31.0,32,44.0,61.0
52,林園,2019-09-16,47,3.0,2.0,nan,23.0,6,38.0,47.0
51,大寮,2019-09-16,43,10.0,3.0,nan,27.0,21,40.0,43.0
50,鳳山,2019-09-16,35,11.0,6.0,nan,27.0,25,nan,35.0
49,仁武,2019-09-16,54,10.0,6.0,nan,29.0,26,43.0,54.0
48,橋頭,2019-09-16,58,10.0,7.0,nan,29.0,35,46.0,58.0
47,美濃,2019-09-16,49,6.0,3.0,nan,23.0,8,47.0,49.0
46,臺南,2019-09-16,65,7.0,8.0,nan,35.0,22,54.0,65.0
45,安南,2019-09-16,74,7.0,6.0,nan,36.0,27,58.0,74.0
44,善化,2019-09-16,49,10.0,3.0,nan,26.0,16,45.0,49.0
43,新營,2019-09-16,67,4.0,5.0,nan,32.0,12,67.0,56.0
42,嘉義,2019-09-16,80,9.0,6.0,nan,34.0,19,80.0,51.0
41,臺西,2019-09-16,58,9.0,nan,nan,50.0,10,nan,58.0
40,朴子,2019-09-16,64,6.0,3.0,nan,40.0,12,64.0,54.0
39,新港,2019-09-16,74,6.0,3.0,nan,34.0,10,74.0,64.0
38,崙背,2019-09-16,61,6.0,3.0,nan,44.0,9,61.0,61.0
37,斗六,2019-09-16,93,4.0,5.0,nan,32.0,22,93.0,58.0
36,南投,2019-09-16,61,4.0,6.0,nan,32.0,21,61.0,60.0
35,二林,2019-09-16,55,6.0,3.0,nan,34.0,10,50.0,55.0
34,線西,2019-09-16,53,6.0,nan,nan,39.0,13,nan,53.0
33,彰化,2019-09-16,54,6.0,6.0,nan,30.0,19,54.0,49.0
32,西屯,2019-09-16,58,4.0,5.0,nan,29.0,18,58.0,45.0
31,忠明,2019-09-16,55,6.0,5.0,nan,29.0,16,49.0,55.0
30,大里,2019-09-16,64,4.0,6.0,nan,28.0,14,64.0,48.0
29,沙鹿,2019-09-16,61,4.0,3.0,nan,29.0,14,61.0,47.0
28,豐原,2019-09-16,48,1.0,3.0,nan,24.0,11,47.0,48.0
27,三義,2019-09-16,46,4.0,3.0,nan,22.0,11,46.0,38.0
26,苗栗,2019-09-16,40,4.0,3.0,nan,nan,10,40.0,nan
25,頭份,2019-09-16,48,3.0,nan,nan,31.0,15,nan,48.0
24,新竹,2019-09-16,48,6.0,3.0,nan,29.0,12,48.0,42.0
23,竹東,2019-09-16,44,3.0,3.0,nan,23.0,9,44.0,36.0
22,湖口,2019-09-16,43,9.0,3.0,nan,30.0,13,40.0,43.0
21,龍潭,2019-09-16,48,4.0,6.0,nan,23.0,19,38.0,48.0
20,平鎮,2019-09-16,42,4.0,6.0,nan,32.0,22,41.0,42.0
19,觀音,2019-09-16,51,13.0,2.0,nan,27.0,18,51.0,45.0
18,大園,2019-09-16,45,6.0,3.0,nan,29.0,29,45.0,34.0
17,桃園,2019-09-16,56,14.0,6.0,nan,30.0,19,39.0,56.0
16,大同,2019-09-16,48,6.0,18.0,nan,32.0,44,nan,48.0
5,土城,2019-09-16,40,3.0,5.0,nan,25.0,21,38.0,40.0
14,古亭,2019-09-16,39,3.0,6.0,nan,27.0,25,37.0,39.0
13,萬華,2019-09-16,33,4.0,6.0,nan,28.0,27,31.0,33.0
12,中山,2019-09-16,44,3.0,7.0,nan,26.0,27,31.0,44.0
11,士林,2019-09-16,40,6.0,5.0,nan,26.0,26,40.0,36.0
10,淡水,2019-09-16,58,4.0,5.0,nan,28.0,16,45.0,58.0
9,林口,2019-09-16,43,4.0,3.0,nan,28.0,24,43.0,33.0
8,菜寮,2019-09-16,35,3.0,6.0,nan,28.0,25,35.0,34.0
7,新莊,2019-09-16,39,3.0,6.0,nan,29.0,31,39.0,38.0
6,板橋,2019-09-16,45,4.0,7.0,nan,27.0,28,31.0,45.0
84,富貴角,2019-09-16,61,1.0,2.0,nan,46.0,1,61.0,48.0
72,埔里,2019-09-17,90,6.0,5.0,nan,26,14,90.0,64.0
71,復興,2019-09-17,47,7.0,6.0,nan,30,24,nan,47.0
70,永和,2019-09-17,40,3.0,14.0,nan,31,30,nan,40.0
69,竹山,2019-09-17,104,6.0,5.0,nan,39,17,104.0,73.0
68,中壢,2019-09-17,44,7.0,18.0,nan,31,44,nan,31.0
67,三重,2019-09-17,52,7.0,22.0,nan,35,45,nan,52.0
66,冬山,2019-09-17,40,3.0,3.0,nan,28,19,40.0,34.0
65,宜蘭,2019-09-17,43,3.0,3.0,nan,21,11,43.0,34.0
64,陽明,2019-09-17,49,3.0,2.0,nan,18,1,49.0,34.0
63,花蓮,2019-09-17,45,3.0,3.0,nan,32,7,45.0,23.0
62,臺東,2019-09-17,48,3.0,3.0,nan,48,6,42.0,31.0
61,恆春,2019-09-17,44,nan,2.0,nan,25,2,44.0,40.0
60,潮州,2019-09-17,50,3.0,3.0,nan,28,6,46.0,50.0
59,屏東,2019-09-17,67,11.0,6.0,nan,34,16,67.0,58.0
58,小港,2019-09-17,44,14.0,5.0,nan,27,26,44.0,34.0
57,前鎮,2019-09-17,54,6.0,nan,nan,31,28,nan,54.0
56,前金,2019-09-17,58,7.0,3.0,nan,31,19,58.0,45.0
54,左營,2019-09-17,67,7.0,5.0,nan,32,20,67.0,37.0
53,楠梓,2019-09-17,62,nan,5.0,nan,33,20,48.0,62.0
78,馬公,2019-09-17,67,3.0,2.0,nan,38,3,67.0,49.0
52,林園,2019-09-17,64,4.0,3.0,nan,32,8,64.0,56.0
51,大寮,2019-09-17,56,20.0,5.0,nan,36,18,41.0,56.0
50,鳳山,2019-09-17,47,6.0,6.0,nan,31,22,nan,47.0
49,仁武,2019-09-17,58,7.0,5.0,nan,33,15,49.0,58.0
48,橋頭,2019-09-17,61,13.0,5.0,nan,33,16,61.0,57.0
47,美濃,2019-09-17,71,4.0,3.0,nan,30,6,71.0,54.0
46,臺南,2019-09-17,67,7.0,6.0,nan,47,22,61.0,67.0
45,安南,2019-09-17,84,7.0,6.0,nan,49,21,84.0,81.0
44,善化,2019-09-17,80,7.0,3.0,nan,48,12,80.0,69.0
43,新營,2019-09-17,77,6.0,3.0,nan,51,22,77.0,68.0
42,嘉義,2019-09-17,97,6.0,5.0,nan,46,20,97.0,70.0
41,臺西,2019-09-17,59,7.0,nan,nan,59,8,nan,54.0
40,朴子,2019-09-17,74,7.0,3.0,nan,56,18,74.0,64.0
39,新港,2019-09-17,90,7.0,3.0,nan,47,12,90.0,72.0
38,崙背,2019-09-17,74,7.0,3.0,nan,43,13,74.0,58.0
37,斗六,2019-09-17,87,6.0,3.0,nan,45,21,87.0,65.0
36,南投,2019-09-17,87,4.0,6.0,nan,33,25,87.0,59.0
35,二林,2019-09-17,58,10.0,3.0,nan,44,9,58.0,55.0
34,線西,2019-09-17,55,6.0,nan,nan,42,11,nan,55.0
33,彰化,2019-09-17,54,4.0,5.0,nan,32,25,54.0,49.0
32,西屯,2019-09-17,67,6.0,3.0,nan,29,16,67.0,42.0
31,忠明,2019-09-17,51,4.0,5.0,nan,28,20,51.0,47.0
30,大里,2019-09-17,84,6.0,6.0,nan,30,22,84.0,39.0
29,沙鹿,2019-09-17,61,4.0,3.0,nan,32,10,61.0,45.0
28,豐原,2019-09-17,49,3.0,3.0,nan,25,10,49.0,39.0
27,三義,2019-09-17,49,3.0,2.0,nan,21,7,49.0,30.0
25,頭份,2019-09-17,56,3.0,nan,nan,33,17,nan,56.0
24,新竹,2019-09-17,54,4.0,3.0,nan,30,16,44.0,54.0
23,竹東,2019-09-17,48,3.0,2.0,nan,25,7,48.0,33.0
22,湖口,2019-09-17,44,6.0,3.0,nan,31,18,44.0,43.0
21,龍潭,2019-09-17,46,4.0,5.0,nan,29,16,44.0,46.0
20,平鎮,2019-09-17,45,7.0,7.0,nan,32,26,36.0,45.0
19,觀音,2019-09-17,52,9.0,3.0,nan,33,14,49.0,52.0
18,大園,2019-09-17,44,4.0,3.0,nan,31,26,44.0,42.0
17,桃園,2019-09-17,49,14.0,8.0,nan,30,27,34.0,49.0
16,大同,2019-09-17,44,7.0,18.0,nan,31,44,nan,44.0
15,松山,2019-09-17,47,4.0,5.0,nan,32,20,41.0,47.0
14,古亭,2019-09-17,41,3.0,6.0,nan,29,27,41.0,41.0
13,萬華,2019-09-17,36,4.0,7.0,nan,29,31,33.0,36.0
12,中山,2019-09-17,44,11.0,9.0,nan,29,34,30.0,44.0
11,士林,2019-09-17,49,4.0,7.0,nan,30,28,49.0,39.0
10,淡水,2019-09-17,58,3.0,3.0,nan,28,10,46.0,58.0
9,林口,2019-09-17,48,3.0,2.0,nan,29,17,48.0,36.0
8,菜寮,2019-09-17,43,4.0,8.0,nan,30,36,36.0,43.0
7,新莊,2019-09-17,47,3.0,7.0,nan,30,36,39.0,47.0
6,板橋,2019-09-17,49,4.0,7.0,nan,29,36,35.0,49.0
5,土城,2019-09-17,52,3.0,7.0,nan,29,30,44.0,52.0
4,新店,2019-09-17,46,4.0,6.0,nan,27,23,38.0,46.0
3,萬里,2019-09-17,77,3.0,2.0,nan,68,3,77.0,45.0
80,關山,2019-09-17,46,1.0,nan,nan,46,6,39.0,40.0
83,麥寮,2019-09-17,55,7.0,nan,nan,53,11,nan,55.0
2,汐止,2019-09-17,49,4.0,3.0,nan,31,13,46.0,49.0
84,富貴角,2019-09-17,80,1.0,2.0,nan,45,2,80.0,54.0
1,基隆,2019-09-17,50,3.0,3.0,nan,34,11,50.0,31.0
77,金門,2019-09-17,151,6.0,3.0,nan,45,6,151.0,63.0
75,馬祖,2019-09-17,132,3.0,2.0,nan,37,6,132.0,nan
21,龍潭,2019-09-18,43,4.0,3.0,nan,30.0,18,43.0,32.0
1,基隆,2019-09-18,54,3.0,2.0,nan,38.0,14,54.0,30.0
2,汐止,2019-09-18,51,4.0,3.0,nan,35.0,22,51.0,43.0
3,萬里,2019-09-18,80,3.0,2.0,nan,73.0,4,80.0,60.0
4,新店,2019-09-18,52,3.0,5.0,nan,30.0,17,42.0,52.0
5,土城,2019-09-18,51,1.0,5.0,nan,31.0,14,45.0,51.0
6,板橋,2019-09-18,46,4.0,5.0,nan,32.0,25,43.0,46.0
7,新莊,2019-09-18,45,4.0,5.0,nan,31.0,25,45.0,38.0
8,菜寮,2019-09-18,44,3.0,5.0,nan,31.0,22,44.0,36.0
9,林口,2019-09-18,58,3.0,2.0,nan,31.0,14,58.0,38.0
10,淡水,2019-09-18,61,3.0,2.0,nan,31.0,9,61.0,49.0
11,士林,2019-09-18,64,4.0,3.0,nan,30.0,12,64.0,nan
12,中山,2019-09-18,45,3.0,6.0,nan,31.0,25,40.0,45.0
13,萬華,2019-09-18,39,3.0,5.0,nan,32.0,25,39.0,31.0
14,古亭,2019-09-18,46,3.0,3.0,nan,31.0,18,46.0,43.0
15,松山,2019-09-18,48,3.0,3.0,nan,34.0,13,48.0,40.0
16,大同,2019-09-18,48,3.0,10.0,nan,36.0,41,nan,48.0
17,桃園,2019-09-18,45,10.0,6.0,nan,31.0,23,45.0,44.0
18,大園,2019-09-18,54,9.0,2.0,nan,33.0,22,54.0,39.0
19,觀音,2019-09-18,58,4.0,2.0,nan,37.0,12,58.0,50.0
20,平鎮,2019-09-18,45,7.0,5.0,nan,36.0,22,45.0,43.0
22,湖口,2019-09-18,51,4.0,3.0,nan,34.0,15,51.0,45.0
23,竹東,2019-09-18,51,3.0,2.0,nan,25.0,7,51.0,34.0
24,新竹,2019-09-18,50,4.0,3.0,nan,31.0,13,45.0,50.0
25,頭份,2019-09-18,54,1.0,nan,nan,32.0,10,nan,54.0
26,苗栗,2019-09-18,44,4.0,2.0,nan,nan,9,44.0,nan
27,三義,2019-09-18,49,3.0,2.0,nan,27.0,6,49.0,32.0
28,豐原,2019-09-18,45,4.0,2.0,nan,28.0,8,45.0,33.0
29,沙鹿,2019-09-18,50,3.0,2.0,nan,48.0,7,50.0,44.0
30,大里,2019-09-18,50,4.0,5.0,nan,28.0,12,50.0,29.0
31,忠明,2019-09-18,47,4.0,2.0,nan,34.0,13,47.0,40.0
32,西屯,2019-09-18,49,4.0,2.0,nan,39.0,9,49.0,33.0
33,彰化,2019-09-18,46,6.0,3.0,nan,37.0,13,46.0,40.0
34,線西,2019-09-18,54,6.0,nan,nan,54.0,9,nan,54.0
35,二林,2019-09-18,52,7.0,2.0,nan,52.0,7,49.0,50.0
36,南投,2019-09-18,74,4.0,6.0,nan,35.0,17,74.0,52.0
37,斗六,2019-09-18,93,7.0,3.0,nan,41.0,27,93.0,52.0
38,崙背,2019-09-18,95,6.0,2.0,nan,95.0,10,54.0,60.0
39,新港,2019-09-18,71,6.0,3.0,nan,65.0,8,71.0,56.0
40,朴子,2019-09-18,81,4.0,3.0,nan,81.0,9,67.0,49.0
41,臺西,2019-09-18,103,6.0,nan,nan,103.0,9,nan,56.0
42,嘉義,2019-09-18,87,7.0,6.0,nan,57.0,18,87.0,47.0
43,新營,2019-09-18,67,4.0,3.0,nan,60.0,21,67.0,59.0
44,善化,2019-09-18,100,7.0,3.0,nan,60.0,11,100.0,62.0
45,安南,2019-09-18,90,4.0,5.0,nan,66.0,17,90.0,68.0
46,臺南,2019-09-18,87,6.0,5.0,nan,71.0,16,87.0,66.0
47,美濃,2019-09-18,71,4.0,5.0,nan,39.0,11,71.0,66.0
48,橋頭,2019-09-18,101,7.0,6.0,nan,50.0,17,101.0,78.0
49,仁武,2019-09-18,97,9.0,6.0,nan,46.0,25,97.0,75.0
50,鳳山,2019-09-18,51,7.0,7.0,nan,43.0,22,nan,51.0
51,大寮,2019-09-18,63,11.0,5.0,nan,40.0,13,58.0,63.0
52,林園,2019-09-18,90,6.0,3.0,nan,41.0,7,90.0,63.0
53,楠梓,2019-09-18,84,6.0,5.0,nan,45.0,16,58.0,84.0
54,左營,2019-09-18,118,7.0,6.0,nan,46.0,15,118.0,60.0
56,前金,2019-09-18,122,6.0,6.0,nan,50.0,18,122.0,71.0
57,前鎮,2019-09-18,77,10.0,nan,nan,46.0,27,nan,77.0
58,小港,2019-09-18,50,7.0,6.0,nan,37.0,26,49.0,50.0
59,屏東,2019-09-18,87,9.0,5.0,nan,41.0,13,87.0,59.0
60,潮州,2019-09-18,58,4.0,3.0,nan,34.0,7,58.0,52.0
61,恆春,2019-09-18,47,nan,2.0,nan,30.0,2,47.0,37.0
62,臺東,2019-09-18,51,1.0,3.0,nan,51.0,6,42.0,28.0
63,花蓮,2019-09-18,49,1.0,2.0,nan,34.0,5,49.0,29.0
64,陽明,2019-09-18,51,3.0,1.0,nan,19.0,1,51.0,27.0
65,宜蘭,2019-09-18,42,3.0,3.0,nan,22.0,8,42.0,31.0
66,冬山,2019-09-18,44,3.0,2.0,nan,19.0,6,44.0,28.0
67,三重,2019-09-18,42,4.0,15.0,nan,37.0,42,nan,39.0
68,中壢,2019-09-18,48,7.0,14.0,nan,30.0,37,nan,48.0
69,竹山,2019-09-18,90,6.0,5.0,nan,38.0,16,90.0,64.0
70,永和,2019-09-18,36,4.0,9.0,nan,34.0,25,nan,36.0
71,復興,2019-09-18,69,14.0,8.0,nan,44.0,35,nan,69.0
72,埔里,2019-09-18,80,10.0,3.0,nan,28.0,11,80.0,62.0
75,馬祖,2019-09-18,112,4.0,3.0,nan,42.0,5,112.0,23.0
77,金門,2019-09-18,136,7.0,5.0,nan,51.0,8,136.0,71.0
78,馬公,2019-09-18,77,3.0,3.0,nan,41.0,1,77.0,53.0
80,關山,2019-09-18,42,1.0,nan,nan,33.0,5,42.0,41.0
83,麥寮,2019-09-18,114,9.0,nan,nan,114.0,11,nan,60.0
84,富貴角,2019-09-18,77,1.0,1.0,nan,52.0,2,77.0,55.0
77,金門,2019-09-19,100,4.0,2.0,nan,44,6,100.0,53.0
80,關山,2019-09-19,47,3.0,nan,nan,36,5,44.0,47.0
84,富貴角,2019-09-19,84,1.0,1.0,nan,71,1,84.0,70.0
1,基隆,2019-09-19,67,3.0,3.0,nan,49,15,67.0,33.0
2,汐止,2019-09-19,51,4.0,2.0,nan,44,11,51.0,42.0
3,萬里,2019-09-19,90,3.0,2.0,nan,81,2,90.0,63.0
4,新店,2019-09-19,52,3.0,5.0,nan,36,20,40.0,52.0
5,土城,2019-09-19,53,3.0,5.0,nan,39,22,41.0,53.0
6,板橋,2019-09-19,43,3.0,5.0,nan,41,22,42.0,43.0
7,新莊,2019-09-19,41,9.0,5.0,nan,39,23,41.0,41.0
8,菜寮,2019-09-19,40,3.0,5.0,nan,38,17,40.0,32.0
9,林口,2019-09-19,64,3.0,2.0,nan,41,14,64.0,35.0
10,淡水,2019-09-19,58,4.0,2.0,nan,38,9,58.0,26.0
11,士林,2019-09-19,77,4.0,3.0,nan,38,12,77.0,nan
12,中山,2019-09-19,41,3.0,6.0,nan,40,28,41.0,36.0
13,萬華,2019-09-19,39,4.0,6.0,nan,39,25,38.0,34.0
14,古亭,2019-09-19,43,3.0,3.0,nan,38,19,41.0,43.0
15,松山,2019-09-19,47,4.0,2.0,nan,44,12,47.0,39.0
16,大同,2019-09-19,47,4.0,17.0,nan,44,41,nan,47.0
17,桃園,2019-09-19,48,9.0,5.0,nan,40,15,43.0,48.0
18,大園,2019-09-19,58,7.0,2.0,nan,43,21,58.0,34.0
19,觀音,2019-09-19,64,10.0,2.0,nan,44,8,64.0,46.0
20,平鎮,2019-09-19,45,6.0,5.0,nan,44,19,45.0,35.0
21,龍潭,2019-09-19,43,4.0,3.0,nan,37,15,43.0,41.0
22,湖口,2019-09-19,49,4.0,2.0,nan,41,8,49.0,34.0
23,竹東,2019-09-19,61,4.0,2.0,nan,32,8,61.0,36.0
24,新竹,2019-09-19,50,3.0,2.0,nan,39,12,44.0,50.0
25,頭份,2019-09-19,52,1.0,nan,nan,38,11,nan,52.0
26,苗栗,2019-09-19,59,4.0,2.0,nan,38,9,49.0,59.0
27,三義,2019-09-19,61,3.0,2.0,nan,31,7,61.0,39.0
28,豐原,2019-09-19,50,1.0,2.0,nan,35,7,50.0,38.0
29,沙鹿,2019-09-19,71,3.0,2.0,nan,41,8,71.0,45.0
30,大里,2019-09-19,54,4.0,3.0,nan,32,14,54.0,30.0
31,忠明,2019-09-19,51,4.0,2.0,nan,39,13,51.0,43.0
32,西屯,2019-09-19,54,3.0,2.0,nan,42,8,54.0,43.0
33,彰化,2019-09-19,51,4.0,3.0,nan,37,12,51.0,nan
34,線西,2019-09-19,52,6.0,nan,nan,52,9,nan,48.0
35,二林,2019-09-19,67,7.0,2.0,nan,48,6,67.0,51.0
36,南投,2019-09-19,71,4.0,5.0,nan,37,17,71.0,42.0
37,斗六,2019-09-19,100,4.0,2.0,nan,44,14,100.0,50.0
38,崙背,2019-09-19,81,7.0,2.0,nan,81,8,64.0,57.0
39,新港,2019-09-19,84,6.0,2.0,nan,61,8,84.0,57.0
40,朴子,2019-09-19,75,4.0,2.0,nan,75,8,67.0,56.0
41,臺西,2019-09-19,106,9.0,nan,nan,106,9,nan,51.0
42,嘉義,2019-09-19,104,7.0,3.0,nan,50,18,104.0,39.0
43,新營,2019-09-19,87,6.0,3.0,nan,54,13,87.0,54.0
44,善化,2019-09-19,87,7.0,2.0,nan,58,9,87.0,45.0
45,安南,2019-09-19,80,3.0,3.0,nan,66,21,80.0,65.0
46,臺南,2019-09-19,69,4.0,3.0,nan,69,14,67.0,61.0
47,美濃,2019-09-19,74,3.0,3.0,nan,48,8,74.0,61.0
48,橋頭,2019-09-19,97,6.0,5.0,nan,71,17,97.0,73.0
49,仁武,2019-09-19,112,11.0,6.0,nan,71,29,112.0,72.0
50,鳳山,2019-09-19,71,7.0,6.0,nan,71,22,nan,58.0
51,大寮,2019-09-19,80,14.0,5.0,nan,56,15,80.0,68.0
52,林園,2019-09-19,126,11.0,2.0,nan,54,22,126.0,71.0
53,楠梓,2019-09-19,80,3.0,5.0,nan,71,18,80.0,73.0
54,左營,2019-09-19,115,7.0,6.0,nan,71,19,115.0,62.0
56,前金,2019-09-19,100,6.0,5.0,nan,73,15,100.0,64.0
57,前鎮,2019-09-19,73,13.0,nan,nan,70,24,nan,73.0
58,小港,2019-09-19,71,10.0,6.0,nan,59,40,71.0,63.0
59,屏東,2019-09-19,122,7.0,5.0,nan,66,14,122.0,67.0
60,潮州,2019-09-19,115,6.0,3.0,nan,46,12,115.0,64.0
61,恆春,2019-09-19,54,nan,2.0,nan,36,2,54.0,43.0
62,臺東,2019-09-19,46,1.0,3.0,nan,45,8,46.0,33.0
63,花蓮,2019-09-19,49,3.0,2.0,nan,44,6,49.0,27.0
64,陽明,2019-09-19,58,3.0,2.0,nan,21,1,58.0,25.0
65,宜蘭,2019-09-19,44,3.0,3.0,nan,28,5,44.0,31.0
66,冬山,2019-09-19,43,3.0,3.0,nan,28,11,43.0,30.0
67,三重,2019-09-19,55,6.0,12.0,nan,45,55,nan,41.0
68,中壢,2019-09-19,45,4.0,8.0,nan,39,37,nan,45.0
78,馬公,2019-09-19,77,3.0,2.0,nan,44,2,77.0,46.0
69,竹山,2019-09-19,101,6.0,2.0,nan,38,13,101.0,51.0
70,永和,2019-09-19,42,4.0,11.0,nan,42,31,nan,39.0
71,復興,2019-09-19,70,17.0,10.0,nan,70,26,nan,68.0
72,埔里,2019-09-19,58,3.0,3.0,nan,26,11,58.0,53.0
75,馬祖,2019-09-19,101,3.0,2.0,nan,41,7,101.0,3.0
83,麥寮,2019-09-19,115,7.0,nan,nan,115,9,nan,nan
80,關山,2019-09-20,46,3,nan,nan,33,5,37.0,46
83,麥寮,2019-09-20,80,6,nan,nan,80,9,nan,63
84,富貴角,2019-09-20,98,1,1.0,nan,86,2,97.0,98
1,基隆,2019-09-20,50,4,5.0,nan,50,25,46.0,40
2,汐止,2019-09-20,52,4,5.0,nan,34,31,50.0,52
3,萬里,2019-09-20,100,3,2.0,nan,69,3,100.0,62
4,新店,2019-09-20,54,3,6.0,nan,25,28,47.0,54
5,土城,2019-09-20,57,4,5.0,nan,28,46,44.0,57
6,板橋,2019-09-20,52,4,6.0,nan,31,28,44.0,52
7,新莊,2019-09-20,51,7,3.0,nan,28,24,51.0,47
8,菜寮,2019-09-20,48,3,3.0,nan,31,16,48.0,40
9,林口,2019-09-20,84,4,2.0,nan,32,11,84.0,37
10,淡水,2019-09-20,84,3,2.0,nan,39,8,84.0,29
11,士林,2019-09-20,71,3,3.0,nan,27,30,71.0,39
12,中山,2019-09-20,51,4,9.0,nan,30,41,34.0,51
13,萬華,2019-09-20,45,4,6.0,nan,31,23,45.0,36
14,古亭,2019-09-20,52,3,6.0,nan,31,38,43.0,52
15,松山,2019-09-20,44,7,8.0,nan,29,42,30.0,44
16,大同,2019-09-20,40,4,15.0,nan,31,40,nan,38
17,桃園,2019-09-20,47,6,3.0,nan,31,16,47.0,42
18,大園,2019-09-20,87,6,2.0,nan,41,15,87.0,43
19,觀音,2019-09-20,104,4,2.0,nan,45,6,104.0,57
20,平鎮,2019-09-20,50,4,3.0,nan,36,25,50.0,41
21,龍潭,2019-09-20,51,4,5.0,nan,26,24,51.0,37
22,湖口,2019-09-20,84,3,2.0,nan,38,8,84.0,42
23,竹東,2019-09-20,58,3,3.0,nan,19,12,58.0,33
24,新竹,2019-09-20,58,3,3.0,nan,33,17,51.0,58
25,頭份,2019-09-20,52,1,nan,nan,26,15,nan,52
26,苗栗,2019-09-20,59,3,3.0,nan,23,12,48.0,59
27,三義,2019-09-20,74,3,2.0,nan,19,8,74.0,32
28,豐原,2019-09-20,77,1,2.0,nan,37,7,77.0,38
29,沙鹿,2019-09-20,84,3,2.0,nan,32,8,84.0,47
30,大里,2019-09-20,64,4,3.0,nan,29,11,64.0,20
31,忠明,2019-09-20,67,4,2.0,nan,29,10,67.0,45
32,西屯,2019-09-20,80,3,2.0,nan,31,6,80.0,40
33,彰化,2019-09-20,67,4,3.0,nan,31,10,67.0,52
34,線西,2019-09-20,47,3,nan,nan,38,10,nan,47
35,二林,2019-09-20,80,6,2.0,nan,38,6,80.0,45
36,南投,2019-09-20,50,3,3.0,nan,31,17,50.0,42
37,斗六,2019-09-20,80,6,3.0,nan,62,8,80.0,49
38,崙背,2019-09-20,90,4,2.0,nan,90,10,74.0,59
39,新港,2019-09-20,77,3,2.0,nan,54,8,77.0,47
40,朴子,2019-09-20,74,3,2.0,nan,66,7,74.0,48
41,臺西,2019-09-20,63,9,nan,nan,63,8,nan,49
42,嘉義,2019-09-20,80,6,3.0,nan,43,12,80.0,41
43,新營,2019-09-20,77,3,2.0,nan,49,14,77.0,53
44,善化,2019-09-20,87,6,2.0,nan,52,9,87.0,48
45,安南,2019-09-20,84,1,3.0,nan,54,12,84.0,64
46,臺南,2019-09-20,84,3,3.0,nan,55,11,84.0,55
47,美濃,2019-09-20,77,3,3.0,nan,47,8,77.0,57
48,橋頭,2019-09-20,100,4,3.0,nan,54,14,100.0,60
49,仁武,2019-09-20,93,16,5.0,nan,57,20,93.0,61
50,鳳山,2019-09-20,57,11,5.0,nan,57,22,nan,38
51,大寮,2019-09-20,90,11,3.0,nan,57,20,90.0,65
52,林園,2019-09-20,150,17,5.0,nan,64,25,150.0,81
53,楠梓,2019-09-20,100,4,3.0,nan,53,15,100.0,68
54,左營,2019-09-20,112,6,5.0,nan,55,15,112.0,49
56,前金,2019-09-20,108,4,5.0,nan,57,14,108.0,67
57,前鎮,2019-09-20,58,4,nan,nan,54,20,nan,58
58,小港,2019-09-20,101,11,6.0,nan,53,32,101.0,57
59,屏東,2019-09-20,104,4,3.0,nan,59,10,104.0,58
60,潮州,2019-09-20,101,6,3.0,nan,63,10,101.0,62
61,恆春,2019-09-20,166,3,3.0,nan,45,5,166.0,57
62,臺東,2019-09-20,40,3,5.0,nan,39,14,40.0,35
63,花蓮,2019-09-20,47,3,3.0,nan,32,7,47.0,24
64,陽明,2019-09-20,84,1,2.0,nan,5,1,84.0,11
65,宜蘭,2019-09-20,67,3,3.0,nan,13,7,67.0,24
66,冬山,2019-09-20,50,1,3.0,nan,17,18,50.0,27
67,三重,2019-09-20,48,4,14.0,nan,34,48,nan,43
68,中壢,2019-09-20,56,3,9.0,nan,31,38,nan,56
69,竹山,2019-09-20,77,4,2.0,nan,31,12,77.0,41
70,永和,2019-09-20,49,3,16.0,nan,32,39,nan,49
71,復興,2019-09-20,68,6,8.0,nan,57,18,nan,68
72,埔里,2019-09-20,54,4,2.0,nan,21,9,54.0,51
75,馬祖,2019-09-20,129,4,2.0,nan,34,6,129.0,3
77,金門,2019-09-20,132,6,3.0,nan,47,11,132.0,61
78,馬公,2019-09-20,112,3,2.0,nan,40,2,112.0,53
84,富貴角,2019-09-21,71,1,2.0,nan,47,6,71.0,59
1,基隆,2019-09-21,42,3,7.0,nan,19,27,42.0,24
2,汐止,2019-09-21,53,3,7.0,nan,18,38,46.0,53
3,萬里,2019-09-21,67,4,2.0,nan,14,6,67.0,29
4,新店,2019-09-21,54,3,5.0,nan,13,23,54.0,44
5,土城,2019-09-21,49,3,5.0,nan,16,20,49.0,47
6,板橋,2019-09-21,49,9,5.0,nan,17,21,49.0,46
7,新莊,2019-09-21,48,6,5.0,nan,15,14,48.0,47
8,菜寮,2019-09-21,45,3,8.0,nan,18,44,41.0,45
9,林口,2019-09-21,64,4,3.0,nan,17,19,64.0,42
10,淡水,2019-09-21,61,3,3.0,nan,19,15,61.0,20
11,士林,2019-09-21,51,4,6.0,nan,17,29,51.0,42
12,中山,2019-09-21,47,6,10.0,nan,19,45,41.0,47
13,萬華,2019-09-21,44,6,8.0,nan,19,43,44.0,35
14,古亭,2019-09-21,48,4,6.0,nan,19,34,48.0,40
15,松山,2019-09-21,50,6,9.0,nan,19,40,41.0,50
16,大同,2019-09-21,54,4,18.0,nan,23,44,nan,54
17,桃園,2019-09-21,46,4,5.0,nan,17,18,46.0,38
18,大園,2019-09-21,64,6,3.0,nan,19,12,64.0,34
19,觀音,2019-09-21,71,3,2.0,nan,20,8,71.0,55
20,平鎮,2019-09-21,45,4,5.0,nan,22,27,45.0,32
21,龍潭,2019-09-21,46,4,5.0,nan,14,20,46.0,30
22,湖口,2019-09-21,50,3,3.0,nan,24,13,50.0,40
23,竹東,2019-09-21,42,6,5.0,nan,14,13,42.0,27
24,新竹,2019-09-21,60,4,6.0,nan,19,25,49.0,60
25,頭份,2019-09-21,48,3,nan,nan,19,13,nan,48
26,苗栗,2019-09-21,58,6,5.0,nan,20,14,49.0,58
27,三義,2019-09-21,80,3,3.0,nan,15,7,80.0,41
28,豐原,2019-09-21,77,3,3.0,nan,18,8,77.0,36
29,沙鹿,2019-09-21,101,4,2.0,nan,22,11,101.0,47
30,大里,2019-09-21,90,4,3.0,nan,18,12,90.0,32
31,忠明,2019-09-21,87,4,3.0,nan,19,12,87.0,43
32,西屯,2019-09-21,97,3,2.0,nan,20,10,97.0,43
33,彰化,2019-09-21,90,6,5.0,nan,20,11,90.0,45
34,線西,2019-09-21,51,14,nan,nan,29,17,nan,51
35,二林,2019-09-21,93,11,3.0,nan,28,13,93.0,52
36,南投,2019-09-21,74,4,3.0,nan,19,18,74.0,42
37,斗六,2019-09-21,129,6,3.0,nan,31,11,129.0,43
38,崙背,2019-09-21,108,6,3.0,nan,36,11,108.0,47
39,新港,2019-09-21,118,6,3.0,nan,32,10,118.0,61
40,朴子,2019-09-21,115,6,3.0,nan,35,8,115.0,44
41,臺西,2019-09-21,48,9,nan,nan,47,10,nan,48
42,嘉義,2019-09-21,132,4,3.0,nan,28,12,132.0,36
43,新營,2019-09-21,122,6,3.0,nan,30,8,122.0,52
44,善化,2019-09-21,132,6,2.0,nan,31,6,132.0,45
45,安南,2019-09-21,140,4,3.0,nan,31,8,140.0,56
46,臺南,2019-09-21,129,4,3.0,nan,31,10,129.0,52
47,美濃,2019-09-21,126,4,3.0,nan,29,9,126.0,53
48,橋頭,2019-09-21,140,4,3.0,nan,34,9,140.0,47
49,仁武,2019-09-21,136,23,3.0,nan,36,22,136.0,56
50,鳳山,2019-09-21,37,6,5.0,nan,37,15,nan,32
51,大寮,2019-09-21,136,33,3.0,nan,38,17,136.0,56
52,林園,2019-09-21,115,20,6.0,nan,41,28,115.0,62
53,楠梓,2019-09-21,136,3,3.0,nan,32,9,136.0,64
54,左營,2019-09-21,143,4,3.0,nan,31,10,143.0,35
56,前金,2019-09-21,136,3,3.0,nan,36,9,136.0,47
57,前鎮,2019-09-21,51,6,nan,nan,35,18,nan,51
58,小港,2019-09-21,129,4,5.0,nan,35,14,129.0,42
59,屏東,2019-09-21,146,3,3.0,nan,46,8,146.0,57
60,潮州,2019-09-21,132,4,3.0,nan,49,8,132.0,62
61,恆春,2019-09-21,154,4,2.0,nan,46,6,154.0,56
62,臺東,2019-09-21,51,3,5.0,nan,33,8,51.0,42
63,花蓮,2019-09-21,41,3,2.0,nan,21,8,41.0,23
64,陽明,2019-09-21,64,3,2.0,nan,5,4,64.0,13
65,宜蘭,2019-09-21,74,3,2.0,nan,5,6,74.0,19
66,冬山,2019-09-21,61,3,2.0,nan,5,14,61.0,19
67,三重,2019-09-21,52,4,19.0,nan,22,52,nan,42
68,中壢,2019-09-21,50,1,15.0,nan,18,44,nan,50
69,竹山,2019-09-21,108,4,3.0,nan,20,9,108.0,39
70,永和,2019-09-21,39,3,10.0,nan,19,35,nan,39
71,復興,2019-09-21,55,7,6.0,nan,34,21,nan,55
72,埔里,2019-09-21,46,3,3.0,nan,14,8,46.0,42
75,馬祖,2019-09-21,97,7,3.0,nan,30,8,97.0,3
77,金門,2019-09-21,197,7,3.0,104.0,43,28,197.0,63
78,馬公,2019-09-21,154,6,3.0,nan,29,10,154.0,46
80,關山,2019-09-21,37,3,nan,nan,21,5,37.0,37
83,麥寮,2019-09-21,48,7,nan,nan,45,10,nan,48
41,臺西,2019-09-22,55,9,nan,nan,32.0,11,nan,55
84,富貴角,2019-09-22,86,1,2.0,nan,86.0,7,84.0,77
83,麥寮,2019-09-22,56,4,nan,nan,47.0,10,nan,56
80,關山,2019-09-22,41,1,nan,nan,nan,4,41.0,26
78,馬公,2019-09-22,159,6,3.0,nan,26.0,7,159.0,43
77,金門,2019-09-22,182,6,3.0,nan,39.0,12,182.0,64
75,馬祖,2019-09-22,108,6,3.0,nan,25.0,23,108.0,3
72,埔里,2019-09-22,90,4,3.0,nan,21.0,12,90.0,58
71,復興,2019-09-22,65,9,7.0,nan,33.0,18,nan,65
70,永和,2019-09-22,46,3,16.0,nan,29.0,38,nan,46
69,竹山,2019-09-22,150,7,5.0,nan,29.0,12,150.0,57
68,中壢,2019-09-22,52,6,14.0,nan,24.0,52,nan,46
67,三重,2019-09-22,54,10,19.0,nan,34.0,54,nan,51
66,冬山,2019-09-22,84,4,3.0,nan,20.0,20,84.0,32
65,宜蘭,2019-09-22,80,3,5.0,nan,23.0,8,80.0,38
64,陽明,2019-09-22,71,4,2.0,nan,19.0,5,71.0,38
63,花蓮,2019-09-22,47,3,3.0,nan,13.0,15,47.0,16
62,臺東,2019-09-22,43,1,3.0,nan,10.0,8,43.0,15
61,恆春,2019-09-22,49,1,2.0,nan,13.0,3,49.0,37
60,潮州,2019-09-22,87,4,5.0,nan,39.0,8,87.0,75
59,屏東,2019-09-22,146,4,5.0,nan,34.0,8,146.0,58
58,小港,2019-09-22,140,7,5.0,nan,31.0,22,140.0,51
57,前鎮,2019-09-22,65,6,nan,nan,32.0,16,nan,65
56,前金,2019-09-22,140,6,5.0,nan,32.0,15,140.0,56
54,左營,2019-09-22,146,7,5.0,nan,31.0,13,146.0,48
53,楠梓,2019-09-22,132,4,5.0,nan,33.0,14,132.0,74
52,林園,2019-09-22,122,20,6.0,nan,43.0,29,122.0,74
51,大寮,2019-09-22,122,13,5.0,nan,34.0,15,122.0,66
50,鳳山,2019-09-22,36,10,6.0,nan,36.0,22,nan,35
49,仁武,2019-09-22,136,14,5.0,nan,36.0,16,136.0,64
48,橋頭,2019-09-22,136,6,5.0,nan,34.0,13,136.0,62
47,美濃,2019-09-22,126,4,3.0,nan,32.0,9,126.0,62
46,臺南,2019-09-22,136,6,5.0,nan,33.0,15,136.0,57
45,安南,2019-09-22,146,4,5.0,nan,32.0,14,146.0,61
44,善化,2019-09-22,150,7,3.0,nan,34.0,13,150.0,56
43,新營,2019-09-22,146,6,5.0,nan,34.0,14,146.0,58
42,嘉義,2019-09-22,143,10,6.0,nan,32.0,19,143.0,51
40,朴子,2019-09-22,146,6,3.0,nan,38.0,12,146.0,53
39,新港,2019-09-22,146,6,3.0,nan,36.0,10,146.0,65
38,崙背,2019-09-22,143,6,3.0,nan,33.0,13,143.0,58
37,斗六,2019-09-22,156,7,5.0,nan,34.0,22,156.0,63
36,南投,2019-09-22,115,6,6.0,nan,28.0,26,115.0,56
35,二林,2019-09-22,132,9,3.0,nan,33.0,12,132.0,62
34,線西,2019-09-22,43,7,nan,nan,29.0,11,nan,43
33,彰化,2019-09-22,122,11,5.0,nan,24.0,20,122.0,53
32,西屯,2019-09-22,132,4,3.0,nan,25.0,17,132.0,44
31,忠明,2019-09-22,118,7,5.0,nan,26.0,16,118.0,49
30,大里,2019-09-22,132,6,6.0,nan,29.0,27,132.0,32
29,沙鹿,2019-09-22,140,4,3.0,nan,26.0,13,140.0,47
28,豐原,2019-09-22,115,4,3.0,nan,26.0,9,115.0,51
27,三義,2019-09-22,115,6,3.0,nan,26.0,9,115.0,45
26,苗栗,2019-09-22,93,6,5.0,nan,25.0,12,93.0,59
25,頭份,2019-09-22,45,3,nan,nan,23.0,17,nan,45
24,新竹,2019-09-22,108,4,5.0,nan,22.0,18,108.0,54
23,竹東,2019-09-22,93,3,3.0,nan,25.0,10,93.0,32
22,湖口,2019-09-22,112,4,3.0,nan,29.0,15,112.0,42
21,龍潭,2019-09-22,84,6,6.0,nan,25.0,30,84.0,46
20,平鎮,2019-09-22,77,9,6.0,nan,28.0,26,77.0,50
19,觀音,2019-09-22,101,33,3.0,nan,45.0,25,101.0,60
18,大園,2019-09-22,93,13,5.0,nan,28.0,28,93.0,39
17,桃園,2019-09-22,77,14,8.0,nan,25.0,40,77.0,44
16,大同,2019-09-22,97,6,20.0,nan,30.0,97,nan,49
15,松山,2019-09-22,48,4,8.0,nan,27.0,41,48.0,47
14,古亭,2019-09-22,64,3,7.0,nan,25.0,35,64.0,42
13,萬華,2019-09-22,49,6,10.0,nan,27.0,41,47.0,49
12,中山,2019-09-22,47,6,11.0,nan,28.0,42,38.0,47
11,士林,2019-09-22,58,6,7.0,nan,25.0,34,58.0,42
10,淡水,2019-09-22,54,4,7.0,nan,25.0,26,54.0,23
9,林口,2019-09-22,84,7,3.0,nan,25.0,34,84.0,42
8,菜寮,2019-09-22,49,9,11.0,nan,29.0,49,49.0,49
7,新莊,2019-09-22,67,10,6.0,nan,26.0,29,67.0,53
6,板橋,2019-09-22,61,14,8.0,nan,27.0,38,61.0,50
5,土城,2019-09-22,67,4,6.0,nan,25.0,37,67.0,57
4,新店,2019-09-22,61,4,6.0,nan,24.0,30,61.0,54
3,萬里,2019-09-22,87,4,2.0,nan,50.0,11,87.0,41
2,汐止,2019-09-22,56,10,7.0,nan,28.0,36,44.0,56
1,基隆,2019-09-22,41,6,8.0,nan,26.0,38,41.0,29
8,菜寮,2019-09-23,51,6,10.0,nan,33.0,40,51.0,50
1,基隆,2019-09-23,84,3,6.0,nan,35.0,34,84.0,41
78,馬公,2019-09-23,132,3,5.0,nan,34.0,3,132.0,53
7,新莊,2019-09-23,64,6,9.0,nan,37.0,28,61.0,64
77,金門,2019-09-23,143,10,5.0,nan,40.0,10,143.0,61
6,板橋,2019-09-23,57,13,7.0,nan,34.0,32,48.0,57
75,馬祖,2019-09-23,136,4,3.0,nan,34.0,8,136.0,3
5,土城,2019-09-23,67,7,7.0,nan,32.0,33,67.0,67
72,埔里,2019-09-23,112,7,6.0,nan,31.0,16,112.0,71
4,新店,2019-09-23,61,4,5.0,nan,29.0,19,61.0,58
71,復興,2019-09-23,109,16,11.0,nan,59.0,35,nan,109
70,永和,2019-09-23,48,4,12.0,nan,32.0,29,nan,48
69,竹山,2019-09-23,164,6,5.0,nan,43.0,16,164.0,85
68,中壢,2019-09-23,56,6,11.0,nan,34.0,47,nan,56
67,三重,2019-09-23,51,7,18.0,nan,39.0,50,nan,51
66,冬山,2019-09-23,74,3,3.0,nan,26.0,13,74.0,44
65,宜蘭,2019-09-23,67,3,5.0,nan,26.0,8,67.0,43
64,陽明,2019-09-23,74,3,3.0,nan,24.0,2,74.0,43
63,花蓮,2019-09-23,47,3,3.0,nan,21.0,12,47.0,30
62,臺東,2019-09-23,48,3,5.0,nan,17.0,8,48.0,18
61,恆春,2019-09-23,61,1,2.0,nan,15.0,1,61.0,33
60,潮州,2019-09-23,118,4,3.0,nan,38.0,9,118.0,76
59,屏東,2019-09-23,169,11,7.0,nan,53.0,22,169.0,91
58,小港,2019-09-23,129,17,7.0,nan,48.0,42,129.0,82
57,前鎮,2019-09-23,110,14,nan,nan,58.0,34,nan,110
56,前金,2019-09-23,169,9,7.0,nan,60.0,21,169.0,103
54,左營,2019-09-23,174,10,7.0,nan,61.0,19,174.0,89
53,楠梓,2019-09-23,179,10,6.0,nan,62.0,19,179.0,120
52,林園,2019-09-23,164,11,5.0,nan,51.0,18,164.0,88
51,大寮,2019-09-23,136,13,6.0,nan,49.0,24,136.0,86
50,鳳山,2019-09-23,86,17,8.0,nan,58.0,37,nan,86
49,仁武,2019-09-23,182,16,7.0,nan,63.0,31,182.0,117
48,橋頭,2019-09-23,169,9,6.0,nan,65.0,22,169.0,97
47,美濃,2019-09-23,169,9,5.0,nan,47.0,12,169.0,84
46,臺南,2019-09-23,146,6,6.0,nan,57.0,15,146.0,72
45,安南,2019-09-23,150,4,5.0,nan,55.0,20,150.0,74
44,善化,2019-09-23,146,9,5.0,nan,52.0,11,146.0,78
43,新營,2019-09-23,132,4,6.0,nan,47.0,13,132.0,67
2,汐止,2019-09-23,80,4,7.0,nan,34.0,28,80.0,61
42,嘉義,2019-09-23,150,16,7.0,nan,47.0,25,150.0,79
41,臺西,2019-09-23,67,9,nan,nan,67.0,10,nan,50
40,朴子,2019-09-23,132,6,5.0,nan,52.0,10,132.0,61
39,新港,2019-09-23,146,6,5.0,nan,51.0,12,146.0,77
38,崙背,2019-09-23,122,6,5.0,nan,40.0,14,122.0,62
37,斗六,2019-09-23,159,4,6.0,nan,49.0,29,159.0,81
36,南投,2019-09-23,129,4,7.0,nan,39.0,25,129.0,73
35,二林,2019-09-23,118,9,5.0,nan,38.0,11,118.0,58
34,線西,2019-09-23,54,10,nan,nan,44.0,16,nan,54
33,彰化,2019-09-23,108,6,7.0,nan,33.0,20,108.0,55
32,西屯,2019-09-23,129,4,5.0,nan,31.0,13,129.0,52
31,忠明,2019-09-23,112,6,6.0,nan,33.0,21,112.0,59
30,大里,2019-09-23,118,4,7.0,nan,34.0,25,118.0,54
29,沙鹿,2019-09-23,132,4,5.0,nan,34.0,14,132.0,55
28,豐原,2019-09-23,115,3,5.0,nan,29.0,9,115.0,54
27,三義,2019-09-23,126,4,5.0,nan,28.0,11,126.0,53
26,苗栗,2019-09-23,100,6,6.0,nan,32.0,16,100.0,69
25,頭份,2019-09-23,63,1,nan,nan,36.0,17,nan,63
24,新竹,2019-09-23,112,6,5.0,nan,34.0,18,112.0,64
23,竹東,2019-09-23,101,3,5.0,nan,31.0,9,101.0,48
22,湖口,2019-09-23,112,4,5.0,nan,40.0,18,112.0,53
21,龍潭,2019-09-23,97,9,6.0,nan,33.0,24,97.0,55
20,平鎮,2019-09-23,80,6,6.0,nan,38.0,26,80.0,54
19,觀音,2019-09-23,115,10,3.0,nan,41.0,23,115.0,66
18,大園,2019-09-23,104,10,5.0,nan,39.0,29,104.0,53
17,桃園,2019-09-23,77,11,7.0,nan,36.0,34,77.0,56
16,大同,2019-09-23,64,6,17.0,nan,35.0,64,nan,55
15,松山,2019-09-23,67,3,6.0,nan,33.0,31,67.0,51
14,古亭,2019-09-23,51,4,6.0,nan,29.0,21,51.0,49
13,萬華,2019-09-23,48,3,7.0,nan,32.0,31,48.0,47
12,中山,2019-09-23,45,3,8.0,nan,31.0,37,43.0,45
11,士林,2019-09-23,84,4,9.0,nan,33.0,29,84.0,45
3,萬里,2019-09-23,115,4,3.0,nan,99.0,5,115.0,54
84,富貴角,2019-09-23,115,1,3.0,nan,87.0,3,115.0,85
10,淡水,2019-09-23,97,3,6.0,nan,31.0,25,97.0,35
83,麥寮,2019-09-23,72,10,nan,nan,72.0,16,nan,61
9,林口,2019-09-23,77,3,5.0,nan,36.0,24,77.0,45
80,關山,2019-09-23,44,3,nan,nan,nan,8,44.0,44
2,汐止,2019-09-24,41,9,5.0,nan,27.0,32.0,34.0,41.0
84,富貴角,2019-09-24,67,1,1.0,nan,43.0,2.0,67.0,38.0
83,麥寮,2019-09-24,68,6,nan,nan,68.0,17.0,nan,54.0
80,關山,2019-09-24,43,3,nan,nan,nan,5.0,43.0,40.0
78,馬公,2019-09-24,87,3,2.0,nan,30.0,3.0,87.0,40.0
77,金門,2019-09-24,169,10,3.0,nan,51.0,10.0,169.0,73.0
75,馬祖,2019-09-24,166,4,3.0,nan,37.0,8.0,166.0,nan
72,埔里,2019-09-24,136,4,5.0,nan,34.0,14.0,136.0,69.0
71,復興,2019-09-24,99,20,9.0,nan,58.0,34.0,nan,99.0
70,永和,2019-09-24,36,4,11.0,nan,26.0,31.0,nan,36.0
69,竹山,2019-09-24,151,7,6.0,nan,52.0,19.0,151.0,97.0
68,中壢,2019-09-24,42,6,14.0,nan,26.0,42.0,nan,36.0
67,三重,2019-09-24,43,6,18.0,nan,31.0,43.0,nan,41.0
66,冬山,2019-09-24,35,3,3.0,nan,22.0,21.0,35.0,32.0
65,宜蘭,2019-09-24,38,3,3.0,nan,19.0,9.0,38.0,34.0
64,陽明,2019-09-24,50,1,1.0,nan,16.0,4.0,50.0,24.0
63,花蓮,2019-09-24,44,3,5.0,nan,21.0,14.0,44.0,24.0
62,臺東,2019-09-24,46,1,3.0,nan,20.0,6.0,46.0,23.0
61,恆春,2019-09-24,58,3,2.0,nan,17.0,1.0,58.0,32.0
60,潮州,2019-09-24,101,6,5.0,nan,44.0,8.0,101.0,74.0
59,屏東,2019-09-24,200,9,7.0,nan,57.0,17.0,200.0,93.0
58,小港,2019-09-24,164,16,7.0,nan,52.0,28.0,164.0,90.0
57,前鎮,2019-09-24,104,19,nan,nan,59.0,31.0,nan,104.0
56,前金,2019-09-24,187,10,8.0,nan,60.0,21.0,187.0,98.0
54,左營,2019-09-24,202,7,7.0,nan,58.0,32.0,202.0,93.0
53,楠梓,2019-09-24,140,7,7.0,nan,54.0,28.0,140.0,94.0
52,林園,2019-09-24,172,9,6.0,nan,54.0,12.0,172.0,89.0
51,大寮,2019-09-24,146,41,6.0,nan,57.0,21.0,146.0,99.0
50,鳳山,2019-09-24,85,10,7.0,nan,54.0,32.0,nan,85.0
49,仁武,2019-09-24,164,9,6.0,nan,56.0,25.0,164.0,100.0
48,橋頭,2019-09-24,151,6,7.0,nan,53.0,23.0,151.0,89.0
47,美濃,2019-09-24,159,13,5.0,nan,42.0,9.0,159.0,75.0
46,臺南,2019-09-24,154,7,7.0,nan,59.0,28.0,154.0,97.0
45,安南,2019-09-24,166,11,6.0,nan,62.0,26.0,166.0,96.0
44,善化,2019-09-24,182,9,6.0,nan,71.0,16.0,182.0,91.0
43,新營,2019-09-24,161,6,6.0,nan,58.0,23.0,161.0,84.0
42,嘉義,2019-09-24,156,9,7.0,nan,57.0,25.0,156.0,88.0
41,臺西,2019-09-24,62,7,nan,nan,62.0,12.0,nan,56.0
40,朴子,2019-09-24,132,7,5.0,nan,64.0,15.0,132.0,68.0
39,新港,2019-09-24,132,7,5.0,nan,53.0,13.0,132.0,73.0
38,崙背,2019-09-24,108,7,3.0,nan,42.0,16.0,108.0,61.0
37,斗六,2019-09-24,146,6,6.0,nan,52.0,28.0,146.0,82.0
36,南投,2019-09-24,101,4,6.0,nan,41.0,25.0,101.0,72.0
35,二林,2019-09-24,77,7,3.0,nan,36.0,11.0,77.0,54.0
34,線西,2019-09-24,46,9,nan,nan,38.0,14.0,nan,46.0
33,彰化,2019-09-24,71,6,5.0,nan,30.0,24.0,71.0,48.0
32,西屯,2019-09-24,71,4,3.0,nan,28.0,15.0,71.0,47.0
31,忠明,2019-09-24,64,6,3.0,nan,28.0,19.0,64.0,49.0
30,大里,2019-09-24,97,6,7.0,nan,34.0,25.0,97.0,53.0
29,沙鹿,2019-09-24,71,4,2.0,nan,28.0,12.0,71.0,43.0
28,豐原,2019-09-24,51,3,3.0,nan,26.0,11.0,51.0,48.0
27,三義,2019-09-24,50,3,2.0,nan,21.0,6.0,50.0,36.0
26,苗栗,2019-09-24,46,6,3.0,nan,26.0,12.0,45.0,46.0
25,頭份,2019-09-24,47,1,nan,nan,28.0,15.0,nan,47.0
24,新竹,2019-09-24,48,4,3.0,nan,28.0,15.0,48.0,43.0
23,竹東,2019-09-24,47,3,3.0,nan,23.0,nan,47.0,31.0
22,湖口,2019-09-24,45,4,3.0,nan,29.0,14.0,45.0,38.0
21,龍潭,2019-09-24,50,4,2.0,nan,23.0,8.0,50.0,39.0
20,平鎮,2019-09-24,43,6,5.0,nan,30.0,19.0,43.0,33.0
19,觀音,2019-09-24,45,19,3.0,nan,32.0,26.0,45.0,45.0
18,大園,2019-09-24,43,7,3.0,nan,31.0,39.0,43.0,40.0
17,桃園,2019-09-24,40,9,6.0,nan,27.0,19.0,40.0,32.0
16,大同,2019-09-24,46,4,11.0,nan,29.0,42.0,nan,46.0
15,松山,2019-09-24,41,6,6.0,nan,30.0,41.0,39.0,38.0
14,古亭,2019-09-24,38,4,6.0,nan,24.0,28.0,38.0,33.0
13,萬華,2019-09-24,40,3,6.0,nan,26.0,33.0,40.0,29.0
12,中山,2019-09-24,42,4,9.0,nan,26.0,42.0,38.0,33.0
11,士林,2019-09-24,46,7,5.0,nan,26.0,22.0,46.0,35.0
10,淡水,2019-09-24,44,6,6.0,nan,24.0,22.0,44.0,24.0
9,林口,2019-09-24,37,3,3.0,nan,29.0,25.0,37.0,35.0
8,菜寮,2019-09-24,38,4,6.0,nan,26.0,29.0,38.0,30.0
7,新莊,2019-09-24,50,4,5.0,nan,26.0,30.0,39.0,50.0
6,板橋,2019-09-24,39,6,6.0,nan,26.0,28.0,33.0,39.0
5,土城,2019-09-24,52,3,3.0,nan,23.0,17.0,45.0,52.0
4,新店,2019-09-24,40,3,5.0,nan,20.0,23.0,35.0,40.0
3,萬里,2019-09-24,67,3,2.0,nan,62.0,8.0,67.0,33.0
1,基隆,2019-09-24,51,3,7.0,nan,28.0,31.0,51.0,36.0
1,基隆,2019-09-25,50,3,7.0,nan,23,32,50.0,30
80,關山,2019-09-25,38,3,nan,nan,20,7,38.0,27
78,馬公,2019-09-25,71,4,2.0,nan,27,3,71.0,36
77,金門,2019-09-25,179,7,3.0,nan,48,9,179.0,70
75,馬祖,2019-09-25,174,4,3.0,nan,40,8,174.0,67
72,埔里,2019-09-25,154,6,5.0,nan,31,18,154.0,62
71,復興,2019-09-25,66,6,7.0,nan,43,25,nan,66
70,永和,2019-09-25,26,3,6.0,nan,23,21,nan,26
69,竹山,2019-09-25,154,4,3.0,nan,44,17,154.0,78
68,中壢,2019-09-25,34,4,9.0,nan,21,34,nan,31
67,三重,2019-09-25,47,6,18.0,nan,25,47,nan,44
66,冬山,2019-09-25,42,3,3.0,nan,22,16,42.0,31
65,宜蘭,2019-09-25,48,3,3.0,nan,20,10,48.0,28
64,陽明,2019-09-25,48,4,2.0,nan,13,2,48.0,24
63,花蓮,2019-09-25,37,1,5.0,nan,23,17,36.0,37
62,臺東,2019-09-25,42,3,3.0,nan,20,8,42.0,21
61,恆春,2019-09-25,48,6,1.0,nan,18,2,48.0,27
60,潮州,2019-09-25,156,10,5.0,nan,42,12,156.0,77
59,屏東,2019-09-25,161,6,5.0,nan,49,17,161.0,74
58,小港,2019-09-25,122,7,5.0,nan,37,43,122.0,70
57,前鎮,2019-09-25,65,4,nan,nan,42,25,nan,65
56,前金,2019-09-25,140,7,6.0,nan,45,15,140.0,72
54,左營,2019-09-25,154,13,6.0,nan,50,27,154.0,75
53,楠梓,2019-09-25,122,4,5.0,nan,49,28,122.0,72
52,林園,2019-09-25,159,9,5.0,nan,46,8,159.0,74
51,大寮,2019-09-25,129,43,5.0,nan,47,19,129.0,83
50,鳳山,2019-09-25,65,4,5.0,nan,43,22,nan,65
49,仁武,2019-09-25,122,9,5.0,nan,50,20,122.0,77
48,橋頭,2019-09-25,118,6,5.0,nan,50,21,118.0,76
47,美濃,2019-09-25,136,4,5.0,nan,43,9,136.0,72
46,臺南,2019-09-25,122,10,6.0,nan,55,24,122.0,76
45,安南,2019-09-25,126,7,5.0,nan,50,23,126.0,64
44,善化,2019-09-25,150,11,5.0,nan,57,13,150.0,71
43,新營,2019-09-25,122,6,3.0,nan,50,24,122.0,65
42,嘉義,2019-09-25,122,23,6.0,nan,47,24,122.0,66
41,臺西,2019-09-25,56,9,nan,nan,56,19,nan,52
40,朴子,2019-09-25,108,7,5.0,nan,62,14,108.0,55
39,新港,2019-09-25,112,6,3.0,nan,45,12,112.0,57
38,崙背,2019-09-25,93,7,5.0,nan,40,15,93.0,56
37,斗六,2019-09-25,132,6,5.0,nan,43,19,132.0,65
36,南投,2019-09-25,115,6,6.0,nan,36,25,115.0,62
35,二林,2019-09-25,64,9,3.0,nan,34,12,64.0,51
34,線西,2019-09-25,43,10,nan,nan,36,17,nan,43
33,彰化,2019-09-25,67,6,5.0,nan,29,27,67.0,44
32,西屯,2019-09-25,80,4,3.0,nan,29,17,80.0,46
31,忠明,2019-09-25,74,6,3.0,nan,28,20,74.0,47
30,大里,2019-09-25,100,6,6.0,nan,32,25,100.0,54
29,沙鹿,2019-09-25,80,3,2.0,nan,26,13,80.0,41
28,豐原,2019-09-25,84,4,3.0,nan,30,13,84.0,53
27,三義,2019-09-25,51,4,3.0,nan,22,13,51.0,41
26,苗栗,2019-09-25,49,7,3.0,nan,26,17,49.0,43
25,頭份,2019-09-25,41,6,nan,nan,24,19,nan,41
24,新竹,2019-09-25,67,4,3.0,nan,26,16,67.0,36
23,竹東,2019-09-25,61,3,2.0,nan,22,24,61.0,32
22,湖口,2019-09-25,58,4,2.0,nan,23,12,58.0,40
21,龍潭,2019-09-25,50,4,3.0,nan,20,11,50.0,34
20,平鎮,2019-09-25,51,6,6.0,nan,24,18,51.0,36
19,觀音,2019-09-25,54,17,3.0,nan,28,26,54.0,36
18,大園,2019-09-25,50,7,2.0,nan,25,25,50.0,36
17,桃園,2019-09-25,48,7,5.0,nan,20,17,48.0,37
16,大同,2019-09-25,48,6,8.0,nan,27,42,nan,48
15,松山,2019-09-25,44,3,6.0,nan,25,30,44.0,38
14,古亭,2019-09-25,47,3,3.0,nan,19,20,47.0,28
13,萬華,2019-09-25,43,4,5.0,nan,23,29,43.0,34
12,中山,2019-09-25,39,3,7.0,nan,21,34,39.0,32
11,士林,2019-09-25,51,4,2.0,nan,19,9,51.0,20
10,淡水,2019-09-25,49,4,5.0,nan,19,17,49.0,33
9,林口,2019-09-25,45,4,2.0,nan,21,25,45.0,37
8,菜寮,2019-09-25,46,3,5.0,nan,19,16,46.0,33
7,新莊,2019-09-25,50,4,5.0,nan,22,21,50.0,43
6,板橋,2019-09-25,43,19,5.0,nan,21,31,43.0,37
5,土城,2019-09-25,52,4,3.0,nan,19,13,49.0,52
83,麥寮,2019-09-25,58,9,nan,nan,58,20,nan,52
4,新店,2019-09-25,46,3,3.0,nan,19,15,46.0,30
3,萬里,2019-09-25,71,4,2.0,nan,31,5,71.0,31
2,汐止,2019-09-25,50,10,5.0,nan,22,31,50.0,33
84,富貴角,2019-09-25,67,1,1.0,nan,30,1,67.0,31
60,潮州,2019-09-26,146,10,5.0,nan,46,12,146.0,83
1,基隆,2019-09-26,40,4,7.0,nan,20,25,40.0,26
2,汐止,2019-09-26,34,11,5.0,nan,17,34,29.0,30
3,萬里,2019-09-26,49,6,2.0,nan,28,4,49.0,27
4,新店,2019-09-26,31,3,3.0,nan,13,18,31.0,27
5,土城,2019-09-26,43,3,5.0,nan,16,17,36.0,43
6,板橋,2019-09-26,36,16,5.0,nan,19,25,36.0,31
7,新莊,2019-09-26,41,3,3.0,nan,17,15,35.0,41
8,菜寮,2019-09-26,30,3,5.0,nan,16,21,30.0,30
9,林口,2019-09-26,37,3,2.0,nan,19,20,37.0,26
10,淡水,2019-09-26,41,1,3.0,nan,15,15,41.0,28
11,士林,2019-09-26,42,3,2.0,nan,13,9,42.0,17
12,中山,2019-09-26,31,4,7.0,nan,17,31,25.0,30
13,萬華,2019-09-26,31,4,5.0,nan,18,27,31.0,31
14,古亭,2019-09-26,38,3,5.0,nan,17,22,38.0,31
15,松山,2019-09-26,36,4,5.0,nan,19,33,29.0,36
16,大同,2019-09-26,40,4,9.0,nan,23,37,nan,40
17,桃園,2019-09-26,34,10,5.0,nan,18,14,34.0,30
18,大園,2019-09-26,43,10,2.0,nan,21,24,43.0,30
19,觀音,2019-09-26,42,13,2.0,nan,26,8,42.0,32
20,平鎮,2019-09-26,36,4,5.0,nan,20,20,36.0,30
21,龍潭,2019-09-26,42,4,3.0,nan,18,14,42.0,27
22,湖口,2019-09-26,44,3,2.0,nan,21,10,44.0,34
23,竹東,2019-09-26,47,4,3.0,nan,19,18,47.0,33
24,新竹,2019-09-26,43,4,3.0,nan,22,18,43.0,38
25,頭份,2019-09-26,40,4,nan,nan,22,18,nan,40
26,苗栗,2019-09-26,44,6,5.0,nan,24,19,41.0,44
27,三義,2019-09-26,77,4,2.0,nan,24,14,77.0,51
28,豐原,2019-09-26,101,3,5.0,nan,35,17,101.0,61
29,沙鹿,2019-09-26,74,4,3.0,nan,29,21,74.0,52
30,大里,2019-09-26,146,4,6.0,nan,39,28,146.0,66
31,忠明,2019-09-26,97,4,5.0,nan,38,26,97.0,62
32,西屯,2019-09-26,101,3,5.0,nan,36,27,101.0,63
33,彰化,2019-09-26,90,7,6.0,nan,34,28,90.0,57
34,線西,2019-09-26,51,17,nan,nan,40,22,nan,51
35,二林,2019-09-26,104,10,5.0,nan,38,16,104.0,56
36,南投,2019-09-26,140,6,6.0,nan,44,24,140.0,75
37,斗六,2019-09-26,166,9,5.0,nan,48,24,166.0,74
38,崙背,2019-09-26,129,6,3.0,nan,41,14,129.0,64
39,新港,2019-09-26,140,4,5.0,nan,45,18,140.0,68
40,朴子,2019-09-26,156,7,3.0,nan,47,12,156.0,58
41,臺西,2019-09-26,54,24,nan,nan,35,20,nan,54
42,嘉義,2019-09-26,159,10,6.0,nan,51,22,159.0,75
43,新營,2019-09-26,151,9,5.0,nan,51,21,151.0,71
44,善化,2019-09-26,156,10,3.0,nan,51,14,156.0,75
45,安南,2019-09-26,136,6,5.0,nan,46,23,136.0,67
46,臺南,2019-09-26,115,7,6.0,nan,49,23,115.0,74
47,美濃,2019-09-26,126,6,3.0,nan,42,21,126.0,76
48,橋頭,2019-09-26,118,6,6.0,nan,49,23,118.0,73
49,仁武,2019-09-26,118,17,5.0,nan,47,25,118.0,76
50,鳳山,2019-09-26,68,6,7.0,nan,46,24,nan,68
51,大寮,2019-09-26,101,24,5.0,nan,47,25,101.0,86
52,林園,2019-09-26,154,7,3.0,nan,45,8,154.0,78
53,楠梓,2019-09-26,115,4,5.0,nan,46,25,115.0,70
54,左營,2019-09-26,150,7,5.0,nan,47,21,150.0,72
56,前金,2019-09-26,101,6,5.0,nan,44,15,101.0,68
57,前鎮,2019-09-26,67,9,nan,nan,46,24,nan,67
58,小港,2019-09-26,112,19,5.0,nan,38,35,112.0,74
59,屏東,2019-09-26,156,6,6.0,nan,51,23,156.0,76
61,恆春,2019-09-26,47,3,1.0,nan,16,2,47.0,26
62,臺東,2019-09-26,38,3,3.0,nan,20,7,38.0,28
63,花蓮,2019-09-26,41,3,2.0,nan,19,9,41.0,34
64,陽明,2019-09-26,43,3,1.0,nan,5,1,43.0,9
65,宜蘭,2019-09-26,38,3,3.0,nan,17,11,38.0,27
66,冬山,2019-09-26,32,3,3.0,nan,18,14,31.0,32
67,三重,2019-09-26,45,7,18.0,nan,23,41,nan,45
68,中壢,2019-09-26,27,4,9.0,nan,17,26,nan,27
69,竹山,2019-09-26,164,6,3.0,nan,47,13,164.0,80
70,永和,2019-09-26,26,3,8.0,nan,18,21,nan,26
71,復興,2019-09-26,70,9,7.0,nan,44,25,nan,70
72,埔里,2019-09-26,136,4,5.0,nan,36,15,136.0,72
75,馬祖,2019-09-26,179,6,3.0,nan,36,6,179.0,71
77,金門,2019-09-26,169,11,3.0,nan,50,11,169.0,77
78,馬公,2019-09-26,51,4,2.0,nan,26,2,51.0,33
80,關山,2019-09-26,35,3,nan,nan,16,5,35.0,28
83,麥寮,2019-09-26,85,9,nan,nan,85,22,nan,66
84,富貴角,2019-09-26,47,1,1.0,nan,27,2,47.0,32
1,基隆,2019-09-27,40,4,5.0,nan,19,26,40.0,19
2,汐止,2019-09-27,31,4,5.0,nan,12,31,28.0,20
3,萬里,2019-09-27,45,6,1.0,nan,28,6,45.0,21
4,新店,2019-09-27,26,3,6.0,nan,10,26,26.0,18
5,土城,2019-09-27,31,4,6.0,nan,12,25,31.0,20
6,板橋,2019-09-27,31,6,6.0,nan,13,31,31.0,22
7,新莊,2019-09-27,37,3,6.0,nan,12,24,33.0,37
8,菜寮,2019-09-27,31,3,6.0,nan,13,26,31.0,21
9,林口,2019-09-27,32,4,2.0,nan,13,20,32.0,20
10,淡水,2019-09-27,35,3,3.0,nan,13,14,35.0,23
11,士林,2019-09-27,42,1,3.0,nan,9,25,42.0,10
12,中山,2019-09-27,34,6,8.0,nan,13,34,31.0,21
13,萬華,2019-09-27,32,4,6.0,nan,13,32,32.0,19
14,古亭,2019-09-27,33,3,5.0,nan,11,29,33.0,20
15,松山,2019-09-27,32,3,5.0,nan,11,32,30.0,26
16,大同,2019-09-27,39,4,12.0,nan,18,39,nan,36
17,桃園,2019-09-27,30,7,6.0,nan,14,20,30.0,24
18,大園,2019-09-27,35,11,2.0,nan,18,27,35.0,28
19,觀音,2019-09-27,37,10,1.0,nan,23,11,37.0,29
20,平鎮,2019-09-27,32,6,6.0,nan,17,24,32.0,27
21,龍潭,2019-09-27,35,6,3.0,nan,12,17,35.0,19
22,湖口,2019-09-27,35,3,2.0,nan,16,11,35.0,26
23,竹東,2019-09-27,31,3,2.0,nan,12,14,31.0,19
24,新竹,2019-09-27,32,4,3.0,nan,18,17,32.0,27
25,頭份,2019-09-27,30,6,nan,nan,18,21,nan,30
26,苗栗,2019-09-27,33,7,5.0,nan,19,20,28.0,33
27,三義,2019-09-27,43,4,3.0,nan,19,18,40.0,43
28,豐原,2019-09-27,54,4,3.0,nan,27,19,54.0,53
29,沙鹿,2019-09-27,44,3,2.0,nan,25,19,44.0,40
30,大里,2019-09-27,84,6,7.0,nan,34,28,84.0,62
31,忠明,2019-09-27,55,6,6.0,nan,30,25,49.0,55
32,西屯,2019-09-27,54,3,3.0,nan,28,22,54.0,47
33,彰化,2019-09-27,48,6,5.0,nan,31,25,47.0,48
34,線西,2019-09-27,42,10,nan,nan,32,16,nan,42
35,二林,2019-09-27,52,9,3.0,nan,33,15,48.0,52
36,南投,2019-09-27,118,9,6.0,nan,45,27,118.0,80
37,斗六,2019-09-27,143,7,5.0,nan,53,19,143.0,81
38,崙背,2019-09-27,64,6,3.0,nan,39,14,64.0,62
39,新港,2019-09-27,67,3,3.0,nan,45,12,67.0,64
40,朴子,2019-09-27,87,7,5.0,nan,55,13,87.0,59
41,臺西,2019-09-27,49,7,nan,nan,37,14,nan,49
42,嘉義,2019-09-27,132,27,6.0,nan,54,19,132.0,78
43,新營,2019-09-27,104,7,5.0,nan,57,23,104.0,71
44,善化,2019-09-27,118,10,5.0,nan,56,12,118.0,69
45,安南,2019-09-27,100,6,5.0,nan,44,19,100.0,64
46,臺南,2019-09-27,93,7,6.0,nan,50,23,93.0,71
47,美濃,2019-09-27,151,6,6.0,nan,57,13,151.0,106
48,橋頭,2019-09-27,115,4,6.0,nan,53,24,115.0,85
49,仁武,2019-09-27,115,10,6.0,nan,54,26,115.0,94
50,鳳山,2019-09-27,89,10,7.0,nan,54,25,nan,89
51,大寮,2019-09-27,174,33,6.0,nan,57,19,174.0,108
52,林園,2019-09-27,154,11,5.0,nan,53,14,154.0,93
53,楠梓,2019-09-27,112,7,7.0,nan,55,26,112.0,90
54,左營,2019-09-27,115,10,5.0,nan,51,26,115.0,78
56,前金,2019-09-27,122,7,6.0,nan,54,18,122.0,84
57,前鎮,2019-09-27,80,10,nan,nan,52,26,nan,80
58,小港,2019-09-27,88,7,6.0,nan,46,44,84.0,88
59,屏東,2019-09-27,169,13,9.0,nan,64,24,169.0,107
60,潮州,2019-09-27,174,7,6.0,nan,59,10,174.0,111
61,恆春,2019-09-27,31,3,1.0,nan,5,2,31.0,17
62,臺東,2019-09-27,21,3,5.0,nan,13,11,21.0,19
63,花蓮,2019-09-27,24,3,3.0,nan,14,13,19.0,24
64,陽明,2019-09-27,39,3,1.0,nan,5,3,39.0,7
65,宜蘭,2019-09-27,27,3,5.0,nan,5,15,27.0,9
66,冬山,2019-09-27,22,4,3.0,nan,5,17,22.0,15
67,三重,2019-09-27,42,6,19.0,nan,17,42,nan,38
68,中壢,2019-09-27,30,4,9.0,nan,11,30,nan,24
69,竹山,2019-09-27,151,7,3.0,nan,50,12,151.0,88
70,永和,2019-09-27,25,3,8.0,nan,13,25,nan,14
71,復興,2019-09-27,88,9,8.0,nan,52,31,nan,88
72,埔里,2019-09-27,132,6,5.0,nan,41,17,132.0,85
75,馬祖,2019-09-27,101,4,2.0,nan,25,4,101.0,53
77,金門,2019-09-27,90,11,3.0,nan,45,11,90.0,71
78,馬公,2019-09-27,49,3,2.0,nan,29,3,49.0,40
80,關山,2019-09-27,24,3,nan,nan,11,8,16.0,24
83,麥寮,2019-09-27,78,6,nan,nan,78,13,nan,57
84,富貴角,2019-09-27,44,1,1.0,nan,24,2,44.0,25
41,臺西,2019-09-28,46,10,nan,nan,31.0,16,nan,46.0
1,基隆,2019-09-28,24,3,2.0,nan,16.0,13,24.0,19.0
84,富貴角,2019-09-28,36,1,1.0,nan,29.0,2,31.0,36.0
83,麥寮,2019-09-28,68,9,nan,nan,68.0,14,nan,56.0
80,關山,2019-09-28,19,1,nan,nan,5.0,4,19.0,9.0
78,馬公,2019-09-28,48,3,2.0,nan,31.0,3,46.0,48.0
77,金門,2019-09-28,11,9,2.0,nan,nan,11,nan,nan
75,馬祖,2019-09-28,143,4,2.0,nan,29.0,6,143.0,61.0
72,埔里,2019-09-28,74,4,3.0,nan,29.0,12,74.0,67.0
71,復興,2019-09-28,110,9,8.0,nan,54.0,23,nan,110.0
70,永和,2019-09-28,18,4,8.0,nan,5.0,18,nan,9.0
69,竹山,2019-09-28,93,4,3.0,nan,36.0,15,93.0,76.0
68,中壢,2019-09-28,20,4,10.0,nan,5.0,20,nan,19.0
67,三重,2019-09-28,31,6,18.0,nan,10.0,31,nan,31.0
66,冬山,2019-09-28,15,3,2.0,nan,5.0,9,15.0,8.0
65,宜蘭,2019-09-28,14,3,2.0,nan,5.0,9,14.0,3.0
64,陽明,2019-09-28,21,1,1.0,nan,5.0,1,21.0,8.0
63,花蓮,2019-09-28,19,3,2.0,nan,11.0,8,19.0,15.0
62,臺東,2019-09-28,19,7,2.0,nan,10.0,4,19.0,8.0
61,恆春,2019-09-28,24,4,1.0,nan,5.0,2,24.0,14.0
60,潮州,2019-09-28,146,7,5.0,nan,51.0,8,146.0,106.0
59,屏東,2019-09-28,177,9,8.0,105.0,62.0,17,177.0,117.0
58,小港,2019-09-28,154,39,6.0,nan,48.0,28,154.0,98.0
57,前鎮,2019-09-28,95,10,nan,nan,56.0,25,nan,95.0
56,前金,2019-09-28,159,9,6.0,nan,55.0,19,159.0,104.0
54,左營,2019-09-28,174,16,6.0,nan,58.0,26,174.0,109.0
53,楠梓,2019-09-28,154,11,6.0,nan,59.0,22,154.0,114.0
52,林園,2019-09-28,172,6,5.0,nan,52.0,7,172.0,94.0
51,大寮,2019-09-28,154,14,6.0,nan,57.0,17,154.0,117.0
50,鳳山,2019-09-28,110,10,7.0,nan,58.0,24,nan,110.0
49,仁武,2019-09-28,169,13,6.0,nan,60.0,16,169.0,123.0
48,橋頭,2019-09-28,156,10,6.0,nan,58.0,20,156.0,120.0
47,美濃,2019-09-28,126,3,6.0,nan,53.0,8,126.0,112.0
46,臺南,2019-09-28,108,6,6.0,nan,61.0,18,108.0,103.0
45,安南,2019-09-28,108,6,5.0,nan,56.0,19,108.0,91.0
44,善化,2019-09-28,112,9,3.0,nan,53.0,8,112.0,85.0
43,新營,2019-09-28,84,6,5.0,nan,57.0,16,84.0,81.0
42,嘉義,2019-09-28,80,6,5.0,nan,47.0,17,80.0,76.0
40,朴子,2019-09-28,58,7,5.0,nan,57.0,13,47.0,58.0
39,新港,2019-09-28,117,3,5.0,117.0,41.0,12,87.0,65.0
38,崙背,2019-09-28,51,6,3.0,nan,31.0,13,40.0,51.0
37,斗六,2019-09-28,93,9,5.0,nan,41.0,24,93.0,73.0
36,南投,2019-09-28,72,4,5.0,nan,38.0,15,67.0,72.0
35,二林,2019-09-28,48,7,3.0,nan,29.0,14,35.0,48.0
34,線西,2019-09-28,40,11,nan,nan,31.0,17,nan,40.0
33,彰化,2019-09-28,40,4,5.0,nan,25.0,20,34.0,40.0
32,西屯,2019-09-28,41,3,3.0,nan,22.0,19,41.0,41.0
31,忠明,2019-09-28,47,6,5.0,nan,23.0,19,41.0,47.0
30,大里,2019-09-28,57,7,6.0,nan,28.0,26,50.0,57.0
29,沙鹿,2019-09-28,39,4,2.0,nan,20.0,19,33.0,39.0
28,豐原,2019-09-28,48,3,5.0,nan,23.0,13,38.0,48.0
27,三義,2019-09-28,41,3,2.0,nan,17.0,12,30.0,41.0
26,苗栗,2019-09-28,29,7,3.0,nan,16.0,17,19.0,29.0
25,頭份,2019-09-28,26,6,nan,nan,12.0,21,nan,26.0
24,新竹,2019-09-28,26,4,3.0,nan,13.0,15,26.0,26.0
23,竹東,2019-09-28,22,4,2.0,nan,9.0,9,22.0,12.0
22,湖口,2019-09-28,28,7,2.0,nan,12.0,16,27.0,28.0
21,龍潭,2019-09-28,20,4,2.0,nan,5.0,12,20.0,11.0
20,平鎮,2019-09-28,21,6,5.0,nan,11.0,18,17.0,21.0
19,觀音,2019-09-28,36,14,1.0,nan,23.0,10,33.0,36.0
18,大園,2019-09-28,29,14,2.0,nan,16.0,21,29.0,29.0
17,桃園,2019-09-28,15,6,5.0,nan,5.0,13,13.0,15.0
16,大同,2019-09-28,29,4,16.0,nan,12.0,29,nan,29.0
15,松山,2019-09-28,17,3,3.0,nan,5.0,17,11.0,17.0
14,古亭,2019-09-28,15,3,2.0,nan,5.0,15,12.0,9.0
13,萬華,2019-09-28,20,3,5.0,nan,5.0,20,7.0,13.0
12,中山,2019-09-28,24,4,8.0,nan,5.0,24,7.0,14.0
11,士林,2019-09-28,22,3,5.0,nan,5.0,22,10.0,8.0
10,淡水,2019-09-28,17,4,5.0,nan,11.0,16,17.0,15.0
9,林口,2019-09-28,19,3,3.0,nan,5.0,14,17.0,19.0
8,菜寮,2019-09-28,23,3,8.0,nan,5.0,23,7.0,22.0
7,新莊,2019-09-28,27,4,5.0,nan,5.0,23,11.0,27.0
6,板橋,2019-09-28,19,4,6.0,nan,5.0,19,10.0,18.0
5,土城,2019-09-28,17,3,5.0,nan,5.0,17,12.0,10.0
4,新店,2019-09-28,20,3,6.0,nan,5.0,20,8.0,10.0
3,萬里,2019-09-28,28,4,1.0,nan,nan,7,28.0,26.0
2,汐止,2019-09-28,17,6,3.0,nan,5.0,17,13.0,15.0
84,富貴角,2019-09-29,42,1,1.0,nan,28.0,3,25.0,42.0
83,麥寮,2019-09-29,66,9,nan,nan,66.0,12,nan,49.0
80,關山,2019-09-29,19,3,nan,nan,19.0,3,11.0,13.0
78,馬公,2019-09-29,46,4,2.0,nan,28.0,6,39.0,46.0
77,金門,2019-09-29,37,6,3.0,nan,nan,8,37.0,nan
75,馬祖,2019-09-29,146,4,3.0,nan,43.0,7,146.0,83.0
72,埔里,2019-09-29,48,4,5.0,nan,20.0,13,48.0,45.0
71,復興,2019-09-29,91,9,6.0,nan,44.0,25,nan,91.0
1,基隆,2019-09-29,19,3,1.0,nan,19.0,6,19.0,18.0
70,永和,2019-09-29,12,4,7.0,nan,9.0,10,nan,12.0
69,竹山,2019-09-29,71,4,3.0,nan,34.0,16,71.0,70.0
68,中壢,2019-09-29,16,3,6.0,nan,5.0,12,nan,16.0
67,三重,2019-09-29,34,4,12.0,nan,13.0,18,nan,34.0
66,冬山,2019-09-29,14,3,1.0,nan,5.0,7,14.0,12.0
65,宜蘭,2019-09-29,15,4,2.0,nan,9.0,5,15.0,10.0
64,陽明,2019-09-29,16,3,1.0,nan,5.0,1,16.0,3.0
63,花蓮,2019-09-29,15,3,2.0,nan,9.0,8,15.0,15.0
62,臺東,2019-09-29,20,7,2.0,nan,20.0,3,13.0,10.0
61,恆春,2019-09-29,16,4,1.0,nan,9.0,2,16.0,12.0
60,潮州,2019-09-29,118,11,5.0,nan,42.0,10,118.0,85.0
59,屏東,2019-09-29,146,7,6.0,nan,48.0,15,146.0,89.0
58,小港,2019-09-29,86,19,5.0,nan,41.0,29,77.0,86.0
57,前鎮,2019-09-29,80,9,nan,nan,45.0,26,nan,80.0
56,前金,2019-09-29,93,9,6.0,nan,47.0,25,93.0,88.0
54,左營,2019-09-29,108,17,6.0,nan,51.0,26,108.0,89.0
53,楠梓,2019-09-29,108,14,5.0,nan,47.0,23,108.0,87.0
52,林園,2019-09-29,118,10,3.0,nan,49.0,10,118.0,89.0
51,大寮,2019-09-29,118,31,8.0,nan,51.0,25,118.0,104.0
50,鳳山,2019-09-29,85,14,6.0,nan,46.0,19,nan,85.0
49,仁武,2019-09-29,118,13,5.0,nan,49.0,20,118.0,98.0
48,橋頭,2019-09-29,115,7,6.0,nan,49.0,22,115.0,98.0
47,美濃,2019-09-29,81,4,5.0,nan,40.0,7,54.0,81.0
46,臺南,2019-09-29,88,7,6.0,nan,56.0,15,71.0,88.0
45,安南,2019-09-29,85,9,5.0,nan,51.0,13,74.0,85.0
44,善化,2019-09-29,87,9,3.0,nan,51.0,7,87.0,79.0
43,新營,2019-09-29,79,7,5.0,nan,56.0,11,54.0,79.0
42,嘉義,2019-09-29,77,7,5.0,nan,48.0,18,67.0,77.0
41,臺西,2019-09-29,31,9,nan,nan,31.0,12,nan,nan
40,朴子,2019-09-29,59,7,3.0,nan,56.0,10,37.0,59.0
39,新港,2019-09-29,68,3,3.0,nan,43.0,11,49.0,68.0
38,崙背,2019-09-29,52,7,3.0,nan,32.0,13,32.0,52.0
37,斗六,2019-09-29,73,4,3.0,nan,41.0,18,64.0,73.0
36,南投,2019-09-29,57,6,5.0,nan,31.0,20,48.0,57.0
35,二林,2019-09-29,48,7,3.0,nan,30.0,12,27.0,48.0
34,線西,2019-09-29,36,9,nan,nan,27.0,14,nan,36.0
33,彰化,2019-09-29,39,4,5.0,nan,24.0,16,30.0,39.0
32,西屯,2019-09-29,38,4,3.0,nan,19.0,16,34.0,38.0
31,忠明,2019-09-29,42,4,3.0,nan,22.0,16,33.0,42.0
30,大里,2019-09-29,57,6,6.0,nan,28.0,20,48.0,57.0
29,沙鹿,2019-09-29,38,4,2.0,nan,19.0,13,28.0,38.0
28,豐原,2019-09-29,46,4,3.0,nan,24.0,12,31.0,46.0
27,三義,2019-09-29,29,3,2.0,nan,14.0,9,28.0,29.0
26,苗栗,2019-09-29,24,9,2.0,nan,15.0,9,16.0,24.0
25,頭份,2019-09-29,21,4,nan,nan,10.0,16,nan,21.0
24,新竹,2019-09-29,23,4,2.0,nan,12.0,10,21.0,23.0
23,竹東,2019-09-29,16,1,1.0,nan,5.0,4,16.0,11.0
22,湖口,2019-09-29,18,3,1.0,nan,12.0,9,18.0,nan
21,龍潭,2019-09-29,15,4,2.0,nan,5.0,8,15.0,12.0
20,平鎮,2019-09-29,21,4,3.0,nan,9.0,11,16.0,21.0
19,觀音,2019-09-29,37,11,1.0,nan,22.0,11,26.0,37.0
18,大園,2019-09-29,31,10,2.0,nan,17.0,21,22.0,31.0
17,桃園,2019-09-29,16,4,3.0,nan,5.0,9,13.0,16.0
16,大同,2019-09-29,28,4,7.0,nan,12.0,17,nan,28.0
15,松山,2019-09-29,20,4,2.0,nan,5.0,10,13.0,20.0
14,古亭,2019-09-29,14,3,3.0,nan,5.0,11,13.0,14.0
13,萬華,2019-09-29,17,3,3.0,nan,9.0,16,10.0,17.0
12,中山,2019-09-29,18,3,5.0,nan,5.0,14,10.0,18.0
11,士林,2019-09-29,15,4,2.0,nan,5.0,13,15.0,6.0
10,淡水,2019-09-29,15,3,2.0,nan,5.0,9,15.0,14.0
9,林口,2019-09-29,14,3,2.0,nan,5.0,10,14.0,14.0
8,菜寮,2019-09-29,20,3,5.0,nan,5.0,14,13.0,20.0
7,新莊,2019-09-29,28,3,3.0,nan,5.0,13,15.0,28.0
6,板橋,2019-09-29,18,14,3.0,nan,5.0,14,14.0,18.0
5,土城,2019-09-29,14,4,3.0,nan,5.0,11,14.0,14.0
4,新店,2019-09-29,11,3,3.0,nan,5.0,10,9.0,11.0
3,萬里,2019-09-29,29,3,1.0,nan,27.0,7,23.0,29.0
2,汐止,2019-09-29,15,4,2.0,nan,9.0,10,15.0,13.0
80,關山,2019-09-30,16,3,nan,nan,5,4,16.0,9.0
2,汐止,2019-09-30,19,3,1.0,nan,12,5,19.0,11.0
3,萬里,2019-09-30,41,4,1.0,nan,41,3,21.0,30.0
4,新店,2019-09-30,16,3,2.0,nan,5,6,16.0,8.0
5,土城,2019-09-30,18,4,2.0,nan,5,5,18.0,12.0
6,板橋,2019-09-30,17,4,2.0,nan,9,8,17.0,16.0
7,新莊,2019-09-30,23,3,2.0,nan,5,8,18.0,23.0
8,菜寮,2019-09-30,17,3,2.0,nan,5,7,17.0,10.0
9,林口,2019-09-30,18,3,1.0,nan,5,4,18.0,13.0
10,淡水,2019-09-30,19,3,1.0,nan,11,2,19.0,11.0
84,富貴角,2019-09-30,29,3,1.0,nan,29,5,19.0,nan
11,士林,2019-09-30,20,3,1.0,nan,5,2,20.0,7.0
12,中山,2019-09-30,17,3,2.0,nan,5,10,17.0,12.0
13,萬華,2019-09-30,16,3,2.0,nan,5,9,16.0,13.0
14,古亭,2019-09-30,18,3,2.0,nan,5,8,18.0,13.0
15,松山,2019-09-30,19,3,1.0,nan,5,7,19.0,18.0
16,大同,2019-09-30,19,3,3.0,nan,9,12,nan,19.0
17,桃園,2019-09-30,16,4,3.0,nan,5,5,16.0,12.0
18,大園,2019-09-30,24,7,1.0,nan,18,11,19.0,24.0
19,觀音,2019-09-30,20,10,1.0,nan,20,8,17.0,19.0
20,平鎮,2019-09-30,19,3,2.0,nan,12,8,15.0,19.0
21,龍潭,2019-09-30,18,3,2.0,nan,5,6,18.0,14.0
22,湖口,2019-09-30,17,3,1.0,nan,10,5,17.0,15.0
23,竹東,2019-09-30,18,3,1.0,nan,5,4,18.0,9.0
24,新竹,2019-09-30,16,3,1.0,nan,10,6,16.0,16.0
25,頭份,2019-09-30,15,3,nan,nan,11,8,nan,15.0
26,苗栗,2019-09-30,15,4,2.0,nan,13,7,15.0,13.0
27,三義,2019-09-30,18,3,2.0,nan,9,5,18.0,10.0
28,豐原,2019-09-30,18,1,2.0,nan,13,8,18.0,17.0
29,沙鹿,2019-09-30,17,3,2.0,nan,16,9,17.0,16.0
30,大里,2019-09-30,36,6,8.0,nan,22,30,21.0,36.0
31,忠明,2019-09-30,24,6,5.0,nan,16,13,17.0,24.0
32,西屯,2019-09-30,19,3,3.0,nan,17,12,19.0,17.0
33,彰化,2019-09-30,19,4,6.0,nan,18,16,19.0,19.0
34,線西,2019-09-30,30,9,nan,nan,30,9,nan,20.0
35,二林,2019-09-30,27,6,3.0,nan,24,10,22.0,27.0
36,南投,2019-09-30,39,7,9.0,nan,23,23,15.0,39.0
37,斗六,2019-09-30,63,4,5.0,nan,42,17,39.0,63.0
1,基隆,2019-09-30,28,7,1.0,nan,28,4,19.0,20.0
38,崙背,2019-09-30,42,6,3.0,nan,42,9,27.0,36.0
39,新港,2019-09-30,56,3,5.0,nan,45,12,37.0,56.0
40,朴子,2019-09-30,59,3,5.0,nan,59,9,36.0,54.0
41,臺西,2019-09-30,44,4,nan,nan,44,8,nan,nan
42,嘉義,2019-09-30,71,7,5.0,nan,43,17,39.0,71.0
43,新營,2019-09-30,81,4,5.0,nan,53,14,43.0,81.0
44,善化,2019-09-30,80,10,3.0,nan,57,10,51.0,80.0
45,安南,2019-09-30,78,4,5.0,nan,58,21,44.0,78.0
46,臺南,2019-09-30,77,4,6.0,nan,61,24,44.0,77.0
47,美濃,2019-09-30,74,3,3.0,nan,39,8,32.0,74.0
48,橋頭,2019-09-30,85,6,5.0,nan,57,21,58.0,85.0
49,仁武,2019-09-30,88,17,5.0,nan,57,20,67.0,88.0
50,鳳山,2019-09-30,84,16,8.0,nan,58,26,nan,84.0
51,大寮,2019-09-30,90,10,6.0,nan,55,29,71.0,90.0
52,林園,2019-09-30,75,17,5.0,nan,51,21,61.0,75.0
53,楠梓,2019-09-30,83,6,5.0,nan,56,22,50.0,83.0
54,左營,2019-09-30,75,6,5.0,nan,52,19,58.0,75.0
56,前金,2019-09-30,83,7,3.0,nan,56,17,64.0,83.0
57,前鎮,2019-09-30,73,9,nan,nan,54,28,nan,73.0
58,小港,2019-09-30,73,10,5.0,nan,44,29,41.0,73.0
59,屏東,2019-09-30,90,6,7.0,nan,57,12,90.0,83.0
83,麥寮,2019-09-30,81,4,nan,nan,81,9,nan,41.0
60,潮州,2019-09-30,83,4,5.0,nan,52,13,54.0,83.0
61,恆春,2019-09-30,46,4,2.0,nan,34,5,36.0,46.0
62,臺東,2019-09-30,31,3,5.0,nan,31,10,16.0,16.0
63,花蓮,2019-09-30,19,4,1.0,nan,9,8,19.0,15.0
64,陽明,2019-09-30,18,3,1.0,nan,5,1,18.0,nan
65,宜蘭,2019-09-30,20,4,2.0,nan,14,5,20.0,15.0
66,冬山,2019-09-30,20,3,2.0,nan,17,11,20.0,16.0
67,三重,2019-09-30,23,3,8.0,nan,12,15,nan,23.0
68,中壢,2019-09-30,10,3,5.0,nan,5,9,nan,10.0
69,竹山,2019-09-30,60,4,3.0,nan,31,16,30.0,60.0
70,永和,2019-09-30,7,3,2.0,nan,5,7,nan,7.0
71,復興,2019-09-30,80,9,6.0,nan,52,25,nan,80.0
72,埔里,2019-09-30,32,4,3.0,nan,16,15,22.0,32.0
75,馬祖,2019-09-30,74,3,2.0,nan,29,5,74.0,62.0
77,金門,2019-09-30,45,7,1.0,nan,45,8,31.0,29.0
78,馬公,2019-09-30,40,3,1.0,nan,33,1,24.0,40.0
