siteid,sitename,monitordate,aqi,so2subindex,cosubindex,o3subindex,pm10subindex,no2subindex,o38subindex,pm25subindex
78,馬公,2021-08-01,33,0,1,nan,20.0,5,33.0,nan
64,陽明,2021-08-01,45,0,2,nan,10.0,7,45.0,17.0
1,基隆,2021-08-01,38,10,2,nan,16.0,38,28.0,19.0
2,汐止,2021-08-01,28,5,2,nan,16.0,28,24.0,21.0
5,土城,2021-08-01,50,2,6,nan,20.0,32,50.0,21.0
3,萬里,2021-08-01,35,0,2,nan,15.0,10,35.0,13.0
4,新店,2021-08-01,40,5,3,nan,17.0,22,40.0,18.0
63,花蓮,2021-08-01,20,5,2,nan,16.0,15,20.0,19.0
62,臺東,2021-08-01,24,2,2,nan,6.0,15,24.0,7.0
61,恆春,2021-08-01,32,2,1,nan,20.0,2,32.0,25.0
60,潮州,2021-08-01,31,0,2,nan,8.0,12,31.0,8.0
59,屏東,2021-08-01,38,5,3,nan,9.0,28,38.0,14.0
58,小港,2021-08-01,50,8,1,nan,19.0,50,19.0,27.0
57,前鎮,2021-08-01,28,5,3,nan,20.0,28,nan,18.0
56,前金,2021-08-01,40,2,1,nan,15.0,40,31.0,13.0
54,左營,2021-08-01,30,5,1,nan,10.0,20,30.0,18.0
53,楠梓,2021-08-01,29,5,2,nan,12.0,23,29.0,7.0
52,林園,2021-08-01,53,2,1,nan,53.0,15,32.0,36.0
51,大寮,2021-08-01,28,18,5,nan,15.0,20,28.0,17.0
50,鳳山,2021-08-01,25,8,5,nan,12.0,25,nan,23.0
49,仁武,2021-08-01,33,5,2,nan,11.0,17,33.0,14.0
48,橋頭,2021-08-01,31,8,1,nan,15.0,22,31.0,11.0
47,美濃,2021-08-01,33,5,2,nan,2.0,8,33.0,8.0
46,臺南,2021-08-01,33,2,2,nan,12.0,17,33.0,11.0
45,安南,2021-08-01,33,2,2,nan,9.0,27,33.0,12.0
44,善化,2021-08-01,35,2,1,nan,3.0,12,35.0,6.0
43,新營,2021-08-01,35,5,1,nan,6.0,7,35.0,12.0
42,嘉義,2021-08-01,35,2,2,nan,5.0,13,35.0,9.0
41,臺西,2021-08-01,14,2,1,nan,nan,7,nan,14.0
40,朴子,2021-08-01,32,2,2,nan,8.0,15,32.0,12.0
39,新港,2021-08-01,37,5,2,nan,5.0,13,37.0,13.0
38,崙背,2021-08-01,34,5,1,nan,8.0,13,34.0,20.0
37,斗六,2021-08-01,37,2,2,nan,5.0,13,37.0,12.0
36,南投,2021-08-01,32,2,2,nan,5.0,10,32.0,16.0
35,二林,2021-08-01,30,2,1,nan,6.0,5,30.0,10.0
34,線西,2021-08-01,12,2,1,nan,nan,12,nan,8.0
33,彰化,2021-08-01,34,8,1,nan,4.0,10,34.0,10.0
32,西屯,2021-08-01,34,2,2,nan,5.0,20,34.0,15.0
31,忠明,2021-08-01,32,2,2,nan,4.0,20,32.0,11.0
30,大里,2021-08-01,30,2,2,nan,5.0,17,30.0,12.0
29,沙鹿,2021-08-01,36,2,1,nan,3.0,10,36.0,3.0
28,豐原,2021-08-01,42,2,1,nan,4.0,7,42.0,7.0
27,三義,2021-08-01,37,2,1,nan,4.0,3,37.0,5.0
26,苗栗,2021-08-01,32,2,1,nan,4.0,10,32.0,6.0
25,頭份,2021-08-01,25,18,2,nan,7.0,25,nan,13.0
24,新竹,2021-08-01,37,5,2,nan,7.0,20,37.0,15.0
23,竹東,2021-08-01,33,0,2,nan,17.0,10,33.0,20.0
22,湖口,2021-08-01,43,5,2,nan,13.0,18,43.0,22.0
21,龍潭,2021-08-01,44,5,3,nan,17.0,28,44.0,31.0
20,平鎮,2021-08-01,48,8,3,nan,16.0,33,48.0,33.0
19,觀音,2021-08-01,42,2,1,nan,11.0,13,42.0,15.0
18,大園,2021-08-01,46,5,2,nan,15.0,32,46.0,27.0
17,桃園,2021-08-01,61,20,6,nan,nan,33,61.0,40.0
16,大同,2021-08-01,45,2,9,nan,17.0,45,nan,33.0
15,松山,2021-08-01,29,0,3,nan,14.0,28,29.0,20.0
14,古亭,2021-08-01,33,2,3,nan,14.0,32,33.0,24.0
13,萬華,2021-08-01,40,5,6,nan,16.0,40,33.0,28.0
12,中山,2021-08-01,33,2,5,nan,14.0,33,32.0,28.0
11,士林,2021-08-01,46,2,3,nan,18.0,25,46.0,30.0
10,淡水,2021-08-01,41,2,3,nan,22.0,23,41.0,26.0
9,林口,2021-08-01,47,5,5,nan,16.0,43,47.0,29.0
8,菜寮,2021-08-01,43,2,5,nan,15.0,43,41.0,35.0
7,新莊,2021-08-01,43,2,6,nan,19.0,35,43.0,33.0
6,板橋,2021-08-01,41,25,7,nan,18.0,33,41.0,26.0
85,大城,2021-08-01,34,2,1,nan,8.0,7,34.0,12.0
84,富貴角,2021-08-01,40,2,1,nan,19.0,8,40.0,16.0
83,麥寮,2021-08-01,14,2,2,nan,8.0,13,nan,14.0
80,關山,2021-08-01,21,2,1,nan,9.0,8,21.0,8.0
77,金門,2021-08-01,100,8,3,nan,25.0,18,100.0,48.0
75,馬祖,2021-08-01,58,2,1,nan,20.0,43,58.0,30.0
72,埔里,2021-08-01,36,2,1,nan,3.0,12,36.0,5.0
71,復興,2021-08-01,25,8,2,nan,16.0,25,nan,18.0
70,永和,2021-08-01,43,0,9,nan,15.0,43,nan,27.0
69,竹山,2021-08-01,31,5,1,nan,7.0,13,31.0,15.0
68,中壢,2021-08-01,50,5,10,nan,19.0,50,nan,34.0
67,三重,2021-08-01,57,2,12,nan,18.0,57,nan,33.0
66,冬山,2021-08-01,28,2,5,nan,16.0,25,28.0,11.0
65,宜蘭,2021-08-01,31,5,1,nan,10.0,5,31.0,13.0
33,彰化,2021-08-02,33,15,5,nan,9.0,30,33.0,17.0
15,松山,2021-08-02,50,2,7,nan,20.0,50,49.0,35.0
14,古亭,2021-08-02,48,2,5,nan,20.0,35,48.0,32.0
13,萬華,2021-08-02,57,8,8,nan,22.0,57,42.0,41.0
12,中山,2021-08-02,56,5,8,nan,nan,56,44.0,38.0
11,士林,2021-08-02,71,5,3,nan,20.0,32,71.0,31.0
68,中壢,2021-08-02,55,2,11,nan,19.0,55,nan,37.0
10,淡水,2021-08-02,44,2,2,nan,19.0,22,44.0,22.0
9,林口,2021-08-02,49,5,2,nan,16.0,33,49.0,32.0
1,基隆,2021-08-02,46,5,5,nan,22.0,30,46.0,33.0
8,菜寮,2021-08-02,53,8,7,nan,21.0,53,50.0,45.0
67,三重,2021-08-02,60,8,15,nan,24.0,60,nan,47.0
32,西屯,2021-08-02,55,5,5,nan,14.0,55,25.0,31.0
7,新莊,2021-08-02,47,18,6,nan,24.0,45,47.0,44.0
66,冬山,2021-08-02,35,5,2,nan,21.0,13,35.0,19.0
31,忠明,2021-08-02,59,2,9,nan,12.0,59,26.0,31.0
6,板橋,2021-08-02,45,5,6,nan,nan,45,44.0,37.0
65,宜蘭,2021-08-02,33,8,2,nan,15.0,12,33.0,20.0
30,大里,2021-08-02,54,2,6,nan,13.0,54,22.0,25.0
64,陽明,2021-08-02,44,0,1,nan,8.0,8,44.0,19.0
63,花蓮,2021-08-02,25,2,1,nan,21.0,15,25.0,18.0
62,臺東,2021-08-02,27,2,3,nan,13.0,27,27.0,12.0
2,汐止,2021-08-02,51,8,5,nan,24.0,51,41.0,37.0
19,觀音,2021-08-02,40,2,1,nan,9.0,10,40.0,15.0
61,恆春,2021-08-02,33,0,1,nan,12.0,2,33.0,13.0
3,萬里,2021-08-02,58,2,2,nan,23.0,25,58.0,29.0
60,潮州,2021-08-02,32,0,5,nan,5.0,32,25.0,10.0
29,沙鹿,2021-08-02,32,2,3,nan,8.0,32,31.0,12.0
59,屏東,2021-08-02,38,2,6,nan,9.0,38,30.0,22.0
18,大園,2021-08-02,44,8,2,nan,12.0,23,44.0,20.0
58,小港,2021-08-02,58,15,5,nan,17.0,58,20.0,32.0
4,新店,2021-08-02,48,2,5,nan,22.0,33,48.0,26.0
5,土城,2021-08-02,55,2,6,nan,26.0,55,47.0,32.0
57,前鎮,2021-08-02,55,2,11,nan,16.0,55,nan,24.0
28,豐原,2021-08-02,38,2,5,nan,12.0,38,38.0,24.0
56,前金,2021-08-02,55,5,8,nan,16.0,55,25.0,20.0
54,左營,2021-08-02,57,5,8,nan,11.0,57,25.0,23.0
53,楠梓,2021-08-02,53,10,5,nan,12.0,53,21.0,17.0
52,林園,2021-08-02,32,2,2,nan,26.0,18,28.0,32.0
51,大寮,2021-08-02,43,18,3,nan,14.0,43,23.0,30.0
27,三義,2021-08-02,35,2,2,nan,8.0,15,35.0,12.0
50,鳳山,2021-08-02,52,5,8,nan,10.0,52,nan,30.0
49,仁武,2021-08-02,47,2,5,nan,11.0,47,26.0,24.0
48,橋頭,2021-08-02,53,5,3,nan,11.0,53,23.0,23.0
47,美濃,2021-08-02,26,5,2,nan,4.0,8,26.0,9.0
26,苗栗,2021-08-02,27,2,2,nan,8.0,20,27.0,18.0
46,臺南,2021-08-02,45,2,5,nan,11.0,45,21.0,17.0
25,頭份,2021-08-02,38,12,3,nan,9.0,38,nan,19.0
45,安南,2021-08-02,38,5,6,nan,16.0,38,22.0,29.0
16,大同,2021-08-02,68,10,39,nan,nan,68,nan,49.0
85,大城,2021-08-02,34,2,1,nan,11.0,12,34.0,21.0
44,善化,2021-08-02,25,5,1,nan,5.0,18,25.0,11.0
17,桃園,2021-08-02,47,10,5,nan,nan,33,47.0,35.0
84,富貴角,2021-08-02,58,2,2,nan,18.0,17,58.0,17.0
43,新營,2021-08-02,28,2,2,nan,9.0,18,28.0,20.0
83,麥寮,2021-08-02,30,2,2,nan,12.0,30,nan,18.0
42,嘉義,2021-08-02,25,2,3,nan,8.0,22,25.0,14.0
24,新竹,2021-08-02,31,0,3,nan,9.0,28,31.0,18.0
80,關山,2021-08-02,24,2,1,nan,20.0,10,24.0,13.0
41,臺西,2021-08-02,28,5,2,nan,11.0,28,nan,19.0
40,朴子,2021-08-02,27,5,3,nan,10.0,27,26.0,18.0
78,馬公,2021-08-02,90,5,3,nan,25.0,18,90.0,nan
39,新港,2021-08-02,32,15,2,nan,9.0,27,32.0,19.0
77,金門,2021-08-02,101,2,3,nan,23.0,27,101.0,46.0
38,崙背,2021-08-02,33,2,1,nan,11.0,10,33.0,23.0
75,馬祖,2021-08-02,58,2,2,nan,16.0,27,58.0,29.0
37,斗六,2021-08-02,28,2,3,nan,11.0,27,28.0,24.0
72,埔里,2021-08-02,24,2,2,nan,10.0,18,24.0,20.0
23,竹東,2021-08-02,31,5,2,nan,17.0,22,31.0,25.0
71,復興,2021-08-02,55,5,9,nan,13.0,55,nan,28.0
36,南投,2021-08-02,27,2,3,nan,12.0,27,21.0,27.0
22,湖口,2021-08-02,35,5,2,nan,14.0,32,35.0,28.0
35,二林,2021-08-02,29,2,1,nan,15.0,8,29.0,18.0
70,永和,2021-08-02,55,2,15,nan,nan,55,nan,39.0
21,龍潭,2021-08-02,40,0,2,nan,15.0,22,40.0,27.0
69,竹山,2021-08-02,24,2,2,nan,12.0,20,18.0,24.0
20,平鎮,2021-08-02,32,2,3,nan,15.0,32,32.0,31.0
34,線西,2021-08-02,18,2,2,nan,6.0,18,nan,17.0
57,前鎮,2021-08-03,43,2,6,nan,15.0,43,nan,21.0
1,基隆,2021-08-03,45,8,5,nan,24.0,32,33.0,45.0
2,汐止,2021-08-03,60,2,5,nan,23.0,60,23.0,39.0
3,萬里,2021-08-03,54,8,2,nan,21.0,25,54.0,39.0
4,新店,2021-08-03,47,5,5,nan,21.0,47,34.0,30.0
5,土城,2021-08-03,45,2,5,nan,24.0,45,29.0,30.0
6,板橋,2021-08-03,57,5,6,nan,nan,57,35.0,43.0
7,新莊,2021-08-03,49,25,5,nan,27.0,47,44.0,49.0
8,菜寮,2021-08-03,48,10,6,nan,21.0,47,43.0,48.0
9,林口,2021-08-03,49,12,2,nan,20.0,25,49.0,41.0
10,淡水,2021-08-03,45,5,3,nan,23.0,27,45.0,39.0
11,士林,2021-08-03,46,5,3,nan,23.0,33,31.0,46.0
12,中山,2021-08-03,59,5,8,nan,nan,59,34.0,45.0
13,萬華,2021-08-03,55,5,6,nan,23.0,55,34.0,42.0
14,古亭,2021-08-03,43,2,5,nan,20.0,43,31.0,33.0
15,松山,2021-08-03,51,2,6,nan,22.0,51,29.0,43.0
16,大同,2021-08-03,60,8,25,nan,nan,60,nan,56.0
17,桃園,2021-08-03,49,5,3,nan,nan,27,49.0,45.0
18,大園,2021-08-03,50,5,2,nan,19.0,45,50.0,44.0
19,觀音,2021-08-03,50,5,2,nan,16.0,22,50.0,34.0
20,平鎮,2021-08-03,50,8,3,nan,23.0,32,48.0,50.0
21,龍潭,2021-08-03,49,10,3,nan,22.0,28,49.0,39.0
22,湖口,2021-08-03,54,5,3,nan,22.0,28,54.0,46.0
23,竹東,2021-08-03,46,0,3,nan,22.0,15,46.0,37.0
24,新竹,2021-08-03,48,5,3,nan,20.0,28,48.0,40.0
25,頭份,2021-08-03,37,10,2,nan,20.0,27,nan,37.0
26,苗栗,2021-08-03,61,5,2,nan,19.0,22,61.0,37.0
27,三義,2021-08-03,45,2,2,nan,17.0,13,45.0,30.0
28,豐原,2021-08-03,44,2,3,nan,16.0,15,44.0,28.0
29,沙鹿,2021-08-03,50,2,2,nan,16.0,20,50.0,31.0
30,大里,2021-08-03,45,5,6,nan,20.0,45,44.0,40.0
31,忠明,2021-08-03,55,2,6,nan,19.0,55,45.0,41.0
32,西屯,2021-08-03,49,5,3,nan,22.0,45,42.0,49.0
33,彰化,2021-08-03,46,20,2,nan,17.0,22,46.0,38.0
34,線西,2021-08-03,40,2,2,nan,22.0,20,nan,40.0
35,二林,2021-08-03,51,5,2,nan,18.0,12,51.0,33.0
36,南投,2021-08-03,44,8,2,nan,17.0,18,44.0,33.0
37,斗六,2021-08-03,45,2,3,nan,15.0,13,45.0,30.0
38,崙背,2021-08-03,48,5,2,nan,16.0,10,48.0,37.0
39,新港,2021-08-03,51,8,2,nan,14.0,18,51.0,30.0
40,朴子,2021-08-03,44,2,2,nan,16.0,13,44.0,31.0
41,臺西,2021-08-03,33,5,2,nan,18.0,17,nan,33.0
42,嘉義,2021-08-03,43,2,2,nan,13.0,12,43.0,24.0
43,新營,2021-08-03,38,5,2,nan,13.0,15,38.0,26.0
44,善化,2021-08-03,36,2,1,nan,11.0,22,36.0,21.0
85,大城,2021-08-03,58,5,1,nan,19.0,10,58.0,40.0
84,富貴角,2021-08-03,54,2,2,nan,18.0,15,54.0,30.0
83,麥寮,2021-08-03,34,2,2,nan,18.0,33,nan,34.0
80,關山,2021-08-03,29,2,2,nan,21.0,7,29.0,14.0
78,馬公,2021-08-03,49,5,2,nan,17.0,15,49.0,nan
77,金門,2021-08-03,97,2,3,nan,23.0,25,97.0,48.0
75,馬祖,2021-08-03,32,5,2,nan,11.0,30,32.0,23.0
72,埔里,2021-08-03,33,2,2,nan,14.0,15,33.0,24.0
71,復興,2021-08-03,38,2,6,nan,11.0,38,nan,22.0
70,永和,2021-08-03,52,2,12,nan,nan,52,nan,40.0
69,竹山,2021-08-03,39,2,2,nan,18.0,22,39.0,31.0
68,中壢,2021-08-03,48,5,11,nan,21.0,48,nan,47.0
45,安南,2021-08-03,32,5,5,nan,18.0,25,29.0,32.0
67,三重,2021-08-03,66,12,18,nan,26.0,66,nan,55.0
46,臺南,2021-08-03,39,5,2,nan,13.0,23,39.0,20.0
66,冬山,2021-08-03,37,5,6,nan,22.0,37,27.0,23.0
47,美濃,2021-08-03,35,5,2,nan,8.0,7,35.0,15.0
48,橋頭,2021-08-03,35,2,3,nan,13.0,35,30.0,22.0
65,宜蘭,2021-08-03,41,2,2,nan,15.0,10,41.0,25.0
49,仁武,2021-08-03,32,2,3,nan,12.0,32,32.0,21.0
64,陽明,2021-08-03,44,2,2,nan,12.0,8,44.0,20.0
50,鳳山,2021-08-03,30,30,5,nan,11.0,30,nan,29.0
63,花蓮,2021-08-03,33,5,2,nan,21.0,15,33.0,21.0
51,大寮,2021-08-03,28,8,2,nan,14.0,20,28.0,23.0
52,林園,2021-08-03,35,5,2,nan,23.0,20,35.0,35.0
62,臺東,2021-08-03,28,2,2,nan,22.0,15,28.0,15.0
61,恆春,2021-08-03,35,2,1,nan,13.0,3,35.0,16.0
60,潮州,2021-08-03,26,2,2,nan,8.0,12,26.0,9.0
53,楠梓,2021-08-03,50,5,3,nan,13.0,50,28.0,21.0
59,屏東,2021-08-03,36,5,3,nan,12.0,27,36.0,24.0
54,左營,2021-08-03,37,5,3,nan,11.0,37,30.0,24.0
58,小港,2021-08-03,54,18,3,nan,15.0,54,21.0,32.0
56,前金,2021-08-03,37,5,3,nan,13.0,37,31.0,17.0
45,安南,2021-08-04,30,5,3,nan,14.0,30,28.0,23.0
46,臺南,2021-08-04,28,2,2,nan,12.0,25,28.0,20.0
56,前金,2021-08-04,37,18,5,nan,19.0,37,24.0,23.0
39,新港,2021-08-04,32,8,2,nan,10.0,15,32.0,17.0
57,前鎮,2021-08-04,47,28,10,nan,23.0,47,nan,30.0
47,美濃,2021-08-04,30,2,1,nan,7.0,7,30.0,11.0
58,小港,2021-08-04,58,58,12,nan,38.0,51,20.0,52.0
59,屏東,2021-08-04,29,5,2,nan,13.0,15,29.0,21.0
42,嘉義,2021-08-04,28,5,2,nan,10.0,18,28.0,11.0
60,潮州,2021-08-04,28,10,2,nan,11.0,8,28.0,13.0
61,恆春,2021-08-04,36,2,1,nan,24.0,3,36.0,25.0
48,橋頭,2021-08-04,37,8,2,nan,15.0,37,27.0,25.0
62,臺東,2021-08-04,22,2,2,nan,14.0,13,22.0,18.0
38,崙背,2021-08-04,31,8,1,nan,12.0,10,31.0,21.0
49,仁武,2021-08-04,30,5,2,nan,15.0,28,30.0,26.0
63,花蓮,2021-08-04,34,2,2,nan,18.0,20,34.0,17.0
43,新營,2021-08-04,33,2,1,nan,9.0,8,33.0,18.0
64,陽明,2021-08-04,31,2,1,nan,8.0,3,31.0,17.0
1,基隆,2021-08-04,35,2,3,nan,18.0,35,32.0,21.0
2,汐止,2021-08-04,45,8,2,nan,17.0,45,25.0,19.0
3,萬里,2021-08-04,38,2,1,nan,20.0,18,38.0,13.0
50,鳳山,2021-08-04,29,2,5,nan,15.0,22,nan,29.0
4,新店,2021-08-04,28,5,3,nan,15.0,25,28.0,16.0
5,土城,2021-08-04,55,2,5,nan,16.0,55,32.0,12.0
6,板橋,2021-08-04,47,5,6,nan,nan,47,32.0,15.0
7,新莊,2021-08-04,52,2,5,nan,18.0,52,33.0,29.0
8,菜寮,2021-08-04,42,2,6,nan,12.0,42,31.0,23.0
65,宜蘭,2021-08-04,34,8,2,nan,11.0,15,34.0,16.0
9,林口,2021-08-04,50,2,3,nan,11.0,50,30.0,23.0
10,淡水,2021-08-04,33,2,5,nan,20.0,33,31.0,22.0
11,士林,2021-08-04,29,2,3,nan,16.0,28,29.0,22.0
12,中山,2021-08-04,45,5,6,nan,nan,45,25.0,21.0
40,朴子,2021-08-04,29,2,1,nan,11.0,12,29.0,21.0
13,萬華,2021-08-04,48,5,5,nan,14.0,48,28.0,21.0
14,古亭,2021-08-04,32,5,3,nan,14.0,32,29.0,18.0
66,冬山,2021-08-04,34,2,2,nan,14.0,17,34.0,12.0
15,松山,2021-08-04,40,8,3,nan,15.0,40,28.0,21.0
16,大同,2021-08-04,62,5,23,nan,nan,62,nan,38.0
51,大寮,2021-08-04,32,18,1,nan,20.0,17,32.0,27.0
17,桃園,2021-08-04,47,35,6,nan,16.0,47,38.0,28.0
44,善化,2021-08-04,31,2,0,nan,8.0,8,31.0,11.0
18,大園,2021-08-04,42,10,3,nan,14.0,42,32.0,25.0
67,三重,2021-08-04,62,2,17,nan,21.0,62,nan,33.0
19,觀音,2021-08-04,38,8,3,nan,16.0,38,37.0,28.0
52,林園,2021-08-04,44,2,1,nan,44.0,10,39.0,38.0
68,中壢,2021-08-04,55,5,14,nan,16.0,55,nan,26.0
20,平鎮,2021-08-04,40,5,3,nan,13.0,28,40.0,25.0
37,斗六,2021-08-04,28,5,2,nan,11.0,20,28.0,15.0
21,龍潭,2021-08-04,50,2,3,nan,14.0,23,50.0,19.0
69,竹山,2021-08-04,25,2,1,nan,14.0,18,25.0,20.0
41,臺西,2021-08-04,16,5,1,nan,10.0,7,nan,16.0
22,湖口,2021-08-04,48,5,2,nan,16.0,37,48.0,26.0
53,楠梓,2021-08-04,45,8,3,nan,16.0,45,19.0,21.0
23,竹東,2021-08-04,45,2,2,nan,15.0,15,45.0,17.0
70,永和,2021-08-04,43,0,10,nan,nan,43,nan,21.0
24,新竹,2021-08-04,43,2,3,nan,15.0,32,43.0,25.0
54,左營,2021-08-04,37,5,3,nan,14.0,37,29.0,31.0
25,頭份,2021-08-04,32,5,2,nan,16.0,32,nan,22.0
71,復興,2021-08-04,35,25,6,nan,18.0,35,nan,35.0
26,苗栗,2021-08-04,41,5,2,nan,12.0,18,41.0,16.0
72,埔里,2021-08-04,28,2,1,nan,13.0,12,28.0,19.0
27,三義,2021-08-04,43,2,2,nan,11.0,13,43.0,14.0
28,豐原,2021-08-04,37,2,2,nan,15.0,22,37.0,20.0
75,馬祖,2021-08-04,44,0,1,nan,11.0,10,44.0,20.0
29,沙鹿,2021-08-04,34,2,2,nan,13.0,13,34.0,14.0
77,金門,2021-08-04,36,2,2,nan,15.0,15,36.0,23.0
30,大里,2021-08-04,32,2,3,nan,16.0,23,32.0,26.0
78,馬公,2021-08-04,35,0,2,nan,16.0,13,35.0,nan
31,忠明,2021-08-04,42,0,3,nan,13.0,42,32.0,22.0
80,關山,2021-08-04,19,2,1,nan,17.0,8,19.0,11.0
32,西屯,2021-08-04,45,2,2,nan,15.0,45,33.0,27.0
83,麥寮,2021-08-04,20,2,2,nan,11.0,20,nan,17.0
84,富貴角,2021-08-04,42,2,1,nan,21.0,8,42.0,14.0
33,彰化,2021-08-04,34,10,2,nan,12.0,27,34.0,21.0
34,線西,2021-08-04,40,20,1,nan,15.0,40,nan,20.0
85,大城,2021-08-04,31,2,1,nan,12.0,8,31.0,19.0
35,二林,2021-08-04,35,5,1,nan,16.0,10,35.0,18.0
36,南投,2021-08-04,29,5,2,nan,15.0,23,29.0,23.0
60,潮州,2021-08-05,34,0,2,nan,15.0,10,34.0,24
16,大同,2021-08-05,59,5,15,nan,nan,59,nan,32
17,桃園,2021-08-05,57,30,8,nan,24.0,57,31.0,41
18,大園,2021-08-05,54,8,7,nan,20.0,54,31.0,32
59,屏東,2021-08-05,38,5,2,nan,13.0,22,38.0,26
19,觀音,2021-08-05,52,10,6,nan,19.0,52,33.0,35
37,斗六,2021-08-05,37,2,2,nan,11.0,22,37.0,19
58,小港,2021-08-05,55,55,6,nan,33.0,48,34.0,45
57,前鎮,2021-08-05,52,32,7,nan,25.0,52,nan,30
20,平鎮,2021-08-05,51,5,6,nan,17.0,51,27.0,35
21,龍潭,2021-08-05,33,2,3,nan,17.0,33,30.0,21
49,仁武,2021-08-05,37,2,3,nan,15.0,32,37.0,28
22,湖口,2021-08-05,30,5,5,nan,20.0,30,27.0,29
56,前金,2021-08-05,39,18,3,nan,26.0,30,39.0,30
23,竹東,2021-08-05,25,2,2,nan,18.0,20,25.0,17
47,美濃,2021-08-05,41,2,2,nan,8.0,8,41.0,16
24,新竹,2021-08-05,52,2,6,nan,17.0,52,26.0,33
54,左營,2021-08-05,41,2,3,nan,18.0,33,41.0,31
25,頭份,2021-08-05,25,15,3,nan,18.0,25,nan,16
41,臺西,2021-08-05,23,5,1,nan,12.0,7,nan,23
26,苗栗,2021-08-05,27,2,3,nan,15.0,27,25.0,11
27,三義,2021-08-05,32,2,2,nan,14.0,17,32.0,6
28,豐原,2021-08-05,31,2,2,nan,13.0,17,31.0,13
53,楠梓,2021-08-05,51,8,3,nan,17.0,51,35.0,23
29,沙鹿,2021-08-05,31,2,2,nan,12.0,25,31.0,17
35,二林,2021-08-05,42,5,2,nan,16.0,18,42.0,27
43,新營,2021-08-05,40,2,1,nan,12.0,10,40.0,28
52,林園,2021-08-05,53,2,1,nan,53.0,5,44.0,49
30,大里,2021-08-05,42,5,6,nan,18.0,42,19.0,25
45,安南,2021-08-05,36,5,3,nan,19.0,27,36.0,31
31,忠明,2021-08-05,52,2,7,nan,13.0,52,24.0,25
38,崙背,2021-08-05,40,2,2,nan,17.0,17,40.0,33
32,西屯,2021-08-05,52,2,6,nan,16.0,52,19.0,26
33,彰化,2021-08-05,33,10,2,nan,14.0,22,33.0,19
34,線西,2021-08-05,30,15,2,nan,15.0,30,nan,29
51,大寮,2021-08-05,41,2,1,nan,19.0,10,41.0,20
46,臺南,2021-08-05,41,2,2,nan,18.0,22,41.0,29
85,大城,2021-08-05,39,5,1,nan,16.0,13,39.0,27
84,富貴角,2021-08-05,44,5,1,nan,28.0,5,44.0,17
83,麥寮,2021-08-05,29,5,2,nan,13.0,27,nan,29
80,關山,2021-08-05,23,5,1,nan,23.0,10,18.0,11
78,馬公,2021-08-05,48,0,2,nan,26.0,5,48.0,35
77,金門,2021-08-05,41,2,1,nan,17.0,7,41.0,20
75,馬祖,2021-08-05,43,2,1,nan,14.0,12,43.0,18
72,埔里,2021-08-05,20,2,2,nan,13.0,17,20.0,18
71,復興,2021-08-05,45,12,5,nan,19.0,45,nan,31
70,永和,2021-08-05,59,2,14,nan,nan,59,nan,29
69,竹山,2021-08-05,20,2,2,nan,13.0,17,15.0,20
44,善化,2021-08-05,36,2,1,nan,11.0,10,36.0,21
68,中壢,2021-08-05,60,5,19,nan,21.0,60,nan,38
50,鳳山,2021-08-05,35,10,5,nan,17.0,35,nan,33
67,三重,2021-08-05,60,8,15,nan,24.0,60,nan,36
48,橋頭,2021-08-05,41,5,2,nan,18.0,28,41.0,29
1,基隆,2021-08-05,32,5,5,nan,23.0,32,32.0,27
66,冬山,2021-08-05,32,5,3,nan,26.0,23,32.0,23
2,汐止,2021-08-05,47,8,3,nan,22.0,47,35.0,25
36,南投,2021-08-05,20,5,3,nan,13.0,20,17.0,17
3,萬里,2021-08-05,38,2,2,nan,28.0,18,38.0,20
4,新店,2021-08-05,48,8,5,nan,21.0,48,34.0,26
65,宜蘭,2021-08-05,34,12,2,nan,20.0,18,34.0,21
5,土城,2021-08-05,55,8,6,nan,22.0,55,34.0,18
39,新港,2021-08-05,42,5,2,nan,11.0,18,42.0,23
64,陽明,2021-08-05,34,8,1,nan,5.0,13,34.0,15
6,板橋,2021-08-05,60,2,8,nan,nan,60,34.0,25
63,花蓮,2021-08-05,25,2,3,nan,22.0,25,23.0,18
7,新莊,2021-08-05,57,5,7,nan,20.0,57,33.0,33
8,菜寮,2021-08-05,56,5,7,nan,17.0,56,21.0,32
42,嘉義,2021-08-05,42,2,2,nan,10.0,18,42.0,19
9,林口,2021-08-05,57,8,6,nan,14.0,57,31.0,25
10,淡水,2021-08-05,31,2,3,nan,23.0,25,31.0,20
11,士林,2021-08-05,37,5,3,nan,20.0,37,35.0,28
12,中山,2021-08-05,58,5,9,nan,nan,58,32.0,32
62,臺東,2021-08-05,26,2,3,nan,26.0,25,26.0,26
13,萬華,2021-08-05,61,5,9,nan,19.0,61,31.0,28
61,恆春,2021-08-05,44,2,1,nan,37.0,5,41.0,44
40,朴子,2021-08-05,37,2,2,nan,12.0,10,37.0,28
14,古亭,2021-08-05,52,2,6,nan,19.0,52,19.0,26
15,松山,2021-08-05,53,8,6,nan,20.0,53,37.0,28
61,恆春,2021-08-06,49,2,1,nan,39.0,3,38.0,49.0
1,基隆,2021-08-06,38,2,5,nan,20.0,38,14.0,28.0
2,汐止,2021-08-06,52,5,5,nan,18.0,52,6.0,25.0
3,萬里,2021-08-06,23,2,2,nan,22.0,23,19.0,19.0
4,新店,2021-08-06,35,2,6,nan,22.0,35,7.0,23.0
5,土城,2021-08-06,43,0,6,nan,21.0,43,11.0,16.0
6,板橋,2021-08-06,55,2,8,nan,17.0,55,14.0,20.0
7,新莊,2021-08-06,53,12,7,nan,19.0,53,16.0,36.0
8,菜寮,2021-08-06,50,5,7,nan,14.0,50,20.0,33.0
9,林口,2021-08-06,55,5,5,nan,15.0,55,20.0,31.0
10,淡水,2021-08-06,47,0,7,nan,27.0,47,4.0,27.0
11,士林,2021-08-06,48,2,6,nan,19.0,48,16.0,30.0
12,中山,2021-08-06,52,5,8,nan,18.0,52,19.0,31.0
13,萬華,2021-08-06,53,5,7,nan,14.0,53,18.0,28.0
14,古亭,2021-08-06,52,2,6,nan,16.0,52,16.0,21.0
15,松山,2021-08-06,52,5,6,nan,17.0,52,12.0,29.0
16,大同,2021-08-06,55,5,22,nan,nan,55,nan,33.0
17,桃園,2021-08-06,53,22,9,nan,19.0,53,13.0,36.0
18,大園,2021-08-06,59,8,6,nan,17.0,59,11.0,37.0
19,觀音,2021-08-06,55,10,6,nan,16.0,55,13.0,42.0
20,平鎮,2021-08-06,47,5,7,nan,15.0,47,12.0,31.0
21,龍潭,2021-08-06,33,0,3,nan,13.0,33,9.0,18.0
22,湖口,2021-08-06,37,5,3,nan,15.0,37,10.0,26.0
23,竹東,2021-08-06,15,0,2,nan,13.0,15,9.0,13.0
24,新竹,2021-08-06,40,0,5,nan,10.0,40,13.0,22.0
25,頭份,2021-08-06,22,10,2,nan,12.0,22,nan,14.0
26,苗栗,2021-08-06,23,2,2,nan,11.0,22,23.0,12.0
27,三義,2021-08-06,37,2,1,nan,9.0,10,37.0,12.0
28,豐原,2021-08-06,36,2,2,nan,9.0,18,36.0,14.0
29,沙鹿,2021-08-06,36,2,1,nan,8.0,17,36.0,12.0
30,大里,2021-08-06,31,2,5,nan,12.0,28,31.0,19.0
31,忠明,2021-08-06,37,2,3,nan,10.0,37,32.0,20.0
32,西屯,2021-08-06,45,5,2,nan,12.0,45,28.0,23.0
33,彰化,2021-08-06,37,12,1,nan,9.0,18,37.0,17.0
34,線西,2021-08-06,22,2,1,nan,10.0,12,nan,22.0
35,二林,2021-08-06,40,5,1,nan,11.0,5,40.0,nan
36,南投,2021-08-06,26,5,2,nan,11.0,23,26.0,22.0
37,斗六,2021-08-06,37,2,1,nan,16.0,27,37.0,32.0
38,崙背,2021-08-06,38,2,1,nan,14.0,8,38.0,29.0
39,新港,2021-08-06,41,2,2,nan,14.0,10,41.0,25.0
40,朴子,2021-08-06,36,2,2,nan,18.0,12,36.0,26.0
41,臺西,2021-08-06,17,2,1,nan,14.0,2,nan,17.0
42,嘉義,2021-08-06,37,2,1,nan,13.0,8,37.0,23.0
43,新營,2021-08-06,37,0,2,nan,19.0,13,37.0,33.0
44,善化,2021-08-06,33,5,2,nan,20.0,15,33.0,29.0
45,安南,2021-08-06,37,5,2,nan,27.0,13,37.0,33.0
46,臺南,2021-08-06,40,5,2,nan,29.0,17,40.0,33.0
47,美濃,2021-08-06,35,5,2,nan,18.0,8,35.0,29.0
48,橋頭,2021-08-06,41,8,1,nan,31.0,20,39.0,41.0
49,仁武,2021-08-06,41,2,2,nan,30.0,23,34.0,41.0
50,鳳山,2021-08-06,45,5,5,nan,34.0,30,nan,45.0
51,大寮,2021-08-06,36,2,2,nan,34.0,13,36.0,34.0
52,林園,2021-08-06,61,2,1,nan,60.0,3,42.0,61.0
53,楠梓,2021-08-06,35,15,2,nan,30.0,32,35.0,33.0
54,左營,2021-08-06,41,2,2,nan,31.0,20,38.0,41.0
56,前金,2021-08-06,41,5,1,nan,39.0,15,37.0,41.0
57,前鎮,2021-08-06,43,2,3,nan,40.0,27,nan,43.0
58,小港,2021-08-06,58,42,5,nan,38.0,58,31.0,52.0
59,屏東,2021-08-06,39,5,3,nan,28.0,27,31.0,39.0
60,潮州,2021-08-06,33,0,2,nan,29.0,15,31.0,33.0
62,臺東,2021-08-06,28,2,3,nan,25.0,18,19.0,28.0
63,花蓮,2021-08-06,28,2,2,nan,25.0,28,6.0,22.0
64,陽明,2021-08-06,35,0,1,nan,6.0,8,35.0,12.0
65,宜蘭,2021-08-06,29,0,2,nan,23.0,13,15.0,29.0
66,冬山,2021-08-06,37,2,3,nan,36.0,37,8.0,28.0
67,三重,2021-08-06,59,5,18,nan,19.0,59,nan,39.0
68,中壢,2021-08-06,52,5,16,nan,17.0,52,nan,34.0
69,竹山,2021-08-06,31,2,2,nan,12.0,18,31.0,23.0
70,永和,2021-08-06,53,2,11,nan,17.0,53,nan,31.0
71,復興,2021-08-06,49,2,2,nan,33.0,15,nan,49.0
72,埔里,2021-08-06,20,2,3,nan,10.0,20,13.0,14.0
75,馬祖,2021-08-06,40,2,1,nan,17.0,3,40.0,21.0
77,金門,2021-08-06,32,0,2,nan,7.0,13,32.0,7.0
78,馬公,2021-08-06,45,0,2,nan,28.0,3,45.0,25.0
80,關山,2021-08-06,26,2,2,nan,26.0,12,8.0,14.0
83,麥寮,2021-08-06,26,2,2,nan,13.0,8,nan,26.0
84,富貴角,2021-08-06,34,0,2,nan,22.0,25,34.0,16.0
85,大城,2021-08-06,42,2,1,nan,12.0,5,42.0,21.0
3,萬里,2021-08-07,29,2,3,nan,10.0,22.0,29.0,11.0
2,汐止,2021-08-07,42,0,3,nan,8.0,42.0,20.0,15.0
1,基隆,2021-08-07,42,2,5,nan,9.0,42.0,25.0,19.0
52,林園,2021-08-07,37,5,1,nan,nan,8.0,37.0,nan
51,大寮,2021-08-07,32,18,3,nan,28.0,25.0,30.0,32.0
61,恆春,2021-08-07,46,2,1,nan,36.0,0.0,37.0,46.0
50,鳳山,2021-08-07,37,2,5,nan,24.0,28.0,nan,37.0
60,潮州,2021-08-07,31,2,3,nan,nan,20.0,31.0,29.0
49,仁武,2021-08-07,39,0,1,nan,21.0,17.0,39.0,34.0
59,屏東,2021-08-07,36,5,3,nan,19.0,30.0,36.0,35.0
48,橋頭,2021-08-07,41,2,1,nan,27.0,10.0,41.0,31.0
47,美濃,2021-08-07,39,5,2,nan,11.0,8.0,39.0,24.0
46,臺南,2021-08-07,36,0,2,nan,26.0,17.0,36.0,29.0
45,安南,2021-08-07,39,2,2,nan,25.0,8.0,39.0,33.0
44,善化,2021-08-07,40,5,1,nan,21.0,25.0,37.0,40.0
43,新營,2021-08-07,46,0,2,nan,25.0,13.0,42.0,46.0
42,嘉義,2021-08-07,42,2,2,nan,19.0,10.0,42.0,32.0
63,花蓮,2021-08-07,30,2,5,nan,15.0,30.0,20.0,19.0
65,宜蘭,2021-08-07,28,2,2,nan,8.0,20.0,28.0,16.0
41,臺西,2021-08-07,37,2,2,nan,25.0,nan,nan,37.0
64,陽明,2021-08-07,35,0,1,nan,1.0,15.0,35.0,6.0
40,朴子,2021-08-07,45,2,3,nan,30.0,13.0,38.0,45.0
39,新港,2021-08-07,48,2,2,nan,21.0,10.0,48.0,42.0
38,崙背,2021-08-07,43,2,2,nan,23.0,12.0,43.0,42.0
66,冬山,2021-08-07,35,10,3,nan,19.0,35.0,19.0,16.0
37,斗六,2021-08-07,40,2,3,nan,16.0,18.0,40.0,38.0
67,三重,2021-08-07,59,2,17,nan,12.0,59.0,nan,30.0
36,南投,2021-08-07,33,5,3,nan,9.0,23.0,33.0,25.0
58,小港,2021-08-07,38,2,1,nan,32.0,25.0,33.0,38.0
35,二林,2021-08-07,38,2,2,nan,21.0,15.0,38.0,nan
34,線西,2021-08-07,27,2,2,nan,15.0,27.0,nan,19.0
68,中壢,2021-08-07,45,2,8,nan,7.0,45.0,nan,16.0
33,彰化,2021-08-07,33,5,2,nan,8.0,20.0,33.0,19.0
69,竹山,2021-08-07,38,2,2,nan,12.0,20.0,38.0,32.0
32,西屯,2021-08-07,47,2,5,nan,11.0,47.0,31.0,22.0
31,忠明,2021-08-07,37,2,6,nan,8.0,37.0,32.0,21.0
57,前鎮,2021-08-07,33,2,2,nan,32.0,30.0,nan,33.0
70,永和,2021-08-07,45,0,8,nan,9.0,45.0,nan,15.0
30,大里,2021-08-07,42,5,6,nan,10.0,42.0,33.0,27.0
29,沙鹿,2021-08-07,52,8,5,nan,10.0,52.0,32.0,18.0
71,復興,2021-08-07,35,2,2,nan,25.0,22.0,nan,35.0
28,豐原,2021-08-07,33,5,3,nan,6.0,23.0,33.0,13.0
27,三義,2021-08-07,33,2,1,nan,3.0,12.0,33.0,8.0
56,前金,2021-08-07,38,2,1,nan,30.0,8.0,38.0,31.0
26,苗栗,2021-08-07,32,2,2,nan,3.0,17.0,32.0,5.0
25,頭份,2021-08-07,20,8,2,nan,3.0,20.0,nan,3.0
72,埔里,2021-08-07,27,2,2,nan,2.0,10.0,27.0,11.0
62,臺東,2021-08-07,31,2,2,nan,21.0,28.0,31.0,25.0
24,新竹,2021-08-07,32,2,2,nan,5.0,22.0,32.0,15.0
23,竹東,2021-08-07,33,0,2,nan,3.0,10.0,33.0,4.0
75,馬祖,2021-08-07,41,2,1,nan,6.0,18.0,41.0,16.0
77,金門,2021-08-07,97,12,2,nan,27.0,20.0,97.0,44.0
22,湖口,2021-08-07,36,2,2,nan,6.0,17.0,36.0,18.0
21,龍潭,2021-08-07,34,0,2,nan,2.0,23.0,34.0,8.0
78,馬公,2021-08-07,71,2,2,nan,29.0,12.0,71.0,52.0
54,左營,2021-08-07,39,2,1,nan,22.0,5.0,39.0,33.0
80,關山,2021-08-07,21,0,2,nan,14.0,13.0,21.0,10.0
83,麥寮,2021-08-07,36,2,2,nan,24.0,12.0,nan,36.0
84,富貴角,2021-08-07,42,0,1,nan,13.0,7.0,42.0,10.0
85,大城,2021-08-07,43,12,1,nan,20.0,27.0,43.0,34.0
20,平鎮,2021-08-07,31,2,3,nan,5.0,30.0,31.0,16.0
19,觀音,2021-08-07,35,5,2,nan,6.0,20.0,35.0,18.0
18,大園,2021-08-07,43,2,3,nan,6.0,43.0,31.0,18.0
17,桃園,2021-08-07,29,5,5,nan,4.0,25.0,29.0,20.0
16,大同,2021-08-07,55,2,15,nan,13.0,55.0,nan,25.0
15,松山,2021-08-07,50,2,6,nan,6.0,50.0,19.0,17.0
14,古亭,2021-08-07,40,2,3,nan,5.0,40.0,26.0,11.0
53,楠梓,2021-08-07,37,2,1,nan,23.0,12.0,37.0,23.0
13,萬華,2021-08-07,48,5,6,nan,8.0,48.0,21.0,21.0
12,中山,2021-08-07,52,2,8,nan,9.0,52.0,15.0,19.0
11,士林,2021-08-07,43,2,3,nan,8.0,43.0,29.0,17.0
10,淡水,2021-08-07,28,0,2,nan,12.0,28.0,28.0,14.0
9,林口,2021-08-07,37,2,2,nan,3.0,37.0,33.0,10.0
8,菜寮,2021-08-07,50,5,6,nan,6.0,50.0,24.0,24.0
7,新莊,2021-08-07,40,8,3,nan,7.0,40.0,31.0,20.0
6,板橋,2021-08-07,35,5,6,nan,7.0,35.0,28.0,11.0
5,土城,2021-08-07,40,2,3,nan,4.0,40.0,30.0,5.0
4,新店,2021-08-07,31,2,3,nan,9.0,27.0,31.0,8.0
53,楠梓,2021-08-08,47,5,5,nan,13.0,47.0,28.0,20
33,彰化,2021-08-08,39,15,1,nan,13.0,12.0,39.0,22
35,二林,2021-08-08,37,2,2,nan,18.0,18.0,37.0,29
13,萬華,2021-08-08,46,10,5,nan,22.0,37.0,46.0,45
14,古亭,2021-08-08,58,10,3,nan,20.0,23.0,58.0,40
15,松山,2021-08-08,58,8,3,nan,20.0,27.0,58.0,46
16,大同,2021-08-08,44,5,11,nan,24.0,42.0,nan,44
31,忠明,2021-08-08,38,5,3,nan,11.0,37.0,38.0,30
17,桃園,2021-08-08,50,15,5,nan,20.0,28.0,50.0,47
18,大園,2021-08-08,48,20,2,nan,19.0,17.0,48.0,40
6,板橋,2021-08-08,61,12,5,nan,23.0,22.0,61.0,39
19,觀音,2021-08-08,47,2,1,nan,18.0,13.0,47.0,27
20,平鎮,2021-08-08,47,18,2,nan,20.0,22.0,47.0,44
21,龍潭,2021-08-08,48,8,2,nan,17.0,15.0,48.0,33
30,大里,2021-08-08,38,2,3,nan,15.0,23.0,38.0,30
22,湖口,2021-08-08,48,20,2,nan,19.0,28.0,48.0,38
23,竹東,2021-08-08,44,2,2,nan,16.0,10.0,44.0,27
24,新竹,2021-08-08,44,10,3,nan,18.0,27.0,43.0,44
77,金門,2021-08-08,67,2,2,nan,33.0,12.0,67.0,62
1,基隆,2021-08-08,58,2,3,nan,22.0,18.0,58.0,38
25,頭份,2021-08-08,25,10,2,nan,13.0,20.0,nan,25
29,沙鹿,2021-08-08,40,2,2,nan,12.0,15.0,40.0,19
26,苗栗,2021-08-08,43,5,1,nan,11.0,7.0,43.0,26
27,三義,2021-08-08,37,2,1,nan,11.0,7.0,37.0,17
28,豐原,2021-08-08,35,2,2,nan,12.0,8.0,35.0,25
12,中山,2021-08-08,46,8,7,nan,22.0,28.0,44.0,46
45,安南,2021-08-08,33,2,5,nan,15.0,17.0,33.0,30
71,復興,2021-08-08,47,5,9,nan,13.0,47.0,nan,31
37,斗六,2021-08-08,36,2,2,nan,11.0,10.0,36.0,25
44,善化,2021-08-08,28,2,2,nan,11.0,18.0,28.0,18
54,左營,2021-08-08,37,5,6,nan,12.0,37.0,31.0,30
65,宜蘭,2021-08-08,42,2,2,nan,20.0,8.0,42.0,34
5,土城,2021-08-08,67,12,3,nan,21.0,15.0,67.0,32
51,大寮,2021-08-08,31,25,6,nan,18.0,20.0,26.0,31
43,新營,2021-08-08,32,2,2,nan,13.0,12.0,32.0,29
50,鳳山,2021-08-08,33,2,8,nan,12.0,32.0,nan,33
52,林園,2021-08-08,44,5,2,nan,28.0,15.0,33.0,44
75,馬祖,2021-08-08,87,2,2,nan,23.0,30.0,87.0,44
36,南投,2021-08-08,37,2,2,nan,14.0,10.0,37.0,30
4,新店,2021-08-08,58,10,2,nan,22.0,22.0,58.0,36
47,美濃,2021-08-08,35,2,2,nan,6.0,8.0,35.0,15
10,淡水,2021-08-08,45,0,2,nan,24.0,13.0,45.0,35
66,冬山,2021-08-08,33,5,3,nan,30.0,33.0,31.0,28
56,前金,2021-08-08,42,5,6,nan,16.0,42.0,31.0,27
11,士林,2021-08-08,54,8,5,nan,25.0,25.0,54.0,43
9,林口,2021-08-08,50,18,1,nan,18.0,20.0,50.0,42
69,竹山,2021-08-08,35,2,1,nan,13.0,10.0,35.0,25
42,嘉義,2021-08-08,33,2,1,nan,9.0,7.0,33.0,17
67,三重,2021-08-08,47,8,11,nan,25.0,47.0,nan,47
3,萬里,2021-08-08,54,2,2,nan,22.0,8.0,54.0,37
34,線西,2021-08-08,27,8,2,nan,14.0,13.0,nan,27
70,永和,2021-08-08,44,8,8,nan,23.0,30.0,nan,44
41,臺西,2021-08-08,32,8,2,nan,19.0,nan,nan,32
2,汐止,2021-08-08,51,8,2,nan,22.0,25.0,51.0,43
49,仁武,2021-08-08,31,2,5,nan,13.0,30.0,31.0,28
57,前鎮,2021-08-08,42,5,7,nan,17.0,42.0,nan,26
58,小港,2021-08-08,52,12,3,nan,15.0,52.0,25.0,35
72,埔里,2021-08-08,31,2,2,nan,9.0,8.0,31.0,20
40,朴子,2021-08-08,31,2,2,nan,17.0,10.0,31.0,28
46,臺南,2021-08-08,29,0,3,nan,13.0,25.0,29.0,19
59,屏東,2021-08-08,28,5,5,nan,11.0,23.0,28.0,26
60,潮州,2021-08-08,27,0,2,nan,nan,17.0,27.0,19
85,大城,2021-08-08,35,5,1,nan,18.0,8.0,35.0,32
39,新港,2021-08-08,37,2,2,nan,15.0,8.0,37.0,28
84,富貴角,2021-08-08,71,2,1,nan,29.0,12.0,71.0,34
61,恆春,2021-08-08,38,2,1,nan,13.0,3.0,38.0,17
8,菜寮,2021-08-08,49,15,6,nan,21.0,38.0,48.0,49
83,麥寮,2021-08-08,32,2,2,nan,20.0,10.0,nan,32
80,關山,2021-08-08,26,2,2,nan,16.0,8.0,26.0,19
62,臺東,2021-08-08,27,0,3,nan,20.0,13.0,27.0,26
38,崙背,2021-08-08,35,5,2,nan,17.0,10.0,34.0,35
78,馬公,2021-08-08,41,2,2,nan,22.0,8.0,41.0,37
7,新莊,2021-08-08,54,10,3,nan,25.0,27.0,54.0,53
63,花蓮,2021-08-08,40,5,2,nan,19.0,17.0,40.0,28
48,橋頭,2021-08-08,33,0,3,nan,14.0,22.0,33.0,24
64,陽明,2021-08-08,44,2,2,nan,14.0,7.0,44.0,35
68,中壢,2021-08-08,44,15,6,nan,20.0,27.0,nan,44
32,西屯,2021-08-08,37,2,2,nan,13.0,35.0,37.0,28
44,善化,2021-08-09,63,2,2,nan,8,63,22.0,11
43,新營,2021-08-09,32,2,3,nan,9,32,23.0,21
42,嘉義,2021-08-09,27,2,2,nan,6,27,25.0,12
41,臺西,2021-08-09,16,5,2,nan,9,13,nan,16
40,朴子,2021-08-09,27,2,5,nan,11,27,24.0,19
39,新港,2021-08-09,29,2,2,nan,9,28,29.0,16
38,崙背,2021-08-09,26,8,2,nan,13,20,26.0,26
37,斗六,2021-08-09,25,2,2,nan,8,17,25.0,16
36,南投,2021-08-09,27,5,2,nan,12,20,27.0,24
35,二林,2021-08-09,31,2,2,nan,11,20,31.0,21
34,線西,2021-08-09,22,2,2,nan,9,22,nan,20
33,彰化,2021-08-09,30,30,3,nan,10,23,28.0,17
32,西屯,2021-08-09,35,5,2,nan,11,35,25.0,20
1,基隆,2021-08-09,40,8,3,nan,22,40,30.0,38
31,忠明,2021-08-09,32,5,3,nan,11,32,28.0,21
30,大里,2021-08-09,33,5,3,nan,17,33,25.0,31
29,沙鹿,2021-08-09,28,5,2,nan,9,20,28.0,10
28,豐原,2021-08-09,27,2,2,nan,9,15,27.0,14
27,三義,2021-08-09,29,2,1,nan,10,12,29.0,12
26,苗栗,2021-08-09,31,2,1,nan,9,13,31.0,14
25,頭份,2021-08-09,23,18,2,nan,12,23,nan,17
24,新竹,2021-08-09,34,5,3,nan,14,25,34.0,29
23,竹東,2021-08-09,31,5,2,nan,15,15,31.0,22
22,湖口,2021-08-09,39,8,2,nan,17,25,39.0,29
21,龍潭,2021-08-09,44,2,3,nan,18,42,44.0,36
20,平鎮,2021-08-09,47,5,5,nan,20,47,43.0,41
19,觀音,2021-08-09,44,2,1,nan,16,20,44.0,22
18,大園,2021-08-09,50,10,3,nan,22,50,38.0,34
17,桃園,2021-08-09,54,22,8,nan,24,54,42.0,51
16,大同,2021-08-09,55,8,15,nan,23,55,nan,45
15,松山,2021-08-09,52,8,6,nan,23,52,31.0,40
14,古亭,2021-08-09,43,2,5,nan,22,43,36.0,37
13,萬華,2021-08-09,56,5,6,nan,22,56,31.0,40
12,中山,2021-08-09,55,5,8,nan,21,55,29.0,43
11,士林,2021-08-09,39,2,5,nan,23,35,39.0,39
10,淡水,2021-08-09,40,2,5,nan,24,30,40.0,36
9,林口,2021-08-09,44,2,3,nan,23,38,41.0,44
8,菜寮,2021-08-09,52,2,7,nan,21,52,41.0,46
7,新莊,2021-08-09,54,2,8,nan,25,54,40.0,50
6,板橋,2021-08-09,47,2,6,nan,24,47,41.0,35
5,土城,2021-08-09,44,5,5,nan,22,35,44.0,29
4,新店,2021-08-09,38,5,3,nan,22,28,38.0,33
3,萬里,2021-08-09,37,0,1,nan,21,13,37.0,25
2,汐止,2021-08-09,38,8,3,nan,21,37,29.0,38
69,竹山,2021-08-09,26,5,1,nan,11,17,26.0,19
70,永和,2021-08-09,43,2,9,nan,22,43,nan,40
71,復興,2021-08-09,56,10,11,nan,19,56,nan,48
68,中壢,2021-08-09,54,5,12,nan,23,54,nan,44
72,埔里,2021-08-09,25,2,2,nan,11,10,25.0,17
67,三重,2021-08-09,57,5,15,nan,24,57,nan,47
75,馬祖,2021-08-09,41,0,1,nan,22,22,41.0,38
66,冬山,2021-08-09,36,2,3,nan,32,23,36.0,34
77,金門,2021-08-09,41,8,1,nan,30,13,35.0,41
65,宜蘭,2021-08-09,41,2,2,nan,22,10,41.0,34
64,陽明,2021-08-09,37,2,2,nan,17,5,37.0,28
78,馬公,2021-08-09,32,2,2,nan,13,22,32.0,24
63,花蓮,2021-08-09,37,0,2,nan,18,10,37.0,20
62,臺東,2021-08-09,29,2,1,nan,25,10,27.0,29
80,關山,2021-08-09,27,2,1,nan,22,7,27.0,21
61,恆春,2021-08-09,30,5,1,nan,21,3,24.0,30
83,麥寮,2021-08-09,19,2,3,nan,12,17,nan,19
60,潮州,2021-08-09,77,77,3,nan,14,37,22.0,23
84,富貴角,2021-08-09,45,5,1,nan,29,5,45.0,31
85,大城,2021-08-09,29,2,1,nan,11,8,29.0,16
59,屏東,2021-08-09,52,5,6,nan,15,52,24.0,30
58,小港,2021-08-09,58,18,6,nan,30,58,19.0,55
57,前鎮,2021-08-09,56,8,11,nan,23,56,nan,43
56,前金,2021-08-09,48,8,9,nan,21,48,20.0,36
54,左營,2021-08-09,52,8,9,nan,18,52,22.0,42
53,楠梓,2021-08-09,55,5,7,nan,20,55,19.0,33
52,林園,2021-08-09,57,8,2,nan,51,50,24.0,57
51,大寮,2021-08-09,55,8,5,nan,23,55,19.0,40
50,鳳山,2021-08-09,60,8,17,nan,21,60,nan,45
49,仁武,2021-08-09,59,8,9,nan,20,59,20.0,44
48,橋頭,2021-08-09,36,5,5,nan,20,32,22.0,36
47,美濃,2021-08-09,26,2,1,nan,5,8,26.0,9
46,臺南,2021-08-09,42,2,7,nan,12,42,25.0,25
45,安南,2021-08-09,52,5,10,nan,16,52,24.0,28
12,中山,2021-08-10,52,5,8,nan,22,52,41.0,41
14,古亭,2021-08-10,50,5,3,nan,18,28,50.0,32
52,林園,2021-08-10,42,10,2,nan,26,42,19.0,39
51,大寮,2021-08-10,44,30,3,nan,29,37,17.0,44
32,西屯,2021-08-10,43,5,5,nan,22,43,31.0,30
50,鳳山,2021-08-10,47,10,10,nan,18,47,nan,33
17,桃園,2021-08-10,45,42,6,nan,24,45,39.0,39
31,忠明,2021-08-10,52,2,6,nan,17,52,33.0,28
49,仁武,2021-08-10,48,8,6,nan,20,48,17.0,36
16,大同,2021-08-10,62,5,27,nan,28,62,nan,49
48,橋頭,2021-08-10,42,8,5,nan,23,42,18.0,33
30,大里,2021-08-10,35,5,6,nan,23,35,34.0,32
47,美濃,2021-08-10,24,2,1,nan,11,7,24.0,16
29,沙鹿,2021-08-10,37,2,3,nan,18,37,34.0,21
46,臺南,2021-08-10,35,5,6,nan,18,35,20.0,29
45,安南,2021-08-10,54,8,7,nan,32,37,19.0,54
15,松山,2021-08-10,45,10,6,nan,22,45,40.0,40
28,豐原,2021-08-10,38,2,2,nan,19,12,38.0,25
27,三義,2021-08-10,37,8,1,nan,18,13,37.0,21
44,善化,2021-08-10,23,5,1,nan,12,20,23.0,15
43,新營,2021-08-10,33,5,3,nan,16,33,23.0,27
26,苗栗,2021-08-10,41,2,1,nan,17,18,41.0,22
13,萬華,2021-08-10,44,5,6,nan,20,40,44.0,33
42,嘉義,2021-08-10,30,5,2,nan,13,30,19.0,18
25,頭份,2021-08-10,27,10,2,nan,18,27,nan,23
63,花蓮,2021-08-10,30,10,1,nan,20,17,27.0,30
39,新港,2021-08-10,32,5,2,nan,17,23,32.0,26
64,陽明,2021-08-10,42,2,2,nan,15,8,42.0,30
19,觀音,2021-08-10,35,10,2,nan,19,28,33.0,35
65,宜蘭,2021-08-10,37,2,1,nan,17,8,37.0,24
21,龍潭,2021-08-10,40,2,2,nan,16,23,40.0,30
66,冬山,2021-08-10,36,2,2,nan,24,33,36.0,23
35,二林,2021-08-10,31,5,2,nan,23,17,31.0,29
67,三重,2021-08-10,62,8,16,nan,24,62,nan,44
58,小港,2021-08-10,55,30,6,nan,28,55,13.0,39
60,潮州,2021-08-10,27,22,3,nan,14,27,19.0,22
68,中壢,2021-08-10,51,5,14,nan,23,51,nan,42
24,新竹,2021-08-10,36,5,3,nan,17,35,34.0,36
69,竹山,2021-08-10,31,5,1,nan,17,17,31.0,22
41,臺西,2021-08-10,25,5,2,nan,18,20,nan,25
57,前鎮,2021-08-10,52,12,8,nan,29,52,nan,43
37,斗六,2021-08-10,33,8,2,nan,16,20,33.0,24
70,永和,2021-08-10,54,2,14,nan,20,54,nan,35
20,平鎮,2021-08-10,41,5,3,nan,21,35,38.0,41
59,屏東,2021-08-10,32,5,5,nan,19,32,19.0,31
71,復興,2021-08-10,52,20,8,nan,20,52,nan,46
36,南投,2021-08-10,31,10,2,nan,19,22,31.0,24
23,竹東,2021-08-10,39,2,2,nan,16,15,39.0,23
38,崙背,2021-08-10,38,5,2,nan,19,18,29.0,38
72,埔里,2021-08-10,29,2,2,nan,13,13,29.0,18
62,臺東,2021-08-10,21,2,1,nan,21,8,19.0,19
18,大園,2021-08-10,52,10,3,nan,22,52,36.0,39
1,基隆,2021-08-10,58,8,3,nan,25,23,58.0,40
34,線西,2021-08-10,33,5,3,nan,23,32,nan,33
11,士林,2021-08-10,44,5,3,nan,24,37,44.0,37
75,馬祖,2021-08-10,41,2,1,nan,24,30,35.0,41
2,汐止,2021-08-10,43,10,5,nan,25,43,36.0,39
77,金門,2021-08-10,29,5,1,nan,23,15,22.0,29
56,前金,2021-08-10,51,12,6,nan,23,51,11.0,38
3,萬里,2021-08-10,67,8,2,nan,26,17,67.0,35
4,新店,2021-08-10,33,2,3,nan,19,25,33.0,27
78,馬公,2021-08-10,42,12,2,nan,16,42,21.0,33
22,湖口,2021-08-10,36,5,2,nan,19,30,36.0,34
54,左營,2021-08-10,50,12,5,nan,20,50,13.0,42
80,關山,2021-08-10,20,2,1,nan,17,7,20.0,17
61,恆春,2021-08-10,19,2,1,nan,10,3,19.0,16
5,土城,2021-08-10,49,5,6,nan,25,40,49.0,27
6,板橋,2021-08-10,49,2,5,nan,20,33,49.0,31
83,麥寮,2021-08-10,31,10,2,nan,21,23,nan,31
40,朴子,2021-08-10,31,5,3,nan,21,30,26.0,31
33,彰化,2021-08-10,33,25,2,nan,21,25,33.0,28
84,富貴角,2021-08-10,49,5,2,nan,24,10,49.0,36
7,新莊,2021-08-10,43,10,5,nan,21,40,43.0,39
85,大城,2021-08-10,30,5,1,nan,21,13,30.0,30
8,菜寮,2021-08-10,42,8,5,nan,17,42,41.0,38
53,楠梓,2021-08-10,42,12,6,nan,22,42,15.0,30
9,林口,2021-08-10,55,8,3,nan,19,55,34.0,36
10,淡水,2021-08-10,37,5,3,nan,27,28,32.0,37
8,菜寮,2021-08-11,45,22,7,nan,23.0,43,44.0,45
37,斗六,2021-08-11,32,5,2,nan,14.0,20,32.0,20
38,崙背,2021-08-11,26,5,2,nan,18.0,20,24.0,26
39,新港,2021-08-11,23,12,2,nan,15.0,13,23.0,18
40,朴子,2021-08-11,31,8,2,nan,19.0,20,20.0,31
41,臺西,2021-08-11,28,5,2,nan,14.0,28,nan,23
42,嘉義,2021-08-11,31,2,1,nan,12.0,10,31.0,16
43,新營,2021-08-11,31,2,2,nan,15.0,12,31.0,27
44,善化,2021-08-11,29,5,1,nan,13.0,13,29.0,22
45,安南,2021-08-11,26,10,3,nan,17.0,22,26.0,22
46,臺南,2021-08-11,28,10,2,nan,13.0,28,24.0,20
7,新莊,2021-08-11,43,12,5,nan,26.0,40,42.0,43
47,美濃,2021-08-11,34,2,1,nan,12.0,8,34.0,20
48,橋頭,2021-08-11,32,15,2,nan,17.0,32,24.0,19
49,仁武,2021-08-11,28,8,2,nan,14.0,28,25.0,25
50,鳳山,2021-08-11,29,10,5,nan,15.0,23,nan,29
51,大寮,2021-08-11,40,40,2,nan,26.0,25,21.0,37
52,林園,2021-08-11,27,8,1,nan,17.0,13,22.0,27
6,板橋,2021-08-11,48,5,6,nan,23.0,38,48.0,33
53,楠梓,2021-08-11,32,18,3,nan,16.0,32,22.0,18
54,左營,2021-08-11,28,15,3,nan,13.0,28,23.0,27
56,前金,2021-08-11,33,15,3,nan,14.0,33,23.0,21
57,前鎮,2021-08-11,27,10,6,nan,17.0,27,nan,27
58,小港,2021-08-11,33,8,3,nan,22.0,32,18.0,33
59,屏東,2021-08-11,32,15,2,nan,16.0,17,32.0,24
60,潮州,2021-08-11,22,2,2,nan,11.0,12,22.0,17
61,恆春,2021-08-11,19,2,0,nan,10.0,3,19.0,12
62,臺東,2021-08-11,21,5,1,nan,15.0,17,21.0,16
63,花蓮,2021-08-11,27,12,1,nan,16.0,10,27.0,21
64,陽明,2021-08-11,31,0,1,nan,15.0,10,31.0,30
65,宜蘭,2021-08-11,34,8,2,nan,19.0,7,34.0,28
5,土城,2021-08-11,51,5,5,nan,25.0,32,51.0,30
66,冬山,2021-08-11,31,2,2,nan,23.0,23,31.0,24
4,新店,2021-08-11,54,2,3,nan,24.0,28,54.0,28
67,三重,2021-08-11,59,15,14,nan,26.0,59,nan,44
68,中壢,2021-08-11,43,5,10,nan,18.0,43,nan,33
69,竹山,2021-08-11,33,2,1,nan,14.0,18,33.0,22
3,萬里,2021-08-11,48,8,2,nan,25.0,13,48.0,33
70,永和,2021-08-11,51,2,12,nan,25.0,51,nan,40
71,復興,2021-08-11,32,12,5,nan,13.0,32,nan,30
72,埔里,2021-08-11,28,2,1,nan,11.0,8,28.0,18
75,馬祖,2021-08-11,33,2,1,nan,19.0,30,33.0,31
77,金門,2021-08-11,23,5,1,nan,17.0,17,23.0,23
78,馬公,2021-08-11,23,2,1,nan,10.0,20,23.0,15
80,關山,2021-08-11,19,2,1,nan,16.0,5,19.0,10
83,麥寮,2021-08-11,24,8,2,nan,18.0,23,nan,24
84,富貴角,2021-08-11,44,2,1,nan,22.0,20,44.0,29
2,汐止,2021-08-11,46,18,3,nan,27.0,42,46.0,42
85,大城,2021-08-11,26,8,2,nan,18.0,18,26.0,26
1,基隆,2021-08-11,45,5,3,nan,23.0,23,45.0,40
12,中山,2021-08-11,45,10,6,nan,24.0,45,42.0,40
13,萬華,2021-08-11,45,5,6,nan,22.0,45,44.0,37
14,古亭,2021-08-11,61,5,5,nan,21.0,33,61.0,36
11,士林,2021-08-11,42,8,5,nan,25.0,40,42.0,42
15,松山,2021-08-11,54,8,6,nan,25.0,54,50.0,44
16,大同,2021-08-11,64,8,28,nan,36.0,64,nan,53
17,桃園,2021-08-11,36,12,5,nan,nan,28,36.0,32
18,大園,2021-08-11,32,8,3,nan,19.0,32,29.0,31
19,觀音,2021-08-11,33,5,1,nan,18.0,25,33.0,27
10,淡水,2021-08-11,35,5,5,nan,24.0,33,32.0,35
20,平鎮,2021-08-11,35,5,3,nan,16.0,35,31.0,32
21,龍潭,2021-08-11,41,5,1,nan,13.0,17,41.0,26
22,湖口,2021-08-11,31,10,1,nan,19.0,28,31.0,30
23,竹東,2021-08-11,38,2,2,nan,17.0,13,38.0,21
24,新竹,2021-08-11,34,10,2,nan,17.0,23,34.0,34
25,頭份,2021-08-11,23,10,2,nan,20.0,22,nan,23
9,林口,2021-08-11,38,8,3,nan,18.0,38,35.0,33
26,苗栗,2021-08-11,40,5,1,nan,14.0,13,40.0,19
27,三義,2021-08-11,35,12,1,nan,15.0,23,35.0,17
28,豐原,2021-08-11,37,2,2,nan,15.0,15,37.0,22
29,沙鹿,2021-08-11,33,2,2,nan,14.0,15,33.0,16
30,大里,2021-08-11,35,2,3,nan,17.0,20,35.0,28
31,忠明,2021-08-11,32,2,2,nan,15.0,27,32.0,26
32,西屯,2021-08-11,31,5,2,nan,18.0,23,31.0,24
33,彰化,2021-08-11,30,15,1,nan,16.0,17,30.0,19
34,線西,2021-08-11,22,5,2,nan,20.0,22,nan,21
35,二林,2021-08-11,29,5,1,nan,20.0,12,29.0,23
36,南投,2021-08-11,31,2,1,nan,16.0,10,31.0,21
1,基隆,2021-08-12,39,10,3,nan,22.0,35,39.0,39
2,汐止,2021-08-12,52,28,5,nan,26.0,52,35.0,39
3,萬里,2021-08-12,38,5,2,nan,22.0,20,38.0,31
4,新店,2021-08-12,40,5,2,nan,22.0,33,40.0,29
5,土城,2021-08-12,45,2,5,nan,25.0,45,40.0,28
6,板橋,2021-08-12,47,5,6,nan,21.0,47,42.0,30
7,新莊,2021-08-12,45,15,6,nan,23.0,45,43.0,40
8,菜寮,2021-08-12,48,2,6,nan,21.0,48,43.0,41
9,林口,2021-08-12,37,15,3,nan,17.0,35,37.0,30
10,淡水,2021-08-12,32,2,3,nan,25.0,32,31.0,32
11,士林,2021-08-12,48,2,5,nan,24.0,48,43.0,39
12,中山,2021-08-12,55,5,6,nan,23.0,55,35.0,38
13,萬華,2021-08-12,53,8,6,nan,21.0,53,39.0,35
14,古亭,2021-08-12,41,10,3,nan,22.0,37,41.0,34
15,松山,2021-08-12,53,18,5,nan,23.0,53,36.0,38
16,大同,2021-08-12,62,5,24,nan,32.0,62,nan,49
17,桃園,2021-08-12,38,12,3,nan,17.0,28,38.0,34
18,大園,2021-08-12,31,8,1,nan,17.0,23,31.0,24
19,觀音,2021-08-12,30,5,1,nan,15.0,18,30.0,20
20,平鎮,2021-08-12,34,8,2,nan,17.0,23,34.0,31
21,龍潭,2021-08-12,39,8,1,nan,17.0,25,39.0,23
22,湖口,2021-08-12,31,10,1,nan,20.0,27,31.0,30
23,竹東,2021-08-12,32,8,2,nan,20.0,23,32.0,20
24,新竹,2021-08-12,28,5,2,nan,15.0,25,28.0,28
25,頭份,2021-08-12,23,12,1,nan,17.0,23,nan,21
26,苗栗,2021-08-12,32,8,1,nan,12.0,17,32.0,18
27,三義,2021-08-12,33,8,1,nan,13.0,22,33.0,15
28,豐原,2021-08-12,34,5,2,nan,14.0,25,34.0,22
29,沙鹿,2021-08-12,28,5,1,nan,15.0,15,28.0,15
30,大里,2021-08-12,33,5,2,nan,17.0,22,33.0,25
31,忠明,2021-08-12,31,5,2,nan,13.0,30,31.0,19
32,西屯,2021-08-12,28,5,1,nan,15.0,20,28.0,22
33,彰化,2021-08-12,22,20,0,nan,14.0,22,18.0,19
34,線西,2021-08-12,21,5,1,nan,16.0,12,nan,21
35,二林,2021-08-12,20,5,1,nan,16.0,10,20.0,18
36,南投,2021-08-12,30,8,1,nan,16.0,12,30.0,19
37,斗六,2021-08-12,27,2,2,nan,13.0,10,27.0,16
38,崙背,2021-08-12,24,5,1,nan,13.0,20,20.0,24
39,新港,2021-08-12,24,5,1,nan,12.0,13,24.0,18
40,朴子,2021-08-12,19,5,2,nan,14.0,15,19.0,19
41,臺西,2021-08-12,18,5,1,nan,11.0,15,nan,18
42,嘉義,2021-08-12,28,5,1,nan,10.0,10,28.0,15
43,新營,2021-08-12,25,5,1,nan,13.0,12,25.0,19
44,善化,2021-08-12,31,5,1,nan,8.0,17,31.0,12
45,安南,2021-08-12,28,5,3,nan,12.0,28,22.0,17
46,臺南,2021-08-12,21,2,2,nan,10.0,20,21.0,18
47,美濃,2021-08-12,34,8,1,nan,11.0,7,34.0,19
48,橋頭,2021-08-12,31,8,2,nan,16.0,15,31.0,20
49,仁武,2021-08-12,32,15,2,nan,14.0,25,32.0,22
50,鳳山,2021-08-12,25,8,5,nan,15.0,25,nan,23
51,大寮,2021-08-12,32,30,3,nan,22.0,32,24.0,28
52,林園,2021-08-12,50,8,1,nan,17.0,17,50.0,28
53,楠梓,2021-08-12,30,8,2,nan,15.0,23,30.0,15
54,左營,2021-08-12,39,12,3,nan,13.0,25,39.0,28
56,前金,2021-08-12,36,8,3,nan,13.0,33,36.0,22
57,前鎮,2021-08-12,37,10,5,nan,16.0,37,nan,26
58,小港,2021-08-12,33,22,2,nan,20.0,33,28.0,32
59,屏東,2021-08-12,39,5,2,nan,16.0,17,39.0,25
60,潮州,2021-08-12,39,12,3,nan,14.0,10,39.0,22
61,恆春,2021-08-12,19,2,0,nan,8.0,3,19.0,13
62,臺東,2021-08-12,20,5,1,nan,20.0,12,19.0,20
63,花蓮,2021-08-12,25,2,1,nan,20.0,7,25.0,24
64,陽明,2021-08-12,36,2,1,nan,15.0,10,36.0,29
65,宜蘭,2021-08-12,33,2,1,nan,19.0,7,33.0,32
66,冬山,2021-08-12,29,5,2,nan,25.0,23,28.0,29
67,三重,2021-08-12,62,5,14,nan,24.0,62,nan,43
68,中壢,2021-08-12,37,10,9,nan,21.0,37,nan,30
69,竹山,2021-08-12,32,2,1,nan,12.0,10,32.0,20
70,永和,2021-08-12,48,8,8,nan,22.0,48,nan,34
71,復興,2021-08-12,37,5,5,nan,12.0,37,nan,34
72,埔里,2021-08-12,29,2,1,nan,9.0,8,29.0,17
75,馬祖,2021-08-12,43,2,1,nan,25.0,25,39.0,43
77,金門,2021-08-12,35,2,1,nan,nan,35,27.0,20
78,馬公,2021-08-12,18,5,1,nan,nan,17,18.0,14
80,關山,2021-08-12,20,2,1,nan,16.0,8,20.0,9
83,麥寮,2021-08-12,18,2,1,nan,13.0,12,nan,18
84,富貴角,2021-08-12,42,2,2,nan,19.0,13,42.0,28
85,大城,2021-08-12,23,8,1,nan,13.0,13,19.0,23
11,士林,2021-08-13,52,5,5,nan,21.0,52,43.0,32
34,線西,2021-08-13,15,5,1,nan,15.0,13,nan,14
33,彰化,2021-08-13,23,18,1,nan,14.0,17,23.0,16
48,橋頭,2021-08-13,32,12,2,nan,12.0,32,15.0,19
53,楠梓,2021-08-13,33,10,2,nan,13.0,33,12.0,12
32,西屯,2021-08-13,28,5,1,nan,16.0,28,24.0,21
13,萬華,2021-08-13,55,5,8,nan,19.0,55,38.0,33
31,忠明,2021-08-13,28,2,2,nan,13.0,28,24.0,17
14,古亭,2021-08-13,47,2,5,nan,20.0,40,47.0,31
2,汐止,2021-08-13,56,5,6,nan,23.0,56,31.0,36
66,冬山,2021-08-13,26,8,2,nan,22.0,20,25.0,26
30,大里,2021-08-13,28,5,3,nan,14.0,28,26.0,22
15,松山,2021-08-13,59,2,6,nan,23.0,59,34.0,33
1,基隆,2021-08-13,50,2,3,nan,21.0,50,30.0,32
65,宜蘭,2021-08-13,25,10,1,nan,16.0,8,25.0,24
29,沙鹿,2021-08-13,27,5,2,nan,15.0,20,27.0,12
16,大同,2021-08-13,64,5,24,nan,33.0,64,nan,55
8,菜寮,2021-08-13,57,2,8,nan,19.0,57,44.0,37
28,豐原,2021-08-13,29,5,1,nan,11.0,15,29.0,15
64,陽明,2021-08-13,33,2,1,nan,10.0,8,33.0,25
63,花蓮,2021-08-13,26,15,1,nan,16.0,12,26.0,23
49,仁武,2021-08-13,28,10,3,nan,12.0,28,12.0,22
17,桃園,2021-08-13,35,35,5,nan,26.0,35,34.0,33
54,左營,2021-08-13,30,30,6,nan,10.0,30,12.0,25
62,臺東,2021-08-13,20,5,1,nan,18.0,8,20.0,16
46,臺南,2021-08-13,27,8,3,nan,13.0,27,17.0,20
27,三義,2021-08-13,31,8,1,nan,11.0,8,31.0,10
56,前金,2021-08-13,32,32,6,nan,10.0,30,9.0,19
26,苗栗,2021-08-13,30,5,1,nan,10.0,13,30.0,10
41,臺西,2021-08-13,16,5,1,nan,11.0,10,nan,16
18,大園,2021-08-13,29,5,2,nan,15.0,23,29.0,19
61,恆春,2021-08-13,17,2,0,nan,11.0,3,17.0,11
25,頭份,2021-08-13,23,20,1,nan,11.0,23,nan,14
7,新莊,2021-08-13,51,12,7,nan,24.0,51,44.0,42
19,觀音,2021-08-13,28,5,0,nan,13.0,13,28.0,15
24,新竹,2021-08-13,28,5,2,nan,12.0,28,27.0,24
57,前鎮,2021-08-13,32,32,8,nan,11.0,30,nan,20
10,淡水,2021-08-13,42,2,6,nan,21.0,42,31.0,27
60,潮州,2021-08-13,16,2,1,nan,10.0,3,16.0,8
20,平鎮,2021-08-13,31,2,2,nan,14.0,23,31.0,27
23,竹東,2021-08-13,31,2,1,nan,16.0,13,31.0,21
36,南投,2021-08-13,28,5,1,nan,14.0,13,28.0,20
59,屏東,2021-08-13,21,8,3,nan,13.0,20,15.0,21
42,嘉義,2021-08-13,24,2,1,nan,9.0,8,24.0,11
58,小港,2021-08-13,86,86,7,nan,16.0,33,7.0,28
21,龍潭,2021-08-13,33,2,2,nan,12.0,20,33.0,19
22,湖口,2021-08-13,29,5,1,nan,16.0,20,29.0,26
50,鳳山,2021-08-13,28,15,6,nan,10.0,28,nan,22
6,板橋,2021-08-13,55,5,7,nan,20.0,55,41.0,32
35,二林,2021-08-13,23,5,1,nan,14.0,12,23.0,12
39,新港,2021-08-13,25,2,1,nan,12.0,8,25.0,18
40,朴子,2021-08-13,22,5,2,nan,14.0,18,20.0,22
38,崙背,2021-08-13,21,5,1,nan,11.0,20,20.0,21
5,土城,2021-08-13,61,8,5,nan,25.0,56,61.0,27
12,中山,2021-08-13,63,5,9,nan,21.0,63,35.0,32
9,林口,2021-08-13,45,8,5,nan,15.0,45,35.0,27
37,斗六,2021-08-13,25,5,2,nan,13.0,13,25.0,19
4,新店,2021-08-13,48,2,3,nan,23.0,30,48.0,32
43,新營,2021-08-13,23,2,1,nan,11.0,13,23.0,18
44,善化,2021-08-13,19,5,1,nan,8.0,15,19.0,12
3,萬里,2021-08-13,38,2,3,nan,19.0,28,38.0,27
45,安南,2021-08-13,27,10,3,nan,14.0,27,18.0,21
47,美濃,2021-08-13,21,8,1,nan,10.0,10,21.0,12
85,大城,2021-08-13,22,2,0,nan,21.0,8,22.0,19
84,富貴角,2021-08-13,37,0,1,nan,17.0,20,37.0,21
83,麥寮,2021-08-13,16,5,1,nan,14.0,12,nan,16
80,關山,2021-08-13,19,2,1,nan,17.0,7,19.0,15
78,馬公,2021-08-13,19,2,0,nan,nan,8,19.0,13
77,金門,2021-08-13,25,12,0,nan,nan,13,25.0,13
75,馬祖,2021-08-13,29,2,0,nan,18.0,12,29.0,22
72,埔里,2021-08-13,26,2,1,nan,9.0,13,26.0,13
71,復興,2021-08-13,35,35,6,nan,9.0,32,nan,24
70,永和,2021-08-13,52,2,10,nan,22.0,52,nan,33
51,大寮,2021-08-13,29,22,2,nan,17.0,18,13.0,29
69,竹山,2021-08-13,18,2,1,nan,12.0,15,13.0,18
68,中壢,2021-08-13,38,2,9,nan,18.0,38,nan,28
52,林園,2021-08-13,23,2,1,nan,15.0,13,17.0,23
67,三重,2021-08-13,67,5,16,nan,22.0,67,nan,42
78,馬公,2021-08-14,20,2,1,nan,nan,13,20.0,14
44,善化,2021-08-14,21,5,1,nan,5.0,12,21.0,9
45,安南,2021-08-14,20,8,3,nan,9.0,17,20.0,18
46,臺南,2021-08-14,22,5,2,nan,8.0,22,19.0,12
47,美濃,2021-08-14,21,2,1,nan,7.0,8,21.0,9
48,橋頭,2021-08-14,20,10,1,nan,10.0,20,19.0,15
49,仁武,2021-08-14,27,15,2,nan,7.0,27,17.0,16
50,鳳山,2021-08-14,30,12,5,nan,8.0,30,nan,21
51,大寮,2021-08-14,30,20,3,nan,12.0,30,16.0,19
52,林園,2021-08-14,25,22,2,nan,21.0,18,22.0,25
53,楠梓,2021-08-14,32,10,2,nan,8.0,32,15.0,14
54,左營,2021-08-14,27,5,2,nan,8.0,27,18.0,17
56,前金,2021-08-14,35,12,3,nan,7.0,35,19.0,13
57,前鎮,2021-08-14,30,15,5,nan,9.0,30,nan,19
58,小港,2021-08-14,52,52,2,nan,12.0,37,13.0,24
59,屏東,2021-08-14,22,2,2,nan,7.0,22,21.0,16
60,潮州,2021-08-14,22,2,1,nan,6.0,7,22.0,7
61,恆春,2021-08-14,20,2,0,nan,8.0,2,20.0,9
62,臺東,2021-08-14,19,5,1,nan,16.0,12,19.0,13
63,花蓮,2021-08-14,23,2,1,nan,15.0,12,22.0,23
64,陽明,2021-08-14,38,2,1,nan,12.0,12,38.0,23
65,宜蘭,2021-08-14,30,2,1,nan,20.0,8,30.0,29
66,冬山,2021-08-14,31,5,2,nan,26.0,15,31.0,25
67,三重,2021-08-14,56,5,14,nan,25.0,56,nan,44
68,中壢,2021-08-14,42,2,7,nan,17.0,42,nan,31
69,竹山,2021-08-14,30,2,0,nan,11.0,10,30.0,15
70,永和,2021-08-14,53,5,11,nan,21.0,53,nan,36
71,復興,2021-08-14,30,8,5,nan,11.0,30,nan,22
72,埔里,2021-08-14,22,2,1,nan,9.0,7,22.0,16
75,馬祖,2021-08-14,39,2,0,nan,16.0,20,39.0,23
77,金門,2021-08-14,58,58,1,nan,nan,10,31.0,21
80,關山,2021-08-14,17,2,1,nan,14.0,5,17.0,13
83,麥寮,2021-08-14,10,5,1,nan,8.0,10,nan,10
84,富貴角,2021-08-14,47,5,2,nan,17.0,20,47.0,25
85,大城,2021-08-14,24,5,0,nan,9.0,7,24.0,12
43,新營,2021-08-14,24,2,1,nan,7.0,10,24.0,18
42,嘉義,2021-08-14,27,5,1,nan,6.0,5,27.0,5
41,臺西,2021-08-14,12,5,1,nan,8.0,8,nan,12
40,朴子,2021-08-14,21,2,2,nan,10.0,13,21.0,16
39,新港,2021-08-14,27,5,1,nan,8.0,5,27.0,11
38,崙背,2021-08-14,22,2,1,nan,8.0,8,22.0,20
37,斗六,2021-08-14,26,5,1,nan,9.0,20,26.0,15
36,南投,2021-08-14,28,5,1,nan,13.0,10,28.0,19
35,二林,2021-08-14,24,5,1,nan,12.0,7,24.0,10
34,線西,2021-08-14,16,5,1,nan,11.0,10,nan,16
33,彰化,2021-08-14,25,10,0,nan,8.0,12,25.0,11
32,西屯,2021-08-14,26,5,1,nan,13.0,20,26.0,16
31,忠明,2021-08-14,26,2,2,nan,9.0,20,26.0,16
30,大里,2021-08-14,28,2,2,nan,14.0,13,28.0,20
29,沙鹿,2021-08-14,25,2,1,nan,10.0,10,25.0,8
28,豐原,2021-08-14,29,2,1,nan,10.0,10,29.0,13
27,三義,2021-08-14,28,2,1,nan,10.0,8,28.0,10
26,苗栗,2021-08-14,31,8,1,nan,10.0,15,31.0,12
25,頭份,2021-08-14,25,12,2,nan,14.0,25,nan,17
24,新竹,2021-08-14,31,5,2,nan,14.0,18,31.0,26
23,竹東,2021-08-14,28,2,2,nan,17.0,15,28.0,19
22,湖口,2021-08-14,33,8,1,nan,14.0,17,33.0,25
21,龍潭,2021-08-14,30,2,2,nan,13.0,18,30.0,20
20,平鎮,2021-08-14,31,2,2,nan,14.0,18,31.0,29
19,觀音,2021-08-14,32,2,1,nan,13.0,15,32.0,21
18,大園,2021-08-14,33,5,3,nan,18.0,33,33.0,26
17,桃園,2021-08-14,35,15,3,nan,24.0,32,32.0,35
16,大同,2021-08-14,52,8,17,nan,31.0,52,nan,51
1,基隆,2021-08-14,42,10,2,nan,20.0,42,33.0,36
15,松山,2021-08-14,43,8,5,nan,23.0,43,35.0,38
14,古亭,2021-08-14,48,5,5,nan,19.0,48,47.0,31
2,汐止,2021-08-14,37,8,3,nan,23.0,37,32.0,34
13,萬華,2021-08-14,54,8,7,nan,21.0,54,41.0,31
3,萬里,2021-08-14,34,10,1,nan,21.0,18,34.0,25
12,中山,2021-08-14,53,8,8,nan,24.0,53,41.0,40
11,士林,2021-08-14,44,5,3,nan,23.0,35,44.0,32
10,淡水,2021-08-14,35,2,5,nan,24.0,30,35.0,28
9,林口,2021-08-14,41,5,2,nan,14.0,27,41.0,28
8,菜寮,2021-08-14,47,2,5,nan,20.0,47,47.0,41
7,新莊,2021-08-14,48,5,3,nan,24.0,32,48.0,37
4,新店,2021-08-14,49,8,3,nan,21.0,37,49.0,31
6,板橋,2021-08-14,49,5,5,nan,23.0,47,49.0,32
5,土城,2021-08-14,51,2,5,nan,23.0,42,51.0,29
41,臺西,2021-08-15,14,5.0,1.0,nan,9.0,7,nan,14.0
4,新店,2021-08-15,36,5.0,2.0,nan,22.0,20,36.0,32.0
66,冬山,2021-08-15,26,5.0,2.0,nan,26.0,12,26.0,25.0
12,中山,2021-08-15,42,5.0,6.0,nan,20.0,42,28.0,38.0
59,屏東,2021-08-15,33,10.0,2.0,nan,15.0,20,33.0,18.0
40,朴子,2021-08-15,23,5.0,1.0,nan,13.0,10,23.0,17.0
60,潮州,2021-08-15,38,5.0,2.0,nan,13.0,7,38.0,19.0
61,恆春,2021-08-15,18,2.0,1.0,nan,7.0,3,18.0,8.0
22,湖口,2021-08-15,28,5.0,1.0,nan,13.0,13,28.0,21.0
13,萬華,2021-08-15,45,2.0,5.0,nan,20.0,45,31.0,32.0
39,新港,2021-08-15,27,5.0,1.0,nan,10.0,10,27.0,14.0
72,埔里,2021-08-15,22,2.0,1.0,nan,10.0,10,22.0,16.0
62,臺東,2021-08-15,20,5.0,0.0,nan,14.0,5,20.0,12.0
25,頭份,2021-08-15,25,15.0,1.0,nan,12.0,25,nan,17.0
3,萬里,2021-08-15,29,5.0,2.0,nan,22.0,20,29.0,29.0
38,崙背,2021-08-15,23,5.0,1.0,nan,10.0,22,23.0,17.0
71,復興,2021-08-15,18,5.0,3.0,nan,7.0,18,nan,14.0
37,斗六,2021-08-15,26,2.0,1.0,nan,11.0,10,26.0,18.0
70,永和,2021-08-15,38,2.0,8.0,nan,23.0,32,nan,38.0
63,花蓮,2021-08-15,26,2.0,1.0,nan,15.0,18,26.0,18.0
14,古亭,2021-08-15,39,5.0,3.0,nan,20.0,30,39.0,37.0
65,宜蘭,2021-08-15,26,0.0,1.0,nan,20.0,7,26.0,23.0
64,陽明,2021-08-15,26,2.0,1.0,nan,13.0,7,26.0,23.0
2,汐止,2021-08-15,37,8.0,3.0,nan,23.0,28,26.0,37.0
24,新竹,2021-08-15,28,2.0,2.0,nan,10.0,18,28.0,27.0
36,南投,2021-08-15,26,5.0,1.0,nan,11.0,10,26.0,23.0
1,基隆,2021-08-15,37,15.0,3.0,nan,23.0,25,28.0,37.0
35,二林,2021-08-15,29,8.0,1.0,nan,13.0,12,29.0,14.0
69,竹山,2021-08-15,28,2.0,0.0,nan,10.0,10,28.0,20.0
21,龍潭,2021-08-15,34,2.0,2.0,nan,15.0,15,34.0,27.0
85,大城,2021-08-15,24,15.0,0.0,nan,12.0,12,24.0,13.0
34,線西,2021-08-15,12,8.0,1.0,nan,11.0,5,nan,12.0
33,彰化,2021-08-15,30,18.0,0.0,nan,9.0,10,30.0,8.0
15,松山,2021-08-15,38,2.0,3.0,nan,23.0,28,33.0,38.0
68,中壢,2021-08-15,31,5.0,5.0,nan,17.0,30,nan,31.0
32,西屯,2021-08-15,29,5.0,1.0,nan,12.0,15,29.0,17.0
19,觀音,2021-08-15,27,12.0,1.0,nan,11.0,15,27.0,17.0
31,忠明,2021-08-15,29,2.0,1.0,nan,9.0,22,29.0,17.0
84,富貴角,2021-08-15,34,8.0,1.0,nan,17.0,10,34.0,19.0
83,麥寮,2021-08-15,12,5.0,1.0,nan,11.0,12,nan,12.0
18,大園,2021-08-15,25,5.0,2.0,nan,12.0,20,25.0,24.0
23,竹東,2021-08-15,32,2.0,2.0,nan,17.0,12,32.0,23.0
30,大里,2021-08-15,28,8.0,1.0,nan,12.0,17,28.0,19.0
20,平鎮,2021-08-15,36,5.0,2.0,nan,14.0,28,29.0,36.0
80,關山,2021-08-15,21,2.0,0.0,nan,17.0,3,21.0,12.0
29,沙鹿,2021-08-15,29,5.0,1.0,nan,9.0,10,29.0,6.0
28,豐原,2021-08-15,24,2.0,2.0,nan,11.0,15,24.0,18.0
78,馬公,2021-08-15,22,10.0,1.0,nan,nan,22,20.0,11.0
50,鳳山,2021-08-15,20,5.0,5.0,nan,10.0,20,nan,17.0
7,新莊,2021-08-15,39,15.0,5.0,nan,22.0,33,32.0,39.0
27,三義,2021-08-15,25,8.0,2.0,nan,14.0,18,25.0,14.0
51,大寮,2021-08-15,30,30.0,2.0,nan,18.0,15,19.0,18.0
49,仁武,2021-08-15,21,5.0,1.0,nan,10.0,13,21.0,14.0
67,三重,2021-08-15,52,5.0,9.0,nan,22.0,52,nan,38.0
8,菜寮,2021-08-15,43,5.0,5.0,nan,19.0,43,31.0,37.0
77,金門,2021-08-15,25,nan,0.0,nan,nan,18,25.0,15.0
52,林園,2021-08-15,28,15.0,2.0,nan,20.0,15,28.0,25.0
48,橋頭,2021-08-15,24,5.0,0.0,nan,13.0,7,24.0,10.0
47,美濃,2021-08-15,28,5.0,1.0,nan,13.0,7,28.0,14.0
75,馬祖,2021-08-15,34,2.0,nan,nan,17.0,25,34.0,26.0
6,板橋,2021-08-15,37,5.0,5.0,nan,21.0,35,34.0,37.0
46,臺南,2021-08-15,24,2.0,1.0,nan,9.0,15,24.0,11.0
45,安南,2021-08-15,24,5.0,2.0,nan,10.0,7,24.0,12.0
9,林口,2021-08-15,29,5.0,2.0,nan,15.0,27,29.0,28.0
10,淡水,2021-08-15,24,2.0,3.0,nan,22.0,22,23.0,24.0
44,善化,2021-08-15,27,0.0,0.0,nan,8.0,13,27.0,14.0
53,楠梓,2021-08-15,20,2.0,1.0,nan,9.0,13,20.0,6.0
54,左營,2021-08-15,19,5.0,2.0,nan,11.0,15,19.0,18.0
16,大同,2021-08-15,42,5.0,9.0,nan,22.0,42,nan,34.0
56,前金,2021-08-15,23,5.0,2.0,nan,10.0,17,23.0,13.0
43,新營,2021-08-15,28,2.0,1.0,nan,13.0,8,28.0,19.0
26,苗栗,2021-08-15,29,5.0,1.0,nan,9.0,15,29.0,13.0
5,土城,2021-08-15,34,2.0,5.0,nan,27.0,28,33.0,34.0
57,前鎮,2021-08-15,17,8.0,3.0,nan,11.0,17,nan,14.0
42,嘉義,2021-08-15,29,2.0,1.0,nan,8.0,7,29.0,nan
11,士林,2021-08-15,35,5.0,3.0,nan,22.0,35,28.0,31.0
17,桃園,2021-08-15,35,22.0,5.0,nan,16.0,35,30.0,35.0
58,小港,2021-08-15,22,8.0,1.0,nan,11.0,20,22.0,21.0
49,仁武,2021-08-16,28,5.0,1,nan,15.0,22,28.0,26
1,基隆,2021-08-16,48,12.0,3,nan,24.0,28,48.0,40
2,汐止,2021-08-16,45,15.0,3,nan,24.0,40,45.0,42
3,萬里,2021-08-16,71,12.0,3,nan,28.0,13,71.0,39
4,新店,2021-08-16,93,10.0,3,nan,26.0,25,93.0,41
5,土城,2021-08-16,77,8.0,5,nan,29.0,47,77.0,35
6,板橋,2021-08-16,51,8.0,6,nan,26.0,51,47.0,43
7,新莊,2021-08-16,55,15.0,5,nan,28.0,55,44.0,44
8,菜寮,2021-08-16,53,8.0,5,nan,22.0,53,39.0,40
9,林口,2021-08-16,38,8.0,2,nan,18.0,35,38.0,29
10,淡水,2021-08-16,32,2.0,3,nan,22.0,32,25.0,30
11,士林,2021-08-16,44,2.0,3,nan,26.0,42,44.0,36
12,中山,2021-08-16,52,8.0,6,nan,25.0,52,39.0,42
13,萬華,2021-08-16,45,15.0,7,nan,25.0,45,30.0,38
14,古亭,2021-08-16,74,5.0,5,nan,25.0,33,74.0,45
15,松山,2021-08-16,51,10.0,5,nan,26.0,42,51.0,46
16,大同,2021-08-16,57,8.0,16,nan,25.0,57,nan,39
17,桃園,2021-08-16,42,10.0,3,nan,21.0,37,37.0,42
18,大園,2021-08-16,30,5.0,2,nan,17.0,22,30.0,22
19,觀音,2021-08-16,25,8.0,1,nan,13.0,18,20.0,25
20,平鎮,2021-08-16,35,8.0,2,nan,18.0,30,34.0,35
21,龍潭,2021-08-16,48,5.0,1,nan,18.0,27,48.0,31
22,湖口,2021-08-16,30,10.0,2,nan,17.0,30,29.0,28
23,竹東,2021-08-16,42,2.0,1,nan,20.0,15,42.0,31
24,新竹,2021-08-16,29,8.0,2,nan,15.0,27,24.0,29
25,頭份,2021-08-16,25,20.0,2,nan,18.0,25,nan,23
26,苗栗,2021-08-16,33,5.0,1,nan,14.0,17,33.0,21
27,三義,2021-08-16,34,8.0,1,nan,18.0,20,34.0,20
28,豐原,2021-08-16,39,8.0,2,nan,18.0,20,39.0,30
29,沙鹿,2021-08-16,28,8.0,1,nan,16.0,17,28.0,17
30,大里,2021-08-16,37,5.0,1,nan,18.0,17,37.0,24
31,忠明,2021-08-16,34,5.0,2,nan,15.0,27,34.0,23
32,西屯,2021-08-16,31,2.0,1,nan,19.0,20,31.0,28
33,彰化,2021-08-16,24,18.0,0,nan,18.0,17,24.0,24
34,線西,2021-08-16,18,5.0,1,nan,18.0,10,nan,18
35,二林,2021-08-16,23,8.0,1,nan,16.0,8,23.0,20
36,南投,2021-08-16,38,2.0,1,nan,18.0,15,38.0,31
37,斗六,2021-08-16,29,2.0,1,nan,13.0,12,29.0,21
38,崙背,2021-08-16,27,2.0,1,nan,15.0,25,20.0,27
39,新港,2021-08-16,24,5.0,1,nan,16.0,22,24.0,20
40,朴子,2021-08-16,20,2.0,1,nan,14.0,10,18.0,20
41,臺西,2021-08-16,18,2.0,1,nan,12.0,12,nan,18
42,嘉義,2021-08-16,28,2.0,1,nan,11.0,13,28.0,14
43,新營,2021-08-16,26,2.0,1,nan,16.0,10,23.0,26
44,善化,2021-08-16,24,5.0,1,nan,13.0,18,24.0,22
45,安南,2021-08-16,23,5.0,2,nan,14.0,10,23.0,18
46,臺南,2021-08-16,23,5.0,1,nan,13.0,13,23.0,14
47,美濃,2021-08-16,36,5.0,2,nan,16.0,10,36.0,30
48,橋頭,2021-08-16,31,5.0,1,nan,17.0,12,31.0,26
50,鳳山,2021-08-16,27,10.0,5,nan,14.0,25,nan,27
51,大寮,2021-08-16,32,18.0,2,nan,17.0,32,31.0,21
52,林園,2021-08-16,42,5.0,1,nan,18.0,17,42.0,32
53,楠梓,2021-08-16,29,5.0,2,nan,15.0,18,29.0,17
54,左營,2021-08-16,29,5.0,2,nan,16.0,17,29.0,20
56,前金,2021-08-16,29,5.0,2,nan,13.0,17,29.0,13
57,前鎮,2021-08-16,37,5.0,3,nan,16.0,37,nan,19
58,小港,2021-08-16,57,20.0,2,nan,15.0,57,24.0,24
59,屏東,2021-08-16,41,8.0,2,nan,19.0,22,41.0,34
60,潮州,2021-08-16,34,2.0,1,nan,16.0,7,34.0,20
61,恆春,2021-08-16,17,2.0,0,nan,7.0,3,17.0,7
62,臺東,2021-08-16,20,5.0,1,nan,13.0,10,20.0,16
63,花蓮,2021-08-16,20,10.0,1,nan,11.0,5,20.0,14
64,陽明,2021-08-16,37,2.0,2,nan,17.0,13,37.0,36
65,宜蘭,2021-08-16,28,2.0,1,nan,20.0,8,28.0,21
66,冬山,2021-08-16,25,2.0,2,nan,24.0,18,25.0,24
67,三重,2021-08-16,55,10.0,11,nan,25.0,55,nan,43
68,中壢,2021-08-16,43,10.0,10,nan,22.0,43,nan,31
69,竹山,2021-08-16,27,2.0,0,nan,16.0,13,27.0,24
70,永和,2021-08-16,52,2.0,11,nan,26.0,52,nan,47
71,復興,2021-08-16,28,5.0,3,nan,13.0,28,nan,24
72,埔里,2021-08-16,35,2.0,1,nan,15.0,7,35.0,26
75,馬祖,2021-08-16,57,8.0,0,nan,24.0,57,38.0,36
77,金門,2021-08-16,40,nan,1,nan,nan,40,31.0,23
78,馬公,2021-08-16,19,2.0,1,nan,nan,10,19.0,18
80,關山,2021-08-16,19,2.0,0,nan,13.0,5,19.0,12
83,麥寮,2021-08-16,18,5.0,1,nan,17.0,13,nan,18
84,富貴角,2021-08-16,37,2.0,2,nan,18.0,18,37.0,28
85,大城,2021-08-16,20,5.0,0,nan,14.0,7,20.0,19
38,崙背,2021-08-17,33,5.0,1,nan,14.0,33,20.0,26
37,斗六,2021-08-17,29,8.0,1,nan,15.0,13,29.0,21
13,萬華,2021-08-17,38,2.0,5,nan,22.0,33,38.0,35
54,左營,2021-08-17,19,10.0,3,nan,13.0,18,19.0,19
36,南投,2021-08-17,33,2.0,1,nan,19.0,20,32.0,33
7,新莊,2021-08-17,39,28.0,3,nan,22.0,32,39.0,38
78,馬公,2021-08-17,18,5.0,1,nan,nan,18,17.0,16
14,古亭,2021-08-17,47,2.0,3,nan,21.0,27,47.0,31
15,松山,2021-08-17,43,8.0,3,nan,25.0,43,43.0,40
35,二林,2021-08-17,22,10.0,1,nan,16.0,13,22.0,20
34,線西,2021-08-17,16,5.0,1,nan,16.0,15,nan,16
16,大同,2021-08-17,60,8.0,23,nan,24.0,60,nan,39
53,楠梓,2021-08-17,27,12.0,2,nan,16.0,27,21.0,18
33,彰化,2021-08-17,35,35.0,1,nan,14.0,17,26.0,19
8,菜寮,2021-08-17,40,10.0,6,nan,20.0,40,32.0,36
80,關山,2021-08-17,14,2.0,0,nan,13.0,3,14.0,8
1,基隆,2021-08-17,49,10.0,3,nan,24.0,23,45.0,49
52,林園,2021-08-17,23,2.0,2,nan,14.0,13,18.0,23
69,竹山,2021-08-17,34,5.0,1,nan,17.0,13,34.0,27
32,西屯,2021-08-17,28,5.0,1,nan,17.0,22,27.0,28
17,桃園,2021-08-17,28,5.0,2,nan,20.0,28,24.0,28
83,麥寮,2021-08-17,19,5.0,1,nan,14.0,17,nan,19
31,忠明,2021-08-17,27,5.0,2,nan,12.0,27,20.0,23
18,大園,2021-08-17,25,5.0,1,nan,17.0,23,22.0,25
30,大里,2021-08-17,33,10.0,1,nan,19.0,18,33.0,22
9,林口,2021-08-17,28,10.0,2,nan,15.0,28,28.0,28
19,觀音,2021-08-17,24,5.0,1,nan,13.0,17,24.0,21
29,沙鹿,2021-08-17,22,5.0,1,nan,14.0,17,22.0,15
10,淡水,2021-08-17,32,2.0,3,nan,21.0,32,27.0,29
28,豐原,2021-08-17,36,12.0,3,nan,17.0,25,36.0,25
20,平鎮,2021-08-17,32,5.0,1,nan,18.0,25,23.0,32
27,三義,2021-08-17,20,12.0,1,nan,16.0,20,15.0,20
51,大寮,2021-08-17,28,18.0,2,nan,20.0,18,19.0,28
21,龍潭,2021-08-17,32,5.0,1,nan,15.0,18,32.0,25
22,湖口,2021-08-17,26,8.0,1,nan,15.0,25,20.0,26
23,竹東,2021-08-17,30,2.0,1,nan,17.0,12,30.0,24
26,苗栗,2021-08-17,25,10.0,1,nan,12.0,25,23.0,17
50,鳳山,2021-08-17,23,15.0,5,nan,14.0,23,nan,23
24,新竹,2021-08-17,30,8.0,2,nan,12.0,22,20.0,30
25,頭份,2021-08-17,30,30.0,2,nan,13.0,27,nan,19
2,汐止,2021-08-17,46,15.0,5,nan,26.0,40,46.0,44
49,仁武,2021-08-17,30,10.0,2,nan,16.0,30,20.0,23
71,復興,2021-08-17,19,8.0,3,nan,12.0,18,nan,19
63,花蓮,2021-08-17,19,2.0,1,nan,10.0,8,19.0,15
84,富貴角,2021-08-17,33,2.0,1,nan,17.0,17,33.0,24
68,中壢,2021-08-17,32,5.0,8,nan,19.0,32,nan,27
48,橋頭,2021-08-17,25,8.0,2,nan,18.0,20,25.0,25
62,臺東,2021-08-17,14,5.0,1,nan,10.0,10,14.0,9
85,大城,2021-08-17,21,5.0,1,nan,15.0,15,21.0,19
47,美濃,2021-08-17,37,8.0,1,nan,17.0,10,37.0,19
3,萬里,2021-08-17,42,5.0,2,nan,23.0,20,42.0,36
65,宜蘭,2021-08-17,28,2.0,2,nan,19.0,13,28.0,26
46,臺南,2021-08-17,31,15.0,2,nan,11.0,15,31.0,14
4,新店,2021-08-17,61,2.0,2,nan,23.0,18,61.0,31
61,恆春,2021-08-17,13,2.0,0,nan,6.0,5,13.0,4
45,安南,2021-08-17,32,15.0,3,nan,14.0,18,32.0,16
66,冬山,2021-08-17,32,5.0,5,nan,28.0,22,32.0,24
72,埔里,2021-08-17,33,2.0,1,nan,16.0,12,33.0,29
44,善化,2021-08-17,37,5.0,1,nan,13.0,17,37.0,21
5,土城,2021-08-17,44,5.0,3,nan,24.0,30,44.0,23
43,新營,2021-08-17,32,8.0,2,nan,16.0,13,31.0,32
60,潮州,2021-08-17,17,2.0,1,nan,11.0,5,17.0,13
64,陽明,2021-08-17,32,5.0,1,nan,13.0,17,32.0,28
59,屏東,2021-08-17,27,8.0,2,nan,19.0,12,27.0,25
42,嘉義,2021-08-17,31,8.0,1,nan,12.0,10,31.0,19
41,臺西,2021-08-17,15,5.0,1,nan,10.0,12,nan,15
75,馬祖,2021-08-17,43,2.0,1,nan,21.0,43,33.0,32
58,小港,2021-08-17,32,32.0,2,nan,18.0,30,11.0,24
70,永和,2021-08-17,50,2.0,10,nan,23.0,50,nan,38
40,朴子,2021-08-17,22,5.0,2,nan,14.0,12,22.0,21
57,前鎮,2021-08-17,23,10.0,3,nan,15.0,23,nan,17
39,新港,2021-08-17,25,8.0,1,nan,14.0,20,25.0,22
67,三重,2021-08-17,60,8.0,14,nan,26.0,60,nan,44
11,士林,2021-08-17,48,2.0,3,nan,26.0,48,32.0,32
56,前金,2021-08-17,25,15.0,2,nan,11.0,25,19.0,12
6,板橋,2021-08-17,43,10.0,3,nan,22.0,35,43.0,32
77,金門,2021-08-17,29,nan,1,nan,nan,20,29.0,28
12,中山,2021-08-17,42,8.0,6,nan,24.0,42,33.0,38
77,金門,2021-08-18,26,2,1,nan,nan,25,23.0,26.0
31,忠明,2021-08-18,39,8,2,nan,20.0,37,35.0,39.0
32,西屯,2021-08-18,42,8,1,nan,23.0,32,35.0,42.0
26,苗栗,2021-08-18,27,5,1,nan,13.0,27,15.0,22.0
33,彰化,2021-08-18,33,32,2,nan,22.0,23,31.0,33.0
25,頭份,2021-08-18,30,12,2,nan,18.0,30,nan,28.0
34,線西,2021-08-18,31,12,1,nan,24.0,28,nan,31.0
24,新竹,2021-08-18,47,10,3,nan,15.0,47,25.0,34.0
35,二林,2021-08-18,40,8,1,nan,23.0,17,24.0,40.0
23,竹東,2021-08-18,36,5,2,nan,22.0,18,28.0,36.0
2,汐止,2021-08-18,45,5,5,nan,23.0,45,17.0,34.0
22,湖口,2021-08-18,42,5,2,nan,18.0,42,23.0,28.0
61,恆春,2021-08-18,17,2,0,nan,5.0,3,17.0,6.0
36,南投,2021-08-18,39,12,2,nan,21.0,23,38.0,39.0
57,前鎮,2021-08-18,18,12,2,nan,12.0,18,nan,12.0
21,龍潭,2021-08-18,47,5,3,nan,18.0,47,26.0,32.0
20,平鎮,2021-08-18,40,5,5,nan,15.0,40,19.0,31.0
37,斗六,2021-08-18,42,8,2,nan,18.0,12,42.0,32.0
38,崙背,2021-08-18,32,5,1,nan,19.0,27,31.0,32.0
19,觀音,2021-08-18,50,20,2,nan,13.0,50,25.0,25.0
1,基隆,2021-08-18,35,5,3,nan,18.0,27,25.0,35.0
39,新港,2021-08-18,32,8,2,nan,15.0,32,31.0,24.0
18,大園,2021-08-18,50,22,3,nan,14.0,50,19.0,19.0
17,桃園,2021-08-18,42,12,5,nan,21.0,42,17.0,29.0
40,朴子,2021-08-18,24,8,2,nan,16.0,18,24.0,23.0
41,臺西,2021-08-18,17,5,1,nan,12.0,17,nan,17.0
58,小港,2021-08-18,45,45,2,nan,17.0,32,14.0,22.0
16,大同,2021-08-18,53,10,16,nan,20.0,53,nan,32.0
60,潮州,2021-08-18,20,2,1,nan,12.0,3,20.0,14.0
42,嘉義,2021-08-18,34,10,1,nan,17.0,12,34.0,25.0
15,松山,2021-08-18,43,8,5,nan,20.0,43,18.0,29.0
43,新營,2021-08-18,29,8,2,nan,16.0,12,29.0,24.0
59,屏東,2021-08-18,27,15,2,nan,17.0,27,25.0,24.0
14,古亭,2021-08-18,37,8,3,nan,19.0,37,21.0,29.0
44,善化,2021-08-18,25,8,1,nan,13.0,25,25.0,20.0
45,安南,2021-08-18,23,10,3,nan,12.0,23,21.0,17.0
13,萬華,2021-08-18,53,10,5,nan,19.0,53,19.0,26.0
46,臺南,2021-08-18,20,8,2,nan,11.0,18,20.0,14.0
12,中山,2021-08-18,56,5,6,nan,20.0,56,15.0,29.0
47,美濃,2021-08-18,29,2,1,nan,15.0,12,29.0,22.0
48,橋頭,2021-08-18,21,8,1,nan,16.0,20,21.0,21.0
85,大城,2021-08-18,35,5,1,nan,15.0,15,35.0,25.0
49,仁武,2021-08-18,22,8,2,nan,13.0,22,19.0,20.0
84,富貴角,2021-08-18,37,5,1,nan,13.0,18,37.0,24.0
11,士林,2021-08-18,45,5,3,nan,18.0,45,11.0,27.0
83,麥寮,2021-08-18,19,5,1,nan,16.0,15,nan,19.0
50,鳳山,2021-08-18,25,12,5,nan,13.0,25,nan,21.0
80,關山,2021-08-18,13,2,0,nan,13.0,5,13.0,6.0
10,淡水,2021-08-18,27,8,3,nan,16.0,27,19.0,20.0
69,竹山,2021-08-18,42,5,1,nan,19.0,17,42.0,35.0
78,馬公,2021-08-18,13,0,1,nan,nan,13,13.0,9.0
9,林口,2021-08-18,53,8,5,nan,14.0,53,20.0,24.0
51,大寮,2021-08-18,20,20,1,nan,16.0,13,18.0,19.0
8,菜寮,2021-08-18,45,5,5,nan,15.0,45,19.0,30.0
75,馬祖,2021-08-18,71,5,2,nan,11.0,15,71.0,nan
68,中壢,2021-08-18,52,8,10,nan,19.0,52,nan,32.0
52,林園,2021-08-18,22,5,1,nan,10.0,15,22.0,21.0
72,埔里,2021-08-18,31,2,2,nan,16.0,12,24.0,31.0
7,新莊,2021-08-18,53,53,5,nan,19.0,47,22.0,30.0
67,三重,2021-08-18,55,8,14,nan,22.0,55,nan,37.0
71,復興,2021-08-18,17,12,3,nan,9.0,17,nan,15.0
53,楠梓,2021-08-18,27,10,2,nan,15.0,27,16.0,14.0
70,永和,2021-08-18,40,5,10,nan,22.0,40,nan,31.0
6,板橋,2021-08-18,43,15,5,nan,19.0,43,23.0,28.0
66,冬山,2021-08-18,26,5,2,nan,26.0,20,26.0,25.0
65,宜蘭,2021-08-18,26,5,1,nan,17.0,10,25.0,26.0
5,土城,2021-08-18,29,8,3,nan,21.0,27,29.0,22.0
64,陽明,2021-08-18,24,2,1,nan,10.0,12,24.0,21.0
4,新店,2021-08-18,27,5,3,nan,21.0,27,25.0,27.0
3,萬里,2021-08-18,25,15,1,nan,16.0,25,25.0,24.0
63,花蓮,2021-08-18,37,5,2,nan,17.0,15,37.0,26.0
54,左營,2021-08-18,20,8,2,nan,10.0,20,19.0,19.0
56,前金,2021-08-18,18,15,2,nan,8.0,18,17.0,17.0
62,臺東,2021-08-18,12,5,1,nan,8.0,10,12.0,10.0
28,豐原,2021-08-18,41,5,2,nan,23.0,22,38.0,41.0
29,沙鹿,2021-08-18,29,10,2,nan,22.0,25,28.0,29.0
27,三義,2021-08-18,38,5,2,nan,23.0,22,32.0,38.0
30,大里,2021-08-18,44,8,3,nan,26.0,38,40.0,44.0
78,馬公,2021-08-19,26,2,1,nan,9,17,26.0,15.0
20,平鎮,2021-08-19,47,5,3,nan,23,38,47.0,47.0
21,龍潭,2021-08-19,48,5,2,nan,20,20,48.0,35.0
22,湖口,2021-08-19,46,10,2,nan,22,35,46.0,44.0
19,觀音,2021-08-19,84,12,3,nan,26,37,84.0,52.0
23,竹東,2021-08-19,45,5,2,nan,23,20,45.0,37.0
24,新竹,2021-08-19,47,8,3,nan,21,33,43.0,47.0
25,頭份,2021-08-19,39,12,2,nan,22,20,nan,39.0
26,苗栗,2021-08-19,48,8,2,nan,23,20,48.0,35.0
18,大園,2021-08-19,58,22,3,nan,25,47,58.0,45.0
27,三義,2021-08-19,48,5,1,nan,20,20,48.0,33.0
28,豐原,2021-08-19,44,8,2,nan,20,13,44.0,31.0
29,沙鹿,2021-08-19,56,10,2,nan,19,56,38.0,22.0
17,桃園,2021-08-19,55,30,6,nan,31,55,48.0,52.0
30,大里,2021-08-19,39,5,3,nan,22,27,39.0,32.0
31,忠明,2021-08-19,45,10,3,nan,17,45,39.0,31.0
32,西屯,2021-08-19,41,15,2,nan,19,38,41.0,31.0
16,大同,2021-08-19,68,10,19,nan,26,68,nan,43.0
33,彰化,2021-08-19,29,10,3,nan,15,20,29.0,23.0
34,線西,2021-08-19,23,5,1,nan,18,20,nan,23.0
35,二林,2021-08-19,29,8,1,nan,17,17,29.0,28.0
15,松山,2021-08-19,64,5,6,nan,26,60,64.0,42.0
36,南投,2021-08-19,34,5,1,nan,16,12,34.0,29.0
37,斗六,2021-08-19,38,5,2,nan,17,15,38.0,27.0
14,古亭,2021-08-19,100,5,6,nan,24,48,100.0,41.0
13,萬華,2021-08-19,67,8,7,nan,23,60,67.0,42.0
38,崙背,2021-08-19,37,5,1,nan,19,37,30.0,30.0
39,新港,2021-08-19,37,30,2,nan,18,27,37.0,26.0
40,朴子,2021-08-19,34,5,2,nan,19,25,29.0,34.0
12,中山,2021-08-19,67,8,8,nan,25,67,58.0,42.0
41,臺西,2021-08-19,31,5,1,nan,17,18,nan,31.0
42,嘉義,2021-08-19,38,2,1,nan,15,13,38.0,nan
43,新營,2021-08-19,36,8,1,nan,17,12,36.0,34.0
44,善化,2021-08-19,37,2,1,nan,14,17,37.0,25.0
45,安南,2021-08-19,31,5,3,nan,15,18,31.0,27.0
11,士林,2021-08-19,52,8,5,nan,24,52,27.0,40.0
46,臺南,2021-08-19,26,5,2,nan,13,23,26.0,23.0
47,美濃,2021-08-19,34,5,1,nan,14,8,34.0,24.0
48,橋頭,2021-08-19,30,12,2,nan,17,30,21.0,28.0
10,淡水,2021-08-19,77,5,6,nan,24,56,77.0,39.0
70,永和,2021-08-19,57,5,12,nan,26,57,nan,39.0
9,林口,2021-08-19,74,10,6,nan,21,57,74.0,43.0
63,花蓮,2021-08-19,22,10,1,nan,13,8,22.0,19.0
72,埔里,2021-08-19,33,2,1,nan,16,12,32.0,33.0
8,菜寮,2021-08-19,74,8,7,nan,22,55,74.0,40.0
60,潮州,2021-08-19,17,2,1,nan,8,8,17.0,13.0
7,新莊,2021-08-19,77,10,6,nan,27,55,77.0,42.0
6,板橋,2021-08-19,87,8,6,nan,24,45,87.0,33.0
64,陽明,2021-08-19,51,5,2,nan,16,8,51.0,39.0
61,恆春,2021-08-19,12,2,0,nan,4,3,12.0,5.0
56,前金,2021-08-19,35,18,3,nan,8,35,18.0,20.0
57,前鎮,2021-08-19,30,5,3,nan,15,30,nan,17.0
2,汐止,2021-08-19,60,5,5,nan,26,60,46.0,41.0
5,土城,2021-08-19,93,10,5,nan,26,45,93.0,31.0
49,仁武,2021-08-19,24,10,2,nan,14,18,20.0,24.0
84,富貴角,2021-08-19,87,5,1,nan,25,12,87.0,37.0
66,冬山,2021-08-19,28,5,3,nan,28,23,19.0,26.0
68,中壢,2021-08-19,57,5,12,nan,28,57,nan,45.0
62,臺東,2021-08-19,15,5,1,nan,9,10,15.0,11.0
75,馬祖,2021-08-19,71,5,2,nan,16,17,71.0,nan
83,麥寮,2021-08-19,30,5,1,nan,16,22,nan,30.0
59,屏東,2021-08-19,28,8,2,nan,16,15,24.0,28.0
85,大城,2021-08-19,26,5,1,nan,19,13,25.0,26.0
50,鳳山,2021-08-19,29,10,3,nan,13,23,nan,29.0
51,大寮,2021-08-19,20,20,2,nan,16,20,17.0,20.0
1,基隆,2021-08-19,44,10,3,nan,21,32,44.0,37.0
52,林園,2021-08-19,22,5,1,nan,13,18,19.0,22.0
58,小港,2021-08-19,32,10,2,nan,18,32,12.0,23.0
80,關山,2021-08-19,15,2,0,nan,12,5,15.0,11.0
65,宜蘭,2021-08-19,30,2,2,nan,20,10,30.0,30.0
71,復興,2021-08-19,27,8,3,nan,11,27,nan,18.0
67,三重,2021-08-19,67,8,16,nan,27,67,nan,44.0
69,竹山,2021-08-19,41,5,1,nan,19,17,41.0,31.0
4,新店,2021-08-19,97,8,3,nan,23,30,97.0,31.0
3,萬里,2021-08-19,49,8,2,nan,21,10,49.0,31.0
53,楠梓,2021-08-19,30,10,2,nan,18,30,20.0,20.0
77,金門,2021-08-19,42,5,1,nan,16,28,42.0,24.0
54,左營,2021-08-19,28,15,3,nan,11,28,18.0,19.0
61,恆春,2021-08-20,16,2,0,nan,4,2,16.0,7.0
71,復興,2021-08-20,20,8,3,nan,9,20,nan,15.0
83,麥寮,2021-08-20,22,12,2,nan,15,22,nan,22.0
31,忠明,2021-08-20,45,5,2,nan,17,28,45.0,30.0
30,大里,2021-08-20,44,5,2,nan,21,28,44.0,33.0
47,美濃,2021-08-20,40,8,1,nan,14,8,40.0,24.0
25,頭份,2021-08-20,29,15,2,nan,16,23,nan,29.0
48,橋頭,2021-08-20,19,8,1,nan,14,18,17.0,19.0
84,富貴角,2021-08-20,50,2,2,nan,15,17,50.0,29.0
49,仁武,2021-08-20,27,8,2,nan,11,27,18.0,19.0
70,永和,2021-08-20,60,5,11,nan,26,60,nan,38.0
63,花蓮,2021-08-20,17,8,1,nan,9,12,17.0,11.0
85,大城,2021-08-20,35,5,1,nan,17,20,35.0,29.0
1,基隆,2021-08-20,77,5,3,nan,22,25,77.0,37.0
65,宜蘭,2021-08-20,29,2,2,nan,15,12,29.0,23.0
24,新竹,2021-08-20,40,5,2,nan,16,38,40.0,35.0
50,鳳山,2021-08-20,28,22,5,nan,12,28,nan,23.0
29,沙鹿,2021-08-20,43,35,3,nan,19,32,43.0,23.0
2,汐止,2021-08-20,77,10,5,nan,26,42,77.0,40.0
64,陽明,2021-08-20,41,5,2,nan,12,10,41.0,31.0
3,萬里,2021-08-20,74,10,2,nan,21,12,74.0,34.0
51,大寮,2021-08-20,26,22,2,nan,18,17,19.0,26.0
4,新店,2021-08-20,58,8,3,nan,23,35,58.0,31.0
28,豐原,2021-08-20,45,12,3,nan,21,25,45.0,33.0
5,土城,2021-08-20,55,8,6,nan,25,55,50.0,31.0
69,竹山,2021-08-20,38,5,1,nan,15,15,38.0,25.0
6,板橋,2021-08-20,53,10,7,nan,23,53,48.0,37.0
7,新莊,2021-08-20,45,30,6,nan,26,45,44.0,45.0
8,菜寮,2021-08-20,55,12,8,nan,22,55,45.0,43.0
23,竹東,2021-08-20,50,2,2,nan,16,10,50.0,25.0
52,林園,2021-08-20,21,2,1,nan,12,13,21.0,20.0
9,林口,2021-08-20,43,10,3,nan,17,43,42.0,34.0
59,屏東,2021-08-20,33,10,2,nan,18,25,33.0,28.0
66,冬山,2021-08-20,27,5,5,nan,23,22,27.0,18.0
53,楠梓,2021-08-20,20,5,2,nan,12,20,16.0,11.0
10,淡水,2021-08-20,55,8,5,nan,21,55,36.0,33.0
54,左營,2021-08-20,20,5,2,nan,8,20,17.0,15.0
11,士林,2021-08-20,61,5,6,nan,25,61,44.0,40.0
27,三義,2021-08-20,51,8,2,nan,21,13,51.0,36.0
12,中山,2021-08-20,64,10,9,nan,24,64,41.0,45.0
13,萬華,2021-08-20,57,10,8,nan,21,57,43.0,41.0
14,古亭,2021-08-20,51,8,5,nan,22,47,51.0,35.0
21,龍潭,2021-08-20,50,5,2,nan,16,25,50.0,31.0
15,松山,2021-08-20,71,5,5,nan,26,42,71.0,39.0
68,中壢,2021-08-20,57,8,11,nan,21,57,nan,36.0
56,前金,2021-08-20,20,8,2,nan,4,20,19.0,17.0
16,大同,2021-08-20,68,15,30,nan,30,68,nan,49.0
26,苗栗,2021-08-20,39,5,2,nan,18,18,39.0,32.0
17,桃園,2021-08-20,52,48,5,nan,29,52,38.0,45.0
22,湖口,2021-08-20,41,5,1,nan,18,28,41.0,31.0
58,小港,2021-08-20,32,15,1,nan,14,32,15.0,19.0
18,大園,2021-08-20,53,8,3,nan,18,53,39.0,33.0
19,觀音,2021-08-20,40,8,3,nan,17,40,38.0,36.0
57,前鎮,2021-08-20,20,10,3,nan,11,20,nan,10.0
20,平鎮,2021-08-20,44,8,3,nan,19,32,44.0,41.0
67,三重,2021-08-20,67,8,17,nan,27,67,nan,47.0
60,潮州,2021-08-20,25,2,1,nan,10,7,25.0,11.0
37,斗六,2021-08-20,32,8,2,nan,15,17,32.0,25.0
36,南投,2021-08-20,37,5,1,nan,17,15,37.0,31.0
38,崙背,2021-08-20,37,5,2,nan,21,37,23.0,30.0
77,金門,2021-08-20,28,8,0,nan,14,15,28.0,24.0
39,新港,2021-08-20,27,25,2,nan,12,27,23.0,19.0
35,二林,2021-08-20,34,10,1,nan,19,15,34.0,31.0
40,朴子,2021-08-20,25,5,2,nan,13,15,19.0,25.0
34,線西,2021-08-20,21,8,1,nan,18,15,nan,21.0
75,馬祖,2021-08-20,35,2,1,nan,14,22,35.0,nan
41,臺西,2021-08-20,20,8,2,nan,13,20,nan,19.0
33,彰化,2021-08-20,40,15,2,nan,17,15,40.0,25.0
78,馬公,2021-08-20,21,2,1,nan,5,17,21.0,8.0
42,嘉義,2021-08-20,25,5,1,nan,12,10,25.0,13.0
62,臺東,2021-08-20,16,2,1,nan,9,8,16.0,6.0
43,新營,2021-08-20,27,8,2,nan,12,13,20.0,27.0
44,善化,2021-08-20,22,5,1,nan,10,22,21.0,13.0
45,安南,2021-08-20,19,8,2,nan,11,18,19.0,16.0
72,埔里,2021-08-20,36,2,1,nan,14,12,36.0,27.0
32,西屯,2021-08-20,45,8,1,nan,19,35,45.0,34.0
46,臺南,2021-08-20,19,2,1,nan,7,15,19.0,10.0
80,關山,2021-08-20,14,2,0,nan,11,5,14.0,8.0
31,忠明,2021-08-21,35,10,2,nan,18,25,34.0,35.0
1,基隆,2021-08-21,44,10,3,nan,20,37,44.0,38.0
2,汐止,2021-08-21,61,10,6,nan,27,45,61.0,47.0
3,萬里,2021-08-21,46,8,2,nan,19,18,46.0,33.0
4,新店,2021-08-21,64,5,5,nan,25,37,64.0,42.0
5,土城,2021-08-21,61,5,6,nan,30,40,61.0,44.0
6,板橋,2021-08-21,64,12,7,nan,28,51,64.0,51.0
7,新莊,2021-08-21,52,18,6,nan,31,45,47.0,52.0
8,菜寮,2021-08-21,49,5,6,nan,22,37,49.0,49.0
9,林口,2021-08-21,35,8,2,nan,19,33,33.0,35.0
10,淡水,2021-08-21,40,5,5,nan,20,40,32.0,36.0
11,士林,2021-08-21,51,5,3,nan,28,43,51.0,46.0
12,中山,2021-08-21,54,5,8,nan,27,43,54.0,46.0
13,萬華,2021-08-21,64,8,6,nan,23,47,64.0,45.0
14,古亭,2021-08-21,93,5,5,nan,24,42,93.0,46.0
15,松山,2021-08-21,87,5,5,nan,26,42,87.0,45.0
16,大同,2021-08-21,53,5,16,nan,30,50,nan,53.0
17,桃園,2021-08-21,48,20,5,nan,27,45,31.0,48.0
18,大園,2021-08-21,45,8,3,nan,21,45,30.0,40.0
19,觀音,2021-08-21,36,5,2,nan,17,23,23.0,36.0
20,平鎮,2021-08-21,47,2,2,nan,20,35,33.0,47.0
21,龍潭,2021-08-21,47,2,2,nan,18,18,47.0,36.0
22,湖口,2021-08-21,35,8,2,nan,18,18,26.0,35.0
23,竹東,2021-08-21,42,2,2,nan,18,8,42.0,31.0
24,新竹,2021-08-21,41,8,2,nan,18,30,22.0,41.0
25,頭份,2021-08-21,30,12,2,nan,18,17,nan,30.0
26,苗栗,2021-08-21,28,8,1,nan,17,20,28.0,28.0
27,三義,2021-08-21,35,12,2,nan,19,20,35.0,33.0
28,豐原,2021-08-21,44,12,3,nan,19,18,44.0,35.0
29,沙鹿,2021-08-21,27,12,1,nan,18,22,21.0,27.0
30,大里,2021-08-21,44,10,2,nan,23,17,39.0,44.0
32,西屯,2021-08-21,39,8,1,nan,19,28,31.0,39.0
33,彰化,2021-08-21,37,20,1,nan,23,17,27.0,37.0
34,線西,2021-08-21,31,5,1,nan,21,22,nan,31.0
35,二林,2021-08-21,36,10,1,nan,19,18,22.0,36.0
36,南投,2021-08-21,39,8,1,nan,19,13,39.0,39.0
37,斗六,2021-08-21,33,10,2,nan,15,13,33.0,29.0
38,崙背,2021-08-21,37,2,1,nan,21,37,19.0,35.0
39,新港,2021-08-21,25,12,2,nan,14,18,25.0,24.0
40,朴子,2021-08-21,26,5,2,nan,16,15,19.0,26.0
41,臺西,2021-08-21,26,5,1,nan,14,18,nan,26.0
42,嘉義,2021-08-21,27,5,1,nan,13,8,27.0,16.0
43,新營,2021-08-21,32,5,1,nan,15,10,23.0,32.0
44,善化,2021-08-21,20,2,1,nan,11,13,20.0,20.0
45,安南,2021-08-21,23,5,2,nan,14,22,20.0,23.0
46,臺南,2021-08-21,23,5,2,nan,11,23,19.0,19.0
47,美濃,2021-08-21,31,5,1,nan,14,8,31.0,18.0
48,橋頭,2021-08-21,25,2,2,nan,15,18,23.0,25.0
49,仁武,2021-08-21,24,5,2,nan,14,22,20.0,24.0
50,鳳山,2021-08-21,28,5,5,nan,13,22,nan,28.0
51,大寮,2021-08-21,33,15,3,nan,23,25,21.0,33.0
52,林園,2021-08-21,28,8,2,nan,14,18,20.0,28.0
53,楠梓,2021-08-21,22,12,2,nan,14,22,21.0,18.0
54,左營,2021-08-21,35,8,3,nan,14,35,22.0,22.0
56,前金,2021-08-21,32,8,3,nan,4,32,20.0,18.0
57,前鎮,2021-08-21,27,5,3,nan,10,27,nan,10.0
58,小港,2021-08-21,32,32,1,nan,13,23,18.0,24.0
59,屏東,2021-08-21,29,5,2,nan,19,17,29.0,26.0
60,潮州,2021-08-21,26,12,2,nan,16,15,24.0,26.0
61,恆春,2021-08-21,18,0,0,nan,4,3,18.0,8.0
62,臺東,2021-08-21,16,2,1,nan,9,13,16.0,8.0
63,花蓮,2021-08-21,17,5,2,nan,12,15,17.0,15.0
64,陽明,2021-08-21,51,2,2,nan,20,7,51.0,51.0
65,宜蘭,2021-08-21,28,8,1,nan,12,10,28.0,17.0
66,冬山,2021-08-21,30,8,2,nan,18,13,30.0,16.0
67,三重,2021-08-21,55,8,12,nan,27,55,nan,51.0
68,中壢,2021-08-21,48,5,9,nan,23,48,nan,47.0
69,竹山,2021-08-21,39,5,0,nan,17,12,39.0,31.0
70,永和,2021-08-21,53,5,12,nan,29,52,nan,53.0
71,復興,2021-08-21,22,5,3,nan,7,22,nan,19.0
72,埔里,2021-08-21,41,2,1,nan,16,8,41.0,36.0
75,馬祖,2021-08-21,49,2,1,nan,17,20,49.0,nan
77,金門,2021-08-21,31,2,1,nan,13,13,31.0,20.0
78,馬公,2021-08-21,20,5,1,nan,7,18,20.0,19.0
80,關山,2021-08-21,15,2,0,nan,15,3,13.0,10.0
83,麥寮,2021-08-21,24,5,1,nan,19,18,nan,24.0
84,富貴角,2021-08-21,71,5,2,nan,19,13,71.0,41.0
85,大城,2021-08-21,26,5,1,nan,18,15,20.0,26.0
2,汐止,2021-08-22,49,12.0,5.0,nan,26.0,32.0,49.0,49.0
67,三重,2021-08-22,-1,nan,nan,nan,nan,nan,nan,nan
1,基隆,2021-08-22,41,8.0,3.0,nan,19.0,23.0,38.0,41.0
66,冬山,2021-08-22,42,8.0,2.0,nan,24.0,30.0,42.0,40.0
69,竹山,2021-08-22,38,5.0,0.0,nan,16.0,10.0,38.0,31.0
65,宜蘭,2021-08-22,51,10.0,1.0,nan,23.0,7.0,51.0,45.0
68,中壢,2021-08-22,-1,nan,nan,nan,nan,nan,nan,nan
64,陽明,2021-08-22,-1,nan,nan,nan,nan,nan,nan,nan
70,永和,2021-08-22,-1,nan,nan,nan,nan,nan,nan,nan
63,花蓮,2021-08-22,24,5.0,2.0,nan,15.0,12.0,24.0,21.0
71,復興,2021-08-22,-1,nan,nan,nan,nan,nan,nan,nan
62,臺東,2021-08-22,23,5.0,1.0,nan,13.0,8.0,23.0,16.0
61,恆春,2021-08-22,-1,nan,nan,nan,nan,nan,nan,nan
60,潮州,2021-08-22,41,8.0,2.0,nan,13.0,12.0,41.0,23.0
59,屏東,2021-08-22,41,8.0,2.0,nan,17.0,18.0,41.0,24.0
58,小港,2021-08-22,38,5.0,1.0,nan,13.0,37.0,38.0,27.0
57,前鎮,2021-08-22,-1,nan,nan,nan,nan,nan,nan,nan
56,前金,2021-08-22,33,8.0,2.0,nan,3.0,20.0,33.0,20.0
54,左營,2021-08-22,33,5.0,2.0,nan,14.0,20.0,33.0,24.0
53,楠梓,2021-08-22,31,8.0,1.0,nan,11.0,18.0,31.0,16.0
52,林園,2021-08-22,42,10.0,2.0,nan,18.0,15.0,42.0,38.0
51,大寮,2021-08-22,51,51.0,2.0,nan,17.0,17.0,33.0,24.0
50,鳳山,2021-08-22,22,5.0,3.0,nan,11.0,22.0,nan,22.0
49,仁武,2021-08-22,32,8.0,1.0,nan,11.0,18.0,32.0,24.0
48,橋頭,2021-08-22,-1,nan,nan,nan,nan,nan,nan,nan
47,美濃,2021-08-22,36,10.0,1.0,nan,14.0,8.0,36.0,22.0
46,臺南,2021-08-22,27,2.0,1.0,nan,8.0,12.0,27.0,14.0
45,安南,2021-08-22,27,5.0,1.0,nan,12.0,12.0,27.0,17.0
44,善化,2021-08-22,27,10.0,0.0,nan,11.0,17.0,27.0,16.0
43,新營,2021-08-22,32,8.0,2.0,nan,15.0,15.0,30.0,32.0
42,嘉義,2021-08-22,31,2.0,0.0,nan,13.0,8.0,31.0,21.0
41,臺西,2021-08-22,33,10.0,2.0,nan,19.0,22.0,nan,33.0
40,朴子,2021-08-22,35,5.0,2.0,nan,16.0,18.0,24.0,35.0
39,新港,2021-08-22,32,32.0,2.0,nan,12.0,17.0,31.0,25.0
38,崙背,2021-08-22,42,2.0,1.0,nan,22.0,42.0,26.0,37.0
37,斗六,2021-08-22,32,8.0,1.0,nan,15.0,10.0,32.0,28.0
36,南投,2021-08-22,43,10.0,1.0,nan,19.0,13.0,37.0,43.0
35,二林,2021-08-22,39,8.0,2.0,nan,22.0,13.0,29.0,39.0
34,線西,2021-08-22,-1,nan,nan,nan,nan,nan,nan,nan
33,彰化,2021-08-22,35,10.0,0.0,nan,16.0,15.0,35.0,33.0
32,西屯,2021-08-22,31,5.0,1.0,nan,17.0,22.0,31.0,31.0
31,忠明,2021-08-22,35,5.0,1.0,nan,16.0,20.0,35.0,33.0
30,大里,2021-08-22,37,5.0,1.0,nan,18.0,15.0,37.0,32.0
29,沙鹿,2021-08-22,38,38.0,2.0,nan,18.0,22.0,28.0,27.0
28,豐原,2021-08-22,36,15.0,2.0,nan,19.0,18.0,36.0,35.0
27,三義,2021-08-22,37,5.0,1.0,nan,17.0,15.0,37.0,34.0
26,苗栗,2021-08-22,34,5.0,1.0,nan,16.0,13.0,34.0,31.0
25,頭份,2021-08-22,-1,nan,nan,nan,nan,nan,nan,nan
24,新竹,2021-08-22,41,8.0,2.0,nan,17.0,23.0,28.0,41.0
23,竹東,2021-08-22,40,5.0,2.0,nan,23.0,13.0,38.0,40.0
22,湖口,2021-08-22,32,5.0,1.0,nan,17.0,13.0,28.0,32.0
21,龍潭,2021-08-22,41,2.0,2.0,nan,20.0,17.0,40.0,41.0
20,平鎮,2021-08-22,49,5.0,2.0,nan,19.0,20.0,31.0,49.0
19,觀音,2021-08-22,-1,nan,nan,nan,nan,nan,nan,nan
18,大園,2021-08-22,39,8.0,3.0,nan,18.0,33.0,25.0,39.0
17,桃園,2021-08-22,46,8.0,3.0,nan,22.0,32.0,36.0,46.0
16,大同,2021-08-22,-1,nan,nan,nan,nan,nan,nan,nan
15,松山,2021-08-22,46,5.0,5.0,nan,24.0,35.0,44.0,46.0
14,古亭,2021-08-22,46,5.0,3.0,nan,22.0,25.0,44.0,46.0
13,萬華,2021-08-22,43,10.0,3.0,nan,21.0,32.0,38.0,43.0
12,中山,2021-08-22,46,5.0,5.0,nan,23.0,32.0,36.0,46.0
11,士林,2021-08-22,39,5.0,3.0,nan,24.0,25.0,35.0,39.0
10,淡水,2021-08-22,33,8.0,3.0,nan,18.0,20.0,28.0,33.0
9,林口,2021-08-22,45,5.0,5.0,nan,19.0,43.0,31.0,45.0
8,菜寮,2021-08-22,49,8.0,5.0,nan,21.0,27.0,35.0,49.0
85,大城,2021-08-22,31,5.0,1.0,nan,18.0,13.0,25.0,31.0
7,新莊,2021-08-22,52,20.0,6.0,nan,27.0,37.0,34.0,52.0
84,富貴角,2021-08-22,39,5.0,1.0,nan,12.0,13.0,39.0,25.0
6,板橋,2021-08-22,46,8.0,5.0,nan,24.0,32.0,41.0,46.0
83,麥寮,2021-08-22,-1,nan,nan,nan,nan,nan,nan,nan
80,關山,2021-08-22,20,2.0,1.0,nan,14.0,5.0,20.0,12.0
5,土城,2021-08-22,44,8.0,3.0,nan,28.0,30.0,44.0,43.0
78,馬公,2021-08-22,21,0.0,1.0,nan,4.0,7.0,21.0,8.0
4,新店,2021-08-22,43,5.0,2.0,nan,24.0,22.0,43.0,43.0
77,金門,2021-08-22,-1,nan,nan,nan,nan,nan,nan,nan
3,萬里,2021-08-22,-1,nan,nan,nan,nan,nan,nan,nan
75,馬祖,2021-08-22,-1,nan,nan,nan,nan,nan,nan,nan
72,埔里,2021-08-22,36,5.0,1.0,nan,17.0,8.0,36.0,35.0
1,基隆,2021-08-23,38,2,3,nan,18,20,37.0,38.0
2,汐止,2021-08-23,41,10,2,nan,22,38,36.0,41.0
3,萬里,2021-08-23,36,2,2,nan,19,27,36.0,29.0
4,新店,2021-08-23,50,5,3,nan,27,37,50.0,42.0
5,土城,2021-08-23,61,10,3,nan,25,38,61.0,37.0
6,板橋,2021-08-23,51,5,3,nan,24,35,51.0,42.0
7,新莊,2021-08-23,46,22,3,nan,25,35,46.0,43.0
8,菜寮,2021-08-23,44,8,5,nan,21,42,44.0,43.0
9,林口,2021-08-23,39,10,2,nan,18,35,39.0,27.0
10,淡水,2021-08-23,27,2,2,nan,18,27,27.0,26.0
11,士林,2021-08-23,35,5,3,nan,26,35,34.0,34.0
12,中山,2021-08-23,50,8,7,nan,26,50,34.0,43.0
13,萬華,2021-08-23,50,12,6,nan,23,50,35.0,45.0
14,古亭,2021-08-23,48,5,3,nan,24,33,45.0,48.0
15,松山,2021-08-23,45,8,3,nan,27,38,30.0,45.0
16,大同,2021-08-23,55,10,25,nan,28,55,nan,53.0
17,桃園,2021-08-23,38,12,3,nan,20,28,38.0,38.0
18,大園,2021-08-23,27,8,2,nan,15,25,27.0,20.0
19,觀音,2021-08-23,23,5,1,nan,9,23,23.0,16.0
20,平鎮,2021-08-23,36,5,2,nan,17,27,30.0,36.0
21,龍潭,2021-08-23,39,5,1,nan,17,22,39.0,31.0
22,湖口,2021-08-23,29,10,1,nan,16,28,24.0,29.0
23,竹東,2021-08-23,32,2,2,nan,21,13,32.0,31.0
24,新竹,2021-08-23,30,8,2,nan,14,28,21.0,30.0
25,頭份,2021-08-23,25,12,1,nan,12,25,nan,21.0
26,苗栗,2021-08-23,25,5,1,nan,14,15,25.0,19.0
27,三義,2021-08-23,33,10,1,nan,15,17,33.0,25.0
28,豐原,2021-08-23,40,5,2,nan,16,17,40.0,24.0
29,沙鹿,2021-08-23,24,8,1,nan,14,18,24.0,17.0
30,大里,2021-08-23,33,5,1,nan,17,18,33.0,28.0
31,忠明,2021-08-23,31,8,2,nan,15,25,31.0,26.0
32,西屯,2021-08-23,30,8,1,nan,17,23,30.0,26.0
33,彰化,2021-08-23,25,8,0,nan,21,18,25.0,21.0
34,線西,2021-08-23,24,5,1,nan,18,12,nan,24.0
35,二林,2021-08-23,25,10,1,nan,17,15,23.0,25.0
36,南投,2021-08-23,31,5,1,nan,18,12,31.0,31.0
37,斗六,2021-08-23,30,8,1,nan,13,12,30.0,23.0
38,崙背,2021-08-23,33,5,1,nan,15,33,22.0,28.0
39,新港,2021-08-23,23,5,2,nan,12,15,23.0,19.0
40,朴子,2021-08-23,24,5,2,nan,13,15,19.0,24.0
41,臺西,2021-08-23,19,5,1,nan,10,13,nan,19.0
42,嘉義,2021-08-23,28,8,1,nan,14,13,28.0,19.0
43,新營,2021-08-23,30,8,1,nan,14,12,26.0,30.0
44,善化,2021-08-23,28,2,1,nan,11,13,28.0,19.0
45,安南,2021-08-23,24,5,2,nan,13,15,24.0,17.0
46,臺南,2021-08-23,25,5,1,nan,10,20,25.0,16.0
47,美濃,2021-08-23,44,5,2,nan,19,10,44.0,34.0
48,橋頭,2021-08-23,29,10,2,nan,17,23,28.0,29.0
49,仁武,2021-08-23,28,18,2,nan,14,25,27.0,28.0
50,鳳山,2021-08-23,29,8,3,nan,13,25,nan,29.0
51,大寮,2021-08-23,34,15,3,nan,21,20,27.0,34.0
52,林園,2021-08-23,38,15,2,nan,16,18,31.0,38.0
53,楠梓,2021-08-23,27,5,2,nan,14,27,23.0,17.0
54,左營,2021-08-23,25,10,2,nan,12,23,25.0,23.0
56,前金,2021-08-23,28,5,1,nan,2,27,28.0,19.0
57,前鎮,2021-08-23,30,22,3,nan,11,30,nan,20.0
58,小港,2021-08-23,48,18,2,nan,17,48,20.0,31.0
59,屏東,2021-08-23,37,22,2,nan,23,23,37.0,36.0
60,潮州,2021-08-23,27,2,1,nan,14,8,19.0,27.0
61,恆春,2021-08-23,18,2,0,nan,5,3,18.0,9.0
62,臺東,2021-08-23,19,5,2,nan,15,13,18.0,19.0
63,花蓮,2021-08-23,24,2,1,nan,18,13,19.0,24.0
64,陽明,2021-08-23,34,5,1,nan,13,12,34.0,28.0
65,宜蘭,2021-08-23,49,2,2,nan,26,10,34.0,49.0
66,冬山,2021-08-23,44,5,2,nan,30,22,28.0,44.0
67,三重,2021-08-23,58,8,16,nan,25,58,nan,45.0
68,中壢,2021-08-23,37,5,10,nan,23,37,nan,34.0
69,竹山,2021-08-23,36,5,1,nan,15,13,36.0,29.0
70,永和,2021-08-23,53,5,10,nan,29,45,nan,53.0
71,復興,2021-08-23,30,18,3,nan,8,30,nan,23.0
72,埔里,2021-08-23,36,2,1,nan,17,10,36.0,35.0
75,馬祖,2021-08-23,39,2,1,nan,17,20,39.0,nan
77,金門,2021-08-23,25,5,0,nan,12,15,25.0,12.0
78,馬公,2021-08-23,23,0,1,nan,7,23,19.0,6.0
80,關山,2021-08-23,19,2,1,nan,14,5,19.0,18.0
83,麥寮,2021-08-23,20,5,1,nan,15,15,nan,20.0
84,富貴角,2021-08-23,42,8,1,nan,15,18,42.0,23.0
85,大城,2021-08-23,20,10,0,nan,15,13,19.0,20.0
84,富貴角,2021-08-24,26,2.0,1.0,nan,13.0,17.0,26.0,21.0
7,新莊,2021-08-24,56,18.0,8.0,nan,28.0,56.0,37.0,51.0
6,板橋,2021-08-24,59,5.0,8.0,nan,24.0,59.0,40.0,43.0
5,土城,2021-08-24,52,5.0,5.0,nan,27.0,52.0,38.0,36.0
4,新店,2021-08-24,46,2.0,3.0,nan,23.0,25.0,46.0,40.0
3,萬里,2021-08-24,-1,nan,nan,nan,nan,nan,nan,nan
2,汐止,2021-08-24,55,2.0,5.0,nan,27.0,55.0,44.0,49.0
1,基隆,2021-08-24,51,8.0,3.0,nan,26.0,42.0,45.0,51.0
8,菜寮,2021-08-24,59,8.0,8.0,nan,22.0,59.0,41.0,47.0
83,麥寮,2021-08-24,25,5.0,2.0,nan,17.0,20.0,nan,25.0
80,關山,2021-08-24,17,2.0,0.0,nan,17.0,3.0,17.0,16.0
78,馬公,2021-08-24,21,0.0,1.0,nan,8.0,13.0,21.0,8.0
77,金門,2021-08-24,-1,nan,nan,nan,nan,nan,nan,nan
75,馬祖,2021-08-24,-1,nan,nan,nan,nan,nan,nan,nan
72,埔里,2021-08-24,31,2.0,1.0,nan,14.0,12.0,31.0,27.0
71,復興,2021-08-24,-1,nan,nan,nan,nan,nan,nan,nan
70,永和,2021-08-24,-1,nan,nan,nan,nan,nan,nan,nan
69,竹山,2021-08-24,32,8.0,1.0,nan,16.0,15.0,32.0,25.0
68,中壢,2021-08-24,-1,nan,nan,nan,nan,nan,nan,nan
67,三重,2021-08-24,-1,nan,nan,nan,nan,nan,nan,nan
66,冬山,2021-08-24,38,5.0,3.0,nan,29.0,27.0,29.0,38.0
65,宜蘭,2021-08-24,40,2.0,2.0,nan,24.0,10.0,28.0,40.0
64,陽明,2021-08-24,37,2.0,2.0,nan,12.0,13.0,37.0,30.0
63,花蓮,2021-08-24,25,25.0,1.0,nan,17.0,22.0,20.0,22.0
62,臺東,2021-08-24,19,5.0,1.0,nan,15.0,7.0,19.0,18.0
61,恆春,2021-08-24,19,2.0,0.0,nan,8.0,5.0,19.0,13.0
60,潮州,2021-08-24,19,2.0,1.0,nan,11.0,12.0,19.0,15.0
85,大城,2021-08-24,23,10.0,1.0,nan,16.0,15.0,19.0,23.0
59,屏東,2021-08-24,31,2.0,2.0,nan,19.0,20.0,13.0,31.0
58,小港,2021-08-24,40,8.0,1.0,nan,16.0,40.0,14.0,28.0
57,前鎮,2021-08-24,33,8.0,3.0,nan,13.0,33.0,nan,15.0
56,前金,2021-08-24,35,8.0,2.0,nan,5.0,35.0,19.0,22.0
54,左營,2021-08-24,28,8.0,2.0,nan,14.0,28.0,19.0,24.0
53,楠梓,2021-08-24,38,8.0,2.0,nan,16.0,38.0,19.0,23.0
52,林園,2021-08-24,31,2.0,2.0,nan,18.0,18.0,20.0,31.0
51,大寮,2021-08-24,39,15.0,3.0,nan,29.0,37.0,20.0,39.0
50,鳳山,2021-08-24,29,10.0,3.0,nan,15.0,25.0,nan,29.0
49,仁武,2021-08-24,28,8.0,2.0,nan,17.0,25.0,20.0,28.0
48,橋頭,2021-08-24,-1,nan,nan,nan,nan,nan,nan,nan
47,美濃,2021-08-24,28,5.0,1.0,nan,14.0,10.0,28.0,25.0
46,臺南,2021-08-24,28,5.0,2.0,nan,15.0,28.0,21.0,22.0
45,安南,2021-08-24,25,8.0,2.0,nan,14.0,25.0,20.0,21.0
44,善化,2021-08-24,28,10.0,1.0,nan,12.0,28.0,19.0,22.0
43,新營,2021-08-24,32,5.0,1.0,nan,16.0,13.0,26.0,32.0
42,嘉義,2021-08-24,29,5.0,2.0,nan,18.0,23.0,29.0,24.0
41,臺西,2021-08-24,22,8.0,1.0,nan,14.0,18.0,nan,22.0
40,朴子,2021-08-24,29,5.0,2.0,nan,17.0,18.0,20.0,29.0
39,新港,2021-08-24,32,28.0,2.0,nan,15.0,32.0,25.0,28.0
38,崙背,2021-08-24,31,5.0,1.0,nan,18.0,30.0,19.0,31.0
37,斗六,2021-08-24,29,8.0,1.0,nan,15.0,15.0,29.0,23.0
36,南投,2021-08-24,30,8.0,1.0,nan,15.0,18.0,30.0,26.0
35,二林,2021-08-24,25,8.0,1.0,nan,16.0,17.0,20.0,25.0
34,線西,2021-08-24,24,5.0,2.0,nan,14.0,22.0,nan,24.0
33,彰化,2021-08-24,25,10.0,1.0,nan,18.0,20.0,20.0,25.0
32,西屯,2021-08-24,30,5.0,1.0,nan,17.0,30.0,23.0,26.0
31,忠明,2021-08-24,43,2.0,2.0,nan,12.0,43.0,30.0,19.0
30,大里,2021-08-24,30,5.0,2.0,nan,17.0,25.0,30.0,24.0
29,沙鹿,2021-08-24,22,5.0,1.0,nan,13.0,22.0,22.0,16.0
28,豐原,2021-08-24,33,5.0,2.0,nan,12.0,12.0,33.0,19.0
27,三義,2021-08-24,30,10.0,1.0,nan,12.0,15.0,30.0,19.0
26,苗栗,2021-08-24,27,5.0,1.0,nan,10.0,12.0,27.0,18.0
25,頭份,2021-08-24,20,10.0,1.0,nan,14.0,20.0,nan,19.0
24,新竹,2021-08-24,29,5.0,2.0,nan,12.0,20.0,25.0,29.0
23,竹東,2021-08-24,31,5.0,1.0,nan,15.0,10.0,31.0,21.0
22,湖口,2021-08-24,25,5.0,1.0,nan,16.0,25.0,24.0,25.0
21,龍潭,2021-08-24,34,5.0,1.0,nan,16.0,23.0,34.0,28.0
20,平鎮,2021-08-24,37,5.0,2.0,nan,19.0,32.0,27.0,37.0
19,觀音,2021-08-24,-1,nan,nan,nan,nan,nan,nan,nan
18,大園,2021-08-24,30,5.0,2.0,nan,14.0,30.0,25.0,21.0
17,桃園,2021-08-24,43,8.0,3.0,nan,19.0,43.0,32.0,33.0
16,大同,2021-08-24,-1,nan,nan,nan,nan,nan,nan,nan
15,松山,2021-08-24,56,5.0,6.0,nan,31.0,56.0,50.0,49.0
14,古亭,2021-08-24,47,2.0,3.0,nan,22.0,45.0,47.0,45.0
13,萬華,2021-08-24,59,2.0,7.0,nan,23.0,59.0,40.0,46.0
12,中山,2021-08-24,57,5.0,10.0,nan,27.0,57.0,39.0,44.0
11,士林,2021-08-24,47,5.0,5.0,nan,26.0,47.0,38.0,38.0
10,淡水,2021-08-24,40,2.0,5.0,nan,21.0,40.0,26.0,35.0
9,林口,2021-08-24,48,8.0,3.0,nan,18.0,48.0,32.0,31.0
85,大城,2021-08-25,39,10,1,nan,21.0,15,29.0,39.0
84,富貴角,2021-08-25,58,2,1,nan,17.0,12,58.0,32.0
83,麥寮,2021-08-25,36,8,1,nan,19.0,18,nan,36.0
80,關山,2021-08-25,42,2,1,nan,23.0,5,20.0,42.0
78,馬公,2021-08-25,25,0,1,nan,10.0,10,18.0,25.0
77,金門,2021-08-25,30,5,0,nan,10.0,30,19.0,17.0
75,馬祖,2021-08-25,20,2,0,nan,nan,20,19.0,nan
72,埔里,2021-08-25,35,5,1,nan,13.0,15,35.0,25.0
71,復興,2021-08-25,59,18,3,nan,22.0,23,nan,59.0
70,永和,2021-08-25,49,5,11,nan,23.0,48,nan,49.0
69,竹山,2021-08-25,42,8,1,nan,18.0,12,42.0,33.0
68,中壢,2021-08-25,50,5,10,nan,24.0,50,nan,42.0
67,三重,2021-08-25,62,5,15,nan,25.0,62,nan,45.0
66,冬山,2021-08-25,42,5,2,nan,28.0,20,29.0,42.0
65,宜蘭,2021-08-25,36,2,1,nan,22.0,8,31.0,36.0
64,陽明,2021-08-25,39,2,1,nan,14.0,13,39.0,36.0
63,花蓮,2021-08-25,42,2,1,nan,20.0,8,22.0,42.0
62,臺東,2021-08-25,38,5,2,nan,20.0,12,21.0,38.0
61,恆春,2021-08-25,46,5,0,nan,18.0,3,25.0,46.0
60,潮州,2021-08-25,40,5,0,nan,20.0,7,19.0,40.0
59,屏東,2021-08-25,46,12,3,nan,25.0,17,25.0,46.0
58,小港,2021-08-25,57,15,2,nan,29.0,27,14.0,57.0
57,前鎮,2021-08-25,53,20,5,nan,27.0,25,nan,53.0
56,前金,2021-08-25,56,8,2,nan,18.0,32,23.0,56.0
54,左營,2021-08-25,49,12,2,nan,27.0,27,22.0,49.0
53,楠梓,2021-08-25,43,12,2,nan,27.0,28,19.0,43.0
52,林園,2021-08-25,62,2,1,nan,29.0,13,23.0,62.0
51,大寮,2021-08-25,60,25,3,nan,37.0,22,20.0,60.0
50,鳳山,2021-08-25,50,35,5,nan,24.0,35,nan,50.0
49,仁武,2021-08-25,54,22,3,nan,29.0,33,21.0,54.0
48,橋頭,2021-08-25,52,8,2,nan,28.0,25,24.0,52.0
47,美濃,2021-08-25,33,5,1,nan,18.0,8,31.0,33.0
46,臺南,2021-08-25,45,5,1,nan,20.0,28,29.0,45.0
45,安南,2021-08-25,42,8,2,nan,22.0,23,31.0,42.0
44,善化,2021-08-25,36,5,1,nan,17.0,15,32.0,36.0
43,新營,2021-08-25,47,10,1,nan,23.0,18,27.0,47.0
42,嘉義,2021-08-25,33,5,1,nan,18.0,8,31.0,33.0
41,臺西,2021-08-25,36,8,1,nan,21.0,20,nan,36.0
40,朴子,2021-08-25,42,8,2,nan,21.0,18,24.0,42.0
39,新港,2021-08-25,38,12,2,nan,20.0,17,29.0,38.0
38,崙背,2021-08-25,42,5,1,nan,21.0,33,25.0,42.0
37,斗六,2021-08-25,34,8,2,nan,17.0,13,34.0,33.0
36,南投,2021-08-25,40,8,1,nan,18.0,12,34.0,40.0
35,二林,2021-08-25,34,5,1,nan,20.0,13,28.0,34.0
34,線西,2021-08-25,31,5,1,nan,21.0,17,nan,31.0
33,彰化,2021-08-25,34,8,1,nan,25.0,17,28.0,34.0
32,西屯,2021-08-25,37,5,1,nan,21.0,23,32.0,37.0
31,忠明,2021-08-25,36,5,2,nan,18.0,28,36.0,31.0
30,大里,2021-08-25,40,5,2,nan,21.0,20,40.0,33.0
29,沙鹿,2021-08-25,30,10,1,nan,16.0,23,30.0,26.0
28,豐原,2021-08-25,44,8,2,nan,18.0,17,44.0,33.0
27,三義,2021-08-25,37,2,1,nan,14.0,10,37.0,28.0
26,苗栗,2021-08-25,36,8,1,nan,15.0,13,36.0,27.0
25,頭份,2021-08-25,27,12,1,nan,19.0,17,nan,27.0
24,新竹,2021-08-25,37,10,2,nan,18.0,25,28.0,37.0
23,竹東,2021-08-25,31,5,2,nan,17.0,17,31.0,24.0
22,湖口,2021-08-25,37,5,1,nan,17.0,17,31.0,37.0
21,龍潭,2021-08-25,42,2,2,nan,15.0,22,42.0,24.0
1,基隆,2021-08-25,48,8,3,nan,24.0,25,36.0,48.0
20,平鎮,2021-08-25,43,5,3,nan,19.0,43,33.0,38.0
19,觀音,2021-08-25,35,15,1,nan,16.0,30,27.0,35.0
18,大園,2021-08-25,45,8,3,nan,21.0,45,30.0,37.0
17,桃園,2021-08-25,50,22,5,nan,25.0,50,36.0,42.0
16,大同,2021-08-25,64,8,28,nan,27.0,64,nan,49.0
15,松山,2021-08-25,47,10,5,nan,27.0,47,39.0,45.0
14,古亭,2021-08-25,46,8,5,nan,21.0,40,46.0,41.0
13,萬華,2021-08-25,53,5,7,nan,22.0,53,44.0,38.0
12,中山,2021-08-25,62,2,8,nan,24.0,62,46.0,44.0
11,士林,2021-08-25,50,2,5,nan,24.0,50,40.0,42.0
10,淡水,2021-08-25,52,2,6,nan,22.0,52,33.0,38.0
9,林口,2021-08-25,52,8,5,nan,21.0,52,40.0,42.0
8,菜寮,2021-08-25,45,2,7,nan,20.0,45,45.0,43.0
7,新莊,2021-08-25,57,42,7,nan,31.0,57,50.0,46.0
6,板橋,2021-08-25,67,2,8,nan,24.0,59,67.0,43.0
5,土城,2021-08-25,74,2,7,nan,28.0,56,74.0,37.0
4,新店,2021-08-25,49,10,3,nan,21.0,28,49.0,30.0
3,萬里,2021-08-25,45,10,1,nan,22.0,18,45.0,38.0
2,汐止,2021-08-25,47,15,5,nan,25.0,47,36.0,42.0
60,潮州,2021-08-26,48,8,1,nan,23.0,12,44.0,48
1,基隆,2021-08-26,29,5,3,nan,18.0,28,13.0,29
2,汐止,2021-08-26,28,5,3,nan,18.0,28,16.0,28
3,萬里,2021-08-26,29,5,1,nan,14.0,22,18.0,29
4,新店,2021-08-26,21,0,2,nan,16.0,15,19.0,21
5,土城,2021-08-26,32,2,5,nan,20.0,32,28.0,23
6,板橋,2021-08-26,32,2,5,nan,17.0,32,24.0,24
7,新莊,2021-08-26,36,10,3,nan,24.0,33,30.0,36
8,菜寮,2021-08-26,31,5,3,nan,16.0,30,26.0,31
9,林口,2021-08-26,40,5,2,nan,18.0,40,31.0,34
10,淡水,2021-08-26,50,5,5,nan,18.0,50,28.0,29
11,士林,2021-08-26,33,5,3,nan,18.0,33,21.0,25
12,中山,2021-08-26,40,5,5,nan,17.0,40,18.0,28
13,萬華,2021-08-26,45,5,3,nan,16.0,45,17.0,25
14,古亭,2021-08-26,25,2,2,nan,16.0,25,19.0,25
15,松山,2021-08-26,32,5,3,nan,17.0,32,14.0,24
16,大同,2021-08-26,51,8,18,nan,29.0,51,nan,41
17,桃園,2021-08-26,54,32,5,nan,28.0,38,30.0,54
18,大園,2021-08-26,44,15,3,nan,23.0,40,33.0,44
19,觀音,2021-08-26,43,20,2,nan,22.0,32,40.0,43
20,平鎮,2021-08-26,52,8,3,nan,25.0,28,34.0,52
21,龍潭,2021-08-26,45,8,2,nan,22.0,25,37.0,45
22,湖口,2021-08-26,44,5,2,nan,21.0,30,42.0,44
23,竹東,2021-08-26,44,5,2,nan,23.0,13,44.0,39
24,新竹,2021-08-26,48,2,2,nan,20.0,27,43.0,48
25,頭份,2021-08-26,29,10,1,nan,19.0,27,nan,29
26,苗栗,2021-08-26,33,8,1,nan,16.0,12,33.0,28
27,三義,2021-08-26,33,5,1,nan,16.0,13,31.0,33
28,豐原,2021-08-26,36,20,2,nan,18.0,17,31.0,36
29,沙鹿,2021-08-26,54,8,2,nan,16.0,54,33.0,29
30,大里,2021-08-26,40,5,2,nan,20.0,23,40.0,34
31,忠明,2021-08-26,34,5,3,nan,16.0,28,31.0,34
32,西屯,2021-08-26,39,8,2,nan,22.0,30,28.0,39
33,彰化,2021-08-26,35,25,2,nan,24.0,27,25.0,35
34,線西,2021-08-26,32,8,1,nan,19.0,10,nan,32
35,二林,2021-08-26,42,8,1,nan,24.0,15,31.0,42
36,南投,2021-08-26,46,10,2,nan,22.0,17,41.0,46
37,斗六,2021-08-26,39,5,1,nan,19.0,12,38.0,39
38,崙背,2021-08-26,56,10,1,nan,25.0,37,33.0,56
39,新港,2021-08-26,46,5,2,nan,24.0,20,41.0,46
40,朴子,2021-08-26,56,5,2,nan,25.0,12,33.0,56
41,臺西,2021-08-26,59,8,1,nan,31.0,22,nan,59
42,嘉義,2021-08-26,44,8,1,nan,21.0,12,32.0,44
43,新營,2021-08-26,61,8,2,nan,27.0,25,34.0,61
44,善化,2021-08-26,37,10,1,nan,18.0,17,32.0,37
45,安南,2021-08-26,38,5,2,nan,22.0,22,31.0,38
46,臺南,2021-08-26,32,2,2,nan,16.0,18,30.0,32
47,美濃,2021-08-26,37,5,1,nan,19.0,8,33.0,37
48,橋頭,2021-08-26,31,10,2,nan,21.0,20,24.0,31
49,仁武,2021-08-26,48,22,2,nan,17.0,48,22.0,31
50,鳳山,2021-08-26,35,10,5,nan,18.0,27,nan,35
51,大寮,2021-08-26,38,32,2,nan,26.0,32,23.0,38
52,林園,2021-08-26,47,8,2,nan,25.0,17,37.0,47
53,楠梓,2021-08-26,29,10,2,nan,20.0,27,19.0,29
54,左營,2021-08-26,38,10,2,nan,23.0,30,22.0,38
56,前金,2021-08-26,34,8,2,nan,11.0,32,26.0,34
57,前鎮,2021-08-26,29,5,5,nan,19.0,28,nan,29
58,小港,2021-08-26,38,8,2,nan,18.0,38,21.0,37
59,屏東,2021-08-26,38,8,2,nan,23.0,22,35.0,38
61,恆春,2021-08-26,12,2,0,nan,8.0,3,11.0,12
62,臺東,2021-08-26,27,2,1,nan,15.0,8,15.0,27
63,花蓮,2021-08-26,25,2,1,nan,13.0,8,15.0,25
64,陽明,2021-08-26,22,10,1,nan,9.0,7,22.0,20
65,宜蘭,2021-08-26,26,2,1,nan,19.0,10,17.0,26
66,冬山,2021-08-26,31,10,2,nan,29.0,22,14.0,31
67,三重,2021-08-26,50,5,9,nan,19.0,50,nan,31
68,中壢,2021-08-26,52,8,10,nan,27.0,48,nan,52
69,竹山,2021-08-26,44,10,1,nan,23.0,13,41.0,44
70,永和,2021-08-26,47,2,8,nan,16.0,47,nan,30
71,復興,2021-08-26,34,5,5,nan,16.0,25,nan,34
72,埔里,2021-08-26,47,5,1,nan,17.0,10,47.0,33
75,馬祖,2021-08-26,42,2,1,nan,nan,22,42.0,34
77,金門,2021-08-26,37,5,1,nan,16.0,37,19.0,33
78,馬公,2021-08-26,38,2,1,nan,15.0,13,22.0,38
80,關山,2021-08-26,25,5,1,nan,15.0,5,12.0,25
83,麥寮,2021-08-26,49,8,1,nan,21.0,18,nan,49
84,富貴角,2021-08-26,29,20,1,nan,14.0,10,29.0,26
85,大城,2021-08-26,51,15,0,nan,26.0,20,43.0,51
50,鳳山,2021-08-27,55,8,7,nan,26.0,47,nan,55
1,基隆,2021-08-27,17,0,1,nan,9.0,12,14.0,17
2,汐止,2021-08-27,22,2,2,nan,11.0,22,16.0,13
3,萬里,2021-08-27,15,5,1,nan,9.0,7,15.0,10
4,新店,2021-08-27,35,2,2,nan,15.0,15,35.0,19
5,土城,2021-08-27,93,5,3,nan,24.0,37,93.0,36
6,板橋,2021-08-27,77,5,5,nan,23.0,32,77.0,34
7,新莊,2021-08-27,64,12,3,nan,26.0,30,64.0,43
8,菜寮,2021-08-27,58,5,3,nan,17.0,32,58.0,37
9,林口,2021-08-27,51,8,2,nan,18.0,30,51.0,37
10,淡水,2021-08-27,34,2,1,nan,12.0,18,34.0,16
11,士林,2021-08-27,44,2,2,nan,20.0,27,44.0,25
12,中山,2021-08-27,47,5,5,nan,19.0,38,47.0,25
13,萬華,2021-08-27,50,5,5,nan,18.0,42,50.0,25
14,古亭,2021-08-27,54,2,2,nan,20.0,28,54.0,27
15,松山,2021-08-27,27,2,2,nan,13.0,27,25.0,17
16,大同,2021-08-27,55,5,15,nan,29.0,55,nan,43
17,桃園,2021-08-27,53,38,3,nan,25.0,40,48.0,53
85,大城,2021-08-27,40,8,1,nan,23.0,20,37.0,40
18,大園,2021-08-27,50,10,2,nan,23.0,45,32.0,50
19,觀音,2021-08-27,43,2,1,nan,18.0,17,37.0,43
84,富貴角,2021-08-27,31,2,0,nan,10.0,7,31.0,7
20,平鎮,2021-08-27,63,8,3,nan,29.0,48,34.0,63
21,龍潭,2021-08-27,45,5,2,nan,22.0,30,37.0,45
22,湖口,2021-08-27,46,5,1,nan,22.0,22,31.0,46
83,麥寮,2021-08-27,44,5,1,nan,25.0,18,nan,44
80,關山,2021-08-27,13,2,1,nan,10.0,5,13.0,10
78,馬公,2021-08-27,38,2,1,nan,15.0,15,33.0,38
23,竹東,2021-08-27,44,2,2,nan,23.0,17,34.0,44
24,新竹,2021-08-27,44,5,2,nan,19.0,18,31.0,44
77,金門,2021-08-27,49,5,1,nan,23.0,18,34.0,49
25,頭份,2021-08-27,37,10,1,nan,23.0,17,nan,37
75,馬祖,2021-08-27,26,2,1,nan,nan,15,26.0,19
72,埔里,2021-08-27,45,10,3,nan,21.0,18,44.0,45
26,苗栗,2021-08-27,32,5,1,nan,19.0,15,31.0,32
27,三義,2021-08-27,36,5,1,nan,17.0,22,29.0,36
71,復興,2021-08-27,53,5,6,nan,22.0,40,nan,53
28,豐原,2021-08-27,39,5,2,nan,23.0,18,31.0,39
70,永和,2021-08-27,58,5,11,nan,19.0,58,nan,35
29,沙鹿,2021-08-27,42,10,1,nan,22.0,42,29.0,42
69,竹山,2021-08-27,49,5,1,nan,24.0,12,47.0,49
30,大里,2021-08-27,49,8,3,nan,28.0,37,37.0,49
31,忠明,2021-08-27,44,5,2,nan,20.0,40,29.0,44
68,中壢,2021-08-27,54,8,9,nan,27.0,53,nan,54
32,西屯,2021-08-27,51,5,1,nan,27.0,33,27.0,51
67,三重,2021-08-27,62,5,10,nan,20.0,62,nan,32
33,彰化,2021-08-27,47,22,2,nan,27.0,30,24.0,47
66,冬山,2021-08-27,21,2,2,nan,21.0,10,19.0,19
34,線西,2021-08-27,39,8,1,nan,30.0,25,nan,39
65,宜蘭,2021-08-27,19,2,2,nan,14.0,15,19.0,15
35,二林,2021-08-27,50,8,1,nan,31.0,25,28.0,50
36,南投,2021-08-27,60,15,2,nan,26.0,17,48.0,60
64,陽明,2021-08-27,36,5,1,nan,8.0,8,36.0,14
37,斗六,2021-08-27,45,5,1,nan,23.0,15,44.0,45
63,花蓮,2021-08-27,18,0,1,nan,11.0,10,18.0,15
62,臺東,2021-08-27,17,2,1,nan,12.0,8,17.0,12
61,恆春,2021-08-27,16,2,0,nan,9.0,3,16.0,10
38,崙背,2021-08-27,57,8,2,nan,28.0,22,29.0,57
39,新港,2021-08-27,49,10,2,nan,26.0,22,44.0,49
60,潮州,2021-08-27,140,8,2,nan,24.0,13,140.0,51
40,朴子,2021-08-27,56,5,2,nan,27.0,20,33.0,56
41,臺西,2021-08-27,47,8,1,nan,26.0,25,nan,47
59,屏東,2021-08-27,50,8,3,nan,25.0,25,50.0,45
42,嘉義,2021-08-27,46,2,1,nan,23.0,18,46.0,41
58,小港,2021-08-27,61,8,2,nan,29.0,43,61.0,59
43,新營,2021-08-27,52,2,2,nan,24.0,18,43.0,52
44,善化,2021-08-27,46,10,1,nan,19.0,20,46.0,41
57,前鎮,2021-08-27,48,8,5,nan,28.0,40,nan,48
45,安南,2021-08-27,44,5,3,nan,25.0,25,44.0,43
56,前金,2021-08-27,84,5,3,nan,19.0,27,84.0,45
46,臺南,2021-08-27,46,5,3,nan,20.0,22,46.0,43
54,左營,2021-08-27,77,8,3,nan,33.0,37,77.0,56
47,美濃,2021-08-27,43,2,2,nan,19.0,12,43.0,36
48,橋頭,2021-08-27,56,10,3,nan,29.0,40,49.0,56
53,楠梓,2021-08-27,50,8,3,nan,28.0,50,50.0,45
49,仁武,2021-08-27,58,5,3,nan,29.0,52,58.0,57
52,林園,2021-08-27,108,10,2,nan,30.0,33,108.0,63
51,大寮,2021-08-27,77,30,5,nan,36.0,35,77.0,61
49,仁武,2021-08-28,108,8,2,nan,36.0,22,108.0,70.0
1,基隆,2021-08-28,19,2,1,nan,12.0,8,12.0,19.0
2,汐止,2021-08-28,15,2,1,nan,9.0,15,12.0,10.0
3,萬里,2021-08-28,13,10,1,nan,9.0,8,13.0,10.0
4,新店,2021-08-28,15,5,2,nan,12.0,13,15.0,9.0
5,土城,2021-08-28,30,8,3,nan,17.0,25,30.0,20.0
6,板橋,2021-08-28,28,5,3,nan,16.0,25,28.0,18.0
7,新莊,2021-08-28,33,8,2,nan,33.0,23,22.0,23.0
8,菜寮,2021-08-28,17,2,2,nan,10.0,17,15.0,15.0
9,林口,2021-08-28,47,5,2,nan,15.0,18,47.0,25.0
10,淡水,2021-08-28,23,2,1,nan,13.0,23,19.0,15.0
11,士林,2021-08-28,14,0,1,nan,14.0,12,14.0,12.0
12,中山,2021-08-28,20,2,3,nan,12.0,20,12.0,13.0
13,萬華,2021-08-28,22,2,2,nan,11.0,22,13.0,13.0
14,古亭,2021-08-28,15,0,1,nan,11.0,12,14.0,15.0
15,松山,2021-08-28,15,2,1,nan,13.0,15,12.0,13.0
16,大同,2021-08-28,29,5,9,nan,23.0,27,nan,29.0
17,桃園,2021-08-28,61,54,3,nan,27.0,37,61.0,52.0
18,大園,2021-08-28,50,12,2,nan,21.0,32,50.0,41.0
19,觀音,2021-08-28,44,10,1,nan,20.0,35,44.0,41.0
20,平鎮,2021-08-28,77,12,3,nan,30.0,37,77.0,62.0
21,龍潭,2021-08-28,108,2,3,nan,30.0,30,108.0,55.0
22,湖口,2021-08-28,97,5,2,nan,31.0,30,97.0,58.0
23,竹東,2021-08-28,104,2,2,nan,29.0,12,104.0,53.0
24,新竹,2021-08-28,100,2,2,nan,26.0,22,100.0,56.0
25,頭份,2021-08-28,52,18,2,nan,26.0,22,nan,52.0
26,苗栗,2021-08-28,64,2,1,nan,24.0,22,64.0,48.0
27,三義,2021-08-28,54,2,1,nan,24.0,17,54.0,53.0
28,豐原,2021-08-28,90,5,2,nan,27.0,15,90.0,56.0
29,沙鹿,2021-08-28,54,10,2,nan,29.0,18,54.0,nan
30,大里,2021-08-28,100,20,5,nan,40.0,30,100.0,67.0
31,忠明,2021-08-28,90,10,3,nan,29.0,32,90.0,59.0
32,西屯,2021-08-28,77,12,3,nan,37.0,25,77.0,61.0
33,彰化,2021-08-28,64,10,2,nan,33.0,23,64.0,53.0
34,線西,2021-08-28,43,8,2,nan,43.0,15,nan,43.0
35,二林,2021-08-28,78,8,2,nan,42.0,18,61.0,78.0
36,南投,2021-08-28,90,8,2,nan,31.0,15,90.0,67.0
37,斗六,2021-08-28,80,8,2,nan,27.0,15,80.0,56.0
38,崙背,2021-08-28,71,8,2,nan,38.0,25,50.0,71.0
39,新港,2021-08-28,80,5,2,nan,32.0,18,80.0,62.0
40,朴子,2021-08-28,72,5,2,nan,34.0,15,58.0,72.0
41,臺西,2021-08-28,62,10,2,nan,38.0,20,nan,62.0
42,嘉義,2021-08-28,74,5,2,nan,25.0,10,74.0,48.0
43,新營,2021-08-28,80,5,2,nan,30.0,23,80.0,62.0
44,善化,2021-08-28,49,5,1,nan,24.0,15,46.0,49.0
45,安南,2021-08-28,52,8,2,nan,28.0,25,49.0,52.0
46,臺南,2021-08-28,54,5,2,nan,29.0,30,54.0,54.0
47,美濃,2021-08-28,60,5,2,nan,27.0,7,50.0,60.0
48,橋頭,2021-08-28,87,5,2,nan,36.0,27,87.0,68.0
50,鳳山,2021-08-28,71,15,6,nan,34.0,43,nan,71.0
51,大寮,2021-08-28,93,10,3,nan,38.0,25,93.0,71.0
52,林園,2021-08-28,90,30,6,nan,44.0,25,90.0,89.0
53,楠梓,2021-08-28,84,5,2,nan,33.0,30,84.0,60.0
54,左營,2021-08-28,143,8,3,nan,45.0,28,143.0,72.0
56,前金,2021-08-28,154,8,3,nan,36.0,30,154.0,76.0
57,前鎮,2021-08-28,72,20,5,nan,38.0,48,nan,72.0
58,小港,2021-08-28,115,22,3,nan,40.0,40,115.0,73.0
59,屏東,2021-08-28,108,12,3,nan,37.0,17,108.0,67.0
60,潮州,2021-08-28,115,15,2,nan,35.0,12,115.0,69.0
61,恆春,2021-08-28,14,2,1,nan,9.0,3,14.0,9.0
62,臺東,2021-08-28,15,2,1,nan,12.0,5,15.0,13.0
63,花蓮,2021-08-28,16,2,1,nan,10.0,7,16.0,15.0
64,陽明,2021-08-28,14,2,1,nan,5.0,3,14.0,9.0
65,宜蘭,2021-08-28,19,0,2,nan,16.0,12,15.0,19.0
66,冬山,2021-08-28,18,5,2,nan,17.0,13,13.0,18.0
67,三重,2021-08-28,35,2,12,nan,13.0,35,nan,16.0
68,中壢,2021-08-28,58,10,9,nan,30.0,52,nan,58.0
69,竹山,2021-08-28,77,5,1,nan,27.0,12,77.0,56.0
70,永和,2021-08-28,19,2,3,nan,11.0,13,nan,19.0
71,復興,2021-08-28,80,18,6,nan,33.0,33,nan,80.0
72,埔里,2021-08-28,62,10,5,nan,28.0,22,61.0,62.0
75,馬祖,2021-08-28,28,8,2,nan,nan,18,28.0,24.0
77,金門,2021-08-28,54,15,2,nan,34.0,37,44.0,54.0
78,馬公,2021-08-28,44,2,1,nan,21.0,7,44.0,32.0
80,關山,2021-08-28,13,2,1,nan,10.0,5,13.0,7.0
83,麥寮,2021-08-28,66,30,2,nan,36.0,30,nan,66.0
84,富貴角,2021-08-28,28,2,1,nan,10.0,3,28.0,10.0
85,大城,2021-08-28,58,10,2,nan,31.0,13,48.0,58.0
5,土城,2021-08-29,22,2,2,nan,10.0,15,22.0,7.0
6,板橋,2021-08-29,18,0,2,nan,8.0,17,18.0,6.0
4,新店,2021-08-29,16,2,1,nan,8.0,8,16.0,6.0
7,新莊,2021-08-29,19,2,1,nan,19.0,17,19.0,14.0
3,萬里,2021-08-29,20,20,1,nan,8.0,8,12.0,9.0
2,汐止,2021-08-29,12,2,1,nan,6.0,12,12.0,11.0
8,菜寮,2021-08-29,17,2,1,nan,9.0,13,17.0,12.0
1,基隆,2021-08-29,16,0,1,nan,10.0,5,12.0,16.0
9,林口,2021-08-29,26,2,1,nan,8.0,10,26.0,8.0
10,淡水,2021-08-29,18,10,1,nan,11.0,13,18.0,11.0
11,士林,2021-08-29,15,0,1,nan,14.0,12,15.0,8.0
12,中山,2021-08-29,14,0,2,nan,8.0,13,14.0,8.0
13,萬華,2021-08-29,17,0,1,nan,7.0,17,14.0,6.0
14,古亭,2021-08-29,16,0,1,nan,5.0,8,16.0,6.0
15,松山,2021-08-29,13,5,1,nan,12.0,13,13.0,6.0
16,大同,2021-08-29,27,5,6,nan,19.0,20,nan,27.0
17,桃園,2021-08-29,35,22,2,nan,15.0,15,35.0,28.0
18,大園,2021-08-29,34,10,2,nan,18.0,25,34.0,28.0
19,觀音,2021-08-29,44,8,2,nan,20.0,28,44.0,39.0
20,平鎮,2021-08-29,50,5,2,nan,22.0,15,44.0,50.0
21,龍潭,2021-08-29,54,2,3,nan,25.0,18,54.0,49.0
22,湖口,2021-08-29,56,5,2,nan,27.0,22,50.0,56.0
23,竹東,2021-08-29,67,2,2,nan,26.0,8,67.0,49.0
24,新竹,2021-08-29,64,10,3,nan,27.0,28,64.0,60.0
25,頭份,2021-08-29,56,28,3,nan,27.0,25,nan,56.0
26,苗栗,2021-08-29,90,5,2,nan,29.0,10,90.0,60.0
27,三義,2021-08-29,90,5,2,nan,33.0,8,90.0,73.0
28,豐原,2021-08-29,97,8,3,nan,37.0,13,97.0,80.0
29,沙鹿,2021-08-29,112,8,2,nan,36.0,15,112.0,nan
30,大里,2021-08-29,90,8,3,nan,36.0,22,90.0,76.0
31,忠明,2021-08-29,93,8,3,nan,32.0,23,93.0,71.0
32,西屯,2021-08-29,87,8,2,nan,39.0,25,87.0,73.0
33,彰化,2021-08-29,80,22,3,nan,42.0,25,80.0,77.0
34,線西,2021-08-29,66,8,1,nan,53.0,17,nan,66.0
35,二林,2021-08-29,88,8,2,nan,48.0,18,51.0,88.0
36,南投,2021-08-29,76,15,3,nan,36.0,18,64.0,76.0
37,斗六,2021-08-29,66,8,2,nan,34.0,10,64.0,66.0
38,崙背,2021-08-29,72,10,2,nan,42.0,23,49.0,72.0
39,新港,2021-08-29,52,5,2,nan,28.0,20,48.0,52.0
40,朴子,2021-08-29,59,5,2,nan,30.0,17,40.0,59.0
41,臺西,2021-08-29,59,5,2,nan,34.0,17,nan,59.0
42,嘉義,2021-08-29,47,2,1,nan,23.0,10,47.0,41.0
43,新營,2021-08-29,57,10,2,nan,29.0,12,45.0,57.0
44,善化,2021-08-29,45,5,1,nan,22.0,17,45.0,45.0
45,安南,2021-08-29,43,5,2,nan,25.0,13,43.0,40.0
46,臺南,2021-08-29,44,0,2,nan,23.0,25,43.0,44.0
47,美濃,2021-08-29,54,5,2,nan,23.0,7,54.0,47.0
48,橋頭,2021-08-29,57,8,2,nan,30.0,13,44.0,57.0
49,仁武,2021-08-29,52,5,2,nan,25.0,17,43.0,52.0
50,鳳山,2021-08-29,45,8,5,nan,22.0,20,nan,45.0
51,大寮,2021-08-29,61,15,2,nan,34.0,20,44.0,61.0
52,林園,2021-08-29,55,10,2,nan,27.0,13,44.0,55.0
53,楠梓,2021-08-29,48,5,2,nan,26.0,15,44.0,48.0
54,左營,2021-08-29,50,5,3,nan,30.0,25,40.0,50.0
56,前金,2021-08-29,48,10,3,nan,21.0,48,41.0,48.0
57,前鎮,2021-08-29,48,10,3,nan,25.0,48,nan,44.0
58,小港,2021-08-29,47,8,2,nan,23.0,33,40.0,47.0
59,屏東,2021-08-29,49,5,2,nan,29.0,13,48.0,49.0
60,潮州,2021-08-29,80,8,2,nan,25.0,15,80.0,48.0
61,恆春,2021-08-29,12,2,0,nan,8.0,3,12.0,10.0
62,臺東,2021-08-29,15,2,1,nan,10.0,5,15.0,10.0
63,花蓮,2021-08-29,18,2,1,nan,9.0,7,18.0,14.0
64,陽明,2021-08-29,14,5,0,nan,5.0,2,14.0,6.0
65,宜蘭,2021-08-29,17,0,1,nan,9.0,8,17.0,12.0
66,冬山,2021-08-29,15,2,1,nan,13.0,12,15.0,14.0
67,三重,2021-08-29,23,2,8,nan,9.0,23,nan,10.0
68,中壢,2021-08-29,46,5,10,nan,25.0,37,nan,46.0
69,竹山,2021-08-29,60,5,1,nan,28.0,12,51.0,60.0
70,永和,2021-08-29,10,2,2,nan,6.0,8,nan,10.0
71,復興,2021-08-29,49,10,3,nan,20.0,47,nan,49.0
72,埔里,2021-08-29,67,5,3,nan,30.0,13,64.0,67.0
75,馬祖,2021-08-29,22,2,1,nan,nan,10,22.0,15.0
77,金門,2021-08-29,39,8,1,nan,25.0,13,39.0,28.0
78,馬公,2021-08-29,44,2,1,nan,20.0,7,44.0,34.0
80,關山,2021-08-29,13,2,1,nan,10.0,3,13.0,9.0
83,麥寮,2021-08-29,64,10,2,nan,35.0,18,nan,64.0
84,富貴角,2021-08-29,21,10,0,nan,7.0,12,21.0,5.0
85,大城,2021-08-29,56,5,1,nan,28.0,13,49.0,56.0
85,大城,2021-08-30,55,8,1,nan,31.0,15,39.0,55.0
57,前鎮,2021-08-30,48,12,8,nan,29.0,42,nan,48.0
56,前金,2021-08-30,56,5,6,nan,24.0,50,23.0,56.0
54,左營,2021-08-30,55,5,5,nan,34.0,45,20.0,55.0
53,楠梓,2021-08-30,53,8,5,nan,32.0,43,15.0,53.0
52,林園,2021-08-30,58,8,3,nan,29.0,30,18.0,58.0
51,大寮,2021-08-30,65,54,3,nan,38.0,35,10.0,65.0
50,鳳山,2021-08-30,56,18,8,nan,28.0,48,nan,56.0
49,仁武,2021-08-30,57,12,5,nan,33.0,47,18.0,57.0
48,橋頭,2021-08-30,62,8,5,nan,36.0,35,13.0,62.0
47,美濃,2021-08-30,48,2,3,nan,25.0,17,20.0,48.0
46,臺南,2021-08-30,54,2,5,nan,28.0,42,22.0,54.0
45,安南,2021-08-30,55,10,5,nan,34.0,40,16.0,55.0
44,善化,2021-08-30,45,15,2,nan,22.0,23,16.0,45.0
43,新營,2021-08-30,58,8,3,nan,30.0,35,23.0,58.0
42,嘉義,2021-08-30,43,5,3,nan,27.0,28,22.0,43.0
41,臺西,2021-08-30,68,15,9,nan,47.0,68,nan,65.0
40,朴子,2021-08-30,74,2,3,nan,38.0,18,24.0,74.0
39,新港,2021-08-30,55,5,2,nan,33.0,22,30.0,55.0
38,崙背,2021-08-30,71,5,2,nan,43.0,23,31.0,71.0
37,斗六,2021-08-30,55,8,2,nan,28.0,22,31.0,55.0
36,南投,2021-08-30,61,5,2,nan,30.0,25,34.0,61.0
35,二林,2021-08-30,86,10,2,nan,49.0,23,34.0,86.0
34,線西,2021-08-30,68,10,2,nan,61.0,33,nan,68.0
33,彰化,2021-08-30,79,8,3,nan,45.0,38,32.0,79.0
32,西屯,2021-08-30,82,5,2,nan,46.0,30,41.0,82.0
31,忠明,2021-08-30,73,2,3,nan,35.0,33,43.0,73.0
30,大里,2021-08-30,73,5,3,nan,38.0,32,43.0,73.0
29,沙鹿,2021-08-30,42,5,3,nan,42.0,27,40.0,nan
28,豐原,2021-08-30,77,5,3,nan,37.0,18,44.0,77.0
27,三義,2021-08-30,72,5,2,nan,35.0,17,44.0,72.0
26,苗栗,2021-08-30,67,8,3,nan,33.0,22,45.0,67.0
25,頭份,2021-08-30,72,15,3,nan,34.0,33,nan,72.0
24,新竹,2021-08-30,73,8,5,nan,34.0,37,49.0,73.0
23,竹東,2021-08-30,69,5,3,nan,34.0,18,48.0,69.0
22,湖口,2021-08-30,67,8,3,nan,34.0,27,58.0,67.0
21,龍潭,2021-08-30,58,5,3,nan,28.0,35,54.0,58.0
20,平鎮,2021-08-30,56,5,5,nan,25.0,30,54.0,56.0
19,觀音,2021-08-30,71,5,2,nan,23.0,28,71.0,43.0
18,大園,2021-08-30,61,8,3,nan,21.0,37,61.0,32.0
17,桃園,2021-08-30,47,12,5,nan,20.0,33,47.0,36.0
16,大同,2021-08-30,27,2,11,nan,22.0,27,nan,27.0
15,松山,2021-08-30,17,2,1,nan,12.0,17,9.0,7.0
14,古亭,2021-08-30,13,0,1,nan,5.0,13,11.0,6.0
13,萬華,2021-08-30,20,2,2,nan,7.0,20,8.0,10.0
12,中山,2021-08-30,22,0,3,nan,10.0,22,10.0,9.0
11,士林,2021-08-30,20,0,1,nan,20.0,13,12.0,9.0
10,淡水,2021-08-30,30,2,1,nan,10.0,17,30.0,17.0
59,屏東,2021-08-30,60,5,5,nan,34.0,30,13.0,60.0
9,林口,2021-08-30,42,5,2,nan,14.0,32,42.0,24.0
8,菜寮,2021-08-30,20,2,2,nan,7.0,20,13.0,14.0
7,新莊,2021-08-30,33,5,2,nan,23.0,33,31.0,19.0
6,板橋,2021-08-30,31,10,3,nan,11.0,28,31.0,15.0
5,土城,2021-08-30,32,2,3,nan,13.0,32,32.0,19.0
4,新店,2021-08-30,12,2,1,nan,7.0,10,12.0,4.0
3,萬里,2021-08-30,20,10,1,nan,9.0,10,20.0,8.0
2,汐止,2021-08-30,15,0,1,nan,7.0,15,9.0,8.0
1,基隆,2021-08-30,15,0,1,nan,9.0,8,12.0,15.0
58,小港,2021-08-30,61,18,5,nan,29.0,51,15.0,61.0
84,富貴角,2021-08-30,23,2,0,nan,16.0,5,23.0,7.0
83,麥寮,2021-08-30,63,2,2,nan,37.0,20,nan,63.0
80,關山,2021-08-30,13,0,1,nan,13.0,5,4.0,13.0
78,馬公,2021-08-30,36,2,1,nan,19.0,10,36.0,28.0
77,金門,2021-08-30,32,12,1,nan,25.0,20,32.0,25.0
75,馬祖,2021-08-30,31,2,1,nan,nan,15,31.0,13.0
72,埔里,2021-08-30,52,2,2,nan,22.0,17,32.0,52.0
71,復興,2021-08-30,56,10,8,nan,23.0,38,nan,56.0
70,永和,2021-08-30,14,2,3,nan,7.0,12,nan,14.0
69,竹山,2021-08-30,52,2,1,nan,25.0,22,28.0,52.0
68,中壢,2021-08-30,57,5,11,nan,27.0,57,nan,52.0
67,三重,2021-08-30,30,2,10,nan,12.0,30,nan,14.0
66,冬山,2021-08-30,20,8,1,nan,15.0,20,12.0,15.0
65,宜蘭,2021-08-30,20,2,1,nan,11.0,12,20.0,10.0
64,陽明,2021-08-30,13,5,0,nan,4.0,3,13.0,6.0
63,花蓮,2021-08-30,14,2,1,nan,9.0,13,14.0,9.0
62,臺東,2021-08-30,12,2,2,nan,12.0,10,6.0,11.0
61,恆春,2021-08-30,10,2,0,nan,5.0,2,10.0,7.0
60,潮州,2021-08-30,49,2,2,nan,25.0,15,14.0,49.0
13,萬華,2021-08-31,30,2,3,nan,11.0,30,28.0,19.0
14,古亭,2021-08-31,30,2,2,nan,9.0,28,30.0,17.0
85,大城,2021-08-31,43,18,1,nan,27.0,23,34.0,43.0
84,富貴角,2021-08-31,23,5,0,nan,8.0,8,23.0,11.0
83,麥寮,2021-08-31,41,5,2,nan,29.0,22,nan,41.0
80,關山,2021-08-31,10,2,0,nan,10.0,5,7.0,8.0
78,馬公,2021-08-31,40,2,1,nan,18.0,7,40.0,27.0
77,金門,2021-08-31,48,10,1,nan,26.0,17,48.0,32.0
75,馬祖,2021-08-31,21,0,0,nan,nan,10,21.0,12.0
72,埔里,2021-08-31,46,2,2,nan,24.0,13,40.0,46.0
71,復興,2021-08-31,44,8,7,nan,24.0,38,nan,44.0
70,永和,2021-08-31,43,2,7,nan,12.0,43,nan,22.0
69,竹山,2021-08-31,41,5,1,nan,21.0,17,41.0,39.0
68,中壢,2021-08-31,56,8,8,nan,29.0,56,nan,55.0
67,三重,2021-08-31,57,5,11,nan,14.0,57,nan,24.0
66,冬山,2021-08-31,18,0,2,nan,12.0,13,10.0,18.0
65,宜蘭,2021-08-31,12,2,1,nan,10.0,12,12.0,7.0
64,陽明,2021-08-31,24,2,1,nan,5.0,7,24.0,12.0
63,花蓮,2021-08-31,12,0,1,nan,8.0,8,12.0,8.0
62,臺東,2021-08-31,13,2,2,nan,8.0,12,7.0,13.0
61,恆春,2021-08-31,10,2,0,nan,5.0,2,10.0,6.0
60,潮州,2021-08-31,47,5,2,nan,20.0,8,47.0,37.0
59,屏東,2021-08-31,42,5,3,nan,28.0,18,42.0,40.0
58,小港,2021-08-31,55,10,3,nan,31.0,55,28.0,47.0
57,前鎮,2021-08-31,43,12,6,nan,29.0,43,nan,40.0
56,前金,2021-08-31,46,8,5,nan,22.0,35,38.0,46.0
54,左營,2021-08-31,44,8,3,nan,31.0,33,41.0,44.0
53,楠梓,2021-08-31,39,12,3,nan,25.0,32,39.0,37.0
52,林園,2021-08-31,47,5,2,nan,27.0,23,43.0,47.0
51,大寮,2021-08-31,55,30,2,nan,36.0,25,39.0,55.0
50,鳳山,2021-08-31,46,8,7,nan,27.0,35,nan,46.0
49,仁武,2021-08-31,45,10,3,nan,28.0,30,37.0,45.0
48,橋頭,2021-08-31,51,8,3,nan,30.0,40,40.0,51.0
47,美濃,2021-08-31,37,2,2,nan,21.0,12,37.0,36.0
46,臺南,2021-08-31,42,8,3,nan,24.0,30,34.0,42.0
45,安南,2021-08-31,42,8,5,nan,27.0,32,35.0,42.0
44,善化,2021-08-31,34,5,1,nan,20.0,15,34.0,32.0
43,新營,2021-08-31,40,2,2,nan,23.0,22,28.0,40.0
42,嘉義,2021-08-31,36,2,2,nan,23.0,18,31.0,36.0
41,臺西,2021-08-31,43,8,2,nan,29.0,20,nan,43.0
40,朴子,2021-08-31,49,5,2,nan,23.0,22,24.0,49.0
39,新港,2021-08-31,40,5,2,nan,25.0,18,32.0,40.0
38,崙背,2021-08-31,54,12,2,nan,33.0,25,29.0,54.0
37,斗六,2021-08-31,40,5,2,nan,22.0,13,36.0,40.0
36,南投,2021-08-31,44,5,1,nan,24.0,15,36.0,44.0
35,二林,2021-08-31,54,5,2,nan,37.0,17,32.0,54.0
34,線西,2021-08-31,54,10,2,nan,48.0,22,nan,54.0
33,彰化,2021-08-31,49,8,1,nan,32.0,27,35.0,49.0
32,西屯,2021-08-31,55,5,2,nan,30.0,48,34.0,55.0
31,忠明,2021-08-31,50,5,2,nan,24.0,37,36.0,50.0
30,大里,2021-08-31,49,2,2,nan,26.0,20,40.0,49.0
29,沙鹿,2021-08-31,37,5,2,nan,31.0,30,37.0,nan
28,豐原,2021-08-31,54,8,3,nan,28.0,18,42.0,54.0
27,三義,2021-08-31,56,8,2,nan,29.0,20,43.0,56.0
26,苗栗,2021-08-31,57,5,3,nan,29.0,20,47.0,57.0
25,頭份,2021-08-31,62,5,3,nan,33.0,25,nan,62.0
24,新竹,2021-08-31,75,8,5,nan,37.0,47,48.0,75.0
23,竹東,2021-08-31,67,5,3,nan,33.0,27,67.0,66.0
22,湖口,2021-08-31,90,5,3,nan,41.0,35,90.0,82.0
21,龍潭,2021-08-31,61,15,5,nan,31.0,48,61.0,61.0
20,平鎮,2021-08-31,80,5,5,nan,27.0,45,80.0,60.0
19,觀音,2021-08-31,126,5,2,nan,32.0,33,126.0,67.0
18,大園,2021-08-31,84,8,3,nan,26.0,35,84.0,52.0
17,桃園,2021-08-31,64,50,5,nan,19.0,32,64.0,39.0
16,大同,2021-08-31,52,5,16,nan,22.0,52,nan,30.0
15,松山,2021-08-31,30,0,2,nan,11.0,30,12.0,11.0
12,中山,2021-08-31,27,2,3,nan,11.0,27,21.0,13.0
11,士林,2021-08-31,27,2,2,nan,19.0,27,23.0,15.0
1,基隆,2021-08-31,14,0,1,nan,9.0,7,8.0,14.0
10,淡水,2021-08-31,35,2,2,nan,12.0,13,35.0,18.0
2,汐止,2021-08-31,15,2,1,nan,6.0,15,7.0,9.0
9,林口,2021-08-31,61,5,2,nan,15.0,27,61.0,28.0
8,菜寮,2021-08-31,35,2,3,nan,10.0,28,35.0,23.0
3,萬里,2021-08-31,12,5,1,nan,5.0,12,9.0,9.0
7,新莊,2021-08-31,43,2,2,nan,20.0,28,43.0,28.0
6,板橋,2021-08-31,40,2,3,nan,15.0,33,40.0,18.0
5,土城,2021-08-31,41,2,3,nan,16.0,32,41.0,23.0
4,新店,2021-08-31,32,8,2,nan,11.0,32,28.0,14.0
