siteid,sitename,monitordate,aqi,so2subindex,cosubindex,o3subindex,pm10subindex,no2subindex,o38subindex,pm25subindex
17,桃園,2018-04-01,74,11.0,5.0,nan,61.0,16.0,74.0,73.0
18,大園,2018-04-01,79,6.0,3.0,nan,67.0,23.0,35.0,79.0
19,觀音,2018-04-01,91,17.0,5.0,nan,73.0,31.0,90.0,91.0
20,平鎮,2018-04-01,118,11.0,6.0,nan,67.0,25.0,118.0,86.0
21,龍潭,2018-04-01,126,6.0,6.0,nan,58.0,37.0,126.0,107.0
22,湖口,2018-04-01,122,7.0,5.0,nan,64.0,30.0,122.0,104.0
23,竹東,2018-04-01,96,7.0,5.0,nan,64.0,12.0,71.0,96.0
24,新竹,2018-04-01,97,6.0,6.0,nan,57.0,32.0,93.0,97.0
25,頭份,2018-04-01,96,6.0,5.0,nan,62.0,14.0,nan,96.0
26,苗栗,2018-04-01,109,6.0,5.0,nan,66.0,22.0,87.0,109.0
27,三義,2018-04-01,108,7.0,3.0,nan,54.0,10.0,104.0,108.0
28,豐原,2018-04-01,98,6.0,5.0,nan,57.0,11.0,97.0,98.0
29,沙鹿,2018-04-01,101,7.0,5.0,nan,67.0,37.0,90.0,101.0
30,大里,2018-04-01,85,7.0,6.0,nan,73.0,20.0,71.0,85.0
31,忠明,2018-04-01,107,7.0,5.0,nan,62.0,23.0,80.0,107.0
32,西屯,2018-04-01,102,9.0,5.0,nan,67.0,25.0,101.0,102.0
33,彰化,2018-04-01,118,14.0,3.0,nan,70.0,19.0,61.0,118.0
34,線西,2018-04-01,116,7.0,3.0,nan,69.0,13.0,nan,116.0
51,大寮,2018-04-01,81,9.0,3.0,nan,44.0,16.0,46.0,81.0
52,林園,2018-04-01,75,9.0,3.0,nan,44.0,16.0,47.0,75.0
35,二林,2018-04-01,104,7.0,3.0,nan,66.0,11.0,48.0,104.0
36,南投,2018-04-01,108,6.0,5.0,nan,64.0,22.0,44.0,108.0
37,斗六,2018-04-01,103,6.0,3.0,nan,61.0,13.0,67.0,103.0
38,崙背,2018-04-01,96,4.0,2.0,nan,64.0,11.0,80.0,96.0
39,新港,2018-04-01,93,6.0,3.0,nan,66.0,20.0,50.0,93.0
40,朴子,2018-04-01,93,4.0,5.0,nan,76.0,11.0,67.0,93.0
41,臺西,2018-04-01,109,11.0,3.0,nan,68.0,30.0,nan,109.0
42,嘉義,2018-04-01,76,4.0,5.0,nan,53.0,14.0,48.0,76.0
43,新營,2018-04-01,91,4.0,3.0,nan,69.0,12.0,43.0,91.0
44,善化,2018-04-01,82,4.0,2.0,nan,54.0,10.0,39.0,82.0
45,安南,2018-04-01,90,4.0,3.0,nan,66.0,16.0,48.0,90.0
46,臺南,2018-04-01,88,4.0,5.0,nan,nan,18.0,54.0,88.0
47,美濃,2018-04-01,58,3.0,3.0,nan,42.0,8.0,49.0,58.0
48,橋頭,2018-04-01,75,4.0,3.0,nan,44.0,19.0,42.0,75.0
49,仁武,2018-04-01,68,9.0,3.0,nan,52.0,18.0,49.0,68.0
50,鳳山,2018-04-01,68,6.0,5.0,nan,40.0,12.0,nan,68.0
53,楠梓,2018-04-01,87,4.0,3.0,nan,58.0,20.0,49.0,87.0
54,左營,2018-04-01,75,6.0,3.0,nan,63.0,17.0,51.0,75.0
56,前金,2018-04-01,79,6.0,3.0,nan,54.0,13.0,50.0,79.0
57,前鎮,2018-04-01,82,9.0,5.0,nan,56.0,19.0,nan,82.0
58,小港,2018-04-01,68,10.0,3.0,nan,45.0,25.0,25.0,68.0
59,屏東,2018-04-01,72,6.0,5.0,nan,39.0,21.0,50.0,72.0
60,潮州,2018-04-01,55,4.0,2.0,nan,44.0,10.0,48.0,55.0
61,恆春,2018-04-01,52,4.0,1.0,nan,44.0,2.0,45.0,52.0
62,臺東,2018-04-01,58,3.0,3.0,nan,39.0,11.0,35.0,58.0
63,花蓮,2018-04-01,45,4.0,3.0,nan,44.0,12.0,45.0,40.0
64,陽明,2018-04-01,67,7.0,2.0,nan,37.0,5.0,49.0,67.0
65,宜蘭,2018-04-01,65,3.0,3.0,nan,57.0,8.0,54.0,65.0
66,冬山,2018-04-01,67,6.0,3.0,nan,62.0,27.0,41.0,67.0
67,三重,2018-04-01,68,4.0,14.0,nan,68.0,39.0,nan,56.0
68,中壢,2018-04-01,81,10.0,12.0,nan,69.0,42.0,nan,81.0
69,竹山,2018-04-01,102,6.0,3.0,nan,54.0,16.0,67.0,102.0
70,永和,2018-04-01,63,3.0,5.0,nan,51.0,16.0,nan,63.0
71,復興,2018-04-01,77,6.0,5.0,nan,53.0,17.0,nan,77.0
72,埔里,2018-04-01,97,4.0,3.0,nan,51.0,15.0,77.0,97.0
75,馬祖,2018-04-01,80,4.0,2.0,nan,51.0,8.0,54.0,80.0
77,金門,2018-04-01,112,9.0,5.0,nan,76.0,24.0,50.0,112.0
78,馬公,2018-04-01,79,3.0,3.0,nan,60.0,6.0,50.0,79.0
80,關山,2018-04-01,55,6.0,nan,nan,34.0,5.0,34.0,55.0
83,麥寮,2018-04-01,110,4.0,3.0,nan,80.0,14.0,nan,110.0
84,富貴角,2018-04-01,85,7.0,2.0,nan,59.0,10.0,51.0,85.0
15,松山,2018-04-01,70,6.0,3.0,nan,56.0,26.0,48.0,70.0
14,古亭,2018-04-01,57,3.0,3.0,nan,57.0,17.0,48.0,nan
13,萬華,2018-04-01,73,3.0,5.0,nan,57.0,25.0,47.0,73.0
12,中山,2018-04-01,73,4.0,6.0,nan,63.0,25.0,45.0,73.0
11,士林,2018-04-01,72,1.0,3.0,nan,57.0,10.0,49.0,72.0
10,淡水,2018-04-01,59,6.0,2.0,nan,59.0,6.0,41.0,59.0
9,林口,2018-04-01,90,4.0,3.0,nan,59.0,16.0,90.0,66.0
8,菜寮,2018-04-01,60,3.0,5.0,nan,54.0,19.0,40.0,60.0
7,新莊,2018-04-01,80,6.0,5.0,nan,54.0,19.0,80.0,63.0
6,板橋,2018-04-01,68,3.0,6.0,nan,57.0,25.0,50.0,68.0
5,土城,2018-04-01,61,1.0,3.0,nan,52.0,13.0,50.0,61.0
4,新店,2018-04-01,63,3.0,3.0,nan,50.0,11.0,50.0,63.0
3,萬里,2018-04-01,65,13.0,2.0,nan,53.0,15.0,48.0,65.0
2,汐止,2018-04-01,72,3.0,5.0,nan,51.0,25.0,48.0,72.0
1,基隆,2018-04-01,72,3.0,3.0,nan,51.0,18.0,47.0,72.0
16,大同,2018-04-01,71,4.0,12.0,nan,66.0,40.0,nan,71.0
62,臺東,2018-04-02,53,3.0,5.0,nan,45.0,9.0,34.0,53.0
1,基隆,2018-04-02,72,11.0,5.0,nan,49.0,23.0,46.0,72.0
2,汐止,2018-04-02,83,9.0,6.0,nan,57.0,33.0,74.0,83.0
3,萬里,2018-04-02,90,7.0,3.0,nan,60.0,11.0,90.0,79.0
4,新店,2018-04-02,146,6.0,6.0,nan,57.0,19.0,146.0,84.0
5,土城,2018-04-02,122,10.0,6.0,nan,60.0,33.0,122.0,87.0
6,板橋,2018-04-02,112,9.0,7.0,nan,64.0,30.0,112.0,93.0
7,新莊,2018-04-02,104,11.0,7.0,nan,62.0,38.0,104.0,84.0
8,菜寮,2018-04-02,86,9.0,7.0,nan,60.0,26.0,46.0,86.0
9,林口,2018-04-02,96,20.0,5.0,nan,70.0,36.0,93.0,96.0
10,淡水,2018-04-02,81,9.0,5.0,nan,70.0,25.0,45.0,81.0
11,士林,2018-04-02,98,7.0,5.0,nan,61.0,19.0,90.0,98.0
12,中山,2018-04-02,85,7.0,8.0,nan,69.0,33.0,80.0,85.0
13,萬華,2018-04-02,100,7.0,7.0,nan,66.0,28.0,100.0,84.0
14,古亭,2018-04-02,126,6.0,6.0,nan,66.0,25.0,126.0,nan
15,松山,2018-04-02,101,7.0,7.0,nan,61.0,27.0,101.0,77.0
16,大同,2018-04-02,87,7.0,18.0,nan,75.0,47.0,nan,87.0
17,桃園,2018-04-02,104,34.0,7.0,nan,71.0,36.0,58.0,104.0
18,大園,2018-04-02,122,6.0,5.0,nan,76.0,34.0,26.0,122.0
19,觀音,2018-04-02,131,16.0,5.0,nan,80.0,30.0,61.0,131.0
20,平鎮,2018-04-02,110,11.0,7.0,nan,75.0,39.0,93.0,110.0
21,龍潭,2018-04-02,116,7.0,6.0,nan,62.0,35.0,100.0,116.0
22,湖口,2018-04-02,141,9.0,5.0,nan,68.0,34.0,74.0,141.0
23,竹東,2018-04-02,107,4.0,5.0,nan,62.0,14.0,47.0,107.0
24,新竹,2018-04-02,113,6.0,7.0,nan,60.0,36.0,48.0,113.0
25,頭份,2018-04-02,99,6.0,3.0,nan,59.0,24.0,nan,99.0
26,苗栗,2018-04-02,110,4.0,5.0,nan,63.0,18.0,47.0,110.0
27,三義,2018-04-02,110,4.0,3.0,nan,53.0,14.0,71.0,110.0
28,豐原,2018-04-02,104,9.0,5.0,nan,57.0,19.0,58.0,104.0
29,沙鹿,2018-04-02,114,17.0,7.0,nan,73.0,40.0,45.0,114.0
30,大里,2018-04-02,83,16.0,7.0,nan,68.0,44.0,61.0,83.0
31,忠明,2018-04-02,107,31.0,9.0,nan,65.0,47.0,50.0,107.0
32,西屯,2018-04-02,109,29.0,8.0,nan,68.0,46.0,71.0,109.0
33,彰化,2018-04-02,127,10.0,7.0,nan,68.0,22.0,46.0,127.0
34,線西,2018-04-02,123,9.0,3.0,nan,68.0,20.0,nan,123.0
51,大寮,2018-04-02,97,17.0,5.0,nan,58.0,26.0,47.0,97.0
52,林園,2018-04-02,86,9.0,3.0,nan,54.0,13.0,58.0,86.0
35,二林,2018-04-02,115,7.0,3.0,nan,68.0,10.0,46.0,115.0
36,南投,2018-04-02,104,4.0,5.0,nan,64.0,21.0,42.0,104.0
37,斗六,2018-04-02,108,6.0,3.0,nan,68.0,18.0,71.0,108.0
38,崙背,2018-04-02,111,9.0,2.0,nan,62.0,12.0,64.0,111.0
39,新港,2018-04-02,105,4.0,3.0,nan,71.0,8.0,49.0,105.0
40,朴子,2018-04-02,95,4.0,3.0,nan,76.0,10.0,54.0,95.0
41,臺西,2018-04-02,102,6.0,2.0,nan,59.0,8.0,nan,102.0
42,嘉義,2018-04-02,101,6.0,3.0,nan,63.0,14.0,49.0,101.0
43,新營,2018-04-02,98,4.0,3.0,nan,72.0,15.0,40.0,98.0
44,善化,2018-04-02,91,7.0,2.0,nan,57.0,16.0,40.0,91.0
45,安南,2018-04-02,93,4.0,3.0,nan,nan,19.0,44.0,93.0
46,臺南,2018-04-02,77,3.0,3.0,nan,53.0,12.0,50.0,77.0
47,美濃,2018-04-02,68,3.0,2.0,nan,50.0,8.0,67.0,68.0
48,橋頭,2018-04-02,88,6.0,3.0,nan,58.0,25.0,39.0,88.0
49,仁武,2018-04-02,87,9.0,3.0,nan,59.0,18.0,47.0,87.0
50,鳳山,2018-04-02,89,6.0,5.0,nan,54.0,17.0,nan,89.0
53,楠梓,2018-04-02,98,7.0,3.0,nan,71.0,22.0,48.0,98.0
54,左營,2018-04-02,89,6.0,3.0,nan,66.0,17.0,54.0,89.0
56,前金,2018-04-02,86,4.0,3.0,nan,64.0,18.0,49.0,86.0
57,前鎮,2018-04-02,88,9.0,5.0,nan,59.0,26.0,nan,88.0
58,小港,2018-04-02,80,14.0,5.0,nan,56.0,28.0,40.0,80.0
59,屏東,2018-04-02,91,7.0,3.0,nan,54.0,17.0,64.0,91.0
60,潮州,2018-04-02,87,9.0,3.0,nan,57.0,16.0,87.0,77.0
61,恆春,2018-04-02,54,3.0,1.0,nan,53.0,2.0,44.0,54.0
84,富貴角,2018-04-02,126,6.0,3.0,nan,63.0,8.0,126.0,103.0
83,麥寮,2018-04-02,109,6.0,3.0,nan,76.0,18.0,nan,109.0
80,關山,2018-04-02,51,nan,nan,nan,38.0,6.0,34.0,51.0
78,馬公,2018-04-02,80,3.0,2.0,nan,53.0,5.0,46.0,80.0
77,金門,2018-04-02,133,10.0,5.0,nan,87.0,23.0,84.0,133.0
75,馬祖,2018-04-02,84,6.0,6.0,nan,73.0,8.0,48.0,84.0
72,埔里,2018-04-02,92,6.0,3.0,nan,48.0,16.0,84.0,92.0
71,復興,2018-04-02,89,7.0,9.0,nan,60.0,27.0,nan,89.0
70,永和,2018-04-02,82,6.0,11.0,nan,59.0,46.0,nan,82.0
69,竹山,2018-04-02,100,3.0,2.0,nan,54.0,13.0,77.0,100.0
68,中壢,2018-04-02,128,11.0,15.0,nan,78.0,50.0,nan,128.0
67,三重,2018-04-02,78,9.0,16.0,nan,78.0,51.0,nan,77.0
66,冬山,2018-04-02,64,6.0,5.0,nan,64.0,16.0,38.0,nan
65,宜蘭,2018-04-02,62,3.0,3.0,nan,62.0,9.0,50.0,61.0
64,陽明,2018-04-02,104,9.0,3.0,nan,46.0,8.0,104.0,92.0
63,花蓮,2018-04-02,54,9.0,3.0,nan,54.0,10.0,43.0,41.0
34,線西,2018-04-03,98,9.0,5.0,nan,56.0,24.0,nan,98.0
51,大寮,2018-04-03,92,24.0,5.0,nan,56.0,23.0,74.0,92.0
35,二林,2018-04-03,89,9.0,3.0,nan,57.0,20.0,36.0,89.0
36,南投,2018-04-03,85,6.0,6.0,nan,58.0,26.0,37.0,85.0
37,斗六,2018-04-03,82,7.0,3.0,nan,51.0,17.0,47.0,82.0
38,崙背,2018-04-03,94,6.0,2.0,nan,62.0,16.0,42.0,94.0
39,新港,2018-04-03,97,16.0,5.0,nan,68.0,24.0,41.0,97.0
40,朴子,2018-04-03,94,4.0,3.0,nan,66.0,15.0,42.0,94.0
41,臺西,2018-04-03,108,4.0,2.0,nan,60.0,16.0,nan,108.0
42,嘉義,2018-04-03,83,6.0,5.0,nan,57.0,23.0,40.0,83.0
43,新營,2018-04-03,94,4.0,3.0,nan,64.0,21.0,34.0,94.0
44,善化,2018-04-03,75,14.0,3.0,nan,54.0,25.0,36.0,75.0
45,安南,2018-04-03,88,4.0,3.0,nan,66.0,26.0,40.0,88.0
46,臺南,2018-04-03,85,4.0,5.0,nan,52.0,25.0,44.0,85.0
47,美濃,2018-04-03,71,3.0,2.0,nan,50.0,10.0,50.0,71.0
48,橋頭,2018-04-03,84,11.0,5.0,nan,54.0,28.0,43.0,84.0
49,仁武,2018-04-03,79,9.0,3.0,nan,56.0,21.0,67.0,79.0
50,鳳山,2018-04-03,84,9.0,6.0,nan,52.0,21.0,nan,84.0
52,林園,2018-04-03,90,13.0,3.0,nan,59.0,14.0,90.0,88.0
53,楠梓,2018-04-03,92,9.0,5.0,nan,69.0,32.0,58.0,92.0
54,左營,2018-04-03,87,6.0,5.0,nan,59.0,21.0,87.0,75.0
56,前金,2018-04-03,90,6.0,5.0,nan,58.0,21.0,90.0,82.0
57,前鎮,2018-04-03,83,13.0,6.0,nan,57.0,32.0,nan,83.0
58,小港,2018-04-03,77,31.0,6.0,nan,55.0,42.0,61.0,77.0
59,屏東,2018-04-03,91,9.0,5.0,nan,55.0,15.0,84.0,91.0
60,潮州,2018-04-03,108,11.0,5.0,nan,68.0,15.0,108.0,90.0
61,恆春,2018-04-03,46,3.0,1.0,nan,46.0,2.0,41.0,46.0
18,大園,2018-04-03,117,6.0,6.0,nan,66.0,29.0,20.0,117.0
62,臺東,2018-04-03,44,1.0,3.0,nan,44.0,8.0,30.0,44.0
19,觀音,2018-04-03,131,27.0,5.0,nan,82.0,51.0,42.0,131.0
63,花蓮,2018-04-03,48,14.0,5.0,nan,48.0,15.0,36.0,43.0
20,平鎮,2018-04-03,102,7.0,7.0,nan,63.0,33.0,46.0,102.0
64,陽明,2018-04-03,73,16.0,3.0,nan,31.0,15.0,71.0,73.0
21,龍潭,2018-04-03,107,6.0,6.0,nan,56.0,28.0,51.0,107.0
65,宜蘭,2018-04-03,63,4.0,3.0,nan,58.0,10.0,39.0,63.0
66,冬山,2018-04-03,57,4.0,5.0,nan,57.0,14.0,32.0,nan
22,湖口,2018-04-03,125,9.0,5.0,nan,64.0,30.0,48.0,125.0
67,三重,2018-04-03,70,10.0,19.0,nan,68.0,57.0,nan,70.0
68,中壢,2018-04-03,85,9.0,14.0,nan,65.0,44.0,nan,85.0
23,竹東,2018-04-03,89,7.0,5.0,nan,59.0,12.0,36.0,89.0
69,竹山,2018-04-03,97,nan,3.0,nan,54.0,16.0,48.0,97.0
24,新竹,2018-04-03,102,4.0,7.0,nan,55.0,28.0,39.0,102.0
70,永和,2018-04-03,72,10.0,14.0,nan,50.0,49.0,nan,72.0
25,頭份,2018-04-03,87,10.0,5.0,nan,55.0,20.0,nan,87.0
71,復興,2018-04-03,88,16.0,8.0,nan,60.0,35.0,nan,88.0
26,苗栗,2018-04-03,95,6.0,6.0,nan,56.0,23.0,38.0,95.0
27,三義,2018-04-03,99,7.0,3.0,nan,47.0,15.0,45.0,99.0
72,埔里,2018-04-03,92,6.0,5.0,nan,48.0,23.0,67.0,92.0
28,豐原,2018-04-03,78,6.0,5.0,nan,48.0,19.0,44.0,78.0
75,馬祖,2018-04-03,80,4.0,2.0,nan,55.0,13.0,58.0,80.0
29,沙鹿,2018-04-03,84,11.0,5.0,nan,57.0,29.0,39.0,84.0
77,金門,2018-04-03,110,17.0,3.0,nan,64.0,31.0,37.0,110.0
30,大里,2018-04-03,71,16.0,7.0,nan,60.0,37.0,41.0,71.0
31,忠明,2018-04-03,89,20.0,7.0,nan,57.0,32.0,41.0,89.0
78,馬公,2018-04-03,63,3.0,2.0,nan,39.0,5.0,33.0,63.0
80,關山,2018-04-03,45,nan,nan,nan,41.0,7.0,30.0,45.0
32,西屯,2018-04-03,90,23.0,6.0,nan,58.0,33.0,42.0,90.0
17,桃園,2018-04-03,93,23.0,7.0,nan,58.0,28.0,41.0,93.0
83,麥寮,2018-04-03,104,10.0,3.0,nan,74.0,21.0,nan,104.0
33,彰化,2018-04-03,101,19.0,6.0,nan,57.0,23.0,38.0,101.0
84,富貴角,2018-04-03,94,9.0,2.0,nan,54.0,12.0,87.0,94.0
16,大同,2018-04-03,73,9.0,17.0,nan,66.0,50.0,nan,73.0
15,松山,2018-04-03,72,9.0,7.0,nan,50.0,27.0,61.0,72.0
14,古亭,2018-04-03,54,7.0,6.0,nan,52.0,29.0,54.0,nan
13,萬華,2018-04-03,77,7.0,7.0,nan,55.0,32.0,77.0,77.0
12,中山,2018-04-03,84,6.0,9.0,nan,60.0,35.0,44.0,84.0
11,士林,2018-04-03,77,9.0,5.0,nan,56.0,23.0,49.0,77.0
10,淡水,2018-04-03,74,7.0,5.0,nan,54.0,25.0,38.0,74.0
9,林口,2018-04-03,88,14.0,5.0,nan,61.0,33.0,58.0,88.0
8,菜寮,2018-04-03,84,10.0,8.0,nan,55.0,32.0,36.0,84.0
7,新莊,2018-04-03,81,10.0,7.0,nan,54.0,33.0,71.0,81.0
6,板橋,2018-04-03,90,9.0,8.0,nan,57.0,33.0,61.0,90.0
5,土城,2018-04-03,83,9.0,7.0,nan,54.0,29.0,64.0,83.0
4,新店,2018-04-03,79,6.0,5.0,nan,49.0,25.0,67.0,79.0
3,萬里,2018-04-03,104,9.0,3.0,nan,54.0,9.0,104.0,81.0
2,汐止,2018-04-03,85,6.0,7.0,nan,48.0,37.0,47.0,85.0
1,基隆,2018-04-03,68,21.0,6.0,nan,40.0,29.0,51.0,68.0
5,土城,2018-04-04,84,9.0,7.0,nan,51.0,27.0,80.0,84.0
1,基隆,2018-04-04,59,20.0,6.0,nan,31.0,25.0,42.0,59.0
84,富貴角,2018-04-04,87,7.0,2.0,nan,39.0,6.0,87.0,73.0
83,麥寮,2018-04-04,92,6.0,5.0,nan,67.0,7.0,nan,92.0
80,關山,2018-04-04,43,nan,nan,nan,32.0,6.0,30.0,43.0
78,馬公,2018-04-04,62,4.0,2.0,nan,40.0,7.0,31.0,62.0
77,金門,2018-04-04,72,13.0,2.0,nan,48.0,20.0,37.0,72.0
75,馬祖,2018-04-04,90,6.0,2.0,nan,51.0,10.0,39.0,90.0
72,埔里,2018-04-04,101,6.0,6.0,nan,51.0,25.0,101.0,92.0
71,復興,2018-04-04,102,11.0,7.0,nan,68.0,22.0,nan,102.0
70,永和,2018-04-04,71,9.0,11.0,nan,42.0,48.0,nan,71.0
69,竹山,2018-04-04,110,9.0,5.0,nan,56.0,21.0,87.0,110.0
68,中壢,2018-04-04,87,9.0,10.0,nan,60.0,37.0,nan,87.0
67,三重,2018-04-04,59,10.0,15.0,nan,59.0,48.0,nan,59.0
66,冬山,2018-04-04,50,4.0,3.0,nan,45.0,14.0,31.0,50.0
65,宜蘭,2018-04-04,53,3.0,3.0,nan,42.0,8.0,36.0,53.0
64,陽明,2018-04-04,71,6.0,2.0,nan,27.0,5.0,71.0,67.0
63,花蓮,2018-04-04,41,4.0,5.0,nan,40.0,16.0,35.0,41.0
62,臺東,2018-04-04,38,3.0,5.0,nan,34.0,15.0,30.0,38.0
61,恆春,2018-04-04,40,3.0,1.0,nan,38.0,2.0,40.0,40.0
60,潮州,2018-04-04,90,10.0,3.0,nan,68.0,13.0,90.0,86.0
59,屏東,2018-04-04,106,7.0,5.0,nan,64.0,14.0,93.0,106.0
58,小港,2018-04-04,101,19.0,5.0,nan,65.0,26.0,101.0,92.0
57,前鎮,2018-04-04,105,10.0,5.0,nan,64.0,23.0,nan,105.0
56,前金,2018-04-04,100,7.0,5.0,nan,62.0,13.0,100.0,95.0
54,左營,2018-04-04,90,7.0,5.0,nan,66.0,14.0,87.0,90.0
53,楠梓,2018-04-04,100,4.0,3.0,nan,78.0,17.0,64.0,100.0
52,林園,2018-04-04,95,10.0,3.0,nan,62.0,13.0,90.0,95.0
50,鳳山,2018-04-04,105,10.0,6.0,nan,59.0,25.0,nan,105.0
49,仁武,2018-04-04,97,11.0,5.0,nan,63.0,22.0,77.0,97.0
48,橋頭,2018-04-04,90,10.0,5.0,nan,59.0,17.0,44.0,90.0
47,美濃,2018-04-04,79,4.0,3.0,nan,57.0,8.0,54.0,79.0
46,臺南,2018-04-04,93,7.0,5.0,nan,54.0,19.0,54.0,93.0
45,安南,2018-04-04,108,10.0,5.0,nan,nan,23.0,47.0,108.0
44,善化,2018-04-04,97,10.0,5.0,nan,61.0,19.0,45.0,97.0
43,新營,2018-04-04,103,9.0,6.0,nan,71.0,17.0,45.0,103.0
42,嘉義,2018-04-04,105,9.0,6.0,nan,62.0,23.0,58.0,105.0
41,臺西,2018-04-04,99,9.0,3.0,nan,60.0,21.0,nan,99.0
40,朴子,2018-04-04,103,6.0,5.0,nan,74.0,18.0,49.0,103.0
39,新港,2018-04-04,106,7.0,6.0,nan,66.0,20.0,54.0,106.0
38,崙背,2018-04-04,95,6.0,5.0,nan,61.0,18.0,45.0,95.0
37,斗六,2018-04-04,99,7.0,5.0,nan,57.0,34.0,67.0,99.0
36,南投,2018-04-04,95,14.0,7.0,nan,60.0,33.0,41.0,95.0
35,二林,2018-04-04,84,10.0,6.0,nan,56.0,18.0,38.0,84.0
51,大寮,2018-04-04,123,24.0,6.0,nan,66.0,25.0,104.0,123.0
34,線西,2018-04-04,93,10.0,6.0,nan,54.0,26.0,nan,93.0
33,彰化,2018-04-04,99,14.0,6.0,nan,55.0,25.0,38.0,99.0
32,西屯,2018-04-04,97,14.0,7.0,nan,56.0,28.0,47.0,97.0
31,忠明,2018-04-04,98,13.0,7.0,nan,56.0,29.0,44.0,98.0
30,大里,2018-04-04,78,16.0,7.0,nan,63.0,23.0,39.0,78.0
29,沙鹿,2018-04-04,80,7.0,3.0,nan,55.0,28.0,43.0,80.0
28,豐原,2018-04-04,86,4.0,3.0,nan,47.0,17.0,48.0,86.0
27,三義,2018-04-04,85,4.0,2.0,nan,44.0,13.0,47.0,85.0
26,苗栗,2018-04-04,101,7.0,5.0,nan,58.0,16.0,45.0,101.0
25,頭份,2018-04-04,86,7.0,3.0,nan,54.0,16.0,nan,86.0
24,新竹,2018-04-04,95,9.0,6.0,nan,48.0,23.0,51.0,95.0
23,竹東,2018-04-04,90,7.0,5.0,nan,55.0,12.0,48.0,90.0
22,湖口,2018-04-04,119,9.0,6.0,nan,59.0,27.0,87.0,119.0
21,龍潭,2018-04-04,97,9.0,6.0,nan,53.0,22.0,64.0,97.0
20,平鎮,2018-04-04,83,11.0,6.0,nan,60.0,26.0,61.0,83.0
19,觀音,2018-04-04,107,19.0,7.0,nan,67.0,42.0,46.0,107.0
18,大園,2018-04-04,85,4.0,6.0,nan,54.0,24.0,25.0,85.0
17,桃園,2018-04-04,85,26.0,8.0,nan,55.0,30.0,47.0,85.0
16,大同,2018-04-04,78,7.0,11.0,nan,61.0,41.0,nan,78.0
15,松山,2018-04-04,65,9.0,6.0,nan,44.0,28.0,48.0,65.0
14,古亭,2018-04-04,71,9.0,6.0,nan,40.0,24.0,71.0,nan
13,萬華,2018-04-04,66,9.0,7.0,nan,42.0,31.0,61.0,66.0
12,中山,2018-04-04,74,7.0,8.0,nan,50.0,34.0,50.0,74.0
11,士林,2018-04-04,81,7.0,5.0,nan,43.0,24.0,67.0,81.0
10,淡水,2018-04-04,67,9.0,6.0,nan,50.0,21.0,45.0,67.0
9,林口,2018-04-04,84,7.0,5.0,nan,54.0,28.0,84.0,81.0
8,菜寮,2018-04-04,76,9.0,6.0,nan,44.0,24.0,40.0,76.0
7,新莊,2018-04-04,78,11.0,8.0,nan,49.0,27.0,77.0,78.0
6,板橋,2018-04-04,93,11.0,8.0,nan,55.0,31.0,67.0,93.0
4,新店,2018-04-04,84,13.0,6.0,nan,39.0,27.0,84.0,70.0
3,萬里,2018-04-04,58,13.0,3.0,nan,38.0,10.0,50.0,58.0
2,汐止,2018-04-04,71,16.0,6.0,nan,36.0,29.0,45.0,71.0
84,富貴角,2018-04-05,73,6.0,2.0,nan,38.0,8.0,44.0,73.0
2,汐止,2018-04-05,80,14.0,5.0,nan,37.0,26.0,71.0,80.0
3,萬里,2018-04-05,64,10.0,2.0,nan,37.0,10.0,51.0,64.0
4,新店,2018-04-05,75,7.0,5.0,nan,42.0,22.0,58.0,75.0
5,土城,2018-04-05,76,6.0,6.0,nan,43.0,27.0,54.0,76.0
6,板橋,2018-04-05,79,9.0,7.0,nan,50.0,34.0,50.0,79.0
7,新莊,2018-04-05,71,10.0,6.0,nan,43.0,27.0,49.0,71.0
8,菜寮,2018-04-05,72,11.0,6.0,nan,42.0,30.0,31.0,72.0
9,林口,2018-04-05,82,11.0,5.0,nan,54.0,25.0,45.0,82.0
10,淡水,2018-04-05,70,9.0,6.0,nan,44.0,20.0,30.0,70.0
11,士林,2018-04-05,70,9.0,5.0,nan,36.0,23.0,43.0,70.0
12,中山,2018-04-05,67,7.0,6.0,nan,40.0,33.0,42.0,67.0
13,萬華,2018-04-05,66,9.0,7.0,nan,36.0,35.0,44.0,66.0
14,古亭,2018-04-05,49,9.0,6.0,nan,38.0,25.0,49.0,nan
15,松山,2018-04-05,68,9.0,6.0,nan,43.0,32.0,54.0,68.0
16,大同,2018-04-05,73,9.0,11.0,nan,53.0,36.0,nan,73.0
17,桃園,2018-04-05,77,11.0,6.0,nan,47.0,28.0,36.0,77.0
18,大園,2018-04-05,81,4.0,3.0,nan,54.0,19.0,17.0,81.0
19,觀音,2018-04-05,91,19.0,3.0,nan,57.0,25.0,32.0,91.0
20,平鎮,2018-04-05,84,7.0,6.0,nan,56.0,32.0,41.0,84.0
21,龍潭,2018-04-05,98,9.0,6.0,nan,52.0,26.0,45.0,98.0
1,基隆,2018-04-05,65,13.0,5.0,nan,31.0,26.0,48.0,65.0
22,湖口,2018-04-05,97,11.0,3.0,nan,52.0,26.0,39.0,97.0
23,竹東,2018-04-05,84,6.0,3.0,nan,50.0,10.0,35.0,84.0
24,新竹,2018-04-05,84,10.0,5.0,nan,44.0,23.0,33.0,84.0
25,頭份,2018-04-05,80,6.0,3.0,nan,52.0,17.0,nan,80.0
26,苗栗,2018-04-05,94,6.0,5.0,nan,53.0,17.0,34.0,94.0
27,三義,2018-04-05,97,4.0,3.0,nan,46.0,13.0,48.0,97.0
28,豐原,2018-04-05,89,4.0,3.0,nan,47.0,16.0,50.0,89.0
29,沙鹿,2018-04-05,92,7.0,5.0,nan,58.0,22.0,45.0,92.0
30,大里,2018-04-05,76,7.0,6.0,nan,60.0,25.0,74.0,76.0
31,忠明,2018-04-05,94,17.0,5.0,nan,51.0,28.0,61.0,94.0
32,西屯,2018-04-05,96,11.0,6.0,nan,55.0,26.0,71.0,96.0
33,彰化,2018-04-05,120,17.0,8.0,nan,nan,21.0,41.0,120.0
34,線西,2018-04-05,109,10.0,5.0,nan,57.0,16.0,nan,109.0
51,大寮,2018-04-05,77,20.0,6.0,nan,50.0,18.0,38.0,77.0
35,二林,2018-04-05,109,10.0,5.0,nan,66.0,17.0,42.0,109.0
36,南投,2018-04-05,97,10.0,7.0,nan,59.0,24.0,44.0,97.0
37,斗六,2018-04-05,103,6.0,5.0,nan,62.0,23.0,77.0,103.0
38,崙背,2018-04-05,138,9.0,5.0,nan,78.0,10.0,61.0,138.0
39,新港,2018-04-05,130,7.0,5.0,nan,78.0,16.0,77.0,130.0
40,朴子,2018-04-05,138,9.0,5.0,nan,81.0,10.0,84.0,138.0
41,臺西,2018-04-05,123,13.0,5.0,nan,64.0,26.0,nan,123.0
42,嘉義,2018-04-05,122,7.0,6.0,nan,66.0,24.0,80.0,122.0
43,新營,2018-04-05,105,7.0,5.0,nan,72.0,20.0,50.0,105.0
44,善化,2018-04-05,114,11.0,5.0,nan,66.0,14.0,49.0,114.0
45,安南,2018-04-05,98,9.0,5.0,nan,68.0,15.0,61.0,98.0
46,臺南,2018-04-05,108,7.0,5.0,nan,58.0,20.0,97.0,108.0
47,美濃,2018-04-05,90,6.0,5.0,nan,57.0,8.0,90.0,83.0
48,橋頭,2018-04-05,69,10.0,5.0,nan,48.0,18.0,46.0,69.0
49,仁武,2018-04-05,72,13.0,5.0,nan,53.0,17.0,58.0,72.0
50,鳳山,2018-04-05,73,13.0,6.0,nan,47.0,20.0,nan,73.0
52,林園,2018-04-05,70,6.0,5.0,nan,50.0,11.0,42.0,70.0
53,楠梓,2018-04-05,76,9.0,5.0,nan,62.0,16.0,64.0,76.0
54,左營,2018-04-05,68,14.0,5.0,nan,61.0,19.0,58.0,68.0
56,前金,2018-04-05,76,17.0,5.0,nan,55.0,20.0,51.0,76.0
57,前鎮,2018-04-05,78,24.0,5.0,nan,52.0,25.0,nan,78.0
58,小港,2018-04-05,61,31.0,5.0,nan,50.0,30.0,42.0,61.0
59,屏東,2018-04-05,94,14.0,6.0,nan,59.0,17.0,67.0,94.0
60,潮州,2018-04-05,74,13.0,5.0,nan,58.0,10.0,61.0,74.0
61,恆春,2018-04-05,35,4.0,1.0,nan,35.0,2.0,34.0,35.0
62,臺東,2018-04-05,37,1.0,5.0,nan,26.0,11.0,28.0,37.0
63,花蓮,2018-04-05,34,9.0,3.0,nan,31.0,11.0,34.0,30.0
64,陽明,2018-04-05,63,6.0,2.0,nan,26.0,6.0,47.0,63.0
65,宜蘭,2018-04-05,54,4.0,3.0,nan,41.0,8.0,39.0,54.0
66,冬山,2018-04-05,57,4.0,3.0,nan,41.0,9.0,32.0,57.0
67,三重,2018-04-05,61,10.0,11.0,nan,57.0,39.0,nan,61.0
68,中壢,2018-04-05,88,11.0,12.0,nan,64.0,29.0,nan,88.0
69,竹山,2018-04-05,107,7.0,5.0,nan,54.0,17.0,80.0,107.0
70,永和,2018-04-05,69,10.0,10.0,nan,43.0,29.0,nan,69.0
71,復興,2018-04-05,76,20.0,6.0,nan,53.0,21.0,nan,76.0
72,埔里,2018-04-05,99,4.0,5.0,nan,50.0,15.0,80.0,99.0
75,馬祖,2018-04-05,84,4.0,2.0,nan,44.0,12.0,28.0,84.0
77,金門,2018-04-05,79,7.0,2.0,nan,44.0,21.0,31.0,79.0
78,馬公,2018-04-05,60,4.0,3.0,nan,35.0,12.0,35.0,60.0
80,關山,2018-04-05,31,4.0,nan,nan,26.0,6.0,29.0,31.0
83,麥寮,2018-04-05,123,11.0,5.0,nan,80.0,11.0,nan,123.0
1,基隆,2018-04-06,70,6.0,5.0,nan,49.0,15.0,45.0,70.0
84,富貴角,2018-04-06,98,6.0,3.0,nan,73.0,11.0,46.0,98.0
83,麥寮,2018-04-06,107,7.0,5.0,nan,107.0,14.0,nan,89.0
80,關山,2018-04-06,32,7.0,nan,nan,19.0,7.0,32.0,27.0
78,馬公,2018-04-06,55,16.0,2.0,nan,46.0,12.0,44.0,55.0
77,金門,2018-04-06,74,11.0,3.0,nan,48.0,21.0,38.0,74.0
75,馬祖,2018-04-06,59,4.0,5.0,nan,59.0,12.0,44.0,55.0
72,埔里,2018-04-06,77,3.0,5.0,nan,40.0,12.0,47.0,77.0
71,復興,2018-04-06,63,10.0,6.0,nan,63.0,22.0,nan,62.0
70,永和,2018-04-06,59,3.0,6.0,nan,44.0,20.0,nan,59.0
69,竹山,2018-04-06,79,4.0,5.0,nan,52.0,13.0,42.0,79.0
68,中壢,2018-04-06,68,6.0,8.0,nan,62.0,28.0,nan,68.0
67,三重,2018-04-06,59,7.0,15.0,nan,59.0,37.0,nan,51.0
66,冬山,2018-04-06,54,3.0,6.0,nan,54.0,16.0,42.0,46.0
65,宜蘭,2018-04-06,57,4.0,5.0,nan,46.0,9.0,43.0,57.0
64,陽明,2018-04-06,56,7.0,3.0,nan,40.0,8.0,45.0,56.0
63,花蓮,2018-04-06,44,10.0,3.0,nan,33.0,8.0,44.0,29.0
62,臺東,2018-04-06,32,3.0,5.0,nan,25.0,8.0,32.0,29.0
61,恆春,2018-04-06,41,6.0,2.0,nan,30.0,3.0,41.0,30.0
60,潮州,2018-04-06,53,7.0,5.0,nan,53.0,15.0,44.0,51.0
59,屏東,2018-04-06,64,4.0,5.0,nan,54.0,16.0,43.0,64.0
58,小港,2018-04-06,59,11.0,6.0,nan,59.0,19.0,38.0,57.0
57,前鎮,2018-04-06,61,19.0,6.0,nan,61.0,22.0,nan,61.0
56,前金,2018-04-06,61,10.0,5.0,nan,61.0,20.0,43.0,56.0
54,左營,2018-04-06,61,9.0,5.0,nan,61.0,20.0,42.0,49.0
53,楠梓,2018-04-06,76,7.0,5.0,nan,76.0,14.0,41.0,63.0
52,林園,2018-04-06,63,11.0,5.0,nan,52.0,28.0,44.0,63.0
50,鳳山,2018-04-06,54,7.0,5.0,nan,54.0,17.0,nan,50.0
49,仁武,2018-04-06,59,14.0,5.0,nan,59.0,17.0,42.0,49.0
48,橋頭,2018-04-06,59,10.0,5.0,nan,59.0,16.0,32.0,54.0
47,美濃,2018-04-06,51,4.0,5.0,nan,51.0,9.0,42.0,51.0
46,臺南,2018-04-06,62,6.0,5.0,nan,62.0,16.0,40.0,46.0
45,安南,2018-04-06,109,4.0,5.0,nan,109.0,23.0,38.0,69.0
44,善化,2018-04-06,71,7.0,5.0,nan,64.0,10.0,31.0,71.0
43,新營,2018-04-06,74,4.0,5.0,nan,74.0,12.0,33.0,64.0
42,嘉義,2018-04-06,70,4.0,6.0,nan,62.0,17.0,38.0,70.0
41,臺西,2018-04-06,141,6.0,5.0,nan,141.0,16.0,nan,112.0
40,朴子,2018-04-06,104,6.0,5.0,nan,104.0,10.0,42.0,79.0
39,新港,2018-04-06,82,11.0,5.0,nan,82.0,16.0,38.0,80.0
38,崙背,2018-04-06,21,3.0,3.0,nan,nan,21.0,6.0,nan
37,斗六,2018-04-06,80,3.0,5.0,nan,72.0,15.0,43.0,80.0
36,南投,2018-04-06,68,10.0,6.0,nan,57.0,19.0,30.0,68.0
35,二林,2018-04-06,80,9.0,5.0,nan,80.0,18.0,39.0,74.0
51,大寮,2018-04-06,69,10.0,5.0,nan,56.0,15.0,41.0,69.0
34,線西,2018-04-06,84,7.0,7.0,nan,66.0,24.0,nan,84.0
33,彰化,2018-04-06,77,17.0,6.0,nan,61.0,16.0,36.0,77.0
32,西屯,2018-04-06,71,13.0,6.0,nan,54.0,25.0,45.0,71.0
31,忠明,2018-04-06,64,10.0,6.0,nan,57.0,19.0,37.0,64.0
30,大里,2018-04-06,59,7.0,6.0,nan,59.0,17.0,34.0,53.0
29,沙鹿,2018-04-06,66,17.0,5.0,nan,66.0,20.0,42.0,61.0
28,豐原,2018-04-06,41,7.0,3.0,nan,41.0,12.0,37.0,nan
27,三義,2018-04-06,74,10.0,5.0,nan,43.0,12.0,43.0,74.0
26,苗栗,2018-04-06,74,6.0,5.0,nan,55.0,13.0,39.0,74.0
25,頭份,2018-04-06,61,6.0,3.0,nan,55.0,11.0,nan,61.0
24,新竹,2018-04-06,70,4.0,5.0,nan,49.0,16.0,38.0,70.0
23,竹東,2018-04-06,68,4.0,5.0,nan,48.0,10.0,38.0,68.0
22,湖口,2018-04-06,76,7.0,5.0,nan,54.0,26.0,43.0,76.0
21,龍潭,2018-04-06,71,6.0,5.0,nan,49.0,15.0,39.0,71.0
20,平鎮,2018-04-06,72,6.0,5.0,nan,61.0,21.0,38.0,72.0
19,觀音,2018-04-06,85,9.0,3.0,nan,64.0,16.0,40.0,85.0
18,大園,2018-04-06,65,3.0,3.0,nan,63.0,19.0,27.0,65.0
17,桃園,2018-04-06,70,11.0,6.0,nan,53.0,25.0,35.0,70.0
16,大同,2018-04-06,60,3.0,12.0,nan,59.0,31.0,nan,60.0
15,松山,2018-04-06,59,4.0,5.0,nan,54.0,27.0,38.0,59.0
14,古亭,2018-04-06,44,4.0,6.0,nan,44.0,18.0,38.0,nan
13,萬華,2018-04-06,57,3.0,5.0,nan,44.0,21.0,32.0,57.0
12,中山,2018-04-06,60,7.0,7.0,nan,52.0,23.0,31.0,60.0
11,士林,2018-04-06,64,6.0,8.0,nan,50.0,25.0,42.0,64.0
10,淡水,2018-04-06,63,6.0,6.0,nan,57.0,23.0,35.0,63.0
9,林口,2018-04-06,68,7.0,5.0,nan,60.0,25.0,44.0,68.0
8,菜寮,2018-04-06,66,6.0,6.0,nan,47.0,28.0,32.0,66.0
7,新莊,2018-04-06,62,13.0,6.0,nan,51.0,23.0,39.0,62.0
6,板橋,2018-04-06,70,7.0,6.0,nan,54.0,25.0,35.0,70.0
5,土城,2018-04-06,59,6.0,6.0,nan,50.0,23.0,38.0,59.0
4,新店,2018-04-06,64,4.0,5.0,nan,45.0,15.0,40.0,64.0
3,萬里,2018-04-06,75,6.0,3.0,nan,75.0,9.0,50.0,70.0
2,汐止,2018-04-06,72,4.0,7.0,nan,49.0,20.0,43.0,72.0
21,龍潭,2018-04-07,97,4.0,5.0,nan,90.0,10.0,54.0,97.0
1,基隆,2018-04-07,93,3.0,5.0,nan,92.0,13.0,74.0,93.0
2,汐止,2018-04-07,88,4.0,5.0,nan,88.0,29.0,51.0,87.0
3,萬里,2018-04-07,122,3.0,3.0,nan,122.0,5.0,97.0,86.0
4,新店,2018-04-07,85,6.0,5.0,nan,85.0,13.0,54.0,82.0
5,土城,2018-04-07,94,4.0,5.0,nan,94.0,19.0,49.0,78.0
6,板橋,2018-04-07,94,3.0,6.0,nan,94.0,25.0,46.0,79.0
7,新莊,2018-04-07,91,3.0,6.0,nan,91.0,17.0,61.0,67.0
8,菜寮,2018-04-07,94,3.0,6.0,nan,94.0,24.0,44.0,79.0
9,林口,2018-04-07,101,4.0,5.0,nan,101.0,17.0,64.0,81.0
10,淡水,2018-04-07,93,3.0,3.0,nan,93.0,17.0,42.0,67.0
11,士林,2018-04-07,102,3.0,5.0,nan,102.0,22.0,61.0,91.0
12,中山,2018-04-07,108,6.0,6.0,nan,108.0,28.0,42.0,82.0
13,萬華,2018-04-07,96,6.0,5.0,nan,96.0,26.0,43.0,86.0
14,古亭,2018-04-07,96,3.0,5.0,nan,96.0,22.0,49.0,nan
15,松山,2018-04-07,103,4.0,5.0,nan,103.0,21.0,50.0,81.0
16,大同,2018-04-07,106,4.0,11.0,nan,106.0,44.0,nan,81.0
17,桃園,2018-04-07,96,6.0,5.0,nan,96.0,22.0,44.0,77.0
18,大園,2018-04-07,105,3.0,5.0,nan,105.0,26.0,31.0,90.0
19,觀音,2018-04-07,110,4.0,5.0,nan,109.0,14.0,51.0,110.0
20,平鎮,2018-04-07,104,6.0,6.0,nan,104.0,23.0,47.0,89.0
22,湖口,2018-04-07,99,4.0,5.0,nan,99.0,13.0,61.0,89.0
23,竹東,2018-04-07,78,4.0,5.0,nan,78.0,8.0,47.0,74.0
24,新竹,2018-04-07,92,4.0,5.0,nan,87.0,15.0,49.0,92.0
25,頭份,2018-04-07,84,3.0,3.0,nan,84.0,17.0,nan,82.0
26,苗栗,2018-04-07,90,4.0,5.0,nan,81.0,12.0,49.0,90.0
27,三義,2018-04-07,76,3.0,3.0,nan,65.0,6.0,58.0,76.0
28,豐原,2018-04-07,64,3.0,3.0,nan,57.0,8.0,48.0,64.0
29,沙鹿,2018-04-07,79,3.0,5.0,nan,79.0,9.0,58.0,62.0
30,大里,2018-04-07,65,3.0,5.0,nan,65.0,16.0,44.0,54.0
31,忠明,2018-04-07,77,4.0,5.0,nan,70.0,15.0,50.0,77.0
32,西屯,2018-04-07,86,3.0,3.0,nan,76.0,10.0,74.0,86.0
33,彰化,2018-04-07,85,1.0,5.0,nan,76.0,13.0,48.0,85.0
34,線西,2018-04-07,86,3.0,5.0,nan,78.0,11.0,nan,86.0
51,大寮,2018-04-07,89,10.0,6.0,nan,76.0,24.0,43.0,89.0
35,二林,2018-04-07,87,4.0,3.0,nan,87.0,8.0,50.0,83.0
36,南投,2018-04-07,65,4.0,6.0,nan,65.0,20.0,30.0,61.0
37,斗六,2018-04-07,86,3.0,5.0,nan,70.0,15.0,41.0,86.0
38,崙背,2018-04-07,49,4.0,3.0,nan,nan,nan,49.0,nan
39,新港,2018-04-07,92,3.0,5.0,nan,92.0,11.0,49.0,89.0
40,朴子,2018-04-07,114,6.0,3.0,nan,114.0,10.0,51.0,86.0
41,臺西,2018-04-07,225,13.0,5.0,nan,225.0,17.0,nan,105.0
42,嘉義,2018-04-07,78,6.0,7.0,nan,78.0,22.0,42.0,70.0
43,新營,2018-04-07,90,3.0,5.0,nan,90.0,14.0,43.0,89.0
44,善化,2018-04-07,85,7.0,5.0,nan,81.0,17.0,39.0,85.0
45,安南,2018-04-07,103,4.0,5.0,nan,103.0,14.0,45.0,77.0
46,臺南,2018-04-07,87,3.0,6.0,nan,87.0,18.0,47.0,78.0
47,美濃,2018-04-07,69,4.0,5.0,nan,69.0,10.0,31.0,62.0
48,橋頭,2018-04-07,84,6.0,6.0,nan,79.0,21.0,39.0,84.0
49,仁武,2018-04-07,83,11.0,6.0,nan,83.0,28.0,40.0,73.0
50,鳳山,2018-04-07,74,11.0,7.0,nan,74.0,28.0,nan,69.0
52,林園,2018-04-07,89,17.0,5.0,nan,78.0,24.0,48.0,89.0
53,楠梓,2018-04-07,97,4.0,6.0,nan,97.0,19.0,42.0,97.0
54,左營,2018-04-07,88,6.0,6.0,nan,88.0,23.0,42.0,79.0
56,前金,2018-04-07,93,6.0,7.0,nan,85.0,21.0,42.0,93.0
57,前鎮,2018-04-07,90,14.0,8.0,nan,85.0,32.0,nan,90.0
58,小港,2018-04-07,90,31.0,7.0,nan,90.0,42.0,35.0,88.0
59,屏東,2018-04-07,79,9.0,6.0,nan,76.0,20.0,40.0,79.0
60,潮州,2018-04-07,86,7.0,5.0,nan,86.0,16.0,44.0,67.0
61,恆春,2018-04-07,54,3.0,3.0,nan,41.0,3.0,54.0,48.0
62,臺東,2018-04-07,60,3.0,5.0,nan,58.0,11.0,40.0,60.0
63,花蓮,2018-04-07,66,4.0,6.0,nan,66.0,13.0,44.0,64.0
64,陽明,2018-04-07,88,6.0,3.0,nan,71.0,3.0,74.0,88.0
65,宜蘭,2018-04-07,85,3.0,3.0,nan,85.0,8.0,51.0,81.0
66,冬山,2018-04-07,97,3.0,3.0,nan,97.0,12.0,46.0,76.0
67,三重,2018-04-07,111,6.0,16.0,nan,111.0,53.0,nan,63.0
68,中壢,2018-04-07,104,6.0,10.0,nan,104.0,48.0,nan,80.0
69,竹山,2018-04-07,76,4.0,5.0,nan,62.0,15.0,34.0,76.0
70,永和,2018-04-07,87,4.0,6.0,nan,87.0,24.0,nan,78.0
71,復興,2018-04-07,90,16.0,9.0,nan,89.0,28.0,nan,90.0
72,埔里,2018-04-07,58,4.0,5.0,nan,37.0,13.0,27.0,58.0
75,馬祖,2018-04-07,111,3.0,3.0,nan,111.0,4.0,80.0,85.0
77,金門,2018-04-07,104,10.0,3.0,nan,104.0,10.0,74.0,91.0
78,馬公,2018-04-07,95,3.0,3.0,nan,95.0,5.0,74.0,87.0
80,關山,2018-04-07,61,4.0,nan,nan,61.0,7.0,40.0,60.0
83,麥寮,2018-04-07,105,9.0,5.0,nan,105.0,16.0,nan,85.0
84,富貴角,2018-04-07,120,3.0,3.0,nan,115.0,3.0,90.0,120.0
16,大同,2018-04-08,68,4.0,14.0,nan,68.0,52.0,nan,67.0
15,松山,2018-04-08,61,6.0,3.0,nan,53.0,21.0,61.0,55.0
14,古亭,2018-04-08,58,3.0,5.0,nan,58.0,21.0,58.0,nan
13,萬華,2018-04-08,56,4.0,5.0,nan,56.0,25.0,50.0,52.0
12,中山,2018-04-08,59,4.0,7.0,nan,59.0,35.0,50.0,53.0
11,士林,2018-04-08,64,3.0,3.0,nan,54.0,11.0,64.0,53.0
10,淡水,2018-04-08,54,4.0,2.0,nan,54.0,7.0,44.0,47.0
9,林口,2018-04-08,80,4.0,5.0,nan,62.0,23.0,80.0,60.0
8,菜寮,2018-04-08,54,4.0,6.0,nan,54.0,25.0,43.0,53.0
7,新莊,2018-04-08,67,3.0,5.0,nan,56.0,19.0,67.0,45.0
6,板橋,2018-04-08,58,3.0,6.0,nan,57.0,26.0,51.0,58.0
5,土城,2018-04-08,55,4.0,6.0,nan,53.0,33.0,54.0,55.0
4,新店,2018-04-08,74,3.0,3.0,nan,52.0,8.0,74.0,61.0
3,萬里,2018-04-08,74,16.0,2.0,nan,46.0,10.0,74.0,53.0
2,汐止,2018-04-08,71,10.0,5.0,nan,48.0,25.0,71.0,63.0
1,基隆,2018-04-08,67,3.0,3.0,nan,44.0,16.0,67.0,54.0
77,金門,2018-04-08,112,17.0,5.0,nan,98.0,29.0,112.0,89.0
71,復興,2018-04-08,91,17.0,8.0,nan,74.0,27.0,nan,91.0
83,麥寮,2018-04-08,71,16.0,5.0,nan,71.0,18.0,nan,70.0
80,關山,2018-04-08,57,7.0,nan,nan,54.0,7.0,45.0,57.0
84,富貴角,2018-04-08,77,4.0,2.0,nan,59.0,5.0,77.0,73.0
70,永和,2018-04-08,53,1.0,5.0,nan,51.0,20.0,nan,53.0
69,竹山,2018-04-08,115,4.0,5.0,nan,60.0,18.0,115.0,85.0
75,馬祖,2018-04-08,118,6.0,5.0,nan,85.0,8.0,118.0,80.0
68,中壢,2018-04-08,64,6.0,16.0,nan,64.0,60.0,nan,52.0
67,三重,2018-04-08,68,6.0,15.0,nan,68.0,50.0,nan,46.0
66,冬山,2018-04-08,59,6.0,3.0,nan,59.0,15.0,58.0,48.0
65,宜蘭,2018-04-08,74,3.0,5.0,nan,60.0,12.0,74.0,59.0
64,陽明,2018-04-08,64,10.0,2.0,nan,34.0,6.0,64.0,53.0
63,花蓮,2018-04-08,67,3.0,3.0,nan,59.0,13.0,67.0,55.0
62,臺東,2018-04-08,54,1.0,3.0,nan,54.0,8.0,46.0,54.0
61,恆春,2018-04-08,77,3.0,2.0,nan,50.0,3.0,77.0,52.0
60,潮州,2018-04-08,140,11.0,5.0,nan,62.0,16.0,140.0,79.0
59,屏東,2018-04-08,122,11.0,6.0,nan,64.0,24.0,122.0,88.0
58,小港,2018-04-08,97,26.0,7.0,nan,66.0,35.0,97.0,84.0
57,前鎮,2018-04-08,97,19.0,7.0,nan,73.0,30.0,nan,97.0
56,前金,2018-04-08,104,7.0,6.0,nan,76.0,22.0,104.0,90.0
54,左營,2018-04-08,108,9.0,6.0,nan,nan,25.0,108.0,80.0
78,馬公,2018-04-08,90,3.0,3.0,nan,61.0,5.0,90.0,55.0
53,楠梓,2018-04-08,102,6.0,6.0,nan,86.0,20.0,101.0,102.0
52,林園,2018-04-08,126,14.0,6.0,nan,66.0,25.0,126.0,88.0
50,鳳山,2018-04-08,84,19.0,7.0,nan,64.0,22.0,nan,84.0
49,仁武,2018-04-08,101,13.0,6.0,nan,69.0,27.0,101.0,83.0
48,橋頭,2018-04-08,86,6.0,6.0,nan,68.0,23.0,74.0,86.0
47,美濃,2018-04-08,101,4.0,5.0,nan,59.0,8.0,101.0,70.0
46,臺南,2018-04-08,97,7.0,5.0,nan,62.0,21.0,97.0,68.0
45,安南,2018-04-08,84,6.0,5.0,nan,68.0,19.0,84.0,64.0
44,善化,2018-04-08,73,13.0,5.0,nan,66.0,17.0,61.0,73.0
43,新營,2018-04-08,72,4.0,3.0,nan,68.0,27.0,64.0,72.0
42,嘉義,2018-04-08,90,7.0,6.0,nan,65.0,20.0,90.0,64.0
41,臺西,2018-04-08,67,17.0,3.0,nan,64.0,21.0,nan,67.0
40,朴子,2018-04-08,100,7.0,3.0,nan,68.0,11.0,100.0,65.0
39,新港,2018-04-08,97,6.0,3.0,nan,63.0,16.0,97.0,68.0
38,崙背,2018-04-08,104,6.0,3.0,nan,61.0,nan,104.0,76.0
37,斗六,2018-04-08,108,6.0,5.0,nan,64.0,17.0,108.0,77.0
36,南投,2018-04-08,65,6.0,5.0,nan,62.0,21.0,58.0,65.0
35,二林,2018-04-08,84,7.0,3.0,nan,57.0,17.0,84.0,63.0
51,大寮,2018-04-08,104,14.0,6.0,nan,65.0,25.0,104.0,98.0
34,線西,2018-04-08,60,10.0,3.0,nan,49.0,14.0,nan,60.0
33,彰化,2018-04-08,80,10.0,5.0,nan,50.0,17.0,80.0,65.0
32,西屯,2018-04-08,118,13.0,5.0,nan,54.0,27.0,118.0,67.0
31,忠明,2018-04-08,97,11.0,5.0,nan,46.0,35.0,97.0,60.0
30,大里,2018-04-08,93,6.0,6.0,nan,59.0,28.0,93.0,49.0
29,沙鹿,2018-04-08,93,13.0,5.0,nan,51.0,30.0,93.0,46.0
28,豐原,2018-04-08,93,7.0,5.0,nan,42.0,14.0,93.0,58.0
27,三義,2018-04-08,93,9.0,3.0,nan,43.0,8.0,93.0,61.0
26,苗栗,2018-04-08,74,7.0,5.0,nan,53.0,19.0,74.0,67.0
25,頭份,2018-04-08,49,7.0,3.0,nan,49.0,19.0,nan,49.0
24,新竹,2018-04-08,77,3.0,6.0,nan,50.0,37.0,77.0,63.0
23,竹東,2018-04-08,64,4.0,5.0,nan,44.0,17.0,64.0,53.0
22,湖口,2018-04-08,108,6.0,5.0,nan,57.0,28.0,108.0,65.0
21,龍潭,2018-04-08,100,4.0,6.0,nan,50.0,26.0,100.0,65.0
20,平鎮,2018-04-08,100,4.0,6.0,nan,64.0,31.0,100.0,59.0
19,觀音,2018-04-08,93,16.0,5.0,nan,69.0,27.0,93.0,76.0
18,大園,2018-04-08,62,6.0,5.0,nan,62.0,25.0,37.0,60.0
17,桃園,2018-04-08,60,23.0,6.0,nan,56.0,24.0,49.0,60.0
72,埔里,2018-04-08,97,6.0,3.0,nan,35.0,20.0,97.0,61.0
16,大同,2018-04-09,56,7.0,19.0,nan,54.0,54.0,nan,56.0
13,萬華,2018-04-09,58,4.0,7.0,nan,34.0,34.0,58.0,41.0
12,中山,2018-04-09,48,4.0,8.0,nan,38.0,47.0,46.0,48.0
11,士林,2018-04-09,58,6.0,5.0,nan,35.0,20.0,58.0,38.0
10,淡水,2018-04-09,49,6.0,5.0,nan,41.0,24.0,43.0,49.0
9,林口,2018-04-09,108,10.0,6.0,nan,50.0,37.0,108.0,65.0
8,菜寮,2018-04-09,53,3.0,7.0,nan,36.0,41.0,41.0,53.0
7,新莊,2018-04-09,62,7.0,10.0,nan,44.0,54.0,31.0,62.0
6,板橋,2018-04-09,77,10.0,8.0,nan,48.0,45.0,77.0,67.0
5,土城,2018-04-09,93,10.0,8.0,nan,45.0,42.0,93.0,67.0
4,新店,2018-04-09,53,3.0,5.0,nan,31.0,17.0,31.0,53.0
3,萬里,2018-04-09,67,7.0,3.0,nan,31.0,12.0,67.0,47.0
2,汐止,2018-04-09,58,4.0,6.0,nan,32.0,31.0,54.0,58.0
1,基隆,2018-04-09,51,3.0,5.0,nan,28.0,17.0,51.0,44.0
15,松山,2018-04-09,49,4.0,6.0,nan,33.0,32.0,49.0,49.0
41,臺西,2018-04-09,92,7.0,3.0,nan,59.0,24.0,nan,92.0
84,富貴角,2018-04-09,71,4.0,2.0,nan,35.0,6.0,71.0,50.0
83,麥寮,2018-04-09,98,9.0,5.0,nan,74.0,20.0,nan,98.0
80,關山,2018-04-09,44,4.0,nan,nan,27.0,5.0,44.0,42.0
78,馬公,2018-04-09,80,3.0,3.0,nan,32.0,7.0,80.0,40.0
77,金門,2018-04-09,166,10.0,6.0,nan,92.0,41.0,166.0,120.0
75,馬祖,2018-04-09,118,4.0,3.0,nan,57.0,24.0,118.0,74.0
72,埔里,2018-04-09,108,13.0,6.0,nan,38.0,23.0,108.0,67.0
71,復興,2018-04-09,77,9.0,9.0,nan,63.0,31.0,nan,77.0
70,永和,2018-04-09,53,6.0,11.0,nan,33.0,44.0,nan,53.0
69,竹山,2018-04-09,132,4.0,3.0,nan,47.0,16.0,132.0,74.0
68,中壢,2018-04-09,57,10.0,12.0,nan,57.0,57.0,nan,55.0
67,三重,2018-04-09,67,6.0,23.0,nan,52.0,67.0,nan,48.0
66,冬山,2018-04-09,46,4.0,5.0,nan,44.0,16.0,46.0,41.0
65,宜蘭,2018-04-09,58,3.0,5.0,nan,49.0,14.0,58.0,52.0
64,陽明,2018-04-09,67,7.0,2.0,nan,22.0,4.0,67.0,45.0
63,花蓮,2018-04-09,54,7.0,3.0,nan,31.0,9.0,54.0,31.0
62,臺東,2018-04-09,44,1.0,5.0,nan,31.0,17.0,44.0,38.0
61,恆春,2018-04-09,67,3.0,2.0,nan,38.0,2.0,67.0,42.0
60,潮州,2018-04-09,132,10.0,5.0,nan,60.0,19.0,132.0,66.0
59,屏東,2018-04-09,146,6.0,5.0,nan,57.0,16.0,146.0,75.0
58,小港,2018-04-09,100,11.0,6.0,nan,57.0,25.0,100.0,69.0
57,前鎮,2018-04-09,76,7.0,6.0,nan,61.0,27.0,nan,76.0
56,前金,2018-04-09,129,7.0,5.0,nan,54.0,18.0,129.0,69.0
54,左營,2018-04-09,132,6.0,5.0,nan,nan,19.0,132.0,61.0
53,楠梓,2018-04-09,118,7.0,5.0,nan,68.0,26.0,118.0,79.0
52,林園,2018-04-09,143,14.0,5.0,nan,59.0,16.0,143.0,80.0
50,鳳山,2018-04-09,70,7.0,7.0,nan,54.0,19.0,nan,70.0
49,仁武,2018-04-09,122,10.0,5.0,nan,57.0,25.0,122.0,73.0
48,橋頭,2018-04-09,80,6.0,5.0,nan,53.0,26.0,80.0,71.0
47,美濃,2018-04-09,104,4.0,5.0,nan,47.0,11.0,104.0,53.0
46,臺南,2018-04-09,97,7.0,6.0,nan,52.0,25.0,97.0,63.0
45,安南,2018-04-09,90,6.0,5.0,nan,59.0,35.0,90.0,71.0
44,善化,2018-04-09,64,16.0,3.0,nan,49.0,18.0,64.0,58.0
43,新營,2018-04-09,71,6.0,5.0,nan,54.0,29.0,71.0,61.0
42,嘉義,2018-04-09,104,7.0,3.0,nan,42.0,20.0,104.0,38.0
40,朴子,2018-04-09,115,6.0,5.0,nan,57.0,17.0,115.0,66.0
39,新港,2018-04-09,101,14.0,7.0,nan,59.0,30.0,101.0,67.0
38,崙背,2018-04-09,129,7.0,5.0,nan,59.0,nan,129.0,81.0
37,斗六,2018-04-09,136,4.0,3.0,nan,44.0,19.0,136.0,59.0
36,南投,2018-04-09,87,16.0,6.0,nan,52.0,27.0,87.0,66.0
35,二林,2018-04-09,100,7.0,3.0,nan,57.0,18.0,100.0,78.0
51,大寮,2018-04-09,101,26.0,6.0,nan,64.0,32.0,101.0,98.0
33,彰化,2018-04-09,90,20.0,7.0,nan,49.0,25.0,90.0,72.0
34,線西,2018-04-09,82,17.0,5.0,nan,55.0,28.0,nan,82.0
32,西屯,2018-04-09,126,16.0,5.0,nan,52.0,29.0,126.0,74.0
31,忠明,2018-04-09,101,17.0,6.0,nan,47.0,31.0,101.0,73.0
30,大里,2018-04-09,108,14.0,6.0,nan,54.0,25.0,108.0,51.0
29,沙鹿,2018-04-09,93,20.0,5.0,nan,53.0,26.0,93.0,67.0
28,豐原,2018-04-09,126,9.0,7.0,nan,44.0,15.0,126.0,60.0
27,三義,2018-04-09,118,9.0,2.0,nan,37.0,10.0,118.0,69.0
26,苗栗,2018-04-09,87,6.0,5.0,nan,52.0,17.0,87.0,81.0
25,頭份,2018-04-09,58,7.0,5.0,nan,49.0,18.0,nan,58.0
24,新竹,2018-04-09,93,4.0,5.0,nan,46.0,27.0,93.0,70.0
23,竹東,2018-04-09,67,6.0,3.0,nan,51.0,16.0,67.0,66.0
22,湖口,2018-04-09,126,6.0,3.0,nan,54.0,39.0,126.0,87.0
21,龍潭,2018-04-09,132,7.0,6.0,nan,44.0,53.0,132.0,71.0
20,平鎮,2018-04-09,112,11.0,7.0,nan,54.0,54.0,112.0,55.0
19,觀音,2018-04-09,97,9.0,3.0,nan,62.0,26.0,97.0,84.0
18,大園,2018-04-09,68,4.0,5.0,nan,49.0,28.0,39.0,68.0
17,桃園,2018-04-09,67,14.0,8.0,nan,47.0,42.0,64.0,67.0
14,古亭,2018-04-09,61,3.0,6.0,nan,37.0,27.0,61.0,nan
16,大同,2018-04-10,69,9.0,22.0,nan,57.0,62.0,nan,69.0
15,松山,2018-04-10,151,11.0,7.0,nan,40.0,42.0,151.0,68.0
14,古亭,2018-04-10,156,13.0,8.0,nan,44.0,38.0,156.0,nan
13,萬華,2018-04-10,118,10.0,9.0,nan,42.0,49.0,118.0,72.0
12,中山,2018-04-10,108,9.0,9.0,nan,50.0,64.0,108.0,66.0
11,士林,2018-04-10,87,7.0,6.0,nan,42.0,30.0,87.0,61.0
10,淡水,2018-04-10,66,9.0,7.0,nan,50.0,37.0,61.0,66.0
9,林口,2018-04-10,136,10.0,7.0,nan,61.0,47.0,136.0,84.0
8,菜寮,2018-04-10,72,9.0,8.0,nan,46.0,42.0,71.0,72.0
7,新莊,2018-04-10,132,10.0,11.0,nan,54.0,71.0,132.0,81.0
6,板橋,2018-04-10,136,11.0,9.0,nan,56.0,54.0,136.0,85.0
5,土城,2018-04-10,143,9.0,9.0,nan,57.0,63.0,143.0,84.0
4,新店,2018-04-10,90,7.0,6.0,nan,39.0,26.0,90.0,71.0
3,萬里,2018-04-10,166,7.0,5.0,nan,44.0,19.0,166.0,71.0
2,汐止,2018-04-10,140,10.0,7.0,nan,40.0,51.0,140.0,78.0
1,基隆,2018-04-10,101,16.0,6.0,nan,30.0,28.0,101.0,56.0
84,富貴角,2018-04-10,172,7.0,3.0,nan,50.0,10.0,172.0,87.0
83,麥寮,2018-04-10,106,10.0,6.0,nan,70.0,23.0,nan,106.0
80,關山,2018-04-10,37,nan,nan,nan,24.0,7.0,33.0,37.0
78,馬公,2018-04-10,100,6.0,3.0,nan,36.0,8.0,100.0,57.0
77,金門,2018-04-10,134,16.0,5.0,nan,85.0,39.0,101.0,134.0
75,馬祖,2018-04-10,132,9.0,6.0,nan,67.0,20.0,132.0,85.0
72,埔里,2018-04-10,104,7.0,6.0,nan,43.0,23.0,104.0,79.0
71,復興,2018-04-10,67,23.0,10.0,nan,53.0,46.0,nan,67.0
70,永和,2018-04-10,69,11.0,12.0,nan,44.0,48.0,nan,69.0
69,竹山,2018-04-10,126,4.0,3.0,nan,48.0,20.0,126.0,81.0
68,中壢,2018-04-10,71,16.0,20.0,nan,62.0,71.0,nan,71.0
67,三重,2018-04-10,74,10.0,18.0,nan,60.0,65.0,nan,74.0
66,冬山,2018-04-10,45,4.0,6.0,nan,41.0,16.0,45.0,45.0
65,宜蘭,2018-04-10,61,3.0,3.0,nan,40.0,11.0,61.0,49.0
64,陽明,2018-04-10,174,10.0,3.0,nan,31.0,10.0,174.0,69.0
63,花蓮,2018-04-10,44,6.0,3.0,nan,30.0,11.0,44.0,29.0
62,臺東,2018-04-10,35,3.0,3.0,nan,27.0,11.0,35.0,33.0
61,恆春,2018-04-10,47,4.0,2.0,nan,32.0,2.0,47.0,39.0
60,潮州,2018-04-10,77,3.0,3.0,nan,53.0,15.0,77.0,55.0
59,屏東,2018-04-10,74,16.0,7.0,nan,47.0,42.0,74.0,64.0
58,小港,2018-04-10,57,31.0,6.0,nan,44.0,38.0,44.0,57.0
57,前鎮,2018-04-10,66,27.0,8.0,nan,51.0,49.0,nan,66.0
56,前金,2018-04-10,93,11.0,7.0,nan,51.0,36.0,93.0,55.0
54,左營,2018-04-10,87,11.0,6.0,nan,54.0,34.0,87.0,55.0
53,楠梓,2018-04-10,93,13.0,6.0,nan,59.0,37.0,93.0,73.0
52,林園,2018-04-10,101,23.0,5.0,nan,45.0,21.0,101.0,71.0
50,鳳山,2018-04-10,56,23.0,9.0,nan,44.0,38.0,nan,56.0
49,仁武,2018-04-10,65,17.0,6.0,nan,55.0,36.0,51.0,65.0
48,橋頭,2018-04-10,87,10.0,5.0,nan,48.0,39.0,87.0,70.0
47,美濃,2018-04-10,54,6.0,5.0,nan,42.0,12.0,54.0,48.0
46,臺南,2018-04-10,118,9.0,6.0,nan,38.0,32.0,118.0,59.0
45,安南,2018-04-10,93,9.0,6.0,nan,57.0,36.0,93.0,59.0
44,善化,2018-04-10,68,19.0,5.0,nan,43.0,20.0,49.0,68.0
43,新營,2018-04-10,74,10.0,5.0,nan,57.0,19.0,74.0,66.0
42,嘉義,2018-04-10,93,6.0,5.0,nan,44.0,25.0,93.0,52.0
41,臺西,2018-04-10,114,6.0,3.0,nan,59.0,23.0,nan,114.0
40,朴子,2018-04-10,118,7.0,5.0,nan,59.0,26.0,118.0,71.0
39,新港,2018-04-10,100,17.0,5.0,nan,54.0,29.0,100.0,78.0
38,崙背,2018-04-10,118,6.0,5.0,nan,60.0,nan,118.0,94.0
37,斗六,2018-04-10,122,6.0,5.0,nan,49.0,25.0,122.0,72.0
36,南投,2018-04-10,78,19.0,6.0,nan,54.0,26.0,74.0,78.0
35,二林,2018-04-10,100,9.0,3.0,nan,61.0,19.0,93.0,100.0
51,大寮,2018-04-10,73,16.0,5.0,nan,44.0,38.0,61.0,73.0
34,線西,2018-04-10,95,11.0,5.0,nan,52.0,25.0,nan,95.0
33,彰化,2018-04-10,90,14.0,6.0,nan,54.0,23.0,90.0,85.0
32,西屯,2018-04-10,108,13.0,6.0,nan,54.0,41.0,108.0,75.0
31,忠明,2018-04-10,84,14.0,7.0,nan,44.0,36.0,84.0,68.0
30,大里,2018-04-10,115,6.0,8.0,nan,57.0,46.0,115.0,55.0
29,沙鹿,2018-04-10,71,17.0,6.0,nan,54.0,31.0,64.0,71.0
28,豐原,2018-04-10,97,9.0,6.0,nan,44.0,22.0,97.0,75.0
27,三義,2018-04-10,112,7.0,3.0,nan,42.0,16.0,112.0,78.0
26,苗栗,2018-04-10,87,4.0,6.0,nan,54.0,31.0,87.0,85.0
25,頭份,2018-04-10,68,7.0,6.0,nan,49.0,34.0,nan,68.0
24,新竹,2018-04-10,80,7.0,9.0,nan,46.0,44.0,80.0,78.0
23,竹東,2018-04-10,77,9.0,5.0,nan,52.0,16.0,77.0,67.0
22,湖口,2018-04-10,115,11.0,6.0,nan,56.0,50.0,115.0,92.0
21,龍潭,2018-04-10,118,7.0,6.0,nan,51.0,49.0,118.0,77.0
20,平鎮,2018-04-10,112,11.0,7.0,nan,62.0,51.0,112.0,86.0
19,觀音,2018-04-10,114,20.0,5.0,nan,67.0,56.0,104.0,114.0
18,大園,2018-04-10,102,17.0,7.0,nan,64.0,62.0,31.0,102.0
17,桃園,2018-04-10,88,37.0,10.0,nan,57.0,56.0,87.0,88.0
38,崙背,2018-04-11,83,9.0,5.0,nan,53.0,25.0,40.0,83.0
84,富貴角,2018-04-11,77,7.0,3.0,nan,37.0,10.0,77.0,69.0
83,麥寮,2018-04-11,97,7.0,5.0,nan,64.0,23.0,nan,97.0
80,關山,2018-04-11,31,nan,nan,nan,20.0,5.0,26.0,31.0
78,馬公,2018-04-11,46,4.0,3.0,nan,31.0,6.0,45.0,46.0
77,金門,2018-04-11,82,10.0,5.0,nan,54.0,28.0,38.0,82.0
75,馬祖,2018-04-11,104,7.0,3.0,nan,64.0,33.0,104.0,92.0
72,埔里,2018-04-11,78,4.0,5.0,nan,39.0,18.0,64.0,78.0
71,復興,2018-04-11,57,14.0,10.0,nan,40.0,43.0,nan,57.0
70,永和,2018-04-11,79,11.0,15.0,nan,47.0,52.0,nan,79.0
69,竹山,2018-04-11,80,9.0,5.0,nan,45.0,20.0,58.0,80.0
68,中壢,2018-04-11,75,21.0,14.0,nan,57.0,46.0,nan,75.0
67,三重,2018-04-11,80,13.0,23.0,nan,63.0,69.0,nan,80.0
66,冬山,2018-04-11,54,9.0,7.0,nan,40.0,19.0,54.0,52.0
65,宜蘭,2018-04-11,87,7.0,3.0,nan,37.0,10.0,87.0,54.0
64,陽明,2018-04-11,60,9.0,3.0,nan,24.0,8.0,50.0,60.0
63,花蓮,2018-04-11,44,9.0,3.0,nan,26.0,8.0,44.0,22.0
62,臺東,2018-04-11,26,1.0,5.0,nan,23.0,8.0,20.0,26.0
61,恆春,2018-04-11,27,4.0,1.0,nan,27.0,3.0,27.0,26.0
60,潮州,2018-04-11,40,11.0,3.0,nan,40.0,14.0,33.0,32.0
59,屏東,2018-04-11,52,13.0,5.0,nan,40.0,21.0,49.0,52.0
58,小港,2018-04-11,41,27.0,6.0,nan,37.0,34.0,31.0,41.0
57,前鎮,2018-04-11,55,14.0,8.0,nan,42.0,43.0,nan,55.0
56,前金,2018-04-11,57,14.0,9.0,nan,34.0,37.0,42.0,57.0
54,左營,2018-04-11,57,10.0,8.0,nan,47.0,39.0,48.0,57.0
53,楠梓,2018-04-11,62,7.0,6.0,nan,50.0,33.0,44.0,62.0
52,林園,2018-04-11,62,14.0,5.0,nan,32.0,27.0,49.0,62.0
50,鳳山,2018-04-11,62,20.0,8.0,nan,33.0,28.0,nan,62.0
49,仁武,2018-04-11,63,20.0,6.0,nan,42.0,36.0,43.0,63.0
48,橋頭,2018-04-11,60,9.0,5.0,nan,35.0,25.0,40.0,60.0
47,美濃,2018-04-11,51,6.0,3.0,nan,35.0,12.0,51.0,44.0
46,臺南,2018-04-11,64,7.0,7.0,nan,36.0,33.0,46.0,64.0
45,安南,2018-04-11,69,9.0,6.0,nan,48.0,37.0,34.0,69.0
44,善化,2018-04-11,67,23.0,5.0,nan,41.0,18.0,31.0,67.0
43,新營,2018-04-11,65,7.0,5.0,nan,50.0,25.0,33.0,65.0
42,嘉義,2018-04-11,66,10.0,7.0,nan,41.0,32.0,42.0,66.0
41,臺西,2018-04-11,111,10.0,3.0,nan,59.0,26.0,nan,111.0
40,朴子,2018-04-11,82,9.0,6.0,nan,59.0,24.0,39.0,82.0
39,新港,2018-04-11,91,13.0,6.0,nan,59.0,34.0,40.0,91.0
37,斗六,2018-04-11,74,7.0,5.0,nan,44.0,25.0,45.0,74.0
36,南投,2018-04-11,76,10.0,5.0,nan,52.0,25.0,39.0,76.0
35,二林,2018-04-11,93,7.0,5.0,nan,51.0,19.0,39.0,93.0
51,大寮,2018-04-11,60,23.0,5.0,nan,34.0,27.0,35.0,60.0
33,彰化,2018-04-11,84,9.0,6.0,nan,50.0,23.0,44.0,84.0
32,西屯,2018-04-11,77,6.0,5.0,nan,52.0,29.0,77.0,71.0
31,忠明,2018-04-11,74,6.0,6.0,nan,46.0,38.0,61.0,74.0
30,大里,2018-04-11,64,7.0,6.0,nan,54.0,28.0,61.0,64.0
29,沙鹿,2018-04-11,75,20.0,6.0,nan,52.0,28.0,44.0,75.0
28,豐原,2018-04-11,69,9.0,8.0,nan,42.0,21.0,58.0,69.0
27,三義,2018-04-11,80,4.0,5.0,nan,37.0,16.0,80.0,76.0
26,苗栗,2018-04-11,78,7.0,6.0,nan,52.0,28.0,44.0,78.0
25,頭份,2018-04-11,63,7.0,5.0,nan,44.0,21.0,nan,63.0
24,新竹,2018-04-11,76,6.0,7.0,nan,42.0,36.0,40.0,76.0
23,竹東,2018-04-11,82,9.0,6.0,nan,52.0,23.0,38.0,82.0
22,湖口,2018-04-11,92,11.0,6.0,nan,52.0,33.0,44.0,92.0
21,龍潭,2018-04-11,85,9.0,8.0,nan,54.0,39.0,61.0,85.0
20,平鎮,2018-04-11,76,19.0,7.0,nan,62.0,41.0,43.0,76.0
19,觀音,2018-04-11,95,14.0,6.0,nan,62.0,34.0,35.0,95.0
18,大園,2018-04-11,83,11.0,6.0,nan,52.0,38.0,33.0,83.0
17,桃園,2018-04-11,99,52.0,9.0,nan,60.0,46.0,34.0,99.0
16,大同,2018-04-11,108,16.0,24.0,nan,68.0,77.0,nan,108.0
15,松山,2018-04-11,80,13.0,8.0,nan,40.0,41.0,80.0,76.0
14,古亭,2018-04-11,90,13.0,9.0,nan,45.0,43.0,90.0,nan
13,萬華,2018-04-11,73,19.0,11.0,nan,46.0,50.0,50.0,73.0
12,中山,2018-04-11,75,19.0,11.0,nan,52.0,67.0,44.0,75.0
11,士林,2018-04-11,86,9.0,7.0,nan,38.0,39.0,39.0,86.0
10,淡水,2018-04-11,65,14.0,6.0,nan,49.0,35.0,32.0,65.0
9,林口,2018-04-11,97,36.0,6.0,nan,64.0,43.0,31.0,97.0
8,菜寮,2018-04-11,82,10.0,9.0,nan,50.0,51.0,29.0,82.0
7,新莊,2018-04-11,92,21.0,11.0,nan,57.0,52.0,43.0,92.0
6,板橋,2018-04-11,103,19.0,10.0,nan,64.0,48.0,49.0,103.0
5,土城,2018-04-11,98,20.0,10.0,nan,58.0,47.0,74.0,98.0
4,新店,2018-04-11,140,19.0,7.0,nan,42.0,34.0,140.0,74.0
3,萬里,2018-04-11,122,16.0,5.0,nan,42.0,17.0,122.0,71.0
2,汐止,2018-04-11,87,24.0,8.0,nan,42.0,36.0,80.0,87.0
1,基隆,2018-04-11,71,16.0,6.0,nan,33.0,34.0,71.0,60.0
34,線西,2018-04-11,85,9.0,5.0,nan,50.0,29.0,nan,85.0
15,松山,2018-04-12,71,14.0,9.0,nan,39.0,41.0,29.0,71.0
34,線西,2018-04-12,55,6.0,3.0,nan,27.0,19.0,nan,55.0
1,基隆,2018-04-12,59,9.0,9.0,nan,26.0,28.0,28.0,59.0
2,汐止,2018-04-12,81,10.0,11.0,nan,36.0,58.0,18.0,81.0
3,萬里,2018-04-12,61,11.0,6.0,nan,30.0,23.0,34.0,61.0
4,新店,2018-04-12,66,4.0,8.0,nan,31.0,32.0,36.0,66.0
5,土城,2018-04-12,75,10.0,10.0,nan,41.0,41.0,34.0,75.0
6,板橋,2018-04-12,82,11.0,11.0,nan,48.0,39.0,44.0,82.0
7,新莊,2018-04-12,69,9.0,12.0,nan,38.0,42.0,34.0,69.0
8,菜寮,2018-04-12,81,20.0,16.0,nan,38.0,43.0,23.0,81.0
9,林口,2018-04-12,71,14.0,7.0,nan,49.0,43.0,28.0,71.0
10,淡水,2018-04-12,57,6.0,8.0,nan,33.0,31.0,20.0,57.0
11,士林,2018-04-12,68,6.0,8.0,nan,33.0,38.0,30.0,68.0
12,中山,2018-04-12,79,24.0,14.0,nan,43.0,44.0,25.0,79.0
13,萬華,2018-04-12,68,26.0,10.0,nan,33.0,42.0,31.0,68.0
14,古亭,2018-04-12,36,13.0,10.0,nan,35.0,35.0,36.0,nan
84,富貴角,2018-04-12,46,6.0,2.0,nan,21.0,13.0,38.0,46.0
83,麥寮,2018-04-12,56,6.0,3.0,nan,44.0,12.0,nan,56.0
80,關山,2018-04-12,27,3.0,nan,nan,18.0,6.0,20.0,27.0
78,馬公,2018-04-12,39,4.0,2.0,nan,18.0,8.0,29.0,39.0
77,金門,2018-04-12,69,11.0,3.0,nan,44.0,19.0,39.0,69.0
75,馬祖,2018-04-12,99,6.0,3.0,nan,54.0,25.0,40.0,99.0
72,埔里,2018-04-12,70,6.0,5.0,nan,30.0,21.0,33.0,70.0
71,復興,2018-04-12,31,27.0,5.0,nan,29.0,25.0,nan,31.0
70,永和,2018-04-12,67,13.0,17.0,nan,36.0,49.0,nan,67.0
69,竹山,2018-04-12,57,4.0,3.0,nan,33.0,17.0,32.0,57.0
68,中壢,2018-04-12,70,16.0,22.0,nan,56.0,48.0,nan,70.0
67,三重,2018-04-12,74,17.0,26.0,nan,56.0,52.0,nan,74.0
66,冬山,2018-04-12,55,9.0,6.0,nan,38.0,15.0,36.0,55.0
65,宜蘭,2018-04-12,55,4.0,5.0,nan,35.0,10.0,36.0,55.0
64,陽明,2018-04-12,53,4.0,2.0,nan,18.0,8.0,38.0,53.0
63,花蓮,2018-04-12,22,13.0,5.0,nan,21.0,18.0,22.0,19.0
62,臺東,2018-04-12,23,4.0,5.0,nan,22.0,11.0,17.0,23.0
61,恆春,2018-04-12,26,3.0,1.0,nan,19.0,3.0,22.0,26.0
60,潮州,2018-04-12,32,3.0,2.0,nan,32.0,11.0,27.0,26.0
59,屏東,2018-04-12,37,10.0,5.0,nan,29.0,19.0,31.0,37.0
58,小港,2018-04-12,44,44.0,3.0,nan,28.0,25.0,20.0,23.0
57,前鎮,2018-04-12,29,27.0,3.0,nan,25.0,27.0,nan,29.0
56,前金,2018-04-12,29,14.0,3.0,nan,29.0,25.0,24.0,24.0
54,左營,2018-04-12,31,16.0,5.0,nan,31.0,25.0,25.0,27.0
53,楠梓,2018-04-12,52,11.0,5.0,nan,38.0,25.0,24.0,52.0
52,林園,2018-04-12,33,9.0,2.0,nan,13.0,8.0,31.0,33.0
50,鳳山,2018-04-12,24,13.0,6.0,nan,18.0,22.0,nan,24.0
49,仁武,2018-04-12,24,11.0,3.0,nan,23.0,24.0,24.0,22.0
48,橋頭,2018-04-12,22,13.0,3.0,nan,20.0,18.0,22.0,21.0
47,美濃,2018-04-12,39,10.0,3.0,nan,26.0,19.0,39.0,27.0
46,臺南,2018-04-12,28,10.0,3.0,nan,21.0,15.0,25.0,28.0
45,安南,2018-04-12,31,6.0,3.0,nan,31.0,18.0,22.0,28.0
44,善化,2018-04-12,41,6.0,3.0,nan,31.0,15.0,21.0,41.0
43,新營,2018-04-12,47,7.0,3.0,nan,35.0,31.0,19.0,47.0
42,嘉義,2018-04-12,44,6.0,3.0,nan,33.0,13.0,26.0,44.0
41,臺西,2018-04-12,52,4.0,3.0,nan,27.0,11.0,nan,52.0
40,朴子,2018-04-12,50,7.0,5.0,nan,43.0,13.0,28.0,50.0
39,新港,2018-04-12,51,4.0,2.0,nan,40.0,12.0,25.0,51.0
38,崙背,2018-04-12,62,4.0,3.0,nan,42.0,16.0,31.0,62.0
37,斗六,2018-04-12,51,6.0,3.0,nan,45.0,23.0,31.0,51.0
36,南投,2018-04-12,61,4.0,5.0,nan,40.0,18.0,25.0,61.0
35,二林,2018-04-12,71,6.0,3.0,nan,42.0,19.0,24.0,71.0
51,大寮,2018-04-12,32,14.0,3.0,nan,21.0,17.0,25.0,32.0
33,彰化,2018-04-12,58,20.0,3.0,nan,36.0,16.0,28.0,58.0
32,西屯,2018-04-12,61,7.0,5.0,nan,39.0,27.0,31.0,61.0
31,忠明,2018-04-12,59,6.0,6.0,nan,nan,32.0,28.0,59.0
30,大里,2018-04-12,57,7.0,6.0,nan,47.0,29.0,29.0,57.0
29,沙鹿,2018-04-12,38,27.0,6.0,nan,31.0,28.0,21.0,38.0
28,豐原,2018-04-12,58,7.0,3.0,nan,29.0,19.0,26.0,58.0
27,三義,2018-04-12,55,1.0,3.0,nan,25.0,22.0,22.0,55.0
26,苗栗,2018-04-12,60,6.0,5.0,nan,36.0,19.0,21.0,60.0
25,頭份,2018-04-12,53,7.0,5.0,nan,35.0,22.0,nan,53.0
24,新竹,2018-04-12,65,4.0,7.0,nan,28.0,38.0,21.0,65.0
23,竹東,2018-04-12,69,7.0,7.0,nan,36.0,20.0,20.0,69.0
22,湖口,2018-04-12,80,10.0,6.0,nan,40.0,29.0,28.0,80.0
21,龍潭,2018-04-12,75,9.0,7.0,nan,43.0,37.0,32.0,75.0
20,平鎮,2018-04-12,67,11.0,8.0,nan,47.0,38.0,25.0,67.0
19,觀音,2018-04-12,81,20.0,5.0,nan,54.0,42.0,26.0,81.0
18,大園,2018-04-12,74,17.0,6.0,nan,42.0,39.0,25.0,74.0
17,桃園,2018-04-12,77,37.0,9.0,nan,48.0,42.0,23.0,77.0
16,大同,2018-04-12,54,20.0,32.0,nan,54.0,52.0,nan,nan
84,富貴角,2018-04-13,57,4.0,3.0,nan,23.0,21.0,46.0,57.0
34,線西,2018-04-13,54,7.0,3.0,nan,27.0,14.0,nan,54.0
1,基隆,2018-04-13,54,16.0,7.0,nan,24.0,41.0,40.0,54.0
2,汐止,2018-04-13,69,13.0,8.0,nan,28.0,42.0,46.0,69.0
3,萬里,2018-04-13,55,11.0,3.0,nan,26.0,14.0,47.0,55.0
4,新店,2018-04-13,84,16.0,7.0,nan,29.0,39.0,84.0,63.0
5,土城,2018-04-13,84,13.0,10.0,nan,42.0,45.0,84.0,81.0
6,板橋,2018-04-13,44,17.0,16.0,nan,nan,44.0,7.0,nan
7,新莊,2018-04-13,82,14.0,11.0,nan,44.0,49.0,77.0,82.0
8,菜寮,2018-04-13,82,7.0,11.0,nan,40.0,42.0,42.0,82.0
9,林口,2018-04-13,91,17.0,8.0,nan,54.0,42.0,80.0,91.0
10,淡水,2018-04-13,66,10.0,9.0,nan,36.0,26.0,26.0,66.0
11,士林,2018-04-13,81,7.0,8.0,nan,31.0,37.0,54.0,81.0
12,中山,2018-04-13,70,7.0,12.0,nan,38.0,54.0,54.0,70.0
13,萬華,2018-04-13,63,6.0,11.0,nan,33.0,39.0,61.0,63.0
14,古亭,2018-04-13,87,11.0,8.0,nan,31.0,42.0,87.0,nan
15,松山,2018-04-13,65,13.0,9.0,nan,32.0,43.0,48.0,65.0
16,大同,2018-04-13,90,9.0,25.0,nan,53.0,63.0,nan,90.0
17,桃園,2018-04-13,91,27.0,11.0,nan,52.0,47.0,49.0,91.0
18,大園,2018-04-13,84,13.0,7.0,nan,49.0,31.0,51.0,84.0
19,觀音,2018-04-13,103,11.0,5.0,nan,61.0,28.0,49.0,103.0
20,平鎮,2018-04-13,83,9.0,7.0,nan,49.0,34.0,48.0,83.0
21,龍潭,2018-04-13,80,6.0,5.0,nan,38.0,17.0,49.0,80.0
22,湖口,2018-04-13,72,7.0,5.0,nan,39.0,23.0,51.0,72.0
23,竹東,2018-04-13,70,11.0,5.0,nan,40.0,15.0,35.0,70.0
24,新竹,2018-04-13,73,6.0,7.0,nan,30.0,22.0,44.0,73.0
25,頭份,2018-04-13,60,7.0,3.0,nan,38.0,13.0,nan,60.0
26,苗栗,2018-04-13,68,6.0,5.0,nan,42.0,20.0,35.0,68.0
27,三義,2018-04-13,66,10.0,3.0,nan,29.0,14.0,42.0,66.0
28,豐原,2018-04-13,57,10.0,11.0,nan,31.0,18.0,38.0,57.0
29,沙鹿,2018-04-13,57,16.0,6.0,nan,33.0,21.0,31.0,57.0
30,大里,2018-04-13,45,6.0,5.0,nan,35.0,17.0,43.0,45.0
31,忠明,2018-04-13,55,4.0,5.0,nan,29.0,20.0,39.0,55.0
32,西屯,2018-04-13,57,6.0,3.0,nan,31.0,22.0,45.0,57.0
33,彰化,2018-04-13,56,9.0,3.0,nan,35.0,10.0,35.0,56.0
51,大寮,2018-04-13,52,10.0,3.0,nan,42.0,18.0,19.0,52.0
35,二林,2018-04-13,65,6.0,2.0,nan,27.0,11.0,28.0,65.0
36,南投,2018-04-13,59,10.0,3.0,nan,36.0,13.0,31.0,59.0
37,斗六,2018-04-13,40,7.0,3.0,nan,35.0,12.0,34.0,40.0
38,崙背,2018-04-13,54,6.0,5.0,nan,32.0,13.0,31.0,54.0
39,新港,2018-04-13,53,7.0,3.0,nan,35.0,16.0,25.0,53.0
40,朴子,2018-04-13,41,7.0,3.0,nan,36.0,13.0,28.0,41.0
41,臺西,2018-04-13,56,7.0,2.0,nan,31.0,13.0,nan,56.0
42,嘉義,2018-04-13,37,7.0,3.0,nan,31.0,12.0,31.0,37.0
43,新營,2018-04-13,39,7.0,3.0,nan,37.0,12.0,29.0,39.0
44,善化,2018-04-13,47,10.0,3.0,nan,32.0,16.0,26.0,47.0
45,安南,2018-04-13,38,9.0,5.0,nan,36.0,22.0,25.0,38.0
46,臺南,2018-04-13,37,10.0,5.0,nan,26.0,21.0,26.0,37.0
47,美濃,2018-04-13,38,4.0,2.0,nan,38.0,9.0,35.0,27.0
48,橋頭,2018-04-13,36,10.0,6.0,nan,31.0,21.0,17.0,36.0
49,仁武,2018-04-13,33,11.0,3.0,nan,32.0,16.0,20.0,33.0
50,鳳山,2018-04-13,29,17.0,8.0,nan,26.0,19.0,nan,29.0
52,林園,2018-04-13,38,4.0,2.0,nan,19.0,11.0,19.0,38.0
53,楠梓,2018-04-13,53,10.0,5.0,nan,44.0,21.0,21.0,53.0
54,左營,2018-04-13,33,11.0,5.0,nan,33.0,19.0,16.0,31.0
56,前金,2018-04-13,31,16.0,3.0,nan,28.0,18.0,17.0,31.0
57,前鎮,2018-04-13,29,17.0,3.0,nan,29.0,17.0,nan,26.0
58,小港,2018-04-13,37,37.0,3.0,nan,28.0,18.0,11.0,25.0
59,屏東,2018-04-13,48,6.0,3.0,nan,48.0,12.0,22.0,38.0
60,潮州,2018-04-13,34,3.0,2.0,nan,32.0,12.0,21.0,34.0
61,恆春,2018-04-13,24,3.0,1.0,nan,21.0,2.0,18.0,24.0
62,臺東,2018-04-13,22,3.0,3.0,nan,19.0,7.0,19.0,22.0
63,花蓮,2018-04-13,28,17.0,2.0,nan,18.0,6.0,28.0,16.0
64,陽明,2018-04-13,71,6.0,3.0,nan,16.0,8.0,71.0,45.0
65,宜蘭,2018-04-13,41,3.0,3.0,nan,30.0,11.0,36.0,41.0
66,冬山,2018-04-13,45,7.0,8.0,nan,36.0,22.0,30.0,45.0
67,三重,2018-04-13,68,9.0,22.0,nan,56.0,57.0,nan,68.0
68,中壢,2018-04-13,76,9.0,17.0,nan,54.0,44.0,nan,76.0
69,竹山,2018-04-13,62,6.0,2.0,nan,34.0,14.0,39.0,62.0
70,永和,2018-04-13,65,13.0,17.0,nan,33.0,51.0,nan,65.0
71,復興,2018-04-13,29,13.0,5.0,nan,28.0,16.0,nan,29.0
72,埔里,2018-04-13,65,6.0,5.0,nan,29.0,15.0,46.0,65.0
75,馬祖,2018-04-13,89,4.0,3.0,nan,44.0,16.0,64.0,89.0
77,金門,2018-04-13,70,11.0,2.0,nan,32.0,15.0,24.0,70.0
78,馬公,2018-04-13,33,6.0,2.0,nan,14.0,7.0,23.0,33.0
80,關山,2018-04-13,23,7.0,nan,nan,nan,6.0,17.0,23.0
83,麥寮,2018-04-13,56,6.0,3.0,nan,42.0,14.0,nan,56.0
15,松山,2018-04-14,58,7.0,8.0,nan,34.0,30.0,19.0,58.0
34,線西,2018-04-14,37,4.0,3.0,nan,27.0,9.0,nan,37.0
1,基隆,2018-04-14,46,10.0,6.0,nan,22.0,25.0,25.0,46.0
2,汐止,2018-04-14,71,9.0,8.0,nan,28.0,27.0,26.0,71.0
3,萬里,2018-04-14,48,11.0,6.0,nan,30.0,25.0,23.0,48.0
4,新店,2018-04-14,63,4.0,8.0,nan,31.0,36.0,26.0,63.0
5,土城,2018-04-14,77,7.0,10.0,nan,41.0,30.0,25.0,77.0
6,板橋,2018-04-14,72,14.0,12.0,nan,45.0,33.0,20.0,72.0
7,新莊,2018-04-14,83,23.0,11.0,nan,49.0,40.0,17.0,83.0
8,菜寮,2018-04-14,69,7.0,10.0,nan,35.0,35.0,11.0,69.0
9,林口,2018-04-14,71,11.0,5.0,nan,48.0,42.0,20.0,71.0
10,淡水,2018-04-14,54,9.0,9.0,nan,35.0,25.0,10.0,54.0
11,士林,2018-04-14,62,4.0,8.0,nan,28.0,24.0,12.0,62.0
12,中山,2018-04-14,62,10.0,10.0,nan,37.0,35.0,11.0,62.0
13,萬華,2018-04-14,54,9.0,9.0,nan,24.0,32.0,14.0,54.0
14,古亭,2018-04-14,32,7.0,8.0,nan,26.0,32.0,22.0,nan
16,大同,2018-04-14,59,9.0,18.0,nan,49.0,37.0,nan,59.0
17,桃園,2018-04-14,84,31.0,9.0,nan,51.0,33.0,16.0,84.0
18,大園,2018-04-14,60,7.0,3.0,nan,39.0,19.0,24.0,60.0
19,觀音,2018-04-14,54,6.0,2.0,nan,44.0,19.0,20.0,54.0
20,平鎮,2018-04-14,51,7.0,3.0,nan,42.0,22.0,21.0,51.0
21,龍潭,2018-04-14,71,6.0,5.0,nan,38.0,24.0,23.0,71.0
22,湖口,2018-04-14,52,9.0,2.0,nan,34.0,26.0,25.0,52.0
23,竹東,2018-04-14,66,4.0,5.0,nan,42.0,13.0,19.0,66.0
24,新竹,2018-04-14,55,7.0,5.0,nan,27.0,19.0,19.0,55.0
25,頭份,2018-04-14,43,9.0,3.0,nan,34.0,15.0,nan,43.0
26,苗栗,2018-04-14,47,9.0,3.0,nan,36.0,13.0,24.0,47.0
27,三義,2018-04-14,46,13.0,3.0,nan,25.0,15.0,25.0,46.0
28,豐原,2018-04-14,50,6.0,5.0,nan,30.0,11.0,31.0,50.0
29,沙鹿,2018-04-14,42,13.0,3.0,nan,32.0,13.0,24.0,42.0
30,大里,2018-04-14,44,7.0,3.0,nan,44.0,15.0,30.0,44.0
31,忠明,2018-04-14,50,6.0,3.0,nan,31.0,18.0,27.0,50.0
32,西屯,2018-04-14,47,6.0,3.0,nan,36.0,16.0,31.0,47.0
33,彰化,2018-04-14,48,9.0,3.0,nan,34.0,10.0,23.0,48.0
51,大寮,2018-04-14,32,7.0,2.0,nan,24.0,19.0,23.0,32.0
35,二林,2018-04-14,52,7.0,2.0,nan,30.0,11.0,18.0,52.0
36,南投,2018-04-14,59,13.0,2.0,nan,40.0,13.0,27.0,59.0
37,斗六,2018-04-14,36,6.0,3.0,nan,32.0,10.0,31.0,36.0
38,崙背,2018-04-14,45,7.0,2.0,nan,37.0,8.0,26.0,45.0
39,新港,2018-04-14,36,6.0,3.0,nan,35.0,13.0,23.0,36.0
40,朴子,2018-04-14,41,7.0,3.0,nan,41.0,12.0,25.0,23.0
41,臺西,2018-04-14,34,4.0,2.0,nan,30.0,10.0,nan,34.0
42,嘉義,2018-04-14,35,7.0,3.0,nan,31.0,13.0,29.0,35.0
43,新營,2018-04-14,39,6.0,3.0,nan,33.0,13.0,26.0,39.0
44,善化,2018-04-14,41,9.0,2.0,nan,34.0,11.0,27.0,41.0
45,安南,2018-04-14,42,9.0,3.0,nan,42.0,16.0,26.0,33.0
46,臺南,2018-04-14,34,10.0,3.0,nan,31.0,15.0,24.0,34.0
47,美濃,2018-04-14,34,4.0,2.0,nan,31.0,10.0,34.0,24.0
48,橋頭,2018-04-14,28,9.0,3.0,nan,28.0,13.0,22.0,26.0
49,仁武,2018-04-14,40,13.0,3.0,nan,36.0,13.0,26.0,40.0
50,鳳山,2018-04-14,34,13.0,6.0,nan,25.0,16.0,nan,34.0
52,林園,2018-04-14,32,10.0,2.0,nan,22.0,15.0,26.0,32.0
53,楠梓,2018-04-14,45,11.0,3.0,nan,41.0,16.0,28.0,45.0
54,左營,2018-04-14,39,17.0,3.0,nan,39.0,16.0,22.0,27.0
56,前金,2018-04-14,31,19.0,2.0,nan,28.0,16.0,22.0,31.0
57,前鎮,2018-04-14,29,13.0,2.0,nan,29.0,16.0,nan,26.0
58,小港,2018-04-14,46,46.0,2.0,nan,36.0,20.0,18.0,28.0
59,屏東,2018-04-14,39,7.0,3.0,nan,39.0,16.0,27.0,36.0
60,潮州,2018-04-14,36,4.0,2.0,nan,36.0,14.0,24.0,33.0
61,恆春,2018-04-14,29,4.0,1.0,nan,29.0,3.0,22.0,27.0
62,臺東,2018-04-14,29,3.0,5.0,nan,29.0,8.0,17.0,20.0
63,花蓮,2018-04-14,24,7.0,2.0,nan,24.0,14.0,22.0,13.0
64,陽明,2018-04-14,40,3.0,2.0,nan,15.0,8.0,23.0,40.0
65,宜蘭,2018-04-14,39,4.0,3.0,nan,30.0,10.0,31.0,39.0
66,冬山,2018-04-14,41,10.0,5.0,nan,32.0,20.0,29.0,41.0
67,三重,2018-04-14,61,10.0,18.0,nan,52.0,32.0,nan,61.0
68,中壢,2018-04-14,55,7.0,14.0,nan,51.0,27.0,nan,55.0
69,竹山,2018-04-14,48,4.0,2.0,nan,31.0,9.0,35.0,48.0
70,永和,2018-04-14,61,7.0,14.0,nan,31.0,36.0,nan,61.0
71,復興,2018-04-14,28,14.0,3.0,nan,28.0,20.0,nan,19.0
72,埔里,2018-04-14,71,6.0,3.0,nan,31.0,12.0,42.0,71.0
75,馬祖,2018-04-14,72,4.0,2.0,nan,47.0,13.0,27.0,72.0
77,金門,2018-04-14,59,7.0,2.0,nan,31.0,30.0,19.0,59.0
78,馬公,2018-04-14,20,6.0,2.0,nan,19.0,5.0,20.0,20.0
80,關山,2018-04-14,21,6.0,nan,nan,nan,4.0,18.0,21.0
83,麥寮,2018-04-14,43,6.0,2.0,nan,43.0,11.0,nan,43.0
84,富貴角,2018-04-14,53,6.0,3.0,nan,25.0,16.0,21.0,53.0
34,線西,2018-04-15,47,7.0,5.0,nan,41.0,11.0,nan,47.0
1,基隆,2018-04-15,67,1.0,3.0,nan,57.0,7.0,67.0,55.0
2,汐止,2018-04-15,67,7.0,5.0,nan,55.0,16.0,48.0,67.0
3,萬里,2018-04-15,96,3.0,3.0,nan,96.0,5.0,90.0,63.0
4,新店,2018-04-15,51,6.0,5.0,nan,51.0,12.0,49.0,47.0
5,土城,2018-04-15,55,4.0,5.0,nan,55.0,14.0,46.0,48.0
6,板橋,2018-04-15,58,6.0,6.0,nan,58.0,25.0,42.0,52.0
7,新莊,2018-04-15,52,4.0,5.0,nan,52.0,15.0,49.0,42.0
8,菜寮,2018-04-15,52,3.0,5.0,nan,52.0,13.0,40.0,51.0
9,林口,2018-04-15,53,3.0,5.0,nan,53.0,15.0,48.0,49.0
10,淡水,2018-04-15,48,3.0,5.0,nan,48.0,7.0,42.0,43.0
11,士林,2018-04-15,60,3.0,3.0,nan,47.0,10.0,49.0,60.0
12,中山,2018-04-15,59,4.0,6.0,nan,59.0,25.0,37.0,54.0
13,萬華,2018-04-15,56,3.0,5.0,nan,56.0,23.0,42.0,55.0
14,古亭,2018-04-15,56,7.0,5.0,nan,56.0,20.0,44.0,nan
15,松山,2018-04-15,58,7.0,5.0,nan,58.0,21.0,42.0,50.0
16,大同,2018-04-15,66,6.0,8.0,nan,66.0,39.0,nan,58.0
17,桃園,2018-04-15,52,7.0,5.0,nan,52.0,15.0,41.0,48.0
18,大園,2018-04-15,55,9.0,5.0,nan,55.0,19.0,47.0,43.0
19,觀音,2018-04-15,69,9.0,3.0,nan,65.0,13.0,45.0,69.0
20,平鎮,2018-04-15,55,6.0,6.0,nan,55.0,17.0,47.0,47.0
21,龍潭,2018-04-15,51,7.0,3.0,nan,43.0,23.0,51.0,44.0
22,湖口,2018-04-15,50,3.0,5.0,nan,50.0,9.0,48.0,48.0
23,竹東,2018-04-15,45,3.0,3.0,nan,42.0,10.0,45.0,40.0
24,新竹,2018-04-15,53,4.0,5.0,nan,43.0,13.0,43.0,53.0
25,頭份,2018-04-15,48,4.0,3.0,nan,48.0,15.0,nan,44.0
26,苗栗,2018-04-15,59,4.0,3.0,nan,49.0,11.0,44.0,59.0
27,三義,2018-04-15,45,4.0,3.0,nan,24.0,11.0,45.0,40.0
28,豐原,2018-04-15,40,3.0,3.0,nan,20.0,8.0,39.0,40.0
29,沙鹿,2018-04-15,50,6.0,3.0,nan,38.0,12.0,50.0,30.0
30,大里,2018-04-15,41,4.0,5.0,nan,31.0,17.0,41.0,26.0
31,忠明,2018-04-15,44,7.0,3.0,nan,23.0,15.0,44.0,38.0
32,西屯,2018-04-15,54,7.0,3.0,nan,32.0,10.0,54.0,41.0
33,彰化,2018-04-15,43,6.0,5.0,nan,38.0,10.0,43.0,41.0
51,大寮,2018-04-15,62,19.0,5.0,nan,46.0,20.0,47.0,62.0
35,二林,2018-04-15,54,10.0,5.0,nan,45.0,19.0,42.0,54.0
36,南投,2018-04-15,47,4.0,5.0,nan,33.0,16.0,37.0,47.0
37,斗六,2018-04-15,60,4.0,3.0,nan,43.0,14.0,58.0,60.0
38,崙背,2018-04-15,66,11.0,5.0,nan,66.0,15.0,48.0,61.0
39,新港,2018-04-15,66,9.0,3.0,nan,66.0,12.0,47.0,56.0
40,朴子,2018-04-15,87,10.0,5.0,nan,87.0,11.0,58.0,54.0
41,臺西,2018-04-15,82,7.0,3.0,nan,82.0,12.0,nan,59.0
42,嘉義,2018-04-15,58,9.0,6.0,nan,49.0,20.0,46.0,58.0
43,新營,2018-04-15,68,9.0,5.0,nan,nan,16.0,38.0,68.0
44,善化,2018-04-15,66,9.0,3.0,nan,66.0,13.0,40.0,60.0
45,安南,2018-04-15,78,7.0,5.0,nan,78.0,15.0,49.0,62.0
46,臺南,2018-04-15,69,6.0,5.0,nan,69.0,17.0,51.0,55.0
47,美濃,2018-04-15,53,4.0,5.0,nan,53.0,9.0,48.0,51.0
48,橋頭,2018-04-15,57,10.0,5.0,nan,57.0,13.0,43.0,54.0
49,仁武,2018-04-15,59,9.0,5.0,nan,59.0,19.0,49.0,56.0
50,鳳山,2018-04-15,53,6.0,5.0,nan,49.0,20.0,nan,53.0
52,林園,2018-04-15,64,17.0,3.0,nan,53.0,23.0,64.0,56.0
53,楠梓,2018-04-15,69,10.0,3.0,nan,69.0,24.0,50.0,60.0
54,左營,2018-04-15,68,7.0,5.0,nan,68.0,21.0,67.0,46.0
56,前金,2018-04-15,67,6.0,5.0,nan,58.0,21.0,67.0,56.0
57,前鎮,2018-04-15,62,7.0,6.0,nan,56.0,26.0,nan,62.0
58,小港,2018-04-15,56,14.0,5.0,nan,56.0,27.0,46.0,52.0
59,屏東,2018-04-15,66,9.0,5.0,nan,59.0,18.0,48.0,66.0
60,潮州,2018-04-15,61,6.0,3.0,nan,54.0,14.0,51.0,61.0
61,恆春,2018-04-15,50,3.0,2.0,nan,28.0,7.0,50.0,31.0
62,臺東,2018-04-15,37,1.0,3.0,nan,21.0,8.0,37.0,27.0
63,花蓮,2018-04-15,51,3.0,3.0,nan,36.0,8.0,51.0,24.0
64,陽明,2018-04-15,64,1.0,3.0,nan,15.0,4.0,64.0,24.0
65,宜蘭,2018-04-15,49,3.0,3.0,nan,44.0,4.0,49.0,44.0
66,冬山,2018-04-15,57,3.0,3.0,nan,57.0,9.0,48.0,42.0
67,三重,2018-04-15,73,9.0,16.0,nan,73.0,42.0,nan,56.0
68,中壢,2018-04-15,63,6.0,9.0,nan,63.0,32.0,nan,42.0
69,竹山,2018-04-15,57,4.0,5.0,nan,32.0,10.0,51.0,57.0
70,永和,2018-04-15,55,7.0,5.0,nan,54.0,19.0,nan,55.0
71,復興,2018-04-15,54,7.0,6.0,nan,54.0,25.0,nan,49.0
72,埔里,2018-04-15,57,3.0,3.0,nan,24.0,12.0,49.0,57.0
75,馬祖,2018-04-15,92,3.0,5.0,nan,92.0,7.0,71.0,66.0
77,金門,2018-04-15,63,10.0,5.0,nan,59.0,33.0,44.0,63.0
78,馬公,2018-04-15,48,4.0,2.0,nan,35.0,7.0,48.0,35.0
80,關山,2018-04-15,35,3.0,nan,nan,nan,5.0,35.0,22.0
83,麥寮,2018-04-15,91,10.0,3.0,nan,91.0,11.0,nan,62.0
84,富貴角,2018-04-15,79,1.0,3.0,nan,73.0,5.0,74.0,79.0
83,麥寮,2018-04-16,83,11.0,6.0,nan,83.0,16.0,nan,78.0
80,關山,2018-04-16,39,4.0,nan,nan,nan,7.0,39.0,39.0
78,馬公,2018-04-16,67,3.0,3.0,nan,64.0,4.0,67.0,56.0
77,金門,2018-04-16,114,10.0,5.0,nan,114.0,11.0,104.0,97.0
75,馬祖,2018-04-16,132,4.0,3.0,nan,88.0,5.0,132.0,87.0
72,埔里,2018-04-16,93,6.0,6.0,nan,32.0,18.0,93.0,70.0
71,復興,2018-04-16,80,19.0,8.0,nan,69.0,42.0,nan,80.0
70,永和,2018-04-16,65,4.0,5.0,nan,65.0,20.0,nan,49.0
69,竹山,2018-04-16,98,6.0,5.0,nan,62.0,22.0,93.0,98.0
68,中壢,2018-04-16,84,6.0,10.0,nan,84.0,36.0,nan,55.0
67,三重,2018-04-16,88,9.0,15.0,nan,88.0,50.0,nan,43.0
66,冬山,2018-04-16,63,3.0,3.0,nan,63.0,17.0,48.0,47.0
65,宜蘭,2018-04-16,66,3.0,3.0,nan,66.0,8.0,50.0,53.0
64,陽明,2018-04-16,93,3.0,2.0,nan,38.0,2.0,93.0,39.0
63,花蓮,2018-04-16,55,3.0,5.0,nan,55.0,16.0,44.0,44.0
62,臺東,2018-04-16,43,3.0,5.0,nan,29.0,11.0,43.0,36.0
61,恆春,2018-04-16,67,3.0,3.0,nan,26.0,2.0,67.0,32.0
60,潮州,2018-04-16,97,10.0,5.0,nan,60.0,18.0,97.0,68.0
59,屏東,2018-04-16,97,11.0,6.0,nan,66.0,20.0,97.0,85.0
58,小港,2018-04-16,100,21.0,6.0,nan,66.0,31.0,100.0,81.0
57,前鎮,2018-04-16,96,20.0,7.0,nan,71.0,41.0,nan,96.0
56,前金,2018-04-16,146,17.0,7.0,nan,73.0,41.0,146.0,100.0
54,左營,2018-04-16,150,10.0,6.0,nan,82.0,28.0,150.0,87.0
53,楠梓,2018-04-16,129,13.0,6.0,nan,85.0,26.0,129.0,92.0
52,林園,2018-04-16,136,11.0,5.0,nan,56.0,22.0,136.0,73.0
50,鳳山,2018-04-16,87,14.0,7.0,nan,64.0,31.0,nan,87.0
49,仁武,2018-04-16,140,13.0,7.0,nan,72.0,25.0,140.0,93.0
48,橋頭,2018-04-16,93,11.0,6.0,nan,71.0,23.0,93.0,93.0
47,美濃,2018-04-16,132,9.0,6.0,nan,68.0,13.0,132.0,85.0
46,臺南,2018-04-16,146,6.0,6.0,nan,71.0,15.0,146.0,84.0
45,安南,2018-04-16,122,4.0,5.0,nan,nan,12.0,122.0,91.0
44,善化,2018-04-16,86,9.0,5.0,nan,74.0,17.0,74.0,86.0
43,新營,2018-04-16,84,7.0,5.0,nan,80.0,20.0,67.0,84.0
42,嘉義,2018-04-16,89,10.0,6.0,nan,nan,26.0,84.0,89.0
40,朴子,2018-04-16,101,9.0,5.0,nan,84.0,16.0,101.0,86.0
39,新港,2018-04-16,109,20.0,6.0,nan,85.0,23.0,90.0,109.0
41,臺西,2018-04-16,71,9.0,5.0,nan,69.0,12.0,nan,71.0
38,崙背,2018-04-16,87,10.0,5.0,nan,73.0,16.0,87.0,82.0
37,斗六,2018-04-16,91,7.0,5.0,nan,71.0,25.0,84.0,91.0
36,南投,2018-04-16,91,7.0,7.0,nan,68.0,32.0,48.0,91.0
35,二林,2018-04-16,72,16.0,5.0,nan,68.0,19.0,58.0,72.0
51,大寮,2018-04-16,76,19.0,6.0,nan,54.0,24.0,67.0,76.0
33,彰化,2018-04-16,69,3.0,6.0,nan,65.0,22.0,49.0,69.0
32,西屯,2018-04-16,100,4.0,5.0,nan,64.0,13.0,100.0,68.0
31,忠明,2018-04-16,74,4.0,6.0,nan,57.0,24.0,71.0,74.0
30,大里,2018-04-16,93,6.0,7.0,nan,69.0,26.0,93.0,67.0
29,沙鹿,2018-04-16,74,4.0,3.0,nan,64.0,19.0,74.0,58.0
28,豐原,2018-04-16,62,4.0,5.0,nan,44.0,14.0,50.0,62.0
27,三義,2018-04-16,60,4.0,3.0,nan,47.0,12.0,50.0,60.0
26,苗栗,2018-04-16,77,4.0,5.0,nan,66.0,21.0,47.0,77.0
25,頭份,2018-04-16,69,4.0,3.0,nan,69.0,19.0,nan,56.0
24,新竹,2018-04-16,67,4.0,5.0,nan,66.0,18.0,47.0,67.0
23,竹東,2018-04-16,58,3.0,3.0,nan,58.0,13.0,45.0,55.0
22,湖口,2018-04-16,71,4.0,3.0,nan,71.0,15.0,58.0,55.0
21,龍潭,2018-04-16,66,4.0,3.0,nan,66.0,13.0,58.0,52.0
20,平鎮,2018-04-16,81,6.0,5.0,nan,81.0,23.0,51.0,53.0
19,觀音,2018-04-16,84,9.0,3.0,nan,84.0,17.0,50.0,66.0
18,大園,2018-04-16,77,7.0,3.0,nan,77.0,20.0,54.0,49.0
17,桃園,2018-04-16,75,10.0,3.0,nan,75.0,18.0,47.0,46.0
16,大同,2018-04-16,80,9.0,9.0,nan,80.0,46.0,nan,46.0
15,松山,2018-04-16,73,6.0,5.0,nan,73.0,30.0,47.0,51.0
14,古亭,2018-04-16,71,3.0,5.0,nan,71.0,18.0,58.0,nan
13,萬華,2018-04-16,71,7.0,5.0,nan,71.0,29.0,47.0,49.0
12,中山,2018-04-16,76,7.0,6.0,nan,76.0,35.0,44.0,59.0
11,士林,2018-04-16,74,4.0,3.0,nan,71.0,8.0,74.0,45.0
10,淡水,2018-04-16,61,3.0,3.0,nan,61.0,10.0,45.0,44.0
84,富貴角,2018-04-16,100,1.0,2.0,nan,73.0,3.0,100.0,61.0
9,林口,2018-04-16,77,7.0,3.0,nan,77.0,20.0,71.0,52.0
8,菜寮,2018-04-16,68,7.0,5.0,nan,68.0,18.0,44.0,52.0
7,新莊,2018-04-16,72,6.0,5.0,nan,72.0,19.0,64.0,40.0
6,板橋,2018-04-16,72,4.0,5.0,nan,72.0,25.0,48.0,52.0
5,土城,2018-04-16,73,3.0,5.0,nan,73.0,14.0,54.0,45.0
4,新店,2018-04-16,65,3.0,3.0,nan,65.0,14.0,64.0,51.0
3,萬里,2018-04-16,115,4.0,2.0,nan,88.0,4.0,115.0,50.0
2,汐止,2018-04-16,66,6.0,3.0,nan,66.0,26.0,58.0,60.0
1,基隆,2018-04-16,80,3.0,3.0,nan,61.0,8.0,80.0,46.0
34,線西,2018-04-16,67,11.0,6.0,nan,66.0,19.0,nan,67.0
68,中壢,2018-04-17,52,6.0,17.0,nan,52.0,52.0,nan,50.0
34,線西,2018-04-17,59,7.0,5.0,nan,28.0,20.0,nan,59.0
1,基隆,2018-04-17,61,3.0,6.0,nan,31.0,24.0,61.0,49.0
2,汐止,2018-04-17,64,11.0,6.0,nan,39.0,50.0,45.0,64.0
3,萬里,2018-04-17,100,3.0,3.0,nan,50.0,8.0,100.0,50.0
4,新店,2018-04-17,47,7.0,5.0,nan,35.0,29.0,47.0,44.0
5,土城,2018-04-17,47,7.0,5.0,nan,40.0,25.0,46.0,47.0
6,板橋,2018-04-17,47,4.0,7.0,nan,nan,40.0,47.0,nan
7,新莊,2018-04-17,48,3.0,7.0,nan,38.0,34.0,48.0,46.0
8,菜寮,2018-04-17,48,4.0,7.0,nan,37.0,37.0,36.0,48.0
9,林口,2018-04-17,54,6.0,5.0,nan,43.0,30.0,54.0,48.0
10,淡水,2018-04-17,42,3.0,6.0,nan,37.0,25.0,42.0,41.0
11,士林,2018-04-17,54,4.0,5.0,nan,31.0,25.0,54.0,51.0
12,中山,2018-04-17,54,6.0,9.0,nan,44.0,53.0,43.0,54.0
13,萬華,2018-04-17,49,6.0,7.0,nan,39.0,49.0,47.0,39.0
14,古亭,2018-04-17,51,6.0,6.0,nan,41.0,31.0,51.0,nan
15,松山,2018-04-17,49,14.0,8.0,nan,45.0,49.0,45.0,49.0
16,大同,2018-04-17,58,6.0,16.0,nan,56.0,58.0,nan,54.0
17,桃園,2018-04-17,44,14.0,7.0,nan,38.0,34.0,44.0,42.0
18,大園,2018-04-17,51,7.0,5.0,nan,47.0,38.0,50.0,51.0
19,觀音,2018-04-17,70,9.0,5.0,nan,56.0,28.0,51.0,70.0
20,平鎮,2018-04-17,49,7.0,7.0,nan,48.0,33.0,43.0,49.0
21,龍潭,2018-04-17,61,7.0,5.0,nan,31.0,20.0,61.0,52.0
22,湖口,2018-04-17,58,9.0,3.0,nan,42.0,21.0,58.0,53.0
23,竹東,2018-04-17,46,3.0,3.0,nan,27.0,15.0,43.0,46.0
24,新竹,2018-04-17,57,10.0,5.0,nan,34.0,19.0,45.0,57.0
25,頭份,2018-04-17,57,7.0,3.0,nan,37.0,25.0,nan,57.0
26,苗栗,2018-04-17,70,7.0,5.0,nan,41.0,15.0,45.0,70.0
27,三義,2018-04-17,47,4.0,2.0,nan,16.0,9.0,47.0,37.0
28,豐原,2018-04-17,41,4.0,3.0,nan,19.0,16.0,41.0,32.0
29,沙鹿,2018-04-17,64,3.0,3.0,nan,27.0,15.0,64.0,44.0
30,大里,2018-04-17,44,4.0,6.0,nan,26.0,27.0,44.0,26.0
31,忠明,2018-04-17,46,3.0,6.0,nan,20.0,24.0,46.0,39.0
32,西屯,2018-04-17,50,3.0,3.0,nan,28.0,17.0,50.0,39.0
33,彰化,2018-04-17,49,4.0,6.0,nan,28.0,20.0,47.0,49.0
51,大寮,2018-04-17,108,9.0,6.0,nan,57.0,28.0,108.0,nan
35,二林,2018-04-17,65,13.0,6.0,nan,27.0,22.0,50.0,65.0
36,南投,2018-04-17,61,4.0,7.0,nan,39.0,25.0,43.0,61.0
37,斗六,2018-04-17,90,4.0,5.0,nan,36.0,18.0,90.0,65.0
38,崙背,2018-04-17,60,14.0,6.0,nan,36.0,29.0,50.0,60.0
39,新港,2018-04-17,74,13.0,7.0,nan,49.0,33.0,74.0,70.0
41,臺西,2018-04-17,62,7.0,5.0,nan,44.0,14.0,nan,62.0
40,朴子,2018-04-17,84,11.0,6.0,nan,49.0,22.0,84.0,64.0
42,嘉義,2018-04-17,81,9.0,7.0,nan,nan,29.0,67.0,81.0
43,新營,2018-04-17,76,9.0,6.0,nan,52.0,25.0,58.0,76.0
44,善化,2018-04-17,75,9.0,5.0,nan,47.0,22.0,54.0,75.0
45,安南,2018-04-17,84,7.0,5.0,nan,48.0,19.0,84.0,73.0
46,臺南,2018-04-17,90,7.0,6.0,nan,34.0,19.0,90.0,58.0
47,美濃,2018-04-17,84,4.0,5.0,nan,54.0,11.0,84.0,74.0
48,橋頭,2018-04-17,81,7.0,6.0,nan,50.0,23.0,61.0,81.0
49,仁武,2018-04-17,97,11.0,6.0,nan,58.0,29.0,97.0,90.0
50,鳳山,2018-04-17,81,10.0,7.0,nan,54.0,29.0,nan,81.0
52,林園,2018-04-17,115,14.0,6.0,nan,57.0,28.0,115.0,71.0
53,楠梓,2018-04-17,101,9.0,6.0,nan,66.0,22.0,101.0,76.0
54,左營,2018-04-17,104,9.0,6.0,nan,59.0,24.0,104.0,72.0
56,前金,2018-04-17,108,7.0,7.0,nan,58.0,25.0,108.0,75.0
57,前鎮,2018-04-17,91,7.0,9.0,nan,59.0,30.0,nan,91.0
58,小港,2018-04-17,84,10.0,8.0,nan,60.0,35.0,84.0,81.0
59,屏東,2018-04-17,93,7.0,6.0,nan,59.0,16.0,93.0,78.0
60,潮州,2018-04-17,132,7.0,5.0,nan,66.0,17.0,132.0,77.0
61,恆春,2018-04-17,71,3.0,2.0,nan,19.0,2.0,71.0,30.0
62,臺東,2018-04-17,41,1.0,5.0,nan,18.0,8.0,41.0,23.0
63,花蓮,2018-04-17,51,6.0,6.0,nan,29.0,18.0,51.0,31.0
64,陽明,2018-04-17,90,3.0,2.0,nan,14.0,2.0,90.0,22.0
65,宜蘭,2018-04-17,64,3.0,3.0,nan,31.0,8.0,64.0,38.0
66,冬山,2018-04-17,48,3.0,3.0,nan,33.0,14.0,48.0,38.0
67,三重,2018-04-17,57,6.0,19.0,nan,55.0,57.0,nan,39.0
69,竹山,2018-04-17,72,4.0,5.0,nan,33.0,23.0,67.0,72.0
70,永和,2018-04-17,48,7.0,7.0,nan,35.0,32.0,nan,48.0
71,復興,2018-04-17,67,7.0,9.0,nan,57.0,36.0,nan,67.0
72,埔里,2018-04-17,52,4.0,6.0,nan,15.0,16.0,49.0,52.0
75,馬祖,2018-04-17,129,3.0,3.0,nan,80.0,7.0,129.0,79.0
77,金門,2018-04-17,118,6.0,5.0,nan,71.0,12.0,118.0,88.0
78,馬公,2018-04-17,77,3.0,3.0,nan,31.0,5.0,77.0,40.0
80,關山,2018-04-17,40,3.0,nan,nan,nan,6.0,40.0,31.0
83,麥寮,2018-04-17,72,11.0,6.0,nan,49.0,22.0,nan,72.0
84,富貴角,2018-04-17,101,1.0,2.0,nan,49.0,3.0,101.0,62.0
34,線西,2018-04-18,64,21.0,6.0,nan,44.0,26.0,nan,64.0
84,富貴角,2018-04-18,93,6.0,2.0,nan,44.0,5.0,93.0,57.0
83,麥寮,2018-04-18,71,14.0,6.0,nan,66.0,24.0,nan,71.0
80,關山,2018-04-18,39,3.0,nan,nan,27.0,6.0,39.0,36.0
78,馬公,2018-04-18,80,3.0,3.0,nan,33.0,4.0,80.0,39.0
77,金門,2018-04-18,118,10.0,3.0,nan,64.0,13.0,118.0,83.0
75,馬祖,2018-04-18,112,9.0,5.0,nan,52.0,8.0,112.0,74.0
72,埔里,2018-04-18,122,6.0,6.0,nan,32.0,21.0,122.0,74.0
71,復興,2018-04-18,87,14.0,10.0,nan,63.0,37.0,nan,87.0
70,永和,2018-04-18,43,7.0,6.0,nan,41.0,26.0,nan,43.0
69,竹山,2018-04-18,136,10.0,6.0,nan,59.0,21.0,136.0,115.0
68,中壢,2018-04-18,53,7.0,17.0,nan,53.0,46.0,nan,42.0
67,三重,2018-04-18,56,11.0,18.0,nan,56.0,52.0,nan,47.0
66,冬山,2018-04-18,64,3.0,3.0,nan,42.0,16.0,64.0,41.0
65,宜蘭,2018-04-18,77,4.0,3.0,nan,44.0,11.0,77.0,45.0
64,陽明,2018-04-18,74,4.0,2.0,nan,21.0,4.0,74.0,44.0
63,花蓮,2018-04-18,84,4.0,6.0,nan,39.0,16.0,84.0,41.0
62,臺東,2018-04-18,43,1.0,7.0,nan,24.0,14.0,43.0,35.0
61,恆春,2018-04-18,77,3.0,2.0,nan,22.0,2.0,77.0,37.0
60,潮州,2018-04-18,161,10.0,6.0,nan,71.0,16.0,161.0,106.0
59,屏東,2018-04-18,146,10.0,8.0,nan,68.0,20.0,146.0,115.0
58,小港,2018-04-18,101,33.0,8.0,nan,62.0,53.0,77.0,101.0
57,前鎮,2018-04-18,104,17.0,9.0,nan,62.0,37.0,nan,104.0
56,前金,2018-04-18,114,9.0,7.0,nan,67.0,29.0,100.0,114.0
54,左營,2018-04-18,105,10.0,8.0,nan,71.0,29.0,101.0,105.0
53,楠梓,2018-04-18,117,10.0,6.0,nan,80.0,21.0,97.0,117.0
52,林園,2018-04-18,129,30.0,7.0,nan,60.0,29.0,129.0,80.0
50,鳳山,2018-04-18,123,20.0,9.0,nan,61.0,40.0,nan,123.0
49,仁武,2018-04-18,124,20.0,7.0,nan,68.0,39.0,90.0,124.0
48,橋頭,2018-04-18,115,11.0,7.0,nan,65.0,24.0,61.0,115.0
47,美濃,2018-04-18,151,6.0,6.0,nan,59.0,11.0,151.0,90.0
46,臺南,2018-04-18,100,6.0,7.0,nan,51.0,25.0,100.0,88.0
45,安南,2018-04-18,90,6.0,6.0,nan,57.0,23.0,90.0,89.0
44,善化,2018-04-18,96,9.0,5.0,nan,54.0,19.0,67.0,96.0
43,新營,2018-04-18,90,6.0,5.0,nan,64.0,21.0,80.0,90.0
42,嘉義,2018-04-18,103,9.0,7.0,nan,62.0,29.0,100.0,103.0
41,臺西,2018-04-18,66,14.0,3.0,nan,43.0,25.0,nan,66.0
40,朴子,2018-04-18,122,7.0,5.0,nan,58.0,16.0,122.0,65.0
39,新港,2018-04-18,104,9.0,5.0,nan,64.0,12.0,104.0,76.0
38,崙背,2018-04-18,122,11.0,5.0,nan,52.0,15.0,122.0,70.0
37,斗六,2018-04-18,132,14.0,7.0,nan,59.0,38.0,132.0,99.0
36,南投,2018-04-18,84,9.0,6.0,nan,53.0,25.0,71.0,84.0
35,二林,2018-04-18,101,11.0,5.0,nan,41.0,22.0,101.0,67.0
51,大寮,2018-04-18,118,41.0,7.0,nan,62.0,33.0,118.0,nan
33,彰化,2018-04-18,97,16.0,7.0,nan,48.0,31.0,97.0,67.0
32,西屯,2018-04-18,122,4.0,5.0,nan,44.0,40.0,122.0,58.0
31,忠明,2018-04-18,132,6.0,7.0,nan,39.0,48.0,132.0,67.0
30,大里,2018-04-18,143,4.0,7.0,nan,52.0,33.0,143.0,64.0
29,沙鹿,2018-04-18,118,7.0,6.0,nan,44.0,32.0,118.0,57.0
28,豐原,2018-04-18,101,6.0,5.0,nan,42.0,25.0,101.0,68.0
27,三義,2018-04-18,122,4.0,3.0,nan,36.0,19.0,122.0,60.0
26,苗栗,2018-04-18,78,7.0,6.0,nan,52.0,25.0,61.0,78.0
25,頭份,2018-04-18,57,6.0,3.0,nan,47.0,28.0,nan,57.0
24,新竹,2018-04-18,61,6.0,5.0,nan,42.0,25.0,58.0,61.0
23,竹東,2018-04-18,57,7.0,5.0,nan,38.0,15.0,45.0,57.0
22,湖口,2018-04-18,77,9.0,5.0,nan,44.0,21.0,77.0,59.0
21,龍潭,2018-04-18,56,6.0,6.0,nan,44.0,24.0,54.0,56.0
20,平鎮,2018-04-18,64,7.0,6.0,nan,54.0,24.0,64.0,53.0
19,觀音,2018-04-18,72,23.0,3.0,nan,58.0,35.0,67.0,72.0
18,大園,2018-04-18,55,9.0,5.0,nan,49.0,41.0,54.0,55.0
17,桃園,2018-04-18,45,9.0,6.0,nan,45.0,24.0,44.0,44.0
16,大同,2018-04-18,54,11.0,14.0,nan,54.0,49.0,nan,54.0
15,松山,2018-04-18,51,16.0,5.0,nan,45.0,39.0,51.0,45.0
14,古亭,2018-04-18,51,7.0,6.0,nan,44.0,29.0,51.0,nan
13,萬華,2018-04-18,47,9.0,6.0,nan,44.0,30.0,44.0,47.0
12,中山,2018-04-18,58,13.0,7.0,nan,50.0,37.0,41.0,58.0
11,士林,2018-04-18,67,6.0,3.0,nan,47.0,12.0,67.0,39.0
10,淡水,2018-04-18,43,6.0,5.0,nan,38.0,23.0,40.0,43.0
9,林口,2018-04-18,61,6.0,3.0,nan,48.0,28.0,61.0,54.0
8,菜寮,2018-04-18,51,9.0,5.0,nan,41.0,21.0,39.0,51.0
7,新莊,2018-04-18,61,10.0,5.0,nan,44.0,24.0,61.0,46.0
6,板橋,2018-04-18,49,9.0,7.0,nan,49.0,29.0,48.0,nan
5,土城,2018-04-18,54,4.0,6.0,nan,44.0,23.0,54.0,43.0
4,新店,2018-04-18,50,3.0,5.0,nan,40.0,23.0,50.0,47.0
3,萬里,2018-04-18,104,4.0,2.0,nan,38.0,8.0,104.0,47.0
2,汐止,2018-04-18,77,13.0,5.0,nan,41.0,36.0,77.0,65.0
1,基隆,2018-04-18,80,3.0,6.0,nan,34.0,30.0,80.0,49.0
34,線西,2018-04-19,94,11.0,7.0,nan,60.0,26.0,nan,94.0
84,富貴角,2018-04-19,58,11.0,2.0,nan,40.0,8.0,58.0,56.0
83,麥寮,2018-04-19,104,10.0,6.0,nan,78.0,21.0,nan,104.0
80,關山,2018-04-19,37,7.0,nan,nan,29.0,5.0,36.0,37.0
78,馬公,2018-04-19,60,4.0,11.0,nan,51.0,14.0,58.0,60.0
77,金門,2018-04-19,90,16.0,3.0,nan,61.0,15.0,90.0,73.0
75,馬祖,2018-04-19,84,6.0,6.0,nan,48.0,8.0,84.0,59.0
72,埔里,2018-04-19,122,4.0,5.0,nan,46.0,14.0,122.0,96.0
71,復興,2018-04-19,72,10.0,8.0,nan,57.0,25.0,nan,72.0
70,永和,2018-04-19,45,3.0,10.0,nan,36.0,35.0,nan,45.0
69,竹山,2018-04-19,122,6.0,5.0,nan,57.0,13.0,122.0,111.0
68,中壢,2018-04-19,57,7.0,16.0,nan,57.0,42.0,nan,55.0
67,三重,2018-04-19,64,11.0,17.0,nan,64.0,54.0,nan,47.0
66,冬山,2018-04-19,44,7.0,5.0,nan,44.0,17.0,43.0,40.0
65,宜蘭,2018-04-19,54,3.0,5.0,nan,46.0,14.0,54.0,48.0
64,陽明,2018-04-19,50,7.0,2.0,nan,23.0,6.0,50.0,46.0
63,花蓮,2018-04-19,50,6.0,3.0,nan,36.0,12.0,50.0,33.0
62,臺東,2018-04-19,44,1.0,5.0,nan,36.0,8.0,39.0,44.0
61,恆春,2018-04-19,54,3.0,2.0,nan,34.0,2.0,54.0,45.0
60,潮州,2018-04-19,187,13.0,5.0,nan,63.0,16.0,187.0,90.0
59,屏東,2018-04-19,118,7.0,6.0,nan,52.0,20.0,118.0,83.0
58,小港,2018-04-19,108,19.0,6.0,nan,59.0,34.0,108.0,73.0
57,前鎮,2018-04-19,81,11.0,6.0,nan,56.0,25.0,nan,81.0
56,前金,2018-04-19,132,7.0,6.0,nan,58.0,24.0,132.0,78.0
54,左營,2018-04-19,112,9.0,5.0,nan,61.0,23.0,112.0,79.0
53,楠梓,2018-04-19,104,9.0,5.0,nan,72.0,28.0,104.0,94.0
52,林園,2018-04-19,154,14.0,5.0,nan,49.0,13.0,154.0,77.0
50,鳳山,2018-04-19,76,10.0,7.0,nan,52.0,20.0,nan,76.0
49,仁武,2018-04-19,112,9.0,5.0,nan,62.0,28.0,112.0,86.0
48,橋頭,2018-04-19,83,10.0,6.0,nan,58.0,31.0,61.0,83.0
47,美濃,2018-04-19,71,6.0,3.0,nan,39.0,8.0,71.0,50.0
46,臺南,2018-04-19,97,9.0,5.0,nan,55.0,18.0,97.0,78.0
45,安南,2018-04-19,84,6.0,5.0,nan,66.0,23.0,84.0,79.0
44,善化,2018-04-19,84,14.0,5.0,nan,54.0,16.0,51.0,84.0
43,新營,2018-04-19,82,6.0,5.0,nan,62.0,19.0,51.0,82.0
42,嘉義,2018-04-19,112,6.0,6.0,nan,61.0,17.0,112.0,85.0
41,臺西,2018-04-19,102,16.0,5.0,nan,63.0,23.0,nan,102.0
40,朴子,2018-04-19,104,9.0,5.0,nan,72.0,17.0,104.0,83.0
39,新港,2018-04-19,115,10.0,6.0,nan,68.0,21.0,115.0,103.0
38,崙背,2018-04-19,129,9.0,7.0,nan,65.0,20.0,129.0,106.0
37,斗六,2018-04-19,126,7.0,6.0,nan,62.0,21.0,126.0,90.0
36,南投,2018-04-19,100,10.0,7.0,nan,64.0,22.0,58.0,100.0
35,二林,2018-04-19,101,11.0,6.0,nan,59.0,20.0,101.0,99.0
51,大寮,2018-04-19,108,26.0,6.0,nan,55.0,35.0,108.0,nan
33,彰化,2018-04-19,104,17.0,7.0,nan,64.0,25.0,104.0,100.0
32,西屯,2018-04-19,154,11.0,7.0,nan,76.0,43.0,154.0,109.0
31,忠明,2018-04-19,159,11.0,8.0,nan,62.0,43.0,159.0,110.0
30,大里,2018-04-19,132,16.0,9.0,nan,80.0,41.0,132.0,86.0
29,沙鹿,2018-04-19,143,14.0,8.0,nan,66.0,42.0,143.0,98.0
28,豐原,2018-04-19,156,10.0,6.0,nan,54.0,16.0,156.0,92.0
27,三義,2018-04-19,150,7.0,5.0,nan,47.0,15.0,150.0,91.0
26,苗栗,2018-04-19,97,9.0,7.0,nan,55.0,27.0,80.0,97.0
25,頭份,2018-04-19,67,13.0,6.0,nan,44.0,30.0,nan,67.0
24,新竹,2018-04-19,93,9.0,6.0,nan,36.0,33.0,93.0,69.0
23,竹東,2018-04-19,80,4.0,6.0,nan,41.0,18.0,80.0,75.0
22,湖口,2018-04-19,100,10.0,6.0,nan,46.0,42.0,100.0,67.0
21,龍潭,2018-04-19,118,6.0,6.0,nan,42.0,27.0,118.0,54.0
20,平鎮,2018-04-19,87,7.0,7.0,nan,47.0,25.0,87.0,53.0
19,觀音,2018-04-19,80,14.0,5.0,nan,nan,41.0,61.0,80.0
18,大園,2018-04-19,67,13.0,5.0,nan,47.0,34.0,67.0,58.0
17,桃園,2018-04-19,49,16.0,6.0,nan,48.0,23.0,49.0,49.0
16,大同,2018-04-19,57,6.0,16.0,nan,57.0,46.0,nan,53.0
15,松山,2018-04-19,45,7.0,6.0,nan,45.0,38.0,44.0,43.0
14,古亭,2018-04-19,48,4.0,6.0,nan,42.0,29.0,48.0,nan
13,萬華,2018-04-19,54,4.0,6.0,nan,44.0,32.0,44.0,54.0
12,中山,2018-04-19,52,3.0,7.0,nan,49.0,39.0,42.0,52.0
11,士林,2018-04-19,56,7.0,6.0,nan,43.0,30.0,45.0,56.0
10,淡水,2018-04-19,44,6.0,5.0,nan,42.0,25.0,40.0,44.0
9,林口,2018-04-19,61,7.0,5.0,nan,45.0,25.0,61.0,58.0
8,菜寮,2018-04-19,54,7.0,8.0,nan,42.0,39.0,35.0,54.0
7,新莊,2018-04-19,67,4.0,6.0,nan,44.0,33.0,67.0,46.0
6,板橋,2018-04-19,59,4.0,6.0,nan,43.0,23.0,50.0,59.0
5,土城,2018-04-19,44,4.0,6.0,nan,38.0,33.0,39.0,44.0
4,新店,2018-04-19,50,3.0,5.0,nan,38.0,21.0,50.0,49.0
3,萬里,2018-04-19,67,9.0,3.0,nan,37.0,12.0,67.0,47.0
2,汐止,2018-04-19,64,10.0,6.0,nan,38.0,42.0,49.0,64.0
1,基隆,2018-04-19,50,4.0,6.0,nan,34.0,36.0,50.0,46.0
84,富貴角,2018-04-20,63,7.0,1.0,nan,33.0,5.0,45.0,63.0
34,線西,2018-04-20,117,9.0,5.0,nan,66.0,25.0,nan,117.0
1,基隆,2018-04-20,52,3.0,2.0,nan,31.0,10.0,42.0,52.0
2,汐止,2018-04-20,67,3.0,3.0,nan,31.0,24.0,44.0,67.0
3,萬里,2018-04-20,58,9.0,2.0,nan,33.0,17.0,46.0,58.0
4,新店,2018-04-20,55,4.0,3.0,nan,32.0,14.0,44.0,55.0
5,土城,2018-04-20,48,3.0,5.0,nan,31.0,28.0,44.0,48.0
6,板橋,2018-04-20,54,1.0,7.0,nan,37.0,28.0,41.0,54.0
7,新莊,2018-04-20,45,4.0,6.0,nan,34.0,30.0,45.0,45.0
8,菜寮,2018-04-20,51,1.0,5.0,nan,32.0,20.0,32.0,51.0
9,林口,2018-04-20,63,3.0,5.0,nan,41.0,25.0,44.0,63.0
10,淡水,2018-04-20,46,3.0,2.0,nan,36.0,6.0,33.0,46.0
11,士林,2018-04-20,63,1.0,3.0,nan,33.0,11.0,40.0,63.0
12,中山,2018-04-20,46,3.0,7.0,nan,42.0,31.0,36.0,46.0
13,萬華,2018-04-20,51,4.0,6.0,nan,44.0,34.0,36.0,51.0
14,古亭,2018-04-20,42,3.0,5.0,nan,38.0,21.0,42.0,nan
15,松山,2018-04-20,55,3.0,3.0,nan,33.0,21.0,41.0,55.0
16,大同,2018-04-20,56,4.0,14.0,nan,52.0,43.0,nan,56.0
17,桃園,2018-04-20,56,20.0,6.0,nan,47.0,27.0,39.0,56.0
18,大園,2018-04-20,74,19.0,5.0,nan,39.0,31.0,74.0,61.0
19,觀音,2018-04-20,79,14.0,5.0,nan,51.0,28.0,50.0,79.0
20,平鎮,2018-04-20,112,7.0,7.0,nan,47.0,37.0,112.0,61.0
21,龍潭,2018-04-20,166,7.0,7.0,nan,44.0,31.0,166.0,70.0
22,湖口,2018-04-20,150,11.0,6.0,nan,53.0,33.0,150.0,87.0
23,竹東,2018-04-20,103,7.0,6.0,nan,54.0,21.0,80.0,103.0
24,新竹,2018-04-20,122,9.0,7.0,nan,50.0,32.0,122.0,106.0
25,頭份,2018-04-20,104,11.0,7.0,nan,61.0,41.0,nan,104.0
26,苗栗,2018-04-20,141,10.0,8.0,nan,68.0,24.0,115.0,141.0
27,三義,2018-04-20,150,6.0,6.0,nan,56.0,15.0,150.0,129.0
28,豐原,2018-04-20,154,9.0,7.0,nan,65.0,20.0,154.0,112.0
29,沙鹿,2018-04-20,122,19.0,7.0,nan,69.0,37.0,122.0,115.0
30,大里,2018-04-20,122,9.0,8.0,nan,81.0,43.0,122.0,106.0
31,忠明,2018-04-20,123,9.0,8.0,nan,59.0,32.0,118.0,123.0
32,西屯,2018-04-20,132,10.0,6.0,nan,71.0,30.0,132.0,112.0
33,彰化,2018-04-20,121,21.0,7.0,nan,68.0,29.0,100.0,121.0
51,大寮,2018-04-20,84,37.0,7.0,nan,52.0,36.0,80.0,84.0
35,二林,2018-04-20,114,9.0,5.0,nan,64.0,23.0,97.0,114.0
36,南投,2018-04-20,116,10.0,7.0,nan,73.0,27.0,58.0,116.0
37,斗六,2018-04-20,93,7.0,5.0,nan,64.0,22.0,84.0,93.0
38,崙背,2018-04-20,112,9.0,3.0,nan,68.0,19.0,112.0,103.0
39,新港,2018-04-20,105,7.0,5.0,nan,68.0,20.0,61.0,105.0
40,朴子,2018-04-20,87,7.0,3.0,nan,68.0,16.0,87.0,86.0
41,臺西,2018-04-20,102,13.0,5.0,nan,60.0,24.0,nan,102.0
42,嘉義,2018-04-20,81,9.0,6.0,nan,59.0,22.0,51.0,81.0
43,新營,2018-04-20,90,7.0,5.0,nan,62.0,16.0,46.0,90.0
44,善化,2018-04-20,71,13.0,5.0,nan,56.0,14.0,45.0,71.0
45,安南,2018-04-20,74,6.0,5.0,nan,60.0,29.0,61.0,74.0
46,臺南,2018-04-20,69,9.0,6.0,nan,49.0,23.0,67.0,69.0
47,美濃,2018-04-20,68,4.0,5.0,nan,49.0,11.0,61.0,68.0
48,橋頭,2018-04-20,78,6.0,5.0,nan,53.0,25.0,47.0,78.0
49,仁武,2018-04-20,85,11.0,5.0,nan,57.0,28.0,71.0,85.0
50,鳳山,2018-04-20,72,10.0,7.0,nan,45.0,20.0,nan,72.0
52,林園,2018-04-20,112,16.0,5.0,nan,50.0,17.0,112.0,78.0
53,楠梓,2018-04-20,95,7.0,5.0,nan,65.0,29.0,77.0,95.0
54,左營,2018-04-20,80,6.0,5.0,nan,60.0,21.0,80.0,78.0
56,前金,2018-04-20,84,6.0,6.0,nan,50.0,18.0,84.0,67.0
57,前鎮,2018-04-20,78,11.0,6.0,nan,53.0,33.0,nan,78.0
58,小港,2018-04-20,73,21.0,6.0,nan,54.0,33.0,45.0,73.0
59,屏東,2018-04-20,97,7.0,6.0,nan,52.0,23.0,97.0,85.0
60,潮州,2018-04-20,129,13.0,5.0,nan,65.0,13.0,129.0,87.0
61,恆春,2018-04-20,48,3.0,1.0,nan,36.0,2.0,47.0,48.0
62,臺東,2018-04-20,36,1.0,3.0,nan,29.0,8.0,34.0,36.0
63,花蓮,2018-04-20,43,7.0,5.0,nan,36.0,18.0,43.0,40.0
64,陽明,2018-04-20,44,7.0,2.0,nan,19.0,4.0,44.0,44.0
65,宜蘭,2018-04-20,56,4.0,5.0,nan,46.0,17.0,43.0,56.0
66,冬山,2018-04-20,50,4.0,3.0,nan,39.0,16.0,36.0,50.0
67,三重,2018-04-20,56,6.0,16.0,nan,53.0,40.0,nan,56.0
68,中壢,2018-04-20,64,9.0,18.0,nan,54.0,58.0,nan,64.0
69,竹山,2018-04-20,110,7.0,3.0,nan,57.0,18.0,87.0,110.0
70,永和,2018-04-20,49,3.0,7.0,nan,31.0,23.0,nan,49.0
71,復興,2018-04-20,73,14.0,8.0,nan,51.0,36.0,nan,73.0
72,埔里,2018-04-20,97,6.0,6.0,nan,46.0,21.0,97.0,93.0
75,馬祖,2018-04-20,80,6.0,3.0,nan,58.0,8.0,80.0,62.0
77,金門,2018-04-20,80,10.0,2.0,nan,62.0,16.0,50.0,80.0
78,馬公,2018-04-20,57,3.0,3.0,nan,46.0,6.0,46.0,57.0
80,關山,2018-04-20,31,3.0,nan,nan,21.0,6.0,31.0,25.0
83,麥寮,2018-04-20,110,10.0,5.0,nan,73.0,25.0,nan,110.0
34,線西,2018-04-21,130,9.0,5.0,nan,71.0,14.0,nan,130.0
17,桃園,2018-04-21,131,36.0,10.0,nan,71.0,47.0,100.0,131.0
1,基隆,2018-04-21,46,9.0,5.0,nan,26.0,19.0,36.0,46.0
2,汐止,2018-04-21,67,6.0,6.0,nan,30.0,30.0,46.0,67.0
3,萬里,2018-04-21,57,16.0,3.0,nan,35.0,18.0,37.0,57.0
4,新店,2018-04-21,87,7.0,6.0,nan,31.0,18.0,87.0,65.0
5,土城,2018-04-21,169,10.0,10.0,nan,58.0,42.0,169.0,115.0
6,板橋,2018-04-21,151,20.0,10.0,nan,63.0,44.0,151.0,113.0
7,新莊,2018-04-21,166,14.0,11.0,nan,59.0,53.0,166.0,109.0
8,菜寮,2018-04-21,107,11.0,9.0,nan,57.0,38.0,74.0,107.0
9,林口,2018-04-21,154,24.0,7.0,nan,71.0,38.0,154.0,126.0
10,淡水,2018-04-21,88,10.0,8.0,nan,54.0,25.0,74.0,88.0
11,士林,2018-04-21,112,10.0,8.0,nan,50.0,30.0,112.0,106.0
12,中山,2018-04-21,90,7.0,10.0,nan,49.0,45.0,90.0,87.0
13,萬華,2018-04-21,136,10.0,10.0,nan,51.0,46.0,136.0,92.0
14,古亭,2018-04-21,140,7.0,7.0,nan,44.0,27.0,140.0,nan
15,松山,2018-04-21,67,6.0,5.0,nan,33.0,23.0,67.0,57.0
16,大同,2018-04-21,87,7.0,24.0,nan,65.0,52.0,nan,87.0
68,中壢,2018-04-21,127,10.0,15.0,nan,76.0,57.0,nan,127.0
18,大園,2018-04-21,135,19.0,6.0,nan,67.0,28.0,115.0,135.0
19,觀音,2018-04-21,137,10.0,6.0,nan,76.0,33.0,93.0,137.0
20,平鎮,2018-04-21,134,11.0,8.0,nan,78.0,43.0,126.0,134.0
21,龍潭,2018-04-21,150,9.0,7.0,nan,73.0,27.0,150.0,147.0
22,湖口,2018-04-21,125,11.0,6.0,nan,65.0,27.0,108.0,125.0
23,竹東,2018-04-21,136,11.0,7.0,nan,73.0,21.0,71.0,136.0
24,新竹,2018-04-21,131,9.0,8.0,nan,59.0,35.0,77.0,131.0
25,頭份,2018-04-21,113,13.0,6.0,nan,66.0,20.0,nan,113.0
26,苗栗,2018-04-21,141,10.0,7.0,nan,71.0,22.0,50.0,141.0
27,三義,2018-04-21,142,10.0,5.0,nan,64.0,17.0,100.0,142.0
28,豐原,2018-04-21,132,13.0,7.0,nan,66.0,22.0,104.0,132.0
29,沙鹿,2018-04-21,139,14.0,7.0,nan,76.0,29.0,80.0,139.0
30,大里,2018-04-21,114,10.0,7.0,nan,76.0,38.0,101.0,114.0
31,忠明,2018-04-21,137,14.0,6.0,nan,68.0,44.0,87.0,137.0
32,西屯,2018-04-21,135,11.0,6.0,nan,80.0,37.0,87.0,135.0
33,彰化,2018-04-21,139,23.0,7.0,nan,73.0,25.0,64.0,139.0
51,大寮,2018-04-21,126,24.0,6.0,nan,58.0,25.0,126.0,101.0
35,二林,2018-04-21,141,10.0,5.0,nan,75.0,21.0,50.0,141.0
36,南投,2018-04-21,120,13.0,7.0,nan,73.0,30.0,54.0,120.0
37,斗六,2018-04-21,119,7.0,5.0,nan,68.0,23.0,115.0,119.0
38,崙背,2018-04-21,141,9.0,5.0,nan,71.0,17.0,84.0,141.0
39,新港,2018-04-21,140,10.0,6.0,nan,79.0,24.0,74.0,140.0
40,朴子,2018-04-21,136,16.0,6.0,nan,83.0,19.0,64.0,136.0
41,臺西,2018-04-21,65,20.0,5.0,nan,65.0,21.0,nan,nan
42,嘉義,2018-04-21,103,11.0,5.0,nan,66.0,19.0,97.0,103.0
43,新營,2018-04-21,123,7.0,5.0,nan,78.0,35.0,46.0,123.0
44,善化,2018-04-21,121,17.0,5.0,nan,67.0,16.0,47.0,121.0
45,安南,2018-04-21,116,6.0,5.0,nan,72.0,25.0,64.0,116.0
46,臺南,2018-04-21,103,9.0,5.0,nan,59.0,21.0,80.0,103.0
47,美濃,2018-04-21,118,7.0,3.0,nan,55.0,8.0,118.0,75.0
48,橋頭,2018-04-21,109,10.0,7.0,nan,66.0,25.0,51.0,109.0
49,仁武,2018-04-21,116,16.0,6.0,nan,66.0,25.0,87.0,116.0
50,鳳山,2018-04-21,93,17.0,6.0,nan,55.0,25.0,nan,93.0
52,林園,2018-04-21,164,19.0,6.0,102.0,59.0,18.0,164.0,92.0
53,楠梓,2018-04-21,125,10.0,6.0,nan,83.0,24.0,97.0,125.0
54,左營,2018-04-21,92,14.0,5.0,nan,64.0,19.0,71.0,92.0
56,前金,2018-04-21,90,7.0,5.0,nan,52.0,16.0,90.0,79.0
57,前鎮,2018-04-21,83,6.0,6.0,nan,52.0,30.0,nan,83.0
58,小港,2018-04-21,80,21.0,6.0,nan,57.0,30.0,64.0,80.0
59,屏東,2018-04-21,140,20.0,6.0,nan,67.0,21.0,140.0,114.0
60,潮州,2018-04-21,129,9.0,5.0,nan,62.0,14.0,129.0,87.0
61,恆春,2018-04-21,40,3.0,1.0,nan,28.0,2.0,40.0,37.0
62,臺東,2018-04-21,37,3.0,5.0,nan,29.0,15.0,30.0,37.0
63,花蓮,2018-04-21,35,9.0,3.0,nan,30.0,13.0,35.0,28.0
64,陽明,2018-04-21,71,9.0,3.0,nan,24.0,5.0,71.0,63.0
65,宜蘭,2018-04-21,52,3.0,5.0,nan,41.0,10.0,40.0,52.0
66,冬山,2018-04-21,51,6.0,3.0,nan,41.0,11.0,34.0,51.0
67,三重,2018-04-21,95,11.0,23.0,nan,74.0,80.0,nan,95.0
69,竹山,2018-04-21,129,9.0,3.0,nan,64.0,16.0,108.0,129.0
70,永和,2018-04-21,81,9.0,14.0,nan,45.0,66.0,nan,81.0
71,復興,2018-04-21,78,19.0,7.0,nan,53.0,32.0,nan,78.0
72,埔里,2018-04-21,104,7.0,6.0,nan,54.0,23.0,104.0,104.0
75,馬祖,2018-04-21,65,7.0,3.0,nan,52.0,11.0,40.0,65.0
80,關山,2018-04-21,31,7.0,nan,nan,23.0,6.0,28.0,31.0
77,金門,2018-04-21,91,14.0,3.0,nan,63.0,18.0,50.0,91.0
78,馬公,2018-04-21,64,6.0,2.0,nan,46.0,6.0,46.0,64.0
83,麥寮,2018-04-21,143,13.0,5.0,nan,80.0,16.0,nan,143.0
84,富貴角,2018-04-21,72,6.0,2.0,nan,34.0,8.0,46.0,72.0
3,萬里,2018-04-22,78,17.0,5.0,nan,42.0,25.0,54.0,78.0
34,線西,2018-04-22,112,14.0,7.0,nan,59.0,25.0,nan,112.0
1,基隆,2018-04-22,58,27.0,6.0,nan,27.0,24.0,44.0,58.0
2,汐止,2018-04-22,87,16.0,7.0,nan,37.0,30.0,87.0,87.0
4,新店,2018-04-22,87,16.0,6.0,nan,32.0,22.0,87.0,66.0
5,土城,2018-04-22,105,9.0,9.0,nan,52.0,41.0,80.0,105.0
6,板橋,2018-04-22,95,11.0,9.0,nan,54.0,42.0,80.0,95.0
7,新莊,2018-04-22,112,17.0,10.0,nan,46.0,45.0,112.0,88.0
8,菜寮,2018-04-22,87,9.0,9.0,nan,45.0,39.0,44.0,87.0
9,林口,2018-04-22,106,24.0,8.0,nan,59.0,37.0,97.0,106.0
10,淡水,2018-04-22,82,9.0,8.0,nan,53.0,33.0,40.0,82.0
11,士林,2018-04-22,81,4.0,7.0,nan,42.0,32.0,51.0,81.0
12,中山,2018-04-22,71,4.0,8.0,nan,43.0,41.0,54.0,71.0
13,萬華,2018-04-22,74,4.0,8.0,nan,38.0,36.0,74.0,73.0
14,古亭,2018-04-22,93,16.0,7.0,nan,38.0,30.0,93.0,nan
15,松山,2018-04-22,90,24.0,7.0,nan,36.0,25.0,90.0,69.0
16,大同,2018-04-22,72,6.0,16.0,nan,54.0,48.0,nan,72.0
68,中壢,2018-04-22,148,9.0,16.0,nan,81.0,61.0,nan,148.0
17,桃園,2018-04-22,115,33.0,11.0,nan,60.0,35.0,64.0,115.0
18,大園,2018-04-22,156,17.0,8.0,nan,76.0,50.0,156.0,153.0
19,觀音,2018-04-22,179,21.0,7.0,nan,91.0,39.0,179.0,155.0
20,平鎮,2018-04-22,156,9.0,9.0,nan,77.0,53.0,156.0,149.0
21,龍潭,2018-04-22,133,7.0,7.0,nan,60.0,29.0,132.0,133.0
22,湖口,2018-04-22,197,10.0,7.0,121.0,70.0,29.0,197.0,146.0
23,竹東,2018-04-22,99,6.0,5.0,nan,52.0,14.0,51.0,99.0
24,新竹,2018-04-22,129,3.0,7.0,nan,54.0,37.0,129.0,128.0
25,頭份,2018-04-22,105,17.0,5.0,nan,57.0,24.0,nan,105.0
26,苗栗,2018-04-22,119,11.0,5.0,nan,61.0,23.0,74.0,119.0
27,三義,2018-04-22,83,9.0,3.0,nan,35.0,14.0,51.0,83.0
28,豐原,2018-04-22,87,13.0,6.0,nan,42.0,17.0,64.0,87.0
29,沙鹿,2018-04-22,114,17.0,9.0,nan,61.0,38.0,90.0,114.0
30,大里,2018-04-22,75,9.0,7.0,nan,54.0,28.0,58.0,75.0
31,忠明,2018-04-22,100,10.0,8.0,nan,43.0,38.0,64.0,100.0
32,西屯,2018-04-22,100,10.0,7.0,nan,54.0,37.0,61.0,100.0
33,彰化,2018-04-22,111,17.0,8.0,nan,57.0,24.0,61.0,111.0
51,大寮,2018-04-22,89,34.0,6.0,nan,53.0,19.0,58.0,89.0
35,二林,2018-04-22,140,9.0,6.0,nan,70.0,17.0,54.0,140.0
36,南投,2018-04-22,95,6.0,6.0,nan,57.0,25.0,46.0,95.0
37,斗六,2018-04-22,123,7.0,5.0,nan,64.0,21.0,104.0,123.0
38,崙背,2018-04-22,147,13.0,6.0,nan,72.0,17.0,97.0,147.0
39,新港,2018-04-22,143,4.0,6.0,nan,76.0,22.0,80.0,143.0
40,朴子,2018-04-22,137,13.0,6.0,nan,78.0,15.0,87.0,137.0
41,臺西,2018-04-22,74,13.0,6.0,nan,74.0,25.0,nan,nan
42,嘉義,2018-04-22,105,17.0,6.0,nan,63.0,23.0,84.0,105.0
43,新營,2018-04-22,119,7.0,5.0,nan,68.0,17.0,61.0,119.0
44,善化,2018-04-22,105,14.0,5.0,nan,55.0,20.0,58.0,105.0
45,安南,2018-04-22,117,9.0,5.0,nan,68.0,18.0,100.0,117.0
46,臺南,2018-04-22,122,9.0,6.0,nan,55.0,23.0,122.0,109.0
47,美濃,2018-04-22,118,7.0,5.0,nan,54.0,10.0,118.0,83.0
48,橋頭,2018-04-22,93,9.0,6.0,nan,54.0,22.0,77.0,93.0
49,仁武,2018-04-22,101,9.0,5.0,nan,62.0,21.0,101.0,nan
50,鳳山,2018-04-22,84,16.0,7.0,nan,44.0,23.0,nan,84.0
52,林園,2018-04-22,112,11.0,5.0,nan,54.0,15.0,112.0,96.0
53,楠梓,2018-04-22,108,9.0,6.0,nan,64.0,21.0,108.0,102.0
54,左營,2018-04-22,132,10.0,6.0,nan,62.0,19.0,132.0,91.0
56,前金,2018-04-22,97,7.0,6.0,nan,51.0,16.0,97.0,80.0
57,前鎮,2018-04-22,83,nan,6.0,nan,52.0,23.0,nan,83.0
58,小港,2018-04-22,70,33.0,5.0,nan,57.0,26.0,64.0,70.0
59,屏東,2018-04-22,98,16.0,5.0,nan,56.0,18.0,97.0,98.0
60,潮州,2018-04-22,78,6.0,3.0,nan,57.0,11.0,64.0,78.0
61,恆春,2018-04-22,28,4.0,1.0,nan,18.0,2.0,28.0,28.0
62,臺東,2018-04-22,29,3.0,2.0,nan,20.0,7.0,21.0,29.0
63,花蓮,2018-04-22,29,10.0,2.0,nan,23.0,13.0,29.0,19.0
64,陽明,2018-04-22,67,7.0,3.0,nan,24.0,7.0,64.0,67.0
65,宜蘭,2018-04-22,50,4.0,3.0,nan,32.0,10.0,35.0,50.0
66,冬山,2018-04-22,57,9.0,6.0,nan,36.0,18.0,31.0,57.0
67,三重,2018-04-22,72,10.0,17.0,nan,57.0,50.0,nan,72.0
69,竹山,2018-04-22,116,6.0,5.0,nan,54.0,14.0,93.0,116.0
70,永和,2018-04-22,71,9.0,12.0,nan,38.0,48.0,nan,71.0
71,復興,2018-04-22,65,14.0,6.0,nan,49.0,24.0,nan,65.0
72,埔里,2018-04-22,88,6.0,6.0,nan,40.0,17.0,64.0,88.0
75,馬祖,2018-04-22,65,9.0,2.0,nan,44.0,21.0,33.0,65.0
77,金門,2018-04-22,111,17.0,3.0,nan,66.0,27.0,61.0,111.0
78,馬公,2018-04-22,66,7.0,3.0,nan,34.0,11.0,45.0,66.0
80,關山,2018-04-22,21,10.0,nan,nan,18.0,6.0,19.0,21.0
83,麥寮,2018-04-22,151,16.0,6.0,nan,83.0,19.0,nan,151.0
84,富貴角,2018-04-22,84,9.0,5.0,nan,38.0,15.0,43.0,84.0
34,線西,2018-04-23,68,7.0,5.0,nan,39.0,21.0,nan,68.0
84,富貴角,2018-04-23,56,10.0,2.0,nan,23.0,14.0,40.0,56.0
83,麥寮,2018-04-23,87,7.0,5.0,nan,59.0,13.0,nan,87.0
80,關山,2018-04-23,17,9.0,nan,nan,15.0,4.0,17.0,12.0
78,馬公,2018-04-23,42,7.0,3.0,nan,27.0,21.0,32.0,42.0
77,金門,2018-04-23,77,16.0,2.0,nan,42.0,16.0,30.0,77.0
75,馬祖,2018-04-23,66,10.0,5.0,nan,45.0,28.0,30.0,66.0
72,埔里,2018-04-23,68,6.0,5.0,nan,28.0,17.0,58.0,68.0
71,復興,2018-04-23,44,20.0,5.0,nan,44.0,26.0,nan,42.0
70,永和,2018-04-23,52,7.0,15.0,nan,27.0,47.0,nan,52.0
69,竹山,2018-04-23,79,6.0,3.0,nan,43.0,14.0,64.0,79.0
67,三重,2018-04-23,54,9.0,23.0,nan,49.0,51.0,nan,54.0
66,冬山,2018-04-23,36,9.0,6.0,nan,30.0,16.0,24.0,36.0
65,宜蘭,2018-04-23,44,4.0,5.0,nan,27.0,12.0,31.0,44.0
1,基隆,2018-04-23,35,10.0,3.0,nan,15.0,18.0,35.0,30.0
64,陽明,2018-04-23,45,9.0,2.0,nan,14.0,7.0,45.0,40.0
2,汐止,2018-04-23,59,6.0,6.0,nan,20.0,25.0,43.0,59.0
63,花蓮,2018-04-23,20,13.0,2.0,nan,20.0,15.0,20.0,12.0
3,萬里,2018-04-23,46,17.0,2.0,nan,24.0,21.0,34.0,46.0
62,臺東,2018-04-23,22,4.0,3.0,nan,22.0,6.0,15.0,19.0
61,恆春,2018-04-23,26,3.0,1.0,nan,23.0,3.0,20.0,26.0
60,潮州,2018-04-23,50,4.0,2.0,nan,50.0,8.0,30.0,45.0
4,新店,2018-04-23,93,7.0,6.0,nan,25.0,20.0,93.0,56.0
59,屏東,2018-04-23,94,7.0,5.0,nan,94.0,12.0,30.0,70.0
5,土城,2018-04-23,81,7.0,9.0,nan,44.0,40.0,71.0,81.0
58,小港,2018-04-23,51,33.0,5.0,nan,51.0,31.0,19.0,50.0
6,板橋,2018-04-23,75,9.0,11.0,nan,38.0,45.0,42.0,75.0
57,前鎮,2018-04-23,56,17.0,5.0,nan,46.0,25.0,nan,56.0
7,新莊,2018-04-23,67,10.0,12.0,nan,33.0,43.0,54.0,67.0
56,前金,2018-04-23,51,16.0,5.0,nan,51.0,24.0,31.0,49.0
54,左營,2018-04-23,54,19.0,6.0,nan,52.0,27.0,31.0,54.0
8,菜寮,2018-04-23,63,7.0,11.0,nan,30.0,39.0,36.0,63.0
53,楠梓,2018-04-23,65,14.0,5.0,nan,57.0,24.0,29.0,65.0
9,林口,2018-04-23,72,11.0,6.0,nan,41.0,27.0,51.0,72.0
10,淡水,2018-04-23,58,7.0,7.0,nan,31.0,32.0,34.0,58.0
52,林園,2018-04-23,52,9.0,3.0,nan,37.0,13.0,22.0,52.0
11,士林,2018-04-23,44,7.0,6.0,nan,24.0,30.0,39.0,44.0
50,鳳山,2018-04-23,63,21.0,7.0,nan,44.0,23.0,nan,63.0
12,中山,2018-04-23,58,9.0,9.0,nan,29.0,37.0,43.0,58.0
49,仁武,2018-04-23,63,16.0,5.0,nan,54.0,16.0,31.0,63.0
13,萬華,2018-04-23,56,6.0,9.0,nan,27.0,43.0,47.0,56.0
48,橋頭,2018-04-23,47,16.0,5.0,nan,40.0,23.0,21.0,47.0
14,古亭,2018-04-23,58,7.0,8.0,nan,27.0,35.0,58.0,nan
47,美濃,2018-04-23,71,4.0,3.0,nan,71.0,8.0,37.0,54.0
15,松山,2018-04-23,46,6.0,6.0,nan,21.0,26.0,43.0,46.0
46,臺南,2018-04-23,65,11.0,5.0,nan,44.0,20.0,34.0,65.0
16,大同,2018-04-23,56,7.0,38.0,nan,43.0,56.0,nan,55.0
45,安南,2018-04-23,77,11.0,6.0,nan,59.0,19.0,29.0,77.0
68,中壢,2018-04-23,72,10.0,15.0,nan,49.0,38.0,nan,72.0
17,桃園,2018-04-23,79,40.0,10.0,nan,37.0,43.0,44.0,79.0
44,善化,2018-04-23,91,13.0,3.0,nan,91.0,15.0,28.0,63.0
18,大園,2018-04-23,80,24.0,7.0,nan,45.0,41.0,41.0,80.0
43,新營,2018-04-23,66,9.0,5.0,nan,53.0,16.0,33.0,66.0
42,嘉義,2018-04-23,63,9.0,5.0,nan,48.0,18.0,46.0,63.0
19,觀音,2018-04-23,89,16.0,6.0,nan,56.0,29.0,46.0,89.0
41,臺西,2018-04-23,107,9.0,5.0,nan,52.0,23.0,nan,107.0
20,平鎮,2018-04-23,64,9.0,6.0,nan,43.0,27.0,51.0,64.0
21,龍潭,2018-04-23,68,7.0,6.0,nan,38.0,34.0,67.0,68.0
40,朴子,2018-04-23,106,7.0,5.0,nan,64.0,19.0,40.0,106.0
22,湖口,2018-04-23,70,9.0,5.0,nan,36.0,24.0,61.0,70.0
39,新港,2018-04-23,79,7.0,5.0,nan,52.0,22.0,38.0,79.0
23,竹東,2018-04-23,70,9.0,3.0,nan,43.0,11.0,44.0,70.0
38,崙背,2018-04-23,87,6.0,5.0,nan,55.0,19.0,44.0,87.0
24,新竹,2018-04-23,68,6.0,6.0,nan,31.0,25.0,48.0,68.0
25,頭份,2018-04-23,59,7.0,3.0,nan,37.0,20.0,nan,59.0
37,斗六,2018-04-23,64,6.0,5.0,nan,44.0,36.0,44.0,64.0
36,南投,2018-04-23,62,7.0,6.0,nan,40.0,21.0,44.0,62.0
35,二林,2018-04-23,80,4.0,5.0,nan,41.0,18.0,39.0,80.0
26,苗栗,2018-04-23,68,9.0,5.0,nan,40.0,21.0,45.0,68.0
51,大寮,2018-04-23,90,7.0,3.0,nan,90.0,17.0,26.0,71.0
27,三義,2018-04-23,63,13.0,3.0,nan,29.0,17.0,50.0,63.0
33,彰化,2018-04-23,67,14.0,5.0,nan,43.0,15.0,46.0,67.0
32,西屯,2018-04-23,59,6.0,6.0,nan,39.0,25.0,54.0,59.0
31,忠明,2018-04-23,61,6.0,6.0,nan,29.0,26.0,58.0,61.0
30,大里,2018-04-23,71,7.0,6.0,nan,46.0,20.0,71.0,53.0
28,豐原,2018-04-23,67,11.0,5.0,nan,34.0,18.0,61.0,67.0
29,沙鹿,2018-04-23,60,14.0,6.0,nan,37.0,25.0,44.0,60.0
37,斗六,2018-04-24,39,9.0,3.0,nan,36.0,35.0,29.0,39.0
84,富貴角,2018-04-24,74,6.0,3.0,nan,30.0,16.0,74.0,53.0
83,麥寮,2018-04-24,43,11.0,5.0,nan,38.0,30.0,nan,43.0
80,關山,2018-04-24,31,7.0,nan,nan,22.0,5.0,31.0,21.0
78,馬公,2018-04-24,32,4.0,3.0,nan,13.0,8.0,32.0,25.0
77,金門,2018-04-24,74,9.0,5.0,nan,40.0,15.0,48.0,74.0
75,馬祖,2018-04-24,84,4.0,5.0,nan,38.0,15.0,84.0,55.0
72,埔里,2018-04-24,55,6.0,5.0,nan,22.0,16.0,23.0,55.0
71,復興,2018-04-24,32,14.0,3.0,nan,31.0,20.0,nan,32.0
70,永和,2018-04-24,37,4.0,14.0,nan,20.0,37.0,nan,35.0
69,竹山,2018-04-24,47,6.0,3.0,nan,31.0,12.0,31.0,47.0
67,三重,2018-04-24,44,9.0,19.0,nan,39.0,44.0,nan,34.0
66,冬山,2018-04-24,47,6.0,5.0,nan,31.0,16.0,47.0,31.0
65,宜蘭,2018-04-24,46,6.0,5.0,nan,26.0,16.0,46.0,38.0
64,陽明,2018-04-24,58,3.0,2.0,nan,10.0,8.0,58.0,29.0
63,花蓮,2018-04-24,50,6.0,5.0,nan,23.0,8.0,50.0,18.0
62,臺東,2018-04-24,33,4.0,5.0,nan,25.0,8.0,33.0,29.0
61,恆春,2018-04-24,34,3.0,1.0,nan,23.0,3.0,34.0,32.0
60,潮州,2018-04-24,44,16.0,3.0,nan,44.0,21.0,29.0,44.0
59,屏東,2018-04-24,51,9.0,5.0,nan,44.0,20.0,28.0,51.0
58,小港,2018-04-24,31,16.0,2.0,nan,23.0,17.0,21.0,31.0
57,前鎮,2018-04-24,27,17.0,2.0,nan,27.0,15.0,nan,27.0
56,前金,2018-04-24,33,7.0,1.0,nan,23.0,10.0,28.0,33.0
54,左營,2018-04-24,31,9.0,2.0,nan,31.0,8.0,26.0,23.0
53,楠梓,2018-04-24,42,6.0,3.0,nan,38.0,17.0,24.0,42.0
52,林園,2018-04-24,31,10.0,2.0,nan,19.0,19.0,30.0,31.0
50,鳳山,2018-04-24,33,7.0,6.0,nan,23.0,20.0,nan,33.0
49,仁武,2018-04-24,37,6.0,2.0,nan,27.0,16.0,22.0,37.0
48,橋頭,2018-04-24,25,4.0,2.0,nan,21.0,10.0,20.0,25.0
47,美濃,2018-04-24,28,9.0,2.0,nan,28.0,8.0,28.0,22.0
46,臺南,2018-04-24,34,4.0,3.0,nan,25.0,10.0,27.0,34.0
45,安南,2018-04-24,38,6.0,2.0,nan,35.0,11.0,23.0,38.0
44,善化,2018-04-24,49,6.0,2.0,nan,34.0,14.0,20.0,49.0
43,新營,2018-04-24,46,7.0,3.0,nan,36.0,19.0,20.0,46.0
42,嘉義,2018-04-24,43,11.0,6.0,nan,34.0,27.0,27.0,43.0
41,臺西,2018-04-24,34,9.0,3.0,nan,26.0,16.0,nan,34.0
40,朴子,2018-04-24,58,7.0,3.0,nan,39.0,20.0,26.0,58.0
39,新港,2018-04-24,43,6.0,3.0,nan,31.0,16.0,27.0,43.0
38,崙背,2018-04-24,58,7.0,5.0,nan,35.0,19.0,26.0,58.0
36,南投,2018-04-24,39,4.0,3.0,nan,32.0,17.0,21.0,39.0
35,二林,2018-04-24,20,6.0,6.0,nan,20.0,15.0,18.0,nan
51,大寮,2018-04-24,47,14.0,3.0,nan,25.0,20.0,19.0,47.0
33,彰化,2018-04-24,33,7.0,6.0,nan,27.0,25.0,20.0,33.0
32,西屯,2018-04-24,37,9.0,5.0,nan,33.0,22.0,23.0,37.0
31,忠明,2018-04-24,41,9.0,5.0,nan,22.0,25.0,20.0,41.0
30,大里,2018-04-24,28,4.0,6.0,nan,28.0,25.0,22.0,22.0
29,沙鹿,2018-04-24,29,6.0,5.0,nan,24.0,18.0,22.0,29.0
28,豐原,2018-04-24,36,6.0,3.0,nan,25.0,14.0,21.0,36.0
27,三義,2018-04-24,39,3.0,3.0,nan,19.0,13.0,24.0,39.0
26,苗栗,2018-04-24,43,6.0,6.0,nan,31.0,17.0,23.0,43.0
25,頭份,2018-04-24,30,7.0,5.0,nan,28.0,25.0,nan,30.0
24,新竹,2018-04-24,39,6.0,5.0,nan,20.0,23.0,34.0,39.0
23,竹東,2018-04-24,46,7.0,3.0,nan,26.0,13.0,29.0,46.0
22,湖口,2018-04-24,62,9.0,5.0,nan,27.0,20.0,43.0,62.0
21,龍潭,2018-04-24,43,4.0,5.0,nan,26.0,23.0,43.0,38.0
20,平鎮,2018-04-24,40,9.0,6.0,nan,33.0,36.0,36.0,40.0
19,觀音,2018-04-24,57,9.0,5.0,nan,35.0,18.0,38.0,57.0
18,大園,2018-04-24,42,7.0,5.0,nan,31.0,26.0,39.0,42.0
17,桃園,2018-04-24,49,19.0,6.0,nan,32.0,37.0,33.0,49.0
68,中壢,2018-04-24,49,6.0,14.0,nan,40.0,41.0,nan,49.0
16,大同,2018-04-24,48,9.0,24.0,nan,39.0,48.0,nan,38.0
15,松山,2018-04-24,35,6.0,7.0,nan,18.0,30.0,35.0,nan
14,古亭,2018-04-24,40,4.0,8.0,nan,23.0,29.0,40.0,nan
13,萬華,2018-04-24,36,6.0,8.0,nan,19.0,36.0,33.0,30.0
12,中山,2018-04-24,45,4.0,9.0,nan,22.0,36.0,30.0,45.0
11,士林,2018-04-24,37,6.0,6.0,nan,19.0,26.0,37.0,37.0
10,淡水,2018-04-24,40,10.0,6.0,nan,23.0,27.0,31.0,40.0
9,林口,2018-04-24,54,7.0,5.0,nan,31.0,36.0,41.0,54.0
8,菜寮,2018-04-24,48,6.0,8.0,nan,22.0,26.0,29.0,48.0
7,新莊,2018-04-24,55,11.0,9.0,nan,28.0,37.0,38.0,55.0
6,板橋,2018-04-24,54,9.0,9.0,nan,32.0,39.0,31.0,54.0
5,土城,2018-04-24,52,7.0,8.0,nan,30.0,32.0,41.0,52.0
4,新店,2018-04-24,41,9.0,6.0,nan,20.0,25.0,41.0,36.0
3,萬里,2018-04-24,80,7.0,5.0,nan,48.0,19.0,80.0,45.0
2,汐止,2018-04-24,27,3.0,7.0,nan,nan,23.0,27.0,nan
1,基隆,2018-04-24,58,6.0,6.0,nan,19.0,25.0,58.0,38.0
34,線西,2018-04-24,41,4.0,3.0,nan,26.0,17.0,nan,41.0
78,馬公,2018-04-25,93,3.0,3.0,nan,33.0,5.0,93.0,62.0
34,線西,2018-04-25,67,10.0,7.0,nan,51.0,21.0,nan,67.0
77,金門,2018-04-25,101,6.0,5.0,nan,48.0,9.0,101.0,80.0
75,馬祖,2018-04-25,146,4.0,3.0,nan,48.0,7.0,146.0,73.0
72,埔里,2018-04-25,73,4.0,5.0,nan,31.0,15.0,43.0,73.0
71,復興,2018-04-25,51,27.0,7.0,nan,39.0,40.0,nan,51.0
70,永和,2018-04-25,69,10.0,7.0,nan,40.0,27.0,nan,69.0
69,竹山,2018-04-25,88,6.0,5.0,nan,51.0,24.0,87.0,88.0
68,中壢,2018-04-25,68,7.0,14.0,nan,52.0,48.0,nan,68.0
67,三重,2018-04-25,65,1.0,15.0,nan,57.0,46.0,nan,65.0
66,冬山,2018-04-25,60,1.0,5.0,nan,49.0,18.0,49.0,60.0
65,宜蘭,2018-04-25,63,3.0,5.0,nan,44.0,8.0,45.0,63.0
64,陽明,2018-04-25,93,3.0,3.0,nan,16.0,3.0,93.0,42.0
63,花蓮,2018-04-25,47,3.0,6.0,nan,39.0,14.0,47.0,40.0
62,臺東,2018-04-25,37,1.0,6.0,nan,18.0,10.0,37.0,21.0
61,恆春,2018-04-25,51,1.0,2.0,nan,21.0,2.0,51.0,31.0
60,潮州,2018-04-25,59,13.0,5.0,nan,44.0,23.0,43.0,59.0
59,屏東,2018-04-25,67,9.0,6.0,nan,43.0,25.0,44.0,67.0
58,小港,2018-04-25,54,23.0,6.0,nan,42.0,35.0,41.0,54.0
57,前鎮,2018-04-25,44,24.0,7.0,nan,38.0,41.0,nan,44.0
56,前金,2018-04-25,64,11.0,5.0,nan,37.0,32.0,64.0,53.0
54,左營,2018-04-25,52,7.0,5.0,nan,45.0,27.0,49.0,52.0
53,楠梓,2018-04-25,67,6.0,6.0,nan,52.0,33.0,46.0,67.0
52,林園,2018-04-25,55,10.0,3.0,nan,32.0,14.0,51.0,55.0
50,鳳山,2018-04-25,55,10.0,8.0,nan,33.0,37.0,nan,55.0
49,仁武,2018-04-25,59,9.0,6.0,nan,43.0,29.0,47.0,59.0
48,橋頭,2018-04-25,53,6.0,6.0,nan,35.0,25.0,39.0,53.0
47,美濃,2018-04-25,55,6.0,5.0,nan,38.0,17.0,36.0,55.0
46,臺南,2018-04-25,77,6.0,7.0,nan,58.0,25.0,54.0,77.0
45,安南,2018-04-25,84,4.0,6.0,nan,59.0,21.0,50.0,84.0
44,善化,2018-04-25,94,7.0,6.0,nan,63.0,19.0,45.0,94.0
43,新營,2018-04-25,98,7.0,6.0,nan,64.0,20.0,50.0,98.0
42,嘉義,2018-04-25,89,10.0,8.0,nan,60.0,29.0,67.0,89.0
41,臺西,2018-04-25,108,14.0,6.0,nan,108.0,24.0,nan,85.0
40,朴子,2018-04-25,101,11.0,6.0,nan,77.0,19.0,101.0,96.0
39,新港,2018-04-25,97,9.0,6.0,nan,57.0,17.0,97.0,83.0
38,崙背,2018-04-25,112,11.0,6.0,nan,57.0,20.0,112.0,81.0
80,關山,2018-04-25,36,3.0,nan,nan,15.0,8.0,36.0,27.0
84,富貴角,2018-04-25,140,1.0,2.0,nan,55.0,3.0,140.0,87.0
37,斗六,2018-04-25,104,7.0,6.0,nan,50.0,24.0,104.0,77.0
36,南投,2018-04-25,62,13.0,7.0,nan,42.0,35.0,44.0,62.0
35,二林,2018-04-25,90,7.0,7.0,nan,52.0,20.0,90.0,74.0
51,大寮,2018-04-25,69,13.0,6.0,nan,39.0,27.0,35.0,69.0
33,彰化,2018-04-25,62,4.0,6.0,nan,41.0,26.0,61.0,62.0
32,西屯,2018-04-25,55,4.0,5.0,nan,32.0,20.0,50.0,55.0
31,忠明,2018-04-25,51,6.0,6.0,nan,26.0,27.0,48.0,51.0
30,大里,2018-04-25,50,4.0,8.0,nan,38.0,30.0,50.0,38.0
29,沙鹿,2018-04-25,87,4.0,5.0,nan,36.0,20.0,87.0,54.0
28,豐原,2018-04-25,40,4.0,5.0,nan,25.0,16.0,40.0,39.0
27,三義,2018-04-25,57,3.0,3.0,nan,27.0,11.0,46.0,57.0
26,苗栗,2018-04-25,79,9.0,7.0,nan,44.0,22.0,48.0,79.0
25,頭份,2018-04-25,57,4.0,5.0,nan,44.0,29.0,nan,57.0
24,新竹,2018-04-25,67,4.0,6.0,nan,44.0,22.0,67.0,67.0
23,竹東,2018-04-25,64,4.0,3.0,nan,36.0,13.0,41.0,64.0
22,湖口,2018-04-25,87,7.0,5.0,nan,45.0,19.0,87.0,71.0
21,龍潭,2018-04-25,69,7.0,5.0,nan,44.0,22.0,61.0,69.0
20,平鎮,2018-04-25,67,9.0,7.0,nan,52.0,26.0,67.0,60.0
19,觀音,2018-04-25,90,11.0,5.0,nan,55.0,37.0,84.0,90.0
18,大園,2018-04-25,87,13.0,5.0,nan,46.0,38.0,87.0,67.0
17,桃園,2018-04-25,65,14.0,6.0,nan,43.0,28.0,51.0,65.0
16,大同,2018-04-25,63,4.0,11.0,nan,54.0,55.0,nan,63.0
15,松山,2018-04-25,77,7.0,5.0,nan,42.0,24.0,77.0,61.0
14,古亭,2018-04-25,90,10.0,5.0,nan,42.0,26.0,90.0,nan
13,萬華,2018-04-25,65,9.0,6.0,nan,42.0,32.0,64.0,65.0
12,中山,2018-04-25,65,6.0,8.0,nan,42.0,36.0,49.0,65.0
11,士林,2018-04-25,97,3.0,3.0,nan,39.0,8.0,97.0,61.0
10,淡水,2018-04-25,61,3.0,5.0,nan,40.0,15.0,48.0,61.0
9,林口,2018-04-25,87,10.0,5.0,nan,46.0,23.0,87.0,74.0
8,菜寮,2018-04-25,68,4.0,6.0,nan,35.0,15.0,50.0,68.0
7,新莊,2018-04-25,93,10.0,5.0,nan,42.0,21.0,93.0,59.0
6,板橋,2018-04-25,72,10.0,6.0,nan,46.0,31.0,61.0,72.0
5,土城,2018-04-25,77,7.0,6.0,nan,46.0,20.0,77.0,66.0
4,新店,2018-04-25,74,6.0,5.0,nan,41.0,19.0,74.0,67.0
3,萬里,2018-04-25,136,4.0,3.0,nan,67.0,9.0,136.0,68.0
2,汐止,2018-04-25,93,14.0,5.0,nan,41.0,20.0,93.0,nan
1,基隆,2018-04-25,115,3.0,5.0,nan,33.0,14.0,115.0,61.0
83,麥寮,2018-04-25,85,11.0,6.0,nan,77.0,23.0,nan,85.0
2,汐止,2018-04-26,90,21.0,6.0,nan,32.0,36.0,90.0,69.0
34,線西,2018-04-26,92,11.0,7.0,nan,58.0,25.0,nan,92.0
1,基隆,2018-04-26,104,3.0,5.0,nan,25.0,25.0,104.0,52.0
84,富貴角,2018-04-26,108,9.0,2.0,nan,35.0,9.0,108.0,62.0
83,麥寮,2018-04-26,86,7.0,5.0,nan,68.0,8.0,nan,86.0
80,關山,2018-04-26,53,3.0,nan,nan,36.0,8.0,35.0,53.0
78,馬公,2018-04-26,118,4.0,3.0,nan,39.0,7.0,118.0,71.0
77,金門,2018-04-26,169,7.0,5.0,nan,59.0,10.0,169.0,108.0
75,馬祖,2018-04-26,205,7.0,5.0,nan,65.0,12.0,205.0,116.0
72,埔里,2018-04-26,104,4.0,6.0,nan,44.0,17.0,104.0,92.0
71,復興,2018-04-26,67,10.0,6.0,nan,46.0,23.0,nan,67.0
70,永和,2018-04-26,60,13.0,7.0,nan,32.0,29.0,nan,60.0
69,竹山,2018-04-26,166,16.0,8.0,nan,78.0,26.0,166.0,151.0
68,中壢,2018-04-26,76,13.0,22.0,nan,53.0,65.0,nan,76.0
67,三重,2018-04-26,61,11.0,16.0,nan,54.0,49.0,nan,61.0
66,冬山,2018-04-26,84,3.0,5.0,nan,44.0,15.0,84.0,54.0
65,宜蘭,2018-04-26,115,4.0,5.0,nan,41.0,12.0,115.0,63.0
64,陽明,2018-04-26,140,6.0,3.0,nan,22.0,4.0,140.0,62.0
63,花蓮,2018-04-26,101,7.0,5.0,nan,46.0,12.0,101.0,57.0
62,臺東,2018-04-26,56,3.0,6.0,nan,34.0,15.0,47.0,56.0
61,恆春,2018-04-26,77,3.0,2.0,nan,27.0,2.0,77.0,38.0
60,潮州,2018-04-26,90,6.0,5.0,nan,49.0,12.0,90.0,68.0
59,屏東,2018-04-26,93,10.0,7.0,nan,59.0,25.0,84.0,93.0
58,小港,2018-04-26,126,26.0,5.0,nan,49.0,25.0,126.0,61.0
57,前鎮,2018-04-26,62,10.0,5.0,nan,46.0,23.0,nan,62.0
56,前金,2018-04-26,154,6.0,5.0,nan,nan,12.0,154.0,67.0
54,左營,2018-04-26,151,7.0,5.0,nan,62.0,18.0,151.0,77.0
53,楠梓,2018-04-26,150,9.0,6.0,nan,71.0,18.0,150.0,92.0
52,林園,2018-04-26,154,17.0,3.0,nan,33.0,18.0,154.0,58.0
50,鳳山,2018-04-26,76,9.0,7.0,nan,42.0,21.0,nan,76.0
49,仁武,2018-04-26,146,7.0,6.0,nan,52.0,20.0,146.0,82.0
48,橋頭,2018-04-26,100,9.0,5.0,nan,55.0,16.0,100.0,84.0
47,美濃,2018-04-26,84,4.0,5.0,nan,52.0,11.0,84.0,77.0
46,臺南,2018-04-26,140,7.0,8.0,nan,66.0,29.0,140.0,113.0
45,安南,2018-04-26,129,9.0,7.0,nan,72.0,28.0,129.0,113.0
44,善化,2018-04-26,128,9.0,7.0,nan,72.0,21.0,87.0,128.0
43,新營,2018-04-26,122,7.0,7.0,nan,70.0,25.0,100.0,122.0
42,嘉義,2018-04-26,150,11.0,6.0,nan,79.0,27.0,150.0,138.0
41,臺西,2018-04-26,79,13.0,5.0,nan,56.0,25.0,nan,79.0
40,朴子,2018-04-26,156,11.0,7.0,nan,73.0,21.0,156.0,94.0
39,新港,2018-04-26,150,11.0,7.0,nan,71.0,19.0,150.0,110.0
38,崙背,2018-04-26,164,13.0,6.0,nan,62.0,23.0,164.0,106.0
37,斗六,2018-04-26,174,14.0,7.0,nan,71.0,29.0,174.0,135.0
36,南投,2018-04-26,102,14.0,8.0,nan,62.0,38.0,87.0,102.0
35,二林,2018-04-26,129,17.0,7.0,nan,59.0,24.0,129.0,91.0
51,大寮,2018-04-26,97,11.0,6.0,nan,45.0,26.0,97.0,79.0
33,彰化,2018-04-26,104,21.0,7.0,nan,68.0,33.0,104.0,93.0
32,西屯,2018-04-26,112,7.0,6.0,nan,50.0,38.0,112.0,80.0
31,忠明,2018-04-26,126,6.0,8.0,nan,46.0,41.0,126.0,93.0
30,大里,2018-04-26,132,7.0,8.0,nan,64.0,35.0,132.0,79.0
29,沙鹿,2018-04-26,159,6.0,5.0,nan,50.0,27.0,159.0,82.0
28,豐原,2018-04-26,140,7.0,6.0,nan,47.0,25.0,140.0,77.0
27,三義,2018-04-26,146,7.0,3.0,nan,40.0,17.0,146.0,85.0
26,苗栗,2018-04-26,93,7.0,6.0,nan,53.0,28.0,90.0,93.0
25,頭份,2018-04-26,70,4.0,6.0,nan,50.0,35.0,nan,70.0
24,新竹,2018-04-26,115,7.0,8.0,nan,49.0,49.0,115.0,82.0
23,竹東,2018-04-26,80,4.0,6.0,nan,42.0,27.0,80.0,72.0
22,湖口,2018-04-26,132,10.0,6.0,nan,49.0,42.0,132.0,81.0
21,龍潭,2018-04-26,122,10.0,7.0,nan,45.0,41.0,122.0,84.0
20,平鎮,2018-04-26,104,11.0,8.0,nan,50.0,37.0,104.0,67.0
19,觀音,2018-04-26,97,14.0,7.0,nan,58.0,38.0,97.0,89.0
18,大園,2018-04-26,97,13.0,7.0,nan,50.0,53.0,97.0,74.0
17,桃園,2018-04-26,77,23.0,7.0,nan,44.0,34.0,77.0,70.0
16,大同,2018-04-26,56,11.0,20.0,nan,49.0,56.0,nan,53.0
15,松山,2018-04-26,67,11.0,6.0,nan,36.0,31.0,67.0,59.0
14,古亭,2018-04-26,97,14.0,6.0,nan,38.0,30.0,97.0,nan
13,萬華,2018-04-26,71,13.0,6.0,nan,34.0,33.0,71.0,66.0
12,中山,2018-04-26,62,11.0,7.0,nan,36.0,41.0,51.0,62.0
11,士林,2018-04-26,93,13.0,5.0,nan,34.0,23.0,93.0,61.0
10,淡水,2018-04-26,58,7.0,6.0,nan,37.0,24.0,46.0,58.0
9,林口,2018-04-26,97,9.0,6.0,nan,47.0,33.0,97.0,74.0
8,菜寮,2018-04-26,62,7.0,7.0,nan,31.0,28.0,45.0,62.0
7,新莊,2018-04-26,93,11.0,7.0,nan,38.0,32.0,93.0,59.0
6,板橋,2018-04-26,80,11.0,7.0,nan,40.0,36.0,80.0,64.0
5,土城,2018-04-26,87,11.0,7.0,nan,38.0,27.0,87.0,61.0
4,新店,2018-04-26,80,7.0,6.0,nan,35.0,26.0,80.0,60.0
3,萬里,2018-04-26,118,9.0,2.0,nan,34.0,13.0,118.0,56.0
34,線西,2018-04-27,92,14.0,6.0,nan,55.0,23.0,nan,92.0
1,基隆,2018-04-27,57,13.0,6.0,nan,27.0,25.0,49.0,57.0
2,汐止,2018-04-27,72,10.0,7.0,nan,31.0,37.0,45.0,72.0
3,萬里,2018-04-27,112,11.0,3.0,nan,35.0,18.0,112.0,58.0
4,新店,2018-04-27,61,9.0,7.0,nan,33.0,33.0,46.0,61.0
5,土城,2018-04-27,74,14.0,9.0,nan,41.0,35.0,51.0,74.0
6,板橋,2018-04-27,77,14.0,10.0,nan,43.0,35.0,44.0,77.0
7,新莊,2018-04-27,69,13.0,8.0,nan,40.0,42.0,50.0,69.0
8,菜寮,2018-04-27,64,7.0,8.0,nan,30.0,32.0,33.0,64.0
9,林口,2018-04-27,82,19.0,6.0,nan,44.0,48.0,58.0,82.0
10,淡水,2018-04-27,64,9.0,6.0,nan,39.0,26.0,36.0,64.0
11,士林,2018-04-27,62,9.0,6.0,nan,32.0,25.0,51.0,62.0
12,中山,2018-04-27,71,17.0,12.0,nan,44.0,58.0,32.0,71.0
13,萬華,2018-04-27,63,16.0,9.0,nan,36.0,42.0,40.0,63.0
14,古亭,2018-04-27,43,11.0,8.0,nan,38.0,37.0,43.0,nan
15,松山,2018-04-27,63,11.0,7.0,nan,36.0,40.0,43.0,63.0
16,大同,2018-04-27,70,11.0,20.0,nan,53.0,56.0,nan,70.0
17,桃園,2018-04-27,45,44.0,11.0,nan,nan,45.0,25.0,nan
18,大園,2018-04-27,81,13.0,7.0,nan,49.0,34.0,44.0,81.0
19,觀音,2018-04-27,96,19.0,7.0,nan,57.0,42.0,44.0,96.0
20,平鎮,2018-04-27,82,11.0,7.0,nan,52.0,41.0,58.0,82.0
21,龍潭,2018-04-27,90,11.0,8.0,nan,50.0,35.0,90.0,80.0
22,湖口,2018-04-27,86,7.0,5.0,nan,48.0,38.0,71.0,86.0
23,竹東,2018-04-27,92,9.0,7.0,nan,50.0,25.0,67.0,92.0
24,新竹,2018-04-27,90,7.0,7.0,nan,45.0,36.0,61.0,90.0
25,頭份,2018-04-27,88,4.0,7.0,nan,51.0,38.0,nan,88.0
26,苗栗,2018-04-27,111,11.0,7.0,nan,55.0,36.0,67.0,111.0
27,三義,2018-04-27,126,10.0,5.0,nan,50.0,20.0,126.0,108.0
28,豐原,2018-04-27,136,13.0,8.0,nan,53.0,25.0,136.0,91.0
29,沙鹿,2018-04-27,93,20.0,7.0,nan,57.0,33.0,93.0,91.0
30,大里,2018-04-27,126,19.0,8.0,nan,68.0,31.0,126.0,91.0
31,忠明,2018-04-27,112,13.0,8.0,nan,54.0,34.0,112.0,109.0
32,西屯,2018-04-27,103,21.0,8.0,nan,66.0,42.0,101.0,103.0
33,彰化,2018-04-27,93,29.0,7.0,nan,58.0,30.0,64.0,93.0
51,大寮,2018-04-27,112,14.0,6.0,nan,54.0,22.0,112.0,93.0
35,二林,2018-04-27,98,13.0,6.0,nan,55.0,24.0,71.0,98.0
36,南投,2018-04-27,115,13.0,7.0,nan,67.0,32.0,77.0,115.0
37,斗六,2018-04-27,128,11.0,7.0,nan,72.0,24.0,126.0,128.0
38,崙背,2018-04-27,113,10.0,6.0,nan,62.0,17.0,100.0,113.0
39,新港,2018-04-27,98,11.0,5.0,nan,66.0,14.0,93.0,98.0
40,朴子,2018-04-27,108,10.0,3.0,nan,65.0,18.0,108.0,90.0
41,臺西,2018-04-27,83,13.0,3.0,nan,49.0,25.0,nan,83.0
42,嘉義,2018-04-27,105,11.0,7.0,nan,64.0,25.0,93.0,105.0
43,新營,2018-04-27,108,9.0,5.0,nan,67.0,18.0,77.0,108.0
44,善化,2018-04-27,97,10.0,5.0,nan,56.0,17.0,67.0,97.0
45,安南,2018-04-27,104,9.0,6.0,nan,69.0,30.0,90.0,104.0
46,臺南,2018-04-27,101,10.0,6.0,nan,59.0,17.0,101.0,97.0
47,美濃,2018-04-27,132,9.0,5.0,nan,56.0,11.0,132.0,84.0
48,橋頭,2018-04-27,90,10.0,6.0,nan,57.0,24.0,90.0,87.0
49,仁武,2018-04-27,126,10.0,6.0,nan,56.0,20.0,126.0,82.0
50,鳳山,2018-04-27,92,7.0,7.0,nan,52.0,27.0,nan,92.0
52,林園,2018-04-27,136,11.0,3.0,nan,40.0,13.0,136.0,68.0
53,楠梓,2018-04-27,126,10.0,6.0,nan,68.0,35.0,126.0,93.0
54,左營,2018-04-27,126,10.0,5.0,nan,55.0,16.0,126.0,77.0
56,前金,2018-04-27,150,10.0,6.0,nan,nan,24.0,150.0,77.0
57,前鎮,2018-04-27,74,20.0,7.0,nan,51.0,26.0,nan,74.0
58,小港,2018-04-27,108,14.0,5.0,nan,46.0,25.0,108.0,65.0
59,屏東,2018-04-27,136,7.0,7.0,nan,63.0,28.0,136.0,114.0
60,潮州,2018-04-27,136,9.0,5.0,nan,68.0,10.0,136.0,95.0
61,恆春,2018-04-27,61,3.0,2.0,nan,30.0,2.0,61.0,44.0
62,臺東,2018-04-27,49,3.0,5.0,nan,28.0,10.0,39.0,49.0
63,花蓮,2018-04-27,58,3.0,3.0,nan,30.0,15.0,58.0,40.0
64,陽明,2018-04-27,97,9.0,3.0,nan,14.0,9.0,97.0,39.0
65,宜蘭,2018-04-27,65,4.0,6.0,nan,39.0,10.0,58.0,65.0
66,冬山,2018-04-27,55,7.0,5.0,nan,41.0,24.0,43.0,55.0
67,三重,2018-04-27,67,9.0,19.0,nan,50.0,67.0,nan,67.0
68,中壢,2018-04-27,87,11.0,16.0,nan,53.0,48.0,nan,87.0
69,竹山,2018-04-27,129,13.0,5.0,nan,66.0,25.0,129.0,121.0
70,永和,2018-04-27,66,10.0,14.0,nan,34.0,65.0,nan,66.0
71,復興,2018-04-27,78,19.0,7.0,nan,51.0,25.0,nan,78.0
72,埔里,2018-04-27,150,6.0,8.0,nan,57.0,17.0,150.0,120.0
75,馬祖,2018-04-27,129,6.0,6.0,nan,65.0,11.0,129.0,123.0
77,金門,2018-04-27,135,16.0,6.0,nan,68.0,16.0,93.0,135.0
78,馬公,2018-04-27,77,4.0,3.0,nan,27.0,6.0,77.0,54.0
80,關山,2018-04-27,42,6.0,nan,nan,27.0,8.0,35.0,42.0
83,麥寮,2018-04-27,101,10.0,5.0,nan,75.0,8.0,nan,101.0
84,富貴角,2018-04-27,115,9.0,3.0,nan,33.0,9.0,115.0,58.0
34,線西,2018-04-28,102,13.0,7.0,nan,54.0,25.0,nan,102.0
47,美濃,2018-04-28,100,4.0,5.0,nan,52.0,10.0,100.0,76.0
48,橋頭,2018-04-28,83,7.0,5.0,nan,51.0,23.0,67.0,83.0
45,安南,2018-04-28,104,6.0,6.0,nan,65.0,23.0,104.0,99.0
49,仁武,2018-04-28,112,7.0,6.0,nan,57.0,19.0,112.0,99.0
44,善化,2018-04-28,111,9.0,6.0,nan,56.0,17.0,67.0,111.0
50,鳳山,2018-04-28,92,13.0,7.0,nan,51.0,25.0,nan,92.0
43,新營,2018-04-28,114,11.0,6.0,nan,65.0,18.0,80.0,114.0
52,林園,2018-04-28,151,36.0,5.0,nan,45.0,9.0,151.0,87.0
42,嘉義,2018-04-28,121,29.0,7.0,nan,64.0,19.0,112.0,121.0
41,臺西,2018-04-28,89,26.0,3.0,nan,48.0,63.0,nan,89.0
53,楠梓,2018-04-28,112,6.0,6.0,nan,66.0,18.0,112.0,87.0
40,朴子,2018-04-28,141,30.0,6.0,nan,82.0,17.0,132.0,141.0
54,左營,2018-04-28,122,6.0,6.0,nan,61.0,17.0,122.0,90.0
56,前金,2018-04-28,126,7.0,6.0,nan,59.0,15.0,126.0,93.0
39,新港,2018-04-28,122,9.0,6.0,nan,68.0,17.0,122.0,117.0
38,崙背,2018-04-28,154,16.0,7.0,nan,63.0,18.0,154.0,119.0
57,前鎮,2018-04-28,88,20.0,6.0,nan,54.0,25.0,nan,88.0
58,小港,2018-04-28,112,26.0,5.0,nan,52.0,29.0,112.0,81.0
37,斗六,2018-04-28,159,11.0,7.0,nan,73.0,18.0,159.0,138.0
59,屏東,2018-04-28,104,6.0,6.0,nan,54.0,16.0,104.0,97.0
36,南投,2018-04-28,142,16.0,10.0,nan,76.0,33.0,90.0,142.0
60,潮州,2018-04-28,103,9.0,5.0,nan,69.0,15.0,97.0,103.0
35,二林,2018-04-28,132,13.0,7.0,nan,62.0,22.0,132.0,123.0
61,恆春,2018-04-28,93,4.0,2.0,nan,38.0,2.0,93.0,51.0
51,大寮,2018-04-28,94,13.0,5.0,nan,51.0,22.0,84.0,94.0
33,彰化,2018-04-28,138,20.0,8.0,nan,72.0,25.0,136.0,138.0
32,西屯,2018-04-28,187,9.0,7.0,nan,73.0,28.0,187.0,127.0
62,臺東,2018-04-28,50,1.0,6.0,nan,30.0,12.0,47.0,50.0
63,花蓮,2018-04-28,93,7.0,5.0,nan,34.0,16.0,93.0,49.0
31,忠明,2018-04-28,185,7.0,8.0,nan,65.0,30.0,185.0,142.0
30,大里,2018-04-28,166,13.0,9.0,nan,85.0,29.0,166.0,126.0
29,沙鹿,2018-04-28,187,11.0,7.0,nan,61.0,29.0,187.0,116.0
64,陽明,2018-04-28,108,9.0,3.0,nan,21.0,6.0,108.0,62.0
65,宜蘭,2018-04-28,118,3.0,5.0,nan,52.0,12.0,118.0,78.0
28,豐原,2018-04-28,174,9.0,8.0,nan,67.0,23.0,174.0,144.0
27,三義,2018-04-28,164,4.0,6.0,nan,60.0,16.0,164.0,141.0
66,冬山,2018-04-28,70,6.0,5.0,nan,52.0,23.0,61.0,70.0
26,苗栗,2018-04-28,143,9.0,8.0,nan,59.0,22.0,143.0,124.0
67,三重,2018-04-28,66,6.0,18.0,nan,56.0,49.0,nan,66.0
68,中壢,2018-04-28,69,4.0,19.0,nan,50.0,53.0,nan,69.0
69,竹山,2018-04-28,151,7.0,6.0,nan,74.0,22.0,136.0,151.0
70,永和,2018-04-28,61,3.0,7.0,nan,32.0,22.0,nan,61.0
25,頭份,2018-04-28,91,1.0,7.0,nan,49.0,26.0,nan,91.0
71,復興,2018-04-28,80,20.0,7.0,nan,52.0,24.0,nan,80.0
72,埔里,2018-04-28,118,6.0,7.0,nan,57.0,18.0,84.0,118.0
24,新竹,2018-04-28,136,6.0,7.0,nan,44.0,25.0,136.0,91.0
75,馬祖,2018-04-28,174,4.0,5.0,nan,71.0,10.0,174.0,133.0
23,竹東,2018-04-28,85,7.0,6.0,nan,49.0,22.0,67.0,85.0
22,湖口,2018-04-28,136,3.0,6.0,nan,44.0,21.0,136.0,81.0
77,金門,2018-04-28,156,10.0,5.0,nan,65.0,12.0,156.0,130.0
78,馬公,2018-04-28,122,3.0,5.0,nan,47.0,5.0,122.0,76.0
21,龍潭,2018-04-28,90,4.0,6.0,nan,38.0,25.0,90.0,64.0
20,平鎮,2018-04-28,100,7.0,7.0,nan,38.0,24.0,100.0,56.0
80,關山,2018-04-28,42,3.0,nan,nan,18.0,5.0,42.0,37.0
83,麥寮,2018-04-28,98,6.0,6.0,nan,64.0,14.0,nan,98.0
19,觀音,2018-04-28,108,21.0,6.0,nan,52.0,27.0,108.0,90.0
84,富貴角,2018-04-28,122,11.0,2.0,nan,35.0,10.0,122.0,70.0
18,大園,2018-04-28,108,11.0,7.0,nan,39.0,42.0,108.0,71.0
17,桃園,2018-04-28,-1,nan,nan,nan,nan,nan,nan,nan
16,大同,2018-04-28,70,4.0,14.0,nan,57.0,51.0,nan,70.0
46,臺南,2018-04-28,112,10.0,6.0,nan,51.0,20.0,112.0,92.0
15,松山,2018-04-28,97,3.0,6.0,nan,38.0,33.0,97.0,65.0
14,古亭,2018-04-28,97,3.0,6.0,nan,35.0,28.0,97.0,nan
13,萬華,2018-04-28,97,4.0,7.0,nan,40.0,37.0,97.0,63.0
12,中山,2018-04-28,77,3.0,8.0,nan,43.0,32.0,77.0,69.0
11,士林,2018-04-28,93,6.0,5.0,nan,36.0,15.0,93.0,66.0
10,淡水,2018-04-28,60,6.0,3.0,nan,37.0,11.0,48.0,60.0
9,林口,2018-04-28,118,3.0,6.0,nan,44.0,21.0,118.0,78.0
8,菜寮,2018-04-28,68,4.0,6.0,nan,36.0,20.0,44.0,68.0
7,新莊,2018-04-28,104,3.0,7.0,nan,37.0,30.0,104.0,62.0
6,板橋,2018-04-28,74,3.0,7.0,nan,39.0,27.0,74.0,73.0
5,土城,2018-04-28,90,4.0,6.0,nan,32.0,25.0,90.0,63.0
4,新店,2018-04-28,100,1.0,6.0,nan,31.0,19.0,100.0,56.0
3,萬里,2018-04-28,126,17.0,3.0,nan,38.0,13.0,126.0,67.0
2,汐止,2018-04-28,118,3.0,6.0,nan,35.0,36.0,118.0,72.0
1,基隆,2018-04-28,112,3.0,6.0,nan,30.0,24.0,112.0,60.0
12,中山,2018-04-29,104,14.0,8.0,nan,51.0,41.0,104.0,96.0
84,富貴角,2018-04-29,126,3.0,5.0,nan,41.0,9.0,126.0,93.0
83,麥寮,2018-04-29,111,9.0,5.0,nan,68.0,15.0,nan,111.0
80,關山,2018-04-29,39,6.0,nan,nan,26.0,6.0,39.0,39.0
78,馬公,2018-04-29,108,3.0,5.0,nan,49.0,8.0,108.0,93.0
77,金門,2018-04-29,156,13.0,6.0,nan,69.0,17.0,156.0,143.0
75,馬祖,2018-04-29,145,17.0,12.0,nan,72.0,28.0,122.0,145.0
72,埔里,2018-04-29,112,4.0,6.0,nan,50.0,16.0,90.0,112.0
71,復興,2018-04-29,74,14.0,5.0,nan,45.0,18.0,nan,74.0
70,永和,2018-04-29,86,14.0,11.0,nan,44.0,33.0,nan,86.0
69,竹山,2018-04-29,131,6.0,6.0,nan,65.0,12.0,93.0,131.0
68,中壢,2018-04-29,131,9.0,15.0,nan,71.0,47.0,nan,131.0
67,三重,2018-04-29,87,19.0,15.0,nan,63.0,48.0,nan,87.0
66,冬山,2018-04-29,58,4.0,6.0,nan,37.0,14.0,49.0,58.0
65,宜蘭,2018-04-29,60,3.0,5.0,nan,36.0,7.0,58.0,60.0
64,陽明,2018-04-29,93,4.0,5.0,nan,27.0,8.0,93.0,80.0
63,花蓮,2018-04-29,49,7.0,3.0,nan,29.0,6.0,49.0,28.0
62,臺東,2018-04-29,45,6.0,5.0,nan,31.0,8.0,40.0,45.0
61,恆春,2018-04-29,74,4.0,2.0,nan,39.0,2.0,74.0,44.0
60,潮州,2018-04-29,93,9.0,5.0,nan,62.0,9.0,93.0,87.0
59,屏東,2018-04-29,106,9.0,6.0,nan,54.0,16.0,90.0,106.0
58,小港,2018-04-29,77,27.0,5.0,nan,49.0,25.0,77.0,73.0
57,前鎮,2018-04-29,72,17.0,5.0,nan,47.0,21.0,nan,72.0
56,前金,2018-04-29,104,6.0,3.0,nan,52.0,8.0,104.0,71.0
54,左營,2018-04-29,90,7.0,3.0,nan,49.0,9.0,90.0,73.0
53,楠梓,2018-04-29,87,6.0,5.0,nan,55.0,12.0,87.0,75.0
52,林園,2018-04-29,87,10.0,3.0,nan,39.0,8.0,87.0,76.0
50,鳳山,2018-04-29,88,14.0,7.0,nan,45.0,15.0,nan,88.0
49,仁武,2018-04-29,87,7.0,5.0,nan,47.0,8.0,87.0,73.0
48,橋頭,2018-04-29,70,7.0,5.0,nan,41.0,12.0,54.0,70.0
47,美濃,2018-04-29,93,4.0,5.0,nan,50.0,7.0,93.0,73.0
46,臺南,2018-04-29,115,4.0,5.0,nan,40.0,9.0,115.0,70.0
45,安南,2018-04-29,78,4.0,5.0,nan,52.0,8.0,77.0,78.0
44,善化,2018-04-29,83,6.0,3.0,nan,48.0,11.0,47.0,83.0
43,新營,2018-04-29,100,6.0,5.0,nan,59.0,10.0,50.0,100.0
42,嘉義,2018-04-29,98,6.0,5.0,nan,60.0,13.0,71.0,98.0
41,臺西,2018-04-29,104,6.0,5.0,nan,53.0,8.0,nan,104.0
40,朴子,2018-04-29,97,10.0,5.0,nan,66.0,8.0,97.0,97.0
39,新港,2018-04-29,99,6.0,5.0,nan,59.0,10.0,67.0,99.0
38,崙背,2018-04-29,115,9.0,5.0,nan,59.0,11.0,115.0,108.0
37,斗六,2018-04-29,118,7.0,6.0,nan,62.0,13.0,93.0,118.0
36,南投,2018-04-29,128,4.0,7.0,nan,68.0,19.0,47.0,128.0
35,二林,2018-04-29,120,6.0,5.0,nan,58.0,11.0,71.0,120.0
51,大寮,2018-04-29,98,16.0,5.0,nan,49.0,14.0,64.0,98.0
33,彰化,2018-04-29,145,19.0,7.0,nan,71.0,13.0,77.0,145.0
32,西屯,2018-04-29,130,19.0,7.0,nan,73.0,25.0,101.0,130.0
31,忠明,2018-04-29,135,17.0,8.0,nan,63.0,30.0,100.0,135.0
30,大里,2018-04-29,122,9.0,8.0,nan,78.0,26.0,101.0,122.0
29,沙鹿,2018-04-29,128,19.0,7.0,nan,66.0,26.0,101.0,128.0
28,豐原,2018-04-29,124,9.0,7.0,nan,57.0,16.0,108.0,124.0
27,三義,2018-04-29,131,9.0,5.0,nan,53.0,19.0,100.0,131.0
26,苗栗,2018-04-29,142,7.0,7.0,nan,66.0,18.0,90.0,142.0
25,頭份,2018-04-29,106,3.0,7.0,nan,59.0,22.0,nan,106.0
24,新竹,2018-04-29,106,6.0,7.0,nan,50.0,30.0,101.0,106.0
23,竹東,2018-04-29,107,7.0,6.0,nan,55.0,12.0,64.0,107.0
22,湖口,2018-04-29,143,11.0,6.0,nan,55.0,25.0,143.0,110.0
21,龍潭,2018-04-29,126,7.0,6.0,nan,54.0,16.0,126.0,118.0
20,平鎮,2018-04-29,129,7.0,7.0,nan,64.0,25.0,129.0,121.0
19,觀音,2018-04-29,128,10.0,7.0,nan,nan,32.0,118.0,128.0
18,大園,2018-04-29,143,10.0,8.0,nan,63.0,34.0,143.0,113.0
17,桃園,2018-04-29,-1,nan,nan,nan,nan,nan,nan,nan
16,大同,2018-04-29,99,14.0,17.0,nan,64.0,58.0,nan,99.0
15,松山,2018-04-29,129,19.0,8.0,nan,52.0,31.0,129.0,95.0
14,古亭,2018-04-29,122,16.0,8.0,nan,44.0,36.0,122.0,nan
13,萬華,2018-04-29,129,17.0,8.0,nan,51.0,38.0,129.0,97.0
11,士林,2018-04-29,104,11.0,7.0,nan,44.0,19.0,104.0,97.0
10,淡水,2018-04-29,85,10.0,7.0,nan,52.0,19.0,51.0,85.0
9,林口,2018-04-29,146,13.0,7.0,nan,64.0,35.0,146.0,123.0
8,菜寮,2018-04-29,98,14.0,7.0,nan,48.0,31.0,48.0,98.0
7,新莊,2018-04-29,136,13.0,8.0,nan,50.0,33.0,136.0,93.0
6,板橋,2018-04-29,104,16.0,9.0,nan,53.0,31.0,101.0,104.0
5,土城,2018-04-29,122,10.0,8.0,nan,44.0,29.0,122.0,89.0
4,新店,2018-04-29,112,6.0,8.0,nan,35.0,29.0,112.0,77.0
3,萬里,2018-04-29,151,7.0,6.0,nan,44.0,10.0,151.0,87.0
2,汐止,2018-04-29,136,39.0,7.0,nan,44.0,31.0,136.0,109.0
1,基隆,2018-04-29,126,21.0,7.0,nan,38.0,23.0,126.0,84.0
34,線西,2018-04-29,126,9.0,6.0,nan,65.0,11.0,nan,126.0
80,關山,2018-04-30,42,7.0,nan,nan,28.0,6.0,31.0,42.0
84,富貴角,2018-04-30,79,6.0,5.0,nan,32.0,9.0,71.0,79.0
83,麥寮,2018-04-30,105,7.0,6.0,nan,61.0,15.0,nan,105.0
2,汐止,2018-04-30,103,39.0,9.0,nan,44.0,32.0,61.0,103.0
3,萬里,2018-04-30,126,10.0,6.0,nan,44.0,15.0,126.0,89.0
4,新店,2018-04-30,97,17.0,9.0,nan,39.0,41.0,97.0,83.0
5,土城,2018-04-30,97,13.0,10.0,nan,49.0,54.0,93.0,97.0
6,板橋,2018-04-30,95,9.0,12.0,nan,52.0,52.0,67.0,95.0
7,新莊,2018-04-30,89,11.0,11.0,nan,50.0,47.0,50.0,89.0
8,菜寮,2018-04-30,88,9.0,9.0,nan,42.0,43.0,37.0,88.0
9,林口,2018-04-30,108,11.0,8.0,nan,56.0,52.0,64.0,108.0
10,淡水,2018-04-30,79,7.0,7.0,nan,44.0,25.0,39.0,79.0
11,士林,2018-04-30,88,6.0,7.0,nan,39.0,25.0,49.0,88.0
12,中山,2018-04-30,78,10.0,11.0,nan,44.0,47.0,51.0,78.0
13,萬華,2018-04-30,65,10.0,10.0,nan,36.0,50.0,64.0,65.0
14,古亭,2018-04-30,80,19.0,10.0,nan,43.0,47.0,80.0,nan
15,松山,2018-04-30,87,24.0,9.0,nan,45.0,40.0,87.0,83.0
16,大同,2018-04-30,82,9.0,26.0,nan,56.0,54.0,nan,82.0
17,桃園,2018-04-30,47,21.0,8.0,nan,nan,47.0,47.0,nan
18,大園,2018-04-30,95,9.0,6.0,nan,49.0,23.0,64.0,95.0
19,觀音,2018-04-30,101,6.0,6.0,nan,56.0,20.0,47.0,101.0
20,平鎮,2018-04-30,87,10.0,6.0,nan,47.0,29.0,51.0,87.0
21,龍潭,2018-04-30,88,7.0,6.0,nan,41.0,28.0,80.0,88.0
22,湖口,2018-04-30,79,7.0,5.0,nan,42.0,27.0,58.0,79.0
23,竹東,2018-04-30,81,7.0,6.0,nan,42.0,13.0,43.0,81.0
24,新竹,2018-04-30,79,7.0,6.0,nan,37.0,23.0,45.0,79.0
25,頭份,2018-04-30,72,6.0,6.0,nan,42.0,19.0,nan,72.0
26,苗栗,2018-04-30,93,10.0,7.0,nan,48.0,21.0,48.0,93.0
27,三義,2018-04-30,102,7.0,5.0,nan,43.0,20.0,90.0,102.0
28,豐原,2018-04-30,101,11.0,7.0,nan,47.0,18.0,101.0,84.0
29,沙鹿,2018-04-30,93,20.0,7.0,nan,52.0,27.0,61.0,93.0
30,大里,2018-04-30,82,13.0,7.0,nan,59.0,30.0,44.0,82.0
31,忠明,2018-04-30,110,21.0,7.0,nan,51.0,34.0,104.0,110.0
32,西屯,2018-04-30,101,21.0,6.0,nan,60.0,30.0,101.0,95.0
33,彰化,2018-04-30,113,19.0,6.0,nan,62.0,12.0,64.0,113.0
51,大寮,2018-04-30,71,10.0,5.0,nan,37.0,17.0,40.0,71.0
34,線西,2018-04-30,102,9.0,5.0,nan,49.0,10.0,nan,102.0
35,二林,2018-04-30,115,4.0,5.0,nan,52.0,14.0,48.0,115.0
36,南投,2018-04-30,108,9.0,7.0,nan,59.0,27.0,54.0,108.0
37,斗六,2018-04-30,118,7.0,6.0,nan,62.0,14.0,97.0,118.0
38,崙背,2018-04-30,108,9.0,5.0,nan,55.0,11.0,77.0,108.0
39,新港,2018-04-30,94,6.0,6.0,nan,62.0,18.0,50.0,94.0
40,朴子,2018-04-30,95,4.0,5.0,nan,62.0,12.0,58.0,95.0
41,臺西,2018-04-30,96,7.0,5.0,nan,50.0,12.0,nan,96.0
42,嘉義,2018-04-30,86,6.0,5.0,nan,54.0,11.0,64.0,86.0
43,新營,2018-04-30,100,10.0,6.0,nan,59.0,12.0,45.0,100.0
44,善化,2018-04-30,92,10.0,5.0,nan,45.0,16.0,44.0,92.0
45,安南,2018-04-30,76,6.0,6.0,nan,47.0,19.0,64.0,76.0
46,臺南,2018-04-30,64,7.0,5.0,nan,34.0,13.0,64.0,64.0
47,美濃,2018-04-30,115,9.0,5.0,nan,48.0,9.0,115.0,71.0
48,橋頭,2018-04-30,54,9.0,5.0,nan,29.0,18.0,48.0,54.0
49,仁武,2018-04-30,77,19.0,7.0,nan,44.0,24.0,54.0,77.0
50,鳳山,2018-04-30,71,20.0,8.0,nan,36.0,26.0,nan,71.0
52,林園,2018-04-30,68,6.0,5.0,nan,34.0,10.0,42.0,68.0
53,楠梓,2018-04-30,74,20.0,7.0,nan,55.0,25.0,54.0,74.0
54,左營,2018-04-30,58,23.0,6.0,nan,44.0,22.0,45.0,58.0
56,前金,2018-04-30,62,16.0,6.0,nan,41.0,23.0,44.0,62.0
57,前鎮,2018-04-30,48,20.0,6.0,nan,39.0,24.0,nan,48.0
58,小港,2018-04-30,57,23.0,6.0,nan,42.0,28.0,33.0,57.0
59,屏東,2018-04-30,100,9.0,6.0,nan,45.0,17.0,100.0,71.0
60,潮州,2018-04-30,65,4.0,5.0,nan,54.0,10.0,40.0,65.0
61,恆春,2018-04-30,37,3.0,2.0,nan,33.0,3.0,34.0,37.0
62,臺東,2018-04-30,44,4.0,6.0,nan,31.0,18.0,28.0,44.0
63,花蓮,2018-04-30,37,13.0,5.0,nan,30.0,14.0,37.0,21.0
64,陽明,2018-04-30,67,6.0,5.0,nan,19.0,12.0,67.0,57.0
65,宜蘭,2018-04-30,60,3.0,6.0,nan,36.0,13.0,38.0,60.0
1,基隆,2018-04-30,19,7.0,6.0,nan,nan,17.0,19.0,nan
66,冬山,2018-04-30,59,9.0,6.0,nan,38.0,20.0,39.0,59.0
67,三重,2018-04-30,81,10.0,17.0,nan,57.0,51.0,nan,81.0
68,中壢,2018-04-30,99,9.0,17.0,nan,52.0,40.0,nan,99.0
69,竹山,2018-04-30,117,7.0,5.0,nan,62.0,13.0,101.0,117.0
70,永和,2018-04-30,82,20.0,17.0,nan,41.0,51.0,nan,82.0
71,復興,2018-04-30,58,19.0,6.0,nan,36.0,24.0,nan,58.0
72,埔里,2018-04-30,97,7.0,6.0,nan,44.0,16.0,97.0,95.0
75,馬祖,2018-04-30,132,13.0,9.0,nan,72.0,15.0,104.0,132.0
77,金門,2018-04-30,75,10.0,3.0,nan,42.0,21.0,33.0,75.0
78,馬公,2018-04-30,57,3.0,5.0,nan,28.0,8.0,47.0,57.0
