siteid,sitename,monitordate,aqi,so2subindex,cosubindex,o3subindex,pm10subindex,no2subindex,o38subindex,pm25subindex
1,基隆,2020-02-01,49,1,5.0,nan,22.0,24,49.0,45.0
84,富貴角,2020-02-01,50,1,3.0,nan,38.0,2,50.0,46.0
83,麥寮,2020-02-01,94,9,nan,nan,56.0,23,nan,94.0
80,關山,2020-02-01,57,3,nan,nan,22.0,8,35.0,57.0
78,馬公,2020-02-01,74,3,3.0,nan,31.0,5,74.0,55.0
77,金門,2020-02-01,99,3,5.0,nan,44.0,8,77.0,99.0
75,馬祖,2020-02-01,113,1,5.0,nan,44.0,5,87.0,113.0
72,埔里,2020-02-01,90,6,6.0,nan,31.0,25,90.0,78.0
71,復興,2020-02-01,88,4,10.0,nan,44.0,42,nan,88.0
70,永和,2020-02-01,50,3,7.0,nan,23.0,25,nan,50.0
69,竹山,2020-02-01,97,9,6.0,nan,nan,22,97.0,nan
68,中壢,2020-02-01,57,4,10.0,nan,27.0,36,nan,57.0
67,三重,2020-02-01,63,4,15.0,nan,30.0,42,nan,63.0
66,冬山,2020-02-01,54,4,3.0,nan,27.0,14,44.0,54.0
65,宜蘭,2020-02-01,58,3,5.0,nan,26.0,9,45.0,58.0
64,陽明,2020-02-01,44,3,2.0,nan,19.0,2,44.0,39.0
63,花蓮,2020-02-01,59,3,5.0,nan,27.0,17,42.0,59.0
62,臺東,2020-02-01,55,3,5.0,nan,26.0,8,46.0,55.0
61,恆春,2020-02-01,53,1,2.0,nan,23.0,2,51.0,53.0
60,潮州,2020-02-01,101,6,5.0,nan,45.0,14,101.0,89.0
59,屏東,2020-02-01,82,4,8.0,nan,48.0,40,80.0,82.0
58,小港,2020-02-01,97,6,8.0,nan,46.0,56,97.0,85.0
57,前鎮,2020-02-01,81,6,nan,nan,50.0,37,nan,81.0
56,前金,2020-02-01,97,9,7.0,nan,52.0,37,97.0,95.0
54,左營,2020-02-01,100,6,7.0,nan,48.0,30,100.0,89.0
53,楠梓,2020-02-01,89,4,6.0,nan,48.0,30,80.0,89.0
52,林園,2020-02-01,97,23,5.0,nan,56.0,25,97.0,96.0
51,大寮,2020-02-01,91,72,7.0,nan,47.0,34,87.0,91.0
50,鳳山,2020-02-01,83,4,8.0,nan,47.0,42,nan,83.0
49,仁武,2020-02-01,93,6,7.0,nan,48.0,47,90.0,93.0
48,橋頭,2020-02-01,91,6,7.0,nan,50.0,32,87.0,91.0
47,美濃,2020-02-01,80,6,5.0,nan,36.0,11,80.0,74.0
46,臺南,2020-02-01,128,7,8.0,nan,63.0,38,87.0,128.0
45,安南,2020-02-01,121,9,8.0,nan,61.0,32,90.0,121.0
44,善化,2020-02-01,106,10,7.0,nan,53.0,25,90.0,106.0
43,新營,2020-02-01,112,6,8.0,nan,58.0,28,80.0,112.0
42,嘉義,2020-02-01,105,11,8.0,nan,56.0,31,77.0,105.0
41,臺西,2020-02-01,88,7,nan,nan,49.0,19,nan,88.0
40,朴子,2020-02-01,99,4,6.0,nan,54.0,15,84.0,99.0
39,新港,2020-02-01,105,6,7.0,nan,58.0,25,87.0,105.0
38,崙背,2020-02-01,98,7,6.0,nan,53.0,21,71.0,98.0
37,斗六,2020-02-01,107,6,6.0,nan,57.0,28,97.0,107.0
36,南投,2020-02-01,93,6,8.0,nan,44.0,30,93.0,92.0
35,二林,2020-02-01,90,11,7.0,nan,51.0,23,44.0,90.0
34,線西,2020-02-01,83,13,nan,nan,47.0,22,nan,83.0
33,彰化,2020-02-01,83,3,8.0,nan,40.0,31,46.0,83.0
32,西屯,2020-02-01,87,4,7.0,nan,41.0,33,61.0,87.0
31,忠明,2020-02-01,93,4,8.0,nan,41.0,40,54.0,93.0
30,大里,2020-02-01,93,10,8.0,nan,44.0,34,61.0,93.0
29,沙鹿,2020-02-01,78,4,6.0,nan,35.0,24,51.0,78.0
28,豐原,2020-02-01,70,4,5.0,nan,31.0,18,61.0,70.0
27,三義,2020-02-01,62,4,3.0,nan,25.0,21,47.0,62.0
26,苗栗,2020-02-01,67,6,6.0,nan,31.0,21,37.0,67.0
25,頭份,2020-02-01,67,3,nan,nan,28.0,17,nan,67.0
24,新竹,2020-02-01,69,6,5.0,nan,31.0,18,48.0,69.0
23,竹東,2020-02-01,52,1,3.0,nan,21.0,12,50.0,52.0
22,湖口,2020-02-01,61,4,5.0,nan,24.0,13,48.0,61.0
21,龍潭,2020-02-01,57,4,5.0,nan,25.0,12,46.0,57.0
20,平鎮,2020-02-01,58,3,6.0,nan,27.0,22,44.0,58.0
19,觀音,2020-02-01,57,13,5.0,nan,31.0,27,48.0,57.0
18,大園,2020-02-01,54,7,5.0,nan,27.0,25,47.0,54.0
17,桃園,2020-02-01,58,6,6.0,nan,26.0,20,38.0,58.0
16,大同,2020-02-01,58,6,10.0,nan,28.0,42,nan,58.0
15,松山,2020-02-01,57,1,5.0,nan,26.0,29,43.0,57.0
14,古亭,2020-02-01,47,4,5.0,nan,22.0,24,34.0,47.0
13,萬華,2020-02-01,51,3,6.0,nan,24.0,33,40.0,51.0
12,中山,2020-02-01,53,3,6.0,nan,24.0,33,38.0,53.0
11,士林,2020-02-01,49,4,5.0,nan,21.0,31,49.0,48.0
10,淡水,2020-02-01,53,3,5.0,nan,23.0,25,45.0,53.0
9,林口,2020-02-01,57,3,5.0,nan,24.0,17,45.0,57.0
8,菜寮,2020-02-01,55,4,8.0,nan,23.0,32,40.0,55.0
7,新莊,2020-02-01,62,4,7.0,nan,30.0,32,44.0,62.0
6,板橋,2020-02-01,55,3,6.0,nan,22.0,22,42.0,55.0
5,土城,2020-02-01,47,3,5.0,nan,23.0,20,46.0,47.0
4,新店,2020-02-01,52,3,5.0,nan,21.0,28,44.0,52.0
3,萬里,2020-02-01,58,3,3.0,nan,35.0,4,58.0,47.0
2,汐止,2020-02-01,55,3,6.0,nan,25.0,28,45.0,55.0
4,新店,2020-02-02,45,4,6.0,nan,15,28,45.0,35
1,基隆,2020-02-02,44,3,6.0,nan,18,27,44.0,35
84,富貴角,2020-02-02,45,1,1.0,nan,23,4,45.0,18
83,麥寮,2020-02-02,84,44,nan,nan,53,18,nan,84
80,關山,2020-02-02,43,3,nan,nan,15,5,32.0,43
78,馬公,2020-02-02,48,4,2.0,nan,25,2,48.0,28
77,金門,2020-02-02,115,6,6.0,nan,50,16,47.0,115
75,馬祖,2020-02-02,60,6,5.0,nan,24,6,54.0,60
72,埔里,2020-02-02,69,6,5.0,nan,27,20,54.0,69
71,復興,2020-02-02,100,9,9.0,nan,48,42,nan,100
70,永和,2020-02-02,32,4,9.0,nan,17,32,nan,31
69,竹山,2020-02-02,79,7,5.0,nan,38,18,67.0,79
68,中壢,2020-02-02,46,4,10.0,nan,24,42,nan,46
67,三重,2020-02-02,53,6,16.0,nan,22,40,nan,53
66,冬山,2020-02-02,33,4,3.0,nan,20,26,33.0,33
65,宜蘭,2020-02-02,44,3,3.0,nan,19,10,44.0,31
64,陽明,2020-02-02,42,4,1.0,nan,10,2,42.0,20
63,花蓮,2020-02-02,43,1,3.0,nan,18,15,43.0,37
62,臺東,2020-02-02,42,3,3.0,nan,18,9,42.0,36
61,恆春,2020-02-02,46,1,2.0,nan,13,2,46.0,29
60,潮州,2020-02-02,108,3,6.0,nan,49,11,108.0,102
59,屏東,2020-02-02,83,4,6.0,nan,46,26,74.0,83
58,小港,2020-02-02,100,9,7.0,nan,51,42,100.0,99
57,前鎮,2020-02-02,92,7,nan,nan,52,35,nan,92
56,前金,2020-02-02,108,6,7.0,nan,52,21,108.0,103
54,左營,2020-02-02,112,6,6.0,nan,49,21,112.0,94
53,楠梓,2020-02-02,90,4,6.0,nan,47,22,90.0,89
52,林園,2020-02-02,104,24,6.0,nan,57,21,101.0,104
51,大寮,2020-02-02,97,36,6.0,nan,48,23,84.0,97
50,鳳山,2020-02-02,95,7,8.0,nan,51,32,nan,95
49,仁武,2020-02-02,100,23,7.0,nan,48,41,100.0,100
48,橋頭,2020-02-02,97,4,6.0,nan,48,20,97.0,91
47,美濃,2020-02-02,70,4,3.0,nan,31,9,64.0,70
46,臺南,2020-02-02,112,9,8.0,nan,56,34,87.0,112
45,安南,2020-02-02,113,7,7.0,nan,55,23,90.0,113
44,善化,2020-02-02,101,11,7.0,nan,50,21,87.0,101
43,新營,2020-02-02,97,7,7.0,nan,52,18,77.0,97
42,嘉義,2020-02-02,116,16,8.0,nan,56,30,67.0,116
41,臺西,2020-02-02,58,6,nan,nan,31,17,nan,58
40,朴子,2020-02-02,83,6,7.0,nan,47,16,64.0,83
39,新港,2020-02-02,98,10,8.0,nan,53,21,71.0,98
38,崙背,2020-02-02,81,11,7.0,nan,44,21,58.0,81
37,斗六,2020-02-02,96,6,6.0,nan,52,27,84.0,96
36,南投,2020-02-02,80,6,6.0,nan,39,28,64.0,80
35,二林,2020-02-02,77,11,7.0,nan,44,23,44.0,77
34,線西,2020-02-02,54,7,nan,nan,30,19,nan,54
33,彰化,2020-02-02,77,6,8.0,nan,37,25,46.0,77
32,西屯,2020-02-02,78,4,6.0,nan,34,27,61.0,78
31,忠明,2020-02-02,85,4,8.0,nan,37,38,49.0,85
30,大里,2020-02-02,84,9,8.0,nan,41,33,50.0,84
29,沙鹿,2020-02-02,67,6,6.0,nan,30,29,50.0,67
28,豐原,2020-02-02,67,7,5.0,nan,30,17,58.0,67
27,三義,2020-02-02,54,4,3.0,nan,22,14,49.0,54
26,苗栗,2020-02-02,52,9,5.0,nan,24,23,36.0,52
25,頭份,2020-02-02,52,7,nan,nan,22,26,nan,52
24,新竹,2020-02-02,47,4,6.0,nan,22,32,47.0,45
23,竹東,2020-02-02,53,4,3.0,nan,25,16,51.0,53
22,湖口,2020-02-02,49,4,3.0,nan,19,31,49.0,45
21,龍潭,2020-02-02,48,6,5.0,nan,21,29,48.0,47
20,平鎮,2020-02-02,55,3,7.0,nan,25,40,42.0,55
19,觀音,2020-02-02,45,14,3.0,nan,22,17,45.0,40
18,大園,2020-02-02,45,9,5.0,nan,21,37,45.0,45
17,桃園,2020-02-02,47,9,7.0,nan,20,40,40.0,47
16,大同,2020-02-02,47,6,15.0,nan,22,47,nan,44
15,松山,2020-02-02,42,4,5.0,nan,18,30,42.0,37
14,古亭,2020-02-02,34,4,6.0,nan,14,31,34.0,26
13,萬華,2020-02-02,38,4,6.0,nan,16,35,38.0,27
12,中山,2020-02-02,38,4,7.0,nan,16,37,38.0,32
11,士林,2020-02-02,49,7,3.0,nan,12,21,49.0,22
10,淡水,2020-02-02,44,3,5.0,nan,16,30,44.0,31
9,林口,2020-02-02,44,3,5.0,nan,18,25,44.0,33
8,菜寮,2020-02-02,41,6,7.0,nan,17,41,38.0,36
7,新莊,2020-02-02,46,4,8.0,nan,23,37,46.0,40
2,汐止,2020-02-02,43,7,6.0,nan,19,27,43.0,37
6,板橋,2020-02-02,43,6,7.0,nan,16,33,43.0,34
3,萬里,2020-02-02,47,4,2.0,nan,15,8,47.0,25
5,土城,2020-02-02,51,4,6.0,nan,19,34,51.0,36
7,新莊,2020-02-03,43,4,7.0,nan,22,31,35.0,43
15,松山,2020-02-03,35,7,6.0,nan,13,29,35.0,28
6,板橋,2020-02-03,38,6,8.0,nan,19,35,25.0,38
12,中山,2020-02-03,36,4,8.0,nan,12,36,31.0,31
18,大園,2020-02-03,56,9,7.0,nan,25,35,42.0,56
5,土城,2020-02-03,34,3,7.0,nan,19,28,30.0,34
19,觀音,2020-02-03,42,13,3.0,nan,25,25,42.0,40
4,新店,2020-02-03,32,4,6.0,nan,10,25,32.0,26
14,古亭,2020-02-03,34,4,6.0,nan,11,34,22.0,24
3,萬里,2020-02-03,48,3,2.0,nan,26,8,48.0,32
20,平鎮,2020-02-03,52,7,7.0,nan,26,41,32.0,52
2,汐止,2020-02-03,38,9,6.0,nan,14,29,38.0,28
11,士林,2020-02-03,38,6,6.0,nan,14,30,38.0,29
1,基隆,2020-02-03,44,4,6.0,nan,18,21,44.0,32
21,龍潭,2020-02-03,52,4,6.0,nan,22,24,34.0,52
16,大同,2020-02-03,47,9,20.0,nan,19,47,nan,43
22,湖口,2020-02-03,49,6,5.0,nan,20,29,42.0,49
10,淡水,2020-02-03,41,6,7.0,nan,16,25,41.0,33
13,萬華,2020-02-03,40,11,8.0,nan,14,40,30.0,33
23,竹東,2020-02-03,44,6,5.0,nan,21,20,36.0,44
9,林口,2020-02-03,40,3,5.0,nan,20,26,40.0,37
24,新竹,2020-02-03,48,7,5.0,nan,24,28,38.0,48
17,桃園,2020-02-03,51,9,8.0,nan,22,31,28.0,51
25,頭份,2020-02-03,47,4,nan,nan,23,24,nan,47
8,菜寮,2020-02-03,37,4,8.0,nan,18,36,26.0,37
26,苗栗,2020-02-03,44,7,5.0,nan,25,19,27.0,44
27,三義,2020-02-03,46,6,3.0,nan,21,10,37.0,46
28,豐原,2020-02-03,49,3,5.0,nan,23,12,44.0,49
29,沙鹿,2020-02-03,43,6,3.0,nan,24,25,43.0,43
30,大里,2020-02-03,60,6,8.0,nan,34,37,39.0,60
31,忠明,2020-02-03,59,6,5.0,nan,28,26,39.0,59
32,西屯,2020-02-03,51,4,3.0,nan,29,28,44.0,51
33,彰化,2020-02-03,48,4,6.0,nan,28,27,35.0,48
34,線西,2020-02-03,41,9,nan,nan,32,17,nan,41
35,二林,2020-02-03,47,9,3.0,nan,37,15,35.0,47
36,南投,2020-02-03,64,3,6.0,nan,34,25,43.0,64
37,斗六,2020-02-03,66,3,3.0,nan,43,17,50.0,66
38,崙背,2020-02-03,53,7,3.0,nan,38,15,45.0,53
39,新港,2020-02-03,57,4,5.0,nan,43,18,46.0,57
40,朴子,2020-02-03,51,6,5.0,nan,38,16,47.0,51
41,臺西,2020-02-03,43,6,nan,nan,28,11,nan,43
42,嘉義,2020-02-03,68,9,5.0,nan,42,21,44.0,68
43,新營,2020-02-03,63,4,5.0,nan,41,23,49.0,63
44,善化,2020-02-03,79,6,5.0,nan,44,22,58.0,79
45,安南,2020-02-03,74,6,6.0,nan,45,25,58.0,74
46,臺南,2020-02-03,79,6,8.0,nan,50,36,51.0,79
47,美濃,2020-02-03,87,4,5.0,nan,35,14,87.0,66
48,橋頭,2020-02-03,71,7,6.0,nan,44,29,54.0,71
49,仁武,2020-02-03,77,7,7.0,nan,45,36,61.0,77
50,鳳山,2020-02-03,65,6,7.0,nan,45,25,nan,65
51,大寮,2020-02-03,82,75,7.0,nan,50,36,51.0,82
52,林園,2020-02-03,80,11,5.0,nan,52,28,80.0,80
53,楠梓,2020-02-03,72,7,7.0,nan,45,42,71.0,72
54,左營,2020-02-03,76,7,8.0,nan,47,38,67.0,76
56,前金,2020-02-03,77,7,9.0,nan,47,37,67.0,77
57,前鎮,2020-02-03,74,11,nan,nan,48,35,nan,74
58,小港,2020-02-03,72,13,6.0,nan,45,34,51.0,72
59,屏東,2020-02-03,100,7,6.0,nan,49,20,100.0,70
60,潮州,2020-02-03,101,6,5.0,nan,44,16,101.0,76
61,恆春,2020-02-03,44,1,1.0,nan,11,2,44.0,20
62,臺東,2020-02-03,35,3,5.0,nan,13,16,35.0,23
63,花蓮,2020-02-03,38,3,5.0,nan,14,28,38.0,25
64,陽明,2020-02-03,40,4,2.0,nan,5,2,40.0,14
65,宜蘭,2020-02-03,40,3,2.0,nan,12,10,40.0,22
66,冬山,2020-02-03,31,4,3.0,nan,18,25,31.0,29
67,三重,2020-02-03,52,6,20.0,nan,23,43,nan,52
68,中壢,2020-02-03,49,7,10.0,nan,25,43,nan,49
69,竹山,2020-02-03,65,6,5.0,nan,39,22,61.0,65
70,永和,2020-02-03,38,4,15.0,nan,15,38,nan,33
71,復興,2020-02-03,78,10,10.0,nan,46,43,nan,78
72,埔里,2020-02-03,71,4,5.0,nan,25,17,71.0,60
75,馬祖,2020-02-03,51,3,2.0,nan,19,5,44.0,51
77,金門,2020-02-03,126,6,6.0,nan,52,10,37.0,126
78,馬公,2020-02-03,47,4,2.0,nan,26,3,47.0,34
80,關山,2020-02-03,28,3,nan,nan,9,7,28.0,27
83,麥寮,2020-02-03,45,10,nan,nan,40,15,nan,45
84,富貴角,2020-02-03,44,1,2.0,nan,25,10,44.0,31
43,新營,2020-02-04,62,4,5.0,nan,34,22,38.0,62
52,林園,2020-02-04,81,19,6.0,nan,54,34,71.0,81
53,楠梓,2020-02-04,80,6,5.0,nan,46,24,45.0,80
54,左營,2020-02-04,78,4,6.0,nan,45,22,44.0,78
56,前金,2020-02-04,84,6,7.0,nan,48,33,48.0,84
57,前鎮,2020-02-04,84,7,nan,nan,50,42,nan,84
58,小港,2020-02-04,81,7,7.0,nan,47,35,49.0,81
59,屏東,2020-02-04,74,4,6.0,nan,45,20,74.0,73
60,潮州,2020-02-04,97,6,5.0,nan,51,19,97.0,84
61,恆春,2020-02-04,46,3,1.0,nan,13,2,46.0,25
62,臺東,2020-02-04,37,1,3.0,nan,12,10,37.0,19
63,花蓮,2020-02-04,38,1,5.0,nan,10,15,38.0,19
64,陽明,2020-02-04,44,3,2.0,nan,5,3,44.0,8
65,宜蘭,2020-02-04,33,4,5.0,nan,10,18,33.0,14
66,冬山,2020-02-04,33,3,3.0,nan,5,16,33.0,17
67,三重,2020-02-04,52,7,19.0,nan,21,52,nan,47
68,中壢,2020-02-04,42,4,9.0,nan,17,42,nan,37
69,竹山,2020-02-04,69,3,6.0,nan,35,24,22.0,69
70,永和,2020-02-04,39,4,15.0,nan,14,39,nan,34
71,復興,2020-02-04,86,9,10.0,nan,46,42,nan,86
72,埔里,2020-02-04,62,4,6.0,nan,24,24,29.0,62
75,馬祖,2020-02-04,47,3,3.0,nan,14,4,47.0,46
77,金門,2020-02-04,47,3,5.0,nan,18,8,34.0,47
78,馬公,2020-02-04,49,1,3.0,nan,22,3,49.0,30
80,關山,2020-02-04,29,3,nan,nan,5,10,29.0,24
83,麥寮,2020-02-04,45,6,nan,nan,28,13,nan,45
84,富貴角,2020-02-04,47,1,2.0,nan,32,3,47.0,31
1,基隆,2020-02-04,48,4,5.0,nan,15,21,48.0,25
2,汐止,2020-02-04,43,4,7.0,nan,12,40,43.0,26
3,萬里,2020-02-04,51,1,3.0,nan,35,8,51.0,31
4,新店,2020-02-04,34,3,7.0,nan,9,34,31.0,19
5,土城,2020-02-04,41,4,8.0,nan,14,41,33.0,28
6,板橋,2020-02-04,41,4,8.0,nan,15,41,25.0,32
7,新莊,2020-02-04,42,3,8.0,nan,17,42,31.0,34
8,菜寮,2020-02-04,43,4,8.0,nan,14,43,27.0,31
9,林口,2020-02-04,42,3,3.0,nan,11,14,42.0,25
10,淡水,2020-02-04,41,4,6.0,nan,10,21,41.0,22
11,士林,2020-02-04,35,3,8.0,nan,13,35,32.0,34
12,中山,2020-02-04,45,4,11.0,nan,14,45,22.0,34
13,萬華,2020-02-04,44,4,9.0,nan,17,44,19.0,33
14,古亭,2020-02-04,37,4,8.0,nan,12,37,19.0,26
15,松山,2020-02-04,41,4,8.0,nan,17,41,31.0,37
16,大同,2020-02-04,53,7,26.0,nan,22,53,nan,44
17,桃園,2020-02-04,37,6,7.0,nan,12,37,30.0,29
18,大園,2020-02-04,45,7,3.0,nan,17,23,45.0,35
19,觀音,2020-02-04,44,13,3.0,nan,19,11,44.0,32
20,平鎮,2020-02-04,36,4,6.0,nan,18,33,33.0,36
21,龍潭,2020-02-04,38,6,7.0,nan,17,27,31.0,38
22,湖口,2020-02-04,43,3,3.0,nan,13,12,43.0,36
23,竹東,2020-02-04,35,3,5.0,nan,15,23,35.0,34
24,新竹,2020-02-04,42,4,5.0,nan,18,17,42.0,34
25,頭份,2020-02-04,42,3,nan,nan,19,23,nan,42
26,苗栗,2020-02-04,40,4,6.0,nan,19,20,25.0,40
27,三義,2020-02-04,35,3,3.0,nan,12,14,29.0,35
28,豐原,2020-02-04,42,3,5.0,nan,15,17,27.0,42
29,沙鹿,2020-02-04,42,3,5.0,nan,19,17,37.0,42
30,大里,2020-02-04,54,6,7.0,nan,26,35,19.0,54
31,忠明,2020-02-04,55,3,6.0,nan,20,27,24.0,55
32,西屯,2020-02-04,47,3,5.0,nan,20,20,31.0,47
33,彰化,2020-02-04,46,6,6.0,nan,21,27,25.0,46
34,線西,2020-02-04,39,7,nan,nan,23,17,nan,39
35,二林,2020-02-04,44,6,5.0,nan,25,14,31.0,44
36,南投,2020-02-04,65,6,7.0,nan,33,30,15.0,65
37,斗六,2020-02-04,68,4,5.0,nan,38,17,29.0,68
38,崙背,2020-02-04,49,4,3.0,nan,26,14,38.0,49
39,新港,2020-02-04,54,6,5.0,nan,33,15,37.0,54
40,朴子,2020-02-04,54,6,5.0,nan,32,10,40.0,54
41,臺西,2020-02-04,44,6,nan,nan,22,10,nan,44
42,嘉義,2020-02-04,70,7,6.0,nan,36,24,29.0,70
51,大寮,2020-02-04,87,30,5.0,nan,50,31,61.0,87
44,善化,2020-02-04,73,6,5.0,nan,39,17,40.0,73
45,安南,2020-02-04,73,4,5.0,nan,36,23,44.0,73
46,臺南,2020-02-04,79,6,6.0,nan,44,29,39.0,79
47,美濃,2020-02-04,71,3,5.0,nan,32,11,50.0,71
48,橋頭,2020-02-04,80,6,6.0,nan,46,27,45.0,80
49,仁武,2020-02-04,83,9,6.0,nan,48,32,50.0,83
50,鳳山,2020-02-04,76,6,7.0,nan,46,32,nan,76
2,汐止,2020-02-05,41,3,6.0,nan,17,30,41.0,31
56,前金,2020-02-05,84,3,6.0,nan,55,23,67.0,84
68,中壢,2020-02-05,36,4,10.0,nan,19,36,nan,35
57,前鎮,2020-02-05,80,6,nan,nan,55,27,nan,80
75,馬祖,2020-02-05,74,3,3.0,nan,31,3,74.0,66
64,陽明,2020-02-05,43,3,2.0,nan,5,1,43.0,11
58,小港,2020-02-05,81,6,7.0,nan,55,28,54.0,81
72,埔里,2020-02-05,54,4,5.0,nan,20,25,54.0,54
59,屏東,2020-02-05,80,6,6.0,nan,52,23,74.0,80
71,復興,2020-02-05,86,4,8.0,nan,51,30,nan,86
66,冬山,2020-02-05,38,4,3.0,nan,14,12,38.0,27
60,潮州,2020-02-05,101,10,6.0,nan,59,22,100.0,101
70,永和,2020-02-05,33,1,8.0,nan,17,27,nan,33
65,宜蘭,2020-02-05,39,3,5.0,nan,12,13,39.0,23
61,恆春,2020-02-05,46,3,2.0,nan,5,2,46.0,23
51,大寮,2020-02-05,92,7,6.0,nan,54,31,58.0,92
84,富貴角,2020-02-05,49,1,2.0,nan,38,3,49.0,43
62,臺東,2020-02-05,42,1,5.0,nan,12,7,42.0,13
50,鳳山,2020-02-05,76,9,8.0,nan,54,32,nan,76
83,麥寮,2020-02-05,44,6,nan,nan,44,10,nan,42
49,仁武,2020-02-05,80,7,6.0,nan,52,25,61.0,80
69,竹山,2020-02-05,57,6,5.0,nan,30,17,49.0,57
48,橋頭,2020-02-05,76,4,6.0,nan,50,21,61.0,76
52,林園,2020-02-05,85,10,7.0,nan,63,36,58.0,85
47,美濃,2020-02-05,71,3,5.0,nan,41,12,67.0,71
80,關山,2020-02-05,34,3,nan,nan,5,5,34.0,17
46,臺南,2020-02-05,62,4,5.0,nan,44,17,54.0,62
53,楠梓,2020-02-05,77,4,5.0,nan,51,19,61.0,77
63,花蓮,2020-02-05,44,3,5.0,nan,11,17,44.0,16
45,安南,2020-02-05,60,6,5.0,nan,39,15,39.0,60
78,馬公,2020-02-05,47,1,3.0,nan,27,2,47.0,38
44,善化,2020-02-05,67,7,5.0,nan,43,21,67.0,62
54,左營,2020-02-05,74,6,6.0,nan,54,22,71.0,74
43,新營,2020-02-05,54,4,5.0,nan,39,17,48.0,54
42,嘉義,2020-02-05,56,10,6.0,nan,35,20,43.0,56
67,三重,2020-02-05,47,6,18.0,nan,23,44,nan,47
41,臺西,2020-02-05,43,6,nan,nan,36,10,nan,43
77,金門,2020-02-05,49,3,5.0,nan,22,5,49.0,48
1,基隆,2020-02-05,48,1,3.0,nan,22,7,48.0,35
40,朴子,2020-02-05,48,6,5.0,nan,42,14,48.0,41
39,新港,2020-02-05,49,6,5.0,nan,43,14,47.0,49
38,崙背,2020-02-05,44,7,3.0,nan,41,15,44.0,42
37,斗六,2020-02-05,51,1,5.0,nan,32,18,46.0,51
36,南投,2020-02-05,47,3,6.0,nan,21,19,47.0,39
35,二林,2020-02-05,36,7,5.0,nan,31,14,36.0,33
34,線西,2020-02-05,35,6,nan,nan,27,13,nan,35
33,彰化,2020-02-05,36,3,5.0,nan,18,14,36.0,27
32,西屯,2020-02-05,44,1,3.0,nan,12,10,44.0,27
31,忠明,2020-02-05,38,4,3.0,nan,14,16,38.0,34
30,大里,2020-02-05,37,3,5.0,nan,13,18,37.0,23
29,沙鹿,2020-02-05,43,3,3.0,nan,16,10,43.0,31
28,豐原,2020-02-05,37,3,3.0,nan,5,9,37.0,24
27,三義,2020-02-05,37,1,3.0,nan,5,9,37.0,20
26,苗栗,2020-02-05,31,3,3.0,nan,15,11,31.0,31
25,頭份,2020-02-05,33,3,nan,nan,18,14,nan,33
24,新竹,2020-02-05,40,6,3.0,nan,19,13,40.0,39
23,竹東,2020-02-05,45,1,3.0,nan,12,9,45.0,23
22,湖口,2020-02-05,43,3,2.0,nan,16,8,43.0,32
21,龍潭,2020-02-05,42,3,5.0,nan,13,8,42.0,29
20,平鎮,2020-02-05,36,3,7.0,nan,19,25,35.0,36
19,觀音,2020-02-05,44,9,3.0,nan,24,8,44.0,40
18,大園,2020-02-05,44,6,3.0,nan,22,25,44.0,39
17,桃園,2020-02-05,32,3,7.0,nan,17,22,32.0,32
16,大同,2020-02-05,45,6,12.0,nan,20,45,nan,43
15,松山,2020-02-05,37,1,5.0,nan,19,32,37.0,37
14,古亭,2020-02-05,32,1,5.0,nan,16,22,27.0,32
13,萬華,2020-02-05,33,1,6.0,nan,17,33,31.0,31
12,中山,2020-02-05,36,1,8.0,nan,17,36,28.0,33
11,士林,2020-02-05,45,3,5.0,nan,14,19,45.0,28
10,淡水,2020-02-05,44,1,3.0,nan,16,4,44.0,29
9,林口,2020-02-05,44,3,3.0,nan,17,13,44.0,33
8,菜寮,2020-02-05,32,3,7.0,nan,15,32,30.0,30
7,新莊,2020-02-05,36,3,6.0,nan,19,35,36.0,33
6,板橋,2020-02-05,32,3,6.0,nan,17,30,31.0,32
5,土城,2020-02-05,36,1,6.0,nan,16,17,36.0,27
4,新店,2020-02-05,34,4,5.0,nan,15,19,34.0,27
3,萬里,2020-02-05,52,1,2.0,nan,52,3,51.0,44
1,基隆,2020-02-06,46,4,9.0,nan,22,28,46.0,43
84,富貴角,2020-02-06,58,4,2.0,nan,52,4,45.0,58
83,麥寮,2020-02-06,57,10,nan,nan,43,20,nan,57
80,關山,2020-02-06,34,3,nan,nan,5,8,34.0,11
78,馬公,2020-02-06,53,1,3.0,nan,37,2,48.0,53
77,金門,2020-02-06,57,3,3.0,nan,28,8,44.0,57
75,馬祖,2020-02-06,52,1,3.0,nan,21,3,50.0,52
72,埔里,2020-02-06,77,6,5.0,nan,29,14,77.0,63
71,復興,2020-02-06,77,10,11.0,nan,45,55,nan,77
70,永和,2020-02-06,33,4,11.0,nan,14,33,nan,29
69,竹山,2020-02-06,66,6,5.0,nan,44,20,61.0,66
68,中壢,2020-02-06,47,7,22.0,nan,21,47,nan,39
67,三重,2020-02-06,44,4,17.0,nan,23,40,nan,44
66,冬山,2020-02-06,31,7,5.0,nan,15,29,31.0,29
65,宜蘭,2020-02-06,39,3,3.0,nan,13,16,39.0,29
64,陽明,2020-02-06,43,1,2.0,nan,5,4,43.0,10
63,花蓮,2020-02-06,41,1,5.0,nan,12,16,41.0,18
62,臺東,2020-02-06,42,1,7.0,nan,12,19,42.0,15
61,恆春,2020-02-06,46,1,2.0,nan,9,3,46.0,19
60,潮州,2020-02-06,115,9,6.0,nan,60,21,115.0,88
59,屏東,2020-02-06,100,11,7.0,nan,55,24,100.0,74
58,小港,2020-02-06,71,13,7.0,nan,46,48,54.0,71
57,前鎮,2020-02-06,70,11,nan,nan,47,49,nan,70
56,前金,2020-02-06,74,9,6.0,nan,44,34,71.0,74
54,左營,2020-02-06,73,6,6.0,nan,46,37,64.0,73
53,楠梓,2020-02-06,71,10,7.0,nan,45,46,64.0,71
52,林園,2020-02-06,77,16,5.0,nan,56,31,61.0,77
51,大寮,2020-02-06,79,23,7.0,nan,52,33,46.0,79
50,鳳山,2020-02-06,66,10,7.0,nan,45,29,nan,66
49,仁武,2020-02-06,75,9,7.0,nan,46,47,61.0,75
48,橋頭,2020-02-06,73,6,6.0,nan,44,28,64.0,73
47,美濃,2020-02-06,93,3,5.0,nan,42,10,93.0,68
46,臺南,2020-02-06,73,7,7.0,nan,43,31,58.0,73
45,安南,2020-02-06,74,6,6.0,nan,42,33,74.0,69
44,善化,2020-02-06,68,7,5.0,nan,43,21,67.0,68
43,新營,2020-02-06,62,6,6.0,nan,38,21,61.0,62
42,嘉義,2020-02-06,66,6,6.0,nan,41,21,48.0,66
41,臺西,2020-02-06,56,13,nan,nan,34,16,nan,56
40,朴子,2020-02-06,52,6,5.0,nan,36,15,48.0,52
39,新港,2020-02-06,54,6,5.0,nan,39,18,54.0,54
38,崙背,2020-02-06,53,4,5.0,nan,36,16,49.0,53
37,斗六,2020-02-06,67,4,5.0,nan,43,40,67.0,67
36,南投,2020-02-06,71,6,6.0,nan,33,20,71.0,60
35,二林,2020-02-06,52,9,5.0,nan,35,18,39.0,52
34,線西,2020-02-06,47,10,nan,nan,32,21,nan,47
33,彰化,2020-02-06,46,6,6.0,nan,29,18,45.0,46
32,西屯,2020-02-06,80,6,6.0,nan,26,25,80.0,48
31,忠明,2020-02-06,55,6,7.0,nan,26,24,47.0,55
30,大里,2020-02-06,58,7,7.0,nan,33,25,58.0,56
29,沙鹿,2020-02-06,45,16,7.0,nan,28,29,44.0,45
28,豐原,2020-02-06,52,7,7.0,nan,25,26,47.0,52
27,三義,2020-02-06,46,6,3.0,nan,14,10,46.0,29
26,苗栗,2020-02-06,36,4,6.0,nan,22,13,34.0,36
25,頭份,2020-02-06,37,1,nan,nan,23,19,nan,37
24,新竹,2020-02-06,50,4,5.0,nan,22,14,50.0,38
23,竹東,2020-02-06,67,6,5.0,nan,20,11,67.0,32
22,湖口,2020-02-06,51,4,3.0,nan,19,14,51.0,39
21,龍潭,2020-02-06,50,4,5.0,nan,18,14,50.0,37
20,平鎮,2020-02-06,41,3,6.0,nan,20,25,41.0,36
19,觀音,2020-02-06,46,9,3.0,nan,25,17,46.0,34
18,大園,2020-02-06,40,9,3.0,nan,19,25,40.0,38
17,桃園,2020-02-06,36,6,7.0,nan,17,36,32.0,34
16,大同,2020-02-06,49,4,18.0,nan,24,43,nan,49
15,松山,2020-02-06,44,6,8.0,nan,21,35,36.0,44
14,古亭,2020-02-06,34,4,7.0,nan,14,34,32.0,30
13,萬華,2020-02-06,39,4,8.0,nan,19,39,38.0,32
12,中山,2020-02-06,39,4,9.0,nan,17,39,35.0,37
11,士林,2020-02-06,48,3,5.0,nan,15,30,48.0,31
10,淡水,2020-02-06,43,3,3.0,nan,13,12,43.0,25
9,林口,2020-02-06,40,3,5.0,nan,16,26,40.0,37
8,菜寮,2020-02-06,37,3,7.0,nan,19,37,32.0,36
7,新莊,2020-02-06,40,3,7.0,nan,23,37,38.0,40
6,板橋,2020-02-06,41,6,9.0,nan,16,41,36.0,34
5,土城,2020-02-06,41,6,7.0,nan,16,30,41.0,30
4,新店,2020-02-06,41,3,6.0,nan,11,25,41.0,27
3,萬里,2020-02-06,50,7,3.0,nan,31,16,50.0,43
2,汐止,2020-02-06,39,4,8.0,nan,19,32,38.0,39
2,汐止,2020-02-07,33,3,7.0,nan,14,33,32.0,22
1,基隆,2020-02-07,41,4,5.0,nan,16,25,41.0,16
84,富貴角,2020-02-07,52,1,2.0,nan,52,3,44.0,37
83,麥寮,2020-02-07,37,4,nan,nan,37,11,nan,31
80,關山,2020-02-07,30,3,nan,nan,9,7,30.0,20
78,馬公,2020-02-07,45,3,2.0,nan,16,2,45.0,16
77,金門,2020-02-07,40,3,3.0,nan,13,5,40.0,26
75,馬祖,2020-02-07,46,3,2.0,nan,5,3,46.0,18
72,埔里,2020-02-07,64,6,5.0,nan,31,24,46.0,64
71,復興,2020-02-07,79,6,8.0,nan,52,26,nan,79
70,永和,2020-02-07,36,3,14.0,nan,17,36,nan,24
69,竹山,2020-02-07,48,4,5.0,nan,29,19,43.0,48
68,中壢,2020-02-07,34,4,7.0,nan,13,34,nan,20
67,三重,2020-02-07,45,4,19.0,nan,19,45,nan,36
66,冬山,2020-02-07,37,6,3.0,nan,15,12,37.0,22
65,宜蘭,2020-02-07,40,3,3.0,nan,5,7,40.0,12
64,陽明,2020-02-07,41,1,2.0,nan,5,2,41.0,3
63,花蓮,2020-02-07,42,3,3.0,nan,15,8,42.0,17
62,臺東,2020-02-07,41,3,5.0,nan,13,8,41.0,21
61,恆春,2020-02-07,58,3,2.0,nan,19,7,58.0,36
60,潮州,2020-02-07,73,3,5.0,nan,53,17,50.0,73
59,屏東,2020-02-07,66,4,5.0,nan,49,18,45.0,66
58,小港,2020-02-07,73,6,6.0,nan,56,29,41.0,73
57,前鎮,2020-02-07,71,4,nan,nan,54,23,nan,71
56,前金,2020-02-07,74,3,5.0,nan,52,19,43.0,74
54,左營,2020-02-07,69,4,5.0,nan,49,19,42.0,69
53,楠梓,2020-02-07,68,4,3.0,nan,48,15,44.0,68
52,林園,2020-02-07,79,10,5.0,nan,60,33,40.0,79
51,大寮,2020-02-07,75,7,5.0,nan,52,26,42.0,75
50,鳳山,2020-02-07,67,6,6.0,nan,52,28,nan,67
49,仁武,2020-02-07,73,7,5.0,nan,48,19,43.0,73
48,橋頭,2020-02-07,67,4,3.0,nan,52,18,44.0,67
47,美濃,2020-02-07,60,3,3.0,nan,36,9,43.0,60
46,臺南,2020-02-07,57,4,5.0,nan,44,16,42.0,57
45,安南,2020-02-07,54,4,3.0,nan,42,14,44.0,54
44,善化,2020-02-07,53,4,3.0,nan,40,15,44.0,53
43,新營,2020-02-07,42,4,3.0,nan,36,12,42.0,42
42,嘉義,2020-02-07,47,6,5.0,nan,32,19,36.0,47
41,臺西,2020-02-07,25,3,nan,nan,24,7,nan,25
40,朴子,2020-02-07,40,6,3.0,nan,38,13,40.0,36
39,新港,2020-02-07,41,4,3.0,nan,37,10,41.0,37
38,崙背,2020-02-07,40,7,3.0,nan,40,12,38.0,36
37,斗六,2020-02-07,44,3,3.0,nan,31,17,44.0,43
36,南投,2020-02-07,36,4,5.0,nan,21,21,36.0,36
35,二林,2020-02-07,31,9,3.0,nan,26,14,30.0,31
34,線西,2020-02-07,21,7,nan,nan,20,15,nan,21
33,彰化,2020-02-07,31,6,5.0,nan,15,16,31.0,19
32,西屯,2020-02-07,37,3,3.0,nan,11,11,37.0,24
31,忠明,2020-02-07,31,4,3.0,nan,13,19,31.0,31
30,大里,2020-02-07,31,4,5.0,nan,14,17,31.0,25
29,沙鹿,2020-02-07,36,3,2.0,nan,11,11,36.0,19
28,豐原,2020-02-07,33,3,3.0,nan,5,8,33.0,22
27,三義,2020-02-07,31,1,3.0,nan,5,10,31.0,12
26,苗栗,2020-02-07,24,9,5.0,nan,14,14,24.0,23
25,頭份,2020-02-07,21,3,nan,nan,15,15,nan,21
24,新竹,2020-02-07,37,4,3.0,nan,14,17,37.0,17
23,竹東,2020-02-07,37,3,2.0,nan,11,17,37.0,19
22,湖口,2020-02-07,42,3,2.0,nan,11,9,42.0,19
21,龍潭,2020-02-07,33,4,5.0,nan,5,22,33.0,19
20,平鎮,2020-02-07,31,6,5.0,nan,13,31,31.0,18
19,觀音,2020-02-07,44,3,2.0,nan,18,5,44.0,14
18,大園,2020-02-07,44,6,2.0,nan,16,15,44.0,23
17,桃園,2020-02-07,30,6,5.0,nan,10,19,30.0,17
16,大同,2020-02-07,44,7,31.0,nan,19,44,nan,32
15,松山,2020-02-07,38,3,7.0,nan,14,38,28.0,28
14,古亭,2020-02-07,36,3,7.0,nan,13,36,24.0,21
13,萬華,2020-02-07,40,3,10.0,nan,14,40,31.0,21
12,中山,2020-02-07,42,3,9.0,nan,13,42,27.0,23
11,士林,2020-02-07,39,3,7.0,nan,12,39,33.0,20
10,淡水,2020-02-07,40,6,3.0,nan,12,9,40.0,12
9,林口,2020-02-07,40,1,2.0,nan,5,8,40.0,13
8,菜寮,2020-02-07,40,3,8.0,nan,13,40,31.0,19
7,新莊,2020-02-07,39,3,5.0,nan,15,26,39.0,19
6,板橋,2020-02-07,36,3,7.0,nan,12,36,34.0,21
5,土城,2020-02-07,34,4,7.0,nan,13,32,34.0,18
4,新店,2020-02-07,29,3,6.0,nan,10,27,29.0,16
3,萬里,2020-02-07,46,1,2.0,nan,25,5,46.0,16
1,基隆,2020-02-08,45,3,3.0,nan,25,7,45.0,33
83,麥寮,2020-02-08,60,7,nan,nan,60,10,nan,48
80,關山,2020-02-08,30,3,nan,nan,5,7,30.0,20
78,馬公,2020-02-08,46,3,3.0,nan,24,1,46.0,35
77,金門,2020-02-08,38,3,3.0,nan,16,3,38.0,29
75,馬祖,2020-02-08,45,3,2.0,nan,18,3,45.0,42
72,埔里,2020-02-08,59,4,5.0,nan,25,17,50.0,59
71,復興,2020-02-08,80,7,7.0,nan,51,31,nan,80
70,永和,2020-02-08,35,3,9.0,nan,20,23,nan,35
69,竹山,2020-02-08,59,3,3.0,nan,31,15,45.0,59
68,中壢,2020-02-08,39,3,8.0,nan,24,29,nan,39
67,三重,2020-02-08,59,4,17.0,nan,29,38,nan,59
66,冬山,2020-02-08,36,3,3.0,nan,17,10,36.0,31
65,宜蘭,2020-02-08,36,3,5.0,nan,17,6,36.0,28
64,陽明,2020-02-08,40,3,3.0,nan,5,2,40.0,16
63,花蓮,2020-02-08,38,1,5.0,nan,16,8,38.0,24
62,臺東,2020-02-08,36,4,6.0,nan,10,8,36.0,16
61,恆春,2020-02-08,44,1,2.0,nan,5,2,44.0,18
60,潮州,2020-02-08,100,6,6.0,nan,59,15,100.0,88
59,屏東,2020-02-08,97,6,5.0,nan,54,16,97.0,75
58,小港,2020-02-08,75,6,7.0,nan,55,27,54.0,75
57,前鎮,2020-02-08,76,13,nan,nan,54,24,nan,76
56,前金,2020-02-08,84,6,6.0,nan,57,18,54.0,84
54,左營,2020-02-08,73,6,6.0,nan,54,18,58.0,73
53,楠梓,2020-02-08,71,4,6.0,nan,52,15,54.0,71
52,林園,2020-02-08,87,11,6.0,nan,62,28,64.0,87
51,大寮,2020-02-08,83,11,6.0,nan,54,27,51.0,83
50,鳳山,2020-02-08,70,9,6.0,nan,53,21,nan,70
49,仁武,2020-02-08,76,20,6.0,nan,52,24,61.0,76
48,橋頭,2020-02-08,72,4,6.0,nan,54,16,54.0,72
47,美濃,2020-02-08,67,4,5.0,nan,44,8,61.0,67
46,臺南,2020-02-08,64,4,6.0,nan,52,13,46.0,64
45,安南,2020-02-08,62,4,5.0,nan,52,14,49.0,62
44,善化,2020-02-08,60,6,5.0,nan,48,16,48.0,60
43,新營,2020-02-08,53,4,5.0,nan,50,13,46.0,53
42,嘉義,2020-02-08,58,6,5.0,nan,38,15,42.0,58
41,臺西,2020-02-08,47,3,nan,nan,45,7,nan,47
40,朴子,2020-02-08,52,6,3.0,nan,52,11,44.0,43
39,新港,2020-02-08,75,24,5.0,nan,62,10,44.0,75
38,崙背,2020-02-08,65,4,5.0,nan,65,12,41.0,47
37,斗六,2020-02-08,55,3,3.0,nan,40,21,46.0,55
36,南投,2020-02-08,48,3,5.0,nan,28,18,40.0,48
35,二林,2020-02-08,41,7,5.0,nan,41,8,35.0,38
34,線西,2020-02-08,38,7,nan,nan,33,9,nan,38
33,彰化,2020-02-08,35,6,6.0,nan,23,13,35.0,35
32,西屯,2020-02-08,40,3,3.0,nan,21,10,40.0,39
31,忠明,2020-02-08,40,3,5.0,nan,21,15,35.0,40
30,大里,2020-02-08,34,3,5.0,nan,22,16,34.0,34
29,沙鹿,2020-02-08,41,3,3.0,nan,23,10,41.0,41
28,豐原,2020-02-08,37,3,3.0,nan,16,7,37.0,34
27,三義,2020-02-08,34,3,3.0,nan,17,13,34.0,30
26,苗栗,2020-02-08,36,3,5.0,nan,21,12,29.0,36
25,頭份,2020-02-08,38,1,nan,nan,24,16,nan,38
24,新竹,2020-02-08,40,6,5.0,nan,24,10,40.0,37
23,竹東,2020-02-08,40,4,3.0,nan,19,9,40.0,33
22,湖口,2020-02-08,42,3,3.0,nan,19,6,42.0,39
21,龍潭,2020-02-08,42,9,5.0,nan,21,16,37.0,42
20,平鎮,2020-02-08,38,3,6.0,nan,24,18,34.0,38
19,觀音,2020-02-08,44,7,3.0,nan,25,7,44.0,36
18,大園,2020-02-08,44,6,3.0,nan,22,13,44.0,41
17,桃園,2020-02-08,41,9,6.0,nan,22,16,31.0,41
16,大同,2020-02-08,44,3,9.0,nan,23,29,nan,44
15,松山,2020-02-08,37,4,5.0,nan,22,16,37.0,37
14,古亭,2020-02-08,31,3,5.0,nan,19,18,29.0,31
13,萬華,2020-02-08,33,1,6.0,nan,19,24,33.0,33
12,中山,2020-02-08,37,1,7.0,nan,19,27,34.0,37
11,士林,2020-02-08,44,4,3.0,nan,18,19,44.0,31
10,淡水,2020-02-08,41,4,3.0,nan,19,5,41.0,32
9,林口,2020-02-08,39,3,3.0,nan,21,8,39.0,38
8,菜寮,2020-02-08,42,3,6.0,nan,21,16,31.0,42
7,新莊,2020-02-08,43,3,5.0,nan,27,17,34.0,43
6,板橋,2020-02-08,35,3,7.0,nan,21,23,31.0,35
2,汐止,2020-02-08,42,4,5.0,nan,22,14,42.0,36
5,土城,2020-02-08,32,4,7.0,nan,23,29,31.0,32
3,萬里,2020-02-08,55,3,3.0,nan,55,2,48.0,44
4,新店,2020-02-08,33,3,6.0,nan,19,18,33.0,31
84,富貴角,2020-02-08,49,1,3.0,nan,49,2,45.0,49
49,仁武,2020-02-09,85,14,6.0,nan,49,26,58.0,85
2,汐止,2020-02-09,58,3,6.0,nan,29,25,43.0,58
3,萬里,2020-02-09,62,4,3.0,nan,62,3,54.0,62
4,新店,2020-02-09,52,3,5.0,nan,23,18,39.0,52
5,土城,2020-02-09,45,3,5.0,nan,23,12,40.0,45
6,板橋,2020-02-09,55,3,6.0,nan,26,25,39.0,55
7,新莊,2020-02-09,57,3,6.0,nan,29,21,41.0,57
8,菜寮,2020-02-09,51,3,6.0,nan,24,16,35.0,51
9,林口,2020-02-09,56,3,3.0,nan,23,12,40.0,56
10,淡水,2020-02-09,50,3,5.0,nan,21,11,43.0,50
11,士林,2020-02-09,48,1,3.0,nan,20,8,46.0,48
12,中山,2020-02-09,55,3,6.0,nan,24,24,38.0,55
13,萬華,2020-02-09,54,3,6.0,nan,26,27,40.0,54
14,古亭,2020-02-09,52,1,5.0,nan,23,15,33.0,52
15,松山,2020-02-09,59,1,5.0,nan,29,23,41.0,59
16,大同,2020-02-09,61,3,9.0,nan,29,38,nan,61
17,桃園,2020-02-09,54,6,6.0,nan,24,17,33.0,54
18,大園,2020-02-09,61,7,3.0,nan,29,14,43.0,61
19,觀音,2020-02-09,55,9,3.0,nan,31,13,42.0,55
20,平鎮,2020-02-09,56,3,6.0,nan,25,21,38.0,56
21,龍潭,2020-02-09,51,3,5.0,nan,22,11,41.0,51
22,湖口,2020-02-09,56,3,3.0,nan,22,9,44.0,56
23,竹東,2020-02-09,44,3,3.0,nan,21,5,44.0,43
24,新竹,2020-02-09,52,3,5.0,nan,25,15,42.0,52
25,頭份,2020-02-09,54,1,nan,nan,25,15,nan,54
26,苗栗,2020-02-09,49,4,5.0,nan,24,14,30.0,49
27,三義,2020-02-09,45,3,5.0,nan,18,7,36.0,45
28,豐原,2020-02-09,43,3,3.0,nan,17,10,38.0,43
29,沙鹿,2020-02-09,53,3,5.0,nan,22,9,42.0,53
30,大里,2020-02-09,44,4,6.0,nan,22,25,36.0,44
31,忠明,2020-02-09,53,4,5.0,nan,22,15,36.0,53
32,西屯,2020-02-09,51,3,3.0,nan,21,11,42.0,51
33,彰化,2020-02-09,48,3,5.0,nan,22,12,36.0,48
34,線西,2020-02-09,54,7,nan,nan,31,11,nan,54
35,二林,2020-02-09,54,7,5.0,nan,36,11,37.0,54
36,南投,2020-02-09,60,6,6.0,nan,29,23,41.0,60
37,斗六,2020-02-09,66,3,5.0,nan,35,17,46.0,66
38,崙背,2020-02-09,60,6,5.0,nan,40,13,43.0,60
39,新港,2020-02-09,59,4,5.0,nan,38,12,44.0,59
40,朴子,2020-02-09,60,7,5.0,nan,39,14,44.0,60
41,臺西,2020-02-09,59,4,nan,nan,44,8,nan,59
42,嘉義,2020-02-09,68,4,6.0,nan,34,17,42.0,68
43,新營,2020-02-09,65,4,5.0,nan,39,15,47.0,65
44,善化,2020-02-09,71,4,5.0,nan,39,17,48.0,71
45,安南,2020-02-09,75,6,5.0,nan,43,13,50.0,75
46,臺南,2020-02-09,75,4,6.0,nan,44,13,47.0,75
47,美濃,2020-02-09,77,4,5.0,nan,45,8,54.0,77
48,橋頭,2020-02-09,83,4,6.0,nan,50,17,51.0,83
1,基隆,2020-02-09,55,3,3.0,nan,28,6,47.0,55
50,鳳山,2020-02-09,81,9,7.0,nan,52,28,nan,81
51,大寮,2020-02-09,90,20,6.0,nan,52,20,64.0,90
52,林園,2020-02-09,92,19,6.0,nan,62,25,64.0,92
53,楠梓,2020-02-09,82,4,6.0,nan,48,16,54.0,82
54,左營,2020-02-09,85,4,6.0,nan,51,20,58.0,85
56,前金,2020-02-09,89,6,6.0,nan,52,19,54.0,89
57,前鎮,2020-02-09,83,6,nan,nan,53,22,nan,83
58,小港,2020-02-09,86,7,6.0,nan,54,26,67.0,86
59,屏東,2020-02-09,85,4,6.0,nan,56,17,67.0,85
60,潮州,2020-02-09,95,7,6.0,nan,62,15,90.0,95
61,恆春,2020-02-09,47,1,2.0,nan,5,2,47.0,16
62,臺東,2020-02-09,40,16,5.0,nan,10,6,40.0,24
63,花蓮,2020-02-09,36,3,5.0,nan,13,9,36.0,27
64,陽明,2020-02-09,43,1,3.0,nan,13,2,43.0,35
65,宜蘭,2020-02-09,40,6,3.0,nan,19,5,40.0,37
66,冬山,2020-02-09,46,7,3.0,nan,23,12,40.0,46
67,三重,2020-02-09,63,4,16.0,nan,29,41,nan,63
68,中壢,2020-02-09,55,3,10.0,nan,25,32,nan,55
69,竹山,2020-02-09,67,3,5.0,nan,31,17,41.0,67
70,永和,2020-02-09,53,4,6.0,nan,23,14,nan,53
71,復興,2020-02-09,85,7,8.0,nan,49,25,nan,85
72,埔里,2020-02-09,64,3,5.0,nan,30,16,48.0,64
75,馬祖,2020-02-09,69,3,3.0,nan,28,4,47.0,69
77,金門,2020-02-09,50,3,5.0,nan,22,7,44.0,50
78,馬公,2020-02-09,57,3,3.0,nan,35,2,47.0,57
80,關山,2020-02-09,33,3,nan,nan,5,5,33.0,23
83,麥寮,2020-02-09,58,7,nan,nan,42,18,nan,58
84,富貴角,2020-02-09,59,1,3.0,nan,42,2,49.0,59
40,朴子,2020-02-10,80,4,5.0,nan,47,15,61.0,80
1,基隆,2020-02-10,60,3,5.0,nan,31,24,47.0,60
3,萬里,2020-02-10,61,4,3.0,nan,31,14,50.0,61
4,新店,2020-02-10,56,1,3.0,nan,27,17,44.0,56
5,土城,2020-02-10,57,4,7.0,nan,30,36,41.0,57
6,板橋,2020-02-10,61,4,6.0,nan,30,33,40.0,61
7,新莊,2020-02-10,63,3,6.0,nan,34,39,39.0,63
8,菜寮,2020-02-10,61,1,8.0,nan,31,42,35.0,61
9,林口,2020-02-10,63,3,5.0,nan,31,21,44.0,63
10,淡水,2020-02-10,54,3,3.0,nan,25,8,45.0,54
11,士林,2020-02-10,57,4,3.0,nan,28,12,49.0,57
12,中山,2020-02-10,63,4,10.0,nan,30,46,35.0,63
13,萬華,2020-02-10,58,6,7.0,nan,31,43,34.0,58
14,古亭,2020-02-10,58,1,3.0,nan,29,18,40.0,58
15,松山,2020-02-10,64,4,5.0,nan,35,33,37.0,64
16,大同,2020-02-10,70,4,16.0,nan,36,49,nan,70
17,桃園,2020-02-10,62,4,7.0,nan,30,25,34.0,62
18,大園,2020-02-10,67,10,6.0,nan,32,29,41.0,67
19,觀音,2020-02-10,67,27,6.0,nan,38,38,43.0,67
20,平鎮,2020-02-10,66,6,8.0,nan,32,37,42.0,66
21,龍潭,2020-02-10,62,6,8.0,nan,30,34,42.0,62
22,湖口,2020-02-10,66,4,6.0,nan,30,25,43.0,66
23,竹東,2020-02-10,67,4,7.0,nan,31,24,39.0,67
24,新竹,2020-02-10,71,4,9.0,nan,34,33,37.0,71
25,頭份,2020-02-10,81,4,nan,nan,38,35,nan,81
26,苗栗,2020-02-10,77,6,7.0,nan,35,28,39.0,77
27,三義,2020-02-10,71,6,6.0,nan,36,19,49.0,71
28,豐原,2020-02-10,83,4,8.0,nan,43,32,61.0,83
29,沙鹿,2020-02-10,74,10,6.0,nan,38,34,54.0,74
30,大里,2020-02-10,83,11,8.0,nan,50,53,48.0,83
31,忠明,2020-02-10,79,9,9.0,nan,40,51,47.0,79
32,西屯,2020-02-10,73,9,7.0,nan,39,48,51.0,73
33,彰化,2020-02-10,73,11,8.0,nan,39,34,44.0,73
34,線西,2020-02-10,73,10,nan,nan,45,23,nan,73
35,二林,2020-02-10,78,6,5.0,nan,46,11,46.0,78
36,南投,2020-02-10,85,7,8.0,nan,44,32,77.0,85
37,斗六,2020-02-10,95,4,6.0,nan,54,26,74.0,95
38,崙背,2020-02-10,79,4,5.0,nan,46,19,61.0,79
39,新港,2020-02-10,83,4,5.0,nan,49,14,74.0,83
2,汐止,2020-02-10,62,3,6.0,nan,31,33,42.0,62
41,臺西,2020-02-10,85,9,nan,nan,48,19,nan,85
42,嘉義,2020-02-10,89,9,6.0,nan,47,25,50.0,89
43,新營,2020-02-10,85,6,6.0,nan,48,22,67.0,85
44,善化,2020-02-10,90,10,6.0,nan,49,20,74.0,90
45,安南,2020-02-10,86,6,7.0,nan,49,22,80.0,86
46,臺南,2020-02-10,89,10,7.0,nan,49,25,71.0,89
47,美濃,2020-02-10,87,3,5.0,nan,44,12,87.0,81
48,橋頭,2020-02-10,96,7,7.0,nan,54,34,90.0,96
49,仁武,2020-02-10,98,6,7.0,nan,52,42,84.0,98
50,鳳山,2020-02-10,89,9,9.0,nan,54,42,nan,89
51,大寮,2020-02-10,101,10,7.0,nan,54,33,84.0,101
52,林園,2020-02-10,98,16,6.0,nan,60,27,87.0,98
53,楠梓,2020-02-10,92,6,7.0,nan,53,30,90.0,92
54,左營,2020-02-10,92,6,7.0,nan,52,25,90.0,92
56,前金,2020-02-10,95,9,8.0,nan,52,25,90.0,95
57,前鎮,2020-02-10,85,7,nan,nan,51,32,nan,85
58,小港,2020-02-10,90,10,8.0,nan,53,39,74.0,90
59,屏東,2020-02-10,104,4,6.0,nan,55,18,104.0,91
60,潮州,2020-02-10,122,7,6.0,nan,62,16,122.0,105
61,恆春,2020-02-10,47,1,2.0,nan,19,2,47.0,37
62,臺東,2020-02-10,40,1,6.0,nan,19,15,39.0,40
63,花蓮,2020-02-10,47,3,5.0,nan,27,14,37.0,47
64,陽明,2020-02-10,53,4,2.0,nan,25,2,44.0,53
65,宜蘭,2020-02-10,63,13,3.0,nan,32,11,44.0,63
66,冬山,2020-02-10,62,3,3.0,nan,33,18,39.0,62
67,三重,2020-02-10,70,4,15.0,nan,36,47,nan,70
68,中壢,2020-02-10,71,7,25.0,nan,35,44,nan,71
69,竹山,2020-02-10,101,3,6.0,nan,53,18,80.0,101
70,永和,2020-02-10,57,3,6.0,nan,30,22,nan,57
71,復興,2020-02-10,91,6,10.0,nan,48,36,nan,91
72,埔里,2020-02-10,74,7,6.0,nan,34,23,67.0,74
75,馬祖,2020-02-10,99,4,5.0,nan,41,6,87.0,99
77,金門,2020-02-10,79,4,3.0,nan,36,7,61.0,79
78,馬公,2020-02-10,73,3,3.0,nan,42,3,67.0,73
80,關山,2020-02-10,42,3,nan,nan,17,5,35.0,42
83,麥寮,2020-02-10,84,10,nan,nan,52,25,nan,84
84,富貴角,2020-02-10,58,1,2.0,nan,39,5,50.0,58
1,基隆,2020-02-11,52,6,7.0,nan,30.0,39,29.0,52.0
2,汐止,2020-02-11,62,9,16.0,nan,33.0,57,14.0,62.0
3,萬里,2020-02-11,49,4,3.0,nan,23.0,20,41.0,49.0
4,新店,2020-02-11,60,4,9.0,nan,24.0,60,28.0,54.0
5,土城,2020-02-11,84,9,12.0,nan,43.0,50,19.0,84.0
6,板橋,2020-02-11,81,7,16.0,nan,41.0,57,17.0,81.0
7,新莊,2020-02-11,79,6,12.0,nan,42.0,55,19.0,79.0
8,菜寮,2020-02-11,70,4,12.0,nan,36.0,64,16.0,70.0
9,林口,2020-02-11,67,9,8.0,nan,35.0,39,32.0,67.0
10,淡水,2020-02-11,69,4,7.0,nan,31.0,28,45.0,69.0
11,士林,2020-02-11,63,4,10.0,nan,31.0,47,23.0,63.0
12,中山,2020-02-11,70,9,17.0,nan,34.0,67,13.0,70.0
13,萬華,2020-02-11,66,9,14.0,nan,33.0,66,17.0,64.0
14,古亭,2020-02-11,57,6,10.0,nan,28.0,45,23.0,57.0
15,松山,2020-02-11,66,9,14.0,nan,35.0,62,22.0,66.0
16,大同,2020-02-11,86,7,26.0,nan,41.0,86,nan,83.0
17,桃園,2020-02-11,97,13,10.0,nan,50.0,48,28.0,97.0
18,大園,2020-02-11,91,10,6.0,nan,49.0,28,45.0,91.0
19,觀音,2020-02-11,86,14,5.0,nan,49.0,29,50.0,86.0
20,平鎮,2020-02-11,101,6,8.0,nan,54.0,37,33.0,101.0
21,龍潭,2020-02-11,103,6,9.0,nan,53.0,52,25.0,103.0
22,湖口,2020-02-11,102,4,5.0,nan,52.0,24,54.0,102.0
23,竹東,2020-02-11,95,4,7.0,nan,49.0,35,28.0,95.0
24,新竹,2020-02-11,98,4,6.0,nan,54.0,28,47.0,98.0
25,頭份,2020-02-11,100,7,nan,nan,56.0,25,nan,100.0
26,苗栗,2020-02-11,106,10,6.0,nan,57.0,22,30.0,106.0
27,三義,2020-02-11,83,4,6.0,nan,40.0,29,34.0,83.0
28,豐原,2020-02-11,103,4,7.0,nan,52.0,42,35.0,103.0
29,沙鹿,2020-02-11,105,6,7.0,nan,60.0,32,43.0,105.0
30,大里,2020-02-11,117,9,11.0,nan,68.0,58,26.0,117.0
31,忠明,2020-02-11,23,4,nan,nan,nan,23,nan,nan
32,西屯,2020-02-11,107,6,8.0,nan,57.0,37,38.0,107.0
33,彰化,2020-02-11,115,11,10.0,nan,64.0,53,21.0,115.0
34,線西,2020-02-11,105,6,nan,nan,68.0,31,nan,105.0
35,二林,2020-02-11,126,10,6.0,nan,73.0,27,36.0,126.0
36,南投,2020-02-11,117,9,9.0,nan,61.0,42,40.0,117.0
37,斗六,2020-02-11,152,4,7.0,nan,85.0,34,44.0,152.0
38,崙背,2020-02-11,139,6,6.0,nan,76.0,20,42.0,139.0
39,新港,2020-02-11,136,4,6.0,nan,77.0,23,42.0,136.0
40,朴子,2020-02-11,118,6,6.0,nan,68.0,21,40.0,118.0
41,臺西,2020-02-11,100,7,nan,nan,59.0,19,nan,100.0
42,嘉義,2020-02-11,141,11,8.0,nan,74.0,32,34.0,141.0
43,新營,2020-02-11,128,4,6.0,nan,72.0,40,38.0,128.0
44,善化,2020-02-11,145,9,8.0,nan,74.0,43,36.0,145.0
45,安南,2020-02-11,145,9,10.0,nan,75.0,46,30.0,145.0
46,臺南,2020-02-11,140,7,14.0,nan,76.0,57,27.0,140.0
47,美濃,2020-02-11,86,4,5.0,nan,44.0,15,44.0,86.0
48,橋頭,2020-02-11,118,4,8.0,nan,64.0,40,37.0,118.0
49,仁武,2020-02-11,110,9,8.0,nan,59.0,50,40.0,110.0
50,鳳山,2020-02-11,97,10,10.0,nan,58.0,52,nan,97.0
51,大寮,2020-02-11,127,11,7.0,nan,67.0,42,42.0,127.0
52,林園,2020-02-11,117,14,6.0,nan,74.0,24,49.0,117.0
53,楠梓,2020-02-11,107,4,8.0,nan,58.0,42,39.0,107.0
54,左營,2020-02-11,106,11,10.0,nan,62.0,51,39.0,106.0
56,前金,2020-02-11,115,9,12.0,nan,66.0,48,25.0,115.0
57,前鎮,2020-02-11,104,21,nan,nan,59.0,50,nan,104.0
58,小港,2020-02-11,104,14,9.0,nan,59.0,57,40.0,104.0
59,屏東,2020-02-11,102,6,8.0,nan,63.0,44,45.0,102.0
60,潮州,2020-02-11,94,4,6.0,nan,55.0,20,50.0,94.0
61,恆春,2020-02-11,46,1,1.0,nan,19.0,2,46.0,31.0
62,臺東,2020-02-11,40,1,5.0,nan,20.0,17,37.0,40.0
63,花蓮,2020-02-11,34,3,3.0,nan,19.0,16,30.0,34.0
64,陽明,2020-02-11,38,4,2.0,nan,13.0,11,38.0,28.0
65,宜蘭,2020-02-11,43,9,5.0,nan,23.0,13,38.0,43.0
66,冬山,2020-02-11,49,3,5.0,nan,38.0,22,32.0,49.0
67,三重,2020-02-11,84,7,25.0,nan,41.0,78,nan,84.0
68,中壢,2020-02-11,104,6,15.0,nan,53.0,49,nan,104.0
69,竹山,2020-02-11,128,4,6.0,nan,65.0,26,48.0,128.0
70,永和,2020-02-11,64,6,20.0,nan,31.0,64,nan,63.0
71,復興,2020-02-11,109,24,15.0,nan,57.0,54,nan,109.0
72,埔里,2020-02-11,88,4,7.0,nan,42.0,26,49.0,88.0
75,馬祖,2020-02-11,84,4,5.0,nan,40.0,14,58.0,84.0
77,金門,2020-02-11,92,4,5.0,nan,47.0,13,47.0,92.0
78,馬公,2020-02-11,78,4,5.0,nan,44.0,10,50.0,78.0
80,關山,2020-02-11,43,1,nan,nan,17.0,8,27.0,43.0
83,麥寮,2020-02-11,106,3,nan,nan,64.0,21,nan,106.0
84,富貴角,2020-02-11,62,3,3.0,nan,36.0,16,51.0,62.0
29,沙鹿,2020-02-12,124,7,11.0,nan,59.0,50,100.0,124.0
1,基隆,2020-02-12,83,7,10.0,nan,41.0,43,64.0,83.0
2,汐止,2020-02-12,77,11,12.0,nan,40.0,53,39.0,77.0
3,萬里,2020-02-12,93,6,5.0,nan,24.0,14,93.0,59.0
4,新店,2020-02-12,59,6,9.0,nan,28.0,53,58.0,59.0
5,土城,2020-02-12,90,6,11.0,nan,44.0,50,80.0,90.0
6,板橋,2020-02-12,101,7,15.0,nan,51.0,69,48.0,101.0
7,新莊,2020-02-12,95,6,14.0,nan,50.0,55,54.0,95.0
8,菜寮,2020-02-12,92,7,14.0,nan,44.0,57,43.0,92.0
9,林口,2020-02-12,71,7,7.0,nan,35.0,54,61.0,71.0
10,淡水,2020-02-12,87,6,8.0,nan,39.0,35,84.0,87.0
11,士林,2020-02-12,84,6,10.0,nan,42.0,44,49.0,84.0
12,中山,2020-02-12,91,10,22.0,nan,42.0,73,29.0,91.0
13,萬華,2020-02-12,79,9,18.0,nan,41.0,67,40.0,79.0
14,古亭,2020-02-12,71,9,12.0,nan,34.0,63,49.0,71.0
15,松山,2020-02-12,95,9,12.0,nan,47.0,61,43.0,95.0
16,大同,2020-02-12,103,9,23.0,nan,46.0,58,nan,103.0
17,桃園,2020-02-12,109,16,11.0,nan,50.0,55,50.0,109.0
18,大園,2020-02-12,112,14,7.0,nan,54.0,49,87.0,112.0
19,觀音,2020-02-12,142,21,8.0,nan,68.0,32,87.0,142.0
20,平鎮,2020-02-12,89,10,10.0,nan,42.0,63,84.0,89.0
21,龍潭,2020-02-12,97,7,9.0,nan,38.0,50,97.0,83.0
22,湖口,2020-02-12,108,6,7.0,nan,49.0,38,101.0,108.0
23,竹東,2020-02-12,77,9,8.0,nan,34.0,29,77.0,77.0
24,新竹,2020-02-12,92,6,12.0,nan,43.0,57,80.0,92.0
25,頭份,2020-02-12,92,6,nan,nan,40.0,46,nan,92.0
26,苗栗,2020-02-12,91,10,8.0,nan,41.0,31,44.0,91.0
27,三義,2020-02-12,97,6,5.0,nan,37.0,23,97.0,79.0
28,豐原,2020-02-12,122,7,7.0,nan,46.0,31,122.0,95.0
30,大里,2020-02-12,112,13,11.0,nan,61.0,53,87.0,112.0
31,忠明,2020-02-12,100,10,12.0,nan,nan,67,100.0,nan
32,西屯,2020-02-12,128,10,12.0,nan,65.0,61,90.0,128.0
33,彰化,2020-02-12,113,7,11.0,nan,55.0,39,90.0,113.0
34,線西,2020-02-12,144,13,nan,nan,76.0,40,nan,144.0
35,二林,2020-02-12,157,10,8.0,nan,88.0,26,84.0,157.0
36,南投,2020-02-12,108,9,8.0,nan,53.0,38,108.0,101.0
37,斗六,2020-02-12,141,6,7.0,nan,71.0,28,122.0,141.0
38,崙背,2020-02-12,151,6,7.0,nan,79.0,22,122.0,151.0
39,新港,2020-02-12,133,6,7.0,nan,71.0,23,84.0,133.0
40,朴子,2020-02-12,112,9,7.0,nan,65.0,18,74.0,112.0
41,臺西,2020-02-12,149,6,nan,nan,73.0,24,nan,149.0
42,嘉義,2020-02-12,100,7,6.0,nan,54.0,26,54.0,100.0
43,新營,2020-02-12,105,4,6.0,nan,59.0,21,58.0,105.0
44,善化,2020-02-12,80,7,7.0,nan,50.0,26,51.0,80.0
45,安南,2020-02-12,94,6,8.0,nan,56.0,30,48.0,94.0
46,臺南,2020-02-12,93,9,9.0,nan,53.0,36,47.0,93.0
47,美濃,2020-02-12,57,3,5.0,nan,57.0,9,44.0,56.0
48,橋頭,2020-02-12,63,7,6.0,nan,38.0,23,43.0,63.0
49,仁武,2020-02-12,68,10,7.0,nan,38.0,39,36.0,68.0
50,鳳山,2020-02-12,56,7,7.0,nan,39.0,25,nan,56.0
51,大寮,2020-02-12,73,19,7.0,nan,58.0,25,37.0,73.0
52,林園,2020-02-12,70,4,6.0,nan,45.0,18,37.0,70.0
53,楠梓,2020-02-12,63,9,6.0,nan,40.0,35,36.0,63.0
54,左營,2020-02-12,71,13,10.0,nan,46.0,48,32.0,71.0
56,前金,2020-02-12,69,10,11.0,nan,45.0,38,28.0,69.0
57,前鎮,2020-02-12,58,13,nan,nan,42.0,39,nan,58.0
58,小港,2020-02-12,64,33,9.0,nan,48.0,28,29.0,64.0
59,屏東,2020-02-12,58,3,6.0,nan,44.0,18,40.0,58.0
60,潮州,2020-02-12,54,17,3.0,nan,32.0,11,42.0,54.0
61,恆春,2020-02-12,44,6,1.0,nan,18.0,2,44.0,25.0
62,臺東,2020-02-12,34,3,5.0,nan,17.0,9,34.0,29.0
63,花蓮,2020-02-12,37,3,3.0,nan,19.0,9,37.0,30.0
64,陽明,2020-02-12,77,4,3.0,nan,16.0,5,77.0,37.0
65,宜蘭,2020-02-12,40,9,3.0,nan,19.0,8,40.0,29.0
66,冬山,2020-02-12,42,3,5.0,nan,24.0,21,42.0,42.0
67,三重,2020-02-12,107,9,20.0,nan,50.0,64,nan,107.0
68,中壢,2020-02-12,95,10,19.0,nan,44.0,63,nan,95.0
69,竹山,2020-02-12,108,7,6.0,nan,54.0,23,108.0,104.0
70,永和,2020-02-12,75,6,23.0,nan,36.0,64,nan,75.0
71,復興,2020-02-12,63,11,11.0,nan,35.0,40,nan,63.0
72,埔里,2020-02-12,77,6,6.0,nan,35.0,22,77.0,77.0
75,馬祖,2020-02-12,112,4,5.0,nan,44.0,12,50.0,112.0
77,金門,2020-02-12,124,4,6.0,nan,58.0,25,38.0,124.0
78,馬公,2020-02-12,97,7,6.0,nan,44.0,21,97.0,80.0
80,關山,2020-02-12,32,1,nan,nan,14.0,7,30.0,32.0
83,麥寮,2020-02-12,149,6,nan,nan,77.0,22,nan,149.0
84,富貴角,2020-02-12,97,4,5.0,nan,37.0,18,97.0,79.0
2,汐止,2020-02-13,60,13,10.0,nan,28,34.0,41.0,60
3,萬里,2020-02-13,50,4,3.0,nan,19,12.0,50.0,46
4,新店,2020-02-13,53,6,7.0,nan,22,36.0,44.0,53
5,土城,2020-02-13,75,6,10.0,nan,34,37.0,48.0,75
6,板橋,2020-02-13,70,9,12.0,nan,33,43.0,39.0,70
7,新莊,2020-02-13,73,9,15.0,nan,35,44.0,44.0,73
8,菜寮,2020-02-13,68,6,11.0,nan,31,48.0,33.0,68
9,林口,2020-02-13,67,7,9.0,nan,30,51.0,35.0,67
10,淡水,2020-02-13,65,9,10.0,nan,26,37.0,45.0,65
11,士林,2020-02-13,71,9,11.0,nan,34,43.0,45.0,71
12,中山,2020-02-13,74,6,16.0,nan,32,53.0,32.0,74
13,萬華,2020-02-13,60,7,9.0,nan,29,51.0,36.0,60
14,古亭,2020-02-13,53,6,8.0,nan,23,36.0,38.0,53
15,松山,2020-02-13,67,10,9.0,nan,32,42.0,38.0,67
16,大同,2020-02-13,80,9,18.0,nan,36,53.0,nan,80
17,桃園,2020-02-13,84,16,12.0,nan,38,49.0,35.0,84
18,大園,2020-02-13,87,17,7.0,nan,41,39.0,40.0,87
19,觀音,2020-02-13,78,19,6.0,nan,40,32.0,40.0,78
20,平鎮,2020-02-13,90,10,10.0,nan,46,58.0,45.0,90
21,龍潭,2020-02-13,77,4,6.0,nan,33,23.0,74.0,77
22,湖口,2020-02-13,93,10,8.0,nan,44,47.0,61.0,93
23,竹東,2020-02-13,74,4,5.0,nan,30,17.0,74.0,68
24,新竹,2020-02-13,79,4,6.0,nan,36,31.0,54.0,79
25,頭份,2020-02-13,81,4,nan,nan,38,29.0,nan,81
26,苗栗,2020-02-13,84,13,7.0,nan,39,24.0,31.0,84
27,三義,2020-02-13,67,7,3.0,nan,31,15.0,51.0,67
28,豐原,2020-02-13,68,7,6.0,nan,32,23.0,67.0,68
29,沙鹿,2020-02-13,95,16,10.0,nan,50,71.0,48.0,95
30,大里,2020-02-13,83,7,8.0,nan,47,32.0,50.0,83
31,忠明,2020-02-13,106,7,12.0,nan,52,45.0,49.0,106
32,西屯,2020-02-13,106,6,11.0,nan,55,58.0,71.0,106
33,彰化,2020-02-13,85,7,8.0,nan,44,28.0,46.0,85
34,線西,2020-02-13,109,14,nan,nan,57,45.0,nan,109
35,二林,2020-02-13,126,7,8.0,nan,66,34.0,50.0,126
36,南投,2020-02-13,85,7,6.0,nan,44,25.0,61.0,85
37,斗六,2020-02-13,76,4,5.0,nan,45,19.0,44.0,76
38,崙背,2020-02-13,115,4,6.0,nan,69,25.0,46.0,115
39,新港,2020-02-13,116,19,7.0,nan,63,26.0,37.0,116
1,基隆,2020-02-13,56,4,9.0,nan,25,33.0,46.0,56
40,朴子,2020-02-13,109,6,7.0,nan,64,18.0,35.0,109
41,臺西,2020-02-13,141,6,nan,nan,68,27.0,nan,141
42,嘉義,2020-02-13,55,3,5.0,nan,31,26.0,35.0,55
43,新營,2020-02-13,69,4,6.0,nan,42,25.0,32.0,69
44,善化,2020-02-13,44,6,3.0,nan,30,14.0,33.0,44
45,安南,2020-02-13,55,6,6.0,nan,34,29.0,33.0,55
46,臺南,2020-02-13,41,4,5.0,nan,29,32.0,32.0,41
47,美濃,2020-02-13,36,4,3.0,nan,31,8.0,33.0,36
48,橋頭,2020-02-13,32,4,5.0,nan,26,24.0,32.0,32
49,仁武,2020-02-13,42,6,5.0,nan,28,23.0,31.0,42
50,鳳山,2020-02-13,31,6,7.0,nan,31,20.0,nan,31
51,大寮,2020-02-13,49,10,3.0,nan,36,17.0,31.0,49
52,林園,2020-02-13,35,3,2.0,nan,31,12.0,34.0,35
53,楠梓,2020-02-13,37,7,5.0,nan,30,25.0,31.0,37
84,富貴角,2020-02-13,51,1,2.0,nan,24,6.0,44.0,51
54,左營,2020-02-13,31,9,6.0,nan,27,30.0,31.0,29
83,麥寮,2020-02-13,139,4,nan,nan,69,29.0,nan,139
56,前金,2020-02-13,39,9,6.0,nan,27,24.0,32.0,39
57,前鎮,2020-02-13,28,9,nan,nan,28,27.0,nan,27
80,關山,2020-02-13,23,3,nan,nan,5,5.0,23.0,20
58,小港,2020-02-13,41,21,5.0,nan,31,23.0,26.0,41
78,馬公,2020-02-13,82,7,6.0,nan,44,15.0,71.0,82
59,屏東,2020-02-13,38,6,5.0,nan,36,19.0,33.0,38
60,潮州,2020-02-13,35,3,3.0,nan,26,13.0,35.0,34
61,恆春,2020-02-13,37,4,2.0,nan,21,4.0,37.0,27
62,臺東,2020-02-13,28,1,6.0,nan,15,12.0,28.0,22
63,花蓮,2020-02-13,35,4,6.0,nan,21,19.0,35.0,31
77,金門,2020-02-13,109,4,5.0,nan,62,28.0,36.0,109
75,馬祖,2020-02-13,62,3,5.0,nan,17,16.0,39.0,62
64,陽明,2020-02-13,47,7,2.0,nan,19,4.0,47.0,42
72,埔里,2020-02-13,84,4,6.0,nan,43,17.0,54.0,84
65,宜蘭,2020-02-13,49,7,3.0,nan,23,nan,49.0,44
71,復興,2020-02-13,32,10,6.0,nan,24,25.0,nan,32
66,冬山,2020-02-13,48,6,3.0,nan,28,20.0,39.0,48
70,永和,2020-02-13,55,6,14.0,nan,25,42.0,nan,55
67,三重,2020-02-13,87,7,19.0,nan,41,51.0,nan,87
69,竹山,2020-02-13,83,6,5.0,nan,44,15.0,46.0,83
68,中壢,2020-02-13,95,10,18.0,nan,44,54.0,nan,95
1,基隆,2020-02-14,50,7,6.0,nan,22.0,24.0,33.0,50.0
2,汐止,2020-02-14,57,9,6.0,nan,25.0,25.0,32.0,57.0
3,萬里,2020-02-14,41,6,3.0,nan,16.0,8.0,41.0,41.0
4,新店,2020-02-14,61,4,7.0,nan,25.0,28.0,29.0,61.0
5,土城,2020-02-14,68,6,8.0,nan,29.0,26.0,31.0,68.0
6,板橋,2020-02-14,63,7,9.0,nan,28.0,34.0,27.0,63.0
7,新莊,2020-02-14,65,6,11.0,nan,31.0,53.0,32.0,65.0
8,菜寮,2020-02-14,67,6,11.0,nan,30.0,42.0,25.0,67.0
9,林口,2020-02-14,55,6,6.0,nan,22.0,27.0,33.0,55.0
10,淡水,2020-02-14,51,4,7.0,nan,20.0,22.0,32.0,51.0
11,士林,2020-02-14,55,6,8.0,nan,27.0,26.0,33.0,55.0
12,中山,2020-02-14,62,7,10.0,nan,25.0,39.0,24.0,62.0
13,萬華,2020-02-14,61,9,10.0,nan,29.0,42.0,28.0,61.0
14,古亭,2020-02-14,60,6,7.0,nan,25.0,30.0,29.0,60.0
15,松山,2020-02-14,67,7,7.0,nan,31.0,31.0,28.0,67.0
16,大同,2020-02-14,69,7,20.0,nan,30.0,44.0,nan,69.0
17,桃園,2020-02-14,79,10,9.0,nan,33.0,31.0,25.0,79.0
18,大園,2020-02-14,69,13,7.0,nan,30.0,31.0,31.0,69.0
19,觀音,2020-02-14,63,17,6.0,nan,30.0,31.0,33.0,63.0
20,平鎮,2020-02-14,79,9,9.0,nan,37.0,30.0,29.0,79.0
21,龍潭,2020-02-14,72,6,6.0,nan,32.0,28.0,35.0,72.0
22,湖口,2020-02-14,80,6,7.0,nan,32.0,26.0,35.0,80.0
23,竹東,2020-02-14,63,6,5.0,nan,28.0,24.0,38.0,63.0
24,新竹,2020-02-14,66,7,6.0,nan,30.0,28.0,31.0,66.0
25,頭份,2020-02-14,70,3,nan,nan,31.0,29.0,nan,70.0
26,苗栗,2020-02-14,65,7,6.0,nan,32.0,23.0,20.0,65.0
27,三義,2020-02-14,52,4,3.0,nan,21.0,23.0,37.0,52.0
28,豐原,2020-02-14,49,7,8.0,nan,22.0,21.0,43.0,49.0
29,沙鹿,2020-02-14,66,6,6.0,nan,33.0,42.0,39.0,66.0
30,大里,2020-02-14,64,9,9.0,nan,37.0,41.0,40.0,64.0
31,忠明,2020-02-14,71,11,10.0,nan,33.0,42.0,37.0,71.0
32,西屯,2020-02-14,72,6,7.0,nan,36.0,38.0,43.0,72.0
33,彰化,2020-02-14,67,11,8.0,nan,34.0,35.0,32.0,67.0
34,線西,2020-02-14,73,17,nan,nan,43.0,31.0,nan,73.0
35,二林,2020-02-14,77,11,6.0,nan,46.0,24.0,34.0,77.0
36,南投,2020-02-14,55,7,7.0,nan,30.0,29.0,44.0,55.0
37,斗六,2020-02-14,72,6,5.0,nan,43.0,25.0,45.0,72.0
38,崙背,2020-02-14,81,9,6.0,nan,50.0,20.0,43.0,81.0
39,新港,2020-02-14,83,7,6.0,nan,49.0,20.0,45.0,83.0
40,朴子,2020-02-14,78,6,5.0,nan,48.0,15.0,46.0,78.0
41,臺西,2020-02-14,80,7,nan,nan,41.0,19.0,nan,80.0
42,嘉義,2020-02-14,86,7,7.0,nan,44.0,26.0,42.0,86.0
43,新營,2020-02-14,76,6,6.0,nan,44.0,25.0,45.0,76.0
44,善化,2020-02-14,74,9,5.0,nan,38.0,17.0,44.0,74.0
45,安南,2020-02-14,75,6,6.0,nan,40.0,26.0,43.0,75.0
46,臺南,2020-02-14,67,6,7.0,nan,39.0,28.0,37.0,67.0
47,美濃,2020-02-14,33,4,3.0,nan,24.0,8.0,33.0,29.0
48,橋頭,2020-02-14,46,6,3.0,nan,26.0,17.0,31.0,46.0
49,仁武,2020-02-14,47,11,6.0,nan,27.0,27.0,25.0,47.0
50,鳳山,2020-02-14,27,10,8.0,nan,27.0,22.0,nan,27.0
51,大寮,2020-02-14,40,4,5.0,nan,27.0,18.0,29.0,40.0
52,林園,2020-02-14,34,11,3.0,nan,28.0,17.0,34.0,32.0
53,楠梓,2020-02-14,42,7,5.0,nan,27.0,24.0,28.0,42.0
54,左營,2020-02-14,38,4,5.0,nan,25.0,19.0,28.0,38.0
56,前金,2020-02-14,38,7,5.0,nan,25.0,15.0,29.0,38.0
57,前鎮,2020-02-14,33,10,nan,nan,26.0,33.0,nan,30.0
58,小港,2020-02-14,31,10,7.0,nan,26.0,27.0,22.0,31.0
59,屏東,2020-02-14,31,3,3.0,nan,26.0,15.0,31.0,28.0
60,潮州,2020-02-14,31,3,3.0,nan,21.0,8.0,25.0,31.0
61,恆春,2020-02-14,31,3,2.0,nan,18.0,4.0,31.0,25.0
62,臺東,2020-02-14,26,3,5.0,nan,19.0,8.0,26.0,23.0
63,花蓮,2020-02-14,44,3,5.0,nan,24.0,12.0,44.0,41.0
64,陽明,2020-02-14,31,9,2.0,nan,9.0,6.0,31.0,29.0
65,宜蘭,2020-02-14,54,4,5.0,nan,29.0,nan,40.0,54.0
66,冬山,2020-02-14,55,6,3.0,nan,34.0,19.0,31.0,55.0
67,三重,2020-02-14,78,7,19.0,nan,37.0,42.0,nan,78.0
68,中壢,2020-02-14,83,9,17.0,nan,38.0,43.0,nan,83.0
69,竹山,2020-02-14,64,7,6.0,nan,34.0,20.0,43.0,64.0
70,永和,2020-02-14,58,4,14.0,nan,26.0,34.0,nan,58.0
71,復興,2020-02-14,35,10,9.0,nan,22.0,35.0,nan,32.0
72,埔里,2020-02-14,47,6,6.0,nan,nan,23.0,47.0,nan
75,馬祖,2020-02-14,51,4,6.0,nan,15.0,16.0,19.0,51.0
77,金門,2020-02-14,69,3,5.0,nan,31.0,15.0,23.0,69.0
78,馬公,2020-02-14,44,4,3.0,nan,27.0,8.0,39.0,44.0
80,關山,2020-02-14,23,3,nan,nan,5.0,5.0,23.0,17.0
83,麥寮,2020-02-14,85,7,nan,nan,51.0,22.0,nan,85.0
84,富貴角,2020-02-14,38,1,2.0,nan,18.0,6.0,38.0,34.0
39,新港,2020-02-15,83,4,7.0,nan,52.0,22,41.0,83
1,基隆,2020-02-15,36,10,6.0,nan,20.0,36,31.0,36
2,汐止,2020-02-15,46,9,7.0,nan,22.0,34,30.0,46
3,萬里,2020-02-15,39,4,3.0,nan,17.0,14,39.0,32
4,新店,2020-02-15,40,6,6.0,nan,17.0,27,25.0,40
5,土城,2020-02-15,48,7,9.0,nan,23.0,32,31.0,48
6,板橋,2020-02-15,52,6,12.0,nan,23.0,42,24.0,52
7,新莊,2020-02-15,52,7,12.0,nan,26.0,39,28.0,52
8,菜寮,2020-02-15,53,6,12.0,nan,23.0,41,20.0,53
9,林口,2020-02-15,51,6,7.0,nan,22.0,37,30.0,51
10,淡水,2020-02-15,36,3,3.0,nan,15.0,20,36.0,35
11,士林,2020-02-15,45,4,7.0,nan,21.0,36,31.0,45
12,中山,2020-02-15,52,10,12.0,nan,22.0,42,20.0,52
13,萬華,2020-02-15,46,7,11.0,nan,22.0,41,21.0,46
14,古亭,2020-02-15,41,6,9.0,nan,19.0,41,23.0,39
15,松山,2020-02-15,52,7,10.0,nan,31.0,35,22.0,52
16,大同,2020-02-15,59,9,19.0,nan,27.0,49,nan,59
17,桃園,2020-02-15,54,11,7.0,nan,24.0,35,28.0,54
18,大園,2020-02-15,44,17,5.0,nan,21.0,32,37.0,44
19,觀音,2020-02-15,44,17,5.0,nan,22.0,24,33.0,44
20,平鎮,2020-02-15,56,9,7.0,nan,27.0,33,37.0,56
21,龍潭,2020-02-15,69,6,7.0,nan,32.0,32,47.0,69
22,湖口,2020-02-15,61,4,5.0,nan,25.0,20,43.0,61
23,竹東,2020-02-15,65,3,6.0,nan,29.0,32,46.0,65
24,新竹,2020-02-15,59,6,6.0,nan,26.0,33,43.0,59
25,頭份,2020-02-15,62,4,nan,nan,28.0,22,nan,62
26,苗栗,2020-02-15,73,11,7.0,nan,34.0,25,29.0,73
27,三義,2020-02-15,49,7,3.0,nan,24.0,17,41.0,49
28,豐原,2020-02-15,58,7,5.0,nan,28.0,20,45.0,58
29,沙鹿,2020-02-15,80,10,7.0,nan,42.0,53,44.0,80
30,大里,2020-02-15,74,7,8.0,nan,42.0,37,44.0,74
31,忠明,2020-02-15,73,6,8.0,nan,36.0,32,40.0,73
32,西屯,2020-02-15,73,6,7.0,nan,37.0,44,44.0,73
33,彰化,2020-02-15,70,10,7.0,nan,37.0,26,37.0,70
34,線西,2020-02-15,74,14,nan,nan,42.0,21,nan,74
35,二林,2020-02-15,85,7,6.0,nan,54.0,23,41.0,85
36,南投,2020-02-15,68,3,6.0,nan,36.0,17,49.0,68
37,斗六,2020-02-15,73,7,5.0,nan,45.0,29,46.0,73
38,崙背,2020-02-15,79,4,6.0,nan,47.0,19,44.0,79
40,朴子,2020-02-15,74,6,7.0,nan,50.0,17,44.0,74
41,臺西,2020-02-15,78,10,nan,nan,46.0,21,nan,78
42,嘉義,2020-02-15,69,4,7.0,nan,42.0,25,38.0,69
43,新營,2020-02-15,67,4,7.0,nan,44.0,27,33.0,67
44,善化,2020-02-15,61,10,6.0,nan,37.0,21,32.0,61
45,安南,2020-02-15,71,9,7.0,nan,43.0,27,29.0,71
46,臺南,2020-02-15,62,6,7.0,nan,42.0,30,28.0,62
47,美濃,2020-02-15,75,6,2.0,nan,75.0,7,35.0,39
48,橋頭,2020-02-15,40,9,5.0,nan,30.0,16,27.0,40
49,仁武,2020-02-15,42,17,6.0,nan,29.0,29,27.0,42
50,鳳山,2020-02-15,32,6,6.0,nan,30.0,21,nan,32
51,大寮,2020-02-15,68,1,3.0,nan,68.0,15,28.0,46
52,林園,2020-02-15,31,3,1.0,nan,31.0,11,27.0,28
53,楠梓,2020-02-15,37,13,6.0,nan,31.0,21,27.0,37
54,左營,2020-02-15,34,9,6.0,nan,31.0,23,20.0,34
56,前金,2020-02-15,48,4,6.0,nan,48.0,16,22.0,41
57,前鎮,2020-02-15,31,6,nan,nan,31.0,25,nan,26
58,小港,2020-02-15,36,23,3.0,nan,36.0,21,20.0,35
59,屏東,2020-02-15,31,4,3.0,nan,27.0,16,31.0,22
60,潮州,2020-02-15,30,3,2.0,nan,24.0,9,30.0,27
61,恆春,2020-02-15,30,3,1.0,nan,22.0,1,30.0,25
62,臺東,2020-02-15,29,1,5.0,nan,18.0,8,29.0,23
63,花蓮,2020-02-15,37,3,3.0,nan,19.0,13,37.0,29
64,陽明,2020-02-15,32,3,2.0,nan,10.0,5,32.0,24
65,宜蘭,2020-02-15,40,13,3.0,nan,22.0,9,38.0,40
66,冬山,2020-02-15,44,4,3.0,nan,24.0,17,33.0,44
67,三重,2020-02-15,59,7,17.0,nan,29.0,49,nan,59
68,中壢,2020-02-15,62,7,16.0,nan,29.0,35,nan,62
69,竹山,2020-02-15,72,4,5.0,nan,38.0,14,44.0,72
70,永和,2020-02-15,43,4,15.0,nan,19.0,39,nan,43
71,復興,2020-02-15,31,9,7.0,nan,21.0,25,nan,31
72,埔里,2020-02-15,72,4,5.0,nan,34.0,15,45.0,72
75,馬祖,2020-02-15,45,6,9.0,nan,14.0,11,22.0,45
77,金門,2020-02-15,40,4,5.0,nan,18.0,16,34.0,40
78,馬公,2020-02-15,50,4,3.0,nan,25.0,6,50.0,42
80,關山,2020-02-15,22,3,nan,nan,10.0,3,22.0,15
83,麥寮,2020-02-15,88,6,nan,nan,nan,16,nan,88
84,富貴角,2020-02-15,40,1,2.0,nan,15.0,5,40.0,19
38,崙背,2020-02-16,30,6,6.0,nan,21,10,27.0,30
80,關山,2020-02-16,26,3,nan,nan,5,4,26.0,11
78,馬公,2020-02-16,29,3,5.0,nan,16,5,29.0,15
77,金門,2020-02-16,21,3,6.0,nan,5,11,21.0,17
75,馬祖,2020-02-16,31,3,5.0,nan,12,7,31.0,19
72,埔里,2020-02-16,42,4,5.0,nan,19,12,24.0,42
71,復興,2020-02-16,32,9,7.0,nan,20,20,nan,32
70,永和,2020-02-16,22,11,6.0,nan,11,17,nan,22
69,竹山,2020-02-16,36,4,5.0,nan,21,12,17.0,36
68,中壢,2020-02-16,26,1,6.0,nan,11,22,nan,26
67,三重,2020-02-16,32,4,12.0,nan,13,28,nan,32
66,冬山,2020-02-16,32,1,5.0,nan,19,7,32.0,23
65,宜蘭,2020-02-16,33,3,5.0,nan,10,6,33.0,14
64,陽明,2020-02-16,32,3,5.0,nan,5,4,32.0,11
63,花蓮,2020-02-16,32,3,5.0,nan,15,6,32.0,14
62,臺東,2020-02-16,32,1,6.0,nan,15,6,32.0,15
61,恆春,2020-02-16,37,3,3.0,nan,14,2,37.0,17
60,潮州,2020-02-16,40,7,6.0,nan,25,12,40.0,35
59,屏東,2020-02-16,40,3,5.0,nan,28,12,40.0,28
58,小港,2020-02-16,35,13,6.0,nan,27,17,35.0,33
57,前鎮,2020-02-16,26,7,nan,nan,26,18,nan,26
56,前金,2020-02-16,36,4,6.0,nan,25,13,36.0,33
54,左營,2020-02-16,35,9,6.0,nan,24,19,35.0,29
53,楠梓,2020-02-16,35,7,5.0,nan,25,17,34.0,35
52,林園,2020-02-16,38,7,6.0,nan,33,22,33.0,38
51,大寮,2020-02-16,36,10,5.0,nan,26,15,35.0,36
50,鳳山,2020-02-16,26,4,6.0,nan,26,19,nan,25
49,仁武,2020-02-16,36,4,6.0,nan,24,13,34.0,36
48,橋頭,2020-02-16,33,6,5.0,nan,23,14,33.0,30
47,美濃,2020-02-16,32,3,5.0,nan,21,9,32.0,29
46,臺南,2020-02-16,31,4,6.0,nan,22,16,28.0,31
45,安南,2020-02-16,31,6,5.0,nan,21,18,30.0,31
44,善化,2020-02-16,29,9,5.0,nan,19,11,26.0,29
43,新營,2020-02-16,25,6,6.0,nan,19,16,24.0,25
42,嘉義,2020-02-16,31,3,6.0,nan,19,18,19.0,31
41,臺西,2020-02-16,26,6,nan,nan,19,11,nan,26
40,朴子,2020-02-16,26,7,5.0,nan,21,12,26.0,23
39,新港,2020-02-16,35,4,5.0,nan,23,14,25.0,35
83,麥寮,2020-02-16,27,9,nan,nan,26,11,nan,27
37,斗六,2020-02-16,39,4,5.0,nan,24,11,22.0,39
36,南投,2020-02-16,32,3,5.0,nan,19,14,19.0,32
35,二林,2020-02-16,29,6,6.0,nan,23,14,26.0,29
34,線西,2020-02-16,23,9,nan,nan,17,22,nan,23
33,彰化,2020-02-16,25,7,6.0,nan,15,14,23.0,25
32,西屯,2020-02-16,28,4,5.0,nan,14,19,28.0,27
31,忠明,2020-02-16,32,3,5.0,nan,16,14,23.0,32
30,大里,2020-02-16,28,6,6.0,nan,17,16,19.0,28
29,沙鹿,2020-02-16,29,4,5.0,nan,12,15,29.0,19
28,豐原,2020-02-16,26,6,5.0,nan,14,14,25.0,26
27,三義,2020-02-16,27,3,5.0,nan,9,9,27.0,17
26,苗栗,2020-02-16,23,3,5.0,nan,9,9,23.0,22
25,頭份,2020-02-16,20,1,nan,nan,11,8,nan,20
24,新竹,2020-02-16,30,7,5.0,nan,11,9,30.0,19
23,竹東,2020-02-16,32,4,5.0,nan,11,13,32.0,23
22,湖口,2020-02-16,32,3,3.0,nan,9,6,32.0,21
21,龍潭,2020-02-16,30,3,6.0,nan,9,10,30.0,25
20,平鎮,2020-02-16,26,3,6.0,nan,13,22,26.0,26
19,觀音,2020-02-16,31,10,5.0,nan,16,9,31.0,21
18,大園,2020-02-16,33,11,5.0,nan,13,12,33.0,27
17,桃園,2020-02-16,30,6,5.0,nan,12,30,25.0,23
16,大同,2020-02-16,32,6,8.0,nan,14,28,nan,32
15,松山,2020-02-16,31,4,6.0,nan,16,21,31.0,25
14,古亭,2020-02-16,29,3,5.0,nan,10,14,29.0,19
13,萬華,2020-02-16,25,7,5.0,nan,10,21,25.0,21
12,中山,2020-02-16,26,4,6.0,nan,10,26,25.0,25
11,士林,2020-02-16,31,3,5.0,nan,10,21,31.0,18
10,淡水,2020-02-16,32,3,5.0,nan,12,15,32.0,23
9,林口,2020-02-16,33,4,5.0,nan,11,17,33.0,24
8,菜寮,2020-02-16,32,4,6.0,nan,10,32,25.0,21
7,新莊,2020-02-16,28,6,6.0,nan,13,27,28.0,28
6,板橋,2020-02-16,31,10,6.0,nan,11,31,25.0,22
5,土城,2020-02-16,28,4,6.0,nan,11,20,28.0,19
4,新店,2020-02-16,28,3,6.0,nan,10,11,28.0,20
3,萬里,2020-02-16,47,3,5.0,nan,47,6,39.0,37
2,汐止,2020-02-16,33,3,5.0,nan,13,17,33.0,22
1,基隆,2020-02-16,36,4,5.0,nan,19,23,36.0,26
84,富貴角,2020-02-16,42,1,3.0,nan,42,5,36.0,33
2,汐止,2020-02-17,46,4,6.0,nan,31,34,45.0,46
84,富貴角,2020-02-17,53,1,2.0,nan,53,2,47.0,52
83,麥寮,2020-02-17,72,6,nan,nan,72,10,nan,55
80,關山,2020-02-17,29,3,nan,nan,10,6,29.0,27
78,馬公,2020-02-17,46,4,3.0,nan,31,1,46.0,37
77,金門,2020-02-17,43,3,3.0,nan,18,4,43.0,24
75,馬祖,2020-02-17,43,1,2.0,nan,19,11,43.0,33
72,埔里,2020-02-17,34,3,5.0,nan,14,12,24.0,34
71,復興,2020-02-17,62,9,8.0,nan,36,33,nan,62
70,永和,2020-02-17,45,3,8.0,nan,30,25,nan,45
69,竹山,2020-02-17,55,4,3.0,nan,31,15,33.0,55
68,中壢,2020-02-17,51,4,10.0,nan,31,34,nan,51
67,三重,2020-02-17,59,4,15.0,nan,34,41,nan,59
66,冬山,2020-02-17,43,3,3.0,nan,28,11,38.0,43
65,宜蘭,2020-02-17,45,4,2.0,nan,29,6,42.0,45
64,陽明,2020-02-17,42,3,2.0,nan,23,1,42.0,39
63,花蓮,2020-02-17,37,3,5.0,nan,23,10,37.0,33
62,臺東,2020-02-17,35,3,5.0,nan,5,8,35.0,15
61,恆春,2020-02-17,44,1,2.0,nan,5,1,44.0,15
60,潮州,2020-02-17,60,3,5.0,nan,31,15,13.0,60
59,屏東,2020-02-17,48,3,6.0,nan,31,18,21.0,48
58,小港,2020-02-17,62,7,6.0,nan,37,37,16.0,62
57,前鎮,2020-02-17,55,6,nan,nan,39,28,nan,55
56,前金,2020-02-17,63,3,6.0,nan,38,23,26.0,63
54,左營,2020-02-17,61,4,5.0,nan,36,20,27.0,61
53,楠梓,2020-02-17,56,4,5.0,nan,34,17,26.0,56
52,林園,2020-02-17,70,11,6.0,nan,44,29,18.0,70
51,大寮,2020-02-17,63,9,5.0,nan,35,28,18.0,63
50,鳳山,2020-02-17,55,4,6.0,nan,35,29,nan,55
49,仁武,2020-02-17,65,13,6.0,nan,34,28,20.0,65
48,橋頭,2020-02-17,60,4,5.0,nan,39,22,27.0,60
47,美濃,2020-02-17,43,1,3.0,nan,21,9,19.0,43
46,臺南,2020-02-17,63,4,5.0,nan,45,19,37.0,63
45,安南,2020-02-17,59,4,3.0,nan,45,17,40.0,59
44,善化,2020-02-17,55,6,5.0,nan,40,14,38.0,55
43,新營,2020-02-17,55,4,5.0,nan,40,15,42.0,55
42,嘉義,2020-02-17,58,4,5.0,nan,34,18,37.0,58
41,臺西,2020-02-17,56,4,nan,nan,56,7,nan,54
40,朴子,2020-02-17,57,7,3.0,nan,57,14,42.0,55
39,新港,2020-02-17,56,4,3.0,nan,47,12,41.0,56
38,崙背,2020-02-17,64,6,3.0,nan,64,16,42.0,55
37,斗六,2020-02-17,52,4,3.0,nan,37,16,39.0,52
36,南投,2020-02-17,52,4,5.0,nan,31,20,35.0,52
35,二林,2020-02-17,50,3,3.0,nan,44,11,41.0,50
34,線西,2020-02-17,47,7,nan,nan,43,12,nan,47
33,彰化,2020-02-17,44,4,5.0,nan,29,15,38.0,44
32,西屯,2020-02-17,44,3,3.0,nan,26,11,40.0,44
31,忠明,2020-02-17,48,4,3.0,nan,29,18,38.0,48
30,大里,2020-02-17,41,3,5.0,nan,29,23,35.0,41
29,沙鹿,2020-02-17,47,3,3.0,nan,29,12,43.0,47
28,豐原,2020-02-17,46,1,3.0,nan,21,10,39.0,46
27,三義,2020-02-17,44,3,3.0,nan,25,8,39.0,44
26,苗栗,2020-02-17,45,3,3.0,nan,28,9,36.0,45
25,頭份,2020-02-17,46,1,nan,nan,30,10,nan,46
24,新竹,2020-02-17,45,4,3.0,nan,31,9,42.0,45
23,竹東,2020-02-17,45,1,3.0,nan,29,9,44.0,45
22,湖口,2020-02-17,44,3,3.0,nan,26,11,44.0,44
1,基隆,2020-02-17,46,3,3.0,nan,33,6,45.0,46
21,龍潭,2020-02-17,50,4,3.0,nan,28,11,39.0,50
20,平鎮,2020-02-17,52,3,5.0,nan,32,17,37.0,52
19,觀音,2020-02-17,44,7,2.0,nan,33,7,44.0,42
18,大園,2020-02-17,50,9,3.0,nan,31,25,43.0,50
17,桃園,2020-02-17,48,6,6.0,nan,30,18,35.0,48
16,大同,2020-02-17,52,4,10.0,nan,33,39,nan,52
15,松山,2020-02-17,50,4,5.0,nan,32,25,41.0,50
14,古亭,2020-02-17,43,3,5.0,nan,29,17,38.0,43
13,萬華,2020-02-17,43,7,5.0,nan,29,26,37.0,43
12,中山,2020-02-17,46,6,6.0,nan,29,27,36.0,46
11,士林,2020-02-17,45,3,3.0,nan,28,21,45.0,41
10,淡水,2020-02-17,45,3,3.0,nan,26,12,44.0,45
9,林口,2020-02-17,49,3,3.0,nan,31,18,40.0,49
8,菜寮,2020-02-17,45,3,5.0,nan,28,19,36.0,45
7,新莊,2020-02-17,51,3,5.0,nan,34,26,39.0,51
6,板橋,2020-02-17,45,24,5.0,nan,28,29,37.0,45
5,土城,2020-02-17,41,3,5.0,nan,30,14,41.0,40
4,新店,2020-02-17,42,3,3.0,nan,28,16,40.0,42
3,萬里,2020-02-17,67,4,2.0,nan,67,2,48.0,57
60,潮州,2020-02-18,71,4,5.0,nan,47,13,46.0,71
84,富貴角,2020-02-18,46,1,2.0,nan,39,2,46.0,40
83,麥寮,2020-02-18,51,9,nan,nan,51,16,nan,47
80,關山,2020-02-18,37,3,nan,nan,21,6,31.0,37
78,馬公,2020-02-18,50,4,3.0,nan,31,2,50.0,37
77,金門,2020-02-18,50,3,2.0,nan,26,7,50.0,39
75,馬祖,2020-02-18,51,3,2.0,nan,23,4,51.0,47
72,埔里,2020-02-18,64,6,5.0,nan,28,22,64.0,62
71,復興,2020-02-18,61,9,9.0,nan,37,39,nan,61
70,永和,2020-02-18,34,3,5.0,nan,21,18,nan,34
69,竹山,2020-02-18,74,4,5.0,nan,43,16,58.0,74
68,中壢,2020-02-18,41,3,8.0,nan,26,31,nan,41
67,三重,2020-02-18,48,6,12.0,nan,28,42,nan,48
66,冬山,2020-02-18,41,1,2.0,nan,28,16,37.0,41
65,宜蘭,2020-02-18,41,13,3.0,nan,23,8,41.0,31
64,陽明,2020-02-18,42,3,2.0,nan,18,2,42.0,28
63,花蓮,2020-02-18,34,3,5.0,nan,27,17,34.0,32
62,臺東,2020-02-18,39,1,3.0,nan,19,8,39.0,33
61,恆春,2020-02-18,44,1,2.0,nan,17,1,44.0,31
59,屏東,2020-02-18,74,11,8.0,nan,47,27,46.0,74
58,小港,2020-02-18,64,6,6.0,nan,40,38,50.0,64
57,前鎮,2020-02-18,57,7,nan,nan,41,35,nan,57
56,前金,2020-02-18,60,4,6.0,nan,37,25,58.0,60
54,左營,2020-02-18,61,7,6.0,nan,39,29,58.0,61
53,楠梓,2020-02-18,61,6,5.0,nan,38,30,51.0,61
52,林園,2020-02-18,65,11,5.0,nan,42,27,54.0,65
51,大寮,2020-02-18,75,13,6.0,nan,42,35,41.0,75
50,鳳山,2020-02-18,61,10,8.0,nan,41,37,nan,61
49,仁武,2020-02-18,65,11,6.0,nan,38,35,54.0,65
48,橋頭,2020-02-18,58,4,5.0,nan,38,33,54.0,58
47,美濃,2020-02-18,70,7,6.0,nan,38,16,48.0,70
46,臺南,2020-02-18,57,9,6.0,nan,37,30,54.0,57
45,安南,2020-02-18,61,6,5.0,nan,34,23,61.0,56
44,善化,2020-02-18,57,7,5.0,nan,35,20,54.0,57
43,新營,2020-02-18,52,6,5.0,nan,33,21,51.0,52
42,嘉義,2020-02-18,65,6,6.0,nan,42,29,47.0,65
41,臺西,2020-02-18,48,7,nan,nan,47,10,nan,48
40,朴子,2020-02-18,51,9,3.0,nan,38,17,51.0,46
39,新港,2020-02-18,58,6,3.0,nan,36,16,58.0,53
38,崙背,2020-02-18,67,9,5.0,nan,36,17,67.0,45
37,斗六,2020-02-18,64,4,3.0,nan,43,30,58.0,64
36,南投,2020-02-18,71,4,6.0,nan,32,25,71.0,60
35,二林,2020-02-18,44,9,3.0,nan,37,16,44.0,42
34,線西,2020-02-18,40,10,nan,nan,34,16,nan,40
33,彰化,2020-02-18,40,4,5.0,nan,28,20,40.0,40
32,西屯,2020-02-18,45,3,3.0,nan,23,15,45.0,42
31,忠明,2020-02-18,42,4,5.0,nan,22,18,42.0,40
30,大里,2020-02-18,43,3,6.0,nan,26,29,43.0,43
29,沙鹿,2020-02-18,44,3,3.0,nan,25,14,44.0,39
28,豐原,2020-02-18,41,3,3.0,nan,19,18,37.0,41
27,三義,2020-02-18,41,3,2.0,nan,19,9,41.0,32
26,苗栗,2020-02-18,37,3,5.0,nan,22,18,35.0,37
25,頭份,2020-02-18,37,1,nan,nan,23,19,nan,37
24,新竹,2020-02-18,41,6,3.0,nan,24,11,41.0,37
23,竹東,2020-02-18,44,1,3.0,nan,20,9,44.0,31
22,湖口,2020-02-18,43,4,3.0,nan,20,12,43.0,38
21,龍潭,2020-02-18,44,3,3.0,nan,21,9,44.0,35
20,平鎮,2020-02-18,40,3,5.0,nan,27,17,40.0,39
19,觀音,2020-02-18,44,7,2.0,nan,31,13,44.0,40
18,大園,2020-02-18,44,10,3.0,nan,28,35,36.0,44
17,桃園,2020-02-18,39,3,5.0,nan,24,22,36.0,39
16,大同,2020-02-18,46,4,9.0,nan,28,41,nan,46
15,松山,2020-02-18,43,1,3.0,nan,27,24,37.0,43
14,古亭,2020-02-18,40,3,3.0,nan,21,10,40.0,33
13,萬華,2020-02-18,37,4,5.0,nan,23,30,37.0,31
12,中山,2020-02-18,37,4,6.0,nan,22,37,33.0,37
11,士林,2020-02-18,46,3,3.0,nan,21,23,46.0,33
10,淡水,2020-02-18,44,1,3.0,nan,19,14,44.0,36
9,林口,2020-02-18,40,3,3.0,nan,25,25,40.0,40
8,菜寮,2020-02-18,38,3,5.0,nan,22,24,37.0,38
7,新莊,2020-02-18,41,4,5.0,nan,27,34,41.0,40
6,板橋,2020-02-18,38,3,5.0,nan,21,27,38.0,37
5,土城,2020-02-18,42,3,3.0,nan,24,14,42.0,24
4,新店,2020-02-18,40,3,3.0,nan,21,21,40.0,35
3,萬里,2020-02-18,52,3,2.0,nan,52,3,49.0,44
2,汐止,2020-02-18,41,7,5.0,nan,25,32,41.0,38
1,基隆,2020-02-18,47,1,2.0,nan,26,5,47.0,37
67,三重,2020-02-19,43,4.0,16.0,nan,27,42,nan,43
1,基隆,2020-02-19,42,3.0,5.0,nan,21,30,42.0,28
68,中壢,2020-02-19,49,6.0,17.0,nan,29,44,nan,49
65,宜蘭,2020-02-19,36,7.0,5.0,nan,22,11,36.0,31
69,竹山,2020-02-19,86,4.0,5.0,nan,48,20,77.0,86
64,陽明,2020-02-19,40,4.0,1.0,nan,15,2,40.0,23
70,永和,2020-02-19,39,3.0,10.0,nan,19,39,nan,29
63,花蓮,2020-02-19,39,1.0,3.0,nan,19,13,39.0,28
71,復興,2020-02-19,81,16.0,9.0,nan,53,42,nan,81
62,臺東,2020-02-19,36,1.0,5.0,nan,17,15,36.0,29
72,埔里,2020-02-19,90,4.0,5.0,nan,33,20,90.0,75
61,恆春,2020-02-19,44,nan,2.0,nan,14,1,44.0,22
75,馬祖,2020-02-19,54,3.0,3.0,nan,21,6,54.0,44
60,潮州,2020-02-19,129,11.0,6.0,nan,53,18,129.0,87
77,金門,2020-02-19,47,3.0,3.0,nan,25,10,47.0,40
59,屏東,2020-02-19,118,4.0,7.0,nan,52,20,118.0,79
78,馬公,2020-02-19,51,3.0,2.0,nan,28,4,51.0,30
58,小港,2020-02-19,79,11.0,7.0,nan,53,42,77.0,79
57,前鎮,2020-02-19,79,16.0,nan,nan,55,41,nan,79
56,前金,2020-02-19,90,16.0,7.0,nan,58,25,90.0,87
54,左營,2020-02-19,90,14.0,7.0,nan,54,34,90.0,82
53,楠梓,2020-02-19,87,7.0,6.0,nan,54,30,87.0,85
52,林園,2020-02-19,101,9.0,5.0,nan,60,29,101.0,93
80,關山,2020-02-19,33,3.0,nan,nan,12,8,33.0,33
51,大寮,2020-02-19,91,11.0,6.0,nan,54,27,90.0,91
83,麥寮,2020-02-19,53,9.0,nan,nan,45,21,nan,53
66,冬山,2020-02-19,36,4.0,3.0,nan,31,14,35.0,36
84,富貴角,2020-02-19,44,1.0,2.0,nan,41,5,44.0,36
50,鳳山,2020-02-19,79,11.0,7.0,nan,54,33,nan,79
49,仁武,2020-02-19,90,10.0,7.0,nan,52,32,80.0,90
48,橋頭,2020-02-19,85,6.0,7.0,nan,55,27,77.0,85
47,美濃,2020-02-19,84,4.0,3.0,nan,33,10,84.0,63
46,臺南,2020-02-19,79,7.0,7.0,nan,52,28,64.0,79
45,安南,2020-02-19,80,7.0,6.0,nan,51,27,74.0,80
44,善化,2020-02-19,77,11.0,5.0,nan,51,21,77.0,76
43,新營,2020-02-19,71,6.0,5.0,nan,45,26,71.0,67
42,嘉義,2020-02-19,88,19.0,6.0,nan,54,32,54.0,88
41,臺西,2020-02-19,57,9.0,nan,nan,36,20,nan,57
40,朴子,2020-02-19,63,7.0,3.0,nan,44,14,58.0,63
39,新港,2020-02-19,67,6.0,5.0,nan,47,20,58.0,67
38,崙背,2020-02-19,67,4.0,5.0,nan,44,17,58.0,67
37,斗六,2020-02-19,84,4.0,5.0,nan,53,37,58.0,84
36,南投,2020-02-19,76,7.0,6.0,nan,43,29,71.0,76
35,二林,2020-02-19,53,9.0,3.0,nan,41,17,41.0,53
34,線西,2020-02-19,45,10.0,nan,nan,33,24,nan,45
33,彰化,2020-02-19,55,10.0,6.0,nan,34,27,40.0,55
32,西屯,2020-02-19,63,7.0,6.0,nan,33,33,48.0,63
31,忠明,2020-02-19,68,6.0,7.0,nan,36,36,43.0,68
30,大里,2020-02-19,70,7.0,8.0,nan,43,42,48.0,70
29,沙鹿,2020-02-19,49,4.0,3.0,nan,29,25,44.0,49
28,豐原,2020-02-19,71,6.0,5.0,nan,38,24,51.0,71
27,三義,2020-02-19,49,4.0,3.0,nan,25,20,48.0,49
26,苗栗,2020-02-19,42,6.0,6.0,nan,25,26,33.0,42
25,頭份,2020-02-19,47,4.0,nan,nan,28,33,nan,47
24,新竹,2020-02-19,46,3.0,7.0,nan,25,35,46.0,40
23,竹東,2020-02-19,49,4.0,5.0,nan,25,16,49.0,45
22,湖口,2020-02-19,46,4.0,3.0,nan,22,26,46.0,37
21,龍潭,2020-02-19,46,6.0,6.0,nan,24,36,45.0,46
20,平鎮,2020-02-19,43,4.0,7.0,nan,29,42,38.0,43
19,觀音,2020-02-19,44,10.0,3.0,nan,29,16,44.0,34
18,大園,2020-02-19,45,7.0,5.0,nan,27,29,42.0,45
17,桃園,2020-02-19,42,13.0,8.0,nan,25,42,36.0,41
16,大同,2020-02-19,47,6.0,19.0,nan,27,47,nan,43
15,松山,2020-02-19,36,4.0,6.0,nan,24,34,36.0,36
14,古亭,2020-02-19,40,3.0,6.0,nan,19,38,40.0,27
13,萬華,2020-02-19,38,3.0,7.0,nan,20,38,35.0,31
12,中山,2020-02-19,42,4.0,9.0,nan,20,42,32.0,34
11,士林,2020-02-19,44,6.0,5.0,nan,19,25,44.0,30
10,淡水,2020-02-19,43,4.0,3.0,nan,16,20,43.0,30
9,林口,2020-02-19,43,4.0,5.0,nan,23,28,43.0,38
8,菜寮,2020-02-19,41,6.0,8.0,nan,19,41,34.0,33
7,新莊,2020-02-19,41,6.0,10.0,nan,28,39,39.0,41
6,板橋,2020-02-19,36,3.0,7.0,nan,20,32,36.0,35
5,土城,2020-02-19,42,1.0,6.0,nan,22,25,42.0,29
4,新店,2020-02-19,40,3.0,7.0,nan,18,39,40.0,28
3,萬里,2020-02-19,44,3.0,2.0,nan,23,13,44.0,32
2,汐止,2020-02-19,39,13.0,5.0,nan,22,31,39.0,31
2,汐止,2020-02-20,33,9,7.0,nan,18,29,33.0,31
1,基隆,2020-02-20,43,6,6.0,nan,16,25,43.0,29
84,富貴角,2020-02-20,44,1,2.0,nan,26,6,44.0,32
83,麥寮,2020-02-20,52,7,nan,nan,44,15,nan,52
80,關山,2020-02-20,31,1,nan,nan,11,7,31.0,25
78,馬公,2020-02-20,49,3,2.0,nan,27,4,49.0,34
77,金門,2020-02-20,57,4,5.0,nan,34,11,50.0,57
75,馬祖,2020-02-20,54,6,2.0,nan,21,8,54.0,40
72,埔里,2020-02-20,87,4,5.0,nan,35,19,87.0,77
71,復興,2020-02-20,81,6,10.0,nan,47,34,nan,81
70,永和,2020-02-20,34,4,11.0,nan,17,34,nan,33
69,竹山,2020-02-20,80,4,5.0,nan,44,21,74.0,80
68,中壢,2020-02-20,53,7,16.0,nan,25,39,nan,53
67,三重,2020-02-20,56,6,16.0,nan,26,37,nan,56
66,冬山,2020-02-20,32,3,3.0,nan,21,20,31.0,32
65,宜蘭,2020-02-20,38,6,3.0,nan,15,12,38.0,21
64,陽明,2020-02-20,41,4,2.0,nan,5,2,41.0,13
63,花蓮,2020-02-20,35,3,3.0,nan,14,16,35.0,28
62,臺東,2020-02-20,38,3,5.0,nan,16,15,38.0,21
61,恆春,2020-02-20,48,1,1.0,nan,13,0,48.0,25
60,潮州,2020-02-20,100,6,5.0,nan,49,15,100.0,87
59,屏東,2020-02-20,87,4,6.0,nan,50,23,87.0,80
58,小港,2020-02-20,78,6,7.0,nan,49,42,58.0,78
57,前鎮,2020-02-20,76,9,nan,nan,48,32,nan,76
56,前金,2020-02-20,84,4,6.0,nan,48,19,84.0,81
54,左營,2020-02-20,97,4,6.0,nan,47,22,97.0,78
53,楠梓,2020-02-20,78,3,5.0,nan,47,25,77.0,78
52,林園,2020-02-20,93,7,5.0,nan,54,27,93.0,86
51,大寮,2020-02-20,92,23,6.0,nan,52,28,61.0,92
50,鳳山,2020-02-20,75,7,7.0,nan,47,38,nan,75
49,仁武,2020-02-20,86,13,6.0,nan,46,30,74.0,86
48,橋頭,2020-02-20,81,3,6.0,nan,50,23,74.0,81
47,美濃,2020-02-20,77,3,3.0,nan,35,10,77.0,69
46,臺南,2020-02-20,71,6,6.0,nan,47,28,64.0,71
45,安南,2020-02-20,77,6,6.0,nan,46,23,77.0,74
44,善化,2020-02-20,80,7,6.0,nan,50,21,80.0,76
43,新營,2020-02-20,64,4,5.0,nan,44,26,64.0,64
42,嘉義,2020-02-20,86,7,6.0,nan,50,26,50.0,86
41,臺西,2020-02-20,47,9,nan,nan,33,13,nan,47
40,朴子,2020-02-20,57,6,5.0,nan,44,12,51.0,57
39,新港,2020-02-20,67,4,5.0,nan,50,19,51.0,67
38,崙背,2020-02-20,59,6,6.0,nan,44,16,58.0,59
37,斗六,2020-02-20,84,7,6.0,nan,54,25,58.0,84
36,南投,2020-02-20,75,3,6.0,nan,43,25,54.0,75
35,二林,2020-02-20,56,11,5.0,nan,43,16,36.0,56
34,線西,2020-02-20,52,9,nan,nan,37,21,nan,52
33,彰化,2020-02-20,53,4,7.0,nan,34,34,37.0,53
32,西屯,2020-02-20,56,3,5.0,nan,34,29,44.0,56
31,忠明,2020-02-20,64,4,6.0,nan,34,35,40.0,64
30,大里,2020-02-20,76,6,9.0,nan,45,35,44.0,76
29,沙鹿,2020-02-20,51,4,3.0,nan,31,28,43.0,51
28,豐原,2020-02-20,63,3,5.0,nan,33,18,44.0,63
27,三義,2020-02-20,45,4,3.0,nan,23,13,37.0,45
26,苗栗,2020-02-20,49,9,6.0,nan,27,26,25.0,49
25,頭份,2020-02-20,50,4,nan,nan,23,25,nan,50
24,新竹,2020-02-20,46,4,5.0,nan,24,24,38.0,46
23,竹東,2020-02-20,51,4,5.0,nan,24,19,39.0,51
22,湖口,2020-02-20,44,6,6.0,nan,20,26,40.0,44
21,龍潭,2020-02-20,49,6,6.0,nan,22,25,36.0,49
20,平鎮,2020-02-20,51,16,8.0,nan,26,32,33.0,51
19,觀音,2020-02-20,43,9,5.0,nan,28,28,42.0,43
18,大園,2020-02-20,54,11,8.0,nan,26,36,42.0,54
17,桃園,2020-02-20,51,14,8.0,nan,23,38,31.0,51
16,大同,2020-02-20,47,7,14.0,nan,22,41,nan,47
15,松山,2020-02-20,38,9,7.0,nan,20,33,31.0,38
14,古亭,2020-02-20,35,4,6.0,nan,16,35,33.0,33
13,萬華,2020-02-20,36,6,7.0,nan,19,36,31.0,35
12,中山,2020-02-20,41,6,9.0,nan,17,41,30.0,35
11,士林,2020-02-20,44,4,7.0,nan,13,28,44.0,26
10,淡水,2020-02-20,39,4,7.0,nan,12,24,39.0,26
9,林口,2020-02-20,38,4,6.0,nan,19,33,37.0,38
8,菜寮,2020-02-20,41,4,10.0,nan,19,39,30.0,41
7,新莊,2020-02-20,48,7,8.0,nan,26,38,37.0,48
6,板橋,2020-02-20,49,6,8.0,nan,21,35,31.0,49
5,土城,2020-02-20,41,4,7.0,nan,21,26,34.0,41
4,新店,2020-02-20,33,4,5.0,nan,13,25,33.0,29
3,萬里,2020-02-20,47,9,2.0,nan,19,10,47.0,25
2,汐止,2020-02-21,43,4,6.0,nan,25,32,40.0,43
1,基隆,2020-02-21,44,4,6.0,nan,24,30,44.0,37
3,萬里,2020-02-21,44,6,3.0,nan,16,16,44.0,35
4,新店,2020-02-21,54,4,6.0,nan,26,24,45.0,54
5,土城,2020-02-21,53,6,7.0,nan,31,25,44.0,53
6,板橋,2020-02-21,58,6,7.0,nan,31,39,37.0,58
7,新莊,2020-02-21,58,10,9.0,nan,32,39,41.0,58
8,菜寮,2020-02-21,54,7,9.0,nan,28,36,35.0,54
9,林口,2020-02-21,50,3,3.0,nan,26,27,44.0,50
10,淡水,2020-02-21,42,4,3.0,nan,21,17,42.0,35
11,士林,2020-02-21,44,4,5.0,nan,26,30,44.0,43
12,中山,2020-02-21,55,6,10.0,nan,26,42,34.0,55
13,萬華,2020-02-21,54,7,9.0,nan,30,39,38.0,54
14,古亭,2020-02-21,55,4,7.0,nan,29,33,44.0,55
15,松山,2020-02-21,56,4,6.0,nan,31,31,40.0,56
16,大同,2020-02-21,58,9,23.0,nan,31,57,nan,58
17,桃園,2020-02-21,57,11,7.0,nan,31,33,32.0,57
18,大園,2020-02-21,47,9,3.0,nan,31,22,42.0,47
19,觀音,2020-02-21,40,4,2.0,nan,31,13,40.0,34
20,平鎮,2020-02-21,58,6,6.0,nan,34,34,36.0,58
21,龍潭,2020-02-21,63,6,6.0,nan,32,25,39.0,63
22,湖口,2020-02-21,52,3,2.0,nan,29,17,44.0,52
23,竹東,2020-02-21,60,4,5.0,nan,35,15,38.0,60
24,新竹,2020-02-21,47,4,5.0,nan,32,19,42.0,47
25,頭份,2020-02-21,54,6,nan,nan,33,25,nan,54
26,苗栗,2020-02-21,55,6,6.0,nan,35,18,27.0,55
27,三義,2020-02-21,55,3,3.0,nan,24,17,33.0,55
28,豐原,2020-02-21,83,4,6.0,nan,43,18,38.0,83
29,沙鹿,2020-02-21,58,4,5.0,nan,35,23,44.0,58
30,大里,2020-02-21,82,4,8.0,nan,51,29,41.0,82
31,忠明,2020-02-21,78,4,6.0,nan,40,28,38.0,78
32,西屯,2020-02-21,66,4,5.0,nan,36,23,45.0,66
33,彰化,2020-02-21,65,4,8.0,nan,36,27,39.0,65
34,線西,2020-02-21,60,9,nan,nan,40,24,nan,60
35,二林,2020-02-21,70,10,5.0,nan,47,18,38.0,70
36,南投,2020-02-21,92,3,6.0,nan,52,25,50.0,92
37,斗六,2020-02-21,110,7,5.0,nan,66,32,51.0,110
38,崙背,2020-02-21,77,7,5.0,nan,48,18,47.0,77
39,新港,2020-02-21,93,4,6.0,nan,57,21,49.0,93
40,朴子,2020-02-21,75,4,5.0,nan,52,13,48.0,75
41,臺西,2020-02-21,64,4,nan,nan,38,16,nan,64
42,嘉義,2020-02-21,123,10,7.0,nan,63,20,45.0,123
43,新營,2020-02-21,96,4,6.0,nan,56,25,58.0,96
44,善化,2020-02-21,110,4,6.0,nan,64,17,64.0,110
45,安南,2020-02-21,98,6,6.0,nan,56,22,61.0,98
46,臺南,2020-02-21,90,4,7.0,nan,59,23,50.0,90
47,美濃,2020-02-21,97,3,5.0,nan,44,10,97.0,92
48,橋頭,2020-02-21,102,4,6.0,nan,59,23,74.0,102
49,仁武,2020-02-21,99,9,6.0,nan,54,31,80.0,99
50,鳳山,2020-02-21,88,7,7.0,nan,55,34,nan,88
51,大寮,2020-02-21,102,11,6.0,nan,57,34,71.0,102
52,林園,2020-02-21,99,11,5.0,nan,66,34,77.0,99
53,楠梓,2020-02-21,90,6,5.0,nan,55,25,77.0,90
54,左營,2020-02-21,92,6,6.0,nan,55,18,77.0,92
56,前金,2020-02-21,97,4,6.0,nan,60,22,87.0,97
57,前鎮,2020-02-21,88,14,nan,nan,56,35,nan,88
58,小港,2020-02-21,89,4,7.0,nan,54,36,71.0,89
59,屏東,2020-02-21,122,3,6.0,nan,60,25,122.0,103
60,潮州,2020-02-21,126,3,5.0,nan,54,15,126.0,103
61,恆春,2020-02-21,46,9,1.0,nan,17,1,46.0,32
62,臺東,2020-02-21,39,3,5.0,nan,19,15,39.0,32
63,花蓮,2020-02-21,41,3,5.0,nan,19,20,41.0,32
64,陽明,2020-02-21,42,3,2.0,nan,12,11,42.0,31
65,宜蘭,2020-02-21,43,11,5.0,nan,19,11,43.0,29
66,冬山,2020-02-21,40,4,3.0,nan,25,15,40.0,35
67,三重,2020-02-21,65,9,20.0,nan,33,50,nan,65
68,中壢,2020-02-21,64,7,15.0,nan,34,42,nan,64
69,竹山,2020-02-21,103,4,5.0,nan,55,20,74.0,103
70,永和,2020-02-21,58,6,18.0,nan,30,46,nan,58
71,復興,2020-02-21,97,13,9.0,nan,55,37,nan,97
72,埔里,2020-02-21,104,4,6.0,nan,44,21,104.0,93
75,馬祖,2020-02-21,47,4,2.0,nan,19,8,47.0,36
77,金門,2020-02-21,54,4,3.0,nan,27,16,54.0,46
78,馬公,2020-02-21,48,4,2.0,nan,29,3,48.0,38
80,關山,2020-02-21,35,1,nan,nan,12,8,35.0,35
83,麥寮,2020-02-21,62,4,nan,nan,47,20,nan,62
84,富貴角,2020-02-21,45,1,2.0,nan,35,8,45.0,34
1,基隆,2020-02-22,74,6,7.0,nan,39,24,61.0,74
84,富貴角,2020-02-22,76,1,3.0,nan,47,9,74.0,76
83,麥寮,2020-02-22,87,7,nan,nan,57,11,nan,87
80,關山,2020-02-22,34,3,nan,nan,10,6,34.0,33
78,馬公,2020-02-22,77,3,3.0,nan,33,3,77.0,60
77,金門,2020-02-22,81,6,5.0,nan,44,18,61.0,81
75,馬祖,2020-02-22,88,3,5.0,nan,46,8,77.0,88
72,埔里,2020-02-22,93,4,6.0,nan,37,23,93.0,90
71,復興,2020-02-22,117,9,9.0,nan,57,37,nan,117
70,永和,2020-02-22,75,4,8.0,nan,35,35,nan,75
69,竹山,2020-02-22,100,3,3.0,nan,52,17,90.0,100
68,中壢,2020-02-22,76,6,9.0,nan,36,32,nan,76
67,三重,2020-02-22,85,4,16.0,nan,40,41,nan,85
66,冬山,2020-02-22,51,3,3.0,nan,28,16,46.0,51
65,宜蘭,2020-02-22,51,9,3.0,nan,25,9,49.0,51
64,陽明,2020-02-22,50,1,3.0,nan,9,2,50.0,23
63,花蓮,2020-02-22,44,3,3.0,nan,17,10,44.0,35
62,臺東,2020-02-22,39,1,3.0,nan,17,9,39.0,33
61,恆春,2020-02-22,43,1,2.0,nan,15,1,43.0,35
60,潮州,2020-02-22,108,6,6.0,nan,57,13,108.0,106
59,屏東,2020-02-22,112,16,7.0,nan,59,26,112.0,106
58,小港,2020-02-22,105,11,7.0,nan,57,38,84.0,105
57,前鎮,2020-02-22,104,7,nan,nan,58,31,nan,104
56,前金,2020-02-22,108,6,7.0,nan,60,25,93.0,108
54,左營,2020-02-22,108,6,7.0,nan,58,25,97.0,108
53,楠梓,2020-02-22,105,4,6.0,nan,57,19,80.0,105
52,林園,2020-02-22,120,23,6.0,nan,66,26,93.0,120
51,大寮,2020-02-22,115,14,6.0,nan,57,25,87.0,115
50,鳳山,2020-02-22,97,14,8.0,nan,55,33,nan,97
49,仁武,2020-02-22,114,11,7.0,nan,55,35,87.0,114
48,橋頭,2020-02-22,114,4,7.0,nan,58,21,80.0,114
47,美濃,2020-02-22,126,4,5.0,nan,48,13,126.0,92
46,臺南,2020-02-22,114,4,6.0,nan,62,26,71.0,114
45,安南,2020-02-22,115,6,6.0,nan,60,21,90.0,115
44,善化,2020-02-22,124,7,5.0,nan,67,20,90.0,124
43,新營,2020-02-22,105,6,5.0,nan,62,23,71.0,105
42,嘉義,2020-02-22,112,10,6.0,nan,60,26,54.0,112
41,臺西,2020-02-22,78,6,nan,nan,44,10,nan,78
40,朴子,2020-02-22,92,9,5.0,nan,57,12,58.0,92
39,新港,2020-02-22,98,4,5.0,nan,59,12,61.0,98
38,崙背,2020-02-22,93,7,5.0,nan,56,14,54.0,93
37,斗六,2020-02-22,112,4,5.0,nan,64,21,80.0,112
36,南投,2020-02-22,97,3,6.0,nan,52,19,93.0,97
35,二林,2020-02-22,90,9,5.0,nan,57,15,41.0,90
34,線西,2020-02-22,79,10,nan,nan,48,13,nan,79
33,彰化,2020-02-22,79,4,6.0,nan,40,19,44.0,79
32,西屯,2020-02-22,76,4,3.0,nan,35,21,51.0,76
31,忠明,2020-02-22,79,4,5.0,nan,34,30,47.0,79
30,大里,2020-02-22,88,4,6.0,nan,44,27,58.0,88
29,沙鹿,2020-02-22,78,3,5.0,nan,40,17,50.0,78
28,豐原,2020-02-22,81,4,3.0,nan,35,12,50.0,81
27,三義,2020-02-22,55,4,3.0,nan,23,11,41.0,55
26,苗栗,2020-02-22,67,9,5.0,nan,31,18,31.0,67
25,頭份,2020-02-22,74,3,nan,nan,34,21,nan,74
24,新竹,2020-02-22,75,4,5.0,nan,37,22,47.0,75
23,竹東,2020-02-22,60,4,5.0,nan,26,14,47.0,60
22,湖口,2020-02-22,79,4,5.0,nan,37,12,54.0,79
21,龍潭,2020-02-22,81,6,6.0,nan,37,20,47.0,81
20,平鎮,2020-02-22,70,4,6.0,nan,35,27,43.0,70
19,觀音,2020-02-22,73,6,5.0,nan,42,8,64.0,73
18,大園,2020-02-22,80,7,5.0,nan,42,26,61.0,80
17,桃園,2020-02-22,73,10,6.0,nan,36,30,34.0,73
16,大同,2020-02-22,78,4,8.0,nan,37,34,nan,78
15,松山,2020-02-22,80,11,5.0,nan,41,27,42.0,80
14,古亭,2020-02-22,75,6,6.0,nan,36,33,43.0,75
13,萬華,2020-02-22,75,6,6.0,nan,39,23,41.0,75
12,中山,2020-02-22,78,4,6.0,nan,35,42,39.0,78
11,士林,2020-02-22,64,4,5.0,nan,28,25,64.0,62
10,淡水,2020-02-22,60,4,3.0,nan,28,18,58.0,60
9,林口,2020-02-22,67,4,3.0,nan,31,34,49.0,67
8,菜寮,2020-02-22,70,3,6.0,nan,34,25,38.0,70
7,新莊,2020-02-22,78,6,6.0,nan,40,26,44.0,78
6,板橋,2020-02-22,81,6,6.0,nan,40,25,39.0,81
5,土城,2020-02-22,73,6,6.0,nan,35,23,44.0,73
4,新店,2020-02-22,63,4,5.0,nan,25,18,42.0,63
3,萬里,2020-02-22,71,6,3.0,nan,51,8,71.0,69
2,汐止,2020-02-22,78,9,7.0,nan,37,25,51.0,78
60,潮州,2020-02-23,112,9,6.0,nan,58,13,112.0,108
1,基隆,2020-02-23,67,1,3.0,nan,54,17,48.0,67
2,汐止,2020-02-23,68,9,3.0,nan,52,20,46.0,68
3,萬里,2020-02-23,74,4,3.0,nan,70,12,64.0,74
4,新店,2020-02-23,61,1,5.0,nan,40,13,47.0,61
5,土城,2020-02-23,58,3,5.0,nan,46,15,47.0,58
6,板橋,2020-02-23,65,3,5.0,nan,49,18,43.0,65
7,新莊,2020-02-23,67,3,5.0,nan,53,12,46.0,67
8,菜寮,2020-02-23,67,4,5.0,nan,51,13,39.0,67
9,林口,2020-02-23,65,3,3.0,nan,49,8,48.0,65
10,淡水,2020-02-23,56,3,3.0,nan,39,7,47.0,56
11,士林,2020-02-23,62,6,3.0,nan,48,6,58.0,62
12,中山,2020-02-23,71,3,6.0,nan,53,22,45.0,71
13,萬華,2020-02-23,65,3,5.0,nan,52,20,45.0,65
14,古亭,2020-02-23,63,1,3.0,nan,47,16,48.0,63
15,松山,2020-02-23,73,4,5.0,nan,53,21,45.0,73
16,大同,2020-02-23,68,3,7.0,nan,54,31,nan,68
17,桃園,2020-02-23,61,4,5.0,nan,47,13,39.0,61
18,大園,2020-02-23,64,7,3.0,nan,49,12,51.0,64
19,觀音,2020-02-23,64,6,3.0,nan,53,14,47.0,64
20,平鎮,2020-02-23,60,3,5.0,nan,44,12,47.0,60
21,龍潭,2020-02-23,57,3,3.0,nan,32,13,48.0,57
22,湖口,2020-02-23,63,3,3.0,nan,40,18,49.0,63
23,竹東,2020-02-23,49,4,3.0,nan,26,10,46.0,49
24,新竹,2020-02-23,56,4,5.0,nan,35,17,48.0,56
25,頭份,2020-02-23,60,3,nan,nan,32,20,nan,60
26,苗栗,2020-02-23,60,11,6.0,nan,39,25,33.0,60
27,三義,2020-02-23,61,4,6.0,nan,29,15,48.0,61
28,豐原,2020-02-23,87,4,6.0,nan,44,22,74.0,87
29,沙鹿,2020-02-23,71,3,5.0,nan,45,27,67.0,71
30,大里,2020-02-23,92,4,7.0,nan,52,24,71.0,92
31,忠明,2020-02-23,78,4,6.0,nan,44,35,54.0,78
32,西屯,2020-02-23,74,3,5.0,nan,42,23,74.0,74
33,彰化,2020-02-23,76,10,7.0,nan,47,19,47.0,76
34,線西,2020-02-23,68,11,nan,nan,54,15,nan,68
35,二林,2020-02-23,75,9,5.0,nan,58,8,41.0,75
36,南投,2020-02-23,108,7,6.0,nan,52,22,108.0,94
37,斗六,2020-02-23,118,6,6.0,nan,66,14,90.0,118
38,崙背,2020-02-23,79,6,5.0,nan,57,10,71.0,79
39,新港,2020-02-23,93,4,6.0,nan,61,11,74.0,93
40,朴子,2020-02-23,85,4,5.0,nan,64,7,74.0,85
41,臺西,2020-02-23,74,9,nan,nan,53,11,nan,74
42,嘉義,2020-02-23,120,7,6.0,nan,66,17,67.0,120
43,新營,2020-02-23,105,3,5.0,nan,68,13,93.0,105
44,善化,2020-02-23,112,6,5.0,nan,73,11,108.0,112
45,安南,2020-02-23,120,4,6.0,nan,73,12,104.0,120
46,臺南,2020-02-23,122,4,6.0,nan,75,19,100.0,122
47,美濃,2020-02-23,89,4,5.0,nan,44,10,84.0,89
48,橋頭,2020-02-23,110,4,7.0,nan,59,28,97.0,110
49,仁武,2020-02-23,110,11,6.0,nan,59,29,100.0,110
50,鳳山,2020-02-23,93,7,7.0,nan,57,25,nan,93
51,大寮,2020-02-23,123,10,6.0,nan,59,22,90.0,123
52,林園,2020-02-23,113,31,5.0,nan,65,24,100.0,113
53,楠梓,2020-02-23,98,6,7.0,nan,56,34,93.0,98
54,左營,2020-02-23,108,6,7.0,nan,59,23,108.0,106
56,前金,2020-02-23,107,6,7.0,nan,62,22,101.0,107
57,前鎮,2020-02-23,95,7,nan,nan,59,24,nan,95
58,小港,2020-02-23,104,6,7.0,nan,57,27,104.0,97
59,屏東,2020-02-23,104,4,7.0,nan,59,24,101.0,104
61,恆春,2020-02-23,56,56,2.0,nan,11,2,48.0,27
62,臺東,2020-02-23,43,1,5.0,nan,10,7,43.0,20
63,花蓮,2020-02-23,37,6,5.0,nan,17,31,37.0,29
64,陽明,2020-02-23,47,3,2.0,nan,21,2,47.0,32
65,宜蘭,2020-02-23,64,13,3.0,nan,37,8,44.0,64
66,冬山,2020-02-23,51,6,3.0,nan,26,8,44.0,51
67,三重,2020-02-23,74,4,12.0,nan,55,36,nan,74
68,中壢,2020-02-23,61,4,10.0,nan,45,28,nan,61
69,竹山,2020-02-23,104,7,6.0,nan,57,14,101.0,104
70,永和,2020-02-23,63,1,5.0,nan,47,14,nan,63
71,復興,2020-02-23,104,9,8.0,nan,57,25,nan,104
72,埔里,2020-02-23,112,4,6.0,nan,43,18,112.0,94
75,馬祖,2020-02-23,130,3,5.0,nan,83,7,126.0,130
77,金門,2020-02-23,87,3,3.0,nan,66,8,87.0,82
78,馬公,2020-02-23,90,3,3.0,nan,62,2,90.0,84
80,關山,2020-02-23,39,6,nan,nan,11,6,39.0,34
83,麥寮,2020-02-23,84,9,nan,nan,78,12,nan,84
84,富貴角,2020-02-23,72,3,2.0,nan,64,5,54.0,72
84,富貴角,2020-02-24,67,6,3.0,nan,33,9,67.0,51
83,麥寮,2020-02-24,102,4,nan,nan,71,20,nan,102
80,關山,2020-02-24,33,3,nan,nan,12,5,33.0,28
78,馬公,2020-02-24,104,3,5.0,nan,59,4,104.0,87
77,金門,2020-02-24,85,4,3.0,nan,60,15,74.0,85
75,馬祖,2020-02-24,105,6,5.0,nan,68,8,74.0,105
72,埔里,2020-02-24,100,6,6.0,nan,46,20,100.0,93
71,復興,2020-02-24,105,7,9.0,nan,62,38,nan,105
70,永和,2020-02-24,49,4,14.0,nan,18,49,nan,37
69,竹山,2020-02-24,132,7,6.0,nan,73,15,122.0,132
68,中壢,2020-02-24,83,6,18.0,nan,45,49,nan,83
67,三重,2020-02-24,64,6,18.0,nan,31,64,nan,61
66,冬山,2020-02-24,36,3,3.0,nan,19,17,36.0,32
65,宜蘭,2020-02-24,43,14,5.0,nan,20,15,43.0,35
64,陽明,2020-02-24,58,3,3.0,nan,11,10,58.0,25
63,花蓮,2020-02-24,43,4,3.0,nan,20,10,43.0,33
62,臺東,2020-02-24,42,1,6.0,nan,18,18,42.0,34
61,恆春,2020-02-24,47,9,2.0,nan,23,2,47.0,39
60,潮州,2020-02-24,136,7,6.0,nan,59,17,136.0,102
59,屏東,2020-02-24,108,6,6.0,nan,62,19,108.0,107
58,小港,2020-02-24,99,4,7.0,nan,61,43,77.0,99
57,前鎮,2020-02-24,98,6,nan,nan,64,33,nan,98
56,前金,2020-02-24,112,6,7.0,nan,66,28,112.0,103
54,左營,2020-02-24,100,10,7.0,nan,61,36,100.0,93
53,楠梓,2020-02-24,95,4,6.0,nan,62,29,93.0,95
52,林園,2020-02-24,118,7,6.0,nan,70,23,104.0,118
51,大寮,2020-02-24,143,26,8.0,nan,70,26,97.0,143
50,鳳山,2020-02-24,102,6,8.0,nan,62,30,nan,102
49,仁武,2020-02-24,106,11,6.0,nan,62,34,93.0,106
48,橋頭,2020-02-24,107,9,7.0,nan,64,25,90.0,107
47,美濃,2020-02-24,100,3,5.0,nan,52,9,100.0,96
46,臺南,2020-02-24,112,6,8.0,nan,70,30,90.0,112
45,安南,2020-02-24,110,4,6.0,nan,68,24,104.0,110
44,善化,2020-02-24,126,7,6.0,nan,68,18,126.0,108
43,新營,2020-02-24,110,4,6.0,nan,72,18,108.0,110
42,嘉義,2020-02-24,123,7,7.0,nan,70,20,77.0,123
41,臺西,2020-02-24,102,11,nan,nan,66,33,nan,102
40,朴子,2020-02-24,105,6,5.0,nan,72,12,97.0,105
39,新港,2020-02-24,117,4,7.0,nan,78,15,101.0,117
38,崙背,2020-02-24,116,4,6.0,nan,76,18,93.0,116
37,斗六,2020-02-24,146,6,7.0,nan,82,16,112.0,146
36,南投,2020-02-24,133,7,9.0,nan,74,28,129.0,133
35,二林,2020-02-24,119,9,6.0,nan,73,18,49.0,119
34,線西,2020-02-24,116,10,nan,nan,73,25,nan,116
33,彰化,2020-02-24,123,13,8.0,nan,69,24,48.0,123
32,西屯,2020-02-24,135,9,9.0,nan,72,41,77.0,135
31,忠明,2020-02-24,135,9,8.0,nan,73,35,54.0,135
30,大里,2020-02-24,140,10,8.0,nan,78,36,71.0,140
29,沙鹿,2020-02-24,131,16,8.0,nan,73,31,87.0,131
28,豐原,2020-02-24,127,6,8.0,nan,66,29,80.0,127
27,三義,2020-02-24,104,6,6.0,nan,57,22,58.0,104
26,苗栗,2020-02-24,106,4,6.0,nan,59,20,41.0,106
25,頭份,2020-02-24,102,9,nan,nan,59,22,nan,102
24,新竹,2020-02-24,90,11,6.0,nan,52,23,77.0,90
23,竹東,2020-02-24,85,3,7.0,nan,46,27,80.0,85
22,湖口,2020-02-24,97,6,5.0,nan,44,22,97.0,81
21,龍潭,2020-02-24,78,9,8.0,nan,41,43,77.0,78
20,平鎮,2020-02-24,71,6,7.0,nan,41,45,58.0,71
19,觀音,2020-02-24,80,10,5.0,nan,44,24,80.0,69
18,大園,2020-02-24,76,21,6.0,nan,43,29,58.0,76
17,桃園,2020-02-24,72,16,8.0,nan,38,49,47.0,72
16,大同,2020-02-24,68,4,18.0,nan,26,68,nan,53
15,松山,2020-02-24,46,4,8.0,nan,22,41,45.0,46
14,古亭,2020-02-24,48,6,8.0,nan,17,38,48.0,37
13,萬華,2020-02-24,44,6,9.0,nan,20,41,44.0,39
1,基隆,2020-02-24,46,3,5.0,nan,24,20,46.0,42
2,汐止,2020-02-24,46,6,7.0,nan,19,31,46.0,40
3,萬里,2020-02-24,49,10,3.0,nan,19,15,49.0,42
4,新店,2020-02-24,45,3,7.0,nan,12,31,45.0,28
12,中山,2020-02-24,51,7,12.0,nan,22,51,41.0,45
5,土城,2020-02-24,58,6,9.0,nan,20,39,58.0,42
11,士林,2020-02-24,61,6,8.0,nan,21,40,61.0,44
6,板橋,2020-02-24,47,6,11.0,nan,23,46,45.0,47
10,淡水,2020-02-24,71,4,6.0,nan,20,25,71.0,38
7,新莊,2020-02-24,63,7,11.0,nan,33,63,54.0,57
9,林口,2020-02-24,64,7,6.0,nan,28,34,64.0,56
8,菜寮,2020-02-24,57,6,12.0,nan,27,57,40.0,53
84,富貴角,2020-02-25,97,1,6.0,nan,45.0,16,80.0,97.0
1,基隆,2020-02-25,83,6,9.0,nan,36.0,31,61.0,83.0
2,汐止,2020-02-25,66,17,10.0,nan,32.0,44,48.0,66.0
3,萬里,2020-02-25,112,6,6.0,nan,33.0,18,112.0,77.0
4,新店,2020-02-25,104,6,7.0,nan,24.0,32,104.0,58.0
5,土城,2020-02-25,109,7,10.0,nan,52.0,52,101.0,109.0
6,板橋,2020-02-25,119,7,14.0,nan,59.0,66,58.0,119.0
7,新莊,2020-02-25,103,7,11.0,nan,52.0,53,46.0,103.0
8,菜寮,2020-02-25,88,19,11.0,nan,45.0,54,37.0,88.0
9,林口,2020-02-25,82,9,7.0,nan,38.0,42,50.0,82.0
10,淡水,2020-02-25,94,6,8.0,nan,44.0,40,61.0,94.0
11,士林,2020-02-25,69,4,8.0,nan,36.0,42,48.0,69.0
12,中山,2020-02-25,76,7,14.0,nan,35.0,56,40.0,76.0
13,萬華,2020-02-25,69,9,11.0,nan,34.0,52,45.0,69.0
14,古亭,2020-02-25,74,6,8.0,nan,31.0,51,74.0,65.0
15,松山,2020-02-25,76,6,11.0,nan,38.0,45,46.0,76.0
16,大同,2020-02-25,87,9,23.0,nan,43.0,56,nan,87.0
17,桃園,2020-02-25,110,26,10.0,nan,52.0,49,39.0,110.0
18,大園,2020-02-25,125,20,9.0,nan,57.0,52,50.0,125.0
19,觀音,2020-02-25,116,11,8.0,nan,59.0,42,54.0,116.0
20,平鎮,2020-02-25,83,7,9.0,nan,40.0,49,44.0,83.0
21,龍潭,2020-02-25,67,7,7.0,nan,30.0,41,54.0,67.0
22,湖口,2020-02-25,99,4,7.0,nan,43.0,34,71.0,99.0
23,竹東,2020-02-25,57,6,5.0,nan,27.0,29,47.0,57.0
24,新竹,2020-02-25,80,4,10.0,nan,35.0,42,28.0,80.0
25,頭份,2020-02-25,79,3,nan,nan,35.0,24,nan,79.0
26,苗栗,2020-02-25,74,6,6.0,nan,36.0,28,35.0,74.0
27,三義,2020-02-25,52,3,3.0,nan,23.0,12,41.0,52.0
28,豐原,2020-02-25,67,4,6.0,nan,33.0,24,45.0,67.0
29,沙鹿,2020-02-25,110,4,9.0,nan,54.0,42,54.0,110.0
30,大里,2020-02-25,96,6,9.0,nan,54.0,34,47.0,96.0
31,忠明,2020-02-25,99,4,10.0,nan,50.0,41,43.0,99.0
32,西屯,2020-02-25,105,3,10.0,nan,53.0,35,48.0,105.0
33,彰化,2020-02-25,106,13,9.0,nan,58.0,34,38.0,106.0
34,線西,2020-02-25,131,20,nan,nan,75.0,33,nan,131.0
35,二林,2020-02-25,133,14,8.0,nan,73.0,29,45.0,133.0
36,南投,2020-02-25,101,11,7.0,nan,54.0,33,77.0,101.0
37,斗六,2020-02-25,106,4,5.0,nan,60.0,23,101.0,106.0
38,崙背,2020-02-25,138,6,7.0,nan,75.0,28,67.0,138.0
39,新港,2020-02-25,131,6,7.0,nan,73.0,21,74.0,131.0
40,朴子,2020-02-25,119,7,6.0,nan,70.0,14,67.0,119.0
41,臺西,2020-02-25,117,7,nan,nan,66.0,16,nan,117.0
42,嘉義,2020-02-25,102,6,7.0,nan,53.0,23,77.0,102.0
43,新營,2020-02-25,105,6,7.0,nan,61.0,28,90.0,105.0
44,善化,2020-02-25,93,9,6.0,nan,53.0,17,93.0,90.0
45,安南,2020-02-25,113,4,8.0,nan,62.0,29,100.0,113.0
46,臺南,2020-02-25,101,6,8.0,nan,58.0,33,90.0,101.0
47,美濃,2020-02-25,87,3,3.0,nan,43.0,12,87.0,79.0
48,橋頭,2020-02-25,100,6,7.0,nan,57.0,33,100.0,99.0
49,仁武,2020-02-25,110,11,7.0,nan,57.0,41,104.0,110.0
50,鳳山,2020-02-25,102,7,8.0,nan,60.0,45,nan,102.0
51,大寮,2020-02-25,136,21,6.0,nan,62.0,28,136.0,116.0
52,林園,2020-02-25,118,10,6.0,nan,71.0,23,118.0,118.0
53,楠梓,2020-02-25,101,4,6.0,nan,57.0,29,101.0,99.0
54,左營,2020-02-25,95,6,7.0,nan,54.0,27,87.0,95.0
56,前金,2020-02-25,115,6,7.0,nan,59.0,25,115.0,99.0
57,前鎮,2020-02-25,101,4,nan,nan,64.0,35,nan,101.0
58,小港,2020-02-25,103,6,8.0,nan,59.0,43,93.0,103.0
59,屏東,2020-02-25,132,4,6.0,nan,61.0,21,132.0,102.0
60,潮州,2020-02-25,150,6,5.0,nan,57.0,14,150.0,100.0
61,恆春,2020-02-25,38,9,2.0,nan,19.0,2,38.0,28.0
62,臺東,2020-02-25,33,1,5.0,nan,30.0,14,29.0,33.0
63,花蓮,2020-02-25,33,3,5.0,nan,20.0,10,33.0,32.0
64,陽明,2020-02-25,54,3,2.0,nan,17.0,10,54.0,40.0
65,宜蘭,2020-02-25,40,17,3.0,nan,23.0,14,40.0,38.0
66,冬山,2020-02-25,45,4,5.0,nan,29.0,20,33.0,45.0
67,三重,2020-02-25,97,7,18.0,nan,49.0,55,nan,97.0
68,中壢,2020-02-25,55,6,16.0,nan,nan,55,nan,nan
69,竹山,2020-02-25,112,7,5.0,nan,52.0,21,112.0,97.0
70,永和,2020-02-25,71,7,17.0,nan,36.0,64,nan,71.0
71,復興,2020-02-25,111,6,11.0,nan,59.0,39,nan,111.0
72,埔里,2020-02-25,77,4,6.0,nan,32.0,23,77.0,72.0
75,馬祖,2020-02-25,88,4,5.0,nan,48.0,35,51.0,88.0
77,金門,2020-02-25,95,4,5.0,nan,57.0,15,84.0,95.0
78,馬公,2020-02-25,74,3,3.0,nan,41.0,7,74.0,67.0
80,關山,2020-02-25,27,3,nan,nan,12.0,7,24.0,27.0
83,麥寮,2020-02-25,124,6,nan,nan,71.0,19,nan,124.0
9,林口,2020-02-26,73,9,8.0,nan,37,38,43.0,73
70,永和,2020-02-26,60,4,15.0,nan,28,35,nan,60
8,菜寮,2020-02-26,59,4,8.0,nan,25,27,36.0,59
7,新莊,2020-02-26,72,6,11.0,nan,34,45,42.0,72
69,竹山,2020-02-26,58,6,5.0,nan,31,17,41.0,58
6,板橋,2020-02-26,77,7,12.0,nan,37,61,38.0,77
68,中壢,2020-02-26,70,9,16.0,nan,34,40,nan,70
5,土城,2020-02-26,72,7,11.0,nan,36,51,50.0,72
4,新店,2020-02-26,63,7,6.0,nan,27,21,49.0,63
3,萬里,2020-02-26,57,6,3.0,nan,27,16,54.0,57
2,汐止,2020-02-26,67,11,9.0,nan,33,39,50.0,67
67,三重,2020-02-26,67,6,16.0,nan,31,42,nan,67
66,冬山,2020-02-26,55,9,5.0,nan,32,17,45.0,55
65,宜蘭,2020-02-26,49,7,5.0,nan,26,10,48.0,49
64,陽明,2020-02-26,40,11,2.0,nan,10,7,40.0,27
63,花蓮,2020-02-26,38,3,3.0,nan,19,10,38.0,28
62,臺東,2020-02-26,26,1,3.0,nan,18,10,26.0,20
61,恆春,2020-02-26,28,3,1.0,nan,13,1,28.0,18
60,潮州,2020-02-26,151,10,5.0,102.0,52,15,151.0,85
59,屏東,2020-02-26,80,6,6.0,nan,50,20,80.0,74
58,小港,2020-02-26,79,10,6.0,nan,45,38,48.0,79
57,前鎮,2020-02-26,71,7,nan,nan,48,40,nan,71
56,前金,2020-02-26,77,7,8.0,nan,46,40,50.0,77
54,左營,2020-02-26,74,7,9.0,nan,44,40,47.0,74
53,楠梓,2020-02-26,75,4,6.0,nan,45,33,47.0,75
52,林園,2020-02-26,81,9,6.0,nan,54,18,61.0,81
51,大寮,2020-02-26,85,11,6.0,nan,50,29,74.0,85
50,鳳山,2020-02-26,75,9,7.0,nan,45,26,nan,75
49,仁武,2020-02-26,84,11,6.0,nan,47,40,47.0,84
48,橋頭,2020-02-26,82,7,6.0,nan,46,27,44.0,82
47,美濃,2020-02-26,63,3,5.0,nan,34,9,47.0,63
46,臺南,2020-02-26,69,6,6.0,nan,41,27,39.0,69
45,安南,2020-02-26,78,6,6.0,nan,47,29,43.0,78
44,善化,2020-02-26,72,11,5.0,nan,42,17,42.0,72
43,新營,2020-02-26,73,6,6.0,nan,44,25,42.0,73
42,嘉義,2020-02-26,75,7,6.0,nan,41,23,35.0,75
41,臺西,2020-02-26,72,9,nan,nan,39,18,nan,72
71,復興,2020-02-26,78,7,10.0,nan,44,45,nan,78
40,朴子,2020-02-26,76,7,6.0,nan,50,18,39.0,76
39,新港,2020-02-26,74,7,6.0,nan,51,24,38.0,74
38,崙背,2020-02-26,75,6,5.0,nan,47,21,42.0,75
37,斗六,2020-02-26,64,9,3.0,nan,40,20,43.0,64
36,南投,2020-02-26,57,4,6.0,nan,31,22,37.0,57
35,二林,2020-02-26,83,9,6.0,nan,53,26,32.0,83
34,線西,2020-02-26,64,10,nan,nan,41,26,nan,64
33,彰化,2020-02-26,56,23,6.0,nan,31,27,26.0,56
32,西屯,2020-02-26,65,3,6.0,nan,32,28,35.0,65
31,忠明,2020-02-26,65,6,9.0,nan,31,42,31.0,65
30,大里,2020-02-26,54,6,7.0,nan,30,25,32.0,54
29,沙鹿,2020-02-26,58,6,6.0,nan,28,33,40.0,58
28,豐原,2020-02-26,44,4,3.0,nan,21,21,37.0,44
27,三義,2020-02-26,45,4,3.0,nan,19,6,34.0,45
26,苗栗,2020-02-26,53,11,5.0,nan,29,21,27.0,53
25,頭份,2020-02-26,58,6,nan,nan,30,16,nan,58
24,新竹,2020-02-26,62,3,6.0,nan,31,26,44.0,62
23,竹東,2020-02-26,55,3,3.0,nan,24,14,48.0,55
22,湖口,2020-02-26,65,7,5.0,nan,30,29,51.0,65
21,龍潭,2020-02-26,57,7,5.0,nan,29,22,36.0,57
1,基隆,2020-02-26,64,9,7.0,nan,33,23,46.0,64
20,平鎮,2020-02-26,67,10,6.0,nan,36,32,42.0,67
19,觀音,2020-02-26,78,9,7.0,nan,44,36,45.0,78
18,大園,2020-02-26,81,17,8.0,nan,42,45,47.0,81
17,桃園,2020-02-26,77,23,10.0,nan,37,42,33.0,77
16,大同,2020-02-26,63,6,17.0,nan,30,41,nan,63
84,富貴角,2020-02-26,54,1,3.0,nan,30,16,47.0,54
15,松山,2020-02-26,67,4,9.0,nan,33,36,45.0,67
83,麥寮,2020-02-26,76,7,nan,nan,47,19,nan,76
14,古亭,2020-02-26,56,4,6.0,nan,25,23,45.0,56
80,關山,2020-02-26,23,3,nan,nan,5,6,23.0,22
13,萬華,2020-02-26,53,4,7.0,nan,26,29,41.0,53
78,馬公,2020-02-26,58,3,3.0,nan,30,8,44.0,58
12,中山,2020-02-26,57,4,8.0,nan,25,35,36.0,57
77,金門,2020-02-26,105,4,5.0,nan,52,25,74.0,105
75,馬祖,2020-02-26,104,3,6.0,nan,43,15,48.0,104
11,士林,2020-02-26,60,6,7.0,nan,29,35,42.0,60
72,埔里,2020-02-26,44,4,5.0,nan,19,17,44.0,42
10,淡水,2020-02-26,56,3,7.0,nan,24,39,44.0,56
39,新港,2020-02-27,81,7,3.0,nan,64,17,77.0,81
83,麥寮,2020-02-27,60,7,nan,nan,49,13,nan,60
80,關山,2020-02-27,36,1,nan,nan,9,7,36.0,24
78,馬公,2020-02-27,51,3,3.0,nan,31,2,51.0,44
77,金門,2020-02-27,58,3,3.0,nan,29,8,58.0,55
75,馬祖,2020-02-27,71,3,3.0,nan,38,6,61.0,71
72,埔里,2020-02-27,112,4,5.0,nan,24,20,112.0,54
71,復興,2020-02-27,112,4,9.0,nan,62,27,nan,112
70,永和,2020-02-27,39,3,7.0,nan,19,21,nan,39
69,竹山,2020-02-27,87,3,3.0,nan,48,17,87.0,79
68,中壢,2020-02-27,42,3,8.0,nan,23,34,nan,42
67,三重,2020-02-27,46,3,15.0,nan,22,42,nan,46
66,冬山,2020-02-27,43,3,3.0,nan,19,15,43.0,31
65,宜蘭,2020-02-27,44,11,3.0,nan,18,11,44.0,25
64,陽明,2020-02-27,47,3,2.0,nan,5,4,47.0,3
63,花蓮,2020-02-27,45,3,6.0,nan,23,18,45.0,36
62,臺東,2020-02-27,41,1,5.0,nan,14,8,41.0,24
61,恆春,2020-02-27,46,1,2.0,nan,5,2,46.0,18
60,潮州,2020-02-27,83,4,5.0,nan,49,16,51.0,83
59,屏東,2020-02-27,95,6,7.0,nan,58,25,46.0,95
58,小港,2020-02-27,102,6,7.0,nan,59,29,48.0,102
57,前鎮,2020-02-27,103,4,nan,nan,67,28,nan,103
56,前金,2020-02-27,112,4,7.0,nan,68,24,74.0,112
54,左營,2020-02-27,103,6,7.0,nan,64,20,84.0,103
53,楠梓,2020-02-27,105,6,6.0,nan,63,16,61.0,105
52,林園,2020-02-27,102,11,6.0,nan,62,29,67.0,102
51,大寮,2020-02-27,111,10,6.0,nan,62,29,38.0,111
50,鳳山,2020-02-27,111,7,7.0,nan,64,26,nan,111
49,仁武,2020-02-27,114,11,6.0,nan,62,20,67.0,114
48,橋頭,2020-02-27,117,4,6.0,nan,66,19,61.0,117
47,美濃,2020-02-27,84,6,5.0,nan,45,15,51.0,84
46,臺南,2020-02-27,89,6,5.0,nan,61,15,74.0,89
45,安南,2020-02-27,94,4,5.0,nan,60,14,87.0,94
44,善化,2020-02-27,98,6,5.0,nan,66,15,80.0,98
43,新營,2020-02-27,87,6,5.0,nan,62,19,71.0,87
42,嘉義,2020-02-27,95,7,6.0,nan,60,25,51.0,95
41,臺西,2020-02-27,57,7,nan,nan,39,11,nan,57
40,朴子,2020-02-27,75,6,5.0,nan,59,14,61.0,75
38,崙背,2020-02-27,69,9,5.0,nan,54,18,61.0,69
37,斗六,2020-02-27,87,4,5.0,nan,58,19,84.0,87
36,南投,2020-02-27,97,3,6.0,nan,45,25,97.0,74
35,二林,2020-02-27,62,13,5.0,nan,62,14,39.0,60
34,線西,2020-02-27,57,9,nan,nan,47,13,nan,57
33,彰化,2020-02-27,57,4,6.0,nan,39,17,39.0,57
32,西屯,2020-02-27,59,3,3.0,nan,36,20,49.0,59
31,忠明,2020-02-27,64,4,5.0,nan,35,19,44.0,64
30,大里,2020-02-27,58,4,7.0,nan,36,24,47.0,58
29,沙鹿,2020-02-27,56,6,3.0,nan,37,13,48.0,56
28,豐原,2020-02-27,54,3,3.0,nan,24,16,44.0,54
27,三義,2020-02-27,50,4,3.0,nan,24,15,40.0,50
26,苗栗,2020-02-27,50,6,5.0,nan,31,16,29.0,50
25,頭份,2020-02-27,49,4,nan,nan,28,17,nan,49
24,新竹,2020-02-27,43,3,5.0,nan,28,15,43.0,42
23,竹東,2020-02-27,44,4,3.0,nan,16,11,44.0,32
22,湖口,2020-02-27,48,4,3.0,nan,25,11,45.0,48
21,龍潭,2020-02-27,44,4,5.0,nan,16,12,44.0,34
20,平鎮,2020-02-27,42,4,5.0,nan,27,26,39.0,42
19,觀音,2020-02-27,45,4,3.0,nan,34,8,45.0,45
18,大園,2020-02-27,50,10,3.0,nan,30,25,46.0,50
17,桃園,2020-02-27,37,3,6.0,nan,19,16,32.0,37
16,大同,2020-02-27,44,3,11.0,nan,21,42,nan,44
15,松山,2020-02-27,47,3,6.0,nan,24,29,43.0,47
14,古亭,2020-02-27,43,4,5.0,nan,19,19,43.0,36
13,萬華,2020-02-27,42,3,5.0,nan,19,24,42.0,38
12,中山,2020-02-27,40,3,7.0,nan,17,29,40.0,34
11,士林,2020-02-27,49,3,3.0,nan,13,8,49.0,25
10,淡水,2020-02-27,46,3,3.0,nan,14,5,46.0,29
9,林口,2020-02-27,41,3,3.0,nan,20,15,41.0,38
8,菜寮,2020-02-27,34,4,6.0,nan,18,18,34.0,34
7,新莊,2020-02-27,42,3,5.0,nan,21,17,42.0,36
6,板橋,2020-02-27,38,3,6.0,nan,19,27,38.0,37
5,土城,2020-02-27,44,3,5.0,nan,19,16,44.0,33
4,新店,2020-02-27,41,3,6.0,nan,14,18,41.0,31
3,萬里,2020-02-27,49,3,3.0,nan,49,11,49.0,49
2,汐止,2020-02-27,46,4,5.0,nan,20,19,46.0,36
1,基隆,2020-02-27,47,3,3.0,nan,26,8,47.0,41
84,富貴角,2020-02-27,50,1,2.0,nan,44,2,50.0,47
2,汐止,2020-02-28,63,10,8.0,nan,38.0,41,47.0,63.0
1,基隆,2020-02-28,49,4,6.0,nan,29.0,22,42.0,49.0
84,富貴角,2020-02-28,56,1,2.0,nan,48.0,6,45.0,56.0
83,麥寮,2020-02-28,102,6,nan,nan,70.0,16,nan,102.0
80,關山,2020-02-28,35,1,nan,nan,11.0,6,35.0,28.0
78,馬公,2020-02-28,67,4,3.0,nan,50.0,8,67.0,67.0
77,金門,2020-02-28,74,4,3.0,nan,35.0,10,74.0,64.0
75,馬祖,2020-02-28,79,6,7.0,nan,42.0,16,44.0,79.0
72,埔里,2020-02-28,90,6,6.0,nan,46.0,19,90.0,82.0
71,復興,2020-02-28,91,4,8.0,nan,59.0,27,nan,91.0
70,永和,2020-02-28,69,4,16.0,nan,43.0,49,nan,69.0
69,竹山,2020-02-28,112,6,5.0,nan,68.0,16,97.0,112.0
68,中壢,2020-02-28,86,4,16.0,nan,55.0,44,nan,86.0
67,三重,2020-02-28,83,6,17.0,nan,50.0,48,nan,83.0
66,冬山,2020-02-28,37,1,5.0,nan,14.0,20,37.0,21.0
65,宜蘭,2020-02-28,44,9,6.0,nan,14.0,17,44.0,20.0
64,陽明,2020-02-28,54,3,3.0,nan,15.0,5,54.0,30.0
63,花蓮,2020-02-28,44,4,3.0,nan,17.0,13,44.0,29.0
62,臺東,2020-02-28,42,1,5.0,nan,19.0,11,42.0,34.0
61,恆春,2020-02-28,45,1,2.0,nan,20.0,2,45.0,37.0
60,潮州,2020-02-28,129,6,6.0,nan,61.0,19,129.0,96.0
59,屏東,2020-02-28,94,3,6.0,nan,64.0,19,93.0,94.0
58,小港,2020-02-28,88,11,7.0,nan,59.0,36,67.0,88.0
57,前鎮,2020-02-28,81,4,nan,nan,59.0,27,nan,81.0
56,前金,2020-02-28,108,3,5.0,nan,nan,21,108.0,nan
54,左營,2020-02-28,87,4,7.0,nan,59.0,24,84.0,87.0
53,楠梓,2020-02-28,95,6,6.0,nan,62.0,20,80.0,95.0
52,林園,2020-02-28,112,9,6.0,nan,73.0,24,112.0,104.0
51,大寮,2020-02-28,105,16,7.0,nan,64.0,33,90.0,105.0
50,鳳山,2020-02-28,89,9,7.0,nan,62.0,29,nan,89.0
49,仁武,2020-02-28,104,7,7.0,nan,61.0,26,90.0,104.0
48,橋頭,2020-02-28,98,6,7.0,nan,63.0,21,77.0,98.0
47,美濃,2020-02-28,82,4,5.0,nan,50.0,11,74.0,82.0
46,臺南,2020-02-28,86,6,6.0,nan,59.0,25,67.0,86.0
45,安南,2020-02-28,93,7,6.0,nan,59.0,17,80.0,93.0
44,善化,2020-02-28,91,7,5.0,nan,64.0,18,74.0,91.0
43,新營,2020-02-28,91,6,6.0,nan,62.0,27,77.0,91.0
42,嘉義,2020-02-28,111,4,6.0,nan,68.0,22,61.0,111.0
41,臺西,2020-02-28,95,9,nan,nan,63.0,16,nan,95.0
40,朴子,2020-02-28,92,6,5.0,nan,68.0,11,67.0,92.0
39,新港,2020-02-28,103,4,5.0,nan,76.0,14,71.0,103.0
38,崙背,2020-02-28,107,4,6.0,nan,71.0,15,67.0,107.0
37,斗六,2020-02-28,122,4,6.0,nan,78.0,27,93.0,122.0
36,南投,2020-02-28,98,4,7.0,nan,62.0,29,93.0,98.0
35,二林,2020-02-28,95,14,7.0,nan,70.0,16,42.0,95.0
34,線西,2020-02-28,84,7,nan,nan,65.0,33,nan,84.0
33,彰化,2020-02-28,87,6,9.0,nan,59.0,30,43.0,87.0
32,西屯,2020-02-28,94,4,8.0,nan,55.0,43,51.0,94.0
31,忠明,2020-02-28,90,4,9.0,nan,53.0,44,48.0,90.0
30,大里,2020-02-28,93,6,8.0,nan,61.0,35,64.0,93.0
29,沙鹿,2020-02-28,84,6,8.0,nan,56.0,46,47.0,84.0
28,豐原,2020-02-28,85,6,6.0,nan,49.0,25,46.0,85.0
27,三義,2020-02-28,67,4,5.0,nan,32.0,13,40.0,67.0
26,苗栗,2020-02-28,65,6,6.0,nan,46.0,15,30.0,65.0
25,頭份,2020-02-28,71,6,nan,nan,53.0,27,nan,71.0
24,新竹,2020-02-28,85,4,9.0,nan,61.0,41,46.0,85.0
23,竹東,2020-02-28,69,4,5.0,nan,44.0,17,45.0,69.0
22,湖口,2020-02-28,90,4,6.0,nan,62.0,26,48.0,90.0
21,龍潭,2020-02-28,78,7,6.0,nan,47.0,27,50.0,78.0
20,平鎮,2020-02-28,86,4,7.0,nan,57.0,28,39.0,86.0
19,觀音,2020-02-28,78,9,5.0,nan,64.0,27,45.0,78.0
18,大園,2020-02-28,84,16,6.0,nan,57.0,42,49.0,84.0
17,桃園,2020-02-28,80,16,8.0,nan,50.0,43,37.0,80.0
16,大同,2020-02-28,76,6,17.0,nan,44.0,49,nan,76.0
15,松山,2020-02-28,86,9,11.0,nan,50.0,42,44.0,86.0
14,古亭,2020-02-28,67,6,10.0,nan,39.0,53,45.0,67.0
13,萬華,2020-02-28,68,9,14.0,nan,43.0,49,39.0,68.0
12,中山,2020-02-28,74,9,14.0,nan,41.0,51,37.0,74.0
11,士林,2020-02-28,80,6,9.0,nan,44.0,36,44.0,80.0
10,淡水,2020-02-28,66,4,7.0,nan,39.0,37,44.0,66.0
9,林口,2020-02-28,71,4,6.0,nan,40.0,41,46.0,71.0
8,菜寮,2020-02-28,69,6,11.0,nan,42.0,49,33.0,69.0
7,新莊,2020-02-28,74,7,10.0,nan,44.0,42,47.0,74.0
6,板橋,2020-02-28,74,6,11.0,nan,44.0,48,45.0,74.0
5,土城,2020-02-28,69,6,8.0,nan,41.0,42,58.0,69.0
4,新店,2020-02-28,67,4,9.0,nan,37.0,46,54.0,67.0
3,萬里,2020-02-28,55,3,5.0,nan,45.0,15,46.0,55.0
9,林口,2020-02-29,64,9,6.0,nan,31,35,44.0,64
10,淡水,2020-02-29,64,6,8.0,nan,26,33,44.0,64
8,菜寮,2020-02-29,74,7,15.0,nan,35,42,33.0,74
11,士林,2020-02-29,67,4,10.0,nan,32,35,40.0,67
7,新莊,2020-02-29,76,7,14.0,nan,40,37,43.0,76
12,中山,2020-02-29,64,6,14.0,nan,30,38,33.0,64
6,板橋,2020-02-29,74,7,11.0,nan,36,43,38.0,74
13,萬華,2020-02-29,61,7,10.0,nan,30,33,33.0,61
5,土城,2020-02-29,69,6,9.0,nan,34,35,49.0,69
14,古亭,2020-02-29,56,4,7.0,nan,24,32,41.0,56
4,新店,2020-02-29,52,4,6.0,nan,21,26,47.0,52
15,松山,2020-02-29,61,6,10.0,nan,29,33,42.0,61
3,萬里,2020-02-29,52,4,3.0,nan,23,14,40.0,52
16,大同,2020-02-29,79,7,18.0,nan,35,42,nan,79
2,汐止,2020-02-29,52,6,9.0,nan,24,28,44.0,52
17,桃園,2020-02-29,71,14,10.0,nan,35,32,34.0,71
18,大園,2020-02-29,91,16,8.0,nan,49,36,45.0,91
19,觀音,2020-02-29,82,10,7.0,nan,48,30,44.0,82
20,平鎮,2020-02-29,71,7,7.0,nan,37,35,43.0,71
21,龍潭,2020-02-29,60,7,7.0,nan,24,33,45.0,60
22,湖口,2020-02-29,65,3,5.0,nan,30,25,45.0,65
23,竹東,2020-02-29,53,4,5.0,nan,25,17,46.0,53
24,新竹,2020-02-29,61,9,6.0,nan,30,29,44.0,61
25,頭份,2020-02-29,64,6,nan,nan,28,22,nan,64
26,苗栗,2020-02-29,56,3,6.0,nan,27,25,32.0,56
27,三義,2020-02-29,53,3,5.0,nan,23,10,43.0,53
28,豐原,2020-02-29,65,7,5.0,nan,31,20,61.0,65
29,沙鹿,2020-02-29,91,16,7.0,nan,52,55,64.0,91
30,大里,2020-02-29,90,11,7.0,nan,54,26,61.0,90
31,忠明,2020-02-29,98,11,9.0,nan,52,41,48.0,98
32,西屯,2020-02-29,107,16,12.0,nan,54,35,61.0,107
33,彰化,2020-02-29,82,6,7.0,nan,51,23,49.0,82
34,線西,2020-02-29,87,7,nan,nan,57,30,nan,87
35,二林,2020-02-29,114,10,8.0,nan,66,18,48.0,114
36,南投,2020-02-29,91,9,7.0,nan,53,24,84.0,91
37,斗六,2020-02-29,93,4,5.0,nan,54,16,93.0,93
38,崙背,2020-02-29,109,6,7.0,nan,65,14,100.0,109
39,新港,2020-02-29,130,7,7.0,nan,75,19,97.0,130
40,朴子,2020-02-29,112,4,7.0,nan,71,14,84.0,112
41,臺西,2020-02-29,123,6,nan,nan,71,14,nan,123
42,嘉義,2020-02-29,87,6,5.0,nan,47,15,77.0,87
43,新營,2020-02-29,84,4,5.0,nan,53,15,84.0,84
44,善化,2020-02-29,83,6,5.0,nan,51,13,80.0,83
45,安南,2020-02-29,102,7,7.0,nan,57,22,74.0,102
46,臺南,2020-02-29,89,7,7.0,nan,54,31,61.0,89
47,美濃,2020-02-29,68,6,5.0,nan,38,11,50.0,68
48,橋頭,2020-02-29,80,9,6.0,nan,48,19,80.0,77
49,仁武,2020-02-29,82,10,6.0,nan,46,24,74.0,82
50,鳳山,2020-02-29,67,10,7.0,nan,45,20,nan,67
51,大寮,2020-02-29,71,11,6.0,nan,41,22,42.0,71
52,林園,2020-02-29,67,11,5.0,nan,47,16,48.0,67
53,楠梓,2020-02-29,80,10,6.0,nan,49,22,80.0,79
54,左營,2020-02-29,74,10,6.0,nan,45,25,64.0,74
56,前金,2020-02-29,77,10,6.0,nan,48,24,71.0,77
57,前鎮,2020-02-29,66,10,nan,nan,44,29,nan,66
58,小港,2020-02-29,69,19,6.0,nan,45,24,44.0,69
59,屏東,2020-02-29,68,6,6.0,nan,44,17,50.0,68
60,潮州,2020-02-29,62,4,5.0,nan,34,10,46.0,62
61,恆春,2020-02-29,34,1,1.0,nan,14,2,34.0,24
62,臺東,2020-02-29,26,3,3.0,nan,11,10,26.0,14
63,花蓮,2020-02-29,30,11,3.0,nan,17,22,28.0,30
64,陽明,2020-02-29,41,9,3.0,nan,13,6,41.0,28
65,宜蘭,2020-02-29,40,29,3.0,nan,18,10,40.0,32
66,冬山,2020-02-29,36,7,5.0,nan,22,21,27.0,36
67,三重,2020-02-29,81,7,20.0,nan,40,48,nan,81
68,中壢,2020-02-29,73,7,14.0,nan,36,39,nan,73
69,竹山,2020-02-29,93,4,3.0,nan,52,14,87.0,93
70,永和,2020-02-29,62,6,12.0,nan,27,43,nan,62
71,復興,2020-02-29,71,11,8.0,nan,45,30,nan,71
72,埔里,2020-02-29,80,6,5.0,nan,39,19,51.0,80
75,馬祖,2020-02-29,97,4,5.0,nan,47,42,54.0,97
77,金門,2020-02-29,87,11,5.0,nan,46,38,61.0,87
78,馬公,2020-02-29,54,3,3.0,nan,35,13,49.0,54
80,關山,2020-02-29,23,1,nan,nan,9,6,23.0,22
83,麥寮,2020-02-29,117,9,nan,nan,68,19,nan,117
84,富貴角,2020-02-29,45,1,3.0,nan,29,13,42.0,45
1,基隆,2020-02-29,54,6,6.0,nan,26,34,37.0,54
