siteid,sitename,monitordate,aqi,so2subindex,cosubindex,o3subindex,pm10subindex,no2subindex,o38subindex,pm25subindex
84,富貴角,2017-10-01,42,6.0,2.0,nan,nan,nan,42.0,nan
34,線西,2017-10-01,92,13.0,5.0,nan,50.0,18.0,nan,92.0
67,三重,2017-10-01,52,7.0,15.0,nan,40.0,41.0,nan,52.0
18,大園,2017-10-01,151,13.0,5.0,nan,41.0,17.0,151.0,71.0
1,基隆,2017-10-01,34,1.0,2.0,nan,14.0,10.0,31.0,34.0
2,汐止,2017-10-01,50,4.0,5.0,nan,21.0,22.0,48.0,50.0
3,萬里,2017-10-01,57,9.0,2.0,nan,28.0,9.0,34.0,57.0
4,新店,2017-10-01,132,4.0,5.0,nan,27.0,11.0,132.0,54.0
5,土城,2017-10-01,166,7.0,6.0,nan,32.0,25.0,166.0,62.0
6,板橋,2017-10-01,154,7.0,7.0,nan,35.0,26.0,154.0,52.0
7,新莊,2017-10-01,151,7.0,5.0,nan,31.0,21.0,151.0,44.0
8,菜寮,2017-10-01,108,4.0,6.0,nan,31.0,20.0,108.0,48.0
9,林口,2017-10-01,143,9.0,5.0,nan,38.0,23.0,143.0,77.0
10,淡水,2017-10-01,64,6.0,3.0,nan,27.0,9.0,64.0,40.0
11,士林,2017-10-01,93,4.0,5.0,nan,36.0,12.0,93.0,55.0
12,中山,2017-10-01,77,4.0,7.0,nan,31.0,25.0,77.0,57.0
13,萬華,2017-10-01,59,4.0,10.0,nan,26.0,41.0,58.0,59.0
14,古亭,2017-10-01,126,4.0,6.0,nan,20.0,14.0,126.0,58.0
15,松山,2017-10-01,80,6.0,3.0,nan,19.0,17.0,80.0,43.0
16,大同,2017-10-01,54,6.0,16.0,nan,40.0,38.0,nan,54.0
17,桃園,2017-10-01,156,16.0,6.0,nan,36.0,30.0,156.0,75.0
19,觀音,2017-10-01,118,13.0,5.0,nan,49.0,31.0,118.0,83.0
20,平鎮,2017-10-01,154,7.0,5.0,nan,45.0,16.0,154.0,72.0
21,龍潭,2017-10-01,159,7.0,7.0,nan,51.0,20.0,159.0,86.0
22,湖口,2017-10-01,118,9.0,5.0,nan,51.0,27.0,118.0,91.0
23,竹東,2017-10-01,101,6.0,5.0,nan,41.0,15.0,101.0,84.0
57,前鎮,2017-10-01,88,17.0,5.0,nan,45.0,19.0,nan,88.0
24,新竹,2017-10-01,122,9.0,6.0,nan,41.0,23.0,122.0,76.0
25,頭份,2017-10-01,91,13.0,5.0,nan,50.0,16.0,nan,91.0
26,苗栗,2017-10-01,126,9.0,5.0,nan,52.0,14.0,126.0,98.0
27,三義,2017-10-01,140,4.0,3.0,nan,39.0,9.0,140.0,77.0
28,豐原,2017-10-01,140,9.0,5.0,nan,42.0,12.0,140.0,72.0
29,沙鹿,2017-10-01,132,11.0,5.0,nan,51.0,18.0,132.0,86.0
30,大里,2017-10-01,122,9.0,6.0,nan,52.0,18.0,122.0,74.0
31,忠明,2017-10-01,129,9.0,6.0,nan,38.0,22.0,129.0,85.0
32,西屯,2017-10-01,154,11.0,5.0,nan,50.0,20.0,154.0,83.0
33,彰化,2017-10-01,98,24.0,6.0,nan,46.0,23.0,71.0,98.0
35,二林,2017-10-01,88,6.0,3.0,nan,50.0,23.0,71.0,88.0
36,南投,2017-10-01,69,20.0,6.0,nan,42.0,25.0,61.0,69.0
37,斗六,2017-10-01,97,7.0,3.0,nan,33.0,13.0,97.0,60.0
38,崙背,2017-10-01,84,10.0,3.0,nan,44.0,17.0,84.0,83.0
39,新港,2017-10-01,64,4.0,5.0,nan,40.0,18.0,58.0,64.0
40,朴子,2017-10-01,54,6.0,3.0,nan,45.0,17.0,51.0,54.0
41,臺西,2017-10-01,89,19.0,3.0,nan,52.0,27.0,nan,89.0
42,嘉義,2017-10-01,71,6.0,3.0,nan,32.0,10.0,71.0,48.0
43,新營,2017-10-01,61,4.0,3.0,nan,38.0,11.0,50.0,61.0
44,善化,2017-10-01,59,6.0,2.0,nan,32.0,9.0,54.0,59.0
45,安南,2017-10-01,74,4.0,5.0,nan,41.0,17.0,74.0,68.0
46,臺南,2017-10-01,60,6.0,5.0,nan,33.0,12.0,54.0,60.0
47,美濃,2017-10-01,68,4.0,3.0,nan,39.0,7.0,51.0,68.0
48,橋頭,2017-10-01,81,6.0,5.0,nan,47.0,19.0,67.0,81.0
49,仁武,2017-10-01,84,10.0,5.0,nan,49.0,14.0,84.0,77.0
50,鳳山,2017-10-01,74,19.0,6.0,nan,54.0,20.0,nan,74.0
51,大寮,2017-10-01,90,24.0,7.0,nan,51.0,39.0,90.0,87.0
52,林園,2017-10-01,146,13.0,5.0,nan,33.0,18.0,146.0,86.0
53,楠梓,2017-10-01,77,6.0,5.0,nan,49.0,20.0,77.0,60.0
54,左營,2017-10-01,84,10.0,6.0,nan,47.0,23.0,84.0,58.0
56,前金,2017-10-01,87,9.0,6.0,nan,39.0,21.0,87.0,65.0
58,小港,2017-10-01,101,30.0,6.0,nan,52.0,34.0,101.0,85.0
59,屏東,2017-10-01,70,11.0,7.0,nan,44.0,18.0,64.0,70.0
60,潮州,2017-10-01,122,11.0,5.0,nan,49.0,12.0,122.0,68.0
61,恆春,2017-10-01,35,6.0,1.0,nan,26.0,3.0,35.0,28.0
62,臺東,2017-10-01,31,1.0,3.0,nan,24.0,6.0,27.0,31.0
63,花蓮,2017-10-01,44,9.0,3.0,nan,21.0,9.0,31.0,44.0
64,陽明,2017-10-01,50,14.0,2.0,nan,16.0,9.0,50.0,43.0
65,宜蘭,2017-10-01,42,4.0,3.0,nan,35.0,7.0,42.0,38.0
66,冬山,2017-10-01,57,4.0,3.0,nan,32.0,10.0,39.0,57.0
68,中壢,2017-10-01,72,6.0,11.0,nan,49.0,35.0,nan,72.0
69,竹山,2017-10-01,97,6.0,2.0,nan,33.0,12.0,97.0,67.0
70,永和,2017-10-01,57,4.0,11.0,nan,26.0,34.0,nan,57.0
71,復興,2017-10-01,72,20.0,7.0,nan,40.0,25.0,nan,72.0
72,埔里,2017-10-01,97,6.0,5.0,nan,36.0,12.0,97.0,79.0
75,馬祖,2017-10-01,67,6.0,3.0,nan,36.0,5.0,44.0,67.0
77,金門,2017-10-01,84,9.0,3.0,nan,42.0,10.0,84.0,71.0
78,馬公,2017-10-01,56,4.0,2.0,nan,31.0,5.0,49.0,56.0
80,關山,2017-10-01,33,1.0,nan,nan,19.0,4.0,26.0,33.0
83,麥寮,2017-10-01,88,13.0,3.0,nan,57.0,15.0,nan,88.0
1,基隆,2017-10-02,108,29.0,6.0,nan,33.0,30.0,108.0,88.0
84,富貴角,2017-10-02,118,6.0,3.0,nan,nan,nan,118.0,nan
83,麥寮,2017-10-02,93,26.0,5.0,nan,55.0,33.0,nan,93.0
80,關山,2017-10-02,32,1.0,nan,nan,20.0,4.0,25.0,32.0
78,馬公,2017-10-02,67,4.0,3.0,nan,31.0,7.0,50.0,67.0
77,金門,2017-10-02,78,9.0,3.0,nan,46.0,13.0,61.0,78.0
75,馬祖,2017-10-02,75,6.0,6.0,nan,43.0,11.0,61.0,75.0
72,埔里,2017-10-02,90,4.0,5.0,nan,40.0,13.0,90.0,87.0
71,復興,2017-10-02,73,27.0,8.0,nan,40.0,28.0,nan,73.0
70,永和,2017-10-02,92,24.0,15.0,nan,45.0,55.0,nan,92.0
69,竹山,2017-10-02,90,7.0,5.0,nan,42.0,11.0,90.0,83.0
68,中壢,2017-10-02,118,14.0,15.0,nan,64.0,48.0,nan,118.0
66,冬山,2017-10-02,60,4.0,3.0,nan,34.0,14.0,45.0,60.0
65,宜蘭,2017-10-02,51,6.0,3.0,nan,38.0,8.0,51.0,51.0
64,陽明,2017-10-02,70,4.0,3.0,nan,25.0,8.0,58.0,70.0
63,花蓮,2017-10-02,45,7.0,3.0,nan,22.0,8.0,26.0,45.0
62,臺東,2017-10-02,31,3.0,5.0,nan,23.0,8.0,23.0,31.0
61,恆春,2017-10-02,29,6.0,1.0,nan,25.0,2.0,28.0,29.0
60,潮州,2017-10-02,140,13.0,5.0,nan,50.0,11.0,140.0,75.0
59,屏東,2017-10-02,100,7.0,7.0,nan,37.0,21.0,100.0,74.0
58,小港,2017-10-02,80,39.0,6.0,nan,48.0,30.0,54.0,80.0
57,前鎮,2017-10-02,94,24.0,7.0,nan,45.0,25.0,nan,94.0
56,前金,2017-10-02,90,14.0,7.0,nan,44.0,20.0,90.0,81.0
54,左營,2017-10-02,86,10.0,6.0,nan,50.0,24.0,84.0,86.0
53,楠梓,2017-10-02,84,9.0,5.0,nan,57.0,26.0,84.0,74.0
52,林園,2017-10-02,94,16.0,5.0,nan,35.0,15.0,80.0,94.0
51,大寮,2017-10-02,87,27.0,5.0,nan,51.0,20.0,49.0,87.0
50,鳳山,2017-10-02,80,14.0,7.0,nan,54.0,21.0,nan,80.0
49,仁武,2017-10-02,87,10.0,5.0,nan,56.0,20.0,87.0,80.0
48,橋頭,2017-10-02,78,6.0,5.0,nan,50.0,22.0,71.0,78.0
47,美濃,2017-10-02,67,4.0,3.0,nan,34.0,7.0,54.0,67.0
46,臺南,2017-10-02,66,6.0,6.0,nan,36.0,25.0,51.0,66.0
45,安南,2017-10-02,71,7.0,6.0,nan,44.0,28.0,71.0,71.0
44,善化,2017-10-02,61,13.0,2.0,nan,37.0,11.0,61.0,58.0
43,新營,2017-10-02,73,4.0,5.0,nan,42.0,12.0,58.0,73.0
42,嘉義,2017-10-02,77,7.0,5.0,nan,39.0,16.0,77.0,65.0
41,臺西,2017-10-02,91,7.0,3.0,nan,47.0,10.0,nan,91.0
40,朴子,2017-10-02,77,6.0,3.0,nan,49.0,15.0,77.0,67.0
39,新港,2017-10-02,78,9.0,3.0,nan,39.0,18.0,67.0,78.0
38,崙背,2017-10-02,90,4.0,3.0,nan,43.0,14.0,54.0,90.0
37,斗六,2017-10-02,80,6.0,5.0,nan,40.0,14.0,80.0,78.0
36,南投,2017-10-02,82,10.0,7.0,nan,45.0,25.0,64.0,82.0
35,二林,2017-10-02,87,9.0,3.0,nan,47.0,14.0,51.0,87.0
33,彰化,2017-10-02,97,26.0,6.0,nan,49.0,28.0,46.0,97.0
32,西屯,2017-10-02,100,9.0,5.0,nan,57.0,23.0,100.0,90.0
31,忠明,2017-10-02,94,7.0,6.0,nan,42.0,23.0,74.0,94.0
30,大里,2017-10-02,101,10.0,7.0,nan,60.0,35.0,101.0,88.0
29,沙鹿,2017-10-02,96,13.0,5.0,nan,50.0,19.0,64.0,96.0
28,豐原,2017-10-02,86,7.0,5.0,nan,47.0,17.0,71.0,86.0
27,三義,2017-10-02,91,7.0,3.0,nan,45.0,16.0,74.0,91.0
26,苗栗,2017-10-02,109,6.0,6.0,nan,54.0,17.0,67.0,109.0
25,頭份,2017-10-02,95,10.0,5.0,nan,52.0,16.0,nan,95.0
24,新竹,2017-10-02,93,6.0,6.0,nan,50.0,23.0,74.0,93.0
23,竹東,2017-10-02,90,4.0,5.0,nan,44.0,17.0,90.0,90.0
22,湖口,2017-10-02,110,9.0,5.0,nan,55.0,24.0,93.0,110.0
21,龍潭,2017-10-02,116,9.0,6.0,nan,57.0,35.0,100.0,116.0
20,平鎮,2017-10-02,98,13.0,6.0,nan,60.0,35.0,77.0,98.0
19,觀音,2017-10-02,97,7.0,5.0,nan,54.0,21.0,87.0,97.0
17,桃園,2017-10-02,107,20.0,8.0,nan,53.0,41.0,61.0,107.0
16,大同,2017-10-02,104,10.0,25.0,nan,63.0,55.0,nan,104.0
15,松山,2017-10-02,169,26.0,8.0,nan,37.0,43.0,169.0,99.0
14,古亭,2017-10-02,154,30.0,8.0,nan,41.0,42.0,154.0,85.0
13,萬華,2017-10-02,96,16.0,16.0,nan,49.0,62.0,44.0,96.0
12,中山,2017-10-02,87,13.0,14.0,nan,57.0,49.0,51.0,87.0
11,士林,2017-10-02,83,11.0,7.0,nan,50.0,26.0,44.0,83.0
10,淡水,2017-10-02,82,10.0,6.0,nan,46.0,22.0,67.0,82.0
9,林口,2017-10-02,112,11.0,5.0,nan,59.0,26.0,87.0,112.0
8,菜寮,2017-10-02,95,9.0,8.0,nan,54.0,38.0,80.0,95.0
7,新莊,2017-10-02,90,16.0,7.0,nan,52.0,35.0,90.0,85.0
6,板橋,2017-10-02,93,11.0,10.0,nan,57.0,42.0,93.0,87.0
5,土城,2017-10-02,108,9.0,11.0,nan,53.0,46.0,108.0,97.0
4,新店,2017-10-02,156,44.0,8.0,nan,46.0,48.0,156.0,90.0
3,萬里,2017-10-02,146,9.0,5.0,nan,46.0,16.0,146.0,104.0
2,汐止,2017-10-02,172,81.0,8.0,nan,46.0,47.0,172.0,97.0
34,線西,2017-10-02,97,9.0,6.0,nan,45.0,14.0,nan,97.0
67,三重,2017-10-02,102,11.0,17.0,nan,61.0,50.0,nan,102.0
18,大園,2017-10-02,104,26.0,5.0,nan,54.0,25.0,54.0,104.0
84,富貴角,2017-10-03,50,3.0,2.0,nan,nan,nan,50.0,nan
67,三重,2017-10-03,76,10.0,18.0,nan,54.0,43.0,nan,76.0
34,線西,2017-10-03,83,10.0,3.0,nan,47.0,15.0,nan,83.0
2,汐止,2017-10-03,81,44.0,7.0,nan,38.0,28.0,38.0,81.0
1,基隆,2017-10-03,71,11.0,6.0,nan,29.0,20.0,44.0,71.0
18,大園,2017-10-03,76,11.0,3.0,nan,51.0,23.0,40.0,76.0
3,萬里,2017-10-03,76,7.0,3.0,nan,42.0,11.0,48.0,76.0
4,新店,2017-10-03,76,19.0,5.0,nan,39.0,21.0,44.0,76.0
5,土城,2017-10-03,80,24.0,8.0,nan,44.0,36.0,45.0,80.0
6,板橋,2017-10-03,73,23.0,7.0,nan,44.0,32.0,39.0,73.0
7,新莊,2017-10-03,77,14.0,7.0,nan,48.0,30.0,43.0,77.0
8,菜寮,2017-10-03,71,7.0,6.0,nan,45.0,23.0,39.0,71.0
9,林口,2017-10-03,89,9.0,3.0,nan,47.0,18.0,46.0,89.0
10,淡水,2017-10-03,66,4.0,5.0,nan,38.0,19.0,36.0,66.0
11,士林,2017-10-03,73,13.0,6.0,nan,44.0,18.0,44.0,73.0
12,中山,2017-10-03,73,10.0,8.0,nan,57.0,36.0,25.0,73.0
13,萬華,2017-10-03,75,17.0,10.0,nan,41.0,41.0,24.0,75.0
14,古亭,2017-10-03,74,39.0,6.0,nan,34.0,24.0,34.0,74.0
15,松山,2017-10-03,80,39.0,7.0,nan,33.0,32.0,32.0,80.0
16,大同,2017-10-03,77,11.0,18.0,nan,54.0,50.0,nan,77.0
17,桃園,2017-10-03,88,23.0,7.0,nan,48.0,30.0,46.0,88.0
19,觀音,2017-10-03,79,13.0,3.0,nan,56.0,29.0,42.0,79.0
20,平鎮,2017-10-03,81,13.0,6.0,nan,51.0,31.0,44.0,81.0
21,龍潭,2017-10-03,86,9.0,5.0,nan,50.0,24.0,67.0,86.0
22,湖口,2017-10-03,84,9.0,5.0,nan,46.0,24.0,47.0,84.0
23,竹東,2017-10-03,85,6.0,3.0,nan,43.0,10.0,58.0,85.0
24,新竹,2017-10-03,68,6.0,5.0,nan,41.0,22.0,46.0,68.0
25,頭份,2017-10-03,78,7.0,5.0,nan,42.0,19.0,nan,78.0
26,苗栗,2017-10-03,93,7.0,5.0,nan,49.0,19.0,42.0,93.0
27,三義,2017-10-03,87,6.0,3.0,nan,44.0,17.0,61.0,87.0
28,豐原,2017-10-03,82,4.0,5.0,nan,47.0,15.0,54.0,82.0
29,沙鹿,2017-10-03,78,7.0,5.0,nan,46.0,18.0,49.0,78.0
30,大里,2017-10-03,85,7.0,8.0,nan,59.0,29.0,80.0,85.0
31,忠明,2017-10-03,96,9.0,6.0,nan,45.0,23.0,64.0,96.0
32,西屯,2017-10-03,84,7.0,5.0,nan,59.0,24.0,80.0,84.0
33,彰化,2017-10-03,112,10.0,6.0,nan,53.0,19.0,51.0,112.0
35,二林,2017-10-03,97,9.0,3.0,nan,57.0,19.0,49.0,97.0
36,南投,2017-10-03,99,7.0,7.0,nan,57.0,22.0,77.0,99.0
37,斗六,2017-10-03,100,10.0,6.0,nan,52.0,22.0,93.0,100.0
38,崙背,2017-10-03,93,10.0,5.0,nan,52.0,17.0,51.0,93.0
39,新港,2017-10-03,92,14.0,6.0,nan,54.0,19.0,54.0,92.0
40,朴子,2017-10-03,73,13.0,5.0,nan,59.0,18.0,58.0,73.0
41,臺西,2017-10-03,94,23.0,3.0,nan,52.0,26.0,nan,94.0
42,嘉義,2017-10-03,96,14.0,5.0,nan,56.0,18.0,74.0,96.0
43,新營,2017-10-03,83,17.0,5.0,nan,52.0,16.0,51.0,83.0
44,善化,2017-10-03,81,20.0,3.0,nan,45.0,11.0,64.0,81.0
45,安南,2017-10-03,85,14.0,6.0,nan,51.0,19.0,71.0,85.0
46,臺南,2017-10-03,73,7.0,7.0,nan,41.0,24.0,61.0,73.0
47,美濃,2017-10-03,83,4.0,5.0,nan,49.0,31.0,67.0,83.0
48,橋頭,2017-10-03,90,7.0,7.0,nan,54.0,31.0,64.0,90.0
49,仁武,2017-10-03,102,11.0,9.0,nan,59.0,32.0,64.0,102.0
50,鳳山,2017-10-03,96,11.0,10.0,nan,62.0,33.0,nan,96.0
51,大寮,2017-10-03,100,13.0,6.0,nan,58.0,26.0,61.0,100.0
52,林園,2017-10-03,126,27.0,5.0,nan,34.0,13.0,126.0,97.0
53,楠梓,2017-10-03,87,10.0,9.0,nan,68.0,41.0,64.0,87.0
54,左營,2017-10-03,80,11.0,11.0,nan,57.0,48.0,80.0,72.0
56,前金,2017-10-03,87,7.0,6.0,nan,49.0,21.0,87.0,86.0
57,前鎮,2017-10-03,104,14.0,6.0,nan,52.0,25.0,nan,104.0
58,小港,2017-10-03,91,17.0,6.0,nan,53.0,25.0,67.0,91.0
59,屏東,2017-10-03,87,10.0,9.0,nan,45.0,23.0,61.0,87.0
60,潮州,2017-10-03,92,9.0,3.0,nan,46.0,9.0,77.0,92.0
61,恆春,2017-10-03,33,3.0,1.0,nan,26.0,3.0,30.0,33.0
62,臺東,2017-10-03,29,1.0,3.0,nan,24.0,8.0,22.0,29.0
63,花蓮,2017-10-03,55,4.0,5.0,nan,25.0,10.0,39.0,55.0
64,陽明,2017-10-03,43,4.0,2.0,nan,16.0,8.0,41.0,43.0
65,宜蘭,2017-10-03,57,6.0,3.0,nan,43.0,10.0,50.0,57.0
66,冬山,2017-10-03,74,9.0,5.0,nan,42.0,19.0,44.0,74.0
68,中壢,2017-10-03,87,13.0,14.0,nan,54.0,41.0,nan,87.0
69,竹山,2017-10-03,115,7.0,3.0,nan,52.0,12.0,115.0,105.0
70,永和,2017-10-03,82,36.0,10.0,nan,39.0,30.0,nan,82.0
71,復興,2017-10-03,85,14.0,9.0,nan,44.0,33.0,nan,85.0
72,埔里,2017-10-03,100,4.0,5.0,nan,44.0,14.0,100.0,94.0
75,馬祖,2017-10-03,68,6.0,3.0,nan,44.0,6.0,54.0,68.0
77,金門,2017-10-03,86,24.0,5.0,nan,53.0,24.0,61.0,86.0
78,馬公,2017-10-03,64,4.0,2.0,nan,30.0,8.0,41.0,64.0
80,關山,2017-10-03,29,3.0,nan,nan,20.0,4.0,20.0,29.0
83,麥寮,2017-10-03,104,20.0,5.0,nan,65.0,16.0,nan,104.0
18,大園,2017-10-04,40,7.0,2.0,nan,37.0,17.0,40.0,35.0
72,埔里,2017-10-04,84,6.0,6.0,nan,41.0,14.0,17.0,84.0
68,中壢,2017-10-04,45,6.0,11.0,nan,41.0,29.0,nan,45.0
66,冬山,2017-10-04,44,4.0,3.0,nan,34.0,13.0,42.0,44.0
71,復興,2017-10-04,103,26.0,8.0,nan,53.0,26.0,nan,103.0
65,宜蘭,2017-10-04,44,3.0,3.0,nan,39.0,5.0,44.0,31.0
70,永和,2017-10-04,44,9.0,6.0,nan,29.0,15.0,nan,44.0
69,竹山,2017-10-04,103,4.0,6.0,nan,51.0,14.0,23.0,103.0
64,陽明,2017-10-04,44,4.0,2.0,nan,6.0,3.0,44.0,8.0
63,花蓮,2017-10-04,40,6.0,3.0,nan,22.0,12.0,37.0,40.0
62,臺東,2017-10-04,36,3.0,3.0,nan,30.0,6.0,31.0,36.0
61,恆春,2017-10-04,42,3.0,2.0,nan,28.0,3.0,42.0,30.0
60,潮州,2017-10-04,95,13.0,5.0,nan,57.0,9.0,77.0,95.0
59,屏東,2017-10-04,118,11.0,8.0,nan,56.0,20.0,87.0,118.0
67,三重,2017-10-04,44,4.0,15.0,nan,44.0,32.0,nan,40.0
58,小港,2017-10-04,105,29.0,6.0,nan,57.0,26.0,87.0,105.0
57,前鎮,2017-10-04,125,20.0,7.0,nan,59.0,26.0,nan,125.0
56,前金,2017-10-04,121,24.0,7.0,nan,60.0,25.0,118.0,121.0
54,左營,2017-10-04,122,13.0,7.0,nan,65.0,34.0,122.0,117.0
53,楠梓,2017-10-04,118,10.0,6.0,nan,68.0,21.0,118.0,106.0
52,林園,2017-10-04,98,10.0,5.0,nan,35.0,11.0,67.0,98.0
51,大寮,2017-10-04,101,16.0,6.0,nan,59.0,15.0,51.0,101.0
50,鳳山,2017-10-04,120,19.0,8.0,nan,67.0,22.0,nan,120.0
49,仁武,2017-10-04,120,13.0,6.0,nan,66.0,12.0,115.0,120.0
48,橋頭,2017-10-04,118,10.0,6.0,nan,64.0,16.0,118.0,117.0
47,美濃,2017-10-04,112,10.0,5.0,nan,58.0,16.0,112.0,103.0
46,臺南,2017-10-04,119,9.0,6.0,nan,56.0,15.0,108.0,119.0
45,安南,2017-10-04,127,7.0,6.0,nan,63.0,14.0,112.0,127.0
44,善化,2017-10-04,104,6.0,5.0,nan,57.0,15.0,90.0,104.0
43,新營,2017-10-04,105,7.0,6.0,nan,57.0,11.0,71.0,105.0
42,嘉義,2017-10-04,125,10.0,6.0,nan,59.0,18.0,74.0,125.0
41,臺西,2017-10-04,87,16.0,5.0,nan,87.0,19.0,nan,79.0
40,朴子,2017-10-04,84,10.0,5.0,nan,66.0,19.0,84.0,83.0
39,新港,2017-10-04,91,6.0,5.0,nan,57.0,13.0,71.0,91.0
38,崙背,2017-10-04,76,7.0,5.0,nan,47.0,13.0,49.0,76.0
37,斗六,2017-10-04,99,7.0,6.0,nan,57.0,21.0,48.0,99.0
36,南投,2017-10-04,91,4.0,6.0,nan,54.0,20.0,23.0,91.0
35,二林,2017-10-04,64,6.0,3.0,nan,44.0,11.0,44.0,64.0
33,彰化,2017-10-04,69,10.0,5.0,nan,38.0,17.0,34.0,69.0
32,西屯,2017-10-04,54,4.0,3.0,nan,32.0,26.0,41.0,54.0
31,忠明,2017-10-04,58,4.0,5.0,nan,26.0,19.0,32.0,58.0
30,大里,2017-10-04,67,4.0,7.0,nan,50.0,21.0,31.0,67.0
29,沙鹿,2017-10-04,41,6.0,3.0,nan,30.0,15.0,41.0,39.0
28,豐原,2017-10-04,61,1.0,3.0,nan,30.0,10.0,31.0,61.0
27,三義,2017-10-04,39,4.0,2.0,nan,22.0,8.0,39.0,32.0
26,苗栗,2017-10-04,56,6.0,3.0,nan,31.0,9.0,42.0,56.0
25,頭份,2017-10-04,57,10.0,2.0,nan,31.0,13.0,nan,57.0
24,新竹,2017-10-04,45,7.0,3.0,nan,31.0,11.0,41.0,45.0
23,竹東,2017-10-04,40,4.0,2.0,nan,26.0,4.0,40.0,35.0
22,湖口,2017-10-04,45,4.0,3.0,nan,31.0,9.0,42.0,45.0
21,龍潭,2017-10-04,41,6.0,3.0,nan,29.0,8.0,41.0,39.0
20,平鎮,2017-10-04,38,4.0,5.0,nan,32.0,16.0,38.0,30.0
19,觀音,2017-10-04,43,10.0,2.0,nan,42.0,16.0,34.0,43.0
17,桃園,2017-10-04,36,7.0,5.0,nan,30.0,17.0,36.0,34.0
16,大同,2017-10-04,44,nan,9.0,nan,44.0,29.0,nan,35.0
15,松山,2017-10-04,38,10.0,3.0,nan,22.0,20.0,36.0,38.0
14,古亭,2017-10-04,36,9.0,5.0,nan,25.0,18.0,36.0,36.0
13,萬華,2017-10-04,42,7.0,7.0,nan,31.0,25.0,33.0,42.0
12,中山,2017-10-04,57,4.0,9.0,nan,35.0,23.0,34.0,57.0
11,士林,2017-10-04,44,1.0,2.0,nan,22.0,9.0,44.0,33.0
10,淡水,2017-10-04,39,3.0,2.0,nan,28.0,4.0,39.0,25.0
9,林口,2017-10-04,52,1.0,2.0,nan,30.0,8.0,41.0,52.0
8,菜寮,2017-10-04,38,4.0,5.0,nan,31.0,16.0,38.0,36.0
7,新莊,2017-10-04,39,4.0,5.0,nan,28.0,14.0,39.0,22.0
6,板橋,2017-10-04,36,9.0,5.0,nan,31.0,20.0,36.0,30.0
5,土城,2017-10-04,43,9.0,5.0,nan,31.0,13.0,38.0,43.0
4,新店,2017-10-04,40,4.0,5.0,nan,27.0,14.0,40.0,34.0
3,萬里,2017-10-04,59,4.0,2.0,nan,59.0,3.0,47.0,53.0
2,汐止,2017-10-04,39,11.0,3.0,nan,25.0,12.0,39.0,37.0
34,線西,2017-10-04,58,10.0,2.0,nan,36.0,22.0,nan,58.0
1,基隆,2017-10-04,44,3.0,2.0,nan,26.0,5.0,44.0,41.0
75,馬祖,2017-10-04,55,4.0,2.0,nan,45.0,5.0,48.0,55.0
77,金門,2017-10-04,62,4.0,2.0,nan,49.0,5.0,46.0,62.0
78,馬公,2017-10-04,51,4.0,2.0,nan,37.0,3.0,41.0,51.0
80,關山,2017-10-04,31,3.0,nan,nan,20.0,5.0,31.0,29.0
83,麥寮,2017-10-04,80,17.0,6.0,nan,65.0,18.0,nan,80.0
84,富貴角,2017-10-04,50,1.0,2.0,nan,nan,4.0,50.0,nan
35,二林,2017-10-05,77,7.0,3.0,nan,41.0,16.0,77.0,56.0
70,永和,2017-10-05,39,7.0,6.0,nan,31.0,19.0,nan,39.0
69,竹山,2017-10-05,97,10.0,6.0,nan,53.0,19.0,97.0,95.0
68,中壢,2017-10-05,44,9.0,14.0,nan,44.0,29.0,nan,36.0
67,三重,2017-10-05,44,14.0,15.0,nan,44.0,33.0,nan,39.0
66,冬山,2017-10-05,52,6.0,3.0,nan,44.0,13.0,41.0,52.0
65,宜蘭,2017-10-05,45,4.0,3.0,nan,45.0,9.0,44.0,30.0
64,陽明,2017-10-05,41,7.0,1.0,nan,12.0,7.0,41.0,27.0
63,花蓮,2017-10-05,40,4.0,6.0,nan,30.0,17.0,32.0,40.0
62,臺東,2017-10-05,29,3.0,5.0,nan,28.0,8.0,29.0,23.0
61,恆春,2017-10-05,38,3.0,1.0,nan,36.0,3.0,38.0,34.0
60,潮州,2017-10-05,104,20.0,5.0,nan,54.0,21.0,104.0,87.0
59,屏東,2017-10-05,92,13.0,7.0,nan,51.0,21.0,77.0,92.0
58,小港,2017-10-05,103,71.0,6.0,nan,64.0,45.0,87.0,103.0
57,前鎮,2017-10-05,116,26.0,8.0,nan,66.0,45.0,nan,116.0
56,前金,2017-10-05,122,17.0,7.0,nan,63.0,28.0,122.0,108.0
54,左營,2017-10-05,143,13.0,7.0,nan,65.0,25.0,143.0,105.0
53,楠梓,2017-10-05,101,10.0,7.0,nan,70.0,25.0,101.0,91.0
52,林園,2017-10-05,156,13.0,5.0,nan,38.0,14.0,156.0,99.0
51,大寮,2017-10-05,98,26.0,6.0,nan,61.0,22.0,61.0,98.0
50,鳳山,2017-10-05,85,20.0,7.0,nan,65.0,38.0,nan,85.0
49,仁武,2017-10-05,118,16.0,7.0,nan,68.0,21.0,118.0,104.0
48,橋頭,2017-10-05,126,9.0,6.0,nan,59.0,17.0,126.0,92.0
47,美濃,2017-10-05,88,10.0,5.0,nan,56.0,11.0,84.0,88.0
46,臺南,2017-10-05,100,9.0,7.0,nan,48.0,21.0,100.0,72.0
45,安南,2017-10-05,101,9.0,6.0,nan,51.0,18.0,101.0,69.0
44,善化,2017-10-05,93,13.0,5.0,nan,54.0,15.0,93.0,81.0
43,新營,2017-10-05,93,7.0,6.0,nan,57.0,18.0,93.0,73.0
42,嘉義,2017-10-05,97,7.0,6.0,nan,57.0,15.0,97.0,92.0
41,臺西,2017-10-05,65,16.0,5.0,nan,46.0,16.0,nan,65.0
40,朴子,2017-10-05,112,7.0,5.0,nan,54.0,10.0,112.0,56.0
39,新港,2017-10-05,90,4.0,5.0,nan,49.0,10.0,90.0,68.0
38,崙背,2017-10-05,90,7.0,3.0,nan,40.0,12.0,90.0,67.0
37,斗六,2017-10-05,108,14.0,5.0,nan,50.0,26.0,108.0,68.0
36,南投,2017-10-05,80,30.0,7.0,nan,54.0,25.0,80.0,73.0
71,復興,2017-10-05,102,26.0,8.0,nan,58.0,43.0,nan,102.0
33,彰化,2017-10-05,74,16.0,6.0,nan,43.0,21.0,74.0,64.0
32,西屯,2017-10-05,118,6.0,5.0,nan,41.0,24.0,118.0,55.0
31,忠明,2017-10-05,97,4.0,6.0,nan,31.0,30.0,97.0,59.0
30,大里,2017-10-05,143,7.0,8.0,nan,53.0,29.0,143.0,68.0
29,沙鹿,2017-10-05,48,6.0,3.0,nan,34.0,25.0,48.0,45.0
28,豐原,2017-10-05,108,6.0,6.0,nan,40.0,22.0,108.0,53.0
27,三義,2017-10-05,80,4.0,3.0,nan,31.0,18.0,80.0,40.0
26,苗栗,2017-10-05,61,13.0,6.0,nan,41.0,36.0,44.0,61.0
25,頭份,2017-10-05,60,6.0,5.0,nan,32.0,25.0,nan,60.0
24,新竹,2017-10-05,45,4.0,5.0,nan,31.0,21.0,45.0,39.0
23,竹東,2017-10-05,39,4.0,3.0,nan,27.0,12.0,37.0,39.0
22,湖口,2017-10-05,45,4.0,3.0,nan,34.0,13.0,45.0,36.0
21,龍潭,2017-10-05,38,6.0,3.0,nan,36.0,14.0,38.0,37.0
20,平鎮,2017-10-05,41,7.0,5.0,nan,36.0,18.0,41.0,28.0
19,觀音,2017-10-05,47,14.0,2.0,nan,46.0,23.0,35.0,47.0
18,大園,2017-10-05,40,10.0,2.0,nan,40.0,20.0,35.0,39.0
16,大同,2017-10-05,46,nan,9.0,nan,46.0,32.0,nan,35.0
72,埔里,2017-10-05,87,6.0,6.0,nan,44.0,19.0,87.0,80.0
15,松山,2017-10-05,42,6.0,5.0,nan,25.0,25.0,32.0,42.0
75,馬祖,2017-10-05,49,4.0,2.0,nan,37.0,6.0,49.0,44.0
77,金門,2017-10-05,74,6.0,5.0,nan,45.0,13.0,74.0,64.0
78,馬公,2017-10-05,46,4.0,2.0,nan,39.0,4.0,39.0,46.0
80,關山,2017-10-05,27,4.0,nan,nan,19.0,6.0,27.0,21.0
14,古亭,2017-10-05,38,6.0,5.0,nan,30.0,21.0,36.0,38.0
83,麥寮,2017-10-05,73,13.0,6.0,nan,73.0,15.0,nan,72.0
84,富貴角,2017-10-05,46,1.0,2.0,nan,nan,4.0,46.0,nan
13,萬華,2017-10-05,42,6.0,9.0,nan,35.0,29.0,30.0,42.0
12,中山,2017-10-05,41,14.0,8.0,nan,41.0,32.0,28.0,36.0
11,士林,2017-10-05,45,21.0,2.0,nan,32.0,18.0,42.0,45.0
10,淡水,2017-10-05,35,6.0,2.0,nan,31.0,8.0,35.0,34.0
9,林口,2017-10-05,60,10.0,2.0,nan,39.0,19.0,35.0,60.0
8,菜寮,2017-10-05,36,13.0,5.0,nan,35.0,19.0,34.0,36.0
7,新莊,2017-10-05,35,9.0,5.0,nan,31.0,16.0,35.0,24.0
6,板橋,2017-10-05,35,7.0,6.0,nan,35.0,24.0,34.0,31.0
5,土城,2017-10-05,49,9.0,5.0,nan,35.0,16.0,36.0,49.0
4,新店,2017-10-05,39,3.0,5.0,nan,33.0,14.0,36.0,39.0
3,萬里,2017-10-05,54,3.0,2.0,nan,54.0,4.0,44.0,48.0
2,汐止,2017-10-05,36,4.0,3.0,nan,28.0,19.0,36.0,30.0
34,線西,2017-10-05,59,19.0,5.0,nan,44.0,23.0,nan,59.0
17,桃園,2017-10-05,43,11.0,6.0,nan,32.0,21.0,33.0,43.0
1,基隆,2017-10-05,41,1.0,2.0,nan,26.0,6.0,41.0,37.0
24,新竹,2017-10-06,39,7.0,5.0,nan,25.0,24.0,35.0,39.0
23,竹東,2017-10-06,32,3.0,2.0,nan,22.0,10.0,32.0,32.0
22,湖口,2017-10-06,41,6.0,2.0,nan,30.0,13.0,34.0,41.0
53,楠梓,2017-10-06,87,17.0,6.0,nan,70.0,32.0,87.0,70.0
21,龍潭,2017-10-06,33,7.0,3.0,nan,31.0,16.0,32.0,33.0
20,平鎮,2017-10-06,31,9.0,5.0,nan,30.0,17.0,31.0,30.0
52,林園,2017-10-06,51,19.0,3.0,nan,35.0,14.0,51.0,nan
19,觀音,2017-10-06,44,11.0,2.0,nan,39.0,15.0,33.0,44.0
18,大園,2017-10-06,46,14.0,2.0,nan,38.0,21.0,30.0,46.0
16,大同,2017-10-06,39,nan,12.0,nan,39.0,31.0,nan,39.0
15,松山,2017-10-06,33,13.0,5.0,nan,20.0,25.0,26.0,33.0
51,大寮,2017-10-06,90,24.0,6.0,nan,61.0,19.0,80.0,90.0
14,古亭,2017-10-06,37,7.0,5.0,nan,19.0,25.0,27.0,37.0
50,鳳山,2017-10-06,86,41.0,9.0,nan,66.0,36.0,nan,86.0
13,萬華,2017-10-06,37,16.0,10.0,nan,28.0,37.0,25.0,35.0
49,仁武,2017-10-06,97,21.0,6.0,nan,57.0,22.0,97.0,82.0
12,中山,2017-10-06,36,14.0,8.0,nan,31.0,30.0,23.0,36.0
11,士林,2017-10-06,38,24.0,2.0,nan,25.0,18.0,32.0,38.0
48,橋頭,2017-10-06,104,13.0,6.0,nan,54.0,19.0,104.0,79.0
10,淡水,2017-10-06,29,4.0,3.0,nan,22.0,13.0,29.0,26.0
47,美濃,2017-10-06,136,9.0,5.0,nan,56.0,11.0,136.0,87.0
9,林口,2017-10-06,62,17.0,3.0,nan,32.0,26.0,27.0,62.0
46,臺南,2017-10-06,90,13.0,5.0,nan,46.0,20.0,90.0,61.0
45,安南,2017-10-06,108,9.0,5.0,nan,54.0,21.0,108.0,62.0
8,菜寮,2017-10-06,32,26.0,5.0,nan,27.0,18.0,30.0,32.0
7,新莊,2017-10-06,31,11.0,5.0,nan,24.0,18.0,31.0,24.0
44,善化,2017-10-06,100,9.0,3.0,nan,52.0,10.0,100.0,64.0
6,板橋,2017-10-06,37,13.0,6.0,nan,37.0,25.0,28.0,28.0
43,新營,2017-10-06,77,6.0,3.0,nan,54.0,13.0,77.0,62.0
42,嘉義,2017-10-06,108,7.0,5.0,nan,61.0,16.0,108.0,66.0
5,土城,2017-10-06,29,4.0,5.0,nan,25.0,25.0,28.0,29.0
84,富貴角,2017-10-06,43,1.0,1.0,nan,nan,2.0,43.0,nan
4,新店,2017-10-06,28,3.0,5.0,nan,21.0,19.0,26.0,28.0
41,臺西,2017-10-06,69,10.0,3.0,nan,54.0,13.0,nan,69.0
83,麥寮,2017-10-06,79,13.0,5.0,nan,79.0,17.0,nan,78.0
3,萬里,2017-10-06,50,13.0,2.0,nan,40.0,8.0,39.0,50.0
2,汐止,2017-10-06,32,4.0,3.0,nan,19.0,16.0,27.0,32.0
80,關山,2017-10-06,29,3.0,nan,nan,24.0,5.0,26.0,29.0
40,朴子,2017-10-06,97,6.0,3.0,nan,57.0,10.0,97.0,63.0
78,馬公,2017-10-06,58,1.0,2.0,nan,37.0,7.0,35.0,58.0
77,金門,2017-10-06,76,26.0,3.0,nan,54.0,20.0,74.0,76.0
17,桃園,2017-10-06,49,17.0,6.0,nan,26.0,22.0,26.0,49.0
75,馬祖,2017-10-06,74,4.0,2.0,nan,44.0,6.0,74.0,48.0
72,埔里,2017-10-06,129,6.0,6.0,nan,45.0,19.0,129.0,92.0
39,新港,2017-10-06,90,6.0,5.0,nan,57.0,14.0,90.0,72.0
38,崙背,2017-10-06,81,10.0,5.0,nan,55.0,12.0,77.0,81.0
71,復興,2017-10-06,77,41.0,8.0,nan,56.0,42.0,nan,77.0
70,永和,2017-10-06,38,9.0,8.0,nan,23.0,25.0,nan,38.0
69,竹山,2017-10-06,161,7.0,5.0,nan,59.0,12.0,161.0,112.0
68,中壢,2017-10-06,33,9.0,11.0,nan,33.0,25.0,nan,31.0
67,三重,2017-10-06,42,29.0,18.0,nan,41.0,34.0,nan,42.0
66,冬山,2017-10-06,41,7.0,2.0,nan,28.0,10.0,25.0,41.0
1,基隆,2017-10-06,35,3.0,2.0,nan,19.0,7.0,35.0,32.0
65,宜蘭,2017-10-06,28,4.0,3.0,nan,27.0,10.0,28.0,19.0
64,陽明,2017-10-06,35,6.0,1.0,nan,5.0,4.0,35.0,7.0
37,斗六,2017-10-06,150,10.0,6.0,nan,55.0,18.0,150.0,89.0
63,花蓮,2017-10-06,36,3.0,5.0,nan,24.0,16.0,32.0,36.0
36,南投,2017-10-06,100,19.0,8.0,nan,63.0,29.0,100.0,90.0
35,二林,2017-10-06,64,14.0,5.0,nan,54.0,22.0,64.0,64.0
62,臺東,2017-10-06,28,3.0,3.0,nan,28.0,7.0,25.0,28.0
34,線西,2017-10-06,66,19.0,5.0,nan,54.0,25.0,nan,66.0
61,恆春,2017-10-06,32,3.0,1.0,nan,31.0,2.0,32.0,31.0
60,潮州,2017-10-06,80,9.0,5.0,nan,54.0,12.0,80.0,75.0
33,彰化,2017-10-06,88,21.0,7.0,nan,59.0,25.0,77.0,88.0
32,西屯,2017-10-06,118,7.0,7.0,nan,61.0,32.0,118.0,73.0
59,屏東,2017-10-06,126,31.0,6.0,101.0,57.0,21.0,126.0,85.0
31,忠明,2017-10-06,100,7.0,7.0,nan,52.0,35.0,100.0,83.0
30,大里,2017-10-06,136,7.0,9.0,nan,75.0,35.0,136.0,87.0
58,小港,2017-10-06,88,62.0,7.0,nan,66.0,44.0,51.0,88.0
29,沙鹿,2017-10-06,60,9.0,6.0,nan,48.0,25.0,51.0,60.0
57,前鎮,2017-10-06,94,37.0,6.0,nan,61.0,36.0,nan,94.0
28,豐原,2017-10-06,90,7.0,5.0,nan,51.0,17.0,90.0,59.0
27,三義,2017-10-06,64,3.0,5.0,nan,39.0,17.0,64.0,56.0
56,前金,2017-10-06,77,21.0,6.0,nan,53.0,24.0,77.0,76.0
26,苗栗,2017-10-06,69,7.0,6.0,nan,37.0,21.0,37.0,69.0
54,左營,2017-10-06,100,20.0,6.0,nan,61.0,27.0,100.0,73.0
25,頭份,2017-10-06,57,3.0,3.0,nan,24.0,25.0,nan,57.0
19,觀音,2017-10-07,49,13.0,2.0,nan,40.0,18.0,37.0,49.0
84,富貴角,2017-10-07,46,1.0,2.0,nan,nan,1.0,46.0,nan
83,麥寮,2017-10-07,85,6.0,3.0,nan,78.0,11.0,nan,85.0
80,關山,2017-10-07,38,1.0,nan,nan,38.0,3.0,27.0,31.0
78,馬公,2017-10-07,52,4.0,2.0,nan,31.0,8.0,39.0,52.0
77,金門,2017-10-07,68,6.0,3.0,nan,47.0,7.0,61.0,68.0
75,馬祖,2017-10-07,93,4.0,3.0,nan,44.0,4.0,93.0,70.0
72,埔里,2017-10-07,112,4.0,6.0,nan,48.0,13.0,112.0,93.0
71,復興,2017-10-07,83,24.0,8.0,nan,52.0,33.0,nan,83.0
70,永和,2017-10-07,42,6.0,6.0,nan,26.0,14.0,nan,42.0
69,竹山,2017-10-07,150,7.0,5.0,nan,59.0,13.0,150.0,115.0
68,中壢,2017-10-07,41,7.0,10.0,nan,38.0,24.0,nan,41.0
67,三重,2017-10-07,58,19.0,17.0,nan,51.0,35.0,nan,58.0
66,冬山,2017-10-07,41,4.0,2.0,nan,27.0,9.0,33.0,41.0
65,宜蘭,2017-10-07,37,3.0,3.0,nan,29.0,10.0,37.0,26.0
64,陽明,2017-10-07,39,1.0,2.0,nan,5.0,2.0,39.0,7.0
63,花蓮,2017-10-07,34,4.0,3.0,nan,23.0,15.0,31.0,34.0
62,臺東,2017-10-07,39,3.0,3.0,nan,39.0,7.0,26.0,26.0
61,恆春,2017-10-07,38,1.0,1.0,nan,31.0,2.0,33.0,38.0
60,潮州,2017-10-07,90,7.0,5.0,nan,54.0,10.0,90.0,81.0
59,屏東,2017-10-07,136,10.0,6.0,nan,52.0,17.0,136.0,84.0
58,小港,2017-10-07,94,55.0,6.0,nan,61.0,34.0,90.0,94.0
57,前鎮,2017-10-07,106,21.0,7.0,nan,56.0,32.0,nan,106.0
56,前金,2017-10-07,156,16.0,7.0,nan,56.0,20.0,156.0,102.0
54,左營,2017-10-07,154,16.0,6.0,nan,55.0,23.0,154.0,83.0
53,楠梓,2017-10-07,143,10.0,6.0,nan,64.0,25.0,143.0,82.0
52,林園,2017-10-07,122,13.0,5.0,nan,36.0,13.0,122.0,85.0
51,大寮,2017-10-07,88,23.0,5.0,nan,59.0,20.0,77.0,88.0
50,鳳山,2017-10-07,85,20.0,7.0,nan,66.0,27.0,nan,85.0
49,仁武,2017-10-07,151,19.0,5.0,nan,57.0,17.0,151.0,90.0
48,橋頭,2017-10-07,146,7.0,6.0,nan,54.0,20.0,146.0,93.0
47,美濃,2017-10-07,118,9.0,5.0,nan,54.0,11.0,118.0,83.0
46,臺南,2017-10-07,115,6.0,5.0,nan,48.0,14.0,115.0,80.0
45,安南,2017-10-07,126,7.0,6.0,nan,55.0,18.0,126.0,97.0
44,善化,2017-10-07,112,9.0,5.0,nan,56.0,12.0,112.0,90.0
43,新營,2017-10-07,108,6.0,5.0,nan,59.0,14.0,108.0,84.0
42,嘉義,2017-10-07,136,7.0,5.0,nan,64.0,15.0,136.0,108.0
41,臺西,2017-10-07,69,11.0,2.0,nan,56.0,11.0,nan,69.0
40,朴子,2017-10-07,115,7.0,5.0,nan,68.0,18.0,115.0,81.0
39,新港,2017-10-07,132,6.0,3.0,nan,62.0,14.0,132.0,77.0
38,崙背,2017-10-07,108,9.0,3.0,nan,57.0,15.0,108.0,86.0
37,斗六,2017-10-07,151,19.0,7.0,nan,60.0,26.0,151.0,93.0
36,南投,2017-10-07,115,11.0,7.0,nan,66.0,23.0,115.0,108.0
35,二林,2017-10-07,75,19.0,6.0,nan,62.0,18.0,74.0,75.0
34,線西,2017-10-07,62,21.0,6.0,nan,57.0,23.0,nan,62.0
33,彰化,2017-10-07,97,13.0,7.0,nan,55.0,26.0,97.0,92.0
32,西屯,2017-10-07,118,7.0,7.0,nan,59.0,29.0,118.0,83.0
31,忠明,2017-10-07,129,7.0,7.0,nan,49.0,30.0,129.0,95.0
30,大里,2017-10-07,174,9.0,8.0,nan,76.0,33.0,174.0,96.0
29,沙鹿,2017-10-07,52,6.0,7.0,nan,39.0,25.0,51.0,52.0
28,豐原,2017-10-07,161,13.0,6.0,104.0,55.0,18.0,161.0,77.0
27,三義,2017-10-07,44,3.0,5.0,nan,30.0,17.0,44.0,44.0
26,苗栗,2017-10-07,56,3.0,5.0,nan,28.0,18.0,38.0,56.0
25,頭份,2017-10-07,49,3.0,3.0,nan,25.0,16.0,nan,49.0
24,新竹,2017-10-07,38,7.0,3.0,nan,31.0,9.0,38.0,37.0
23,竹東,2017-10-07,33,1.0,2.0,nan,24.0,5.0,33.0,26.0
22,湖口,2017-10-07,41,9.0,2.0,nan,30.0,10.0,38.0,41.0
21,龍潭,2017-10-07,36,4.0,3.0,nan,30.0,10.0,36.0,35.0
20,平鎮,2017-10-07,40,10.0,3.0,nan,30.0,14.0,35.0,40.0
18,大園,2017-10-07,39,11.0,2.0,nan,35.0,23.0,33.0,39.0
16,大同,2017-10-07,41,nan,9.0,nan,41.0,32.0,nan,39.0
15,松山,2017-10-07,46,14.0,5.0,nan,20.0,21.0,28.0,46.0
14,古亭,2017-10-07,41,4.0,5.0,nan,20.0,18.0,31.0,41.0
13,萬華,2017-10-07,38,9.0,7.0,nan,29.0,27.0,22.0,38.0
12,中山,2017-10-07,42,7.0,6.0,nan,37.0,27.0,23.0,42.0
11,士林,2017-10-07,39,17.0,2.0,nan,20.0,13.0,39.0,39.0
10,淡水,2017-10-07,31,3.0,2.0,nan,23.0,10.0,31.0,25.0
9,林口,2017-10-07,57,13.0,2.0,nan,32.0,12.0,34.0,57.0
8,菜寮,2017-10-07,45,10.0,5.0,nan,34.0,17.0,31.0,45.0
7,新莊,2017-10-07,32,10.0,5.0,nan,26.0,17.0,32.0,27.0
6,板橋,2017-10-07,34,13.0,5.0,nan,29.0,21.0,30.0,34.0
5,土城,2017-10-07,35,4.0,5.0,nan,27.0,14.0,33.0,35.0
4,新店,2017-10-07,33,3.0,5.0,nan,25.0,16.0,31.0,33.0
3,萬里,2017-10-07,51,4.0,2.0,nan,45.0,4.0,44.0,51.0
2,汐止,2017-10-07,36,4.0,3.0,nan,21.0,15.0,34.0,36.0
17,桃園,2017-10-07,41,13.0,5.0,nan,28.0,16.0,30.0,41.0
1,基隆,2017-10-07,40,3.0,2.0,nan,21.0,5.0,39.0,40.0
65,宜蘭,2017-10-08,39,3.0,2.0,nan,34.0,6.0,39.0,25.0
64,陽明,2017-10-08,37,7.0,1.0,nan,5.0,7.0,37.0,6.0
63,花蓮,2017-10-08,34,4.0,3.0,nan,20.0,14.0,22.0,34.0
62,臺東,2017-10-08,27,4.0,3.0,nan,27.0,6.0,21.0,19.0
61,恆春,2017-10-08,30,3.0,1.0,nan,24.0,2.0,30.0,30.0
60,潮州,2017-10-08,103,10.0,7.0,nan,61.0,10.0,34.0,103.0
59,屏東,2017-10-08,135,13.0,10.0,nan,71.0,28.0,45.0,135.0
58,小港,2017-10-08,103,26.0,7.0,nan,68.0,32.0,64.0,103.0
57,前鎮,2017-10-08,103,13.0,6.0,nan,57.0,21.0,nan,103.0
56,前金,2017-10-08,105,9.0,6.0,nan,57.0,17.0,90.0,105.0
54,左營,2017-10-08,108,10.0,6.0,nan,58.0,22.0,108.0,89.0
53,楠梓,2017-10-08,105,6.0,6.0,nan,71.0,24.0,104.0,105.0
52,林園,2017-10-08,99,20.0,6.0,nan,40.0,21.0,97.0,99.0
51,大寮,2017-10-08,121,14.0,8.0,nan,73.0,22.0,43.0,121.0
50,鳳山,2017-10-08,115,14.0,10.0,nan,71.0,33.0,nan,115.0
49,仁武,2017-10-08,113,14.0,6.0,nan,69.0,22.0,104.0,113.0
48,橋頭,2017-10-08,112,9.0,6.0,nan,62.0,21.0,112.0,110.0
47,美濃,2017-10-08,113,7.0,7.0,nan,65.0,19.0,67.0,113.0
46,臺南,2017-10-08,122,9.0,6.0,nan,54.0,19.0,122.0,98.0
45,安南,2017-10-08,132,6.0,6.0,nan,63.0,21.0,132.0,113.0
44,善化,2017-10-08,112,7.0,5.0,nan,66.0,17.0,101.0,112.0
43,新營,2017-10-08,110,11.0,6.0,nan,72.0,19.0,108.0,110.0
42,嘉義,2017-10-08,132,7.0,6.0,nan,66.0,20.0,132.0,122.0
41,臺西,2017-10-08,73,10.0,5.0,nan,nan,15.0,nan,73.0
40,朴子,2017-10-08,112,20.0,6.0,nan,85.0,23.0,112.0,89.0
39,新港,2017-10-08,118,11.0,7.0,nan,69.0,16.0,118.0,92.0
38,崙背,2017-10-08,93,14.0,6.0,nan,62.0,18.0,93.0,88.0
37,斗六,2017-10-08,150,7.0,7.0,nan,66.0,24.0,150.0,110.0
36,南投,2017-10-08,132,10.0,7.0,nan,73.0,25.0,132.0,127.0
35,二林,2017-10-08,87,21.0,7.0,nan,71.0,19.0,45.0,87.0
34,線西,2017-10-08,69,20.0,7.0,nan,56.0,22.0,nan,69.0
33,彰化,2017-10-08,111,10.0,7.0,nan,59.0,20.0,67.0,111.0
32,西屯,2017-10-08,100,9.0,6.0,nan,63.0,26.0,100.0,91.0
31,忠明,2017-10-08,94,9.0,7.0,nan,50.0,26.0,84.0,94.0
30,大里,2017-10-08,150,10.0,7.0,nan,73.0,24.0,150.0,111.0
29,沙鹿,2017-10-08,54,6.0,6.0,nan,40.0,19.0,44.0,54.0
28,豐原,2017-10-08,76,7.0,7.0,nan,52.0,12.0,71.0,76.0
27,三義,2017-10-08,42,4.0,3.0,nan,28.0,11.0,40.0,42.0
26,苗栗,2017-10-08,54,4.0,3.0,nan,25.0,12.0,30.0,54.0
25,頭份,2017-10-08,43,3.0,2.0,nan,21.0,12.0,nan,43.0
24,新竹,2017-10-08,32,3.0,2.0,nan,27.0,8.0,32.0,31.0
23,竹東,2017-10-08,31,3.0,2.0,nan,22.0,5.0,29.0,31.0
22,湖口,2017-10-08,34,7.0,2.0,nan,26.0,8.0,33.0,34.0
21,龍潭,2017-10-08,33,3.0,2.0,nan,25.0,8.0,32.0,33.0
20,平鎮,2017-10-08,32,7.0,3.0,nan,28.0,9.0,32.0,32.0
19,觀音,2017-10-08,42,9.0,2.0,nan,38.0,11.0,31.0,42.0
18,大園,2017-10-08,32,10.0,2.0,nan,32.0,17.0,32.0,30.0
16,大同,2017-10-08,36,nan,6.0,nan,36.0,20.0,nan,31.0
15,松山,2017-10-08,32,3.0,3.0,nan,17.0,12.0,32.0,31.0
14,古亭,2017-10-08,33,3.0,3.0,nan,17.0,14.0,32.0,33.0
13,萬華,2017-10-08,29,4.0,6.0,nan,28.0,18.0,29.0,26.0
12,中山,2017-10-08,37,11.0,6.0,nan,24.0,21.0,23.0,37.0
11,士林,2017-10-08,38,7.0,2.0,nan,20.0,6.0,37.0,38.0
10,淡水,2017-10-08,31,6.0,2.0,nan,18.0,6.0,31.0,22.0
9,林口,2017-10-08,54,7.0,2.0,nan,28.0,8.0,33.0,54.0
8,菜寮,2017-10-08,34,13.0,3.0,nan,26.0,14.0,30.0,34.0
7,新莊,2017-10-08,30,13.0,3.0,nan,19.0,11.0,30.0,25.0
83,麥寮,2017-10-08,87,11.0,6.0,nan,87.0,15.0,nan,85.0
6,板橋,2017-10-08,32,4.0,3.0,nan,22.0,12.0,32.0,19.0
5,土城,2017-10-08,32,1.0,3.0,nan,22.0,11.0,32.0,28.0
4,新店,2017-10-08,31,3.0,3.0,nan,20.0,11.0,31.0,26.0
3,萬里,2017-10-08,46,6.0,2.0,nan,39.0,3.0,40.0,46.0
2,汐止,2017-10-08,36,3.0,2.0,nan,17.0,9.0,36.0,33.0
17,桃園,2017-10-08,29,10.0,3.0,nan,nan,9.0,29.0,nan
1,基隆,2017-10-08,36,3.0,2.0,nan,19.0,4.0,36.0,32.0
71,復興,2017-10-08,89,14.0,8.0,nan,54.0,26.0,nan,89.0
70,永和,2017-10-08,34,3.0,5.0,nan,21.0,11.0,nan,34.0
69,竹山,2017-10-08,132,6.0,5.0,nan,58.0,11.0,132.0,122.0
68,中壢,2017-10-08,33,6.0,7.0,nan,33.0,18.0,nan,27.0
67,三重,2017-10-08,39,13.0,14.0,nan,39.0,29.0,nan,37.0
66,冬山,2017-10-08,43,13.0,3.0,nan,35.0,13.0,35.0,43.0
72,埔里,2017-10-08,45,4.0,3.0,nan,25.0,12.0,24.0,45.0
75,馬祖,2017-10-08,71,4.0,3.0,nan,35.0,3.0,71.0,50.0
77,金門,2017-10-08,55,13.0,2.0,nan,48.0,9.0,46.0,55.0
78,馬公,2017-10-08,52,3.0,2.0,nan,31.0,2.0,34.0,52.0
80,關山,2017-10-08,22,1.0,nan,nan,14.0,6.0,20.0,22.0
84,富貴角,2017-10-08,42,1.0,1.0,nan,nan,1.0,42.0,nan
12,中山,2017-10-09,24,3.0,6.0,nan,24.0,17.0,12.0,21.0
84,富貴角,2017-10-09,19,1.0,1.0,nan,nan,4.0,19.0,nan
83,麥寮,2017-10-09,100,7.0,5.0,nan,65.0,12.0,nan,100.0
80,關山,2017-10-09,15,1.0,nan,nan,11.0,4.0,14.0,15.0
78,馬公,2017-10-09,41,6.0,2.0,nan,37.0,8.0,20.0,41.0
77,金門,2017-10-09,38,6.0,2.0,nan,38.0,6.0,30.0,37.0
75,馬祖,2017-10-09,45,6.0,2.0,nan,38.0,3.0,38.0,45.0
72,埔里,2017-10-09,69,4.0,6.0,nan,35.0,18.0,58.0,69.0
71,復興,2017-10-09,60,11.0,9.0,nan,39.0,22.0,nan,60.0
70,永和,2017-10-09,22,3.0,3.0,nan,15.0,8.0,nan,22.0
69,竹山,2017-10-09,70,4.0,5.0,nan,32.0,16.0,54.0,70.0
67,三重,2017-10-09,32,4.0,11.0,nan,32.0,18.0,nan,26.0
66,冬山,2017-10-09,32,4.0,3.0,nan,26.0,16.0,14.0,32.0
65,宜蘭,2017-10-09,23,3.0,2.0,nan,23.0,9.0,16.0,14.0
68,中壢,2017-10-09,28,4.0,11.0,nan,28.0,17.0,nan,7.0
64,陽明,2017-10-09,17,7.0,1.0,nan,7.0,6.0,17.0,14.0
63,花蓮,2017-10-09,17,4.0,3.0,nan,17.0,8.0,15.0,nan
62,臺東,2017-10-09,17,3.0,3.0,nan,17.0,8.0,13.0,12.0
61,恆春,2017-10-09,24,3.0,1.0,nan,23.0,3.0,20.0,24.0
60,潮州,2017-10-09,80,14.0,5.0,nan,57.0,nan,77.0,80.0
59,屏東,2017-10-09,86,9.0,6.0,nan,57.0,15.0,74.0,86.0
58,小港,2017-10-09,77,37.0,6.0,nan,52.0,28.0,42.0,77.0
57,前鎮,2017-10-09,68,11.0,6.0,nan,47.0,21.0,nan,68.0
56,前金,2017-10-09,58,9.0,5.0,nan,44.0,11.0,45.0,58.0
54,左營,2017-10-09,62,6.0,5.0,nan,49.0,25.0,47.0,62.0
53,楠梓,2017-10-09,65,7.0,5.0,nan,54.0,17.0,44.0,65.0
52,林園,2017-10-09,87,14.0,6.0,nan,34.0,15.0,51.0,87.0
51,大寮,2017-10-09,91,17.0,7.0,nan,62.0,19.0,43.0,91.0
50,鳳山,2017-10-09,77,7.0,7.0,nan,60.0,26.0,nan,77.0
49,仁武,2017-10-09,70,13.0,5.0,nan,51.0,25.0,45.0,70.0
48,橋頭,2017-10-09,79,4.0,5.0,nan,47.0,21.0,45.0,79.0
47,美濃,2017-10-09,67,4.0,3.0,nan,44.0,8.0,46.0,67.0
46,臺南,2017-10-09,59,9.0,5.0,nan,38.0,18.0,46.0,59.0
45,安南,2017-10-09,68,6.0,5.0,nan,44.0,21.0,50.0,68.0
44,善化,2017-10-09,66,9.0,3.0,nan,47.0,15.0,45.0,66.0
43,新營,2017-10-09,64,4.0,5.0,nan,47.0,12.0,44.0,64.0
42,嘉義,2017-10-09,56,7.0,5.0,nan,45.0,16.0,49.0,56.0
41,臺西,2017-10-09,89,9.0,3.0,nan,nan,9.0,nan,89.0
40,朴子,2017-10-09,77,6.0,5.0,nan,61.0,15.0,71.0,77.0
39,新港,2017-10-09,77,11.0,5.0,nan,50.0,15.0,50.0,77.0
38,崙背,2017-10-09,102,7.0,3.0,nan,58.0,12.0,74.0,102.0
37,斗六,2017-10-09,59,7.0,5.0,nan,39.0,21.0,50.0,59.0
36,南投,2017-10-09,74,6.0,6.0,nan,49.0,22.0,48.0,74.0
35,二林,2017-10-09,94,10.0,5.0,nan,62.0,16.0,50.0,94.0
34,線西,2017-10-09,108,14.0,5.0,nan,62.0,19.0,nan,108.0
32,西屯,2017-10-09,108,10.0,5.0,nan,59.0,24.0,108.0,97.0
31,忠明,2017-10-09,86,9.0,6.0,nan,43.0,27.0,80.0,86.0
30,大里,2017-10-09,80,6.0,7.0,nan,58.0,25.0,80.0,80.0
29,沙鹿,2017-10-09,100,10.0,7.0,nan,61.0,26.0,80.0,100.0
28,豐原,2017-10-09,97,7.0,8.0,nan,48.0,18.0,97.0,72.0
27,三義,2017-10-09,104,7.0,5.0,nan,52.0,14.0,104.0,88.0
26,苗栗,2017-10-09,122,9.0,6.0,nan,54.0,20.0,122.0,98.0
25,頭份,2017-10-09,86,16.0,7.0,nan,49.0,16.0,nan,86.0
24,新竹,2017-10-09,71,14.0,7.0,nan,30.0,27.0,71.0,46.0
23,竹東,2017-10-09,101,9.0,6.0,nan,38.0,10.0,101.0,71.0
22,湖口,2017-10-09,22,4.0,2.0,nan,19.0,6.0,22.0,20.0
21,龍潭,2017-10-09,28,3.0,2.0,nan,24.0,8.0,20.0,28.0
20,平鎮,2017-10-09,26,6.0,2.0,nan,26.0,9.0,19.0,24.0
19,觀音,2017-10-09,31,10.0,2.0,nan,31.0,14.0,20.0,22.0
18,大園,2017-10-09,27,6.0,2.0,nan,27.0,16.0,19.0,22.0
16,大同,2017-10-09,32,nan,10.0,nan,32.0,18.0,nan,17.0
15,松山,2017-10-09,30,3.0,3.0,nan,18.0,13.0,16.0,30.0
14,古亭,2017-10-09,31,3.0,2.0,nan,13.0,9.0,18.0,31.0
13,萬華,2017-10-09,21,3.0,7.0,nan,19.0,16.0,13.0,21.0
11,士林,2017-10-09,24,3.0,1.0,nan,18.0,4.0,19.0,24.0
10,淡水,2017-10-09,18,3.0,1.0,nan,18.0,4.0,17.0,14.0
9,林口,2017-10-09,37,3.0,2.0,nan,25.0,9.0,19.0,37.0
8,菜寮,2017-10-09,20,3.0,3.0,nan,20.0,11.0,19.0,17.0
7,新莊,2017-10-09,19,3.0,3.0,nan,15.0,12.0,19.0,11.0
6,板橋,2017-10-09,17,3.0,3.0,nan,17.0,12.0,17.0,12.0
5,土城,2017-10-09,18,3.0,3.0,nan,16.0,8.0,18.0,17.0
4,新店,2017-10-09,19,3.0,3.0,nan,18.0,10.0,19.0,15.0
3,萬里,2017-10-09,33,6.0,1.0,nan,26.0,7.0,19.0,33.0
2,汐止,2017-10-09,21,3.0,2.0,nan,16.0,8.0,18.0,21.0
33,彰化,2017-10-09,99,14.0,6.0,nan,52.0,20.0,61.0,99.0
17,桃園,2017-10-09,24,6.0,2.0,nan,21.0,7.0,19.0,24.0
1,基隆,2017-10-09,26,3.0,2.0,nan,15.0,7.0,17.0,26.0
72,埔里,2017-10-10,84,6.0,7.0,nan,41.0,22.0,84.0,81.0
75,馬祖,2017-10-10,39,4.0,1.0,nan,33.0,4.0,29.0,39.0
77,金門,2017-10-10,36,4.0,1.0,nan,31.0,5.0,30.0,36.0
78,馬公,2017-10-10,47,4.0,1.0,nan,34.0,16.0,35.0,47.0
80,關山,2017-10-10,18,1.0,nan,nan,17.0,3.0,18.0,13.0
83,麥寮,2017-10-10,126,31.0,5.0,nan,71.0,36.0,nan,126.0
84,富貴角,2017-10-10,23,1.0,1.0,nan,nan,4.0,23.0,nan
1,基隆,2017-10-10,35,1.0,1.0,nan,15.0,6.0,16.0,35.0
17,桃園,2017-10-10,29,6.0,2.0,nan,29.0,8.0,19.0,25.0
33,彰化,2017-10-10,118,17.0,8.0,nan,52.0,22.0,118.0,109.0
2,汐止,2017-10-10,18,4.0,2.0,nan,12.0,8.0,18.0,16.0
3,萬里,2017-10-10,33,4.0,1.0,nan,28.0,5.0,18.0,33.0
4,新店,2017-10-10,19,3.0,2.0,nan,15.0,7.0,19.0,14.0
5,土城,2017-10-10,19,4.0,2.0,nan,17.0,8.0,19.0,15.0
6,板橋,2017-10-10,17,3.0,3.0,nan,16.0,12.0,17.0,12.0
7,新莊,2017-10-10,19,3.0,2.0,nan,13.0,10.0,19.0,9.0
8,菜寮,2017-10-10,19,3.0,3.0,nan,19.0,9.0,18.0,17.0
9,林口,2017-10-10,44,3.0,2.0,nan,22.0,8.0,19.0,44.0
10,淡水,2017-10-10,18,16.0,1.0,nan,16.0,12.0,16.0,18.0
11,士林,2017-10-10,29,4.0,1.0,nan,16.0,5.0,19.0,29.0
12,中山,2017-10-10,46,3.0,6.0,nan,46.0,16.0,11.0,28.0
13,萬華,2017-10-10,23,3.0,6.0,nan,19.0,15.0,12.0,23.0
14,古亭,2017-10-10,23,3.0,2.0,nan,11.0,7.0,17.0,23.0
15,松山,2017-10-10,23,4.0,2.0,nan,18.0,12.0,15.0,23.0
16,大同,2017-10-10,31,nan,8.0,nan,31.0,17.0,nan,17.0
18,大園,2017-10-10,22,4.0,2.0,nan,22.0,15.0,20.0,19.0
19,觀音,2017-10-10,28,10.0,2.0,nan,28.0,13.0,21.0,21.0
20,平鎮,2017-10-10,21,4.0,2.0,nan,21.0,8.0,20.0,16.0
21,龍潭,2017-10-10,27,3.0,2.0,nan,22.0,6.0,20.0,27.0
22,湖口,2017-10-10,24,4.0,2.0,nan,19.0,17.0,24.0,21.0
23,竹東,2017-10-10,72,7.0,5.0,nan,39.0,13.0,67.0,72.0
24,新竹,2017-10-10,90,10.0,5.0,nan,25.0,21.0,90.0,56.0
25,頭份,2017-10-10,99,16.0,6.0,nan,52.0,31.0,nan,99.0
26,苗栗,2017-10-10,114,9.0,7.0,nan,59.0,22.0,104.0,114.0
27,三義,2017-10-10,112,6.0,5.0,nan,51.0,17.0,112.0,85.0
28,豐原,2017-10-10,122,9.0,6.0,nan,49.0,21.0,122.0,81.0
29,沙鹿,2017-10-10,102,31.0,7.0,nan,58.0,33.0,100.0,102.0
30,大里,2017-10-10,154,16.0,9.0,nan,64.0,31.0,154.0,90.0
31,忠明,2017-10-10,132,24.0,8.0,nan,52.0,35.0,132.0,105.0
32,西屯,2017-10-10,151,24.0,8.0,nan,63.0,41.0,151.0,111.0
34,線西,2017-10-10,100,17.0,6.0,nan,55.0,25.0,nan,100.0
35,二林,2017-10-10,109,10.0,6.0,nan,63.0,19.0,101.0,109.0
36,南投,2017-10-10,97,9.0,7.0,nan,51.0,21.0,97.0,80.0
37,斗六,2017-10-10,104,9.0,6.0,nan,46.0,23.0,104.0,75.0
38,崙背,2017-10-10,129,9.0,5.0,nan,58.0,19.0,129.0,108.0
39,新港,2017-10-10,118,10.0,5.0,nan,57.0,18.0,118.0,87.0
40,朴子,2017-10-10,80,7.0,5.0,nan,57.0,16.0,80.0,79.0
41,臺西,2017-10-10,109,21.0,5.0,nan,nan,30.0,nan,109.0
42,嘉義,2017-10-10,104,13.0,5.0,nan,49.0,21.0,104.0,71.0
43,新營,2017-10-10,68,7.0,5.0,nan,47.0,19.0,48.0,68.0
44,善化,2017-10-10,65,6.0,3.0,nan,40.0,14.0,45.0,65.0
45,安南,2017-10-10,73,6.0,5.0,nan,47.0,18.0,51.0,73.0
46,臺南,2017-10-10,58,9.0,3.0,nan,34.0,21.0,45.0,58.0
47,美濃,2017-10-10,61,7.0,2.0,nan,37.0,9.0,50.0,61.0
48,橋頭,2017-10-10,64,6.0,3.0,nan,38.0,17.0,43.0,64.0
49,仁武,2017-10-10,62,11.0,5.0,nan,44.0,19.0,44.0,62.0
50,鳳山,2017-10-10,55,16.0,6.0,nan,49.0,26.0,nan,55.0
51,大寮,2017-10-10,70,11.0,5.0,nan,47.0,15.0,58.0,70.0
52,林園,2017-10-10,80,11.0,5.0,nan,26.0,12.0,44.0,80.0
53,楠梓,2017-10-10,53,7.0,3.0,nan,49.0,20.0,42.0,53.0
54,左營,2017-10-10,52,9.0,5.0,nan,45.0,21.0,45.0,52.0
56,前金,2017-10-10,43,10.0,3.0,nan,35.0,14.0,42.0,43.0
62,臺東,2017-10-10,25,1.0,3.0,nan,25.0,8.0,16.0,16.0
57,前鎮,2017-10-10,68,11.0,5.0,nan,43.0,18.0,nan,68.0
58,小港,2017-10-10,66,19.0,5.0,nan,40.0,21.0,38.0,66.0
59,屏東,2017-10-10,71,10.0,6.0,nan,42.0,17.0,71.0,59.0
60,潮州,2017-10-10,64,11.0,2.0,nan,45.0,nan,54.0,64.0
61,恆春,2017-10-10,32,3.0,1.0,nan,27.0,3.0,22.0,32.0
63,花蓮,2017-10-10,24,3.0,3.0,nan,19.0,14.0,18.0,24.0
64,陽明,2017-10-10,15,9.0,1.0,nan,6.0,8.0,15.0,12.0
65,宜蘭,2017-10-10,22,3.0,3.0,nan,22.0,10.0,18.0,17.0
66,冬山,2017-10-10,34,nan,3.0,nan,24.0,16.0,12.0,34.0
67,三重,2017-10-10,31,4.0,12.0,nan,31.0,17.0,nan,23.0
68,中壢,2017-10-10,27,4.0,10.0,nan,27.0,15.0,nan,17.0
69,竹山,2017-10-10,101,7.0,5.0,nan,40.0,13.0,101.0,83.0
70,永和,2017-10-10,16,1.0,3.0,nan,11.0,6.0,nan,16.0
71,復興,2017-10-10,57,20.0,7.0,nan,33.0,21.0,nan,57.0
4,新店,2017-10-11,19,3.0,3.0,nan,15.0,13.0,19.0,14.0
3,萬里,2017-10-11,34,6.0,1.0,nan,31.0,7.0,23.0,34.0
2,汐止,2017-10-11,19,4.0,2.0,nan,15.0,11.0,19.0,18.0
33,彰化,2017-10-11,139,24.0,7.0,nan,62.0,32.0,101.0,139.0
17,桃園,2017-10-11,24,11.0,3.0,nan,19.0,17.0,20.0,24.0
1,基隆,2017-10-11,37,3.0,1.0,nan,16.0,7.0,19.0,37.0
84,富貴角,2017-10-11,25,1.0,1.0,nan,nan,4.0,25.0,nan
83,麥寮,2017-10-11,94,9.0,3.0,nan,64.0,10.0,nan,94.0
80,關山,2017-10-11,20,1.0,nan,nan,15.0,4.0,20.0,15.0
78,馬公,2017-10-11,39,10.0,2.0,nan,31.0,10.0,33.0,39.0
77,金門,2017-10-11,34,7.0,2.0,nan,33.0,7.0,34.0,31.0
75,馬祖,2017-10-11,45,4.0,2.0,nan,32.0,3.0,36.0,45.0
72,埔里,2017-10-11,154,6.0,7.0,nan,53.0,20.0,154.0,110.0
71,復興,2017-10-11,50,7.0,6.0,nan,37.0,17.0,nan,50.0
70,永和,2017-10-11,21,3.0,6.0,nan,14.0,15.0,nan,21.0
69,竹山,2017-10-11,126,7.0,3.0,nan,55.0,13.0,126.0,115.0
68,中壢,2017-10-11,29,10.0,12.0,nan,29.0,20.0,nan,20.0
67,三重,2017-10-11,32,17.0,15.0,nan,32.0,25.0,nan,17.0
66,冬山,2017-10-11,26,4.0,3.0,nan,17.0,17.0,20.0,26.0
65,宜蘭,2017-10-11,23,3.0,2.0,nan,20.0,8.0,23.0,8.0
64,陽明,2017-10-11,22,9.0,1.0,nan,6.0,4.0,22.0,8.0
63,花蓮,2017-10-11,22,6.0,3.0,nan,18.0,14.0,22.0,nan
62,臺東,2017-10-11,20,1.0,3.0,nan,20.0,7.0,20.0,14.0
61,恆春,2017-10-11,31,1.0,1.0,nan,29.0,3.0,31.0,31.0
60,潮州,2017-10-11,48,7.0,2.0,nan,43.0,nan,45.0,48.0
59,屏東,2017-10-11,65,7.0,6.0,nan,43.0,24.0,50.0,65.0
58,小港,2017-10-11,62,11.0,3.0,nan,41.0,24.0,41.0,62.0
57,前鎮,2017-10-11,65,7.0,3.0,nan,40.0,14.0,nan,65.0
56,前金,2017-10-11,62,6.0,3.0,nan,37.0,6.0,51.0,62.0
54,左營,2017-10-11,58,9.0,2.0,nan,41.0,9.0,58.0,53.0
53,楠梓,2017-10-11,59,7.0,6.0,nan,52.0,40.0,42.0,59.0
52,林園,2017-10-11,59,13.0,3.0,nan,25.0,13.0,44.0,59.0
51,大寮,2017-10-11,67,11.0,3.0,nan,47.0,19.0,37.0,67.0
50,鳳山,2017-10-11,64,7.0,7.0,nan,52.0,24.0,nan,64.0
49,仁武,2017-10-11,66,11.0,3.0,nan,51.0,21.0,46.0,66.0
48,橋頭,2017-10-11,67,7.0,6.0,nan,42.0,39.0,41.0,67.0
47,美濃,2017-10-11,59,9.0,3.0,nan,36.0,10.0,49.0,59.0
46,臺南,2017-10-11,58,9.0,5.0,nan,40.0,29.0,48.0,58.0
45,安南,2017-10-11,80,10.0,5.0,nan,50.0,24.0,80.0,79.0
44,善化,2017-10-11,58,13.0,3.0,nan,41.0,14.0,58.0,58.0
43,新營,2017-10-11,74,7.0,3.0,nan,47.0,14.0,64.0,74.0
42,嘉義,2017-10-11,126,10.0,5.0,nan,48.0,17.0,126.0,74.0
41,臺西,2017-10-11,90,17.0,3.0,nan,nan,25.0,nan,90.0
40,朴子,2017-10-11,93,11.0,3.0,nan,57.0,15.0,93.0,71.0
39,新港,2017-10-11,146,9.0,5.0,nan,54.0,20.0,146.0,83.0
38,崙背,2017-10-11,104,7.0,5.0,nan,59.0,15.0,84.0,104.0
37,斗六,2017-10-11,115,7.0,5.0,nan,53.0,18.0,115.0,90.0
36,南投,2017-10-11,111,9.0,6.0,nan,62.0,24.0,101.0,111.0
35,二林,2017-10-11,102,9.0,5.0,nan,67.0,15.0,80.0,102.0
34,線西,2017-10-11,98,14.0,6.0,nan,59.0,19.0,nan,98.0
32,西屯,2017-10-11,126,27.0,7.0,nan,78.0,32.0,126.0,119.0
31,忠明,2017-10-11,124,21.0,7.0,nan,61.0,37.0,108.0,124.0
30,大里,2017-10-11,137,27.0,10.0,nan,85.0,47.0,126.0,137.0
29,沙鹿,2017-10-11,97,27.0,7.0,nan,59.0,25.0,97.0,96.0
28,豐原,2017-10-11,154,20.0,7.0,nan,61.0,28.0,154.0,110.0
27,三義,2017-10-11,136,14.0,6.0,nan,47.0,16.0,136.0,82.0
26,苗栗,2017-10-11,85,11.0,7.0,nan,45.0,17.0,48.0,85.0
25,頭份,2017-10-11,55,3.0,5.0,nan,24.0,16.0,nan,55.0
24,新竹,2017-10-11,27,4.0,2.0,nan,20.0,8.0,25.0,27.0
23,竹東,2017-10-11,32,6.0,3.0,nan,22.0,12.0,23.0,32.0
22,湖口,2017-10-11,27,4.0,2.0,nan,20.0,8.0,27.0,19.0
21,龍潭,2017-10-11,29,3.0,2.0,nan,23.0,9.0,22.0,29.0
20,平鎮,2017-10-11,30,10.0,3.0,nan,23.0,16.0,21.0,30.0
19,觀音,2017-10-11,32,13.0,2.0,nan,32.0,19.0,19.0,28.0
18,大園,2017-10-11,29,9.0,2.0,nan,29.0,17.0,20.0,24.0
16,大同,2017-10-11,33,nan,10.0,nan,33.0,22.0,nan,nan
15,松山,2017-10-11,24,6.0,3.0,nan,17.0,17.0,16.0,24.0
14,古亭,2017-10-11,25,3.0,3.0,nan,15.0,17.0,18.0,25.0
13,萬華,2017-10-11,22,9.0,8.0,nan,21.0,22.0,11.0,22.0
12,中山,2017-10-11,32,13.0,7.0,nan,25.0,22.0,9.0,32.0
11,士林,2017-10-11,26,14.0,1.0,nan,26.0,9.0,19.0,26.0
10,淡水,2017-10-11,16,16.0,2.0,nan,16.0,8.0,16.0,16.0
9,林口,2017-10-11,41,13.0,2.0,nan,23.0,16.0,19.0,41.0
8,菜寮,2017-10-11,20,17.0,3.0,nan,20.0,17.0,19.0,18.0
7,新莊,2017-10-11,19,10.0,3.0,nan,17.0,14.0,19.0,9.0
6,板橋,2017-10-11,19,7.0,5.0,nan,18.0,19.0,18.0,16.0
5,土城,2017-10-11,20,3.0,3.0,nan,19.0,14.0,20.0,19.0
4,新店,2017-10-12,19,3.0,5.0,nan,17.0,19.0,19.0,17.0
2,汐止,2017-10-12,24,21.0,2.0,nan,15.0,20.0,19.0,24.0
1,基隆,2017-10-12,46,3.0,1.0,nan,20.0,4.0,31.0,46.0
33,彰化,2017-10-12,43,9.0,5.0,nan,30.0,19.0,29.0,43.0
16,大同,2017-10-12,33,nan,17.0,nan,33.0,32.0,nan,nan
17,桃園,2017-10-12,23,7.0,5.0,nan,15.0,20.0,18.0,23.0
84,富貴角,2017-10-12,36,1.0,1.0,nan,nan,3.0,36.0,nan
83,麥寮,2017-10-12,73,13.0,5.0,nan,73.0,18.0,nan,67.0
80,關山,2017-10-12,20,1.0,nan,nan,10.0,4.0,20.0,10.0
78,馬公,2017-10-12,42,3.0,1.0,nan,30.0,5.0,30.0,42.0
77,金門,2017-10-12,49,4.0,2.0,nan,40.0,6.0,49.0,45.0
75,馬祖,2017-10-12,49,3.0,3.0,nan,31.0,3.0,47.0,49.0
72,埔里,2017-10-12,66,9.0,6.0,nan,34.0,18.0,35.0,66.0
71,復興,2017-10-12,65,14.0,7.0,nan,56.0,25.0,nan,65.0
70,永和,2017-10-12,26,7.0,8.0,nan,12.0,19.0,nan,26.0
69,竹山,2017-10-12,102,4.0,5.0,nan,51.0,22.0,87.0,102.0
68,中壢,2017-10-12,27,6.0,12.0,nan,27.0,24.0,nan,24.0
67,三重,2017-10-12,31,6.0,17.0,nan,31.0,29.0,nan,27.0
66,冬山,2017-10-12,37,6.0,2.0,nan,24.0,16.0,25.0,37.0
65,宜蘭,2017-10-12,27,4.0,3.0,nan,27.0,12.0,22.0,14.0
64,陽明,2017-10-12,28,3.0,1.0,nan,6.0,2.0,28.0,11.0
63,花蓮,2017-10-12,16,3.0,3.0,nan,13.0,12.0,16.0,9.0
62,臺東,2017-10-12,19,1.0,3.0,nan,18.0,4.0,19.0,16.0
61,恆春,2017-10-12,27,4.0,1.0,nan,nan,3.0,27.0,nan
60,潮州,2017-10-12,118,11.0,3.0,nan,53.0,nan,118.0,60.0
59,屏東,2017-10-12,129,11.0,6.0,nan,51.0,26.0,129.0,66.0
58,小港,2017-10-12,93,17.0,5.0,nan,60.0,20.0,93.0,73.0
57,前鎮,2017-10-12,78,13.0,5.0,nan,57.0,22.0,nan,78.0
56,前金,2017-10-12,136,9.0,5.0,nan,59.0,23.0,136.0,68.0
54,左營,2017-10-12,122,7.0,5.0,nan,67.0,26.0,122.0,70.0
53,楠梓,2017-10-12,104,7.0,5.0,nan,76.0,25.0,104.0,72.0
52,林園,2017-10-12,115,19.0,3.0,nan,31.0,12.0,115.0,53.0
51,大寮,2017-10-12,79,49.0,5.0,nan,59.0,38.0,58.0,79.0
50,鳳山,2017-10-12,66,9.0,7.0,nan,66.0,25.0,nan,65.0
49,仁武,2017-10-12,108,21.0,5.0,nan,70.0,23.0,108.0,82.0
48,橋頭,2017-10-12,104,7.0,6.0,nan,66.0,23.0,104.0,83.0
47,美濃,2017-10-12,84,13.0,3.0,nan,43.0,14.0,84.0,70.0
46,臺南,2017-10-12,80,7.0,5.0,nan,60.0,25.0,80.0,67.0
45,安南,2017-10-12,87,10.0,3.0,nan,69.0,23.0,87.0,74.0
44,善化,2017-10-12,74,10.0,3.0,nan,59.0,21.0,74.0,74.0
43,新營,2017-10-12,72,7.0,5.0,nan,65.0,20.0,47.0,72.0
42,嘉義,2017-10-12,68,10.0,6.0,nan,56.0,26.0,67.0,68.0
41,臺西,2017-10-12,76,11.0,3.0,nan,76.0,12.0,nan,67.0
40,朴子,2017-10-12,73,10.0,5.0,nan,73.0,19.0,45.0,60.0
39,新港,2017-10-12,71,10.0,5.0,nan,54.0,20.0,44.0,71.0
38,崙背,2017-10-12,70,10.0,5.0,nan,52.0,19.0,40.0,70.0
37,斗六,2017-10-12,87,7.0,5.0,nan,47.0,31.0,87.0,73.0
36,南投,2017-10-12,74,6.0,8.0,nan,51.0,25.0,54.0,74.0
35,二林,2017-10-12,49,6.0,3.0,nan,49.0,13.0,31.0,41.0
34,線西,2017-10-12,38,10.0,2.0,nan,34.0,13.0,nan,38.0
32,西屯,2017-10-12,35,7.0,2.0,nan,30.0,23.0,35.0,34.0
31,忠明,2017-10-12,38,7.0,3.0,nan,22.0,28.0,31.0,38.0
30,大里,2017-10-12,87,6.0,6.0,nan,46.0,21.0,44.0,87.0
29,沙鹿,2017-10-12,28,6.0,2.0,nan,19.0,14.0,28.0,12.0
28,豐原,2017-10-12,50,4.0,3.0,nan,nan,12.0,31.0,50.0
27,三義,2017-10-12,23,3.0,1.0,nan,11.0,8.0,23.0,11.0
26,苗栗,2017-10-12,41,4.0,2.0,nan,22.0,10.0,20.0,41.0
25,頭份,2017-10-12,43,4.0,2.0,nan,17.0,10.0,nan,43.0
24,新竹,2017-10-12,25,6.0,2.0,nan,16.0,13.0,19.0,25.0
23,竹東,2017-10-12,20,3.0,1.0,nan,15.0,7.0,19.0,20.0
22,湖口,2017-10-12,33,6.0,2.0,nan,19.0,13.0,20.0,33.0
21,龍潭,2017-10-12,31,7.0,3.0,nan,23.0,19.0,18.0,31.0
20,平鎮,2017-10-12,23,6.0,3.0,nan,23.0,18.0,19.0,20.0
19,觀音,2017-10-12,43,11.0,1.0,nan,33.0,19.0,23.0,43.0
18,大園,2017-10-12,26,7.0,2.0,nan,26.0,17.0,26.0,23.0
15,松山,2017-10-12,26,9.0,3.0,nan,14.0,20.0,19.0,26.0
14,古亭,2017-10-12,29,9.0,5.0,nan,9.0,19.0,19.0,29.0
13,萬華,2017-10-12,25,7.0,10.0,nan,19.0,25.0,13.0,23.0
12,中山,2017-10-12,26,6.0,8.0,nan,19.0,25.0,13.0,26.0
11,士林,2017-10-12,29,3.0,3.0,nan,19.0,21.0,29.0,25.0
10,淡水,2017-10-12,26,3.0,2.0,nan,19.0,10.0,26.0,18.0
9,林口,2017-10-12,52,4.0,3.0,nan,27.0,27.0,20.0,52.0
8,菜寮,2017-10-12,22,6.0,6.0,nan,19.0,22.0,20.0,20.0
7,新莊,2017-10-12,25,6.0,6.0,nan,14.0,25.0,18.0,13.0
6,板橋,2017-10-12,20,9.0,5.0,nan,14.0,20.0,19.0,16.0
5,土城,2017-10-12,27,7.0,5.0,nan,19.0,20.0,18.0,27.0
3,萬里,2017-10-12,54,10.0,1.0,nan,54.0,4.0,32.0,49.0
37,斗六,2017-10-13,42,7.0,3.0,nan,39.0,25.0,42.0,41.0
33,彰化,2017-10-13,33,3.0,3.0,nan,33.0,14.0,30.0,31.0
49,仁武,2017-10-13,78,13.0,8.0,nan,68.0,41.0,13.0,78.0
1,基隆,2017-10-13,59,3.0,1.0,nan,28.0,3.0,40.0,59.0
2,汐止,2017-10-13,32,29.0,2.0,nan,20.0,19.0,32.0,26.0
16,大同,2017-10-13,35,nan,9.0,nan,35.0,27.0,nan,17.0
3,萬里,2017-10-13,70,4.0,1.0,nan,70.0,2.0,42.0,60.0
4,新店,2017-10-13,32,6.0,3.0,nan,15.0,16.0,32.0,22.0
5,土城,2017-10-13,31,6.0,5.0,nan,19.0,19.0,31.0,27.0
6,板橋,2017-10-13,33,4.0,3.0,nan,19.0,18.0,33.0,16.0
7,新莊,2017-10-13,34,3.0,3.0,nan,16.0,12.0,34.0,16.0
8,菜寮,2017-10-13,34,3.0,3.0,nan,20.0,12.0,34.0,17.0
9,林口,2017-10-13,46,3.0,2.0,nan,25.0,16.0,36.0,46.0
10,淡水,2017-10-13,35,3.0,1.0,nan,20.0,3.0,35.0,19.0
11,士林,2017-10-13,40,1.0,2.0,nan,13.0,4.0,40.0,25.0
12,中山,2017-10-13,29,7.0,6.0,nan,23.0,22.0,29.0,28.0
13,萬華,2017-10-13,31,4.0,7.0,nan,22.0,25.0,31.0,21.0
14,古亭,2017-10-13,31,7.0,5.0,nan,13.0,22.0,31.0,31.0
15,松山,2017-10-13,34,6.0,3.0,nan,17.0,31.0,34.0,30.0
18,大園,2017-10-13,33,9.0,2.0,nan,nan,29.0,33.0,nan
19,觀音,2017-10-13,47,10.0,1.0,nan,42.0,10.0,35.0,47.0
20,平鎮,2017-10-13,28,4.0,3.0,nan,24.0,24.0,28.0,17.0
21,龍潭,2017-10-13,32,6.0,3.0,nan,20.0,14.0,32.0,30.0
22,湖口,2017-10-13,37,4.0,2.0,nan,21.0,6.0,37.0,23.0
23,竹東,2017-10-13,32,4.0,2.0,nan,14.0,7.0,32.0,26.0
24,新竹,2017-10-13,33,3.0,3.0,nan,18.0,10.0,33.0,25.0
25,頭份,2017-10-13,38,4.0,3.0,nan,19.0,10.0,nan,38.0
26,苗栗,2017-10-13,44,3.0,3.0,nan,24.0,9.0,33.0,44.0
27,三義,2017-10-13,35,4.0,2.0,nan,16.0,8.0,35.0,17.0
28,豐原,2017-10-13,33,3.0,2.0,nan,nan,8.0,33.0,18.0
29,沙鹿,2017-10-13,43,3.0,2.0,nan,43.0,9.0,36.0,19.0
30,大里,2017-10-13,47,4.0,5.0,nan,25.0,20.0,31.0,47.0
31,忠明,2017-10-13,32,4.0,3.0,nan,27.0,15.0,31.0,32.0
32,西屯,2017-10-13,45,4.0,2.0,nan,45.0,11.0,37.0,28.0
34,線西,2017-10-13,52,6.0,5.0,nan,52.0,11.0,nan,50.0
35,二林,2017-10-13,53,7.0,2.0,nan,53.0,8.0,36.0,30.0
36,南投,2017-10-13,36,6.0,7.0,nan,36.0,26.0,31.0,35.0
17,桃園,2017-10-13,29,6.0,5.0,nan,19.0,24.0,29.0,20.0
38,崙背,2017-10-13,141,7.0,2.0,nan,141.0,9.0,37.0,69.0
39,新港,2017-10-13,54,6.0,3.0,nan,54.0,11.0,38.0,31.0
40,朴子,2017-10-13,108,7.0,3.0,nan,108.0,11.0,37.0,43.0
41,臺西,2017-10-13,108,9.0,2.0,nan,108.0,9.0,nan,75.0
42,嘉義,2017-10-13,46,6.0,6.0,nan,44.0,25.0,34.0,46.0
43,新營,2017-10-13,55,4.0,3.0,nan,55.0,21.0,33.0,32.0
44,善化,2017-10-13,54,6.0,3.0,nan,54.0,17.0,31.0,45.0
45,安南,2017-10-13,68,6.0,5.0,nan,68.0,24.0,32.0,36.0
46,臺南,2017-10-13,61,6.0,7.0,nan,61.0,26.0,31.0,54.0
47,美濃,2017-10-13,73,4.0,5.0,nan,43.0,13.0,20.0,73.0
48,橋頭,2017-10-13,76,7.0,6.0,nan,53.0,34.0,13.0,76.0
50,鳳山,2017-10-13,80,17.0,10.0,nan,73.0,50.0,nan,80.0
51,大寮,2017-10-13,87,10.0,7.0,nan,59.0,37.0,12.0,87.0
52,林園,2017-10-13,72,11.0,7.0,nan,36.0,37.0,23.0,72.0
53,楠梓,2017-10-13,65,6.0,6.0,nan,65.0,37.0,13.0,61.0
54,左營,2017-10-13,71,9.0,8.0,nan,68.0,46.0,16.0,71.0
56,前金,2017-10-13,76,10.0,8.0,nan,66.0,37.0,17.0,76.0
57,前鎮,2017-10-13,87,11.0,9.0,nan,68.0,50.0,nan,87.0
58,小港,2017-10-13,89,23.0,9.0,nan,66.0,60.0,16.0,89.0
59,屏東,2017-10-13,68,4.0,7.0,nan,55.0,32.0,13.0,68.0
60,潮州,2017-10-13,66,10.0,6.0,nan,50.0,25.0,19.0,66.0
61,恆春,2017-10-13,29,nan,1.0,nan,19.0,2.0,29.0,27.0
62,臺東,2017-10-13,21,1.0,3.0,nan,13.0,11.0,21.0,13.0
63,花蓮,2017-10-13,21,3.0,3.0,nan,16.0,15.0,21.0,12.0
64,陽明,2017-10-13,37,3.0,1.0,nan,5.0,1.0,37.0,7.0
65,宜蘭,2017-10-13,38,3.0,2.0,nan,35.0,4.0,38.0,31.0
66,冬山,2017-10-13,56,3.0,2.0,nan,34.0,8.0,36.0,56.0
67,三重,2017-10-13,36,6.0,14.0,nan,31.0,36.0,nan,23.0
68,中壢,2017-10-13,33,4.0,9.0,nan,29.0,33.0,nan,19.0
69,竹山,2017-10-13,68,7.0,5.0,nan,40.0,17.0,43.0,68.0
70,永和,2017-10-13,28,7.0,6.0,nan,14.0,16.0,nan,28.0
71,復興,2017-10-13,79,16.0,12.0,nan,65.0,44.0,nan,79.0
72,埔里,2017-10-13,50,6.0,5.0,nan,27.0,22.0,28.0,50.0
75,馬祖,2017-10-13,55,3.0,2.0,nan,40.0,4.0,51.0,55.0
77,金門,2017-10-13,49,4.0,2.0,nan,48.0,7.0,49.0,46.0
78,馬公,2017-10-13,45,3.0,2.0,nan,45.0,2.0,37.0,45.0
80,關山,2017-10-13,21,1.0,nan,nan,8.0,6.0,21.0,13.0
83,麥寮,2017-10-13,103,10.0,2.0,nan,103.0,12.0,nan,64.0
84,富貴角,2017-10-13,44,1.0,1.0,nan,nan,1.0,44.0,nan
35,二林,2017-10-14,27,9.0,5.0,nan,18.0,16.0,19.0,27.0
19,觀音,2017-10-14,30,9.0,3.0,nan,30.0,13.0,22.0,24.0
1,基隆,2017-10-14,21,1.0,1.0,nan,10.0,3.0,21.0,17.0
9,林口,2017-10-14,28,7.0,1.0,nan,11.0,9.0,23.0,28.0
34,線西,2017-10-14,51,9.0,6.0,nan,27.0,24.0,nan,51.0
18,大園,2017-10-14,13,13.0,2.0,nan,nan,13.0,10.0,nan
84,富貴角,2017-10-14,26,1.0,1.0,nan,nan,2.0,26.0,nan
83,麥寮,2017-10-14,48,4.0,5.0,nan,31.0,17.0,nan,48.0
80,關山,2017-10-14,19,1.0,nan,nan,6.0,6.0,19.0,11.0
78,馬公,2017-10-14,35,3.0,1.0,nan,26.0,9.0,35.0,29.0
77,金門,2017-10-14,43,9.0,2.0,nan,35.0,8.0,43.0,42.0
75,馬祖,2017-10-14,48,4.0,2.0,nan,35.0,3.0,44.0,48.0
72,埔里,2017-10-14,30,6.0,5.0,nan,15.0,15.0,13.0,30.0
71,復興,2017-10-14,28,9.0,11.0,nan,15.0,28.0,nan,28.0
70,永和,2017-10-14,18,6.0,5.0,nan,6.0,15.0,nan,18.0
69,竹山,2017-10-14,37,3.0,3.0,nan,17.0,11.0,13.0,37.0
68,中壢,2017-10-14,19,4.0,8.0,nan,19.0,17.0,nan,15.0
67,三重,2017-10-14,25,9.0,15.0,nan,21.0,25.0,nan,15.0
66,冬山,2017-10-14,33,9.0,2.0,nan,18.0,21.0,16.0,33.0
32,西屯,2017-10-14,36,4.0,6.0,nan,26.0,26.0,20.0,36.0
65,宜蘭,2017-10-14,24,3.0,2.0,nan,20.0,10.0,24.0,10.0
64,陽明,2017-10-14,20,7.0,1.0,nan,5.0,6.0,20.0,nan
8,菜寮,2017-10-14,19,7.0,3.0,nan,6.0,15.0,19.0,7.0
62,臺東,2017-10-14,19,3.0,3.0,nan,18.0,11.0,19.0,10.0
61,恆春,2017-10-14,29,3.0,1.0,nan,27.0,3.0,24.0,29.0
16,大同,2017-10-14,22,nan,6.0,nan,22.0,18.0,nan,9.0
60,潮州,2017-10-14,17,3.0,2.0,nan,17.0,8.0,15.0,16.0
31,忠明,2017-10-14,41,4.0,7.0,nan,16.0,33.0,17.0,41.0
59,屏東,2017-10-14,17,3.0,6.0,nan,13.0,17.0,11.0,6.0
58,小港,2017-10-14,27,9.0,6.0,nan,15.0,24.0,10.0,27.0
63,花蓮,2017-10-14,17,4.0,3.0,nan,6.0,17.0,17.0,6.0
49,仁武,2017-10-14,29,26.0,3.0,nan,29.0,15.0,11.0,23.0
57,前鎮,2017-10-14,25,7.0,8.0,nan,19.0,25.0,nan,16.0
56,前金,2017-10-14,30,7.0,7.0,nan,19.0,23.0,13.0,30.0
7,新莊,2017-10-14,18,7.0,3.0,nan,5.0,13.0,18.0,7.0
30,大里,2017-10-14,30,6.0,8.0,nan,14.0,30.0,16.0,nan
54,左營,2017-10-14,26,6.0,7.0,nan,22.0,26.0,11.0,18.0
5,土城,2017-10-14,18,6.0,3.0,nan,6.0,14.0,18.0,12.0
29,沙鹿,2017-10-14,37,7.0,7.0,nan,20.0,27.0,19.0,37.0
53,楠梓,2017-10-14,23,3.0,5.0,nan,23.0,18.0,11.0,10.0
15,松山,2017-10-14,26,6.0,2.0,nan,9.0,25.0,8.0,26.0
52,林園,2017-10-14,19,10.0,2.0,nan,8.0,10.0,15.0,19.0
28,豐原,2017-10-14,24,4.0,5.0,nan,nan,22.0,20.0,24.0
4,新店,2017-10-14,20,1.0,3.0,nan,8.0,10.0,20.0,7.0
51,大寮,2017-10-14,33,17.0,3.0,nan,15.0,16.0,9.0,33.0
27,三義,2017-10-14,24,3.0,3.0,nan,13.0,16.0,24.0,22.0
17,桃園,2017-10-14,18,4.0,2.0,nan,9.0,14.0,18.0,16.0
50,鳳山,2017-10-14,20,6.0,6.0,nan,20.0,19.0,nan,15.0
26,苗栗,2017-10-14,28,4.0,6.0,nan,20.0,22.0,20.0,28.0
48,橋頭,2017-10-14,27,3.0,3.0,nan,14.0,13.0,9.0,27.0
14,古亭,2017-10-14,20,4.0,3.0,nan,6.0,16.0,19.0,20.0
47,美濃,2017-10-14,23,1.0,2.0,nan,10.0,8.0,10.0,23.0
3,萬里,2017-10-14,34,16.0,1.0,nan,34.0,8.0,24.0,29.0
46,臺南,2017-10-14,32,6.0,7.0,nan,16.0,23.0,9.0,32.0
25,頭份,2017-10-14,23,4.0,3.0,nan,9.0,23.0,nan,19.0
45,安南,2017-10-14,25,6.0,5.0,nan,19.0,17.0,11.0,25.0
13,萬華,2017-10-14,18,6.0,6.0,nan,12.0,18.0,16.0,16.0
44,善化,2017-10-14,28,6.0,3.0,nan,nan,16.0,11.0,28.0
24,新竹,2017-10-14,23,4.0,5.0,nan,6.0,17.0,23.0,9.0
43,新營,2017-10-14,26,4.0,5.0,nan,16.0,18.0,12.0,26.0
6,板橋,2017-10-14,18,4.0,5.0,nan,7.0,17.0,18.0,5.0
23,竹東,2017-10-14,20,6.0,3.0,nan,10.0,11.0,20.0,20.0
12,中山,2017-10-14,24,4.0,6.0,nan,6.0,18.0,13.0,24.0
42,嘉義,2017-10-14,32,6.0,6.0,nan,17.0,19.0,14.0,32.0
41,臺西,2017-10-14,48,6.0,3.0,nan,24.0,14.0,nan,48.0
22,湖口,2017-10-14,25,4.0,2.0,nan,10.0,11.0,25.0,13.0
21,龍潭,2017-10-14,22,4.0,3.0,nan,15.0,12.0,20.0,22.0
40,朴子,2017-10-14,24,6.0,5.0,nan,22.0,16.0,20.0,24.0
33,彰化,2017-10-14,34,9.0,7.0,nan,19.0,24.0,16.0,34.0
39,新港,2017-10-14,25,4.0,5.0,nan,19.0,16.0,15.0,25.0
38,崙背,2017-10-14,40,3.0,5.0,nan,19.0,16.0,19.0,40.0
11,士林,2017-10-14,20,10.0,1.0,nan,9.0,8.0,20.0,18.0
37,斗六,2017-10-14,34,4.0,3.0,nan,23.0,20.0,15.0,34.0
2,汐止,2017-10-14,21,6.0,2.0,nan,5.0,8.0,21.0,10.0
36,南投,2017-10-14,26,4.0,5.0,nan,19.0,22.0,11.0,26.0
20,平鎮,2017-10-14,22,6.0,2.0,nan,15.0,13.0,19.0,22.0
10,淡水,2017-10-14,19,3.0,2.0,nan,6.0,12.0,19.0,7.0
17,桃園,2017-10-15,28,11.0,10.0,nan,18.0,22.0,11.0,28.0
33,彰化,2017-10-15,29,4.0,6.0,nan,16.0,29.0,9.0,23.0
49,仁武,2017-10-15,23,9.0,3.0,nan,23.0,13.0,19.0,12.0
1,基隆,2017-10-15,22,6.0,5.0,nan,nan,14.0,15.0,22.0
2,汐止,2017-10-15,26,7.0,11.0,nan,10.0,26.0,14.0,26.0
3,萬里,2017-10-15,34,6.0,2.0,nan,19.0,11.0,15.0,34.0
4,新店,2017-10-15,25,4.0,8.0,nan,11.0,25.0,16.0,15.0
5,土城,2017-10-15,28,4.0,8.0,nan,15.0,23.0,13.0,28.0
6,板橋,2017-10-15,26,6.0,12.0,nan,15.0,26.0,12.0,21.0
7,新莊,2017-10-15,25,7.0,11.0,nan,13.0,25.0,13.0,24.0
8,菜寮,2017-10-15,28,7.0,14.0,nan,13.0,28.0,14.0,23.0
9,林口,2017-10-15,45,4.0,6.0,nan,17.0,27.0,17.0,45.0
10,淡水,2017-10-15,23,1.0,8.0,nan,17.0,23.0,15.0,21.0
11,士林,2017-10-15,26,3.0,9.0,nan,13.0,26.0,18.0,26.0
12,中山,2017-10-15,29,6.0,19.0,nan,15.0,29.0,9.0,25.0
13,萬華,2017-10-15,27,17.0,18.0,nan,15.0,27.0,11.0,24.0
14,古亭,2017-10-15,32,7.0,12.0,nan,10.0,27.0,14.0,32.0
15,松山,2017-10-15,28,7.0,14.0,nan,9.0,28.0,11.0,27.0
16,大同,2017-10-15,33,nan,28.0,nan,28.0,33.0,nan,32.0
18,大園,2017-10-15,28,9.0,5.0,nan,21.0,21.0,10.0,28.0
19,觀音,2017-10-15,48,9.0,5.0,nan,35.0,23.0,10.0,48.0
20,平鎮,2017-10-15,31,9.0,8.0,nan,24.0,27.0,9.0,31.0
21,龍潭,2017-10-15,41,4.0,6.0,nan,22.0,18.0,8.0,41.0
22,湖口,2017-10-15,44,6.0,6.0,nan,22.0,22.0,9.0,44.0
23,竹東,2017-10-15,29,4.0,3.0,nan,18.0,9.0,7.0,29.0
24,新竹,2017-10-15,31,6.0,7.0,nan,18.0,23.0,6.0,31.0
25,頭份,2017-10-15,31,6.0,5.0,nan,19.0,18.0,nan,31.0
26,苗栗,2017-10-15,34,4.0,6.0,nan,20.0,16.0,7.0,34.0
27,三義,2017-10-15,18,1.0,3.0,nan,10.0,18.0,12.0,9.0
28,豐原,2017-10-15,25,6.0,3.0,nan,nan,12.0,10.0,25.0
29,沙鹿,2017-10-15,26,3.0,5.0,nan,20.0,22.0,17.0,26.0
30,大里,2017-10-15,35,3.0,7.0,nan,10.0,16.0,9.0,35.0
31,忠明,2017-10-15,31,4.0,10.0,nan,9.0,30.0,10.0,31.0
32,西屯,2017-10-15,29,4.0,7.0,nan,19.0,29.0,13.0,25.0
34,線西,2017-10-15,38,3.0,5.0,nan,19.0,19.0,nan,38.0
35,二林,2017-10-15,14,6.0,2.0,nan,12.0,14.0,14.0,11.0
36,南投,2017-10-15,14,6.0,5.0,nan,12.0,14.0,7.0,10.0
37,斗六,2017-10-15,21,6.0,3.0,nan,14.0,21.0,8.0,8.0
38,崙背,2017-10-15,32,3.0,2.0,nan,15.0,12.0,13.0,32.0
39,新港,2017-10-15,26,9.0,3.0,nan,17.0,13.0,11.0,26.0
40,朴子,2017-10-15,17,4.0,2.0,nan,16.0,11.0,17.0,11.0
41,臺西,2017-10-15,31,3.0,2.0,nan,nan,9.0,nan,31.0
42,嘉義,2017-10-15,16,6.0,6.0,nan,14.0,16.0,12.0,15.0
43,新營,2017-10-15,15,4.0,3.0,nan,9.0,14.0,15.0,11.0
44,善化,2017-10-15,16,6.0,2.0,nan,nan,9.0,16.0,14.0
45,安南,2017-10-15,19,4.0,3.0,nan,11.0,14.0,19.0,10.0
46,臺南,2017-10-15,17,6.0,6.0,nan,9.0,17.0,17.0,13.0
47,美濃,2017-10-15,16,1.0,2.0,nan,8.0,5.0,15.0,16.0
48,橋頭,2017-10-15,17,1.0,2.0,nan,6.0,10.0,17.0,nan
50,鳳山,2017-10-15,18,4.0,5.0,nan,18.0,14.0,nan,10.0
51,大寮,2017-10-15,30,7.0,3.0,nan,11.0,13.0,17.0,30.0
52,林園,2017-10-15,20,4.0,3.0,nan,6.0,9.0,20.0,13.0
53,楠梓,2017-10-15,18,4.0,3.0,nan,18.0,13.0,16.0,9.0
54,左營,2017-10-15,21,9.0,5.0,nan,17.0,21.0,18.0,15.0
56,前金,2017-10-15,22,4.0,7.0,nan,16.0,18.0,19.0,22.0
57,前鎮,2017-10-15,17,4.0,7.0,nan,13.0,17.0,nan,10.0
58,小港,2017-10-15,19,4.0,3.0,nan,13.0,14.0,19.0,13.0
59,屏東,2017-10-15,15,4.0,5.0,nan,9.0,13.0,15.0,6.0
60,潮州,2017-10-15,18,1.0,1.0,nan,13.0,6.0,18.0,15.0
61,恆春,2017-10-15,34,4.0,1.0,nan,34.0,3.0,21.0,33.0
62,臺東,2017-10-15,28,1.0,3.0,nan,28.0,11.0,17.0,11.0
63,花蓮,2017-10-15,16,3.0,3.0,nan,6.0,13.0,16.0,9.0
64,陽明,2017-10-15,18,4.0,1.0,nan,5.0,3.0,18.0,nan
65,宜蘭,2017-10-15,19,3.0,2.0,nan,19.0,9.0,18.0,11.0
66,冬山,2017-10-15,30,9.0,2.0,nan,nan,14.0,12.0,30.0
67,三重,2017-10-15,32,7.0,24.0,nan,24.0,32.0,nan,23.0
68,中壢,2017-10-15,39,10.0,19.0,nan,27.0,27.0,nan,39.0
69,竹山,2017-10-15,18,3.0,3.0,nan,12.0,9.0,7.0,18.0
70,永和,2017-10-15,35,6.0,19.0,nan,14.0,26.0,nan,35.0
71,復興,2017-10-15,19,4.0,8.0,nan,8.0,19.0,nan,15.0
72,埔里,2017-10-15,20,6.0,5.0,nan,13.0,18.0,7.0,20.0
75,馬祖,2017-10-15,41,4.0,3.0,nan,20.0,5.0,41.0,25.0
77,金門,2017-10-15,38,6.0,3.0,nan,16.0,8.0,38.0,26.0
78,馬公,2017-10-15,30,6.0,2.0,nan,15.0,6.0,30.0,29.0
80,關山,2017-10-15,17,1.0,nan,nan,nan,5.0,17.0,nan
83,麥寮,2017-10-15,41,3.0,2.0,nan,26.0,12.0,nan,41.0
84,富貴角,2017-10-15,19,1.0,3.0,nan,nan,18.0,19.0,nan
84,富貴角,2017-10-16,39,4.0,3.0,nan,nan,14.0,39.0,nan
83,麥寮,2017-10-16,51,3.0,2.0,nan,48.0,8.0,nan,51.0
80,關山,2017-10-16,15,3.0,nan,nan,12.0,5.0,14.0,15.0
17,桃園,2017-10-16,54,14.0,9.0,nan,31.0,33.0,31.0,54.0
78,馬公,2017-10-16,40,3.0,2.0,nan,24.0,nan,35.0,40.0
77,金門,2017-10-16,44,13.0,3.0,nan,25.0,18.0,44.0,40.0
75,馬祖,2017-10-16,32,4.0,2.0,nan,16.0,5.0,32.0,32.0
72,埔里,2017-10-16,48,4.0,5.0,nan,28.0,14.0,48.0,42.0
71,復興,2017-10-16,32,10.0,9.0,nan,nan,23.0,nan,32.0
70,永和,2017-10-16,50,9.0,23.0,nan,24.0,50.0,nan,42.0
69,竹山,2017-10-16,54,10.0,3.0,nan,35.0,14.0,46.0,54.0
68,中壢,2017-10-16,41,10.0,16.0,nan,41.0,32.0,nan,30.0
67,三重,2017-10-16,46,10.0,22.0,nan,38.0,46.0,nan,41.0
66,冬山,2017-10-16,34,4.0,3.0,nan,21.0,16.0,18.0,34.0
65,宜蘭,2017-10-16,26,4.0,2.0,nan,26.0,8.0,19.0,19.0
64,陽明,2017-10-16,23,4.0,1.0,nan,6.0,7.0,23.0,9.0
63,花蓮,2017-10-16,19,17.0,5.0,nan,12.0,10.0,19.0,8.0
62,臺東,2017-10-16,15,3.0,5.0,nan,15.0,10.0,12.0,15.0
61,恆春,2017-10-16,25,4.0,1.0,nan,23.0,4.0,20.0,25.0
60,潮州,2017-10-16,37,26.0,5.0,nan,30.0,23.0,35.0,37.0
59,屏東,2017-10-16,49,9.0,5.0,nan,27.0,19.0,49.0,23.0
58,小港,2017-10-16,42,17.0,6.0,nan,32.0,33.0,38.0,42.0
57,前鎮,2017-10-16,42,16.0,7.0,nan,31.0,24.0,nan,42.0
56,前金,2017-10-16,46,11.0,6.0,nan,31.0,19.0,46.0,35.0
54,左營,2017-10-16,71,10.0,5.0,nan,37.0,21.0,71.0,40.0
53,楠梓,2017-10-16,54,9.0,5.0,nan,42.0,19.0,54.0,41.0
52,林園,2017-10-16,64,14.0,3.0,nan,23.0,18.0,64.0,42.0
51,大寮,2017-10-16,48,21.0,5.0,nan,31.0,27.0,42.0,48.0
50,鳳山,2017-10-16,36,9.0,6.0,nan,36.0,25.0,nan,24.0
48,橋頭,2017-10-16,61,13.0,5.0,nan,34.0,18.0,49.0,61.0
47,美濃,2017-10-16,37,1.0,2.0,nan,26.0,7.0,37.0,37.0
46,臺南,2017-10-16,49,6.0,7.0,nan,30.0,21.0,42.0,49.0
45,安南,2017-10-16,47,6.0,5.0,nan,35.0,17.0,45.0,47.0
44,善化,2017-10-16,38,14.0,5.0,nan,32.0,11.0,38.0,38.0
43,新營,2017-10-16,39,4.0,5.0,nan,37.0,18.0,33.0,39.0
42,嘉義,2017-10-16,37,9.0,5.0,nan,35.0,18.0,36.0,37.0
41,臺西,2017-10-16,38,4.0,2.0,nan,nan,6.0,nan,38.0
40,朴子,2017-10-16,46,4.0,3.0,nan,46.0,13.0,38.0,40.0
39,新港,2017-10-16,38,6.0,5.0,nan,37.0,13.0,34.0,38.0
38,崙背,2017-10-16,48,4.0,2.0,nan,35.0,13.0,33.0,48.0
37,斗六,2017-10-16,38,10.0,5.0,nan,31.0,20.0,36.0,38.0
36,南投,2017-10-16,38,4.0,5.0,nan,32.0,21.0,38.0,27.0
35,二林,2017-10-16,32,9.0,3.0,nan,30.0,15.0,32.0,28.0
34,線西,2017-10-16,46,6.0,3.0,nan,36.0,17.0,nan,46.0
32,西屯,2017-10-16,40,4.0,3.0,nan,37.0,18.0,38.0,40.0
31,忠明,2017-10-16,39,4.0,5.0,nan,23.0,14.0,33.0,39.0
30,大里,2017-10-16,58,6.0,6.0,nan,37.0,20.0,39.0,58.0
29,沙鹿,2017-10-16,34,4.0,3.0,nan,34.0,18.0,34.0,27.0
28,豐原,2017-10-16,35,4.0,3.0,nan,22.0,10.0,35.0,31.0
27,三義,2017-10-16,33,3.0,2.0,nan,24.0,15.0,33.0,18.0
26,苗栗,2017-10-16,45,4.0,3.0,nan,34.0,13.0,32.0,45.0
25,頭份,2017-10-16,40,9.0,3.0,nan,31.0,15.0,nan,40.0
24,新竹,2017-10-16,39,4.0,5.0,nan,27.0,22.0,39.0,29.0
23,竹東,2017-10-16,36,4.0,3.0,nan,31.0,17.0,32.0,36.0
22,湖口,2017-10-16,47,6.0,6.0,nan,30.0,18.0,39.0,47.0
21,龍潭,2017-10-16,38,7.0,6.0,nan,31.0,23.0,34.0,38.0
20,平鎮,2017-10-16,35,10.0,7.0,nan,35.0,25.0,31.0,31.0
19,觀音,2017-10-16,53,19.0,6.0,nan,38.0,23.0,36.0,53.0
18,大園,2017-10-16,49,7.0,7.0,nan,33.0,22.0,32.0,49.0
16,大同,2017-10-16,60,7.0,26.0,nan,43.0,60.0,nan,55.0
15,松山,2017-10-16,27,4.0,9.0,nan,15.0,25.0,14.0,27.0
14,古亭,2017-10-16,51,7.0,8.0,nan,19.0,35.0,51.0,40.0
13,萬華,2017-10-16,41,14.0,15.0,nan,27.0,41.0,33.0,40.0
12,中山,2017-10-16,55,6.0,17.0,nan,28.0,55.0,21.0,25.0
11,士林,2017-10-16,37,6.0,12.0,nan,23.0,25.0,30.0,37.0
10,淡水,2017-10-16,33,7.0,10.0,nan,31.0,25.0,29.0,33.0
9,林口,2017-10-16,61,6.0,6.0,nan,31.0,22.0,37.0,61.0
8,菜寮,2017-10-16,52,9.0,11.0,nan,27.0,52.0,41.0,44.0
7,新莊,2017-10-16,49,7.0,9.0,nan,28.0,30.0,49.0,41.0
6,板橋,2017-10-16,33,7.0,9.0,nan,28.0,29.0,33.0,29.0
5,土城,2017-10-16,50,9.0,7.0,nan,31.0,34.0,50.0,46.0
4,新店,2017-10-16,39,9.0,7.0,nan,21.0,26.0,39.0,34.0
3,萬里,2017-10-16,31,3.0,2.0,nan,26.0,7.0,31.0,31.0
2,汐止,2017-10-16,33,9.0,11.0,nan,18.0,33.0,16.0,32.0
1,基隆,2017-10-16,26,4.0,7.0,nan,16.0,14.0,24.0,26.0
49,仁武,2017-10-16,54,10.0,3.0,nan,32.0,22.0,54.0,41.0
33,彰化,2017-10-16,45,9.0,6.0,nan,33.0,17.0,29.0,45.0
36,南投,2017-10-17,50,6.0,5.0,nan,42.0,24.0,41.0,50.0
17,桃園,2017-10-17,25,6.0,5.0,nan,18.0,25.0,24.0,24.0
66,冬山,2017-10-17,38,6.0,2.0,nan,26.0,11.0,35.0,38.0
33,彰化,2017-10-17,36,3.0,6.0,nan,26.0,19.0,29.0,36.0
49,仁武,2017-10-17,112,13.0,5.0,nan,62.0,23.0,112.0,84.0
1,基隆,2017-10-17,36,1.0,1.0,nan,16.0,4.0,36.0,24.0
2,汐止,2017-10-17,34,9.0,5.0,nan,15.0,nan,34.0,19.0
3,萬里,2017-10-17,54,4.0,1.0,nan,54.0,2.0,40.0,44.0
4,新店,2017-10-17,25,9.0,5.0,nan,13.0,22.0,25.0,23.0
5,土城,2017-10-17,27,4.0,5.0,nan,18.0,16.0,27.0,25.0
6,板橋,2017-10-17,25,7.0,6.0,nan,17.0,25.0,25.0,12.0
7,新莊,2017-10-17,26,3.0,6.0,nan,14.0,26.0,26.0,18.0
8,菜寮,2017-10-17,31,4.0,7.0,nan,13.0,31.0,25.0,11.0
9,林口,2017-10-17,47,1.0,2.0,nan,22.0,14.0,31.0,47.0
10,淡水,2017-10-17,33,3.0,2.0,nan,14.0,5.0,33.0,10.0
11,士林,2017-10-17,33,3.0,6.0,nan,15.0,29.0,33.0,20.0
12,中山,2017-10-17,32,3.0,8.0,nan,19.0,32.0,21.0,24.0
13,萬華,2017-10-17,32,6.0,11.0,nan,21.0,32.0,20.0,18.0
14,古亭,2017-10-17,26,6.0,5.0,nan,10.0,22.0,26.0,24.0
15,松山,2017-10-17,28,6.0,3.0,nan,11.0,25.0,28.0,25.0
16,大同,2017-10-17,39,6.0,22.0,nan,26.0,39.0,nan,20.0
18,大園,2017-10-17,36,4.0,1.0,nan,24.0,16.0,36.0,15.0
19,觀音,2017-10-17,38,11.0,2.0,nan,32.0,8.0,38.0,35.0
20,平鎮,2017-10-17,28,4.0,3.0,nan,24.0,19.0,28.0,15.0
21,龍潭,2017-10-17,30,7.0,3.0,nan,24.0,14.0,30.0,25.0
22,湖口,2017-10-17,36,3.0,2.0,nan,21.0,7.0,36.0,20.0
23,竹東,2017-10-17,31,3.0,2.0,nan,19.0,9.0,31.0,28.0
24,新竹,2017-10-17,32,4.0,2.0,nan,20.0,12.0,32.0,20.0
25,頭份,2017-10-17,38,4.0,3.0,nan,22.0,11.0,nan,38.0
26,苗栗,2017-10-17,47,4.0,3.0,nan,27.0,11.0,30.0,47.0
27,三義,2017-10-17,30,3.0,2.0,nan,16.0,11.0,30.0,17.0
28,豐原,2017-10-17,35,3.0,2.0,nan,18.0,12.0,32.0,35.0
29,沙鹿,2017-10-17,35,3.0,2.0,nan,27.0,13.0,35.0,21.0
30,大里,2017-10-17,59,3.0,5.0,nan,35.0,19.0,33.0,59.0
31,忠明,2017-10-17,31,3.0,3.0,nan,20.0,18.0,31.0,31.0
32,西屯,2017-10-17,38,3.0,2.0,nan,31.0,12.0,38.0,32.0
34,線西,2017-10-17,46,6.0,2.0,nan,35.0,12.0,nan,46.0
35,二林,2017-10-17,40,6.0,2.0,nan,31.0,10.0,37.0,40.0
37,斗六,2017-10-17,51,4.0,3.0,nan,39.0,29.0,49.0,51.0
38,崙背,2017-10-17,49,9.0,3.0,nan,37.0,11.0,39.0,49.0
39,新港,2017-10-17,48,6.0,3.0,nan,48.0,10.0,44.0,42.0
40,朴子,2017-10-17,52,6.0,3.0,nan,52.0,10.0,44.0,42.0
41,臺西,2017-10-17,54,10.0,5.0,nan,48.0,16.0,nan,54.0
42,嘉義,2017-10-17,65,9.0,5.0,nan,52.0,23.0,46.0,65.0
43,新營,2017-10-17,60,7.0,3.0,nan,56.0,14.0,35.0,60.0
44,善化,2017-10-17,66,11.0,3.0,nan,51.0,15.0,50.0,66.0
45,安南,2017-10-17,80,4.0,3.0,nan,57.0,13.0,67.0,80.0
46,臺南,2017-10-17,82,4.0,5.0,nan,47.0,15.0,64.0,82.0
47,美濃,2017-10-17,65,14.0,3.0,nan,44.0,16.0,46.0,65.0
48,橋頭,2017-10-17,84,7.0,5.0,nan,56.0,23.0,84.0,81.0
50,鳳山,2017-10-17,73,13.0,8.0,nan,66.0,26.0,nan,73.0
51,大寮,2017-10-17,79,36.0,6.0,nan,60.0,33.0,67.0,79.0
52,林園,2017-10-17,151,17.0,5.0,nan,34.0,20.0,151.0,69.0
53,楠梓,2017-10-17,90,7.0,5.0,nan,67.0,19.0,90.0,72.0
54,左營,2017-10-17,115,14.0,7.0,nan,68.0,32.0,115.0,85.0
56,前金,2017-10-17,100,9.0,7.0,nan,62.0,27.0,100.0,88.0
57,前鎮,2017-10-17,92,19.0,7.0,nan,62.0,31.0,nan,92.0
58,小港,2017-10-17,90,21.0,6.0,nan,62.0,33.0,90.0,79.0
59,屏東,2017-10-17,58,23.0,6.0,nan,53.0,32.0,48.0,58.0
60,潮州,2017-10-17,118,13.0,3.0,nan,53.0,10.0,118.0,75.0
61,恆春,2017-10-17,37,1.0,1.0,nan,30.0,2.0,34.0,37.0
62,臺東,2017-10-17,28,3.0,3.0,nan,28.0,7.0,25.0,27.0
63,花蓮,2017-10-17,34,3.0,2.0,nan,22.0,7.0,34.0,23.0
64,陽明,2017-10-17,34,3.0,1.0,nan,5.0,1.0,34.0,6.0
65,宜蘭,2017-10-17,36,3.0,3.0,nan,28.0,7.0,36.0,18.0
67,三重,2017-10-17,44,7.0,20.0,nan,29.0,44.0,nan,23.0
68,中壢,2017-10-17,31,3.0,8.0,nan,29.0,31.0,nan,17.0
69,竹山,2017-10-17,74,6.0,5.0,nan,41.0,21.0,74.0,67.0
70,永和,2017-10-17,23,7.0,7.0,nan,16.0,19.0,nan,23.0
71,復興,2017-10-17,79,13.0,10.0,nan,56.0,37.0,nan,79.0
72,埔里,2017-10-17,48,4.0,5.0,nan,29.0,14.0,48.0,47.0
75,馬祖,2017-10-17,58,3.0,2.0,nan,20.0,4.0,58.0,37.0
77,金門,2017-10-17,46,4.0,3.0,nan,26.0,7.0,46.0,37.0
78,馬公,2017-10-17,39,3.0,2.0,nan,26.0,3.0,37.0,39.0
80,關山,2017-10-17,26,3.0,nan,nan,24.0,4.0,26.0,23.0
83,麥寮,2017-10-17,62,9.0,5.0,nan,52.0,13.0,nan,62.0
84,富貴角,2017-10-17,43,1.0,1.0,nan,nan,2.0,43.0,nan
17,桃園,2017-10-18,30,6.0,3.0,nan,19.0,17.0,30.0,20.0
33,彰化,2017-10-18,36,4.0,5.0,nan,20.0,19.0,32.0,36.0
66,冬山,2017-10-18,37,3.0,2.0,nan,27.0,15.0,34.0,37.0
49,仁武,2017-10-18,84,7.0,5.0,nan,66.0,24.0,84.0,80.0
1,基隆,2017-10-18,39,1.0,2.0,nan,20.0,6.0,39.0,38.0
2,汐止,2017-10-18,34,3.0,3.0,nan,18.0,10.0,34.0,22.0
3,萬里,2017-10-18,61,4.0,1.0,nan,61.0,2.0,44.0,54.0
4,新店,2017-10-18,27,6.0,5.0,nan,17.0,22.0,27.0,27.0
5,土城,2017-10-18,30,6.0,7.0,nan,21.0,24.0,25.0,30.0
6,板橋,2017-10-18,28,6.0,8.0,nan,19.0,28.0,24.0,19.0
7,新莊,2017-10-18,29,3.0,6.0,nan,20.0,29.0,26.0,18.0
8,菜寮,2017-10-18,26,3.0,6.0,nan,17.0,23.0,26.0,19.0
9,林口,2017-10-18,48,3.0,2.0,nan,25.0,13.0,39.0,48.0
10,淡水,2017-10-18,33,3.0,2.0,nan,24.0,7.0,33.0,18.0
11,士林,2017-10-18,34,3.0,5.0,nan,15.0,20.0,34.0,22.0
12,中山,2017-10-18,37,3.0,9.0,nan,18.0,37.0,20.0,26.0
13,萬華,2017-10-18,37,6.0,12.0,nan,20.0,37.0,19.0,18.0
14,古亭,2017-10-18,35,4.0,5.0,nan,16.0,26.0,26.0,35.0
15,松山,2017-10-18,31,4.0,3.0,nan,13.0,25.0,31.0,27.0
16,大同,2017-10-18,41,nan,16.0,nan,31.0,41.0,nan,28.0
18,大園,2017-10-18,39,7.0,2.0,nan,31.0,22.0,39.0,30.0
19,觀音,2017-10-18,47,10.0,2.0,nan,35.0,8.0,42.0,47.0
20,平鎮,2017-10-18,31,4.0,3.0,nan,26.0,17.0,31.0,29.0
21,龍潭,2017-10-18,29,6.0,5.0,nan,25.0,21.0,29.0,24.0
22,湖口,2017-10-18,40,7.0,2.0,nan,26.0,7.0,40.0,32.0
23,竹東,2017-10-18,32,4.0,2.0,nan,19.0,9.0,32.0,29.0
24,新竹,2017-10-18,35,4.0,3.0,nan,23.0,15.0,35.0,34.0
25,頭份,2017-10-18,53,6.0,3.0,nan,24.0,12.0,nan,53.0
26,苗栗,2017-10-18,51,4.0,3.0,nan,31.0,nan,31.0,51.0
27,三義,2017-10-18,32,3.0,2.0,nan,15.0,10.0,32.0,21.0
28,豐原,2017-10-18,35,3.0,2.0,nan,15.0,12.0,35.0,26.0
29,沙鹿,2017-10-18,36,3.0,3.0,nan,22.0,14.0,36.0,24.0
30,大里,2017-10-18,52,3.0,5.0,nan,23.0,17.0,38.0,52.0
31,忠明,2017-10-18,34,3.0,3.0,nan,15.0,19.0,34.0,29.0
32,西屯,2017-10-18,41,4.0,2.0,nan,23.0,13.0,41.0,24.0
34,線西,2017-10-18,49,6.0,2.0,nan,30.0,12.0,nan,49.0
35,二林,2017-10-18,39,9.0,2.0,nan,25.0,11.0,39.0,37.0
36,南投,2017-10-18,40,6.0,6.0,nan,29.0,23.0,40.0,33.0
37,斗六,2017-10-18,46,4.0,3.0,nan,35.0,28.0,46.0,40.0
38,崙背,2017-10-18,46,7.0,2.0,nan,42.0,12.0,43.0,46.0
39,新港,2017-10-18,47,6.0,2.0,nan,30.0,10.0,47.0,34.0
40,朴子,2017-10-18,44,7.0,3.0,nan,42.0,11.0,44.0,37.0
41,臺西,2017-10-18,54,10.0,2.0,nan,40.0,14.0,nan,54.0
42,嘉義,2017-10-18,51,6.0,6.0,nan,40.0,23.0,48.0,51.0
43,新營,2017-10-18,46,4.0,3.0,nan,44.0,14.0,46.0,40.0
44,善化,2017-10-18,49,7.0,3.0,nan,47.0,16.0,49.0,48.0
45,安南,2017-10-18,61,6.0,3.0,nan,43.0,18.0,61.0,54.0
46,臺南,2017-10-18,52,6.0,5.0,nan,39.0,19.0,51.0,52.0
47,美濃,2017-10-18,84,4.0,3.0,nan,51.0,8.0,84.0,70.0
48,橋頭,2017-10-18,84,6.0,6.0,nan,55.0,18.0,84.0,79.0
50,鳳山,2017-10-18,74,11.0,7.0,nan,72.0,27.0,nan,74.0
51,大寮,2017-10-18,93,36.0,6.0,nan,62.0,31.0,93.0,83.0
52,林園,2017-10-18,164,13.0,5.0,nan,40.0,20.0,164.0,78.0
53,楠梓,2017-10-18,97,6.0,5.0,nan,64.0,19.0,97.0,69.0
54,左營,2017-10-18,87,6.0,6.0,nan,60.0,25.0,87.0,79.0
56,前金,2017-10-18,90,6.0,6.0,nan,60.0,23.0,90.0,82.0
57,前鎮,2017-10-18,91,9.0,7.0,nan,62.0,30.0,nan,91.0
58,小港,2017-10-18,82,13.0,6.0,nan,64.0,34.0,80.0,82.0
59,屏東,2017-10-18,100,9.0,5.0,nan,50.0,17.0,100.0,66.0
60,潮州,2017-10-18,174,10.0,5.0,107.0,64.0,23.0,174.0,94.0
61,恆春,2017-10-18,37,3.0,1.0,nan,30.0,3.0,37.0,35.0
62,臺東,2017-10-18,31,1.0,3.0,nan,26.0,6.0,31.0,26.0
63,花蓮,2017-10-18,36,4.0,2.0,nan,26.0,8.0,36.0,24.0
64,陽明,2017-10-18,40,3.0,1.0,nan,5.0,2.0,40.0,6.0
65,宜蘭,2017-10-18,32,4.0,3.0,nan,24.0,8.0,32.0,17.0
67,三重,2017-10-18,40,6.0,19.0,nan,32.0,40.0,nan,26.0
68,中壢,2017-10-18,31,4.0,8.0,nan,31.0,29.0,nan,19.0
69,竹山,2017-10-18,67,4.0,5.0,nan,31.0,20.0,67.0,62.0
70,永和,2017-10-18,29,4.0,9.0,nan,19.0,28.0,nan,29.0
71,復興,2017-10-18,78,10.0,11.0,nan,60.0,31.0,nan,78.0
72,埔里,2017-10-18,49,3.0,3.0,nan,26.0,11.0,49.0,45.0
75,馬祖,2017-10-18,67,3.0,2.0,nan,32.0,5.0,67.0,48.0
77,金門,2017-10-18,71,10.0,3.0,nan,31.0,10.0,71.0,52.0
78,馬公,2017-10-18,52,4.0,2.0,nan,30.0,3.0,44.0,52.0
80,關山,2017-10-18,30,1.0,nan,nan,19.0,5.0,30.0,25.0
83,麥寮,2017-10-18,57,9.0,3.0,nan,46.0,12.0,nan,57.0
84,富貴角,2017-10-18,61,1.0,1.0,nan,57.0,1.0,44.0,61.0
83,麥寮,2017-10-19,62,13.0,5.0,nan,52.0,19.0,nan,62.0
17,桃園,2017-10-19,31,6.0,5.0,nan,21.0,24.0,31.0,22.0
66,冬山,2017-10-19,42,4.0,2.0,nan,27.0,16.0,31.0,42.0
33,彰化,2017-10-19,33,4.0,5.0,nan,21.0,16.0,33.0,29.0
1,基隆,2017-10-19,45,3.0,2.0,nan,26.0,5.0,39.0,45.0
2,汐止,2017-10-19,34,6.0,3.0,nan,20.0,24.0,34.0,28.0
3,萬里,2017-10-19,65,3.0,1.0,nan,65.0,3.0,44.0,57.0
4,新店,2017-10-19,31,9.0,5.0,nan,19.0,28.0,31.0,31.0
5,土城,2017-10-19,34,4.0,7.0,nan,25.0,24.0,23.0,34.0
6,板橋,2017-10-19,31,4.0,7.0,nan,23.0,31.0,29.0,26.0
7,新莊,2017-10-19,37,4.0,6.0,nan,23.0,37.0,28.0,21.0
8,菜寮,2017-10-19,39,4.0,7.0,nan,20.0,39.0,29.0,31.0
9,林口,2017-10-19,53,3.0,2.0,nan,29.0,16.0,40.0,53.0
10,淡水,2017-10-19,34,4.0,2.0,nan,26.0,11.0,34.0,26.0
11,士林,2017-10-19,32,4.0,6.0,nan,22.0,31.0,32.0,31.0
12,中山,2017-10-19,35,6.0,9.0,nan,20.0,35.0,24.0,34.0
13,萬華,2017-10-19,40,4.0,14.0,nan,23.0,40.0,25.0,25.0
14,古亭,2017-10-19,37,4.0,6.0,nan,16.0,27.0,31.0,37.0
15,松山,2017-10-19,33,4.0,3.0,nan,16.0,28.0,31.0,33.0
16,大同,2017-10-19,40,nan,18.0,nan,34.0,40.0,nan,31.0
18,大園,2017-10-19,39,7.0,2.0,nan,35.0,18.0,39.0,35.0
19,觀音,2017-10-19,55,13.0,2.0,nan,43.0,10.0,41.0,55.0
20,平鎮,2017-10-19,32,4.0,3.0,nan,30.0,19.0,32.0,28.0
21,龍潭,2017-10-19,41,4.0,5.0,nan,27.0,21.0,34.0,41.0
22,湖口,2017-10-19,39,4.0,2.0,nan,29.0,8.0,39.0,38.0
23,竹東,2017-10-19,34,4.0,2.0,nan,17.0,10.0,34.0,28.0
24,新竹,2017-10-19,42,3.0,3.0,nan,24.0,11.0,36.0,42.0
25,頭份,2017-10-19,54,4.0,2.0,nan,25.0,12.0,nan,54.0
26,苗栗,2017-10-19,59,4.0,3.0,nan,31.0,12.0,34.0,59.0
27,三義,2017-10-19,34,3.0,2.0,nan,15.0,10.0,34.0,21.0
28,豐原,2017-10-19,36,3.0,2.0,nan,14.0,11.0,36.0,33.0
29,沙鹿,2017-10-19,36,3.0,3.0,nan,21.0,12.0,36.0,25.0
30,大里,2017-10-19,53,3.0,5.0,nan,23.0,12.0,38.0,53.0
31,忠明,2017-10-19,35,3.0,3.0,nan,17.0,16.0,35.0,34.0
32,西屯,2017-10-19,41,4.0,2.0,nan,26.0,11.0,41.0,30.0
34,線西,2017-10-19,52,6.0,2.0,nan,32.0,13.0,nan,52.0
35,二林,2017-10-19,41,4.0,2.0,nan,27.0,11.0,41.0,37.0
36,南投,2017-10-19,44,4.0,6.0,nan,31.0,22.0,44.0,36.0
84,富貴角,2017-10-19,67,1.0,1.0,nan,54.0,3.0,41.0,67.0
37,斗六,2017-10-19,61,4.0,3.0,nan,32.0,31.0,61.0,41.0
38,崙背,2017-10-19,55,6.0,3.0,nan,42.0,12.0,42.0,55.0
39,新港,2017-10-19,49,4.0,2.0,nan,42.0,11.0,49.0,37.0
40,朴子,2017-10-19,57,7.0,3.0,nan,57.0,15.0,47.0,48.0
41,臺西,2017-10-19,64,11.0,3.0,nan,45.0,16.0,nan,64.0
42,嘉義,2017-10-19,60,6.0,5.0,nan,43.0,22.0,51.0,60.0
43,新營,2017-10-19,49,6.0,3.0,nan,49.0,14.0,48.0,nan
44,善化,2017-10-19,67,6.0,3.0,nan,47.0,15.0,67.0,63.0
45,安南,2017-10-19,61,6.0,5.0,nan,47.0,19.0,61.0,49.0
46,臺南,2017-10-19,61,6.0,6.0,nan,43.0,19.0,61.0,59.0
47,美濃,2017-10-19,90,3.0,3.0,nan,52.0,8.0,90.0,70.0
48,橋頭,2017-10-19,90,6.0,5.0,nan,54.0,20.0,90.0,80.0
49,仁武,2017-10-19,108,7.0,6.0,nan,62.0,22.0,108.0,83.0
50,鳳山,2017-10-19,80,14.0,6.0,nan,68.0,28.0,nan,80.0
51,大寮,2017-10-19,140,10.0,5.0,nan,62.0,20.0,140.0,86.0
52,林園,2017-10-19,101,26.0,6.0,nan,44.0,32.0,101.0,95.0
53,楠梓,2017-10-19,101,4.0,5.0,nan,64.0,18.0,101.0,67.0
54,左營,2017-10-19,122,6.0,6.0,nan,62.0,25.0,122.0,76.0
56,前金,2017-10-19,104,6.0,6.0,nan,57.0,23.0,104.0,81.0
57,前鎮,2017-10-19,87,9.0,8.0,nan,62.0,28.0,nan,87.0
58,小港,2017-10-19,112,13.0,7.0,nan,64.0,37.0,112.0,89.0
59,屏東,2017-10-19,143,7.0,7.0,nan,59.0,19.0,143.0,89.0
60,潮州,2017-10-19,164,10.0,5.0,nan,71.0,23.0,164.0,98.0
61,恆春,2017-10-19,39,3.0,1.0,nan,31.0,2.0,39.0,37.0
62,臺東,2017-10-19,31,3.0,3.0,nan,31.0,6.0,30.0,28.0
63,花蓮,2017-10-19,38,3.0,2.0,nan,28.0,8.0,38.0,28.0
64,陽明,2017-10-19,39,3.0,1.0,nan,5.0,1.0,39.0,7.0
65,宜蘭,2017-10-19,32,3.0,2.0,nan,24.0,8.0,32.0,14.0
67,三重,2017-10-19,49,7.0,23.0,nan,41.0,49.0,nan,28.0
68,中壢,2017-10-19,36,4.0,10.0,nan,36.0,36.0,nan,31.0
69,竹山,2017-10-19,77,6.0,3.0,nan,33.0,20.0,77.0,67.0
70,永和,2017-10-19,35,4.0,8.0,nan,21.0,26.0,nan,35.0
71,復興,2017-10-19,79,10.0,10.0,nan,59.0,34.0,nan,79.0
72,埔里,2017-10-19,50,4.0,5.0,nan,29.0,16.0,45.0,50.0
75,馬祖,2017-10-19,97,4.0,3.0,nan,35.0,5.0,97.0,56.0
77,金門,2017-10-19,78,7.0,3.0,nan,50.0,8.0,77.0,78.0
78,馬公,2017-10-19,58,3.0,2.0,nan,35.0,2.0,43.0,58.0
80,關山,2017-10-19,31,3.0,nan,nan,27.0,5.0,31.0,25.0
66,冬山,2017-10-20,36,4.0,3.0,nan,16.0,22.0,36.0,32.0
84,富貴角,2017-10-20,71,1.0,1.0,nan,59.0,1.0,49.0,71.0
83,麥寮,2017-10-20,54,9.0,3.0,nan,45.0,14.0,nan,54.0
80,關山,2017-10-20,36,3.0,nan,nan,24.0,6.0,36.0,21.0
78,馬公,2017-10-20,53,1.0,2.0,nan,31.0,3.0,46.0,53.0
77,金門,2017-10-20,67,11.0,3.0,nan,43.0,10.0,41.0,67.0
75,馬祖,2017-10-20,84,4.0,3.0,nan,36.0,5.0,84.0,62.0
72,埔里,2017-10-20,49,3.0,3.0,nan,27.0,11.0,47.0,49.0
71,復興,2017-10-20,79,10.0,10.0,nan,66.0,26.0,nan,79.0
70,永和,2017-10-20,32,7.0,9.0,nan,19.0,31.0,nan,32.0
69,竹山,2017-10-20,57,3.0,3.0,nan,29.0,17.0,49.0,57.0
68,中壢,2017-10-20,38,4.0,10.0,nan,33.0,38.0,nan,31.0
67,三重,2017-10-20,48,9.0,30.0,nan,35.0,48.0,nan,29.0
65,宜蘭,2017-10-20,35,3.0,5.0,nan,19.0,17.0,35.0,17.0
64,陽明,2017-10-20,46,3.0,1.0,nan,5.0,1.0,46.0,6.0
63,花蓮,2017-10-20,42,3.0,2.0,nan,25.0,6.0,42.0,20.0
62,臺東,2017-10-20,35,1.0,3.0,nan,32.0,7.0,35.0,27.0
61,恆春,2017-10-20,44,3.0,1.0,nan,31.0,2.0,44.0,33.0
60,潮州,2017-10-20,108,9.0,3.0,nan,69.0,22.0,108.0,95.0
59,屏東,2017-10-20,150,10.0,6.0,nan,61.0,20.0,150.0,87.0
58,小港,2017-10-20,87,26.0,8.0,nan,73.0,42.0,74.0,87.0
57,前鎮,2017-10-20,87,10.0,7.0,nan,64.0,25.0,nan,87.0
56,前金,2017-10-20,84,7.0,7.0,nan,60.0,20.0,84.0,74.0
54,左營,2017-10-20,115,9.0,5.0,nan,64.0,23.0,115.0,73.0
53,楠梓,2017-10-20,115,7.0,5.0,nan,66.0,17.0,115.0,67.0
52,林園,2017-10-20,185,106.0,6.0,nan,47.0,24.0,185.0,nan
51,大寮,2017-10-20,118,19.0,6.0,nan,64.0,29.0,118.0,85.0
50,鳳山,2017-10-20,87,16.0,8.0,nan,75.0,31.0,nan,87.0
49,仁武,2017-10-20,122,13.0,5.0,nan,68.0,21.0,122.0,75.0
48,橋頭,2017-10-20,93,7.0,5.0,nan,57.0,17.0,93.0,71.0
47,美濃,2017-10-20,87,4.0,3.0,nan,57.0,8.0,87.0,67.0
46,臺南,2017-10-20,58,4.0,5.0,nan,42.0,16.0,58.0,44.0
45,安南,2017-10-20,67,4.0,3.0,nan,48.0,15.0,67.0,45.0
44,善化,2017-10-20,58,6.0,3.0,nan,49.0,14.0,58.0,40.0
43,新營,2017-10-20,53,7.0,3.0,nan,53.0,13.0,46.0,nan
42,嘉義,2017-10-20,52,6.0,5.0,nan,50.0,19.0,47.0,52.0
41,臺西,2017-10-20,53,9.0,3.0,nan,41.0,11.0,nan,53.0
40,朴子,2017-10-20,61,9.0,2.0,nan,61.0,14.0,49.0,35.0
39,新港,2017-10-20,52,9.0,3.0,nan,52.0,9.0,46.0,36.0
38,崙背,2017-10-20,87,9.0,3.0,nan,87.0,11.0,44.0,56.0
37,斗六,2017-10-20,51,6.0,3.0,nan,39.0,23.0,51.0,37.0
36,南投,2017-10-20,32,4.0,6.0,nan,31.0,19.0,31.0,32.0
35,二林,2017-10-20,44,9.0,2.0,nan,26.0,11.0,44.0,37.0
34,線西,2017-10-20,49,4.0,3.0,nan,28.0,12.0,nan,49.0
32,西屯,2017-10-20,48,4.0,2.0,nan,25.0,9.0,48.0,23.0
31,忠明,2017-10-20,41,3.0,3.0,nan,17.0,14.0,41.0,27.0
30,大里,2017-10-20,47,3.0,3.0,nan,23.0,15.0,43.0,47.0
29,沙鹿,2017-10-20,44,3.0,2.0,nan,19.0,11.0,44.0,20.0
28,豐原,2017-10-20,42,3.0,2.0,nan,13.0,11.0,42.0,26.0
27,三義,2017-10-20,44,3.0,2.0,nan,14.0,8.0,44.0,19.0
26,苗栗,2017-10-20,52,4.0,3.0,nan,22.0,10.0,41.0,52.0
24,新竹,2017-10-20,37,4.0,3.0,nan,19.0,15.0,37.0,35.0
23,竹東,2017-10-20,37,3.0,2.0,nan,17.0,9.0,37.0,25.0
22,湖口,2017-10-20,44,3.0,2.0,nan,22.0,11.0,44.0,30.0
21,龍潭,2017-10-20,36,4.0,5.0,nan,26.0,19.0,36.0,31.0
20,平鎮,2017-10-20,34,4.0,5.0,nan,26.0,21.0,34.0,29.0
19,觀音,2017-10-20,51,10.0,2.0,nan,33.0,13.0,47.0,51.0
25,頭份,2017-10-20,46,4.0,2.0,nan,19.0,16.0,nan,46.0
18,大園,2017-10-20,46,6.0,2.0,nan,31.0,26.0,46.0,28.0
16,大同,2017-10-20,50,20.0,34.0,nan,33.0,50.0,nan,39.0
15,松山,2017-10-20,32,4.0,6.0,nan,12.0,29.0,32.0,29.0
14,古亭,2017-10-20,38,6.0,8.0,nan,14.0,35.0,33.0,38.0
13,萬華,2017-10-20,41,6.0,12.0,nan,20.0,41.0,29.0,29.0
12,中山,2017-10-20,40,3.0,12.0,nan,25.0,37.0,29.0,40.0
11,士林,2017-10-20,36,3.0,6.0,nan,14.0,25.0,36.0,23.0
10,淡水,2017-10-20,41,3.0,2.0,nan,22.0,7.0,41.0,22.0
9,林口,2017-10-20,48,3.0,2.0,nan,26.0,16.0,45.0,48.0
8,菜寮,2017-10-20,38,3.0,10.0,nan,19.0,38.0,32.0,29.0
7,新莊,2017-10-20,37,3.0,6.0,nan,19.0,31.0,35.0,37.0
6,板橋,2017-10-20,32,4.0,7.0,nan,19.0,30.0,32.0,28.0
5,土城,2017-10-20,33,4.0,7.0,nan,22.0,22.0,33.0,29.0
4,新店,2017-10-20,33,10.0,5.0,nan,18.0,25.0,33.0,32.0
3,萬里,2017-10-20,62,4.0,1.0,nan,62.0,3.0,51.0,51.0
2,汐止,2017-10-20,40,7.0,3.0,nan,17.0,21.0,40.0,24.0
1,基隆,2017-10-20,44,3.0,2.0,nan,20.0,9.0,44.0,nan
33,彰化,2017-10-20,40,nan,3.0,nan,23.0,15.0,40.0,33.0
17,桃園,2017-10-20,39,6.0,6.0,nan,22.0,28.0,39.0,28.0
80,關山,2017-10-21,35,1.0,nan,nan,19.0,5.0,35.0,24.0
83,麥寮,2017-10-21,67,11.0,3.0,nan,64.0,12.0,nan,67.0
66,冬山,2017-10-21,54,3.0,3.0,nan,32.0,14.0,54.0,30.0
33,彰化,2017-10-21,51,nan,3.0,nan,36.0,10.0,51.0,43.0
1,基隆,2017-10-21,54,13.0,2.0,nan,34.0,21.0,54.0,nan
2,汐止,2017-10-21,77,3.0,3.0,nan,34.0,17.0,77.0,48.0
3,萬里,2017-10-21,97,4.0,2.0,nan,61.0,3.0,97.0,59.0
4,新店,2017-10-21,54,4.0,5.0,nan,37.0,27.0,45.0,54.0
5,土城,2017-10-21,58,3.0,5.0,nan,41.0,22.0,58.0,53.0
6,板橋,2017-10-21,67,3.0,5.0,nan,39.0,16.0,67.0,47.0
7,新莊,2017-10-21,71,3.0,3.0,nan,37.0,11.0,71.0,56.0
8,菜寮,2017-10-21,71,3.0,3.0,nan,36.0,13.0,71.0,43.0
9,林口,2017-10-21,84,4.0,2.0,nan,45.0,8.0,84.0,62.0
10,淡水,2017-10-21,64,4.0,2.0,nan,40.0,5.0,64.0,39.0
11,士林,2017-10-21,80,3.0,2.0,nan,39.0,19.0,80.0,41.0
12,中山,2017-10-21,52,3.0,9.0,nan,39.0,40.0,32.0,52.0
13,萬華,2017-10-21,55,4.0,14.0,nan,38.0,55.0,27.0,50.0
14,古亭,2017-10-21,48,3.0,5.0,nan,28.0,31.0,45.0,48.0
15,松山,2017-10-21,58,3.0,5.0,nan,25.0,28.0,58.0,47.0
16,大同,2017-10-21,49,16.0,11.0,nan,48.0,48.0,nan,49.0
18,大園,2017-10-21,84,3.0,2.0,nan,43.0,8.0,84.0,39.0
19,觀音,2017-10-21,84,11.0,2.0,nan,51.0,8.0,84.0,63.0
20,平鎮,2017-10-21,61,4.0,3.0,nan,40.0,16.0,61.0,32.0
21,龍潭,2017-10-21,64,4.0,5.0,nan,40.0,22.0,64.0,50.0
22,湖口,2017-10-21,77,4.0,3.0,nan,nan,8.0,77.0,49.0
23,竹東,2017-10-21,58,6.0,2.0,nan,36.0,12.0,58.0,53.0
24,新竹,2017-10-21,61,4.0,3.0,nan,37.0,16.0,61.0,57.0
25,頭份,2017-10-21,59,3.0,3.0,nan,34.0,17.0,nan,59.0
26,苗栗,2017-10-21,64,4.0,3.0,nan,39.0,8.0,51.0,64.0
27,三義,2017-10-21,77,3.0,2.0,nan,29.0,8.0,77.0,44.0
28,豐原,2017-10-21,58,1.0,2.0,nan,29.0,8.0,58.0,39.0
29,沙鹿,2017-10-21,71,3.0,3.0,nan,34.0,9.0,71.0,43.0
30,大里,2017-10-21,66,3.0,3.0,nan,36.0,14.0,50.0,66.0
31,忠明,2017-10-21,51,3.0,3.0,nan,32.0,14.0,51.0,48.0
32,西屯,2017-10-21,87,3.0,2.0,nan,42.0,9.0,87.0,50.0
34,線西,2017-10-21,62,6.0,3.0,nan,44.0,10.0,nan,62.0
35,二林,2017-10-21,67,9.0,2.0,nan,40.0,8.0,67.0,53.0
36,南投,2017-10-21,47,3.0,3.0,nan,46.0,16.0,45.0,47.0
37,斗六,2017-10-21,67,4.0,3.0,nan,57.0,17.0,67.0,54.0
38,崙背,2017-10-21,138,9.0,2.0,nan,138.0,12.0,64.0,85.0
39,新港,2017-10-21,67,4.0,2.0,nan,56.0,8.0,67.0,47.0
40,朴子,2017-10-21,76,10.0,3.0,nan,76.0,13.0,71.0,52.0
41,臺西,2017-10-21,67,4.0,2.0,nan,47.0,8.0,nan,67.0
42,嘉義,2017-10-21,60,4.0,5.0,nan,57.0,19.0,54.0,60.0
43,新營,2017-10-21,67,4.0,2.0,nan,67.0,10.0,61.0,nan
44,善化,2017-10-21,67,4.0,2.0,nan,58.0,10.0,67.0,54.0
45,安南,2017-10-21,71,7.0,3.0,nan,66.0,10.0,71.0,47.0
46,臺南,2017-10-21,58,6.0,3.0,nan,57.0,13.0,58.0,56.0
47,美濃,2017-10-21,59,1.0,3.0,nan,52.0,9.0,48.0,59.0
48,橋頭,2017-10-21,71,6.0,3.0,nan,61.0,15.0,71.0,68.0
49,仁武,2017-10-21,74,6.0,3.0,nan,59.0,16.0,74.0,55.0
50,鳳山,2017-10-21,63,9.0,3.0,nan,63.0,21.0,nan,51.0
51,大寮,2017-10-21,65,10.0,2.0,nan,54.0,14.0,58.0,65.0
17,桃園,2017-10-21,64,4.0,3.0,nan,34.0,11.0,64.0,47.0
52,林園,2017-10-21,71,14.0,6.0,nan,38.0,23.0,71.0,nan
53,楠梓,2017-10-21,77,4.0,3.0,nan,64.0,12.0,77.0,47.0
54,左營,2017-10-21,80,4.0,3.0,nan,65.0,19.0,80.0,62.0
56,前金,2017-10-21,74,4.0,5.0,nan,54.0,15.0,74.0,51.0
57,前鎮,2017-10-21,72,4.0,6.0,nan,62.0,22.0,nan,72.0
58,小港,2017-10-21,68,6.0,5.0,nan,61.0,22.0,64.0,68.0
59,屏東,2017-10-21,55,4.0,3.0,nan,55.0,17.0,50.0,44.0
60,潮州,2017-10-21,67,16.0,3.0,nan,62.0,13.0,49.0,67.0
61,恆春,2017-10-21,45,4.0,2.0,nan,37.0,4.0,45.0,40.0
62,臺東,2017-10-21,35,3.0,6.0,nan,30.0,17.0,35.0,34.0
63,花蓮,2017-10-21,40,4.0,3.0,nan,27.0,8.0,40.0,33.0
64,陽明,2017-10-21,74,3.0,2.0,nan,10.0,2.0,74.0,18.0
65,宜蘭,2017-10-21,74,3.0,3.0,nan,35.0,6.0,74.0,40.0
67,三重,2017-10-21,50,4.0,8.0,nan,50.0,38.0,nan,35.0
68,中壢,2017-10-21,50,4.0,8.0,nan,48.0,39.0,nan,50.0
69,竹山,2017-10-21,65,4.0,3.0,nan,35.0,9.0,58.0,65.0
70,永和,2017-10-21,59,4.0,16.0,nan,39.0,47.0,nan,59.0
71,復興,2017-10-21,62,4.0,8.0,nan,62.0,23.0,nan,60.0
72,埔里,2017-10-21,56,4.0,3.0,nan,31.0,11.0,36.0,56.0
75,馬祖,2017-10-21,74,4.0,2.0,nan,36.0,4.0,74.0,67.0
77,金門,2017-10-21,90,7.0,3.0,nan,40.0,11.0,90.0,61.0
78,馬公,2017-10-21,74,1.0,2.0,nan,36.0,4.0,74.0,55.0
84,富貴角,2017-10-21,95,1.0,2.0,nan,80.0,2.0,80.0,95.0
84,富貴角,2017-10-22,126,1.0,3.0,nan,106.0,3.0,126.0,123.0
61,恆春,2017-10-22,67,3.0,3.0,nan,49.0,3.0,67.0,56.0
17,桃園,2017-10-22,80,9.0,8.0,nan,44.0,36.0,80.0,72.0
66,冬山,2017-10-22,84,3.0,5.0,nan,48.0,11.0,84.0,60.0
33,彰化,2017-10-22,87,nan,6.0,nan,44.0,13.0,87.0,81.0
1,基隆,2017-10-22,77,16.0,5.0,nan,39.0,22.0,77.0,nan
2,汐止,2017-10-22,93,4.0,9.0,nan,46.0,46.0,93.0,77.0
3,萬里,2017-10-22,112,4.0,5.0,nan,72.0,6.0,112.0,84.0
4,新店,2017-10-22,75,3.0,7.0,nan,44.0,22.0,74.0,75.0
5,土城,2017-10-22,84,3.0,9.0,nan,46.0,39.0,84.0,71.0
6,板橋,2017-10-22,87,6.0,8.0,nan,45.0,37.0,87.0,68.0
7,新莊,2017-10-22,97,3.0,7.0,nan,44.0,30.0,97.0,72.0
8,菜寮,2017-10-22,93,6.0,10.0,nan,48.0,58.0,93.0,71.0
9,林口,2017-10-22,100,3.0,5.0,nan,51.0,17.0,100.0,84.0
10,淡水,2017-10-22,67,3.0,8.0,nan,45.0,36.0,67.0,65.0
11,士林,2017-10-22,93,1.0,8.0,nan,41.0,31.0,93.0,71.0
12,中山,2017-10-22,69,3.0,9.0,nan,51.0,53.0,46.0,69.0
13,萬華,2017-10-22,74,4.0,12.0,nan,48.0,47.0,40.0,74.0
14,古亭,2017-10-22,80,3.0,6.0,nan,40.0,23.0,80.0,69.0
15,松山,2017-10-22,84,3.0,7.0,nan,33.0,35.0,84.0,75.0
16,大同,2017-10-22,89,16.0,18.0,nan,59.0,62.0,nan,89.0
18,大園,2017-10-22,90,4.0,6.0,nan,49.0,38.0,90.0,70.0
19,觀音,2017-10-22,90,10.0,5.0,nan,57.0,15.0,90.0,87.0
20,平鎮,2017-10-22,93,6.0,6.0,nan,49.0,18.0,93.0,62.0
21,龍潭,2017-10-22,87,4.0,6.0,nan,47.0,24.0,87.0,71.0
22,湖口,2017-10-22,100,4.0,5.0,nan,nan,15.0,100.0,67.0
23,竹東,2017-10-22,93,4.0,5.0,nan,43.0,10.0,93.0,68.0
24,新竹,2017-10-22,97,3.0,5.0,nan,43.0,14.0,97.0,73.0
25,頭份,2017-10-22,73,3.0,5.0,nan,41.0,19.0,nan,73.0
26,苗栗,2017-10-22,100,3.0,5.0,nan,47.0,13.0,100.0,78.0
27,三義,2017-10-22,104,3.0,5.0,nan,38.0,8.0,104.0,64.0
28,豐原,2017-10-22,90,4.0,5.0,nan,36.0,9.0,90.0,60.0
29,沙鹿,2017-10-22,101,3.0,5.0,nan,39.0,14.0,101.0,58.0
30,大里,2017-10-22,97,4.0,6.0,nan,44.0,18.0,97.0,84.0
31,忠明,2017-10-22,90,3.0,6.0,nan,37.0,18.0,90.0,71.0
32,西屯,2017-10-22,129,3.0,5.0,nan,44.0,11.0,129.0,66.0
34,線西,2017-10-22,79,10.0,6.0,nan,46.0,13.0,nan,79.0
35,二林,2017-10-22,87,10.0,6.0,nan,50.0,16.0,87.0,71.0
36,南投,2017-10-22,97,4.0,6.0,nan,44.0,21.0,97.0,68.0
37,斗六,2017-10-22,122,3.0,5.0,nan,52.0,25.0,122.0,76.0
38,崙背,2017-10-22,100,9.0,6.0,nan,68.0,17.0,100.0,78.0
39,新港,2017-10-22,104,9.0,6.0,nan,60.0,14.0,104.0,85.0
40,朴子,2017-10-22,115,9.0,5.0,nan,73.0,13.0,115.0,65.0
41,臺西,2017-10-22,86,11.0,5.0,nan,53.0,15.0,nan,86.0
42,嘉義,2017-10-22,101,10.0,7.0,nan,57.0,21.0,101.0,84.0
43,新營,2017-10-22,108,7.0,6.0,nan,64.0,13.0,108.0,75.0
44,善化,2017-10-22,115,7.0,6.0,nan,57.0,13.0,115.0,82.0
45,安南,2017-10-22,122,6.0,5.0,nan,63.0,18.0,122.0,77.0
46,臺南,2017-10-22,104,6.0,6.0,nan,54.0,17.0,104.0,69.0
47,美濃,2017-10-22,101,4.0,6.0,nan,59.0,10.0,101.0,80.0
48,橋頭,2017-10-22,115,7.0,7.0,nan,60.0,20.0,115.0,87.0
49,仁武,2017-10-22,132,9.0,6.0,nan,63.0,27.0,132.0,77.0
50,鳳山,2017-10-22,75,13.0,8.0,nan,70.0,35.0,nan,75.0
51,大寮,2017-10-22,101,13.0,5.0,nan,59.0,22.0,101.0,81.0
52,林園,2017-10-22,122,17.0,6.0,nan,44.0,27.0,122.0,88.0
53,楠梓,2017-10-22,126,7.0,6.0,nan,68.0,21.0,126.0,81.0
54,左營,2017-10-22,126,7.0,7.0,nan,nan,25.0,126.0,89.0
56,前金,2017-10-22,115,7.0,7.0,nan,64.0,24.0,115.0,84.0
57,前鎮,2017-10-22,93,7.0,9.0,nan,68.0,27.0,nan,93.0
58,小港,2017-10-22,108,21.0,7.0,nan,67.0,31.0,108.0,88.0
59,屏東,2017-10-22,126,11.0,7.0,nan,58.0,18.0,126.0,74.0
60,潮州,2017-10-22,108,9.0,5.0,nan,71.0,19.0,108.0,75.0
62,臺東,2017-10-22,51,3.0,5.0,nan,38.0,10.0,42.0,51.0
63,花蓮,2017-10-22,80,4.0,5.0,nan,43.0,10.0,80.0,62.0
64,陽明,2017-10-22,100,4.0,3.0,nan,28.0,3.0,100.0,68.0
65,宜蘭,2017-10-22,97,3.0,5.0,nan,48.0,5.0,97.0,65.0
67,三重,2017-10-22,63,7.0,18.0,nan,55.0,62.0,nan,63.0
68,中壢,2017-10-22,65,4.0,15.0,nan,54.0,57.0,nan,65.0
69,竹山,2017-10-22,118,4.0,5.0,nan,44.0,14.0,118.0,85.0
70,永和,2017-10-22,78,4.0,11.0,nan,43.0,37.0,nan,78.0
71,復興,2017-10-22,77,7.0,10.0,nan,67.0,31.0,nan,77.0
72,埔里,2017-10-22,74,4.0,6.0,nan,42.0,18.0,61.0,74.0
75,馬祖,2017-10-22,122,9.0,5.0,nan,43.0,7.0,122.0,83.0
77,金門,2017-10-22,140,9.0,3.0,nan,50.0,11.0,140.0,83.0
78,馬公,2017-10-22,93,4.0,5.0,nan,38.0,5.0,93.0,73.0
80,關山,2017-10-22,44,1.0,nan,nan,31.0,5.0,38.0,44.0
83,麥寮,2017-10-22,82,16.0,6.0,nan,63.0,19.0,nan,82.0
17,桃園,2017-10-23,104,11.0,8.0,nan,59.0,35.0,48.0,104.0
66,冬山,2017-10-23,80,3.0,5.0,nan,62.0,18.0,50.0,80.0
33,彰化,2017-10-23,109,nan,7.0,nan,55.0,23.0,87.0,109.0
1,基隆,2017-10-23,87,3.0,5.0,nan,49.0,11.0,87.0,nan
2,汐止,2017-10-23,102,13.0,12.0,nan,59.0,49.0,54.0,102.0
3,萬里,2017-10-23,111,4.0,5.0,nan,104.0,4.0,108.0,111.0
4,新店,2017-10-23,97,4.0,7.0,nan,54.0,28.0,46.0,97.0
5,土城,2017-10-23,101,7.0,15.0,nan,61.0,42.0,49.0,101.0
6,板橋,2017-10-23,90,7.0,14.0,nan,60.0,54.0,45.0,90.0
7,新莊,2017-10-23,92,7.0,12.0,nan,59.0,55.0,51.0,92.0
8,菜寮,2017-10-23,86,6.0,10.0,nan,59.0,51.0,48.0,86.0
9,林口,2017-10-23,118,9.0,6.0,nan,71.0,28.0,74.0,118.0
10,淡水,2017-10-23,86,3.0,9.0,nan,57.0,31.0,54.0,86.0
11,士林,2017-10-23,80,3.0,11.0,nan,54.0,45.0,80.0,79.0
12,中山,2017-10-23,84,7.0,12.0,nan,60.0,51.0,28.0,84.0
13,萬華,2017-10-23,85,9.0,14.0,nan,nan,52.0,30.0,85.0
14,古亭,2017-10-23,88,6.0,11.0,nan,51.0,42.0,42.0,88.0
15,松山,2017-10-23,89,6.0,11.0,nan,46.0,54.0,45.0,89.0
16,大同,2017-10-23,105,4.0,25.0,nan,66.0,56.0,nan,105.0
18,大園,2017-10-23,99,11.0,6.0,nan,66.0,31.0,64.0,99.0
19,觀音,2017-10-23,120,13.0,6.0,nan,71.0,17.0,84.0,120.0
20,平鎮,2017-10-23,92,9.0,8.0,nan,64.0,35.0,58.0,92.0
21,龍潭,2017-10-23,95,6.0,7.0,nan,59.0,25.0,67.0,95.0
22,湖口,2017-10-23,98,9.0,6.0,nan,nan,25.0,84.0,98.0
23,竹東,2017-10-23,82,4.0,6.0,nan,52.0,13.0,77.0,82.0
24,新竹,2017-10-23,101,4.0,6.0,nan,62.0,25.0,74.0,101.0
25,頭份,2017-10-23,105,4.0,6.0,nan,59.0,29.0,nan,105.0
26,苗栗,2017-10-23,107,4.0,6.0,nan,62.0,17.0,93.0,107.0
27,三義,2017-10-23,101,4.0,5.0,nan,52.0,11.0,101.0,90.0
28,豐原,2017-10-23,90,3.0,5.0,nan,49.0,13.0,90.0,72.0
29,沙鹿,2017-10-23,108,4.0,6.0,nan,54.0,20.0,108.0,88.0
30,大里,2017-10-23,91,4.0,8.0,nan,55.0,28.0,90.0,91.0
31,忠明,2017-10-23,91,4.0,7.0,nan,46.0,28.0,87.0,91.0
32,西屯,2017-10-23,122,4.0,5.0,nan,59.0,16.0,122.0,96.0
34,線西,2017-10-23,113,7.0,7.0,nan,62.0,16.0,nan,113.0
35,二林,2017-10-23,111,13.0,6.0,nan,66.0,16.0,108.0,111.0
36,南投,2017-10-23,96,7.0,7.0,nan,57.0,31.0,90.0,96.0
37,斗六,2017-10-23,132,6.0,7.0,nan,59.0,26.0,132.0,109.0
38,崙背,2017-10-23,126,10.0,6.0,nan,67.0,17.0,126.0,118.0
39,新港,2017-10-23,122,9.0,6.0,nan,67.0,15.0,122.0,110.0
40,朴子,2017-10-23,146,10.0,6.0,nan,78.0,19.0,146.0,98.0
41,臺西,2017-10-23,129,13.0,6.0,nan,nan,19.0,nan,129.0
42,嘉義,2017-10-23,113,9.0,8.0,nan,65.0,30.0,104.0,113.0
43,新營,2017-10-23,122,7.0,6.0,nan,74.0,25.0,122.0,114.0
44,善化,2017-10-23,129,11.0,6.0,nan,71.0,20.0,129.0,117.0
45,安南,2017-10-23,146,6.0,7.0,nan,75.0,25.0,146.0,113.0
46,臺南,2017-10-23,132,7.0,8.0,nan,65.0,28.0,132.0,112.0
47,美濃,2017-10-23,118,4.0,6.0,nan,59.0,11.0,118.0,94.0
48,橋頭,2017-10-23,136,24.0,8.0,nan,72.0,40.0,136.0,122.0
49,仁武,2017-10-23,146,20.0,8.0,nan,66.0,38.0,146.0,120.0
50,鳳山,2017-10-23,107,26.0,10.0,nan,75.0,37.0,nan,107.0
51,大寮,2017-10-23,126,16.0,7.0,nan,62.0,26.0,126.0,103.0
52,林園,2017-10-23,166,13.0,7.0,nan,41.0,27.0,166.0,82.0
53,楠梓,2017-10-23,129,29.0,8.0,nan,78.0,40.0,129.0,107.0
54,左營,2017-10-23,117,21.0,9.0,nan,nan,43.0,93.0,117.0
56,前金,2017-10-23,140,20.0,9.0,nan,66.0,43.0,140.0,119.0
57,前鎮,2017-10-23,128,19.0,8.0,nan,71.0,35.0,nan,128.0
58,小港,2017-10-23,132,20.0,8.0,nan,70.0,42.0,132.0,109.0
59,屏東,2017-10-23,154,16.0,9.0,nan,65.0,25.0,154.0,107.0
60,潮州,2017-10-23,101,9.0,6.0,nan,68.0,14.0,101.0,96.0
61,恆春,2017-10-23,104,4.0,3.0,nan,53.0,5.0,104.0,76.0
62,臺東,2017-10-23,75,3.0,6.0,nan,52.0,12.0,58.0,75.0
63,花蓮,2017-10-23,76,10.0,5.0,nan,54.0,12.0,61.0,76.0
64,陽明,2017-10-23,95,4.0,5.0,nan,39.0,3.0,77.0,95.0
65,宜蘭,2017-10-23,84,4.0,6.0,nan,59.0,17.0,54.0,84.0
67,三重,2017-10-23,84,7.0,23.0,nan,66.0,52.0,nan,84.0
68,中壢,2017-10-23,105,9.0,17.0,nan,70.0,55.0,nan,105.0
69,竹山,2017-10-23,122,4.0,7.0,nan,54.0,25.0,122.0,115.0
70,永和,2017-10-23,96,4.0,17.0,nan,52.0,46.0,nan,96.0
71,復興,2017-10-23,108,20.0,11.0,nan,70.0,42.0,nan,108.0
72,埔里,2017-10-23,93,7.0,7.0,nan,45.0,23.0,93.0,87.0
75,馬祖,2017-10-23,104,6.0,5.0,nan,55.0,8.0,104.0,99.0
77,金門,2017-10-23,140,17.0,5.0,nan,67.0,18.0,140.0,111.0
78,馬公,2017-10-23,104,3.0,6.0,nan,56.0,5.0,104.0,101.0
80,關山,2017-10-23,70,3.0,nan,nan,46.0,8.0,51.0,70.0
83,麥寮,2017-10-23,128,14.0,6.0,nan,82.0,21.0,nan,128.0
84,富貴角,2017-10-23,138,1.0,5.0,nan,96.0,4.0,108.0,138.0
83,麥寮,2017-10-24,101,14.0,6.0,nan,76.0,23.0,nan,101.0
17,桃園,2017-10-24,59,9.0,6.0,nan,44.0,28.0,39.0,59.0
66,冬山,2017-10-24,55,3.0,3.0,nan,52.0,16.0,50.0,55.0
33,彰化,2017-10-24,75,nan,6.0,nan,46.0,24.0,58.0,75.0
1,基隆,2017-10-24,67,1.0,2.0,nan,35.0,5.0,67.0,58.0
2,汐止,2017-10-24,60,21.0,8.0,nan,44.0,41.0,46.0,60.0
3,萬里,2017-10-24,87,6.0,2.0,nan,74.0,4.0,87.0,66.0
4,新店,2017-10-24,69,4.0,6.0,nan,38.0,33.0,46.0,69.0
5,土城,2017-10-24,62,9.0,5.0,nan,44.0,23.0,46.0,62.0
6,板橋,2017-10-24,61,4.0,7.0,nan,43.0,33.0,33.0,61.0
7,新莊,2017-10-24,61,4.0,7.0,nan,47.0,32.0,44.0,61.0
8,菜寮,2017-10-24,59,6.0,8.0,nan,45.0,39.0,44.0,59.0
9,林口,2017-10-24,79,3.0,6.0,nan,59.0,38.0,44.0,79.0
10,淡水,2017-10-24,55,3.0,7.0,nan,44.0,31.0,47.0,55.0
11,士林,2017-10-24,61,3.0,8.0,nan,40.0,37.0,61.0,55.0
12,中山,2017-10-24,54,4.0,9.0,nan,49.0,40.0,30.0,54.0
13,萬華,2017-10-24,57,7.0,12.0,nan,nan,43.0,27.0,57.0
14,古亭,2017-10-24,63,7.0,8.0,nan,35.0,40.0,36.0,63.0
15,松山,2017-10-24,59,9.0,6.0,nan,33.0,38.0,37.0,59.0
16,大同,2017-10-24,60,7.0,22.0,nan,60.0,48.0,nan,55.0
18,大園,2017-10-24,65,7.0,5.0,nan,54.0,34.0,49.0,65.0
19,觀音,2017-10-24,80,11.0,5.0,nan,59.0,22.0,49.0,80.0
20,平鎮,2017-10-24,58,9.0,6.0,nan,50.0,24.0,44.0,58.0
21,龍潭,2017-10-24,57,6.0,3.0,nan,45.0,15.0,51.0,57.0
22,湖口,2017-10-24,64,6.0,3.0,nan,nan,17.0,50.0,64.0
23,竹東,2017-10-24,61,4.0,3.0,nan,41.0,11.0,54.0,61.0
24,新竹,2017-10-24,67,4.0,5.0,nan,47.0,23.0,49.0,67.0
25,頭份,2017-10-24,71,4.0,3.0,nan,45.0,17.0,nan,71.0
26,苗栗,2017-10-24,78,6.0,5.0,nan,48.0,14.0,58.0,78.0
27,三義,2017-10-24,64,3.0,3.0,nan,37.0,8.0,64.0,61.0
28,豐原,2017-10-24,57,4.0,3.0,nan,38.0,14.0,51.0,57.0
29,沙鹿,2017-10-24,74,4.0,3.0,nan,44.0,18.0,74.0,65.0
30,大里,2017-10-24,71,7.0,8.0,nan,51.0,33.0,67.0,71.0
31,忠明,2017-10-24,71,4.0,5.0,nan,36.0,21.0,61.0,71.0
32,西屯,2017-10-24,93,4.0,5.0,nan,47.0,16.0,93.0,66.0
34,線西,2017-10-24,82,16.0,6.0,nan,54.0,16.0,nan,82.0
35,二林,2017-10-24,75,14.0,5.0,nan,57.0,16.0,74.0,75.0
36,南投,2017-10-24,85,4.0,8.0,nan,57.0,25.0,74.0,85.0
37,斗六,2017-10-24,115,7.0,6.0,nan,67.0,33.0,115.0,103.0
38,崙背,2017-10-24,89,11.0,3.0,nan,78.0,18.0,84.0,89.0
39,新港,2017-10-24,108,10.0,5.0,nan,69.0,16.0,108.0,98.0
40,朴子,2017-10-24,118,11.0,5.0,nan,94.0,18.0,118.0,76.0
41,臺西,2017-10-24,101,24.0,6.0,nan,nan,25.0,nan,101.0
42,嘉義,2017-10-24,119,7.0,8.0,nan,72.0,26.0,115.0,119.0
43,新營,2017-10-24,108,10.0,6.0,nan,78.0,31.0,108.0,107.0
44,善化,2017-10-24,105,9.0,7.0,nan,73.0,25.0,64.0,105.0
45,安南,2017-10-24,136,7.0,7.0,nan,83.0,34.0,136.0,107.0
46,臺南,2017-10-24,132,9.0,8.0,nan,78.0,34.0,132.0,121.0
47,美濃,2017-10-24,92,7.0,6.0,nan,57.0,8.0,71.0,92.0
48,橋頭,2017-10-24,129,9.0,7.0,nan,83.0,28.0,129.0,128.0
49,仁武,2017-10-24,143,11.0,8.0,nan,82.0,42.0,143.0,115.0
50,鳳山,2017-10-24,104,6.0,8.0,nan,80.0,29.0,nan,104.0
51,大寮,2017-10-24,104,17.0,6.0,nan,69.0,28.0,104.0,103.0
52,林園,2017-10-24,185,20.0,5.0,nan,46.0,25.0,185.0,101.0
53,楠梓,2017-10-24,126,7.0,7.0,nan,92.0,38.0,126.0,117.0
54,左營,2017-10-24,169,9.0,8.0,nan,89.0,41.0,169.0,123.0
56,前金,2017-10-24,154,7.0,8.0,nan,83.0,26.0,154.0,118.0
57,前鎮,2017-10-24,140,11.0,8.0,nan,87.0,33.0,nan,140.0
58,小港,2017-10-24,129,14.0,7.0,nan,77.0,38.0,129.0,109.0
59,屏東,2017-10-24,136,17.0,7.0,nan,62.0,25.0,136.0,95.0
60,潮州,2017-10-24,164,9.0,5.0,nan,60.0,13.0,164.0,67.0
61,恆春,2017-10-24,61,1.0,1.0,nan,nan,2.0,61.0,nan
62,臺東,2017-10-24,59,3.0,5.0,nan,57.0,10.0,45.0,59.0
63,花蓮,2017-10-24,60,4.0,5.0,nan,41.0,8.0,50.0,60.0
64,陽明,2017-10-24,61,3.0,2.0,nan,22.0,2.0,61.0,46.0
65,宜蘭,2017-10-24,59,1.0,3.0,nan,46.0,9.0,47.0,59.0
67,三重,2017-10-24,57,6.0,19.0,nan,57.0,50.0,nan,48.0
68,中壢,2017-10-24,63,7.0,16.0,nan,57.0,49.0,nan,63.0
69,竹山,2017-10-24,122,6.0,6.0,nan,55.0,23.0,122.0,114.0
70,永和,2017-10-24,67,4.0,11.0,nan,nan,37.0,nan,67.0
71,復興,2017-10-24,117,14.0,10.0,nan,86.0,36.0,nan,117.0
72,埔里,2017-10-24,97,7.0,5.0,nan,50.0,18.0,97.0,97.0
75,馬祖,2017-10-24,104,4.0,3.0,nan,53.0,8.0,104.0,82.0
77,金門,2017-10-24,146,11.0,5.0,nan,70.0,11.0,146.0,107.0
78,馬公,2017-10-24,71,3.0,3.0,nan,48.0,5.0,67.0,71.0
80,關山,2017-10-24,60,1.0,nan,nan,37.0,6.0,46.0,60.0
84,富貴角,2017-10-24,87,1.0,2.0,nan,59.0,3.0,87.0,72.0
17,桃園,2017-10-25,52,10.0,6.0,nan,35.0,26.0,45.0,52.0
66,冬山,2017-10-25,45,4.0,3.0,nan,42.0,23.0,45.0,41.0
33,彰化,2017-10-25,61,1.0,5.0,nan,38.0,23.0,61.0,52.0
1,基隆,2017-10-25,64,1.0,2.0,nan,27.0,8.0,64.0,43.0
2,汐止,2017-10-25,51,7.0,7.0,nan,35.0,44.0,47.0,51.0
3,萬里,2017-10-25,80,6.0,2.0,nan,54.0,5.0,80.0,51.0
4,新店,2017-10-25,52,3.0,6.0,nan,34.0,26.0,50.0,52.0
5,土城,2017-10-25,50,4.0,3.0,nan,36.0,17.0,48.0,50.0
6,板橋,2017-10-25,45,10.0,8.0,nan,35.0,40.0,45.0,44.0
7,新莊,2017-10-25,50,9.0,8.0,nan,35.0,31.0,50.0,38.0
8,菜寮,2017-10-25,49,4.0,7.0,nan,37.0,35.0,49.0,39.0
9,林口,2017-10-25,62,3.0,5.0,nan,44.0,32.0,48.0,62.0
10,淡水,2017-10-25,47,3.0,7.0,nan,33.0,33.0,47.0,39.0
11,士林,2017-10-25,71,1.0,3.0,nan,31.0,21.0,71.0,38.0
12,中山,2017-10-25,46,6.0,9.0,nan,46.0,45.0,39.0,45.0
13,萬華,2017-10-25,56,10.0,11.0,nan,36.0,46.0,41.0,56.0
14,古亭,2017-10-25,47,7.0,6.0,nan,29.0,27.0,47.0,42.0
15,松山,2017-10-25,53,9.0,6.0,nan,26.0,35.0,45.0,53.0
16,大同,2017-10-25,51,6.0,16.0,nan,50.0,51.0,nan,49.0
18,大園,2017-10-25,50,7.0,5.0,nan,46.0,32.0,49.0,50.0
19,觀音,2017-10-25,63,17.0,5.0,nan,50.0,37.0,50.0,63.0
20,平鎮,2017-10-25,54,7.0,5.0,nan,45.0,23.0,54.0,42.0
21,龍潭,2017-10-25,61,7.0,3.0,nan,36.0,10.0,61.0,47.0
22,湖口,2017-10-25,67,6.0,3.0,nan,nan,16.0,67.0,58.0
23,竹東,2017-10-25,54,3.0,2.0,nan,31.0,6.0,54.0,50.0
24,新竹,2017-10-25,61,6.0,3.0,nan,37.0,18.0,61.0,54.0
25,頭份,2017-10-25,58,4.0,3.0,nan,33.0,14.0,nan,58.0
26,苗栗,2017-10-25,71,6.0,5.0,nan,38.0,19.0,71.0,65.0
27,三義,2017-10-25,74,3.0,2.0,nan,32.0,5.0,74.0,47.0
28,豐原,2017-10-25,58,3.0,3.0,nan,28.0,11.0,58.0,44.0
29,沙鹿,2017-10-25,80,4.0,3.0,nan,32.0,15.0,80.0,41.0
30,大里,2017-10-25,67,6.0,7.0,nan,37.0,26.0,67.0,51.0
31,忠明,2017-10-25,67,3.0,3.0,nan,29.0,22.0,67.0,52.0
32,西屯,2017-10-25,93,3.0,3.0,nan,35.0,12.0,93.0,47.0
34,線西,2017-10-25,67,9.0,5.0,nan,44.0,17.0,nan,67.0
35,二林,2017-10-25,77,14.0,3.0,nan,47.0,14.0,77.0,69.0
36,南投,2017-10-25,74,4.0,6.0,nan,45.0,30.0,74.0,69.0
37,斗六,2017-10-25,129,9.0,5.0,nan,51.0,41.0,129.0,72.0
38,崙背,2017-10-25,93,10.0,3.0,nan,53.0,17.0,93.0,74.0
39,新港,2017-10-25,112,7.0,5.0,nan,54.0,16.0,112.0,77.0
40,朴子,2017-10-25,115,7.0,3.0,nan,70.0,15.0,115.0,66.0
41,臺西,2017-10-25,74,17.0,3.0,nan,nan,20.0,nan,74.0
42,嘉義,2017-10-25,112,9.0,7.0,nan,60.0,32.0,112.0,101.0
43,新營,2017-10-25,108,7.0,5.0,nan,73.0,24.0,108.0,83.0
44,善化,2017-10-25,126,7.0,5.0,nan,66.0,21.0,126.0,87.0
45,安南,2017-10-25,146,7.0,5.0,nan,71.0,25.0,146.0,92.0
46,臺南,2017-10-25,140,9.0,6.0,nan,62.0,26.0,140.0,86.0
47,美濃,2017-10-25,140,6.0,5.0,nan,63.0,9.0,140.0,88.0
48,橋頭,2017-10-25,151,9.0,6.0,nan,78.0,24.0,151.0,114.0
49,仁武,2017-10-25,174,11.0,7.0,nan,82.0,43.0,174.0,109.0
50,鳳山,2017-10-25,100,14.0,9.0,nan,87.0,38.0,nan,100.0
51,大寮,2017-10-25,166,34.0,7.0,nan,78.0,33.0,166.0,109.0
52,林園,2017-10-25,197,14.0,6.0,106.0,51.0,24.0,197.0,95.0
53,楠梓,2017-10-25,166,9.0,6.0,nan,84.0,26.0,166.0,98.0
54,左營,2017-10-25,190,9.0,7.0,101.0,78.0,31.0,190.0,109.0
56,前金,2017-10-25,192,10.0,8.0,105.0,80.0,36.0,192.0,113.0
57,前鎮,2017-10-25,133,17.0,8.0,114.0,82.0,47.0,nan,133.0
58,小港,2017-10-25,161,40.0,8.0,nan,82.0,50.0,161.0,117.0
59,屏東,2017-10-25,177,16.0,7.0,nan,71.0,23.0,177.0,95.0
60,潮州,2017-10-25,190,13.0,5.0,109.0,58.0,13.0,190.0,77.0
61,恆春,2017-10-25,61,6.0,1.0,nan,31.0,2.0,61.0,47.0
62,臺東,2017-10-25,50,3.0,5.0,nan,50.0,10.0,41.0,37.0
63,花蓮,2017-10-25,58,3.0,5.0,nan,29.0,17.0,58.0,37.0
64,陽明,2017-10-25,54,3.0,2.0,nan,18.0,1.0,54.0,33.0
65,宜蘭,2017-10-25,52,4.0,3.0,nan,39.0,12.0,48.0,52.0
67,三重,2017-10-25,51,6.0,18.0,nan,50.0,51.0,nan,44.0
68,中壢,2017-10-25,52,9.0,16.0,nan,52.0,43.0,nan,42.0
69,竹山,2017-10-25,151,6.0,5.0,nan,50.0,21.0,151.0,97.0
70,永和,2017-10-25,51,6.0,7.0,nan,nan,29.0,nan,51.0
71,復興,2017-10-25,109,16.0,11.0,nan,84.0,45.0,nan,109.0
72,埔里,2017-10-25,101,7.0,6.0,nan,41.0,29.0,101.0,77.0
75,馬祖,2017-10-25,104,4.0,2.0,nan,42.0,7.0,104.0,65.0
77,金門,2017-10-25,122,11.0,3.0,nan,57.0,10.0,122.0,82.0
78,馬公,2017-10-25,61,3.0,2.0,nan,36.0,3.0,61.0,53.0
80,關山,2017-10-25,49,3.0,nan,nan,30.0,6.0,45.0,49.0
83,麥寮,2017-10-25,92,13.0,6.0,nan,78.0,23.0,nan,92.0
84,富貴角,2017-10-25,77,1.0,2.0,nan,48.0,1.0,77.0,59.0
83,麥寮,2017-10-26,73,21.0,3.0,nan,73.0,21.0,nan,69.0
66,冬山,2017-10-26,47,3.0,3.0,nan,40.0,20.0,47.0,43.0
33,彰化,2017-10-26,54,3.0,5.0,nan,33.0,22.0,54.0,46.0
1,基隆,2017-10-26,54,3.0,2.0,nan,24.0,6.0,54.0,39.0
2,汐止,2017-10-26,45,10.0,5.0,nan,32.0,39.0,45.0,44.0
3,萬里,2017-10-26,80,3.0,2.0,nan,56.0,4.0,80.0,49.0
4,新店,2017-10-26,48,7.0,6.0,nan,31.0,29.0,48.0,47.0
5,土城,2017-10-26,47,11.0,5.0,nan,32.0,18.0,47.0,42.0
6,板橋,2017-10-26,46,6.0,7.0,nan,31.0,34.0,46.0,35.0
7,新莊,2017-10-26,50,4.0,7.0,nan,37.0,34.0,50.0,35.0
8,菜寮,2017-10-26,44,4.0,7.0,nan,35.0,37.0,44.0,42.0
9,林口,2017-10-26,57,4.0,3.0,nan,39.0,30.0,51.0,57.0
10,淡水,2017-10-26,42,4.0,7.0,nan,31.0,30.0,42.0,38.0
11,士林,2017-10-26,54,4.0,3.0,nan,31.0,32.0,54.0,41.0
12,中山,2017-10-26,48,4.0,9.0,nan,45.0,42.0,29.0,48.0
13,萬華,2017-10-26,42,6.0,10.0,nan,29.0,42.0,31.0,42.0
14,古亭,2017-10-26,44,10.0,6.0,nan,28.0,31.0,44.0,36.0
15,松山,2017-10-26,44,13.0,5.0,nan,28.0,34.0,44.0,44.0
16,大同,2017-10-26,47,9.0,14.0,nan,44.0,47.0,nan,35.0
18,大園,2017-10-26,48,6.0,3.0,nan,42.0,28.0,48.0,44.0
19,觀音,2017-10-26,57,21.0,3.0,nan,40.0,39.0,50.0,57.0
20,平鎮,2017-10-26,49,9.0,5.0,nan,39.0,21.0,49.0,31.0
21,龍潭,2017-10-26,54,9.0,5.0,nan,35.0,21.0,54.0,52.0
22,湖口,2017-10-26,61,7.0,3.0,nan,nan,12.0,61.0,44.0
23,竹東,2017-10-26,58,4.0,2.0,nan,31.0,10.0,58.0,48.0
24,新竹,2017-10-26,58,7.0,3.0,nan,34.0,14.0,58.0,45.0
25,頭份,2017-10-26,58,4.0,3.0,nan,33.0,23.0,nan,58.0
26,苗栗,2017-10-26,67,7.0,5.0,nan,38.0,17.0,67.0,64.0
27,三義,2017-10-26,77,4.0,2.0,nan,30.0,8.0,77.0,42.0
28,豐原,2017-10-26,64,4.0,3.0,nan,31.0,14.0,64.0,45.0
29,沙鹿,2017-10-26,74,4.0,3.0,nan,32.0,18.0,74.0,43.0
30,大里,2017-10-26,87,6.0,7.0,nan,43.0,30.0,87.0,52.0
31,忠明,2017-10-26,67,6.0,5.0,nan,28.0,22.0,67.0,55.0
32,西屯,2017-10-26,97,4.0,3.0,nan,35.0,17.0,97.0,42.0
34,線西,2017-10-26,59,14.0,3.0,nan,40.0,17.0,nan,59.0
35,二林,2017-10-26,71,11.0,3.0,nan,41.0,14.0,71.0,60.0
36,南投,2017-10-26,87,4.0,6.0,nan,50.0,27.0,87.0,74.0
37,斗六,2017-10-26,112,4.0,5.0,nan,54.0,36.0,112.0,74.0
38,崙背,2017-10-26,87,10.0,3.0,nan,52.0,15.0,87.0,66.0
39,新港,2017-10-26,101,9.0,3.0,nan,54.0,17.0,101.0,71.0
40,朴子,2017-10-26,108,9.0,3.0,nan,71.0,14.0,108.0,64.0
41,臺西,2017-10-26,69,11.0,2.0,nan,56.0,17.0,nan,69.0
42,嘉義,2017-10-26,104,11.0,7.0,nan,61.0,27.0,104.0,85.0
43,新營,2017-10-26,108,7.0,5.0,nan,68.0,24.0,108.0,75.0
44,善化,2017-10-26,129,13.0,6.0,nan,65.0,23.0,129.0,88.0
45,安南,2017-10-26,146,7.0,6.0,nan,71.0,26.0,146.0,84.0
46,臺南,2017-10-26,143,10.0,7.0,nan,64.0,31.0,143.0,85.0
47,美濃,2017-10-26,159,10.0,5.0,nan,64.0,13.0,159.0,94.0
48,橋頭,2017-10-26,143,13.0,6.0,nan,73.0,24.0,143.0,114.0
49,仁武,2017-10-26,122,11.0,7.0,nan,73.0,32.0,122.0,97.0
50,鳳山,2017-10-26,88,13.0,7.0,nan,76.0,31.0,nan,88.0
51,大寮,2017-10-26,92,11.0,6.0,nan,68.0,30.0,84.0,92.0
52,林園,2017-10-26,156,13.0,6.0,nan,45.0,26.0,156.0,91.0
53,楠梓,2017-10-26,132,13.0,7.0,nan,82.0,34.0,132.0,95.0
54,左營,2017-10-26,156,11.0,8.0,nan,76.0,36.0,156.0,107.0
56,前金,2017-10-26,143,14.0,9.0,nan,70.0,35.0,143.0,100.0
57,前鎮,2017-10-26,116,13.0,8.0,nan,75.0,30.0,nan,116.0
58,小港,2017-10-26,126,21.0,7.0,nan,72.0,35.0,126.0,98.0
59,屏東,2017-10-26,118,9.0,7.0,nan,69.0,19.0,118.0,96.0
60,潮州,2017-10-26,112,23.0,5.0,nan,60.0,25.0,112.0,74.0
61,恆春,2017-10-26,54,4.0,1.0,nan,34.0,3.0,54.0,46.0
62,臺東,2017-10-26,43,3.0,3.0,nan,38.0,8.0,43.0,34.0
63,花蓮,2017-10-26,50,4.0,3.0,nan,31.0,14.0,50.0,35.0
64,陽明,2017-10-26,54,3.0,1.0,nan,17.0,6.0,54.0,32.0
65,宜蘭,2017-10-26,51,3.0,5.0,nan,36.0,13.0,51.0,48.0
67,三重,2017-10-26,51,9.0,20.0,nan,44.0,51.0,nan,40.0
68,中壢,2017-10-26,46,10.0,12.0,nan,46.0,44.0,nan,33.0
69,竹山,2017-10-26,136,7.0,5.0,nan,50.0,21.0,136.0,93.0
70,永和,2017-10-26,49,13.0,10.0,nan,nan,33.0,nan,49.0
71,復興,2017-10-26,93,13.0,9.0,nan,73.0,33.0,nan,93.0
72,埔里,2017-10-26,112,6.0,5.0,nan,42.0,19.0,112.0,78.0
75,馬祖,2017-10-26,93,4.0,2.0,nan,31.0,7.0,93.0,57.0
77,金門,2017-10-26,90,7.0,2.0,nan,47.0,8.0,90.0,69.0
78,馬公,2017-10-26,52,3.0,2.0,nan,28.0,3.0,51.0,52.0
80,關山,2017-10-26,54,4.0,nan,nan,31.0,6.0,43.0,54.0
17,桃園,2017-10-26,54,7.0,5.0,nan,32.0,27.0,45.0,54.0
84,富貴角,2017-10-26,80,1.0,1.0,nan,44.0,1.0,80.0,49.0
39,新港,2017-10-27,87,7.0,3.0,nan,77.0,10.0,87.0,64.0
84,富貴角,2017-10-27,87,1.0,1.0,nan,55.0,2.0,87.0,62.0
83,麥寮,2017-10-27,89,17.0,5.0,nan,89.0,23.0,nan,79.0
80,關山,2017-10-27,49,1.0,nan,nan,28.0,7.0,43.0,49.0
78,馬公,2017-10-27,71,3.0,2.0,nan,31.0,2.0,71.0,58.0
77,金門,2017-10-27,150,14.0,3.0,nan,55.0,12.0,150.0,82.0
75,馬祖,2017-10-27,100,7.0,2.0,nan,35.0,7.0,100.0,62.0
72,埔里,2017-10-27,79,7.0,5.0,nan,42.0,21.0,71.0,79.0
71,復興,2017-10-27,92,7.0,10.0,nan,82.0,32.0,nan,92.0
70,永和,2017-10-27,61,4.0,17.0,nan,34.0,60.0,nan,61.0
69,竹山,2017-10-27,122,7.0,5.0,nan,46.0,20.0,122.0,93.0
68,中壢,2017-10-27,58,11.0,14.0,nan,51.0,54.0,nan,58.0
67,三重,2017-10-27,52,10.0,19.0,nan,48.0,52.0,nan,48.0
65,宜蘭,2017-10-27,54,3.0,3.0,nan,38.0,9.0,51.0,54.0
64,陽明,2017-10-27,61,3.0,1.0,nan,15.0,1.0,61.0,31.0
63,花蓮,2017-10-27,61,9.0,5.0,nan,36.0,14.0,61.0,50.0
62,臺東,2017-10-27,44,3.0,5.0,nan,40.0,14.0,44.0,42.0
61,恆春,2017-10-27,54,3.0,1.0,nan,39.0,3.0,54.0,52.0
60,潮州,2017-10-27,190,13.0,6.0,116.0,76.0,16.0,190.0,91.0
59,屏東,2017-10-27,150,10.0,6.0,nan,71.0,19.0,150.0,95.0
58,小港,2017-10-27,143,13.0,7.0,nan,80.0,40.0,143.0,97.0
57,前鎮,2017-10-27,104,7.0,7.0,nan,81.0,27.0,nan,104.0
56,前金,2017-10-27,108,6.0,6.0,nan,76.0,23.0,108.0,94.0
54,左營,2017-10-27,140,6.0,6.0,nan,76.0,25.0,140.0,85.0
53,楠梓,2017-10-27,101,6.0,5.0,nan,78.0,20.0,101.0,79.0
52,林園,2017-10-27,195,16.0,6.0,nan,49.0,30.0,195.0,83.0
51,大寮,2017-10-27,166,11.0,6.0,nan,72.0,27.0,166.0,90.0
50,鳳山,2017-10-27,78,14.0,6.0,nan,78.0,29.0,nan,74.0
49,仁武,2017-10-27,126,19.0,6.0,nan,76.0,32.0,126.0,86.0
48,橋頭,2017-10-27,112,6.0,5.0,nan,71.0,20.0,112.0,98.0
47,美濃,2017-10-27,115,4.0,5.0,nan,71.0,11.0,115.0,83.0
46,臺南,2017-10-27,90,6.0,5.0,nan,75.0,24.0,90.0,67.0
45,安南,2017-10-27,97,6.0,3.0,nan,77.0,26.0,97.0,69.0
44,善化,2017-10-27,97,7.0,3.0,nan,66.0,17.0,97.0,71.0
43,新營,2017-10-27,90,7.0,3.0,nan,74.0,22.0,90.0,68.0
42,嘉義,2017-10-27,87,6.0,6.0,nan,71.0,24.0,87.0,81.0
41,臺西,2017-10-27,74,9.0,2.0,nan,53.0,13.0,nan,74.0
40,朴子,2017-10-27,100,9.0,2.0,nan,100.0,11.0,87.0,61.0
38,崙背,2017-10-27,112,9.0,2.0,nan,112.0,15.0,80.0,82.0
37,斗六,2017-10-27,100,3.0,3.0,nan,59.0,21.0,100.0,64.0
36,南投,2017-10-27,67,4.0,6.0,nan,48.0,25.0,67.0,66.0
35,二林,2017-10-27,67,9.0,2.0,nan,40.0,13.0,67.0,55.0
34,線西,2017-10-27,66,14.0,3.0,nan,43.0,16.0,nan,66.0
32,西屯,2017-10-27,97,4.0,2.0,nan,44.0,10.0,97.0,49.0
31,忠明,2017-10-27,71,4.0,3.0,nan,34.0,20.0,71.0,56.0
30,大里,2017-10-27,80,4.0,5.0,nan,39.0,25.0,80.0,45.0
29,沙鹿,2017-10-27,77,4.0,2.0,nan,36.0,18.0,77.0,45.0
28,豐原,2017-10-27,77,4.0,3.0,nan,34.0,13.0,77.0,45.0
27,三義,2017-10-27,84,3.0,2.0,nan,35.0,11.0,84.0,58.0
26,苗栗,2017-10-27,73,4.0,3.0,nan,42.0,13.0,67.0,73.0
25,頭份,2017-10-27,68,6.0,3.0,nan,38.0,32.0,nan,68.0
24,新竹,2017-10-27,61,6.0,3.0,nan,37.0,22.0,61.0,60.0
23,竹東,2017-10-27,64,4.0,2.0,nan,35.0,11.0,64.0,58.0
22,湖口,2017-10-27,80,7.0,3.0,nan,nan,25.0,80.0,55.0
21,龍潭,2017-10-27,61,4.0,5.0,nan,39.0,24.0,58.0,61.0
20,平鎮,2017-10-27,51,9.0,5.0,nan,48.0,33.0,51.0,40.0
19,觀音,2017-10-27,84,17.0,2.0,nan,48.0,25.0,84.0,68.0
18,大園,2017-10-27,80,6.0,2.0,nan,41.0,20.0,80.0,48.0
16,大同,2017-10-27,63,11.0,26.0,nan,52.0,63.0,nan,58.0
15,松山,2017-10-27,52,6.0,7.0,nan,22.0,41.0,43.0,52.0
14,古亭,2017-10-27,52,4.0,9.0,nan,29.0,47.0,40.0,52.0
13,萬華,2017-10-27,55,7.0,14.0,nan,37.0,52.0,21.0,55.0
12,中山,2017-10-27,50,4.0,15.0,nan,nan,50.0,21.0,nan
11,士林,2017-10-27,65,4.0,8.0,nan,36.0,43.0,46.0,65.0
10,淡水,2017-10-27,49,4.0,5.0,nan,37.0,34.0,49.0,48.0
9,林口,2017-10-27,71,3.0,2.0,nan,44.0,34.0,71.0,66.0
8,菜寮,2017-10-27,52,9.0,8.0,nan,36.0,41.0,48.0,52.0
7,新莊,2017-10-27,51,13.0,7.0,nan,44.0,40.0,51.0,45.0
6,板橋,2017-10-27,53,11.0,8.0,nan,39.0,39.0,50.0,53.0
5,土城,2017-10-27,61,17.0,8.0,nan,41.0,47.0,47.0,61.0
4,新店,2017-10-27,56,3.0,6.0,nan,31.0,34.0,40.0,56.0
3,萬里,2017-10-27,87,3.0,2.0,nan,57.0,3.0,87.0,56.0
2,汐止,2017-10-27,51,6.0,7.0,nan,35.0,39.0,47.0,51.0
1,基隆,2017-10-27,54,3.0,2.0,nan,28.0,8.0,54.0,48.0
33,彰化,2017-10-27,63,4.0,3.0,nan,45.0,14.0,58.0,63.0
66,冬山,2017-10-27,45,nan,3.0,nan,41.0,22.0,45.0,42.0
17,桃園,2017-10-27,55,11.0,6.0,nan,36.0,27.0,51.0,55.0
17,桃園,2017-10-28,68,6.0,6.0,nan,42.0,25.0,58.0,68.0
83,麥寮,2017-10-28,91,7.0,3.0,nan,78.0,13.0,nan,91.0
80,關山,2017-10-28,44,1.0,nan,nan,30.0,6.0,38.0,44.0
78,馬公,2017-10-28,108,3.0,3.0,nan,38.0,5.0,108.0,70.0
77,金門,2017-10-28,166,24.0,5.0,nan,66.0,24.0,166.0,108.0
75,馬祖,2017-10-28,169,16.0,6.0,nan,61.0,11.0,169.0,113.0
72,埔里,2017-10-28,80,6.0,6.0,nan,44.0,22.0,54.0,80.0
71,復興,2017-10-28,95,7.0,9.0,nan,75.0,35.0,nan,95.0
70,永和,2017-10-28,81,3.0,12.0,nan,44.0,48.0,nan,81.0
69,竹山,2017-10-28,104,3.0,5.0,nan,48.0,21.0,64.0,104.0
68,中壢,2017-10-28,76,6.0,15.0,nan,57.0,50.0,nan,76.0
67,三重,2017-10-28,66,4.0,15.0,nan,57.0,52.0,nan,66.0
65,宜蘭,2017-10-28,67,3.0,3.0,nan,34.0,10.0,67.0,54.0
64,陽明,2017-10-28,104,3.0,2.0,nan,11.0,3.0,104.0,24.0
63,花蓮,2017-10-28,54,9.0,5.0,nan,39.0,12.0,54.0,51.0
62,臺東,2017-10-28,49,3.0,5.0,nan,38.0,9.0,40.0,49.0
61,恆春,2017-10-28,77,6.0,2.0,nan,54.0,5.0,77.0,64.0
60,潮州,2017-10-28,101,17.0,5.0,nan,76.0,18.0,101.0,83.0
59,屏東,2017-10-28,93,4.0,6.0,nan,63.0,19.0,93.0,89.0
58,小港,2017-10-28,104,13.0,7.0,nan,72.0,39.0,101.0,104.0
57,前鎮,2017-10-28,117,4.0,8.0,nan,73.0,29.0,nan,117.0
56,前金,2017-10-28,108,6.0,7.0,nan,70.0,23.0,108.0,101.0
54,左營,2017-10-28,118,7.0,6.0,nan,72.0,23.0,118.0,99.0
53,楠梓,2017-10-28,104,4.0,6.0,nan,76.0,22.0,104.0,93.0
52,林園,2017-10-28,140,20.0,5.0,nan,48.0,31.0,140.0,92.0
51,大寮,2017-10-28,100,9.0,5.0,nan,64.0,21.0,100.0,94.0
50,鳳山,2017-10-28,93,13.0,7.0,nan,77.0,26.0,nan,93.0
49,仁武,2017-10-28,108,7.0,6.0,nan,75.0,27.0,108.0,105.0
48,橋頭,2017-10-28,112,4.0,6.0,nan,68.0,24.0,97.0,112.0
47,美濃,2017-10-28,100,3.0,3.0,nan,59.0,10.0,100.0,84.0
46,臺南,2017-10-28,87,6.0,6.0,nan,64.0,20.0,80.0,87.0
45,安南,2017-10-28,93,6.0,5.0,nan,70.0,17.0,93.0,87.0
44,善化,2017-10-28,88,6.0,3.0,nan,56.0,15.0,84.0,88.0
43,新營,2017-10-28,90,6.0,5.0,nan,63.0,19.0,90.0,85.0
42,嘉義,2017-10-28,98,10.0,6.0,nan,58.0,25.0,80.0,98.0
41,臺西,2017-10-28,87,9.0,2.0,nan,59.0,15.0,nan,87.0
40,朴子,2017-10-28,78,11.0,5.0,nan,78.0,16.0,77.0,73.0
39,新港,2017-10-28,84,7.0,3.0,nan,54.0,15.0,84.0,83.0
84,富貴角,2017-10-28,132,1.0,2.0,nan,94.0,4.0,132.0,107.0
38,崙背,2017-10-28,98,9.0,5.0,nan,66.0,18.0,77.0,98.0
37,斗六,2017-10-28,90,3.0,5.0,nan,53.0,22.0,87.0,90.0
36,南投,2017-10-28,79,3.0,5.0,nan,50.0,25.0,47.0,79.0
35,二林,2017-10-28,74,10.0,3.0,nan,50.0,15.0,71.0,74.0
34,線西,2017-10-28,79,9.0,5.0,nan,48.0,15.0,nan,79.0
32,西屯,2017-10-28,80,4.0,3.0,nan,50.0,14.0,80.0,69.0
31,忠明,2017-10-28,75,4.0,3.0,nan,36.0,19.0,50.0,75.0
30,大里,2017-10-28,56,3.0,6.0,nan,44.0,20.0,51.0,56.0
29,沙鹿,2017-10-28,67,4.0,3.0,nan,40.0,15.0,67.0,65.0
28,豐原,2017-10-28,63,3.0,3.0,nan,33.0,10.0,51.0,63.0
27,三義,2017-10-28,70,4.0,3.0,nan,42.0,11.0,61.0,70.0
26,苗栗,2017-10-28,87,6.0,5.0,nan,51.0,18.0,58.0,87.0
25,頭份,2017-10-28,83,4.0,3.0,nan,48.0,23.0,nan,83.0
24,新竹,2017-10-28,76,4.0,5.0,nan,52.0,19.0,74.0,76.0
23,竹東,2017-10-28,75,4.0,3.0,nan,42.0,14.0,64.0,75.0
22,湖口,2017-10-28,90,4.0,5.0,nan,nan,13.0,90.0,72.0
21,龍潭,2017-10-28,82,4.0,5.0,nan,49.0,23.0,58.0,82.0
20,平鎮,2017-10-28,71,6.0,5.0,nan,52.0,19.0,71.0,65.0
19,觀音,2017-10-28,100,13.0,3.0,nan,59.0,12.0,100.0,82.0
18,大園,2017-10-28,84,7.0,3.0,nan,49.0,25.0,84.0,66.0
16,大同,2017-10-28,66,6.0,23.0,nan,58.0,62.0,nan,66.0
15,松山,2017-10-28,76,3.0,6.0,nan,30.0,34.0,49.0,76.0
14,古亭,2017-10-28,71,3.0,7.0,nan,37.0,35.0,51.0,71.0
13,萬華,2017-10-28,67,3.0,11.0,nan,44.0,49.0,30.0,67.0
12,中山,2017-10-28,41,1.0,8.0,nan,nan,35.0,41.0,nan
11,士林,2017-10-28,69,1.0,6.0,nan,39.0,35.0,64.0,69.0
10,淡水,2017-10-28,62,4.0,6.0,nan,47.0,27.0,49.0,62.0
9,林口,2017-10-28,93,4.0,3.0,nan,52.0,17.0,93.0,85.0
8,菜寮,2017-10-28,74,4.0,7.0,nan,44.0,28.0,74.0,65.0
7,新莊,2017-10-28,77,4.0,6.0,nan,45.0,25.0,77.0,53.0
6,板橋,2017-10-28,71,4.0,7.0,nan,45.0,34.0,71.0,66.0
5,土城,2017-10-28,74,6.0,6.0,nan,48.0,36.0,67.0,74.0
4,新店,2017-10-28,78,3.0,6.0,nan,43.0,27.0,51.0,78.0
3,萬里,2017-10-28,136,4.0,3.0,nan,72.0,8.0,136.0,81.0
2,汐止,2017-10-28,72,4.0,7.0,nan,39.0,27.0,50.0,72.0
1,基隆,2017-10-28,80,23.0,3.0,nan,38.0,18.0,80.0,74.0
33,彰化,2017-10-28,76,4.0,5.0,nan,44.0,15.0,50.0,76.0
66,冬山,2017-10-28,-1,nan,nan,nan,nan,nan,nan,nan
27,三義,2017-10-29,90,3.0,3.0,nan,44.0,7.0,90.0,70.0
17,桃園,2017-10-29,81,11.0,6.0,nan,52.0,18.0,58.0,81.0
66,冬山,2017-10-29,54,nan,3.0,nan,nan,17.0,54.0,nan
33,彰化,2017-10-29,77,3.0,5.0,nan,47.0,11.0,77.0,73.0
1,基隆,2017-10-29,93,3.0,5.0,nan,50.0,6.0,93.0,88.0
2,汐止,2017-10-29,93,6.0,6.0,nan,52.0,22.0,93.0,85.0
3,萬里,2017-10-29,118,3.0,5.0,nan,96.0,4.0,118.0,97.0
4,新店,2017-10-29,84,4.0,6.0,nan,49.0,24.0,61.0,84.0
5,土城,2017-10-29,82,3.0,6.0,nan,53.0,40.0,38.0,82.0
6,板橋,2017-10-29,76,4.0,7.0,nan,53.0,39.0,61.0,76.0
7,新莊,2017-10-29,84,3.0,6.0,nan,57.0,31.0,84.0,67.0
8,菜寮,2017-10-29,80,3.0,6.0,nan,56.0,29.0,71.0,80.0
9,林口,2017-10-29,104,4.0,5.0,nan,62.0,13.0,104.0,101.0
10,淡水,2017-10-29,81,4.0,5.0,nan,57.0,27.0,71.0,81.0
11,士林,2017-10-29,101,3.0,6.0,nan,50.0,33.0,101.0,80.0
12,中山,2017-10-29,72,3.0,7.0,nan,57.0,32.0,50.0,72.0
13,萬華,2017-10-29,84,3.0,10.0,nan,58.0,41.0,40.0,84.0
14,古亭,2017-10-29,80,3.0,6.0,nan,49.0,23.0,58.0,80.0
15,松山,2017-10-29,87,3.0,7.0,nan,33.0,35.0,77.0,87.0
16,大同,2017-10-29,83,3.0,10.0,nan,67.0,46.0,nan,83.0
18,大園,2017-10-29,90,6.0,6.0,nan,66.0,26.0,84.0,90.0
19,觀音,2017-10-29,107,14.0,5.0,nan,71.0,15.0,87.0,107.0
20,平鎮,2017-10-29,77,6.0,6.0,nan,62.0,18.0,77.0,72.0
21,龍潭,2017-10-29,79,4.0,5.0,nan,50.0,11.0,74.0,79.0
22,湖口,2017-10-29,97,4.0,5.0,nan,nan,12.0,97.0,79.0
23,竹東,2017-10-29,87,3.0,3.0,nan,50.0,6.0,87.0,80.0
24,新竹,2017-10-29,80,4.0,5.0,nan,51.0,12.0,80.0,78.0
25,頭份,2017-10-29,85,3.0,3.0,nan,52.0,16.0,nan,85.0
26,苗栗,2017-10-29,90,4.0,3.0,nan,54.0,8.0,90.0,86.0
28,豐原,2017-10-29,77,3.0,3.0,nan,34.0,8.0,77.0,53.0
29,沙鹿,2017-10-29,97,3.0,3.0,nan,50.0,10.0,97.0,67.0
30,大里,2017-10-29,74,3.0,6.0,nan,46.0,25.0,74.0,60.0
31,忠明,2017-10-29,77,3.0,3.0,nan,39.0,12.0,77.0,68.0
32,西屯,2017-10-29,112,4.0,3.0,nan,47.0,10.0,112.0,69.0
34,線西,2017-10-29,86,7.0,5.0,nan,60.0,15.0,nan,86.0
35,二林,2017-10-29,90,7.0,3.0,nan,62.0,9.0,90.0,81.0
36,南投,2017-10-29,79,4.0,6.0,nan,52.0,23.0,71.0,79.0
37,斗六,2017-10-29,100,3.0,5.0,nan,62.0,34.0,100.0,81.0
38,崙背,2017-10-29,144,10.0,5.0,nan,144.0,13.0,93.0,116.0
39,新港,2017-10-29,104,7.0,5.0,nan,90.0,15.0,100.0,104.0
40,朴子,2017-10-29,121,9.0,3.0,nan,121.0,14.0,108.0,94.0
41,臺西,2017-10-29,119,13.0,5.0,nan,112.0,20.0,nan,119.0
42,嘉義,2017-10-29,112,10.0,6.0,nan,85.0,22.0,87.0,112.0
43,新營,2017-10-29,108,9.0,5.0,nan,98.0,22.0,93.0,108.0
44,善化,2017-10-29,100,6.0,5.0,nan,80.0,13.0,93.0,100.0
45,安南,2017-10-29,115,6.0,5.0,nan,103.0,24.0,115.0,99.0
46,臺南,2017-10-29,104,6.0,6.0,nan,96.0,19.0,104.0,104.0
47,美濃,2017-10-29,89,4.0,5.0,nan,76.0,12.0,84.0,89.0
48,橋頭,2017-10-29,129,7.0,5.0,nan,93.0,14.0,129.0,122.0
49,仁武,2017-10-29,140,11.0,5.0,nan,101.0,21.0,140.0,118.0
50,鳳山,2017-10-29,105,16.0,7.0,nan,104.0,31.0,nan,105.0
51,大寮,2017-10-29,122,27.0,6.0,nan,79.0,27.0,122.0,104.0
52,林園,2017-10-29,161,23.0,6.0,nan,47.0,30.0,161.0,94.0
53,楠梓,2017-10-29,132,6.0,5.0,nan,103.0,18.0,132.0,110.0
54,左營,2017-10-29,140,6.0,6.0,nan,103.0,38.0,140.0,126.0
56,前金,2017-10-29,129,6.0,6.0,nan,96.0,27.0,129.0,112.0
57,前鎮,2017-10-29,125,13.0,7.0,nan,101.0,25.0,nan,125.0
58,小港,2017-10-29,116,36.0,7.0,nan,99.0,49.0,112.0,116.0
59,屏東,2017-10-29,112,6.0,7.0,nan,72.0,19.0,112.0,109.0
60,潮州,2017-10-29,129,7.0,6.0,nan,68.0,15.0,129.0,94.0
61,恆春,2017-10-29,80,4.0,2.0,nan,42.0,3.0,80.0,59.0
62,臺東,2017-10-29,98,1.0,3.0,nan,98.0,6.0,49.0,56.0
63,花蓮,2017-10-29,74,3.0,3.0,nan,50.0,9.0,74.0,58.0
64,陽明,2017-10-29,87,3.0,5.0,nan,32.0,3.0,87.0,79.0
65,宜蘭,2017-10-29,74,3.0,3.0,nan,45.0,6.0,74.0,65.0
67,三重,2017-10-29,80,4.0,16.0,nan,65.0,55.0,nan,80.0
68,中壢,2017-10-29,84,6.0,10.0,nan,64.0,41.0,nan,84.0
69,竹山,2017-10-29,93,4.0,3.0,nan,44.0,16.0,90.0,93.0
70,永和,2017-10-29,85,3.0,7.0,nan,49.0,22.0,nan,85.0
71,復興,2017-10-29,110,11.0,9.0,nan,99.0,28.0,nan,110.0
72,埔里,2017-10-29,76,4.0,5.0,nan,38.0,19.0,48.0,76.0
75,馬祖,2017-10-29,146,14.0,6.0,nan,59.0,9.0,146.0,104.0
77,金門,2017-10-29,122,26.0,5.0,nan,82.0,28.0,122.0,117.0
78,馬公,2017-10-29,87,4.0,3.0,nan,47.0,6.0,87.0,77.0
80,關山,2017-10-29,58,3.0,nan,nan,51.0,4.0,50.0,58.0
83,麥寮,2017-10-29,132,10.0,3.0,nan,132.0,14.0,nan,107.0
84,富貴角,2017-10-29,128,1.0,5.0,nan,87.0,4.0,115.0,128.0
44,善化,2017-10-30,88,9.0,5.0,nan,88.0,15.0,64.0,82.0
84,富貴角,2017-10-30,82,1.0,2.0,nan,62.0,3.0,47.0,82.0
83,麥寮,2017-10-30,119,11.0,6.0,nan,119.0,19.0,nan,92.0
80,關山,2017-10-30,68,1.0,nan,nan,68.0,7.0,39.0,49.0
78,馬公,2017-10-30,77,3.0,5.0,nan,54.0,4.0,54.0,77.0
77,金門,2017-10-30,115,11.0,6.0,nan,81.0,12.0,93.0,115.0
75,馬祖,2017-10-30,114,3.0,6.0,nan,68.0,5.0,67.0,114.0
72,埔里,2017-10-30,67,7.0,5.0,nan,39.0,25.0,64.0,67.0
71,復興,2017-10-30,105,11.0,11.0,nan,105.0,41.0,nan,87.0
70,永和,2017-10-30,57,3.0,8.0,nan,44.0,29.0,nan,57.0
69,竹山,2017-10-30,87,4.0,5.0,nan,49.0,23.0,80.0,87.0
68,中壢,2017-10-30,65,4.0,16.0,nan,62.0,42.0,nan,65.0
67,三重,2017-10-30,66,6.0,19.0,nan,66.0,44.0,nan,53.0
65,宜蘭,2017-10-30,54,3.0,5.0,nan,43.0,9.0,44.0,54.0
64,陽明,2017-10-30,44,1.0,2.0,nan,23.0,1.0,44.0,37.0
63,花蓮,2017-10-30,46,3.0,3.0,nan,43.0,14.0,44.0,46.0
62,臺東,2017-10-30,88,3.0,3.0,nan,88.0,10.0,42.0,49.0
61,恆春,2017-10-30,87,3.0,3.0,nan,47.0,3.0,87.0,61.0
60,潮州,2017-10-30,97,9.0,3.0,nan,86.0,20.0,97.0,69.0
59,屏東,2017-10-30,101,7.0,6.0,nan,87.0,20.0,101.0,87.0
58,小港,2017-10-30,104,17.0,7.0,nan,104.0,34.0,90.0,96.0
57,前鎮,2017-10-30,104,10.0,8.0,nan,104.0,34.0,nan,100.0
56,前金,2017-10-30,102,11.0,7.0,nan,102.0,37.0,97.0,85.0
54,左營,2017-10-30,108,9.0,7.0,nan,108.0,40.0,77.0,95.0
53,楠梓,2017-10-30,105,9.0,6.0,nan,105.0,29.0,93.0,92.0
52,林園,2017-10-30,140,23.0,6.0,nan,60.0,44.0,140.0,85.0
51,大寮,2017-10-30,92,16.0,7.0,nan,92.0,37.0,77.0,90.0
50,鳳山,2017-10-30,108,11.0,7.0,nan,108.0,36.0,nan,80.0
49,仁武,2017-10-30,104,20.0,6.0,nan,104.0,58.0,97.0,89.0
48,橋頭,2017-10-30,96,6.0,6.0,nan,94.0,21.0,71.0,96.0
47,美濃,2017-10-30,97,4.0,5.0,nan,84.0,12.0,97.0,81.0
46,臺南,2017-10-30,99,7.0,6.0,nan,99.0,24.0,67.0,86.0
45,安南,2017-10-30,105,6.0,6.0,nan,105.0,28.0,77.0,85.0
43,新營,2017-10-30,94,7.0,5.0,nan,94.0,23.0,58.0,82.0
42,嘉義,2017-10-30,79,7.0,6.0,nan,79.0,27.0,48.0,77.0
41,臺西,2017-10-30,115,14.0,6.0,nan,106.0,19.0,nan,115.0
40,朴子,2017-10-30,125,7.0,3.0,nan,125.0,16.0,50.0,85.0
39,新港,2017-10-30,85,6.0,5.0,nan,85.0,12.0,50.0,82.0
38,崙背,2017-10-30,124,9.0,5.0,nan,124.0,16.0,45.0,90.0
37,斗六,2017-10-30,68,3.0,5.0,nan,57.0,25.0,61.0,68.0
36,南投,2017-10-30,64,4.0,7.0,nan,50.0,25.0,44.0,64.0
35,二林,2017-10-30,70,6.0,5.0,nan,63.0,11.0,48.0,70.0
34,線西,2017-10-30,80,6.0,5.0,nan,59.0,15.0,nan,80.0
32,西屯,2017-10-30,67,4.0,6.0,nan,50.0,11.0,67.0,66.0
31,忠明,2017-10-30,60,4.0,5.0,nan,38.0,20.0,46.0,60.0
30,大里,2017-10-30,44,4.0,6.0,nan,38.0,20.0,44.0,43.0
29,沙鹿,2017-10-30,61,3.0,5.0,nan,45.0,13.0,61.0,57.0
28,豐原,2017-10-30,53,3.0,5.0,nan,35.0,9.0,51.0,53.0
27,三義,2017-10-30,58,3.0,5.0,nan,43.0,7.0,58.0,58.0
26,苗栗,2017-10-30,71,3.0,5.0,nan,50.0,15.0,58.0,71.0
25,頭份,2017-10-30,72,4.0,5.0,nan,48.0,15.0,nan,72.0
24,新竹,2017-10-30,63,4.0,3.0,nan,52.0,25.0,47.0,63.0
23,竹東,2017-10-30,62,4.0,3.0,nan,44.0,7.0,51.0,62.0
22,湖口,2017-10-30,61,4.0,3.0,nan,nan,14.0,49.0,61.0
21,龍潭,2017-10-30,68,3.0,3.0,nan,49.0,9.0,49.0,68.0
20,平鎮,2017-10-30,58,4.0,5.0,nan,58.0,25.0,46.0,53.0
19,觀音,2017-10-30,73,11.0,3.0,nan,62.0,15.0,42.0,73.0
18,大園,2017-10-30,61,6.0,3.0,nan,54.0,27.0,44.0,61.0
16,大同,2017-10-30,60,4.0,12.0,nan,60.0,38.0,nan,53.0
15,松山,2017-10-30,57,4.0,3.0,nan,33.0,38.0,44.0,57.0
14,古亭,2017-10-30,53,4.0,5.0,nan,46.0,29.0,43.0,53.0
13,萬華,2017-10-30,55,6.0,10.0,nan,52.0,40.0,38.0,55.0
12,中山,2017-10-30,53,3.0,7.0,nan,52.0,33.0,41.0,53.0
11,士林,2017-10-30,52,3.0,2.0,nan,45.0,8.0,48.0,52.0
10,淡水,2017-10-30,46,4.0,2.0,nan,46.0,8.0,42.0,43.0
9,林口,2017-10-30,67,4.0,3.0,nan,53.0,18.0,47.0,67.0
8,菜寮,2017-10-30,48,4.0,5.0,nan,47.0,31.0,44.0,48.0
7,新莊,2017-10-30,47,3.0,5.0,nan,47.0,34.0,46.0,35.0
6,板橋,2017-10-30,49,3.0,7.0,nan,46.0,34.0,44.0,49.0
5,土城,2017-10-30,58,3.0,3.0,nan,47.0,18.0,32.0,58.0
4,新店,2017-10-30,61,4.0,5.0,nan,44.0,26.0,44.0,61.0
3,萬里,2017-10-30,81,3.0,2.0,nan,81.0,3.0,50.0,65.0
2,汐止,2017-10-30,54,9.0,2.0,nan,44.0,25.0,46.0,54.0
1,基隆,2017-10-30,47,3.0,2.0,nan,36.0,6.0,45.0,47.0
33,彰化,2017-10-30,72,3.0,6.0,nan,48.0,19.0,46.0,72.0
66,冬山,2017-10-30,52,nan,5.0,nan,52.0,19.0,42.0,49.0
17,桃園,2017-10-30,55,9.0,5.0,nan,48.0,30.0,44.0,55.0
83,麥寮,2017-10-31,79,11.0,5.0,nan,79.0,20.0,nan,73.0
80,關山,2017-10-31,35,3.0,nan,nan,21.0,7.0,35.0,29.0
78,馬公,2017-10-31,44,4.0,2.0,nan,28.0,4.0,44.0,41.0
77,金門,2017-10-31,74,7.0,2.0,nan,48.0,9.0,74.0,61.0
75,馬祖,2017-10-31,58,4.0,2.0,nan,34.0,4.0,54.0,58.0
72,埔里,2017-10-31,100,7.0,5.0,nan,50.0,21.0,100.0,74.0
71,復興,2017-10-31,68,16.0,9.0,nan,66.0,36.0,nan,68.0
70,永和,2017-10-31,29,4.0,7.0,nan,23.0,25.0,nan,29.0
69,竹山,2017-10-31,100,4.0,5.0,nan,52.0,19.0,100.0,87.0
68,中壢,2017-10-31,43,6.0,9.0,nan,43.0,34.0,nan,26.0
67,三重,2017-10-31,46,10.0,18.0,nan,41.0,46.0,nan,20.0
65,宜蘭,2017-10-31,33,3.0,3.0,nan,29.0,14.0,33.0,30.0
64,陽明,2017-10-31,41,3.0,1.0,nan,9.0,1.0,41.0,10.0
63,花蓮,2017-10-31,40,4.0,3.0,nan,27.0,16.0,40.0,32.0
62,臺東,2017-10-31,45,3.0,3.0,nan,45.0,9.0,35.0,22.0
61,恆春,2017-10-31,46,3.0,1.0,nan,28.0,3.0,46.0,34.0
60,潮州,2017-10-31,101,11.0,3.0,nan,69.0,22.0,101.0,50.0
59,屏東,2017-10-31,132,10.0,5.0,nan,67.0,19.0,132.0,70.0
58,小港,2017-10-31,76,26.0,6.0,nan,66.0,35.0,54.0,76.0
57,前鎮,2017-10-31,75,13.0,7.0,nan,66.0,31.0,nan,75.0
56,前金,2017-10-31,77,9.0,7.0,nan,58.0,29.0,77.0,64.0
54,左營,2017-10-31,93,9.0,6.0,nan,66.0,41.0,93.0,71.0
53,楠梓,2017-10-31,90,11.0,6.0,nan,75.0,32.0,90.0,78.0
52,林園,2017-10-31,77,14.0,5.0,nan,43.0,28.0,77.0,74.0
51,大寮,2017-10-31,80,24.0,7.0,nan,66.0,29.0,51.0,80.0
50,鳳山,2017-10-31,76,14.0,7.0,nan,76.0,31.0,nan,66.0
49,仁武,2017-10-31,90,14.0,6.0,nan,70.0,32.0,90.0,67.0
48,橋頭,2017-10-31,100,9.0,5.0,nan,64.0,28.0,100.0,82.0
47,美濃,2017-10-31,122,4.0,3.0,nan,66.0,13.0,122.0,72.0
46,臺南,2017-10-31,108,9.0,6.0,nan,57.0,28.0,108.0,65.0
45,安南,2017-10-31,136,9.0,6.0,nan,65.0,29.0,136.0,68.0
44,善化,2017-10-31,100,13.0,5.0,nan,59.0,22.0,100.0,70.0
43,新營,2017-10-31,84,7.0,5.0,nan,66.0,27.0,84.0,69.0
42,嘉義,2017-10-31,77,10.0,6.0,nan,62.0,30.0,77.0,66.0
41,臺西,2017-10-31,67,10.0,3.0,nan,44.0,17.0,nan,67.0
40,朴子,2017-10-31,101,9.0,3.0,nan,62.0,17.0,101.0,42.0
39,新港,2017-10-31,90,7.0,3.0,nan,56.0,20.0,90.0,66.0
38,崙背,2017-10-31,77,9.0,5.0,nan,51.0,22.0,77.0,58.0
37,斗六,2017-10-31,90,13.0,5.0,nan,55.0,25.0,90.0,62.0
36,南投,2017-10-31,74,4.0,6.0,nan,49.0,30.0,74.0,63.0
35,二林,2017-10-31,50,11.0,5.0,nan,47.0,17.0,50.0,49.0
34,線西,2017-10-31,55,23.0,5.0,nan,39.0,25.0,nan,55.0
32,西屯,2017-10-31,71,4.0,5.0,nan,37.0,28.0,71.0,41.0
31,忠明,2017-10-31,49,4.0,6.0,nan,29.0,39.0,49.0,44.0
30,大里,2017-10-31,64,7.0,7.0,nan,45.0,38.0,64.0,49.0
29,沙鹿,2017-10-31,48,6.0,3.0,nan,29.0,25.0,48.0,31.0
28,豐原,2017-10-31,50,6.0,3.0,nan,35.0,20.0,50.0,34.0
27,三義,2017-10-31,44,4.0,2.0,nan,25.0,13.0,44.0,36.0
26,苗栗,2017-10-31,48,3.0,3.0,nan,28.0,22.0,42.0,48.0
25,頭份,2017-10-31,44,4.0,2.0,nan,23.0,21.0,nan,44.0
24,新竹,2017-10-31,38,4.0,3.0,nan,24.0,18.0,38.0,30.0
23,竹東,2017-10-31,39,3.0,3.0,nan,20.0,10.0,39.0,31.0
22,湖口,2017-10-31,40,6.0,2.0,nan,nan,14.0,40.0,23.0
21,龍潭,2017-10-31,39,4.0,2.0,nan,28.0,14.0,39.0,39.0
20,平鎮,2017-10-31,37,4.0,5.0,nan,34.0,19.0,37.0,27.0
19,觀音,2017-10-31,48,11.0,2.0,nan,44.0,27.0,36.0,48.0
18,大園,2017-10-31,35,10.0,2.0,nan,35.0,25.0,32.0,24.0
16,大同,2017-10-31,42,9.0,19.0,nan,39.0,42.0,nan,19.0
15,松山,2017-10-31,63,6.0,5.0,nan,19.0,63.0,25.0,23.0
14,古亭,2017-10-31,31,4.0,6.0,nan,20.0,31.0,31.0,26.0
13,萬華,2017-10-31,41,6.0,10.0,nan,28.0,41.0,22.0,20.0
12,中山,2017-10-31,40,7.0,8.0,nan,25.0,40.0,20.0,24.0
11,士林,2017-10-31,39,9.0,2.0,nan,24.0,11.0,39.0,19.0
10,淡水,2017-10-31,32,3.0,5.0,nan,24.0,18.0,32.0,14.0
9,林口,2017-10-31,43,4.0,3.0,nan,33.0,25.0,34.0,43.0
8,菜寮,2017-10-31,35,7.0,6.0,nan,27.0,35.0,30.0,23.0
7,新莊,2017-10-31,31,6.0,6.0,nan,27.0,30.0,31.0,12.0
6,板橋,2017-10-31,32,6.0,7.0,nan,26.0,32.0,27.0,27.0
5,土城,2017-10-31,31,4.0,5.0,nan,29.0,21.0,31.0,26.0
4,新店,2017-10-31,31,3.0,5.0,nan,26.0,25.0,31.0,27.0
3,萬里,2017-10-31,46,7.0,1.0,nan,42.0,6.0,46.0,29.0
2,汐止,2017-10-31,39,4.0,3.0,nan,24.0,39.0,33.0,31.0
1,基隆,2017-10-31,39,3.0,2.0,nan,19.0,11.0,39.0,22.0
33,彰化,2017-10-31,45,7.0,6.0,nan,36.0,25.0,45.0,38.0
66,冬山,2017-10-31,31,nan,3.0,nan,31.0,20.0,28.0,20.0
17,桃園,2017-10-31,31,9.0,5.0,nan,27.0,26.0,31.0,24.0
84,富貴角,2017-10-31,44,1.0,1.0,nan,41.0,1.0,44.0,41.0
