siteid,sitename,monitordate,aqi,so2subindex,cosubindex,o3subindex,pm10subindex,no2subindex,o38subindex,pm25subindex
84,富貴角,2019-11-01,47,1,1.0,nan,37,2,47.0,31
1,基隆,2019-11-01,44,3,2.0,nan,29,9,44.0,30
2,汐止,2019-11-01,38,7,3.0,nan,25,26,38.0,29
3,萬里,2019-11-01,47,3,1.0,nan,47,9,47.0,36
4,新店,2019-11-01,33,7,3.0,nan,21,12,33.0,30
5,土城,2019-11-01,40,3,3.0,nan,25,16,40.0,31
6,板橋,2019-11-01,37,4,5.0,nan,27,25,37.0,32
7,新莊,2019-11-01,40,6,3.0,nan,29,14,40.0,33
8,菜寮,2019-11-01,36,6,3.0,nan,23,15,36.0,31
9,林口,2019-11-01,44,6,2.0,nan,23,17,44.0,33
10,淡水,2019-11-01,44,3,2.0,nan,19,12,44.0,28
11,士林,2019-11-01,47,3,2.0,nan,21,6,47.0,21
12,中山,2019-11-01,36,4,6.0,nan,26,29,36.0,31
13,萬華,2019-11-01,39,4,5.0,nan,26,26,39.0,36
14,古亭,2019-11-01,38,3,3.0,nan,26,21,38.0,31
15,松山,2019-11-01,40,4,3.0,nan,28,24,38.0,40
16,大同,2019-11-01,59,7,8.0,nan,36,50,nan,59
17,桃園,2019-11-01,35,7,5.0,nan,25,14,34.0,35
18,大園,2019-11-01,40,13,2.0,nan,30,35,34.0,40
19,觀音,2019-11-01,41,9,2.0,nan,31,11,41.0,40
20,平鎮,2019-11-01,42,4,3.0,nan,27,17,42.0,34
21,龍潭,2019-11-01,42,3,2.0,nan,24,9,42.0,30
22,湖口,2019-11-01,40,4,2.0,nan,24,9,40.0,34
23,竹東,2019-11-01,40,4,2.0,nan,22,7,40.0,33
24,新竹,2019-11-01,41,4,3.0,nan,26,13,41.0,32
25,頭份,2019-11-01,36,1,nan,nan,25,10,nan,36
26,苗栗,2019-11-01,47,4,5.0,nan,26,15,34.0,47
27,三義,2019-11-01,44,3,3.0,nan,21,12,44.0,38
28,豐原,2019-11-01,64,3,3.0,nan,38,15,64.0,64
29,沙鹿,2019-11-01,56,4,3.0,nan,37,19,47.0,56
30,大里,2019-11-01,100,7,9.0,nan,48,31,100.0,75
31,忠明,2019-11-01,74,6,7.0,nan,39,24,74.0,68
32,西屯,2019-11-01,67,4,6.0,nan,40,25,67.0,61
33,彰化,2019-11-01,60,6,8.0,nan,42,26,47.0,60
34,線西,2019-11-01,53,9,nan,nan,47,17,nan,53
35,二林,2019-11-01,61,10,5.0,nan,52,14,43.0,61
36,南投,2019-11-01,90,4,7.0,nan,52,28,90.0,80
37,斗六,2019-11-01,122,6,6.0,nan,62,24,122.0,89
38,崙背,2019-11-01,69,7,5.0,nan,63,16,58.0,69
39,新港,2019-11-01,93,4,5.0,nan,68,16,93.0,81
40,朴子,2019-11-01,84,6,5.0,nan,67,11,84.0,77
41,臺西,2019-11-01,64,6,nan,nan,44,15,nan,64
42,嘉義,2019-11-01,101,6,7.0,nan,64,25,101.0,86
43,新營,2019-11-01,104,6,6.0,nan,66,21,104.0,88
44,善化,2019-11-01,118,9,6.0,nan,68,17,118.0,91
45,安南,2019-11-01,108,6,6.0,nan,66,29,108.0,86
46,臺南,2019-11-01,100,6,6.0,nan,64,19,100.0,84
47,美濃,2019-11-01,83,4,5.0,nan,52,11,80.0,83
48,橋頭,2019-11-01,93,6,7.0,nan,66,23,58.0,93
49,仁武,2019-11-01,96,10,7.0,nan,64,32,71.0,96
50,鳳山,2019-11-01,88,6,8.0,nan,61,25,nan,88
51,大寮,2019-11-01,96,17,6.0,nan,57,27,71.0,96
52,林園,2019-11-01,132,9,5.0,nan,62,13,132.0,91
53,楠梓,2019-11-01,86,7,6.0,nan,62,24,67.0,86
54,左營,2019-11-01,97,7,7.0,nan,66,24,97.0,93
56,前金,2019-11-01,90,6,7.0,nan,65,25,71.0,90
57,前鎮,2019-11-01,85,9,nan,nan,63,33,nan,85
58,小港,2019-11-01,91,9,7.0,nan,59,32,54.0,91
59,屏東,2019-11-01,100,6,6.0,nan,62,25,100.0,88
60,潮州,2019-11-01,104,9,5.0,nan,54,14,104.0,89
61,恆春,2019-11-01,45,1,1.0,nan,24,2,39.0,45
62,臺東,2019-11-01,35,1,3.0,nan,21,7,35.0,30
63,花蓮,2019-11-01,29,3,5.0,nan,20,19,27.0,29
64,陽明,2019-11-01,44,3,1.0,nan,5,1,44.0,11
65,宜蘭,2019-11-01,45,4,3.0,nan,30,9,45.0,32
66,冬山,2019-11-01,44,6,3.0,nan,31,16,44.0,44
67,三重,2019-11-01,43,6,16.0,nan,32,43,nan,43
68,中壢,2019-11-01,32,4,9.0,nan,26,29,nan,32
69,竹山,2019-11-01,126,4,3.0,nan,55,17,126.0,93
70,永和,2019-11-01,29,4,7.0,nan,29,24,nan,27
71,復興,2019-11-01,90,9,9.0,nan,64,34,nan,90
72,埔里,2019-11-01,89,6,7.0,nan,46,21,77.0,89
75,馬祖,2019-11-01,80,3,1.0,nan,28,4,80.0,35
77,金門,2019-11-01,77,9,2.0,nan,52,12,77.0,53
78,馬公,2019-11-01,51,1,2.0,nan,36,3,51.0,38
80,關山,2019-11-01,28,1,nan,nan,12,6,28.0,18
83,麥寮,2019-11-01,64,4,nan,nan,62,15,nan,64
83,麥寮,2019-11-02,56,7,nan,nan,54,13,nan,56
1,基隆,2019-11-02,37,3,6.0,nan,29,25,37.0,32
2,汐止,2019-11-02,32,9,3.0,nan,25,23,32.0,29
3,萬里,2019-11-02,43,4,2.0,nan,41,9,43.0,37
4,新店,2019-11-02,35,3,3.0,nan,21,13,35.0,28
5,土城,2019-11-02,36,3,3.0,nan,22,12,36.0,26
6,板橋,2019-11-02,33,4,5.0,nan,24,19,33.0,32
7,新莊,2019-11-02,35,3,3.0,nan,31,13,35.0,29
8,菜寮,2019-11-02,32,4,3.0,nan,25,15,32.0,31
9,林口,2019-11-02,38,6,2.0,nan,24,9,38.0,31
10,淡水,2019-11-02,39,3,2.0,nan,19,14,39.0,27
11,士林,2019-11-02,42,6,2.0,nan,24,8,42.0,25
12,中山,2019-11-02,31,3,5.0,nan,26,26,30.0,31
13,萬華,2019-11-02,34,4,3.0,nan,27,22,31.0,34
14,古亭,2019-11-02,35,4,3.0,nan,23,19,35.0,26
15,松山,2019-11-02,37,6,3.0,nan,27,20,31.0,37
16,大同,2019-11-02,41,4,7.0,nan,31,27,nan,41
17,桃園,2019-11-02,31,6,3.0,nan,23,13,31.0,30
18,大園,2019-11-02,39,13,2.0,nan,29,22,35.0,39
19,觀音,2019-11-02,40,4,2.0,nan,33,11,39.0,40
20,平鎮,2019-11-02,35,4,5.0,nan,25,17,35.0,30
21,龍潭,2019-11-02,36,4,3.0,nan,20,13,36.0,24
22,湖口,2019-11-02,45,4,2.0,nan,29,10,40.0,45
23,竹東,2019-11-02,38,6,3.0,nan,19,12,38.0,26
24,新竹,2019-11-02,39,3,3.0,nan,24,17,39.0,28
25,頭份,2019-11-02,33,6,nan,nan,22,20,nan,33
26,苗栗,2019-11-02,44,7,5.0,nan,29,20,31.0,44
27,三義,2019-11-02,46,4,3.0,nan,24,14,46.0,45
28,豐原,2019-11-02,56,7,5.0,nan,35,23,46.0,56
29,沙鹿,2019-11-02,44,4,2.0,nan,28,17,44.0,42
30,大里,2019-11-02,61,6,6.0,nan,38,26,61.0,55
31,忠明,2019-11-02,48,6,3.0,nan,34,22,48.0,48
32,西屯,2019-11-02,49,4,3.0,nan,33,19,48.0,49
33,彰化,2019-11-02,43,3,6.0,nan,32,25,42.0,43
34,線西,2019-11-02,39,11,nan,nan,38,16,nan,39
35,二林,2019-11-02,54,10,5.0,nan,46,12,43.0,54
36,南投,2019-11-02,77,4,6.0,nan,46,25,77.0,67
37,斗六,2019-11-02,108,6,5.0,nan,51,14,108.0,72
38,崙背,2019-11-02,58,4,3.0,nan,46,15,58.0,58
39,新港,2019-11-02,80,6,5.0,nan,52,13,80.0,59
40,朴子,2019-11-02,87,9,5.0,nan,50,14,87.0,52
41,臺西,2019-11-02,53,7,nan,nan,40,12,nan,53
42,嘉義,2019-11-02,74,7,5.0,nan,45,19,74.0,59
43,新營,2019-11-02,84,9,5.0,nan,47,16,84.0,59
44,善化,2019-11-02,104,10,3.0,nan,51,13,104.0,62
45,安南,2019-11-02,104,6,3.0,nan,49,14,104.0,61
46,臺南,2019-11-02,97,7,5.0,nan,48,16,97.0,61
47,美濃,2019-11-02,100,4,3.0,nan,47,10,100.0,75
48,橋頭,2019-11-02,97,4,5.0,nan,53,23,97.0,72
49,仁武,2019-11-02,104,13,5.0,nan,55,24,104.0,76
50,鳳山,2019-11-02,71,9,6.0,nan,54,25,nan,71
51,大寮,2019-11-02,85,31,7.0,nan,54,40,84.0,85
52,林園,2019-11-02,112,11,3.0,nan,57,22,112.0,78
53,楠梓,2019-11-02,100,7,5.0,nan,52,22,100.0,70
54,左營,2019-11-02,115,13,5.0,nan,54,21,115.0,70
56,前金,2019-11-02,93,7,5.0,nan,54,19,93.0,72
57,前鎮,2019-11-02,70,10,nan,nan,57,28,nan,70
58,小港,2019-11-02,80,10,5.0,nan,53,31,80.0,72
59,屏東,2019-11-02,122,6,6.0,nan,59,17,122.0,83
60,潮州,2019-11-02,112,20,6.0,nan,51,26,112.0,87
61,恆春,2019-11-02,39,1,1.0,nan,19,2,39.0,28
62,臺東,2019-11-02,35,1,2.0,nan,21,6,35.0,22
63,花蓮,2019-11-02,40,3,3.0,nan,25,20,40.0,28
64,陽明,2019-11-02,43,1,1.0,nan,5,1,43.0,6
65,宜蘭,2019-11-02,32,3,3.0,nan,23,10,32.0,23
66,冬山,2019-11-02,28,3,2.0,nan,24,15,28.0,28
67,三重,2019-11-02,42,7,16.0,nan,31,35,nan,42
68,中壢,2019-11-02,29,4,8.0,nan,23,25,nan,29
69,竹山,2019-11-02,118,4,3.0,nan,56,19,118.0,88
70,永和,2019-11-02,24,3,5.0,nan,24,16,nan,23
71,復興,2019-11-02,76,9,7.0,nan,59,29,nan,76
72,埔里,2019-11-02,118,3,6.0,nan,37,18,118.0,74
75,馬祖,2019-11-02,151,4,2.0,nan,57,5,151.0,72
77,金門,2019-11-02,61,7,3.0,nan,43,8,61.0,47
78,馬公,2019-11-02,48,3,2.0,nan,33,1,48.0,36
80,關山,2019-11-02,29,3,nan,nan,16,7,29.0,25
84,富貴角,2019-11-02,46,1,1.0,nan,45,4,46.0,39
38,崙背,2019-11-03,79,4,5.0,nan,69.0,17.0,64.0,79
1,基隆,2019-11-03,74,3,6.0,nan,54.0,29.0,64.0,74
2,汐止,2019-11-03,73,7,3.0,nan,54.0,12.0,64.0,73
3,萬里,2019-11-03,90,4,2.0,nan,78.0,11.0,90.0,85
4,新店,2019-11-03,70,6,3.0,nan,44.0,13.0,42.0,70
5,土城,2019-11-03,70,4,5.0,nan,46.0,12.0,45.0,70
6,板橋,2019-11-03,73,4,5.0,nan,51.0,19.0,44.0,73
7,新莊,2019-11-03,71,4,3.0,nan,50.0,12.0,50.0,71
8,菜寮,2019-11-03,71,6,5.0,nan,47.0,12.0,45.0,71
9,林口,2019-11-03,77,3,2.0,nan,53.0,7.0,77.0,77
10,淡水,2019-11-03,68,3,2.0,nan,48.0,6.0,64.0,68
11,士林,2019-11-03,80,4,2.0,nan,45.0,3.0,80.0,66
12,中山,2019-11-03,75,4,5.0,nan,50.0,23.0,44.0,75
13,萬華,2019-11-03,74,4,3.0,nan,52.0,22.0,41.0,74
14,古亭,2019-11-03,75,4,3.0,nan,52.0,14.0,47.0,75
15,松山,2019-11-03,81,4,2.0,nan,52.0,13.0,50.0,81
16,大同,2019-11-03,76,4,7.0,nan,53.0,32.0,nan,76
17,桃園,2019-11-03,75,6,5.0,nan,nan,11.0,44.0,75
18,大園,2019-11-03,86,10,2.0,nan,60.0,31.0,84.0,86
19,觀音,2019-11-03,87,6,2.0,nan,63.0,9.0,87.0,84
20,平鎮,2019-11-03,70,4,3.0,nan,55.0,14.0,51.0,70
21,龍潭,2019-11-03,72,6,3.0,nan,47.0,11.0,45.0,72
22,湖口,2019-11-03,81,4,2.0,nan,58.0,8.0,77.0,81
23,竹東,2019-11-03,66,3,3.0,nan,43.0,10.0,47.0,66
24,新竹,2019-11-03,78,4,2.0,nan,59.0,9.0,67.0,78
25,頭份,2019-11-03,81,6,nan,nan,58.0,16.0,nan,81
26,苗栗,2019-11-03,73,6,3.0,nan,51.0,12.0,42.0,73
27,三義,2019-11-03,67,3,2.0,nan,40.0,11.0,43.0,67
28,豐原,2019-11-03,68,3,3.0,nan,40.0,12.0,44.0,68
29,沙鹿,2019-11-03,77,4,2.0,nan,54.0,14.0,64.0,77
30,大里,2019-11-03,69,4,5.0,nan,45.0,25.0,44.0,69
31,忠明,2019-11-03,74,4,3.0,nan,44.0,22.0,47.0,74
32,西屯,2019-11-03,68,4,3.0,nan,46.0,17.0,51.0,68
33,彰化,2019-11-03,65,3,5.0,nan,47.0,20.0,46.0,65
34,線西,2019-11-03,76,7,nan,nan,60.0,16.0,nan,76
35,二林,2019-11-03,76,9,5.0,nan,65.0,19.0,50.0,76
36,南投,2019-11-03,76,4,5.0,nan,51.0,20.0,47.0,76
37,斗六,2019-11-03,84,4,3.0,nan,56.0,19.0,84.0,80
39,新港,2019-11-03,77,4,5.0,nan,65.0,16.0,67.0,77
40,朴子,2019-11-03,77,6,3.0,nan,68.0,14.0,71.0,77
41,臺西,2019-11-03,101,3,nan,nan,70.0,nan,nan,101
42,嘉義,2019-11-03,78,9,5.0,nan,57.0,18.0,71.0,78
43,新營,2019-11-03,80,6,5.0,nan,59.0,18.0,80.0,79
44,善化,2019-11-03,97,9,5.0,nan,62.0,16.0,97.0,84
45,安南,2019-11-03,84,6,3.0,nan,65.0,14.0,84.0,82
46,臺南,2019-11-03,84,6,5.0,nan,64.0,14.0,77.0,84
47,美濃,2019-11-03,83,3,3.0,nan,50.0,9.0,80.0,83
48,橋頭,2019-11-03,104,7,6.0,nan,64.0,20.0,104.0,85
49,仁武,2019-11-03,108,7,6.0,nan,67.0,20.0,108.0,98
50,鳳山,2019-11-03,94,10,6.0,nan,65.0,27.0,nan,94
51,大寮,2019-11-03,122,10,5.0,nan,59.0,16.0,122.0,99
52,林園,2019-11-03,132,14,5.0,nan,71.0,25.0,132.0,103
53,楠梓,2019-11-03,122,6,5.0,nan,59.0,16.0,122.0,88
54,左營,2019-11-03,108,7,6.0,nan,68.0,17.0,108.0,92
56,前金,2019-11-03,115,7,5.0,nan,69.0,18.0,115.0,94
57,前鎮,2019-11-03,91,7,nan,nan,68.0,23.0,nan,91
58,小港,2019-11-03,112,9,6.0,nan,64.0,23.0,112.0,96
59,屏東,2019-11-03,108,7,7.0,nan,60.0,18.0,108.0,92
60,潮州,2019-11-03,140,6,5.0,nan,57.0,20.0,140.0,103
61,恆春,2019-11-03,52,3,1.0,nan,22.0,2.0,34.0,52
62,臺東,2019-11-03,46,3,2.0,nan,28.0,3.0,31.0,46
63,花蓮,2019-11-03,58,4,2.0,nan,33.0,8.0,41.0,58
64,陽明,2019-11-03,58,1,1.0,nan,13.0,1.0,58.0,31
65,宜蘭,2019-11-03,56,4,5.0,nan,32.0,13.0,28.0,56
66,冬山,2019-11-03,58,1,3.0,nan,39.0,11.0,38.0,58
67,三重,2019-11-03,80,6,15.0,nan,54.0,41.0,nan,80
68,中壢,2019-11-03,73,4,7.0,nan,54.0,27.0,nan,73
69,竹山,2019-11-03,88,4,2.0,nan,52.0,17.0,80.0,88
70,永和,2019-11-03,69,1,5.0,nan,51.0,14.0,nan,69
71,復興,2019-11-03,95,11,8.0,nan,68.0,24.0,nan,95
72,埔里,2019-11-03,76,6,5.0,nan,40.0,14.0,74.0,76
75,馬祖,2019-11-03,154,4,3.0,nan,83.0,6.0,154.0,114
77,金門,2019-11-03,143,17,3.0,nan,77.0,19.0,143.0,97
78,馬公,2019-11-03,100,1,2.0,nan,69.0,4.0,100.0,93
80,關山,2019-11-03,37,3,nan,nan,24.0,3.0,27.0,37
83,麥寮,2019-11-03,86,4,nan,nan,75.0,8.0,nan,86
84,富貴角,2019-11-03,93,1,2.0,nan,66.0,3.0,93.0,83
83,麥寮,2019-11-04,116,6,nan,nan,116.0,9.0,nan,83
1,基隆,2019-11-04,74,3,2.0,nan,44.0,7.0,74.0,56
2,汐止,2019-11-04,58,3,2.0,nan,41.0,8.0,58.0,56
3,萬里,2019-11-04,80,1,2.0,nan,73.0,3.0,80.0,69
4,新店,2019-11-04,58,4,5.0,nan,33.0,22.0,48.0,58
5,土城,2019-11-04,55,3,3.0,nan,35.0,13.0,51.0,55
6,板橋,2019-11-04,60,4,7.0,nan,38.0,33.0,51.0,60
7,新莊,2019-11-04,56,4,5.0,nan,42.0,23.0,49.0,56
8,菜寮,2019-11-04,58,3,3.0,nan,39.0,17.0,48.0,58
9,林口,2019-11-04,67,3,2.0,nan,39.0,15.0,67.0,56
10,淡水,2019-11-04,64,3,2.0,nan,37.0,4.0,64.0,55
11,士林,2019-11-04,74,3,2.0,nan,37.0,5.0,74.0,49
12,中山,2019-11-04,53,3,5.0,nan,39.0,26.0,50.0,53
13,萬華,2019-11-04,57,3,5.0,nan,41.0,25.0,50.0,57
14,古亭,2019-11-04,57,3,5.0,nan,40.0,25.0,54.0,57
15,松山,2019-11-04,61,3,3.0,nan,41.0,13.0,61.0,61
16,大同,2019-11-04,60,4,9.0,nan,44.0,37.0,nan,60
17,桃園,2019-11-04,59,16,6.0,nan,nan,27.0,45.0,59
18,大園,2019-11-04,67,6,2.0,nan,42.0,13.0,67.0,63
19,觀音,2019-11-04,71,7,2.0,nan,44.0,7.0,71.0,57
20,平鎮,2019-11-04,56,4,6.0,nan,42.0,31.0,50.0,56
21,龍潭,2019-11-04,54,3,2.0,nan,32.0,9.0,54.0,54
22,湖口,2019-11-04,64,3,2.0,nan,38.0,8.0,64.0,56
23,竹東,2019-11-04,71,3,2.0,nan,35.0,5.0,71.0,53
24,新竹,2019-11-04,64,4,2.0,nan,43.0,11.0,64.0,57
25,頭份,2019-11-04,62,3,nan,nan,44.0,19.0,nan,62
26,苗栗,2019-11-04,66,6,3.0,nan,43.0,13.0,45.0,66
27,三義,2019-11-04,56,3,2.0,nan,33.0,6.0,50.0,56
28,豐原,2019-11-04,55,3,2.0,nan,34.0,8.0,44.0,55
29,沙鹿,2019-11-04,84,10,5.0,nan,57.0,22.0,61.0,84
30,大里,2019-11-04,54,3,3.0,nan,38.0,16.0,44.0,54
31,忠明,2019-11-04,62,3,3.0,nan,42.0,14.0,47.0,62
32,西屯,2019-11-04,57,3,2.0,nan,43.0,8.0,51.0,57
33,彰化,2019-11-04,56,4,5.0,nan,44.0,16.0,46.0,56
34,線西,2019-11-04,61,6,nan,nan,58.0,12.0,nan,61
35,二林,2019-11-04,64,4,2.0,nan,64.0,9.0,47.0,62
36,南投,2019-11-04,67,4,5.0,nan,44.0,21.0,42.0,67
37,斗六,2019-11-04,71,3,2.0,nan,51.0,13.0,71.0,67
84,富貴角,2019-11-04,71,1,1.0,nan,52.0,2.0,71.0,61
38,崙背,2019-11-04,87,6,2.0,nan,87.0,9.0,49.0,71
39,新港,2019-11-04,69,4,2.0,nan,68.0,12.0,51.0,69
40,朴子,2019-11-04,87,6,2.0,nan,87.0,13.0,50.0,71
41,臺西,2019-11-04,129,3,nan,nan,112.0,nan,nan,129
42,嘉義,2019-11-04,68,7,5.0,nan,54.0,23.0,49.0,68
43,新營,2019-11-04,76,4,3.0,nan,64.0,14.0,50.0,76
44,善化,2019-11-04,83,6,3.0,nan,68.0,9.0,54.0,83
45,安南,2019-11-04,81,4,3.0,nan,74.0,13.0,51.0,81
46,臺南,2019-11-04,83,4,5.0,nan,73.0,15.0,50.0,83
47,美濃,2019-11-04,101,6,6.0,nan,61.0,24.0,37.0,101
48,橋頭,2019-11-04,93,4,6.0,nan,68.0,33.0,35.0,93
49,仁武,2019-11-04,103,16,7.0,nan,68.0,33.0,31.0,103
50,鳳山,2019-11-04,105,10,9.0,nan,69.0,61.0,nan,105
51,大寮,2019-11-04,122,17,8.0,nan,71.0,46.0,24.0,122
52,林園,2019-11-04,121,17,7.0,nan,76.0,45.0,39.0,121
53,楠梓,2019-11-04,94,4,5.0,nan,64.0,29.0,36.0,94
54,左營,2019-11-04,100,6,8.0,nan,68.0,36.0,33.0,100
56,前金,2019-11-04,106,7,7.0,nan,70.0,29.0,36.0,106
57,前鎮,2019-11-04,105,7,nan,nan,73.0,61.0,nan,105
58,小港,2019-11-04,108,11,9.0,nan,68.0,64.0,20.0,108
59,屏東,2019-11-04,104,10,7.0,nan,71.0,27.0,41.0,104
60,潮州,2019-11-04,132,6,7.0,nan,77.0,26.0,41.0,132
61,恆春,2019-11-04,67,1,1.0,nan,32.0,2.0,49.0,67
62,臺東,2019-11-04,57,3,3.0,nan,32.0,10.0,36.0,57
63,花蓮,2019-11-04,58,3,3.0,nan,39.0,8.0,58.0,57
64,陽明,2019-11-04,54,3,1.0,nan,29.0,1.0,54.0,51
65,宜蘭,2019-11-04,53,3,3.0,nan,31.0,10.0,38.0,53
66,冬山,2019-11-04,60,3,3.0,nan,44.0,16.0,48.0,60
67,三重,2019-11-04,66,4,14.0,nan,46.0,51.0,nan,66
68,中壢,2019-11-04,60,6,17.0,nan,41.0,46.0,nan,60
69,竹山,2019-11-04,73,4,3.0,nan,46.0,15.0,64.0,73
70,永和,2019-11-04,55,3,9.0,nan,41.0,33.0,nan,55
71,復興,2019-11-04,107,16,15.0,nan,73.0,63.0,nan,107
72,埔里,2019-11-04,69,3,3.0,nan,34.0,12.0,43.0,69
75,馬祖,2019-11-04,101,4,3.0,nan,53.0,6.0,101.0,78
77,金門,2019-11-04,122,7,3.0,nan,64.0,8.0,122.0,77
78,馬公,2019-11-04,87,3,2.0,nan,49.0,2.0,87.0,66
80,關山,2019-11-04,60,3,nan,nan,34.0,8.0,38.0,60
2,汐止,2019-11-05,55,4,5.0,nan,36.0,36.0,48.0,55
84,富貴角,2019-11-05,90,1,2.0,nan,52.0,2.0,90.0,62
83,麥寮,2019-11-05,90,6,nan,nan,90.0,13.0,nan,67
80,關山,2019-11-05,43,3,nan,nan,22.0,5.0,43.0,30
78,馬公,2019-11-05,101,3,3.0,nan,46.0,2.0,101.0,68
77,金門,2019-11-05,115,9,3.0,nan,62.0,9.0,115.0,79
75,馬祖,2019-11-05,143,3,3.0,nan,50.0,6.0,143.0,80
72,埔里,2019-11-05,87,4,5.0,nan,31.0,20.0,87.0,58
71,復興,2019-11-05,94,11,10.0,nan,72.0,39.0,nan,94
70,永和,2019-11-05,52,3,7.0,nan,33.0,21.0,nan,52
69,竹山,2019-11-05,90,6,5.0,nan,36.0,21.0,90.0,60
68,中壢,2019-11-05,58,4,15.0,nan,35.0,41.0,nan,58
67,三重,2019-11-05,64,4,16.0,nan,42.0,52.0,nan,64
66,冬山,2019-11-05,47,3,3.0,nan,26.0,24.0,42.0,47
65,宜蘭,2019-11-05,44,3,3.0,nan,20.0,12.0,44.0,39
64,陽明,2019-11-05,64,3,2.0,nan,22.0,2.0,64.0,39
63,花蓮,2019-11-05,51,3,3.0,nan,22.0,11.0,51.0,34
62,臺東,2019-11-05,46,1,3.0,nan,23.0,8.0,46.0,33
61,恆春,2019-11-05,57,1,2.0,nan,25.0,2.0,54.0,57
60,潮州,2019-11-05,112,7,5.0,nan,55.0,12.0,112.0,88
59,屏東,2019-11-05,126,14,8.0,nan,60.0,22.0,126.0,90
58,小港,2019-11-05,136,17,8.0,nan,67.0,55.0,136.0,93
57,前鎮,2019-11-05,91,11,nan,nan,nan,37.0,nan,91
56,前金,2019-11-05,143,10,6.0,nan,69.0,30.0,143.0,89
54,左營,2019-11-05,140,10,6.0,nan,70.0,22.0,140.0,88
53,楠梓,2019-11-05,126,10,7.0,nan,68.0,26.0,126.0,88
52,林園,2019-11-05,151,13,5.0,nan,65.0,25.0,151.0,92
51,大寮,2019-11-05,112,13,6.0,nan,59.0,32.0,112.0,94
50,鳳山,2019-11-05,99,24,11.0,nan,68.0,52.0,nan,99
49,仁武,2019-11-05,126,10,6.0,nan,71.0,29.0,126.0,95
48,橋頭,2019-11-05,104,10,6.0,nan,68.0,25.0,104.0,85
47,美濃,2019-11-05,104,7,6.0,nan,49.0,14.0,104.0,86
46,臺南,2019-11-05,87,4,5.0,nan,58.0,17.0,87.0,69
45,安南,2019-11-05,90,4,3.0,nan,61.0,16.0,90.0,68
44,善化,2019-11-05,101,6,3.0,nan,59.0,13.0,101.0,67
43,新營,2019-11-05,90,3,5.0,nan,57.0,17.0,90.0,65
42,嘉義,2019-11-05,80,13,6.0,nan,49.0,25.0,80.0,60
41,臺西,2019-11-05,85,4,nan,nan,85.0,nan,nan,72
40,朴子,2019-11-05,84,4,3.0,nan,65.0,11.0,84.0,59
39,新港,2019-11-05,87,4,3.0,nan,59.0,15.0,87.0,60
38,崙背,2019-11-05,71,4,3.0,nan,71.0,15.0,71.0,62
37,斗六,2019-11-05,97,4,3.0,nan,39.0,19.0,97.0,52
36,南投,2019-11-05,54,3,6.0,nan,31.0,25.0,54.0,49
35,二林,2019-11-05,58,7,3.0,nan,58.0,8.0,51.0,52
34,線西,2019-11-05,53,4,nan,nan,47.0,11.0,nan,53
33,彰化,2019-11-05,49,3,5.0,nan,30.0,15.0,49.0,40
32,西屯,2019-11-05,58,3,2.0,nan,26.0,8.0,58.0,39
31,忠明,2019-11-05,49,4,3.0,nan,26.0,19.0,49.0,44
30,大里,2019-11-05,48,3,6.0,nan,24.0,22.0,48.0,35
29,沙鹿,2019-11-05,64,3,2.0,nan,30.0,8.0,64.0,50
28,豐原,2019-11-05,49,3,2.0,nan,20.0,8.0,49.0,35
27,三義,2019-11-05,51,3,2.0,nan,22.0,7.0,51.0,41
26,苗栗,2019-11-05,51,4,3.0,nan,31.0,8.0,46.0,51
25,頭份,2019-11-05,52,1,nan,nan,34.0,8.0,nan,52
24,新竹,2019-11-05,55,4,5.0,nan,34.0,15.0,49.0,55
23,竹東,2019-11-05,61,1,2.0,nan,24.0,6.0,61.0,41
22,湖口,2019-11-05,61,4,3.0,nan,34.0,13.0,48.0,61
21,龍潭,2019-11-05,61,3,3.0,nan,26.0,8.0,61.0,48
20,平鎮,2019-11-05,55,6,7.0,nan,36.0,26.0,42.0,55
19,觀音,2019-11-05,67,7,3.0,nan,44.0,13.0,67.0,63
18,大園,2019-11-05,64,6,3.0,nan,41.0,22.0,51.0,64
17,桃園,2019-11-05,62,14,7.0,nan,35.0,25.0,39.0,62
16,大同,2019-11-05,61,3,12.0,nan,42.0,49.0,nan,61
15,松山,2019-11-05,60,6,5.0,nan,37.0,31.0,47.0,60
14,古亭,2019-11-05,56,3,5.0,nan,33.0,23.0,46.0,56
13,萬華,2019-11-05,59,3,5.0,nan,36.0,36.0,46.0,59
12,中山,2019-11-05,54,4,7.0,nan,34.0,37.0,44.0,54
11,士林,2019-11-05,80,3,3.0,nan,31.0,6.0,80.0,44
10,淡水,2019-11-05,74,3,3.0,nan,32.0,4.0,74.0,56
9,林口,2019-11-05,61,3,3.0,nan,35.0,21.0,61.0,58
8,菜寮,2019-11-05,56,3,5.0,nan,33.0,18.0,48.0,56
7,新莊,2019-11-05,56,3,6.0,nan,35.0,28.0,47.0,56
6,板橋,2019-11-05,58,4,6.0,nan,33.0,33.0,41.0,58
5,土城,2019-11-05,49,3,5.0,nan,30.0,20.0,46.0,49
4,新店,2019-11-05,49,3,5.0,nan,28.0,23.0,48.0,49
3,萬里,2019-11-05,97,4,2.0,nan,71.0,8.0,97.0,70
1,基隆,2019-11-05,80,3,2.0,nan,41.0,6.0,80.0,54
38,崙背,2019-11-06,84,6,3.0,nan,50,14.0,84.0,63
1,基隆,2019-11-06,74,3,5.0,nan,31,19.0,74.0,39
2,汐止,2019-11-06,47,16,5.0,nan,31,30.0,47.0,45
3,萬里,2019-11-06,87,6,2.0,nan,53,7.0,87.0,49
4,新店,2019-11-06,51,1,3.0,nan,25,12.0,51.0,39
5,土城,2019-11-06,50,3,5.0,nan,27,17.0,50.0,36
6,板橋,2019-11-06,46,3,6.0,nan,28,26.0,45.0,46
7,新莊,2019-11-06,48,4,6.0,nan,35,25.0,48.0,45
8,菜寮,2019-11-06,47,3,5.0,nan,27,20.0,47.0,43
9,林口,2019-11-06,61,4,3.0,nan,29,16.0,61.0,46
10,淡水,2019-11-06,67,3,2.0,nan,23,7.0,67.0,40
11,士林,2019-11-06,74,3,2.0,nan,25,8.0,74.0,32
12,中山,2019-11-06,44,4,7.0,nan,27,38.0,44.0,43
13,萬華,2019-11-06,49,6,6.0,nan,31,35.0,44.0,49
14,古亭,2019-11-06,54,3,3.0,nan,27,15.0,54.0,40
15,松山,2019-11-06,54,4,6.0,nan,32,32.0,47.0,54
16,大同,2019-11-06,50,4,10.0,nan,33,42.0,nan,50
17,桃園,2019-11-06,49,7,6.0,nan,30,21.0,44.0,49
18,大園,2019-11-06,52,7,3.0,nan,34,22.0,46.0,52
19,觀音,2019-11-06,61,11,3.0,nan,35,11.0,61.0,49
20,平鎮,2019-11-06,49,4,6.0,nan,30,20.0,49.0,42
21,龍潭,2019-11-06,61,4,3.0,nan,27,10.0,61.0,42
22,湖口,2019-11-06,58,4,3.0,nan,29,12.0,58.0,51
23,竹東,2019-11-06,54,3,3.0,nan,26,10.0,54.0,40
24,新竹,2019-11-06,54,4,3.0,nan,31,17.0,54.0,47
25,頭份,2019-11-06,46,3,nan,nan,29,18.0,nan,46
26,苗栗,2019-11-06,54,7,5.0,nan,31,24.0,46.0,54
27,三義,2019-11-06,64,3,3.0,nan,25,16.0,64.0,46
28,豐原,2019-11-06,58,7,5.0,nan,31,22.0,58.0,53
29,沙鹿,2019-11-06,80,6,3.0,nan,34,17.0,80.0,54
30,大里,2019-11-06,80,6,7.0,nan,41,29.0,80.0,63
31,忠明,2019-11-06,71,6,5.0,nan,33,23.0,71.0,59
32,西屯,2019-11-06,77,9,3.0,nan,34,20.0,77.0,54
33,彰化,2019-11-06,61,3,6.0,nan,36,25.0,61.0,49
34,線西,2019-11-06,53,7,nan,nan,44,18.0,nan,53
35,二林,2019-11-06,61,9,3.0,nan,55,13.0,61.0,60
36,南投,2019-11-06,84,7,7.0,nan,44,32.0,84.0,71
37,斗六,2019-11-06,108,4,5.0,nan,54,21.0,108.0,75
39,新港,2019-11-06,97,4,3.0,nan,57,13.0,97.0,72
40,朴子,2019-11-06,97,4,3.0,nan,50,13.0,97.0,64
41,臺西,2019-11-06,58,7,nan,nan,41,nan,nan,58
42,嘉義,2019-11-06,84,27,6.0,nan,57,31.0,84.0,77
43,新營,2019-11-06,97,6,5.0,nan,54,25.0,97.0,75
44,善化,2019-11-06,112,19,5.0,nan,57,16.0,112.0,73
45,安南,2019-11-06,122,10,5.0,nan,55,25.0,122.0,76
46,臺南,2019-11-06,118,7,7.0,nan,56,30.0,118.0,79
47,美濃,2019-11-06,84,3,3.0,nan,48,11.0,84.0,70
48,橋頭,2019-11-06,97,6,6.0,nan,62,25.0,97.0,85
49,仁武,2019-11-06,108,21,6.0,nan,64,42.0,108.0,92
50,鳳山,2019-11-06,83,9,7.0,nan,61,32.0,nan,83
51,大寮,2019-11-06,96,14,6.0,nan,60,29.0,71.0,96
52,林園,2019-11-06,154,14,5.0,126.0,67,25.0,154.0,93
53,楠梓,2019-11-06,104,7,6.0,nan,60,21.0,104.0,84
54,左營,2019-11-06,146,7,6.0,nan,62,22.0,146.0,87
56,前金,2019-11-06,126,6,7.0,nan,64,24.0,126.0,91
57,前鎮,2019-11-06,87,7,nan,nan,70,33.0,nan,87
58,小港,2019-11-06,91,7,7.0,nan,64,46.0,90.0,91
59,屏東,2019-11-06,104,6,6.0,nan,56,17.0,104.0,78
60,潮州,2019-11-06,101,6,5.0,nan,51,14.0,101.0,78
61,恆春,2019-11-06,61,1,2.0,nan,21,2.0,61.0,39
62,臺東,2019-11-06,44,3,3.0,nan,22,7.0,44.0,36
63,花蓮,2019-11-06,47,3,3.0,nan,23,16.0,47.0,38
64,陽明,2019-11-06,54,1,2.0,nan,19,2.0,54.0,33
65,宜蘭,2019-11-06,45,4,3.0,nan,30,17.0,45.0,44
66,冬山,2019-11-06,47,3,3.0,nan,32,15.0,46.0,47
67,三重,2019-11-06,54,6,16.0,nan,33,54.0,nan,53
68,中壢,2019-11-06,46,4,10.0,nan,30,37.0,nan,46
69,竹山,2019-11-06,122,4,6.0,nan,50,20.0,122.0,78
70,永和,2019-11-06,37,3,6.0,nan,29,19.0,nan,37
71,復興,2019-11-06,95,9,10.0,nan,71,37.0,nan,95
72,埔里,2019-11-06,115,6,6.0,nan,34,22.0,115.0,66
75,馬祖,2019-11-06,104,4,2.0,nan,30,7.0,104.0,49
77,金門,2019-11-06,104,6,3.0,nan,46,10.0,104.0,62
78,馬公,2019-11-06,100,3,2.0,nan,38,3.0,100.0,55
80,關山,2019-11-06,43,1,nan,nan,18,6.0,43.0,28
83,麥寮,2019-11-06,61,9,nan,nan,49,17.0,nan,61
84,富貴角,2019-11-06,77,1,2.0,nan,44,3.0,77.0,44
2,汐止,2019-11-07,50,16,3.0,nan,25,31.0,50.0,36.0
84,富貴角,2019-11-07,67,1,1.0,nan,37,6.0,67.0,35.0
83,麥寮,2019-11-07,50,7,nan,nan,44,17.0,nan,50.0
80,關山,2019-11-07,35,3,nan,nan,19,13.0,35.0,33.0
78,馬公,2019-11-07,67,3,2.0,nan,31,3.0,67.0,38.0
77,金門,2019-11-07,71,10,3.0,nan,47,21.0,71.0,nan
75,馬祖,2019-11-07,74,4,2.0,nan,30,6.0,74.0,52.0
72,埔里,2019-11-07,104,6,6.0,nan,34,22.0,104.0,68.0
71,復興,2019-11-07,89,9,10.0,nan,69,29.0,nan,89.0
70,永和,2019-11-07,32,3,7.0,nan,24,25.0,nan,32.0
69,竹山,2019-11-07,112,7,5.0,nan,44,19.0,112.0,72.0
68,中壢,2019-11-07,35,6,10.0,nan,24,35.0,nan,34.0
67,三重,2019-11-07,47,6,15.0,nan,29,47.0,nan,46.0
66,冬山,2019-11-07,51,4,2.0,nan,31,15.0,51.0,33.0
65,宜蘭,2019-11-07,49,4,2.0,nan,25,8.0,49.0,28.0
64,陽明,2019-11-07,51,1,1.0,nan,14,1.0,51.0,25.0
63,花蓮,2019-11-07,48,3,3.0,nan,19,10.0,48.0,30.0
62,臺東,2019-11-07,42,3,3.0,nan,19,11.0,42.0,26.0
61,恆春,2019-11-07,48,1,1.0,nan,20,2.0,48.0,32.0
60,潮州,2019-11-07,151,6,6.0,nan,63,16.0,151.0,106.0
59,屏東,2019-11-07,101,10,8.0,nan,66,24.0,101.0,94.0
58,小港,2019-11-07,93,7,7.0,nan,65,39.0,93.0,89.0
57,前鎮,2019-11-07,84,10,nan,nan,66,27.0,nan,84.0
56,前金,2019-11-07,104,6,7.0,nan,66,25.0,104.0,90.0
54,左營,2019-11-07,115,7,6.0,nan,64,24.0,115.0,84.0
53,楠梓,2019-11-07,108,4,6.0,nan,64,22.0,108.0,85.0
52,林園,2019-11-07,164,11,5.0,nan,71,26.0,164.0,95.0
51,大寮,2019-11-07,108,7,6.0,nan,66,34.0,108.0,100.0
50,鳳山,2019-11-07,87,9,7.0,nan,65,34.0,nan,87.0
49,仁武,2019-11-07,104,13,6.0,nan,67,27.0,104.0,92.0
48,橋頭,2019-11-07,97,7,6.0,nan,64,25.0,97.0,85.0
47,美濃,2019-11-07,104,6,6.0,nan,54,18.0,104.0,90.0
46,臺南,2019-11-07,77,4,5.0,nan,54,24.0,77.0,68.0
45,安南,2019-11-07,67,6,5.0,nan,55,21.0,58.0,67.0
44,善化,2019-11-07,100,9,5.0,nan,56,25.0,100.0,71.0
43,新營,2019-11-07,80,4,3.0,nan,51,24.0,80.0,65.0
42,嘉義,2019-11-07,80,13,6.0,nan,52,29.0,80.0,71.0
41,臺西,2019-11-07,52,7,nan,nan,44,nan,nan,52.0
1,基隆,2019-11-07,64,6,7.0,nan,26,26.0,64.0,35.0
40,朴子,2019-11-07,67,6,3.0,nan,53,11.0,67.0,52.0
39,新港,2019-11-07,77,6,3.0,nan,51,13.0,77.0,56.0
38,崙背,2019-11-07,58,6,3.0,nan,53,11.0,58.0,52.0
37,斗六,2019-11-07,108,4,5.0,nan,47,37.0,108.0,64.0
36,南投,2019-11-07,71,3,6.0,nan,36,21.0,71.0,59.0
35,二林,2019-11-07,49,9,3.0,nan,49,11.0,47.0,47.0
34,線西,2019-11-07,45,13,nan,nan,42,21.0,nan,45.0
33,彰化,2019-11-07,46,3,5.0,nan,30,20.0,46.0,39.0
32,西屯,2019-11-07,54,20,3.0,nan,27,15.0,54.0,42.0
31,忠明,2019-11-07,50,4,3.0,nan,27,21.0,50.0,43.0
30,大里,2019-11-07,59,6,8.0,nan,35,29.0,47.0,59.0
29,沙鹿,2019-11-07,54,6,3.0,nan,29,16.0,54.0,43.0
28,豐原,2019-11-07,46,3,2.0,nan,22,10.0,46.0,41.0
27,三義,2019-11-07,47,3,2.0,nan,19,7.0,47.0,35.0
26,苗栗,2019-11-07,41,7,3.0,nan,24,15.0,41.0,41.0
25,頭份,2019-11-07,42,3,nan,nan,25,19.0,nan,42.0
24,新竹,2019-11-07,50,4,3.0,nan,26,18.0,50.0,37.0
23,竹東,2019-11-07,51,6,2.0,nan,20,10.0,51.0,33.0
22,湖口,2019-11-07,54,4,2.0,nan,24,15.0,54.0,42.0
21,龍潭,2019-11-07,48,4,2.0,nan,21,14.0,48.0,32.0
20,平鎮,2019-11-07,44,6,6.0,nan,25,21.0,44.0,36.0
19,觀音,2019-11-07,51,10,2.0,nan,33,17.0,51.0,44.0
18,大園,2019-11-07,49,9,2.0,nan,30,28.0,49.0,48.0
17,桃園,2019-11-07,40,13,5.0,nan,22,17.0,40.0,37.0
16,大同,2019-11-07,42,6,9.0,nan,29,41.0,nan,42.0
15,松山,2019-11-07,43,6,3.0,nan,27,29.0,43.0,41.0
14,古亭,2019-11-07,44,4,3.0,nan,23,20.0,44.0,33.0
13,萬華,2019-11-07,38,4,5.0,nan,25,25.0,38.0,37.0
12,中山,2019-11-07,37,4,6.0,nan,23,31.0,37.0,34.0
11,士林,2019-11-07,54,4,2.0,nan,20,13.0,54.0,23.0
10,淡水,2019-11-07,49,4,3.0,nan,19,21.0,49.0,32.0
9,林口,2019-11-07,50,4,3.0,nan,23,27.0,50.0,39.0
8,菜寮,2019-11-07,42,6,5.0,nan,22,25.0,42.0,35.0
7,新莊,2019-11-07,48,4,3.0,nan,31,19.0,48.0,40.0
6,板橋,2019-11-07,44,4,5.0,nan,24,27.0,44.0,36.0
5,土城,2019-11-07,47,3,3.0,nan,22,20.0,47.0,25.0
4,新店,2019-11-07,44,3,3.0,nan,21,25.0,44.0,32.0
3,萬里,2019-11-07,74,4,2.0,nan,40,14.0,74.0,41.0
13,萬華,2019-11-08,46,3,5.0,nan,26.0,30,40.0,46.0
84,富貴角,2019-11-08,67,1,2.0,nan,44.0,2,67.0,50.0
83,麥寮,2019-11-08,62,6,nan,nan,62.0,11,nan,53.0
80,關山,2019-11-08,40,3,nan,nan,25.0,6,40.0,32.0
78,馬公,2019-11-08,80,3,3.0,nan,33.0,2,80.0,51.0
77,金門,2019-11-08,100,9,3.0,nan,43.0,13,100.0,nan
75,馬祖,2019-11-08,100,4,3.0,nan,35.0,6,100.0,62.0
72,埔里,2019-11-08,61,6,5.0,nan,26.0,25,61.0,52.0
71,復興,2019-11-08,81,9,9.0,nan,70.0,34,nan,81.0
70,永和,2019-11-08,37,3,8.0,nan,28.0,25,nan,37.0
69,竹山,2019-11-08,84,6,5.0,nan,35.0,26,84.0,58.0
68,中壢,2019-11-08,45,6,11.0,nan,27.0,37,nan,45.0
67,三重,2019-11-08,52,4,18.0,nan,31.0,46,nan,52.0
66,冬山,2019-11-08,44,3,3.0,nan,28.0,19,44.0,40.0
65,宜蘭,2019-11-08,42,3,3.0,nan,21.0,10,42.0,33.0
64,陽明,2019-11-08,49,1,2.0,nan,15.0,1,49.0,27.0
63,花蓮,2019-11-08,48,3,5.0,nan,24.0,18,48.0,32.0
62,臺東,2019-11-08,45,1,3.0,nan,25.0,8,45.0,31.0
61,恆春,2019-11-08,54,1,2.0,nan,19.0,2,54.0,38.0
60,潮州,2019-11-08,164,9,5.0,nan,59.0,17,164.0,90.0
59,屏東,2019-11-08,140,10,7.0,nan,68.0,23,140.0,89.0
58,小港,2019-11-08,84,11,7.0,nan,69.0,38,80.0,84.0
57,前鎮,2019-11-08,78,9,nan,nan,69.0,30,nan,78.0
56,前金,2019-11-08,122,7,6.0,nan,66.0,19,122.0,78.0
54,左營,2019-11-08,115,6,6.0,nan,nan,20,115.0,78.0
53,楠梓,2019-11-08,115,4,5.0,nan,63.0,19,115.0,81.0
52,林園,2019-11-08,164,11,5.0,nan,72.0,34,164.0,88.0
51,大寮,2019-11-08,143,7,6.0,nan,64.0,29,143.0,89.0
50,鳳山,2019-11-08,75,7,7.0,nan,66.0,29,nan,75.0
49,仁武,2019-11-08,112,17,6.0,nan,68.0,37,112.0,85.0
48,橋頭,2019-11-08,104,4,5.0,nan,62.0,21,104.0,75.0
47,美濃,2019-11-08,108,7,5.0,nan,54.0,14,108.0,79.0
46,臺南,2019-11-08,84,3,6.0,nan,59.0,14,84.0,66.0
45,安南,2019-11-08,87,4,5.0,nan,62.0,15,87.0,64.0
44,善化,2019-11-08,101,6,5.0,nan,62.0,14,101.0,67.0
43,新營,2019-11-08,80,4,5.0,nan,57.0,19,80.0,65.0
42,嘉義,2019-11-08,74,10,6.0,nan,49.0,23,74.0,61.0
41,臺西,2019-11-08,80,4,nan,nan,80.0,5,nan,62.0
40,朴子,2019-11-08,74,6,3.0,nan,68.0,11,74.0,52.0
39,新港,2019-11-08,74,4,5.0,nan,65.0,10,74.0,57.0
38,崙背,2019-11-08,80,4,3.0,nan,80.0,10,67.0,58.0
37,斗六,2019-11-08,84,3,5.0,nan,44.0,23,84.0,56.0
36,南投,2019-11-08,48,3,6.0,nan,32.0,29,48.0,48.0
35,二林,2019-11-08,53,7,3.0,nan,53.0,8,51.0,52.0
34,線西,2019-11-08,48,7,nan,nan,46.0,10,nan,48.0
33,彰化,2019-11-08,47,1,5.0,nan,31.0,17,47.0,43.0
32,西屯,2019-11-08,54,24,3.0,nan,26.0,11,54.0,38.0
31,忠明,2019-11-08,48,4,3.0,nan,26.0,18,48.0,42.0
30,大里,2019-11-08,46,3,5.0,nan,23.0,20,46.0,36.0
29,沙鹿,2019-11-08,66,7,6.0,nan,39.0,20,64.0,66.0
28,豐原,2019-11-08,46,1,3.0,nan,24.0,11,46.0,37.0
27,三義,2019-11-08,49,3,3.0,nan,21.0,8,49.0,37.0
26,苗栗,2019-11-08,46,4,5.0,nan,29.0,14,45.0,46.0
25,頭份,2019-11-08,45,3,nan,nan,27.0,12,nan,45.0
24,新竹,2019-11-08,50,4,5.0,nan,27.0,14,50.0,44.0
23,竹東,2019-11-08,51,3,2.0,nan,22.0,7,51.0,35.0
22,湖口,2019-11-08,54,4,3.0,nan,28.0,12,54.0,43.0
21,龍潭,2019-11-08,49,3,3.0,nan,23.0,12,49.0,40.0
20,平鎮,2019-11-08,44,4,6.0,nan,28.0,24,44.0,43.0
19,觀音,2019-11-08,51,9,3.0,nan,31.0,15,51.0,49.0
18,大園,2019-11-08,47,10,3.0,nan,29.0,30,46.0,47.0
17,桃園,2019-11-08,43,16,6.0,nan,26.0,20,40.0,43.0
16,大同,2019-11-08,49,4,9.0,nan,32.0,44,nan,49.0
15,松山,2019-11-08,48,3,5.0,nan,29.0,26,44.0,48.0
14,古亭,2019-11-08,44,4,5.0,nan,27.0,21,44.0,42.0
12,中山,2019-11-08,43,3,7.0,nan,26.0,30,38.0,43.0
11,士林,2019-11-08,51,3,3.0,nan,22.0,9,51.0,30.0
10,淡水,2019-11-08,48,3,3.0,nan,24.0,8,48.0,39.0
9,林口,2019-11-08,45,4,3.0,nan,25.0,27,45.0,44.0
8,菜寮,2019-11-08,43,1,5.0,nan,23.0,17,43.0,43.0
7,新莊,2019-11-08,46,3,5.0,nan,27.0,20,46.0,46.0
6,板橋,2019-11-08,44,3,5.0,nan,26.0,27,44.0,42.0
5,土城,2019-11-08,47,3,5.0,nan,24.0,22,47.0,29.0
4,新店,2019-11-08,44,3,5.0,nan,25.0,16,44.0,38.0
3,萬里,2019-11-08,65,7,2.0,nan,65.0,4,58.0,51.0
2,汐止,2019-11-08,49,6,3.0,nan,25.0,26,49.0,44.0
1,基隆,2019-11-08,61,1,3.0,nan,31.0,6,61.0,41.0
14,古亭,2019-11-09,42,3,2.0,nan,22.0,18,42.0,26.0
84,富貴角,2019-11-09,49,1,1.0,nan,35.0,2,49.0,26.0
83,麥寮,2019-11-09,46,9,nan,nan,46.0,16,nan,45.0
80,關山,2019-11-09,39,3,nan,nan,20.0,7,39.0,28.0
78,馬公,2019-11-09,54,3,2.0,nan,30.0,2,54.0,35.0
77,金門,2019-11-09,97,4,3.0,nan,52.0,9,97.0,68.0
75,馬祖,2019-11-09,100,3,3.0,nan,37.0,7,100.0,63.0
72,埔里,2019-11-09,67,6,6.0,nan,24.0,32,67.0,51.0
71,復興,2019-11-09,88,11,9.0,nan,69.0,33,nan,88.0
70,永和,2019-11-09,23,4,5.0,nan,22.0,18,nan,23.0
69,竹山,2019-11-09,84,6,5.0,nan,34.0,21,84.0,58.0
68,中壢,2019-11-09,33,6,8.0,nan,24.0,33,nan,29.0
67,三重,2019-11-09,45,4,17.0,nan,28.0,45,nan,38.0
66,冬山,2019-11-09,42,3,2.0,nan,25.0,12,42.0,28.0
65,宜蘭,2019-11-09,44,3,3.0,nan,21.0,12,44.0,29.0
64,陽明,2019-11-09,44,3,1.0,nan,14.0,1,44.0,16.0
63,花蓮,2019-11-09,45,3,3.0,nan,23.0,8,45.0,30.0
62,臺東,2019-11-09,44,3,3.0,nan,22.0,9,44.0,28.0
61,恆春,2019-11-09,50,1,2.0,nan,19.0,2,50.0,32.0
60,潮州,2019-11-09,118,7,3.0,nan,50.0,13,118.0,72.0
59,屏東,2019-11-09,122,4,6.0,nan,64.0,23,122.0,82.0
58,小港,2019-11-09,108,10,7.0,nan,62.0,31,108.0,83.0
57,前鎮,2019-11-09,83,7,nan,nan,74.0,36,nan,83.0
56,前金,2019-11-09,112,6,6.0,nan,62.0,21,112.0,85.0
54,左營,2019-11-09,129,6,7.0,nan,65.0,20,129.0,90.0
53,楠梓,2019-11-09,104,4,6.0,nan,64.0,19,104.0,90.0
52,林園,2019-11-09,90,10,6.0,nan,nan,24,90.0,nan
51,大寮,2019-11-09,112,21,6.0,nan,61.0,26,112.0,90.0
50,鳳山,2019-11-09,82,10,6.0,nan,62.0,36,nan,82.0
49,仁武,2019-11-09,122,9,7.0,nan,64.0,36,122.0,91.0
48,橋頭,2019-11-09,108,4,7.0,nan,64.0,21,108.0,89.0
47,美濃,2019-11-09,100,3,5.0,nan,55.0,10,100.0,79.0
46,臺南,2019-11-09,80,4,5.0,nan,57.0,21,80.0,76.0
45,安南,2019-11-09,87,4,3.0,nan,54.0,19,87.0,70.0
44,善化,2019-11-09,90,10,5.0,nan,57.0,19,90.0,77.0
43,新營,2019-11-09,77,4,3.0,nan,51.0,18,77.0,67.0
42,嘉義,2019-11-09,71,20,5.0,nan,49.0,26,71.0,68.0
41,臺西,2019-11-09,89,4,nan,nan,89.0,8,nan,55.0
40,朴子,2019-11-09,64,6,3.0,nan,51.0,12,64.0,51.0
39,新港,2019-11-09,64,4,2.0,nan,52.0,11,64.0,55.0
38,崙背,2019-11-09,52,6,2.0,nan,52.0,12,51.0,45.0
37,斗六,2019-11-09,80,9,5.0,nan,44.0,24,80.0,68.0
36,南投,2019-11-09,50,3,5.0,nan,31.0,20,50.0,45.0
35,二林,2019-11-09,47,7,3.0,nan,42.0,9,47.0,40.0
34,線西,2019-11-09,38,6,nan,nan,37.0,9,nan,38.0
33,彰化,2019-11-09,45,4,5.0,nan,30.0,16,45.0,40.0
32,西屯,2019-11-09,50,21,2.0,nan,25.0,12,50.0,35.0
31,忠明,2019-11-09,46,6,3.0,nan,24.0,18,46.0,37.0
13,萬華,2019-11-09,41,3,3.0,nan,24.0,31,41.0,28.0
30,大里,2019-11-09,46,4,5.0,nan,25.0,27,46.0,36.0
15,松山,2019-11-09,43,4,3.0,nan,24.0,27,43.0,32.0
29,沙鹿,2019-11-09,50,4,2.0,nan,31.0,11,50.0,45.0
28,豐原,2019-11-09,45,3,2.0,nan,20.0,8,45.0,32.0
12,中山,2019-11-09,38,3,6.0,nan,22.0,35,38.0,25.0
27,三義,2019-11-09,47,3,2.0,nan,21.0,6,47.0,35.0
16,大同,2019-11-09,35,3,6.0,nan,28.0,32,nan,35.0
1,基隆,2019-11-09,49,3,3.0,nan,25.0,23,49.0,26.0
26,苗栗,2019-11-09,43,3,3.0,nan,22.0,14,43.0,34.0
11,士林,2019-11-09,47,3,2.0,nan,19.0,7,47.0,17.0
2,汐止,2019-11-09,44,11,3.0,nan,23.0,28,44.0,25.0
25,頭份,2019-11-09,29,3,nan,nan,22.0,10,nan,29.0
17,桃園,2019-11-09,39,9,3.0,nan,22.0,15,39.0,30.0
3,萬里,2019-11-09,57,4,1.0,nan,57.0,5,50.0,37.0
10,淡水,2019-11-09,44,1,3.0,nan,20.0,15,44.0,25.0
24,新竹,2019-11-09,44,3,2.0,nan,25.0,12,44.0,29.0
18,大園,2019-11-09,44,9,2.0,nan,27.0,25,44.0,40.0
4,新店,2019-11-09,42,3,2.0,nan,21.0,14,42.0,27.0
23,竹東,2019-11-09,47,1,2.0,nan,20.0,7,47.0,25.0
9,林口,2019-11-09,44,3,2.0,nan,23.0,12,44.0,29.0
5,土城,2019-11-09,44,3,3.0,nan,20.0,14,44.0,19.0
22,湖口,2019-11-09,45,3,2.0,nan,23.0,8,45.0,30.0
19,觀音,2019-11-09,45,9,2.0,nan,31.0,15,45.0,33.0
6,板橋,2019-11-09,43,1,3.0,nan,21.0,24,43.0,29.0
21,龍潭,2019-11-09,46,3,2.0,nan,20.0,8,46.0,24.0
8,菜寮,2019-11-09,41,3,3.0,nan,20.0,19,41.0,22.0
7,新莊,2019-11-09,43,3,3.0,nan,39.0,18,43.0,33.0
20,平鎮,2019-11-09,42,6,3.0,nan,24.0,16,42.0,26.0
84,富貴角,2019-11-10,47,1,1.0,nan,36,3,47.0,22
1,基隆,2019-11-10,45,4,7.0,nan,20,27,45.0,26
2,汐止,2019-11-10,44,14,5.0,nan,19,25,44.0,28
3,萬里,2019-11-10,47,6,2.0,nan,25,8,47.0,29
4,新店,2019-11-10,40,4,3.0,nan,17,24,40.0,22
5,土城,2019-11-10,44,3,5.0,nan,19,25,44.0,17
6,板橋,2019-11-10,40,4,6.0,nan,19,37,40.0,31
7,新莊,2019-11-10,43,4,6.0,nan,28,39,43.0,37
8,菜寮,2019-11-10,41,6,6.0,nan,19,39,41.0,28
9,林口,2019-11-10,44,3,3.0,nan,21,22,44.0,28
10,淡水,2019-11-10,44,3,5.0,nan,18,19,44.0,30
11,士林,2019-11-10,45,6,3.0,nan,19,25,45.0,18
12,中山,2019-11-10,42,4,7.0,nan,19,42,35.0,26
13,萬華,2019-11-10,37,4,5.0,nan,21,36,37.0,30
14,古亭,2019-11-10,42,4,5.0,nan,19,30,42.0,24
15,松山,2019-11-10,43,6,5.0,nan,23,33,43.0,33
16,大同,2019-11-10,49,4,9.0,nan,25,49,nan,36
17,桃園,2019-11-10,41,16,6.0,nan,22,14,41.0,31
18,大園,2019-11-10,45,11,3.0,nan,20,39,45.0,34
19,觀音,2019-11-10,47,13,2.0,nan,24,21,47.0,34
20,平鎮,2019-11-10,44,9,6.0,nan,22,33,44.0,30
21,龍潭,2019-11-10,47,6,5.0,nan,20,21,47.0,29
22,湖口,2019-11-10,49,4,3.0,nan,24,26,49.0,37
23,竹東,2019-11-10,49,3,3.0,nan,22,14,49.0,37
24,新竹,2019-11-10,49,6,3.0,nan,24,25,49.0,38
25,頭份,2019-11-10,41,9,nan,nan,24,35,nan,41
26,苗栗,2019-11-10,48,6,5.0,nan,23,25,43.0,48
27,三義,2019-11-10,54,3,3.0,nan,22,17,54.0,42
28,豐原,2019-11-10,84,7,3.0,nan,33,16,84.0,55
29,沙鹿,2019-11-10,74,4,3.0,nan,30,28,74.0,47
30,大里,2019-11-10,104,6,6.0,nan,38,24,104.0,63
31,忠明,2019-11-10,90,6,5.0,nan,33,32,90.0,61
32,西屯,2019-11-10,90,41,3.0,nan,31,30,90.0,53
33,彰化,2019-11-10,74,11,6.0,nan,38,26,74.0,61
34,線西,2019-11-10,44,14,nan,nan,35,17,nan,44
35,二林,2019-11-10,72,10,3.0,nan,47,12,64.0,72
36,南投,2019-11-10,90,4,5.0,nan,37,23,90.0,62
37,斗六,2019-11-10,132,6,5.0,nan,51,18,132.0,82
38,崙背,2019-11-10,87,7,3.0,nan,47,15,87.0,67
39,新港,2019-11-10,112,4,5.0,nan,53,19,112.0,74
40,朴子,2019-11-10,108,6,3.0,nan,48,15,108.0,64
41,臺西,2019-11-10,55,7,nan,nan,35,9,nan,55
42,嘉義,2019-11-10,129,6,5.0,nan,54,23,129.0,82
43,新營,2019-11-10,126,6,5.0,nan,50,17,126.0,75
44,善化,2019-11-10,129,9,5.0,nan,50,24,129.0,74
45,安南,2019-11-10,129,6,5.0,nan,48,26,129.0,72
46,臺南,2019-11-10,122,6,6.0,nan,46,25,122.0,73
47,美濃,2019-11-10,122,3,3.0,nan,40,11,122.0,70
48,橋頭,2019-11-10,108,6,6.0,nan,53,25,108.0,78
49,仁武,2019-11-10,104,9,8.0,nan,54,35,104.0,77
50,鳳山,2019-11-10,69,9,7.0,nan,53,29,nan,69
51,大寮,2019-11-10,97,24,6.0,nan,50,25,97.0,78
52,林園,2019-11-10,112,11,3.0,nan,49,15,112.0,63
53,楠梓,2019-11-10,104,6,5.0,nan,50,36,104.0,71
54,左營,2019-11-10,115,6,7.0,nan,52,26,115.0,74
56,前金,2019-11-10,104,6,6.0,nan,50,21,104.0,69
57,前鎮,2019-11-10,63,6,nan,nan,53,42,nan,63
58,小港,2019-11-10,71,9,5.0,nan,49,30,71.0,67
59,屏東,2019-11-10,126,16,5.0,nan,52,17,126.0,69
60,潮州,2019-11-10,126,11,5.0,nan,47,12,126.0,78
61,恆春,2019-11-10,47,1,1.0,nan,17,2,47.0,23
62,臺東,2019-11-10,42,4,3.0,nan,19,10,42.0,24
63,花蓮,2019-11-10,47,3,3.0,nan,18,11,47.0,25
64,陽明,2019-11-10,43,4,1.0,nan,15,2,43.0,21
65,宜蘭,2019-11-10,46,4,3.0,nan,19,7,46.0,23
66,冬山,2019-11-10,44,4,2.0,nan,22,10,44.0,24
67,三重,2019-11-10,43,4,16.0,nan,24,43,nan,39
68,中壢,2019-11-10,38,7,12.0,nan,21,38,nan,31
69,竹山,2019-11-10,126,7,5.0,nan,44,16,126.0,77
70,永和,2019-11-10,30,4,6.0,nan,19,30,nan,25
71,復興,2019-11-10,67,7,7.0,nan,51,31,nan,67
72,埔里,2019-11-10,104,6,5.0,nan,32,21,104.0,66
75,馬祖,2019-11-10,104,4,3.0,nan,29,11,104.0,53
77,金門,2019-11-10,80,7,3.0,nan,38,18,80.0,50
78,馬公,2019-11-10,54,3,2.0,nan,24,4,54.0,23
80,關山,2019-11-10,36,1,nan,nan,17,5,36.0,25
83,麥寮,2019-11-10,61,6,nan,nan,49,14,nan,61
84,富貴角,2019-11-11,122,1,2.0,nan,27,3,122.0,40.0
13,萬華,2019-11-11,46,6,7.0,nan,25,44,35.0,46.0
12,中山,2019-11-11,51,6,8.0,nan,24,51,44.0,48.0
14,古亭,2019-11-11,61,3,5.0,nan,22,23,61.0,39.0
11,士林,2019-11-11,87,10,5.0,nan,21,24,87.0,31.0
10,淡水,2019-11-11,84,4,5.0,nan,19,22,84.0,41.0
15,松山,2019-11-11,54,7,7.0,nan,28,47,50.0,54.0
9,林口,2019-11-11,51,4,3.0,nan,25,29,51.0,45.0
16,大同,2019-11-11,57,7,10.0,nan,31,57,nan,54.0
8,菜寮,2019-11-11,51,4,7.0,nan,24,31,51.0,49.0
17,桃園,2019-11-11,53,26,6.0,nan,24,18,48.0,53.0
7,新莊,2019-11-11,58,4,7.0,nan,37,36,58.0,53.0
18,大園,2019-11-11,64,11,6.0,nan,27,38,64.0,57.0
6,板橋,2019-11-11,51,4,6.0,nan,21,29,51.0,42.0
19,觀音,2019-11-11,84,10,3.0,nan,30,24,84.0,53.0
5,土城,2019-11-11,67,4,5.0,nan,22,23,67.0,36.0
20,平鎮,2019-11-11,51,9,6.0,nan,25,26,51.0,46.0
4,新店,2019-11-11,50,3,5.0,nan,19,20,50.0,34.0
21,龍潭,2019-11-11,46,7,5.0,nan,25,24,36.0,46.0
3,萬里,2019-11-11,97,4,2.0,nan,22,10,97.0,42.0
2,汐止,2019-11-11,71,21,7.0,nan,25,44,71.0,47.0
1,基隆,2019-11-11,77,9,10.0,nan,25,49,77.0,45.0
22,湖口,2019-11-11,71,6,5.0,nan,28,25,71.0,54.0
23,竹東,2019-11-11,54,3,3.0,nan,27,11,54.0,53.0
24,新竹,2019-11-11,67,6,5.0,nan,27,24,67.0,48.0
25,頭份,2019-11-11,57,4,nan,nan,29,34,nan,57.0
26,苗栗,2019-11-11,65,6,7.0,nan,32,34,50.0,65.0
27,三義,2019-11-11,80,4,3.0,nan,27,13,80.0,55.0
28,豐原,2019-11-11,90,3,5.0,nan,40,25,90.0,69.0
29,沙鹿,2019-11-11,80,4,6.0,nan,37,43,80.0,69.0
30,大里,2019-11-11,100,4,9.0,nan,50,44,100.0,87.0
31,忠明,2019-11-11,100,6,7.0,nan,43,43,100.0,84.0
32,西屯,2019-11-11,97,43,6.0,nan,42,41,97.0,76.0
33,彰化,2019-11-11,77,9,10.0,nan,43,40,77.0,74.0
34,線西,2019-11-11,70,13,nan,nan,49,25,nan,70.0
35,二林,2019-11-11,86,7,5.0,nan,53,19,71.0,86.0
36,南投,2019-11-11,104,6,7.0,nan,44,41,104.0,80.0
37,斗六,2019-11-11,118,9,7.0,nan,57,31,118.0,92.0
38,崙背,2019-11-11,102,7,5.0,nan,63,21,87.0,102.0
39,新港,2019-11-11,104,6,6.0,nan,64,23,104.0,103.0
40,朴子,2019-11-11,101,6,6.0,nan,55,17,101.0,85.0
41,臺西,2019-11-11,63,6,nan,nan,38,15,nan,63.0
42,嘉義,2019-11-11,97,10,6.0,nan,54,28,97.0,86.0
43,新營,2019-11-11,101,9,6.0,nan,58,25,101.0,95.0
44,善化,2019-11-11,118,10,5.0,nan,55,26,118.0,85.0
45,安南,2019-11-11,101,10,6.0,nan,59,30,101.0,91.0
46,臺南,2019-11-11,104,9,7.0,nan,53,34,104.0,nan
47,美濃,2019-11-11,87,4,3.0,nan,32,11,87.0,61.0
48,橋頭,2019-11-11,101,4,6.0,nan,41,32,101.0,66.0
49,仁武,2019-11-11,104,9,5.0,nan,46,30,104.0,72.0
50,鳳山,2019-11-11,69,9,6.0,nan,45,25,nan,69.0
51,大寮,2019-11-11,87,50,5.0,nan,46,26,87.0,83.0
52,林園,2019-11-11,126,6,3.0,nan,46,15,126.0,71.0
53,楠梓,2019-11-11,104,6,6.0,nan,46,34,104.0,72.0
54,左營,2019-11-11,136,9,6.0,nan,45,31,136.0,73.0
56,前金,2019-11-11,129,9,6.0,nan,44,20,129.0,73.0
57,前鎮,2019-11-11,67,10,nan,nan,44,42,nan,67.0
58,小港,2019-11-11,84,17,5.0,nan,43,36,84.0,72.0
59,屏東,2019-11-11,90,6,5.0,nan,46,18,90.0,70.0
60,潮州,2019-11-11,84,7,3.0,nan,39,18,84.0,67.0
61,恆春,2019-11-11,51,3,1.0,nan,19,2,51.0,31.0
62,臺東,2019-11-11,45,3,3.0,nan,19,9,45.0,29.0
63,花蓮,2019-11-11,48,3,5.0,nan,19,22,48.0,31.0
64,陽明,2019-11-11,93,4,2.0,nan,16,2,93.0,31.0
65,宜蘭,2019-11-11,77,3,5.0,nan,22,16,77.0,40.0
66,冬山,2019-11-11,49,3,3.0,nan,26,16,49.0,39.0
67,三重,2019-11-11,63,7,18.0,nan,31,58,nan,63.0
68,中壢,2019-11-11,51,10,15.0,nan,26,47,nan,51.0
69,竹山,2019-11-11,129,4,5.0,nan,50,18,129.0,89.0
70,永和,2019-11-11,36,3,8.0,nan,21,25,nan,36.0
71,復興,2019-11-11,69,13,15.0,nan,45,44,nan,69.0
72,埔里,2019-11-11,129,9,6.0,nan,38,31,129.0,76.0
75,馬祖,2019-11-11,177,7,6.0,nan,44,11,177.0,84.0
77,金門,2019-11-11,118,23,6.0,nan,62,34,118.0,98.0
78,馬公,2019-11-11,115,4,3.0,nan,26,4,115.0,38.0
80,關山,2019-11-11,37,3,nan,nan,21,10,37.0,32.0
83,麥寮,2019-11-11,72,7,nan,nan,51,22,nan,72.0
84,富貴角,2019-11-12,140,1,2.0,nan,54.0,3,140.0,74.0
1,基隆,2019-11-12,115,7,10.0,nan,43.0,42,115.0,69.0
2,汐止,2019-11-12,90,13,6.0,nan,37.0,41,90.0,68.0
3,萬里,2019-11-12,132,4,3.0,nan,43.0,10,132.0,72.0
4,新店,2019-11-12,93,3,5.0,nan,29.0,24,93.0,58.0
5,土城,2019-11-12,90,3,6.0,nan,31.0,20,90.0,53.0
6,板橋,2019-11-12,67,6,6.0,nan,34.0,32,67.0,65.0
7,新莊,2019-11-12,80,4,5.0,nan,41.0,25,80.0,69.0
8,菜寮,2019-11-12,71,3,6.0,nan,37.0,31,71.0,68.0
9,林口,2019-11-12,87,4,3.0,nan,36.0,18,87.0,68.0
10,淡水,2019-11-12,104,4,3.0,nan,32.0,6,104.0,62.0
11,士林,2019-11-12,112,7,3.0,nan,36.0,11,112.0,60.0
12,中山,2019-11-12,71,4,8.0,nan,39.0,47,49.0,71.0
13,萬華,2019-11-12,67,4,6.0,nan,36.0,40,48.0,67.0
14,古亭,2019-11-12,93,1,3.0,nan,34.0,26,93.0,64.0
15,松山,2019-11-12,70,6,7.0,nan,40.0,47,64.0,70.0
16,大同,2019-11-12,81,4,11.0,nan,46.0,64,nan,81.0
17,桃園,2019-11-12,66,10,6.0,nan,33.0,24,61.0,66.0
18,大園,2019-11-12,120,14,5.0,nan,57.0,38,93.0,120.0
19,觀音,2019-11-12,77,10,5.0,nan,nan,21,77.0,nan
20,平鎮,2019-11-12,87,6,6.0,nan,33.0,25,87.0,60.0
21,龍潭,2019-11-12,97,4,6.0,nan,31.0,25,97.0,60.0
22,湖口,2019-11-12,118,6,6.0,nan,41.0,25,118.0,70.0
23,竹東,2019-11-12,104,4,6.0,nan,29.0,19,104.0,63.0
24,新竹,2019-11-12,112,6,6.0,nan,34.0,25,112.0,68.0
25,頭份,2019-11-12,78,9,nan,nan,42.0,38,nan,78.0
26,苗栗,2019-11-12,91,9,8.0,nan,47.0,42,84.0,91.0
27,三義,2019-11-12,143,7,5.0,nan,39.0,21,143.0,79.0
28,豐原,2019-11-12,156,6,6.0,nan,48.0,25,156.0,88.0
29,沙鹿,2019-11-12,150,7,8.0,nan,57.0,53,150.0,107.0
30,大里,2019-11-12,151,9,9.0,nan,55.0,41,151.0,102.0
31,忠明,2019-11-12,143,6,8.0,nan,53.0,51,143.0,116.0
32,西屯,2019-11-12,154,9,7.0,nan,54.0,55,154.0,106.0
33,彰化,2019-11-12,94,20,9.0,nan,51.0,28,90.0,94.0
34,線西,2019-11-12,98,9,nan,nan,61.0,44,nan,98.0
35,二林,2019-11-12,136,11,7.0,nan,76.0,27,136.0,131.0
36,南投,2019-11-12,118,10,8.0,nan,51.0,44,118.0,93.0
37,斗六,2019-11-12,166,9,6.0,nan,62.0,23,166.0,111.0
38,崙背,2019-11-12,169,9,8.0,nan,90.0,24,169.0,155.0
39,新港,2019-11-12,179,10,7.0,nan,80.0,28,179.0,135.0
40,朴子,2019-11-12,172,9,7.0,nan,69.0,30,172.0,120.0
41,臺西,2019-11-12,124,13,nan,nan,69.0,22,nan,124.0
42,嘉義,2019-11-12,161,13,6.0,nan,52.0,24,161.0,91.0
43,新營,2019-11-12,146,7,7.0,nan,59.0,28,146.0,107.0
44,善化,2019-11-12,143,7,5.0,nan,54.0,27,143.0,90.0
45,安南,2019-11-12,140,10,8.0,nan,67.0,39,140.0,120.0
46,臺南,2019-11-12,146,11,8.0,nan,59.0,41,146.0,109.0
47,美濃,2019-11-12,90,4,3.0,nan,36.0,14,90.0,68.0
48,橋頭,2019-11-12,104,4,6.0,nan,53.0,39,104.0,87.0
49,仁武,2019-11-12,101,9,5.0,nan,45.0,37,101.0,77.0
50,鳳山,2019-11-12,69,6,7.0,nan,42.0,27,nan,69.0
51,大寮,2019-11-12,101,40,5.0,nan,51.0,31,101.0,92.0
52,林園,2019-11-12,169,14,5.0,111.0,51.0,19,169.0,78.0
53,楠梓,2019-11-12,104,7,6.0,nan,47.0,36,104.0,79.0
54,左營,2019-11-12,129,7,7.0,nan,48.0,31,129.0,78.0
56,前金,2019-11-12,118,6,7.0,nan,43.0,25,118.0,76.0
57,前鎮,2019-11-12,67,7,nan,nan,42.0,33,nan,67.0
58,小港,2019-11-12,97,9,6.0,nan,42.0,42,97.0,69.0
59,屏東,2019-11-12,132,6,6.0,nan,49.0,19,132.0,75.0
60,潮州,2019-11-12,166,13,5.0,nan,46.0,17,166.0,83.0
61,恆春,2019-11-12,101,3,2.0,nan,23.0,2,101.0,47.0
62,臺東,2019-11-12,84,3,5.0,nan,23.0,9,84.0,45.0
63,花蓮,2019-11-12,80,3,5.0,nan,25.0,20,80.0,50.0
64,陽明,2019-11-12,104,7,2.0,nan,35.0,4,104.0,64.0
65,宜蘭,2019-11-12,97,3,6.0,nan,31.0,14,97.0,62.0
66,冬山,2019-11-12,67,6,5.0,nan,34.0,25,67.0,57.0
67,三重,2019-11-12,80,6,18.0,nan,44.0,65,nan,80.0
68,中壢,2019-11-12,67,6,19.0,nan,34.0,52,nan,67.0
69,竹山,2019-11-12,169,4,6.0,nan,56.0,20,169.0,109.0
70,永和,2019-11-12,60,3,7.0,nan,31.0,29,nan,60.0
71,復興,2019-11-12,68,6,8.0,nan,43.0,35,nan,68.0
72,埔里,2019-11-12,140,6,8.0,nan,44.0,28,140.0,93.0
75,馬祖,2019-11-12,172,6,6.0,nan,57.0,10,172.0,96.0
77,金門,2019-11-12,161,10,5.0,nan,64.0,18,161.0,102.0
78,馬公,2019-11-12,154,4,3.0,nan,44.0,4,154.0,69.0
80,關山,2019-11-12,45,3,nan,nan,23.0,8,45.0,43.0
83,麥寮,2019-11-12,118,10,nan,nan,72.0,27,nan,118.0
84,富貴角,2019-11-13,71,4,2.0,nan,43,4,71.0,56
1,基隆,2019-11-13,58,7,11.0,nan,42,44,50.0,58
2,汐止,2019-11-13,61,9,6.0,nan,39,39,50.0,61
3,萬里,2019-11-13,61,4,3.0,nan,37,17,54.0,61
4,新店,2019-11-13,58,6,6.0,nan,34,30,54.0,58
5,土城,2019-11-13,74,9,8.0,nan,41,46,74.0,59
6,板橋,2019-11-13,66,7,9.0,nan,38,46,54.0,66
7,新莊,2019-11-13,65,13,8.0,nan,43,48,54.0,65
8,菜寮,2019-11-13,62,4,10.0,nan,37,45,50.0,62
9,林口,2019-11-13,61,4,3.0,nan,39,25,58.0,61
10,淡水,2019-11-13,63,6,6.0,nan,34,39,58.0,63
11,士林,2019-11-13,71,6,5.0,nan,35,39,71.0,55
12,中山,2019-11-13,61,6,8.0,nan,38,42,43.0,61
13,萬華,2019-11-13,62,7,7.0,nan,39,42,44.0,62
14,古亭,2019-11-13,57,6,nan,nan,37,36,50.0,57
15,松山,2019-11-13,65,9,6.0,nan,42,39,48.0,65
16,大同,2019-11-13,69,7,17.0,nan,46,60,nan,69
17,桃園,2019-11-13,71,17,7.0,nan,43,36,51.0,71
18,大園,2019-11-13,73,23,5.0,nan,44,41,54.0,73
19,觀音,2019-11-13,104,14,5.0,nan,48,33,104.0,87
20,平鎮,2019-11-13,84,11,7.0,nan,41,27,84.0,65
21,龍潭,2019-11-13,140,10,6.0,nan,36,28,140.0,64
22,湖口,2019-11-13,112,7,7.0,nan,55,34,112.0,89
23,竹東,2019-11-13,150,7,6.0,nan,37,17,150.0,70
24,新竹,2019-11-13,126,7,8.0,nan,47,35,126.0,82
25,頭份,2019-11-13,83,7,nan,nan,47,27,nan,83
26,苗栗,2019-11-13,85,6,6.0,nan,44,24,80.0,85
27,三義,2019-11-13,150,9,5.0,nan,44,21,150.0,85
28,豐原,2019-11-13,179,9,6.0,nan,54,26,179.0,106
29,沙鹿,2019-11-13,146,6,7.0,nan,53,40,146.0,94
30,大里,2019-11-13,172,7,9.0,nan,57,34,172.0,110
31,忠明,2019-11-13,166,9,8.0,nan,57,43,166.0,119
32,西屯,2019-11-13,166,7,8.0,nan,57,44,166.0,106
33,彰化,2019-11-13,129,13,7.0,nan,54,25,129.0,94
34,線西,2019-11-13,94,9,nan,nan,59,32,nan,94
35,二林,2019-11-13,130,7,7.0,nan,73,25,122.0,130
36,南投,2019-11-13,150,6,8.0,nan,56,32,150.0,110
37,斗六,2019-11-13,172,6,6.0,nan,65,24,172.0,120
38,崙背,2019-11-13,151,7,7.0,nan,78,28,136.0,151
39,新港,2019-11-13,150,81,7.0,nan,73,30,150.0,126
40,朴子,2019-11-13,146,9,7.0,nan,73,25,146.0,122
41,臺西,2019-11-13,134,11,nan,nan,75,32,nan,134
42,嘉義,2019-11-13,136,9,7.0,nan,58,34,136.0,101
43,新營,2019-11-13,146,6,5.0,nan,61,22,146.0,105
44,善化,2019-11-13,164,7,5.0,nan,61,23,164.0,105
45,安南,2019-11-13,166,4,7.0,nan,66,40,166.0,115
46,臺南,2019-11-13,159,6,7.0,nan,62,36,159.0,111
47,美濃,2019-11-13,100,6,5.0,nan,44,11,100.0,83
48,橋頭,2019-11-13,146,9,6.0,nan,66,33,146.0,117
49,仁武,2019-11-13,146,14,6.0,nan,62,31,146.0,107
50,鳳山,2019-11-13,98,10,7.0,nan,57,29,nan,98
51,大寮,2019-11-13,151,39,6.0,nan,61,29,151.0,116
52,林園,2019-11-13,159,10,6.0,nan,64,24,159.0,104
53,楠梓,2019-11-13,151,6,6.0,nan,61,50,151.0,109
54,左營,2019-11-13,164,7,7.0,nan,62,34,164.0,104
56,前金,2019-11-13,156,6,7.0,nan,59,25,156.0,110
57,前鎮,2019-11-13,97,6,nan,nan,57,35,nan,97
58,小港,2019-11-13,143,16,6.0,nan,55,28,143.0,98
59,屏東,2019-11-13,166,4,6.0,nan,60,18,166.0,102
60,潮州,2019-11-13,115,6,5.0,nan,54,15,115.0,99
61,恆春,2019-11-13,90,1,2.0,nan,31,2,90.0,56
62,臺東,2019-11-13,58,3,3.0,nan,29,9,58.0,53
63,花蓮,2019-11-13,80,3,3.0,nan,30,10,80.0,54
64,陽明,2019-11-13,64,4,2.0,nan,28,2,64.0,51
65,宜蘭,2019-11-13,71,3,5.0,nan,32,10,71.0,55
66,冬山,2019-11-13,63,3,3.0,nan,44,20,61.0,63
67,三重,2019-11-13,72,7,17.0,nan,44,57,nan,72
68,中壢,2019-11-13,69,11,15.0,nan,41,51,nan,69
69,竹山,2019-11-13,172,9,6.0,nan,62,25,172.0,127
70,永和,2019-11-13,57,6,15.0,nan,35,46,nan,57
71,復興,2019-11-13,104,7,9.0,nan,59,33,nan,104
72,埔里,2019-11-13,154,6,7.0,nan,53,25,154.0,113
75,馬祖,2019-11-13,104,6,5.0,nan,50,8,104.0,76
77,金門,2019-11-13,101,7,5.0,nan,66,30,101.0,94
78,馬公,2019-11-13,112,3,3.0,nan,52,5,112.0,72
80,關山,2019-11-13,51,3,nan,nan,31,10,46.0,51
83,麥寮,2019-11-13,127,6,nan,nan,75,27,nan,127
5,土城,2019-11-14,73,4,6.0,nan,54,20,50.0,73
2,汐止,2019-11-14,77,6,5.0,nan,57,22,58.0,77
1,基隆,2019-11-14,78,4,5.0,nan,61,8,61.0,78
4,新店,2019-11-14,77,6,6.0,nan,53,21,49.0,77
3,萬里,2019-11-14,88,4,3.0,nan,85,8,67.0,88
7,新莊,2019-11-14,78,4,5.0,nan,57,20,50.0,78
6,板橋,2019-11-14,78,4,6.0,nan,55,26,50.0,78
8,菜寮,2019-11-14,76,4,6.0,nan,54,21,44.0,76
9,林口,2019-11-14,79,3,3.0,nan,54,19,51.0,79
10,淡水,2019-11-14,74,3,3.0,nan,52,9,49.0,74
11,士林,2019-11-14,69,4,5.0,nan,53,9,61.0,69
12,中山,2019-11-14,79,6,7.0,nan,57,32,44.0,79
13,萬華,2019-11-14,79,4,6.0,nan,56,31,46.0,79
14,古亭,2019-11-14,81,4,5.0,nan,56,20,50.0,81
15,松山,2019-11-14,84,4,5.0,nan,64,28,51.0,84
16,大同,2019-11-14,81,4,9.0,nan,60,38,nan,81
17,桃園,2019-11-14,80,9,7.0,nan,56,25,42.0,80
18,大園,2019-11-14,82,13,5.0,nan,62,27,47.0,82
19,觀音,2019-11-14,80,4,5.0,nan,62,10,50.0,80
20,平鎮,2019-11-14,73,4,7.0,nan,54,23,46.0,73
21,龍潭,2019-11-14,74,4,5.0,nan,50,9,61.0,74
22,湖口,2019-11-14,77,4,5.0,nan,57,14,51.0,77
23,竹東,2019-11-14,70,4,5.0,nan,45,7,64.0,70
24,新竹,2019-11-14,77,3,5.0,nan,55,14,50.0,77
25,頭份,2019-11-14,75,3,nan,nan,54,14,nan,75
26,苗栗,2019-11-14,78,4,5.0,nan,52,11,44.0,78
27,三義,2019-11-14,68,3,3.0,nan,39,8,51.0,68
28,豐原,2019-11-14,67,3,5.0,nan,39,11,58.0,67
29,沙鹿,2019-11-14,75,4,5.0,nan,51,10,67.0,75
30,大里,2019-11-14,93,7,8.0,nan,52,30,64.0,93
31,忠明,2019-11-14,78,6,5.0,nan,44,18,58.0,78
32,西屯,2019-11-14,68,3,5.0,nan,44,12,67.0,68
33,彰化,2019-11-14,68,4,6.0,nan,47,19,44.0,68
34,線西,2019-11-14,77,4,nan,nan,62,12,nan,77
35,二林,2019-11-14,77,7,5.0,nan,60,12,54.0,77
36,南投,2019-11-14,99,4,9.0,nan,56,25,58.0,99
37,斗六,2019-11-14,122,4,6.0,nan,64,25,122.0,108
38,崙背,2019-11-14,91,6,5.0,nan,71,18,74.0,91
39,新港,2019-11-14,100,6,5.0,nan,71,16,100.0,88
40,朴子,2019-11-14,100,6,5.0,nan,71,15,100.0,87
41,臺西,2019-11-14,104,7,nan,nan,104,14,nan,95
42,嘉義,2019-11-14,111,11,7.0,nan,71,28,100.0,111
43,新營,2019-11-14,103,4,5.0,nan,68,27,97.0,103
44,善化,2019-11-14,126,7,5.0,nan,78,20,126.0,113
45,安南,2019-11-14,126,6,6.0,nan,73,21,126.0,108
46,臺南,2019-11-14,108,6,6.0,nan,71,22,108.0,106
47,美濃,2019-11-14,122,4,5.0,nan,60,11,122.0,98
48,橋頭,2019-11-14,126,4,6.0,nan,74,24,126.0,125
49,仁武,2019-11-14,126,14,7.0,nan,74,31,122.0,126
50,鳳山,2019-11-14,124,7,7.0,nan,73,29,nan,124
51,大寮,2019-11-14,122,21,6.0,nan,70,25,97.0,122
52,林園,2019-11-14,156,9,6.0,nan,73,23,156.0,119
53,楠梓,2019-11-14,129,4,6.0,nan,73,32,129.0,121
54,左營,2019-11-14,146,7,7.0,nan,75,33,146.0,120
56,前金,2019-11-14,154,7,7.0,nan,73,25,154.0,121
57,前鎮,2019-11-14,121,7,nan,nan,74,32,nan,121
58,小港,2019-11-14,126,9,7.0,nan,71,41,126.0,118
59,屏東,2019-11-14,126,10,6.0,nan,73,15,126.0,113
60,潮州,2019-11-14,118,4,6.0,nan,62,11,118.0,106
61,恆春,2019-11-14,97,1,3.0,nan,38,3,97.0,71
62,臺東,2019-11-14,67,1,6.0,nan,54,9,67.0,58
63,花蓮,2019-11-14,62,4,5.0,nan,39,15,51.0,62
64,陽明,2019-11-14,58,3,3.0,nan,38,3,48.0,58
65,宜蘭,2019-11-14,73,3,5.0,nan,42,11,41.0,73
66,冬山,2019-11-14,77,3,5.0,nan,54,24,50.0,77
67,三重,2019-11-14,87,6,17.0,nan,62,50,nan,87
68,中壢,2019-11-14,77,4,12.0,nan,55,36,nan,77
69,竹山,2019-11-14,114,4,5.0,nan,58,22,108.0,114
70,永和,2019-11-14,72,3,8.0,nan,54,23,nan,72
71,復興,2019-11-14,129,10,9.0,nan,78,34,nan,129
72,埔里,2019-11-14,122,4,6.0,nan,50,19,122.0,102
75,馬祖,2019-11-14,78,4,3.0,nan,55,6,74.0,78
77,金門,2019-11-14,90,4,5.0,nan,71,8,90.0,87
78,馬公,2019-11-14,80,3,5.0,nan,58,4,80.0,79
80,關山,2019-11-14,57,3,nan,nan,34,7,49.0,57
83,麥寮,2019-11-14,85,7,nan,nan,73,13,nan,85
84,富貴角,2019-11-14,78,1,3.0,nan,64,4,58.0,78
77,金門,2019-11-15,54,7,2.0,nan,52,15,54.0,48
80,關山,2019-11-15,38,3,nan,nan,33,11,37.0,38
83,麥寮,2019-11-15,60,7,nan,nan,54,15,nan,60
84,富貴角,2019-11-15,44,1,1.0,nan,35,2,44.0,27
78,馬公,2019-11-15,50,3,2.0,nan,43,3,50.0,43
1,基隆,2019-11-15,42,4,8.0,nan,31,31,42.0,27
2,汐止,2019-11-15,35,10,5.0,nan,31,34,35.0,30
3,萬里,2019-11-15,44,4,2.0,nan,35,8,44.0,32
4,新店,2019-11-15,36,3,5.0,nan,28,18,36.0,29
5,土城,2019-11-15,38,3,5.0,nan,31,24,38.0,25
6,板橋,2019-11-15,33,4,6.0,nan,31,28,33.0,33
7,新莊,2019-11-15,36,3,5.0,nan,36,28,36.0,35
8,菜寮,2019-11-15,34,4,5.0,nan,29,25,34.0,27
9,林口,2019-11-15,37,6,2.0,nan,31,17,37.0,31
10,淡水,2019-11-15,39,4,2.0,nan,27,10,39.0,30
11,士林,2019-11-15,41,7,2.0,nan,27,10,41.0,21
12,中山,2019-11-15,37,4,7.0,nan,30,37,33.0,30
13,萬華,2019-11-15,35,3,6.0,nan,31,35,29.0,33
14,古亭,2019-11-15,36,3,3.0,nan,30,18,36.0,27
15,松山,2019-11-15,37,6,6.0,nan,37,32,31.0,37
16,大同,2019-11-15,43,4,10.0,nan,37,43,nan,38
17,桃園,2019-11-15,42,11,6.0,nan,42,19,32.0,35
18,大園,2019-11-15,36,10,2.0,nan,34,24,36.0,36
19,觀音,2019-11-15,40,9,3.0,nan,33,23,40.0,39
20,平鎮,2019-11-15,36,4,5.0,nan,33,17,36.0,30
21,龍潭,2019-11-15,38,3,3.0,nan,31,17,38.0,33
22,湖口,2019-11-15,42,4,3.0,nan,35,15,42.0,37
23,竹東,2019-11-15,42,4,3.0,nan,31,12,42.0,41
24,新竹,2019-11-15,43,4,3.0,nan,34,22,43.0,38
25,頭份,2019-11-15,45,3,nan,nan,37,27,nan,45
26,苗栗,2019-11-15,58,7,7.0,nan,36,27,38.0,58
27,三義,2019-11-15,57,7,3.0,nan,32,25,50.0,57
28,豐原,2019-11-15,84,6,6.0,nan,43,25,84.0,75
29,沙鹿,2019-11-15,62,7,6.0,nan,46,34,50.0,62
30,大里,2019-11-15,97,6,9.0,nan,54,43,97.0,84
31,忠明,2019-11-15,82,9,8.0,nan,47,41,77.0,82
32,西屯,2019-11-15,77,4,6.0,nan,48,34,77.0,71
33,彰化,2019-11-15,63,7,8.0,nan,50,37,47.0,63
34,線西,2019-11-15,56,13,nan,nan,52,29,nan,56
35,二林,2019-11-15,67,7,5.0,nan,53,21,49.0,67
36,南投,2019-11-15,100,6,7.0,nan,57,41,100.0,96
37,斗六,2019-11-15,112,6,6.0,nan,62,38,112.0,96
38,崙背,2019-11-15,78,7,5.0,nan,59,18,77.0,78
39,新港,2019-11-15,101,6,5.0,nan,64,18,101.0,80
40,朴子,2019-11-15,90,6,5.0,nan,59,15,90.0,75
41,臺西,2019-11-15,61,6,nan,nan,52,10,nan,61
42,嘉義,2019-11-15,101,17,7.0,nan,62,37,101.0,93
43,新營,2019-11-15,112,6,6.0,nan,64,29,112.0,90
44,善化,2019-11-15,118,27,6.0,nan,66,28,118.0,96
45,安南,2019-11-15,108,9,6.0,nan,64,25,108.0,94
46,臺南,2019-11-15,97,7,7.0,nan,64,34,97.0,95
47,美濃,2019-11-15,126,6,5.0,nan,55,10,126.0,88
48,橋頭,2019-11-15,97,6,6.0,nan,66,33,87.0,97
49,仁武,2019-11-15,106,14,8.0,nan,67,51,97.0,106
50,鳳山,2019-11-15,90,11,8.0,nan,64,40,nan,90
51,大寮,2019-11-15,106,30,7.0,nan,65,33,77.0,106
52,林園,2019-11-15,122,9,6.0,nan,74,26,122.0,107
53,楠梓,2019-11-15,97,7,7.0,nan,65,41,90.0,97
54,左營,2019-11-15,112,10,8.0,nan,67,37,112.0,104
56,前金,2019-11-15,112,9,8.0,nan,62,31,112.0,96
57,前鎮,2019-11-15,92,9,nan,nan,64,41,nan,92
58,小港,2019-11-15,98,9,7.0,nan,63,41,61.0,98
59,屏東,2019-11-15,132,7,6.0,nan,68,16,132.0,97
60,潮州,2019-11-15,140,7,6.0,nan,64,15,140.0,101
61,恆春,2019-11-15,49,1,2.0,nan,38,2,47.0,49
62,臺東,2019-11-15,41,3,3.0,nan,39,8,41.0,38
63,花蓮,2019-11-15,43,3,5.0,nan,31,17,43.0,37
64,陽明,2019-11-15,38,3,1.0,nan,18,2,38.0,17
65,宜蘭,2019-11-15,38,3,3.0,nan,31,23,38.0,37
66,冬山,2019-11-15,40,6,3.0,nan,40,17,36.0,37
67,三重,2019-11-15,43,6,17.0,nan,37,42,nan,43
68,中壢,2019-11-15,34,6,15.0,nan,32,31,nan,34
69,竹山,2019-11-15,122,7,6.0,nan,59,24,122.0,107
70,永和,2019-11-15,27,6,6.0,nan,27,18,nan,22
71,復興,2019-11-15,101,10,9.0,nan,66,47,nan,101
72,埔里,2019-11-15,115,6,7.0,nan,51,32,115.0,100
75,馬祖,2019-11-15,67,6,2.0,nan,36,6,67.0,40
4,新店,2019-11-16,38,3,5.0,nan,18.0,27,38.0,21
3,萬里,2019-11-16,41,6,2.0,nan,18.0,11,41.0,25
2,汐止,2019-11-16,38,6,7.0,nan,22.0,30,38.0,29
1,基隆,2019-11-16,34,6,8.0,nan,23.0,27,34.0,28
5,土城,2019-11-16,39,4,5.0,nan,20.0,33,39.0,19
6,板橋,2019-11-16,33,6,7.0,nan,20.0,31,33.0,29
7,新莊,2019-11-16,38,7,6.0,nan,28.0,33,38.0,30
8,菜寮,2019-11-16,35,4,6.0,nan,20.0,35,34.0,26
9,林口,2019-11-16,38,3,3.0,nan,22.0,19,38.0,28
10,淡水,2019-11-16,39,4,1.0,nan,15.0,8,39.0,22
11,士林,2019-11-16,39,4,2.0,nan,19.0,9,39.0,16
12,中山,2019-11-16,31,3,6.0,nan,21.0,30,31.0,25
13,萬華,2019-11-16,36,4,6.0,nan,23.0,36,31.0,27
14,古亭,2019-11-16,39,3,3.0,nan,21.0,25,39.0,24
15,松山,2019-11-16,34,4,6.0,nan,31.0,30,34.0,31
16,大同,2019-11-16,40,6,14.0,nan,30.0,40,nan,40
17,桃園,2019-11-16,33,33,6.0,nan,22.0,30,33.0,33
18,大園,2019-11-16,41,9,5.0,nan,24.0,25,41.0,33
19,觀音,2019-11-16,63,20,5.0,nan,nan,29,44.0,63
20,平鎮,2019-11-16,46,6,6.0,nan,30.0,29,46.0,39
21,龍潭,2019-11-16,100,6,6.0,nan,32.0,38,100.0,57
22,湖口,2019-11-16,62,4,5.0,nan,39.0,33,58.0,62
23,竹東,2019-11-16,100,4,6.0,nan,37.0,17,100.0,74
24,新竹,2019-11-16,84,4,7.0,nan,38.0,35,84.0,71
25,頭份,2019-11-16,81,9,nan,nan,42.0,39,nan,81
26,苗栗,2019-11-16,86,9,7.0,nan,43.0,32,45.0,86
27,三義,2019-11-16,100,10,5.0,nan,44.0,15,100.0,84
28,豐原,2019-11-16,108,9,6.0,nan,49.0,25,108.0,87
29,沙鹿,2019-11-16,86,16,9.0,nan,52.0,39,64.0,86
30,大里,2019-11-16,97,6,7.0,nan,54.0,29,97.0,87
31,忠明,2019-11-16,94,6,8.0,nan,50.0,40,93.0,94
32,西屯,2019-11-16,100,3,8.0,nan,49.0,34,100.0,85
33,彰化,2019-11-16,85,20,8.0,nan,52.0,35,80.0,85
34,線西,2019-11-16,78,10,nan,nan,56.0,27,nan,78
35,二林,2019-11-16,98,9,6.0,nan,69.0,23,50.0,98
36,南投,2019-11-16,100,10,5.0,nan,56.0,21,93.0,100
37,斗六,2019-11-16,122,9,6.0,nan,57.0,24,122.0,93
38,崙背,2019-11-16,96,7,7.0,nan,60.0,27,67.0,96
39,新港,2019-11-16,83,13,6.0,nan,69.0,27,77.0,83
40,朴子,2019-11-16,71,7,6.0,nan,54.0,23,71.0,67
41,臺西,2019-11-16,75,6,nan,nan,59.0,25,nan,75
42,嘉義,2019-11-16,93,10,5.0,nan,54.0,23,93.0,87
43,新營,2019-11-16,81,6,6.0,nan,55.0,28,80.0,81
44,善化,2019-11-16,93,16,5.0,nan,54.0,20,93.0,80
45,安南,2019-11-16,93,9,6.0,nan,58.0,36,93.0,88
46,臺南,2019-11-16,84,6,6.0,nan,54.0,39,84.0,83
47,美濃,2019-11-16,101,1,5.0,nan,45.0,10,101.0,82
48,橋頭,2019-11-16,118,4,6.0,nan,57.0,26,118.0,83
49,仁武,2019-11-16,126,7,5.0,nan,57.0,26,126.0,88
50,鳳山,2019-11-16,79,6,6.0,nan,54.0,21,nan,79
51,大寮,2019-11-16,140,27,6.0,nan,59.0,27,140.0,102
52,林園,2019-11-16,156,6,5.0,nan,61.0,17,156.0,93
53,楠梓,2019-11-16,122,4,6.0,nan,54.0,33,122.0,88
54,左營,2019-11-16,140,7,6.0,nan,52.0,25,140.0,81
56,前金,2019-11-16,140,6,6.0,nan,53.0,21,140.0,85
57,前鎮,2019-11-16,80,7,nan,nan,57.0,26,nan,80
58,小港,2019-11-16,129,6,5.0,nan,52.0,60,129.0,84
59,屏東,2019-11-16,140,6,6.0,nan,55.0,18,140.0,84
60,潮州,2019-11-16,156,7,5.0,nan,52.0,14,156.0,90
61,恆春,2019-11-16,43,3,1.0,nan,24.0,2,43.0,29
62,臺東,2019-11-16,39,1,3.0,nan,23.0,7,39.0,24
63,花蓮,2019-11-16,39,1,3.0,nan,20.0,19,39.0,28
64,陽明,2019-11-16,36,4,1.0,nan,14.0,2,36.0,13
65,宜蘭,2019-11-16,39,3,3.0,nan,21.0,16,39.0,21
66,冬山,2019-11-16,36,3,3.0,nan,24.0,12,36.0,27
67,三重,2019-11-16,37,4,15.0,nan,28.0,37,nan,36
68,中壢,2019-11-16,44,13,20.0,nan,31.0,38,nan,44
69,竹山,2019-11-16,132,4,5.0,nan,54.0,16,132.0,100
70,永和,2019-11-16,29,4,8.0,nan,18.0,29,nan,20
71,復興,2019-11-16,83,6,7.0,nan,54.0,25,nan,83
72,埔里,2019-11-16,122,3,6.0,nan,51.0,24,122.0,99
75,馬祖,2019-11-16,46,4,2.0,nan,26.0,6,46.0,35
77,金門,2019-11-16,48,10,3.0,nan,43.0,19,44.0,48
78,馬公,2019-11-16,51,4,2.0,nan,36.0,5,51.0,37
80,關山,2019-11-16,33,3,nan,nan,20.0,6,33.0,29
83,麥寮,2019-11-16,71,7,nan,nan,56.0,25,nan,71
84,富貴角,2019-11-16,41,3,1.0,nan,25.0,5,41.0,19
2,汐止,2019-11-17,101,20,8.0,nan,39.0,40,101.0,77
84,富貴角,2019-11-17,150,6,3.0,nan,45.0,9,150.0,75
83,麥寮,2019-11-17,106,7,nan,nan,65.0,12,nan,106
80,關山,2019-11-17,32,3,nan,nan,29.0,8,32.0,22
78,馬公,2019-11-17,87,6,2.0,nan,40.0,7,87.0,56
77,金門,2019-11-17,74,6,3.0,nan,52.0,33,61.0,74
75,馬祖,2019-11-17,50,7,5.0,nan,31.0,17,37.0,50
72,埔里,2019-11-17,67,6,6.0,nan,31.0,31,54.0,67
71,復興,2019-11-17,65,11,7.0,nan,43.0,34,nan,65
70,永和,2019-11-17,66,16,11.0,nan,29.0,41,nan,66
69,竹山,2019-11-17,79,9,5.0,nan,40.0,19,54.0,79
68,中壢,2019-11-17,90,6,12.0,nan,47.0,56,nan,90
67,三重,2019-11-17,87,16,20.0,nan,45.0,69,nan,87
66,冬山,2019-11-17,36,4,3.0,nan,27.0,18,32.0,36
65,宜蘭,2019-11-17,37,3,3.0,nan,19.0,9,37.0,29
64,陽明,2019-11-17,80,9,3.0,nan,22.0,8,80.0,43
63,花蓮,2019-11-17,40,3,3.0,nan,19.0,13,40.0,24
62,臺東,2019-11-17,34,3,3.0,nan,31.0,9,34.0,20
61,恆春,2019-11-17,36,3,1.0,nan,14.0,2,36.0,23
60,潮州,2019-11-17,80,6,5.0,nan,44.0,15,80.0,76
59,屏東,2019-11-17,77,4,5.0,nan,45.0,18,77.0,73
58,小港,2019-11-17,77,7,5.0,nan,40.0,31,77.0,66
57,前鎮,2019-11-17,63,10,nan,nan,40.0,32,nan,63
56,前金,2019-11-17,87,7,5.0,nan,42.0,22,87.0,71
54,左營,2019-11-17,104,6,5.0,nan,44.0,19,104.0,72
53,楠梓,2019-11-17,77,7,5.0,nan,44.0,20,77.0,74
52,林園,2019-11-17,79,13,5.0,nan,52.0,26,71.0,79
51,大寮,2019-11-17,77,49,3.0,nan,43.0,19,77.0,75
50,鳳山,2019-11-17,67,7,6.0,nan,44.0,22,nan,67
49,仁武,2019-11-17,80,20,5.0,nan,46.0,27,80.0,74
48,橋頭,2019-11-17,77,4,6.0,nan,50.0,23,77.0,77
47,美濃,2019-11-17,67,3,3.0,nan,34.0,8,58.0,67
46,臺南,2019-11-17,88,4,6.0,nan,53.0,21,74.0,88
45,安南,2019-11-17,90,7,5.0,nan,55.0,20,87.0,90
44,善化,2019-11-17,89,7,5.0,nan,55.0,17,77.0,89
43,新營,2019-11-17,90,6,5.0,nan,55.0,26,61.0,90
42,嘉義,2019-11-17,91,11,7.0,nan,55.0,24,50.0,91
41,臺西,2019-11-17,95,9,nan,nan,57.0,11,nan,95
40,朴子,2019-11-17,85,7,5.0,nan,56.0,13,71.0,85
39,新港,2019-11-17,101,4,5.0,nan,64.0,19,67.0,101
38,崙背,2019-11-17,134,6,5.0,nan,68.0,18,90.0,134
37,斗六,2019-11-17,97,7,7.0,nan,53.0,22,71.0,97
36,南投,2019-11-17,83,6,7.0,nan,44.0,31,51.0,83
35,二林,2019-11-17,123,11,6.0,nan,71.0,16,67.0,123
34,線西,2019-11-17,96,7,nan,nan,60.0,23,nan,96
33,彰化,2019-11-17,98,6,7.0,nan,54.0,25,77.0,98
32,西屯,2019-11-17,95,4,7.0,nan,50.0,40,71.0,95
31,忠明,2019-11-17,105,7,8.0,nan,49.0,44,61.0,105
30,大里,2019-11-17,89,6,8.0,nan,49.0,31,67.0,89
29,沙鹿,2019-11-17,103,4,6.0,nan,58.0,36,97.0,103
28,豐原,2019-11-17,78,7,5.0,nan,41.0,21,64.0,78
27,三義,2019-11-17,79,6,3.0,nan,38.0,12,74.0,79
26,苗栗,2019-11-17,98,10,6.0,nan,49.0,32,50.0,98
25,頭份,2019-11-17,97,6,nan,nan,51.0,43,nan,97
24,新竹,2019-11-17,103,7,7.0,nan,52.0,42,97.0,103
23,竹東,2019-11-17,122,6,6.0,nan,45.0,25,122.0,89
22,湖口,2019-11-17,112,6,6.0,nan,59.0,33,112.0,105
21,龍潭,2019-11-17,156,4,7.0,nan,48.0,32,156.0,93
20,平鎮,2019-11-17,129,7,7.0,nan,49.0,31,129.0,87
19,觀音,2019-11-17,105,36,5.0,nan,nan,29,67.0,105
18,大園,2019-11-17,112,13,6.0,nan,48.0,30,112.0,87
17,桃園,2019-11-17,115,31,7.0,nan,47.0,45,115.0,93
16,大同,2019-11-17,82,13,17.0,nan,44.0,61,nan,82
15,松山,2019-11-17,93,17,8.0,nan,42.0,39,93.0,74
14,古亭,2019-11-17,108,16,7.0,nan,35.0,31,108.0,68
13,萬華,2019-11-17,104,9,11.0,nan,40.0,58,104.0,76
12,中山,2019-11-17,80,11,11.0,nan,37.0,58,80.0,74
11,士林,2019-11-17,140,4,9.0,nan,45.0,35,140.0,77
10,淡水,2019-11-17,129,7,7.0,nan,34.0,32,129.0,78
9,林口,2019-11-17,146,7,6.0,nan,51.0,41,146.0,93
8,菜寮,2019-11-17,90,14,9.0,nan,41.0,55,90.0,81
7,新莊,2019-11-17,150,11,10.0,nan,45.0,45,150.0,91
6,板橋,2019-11-17,132,11,9.0,nan,44.0,40,132.0,89
5,土城,2019-11-17,151,10,9.0,nan,40.0,45,151.0,82
4,新店,2019-11-17,129,9,7.0,nan,28.0,30,129.0,60
3,萬里,2019-11-17,112,11,3.0,nan,31.0,13,112.0,66
1,基隆,2019-11-17,112,7,10.0,nan,38.0,39,112.0,72
2,汐止,2019-11-18,64,13,7.0,nan,33,24,40.0,64
84,富貴角,2019-11-18,74,1,5.0,nan,51,9,44.0,74
83,麥寮,2019-11-18,96,4,nan,nan,77,16,nan,96
80,關山,2019-11-18,35,3,nan,nan,27,6,35.0,25
78,馬公,2019-11-18,74,4,5.0,nan,42,5,74.0,70
77,金門,2019-11-18,103,19,7.0,nan,70,30,84.0,103
75,馬祖,2019-11-18,74,4,7.0,nan,44,13,71.0,74
72,埔里,2019-11-18,112,4,7.0,nan,31,21,112.0,61
71,復興,2019-11-18,112,10,10.0,nan,68,35,nan,112
70,永和,2019-11-18,53,6,10.0,nan,23,24,nan,53
69,竹山,2019-11-18,118,3,6.0,nan,36,19,118.0,63
68,中壢,2019-11-18,74,10,12.0,nan,36,38,nan,74
67,三重,2019-11-18,74,9,17.0,nan,37,45,nan,74
66,冬山,2019-11-18,46,3,6.0,nan,30,15,37.0,46
65,宜蘭,2019-11-18,39,3,6.0,nan,21,14,36.0,39
64,陽明,2019-11-18,43,3,5.0,nan,5,5,43.0,18
63,花蓮,2019-11-18,45,3,5.0,nan,20,13,45.0,30
62,臺東,2019-11-18,43,1,5.0,nan,21,9,43.0,25
61,恆春,2019-11-18,46,1,3.0,nan,13,3,46.0,23
60,潮州,2019-11-18,126,9,5.0,nan,51,14,126.0,84
59,屏東,2019-11-18,140,4,7.0,nan,58,25,140.0,83
58,小港,2019-11-18,103,7,8.0,nan,66,30,100.0,103
57,前鎮,2019-11-18,109,10,nan,nan,67,34,nan,109
56,前金,2019-11-18,115,9,8.0,nan,68,20,115.0,112
54,左營,2019-11-18,112,9,7.0,nan,69,21,112.0,112
53,楠梓,2019-11-18,103,6,7.0,nan,66,21,100.0,103
52,林園,2019-11-18,154,36,7.0,102.0,74,34,154.0,111
51,大寮,2019-11-18,146,24,7.0,nan,61,26,146.0,100
50,鳳山,2019-11-18,98,10,8.0,nan,66,29,nan,98
49,仁武,2019-11-18,107,9,7.0,nan,68,28,97.0,107
48,橋頭,2019-11-18,107,6,7.0,nan,69,23,93.0,107
47,美濃,2019-11-18,84,3,6.0,nan,46,11,84.0,70
46,臺南,2019-11-18,115,7,7.0,nan,73,31,80.0,115
45,安南,2019-11-18,114,6,6.0,nan,76,22,87.0,114
44,善化,2019-11-18,113,9,6.0,nan,76,18,90.0,113
43,新營,2019-11-18,110,7,6.0,nan,75,28,77.0,110
42,嘉義,2019-11-18,85,24,8.0,nan,59,23,64.0,85
41,臺西,2019-11-18,134,4,nan,nan,64,9,nan,134
40,朴子,2019-11-18,93,6,6.0,nan,79,14,71.0,93
39,新港,2019-11-18,106,6,6.0,nan,82,27,67.0,106
38,崙背,2019-11-18,114,6,6.0,nan,94,21,50.0,114
37,斗六,2019-11-18,108,7,6.0,nan,45,18,108.0,73
36,南投,2019-11-18,64,7,7.0,nan,36,22,61.0,64
35,二林,2019-11-18,91,9,6.0,nan,64,16,44.0,91
34,線西,2019-11-18,85,9,nan,nan,61,27,nan,85
33,彰化,2019-11-18,73,4,7.0,nan,45,23,43.0,73
32,西屯,2019-11-18,76,7,7.0,nan,43,38,47.0,76
31,忠明,2019-11-18,84,4,7.0,nan,41,41,44.0,84
30,大里,2019-11-18,56,7,8.0,nan,31,31,50.0,56
29,沙鹿,2019-11-18,84,4,6.0,nan,49,30,44.0,84
28,豐原,2019-11-18,47,4,5.0,nan,26,15,47.0,43
27,三義,2019-11-18,52,7,6.0,nan,25,15,40.0,52
26,苗栗,2019-11-18,73,10,7.0,nan,35,25,31.0,73
25,頭份,2019-11-18,75,7,nan,nan,42,30,nan,75
24,新竹,2019-11-18,87,7,6.0,nan,45,26,40.0,87
23,竹東,2019-11-18,44,4,5.0,nan,19,19,44.0,37
22,湖口,2019-11-18,92,9,7.0,nan,57,28,41.0,92
21,龍潭,2019-11-18,60,11,8.0,nan,24,27,38.0,60
20,平鎮,2019-11-18,77,9,9.0,nan,41,35,31.0,77
19,觀音,2019-11-18,106,14,6.0,nan,48,32,40.0,106
18,大園,2019-11-18,96,16,8.0,nan,54,44,39.0,96
17,桃園,2019-11-18,78,34,9.0,nan,35,36,26.0,78
16,大同,2019-11-18,69,9,14.0,nan,32,47,nan,69
15,松山,2019-11-18,64,4,7.0,nan,31,25,27.0,64
14,古亭,2019-11-18,58,4,7.0,nan,30,22,30.0,58
13,萬華,2019-11-18,56,4,8.0,nan,27,25,27.0,56
12,中山,2019-11-18,62,6,11.0,nan,29,48,26.0,62
11,士林,2019-11-18,50,4,10.0,nan,26,35,43.0,50
10,淡水,2019-11-18,72,4,8.0,nan,32,33,42.0,72
9,林口,2019-11-18,70,10,6.0,nan,33,27,35.0,70
8,菜寮,2019-11-18,66,7,12.0,nan,31,47,30.0,66
7,新莊,2019-11-18,75,9,12.0,nan,37,42,31.0,75
6,板橋,2019-11-18,82,9,9.0,nan,35,40,29.0,82
5,土城,2019-11-18,68,6,9.0,nan,32,30,33.0,68
4,新店,2019-11-18,54,4,6.0,nan,22,25,31.0,54
3,萬里,2019-11-18,64,6,6.0,nan,54,15,46.0,64
1,基隆,2019-11-18,68,6,10.0,nan,43,26,41.0,68
1,基隆,2019-11-19,60,1,2.0,nan,56,5.0,40.0,60
83,麥寮,2019-11-19,91,7,nan,nan,91,13.0,nan,57
80,關山,2019-11-19,45,3,nan,nan,45,5.0,33.0,19
78,馬公,2019-11-19,76,3,3.0,nan,58,4.0,42.0,76
77,金門,2019-11-19,80,4,6.0,nan,78,8.0,48.0,80
75,馬祖,2019-11-19,80,1,3.0,nan,60,7.0,46.0,80
72,埔里,2019-11-19,63,4,6.0,nan,32,18.0,46.0,63
71,復興,2019-11-19,67,6,9.0,nan,57,34.0,nan,67
70,永和,2019-11-19,55,4,6.0,nan,35,22.0,nan,55
69,竹山,2019-11-19,41,4,3.0,nan,32,20.0,35.0,41
68,中壢,2019-11-19,53,4,11.0,nan,39,32.0,nan,53
67,三重,2019-11-19,58,4,15.0,nan,42,39.0,nan,58
66,冬山,2019-11-19,34,3,3.0,nan,27,10.0,32.0,34
65,宜蘭,2019-11-19,31,3,5.0,nan,18,8.0,31.0,26
64,陽明,2019-11-19,37,3,2.0,nan,16,3.0,37.0,19
63,花蓮,2019-11-19,39,3,3.0,nan,20,8.0,39.0,22
62,臺東,2019-11-19,43,1,5.0,nan,43,10.0,39.0,25
61,恆春,2019-11-19,61,1,3.0,nan,25,3.0,44.0,61
60,潮州,2019-11-19,82,13,7.0,nan,63,24.0,54.0,82
59,屏東,2019-11-19,69,9,7.0,nan,56,19.0,47.0,69
58,小港,2019-11-19,70,7,8.0,nan,57,40.0,36.0,70
57,前鎮,2019-11-19,63,4,nan,nan,55,38.0,nan,63
56,前金,2019-11-19,65,4,6.0,nan,54,25.0,37.0,65
54,左營,2019-11-19,61,4,6.0,nan,54,25.0,38.0,61
53,楠梓,2019-11-19,61,4,5.0,nan,53,23.0,35.0,61
52,林園,2019-11-19,81,16,8.0,nan,70,32.0,49.0,81
51,大寮,2019-11-19,74,9,7.0,nan,55,40.0,30.0,74
50,鳳山,2019-11-19,64,7,7.0,nan,55,39.0,nan,64
49,仁武,2019-11-19,64,4,6.0,nan,54,31.0,32.0,64
48,橋頭,2019-11-19,57,4,6.0,nan,52,22.0,33.0,57
47,美濃,2019-11-19,57,1,5.0,nan,40,12.0,36.0,57
46,臺南,2019-11-19,60,3,5.0,nan,60,20.0,32.0,57
45,安南,2019-11-19,60,3,5.0,nan,60,15.0,34.0,59
44,善化,2019-11-19,52,4,3.0,nan,52,13.0,34.0,52
43,新營,2019-11-19,53,4,3.0,nan,53,17.0,33.0,53
42,嘉義,2019-11-19,42,16,5.0,nan,35,28.0,30.0,42
41,臺西,2019-11-19,134,4,nan,nan,101,7.0,nan,134
40,朴子,2019-11-19,80,4,3.0,nan,80,11.0,34.0,49
39,新港,2019-11-19,57,3,5.0,nan,57,10.0,34.0,48
38,崙背,2019-11-19,109,3,3.0,nan,109,10.0,34.0,62
37,斗六,2019-11-19,43,3,5.0,nan,37,15.0,35.0,43
36,南投,2019-11-19,35,4,6.0,nan,28,24.0,26.0,35
35,二林,2019-11-19,54,4,3.0,nan,54,8.0,34.0,43
34,線西,2019-11-19,53,4,nan,nan,53,11.0,nan,46
33,彰化,2019-11-19,36,3,5.0,nan,35,15.0,31.0,36
32,西屯,2019-11-19,49,4,3.0,nan,35,9.0,35.0,49
31,忠明,2019-11-19,42,7,3.0,nan,29,16.0,32.0,42
30,大里,2019-11-19,31,3,5.0,nan,23,18.0,31.0,29
29,沙鹿,2019-11-19,44,3,2.0,nan,41,8.0,36.0,44
28,豐原,2019-11-19,32,1,3.0,nan,22,9.0,32.0,30
27,三義,2019-11-19,36,3,3.0,nan,22,8.0,36.0,31
26,苗栗,2019-11-19,48,4,3.0,nan,34,10.0,31.0,48
25,頭份,2019-11-19,52,1,nan,nan,38,12.0,nan,52
24,新竹,2019-11-19,56,3,2.0,nan,43,14.0,33.0,56
23,竹東,2019-11-19,39,3,2.0,nan,23,5.0,39.0,28
22,湖口,2019-11-19,58,3,3.0,nan,44,9.0,35.0,58
21,龍潭,2019-11-19,43,3,3.0,nan,29,7.0,36.0,43
20,平鎮,2019-11-19,55,4,5.0,nan,41,19.0,30.0,55
19,觀音,2019-11-19,62,3,3.0,nan,55,9.0,36.0,62
18,大園,2019-11-19,66,7,3.0,nan,52,16.0,35.0,66
17,桃園,2019-11-19,55,7,5.0,nan,38,20.0,26.0,55
16,大同,2019-11-19,65,3,8.0,nan,45,32.0,nan,65
15,松山,2019-11-19,62,4,3.0,nan,48,18.0,33.0,62
14,古亭,2019-11-19,59,3,3.0,nan,42,nan,32.0,59
13,萬華,2019-11-19,56,3,5.0,nan,42,27.0,31.0,56
12,中山,2019-11-19,55,3,6.0,nan,40,30.0,30.0,55
11,士林,2019-11-19,38,3,2.0,nan,28,8.0,38.0,33
10,淡水,2019-11-19,56,1,2.0,nan,40,5.0,36.0,56
9,林口,2019-11-19,55,3,2.0,nan,38,15.0,35.0,55
8,菜寮,2019-11-19,46,3,5.0,nan,34,16.0,31.0,46
7,新莊,2019-11-19,54,3,3.0,nan,43,18.0,32.0,54
6,板橋,2019-11-19,55,4,5.0,nan,41,28.0,31.0,55
5,土城,2019-11-19,53,4,3.0,nan,39,15.0,33.0,53
4,新店,2019-11-19,53,3,3.0,nan,35,16.0,31.0,53
3,萬里,2019-11-19,80,4,2.0,nan,80,3.0,43.0,73
2,汐止,2019-11-19,58,7,3.0,nan,46,22.0,36.0,58
84,富貴角,2019-11-19,72,1,2.0,nan,63,3.0,42.0,72
9,林口,2019-11-20,37,4,3.0,nan,25,16,37.0,33
1,基隆,2019-11-20,42,3,2.0,nan,34,8,42.0,32
2,汐止,2019-11-20,36,3,3.0,nan,24,26,33.0,36
3,萬里,2019-11-20,57,3,2.0,nan,57,2,44.0,46
4,新店,2019-11-20,35,3,3.0,nan,18,17,35.0,29
5,土城,2019-11-20,35,3,3.0,nan,22,14,35.0,26
6,板橋,2019-11-20,33,3,3.0,nan,27,24,33.0,33
7,新莊,2019-11-20,38,6,5.0,nan,32,20,33.0,38
8,菜寮,2019-11-20,35,4,5.0,nan,27,21,31.0,35
84,富貴角,2019-11-20,48,1,1.0,nan,48,1,43.0,46
83,麥寮,2019-11-20,40,6,nan,nan,40,14,nan,37
80,關山,2019-11-20,33,3,nan,nan,19,5,33.0,14
78,馬公,2019-11-20,49,3,1.0,nan,44,2,44.0,49
77,金門,2019-11-20,66,7,2.0,nan,61,12,37.0,66
75,馬祖,2019-11-20,58,4,2.0,nan,52,5,42.0,58
72,埔里,2019-11-20,77,6,5.0,nan,33,18,77.0,60
71,復興,2019-11-20,80,13,11.0,nan,64,41,nan,80
70,永和,2019-11-20,31,3,5.0,nan,20,14,nan,31
69,竹山,2019-11-20,53,6,3.0,nan,35,21,47.0,53
68,中壢,2019-11-20,36,6,9.0,nan,28,25,nan,36
67,三重,2019-11-20,46,6,14.0,nan,35,43,nan,46
66,冬山,2019-11-20,32,7,2.0,nan,14,11,32.0,27
65,宜蘭,2019-11-20,34,3,2.0,nan,11,8,34.0,21
64,陽明,2019-11-20,38,3,1.0,nan,11,1,38.0,11
63,花蓮,2019-11-20,39,3,2.0,nan,13,8,39.0,12
62,臺東,2019-11-20,36,3,3.0,nan,22,10,36.0,13
61,恆春,2019-11-20,43,1,1.0,nan,14,2,43.0,34
60,潮州,2019-11-20,101,6,5.0,nan,62,17,101.0,80
59,屏東,2019-11-20,90,7,6.0,nan,65,29,90.0,77
58,小港,2019-11-20,78,11,7.0,nan,64,56,41.0,78
57,前鎮,2019-11-20,76,13,nan,nan,63,42,nan,76
56,前金,2019-11-20,90,9,7.0,nan,60,34,90.0,76
54,左營,2019-11-20,90,9,6.0,nan,62,31,90.0,75
53,楠梓,2019-11-20,71,7,5.0,nan,59,26,64.0,71
52,林園,2019-11-20,132,9,5.0,nan,69,32,132.0,82
51,大寮,2019-11-20,86,27,7.0,nan,63,33,47.0,86
50,鳳山,2019-11-20,70,11,8.0,nan,60,31,nan,70
49,仁武,2019-11-20,78,16,7.0,nan,63,44,61.0,78
48,橋頭,2019-11-20,73,7,6.0,nan,59,26,61.0,73
47,美濃,2019-11-20,68,6,5.0,nan,48,14,48.0,68
46,臺南,2019-11-20,63,7,6.0,nan,51,20,54.0,63
45,安南,2019-11-20,61,6,5.0,nan,50,20,61.0,59
44,善化,2019-11-20,61,7,3.0,nan,50,15,61.0,56
43,新營,2019-11-20,54,4,3.0,nan,46,19,48.0,54
42,嘉義,2019-11-20,53,13,5.0,nan,45,25,37.0,53
41,臺西,2019-11-20,70,6,nan,nan,70,10,nan,52
40,朴子,2019-11-20,44,6,3.0,nan,44,13,43.0,34
39,新港,2019-11-20,43,4,3.0,nan,42,15,43.0,40
38,崙背,2019-11-20,46,4,3.0,nan,46,14,38.0,37
37,斗六,2019-11-20,46,6,3.0,nan,38,19,44.0,46
36,南投,2019-11-20,36,6,6.0,nan,28,20,36.0,36
35,二林,2019-11-20,34,9,3.0,nan,31,15,34.0,31
34,線西,2019-11-20,35,7,nan,nan,35,14,nan,25
33,彰化,2019-11-20,32,3,5.0,nan,19,17,32.0,22
32,西屯,2019-11-20,40,4,2.0,nan,17,9,40.0,20
31,忠明,2019-11-20,38,4,3.0,nan,17,17,38.0,32
30,大里,2019-11-20,39,4,5.0,nan,19,22,39.0,26
29,沙鹿,2019-11-20,40,3,2.0,nan,16,10,40.0,20
28,豐原,2019-11-20,40,3,2.0,nan,16,9,40.0,21
27,三義,2019-11-20,37,3,1.0,nan,11,8,37.0,19
26,苗栗,2019-11-20,31,4,3.0,nan,15,9,31.0,26
25,頭份,2019-11-20,21,1,nan,nan,19,8,nan,21
24,新竹,2019-11-20,36,4,2.0,nan,31,10,36.0,33
23,竹東,2019-11-20,39,4,2.0,nan,11,4,39.0,15
22,湖口,2019-11-20,35,4,2.0,nan,27,11,35.0,32
21,龍潭,2019-11-20,39,4,2.0,nan,15,9,39.0,22
20,平鎮,2019-11-20,34,4,3.0,nan,28,17,34.0,33
19,觀音,2019-11-20,38,6,2.0,nan,37,11,36.0,38
18,大園,2019-11-20,37,6,2.0,nan,32,14,37.0,36
17,桃園,2019-11-20,39,9,3.0,nan,28,19,31.0,39
16,大同,2019-11-20,45,7,11.0,nan,34,36,nan,45
15,松山,2019-11-20,39,4,3.0,nan,28,26,33.0,39
14,古亭,2019-11-20,37,1,3.0,nan,25,15,37.0,34
13,萬華,2019-11-20,39,6,5.0,nan,27,28,31.0,39
12,中山,2019-11-20,39,6,6.0,nan,26,33,29.0,39
11,士林,2019-11-20,41,4,2.0,nan,22,6,41.0,23
10,淡水,2019-11-20,39,3,2.0,nan,19,4,39.0,28
77,金門,2019-11-21,53,6,3.0,nan,50.0,13,44.0,53
1,基隆,2019-11-21,36,4,3.0,nan,19.0,21,36.0,19
2,汐止,2019-11-21,30,6,6.0,nan,12.0,30,28.0,20
3,萬里,2019-11-21,42,4,1.0,nan,37.0,4,42.0,36
4,新店,2019-11-21,33,4,5.0,nan,9.0,22,33.0,17
5,土城,2019-11-21,34,4,6.0,nan,13.0,34,33.0,17
6,板橋,2019-11-21,36,4,7.0,nan,17.0,36,30.0,25
7,新莊,2019-11-21,34,6,5.0,nan,19.0,34,31.0,28
8,菜寮,2019-11-21,31,6,7.0,nan,15.0,31,27.0,28
9,林口,2019-11-21,36,6,2.0,nan,14.0,18,36.0,19
10,淡水,2019-11-21,36,3,2.0,nan,9.0,5,36.0,17
11,士林,2019-11-21,38,3,8.0,nan,14.0,37,38.0,14
12,中山,2019-11-21,40,6,10.0,nan,15.0,40,28.0,21
13,萬華,2019-11-21,38,6,10.0,nan,17.0,38,28.0,29
14,古亭,2019-11-21,33,4,7.0,nan,14.0,33,33.0,22
15,松山,2019-11-21,36,4,7.0,nan,14.0,36,30.0,27
16,大同,2019-11-21,44,9,40.0,nan,25.0,43,nan,44
17,桃園,2019-11-21,29,9,5.0,nan,14.0,21,29.0,22
18,大園,2019-11-21,37,9,2.0,nan,17.0,23,37.0,28
19,觀音,2019-11-21,37,9,2.0,nan,22.0,16,37.0,28
20,平鎮,2019-11-21,33,6,5.0,nan,15.0,14,33.0,22
21,龍潭,2019-11-21,35,6,2.0,nan,5.0,13,35.0,15
22,湖口,2019-11-21,36,4,2.0,nan,15.0,8,36.0,25
23,竹東,2019-11-21,35,3,2.0,nan,9.0,10,35.0,11
24,新竹,2019-11-21,34,4,2.0,nan,14.0,11,34.0,24
25,頭份,2019-11-21,21,3,nan,nan,11.0,18,nan,21
26,苗栗,2019-11-21,26,7,3.0,nan,12.0,18,26.0,20
27,三義,2019-11-21,34,4,2.0,nan,10.0,11,34.0,20
28,豐原,2019-11-21,40,6,5.0,nan,20.0,18,40.0,37
29,沙鹿,2019-11-21,40,4,2.0,nan,16.0,21,40.0,23
30,大里,2019-11-21,44,6,8.0,nan,24.0,37,44.0,37
31,忠明,2019-11-21,35,7,5.0,nan,19.0,25,35.0,35
32,西屯,2019-11-21,43,4,5.0,nan,18.0,23,43.0,30
33,彰化,2019-11-21,34,3,6.0,nan,22.0,29,34.0,31
34,線西,2019-11-21,21,7,nan,nan,nan,18,nan,21
35,二林,2019-11-21,38,7,3.0,nan,22.0,11,38.0,28
36,南投,2019-11-21,46,4,6.0,nan,29.0,23,46.0,44
37,斗六,2019-11-21,77,6,5.0,nan,39.0,22,77.0,57
38,崙背,2019-11-21,51,4,3.0,nan,51.0,12,45.0,40
39,新港,2019-11-21,58,4,3.0,nan,44.0,14,58.0,44
40,朴子,2019-11-21,50,4,3.0,nan,39.0,11,50.0,34
41,臺西,2019-11-21,37,4,nan,nan,37.0,14,nan,32
42,嘉義,2019-11-21,60,10,6.0,nan,40.0,28,48.0,60
43,新營,2019-11-21,67,6,5.0,nan,48.0,23,67.0,53
44,善化,2019-11-21,90,11,5.0,nan,48.0,19,90.0,61
45,安南,2019-11-21,87,9,6.0,nan,48.0,25,87.0,62
46,臺南,2019-11-21,90,7,7.0,nan,50.0,32,90.0,66
47,美濃,2019-11-21,71,4,5.0,nan,47.0,12,71.0,68
48,橋頭,2019-11-21,112,6,6.0,nan,57.0,27,112.0,74
49,仁武,2019-11-21,100,14,7.0,nan,57.0,55,100.0,77
50,鳳山,2019-11-21,69,11,8.0,nan,57.0,43,nan,69
51,大寮,2019-11-21,115,13,6.0,nan,58.0,36,115.0,84
52,林園,2019-11-21,100,24,6.0,nan,66.0,34,100.0,81
53,楠梓,2019-11-21,115,6,6.0,nan,56.0,26,115.0,75
54,左營,2019-11-21,112,7,7.0,nan,54.0,29,112.0,70
56,前金,2019-11-21,97,7,7.0,nan,53.0,33,97.0,71
57,前鎮,2019-11-21,74,9,nan,nan,57.0,46,nan,74
58,小港,2019-11-21,81,13,8.0,nan,58.0,51,64.0,81
59,屏東,2019-11-21,115,7,6.0,nan,60.0,24,115.0,80
60,潮州,2019-11-21,112,9,5.0,nan,63.0,21,112.0,85
61,恆春,2019-11-21,40,1,1.0,nan,12.0,2,40.0,18
62,臺東,2019-11-21,35,3,3.0,nan,18.0,8,35.0,13
83,麥寮,2019-11-21,33,6,nan,nan,31.0,14,nan,33
63,花蓮,2019-11-21,32,4,3.0,nan,16.0,20,32.0,19
64,陽明,2019-11-21,37,3,1.0,nan,5.0,2,37.0,3
72,埔里,2019-11-21,90,4,5.0,nan,29.0,22,90.0,56
65,宜蘭,2019-11-21,31,3,2.0,nan,5.0,14,31.0,3
80,關山,2019-11-21,31,3,nan,nan,9.0,7,31.0,13
66,冬山,2019-11-21,31,1,5.0,nan,5.0,24,31.0,9
75,馬祖,2019-11-21,43,3,1.0,nan,32.0,7,43.0,43
67,三重,2019-11-21,42,7,25.0,nan,20.0,42,nan,37
78,馬公,2019-11-21,42,4,1.0,nan,32.0,3,42.0,32
68,中壢,2019-11-21,26,4,8.0,nan,15.0,26,nan,24
71,復興,2019-11-21,76,11,10.0,nan,58.0,49,nan,76
69,竹山,2019-11-21,71,9,3.0,nan,32.0,19,71.0,56
84,富貴角,2019-11-21,40,1,1.0,nan,38.0,2,40.0,35
70,永和,2019-11-21,35,3,11.0,nan,10.0,35,nan,19
40,朴子,2019-11-22,40,3,3.0,nan,31,12,40.0,34
84,富貴角,2019-11-22,52,1,1.0,nan,52,3,36.0,39
83,麥寮,2019-11-22,29,4,nan,nan,23,13,nan,29
80,關山,2019-11-22,28,3,nan,nan,18,7,28.0,19
78,馬公,2019-11-22,36,3,2.0,nan,18,5,36.0,22
77,金門,2019-11-22,57,7,3.0,nan,44,19,34.0,57
75,馬祖,2019-11-22,37,3,2.0,nan,19,8,37.0,34
72,埔里,2019-11-22,77,7,7.0,nan,30,36,77.0,63
71,復興,2019-11-22,68,9,8.0,nan,40,36,nan,68
70,永和,2019-11-22,34,4,17.0,nan,5,34,nan,15
69,竹山,2019-11-22,87,6,5.0,nan,34,24,87.0,59
68,中壢,2019-11-22,35,4,9.0,nan,13,35,nan,22
67,三重,2019-11-22,44,10,23.0,nan,19,44,nan,37
66,冬山,2019-11-22,27,3,3.0,nan,12,15,27.0,11
65,宜蘭,2019-11-22,29,4,5.0,nan,13,20,29.0,8
64,陽明,2019-11-22,33,3,1.0,nan,5,2,33.0,3
63,花蓮,2019-11-22,37,4,3.0,nan,17,10,37.0,19
62,臺東,2019-11-22,34,3,3.0,nan,19,8,34.0,15
61,恆春,2019-11-22,108,4,3.0,nan,33,6,108.0,61
60,潮州,2019-11-22,156,6,5.0,nan,51,13,156.0,83
59,屏東,2019-11-22,136,4,8.0,nan,49,25,136.0,79
58,小港,2019-11-22,77,26,5.0,nan,38,38,77.0,69
57,前鎮,2019-11-22,67,4,nan,nan,41,49,nan,67
56,前金,2019-11-22,87,7,6.0,nan,37,39,87.0,62
54,左營,2019-11-22,77,6,6.0,nan,37,34,77.0,63
53,楠梓,2019-11-22,74,6,7.0,nan,43,32,74.0,68
52,林園,2019-11-22,169,9,5.0,nan,45,29,169.0,76
51,大寮,2019-11-22,154,11,5.0,nan,46,24,154.0,84
50,鳳山,2019-11-22,71,6,8.0,nan,43,25,nan,71
49,仁武,2019-11-22,87,6,6.0,nan,43,27,87.0,75
48,橋頭,2019-11-22,68,6,7.0,nan,43,35,58.0,68
47,美濃,2019-11-22,126,3,5.0,nan,41,12,126.0,71
46,臺南,2019-11-22,52,4,7.0,nan,35,36,45.0,52
45,安南,2019-11-22,52,4,5.0,nan,35,28,48.0,52
44,善化,2019-11-22,54,4,5.0,nan,36,23,51.0,54
43,新營,2019-11-22,53,4,5.0,nan,34,25,45.0,53
42,嘉義,2019-11-22,54,19,7.0,nan,34,32,48.0,54
41,臺西,2019-11-22,28,4,nan,nan,23,8,nan,28
39,新港,2019-11-22,43,4,3.0,nan,33,16,43.0,38
38,崙背,2019-11-22,36,4,3.0,nan,34,14,36.0,34
37,斗六,2019-11-22,61,4,5.0,nan,31,29,61.0,52
36,南投,2019-11-22,48,4,6.0,nan,26,27,48.0,46
35,二林,2019-11-22,31,9,3.0,nan,19,15,31.0,24
34,線西,2019-11-22,22,9,nan,nan,22,15,nan,21
33,彰化,2019-11-22,30,4,7.0,nan,17,25,30.0,27
32,西屯,2019-11-22,35,6,3.0,nan,12,15,35.0,21
31,忠明,2019-11-22,32,6,6.0,nan,12,25,32.0,27
30,大里,2019-11-22,36,6,8.0,nan,17,30,36.0,30
29,沙鹿,2019-11-22,34,4,2.0,nan,13,19,34.0,27
28,豐原,2019-11-22,32,3,3.0,nan,10,18,32.0,21
27,三義,2019-11-22,28,3,2.0,nan,5,14,28.0,20
26,苗栗,2019-11-22,27,6,5.0,nan,12,20,22.0,27
25,頭份,2019-11-22,21,4,nan,nan,12,16,nan,21
24,新竹,2019-11-22,28,3,2.0,nan,12,16,28.0,18
23,竹東,2019-11-22,30,4,2.0,nan,5,16,30.0,12
22,湖口,2019-11-22,32,4,2.0,nan,10,10,32.0,15
21,龍潭,2019-11-22,28,6,3.0,nan,5,22,28.0,17
20,平鎮,2019-11-22,27,3,5.0,nan,12,27,23.0,13
19,觀音,2019-11-22,32,10,2.0,nan,18,8,32.0,21
18,大園,2019-11-22,33,9,2.0,nan,16,18,33.0,19
17,桃園,2019-11-22,33,10,8.0,nan,11,33,23.0,20
16,大同,2019-11-22,45,9,33.0,nan,21,45,nan,42
15,松山,2019-11-22,31,3,6.0,nan,5,31,19.0,17
14,古亭,2019-11-22,32,3,8.0,nan,5,32,15.0,14
13,萬華,2019-11-22,34,3,8.0,nan,10,34,11.0,22
12,中山,2019-11-22,33,3,8.0,nan,5,33,13.0,20
11,士林,2019-11-22,30,3,7.0,nan,10,30,16.0,12
10,淡水,2019-11-22,29,1,3.0,nan,5,17,29.0,10
9,林口,2019-11-22,32,3,1.0,nan,5,12,32.0,11
8,菜寮,2019-11-22,34,4,9.0,nan,12,34,18.0,26
7,新莊,2019-11-22,35,9,9.0,nan,14,35,25.0,23
6,板橋,2019-11-22,34,6,9.0,nan,9,34,16.0,18
5,土城,2019-11-22,29,4,6.0,nan,5,29,20.0,9
4,新店,2019-11-22,25,6,6.0,nan,5,25,19.0,10
3,萬里,2019-11-22,43,6,2.0,nan,43,7,37.0,27
2,汐止,2019-11-22,30,4,7.0,nan,5,30,19.0,11
1,基隆,2019-11-22,32,9,5.0,nan,18,26,32.0,17
84,富貴角,2019-11-23,44,1,1.0,nan,44,5,34.0,33
1,基隆,2019-11-23,24,11,6.0,nan,18,24,20.0,24
2,汐止,2019-11-23,30,4,6.0,nan,17,23,26.0,30
3,萬里,2019-11-23,35,4,2.0,nan,35,10,34.0,32
4,新店,2019-11-23,28,3,6.0,nan,15,25,28.0,27
5,土城,2019-11-23,30,6,5.0,nan,16,20,30.0,22
6,板橋,2019-11-23,29,13,7.0,nan,18,29,28.0,29
7,新莊,2019-11-23,33,3,5.0,nan,19,26,31.0,33
8,菜寮,2019-11-23,33,4,5.0,nan,17,25,26.0,33
9,林口,2019-11-23,31,3,2.0,nan,5,8,31.0,14
10,淡水,2019-11-23,28,1,5.0,nan,12,12,28.0,20
11,士林,2019-11-23,29,3,6.0,nan,18,24,29.0,23
12,中山,2019-11-23,32,4,8.0,nan,19,29,19.0,32
13,萬華,2019-11-23,34,6,7.0,nan,20,31,20.0,34
14,古亭,2019-11-23,27,4,6.0,nan,16,27,27.0,27
15,松山,2019-11-23,33,6,6.0,nan,19,26,19.0,33
16,大同,2019-11-23,40,3,12.0,nan,23,30,nan,40
17,桃園,2019-11-23,29,7,5.0,nan,14,25,21.0,29
18,大園,2019-11-23,30,9,2.0,nan,14,18,30.0,25
19,觀音,2019-11-23,31,7,2.0,nan,18,12,31.0,25
20,平鎮,2019-11-23,28,4,5.0,nan,18,22,19.0,28
21,龍潭,2019-11-23,37,6,5.0,nan,18,18,25.0,37
22,湖口,2019-11-23,34,3,2.0,nan,21,12,30.0,34
23,竹東,2019-11-23,31,3,3.0,nan,14,18,27.0,31
24,新竹,2019-11-23,37,4,3.0,nan,21,19,26.0,37
25,頭份,2019-11-23,37,4,nan,nan,21,25,nan,37
26,苗栗,2019-11-23,43,7,5.0,nan,23,19,20.0,43
27,三義,2019-11-23,42,3,2.0,nan,18,11,34.0,42
28,豐原,2019-11-23,55,6,5.0,nan,28,16,37.0,55
29,沙鹿,2019-11-23,45,4,5.0,nan,21,18,34.0,45
30,大里,2019-11-23,62,6,8.0,nan,35,25,38.0,62
31,忠明,2019-11-23,55,6,5.0,nan,26,28,36.0,55
32,西屯,2019-11-23,47,4,5.0,nan,24,25,37.0,47
33,彰化,2019-11-23,53,6,7.0,nan,28,22,31.0,53
34,線西,2019-11-23,38,9,nan,nan,28,16,nan,38
35,二林,2019-11-23,54,10,5.0,nan,37,17,31.0,54
36,南投,2019-11-23,66,3,5.0,nan,33,21,44.0,66
37,斗六,2019-11-23,80,4,5.0,nan,45,26,51.0,80
38,崙背,2019-11-23,67,6,5.0,nan,46,16,35.0,67
39,新港,2019-11-23,81,4,6.0,nan,54,19,44.0,81
40,朴子,2019-11-23,72,6,6.0,nan,46,17,44.0,72
41,臺西,2019-11-23,49,6,nan,nan,28,15,nan,49
42,嘉義,2019-11-23,77,9,6.0,nan,44,25,44.0,77
43,新營,2019-11-23,82,7,6.0,nan,50,24,49.0,82
44,善化,2019-11-23,84,6,5.0,nan,52,21,49.0,84
45,安南,2019-11-23,94,6,6.0,nan,53,25,61.0,94
46,臺南,2019-11-23,94,6,7.0,nan,52,36,58.0,94
47,美濃,2019-11-23,67,4,5.0,nan,31,13,50.0,67
48,橋頭,2019-11-23,80,4,5.0,nan,45,20,54.0,80
49,仁武,2019-11-23,82,9,5.0,nan,47,30,50.0,82
50,鳳山,2019-11-23,74,7,6.0,nan,40,32,nan,74
51,大寮,2019-11-23,90,52,6.0,nan,46,27,47.0,90
52,林園,2019-11-23,84,11,6.0,nan,53,25,45.0,84
53,楠梓,2019-11-23,81,4,5.0,nan,43,31,51.0,81
54,左營,2019-11-23,80,7,6.0,nan,44,31,80.0,77
56,前金,2019-11-23,77,6,7.0,nan,45,33,58.0,77
57,前鎮,2019-11-23,71,7,nan,nan,43,34,nan,71
58,小港,2019-11-23,72,7,6.0,nan,38,31,41.0,72
59,屏東,2019-11-23,77,6,5.0,nan,44,21,61.0,77
60,潮州,2019-11-23,74,6,5.0,nan,40,18,64.0,74
61,恆春,2019-11-23,44,4,2.0,nan,13,4,44.0,23
62,臺東,2019-11-23,31,3,3.0,nan,17,8,31.0,16
63,花蓮,2019-11-23,32,3,2.0,nan,13,7,32.0,19
64,陽明,2019-11-23,29,3,1.0,nan,5,5,29.0,3
65,宜蘭,2019-11-23,31,4,3.0,nan,19,14,31.0,23
66,冬山,2019-11-23,28,4,2.0,nan,22,23,28.0,24
67,三重,2019-11-23,40,4,16.0,nan,24,35,nan,40
68,中壢,2019-11-23,35,4,9.0,nan,18,29,nan,35
69,竹山,2019-11-23,78,3,5.0,nan,39,15,58.0,78
70,永和,2019-11-23,32,4,16.0,nan,18,29,nan,32
71,復興,2019-11-23,74,10,8.0,nan,43,34,nan,74
72,埔里,2019-11-23,67,4,5.0,nan,30,18,64.0,67
75,馬祖,2019-11-23,38,6,2.0,nan,18,10,38.0,37
77,金門,2019-11-23,42,9,3.0,nan,25,20,42.0,41
78,馬公,2019-11-23,42,4,2.0,nan,21,5,42.0,31
80,關山,2019-11-23,25,3,nan,nan,12,7,25.0,18
83,麥寮,2019-11-23,52,7,nan,nan,34,17,nan,52
59,屏東,2019-11-24,78,6,5.0,nan,45,21,67.0,78
61,恆春,2019-11-24,34,3,1.0,nan,10,2,34.0,17
58,小港,2019-11-24,84,7,6.0,nan,44,37,54.0,84
62,臺東,2019-11-24,30,1,2.0,nan,11,5,30.0,16
57,前鎮,2019-11-24,87,6,nan,nan,49,30,nan,87
63,花蓮,2019-11-24,31,3,3.0,nan,16,12,24.0,31
56,前金,2019-11-24,93,6,6.0,nan,52,22,50.0,93
64,陽明,2019-11-24,31,3,1.0,nan,5,4,31.0,10
54,左營,2019-11-24,86,4,7.0,nan,49,21,51.0,86
65,宜蘭,2019-11-24,32,4,3.0,nan,17,22,32.0,26
53,楠梓,2019-11-24,86,4,5.0,nan,48,17,58.0,86
66,冬山,2019-11-24,32,6,3.0,nan,19,9,32.0,26
52,林園,2019-11-24,95,17,5.0,nan,58,32,51.0,95
67,三重,2019-11-24,37,3,11.0,nan,18,26,nan,37
51,大寮,2019-11-24,94,21,5.0,nan,47,25,67.0,94
68,中壢,2019-11-24,32,6,7.0,nan,17,30,nan,32
50,鳳山,2019-11-24,87,7,6.0,nan,48,32,nan,87
69,竹山,2019-11-24,98,4,5.0,nan,45,20,84.0,98
49,仁武,2019-11-24,95,14,5.0,nan,52,27,58.0,95
48,橋頭,2019-11-24,92,4,6.0,nan,52,19,51.0,92
70,永和,2019-11-24,24,7,8.0,nan,10,20,nan,24
47,美濃,2019-11-24,64,3,3.0,nan,31,9,50.0,64
71,復興,2019-11-24,91,9,8.0,nan,49,34,nan,91
46,臺南,2019-11-24,80,6,5.0,nan,45,24,45.0,80
72,埔里,2019-11-24,73,4,6.0,nan,31,21,58.0,73
45,安南,2019-11-24,78,4,5.0,nan,46,19,49.0,78
75,馬祖,2019-11-24,71,10,2.0,nan,23,24,71.0,56
77,金門,2019-11-24,63,16,3.0,nan,35,18,49.0,63
44,善化,2019-11-24,86,6,5.0,nan,52,18,54.0,86
78,馬公,2019-11-24,44,6,1.0,nan,18,4,44.0,25
43,新營,2019-11-24,74,6,3.0,nan,45,22,49.0,74
80,關山,2019-11-24,22,3,nan,nan,10,6,22.0,16
42,嘉義,2019-11-24,86,7,6.0,nan,48,21,49.0,86
83,麥寮,2019-11-24,43,4,nan,nan,34,12,nan,43
41,臺西,2019-11-24,41,7,nan,nan,24,8,nan,41
84,富貴角,2019-11-24,39,3,1.0,nan,31,7,39.0,26
40,朴子,2019-11-24,57,6,3.0,nan,41,9,46.0,57
39,新港,2019-11-24,69,6,3.0,nan,47,15,47.0,69
60,潮州,2019-11-24,81,4,3.0,nan,41,11,74.0,81
38,崙背,2019-11-24,58,4,3.0,nan,39,13,43.0,58
37,斗六,2019-11-24,89,9,5.0,nan,47,18,67.0,89
36,南投,2019-11-24,67,4,6.0,nan,36,27,45.0,67
35,二林,2019-11-24,62,11,3.0,nan,35,17,37.0,62
34,線西,2019-11-24,41,11,nan,nan,27,18,nan,41
33,彰化,2019-11-24,53,4,5.0,nan,29,23,38.0,53
32,西屯,2019-11-24,52,4,3.0,nan,23,23,43.0,52
31,忠明,2019-11-24,60,4,5.0,nan,26,24,41.0,60
30,大里,2019-11-24,65,6,7.0,nan,32,29,45.0,65
29,沙鹿,2019-11-24,49,3,3.0,nan,24,17,42.0,49
28,豐原,2019-11-24,52,4,3.0,nan,24,20,44.0,52
27,三義,2019-11-24,42,4,2.0,nan,19,13,40.0,42
26,苗栗,2019-11-24,44,7,3.0,nan,20,19,27.0,44
25,頭份,2019-11-24,42,9,nan,nan,20,21,nan,42
24,新竹,2019-11-24,37,6,3.0,nan,18,20,36.0,37
23,竹東,2019-11-24,37,3,2.0,nan,14,13,37.0,29
22,湖口,2019-11-24,36,4,2.0,nan,19,16,36.0,35
21,龍潭,2019-11-24,38,7,3.0,nan,17,17,35.0,38
20,平鎮,2019-11-24,32,7,5.0,nan,19,24,31.0,32
19,觀音,2019-11-24,37,10,2.0,nan,15,13,37.0,25
18,大園,2019-11-24,36,10,2.0,nan,15,19,36.0,27
17,桃園,2019-11-24,31,9,5.0,nan,14,18,26.0,31
16,大同,2019-11-24,37,4,9.0,nan,18,34,nan,37
15,松山,2019-11-24,30,6,5.0,nan,15,20,30.0,29
14,古亭,2019-11-24,29,6,3.0,nan,12,19,29.0,27
13,萬華,2019-11-24,31,4,6.0,nan,14,20,24.0,31
12,中山,2019-11-24,26,4,7.0,nan,12,23,24.0,26
11,士林,2019-11-24,31,4,3.0,nan,12,19,31.0,15
10,淡水,2019-11-24,31,1,3.0,nan,10,14,31.0,25
9,林口,2019-11-24,31,3,2.0,nan,13,14,31.0,27
8,菜寮,2019-11-24,31,4,5.0,nan,12,17,27.0,31
7,新莊,2019-11-24,31,4,3.0,nan,19,26,31.0,31
6,板橋,2019-11-24,28,11,5.0,nan,15,25,28.0,26
5,土城,2019-11-24,32,6,6.0,nan,13,23,32.0,25
4,新店,2019-11-24,30,6,5.0,nan,12,15,30.0,25
3,萬里,2019-11-24,38,6,2.0,nan,25,11,38.0,28
1,基隆,2019-11-24,36,4,6.0,nan,16,18,36.0,19
2,汐止,2019-11-24,31,11,5.0,nan,15,17,31.0,25
39,新港,2019-11-25,66,4,3.0,nan,59,16,49.0,66
1,基隆,2019-11-25,41,3,3.0,nan,31,7,40.0,41
2,汐止,2019-11-25,41,7,3.0,nan,27,20,33.0,41
3,萬里,2019-11-25,56,4,2.0,nan,56,7,41.0,56
4,新店,2019-11-25,34,4,5.0,nan,19,21,28.0,34
5,土城,2019-11-25,32,7,5.0,nan,22,20,30.0,32
6,板橋,2019-11-25,39,10,5.0,nan,26,24,28.0,39
7,新莊,2019-11-25,41,6,5.0,nan,26,19,32.0,41
8,菜寮,2019-11-25,42,3,5.0,nan,19,16,30.0,42
9,林口,2019-11-25,32,3,3.0,nan,19,16,31.0,32
10,淡水,2019-11-25,36,3,2.0,nan,15,9,36.0,34
11,士林,2019-11-25,36,3,3.0,nan,17,8,36.0,21
12,中山,2019-11-25,38,3,6.0,nan,22,26,29.0,38
13,萬華,2019-11-25,42,7,5.0,nan,22,25,31.0,42
14,古亭,2019-11-25,44,6,5.0,nan,25,23,30.0,44
15,松山,2019-11-25,45,7,3.0,nan,27,23,30.0,45
16,大同,2019-11-25,56,6,9.0,nan,30,34,nan,56
17,桃園,2019-11-25,46,9,6.0,nan,23,19,26.0,46
18,大園,2019-11-25,46,10,3.0,nan,26,28,32.0,46
19,觀音,2019-11-25,41,9,2.0,nan,27,8,35.0,41
20,平鎮,2019-11-25,37,9,5.0,nan,23,27,29.0,37
21,龍潭,2019-11-25,36,6,3.0,nan,18,12,36.0,32
22,湖口,2019-11-25,42,3,3.0,nan,23,8,35.0,42
23,竹東,2019-11-25,37,3,2.0,nan,16,7,37.0,26
24,新竹,2019-11-25,35,4,3.0,nan,23,11,34.0,35
25,頭份,2019-11-25,38,4,nan,nan,23,11,nan,38
26,苗栗,2019-11-25,39,4,3.0,nan,20,12,31.0,39
27,三義,2019-11-25,35,3,2.0,nan,16,11,35.0,30
28,豐原,2019-11-25,37,3,2.0,nan,19,11,36.0,37
29,沙鹿,2019-11-25,40,1,2.0,nan,24,14,40.0,37
30,大里,2019-11-25,53,4,7.0,nan,30,25,38.0,53
31,忠明,2019-11-25,41,4,3.0,nan,20,17,37.0,41
32,西屯,2019-11-25,38,4,2.0,nan,22,14,38.0,36
33,彰化,2019-11-25,41,4,6.0,nan,29,23,31.0,41
34,線西,2019-11-25,41,7,nan,nan,36,13,nan,41
35,二林,2019-11-25,44,7,3.0,nan,36,11,34.0,44
36,南投,2019-11-25,58,4,6.0,nan,34,23,44.0,58
37,斗六,2019-11-25,77,6,5.0,nan,50,18,58.0,77
38,崙背,2019-11-25,58,4,3.0,nan,58,13,42.0,55
40,朴子,2019-11-25,56,4,3.0,nan,54,12,46.0,56
41,臺西,2019-11-25,56,6,nan,nan,44,13,nan,56
42,嘉義,2019-11-25,81,10,6.0,nan,57,24,48.0,81
43,新營,2019-11-25,75,6,5.0,nan,59,25,58.0,75
44,善化,2019-11-25,75,9,5.0,nan,57,17,67.0,75
45,安南,2019-11-25,82,10,6.0,nan,62,21,67.0,82
46,臺南,2019-11-25,83,9,7.0,nan,60,28,67.0,83
47,美濃,2019-11-25,66,4,3.0,nan,46,15,61.0,66
48,橋頭,2019-11-25,84,7,6.0,nan,57,22,80.0,84
49,仁武,2019-11-25,88,11,6.0,nan,59,25,54.0,88
50,鳳山,2019-11-25,85,13,8.0,nan,57,31,nan,85
51,大寮,2019-11-25,99,33,8.0,nan,58,40,49.0,99
52,林園,2019-11-25,122,17,5.0,nan,60,20,122.0,95
53,楠梓,2019-11-25,82,6,6.0,nan,57,21,80.0,82
54,左營,2019-11-25,104,7,6.0,nan,60,26,104.0,87
56,前金,2019-11-25,84,4,6.0,nan,56,22,84.0,83
57,前鎮,2019-11-25,84,6,nan,nan,57,30,nan,84
58,小港,2019-11-25,87,9,7.0,nan,55,37,44.0,87
59,屏東,2019-11-25,85,11,6.0,nan,57,27,77.0,85
60,潮州,2019-11-25,85,13,5.0,nan,48,15,77.0,85
61,恆春,2019-11-25,42,1,1.0,nan,16,2,42.0,30
62,臺東,2019-11-25,34,3,3.0,nan,21,8,34.0,26
63,花蓮,2019-11-25,39,3,2.0,nan,20,8,39.0,30
64,陽明,2019-11-25,37,1,2.0,nan,5,1,37.0,17
65,宜蘭,2019-11-25,38,3,3.0,nan,24,9,38.0,34
66,冬山,2019-11-25,40,3,2.0,nan,33,11,38.0,40
67,三重,2019-11-25,52,4,16.0,nan,29,41,nan,52
68,中壢,2019-11-25,41,7,10.0,nan,24,31,nan,41
69,竹山,2019-11-25,86,4,5.0,nan,48,21,71.0,86
70,永和,2019-11-25,38,7,7.0,nan,19,23,nan,38
71,復興,2019-11-25,88,6,8.0,nan,59,28,nan,88
72,埔里,2019-11-25,68,6,5.0,nan,31,19,67.0,68
75,馬祖,2019-11-25,53,4,3.0,nan,28,6,34.0,53
77,金門,2019-11-25,55,4,3.0,nan,44,8,44.0,55
78,馬公,2019-11-25,44,6,2.0,nan,32,3,44.0,43
80,關山,2019-11-25,31,3,nan,nan,17,5,30.0,31
83,麥寮,2019-11-25,51,4,nan,nan,43,13,nan,51
84,富貴角,2019-11-25,44,1,2.0,nan,38,3,39.0,44
2,汐止,2019-11-26,36,6,5.0,nan,20.0,26,33.0,36.0
66,冬山,2019-11-26,34,3,3.0,nan,15.0,13,34.0,23.0
67,三重,2019-11-26,48,7,12.0,nan,28.0,35,nan,48.0
65,宜蘭,2019-11-26,37,3,3.0,nan,14.0,10,37.0,24.0
68,中壢,2019-11-26,33,4,9.0,nan,20.0,26,nan,33.0
69,竹山,2019-11-26,101,4,5.0,nan,47.0,27,101.0,75.0
70,永和,2019-11-26,31,3,5.0,nan,17.0,17,nan,31.0
71,復興,2019-11-26,78,7,10.0,nan,57.0,38,nan,78.0
64,陽明,2019-11-26,40,1,2.0,nan,5.0,1,40.0,10.0
72,埔里,2019-11-26,108,4,5.0,nan,41.0,22,108.0,78.0
63,花蓮,2019-11-26,43,3,6.0,nan,18.0,21,43.0,25.0
75,馬祖,2019-11-26,43,3,2.0,nan,22.0,13,35.0,43.0
62,臺東,2019-11-26,42,1,3.0,nan,18.0,9,42.0,21.0
77,金門,2019-11-26,39,3,3.0,nan,27.0,9,37.0,39.0
61,恆春,2019-11-26,45,1,2.0,nan,11.0,2,45.0,24.0
78,馬公,2019-11-26,47,4,1.0,nan,33.0,3,47.0,38.0
60,潮州,2019-11-26,78,7,5.0,nan,52.0,14,74.0,78.0
80,關山,2019-11-26,35,3,nan,nan,12.0,6,35.0,22.0
59,屏東,2019-11-26,84,11,7.0,nan,63.0,34,77.0,84.0
83,麥寮,2019-11-26,45,6,nan,nan,35.0,14,nan,45.0
84,富貴角,2019-11-26,43,1,2.0,nan,36.0,2,43.0,37.0
58,小港,2019-11-26,87,14,7.0,nan,58.0,53,44.0,87.0
57,前鎮,2019-11-26,73,9,nan,nan,59.0,39,nan,73.0
56,前金,2019-11-26,73,6,6.0,nan,50.0,25,58.0,73.0
54,左營,2019-11-26,100,7,6.0,nan,54.0,27,100.0,73.0
53,楠梓,2019-11-26,68,6,6.0,nan,51.0,32,50.0,68.0
52,林園,2019-11-26,87,11,5.0,nan,61.0,23,87.0,80.0
51,大寮,2019-11-26,86,40,7.0,nan,61.0,43,40.0,86.0
50,鳳山,2019-11-26,74,9,10.0,nan,53.0,42,nan,74.0
49,仁武,2019-11-26,76,13,6.0,nan,54.0,36,67.0,76.0
48,橋頭,2019-11-26,72,7,6.0,nan,52.0,28,64.0,72.0
47,美濃,2019-11-26,76,4,5.0,nan,48.0,15,74.0,76.0
46,臺南,2019-11-26,64,6,5.0,nan,44.0,19,64.0,63.0
45,安南,2019-11-26,64,6,5.0,nan,42.0,17,64.0,61.0
44,善化,2019-11-26,80,9,5.0,nan,46.0,19,80.0,61.0
43,新營,2019-11-26,77,6,5.0,nan,45.0,19,77.0,61.0
42,嘉義,2019-11-26,71,29,6.0,nan,44.0,27,71.0,67.0
41,臺西,2019-11-26,54,3,nan,nan,54.0,8,nan,51.0
1,基隆,2019-11-26,43,3,5.0,nan,27.0,15,43.0,36.0
40,朴子,2019-11-26,58,6,3.0,nan,49.0,13,58.0,43.0
39,新港,2019-11-26,61,10,3.0,nan,45.0,19,61.0,56.0
38,崙背,2019-11-26,45,7,5.0,nan,nan,16,45.0,nan
37,斗六,2019-11-26,74,10,5.0,nan,44.0,24,74.0,61.0
36,南投,2019-11-26,61,7,7.0,nan,36.0,42,61.0,58.0
35,二林,2019-11-26,41,11,5.0,nan,31.0,18,41.0,39.0
34,線西,2019-11-26,39,13,nan,nan,31.0,21,nan,39.0
33,彰化,2019-11-26,40,4,6.0,nan,26.0,24,40.0,39.0
32,西屯,2019-11-26,44,3,5.0,nan,23.0,25,44.0,38.0
31,忠明,2019-11-26,45,4,5.0,nan,23.0,27,45.0,42.0
30,大里,2019-11-26,51,6,7.0,nan,28.0,30,51.0,44.0
29,沙鹿,2019-11-26,43,4,5.0,nan,23.0,20,43.0,34.0
28,豐原,2019-11-26,45,7,5.0,nan,25.0,23,45.0,41.0
27,三義,2019-11-26,41,3,2.0,nan,14.0,11,41.0,25.0
26,苗栗,2019-11-26,32,6,5.0,nan,18.0,20,31.0,32.0
25,頭份,2019-11-26,27,4,nan,nan,17.0,16,nan,27.0
24,新竹,2019-11-26,38,4,3.0,nan,19.0,18,38.0,33.0
23,竹東,2019-11-26,38,4,3.0,nan,13.0,13,38.0,19.0
22,湖口,2019-11-26,38,4,3.0,nan,20.0,13,38.0,32.0
21,龍潭,2019-11-26,40,3,3.0,nan,12.0,11,40.0,20.0
20,平鎮,2019-11-26,36,4,5.0,nan,20.0,18,36.0,30.0
19,觀音,2019-11-26,39,26,2.0,nan,24.0,12,39.0,37.0
18,大園,2019-11-26,36,11,2.0,nan,20.0,18,36.0,34.0
17,桃園,2019-11-26,35,6,5.0,nan,20.0,16,31.0,35.0
16,大同,2019-11-26,52,6,10.0,nan,30.0,39,nan,52.0
15,松山,2019-11-26,40,4,6.0,nan,22.0,27,33.0,40.0
14,古亭,2019-11-26,37,4,3.0,nan,20.0,16,37.0,32.0
13,萬華,2019-11-26,39,4,5.0,nan,22.0,27,34.0,39.0
12,中山,2019-11-26,39,7,6.0,nan,22.0,32,31.0,39.0
11,士林,2019-11-26,42,10,2.0,nan,17.0,12,42.0,18.0
10,淡水,2019-11-26,38,4,2.0,nan,11.0,7,38.0,23.0
9,林口,2019-11-26,36,9,3.0,nan,20.0,16,36.0,33.0
8,菜寮,2019-11-26,39,6,5.0,nan,20.0,17,32.0,39.0
7,新莊,2019-11-26,36,4,5.0,nan,27.0,19,36.0,36.0
6,板橋,2019-11-26,32,6,6.0,nan,21.0,25,32.0,32.0
5,土城,2019-11-26,37,3,3.0,nan,17.0,13,37.0,19.0
4,新店,2019-11-26,36,3,5.0,nan,14.0,11,36.0,27.0
3,萬里,2019-11-26,45,4,2.0,nan,44.0,3,45.0,41.0
2,汐止,2019-11-27,34,7,5.0,nan,15,23,34.0,28
84,富貴角,2019-11-27,46,1,2.0,nan,29,2,46.0,28
83,麥寮,2019-11-27,37,4,nan,nan,32,13,nan,37
80,關山,2019-11-27,30,3,nan,nan,5,7,30.0,14
78,馬公,2019-11-27,44,4,2.0,nan,24,3,44.0,30
77,金門,2019-11-27,49,7,3.0,nan,31,13,43.0,49
75,馬祖,2019-11-27,50,4,2.0,nan,29,9,39.0,50
72,埔里,2019-11-27,74,6,6.0,nan,37,27,67.0,74
71,復興,2019-11-27,93,9,11.0,nan,61,41,nan,93
70,永和,2019-11-27,25,7,6.0,nan,12,20,nan,25
69,竹山,2019-11-27,80,6,5.0,nan,48,25,74.0,80
68,中壢,2019-11-27,29,9,9.0,nan,14,29,nan,26
67,三重,2019-11-27,35,10,14.0,nan,18,35,nan,33
66,冬山,2019-11-27,35,3,3.0,nan,10,18,35.0,16
65,宜蘭,2019-11-27,32,3,5.0,nan,9,13,32.0,14
64,陽明,2019-11-27,43,1,2.0,nan,5,1,43.0,3
63,花蓮,2019-11-27,31,4,5.0,nan,12,16,31.0,16
62,臺東,2019-11-27,39,3,3.0,nan,14,8,39.0,15
61,恆春,2019-11-27,41,1,1.0,nan,5,2,41.0,18
60,潮州,2019-11-27,156,14,7.0,nan,60,17,156.0,102
59,屏東,2019-11-27,159,16,7.0,101.0,66,36,159.0,102
58,小港,2019-11-27,95,13,9.0,nan,61,68,48.0,95
57,前鎮,2019-11-27,89,7,nan,nan,59,38,nan,89
56,前金,2019-11-27,104,9,8.0,nan,59,29,104.0,88
54,左營,2019-11-27,97,9,8.0,nan,58,32,97.0,84
53,楠梓,2019-11-27,93,9,6.0,nan,59,29,93.0,90
52,林園,2019-11-27,118,44,7.0,nan,66,42,118.0,98
51,大寮,2019-11-27,108,20,9.0,nan,65,40,93.0,108
50,鳳山,2019-11-27,91,10,8.0,nan,60,43,nan,91
49,仁武,2019-11-27,97,10,7.0,nan,60,35,97.0,90
48,橋頭,2019-11-27,84,7,7.0,nan,59,31,80.0,84
47,美濃,2019-11-27,132,10,6.0,nan,50,16,132.0,81
46,臺南,2019-11-27,64,6,5.0,nan,44,20,64.0,63
45,安南,2019-11-27,66,6,5.0,nan,45,20,58.0,66
44,善化,2019-11-27,74,7,5.0,nan,51,19,74.0,68
43,新營,2019-11-27,60,4,5.0,nan,45,21,45.0,60
42,嘉義,2019-11-27,68,47,6.0,nan,47,25,45.0,68
41,臺西,2019-11-27,39,6,nan,nan,30,7,nan,39
40,朴子,2019-11-27,48,6,5.0,nan,44,16,44.0,48
39,新港,2019-11-27,49,6,3.0,nan,42,14,46.0,49
38,崙背,2019-11-27,47,7,3.0,nan,41,15,43.0,47
37,斗六,2019-11-27,61,6,5.0,nan,41,25,61.0,61
36,南投,2019-11-27,53,4,6.0,nan,31,28,42.0,53
35,二林,2019-11-27,37,10,3.0,nan,28,15,36.0,37
34,線西,2019-11-27,34,7,nan,nan,29,16,nan,34
33,彰化,2019-11-27,36,6,5.0,nan,22,19,36.0,32
32,西屯,2019-11-27,35,6,3.0,nan,19,21,35.0,29
31,忠明,2019-11-27,40,4,5.0,nan,21,19,40.0,38
30,大里,2019-11-27,48,6,7.0,nan,28,26,44.0,48
29,沙鹿,2019-11-27,42,4,3.0,nan,20,16,42.0,34
28,豐原,2019-11-27,41,4,3.0,nan,22,15,41.0,36
27,三義,2019-11-27,38,4,2.0,nan,12,13,38.0,24
26,苗栗,2019-11-27,30,7,5.0,nan,16,12,30.0,30
25,頭份,2019-11-27,24,4,nan,nan,15,16,nan,24
24,新竹,2019-11-27,36,6,3.0,nan,14,18,36.0,25
23,竹東,2019-11-27,36,3,3.0,nan,11,11,36.0,17
22,湖口,2019-11-27,36,6,3.0,nan,16,12,36.0,26
21,龍潭,2019-11-27,37,7,3.0,nan,9,11,37.0,16
20,平鎮,2019-11-27,32,10,5.0,nan,13,19,32.0,22
19,觀音,2019-11-27,42,20,2.0,nan,19,8,42.0,30
18,大園,2019-11-27,37,11,3.0,nan,16,29,37.0,29
17,桃園,2019-11-27,28,10,6.0,nan,12,19,28.0,27
16,大同,2019-11-27,39,9,9.0,nan,20,38,nan,39
15,松山,2019-11-27,35,6,5.0,nan,18,29,31.0,35
14,古亭,2019-11-27,33,7,3.0,nan,14,18,33.0,25
13,萬華,2019-11-27,32,7,5.0,nan,15,31,32.0,26
12,中山,2019-11-27,33,9,7.0,nan,14,33,31.0,25
11,士林,2019-11-27,41,9,2.0,nan,5,8,41.0,8
10,淡水,2019-11-27,40,3,2.0,nan,5,8,40.0,16
9,林口,2019-11-27,34,11,3.0,nan,12,21,34.0,22
8,菜寮,2019-11-27,31,9,5.0,nan,12,16,31.0,27
7,新莊,2019-11-27,33,10,5.0,nan,19,22,33.0,30
6,板橋,2019-11-27,30,9,5.0,nan,17,28,30.0,29
5,土城,2019-11-27,35,7,5.0,nan,12,15,35.0,15
4,新店,2019-11-27,34,3,5.0,nan,5,18,34.0,16
3,萬里,2019-11-27,48,4,2.0,nan,38,4,48.0,32
1,基隆,2019-11-27,40,3,3.0,nan,19,16,40.0,25
2,汐止,2019-11-28,34,3,3.0,nan,13,21,34.0,24
84,富貴角,2019-11-28,46,1,2.0,nan,46,3,42.0,45
1,基隆,2019-11-28,39,3,3.0,nan,23,7,39.0,22
83,麥寮,2019-11-28,57,6,nan,nan,57,12,nan,36
80,關山,2019-11-28,31,3,nan,nan,5,4,31.0,12
78,馬公,2019-11-28,41,3,3.0,nan,27,3,41.0,30
77,金門,2019-11-28,44,4,3.0,nan,33,11,30.0,44
75,馬祖,2019-11-28,29,3,3.0,nan,18,8,26.0,29
72,埔里,2019-11-28,56,4,5.0,nan,31,18,54.0,56
71,復興,2019-11-28,75,6,9.0,nan,68,27,nan,75
70,永和,2019-11-28,23,4,8.0,nan,11,21,nan,23
69,竹山,2019-11-28,45,3,3.0,nan,31,16,44.0,45
68,中壢,2019-11-28,34,6,9.0,nan,18,34,nan,26
67,三重,2019-11-28,40,6,15.0,nan,18,40,nan,31
66,冬山,2019-11-28,33,1,3.0,nan,16,16,33.0,17
65,宜蘭,2019-11-28,32,3,3.0,nan,10,11,32.0,14
64,陽明,2019-11-28,38,1,2.0,nan,5,2,38.0,6
63,花蓮,2019-11-28,39,3,3.0,nan,16,9,39.0,19
62,臺東,2019-11-28,35,1,5.0,nan,13,8,35.0,12
61,恆春,2019-11-28,42,1,2.0,nan,9,1,42.0,17
60,潮州,2019-11-28,101,9,7.0,nan,70,20,101.0,94
59,屏東,2019-11-28,87,7,6.0,nan,67,19,87.0,84
58,小港,2019-11-28,82,7,7.0,nan,68,39,45.0,82
57,前鎮,2019-11-28,71,6,nan,nan,68,28,nan,71
56,前金,2019-11-28,72,7,6.0,nan,71,23,49.0,72
54,左營,2019-11-28,67,6,6.0,nan,64,23,50.0,67
53,楠梓,2019-11-28,72,4,5.0,nan,64,22,49.0,72
52,林園,2019-11-28,97,13,6.0,nan,72,32,97.0,85
51,大寮,2019-11-28,90,14,8.0,nan,66,33,49.0,90
50,鳳山,2019-11-28,78,10,7.0,nan,67,32,nan,78
49,仁武,2019-11-28,79,6,6.0,nan,66,27,50.0,79
48,橋頭,2019-11-28,69,4,5.0,nan,63,23,46.0,69
47,美濃,2019-11-28,67,3,5.0,nan,51,10,54.0,67
46,臺南,2019-11-28,62,6,5.0,nan,62,16,41.0,55
45,安南,2019-11-28,64,6,3.0,nan,64,17,43.0,54
44,善化,2019-11-28,59,6,3.0,nan,59,14,44.0,51
43,新營,2019-11-28,57,4,3.0,nan,57,14,40.0,48
42,嘉義,2019-11-28,44,10,6.0,nan,44,24,37.0,44
41,臺西,2019-11-28,62,4,nan,nan,62,11,nan,45
40,朴子,2019-11-28,70,4,3.0,nan,70,14,36.0,37
39,新港,2019-11-28,57,3,3.0,nan,57,10,36.0,37
38,崙背,2019-11-28,91,4,3.0,nan,91,12,32.0,44
37,斗六,2019-11-28,42,4,3.0,nan,33,19,42.0,39
36,南投,2019-11-28,31,4,5.0,nan,25,23,31.0,30
35,二林,2019-11-28,42,6,3.0,nan,42,9,31.0,29
34,線西,2019-11-28,33,4,nan,nan,33,11,nan,27
33,彰化,2019-11-28,30,4,5.0,nan,23,15,30.0,21
32,西屯,2019-11-28,33,6,2.0,nan,21,9,33.0,21
31,忠明,2019-11-28,31,3,3.0,nan,20,16,31.0,25
30,大里,2019-11-28,30,4,5.0,nan,19,18,30.0,19
29,沙鹿,2019-11-28,33,3,3.0,nan,22,10,33.0,27
28,豐原,2019-11-28,31,3,3.0,nan,17,10,31.0,22
27,三義,2019-11-28,33,3,3.0,nan,13,8,33.0,20
26,苗栗,2019-11-28,30,6,3.0,nan,18,12,27.0,30
25,頭份,2019-11-28,24,3,nan,nan,16,11,nan,24
24,新竹,2019-11-28,32,3,3.0,nan,19,12,32.0,29
23,竹東,2019-11-28,38,4,3.0,nan,10,9,38.0,14
22,湖口,2019-11-28,34,1,3.0,nan,18,10,34.0,27
21,龍潭,2019-11-28,34,6,5.0,nan,9,17,34.0,23
20,平鎮,2019-11-28,30,4,5.0,nan,19,22,30.0,26
19,觀音,2019-11-28,35,9,3.0,nan,23,10,35.0,29
18,大園,2019-11-28,34,7,3.0,nan,21,23,34.0,32
17,桃園,2019-11-28,30,10,5.0,nan,15,22,27.0,30
16,大同,2019-11-28,41,6,14.0,nan,19,41,nan,35
15,松山,2019-11-28,31,3,5.0,nan,12,25,31.0,28
14,古亭,2019-11-28,31,4,5.0,nan,12,19,31.0,23
13,萬華,2019-11-28,31,6,5.0,nan,12,27,31.0,24
12,中山,2019-11-28,29,4,7.0,nan,11,29,29.0,23
11,士林,2019-11-28,36,3,3.0,nan,5,8,36.0,7
10,淡水,2019-11-28,36,3,2.0,nan,14,5,36.0,24
9,林口,2019-11-28,34,3,2.0,nan,17,9,34.0,24
8,菜寮,2019-11-28,27,3,6.0,nan,11,21,27.0,23
7,新莊,2019-11-28,30,4,5.0,nan,19,22,30.0,26
6,板橋,2019-11-28,28,4,6.0,nan,14,27,28.0,20
5,土城,2019-11-28,33,4,5.0,nan,13,17,33.0,17
4,新店,2019-11-28,32,4,5.0,nan,11,17,32.0,24
3,萬里,2019-11-28,52,4,2.0,nan,52,2,43.0,43
83,麥寮,2019-11-29,49,7,nan,nan,49.0,19,nan,38.0
19,觀音,2019-11-29,41,11,2.0,nan,27.0,25,41.0,33.0
20,平鎮,2019-11-29,34,6,5.0,nan,24.0,20,34.0,29.0
18,大園,2019-11-29,37,6,3.0,nan,26.0,25,37.0,34.0
21,龍潭,2019-11-29,40,4,3.0,nan,17.0,13,40.0,25.0
17,桃園,2019-11-29,34,10,6.0,nan,23.0,23,31.0,34.0
16,大同,2019-11-29,46,9,12.0,nan,31.0,42,nan,46.0
15,松山,2019-11-29,33,7,5.0,nan,25.0,32,30.0,33.0
14,古亭,2019-11-29,34,3,3.0,nan,21.0,20,34.0,27.0
13,萬華,2019-11-29,32,7,5.0,nan,23.0,32,29.0,30.0
22,湖口,2019-11-29,39,7,3.0,nan,21.0,16,39.0,33.0
12,中山,2019-11-29,36,10,7.0,nan,23.0,36,27.0,28.0
23,竹東,2019-11-29,39,3,2.0,nan,18.0,8,39.0,22.0
11,士林,2019-11-29,41,3,2.0,nan,19.0,14,41.0,16.0
10,淡水,2019-11-29,39,3,3.0,nan,18.0,20,39.0,26.0
9,林口,2019-11-29,34,3,3.0,nan,24.0,32,34.0,31.0
24,新竹,2019-11-29,38,4,3.0,nan,22.0,17,38.0,27.0
8,菜寮,2019-11-29,35,7,5.0,nan,22.0,25,34.0,35.0
25,頭份,2019-11-29,26,3,nan,nan,23.0,16,nan,26.0
7,新莊,2019-11-29,37,7,5.0,nan,28.0,25,37.0,34.0
26,苗栗,2019-11-29,34,6,6.0,nan,23.0,26,34.0,31.0
6,板橋,2019-11-29,31,7,5.0,nan,23.0,31,31.0,28.0
27,三義,2019-11-29,40,3,2.0,nan,17.0,15,40.0,27.0
5,土城,2019-11-29,38,3,5.0,nan,22.0,19,38.0,21.0
28,豐原,2019-11-29,40,3,3.0,nan,19.0,19,40.0,26.0
4,新店,2019-11-29,34,1,5.0,nan,19.0,21,34.0,27.0
29,沙鹿,2019-11-29,43,6,5.0,nan,24.0,17,43.0,30.0
3,萬里,2019-11-29,55,3,2.0,nan,55.0,3,47.0,41.0
2,汐止,2019-11-29,33,4,3.0,nan,23.0,33,33.0,30.0
30,大里,2019-11-29,38,4,7.0,nan,22.0,32,38.0,28.0
1,基隆,2019-11-29,41,3,2.0,nan,nan,7,41.0,nan
31,忠明,2019-11-29,38,6,6.0,nan,22.0,25,38.0,30.0
32,西屯,2019-11-29,44,6,3.0,nan,21.0,21,44.0,28.0
33,彰化,2019-11-29,37,3,6.0,nan,25.0,25,37.0,29.0
34,線西,2019-11-29,35,7,nan,nan,35.0,18,nan,31.0
35,二林,2019-11-29,38,9,5.0,nan,35.0,18,38.0,35.0
36,南投,2019-11-29,41,4,6.0,nan,27.0,33,41.0,40.0
37,斗六,2019-11-29,54,6,5.0,nan,41.0,24,50.0,54.0
38,崙背,2019-11-29,43,7,5.0,nan,42.0,19,43.0,40.0
39,新港,2019-11-29,50,6,3.0,nan,44.0,15,50.0,44.0
40,朴子,2019-11-29,46,6,3.0,nan,44.0,16,46.0,40.0
41,臺西,2019-11-29,52,4,nan,nan,52.0,11,nan,43.0
42,嘉義,2019-11-29,57,10,6.0,nan,47.0,34,46.0,57.0
43,新營,2019-11-29,54,4,5.0,nan,43.0,20,50.0,54.0
44,善化,2019-11-29,65,9,3.0,nan,54.0,21,61.0,65.0
45,安南,2019-11-29,61,7,5.0,nan,41.0,29,61.0,56.0
46,臺南,2019-11-29,60,6,6.0,nan,43.0,26,50.0,60.0
47,美濃,2019-11-29,61,4,3.0,nan,35.0,11,61.0,49.0
48,橋頭,2019-11-29,61,7,5.0,nan,43.0,24,61.0,58.0
49,仁武,2019-11-29,59,13,6.0,nan,43.0,33,51.0,59.0
50,鳳山,2019-11-29,48,11,7.0,nan,40.0,30,nan,48.0
51,大寮,2019-11-29,64,14,6.0,nan,45.0,31,47.0,64.0
52,林園,2019-11-29,104,27,6.0,nan,52.0,26,104.0,63.0
53,楠梓,2019-11-29,56,7,5.0,nan,44.0,28,49.0,56.0
54,左營,2019-11-29,64,9,6.0,nan,42.0,39,64.0,58.0
56,前金,2019-11-29,64,6,7.0,nan,43.0,32,64.0,59.0
57,前鎮,2019-11-29,55,9,nan,nan,44.0,48,nan,55.0
58,小港,2019-11-29,58,14,7.0,nan,42.0,55,43.0,58.0
59,屏東,2019-11-29,63,9,8.0,nan,51.0,35,51.0,63.0
60,潮州,2019-11-29,77,7,5.0,nan,44.0,14,77.0,58.0
61,恆春,2019-11-29,44,1,2.0,nan,16.0,1,44.0,18.0
62,臺東,2019-11-29,38,3,3.0,nan,18.0,9,38.0,15.0
63,花蓮,2019-11-29,37,4,5.0,nan,19.0,24,37.0,19.0
64,陽明,2019-11-29,39,3,1.0,nan,10.0,1,39.0,14.0
65,宜蘭,2019-11-29,40,3,3.0,nan,21.0,13,40.0,23.0
66,冬山,2019-11-29,36,1,2.0,nan,26.0,16,36.0,24.0
67,三重,2019-11-29,43,6,15.0,nan,30.0,43,nan,36.0
68,中壢,2019-11-29,35,6,11.0,nan,24.0,35,nan,31.0
69,竹山,2019-11-29,60,6,5.0,nan,41.0,25,54.0,60.0
70,永和,2019-11-29,25,3,7.0,nan,18.0,25,nan,25.0
71,復興,2019-11-29,56,11,9.0,nan,43.0,47,nan,56.0
72,埔里,2019-11-29,71,4,5.0,nan,31.0,16,71.0,49.0
75,馬祖,2019-11-29,47,3,2.0,nan,30.0,7,47.0,46.0
77,金門,2019-11-29,51,7,3.0,nan,41.0,14,45.0,51.0
78,馬公,2019-11-29,47,3,1.0,nan,33.0,2,47.0,36.0
80,關山,2019-11-29,33,1,nan,nan,13.0,6,33.0,21.0
84,富貴角,2019-11-29,45,1,1.0,nan,41.0,1,45.0,35.0
1,基隆,2019-11-30,28,3,5.0,nan,nan,22,28.0,nan
84,富貴角,2019-11-30,44,10,1.0,nan,44.0,9,40.0,33.0
83,麥寮,2019-11-30,46,6,nan,nan,34.0,16,nan,46.0
80,關山,2019-11-30,30,3,nan,nan,11.0,8,30.0,19.0
78,馬公,2019-11-30,41,3,2.0,nan,30.0,4,41.0,32.0
77,金門,2019-11-30,59,7,5.0,nan,44.0,26,39.0,59.0
75,馬祖,2019-11-30,39,3,2.0,nan,21.0,8,32.0,39.0
72,埔里,2019-11-30,84,4,5.0,nan,32.0,18,84.0,62.0
71,復興,2019-11-30,71,9,9.0,nan,49.0,29,nan,71.0
70,永和,2019-11-30,28,3,8.0,nan,10.0,28,nan,15.0
69,竹山,2019-11-30,90,4,6.0,nan,52.0,27,90.0,85.0
68,中壢,2019-11-30,42,6,22.0,nan,20.0,42,nan,40.0
67,三重,2019-11-30,38,6,14.0,nan,20.0,38,nan,29.0
66,冬山,2019-11-30,32,4,2.0,nan,18.0,25,32.0,20.0
65,宜蘭,2019-11-30,35,3,3.0,nan,16.0,13,35.0,18.0
64,陽明,2019-11-30,36,4,1.0,nan,5.0,1,36.0,7.0
63,花蓮,2019-11-30,37,1,3.0,nan,13.0,11,37.0,17.0
62,臺東,2019-11-30,33,3,3.0,nan,9.0,9,33.0,11.0
61,恆春,2019-11-30,39,1,1.0,nan,12.0,1,39.0,17.0
60,潮州,2019-11-30,118,6,5.0,nan,48.0,15,118.0,80.0
59,屏東,2019-11-30,93,4,6.0,nan,47.0,27,93.0,71.0
58,小港,2019-11-30,68,6,5.0,nan,44.0,27,61.0,68.0
57,前鎮,2019-11-30,67,9,nan,nan,53.0,31,nan,67.0
56,前金,2019-11-30,87,6,6.0,nan,51.0,22,87.0,72.0
54,左營,2019-11-30,77,6,6.0,nan,50.0,22,77.0,71.0
53,楠梓,2019-11-30,73,4,6.0,nan,50.0,24,71.0,73.0
52,林園,2019-11-30,101,7,5.0,nan,51.0,21,101.0,74.0
51,大寮,2019-11-30,100,24,6.0,nan,48.0,31,100.0,80.0
50,鳳山,2019-11-30,65,6,6.0,nan,48.0,27,nan,65.0
49,仁武,2019-11-30,80,10,6.0,nan,52.0,35,80.0,78.0
48,橋頭,2019-11-30,75,6,5.0,nan,52.0,24,61.0,75.0
47,美濃,2019-11-30,93,6,5.0,nan,37.0,15,93.0,64.0
46,臺南,2019-11-30,70,7,6.0,nan,51.0,31,46.0,70.0
45,安南,2019-11-30,64,6,6.0,nan,43.0,27,51.0,64.0
44,善化,2019-11-30,70,9,5.0,nan,51.0,21,58.0,70.0
43,新營,2019-11-30,66,7,5.0,nan,44.0,27,49.0,66.0
42,嘉義,2019-11-30,70,6,6.0,nan,45.0,28,51.0,70.0
41,臺西,2019-11-30,50,11,nan,nan,31.0,25,nan,50.0
40,朴子,2019-11-30,53,6,5.0,nan,41.0,18,44.0,53.0
39,新港,2019-11-30,62,4,5.0,nan,48.0,18,47.0,62.0
38,崙背,2019-11-30,55,6,3.0,nan,40.0,19,42.0,55.0
37,斗六,2019-11-30,74,4,5.0,nan,46.0,32,74.0,72.0
36,南投,2019-11-30,63,4,5.0,nan,39.0,20,50.0,63.0
35,二林,2019-11-30,59,9,5.0,nan,37.0,20,38.0,59.0
34,線西,2019-11-30,45,10,nan,nan,36.0,26,nan,45.0
33,彰化,2019-11-30,53,7,7.0,nan,33.0,27,41.0,53.0
32,西屯,2019-11-30,61,6,7.0,nan,37.0,31,43.0,61.0
31,忠明,2019-11-30,65,7,6.0,nan,38.0,32,43.0,65.0
30,大里,2019-11-30,60,9,7.0,nan,42.0,27,45.0,60.0
29,沙鹿,2019-11-30,52,6,6.0,nan,32.0,29,40.0,52.0
28,豐原,2019-11-30,67,4,6.0,nan,39.0,23,54.0,67.0
27,三義,2019-11-30,64,16,3.0,nan,36.0,19,54.0,64.0
26,苗栗,2019-11-30,57,6,5.0,nan,32.0,20,40.0,57.0
25,頭份,2019-11-30,57,7,nan,nan,32.0,26,nan,57.0
24,新竹,2019-11-30,51,7,6.0,nan,26.0,31,48.0,51.0
23,竹東,2019-11-30,50,6,6.0,nan,26.0,20,50.0,48.0
22,湖口,2019-11-30,55,4,5.0,nan,29.0,36,51.0,55.0
21,龍潭,2019-11-30,36,6,6.0,nan,15.0,29,35.0,36.0
20,平鎮,2019-11-30,41,6,8.0,nan,18.0,41,32.0,33.0
19,觀音,2019-11-30,51,10,5.0,nan,28.0,25,39.0,51.0
18,大園,2019-11-30,37,10,5.0,nan,19.0,32,36.0,37.0
17,桃園,2019-11-30,30,13,7.0,nan,15.0,25,28.0,30.0
16,大同,2019-11-30,39,7,10.0,nan,20.0,39,nan,37.0
15,松山,2019-11-30,28,6,3.0,nan,16.0,21,28.0,21.0
14,古亭,2019-11-30,36,4,3.0,nan,10.0,22,36.0,16.0
13,萬華,2019-11-30,35,7,6.0,nan,14.0,35,27.0,24.0
12,中山,2019-11-30,35,6,7.0,nan,12.0,35,24.0,22.0
11,士林,2019-11-30,36,4,3.0,nan,10.0,22,36.0,10.0
10,淡水,2019-11-30,37,3,3.0,nan,10.0,17,37.0,18.0
9,林口,2019-11-30,33,7,3.0,nan,13.0,22,33.0,21.0
8,菜寮,2019-11-30,31,7,5.0,nan,14.0,31,28.0,26.0
7,新莊,2019-11-30,33,7,5.0,nan,18.0,26,33.0,28.0
6,板橋,2019-11-30,30,6,7.0,nan,14.0,30,27.0,21.0
5,土城,2019-11-30,35,3,5.0,nan,11.0,31,35.0,9.0
4,新店,2019-11-30,34,3,3.0,nan,9.0,24,34.0,15.0
3,萬里,2019-11-30,40,9,2.0,nan,22.0,14,40.0,26.0
2,汐止,2019-11-30,35,7,5.0,nan,13.0,28,35.0,21.0
