siteid,sitename,monitordate,aqi,so2subindex,cosubindex,o3subindex,pm10subindex,no2subindex,o38subindex,pm25subindex
1,基隆,2020-06-01,37,4,3.0,nan,19,9,37.0,26
2,汐止,2020-06-01,34,7,6.0,nan,17,18,31.0,34
3,萬里,2020-06-01,40,7,2.0,nan,15,11,40.0,32
4,新店,2020-06-01,29,4,5.0,nan,14,21,29.0,23
5,土城,2020-06-01,33,4,5.0,nan,17,15,33.0,23
6,板橋,2020-06-01,26,6,5.0,nan,13,16,26.0,22
7,新莊,2020-06-01,27,13,3.0,nan,18,11,27.0,26
8,菜寮,2020-06-01,25,6,5.0,nan,16,17,19.0,25
9,林口,2020-06-01,26,4,2.0,nan,16,12,24.0,26
10,淡水,2020-06-01,21,3,2.0,nan,13,8,21.0,19
11,士林,2020-06-01,24,7,3.0,nan,15,17,24.0,24
12,中山,2020-06-01,22,6,7.0,nan,18,21,18.0,22
13,萬華,2020-06-01,23,6,7.0,nan,19,21,19.0,23
14,古亭,2020-06-01,27,4,6.0,nan,15,23,27.0,27
15,松山,2020-06-01,29,4,7.0,nan,16,20,24.0,29
16,大同,2020-06-01,30,4,17.0,nan,19,25,nan,30
17,桃園,2020-06-01,28,7,3.0,nan,13,11,19.0,28
18,大園,2020-06-01,23,7,2.0,nan,12,9,23.0,21
19,觀音,2020-06-01,20,6,2.0,nan,11,11,20.0,16
20,平鎮,2020-06-01,24,4,3.0,nan,16,13,24.0,24
21,龍潭,2020-06-01,31,7,2.0,nan,13,9,31.0,24
22,湖口,2020-06-01,25,6,2.0,nan,9,11,25.0,18
23,竹東,2020-06-01,28,6,2.0,nan,16,8,27.0,28
24,新竹,2020-06-01,24,6,3.0,nan,14,11,22.0,24
25,頭份,2020-06-01,25,13,nan,nan,14,11,nan,25
26,苗栗,2020-06-01,20,6,2.0,nan,14,9,19.0,20
27,三義,2020-06-01,24,6,2.0,nan,15,11,24.0,24
28,豐原,2020-06-01,32,4,3.0,nan,17,13,32.0,20
29,沙鹿,2020-06-01,22,4,1.0,nan,11,8,22.0,19
30,大里,2020-06-01,29,6,3.0,nan,16,12,29.0,25
31,忠明,2020-06-01,27,4,2.0,nan,12,13,27.0,20
32,西屯,2020-06-01,29,4,2.0,nan,12,8,29.0,21
33,彰化,2020-06-01,25,11,2.0,nan,13,8,25.0,12
34,線西,2020-06-01,13,4,nan,nan,13,6,nan,13
35,二林,2020-06-01,22,4,2.0,nan,14,8,22.0,15
36,南投,2020-06-01,29,4,2.0,nan,16,10,29.0,19
37,斗六,2020-06-01,26,4,2.0,nan,16,8,26.0,19
38,崙背,2020-06-01,19,4,2.0,nan,17,7,19.0,11
39,新港,2020-06-01,22,3,2.0,nan,15,9,22.0,17
40,朴子,2020-06-01,20,3,2.0,nan,15,8,20.0,14
41,臺西,2020-06-01,20,3,nan,nan,10,7,nan,20
42,嘉義,2020-06-01,24,4,2.0,nan,14,8,24.0,10
43,新營,2020-06-01,28,4,2.0,nan,13,8,28.0,19
44,善化,2020-06-01,23,4,2.0,nan,13,9,23.0,16
45,安南,2020-06-01,22,3,2.0,nan,13,8,22.0,20
46,臺南,2020-06-01,19,4,2.0,nan,5,5,19.0,18
47,美濃,2020-06-01,31,3,2.0,nan,15,4,31.0,18
48,橋頭,2020-06-01,20,4,2.0,nan,10,8,20.0,11
49,仁武,2020-06-01,24,7,2.0,nan,18,9,23.0,24
50,鳳山,2020-06-01,13,6,3.0,nan,13,13,nan,9
51,大寮,2020-06-01,26,10,3.0,nan,16,17,19.0,26
52,林園,2020-06-01,30,6,2.0,nan,17,10,30.0,24
53,楠梓,2020-06-01,21,4,2.0,nan,14,9,21.0,15
54,左營,2020-06-01,20,6,2.0,nan,11,9,20.0,13
56,前金,2020-06-01,22,4,2.0,nan,9,5,22.0,17
57,前鎮,2020-06-01,15,4,nan,nan,11,10,nan,15
58,小港,2020-06-01,21,7,2.0,nan,13,15,19.0,21
59,屏東,2020-06-01,36,6,2.0,nan,19,14,36.0,23
60,潮州,2020-06-01,36,9,3.0,nan,22,16,36.0,29
61,恆春,2020-06-01,19,1,1.0,nan,5,2,19.0,17
62,臺東,2020-06-01,34,3,2.0,nan,19,6,34.0,14
63,花蓮,2020-06-01,38,6,2.0,nan,19,7,38.0,23
64,陽明,2020-06-01,25,4,1.0,nan,5,4,21.0,25
65,宜蘭,2020-06-01,37,4,3.0,nan,14,8,37.0,24
66,冬山,2020-06-01,29,4,2.0,nan,19,12,29.0,26
67,三重,2020-06-01,42,7,11.0,nan,21,31,nan,42
68,中壢,2020-06-01,25,6,14.0,nan,15,25,nan,24
69,竹山,2020-06-01,31,3,2.0,nan,17,6,31.0,19
70,永和,2020-06-01,27,4,15.0,nan,15,27,nan,27
71,復興,2020-06-01,19,4,3.0,nan,12,14,nan,19
72,埔里,2020-06-01,34,4,2.0,nan,17,8,34.0,25
75,馬祖,2020-06-01,87,3,3.0,nan,19,8,87.0,44
77,金門,2020-06-01,24,3,1.0,nan,13,8,24.0,22
78,馬公,2020-06-01,17,6,1.0,nan,5,4,17.0,3
80,關山,2020-06-01,27,3,nan,nan,12,3,27.0,26
83,麥寮,2020-06-01,16,3,nan,nan,15,8,nan,16
84,富貴角,2020-06-01,28,1,1.0,nan,16,6,28.0,16
40,朴子,2020-06-02,19,3,2.0,nan,14,8,19.0,9
84,富貴角,2020-06-02,29,1,1.0,nan,16,7,29.0,17
83,麥寮,2020-06-02,16,3,nan,nan,15,7,nan,16
80,關山,2020-06-02,31,1,nan,nan,12,4,31.0,23
78,馬公,2020-06-02,15,4,2.0,nan,5,5,15.0,3
77,金門,2020-06-02,32,6,2.0,nan,20,12,25.0,32
75,馬祖,2020-06-02,84,3,3.0,nan,20,14,84.0,46
72,埔里,2020-06-02,40,4,2.0,nan,17,8,40.0,32
71,復興,2020-06-02,16,4,5.0,nan,5,13,nan,16
70,永和,2020-06-02,37,3,20.0,nan,19,32,nan,37
69,竹山,2020-06-02,34,3,2.0,nan,17,8,34.0,21
68,中壢,2020-06-02,29,3,15.0,nan,14,29,nan,25
67,三重,2020-06-02,43,7,14.0,nan,21,33,nan,43
66,冬山,2020-06-02,34,4,3.0,nan,21,11,34.0,27
65,宜蘭,2020-06-02,36,7,2.0,nan,16,7,36.0,20
64,陽明,2020-06-02,33,3,1.0,nan,13,6,31.0,33
63,花蓮,2020-06-02,31,6,3.0,nan,16,9,31.0,18
62,臺東,2020-06-02,32,3,3.0,nan,12,6,32.0,12
61,恆春,2020-06-02,23,1,1.0,nan,5,6,23.0,19
60,潮州,2020-06-02,37,3,2.0,nan,18,9,37.0,24
59,屏東,2020-06-02,45,3,2.0,nan,16,15,45.0,24
58,小港,2020-06-02,20,6,2.0,nan,11,16,20.0,16
57,前鎮,2020-06-02,10,4,nan,nan,5,10,nan,9
56,前金,2020-06-02,25,4,2.0,nan,5,8,25.0,14
54,左營,2020-06-02,24,4,2.0,nan,5,8,24.0,10
53,楠梓,2020-06-02,24,3,2.0,nan,12,9,24.0,17
52,林園,2020-06-02,25,4,2.0,nan,15,11,25.0,19
51,大寮,2020-06-02,23,9,3.0,nan,14,13,17.0,23
50,鳳山,2020-06-02,14,7,3.0,nan,11,14,nan,7
49,仁武,2020-06-02,20,4,2.0,nan,11,13,20.0,19
48,橋頭,2020-06-02,24,4,2.0,nan,9,10,24.0,12
47,美濃,2020-06-02,38,7,2.0,nan,15,8,38.0,21
46,臺南,2020-06-02,21,4,2.0,nan,5,9,21.0,15
45,安南,2020-06-02,21,6,2.0,nan,12,12,21.0,19
44,善化,2020-06-02,28,7,2.0,nan,11,10,28.0,18
43,新營,2020-06-02,26,4,2.0,nan,13,9,26.0,19
42,嘉義,2020-06-02,24,3,2.0,nan,11,8,24.0,11
41,臺西,2020-06-02,19,4,nan,nan,9,6,nan,19
39,新港,2020-06-02,21,3,2.0,nan,16,8,21.0,16
38,崙背,2020-06-02,18,3,1.0,nan,17,7,18.0,9
37,斗六,2020-06-02,27,3,2.0,nan,15,8,27.0,17
36,南投,2020-06-02,34,3,2.0,nan,16,8,34.0,20
35,二林,2020-06-02,19,6,1.0,nan,14,8,19.0,17
34,線西,2020-06-02,14,4,nan,nan,14,8,nan,14
33,彰化,2020-06-02,24,7,2.0,nan,13,8,24.0,13
32,西屯,2020-06-02,30,7,2.0,nan,12,11,30.0,22
31,忠明,2020-06-02,27,3,2.0,nan,13,10,27.0,21
30,大里,2020-06-02,30,4,3.0,nan,19,10,30.0,26
29,沙鹿,2020-06-02,19,4,2.0,nan,5,11,19.0,19
28,豐原,2020-06-02,34,4,3.0,nan,19,12,34.0,24
27,三義,2020-06-02,25,7,2.0,nan,16,11,24.0,25
26,苗栗,2020-06-02,21,4,2.0,nan,13,12,16.0,21
25,頭份,2020-06-02,19,7,nan,nan,12,15,nan,19
24,新竹,2020-06-02,19,4,3.0,nan,13,13,19.0,16
23,竹東,2020-06-02,28,3,2.0,nan,17,8,28.0,26
22,湖口,2020-06-02,20,7,2.0,nan,5,14,20.0,19
21,龍潭,2020-06-02,31,4,3.0,nan,14,10,31.0,25
20,平鎮,2020-06-02,26,9,3.0,nan,16,16,20.0,26
19,觀音,2020-06-02,20,4,1.0,nan,9,9,20.0,14
18,大園,2020-06-02,21,6,2.0,nan,9,13,21.0,16
17,桃園,2020-06-02,28,9,3.0,nan,14,16,21.0,28
16,大同,2020-06-02,35,7,16.0,nan,22,29,nan,35
15,松山,2020-06-02,40,3,6.0,nan,19,24,40.0,38
14,古亭,2020-06-02,34,4,6.0,nan,20,26,32.0,34
13,萬華,2020-06-02,29,6,8.0,nan,19,25,21.0,29
12,中山,2020-06-02,31,4,8.0,nan,20,27,24.0,31
11,士林,2020-06-02,27,4,3.0,nan,16,15,23.0,27
10,淡水,2020-06-02,21,3,2.0,nan,13,10,21.0,20
9,林口,2020-06-02,30,7,2.0,nan,15,14,27.0,30
8,菜寮,2020-06-02,30,6,6.0,nan,17,20,20.0,30
7,新莊,2020-06-02,33,13,5.0,nan,18,17,33.0,31
6,板橋,2020-06-02,35,7,5.0,nan,18,16,35.0,29
5,土城,2020-06-02,44,6,3.0,nan,19,14,44.0,27
4,新店,2020-06-02,44,4,5.0,nan,19,19,44.0,32
3,萬里,2020-06-02,40,6,2.0,nan,18,9,40.0,31
2,汐止,2020-06-02,54,9,6.0,nan,25,24,54.0,44
1,基隆,2020-06-02,42,4,3.0,nan,20,13,42.0,32
78,馬公,2020-06-03,17,6,2.0,nan,5,4,17.0,3
83,麥寮,2020-06-03,16,4,nan,nan,14,8,nan,16
1,基隆,2020-06-03,64,11,3.0,nan,23,27,64.0,44
2,汐止,2020-06-03,47,6,6.0,nan,31,34,45.0,47
3,萬里,2020-06-03,84,7,2.0,nan,19,19,84.0,40
4,新店,2020-06-03,45,3,3.0,nan,20,17,45.0,36
5,土城,2020-06-03,45,6,3.0,nan,22,21,45.0,31
6,板橋,2020-06-03,40,7,3.0,nan,19,15,40.0,25
7,新莊,2020-06-03,39,11,6.0,nan,22,17,39.0,33
8,菜寮,2020-06-03,31,4,5.0,nan,19,22,31.0,29
9,林口,2020-06-03,27,11,2.0,nan,18,17,27.0,24
10,淡水,2020-06-03,26,4,5.0,nan,15,13,25.0,26
11,士林,2020-06-03,38,6,5.0,nan,19,17,38.0,32
12,中山,2020-06-03,32,7,10.0,nan,22,32,32.0,27
13,萬華,2020-06-03,34,6,6.0,nan,25,19,34.0,33
14,古亭,2020-06-03,46,4,5.0,nan,19,20,46.0,32
15,松山,2020-06-03,38,4,6.0,nan,21,24,38.0,36
16,大同,2020-06-03,39,7,18.0,nan,26,35,nan,39
17,桃園,2020-06-03,27,13,3.0,nan,17,16,24.0,27
18,大園,2020-06-03,19,6,2.0,nan,12,13,17.0,19
19,觀音,2020-06-03,18,6,2.0,nan,12,12,18.0,16
20,平鎮,2020-06-03,22,6,2.0,nan,16,14,20.0,22
21,龍潭,2020-06-03,33,6,2.0,nan,17,12,33.0,27
22,湖口,2020-06-03,20,7,2.0,nan,15,13,14.0,20
23,竹東,2020-06-03,37,3,2.0,nan,19,9,37.0,31
24,新竹,2020-06-03,21,6,2.0,nan,12,11,15.0,21
25,頭份,2020-06-03,19,9,nan,nan,13,13,nan,19
26,苗栗,2020-06-03,19,4,2.0,nan,12,9,19.0,18
27,三義,2020-06-03,34,4,1.0,nan,12,13,34.0,22
28,豐原,2020-06-03,33,4,2.0,nan,15,9,33.0,16
29,沙鹿,2020-06-03,27,4,1.0,nan,10,10,27.0,20
30,大里,2020-06-03,25,6,3.0,nan,15,10,25.0,24
31,忠明,2020-06-03,29,3,3.0,nan,13,12,29.0,22
32,西屯,2020-06-03,35,6,2.0,nan,12,11,35.0,19
33,彰化,2020-06-03,28,9,2.0,nan,11,8,28.0,10
34,線西,2020-06-03,17,6,nan,nan,13,10,nan,17
35,二林,2020-06-03,28,9,2.0,nan,20,8,19.0,28
36,南投,2020-06-03,30,4,2.0,nan,15,8,30.0,17
37,斗六,2020-06-03,24,3,2.0,nan,15,11,24.0,18
84,富貴角,2020-06-03,25,1,1.0,nan,19,10,25.0,20
38,崙背,2020-06-03,16,4,1.0,nan,15,8,16.0,9
39,新港,2020-06-03,18,3,2.0,nan,13,11,18.0,12
40,朴子,2020-06-03,18,4,2.0,nan,13,8,18.0,8
41,臺西,2020-06-03,22,3,nan,nan,5,7,nan,22
42,嘉義,2020-06-03,19,4,2.0,nan,12,10,19.0,12
43,新營,2020-06-03,19,4,2.0,nan,11,8,19.0,19
44,善化,2020-06-03,19,13,2.0,nan,5,14,19.0,11
45,安南,2020-06-03,23,4,2.0,nan,12,14,20.0,23
46,臺南,2020-06-03,19,6,2.0,nan,9,11,19.0,13
47,美濃,2020-06-03,33,4,2.0,nan,13,5,33.0,22
48,橋頭,2020-06-03,19,6,2.0,nan,9,11,19.0,11
49,仁武,2020-06-03,20,17,2.0,nan,13,14,17.0,20
50,鳳山,2020-06-03,13,4,3.0,nan,5,13,nan,9
51,大寮,2020-06-03,21,6,2.0,nan,14,12,19.0,21
52,林園,2020-06-03,23,6,1.0,nan,14,10,23.0,19
53,楠梓,2020-06-03,19,3,2.0,nan,12,13,19.0,8
54,左營,2020-06-03,20,4,2.0,nan,5,9,20.0,9
56,前金,2020-06-03,22,4,1.0,nan,5,15,22.0,12
57,前鎮,2020-06-03,26,4,nan,nan,9,26,nan,11
58,小港,2020-06-03,19,4,2.0,nan,9,19,19.0,19
59,屏東,2020-06-03,31,6,2.0,nan,16,10,31.0,18
60,潮州,2020-06-03,32,6,2.0,nan,19,12,32.0,23
61,恆春,2020-06-03,20,1,1.0,nan,5,2,20.0,14
62,臺東,2020-06-03,36,3,3.0,nan,17,8,36.0,19
63,花蓮,2020-06-03,30,3,2.0,nan,19,8,30.0,26
64,陽明,2020-06-03,31,3,2.0,nan,9,5,31.0,23
65,宜蘭,2020-06-03,38,3,2.0,nan,19,6,38.0,29
66,冬山,2020-06-03,38,6,3.0,nan,26,12,38.0,33
67,三重,2020-06-03,46,7,17.0,nan,23,42,nan,46
68,中壢,2020-06-03,27,3,14.0,nan,16,27,nan,22
69,竹山,2020-06-03,31,7,2.0,nan,14,6,31.0,23
70,永和,2020-06-03,30,6,9.0,nan,19,21,nan,30
71,復興,2020-06-03,17,6,3.0,nan,9,17,nan,16
72,埔里,2020-06-03,34,4,2.0,nan,14,15,34.0,27
75,馬祖,2020-06-03,35,4,1.0,nan,21,12,29.0,35
77,金門,2020-06-03,24,3,1.0,nan,13,9,24.0,14
80,關山,2020-06-03,28,1,nan,nan,12,3,28.0,25
1,基隆,2020-06-04,46,4,5.0,nan,23,27,46.0,37
84,富貴角,2020-06-04,30,1,1.0,nan,21,12,30.0,28
83,麥寮,2020-06-04,18,3,nan,nan,18,9,nan,17
80,關山,2020-06-04,31,3,nan,nan,11,4,31.0,25
78,馬公,2020-06-04,15,4,2.0,nan,5,3,15.0,3
77,金門,2020-06-04,28,3,1.0,nan,19,9,28.0,26
75,馬祖,2020-06-04,40,4,1.0,nan,25,12,30.0,40
72,埔里,2020-06-04,35,3,2.0,nan,14,12,35.0,29
71,復興,2020-06-04,16,3,5.0,nan,5,12,nan,16
70,永和,2020-06-04,33,4,8.0,nan,20,24,nan,33
69,竹山,2020-06-04,37,4,1.0,nan,14,7,37.0,22
68,中壢,2020-06-04,32,3,15.0,nan,17,32,nan,25
67,三重,2020-06-04,46,7,18.0,nan,23,39,nan,46
66,冬山,2020-06-04,33,3,2.0,nan,25,9,26.0,33
65,宜蘭,2020-06-04,32,4,2.0,nan,21,5,31.0,32
64,陽明,2020-06-04,32,4,2.0,nan,12,8,32.0,23
63,花蓮,2020-06-04,34,1,3.0,nan,20,8,34.0,24
62,臺東,2020-06-04,42,3,3.0,nan,19,8,42.0,22
61,恆春,2020-06-04,24,1,1.0,nan,5,4,24.0,15
60,潮州,2020-06-04,38,4,2.0,nan,18,12,38.0,22
59,屏東,2020-06-04,37,3,2.0,nan,19,11,37.0,23
58,小港,2020-06-04,19,3,2.0,nan,11,8,19.0,14
57,前鎮,2020-06-04,9,3,nan,nan,9,9,nan,9
56,前金,2020-06-04,21,4,2.0,nan,5,8,21.0,12
54,左營,2020-06-04,21,3,2.0,nan,5,8,21.0,12
53,楠梓,2020-06-04,24,4,2.0,nan,12,13,24.0,12
52,林園,2020-06-04,25,7,1.0,nan,16,14,25.0,20
51,大寮,2020-06-04,30,6,2.0,nan,16,14,26.0,30
50,鳳山,2020-06-04,10,6,3.0,nan,10,10,nan,8
49,仁武,2020-06-04,23,3,2.0,nan,10,11,23.0,17
48,橋頭,2020-06-04,22,7,2.0,nan,14,10,22.0,15
47,美濃,2020-06-04,35,3,2.0,nan,13,6,35.0,21
46,臺南,2020-06-04,21,3,2.0,nan,5,9,21.0,18
45,安南,2020-06-04,25,3,2.0,nan,14,14,25.0,19
44,善化,2020-06-04,26,16,2.0,nan,13,19,26.0,18
43,新營,2020-06-04,24,4,2.0,nan,11,9,24.0,19
42,嘉義,2020-06-04,27,1,2.0,nan,13,11,27.0,16
41,臺西,2020-06-04,23,3,nan,nan,10,8,nan,23
40,朴子,2020-06-04,22,4,2.0,nan,18,8,22.0,11
39,新港,2020-06-04,24,3,2.0,nan,17,11,24.0,20
38,崙背,2020-06-04,23,3,1.0,nan,18,10,23.0,14
37,斗六,2020-06-04,32,3,2.0,nan,14,11,32.0,21
36,南投,2020-06-04,34,3,2.0,nan,15,11,34.0,21
35,二林,2020-06-04,26,7,1.0,nan,19,9,26.0,20
34,線西,2020-06-04,22,6,nan,nan,14,8,nan,22
33,彰化,2020-06-04,31,10,2.0,nan,12,10,31.0,16
32,西屯,2020-06-04,36,4,2.0,nan,14,12,36.0,24
31,忠明,2020-06-04,31,4,2.0,nan,14,13,31.0,25
30,大里,2020-06-04,29,7,3.0,nan,17,12,29.0,25
29,沙鹿,2020-06-04,31,4,2.0,nan,12,14,31.0,24
28,豐原,2020-06-04,47,17,47.0,nan,19,11,38.0,31
27,三義,2020-06-04,32,4,1.0,nan,14,14,32.0,22
26,苗栗,2020-06-04,23,6,2.0,nan,15,15,23.0,20
25,頭份,2020-06-04,22,6,nan,nan,15,13,nan,22
24,新竹,2020-06-04,28,4,2.0,nan,16,12,28.0,20
23,竹東,2020-06-04,37,4,2.0,nan,17,9,37.0,28
22,湖口,2020-06-04,28,6,1.0,nan,15,11,28.0,21
21,龍潭,2020-06-04,39,7,2.0,nan,16,13,39.0,26
20,平鎮,2020-06-04,31,4,2.0,nan,18,21,31.0,27
19,觀音,2020-06-04,25,6,1.0,nan,14,8,25.0,19
18,大園,2020-06-04,30,4,2.0,nan,13,10,30.0,21
17,桃園,2020-06-04,29,7,3.0,nan,16,15,27.0,29
16,大同,2020-06-04,41,7,22.0,nan,26,34,nan,41
15,松山,2020-06-04,39,4,7.0,nan,23,28,33.0,39
14,古亭,2020-06-04,41,4,5.0,nan,21,22,41.0,33
13,萬華,2020-06-04,34,6,7.0,nan,23,24,33.0,34
12,中山,2020-06-04,32,6,10.0,nan,25,29,31.0,32
11,士林,2020-06-04,38,6,3.0,nan,20,20,38.0,32
10,淡水,2020-06-04,31,4,3.0,nan,17,16,31.0,29
9,林口,2020-06-04,33,4,2.0,nan,17,16,33.0,24
8,菜寮,2020-06-04,33,6,5.0,nan,20,21,31.0,33
7,新莊,2020-06-04,40,11,3.0,nan,22,16,40.0,35
6,板橋,2020-06-04,34,6,5.0,nan,19,20,34.0,30
5,土城,2020-06-04,42,4,5.0,nan,24,20,42.0,32
4,新店,2020-06-04,43,4,3.0,nan,21,18,43.0,35
3,萬里,2020-06-04,46,4,2.0,nan,15,14,46.0,33
2,汐止,2020-06-04,42,4,6.0,nan,27,25,42.0,40
2,汐止,2020-06-05,49,6,6.0,nan,25,25,49.0,43
84,富貴角,2020-06-05,30,1,1.0,nan,18,11,30.0,26
83,麥寮,2020-06-05,19,3,nan,nan,19,9,nan,16
80,關山,2020-06-05,33,3,nan,nan,13,3,33.0,30
78,馬公,2020-06-05,19,4,2.0,nan,11,4,19.0,3
77,金門,2020-06-05,24,3,1.0,nan,17,12,24.0,22
75,馬祖,2020-06-05,32,4,1.0,nan,21,10,28.0,32
72,埔里,2020-06-05,36,4,2.0,nan,14,11,36.0,30
71,復興,2020-06-05,24,4,5.0,nan,11,16,nan,24
70,永和,2020-06-05,37,3,11.0,nan,21,30,nan,37
69,竹山,2020-06-05,34,4,2.0,nan,15,14,34.0,20
68,中壢,2020-06-05,33,3,16.0,nan,18,33,nan,27
67,三重,2020-06-05,47,7,19.0,nan,25,37,nan,47
66,冬山,2020-06-05,33,4,3.0,nan,23,11,30.0,33
65,宜蘭,2020-06-05,36,4,3.0,nan,19,6,36.0,31
64,陽明,2020-06-05,37,4,1.0,nan,10,7,37.0,24
63,花蓮,2020-06-05,34,3,3.0,nan,18,8,34.0,27
62,臺東,2020-06-05,38,3,3.0,nan,18,12,38.0,22
61,恆春,2020-06-05,22,3,1.0,nan,5,5,22.0,13
60,潮州,2020-06-05,32,4,2.0,nan,18,12,32.0,24
59,屏東,2020-06-05,32,3,5.0,nan,20,18,32.0,25
58,小港,2020-06-05,23,7,2.0,nan,16,20,17.0,23
57,前鎮,2020-06-05,16,3,nan,nan,11,16,nan,11
56,前金,2020-06-05,20,3,3.0,nan,9,14,20.0,17
54,左營,2020-06-05,19,7,2.0,nan,9,12,19.0,16
53,楠梓,2020-06-05,24,4,3.0,nan,15,24,21.0,16
52,林園,2020-06-05,28,4,1.0,nan,22,16,28.0,26
51,大寮,2020-06-05,35,9,3.0,nan,21,19,20.0,35
50,鳳山,2020-06-05,15,6,6.0,nan,14,15,nan,11
49,仁武,2020-06-05,25,10,3.0,nan,16,17,22.0,25
48,橋頭,2020-06-05,21,10,3.0,nan,15,16,21.0,21
47,美濃,2020-06-05,31,4,2.0,nan,14,4,31.0,24
46,臺南,2020-06-05,20,4,2.0,nan,13,12,20.0,18
45,安南,2020-06-05,23,3,3.0,nan,16,14,22.0,23
44,善化,2020-06-05,24,4,2.0,nan,15,12,24.0,21
43,新營,2020-06-05,27,4,2.0,nan,16,10,27.0,24
42,嘉義,2020-06-05,30,4,2.0,nan,14,12,30.0,14
41,臺西,2020-06-05,24,4,nan,nan,15,10,nan,24
40,朴子,2020-06-05,22,4,2.0,nan,21,14,22.0,16
39,新港,2020-06-05,26,6,2.0,nan,21,13,26.0,21
38,崙背,2020-06-05,24,3,2.0,nan,20,9,24.0,12
37,斗六,2020-06-05,32,4,3.0,nan,16,16,32.0,24
36,南投,2020-06-05,36,4,3.0,nan,18,14,36.0,23
35,二林,2020-06-05,22,4,2.0,nan,19,10,22.0,19
34,線西,2020-06-05,23,4,nan,nan,19,13,nan,23
33,彰化,2020-06-05,25,10,2.0,nan,13,9,25.0,12
32,西屯,2020-06-05,31,4,2.0,nan,14,11,31.0,19
31,忠明,2020-06-05,25,3,3.0,nan,16,9,25.0,25
30,大里,2020-06-05,28,6,2.0,nan,18,9,28.0,26
29,沙鹿,2020-06-05,31,4,2.0,nan,14,11,31.0,25
28,豐原,2020-06-05,31,6,2.0,nan,16,8,31.0,21
27,三義,2020-06-05,30,4,1.0,nan,15,9,30.0,22
26,苗栗,2020-06-05,24,4,2.0,nan,14,8,24.0,22
25,頭份,2020-06-05,22,7,nan,nan,15,12,nan,22
24,新竹,2020-06-05,25,4,2.0,nan,17,9,25.0,25
23,竹東,2020-06-05,41,4,2.0,nan,17,8,41.0,29
22,湖口,2020-06-05,24,7,2.0,nan,13,15,24.0,22
21,龍潭,2020-06-05,40,4,3.0,nan,16,12,40.0,24
20,平鎮,2020-06-05,29,4,2.0,nan,17,16,29.0,24
19,觀音,2020-06-05,25,6,2.0,nan,13,11,25.0,17
18,大園,2020-06-05,25,7,2.0,nan,14,10,25.0,25
17,桃園,2020-06-05,29,9,3.0,nan,16,16,28.0,29
16,大同,2020-06-05,44,7,22.0,nan,28,42,nan,44
15,松山,2020-06-05,50,4,6.0,nan,24,25,50.0,45
14,古亭,2020-06-05,74,4,5.0,nan,22,20,74.0,41
13,萬華,2020-06-05,44,4,6.0,nan,23,22,44.0,35
12,中山,2020-06-05,38,4,9.0,nan,24,31,38.0,35
11,士林,2020-06-05,44,6,3.0,nan,22,17,44.0,34
10,淡水,2020-06-05,31,4,3.0,nan,15,14,31.0,28
9,林口,2020-06-05,34,4,2.0,nan,16,14,34.0,26
8,菜寮,2020-06-05,34,6,5.0,nan,22,21,33.0,34
7,新莊,2020-06-05,44,9,5.0,nan,22,18,44.0,34
6,板橋,2020-06-05,43,6,5.0,nan,22,20,43.0,34
5,土城,2020-06-05,51,7,5.0,nan,25,21,51.0,37
4,新店,2020-06-05,93,4,5.0,nan,21,16,93.0,41
3,萬里,2020-06-05,51,7,2.0,nan,19,12,51.0,39
1,基隆,2020-06-05,48,4,3.0,nan,22,19,48.0,35
83,麥寮,2020-06-06,18,3,nan,nan,18.0,15,nan,18.0
78,馬公,2020-06-06,31,10,2.0,nan,13.0,16,31.0,9.0
77,金門,2020-06-06,42,3,1.0,nan,18.0,7,42.0,19.0
75,馬祖,2020-06-06,39,10,2.0,nan,19.0,39,28.0,27.0
72,埔里,2020-06-06,25,4,2.0,nan,14.0,13,25.0,19.0
71,復興,2020-06-06,22,4,9.0,nan,nan,22,nan,nan
70,永和,2020-06-06,26,4,7.0,nan,18.0,22,nan,26.0
69,竹山,2020-06-06,29,1,2.0,nan,14.0,8,29.0,18.0
68,中壢,2020-06-06,28,3,11.0,nan,15.0,28,nan,22.0
67,三重,2020-06-06,41,6,16.0,nan,21.0,28,nan,41.0
66,冬山,2020-06-06,36,4,3.0,nan,24.0,11,32.0,36.0
65,宜蘭,2020-06-06,41,3,2.0,nan,20.0,4,41.0,34.0
64,陽明,2020-06-06,25,3,1.0,nan,13.0,5,25.0,19.0
63,花蓮,2020-06-06,40,3,3.0,nan,19.0,11,40.0,33.0
62,臺東,2020-06-06,26,3,3.0,nan,20.0,8,26.0,19.0
61,恆春,2020-06-06,22,3,1.0,nan,5.0,4,22.0,12.0
60,潮州,2020-06-06,24,3,2.0,nan,16.0,11,24.0,18.0
59,屏東,2020-06-06,25,10,5.0,nan,18.0,14,25.0,20.0
58,小港,2020-06-06,23,6,5.0,nan,15.0,23,17.0,18.0
57,前鎮,2020-06-06,20,4,nan,nan,11.0,20,nan,10.0
56,前金,2020-06-06,20,7,7.0,nan,14.0,18,19.0,20.0
54,左營,2020-06-06,19,6,5.0,nan,11.0,19,19.0,9.0
53,楠梓,2020-06-06,19,9,3.0,nan,14.0,16,19.0,12.0
52,林園,2020-06-06,25,4,2.0,nan,22.0,22,24.0,25.0
51,大寮,2020-06-06,31,10,3.0,nan,20.0,17,16.0,31.0
50,鳳山,2020-06-06,21,4,6.0,nan,14.0,21,nan,10.0
49,仁武,2020-06-06,26,9,3.0,nan,16.0,18,19.0,26.0
48,橋頭,2020-06-06,21,4,3.0,nan,13.0,12,21.0,13.0
47,美濃,2020-06-06,25,4,2.0,nan,13.0,7,25.0,20.0
46,臺南,2020-06-06,19,6,2.0,nan,14.0,17,19.0,19.0
45,安南,2020-06-06,21,4,2.0,nan,13.0,16,21.0,20.0
44,善化,2020-06-06,22,6,2.0,nan,10.0,18,22.0,16.0
43,新營,2020-06-06,23,4,2.0,nan,12.0,8,23.0,19.0
42,嘉義,2020-06-06,25,4,2.0,nan,11.0,9,25.0,11.0
41,臺西,2020-06-06,26,3,nan,nan,14.0,11,nan,26.0
40,朴子,2020-06-06,19,6,2.0,nan,18.0,15,19.0,12.0
39,新港,2020-06-06,21,4,2.0,nan,19.0,11,21.0,15.0
38,崙背,2020-06-06,19,4,2.0,nan,18.0,10,19.0,12.0
84,富貴角,2020-06-06,28,1,1.0,nan,18.0,8,28.0,22.0
37,斗六,2020-06-06,27,3,2.0,nan,14.0,9,27.0,18.0
36,南投,2020-06-06,28,4,3.0,nan,16.0,12,28.0,18.0
35,二林,2020-06-06,19,6,2.0,nan,18.0,12,19.0,16.0
34,線西,2020-06-06,14,3,nan,nan,14.0,12,nan,14.0
33,彰化,2020-06-06,19,7,2.0,nan,13.0,11,19.0,11.0
32,西屯,2020-06-06,24,4,2.0,nan,11.0,12,24.0,12.0
31,忠明,2020-06-06,20,4,2.0,nan,12.0,10,19.0,20.0
30,大里,2020-06-06,23,4,3.0,nan,17.0,9,21.0,23.0
29,沙鹿,2020-06-06,22,4,2.0,nan,12.0,12,22.0,19.0
28,豐原,2020-06-06,24,4,2.0,nan,10.0,6,24.0,12.0
27,三義,2020-06-06,22,3,2.0,nan,12.0,7,22.0,19.0
26,苗栗,2020-06-06,17,3,2.0,nan,13.0,7,17.0,16.0
25,頭份,2020-06-06,18,4,nan,nan,12.0,9,nan,18.0
24,新竹,2020-06-06,23,4,2.0,nan,13.0,9,22.0,23.0
23,竹東,2020-06-06,26,3,2.0,nan,14.0,6,26.0,22.0
22,湖口,2020-06-06,24,4,1.0,nan,11.0,13,24.0,15.0
21,龍潭,2020-06-06,29,4,2.0,nan,12.0,9,29.0,18.0
20,平鎮,2020-06-06,25,3,2.0,nan,16.0,11,25.0,19.0
19,觀音,2020-06-06,24,6,1.0,nan,13.0,9,24.0,14.0
18,大園,2020-06-06,25,9,2.0,nan,13.0,10,25.0,18.0
17,桃園,2020-06-06,24,16,2.0,nan,13.0,17,22.0,24.0
16,大同,2020-06-06,34,4,14.0,nan,25.0,29,nan,34.0
15,松山,2020-06-06,33,4,5.0,nan,21.0,17,31.0,33.0
14,古亭,2020-06-06,34,3,3.0,nan,19.0,15,34.0,29.0
13,萬華,2020-06-06,31,4,5.0,nan,20.0,17,31.0,31.0
12,中山,2020-06-06,27,4,7.0,nan,21.0,21,27.0,25.0
11,士林,2020-06-06,31,6,3.0,nan,19.0,15,31.0,22.0
10,淡水,2020-06-06,26,4,2.0,nan,18.0,10,26.0,26.0
9,林口,2020-06-06,29,6,2.0,nan,16.0,16,29.0,18.0
8,菜寮,2020-06-06,28,4,5.0,nan,19.0,16,25.0,28.0
7,新莊,2020-06-06,32,7,3.0,nan,18.0,17,32.0,24.0
6,板橋,2020-06-06,31,4,3.0,nan,18.0,14,31.0,24.0
5,土城,2020-06-06,33,4,3.0,nan,20.0,13,33.0,23.0
4,新店,2020-06-06,33,3,3.0,nan,17.0,14,33.0,28.0
3,萬里,2020-06-06,40,4,2.0,nan,15.0,10,40.0,27.0
2,汐止,2020-06-06,36,4,5.0,nan,22.0,17,36.0,35.0
1,基隆,2020-06-06,37,6,3.0,nan,19.0,12,37.0,28.0
80,關山,2020-06-06,33,3,nan,nan,15.0,4,33.0,30.0
22,湖口,2020-06-07,30,4,2.0,nan,9,17,30.0,15
83,麥寮,2020-06-07,19,4,nan,nan,19,9,nan,17
80,關山,2020-06-07,30,3,nan,nan,13,3,30.0,30
78,馬公,2020-06-07,39,9,2.0,nan,13,18,39.0,9
77,金門,2020-06-07,31,4,1.0,nan,13,9,31.0,11
75,馬祖,2020-06-07,48,4,1.0,nan,17,20,48.0,22
72,埔里,2020-06-07,29,3,2.0,nan,12,11,29.0,16
71,復興,2020-06-07,19,6,6.0,nan,13,19,nan,17
70,永和,2020-06-07,25,4,10.0,nan,13,25,nan,24
69,竹山,2020-06-07,33,4,2.0,nan,16,7,33.0,13
68,中壢,2020-06-07,28,3,10.0,nan,12,28,nan,20
67,三重,2020-06-07,39,4,12.0,nan,17,24,nan,39
66,冬山,2020-06-07,28,6,2.0,nan,17,9,28.0,22
65,宜蘭,2020-06-07,30,4,2.0,nan,14,8,30.0,18
64,陽明,2020-06-07,29,3,1.0,nan,5,3,29.0,10
63,花蓮,2020-06-07,34,4,2.0,nan,13,25,34.0,22
62,臺東,2020-06-07,40,3,3.0,nan,19,7,40.0,17
61,恆春,2020-06-07,31,3,1.0,nan,5,7,31.0,12
60,潮州,2020-06-07,46,6,2.0,nan,17,11,46.0,16
59,屏東,2020-06-07,44,4,2.0,nan,15,10,44.0,10
58,小港,2020-06-07,35,4,3.0,nan,15,20,35.0,11
57,前鎮,2020-06-07,20,6,nan,nan,13,20,nan,8
56,前金,2020-06-07,44,7,3.0,nan,16,16,44.0,16
54,左營,2020-06-07,43,9,3.0,nan,15,18,43.0,13
53,楠梓,2020-06-07,41,3,2.0,nan,14,11,41.0,8
52,林園,2020-06-07,41,6,1.0,nan,21,14,41.0,19
51,大寮,2020-06-07,31,10,3.0,nan,16,15,31.0,25
50,鳳山,2020-06-07,13,6,3.0,nan,13,11,nan,7
49,仁武,2020-06-07,40,10,2.0,nan,16,18,40.0,19
48,橋頭,2020-06-07,42,3,2.0,nan,14,11,42.0,8
47,美濃,2020-06-07,37,3,2.0,nan,11,5,37.0,10
46,臺南,2020-06-07,40,3,3.0,nan,11,11,40.0,14
45,安南,2020-06-07,38,3,2.0,nan,14,10,38.0,13
44,善化,2020-06-07,34,3,1.0,nan,12,8,34.0,11
43,新營,2020-06-07,35,6,2.0,nan,13,10,35.0,12
42,嘉義,2020-06-07,32,3,2.0,nan,13,13,32.0,8
41,臺西,2020-06-07,20,3,nan,nan,15,8,nan,20
40,朴子,2020-06-07,33,3,2.0,nan,19,10,33.0,9
39,新港,2020-06-07,33,4,2.0,nan,19,11,33.0,13
38,崙背,2020-06-07,30,3,2.0,nan,19,9,30.0,7
37,斗六,2020-06-07,36,3,2.0,nan,15,9,36.0,14
36,南投,2020-06-07,32,3,2.0,nan,15,8,32.0,12
35,二林,2020-06-07,28,6,2.0,nan,21,8,28.0,16
34,線西,2020-06-07,16,4,nan,nan,15,8,nan,16
33,彰化,2020-06-07,32,7,2.0,nan,9,8,32.0,8
32,西屯,2020-06-07,31,3,2.0,nan,12,11,31.0,13
31,忠明,2020-06-07,28,3,2.0,nan,9,12,28.0,16
30,大里,2020-06-07,27,6,3.0,nan,14,10,27.0,17
29,沙鹿,2020-06-07,25,4,3.0,nan,10,14,25.0,21
28,豐原,2020-06-07,30,4,2.0,nan,5,11,30.0,12
27,三義,2020-06-07,26,4,2.0,nan,5,8,26.0,14
26,苗栗,2020-06-07,22,1,2.0,nan,5,9,22.0,8
25,頭份,2020-06-07,18,7,nan,nan,9,17,nan,18
24,新竹,2020-06-07,29,4,3.0,nan,10,21,29.0,19
23,竹東,2020-06-07,29,3,2.0,nan,14,6,29.0,20
1,基隆,2020-06-07,26,3,3.0,nan,18,17,26.0,24
21,龍潭,2020-06-07,28,4,3.0,nan,10,14,28.0,19
20,平鎮,2020-06-07,26,3,3.0,nan,12,19,26.0,20
19,觀音,2020-06-07,29,9,2.0,nan,11,14,29.0,11
18,大園,2020-06-07,31,6,2.0,nan,10,20,31.0,16
17,桃園,2020-06-07,26,16,3.0,nan,13,21,20.0,26
16,大同,2020-06-07,30,4,10.0,nan,18,25,nan,30
15,松山,2020-06-07,28,4,6.0,nan,14,24,23.0,28
14,古亭,2020-06-07,26,3,6.0,nan,14,23,26.0,24
13,萬華,2020-06-07,24,4,6.0,nan,15,24,24.0,23
12,中山,2020-06-07,24,6,8.0,nan,15,24,19.0,19
11,士林,2020-06-07,24,6,3.0,nan,12,16,24.0,23
10,淡水,2020-06-07,25,4,2.0,nan,15,13,25.0,17
9,林口,2020-06-07,28,6,2.0,nan,10,20,28.0,16
8,菜寮,2020-06-07,26,3,5.0,nan,12,22,20.0,26
7,新莊,2020-06-07,29,6,5.0,nan,15,20,29.0,23
6,板橋,2020-06-07,26,4,6.0,nan,14,24,26.0,20
5,土城,2020-06-07,28,4,3.0,nan,16,18,28.0,24
4,新店,2020-06-07,27,4,3.0,nan,13,18,27.0,19
3,萬里,2020-06-07,29,6,2.0,nan,11,11,29.0,21
2,汐止,2020-06-07,27,6,5.0,nan,17,21,27.0,25
84,富貴角,2020-06-07,34,1,1.0,nan,18,6,34.0,20
83,麥寮,2020-06-08,23,4,nan,nan,21,14,nan,23
78,馬公,2020-06-08,23,6,1.0,nan,13,7,23.0,8
77,金門,2020-06-08,28,4,1.0,nan,11,11,28.0,7
75,馬祖,2020-06-08,43,4,2.0,nan,5,21,43.0,17
72,埔里,2020-06-08,18,6,3.0,nan,10,16,18.0,11
71,復興,2020-06-08,21,9,9.0,nan,14,19,nan,21
70,永和,2020-06-08,33,3,15.0,nan,16,33,nan,22
69,竹山,2020-06-08,15,6,2.0,nan,15,10,15.0,10
68,中壢,2020-06-08,30,3,15.0,nan,16,30,nan,22
67,三重,2020-06-08,38,6,19.0,nan,19,36,nan,38
66,冬山,2020-06-08,24,4,3.0,nan,16,12,24.0,15
65,宜蘭,2020-06-08,26,3,3.0,nan,11,9,26.0,13
64,陽明,2020-06-08,23,1,1.0,nan,5,3,23.0,11
63,花蓮,2020-06-08,31,3,2.0,nan,13,8,31.0,11
62,臺東,2020-06-08,24,1,3.0,nan,12,14,24.0,8
61,恆春,2020-06-08,27,1,1.0,nan,5,2,27.0,17
60,潮州,2020-06-08,21,3,2.0,nan,17,8,21.0,13
59,屏東,2020-06-08,25,4,3.0,nan,13,10,25.0,12
58,小港,2020-06-08,36,36,9.0,nan,18,19,15.0,24
57,前鎮,2020-06-08,18,7,nan,nan,15,18,nan,11
56,前金,2020-06-08,23,11,7.0,nan,18,19,19.0,23
54,左營,2020-06-08,19,7,6.0,nan,15,18,19.0,17
53,楠梓,2020-06-08,20,7,5.0,nan,18,16,20.0,16
52,林園,2020-06-08,25,6,1.0,nan,19,18,25.0,18
51,大寮,2020-06-08,27,27,2.0,nan,17,20,21.0,21
50,鳳山,2020-06-08,15,10,6.0,nan,15,13,nan,9
49,仁武,2020-06-08,20,9,3.0,nan,17,18,20.0,20
48,橋頭,2020-06-08,20,9,3.0,nan,17,20,20.0,14
47,美濃,2020-06-08,26,3,2.0,nan,13,7,26.0,18
46,臺南,2020-06-08,20,9,5.0,nan,14,19,19.0,20
45,安南,2020-06-08,21,7,5.0,nan,19,20,19.0,21
44,善化,2020-06-08,24,6,2.0,nan,13,10,24.0,16
43,新營,2020-06-08,25,6,3.0,nan,16,13,25.0,21
42,嘉義,2020-06-08,19,3,5.0,nan,14,18,19.0,9
41,臺西,2020-06-08,26,7,nan,nan,19,10,nan,26
40,朴子,2020-06-08,23,7,3.0,nan,23,18,22.0,17
39,新港,2020-06-08,22,7,3.0,nan,22,15,21.0,19
38,崙背,2020-06-08,20,6,3.0,nan,20,11,20.0,12
37,斗六,2020-06-08,20,3,3.0,nan,16,13,20.0,14
36,南投,2020-06-08,16,4,3.0,nan,13,11,16.0,11
35,二林,2020-06-08,19,11,2.0,nan,19,11,16.0,12
34,線西,2020-06-08,23,4,nan,nan,18,23,nan,21
33,彰化,2020-06-08,15,9,5.0,nan,5,13,15.0,7
32,西屯,2020-06-08,27,7,5.0,nan,11,27,11.0,14
31,忠明,2020-06-08,23,3,5.0,nan,11,23,13.0,17
30,大里,2020-06-08,18,4,5.0,nan,15,18,10.0,16
29,沙鹿,2020-06-08,19,4,5.0,nan,5,19,12.0,16
28,豐原,2020-06-08,15,4,3.0,nan,12,13,15.0,10
27,三義,2020-06-08,16,4,2.0,nan,9,12,16.0,8
26,苗栗,2020-06-08,13,1,5.0,nan,10,13,9.0,12
25,頭份,2020-06-08,21,9,nan,nan,16,18,nan,21
24,新竹,2020-06-08,22,3,3.0,nan,15,17,13.0,22
23,竹東,2020-06-08,16,4,2.0,nan,15,8,12.0,16
22,湖口,2020-06-08,18,6,3.0,nan,5,18,16.0,17
21,龍潭,2020-06-08,21,6,3.0,nan,12,15,21.0,12
20,平鎮,2020-06-08,22,4,5.0,nan,16,21,14.0,22
19,觀音,2020-06-08,19,7,3.0,nan,14,16,19.0,18
18,大園,2020-06-08,20,7,5.0,nan,14,19,19.0,20
17,桃園,2020-06-08,30,11,6.0,nan,15,19,14.0,30
16,大同,2020-06-08,35,7,19.0,nan,21,35,nan,31
15,松山,2020-06-08,23,4,8.0,nan,16,23,17.0,23
14,古亭,2020-06-08,28,3,6.0,nan,16,28,16.0,23
13,萬華,2020-06-08,33,7,8.0,nan,17,33,13.0,24
12,中山,2020-06-08,32,6,10.0,nan,18,32,12.0,21
11,士林,2020-06-08,21,4,5.0,nan,14,21,14.0,18
10,淡水,2020-06-08,20,4,5.0,nan,16,19,18.0,20
9,林口,2020-06-08,22,3,3.0,nan,12,22,20.0,20
8,菜寮,2020-06-08,27,4,7.0,nan,16,27,13.0,24
7,新莊,2020-06-08,27,4,7.0,nan,19,27,16.0,21
6,板橋,2020-06-08,31,4,7.0,nan,16,31,16.0,20
5,土城,2020-06-08,26,6,6.0,nan,19,26,19.0,20
4,新店,2020-06-08,24,4,5.0,nan,15,24,19.0,21
3,萬里,2020-06-08,28,4,2.0,nan,15,20,28.0,19
2,汐止,2020-06-08,29,9,6.0,nan,18,29,18.0,27
1,基隆,2020-06-08,25,4,5.0,nan,20,25,17.0,20
84,富貴角,2020-06-08,30,1,1.0,nan,22,7,30.0,16
80,關山,2020-06-08,21,3,nan,nan,12,6,21.0,17
40,朴子,2020-06-09,31,6,3.0,nan,31,16,24.0,22
84,富貴角,2020-06-09,25,1,2.0,nan,20,8,25.0,19
83,麥寮,2020-06-09,29,6,nan,nan,29,13,nan,28
80,關山,2020-06-09,25,3,nan,nan,18,7,9.0,25
78,馬公,2020-06-09,19,10,3.0,nan,13,16,19.0,8
77,金門,2020-06-09,21,3,1.0,nan,12,15,21.0,9
75,馬祖,2020-06-09,23,6,1.0,nan,15,23,22.0,20
72,埔里,2020-06-09,19,4,2.0,nan,13,9,19.0,13
71,復興,2020-06-09,28,6,7.0,nan,19,26,nan,28
70,永和,2020-06-09,32,4,16.0,nan,15,32,nan,23
69,竹山,2020-06-09,30,4,3.0,nan,19,12,30.0,21
68,中壢,2020-06-09,39,4,19.0,nan,18,39,nan,26
67,三重,2020-06-09,43,6,18.0,nan,22,38,nan,43
66,冬山,2020-06-09,18,3,3.0,nan,18,15,18.0,15
65,宜蘭,2020-06-09,20,3,3.0,nan,14,11,20.0,14
64,陽明,2020-06-09,25,1,2.0,nan,5,7,25.0,13
63,花蓮,2020-06-09,20,1,3.0,nan,16,10,20.0,16
62,臺東,2020-06-09,19,1,3.0,nan,14,7,19.0,8
61,恆春,2020-06-09,20,1,1.0,nan,5,2,20.0,10
60,潮州,2020-06-09,26,4,2.0,nan,21,18,26.0,26
59,屏東,2020-06-09,33,6,5.0,nan,21,18,33.0,24
58,小港,2020-06-09,25,9,5.0,nan,22,25,14.0,25
57,前鎮,2020-06-09,23,6,nan,nan,19,23,nan,15
56,前金,2020-06-09,22,9,5.0,nan,19,22,21.0,22
54,左營,2020-06-09,27,6,6.0,nan,19,27,19.0,19
53,楠梓,2020-06-09,26,9,5.0,nan,23,25,24.0,26
52,林園,2020-06-09,26,4,2.0,nan,24,22,26.0,22
51,大寮,2020-06-09,45,16,5.0,nan,30,25,20.0,45
50,鳳山,2020-06-09,25,7,6.0,nan,19,25,nan,17
49,仁武,2020-06-09,31,13,5.0,nan,22,25,27.0,31
48,橋頭,2020-06-09,25,6,5.0,nan,21,22,25.0,22
47,美濃,2020-06-09,44,4,2.0,nan,21,8,44.0,25
46,臺南,2020-06-09,29,7,8.0,nan,19,29,22.0,26
45,安南,2020-06-09,32,7,6.0,nan,24,26,22.0,32
44,善化,2020-06-09,31,3,2.0,nan,18,11,31.0,21
43,新營,2020-06-09,31,9,3.0,nan,26,21,24.0,31
42,嘉義,2020-06-09,31,4,3.0,nan,18,15,31.0,20
41,臺西,2020-06-09,29,6,nan,nan,22,11,nan,29
39,新港,2020-06-09,31,10,3.0,nan,30,17,31.0,30
38,崙背,2020-06-09,24,7,3.0,nan,24,11,23.0,14
37,斗六,2020-06-09,35,4,5.0,nan,20,15,35.0,23
36,南投,2020-06-09,29,4,5.0,nan,17,17,29.0,13
35,二林,2020-06-09,23,7,2.0,nan,20,10,23.0,19
34,線西,2020-06-09,22,6,nan,nan,19,16,nan,22
33,彰化,2020-06-09,25,14,3.0,nan,12,11,25.0,14
32,西屯,2020-06-09,25,3,5.0,nan,16,25,19.0,20
31,忠明,2020-06-09,21,3,6.0,nan,14,21,19.0,19
30,大里,2020-06-09,22,6,6.0,nan,18,19,19.0,22
29,沙鹿,2020-06-09,24,4,5.0,nan,11,22,21.0,24
28,豐原,2020-06-09,18,3,2.0,nan,5,16,18.0,13
27,三義,2020-06-09,18,4,1.0,nan,9,11,18.0,9
26,苗栗,2020-06-09,15,3,3.0,nan,5,12,15.0,11
25,頭份,2020-06-09,24,6,nan,nan,17,18,nan,24
24,新竹,2020-06-09,23,4,6.0,nan,14,22,23.0,23
23,竹東,2020-06-09,27,4,3.0,nan,15,9,27.0,18
22,湖口,2020-06-09,29,4,2.0,nan,11,19,29.0,18
21,龍潭,2020-06-09,24,4,3.0,nan,13,13,24.0,16
20,平鎮,2020-06-09,24,4,3.0,nan,18,24,22.0,20
19,觀音,2020-06-09,31,10,3.0,nan,19,24,31.0,23
18,大園,2020-06-09,27,6,5.0,nan,17,22,27.0,27
17,桃園,2020-06-09,29,10,7.0,nan,17,27,16.0,29
16,大同,2020-06-09,44,7,23.0,nan,23,44,nan,39
15,松山,2020-06-09,32,4,8.0,nan,21,32,19.0,31
14,古亭,2020-06-09,26,3,6.0,nan,16,25,22.0,26
13,萬華,2020-06-09,31,6,8.0,nan,17,31,19.0,22
12,中山,2020-06-09,34,3,8.0,nan,19,34,21.0,22
11,士林,2020-06-09,31,6,6.0,nan,18,31,23.0,25
10,淡水,2020-06-09,24,4,3.0,nan,16,21,21.0,24
9,林口,2020-06-09,29,6,5.0,nan,17,29,19.0,22
8,菜寮,2020-06-09,36,6,8.0,nan,18,36,19.0,26
7,新莊,2020-06-09,36,7,9.0,nan,24,36,20.0,35
6,板橋,2020-06-09,39,6,8.0,nan,19,39,21.0,26
5,土城,2020-06-09,27,6,7.0,nan,22,27,26.0,26
4,新店,2020-06-09,22,4,5.0,nan,14,22,22.0,18
3,萬里,2020-06-09,31,6,3.0,nan,15,21,31.0,22
2,汐止,2020-06-09,33,13,7.0,nan,23,27,20.0,33
1,基隆,2020-06-09,25,4,5.0,nan,21,24,20.0,25
84,富貴角,2020-06-10,44,1,2.0,nan,21,10,44.0,29
1,基隆,2020-06-10,29,10,3.0,nan,23,26,29.0,29
2,汐止,2020-06-10,49,7,6.0,nan,24,26,49.0,38
3,萬里,2020-06-10,41,6,2.0,nan,17,10,41.0,27
4,新店,2020-06-10,46,9,5.0,nan,16,24,46.0,23
5,土城,2020-06-10,61,4,6.0,nan,23,30,61.0,32
6,板橋,2020-06-10,48,7,6.0,nan,20,37,48.0,31
7,新莊,2020-06-10,51,14,6.0,nan,21,22,51.0,34
8,菜寮,2020-06-10,39,7,6.0,nan,19,27,39.0,33
9,林口,2020-06-10,44,7,3.0,nan,17,24,44.0,31
10,淡水,2020-06-10,38,4,3.0,nan,18,20,38.0,29
11,士林,2020-06-10,49,6,5.0,nan,21,25,49.0,34
12,中山,2020-06-10,45,6,8.0,nan,21,37,45.0,29
13,萬華,2020-06-10,50,6,7.0,nan,19,33,50.0,31
14,古亭,2020-06-10,49,7,6.0,nan,18,25,49.0,30
15,松山,2020-06-10,44,7,7.0,nan,21,29,44.0,36
16,大同,2020-06-10,48,6,20.0,nan,24,48,nan,41
17,桃園,2020-06-10,37,20,6.0,nan,19,24,34.0,37
18,大園,2020-06-10,34,6,5.0,nan,19,18,34.0,32
19,觀音,2020-06-10,26,6,3.0,nan,19,19,26.0,26
20,平鎮,2020-06-10,38,6,3.0,nan,19,19,38.0,30
21,龍潭,2020-06-10,45,6,3.0,nan,17,14,45.0,23
22,湖口,2020-06-10,34,7,2.0,nan,14,18,34.0,30
23,竹東,2020-06-10,44,4,2.0,nan,18,12,44.0,28
24,新竹,2020-06-10,36,6,5.0,nan,18,17,36.0,29
25,頭份,2020-06-10,30,7,nan,nan,17,17,nan,30
26,苗栗,2020-06-10,28,4,3.0,nan,14,17,28.0,21
27,三義,2020-06-10,37,6,3.0,nan,17,17,37.0,28
28,豐原,2020-06-10,47,6,5.0,nan,21,19,47.0,29
29,沙鹿,2020-06-10,35,4,3.0,nan,15,16,35.0,25
30,大里,2020-06-10,41,6,6.0,nan,20,17,41.0,26
31,忠明,2020-06-10,39,4,3.0,nan,17,15,39.0,26
32,西屯,2020-06-10,45,4,2.0,nan,18,17,45.0,25
33,彰化,2020-06-10,35,10,3.0,nan,17,11,35.0,17
34,線西,2020-06-10,28,6,nan,nan,20,12,nan,28
35,二林,2020-06-10,25,6,2.0,nan,24,9,25.0,25
36,南投,2020-06-10,46,6,3.0,nan,21,13,46.0,24
37,斗六,2020-06-10,42,14,3.0,nan,19,15,42.0,26
38,崙背,2020-06-10,29,4,3.0,nan,27,13,29.0,29
39,新港,2020-06-10,31,6,3.0,nan,25,14,31.0,30
40,朴子,2020-06-10,29,6,3.0,nan,29,21,27.0,29
41,臺西,2020-06-10,41,4,nan,nan,23,12,nan,41
42,嘉義,2020-06-10,36,4,2.0,nan,16,14,36.0,16
43,新營,2020-06-10,35,3,3.0,nan,22,10,35.0,30
44,善化,2020-06-10,34,7,2.0,nan,15,8,34.0,27
45,安南,2020-06-10,33,9,3.0,nan,20,23,33.0,30
46,臺南,2020-06-10,31,4,3.0,nan,17,20,31.0,29
47,美濃,2020-06-10,46,3,2.0,nan,17,6,46.0,26
48,橋頭,2020-06-10,34,3,2.0,nan,17,14,34.0,21
49,仁武,2020-06-10,29,7,3.0,nan,19,15,29.0,27
50,鳳山,2020-06-10,18,7,5.0,nan,18,13,nan,16
51,大寮,2020-06-10,31,10,3.0,nan,20,14,20.0,31
52,林園,2020-06-10,26,4,2.0,nan,25,12,20.0,26
53,楠梓,2020-06-10,28,7,3.0,nan,19,18,28.0,19
54,左營,2020-06-10,24,3,5.0,nan,15,17,24.0,19
56,前金,2020-06-10,23,6,5.0,nan,16,17,23.0,22
57,前鎮,2020-06-10,17,4,nan,nan,16,17,nan,16
58,小港,2020-06-10,25,6,3.0,nan,21,20,16.0,25
59,屏東,2020-06-10,36,4,6.0,nan,22,15,36.0,26
60,潮州,2020-06-10,21,4,1.0,nan,18,3,21.0,18
61,恆春,2020-06-10,19,1,1.0,nan,5,1,19.0,12
62,臺東,2020-06-10,19,3,3.0,nan,14,7,19.0,6
63,花蓮,2020-06-10,29,1,2.0,nan,16,11,29.0,16
64,陽明,2020-06-10,44,4,2.0,nan,13,8,44.0,29
65,宜蘭,2020-06-10,33,4,2.0,nan,19,8,33.0,19
66,冬山,2020-06-10,32,9,5.0,nan,25,19,32.0,31
67,三重,2020-06-10,45,6,18.0,nan,22,43,nan,45
68,中壢,2020-06-10,39,4,18.0,nan,19,39,nan,31
69,竹山,2020-06-10,46,4,3.0,nan,20,8,46.0,27
70,永和,2020-06-10,37,4,12.0,nan,18,37,nan,33
71,復興,2020-06-10,30,6,6.0,nan,16,21,nan,30
72,埔里,2020-06-10,42,4,3.0,nan,18,10,42.0,25
75,馬祖,2020-06-10,33,4,2.0,nan,18,26,26.0,33
77,金門,2020-06-10,30,3,1.0,nan,16,30,20.0,20
78,馬公,2020-06-10,19,4,2.0,nan,10,15,19.0,12
80,關山,2020-06-10,20,3,nan,nan,10,3,20.0,18
83,麥寮,2020-06-10,37,4,nan,nan,28,14,nan,37
1,基隆,2020-06-11,44,9,6.0,nan,28,25,35.0,44
84,富貴角,2020-06-11,44,3,2.0,nan,27,14,40.0,44
83,麥寮,2020-06-11,26,4,nan,nan,24,12,nan,26
80,關山,2020-06-11,20,3,nan,nan,10,3,20.0,19
78,馬公,2020-06-11,21,3,2.0,nan,9,8,21.0,9
77,金門,2020-06-11,31,7,2.0,nan,18,26,20.0,31
75,馬祖,2020-06-11,40,9,1.0,nan,18,25,30.0,40
72,埔里,2020-06-11,44,3,2.0,nan,21,8,44.0,41
71,復興,2020-06-11,21,7,3.0,nan,16,15,nan,21
70,永和,2020-06-11,50,4,16.0,nan,28,40,nan,50
69,竹山,2020-06-11,43,4,2.0,nan,21,9,43.0,33
68,中壢,2020-06-11,40,3,16.0,nan,22,39,nan,40
67,三重,2020-06-11,63,6,16.0,nan,33,46,nan,63
66,冬山,2020-06-11,39,6,5.0,nan,26,12,34.0,39
65,宜蘭,2020-06-11,35,4,3.0,nan,24,8,35.0,35
64,陽明,2020-06-11,47,4,3.0,nan,18,7,45.0,47
63,花蓮,2020-06-11,20,1,2.0,nan,16,5,20.0,15
62,臺東,2020-06-11,20,4,3.0,nan,14,11,20.0,9
61,恆春,2020-06-11,21,1,1.0,nan,5,1,21.0,13
60,潮州,2020-06-11,25,1,1.0,nan,16,5,25.0,13
59,屏東,2020-06-11,38,10,3.0,nan,21,13,38.0,24
58,小港,2020-06-11,20,6,3.0,nan,20,13,16.0,20
57,前鎮,2020-06-11,15,6,nan,nan,15,14,nan,14
56,前金,2020-06-11,22,6,3.0,nan,16,13,22.0,17
54,左營,2020-06-11,22,4,3.0,nan,15,13,22.0,15
53,楠梓,2020-06-11,24,7,3.0,nan,18,12,24.0,17
52,林園,2020-06-11,22,3,2.0,nan,21,7,22.0,18
51,大寮,2020-06-11,29,13,2.0,nan,19,12,24.0,29
50,鳳山,2020-06-11,19,6,5.0,nan,19,11,nan,12
49,仁武,2020-06-11,28,10,2.0,nan,17,11,28.0,27
48,橋頭,2020-06-11,26,6,3.0,nan,19,9,26.0,16
47,美濃,2020-06-11,43,6,2.0,nan,17,8,43.0,24
46,臺南,2020-06-11,25,6,2.0,nan,15,12,25.0,19
45,安南,2020-06-11,27,6,2.0,nan,18,12,27.0,21
44,善化,2020-06-11,34,3,2.0,nan,17,11,34.0,20
43,新營,2020-06-11,32,4,2.0,nan,14,8,32.0,18
42,嘉義,2020-06-11,31,4,2.0,nan,18,14,31.0,18
41,臺西,2020-06-11,30,3,nan,nan,19,9,nan,30
40,朴子,2020-06-11,28,6,2.0,nan,28,10,24.0,22
39,新港,2020-06-11,29,7,2.0,nan,29,14,24.0,24
38,崙背,2020-06-11,26,4,2.0,nan,26,12,25.0,19
37,斗六,2020-06-11,32,4,3.0,nan,21,11,32.0,28
36,南投,2020-06-11,41,4,5.0,nan,24,16,41.0,33
35,二林,2020-06-11,31,7,2.0,nan,28,14,30.0,31
34,線西,2020-06-11,26,4,nan,nan,21,12,nan,26
33,彰化,2020-06-11,31,13,3.0,nan,19,11,31.0,22
32,西屯,2020-06-11,35,4,3.0,nan,19,17,35.0,30
31,忠明,2020-06-11,31,4,3.0,nan,19,18,31.0,30
30,大里,2020-06-11,38,6,5.0,nan,24,16,35.0,38
29,沙鹿,2020-06-11,31,4,3.0,nan,16,20,31.0,25
28,豐原,2020-06-11,42,6,6.0,nan,22,17,42.0,28
27,三義,2020-06-11,33,6,3.0,nan,19,13,33.0,33
26,苗栗,2020-06-11,24,6,3.0,nan,15,15,24.0,23
25,頭份,2020-06-11,31,9,nan,nan,19,20,nan,31
24,新竹,2020-06-11,32,7,3.0,nan,18,17,31.0,32
23,竹東,2020-06-11,43,3,3.0,nan,23,12,43.0,43
22,湖口,2020-06-11,32,7,2.0,nan,14,20,32.0,28
21,龍潭,2020-06-11,45,7,3.0,nan,20,17,45.0,39
20,平鎮,2020-06-11,41,4,3.0,nan,24,25,28.0,41
19,觀音,2020-06-11,31,6,2.0,nan,18,13,31.0,27
18,大園,2020-06-11,34,7,3.0,nan,19,17,34.0,32
17,桃園,2020-06-11,48,9,5.0,nan,23,21,30.0,48
16,大同,2020-06-11,58,9,20.0,nan,32,42,nan,58
15,松山,2020-06-11,52,7,7.0,nan,27,35,48.0,52
14,古亭,2020-06-11,64,4,7.0,nan,27,34,64.0,53
13,萬華,2020-06-11,51,4,8.0,nan,30,34,45.0,51
12,中山,2020-06-11,47,6,9.0,nan,28,36,41.0,47
11,士林,2020-06-11,49,6,7.0,nan,29,27,39.0,49
10,淡水,2020-06-11,43,6,6.0,nan,25,18,30.0,43
9,林口,2020-06-11,44,6,3.0,nan,25,23,39.0,44
8,菜寮,2020-06-11,54,7,8.0,nan,30,27,31.0,54
7,新莊,2020-06-11,55,9,8.0,nan,35,34,45.0,55
6,板橋,2020-06-11,49,6,7.0,nan,30,31,46.0,49
5,土城,2020-06-11,61,7,6.0,nan,28,28,61.0,50
4,新店,2020-06-11,45,4,6.0,nan,22,18,45.0,39
3,萬里,2020-06-11,51,4,5.0,nan,25,21,43.0,51
2,汐止,2020-06-11,57,7,8.0,nan,32,34,46.0,57
1,基隆,2020-06-12,49,4,5.0,nan,22.0,15,49.0,37.0
84,富貴角,2020-06-12,122,6,3.0,nan,27.0,13,122.0,48.0
83,麥寮,2020-06-12,23,6,nan,nan,23.0,11,nan,21.0
80,關山,2020-06-12,20,1,nan,nan,9.0,4,20.0,16.0
78,馬公,2020-06-12,35,3,1.0,nan,12.0,4,35.0,10.0
77,金門,2020-06-12,23,9,1.0,nan,14.0,17,23.0,18.0
75,馬祖,2020-06-12,90,6,2.0,nan,21.0,25,90.0,42.0
72,埔里,2020-06-12,46,3,3.0,nan,19.0,9,46.0,39.0
71,復興,2020-06-12,29,7,5.0,nan,24.0,17,nan,29.0
70,永和,2020-06-12,46,3,15.0,nan,25.0,33,nan,46.0
69,竹山,2020-06-12,41,6,3.0,nan,23.0,9,41.0,38.0
68,中壢,2020-06-12,40,4,11.0,nan,22.0,29,nan,40.0
67,三重,2020-06-12,61,6,14.0,nan,28.0,44,nan,61.0
66,冬山,2020-06-12,31,3,3.0,nan,23.0,8,31.0,27.0
65,宜蘭,2020-06-12,33,3,3.0,nan,24.0,10,33.0,25.0
64,陽明,2020-06-12,58,4,2.0,nan,18.0,3,58.0,48.0
63,花蓮,2020-06-12,22,1,2.0,nan,16.0,5,22.0,13.0
62,臺東,2020-06-12,21,3,3.0,nan,10.0,9,21.0,3.0
61,恆春,2020-06-12,23,1,1.0,nan,10.0,1,23.0,17.0
60,潮州,2020-06-12,46,3,2.0,nan,23.0,8,46.0,30.0
59,屏東,2020-06-12,64,4,3.0,nan,28.0,10,64.0,32.0
58,小港,2020-06-12,39,36,7.0,nan,39.0,25,20.0,27.0
57,前鎮,2020-06-12,21,6,nan,nan,21.0,16,nan,18.0
56,前金,2020-06-12,33,9,3.0,nan,32.0,15,33.0,26.0
54,左營,2020-06-12,44,6,3.0,nan,24.0,15,44.0,24.0
53,楠梓,2020-06-12,48,3,2.0,nan,24.0,13,48.0,29.0
52,林園,2020-06-12,31,4,2.0,nan,31.0,8,26.0,19.0
51,大寮,2020-06-12,51,9,2.0,nan,51.0,15,37.0,35.0
50,鳳山,2020-06-12,18,10,3.0,nan,nan,18,nan,nan
49,仁武,2020-06-12,45,9,3.0,nan,26.0,19,45.0,36.0
48,橋頭,2020-06-12,45,3,3.0,nan,27.0,13,45.0,36.0
47,美濃,2020-06-12,46,3,2.0,nan,20.0,6,46.0,33.0
46,臺南,2020-06-12,33,4,5.0,nan,23.0,12,33.0,31.0
45,安南,2020-06-12,33,4,2.0,nan,22.0,13,33.0,32.0
44,善化,2020-06-12,33,6,2.0,nan,19.0,8,33.0,28.0
43,新營,2020-06-12,33,4,2.0,nan,25.0,12,33.0,33.0
42,嘉義,2020-06-12,32,4,3.0,nan,20.0,17,32.0,28.0
41,臺西,2020-06-12,30,14,nan,nan,19.0,24,nan,30.0
40,朴子,2020-06-12,29,4,2.0,nan,22.0,10,29.0,20.0
39,新港,2020-06-12,36,4,2.0,nan,25.0,12,36.0,29.0
38,崙背,2020-06-12,31,4,2.0,nan,27.0,11,31.0,22.0
37,斗六,2020-06-12,39,4,2.0,nan,24.0,8,39.0,30.0
36,南投,2020-06-12,41,7,5.0,nan,24.0,16,41.0,35.0
35,二林,2020-06-12,27,7,2.0,nan,23.0,11,27.0,25.0
34,線西,2020-06-12,27,3,nan,nan,21.0,13,nan,27.0
33,彰化,2020-06-12,23,13,5.0,nan,19.0,13,23.0,22.0
32,西屯,2020-06-12,29,6,3.0,nan,20.0,19,27.0,29.0
31,忠明,2020-06-12,28,6,3.0,nan,18.0,15,24.0,28.0
30,大里,2020-06-12,34,9,3.0,nan,22.0,15,28.0,34.0
29,沙鹿,2020-06-12,24,4,3.0,nan,16.0,17,24.0,24.0
28,豐原,2020-06-12,26,4,2.0,nan,19.0,12,26.0,21.0
27,三義,2020-06-12,29,4,2.0,nan,16.0,11,21.0,29.0
26,苗栗,2020-06-12,24,4,3.0,nan,18.0,15,16.0,24.0
25,頭份,2020-06-12,32,9,nan,nan,19.0,18,nan,32.0
24,新竹,2020-06-12,26,4,3.0,nan,18.0,13,23.0,26.0
23,竹東,2020-06-12,38,1,2.0,nan,21.0,9,33.0,38.0
22,湖口,2020-06-12,27,6,2.0,nan,14.0,17,24.0,27.0
21,龍潭,2020-06-12,43,6,5.0,nan,22.0,22,41.0,43.0
20,平鎮,2020-06-12,39,6,3.0,nan,25.0,24,30.0,39.0
19,觀音,2020-06-12,24,6,3.0,nan,16.0,17,24.0,23.0
18,大園,2020-06-12,31,7,3.0,nan,18.0,18,25.0,31.0
17,桃園,2020-06-12,45,11,5.0,nan,23.0,25,30.0,45.0
16,大同,2020-06-12,51,6,17.0,nan,30.0,44,nan,51.0
15,松山,2020-06-12,100,4,6.0,nan,23.0,23,100.0,41.0
14,古亭,2020-06-12,112,4,5.0,nan,24.0,22,112.0,45.0
13,萬華,2020-06-12,48,9,6.0,nan,25.0,25,48.0,42.0
12,中山,2020-06-12,54,9,7.0,nan,26.0,27,54.0,37.0
11,士林,2020-06-12,51,6,6.0,nan,26.0,18,51.0,40.0
10,淡水,2020-06-12,45,4,5.0,nan,21.0,14,45.0,41.0
9,林口,2020-06-12,45,9,5.0,nan,25.0,25,41.0,45.0
8,菜寮,2020-06-12,45,6,6.0,nan,29.0,24,44.0,45.0
7,新莊,2020-06-12,54,10,6.0,nan,30.0,25,54.0,45.0
6,板橋,2020-06-12,47,6,7.0,nan,28.0,32,45.0,47.0
5,土城,2020-06-12,54,4,6.0,nan,30.0,31,54.0,51.0
4,新店,2020-06-12,115,4,5.0,nan,25.0,18,115.0,42.0
3,萬里,2020-06-12,129,6,3.0,nan,24.0,13,129.0,42.0
2,汐止,2020-06-12,93,6,6.0,nan,25.0,19,93.0,44.0
1,基隆,2020-06-13,44,6,3.0,nan,20,14,44.0,34
84,富貴角,2020-06-13,49,3,1.0,nan,18,8,49.0,34
83,麥寮,2020-06-13,41,7,nan,nan,26,12,nan,41
80,關山,2020-06-13,19,3,nan,nan,9,3,19.0,13
78,馬公,2020-06-13,33,4,2.0,nan,19,6,33.0,12
77,金門,2020-06-13,33,4,1.0,nan,22,9,33.0,23
75,馬祖,2020-06-13,48,7,2.0,nan,25,28,48.0,34
72,埔里,2020-06-13,64,3,2.0,nan,18,10,64.0,28
71,復興,2020-06-13,28,13,5.0,nan,28,13,nan,28
70,永和,2020-06-13,41,4,10.0,nan,24,27,nan,41
69,竹山,2020-06-13,49,4,3.0,nan,26,11,49.0,44
68,中壢,2020-06-13,37,3,8.0,nan,19,26,nan,37
67,三重,2020-06-13,53,7,12.0,nan,25,28,nan,53
66,冬山,2020-06-13,25,3,2.0,nan,22,8,25.0,21
65,宜蘭,2020-06-13,31,3,2.0,nan,22,8,31.0,21
64,陽明,2020-06-13,42,4,2.0,nan,17,5,36.0,42
63,花蓮,2020-06-13,22,3,2.0,nan,19,7,22.0,17
62,臺東,2020-06-13,17,3,3.0,nan,9,10,17.0,10
61,恆春,2020-06-13,25,1,1.0,nan,16,1,25.0,20
60,潮州,2020-06-13,25,3,2.0,nan,14,7,25.0,17
59,屏東,2020-06-13,29,3,3.0,nan,19,10,29.0,29
58,小港,2020-06-13,42,40,10.0,nan,42,15,18.0,32
57,前鎮,2020-06-13,32,9,nan,nan,32,14,nan,12
56,前金,2020-06-13,30,10,3.0,nan,30,14,20.0,24
54,左營,2020-06-13,29,7,5.0,nan,29,9,24.0,20
53,楠梓,2020-06-13,31,7,2.0,nan,31,12,26.0,27
52,林園,2020-06-13,31,1,1.0,nan,31,3,25.0,17
51,大寮,2020-06-13,58,3,2.0,nan,58,8,26.0,26
50,鳳山,2020-06-13,25,4,3.0,nan,25,8,nan,9
49,仁武,2020-06-13,30,7,2.0,nan,26,16,28.0,30
48,橋頭,2020-06-13,29,4,2.0,nan,29,11,28.0,28
47,美濃,2020-06-13,38,3,2.0,nan,26,4,38.0,28
46,臺南,2020-06-13,41,7,3.0,nan,35,17,36.0,41
45,安南,2020-06-13,51,7,3.0,nan,38,12,44.0,51
44,善化,2020-06-13,67,13,2.0,nan,29,8,67.0,50
43,新營,2020-06-13,58,6,3.0,nan,31,15,58.0,53
42,嘉義,2020-06-13,51,4,5.0,nan,28,17,47.0,51
41,臺西,2020-06-13,45,10,nan,nan,24,12,nan,45
40,朴子,2020-06-13,49,4,5.0,nan,31,13,44.0,49
39,新港,2020-06-13,61,3,8.0,nan,36,15,61.0,54
38,崙背,2020-06-13,46,6,3.0,nan,32,10,46.0,38
37,斗六,2020-06-13,67,6,3.0,nan,27,12,67.0,46
36,南投,2020-06-13,74,7,3.0,nan,21,12,74.0,24
35,二林,2020-06-13,43,9,2.0,nan,32,8,42.0,43
34,線西,2020-06-13,28,9,nan,nan,24,10,nan,28
33,彰化,2020-06-13,44,16,5.0,nan,21,13,44.0,24
32,西屯,2020-06-13,50,4,3.0,nan,20,14,50.0,27
31,忠明,2020-06-13,45,3,3.0,nan,20,16,45.0,35
30,大里,2020-06-13,58,6,3.0,nan,23,14,58.0,38
29,沙鹿,2020-06-13,50,4,2.0,nan,19,17,50.0,34
28,豐原,2020-06-13,46,6,2.0,nan,23,9,46.0,34
27,三義,2020-06-13,39,3,2.0,nan,20,8,39.0,37
26,苗栗,2020-06-13,34,4,3.0,nan,19,11,32.0,34
25,頭份,2020-06-13,36,6,nan,nan,21,10,nan,36
24,新竹,2020-06-13,48,4,3.0,nan,20,17,48.0,35
23,竹東,2020-06-13,51,3,2.0,nan,25,8,51.0,44
22,湖口,2020-06-13,48,3,2.0,nan,19,15,48.0,31
21,龍潭,2020-06-13,84,6,5.0,nan,26,13,84.0,48
20,平鎮,2020-06-13,49,6,3.0,nan,24,18,49.0,42
19,觀音,2020-06-13,51,7,2.0,nan,19,8,51.0,28
18,大園,2020-06-13,50,9,2.0,nan,22,19,50.0,32
17,桃園,2020-06-13,39,9,3.0,nan,21,25,39.0,38
16,大同,2020-06-13,44,7,11.0,nan,27,30,nan,44
15,松山,2020-06-13,49,7,5.0,nan,24,21,49.0,44
14,古亭,2020-06-13,61,7,3.0,nan,22,18,61.0,45
13,萬華,2020-06-13,45,7,6.0,nan,26,22,45.0,41
12,中山,2020-06-13,44,6,6.0,nan,24,29,44.0,39
11,士林,2020-06-13,44,7,3.0,nan,24,17,44.0,34
10,淡水,2020-06-13,44,3,3.0,nan,19,12,44.0,32
9,林口,2020-06-13,47,7,2.0,nan,19,15,47.0,31
8,菜寮,2020-06-13,38,6,5.0,nan,24,23,38.0,37
7,新莊,2020-06-13,58,17,5.0,nan,27,26,58.0,44
6,板橋,2020-06-13,46,7,5.0,nan,26,23,46.0,42
5,土城,2020-06-13,87,7,12.0,nan,27,23,87.0,46
4,新店,2020-06-13,71,4,5.0,nan,23,16,71.0,37
3,萬里,2020-06-13,45,10,3.0,nan,21,8,45.0,38
2,汐止,2020-06-13,58,9,5.0,nan,24,18,58.0,44
40,朴子,2020-06-14,31,4,2.0,nan,21.0,8,31.0,16.0
1,基隆,2020-06-14,80,7,3.0,nan,24.0,15,80.0,43.0
2,汐止,2020-06-14,104,10,6.0,nan,26.0,23,104.0,55.0
3,萬里,2020-06-14,64,9,2.0,nan,22.0,7,64.0,43.0
4,新店,2020-06-14,80,4,3.0,nan,20.0,14,80.0,39.0
5,土城,2020-06-14,71,6,5.0,nan,22.0,22,71.0,37.0
6,板橋,2020-06-14,50,6,6.0,nan,22.0,26,50.0,39.0
7,新莊,2020-06-14,64,26,6.0,nan,26.0,25,64.0,51.0
8,菜寮,2020-06-14,48,4,6.0,nan,22.0,29,43.0,48.0
9,林口,2020-06-14,61,6,3.0,nan,22.0,23,61.0,41.0
10,淡水,2020-06-14,58,6,5.0,nan,22.0,20,58.0,38.0
11,士林,2020-06-14,64,6,5.0,nan,23.0,25,64.0,44.0
12,中山,2020-06-14,50,3,6.0,nan,23.0,25,50.0,37.0
13,萬華,2020-06-14,49,4,5.0,nan,22.0,27,49.0,38.0
14,古亭,2020-06-14,67,4,5.0,nan,20.0,19,67.0,42.0
15,松山,2020-06-14,74,4,5.0,nan,22.0,22,74.0,47.0
16,大同,2020-06-14,48,6,15.0,nan,24.0,42,nan,48.0
17,桃園,2020-06-14,44,9,5.0,nan,19.0,19,35.0,44.0
18,大園,2020-06-14,46,9,3.0,nan,25.0,15,46.0,41.0
19,觀音,2020-06-14,44,9,3.0,nan,22.0,12,44.0,34.0
20,平鎮,2020-06-14,41,6,3.0,nan,22.0,17,41.0,38.0
21,龍潭,2020-06-14,49,7,3.0,nan,19.0,12,49.0,32.0
22,湖口,2020-06-14,45,7,2.0,nan,17.0,10,45.0,30.0
23,竹東,2020-06-14,46,3,2.0,nan,20.0,4,46.0,31.0
24,新竹,2020-06-14,44,4,2.0,nan,19.0,11,44.0,28.0
25,頭份,2020-06-14,25,7,nan,nan,19.0,14,nan,25.0
26,苗栗,2020-06-14,29,4,2.0,nan,17.0,6,29.0,26.0
27,三義,2020-06-14,32,7,2.0,nan,14.0,12,32.0,23.0
28,豐原,2020-06-14,38,6,2.0,nan,15.0,8,38.0,17.0
29,沙鹿,2020-06-14,31,10,3.0,nan,15.0,18,31.0,17.0
30,大里,2020-06-14,37,3,3.0,nan,16.0,13,37.0,22.0
31,忠明,2020-06-14,33,4,5.0,nan,15.0,21,33.0,22.0
32,西屯,2020-06-14,36,4,5.0,nan,16.0,25,36.0,15.0
33,彰化,2020-06-14,33,9,3.0,nan,17.0,8,33.0,12.0
34,線西,2020-06-14,21,6,nan,nan,21.0,16,nan,18.0
35,二林,2020-06-14,36,6,2.0,nan,36.0,11,34.0,24.0
36,南投,2020-06-14,40,3,3.0,nan,19.0,17,40.0,16.0
37,斗六,2020-06-14,39,1,3.0,nan,22.0,10,39.0,25.0
38,崙背,2020-06-14,36,4,2.0,nan,25.0,13,36.0,19.0
39,新港,2020-06-14,30,3,3.0,nan,nan,14,30.0,nan
41,臺西,2020-06-14,29,3,nan,nan,23.0,8,nan,29.0
42,嘉義,2020-06-14,36,3,2.0,nan,19.0,10,36.0,16.0
43,新營,2020-06-14,40,4,2.0,nan,18.0,10,40.0,23.0
44,善化,2020-06-14,38,34,2.0,nan,11.0,9,38.0,19.0
45,安南,2020-06-14,34,4,2.0,nan,15.0,11,34.0,17.0
46,臺南,2020-06-14,31,7,2.0,nan,15.0,11,31.0,18.0
47,美濃,2020-06-14,35,4,2.0,nan,33.0,6,35.0,22.0
48,橋頭,2020-06-14,34,9,2.0,nan,12.0,10,34.0,13.0
49,仁武,2020-06-14,33,9,3.0,nan,11.0,8,33.0,20.0
50,鳳山,2020-06-14,16,9,5.0,nan,13.0,16,nan,3.0
51,大寮,2020-06-14,37,4,1.0,nan,12.0,7,37.0,11.0
52,林園,2020-06-14,34,3,1.0,nan,27.0,2,34.0,17.0
53,楠梓,2020-06-14,33,9,3.0,nan,14.0,15,33.0,12.0
54,左營,2020-06-14,31,9,3.0,nan,12.0,11,31.0,12.0
56,前金,2020-06-14,31,9,2.0,nan,14.0,10,31.0,18.0
57,前鎮,2020-06-14,18,6,nan,nan,11.0,18,nan,8.0
58,小港,2020-06-14,31,24,9.0,nan,19.0,20,31.0,18.0
59,屏東,2020-06-14,33,3,3.0,nan,13.0,10,33.0,10.0
60,潮州,2020-06-14,33,3,1.0,nan,11.0,5,33.0,9.0
61,恆春,2020-06-14,35,1,1.0,nan,11.0,1,35.0,17.0
62,臺東,2020-06-14,31,1,2.0,nan,13.0,7,31.0,3.0
63,花蓮,2020-06-14,31,7,1.0,nan,12.0,3,31.0,9.0
64,陽明,2020-06-14,43,7,2.0,nan,13.0,6,43.0,33.0
65,宜蘭,2020-06-14,37,4,2.0,nan,20.0,6,37.0,30.0
66,冬山,2020-06-14,37,4,3.0,nan,19.0,11,37.0,27.0
67,三重,2020-06-14,55,6,12.0,nan,24.0,32,nan,55.0
68,中壢,2020-06-14,35,3,10.0,nan,19.0,31,nan,35.0
69,竹山,2020-06-14,38,3,2.0,nan,19.0,9,38.0,26.0
70,永和,2020-06-14,41,3,11.0,nan,19.0,28,nan,41.0
71,復興,2020-06-14,19,7,3.0,nan,12.0,16,nan,19.0
72,埔里,2020-06-14,39,3,2.0,nan,13.0,7,39.0,17.0
75,馬祖,2020-06-14,37,6,1.0,nan,17.0,25,37.0,22.0
77,金門,2020-06-14,30,3,1.0,nan,19.0,8,30.0,16.0
78,馬公,2020-06-14,29,6,nan,nan,18.0,8,29.0,12.0
80,關山,2020-06-14,29,3,nan,nan,10.0,3,29.0,13.0
83,麥寮,2020-06-14,24,4,nan,nan,22.0,12,nan,24.0
84,富貴角,2020-06-14,104,6,2.0,nan,20.0,7,104.0,44.0
1,基隆,2020-06-15,48,4,3.0,nan,19.0,19,48.0,24.0
84,富貴角,2020-06-15,37,3,1.0,nan,16.0,7,37.0,21.0
83,麥寮,2020-06-15,16,3,nan,nan,16.0,10,nan,15.0
80,關山,2020-06-15,21,3,nan,nan,13.0,4,21.0,16.0
78,馬公,2020-06-15,24,3,nan,nan,11.0,7,24.0,3.0
77,金門,2020-06-15,31,6,1.0,nan,19.0,10,31.0,16.0
75,馬祖,2020-06-15,38,4,1.0,nan,18.0,26,38.0,22.0
72,埔里,2020-06-15,37,4,2.0,nan,11.0,12,37.0,17.0
71,復興,2020-06-15,18,6,3.0,nan,12.0,14,nan,18.0
70,永和,2020-06-15,20,4,9.0,nan,19.0,19,nan,20.0
69,竹山,2020-06-15,41,4,2.0,nan,18.0,8,41.0,21.0
68,中壢,2020-06-15,28,3,14.0,nan,16.0,28,nan,23.0
67,三重,2020-06-15,38,6,17.0,nan,21.0,34,nan,38.0
66,冬山,2020-06-15,36,4,2.0,nan,18.0,16,36.0,18.0
65,宜蘭,2020-06-15,35,9,2.0,nan,16.0,5,35.0,24.0
64,陽明,2020-06-15,36,4,1.0,nan,10.0,5,36.0,19.0
63,花蓮,2020-06-15,22,4,2.0,nan,16.0,6,22.0,13.0
62,臺東,2020-06-15,19,1,3.0,nan,15.0,7,19.0,6.0
61,恆春,2020-06-15,23,3,1.0,nan,9.0,6,23.0,12.0
60,潮州,2020-06-15,30,4,2.0,nan,15.0,8,30.0,10.0
59,屏東,2020-06-15,38,7,3.0,nan,15.0,9,38.0,15.0
58,小港,2020-06-15,23,10,3.0,nan,17.0,19,23.0,22.0
57,前鎮,2020-06-15,11,4,nan,nan,10.0,11,nan,10.0
56,前金,2020-06-15,27,9,2.0,nan,11.0,10,27.0,16.0
54,左營,2020-06-15,24,6,2.0,nan,5.0,10,24.0,10.0
53,楠梓,2020-06-15,28,6,3.0,nan,17.0,13,28.0,13.0
52,林園,2020-06-15,28,7,2.0,nan,24.0,10,28.0,19.0
51,大寮,2020-06-15,29,11,3.0,nan,16.0,14,29.0,17.0
50,鳳山,2020-06-15,14,10,3.0,nan,11.0,14,nan,9.0
49,仁武,2020-06-15,28,17,2.0,nan,14.0,12,28.0,24.0
48,橋頭,2020-06-15,27,6,2.0,nan,12.0,11,27.0,12.0
47,美濃,2020-06-15,40,4,2.0,nan,12.0,4,40.0,17.0
46,臺南,2020-06-15,27,4,2.0,nan,10.0,13,27.0,15.0
45,安南,2020-06-15,30,4,2.0,nan,16.0,13,30.0,18.0
44,善化,2020-06-15,33,7,2.0,nan,11.0,8,33.0,17.0
43,新營,2020-06-15,32,7,2.0,nan,12.0,8,32.0,14.0
42,嘉義,2020-06-15,36,4,2.0,nan,13.0,10,36.0,7.0
41,臺西,2020-06-15,18,6,nan,nan,14.0,9,nan,18.0
40,朴子,2020-06-15,27,6,2.0,nan,20.0,9,27.0,14.0
39,新港,2020-06-15,17,17,2.0,nan,nan,13,16.0,nan
38,崙背,2020-06-15,28,3,2.0,nan,19.0,9,28.0,17.0
37,斗六,2020-06-15,37,4,2.0,nan,16.0,10,37.0,16.0
36,南投,2020-06-15,39,3,2.0,nan,19.0,10,39.0,14.0
35,二林,2020-06-15,29,6,2.0,nan,21.0,10,29.0,16.0
34,線西,2020-06-15,19,4,nan,nan,19.0,8,nan,15.0
33,彰化,2020-06-15,32,11,2.0,nan,15.0,11,32.0,10.0
32,西屯,2020-06-15,38,4,2.0,nan,17.0,17,38.0,17.0
31,忠明,2020-06-15,32,4,2.0,nan,15.0,11,32.0,20.0
30,大里,2020-06-15,36,6,3.0,nan,19.0,13,36.0,22.0
29,沙鹿,2020-06-15,33,4,2.0,nan,13.0,15,33.0,13.0
28,豐原,2020-06-15,38,3,2.0,nan,14.0,9,38.0,13.0
27,三義,2020-06-15,34,7,1.0,nan,15.0,8,34.0,16.0
26,苗栗,2020-06-15,27,4,2.0,nan,15.0,11,27.0,18.0
25,頭份,2020-06-15,23,14,nan,nan,19.0,16,nan,23.0
24,新竹,2020-06-15,32,4,2.0,nan,18.0,15,32.0,22.0
23,竹東,2020-06-15,43,4,2.0,nan,19.0,8,43.0,23.0
22,湖口,2020-06-15,34,6,2.0,nan,14.0,15,34.0,16.0
21,龍潭,2020-06-15,44,7,2.0,nan,13.0,10,44.0,14.0
20,平鎮,2020-06-15,32,4,2.0,nan,19.0,13,32.0,20.0
19,觀音,2020-06-15,32,7,2.0,nan,15.0,9,32.0,15.0
18,大園,2020-06-15,36,3,2.0,nan,17.0,13,36.0,18.0
17,桃園,2020-06-15,31,9,3.0,nan,15.0,19,31.0,24.0
16,大同,2020-06-15,35,6,20.0,nan,22.0,35,nan,32.0
15,松山,2020-06-15,42,4,6.0,nan,17.0,22,42.0,23.0
14,古亭,2020-06-15,49,4,3.0,nan,19.0,16,49.0,24.0
13,萬華,2020-06-15,44,4,6.0,nan,19.0,23,44.0,19.0
12,中山,2020-06-15,37,4,8.0,nan,20.0,27,37.0,23.0
11,士林,2020-06-15,44,3,3.0,nan,19.0,13,44.0,25.0
10,淡水,2020-06-15,32,3,3.0,nan,19.0,15,32.0,22.0
9,林口,2020-06-15,38,6,2.0,nan,15.0,20,38.0,19.0
8,菜寮,2020-06-15,35,4,5.0,nan,19.0,19,35.0,29.0
7,新莊,2020-06-15,46,6,6.0,nan,19.0,24,46.0,22.0
6,板橋,2020-06-15,44,4,5.0,nan,17.0,20,44.0,19.0
5,土城,2020-06-15,50,3,3.0,nan,19.0,17,50.0,20.0
4,新店,2020-06-15,45,3,5.0,nan,16.0,19,45.0,19.0
3,萬里,2020-06-15,48,3,2.0,nan,13.0,12,48.0,25.0
2,汐止,2020-06-15,48,4,5.0,nan,21.0,18,48.0,24.0
84,富貴角,2020-06-16,33,3,2.0,nan,17,11,33.0,21.0
83,麥寮,2020-06-16,19,4,nan,nan,16,13,nan,19.0
80,關山,2020-06-16,29,3,nan,nan,17,5,29.0,25.0
78,馬公,2020-06-16,32,3,nan,nan,5,4,32.0,3.0
77,金門,2020-06-16,34,6,1.0,nan,24,8,34.0,22.0
75,馬祖,2020-06-16,80,4,1.0,nan,24,25,80.0,32.0
72,埔里,2020-06-16,36,4,2.0,nan,17,7,36.0,26.0
71,復興,2020-06-16,16,3,3.0,nan,10,11,nan,16.0
70,永和,2020-06-16,26,4,8.0,nan,17,16,nan,26.0
69,竹山,2020-06-16,34,4,1.0,nan,15,7,34.0,16.0
68,中壢,2020-06-16,26,6,14.0,nan,15,26,nan,20.0
67,三重,2020-06-16,40,7,17.0,nan,22,32,nan,40.0
66,冬山,2020-06-16,38,4,5.0,nan,22,12,38.0,29.0
65,宜蘭,2020-06-16,38,4,2.0,nan,20,5,38.0,26.0
64,陽明,2020-06-16,33,3,1.0,nan,9,4,33.0,24.0
63,花蓮,2020-06-16,41,11,2.0,nan,19,5,41.0,19.0
62,臺東,2020-06-16,37,3,3.0,nan,16,8,37.0,15.0
61,恆春,2020-06-16,24,3,1.0,nan,5,7,24.0,15.0
60,潮州,2020-06-16,38,7,2.0,nan,19,8,38.0,17.0
59,屏東,2020-06-16,39,4,2.0,nan,18,10,39.0,20.0
58,小港,2020-06-16,21,4,2.0,nan,11,12,21.0,13.0
57,前鎮,2020-06-16,11,3,nan,nan,11,8,nan,nan
56,前金,2020-06-16,26,4,2.0,nan,12,11,26.0,16.0
54,左營,2020-06-16,25,4,2.0,nan,10,10,25.0,13.0
53,楠梓,2020-06-16,26,6,2.0,nan,17,15,26.0,17.0
52,林園,2020-06-16,26,6,3.0,nan,20,13,26.0,19.0
51,大寮,2020-06-16,33,10,2.0,nan,16,14,33.0,21.0
50,鳳山,2020-06-16,12,4,3.0,nan,12,10,nan,7.0
49,仁武,2020-06-16,27,4,2.0,nan,14,16,27.0,24.0
48,橋頭,2020-06-16,26,4,2.0,nan,18,15,26.0,19.0
47,美濃,2020-06-16,33,3,1.0,nan,10,3,33.0,17.0
46,臺南,2020-06-16,22,3,2.0,nan,10,8,22.0,16.0
45,安南,2020-06-16,23,3,2.0,nan,18,14,23.0,19.0
44,善化,2020-06-16,24,4,1.0,nan,9,10,24.0,19.0
43,新營,2020-06-16,25,6,2.0,nan,13,10,25.0,16.0
42,嘉義,2020-06-16,27,3,2.0,nan,11,9,27.0,7.0
41,臺西,2020-06-16,23,3,nan,nan,16,8,nan,23.0
40,朴子,2020-06-16,20,3,2.0,nan,19,11,20.0,14.0
39,新港,2020-06-16,25,4,3.0,nan,25,13,24.0,16.0
38,崙背,2020-06-16,25,4,2.0,nan,25,10,24.0,22.0
37,斗六,2020-06-16,33,4,2.0,nan,13,8,33.0,18.0
36,南投,2020-06-16,36,3,2.0,nan,19,12,36.0,22.0
35,二林,2020-06-16,24,7,2.0,nan,24,12,24.0,20.0
34,線西,2020-06-16,18,4,nan,nan,18,11,nan,18.0
33,彰化,2020-06-16,29,16,2.0,nan,16,10,29.0,13.0
32,西屯,2020-06-16,34,4,2.0,nan,16,15,34.0,22.0
31,忠明,2020-06-16,30,4,2.0,nan,15,12,30.0,22.0
30,大里,2020-06-16,34,6,3.0,nan,19,12,34.0,23.0
29,沙鹿,2020-06-16,26,4,2.0,nan,11,14,26.0,18.0
28,豐原,2020-06-16,37,4,3.0,nan,17,10,37.0,16.0
27,三義,2020-06-16,29,6,2.0,nan,16,9,29.0,21.0
26,苗栗,2020-06-16,21,4,2.0,nan,12,12,21.0,16.0
25,頭份,2020-06-16,26,10,nan,nan,16,17,nan,26.0
24,新竹,2020-06-16,26,4,3.0,nan,15,9,26.0,19.0
23,竹東,2020-06-16,38,4,2.0,nan,17,10,38.0,26.0
22,湖口,2020-06-16,27,6,2.0,nan,13,17,27.0,19.0
21,龍潭,2020-06-16,35,4,2.0,nan,15,14,35.0,21.0
20,平鎮,2020-06-16,23,4,2.0,nan,16,18,23.0,22.0
19,觀音,2020-06-16,25,4,2.0,nan,14,13,25.0,14.0
18,大園,2020-06-16,28,7,2.0,nan,15,13,28.0,20.0
17,桃園,2020-06-16,24,6,3.0,nan,13,15,24.0,24.0
16,大同,2020-06-16,42,6,25.0,nan,23,42,nan,34.0
15,松山,2020-06-16,37,6,7.0,nan,20,30,37.0,31.0
14,古亭,2020-06-16,46,4,3.0,nan,19,16,46.0,28.0
13,萬華,2020-06-16,38,4,6.0,nan,19,20,38.0,23.0
12,中山,2020-06-16,31,6,8.0,nan,20,25,31.0,24.0
11,士林,2020-06-16,36,6,3.0,nan,18,19,36.0,24.0
10,淡水,2020-06-16,27,3,2.0,nan,14,16,27.0,21.0
9,林口,2020-06-16,30,6,2.0,nan,16,22,30.0,20.0
8,菜寮,2020-06-16,31,6,5.0,nan,19,22,31.0,30.0
7,新莊,2020-06-16,36,19,3.0,nan,20,17,36.0,27.0
6,板橋,2020-06-16,39,6,3.0,nan,19,18,39.0,24.0
5,土城,2020-06-16,45,3,3.0,nan,20,15,45.0,24.0
4,新店,2020-06-16,46,3,2.0,nan,19,13,46.0,26.0
3,萬里,2020-06-16,44,4,2.0,nan,15,12,44.0,26.0
2,汐止,2020-06-16,50,4,5.0,nan,23,25,50.0,31.0
1,基隆,2020-06-16,58,6,3.0,nan,19,32,58.0,33.0
70,永和,2020-06-17,32,3,9.0,nan,20,18,nan,32.0
84,富貴角,2020-06-17,35,4,2.0,nan,19,18,35.0,27.0
83,麥寮,2020-06-17,15,4,nan,nan,13,11,nan,15.0
80,關山,2020-06-17,33,1,nan,nan,19,4,33.0,25.0
78,馬公,2020-06-17,20,6,1.0,nan,5,5,20.0,3.0
77,金門,2020-06-17,31,4,2.0,nan,22,8,31.0,19.0
75,馬祖,2020-06-17,39,4,1.0,nan,25,25,39.0,35.0
72,埔里,2020-06-17,37,4,2.0,nan,17,7,37.0,34.0
71,復興,2020-06-17,12,4,3.0,nan,5,10,nan,12.0
69,竹山,2020-06-17,37,3,1.0,nan,13,7,37.0,17.0
68,中壢,2020-06-17,28,7,12.0,nan,19,28,nan,26.0
67,三重,2020-06-17,51,7,17.0,nan,23,39,nan,51.0
66,冬山,2020-06-17,44,7,3.0,nan,24,12,44.0,34.0
65,宜蘭,2020-06-17,40,3,2.0,nan,21,6,40.0,31.0
64,陽明,2020-06-17,32,3,1.0,nan,5,5,32.0,20.0
63,花蓮,2020-06-17,38,3,2.0,nan,20,6,38.0,24.0
62,臺東,2020-06-17,40,3,3.0,nan,18,7,40.0,19.0
61,恆春,2020-06-17,23,3,1.0,nan,5,7,23.0,10.0
60,潮州,2020-06-17,36,7,2.0,nan,19,12,36.0,23.0
59,屏東,2020-06-17,42,6,2.0,nan,17,11,42.0,16.0
58,小港,2020-06-17,22,3,2.0,nan,9,13,22.0,10.0
57,前鎮,2020-06-17,8,3,nan,nan,5,8,nan,7.0
56,前金,2020-06-17,25,4,1.0,nan,5,7,25.0,12.0
54,左營,2020-06-17,23,4,2.0,nan,5,11,23.0,9.0
53,楠梓,2020-06-17,24,6,2.0,nan,13,17,24.0,14.0
52,林園,2020-06-17,24,6,2.0,nan,16,13,24.0,22.0
51,大寮,2020-06-17,30,6,3.0,nan,13,18,30.0,21.0
50,鳳山,2020-06-17,14,6,3.0,nan,5,14,nan,nan
49,仁武,2020-06-17,23,4,2.0,nan,9,14,23.0,18.0
48,橋頭,2020-06-17,23,6,2.0,nan,16,14,23.0,17.0
47,美濃,2020-06-17,40,4,1.0,nan,10,8,40.0,18.0
46,臺南,2020-06-17,21,4,2.0,nan,5,7,21.0,8.0
45,安南,2020-06-17,23,3,2.0,nan,16,16,23.0,16.0
44,善化,2020-06-17,28,6,2.0,nan,5,11,28.0,14.0
43,新營,2020-06-17,26,6,2.0,nan,9,9,26.0,13.0
42,嘉義,2020-06-17,29,3,2.0,nan,10,11,29.0,9.0
41,臺西,2020-06-17,17,4,nan,nan,11,11,nan,17.0
40,朴子,2020-06-17,20,4,2.0,nan,19,15,20.0,9.0
39,新港,2020-06-17,24,7,2.0,nan,19,12,24.0,13.0
38,崙背,2020-06-17,23,3,2.0,nan,19,10,23.0,18.0
37,斗六,2020-06-17,32,3,2.0,nan,15,9,32.0,17.0
36,南投,2020-06-17,37,3,3.0,nan,19,11,37.0,31.0
35,二林,2020-06-17,24,4,2.0,nan,23,13,24.0,21.0
34,線西,2020-06-17,19,4,nan,nan,19,10,nan,19.0
33,彰化,2020-06-17,30,10,2.0,nan,15,11,30.0,11.0
32,西屯,2020-06-17,32,6,2.0,nan,16,11,32.0,19.0
31,忠明,2020-06-17,31,6,2.0,nan,16,13,31.0,23.0
30,大里,2020-06-17,35,6,3.0,nan,20,13,35.0,29.0
29,沙鹿,2020-06-17,28,4,2.0,nan,9,12,28.0,16.0
28,豐原,2020-06-17,40,6,3.0,nan,17,13,40.0,18.0
27,三義,2020-06-17,31,4,2.0,nan,15,13,31.0,21.0
26,苗栗,2020-06-17,23,4,3.0,nan,14,13,23.0,19.0
25,頭份,2020-06-17,23,7,nan,nan,15,16,nan,23.0
24,新竹,2020-06-17,29,4,3.0,nan,18,16,29.0,25.0
23,竹東,2020-06-17,44,3,2.0,nan,19,10,44.0,27.0
22,湖口,2020-06-17,32,9,2.0,nan,17,19,32.0,24.0
21,龍潭,2020-06-17,47,4,2.0,nan,17,12,47.0,26.0
20,平鎮,2020-06-17,35,4,3.0,nan,21,22,35.0,27.0
19,觀音,2020-06-17,25,4,2.0,nan,15,10,25.0,13.0
18,大園,2020-06-17,34,6,2.0,nan,18,14,34.0,20.0
17,桃園,2020-06-17,36,6,3.0,nan,16,15,36.0,30.0
16,大同,2020-06-17,43,7,20.0,nan,26,43,nan,39.0
15,松山,2020-06-17,67,4,6.0,nan,23,25,67.0,37.0
14,古亭,2020-06-17,80,4,3.0,nan,21,17,80.0,35.0
13,萬華,2020-06-17,58,7,6.0,nan,21,21,58.0,29.0
12,中山,2020-06-17,47,6,9.0,nan,22,30,47.0,30.0
11,士林,2020-06-17,71,4,3.0,nan,21,21,71.0,31.0
10,淡水,2020-06-17,43,4,2.0,nan,16,17,43.0,23.0
9,林口,2020-06-17,47,4,2.0,nan,18,18,47.0,26.0
8,菜寮,2020-06-17,44,7,3.0,nan,20,22,44.0,33.0
7,新莊,2020-06-17,71,13,3.0,nan,23,17,71.0,32.0
6,板橋,2020-06-17,54,7,3.0,nan,20,21,54.0,29.0
5,土城,2020-06-17,74,3,3.0,nan,22,18,74.0,31.0
4,新店,2020-06-17,74,4,3.0,nan,20,17,74.0,30.0
3,萬里,2020-06-17,58,4,2.0,nan,15,17,58.0,35.0
2,汐止,2020-06-17,104,4,6.0,nan,25,27,104.0,39.0
1,基隆,2020-06-17,36,4,3.0,nan,21,21,14.0,36.0
37,斗六,2020-06-18,33,4,2.0,nan,16.0,10,33.0,19.0
1,基隆,2020-06-18,77,6,3.0,nan,22.0,17,77.0,34.0
2,汐止,2020-06-18,77,4,5.0,nan,25.0,26,77.0,35.0
3,萬里,2020-06-18,71,4,2.0,nan,17.0,11,71.0,29.0
4,新店,2020-06-18,61,4,3.0,nan,19.0,16,61.0,34.0
5,土城,2020-06-18,64,6,3.0,nan,21.0,18,64.0,29.0
6,板橋,2020-06-18,54,7,3.0,nan,20.0,22,54.0,28.0
7,新莊,2020-06-18,64,19,3.0,nan,23.0,19,64.0,31.0
8,菜寮,2020-06-18,43,7,5.0,nan,21.0,24,43.0,35.0
84,富貴角,2020-06-18,43,3,2.0,nan,21.0,14,43.0,27.0
9,林口,2020-06-18,47,7,2.0,nan,20.0,25,47.0,26.0
10,淡水,2020-06-18,48,6,3.0,nan,14.0,24,48.0,28.0
11,士林,2020-06-18,58,6,5.0,nan,23.0,21,58.0,31.0
12,中山,2020-06-18,43,7,9.0,nan,22.0,35,43.0,31.0
13,萬華,2020-06-18,54,7,6.0,nan,21.0,20,54.0,31.0
14,古亭,2020-06-18,58,3,3.0,nan,nan,10,58.0,nan
15,松山,2020-06-18,46,7,6.0,nan,21.0,31,46.0,34.0
16,大同,2020-06-18,44,9,20.0,nan,25.0,44,nan,40.0
17,桃園,2020-06-18,36,6,3.0,nan,17.0,15,36.0,32.0
18,大園,2020-06-18,38,7,2.0,nan,17.0,11,38.0,19.0
19,觀音,2020-06-18,26,7,2.0,nan,14.0,14,26.0,13.0
20,平鎮,2020-06-18,33,4,2.0,nan,23.0,19,33.0,32.0
21,龍潭,2020-06-18,64,6,2.0,nan,18.0,10,64.0,29.0
22,湖口,2020-06-18,33,7,2.0,nan,12.0,14,33.0,22.0
23,竹東,2020-06-18,49,4,2.0,nan,18.0,10,49.0,35.0
24,新竹,2020-06-18,31,4,2.0,nan,14.0,12,31.0,26.0
25,頭份,2020-06-18,23,4,nan,nan,15.0,12,nan,23.0
26,苗栗,2020-06-18,25,6,2.0,nan,15.0,11,24.0,25.0
27,三義,2020-06-18,38,6,2.0,nan,17.0,17,38.0,28.0
28,豐原,2020-06-18,45,16,45.0,nan,21.0,12,44.0,36.0
29,沙鹿,2020-06-18,31,3,2.0,nan,9.0,12,31.0,17.0
30,大里,2020-06-18,36,6,3.0,nan,19.0,12,36.0,34.0
31,忠明,2020-06-18,32,3,3.0,nan,15.0,15,32.0,25.0
32,西屯,2020-06-18,37,4,2.0,nan,17.0,13,37.0,28.0
33,彰化,2020-06-18,30,11,2.0,nan,16.0,13,30.0,18.0
34,線西,2020-06-18,18,3,nan,nan,16.0,9,nan,18.0
35,二林,2020-06-18,31,10,2.0,nan,24.0,11,24.0,31.0
36,南投,2020-06-18,40,3,2.0,nan,19.0,9,40.0,33.0
38,崙背,2020-06-18,21,4,2.0,nan,19.0,9,21.0,16.0
39,新港,2020-06-18,21,4,2.0,nan,20.0,14,21.0,16.0
40,朴子,2020-06-18,19,4,2.0,nan,18.0,11,19.0,14.0
41,臺西,2020-06-18,18,4,nan,nan,11.0,8,nan,18.0
42,嘉義,2020-06-18,25,3,1.0,nan,12.0,9,25.0,9.0
43,新營,2020-06-18,25,3,2.0,nan,11.0,8,25.0,16.0
44,善化,2020-06-18,25,4,2.0,nan,11.0,11,25.0,16.0
45,安南,2020-06-18,24,13,2.0,nan,20.0,13,24.0,19.0
46,臺南,2020-06-18,22,4,2.0,nan,5.0,11,22.0,12.0
47,美濃,2020-06-18,37,3,2.0,nan,10.0,4,37.0,18.0
48,橋頭,2020-06-18,22,7,2.0,nan,12.0,12,22.0,18.0
49,仁武,2020-06-18,24,9,2.0,nan,5.0,10,24.0,16.0
50,鳳山,2020-06-18,11,3,3.0,nan,5.0,11,nan,3.0
51,大寮,2020-06-18,33,6,2.0,nan,14.0,15,33.0,22.0
52,林園,2020-06-18,26,4,2.0,nan,15.0,11,26.0,16.0
53,楠梓,2020-06-18,19,4,2.0,nan,12.0,16,19.0,13.0
54,左營,2020-06-18,26,4,1.0,nan,5.0,11,26.0,9.0
56,前金,2020-06-18,24,6,2.0,nan,5.0,8,24.0,12.0
57,前鎮,2020-06-18,12,3,nan,nan,5.0,12,nan,3.0
58,小港,2020-06-18,21,4,2.0,nan,9.0,13,21.0,13.0
59,屏東,2020-06-18,38,6,2.0,nan,18.0,11,38.0,21.0
60,潮州,2020-06-18,45,4,2.0,nan,17.0,13,45.0,20.0
61,恆春,2020-06-18,26,1,1.0,nan,5.0,3,26.0,13.0
62,臺東,2020-06-18,40,3,3.0,nan,18.0,8,40.0,18.0
63,花蓮,2020-06-18,43,3,2.0,nan,20.0,5,43.0,24.0
64,陽明,2020-06-18,51,3,2.0,nan,11.0,5,51.0,19.0
65,宜蘭,2020-06-18,41,4,2.0,nan,21.0,5,41.0,34.0
66,冬山,2020-06-18,40,4,6.0,nan,25.0,15,40.0,36.0
67,三重,2020-06-18,49,7,17.0,nan,23.0,40,nan,49.0
68,中壢,2020-06-18,31,7,14.0,nan,19.0,31,nan,31.0
69,竹山,2020-06-18,40,4,2.0,nan,14.0,7,40.0,19.0
70,永和,2020-06-18,31,4,7.0,nan,18.0,21,nan,31.0
71,復興,2020-06-18,14,4,3.0,nan,5.0,12,nan,14.0
72,埔里,2020-06-18,44,4,2.0,nan,17.0,10,44.0,39.0
75,馬祖,2020-06-18,37,3,1.0,nan,24.0,12,37.0,31.0
77,金門,2020-06-18,31,6,1.0,nan,18.0,14,31.0,19.0
78,馬公,2020-06-18,19,3,2.0,nan,5.0,5,19.0,3.0
80,關山,2020-06-18,33,1,nan,nan,18.0,5,33.0,28.0
83,麥寮,2020-06-18,19,6,nan,nan,14.0,9,nan,19.0
1,基隆,2020-06-19,61,9,3.0,nan,21,36,61.0,35
83,麥寮,2020-06-19,18,3,nan,nan,14,10,nan,18
80,關山,2020-06-19,33,3,nan,nan,21,6,33.0,30
78,馬公,2020-06-19,22,3,2.0,nan,5,5,22.0,3
77,金門,2020-06-19,36,6,1.0,nan,18,11,36.0,24
75,馬祖,2020-06-19,41,4,2.0,nan,27,27,37.0,41
72,埔里,2020-06-19,44,4,2.0,nan,18,11,44.0,36
71,復興,2020-06-19,18,4,5.0,nan,5,15,nan,18
70,永和,2020-06-19,33,4,8.0,nan,20,30,nan,33
69,竹山,2020-06-19,36,4,2.0,nan,15,9,36.0,21
68,中壢,2020-06-19,29,6,16.0,nan,19,28,nan,29
67,三重,2020-06-19,52,7,16.0,nan,25,38,nan,52
66,冬山,2020-06-19,44,4,2.0,nan,23,8,44.0,39
65,宜蘭,2020-06-19,44,4,2.0,nan,19,6,44.0,32
64,陽明,2020-06-19,38,3,2.0,nan,13,10,38.0,27
63,花蓮,2020-06-19,31,3,2.0,nan,19,6,31.0,21
62,臺東,2020-06-19,40,3,3.0,nan,22,9,40.0,22
61,恆春,2020-06-19,25,1,1.0,nan,5,2,25.0,11
60,潮州,2020-06-19,48,6,2.0,nan,19,11,48.0,24
59,屏東,2020-06-19,41,4,3.0,nan,18,17,41.0,23
58,小港,2020-06-19,22,4,3.0,nan,12,12,22.0,19
57,前鎮,2020-06-19,16,4,nan,nan,9,16,nan,8
56,前金,2020-06-19,23,6,2.0,nan,5,13,23.0,13
54,左營,2020-06-19,24,6,2.0,nan,5,12,24.0,15
53,楠梓,2020-06-19,26,7,2.0,nan,13,13,26.0,17
52,林園,2020-06-19,27,7,2.0,nan,20,15,27.0,20
51,大寮,2020-06-19,31,9,3.0,nan,17,17,31.0,31
50,鳳山,2020-06-19,14,9,3.0,nan,11,14,nan,9
49,仁武,2020-06-19,25,7,2.0,nan,12,12,25.0,23
48,橋頭,2020-06-19,25,6,2.0,nan,12,12,25.0,14
47,美濃,2020-06-19,41,4,2.0,nan,12,6,41.0,21
46,臺南,2020-06-19,23,4,2.0,nan,10,13,23.0,17
45,安南,2020-06-19,25,6,2.0,nan,17,13,25.0,19
44,善化,2020-06-19,28,7,2.0,nan,9,8,28.0,20
43,新營,2020-06-19,24,4,2.0,nan,10,8,24.0,19
42,嘉義,2020-06-19,28,4,2.0,nan,14,9,28.0,10
41,臺西,2020-06-19,25,6,nan,nan,14,11,nan,25
40,朴子,2020-06-19,20,7,2.0,nan,20,13,19.0,20
84,富貴角,2020-06-19,35,3,1.0,nan,20,12,35.0,28
39,新港,2020-06-19,24,4,2.0,nan,18,11,24.0,15
38,崙背,2020-06-19,23,4,2.0,nan,19,9,23.0,16
37,斗六,2020-06-19,31,3,2.0,nan,16,13,31.0,21
36,南投,2020-06-19,39,4,3.0,nan,21,11,39.0,38
35,二林,2020-06-19,28,7,2.0,nan,21,10,21.0,28
34,線西,2020-06-19,19,4,nan,nan,15,10,nan,19
33,彰化,2020-06-19,24,11,3.0,nan,17,14,24.0,22
32,西屯,2020-06-19,29,4,2.0,nan,18,16,29.0,28
31,忠明,2020-06-19,30,4,3.0,nan,16,16,25.0,30
30,大里,2020-06-19,34,6,3.0,nan,19,14,31.0,34
29,沙鹿,2020-06-19,22,6,2.0,nan,10,18,22.0,21
28,豐原,2020-06-19,35,6,3.0,nan,19,14,35.0,24
27,三義,2020-06-19,30,7,2.0,nan,17,14,27.0,30
26,苗栗,2020-06-19,23,6,3.0,nan,14,15,19.0,23
25,頭份,2020-06-19,22,7,nan,nan,14,21,nan,22
24,新竹,2020-06-19,27,6,5.0,nan,16,18,23.0,27
23,竹東,2020-06-19,40,6,2.0,nan,17,13,40.0,29
22,湖口,2020-06-19,23,6,3.0,nan,13,20,23.0,19
21,龍潭,2020-06-19,36,4,3.0,nan,16,19,36.0,28
20,平鎮,2020-06-19,26,6,3.0,nan,23,24,26.0,26
19,觀音,2020-06-19,21,7,2.0,nan,14,16,21.0,17
18,大園,2020-06-19,24,7,2.0,nan,19,18,24.0,17
17,桃園,2020-06-19,33,7,3.0,nan,17,22,29.0,33
16,大同,2020-06-19,43,6,20.0,nan,26,40,nan,43
15,松山,2020-06-19,47,7,5.0,nan,23,26,47.0,39
14,古亭,2020-06-19,61,6,5.0,nan,21,27,61.0,39
13,萬華,2020-06-19,46,6,6.0,nan,20,26,46.0,29
12,中山,2020-06-19,40,6,8.0,nan,22,30,40.0,31
11,士林,2020-06-19,46,4,3.0,nan,23,24,46.0,33
10,淡水,2020-06-19,33,4,3.0,nan,15,19,33.0,26
9,林口,2020-06-19,34,7,3.0,nan,19,25,34.0,24
8,菜寮,2020-06-19,37,7,5.0,nan,21,26,37.0,36
7,新莊,2020-06-19,46,19,6.0,nan,23,28,46.0,31
6,板橋,2020-06-19,46,9,5.0,nan,21,22,46.0,29
5,土城,2020-06-19,54,6,5.0,nan,23,25,54.0,32
4,新店,2020-06-19,58,4,3.0,nan,20,21,58.0,33
3,萬里,2020-06-19,46,3,2.0,nan,17,10,46.0,31
2,汐止,2020-06-19,77,10,5.0,nan,24,25,77.0,37
84,富貴角,2020-06-20,31,3,1.0,nan,17,11,31.0,25
83,麥寮,2020-06-20,19,4,nan,nan,16,12,nan,19
80,關山,2020-06-20,35,1,nan,nan,17,4,35.0,27
78,馬公,2020-06-20,26,4,2.0,nan,10,4,26.0,7
77,金門,2020-06-20,38,4,1.0,nan,22,11,38.0,31
75,馬祖,2020-06-20,43,6,1.0,nan,29,29,43.0,40
72,埔里,2020-06-20,45,4,2.0,nan,19,8,41.0,45
71,復興,2020-06-20,18,4,5.0,nan,10,14,nan,18
70,永和,2020-06-20,32,4,9.0,nan,19,25,nan,32
69,竹山,2020-06-20,38,4,2.0,nan,17,10,38.0,25
68,中壢,2020-06-20,34,6,15.0,nan,20,24,nan,34
67,三重,2020-06-20,53,9,17.0,nan,25,35,nan,53
66,冬山,2020-06-20,40,3,2.0,nan,23,11,40.0,34
65,宜蘭,2020-06-20,40,6,2.0,nan,19,7,40.0,31
64,陽明,2020-06-20,35,4,2.0,nan,14,11,35.0,31
63,花蓮,2020-06-20,31,3,2.0,nan,18,8,31.0,24
62,臺東,2020-06-20,37,3,2.0,nan,19,8,37.0,18
61,恆春,2020-06-20,24,1,1.0,nan,5,2,24.0,13
60,潮州,2020-06-20,44,3,2.0,nan,18,8,44.0,19
59,屏東,2020-06-20,37,4,3.0,nan,18,14,37.0,20
58,小港,2020-06-20,20,4,2.0,nan,11,15,20.0,15
57,前鎮,2020-06-20,12,4,nan,nan,5,12,nan,7
56,前金,2020-06-20,22,6,2.0,nan,5,11,22.0,14
54,左營,2020-06-20,22,7,2.0,nan,5,11,22.0,13
53,楠梓,2020-06-20,24,7,2.0,nan,13,17,24.0,18
52,林園,2020-06-20,24,4,2.0,nan,15,8,24.0,19
51,大寮,2020-06-20,29,11,2.0,nan,17,14,29.0,28
50,鳳山,2020-06-20,13,4,3.0,nan,11,13,nan,6
49,仁武,2020-06-20,22,13,3.0,nan,12,15,22.0,21
48,橋頭,2020-06-20,23,4,2.0,nan,13,12,23.0,19
47,美濃,2020-06-20,36,4,2.0,nan,12,8,36.0,24
46,臺南,2020-06-20,21,6,2.0,nan,13,14,21.0,20
45,安南,2020-06-20,24,4,2.0,nan,22,16,22.0,24
44,善化,2020-06-20,24,3,2.0,nan,9,8,24.0,16
43,新營,2020-06-20,24,3,2.0,nan,12,8,24.0,17
42,嘉義,2020-06-20,26,4,2.0,nan,14,8,26.0,16
41,臺西,2020-06-20,23,4,nan,nan,11,9,nan,23
40,朴子,2020-06-20,19,4,2.0,nan,19,11,19.0,19
39,新港,2020-06-20,24,1,2.0,nan,17,11,24.0,16
38,崙背,2020-06-20,24,3,2.0,nan,22,10,22.0,24
37,斗六,2020-06-20,31,4,2.0,nan,17,8,31.0,22
36,南投,2020-06-20,43,3,3.0,nan,21,9,36.0,43
35,二林,2020-06-20,44,9,2.0,nan,29,11,24.0,44
34,線西,2020-06-20,24,4,nan,nan,19,13,nan,24
33,彰化,2020-06-20,30,10,2.0,nan,19,10,30.0,19
32,西屯,2020-06-20,33,6,2.0,nan,17,13,33.0,26
31,忠明,2020-06-20,31,4,2.0,nan,16,14,31.0,29
30,大里,2020-06-20,37,6,3.0,nan,20,11,37.0,35
29,沙鹿,2020-06-20,26,4,2.0,nan,12,10,26.0,19
28,豐原,2020-06-20,40,9,2.0,nan,20,11,40.0,27
27,三義,2020-06-20,32,4,2.0,nan,18,11,32.0,31
26,苗栗,2020-06-20,29,6,2.0,nan,16,11,21.0,29
25,頭份,2020-06-20,33,6,nan,nan,19,18,nan,33
24,新竹,2020-06-20,33,4,2.0,nan,17,16,28.0,33
23,竹東,2020-06-20,40,4,3.0,nan,17,13,40.0,32
22,湖口,2020-06-20,30,7,3.0,nan,15,20,27.0,30
21,龍潭,2020-06-20,40,6,3.0,nan,19,18,40.0,32
20,平鎮,2020-06-20,36,6,3.0,nan,25,24,30.0,36
19,觀音,2020-06-20,25,6,2.0,nan,16,17,25.0,24
18,大園,2020-06-20,29,9,3.0,nan,19,21,29.0,29
17,桃園,2020-06-20,35,9,3.0,nan,18,25,31.0,35
16,大同,2020-06-20,42,6,15.0,nan,26,39,nan,42
15,松山,2020-06-20,49,6,6.0,nan,24,28,49.0,42
14,古亭,2020-06-20,58,4,5.0,nan,20,23,58.0,37
13,萬華,2020-06-20,47,7,6.0,nan,21,21,47.0,34
12,中山,2020-06-20,42,6,8.0,nan,24,26,42.0,34
11,士林,2020-06-20,46,4,5.0,nan,23,22,46.0,36
10,淡水,2020-06-20,31,6,3.0,nan,18,20,31.0,26
9,林口,2020-06-20,37,9,2.0,nan,21,25,37.0,30
8,菜寮,2020-06-20,41,9,5.0,nan,21,23,37.0,41
7,新莊,2020-06-20,48,17,5.0,nan,24,25,48.0,38
6,板橋,2020-06-20,44,11,5.0,nan,23,26,44.0,33
5,土城,2020-06-20,58,4,5.0,nan,23,22,58.0,33
4,新店,2020-06-20,54,4,3.0,nan,19,14,54.0,36
3,萬里,2020-06-20,61,6,3.0,nan,22,10,61.0,47
2,汐止,2020-06-20,74,7,5.0,nan,24,23,74.0,41
1,基隆,2020-06-20,51,7,3.0,nan,22,28,51.0,42
1,基隆,2020-06-21,45,3,3.0,nan,21,23,45.0,38
2,汐止,2020-06-21,38,7,5.0,nan,22,20,36.0,38
3,萬里,2020-06-21,44,4,3.0,nan,20,9,44.0,40
4,新店,2020-06-21,35,3,3.0,nan,19,11,31.0,35
5,土城,2020-06-21,32,6,5.0,nan,21,21,32.0,32
6,板橋,2020-06-21,31,7,3.0,nan,20,21,30.0,31
7,新莊,2020-06-21,40,17,5.0,nan,22,23,35.0,40
8,菜寮,2020-06-21,39,7,5.0,nan,22,23,27.0,39
9,林口,2020-06-21,36,9,3.0,nan,22,23,32.0,36
10,淡水,2020-06-21,38,4,3.0,nan,19,15,31.0,38
11,士林,2020-06-21,37,6,5.0,nan,24,20,33.0,37
12,中山,2020-06-21,31,4,7.0,nan,22,20,26.0,31
13,萬華,2020-06-21,35,4,5.0,nan,21,22,31.0,35
14,古亭,2020-06-21,38,3,3.0,nan,20,13,33.0,38
15,松山,2020-06-21,38,4,3.0,nan,21,17,29.0,38
16,大同,2020-06-21,41,6,16.0,nan,25,31,nan,41
17,桃園,2020-06-21,37,6,3.0,nan,19,17,25.0,37
18,大園,2020-06-21,34,6,2.0,nan,21,12,32.0,34
19,觀音,2020-06-21,28,4,2.0,nan,17,9,26.0,28
20,平鎮,2020-06-21,41,4,2.0,nan,27,15,29.0,41
21,龍潭,2020-06-21,31,6,2.0,nan,19,11,31.0,31
22,湖口,2020-06-21,35,6,2.0,nan,17,18,31.0,35
23,竹東,2020-06-21,30,3,2.0,nan,15,8,24.0,30
24,新竹,2020-06-21,38,4,2.0,nan,19,10,31.0,38
25,頭份,2020-06-21,37,7,nan,nan,19,10,nan,37
26,苗栗,2020-06-21,37,3,2.0,nan,14,10,20.0,37
27,三義,2020-06-21,37,4,2.0,nan,16,9,23.0,37
28,豐原,2020-06-21,25,3,2.0,nan,14,7,25.0,25
29,沙鹿,2020-06-21,28,4,3.0,nan,14,9,25.0,28
30,大里,2020-06-21,56,4,3.0,nan,24,10,22.0,56
31,忠明,2020-06-21,45,3,2.0,nan,18,10,22.0,45
32,西屯,2020-06-21,42,3,2.0,nan,19,12,26.0,42
33,彰化,2020-06-21,31,7,2.0,nan,19,9,22.0,31
34,線西,2020-06-21,31,3,nan,nan,20,9,nan,31
35,二林,2020-06-21,45,7,2.0,nan,29,11,19.0,45
36,南投,2020-06-21,38,3,3.0,nan,19,15,25.0,38
37,斗六,2020-06-21,25,6,2.0,nan,15,12,22.0,25
38,崙背,2020-06-21,21,3,2.0,nan,19,11,19.0,21
39,新港,2020-06-21,23,3,2.0,nan,17,12,19.0,23
40,朴子,2020-06-21,22,6,2.0,nan,19,12,17.0,22
41,臺西,2020-06-21,26,4,nan,nan,13,8,nan,26
42,嘉義,2020-06-21,21,4,2.0,nan,12,11,21.0,16
43,新營,2020-06-21,21,3,2.0,nan,12,12,21.0,20
44,善化,2020-06-21,24,7,2.0,nan,10,18,19.0,24
45,安南,2020-06-21,27,4,2.0,nan,14,13,20.0,27
46,臺南,2020-06-21,23,4,2.0,nan,14,1,19.0,23
47,美濃,2020-06-21,26,4,2.0,nan,11,6,22.0,26
48,橋頭,2020-06-21,23,4,3.0,nan,15,11,23.0,23
49,仁武,2020-06-21,30,9,2.0,nan,18,8,22.0,30
50,鳳山,2020-06-21,13,4,3.0,nan,13,12,nan,11
51,大寮,2020-06-21,36,9,2.0,nan,17,12,27.0,36
52,林園,2020-06-21,26,6,2.0,nan,21,10,22.0,26
53,楠梓,2020-06-21,29,4,2.0,nan,17,13,23.0,29
54,左營,2020-06-21,20,6,2.0,nan,12,8,20.0,16
56,前金,2020-06-21,23,4,2.0,nan,11,10,21.0,23
57,前鎮,2020-06-21,14,6,nan,nan,13,14,nan,11
58,小港,2020-06-21,21,3,2.0,nan,13,13,19.0,21
59,屏東,2020-06-21,29,4,3.0,nan,19,11,27.0,29
60,潮州,2020-06-21,29,4,2.0,nan,19,12,26.0,29
61,恆春,2020-06-21,24,1,1.0,nan,5,1,24.0,20
62,臺東,2020-06-21,33,3,3.0,nan,18,8,33.0,20
63,花蓮,2020-06-21,37,3,2.0,nan,19,10,37.0,28
64,陽明,2020-06-21,29,3,1.0,nan,12,5,26.0,29
65,宜蘭,2020-06-21,43,4,2.0,nan,20,7,43.0,43
66,冬山,2020-06-21,38,4,3.0,nan,21,13,38.0,37
67,三重,2020-06-21,51,7,15.0,nan,23,26,nan,51
68,中壢,2020-06-21,48,6,11.0,nan,31,31,nan,48
69,竹山,2020-06-21,23,3,2.0,nan,12,10,23.0,21
70,永和,2020-06-21,35,6,7.0,nan,19,14,nan,35
71,復興,2020-06-21,26,7,5.0,nan,11,14,nan,26
72,埔里,2020-06-21,37,4,2.0,nan,14,11,25.0,37
75,馬祖,2020-06-21,46,4,1.0,nan,31,25,38.0,46
77,金門,2020-06-21,37,6,2.0,nan,22,9,37.0,27
78,馬公,2020-06-21,25,3,2.0,nan,11,6,25.0,11
80,關山,2020-06-21,31,1,nan,nan,15,5,31.0,30
83,麥寮,2020-06-21,29,4,nan,nan,18,11,nan,29
84,富貴角,2020-06-21,34,3,2.0,nan,22,13,33.0,34
58,小港,2020-06-22,17,6,2.0,nan,12,8,17.0,15
3,萬里,2020-06-22,33,4,2.0,nan,14,13,33.0,29
4,新店,2020-06-22,39,3,2.0,nan,19,14,39.0,29
5,土城,2020-06-22,38,4,3.0,nan,21,18,38.0,29
6,板橋,2020-06-22,34,4,3.0,nan,19,19,34.0,26
7,新莊,2020-06-22,36,7,3.0,nan,21,22,36.0,29
8,菜寮,2020-06-22,31,6,5.0,nan,19,21,28.0,31
9,林口,2020-06-22,23,9,2.0,nan,16,18,23.0,19
10,淡水,2020-06-22,27,4,2.0,nan,13,16,27.0,24
11,士林,2020-06-22,35,6,3.0,nan,21,16,35.0,30
12,中山,2020-06-22,31,6,8.0,nan,20,25,27.0,31
13,萬華,2020-06-22,34,4,6.0,nan,19,22,34.0,28
14,古亭,2020-06-22,40,3,3.0,nan,19,18,40.0,31
15,松山,2020-06-22,35,4,7.0,nan,20,22,35.0,31
16,大同,2020-06-22,36,6,23.0,nan,24,31,nan,36
17,桃園,2020-06-22,26,6,2.0,nan,14,12,24.0,26
18,大園,2020-06-22,23,6,2.0,nan,16,8,23.0,17
19,觀音,2020-06-22,21,4,1.0,nan,15,7,21.0,20
20,平鎮,2020-06-22,26,4,2.0,nan,19,17,26.0,22
21,龍潭,2020-06-22,33,4,2.0,nan,14,10,33.0,22
22,湖口,2020-06-22,23,7,1.0,nan,11,13,23.0,18
23,竹東,2020-06-22,31,3,2.0,nan,15,7,31.0,25
24,新竹,2020-06-22,25,6,2.0,nan,17,12,23.0,25
25,頭份,2020-06-22,22,6,nan,nan,16,13,nan,22
26,苗栗,2020-06-22,18,4,2.0,nan,11,8,18.0,15
27,三義,2020-06-22,24,4,1.0,nan,13,9,24.0,19
28,豐原,2020-06-22,28,4,2.0,nan,13,9,28.0,17
29,沙鹿,2020-06-22,22,9,2.0,nan,10,12,22.0,17
30,大里,2020-06-22,29,6,3.0,nan,19,12,26.0,29
31,忠明,2020-06-22,23,4,3.0,nan,11,12,23.0,20
32,西屯,2020-06-22,26,3,2.0,nan,15,13,26.0,18
33,彰化,2020-06-22,23,9,2.0,nan,15,9,23.0,14
34,線西,2020-06-22,21,3,nan,nan,18,11,nan,21
35,二林,2020-06-22,31,4,2.0,nan,25,11,19.0,31
36,南投,2020-06-22,28,3,3.0,nan,14,8,28.0,22
37,斗六,2020-06-22,25,3,2.0,nan,14,8,25.0,16
38,崙背,2020-06-22,19,3,1.0,nan,17,11,19.0,15
39,新港,2020-06-22,20,3,2.0,nan,15,11,20.0,14
40,朴子,2020-06-22,17,4,2.0,nan,16,13,17.0,15
41,臺西,2020-06-22,21,6,nan,nan,13,9,nan,21
42,嘉義,2020-06-22,20,3,1.0,nan,11,8,20.0,10
43,新營,2020-06-22,19,3,2.0,nan,10,10,19.0,15
44,善化,2020-06-22,19,4,1.0,nan,5,8,19.0,13
45,安南,2020-06-22,19,4,2.0,nan,15,12,19.0,19
46,臺南,2020-06-22,19,4,2.0,nan,10,6,16.0,19
47,美濃,2020-06-22,26,7,2.0,nan,11,7,26.0,19
48,橋頭,2020-06-22,19,9,2.0,nan,15,11,19.0,18
49,仁武,2020-06-22,26,13,2.0,nan,15,10,19.0,26
50,鳳山,2020-06-22,13,6,3.0,nan,13,10,nan,7
51,大寮,2020-06-22,24,10,2.0,nan,14,12,23.0,24
52,林園,2020-06-22,21,7,2.0,nan,18,13,20.0,21
53,楠梓,2020-06-22,19,4,2.0,nan,15,14,19.0,12
54,左營,2020-06-22,19,6,2.0,nan,5,15,19.0,14
56,前金,2020-06-22,19,3,2.0,nan,9,8,19.0,14
57,前鎮,2020-06-22,13,3,nan,nan,10,13,nan,9
59,屏東,2020-06-22,26,4,2.0,nan,15,8,26.0,11
60,潮州,2020-06-22,30,3,2.0,nan,17,10,30.0,19
61,恆春,2020-06-22,20,1,1.0,nan,5,2,20.0,14
62,臺東,2020-06-22,35,3,3.0,nan,18,9,35.0,24
63,花蓮,2020-06-22,36,3,3.0,nan,21,10,36.0,32
64,陽明,2020-06-22,29,3,1.0,nan,10,7,29.0,18
65,宜蘭,2020-06-22,37,3,2.0,nan,18,6,37.0,29
66,冬山,2020-06-22,39,6,2.0,nan,22,25,32.0,39
67,三重,2020-06-22,43,7,16.0,nan,22,35,nan,43
68,中壢,2020-06-22,25,4,12.0,nan,17,21,nan,25
69,竹山,2020-06-22,27,3,1.0,nan,13,8,27.0,17
70,永和,2020-06-22,26,6,7.0,nan,18,17,nan,26
71,復興,2020-06-22,15,3,5.0,nan,5,15,nan,15
72,埔里,2020-06-22,30,4,1.0,nan,14,8,30.0,28
75,馬祖,2020-06-22,42,6,1.0,nan,30,33,26.0,42
77,金門,2020-06-22,31,4,1.0,nan,23,9,31.0,23
78,馬公,2020-06-22,19,3,2.0,nan,9,5,19.0,3
80,關山,2020-06-22,30,1,nan,nan,20,6,30.0,29
83,麥寮,2020-06-22,18,3,nan,nan,15,9,nan,18
84,富貴角,2020-06-22,27,3,1.0,nan,18,8,27.0,22
1,基隆,2020-06-22,45,3,3.0,nan,20,15,45.0,32
2,汐止,2020-06-22,44,4,5.0,nan,23,20,44.0,35
80,關山,2020-06-23,28,3,nan,nan,19,6,28.0,28.0
78,馬公,2020-06-23,22,4,2.0,nan,13,4,22.0,6.0
77,金門,2020-06-23,33,4,2.0,nan,30,9,33.0,26.0
75,馬祖,2020-06-23,44,4,2.0,nan,37,36,31.0,44.0
72,埔里,2020-06-23,30,4,2.0,nan,12,7,30.0,25.0
71,復興,2020-06-23,16,6,3.0,nan,10,13,nan,16.0
70,永和,2020-06-23,29,3,9.0,nan,18,25,nan,29.0
69,竹山,2020-06-23,26,19,1.0,nan,14,8,26.0,14.0
68,中壢,2020-06-23,29,4,12.0,nan,19,29,nan,25.0
67,三重,2020-06-23,50,7,16.0,nan,25,37,nan,50.0
66,冬山,2020-06-23,37,4,2.0,nan,23,11,34.0,37.0
65,宜蘭,2020-06-23,45,4,3.0,nan,18,9,45.0,30.0
64,陽明,2020-06-23,35,4,2.0,nan,14,8,35.0,22.0
63,花蓮,2020-06-23,38,4,3.0,nan,22,11,38.0,33.0
62,臺東,2020-06-23,34,1,2.0,nan,18,7,34.0,22.0
61,恆春,2020-06-23,26,3,1.0,nan,5,4,26.0,15.0
60,潮州,2020-06-23,28,3,1.0,nan,16,8,28.0,16.0
59,屏東,2020-06-23,27,3,3.0,nan,19,13,27.0,16.0
58,小港,2020-06-23,19,4,2.0,nan,13,14,19.0,12.0
57,前鎮,2020-06-23,11,6,nan,nan,11,10,nan,3.0
56,前金,2020-06-23,20,4,2.0,nan,9,9,20.0,9.0
54,左營,2020-06-23,20,6,2.0,nan,9,10,20.0,8.0
53,楠梓,2020-06-23,22,4,2.0,nan,14,13,22.0,10.0
52,林園,2020-06-23,26,7,2.0,nan,25,11,26.0,19.0
51,大寮,2020-06-23,25,7,3.0,nan,18,13,25.0,23.0
50,鳳山,2020-06-23,20,20,3.0,nan,12,13,nan,nan
49,仁武,2020-06-23,22,16,2.0,nan,18,11,21.0,22.0
48,橋頭,2020-06-23,21,7,2.0,nan,14,13,21.0,14.0
47,美濃,2020-06-23,28,6,1.0,nan,10,6,28.0,16.0
46,臺南,2020-06-23,20,4,2.0,nan,12,13,20.0,15.0
45,安南,2020-06-23,22,4,2.0,nan,18,13,22.0,20.0
44,善化,2020-06-23,20,7,1.0,nan,9,8,20.0,16.0
43,新營,2020-06-23,21,3,1.0,nan,13,9,21.0,16.0
42,嘉義,2020-06-23,23,3,1.0,nan,11,9,23.0,10.0
41,臺西,2020-06-23,26,6,nan,nan,14,8,nan,26.0
40,朴子,2020-06-23,19,3,2.0,nan,19,9,19.0,10.0
39,新港,2020-06-23,23,3,2.0,nan,16,11,23.0,15.0
38,崙背,2020-06-23,22,3,1.0,nan,18,9,22.0,10.0
37,斗六,2020-06-23,27,3,2.0,nan,14,10,27.0,14.0
36,南投,2020-06-23,29,3,2.0,nan,16,9,29.0,19.0
35,二林,2020-06-23,29,4,2.0,nan,25,11,24.0,29.0
34,線西,2020-06-23,22,4,nan,nan,19,10,nan,22.0
33,彰化,2020-06-23,26,7,2.0,nan,15,11,26.0,12.0
32,西屯,2020-06-23,30,4,2.0,nan,18,13,30.0,24.0
31,忠明,2020-06-23,27,4,2.0,nan,15,11,27.0,22.0
30,大里,2020-06-23,29,4,3.0,nan,19,11,28.0,29.0
29,沙鹿,2020-06-23,27,3,2.0,nan,12,10,27.0,19.0
28,豐原,2020-06-23,31,4,2.0,nan,17,11,31.0,16.0
27,三義,2020-06-23,27,4,1.0,nan,14,15,27.0,20.0
26,苗栗,2020-06-23,21,7,2.0,nan,15,11,21.0,20.0
25,頭份,2020-06-23,32,6,nan,nan,19,14,nan,32.0
24,新竹,2020-06-23,30,4,3.0,nan,19,13,30.0,27.0
23,竹東,2020-06-23,32,3,2.0,nan,17,8,32.0,27.0
22,湖口,2020-06-23,31,6,2.0,nan,17,16,31.0,28.0
21,龍潭,2020-06-23,35,4,2.0,nan,18,14,35.0,24.0
20,平鎮,2020-06-23,29,4,2.0,nan,26,19,29.0,27.0
19,觀音,2020-06-23,26,4,2.0,nan,17,10,26.0,21.0
18,大園,2020-06-23,33,6,2.0,nan,19,14,33.0,26.0
17,桃園,2020-06-23,30,14,3.0,nan,18,21,27.0,30.0
16,大同,2020-06-23,39,7,19.0,nan,26,39,nan,37.0
15,松山,2020-06-23,42,6,5.0,nan,21,25,42.0,36.0
14,古亭,2020-06-23,46,3,5.0,nan,19,21,46.0,29.0
13,萬華,2020-06-23,40,4,6.0,nan,20,29,40.0,29.0
12,中山,2020-06-23,32,6,7.0,nan,23,32,32.0,28.0
11,士林,2020-06-23,44,6,3.0,nan,26,23,44.0,32.0
10,淡水,2020-06-23,32,7,3.0,nan,19,17,32.0,29.0
9,林口,2020-06-23,38,6,2.0,nan,21,22,38.0,25.0
8,菜寮,2020-06-23,33,6,6.0,nan,21,28,32.0,33.0
7,新莊,2020-06-23,39,16,5.0,nan,23,24,39.0,31.0
6,板橋,2020-06-23,40,6,5.0,nan,20,22,40.0,28.0
5,土城,2020-06-23,44,3,3.0,nan,22,20,44.0,23.0
4,新店,2020-06-23,47,3,5.0,nan,17,25,47.0,31.0
3,萬里,2020-06-23,50,4,2.0,nan,15,8,50.0,29.0
2,汐止,2020-06-23,50,7,5.0,nan,21,25,50.0,39.0
1,基隆,2020-06-23,49,7,3.0,nan,20,23,49.0,37.0
83,麥寮,2020-06-23,18,9,nan,nan,17,11,nan,18.0
84,富貴角,2020-06-23,34,1,1.0,nan,18,8,34.0,22.0
80,關山,2020-06-24,30,3,nan,nan,18,5,29.0,30
84,富貴角,2020-06-24,39,1,2.0,nan,20,14,39.0,30
1,基隆,2020-06-24,67,9,3.0,nan,24,26,67.0,38
2,汐止,2020-06-24,129,9,5.0,nan,25,24,129.0,50
3,萬里,2020-06-24,54,4,2.0,nan,20,13,54.0,41
4,新店,2020-06-24,71,7,5.0,nan,19,17,71.0,33
5,土城,2020-06-24,71,6,3.0,nan,23,24,71.0,33
6,板橋,2020-06-24,48,11,6.0,nan,23,31,48.0,32
7,新莊,2020-06-24,49,14,5.0,nan,27,24,49.0,41
8,菜寮,2020-06-24,42,4,7.0,nan,22,25,37.0,42
9,林口,2020-06-24,31,6,2.0,nan,21,23,31.0,28
10,淡水,2020-06-24,41,4,3.0,nan,19,18,41.0,30
11,士林,2020-06-24,58,6,3.0,nan,28,20,58.0,40
12,中山,2020-06-24,46,4,7.0,nan,23,26,46.0,35
13,萬華,2020-06-24,49,4,6.0,nan,22,32,49.0,34
14,古亭,2020-06-24,74,4,5.0,nan,20,20,74.0,38
15,松山,2020-06-24,64,4,3.0,nan,23,25,64.0,41
16,大同,2020-06-24,51,7,28.0,nan,31,47,nan,51
17,桃園,2020-06-24,33,9,3.0,nan,19,20,31.0,33
18,大園,2020-06-24,34,6,2.0,nan,19,12,34.0,26
19,觀音,2020-06-24,24,4,1.0,nan,16,12,24.0,18
20,平鎮,2020-06-24,33,4,3.0,nan,21,18,33.0,25
21,龍潭,2020-06-24,38,4,2.0,nan,19,13,38.0,27
22,湖口,2020-06-24,30,6,1.0,nan,17,15,30.0,23
23,竹東,2020-06-24,37,3,2.0,nan,19,8,37.0,31
24,新竹,2020-06-24,30,4,3.0,nan,18,12,30.0,24
25,頭份,2020-06-24,26,7,nan,nan,19,14,nan,26
26,苗栗,2020-06-24,22,6,2.0,nan,17,9,22.0,20
27,三義,2020-06-24,30,4,1.0,nan,16,11,30.0,21
28,豐原,2020-06-24,38,14,38.0,nan,23,13,34.0,24
29,沙鹿,2020-06-24,26,4,2.0,nan,15,10,26.0,20
30,大里,2020-06-24,31,7,3.0,nan,20,9,31.0,28
31,忠明,2020-06-24,27,3,2.0,nan,17,12,27.0,24
32,西屯,2020-06-24,30,3,2.0,nan,18,14,30.0,26
33,彰化,2020-06-24,26,7,2.0,nan,18,8,26.0,14
34,線西,2020-06-24,21,4,nan,nan,21,11,nan,21
35,二林,2020-06-24,25,9,2.0,nan,25,11,23.0,23
36,南投,2020-06-24,31,3,2.0,nan,17,8,31.0,17
37,斗六,2020-06-24,29,3,2.0,nan,16,8,29.0,17
38,崙背,2020-06-24,23,4,2.0,nan,20,10,23.0,17
39,新港,2020-06-24,23,1,2.0,nan,16,12,23.0,19
40,朴子,2020-06-24,20,6,2.0,nan,20,10,19.0,20
41,臺西,2020-06-24,24,6,nan,nan,14,8,nan,24
42,嘉義,2020-06-24,23,3,2.0,nan,13,9,23.0,12
43,新營,2020-06-24,22,4,2.0,nan,14,8,22.0,17
44,善化,2020-06-24,21,6,1.0,nan,9,11,21.0,16
45,安南,2020-06-24,22,4,2.0,nan,16,13,22.0,19
46,臺南,2020-06-24,20,4,2.0,nan,14,13,20.0,17
47,美濃,2020-06-24,31,4,2.0,nan,11,4,31.0,17
48,橋頭,2020-06-24,23,4,2.0,nan,16,12,23.0,21
49,仁武,2020-06-24,30,30,2.0,nan,19,14,22.0,24
50,鳳山,2020-06-24,15,4,3.0,nan,14,15,nan,15
51,大寮,2020-06-24,24,6,3.0,nan,17,9,24.0,23
52,林園,2020-06-24,23,4,2.0,nan,21,8,23.0,18
53,楠梓,2020-06-24,23,4,2.0,nan,15,13,23.0,14
54,左營,2020-06-24,21,7,2.0,nan,12,10,21.0,11
56,前金,2020-06-24,22,4,2.0,nan,12,10,22.0,13
57,前鎮,2020-06-24,15,4,nan,nan,15,11,nan,9
58,小港,2020-06-24,19,4,2.0,nan,16,9,19.0,17
59,屏東,2020-06-24,30,4,2.0,nan,17,9,30.0,17
60,潮州,2020-06-24,30,10,2.0,nan,27,8,30.0,20
61,恆春,2020-06-24,22,3,1.0,nan,5,2,22.0,16
62,臺東,2020-06-24,32,3,3.0,nan,17,7,32.0,20
63,花蓮,2020-06-24,34,6,2.0,nan,20,6,34.0,30
64,陽明,2020-06-24,41,3,3.0,nan,16,10,41.0,29
65,宜蘭,2020-06-24,41,4,3.0,nan,21,8,41.0,32
66,冬山,2020-06-24,40,3,3.0,nan,25,16,36.0,40
67,三重,2020-06-24,55,6,17.0,nan,25,48,nan,55
68,中壢,2020-06-24,35,6,15.0,nan,20,35,nan,30
69,竹山,2020-06-24,31,4,1.0,nan,15,10,31.0,16
70,永和,2020-06-24,32,4,10.0,nan,19,24,nan,32
71,復興,2020-06-24,19,6,5.0,nan,14,15,nan,19
72,埔里,2020-06-24,33,3,2.0,nan,11,8,33.0,22
75,馬祖,2020-06-24,40,4,1.0,nan,29,20,40.0,39
77,金門,2020-06-24,32,4,1.0,nan,31,9,32.0,29
78,馬公,2020-06-24,26,3,1.0,nan,15,8,26.0,3
83,麥寮,2020-06-24,16,3,nan,nan,15,10,nan,16
83,麥寮,2020-06-25,17,3,nan,nan,12.0,8,nan,17.0
84,富貴角,2020-06-25,37,1,2.0,nan,20.0,11,37.0,32.0
1,基隆,2020-06-25,43,6,3.0,nan,24.0,19,43.0,41.0
2,汐止,2020-06-25,54,7,5.0,nan,22.0,18,54.0,47.0
3,萬里,2020-06-25,51,6,3.0,nan,21.0,8,51.0,45.0
4,新店,2020-06-25,44,6,3.0,nan,20.0,13,44.0,35.0
5,土城,2020-06-25,42,6,5.0,nan,21.0,24,42.0,33.0
6,板橋,2020-06-25,37,3,6.0,nan,21.0,21,37.0,32.0
7,新莊,2020-06-25,39,4,5.0,nan,25.0,16,39.0,39.0
8,菜寮,2020-06-25,42,6,5.0,nan,22.0,19,31.0,42.0
9,林口,2020-06-25,30,4,2.0,nan,17.0,18,30.0,21.0
10,淡水,2020-06-25,29,4,5.0,nan,18.0,16,28.0,29.0
11,士林,2020-06-25,37,4,5.0,nan,21.0,18,37.0,37.0
12,中山,2020-06-25,37,4,7.0,nan,23.0,25,37.0,37.0
13,萬華,2020-06-25,38,3,5.0,nan,22.0,23,38.0,37.0
14,古亭,2020-06-25,44,4,3.0,nan,21.0,14,44.0,37.0
15,松山,2020-06-25,43,4,5.0,nan,21.0,20,42.0,43.0
16,大同,2020-06-25,43,6,12.0,nan,27.0,34,nan,43.0
17,桃園,2020-06-25,32,9,2.0,nan,17.0,17,24.0,32.0
18,大園,2020-06-25,25,6,2.0,nan,15.0,9,25.0,17.0
19,觀音,2020-06-25,24,6,2.0,nan,13.0,10,24.0,19.0
20,平鎮,2020-06-25,25,4,2.0,nan,17.0,10,25.0,19.0
21,龍潭,2020-06-25,31,7,2.0,nan,15.0,10,31.0,20.0
22,湖口,2020-06-25,24,7,1.0,nan,13.0,14,24.0,20.0
23,竹東,2020-06-25,31,4,2.0,nan,16.0,7,31.0,25.0
24,新竹,2020-06-25,24,6,2.0,nan,15.0,11,24.0,20.0
25,頭份,2020-06-25,22,9,nan,nan,12.0,12,nan,22.0
26,苗栗,2020-06-25,18,7,2.0,nan,11.0,9,18.0,17.0
27,三義,2020-06-25,24,4,1.0,nan,11.0,8,24.0,19.0
28,豐原,2020-06-25,31,6,2.0,nan,13.0,8,31.0,17.0
29,沙鹿,2020-06-25,23,4,2.0,nan,10.0,10,23.0,21.0
30,大里,2020-06-25,32,6,3.0,nan,17.0,8,30.0,32.0
31,忠明,2020-06-25,25,4,2.0,nan,12.0,8,25.0,24.0
32,西屯,2020-06-25,28,3,2.0,nan,14.0,11,28.0,24.0
33,彰化,2020-06-25,24,4,2.0,nan,14.0,6,24.0,12.0
34,線西,2020-06-25,17,4,nan,nan,16.0,8,nan,17.0
35,二林,2020-06-25,41,7,2.0,nan,26.0,11,21.0,41.0
36,南投,2020-06-25,30,3,2.0,nan,18.0,9,30.0,21.0
37,斗六,2020-06-25,26,4,2.0,nan,17.0,8,26.0,17.0
38,崙背,2020-06-25,19,4,1.0,nan,15.0,8,19.0,10.0
39,新港,2020-06-25,20,3,2.0,nan,11.0,8,20.0,14.0
40,朴子,2020-06-25,19,6,2.0,nan,19.0,10,18.0,19.0
41,臺西,2020-06-25,20,4,nan,nan,11.0,8,nan,20.0
42,嘉義,2020-06-25,22,4,2.0,nan,10.0,8,22.0,10.0
43,新營,2020-06-25,21,3,1.0,nan,9.0,7,21.0,13.0
44,善化,2020-06-25,21,6,1.0,nan,5.0,7,21.0,12.0
45,安南,2020-06-25,20,4,2.0,nan,12.0,8,20.0,17.0
46,臺南,2020-06-25,18,4,2.0,nan,9.0,9,18.0,16.0
47,美濃,2020-06-25,28,4,1.0,nan,11.0,3,28.0,16.0
48,橋頭,2020-06-25,23,4,2.0,nan,10.0,8,23.0,11.0
49,仁武,2020-06-25,23,13,2.0,nan,13.0,8,23.0,20.0
50,鳳山,2020-06-25,17,6,3.0,nan,12.0,12,nan,17.0
51,大寮,2020-06-25,26,13,5.0,nan,16.0,13,26.0,25.0
52,林園,2020-06-25,29,6,2.0,nan,17.0,6,29.0,14.0
53,楠梓,2020-06-25,22,3,2.0,nan,11.0,9,22.0,8.0
54,左營,2020-06-25,22,4,2.0,nan,5.0,12,22.0,13.0
56,前金,2020-06-25,26,7,2.0,nan,10.0,10,26.0,16.0
57,前鎮,2020-06-25,13,7,nan,nan,11.0,13,nan,9.0
58,小港,2020-06-25,21,10,2.0,nan,14.0,11,21.0,16.0
59,屏東,2020-06-25,31,4,3.0,nan,16.0,12,31.0,16.0
60,潮州,2020-06-25,32,4,2.0,nan,16.0,6,32.0,18.0
61,恆春,2020-06-25,21,1,1.0,nan,5.0,1,21.0,15.0
62,臺東,2020-06-25,30,3,3.0,nan,19.0,9,30.0,19.0
63,花蓮,2020-06-25,34,3,2.0,nan,20.0,10,34.0,29.0
64,陽明,2020-06-25,28,3,2.0,nan,17.0,8,28.0,27.0
65,宜蘭,2020-06-25,40,4,2.0,nan,20.0,7,40.0,36.0
66,冬山,2020-06-25,33,4,5.0,nan,nan,17,33.0,nan
67,三重,2020-06-25,52,6,12.0,nan,25.0,28,nan,52.0
68,中壢,2020-06-25,24,4,9.0,nan,16.0,16,nan,24.0
69,竹山,2020-06-25,29,4,1.0,nan,14.0,8,29.0,18.0
70,永和,2020-06-25,32,4,6.0,nan,19.0,20,nan,32.0
71,復興,2020-06-25,19,7,3.0,nan,11.0,14,nan,19.0
72,埔里,2020-06-25,30,3,2.0,nan,10.0,8,30.0,22.0
75,馬祖,2020-06-25,35,4,1.0,nan,24.0,19,32.0,35.0
77,金門,2020-06-25,23,4,1.0,nan,19.0,10,23.0,20.0
78,馬公,2020-06-25,15,3,2.0,nan,10.0,6,15.0,3.0
80,關山,2020-06-25,27,3,nan,nan,15.0,7,26.0,27.0
1,基隆,2020-06-26,36,4,3.0,nan,19.0,16,34.0,36.0
2,汐止,2020-06-26,41,3,3.0,nan,19.0,21,41.0,34.0
3,萬里,2020-06-26,44,7,2.0,nan,16.0,7,44.0,35.0
4,新店,2020-06-26,37,3,3.0,nan,17.0,13,37.0,32.0
5,土城,2020-06-26,39,6,5.0,nan,18.0,16,39.0,27.0
6,板橋,2020-06-26,33,6,5.0,nan,18.0,24,33.0,27.0
7,新莊,2020-06-26,36,0,5.0,nan,23.0,18,36.0,33.0
8,菜寮,2020-06-26,32,3,6.0,nan,19.0,25,28.0,32.0
9,林口,2020-06-26,34,6,3.0,nan,15.0,20,34.0,25.0
10,淡水,2020-06-26,31,4,3.0,nan,18.0,19,31.0,30.0
11,士林,2020-06-26,37,4,3.0,nan,19.0,14,37.0,31.0
12,中山,2020-06-26,32,3,6.0,nan,19.0,22,32.0,28.0
13,萬華,2020-06-26,32,3,5.0,nan,19.0,22,32.0,30.0
14,古亭,2020-06-26,40,3,3.0,nan,18.0,15,40.0,31.0
15,松山,2020-06-26,37,3,5.0,nan,18.0,18,37.0,35.0
16,大同,2020-06-26,36,4,14.0,nan,22.0,36,nan,35.0
17,桃園,2020-06-26,34,10,5.0,nan,15.0,21,24.0,34.0
18,大園,2020-06-26,29,9,5.0,nan,17.0,23,29.0,25.0
19,觀音,2020-06-26,27,6,2.0,nan,9.0,18,27.0,15.0
20,平鎮,2020-06-26,30,4,5.0,nan,15.0,20,30.0,26.0
21,龍潭,2020-06-26,33,6,2.0,nan,13.0,9,33.0,25.0
22,湖口,2020-06-26,27,6,1.0,nan,5.0,9,27.0,20.0
23,竹東,2020-06-26,31,3,2.0,nan,16.0,6,31.0,28.0
24,新竹,2020-06-26,29,6,3.0,nan,10.0,11,29.0,21.0
25,頭份,2020-06-26,20,6,nan,nan,11.0,11,nan,20.0
26,苗栗,2020-06-26,22,4,2.0,nan,5.0,8,22.0,18.0
27,三義,2020-06-26,29,6,2.0,nan,11.0,6,29.0,15.0
28,豐原,2020-06-26,31,4,2.0,nan,10.0,8,31.0,13.0
29,沙鹿,2020-06-26,27,4,2.0,nan,11.0,10,27.0,19.0
30,大里,2020-06-26,28,7,3.0,nan,14.0,10,28.0,24.0
31,忠明,2020-06-26,28,3,2.0,nan,11.0,11,28.0,21.0
32,西屯,2020-06-26,31,4,2.0,nan,13.0,13,31.0,19.0
33,彰化,2020-06-26,27,16,2.0,nan,10.0,8,27.0,10.0
34,線西,2020-06-26,19,4,nan,nan,17.0,12,nan,19.0
35,二林,2020-06-26,32,7,2.0,nan,31.0,12,24.0,32.0
36,南投,2020-06-26,29,3,3.0,nan,15.0,11,29.0,16.0
37,斗六,2020-06-26,31,4,2.0,nan,15.0,13,31.0,20.0
38,崙背,2020-06-26,24,4,2.0,nan,17.0,8,24.0,16.0
39,新港,2020-06-26,27,3,2.0,nan,14.0,15,27.0,18.0
40,朴子,2020-06-26,22,6,2.0,nan,17.0,13,22.0,15.0
41,臺西,2020-06-26,25,4,nan,nan,13.0,8,nan,25.0
42,嘉義,2020-06-26,28,3,2.0,nan,13.0,10,28.0,13.0
43,新營,2020-06-26,30,4,2.0,nan,10.0,7,30.0,16.0
44,善化,2020-06-26,29,7,2.0,nan,9.0,7,29.0,17.0
45,安南,2020-06-26,26,6,2.0,nan,14.0,8,26.0,24.0
46,臺南,2020-06-26,23,4,2.0,nan,13.0,10,23.0,18.0
47,美濃,2020-06-26,35,3,2.0,nan,16.0,9,35.0,25.0
48,橋頭,2020-06-26,26,6,2.0,nan,11.0,15,26.0,16.0
49,仁武,2020-06-26,26,13,2.0,nan,15.0,13,25.0,26.0
50,鳳山,2020-06-26,15,7,5.0,nan,14.0,14,nan,15.0
51,大寮,2020-06-26,33,9,3.0,nan,17.0,12,24.0,33.0
52,林園,2020-06-26,24,3,2.0,nan,19.0,7,24.0,21.0
53,楠梓,2020-06-26,25,10,2.0,nan,15.0,17,25.0,17.0
54,左營,2020-06-26,21,6,3.0,nan,9.0,16,21.0,13.0
56,前金,2020-06-26,23,7,2.0,nan,12.0,19,23.0,21.0
57,前鎮,2020-06-26,18,4,nan,nan,12.0,18,nan,12.0
58,小港,2020-06-26,19,7,2.0,nan,15.0,15,19.0,18.0
59,屏東,2020-06-26,32,6,5.0,nan,17.0,15,32.0,19.0
60,潮州,2020-06-26,25,3,1.0,nan,17.0,7,25.0,18.0
61,恆春,2020-06-26,26,3,1.0,nan,5.0,2,26.0,19.0
62,臺東,2020-06-26,24,3,3.0,nan,20.0,8,24.0,17.0
63,花蓮,2020-06-26,24,6,2.0,nan,21.0,13,24.0,24.0
64,陽明,2020-06-26,31,3,2.0,nan,11.0,4,31.0,21.0
65,宜蘭,2020-06-26,33,4,2.0,nan,23.0,8,31.0,33.0
66,冬山,2020-06-26,20,1,2.0,nan,nan,12,20.0,nan
67,三重,2020-06-26,44,4,11.0,nan,20.0,28,nan,44.0
68,中壢,2020-06-26,28,6,16.0,nan,16.0,28,nan,26.0
69,竹山,2020-06-26,15,10,2.0,nan,nan,15,15.0,nan
70,永和,2020-06-26,29,4,8.0,nan,17.0,19,nan,29.0
71,復興,2020-06-26,20,6,3.0,nan,10.0,16,nan,20.0
72,埔里,2020-06-26,30,3,2.0,nan,11.0,10,30.0,21.0
75,馬祖,2020-06-26,28,4,1.0,nan,19.0,22,17.0,28.0
77,金門,2020-06-26,19,4,1.0,nan,13.0,15,19.0,19.0
78,馬公,2020-06-26,17,6,2.0,nan,11.0,14,17.0,10.0
80,關山,2020-06-26,28,3,nan,nan,15.0,7,24.0,28.0
83,麥寮,2020-06-26,17,4,nan,nan,14.0,9,nan,17.0
84,富貴角,2020-06-26,34,1,2.0,nan,13.0,10,34.0,24.0
41,臺西,2020-06-27,29,4,nan,nan,19.0,10,nan,29.0
1,基隆,2020-06-27,42,9,2.0,nan,21.0,14,42.0,31.0
2,汐止,2020-06-27,58,6,3.0,nan,22.0,18,58.0,35.0
3,萬里,2020-06-27,44,7,2.0,nan,18.0,11,44.0,31.0
4,新店,2020-06-27,58,7,3.0,nan,18.0,15,58.0,31.0
5,土城,2020-06-27,54,4,3.0,nan,21.0,20,54.0,35.0
6,板橋,2020-06-27,45,6,3.0,nan,19.0,19,45.0,25.0
7,新莊,2020-06-27,48,0,5.0,nan,22.0,21,48.0,32.0
8,菜寮,2020-06-27,37,4,3.0,nan,20.0,19,37.0,31.0
9,林口,2020-06-27,44,6,2.0,nan,17.0,15,44.0,27.0
10,淡水,2020-06-27,33,6,5.0,nan,19.0,19,33.0,30.0
11,士林,2020-06-27,46,4,3.0,nan,20.0,17,46.0,34.0
12,中山,2020-06-27,42,3,6.0,nan,22.0,25,42.0,30.0
13,萬華,2020-06-27,47,4,5.0,nan,21.0,19,47.0,31.0
14,古亭,2020-06-27,64,4,3.0,nan,22.0,15,64.0,33.0
15,松山,2020-06-27,47,4,5.0,nan,22.0,18,47.0,37.0
16,大同,2020-06-27,37,4,11.0,nan,25.0,30,nan,37.0
17,桃園,2020-06-27,33,7,3.0,nan,19.0,14,33.0,31.0
18,大園,2020-06-27,35,4,3.0,nan,17.0,18,35.0,25.0
19,觀音,2020-06-27,31,6,2.0,nan,13.0,11,31.0,22.0
20,平鎮,2020-06-27,39,3,2.0,nan,18.0,11,39.0,28.0
21,龍潭,2020-06-27,44,4,2.0,nan,17.0,10,44.0,25.0
22,湖口,2020-06-27,34,6,2.0,nan,11.0,14,34.0,24.0
23,竹東,2020-06-27,42,3,2.0,nan,16.0,8,42.0,30.0
24,新竹,2020-06-27,35,7,3.0,nan,15.0,13,35.0,26.0
25,頭份,2020-06-27,26,10,nan,nan,15.0,15,nan,26.0
26,苗栗,2020-06-27,26,4,2.0,nan,14.0,9,26.0,21.0
27,三義,2020-06-27,33,6,2.0,nan,15.0,8,33.0,25.0
28,豐原,2020-06-27,41,3,2.0,nan,14.0,6,41.0,19.0
29,沙鹿,2020-06-27,32,3,2.0,nan,14.0,11,32.0,22.0
30,大里,2020-06-27,35,6,3.0,nan,17.0,16,35.0,25.0
31,忠明,2020-06-27,34,4,3.0,nan,13.0,10,34.0,25.0
32,西屯,2020-06-27,38,4,2.0,nan,16.0,16,38.0,19.0
33,彰化,2020-06-27,33,17,2.0,nan,18.0,10,33.0,20.0
34,線西,2020-06-27,25,4,nan,nan,21.0,12,nan,25.0
35,二林,2020-06-27,43,6,2.0,nan,35.0,12,28.0,43.0
36,南投,2020-06-27,32,7,3.0,nan,16.0,14,32.0,19.0
37,斗六,2020-06-27,31,7,3.0,nan,17.0,13,31.0,20.0
38,崙背,2020-06-27,26,6,2.0,nan,20.0,13,26.0,21.0
39,新港,2020-06-27,26,19,3.0,nan,19.0,16,26.0,22.0
40,朴子,2020-06-27,23,6,3.0,nan,23.0,13,20.0,23.0
42,嘉義,2020-06-27,28,3,2.0,nan,16.0,12,28.0,16.0
43,新營,2020-06-27,26,6,2.0,nan,14.0,8,26.0,23.0
44,善化,2020-06-27,26,10,2.0,nan,11.0,6,26.0,22.0
45,安南,2020-06-27,22,4,2.0,nan,16.0,11,20.0,22.0
46,臺南,2020-06-27,24,7,2.0,nan,17.0,11,18.0,24.0
47,美濃,2020-06-27,28,3,2.0,nan,17.0,7,28.0,24.0
48,橋頭,2020-06-27,21,7,2.0,nan,16.0,15,21.0,17.0
49,仁武,2020-06-27,23,7,2.0,nan,16.0,10,19.0,23.0
50,鳳山,2020-06-27,18,13,5.0,nan,18.0,11,nan,14.0
51,大寮,2020-06-27,22,9,2.0,nan,20.0,11,21.0,22.0
52,林園,2020-06-27,20,1,1.0,nan,20.0,7,19.0,14.0
53,楠梓,2020-06-27,21,10,2.0,nan,17.0,15,21.0,15.0
54,左營,2020-06-27,18,7,3.0,nan,17.0,14,18.0,16.0
56,前金,2020-06-27,19,7,3.0,nan,17.0,17,19.0,17.0
57,前鎮,2020-06-27,16,4,nan,nan,15.0,16,nan,11.0
58,小港,2020-06-27,21,7,3.0,nan,21.0,13,17.0,18.0
59,屏東,2020-06-27,20,3,3.0,nan,19.0,10,20.0,14.0
60,潮州,2020-06-27,19,3,1.0,nan,17.0,6,19.0,16.0
61,恆春,2020-06-27,19,1,1.0,nan,5.0,2,19.0,11.0
62,臺東,2020-06-27,18,3,3.0,nan,16.0,7,18.0,11.0
63,花蓮,2020-06-27,21,4,1.0,nan,20.0,7,21.0,17.0
64,陽明,2020-06-27,33,3,2.0,nan,12.0,4,33.0,20.0
65,宜蘭,2020-06-27,37,3,2.0,nan,19.0,7,37.0,25.0
66,冬山,2020-06-27,31,3,3.0,nan,20.0,13,31.0,31.0
67,三重,2020-06-27,46,4,14.0,nan,22.0,29,nan,46.0
68,中壢,2020-06-27,28,4,10.0,nan,18.0,22,nan,28.0
69,竹山,2020-06-27,16,16,2.0,nan,nan,13,11.0,nan
70,永和,2020-06-27,33,4,7.0,nan,19.0,20,nan,33.0
71,復興,2020-06-27,22,6,2.0,nan,14.0,15,nan,22.0
72,埔里,2020-06-27,36,3,2.0,nan,14.0,7,36.0,21.0
75,馬祖,2020-06-27,31,4,1.0,nan,20.0,20,26.0,31.0
77,金門,2020-06-27,23,4,1.0,nan,14.0,17,23.0,17.0
78,馬公,2020-06-27,21,7,1.0,nan,12.0,9,21.0,14.0
80,關山,2020-06-27,19,1,nan,nan,15.0,4,19.0,17.0
83,麥寮,2020-06-27,29,7,nan,nan,21.0,13,nan,29.0
84,富貴角,2020-06-27,37,3,1.0,nan,16.0,6,37.0,26.0
85,大城,2020-06-28,-1,,,,,,,
1,基隆,2020-06-28,44,4,2.0,nan,20,14,44.0,33
3,萬里,2020-06-28,45,6,2.0,nan,16,8,45.0,34
4,新店,2020-06-28,42,3,3.0,nan,16,14,42.0,30
5,土城,2020-06-28,44,4,3.0,nan,17,17,44.0,33
6,板橋,2020-06-28,36,9,5.0,nan,16,22,36.0,22
7,新莊,2020-06-28,42,0,5.0,nan,19,15,42.0,30
8,菜寮,2020-06-28,32,10,7.0,nan,19,27,31.0,32
9,林口,2020-06-28,37,9,3.0,nan,16,18,37.0,25
10,淡水,2020-06-28,28,4,3.0,nan,17,13,28.0,28
11,士林,2020-06-28,39,4,3.0,nan,19,16,39.0,32
12,中山,2020-06-28,35,4,6.0,nan,19,25,35.0,25
13,萬華,2020-06-28,38,7,6.0,nan,19,22,38.0,30
14,古亭,2020-06-28,42,3,5.0,nan,19,20,42.0,31
15,松山,2020-06-28,39,6,5.0,nan,19,21,39.0,32
16,大同,2020-06-28,38,6,15.0,nan,22,38,nan,36
17,桃園,2020-06-28,27,7,3.0,nan,14,18,27.0,24
18,大園,2020-06-28,29,6,2.0,nan,15,13,29.0,22
19,觀音,2020-06-28,26,6,2.0,nan,12,10,26.0,19
20,平鎮,2020-06-28,30,3,2.0,nan,16,11,30.0,22
21,龍潭,2020-06-28,37,6,2.0,nan,16,10,37.0,23
22,湖口,2020-06-28,28,7,2.0,nan,9,13,28.0,18
23,竹東,2020-06-28,32,4,2.0,nan,18,6,32.0,28
24,新竹,2020-06-28,30,6,2.0,nan,14,12,30.0,23
25,頭份,2020-06-28,22,9,nan,nan,14,12,nan,22
26,苗栗,2020-06-28,25,4,2.0,nan,13,11,25.0,19
27,三義,2020-06-28,28,6,2.0,nan,14,11,28.0,22
28,豐原,2020-06-28,33,1,2.0,nan,14,9,33.0,16
29,沙鹿,2020-06-28,28,4,2.0,nan,15,13,28.0,22
30,大里,2020-06-28,31,4,2.0,nan,16,13,31.0,29
31,忠明,2020-06-28,28,4,2.0,nan,12,8,28.0,23
32,西屯,2020-06-28,32,3,2.0,nan,14,14,32.0,18
33,彰化,2020-06-28,29,10,2.0,nan,18,10,29.0,18
34,線西,2020-06-28,19,4,nan,nan,19,8,nan,16
35,二林,2020-06-28,55,6,2.0,nan,34,12,26.0,55
36,南投,2020-06-28,37,4,3.0,nan,17,8,37.0,21
37,斗六,2020-06-28,31,4,2.0,nan,15,13,31.0,16
38,崙背,2020-06-28,25,3,2.0,nan,15,13,25.0,13
39,新港,2020-06-28,28,3,1.0,nan,13,13,28.0,14
40,朴子,2020-06-28,21,3,2.0,nan,16,8,21.0,10
41,臺西,2020-06-28,16,3,nan,nan,13,7,nan,16
42,嘉義,2020-06-28,27,3,2.0,nan,14,10,27.0,10
43,新營,2020-06-28,28,3,2.0,nan,11,7,28.0,13
44,善化,2020-06-28,28,9,1.0,nan,10,8,28.0,15
45,安南,2020-06-28,22,6,2.0,nan,15,9,22.0,14
46,臺南,2020-06-28,19,10,2.0,nan,12,12,19.0,16
47,美濃,2020-06-28,33,3,2.0,nan,14,5,33.0,19
48,橋頭,2020-06-28,24,6,2.0,nan,13,11,24.0,12
49,仁武,2020-06-28,25,9,2.0,nan,14,9,25.0,16
50,鳳山,2020-06-28,14,6,3.0,nan,12,13,nan,14
51,大寮,2020-06-28,26,9,2.0,nan,16,8,26.0,20
52,林園,2020-06-28,23,3,1.0,nan,18,5,23.0,9
53,楠梓,2020-06-28,19,7,2.0,nan,11,11,19.0,16
54,左營,2020-06-28,20,6,2.0,nan,11,7,20.0,9
56,前金,2020-06-28,21,6,2.0,nan,12,11,21.0,12
57,前鎮,2020-06-28,12,7,nan,nan,12,11,nan,3
58,小港,2020-06-28,19,7,3.0,nan,16,8,19.0,11
59,屏東,2020-06-28,27,9,3.0,nan,18,9,27.0,13
60,潮州,2020-06-28,21,3,1.0,nan,15,4,21.0,15
61,恆春,2020-06-28,26,1,1.0,nan,9,2,26.0,12
62,臺東,2020-06-28,22,3,2.0,nan,12,6,22.0,3
63,花蓮,2020-06-28,20,4,2.0,nan,16,5,20.0,11
64,陽明,2020-06-28,30,3,1.0,nan,12,3,30.0,22
65,宜蘭,2020-06-28,35,4,2.0,nan,19,8,35.0,27
66,冬山,2020-06-28,34,6,3.0,nan,19,8,34.0,29
67,三重,2020-06-28,43,17,14.0,nan,21,32,nan,43
68,中壢,2020-06-28,23,4,10.0,nan,15,23,nan,22
69,竹山,2020-06-28,31,4,2.0,nan,13,9,31.0,18
70,永和,2020-06-28,29,24,8.0,nan,15,22,nan,29
71,復興,2020-06-28,17,7,2.0,nan,11,10,nan,17
72,埔里,2020-06-28,33,6,2.0,nan,13,9,33.0,27
75,馬祖,2020-06-28,31,4,1.0,nan,21,19,31.0,29
77,金門,2020-06-28,23,9,1.0,nan,13,17,22.0,23
78,馬公,2020-06-28,21,4,2.0,nan,10,7,21.0,3
80,關山,2020-06-28,19,1,nan,nan,5,4,19.0,13
83,麥寮,2020-06-28,15,10,nan,nan,14,11,nan,15
84,富貴角,2020-06-28,32,3,2.0,nan,15,11,32.0,27
2,汐止,2020-06-28,48,6,6.0,nan,19,23,48.0,36
85,大城,2020-06-29,-1,,,,,,,
1,基隆,2020-06-29,41,6,5,,20,16,41,36
2,汐止,2020-06-29,44,7,5,,21,27,44,37
3,萬里,2020-06-29,42,4,2,,16,9,42,35
4,新店,2020-06-29,44,4,5,,18,19,44,31
5,土城,2020-06-29,58,4,5,,19,25,58,26
6,板橋,2020-06-29,43,6,7,,20,31,43,27
7,新莊,2020-06-29,51,21,5,,22,23,51,32
8,菜寮,2020-06-29,34,7,7,,20,31,34,34
9,林口,2020-06-29,44,7,2,,19,21,44,27
10,淡水,2020-06-29,34,4,3,,19,18,34,34
11,士林,2020-06-29,46,7,5,,25,22,46,35
12,中山,2020-06-29,37,4,7,,21,34,37,26
13,萬華,2020-06-29,37,3,7,,19,32,37,32
14,古亭,2020-06-29,45,4,5,,19,20,45,32
15,松山,2020-06-29,39,4,6,,20,24,39,36
16,大同,2020-06-29,45,4,18,,26,45,,40
17,桃園,2020-06-29,32,6,3,,18,14,32,28
18,大園,2020-06-29,32,6,2,,18,12,32,23
19,觀音,2020-06-29,26,6,2,,14,13,26,16
20,平鎮,2020-06-29,36,4,2,,20,17,36,28
21,龍潭,2020-06-29,45,7,3,,18,14,45,25
22,湖口,2020-06-29,31,7,2,,16,15,31,26
23,竹東,2020-06-29,41,4,2,,17,9,41,29
24,新竹,2020-06-29,29,4,3,,18,12,29,25
25,頭份,2020-06-29,26,6,2,,17,14,,26
26,苗栗,2020-06-29,28,7,3,,17,11,28,26
27,三義,2020-06-29,33,6,1,,17,14,33,25
28,豐原,2020-06-29,37,4,2,,19,13,37,20
29,沙鹿,2020-06-29,31,3,1,,14,12,31,19
30,大里,2020-06-29,32,4,3,,19,10,32,30
31,忠明,2020-06-29,31,6,2,,17,17,31,28
32,西屯,2020-06-29,35,6,2,,17,11,35,25
33,彰化,2020-06-29,30,9,2,,19,15,30,19
34,線西,2020-06-29,18,3,2,,18,8,,18
35,二林,2020-06-29,27,4,1,,21,8,24,27
36,南投,2020-06-29,34,3,3,,17,10,34,23
37,斗六,2020-06-29,31,1,2,,15,8,31,15
38,崙背,2020-06-29,23,3,2,,11,6,23,5
39,新港,2020-06-29,24,3,2,,12,11,24,12
40,朴子,2020-06-29,19,3,2,,12,8,19,9
41,臺西,2020-06-29,15,6,1,,8,4,,15
42,嘉義,2020-06-29,27,1,1,,11,8,27,8
43,新營,2020-06-29,25,3,2,,10,8,25,13
44,善化,2020-06-29,25,3,2,,7,12,25,14
45,安南,2020-06-29,23,3,2,,12,8,23,15
46,臺南,2020-06-29,21,4,2,,10,7,21,13
47,美濃,2020-06-29,35,1,1,,13,6,35,15
48,橋頭,2020-06-29,24,4,2,,8,11,24,11
49,仁武,2020-06-29,25,6,2,,8,8,25,17
50,鳳山,2020-06-29,10,6,5,,9,10,,
51,大寮,2020-06-29,27,3,2,,12,12,27,19
52,林園,2020-06-29,24,1,1,,15,4,24,13
53,楠梓,2020-06-29,17,1,2,,,8,17,
54,左營,2020-06-29,22,4,3,,8,13,22,11
56,前金,2020-06-29,23,7,5,,9,19,23,14
57,前鎮,2020-06-29,19,4,6,,13,19,,6
58,小港,2020-06-29,21,9,5,,16,16,18,21
59,屏東,2020-06-29,39,3,3,,13,13,39,15
60,潮州,2020-06-29,28,3,1,,12,6,28,13
61,恆春,2020-06-29,23,1,1,,6,0,23,12
62,臺東,2020-06-29,16,1,3,,14,5,16,6
63,花蓮,2020-06-29,21,3,2,,21,6,19,11
64,陽明,2020-06-29,36,3,2,,16,9,36,27
65,宜蘭,2020-06-29,33,4,2,,19,9,33,24
66,冬山,2020-06-29,35,4,2,,25,12,32,35
67,三重,2020-06-29,48,4,16,,22,38,,48
68,中壢,2020-06-29,29,6,14,,18,26,,29
69,竹山,2020-06-29,35,4,2,,13,9,35,15
70,永和,2020-06-29,32,4,8,,18,22,,32
71,復興,2020-06-29,17,6,6,,11,17,,15
72,埔里,2020-06-29,31,3,2,,12,8,31,20
75,馬祖,2020-06-29,34,4,1,,21,18,28,34
77,金門,2020-06-29,31,4,1,,19,8,31,27
78,馬公,2020-06-29,20,4,2,,10,5,20,7
80,關山,2020-06-29,16,3,,,10,5,16,14
83,麥寮,2020-06-29,14,1,2,,10,8,,14
84,富貴角,2020-06-29,31,3,2,,18,15,31,25
3,萬里,2020-06-30,40,7,3.0,nan,19,12,40.0,32.0
4,新店,2020-06-30,44,7,5.0,nan,19,24,44.0,37.0
5,土城,2020-06-30,51,4,5.0,nan,20,23,51.0,31.0
6,板橋,2020-06-30,43,6,7.0,nan,21,32,43.0,31.0
7,新莊,2020-06-30,46,23,7.0,nan,25,25,46.0,33.0
8,菜寮,2020-06-30,40,4,7.0,nan,22,40,34.0,34.0
9,林口,2020-06-30,40,7,2.0,nan,19,17,40.0,26.0
10,淡水,2020-06-30,31,4,3.0,nan,18,25,31.0,28.0
11,士林,2020-06-30,39,6,5.0,nan,26,23,39.0,36.0
12,中山,2020-06-30,42,4,8.0,nan,23,42,37.0,33.0
13,萬華,2020-06-30,41,6,7.0,nan,22,38,41.0,33.0
14,古亭,2020-06-30,47,3,5.0,nan,22,22,47.0,34.0
15,松山,2020-06-30,43,4,5.0,nan,22,31,43.0,38.0
16,大同,2020-06-30,45,6,23.0,nan,25,45,nan,37.0
17,桃園,2020-06-30,30,7,3.0,nan,17,14,30.0,28.0
18,大園,2020-06-30,31,4,2.0,nan,14,13,31.0,14.0
19,觀音,2020-06-30,26,3,1.0,nan,10,8,26.0,16.0
20,平鎮,2020-06-30,31,4,2.0,nan,19,14,31.0,26.0
21,龍潭,2020-06-30,40,6,2.0,nan,16,12,40.0,24.0
22,湖口,2020-06-30,29,16,2.0,nan,13,12,29.0,19.0
23,竹東,2020-06-30,39,3,2.0,nan,16,7,39.0,29.0
24,新竹,2020-06-30,29,7,2.0,nan,14,11,29.0,19.0
25,頭份,2020-06-30,24,7,nan,nan,14,12,nan,24.0
26,苗栗,2020-06-30,25,3,2.0,nan,13,8,25.0,20.0
27,三義,2020-06-30,29,4,1.0,nan,12,6,29.0,14.0
28,豐原,2020-06-30,31,3,2.0,nan,16,8,31.0,16.0
29,沙鹿,2020-06-30,28,4,2.0,nan,12,8,28.0,17.0
30,大里,2020-06-30,30,7,2.0,nan,16,8,30.0,23.0
31,忠明,2020-06-30,27,4,2.0,nan,11,9,27.0,20.0
32,西屯,2020-06-30,31,4,2.0,nan,13,9,31.0,13.0
33,彰化,2020-06-30,26,6,2.0,nan,15,8,26.0,8.0
34,線西,2020-06-30,19,4,nan,nan,19,8,nan,14.0
35,二林,2020-06-30,26,6,1.0,nan,20,8,23.0,26.0
36,南投,2020-06-30,34,3,2.0,nan,18,8,34.0,13.0
37,斗六,2020-06-30,31,4,2.0,nan,13,8,31.0,14.0
38,崙背,2020-06-30,24,3,1.0,nan,12,8,24.0,6.0
39,新港,2020-06-30,24,1,1.0,nan,11,9,24.0,14.0
40,朴子,2020-06-30,19,4,2.0,nan,13,10,19.0,11.0
41,臺西,2020-06-30,17,4,nan,nan,5,5,nan,17.0
42,嘉義,2020-06-30,25,3,2.0,nan,12,7,25.0,7.0
43,新營,2020-06-30,25,3,2.0,nan,9,8,25.0,11.0
44,善化,2020-06-30,19,4,1.0,nan,5,8,19.0,13.0
45,安南,2020-06-30,20,4,3.0,nan,11,9,20.0,17.0
46,臺南,2020-06-30,18,4,2.0,nan,9,9,18.0,12.0
47,美濃,2020-06-30,19,3,1.0,nan,10,4,19.0,14.0
48,橋頭,2020-06-30,20,6,2.0,nan,9,10,20.0,10.0
49,仁武,2020-06-30,19,7,2.0,nan,5,13,19.0,15.0
50,鳳山,2020-06-30,19,19,5.0,nan,5,17,nan,13.0
51,大寮,2020-06-30,21,7,1.0,nan,9,8,21.0,11.0
52,林園,2020-06-30,23,3,1.0,nan,13,5,23.0,3.0
53,楠梓,2020-06-30,20,13,2.0,nan,10,15,20.0,8.0
54,左營,2020-06-30,19,7,3.0,nan,5,12,19.0,10.0
56,前金,2020-06-30,19,9,3.0,nan,5,14,19.0,13.0
57,前鎮,2020-06-30,19,10,nan,nan,5,19,nan,nan
58,小港,2020-06-30,17,11,3.0,nan,14,17,15.0,11.0
59,屏東,2020-06-30,21,6,3.0,nan,10,13,21.0,7.0
60,潮州,2020-06-30,20,3,1.0,nan,9,5,20.0,10.0
61,恆春,2020-06-30,25,1,1.0,nan,5,2,25.0,12.0
62,臺東,2020-06-30,20,3,2.0,nan,19,8,20.0,9.0
63,花蓮,2020-06-30,23,7,2.0,nan,23,12,23.0,23.0
64,陽明,2020-06-30,32,3,2.0,nan,14,8,32.0,31.0
65,宜蘭,2020-06-30,33,6,2.0,nan,22,5,33.0,26.0
66,冬山,2020-06-30,36,4,3.0,nan,25,13,36.0,34.0
67,三重,2020-06-30,46,4,16.0,nan,24,42,nan,46.0
68,中壢,2020-06-30,27,4,12.0,nan,16,27,nan,25.0
69,竹山,2020-06-30,32,3,1.0,nan,12,9,32.0,17.0
70,永和,2020-06-30,32,3,10.0,nan,19,24,nan,32.0
71,復興,2020-06-30,17,9,3.0,nan,5,17,nan,14.0
72,埔里,2020-06-30,30,4,3.0,nan,11,13,30.0,16.0
75,馬祖,2020-06-30,26,4,1.0,nan,21,18,25.0,26.0
77,金門,2020-06-30,20,4,1.0,nan,14,14,20.0,11.0
78,馬公,2020-06-30,19,3,1.0,nan,5,8,19.0,3.0
80,關山,2020-06-30,25,3,nan,nan,25,8,21.0,16.0
83,麥寮,2020-06-30,12,4,nan,nan,12,8,nan,11.0
84,富貴角,2020-06-30,33,1,2.0,nan,16,16,33.0,24.0
2,汐止,2020-06-30,44,4,6.0,nan,25,31,44.0,38.0
1,基隆,2020-06-30,41,4,3.0,nan,21,15,41.0,33.0
