siteid,sitename,monitordate,aqi,so2subindex,cosubindex,o3subindex,pm10subindex,no2subindex,o38subindex,pm25subindex
84,富貴角,2021-04-01,67,3,5.0,nan,33,16,29.0,67
85,大城,2021-04-01,68,3,2.0,nan,37,8,28.0,68
26,苗栗,2021-04-01,63,7,5.0,nan,32,24,14.0,63
28,豐原,2021-04-01,84,6,6.0,nan,46,23,25.0,84
29,沙鹿,2021-04-01,51,7,3.0,nan,31,17,18.0,51
25,頭份,2021-04-01,65,7,5.0,nan,37,20,nan,65
31,忠明,2021-04-01,62,6,6.0,nan,32,21,19.0,62
32,西屯,2021-04-01,75,4,3.0,nan,36,22,20.0,75
24,新竹,2021-04-01,61,7,6.0,nan,32,23,19.0,61
27,三義,2021-04-01,73,9,5.0,nan,40,25,18.0,73
33,彰化,2021-04-01,62,10,3.0,nan,31,17,23.0,62
23,竹東,2021-04-01,71,9,6.0,nan,32,19,19.0,71
34,線西,2021-04-01,60,3,2.0,nan,35,17,nan,60
22,湖口,2021-04-01,64,7,3.0,nan,34,25,22.0,64
35,二林,2021-04-01,63,10,2.0,nan,38,23,18.0,63
21,龍潭,2021-04-01,69,4,5.0,nan,37,20,23.0,69
36,南投,2021-04-01,75,4,5.0,nan,41,18,31.0,75
20,平鎮,2021-04-01,74,11,5.0,nan,40,21,19.0,74
37,斗六,2021-04-01,62,6,3.0,nan,32,18,30.0,62
38,崙背,2021-04-01,54,3,2.0,nan,32,12,22.0,54
19,觀音,2021-04-01,63,7,5.0,nan,31,23,19.0,63
39,新港,2021-04-01,53,4,3.0,nan,33,15,30.0,53
18,大園,2021-04-01,71,9,7.0,nan,36,26,24.0,71
40,朴子,2021-04-01,48,3,3.0,nan,29,12,23.0,48
17,桃園,2021-04-01,81,20,7.0,nan,41,31,24.0,81
41,臺西,2021-04-01,44,4,2.0,nan,28,11,nan,44
42,嘉義,2021-04-01,59,4,3.0,nan,31,18,31.0,59
16,大同,2021-04-01,91,13,27.0,nan,47,45,nan,91
43,新營,2021-04-01,55,4,3.0,nan,31,18,31.0,55
44,善化,2021-04-01,48,6,3.0,nan,23,20,35.0,48
15,松山,2021-04-01,93,6,11.0,nan,45,34,34.0,93
14,古亭,2021-04-01,83,4,9.0,nan,41,37,24.0,83
45,安南,2021-04-01,58,4,3.0,nan,38,19,31.0,58
46,臺南,2021-04-01,53,4,5.0,nan,28,24,28.0,53
47,美濃,2021-04-01,58,6,3.0,nan,29,8,58.0,58
13,萬華,2021-04-01,91,4,14.0,nan,47,39,21.0,91
48,橋頭,2021-04-01,55,6,5.0,nan,26,18,31.0,55
12,中山,2021-04-01,95,7,16.0,nan,47,41,20.0,95
49,仁武,2021-04-01,59,7,5.0,nan,31,22,33.0,59
50,鳳山,2021-04-01,61,4,7.0,nan,30,25,nan,61
11,士林,2021-04-01,85,7,9.0,nan,44,32,27.0,85
51,大寮,2021-04-01,68,26,6.0,nan,37,25,28.0,68
10,淡水,2021-04-01,75,6,9.0,nan,35,38,19.0,75
52,林園,2021-04-01,52,4,3.0,nan,30,22,32.0,52
53,楠梓,2021-04-01,59,3,5.0,nan,31,20,31.0,59
9,林口,2021-04-01,78,9,6.0,nan,42,26,23.0,78
54,左營,2021-04-01,42,3,3.0,nan,22,20,31.0,42
56,前金,2021-04-01,52,4,3.0,nan,21,19,33.0,52
57,前鎮,2021-04-01,53,4,6.0,nan,28,25,nan,53
8,菜寮,2021-04-01,92,7,14.0,nan,47,40,23.0,92
58,小港,2021-04-01,54,7,5.0,nan,29,27,24.0,54
7,新莊,2021-04-01,80,13,10.0,nan,41,33,22.0,80
59,屏東,2021-04-01,61,7,3.0,nan,37,20,13.0,61
6,板橋,2021-04-01,79,26,10.0,nan,43,41,19.0,79
61,恆春,2021-04-01,46,4,2.0,nan,22,5,44.0,46
62,臺東,2021-04-01,55,4,5.0,nan,30,8,37.0,55
63,花蓮,2021-04-01,61,3,6.0,nan,31,14,26.0,61
64,陽明,2021-04-01,74,3,3.0,nan,34,12,40.0,74
5,土城,2021-04-01,74,10,10.0,nan,44,34,26.0,74
4,新店,2021-04-01,80,4,8.0,nan,38,36,31.0,80
65,宜蘭,2021-04-01,61,6,6.0,nan,32,20,29.0,61
3,萬里,2021-04-01,74,9,7.0,nan,39,23,44.0,74
66,冬山,2021-04-01,67,6,6.0,nan,37,16,18.0,67
2,汐止,2021-04-01,91,11,11.0,nan,44,36,41.0,91
67,三重,2021-04-01,95,10,22.0,nan,44,40,nan,95
68,中壢,2021-04-01,72,9,17.0,nan,37,34,nan,72
69,竹山,2021-04-01,80,7,3.0,nan,41,16,29.0,80
70,永和,2021-04-01,82,6,19.0,nan,44,39,nan,82
71,復興,2021-04-01,50,6,6.0,nan,23,27,nan,50
1,基隆,2021-04-01,79,4,9.0,nan,35,30,35.0,79
72,埔里,2021-04-01,84,4,5.0,nan,42,20,42.0,84
75,馬祖,2021-04-01,66,6,6.0,nan,23,21,41.0,66
77,金門,2021-04-01,34,4,2.0,nan,12,17,17.0,34
78,馬公,2021-04-01,33,4,2.0,nan,16,9,20.0,33
80,關山,2021-04-01,57,1,nan,nan,23,5,38.0,57
83,麥寮,2021-04-01,52,1,3.0,nan,25,11,nan,52
28,豐原,2021-04-02,73,10,3.0,nan,33,14,40.0,73
42,嘉義,2021-04-02,61,6,3.0,nan,28,16,31.0,61
41,臺西,2021-04-02,46,4,2.0,nan,28,9,nan,46
40,朴子,2021-04-02,55,3,3.0,nan,29,12,28.0,55
39,新港,2021-04-02,59,3,3.0,nan,32,16,33.0,59
38,崙背,2021-04-02,67,4,3.0,nan,33,15,31.0,67
37,斗六,2021-04-02,63,4,3.0,nan,31,10,41.0,63
36,南投,2021-04-02,73,6,5.0,nan,33,15,44.0,73
35,二林,2021-04-02,69,10,3.0,nan,38,26,22.0,69
34,線西,2021-04-02,67,6,5.0,nan,33,16,nan,67
33,彰化,2021-04-02,61,9,5.0,nan,25,18,33.0,61
32,西屯,2021-04-02,82,20,5.0,nan,35,23,31.0,82
67,三重,2021-04-02,104,7,16.0,nan,44,45,nan,104
68,中壢,2021-04-02,80,6,11.0,nan,36,26,nan,80
31,忠明,2021-04-02,69,16,5.0,nan,32,25,31.0,69
66,冬山,2021-04-02,80,9,6.0,nan,40,11,35.0,80
29,沙鹿,2021-04-02,53,14,3.0,nan,27,16,26.0,53
43,新營,2021-04-02,57,6,3.0,nan,30,17,31.0,57
27,三義,2021-04-02,69,4,3.0,nan,31,14,31.0,69
69,竹山,2021-04-02,69,4,3.0,nan,32,14,40.0,69
26,苗栗,2021-04-02,64,13,5.0,nan,30,15,21.0,64
25,頭份,2021-04-02,72,6,3.0,nan,33,15,nan,72
24,新竹,2021-04-02,65,4,6.0,nan,31,21,30.0,65
23,竹東,2021-04-02,85,6,5.0,nan,34,22,36.0,85
65,宜蘭,2021-04-02,78,7,5.0,nan,36,9,44.0,78
22,湖口,2021-04-02,68,7,5.0,nan,31,21,31.0,68
70,永和,2021-04-02,93,9,11.0,nan,44,37,nan,93
21,龍潭,2021-04-02,86,3,6.0,nan,40,26,40.0,86
20,平鎮,2021-04-02,79,7,6.0,nan,38,21,31.0,79
19,觀音,2021-04-02,63,9,6.0,nan,29,21,26.0,63
64,陽明,2021-04-02,74,4,5.0,nan,31,10,71.0,74
18,大園,2021-04-02,75,14,8.0,nan,33,24,29.0,75
17,桃園,2021-04-02,85,69,9.0,nan,41,26,33.0,85
71,復興,2021-04-02,52,7,6.0,nan,24,22,nan,52
16,大同,2021-04-02,100,7,17.0,nan,45,45,nan,100
15,松山,2021-04-02,100,7,7.0,nan,44,27,84.0,100
14,古亭,2021-04-02,92,6,6.0,nan,41,25,61.0,92
13,萬華,2021-04-02,98,7,8.0,nan,46,36,44.0,98
63,花蓮,2021-04-02,65,7,5.0,nan,30,8,43.0,65
12,中山,2021-04-02,99,7,8.0,nan,44,33,44.0,99
11,士林,2021-04-02,88,6,8.0,nan,44,23,44.0,88
10,淡水,2021-04-02,72,7,7.0,nan,31,24,33.0,72
9,林口,2021-04-02,84,9,8.0,nan,41,28,35.0,84
8,菜寮,2021-04-02,96,7,9.0,nan,44,25,44.0,96
7,新莊,2021-04-02,85,7,10.0,nan,39,30,40.0,85
6,板橋,2021-04-02,90,13,8.0,nan,44,39,36.0,90
72,埔里,2021-04-02,82,4,5.0,nan,37,15,77.0,82
5,土城,2021-04-02,93,6,9.0,nan,46,31,47.0,93
62,臺東,2021-04-02,64,6,5.0,nan,31,9,61.0,64
4,新店,2021-04-02,99,6,6.0,nan,41,25,93.0,99
3,萬里,2021-04-02,69,6,5.0,nan,31,18,41.0,69
2,汐止,2021-04-02,91,9,7.0,nan,42,21,74.0,91
1,基隆,2021-04-02,78,6,6.0,nan,31,22,44.0,78
75,馬祖,2021-04-02,55,4,6.0,nan,15,17,41.0,55
61,恆春,2021-04-02,61,4,3.0,nan,22,10,61.0,49
77,金門,2021-04-02,70,6,3.0,nan,28,20,32.0,70
59,屏東,2021-04-02,52,6,3.0,nan,33,16,19.0,52
78,馬公,2021-04-02,39,3,2.0,nan,18,8,25.0,39
80,關山,2021-04-02,63,1,nan,nan,25,5,44.0,63
58,小港,2021-04-02,53,13,5.0,nan,30,32,25.0,53
83,麥寮,2021-04-02,56,3,3.0,nan,26,8,nan,56
57,前鎮,2021-04-02,53,4,6.0,nan,27,21,nan,53
84,富貴角,2021-04-02,66,3,3.0,nan,30,14,39.0,66
56,前金,2021-04-02,54,7,3.0,nan,23,15,29.0,54
85,大城,2021-04-02,73,3,2.0,nan,32,8,37.0,73
54,左營,2021-04-02,49,4,5.0,nan,23,20,27.0,49
53,楠梓,2021-04-02,58,4,3.0,nan,28,17,29.0,58
52,林園,2021-04-02,58,6,5.0,nan,33,27,30.0,58
51,大寮,2021-04-02,63,6,5.0,nan,33,22,40.0,63
50,鳳山,2021-04-02,60,6,7.0,nan,28,23,nan,60
49,仁武,2021-04-02,58,4,5.0,nan,30,24,30.0,58
48,橋頭,2021-04-02,53,6,5.0,nan,27,14,28.0,53
47,美濃,2021-04-02,49,3,2.0,nan,24,10,42.0,49
46,臺南,2021-04-02,51,4,3.0,nan,24,27,28.0,51
45,安南,2021-04-02,55,3,5.0,nan,29,21,30.0,55
44,善化,2021-04-02,48,4,3.0,nan,21,17,30.0,48
11,士林,2021-04-03,75,3,3.0,nan,35,11,44.0,75
80,關山,2021-04-03,60,3,nan,nan,22,6,43.0,60
7,新莊,2021-04-03,76,9,5.0,nan,30,21,40.0,76
28,豐原,2021-04-03,79,4,5.0,nan,33,17,38.0,79
83,麥寮,2021-04-03,67,3,2.0,nan,28,5,nan,67
84,富貴角,2021-04-03,61,1,3.0,nan,30,8,54.0,61
6,板橋,2021-04-03,78,37,6.0,nan,34,27,35.0,78
85,大城,2021-04-03,76,6,2.0,nan,32,8,61.0,76
29,沙鹿,2021-04-03,55,3,5.0,nan,23,11,39.0,55
17,桃園,2021-04-03,78,10,5.0,nan,31,21,44.0,78
31,忠明,2021-04-03,66,4,6.0,nan,29,25,31.0,66
32,西屯,2021-04-03,82,3,5.0,nan,31,21,31.0,82
39,新港,2021-04-03,81,13,3.0,nan,44,10,36.0,81
38,崙背,2021-04-03,72,4,3.0,nan,37,10,35.0,72
5,土城,2021-04-03,81,17,6.0,nan,39,26,44.0,81
42,嘉義,2021-04-03,87,14,5.0,nan,41,20,33.0,87
33,彰化,2021-04-03,69,23,6.0,nan,29,20,31.0,69
41,臺西,2021-04-03,61,10,2.0,nan,30,17,nan,61
18,大園,2021-04-03,64,7,3.0,nan,24,15,51.0,64
4,新店,2021-04-03,84,6,6.0,nan,34,19,45.0,84
19,觀音,2021-04-03,56,4,3.0,nan,19,10,47.0,56
34,線西,2021-04-03,67,6,3.0,nan,31,11,nan,67
20,平鎮,2021-04-03,70,4,5.0,nan,31,13,43.0,70
21,龍潭,2021-04-03,84,3,5.0,nan,36,19,44.0,84
3,萬里,2021-04-03,63,6,3.0,nan,36,9,49.0,63
2,汐止,2021-04-03,83,6,5.0,nan,34,18,40.0,83
22,湖口,2021-04-03,63,4,5.0,nan,26,11,49.0,63
35,二林,2021-04-03,78,11,5.0,nan,42,16,29.0,78
1,基隆,2021-04-03,68,4,3.0,nan,25,20,39.0,68
43,新營,2021-04-03,73,4,3.0,nan,37,13,37.0,73
44,善化,2021-04-03,65,9,2.0,nan,30,15,39.0,65
45,安南,2021-04-03,72,3,2.0,nan,34,11,36.0,72
46,臺南,2021-04-03,76,4,3.0,nan,38,16,33.0,76
23,竹東,2021-04-03,79,3,5.0,nan,30,14,44.0,79
47,美濃,2021-04-03,62,4,3.0,nan,30,7,50.0,62
36,南投,2021-04-03,75,11,5.0,nan,34,16,44.0,75
48,橋頭,2021-04-03,67,7,3.0,nan,31,14,36.0,67
49,仁武,2021-04-03,69,10,3.0,nan,34,17,37.0,69
50,鳳山,2021-04-03,71,6,7.0,nan,32,21,nan,71
51,大寮,2021-04-03,74,33,5.0,nan,37,31,40.0,74
52,林園,2021-04-03,74,14,3.0,nan,40,21,43.0,74
53,楠梓,2021-04-03,69,6,3.0,nan,33,15,35.0,69
12,中山,2021-04-03,78,10,7.0,nan,30,22,34.0,78
54,左營,2021-04-03,73,7,3.0,nan,35,16,42.0,73
56,前金,2021-04-03,70,4,3.0,nan,31,15,40.0,70
57,前鎮,2021-04-03,71,4,5.0,nan,33,16,nan,71
58,小港,2021-04-03,65,7,3.0,nan,34,26,34.0,65
24,新竹,2021-04-03,53,3,5.0,nan,24,19,48.0,53
59,屏東,2021-04-03,67,7,3.0,nan,37,15,67.0,64
61,恆春,2021-04-03,54,4,2.0,nan,22,5,54.0,48
62,臺東,2021-04-03,57,3,5.0,nan,29,7,43.0,57
63,花蓮,2021-04-03,69,4,3.0,nan,32,8,42.0,69
78,馬公,2021-04-03,43,3,2.0,nan,17,7,43.0,42
64,陽明,2021-04-03,62,4,3.0,nan,24,5,44.0,62
65,宜蘭,2021-04-03,73,13,3.0,nan,34,6,41.0,73
66,冬山,2021-04-03,79,9,7.0,nan,39,16,30.0,79
67,三重,2021-04-03,82,6,11.0,nan,28,30,nan,82
13,萬華,2021-04-03,80,4,6.0,nan,34,22,36.0,80
10,淡水,2021-04-03,65,4,3.0,nan,27,11,41.0,65
68,中壢,2021-04-03,72,3,8.0,nan,29,30,nan,72
25,頭份,2021-04-03,66,6,5.0,nan,27,15,nan,66
9,林口,2021-04-03,70,4,3.0,nan,28,12,44.0,70
69,竹山,2021-04-03,87,9,5.0,nan,40,17,43.0,87
40,朴子,2021-04-03,72,4,3.0,nan,37,8,31.0,72
70,永和,2021-04-03,86,9,11.0,nan,37,31,nan,86
14,古亭,2021-04-03,83,6,5.0,nan,33,20,40.0,83
71,復興,2021-04-03,67,6,6.0,nan,31,20,nan,67
26,苗栗,2021-04-03,67,4,5.0,nan,27,15,31.0,67
8,菜寮,2021-04-03,77,3,5.0,nan,30,10,40.0,77
72,埔里,2021-04-03,74,4,3.0,nan,32,13,74.0,74
15,松山,2021-04-03,84,3,5.0,nan,31,18,37.0,84
75,馬祖,2021-04-03,122,4,6.0,nan,32,12,122.0,89
27,三義,2021-04-03,72,3,3.0,nan,30,9,31.0,72
77,金門,2021-04-03,73,10,5.0,nan,31,22,40.0,73
16,大同,2021-04-03,78,4,9.0,nan,32,21,nan,78
37,斗六,2021-04-03,90,9,6.0,nan,43,14,41.0,90
4,新店,2021-04-04,52,4,7.0,nan,23,15,45.0,52
19,觀音,2021-04-04,70,7,7.0,nan,42,14,43.0,70
26,苗栗,2021-04-04,62,6,7.0,nan,31,12,33.0,62
12,中山,2021-04-04,56,3,8.0,nan,26,18,41.0,56
39,新港,2021-04-04,91,9,6.0,nan,58,10,54.0,91
32,西屯,2021-04-04,83,3,6.0,nan,34,12,39.0,83
38,崙背,2021-04-04,89,10,7.0,nan,58,14,44.0,89
48,橋頭,2021-04-04,99,6,6.0,nan,58,13,74.0,99
15,松山,2021-04-04,64,3,7.0,nan,27,15,44.0,64
20,平鎮,2021-04-04,74,4,7.0,nan,39,15,44.0,74
37,斗六,2021-04-04,118,9,7.0,nan,57,10,77.0,118
5,土城,2021-04-04,54,4,7.0,nan,29,15,45.0,54
13,萬華,2021-04-04,57,3,7.0,nan,26,14,45.0,57
45,安南,2021-04-04,95,6,5.0,nan,57,10,80.0,95
18,大園,2021-04-04,76,7,7.0,nan,41,22,46.0,76
31,忠明,2021-04-04,68,3,6.0,nan,31,10,38.0,68
33,彰化,2021-04-04,94,9,7.0,nan,44,16,45.0,94
42,嘉義,2021-04-04,120,17,7.0,nan,62,16,47.0,120
21,龍潭,2021-04-04,55,4,7.0,nan,26,13,45.0,55
16,大同,2021-04-04,56,3,7.0,nan,28,19,nan,56
36,南投,2021-04-04,86,6,6.0,nan,40,16,74.0,86
47,美濃,2021-04-04,79,4,6.0,nan,46,8,64.0,79
14,古亭,2021-04-04,62,3,7.0,nan,28,14,45.0,62
6,板橋,2021-04-04,53,3,7.0,nan,28,18,38.0,53
22,湖口,2021-04-04,73,4,7.0,nan,37,15,44.0,73
35,二林,2021-04-04,91,14,7.0,nan,65,13,35.0,91
44,善化,2021-04-04,90,7,6.0,nan,53,16,67.0,90
46,臺南,2021-04-04,97,6,6.0,nan,61,15,74.0,97
40,朴子,2021-04-04,83,6,6.0,nan,56,10,47.0,83
80,關山,2021-04-04,51,3,nan,nan,19,5,41.0,51
83,麥寮,2021-04-04,80,6,6.0,nan,52,8,nan,80
78,馬公,2021-04-04,67,3,6.0,nan,34,7,51.0,67
7,新莊,2021-04-04,51,3,7.0,nan,23,14,48.0,51
77,金門,2021-04-04,104,6,7.0,nan,45,10,49.0,104
23,竹東,2021-04-04,54,3,7.0,nan,19,9,45.0,54
84,富貴角,2021-04-04,80,1,6.0,nan,51,13,39.0,80
10,淡水,2021-04-04,55,3,6.0,nan,26,10,47.0,55
75,馬祖,2021-04-04,101,4,7.0,nan,44,12,51.0,101
72,埔里,2021-04-04,101,3,6.0,nan,35,14,101.0,82
11,士林,2021-04-04,58,3,6.0,nan,27,12,58.0,51
71,復興,2021-04-04,99,6,8.0,nan,57,21,nan,99
70,永和,2021-04-04,60,3,7.0,nan,31,15,nan,60
17,桃園,2021-04-04,60,14,7.0,nan,29,15,44.0,60
69,竹山,2021-04-04,123,6,7.0,nan,57,16,71.0,123
68,中壢,2021-04-04,70,3,9.0,nan,36,25,nan,70
67,三重,2021-04-04,59,4,11.0,nan,26,30,nan,59
66,冬山,2021-04-04,60,1,7.0,nan,37,11,42.0,60
34,線西,2021-04-04,83,7,8.0,nan,53,10,nan,83
65,宜蘭,2021-04-04,49,3,7.0,nan,24,12,42.0,49
64,陽明,2021-04-04,51,1,6.0,nan,7,10,51.0,12
24,新竹,2021-04-04,65,4,7.0,nan,36,14,44.0,65
27,三義,2021-04-04,57,3,7.0,nan,24,8,33.0,57
63,花蓮,2021-04-04,55,3,6.0,nan,28,9,44.0,55
62,臺東,2021-04-04,48,1,6.0,nan,27,6,45.0,48
43,新營,2021-04-04,94,7,6.0,nan,57,11,64.0,94
61,恆春,2021-04-04,48,3,5.0,nan,18,4,48.0,39
59,屏東,2021-04-04,92,7,6.0,nan,57,14,61.0,92
85,大城,2021-04-04,95,7,6.0,nan,62,11,74.0,95
58,小港,2021-04-04,92,10,7.0,nan,57,32,61.0,92
28,豐原,2021-04-04,67,4,6.0,nan,28,11,41.0,67
57,前鎮,2021-04-04,99,6,7.0,nan,59,19,nan,99
29,沙鹿,2021-04-04,70,4,7.0,nan,43,8,43.0,70
56,前金,2021-04-04,100,9,6.0,nan,58,18,90.0,100
41,臺西,2021-04-04,72,7,6.0,nan,51,11,nan,72
54,左營,2021-04-04,94,6,6.0,nan,60,19,87.0,94
25,頭份,2021-04-04,69,4,7.0,nan,34,10,nan,69
53,楠梓,2021-04-04,105,4,6.0,nan,59,16,61.0,105
8,菜寮,2021-04-04,56,3,6.0,nan,24,6,47.0,56
52,林園,2021-04-04,104,11,6.0,nan,68,21,77.0,104
1,基隆,2021-04-04,71,3,6.0,nan,34,14,48.0,71
51,大寮,2021-04-04,102,9,7.0,nan,55,19,67.0,102
2,汐止,2021-04-04,61,3,7.0,nan,30,15,46.0,61
50,鳳山,2021-04-04,102,6,9.0,nan,55,29,nan,102
9,林口,2021-04-04,67,3,7.0,nan,32,14,46.0,67
3,萬里,2021-04-04,74,4,7.0,nan,65,14,74.0,72
49,仁武,2021-04-04,103,4,7.0,nan,59,17,71.0,103
11,士林,2021-04-05,77,4,2.0,nan,34,15,77.0,47
1,基隆,2021-04-05,58,3,2.0,nan,33,11,58.0,44
2,汐止,2021-04-05,64,13,3.0,nan,35,21,64.0,46
3,萬里,2021-04-05,90,6,2.0,nan,71,5,90.0,52
4,新店,2021-04-05,64,4,3.0,nan,31,11,64.0,40
5,土城,2021-04-05,64,4,3.0,nan,33,10,64.0,36
6,板橋,2021-04-05,48,3,3.0,nan,34,18,48.0,45
7,新莊,2021-04-05,61,4,3.0,nan,33,11,61.0,45
8,菜寮,2021-04-05,64,3,3.0,nan,34,7,64.0,47
9,林口,2021-04-05,61,3,3.0,nan,38,13,61.0,50
10,淡水,2021-04-05,61,4,3.0,nan,31,13,61.0,48
12,中山,2021-04-05,52,3,5.0,nan,34,21,50.0,52
13,萬華,2021-04-05,61,1,3.0,nan,34,18,61.0,47
14,古亭,2021-04-05,51,3,3.0,nan,32,12,51.0,44
15,松山,2021-04-05,54,6,3.0,nan,34,17,54.0,48
16,大同,2021-04-05,52,3,9.0,nan,39,38,nan,52
17,桃園,2021-04-05,54,13,3.0,nan,37,15,54.0,47
18,大園,2021-04-05,67,6,3.0,nan,35,15,67.0,49
19,觀音,2021-04-05,58,9,3.0,nan,38,15,58.0,52
20,平鎮,2021-04-05,54,7,3.0,nan,37,14,54.0,52
21,龍潭,2021-04-05,67,3,3.0,nan,34,12,67.0,48
22,湖口,2021-04-05,74,6,3.0,nan,36,11,74.0,48
23,竹東,2021-04-05,77,4,2.0,nan,28,9,77.0,42
24,新竹,2021-04-05,71,4,3.0,nan,39,14,71.0,45
25,頭份,2021-04-05,53,3,3.0,nan,38,12,nan,53
26,苗栗,2021-04-05,47,7,3.0,nan,35,16,47.0,45
27,三義,2021-04-05,54,4,3.0,nan,31,11,54.0,51
28,豐原,2021-04-05,80,4,3.0,nan,33,11,80.0,56
29,沙鹿,2021-04-05,80,3,3.0,nan,40,11,80.0,43
31,忠明,2021-04-05,58,3,3.0,nan,37,21,58.0,55
32,西屯,2021-04-05,59,3,2.0,nan,38,20,50.0,59
33,彰化,2021-04-05,80,6,5.0,nan,39,20,80.0,60
34,線西,2021-04-05,59,9,6.0,nan,54,18,nan,59
35,二林,2021-04-05,60,10,5.0,nan,60,17,48.0,60
36,南投,2021-04-05,93,4,5.0,nan,38,25,93.0,58
37,斗六,2021-04-05,108,4,5.0,nan,47,14,108.0,64
38,崙背,2021-04-05,84,10,5.0,nan,54,17,84.0,67
39,新港,2021-04-05,97,7,5.0,nan,54,14,97.0,61
40,朴子,2021-04-05,84,7,5.0,nan,55,12,84.0,67
41,臺西,2021-04-05,59,4,2.0,nan,59,9,nan,56
42,嘉義,2021-04-05,75,10,6.0,nan,52,20,71.0,75
43,新營,2021-04-05,100,6,5.0,nan,50,15,100.0,68
44,善化,2021-04-05,108,6,5.0,nan,44,15,108.0,64
45,安南,2021-04-05,115,6,5.0,nan,51,10,115.0,70
46,臺南,2021-04-05,104,7,5.0,nan,52,15,104.0,70
47,美濃,2021-04-05,84,9,7.0,nan,54,13,84.0,82
48,橋頭,2021-04-05,97,4,6.0,nan,42,15,97.0,67
49,仁武,2021-04-05,101,6,6.0,nan,44,18,101.0,72
50,鳳山,2021-04-05,76,7,7.0,nan,49,24,nan,76
51,大寮,2021-04-05,87,14,7.0,nan,53,31,87.0,80
52,林園,2021-04-05,108,4,6.0,nan,52,17,108.0,67
53,楠梓,2021-04-05,93,6,6.0,nan,44,15,93.0,70
54,左營,2021-04-05,101,7,7.0,nan,46,17,101.0,68
56,前金,2021-04-05,112,7,7.0,nan,49,20,112.0,79
57,前鎮,2021-04-05,82,7,7.0,nan,54,26,nan,82
58,小港,2021-04-05,90,9,6.0,nan,54,37,90.0,80
59,屏東,2021-04-05,82,10,7.0,nan,57,18,80.0,82
61,恆春,2021-04-05,67,3,3.0,nan,24,3,67.0,39
62,臺東,2021-04-05,50,1,3.0,nan,31,7,50.0,43
63,花蓮,2021-04-05,54,3,3.0,nan,40,10,54.0,51
64,陽明,2021-04-05,64,3,2.0,nan,23,4,64.0,34
65,宜蘭,2021-04-05,64,3,2.0,nan,32,7,64.0,43
66,冬山,2021-04-05,49,4,2.0,nan,35,8,49.0,45
67,三重,2021-04-05,54,4,10.0,nan,36,32,nan,54
68,中壢,2021-04-05,55,4,8.0,nan,39,31,nan,55
69,竹山,2021-04-05,101,7,5.0,nan,47,22,101.0,75
70,永和,2021-04-05,48,4,5.0,nan,36,16,nan,48
71,復興,2021-04-05,77,9,7.0,nan,52,25,nan,77
72,埔里,2021-04-05,108,3,5.0,nan,38,13,108.0,76
75,馬祖,2021-04-05,97,4,3.0,nan,42,8,97.0,74
77,金門,2021-04-05,118,4,5.0,nan,49,8,118.0,80
78,馬公,2021-04-05,90,3,3.0,nan,36,4,90.0,51
80,關山,2021-04-05,44,1,nan,nan,25,4,44.0,40
83,麥寮,2021-04-05,64,4,3.0,nan,64,10,nan,61
84,富貴角,2021-04-05,80,1,2.0,nan,50,5,80.0,55
85,大城,2021-04-05,140,3,2.0,nan,57,6,140.0,75
50,鳳山,2021-04-06,73,10,7.0,nan,49,36,nan,73
80,關山,2021-04-06,46,1,nan,nan,20,7,46.0,38
84,富貴角,2021-04-06,74,1,1.0,nan,31,2,74.0,38
78,馬公,2021-04-06,77,3,2.0,nan,28,3,77.0,44
77,金門,2021-04-06,122,6,3.0,nan,41,10,122.0,63
75,馬祖,2021-04-06,90,4,2.0,nan,26,8,90.0,52
72,埔里,2021-04-06,182,4,5.0,nan,43,17,182.0,76
85,大城,2021-04-06,122,7,2.0,nan,45,12,122.0,65
71,復興,2021-04-06,67,7,7.0,nan,51,32,nan,67
70,永和,2021-04-06,38,4,6.0,nan,23,24,nan,38
69,竹山,2021-04-06,136,7,5.0,nan,62,19,136.0,87
68,中壢,2021-04-06,50,6,9.0,nan,28,38,nan,50
67,三重,2021-04-06,44,7,12.0,nan,26,42,nan,44
66,冬山,2021-04-06,42,4,3.0,nan,24,14,42.0,35
65,宜蘭,2021-04-06,51,3,3.0,nan,21,8,51.0,32
64,陽明,2021-04-06,50,1,2.0,nan,14,3,50.0,26
63,花蓮,2021-04-06,61,6,3.0,nan,26,8,61.0,41
62,臺東,2021-04-06,51,1,5.0,nan,27,8,51.0,45
61,恆春,2021-04-06,67,1,2.0,nan,20,2,67.0,38
59,屏東,2021-04-06,80,11,6.0,nan,58,26,31.0,80
58,小港,2021-04-06,80,9,5.0,nan,52,32,80.0,71
57,前鎮,2021-04-06,76,7,7.0,nan,52,27,nan,76
56,前金,2021-04-06,115,7,6.0,nan,50,25,115.0,77
54,左營,2021-04-06,100,9,6.0,nan,49,27,100.0,68
53,楠梓,2021-04-06,87,6,6.0,nan,54,26,87.0,76
52,林園,2021-04-06,100,6,3.0,nan,45,20,100.0,60
51,大寮,2021-04-06,77,7,6.0,nan,52,27,77.0,76
83,麥寮,2021-04-06,70,7,3.0,nan,44,16,nan,70
49,仁武,2021-04-06,90,7,6.0,nan,49,36,90.0,74
48,橋頭,2021-04-06,101,7,6.0,nan,48,20,101.0,68
47,美濃,2021-04-06,87,7,6.0,nan,59,14,51.0,87
46,臺南,2021-04-06,104,10,7.0,nan,60,30,104.0,77
45,安南,2021-04-06,115,11,6.0,nan,60,27,115.0,79
44,善化,2021-04-06,118,11,6.0,nan,48,18,118.0,69
43,新營,2021-04-06,104,9,5.0,nan,52,19,104.0,65
42,嘉義,2021-04-06,84,11,6.0,nan,54,21,77.0,84
41,臺西,2021-04-06,41,10,2.0,nan,33,17,nan,41
40,朴子,2021-04-06,74,10,3.0,nan,45,11,74.0,59
39,新港,2021-04-06,97,9,5.0,nan,52,16,97.0,61
38,崙背,2021-04-06,80,9,3.0,nan,44,16,80.0,57
37,斗六,2021-04-06,108,10,6.0,nan,51,18,108.0,69
36,南投,2021-04-06,122,6,6.0,nan,42,21,122.0,65
35,二林,2021-04-06,51,14,3.0,nan,48,21,48.0,51
34,線西,2021-04-06,54,11,5.0,nan,44,16,nan,54
33,彰化,2021-04-06,74,7,5.0,nan,37,21,74.0,57
32,西屯,2021-04-06,57,4,3.0,nan,34,20,47.0,57
31,忠明,2021-04-06,57,4,5.0,nan,37,24,50.0,57
29,沙鹿,2021-04-06,74,3,3.0,nan,31,11,74.0,38
28,豐原,2021-04-06,87,4,3.0,nan,32,18,87.0,56
27,三義,2021-04-06,53,4,3.0,nan,26,16,50.0,53
26,苗栗,2021-04-06,45,9,5.0,nan,31,19,39.0,45
25,頭份,2021-04-06,50,4,3.0,nan,31,21,nan,50
24,新竹,2021-04-06,50,4,3.0,nan,29,18,50.0,39
23,竹東,2021-04-06,54,4,3.0,nan,21,18,54.0,40
22,湖口,2021-04-06,50,4,2.0,nan,27,14,50.0,43
21,龍潭,2021-04-06,48,3,3.0,nan,26,16,48.0,39
20,平鎮,2021-04-06,44,6,5.0,nan,29,18,43.0,44
19,觀音,2021-04-06,45,10,2.0,nan,29,16,45.0,42
18,大園,2021-04-06,46,6,2.0,nan,26,21,46.0,43
17,桃園,2021-04-06,44,11,5.0,nan,24,20,44.0,35
16,大同,2021-04-06,44,4,8.0,nan,27,34,nan,44
15,松山,2021-04-06,45,6,3.0,nan,21,22,45.0,41
14,古亭,2021-04-06,44,3,3.0,nan,22,16,44.0,35
13,萬華,2021-04-06,45,3,3.0,nan,22,22,45.0,38
12,中山,2021-04-06,40,3,6.0,nan,22,28,40.0,37
11,士林,2021-04-06,47,4,2.0,nan,22,15,47.0,40
10,淡水,2021-04-06,45,4,3.0,nan,19,16,45.0,36
9,林口,2021-04-06,44,4,3.0,nan,28,24,44.0,42
8,菜寮,2021-04-06,46,4,3.0,nan,22,9,46.0,38
7,新莊,2021-04-06,46,4,3.0,nan,21,17,46.0,37
6,板橋,2021-04-06,39,4,5.0,nan,23,25,39.0,36
5,土城,2021-04-06,47,4,3.0,nan,24,15,47.0,27
4,新店,2021-04-06,45,3,5.0,nan,20,15,45.0,34
1,基隆,2021-04-06,47,1,2.0,nan,19,16,47.0,33
2,汐止,2021-04-06,48,11,3.0,nan,23,29,48.0,34
3,萬里,2021-04-06,67,4,2.0,nan,47,6,67.0,37
12,中山,2021-04-07,44,4,5.0,nan,22,27,44.0,35
50,鳳山,2021-04-07,63,4,7.0,nan,38,25,nan,63
23,竹東,2021-04-07,67,4,3.0,nan,22,15,67.0,37
13,萬華,2021-04-07,47,4,3.0,nan,22,22,47.0,34
49,仁武,2021-04-07,100,6,6.0,nan,50,32,100.0,76
32,西屯,2021-04-07,57,4,3.0,nan,38,24,43.0,57
48,橋頭,2021-04-07,97,6,6.0,nan,49,23,97.0,77
22,湖口,2021-04-07,61,4,3.0,nan,27,17,61.0,39
47,美濃,2021-04-07,86,7,5.0,nan,52,11,58.0,86
24,新竹,2021-04-07,67,4,3.0,nan,27,20,67.0,33
46,臺南,2021-04-07,97,10,7.0,nan,58,36,97.0,81
21,龍潭,2021-04-07,50,1,3.0,nan,25,18,50.0,35
45,安南,2021-04-07,101,9,5.0,nan,52,26,101.0,72
14,古亭,2021-04-07,48,3,3.0,nan,23,23,48.0,34
44,善化,2021-04-07,87,9,5.0,nan,44,19,87.0,67
43,新營,2021-04-07,93,7,5.0,nan,48,19,93.0,68
31,忠明,2021-04-07,56,6,5.0,nan,38,25,42.0,56
42,嘉義,2021-04-07,89,20,6.0,nan,55,28,51.0,89
41,臺西,2021-04-07,50,10,2.0,nan,36,18,nan,50
15,松山,2021-04-07,48,4,3.0,nan,24,22,48.0,37
85,大城,2021-04-07,132,10,3.0,nan,43,22,132.0,68
84,富貴角,2021-04-07,84,1,1.0,nan,32,2,84.0,38
83,麥寮,2021-04-07,50,10,3.0,nan,32,22,nan,50
40,朴子,2021-04-07,80,3,3.0,nan,47,10,80.0,68
80,關山,2021-04-07,40,3,nan,nan,21,8,40.0,34
16,大同,2021-04-07,47,6,8.0,nan,34,39,nan,47
78,馬公,2021-04-07,74,3,2.0,nan,27,3,74.0,38
39,新港,2021-04-07,90,7,3.0,nan,52,12,90.0,69
26,苗栗,2021-04-07,41,9,5.0,nan,31,25,39.0,41
77,金門,2021-04-07,97,6,3.0,nan,34,10,97.0,50
1,基隆,2021-04-07,58,3,2.0,nan,22,17,58.0,28
75,馬祖,2021-04-07,87,3,2.0,nan,23,8,87.0,46
29,沙鹿,2021-04-07,64,4,3.0,nan,31,18,64.0,31
2,汐止,2021-04-07,58,10,3.0,nan,24,37,58.0,32
72,埔里,2021-04-07,90,3,6.0,nan,47,14,61.0,90
71,復興,2021-04-07,63,7,7.0,nan,46,28,nan,63
17,桃園,2021-04-07,49,13,5.0,nan,24,19,49.0,32
70,永和,2021-04-07,35,3,5.0,nan,25,22,nan,35
3,萬里,2021-04-07,93,6,2.0,nan,52,3,93.0,35
4,新店,2021-04-07,50,3,3.0,nan,20,15,50.0,28
69,竹山,2021-04-07,92,7,6.0,nan,54,25,61.0,92
68,中壢,2021-04-07,45,7,11.0,nan,26,39,nan,45
38,崙背,2021-04-07,77,7,2.0,nan,42,15,77.0,59
67,三重,2021-04-07,38,6,14.0,nan,27,38,nan,38
37,斗六,2021-04-07,87,9,5.0,nan,52,19,87.0,75
5,土城,2021-04-07,51,3,3.0,nan,24,16,51.0,28
66,冬山,2021-04-07,44,4,3.0,nan,27,12,44.0,35
6,板橋,2021-04-07,44,4,5.0,nan,26,21,44.0,31
65,宜蘭,2021-04-07,61,21,2.0,nan,24,7,61.0,31
18,大園,2021-04-07,51,6,2.0,nan,27,24,51.0,41
7,新莊,2021-04-07,54,6,3.0,nan,22,13,54.0,31
64,陽明,2021-04-07,64,3,2.0,nan,14,2,64.0,22
8,菜寮,2021-04-07,61,4,3.0,nan,23,13,61.0,33
63,花蓮,2021-04-07,48,3,3.0,nan,26,10,48.0,38
36,南投,2021-04-07,77,4,6.0,nan,45,25,77.0,76
9,林口,2021-04-07,46,4,3.0,nan,29,15,46.0,36
62,臺東,2021-04-07,45,1,5.0,nan,24,8,45.0,33
25,頭份,2021-04-07,46,6,5.0,nan,32,27,nan,46
61,恆春,2021-04-07,58,1,2.0,nan,11,2,58.0,27
59,屏東,2021-04-07,70,6,7.0,nan,50,24,50.0,70
10,淡水,2021-04-07,51,4,3.0,nan,18,13,51.0,35
58,小港,2021-04-07,90,13,5.0,nan,46,27,90.0,69
35,二林,2021-04-07,51,14,3.0,nan,45,15,44.0,51
57,前鎮,2021-04-07,70,9,6.0,nan,45,27,nan,70
19,觀音,2021-04-07,49,7,6.0,nan,29,16,49.0,32
56,前金,2021-04-07,112,4,5.0,nan,47,23,112.0,71
20,平鎮,2021-04-07,51,6,5.0,nan,27,17,51.0,40
54,左營,2021-04-07,122,7,6.0,nan,48,30,122.0,71
11,士林,2021-04-07,61,4,2.0,nan,23,8,61.0,34
28,豐原,2021-04-07,64,6,5.0,nan,42,23,46.0,64
53,楠梓,2021-04-07,90,6,6.0,nan,53,25,90.0,79
34,線西,2021-04-07,50,10,6.0,nan,41,17,nan,50
52,林園,2021-04-07,104,6,3.0,nan,39,15,104.0,59
27,三義,2021-04-07,54,4,3.0,nan,31,17,42.0,54
33,彰化,2021-04-07,61,6,5.0,nan,32,25,61.0,54
51,大寮,2021-04-07,64,6,5.0,nan,38,23,61.0,64
26,苗栗,2021-04-08,50,6,5.0,nan,26,23,37.0,50.0
1,基隆,2021-04-08,64,4,3.0,nan,15,29,64.0,26.0
2,汐止,2021-04-08,61,7,5.0,nan,15,30,61.0,29.0
3,萬里,2021-04-08,112,6,2.0,nan,26,7,112.0,27.0
4,新店,2021-04-08,50,3,6.0,nan,12,28,50.0,28.0
5,土城,2021-04-08,48,7,6.0,nan,20,36,48.0,32.0
6,板橋,2021-04-08,37,9,7.0,nan,20,37,36.0,33.0
7,新莊,2021-04-08,46,7,7.0,nan,19,39,46.0,37.0
8,菜寮,2021-04-08,45,3,7.0,nan,19,38,45.0,37.0
9,林口,2021-04-08,64,4,3.0,nan,18,22,64.0,36.0
10,淡水,2021-04-08,71,4,3.0,nan,15,28,71.0,32.0
11,士林,2021-04-08,58,3,6.0,nan,19,35,58.0,33.0
12,中山,2021-04-08,51,6,9.0,nan,17,51,40.0,33.0
13,萬華,2021-04-08,46,11,8.0,nan,17,46,44.0,35.0
14,古亭,2021-04-08,47,11,6.0,nan,17,39,47.0,35.0
15,松山,2021-04-08,49,6,7.0,nan,18,46,49.0,35.0
16,大同,2021-04-08,54,9,25.0,nan,24,54,nan,45.0
17,桃園,2021-04-08,48,16,6.0,nan,20,29,48.0,39.0
18,大園,2021-04-08,77,7,3.0,nan,19,26,77.0,42.0
19,觀音,2021-04-08,61,9,2.0,nan,22,19,61.0,37.0
20,平鎮,2021-04-08,48,6,5.0,nan,20,26,48.0,35.0
21,龍潭,2021-04-08,48,4,6.0,nan,21,25,48.0,39.0
22,湖口,2021-04-08,71,7,3.0,nan,20,27,71.0,40.0
23,竹東,2021-04-08,51,1,3.0,nan,19,19,51.0,38.0
24,新竹,2021-04-08,64,6,5.0,nan,21,30,64.0,35.0
25,頭份,2021-04-08,52,6,5.0,nan,26,23,nan,52.0
27,三義,2021-04-08,53,4,3.0,nan,25,20,40.0,53.0
28,豐原,2021-04-08,67,4,5.0,nan,34,22,51.0,67.0
29,沙鹿,2021-04-08,64,3,3.0,nan,28,21,64.0,34.0
31,忠明,2021-04-08,55,6,5.0,nan,33,31,42.0,55.0
32,西屯,2021-04-08,60,4,5.0,nan,31,35,44.0,60.0
33,彰化,2021-04-08,64,9,6.0,nan,33,33,64.0,57.0
34,線西,2021-04-08,47,6,3.0,nan,35,28,nan,47.0
35,二林,2021-04-08,61,11,5.0,nan,55,25,44.0,61.0
36,南投,2021-04-08,84,4,7.0,nan,42,20,84.0,74.0
37,斗六,2021-04-08,100,9,5.0,nan,50,24,100.0,79.0
38,崙背,2021-04-08,67,9,5.0,nan,49,19,61.0,67.0
39,新港,2021-04-08,77,11,5.0,nan,55,19,77.0,74.0
40,朴子,2021-04-08,68,7,5.0,nan,52,14,61.0,68.0
41,臺西,2021-04-08,55,7,5.0,nan,40,17,nan,55.0
42,嘉義,2021-04-08,96,9,6.0,nan,56,25,61.0,96.0
43,新營,2021-04-08,84,7,5.0,nan,57,24,84.0,78.0
44,善化,2021-04-08,101,11,6.0,nan,57,24,101.0,78.0
45,安南,2021-04-08,101,7,6.0,nan,69,23,101.0,89.0
46,臺南,2021-04-08,100,9,7.0,nan,65,32,100.0,93.0
47,美濃,2021-04-08,87,3,5.0,nan,46,9,87.0,84.0
48,橋頭,2021-04-08,108,7,6.0,nan,57,29,108.0,95.0
49,仁武,2021-04-08,104,6,6.0,nan,58,30,104.0,88.0
50,鳳山,2021-04-08,80,9,7.0,nan,52,29,nan,80.0
51,大寮,2021-04-08,97,7,6.0,nan,45,23,97.0,81.0
52,林園,2021-04-08,136,7,5.0,nan,52,18,136.0,73.0
53,楠梓,2021-04-08,101,6,6.0,nan,59,27,101.0,89.0
54,左營,2021-04-08,118,7,6.0,nan,53,24,118.0,80.0
56,前金,2021-04-08,115,4,5.0,nan,52,25,115.0,82.0
57,前鎮,2021-04-08,83,4,6.0,nan,57,20,nan,83.0
58,小港,2021-04-08,93,7,5.0,nan,57,25,93.0,79.0
59,屏東,2021-04-08,115,6,6.0,nan,54,22,115.0,80.0
61,恆春,2021-04-08,50,1,2.0,nan,11,2,50.0,nan
62,臺東,2021-04-08,42,3,5.0,nan,19,14,42.0,24.0
63,花蓮,2021-04-08,44,3,5.0,nan,19,12,44.0,30.0
64,陽明,2021-04-08,74,7,2.0,nan,7,2,74.0,15.0
65,宜蘭,2021-04-08,58,17,3.0,nan,17,11,58.0,24.0
66,冬山,2021-04-08,45,4,3.0,nan,19,17,45.0,31.0
67,三重,2021-04-08,55,6,18.0,nan,20,55,nan,42.0
68,中壢,2021-04-08,44,7,10.0,nan,22,42,nan,44.0
69,竹山,2021-04-08,85,7,5.0,nan,48,21,80.0,85.0
70,永和,2021-04-08,42,14,15.0,nan,22,42,nan,37.0
71,復興,2021-04-08,75,4,7.0,nan,53,23,nan,75.0
72,埔里,2021-04-08,93,3,6.0,nan,39,15,93.0,83.0
75,馬祖,2021-04-08,80,6,2.0,nan,21,5,80.0,45.0
77,金門,2021-04-08,62,17,3.0,nan,42,31,54.0,62.0
78,馬公,2021-04-08,90,3,3.0,nan,29,5,90.0,44.0
80,關山,2021-04-08,37,1,nan,nan,11,9,37.0,21.0
83,麥寮,2021-04-08,61,6,5.0,nan,44,17,nan,61.0
84,富貴角,2021-04-08,101,1,2.0,nan,29,3,101.0,40.0
85,大城,2021-04-08,112,11,5.0,nan,49,21,112.0,77.0
2,汐止,2021-04-09,54,3,5.0,nan,21,39,54.0,49
75,馬祖,2021-04-09,122,4,3.0,nan,34,6,122.0,65
77,金門,2021-04-09,129,4,3.0,nan,44,8,129.0,71
78,馬公,2021-04-09,112,3,3.0,nan,24,3,112.0,47
80,關山,2021-04-09,77,3,nan,nan,5,6,77.0,10
83,麥寮,2021-04-09,56,6,3.0,nan,42,12,nan,56
84,富貴角,2021-04-09,129,1,2.0,nan,37,3,129.0,58
85,大城,2021-04-09,136,6,3.0,nan,45,9,136.0,70
1,基隆,2021-04-09,90,3,2.0,nan,21,7,90.0,46
70,永和,2021-04-09,46,3,8.0,nan,21,29,nan,46
68,中壢,2021-04-09,55,4,9.0,nan,23,32,nan,55
71,復興,2021-04-09,83,4,8.0,nan,52,29,nan,83
69,竹山,2021-04-09,65,6,6.0,nan,37,23,43.0,65
67,三重,2021-04-09,50,3,16.0,nan,22,48,nan,50
66,冬山,2021-04-09,49,4,3.0,nan,8,14,49.0,13
72,埔里,2021-04-09,74,1,5.0,nan,30,15,74.0,68
65,宜蘭,2021-04-09,71,6,5.0,nan,9,10,71.0,15
64,陽明,2021-04-09,108,3,2.0,nan,5,3,108.0,7
63,花蓮,2021-04-09,77,3,5.0,nan,9,13,77.0,14
62,臺東,2021-04-09,80,3,3.0,nan,9,9,80.0,12
61,恆春,2021-04-09,104,3,2.0,nan,7,3,104.0,12
59,屏東,2021-04-09,83,6,6.0,nan,50,19,67.0,83
58,小港,2021-04-09,84,9,7.0,nan,54,40,50.0,84
57,前鎮,2021-04-09,94,4,7.0,nan,54,29,nan,94
56,前金,2021-04-09,100,4,7.0,nan,53,22,100.0,91
54,左營,2021-04-09,90,6,6.0,nan,52,20,90.0,85
53,楠梓,2021-04-09,80,4,5.0,nan,49,21,80.0,78
52,林園,2021-04-09,100,10,5.0,nan,56,29,100.0,89
51,大寮,2021-04-09,92,10,6.0,nan,53,30,54.0,92
50,鳳山,2021-04-09,83,7,9.0,nan,50,41,nan,83
49,仁武,2021-04-09,87,6,6.0,nan,48,25,80.0,87
48,橋頭,2021-04-09,86,3,6.0,nan,48,21,77.0,86
47,美濃,2021-04-09,77,3,5.0,nan,39,8,77.0,70
46,臺南,2021-04-09,87,6,6.0,nan,50,17,87.0,71
45,安南,2021-04-09,90,4,5.0,nan,52,14,90.0,80
44,善化,2021-04-09,80,6,5.0,nan,36,16,80.0,66
43,新營,2021-04-09,87,3,5.0,nan,40,16,87.0,55
42,嘉義,2021-04-09,72,7,6.0,nan,32,23,48.0,72
41,臺西,2021-04-09,43,6,5.0,nan,37,11,nan,43
40,朴子,2021-04-09,74,7,5.0,nan,43,17,74.0,64
39,新港,2021-04-09,90,4,5.0,nan,33,14,90.0,60
38,崙背,2021-04-09,71,4,5.0,nan,31,18,71.0,57
37,斗六,2021-04-09,67,4,5.0,nan,29,19,67.0,57
36,南投,2021-04-09,50,3,6.0,nan,23,24,46.0,50
35,二林,2021-04-09,56,10,5.0,nan,46,15,47.0,56
34,線西,2021-04-09,45,3,3.0,nan,27,11,nan,45
33,彰化,2021-04-09,64,6,5.0,nan,18,19,64.0,46
32,西屯,2021-04-09,45,1,3.0,nan,19,12,45.0,41
31,忠明,2021-04-09,43,4,5.0,nan,19,19,43.0,42
29,沙鹿,2021-04-09,74,1,3.0,nan,17,10,74.0,30
28,豐原,2021-04-09,50,3,3.0,nan,15,8,50.0,39
27,三義,2021-04-09,44,3,3.0,nan,12,12,44.0,34
26,苗栗,2021-04-09,43,3,5.0,nan,18,16,43.0,38
25,頭份,2021-04-09,49,3,5.0,nan,23,16,nan,49
24,新竹,2021-04-09,87,3,5.0,nan,22,17,87.0,43
23,竹東,2021-04-09,84,3,3.0,nan,12,12,84.0,33
22,湖口,2021-04-09,97,4,3.0,nan,22,9,97.0,51
21,龍潭,2021-04-09,74,3,5.0,nan,19,17,74.0,41
20,平鎮,2021-04-09,54,3,6.0,nan,22,26,54.0,49
19,觀音,2021-04-09,80,10,3.0,nan,27,15,80.0,51
18,大園,2021-04-09,87,4,3.0,nan,24,31,87.0,55
17,桃園,2021-04-09,54,6,6.0,nan,22,29,54.0,44
16,大同,2021-04-09,60,4,14.0,nan,34,49,nan,60
15,松山,2021-04-09,52,4,6.0,nan,20,38,49.0,52
14,古亭,2021-04-09,51,3,5.0,nan,20,23,51.0,46
13,萬華,2021-04-09,54,3,6.0,nan,19,32,54.0,45
12,中山,2021-04-09,47,3,7.0,nan,19,36,47.0,45
11,士林,2021-04-09,104,4,3.0,nan,16,8,104.0,34
10,淡水,2021-04-09,93,3,3.0,nan,19,8,93.0,49
9,林口,2021-04-09,74,4,3.0,nan,22,19,74.0,46
8,菜寮,2021-04-09,71,3,6.0,nan,19,16,71.0,39
7,新莊,2021-04-09,64,3,6.0,nan,19,25,64.0,40
6,板橋,2021-04-09,44,4,6.0,nan,20,29,44.0,41
5,土城,2021-04-09,58,3,5.0,nan,19,25,58.0,39
4,新店,2021-04-09,67,4,5.0,nan,15,19,67.0,41
3,萬里,2021-04-09,146,6,2.0,nan,51,4,146.0,53
10,淡水,2021-04-10,58,3,3.0,nan,14,19,58.0,32
8,菜寮,2021-04-10,44,3,6.0,nan,19,25,44.0,38
7,新莊,2021-04-10,45,3,6.0,nan,17,22,45.0,35
6,板橋,2021-04-10,42,4,6.0,nan,17,25,42.0,30
5,土城,2021-04-10,50,3,5.0,nan,13,24,50.0,24
4,新店,2021-04-10,49,3,5.0,nan,11,24,49.0,28
3,萬里,2021-04-10,87,4,2.0,nan,34,5,87.0,37
2,汐止,2021-04-10,44,3,5.0,nan,16,22,44.0,32
1,基隆,2021-04-10,47,4,5.0,nan,16,21,47.0,36
85,大城,2021-04-10,108,9,5.0,nan,42,13,108.0,76
84,富貴角,2021-04-10,84,1,2.0,nan,34,2,84.0,49
83,麥寮,2021-04-10,61,7,5.0,nan,36,11,nan,61
80,關山,2021-04-10,50,3,nan,nan,5,8,50.0,12
78,馬公,2021-04-10,77,1,2.0,nan,26,3,77.0,47
77,金門,2021-04-10,93,4,3.0,nan,36,8,93.0,55
75,馬祖,2021-04-10,93,4,2.0,nan,30,8,93.0,55
72,埔里,2021-04-10,122,3,5.0,nan,29,17,122.0,69
71,復興,2021-04-10,93,7,8.0,nan,51,30,nan,93
70,永和,2021-04-10,30,4,6.0,nan,16,19,nan,30
69,竹山,2021-04-10,101,6,6.0,nan,43,17,101.0,86
68,中壢,2021-04-10,51,6,8.0,nan,25,27,nan,51
67,三重,2021-04-10,46,4,16.0,nan,20,46,nan,45
66,冬山,2021-04-10,33,3,3.0,nan,10,13,33.0,19
65,宜蘭,2021-04-10,42,4,3.0,nan,9,14,42.0,19
64,陽明,2021-04-10,67,3,2.0,nan,3,3,67.0,6
63,花蓮,2021-04-10,54,4,3.0,nan,10,11,54.0,16
62,臺東,2021-04-10,71,3,3.0,nan,10,5,71.0,14
61,恆春,2021-04-10,80,3,2.0,nan,8,2,80.0,11
59,屏東,2021-04-10,129,7,6.0,nan,54,17,129.0,92
58,小港,2021-04-10,93,9,6.0,nan,54,34,93.0,90
57,前鎮,2021-04-10,103,4,7.0,nan,54,31,nan,103
56,前金,2021-04-10,112,6,7.0,nan,50,17,112.0,95
54,左營,2021-04-10,115,6,6.0,nan,52,18,115.0,93
53,楠梓,2021-04-10,104,4,5.0,nan,52,17,104.0,92
52,林園,2021-04-10,129,10,6.0,nan,58,25,129.0,99
51,大寮,2021-04-10,132,19,7.0,nan,53,30,132.0,109
50,鳳山,2021-04-10,92,9,7.0,nan,49,26,nan,92
49,仁武,2021-04-10,112,10,6.0,nan,52,40,112.0,106
48,橋頭,2021-04-10,108,6,6.0,nan,51,17,108.0,101
47,美濃,2021-04-10,132,4,5.0,nan,46,9,132.0,86
46,臺南,2021-04-10,101,6,6.0,nan,51,19,101.0,77
45,安南,2021-04-10,104,4,5.0,nan,47,15,104.0,87
44,善化,2021-04-10,104,7,5.0,nan,42,12,104.0,77
43,新營,2021-04-10,100,4,5.0,nan,46,12,100.0,70
42,嘉義,2021-04-10,98,7,6.0,nan,47,21,64.0,98
41,臺西,2021-04-10,56,7,5.0,nan,34,13,nan,56
40,朴子,2021-04-10,74,3,3.0,nan,44,10,71.0,74
39,新港,2021-04-10,87,7,3.0,nan,45,9,87.0,77
38,崙背,2021-04-10,69,10,3.0,nan,41,13,61.0,69
37,斗六,2021-04-10,97,7,5.0,nan,44,14,97.0,86
36,南投,2021-04-10,87,4,5.0,nan,33,16,87.0,69
35,二林,2021-04-10,65,16,5.0,nan,48,16,39.0,65
34,線西,2021-04-10,55,9,5.0,nan,34,12,nan,55
33,彰化,2021-04-10,60,6,5.0,nan,28,16,54.0,60
32,西屯,2021-04-10,57,3,3.0,nan,26,12,42.0,57
31,忠明,2021-04-10,58,3,3.0,nan,27,16,44.0,58
29,沙鹿,2021-04-10,51,3,2.0,nan,25,8,51.0,41
28,豐原,2021-04-10,55,3,3.0,nan,23,11,54.0,55
27,三義,2021-04-10,48,3,3.0,nan,19,11,37.0,48
26,苗栗,2021-04-10,45,4,5.0,nan,23,14,34.0,45
25,頭份,2021-04-10,51,3,3.0,nan,25,13,nan,51
24,新竹,2021-04-10,50,3,3.0,nan,23,13,50.0,40
23,竹東,2021-04-10,54,3,3.0,nan,16,11,54.0,32
22,湖口,2021-04-10,61,4,2.0,nan,23,8,61.0,45
21,龍潭,2021-04-10,51,4,5.0,nan,19,17,51.0,38
20,平鎮,2021-04-10,46,6,5.0,nan,21,18,46.0,46
19,觀音,2021-04-10,49,9,2.0,nan,26,7,49.0,38
18,大園,2021-04-10,58,4,2.0,nan,23,24,58.0,44
17,桃園,2021-04-10,44,10,6.0,nan,21,23,44.0,42
16,大同,2021-04-10,48,4,19.0,nan,24,48,nan,45
15,松山,2021-04-10,44,3,5.0,nan,15,23,44.0,34
14,古亭,2021-04-10,48,3,3.0,nan,14,14,48.0,28
13,萬華,2021-04-10,46,3,6.0,nan,17,27,46.0,33
12,中山,2021-04-10,44,3,7.0,nan,16,29,44.0,38
11,士林,2021-04-10,45,3,5.0,nan,19,24,45.0,38
9,林口,2021-04-10,51,4,3.0,nan,19,15,51.0,38
39,新港,2021-04-11,87,4,3.0,nan,41,13,87.0,75
1,基隆,2021-04-11,35,4,3.0,nan,12,23,35.0,24
2,汐止,2021-04-11,40,9,6.0,nan,18,25,38.0,40
3,萬里,2021-04-11,41,9,2.0,nan,14,8,41.0,18
4,新店,2021-04-11,43,4,6.0,nan,14,30,43.0,28
5,土城,2021-04-11,71,9,7.0,nan,24,26,71.0,55
6,板橋,2021-04-11,48,23,8.0,nan,25,31,44.0,48
7,新莊,2021-04-11,61,6,8.0,nan,21,35,61.0,49
8,菜寮,2021-04-11,61,6,8.0,nan,22,48,61.0,48
9,林口,2021-04-11,90,6,3.0,nan,23,16,90.0,49
10,淡水,2021-04-11,54,4,5.0,nan,20,31,54.0,44
11,士林,2021-04-11,61,4,3.0,nan,15,12,61.0,28
12,中山,2021-04-11,43,4,8.0,nan,15,43,41.0,35
13,萬華,2021-04-11,46,9,9.0,nan,19,46,45.0,39
14,古亭,2021-04-11,42,9,6.0,nan,16,42,39.0,30
15,松山,2021-04-11,37,4,3.0,nan,13,21,37.0,32
16,大同,2021-04-11,50,7,17.0,nan,24,41,nan,50
17,桃園,2021-04-11,93,13,6.0,nan,31,25,93.0,58
18,大園,2021-04-11,90,9,3.0,nan,31,14,90.0,58
19,觀音,2021-04-11,58,11,3.0,nan,30,12,58.0,57
20,平鎮,2021-04-11,77,6,5.0,nan,31,14,77.0,56
21,龍潭,2021-04-11,74,4,5.0,nan,32,17,74.0,55
22,湖口,2021-04-11,74,6,3.0,nan,30,14,74.0,61
23,竹東,2021-04-11,77,11,3.0,nan,31,9,77.0,55
24,新竹,2021-04-11,71,4,5.0,nan,30,14,71.0,52
25,頭份,2021-04-11,61,9,3.0,nan,33,15,nan,61
26,苗栗,2021-04-11,56,3,5.0,nan,33,11,37.0,56
27,三義,2021-04-11,68,3,3.0,nan,36,16,40.0,68
28,豐原,2021-04-11,71,6,3.0,nan,34,15,71.0,70
29,沙鹿,2021-04-11,67,3,3.0,nan,31,9,67.0,44
31,忠明,2021-04-11,65,4,5.0,nan,34,18,46.0,65
32,西屯,2021-04-11,69,3,3.0,nan,34,18,46.0,69
33,彰化,2021-04-11,67,13,5.0,nan,35,15,61.0,67
34,線西,2021-04-11,63,4,3.0,nan,37,11,nan,63
35,二林,2021-04-11,79,7,3.0,nan,49,15,44.0,79
36,南投,2021-04-11,104,9,6.0,nan,44,22,104.0,84
37,斗六,2021-04-11,101,6,5.0,nan,48,13,101.0,96
38,崙背,2021-04-11,72,4,5.0,nan,39,11,71.0,72
40,朴子,2021-04-11,74,3,3.0,nan,39,9,67.0,74
41,臺西,2021-04-11,62,6,3.0,nan,35,13,nan,62
42,嘉義,2021-04-11,99,9,5.0,nan,47,15,61.0,99
43,新營,2021-04-11,93,9,5.0,nan,47,16,93.0,72
44,善化,2021-04-11,97,7,5.0,nan,41,12,97.0,76
45,安南,2021-04-11,93,4,3.0,nan,44,14,93.0,80
46,臺南,2021-04-11,90,7,5.0,nan,49,20,90.0,77
47,美濃,2021-04-11,100,4,5.0,nan,34,8,100.0,68
48,橋頭,2021-04-11,100,6,5.0,nan,44,13,100.0,82
49,仁武,2021-04-11,108,9,5.0,nan,44,25,108.0,87
50,鳳山,2021-04-11,80,7,7.0,nan,42,27,nan,80
51,大寮,2021-04-11,93,21,8.0,nan,47,25,93.0,91
52,林園,2021-04-11,136,20,6.0,nan,54,23,136.0,91
53,楠梓,2021-04-11,97,6,5.0,nan,44,15,97.0,83
54,左營,2021-04-11,118,10,6.0,nan,46,13,118.0,84
56,前金,2021-04-11,100,6,6.0,nan,44,17,100.0,83
57,前鎮,2021-04-11,91,10,6.0,nan,48,26,nan,91
58,小港,2021-04-11,100,9,6.0,nan,46,29,100.0,80
59,屏東,2021-04-11,129,9,5.0,nan,45,11,129.0,77
61,恆春,2021-04-11,44,1,2.0,nan,10,2,44.0,13
62,臺東,2021-04-11,38,1,3.0,nan,12,6,38.0,16
63,花蓮,2021-04-11,37,3,2.0,nan,15,7,37.0,22
64,陽明,2021-04-11,43,3,2.0,nan,7,1,43.0,10
65,宜蘭,2021-04-11,39,10,2.0,nan,16,10,39.0,21
66,冬山,2021-04-11,34,4,5.0,nan,16,5,34.0,27
67,三重,2021-04-11,48,6,15.0,nan,19,47,nan,48
68,中壢,2021-04-11,58,4,11.0,nan,32,29,nan,58
69,竹山,2021-04-11,102,7,5.0,nan,49,16,90.0,102
70,永和,2021-04-11,49,7,11.0,nan,20,49,nan,42
71,復興,2021-04-11,80,10,7.0,nan,44,25,nan,80
72,埔里,2021-04-11,112,3,5.0,nan,31,14,112.0,68
75,馬祖,2021-04-11,55,9,6.0,nan,24,15,48.0,55
77,金門,2021-04-11,93,16,5.0,nan,45,27,93.0,78
78,馬公,2021-04-11,67,1,2.0,nan,19,3,67.0,41
80,關山,2021-04-11,37,3,nan,nan,6,6,37.0,13
83,麥寮,2021-04-11,63,4,3.0,nan,30,8,nan,63
84,富貴角,2021-04-11,80,1,2.0,nan,31,6,80.0,45
85,大城,2021-04-11,101,4,3.0,nan,41,9,101.0,83
3,萬里,2021-04-12,100,4,5.0,nan,43,14,100.0,57
1,基隆,2021-04-12,63,7,7.0,nan,31,42,58.0,63
84,富貴角,2021-04-12,80,1,2.0,nan,38,9,80.0,63
78,馬公,2021-04-12,51,4,2.0,nan,18,8,51.0,38
83,麥寮,2021-04-12,84,10,5.0,nan,43,15,nan,84
72,埔里,2021-04-12,115,3,5.0,nan,31,15,115.0,69
75,馬祖,2021-04-12,77,9,6.0,nan,39,23,64.0,77
80,關山,2021-04-12,34,3,nan,nan,9,5,34.0,15
77,金門,2021-04-12,78,7,3.0,nan,37,17,58.0,78
70,永和,2021-04-12,79,4,12.0,nan,43,43,nan,79
69,竹山,2021-04-12,106,4,5.0,nan,52,13,90.0,106
68,中壢,2021-04-12,76,9,19.0,nan,39,41,nan,76
67,三重,2021-04-12,91,13,18.0,nan,44,54,nan,91
66,冬山,2021-04-12,39,4,5.0,nan,25,12,31.0,39
65,宜蘭,2021-04-12,40,9,3.0,nan,21,8,40.0,29
64,陽明,2021-04-12,50,3,3.0,nan,16,7,50.0,36
63,花蓮,2021-04-12,32,6,3.0,nan,17,8,32.0,19
62,臺東,2021-04-12,35,3,3.0,nan,15,8,35.0,20
61,恆春,2021-04-12,40,1,1.0,nan,13,1,40.0,17
59,屏東,2021-04-12,143,7,5.0,nan,49,19,143.0,78
58,小港,2021-04-12,84,9,6.0,nan,44,41,49.0,84
57,前鎮,2021-04-12,81,6,7.0,nan,43,34,nan,81
56,前金,2021-04-12,80,6,6.0,nan,40,27,74.0,80
54,左營,2021-04-12,75,9,6.0,nan,40,31,71.0,75
53,楠梓,2021-04-12,94,9,6.0,nan,51,51,67.0,94
85,大城,2021-04-12,97,3,2.0,nan,39,7,97.0,87
52,林園,2021-04-12,84,7,6.0,nan,46,24,84.0,83
51,大寮,2021-04-12,126,11,6.0,nan,49,27,126.0,96
50,鳳山,2021-04-12,91,7,9.0,nan,45,53,nan,91
49,仁武,2021-04-12,93,7,5.0,nan,50,41,71.0,93
48,橋頭,2021-04-12,92,7,5.0,nan,54,49,67.0,92
47,美濃,2021-04-12,112,4,3.0,nan,29,7,112.0,60
46,臺南,2021-04-12,72,6,5.0,nan,47,15,64.0,72
45,安南,2021-04-12,82,4,3.0,nan,51,15,64.0,82
44,善化,2021-04-12,79,6,5.0,nan,44,14,71.0,79
43,新營,2021-04-12,77,6,5.0,nan,53,13,67.0,77
42,嘉義,2021-04-12,112,14,5.0,nan,57,19,54.0,112
41,臺西,2021-04-12,67,4,3.0,nan,39,10,nan,67
2,汐止,2021-04-12,77,6,7.0,nan,35,37,77.0,70
71,復興,2021-04-12,77,7,8.0,nan,44,35,nan,77
40,朴子,2021-04-12,77,3,3.0,nan,44,8,49.0,77
39,新港,2021-04-12,99,6,7.0,nan,57,23,67.0,99
38,崙背,2021-04-12,94,6,5.0,nan,57,10,64.0,94
37,斗六,2021-04-12,119,6,5.0,nan,57,13,100.0,119
36,南投,2021-04-12,93,4,6.0,nan,48,21,93.0,91
35,二林,2021-04-12,93,9,5.0,nan,57,15,40.0,93
34,線西,2021-04-12,73,4,5.0,nan,43,15,nan,73
33,彰化,2021-04-12,81,6,6.0,nan,41,24,67.0,81
32,西屯,2021-04-12,89,16,5.0,nan,43,29,41.0,89
31,忠明,2021-04-12,81,13,5.0,nan,41,25,42.0,81
29,沙鹿,2021-04-12,69,23,7.0,nan,42,35,47.0,69
28,豐原,2021-04-12,88,4,6.0,nan,42,17,77.0,88
27,三義,2021-04-12,67,6,5.0,nan,31,15,44.0,67
26,苗栗,2021-04-12,68,4,6.0,nan,31,20,38.0,68
25,頭份,2021-04-12,69,7,3.0,nan,33,24,nan,69
24,新竹,2021-04-12,61,3,6.0,nan,30,31,61.0,61
23,竹東,2021-04-12,67,4,5.0,nan,29,13,67.0,67
22,湖口,2021-04-12,71,6,3.0,nan,31,27,64.0,71
21,龍潭,2021-04-12,71,3,5.0,nan,34,25,71.0,70
20,平鎮,2021-04-12,71,4,6.0,nan,36,39,58.0,71
19,觀音,2021-04-12,59,9,3.0,nan,27,27,48.0,59
18,大園,2021-04-12,76,7,6.0,nan,34,30,71.0,76
17,桃園,2021-04-12,74,16,8.0,nan,40,41,61.0,74
16,大同,2021-04-12,87,11,24.0,nan,45,53,nan,87
15,松山,2021-04-12,87,6,8.0,nan,40,51,87.0,81
14,古亭,2021-04-12,80,4,7.0,nan,39,35,74.0,80
13,萬華,2021-04-12,83,13,10.0,nan,43,50,51.0,83
12,中山,2021-04-12,88,10,11.0,nan,47,54,51.0,88
11,士林,2021-04-12,80,7,6.0,nan,44,32,80.0,74
10,淡水,2021-04-12,66,3,7.0,nan,31,32,64.0,66
9,林口,2021-04-12,77,9,7.0,nan,36,45,71.0,77
8,菜寮,2021-04-12,85,10,10.0,nan,43,49,67.0,85
7,新莊,2021-04-12,67,16,10.0,nan,31,48,61.0,67
6,板橋,2021-04-12,71,6,8.0,nan,37,45,54.0,71
5,土城,2021-04-12,93,4,7.0,nan,37,29,93.0,71
4,新店,2021-04-12,104,70,7.0,nan,34,33,104.0,71
40,朴子,2021-04-13,66,3,5.0,nan,42,18,41.0,66
85,大城,2021-04-13,105,7,3.0,nan,50,14,84.0,105
84,富貴角,2021-04-13,84,9,6.0,nan,35,20,84.0,61
83,麥寮,2021-04-13,80,6,6.0,nan,40,15,nan,80
80,關山,2021-04-13,31,3,nan,nan,11,5,31.0,23
78,馬公,2021-04-13,42,1,3.0,nan,20,8,42.0,37
77,金門,2021-04-13,62,9,5.0,nan,30,12,44.0,62
75,馬祖,2021-04-13,74,6,6.0,nan,28,17,61.0,74
72,埔里,2021-04-13,122,4,6.0,nan,34,15,122.0,77
71,復興,2021-04-13,77,13,9.0,nan,42,45,nan,77
70,永和,2021-04-13,70,6,17.0,nan,33,57,nan,70
69,竹山,2021-04-13,84,9,5.0,nan,45,18,80.0,84
68,中壢,2021-04-13,69,6,12.0,nan,30,35,nan,69
67,三重,2021-04-13,64,7,16.0,nan,27,45,nan,64
66,冬山,2021-04-13,43,10,6.0,nan,26,21,38.0,43
65,宜蘭,2021-04-13,41,10,6.0,nan,20,11,41.0,39
64,陽明,2021-04-13,61,4,5.0,nan,12,4,61.0,31
63,花蓮,2021-04-13,36,4,5.0,nan,14,22,36.0,29
62,臺東,2021-04-13,31,4,3.0,nan,13,7,31.0,19
61,恆春,2021-04-13,37,3,1.0,nan,13,2,37.0,16
59,屏東,2021-04-13,122,9,5.0,nan,42,16,122.0,67
58,小港,2021-04-13,77,13,6.0,nan,38,51,77.0,67
57,前鎮,2021-04-13,83,14,7.0,nan,44,44,nan,83
56,前金,2021-04-13,69,7,6.0,nan,36,27,51.0,69
54,左營,2021-04-13,115,10,6.0,nan,41,44,115.0,73
53,楠梓,2021-04-13,93,11,6.0,nan,38,30,93.0,71
52,林園,2021-04-13,112,6,5.0,nan,39,13,112.0,66
51,大寮,2021-04-13,87,17,6.0,nan,44,27,87.0,78
50,鳳山,2021-04-13,71,11,8.0,nan,35,32,nan,71
49,仁武,2021-04-13,100,23,7.0,nan,44,34,100.0,76
48,橋頭,2021-04-13,70,16,6.0,nan,36,23,49.0,70
47,美濃,2021-04-13,84,4,3.0,nan,27,8,84.0,53
46,臺南,2021-04-13,61,7,6.0,nan,39,22,44.0,61
45,安南,2021-04-13,71,7,6.0,nan,46,23,45.0,71
44,善化,2021-04-13,63,11,5.0,nan,32,19,31.0,63
43,新營,2021-04-13,65,7,5.0,nan,44,16,47.0,65
42,嘉義,2021-04-13,73,7,5.0,nan,40,18,46.0,73
41,臺西,2021-04-13,74,7,5.0,nan,43,15,nan,74
39,新港,2021-04-13,78,19,7.0,nan,45,24,49.0,78
38,崙背,2021-04-13,78,6,5.0,nan,49,19,50.0,78
37,斗六,2021-04-13,90,7,5.0,nan,39,16,90.0,83
36,南投,2021-04-13,93,7,7.0,nan,36,15,93.0,74
35,二林,2021-04-13,95,14,6.0,nan,53,28,42.0,95
34,線西,2021-04-13,76,7,5.0,nan,43,22,nan,76
33,彰化,2021-04-13,74,11,6.0,nan,31,19,74.0,64
32,西屯,2021-04-13,78,11,6.0,nan,38,33,44.0,78
31,忠明,2021-04-13,67,7,7.0,nan,34,26,42.0,67
30,大里,2021-04-13,66,13,7.0,nan,37,27,47.0,66
29,沙鹿,2021-04-13,59,11,6.0,nan,31,27,51.0,59
28,豐原,2021-04-13,70,7,5.0,nan,32,21,67.0,70
27,三義,2021-04-13,67,4,5.0,nan,29,25,41.0,67
26,苗栗,2021-04-13,63,9,6.0,nan,29,18,34.0,63
25,頭份,2021-04-13,62,7,6.0,nan,28,18,nan,62
24,新竹,2021-04-13,58,6,7.0,nan,27,29,47.0,58
23,竹東,2021-04-13,61,6,6.0,nan,25,18,48.0,61
22,湖口,2021-04-13,57,4,6.0,nan,26,31,44.0,57
21,龍潭,2021-04-13,64,6,6.0,nan,29,24,50.0,64
20,平鎮,2021-04-13,66,6,8.0,nan,30,33,43.0,66
19,觀音,2021-04-13,67,13,6.0,nan,34,35,38.0,67
18,大園,2021-04-13,75,13,8.0,nan,33,39,41.0,75
17,桃園,2021-04-13,75,23,8.0,nan,35,39,49.0,75
16,大同,2021-04-13,61,6,18.0,nan,27,42,nan,61
15,松山,2021-04-13,62,3,7.0,nan,27,31,54.0,62
14,古亭,2021-04-13,71,4,8.0,nan,27,38,71.0,62
13,萬華,2021-04-13,67,4,8.0,nan,26,42,67.0,63
12,中山,2021-04-13,60,3,9.0,nan,23,44,50.0,60
11,士林,2021-04-13,56,6,7.0,nan,24,25,44.0,56
10,淡水,2021-04-13,71,7,7.0,nan,21,24,71.0,61
9,林口,2021-04-13,64,4,7.0,nan,31,37,64.0,63
8,菜寮,2021-04-13,87,6,8.0,nan,29,38,87.0,67
7,新莊,2021-04-13,67,7,9.0,nan,31,42,54.0,67
6,板橋,2021-04-13,66,9,8.0,nan,31,34,46.0,66
5,土城,2021-04-13,64,9,8.0,nan,30,28,38.0,64
4,新店,2021-04-13,140,13,7.0,nan,25,25,140.0,63
3,萬里,2021-04-13,90,13,6.0,nan,35,17,90.0,57
2,汐止,2021-04-13,61,11,8.0,nan,29,38,61.0,61
1,基隆,2021-04-13,61,4,6.0,nan,24,20,61.0,57
2,汐止,2021-04-14,44,4,3.0,nan,9,17,44.0,25
85,大城,2021-04-14,108,3,5.0,nan,48,6,108.0,74
84,富貴角,2021-04-14,74,1,2.0,nan,30,2,74.0,43
83,麥寮,2021-04-14,53,1,5.0,nan,37,5,nan,53
80,關山,2021-04-14,44,1,nan,nan,5,8,44.0,11
78,馬公,2021-04-14,67,3,3.0,nan,23,3,67.0,40
77,金門,2021-04-14,80,4,5.0,nan,38,8,80.0,73
75,馬祖,2021-04-14,77,4,3.0,nan,31,6,77.0,74
72,埔里,2021-04-14,104,3,5.0,nan,34,11,104.0,79
71,復興,2021-04-14,95,9,9.0,nan,54,36,nan,95
70,永和,2021-04-14,23,3,7.0,nan,9,22,nan,23
69,竹山,2021-04-14,90,6,7.0,nan,50,24,84.0,90
68,中壢,2021-04-14,40,4,8.0,nan,20,30,nan,40
67,三重,2021-04-14,42,3,14.0,nan,10,42,nan,28
66,冬山,2021-04-14,39,1,3.0,nan,5,9,39.0,11
65,宜蘭,2021-04-14,45,3,3.0,nan,5,9,45.0,11
64,陽明,2021-04-14,58,3,3.0,nan,3,2,58.0,5
63,花蓮,2021-04-14,44,4,5.0,nan,10,24,44.0,18
62,臺東,2021-04-14,40,3,5.0,nan,9,7,40.0,19
61,恆春,2021-04-14,44,3,2.0,nan,10,2,44.0,16
59,屏東,2021-04-14,83,4,5.0,nan,54,20,58.0,83
58,小港,2021-04-14,84,10,7.0,nan,51,43,64.0,84
57,前鎮,2021-04-14,97,9,8.0,nan,55,33,nan,97
56,前金,2021-04-14,100,6,7.0,nan,54,19,100.0,89
54,左營,2021-04-14,97,6,7.0,nan,54,22,97.0,84
53,楠梓,2021-04-14,84,6,6.0,nan,51,17,48.0,84
52,林園,2021-04-14,118,9,6.0,nan,55,19,118.0,95
51,大寮,2021-04-14,102,23,8.0,nan,55,30,47.0,102
50,鳳山,2021-04-14,97,9,9.0,nan,50,33,nan,97
49,仁武,2021-04-14,89,9,6.0,nan,52,21,50.0,89
48,橋頭,2021-04-14,82,6,6.0,nan,50,17,50.0,82
47,美濃,2021-04-14,84,4,5.0,nan,45,8,84.0,77
46,臺南,2021-04-14,87,6,6.0,nan,54,16,87.0,70
45,安南,2021-04-14,87,4,6.0,nan,54,13,87.0,74
44,善化,2021-04-14,84,6,6.0,nan,47,14,84.0,73
43,新營,2021-04-14,80,9,6.0,nan,55,15,80.0,71
42,嘉義,2021-04-14,85,14,7.0,nan,57,25,49.0,85
41,臺西,2021-04-14,45,4,5.0,nan,31,8,nan,45
40,朴子,2021-04-14,64,3,5.0,nan,53,8,61.0,64
39,新港,2021-04-14,74,9,6.0,nan,50,17,74.0,71
38,崙背,2021-04-14,65,9,6.0,nan,51,19,61.0,65
37,斗六,2021-04-14,87,6,7.0,nan,44,18,87.0,82
36,南投,2021-04-14,74,4,8.0,nan,40,27,74.0,74
35,二林,2021-04-14,68,14,6.0,nan,52,18,37.0,68
34,線西,2021-04-14,62,7,6.0,nan,41,17,nan,62
33,彰化,2021-04-14,62,6,6.0,nan,31,21,50.0,62
32,西屯,2021-04-14,65,3,5.0,nan,31,21,39.0,65
31,忠明,2021-04-14,60,4,6.0,nan,31,18,40.0,60
1,基隆,2021-04-14,44,4,3.0,nan,13,15,44.0,33
30,大里,2021-04-14,59,7,6.0,nan,33,22,43.0,59
29,沙鹿,2021-04-14,52,4,5.0,nan,29,12,47.0,52
28,豐原,2021-04-14,65,3,6.0,nan,29,12,45.0,65
27,三義,2021-04-14,55,4,5.0,nan,24,15,32.0,55
26,苗栗,2021-04-14,52,6,5.0,nan,25,18,28.0,52
25,頭份,2021-04-14,49,4,5.0,nan,24,16,nan,49
24,新竹,2021-04-14,47,4,3.0,nan,23,12,47.0,38
23,竹東,2021-04-14,40,1,3.0,nan,13,20,40.0,31
22,湖口,2021-04-14,49,4,3.0,nan,19,11,49.0,39
21,龍潭,2021-04-14,41,3,5.0,nan,16,21,41.0,32
20,平鎮,2021-04-14,43,4,5.0,nan,19,22,41.0,43
19,觀音,2021-04-14,45,11,3.0,nan,25,8,45.0,40
18,大園,2021-04-14,47,6,3.0,nan,19,27,47.0,46
17,桃園,2021-04-14,41,9,5.0,nan,15,23,41.0,30
16,大同,2021-04-14,39,4,16.0,nan,12,39,nan,30
15,松山,2021-04-14,43,7,5.0,nan,10,23,43.0,30
14,古亭,2021-04-14,44,3,5.0,nan,9,14,44.0,20
13,萬華,2021-04-14,44,3,6.0,nan,9,25,44.0,24
12,中山,2021-04-14,41,3,6.0,nan,6,25,41.0,24
11,士林,2021-04-14,49,3,5.0,nan,11,18,49.0,25
10,淡水,2021-04-14,50,3,3.0,nan,8,13,50.0,23
9,林口,2021-04-14,43,3,3.0,nan,17,19,43.0,35
8,菜寮,2021-04-14,42,4,6.0,nan,10,17,42.0,26
7,新莊,2021-04-14,40,3,6.0,nan,10,19,40.0,25
6,板橋,2021-04-14,37,4,6.0,nan,9,24,37.0,19
5,土城,2021-04-14,46,6,5.0,nan,9,15,46.0,19
4,新店,2021-04-14,47,4,5.0,nan,8,13,47.0,19
3,萬里,2021-04-14,77,4,3.0,nan,27,4,77.0,35
65,宜蘭,2021-04-15,45,6,3.0,nan,8,8,45.0,12
1,基隆,2021-04-15,48,7,2.0,nan,5,16,48.0,14
2,汐止,2021-04-15,39,6,3.0,nan,6,22,39.0,16
3,萬里,2021-04-15,84,4,2.0,nan,13,11,84.0,18
4,新店,2021-04-15,45,4,5.0,nan,5,17,45.0,12
5,土城,2021-04-15,46,6,5.0,nan,6,20,46.0,12
6,板橋,2021-04-15,39,6,6.0,nan,8,25,39.0,16
7,新莊,2021-04-15,47,3,6.0,nan,8,28,47.0,16
8,菜寮,2021-04-15,47,4,5.0,nan,8,17,47.0,24
9,林口,2021-04-15,47,6,3.0,nan,10,21,47.0,21
10,淡水,2021-04-15,45,3,3.0,nan,6,11,45.0,14
11,士林,2021-04-15,47,6,5.0,nan,10,20,47.0,22
12,中山,2021-04-15,44,4,8.0,nan,8,30,44.0,22
13,萬華,2021-04-15,47,4,7.0,nan,7,29,47.0,20
14,古亭,2021-04-15,45,4,5.0,nan,6,19,45.0,17
15,松山,2021-04-15,43,7,5.0,nan,8,24,43.0,22
16,大同,2021-04-15,44,6,16.0,nan,10,44,nan,26
17,桃園,2021-04-15,46,13,6.0,nan,10,23,46.0,23
18,大園,2021-04-15,47,7,3.0,nan,8,20,47.0,24
19,觀音,2021-04-15,45,11,2.0,nan,15,9,45.0,23
20,平鎮,2021-04-15,40,6,5.0,nan,14,26,40.0,28
21,龍潭,2021-04-15,42,6,5.0,nan,16,21,42.0,32
22,湖口,2021-04-15,48,3,3.0,nan,11,10,48.0,26
23,竹東,2021-04-15,44,3,3.0,nan,19,18,44.0,41
24,新竹,2021-04-15,47,3,5.0,nan,17,28,47.0,33
25,頭份,2021-04-15,50,4,5.0,nan,21,19,nan,50
26,苗栗,2021-04-15,49,6,5.0,nan,22,16,31.0,49
27,三義,2021-04-15,56,4,3.0,nan,23,13,44.0,56
28,豐原,2021-04-15,71,4,3.0,nan,31,20,71.0,63
29,沙鹿,2021-04-15,77,3,3.0,nan,22,12,77.0,36
30,大里,2021-04-15,61,9,6.0,nan,31,25,61.0,55
31,忠明,2021-04-15,53,6,5.0,nan,27,18,19.0,53
32,西屯,2021-04-15,56,3,3.0,nan,27,20,45.0,56
33,彰化,2021-04-15,80,9,5.0,nan,24,20,80.0,45
34,線西,2021-04-15,50,7,5.0,nan,31,16,nan,50
35,二林,2021-04-15,57,14,5.0,nan,36,19,42.0,57
36,南投,2021-04-15,108,6,6.0,nan,33,25,108.0,65
37,斗六,2021-04-15,112,11,5.0,nan,39,17,112.0,70
38,崙背,2021-04-15,71,9,5.0,nan,39,17,71.0,56
39,新港,2021-04-15,74,9,5.0,nan,39,16,74.0,65
40,朴子,2021-04-15,53,4,3.0,nan,41,9,51.0,53
41,臺西,2021-04-15,36,4,3.0,nan,28,10,nan,36
42,嘉義,2021-04-15,70,23,6.0,nan,43,19,49.0,70
43,新營,2021-04-15,71,10,5.0,nan,44,16,71.0,60
44,善化,2021-04-15,71,10,5.0,nan,36,15,71.0,59
45,安南,2021-04-15,77,6,3.0,nan,49,17,77.0,58
46,臺南,2021-04-15,67,9,5.0,nan,42,16,67.0,52
47,美濃,2021-04-15,87,6,6.0,nan,37,10,87.0,68
48,橋頭,2021-04-15,84,7,5.0,nan,51,17,84.0,77
49,仁武,2021-04-15,93,7,6.0,nan,52,27,93.0,84
50,鳳山,2021-04-15,82,9,9.0,nan,52,29,nan,82
51,大寮,2021-04-15,118,19,7.0,nan,60,31,118.0,103
52,林園,2021-04-15,101,11,6.0,nan,73,24,101.0,88
53,楠梓,2021-04-15,84,7,5.0,nan,53,19,84.0,80
54,左營,2021-04-15,90,7,6.0,nan,46,19,90.0,69
56,前金,2021-04-15,93,7,6.0,nan,49,22,93.0,74
57,前鎮,2021-04-15,84,7,7.0,nan,54,26,nan,84
58,小港,2021-04-15,84,16,7.0,nan,54,39,84.0,78
59,屏東,2021-04-15,108,9,6.0,nan,54,17,108.0,67
61,恆春,2021-04-15,101,4,3.0,nan,11,4,101.0,17
62,臺東,2021-04-15,46,1,5.0,nan,7,13,46.0,11
63,花蓮,2021-04-15,47,3,3.0,nan,11,8,47.0,11
64,陽明,2021-04-15,67,3,2.0,nan,4,2,67.0,9
66,冬山,2021-04-15,40,3,3.0,nan,10,11,40.0,15
67,三重,2021-04-15,44,4,14.0,nan,10,44,nan,25
68,中壢,2021-04-15,34,4,8.0,nan,16,30,nan,34
69,竹山,2021-04-15,108,7,5.0,nan,45,17,108.0,78
70,永和,2021-04-15,36,4,9.0,nan,7,36,nan,18
71,復興,2021-04-15,79,7,9.0,nan,52,25,nan,79
72,埔里,2021-04-15,112,3,3.0,nan,26,14,112.0,56
75,馬祖,2021-04-15,51,6,2.0,nan,13,5,51.0,41
77,金門,2021-04-15,74,6,5.0,nan,29,11,74.0,55
78,馬公,2021-04-15,64,3,3.0,nan,17,5,64.0,27
80,關山,2021-04-15,42,3,nan,nan,5,6,42.0,8
83,麥寮,2021-04-15,44,3,3.0,nan,25,9,nan,44
84,富貴角,2021-04-15,74,1,2.0,nan,17,2,74.0,24
85,大城,2021-04-15,112,4,2.0,nan,31,8,112.0,64
17,桃園,2021-04-16,47,17,6.0,nan,18,19,47.0,35
16,大同,2021-04-16,47,6,14.0,nan,23,42,nan,47
15,松山,2021-04-16,41,4,3.0,nan,16,23,41.0,35
14,古亭,2021-04-16,40,4,5.0,nan,14,20,40.0,32
18,大園,2021-04-16,51,6,3.0,nan,15,25,51.0,32
19,觀音,2021-04-16,45,9,2.0,nan,14,8,45.0,25
20,平鎮,2021-04-16,45,6,5.0,nan,19,22,45.0,40
21,龍潭,2021-04-16,61,6,6.0,nan,26,20,61.0,55
13,萬華,2021-04-16,40,6,5.0,nan,15,27,40.0,39
22,湖口,2021-04-16,58,3,3.0,nan,18,11,58.0,36
12,中山,2021-04-16,39,6,7.0,nan,14,28,39.0,33
23,竹東,2021-04-16,71,3,5.0,nan,20,19,71.0,52
24,新竹,2021-04-16,61,4,3.0,nan,23,16,61.0,44
25,頭份,2021-04-16,57,4,3.0,nan,28,21,nan,57
26,苗栗,2021-04-16,58,6,5.0,nan,26,18,35.0,58
27,三義,2021-04-16,56,4,3.0,nan,25,13,46.0,56
11,士林,2021-04-16,46,4,3.0,nan,15,16,46.0,31
28,豐原,2021-04-16,67,7,5.0,nan,31,18,54.0,67
10,淡水,2021-04-16,46,3,3.0,nan,10,14,46.0,23
29,沙鹿,2021-04-16,80,4,3.0,nan,26,12,80.0,53
30,大里,2021-04-16,65,14,6.0,nan,38,27,54.0,65
31,忠明,2021-04-16,60,4,5.0,nan,31,28,45.0,60
9,林口,2021-04-16,44,4,3.0,nan,19,17,44.0,32
8,菜寮,2021-04-16,44,4,5.0,nan,14,22,44.0,32
32,西屯,2021-04-16,65,4,3.0,nan,29,29,44.0,65
33,彰化,2021-04-16,77,7,6.0,nan,30,21,77.0,62
34,線西,2021-04-16,67,9,5.0,nan,38,15,nan,67
35,二林,2021-04-16,73,11,5.0,nan,43,17,44.0,73
36,南投,2021-04-16,93,7,6.0,nan,39,24,93.0,76
37,斗六,2021-04-16,98,11,6.0,nan,51,19,71.0,98
7,新莊,2021-04-16,44,6,5.0,nan,16,28,44.0,35
38,崙背,2021-04-16,74,6,5.0,nan,42,15,74.0,72
6,板橋,2021-04-16,36,7,6.0,nan,17,25,35.0,36
39,新港,2021-04-16,84,6,5.0,nan,48,14,84.0,80
40,朴子,2021-04-16,69,6,5.0,nan,44,9,64.0,69
5,土城,2021-04-16,47,6,5.0,nan,15,20,47.0,32
41,臺西,2021-04-16,47,6,2.0,nan,27,11,nan,47
42,嘉義,2021-04-16,89,13,6.0,nan,55,19,50.0,89
4,新店,2021-04-16,44,9,5.0,nan,12,17,44.0,30
43,新營,2021-04-16,87,7,6.0,nan,55,20,87.0,73
44,善化,2021-04-16,84,9,5.0,nan,43,14,84.0,75
3,萬里,2021-04-16,67,3,2.0,nan,22,13,67.0,21
45,安南,2021-04-16,80,7,5.0,nan,46,15,80.0,71
2,汐止,2021-04-16,44,6,3.0,nan,16,27,44.0,24
1,基隆,2021-04-16,43,3,3.0,nan,10,25,43.0,22
46,臺南,2021-04-16,84,6,6.0,nan,50,18,84.0,68
47,美濃,2021-04-16,143,7,5.0,nan,36,9,143.0,63
48,橋頭,2021-04-16,90,11,6.0,nan,48,19,90.0,86
49,仁武,2021-04-16,93,14,6.0,nan,49,26,93.0,89
50,鳳山,2021-04-16,84,17,10.0,nan,44,38,nan,84
51,大寮,2021-04-16,84,17,7.0,nan,46,27,67.0,84
52,林園,2021-04-16,126,9,5.0,nan,46,25,126.0,80
53,楠梓,2021-04-16,91,11,7.0,nan,51,21,87.0,91
54,左營,2021-04-16,104,9,6.0,nan,46,19,104.0,75
56,前金,2021-04-16,87,9,6.0,nan,44,19,87.0,75
57,前鎮,2021-04-16,86,10,8.0,nan,48,31,nan,86
58,小港,2021-04-16,71,14,6.0,nan,42,45,58.0,71
59,屏東,2021-04-16,122,13,7.0,nan,50,23,122.0,64
61,恆春,2021-04-16,46,3,2.0,nan,6,1,46.0,10
62,臺東,2021-04-16,46,4,5.0,nan,13,6,46.0,19
63,花蓮,2021-04-16,47,3,5.0,nan,19,16,47.0,25
64,陽明,2021-04-16,41,6,3.0,nan,9,6,41.0,22
65,宜蘭,2021-04-16,44,13,3.0,nan,16,7,44.0,20
66,冬山,2021-04-16,38,7,6.0,nan,17,12,38.0,23
67,三重,2021-04-16,39,6,14.0,nan,17,38,nan,39
68,中壢,2021-04-16,43,4,8.0,nan,21,31,nan,43
69,竹山,2021-04-16,100,9,5.0,nan,54,19,87.0,100
70,永和,2021-04-16,33,6,8.0,nan,17,25,nan,33
71,復興,2021-04-16,77,11,8.0,nan,45,30,nan,77
72,埔里,2021-04-16,129,3,5.0,nan,31,15,129.0,60
75,馬祖,2021-04-16,101,7,5.0,nan,33,12,101.0,96
77,金門,2021-04-16,84,17,6.0,nan,33,32,84.0,81
78,馬公,2021-04-16,80,3,3.0,nan,19,4,80.0,31
80,關山,2021-04-16,31,3,nan,nan,6,7,31.0,15
83,麥寮,2021-04-16,57,6,3.0,nan,26,12,nan,57
84,富貴角,2021-04-16,71,1,2.0,nan,19,3,71.0,26
85,大城,2021-04-16,115,6,3.0,nan,31,10,115.0,69
31,忠明,2021-04-17,62,4,5.0,nan,32,24,50.0,62
85,大城,2021-04-17,159,4,2.0,nan,52,9,159.0,78
84,富貴角,2021-04-17,161,1,3.0,nan,39,6,161.0,68
83,麥寮,2021-04-17,62,6,3.0,nan,52,11,nan,62
80,關山,2021-04-17,54,1,nan,nan,13,5,54.0,23
78,馬公,2021-04-17,143,3,3.0,nan,35,4,143.0,53
77,金門,2021-04-17,146,10,6.0,nan,40,21,146.0,76
75,馬祖,2021-04-17,159,9,5.0,nan,50,14,159.0,107
72,埔里,2021-04-17,87,4,5.0,nan,28,18,87.0,58
71,復興,2021-04-17,84,7,8.0,nan,57,24,nan,84
70,永和,2021-04-17,58,1,6.0,nan,32,18,nan,58
69,竹山,2021-04-17,97,7,6.0,nan,52,21,97.0,90
68,中壢,2021-04-17,64,4,11.0,nan,36,33,nan,64
67,三重,2021-04-17,67,4,14.0,nan,35,47,nan,67
66,冬山,2021-04-17,47,3,3.0,nan,28,9,47.0,46
65,宜蘭,2021-04-17,74,9,3.0,nan,25,7,74.0,42
64,陽明,2021-04-17,143,3,5.0,nan,28,3,143.0,57
63,花蓮,2021-04-17,64,3,5.0,nan,25,8,64.0,37
62,臺東,2021-04-17,50,3,5.0,nan,17,7,50.0,25
61,恆春,2021-04-17,87,3,2.0,nan,12,2,87.0,16
59,屏東,2021-04-17,115,4,6.0,nan,47,21,115.0,61
58,小港,2021-04-17,80,11,6.0,nan,53,56,80.0,80
57,前鎮,2021-04-17,94,7,7.0,nan,59,23,nan,94
56,前金,2021-04-17,126,9,6.0,nan,60,21,126.0,89
54,左營,2021-04-17,122,9,6.0,nan,60,16,122.0,84
53,楠梓,2021-04-17,90,7,6.0,nan,59,18,90.0,87
52,林園,2021-04-17,146,9,6.0,nan,55,23,146.0,84
51,大寮,2021-04-17,126,14,6.0,nan,46,23,126.0,84
50,鳳山,2021-04-17,83,9,8.0,nan,53,29,nan,83
49,仁武,2021-04-17,101,10,6.0,nan,57,23,101.0,90
48,橋頭,2021-04-17,100,7,6.0,nan,61,15,100.0,92
47,美濃,2021-04-17,104,4,3.0,nan,36,10,104.0,60
46,臺南,2021-04-17,97,7,6.0,nan,67,21,97.0,83
45,安南,2021-04-17,101,7,5.0,nan,62,14,101.0,89
44,善化,2021-04-17,93,9,6.0,nan,56,16,93.0,84
43,新營,2021-04-17,97,7,6.0,nan,64,18,97.0,83
42,嘉義,2021-04-17,94,7,6.0,nan,62,18,64.0,94
41,臺西,2021-04-17,56,4,3.0,nan,40,11,nan,56
40,朴子,2021-04-17,87,7,5.0,nan,61,12,87.0,78
39,新港,2021-04-17,100,7,6.0,nan,59,14,100.0,82
38,崙背,2021-04-17,93,9,6.0,nan,56,15,93.0,77
37,斗六,2021-04-17,118,6,5.0,nan,58,17,118.0,103
36,南投,2021-04-17,80,7,6.0,nan,39,20,80.0,73
35,二林,2021-04-17,71,14,6.0,nan,59,20,47.0,71
34,線西,2021-04-17,68,10,7.0,nan,54,20,nan,68
33,彰化,2021-04-17,93,10,6.0,nan,41,23,93.0,75
32,西屯,2021-04-17,66,4,3.0,nan,34,21,49.0,66
30,大里,2021-04-17,60,10,6.0,nan,37,25,49.0,60
29,沙鹿,2021-04-17,100,4,3.0,nan,34,13,100.0,55
28,豐原,2021-04-17,61,4,3.0,nan,27,21,61.0,58
27,三義,2021-04-17,51,3,3.0,nan,25,18,48.0,51
26,苗栗,2021-04-17,55,6,5.0,nan,33,18,44.0,55
25,頭份,2021-04-17,55,6,3.0,nan,40,16,nan,55
24,新竹,2021-04-17,104,6,3.0,nan,37,14,104.0,53
23,竹東,2021-04-17,90,3,3.0,nan,31,12,90.0,54
22,湖口,2021-04-17,122,4,5.0,nan,35,10,122.0,65
21,龍潭,2021-04-17,104,7,3.0,nan,34,14,104.0,58
20,平鎮,2021-04-17,115,6,6.0,nan,36,22,115.0,62
19,觀音,2021-04-17,101,9,5.0,nan,34,10,101.0,58
18,大園,2021-04-17,132,4,5.0,nan,33,17,132.0,65
17,桃園,2021-04-17,108,17,6.0,nan,33,16,108.0,58
16,大同,2021-04-17,67,4,11.0,nan,40,44,nan,67
15,松山,2021-04-17,100,7,6.0,nan,31,16,100.0,62
14,古亭,2021-04-17,118,3,5.0,nan,29,16,118.0,59
13,萬華,2021-04-17,101,4,6.0,nan,31,21,101.0,63
12,中山,2021-04-17,93,3,7.0,nan,31,21,93.0,63
11,士林,2021-04-17,143,3,5.0,nan,35,25,143.0,64
10,淡水,2021-04-17,132,3,5.0,nan,31,8,132.0,59
9,林口,2021-04-17,129,4,5.0,nan,37,22,129.0,63
8,菜寮,2021-04-17,118,3,6.0,nan,32,24,118.0,63
7,新莊,2021-04-17,118,3,5.0,nan,34,22,118.0,59
6,板橋,2021-04-17,71,6,6.0,nan,32,25,71.0,57
5,土城,2021-04-17,112,3,5.0,nan,30,18,112.0,55
4,新店,2021-04-17,122,4,5.0,nan,30,11,122.0,56
3,萬里,2021-04-17,154,3,5.0,nan,51,12,154.0,61
2,汐止,2021-04-17,100,6,5.0,nan,32,22,100.0,59
1,基隆,2021-04-17,100,4,5.0,nan,30,23,100.0,59
2,汐止,2021-04-18,100,4,5.0,nan,94.0,11,100.0,92.0
3,萬里,2021-04-18,132,4,5.0,nan,105.0,5,132.0,94.0
1,基隆,2021-04-18,97,3,5.0,nan,90.0,13,97.0,89.0
85,大城,2021-04-18,143,14,5.0,nan,88.0,22,143.0,115.0
84,富貴角,2021-04-18,129,1,3.0,nan,99.0,4,129.0,104.0
83,麥寮,2021-04-18,95,16,6.0,nan,79.0,22,nan,95.0
80,關山,2021-04-18,84,3,nan,nan,57.0,4,84.0,66.0
78,馬公,2021-04-18,132,3,5.0,nan,94.0,5,132.0,117.0
77,金門,2021-04-18,133,4,6.0,nan,115.0,7,132.0,133.0
75,馬祖,2021-04-18,100,4,2.0,nan,83.0,6,100.0,83.0
72,埔里,2021-04-18,122,4,5.0,nan,45.0,13,122.0,84.0
71,復興,2021-04-18,87,6,5.0,nan,71.0,16,nan,87.0
70,永和,2021-04-18,94,3,5.0,nan,94.0,8,nan,91.0
69,竹山,2021-04-18,87,7,6.0,nan,nan,16,87.0,nan
68,中壢,2021-04-18,103,4,8.0,nan,96.0,24,nan,103.0
67,三重,2021-04-18,96,6,10.0,nan,92.0,37,nan,96.0
66,冬山,2021-04-18,88,3,5.0,nan,62.0,10,32.0,88.0
65,宜蘭,2021-04-18,78,11,3.0,nan,66.0,8,49.0,78.0
64,陽明,2021-04-18,122,3,5.0,nan,71.0,5,122.0,79.0
63,花蓮,2021-04-18,90,3,3.0,nan,74.0,8,90.0,79.0
62,臺東,2021-04-18,104,1,3.0,nan,70.0,6,104.0,81.0
61,恆春,2021-04-18,126,3,3.0,nan,72.0,2,126.0,84.0
59,屏東,2021-04-18,136,9,5.0,nan,62.0,10,136.0,69.0
58,小港,2021-04-18,126,6,3.0,nan,68.0,24,126.0,84.0
57,前鎮,2021-04-18,89,6,5.0,nan,72.0,16,nan,89.0
56,前金,2021-04-18,143,4,5.0,nan,68.0,9,143.0,87.0
54,左營,2021-04-18,143,6,3.0,nan,68.0,11,143.0,81.0
53,楠梓,2021-04-18,126,6,3.0,nan,65.0,12,126.0,80.0
52,林園,2021-04-18,154,3,3.0,nan,55.0,8,154.0,70.0
51,大寮,2021-04-18,126,11,6.0,nan,59.0,14,126.0,78.0
50,鳳山,2021-04-18,81,7,6.0,nan,63.0,19,nan,81.0
49,仁武,2021-04-18,146,6,3.0,nan,64.0,15,146.0,82.0
48,橋頭,2021-04-18,143,3,3.0,nan,63.0,8,143.0,77.0
47,美濃,2021-04-18,115,4,3.0,nan,46.0,7,115.0,68.0
46,臺南,2021-04-18,150,6,5.0,nan,76.0,18,150.0,88.0
45,安南,2021-04-18,140,6,5.0,nan,70.0,11,140.0,90.0
44,善化,2021-04-18,122,7,6.0,nan,63.0,20,122.0,89.0
43,新營,2021-04-18,115,9,5.0,nan,68.0,15,115.0,83.0
42,嘉義,2021-04-18,96,9,6.0,nan,73.0,23,80.0,96.0
41,臺西,2021-04-18,89,11,6.0,nan,78.0,18,nan,89.0
40,朴子,2021-04-18,90,7,5.0,nan,73.0,12,90.0,90.0
39,新港,2021-04-18,118,9,5.0,nan,73.0,15,118.0,94.0
38,崙背,2021-04-18,100,9,5.0,nan,73.0,15,100.0,93.0
37,斗六,2021-04-18,118,13,5.0,nan,68.0,17,118.0,100.0
36,南投,2021-04-18,126,4,6.0,nan,55.0,20,126.0,89.0
35,二林,2021-04-18,85,11,5.0,nan,76.0,18,48.0,85.0
34,線西,2021-04-18,98,17,7.0,nan,92.0,16,nan,98.0
33,彰化,2021-04-18,90,9,6.0,nan,62.0,23,90.0,87.0
32,西屯,2021-04-18,79,4,3.0,nan,60.0,17,49.0,79.0
31,忠明,2021-04-18,77,6,5.0,nan,57.0,22,58.0,77.0
30,大里,2021-04-18,74,9,7.0,nan,57.0,25,67.0,74.0
29,沙鹿,2021-04-18,87,4,5.0,nan,72.0,8,87.0,84.0
28,豐原,2021-04-18,87,4,3.0,nan,51.0,16,87.0,74.0
27,三義,2021-04-18,77,4,3.0,nan,62.0,8,47.0,77.0
26,苗栗,2021-04-18,88,4,5.0,nan,74.0,13,41.0,88.0
25,頭份,2021-04-18,91,3,3.0,nan,82.0,8,nan,91.0
24,新竹,2021-04-18,115,4,5.0,nan,88.0,8,115.0,89.0
23,竹東,2021-04-18,104,4,3.0,nan,73.0,7,104.0,81.0
22,湖口,2021-04-18,115,4,5.0,nan,91.0,7,115.0,97.0
21,龍潭,2021-04-18,112,3,3.0,nan,87.0,8,112.0,91.0
20,平鎮,2021-04-18,115,4,5.0,nan,94.0,7,115.0,97.0
19,觀音,2021-04-18,103,9,5.0,nan,103.0,13,77.0,102.0
18,大園,2021-04-18,118,4,5.0,nan,100.0,8,118.0,99.0
17,桃園,2021-04-18,108,9,5.0,nan,94.0,8,108.0,94.0
16,大同,2021-04-18,95,3,6.0,nan,95.0,26,nan,92.0
15,松山,2021-04-18,100,4,5.0,nan,94.0,9,100.0,97.0
14,古亭,2021-04-18,108,3,5.0,nan,90.0,8,108.0,93.0
13,萬華,2021-04-18,112,4,5.0,nan,92.0,17,112.0,91.0
12,中山,2021-04-18,97,3,6.0,nan,96.0,19,97.0,95.0
11,士林,2021-04-18,129,4,5.0,nan,97.0,7,129.0,89.0
10,淡水,2021-04-18,118,4,3.0,nan,91.0,8,118.0,89.0
9,林口,2021-04-18,122,4,5.0,nan,101.0,8,122.0,94.0
8,菜寮,2021-04-18,115,3,5.0,nan,92.0,14,115.0,89.0
7,新莊,2021-04-18,104,4,5.0,nan,104.0,9,104.0,91.0
6,板橋,2021-04-18,92,4,5.0,nan,92.0,13,84.0,88.0
5,土城,2021-04-18,112,3,5.0,nan,90.0,10,112.0,88.0
4,新店,2021-04-18,118,3,5.0,nan,89.0,8,118.0,91.0
50,鳳山,2021-04-19,74,4,7.0,nan,52.0,25,nan,74.0
1,基隆,2021-04-19,50,4,2.0,nan,37.0,14,50.0,40.0
3,萬里,2021-04-19,100,4,2.0,nan,52.0,5,100.0,51.0
4,新店,2021-04-19,80,3,3.0,nan,31.0,13,80.0,41.0
5,土城,2021-04-19,74,3,3.0,nan,31.0,15,74.0,34.0
6,板橋,2021-04-19,50,3,5.0,nan,33.0,20,50.0,41.0
7,新莊,2021-04-19,67,4,5.0,nan,32.0,16,67.0,40.0
8,菜寮,2021-04-19,74,1,5.0,nan,34.0,17,74.0,44.0
9,林口,2021-04-19,80,4,3.0,nan,39.0,17,80.0,45.0
10,淡水,2021-04-19,71,3,2.0,nan,31.0,7,71.0,39.0
11,士林,2021-04-19,87,6,2.0,nan,35.0,9,87.0,43.0
12,中山,2021-04-19,54,4,7.0,nan,35.0,33,54.0,46.0
13,萬華,2021-04-19,67,3,5.0,nan,34.0,22,67.0,44.0
14,古亭,2021-04-19,67,3,3.0,nan,31.0,13,67.0,44.0
15,松山,2021-04-19,58,4,5.0,nan,38.0,23,58.0,52.0
16,大同,2021-04-19,54,4,9.0,nan,42.0,42,nan,54.0
17,桃園,2021-04-19,71,9,3.0,nan,32.0,12,71.0,38.0
18,大園,2021-04-19,77,4,3.0,nan,38.0,13,77.0,51.0
19,觀音,2021-04-19,48,9,2.0,nan,40.0,13,48.0,48.0
20,平鎮,2021-04-19,74,3,3.0,nan,31.0,9,74.0,44.0
21,龍潭,2021-04-19,67,1,3.0,nan,31.0,14,67.0,40.0
22,湖口,2021-04-19,71,3,3.0,nan,31.0,10,71.0,42.0
23,竹東,2021-04-19,58,4,2.0,nan,27.0,12,58.0,40.0
24,新竹,2021-04-19,64,3,3.0,nan,31.0,16,64.0,34.0
25,頭份,2021-04-19,49,3,3.0,nan,34.0,22,nan,49.0
26,苗栗,2021-04-19,56,6,5.0,nan,37.0,24,38.0,56.0
27,三義,2021-04-19,61,4,3.0,nan,43.0,15,49.0,61.0
28,豐原,2021-04-19,100,6,3.0,nan,54.0,25,100.0,74.0
29,沙鹿,2021-04-19,80,4,3.0,nan,48.0,16,80.0,55.0
30,大里,2021-04-19,104,10,6.0,nan,59.0,33,104.0,70.0
31,忠明,2021-04-19,71,4,5.0,nan,54.0,27,71.0,68.0
32,西屯,2021-04-19,71,3,3.0,nan,54.0,25,58.0,71.0
33,彰化,2021-04-19,101,6,5.0,nan,52.0,23,101.0,72.0
34,線西,2021-04-19,61,11,5.0,nan,57.0,25,nan,61.0
35,二林,2021-04-19,63,16,6.0,nan,56.0,19,45.0,63.0
36,南投,2021-04-19,150,9,6.0,nan,60.0,21,150.0,84.0
37,斗六,2021-04-19,118,13,6.0,nan,64.0,22,118.0,83.0
38,崙背,2021-04-19,100,13,6.0,nan,58.0,21,100.0,73.0
39,新港,2021-04-19,118,7,5.0,nan,63.0,13,118.0,75.0
40,朴子,2021-04-19,93,9,6.0,nan,67.0,13,93.0,75.0
41,臺西,2021-04-19,61,4,2.0,nan,54.0,14,nan,61.0
42,嘉義,2021-04-19,93,9,6.0,nan,66.0,20,93.0,86.0
43,新營,2021-04-19,129,7,5.0,nan,69.0,15,129.0,76.0
44,善化,2021-04-19,118,10,6.0,nan,61.0,21,118.0,78.0
45,安南,2021-04-19,104,7,6.0,nan,72.0,29,104.0,88.0
46,臺南,2021-04-19,108,7,6.0,nan,72.0,25,108.0,80.0
47,美濃,2021-04-19,104,4,3.0,nan,54.0,8,104.0,77.0
48,橋頭,2021-04-19,126,4,3.0,nan,57.0,17,126.0,74.0
49,仁武,2021-04-19,126,4,3.0,nan,57.0,20,126.0,75.0
2,汐止,2021-04-19,61,3,3.0,nan,35.0,25,61.0,nan
51,大寮,2021-04-19,77,14,6.0,nan,54.0,28,67.0,77.0
52,林園,2021-04-19,129,4,3.0,nan,50.0,8,129.0,68.0
53,楠梓,2021-04-19,108,6,3.0,nan,62.0,18,108.0,78.0
54,左營,2021-04-19,143,6,5.0,nan,62.0,15,143.0,74.0
56,前金,2021-04-19,140,3,5.0,nan,59.0,19,140.0,76.0
57,前鎮,2021-04-19,80,7,6.0,nan,61.0,21,nan,80.0
58,小港,2021-04-19,104,6,5.0,nan,56.0,41,104.0,72.0
59,屏東,2021-04-19,93,4,5.0,nan,54.0,17,93.0,63.0
61,恆春,2021-04-19,100,3,2.0,nan,31.0,2,100.0,44.0
62,臺東,2021-04-19,71,3,3.0,nan,37.0,6,71.0,50.0
63,花蓮,2021-04-19,61,4,3.0,nan,38.0,13,61.0,45.0
64,陽明,2021-04-19,84,3,2.0,nan,23.0,3,84.0,32.0
65,宜蘭,2021-04-19,61,6,3.0,nan,36.0,9,61.0,43.0
66,冬山,2021-04-19,49,3,3.0,nan,36.0,16,44.0,49.0
67,三重,2021-04-19,48,4,12.0,nan,38.0,38,nan,48.0
68,中壢,2021-04-19,46,4,12.0,nan,35.0,35,nan,46.0
69,竹山,2021-04-19,100,11,5.0,nan,nan,27,100.0,nan
70,永和,2021-04-19,45,4,5.0,nan,33.0,12,nan,45.0
71,復興,2021-04-19,73,6,6.0,nan,59.0,18,nan,73.0
72,埔里,2021-04-19,140,3,5.0,nan,62.0,13,140.0,90.0
75,馬祖,2021-04-19,108,4,2.0,nan,35.0,5,108.0,48.0
77,金門,2021-04-19,104,4,3.0,nan,57.0,7,104.0,65.0
78,馬公,2021-04-19,97,3,2.0,nan,44.0,3,97.0,60.0
80,關山,2021-04-19,54,3,nan,nan,31.0,7,54.0,38.0
83,麥寮,2021-04-19,63,3,3.0,nan,52.0,16,nan,63.0
84,富貴角,2021-04-19,90,3,2.0,nan,45.0,4,90.0,55.0
85,大城,2021-04-19,146,3,2.0,nan,54.0,11,146.0,77.0
1,基隆,2021-04-20,50,3,2.0,nan,37,9,50.0,46
85,大城,2021-04-20,132,4,2.0,nan,54,8,132.0,84
3,萬里,2021-04-20,67,10,2.0,nan,37,9,67.0,51
4,新店,2021-04-20,67,3,3.0,nan,35,8,67.0,48
5,土城,2021-04-20,58,3,3.0,nan,35,12,58.0,45
6,板橋,2021-04-20,45,3,3.0,nan,38,17,44.0,45
7,新莊,2021-04-20,51,4,3.0,nan,38,13,51.0,50
8,菜寮,2021-04-20,54,1,3.0,nan,40,9,54.0,48
9,林口,2021-04-20,58,3,3.0,nan,41,13,58.0,52
10,淡水,2021-04-20,64,3,2.0,nan,34,6,64.0,43
11,士林,2021-04-20,71,3,2.0,nan,40,8,71.0,48
12,中山,2021-04-20,54,3,6.0,nan,38,27,45.0,54
13,萬華,2021-04-20,52,3,5.0,nan,37,20,47.0,52
14,古亭,2021-04-20,61,3,2.0,nan,35,15,61.0,47
15,松山,2021-04-20,59,4,3.0,nan,40,19,45.0,59
16,大同,2021-04-20,50,3,9.0,nan,40,35,nan,50
17,桃園,2021-04-20,54,10,3.0,nan,36,13,54.0,47
18,大園,2021-04-20,55,9,3.0,nan,42,14,54.0,55
19,觀音,2021-04-20,58,10,2.0,nan,39,8,58.0,50
20,平鎮,2021-04-20,64,3,3.0,nan,34,9,64.0,52
21,龍潭,2021-04-20,71,1,3.0,nan,36,14,71.0,51
22,湖口,2021-04-20,112,4,3.0,nan,34,12,112.0,52
23,竹東,2021-04-20,146,3,3.0,nan,31,11,146.0,52
24,新竹,2021-04-20,132,3,3.0,nan,35,14,132.0,47
25,頭份,2021-04-20,61,3,3.0,nan,40,25,nan,61
26,苗栗,2021-04-20,69,9,5.0,nan,44,25,51.0,69
27,三義,2021-04-20,90,6,5.0,nan,55,20,90.0,87
28,豐原,2021-04-20,161,6,5.0,nan,66,15,161.0,106
29,沙鹿,2021-04-20,122,13,6.0,nan,59,28,122.0,76
30,大里,2021-04-20,118,14,7.0,nan,66,27,118.0,92
31,忠明,2021-04-20,93,13,6.0,nan,61,28,93.0,91
32,西屯,2021-04-20,94,13,5.0,nan,63,43,80.0,94
33,彰化,2021-04-20,122,21,7.0,nan,58,30,122.0,87
34,線西,2021-04-20,69,10,5.0,nan,58,17,nan,69
35,二林,2021-04-20,65,10,3.0,nan,58,20,51.0,65
36,南投,2021-04-20,143,14,7.0,nan,64,31,143.0,94
37,斗六,2021-04-20,118,9,5.0,nan,59,20,118.0,85
38,崙背,2021-04-20,104,7,3.0,nan,55,11,104.0,69
39,新港,2021-04-20,118,4,3.0,nan,57,11,118.0,66
40,朴子,2021-04-20,84,3,3.0,nan,57,9,84.0,64
41,臺西,2021-04-20,62,9,3.0,nan,53,14,nan,62
42,嘉義,2021-04-20,71,4,5.0,nan,58,19,71.0,70
43,新營,2021-04-20,97,4,3.0,nan,54,15,97.0,61
44,善化,2021-04-20,87,4,3.0,nan,45,12,87.0,61
45,安南,2021-04-20,90,4,3.0,nan,57,11,90.0,65
46,臺南,2021-04-20,87,4,3.0,nan,57,12,87.0,65
47,美濃,2021-04-20,100,6,5.0,nan,53,12,100.0,76
48,橋頭,2021-04-20,90,10,5.0,nan,54,17,90.0,75
49,仁武,2021-04-20,97,9,5.0,nan,57,29,97.0,82
50,鳳山,2021-04-20,78,4,8.0,nan,54,24,nan,78
51,大寮,2021-04-20,122,24,5.0,nan,58,27,122.0,96
52,林園,2021-04-20,118,6,3.0,nan,54,12,118.0,77
53,楠梓,2021-04-20,90,9,5.0,nan,59,18,90.0,81
54,左營,2021-04-20,112,6,5.0,nan,54,14,112.0,72
56,前金,2021-04-20,104,4,5.0,nan,54,16,104.0,76
57,前鎮,2021-04-20,82,7,5.0,nan,59,25,nan,82
58,小港,2021-04-20,82,9,5.0,nan,55,25,80.0,82
59,屏東,2021-04-20,104,3,5.0,nan,57,19,104.0,71
61,恆春,2021-04-20,77,3,2.0,nan,31,2,77.0,44
62,臺東,2021-04-20,58,1,3.0,nan,36,5,58.0,50
63,花蓮,2021-04-20,58,3,3.0,nan,35,15,58.0,42
64,陽明,2021-04-20,67,4,2.0,nan,29,2,67.0,43
2,汐止,2021-04-20,58,7,3.0,nan,39,25,58.0,47
65,宜蘭,2021-04-20,61,6,3.0,nan,39,8,61.0,50
66,冬山,2021-04-20,52,4,3.0,nan,40,10,44.0,52
67,三重,2021-04-20,53,6,11.0,nan,39,38,nan,53
68,中壢,2021-04-20,57,4,14.0,nan,39,29,nan,57
69,竹山,2021-04-20,94,11,5.0,nan,59,15,90.0,94
70,永和,2021-04-20,49,3,5.0,nan,38,15,nan,49
71,復興,2021-04-20,72,6,7.0,nan,54,23,nan,72
72,埔里,2021-04-20,159,4,5.0,nan,57,18,159.0,94
75,馬祖,2021-04-20,87,10,3.0,nan,32,9,87.0,54
77,金門,2021-04-20,87,13,2.0,nan,47,14,87.0,60
78,馬公,2021-04-20,90,3,2.0,nan,46,4,90.0,61
80,關山,2021-04-20,49,3,nan,nan,27,5,49.0,36
83,麥寮,2021-04-20,66,4,3.0,nan,51,12,nan,66
84,富貴角,2021-04-20,80,1,2.0,nan,39,3,80.0,54
10,淡水,2021-04-21,51,4,2.0,nan,22,7,51.0,32
1,基隆,2021-04-21,44,3,2.0,nan,23,8,44.0,26
2,汐止,2021-04-21,46,3,2.0,nan,25,15,46.0,35
3,萬里,2021-04-21,54,6,2.0,nan,23,7,54.0,35
4,新店,2021-04-21,50,3,3.0,nan,23,10,50.0,29
5,土城,2021-04-21,46,3,3.0,nan,23,15,46.0,31
6,板橋,2021-04-21,38,4,5.0,nan,26,23,38.0,30
7,新莊,2021-04-21,46,3,3.0,nan,27,14,46.0,33
8,菜寮,2021-04-21,48,3,3.0,nan,26,10,48.0,34
9,林口,2021-04-21,48,4,2.0,nan,25,11,48.0,32
11,士林,2021-04-21,54,3,2.0,nan,24,6,54.0,32
12,中山,2021-04-21,41,3,6.0,nan,25,23,41.0,36
13,萬華,2021-04-21,44,4,5.0,nan,23,20,44.0,33
14,古亭,2021-04-21,47,3,3.0,nan,24,17,47.0,32
15,松山,2021-04-21,42,4,3.0,nan,25,17,42.0,39
16,大同,2021-04-21,47,3,8.0,nan,37,29,nan,47
17,桃園,2021-04-21,45,6,5.0,nan,26,15,45.0,35
18,大園,2021-04-21,49,7,3.0,nan,28,21,49.0,44
19,觀音,2021-04-21,46,10,2.0,nan,35,9,46.0,43
20,平鎮,2021-04-21,50,6,5.0,nan,27,9,50.0,34
21,龍潭,2021-04-21,67,1,3.0,nan,27,11,67.0,39
22,湖口,2021-04-21,101,6,2.0,nan,27,14,101.0,46
23,竹東,2021-04-21,156,3,3.0,nan,28,11,156.0,49
24,新竹,2021-04-21,115,4,3.0,nan,29,14,115.0,36
25,頭份,2021-04-21,64,6,5.0,nan,40,17,nan,64
26,苗栗,2021-04-21,70,10,5.0,nan,42,19,45.0,70
27,三義,2021-04-21,87,4,3.0,nan,48,18,87.0,83
28,豐原,2021-04-21,154,4,7.0,nan,54,21,154.0,95
29,沙鹿,2021-04-21,80,16,6.0,nan,57,30,80.0,70
30,大里,2021-04-21,126,16,7.0,nan,61,25,126.0,85
31,忠明,2021-04-21,87,7,7.0,nan,55,26,87.0,86
32,西屯,2021-04-21,95,13,6.0,nan,58,39,77.0,95
33,彰化,2021-04-21,108,27,6.0,nan,57,25,108.0,84
34,線西,2021-04-21,63,9,6.0,nan,53,17,nan,63
35,二林,2021-04-21,67,23,3.0,nan,57,19,48.0,67
36,南投,2021-04-21,179,17,6.0,nan,59,21,179.0,100
37,斗六,2021-04-21,156,11,5.0,nan,64,17,156.0,101
38,崙背,2021-04-21,80,10,3.0,nan,56,11,80.0,75
39,新港,2021-04-21,118,7,3.0,nan,63,9,118.0,76
40,朴子,2021-04-21,93,6,3.0,nan,63,10,93.0,72
41,臺西,2021-04-21,63,10,2.0,nan,51,18,nan,63
42,嘉義,2021-04-21,90,6,5.0,nan,62,19,90.0,87
43,新營,2021-04-21,132,4,3.0,nan,66,20,132.0,73
44,善化,2021-04-21,115,4,3.0,nan,54,17,115.0,76
45,安南,2021-04-21,100,3,3.0,nan,63,15,100.0,79
46,臺南,2021-04-21,87,6,3.0,nan,62,15,87.0,75
47,美濃,2021-04-21,122,7,3.0,nan,51,9,122.0,77
48,橋頭,2021-04-21,90,10,3.0,nan,54,16,90.0,70
49,仁武,2021-04-21,97,6,5.0,nan,55,20,97.0,77
50,鳳山,2021-04-21,71,6,9.0,nan,52,27,nan,71
51,大寮,2021-04-21,80,10,5.0,nan,52,21,80.0,77
52,林園,2021-04-21,115,4,3.0,nan,54,16,115.0,72
53,楠梓,2021-04-21,93,6,3.0,nan,57,15,93.0,74
54,左營,2021-04-21,97,4,3.0,nan,51,13,97.0,65
56,前金,2021-04-21,100,6,3.0,nan,53,17,100.0,73
57,前鎮,2021-04-21,78,4,5.0,nan,53,19,nan,78
58,小港,2021-04-21,74,6,5.0,nan,51,35,74.0,73
59,屏東,2021-04-21,140,7,5.0,nan,62,19,140.0,74
61,恆春,2021-04-21,51,1,2.0,nan,27,2,51.0,37
62,臺東,2021-04-21,46,1,3.0,nan,40,5,46.0,45
63,花蓮,2021-04-21,46,3,2.0,nan,25,12,46.0,34
64,陽明,2021-04-21,51,3,2.0,nan,18,4,51.0,25
65,宜蘭,2021-04-21,46,4,3.0,nan,23,7,46.0,30
66,冬山,2021-04-21,35,7,6.0,nan,28,24,35.0,34
67,三重,2021-04-21,38,4,12.0,nan,26,35,nan,38
68,中壢,2021-04-21,45,3,14.0,nan,30,33,nan,45
69,竹山,2021-04-21,150,10,5.0,nan,61,17,150.0,102
70,永和,2021-04-21,32,3,5.0,nan,25,18,nan,32
71,復興,2021-04-21,68,6,6.0,nan,50,16,nan,68
72,埔里,2021-04-21,197,3,5.0,114.0,54,15,197.0,100
75,馬祖,2021-04-21,61,6,2.0,nan,38,8,61.0,56
77,金門,2021-04-21,74,7,2.0,nan,51,8,74.0,60
78,馬公,2021-04-21,84,4,2.0,nan,45,5,84.0,65
80,關山,2021-04-21,42,4,nan,nan,23,5,42.0,35
83,麥寮,2021-04-21,68,4,3.0,nan,47,6,nan,68
84,富貴角,2021-04-21,64,1,1.0,nan,27,3,64.0,39
85,大城,2021-04-21,93,3,2.0,nan,52,8,93.0,81
1,基隆,2021-04-22,28,3,3.0,nan,10,17,28.0,17
85,大城,2021-04-22,101,4,3.0,nan,52,8,101.0,93
84,富貴角,2021-04-22,45,1,1.0,nan,20,3,45.0,28
83,麥寮,2021-04-22,76,3,3.0,nan,44,8,nan,76
80,關山,2021-04-22,24,3,nan,nan,9,8,24.0,18
78,馬公,2021-04-22,77,3,2.0,nan,31,7,77.0,50
77,金門,2021-04-22,87,9,3.0,nan,42,18,87.0,66
75,馬祖,2021-04-22,64,7,3.0,nan,27,13,64.0,44
72,埔里,2021-04-22,161,3,5.0,nan,57,14,161.0,112
71,復興,2021-04-22,78,7,7.0,nan,51,21,nan,78
70,永和,2021-04-22,21,4,7.0,nan,9,21,nan,20
69,竹山,2021-04-22,128,4,5.0,nan,71,15,80.0,128
68,中壢,2021-04-22,44,6,15.0,nan,25,35,nan,44
67,三重,2021-04-22,30,4,14.0,nan,10,30,nan,29
66,冬山,2021-04-22,19,6,5.0,nan,14,17,19.0,17
65,宜蘭,2021-04-22,30,3,3.0,nan,13,9,30.0,21
64,陽明,2021-04-22,39,1,1.0,nan,5,2,39.0,11
63,花蓮,2021-04-22,27,3,5.0,nan,14,14,27.0,24
62,臺東,2021-04-22,30,3,5.0,nan,22,12,30.0,28
61,恆春,2021-04-22,80,3,2.0,nan,18,3,80.0,31
59,屏東,2021-04-22,182,6,5.0,nan,66,17,182.0,84
58,小港,2021-04-22,79,11,5.0,nan,54,48,67.0,79
57,前鎮,2021-04-22,84,9,6.0,nan,56,22,nan,84
56,前金,2021-04-22,101,7,5.0,nan,51,24,101.0,80
54,左營,2021-04-22,100,7,3.0,nan,48,19,100.0,72
53,楠梓,2021-04-22,100,7,3.0,nan,56,18,100.0,81
52,林園,2021-04-22,118,11,3.0,nan,54,16,118.0,79
51,大寮,2021-04-22,143,10,5.0,nan,57,27,143.0,92
50,鳳山,2021-04-22,82,9,9.0,nan,53,25,nan,82
49,仁武,2021-04-22,112,6,5.0,nan,57,20,112.0,87
48,橋頭,2021-04-22,97,10,3.0,nan,54,18,97.0,82
47,美濃,2021-04-22,136,4,3.0,nan,53,10,136.0,84
46,臺南,2021-04-22,90,6,5.0,nan,56,17,90.0,72
45,安南,2021-04-22,97,4,2.0,nan,57,13,97.0,74
44,善化,2021-04-22,100,4,3.0,nan,49,12,100.0,79
43,新營,2021-04-22,112,4,3.0,nan,67,15,112.0,86
42,嘉義,2021-04-22,107,4,5.0,nan,68,15,64.0,107
41,臺西,2021-04-22,72,13,3.0,nan,47,23,nan,72
40,朴子,2021-04-22,81,3,3.0,nan,58,9,77.0,81
39,新港,2021-04-22,101,6,3.0,nan,61,11,101.0,90
38,崙背,2021-04-22,82,3,5.0,nan,54,8,80.0,82
37,斗六,2021-04-22,115,4,5.0,nan,67,16,97.0,115
36,南投,2021-04-22,122,7,6.0,nan,65,21,122.0,114
35,二林,2021-04-22,77,13,3.0,nan,55,13,42.0,77
34,線西,2021-04-22,61,6,3.0,nan,49,12,nan,61
33,彰化,2021-04-22,89,16,5.0,nan,53,20,64.0,89
32,西屯,2021-04-22,91,7,5.0,nan,57,23,45.0,91
31,忠明,2021-04-22,86,7,5.0,nan,54,24,47.0,86
30,大里,2021-04-22,93,13,6.0,nan,64,25,74.0,93
29,沙鹿,2021-04-22,57,6,3.0,nan,49,19,54.0,57
28,豐原,2021-04-22,97,6,5.0,nan,57,18,93.0,97
27,三義,2021-04-22,81,4,5.0,nan,47,17,48.0,81
26,苗栗,2021-04-22,68,4,5.0,nan,41,21,31.0,68
25,頭份,2021-04-22,61,9,5.0,nan,42,18,nan,61
24,新竹,2021-04-22,71,6,6.0,nan,32,25,71.0,51
23,竹東,2021-04-22,156,4,5.0,nan,40,18,156.0,68
22,湖口,2021-04-22,61,4,5.0,nan,28,28,61.0,44
21,龍潭,2021-04-22,129,3,3.0,nan,29,15,129.0,49
20,平鎮,2021-04-22,84,4,5.0,nan,26,20,84.0,36
19,觀音,2021-04-22,35,10,3.0,nan,21,20,35.0,29
18,大園,2021-04-22,48,7,3.0,nan,22,15,48.0,41
17,桃園,2021-04-22,48,19,6.0,nan,15,20,48.0,30
16,大同,2021-04-22,31,4,12.0,nan,20,26,nan,31
15,松山,2021-04-22,31,4,5.0,nan,10,18,31.0,22
14,古亭,2021-04-22,30,6,3.0,nan,9,18,30.0,19
13,萬華,2021-04-22,32,4,5.0,nan,9,22,32.0,19
12,中山,2021-04-22,31,4,7.0,nan,12,23,31.0,22
11,士林,2021-04-22,41,4,2.0,nan,6,9,41.0,15
10,淡水,2021-04-22,32,3,2.0,nan,8,13,32.0,19
9,林口,2021-04-22,35,4,3.0,nan,12,17,35.0,17
8,菜寮,2021-04-22,36,3,5.0,nan,10,12,36.0,20
7,新莊,2021-04-22,31,3,5.0,nan,14,23,31.0,19
6,板橋,2021-04-22,26,4,6.0,nan,11,24,26.0,15
5,土城,2021-04-22,30,3,5.0,nan,8,16,30.0,14
4,新店,2021-04-22,31,3,5.0,nan,9,13,31.0,14
3,萬里,2021-04-22,43,10,2.0,nan,23,14,43.0,23
2,汐止,2021-04-22,31,3,3.0,nan,9,15,31.0,19
2,汐止,2021-04-23,43,3,3.0,nan,12,16,43.0,19
85,大城,2021-04-23,60,6,1.0,nan,32,11,51.0,60
84,富貴角,2021-04-23,48,1,1.0,nan,27,5,48.0,25
83,麥寮,2021-04-23,46,6,2.0,nan,30,10,nan,46
80,關山,2021-04-23,33,3,nan,nan,6,3,33.0,13
78,馬公,2021-04-23,48,3,2.0,nan,19,4,48.0,29
77,金門,2021-04-23,80,7,3.0,nan,31,13,80.0,60
75,馬祖,2021-04-23,143,4,2.0,nan,23,8,143.0,66
72,埔里,2021-04-23,87,3,5.0,nan,33,16,87.0,73
71,復興,2021-04-23,80,6,7.0,nan,52,30,nan,80
70,永和,2021-04-23,25,4,11.0,nan,15,25,nan,24
69,竹山,2021-04-23,85,6,5.0,nan,50,19,54.0,85
68,中壢,2021-04-23,38,4,8.0,nan,21,26,nan,38
67,三重,2021-04-23,34,4,14.0,nan,16,34,nan,34
66,冬山,2021-04-23,31,4,2.0,nan,22,8,31.0,26
65,宜蘭,2021-04-23,37,7,3.0,nan,14,9,37.0,22
64,陽明,2021-04-23,38,3,2.0,nan,6,3,38.0,6
63,花蓮,2021-04-23,41,3,2.0,nan,17,4,41.0,21
62,臺東,2021-04-23,31,3,3.0,nan,14,7,31.0,21
61,恆春,2021-04-23,136,6,5.0,nan,30,6,136.0,58
59,屏東,2021-04-23,104,3,5.0,nan,54,15,104.0,71
58,小港,2021-04-23,80,9,5.0,nan,50,27,80.0,76
57,前鎮,2021-04-23,89,6,6.0,nan,56,30,nan,89
56,前金,2021-04-23,85,3,5.0,nan,55,24,67.0,85
54,左營,2021-04-23,80,4,5.0,nan,55,17,58.0,80
53,楠梓,2021-04-23,88,3,3.0,nan,62,15,67.0,88
52,林園,2021-04-23,90,14,5.0,nan,85,24,90.0,85
51,大寮,2021-04-23,101,4,5.0,nan,57,21,101.0,87
50,鳳山,2021-04-23,83,6,8.0,nan,57,27,nan,83
49,仁武,2021-04-23,95,9,5.0,nan,62,22,71.0,95
48,橋頭,2021-04-23,89,4,5.0,nan,59,16,67.0,89
47,美濃,2021-04-23,93,3,3.0,nan,47,8,93.0,75
46,臺南,2021-04-23,79,6,5.0,nan,63,17,47.0,79
45,安南,2021-04-23,80,4,3.0,nan,66,10,49.0,80
44,善化,2021-04-23,86,6,5.0,nan,56,16,48.0,86
43,新營,2021-04-23,80,4,3.0,nan,66,11,44.0,80
42,嘉義,2021-04-23,87,7,5.0,nan,59,18,37.0,87
41,臺西,2021-04-23,43,9,2.0,nan,29,14,nan,43
40,朴子,2021-04-23,64,3,3.0,nan,55,9,38.0,64
39,新港,2021-04-23,66,6,3.0,nan,52,9,43.0,66
38,崙背,2021-04-23,56,4,3.0,nan,41,12,42.0,56
37,斗六,2021-04-23,94,9,5.0,nan,62,15,50.0,94
36,南投,2021-04-23,78,6,6.0,nan,52,20,54.0,78
35,二林,2021-04-23,50,11,2.0,nan,42,10,31.0,50
34,線西,2021-04-23,41,10,3.0,nan,37,11,nan,41
33,彰化,2021-04-23,51,6,3.0,nan,30,19,43.0,51
32,西屯,2021-04-23,58,3,2.0,nan,35,14,35.0,58
31,忠明,2021-04-23,57,6,3.0,nan,32,18,34.0,57
30,大里,2021-04-23,59,11,5.0,nan,39,26,37.0,59
29,沙鹿,2021-04-23,43,3,3.0,nan,25,10,43.0,28
28,豐原,2021-04-23,69,3,2.0,nan,34,11,45.0,69
27,三義,2021-04-23,57,4,3.0,nan,28,12,34.0,57
26,苗栗,2021-04-23,53,6,3.0,nan,28,15,27.0,53
25,頭份,2021-04-23,53,3,3.0,nan,31,13,nan,53
24,新竹,2021-04-23,42,4,3.0,nan,22,15,42.0,33
23,竹東,2021-04-23,45,1,3.0,nan,20,13,40.0,45
22,湖口,2021-04-23,43,3,2.0,nan,19,9,43.0,34
21,龍潭,2021-04-23,39,4,3.0,nan,23,19,37.0,39
20,平鎮,2021-04-23,36,4,5.0,nan,22,25,36.0,36
19,觀音,2021-04-23,40,11,2.0,nan,18,8,40.0,21
18,大園,2021-04-23,44,6,2.0,nan,16,16,44.0,30
17,桃園,2021-04-23,38,10,5.0,nan,19,20,38.0,33
16,大同,2021-04-23,40,3,12.0,nan,22,29,nan,40
15,松山,2021-04-23,33,4,3.0,nan,14,22,33.0,27
14,古亭,2021-04-23,32,6,3.0,nan,12,16,32.0,23
13,萬華,2021-04-23,32,3,5.0,nan,12,29,32.0,27
12,中山,2021-04-23,30,4,7.0,nan,16,24,29.0,30
11,士林,2021-04-23,39,3,2.0,nan,15,19,39.0,26
10,淡水,2021-04-23,41,1,2.0,nan,12,15,41.0,22
9,林口,2021-04-23,40,6,2.0,nan,20,13,40.0,25
8,菜寮,2021-04-23,39,3,3.0,nan,16,11,39.0,26
7,新莊,2021-04-23,39,6,3.0,nan,14,15,39.0,28
6,板橋,2021-04-23,28,4,5.0,nan,16,25,28.0,24
5,土城,2021-04-23,35,6,3.0,nan,14,19,35.0,25
4,新店,2021-04-23,37,4,3.0,nan,11,13,37.0,29
3,萬里,2021-04-23,45,4,2.0,nan,30,7,45.0,21
1,基隆,2021-04-23,34,6,2.0,nan,16,16,34.0,20
18,大園,2021-04-24,46,6,2.0,nan,23,22,46.0,37.0
29,沙鹿,2021-04-24,47,1,2.0,nan,25,9,47.0,27.0
27,三義,2021-04-24,42,4,2.0,nan,22,8,42.0,42.0
30,大里,2021-04-24,52,11,5.0,nan,34,25,50.0,52.0
1,基隆,2021-04-24,42,3,3.0,nan,21,13,42.0,28.0
26,苗栗,2021-04-24,42,7,3.0,nan,24,14,31.0,42.0
2,汐止,2021-04-24,45,7,3.0,nan,20,15,45.0,34.0
31,忠明,2021-04-24,45,4,3.0,nan,29,20,44.0,45.0
32,西屯,2021-04-24,52,4,2.0,nan,28,19,42.0,52.0
3,萬里,2021-04-24,68,6,2.0,nan,68,7,50.0,53.0
33,彰化,2021-04-24,54,7,5.0,nan,28,23,54.0,52.0
4,新店,2021-04-24,44,6,3.0,nan,18,14,44.0,29.0
25,頭份,2021-04-24,44,4,2.0,nan,29,13,nan,44.0
85,大城,2021-04-24,71,9,3.0,nan,38,16,58.0,71.0
5,土城,2021-04-24,44,6,3.0,nan,17,12,44.0,27.0
84,富貴角,2021-04-24,54,1,1.0,nan,37,2,54.0,38.0
83,麥寮,2021-04-24,56,9,5.0,nan,36,15,nan,56.0
80,關山,2021-04-24,34,1,nan,nan,6,3,34.0,10.0
28,豐原,2021-04-24,67,4,2.0,nan,29,12,67.0,57.0
6,板橋,2021-04-24,35,6,3.0,nan,19,17,35.0,26.0
78,馬公,2021-04-24,49,3,2.0,nan,20,4,49.0,33.0
57,前鎮,2021-04-24,66,7,3.0,nan,39,17,nan,66.0
24,新竹,2021-04-24,48,3,3.0,nan,25,14,48.0,33.0
7,新莊,2021-04-24,42,4,3.0,nan,19,15,42.0,30.0
11,士林,2021-04-24,44,4,2.0,nan,14,13,44.0,28.0
34,線西,2021-04-24,45,13,2.0,nan,36,12,nan,45.0
51,大寮,2021-04-24,101,7,3.0,nan,35,15,101.0,61.0
77,金門,2021-04-24,97,6,5.0,nan,32,7,97.0,75.0
75,馬祖,2021-04-24,84,6,5.0,nan,37,9,84.0,81.0
62,臺東,2021-04-24,40,1,3.0,nan,10,8,40.0,13.0
72,埔里,2021-04-24,115,3,3.0,nan,25,11,115.0,53.0
48,橋頭,2021-04-24,118,7,5.0,nan,45,21,118.0,67.0
17,桃園,2021-04-24,42,14,3.0,nan,21,12,42.0,36.0
71,復興,2021-04-24,62,4,3.0,nan,37,15,nan,62.0
53,楠梓,2021-04-24,93,7,5.0,nan,43,17,93.0,67.0
49,仁武,2021-04-24,101,7,3.0,nan,40,19,101.0,65.0
45,安南,2021-04-24,140,7,3.0,nan,51,18,140.0,74.0
61,恆春,2021-04-24,45,1,1.0,nan,6,2,45.0,13.0
35,二林,2021-04-24,49,10,2.0,nan,42,10,37.0,49.0
15,松山,2021-04-24,41,6,3.0,nan,19,19,41.0,38.0
70,永和,2021-04-24,31,4,5.0,nan,19,12,nan,31.0
52,林園,2021-04-24,136,4,3.0,nan,31,14,136.0,58.0
8,菜寮,2021-04-24,42,3,3.0,nan,19,8,42.0,33.0
36,南投,2021-04-24,84,6,5.0,nan,36,19,84.0,60.0
69,竹山,2021-04-24,80,10,3.0,nan,43,15,80.0,67.0
23,竹東,2021-04-24,51,3,2.0,nan,19,8,51.0,35.0
46,臺南,2021-04-24,126,9,5.0,nan,58,23,126.0,74.0
9,林口,2021-04-24,43,6,2.0,nan,26,9,43.0,31.0
12,中山,2021-04-24,36,4,5.0,nan,19,18,36.0,32.0
37,斗六,2021-04-24,97,7,5.0,nan,48,17,97.0,74.0
38,崙背,2021-04-24,60,4,5.0,nan,39,13,54.0,60.0
56,前金,2021-04-24,118,4,3.0,nan,36,14,118.0,67.0
22,湖口,2021-04-24,46,3,2.0,nan,24,9,46.0,36.0
68,中壢,2021-04-24,40,4,7.0,nan,25,27,nan,40.0
39,新港,2021-04-24,74,4,5.0,nan,46,12,74.0,65.0
59,屏東,2021-04-24,84,7,5.0,nan,41,11,84.0,53.0
40,朴子,2021-04-24,68,6,5.0,nan,50,13,58.0,68.0
21,龍潭,2021-04-24,46,4,3.0,nan,22,11,46.0,35.0
67,三重,2021-04-24,36,6,12.0,nan,19,29,nan,36.0
50,鳳山,2021-04-24,56,11,6.0,nan,34,20,nan,56.0
41,臺西,2021-04-24,50,7,3.0,nan,34,16,nan,50.0
47,美濃,2021-04-24,74,6,3.0,nan,36,7,74.0,54.0
66,冬山,2021-04-24,32,4,3.0,nan,19,10,32.0,23.0
10,淡水,2021-04-24,43,3,3.0,nan,17,14,43.0,27.0
13,萬華,2021-04-24,40,3,3.0,nan,18,19,40.0,30.0
20,平鎮,2021-04-24,42,7,3.0,nan,24,17,42.0,36.0
65,宜蘭,2021-04-24,42,10,2.0,nan,18,6,42.0,22.0
54,左營,2021-04-24,108,4,3.0,nan,35,14,108.0,57.0
42,嘉義,2021-04-24,68,9,5.0,nan,48,19,58.0,68.0
19,觀音,2021-04-24,43,9,2.0,nan,27,8,43.0,31.0
58,小港,2021-04-24,97,13,3.0,nan,37,18,97.0,55.0
64,陽明,2021-04-24,44,3,1.0,nan,9,1,44.0,nan
16,大同,2021-04-24,39,6,9.0,nan,25,26,nan,39.0
43,新營,2021-04-24,115,6,5.0,nan,52,18,115.0,68.0
44,善化,2021-04-24,143,7,3.0,nan,43,15,143.0,70.0
14,古亭,2021-04-24,38,4,3.0,nan,18,11,38.0,31.0
63,花蓮,2021-04-24,41,3,3.0,nan,11,12,41.0,19.0
47,美濃,2021-04-25,54,3,3.0,nan,25,6,42.0,54
85,大城,2021-04-25,103,6,3.0,nan,55,11,44.0,103
84,富貴角,2021-04-25,47,1,1.0,nan,42,2,47.0,42
83,麥寮,2021-04-25,88,4,5.0,nan,50,9,nan,88
80,關山,2021-04-25,39,3,nan,nan,6,6,39.0,17
78,馬公,2021-04-25,49,3,2.0,nan,32,8,46.0,49
77,金門,2021-04-25,54,4,2.0,nan,28,10,43.0,54
75,馬祖,2021-04-25,57,4,1.0,nan,34,7,47.0,57
72,埔里,2021-04-25,55,3,3.0,nan,22,9,47.0,55
71,復興,2021-04-25,52,7,7.0,nan,27,35,nan,52
70,永和,2021-04-25,33,3,5.0,nan,19,12,nan,33
69,竹山,2021-04-25,68,4,3.0,nan,31,11,37.0,68
68,中壢,2021-04-25,35,4,11.0,nan,21,25,nan,35
67,三重,2021-04-25,43,6,11.0,nan,23,27,nan,43
66,冬山,2021-04-25,31,6,2.0,nan,14,6,31.0,18
65,宜蘭,2021-04-25,43,4,2.0,nan,12,4,43.0,19
64,陽明,2021-04-25,45,4,2.0,nan,10,1,45.0,16
63,花蓮,2021-04-25,40,4,3.0,nan,10,12,40.0,17
62,臺東,2021-04-25,41,1,3.0,nan,12,7,41.0,16
61,恆春,2021-04-25,46,3,1.0,nan,10,2,46.0,13
59,屏東,2021-04-25,54,4,5.0,nan,31,16,42.0,54
58,小港,2021-04-25,47,10,5.0,nan,23,25,34.0,47
57,前鎮,2021-04-25,61,7,8.0,nan,28,36,nan,61
56,前金,2021-04-25,55,7,6.0,nan,25,25,44.0,55
54,左營,2021-04-25,44,6,6.0,nan,24,25,42.0,44
53,楠梓,2021-04-25,53,3,5.0,nan,24,21,38.0,53
52,林園,2021-04-25,46,3,2.0,nan,22,10,46.0,43
51,大寮,2021-04-25,63,13,5.0,nan,28,31,37.0,63
50,鳳山,2021-04-25,52,6,6.0,nan,27,19,nan,52
49,仁武,2021-04-25,56,6,3.0,nan,31,18,42.0,56
48,橋頭,2021-04-25,49,3,5.0,nan,23,16,41.0,49
46,臺南,2021-04-25,62,4,5.0,nan,40,17,43.0,62
45,安南,2021-04-25,66,3,3.0,nan,35,14,45.0,66
44,善化,2021-04-25,56,6,3.0,nan,27,15,42.0,56
43,新營,2021-04-25,73,4,5.0,nan,45,31,44.0,73
42,嘉義,2021-04-25,69,6,5.0,nan,37,24,33.0,69
41,臺西,2021-04-25,87,7,3.0,nan,55,11,nan,87
40,朴子,2021-04-25,73,3,3.0,nan,45,10,31.0,73
39,新港,2021-04-25,75,6,3.0,nan,45,19,33.0,75
38,崙背,2021-04-25,92,6,5.0,nan,53,10,36.0,92
37,斗六,2021-04-25,83,6,3.0,nan,39,15,42.0,83
36,南投,2021-04-25,73,4,5.0,nan,33,17,42.0,73
35,二林,2021-04-25,85,11,5.0,nan,55,19,29.0,85
34,線西,2021-04-25,67,9,5.0,nan,39,19,nan,67
33,彰化,2021-04-25,74,20,6.0,nan,40,21,38.0,74
32,西屯,2021-04-25,77,4,5.0,nan,36,23,35.0,77
31,忠明,2021-04-25,65,3,5.0,nan,33,22,34.0,65
30,大里,2021-04-25,63,9,5.0,nan,36,20,37.0,63
29,沙鹿,2021-04-25,57,7,5.0,nan,31,15,39.0,57
28,豐原,2021-04-25,72,3,3.0,nan,31,16,40.0,72
27,三義,2021-04-25,54,3,3.0,nan,26,15,28.0,54
26,苗栗,2021-04-25,55,7,5.0,nan,23,19,20.0,55
25,頭份,2021-04-25,44,3,5.0,nan,21,13,nan,44
24,新竹,2021-04-25,38,3,3.0,nan,20,15,38.0,32
23,竹東,2021-04-25,39,6,3.0,nan,18,8,39.0,37
22,湖口,2021-04-25,40,3,2.0,nan,22,8,40.0,37
21,龍潭,2021-04-25,39,3,3.0,nan,18,10,39.0,30
20,平鎮,2021-04-25,41,4,3.0,nan,19,9,41.0,31
19,觀音,2021-04-25,36,11,2.0,nan,24,14,36.0,36
18,大園,2021-04-25,42,6,2.0,nan,19,16,42.0,36
17,桃園,2021-04-25,38,7,3.0,nan,19,13,38.0,30
16,大同,2021-04-25,44,7,8.0,nan,29,28,nan,44
15,松山,2021-04-25,37,6,3.0,nan,19,17,36.0,37
14,古亭,2021-04-25,39,3,3.0,nan,18,13,39.0,31
13,萬華,2021-04-25,35,3,3.0,nan,19,20,35.0,32
12,中山,2021-04-25,35,7,5.0,nan,20,22,34.0,35
11,士林,2021-04-25,44,9,2.0,nan,17,6,44.0,31
10,淡水,2021-04-25,40,4,3.0,nan,16,16,40.0,32
9,林口,2021-04-25,42,6,2.0,nan,19,10,42.0,30
8,菜寮,2021-04-25,41,4,3.0,nan,21,11,41.0,32
7,新莊,2021-04-25,40,4,3.0,nan,19,13,40.0,33
6,板橋,2021-04-25,31,6,5.0,nan,19,18,31.0,27
5,土城,2021-04-25,40,3,3.0,nan,15,10,40.0,22
4,新店,2021-04-25,39,3,3.0,nan,16,9,39.0,25
3,萬里,2021-04-25,46,7,2.0,nan,44,6,46.0,32
2,汐止,2021-04-25,42,7,3.0,nan,19,15,42.0,30
1,基隆,2021-04-25,38,3,2.0,nan,19,9,38.0,26
43,新營,2021-04-26,65,6,5.0,nan,38,25,51.0,65
12,中山,2021-04-26,35,4,6.0,nan,19,22,35.0,32
1,基隆,2021-04-26,40,3,2.0,nan,19,16,40.0,28
44,善化,2021-04-26,60,7,5.0,nan,27,17,50.0,60
54,左營,2021-04-26,47,7,6.0,nan,22,29,38.0,47
13,萬華,2021-04-26,38,3,3.0,nan,17,25,38.0,29
18,大園,2021-04-26,42,9,5.0,nan,22,17,42.0,38
85,大城,2021-04-26,78,10,3.0,nan,45,16,77.0,78
45,安南,2021-04-26,60,3,5.0,nan,31,19,48.0,60
71,復興,2021-04-26,112,112,9.0,nan,27,40,nan,55
36,南投,2021-04-26,100,4,3.0,nan,31,12,100.0,63
56,前金,2021-04-26,58,33,7.0,nan,24,34,38.0,58
70,永和,2021-04-26,35,3,6.0,nan,19,23,nan,35
84,富貴角,2021-04-26,47,1,1.0,nan,24,3,47.0,35
2,汐止,2021-04-26,42,4,2.0,nan,16,11,42.0,28
19,觀音,2021-04-26,41,10,5.0,nan,31,22,39.0,41
46,臺南,2021-04-26,51,6,5.0,nan,28,19,44.0,51
37,斗六,2021-04-26,93,6,5.0,nan,33,17,93.0,69
57,前鎮,2021-04-26,109,109,9.0,nan,29,42,nan,61
27,三義,2021-04-26,49,6,3.0,nan,26,18,46.0,49
14,古亭,2021-04-26,41,3,3.0,nan,17,16,41.0,29
3,萬里,2021-04-26,44,10,2.0,nan,20,11,44.0,29
23,竹東,2021-04-26,80,1,2.0,nan,20,8,80.0,32
69,竹山,2021-04-26,61,4,3.0,nan,32,10,54.0,61
4,新店,2021-04-26,45,3,2.0,nan,17,13,45.0,25
5,土城,2021-04-26,43,3,3.0,nan,19,16,43.0,26
32,西屯,2021-04-26,70,11,5.0,nan,36,23,47.0,70
68,中壢,2021-04-26,44,7,17.0,nan,23,30,nan,44
83,麥寮,2021-04-26,60,10,3.0,nan,36,12,nan,60
58,小港,2021-04-26,101,101,5.0,nan,26,40,24.0,58
38,崙背,2021-04-26,64,9,3.0,nan,40,11,64.0,60
67,三重,2021-04-26,39,4,12.0,nan,21,34,nan,39
47,美濃,2021-04-26,44,3,3.0,nan,22,8,42.0,44
20,平鎮,2021-04-26,43,6,5.0,nan,22,16,43.0,34
35,二林,2021-04-26,65,9,3.0,nan,44,20,44.0,65
26,苗栗,2021-04-26,43,6,3.0,nan,28,16,38.0,43
66,冬山,2021-04-26,33,4,3.0,nan,22,13,33.0,32
15,松山,2021-04-26,37,3,2.0,nan,17,20,37.0,35
59,屏東,2021-04-26,54,14,5.0,nan,30,17,38.0,54
48,橋頭,2021-04-26,45,4,5.0,nan,22,18,41.0,45
65,宜蘭,2021-04-26,41,7,3.0,nan,20,13,41.0,27
31,忠明,2021-04-26,60,13,5.0,nan,34,21,46.0,60
80,關山,2021-04-26,40,3,nan,nan,10,5,40.0,18
21,龍潭,2021-04-26,44,3,3.0,nan,20,21,44.0,33
6,板橋,2021-04-26,34,3,5.0,nan,19,18,34.0,28
64,陽明,2021-04-26,43,1,1.0,nan,10,1,43.0,17
30,大里,2021-04-26,64,14,5.0,nan,39,23,58.0,64
7,新莊,2021-04-26,41,4,3.0,nan,20,13,41.0,31
25,頭份,2021-04-26,47,9,3.0,nan,30,14,nan,47
61,恆春,2021-04-26,48,3,1.0,nan,14,2,48.0,20
49,仁武,2021-04-26,56,7,5.0,nan,25,25,35.0,56
24,新竹,2021-04-26,67,4,5.0,nan,24,23,67.0,31
16,大同,2021-04-26,46,4,11.0,nan,28,35,nan,46
22,湖口,2021-04-26,49,4,3.0,nan,28,23,49.0,38
39,新港,2021-04-26,74,6,5.0,nan,39,14,74.0,65
62,臺東,2021-04-26,40,1,3.0,nan,16,8,40.0,25
50,鳳山,2021-04-26,58,56,9.0,nan,30,31,nan,58
63,花蓮,2021-04-26,40,4,3.0,nan,13,8,40.0,24
8,菜寮,2021-04-26,42,3,3.0,nan,20,13,42.0,32
78,馬公,2021-04-26,50,1,2.0,nan,34,6,49.0,50
9,林口,2021-04-26,40,4,3.0,nan,22,16,40.0,32
29,沙鹿,2021-04-26,58,9,5.0,nan,31,17,58.0,54
77,金門,2021-04-26,62,10,2.0,nan,38,9,58.0,62
51,大寮,2021-04-26,67,26,5.0,nan,32,35,31.0,67
40,朴子,2021-04-26,60,4,5.0,nan,36,13,54.0,60
52,林園,2021-04-26,54,21,3.0,nan,24,18,43.0,54
34,線西,2021-04-26,55,11,3.0,nan,35,16,nan,55
33,彰化,2021-04-26,67,13,5.0,nan,33,18,67.0,66
17,桃園,2021-04-26,40,10,5.0,nan,21,15,40.0,32
75,馬祖,2021-04-26,80,4,1.0,nan,33,4,80.0,58
41,臺西,2021-04-26,62,9,3.0,nan,40,12,nan,62
53,楠梓,2021-04-26,55,3,5.0,nan,26,31,36.0,55
10,淡水,2021-04-26,42,3,2.0,nan,16,6,42.0,30
72,埔里,2021-04-26,71,3,3.0,nan,27,10,71.0,65
11,士林,2021-04-26,44,6,2.0,nan,17,8,44.0,26
28,豐原,2021-04-26,87,7,3.0,nan,32,13,87.0,62
42,嘉義,2021-04-26,57,3,5.0,nan,32,22,46.0,57
1,基隆,2021-04-27,36,3,3.0,nan,19.0,15,36.0,27.0
83,麥寮,2021-04-27,60,3,2.0,nan,37.0,5,nan,60.0
80,關山,2021-04-27,33,1,nan,nan,13.0,5,33.0,27.0
78,馬公,2021-04-27,57,3,3.0,nan,36.0,6,50.0,57.0
77,金門,2021-04-27,61,6,2.0,nan,31.0,18,36.0,61.0
75,馬祖,2021-04-27,74,20,5.0,nan,43.0,35,47.0,74.0
72,埔里,2021-04-27,59,3,3.0,nan,26.0,13,47.0,59.0
71,復興,2021-04-27,53,21,8.0,nan,29.0,33,nan,53.0
70,永和,2021-04-27,44,4,9.0,nan,22.0,30,nan,44.0
69,竹山,2021-04-27,65,7,3.0,nan,36.0,20,45.0,65.0
68,中壢,2021-04-27,68,6,14.0,nan,36.0,31,nan,68.0
67,三重,2021-04-27,59,6,18.0,nan,31.0,47,nan,59.0
66,冬山,2021-04-27,35,4,3.0,nan,22.0,10,31.0,35.0
65,宜蘭,2021-04-27,35,7,3.0,nan,21.0,8,35.0,27.0
64,陽明,2021-04-27,45,3,2.0,nan,17.0,8,45.0,31.0
63,花蓮,2021-04-27,33,1,3.0,nan,17.0,11,33.0,23.0
62,臺東,2021-04-27,39,1,3.0,nan,19.0,7,39.0,27.0
61,恆春,2021-04-27,46,3,1.0,nan,20.0,2,46.0,24.0
59,屏東,2021-04-27,52,3,3.0,nan,33.0,17,49.0,52.0
58,小港,2021-04-27,49,34,6.0,nan,28.0,33,37.0,49.0
57,前鎮,2021-04-27,59,29,6.0,nan,34.0,31,nan,59.0
56,前金,2021-04-27,54,17,3.0,nan,26.0,27,44.0,54.0
54,左營,2021-04-27,45,20,5.0,nan,24.0,17,44.0,45.0
53,楠梓,2021-04-27,60,34,6.0,nan,31.0,26,38.0,60.0
52,林園,2021-04-27,53,29,3.0,nan,26.0,23,47.0,53.0
51,大寮,2021-04-27,76,33,6.0,nan,36.0,26,40.0,76.0
50,鳳山,2021-04-27,56,21,9.0,nan,32.0,37,nan,56.0
49,仁武,2021-04-27,57,13,5.0,nan,31.0,29,42.0,57.0
48,橋頭,2021-04-27,53,9,5.0,nan,29.0,18,42.0,53.0
47,美濃,2021-04-27,46,1,3.0,nan,22.0,9,41.0,46.0
46,臺南,2021-04-27,54,4,5.0,nan,35.0,16,42.0,54.0
45,安南,2021-04-27,54,3,3.0,nan,32.0,18,42.0,54.0
44,善化,2021-04-27,50,4,3.0,nan,26.0,17,40.0,50.0
43,新營,2021-04-27,61,6,3.0,nan,40.0,15,43.0,61.0
42,嘉義,2021-04-27,63,6,5.0,nan,36.0,23,36.0,63.0
41,臺西,2021-04-27,61,9,2.0,nan,38.0,15,nan,61.0
40,朴子,2021-04-27,52,3,3.0,nan,38.0,11,41.0,52.0
39,新港,2021-04-27,63,7,5.0,nan,40.0,15,45.0,63.0
38,崙背,2021-04-27,64,7,5.0,nan,43.0,17,45.0,64.0
37,斗六,2021-04-27,66,7,3.0,nan,35.0,17,49.0,66.0
36,南投,2021-04-27,60,6,5.0,nan,35.0,24,50.0,60.0
35,二林,2021-04-27,63,11,5.0,nan,46.0,17,35.0,63.0
34,線西,2021-04-27,65,6,3.0,nan,39.0,17,nan,65.0
33,彰化,2021-04-27,62,7,5.0,nan,35.0,17,49.0,62.0
32,西屯,2021-04-27,68,10,2.0,nan,40.0,19,33.0,68.0
31,忠明,2021-04-27,60,9,3.0,nan,37.0,20,33.0,60.0
30,大里,2021-04-27,60,16,5.0,nan,38.0,25,38.0,60.0
29,沙鹿,2021-04-27,57,6,3.0,nan,42.0,9,44.0,57.0
28,豐原,2021-04-27,70,4,3.0,nan,38.0,15,44.0,70.0
27,三義,2021-04-27,61,3,2.0,nan,36.0,12,35.0,61.0
26,苗栗,2021-04-27,64,6,3.0,nan,42.0,13,29.0,64.0
25,頭份,2021-04-27,68,6,3.0,nan,44.0,13,nan,68.0
24,新竹,2021-04-27,60,4,3.0,nan,37.0,16,46.0,60.0
23,竹東,2021-04-27,57,7,3.0,nan,31.0,15,47.0,57.0
22,湖口,2021-04-27,63,6,3.0,nan,38.0,25,47.0,63.0
21,龍潭,2021-04-27,61,3,3.0,nan,32.0,15,47.0,61.0
20,平鎮,2021-04-27,62,6,5.0,nan,36.0,17,44.0,62.0
19,觀音,2021-04-27,58,10,3.0,nan,35.0,24,41.0,58.0
18,大園,2021-04-27,63,9,5.0,nan,31.0,21,46.0,63.0
17,桃園,2021-04-27,61,21,5.0,nan,32.0,24,44.0,61.0
16,大同,2021-04-27,61,7,27.0,nan,35.0,52,nan,61.0
15,松山,2021-04-27,45,6,6.0,nan,20.0,26,32.0,45.0
14,古亭,2021-04-27,39,4,5.0,nan,18.0,27,39.0,36.0
13,萬華,2021-04-27,41,6,7.0,nan,21.0,33,40.0,41.0
12,中山,2021-04-27,46,4,8.0,nan,25.0,37,34.0,46.0
11,士林,2021-04-27,48,4,2.0,nan,nan,12,48.0,nan
10,淡水,2021-04-27,49,3,2.0,nan,26.0,19,42.0,49.0
9,林口,2021-04-27,58,7,3.0,nan,33.0,24,44.0,58.0
8,菜寮,2021-04-27,54,4,7.0,nan,28.0,31,39.0,54.0
7,新莊,2021-04-27,58,16,7.0,nan,28.0,30,41.0,58.0
6,板橋,2021-04-27,54,17,7.0,nan,27.0,35,35.0,54.0
5,土城,2021-04-27,54,6,6.0,nan,29.0,29,44.0,54.0
4,新店,2021-04-27,38,3,5.0,nan,16.0,18,38.0,32.0
3,萬里,2021-04-27,41,4,3.0,nan,19.0,11,41.0,29.0
2,汐止,2021-04-27,41,4,6.0,nan,22.0,26,34.0,41.0
84,富貴角,2021-04-27,50,1,2.0,nan,35.0,9,49.0,50.0
85,大城,2021-04-27,80,3,2.0,nan,44.0,5,58.0,80.0
12,中山,2021-04-28,53,4,10.0,nan,21.0,37,24.0,53.0
85,大城,2021-04-28,76,6,3.0,nan,34.0,14,46.0,76.0
84,富貴角,2021-04-28,44,1,2.0,nan,16.0,5,44.0,32.0
83,麥寮,2021-04-28,56,7,5.0,nan,26.0,11,nan,56.0
80,關山,2021-04-28,35,3,nan,nan,19.0,6,35.0,25.0
78,馬公,2021-04-28,43,4,2.0,nan,13.0,6,43.0,30.0
77,金門,2021-04-28,31,4,3.0,nan,15.0,13,31.0,nan
75,馬祖,2021-04-28,96,6,3.0,nan,36.0,29,77.0,96.0
72,埔里,2021-04-28,41,3,3.0,nan,18.0,12,33.0,41.0
71,復興,2021-04-28,68,7,6.0,nan,41.0,23,nan,68.0
70,永和,2021-04-28,48,4,17.0,nan,21.0,42,nan,48.0
69,竹山,2021-04-28,60,4,3.0,nan,31.0,18,42.0,60.0
68,中壢,2021-04-28,56,6,12.0,nan,20.0,33,nan,56.0
67,三重,2021-04-28,58,6,17.0,nan,19.0,46,nan,58.0
66,冬山,2021-04-28,28,4,5.0,nan,17.0,15,23.0,28.0
65,宜蘭,2021-04-28,31,7,3.0,nan,14.0,15,31.0,25.0
64,陽明,2021-04-28,40,1,3.0,nan,6.0,8,40.0,14.0
63,花蓮,2021-04-28,37,3,3.0,nan,16.0,9,37.0,22.0
62,臺東,2021-04-28,37,6,3.0,nan,19.0,10,37.0,26.0
61,恆春,2021-04-28,44,1,1.0,nan,19.0,2,44.0,24.0
59,屏東,2021-04-28,67,9,6.0,nan,47.0,26,64.0,67.0
58,小港,2021-04-28,44,13,5.0,nan,42.0,42,44.0,nan
57,前鎮,2021-04-28,76,7,6.0,nan,42.0,24,nan,76.0
56,前金,2021-04-28,90,7,5.0,nan,38.0,18,90.0,67.0
54,左營,2021-04-28,97,4,5.0,nan,43.0,17,97.0,67.0
53,楠梓,2021-04-28,84,6,3.0,nan,40.0,19,84.0,75.0
52,林園,2021-04-28,57,7,3.0,nan,35.0,13,45.0,57.0
51,大寮,2021-04-28,75,21,5.0,nan,43.0,25,38.0,75.0
50,鳳山,2021-04-28,67,6,7.0,nan,40.0,25,nan,67.0
49,仁武,2021-04-28,87,6,5.0,nan,43.0,27,87.0,74.0
48,橋頭,2021-04-28,90,4,3.0,nan,37.0,16,90.0,71.0
47,美濃,2021-04-28,84,4,3.0,nan,31.0,13,84.0,57.0
46,臺南,2021-04-28,73,7,6.0,nan,51.0,27,50.0,73.0
45,安南,2021-04-28,75,6,5.0,nan,46.0,18,64.0,75.0
44,善化,2021-04-28,69,6,5.0,nan,36.0,19,58.0,69.0
43,新營,2021-04-28,73,6,6.0,nan,47.0,21,51.0,73.0
42,嘉義,2021-04-28,74,6,6.0,nan,44.0,22,40.0,74.0
41,臺西,2021-04-28,50,10,3.0,nan,29.0,16,nan,50.0
40,朴子,2021-04-28,59,4,5.0,nan,42.0,12,44.0,59.0
39,新港,2021-04-28,64,7,5.0,nan,38.0,15,45.0,64.0
38,崙背,2021-04-28,62,4,3.0,nan,36.0,12,38.0,62.0
37,斗六,2021-04-28,68,10,5.0,nan,36.0,22,44.0,68.0
36,南投,2021-04-28,56,7,6.0,nan,31.0,20,35.0,56.0
35,二林,2021-04-28,58,9,3.0,nan,39.0,15,27.0,58.0
34,線西,2021-04-28,55,7,3.0,nan,24.0,21,nan,55.0
33,彰化,2021-04-28,50,7,5.0,nan,22.0,23,29.0,50.0
32,西屯,2021-04-28,53,3,5.0,nan,23.0,27,26.0,53.0
31,忠明,2021-04-28,45,4,5.0,nan,23.0,26,25.0,45.0
30,大里,2021-04-28,44,13,6.0,nan,28.0,26,27.0,44.0
29,沙鹿,2021-04-28,35,4,3.0,nan,21.0,18,27.0,35.0
28,豐原,2021-04-28,41,4,3.0,nan,17.0,12,31.0,41.0
27,三義,2021-04-28,40,3,3.0,nan,19.0,16,23.0,40.0
26,苗栗,2021-04-28,37,9,5.0,nan,17.0,20,19.0,37.0
25,頭份,2021-04-28,39,4,3.0,nan,17.0,20,nan,39.0
24,新竹,2021-04-28,31,4,5.0,nan,14.0,22,31.0,31.0
23,竹東,2021-04-28,34,3,3.0,nan,16.0,15,29.0,34.0
22,湖口,2021-04-28,49,4,5.0,nan,21.0,18,34.0,49.0
21,龍潭,2021-04-28,47,4,5.0,nan,19.0,28,31.0,47.0
20,平鎮,2021-04-28,52,4,6.0,nan,22.0,36,27.0,52.0
19,觀音,2021-04-28,38,7,3.0,nan,18.0,30,31.0,38.0
18,大園,2021-04-28,47,9,3.0,nan,16.0,44,33.0,47.0
17,桃園,2021-04-28,52,19,7.0,nan,21.0,40,30.0,52.0
16,大同,2021-04-28,56,7,19.0,nan,21.0,44,nan,56.0
15,松山,2021-04-28,52,6,7.0,nan,19.0,36,19.0,52.0
14,古亭,2021-04-28,42,6,6.0,nan,17.0,37,23.0,42.0
13,萬華,2021-04-28,46,4,7.0,nan,19.0,41,25.0,46.0
11,士林,2021-04-28,32,3,5.0,nan,nan,25,32.0,nan
10,淡水,2021-04-28,34,3,5.0,nan,15.0,20,32.0,34.0
9,林口,2021-04-28,40,4,3.0,nan,15.0,30,35.0,40.0
8,菜寮,2021-04-28,48,4,7.0,nan,19.0,36,31.0,48.0
7,新莊,2021-04-28,52,6,6.0,nan,19.0,43,28.0,52.0
6,板橋,2021-04-28,51,13,8.0,nan,23.0,44,24.0,51.0
5,土城,2021-04-28,54,7,8.0,nan,23.0,40,25.0,54.0
4,新店,2021-04-28,41,3,7.0,nan,16.0,34,27.0,41.0
3,萬里,2021-04-28,40,4,3.0,nan,21.0,11,40.0,34.0
1,基隆,2021-04-28,36,3,3.0,nan,19.0,34,28.0,36.0
2,汐止,2021-04-28,45,6,6.0,nan,20.0,35,23.0,45.0
78,馬公,2021-04-29,67,3,5.0,nan,9,16,67.0,20.0
36,南投,2021-04-29,42,4,8.0,nan,23,38,31.0,42.0
34,線西,2021-04-29,41,6,6.0,nan,19,31,nan,41.0
35,二林,2021-04-29,41,11,6.0,nan,25,33,34.0,41.0
33,彰化,2021-04-29,42,10,9.0,nan,15,42,34.0,38.0
32,西屯,2021-04-29,39,4,8.0,nan,18,35,31.0,39.0
31,忠明,2021-04-29,35,7,9.0,nan,15,35,26.0,29.0
30,大里,2021-04-29,39,9,9.0,nan,18,39,25.0,24.0
29,沙鹿,2021-04-29,42,4,7.0,nan,9,29,42.0,13.0
28,豐原,2021-04-29,35,3,5.0,nan,10,18,35.0,25.0
27,三義,2021-04-29,34,3,3.0,nan,6,14,34.0,15.0
26,苗栗,2021-04-29,30,3,7.0,nan,8,25,30.0,19.0
25,頭份,2021-04-29,25,4,6.0,nan,13,21,nan,25.0
24,新竹,2021-04-29,46,4,7.0,nan,11,29,46.0,23.0
23,竹東,2021-04-29,44,1,5.0,nan,6,13,44.0,17.0
22,湖口,2021-04-29,48,3,6.0,nan,17,27,48.0,38.0
21,龍潭,2021-04-29,44,3,6.0,nan,11,26,44.0,26.0
20,平鎮,2021-04-29,39,4,9.0,nan,20,35,39.0,38.0
19,觀音,2021-04-29,43,13,7.0,nan,21,38,43.0,42.0
18,大園,2021-04-29,52,11,9.0,nan,19,49,44.0,52.0
17,桃園,2021-04-29,49,26,11.0,nan,19,40,41.0,49.0
16,大同,2021-04-29,54,7,16.0,nan,21,54,nan,53.0
15,松山,2021-04-29,50,16,8.0,nan,18,30,36.0,50.0
14,古亭,2021-04-29,39,3,7.0,nan,16,29,39.0,35.0
13,萬華,2021-04-29,47,7,9.0,nan,17,47,34.0,39.0
12,中山,2021-04-29,51,7,12.0,nan,21,51,32.0,50.0
11,士林,2021-04-29,40,4,6.0,nan,15,31,40.0,34.0
10,淡水,2021-04-29,44,3,6.0,nan,18,24,44.0,38.0
9,林口,2021-04-29,47,6,8.0,nan,19,42,47.0,44.0
8,菜寮,2021-04-29,45,4,10.0,nan,19,45,36.0,45.0
7,新莊,2021-04-29,50,4,14.0,nan,19,50,38.0,49.0
6,板橋,2021-04-29,42,4,9.0,nan,16,42,30.0,34.0
5,土城,2021-04-29,44,3,8.0,nan,15,38,44.0,32.0
4,新店,2021-04-29,45,6,7.0,nan,13,31,45.0,36.0
3,萬里,2021-04-29,77,4,2.0,nan,25,6,77.0,37.0
2,汐止,2021-04-29,42,9,6.0,nan,20,30,41.0,42.0
1,基隆,2021-04-29,48,3,5.0,nan,18,19,48.0,32.0
85,大城,2021-04-29,84,7,6.0,nan,29,24,84.0,67.0
84,富貴角,2021-04-29,74,1,2.0,nan,27,6,74.0,43.0
83,麥寮,2021-04-29,50,7,6.0,nan,21,21,nan,50.0
80,關山,2021-04-29,40,3,nan,nan,9,7,40.0,13.0
77,金門,2021-04-29,87,4,6.0,nan,16,12,87.0,nan
75,馬祖,2021-04-29,140,4,5.0,nan,17,31,140.0,57.0
72,埔里,2021-04-29,32,3,5.0,nan,8,16,32.0,20.0
71,復興,2021-04-29,63,4,11.0,nan,33,37,nan,63.0
70,永和,2021-04-29,42,6,9.0,nan,18,32,nan,42.0
69,竹山,2021-04-29,55,6,6.0,nan,21,25,26.0,55.0
68,中壢,2021-04-29,52,7,26.0,nan,22,45,nan,52.0
67,三重,2021-04-29,55,7,17.0,nan,20,53,nan,55.0
66,冬山,2021-04-29,40,3,5.0,nan,13,10,40.0,28.0
65,宜蘭,2021-04-29,46,3,3.0,nan,12,10,46.0,24.0
64,陽明,2021-04-29,71,3,3.0,nan,14,6,71.0,22.0
63,花蓮,2021-04-29,47,3,5.0,nan,12,12,47.0,20.0
62,臺東,2021-04-29,42,1,5.0,nan,12,8,42.0,19.0
61,恆春,2021-04-29,49,1,2.0,nan,11,4,49.0,16.0
59,屏東,2021-04-29,49,4,6.0,nan,31,19,33.0,49.0
58,小港,2021-04-29,56,6,9.0,nan,31,47,32.0,56.0
57,前鎮,2021-04-29,66,4,11.0,nan,33,38,nan,66.0
56,前金,2021-04-29,64,4,7.0,nan,32,29,39.0,64.0
54,左營,2021-04-29,53,6,7.0,nan,30,24,37.0,53.0
53,楠梓,2021-04-29,66,3,6.0,nan,30,21,34.0,66.0
52,林園,2021-04-29,47,6,5.0,nan,28,25,39.0,47.0
51,大寮,2021-04-29,65,7,7.0,nan,33,29,30.0,65.0
50,鳳山,2021-04-29,66,7,10.0,nan,33,38,nan,66.0
49,仁武,2021-04-29,67,4,7.0,nan,35,30,32.0,67.0
48,橋頭,2021-04-29,59,3,6.0,nan,28,24,33.0,59.0
47,美濃,2021-04-29,43,4,5.0,nan,20,8,29.0,43.0
46,臺南,2021-04-29,52,6,8.0,nan,33,25,41.0,52.0
45,安南,2021-04-29,68,4,6.0,nan,32,22,42.0,68.0
44,善化,2021-04-29,56,4,6.0,nan,24,21,40.0,56.0
43,新營,2021-04-29,56,6,6.0,nan,25,24,43.0,56.0
42,嘉義,2021-04-29,61,6,8.0,nan,30,36,27.0,61.0
41,臺西,2021-04-29,37,9,6.0,nan,19,17,nan,37.0
40,朴子,2021-04-29,43,4,6.0,nan,24,14,38.0,43.0
39,新港,2021-04-29,45,3,6.0,nan,22,18,45.0,45.0
38,崙背,2021-04-29,51,7,6.0,nan,25,18,44.0,51.0
37,斗六,2021-04-29,47,4,6.0,nan,21,27,38.0,47.0
84,富貴角,2021-04-30,159,1,3.0,nan,31.0,9,159.0,59.0
80,關山,2021-04-30,47,3,nan,nan,6.0,5,47.0,13.0
78,馬公,2021-04-30,151,3,5.0,nan,24.0,10,151.0,45.0
77,金門,2021-04-30,154,11,8.0,nan,50.0,25,154.0,nan
75,馬祖,2021-04-30,182,6,5.0,nan,37.0,26,182.0,88.0
72,埔里,2021-04-30,129,3,5.0,nan,23.0,14,129.0,52.0
71,復興,2021-04-30,70,6,9.0,nan,34.0,37,nan,70.0
70,永和,2021-04-30,66,6,15.0,nan,37.0,56,nan,66.0
69,竹山,2021-04-30,101,9,5.0,nan,36.0,25,101.0,77.0
85,大城,2021-04-30,179,4,6.0,nan,44.0,22,179.0,91.0
68,中壢,2021-04-30,59,9,16.0,nan,29.0,49,nan,59.0
67,三重,2021-04-30,71,9,16.0,nan,37.0,69,nan,71.0
66,冬山,2021-04-30,39,4,7.0,nan,19.0,10,39.0,23.0
65,宜蘭,2021-04-30,49,14,3.0,nan,17.0,10,49.0,21.0
64,陽明,2021-04-30,146,6,5.0,nan,26.0,8,146.0,44.0
63,花蓮,2021-04-30,50,3,3.0,nan,12.0,10,50.0,17.0
62,臺東,2021-04-30,51,1,5.0,nan,9.0,10,51.0,10.0
61,恆春,2021-04-30,112,1,3.0,nan,10.0,3,112.0,17.0
59,屏東,2021-04-30,108,17,7.0,nan,37.0,23,108.0,58.0
58,小港,2021-04-30,108,7,8.0,nan,33.0,40,108.0,68.0
57,前鎮,2021-04-30,76,6,8.0,nan,36.0,37,nan,76.0
56,前金,2021-04-30,118,4,7.0,nan,37.0,23,118.0,70.0
54,左營,2021-04-30,129,4,7.0,nan,38.0,20,129.0,63.0
53,楠梓,2021-04-30,112,4,6.0,nan,39.0,25,112.0,81.0
52,林園,2021-04-30,150,9,6.0,nan,33.0,18,150.0,67.0
51,大寮,2021-04-30,86,21,8.0,nan,42.0,25,84.0,86.0
50,鳳山,2021-04-30,70,9,8.0,nan,37.0,26,nan,70.0
49,仁武,2021-04-30,126,4,7.0,nan,nan,25,126.0,83.0
48,橋頭,2021-04-30,129,4,6.0,nan,37.0,21,129.0,70.0
47,美濃,2021-04-30,136,4,5.0,nan,27.0,10,136.0,44.0
46,臺南,2021-04-30,112,6,7.0,nan,48.0,31,112.0,73.0
45,安南,2021-04-30,115,6,6.0,nan,43.0,21,115.0,78.0
44,善化,2021-04-30,115,7,6.0,nan,35.0,26,115.0,72.0
43,新營,2021-04-30,136,6,7.0,nan,44.0,26,136.0,78.0
42,嘉義,2021-04-30,93,4,7.0,nan,45.0,24,93.0,75.0
41,臺西,2021-04-30,73,6,7.0,nan,39.0,18,nan,73.0
40,朴子,2021-04-30,115,4,7.0,nan,51.0,20,115.0,72.0
39,新港,2021-04-30,129,4,8.0,nan,48.0,25,129.0,86.0
38,崙背,2021-04-30,126,4,7.0,nan,43.0,21,126.0,79.0
37,斗六,2021-04-30,146,6,6.0,nan,39.0,21,146.0,70.0
36,南投,2021-04-30,136,7,6.0,nan,33.0,20,136.0,60.0
35,二林,2021-04-30,86,11,7.0,nan,50.0,35,67.0,86.0
34,線西,2021-04-30,69,13,8.0,nan,36.0,23,nan,69.0
33,彰化,2021-04-30,156,27,9.0,nan,33.0,29,156.0,67.0
32,西屯,2021-04-30,87,10,8.0,nan,40.0,27,87.0,78.0
31,忠明,2021-04-30,84,7,9.0,nan,35.0,29,84.0,64.0
30,大里,2021-04-30,104,7,8.0,nan,40.0,27,104.0,65.0
29,沙鹿,2021-04-30,140,16,9.0,nan,37.0,28,140.0,67.0
28,豐原,2021-04-30,122,7,6.0,nan,32.0,24,122.0,61.0
27,三義,2021-04-30,71,6,5.0,nan,25.0,17,71.0,44.0
26,苗栗,2021-04-30,58,4,6.0,nan,24.0,20,58.0,45.0
25,頭份,2021-04-30,55,10,6.0,nan,31.0,20,nan,55.0
24,新竹,2021-04-30,161,6,7.0,nan,28.0,21,161.0,49.0
23,竹東,2021-04-30,154,4,6.0,nan,23.0,13,154.0,43.0
22,湖口,2021-04-30,166,6,6.0,nan,28.0,22,166.0,56.0
21,龍潭,2021-04-30,132,6,6.0,nan,26.0,22,132.0,46.0
20,平鎮,2021-04-30,140,7,6.0,nan,29.0,20,140.0,52.0
19,觀音,2021-04-30,146,7,6.0,nan,32.0,28,146.0,63.0
18,大園,2021-04-30,166,6,8.0,nan,32.0,28,166.0,70.0
17,桃園,2021-04-30,146,30,10.0,nan,37.0,33,146.0,68.0
16,大同,2021-04-30,70,9,22.0,nan,39.0,56,nan,70.0
15,松山,2021-04-30,140,4,9.0,nan,30.0,51,140.0,61.0
14,古亭,2021-04-30,156,6,8.0,101.0,31.0,34,156.0,57.0
13,萬華,2021-04-30,151,7,10.0,nan,34.0,57,151.0,58.0
12,中山,2021-04-30,129,9,10.0,nan,36.0,55,129.0,63.0
11,士林,2021-04-30,169,3,8.0,nan,35.0,39,169.0,60.0
10,淡水,2021-04-30,156,6,7.0,nan,32.0,36,156.0,66.0
9,林口,2021-04-30,154,10,7.0,nan,34.0,36,154.0,66.0
8,菜寮,2021-04-30,166,7,9.0,nan,36.0,49,166.0,64.0
7,新莊,2021-04-30,143,13,11.0,nan,36.0,57,143.0,71.0
6,板橋,2021-04-30,122,9,12.0,nan,38.0,64,122.0,66.0
5,土城,2021-04-30,159,9,10.0,101.0,36.0,41,159.0,64.0
4,新店,2021-04-30,172,7,8.0,109.0,30.0,42,172.0,52.0
3,萬里,2021-04-30,146,9,5.0,nan,31.0,15,146.0,54.0
2,汐止,2021-04-30,100,17,7.0,nan,32.0,34,100.0,55.0
1,基隆,2021-04-30,100,7,6.0,nan,29.0,24,100.0,52.0
83,麥寮,2021-04-30,78,9,7.0,nan,39.0,25,nan,78.0
