siteid,sitename,monitordate,aqi,so2subindex,cosubindex,o3subindex,pm10subindex,no2subindex,o38subindex,pm25subindex
65,宜蘭,2021-07-01,34,8,1,,23,3,32,34
23,竹東,2021-07-01,30,5,1,,19,17,30,28
13,萬華,2021-07-01,46,15,3,,,30,46,34
83,麥寮,2021-07-01,25,2,1,,22,7,,25
22,湖口,2021-07-01,30,8,1,,23,20,29,30
63,花蓮,2021-07-01,35,20,2,,19,15,35,28
21,龍潭,2021-07-01,35,5,1,,20,20,35,27
14,古亭,2021-07-01,47,8,2,,24,23,47,37
20,平鎮,2021-07-01,34,8,2,,,25,31,34
80,關山,2021-07-01,28,2,,,12,7,28,19
19,觀音,2021-07-01,25,8,1,,23,10,22,25
64,陽明,2021-07-01,35,5,1,,21,8,35,29
18,大園,2021-07-01,28,10,1,,23,18,28,27
17,桃園,2021-07-01,41,10,2,,29,20,33,41
15,松山,2021-07-01,45,28,3,,,30,45,36
16,大同,2021-07-01,55,12,23,,24,55,,40
62,臺東,2021-07-01,33,2,2,,15,7,33,23
78,馬公,2021-07-01,18,5,1,,18,5,16,14
61,恆春,2021-07-01,25,5,0,,,5,25,20
77,金門,2021-07-01,34,5,0,,26,10,26,34
60,潮州,2021-07-01,29,15,2,,20,15,29,24
59,屏東,2021-07-01,42,5,1,,,12,42,25
58,小港,2021-07-01,30,8,2,,24,28,19,30
57,前鎮,2021-07-01,27,5,3,,20,27,,21
75,馬祖,2021-07-01,41,8,0,,28,13,30,41
56,前金,2021-07-01,22,5,2,,19,13,22,20
54,左營,2021-07-01,25,10,3,,18,25,21,24
53,楠梓,2021-07-01,21,2,1,,21,18,21,20
72,埔里,2021-07-01,32,5,1,,15,12,32,23
52,林園,2021-07-01,34,15,2,,23,18,26,34
51,大寮,2021-07-01,45,45,2,,27,25,24,33
71,復興,2021-07-01,32,8,5,,21,32,,28
50,鳳山,2021-07-01,29,2,5,,17,22,,29
85,大城,2021-07-01,24,10,1,,,12,22,24
49,仁武,2021-07-01,28,10,2,,21,28,25,28
48,橋頭,2021-07-01,27,10,2,,19,17,21,27
70,永和,2021-07-01,32,10,6,,25,27,,32
47,美濃,2021-07-01,31,12,1,,18,7,31,27
46,臺南,2021-07-01,25,8,2,,,25,20,25
45,安南,2021-07-01,28,8,2,,24,20,23,28
44,善化,2021-07-01,26,5,1,,19,17,22,26
43,新營,2021-07-01,28,5,1,,20,10,24,28
42,嘉義,2021-07-01,26,2,2,,20,12,26,24
41,臺西,2021-07-01,24,8,1,,21,12,,24
1,基隆,2021-07-01,47,12,2,,22,43,47,45
69,竹山,2021-07-01,31,5,1,,20,8,31,24
2,汐止,2021-07-01,47,8,3,,25,37,47,36
40,朴子,2021-07-01,33,5,1,,24,25,16,33
39,新港,2021-07-01,27,5,1,,23,15,23,27
3,萬里,2021-07-01,47,10,2,,,17,47,35
38,崙背,2021-07-01,30,8,1,,23,13,20,30
4,新店,2021-07-01,45,5,2,,22,17,45,31
68,中壢,2021-07-01,33,8,9,,20,33,,28
37,斗六,2021-07-01,32,8,2,,,12,32,21
5,土城,2021-07-01,42,8,2,,27,23,42,33
6,板橋,2021-07-01,39,10,2,,24,25,39,31
36,南投,2021-07-01,31,5,1,,20,13,31,25
7,新莊,2021-07-01,42,15,2,,21,17,42,36
35,二林,2021-07-01,29,5,1,,28,13,19,29
67,三重,2021-07-01,50,12,11,,23,50,,38
34,線西,2021-07-01,25,2,1,,,7,,25
84,富貴角,2021-07-01,31,2,1,,21,12,31,26
33,彰化,2021-07-01,25,25,1,,,17,25,23
32,西屯,2021-07-01,30,12,1,,23,22,30,30
31,忠明,2021-07-01,29,5,1,,20,22,25,29
30,大里,2021-07-01,25,5,2,,22,17,24,25
8,菜寮,2021-07-01,42,12,3,,26,18,42,40
9,林口,2021-07-01,37,10,1,,,37,27,30
29,沙鹿,2021-07-01,26,8,1,,19,15,26,23
66,冬山,2021-07-01,31,10,2,,26,17,31,31
28,豐原,2021-07-01,31,5,2,,23,18,31,27
10,淡水,2021-07-01,29,10,2,,21,27,26,29
27,三義,2021-07-01,30,8,1,,22,23,30,24
26,苗栗,2021-07-01,26,8,1,,,15,22,26
11,士林,2021-07-01,44,10,2,,26,27,44,31
25,頭份,2021-07-01,22,8,1,,20,15,,22
24,新竹,2021-07-01,28,8,2,,21,20,28,27
12,中山,2021-07-01,39,10,6,,25,37,39,35
2,汐止,2021-07-02,46,8,2.0,nan,nan,30,46.0,35
36,南投,2021-07-02,35,5,1.0,nan,21.0,12,35.0,29
85,大城,2021-07-02,26,22,1.0,nan,nan,20,19.0,26
7,新莊,2021-07-02,50,32,5.0,nan,21.0,30,50.0,39
84,富貴角,2021-07-02,31,0,1.0,nan,20.0,18,31.0,26
45,安南,2021-07-02,23,8,1.0,nan,22.0,17,23.0,21
83,麥寮,2021-07-02,29,5,1.0,nan,nan,10,nan,29
80,關山,2021-07-02,32,0,nan,nan,16.0,7,32.0,30
44,善化,2021-07-02,23,15,1.0,nan,17.0,17,23.0,21
78,馬公,2021-07-02,17,2,1.0,nan,17.0,5,15.0,11
27,三義,2021-07-02,33,10,1.0,nan,22.0,17,33.0,26
77,金門,2021-07-02,33,5,0.0,nan,24.0,13,25.0,33
30,大里,2021-07-02,29,5,1.0,nan,21.0,17,29.0,29
75,馬祖,2021-07-02,41,8,0.0,nan,26.0,18,38.0,41
43,新營,2021-07-02,28,5,1.0,nan,20.0,8,24.0,28
72,埔里,2021-07-02,37,5,1.0,nan,16.0,10,37.0,30
71,復興,2021-07-02,27,5,3.0,nan,nan,25,nan,27
70,永和,2021-07-02,38,8,8.0,nan,25.0,38,nan,38
69,竹山,2021-07-02,33,5,1.0,nan,20.0,7,33.0,25
35,二林,2021-07-02,28,8,1.0,nan,28.0,17,21.0,28
68,中壢,2021-07-02,35,10,9.0,nan,22.0,33,nan,35
34,線西,2021-07-02,27,5,1.0,nan,nan,12,nan,27
67,三重,2021-07-02,53,20,9.0,nan,21.0,53,nan,44
8,菜寮,2021-07-02,50,12,2.0,nan,26.0,23,50.0,41
29,沙鹿,2021-07-02,28,5,1.0,nan,19.0,17,28.0,21
66,冬山,2021-07-02,35,8,3.0,nan,27.0,22,29.0,35
42,嘉義,2021-07-02,25,5,1.0,nan,21.0,10,25.0,23
3,萬里,2021-07-02,46,12,1.0,nan,nan,12,46.0,30
65,宜蘭,2021-07-02,36,5,1.0,nan,23.0,8,32.0,36
64,陽明,2021-07-02,40,5,1.0,nan,nan,7,40.0,30
63,花蓮,2021-07-02,38,8,1.0,nan,21.0,8,38.0,32
62,臺東,2021-07-02,32,10,2.0,nan,17.0,12,31.0,32
12,中山,2021-07-02,44,12,5.0,nan,26.0,30,44.0,38
61,恆春,2021-07-02,22,2,0.0,nan,nan,3,22.0,19
33,彰化,2021-07-02,29,12,1.0,nan,nan,20,29.0,28
60,潮州,2021-07-02,30,2,2.0,nan,22.0,23,30.0,25
9,林口,2021-07-02,41,10,2.0,nan,nan,37,31.0,41
41,臺西,2021-07-02,25,5,1.0,nan,nan,13,nan,25
4,新店,2021-07-02,74,8,3.0,nan,22.0,17,74.0,37
1,基隆,2021-07-02,39,10,2.0,nan,19.0,35,31.0,39
59,屏東,2021-07-02,38,5,2.0,nan,nan,22,38.0,26
28,豐原,2021-07-02,40,5,1.0,nan,25.0,18,40.0,31
58,小港,2021-07-02,37,8,2.0,nan,nan,37,20.0,31
40,朴子,2021-07-02,37,8,1.0,nan,23.0,13,18.0,37
57,前鎮,2021-07-02,23,5,3.0,nan,19.0,23,nan,23
56,前金,2021-07-02,23,5,2.0,nan,19.0,17,23.0,17
11,士林,2021-07-02,45,12,2.0,nan,26.0,20,45.0,36
5,土城,2021-07-02,74,8,2.0,nan,nan,25,74.0,38
54,左營,2021-07-02,25,8,2.0,nan,19.0,22,23.0,25
39,新港,2021-07-02,25,5,1.0,nan,23.0,15,25.0,24
53,楠梓,2021-07-02,22,5,1.0,nan,nan,17,22.0,19
32,西屯,2021-07-02,34,15,1.0,nan,nan,22,34.0,32
52,林園,2021-07-02,31,12,1.0,nan,22.0,13,26.0,31
26,苗栗,2021-07-02,29,5,2.0,nan,nan,20,25.0,29
51,大寮,2021-07-02,31,18,2.0,nan,nan,22,24.0,31
38,崙背,2021-07-02,30,8,1.0,nan,22.0,13,20.0,30
50,鳳山,2021-07-02,28,5,5.0,nan,16.0,20,nan,28
31,忠明,2021-07-02,34,8,2.0,nan,20.0,20,29.0,34
25,頭份,2021-07-02,31,22,2.0,nan,24.0,28,nan,31
24,新竹,2021-07-02,30,8,2.0,nan,21.0,25,26.0,30
49,仁武,2021-07-02,26,8,2.0,nan,21.0,17,26.0,22
23,竹東,2021-07-02,42,2,2.0,nan,19.0,17,42.0,34
13,萬華,2021-07-02,45,15,3.0,nan,nan,32,45.0,40
22,湖口,2021-07-02,32,10,2.0,nan,22.0,32,27.0,32
21,龍潭,2021-07-02,42,8,2.0,nan,23.0,28,42.0,32
20,平鎮,2021-07-02,38,10,2.0,nan,nan,37,34.0,38
37,斗六,2021-07-02,30,5,1.0,nan,nan,12,30.0,25
48,橋頭,2021-07-02,29,8,1.0,nan,19.0,15,23.0,29
19,觀音,2021-07-02,28,8,1.0,nan,22.0,20,24.0,28
14,古亭,2021-07-02,51,12,2.0,nan,23.0,27,51.0,36
10,淡水,2021-07-02,31,8,2.0,nan,23.0,22,29.0,31
6,板橋,2021-07-02,48,10,3.0,nan,23.0,40,48.0,34
18,大園,2021-07-02,31,8,2.0,nan,nan,27,30.0,31
17,桃園,2021-07-02,46,5,3.0,nan,28.0,30,45.0,46
47,美濃,2021-07-02,31,10,1.0,nan,nan,7,31.0,28
46,臺南,2021-07-02,22,8,1.0,nan,nan,18,21.0,22
15,松山,2021-07-02,48,15,2.0,nan,nan,28,48.0,37
16,大同,2021-07-02,51,12,17.0,nan,33.0,51,nan,48
23,竹東,2021-07-03,41,2,1.0,nan,19.0,12,41.0,37
22,湖口,2021-07-03,39,8,2.0,nan,22.0,33,33.0,39
43,新營,2021-07-03,32,5,1.0,nan,20.0,7,32.0,29
21,龍潭,2021-07-03,45,5,1.0,nan,23.0,20,45.0,36
80,關山,2021-07-03,29,5,nan,nan,15.0,5,29.0,28
36,南投,2021-07-03,39,2,1.0,nan,21.0,10,39.0,33
42,嘉義,2021-07-03,33,5,1.0,nan,20.0,10,33.0,25
20,平鎮,2021-07-03,48,10,2.0,nan,nan,30,41.0,48
19,觀音,2021-07-03,30,10,1.0,nan,23.0,23,25.0,30
50,鳳山,2021-07-03,25,8,2.0,nan,14.0,22,nan,25
18,大園,2021-07-03,39,8,1.0,nan,nan,30,39.0,39
17,桃園,2021-07-03,49,8,3.0,nan,29.0,38,44.0,49
16,大同,2021-07-03,48,5,10.0,nan,33.0,32,nan,48
51,大寮,2021-07-03,25,15,2.0,nan,nan,23,25.0,23
52,林園,2021-07-03,31,5,1.0,nan,21.0,15,24.0,31
83,麥寮,2021-07-03,32,5,1.0,nan,nan,10,nan,32
15,松山,2021-07-03,108,12,2.0,nan,nan,23,108.0,47
53,楠梓,2021-07-03,27,5,2.0,nan,nan,23,27.0,21
54,左營,2021-07-03,22,5,1.0,nan,13.0,13,22.0,19
85,大城,2021-07-03,27,5,0.0,nan,nan,10,26.0,27
14,古亭,2021-07-03,112,12,2.0,nan,24.0,15,112.0,43
35,二林,2021-07-03,35,5,1.0,nan,29.0,23,23.0,35
13,萬華,2021-07-03,97,8,3.0,nan,nan,20,97.0,45
46,臺南,2021-07-03,27,8,1.0,nan,nan,20,27.0,20
56,前金,2021-07-03,24,5,1.0,nan,nan,18,24.0,11
12,中山,2021-07-03,90,8,3.0,nan,27.0,27,90.0,49
11,士林,2021-07-03,80,8,2.0,nan,27.0,17,80.0,48
34,線西,2021-07-03,33,5,1.0,nan,nan,12,nan,33
57,前鎮,2021-07-03,22,2,2.0,nan,16.0,22,nan,20
10,淡水,2021-07-03,36,5,2.0,nan,21.0,23,35.0,36
9,林口,2021-07-03,42,18,2.0,nan,nan,40,41.0,42
58,小港,2021-07-03,25,8,1.0,nan,nan,25,18.0,23
59,屏東,2021-07-03,42,18,2.0,nan,nan,17,42.0,28
8,菜寮,2021-07-03,74,8,2.0,nan,27.0,28,74.0,46
84,富貴角,2021-07-03,45,2,1.0,nan,22.0,30,45.0,37
60,潮州,2021-07-03,30,5,2.0,nan,20.0,8,30.0,26
61,恆春,2021-07-03,21,2,0.0,nan,nan,2,21.0,13
7,新莊,2021-07-03,54,40,3.0,nan,25.0,32,54.0,47
49,仁武,2021-07-03,31,8,1.0,nan,18.0,20,31.0,22
6,板橋,2021-07-03,64,12,3.0,nan,27.0,33,64.0,41
5,土城,2021-07-03,90,5,5.0,nan,nan,40,90.0,48
62,臺東,2021-07-03,27,8,2.0,nan,17.0,10,27.0,25
63,花蓮,2021-07-03,29,5,1.0,nan,20.0,3,28.0,29
4,新店,2021-07-03,118,10,3.0,nan,24.0,25,118.0,41
64,陽明,2021-07-03,47,2,2.0,nan,nan,15,47.0,41
45,安南,2021-07-03,30,2,1.0,nan,18.0,18,30.0,21
3,萬里,2021-07-03,46,15,1.0,nan,nan,20,46.0,37
2,汐止,2021-07-03,84,25,2.0,nan,nan,25,84.0,49
65,宜蘭,2021-07-03,36,5,1.0,nan,22.0,7,31.0,36
1,基隆,2021-07-03,44,12,2.0,nan,22.0,27,41.0,44
41,臺西,2021-07-03,28,5,1.0,nan,nan,12,nan,28
66,冬山,2021-07-03,37,5,2.0,nan,27.0,15,31.0,37
67,三重,2021-07-03,51,12,9.0,nan,25.0,48,nan,51
33,彰化,2021-07-03,33,15,1.0,nan,nan,15,33.0,29
48,橋頭,2021-07-03,26,5,1.0,nan,15.0,22,26.0,25
32,西屯,2021-07-03,38,18,1.0,nan,nan,18,38.0,31
68,中壢,2021-07-03,38,8,8.0,nan,22.0,35,nan,38
69,竹山,2021-07-03,39,8,1.0,nan,19.0,7,39.0,30
31,忠明,2021-07-03,33,8,1.0,nan,20.0,17,32.0,33
40,朴子,2021-07-03,33,5,2.0,nan,21.0,13,22.0,33
30,大里,2021-07-03,36,5,2.0,nan,20.0,13,34.0,36
70,永和,2021-07-03,45,8,8.0,nan,26.0,35,nan,45
39,新港,2021-07-03,31,5,1.0,nan,21.0,17,31.0,31
29,沙鹿,2021-07-03,29,5,1.0,nan,18.0,12,29.0,22
44,善化,2021-07-03,33,5,1.0,nan,16.0,13,33.0,23
28,豐原,2021-07-03,43,5,2.0,nan,24.0,17,43.0,35
71,復興,2021-07-03,21,10,2.0,nan,nan,20,nan,21
38,崙背,2021-07-03,35,5,1.0,nan,23.0,13,26.0,35
27,三義,2021-07-03,32,15,3.0,nan,23.0,17,32.0,28
26,苗栗,2021-07-03,28,5,2.0,nan,nan,17,26.0,28
47,美濃,2021-07-03,43,10,2.0,nan,nan,7,43.0,34
72,埔里,2021-07-03,42,2,1.0,nan,16.0,10,42.0,31
75,馬祖,2021-07-03,41,8,0.0,nan,23.0,22,39.0,41
25,頭份,2021-07-03,32,20,2.0,nan,24.0,25,nan,32
77,金門,2021-07-03,30,5,1.0,nan,19.0,13,30.0,28
37,斗六,2021-07-03,40,8,1.0,nan,nan,8,40.0,27
78,馬公,2021-07-03,19,2,1.0,nan,15.0,8,19.0,12
24,新竹,2021-07-03,38,8,2.0,nan,23.0,23,29.0,38
30,大里,2021-07-04,31,5,2.0,nan,17.0,10,31.0,28
29,沙鹿,2021-07-04,23,8,1.0,nan,15.0,8,23.0,22
28,豐原,2021-07-04,36,8,1.0,nan,21.0,10,35.0,36
27,三義,2021-07-04,31,10,1.0,nan,20.0,7,28.0,31
26,苗栗,2021-07-04,30,10,2.0,nan,nan,10,23.0,30
25,頭份,2021-07-04,32,10,2.0,nan,19.0,23,nan,32
24,新竹,2021-07-04,36,8,2.0,nan,20.0,28,31.0,36
23,竹東,2021-07-04,43,5,2.0,nan,20.0,12,43.0,43
22,湖口,2021-07-04,42,10,2.0,nan,21.0,27,31.0,42
21,龍潭,2021-07-04,49,2,3.0,nan,24.0,17,44.0,49
20,平鎮,2021-07-04,58,20,3.0,nan,nan,30,38.0,58
19,觀音,2021-07-04,33,10,1.0,nan,21.0,23,26.0,33
18,大園,2021-07-04,42,15,2.0,nan,nan,33,28.0,42
17,桃園,2021-07-04,56,12,3.0,nan,28.0,33,41.0,56
16,大同,2021-07-04,49,8,6.0,nan,22.0,22,nan,49
15,松山,2021-07-04,45,8,2.0,nan,nan,20,45.0,39
14,古亭,2021-07-04,50,8,2.0,nan,20.0,15,50.0,44
13,萬華,2021-07-04,47,5,2.0,nan,nan,18,47.0,46
12,中山,2021-07-04,43,5,3.0,nan,22.0,17,43.0,41
11,士林,2021-07-04,44,10,2.0,nan,22.0,13,41.0,44
10,淡水,2021-07-04,34,8,2.0,nan,18.0,17,29.0,34
9,林口,2021-07-04,42,10,2.0,nan,nan,28,34.0,42
8,菜寮,2021-07-04,47,8,2.0,nan,23.0,20,44.0,47
7,新莊,2021-07-04,51,8,3.0,nan,22.0,33,46.0,51
6,板橋,2021-07-04,48,10,3.0,nan,24.0,20,45.0,48
5,土城,2021-07-04,64,8,3.0,nan,nan,20,64.0,50
4,新店,2021-07-04,67,5,2.0,nan,23.0,20,67.0,44
3,萬里,2021-07-04,37,15,1.0,nan,nan,7,36.0,37
2,汐止,2021-07-04,40,8,2.0,nan,nan,20,36.0,40
1,基隆,2021-07-04,33,10,1.0,nan,17.0,20,28.0,33
85,大城,2021-07-04,28,2,1.0,nan,nan,10,28.0,22
84,富貴角,2021-07-04,33,2,1.0,nan,16.0,13,31.0,33
83,麥寮,2021-07-04,24,8,1.0,nan,nan,8,nan,24
80,關山,2021-07-04,18,2,nan,nan,6.0,3,18.0,13
78,馬公,2021-07-04,22,5,1.0,nan,11.0,5,22.0,6
77,金門,2021-07-04,18,5,0.0,nan,11.0,12,18.0,18
75,馬祖,2021-07-04,34,8,0.0,nan,18.0,12,31.0,34
72,埔里,2021-07-04,44,5,1.0,nan,15.0,10,44.0,31
71,復興,2021-07-04,34,12,3.0,nan,nan,30,nan,34
70,永和,2021-07-04,44,8,6.0,nan,21.0,25,nan,44
69,竹山,2021-07-04,38,8,1.0,nan,22.0,12,38.0,38
68,中壢,2021-07-04,52,10,7.0,nan,23.0,35,nan,52
67,三重,2021-07-04,47,8,7.0,nan,19.0,33,nan,47
66,冬山,2021-07-04,25,10,1.0,nan,22.0,12,22.0,25
65,宜蘭,2021-07-04,28,2,1.0,nan,19.0,7,28.0,28
64,陽明,2021-07-04,36,5,1.0,nan,nan,2,32.0,36
63,花蓮,2021-07-04,21,5,1.0,nan,13.0,3,21.0,17
62,臺東,2021-07-04,18,2,1.0,nan,8.0,5,18.0,8
61,恆春,2021-07-04,19,2,0.0,nan,nan,5,19.0,8
60,潮州,2021-07-04,42,5,2.0,nan,17.0,13,42.0,29
59,屏東,2021-07-04,61,10,2.0,nan,nan,10,61.0,29
58,小港,2021-07-04,40,12,1.0,nan,nan,32,40.0,31
57,前鎮,2021-07-04,32,18,3.0,nan,20.0,32,nan,31
56,前金,2021-07-04,48,12,2.0,nan,18.0,27,48.0,24
54,左營,2021-07-04,51,15,2.0,nan,19.0,20,51.0,33
53,楠梓,2021-07-04,49,10,1.0,nan,nan,18,49.0,28
52,林園,2021-07-04,28,10,1.0,nan,17.0,12,28.0,27
51,大寮,2021-07-04,48,25,2.0,nan,nan,20,48.0,43
50,鳳山,2021-07-04,36,8,3.0,nan,18.0,28,nan,36
49,仁武,2021-07-04,61,12,2.0,nan,23.0,18,61.0,28
48,橋頭,2021-07-04,47,18,2.0,nan,18.0,12,47.0,34
47,美濃,2021-07-04,31,8,1.0,nan,nan,3,31.0,28
46,臺南,2021-07-04,34,8,1.0,nan,nan,18,34.0,22
45,安南,2021-07-04,31,8,1.0,nan,18.0,15,31.0,24
44,善化,2021-07-04,27,8,1.0,nan,14.0,10,27.0,22
43,新營,2021-07-04,29,8,1.0,nan,18.0,10,26.0,29
42,嘉義,2021-07-04,28,28,1.0,nan,18.0,15,26.0,27
41,臺西,2021-07-04,21,10,0.0,nan,nan,13,nan,21
40,朴子,2021-07-04,29,2,1.0,nan,19.0,12,19.0,29
39,新港,2021-07-04,28,2,1.0,nan,18.0,12,27.0,28
38,崙背,2021-07-04,36,8,1.0,nan,21.0,12,26.0,36
37,斗六,2021-07-04,38,10,1.0,nan,nan,15,38.0,37
36,南投,2021-07-04,38,18,2.0,nan,19.0,17,38.0,32
35,二林,2021-07-04,35,8,1.0,nan,27.0,18,22.0,35
34,線西,2021-07-04,26,8,1.0,nan,nan,5,nan,26
33,彰化,2021-07-04,30,22,1.0,nan,nan,18,30.0,24
32,西屯,2021-07-04,30,25,2.0,nan,nan,17,29.0,30
31,忠明,2021-07-04,32,18,1.0,nan,18.0,15,25.0,32
12,中山,2021-07-05,31,5,2.0,nan,13.0,23,31.0,16
78,馬公,2021-07-05,34,10,1.0,nan,13.0,12,34.0,7
46,臺南,2021-07-05,31,12,2.0,nan,nan,27,31.0,31
30,大里,2021-07-05,24,2,1.0,nan,12.0,17,24.0,18
80,關山,2021-07-05,16,2,nan,nan,7.0,3,16.0,9
45,安南,2021-07-05,34,10,2.0,nan,23.0,17,32.0,34
2,汐止,2021-07-05,16,5,2.0,nan,nan,13,16.0,9
83,麥寮,2021-07-05,27,5,1.0,nan,nan,10,nan,27
7,新莊,2021-07-05,35,8,1.0,nan,14.0,20,35.0,19
44,善化,2021-07-05,33,12,1.0,nan,23.0,15,33.0,31
84,富貴角,2021-07-05,34,2,1.0,nan,12.0,10,34.0,16
43,新營,2021-07-05,37,10,2.0,nan,24.0,15,31.0,37
85,大城,2021-07-05,39,12,1.0,nan,nan,15,39.0,27
42,嘉義,2021-07-05,31,15,2.0,nan,23.0,15,31.0,31
41,臺西,2021-07-05,29,12,1.0,nan,nan,20,nan,29
40,朴子,2021-07-05,32,5,1.0,nan,20.0,12,25.0,32
39,新港,2021-07-05,40,5,2.0,nan,nan,17,29.0,40
9,林口,2021-07-05,23,10,1.0,nan,nan,23,23.0,17
11,士林,2021-07-05,31,8,1.0,nan,29.0,18,31.0,12
29,沙鹿,2021-07-05,34,5,0.0,nan,nan,12,34.0,11
38,崙背,2021-07-05,41,8,1.0,nan,nan,15,29.0,41
37,斗六,2021-07-05,32,10,1.0,nan,nan,12,32.0,31
24,新竹,2021-07-05,33,12,1.0,nan,16.0,20,33.0,22
28,豐原,2021-07-05,32,5,1.0,nan,18.0,17,32.0,25
21,龍潭,2021-07-05,44,10,2.0,nan,17.0,32,44.0,26
36,南投,2021-07-05,33,12,3.0,nan,17.0,27,33.0,24
4,新店,2021-07-05,31,5,2.0,nan,nan,15,31.0,9
10,淡水,2021-07-05,28,8,1.0,nan,9.0,20,28.0,12
23,竹東,2021-07-05,44,2,0.0,nan,15.0,17,44.0,26
27,三義,2021-07-05,29,8,1.0,nan,13.0,17,29.0,18
35,二林,2021-07-05,38,8,1.0,nan,24.0,38,26.0,30
3,萬里,2021-07-05,27,8,0.0,nan,nan,5,27.0,9
8,菜寮,2021-07-05,41,5,2.0,nan,14.0,13,41.0,16
34,線西,2021-07-05,20,8,1.0,nan,nan,8,nan,20
66,冬山,2021-07-05,17,5,2.0,nan,17.0,13,16.0,11
20,平鎮,2021-07-05,29,8,2.0,nan,nan,25,29.0,29
67,三重,2021-07-05,35,10,8.0,nan,nan,35,nan,16
16,大同,2021-07-05,37,8,12.0,nan,18.0,37,nan,24
26,苗栗,2021-07-05,28,10,1.0,nan,nan,17,28.0,15
33,彰化,2021-07-05,30,25,5.0,nan,nan,17,30.0,17
17,桃園,2021-07-05,31,10,2.0,nan,19.0,23,31.0,26
65,宜蘭,2021-07-05,17,5,1.0,nan,nan,3,17.0,15
68,中壢,2021-07-05,30,8,7.0,nan,nan,30,nan,28
22,湖口,2021-07-05,29,8,2.0,nan,17.0,22,29.0,27
64,陽明,2021-07-05,30,2,1.0,nan,nan,7,30.0,9
63,花蓮,2021-07-05,17,2,1.0,nan,14.0,10,17.0,13
62,臺東,2021-07-05,18,2,2.0,nan,11.0,5,18.0,3
69,竹山,2021-07-05,38,8,2.0,nan,nan,17,38.0,32
32,西屯,2021-07-05,32,12,1.0,nan,nan,17,32.0,23
15,松山,2021-07-05,22,5,2.0,nan,nan,17,22.0,11
70,永和,2021-07-05,43,5,7.0,nan,12.0,43,nan,17
61,恆春,2021-07-05,19,2,0.0,nan,nan,2,19.0,8
60,潮州,2021-07-05,43,12,7.0,nan,24.0,23,43.0,38
19,觀音,2021-07-05,32,15,3.0,nan,16.0,32,25.0,21
59,屏東,2021-07-05,77,10,2.0,nan,nan,20,77.0,42
58,小港,2021-07-05,56,20,3.0,nan,nan,56,37.0,43
14,古亭,2021-07-05,32,5,1.0,nan,9.0,32,29.0,13
71,復興,2021-07-05,45,10,6.0,nan,nan,45,nan,40
31,忠明,2021-07-05,25,2,0.0,nan,12.0,23,25.0,23
57,前鎮,2021-07-05,47,12,5.0,nan,25.0,47,nan,36
6,板橋,2021-07-05,33,8,2.0,nan,14.0,20,33.0,17
56,前金,2021-07-05,40,8,3.0,nan,24.0,33,40.0,35
54,左營,2021-07-05,38,10,3.0,nan,23.0,38,35.0,38
72,埔里,2021-07-05,42,5,1.0,nan,12.0,15,42.0,24
1,基隆,2021-07-05,15,5,0.0,nan,nan,3,15.0,11
53,楠梓,2021-07-05,35,5,2.0,nan,nan,28,35.0,33
75,馬祖,2021-07-05,32,8,0.0,nan,18.0,13,32.0,25
5,土城,2021-07-05,37,8,2.0,nan,nan,23,37.0,20
18,大園,2021-07-05,27,20,2.0,nan,nan,27,22.0,26
25,頭份,2021-07-05,18,12,1.0,nan,nan,18,nan,16
52,林園,2021-07-05,61,12,2.0,nan,14.0,33,61.0,51
51,大寮,2021-07-05,55,40,5.0,nan,nan,55,34.0,49
13,萬華,2021-07-05,31,5,2.0,nan,nan,27,31.0,16
50,鳳山,2021-07-05,43,8,6.0,nan,21.0,40,nan,43
49,仁武,2021-07-05,40,18,3.0,nan,16.0,40,23.0,40
48,橋頭,2021-07-05,39,8,2.0,nan,22.0,30,33.0,39
77,金門,2021-07-05,32,10,1.0,nan,17.0,22,32.0,22
47,美濃,2021-07-05,34,5,1.0,nan,nan,7,34.0,27
69,竹山,2021-07-06,45,8,2.0,nan,nan,15,44.0,45
20,平鎮,2021-07-06,48,8,2.0,nan,27.0,27,36.0,48
21,龍潭,2021-07-06,44,5,2.0,nan,24.0,18,43.0,44
6,板橋,2021-07-06,28,10,3.0,nan,21.0,25,24.0,28
22,湖口,2021-07-06,40,8,2.0,nan,24.0,25,40.0,39
23,竹東,2021-07-06,36,2,1.0,nan,17.0,10,36.0,34
24,新竹,2021-07-06,37,8,2.0,nan,24.0,23,35.0,37
25,頭份,2021-07-06,34,8,1.0,nan,nan,30,nan,34
7,新莊,2021-07-06,46,8,3.0,nan,19.0,32,46.0,31
26,苗栗,2021-07-06,33,5,2.0,nan,22.0,13,27.0,33
8,菜寮,2021-07-06,40,5,3.0,nan,20.0,37,40.0,30
27,三義,2021-07-06,39,8,2.0,nan,27.0,15,31.0,39
28,豐原,2021-07-06,43,5,2.0,nan,29.0,20,33.0,43
29,沙鹿,2021-07-06,33,5,1.0,nan,nan,17,33.0,23
30,大里,2021-07-06,39,5,2.0,nan,25.0,23,30.0,39
31,忠明,2021-07-06,38,5,2.0,nan,21.0,23,29.0,38
32,西屯,2021-07-06,37,12,1.0,nan,nan,27,35.0,37
9,林口,2021-07-06,42,10,2.0,nan,21.0,28,42.0,31
33,彰化,2021-07-06,32,10,1.0,nan,19.0,12,32.0,27
34,線西,2021-07-06,31,5,1.0,nan,nan,8,nan,31
35,二林,2021-07-06,44,10,1.0,nan,31.0,22,28.0,44
36,南投,2021-07-06,49,10,2.0,nan,25.0,15,38.0,49
37,斗六,2021-07-06,41,10,2.0,nan,nan,12,41.0,40
38,崙背,2021-07-06,39,5,0.0,nan,nan,10,29.0,39
10,淡水,2021-07-06,36,8,2.0,nan,19.0,25,36.0,21
39,新港,2021-07-06,36,2,1.0,nan,nan,10,33.0,36
40,朴子,2021-07-06,31,2,1.0,nan,nan,13,25.0,31
2,汐止,2021-07-06,35,2,2.0,nan,16.0,35,15.0,21
41,臺西,2021-07-06,28,15,1.0,nan,nan,8,nan,28
11,士林,2021-07-06,36,8,3.0,nan,20.0,27,36.0,26
42,嘉義,2021-07-06,40,15,1.0,nan,24.0,33,40.0,35
43,新營,2021-07-06,39,8,2.0,nan,21.0,15,37.0,39
44,善化,2021-07-06,36,8,2.0,nan,18.0,18,36.0,32
4,新店,2021-07-06,46,8,3.0,nan,nan,32,46.0,24
45,安南,2021-07-06,34,8,2.0,nan,18.0,28,34.0,29
12,中山,2021-07-06,42,5,6.0,nan,20.0,42,32.0,23
46,臺南,2021-07-06,33,5,1.0,nan,15.0,20,33.0,29
47,美濃,2021-07-06,45,10,2.0,nan,nan,7,45.0,31
48,橋頭,2021-07-06,36,10,2.0,nan,16.0,33,31.0,36
49,仁武,2021-07-06,39,12,3.0,nan,nan,33,34.0,39
50,鳳山,2021-07-06,43,10,6.0,nan,18.0,43,nan,39
51,大寮,2021-07-06,32,5,1.0,nan,15.0,22,32.0,30
52,林園,2021-07-06,37,12,3.0,nan,nan,30,35.0,37
53,楠梓,2021-07-06,32,18,3.0,nan,nan,30,30.0,32
13,萬華,2021-07-06,48,8,5.0,nan,21.0,48,38.0,31
54,左營,2021-07-06,34,8,2.0,nan,14.0,30,31.0,34
56,前金,2021-07-06,32,10,2.0,nan,16.0,30,32.0,31
57,前鎮,2021-07-06,37,8,5.0,nan,17.0,37,nan,32
14,古亭,2021-07-06,40,5,3.0,nan,17.0,40,40.0,27
1,基隆,2021-07-06,24,8,1.0,nan,nan,15,24.0,20
58,小港,2021-07-06,47,15,3.0,nan,nan,47,25.0,37
59,屏東,2021-07-06,40,8,3.0,nan,17.0,20,40.0,29
60,潮州,2021-07-06,27,0,2.0,nan,14.0,13,27.0,21
61,恆春,2021-07-06,23,2,0.0,nan,8.0,3,23.0,6
15,松山,2021-07-06,43,8,3.0,nan,22.0,43,24.0,24
62,臺東,2021-07-06,32,2,2.0,nan,9.0,10,32.0,7
63,花蓮,2021-07-06,29,8,1.0,nan,16.0,8,29.0,14
64,陽明,2021-07-06,32,2,1.0,nan,nan,7,32.0,21
5,土城,2021-07-06,61,8,2.0,nan,nan,28,61.0,34
65,宜蘭,2021-07-06,27,2,1.0,nan,nan,10,27.0,15
66,冬山,2021-07-06,24,2,1.0,nan,14.0,18,24.0,12
67,三重,2021-07-06,51,8,11.0,nan,nan,51,nan,32
16,大同,2021-07-06,37,8,10.0,nan,23.0,37,nan,34
68,中壢,2021-07-06,42,8,9.0,nan,nan,37,nan,42
17,桃園,2021-07-06,44,2,2.0,nan,27.0,20,44.0,42
70,永和,2021-07-06,51,10,8.0,nan,18.0,51,nan,28
71,復興,2021-07-06,38,5,3.0,nan,nan,38,nan,37
18,大園,2021-07-06,37,8,1.0,nan,nan,17,35.0,37
72,埔里,2021-07-06,38,2,2.0,nan,13.0,13,38.0,30
75,馬祖,2021-07-06,31,8,1.0,nan,25.0,25,31.0,29
77,金門,2021-07-06,46,12,1.0,nan,23.0,27,46.0,38
78,馬公,2021-07-06,32,8,1.0,nan,17.0,7,32.0,19
80,關山,2021-07-06,31,2,nan,nan,5.0,5,31.0,8
19,觀音,2021-07-06,32,10,1.0,nan,24.0,20,31.0,32
83,麥寮,2021-07-06,30,2,1.0,nan,nan,12,nan,30
84,富貴角,2021-07-06,32,5,1.0,nan,21.0,7,32.0,21
3,萬里,2021-07-06,40,8,1.0,nan,21.0,23,40.0,23
85,大城,2021-07-06,30,18,0.0,nan,20.0,20,30.0,26
45,安南,2021-07-07,25,10,2.0,nan,18.0,18,25.0,22
40,朴子,2021-07-07,28,8,1.0,nan,nan,17,20.0,28
39,新港,2021-07-07,53,48,1.0,nan,nan,53,31.0,27
38,崙背,2021-07-07,41,5,1.0,nan,nan,27,26.0,41
37,斗六,2021-07-07,34,8,1.0,nan,18.0,17,34.0,29
41,臺西,2021-07-07,25,8,0.0,nan,17.0,15,nan,25
36,南投,2021-07-07,36,5,2.0,nan,19.0,15,36.0,35
42,嘉義,2021-07-07,35,5,1.0,nan,16.0,35,31.0,21
35,二林,2021-07-07,47,8,1.0,nan,32.0,47,22.0,47
34,線西,2021-07-07,32,8,1.0,nan,nan,20,nan,32
43,新營,2021-07-07,31,5,1.0,nan,18.0,15,31.0,30
33,彰化,2021-07-07,30,28,1.0,nan,18.0,15,27.0,30
44,善化,2021-07-07,26,5,1.0,nan,16.0,22,26.0,21
32,西屯,2021-07-07,34,8,1.0,nan,21.0,25,31.0,34
31,忠明,2021-07-07,32,5,1.0,nan,18.0,25,26.0,32
30,大里,2021-07-07,39,5,2.0,nan,21.0,27,30.0,39
29,沙鹿,2021-07-07,27,12,5.0,nan,nan,25,21.0,27
28,豐原,2021-07-07,35,8,2.0,nan,24.0,18,34.0,35
27,三義,2021-07-07,30,8,1.0,nan,20.0,13,28.0,30
26,苗栗,2021-07-07,24,5,1.0,nan,17.0,15,23.0,24
25,頭份,2021-07-07,29,8,1.0,nan,nan,20,nan,29
24,新竹,2021-07-07,31,10,2.0,nan,16.0,20,31.0,31
23,竹東,2021-07-07,35,5,1.0,nan,16.0,12,35.0,32
22,湖口,2021-07-07,36,10,1.0,nan,17.0,22,31.0,36
21,龍潭,2021-07-07,37,2,2.0,nan,17.0,20,37.0,34
20,平鎮,2021-07-07,40,8,2.0,nan,18.0,23,31.0,40
19,觀音,2021-07-07,31,8,2.0,nan,19.0,22,30.0,31
18,大園,2021-07-07,37,8,2.0,nan,19.0,23,31.0,37
17,桃園,2021-07-07,42,8,3.0,nan,22.0,37,34.0,42
16,大同,2021-07-07,48,5,15.0,nan,24.0,47,nan,48
15,松山,2021-07-07,50,28,5.0,nan,24.0,37,50.0,42
14,古亭,2021-07-07,47,15,3.0,nan,21.0,35,47.0,47
13,萬華,2021-07-07,49,8,6.0,nan,24.0,42,39.0,49
12,中山,2021-07-07,47,5,7.0,nan,23.0,42,35.0,47
11,士林,2021-07-07,40,5,3.0,nan,20.0,32,40.0,38
10,淡水,2021-07-07,36,8,2.0,nan,18.0,27,34.0,36
9,林口,2021-07-07,35,10,2.0,nan,18.0,33,34.0,35
8,菜寮,2021-07-07,50,8,5.0,nan,23.0,40,38.0,50
7,新莊,2021-07-07,51,32,3.0,nan,22.0,37,36.0,51
6,板橋,2021-07-07,49,5,5.0,nan,24.0,38,22.0,49
5,土城,2021-07-07,55,5,3.0,nan,27.0,33,43.0,55
4,新店,2021-07-07,71,10,3.0,nan,nan,32,71.0,43
3,萬里,2021-07-07,71,2,2.0,nan,22.0,12,71.0,41
2,汐止,2021-07-07,48,32,3.0,nan,25.0,35,48.0,45
1,基隆,2021-07-07,45,8,2.0,nan,nan,33,45.0,38
85,大城,2021-07-07,29,5,1.0,nan,25.0,12,24.0,29
84,富貴角,2021-07-07,51,2,2.0,nan,19.0,12,51.0,32
83,麥寮,2021-07-07,30,5,1.0,nan,21.0,20,nan,30
80,關山,2021-07-07,21,2,nan,nan,10.0,5,21.0,11
78,馬公,2021-07-07,20,8,0.0,nan,14.0,10,20.0,10
77,金門,2021-07-07,25,2,0.0,nan,13.0,17,25.0,12
75,馬祖,2021-07-07,39,2,0.0,nan,16.0,13,39.0,31
72,埔里,2021-07-07,41,2,1.0,nan,13.0,8,41.0,27
71,復興,2021-07-07,25,10,2.0,nan,15.0,15,nan,25
70,永和,2021-07-07,52,12,10.0,nan,26.0,52,nan,50
69,竹山,2021-07-07,35,2,1.0,nan,nan,13,35.0,25
68,中壢,2021-07-07,40,5,8.0,nan,nan,40,nan,39
67,三重,2021-07-07,53,8,10.0,nan,nan,53,nan,50
66,冬山,2021-07-07,35,5,2.0,nan,24.0,20,35.0,29
65,宜蘭,2021-07-07,34,2,1.0,nan,nan,7,34.0,29
64,陽明,2021-07-07,33,5,1.0,nan,6.0,12,33.0,31
63,花蓮,2021-07-07,22,10,1.0,nan,17.0,5,22.0,20
62,臺東,2021-07-07,19,2,2.0,nan,12.0,10,19.0,9
61,恆春,2021-07-07,22,2,0.0,nan,9.0,3,22.0,12
60,潮州,2021-07-07,18,2,1.0,nan,16.0,7,18.0,18
59,屏東,2021-07-07,26,2,1.0,nan,21.0,20,26.0,19
58,小港,2021-07-07,38,38,5.0,nan,23.0,27,17.0,32
57,前鎮,2021-07-07,22,12,2.0,nan,18.0,15,nan,22
56,前金,2021-07-07,22,10,1.0,nan,17.0,22,21.0,17
54,左營,2021-07-07,23,10,2.0,nan,16.0,13,16.0,23
53,楠梓,2021-07-07,22,18,3.0,nan,17.0,22,20.0,18
52,林園,2021-07-07,26,2,0.0,nan,nan,3,26.0,25
51,大寮,2021-07-07,20,2,0.0,nan,16.0,7,20.0,20
50,鳳山,2021-07-07,30,10,2.0,nan,15.0,30,nan,30
49,仁武,2021-07-07,25,5,2.0,nan,nan,22,21.0,25
48,橋頭,2021-07-07,21,10,2.0,nan,14.0,13,21.0,21
47,美濃,2021-07-07,30,5,1.0,nan,28.0,8,28.0,30
46,臺南,2021-07-07,25,10,1.0,nan,nan,23,24.0,25
39,新港,2021-07-08,85,85,1.0,nan,nan,45,27.0,28
85,大城,2021-07-08,28,2,1.0,nan,21.0,17,26.0,28
84,富貴角,2021-07-08,37,5,1.0,nan,15.0,13,37.0,31
83,麥寮,2021-07-08,25,8,1.0,nan,18.0,25,nan,24
80,關山,2021-07-08,17,2,nan,nan,9.0,7,17.0,9
78,馬公,2021-07-08,20,5,1.0,nan,13.0,8,20.0,8
77,金門,2021-07-08,30,18,0.0,nan,14.0,30,26.0,13
75,馬祖,2021-07-08,42,2,1.0,nan,19.0,23,42.0,31
72,埔里,2021-07-08,41,2,8.0,nan,15.0,10,41.0,29
71,復興,2021-07-08,37,10,2.0,nan,17.0,37,nan,28
70,永和,2021-07-08,45,5,9.0,nan,23.0,42,nan,45
69,竹山,2021-07-08,35,2,1.0,nan,nan,10,35.0,24
68,中壢,2021-07-08,37,5,8.0,nan,nan,37,nan,32
67,三重,2021-07-08,55,8,14.0,nan,nan,55,nan,52
66,冬山,2021-07-08,31,5,2.0,nan,23.0,15,31.0,29
65,宜蘭,2021-07-08,31,2,1.0,nan,nan,10,28.0,31
64,陽明,2021-07-08,39,2,1.0,nan,nan,13,39.0,35
63,花蓮,2021-07-08,18,2,0.0,nan,nan,5,18.0,18
62,臺東,2021-07-08,13,5,2.0,nan,nan,12,13.0,8
61,恆春,2021-07-08,17,2,0.0,nan,6.0,3,17.0,6
60,潮州,2021-07-08,30,5,2.0,nan,17.0,15,30.0,20
59,屏東,2021-07-08,41,2,2.0,nan,20.0,23,41.0,26
58,小港,2021-07-08,30,12,2.0,nan,20.0,30,15.0,27
57,前鎮,2021-07-08,38,12,3.0,nan,nan,38,nan,24
56,前金,2021-07-08,25,8,2.0,nan,nan,17,25.0,16
54,左營,2021-07-08,25,5,1.0,nan,nan,22,25.0,20
53,楠梓,2021-07-08,30,8,1.0,nan,17.0,17,30.0,21
52,林園,2021-07-08,22,20,1.0,nan,nan,13,22.0,22
51,大寮,2021-07-08,25,15,2.0,nan,21.0,22,24.0,25
50,鳳山,2021-07-08,38,10,2.0,nan,17.0,38,nan,22
49,仁武,2021-07-08,35,15,2.0,nan,nan,20,35.0,25
48,橋頭,2021-07-08,29,5,1.0,nan,15.0,17,29.0,25
47,美濃,2021-07-08,35,2,1.0,nan,17.0,8,35.0,30
46,臺南,2021-07-08,32,8,2.0,nan,nan,17,32.0,23
45,安南,2021-07-08,32,8,1.0,nan,nan,17,32.0,21
44,善化,2021-07-08,32,5,1.0,nan,17.0,17,32.0,23
43,新營,2021-07-08,30,2,1.0,nan,16.0,10,30.0,23
42,嘉義,2021-07-08,27,2,1.0,nan,16.0,23,27.0,23
41,臺西,2021-07-08,26,8,1.0,nan,16.0,17,nan,26
40,朴子,2021-07-08,21,5,1.0,nan,nan,13,19.0,21
38,崙背,2021-07-08,34,5,1.0,nan,nan,30,28.0,34
37,斗六,2021-07-08,37,5,1.0,nan,17.0,15,37.0,23
36,南投,2021-07-08,34,5,1.0,nan,18.0,13,34.0,30
35,二林,2021-07-08,33,8,1.0,nan,27.0,18,22.0,33
34,線西,2021-07-08,27,15,1.0,nan,nan,18,nan,27
33,彰化,2021-07-08,45,45,1.0,nan,16.0,17,30.0,24
32,西屯,2021-07-08,31,5,1.0,nan,20.0,20,31.0,26
31,忠明,2021-07-08,32,8,1.0,nan,18.0,22,26.0,32
30,大里,2021-07-08,32,8,1.0,nan,20.0,18,31.0,32
29,沙鹿,2021-07-08,32,32,3.0,nan,nan,18,21.0,23
28,豐原,2021-07-08,32,15,2.0,nan,22.0,20,32.0,28
27,三義,2021-07-08,25,10,1.0,nan,18.0,25,25.0,22
26,苗栗,2021-07-08,22,5,2.0,nan,15.0,18,22.0,21
25,頭份,2021-07-08,30,10,2.0,nan,nan,30,nan,28
24,新竹,2021-07-08,29,5,2.0,nan,nan,25,24.0,29
23,竹東,2021-07-08,36,2,1.0,nan,17.0,10,36.0,27
22,湖口,2021-07-08,31,10,1.0,nan,nan,30,27.0,31
21,龍潭,2021-07-08,44,2,2.0,nan,19.0,15,44.0,29
20,平鎮,2021-07-08,36,5,1.0,nan,18.0,23,30.0,36
19,觀音,2021-07-08,30,5,1.0,nan,20.0,25,25.0,30
18,大園,2021-07-08,35,8,1.0,nan,20.0,25,27.0,35
17,桃園,2021-07-08,40,5,2.0,nan,22.0,35,33.0,40
16,大同,2021-07-08,58,10,30.0,nan,29.0,58,nan,53
15,松山,2021-07-08,80,12,3.0,nan,27.0,33,80.0,53
14,古亭,2021-07-08,48,5,2.0,nan,nan,23,48.0,39
13,萬華,2021-07-08,47,8,3.0,nan,24.0,30,43.0,47
12,中山,2021-07-08,47,8,5.0,nan,23.0,38,41.0,47
11,士林,2021-07-08,41,5,3.0,nan,nan,30,38.0,41
10,淡水,2021-07-08,38,5,3.0,nan,20.0,27,30.0,38
9,林口,2021-07-08,33,10,2.0,nan,20.0,28,33.0,32
8,菜寮,2021-07-08,46,8,3.0,nan,24.0,35,40.0,46
7,新莊,2021-07-08,48,38,3.0,nan,22.0,27,44.0,48
6,板橋,2021-07-08,43,8,2.0,nan,24.0,28,43.0,41
5,土城,2021-07-08,38,8,2.0,nan,25.0,25,26.0,38
4,新店,2021-07-08,67,5,2.0,nan,nan,20,67.0,40
3,萬里,2021-07-08,67,5,2.0,nan,21.0,15,67.0,45
2,汐止,2021-07-08,80,25,3.0,nan,29.0,33,80.0,56
1,基隆,2021-07-08,51,5,2.0,nan,nan,22,50.0,51
1,基隆,2021-07-09,61,12,2.0,nan,nan,40,61.0,44
34,線西,2021-07-09,18,5,1.0,nan,nan,13,nan,18
85,大城,2021-07-09,25,5,1.0,nan,21.0,13,25.0,18
33,彰化,2021-07-09,32,22,1.0,nan,16.0,15,32.0,17
84,富貴角,2021-07-09,33,5,1.0,nan,16.0,20,33.0,23
23,竹東,2021-07-09,32,5,1.0,nan,16.0,12,32.0,27
83,麥寮,2021-07-09,22,8,1.0,nan,20.0,20,nan,22
35,二林,2021-07-09,30,10,1.0,nan,25.0,15,22.0,30
22,湖口,2021-07-09,30,8,1.0,nan,nan,30,27.0,27
80,關山,2021-07-09,19,2,nan,nan,nan,5,19.0,12
21,龍潭,2021-07-09,42,2,2.0,nan,18.0,20,42.0,26
78,馬公,2021-07-09,19,2,1.0,nan,10.0,3,19.0,1
77,金門,2021-07-09,24,2,0.0,nan,11.0,17,24.0,15
32,西屯,2021-07-09,36,5,1.0,nan,22.0,25,36.0,23
75,馬祖,2021-07-09,48,2,1.0,nan,23.0,35,48.0,36
31,忠明,2021-07-09,25,5,1.0,nan,nan,22,20.0,25
72,埔里,2021-07-09,43,2,1.0,nan,nan,8,43.0,31
20,平鎮,2021-07-09,32,5,1.0,nan,17.0,30,32.0,32
19,觀音,2021-07-09,25,5,1.0,nan,18.0,25,24.0,19
30,大里,2021-07-09,37,8,1.0,nan,20.0,18,37.0,27
71,復興,2021-07-09,28,8,3.0,nan,16.0,28,nan,21
18,大園,2021-07-09,28,8,2.0,nan,18.0,23,28.0,26
37,斗六,2021-07-09,41,2,1.0,nan,17.0,10,41.0,22
70,永和,2021-07-09,52,20,8.0,nan,23.0,52,nan,37
17,桃園,2021-07-09,32,8,2.0,nan,20.0,32,30.0,32
69,竹山,2021-07-09,44,5,1.0,nan,nan,13,44.0,27
16,大同,2021-07-09,57,12,18.0,nan,29.0,57,nan,49
68,中壢,2021-07-09,38,8,8.0,nan,nan,38,nan,24
15,松山,2021-07-09,74,30,3.0,nan,24.0,40,74.0,38
67,三重,2021-07-09,51,10,9.0,nan,nan,51,nan,37
29,沙鹿,2021-07-09,20,20,3.0,nan,nan,18,20.0,9
66,冬山,2021-07-09,31,5,3.0,nan,nan,20,31.0,23
14,古亭,2021-07-09,58,20,2.0,nan,nan,40,58.0,37
65,宜蘭,2021-07-09,30,5,1.0,nan,nan,10,30.0,29
2,汐止,2021-07-09,84,32,3.0,nan,23.0,37,84.0,43
64,陽明,2021-07-09,38,8,1.0,nan,17.0,13,38.0,18
36,南投,2021-07-09,44,5,1.0,nan,20.0,13,44.0,32
28,豐原,2021-07-09,42,18,3.0,nan,21.0,28,42.0,27
63,花蓮,2021-07-09,19,15,0.0,nan,12.0,7,19.0,11
13,萬華,2021-07-09,47,28,3.0,nan,24.0,47,42.0,41
62,臺東,2021-07-09,15,2,2.0,nan,nan,10,15.0,9
46,臺南,2021-07-09,37,2,1.0,nan,nan,18,37.0,17
61,恆春,2021-07-09,16,2,0.0,nan,7.0,2,16.0,5
12,中山,2021-07-09,51,35,5.0,nan,23.0,51,40.0,38
11,士林,2021-07-09,35,10,3.0,nan,nan,30,29.0,35
60,潮州,2021-07-09,35,5,2.0,nan,19.0,15,35.0,19
27,三義,2021-07-09,31,8,2.0,nan,17.0,20,31.0,24
59,屏東,2021-07-09,50,2,2.0,nan,19.0,18,50.0,20
58,小港,2021-07-09,32,10,2.0,nan,nan,32,27.0,28
10,淡水,2021-07-09,29,8,2.0,nan,17.0,28,29.0,28
57,前鎮,2021-07-09,27,8,3.0,nan,nan,27,nan,19
26,苗栗,2021-07-09,23,8,2.0,nan,16.0,22,23.0,17
56,前金,2021-07-09,42,8,2.0,nan,19.0,22,42.0,13
9,林口,2021-07-09,32,15,2.0,nan,18.0,32,31.0,28
8,菜寮,2021-07-09,39,12,3.0,nan,nan,30,39.0,36
44,善化,2021-07-09,21,18,1.0,nan,nan,15,20.0,21
54,左營,2021-07-09,39,10,2.0,nan,nan,22,39.0,22
53,楠梓,2021-07-09,44,15,2.0,nan,22.0,22,44.0,23
38,崙背,2021-07-09,30,12,1.0,nan,nan,23,30.0,28
7,新莊,2021-07-09,41,20,3.0,nan,21.0,32,41.0,38
52,林園,2021-07-09,30,12,1.0,nan,nan,13,30.0,27
43,新營,2021-07-09,33,5,1.0,nan,16.0,8,33.0,19
6,板橋,2021-07-09,40,18,3.0,nan,21.0,38,40.0,30
25,頭份,2021-07-09,32,15,1.0,nan,nan,32,nan,24
51,大寮,2021-07-09,45,25,3.0,nan,21.0,45,30.0,29
45,安南,2021-07-09,37,2,1.0,nan,nan,20,37.0,14
5,土城,2021-07-09,46,12,3.0,nan,23.0,40,46.0,30
50,鳳山,2021-07-09,27,15,5.0,nan,17.0,25,nan,27
42,嘉義,2021-07-09,33,5,1.0,nan,17.0,25,33.0,18
49,仁武,2021-07-09,46,10,2.0,nan,nan,27,46.0,24
47,美濃,2021-07-09,44,5,1.0,nan,19.0,13,44.0,25
41,臺西,2021-07-09,17,5,1.0,nan,15.0,17,nan,16
48,橋頭,2021-07-09,42,8,2.0,nan,19.0,18,42.0,27
4,新店,2021-07-09,80,20,3.0,nan,nan,40,80.0,36
40,朴子,2021-07-09,24,5,1.0,nan,nan,13,24.0,19
24,新竹,2021-07-09,26,5,1.0,nan,nan,25,26.0,26
3,萬里,2021-07-09,71,8,2.0,nan,19.0,22,71.0,37
39,新港,2021-07-09,57,22,1.0,nan,nan,57,31.0,19
70,永和,2021-07-10,43,10,7.0,nan,23.0,38,nan,43
71,復興,2021-07-10,24,10,2.0,nan,19.0,22,nan,24
72,埔里,2021-07-10,41,2,1.0,nan,nan,8,41.0,28
7,新莊,2021-07-10,44,20,3.0,nan,20.0,30,33.0,44
8,菜寮,2021-07-10,36,10,2.0,nan,nan,35,30.0,36
75,馬祖,2021-07-10,33,8,1.0,nan,18.0,33,32.0,25
77,金門,2021-07-10,22,2,0.0,nan,13.0,22,18.0,12
78,馬公,2021-07-10,16,5,0.0,nan,11.0,8,16.0,4
9,林口,2021-07-10,35,12,2.0,nan,19.0,35,26.0,27
80,關山,2021-07-10,17,2,nan,nan,nan,5,17.0,8
10,淡水,2021-07-10,25,2,1.0,nan,13.0,25,18.0,23
83,麥寮,2021-07-10,23,5,1.0,nan,15.0,22,nan,23
84,富貴角,2021-07-10,31,5,1.0,nan,15.0,23,31.0,25
11,士林,2021-07-10,36,8,2.0,nan,nan,35,29.0,36
85,大城,2021-07-10,19,5,1.0,nan,17.0,13,19.0,18
12,中山,2021-07-10,40,10,3.0,nan,24.0,33,39.0,40
13,萬華,2021-07-10,44,8,3.0,nan,23.0,33,40.0,44
14,古亭,2021-07-10,58,12,2.0,nan,nan,23,58.0,43
15,松山,2021-07-10,64,10,2.0,nan,25.0,23,64.0,46
16,大同,2021-07-10,42,8,10.0,nan,27.0,33,nan,42
17,桃園,2021-07-10,34,5,2.0,nan,20.0,25,29.0,34
18,大園,2021-07-10,27,5,1.0,nan,18.0,27,20.0,25
30,大里,2021-07-10,26,2,1.0,nan,nan,12,26.0,23
19,觀音,2021-07-10,18,5,1.0,nan,16.0,18,16.0,18
20,平鎮,2021-07-10,33,8,2.0,nan,19.0,32,23.0,33
21,龍潭,2021-07-10,33,2,2.0,nan,18.0,20,33.0,23
22,湖口,2021-07-10,30,8,2.0,nan,nan,30,18.0,22
23,竹東,2021-07-10,28,2,1.0,nan,15.0,8,28.0,28
24,新竹,2021-07-10,25,5,2.0,nan,nan,25,16.0,19
34,線西,2021-07-10,27,5,1.0,nan,27.0,12,nan,16
25,頭份,2021-07-10,25,12,1.0,nan,14.0,25,nan,17
33,彰化,2021-07-10,23,15,1.0,nan,14.0,12,23.0,14
26,苗栗,2021-07-10,18,5,1.0,nan,14.0,18,15.0,17
32,西屯,2021-07-10,28,5,1.0,nan,19.0,18,26.0,28
27,三義,2021-07-10,20,5,1.0,nan,17.0,12,20.0,17
28,豐原,2021-07-10,26,18,2.0,nan,21.0,25,26.0,23
31,忠明,2021-07-10,25,5,0.0,nan,nan,18,22.0,25
29,沙鹿,2021-07-10,22,18,3.0,nan,19.0,22,16.0,13
35,二林,2021-07-10,27,8,1.0,nan,22.0,12,18.0,27
36,南投,2021-07-10,34,8,1.0,nan,20.0,10,34.0,29
37,斗六,2021-07-10,31,5,1.0,nan,17.0,10,31.0,23
38,崙背,2021-07-10,27,8,1.0,nan,19.0,25,27.0,27
39,新港,2021-07-10,56,8,1.0,nan,17.0,56,34.0,23
40,朴子,2021-07-10,25,5,1.0,nan,18.0,13,25.0,23
41,臺西,2021-07-10,16,5,1.0,nan,14.0,13,nan,16
42,嘉義,2021-07-10,31,10,1.0,nan,18.0,22,31.0,20
43,新營,2021-07-10,32,5,1.0,nan,16.0,12,32.0,26
44,善化,2021-07-10,31,8,1.0,nan,nan,13,31.0,20
45,安南,2021-07-10,33,5,1.0,nan,nan,17,33.0,19
46,臺南,2021-07-10,30,5,1.0,nan,16.0,17,30.0,16
47,美濃,2021-07-10,42,5,1.0,nan,19.0,8,42.0,32
48,橋頭,2021-07-10,33,8,1.0,nan,16.0,15,33.0,25
49,仁武,2021-07-10,36,25,2.0,nan,20.0,25,36.0,24
50,鳳山,2021-07-10,29,18,5.0,nan,19.0,23,nan,29
51,大寮,2021-07-10,26,10,1.0,nan,18.0,22,26.0,26
52,林園,2021-07-10,29,10,1.0,nan,22.0,13,25.0,29
53,楠梓,2021-07-10,35,12,1.0,nan,20.0,18,35.0,20
54,左營,2021-07-10,29,8,2.0,nan,nan,20,29.0,23
56,前金,2021-07-10,30,10,2.0,nan,18.0,27,30.0,15
57,前鎮,2021-07-10,23,12,2.0,nan,nan,23,nan,22
58,小港,2021-07-10,37,28,2.0,nan,nan,37,20.0,23
59,屏東,2021-07-10,43,10,2.0,nan,22.0,22,43.0,26
60,潮州,2021-07-10,29,0,2.0,nan,18.0,10,29.0,23
61,恆春,2021-07-10,16,0,0.0,nan,6.0,2,16.0,5
62,臺東,2021-07-10,19,2,2.0,nan,nan,12,19.0,9
63,花蓮,2021-07-10,19,8,1.0,nan,13.0,7,19.0,14
1,基隆,2021-07-10,49,10,2.0,nan,18.0,20,49.0,39
64,陽明,2021-07-10,38,5,2.0,nan,19.0,13,28.0,38
2,汐止,2021-07-10,54,22,3.0,nan,23.0,28,54.0,45
65,宜蘭,2021-07-10,32,2,1.0,nan,16.0,8,32.0,26
3,萬里,2021-07-10,48,8,1.0,nan,19.0,23,48.0,36
66,冬山,2021-07-10,38,5,2.0,nan,nan,17,38.0,24
67,三重,2021-07-10,45,10,7.0,nan,23.0,45,nan,36
4,新店,2021-07-10,93,12,3.0,nan,30.0,28,93.0,41
68,中壢,2021-07-10,45,5,6.0,nan,19.0,45,nan,26
5,土城,2021-07-10,43,5,2.0,nan,24.0,32,43.0,39
69,竹山,2021-07-10,34,2,1.0,nan,21.0,13,34.0,33
6,板橋,2021-07-10,39,5,3.0,nan,23.0,28,35.0,39
85,大城,2021-07-11,22,5,1.0,nan,20.0,12,19.0,22.0
1,基隆,2021-07-11,36,8,1.0,nan,14.0,15,36.0,26.0
2,汐止,2021-07-11,48,12,3.0,nan,17.0,22,48.0,31.0
3,萬里,2021-07-11,47,8,1.0,nan,13.0,12,47.0,22.0
4,新店,2021-07-11,61,12,2.0,nan,20.0,22,61.0,29.0
5,土城,2021-07-11,44,5,2.0,nan,18.0,32,44.0,28.0
6,板橋,2021-07-11,38,8,2.0,nan,17.0,22,38.0,26.0
7,新莊,2021-07-11,37,8,3.0,nan,16.0,22,37.0,36.0
8,菜寮,2021-07-11,41,8,3.0,nan,nan,22,41.0,36.0
9,林口,2021-07-11,30,8,2.0,nan,14.0,18,30.0,21.0
10,淡水,2021-07-11,34,5,2.0,nan,13.0,20,34.0,22.0
11,士林,2021-07-11,44,8,2.0,nan,nan,22,44.0,31.0
12,中山,2021-07-11,43,10,3.0,nan,19.0,23,43.0,31.0
13,萬華,2021-07-11,44,12,2.0,nan,16.0,28,44.0,34.0
14,古亭,2021-07-11,50,10,2.0,nan,nan,18,50.0,28.0
15,松山,2021-07-11,58,8,2.0,nan,18.0,20,58.0,34.0
16,大同,2021-07-11,37,12,10.0,nan,22.0,35,nan,37.0
17,桃園,2021-07-11,32,28,2.0,nan,20.0,25,32.0,30.0
18,大園,2021-07-11,28,8,1.0,nan,16.0,17,28.0,22.0
19,觀音,2021-07-11,26,5,1.0,nan,17.0,18,26.0,18.0
20,平鎮,2021-07-11,29,5,1.0,nan,17.0,18,27.0,29.0
21,龍潭,2021-07-11,31,2,1.0,nan,19.0,15,31.0,26.0
22,湖口,2021-07-11,29,5,1.0,nan,nan,20,29.0,20.0
23,竹東,2021-07-11,29,2,1.0,nan,15.0,8,29.0,22.0
24,新竹,2021-07-11,29,5,1.0,nan,nan,23,29.0,18.0
25,頭份,2021-07-11,15,8,1.0,nan,15.0,13,nan,12.0
26,苗栗,2021-07-11,20,2,1.0,nan,17.0,10,20.0,16.0
27,三義,2021-07-11,23,5,1.0,nan,16.0,13,23.0,19.0
28,豐原,2021-07-11,29,8,1.0,nan,21.0,13,29.0,23.0
29,沙鹿,2021-07-11,24,0,1.0,nan,17.0,23,24.0,10.0
30,大里,2021-07-11,28,12,2.0,nan,nan,20,24.0,28.0
31,忠明,2021-07-11,28,15,2.0,nan,nan,22,22.0,28.0
32,西屯,2021-07-11,27,20,1.0,nan,21.0,17,26.0,27.0
33,彰化,2021-07-11,27,10,1.0,nan,17.0,10,27.0,14.0
34,線西,2021-07-11,34,18,1.0,nan,34.0,12,nan,15.0
35,二林,2021-07-11,31,5,1.0,nan,27.0,12,20.0,31.0
36,南投,2021-07-11,38,5,2.0,nan,21.0,10,38.0,36.0
37,斗六,2021-07-11,38,5,1.0,nan,23.0,12,38.0,37.0
38,崙背,2021-07-11,36,5,1.0,nan,22.0,23,27.0,36.0
39,新港,2021-07-11,51,42,1.0,nan,20.0,51,39.0,34.0
40,朴子,2021-07-11,28,5,1.0,nan,18.0,15,28.0,28.0
41,臺西,2021-07-11,21,5,0.0,nan,18.0,13,nan,21.0
42,嘉義,2021-07-11,33,2,1.0,nan,20.0,28,33.0,27.0
43,新營,2021-07-11,37,2,1.0,nan,18.0,8,37.0,33.0
44,善化,2021-07-11,31,5,1.0,nan,nan,15,31.0,22.0
45,安南,2021-07-11,36,5,1.0,nan,nan,23,36.0,24.0
46,臺南,2021-07-11,35,2,2.0,nan,17.0,25,35.0,27.0
47,美濃,2021-07-11,34,2,1.0,nan,19.0,7,34.0,32.0
48,橋頭,2021-07-11,33,2,1.0,nan,15.0,13,33.0,30.0
49,仁武,2021-07-11,36,8,1.0,nan,17.0,23,36.0,25.0
50,鳳山,2021-07-11,27,5,2.0,nan,15.0,18,nan,27.0
51,大寮,2021-07-11,32,28,1.0,nan,18.0,12,29.0,32.0
52,林園,2021-07-11,40,5,1.0,nan,25.0,13,29.0,40.0
53,楠梓,2021-07-11,33,10,1.0,nan,19.0,12,33.0,20.0
54,左營,2021-07-11,28,5,1.0,nan,nan,13,28.0,24.0
56,前金,2021-07-11,29,5,1.0,nan,15.0,12,29.0,14.0
57,前鎮,2021-07-11,20,8,1.0,nan,nan,20,nan,19.0
58,小港,2021-07-11,27,15,1.0,nan,15.0,27,20.0,25.0
59,屏東,2021-07-11,44,12,2.0,nan,21.0,23,44.0,33.0
60,潮州,2021-07-11,29,2,2.0,nan,nan,8,29.0,nan
61,恆春,2021-07-11,18,5,0.0,nan,6.0,3,18.0,6.0
62,臺東,2021-07-11,17,2,1.0,nan,nan,8,17.0,2.0
63,花蓮,2021-07-11,17,0,0.0,nan,10.0,5,17.0,13.0
64,陽明,2021-07-11,36,5,1.0,nan,14.0,12,36.0,25.0
65,宜蘭,2021-07-11,28,2,1.0,nan,15.0,7,28.0,19.0
66,冬山,2021-07-11,26,8,2.0,nan,nan,12,26.0,21.0
67,三重,2021-07-11,43,5,7.0,nan,18.0,43,nan,31.0
68,中壢,2021-07-11,25,5,7.0,nan,16.0,25,nan,22.0
69,竹山,2021-07-11,36,0,1.0,nan,22.0,8,35.0,36.0
70,永和,2021-07-11,29,10,6.0,nan,18.0,28,nan,29.0
71,復興,2021-07-11,20,8,2.0,nan,14.0,18,nan,20.0
72,埔里,2021-07-11,41,2,1.0,nan,nan,12,41.0,30.0
75,馬祖,2021-07-11,36,2,1.0,nan,19.0,22,36.0,22.0
77,金門,2021-07-11,18,12,1.0,nan,14.0,18,17.0,11.0
78,馬公,2021-07-11,19,5,0.0,nan,13.0,8,19.0,8.0
80,關山,2021-07-11,15,2,nan,nan,nan,5,15.0,9.0
83,麥寮,2021-07-11,34,12,1.0,nan,23.0,27,nan,34.0
84,富貴角,2021-07-11,47,2,1.0,nan,13.0,10,47.0,21.0
1,基隆,2021-07-12,37,12,1.0,nan,14.0,30,37.0,29
2,汐止,2021-07-12,44,22,2.0,nan,17.0,30,44.0,33
3,萬里,2021-07-12,44,10,1.0,nan,14.0,22,44.0,29
4,新店,2021-07-12,39,15,3.0,nan,22.0,33,36.0,39
5,土城,2021-07-12,55,5,3.0,nan,26.0,55,42.0,41
6,板橋,2021-07-12,48,8,5.0,nan,23.0,48,39.0,41
7,新莊,2021-07-12,42,28,3.0,nan,22.0,32,39.0,42
8,菜寮,2021-07-12,39,8,3.0,nan,nan,28,39.0,36
9,林口,2021-07-12,31,8,1.0,nan,16.0,27,31.0,23
10,淡水,2021-07-12,29,5,1.0,nan,nan,18,29.0,21
11,士林,2021-07-12,38,2,2.0,nan,nan,15,38.0,34
12,中山,2021-07-12,45,5,5.0,nan,30.0,35,41.0,45
13,萬華,2021-07-12,43,5,3.0,nan,24.0,33,43.0,40
14,古亭,2021-07-12,45,18,6.0,nan,nan,45,44.0,39
15,松山,2021-07-12,49,25,3.0,nan,21.0,28,49.0,36
16,大同,2021-07-12,48,8,14.0,nan,25.0,48,nan,40
17,桃園,2021-07-12,31,5,2.0,nan,20.0,28,31.0,31
18,大園,2021-07-12,31,8,1.0,nan,20.0,25,28.0,31
19,觀音,2021-07-12,28,2,1.0,nan,nan,15,28.0,21
20,平鎮,2021-07-12,34,5,2.0,nan,17.0,33,30.0,34
21,龍潭,2021-07-12,37,2,1.0,nan,18.0,32,37.0,25
22,湖口,2021-07-12,31,5,1.0,nan,nan,18,31.0,24
23,竹東,2021-07-12,32,2,1.0,nan,19.0,13,32.0,22
24,新竹,2021-07-12,31,2,1.0,nan,nan,20,31.0,19
25,頭份,2021-07-12,17,8,1.0,nan,16.0,17,nan,16
26,苗栗,2021-07-12,20,2,1.0,nan,17.0,10,20.0,18
27,三義,2021-07-12,23,5,1.0,nan,nan,10,23.0,19
28,豐原,2021-07-12,30,5,1.0,nan,nan,15,30.0,25
29,沙鹿,2021-07-12,27,0,1.0,nan,20.0,27,22.0,18
30,大里,2021-07-12,36,15,3.0,nan,nan,33,36.0,35
31,忠明,2021-07-12,34,10,2.0,nan,nan,33,26.0,34
32,西屯,2021-07-12,37,12,1.0,nan,27.0,35,30.0,37
33,彰化,2021-07-12,26,25,2.0,nan,19.0,15,26.0,22
34,線西,2021-07-12,35,25,1.0,nan,35.0,15,nan,23
35,二林,2021-07-12,36,5,1.0,nan,28.0,12,27.0,36
36,南投,2021-07-12,45,5,1.0,nan,21.0,15,45.0,31
37,斗六,2021-07-12,46,5,1.0,nan,21.0,13,46.0,31
38,崙背,2021-07-12,47,8,1.0,nan,26.0,30,38.0,47
39,新港,2021-07-12,79,79,2.0,nan,25.0,53,45.0,37
40,朴子,2021-07-12,33,5,2.0,nan,19.0,17,33.0,32
41,臺西,2021-07-12,36,5,1.0,nan,23.0,18,nan,36
42,嘉義,2021-07-12,45,2,2.0,nan,nan,25,45.0,25
43,新營,2021-07-12,43,5,2.0,nan,21.0,17,43.0,34
44,善化,2021-07-12,41,5,1.0,nan,nan,20,41.0,24
45,安南,2021-07-12,20,5,1.0,nan,nan,18,20.0,20
46,臺南,2021-07-12,42,2,2.0,nan,15.0,12,42.0,20
47,美濃,2021-07-12,50,5,2.0,nan,22.0,12,50.0,37
48,橋頭,2021-07-12,43,8,1.0,nan,nan,18,43.0,32
49,仁武,2021-07-12,44,10,3.0,nan,24.0,23,44.0,33
50,鳳山,2021-07-12,37,12,3.0,nan,nan,37,nan,37
51,大寮,2021-07-12,59,15,2.0,nan,30.0,20,33.0,59
52,林園,2021-07-12,39,8,1.0,nan,24.0,20,37.0,39
53,楠梓,2021-07-12,44,12,2.0,nan,20.0,22,44.0,25
54,左營,2021-07-12,37,5,2.0,nan,nan,20,37.0,30
56,前金,2021-07-12,36,12,2.0,nan,17.0,25,36.0,20
57,前鎮,2021-07-12,32,8,3.0,nan,nan,32,nan,26
70,永和,2021-07-12,52,15,10.0,nan,23.0,52,nan,40
61,恆春,2021-07-12,17,2,0.0,nan,5.0,2,17.0,2
60,潮州,2021-07-12,31,2,2.0,nan,19.0,13,31.0,31
85,大城,2021-07-12,38,5,1.0,nan,24.0,13,35.0,38
59,屏東,2021-07-12,45,12,2.0,nan,22.0,20,45.0,35
69,竹山,2021-07-12,44,2,2.0,nan,20.0,13,44.0,31
77,金門,2021-07-12,25,15,1.0,nan,15.0,25,18.0,12
68,中壢,2021-07-12,48,5,8.0,nan,18.0,48,nan,28
84,富貴角,2021-07-12,41,2,1.0,nan,13.0,12,41.0,23
75,馬祖,2021-07-12,34,2,1.0,nan,16.0,25,34.0,22
67,三重,2021-07-12,45,10,10.0,nan,22.0,45,nan,35
83,麥寮,2021-07-12,37,10,1.0,nan,23.0,27,nan,37
66,冬山,2021-07-12,28,8,2.0,nan,nan,17,28.0,15
72,埔里,2021-07-12,47,2,2.0,nan,nan,15,47.0,31
80,關山,2021-07-12,15,2,nan,nan,nan,7,15.0,6
65,宜蘭,2021-07-12,27,2,1.0,nan,16.0,8,27.0,21
71,復興,2021-07-12,35,10,3.0,nan,19.0,35,nan,34
64,陽明,2021-07-12,39,2,1.0,nan,19.0,20,32.0,39
78,馬公,2021-07-12,27,8,1.0,nan,13.0,7,27.0,7
63,花蓮,2021-07-12,18,2,0.0,nan,nan,5,18.0,13
62,臺東,2021-07-12,18,2,1.0,nan,nan,8,18.0,5
58,小港,2021-07-12,53,15,2.0,nan,22.0,53,22.0,36
57,前鎮,2021-07-13,42,10,5.0,nan,22.0,42,nan,26
56,前金,2021-07-13,38,10,3.0,nan,19.0,38,32.0,22
54,左營,2021-07-13,50,12,3.0,nan,19.0,50,30.0,30
53,楠梓,2021-07-13,31,12,2.0,nan,22.0,27,31.0,26
52,林園,2021-07-13,45,10,2.0,nan,27.0,25,39.0,45
51,大寮,2021-07-13,36,12,2.0,nan,24.0,30,35.0,36
50,鳳山,2021-07-13,36,18,3.0,nan,nan,33,nan,36
49,仁武,2021-07-13,52,8,2.0,nan,21.0,52,33.0,30
48,橋頭,2021-07-13,31,5,1.0,nan,nan,28,31.0,28
47,美濃,2021-07-13,36,5,1.0,nan,18.0,10,36.0,24
46,臺南,2021-07-13,31,2,2.0,nan,17.0,30,31.0,24
45,安南,2021-07-13,32,5,2.0,nan,24.0,32,32.0,32
44,善化,2021-07-13,35,10,1.0,nan,nan,18,35.0,24
43,新營,2021-07-13,37,2,2.0,nan,20.0,22,37.0,34
42,嘉義,2021-07-13,37,2,2.0,nan,nan,37,37.0,22
41,臺西,2021-07-13,36,5,1.0,nan,23.0,22,nan,36
40,朴子,2021-07-13,32,10,2.0,nan,19.0,27,29.0,32
39,新港,2021-07-13,60,45,2.0,nan,19.0,60,35.0,30
38,崙背,2021-07-13,36,8,1.0,nan,23.0,27,35.0,36
37,斗六,2021-07-13,42,5,2.0,nan,18.0,22,42.0,30
36,南投,2021-07-13,43,5,2.0,nan,19.0,13,43.0,26
35,二林,2021-07-13,40,5,1.0,nan,28.0,17,23.0,40
34,線西,2021-07-13,28,5,2.0,nan,28.0,18,nan,25
33,彰化,2021-07-13,29,15,2.0,nan,17.0,13,29.0,22
32,西屯,2021-07-13,86,86,3.0,nan,21.0,38,20.0,33
31,忠明,2021-07-13,45,20,3.0,nan,nan,45,21.0,31
30,大里,2021-07-13,32,10,3.0,nan,nan,32,29.0,32
29,沙鹿,2021-07-13,40,0,2.0,nan,19.0,40,23.0,24
28,豐原,2021-07-13,31,18,2.0,nan,nan,18,28.0,31
27,三義,2021-07-13,23,10,2.0,nan,nan,20,23.0,20
26,苗栗,2021-07-13,23,2,2.0,nan,16.0,15,19.0,23
25,頭份,2021-07-13,20,8,1.0,nan,18.0,17,nan,20
24,新竹,2021-07-13,25,2,2.0,nan,16.0,22,25.0,23
23,竹東,2021-07-13,31,5,1.0,nan,15.0,10,31.0,25
22,湖口,2021-07-13,25,5,1.0,nan,23.0,25,25.0,23
21,龍潭,2021-07-13,33,5,2.0,nan,17.0,23,33.0,25
20,平鎮,2021-07-13,33,5,2.0,nan,17.0,25,28.0,33
19,觀音,2021-07-13,30,18,1.0,nan,nan,30,23.0,24
18,大園,2021-07-13,40,5,2.0,nan,21.0,40,28.0,35
17,桃園,2021-07-13,36,12,3.0,nan,19.0,35,32.0,36
16,大同,2021-07-13,52,10,18.0,nan,22.0,52,nan,40
15,松山,2021-07-13,38,8,3.0,nan,20.0,38,35.0,33
14,古亭,2021-07-13,47,5,2.0,nan,19.0,28,47.0,32
13,萬華,2021-07-13,47,8,3.0,nan,19.0,47,43.0,32
12,中山,2021-07-13,42,8,5.0,nan,20.0,42,40.0,34
11,士林,2021-07-13,40,5,2.0,nan,25.0,28,40.0,32
10,淡水,2021-07-13,28,5,2.0,nan,nan,23,28.0,25
9,林口,2021-07-13,32,10,2.0,nan,15.0,32,30.0,27
8,菜寮,2021-07-13,37,8,3.0,nan,nan,32,37.0,37
7,新莊,2021-07-13,34,12,3.0,nan,17.0,32,34.0,34
6,板橋,2021-07-13,38,10,3.0,nan,19.0,38,32.0,30
5,土城,2021-07-13,36,5,3.0,nan,22.0,33,36.0,29
4,新店,2021-07-13,33,5,5.0,nan,19.0,33,19.0,27
3,萬里,2021-07-13,61,10,1.0,nan,17.0,13,61.0,35
2,汐止,2021-07-13,61,20,3.0,nan,21.0,28,61.0,38
1,基隆,2021-07-13,44,12,2.0,nan,17.0,32,44.0,35
85,大城,2021-07-13,36,5,1.0,nan,25.0,17,23.0,36
84,富貴角,2021-07-13,61,2,1.0,nan,16.0,15,61.0,31
83,麥寮,2021-07-13,33,5,1.0,nan,20.0,30,nan,33
80,關山,2021-07-13,12,2,nan,nan,nan,5,12.0,5
78,馬公,2021-07-13,13,8,1.0,nan,11.0,10,13.0,3
77,金門,2021-07-13,28,2,0.0,nan,10.0,28,15.0,5
75,馬祖,2021-07-13,25,2,0.0,nan,15.0,13,25.0,19
72,埔里,2021-07-13,48,5,2.0,nan,nan,10,48.0,29
71,復興,2021-07-13,38,10,5.0,nan,21.0,38,nan,28
70,永和,2021-07-13,43,5,9.0,nan,20.0,43,nan,36
69,竹山,2021-07-13,40,2,1.0,nan,20.0,18,40.0,30
68,中壢,2021-07-13,43,5,10.0,nan,21.0,43,nan,30
67,三重,2021-07-13,58,10,11.0,nan,21.0,58,nan,35
66,冬山,2021-07-13,26,5,2.0,nan,nan,15,26.0,19
65,宜蘭,2021-07-13,27,2,1.0,nan,15.0,7,27.0,18
64,陽明,2021-07-13,36,5,1.0,nan,14.0,10,36.0,23
63,花蓮,2021-07-13,16,5,1.0,nan,nan,7,16.0,13
62,臺東,2021-07-13,13,2,1.0,nan,7.0,8,13.0,5
61,恆春,2021-07-13,17,2,0.0,nan,5.0,3,17.0,4
60,潮州,2021-07-13,29,2,2.0,nan,20.0,20,26.0,29
59,屏東,2021-07-13,40,8,2.0,nan,25.0,17,40.0,30
58,小港,2021-07-13,50,5,2.0,nan,24.0,50,29.0,31
54,左營,2021-07-14,42,10,3.0,nan,17.0,42,27.0,24
10,淡水,2021-07-14,23,8,2.0,nan,nan,23,22.0,13
11,士林,2021-07-14,29,8,2.0,nan,13.0,23,29.0,15
9,林口,2021-07-14,27,5,2.0,nan,12.0,20,27.0,17
12,中山,2021-07-14,33,5,3.0,nan,12.0,33,28.0,19
8,菜寮,2021-07-14,42,5,5.0,nan,31.0,42,32.0,20
13,萬華,2021-07-14,35,8,3.0,nan,13.0,35,34.0,19
7,新莊,2021-07-14,35,10,5.0,nan,14.0,33,35.0,26
14,古亭,2021-07-14,33,8,2.0,nan,12.0,22,33.0,19
15,松山,2021-07-14,30,5,2.0,nan,14.0,25,30.0,16
6,板橋,2021-07-14,35,5,5.0,nan,17.0,35,32.0,18
16,大同,2021-07-14,38,8,14.0,nan,16.0,38,nan,25
5,土城,2021-07-14,44,8,3.0,nan,16.0,28,44.0,18
17,桃園,2021-07-14,40,8,3.0,nan,17.0,40,33.0,24
4,新店,2021-07-14,37,12,3.0,nan,13.0,18,37.0,16
3,萬里,2021-07-14,24,5,1.0,nan,9.0,17,24.0,9
18,大園,2021-07-14,32,10,3.0,nan,16.0,32,30.0,24
2,汐止,2021-07-14,32,32,1.0,nan,10.0,23,24.0,11
1,基隆,2021-07-14,20,15,1.0,nan,8.0,20,13.0,12
19,觀音,2021-07-14,33,22,2.0,nan,nan,33,31.0,23
20,平鎮,2021-07-14,33,10,2.0,nan,16.0,28,33.0,26
21,龍潭,2021-07-14,41,5,2.0,nan,18.0,28,41.0,29
22,湖口,2021-07-14,33,5,2.0,nan,22.0,27,33.0,27
23,竹東,2021-07-14,45,5,1.0,nan,19.0,17,45.0,28
24,新竹,2021-07-14,31,5,1.0,nan,16.0,20,31.0,19
25,頭份,2021-07-14,27,15,1.0,nan,16.0,27,nan,19
26,苗栗,2021-07-14,24,5,1.0,nan,14.0,13,24.0,12
27,三義,2021-07-14,29,5,1.0,nan,nan,15,29.0,13
28,豐原,2021-07-14,32,5,1.0,nan,nan,17,32.0,25
29,沙鹿,2021-07-14,51,2,1.0,nan,14.0,51,28.0,14
30,大里,2021-07-14,30,5,2.0,nan,17.0,30,29.0,19
31,忠明,2021-07-14,35,2,2.0,nan,16.0,35,26.0,22
32,西屯,2021-07-14,38,2,2.0,nan,17.0,38,28.0,20
33,彰化,2021-07-14,27,22,3.0,nan,13.0,23,27.0,17
34,線西,2021-07-14,20,8,1.0,nan,20.0,13,nan,15
35,二林,2021-07-14,26,5,1.0,nan,23.0,15,19.0,26
36,南投,2021-07-14,37,18,2.0,nan,18.0,23,37.0,21
37,斗六,2021-07-14,31,5,1.0,nan,16.0,20,31.0,23
38,崙背,2021-07-14,22,5,1.0,nan,18.0,12,20.0,22
39,新港,2021-07-14,64,15,1.0,nan,16.0,64,29.0,21
40,朴子,2021-07-14,22,8,1.0,nan,15.0,22,19.0,22
41,臺西,2021-07-14,19,12,1.0,nan,17.0,18,nan,19
47,美濃,2021-07-14,31,5,1.0,nan,14.0,5,31.0,16
48,橋頭,2021-07-14,30,5,1.0,nan,nan,20,30.0,23
42,嘉義,2021-07-14,30,2,1.0,nan,nan,28,30.0,15
52,林園,2021-07-14,38,8,2.0,nan,38.0,23,35.0,36
49,仁武,2021-07-14,38,15,2.0,nan,19.0,38,31.0,23
57,前鎮,2021-07-14,33,8,6.0,nan,16.0,33,nan,19
43,新營,2021-07-14,22,5,1.0,nan,18.0,18,18.0,22
50,鳳山,2021-07-14,23,8,3.0,nan,nan,23,nan,23
53,楠梓,2021-07-14,32,12,2.0,nan,18.0,32,31.0,19
44,善化,2021-07-14,27,2,1.0,nan,13.0,12,27.0,13
51,大寮,2021-07-14,48,48,2.0,nan,22.0,28,31.0,32
56,前金,2021-07-14,31,8,3.0,nan,17.0,27,31.0,14
45,安南,2021-07-14,32,8,2.0,nan,19.0,32,27.0,23
46,臺南,2021-07-14,27,5,1.0,nan,16.0,27,26.0,15
85,大城,2021-07-14,30,5,1.0,nan,17.0,15,30.0,19
84,富貴角,2021-07-14,31,2,1.0,nan,9.0,15,31.0,11
83,麥寮,2021-07-14,27,12,1.0,nan,15.0,27,nan,17
80,關山,2021-07-14,13,2,nan,nan,11.0,5,13.0,12
78,馬公,2021-07-14,17,2,1.0,nan,8.0,8,17.0,2
77,金門,2021-07-14,25,2,0.0,nan,9.0,25,13.0,6
75,馬祖,2021-07-14,48,0,0.0,nan,12.0,18,48.0,23
72,埔里,2021-07-14,38,2,1.0,nan,13.0,12,38.0,21
71,復興,2021-07-14,33,10,5.0,nan,19.0,33,nan,19
70,永和,2021-07-14,42,8,11.0,nan,14.0,42,nan,21
69,竹山,2021-07-14,40,8,1.0,nan,17.0,17,40.0,24
68,中壢,2021-07-14,30,5,11.0,nan,19.0,30,nan,27
67,三重,2021-07-14,45,8,9.0,nan,16.0,45,nan,24
66,冬山,2021-07-14,17,5,1.0,nan,15.0,17,17.0,10
65,宜蘭,2021-07-14,19,2,1.0,nan,10.0,10,19.0,13
64,陽明,2021-07-14,24,2,0.0,nan,8.0,5,24.0,11
63,花蓮,2021-07-14,19,2,1.0,nan,nan,8,19.0,13
62,臺東,2021-07-14,16,2,1.0,nan,9.0,7,16.0,4
61,恆春,2021-07-14,18,2,0.0,nan,5.0,3,18.0,6
60,潮州,2021-07-14,31,2,2.0,nan,19.0,15,31.0,21
59,屏東,2021-07-14,38,2,2.0,nan,14.0,15,38.0,17
58,小港,2021-07-14,37,12,2.0,nan,16.0,37,31.0,23
83,麥寮,2021-07-15,30,10,1.0,nan,16.0,30,nan,26
2,汐止,2021-07-15,18,2,0.0,nan,6.0,18,17.0,6
3,萬里,2021-07-15,21,5,0.0,nan,7.0,10,21.0,6
4,新店,2021-07-15,19,2,1.0,nan,7.0,10,19.0,5
5,土城,2021-07-15,30,2,2.0,nan,10.0,30,18.0,8
6,板橋,2021-07-15,20,5,1.0,nan,7.0,20,18.0,6
7,新莊,2021-07-15,21,2,2.0,nan,8.0,20,21.0,16
8,菜寮,2021-07-15,15,2,1.0,nan,nan,15,14.0,10
9,林口,2021-07-15,17,2,1.0,nan,8.0,17,12.0,8
10,淡水,2021-07-15,19,2,0.0,nan,nan,8,19.0,7
11,士林,2021-07-15,20,2,0.0,nan,10.0,10,20.0,6
12,中山,2021-07-15,19,2,2.0,nan,8.0,15,19.0,9
13,萬華,2021-07-15,19,2,1.0,nan,5.0,17,19.0,8
14,古亭,2021-07-15,19,2,1.0,nan,5.0,12,19.0,6
15,松山,2021-07-15,16,0,1.0,nan,10.0,15,16.0,8
16,大同,2021-07-15,30,5,10.0,nan,16.0,30,nan,22
17,桃園,2021-07-15,35,28,3.0,nan,14.0,33,35.0,19
18,大園,2021-07-15,37,8,2.0,nan,16.0,27,37.0,25
19,觀音,2021-07-15,33,20,1.0,nan,nan,20,33.0,27
20,平鎮,2021-07-15,51,5,2.0,nan,17.0,22,51.0,34
21,龍潭,2021-07-15,67,5,2.0,nan,21.0,22,67.0,33
22,湖口,2021-07-15,48,10,1.0,nan,26.0,20,48.0,36
23,竹東,2021-07-15,40,2,1.0,nan,16.0,12,40.0,31
24,新竹,2021-07-15,42,5,2.0,nan,18.0,20,42.0,30
25,頭份,2021-07-15,28,18,1.0,nan,19.0,23,nan,28
26,苗栗,2021-07-15,26,2,1.0,nan,16.0,13,26.0,23
27,三義,2021-07-15,31,5,1.0,nan,nan,18,31.0,22
28,豐原,2021-07-15,35,5,1.0,nan,nan,15,35.0,28
29,沙鹿,2021-07-15,28,2,1.0,nan,16.0,23,28.0,16
30,大里,2021-07-15,31,15,2.0,nan,19.0,28,30.0,31
31,忠明,2021-07-15,32,20,3.0,nan,17.0,32,27.0,28
32,西屯,2021-07-15,32,22,2.0,nan,19.0,32,27.0,28
33,彰化,2021-07-15,29,15,1.0,nan,12.0,13,29.0,19
34,線西,2021-07-15,20,18,1.0,nan,20.0,17,nan,19
35,二林,2021-07-15,30,5,1.0,nan,nan,17,25.0,30
36,南投,2021-07-15,42,8,2.0,nan,21.0,13,42.0,34
37,斗六,2021-07-15,35,5,2.0,nan,15.0,15,35.0,28
38,崙背,2021-07-15,34,5,1.0,nan,16.0,17,28.0,34
39,新港,2021-07-15,64,8,2.0,nan,17.0,64,32.0,22
40,朴子,2021-07-15,27,5,1.0,nan,16.0,23,21.0,27
41,臺西,2021-07-15,20,8,1.0,nan,13.0,15,nan,20
42,嘉義,2021-07-15,33,10,1.0,nan,nan,33,29.0,17
43,新營,2021-07-15,28,2,1.0,nan,nan,13,28.0,25
44,善化,2021-07-15,26,12,1.0,nan,13.0,13,26.0,22
45,安南,2021-07-15,37,5,2.0,nan,20.0,37,23.0,27
46,臺南,2021-07-15,40,2,3.0,nan,13.0,40,20.0,20
47,美濃,2021-07-15,33,2,1.0,nan,16.0,7,33.0,19
48,橋頭,2021-07-15,33,5,2.0,nan,nan,33,29.0,32
49,仁武,2021-07-15,37,10,3.0,nan,21.0,37,24.0,34
50,鳳山,2021-07-15,40,5,3.0,nan,nan,40,nan,29
51,大寮,2021-07-15,42,40,2.0,nan,25.0,37,26.0,42
52,林園,2021-07-15,37,8,2.0,nan,21.0,20,37.0,35
53,楠梓,2021-07-15,32,10,2.0,nan,18.0,32,29.0,26
54,左營,2021-07-15,50,5,5.0,nan,18.0,50,28.0,34
56,前金,2021-07-15,32,5,5.0,nan,16.0,32,27.0,22
57,前鎮,2021-07-15,42,5,8.0,nan,16.0,42,nan,24
58,小港,2021-07-15,47,5,2.0,nan,16.0,47,23.0,30
59,屏東,2021-07-15,39,5,3.0,nan,17.0,20,39.0,21
60,潮州,2021-07-15,31,2,2.0,nan,16.0,22,31.0,24
61,恆春,2021-07-15,16,2,0.0,nan,5.0,2,16.0,5
62,臺東,2021-07-15,16,2,2.0,nan,8.0,8,16.0,7
63,花蓮,2021-07-15,20,0,1.0,nan,nan,10,20.0,10
64,陽明,2021-07-15,20,2,0.0,nan,3.0,2,20.0,2
65,宜蘭,2021-07-15,19,2,1.0,nan,11.0,10,19.0,12
66,冬山,2021-07-15,17,2,1.0,nan,17.0,17,17.0,11
67,三重,2021-07-15,30,2,8.0,nan,8.0,30,nan,6
68,中壢,2021-07-15,51,5,11.0,nan,20.0,51,nan,33
69,竹山,2021-07-15,30,2,1.0,nan,18.0,17,26.0,30
70,永和,2021-07-15,13,0,3.0,nan,6.0,13,nan,6
71,復興,2021-07-15,38,5,6.0,nan,20.0,38,nan,31
72,埔里,2021-07-15,42,2,2.0,nan,14.0,12,42.0,29
75,馬祖,2021-07-15,35,0,0.0,nan,12.0,13,35.0,20
77,金門,2021-07-15,43,2,1.0,nan,15.0,25,43.0,18
78,馬公,2021-07-15,32,2,1.0,nan,9.0,15,32.0,7
80,關山,2021-07-15,15,2,nan,nan,9.0,5,15.0,6
1,基隆,2021-07-15,17,2,0.0,nan,6.0,5,17.0,9
84,富貴角,2021-07-15,22,5,0.0,nan,7.0,5,22.0,4
85,大城,2021-07-15,31,5,0.0,nan,12.0,15,31.0,20
84,富貴角,2021-07-16,22,2,0.0,nan,8.0,7,22.0,6.0
83,麥寮,2021-07-16,37,5,1.0,nan,15.0,37,nan,23.0
80,關山,2021-07-16,12,2,nan,nan,12.0,7,12.0,7.0
1,基隆,2021-07-16,13,2,1.0,nan,5.0,8,13.0,9.0
78,馬公,2021-07-16,31,8,1.0,nan,12.0,7,31.0,12.0
2,汐止,2021-07-16,13,2,0.0,nan,6.0,13,13.0,7.0
85,大城,2021-07-16,45,5,1.0,nan,19.0,17,45.0,30.0
3,萬里,2021-07-16,23,8,0.0,nan,10.0,10,23.0,6.0
77,金門,2021-07-16,36,12,1.0,nan,21.0,17,36.0,26.0
4,新店,2021-07-16,16,2,1.0,nan,7.0,10,16.0,5.0
75,馬祖,2021-07-16,27,2,0.0,nan,11.0,10,27.0,6.0
72,埔里,2021-07-16,41,2,2.0,nan,12.0,12,41.0,21.0
5,土城,2021-07-16,47,8,1.0,nan,13.0,25,47.0,11.0
71,復興,2021-07-16,35,20,6.0,nan,19.0,35,nan,29.0
6,板橋,2021-07-16,34,5,2.0,nan,9.0,22,34.0,13.0
70,永和,2021-07-16,10,0,3.0,nan,7.0,10,nan,7.0
7,新莊,2021-07-16,28,2,2.0,nan,9.0,22,28.0,19.0
8,菜寮,2021-07-16,29,5,2.0,nan,8.0,15,29.0,14.0
9,林口,2021-07-16,47,8,1.0,nan,11.0,20,47.0,16.0
10,淡水,2021-07-16,36,2,0.0,nan,nan,10,36.0,11.0
69,竹山,2021-07-16,48,5,1.0,nan,14.0,13,48.0,20.0
11,士林,2021-07-16,24,2,1.0,nan,17.0,18,24.0,11.0
12,中山,2021-07-16,18,2,2.0,nan,9.0,18,14.0,9.0
68,中壢,2021-07-16,53,5,11.0,nan,21.0,53,nan,39.0
67,三重,2021-07-16,48,2,9.0,nan,10.0,48,nan,14.0
66,冬山,2021-07-16,15,5,1.0,nan,15.0,12,15.0,8.0
13,萬華,2021-07-16,18,2,1.0,nan,7.0,18,18.0,11.0
65,宜蘭,2021-07-16,18,2,1.0,nan,10.0,8,18.0,12.0
64,陽明,2021-07-16,18,2,0.0,nan,5.0,3,18.0,4.0
14,古亭,2021-07-16,15,2,1.0,nan,6.0,10,15.0,5.0
63,花蓮,2021-07-16,15,2,1.0,nan,nan,10,15.0,10.0
62,臺東,2021-07-16,15,2,2.0,nan,9.0,8,15.0,4.0
15,松山,2021-07-16,17,2,1.0,nan,9.0,17,12.0,7.0
61,恆春,2021-07-16,14,2,0.0,nan,6.0,2,14.0,6.0
16,大同,2021-07-16,30,2,10.0,nan,20.0,30,nan,21.0
60,潮州,2021-07-16,35,10,5.0,nan,18.0,20,35.0,24.0
17,桃園,2021-07-16,77,10,2.0,nan,16.0,33,77.0,31.0
59,屏東,2021-07-16,39,5,2.0,nan,15.0,23,39.0,22.0
18,大園,2021-07-16,51,10,2.0,nan,16.0,22,51.0,24.0
19,觀音,2021-07-16,50,22,2.0,nan,nan,28,50.0,25.0
58,小港,2021-07-16,42,10,2.0,nan,17.0,42,27.0,29.0
57,前鎮,2021-07-16,33,15,6.0,nan,16.0,33,nan,24.0
20,平鎮,2021-07-16,61,8,2.0,nan,19.0,27,61.0,38.0
56,前金,2021-07-16,37,22,5.0,nan,nan,37,33.0,17.0
54,左營,2021-07-16,50,10,3.0,nan,18.0,50,44.0,33.0
21,龍潭,2021-07-16,50,5,2.0,nan,22.0,33,50.0,41.0
53,楠梓,2021-07-16,30,15,2.0,nan,17.0,30,18.0,18.0
22,湖口,2021-07-16,71,5,2.0,nan,20.0,33,71.0,37.0
23,竹東,2021-07-16,49,2,2.0,nan,20.0,13,49.0,40.0
24,新竹,2021-07-16,61,8,2.0,nan,20.0,28,61.0,40.0
52,林園,2021-07-16,42,8,2.0,nan,21.0,30,42.0,37.0
25,頭份,2021-07-16,29,10,2.0,nan,19.0,22,nan,29.0
26,苗栗,2021-07-16,38,8,1.0,nan,17.0,18,38.0,27.0
51,大寮,2021-07-16,51,20,2.0,nan,25.0,51,37.0,43.0
50,鳳山,2021-07-16,37,2,5.0,nan,16.0,37,nan,27.0
27,三義,2021-07-16,44,10,1.0,nan,nan,22,44.0,34.0
49,仁武,2021-07-16,43,10,2.0,nan,19.0,30,43.0,27.0
28,豐原,2021-07-16,51,5,2.0,nan,nan,32,51.0,26.0
29,沙鹿,2021-07-16,38,15,2.0,nan,16.0,38,31.0,19.0
48,橋頭,2021-07-16,35,8,1.0,nan,18.0,20,35.0,28.0
47,美濃,2021-07-16,29,5,1.0,nan,14.0,7,29.0,15.0
30,大里,2021-07-16,44,5,2.0,nan,19.0,28,44.0,32.0
46,臺南,2021-07-16,37,2,2.0,nan,14.0,25,37.0,21.0
45,安南,2021-07-16,33,5,1.0,nan,17.0,23,33.0,22.0
31,忠明,2021-07-16,42,25,3.0,nan,18.0,42,39.0,27.0
44,善化,2021-07-16,32,8,1.0,nan,12.0,12,32.0,14.0
32,西屯,2021-07-16,48,28,2.0,nan,20.0,48,46.0,28.0
43,新營,2021-07-16,32,2,1.0,nan,nan,12,32.0,24.0
33,彰化,2021-07-16,50,28,2.0,nan,17.0,17,50.0,28.0
34,線西,2021-07-16,25,8,2.0,nan,19.0,20,nan,25.0
42,嘉義,2021-07-16,35,5,1.0,nan,nan,22,35.0,9.0
35,二林,2021-07-16,43,8,1.0,nan,nan,17,43.0,30.0
41,臺西,2021-07-16,26,5,1.0,nan,16.0,20,nan,26.0
36,南投,2021-07-16,64,2,2.0,nan,nan,20,64.0,nan
40,朴子,2021-07-16,29,2,2.0,nan,15.0,18,29.0,24.0
37,斗六,2021-07-16,51,2,1.0,nan,13.0,27,51.0,23.0
39,新港,2021-07-16,38,8,1.0,nan,16.0,23,38.0,25.0
38,崙背,2021-07-16,44,5,1.0,nan,16.0,18,44.0,24.0
1,基隆,2021-07-17,28,2,1.0,nan,11.0,7,28.0,15
85,大城,2021-07-17,64,5,1.0,nan,20.0,17,64.0,41
84,富貴角,2021-07-17,34,2,0.0,nan,10.0,8,34.0,7
83,麥寮,2021-07-17,39,10,1.0,nan,22.0,38,nan,39
80,關山,2021-07-17,19,2,nan,nan,14.0,3,19.0,9
78,馬公,2021-07-17,32,5,0.0,nan,14.0,7,32.0,16
77,金門,2021-07-17,39,15,1.0,nan,23.0,30,39.0,24
75,馬祖,2021-07-17,29,2,0.0,nan,11.0,8,29.0,8
72,埔里,2021-07-17,84,5,2.0,nan,16.0,12,84.0,33
71,復興,2021-07-17,25,2,3.0,nan,16.0,18,nan,25
70,永和,2021-07-17,13,0,2.0,nan,9.0,13,nan,12
69,竹山,2021-07-17,61,5,2.0,nan,18.0,15,61.0,32
68,中壢,2021-07-17,42,5,10.0,nan,21.0,42,nan,37
67,三重,2021-07-17,33,5,9.0,nan,14.0,33,nan,14
66,冬山,2021-07-17,24,2,1.0,nan,16.0,15,24.0,11
65,宜蘭,2021-07-17,28,2,1.0,nan,11.0,8,28.0,15
64,陽明,2021-07-17,31,5,0.0,nan,7.0,3,31.0,7
63,花蓮,2021-07-17,27,0,1.0,nan,11.0,10,27.0,14
62,臺東,2021-07-17,25,2,1.0,nan,12.0,7,25.0,7
61,恆春,2021-07-17,25,2,0.0,nan,9.0,2,25.0,7
60,潮州,2021-07-17,39,8,2.0,nan,17.0,18,39.0,28
59,屏東,2021-07-17,47,2,3.0,nan,20.0,23,47.0,28
58,小港,2021-07-17,35,5,1.0,nan,17.0,27,35.0,27
38,崙背,2021-07-17,80,8,1.0,nan,22.0,20,80.0,46
37,斗六,2021-07-17,84,5,1.0,nan,17.0,13,84.0,31
57,前鎮,2021-07-17,22,5,3.0,nan,16.0,22,nan,22
36,南投,2021-07-17,118,15,3.0,nan,nan,17,118.0,36
56,前金,2021-07-17,41,2,2.0,nan,nan,22,41.0,22
54,左營,2021-07-17,39,8,2.0,nan,17.0,22,39.0,30
53,楠梓,2021-07-17,40,10,2.0,nan,16.0,18,40.0,17
52,林園,2021-07-17,46,10,2.0,nan,21.0,17,46.0,41
51,大寮,2021-07-17,40,12,2.0,nan,25.0,27,3.0,40
50,鳳山,2021-07-17,27,2,3.0,nan,15.0,20,nan,27
35,二林,2021-07-17,67,8,1.0,nan,nan,15,67.0,47
34,線西,2021-07-17,43,30,1.0,nan,30.0,18,nan,43
49,仁武,2021-07-17,39,10,2.0,nan,23.0,23,39.0,31
33,彰化,2021-07-17,126,35,5.0,nan,21.0,28,126.0,42
32,西屯,2021-07-17,126,18,2.0,nan,27.0,22,126.0,46
48,橋頭,2021-07-17,37,5,1.0,nan,20.0,12,37.0,26
31,忠明,2021-07-17,97,15,2.0,nan,25.0,25,97.0,48
30,大里,2021-07-17,115,15,3.0,nan,26.0,17,115.0,46
47,美濃,2021-07-17,39,5,1.0,nan,14.0,7,39.0,19
46,臺南,2021-07-17,42,2,1.0,nan,16.0,18,42.0,22
29,沙鹿,2021-07-17,108,18,2.0,nan,26.0,28,108.0,43
45,安南,2021-07-17,48,2,1.0,nan,18.0,22,48.0,22
44,善化,2021-07-17,44,5,1.0,nan,15.0,12,44.0,20
28,豐原,2021-07-17,97,10,2.0,nan,27.0,17,97.0,51
27,三義,2021-07-17,42,8,2.0,nan,25.0,18,42.0,42
26,苗栗,2021-07-17,44,10,2.0,nan,26.0,15,44.0,41
25,頭份,2021-07-17,44,20,3.0,nan,28.0,32,nan,44
24,新竹,2021-07-17,58,10,3.0,nan,27.0,22,58.0,43
43,新營,2021-07-17,45,2,1.0,nan,nan,10,45.0,28
23,竹東,2021-07-17,77,5,1.0,nan,25.0,10,77.0,44
22,湖口,2021-07-17,49,8,2.0,nan,29.0,30,49.0,47
42,嘉義,2021-07-17,43,2,1.0,nan,13.0,22,43.0,15
21,龍潭,2021-07-17,74,5,2.0,nan,22.0,18,74.0,40
41,臺西,2021-07-17,36,12,1.0,nan,20.0,23,nan,36
20,平鎮,2021-07-17,49,5,2.0,nan,20.0,20,49.0,39
40,朴子,2021-07-17,40,5,2.0,nan,17.0,15,40.0,31
39,新港,2021-07-17,49,5,1.0,nan,19.0,23,49.0,31
19,觀音,2021-07-17,36,8,2.0,nan,26.0,30,36.0,36
18,大園,2021-07-17,36,5,2.0,nan,16.0,22,36.0,23
17,桃園,2021-07-17,29,15,2.0,nan,14.0,18,29.0,19
16,大同,2021-07-17,20,5,3.0,nan,16.0,20,nan,15
15,松山,2021-07-17,25,2,1.0,nan,13.0,13,25.0,11
14,古亭,2021-07-17,26,2,1.0,nan,8.0,10,26.0,10
13,萬華,2021-07-17,27,2,1.0,nan,10.0,13,27.0,11
12,中山,2021-07-17,26,2,2.0,nan,11.0,17,26.0,13
11,士林,2021-07-17,30,2,1.0,nan,13.0,8,30.0,10
10,淡水,2021-07-17,27,2,0.0,nan,7.0,3,27.0,10
9,林口,2021-07-17,29,2,1.0,nan,12.0,12,29.0,7
8,菜寮,2021-07-17,27,2,1.0,nan,8.0,10,27.0,14
7,新莊,2021-07-17,28,2,1.0,nan,19.0,10,28.0,15
6,板橋,2021-07-17,23,2,1.0,nan,8.0,13,23.0,7
5,土城,2021-07-17,26,2,1.0,nan,9.0,12,26.0,4
4,新店,2021-07-17,27,2,1.0,nan,9.0,8,27.0,9
3,萬里,2021-07-17,33,2,0.0,nan,11.0,12,33.0,6
2,汐止,2021-07-17,26,2,0.0,nan,10.0,13,26.0,12
62,臺東,2021-07-18,30,2,1.0,nan,12.0,5,30.0,8
77,金門,2021-07-18,44,12,1.0,nan,22.0,18,44.0,26
63,花蓮,2021-07-18,31,2,1.0,nan,12.0,10,31.0,17
50,鳳山,2021-07-18,35,2,3.0,nan,16.0,17,nan,35
51,大寮,2021-07-18,51,20,3.0,nan,26.0,27,36.0,51
28,豐原,2021-07-18,93,5,2.0,nan,30.0,12,93.0,63
37,斗六,2021-07-18,58,5,2.0,nan,20.0,12,58.0,39
70,永和,2021-07-18,12,2,2.0,nan,9.0,12,nan,11
2,汐止,2021-07-18,32,2,0.0,nan,9.0,15,32.0,8
52,林園,2021-07-18,87,5,2.0,nan,24.0,10,87.0,52
29,沙鹿,2021-07-18,67,12,2.0,nan,25.0,18,67.0,45
53,楠梓,2021-07-18,41,10,2.0,nan,17.0,15,41.0,26
3,萬里,2021-07-18,37,0,0.0,nan,12.0,8,37.0,13
4,新店,2021-07-18,33,2,1.0,nan,9.0,7,33.0,9
83,麥寮,2021-07-18,49,10,1.0,nan,23.0,28,nan,49
5,土城,2021-07-18,39,0,1.0,nan,9.0,10,39.0,6
54,左營,2021-07-18,40,10,3.0,nan,23.0,33,40.0,40
6,板橋,2021-07-18,33,2,1.0,nan,10.0,12,33.0,10
30,大里,2021-07-18,71,10,3.0,nan,27.0,20,71.0,62
7,新莊,2021-07-18,37,2,1.0,nan,15.0,8,37.0,18
78,馬公,2021-07-18,44,8,0.0,nan,20.0,7,44.0,19
56,前金,2021-07-18,43,10,2.0,nan,nan,17,43.0,26
8,菜寮,2021-07-18,32,2,1.0,nan,9.0,10,32.0,12
9,林口,2021-07-18,37,2,1.0,nan,9.0,8,37.0,10
31,忠明,2021-07-18,61,18,2.0,nan,26.0,22,61.0,56
10,淡水,2021-07-18,31,5,0.0,nan,7.0,3,31.0,11
64,陽明,2021-07-18,31,8,0.0,nan,8.0,2,31.0,11
71,復興,2021-07-18,33,8,3.0,nan,16.0,17,nan,33
11,士林,2021-07-18,33,2,0.0,nan,12.0,7,33.0,10
12,中山,2021-07-18,32,5,2.0,nan,10.0,17,32.0,13
13,萬華,2021-07-18,36,5,1.0,nan,9.0,15,36.0,12
57,前鎮,2021-07-18,30,5,3.0,nan,16.0,20,nan,30
32,西屯,2021-07-18,84,20,2.0,nan,29.0,18,84.0,58
14,古亭,2021-07-18,35,5,1.0,nan,9.0,8,35.0,7
72,埔里,2021-07-18,58,2,2.0,nan,23.0,8,58.0,55
15,松山,2021-07-18,35,8,1.0,nan,11.0,13,35.0,10
85,大城,2021-07-18,49,5,1.0,nan,25.0,17,45.0,49
38,崙背,2021-07-18,58,10,1.0,nan,24.0,17,50.0,58
58,小港,2021-07-18,42,10,1.0,nan,16.0,35,42.0,32
65,宜蘭,2021-07-18,32,5,1.0,nan,10.0,7,32.0,13
39,新港,2021-07-18,47,5,2.0,nan,19.0,20,47.0,35
16,大同,2021-07-18,24,2,2.0,nan,17.0,18,nan,24
33,彰化,2021-07-18,64,45,2.0,nan,24.0,25,64.0,55
17,桃園,2021-07-18,42,20,2.0,nan,12.0,13,42.0,15
40,朴子,2021-07-18,38,5,2.0,nan,20.0,23,33.0,38
66,冬山,2021-07-18,31,2,1.0,nan,13.0,17,31.0,12
41,臺西,2021-07-18,43,10,1.0,nan,23.0,18,nan,43
42,嘉義,2021-07-18,43,5,1.0,nan,15.0,22,43.0,19
18,大園,2021-07-18,40,5,2.0,nan,16.0,18,40.0,19
59,屏東,2021-07-18,48,2,1.0,nan,18.0,12,48.0,32
1,基隆,2021-07-18,30,2,1.0,nan,8.0,7,30.0,15
43,新營,2021-07-18,43,5,1.0,nan,nan,7,43.0,34
19,觀音,2021-07-18,36,8,1.0,nan,18.0,25,36.0,20
80,關山,2021-07-18,26,5,nan,nan,11.0,5,26.0,11
34,線西,2021-07-18,46,10,1.0,nan,39.0,13,nan,46
20,平鎮,2021-07-18,47,5,2.0,nan,14.0,17,47.0,27
21,龍潭,2021-07-18,54,2,2.0,nan,16.0,17,54.0,25
60,潮州,2021-07-18,50,10,3.0,nan,22.0,18,50.0,42
22,湖口,2021-07-18,50,10,1.0,nan,22.0,22,50.0,29
75,馬祖,2021-07-18,41,2,1.0,nan,18.0,17,41.0,22
23,竹東,2021-07-18,67,8,2.0,nan,24.0,10,67.0,43
35,二林,2021-07-18,56,10,1.0,nan,nan,12,43.0,56
44,善化,2021-07-18,37,15,1.0,nan,15.0,8,37.0,23
61,恆春,2021-07-18,26,2,0.0,nan,9.0,2,26.0,9
24,新竹,2021-07-18,61,5,1.0,nan,22.0,15,61.0,36
45,安南,2021-07-18,38,2,1.0,nan,17.0,17,38.0,21
67,三重,2021-07-18,33,5,8.0,nan,12.0,33,nan,17
25,頭份,2021-07-18,48,12,2.0,nan,28.0,18,nan,48
46,臺南,2021-07-18,37,2,1.0,nan,13.0,20,37.0,24
84,富貴角,2021-07-18,38,8,0.0,nan,10.0,7,38.0,11
47,美濃,2021-07-18,40,2,1.0,nan,16.0,3,40.0,26
68,中壢,2021-07-18,32,5,8.0,nan,16.0,32,nan,21
26,苗栗,2021-07-18,54,8,2.0,nan,28.0,13,44.0,54
48,橋頭,2021-07-18,39,2,1.0,nan,17.0,8,39.0,31
27,三義,2021-07-18,55,8,2.0,nan,27.0,13,54.0,55
69,竹山,2021-07-18,48,2,1.0,nan,23.0,10,48.0,40
49,仁武,2021-07-18,44,12,2.0,nan,19.0,17,44.0,32
36,南投,2021-07-18,54,5,2.0,nan,nan,12,54.0,47
68,中壢,2021-07-19,38,5,10.0,nan,15.0,38,nan,16
1,基隆,2021-07-19,19,2,1.0,nan,8.0,10,19.0,11
2,汐止,2021-07-19,20,2,0.0,nan,9.0,10,20.0,10
3,萬里,2021-07-19,22,0,0.0,nan,10.0,10,22.0,9
4,新店,2021-07-19,22,0,1.0,nan,8.0,8,22.0,4
5,土城,2021-07-19,24,5,1.0,nan,7.0,13,24.0,3
6,板橋,2021-07-19,19,0,3.0,nan,8.0,13,19.0,6
7,新莊,2021-07-19,23,2,1.0,nan,16.0,12,23.0,16
8,菜寮,2021-07-19,19,5,1.0,nan,10.0,12,19.0,14
9,林口,2021-07-19,24,2,1.0,nan,9.0,15,24.0,8
10,淡水,2021-07-19,21,2,0.0,nan,5.0,7,21.0,8
11,士林,2021-07-19,23,2,0.0,nan,11.0,10,23.0,8
12,中山,2021-07-19,20,5,2.0,nan,8.0,20,19.0,11
13,萬華,2021-07-19,20,5,2.0,nan,8.0,17,20.0,14
14,古亭,2021-07-19,20,0,1.0,nan,6.0,13,20.0,9
15,松山,2021-07-19,19,2,1.0,nan,13.0,15,19.0,13
16,大同,2021-07-19,25,5,5.0,nan,16.0,25,nan,21
17,桃園,2021-07-19,26,12,1.0,nan,9.0,12,26.0,10
18,大園,2021-07-19,24,5,1.0,nan,17.0,20,24.0,17
19,觀音,2021-07-19,20,15,1.0,nan,17.0,20,15.0,18
20,平鎮,2021-07-19,31,2,1.0,nan,12.0,13,31.0,18
21,龍潭,2021-07-19,34,0,3.0,nan,12.0,17,34.0,17
22,湖口,2021-07-19,43,5,1.0,nan,20.0,23,43.0,21
23,竹東,2021-07-19,101,2,1.0,nan,22.0,10,101.0,39
24,新竹,2021-07-19,64,5,2.0,nan,25.0,25,64.0,37
25,頭份,2021-07-19,46,18,2.0,nan,29.0,30,nan,46
26,苗栗,2021-07-19,49,8,2.0,nan,26.0,15,39.0,49
27,三義,2021-07-19,54,8,2.0,nan,27.0,13,54.0,51
28,豐原,2021-07-19,100,8,3.0,nan,29.0,15,100.0,59
29,沙鹿,2021-07-19,77,20,3.0,nan,33.0,27,77.0,56
30,大里,2021-07-19,80,12,5.0,nan,31.0,35,80.0,61
31,忠明,2021-07-19,64,10,5.0,nan,28.0,35,64.0,60
32,西屯,2021-07-19,97,18,3.0,nan,30.0,32,97.0,61
33,彰化,2021-07-19,87,56,3.0,nan,30.0,25,87.0,60
34,線西,2021-07-19,60,12,3.0,nan,50.0,20,nan,60
35,二林,2021-07-19,64,8,1.0,nan,nan,17,44.0,64
36,南投,2021-07-19,87,5,2.0,nan,nan,17,87.0,50
37,斗六,2021-07-19,58,8,2.0,nan,27.0,18,37.0,58
38,崙背,2021-07-19,63,8,2.0,nan,31.0,18,61.0,63
39,新港,2021-07-19,74,8,2.0,nan,26.0,22,74.0,52
40,朴子,2021-07-19,44,5,1.0,nan,30.0,20,41.0,44
41,臺西,2021-07-19,56,8,2.0,nan,32.0,17,nan,56
42,嘉義,2021-07-19,54,8,2.0,nan,22.0,30,54.0,38
43,新營,2021-07-19,44,5,2.0,nan,nan,20,43.0,44
44,善化,2021-07-19,42,22,1.0,nan,20.0,18,42.0,36
45,安南,2021-07-19,44,8,2.0,nan,24.0,40,44.0,35
46,臺南,2021-07-19,44,2,2.0,nan,19.0,32,44.0,36
47,美濃,2021-07-19,40,5,1.0,nan,nan,5,40.0,27
48,橋頭,2021-07-19,47,12,1.0,nan,22.0,20,47.0,40
49,仁武,2021-07-19,45,10,2.0,nan,22.0,30,45.0,39
50,鳳山,2021-07-19,35,2,5.0,nan,18.0,35,nan,33
51,大寮,2021-07-19,51,25,2.0,nan,24.0,30,31.0,51
52,林園,2021-07-19,77,8,2.0,nan,23.0,17,77.0,44
53,楠梓,2021-07-19,45,12,2.0,nan,18.0,22,45.0,32
54,左營,2021-07-19,45,10,3.0,nan,20.0,27,45.0,38
56,前金,2021-07-19,48,5,2.0,nan,nan,15,48.0,28
57,前鎮,2021-07-19,33,8,3.0,nan,19.0,33,nan,32
58,小港,2021-07-19,50,12,1.0,nan,20.0,50,39.0,36
59,屏東,2021-07-19,61,8,2.0,nan,20.0,25,61.0,32
60,潮州,2021-07-19,46,10,3.0,nan,22.0,27,46.0,41
61,恆春,2021-07-19,22,2,0.0,nan,6.0,2,22.0,10
62,臺東,2021-07-19,23,2,1.0,nan,12.0,12,23.0,7
63,花蓮,2021-07-19,24,2,1.0,nan,12.0,12,24.0,15
64,陽明,2021-07-19,23,2,0.0,nan,6.0,5,23.0,7
65,宜蘭,2021-07-19,22,8,1.0,nan,10.0,7,22.0,16
66,冬山,2021-07-19,20,5,2.0,nan,15.0,18,20.0,8
67,三重,2021-07-19,33,5,10.0,nan,12.0,33,nan,15
69,竹山,2021-07-19,67,5,2.0,nan,29.0,18,67.0,57
70,永和,2021-07-19,17,0,3.0,nan,8.0,17,nan,10
71,復興,2021-07-19,39,5,3.0,nan,18.0,28,nan,39
72,埔里,2021-07-19,47,2,2.0,nan,21.0,13,47.0,43
75,馬祖,2021-07-19,35,0,0.0,nan,15.0,8,35.0,22
77,金門,2021-07-19,42,15,1.0,nan,26.0,22,42.0,33
78,馬公,2021-07-19,37,5,1.0,nan,21.0,5,37.0,16
80,關山,2021-07-19,20,2,nan,nan,11.0,7,20.0,9
83,麥寮,2021-07-19,55,10,2.0,nan,30.0,35,nan,55
84,富貴角,2021-07-19,21,2,0.0,nan,11.0,7,21.0,9
85,大城,2021-07-19,64,5,1.0,nan,31.0,15,64.0,58
85,大城,2021-07-20,38,5,1,nan,24.0,13,38.0,37
5,土城,2021-07-20,23,2,1,nan,14.0,12,23.0,6
6,板橋,2021-07-20,18,8,2,nan,17.0,18,14.0,14
7,新莊,2021-07-20,23,5,1,nan,21.0,13,16.0,23
8,菜寮,2021-07-20,17,5,1,nan,14.0,12,14.0,17
9,林口,2021-07-20,14,2,1,nan,14.0,13,14.0,12
10,淡水,2021-07-20,14,2,1,nan,11.0,8,13.0,14
11,士林,2021-07-20,18,8,0,nan,18.0,8,14.0,18
12,中山,2021-07-20,17,5,2,nan,17.0,17,13.0,17
13,萬華,2021-07-20,20,10,1,nan,20.0,20,15.0,18
14,古亭,2021-07-20,18,5,1,nan,14.0,13,16.0,18
15,松山,2021-07-20,19,12,1,nan,16.0,17,14.0,19
16,大同,2021-07-20,29,5,5,nan,23.0,15,nan,29
17,桃園,2021-07-20,18,15,2,nan,14.0,15,18.0,18
18,大園,2021-07-20,21,8,1,nan,21.0,20,16.0,18
19,觀音,2021-07-20,22,18,1,nan,22.0,22,15.0,21
20,平鎮,2021-07-20,21,5,2,nan,15.0,17,21.0,20
21,龍潭,2021-07-20,26,5,2,nan,14.0,17,26.0,15
22,湖口,2021-07-20,26,5,1,nan,20.0,15,22.0,26
23,竹東,2021-07-20,30,0,1,nan,15.0,10,30.0,21
24,新竹,2021-07-20,28,5,1,nan,19.0,22,28.0,22
25,頭份,2021-07-20,26,5,2,nan,22.0,25,nan,26
26,苗栗,2021-07-20,29,10,2,nan,24.0,20,21.0,29
27,三義,2021-07-20,33,5,1,nan,25.0,17,33.0,31
28,豐原,2021-07-20,36,8,1,nan,23.0,20,33.0,36
29,沙鹿,2021-07-20,28,2,1,nan,23.0,27,26.0,28
30,大里,2021-07-20,36,5,3,nan,24.0,25,36.0,35
31,忠明,2021-07-20,36,2,2,nan,20.0,27,33.0,36
32,西屯,2021-07-20,36,5,1,nan,24.0,25,36.0,36
33,彰化,2021-07-20,30,18,2,nan,22.0,22,30.0,27
34,線西,2021-07-20,44,5,1,nan,44.0,13,nan,30
35,二林,2021-07-20,41,8,1,nan,31.0,12,33.0,41
36,南投,2021-07-20,51,12,2,nan,nan,17,51.0,36
37,斗六,2021-07-20,49,5,1,nan,22.0,12,49.0,40
38,崙背,2021-07-20,42,5,1,nan,23.0,10,42.0,42
39,新港,2021-07-20,41,5,1,nan,18.0,13,41.0,35
40,朴子,2021-07-20,28,2,1,nan,17.0,12,26.0,28
41,臺西,2021-07-20,33,8,1,nan,22.0,18,nan,33
42,嘉義,2021-07-20,29,5,1,nan,17.0,27,29.0,22
43,新營,2021-07-20,31,2,1,nan,15.0,17,31.0,29
44,善化,2021-07-20,27,10,1,nan,13.0,23,27.0,19
45,安南,2021-07-20,30,5,1,nan,17.0,30,29.0,23
46,臺南,2021-07-20,24,2,2,nan,13.0,20,24.0,19
47,美濃,2021-07-20,32,5,1,nan,nan,7,32.0,20
48,橋頭,2021-07-20,29,5,1,nan,17.0,20,28.0,29
49,仁武,2021-07-20,35,8,2,nan,15.0,35,25.0,23
50,鳳山,2021-07-20,38,2,5,nan,15.0,38,nan,31
51,大寮,2021-07-20,35,32,2,nan,20.0,25,19.0,35
52,林園,2021-07-20,45,12,3,nan,19.0,43,34.0,45
53,楠梓,2021-07-20,37,12,2,nan,16.0,37,28.0,22
54,左營,2021-07-20,30,2,2,nan,16.0,30,25.0,27
56,前金,2021-07-20,53,5,2,nan,nan,53,27.0,18
57,前鎮,2021-07-20,54,2,7,nan,14.0,54,nan,24
58,小港,2021-07-20,55,5,2,nan,13.0,55,19.0,30
59,屏東,2021-07-20,34,2,2,nan,15.0,18,34.0,24
4,新店,2021-07-20,18,2,1,nan,12.0,12,18.0,13
60,潮州,2021-07-20,40,40,2,nan,14.0,18,28.0,26
84,富貴角,2021-07-20,30,0,0,nan,30.0,2,21.0,23
3,萬里,2021-07-20,46,0,0,nan,46.0,5,20.0,22
83,麥寮,2021-07-20,29,8,1,nan,24.0,23,nan,29
80,關山,2021-07-20,18,2,0,nan,13.0,8,18.0,11
61,恆春,2021-07-20,28,2,1,nan,6.0,5,28.0,8
78,馬公,2021-07-20,26,5,0,nan,13.0,5,26.0,9
77,金門,2021-07-20,28,8,1,nan,20.0,18,28.0,23
62,臺東,2021-07-20,19,2,1,nan,14.0,10,19.0,8
75,馬祖,2021-07-20,22,2,0,nan,19.0,8,22.0,19
63,花蓮,2021-07-20,21,2,1,nan,16.0,10,18.0,21
72,埔里,2021-07-20,51,2,1,nan,19.0,10,51.0,32
71,復興,2021-07-20,53,2,6,nan,13.0,53,nan,25
70,永和,2021-07-20,17,5,3,nan,15.0,13,nan,17
64,陽明,2021-07-20,14,2,0,nan,8.0,3,14.0,6
65,宜蘭,2021-07-20,16,0,1,nan,14.0,8,10.0,16
69,竹山,2021-07-20,46,2,1,nan,22.0,12,46.0,39
1,基隆,2021-07-20,19,2,0,nan,18.0,7,16.0,19
68,中壢,2021-07-20,30,5,8,nan,17.0,30,nan,18
66,冬山,2021-07-20,15,2,1,nan,15.0,8,10.0,13
67,三重,2021-07-20,25,8,11,nan,18.0,25,nan,19
2,汐止,2021-07-20,18,8,0,nan,16.0,17,16.0,18
18,大園,2021-07-21,31,5,0,nan,31,22,19.0,28
85,大城,2021-07-21,71,8,0,nan,71,10,24.0,38
84,富貴角,2021-07-21,74,0,0,nan,74,2,25.0,51
83,麥寮,2021-07-21,41,8,0,nan,41,27,nan,37
80,關山,2021-07-21,22,2,0,nan,19,7,22.0,17
78,馬公,2021-07-21,28,5,1,nan,28,10,25.0,28
77,金門,2021-07-21,32,8,1,nan,32,13,31.0,31
75,馬祖,2021-07-21,36,2,0,nan,36,3,25.0,36
72,埔里,2021-07-21,41,2,1,nan,19,10,41.0,32
71,復興,2021-07-21,36,5,5,nan,25,35,nan,36
70,永和,2021-07-21,32,0,8,nan,20,32,nan,28
69,竹山,2021-07-21,58,2,1,nan,24,12,58.0,35
68,中壢,2021-07-21,29,5,7,nan,25,28,nan,29
67,三重,2021-07-21,32,2,9,nan,24,32,nan,31
66,冬山,2021-07-21,15,0,0,nan,14,12,15.0,13
65,宜蘭,2021-07-21,19,2,1,nan,14,7,18.0,19
64,陽明,2021-07-21,19,5,0,nan,8,0,19.0,7
63,花蓮,2021-07-21,29,5,1,nan,27,7,29.0,29
62,臺東,2021-07-21,22,2,1,nan,22,10,19.0,18
61,恆春,2021-07-21,33,2,1,nan,16,7,33.0,20
60,潮州,2021-07-21,28,2,2,nan,21,13,28.0,23
59,屏東,2021-07-21,44,12,2,nan,25,22,44.0,29
58,小港,2021-07-21,53,20,3,nan,29,53,21.0,41
57,前鎮,2021-07-21,37,8,5,nan,26,37,nan,37
56,前金,2021-07-21,42,5,2,nan,25,42,38.0,30
54,左營,2021-07-21,37,5,3,nan,24,27,34.0,37
53,楠梓,2021-07-21,38,10,2,nan,27,38,35.0,29
52,林園,2021-07-21,42,5,2,nan,28,28,37.0,42
51,大寮,2021-07-21,31,8,2,nan,28,27,28.0,31
50,鳳山,2021-07-21,35,8,5,nan,24,35,nan,35
49,仁武,2021-07-21,39,5,2,nan,27,25,39.0,31
48,橋頭,2021-07-21,39,8,1,nan,27,37,39.0,36
47,美濃,2021-07-21,49,5,1,nan,24,13,49.0,30
46,臺南,2021-07-21,43,2,2,nan,32,22,43.0,36
45,安南,2021-07-21,45,5,1,nan,36,22,45.0,37
44,善化,2021-07-21,41,5,1,nan,28,20,41.0,28
43,新營,2021-07-21,44,5,1,nan,35,13,44.0,42
42,嘉義,2021-07-21,45,8,2,nan,30,30,45.0,31
41,臺西,2021-07-21,41,12,1,nan,41,18,nan,35
40,朴子,2021-07-21,39,2,1,nan,34,15,28.0,39
39,新港,2021-07-21,40,5,1,nan,40,12,40.0,39
38,崙背,2021-07-21,47,8,1,nan,47,15,31.0,45
37,斗六,2021-07-21,48,5,1,nan,28,12,48.0,37
36,南投,2021-07-21,49,2,2,nan,24,15,49.0,31
35,二林,2021-07-21,73,12,1,nan,73,12,23.0,45
34,線西,2021-07-21,70,12,1,nan,70,15,nan,41
33,彰化,2021-07-21,29,5,2,nan,26,20,29.0,29
32,西屯,2021-07-21,37,5,2,nan,30,37,34.0,37
31,忠明,2021-07-21,33,2,2,nan,24,30,32.0,33
30,大里,2021-07-21,47,2,2,nan,25,20,47.0,33
29,沙鹿,2021-07-21,32,2,1,nan,32,23,24.0,26
28,豐原,2021-07-21,33,10,1,nan,22,13,33.0,30
27,三義,2021-07-21,29,2,1,nan,21,17,29.0,19
26,苗栗,2021-07-21,23,2,1,nan,23,12,20.0,22
25,頭份,2021-07-21,22,5,1,nan,22,15,nan,22
24,新竹,2021-07-21,29,2,1,nan,24,15,21.0,29
23,竹東,2021-07-21,23,0,0,nan,18,8,23.0,19
22,湖口,2021-07-21,29,2,1,nan,28,10,20.0,29
21,龍潭,2021-07-21,23,2,1,nan,20,15,20.0,23
20,平鎮,2021-07-21,31,2,1,nan,26,20,16.0,31
19,觀音,2021-07-21,33,10,1,nan,33,17,19.0,27
17,桃園,2021-07-21,28,12,2,nan,25,13,17.0,28
16,大同,2021-07-21,36,5,12,nan,22,32,nan,36
15,松山,2021-07-21,27,5,2,nan,21,22,14.0,27
14,古亭,2021-07-21,22,0,2,nan,17,22,8.0,21
13,萬華,2021-07-21,27,2,3,nan,22,27,15.0,26
12,中山,2021-07-21,30,0,5,nan,20,30,10.0,26
11,士林,2021-07-21,23,0,1,nan,19,18,15.0,23
10,淡水,2021-07-21,25,2,0,nan,24,7,17.0,25
9,林口,2021-07-21,27,0,0,nan,27,13,17.0,27
8,菜寮,2021-07-21,27,0,1,nan,21,25,15.0,27
7,新莊,2021-07-21,31,2,1,nan,21,15,16.0,31
6,板橋,2021-07-21,20,2,2,nan,19,18,16.0,20
5,土城,2021-07-21,22,2,2,nan,19,22,17.0,18
4,新店,2021-07-21,27,2,2,nan,19,27,18.0,23
3,萬里,2021-07-21,86,0,0,nan,86,3,21.0,51
2,汐止,2021-07-21,28,2,0,nan,24,12,19.0,28
1,基隆,2021-07-21,34,0,1,nan,32,10,14.0,34
38,崙背,2021-07-22,31,5,0,nan,26,7,22.0,31
37,斗六,2021-07-22,25,2,1,nan,14,8,25.0,20
39,新港,2021-07-22,26,2,0,nan,22,3,23.0,26
36,南投,2021-07-22,27,2,2,nan,11,17,27.0,14
35,二林,2021-07-22,38,5,1,nan,38,8,18.0,25
40,朴子,2021-07-22,37,2,0,nan,26,7,19.0,37
34,線西,2021-07-22,55,12,1,nan,55,13,nan,24
33,彰化,2021-07-22,18,2,1,nan,15,13,18.0,15
41,臺西,2021-07-22,31,8,0,nan,28,12,nan,31
32,西屯,2021-07-22,19,2,1,nan,11,13,19.0,13
42,嘉義,2021-07-22,25,5,1,nan,16,25,19.0,16
43,新營,2021-07-22,32,2,0,nan,23,12,21.0,32
44,善化,2021-07-22,32,5,0,nan,20,13,21.0,32
45,安南,2021-07-22,25,5,0,nan,24,12,25.0,22
46,臺南,2021-07-22,31,0,1,nan,26,10,23.0,31
31,忠明,2021-07-22,17,2,1,nan,9,15,17.0,15
47,美濃,2021-07-22,26,2,1,nan,18,5,25.0,26
30,大里,2021-07-22,18,2,2,nan,9,15,18.0,13
48,橋頭,2021-07-22,29,2,0,nan,26,12,23.0,29
29,沙鹿,2021-07-22,19,2,0,nan,17,8,19.0,16
49,仁武,2021-07-22,35,10,1,nan,28,20,24.0,35
28,豐原,2021-07-22,20,2,0,nan,7,7,20.0,9
50,鳳山,2021-07-22,38,5,5,nan,27,22,nan,38
51,大寮,2021-07-22,31,12,1,nan,25,17,23.0,31
52,林園,2021-07-22,44,20,5,nan,30,30,23.0,44
27,三義,2021-07-22,18,2,1,nan,4,8,18.0,6
53,楠梓,2021-07-22,31,10,1,nan,26,13,23.0,31
54,左營,2021-07-22,39,5,1,nan,25,12,22.0,39
26,苗栗,2021-07-22,15,2,0,nan,10,15,13.0,12
56,前金,2021-07-22,29,2,1,nan,29,17,24.0,29
25,頭份,2021-07-22,20,5,1,nan,12,20,nan,16
24,新竹,2021-07-22,18,2,1,nan,17,17,18.0,18
57,前鎮,2021-07-22,34,2,1,nan,30,12,nan,34
23,竹東,2021-07-22,15,0,1,nan,5,13,15.0,7
58,小港,2021-07-22,39,5,1,nan,29,20,18.0,39
22,湖口,2021-07-22,19,2,0,nan,19,8,17.0,18
21,龍潭,2021-07-22,22,2,2,nan,11,22,16.0,11
59,屏東,2021-07-22,34,2,0,nan,34,10,31.0,29
60,潮州,2021-07-22,30,2,1,nan,24,13,24.0,30
20,平鎮,2021-07-22,23,2,1,nan,19,18,13.0,23
19,觀音,2021-07-22,30,0,0,nan,30,5,15.0,20
61,恆春,2021-07-22,33,5,1,nan,26,8,33.0,32
18,大園,2021-07-22,25,2,0,nan,25,22,16.0,24
17,桃園,2021-07-22,20,0,1,nan,16,13,12.0,20
62,臺東,2021-07-22,26,2,1,nan,22,12,23.0,26
16,大同,2021-07-22,30,5,14,nan,17,30,nan,30
63,花蓮,2021-07-22,23,5,1,nan,16,17,20.0,23
15,松山,2021-07-22,20,2,1,nan,13,20,14.0,18
14,古亭,2021-07-22,25,0,2,nan,11,25,12.0,15
64,陽明,2021-07-22,19,0,0,nan,1,2,19.0,1
65,宜蘭,2021-07-22,13,2,1,nan,5,7,13.0,8
13,萬華,2021-07-22,25,2,3,nan,12,25,8.0,18
66,冬山,2021-07-22,14,0,0,nan,8,12,14.0,5
67,三重,2021-07-22,37,2,10,nan,17,37,nan,27
68,中壢,2021-07-22,23,2,3,nan,17,23,nan,18
69,竹山,2021-07-22,28,2,1,nan,10,8,28.0,16
12,中山,2021-07-22,22,0,3,nan,10,22,12.0,19
70,永和,2021-07-22,23,0,10,nan,13,23,nan,23
71,復興,2021-07-22,35,2,3,nan,29,13,nan,35
11,士林,2021-07-22,13,0,1,nan,11,12,13.0,12
10,淡水,2021-07-22,18,0,0,nan,18,3,13.0,16
72,埔里,2021-07-22,26,2,1,nan,10,7,26.0,15
75,馬祖,2021-07-22,35,5,1,nan,32,17,30.0,35
9,林口,2021-07-22,15,0,0,nan,15,8,14.0,14
8,菜寮,2021-07-22,22,0,3,nan,12,22,14.0,18
77,金門,2021-07-22,54,8,1,nan,41,23,54.0,49
7,新莊,2021-07-22,21,0,1,nan,13,18,12.0,21
78,馬公,2021-07-22,31,5,0,nan,25,3,31.0,24
6,板橋,2021-07-22,27,0,5,nan,11,27,13.0,15
5,土城,2021-07-22,32,2,3,nan,11,32,14.0,8
80,關山,2021-07-22,25,2,0,nan,17,5,25.0,18
4,新店,2021-07-22,16,2,2,nan,12,15,16.0,16
83,麥寮,2021-07-22,43,5,1,nan,43,7,nan,35
3,萬里,2021-07-22,82,0,0,nan,82,2,19.0,51
84,富貴角,2021-07-22,71,0,0,nan,71,0,21.0,51
2,汐止,2021-07-22,19,0,0,nan,18,7,18.0,19
1,基隆,2021-07-22,28,2,1,nan,28,8,13.0,28
85,大城,2021-07-22,32,2,0,nan,25,3,26.0,32
2,汐止,2021-07-23,27,2,0,nan,25,8,22.0,27.0
3,萬里,2021-07-23,79,0,0,nan,79,2,24.0,57.0
4,新店,2021-07-23,18,2,3,nan,14,18,18.0,17.0
5,土城,2021-07-23,22,2,2,nan,17,22,17.0,8.0
6,板橋,2021-07-23,23,0,2,nan,18,23,15.0,18.0
7,新莊,2021-07-23,26,0,1,nan,20,13,20.0,26.0
8,菜寮,2021-07-23,26,0,1,nan,19,13,18.0,26.0
9,林口,2021-07-23,21,0,0,nan,21,5,20.0,19.0
10,淡水,2021-07-23,29,0,0,nan,29,5,18.0,24.0
11,士林,2021-07-23,20,0,1,nan,17,18,20.0,19.0
12,中山,2021-07-23,32,0,5,nan,14,32,17.0,21.0
13,萬華,2021-07-23,28,2,3,nan,16,28,12.0,23.0
14,古亭,2021-07-23,27,0,2,nan,13,27,16.0,17.0
15,松山,2021-07-23,27,2,2,nan,16,27,19.0,22.0
16,大同,2021-07-23,40,2,17,nan,16,40,nan,30.0
17,桃園,2021-07-23,26,0,2,nan,26,12,17.0,25.0
18,大園,2021-07-23,32,2,1,nan,32,7,19.0,29.0
19,觀音,2021-07-23,37,0,0,nan,37,2,19.0,27.0
20,平鎮,2021-07-23,29,2,1,nan,27,17,16.0,29.0
21,龍潭,2021-07-23,20,2,1,nan,19,15,19.0,20.0
22,湖口,2021-07-23,27,2,1,nan,25,3,20.0,27.0
23,竹東,2021-07-23,19,2,0,nan,15,8,19.0,13.0
24,新竹,2021-07-23,28,2,1,nan,24,10,20.0,28.0
25,頭份,2021-07-23,23,8,1,nan,23,15,nan,23.0
26,苗栗,2021-07-23,21,2,0,nan,19,13,15.0,21.0
27,三義,2021-07-23,20,2,0,nan,10,8,20.0,6.0
28,豐原,2021-07-23,21,2,0,nan,11,8,21.0,13.0
29,沙鹿,2021-07-23,24,2,0,nan,24,7,19.0,22.0
30,大里,2021-07-23,18,2,1,nan,13,10,16.0,18.0
31,忠明,2021-07-23,23,2,1,nan,14,13,17.0,23.0
32,西屯,2021-07-23,22,2,1,nan,18,17,19.0,22.0
33,彰化,2021-07-23,21,2,1,nan,21,10,18.0,20.0
34,線西,2021-07-23,68,5,1,nan,68,10,nan,25.0
35,二林,2021-07-23,28,5,0,nan,28,5,17.0,28.0
36,南投,2021-07-23,19,2,2,nan,14,17,19.0,16.0
37,斗六,2021-07-23,27,2,1,nan,19,7,23.0,27.0
38,崙背,2021-07-23,31,2,0,nan,24,2,22.0,31.0
39,新港,2021-07-23,30,2,0,nan,27,2,24.0,30.0
40,朴子,2021-07-23,35,2,0,nan,25,3,19.0,35.0
41,臺西,2021-07-23,34,10,0,nan,27,15,nan,34.0
42,嘉義,2021-07-23,25,5,1,nan,19,25,19.0,19.0
43,新營,2021-07-23,28,0,1,nan,24,7,21.0,28.0
44,善化,2021-07-23,23,0,0,nan,18,5,22.0,23.0
45,安南,2021-07-23,29,2,0,nan,26,7,24.0,29.0
46,臺南,2021-07-23,30,0,1,nan,26,5,22.0,30.0
47,美濃,2021-07-23,23,2,1,nan,13,5,23.0,22.0
48,橋頭,2021-07-23,32,2,0,nan,24,12,22.0,32.0
49,仁武,2021-07-23,35,2,1,nan,26,17,23.0,35.0
50,鳳山,2021-07-23,36,5,5,nan,27,22,nan,36.0
51,大寮,2021-07-23,29,2,1,nan,24,18,20.0,29.0
52,林園,2021-07-23,51,51,11,nan,30,33,14.0,45.0
53,楠梓,2021-07-23,27,10,1,nan,24,12,22.0,27.0
54,左營,2021-07-23,36,5,1,nan,25,8,22.0,36.0
56,前金,2021-07-23,30,2,1,nan,30,10,24.0,30.0
57,前鎮,2021-07-23,29,2,1,nan,27,8,nan,29.0
58,小港,2021-07-23,34,2,0,nan,26,10,22.0,34.0
59,屏東,2021-07-23,28,2,0,nan,22,7,28.0,22.0
60,潮州,2021-07-23,24,0,1,nan,18,8,20.0,24.0
61,恆春,2021-07-23,30,2,1,nan,21,5,26.0,30.0
62,臺東,2021-07-23,28,2,1,nan,21,15,28.0,28.0
63,花蓮,2021-07-23,29,2,1,nan,22,15,26.0,29.0
64,陽明,2021-07-23,23,0,0,nan,0,2,23.0,nan
65,宜蘭,2021-07-23,20,0,1,nan,6,5,20.0,9.0
66,冬山,2021-07-23,21,0,0,nan,7,5,21.0,6.0
67,三重,2021-07-23,37,2,7,nan,23,37,nan,31.0
68,中壢,2021-07-23,23,0,2,nan,23,22,nan,23.0
69,竹山,2021-07-23,23,2,1,nan,12,10,23.0,23.0
70,永和,2021-07-23,32,2,14,nan,15,32,nan,25.0
71,復興,2021-07-23,33,2,2,nan,28,10,nan,33.0
72,埔里,2021-07-23,23,2,1,nan,8,7,23.0,12.0
75,馬祖,2021-07-23,24,2,1,nan,13,8,24.0,15.0
77,金門,2021-07-23,44,8,1,nan,21,25,44.0,25.0
78,馬公,2021-07-23,23,2,0,nan,20,2,23.0,13.0
80,關山,2021-07-23,26,2,1,nan,19,5,26.0,17.0
83,麥寮,2021-07-23,34,2,0,nan,32,5,nan,34.0
84,富貴角,2021-07-23,102,0,0,nan,102,0,27.0,78.0
85,大城,2021-07-23,32,2,0,nan,27,3,24.0,32.0
1,基隆,2021-07-23,37,12,1,nan,36,8,19.0,37.0
28,豐原,2021-07-24,32,5,1,nan,16,15,32.0,25
67,三重,2021-07-24,43,5,14,nan,18,43,nan,27
65,宜蘭,2021-07-24,25,0,1,nan,4,5,25.0,5
64,陽明,2021-07-24,33,8,2,nan,3,8,33.0,4
63,花蓮,2021-07-24,31,2,1,nan,25,12,28.0,31
68,中壢,2021-07-24,28,2,7,nan,14,28,nan,18
62,臺東,2021-07-24,25,2,1,nan,25,12,13.0,25
69,竹山,2021-07-24,31,2,1,nan,16,15,31.0,28
61,恆春,2021-07-24,38,5,1,nan,17,5,38.0,27
60,潮州,2021-07-24,27,2,2,nan,16,18,27.0,26
70,永和,2021-07-24,27,2,5,nan,12,27,nan,16
59,屏東,2021-07-24,37,2,2,nan,19,15,37.0,28
71,復興,2021-07-24,25,2,2,nan,17,17,nan,25
72,埔里,2021-07-24,27,2,1,nan,9,15,27.0,16
58,小港,2021-07-24,35,5,0,nan,19,27,35.0,26
57,前鎮,2021-07-24,23,2,1,nan,19,23,nan,23
56,前金,2021-07-24,37,2,1,nan,16,7,37.0,24
27,三義,2021-07-24,26,2,1,nan,12,8,26.0,11
75,馬祖,2021-07-24,33,2,3,nan,23,33,31.0,28
26,苗栗,2021-07-24,19,2,1,nan,14,10,19.0,12
25,頭份,2021-07-24,23,18,1,nan,17,23,nan,15
24,新竹,2021-07-24,25,2,2,nan,14,18,25.0,16
77,金門,2021-07-24,49,8,3,nan,24,27,49.0,41
23,竹東,2021-07-24,23,0,1,nan,8,12,23.0,8
78,馬公,2021-07-24,44,5,1,nan,13,8,44.0,13
22,湖口,2021-07-24,27,2,1,nan,17,18,27.0,18
21,龍潭,2021-07-24,25,0,1,nan,10,12,25.0,10
20,平鎮,2021-07-24,24,0,1,nan,12,17,24.0,17
80,關山,2021-07-24,26,2,1,nan,20,8,26.0,21
19,觀音,2021-07-24,35,2,1,nan,25,8,35.0,22
83,麥寮,2021-07-24,28,8,0,nan,17,15,nan,28
18,大園,2021-07-24,28,2,1,nan,19,10,28.0,20
17,桃園,2021-07-24,24,2,2,nan,15,15,24.0,19
16,大同,2021-07-24,37,5,15,nan,14,37,nan,24
15,松山,2021-07-24,33,2,3,nan,11,33,20.0,15
84,富貴角,2021-07-24,46,0,1,nan,46,7,38.0,41
14,古亭,2021-07-24,23,5,2,nan,9,23,21.0,12
13,萬華,2021-07-24,25,5,3,nan,12,25,20.0,19
12,中山,2021-07-24,33,2,6,nan,12,33,19.0,20
11,士林,2021-07-24,28,0,3,nan,15,18,28.0,20
10,淡水,2021-07-24,29,2,1,nan,18,13,29.0,16
9,林口,2021-07-24,26,2,1,nan,12,20,26.0,15
8,菜寮,2021-07-24,22,2,3,nan,13,22,22.0,21
7,新莊,2021-07-24,25,5,2,nan,12,20,25.0,20
6,板橋,2021-07-24,22,5,2,nan,12,18,22.0,11
5,土城,2021-07-24,23,8,2,nan,11,20,23.0,6
4,新店,2021-07-24,26,5,1,nan,10,23,26.0,9
3,萬里,2021-07-24,31,0,1,nan,16,10,31.0,16
2,汐止,2021-07-24,40,2,6,nan,12,40,20.0,19
1,基隆,2021-07-24,24,12,2,nan,14,18,24.0,22
54,左營,2021-07-24,32,2,1,nan,17,15,32.0,30
53,楠梓,2021-07-24,37,5,1,nan,16,17,37.0,22
52,林園,2021-07-24,38,32,6,nan,29,32,36.0,38
51,大寮,2021-07-24,32,12,1,nan,17,13,32.0,25
50,鳳山,2021-07-24,29,5,5,nan,18,15,nan,29
49,仁武,2021-07-24,39,2,1,nan,18,22,39.0,26
48,橋頭,2021-07-24,37,2,1,nan,17,13,37.0,25
47,美濃,2021-07-24,30,2,1,nan,14,8,30.0,21
46,臺南,2021-07-24,42,2,1,nan,17,12,42.0,24
45,安南,2021-07-24,44,2,2,nan,16,8,44.0,23
44,善化,2021-07-24,37,2,0,nan,15,10,37.0,21
43,新營,2021-07-24,38,2,1,nan,18,12,38.0,30
42,嘉義,2021-07-24,36,5,2,nan,17,33,36.0,21
41,臺西,2021-07-24,29,8,0,nan,18,13,nan,29
40,朴子,2021-07-24,32,5,2,nan,17,12,32.0,30
39,新港,2021-07-24,43,2,1,nan,18,13,43.0,28
38,崙背,2021-07-24,34,5,1,nan,16,10,34.0,28
37,斗六,2021-07-24,38,5,2,nan,17,10,38.0,31
36,南投,2021-07-24,34,5,2,nan,18,15,34.0,25
35,二林,2021-07-24,35,5,1,nan,21,8,35.0,28
34,線西,2021-07-24,35,28,1,nan,35,10,nan,28
33,彰化,2021-07-24,40,8,2,nan,17,13,40.0,24
32,西屯,2021-07-24,43,8,2,nan,19,20,43.0,30
31,忠明,2021-07-24,37,5,2,nan,16,20,37.0,28
30,大里,2021-07-24,31,5,2,nan,16,22,31.0,27
29,沙鹿,2021-07-24,43,10,2,nan,21,18,43.0,24
66,冬山,2021-07-24,24,2,1,nan,7,13,24.0,4
85,大城,2021-07-24,48,5,1,nan,22,8,48.0,27
41,臺西,2021-07-25,44,5,0,nan,24,8,nan,44
1,基隆,2021-07-25,39,2,2,nan,15,12,39.0,30
2,汐止,2021-07-25,42,2,2,nan,16,20,42.0,29
3,萬里,2021-07-25,41,0,1,nan,20,8,41.0,25
4,新店,2021-07-25,40,5,1,nan,16,13,40.0,19
5,土城,2021-07-25,41,5,2,nan,17,13,41.0,16
6,板橋,2021-07-25,38,2,2,nan,15,13,38.0,27
7,新莊,2021-07-25,44,2,1,nan,14,13,44.0,34
8,菜寮,2021-07-25,43,2,2,nan,15,13,43.0,34
9,林口,2021-07-25,51,2,1,nan,17,12,51.0,32
10,淡水,2021-07-25,49,2,1,nan,23,12,49.0,37
11,士林,2021-07-25,51,2,2,nan,18,13,51.0,33
12,中山,2021-07-25,37,2,5,nan,15,27,37.0,33
13,萬華,2021-07-25,39,2,2,nan,17,17,39.0,28
14,古亭,2021-07-25,39,2,2,nan,14,15,39.0,31
15,松山,2021-07-25,38,2,3,nan,16,18,38.0,31
16,大同,2021-07-25,37,5,11,nan,16,37,nan,35
17,桃園,2021-07-25,45,2,2,nan,17,10,45.0,33
18,大園,2021-07-25,67,5,2,nan,22,8,67.0,40
19,觀音,2021-07-25,74,2,1,nan,23,10,74.0,44
20,平鎮,2021-07-25,49,2,2,nan,19,12,49.0,42
21,龍潭,2021-07-25,42,0,1,nan,17,10,42.0,27
22,湖口,2021-07-25,84,5,2,nan,26,10,84.0,45
23,竹東,2021-07-25,42,0,1,nan,14,5,42.0,23
24,新竹,2021-07-25,77,2,2,nan,21,10,77.0,46
25,頭份,2021-07-25,34,15,2,nan,18,20,nan,34
26,苗栗,2021-07-25,35,2,1,nan,18,7,35.0,31
27,三義,2021-07-25,41,2,1,nan,18,7,41.0,33
28,豐原,2021-07-25,47,2,2,nan,20,5,47.0,38
29,沙鹿,2021-07-25,49,2,1,nan,23,10,49.0,44
30,大里,2021-07-25,44,5,2,nan,21,10,44.0,38
31,忠明,2021-07-25,44,2,2,nan,20,15,44.0,41
32,西屯,2021-07-25,51,5,1,nan,25,15,51.0,46
33,彰化,2021-07-25,50,5,1,nan,20,8,50.0,39
34,線西,2021-07-25,49,5,1,nan,41,5,nan,49
35,二林,2021-07-25,44,2,1,nan,28,8,43.0,44
36,南投,2021-07-25,48,2,2,nan,23,7,48.0,39
37,斗六,2021-07-25,51,5,2,nan,21,7,51.0,40
38,崙背,2021-07-25,50,2,1,nan,23,7,50.0,49
39,新港,2021-07-25,64,2,1,nan,22,12,64.0,43
40,朴子,2021-07-25,50,5,2,nan,25,17,42.0,50
42,嘉義,2021-07-25,45,5,2,nan,20,23,45.0,33
43,新營,2021-07-25,49,2,1,nan,23,7,49.0,44
44,善化,2021-07-25,43,0,1,nan,16,10,43.0,28
45,安南,2021-07-25,50,2,2,nan,22,15,50.0,30
46,臺南,2021-07-25,44,0,2,nan,19,12,44.0,31
47,美濃,2021-07-25,28,2,1,nan,13,5,28.0,23
48,橋頭,2021-07-25,38,0,1,nan,18,8,38.0,31
49,仁武,2021-07-25,40,5,1,nan,21,13,40.0,35
50,鳳山,2021-07-25,36,2,3,nan,21,15,nan,36
51,大寮,2021-07-25,51,51,2,nan,21,20,32.0,38
52,林園,2021-07-25,48,15,2,nan,43,22,35.0,48
53,楠梓,2021-07-25,36,5,1,nan,20,12,36.0,28
54,左營,2021-07-25,39,5,2,nan,23,22,38.0,39
56,前金,2021-07-25,39,5,1,nan,26,17,39.0,32
57,前鎮,2021-07-25,33,5,2,nan,27,22,nan,33
58,小港,2021-07-25,42,10,1,nan,22,42,32.0,32
59,屏東,2021-07-25,33,2,3,nan,15,23,33.0,30
60,潮州,2021-07-25,27,0,2,nan,13,13,27.0,26
61,恆春,2021-07-25,31,2,1,nan,18,3,31.0,24
62,臺東,2021-07-25,27,2,1,nan,27,10,nan,27
63,花蓮,2021-07-25,33,5,1,nan,19,10,33.0,27
64,陽明,2021-07-25,42,2,1,nan,13,7,42.0,23
65,宜蘭,2021-07-25,34,15,1,nan,17,8,34.0,21
66,冬山,2021-07-25,40,2,2,nan,20,17,40.0,19
67,三重,2021-07-25,43,2,10,nan,20,43,nan,35
68,中壢,2021-07-25,36,2,6,nan,21,30,nan,36
69,竹山,2021-07-25,44,2,1,nan,22,10,44.0,40
70,永和,2021-07-25,30,2,3,nan,15,20,nan,30
71,復興,2021-07-25,38,2,3,nan,23,15,nan,38
72,埔里,2021-07-25,34,2,2,nan,20,15,34.0,29
75,馬祖,2021-07-25,129,2,1,nan,32,15,129.0,42
77,金門,2021-07-25,118,10,2,nan,36,28,118.0,58
78,馬公,2021-07-25,80,8,1,nan,26,3,80.0,34
80,關山,2021-07-25,31,2,1,nan,17,7,31.0,19
83,麥寮,2021-07-25,49,2,2,nan,25,12,nan,49
84,富貴角,2021-07-25,104,0,1,nan,35,8,104.0,45
85,大城,2021-07-25,71,2,1,nan,24,7,71.0,48
85,大城,2021-07-26,31,2,0,nan,22.0,3,31.0,25
84,富貴角,2021-07-26,54,0,1,nan,31.0,13,54.0,40
83,麥寮,2021-07-26,27,2,1,nan,22.0,8,nan,27
80,關山,2021-07-26,33,2,1,nan,18.0,7,33.0,20
78,馬公,2021-07-26,27,5,1,nan,20.0,5,27.0,13
77,金門,2021-07-26,97,10,2,nan,33.0,32,97.0,54
75,馬祖,2021-07-26,140,2,1,nan,41.0,48,140.0,65
72,埔里,2021-07-26,41,2,1,nan,18.0,10,41.0,35
71,復興,2021-07-26,25,5,2,nan,25.0,12,nan,25
70,永和,2021-07-26,33,2,7,nan,18.0,30,nan,33
69,竹山,2021-07-26,39,2,1,nan,20.0,10,39.0,35
68,中壢,2021-07-26,45,2,8,nan,24.0,45,nan,42
67,三重,2021-07-26,56,5,12,nan,22.0,56,nan,40
66,冬山,2021-07-26,32,8,2,nan,23.0,20,32.0,27
65,宜蘭,2021-07-26,36,2,1,nan,18.0,8,36.0,28
64,陽明,2021-07-26,48,5,1,nan,17.0,7,48.0,34
63,花蓮,2021-07-26,41,5,1,nan,23.0,18,41.0,32
62,臺東,2021-07-26,20,2,1,nan,20.0,8,nan,20
61,恆春,2021-07-26,25,0,0,nan,23.0,3,22.0,25
60,潮州,2021-07-26,22,2,2,nan,17.0,13,22.0,20
59,屏東,2021-07-26,31,2,2,nan,17.0,15,31.0,23
58,小港,2021-07-26,33,8,0,nan,28.0,33,19.0,31
57,前鎮,2021-07-26,29,10,2,nan,29.0,22,nan,28
56,前金,2021-07-26,24,2,1,nan,24.0,8,21.0,19
54,左營,2021-07-26,29,2,1,nan,24.0,23,20.0,29
53,楠梓,2021-07-26,22,5,1,nan,22.0,22,20.0,17
52,林園,2021-07-26,63,8,2,nan,63.0,10,23.0,55
51,大寮,2021-07-26,24,10,1,nan,24.0,18,20.0,24
50,鳳山,2021-07-26,31,2,5,nan,23.0,17,nan,31
49,仁武,2021-07-26,27,2,1,nan,22.0,22,22.0,27
48,橋頭,2021-07-26,24,0,1,nan,22.0,15,23.0,24
47,美濃,2021-07-26,28,5,1,nan,16.0,5,28.0,27
46,臺南,2021-07-26,23,0,1,nan,23.0,8,22.0,20
45,安南,2021-07-26,25,2,1,nan,22.0,8,25.0,21
44,善化,2021-07-26,24,5,0,nan,19.0,15,24.0,23
43,新營,2021-07-26,30,0,1,nan,20.0,10,26.0,30
42,嘉義,2021-07-26,28,5,1,nan,18.0,23,28.0,21
41,臺西,2021-07-26,25,2,0,nan,20.0,5,nan,25
40,朴子,2021-07-26,27,2,1,nan,22.0,12,18.0,27
39,新港,2021-07-26,31,5,1,nan,18.0,20,31.0,27
38,崙背,2021-07-26,32,2,1,nan,20.0,8,31.0,32
37,斗六,2021-07-26,35,5,2,nan,19.0,10,35.0,31
36,南投,2021-07-26,37,2,1,nan,20.0,12,37.0,31
35,二林,2021-07-26,28,2,1,nan,26.0,7,28.0,26
34,線西,2021-07-26,43,5,1,nan,43.0,12,nan,28
33,彰化,2021-07-26,33,2,1,nan,20.0,10,33.0,26
32,西屯,2021-07-26,36,2,1,nan,25.0,25,36.0,36
31,忠明,2021-07-26,34,2,2,nan,18.0,22,31.0,34
30,大里,2021-07-26,34,2,2,nan,22.0,18,31.0,34
29,沙鹿,2021-07-26,33,0,1,nan,24.0,13,33.0,30
28,豐原,2021-07-26,40,2,2,nan,22.0,13,40.0,36
27,三義,2021-07-26,36,2,1,nan,22.0,13,36.0,34
26,苗栗,2021-07-26,36,2,1,nan,22.0,12,32.0,36
25,頭份,2021-07-26,39,15,2,nan,24.0,28,nan,39
24,新竹,2021-07-26,39,2,2,nan,25.0,20,37.0,39
23,竹東,2021-07-26,44,2,1,nan,nan,12,44.0,35
22,湖口,2021-07-26,47,32,1,nan,26.0,20,46.0,47
21,龍潭,2021-07-26,40,2,1,nan,nan,15,40.0,38
20,平鎮,2021-07-26,49,2,2,nan,25.0,22,45.0,49
19,觀音,2021-07-26,39,2,1,nan,24.0,10,39.0,38
18,大園,2021-07-26,46,2,2,nan,27.0,18,45.0,46
17,桃園,2021-07-26,47,2,3,nan,24.0,30,47.0,42
16,大同,2021-07-26,52,5,17,nan,17.0,52,nan,38
15,松山,2021-07-26,44,5,3,nan,19.0,32,44.0,36
14,古亭,2021-07-26,43,5,2,nan,15.0,20,43.0,26
13,萬華,2021-07-26,43,5,3,nan,18.0,37,43.0,35
12,中山,2021-07-26,41,5,6,nan,19.0,40,41.0,35
11,士林,2021-07-26,58,2,3,nan,21.0,33,58.0,37
10,淡水,2021-07-26,43,0,3,nan,26.0,30,43.0,41
9,林口,2021-07-26,48,2,3,nan,24.0,43,48.0,43
8,菜寮,2021-07-26,44,5,3,nan,17.0,33,44.0,40
7,新莊,2021-07-26,44,5,3,nan,nan,37,44.0,44
6,板橋,2021-07-26,41,2,5,nan,18.0,37,41.0,30
5,土城,2021-07-26,43,2,2,nan,18.0,28,43.0,23
4,新店,2021-07-26,44,2,2,nan,18.0,20,44.0,26
3,萬里,2021-07-26,54,2,1,nan,20.0,7,54.0,34
2,汐止,2021-07-26,45,10,3,nan,20.0,35,45.0,34
1,基隆,2021-07-26,43,2,3,nan,18.0,27,43.0,35
51,大寮,2021-07-27,37,18,2,nan,19.0,22,37.0,27
6,板橋,2021-07-27,54,30,5,nan,22.0,35,54.0,38
7,新莊,2021-07-27,77,5,3,nan,nan,37,77.0,50
8,菜寮,2021-07-27,100,15,3,nan,23.0,28,100.0,48
9,林口,2021-07-27,87,5,1,nan,23.0,28,87.0,38
10,淡水,2021-07-27,74,2,2,nan,24.0,22,74.0,42
11,士林,2021-07-27,156,8,3,nan,27.0,32,156.0,47
12,中山,2021-07-27,93,22,6,nan,24.0,47,93.0,42
13,萬華,2021-07-27,80,18,3,nan,22.0,42,80.0,41
14,古亭,2021-07-27,87,18,2,nan,21.0,33,87.0,38
15,松山,2021-07-27,84,15,3,nan,24.0,28,84.0,42
16,大同,2021-07-27,64,15,19,nan,23.0,64,nan,44
17,桃園,2021-07-27,90,2,5,nan,25.0,43,90.0,40
18,大園,2021-07-27,54,5,1,nan,22.0,35,54.0,33
19,觀音,2021-07-27,45,5,1,nan,19.0,12,45.0,28
20,平鎮,2021-07-27,44,5,2,nan,22.0,35,44.0,41
21,龍潭,2021-07-27,74,5,2,nan,nan,37,74.0,39
22,湖口,2021-07-27,58,8,1,nan,23.0,17,58.0,34
23,竹東,2021-07-27,67,2,1,nan,nan,10,67.0,30
24,新竹,2021-07-27,44,10,2,nan,23.0,25,44.0,32
25,頭份,2021-07-27,29,10,2,nan,22.0,25,nan,29
26,苗栗,2021-07-27,38,5,2,nan,20.0,20,38.0,26
27,三義,2021-07-27,45,8,2,nan,20.0,18,45.0,22
28,豐原,2021-07-27,54,5,3,nan,21.0,23,54.0,36
29,沙鹿,2021-07-27,38,5,1,nan,20.0,18,38.0,18
30,大里,2021-07-27,39,5,2,nan,20.0,20,39.0,32
31,忠明,2021-07-27,39,5,2,nan,18.0,28,39.0,31
32,西屯,2021-07-27,44,5,1,nan,23.0,22,44.0,31
33,彰化,2021-07-27,37,8,1,nan,19.0,15,37.0,27
34,線西,2021-07-27,36,5,1,nan,36.0,10,nan,24
35,二林,2021-07-27,28,5,1,nan,20.0,13,28.0,21
36,南投,2021-07-27,42,2,1,nan,18.0,12,42.0,28
37,斗六,2021-07-27,44,8,2,nan,17.0,13,44.0,24
38,崙背,2021-07-27,31,5,1,nan,16.0,10,31.0,24
39,新港,2021-07-27,36,5,1,nan,15.0,32,36.0,22
40,朴子,2021-07-27,28,2,2,nan,18.0,12,26.0,28
41,臺西,2021-07-27,20,2,1,nan,17.0,8,nan,20
42,嘉義,2021-07-27,35,5,1,nan,17.0,27,35.0,18
43,新營,2021-07-27,34,2,1,nan,17.0,15,34.0,28
44,善化,2021-07-27,33,12,1,nan,15.0,15,33.0,20
45,安南,2021-07-27,32,2,2,nan,17.0,23,32.0,18
46,臺南,2021-07-27,30,0,2,nan,14.0,15,30.0,15
47,美濃,2021-07-27,36,5,2,nan,18.0,13,36.0,25
48,橋頭,2021-07-27,31,8,1,nan,15.0,10,31.0,19
49,仁武,2021-07-27,31,5,1,nan,18.0,20,31.0,21
50,鳳山,2021-07-27,27,5,5,nan,15.0,27,nan,23
52,林園,2021-07-27,44,8,1,nan,44.0,15,41.0,42
53,楠梓,2021-07-27,31,5,2,nan,16.0,15,31.0,16
54,左營,2021-07-27,30,8,2,nan,16.0,20,30.0,24
56,前金,2021-07-27,31,5,1,nan,18.0,22,31.0,14
57,前鎮,2021-07-27,23,8,2,nan,19.0,23,nan,18
58,小港,2021-07-27,38,10,1,nan,19.0,38,26.0,25
59,屏東,2021-07-27,47,8,2,nan,16.0,17,47.0,26
60,潮州,2021-07-27,35,5,2,nan,14.0,12,35.0,18
61,恆春,2021-07-27,25,2,1,nan,12.0,5,25.0,15
62,臺東,2021-07-27,30,2,1,nan,18.0,10,30.0,27
63,花蓮,2021-07-27,39,5,1,nan,nan,13,39.0,36
64,陽明,2021-07-27,87,5,1,nan,19.0,7,87.0,35
65,宜蘭,2021-07-27,44,2,1,nan,20.0,8,44.0,32
66,冬山,2021-07-27,35,2,2,nan,25.0,18,35.0,34
67,三重,2021-07-27,62,18,12,nan,27.0,62,nan,47
68,中壢,2021-07-27,53,8,8,nan,24.0,53,nan,41
69,竹山,2021-07-27,46,2,1,nan,18.0,12,46.0,28
70,永和,2021-07-27,51,12,9,nan,20.0,51,nan,39
71,復興,2021-07-27,20,2,3,nan,16.0,20,nan,20
72,埔里,2021-07-27,42,2,1,nan,18.0,8,42.0,30
75,馬祖,2021-07-27,58,0,1,nan,30.0,35,58.0,55
77,金門,2021-07-27,118,10,3,nan,40.0,43,118.0,65
78,馬公,2021-07-27,29,5,1,nan,14.0,7,29.0,6
80,關山,2021-07-27,31,0,1,nan,15.0,8,31.0,23
83,麥寮,2021-07-27,21,2,1,nan,18.0,20,nan,21
84,富貴角,2021-07-27,100,0,1,nan,24.0,17,100.0,37
85,大城,2021-07-27,30,2,0,nan,18.0,10,30.0,25
1,基隆,2021-07-27,58,8,2,nan,23.0,20,58.0,44
2,汐止,2021-07-27,90,8,3,nan,25.0,30,90.0,42
3,萬里,2021-07-27,93,2,2,nan,26.0,15,93.0,42
4,新店,2021-07-27,93,15,2,nan,22.0,25,93.0,35
5,土城,2021-07-27,90,8,3,nan,24.0,33,90.0,32
4,新店,2021-07-28,93,2,3,nan,25.0,28,93.0,41.0
21,龍潭,2021-07-28,64,2,2,nan,nan,28,64.0,45.0
80,關山,2021-07-28,26,0,1,nan,19.0,7,26.0,22.0
62,臺東,2021-07-28,26,2,2,nan,17.0,12,26.0,23.0
57,前鎮,2021-07-28,68,20,9,nan,25.0,68,nan,45.0
20,平鎮,2021-07-28,90,8,5,nan,27.0,42,90.0,55.0
83,麥寮,2021-07-28,52,5,3,nan,28.0,22,nan,52.0
54,左營,2021-07-28,66,20,7,nan,26.0,66,36.0,48.0
63,花蓮,2021-07-28,34,20,1,nan,19.0,15,32.0,34.0
3,萬里,2021-07-28,44,2,1,nan,24.0,17,42.0,44.0
38,崙背,2021-07-28,54,5,2,nan,27.0,17,54.0,54.0
37,斗六,2021-07-28,64,5,2,nan,21.0,10,64.0,47.0
19,觀音,2021-07-28,64,5,3,nan,25.0,35,64.0,51.0
36,南投,2021-07-28,67,5,2,nan,23.0,10,67.0,48.0
2,汐止,2021-07-28,52,12,3,nan,27.0,45,34.0,52.0
69,竹山,2021-07-28,50,2,2,nan,19.0,12,50.0,40.0
18,大園,2021-07-28,84,18,5,nan,26.0,48,84.0,53.0
78,馬公,2021-07-28,48,8,2,nan,32.0,20,44.0,48.0
60,潮州,2021-07-28,35,2,3,nan,19.0,18,35.0,31.0
17,桃園,2021-07-28,100,2,7,nan,30.0,52,100.0,59.0
35,二林,2021-07-28,51,8,2,nan,30.0,13,46.0,51.0
51,大寮,2021-07-28,39,10,3,nan,27.0,30,35.0,39.0
34,線西,2021-07-28,51,5,2,nan,47.0,12,nan,51.0
33,彰化,2021-07-28,67,5,1,nan,25.0,13,67.0,45.0
70,永和,2021-07-28,54,2,10,nan,27.0,52,nan,54.0
16,大同,2021-07-28,62,5,20,nan,27.0,62,nan,56.0
32,西屯,2021-07-28,84,5,2,nan,27.0,22,84.0,51.0
15,松山,2021-07-28,93,5,6,nan,27.0,51,93.0,52.0
61,恆春,2021-07-28,46,2,2,nan,15.0,8,46.0,28.0
31,忠明,2021-07-28,61,5,3,nan,25.0,23,61.0,51.0
1,基隆,2021-07-28,53,8,3,nan,26.0,52,34.0,53.0
71,復興,2021-07-28,69,22,8,nan,23.0,69,nan,46.0
14,古亭,2021-07-28,126,2,5,nan,24.0,42,126.0,52.0
30,大里,2021-07-28,61,5,2,nan,25.0,17,61.0,52.0
49,仁武,2021-07-28,49,10,5,nan,24.0,43,40.0,49.0
13,萬華,2021-07-28,108,8,10,nan,29.0,63,108.0,57.0
84,富貴角,2021-07-28,58,2,2,nan,28.0,13,58.0,44.0
12,中山,2021-07-28,122,5,9,nan,29.0,60,122.0,54.0
50,鳳山,2021-07-28,43,18,7,nan,21.0,43,nan,43.0
72,埔里,2021-07-28,49,2,1,nan,16.0,8,49.0,36.0
48,橋頭,2021-07-28,51,15,5,nan,25.0,51,43.0,42.0
11,士林,2021-07-28,156,5,5,nan,31.0,52,156.0,55.0
53,楠梓,2021-07-28,57,25,5,nan,25.0,57,40.0,42.0
47,美濃,2021-07-28,37,8,2,nan,19.0,27,37.0,31.0
29,沙鹿,2021-07-28,71,0,2,nan,30.0,15,71.0,52.0
64,陽明,2021-07-28,84,2,2,nan,20.0,10,84.0,46.0
28,豐原,2021-07-28,74,5,2,nan,26.0,13,74.0,52.0
46,臺南,2021-07-28,50,5,6,nan,25.0,50,48.0,46.0
52,林園,2021-07-28,51,15,5,nan,49.0,45,47.0,51.0
85,大城,2021-07-28,61,8,2,nan,29.0,15,61.0,49.0
10,淡水,2021-07-28,93,2,3,nan,31.0,28,93.0,53.0
27,三義,2021-07-28,50,5,2,nan,25.0,13,50.0,41.0
45,安南,2021-07-28,50,10,6,nan,27.0,43,50.0,50.0
65,宜蘭,2021-07-28,44,2,1,nan,23.0,7,37.0,44.0
9,林口,2021-07-28,136,8,3,nan,27.0,30,136.0,51.0
44,善化,2021-07-28,44,2,1,nan,16.0,15,44.0,35.0
58,小港,2021-07-28,67,22,5,nan,26.0,67,27.0,47.0
75,馬祖,2021-07-28,77,0,2,nan,38.0,40,77.0,77.0
43,新營,2021-07-28,47,2,2,nan,20.0,12,47.0,42.0
8,菜寮,2021-07-28,140,8,8,nan,29.0,57,140.0,61.0
42,嘉義,2021-07-28,46,5,2,nan,20.0,13,46.0,40.0
26,苗栗,2021-07-28,47,2,2,nan,26.0,15,47.0,45.0
66,冬山,2021-07-28,44,5,2,nan,28.0,18,34.0,44.0
25,頭份,2021-07-28,52,12,2,nan,27.0,18,nan,52.0
7,新莊,2021-07-28,58,5,8,nan,nan,58,58.0,nan
41,臺西,2021-07-28,54,8,2,nan,28.0,18,nan,54.0
77,金門,2021-07-28,132,5,3,nan,49.0,27,132.0,85.0
67,三重,2021-07-28,66,5,15,nan,32.0,66,nan,60.0
56,前金,2021-07-28,73,28,6,nan,25.0,73,39.0,39.0
59,屏東,2021-07-28,43,12,5,nan,24.0,37,43.0,42.0
6,板橋,2021-07-28,97,20,7,nan,28.0,56,97.0,51.0
40,朴子,2021-07-28,46,8,2,nan,23.0,17,43.0,46.0
24,新竹,2021-07-28,71,5,3,nan,27.0,23,71.0,54.0
68,中壢,2021-07-28,56,5,14,nan,28.0,55,nan,56.0
5,土城,2021-07-28,156,8,3,nan,nan,33,156.0,nan
39,新港,2021-07-28,47,5,2,nan,23.0,8,47.0,46.0
23,竹東,2021-07-28,50,5,1,nan,nan,8,50.0,35.0
22,湖口,2021-07-28,55,5,2,nan,28.0,22,43.0,55.0
28,豐原,2021-07-29,41,2,2,nan,20.0,12,39.0,41.0
30,大里,2021-07-29,35,5,2,nan,19.0,27,33.0,35.0
31,忠明,2021-07-29,38,5,2,nan,18.0,30,35.0,38.0
32,西屯,2021-07-29,40,5,2,nan,22.0,27,40.0,38.0
33,彰化,2021-07-29,37,12,1,nan,19.0,17,37.0,30.0
34,線西,2021-07-29,35,5,2,nan,29.0,13,nan,35.0
35,二林,2021-07-29,31,5,1,nan,21.0,15,31.0,31.0
36,南投,2021-07-29,37,2,1,nan,16.0,12,37.0,34.0
37,斗六,2021-07-29,33,5,2,nan,17.0,12,33.0,31.0
38,崙背,2021-07-29,36,5,2,nan,19.0,20,36.0,34.0
39,新港,2021-07-29,38,8,2,nan,19.0,17,38.0,35.0
40,朴子,2021-07-29,34,5,2,nan,18.0,23,31.0,34.0
41,臺西,2021-07-29,30,5,2,nan,17.0,8,nan,30.0
42,嘉義,2021-07-29,27,8,1,nan,12.0,12,27.0,23.0
43,新營,2021-07-29,34,8,2,nan,16.0,20,34.0,34.0
44,善化,2021-07-29,33,18,2,nan,12.0,17,33.0,27.0
45,安南,2021-07-29,32,8,5,nan,19.0,32,28.0,32.0
46,臺南,2021-07-29,30,5,3,nan,16.0,27,30.0,27.0
47,美濃,2021-07-29,36,8,2,nan,13.0,12,36.0,24.0
48,橋頭,2021-07-29,38,5,2,nan,17.0,38,28.0,30.0
49,仁武,2021-07-29,43,12,5,nan,17.0,43,28.0,35.0
50,鳳山,2021-07-29,38,10,6,nan,17.0,38,nan,37.0
51,大寮,2021-07-29,35,12,2,nan,19.0,35,25.0,32.0
52,林園,2021-07-29,41,2,2,nan,37.0,25,29.0,41.0
53,楠梓,2021-07-29,50,12,5,nan,17.0,50,25.0,27.0
54,左營,2021-07-29,37,10,5,nan,14.0,37,24.0,34.0
56,前金,2021-07-29,54,12,3,nan,16.0,54,24.0,26.0
57,前鎮,2021-07-29,47,15,6,nan,17.0,47,nan,28.0
58,小港,2021-07-29,51,40,5,nan,18.0,51,22.0,34.0
59,屏東,2021-07-29,30,5,3,nan,16.0,27,30.0,25.0
60,潮州,2021-07-29,24,0,2,nan,12.0,23,24.0,23.0
61,恆春,2021-07-29,31,0,1,nan,19.0,3,31.0,28.0
62,臺東,2021-07-29,28,2,1,nan,20.0,8,27.0,28.0
63,花蓮,2021-07-29,32,0,1,nan,19.0,10,27.0,32.0
64,陽明,2021-07-29,54,5,1,nan,20.0,7,54.0,39.0
65,宜蘭,2021-07-29,41,2,2,nan,21.0,8,32.0,41.0
66,冬山,2021-07-29,42,8,5,nan,29.0,20,31.0,42.0
67,三重,2021-07-29,67,5,16,nan,30.0,67,nan,58.0
68,中壢,2021-07-29,49,2,10,nan,24.0,48,nan,49.0
69,竹山,2021-07-29,31,2,2,nan,16.0,13,31.0,31.0
70,永和,2021-07-29,51,2,9,nan,24.0,50,nan,51.0
71,復興,2021-07-29,42,10,6,nan,15.0,42,nan,31.0
72,埔里,2021-07-29,36,2,1,nan,17.0,8,36.0,35.0
75,馬祖,2021-07-29,49,0,1,nan,30.0,43,45.0,49.0
77,金門,2021-07-29,38,0,1,nan,29.0,18,38.0,37.0
78,馬公,2021-07-29,29,10,1,nan,20.0,18,29.0,nan
80,關山,2021-07-29,32,2,1,nan,17.0,10,32.0,20.0
83,麥寮,2021-07-29,29,2,2,nan,20.0,18,nan,29.0
84,富貴角,2021-07-29,50,5,2,nan,28.0,13,50.0,46.0
85,大城,2021-07-29,37,2,1,nan,18.0,7,37.0,28.0
29,沙鹿,2021-07-29,36,2,2,nan,19.0,17,36.0,29.0
27,三義,2021-07-29,36,2,1,nan,18.0,12,36.0,26.0
26,苗栗,2021-07-29,38,2,1,nan,20.0,13,38.0,31.0
25,頭份,2021-07-29,38,18,2,nan,20.0,23,nan,38.0
24,新竹,2021-07-29,41,5,2,nan,20.0,25,41.0,37.0
23,竹東,2021-07-29,46,2,2,nan,nan,10,46.0,35.0
22,湖口,2021-07-29,47,2,2,nan,22.0,17,47.0,41.0
21,龍潭,2021-07-29,50,2,2,nan,nan,23,50.0,41.0
20,平鎮,2021-07-29,47,5,3,nan,23.0,32,47.0,47.0
19,觀音,2021-07-29,40,8,2,nan,nan,35,40.0,37.0
18,大園,2021-07-29,45,5,3,nan,21.0,38,45.0,44.0
17,桃園,2021-07-29,55,5,5,nan,29.0,50,50.0,55.0
16,大同,2021-07-29,64,2,24,nan,24.0,64,nan,56.0
15,松山,2021-07-29,53,2,7,nan,28.0,52,46.0,53.0
14,古亭,2021-07-29,53,2,5,nan,24.0,53,47.0,46.0
13,萬華,2021-07-29,57,2,7,nan,26.0,57,44.0,52.0
12,中山,2021-07-29,62,5,10,nan,25.0,62,44.0,56.0
11,士林,2021-07-29,64,2,7,nan,28.0,60,64.0,53.0
10,淡水,2021-07-29,47,2,6,nan,28.0,28,47.0,47.0
9,林口,2021-07-29,49,5,5,nan,23.0,35,49.0,45.0
8,菜寮,2021-07-29,62,8,7,nan,25.0,62,50.0,59.0
7,新莊,2021-07-29,60,8,6,nan,nan,60,35.0,nan
6,板橋,2021-07-29,59,5,7,nan,26.0,59,44.0,49.0
5,土城,2021-07-29,55,5,6,nan,32.0,51,26.0,55.0
4,新店,2021-07-29,54,5,3,nan,24.0,28,54.0,44.0
3,萬里,2021-07-29,45,20,3,nan,26.0,28,39.0,45.0
2,汐止,2021-07-29,54,5,5,nan,30.0,52,42.0,54.0
1,基隆,2021-07-29,54,12,5,nan,26.0,37,43.0,54.0
1,基隆,2021-07-30,51,12,6,,25,43,47,51
2,汐止,2021-07-30,54,8,5,,28,54,45,47
3,萬里,2021-07-30,45,12,2,,26,15,45,39
4,新店,2021-07-30,39,2,3,,22,23,39,31
5,土城,2021-07-30,50,2,5,,26,50,37,33
6,板橋,2021-07-30,52,5,8,,23,52,33,37
7,新莊,2021-07-30,45,12,8,,,45,30,
8,菜寮,2021-07-30,59,10,9,,23,59,38,52
9,林口,2021-07-30,56,5,8,,22,56,29,38
10,淡水,2021-07-30,38,2,7,,29,38,29,38
11,士林,2021-07-30,55,2,8,,27,55,47,47
12,中山,2021-07-30,59,5,9,,23,59,38,43
13,萬華,2021-07-30,51,5,7,,22,51,38,43
14,古亭,2021-07-30,40,0,5,,19,40,38,35
15,松山,2021-07-30,50,2,6,,23,50,43,41
16,大同,2021-07-30,62,10,27,,22,62,,47
17,桃園,2021-07-30,55,32,7,,,55,16,46
18,大園,2021-07-30,35,5,2,,21,28,34,35
19,觀音,2021-07-30,32,5,2,,,23,32,26
20,平鎮,2021-07-30,45,2,3,,18,45,34,33
21,龍潭,2021-07-30,31,0,2,,,28,31,23
22,湖口,2021-07-30,37,5,2,,19,33,37,35
23,竹東,2021-07-30,20,2,1,,,10,15,20
24,新竹,2021-07-30,32,5,2,,18,27,32,27
25,頭份,2021-07-30,27,12,2,,15,22,,27
26,苗栗,2021-07-30,31,5,1,,14,12,31,20
27,三義,2021-07-30,32,5,1,,15,15,32,19
28,豐原,2021-07-30,34,2,2,,16,13,34,27
29,沙鹿,2021-07-30,30,2,1,,15,15,30,17
30,大里,2021-07-30,28,5,2,,15,17,28,25
31,忠明,2021-07-30,29,8,2,,12,22,29,24
32,西屯,2021-07-30,33,5,1,,16,22,33,28
33,彰化,2021-07-30,31,2,1,,12,17,31,17
34,線西,2021-07-30,22,2,1,,18,15,,22
35,二林,2021-07-30,23,5,1,,13,18,23,20
36,南投,2021-07-30,31,2,1,,13,12,31,25
37,斗六,2021-07-30,28,2,2,,11,12,28,19
38,崙背,2021-07-30,26,5,1,,12,15,26,23
39,新港,2021-07-30,27,5,1,,11,18,27,21
40,朴子,2021-07-30,24,5,2,,11,18,20,24
41,臺西,2021-07-30,16,5,1,,11,13,,16
42,嘉義,2021-07-30,21,8,1,,10,12,21,15
43,新營,2021-07-30,22,8,1,,9,13,22,19
44,善化,2021-07-30,23,2,1,,7,23,19,11
45,安南,2021-07-30,40,5,3,,13,40,18,23
46,臺南,2021-07-30,30,5,3,,8,30,15,17
47,美濃,2021-07-30,20,5,1,,9,8,20,18
48,橋頭,2021-07-30,35,10,2,,11,35,14,18
49,仁武,2021-07-30,40,8,3,,11,40,16,19
50,鳳山,2021-07-30,28,8,5,,10,28,,22
51,大寮,2021-07-30,25,20,2,,10,25,15,19
52,林園,2021-07-30,23,8,2,,23,22,22,23
53,楠梓,2021-07-30,35,8,3,,10,35,12,14
54,左營,2021-07-30,42,8,6,,10,42,13,22
56,前金,2021-07-30,43,10,3,,11,43,17,14
57,前鎮,2021-07-30,40,10,9,,10,40,,19
58,小港,2021-07-30,42,35,6,,13,42,11,29
59,屏東,2021-07-30,21,2,3,,8,20,21,13
60,潮州,2021-07-30,18,0,2,,7,18,17,9
61,恆春,2021-07-30,30,2,1,,13,5,30,12
62,臺東,2021-07-30,26,2,2,,19,12,26,21
63,花蓮,2021-07-30,37,2,2,,17,13,37,31
64,陽明,2021-07-30,40,2,1,,14,10,40,25
65,宜蘭,2021-07-30,45,5,2,,18,10,45,35
66,冬山,2021-07-30,41,5,3,,24,20,41,35
67,三重,2021-07-30,60,5,18,,27,60,,51
68,中壢,2021-07-30,47,2,15,,22,47,,40
69,竹山,2021-07-30,28,2,1,,11,15,28,20
70,永和,2021-07-30,52,0,10,,21,52,,40
71,復興,2021-07-30,38,8,6,,10,38,,22
72,埔里,2021-07-30,31,2,1,,12,8,31,17
75,馬祖,2021-07-30,46,0,1,,21,17,46,31
77,金門,2021-07-30,47,8,5,,20,27,47,33
78,馬公,2021-07-30,22,0,1,,12,15,22,
80,關山,2021-07-30,27,2,1,,18,8,27,17
83,麥寮,2021-07-30,20,5,2,,12,20,,20
84,富貴角,2021-07-30,43,2,2,,24,22,43,33
85,大城,2021-07-30,27,2,1,,11,13,27,19
1,基隆,2021-07-31,33,10,3,,17,28,33,30
2,汐止,2021-07-31,45,5,3,,17,45,23,25
3,萬里,2021-07-31,39,10,3,,19,17,39,25
4,新店,2021-07-31,34,0,3,,15,23,34,22
5,土城,2021-07-31,43,2,5,,20,43,33,17
6,板橋,2021-07-31,48,8,7,,17,48,31,24
7,新莊,2021-07-31,48,10,6,,24,48,34,36
8,菜寮,2021-07-31,43,5,6,,14,43,33,31
9,林口,2021-07-31,45,8,5,,14,45,30,26
10,淡水,2021-07-31,27,2,6,,25,27,25,23
11,士林,2021-07-31,41,2,6,,19,30,41,31
12,中山,2021-07-31,43,2,7,,15,43,31,26
13,萬華,2021-07-31,52,0,6,,15,52,31,29
14,古亭,2021-07-31,40,2,3,,14,40,32,19
15,松山,2021-07-31,38,2,5,,13,38,26,20
16,大同,2021-07-31,47,5,14,,20,47,,38
17,桃園,2021-07-31,38,12,6,,,38,29,31
18,大園,2021-07-31,40,8,5,,16,40,28,24
19,觀音,2021-07-31,26,2,1,,12,13,26,13
20,平鎮,2021-07-31,35,5,3,,13,35,25,24
21,龍潭,2021-07-31,28,2,2,,14,28,27,19
22,湖口,2021-07-31,28,2,1,,14,27,28,21
23,竹東,2021-07-31,25,2,2,,15,13,25,16
24,新竹,2021-07-31,23,2,2,,10,22,23,19
25,頭份,2021-07-31,18,12,2,,7,18,,11
26,苗栗,2021-07-31,19,2,1,,7,12,19,9
27,三義,2021-07-31,22,2,1,,8,12,22,7
28,豐原,2021-07-31,24,2,2,,7,13,24,14
29,沙鹿,2021-07-31,24,2,1,,6,13,24,6
30,大里,2021-07-31,19,2,1,,9,15,19,15
31,忠明,2021-07-31,22,2,2,,6,22,21,12
32,西屯,2021-07-31,24,2,1,,8,15,24,18
33,彰化,2021-07-31,25,8,0,,5,13,25,6
34,線西,2021-07-31,9,2,1,,5,3,,9
35,二林,2021-07-31,25,2,1,,6,5,25,12
36,南投,2021-07-31,22,5,1,,7,12,22,14
37,斗六,2021-07-31,21,2,2,,7,12,21,15
38,崙背,2021-07-31,27,5,1,,7,10,27,16
39,新港,2021-07-31,27,8,1,,5,10,27,12
40,朴子,2021-07-31,20,8,2,,8,15,20,20
41,臺西,2021-07-31,11,5,1,,6,7,,11
42,嘉義,2021-07-31,20,2,1,,6,12,20,6
43,新營,2021-07-31,27,5,1,,6,10,27,15
44,善化,2021-07-31,28,5,1,,4,18,28,6
45,安南,2021-07-31,28,5,2,,8,27,28,14
46,臺南,2021-07-31,30,5,2,,6,30,23,10
47,美濃,2021-07-31,22,5,1,,5,7,22,10
48,橋頭,2021-07-31,23,5,1,,10,23,22,9
49,仁武,2021-07-31,26,2,2,,6,25,26,10
50,鳳山,2021-07-31,30,8,3,,7,30,,15
51,大寮,2021-07-31,18,12,2,,8,18,18,14
52,林園,2021-07-31,24,2,2,,11,20,24,23
53,楠梓,2021-07-31,30,8,2,,6,30,21,7
54,左營,2021-07-31,32,5,3,,5,32,18,16
56,前金,2021-07-31,37,8,5,,8,37,16,10
57,前鎮,2021-07-31,35,15,5,,6,35,,8
58,小港,2021-07-31,48,28,2,,12,48,16,28
59,屏東,2021-07-31,22,2,3,,6,20,22,7
60,潮州,2021-07-31,22,0,2,,5,22,18,4
61,恆春,2021-07-31,39,2,1,,12,2,39,13
62,臺東,2021-07-31,17,2,2,,17,13,17,16
63,花蓮,2021-07-31,31,2,2,,15,15,31,20
64,陽明,2021-07-31,34,2,1,,10,13,34,17
65,宜蘭,2021-07-31,31,2,1,,13,7,31,22
66,冬山,2021-07-31,27,12,2,,17,22,27,22
67,三重,2021-07-31,54,2,14,,19,54,,34
68,中壢,2021-07-31,45,5,11,,16,45,,30
69,竹山,2021-07-31,19,5,0,,9,13,19,15
70,永和,2021-07-31,40,0,8,,14,40,,26
71,復興,2021-07-31,33,20,5,,7,33,,13
72,埔里,2021-07-31,23,2,0,,9,7,23,13
75,馬祖,2021-07-31,37,2,1,,13,17,37,22
77,金門,2021-07-31,37,2,1,,19,25,37,24
78,馬公,2021-07-31,30,2,1,,8,5,30,
80,關山,2021-07-31,20,2,1,,20,5,19,14
83,麥寮,2021-07-31,12,2,1,,8,12,,11
84,富貴角,2021-07-31,33,2,2,,20,27,33,18
85,大城,2021-07-31,26,2,1,,8,5,26,10
