siteid,sitename,monitordate,aqi,so2subindex,cosubindex,o3subindex,pm10subindex,no2subindex,o38subindex,pm25subindex
18,大園,2020-11-01,44,6,2.0,nan,23.0,12,44.0,36
72,埔里,2020-11-01,77,3,5.0,nan,39.0,12,77.0,73
71,復興,2020-11-01,62,10,6.0,nan,41.0,21,nan,62
22,湖口,2020-11-01,44,3,3.0,nan,19.0,7,44.0,32
1,基隆,2020-11-01,39,4,5.0,nan,19.0,19,39.0,32
2,汐止,2020-11-01,39,9,5.0,nan,21.0,20,39.0,33
3,萬里,2020-11-01,42,7,2.0,nan,29.0,16,42.0,41
70,永和,2020-11-01,35,3,5.0,nan,21.0,9,nan,35
4,新店,2020-11-01,39,3,3.0,nan,17.0,13,39.0,33
5,土城,2020-11-01,43,3,3.0,nan,18.0,10,43.0,32
69,竹山,2020-11-01,87,1,3.0,nan,44.0,11,87.0,85
6,板橋,2020-11-01,35,3,5.0,nan,22.0,17,35.0,26
7,新莊,2020-11-01,42,4,3.0,nan,23.0,15,42.0,39
68,中壢,2020-11-01,45,7,9.0,nan,41.0,28,nan,45
8,菜寮,2020-11-01,40,4,3.0,nan,25.0,9,40.0,35
9,林口,2020-11-01,42,3,2.0,nan,23.0,11,42.0,34
67,三重,2020-11-01,41,3,12.0,nan,26.0,30,nan,41
10,淡水,2020-11-01,40,3,3.0,nan,17.0,17,40.0,32
66,冬山,2020-11-01,32,3,3.0,nan,21.0,15,31.0,32
65,宜蘭,2020-11-01,42,7,2.0,nan,17.0,8,42.0,21
11,士林,2020-11-01,45,6,2.0,nan,21.0,7,45.0,36
64,陽明,2020-11-01,41,3,1.0,nan,10.0,2,41.0,21
12,中山,2020-11-01,41,4,5.0,nan,22.0,22,32.0,41
63,花蓮,2020-11-01,44,9,5.0,nan,29.0,15,44.0,43
13,萬華,2020-11-01,34,4,5.0,nan,22.0,25,34.0,33
14,古亭,2020-11-01,42,3,2.0,nan,19.0,7,42.0,29
62,臺東,2020-11-01,44,1,2.0,nan,19.0,7,44.0,32
15,松山,2020-11-01,40,4,3.0,nan,26.0,17,36.0,40
16,大同,2020-11-01,53,4,7.0,nan,32.0,30,nan,53
61,恆春,2020-11-01,49,1,1.0,nan,18.0,1,49.0,24
17,桃園,2020-11-01,33,10,3.0,nan,20.0,10,33.0,32
19,觀音,2020-11-01,40,23,3.0,nan,29.0,15,40.0,40
60,潮州,2020-11-01,80,6,3.0,nan,34.0,9,80.0,56
20,平鎮,2020-11-01,41,9,3.0,nan,19.0,10,41.0,34
21,龍潭,2020-11-01,43,4,2.0,nan,19.0,8,43.0,31
59,屏東,2020-11-01,100,3,5.0,nan,40.0,15,100.0,65
23,竹東,2020-11-01,64,4,3.0,nan,21.0,8,64.0,35
24,新竹,2020-11-01,54,4,3.0,nan,19.0,9,54.0,31
58,小港,2020-11-01,84,13,3.0,nan,41.0,17,84.0,65
57,前鎮,2020-11-01,63,11,5.0,nan,42.0,25,nan,63
25,頭份,2020-11-01,44,4,3.0,nan,26.0,17,nan,44
56,前金,2020-11-01,101,6,5.0,nan,44.0,19,101.0,67
26,苗栗,2020-11-01,51,4,5.0,nan,30.0,18,46.0,51
27,三義,2020-11-01,67,7,3.0,nan,36.0,8,58.0,67
28,豐原,2020-11-01,97,6,5.0,nan,40.0,16,97.0,69
54,左營,2020-11-01,101,4,5.0,nan,43.0,17,101.0,60
29,沙鹿,2020-11-01,65,16,7.0,nan,43.0,30,54.0,65
53,楠梓,2020-11-01,104,4,5.0,nan,44.0,16,104.0,65
30,大里,2020-11-01,100,14,7.0,nan,51.0,29,100.0,84
31,忠明,2020-11-01,74,7,8.0,nan,42.0,34,74.0,69
52,林園,2020-11-01,104,10,3.0,nan,45.0,17,104.0,64
32,西屯,2020-11-01,71,7,7.0,nan,42.0,37,71.0,70
51,大寮,2020-11-01,90,19,5.0,nan,43.0,16,90.0,69
50,鳳山,2020-11-01,70,4,5.0,nan,41.0,15,nan,70
33,彰化,2020-11-01,80,9,6.0,nan,41.0,24,80.0,71
34,線西,2020-11-01,69,14,6.0,nan,48.0,25,nan,69
49,仁武,2020-11-01,97,4,3.0,nan,41.0,13,97.0,65
35,二林,2020-11-01,67,11,5.0,nan,52.0,26,48.0,67
36,南投,2020-11-01,100,6,6.0,nan,44.0,28,100.0,79
37,斗六,2020-11-01,93,7,5.0,nan,52.0,20,93.0,90
48,橋頭,2020-11-01,104,4,5.0,nan,44.0,18,104.0,63
38,崙背,2020-11-01,82,6,6.0,nan,53.0,18,77.0,82
47,美濃,2020-11-01,77,3,3.0,nan,32.0,10,77.0,62
39,新港,2020-11-01,100,7,5.0,nan,53.0,17,100.0,81
40,朴子,2020-11-01,74,7,5.0,nan,51.0,16,74.0,67
46,臺南,2020-11-01,100,6,6.0,nan,51.0,23,100.0,73
41,臺西,2020-11-01,66,11,6.0,nan,43.0,24,nan,66
42,嘉義,2020-11-01,83,6,6.0,nan,nan,23,77.0,83
45,安南,2020-11-01,97,4,6.0,nan,52.0,19,97.0,74
43,新營,2020-11-01,97,4,5.0,nan,47.0,17,97.0,73
44,善化,2020-11-01,87,6,5.0,nan,44.0,15,87.0,68
84,富貴角,2020-11-01,50,1,1.0,nan,40.0,5,50.0,46
83,麥寮,2020-11-01,78,7,5.0,nan,49.0,14,nan,78
80,關山,2020-11-01,43,3,nan,nan,15.0,5,43.0,23
78,馬公,2020-11-01,64,4,2.0,nan,34.0,10,64.0,53
77,金門,2020-11-01,77,7,3.0,nan,44.0,12,77.0,57
75,馬祖,2020-11-01,64,6,3.0,nan,29.0,8,64.0,52
65,宜蘭,2020-11-02,44,6,3.0,nan,19,8,44.0,27
25,頭份,2020-11-02,43,4,3.0,nan,30,20,nan,43
72,埔里,2020-11-02,108,4,5.0,nan,36,21,108.0,73
75,馬祖,2020-11-02,159,4,6.0,nan,49,9,159.0,91
17,桃園,2020-11-02,34,7,6.0,nan,22,21,31.0,34
77,金門,2020-11-02,90,19,3.0,nan,52,25,90.0,77
78,馬公,2020-11-02,61,3,2.0,nan,33,4,61.0,50
80,關山,2020-11-02,41,1,nan,nan,18,7,41.0,23
83,麥寮,2020-11-02,60,4,3.0,nan,52,12,nan,60
84,富貴角,2020-11-02,87,1,2.0,nan,37,3,87.0,46
2,汐止,2020-11-02,58,4,3.0,nan,22,33,58.0,31
26,苗栗,2020-11-02,48,4,5.0,nan,29,19,39.0,48
27,三義,2020-11-02,46,3,3.0,nan,25,8,41.0,46
18,大園,2020-11-02,49,7,3.0,nan,26,17,49.0,37
28,豐原,2020-11-02,54,27,5.0,nan,29,18,47.0,54
19,觀音,2020-11-02,51,9,2.0,nan,31,12,51.0,46
3,萬里,2020-11-02,84,4,2.0,nan,44,14,84.0,44
10,淡水,2020-11-02,51,3,2.0,nan,21,7,51.0,36
6,板橋,2020-11-02,38,3,5.0,nan,25,25,38.0,29
20,平鎮,2020-11-02,40,3,5.0,nan,22,18,40.0,35
29,沙鹿,2020-11-02,60,4,7.0,nan,39,26,44.0,60
11,士林,2020-11-02,49,6,2.0,nan,20,9,49.0,37
30,大里,2020-11-02,66,4,7.0,nan,40,28,50.0,66
8,菜寮,2020-11-02,42,3,5.0,nan,23,13,42.0,28
21,龍潭,2020-11-02,44,4,3.0,nan,20,9,44.0,29
31,忠明,2020-11-02,63,4,6.0,nan,35,24,40.0,63
12,中山,2020-11-02,36,4,7.0,nan,22,29,32.0,36
32,西屯,2020-11-02,67,6,6.0,nan,38,27,44.0,67
4,新店,2020-11-02,40,3,5.0,nan,19,17,40.0,36
33,彰化,2020-11-02,65,16,6.0,nan,37,25,41.0,65
22,湖口,2020-11-02,51,3,2.0,nan,25,9,51.0,32
34,線西,2020-11-02,67,7,6.0,nan,51,23,nan,67
13,萬華,2020-11-02,37,4,5.0,nan,24,30,37.0,36
35,二林,2020-11-02,66,11,5.0,nan,57,23,35.0,66
1,基隆,2020-11-02,64,6,6.0,nan,22,27,64.0,31
14,古亭,2020-11-02,42,4,5.0,nan,22,20,42.0,34
36,南投,2020-11-02,90,4,6.0,nan,37,20,90.0,67
23,竹東,2020-11-02,47,6,3.0,nan,20,12,47.0,30
71,復興,2020-11-02,74,6,8.0,nan,54,33,nan,74
37,斗六,2020-11-02,80,4,5.0,nan,45,18,80.0,72
15,松山,2020-11-02,45,4,3.0,nan,32,30,45.0,39
38,崙背,2020-11-02,69,7,5.0,nan,57,15,46.0,69
24,新竹,2020-11-02,50,6,3.0,nan,25,11,50.0,27
7,新莊,2020-11-02,43,3,5.0,nan,22,16,43.0,34
9,林口,2020-11-02,48,3,3.0,nan,23,15,48.0,35
39,新港,2020-11-02,79,4,6.0,nan,54,17,58.0,79
5,土城,2020-11-02,41,3,5.0,nan,21,19,41.0,38
66,冬山,2020-11-02,44,3,2.0,nan,24,8,44.0,29
40,朴子,2020-11-02,70,6,5.0,nan,54,14,49.0,70
16,大同,2020-11-02,54,4,8.0,nan,32,29,nan,54
41,臺西,2020-11-02,59,6,3.0,nan,42,11,nan,59
42,嘉義,2020-11-02,74,16,5.0,nan,47,25,58.0,74
43,新營,2020-11-02,77,4,5.0,nan,52,13,77.0,69
44,善化,2020-11-02,100,6,3.0,nan,48,19,100.0,73
45,安南,2020-11-02,97,4,5.0,nan,59,20,97.0,80
46,臺南,2020-11-02,87,4,6.0,nan,54,24,87.0,73
47,美濃,2020-11-02,93,3,3.0,nan,43,9,93.0,71
48,橋頭,2020-11-02,100,6,5.0,nan,57,23,100.0,78
49,仁武,2020-11-02,104,6,6.0,nan,54,26,104.0,80
50,鳳山,2020-11-02,86,4,6.0,nan,53,21,nan,86
51,大寮,2020-11-02,115,11,5.0,nan,55,21,115.0,84
52,林園,2020-11-02,140,7,5.0,nan,53,16,140.0,76
53,楠梓,2020-11-02,101,4,5.0,nan,54,21,101.0,78
54,左營,2020-11-02,108,6,6.0,nan,55,22,108.0,73
56,前金,2020-11-02,112,4,6.0,nan,57,25,112.0,83
57,前鎮,2020-11-02,76,6,8.0,nan,57,36,nan,76
58,小港,2020-11-02,90,7,5.0,nan,52,31,90.0,78
59,屏東,2020-11-02,97,6,5.0,nan,52,24,97.0,75
69,竹山,2020-11-02,108,4,3.0,nan,38,20,108.0,71
67,三重,2020-11-02,42,3,16.0,nan,26,42,nan,39
68,中壢,2020-11-02,38,4,8.0,nan,31,28,nan,38
60,潮州,2020-11-02,146,9,3.0,nan,43,11,146.0,72
61,恆春,2020-11-02,48,3,1.0,nan,17,1,48.0,23
62,臺東,2020-11-02,44,3,3.0,nan,22,6,44.0,31
70,永和,2020-11-02,36,3,7.0,nan,25,23,nan,36
63,花蓮,2020-11-02,45,3,3.0,nan,23,13,45.0,31
64,陽明,2020-11-02,46,4,2.0,nan,12,3,46.0,21
2,汐止,2020-11-03,81,3,5,,59,18,64,81
85,大城,2020-11-03,-1,,,,,,,
84,富貴角,2020-11-03,100,1,3,,74,3,100,100
83,麥寮,2020-11-03,88,4,5,,77,8,,88
80,關山,2020-11-03,49,1,,,38,7,49,47
78,馬公,2020-11-03,93,3,5,,62,3,90,93
77,金門,2020-11-03,132,3,6,,72,8,132,99
75,馬祖,2020-11-03,140,3,6,,73,9,140,114
72,埔里,2020-11-03,77,3,5,,36,11,77,64
71,復興,2020-11-03,90,6,8,,65,29,,90
70,永和,2020-11-03,82,3,9,,59,31,,82
69,竹山,2020-11-03,93,3,5,,44,13,93,71
68,中壢,2020-11-03,91,6,15,,59,48,,91
67,三重,2020-11-03,85,3,16,,61,52,,85
66,冬山,2020-11-03,64,3,3,,47,11,43,64
65,宜蘭,2020-11-03,65,7,5,,43,8,45,65
64,陽明,2020-11-03,64,1,3,,42,2,64,64
63,花蓮,2020-11-03,67,1,5,,45,8,67,57
62,臺東,2020-11-03,61,1,5,,43,8,61,56
61,恆春,2020-11-03,87,1,3,,34,1,87,58
60,潮州,2020-11-03,126,16,5,,39,14,126,69
59,屏東,2020-11-03,93,4,5,,57,20,93,82
58,小港,2020-11-03,101,7,6,,64,32,101,86
57,前鎮,2020-11-03,88,6,7,,65,28,,88
56,前金,2020-11-03,118,3,6,,63,22,118,91
54,左營,2020-11-03,115,3,5,,62,19,115,82
53,楠梓,2020-11-03,100,4,6,,60,17,100,81
52,林園,2020-11-03,150,13,5,,53,26,150,75
51,大寮,2020-11-03,101,9,5,,59,22,101,87
50,鳳山,2020-11-03,89,7,6,,62,25,,89
49,仁武,2020-11-03,100,7,6,,60,24,100,87
48,橋頭,2020-11-03,104,3,6,,62,18,104,82
47,美濃,2020-11-03,97,3,5,,52,12,97,80
46,臺南,2020-11-03,108,3,6,,62,17,108,77
45,安南,2020-11-03,112,4,5,,65,14,112,78
44,善化,2020-11-03,108,4,5,,54,12,108,74
43,新營,2020-11-03,104,3,5,,55,14,104,71
42,嘉義,2020-11-03,90,16,6,,52,19,90,76
41,臺西,2020-11-03,85,6,5,,78,10,,85
40,朴子,2020-11-03,90,4,5,,64,12,90,75
39,新港,2020-11-03,101,4,5,,57,12,101,71
38,崙背,2020-11-03,87,6,5,,65,12,87,79
37,斗六,2020-11-03,100,4,5,,48,11,100,72
36,南投,2020-11-03,87,3,7,,43,18,87,64
35,二林,2020-11-03,76,4,5,,64,12,61,76
34,線西,2020-11-03,79,6,6,,55,10,,79
33,彰化,2020-11-03,70,4,5,,45,13,64,70
32,西屯,2020-11-03,70,3,5,,47,8,67,70
31,忠明,2020-11-03,64,3,5,,42,14,51,64
30,大里,2020-11-03,60,3,6,,38,16,58,60
29,沙鹿,2020-11-03,77,3,3,,52,6,77,69
28,豐原,2020-11-03,64,3,3,,36,7,64,61
27,三義,2020-11-03,63,3,3,,42,6,51,63
26,苗栗,2020-11-03,73,4,5,,56,8,51,73
25,頭份,2020-11-03,81,3,5,,59,15,,81
24,新竹,2020-11-03,75,,5,,56,15,58,75
23,竹東,2020-11-03,71,3,3,,48,7,71,64
22,湖口,2020-11-03,82,4,5,,57,19,58,82
21,龍潭,2020-11-03,80,7,5,,53,16,61,80
20,平鎮,2020-11-03,84,6,7,,58,32,46,84
19,觀音,2020-11-03,108,9,5,,68,12,61,108
18,大園,2020-11-03,86,7,5,,60,30,67,86
17,桃園,2020-11-03,83,9,8,,58,27,40,83
16,大同,2020-11-03,89,4,12,,63,50,,89
15,松山,2020-11-03,87,4,5,,59,26,50,87
14,古亭,2020-11-03,79,3,6,,57,21,50,79
13,萬華,2020-11-03,79,4,6,,57,30,49,79
12,中山,2020-11-03,81,3,8,,55,31,47,81
11,士林,2020-11-03,75,6,5,,51,8,71,75
10,淡水,2020-11-03,83,3,5,,57,7,64,83
9,林口,2020-11-03,83,,5,,60,25,58,83
8,菜寮,2020-11-03,73,3,6,,53,14,50,73
7,新莊,2020-11-03,82,3,6,,56,29,54,82
6,板橋,2020-11-03,77,4,7,,57,36,43,77
5,土城,2020-11-03,84,3,6,,55,33,49,84
4,新店,2020-11-03,82,3,6,,52,23,49,82
3,萬里,2020-11-03,101,3,3,,92,3,101,98
1,基隆,2020-11-03,80,3,3,,62,4,80,80
58,小港,2020-11-04,86,11,6.0,nan,59,40,84.0,86
1,基隆,2020-11-04,44,1,2.0,nan,31,4,44.0,32
2,汐止,2020-11-04,41,7,3.0,nan,33,24,41.0,39
3,萬里,2020-11-04,66,4,2.0,nan,66,3,48.0,53
4,新店,2020-11-04,44,3,5.0,nan,30,19,38.0,44
5,土城,2020-11-04,46,3,5.0,nan,31,19,41.0,46
6,板橋,2020-11-04,40,6,5.0,nan,33,25,35.0,40
7,新莊,2020-11-04,41,4,3.0,nan,32,14,41.0,36
8,菜寮,2020-11-04,41,4,3.0,nan,31,13,41.0,35
9,林口,2020-11-04,40,10,2.0,nan,31,12,40.0,38
10,淡水,2020-11-04,41,3,2.0,nan,28,7,41.0,34
11,士林,2020-11-04,44,3,2.0,nan,28,7,44.0,37
12,中山,2020-11-04,41,4,6.0,nan,31,26,39.0,41
13,萬華,2020-11-04,41,4,5.0,nan,31,26,40.0,41
14,古亭,2020-11-04,38,3,3.0,nan,30,18,38.0,38
15,松山,2020-11-04,43,4,3.0,nan,31,25,40.0,43
16,大同,2020-11-04,56,3,8.0,nan,44,26,nan,56
17,桃園,2020-11-04,42,27,5.0,nan,35,18,31.0,42
18,大園,2020-11-04,43,6,2.0,nan,35,14,43.0,36
19,觀音,2020-11-04,49,6,2.0,nan,40,12,38.0,49
20,平鎮,2020-11-04,44,4,5.0,nan,31,18,35.0,44
21,龍潭,2020-11-04,44,3,2.0,nan,26,5,44.0,36
22,湖口,2020-11-04,41,9,3.0,nan,32,12,41.0,39
23,竹東,2020-11-04,46,3,2.0,nan,26,5,46.0,31
24,新竹,2020-11-04,42,7,2.0,nan,31,12,42.0,31
25,頭份,2020-11-04,38,3,2.0,nan,31,8,nan,38
26,苗栗,2020-11-04,42,3,3.0,nan,28,9,42.0,32
27,三義,2020-11-04,43,4,3.0,nan,23,8,43.0,39
28,豐原,2020-11-04,46,4,2.0,nan,27,8,46.0,42
29,沙鹿,2020-11-04,45,1,2.0,nan,29,9,45.0,35
30,大里,2020-11-04,48,4,6.0,nan,30,25,44.0,48
31,忠明,2020-11-04,45,4,3.0,nan,29,17,42.0,45
32,西屯,2020-11-04,46,3,2.0,nan,30,14,44.0,46
33,彰化,2020-11-04,52,3,5.0,nan,32,19,43.0,52
34,線西,2020-11-04,45,7,5.0,nan,35,15,nan,45
35,二林,2020-11-04,54,9,3.0,nan,45,15,41.0,54
36,南投,2020-11-04,61,4,7.0,nan,37,24,61.0,61
37,斗六,2020-11-04,75,4,5.0,nan,51,21,74.0,75
38,崙背,2020-11-04,66,6,3.0,nan,49,14,61.0,66
39,新港,2020-11-04,74,6,3.0,nan,52,14,74.0,70
40,朴子,2020-11-04,77,10,3.0,nan,52,16,77.0,67
41,臺西,2020-11-04,95,20,7.0,nan,58,38,nan,95
42,嘉義,2020-11-04,87,13,6.0,nan,57,28,87.0,87
43,新營,2020-11-04,108,7,5.0,nan,56,17,108.0,75
44,善化,2020-11-04,108,10,5.0,nan,57,18,108.0,84
45,安南,2020-11-04,88,4,6.0,nan,63,24,77.0,88
46,臺南,2020-11-04,90,6,7.0,nan,60,29,90.0,85
47,美濃,2020-11-04,104,6,5.0,nan,53,11,104.0,89
48,橋頭,2020-11-04,104,6,7.0,nan,57,25,104.0,84
49,仁武,2020-11-04,90,9,6.0,nan,57,33,90.0,87
50,鳳山,2020-11-04,88,7,7.0,nan,57,24,nan,88
51,大寮,2020-11-04,82,16,7.0,nan,58,39,54.0,82
52,林園,2020-11-04,136,6,5.0,nan,51,14,136.0,72
84,富貴角,2020-11-04,47,1,1.0,nan,45,2,47.0,46
53,楠梓,2020-11-04,93,7,6.0,nan,58,24,93.0,85
83,麥寮,2020-11-04,59,7,5.0,nan,48,13,nan,59
80,關山,2020-11-04,42,3,nan,nan,31,8,42.0,38
78,馬公,2020-11-04,53,4,2.0,nan,41,2,47.0,53
77,金門,2020-11-04,64,4,3.0,nan,54,8,64.0,63
75,馬祖,2020-11-04,54,3,2.0,nan,39,6,54.0,38
72,埔里,2020-11-04,72,4,5.0,nan,41,14,71.0,72
71,復興,2020-11-04,89,9,8.0,nan,59,39,nan,89
70,永和,2020-11-04,41,4,6.0,nan,34,22,nan,41
69,竹山,2020-11-04,80,1,5.0,nan,49,15,80.0,78
68,中壢,2020-11-04,51,6,11.0,nan,39,35,nan,51
54,左營,2020-11-04,108,7,6.0,nan,59,32,108.0,83
67,三重,2020-11-04,42,3,15.0,nan,36,36,nan,42
66,冬山,2020-11-04,39,1,2.0,nan,26,14,39.0,38
65,宜蘭,2020-11-04,42,4,2.0,nan,25,11,42.0,37
64,陽明,2020-11-04,41,1,1.0,nan,19,2,41.0,26
63,花蓮,2020-11-04,45,1,3.0,nan,31,13,45.0,36
62,臺東,2020-11-04,47,1,3.0,nan,32,9,47.0,45
56,前金,2020-11-04,104,6,6.0,nan,60,26,104.0,91
61,恆春,2020-11-04,71,1,2.0,nan,27,2,71.0,45
60,潮州,2020-11-04,77,4,3.0,nan,34,14,77.0,60
59,屏東,2020-11-04,87,10,7.0,nan,50,19,87.0,85
57,前鎮,2020-11-04,86,10,7.0,nan,59,39,nan,86
52,林園,2020-11-05,136,7,5.0,nan,52,23,136.0,73
5,土城,2020-11-05,34,3,3.0,nan,19,14,34.0,34
53,楠梓,2020-11-05,112,6,6.0,nan,53,30,112.0,78
50,鳳山,2020-11-05,78,7,7.0,nan,49,23,nan,78
17,桃園,2020-11-05,34,16,5.0,nan,25,18,27.0,34
14,古亭,2020-11-05,34,3,3.0,nan,19,15,34.0,28
6,板橋,2020-11-05,30,4,5.0,nan,24,25,30.0,28
11,士林,2020-11-05,40,3,2.0,nan,20,10,40.0,32
45,安南,2020-11-05,101,10,5.0,nan,54,25,101.0,68
83,麥寮,2020-11-05,46,7,5.0,nan,39,22,nan,46
54,左營,2020-11-05,115,6,6.0,nan,52,27,115.0,72
7,新莊,2020-11-05,35,6,5.0,nan,23,25,33.0,35
8,菜寮,2020-11-05,31,4,5.0,nan,22,18,31.0,31
84,富貴角,2020-11-05,45,1,1.0,nan,41,2,45.0,45
47,美濃,2020-11-05,80,4,3.0,nan,39,11,80.0,67
41,臺西,2020-11-05,45,7,2.0,nan,39,21,nan,45
56,前金,2020-11-05,100,6,6.0,nan,49,22,100.0,75
57,前鎮,2020-11-05,73,6,6.0,nan,50,25,nan,73
15,松山,2020-11-05,36,6,5.0,nan,23,33,27.0,36
9,林口,2020-11-05,34,7,3.0,nan,23,18,34.0,33
49,仁武,2020-11-05,93,11,5.0,nan,54,25,93.0,77
80,關山,2020-11-05,39,4,nan,nan,19,4,39.0,19
44,善化,2020-11-05,90,9,3.0,nan,46,17,90.0,62
51,大寮,2020-11-05,97,10,6.0,nan,54,22,97.0,78
12,中山,2020-11-05,39,4,7.0,nan,23,31,27.0,39
16,大同,2020-11-05,55,4,12.0,nan,35,32,nan,55
40,朴子,2020-11-05,61,9,3.0,nan,48,16,61.0,59
46,臺南,2020-11-05,100,7,7.0,nan,54,30,100.0,69
10,淡水,2020-11-05,38,4,3.0,nan,20,11,38.0,32
3,萬里,2020-11-05,56,3,2.0,nan,56,9,46.0,44
43,新營,2020-11-05,93,7,3.0,nan,50,17,93.0,62
13,萬華,2020-11-05,33,4,5.0,nan,23,30,29.0,33
4,新店,2020-11-05,35,3,5.0,nan,19,16,35.0,32
18,大園,2020-11-05,37,6,2.0,nan,26,21,36.0,37
42,嘉義,2020-11-05,77,13,6.0,nan,52,27,77.0,76
19,觀音,2020-11-05,42,7,2.0,nan,31,13,37.0,42
48,橋頭,2020-11-05,108,6,6.0,nan,54,23,108.0,74
1,基隆,2020-11-05,38,3,2.0,nan,21,14,38.0,29
2,汐止,2020-11-05,34,14,5.0,nan,23,34,28.0,33
58,小港,2020-11-05,71,9,5.0,nan,49,34,71.0,69
39,新港,2020-11-05,77,6,3.0,nan,52,14,77.0,66
20,平鎮,2020-11-05,36,4,5.0,nan,24,15,36.0,32
21,龍潭,2020-11-05,39,4,3.0,nan,19,8,39.0,29
59,屏東,2020-11-05,101,7,5.0,nan,47,22,101.0,72
38,崙背,2020-11-05,63,7,5.0,nan,50,14,50.0,63
60,潮州,2020-11-05,100,9,3.0,nan,40,16,100.0,65
22,湖口,2020-11-05,41,4,2.0,nan,23,10,41.0,28
61,恆春,2020-11-05,44,1,1.0,nan,18,2,44.0,23
23,竹東,2020-11-05,38,4,3.0,nan,16,8,38.0,22
62,臺東,2020-11-05,40,3,3.0,nan,25,8,40.0,28
37,斗六,2020-11-05,100,7,5.0,nan,52,23,100.0,72
24,新竹,2020-11-05,42,26,3.0,nan,21,12,42.0,21
63,花蓮,2020-11-05,41,3,3.0,nan,22,11,41.0,30
36,南投,2020-11-05,108,4,6.0,nan,41,25,108.0,65
25,頭份,2020-11-05,25,3,2.0,nan,21,12,nan,25
64,陽明,2020-11-05,40,1,1.0,nan,7,3,40.0,16
26,苗栗,2020-11-05,37,4,3.0,nan,19,18,37.0,29
65,宜蘭,2020-11-05,33,7,2.0,nan,17,11,33.0,29
35,二林,2020-11-05,57,11,3.0,nan,45,16,39.0,57
66,冬山,2020-11-05,26,3,2.0,nan,17,18,26.0,24
27,三義,2020-11-05,43,3,2.0,nan,19,10,43.0,34
34,線西,2020-11-05,44,10,5.0,nan,31,16,nan,44
67,三重,2020-11-05,40,6,15.0,nan,27,40,nan,39
28,豐原,2020-11-05,58,4,3.0,nan,31,15,58.0,53
68,中壢,2020-11-05,40,6,9.0,nan,30,25,nan,40
33,彰化,2020-11-05,49,6,5.0,nan,31,30,47.0,49
69,竹山,2020-11-05,129,4,5.0,nan,50,17,129.0,76
70,永和,2020-11-05,31,3,5.0,nan,21,16,nan,31
29,沙鹿,2020-11-05,45,3,3.0,nan,26,17,45.0,31
30,大里,2020-11-05,77,6,7.0,nan,39,33,77.0,60
71,復興,2020-11-05,70,4,7.0,nan,49,27,nan,70
72,埔里,2020-11-05,126,6,6.0,nan,37,18,126.0,65
75,馬祖,2020-11-05,51,3,2.0,nan,27,7,51.0,35
77,金門,2020-11-05,64,6,2.0,nan,41,9,64.0,42
32,西屯,2020-11-05,54,4,3.0,nan,32,20,51.0,54
31,忠明,2020-11-05,55,4,5.0,nan,32,24,48.0,55
78,馬公,2020-11-05,45,4,1.0,nan,35,3,45.0,44
1,基隆,2020-11-06,35,1,2.0,nan,10,9,35.0,13
84,富貴角,2020-11-06,44,1,1.0,nan,19,4,44.0,27
83,麥寮,2020-11-06,37,3,2.0,nan,37,12,nan,37
80,關山,2020-11-06,24,3,nan,nan,9,5,24.0,10
78,馬公,2020-11-06,42,4,1.0,nan,27,4,42.0,38
77,金門,2020-11-06,48,7,5.0,nan,41,19,41.0,48
75,馬祖,2020-11-06,48,6,2.0,nan,27,8,48.0,46
72,埔里,2020-11-06,64,4,5.0,nan,29,24,64.0,59
71,復興,2020-11-06,84,6,9.0,nan,54,32,nan,84
70,永和,2020-11-06,21,3,7.0,nan,9,21,nan,14
69,竹山,2020-11-06,84,4,3.0,nan,43,14,84.0,76
68,中壢,2020-11-06,25,4,16.0,nan,18,25,nan,25
67,三重,2020-11-06,29,4,14.0,nan,15,29,nan,21
66,冬山,2020-11-06,19,6,6.0,nan,12,19,14.0,18
65,宜蘭,2020-11-06,20,3,6.0,nan,9,16,20.0,16
64,陽明,2020-11-06,36,1,1.0,nan,5,2,36.0,5
63,花蓮,2020-11-06,25,1,3.0,nan,17,14,18.0,25
62,臺東,2020-11-06,29,3,3.0,nan,13,10,29.0,17
61,恆春,2020-11-06,41,4,1.0,nan,14,7,41.0,21
60,潮州,2020-11-06,70,4,5.0,nan,41,14,40.0,70
59,屏東,2020-11-06,71,4,6.0,nan,44,25,43.0,71
58,小港,2020-11-06,77,13,7.0,nan,53,31,33.0,77
57,前鎮,2020-11-06,84,4,7.0,nan,54,31,nan,84
56,前金,2020-11-06,85,7,6.0,nan,55,31,36.0,85
54,左營,2020-11-06,77,6,6.0,nan,52,28,35.0,77
53,楠梓,2020-11-06,78,6,5.0,nan,52,23,36.0,78
52,林園,2020-11-06,81,10,6.0,nan,55,34,43.0,81
51,大寮,2020-11-06,78,7,5.0,nan,51,31,38.0,78
50,鳳山,2020-11-06,88,9,6.0,nan,53,26,nan,88
49,仁武,2020-11-06,83,4,6.0,nan,55,27,32.0,83
48,橋頭,2020-11-06,79,6,6.0,nan,55,27,35.0,79
47,美濃,2020-11-06,64,3,3.0,nan,35,9,42.0,64
46,臺南,2020-11-06,61,7,6.0,nan,45,25,33.0,61
45,安南,2020-11-06,64,4,5.0,nan,48,20,36.0,64
44,善化,2020-11-06,61,6,5.0,nan,42,19,34.0,61
43,新營,2020-11-06,59,6,5.0,nan,45,19,34.0,59
42,嘉義,2020-11-06,82,13,6.0,nan,52,27,31.0,82
41,臺西,2020-11-06,38,4,2.0,nan,33,10,nan,38
40,朴子,2020-11-06,49,7,5.0,nan,44,16,31.0,49
39,新港,2020-11-06,58,4,3.0,nan,44,14,34.0,58
38,崙背,2020-11-06,58,4,3.0,nan,46,16,32.0,58
37,斗六,2020-11-06,78,6,5.0,nan,52,26,43.0,78
36,南投,2020-11-06,72,4,5.0,nan,47,29,71.0,72
35,二林,2020-11-06,52,10,5.0,nan,43,14,28.0,52
34,線西,2020-11-06,45,11,2.0,nan,31,19,nan,45
33,彰化,2020-11-06,53,4,6.0,nan,34,25,31.0,53
32,西屯,2020-11-06,49,6,5.0,nan,34,30,35.0,49
31,忠明,2020-11-06,59,6,6.0,nan,32,31,32.0,59
30,大里,2020-11-06,77,7,8.0,nan,48,38,42.0,77
29,沙鹿,2020-11-06,36,4,3.0,nan,35,18,36.0,36
28,豐原,2020-11-06,67,3,5.0,nan,42,25,58.0,67
27,三義,2020-11-06,45,4,5.0,nan,29,30,43.0,45
26,苗栗,2020-11-06,51,4,6.0,nan,37,23,37.0,51
25,頭份,2020-11-06,54,6,5.0,nan,40,31,nan,54
24,新竹,2020-11-06,58,6,6.0,nan,28,30,58.0,40
23,竹東,2020-11-06,61,6,5.0,nan,19,16,61.0,32
22,湖口,2020-11-06,36,4,5.0,nan,13,32,36.0,18
21,龍潭,2020-11-06,31,7,5.0,nan,14,25,31.0,17
20,平鎮,2020-11-06,30,4,5.0,nan,8,16,30.0,14
19,觀音,2020-11-06,41,14,2.0,nan,19,19,35.0,41
18,大園,2020-11-06,35,9,2.0,nan,12,18,35.0,15
17,桃園,2020-11-06,22,10,5.0,nan,10,11,22.0,13
16,大同,2020-11-06,36,6,11.0,nan,19,25,nan,36
15,松山,2020-11-06,27,4,3.0,nan,9,23,27.0,18
14,古亭,2020-11-06,27,4,3.0,nan,7,16,27.0,12
13,萬華,2020-11-06,29,4,5.0,nan,9,24,29.0,18
12,中山,2020-11-06,28,3,6.0,nan,8,22,28.0,18
11,士林,2020-11-06,29,3,2.0,nan,7,11,29.0,14
10,淡水,2020-11-06,26,3,3.0,nan,7,12,26.0,15
9,林口,2020-11-06,27,4,2.0,nan,8,13,27.0,13
8,菜寮,2020-11-06,29,3,3.0,nan,8,14,29.0,15
7,新莊,2020-11-06,27,3,5.0,nan,9,23,27.0,16
6,板橋,2020-11-06,27,6,5.0,nan,9,20,27.0,10
5,土城,2020-11-06,29,3,5.0,nan,9,18,29.0,13
4,新店,2020-11-06,25,3,3.0,nan,6,18,25.0,13
3,萬里,2020-11-06,42,4,2.0,nan,26,12,42.0,22
2,汐止,2020-11-06,25,4,3.0,nan,6,24,25.0,12
7,新莊,2020-11-07,44,16,6.0,nan,19,25,44.0,34
80,關山,2020-11-07,26,1,nan,nan,9,4,26.0,9
83,麥寮,2020-11-07,41,3,2.0,nan,40,14,nan,41
8,菜寮,2020-11-07,39,4,6.0,nan,14,25,39.0,24
43,新營,2020-11-07,51,4,3.0,nan,33,13,22.0,51
84,富貴角,2020-11-07,87,1,2.0,nan,34,6,87.0,44
9,林口,2020-11-07,51,4,5.0,nan,25,26,51.0,47
78,馬公,2020-11-07,50,4,2.0,nan,28,4,50.0,44
44,善化,2020-11-07,44,3,3.0,nan,24,16,19.0,44
45,安南,2020-11-07,46,3,3.0,nan,26,14,21.0,46
10,淡水,2020-11-07,58,6,3.0,nan,23,18,58.0,45
46,臺南,2020-11-07,40,3,5.0,nan,19,20,19.0,40
47,美濃,2020-11-07,46,4,2.0,nan,22,17,24.0,46
48,橋頭,2020-11-07,39,4,5.0,nan,21,20,29.0,39
49,仁武,2020-11-07,37,7,3.0,nan,19,17,27.0,37
77,金門,2020-11-07,95,6,5.0,nan,55,17,51.0,95
11,士林,2020-11-07,44,3,2.0,nan,10,9,44.0,19
50,鳳山,2020-11-07,44,9,6.0,nan,20,21,nan,44
51,大寮,2020-11-07,31,4,3.0,nan,20,16,31.0,28
52,林園,2020-11-07,39,7,3.0,nan,28,19,39.0,33
53,楠梓,2020-11-07,41,6,3.0,nan,21,17,26.0,41
75,馬祖,2020-11-07,161,3,6.0,nan,52,8,161.0,98
12,中山,2020-11-07,32,6,6.0,nan,9,26,32.0,25
54,左營,2020-11-07,31,6,5.0,nan,19,18,28.0,31
56,前金,2020-11-07,47,6,5.0,nan,22,19,29.0,47
13,萬華,2020-11-07,31,11,7.0,nan,15,31,30.0,29
72,埔里,2020-11-07,53,3,5.0,nan,25,16,32.0,53
57,前鎮,2020-11-07,41,11,7.0,nan,23,21,nan,41
42,嘉義,2020-11-07,66,6,5.0,nan,36,23,21.0,66
14,古亭,2020-11-07,37,9,5.0,nan,11,29,37.0,24
71,復興,2020-11-07,36,11,6.0,nan,19,24,nan,36
15,松山,2020-11-07,38,3,3.0,nan,6,17,38.0,18
16,大同,2020-11-07,44,9,17.0,nan,21,42,nan,44
17,桃園,2020-11-07,55,11,5.0,nan,31,23,37.0,55
2,汐止,2020-11-07,42,3,5.0,nan,9,24,42.0,16
18,大園,2020-11-07,80,17,7.0,nan,31,27,80.0,55
19,觀音,2020-11-07,67,7,5.0,nan,43,26,67.0,65
70,永和,2020-11-07,36,6,11.0,nan,18,36,nan,31
20,平鎮,2020-11-07,63,6,6.0,nan,37,28,48.0,63
69,竹山,2020-11-07,60,3,3.0,nan,31,16,30.0,60
1,基隆,2020-11-07,41,3,2.0,nan,8,16,41.0,14
21,龍潭,2020-11-07,67,6,6.0,nan,39,28,44.0,67
22,湖口,2020-11-07,64,4,5.0,nan,36,29,64.0,62
68,中壢,2020-11-07,64,4,8.0,nan,38,39,nan,64
41,臺西,2020-11-07,38,4,2.0,nan,34,13,nan,38
3,萬里,2020-11-07,71,4,2.0,nan,33,14,71.0,28
23,竹東,2020-11-07,52,4,5.0,nan,28,15,40.0,52
24,新竹,2020-11-07,63,7,5.0,nan,45,25,49.0,63
25,頭份,2020-11-07,63,6,5.0,nan,42,27,nan,63
26,苗栗,2020-11-07,66,6,5.0,nan,43,25,31.0,66
27,三義,2020-11-07,52,4,3.0,nan,27,18,31.0,52
40,朴子,2020-11-07,53,3,2.0,nan,43,12,25.0,53
28,豐原,2020-11-07,58,3,3.0,nan,29,15,36.0,58
39,新港,2020-11-07,57,3,3.0,nan,41,12,26.0,57
29,沙鹿,2020-11-07,63,3,3.0,nan,41,24,30.0,63
67,三重,2020-11-07,42,4,16.0,nan,18,42,nan,31
6,板橋,2020-11-07,33,9,7.0,nan,20,28,32.0,33
30,大里,2020-11-07,60,6,3.0,nan,29,19,28.0,60
4,新店,2020-11-07,38,7,5.0,nan,13,23,38.0,31
31,忠明,2020-11-07,61,4,3.0,nan,29,18,25.0,61
66,冬山,2020-11-07,27,6,3.0,nan,13,15,27.0,16
38,崙背,2020-11-07,60,4,3.0,nan,48,10,30.0,60
32,西屯,2020-11-07,62,4,3.0,nan,35,15,31.0,62
58,小港,2020-11-07,43,36,17.0,nan,29,26,23.0,43
65,宜蘭,2020-11-07,30,4,3.0,nan,14,13,30.0,16
33,彰化,2020-11-07,69,3,3.0,nan,38,13,31.0,69
59,屏東,2020-11-07,38,6,3.0,nan,20,15,28.0,38
64,陽明,2020-11-07,46,1,2.0,nan,6,2,46.0,10
34,線西,2020-11-07,66,3,5.0,nan,41,10,nan,66
60,潮州,2020-11-07,45,3,2.0,nan,21,11,35.0,45
35,二林,2020-11-07,56,9,3.0,nan,44,12,30.0,56
37,斗六,2020-11-07,64,6,3.0,nan,37,17,25.0,64
61,恆春,2020-11-07,38,1,1.0,nan,10,2,38.0,21
62,臺東,2020-11-07,31,1,3.0,nan,9,15,31.0,17
63,花蓮,2020-11-07,28,6,3.0,nan,16,10,28.0,22
5,土城,2020-11-07,53,10,6.0,nan,27,25,46.0,53
36,南投,2020-11-07,67,4,5.0,nan,36,18,30.0,67
21,龍潭,2020-11-08,101,4,5.0,nan,13.0,9,101.0,37.0
1,基隆,2020-11-08,122,3,3.0,nan,23.0,13,122.0,53.0
2,汐止,2020-11-08,101,3,5.0,nan,17.0,11,101.0,46.0
3,萬里,2020-11-08,154,3,3.0,nan,54.0,5,154.0,nan
4,新店,2020-11-08,80,3,6.0,nan,13.0,13,80.0,40.0
5,土城,2020-11-08,93,3,6.0,nan,15.0,11,93.0,46.0
6,板橋,2020-11-08,61,6,6.0,nan,17.0,20,61.0,37.0
7,新莊,2020-11-08,87,3,6.0,nan,15.0,15,87.0,42.0
8,菜寮,2020-11-08,90,4,6.0,nan,15.0,11,90.0,40.0
9,林口,2020-11-08,108,3,5.0,nan,19.0,12,108.0,55.0
10,淡水,2020-11-08,115,3,5.0,nan,20.0,5,115.0,57.0
11,士林,2020-11-08,115,3,5.0,nan,16.0,9,115.0,38.0
12,中山,2020-11-08,67,3,7.0,nan,15.0,20,67.0,45.0
13,萬華,2020-11-08,74,3,6.0,nan,16.0,18,74.0,41.0
14,古亭,2020-11-08,84,3,5.0,nan,16.0,16,84.0,41.0
15,松山,2020-11-08,77,3,5.0,nan,15.0,19,77.0,53.0
16,大同,2020-11-08,59,3,11.0,nan,26.0,37,nan,59.0
17,桃園,2020-11-08,47,6,6.0,nan,20.0,17,47.0,45.0
18,大園,2020-11-08,122,6,5.0,nan,31.0,19,122.0,62.0
19,觀音,2020-11-08,101,7,5.0,nan,37.0,9,101.0,73.0
20,平鎮,2020-11-08,87,3,6.0,nan,21.0,14,87.0,54.0
22,湖口,2020-11-08,118,3,5.0,nan,23.0,8,118.0,55.0
23,竹東,2020-11-08,112,3,5.0,nan,10.0,5,112.0,22.0
24,新竹,2020-11-08,108,10,5.0,nan,22.0,8,108.0,50.0
25,頭份,2020-11-08,49,3,5.0,nan,20.0,9,nan,49.0
26,苗栗,2020-11-08,71,3,5.0,nan,17.0,8,71.0,35.0
27,三義,2020-11-08,71,3,3.0,nan,11.0,8,71.0,28.0
28,豐原,2020-11-08,67,3,3.0,nan,9.0,7,67.0,26.0
29,沙鹿,2020-11-08,93,3,5.0,nan,nan,8,93.0,nan
30,大里,2020-11-08,50,4,5.0,nan,10.0,12,50.0,24.0
31,忠明,2020-11-08,51,3,5.0,nan,12.0,13,51.0,29.0
32,西屯,2020-11-08,84,3,3.0,nan,14.0,5,84.0,32.0
33,彰化,2020-11-08,74,1,5.0,nan,16.0,14,74.0,37.0
34,線西,2020-11-08,45,3,6.0,nan,26.0,6,nan,45.0
35,二林,2020-11-08,61,9,5.0,nan,36.0,8,61.0,47.0
36,南投,2020-11-08,51,1,7.0,nan,16.0,17,51.0,33.0
37,斗六,2020-11-08,58,4,5.0,nan,20.0,12,58.0,45.0
38,崙背,2020-11-08,77,4,5.0,nan,31.0,9,77.0,53.0
39,新港,2020-11-08,74,3,5.0,nan,29.0,10,74.0,47.0
40,朴子,2020-11-08,64,6,5.0,nan,33.0,11,64.0,55.0
41,臺西,2020-11-08,61,13,6.0,nan,39.0,12,nan,61.0
42,嘉義,2020-11-08,57,4,6.0,nan,26.0,16,47.0,57.0
43,新營,2020-11-08,64,4,5.0,nan,29.0,8,64.0,48.0
44,善化,2020-11-08,56,4,5.0,nan,29.0,11,50.0,56.0
45,安南,2020-11-08,63,3,5.0,nan,38.0,10,61.0,63.0
46,臺南,2020-11-08,60,4,6.0,nan,33.0,13,50.0,60.0
47,美濃,2020-11-08,50,3,5.0,nan,23.0,8,36.0,50.0
48,橋頭,2020-11-08,67,4,6.0,nan,37.0,13,49.0,67.0
49,仁武,2020-11-08,73,4,6.0,nan,34.0,16,49.0,73.0
50,鳳山,2020-11-08,82,4,6.0,nan,38.0,21,nan,82.0
51,大寮,2020-11-08,73,4,5.0,nan,39.0,19,51.0,73.0
52,林園,2020-11-08,84,11,7.0,nan,46.0,32,48.0,84.0
53,楠梓,2020-11-08,68,3,5.0,nan,33.0,12,50.0,68.0
54,左營,2020-11-08,71,4,6.0,nan,38.0,17,49.0,71.0
56,前金,2020-11-08,78,6,6.0,nan,40.0,18,49.0,78.0
57,前鎮,2020-11-08,74,3,7.0,nan,40.0,20,nan,74.0
58,小港,2020-11-08,69,7,6.0,nan,35.0,16,50.0,69.0
59,屏東,2020-11-08,63,3,5.0,nan,31.0,11,43.0,63.0
60,潮州,2020-11-08,76,4,5.0,nan,40.0,12,50.0,76.0
61,恆春,2020-11-08,80,1,2.0,nan,7.0,2,80.0,15.0
62,臺東,2020-11-08,58,1,3.0,nan,11.0,6,58.0,nan
63,花蓮,2020-11-08,61,1,3.0,nan,13.0,8,61.0,16.0
64,陽明,2020-11-08,112,3,3.0,nan,8.0,2,112.0,20.0
65,宜蘭,2020-11-08,67,3,3.0,nan,6.0,6,67.0,10.0
66,冬山,2020-11-08,67,7,3.0,nan,7.0,13,67.0,16.0
67,三重,2020-11-08,47,3,14.0,nan,20.0,41,nan,47.0
68,中壢,2020-11-08,60,4,9.0,nan,22.0,33,nan,60.0
69,竹山,2020-11-08,50,1,5.0,nan,18.0,13,50.0,43.0
70,永和,2020-11-08,44,4,7.0,nan,18.0,16,nan,44.0
71,復興,2020-11-08,77,4,7.0,nan,38.0,22,nan,77.0
72,埔里,2020-11-08,42,4,5.0,nan,17.0,13,36.0,42.0
75,馬祖,2020-11-08,185,7,7.0,nan,78.0,9,185.0,136.0
77,金門,2020-11-08,151,6,6.0,nan,73.0,13,151.0,123.0
78,馬公,2020-11-08,136,1,6.0,nan,42.0,4,136.0,78.0
80,關山,2020-11-08,48,3,nan,nan,6.0,3,48.0,8.0
83,麥寮,2020-11-08,55,4,6.0,nan,32.0,10,nan,55.0
84,富貴角,2020-11-08,151,1,3.0,nan,52.0,3,151.0,78.0
77,金門,2020-11-09,122,4,5.0,nan,78,8,122.0,82.0
40,朴子,2020-11-09,54,4,3.0,nan,37,16,46.0,54.0
26,苗栗,2020-11-09,50,3,3.0,nan,34,7,50.0,42.0
50,鳳山,2020-11-09,91,9,9.0,nan,44,34,nan,91.0
28,豐原,2020-11-09,54,3,3.0,nan,19,8,54.0,31.0
78,馬公,2020-11-09,80,4,3.0,nan,55,3,80.0,71.0
80,關山,2020-11-09,51,3,nan,nan,9,6,51.0,12.0
8,菜寮,2020-11-09,58,4,3.0,nan,41,11,58.0,47.0
25,頭份,2020-11-09,47,3,2.0,nan,42,8,nan,47.0
51,大寮,2020-11-09,82,6,7.0,nan,42,34,31.0,82.0
83,麥寮,2020-11-09,60,7,5.0,nan,45,12,nan,60.0
48,橋頭,2020-11-09,81,6,7.0,nan,44,29,26.0,81.0
84,富貴角,2020-11-09,71,1,2.0,nan,63,2,71.0,67.0
33,彰化,2020-11-09,50,3,5.0,nan,27,21,50.0,45.0
24,新竹,2020-11-09,64,11,2.0,nan,42,9,64.0,46.0
9,林口,2020-11-09,53,4,3.0,nan,38,20,50.0,53.0
15,松山,2020-11-09,57,3,3.0,nan,40,25,49.0,57.0
46,臺南,2020-11-09,64,3,6.0,nan,34,24,40.0,64.0
32,西屯,2020-11-09,58,3,3.0,nan,28,12,58.0,43.0
52,林園,2020-11-09,82,10,7.0,nan,48,35,40.0,82.0
44,善化,2020-11-09,66,4,5.0,nan,33,22,34.0,66.0
35,二林,2020-11-09,50,10,3.0,nan,43,11,46.0,50.0
34,線西,2020-11-09,51,3,2.0,nan,39,9,nan,51.0
29,沙鹿,2020-11-09,67,1,2.0,nan,29,8,67.0,35.0
18,大園,2020-11-09,64,6,2.0,nan,45,12,64.0,54.0
43,新營,2020-11-09,57,4,5.0,nan,34,19,41.0,57.0
38,崙背,2020-11-09,55,6,3.0,nan,40,14,51.0,55.0
42,嘉義,2020-11-09,68,6,7.0,nan,35,29,34.0,68.0
41,臺西,2020-11-09,59,7,3.0,nan,53,13,nan,59.0
49,仁武,2020-11-09,88,9,9.0,nan,44,46,24.0,88.0
22,湖口,2020-11-09,61,3,2.0,nan,39,10,61.0,46.0
1,基隆,2020-11-09,64,3,2.0,nan,46,4,64.0,52.0
14,古亭,2020-11-09,54,4,3.0,nan,40,15,54.0,50.0
37,斗六,2020-11-09,60,4,5.0,nan,32,26,39.0,60.0
11,士林,2020-11-09,64,3,2.0,nan,40,9,64.0,51.0
16,大同,2020-11-09,65,4,8.0,nan,52,29,nan,65.0
60,潮州,2020-11-09,74,7,6.0,nan,38,19,46.0,74.0
61,恆春,2020-11-09,90,1,2.0,nan,14,2,90.0,26.0
17,桃園,2020-11-09,48,9,5.0,nan,44,17,44.0,48.0
23,竹東,2020-11-09,74,4,3.0,nan,25,4,74.0,31.0
59,屏東,2020-11-09,71,3,7.0,nan,36,17,30.0,71.0
45,安南,2020-11-09,70,4,6.0,nan,38,22,41.0,70.0
62,臺東,2020-11-09,51,1,5.0,nan,8,8,51.0,nan
2,汐止,2020-11-09,51,3,3.0,nan,41,22,51.0,49.0
63,花蓮,2020-11-09,84,3,3.0,nan,19,19,84.0,30.0
58,小港,2020-11-09,84,11,10.0,nan,44,50,27.0,84.0
10,淡水,2020-11-09,61,3,2.0,nan,36,3,61.0,48.0
64,陽明,2020-11-09,51,3,2.0,nan,22,1,51.0,27.0
31,忠明,2020-11-09,49,4,3.0,nan,25,17,49.0,39.0
65,宜蘭,2020-11-09,71,3,3.0,nan,22,10,71.0,40.0
3,萬里,2020-11-09,84,3,2.0,nan,82,2,84.0,nan
21,龍潭,2020-11-09,67,4,2.0,nan,31,3,67.0,45.0
66,冬山,2020-11-09,54,6,2.0,nan,26,16,54.0,38.0
67,三重,2020-11-09,55,4,14.0,nan,46,39,nan,55.0
30,大里,2020-11-09,44,4,5.0,nan,23,21,44.0,35.0
57,前鎮,2020-11-09,86,7,11.0,nan,47,42,nan,86.0
4,新店,2020-11-09,58,4,3.0,nan,35,15,58.0,53.0
47,美濃,2020-11-09,60,3,5.0,nan,27,10,19.0,60.0
68,中壢,2020-11-09,58,4,11.0,nan,50,32,nan,58.0
27,三義,2020-11-09,50,3,2.0,nan,22,7,50.0,35.0
12,中山,2020-11-09,57,4,6.0,nan,42,26,49.0,57.0
69,竹山,2020-11-09,55,4,5.0,nan,26,27,29.0,55.0
56,前金,2020-11-09,90,6,9.0,nan,49,35,30.0,90.0
5,土城,2020-11-09,61,3,3.0,nan,39,20,61.0,57.0
19,觀音,2020-11-09,65,7,3.0,nan,54,14,49.0,65.0
70,永和,2020-11-09,52,4,6.0,nan,44,17,nan,52.0
54,左營,2020-11-09,80,6,8.0,nan,45,29,26.0,80.0
36,南投,2020-11-09,50,1,6.0,nan,28,29,29.0,50.0
6,板橋,2020-11-09,53,4,5.0,nan,44,25,47.0,53.0
71,復興,2020-11-09,90,7,14.0,nan,46,42,nan,90.0
72,埔里,2020-11-09,47,4,5.0,nan,20,15,25.0,47.0
20,平鎮,2020-11-09,54,4,5.0,nan,41,18,54.0,51.0
13,萬華,2020-11-09,52,4,5.0,nan,43,25,50.0,52.0
53,楠梓,2020-11-09,79,4,6.0,nan,42,25,24.0,79.0
75,馬祖,2020-11-09,67,6,2.0,nan,66,5,67.0,63.0
39,新港,2020-11-09,56,3,5.0,nan,36,15,48.0,56.0
7,新莊,2020-11-09,58,3,3.0,nan,41,22,58.0,51.0
2,汐止,2020-11-10,30,4,3.0,nan,20,28,30.0,28
56,前金,2020-11-10,74,4,7.0,nan,43,27,17.0,74
45,安南,2020-11-10,46,3,3.0,nan,33,17,27.0,46
20,平鎮,2020-11-10,32,4,3.0,nan,20,17,32.0,29
30,大里,2020-11-10,25,6,5.0,nan,15,22,24.0,25
25,頭份,2020-11-10,26,3,2.0,nan,20,9,nan,26
65,宜蘭,2020-11-10,34,3,2.0,nan,8,8,34.0,13
54,左營,2020-11-10,69,7,6.0,nan,42,30,33.0,69
17,桃園,2020-11-10,31,9,5.0,nan,23,17,27.0,31
31,忠明,2020-11-10,27,3,3.0,nan,13,18,27.0,23
42,嘉義,2020-11-10,57,41,6.0,nan,28,28,19.0,57
10,淡水,2020-11-10,40,3,2.0,nan,17,5,40.0,24
5,土城,2020-11-10,35,3,3.0,nan,18,16,35.0,35
44,善化,2020-11-10,45,4,3.0,nan,29,16,27.0,45
64,陽明,2020-11-10,40,1,1.0,nan,10,1,40.0,17
26,苗栗,2020-11-10,32,3,2.0,nan,15,10,32.0,22
19,觀音,2020-11-10,45,6,2.0,nan,31,14,33.0,45
53,楠梓,2020-11-10,63,4,5.0,nan,38,23,31.0,63
49,仁武,2020-11-10,73,13,6.0,nan,41,30,33.0,73
67,三重,2020-11-10,35,3,14.0,nan,27,34,nan,35
41,臺西,2020-11-10,34,6,2.0,nan,31,15,nan,34
36,南投,2020-11-10,38,3,6.0,nan,22,26,23.0,38
18,大園,2020-11-10,39,4,2.0,nan,22,16,39.0,32
11,士林,2020-11-10,40,3,2.0,nan,21,13,40.0,27
52,林園,2020-11-10,81,19,6.0,nan,50,42,48.0,81
38,崙背,2020-11-10,37,6,3.0,nan,29,17,27.0,37
62,臺東,2020-11-10,34,3,3.0,nan,12,10,34.0,16
24,新竹,2020-11-10,35,7,2.0,nan,19,12,35.0,21
40,朴子,2020-11-10,34,6,3.0,nan,28,14,25.0,34
66,冬山,2020-11-10,31,4,2.0,nan,8,9,31.0,15
60,潮州,2020-11-10,84,4,6.0,nan,51,22,58.0,84
43,新營,2020-11-10,35,3,3.0,nan,28,19,25.0,35
13,萬華,2020-11-10,31,3,5.0,nan,21,27,31.0,28
71,復興,2020-11-10,74,7,11.0,nan,44,35,nan,74
12,中山,2020-11-10,34,3,6.0,nan,20,29,30.0,34
39,新港,2020-11-10,35,3,3.0,nan,29,18,26.0,35
51,大寮,2020-11-10,73,9,7.0,nan,46,30,44.0,73
80,關山,2020-11-10,32,4,nan,nan,7,5,32.0,7
29,沙鹿,2020-11-10,35,1,1.0,nan,12,8,35.0,14
32,西屯,2020-11-10,34,3,2.0,nan,14,16,34.0,21
46,臺南,2020-11-10,45,6,5.0,nan,30,22,26.0,45
7,新莊,2020-11-10,31,3,5.0,nan,20,22,31.0,30
37,斗六,2020-11-10,52,6,5.0,nan,25,31,25.0,52
83,麥寮,2020-11-10,33,9,3.0,nan,25,14,nan,33
4,新店,2020-11-10,35,3,3.0,nan,17,13,35.0,27
15,松山,2020-11-10,33,4,5.0,nan,19,28,33.0,32
21,龍潭,2020-11-10,39,4,2.0,nan,14,7,39.0,21
77,金門,2020-11-10,58,7,2.0,nan,52,9,58.0,47
50,鳳山,2020-11-10,79,7,7.0,nan,42,30,nan,79
33,彰化,2020-11-10,31,3,3.0,nan,14,19,31.0,28
6,板橋,2020-11-10,29,4,5.0,nan,22,24,29.0,26
14,古亭,2020-11-10,33,3,3.0,nan,19,14,33.0,24
48,橋頭,2020-11-10,66,6,6.0,nan,43,24,29.0,66
34,線西,2020-11-10,29,4,3.0,nan,28,12,nan,29
23,竹東,2020-11-10,39,3,2.0,nan,7,4,39.0,11
3,萬里,2020-11-10,57,3,1.0,nan,57,3,48.0,44
47,美濃,2020-11-10,57,4,3.0,nan,30,15,28.0,57
27,三義,2020-11-10,31,3,1.0,nan,9,8,31.0,18
1,基隆,2020-11-10,42,1,2.0,nan,25,5,42.0,27
63,花蓮,2020-11-10,36,3,3.0,nan,15,14,36.0,17
61,恆春,2020-11-10,42,1,1.0,nan,8,2,42.0,15
22,湖口,2020-11-10,35,4,2.0,nan,19,12,35.0,20
69,竹山,2020-11-10,57,4,3.0,nan,24,20,24.0,57
35,二林,2020-11-10,31,7,2.0,nan,27,14,29.0,31
59,屏東,2020-11-10,74,6,6.0,nan,40,22,44.0,74
9,林口,2020-11-10,35,3,3.0,nan,23,29,35.0,32
68,中壢,2020-11-10,41,4,11.0,nan,26,31,nan,41
78,馬公,2020-11-10,41,4,1.0,nan,32,2,41.0,41
28,豐原,2020-11-10,29,3,2.0,nan,8,10,29.0,18
16,大同,2020-11-10,52,6,10.0,nan,35,35,nan,52
58,小港,2020-11-10,72,10,8.0,nan,44,40,35.0,72
70,永和,2020-11-10,29,4,5.0,nan,20,16,nan,29
75,馬祖,2020-11-10,58,3,1.0,nan,32,5,58.0,37
72,埔里,2020-11-10,42,6,5.0,nan,18,17,21.0,42
84,富貴角,2020-11-10,47,1,1.0,nan,42,1,47.0,42
8,菜寮,2020-11-10,33,3,3.0,nan,22,16,33.0,24
57,前鎮,2020-11-10,72,4,9.0,nan,44,33,nan,72
17,桃園,2020-11-11,35,11,5.0,nan,28,16,35.0,34
45,安南,2020-11-11,58,6,3.0,nan,45,19,58.0,58
5,土城,2020-11-11,41,3,3.0,nan,26,17,41.0,39
51,大寮,2020-11-11,78,16,6.0,nan,55,25,64.0,78
50,鳳山,2020-11-11,84,13,8.0,nan,52,30,nan,84
49,仁武,2020-11-11,75,11,6.0,nan,49,30,61.0,75
6,板橋,2020-11-11,37,4,5.0,nan,31,25,37.0,29
7,新莊,2020-11-11,42,4,3.0,nan,31,15,42.0,32
8,菜寮,2020-11-11,42,1,3.0,nan,30,13,42.0,30
48,橋頭,2020-11-11,71,7,5.0,nan,50,23,71.0,68
9,林口,2020-11-11,43,3,2.0,nan,27,13,43.0,36
30,大里,2020-11-11,42,6,5.0,nan,22,24,42.0,34
10,淡水,2020-11-11,43,3,2.0,nan,23,7,43.0,33
14,古亭,2020-11-11,38,3,3.0,nan,26,16,38.0,35
47,美濃,2020-11-11,64,4,3.0,nan,36,15,51.0,64
11,士林,2020-11-11,44,1,2.0,nan,24,6,44.0,32
46,臺南,2020-11-11,60,7,5.0,nan,43,23,58.0,60
12,中山,2020-11-11,38,4,6.0,nan,27,26,38.0,36
13,萬華,2020-11-11,38,4,3.0,nan,26,21,38.0,33
29,沙鹿,2020-11-11,45,1,2.0,nan,25,8,45.0,23
28,豐原,2020-11-11,42,3,3.0,nan,17,11,42.0,28
36,南投,2020-11-11,50,3,5.0,nan,26,24,50.0,43
40,朴子,2020-11-11,46,7,3.0,nan,38,13,46.0,42
27,三義,2020-11-11,40,3,2.0,nan,19,8,40.0,27
35,二林,2020-11-11,53,11,3.0,nan,53,13,39.0,39
26,苗栗,2020-11-11,39,3,3.0,nan,23,8,39.0,25
25,頭份,2020-11-11,31,3,2.0,nan,31,11,nan,29
34,線西,2020-11-11,48,7,6.0,nan,48,14,nan,45
37,斗六,2020-11-11,55,4,3.0,nan,38,25,49.0,55
84,富貴角,2020-11-11,50,1,1.0,nan,38,2,50.0,42
33,彰化,2020-11-11,43,4,5.0,nan,28,17,43.0,38
83,麥寮,2020-11-11,47,7,3.0,nan,47,14,nan,45
80,關山,2020-11-11,41,4,nan,nan,25,5,41.0,20
78,馬公,2020-11-11,46,3,1.0,nan,36,3,45.0,46
41,臺西,2020-11-11,46,7,3.0,nan,46,15,nan,45
77,金門,2020-11-11,58,7,2.0,nan,44,8,58.0,42
24,新竹,2020-11-11,44,9,2.0,nan,29,9,44.0,31
23,竹東,2020-11-11,43,4,1.0,nan,19,5,43.0,24
75,馬祖,2020-11-11,74,1,2.0,nan,27,4,74.0,34
42,嘉義,2020-11-11,66,23,5.0,nan,44,28,44.0,66
72,埔里,2020-11-11,49,3,5.0,nan,19,15,49.0,39
32,西屯,2020-11-11,44,3,2.0,nan,24,10,44.0,29
71,復興,2020-11-11,77,11,10.0,nan,51,50,nan,77
70,永和,2020-11-11,37,3,6.0,nan,31,19,nan,37
22,湖口,2020-11-11,44,3,2.0,nan,28,9,44.0,31
69,竹山,2020-11-11,54,6,5.0,nan,29,23,47.0,54
68,中壢,2020-11-11,40,4,9.0,nan,33,29,nan,40
67,三重,2020-11-11,42,4,12.0,nan,33,42,nan,39
21,龍潭,2020-11-11,42,4,2.0,nan,23,8,42.0,31
66,冬山,2020-11-11,31,6,2.0,nan,19,19,31.0,27
20,平鎮,2020-11-11,42,4,2.0,nan,27,20,42.0,37
38,崙背,2020-11-11,48,6,2.0,nan,44,15,47.0,48
65,宜蘭,2020-11-11,38,3,3.0,nan,14,12,38.0,25
64,陽明,2020-11-11,41,3,1.0,nan,17,1,41.0,27
43,新營,2020-11-11,50,6,3.0,nan,44,17,50.0,48
39,新港,2020-11-11,51,6,2.0,nan,45,15,48.0,51
63,花蓮,2020-11-11,43,1,2.0,nan,24,8,43.0,29
62,臺東,2020-11-11,40,3,3.0,nan,24,7,40.0,32
61,恆春,2020-11-11,45,1,1.0,nan,17,1,45.0,27
19,觀音,2020-11-11,75,9,2.0,nan,41,8,42.0,75
60,潮州,2020-11-11,100,7,5.0,nan,51,15,100.0,85
59,屏東,2020-11-11,90,9,6.0,nan,49,25,90.0,77
18,大園,2020-11-11,42,7,2.0,nan,35,24,42.0,37
58,小港,2020-11-11,74,20,7.0,nan,52,52,61.0,74
44,善化,2020-11-11,58,9,3.0,nan,38,15,58.0,52
15,松山,2020-11-11,38,4,2.0,nan,28,23,36.0,38
57,前鎮,2020-11-11,72,11,8.0,nan,51,46,nan,72
56,前金,2020-11-11,90,4,6.0,nan,49,25,90.0,75
16,大同,2020-11-11,55,3,7.0,nan,40,28,nan,55
54,左營,2020-11-11,90,16,7.0,nan,52,40,90.0,75
1,基隆,2020-11-11,44,3,2.0,nan,28,4,44.0,32
2,汐止,2020-11-11,38,4,3.0,nan,27,21,38.0,33
53,楠梓,2020-11-11,71,7,6.0,nan,50,23,71.0,69
3,萬里,2020-11-11,61,4,2.0,nan,61,4,50.0,51
31,忠明,2020-11-11,30,4,3.0,nan,19,17,28.0,30
4,新店,2020-11-11,39,3,3.0,nan,24,15,39.0,33
52,林園,2020-11-11,126,10,6.0,nan,54,33,126.0,84
43,新營,2020-11-12,63,4,3.0,nan,49.0,16,49.0,63
17,桃園,2020-11-12,38,9,5.0,nan,24.0,15,31.0,38
24,新竹,2020-11-12,42,3,3.0,nan,20.0,10,42.0,27
35,二林,2020-11-12,50,13,5.0,nan,49.0,19,38.0,50
32,西屯,2020-11-12,46,4,3.0,nan,21.0,21,46.0,36
77,金門,2020-11-12,67,7,2.0,nan,41.0,11,67.0,45
33,彰化,2020-11-12,51,4,6.0,nan,31.0,26,44.0,51
51,大寮,2020-11-12,90,13,8.0,nan,62.0,44,61.0,90
34,線西,2020-11-12,52,9,6.0,nan,44.0,18,nan,52
16,大同,2020-11-12,61,4,10.0,nan,36.0,33,nan,61
11,士林,2020-11-12,44,3,2.0,nan,21.0,8,44.0,39
75,馬祖,2020-11-12,61,3,2.0,nan,23.0,4,61.0,35
54,左營,2020-11-12,80,7,6.0,nan,55.0,30,61.0,80
12,中山,2020-11-12,42,4,7.0,nan,22.0,32,35.0,42
72,埔里,2020-11-12,58,4,5.0,nan,23.0,20,58.0,47
58,小港,2020-11-12,75,14,8.0,nan,57.0,55,42.0,75
10,淡水,2020-11-12,43,1,2.0,nan,18.0,6,43.0,31
9,林口,2020-11-12,40,3,3.0,nan,21.0,18,40.0,37
2,汐止,2020-11-12,40,4,3.0,nan,22.0,27,33.0,40
56,前金,2020-11-12,84,6,6.0,nan,56.0,34,67.0,84
13,萬華,2020-11-12,42,4,5.0,nan,24.0,29,36.0,42
71,復興,2020-11-12,79,6,9.0,nan,54.0,37,nan,79
8,菜寮,2020-11-12,33,1,5.0,nan,23.0,19,33.0,33
53,楠梓,2020-11-12,80,6,7.0,nan,55.0,46,58.0,80
1,基隆,2020-11-12,40,3,3.0,nan,27.0,18,40.0,35
23,竹東,2020-11-12,99,13,8.0,nan,43.0,30,37.0,99
70,永和,2020-11-12,38,3,6.0,nan,20.0,19,nan,38
63,花蓮,2020-11-12,34,1,5.0,nan,17.0,18,34.0,29
22,湖口,2020-11-12,41,3,2.0,nan,23.0,8,41.0,32
69,竹山,2020-11-12,72,6,5.0,nan,41.0,20,51.0,72
7,新莊,2020-11-12,40,3,5.0,nan,22.0,21,38.0,40
21,龍潭,2020-11-12,40,6,2.0,nan,14.0,10,40.0,29
62,臺東,2020-11-12,36,3,3.0,nan,18.0,8,36.0,33
60,潮州,2020-11-12,108,6,5.0,nan,57.0,19,108.0,87
68,中壢,2020-11-12,43,4,7.0,nan,26.0,24,nan,43
14,古亭,2020-11-12,41,4,3.0,nan,19.0,17,41.0,35
15,松山,2020-11-12,41,4,3.0,nan,20.0,30,36.0,41
67,三重,2020-11-12,44,3,12.0,nan,29.0,35,nan,44
61,恆春,2020-11-12,43,1,1.0,nan,16.0,1,43.0,32
66,冬山,2020-11-12,27,3,3.0,nan,11.0,18,26.0,27
37,斗六,2020-11-12,70,4,6.0,nan,45.0,34,64.0,70
57,前鎮,2020-11-12,77,4,7.0,nan,54.0,39,nan,77
59,屏東,2020-11-12,91,9,7.0,nan,61.0,29,80.0,91
47,美濃,2020-11-12,80,3,5.0,nan,48.0,19,80.0,78
6,板橋,2020-11-12,36,4,5.0,nan,21.0,24,36.0,33
5,土城,2020-11-12,40,3,5.0,nan,15.0,14,40.0,35
39,新港,2020-11-12,64,3,3.0,nan,48.0,18,51.0,64
36,南投,2020-11-12,93,4,6.0,nan,37.0,32,93.0,62
26,苗栗,2020-11-12,35,3,3.0,nan,16.0,14,35.0,24
27,三義,2020-11-12,40,3,2.0,nan,13.0,12,40.0,30
20,平鎮,2020-11-12,39,6,1.0,nan,21.0,13,39.0,36
28,豐原,2020-11-12,44,3,3.0,nan,20.0,22,44.0,41
29,沙鹿,2020-11-12,44,3,3.0,nan,23.0,17,44.0,29
65,宜蘭,2020-11-12,35,3,3.0,nan,8.0,15,35.0,21
84,富貴角,2020-11-12,51,1,2.0,nan,47.0,2,48.0,51
49,仁武,2020-11-12,81,6,7.0,nan,54.0,42,49.0,81
30,大里,2020-11-12,58,7,8.0,nan,33.0,35,58.0,54
44,善化,2020-11-12,61,9,3.0,nan,43.0,19,51.0,61
50,鳳山,2020-11-12,85,7,8.0,nan,54.0,38,nan,85
46,臺南,2020-11-12,65,6,5.0,nan,48.0,22,47.0,65
52,林園,2020-11-12,97,10,5.0,nan,62.0,34,97.0,79
40,朴子,2020-11-12,56,4,3.0,nan,45.0,18,45.0,56
25,頭份,2020-11-12,28,1,2.0,nan,17.0,11,nan,28
41,臺西,2020-11-12,47,3,2.0,nan,41.0,11,nan,47
19,觀音,2020-11-12,54,7,2.0,nan,33.0,15,39.0,54
18,大園,2020-11-12,39,6,2.0,nan,28.0,16,39.0,38
42,嘉義,2020-11-12,80,6,6.0,nan,48.0,26,44.0,80
4,新店,2020-11-12,40,6,5.0,nan,14.0,17,40.0,31
83,麥寮,2020-11-12,55,7,3.0,nan,nan,14,nan,55
64,陽明,2020-11-12,41,3,1.0,nan,5.0,1,41.0,8
48,橋頭,2020-11-12,82,6,7.0,nan,59.0,35,61.0,82
80,關山,2020-11-12,33,1,nan,nan,17.0,5,33.0,23
31,忠明,2020-11-12,43,3,5.0,nan,21.0,23,43.0,36
3,萬里,2020-11-12,73,4,2.0,nan,73.0,8,47.0,59
38,崙背,2020-11-12,62,6,3.0,nan,47.0,17,49.0,62
45,安南,2020-11-12,67,6,3.0,nan,50.0,19,49.0,67
78,馬公,2020-11-12,53,3,2.0,nan,37.0,3,44.0,53
63,花蓮,2020-11-13,31,3,3.0,nan,16,15,31.0,19
1,基隆,2020-11-13,40,1,2.0,nan,21,8,40.0,33
2,汐止,2020-11-13,35,4,3.0,nan,16,25,35.0,34
3,萬里,2020-11-13,68,4,2.0,nan,68,8,44.0,57
4,新店,2020-11-13,31,3,6.0,nan,12,27,31.0,25
5,土城,2020-11-13,38,4,6.0,nan,15,27,37.0,38
6,板橋,2020-11-13,38,3,7.0,nan,17,38,32.0,33
7,新莊,2020-11-13,37,4,6.0,nan,16,26,35.0,37
8,菜寮,2020-11-13,36,4,6.0,nan,19,36,36.0,34
9,林口,2020-11-13,33,4,3.0,nan,16,25,33.0,33
10,淡水,2020-11-13,39,1,2.0,nan,16,16,39.0,34
11,士林,2020-11-13,41,4,2.0,nan,11,20,41.0,30
12,中山,2020-11-13,37,4,7.0,nan,15,28,33.0,37
13,萬華,2020-11-13,34,3,6.0,nan,17,34,34.0,34
68,中壢,2020-11-13,43,4,10.0,nan,16,33,nan,43
67,三重,2020-11-13,43,6,16.0,nan,23,43,nan,43
69,竹山,2020-11-13,56,3,5.0,nan,27,24,39.0,56
70,永和,2020-11-13,37,4,8.0,nan,18,26,nan,37
14,古亭,2020-11-13,34,3,5.0,nan,16,21,34.0,33
71,復興,2020-11-13,98,6,9.0,nan,59,35,nan,98
40,朴子,2020-11-13,57,6,5.0,nan,36,17,31.0,57
15,松山,2020-11-13,36,3,3.0,nan,14,28,33.0,36
72,埔里,2020-11-13,52,4,3.0,nan,22,14,41.0,52
75,馬祖,2020-11-13,67,9,2.0,nan,26,7,67.0,44
66,冬山,2020-11-13,31,3,2.0,nan,7,14,31.0,17
77,金門,2020-11-13,54,10,2.0,nan,42,11,54.0,50
58,小港,2020-11-13,97,6,8.0,nan,58,41,36.0,97
16,大同,2020-11-13,59,6,19.0,nan,30,40,nan,59
65,宜蘭,2020-11-13,34,3,2.0,nan,6,9,34.0,13
39,新港,2020-11-13,52,3,3.0,nan,34,15,33.0,52
78,馬公,2020-11-13,57,3,1.0,nan,35,2,44.0,57
64,陽明,2020-11-13,40,3,1.0,nan,5,2,40.0,15
17,桃園,2020-11-13,40,9,7.0,nan,19,31,28.0,40
80,關山,2020-11-13,31,1,nan,nan,9,5,31.0,13
18,大園,2020-11-13,44,9,2.0,nan,22,25,36.0,44
83,麥寮,2020-11-13,48,4,1.0,nan,31,8,nan,48
84,富貴角,2020-11-13,55,1,1.0,nan,52,2,47.0,55
19,觀音,2020-11-13,51,9,2.0,nan,31,24,38.0,51
44,善化,2020-11-13,65,6,3.0,nan,38,20,38.0,65
20,平鎮,2020-11-13,35,4,6.0,nan,17,32,35.0,31
45,安南,2020-11-13,69,4,5.0,nan,44,19,36.0,69
38,崙背,2020-11-13,53,4,3.0,nan,34,12,31.0,53
62,臺東,2020-11-13,30,3,5.0,nan,10,15,30.0,16
37,斗六,2020-11-13,57,6,3.0,nan,30,32,32.0,57
36,南投,2020-11-13,43,4,5.0,nan,22,25,27.0,43
46,臺南,2020-11-13,68,6,5.0,nan,44,23,33.0,68
43,新營,2020-11-13,58,6,3.0,nan,37,21,35.0,58
35,二林,2020-11-13,47,9,3.0,nan,33,12,28.0,47
41,臺西,2020-11-13,52,3,2.0,nan,32,6,nan,52
21,龍潭,2020-11-13,37,7,5.0,nan,12,29,37.0,32
34,線西,2020-11-13,51,6,5.0,nan,31,13,nan,51
47,美濃,2020-11-13,83,1,3.0,nan,44,15,39.0,83
33,彰化,2020-11-13,43,4,5.0,nan,19,21,27.0,43
61,恆春,2020-11-13,41,1,1.0,nan,7,1,41.0,16
48,橋頭,2020-11-13,84,4,5.0,nan,54,23,41.0,84
22,湖口,2020-11-13,40,3,2.0,nan,20,12,40.0,34
49,仁武,2020-11-13,90,6,6.0,nan,54,29,39.0,90
32,西屯,2020-11-13,33,3,2.0,nan,16,11,33.0,28
50,鳳山,2020-11-13,104,7,6.0,nan,57,29,nan,104
51,大寮,2020-11-13,112,13,6.0,nan,64,42,42.0,112
31,忠明,2020-11-13,29,3,3.0,nan,13,17,26.0,29
23,竹東,2020-11-13,37,1,1.0,nan,7,7,37.0,18
52,林園,2020-11-13,124,7,7.0,nan,75,29,90.0,124
30,大里,2020-11-13,31,7,5.0,nan,15,22,24.0,31
53,楠梓,2020-11-13,80,4,5.0,nan,52,23,41.0,80
29,沙鹿,2020-11-13,33,3,3.0,nan,19,11,33.0,32
24,新竹,2020-11-13,38,11,3.0,nan,17,14,38.0,28
54,左營,2020-11-13,87,7,6.0,nan,55,25,42.0,87
28,豐原,2020-11-13,31,1,2.0,nan,11,11,31.0,30
27,三義,2020-11-13,30,3,2.0,nan,8,8,30.0,24
25,頭份,2020-11-13,29,3,2.0,nan,16,16,nan,29
60,潮州,2020-11-13,135,7,8.0,nan,73,26,122.0,135
26,苗栗,2020-11-13,30,3,3.0,nan,13,17,30.0,23
56,前金,2020-11-13,97,6,6.0,nan,57,24,42.0,97
57,前鎮,2020-11-13,95,6,8.0,nan,59,31,nan,95
42,嘉義,2020-11-13,67,11,5.0,nan,37,27,27.0,67
59,屏東,2020-11-13,121,6,8.0,nan,67,36,44.0,121
3,萬里,2020-11-14,80,3,2.0,nan,80.0,21,46.0,62
2,汐止,2020-11-14,34,10,3.0,nan,21.0,34,34.0,34
1,基隆,2020-11-14,41,4,6.0,nan,28.0,30,41.0,36
46,臺南,2020-11-14,72,9,8.0,nan,44.0,30,26.0,72
47,美濃,2020-11-14,76,4,5.0,nan,39.0,12,36.0,76
48,橋頭,2020-11-14,100,6,7.0,nan,56.0,33,32.0,100
49,仁武,2020-11-14,103,6,6.0,nan,57.0,37,33.0,103
10,淡水,2020-11-14,44,3,2.0,nan,17.0,18,44.0,31
11,士林,2020-11-14,45,4,2.0,nan,19.0,8,45.0,31
50,鳳山,2020-11-14,103,6,8.0,nan,54.0,39,nan,103
51,大寮,2020-11-14,99,10,7.0,nan,57.0,34,34.0,99
52,林園,2020-11-14,96,10,5.0,nan,57.0,26,43.0,96
12,中山,2020-11-14,43,3,7.0,nan,21.0,32,31.0,43
53,楠梓,2020-11-14,91,3,6.0,nan,54.0,39,36.0,91
54,左營,2020-11-14,88,6,6.0,nan,53.0,34,34.0,88
56,前金,2020-11-14,95,6,7.0,nan,54.0,30,36.0,95
13,萬華,2020-11-14,36,3,5.0,nan,20.0,27,32.0,36
57,前鎮,2020-11-14,93,6,9.0,nan,55.0,38,nan,93
14,古亭,2020-11-14,39,1,2.0,nan,17.0,11,39.0,30
42,嘉義,2020-11-14,71,7,7.0,nan,39.0,29,17.0,71
58,小港,2020-11-14,81,9,7.0,nan,51.0,33,30.0,81
15,松山,2020-11-14,41,6,5.0,nan,20.0,26,33.0,41
59,屏東,2020-11-14,107,6,6.0,nan,60.0,25,40.0,107
33,彰化,2020-11-14,41,3,5.0,nan,21.0,24,34.0,41
60,潮州,2020-11-14,102,10,7.0,nan,56.0,22,44.0,102
61,恆春,2020-11-14,44,1,1.0,nan,11.0,1,44.0,24
16,大同,2020-11-14,56,4,9.0,nan,31.0,35,nan,56
62,臺東,2020-11-14,35,3,3.0,nan,16.0,9,35.0,27
63,花蓮,2020-11-14,32,1,3.0,nan,19.0,15,32.0,28
17,桃園,2020-11-14,33,13,3.0,nan,22.0,17,31.0,33
64,陽明,2020-11-14,46,3,1.0,nan,6.0,1,46.0,16
65,宜蘭,2020-11-14,34,3,2.0,nan,10.0,12,34.0,21
66,冬山,2020-11-14,32,3,2.0,nan,12.0,11,32.0,20
67,三重,2020-11-14,44,3,16.0,nan,30.0,41,nan,44
68,中壢,2020-11-14,42,3,8.0,nan,23.0,26,nan,42
69,竹山,2020-11-14,83,4,5.0,nan,37.0,17,28.0,83
18,大園,2020-11-14,44,6,2.0,nan,20.0,12,44.0,34
41,臺西,2020-11-14,41,4,2.0,nan,35.0,12,nan,41
70,永和,2020-11-14,34,3,5.0,nan,19.0,10,nan,34
71,復興,2020-11-14,96,7,10.0,nan,55.0,40,nan,96
72,埔里,2020-11-14,50,4,5.0,nan,22.0,18,34.0,50
19,觀音,2020-11-14,46,13,2.0,nan,28.0,14,43.0,46
75,馬祖,2020-11-14,64,4,2.0,nan,27.0,4,64.0,42
77,金門,2020-11-14,45,4,2.0,nan,30.0,8,44.0,45
78,馬公,2020-11-14,50,3,2.0,nan,34.0,1,50.0,50
20,平鎮,2020-11-14,40,4,5.0,nan,19.0,13,40.0,35
80,關山,2020-11-14,36,1,nan,nan,10.0,4,36.0,16
21,龍潭,2020-11-14,44,3,2.0,nan,15.0,6,44.0,31
83,麥寮,2020-11-14,45,7,5.0,nan,33.0,14,nan,45
84,富貴角,2020-11-14,64,1,1.0,nan,57.0,3,64.0,55
22,湖口,2020-11-14,44,3,3.0,nan,19.0,11,44.0,31
40,朴子,2020-11-14,51,7,3.0,nan,31.0,14,30.0,51
23,竹東,2020-11-14,39,1,2.0,nan,10.0,5,39.0,15
24,新竹,2020-11-14,43,19,2.0,nan,18.0,11,43.0,25
39,新港,2020-11-14,54,6,3.0,nan,37.0,13,25.0,54
25,頭份,2020-11-14,28,1,2.0,nan,16.0,9,nan,28
38,崙背,2020-11-14,57,4,3.0,nan,37.0,14,29.0,57
26,苗栗,2020-11-14,32,1,3.0,nan,13.0,12,32.0,22
27,三義,2020-11-14,32,3,2.0,nan,12.0,8,32.0,22
28,豐原,2020-11-14,40,4,5.0,nan,19.0,17,40.0,39
37,斗六,2020-11-14,74,4,6.0,nan,40.0,31,22.0,74
29,沙鹿,2020-11-14,38,3,2.0,nan,18.0,9,38.0,25
36,南投,2020-11-14,67,3,6.0,nan,32.0,24,31.0,67
30,大里,2020-11-14,56,6,6.0,nan,30.0,34,36.0,56
34,線西,2020-11-14,42,7,5.0,nan,31.0,13,nan,42
35,二林,2020-11-14,50,10,5.0,nan,40.0,17,29.0,50
31,忠明,2020-11-14,39,4,5.0,nan,19.0,21,33.0,39
32,西屯,2020-11-14,38,3,3.0,nan,20.0,18,38.0,32
6,板橋,2020-11-14,31,1,6.0,nan,20.0,23,31.0,30
7,新莊,2020-11-14,39,3,6.0,nan,20.0,24,36.0,39
43,新營,2020-11-14,52,4,3.0,nan,35.0,17,25.0,52
44,善化,2020-11-14,64,11,5.0,nan,38.0,16,25.0,64
5,土城,2020-11-14,37,3,3.0,nan,17.0,16,37.0,35
8,菜寮,2020-11-14,36,1,5.0,nan,22.0,23,36.0,35
9,林口,2020-11-14,40,1,3.0,nan,nan,16,40.0,35
4,新店,2020-11-14,39,3,3.0,nan,15.0,13,39.0,29
45,安南,2020-11-14,68,6,5.0,nan,43.0,18,31.0,68
49,仁武,2020-11-15,87,4,6.0,nan,49.0,22,49.0,87
48,橋頭,2020-11-15,87,6,6.0,nan,52.0,26,50.0,87
70,永和,2020-11-15,32,3,5.0,nan,20.0,12,nan,32
47,美濃,2020-11-15,91,6,5.0,nan,47.0,14,49.0,91
29,沙鹿,2020-11-15,44,3,5.0,nan,34.0,14,44.0,44
46,臺南,2020-11-15,79,7,7.0,nan,53.0,26,45.0,79
68,中壢,2020-11-15,43,6,9.0,nan,28.0,28,nan,43
69,竹山,2020-11-15,93,3,5.0,nan,45.0,15,48.0,93
45,安南,2020-11-15,78,6,5.0,nan,51.0,15,48.0,78
67,三重,2020-11-15,44,4,14.0,nan,26.0,33,nan,44
44,善化,2020-11-15,79,9,5.0,nan,48.0,16,44.0,79
34,線西,2020-11-15,56,7,5.0,nan,42.0,14,nan,56
71,復興,2020-11-15,86,4,9.0,nan,51.0,24,nan,86
18,大園,2020-11-15,40,9,2.0,nan,19.0,18,40.0,36
43,新營,2020-11-15,67,6,3.0,nan,47.0,14,46.0,67
66,冬山,2020-11-15,29,4,3.0,nan,19.0,8,26.0,29
33,彰化,2020-11-15,59,3,5.0,nan,35.0,19,48.0,59
42,嘉義,2020-11-15,91,24,6.0,nan,54.0,20,45.0,91
65,宜蘭,2020-11-15,30,4,6.0,nan,17.0,18,30.0,26
30,大里,2020-11-15,67,7,6.0,nan,39.0,28,48.0,67
41,臺西,2020-11-15,53,7,2.0,nan,39.0,8,nan,53
64,陽明,2020-11-15,39,4,1.0,nan,9.0,2,39.0,17
22,湖口,2020-11-15,40,3,2.0,nan,19.0,8,40.0,30
72,埔里,2020-11-15,72,4,5.0,nan,33.0,13,45.0,72
75,馬祖,2020-11-15,61,6,2.0,nan,33.0,8,50.0,61
11,士林,2020-11-15,41,6,2.0,nan,18.0,8,41.0,32
63,花蓮,2020-11-15,35,1,5.0,nan,22.0,17,35.0,32
62,臺東,2020-11-15,34,3,3.0,nan,20.0,11,33.0,34
10,淡水,2020-11-15,34,3,5.0,nan,17.0,24,34.0,33
25,頭份,2020-11-15,40,3,2.0,nan,24.0,22,nan,40
9,林口,2020-11-15,39,3,2.0,nan,nan,13,39.0,32
78,馬公,2020-11-15,60,4,2.0,nan,43.0,4,51.0,60
12,中山,2020-11-15,39,3,6.0,nan,20.0,26,29.0,39
23,竹東,2020-11-15,37,4,3.0,nan,18.0,9,37.0,30
61,恆春,2020-11-15,43,1,1.0,nan,15.0,1,43.0,28
60,潮州,2020-11-15,110,7,6.0,nan,61.0,16,58.0,110
8,菜寮,2020-11-15,35,3,5.0,nan,21.0,22,35.0,30
40,朴子,2020-11-15,64,7,3.0,nan,44.0,14,43.0,64
7,新莊,2020-11-15,36,4,5.0,nan,20.0,19,36.0,33
32,西屯,2020-11-15,56,3,3.0,nan,34.0,19,46.0,56
19,觀音,2020-11-15,48,17,2.0,nan,31.0,9,35.0,48
59,屏東,2020-11-15,96,6,6.0,nan,57.0,17,50.0,96
13,萬華,2020-11-15,33,3,5.0,nan,20.0,25,31.0,33
31,忠明,2020-11-15,55,4,7.0,nan,31.0,28,44.0,55
6,板橋,2020-11-15,33,4,6.0,nan,19.0,22,33.0,27
28,豐原,2020-11-15,61,6,5.0,nan,31.0,17,50.0,61
58,小港,2020-11-15,81,9,7.0,nan,50.0,30,41.0,81
39,新港,2020-11-15,70,6,3.0,nan,52.0,14,50.0,70
77,金門,2020-11-15,61,7,3.0,nan,42.0,11,58.0,61
84,富貴角,2020-11-15,45,1,1.0,nan,44.0,5,45.0,45
57,前鎮,2020-11-15,82,4,7.0,nan,48.0,22,nan,82
38,崙背,2020-11-15,68,4,5.0,nan,49.0,15,44.0,68
14,古亭,2020-11-15,39,3,2.0,nan,19.0,10,39.0,26
80,關山,2020-11-15,28,1,nan,nan,15.0,5,28.0,21
5,土城,2020-11-15,38,1,3.0,nan,19.0,13,38.0,37
15,松山,2020-11-15,39,6,6.0,nan,20.0,26,31.0,39
56,前金,2020-11-15,86,7,6.0,nan,51.0,21,51.0,86
4,新店,2020-11-15,36,3,3.0,nan,17.0,18,36.0,32
3,萬里,2020-11-15,39,4,2.0,nan,31.0,24,38.0,39
16,大同,2020-11-15,52,4,8.0,nan,31.0,28,nan,52
37,斗六,2020-11-15,83,10,5.0,nan,47.0,28,54.0,83
54,左營,2020-11-15,82,6,6.0,nan,50.0,28,50.0,82
2,汐止,2020-11-15,35,10,5.0,nan,20.0,30,35.0,34
17,桃園,2020-11-15,31,11,3.0,nan,21.0,12,30.0,31
26,苗栗,2020-11-15,39,10,5.0,nan,28.0,24,35.0,39
36,南投,2020-11-15,75,4,6.0,nan,41.0,25,61.0,75
20,平鎮,2020-11-15,36,6,3.0,nan,19.0,11,36.0,32
53,楠梓,2020-11-15,82,4,6.0,nan,51.0,24,49.0,82
27,三義,2020-11-15,40,4,3.0,nan,23.0,16,40.0,39
1,基隆,2020-11-15,34,6,7.0,nan,19.0,20,34.0,32
52,林園,2020-11-15,90,7,6.0,nan,55.0,25,58.0,90
83,麥寮,2020-11-15,55,10,3.0,nan,42.0,11,nan,55
24,新竹,2020-11-15,39,4,5.0,nan,19.0,26,39.0,27
51,大寮,2020-11-15,93,10,7.0,nan,54.0,29,44.0,93
21,龍潭,2020-11-15,35,3,2.0,nan,17.0,9,35.0,30
50,鳳山,2020-11-15,93,7,7.0,nan,52.0,25,nan,93
35,二林,2020-11-15,58,11,3.0,nan,49.0,17,38.0,58
49,仁武,2020-11-16,102,7,6.0,nan,57,40,64.0,102
1,基隆,2020-11-16,28,6,7.0,nan,16,21,28.0,23
2,汐止,2020-11-16,26,10,5.0,nan,18,26,25.0,26
3,萬里,2020-11-16,33,6,2.0,nan,27,13,33.0,28
4,新店,2020-11-16,27,3,3.0,nan,12,18,27.0,19
5,土城,2020-11-16,29,3,3.0,nan,13,17,29.0,26
6,板橋,2020-11-16,22,3,5.0,nan,15,21,22.0,19
7,新莊,2020-11-16,28,4,5.0,nan,16,19,28.0,19
8,菜寮,2020-11-16,26,3,5.0,nan,19,18,26.0,21
9,林口,2020-11-16,29,1,2.0,nan,17,15,29.0,25
10,淡水,2020-11-16,31,3,3.0,nan,14,22,31.0,19
11,士林,2020-11-16,31,4,2.0,nan,16,7,31.0,27
12,中山,2020-11-16,30,4,6.0,nan,16,25,19.0,30
13,萬華,2020-11-16,27,3,5.0,nan,17,27,21.0,26
14,古亭,2020-11-16,27,3,2.0,nan,13,14,27.0,21
15,松山,2020-11-16,30,6,5.0,nan,18,25,21.0,30
16,大同,2020-11-16,41,3,10.0,nan,27,27,nan,41
17,桃園,2020-11-16,23,10,3.0,nan,17,13,23.0,18
18,大園,2020-11-16,31,7,2.0,nan,17,16,31.0,23
19,觀音,2020-11-16,32,16,2.0,nan,25,18,28.0,32
20,平鎮,2020-11-16,30,6,5.0,nan,13,16,30.0,19
21,龍潭,2020-11-16,30,11,3.0,nan,13,18,30.0,19
22,湖口,2020-11-16,32,3,2.0,nan,19,20,32.0,18
23,竹東,2020-11-16,33,3,3.0,nan,14,9,33.0,22
24,新竹,2020-11-16,33,4,3.0,nan,15,23,33.0,18
25,頭份,2020-11-16,35,4,3.0,nan,21,19,nan,35
26,苗栗,2020-11-16,52,9,6.0,nan,31,26,24.0,52
27,三義,2020-11-16,53,4,5.0,nan,31,15,41.0,53
28,豐原,2020-11-16,74,4,3.0,nan,38,20,48.0,74
29,沙鹿,2020-11-16,54,4,6.0,nan,41,25,39.0,54
30,大里,2020-11-16,84,7,8.0,nan,54,38,47.0,84
31,忠明,2020-11-16,68,4,9.0,nan,43,41,37.0,68
32,西屯,2020-11-16,67,4,7.0,nan,46,39,45.0,67
33,彰化,2020-11-16,71,14,6.0,nan,47,27,41.0,71
34,線西,2020-11-16,52,9,3.0,nan,44,22,nan,52
35,二林,2020-11-16,57,11,3.0,nan,52,20,35.0,57
36,南投,2020-11-16,95,10,8.0,nan,56,34,74.0,95
37,斗六,2020-11-16,91,9,5.0,nan,62,27,61.0,91
38,崙背,2020-11-16,67,6,3.0,nan,54,12,43.0,67
39,新港,2020-11-16,78,6,3.0,nan,59,12,47.0,78
40,朴子,2020-11-16,58,6,3.0,nan,47,8,42.0,58
41,臺西,2020-11-16,43,9,2.0,nan,36,13,nan,43
42,嘉義,2020-11-16,91,26,6.0,nan,63,20,44.0,91
43,新營,2020-11-16,74,6,3.0,nan,58,12,49.0,74
44,善化,2020-11-16,74,7,5.0,nan,54,17,48.0,74
45,安南,2020-11-16,82,6,5.0,nan,59,19,49.0,82
46,臺南,2020-11-16,85,7,6.0,nan,61,19,49.0,85
47,美濃,2020-11-16,77,3,3.0,nan,44,14,48.0,77
48,橋頭,2020-11-16,103,6,7.0,nan,59,31,61.0,103
50,鳳山,2020-11-16,104,6,8.0,nan,57,42,nan,104
51,大寮,2020-11-16,105,11,6.0,nan,62,33,71.0,105
52,林園,2020-11-16,85,6,5.0,nan,54,23,67.0,85
53,楠梓,2020-11-16,98,6,6.0,nan,59,30,71.0,98
54,左營,2020-11-16,88,7,7.0,nan,54,38,67.0,88
56,前金,2020-11-16,87,4,6.0,nan,54,28,58.0,87
57,前鎮,2020-11-16,87,4,8.0,nan,53,34,nan,87
58,小港,2020-11-16,86,7,7.0,nan,54,37,41.0,86
59,屏東,2020-11-16,100,4,5.0,nan,59,23,84.0,100
60,潮州,2020-11-16,76,6,3.0,nan,42,12,71.0,76
61,恆春,2020-11-16,38,1,1.0,nan,11,1,38.0,19
62,臺東,2020-11-16,32,3,3.0,nan,18,8,32.0,23
63,花蓮,2020-11-16,31,3,2.0,nan,18,14,31.0,30
64,陽明,2020-11-16,31,3,1.0,nan,13,2,31.0,12
65,宜蘭,2020-11-16,27,3,3.0,nan,8,16,27.0,12
66,冬山,2020-11-16,25,6,3.0,nan,16,25,19.0,19
67,三重,2020-11-16,29,4,14.0,nan,24,28,nan,29
68,中壢,2020-11-16,29,4,10.0,nan,21,25,nan,29
69,竹山,2020-11-16,100,6,5.0,nan,54,17,58.0,100
70,永和,2020-11-16,22,3,6.0,nan,16,18,nan,22
71,復興,2020-11-16,87,6,8.0,nan,53,38,nan,87
72,埔里,2020-11-16,74,7,5.0,nan,36,16,74.0,72
75,馬祖,2020-11-16,62,7,3.0,nan,28,9,46.0,62
77,金門,2020-11-16,63,11,2.0,nan,44,17,51.0,63
78,馬公,2020-11-16,53,4,2.0,nan,37,5,42.0,53
80,關山,2020-11-16,30,1,nan,nan,15,5,30.0,17
83,麥寮,2020-11-16,46,7,2.0,nan,44,12,nan,46
84,富貴角,2020-11-16,43,1,1.0,nan,43,12,38.0,39
53,楠梓,2020-11-17,74,6,6.0,nan,51,30,47.0,74
52,林園,2020-11-17,82,7,5.0,nan,54,29,74.0,82
70,永和,2020-11-17,24,4,6.0,nan,16,20,nan,24
51,大寮,2020-11-17,92,10,5.0,nan,58,25,64.0,92
84,富貴角,2020-11-17,39,3,1.0,nan,24,6,39.0,29
38,崙背,2020-11-17,103,4,5.0,nan,64,20,54.0,103
50,鳳山,2020-11-17,85,6,6.0,nan,52,29,nan,85
80,關山,2020-11-17,26,1,nan,nan,14,6,26.0,13
39,新港,2020-11-17,92,3,5.0,nan,68,17,45.0,92
12,中山,2020-11-17,30,4,7.0,nan,17,29,25.0,30
49,仁武,2020-11-17,83,6,6.0,nan,52,31,47.0,83
27,三義,2020-11-17,73,6,5.0,nan,38,14,48.0,73
69,竹山,2020-11-17,97,4,3.0,nan,50,12,80.0,97
40,朴子,2020-11-17,78,6,5.0,nan,54,19,42.0,78
48,橋頭,2020-11-17,76,4,6.0,nan,49,30,45.0,76
47,美濃,2020-11-17,64,3,3.0,nan,33,10,48.0,64
13,萬華,2020-11-17,26,4,5.0,nan,17,25,26.0,25
26,苗栗,2020-11-17,86,7,7.0,nan,51,28,47.0,86
41,臺西,2020-11-17,75,6,3.0,nan,45,14,nan,75
6,板橋,2020-11-17,25,4,6.0,nan,16,25,25.0,15
22,湖口,2020-11-17,90,4,5.0,nan,26,25,90.0,46
46,臺南,2020-11-17,60,7,7.0,nan,42,25,44.0,60
42,嘉義,2020-11-17,72,3,5.0,nan,48,25,45.0,72
1,基隆,2020-11-17,31,3,2.0,nan,19,11,31.0,20
24,新竹,2020-11-17,112,9,6.0,nan,34,24,112.0,58
25,頭份,2020-11-17,93,9,7.0,nan,51,42,nan,93
43,新營,2020-11-17,68,4,3.0,nan,49,20,46.0,68
5,土城,2020-11-17,31,3,5.0,nan,13,19,31.0,25
44,善化,2020-11-17,59,4,5.0,nan,38,23,47.0,59
7,新莊,2020-11-17,30,3,5.0,nan,16,19,30.0,24
45,安南,2020-11-17,65,3,6.0,nan,52,23,45.0,65
32,西屯,2020-11-17,102,17,7.0,nan,60,45,71.0,102
14,古亭,2020-11-17,30,4,5.0,nan,13,20,30.0,24
78,馬公,2020-11-17,48,3,2.0,nan,37,7,47.0,48
68,中壢,2020-11-17,46,6,19.0,nan,24,46,nan,38
15,松山,2020-11-17,27,4,5.0,nan,18,25,25.0,27
67,三重,2020-11-17,32,4,15.0,nan,22,29,nan,32
10,淡水,2020-11-17,32,3,1.0,nan,13,4,32.0,24
77,金門,2020-11-17,48,9,2.0,nan,35,11,41.0,48
36,南投,2020-11-17,99,6,7.0,nan,54,41,93.0,99
16,大同,2020-11-17,43,4,8.0,nan,29,27,nan,43
66,冬山,2020-11-17,22,6,5.0,nan,18,22,18.0,21
65,宜蘭,2020-11-17,27,3,3.0,nan,14,13,27.0,15
4,新店,2020-11-17,31,3,3.0,nan,11,17,31.0,21
64,陽明,2020-11-17,30,4,1.0,nan,9,4,30.0,13
63,花蓮,2020-11-17,31,3,3.0,nan,16,10,31.0,23
75,馬祖,2020-11-17,42,4,1.0,nan,24,8,42.0,34
17,桃園,2020-11-17,24,14,5.0,nan,16,21,24.0,22
8,菜寮,2020-11-17,29,3,3.0,nan,17,15,29.0,22
62,臺東,2020-11-17,30,1,3.0,nan,13,8,30.0,19
31,忠明,2020-11-17,97,14,7.0,nan,54,42,61.0,97
18,大園,2020-11-17,39,7,3.0,nan,18,22,39.0,29
72,埔里,2020-11-17,101,6,6.0,nan,47,27,101.0,90
9,林口,2020-11-17,31,3,2.0,nan,17,14,31.0,22
61,恆春,2020-11-17,34,1,1.0,nan,12,1,34.0,21
19,觀音,2020-11-17,48,7,5.0,nan,23,21,48.0,31
30,大里,2020-11-17,104,14,8.0,nan,59,46,84.0,104
35,二林,2020-11-17,112,7,3.0,nan,74,31,46.0,112
34,線西,2020-11-17,99,13,7.0,nan,64,24,nan,99
20,平鎮,2020-11-17,43,4,6.0,nan,17,26,43.0,27
60,潮州,2020-11-17,100,6,3.0,nan,46,15,100.0,80
59,屏東,2020-11-17,80,4,5.0,nan,52,16,51.0,80
11,士林,2020-11-17,33,4,2.0,nan,16,7,33.0,22
3,萬里,2020-11-17,35,10,2.0,nan,25,15,35.0,28
58,小港,2020-11-17,76,7,6.0,nan,49,34,45.0,76
83,麥寮,2020-11-17,100,6,6.0,nan,57,23,nan,100
57,前鎮,2020-11-17,73,6,7.0,nan,47,33,nan,73
56,前金,2020-11-17,78,3,6.0,nan,51,27,50.0,78
21,龍潭,2020-11-17,47,7,5.0,nan,20,22,47.0,34
23,竹東,2020-11-17,93,6,6.0,nan,35,29,93.0,68
33,彰化,2020-11-17,109,21,8.0,nan,59,32,77.0,109
71,復興,2020-11-17,82,6,8.0,nan,48,33,nan,82
29,沙鹿,2020-11-17,99,4,6.0,nan,60,38,61.0,99
2,汐止,2020-11-17,28,3,3.0,nan,18,25,28.0,24
54,左營,2020-11-17,73,4,7.0,nan,50,31,48.0,73
28,豐原,2020-11-17,90,4,5.0,nan,49,18,90.0,87
37,斗六,2020-11-17,103,6,6.0,nan,57,24,61.0,103
10,淡水,2020-11-18,100,6,6.0,nan,30,25,100.0,66
14,古亭,2020-11-18,35,6,5.0,nan,12,21,35.0,23
12,中山,2020-11-18,62,7,12.0,nan,24,62,46.0,54
40,朴子,2020-11-18,115,6,5.0,nan,66,17,50.0,115
11,士林,2020-11-18,84,6,6.0,nan,24,33,84.0,46
15,松山,2020-11-18,28,7,6.0,nan,11,25,28.0,25
41,臺西,2020-11-18,103,6,5.0,nan,55,17,nan,103
16,大同,2020-11-18,67,6,19.0,nan,33,53,nan,67
17,桃園,2020-11-18,86,27,11.0,nan,45,60,50.0,86
18,大園,2020-11-18,82,20,7.0,nan,44,47,39.0,82
19,觀音,2020-11-18,90,19,6.0,nan,50,30,36.0,90
13,萬華,2020-11-18,64,7,9.0,nan,25,43,64.0,53
20,平鎮,2020-11-18,90,7,9.0,nan,49,43,87.0,90
21,龍潭,2020-11-18,126,7,8.0,nan,49,42,126.0,95
42,嘉義,2020-11-18,82,9,6.0,nan,49,31,51.0,82
22,湖口,2020-11-18,84,7,5.0,nan,44,30,61.0,84
9,林口,2020-11-18,136,6,6.0,nan,31,49,136.0,67
23,竹東,2020-11-18,71,4,5.0,nan,37,34,71.0,71
8,菜寮,2020-11-18,100,4,9.0,nan,29,44,100.0,54
24,新竹,2020-11-18,81,9,9.0,nan,42,37,43.0,81
25,頭份,2020-11-18,91,20,5.0,nan,50,32,nan,91
26,苗栗,2020-11-18,82,7,6.0,nan,44,27,37.0,82
43,新營,2020-11-18,81,6,5.0,nan,56,22,64.0,81
29,沙鹿,2020-11-18,99,6,7.0,nan,57,41,46.0,99
44,善化,2020-11-18,71,4,3.0,nan,44,25,54.0,71
45,安南,2020-11-18,80,6,5.0,nan,53,25,51.0,80
46,臺南,2020-11-18,70,6,6.0,nan,45,30,49.0,70
47,美濃,2020-11-18,58,3,2.0,nan,31,10,50.0,58
48,橋頭,2020-11-18,67,6,5.0,nan,41,27,51.0,67
49,仁武,2020-11-18,77,9,5.0,nan,45,28,51.0,77
50,鳳山,2020-11-18,73,6,6.0,nan,43,27,nan,73
51,大寮,2020-11-18,80,7,3.0,nan,44,25,80.0,76
52,林園,2020-11-18,70,9,5.0,nan,48,26,67.0,70
53,楠梓,2020-11-18,70,4,5.0,nan,44,25,54.0,70
30,大里,2020-11-18,107,11,8.0,nan,62,55,42.0,107
31,忠明,2020-11-18,98,6,9.0,nan,54,45,44.0,98
54,左營,2020-11-18,67,4,5.0,nan,43,25,54.0,67
56,前金,2020-11-18,66,4,5.0,nan,37,25,54.0,66
57,前鎮,2020-11-18,65,6,7.0,nan,39,38,nan,65
32,西屯,2020-11-18,104,4,7.0,nan,58,42,58.0,104
58,小港,2020-11-18,65,9,6.0,nan,41,39,43.0,65
59,屏東,2020-11-18,74,7,5.0,nan,42,25,74.0,66
60,潮州,2020-11-18,97,4,3.0,nan,42,11,97.0,72
61,恆春,2020-11-18,33,1,1.0,nan,16,1,33.0,22
62,臺東,2020-11-18,31,1,3.0,nan,20,9,31.0,23
6,板橋,2020-11-18,90,9,9.0,nan,28,46,90.0,54
63,花蓮,2020-11-18,31,7,2.0,nan,24,8,31.0,27
64,陽明,2020-11-18,61,6,2.0,nan,11,8,61.0,24
5,土城,2020-11-18,84,6,9.0,nan,30,37,84.0,67
65,宜蘭,2020-11-18,29,4,3.0,nan,20,13,29.0,22
33,彰化,2020-11-18,108,19,9.0,nan,57,42,48.0,108
27,三義,2020-11-18,61,4,3.0,nan,30,15,39.0,61
66,冬山,2020-11-18,21,3,3.0,nan,20,16,18.0,21
34,線西,2020-11-18,109,14,8.0,nan,62,33,nan,109
67,三重,2020-11-18,66,7,16.0,nan,30,66,nan,59
4,新店,2020-11-18,28,3,5.0,nan,10,16,28.0,19
68,中壢,2020-11-18,90,11,20.0,nan,49,45,nan,90
69,竹山,2020-11-18,74,10,3.0,nan,39,25,67.0,74
70,永和,2020-11-18,51,6,16.0,nan,19,51,nan,33
35,二林,2020-11-18,117,6,3.0,nan,72,36,39.0,117
71,復興,2020-11-18,71,7,9.0,nan,44,38,nan,71
3,萬里,2020-11-18,47,4,3.0,nan,30,20,47.0,39
72,埔里,2020-11-18,87,6,6.0,nan,41,23,87.0,84
75,馬祖,2020-11-18,44,6,5.0,nan,30,29,38.0,44
77,金門,2020-11-18,59,4,2.0,nan,38,26,44.0,59
36,南投,2020-11-18,79,9,7.0,nan,44,32,61.0,79
78,馬公,2020-11-18,48,7,3.0,nan,31,8,44.0,48
80,關山,2020-11-18,25,1,nan,nan,18,5,25.0,16
83,麥寮,2020-11-18,130,9,5.0,nan,69,19,nan,130
84,富貴角,2020-11-18,118,3,3.0,nan,35,8,118.0,63
37,斗六,2020-11-18,113,6,6.0,nan,61,24,51.0,113
2,汐止,2020-11-18,26,4,6.0,nan,15,21,26.0,23
7,新莊,2020-11-18,100,6,12.0,nan,33,73,100.0,67
38,崙背,2020-11-18,135,7,6.0,nan,79,22,51.0,135
28,豐原,2020-11-18,88,4,5.0,nan,47,27,58.0,88
39,新港,2020-11-18,109,6,5.0,nan,71,26,64.0,109
1,基隆,2020-11-18,52,6,8.0,nan,31,44,43.0,52
54,左營,2020-11-19,151,6,7.0,nan,47,30,151.0,84
46,臺南,2020-11-19,90,7,5.0,nan,44,26,90.0,82
47,美濃,2020-11-19,108,4,3.0,nan,38,17,108.0,74
65,宜蘭,2020-11-19,28,17,3.0,nan,18,11,28.0,22
48,橋頭,2020-11-19,154,6,5.0,nan,47,25,154.0,83
12,中山,2020-11-19,44,7,10.0,nan,19,44,30.0,44
49,仁武,2020-11-19,150,9,6.0,nan,51,46,150.0,96
50,鳳山,2020-11-19,81,6,6.0,nan,41,32,nan,81
22,湖口,2020-11-19,81,19,6.0,nan,41,36,45.0,81
51,大寮,2020-11-19,101,17,6.0,nan,55,42,101.0,96
17,桃園,2020-11-19,77,75,11.0,nan,40,46,27.0,77
52,林園,2020-11-19,203,11,5.0,115.0,55,21,203.0,98
11,士林,2020-11-19,60,6,8.0,nan,31,44,40.0,60
53,楠梓,2020-11-19,154,4,6.0,nan,49,28,154.0,87
1,基隆,2020-11-19,80,10,8.0,nan,34,50,80.0,77
28,豐原,2020-11-19,50,6,3.0,nan,28,20,44.0,50
10,淡水,2020-11-19,80,4,7.0,nan,32,37,44.0,80
25,頭份,2020-11-19,68,46,5.0,nan,36,32,nan,68
84,富貴角,2020-11-19,72,3,3.0,nan,37,27,50.0,72
9,林口,2020-11-19,52,6,7.0,nan,27,42,34.0,52
18,大園,2020-11-19,114,17,8.0,nan,56,49,47.0,114
2,汐止,2020-11-19,66,27,8.0,nan,30,66,35.0,60
83,麥寮,2020-11-19,108,9,6.0,nan,63,21,nan,108
66,冬山,2020-11-19,31,4,3.0,nan,23,14,31.0,26
80,關山,2020-11-19,20,1,nan,nan,16,5,20.0,10
56,前金,2020-11-19,143,7,7.0,nan,44,26,143.0,84
57,前鎮,2020-11-19,82,10,8.0,nan,46,40,nan,82
78,馬公,2020-11-19,48,4,2.0,nan,21,18,48.0,43
77,金門,2020-11-19,69,10,2.0,nan,37,30,31.0,69
8,菜寮,2020-11-19,49,6,11.0,nan,24,49,41.0,47
75,馬祖,2020-11-19,71,7,3.0,nan,38,54,32.0,71
19,觀音,2020-11-19,110,11,7.0,nan,56,42,41.0,110
72,埔里,2020-11-19,93,4,5.0,nan,35,19,93.0,68
58,小港,2020-11-19,100,16,6.0,nan,46,57,100.0,84
7,新莊,2020-11-19,59,21,15.0,nan,31,48,42.0,59
59,屏東,2020-11-19,146,4,5.0,nan,49,20,146.0,83
60,潮州,2020-11-19,179,14,6.0,106.0,52,14,179.0,96
23,竹東,2020-11-19,56,6,5.0,nan,30,29,54.0,56
71,復興,2020-11-19,85,9,9.0,nan,48,47,nan,85
24,新竹,2020-11-19,65,62,7.0,nan,33,35,43.0,65
70,永和,2020-11-19,43,7,14.0,nan,20,42,nan,43
61,恆春,2020-11-19,25,1,1.0,nan,6,1,25.0,10
69,竹山,2020-11-19,97,7,3.0,nan,35,24,97.0,70
20,平鎮,2020-11-19,68,9,8.0,nan,31,47,32.0,68
6,板橋,2020-11-19,59,9,9.0,nan,29,40,44.0,59
27,三義,2020-11-19,43,6,3.0,nan,16,11,43.0,29
5,土城,2020-11-19,78,7,9.0,nan,35,42,49.0,78
62,臺東,2020-11-19,23,1,3.0,nan,13,13,23.0,14
21,龍潭,2020-11-19,63,7,7.0,nan,30,37,44.0,63
63,花蓮,2020-11-19,25,4,3.0,nan,20,9,23.0,25
4,新店,2020-11-19,43,13,6.0,nan,16,30,43.0,37
34,線西,2020-11-19,78,13,7.0,nan,47,29,nan,78
16,大同,2020-11-19,49,7,22.0,nan,24,45,nan,49
35,二林,2020-11-19,120,13,7.0,nan,67,38,40.0,120
36,南投,2020-11-19,71,6,6.0,nan,34,23,71.0,68
33,彰化,2020-11-19,65,21,6.0,nan,32,29,37.0,65
37,斗六,2020-11-19,79,10,5.0,nan,43,27,71.0,79
68,中壢,2020-11-19,72,13,15.0,nan,34,50,nan,72
32,西屯,2020-11-19,69,4,9.0,nan,38,39,44.0,69
38,崙背,2020-11-19,108,9,5.0,nan,62,20,45.0,108
39,新港,2020-11-19,129,7,6.0,nan,75,28,64.0,129
40,朴子,2020-11-19,131,7,6.0,nan,69,20,48.0,131
31,忠明,2020-11-19,67,6,9.0,nan,35,40,38.0,67
13,萬華,2020-11-19,44,6,8.0,nan,19,44,32.0,38
15,松山,2020-11-19,58,13,9.0,nan,24,52,39.0,58
41,臺西,2020-11-19,119,10,6.0,nan,59,25,nan,119
30,大里,2020-11-19,67,6,7.0,nan,35,29,44.0,67
3,萬里,2020-11-19,100,11,5.0,nan,33,24,100.0,63
42,嘉義,2020-11-19,79,7,6.0,nan,43,26,54.0,79
26,苗栗,2020-11-19,45,16,5.0,nan,23,25,34.0,45
67,三重,2020-11-19,60,6,18.0,nan,26,60,nan,55
43,新營,2020-11-19,86,7,6.0,nan,58,22,74.0,86
44,善化,2020-11-19,93,7,3.0,nan,42,19,93.0,77
64,陽明,2020-11-19,39,7,2.0,nan,8,5,39.0,23
45,安南,2020-11-19,90,7,6.0,nan,52,25,84.0,90
14,古亭,2020-11-19,37,9,6.0,nan,16,37,37.0,36
29,沙鹿,2020-11-19,71,6,12.0,nan,38,39,44.0,71
41,臺西,2020-11-20,70,11,5,nan,41.0,22,nan,70.0
53,楠梓,2020-11-20,126,4,6,nan,48.0,38,126.0,82.0
52,林園,2020-11-20,126,7,5,nan,49.0,23,126.0,84.0
44,善化,2020-11-20,84,7,3,nan,43.0,17,84.0,75.0
9,林口,2020-11-20,57,14,6,nan,31.0,42,38.0,57.0
46,臺南,2020-11-20,84,7,6,nan,47.0,29,77.0,84.0
33,彰化,2020-11-20,60,11,7,nan,32.0,25,39.0,60.0
60,潮州,2020-11-20,83,4,5,nan,43.0,10,61.0,83.0
38,崙背,2020-11-20,91,9,6,nan,61.0,22,45.0,91.0
32,西屯,2020-11-20,57,4,6,nan,33.0,26,39.0,57.0
75,馬祖,2020-11-20,77,6,7,nan,37.0,41,44.0,77.0
17,桃園,2020-11-20,58,13,9,nan,29.0,36,30.0,58.0
49,仁武,2020-11-20,108,6,5,nan,48.0,28,108.0,88.0
70,永和,2020-11-20,51,6,14,nan,22.0,51,nan,43.0
65,宜蘭,2020-11-20,43,7,6,nan,21.0,11,43.0,32.0
42,嘉義,2020-11-20,81,7,7,nan,46.0,27,50.0,81.0
84,富貴角,2020-11-20,52,4,5,nan,31.0,21,49.0,52.0
2,汐止,2020-11-20,46,4,7,nan,25.0,31,38.0,46.0
20,平鎮,2020-11-20,59,7,8,nan,32.0,36,38.0,59.0
30,大里,2020-11-20,67,7,7,nan,39.0,36,37.0,67.0
23,竹東,2020-11-20,53,6,5,nan,26.0,17,44.0,53.0
34,線西,2020-11-20,67,7,7,nan,40.0,26,nan,67.0
15,松山,2020-11-20,46,7,8,nan,21.0,35,31.0,46.0
3,萬里,2020-11-20,45,9,6,nan,33.0,18,45.0,37.0
25,頭份,2020-11-20,56,7,7,nan,31.0,22,nan,56.0
50,鳳山,2020-11-20,89,6,7,nan,48.0,26,nan,89.0
8,菜寮,2020-11-20,59,9,10,nan,27.0,43,36.0,59.0
64,陽明,2020-11-20,37,4,6,nan,8.0,6,37.0,19.0
68,中壢,2020-11-20,42,4,12,nan,nan,42,nan,nan
71,復興,2020-11-20,85,7,8,nan,46.0,35,nan,85.0
21,龍潭,2020-11-20,58,7,7,nan,31.0,28,41.0,58.0
24,新竹,2020-11-20,48,9,7,nan,30.0,25,46.0,48.0
45,安南,2020-11-20,89,4,5,nan,52.0,23,84.0,89.0
39,新港,2020-11-20,95,7,6,nan,60.0,25,54.0,95.0
61,恆春,2020-11-20,30,1,1,nan,12.0,1,30.0,17.0
14,古亭,2020-11-20,40,6,7,nan,17.0,40,33.0,40.0
72,埔里,2020-11-20,67,3,5,nan,27.0,18,67.0,58.0
18,大園,2020-11-20,67,14,6,nan,35.0,31,42.0,67.0
35,二林,2020-11-20,86,14,6,nan,59.0,44,38.0,86.0
29,沙鹿,2020-11-20,49,6,9,nan,29.0,32,45.0,49.0
66,冬山,2020-11-20,40,16,6,nan,31.0,21,40.0,34.0
58,小港,2020-11-20,79,11,6,nan,44.0,44,50.0,79.0
54,左營,2020-11-20,108,9,7,nan,50.0,32,108.0,83.0
47,美濃,2020-11-20,71,3,3,nan,37.0,15,71.0,70.0
59,屏東,2020-11-20,126,4,5,nan,52.0,20,126.0,85.0
7,新莊,2020-11-20,58,17,9,nan,28.0,42,35.0,58.0
22,湖口,2020-11-20,53,6,6,nan,29.0,33,48.0,53.0
78,馬公,2020-11-20,46,3,5,nan,22.0,14,43.0,46.0
56,前金,2020-11-20,129,6,7,nan,45.0,25,129.0,81.0
63,花蓮,2020-11-20,44,4,5,nan,22.0,9,44.0,31.0
19,觀音,2020-11-20,62,7,7,nan,34.0,25,41.0,62.0
36,南投,2020-11-20,63,4,6,nan,33.0,28,51.0,63.0
62,臺東,2020-11-20,28,3,3,nan,13.0,9,28.0,15.0
13,萬華,2020-11-20,45,9,8,nan,21.0,41,31.0,45.0
40,朴子,2020-11-20,94,7,5,nan,54.0,19,48.0,94.0
51,大寮,2020-11-20,92,14,5,nan,54.0,28,50.0,92.0
27,三義,2020-11-20,50,6,5,nan,23.0,21,44.0,50.0
83,麥寮,2020-11-20,80,10,5,nan,51.0,21,nan,80.0
5,土城,2020-11-20,60,6,7,nan,27.0,29,37.0,60.0
43,新營,2020-11-20,80,9,5,nan,53.0,24,74.0,80.0
28,豐原,2020-11-20,56,4,3,nan,29.0,15,45.0,56.0
12,中山,2020-11-20,49,7,10,nan,20.0,45,28.0,49.0
48,橋頭,2020-11-20,118,6,5,nan,44.0,20,118.0,78.0
31,忠明,2020-11-20,60,6,7,nan,30.0,36,33.0,60.0
57,前鎮,2020-11-20,82,6,7,nan,45.0,29,nan,82.0
11,士林,2020-11-20,52,7,8,nan,23.0,30,36.0,52.0
1,基隆,2020-11-20,41,9,6,nan,24.0,23,40.0,41.0
6,板橋,2020-11-20,49,10,8,nan,26.0,37,31.0,49.0
4,新店,2020-11-20,42,6,7,nan,19.0,27,36.0,42.0
37,斗六,2020-11-20,76,9,5,nan,42.0,22,58.0,76.0
10,淡水,2020-11-20,56,9,6,nan,24.0,30,40.0,56.0
69,竹山,2020-11-20,68,6,5,nan,33.0,22,58.0,68.0
77,金門,2020-11-20,67,13,7,nan,31.0,32,38.0,67.0
26,苗栗,2020-11-20,52,10,8,nan,29.0,25,33.0,52.0
9,林口,2020-11-21,37,1,5,nan,15.0,13,37.0,27
12,中山,2020-11-21,36,4,7,nan,17.0,25,36.0,35
66,冬山,2020-11-21,33,3,5,nan,7.0,20,33.0,15
18,大園,2020-11-21,31,9,6,nan,19.0,27,31.0,30
34,線西,2020-11-21,52,10,6,nan,41.0,16,nan,52
27,三義,2020-11-21,41,4,5,nan,20.0,13,39.0,41
28,豐原,2020-11-21,59,7,5,nan,31.0,23,37.0,59
83,麥寮,2020-11-21,54,7,6,nan,42.0,10,nan,54
56,前金,2020-11-21,80,7,7,nan,46.0,22,77.0,80
33,彰化,2020-11-21,67,9,8,nan,41.0,25,47.0,67
68,中壢,2020-11-21,31,6,17,nan,16.0,27,nan,31
41,臺西,2020-11-21,43,6,6,nan,31.0,9,nan,43
19,觀音,2020-11-21,37,14,5,nan,25.0,18,35.0,37
69,竹山,2020-11-21,83,4,6,nan,44.0,19,77.0,83
54,左營,2020-11-21,108,7,8,nan,52.0,22,108.0,81
4,新店,2020-11-21,32,4,7,nan,7.0,20,32.0,21
70,永和,2020-11-21,30,4,8,nan,19.0,21,nan,30
53,楠梓,2020-11-21,84,6,6,nan,46.0,20,84.0,76
40,朴子,2020-11-21,79,10,7,nan,52.0,14,54.0,79
71,復興,2020-11-21,82,9,8,nan,46.0,33,nan,82
52,林園,2020-11-21,100,7,6,nan,50.0,22,100.0,82
11,士林,2020-11-21,41,7,5,nan,13.0,15,41.0,25
10,淡水,2020-11-21,37,4,5,nan,8.0,17,37.0,22
39,新港,2020-11-21,88,6,8,nan,58.0,17,71.0,88
20,平鎮,2020-11-21,35,4,6,nan,12.0,18,35.0,24
29,沙鹿,2020-11-21,46,3,6,nan,36.0,13,45.0,46
2,汐止,2020-11-21,39,4,6,nan,16.0,25,39.0,25
51,大寮,2020-11-21,75,9,6,nan,46.0,25,45.0,75
21,龍潭,2020-11-21,34,4,6,nan,12.0,14,34.0,23
32,西屯,2020-11-21,64,4,6,nan,38.0,25,41.0,64
50,鳳山,2020-11-21,77,7,7,nan,42.0,26,nan,77
72,埔里,2020-11-21,60,6,6,nan,26.0,25,47.0,60
65,宜蘭,2020-11-21,38,4,5,nan,12.0,8,38.0,21
8,菜寮,2020-11-21,37,4,6,nan,19.0,14,37.0,31
38,崙背,2020-11-21,79,9,9,nan,59.0,16,48.0,79
75,馬祖,2020-11-21,46,3,6,nan,24.0,8,33.0,46
49,仁武,2020-11-21,87,11,6,nan,45.0,27,87.0,82
30,大里,2020-11-21,85,7,9,nan,50.0,39,44.0,85
3,萬里,2020-11-21,52,4,5,nan,52.0,15,45.0,43
22,湖口,2020-11-21,38,3,5,nan,13.0,16,38.0,21
77,金門,2020-11-21,71,4,7,nan,20.0,10,71.0,39
48,橋頭,2020-11-21,108,7,7,nan,50.0,19,108.0,85
31,忠明,2020-11-21,63,4,8,nan,33.0,35,37.0,63
47,美濃,2020-11-21,84,4,5,nan,37.0,11,84.0,72
7,新莊,2020-11-21,38,4,6,nan,18.0,20,38.0,32
37,斗六,2020-11-21,106,11,9,nan,62.0,22,74.0,106
46,臺南,2020-11-21,84,7,8,nan,53.0,19,84.0,81
23,竹東,2020-11-21,31,4,5,nan,9.0,12,31.0,23
45,安南,2020-11-21,90,9,8,nan,55.0,17,90.0,86
44,善化,2020-11-21,97,9,9,nan,53.0,25,97.0,84
78,馬公,2020-11-21,51,3,5,nan,32.0,3,51.0,40
24,新竹,2020-11-21,38,4,6,nan,11.0,20,38.0,15
36,南投,2020-11-21,73,4,7,nan,39.0,37,61.0,73
6,板橋,2020-11-21,31,3,7,nan,19.0,26,31.0,31
35,二林,2020-11-21,69,17,7,nan,52.0,18,38.0,69
43,新營,2020-11-21,87,6,9,nan,56.0,15,87.0,80
25,頭份,2020-11-21,32,9,6,nan,17.0,25,nan,32
14,古亭,2020-11-21,34,4,6,nan,16.0,22,34.0,31
26,苗栗,2020-11-21,42,7,7,nan,28.0,29,33.0,42
13,萬華,2020-11-21,36,6,6,nan,19.0,25,36.0,31
15,松山,2020-11-21,34,6,6,nan,17.0,25,34.0,33
42,嘉義,2020-11-21,102,7,9,nan,61.0,25,58.0,102
1,基隆,2020-11-21,41,3,3,nan,20.0,14,41.0,29
17,桃園,2020-11-21,27,10,6,nan,16.0,18,27.0,27
5,土城,2020-11-21,36,4,7,nan,13.0,20,36.0,31
58,小港,2020-11-21,77,14,6,nan,44.0,43,54.0,77
59,屏東,2020-11-21,78,7,6,nan,49.0,17,58.0,78
84,富貴角,2020-11-21,46,1,3,nan,34.0,4,46.0,39
60,潮州,2020-11-21,83,16,5,nan,48.0,11,67.0,83
61,恆春,2020-11-21,31,1,1,nan,6.0,1,31.0,9
62,臺東,2020-11-21,34,3,5,nan,13.0,10,34.0,19
63,花蓮,2020-11-21,31,3,3,nan,10.0,15,31.0,13
64,陽明,2020-11-21,39,3,5,nan,nan,2,39.0,6
57,前鎮,2020-11-21,76,7,7,nan,44.0,31,nan,76
65,宜蘭,2020-11-22,26,4,3.0,nan,11.0,9,26.0,13.0
1,基隆,2020-11-22,34,6,5.0,nan,16.0,21,34.0,26.0
2,汐止,2020-11-22,37,10,6.0,nan,15.0,15,37.0,23.0
3,萬里,2020-11-22,43,7,3.0,nan,32.0,11,43.0,34.0
4,新店,2020-11-22,35,6,5.0,nan,11.0,14,35.0,26.0
5,土城,2020-11-22,41,4,6.0,nan,16.0,14,41.0,41.0
6,板橋,2020-11-22,32,4,6.0,nan,15.0,19,32.0,26.0
7,新莊,2020-11-22,36,13,7.0,nan,14.0,18,34.0,36.0
8,菜寮,2020-11-22,34,6,6.0,nan,15.0,13,34.0,31.0
9,林口,2020-11-22,37,6,5.0,nan,14.0,19,37.0,31.0
10,淡水,2020-11-22,36,4,3.0,nan,nan,11,36.0,nan
11,士林,2020-11-22,38,4,5.0,nan,15.0,15,38.0,34.0
12,中山,2020-11-22,33,6,7.0,nan,13.0,22,29.0,33.0
13,萬華,2020-11-22,31,6,6.0,nan,14.0,20,31.0,25.0
14,古亭,2020-11-22,34,4,5.0,nan,12.0,14,34.0,23.0
15,松山,2020-11-22,35,7,6.0,nan,14.0,17,35.0,32.0
16,大同,2020-11-22,36,7,14.0,nan,19.0,33,nan,36.0
17,桃園,2020-11-22,38,16,5.0,nan,19.0,19,27.0,38.0
18,大園,2020-11-22,40,9,5.0,nan,20.0,19,40.0,38.0
19,觀音,2020-11-22,37,7,3.0,nan,21.0,12,37.0,36.0
20,平鎮,2020-11-22,42,3,5.0,nan,23.0,19,31.0,42.0
21,龍潭,2020-11-22,49,3,5.0,nan,22.0,15,33.0,49.0
22,湖口,2020-11-22,40,4,6.0,nan,23.0,22,38.0,40.0
23,竹東,2020-11-22,42,6,3.0,nan,19.0,9,33.0,42.0
24,新竹,2020-11-22,36,4,5.0,nan,23.0,21,36.0,33.0
25,頭份,2020-11-22,51,9,5.0,nan,31.0,20,nan,51.0
26,苗栗,2020-11-22,51,4,5.0,nan,30.0,13,24.0,51.0
27,三義,2020-11-22,62,3,5.0,nan,29.0,17,31.0,62.0
28,豐原,2020-11-22,67,4,5.0,nan,35.0,12,36.0,67.0
29,沙鹿,2020-11-22,55,4,6.0,nan,38.0,15,36.0,55.0
30,大里,2020-11-22,84,7,7.0,nan,46.0,22,40.0,84.0
31,忠明,2020-11-22,85,4,7.0,nan,44.0,21,33.0,85.0
32,西屯,2020-11-22,82,4,6.0,nan,49.0,17,37.0,82.0
33,彰化,2020-11-22,87,10,7.0,nan,44.0,20,37.0,87.0
34,線西,2020-11-22,60,6,5.0,nan,38.0,14,nan,60.0
35,二林,2020-11-22,87,9,6.0,nan,59.0,12,31.0,87.0
36,南投,2020-11-22,83,4,5.0,nan,44.0,20,54.0,83.0
37,斗六,2020-11-22,109,6,6.0,nan,60.0,12,51.0,109.0
38,崙背,2020-11-22,100,6,5.0,nan,64.0,15,38.0,100.0
39,新港,2020-11-22,96,7,6.0,nan,60.0,14,43.0,96.0
40,朴子,2020-11-22,88,6,5.0,nan,57.0,13,39.0,88.0
41,臺西,2020-11-22,53,4,3.0,nan,35.0,9,nan,53.0
42,嘉義,2020-11-22,110,6,6.0,nan,62.0,21,44.0,110.0
43,新營,2020-11-22,95,7,5.0,nan,60.0,14,50.0,95.0
44,善化,2020-11-22,87,6,5.0,nan,52.0,12,54.0,87.0
45,安南,2020-11-22,87,4,5.0,nan,55.0,13,54.0,87.0
46,臺南,2020-11-22,86,4,6.0,nan,52.0,12,50.0,86.0
47,美濃,2020-11-22,75,3,3.0,nan,41.0,13,47.0,75.0
48,橋頭,2020-11-22,87,4,6.0,nan,52.0,17,87.0,86.0
49,仁武,2020-11-22,90,7,5.0,nan,51.0,20,90.0,89.0
50,鳳山,2020-11-22,89,7,6.0,nan,49.0,26,nan,89.0
51,大寮,2020-11-22,93,4,5.0,nan,50.0,21,93.0,86.0
52,林園,2020-11-22,112,9,5.0,nan,52.0,15,112.0,87.0
53,楠梓,2020-11-22,87,4,5.0,nan,50.0,19,87.0,82.0
54,左營,2020-11-22,87,6,5.0,nan,48.0,27,87.0,80.0
56,前金,2020-11-22,87,7,5.0,nan,48.0,22,87.0,79.0
57,前鎮,2020-11-22,77,4,7.0,nan,47.0,27,nan,77.0
58,小港,2020-11-22,87,7,7.0,nan,45.0,33,87.0,75.0
59,屏東,2020-11-22,79,4,5.0,nan,50.0,15,77.0,79.0
60,潮州,2020-11-22,82,4,3.0,nan,47.0,8,77.0,82.0
61,恆春,2020-11-22,29,3,1.0,nan,8.0,1,29.0,14.0
62,臺東,2020-11-22,27,3,2.0,nan,13.0,9,27.0,11.0
63,花蓮,2020-11-22,27,3,2.0,nan,15.0,7,27.0,20.0
64,陽明,2020-11-22,33,3,2.0,nan,6.0,7,33.0,18.0
66,冬山,2020-11-22,26,3,3.0,nan,16.0,8,26.0,16.0
67,三重,2020-11-22,38,6,14.0,nan,18.0,28,nan,38.0
68,中壢,2020-11-22,48,3,10.0,nan,22.0,30,nan,48.0
69,竹山,2020-11-22,94,6,5.0,nan,48.0,19,51.0,94.0
70,永和,2020-11-22,29,3,11.0,nan,17.0,24,nan,29.0
71,復興,2020-11-22,82,4,7.0,nan,46.0,27,nan,82.0
72,埔里,2020-11-22,55,3,5.0,nan,24.0,20,48.0,55.0
75,馬祖,2020-11-22,67,9,7.0,nan,32.0,15,35.0,67.0
77,金門,2020-11-22,54,16,5.0,nan,29.0,20,50.0,54.0
78,馬公,2020-11-22,42,3,2.0,nan,31.0,5,39.0,42.0
80,關山,2020-11-22,20,3,nan,nan,10.0,2,20.0,9.0
83,麥寮,2020-11-22,61,4,3.0,nan,43.0,9,nan,61.0
84,富貴角,2020-11-22,42,4,3.0,nan,26.0,18,42.0,41.0
84,富貴角,2020-11-23,44,1,2.0,nan,33,7,44.0,40
6,板橋,2020-11-23,27,4,6.0,nan,16,22,27.0,18
7,新莊,2020-11-23,30,6,5.0,nan,14,14,30.0,23
5,土城,2020-11-23,31,3,5.0,nan,10,12,31.0,29
8,菜寮,2020-11-23,31,4,5.0,nan,14,11,31.0,21
9,林口,2020-11-23,32,3,3.0,nan,15,24,32.0,24
10,淡水,2020-11-23,34,1,3.0,nan,8,6,34.0,19
4,新店,2020-11-23,30,3,5.0,nan,8,15,30.0,18
11,士林,2020-11-23,36,3,3.0,nan,14,7,36.0,20
12,中山,2020-11-23,31,6,6.0,nan,13,23,27.0,31
13,萬華,2020-11-23,29,7,5.0,nan,14,21,29.0,24
3,萬里,2020-11-23,45,4,2.0,nan,45,3,44.0,40
14,古亭,2020-11-23,29,3,5.0,nan,13,16,29.0,23
2,汐止,2020-11-23,31,3,3.0,nan,13,18,31.0,24
15,松山,2020-11-23,29,4,5.0,nan,13,19,29.0,28
16,大同,2020-11-23,37,4,10.0,nan,22,27,nan,37
17,桃園,2020-11-23,27,7,5.0,nan,16,16,24.0,27
1,基隆,2020-11-23,37,3,2.0,nan,19,5,37.0,22
18,大園,2020-11-23,31,6,3.0,nan,21,20,31.0,28
19,觀音,2020-11-23,45,11,3.0,nan,28,10,32.0,45
20,平鎮,2020-11-23,31,4,5.0,nan,13,20,31.0,23
21,龍潭,2020-11-23,32,3,3.0,nan,9,10,32.0,13
22,湖口,2020-11-23,35,3,3.0,nan,17,10,35.0,21
23,竹東,2020-11-23,33,4,3.0,nan,6,8,33.0,9
24,新竹,2020-11-23,34,3,3.0,nan,17,12,34.0,18
25,頭份,2020-11-23,17,3,3.0,nan,15,12,nan,17
26,苗栗,2020-11-23,31,4,5.0,nan,13,15,31.0,14
27,三義,2020-11-23,36,3,3.0,nan,12,12,36.0,19
28,豐原,2020-11-23,45,4,5.0,nan,20,23,45.0,36
29,沙鹿,2020-11-23,40,4,5.0,nan,19,16,40.0,19
30,大里,2020-11-23,54,6,8.0,nan,27,34,54.0,47
31,忠明,2020-11-23,39,4,6.0,nan,20,29,39.0,31
32,西屯,2020-11-23,41,3,3.0,nan,20,23,41.0,28
33,彰化,2020-11-23,42,7,6.0,nan,22,25,42.0,30
34,線西,2020-11-23,36,7,5.0,nan,33,23,nan,36
35,二林,2020-11-23,39,10,5.0,nan,38,21,35.0,39
36,南投,2020-11-23,74,4,6.0,nan,33,28,74.0,57
37,斗六,2020-11-23,68,7,6.0,nan,41,22,48.0,68
38,崙背,2020-11-23,43,4,5.0,nan,36,14,40.0,43
39,新港,2020-11-23,52,4,5.0,nan,39,17,45.0,52
40,朴子,2020-11-23,52,4,5.0,nan,40,12,42.0,52
41,臺西,2020-11-23,33,10,5.0,nan,31,15,nan,33
42,嘉義,2020-11-23,77,6,7.0,nan,51,28,35.0,77
43,新營,2020-11-23,63,6,5.0,nan,46,12,49.0,63
44,善化,2020-11-23,78,4,5.0,nan,52,14,47.0,78
45,安南,2020-11-23,77,4,5.0,nan,53,14,51.0,77
46,臺南,2020-11-23,77,6,6.0,nan,53,17,50.0,77
47,美濃,2020-11-23,78,4,5.0,nan,41,11,48.0,78
48,橋頭,2020-11-23,96,6,6.0,nan,55,18,58.0,96
49,仁武,2020-11-23,106,4,7.0,nan,56,20,51.0,106
50,鳳山,2020-11-23,99,6,7.0,nan,52,34,nan,99
51,大寮,2020-11-23,92,13,6.0,nan,55,22,42.0,92
52,林園,2020-11-23,95,9,6.0,nan,57,22,74.0,95
53,楠梓,2020-11-23,92,4,6.0,nan,54,18,50.0,92
54,左營,2020-11-23,99,6,7.0,nan,54,20,71.0,99
56,前金,2020-11-23,93,6,6.0,nan,55,23,58.0,93
57,前鎮,2020-11-23,93,4,7.0,nan,54,24,nan,93
58,小港,2020-11-23,87,7,7.0,nan,53,29,45.0,87
59,屏東,2020-11-23,85,4,5.0,nan,54,17,50.0,85
60,潮州,2020-11-23,85,7,3.0,nan,46,11,61.0,85
61,恆春,2020-11-23,38,1,1.0,nan,7,2,38.0,12
62,臺東,2020-11-23,33,3,5.0,nan,10,11,33.0,13
63,花蓮,2020-11-23,33,3,3.0,nan,13,13,33.0,16
64,陽明,2020-11-23,37,1,2.0,nan,2,2,37.0,5
65,宜蘭,2020-11-23,33,3,3.0,nan,8,10,33.0,16
66,冬山,2020-11-23,31,3,3.0,nan,6,13,31.0,10
67,三重,2020-11-23,31,1,12.0,nan,18,31,nan,28
68,中壢,2020-11-23,32,4,10.0,nan,18,24,nan,32
69,竹山,2020-11-23,73,3,5.0,nan,40,19,58.0,73
70,永和,2020-11-23,24,3,7.0,nan,15,16,nan,24
71,復興,2020-11-23,97,6,9.0,nan,55,25,nan,97
72,埔里,2020-11-23,80,4,5.0,nan,29,15,80.0,56
75,馬祖,2020-11-23,36,1,3.0,nan,19,7,31.0,36
77,金門,2020-11-23,37,3,5.0,nan,30,11,34.0,37
78,馬公,2020-11-23,40,3,2.0,nan,29,3,40.0,36
80,關山,2020-11-23,31,1,nan,nan,10,5,31.0,8
83,麥寮,2020-11-23,39,9,5.0,nan,34,14,nan,39
50,鳳山,2020-11-24,77,9,7.0,nan,47.0,27,nan,77
1,基隆,2020-11-24,36,3,3.0,nan,19.0,18,36.0,27
2,汐止,2020-11-24,31,6,3.0,nan,22.0,25,28.0,31
3,萬里,2020-11-24,44,3,2.0,nan,43.0,5,44.0,38
4,新店,2020-11-24,33,3,3.0,nan,15.0,13,33.0,25
5,土城,2020-11-24,37,3,5.0,nan,18.0,13,34.0,37
6,板橋,2020-11-24,31,3,6.0,nan,22.0,25,28.0,31
7,新莊,2020-11-24,34,6,5.0,nan,19.0,18,34.0,32
8,菜寮,2020-11-24,36,7,5.0,nan,20.0,12,36.0,28
9,林口,2020-11-24,34,6,3.0,nan,20.0,16,34.0,33
10,淡水,2020-11-24,37,3,2.0,nan,12.0,11,37.0,24
11,士林,2020-11-24,37,4,2.0,nan,20.0,8,37.0,29
12,中山,2020-11-24,35,7,6.0,nan,19.0,23,28.0,35
13,萬華,2020-11-24,31,6,5.0,nan,19.0,23,31.0,30
14,古亭,2020-11-24,32,3,3.0,nan,19.0,22,31.0,32
15,松山,2020-11-24,38,6,5.0,nan,20.0,22,28.0,38
16,大同,2020-11-24,39,6,8.0,nan,23.0,25,nan,39
17,桃園,2020-11-24,32,9,5.0,nan,22.0,15,27.0,32
18,大園,2020-11-24,37,7,2.0,nan,24.0,24,37.0,34
19,觀音,2020-11-24,40,9,2.0,nan,29.0,19,34.0,40
20,平鎮,2020-11-24,34,4,5.0,nan,19.0,17,34.0,31
21,龍潭,2020-11-24,34,6,3.0,nan,17.0,9,34.0,24
22,湖口,2020-11-24,37,3,3.0,nan,19.0,10,37.0,28
23,竹東,2020-11-24,34,4,2.0,nan,13.0,10,34.0,20
24,新竹,2020-11-24,37,20,3.0,nan,19.0,14,37.0,20
25,頭份,2020-11-24,30,3,3.0,nan,19.0,13,nan,30
26,苗栗,2020-11-24,32,4,5.0,nan,17.0,17,32.0,28
84,富貴角,2020-11-24,45,1,2.0,nan,31.0,2,45.0,39
83,麥寮,2020-11-24,45,11,5.0,nan,35.0,13,nan,45
80,關山,2020-11-24,31,1,nan,nan,5.0,7,31.0,5
78,馬公,2020-11-24,44,3,2.0,nan,31.0,2,43.0,44
77,金門,2020-11-24,46,6,3.0,nan,27.0,8,46.0,41
75,馬祖,2020-11-24,48,3,3.0,nan,23.0,8,28.0,48
72,埔里,2020-11-24,100,4,5.0,nan,31.0,18,100.0,62
71,復興,2020-11-24,73,7,9.0,nan,51.0,30,nan,73
70,永和,2020-11-24,36,3,6.0,nan,nan,18,nan,36
69,竹山,2020-11-24,101,4,6.0,nan,48.0,25,101.0,78
68,中壢,2020-11-24,39,4,9.0,nan,23.0,25,nan,39
67,三重,2020-11-24,37,7,14.0,nan,22.0,33,nan,37
66,冬山,2020-11-24,27,3,5.0,nan,11.0,16,27.0,17
65,宜蘭,2020-11-24,32,3,5.0,nan,13.0,16,32.0,24
27,三義,2020-11-24,39,4,3.0,nan,15.0,15,39.0,26
28,豐原,2020-11-24,49,4,5.0,nan,29.0,25,49.0,47
64,陽明,2020-11-24,38,3,2.0,nan,4.0,1,38.0,9
29,沙鹿,2020-11-24,38,4,5.0,nan,22.0,16,38.0,30
63,花蓮,2020-11-24,28,1,3.0,nan,14.0,15,28.0,26
30,大里,2020-11-24,48,7,7.0,nan,32.0,36,46.0,48
62,臺東,2020-11-24,31,3,5.0,nan,6.0,9,31.0,11
61,恆春,2020-11-24,39,1,2.0,nan,10.0,1,39.0,18
60,潮州,2020-11-24,90,6,5.0,nan,48.0,10,90.0,73
59,屏東,2020-11-24,75,4,6.0,nan,54.0,17,71.0,75
58,小港,2020-11-24,66,9,7.0,nan,47.0,34,50.0,66
37,斗六,2020-11-24,71,7,5.0,nan,44.0,23,71.0,68
38,崙背,2020-11-24,53,9,6.0,nan,44.0,16,46.0,53
39,新港,2020-11-24,55,6,6.0,nan,44.0,17,51.0,55
40,朴子,2020-11-24,53,11,6.0,nan,44.0,17,44.0,53
57,前鎮,2020-11-24,69,7,7.0,nan,48.0,33,nan,69
41,臺西,2020-11-24,37,10,3.0,nan,32.0,12,nan,37
42,嘉義,2020-11-24,69,17,6.0,nan,50.0,25,51.0,69
56,前金,2020-11-24,84,7,6.0,nan,47.0,21,84.0,68
43,新營,2020-11-24,71,7,6.0,nan,44.0,18,71.0,56
36,南投,2020-11-24,74,6,7.0,nan,39.0,26,74.0,64
44,善化,2020-11-24,80,7,6.0,nan,39.0,17,80.0,57
54,左營,2020-11-24,84,6,7.0,nan,48.0,23,84.0,67
45,安南,2020-11-24,59,9,5.0,nan,44.0,15,44.0,59
35,二林,2020-11-24,44,14,3.0,nan,44.0,16,38.0,40
46,臺南,2020-11-24,54,9,6.0,nan,40.0,17,54.0,53
53,楠梓,2020-11-24,71,4,6.0,nan,47.0,22,71.0,70
34,線西,2020-11-24,42,7,5.0,nan,34.0,19,nan,42
52,林園,2020-11-24,97,9,6.0,nan,52.0,24,97.0,70
47,美濃,2020-11-24,74,6,3.0,nan,44.0,14,61.0,74
31,忠明,2020-11-24,40,4,6.0,nan,26.0,29,40.0,39
48,橋頭,2020-11-24,74,6,6.0,nan,50.0,21,74.0,69
51,大寮,2020-11-24,76,14,7.0,nan,52.0,36,48.0,76
32,西屯,2020-11-24,44,4,5.0,nan,28.0,26,44.0,39
49,仁武,2020-11-24,78,9,6.0,nan,49.0,23,74.0,78
33,彰化,2020-11-24,43,7,6.0,nan,28.0,26,43.0,43
67,三重,2020-11-25,33,6,16.0,nan,19.0,30,nan,33
8,菜寮,2020-11-25,32,4,5.0,nan,17.0,12,32.0,23
66,冬山,2020-11-25,25,4,3.0,nan,16.0,18,25.0,25
65,宜蘭,2020-11-25,34,3,6.0,nan,18.0,17,34.0,20
14,古亭,2020-11-25,30,3,5.0,nan,13.0,16,30.0,22
22,湖口,2020-11-25,39,3,3.0,nan,18.0,13,39.0,23
42,嘉義,2020-11-25,74,14,7.0,nan,54.0,25,61.0,74
70,永和,2020-11-25,26,4,6.0,nan,nan,18,nan,26
64,陽明,2020-11-25,34,3,2.0,nan,6.0,4,34.0,11
2,汐止,2020-11-25,30,6,3.0,nan,17.0,26,30.0,21
56,前金,2020-11-25,73,6,6.0,nan,49.0,25,71.0,73
80,關山,2020-11-25,34,1,nan,nan,12.0,6,34.0,15
57,前鎮,2020-11-25,70,9,7.0,nan,49.0,29,nan,70
63,花蓮,2020-11-25,35,1,5.0,nan,19.0,13,35.0,25
23,竹東,2020-11-25,39,4,3.0,nan,14.0,10,39.0,24
24,新竹,2020-11-25,41,4,5.0,nan,16.0,23,41.0,18
62,臺東,2020-11-25,37,3,3.0,nan,18.0,8,37.0,21
61,恆春,2020-11-25,42,1,1.0,nan,17.0,1,42.0,27
25,頭份,2020-11-25,37,4,5.0,nan,26.0,25,nan,37
60,潮州,2020-11-25,80,4,5.0,nan,37.0,12,80.0,64
18,大園,2020-11-25,35,9,2.0,nan,20.0,24,35.0,30
59,屏東,2020-11-25,71,3,5.0,nan,48.0,16,71.0,68
58,小港,2020-11-25,71,11,7.0,nan,46.0,37,47.0,71
15,松山,2020-11-25,31,4,5.0,nan,16.0,25,28.0,31
26,苗栗,2020-11-25,43,11,6.0,nan,30.0,26,26.0,43
43,新營,2020-11-25,84,9,6.0,nan,49.0,21,84.0,62
38,崙背,2020-11-25,71,7,5.0,nan,52.0,18,49.0,71
4,新店,2020-11-25,34,3,3.0,nan,13.0,15,34.0,22
44,善化,2020-11-25,87,10,5.0,nan,44.0,18,87.0,61
11,士林,2020-11-25,37,4,2.0,nan,19.0,9,37.0,27
45,安南,2020-11-25,62,9,6.0,nan,47.0,21,49.0,62
77,金門,2020-11-25,48,10,3.0,nan,31.0,14,45.0,48
10,淡水,2020-11-25,33,4,2.0,nan,11.0,10,33.0,27
12,中山,2020-11-25,34,4,7.0,nan,15.0,26,28.0,34
27,三義,2020-11-25,48,4,5.0,nan,27.0,23,48.0,46
75,馬祖,2020-11-25,37,3,2.0,nan,14.0,8,37.0,29
19,觀音,2020-11-25,34,13,2.0,nan,26.0,14,33.0,34
16,大同,2020-11-25,50,4,10.0,nan,29.0,32,nan,50
28,豐原,2020-11-25,61,4,5.0,nan,36.0,20,54.0,61
5,土城,2020-11-25,34,3,6.0,nan,15.0,16,34.0,32
40,朴子,2020-11-25,57,7,5.0,nan,44.0,16,50.0,57
17,桃園,2020-11-25,28,16,6.0,nan,18.0,17,27.0,28
20,平鎮,2020-11-25,34,7,6.0,nan,17.0,17,34.0,25
29,沙鹿,2020-11-25,43,6,6.0,nan,31.0,28,43.0,37
9,林口,2020-11-25,33,6,3.0,nan,16.0,13,33.0,28
46,臺南,2020-11-25,64,10,6.0,nan,40.0,24,64.0,54
52,林園,2020-11-25,77,31,6.0,nan,54.0,25,77.0,76
13,萬華,2020-11-25,29,4,6.0,nan,17.0,25,29.0,24
53,楠梓,2020-11-25,71,7,5.0,nan,47.0,22,64.0,71
30,大里,2020-11-25,71,6,8.0,nan,46.0,35,50.0,71
47,美濃,2020-11-25,93,3,3.0,nan,40.0,10,93.0,65
48,橋頭,2020-11-25,70,9,5.0,nan,48.0,23,64.0,70
83,麥寮,2020-11-25,46,13,7.0,nan,37.0,24,nan,46
41,臺西,2020-11-25,47,10,6.0,nan,34.0,23,nan,47
6,板橋,2020-11-25,28,4,6.0,nan,18.0,26,28.0,20
31,忠明,2020-11-25,60,6,7.0,nan,37.0,34,44.0,60
32,西屯,2020-11-25,62,3,6.0,nan,42.0,39,49.0,62
21,龍潭,2020-11-25,34,9,3.0,nan,17.0,16,34.0,24
69,竹山,2020-11-25,93,7,5.0,nan,48.0,14,93.0,84
33,彰化,2020-11-25,57,11,8.0,nan,38.0,31,42.0,57
1,基隆,2020-11-25,34,3,3.0,nan,17.0,21,34.0,20
71,復興,2020-11-25,71,7,9.0,nan,50.0,28,nan,71
7,新莊,2020-11-25,32,3,6.0,nan,19.0,18,32.0,29
34,線西,2020-11-25,50,13,5.0,nan,37.0,27,nan,50
35,二林,2020-11-25,54,10,5.0,nan,46.0,21,41.0,54
78,馬公,2020-11-25,41,3,2.0,nan,30.0,5,41.0,35
49,仁武,2020-11-25,76,9,6.0,nan,45.0,31,58.0,76
36,南投,2020-11-25,97,4,7.0,nan,49.0,21,97.0,77
3,萬里,2020-11-25,40,6,2.0,nan,30.0,10,40.0,28
50,鳳山,2020-11-25,76,11,7.0,nan,48.0,31,nan,76
68,中壢,2020-11-25,33,7,11.0,nan,19.0,30,nan,33
37,斗六,2020-11-25,87,9,6.0,nan,57.0,25,87.0,78
72,埔里,2020-11-25,115,4,5.0,nan,34.0,19,115.0,67
51,大寮,2020-11-25,74,7,5.0,nan,49.0,21,64.0,74
84,富貴角,2020-11-25,43,1,2.0,nan,24.0,4,43.0,28
54,左營,2020-11-25,70,9,6.0,nan,48.0,25,58.0,70
39,新港,2020-11-25,71,9,7.0,nan,51.0,21,71.0,69
10,淡水,2020-11-26,36,3,2.0,nan,14.0,8,36.0,29
9,林口,2020-11-26,34,4,3.0,nan,19.0,15,34.0,34
8,菜寮,2020-11-26,35,3,5.0,nan,19.0,22,35.0,28
7,新莊,2020-11-26,35,3,5.0,nan,18.0,19,35.0,32
6,板橋,2020-11-26,29,4,5.0,nan,18.0,22,29.0,24
5,土城,2020-11-26,36,3,5.0,nan,17.0,22,36.0,36
4,新店,2020-11-26,37,3,5.0,nan,15.0,21,37.0,24
3,萬里,2020-11-26,42,4,2.0,nan,23.0,12,42.0,31
2,汐止,2020-11-26,33,4,3.0,nan,19.0,27,33.0,29
1,基隆,2020-11-26,37,3,6.0,nan,19.0,20,37.0,26
69,竹山,2020-11-26,101,7,5.0,nan,49.0,16,101.0,91
68,中壢,2020-11-26,38,6,16.0,nan,22.0,38,nan,36
67,三重,2020-11-26,36,4,16.0,nan,21.0,33,nan,36
66,冬山,2020-11-26,31,19,3.0,nan,29.0,12,31.0,31
65,宜蘭,2020-11-26,40,4,5.0,nan,22.0,16,40.0,29
64,陽明,2020-11-26,34,3,2.0,nan,10.0,2,34.0,20
63,花蓮,2020-11-26,38,3,1.0,nan,21.0,14,38.0,33
62,臺東,2020-11-26,37,4,3.0,nan,21.0,8,37.0,30
61,恆春,2020-11-26,43,1,1.0,nan,18.0,1,43.0,28
60,潮州,2020-11-26,115,4,5.0,nan,42.0,12,115.0,74
59,屏東,2020-11-26,84,6,6.0,nan,53.0,23,84.0,76
58,小港,2020-11-26,74,7,6.0,nan,47.0,32,74.0,72
57,前鎮,2020-11-26,73,4,7.0,nan,50.0,28,nan,73
56,前金,2020-11-26,90,4,5.0,nan,50.0,19,90.0,76
54,左營,2020-11-26,93,4,5.0,nan,48.0,21,93.0,71
53,楠梓,2020-11-26,97,4,5.0,nan,52.0,22,97.0,76
52,林園,2020-11-26,122,9,5.0,nan,49.0,15,122.0,73
51,大寮,2020-11-26,93,13,5.0,nan,54.0,34,93.0,86
50,鳳山,2020-11-26,81,4,7.0,nan,50.0,25,nan,81
49,仁武,2020-11-26,87,6,5.0,nan,49.0,31,87.0,80
48,橋頭,2020-11-26,93,6,6.0,nan,52.0,22,93.0,73
47,美濃,2020-11-26,69,3,3.0,nan,40.0,18,67.0,69
46,臺南,2020-11-26,74,6,6.0,nan,43.0,25,74.0,61
45,安南,2020-11-26,74,4,6.0,nan,52.0,25,74.0,68
44,善化,2020-11-26,90,13,5.0,nan,44.0,18,90.0,67
43,新營,2020-11-26,80,7,5.0,nan,51.0,12,80.0,65
42,嘉義,2020-11-26,84,17,6.0,nan,55.0,25,74.0,84
41,臺西,2020-11-26,49,6,3.0,nan,36.0,15,nan,49
40,朴子,2020-11-26,62,4,5.0,nan,52.0,14,50.0,62
84,富貴角,2020-11-26,44,1,2.0,nan,29.0,5,44.0,32
39,新港,2020-11-26,87,4,5.0,nan,54.0,22,87.0,71
38,崙背,2020-11-26,74,6,5.0,nan,57.0,13,51.0,74
37,斗六,2020-11-26,100,9,6.0,nan,57.0,20,100.0,93
83,麥寮,2020-11-26,57,4,3.0,nan,44.0,14,nan,57
36,南投,2020-11-26,126,6,7.0,nan,47.0,30,126.0,81
35,二林,2020-11-26,69,10,5.0,nan,59.0,25,44.0,69
34,線西,2020-11-26,67,7,7.0,nan,51.0,24,nan,67
80,關山,2020-11-26,31,3,nan,nan,14.0,6,31.0,21
33,彰化,2020-11-26,81,14,7.0,nan,46.0,23,64.0,81
32,西屯,2020-11-26,77,6,7.0,nan,54.0,28,71.0,77
78,馬公,2020-11-26,49,3,2.0,nan,31.0,5,49.0,43
31,忠明,2020-11-26,77,4,7.0,nan,48.0,31,58.0,77
30,大里,2020-11-26,90,7,8.0,nan,52.0,37,90.0,85
29,沙鹿,2020-11-26,62,6,6.0,nan,48.0,26,58.0,62
28,豐原,2020-11-26,69,6,5.0,nan,43.0,19,49.0,69
27,三義,2020-11-26,58,4,3.0,nan,33.0,20,58.0,57
26,苗栗,2020-11-26,62,7,6.0,nan,39.0,25,40.0,62
25,頭份,2020-11-26,49,4,5.0,nan,35.0,21,nan,49
24,新竹,2020-11-26,37,4,5.0,nan,20.0,23,37.0,26
77,金門,2020-11-26,41,6,3.0,nan,30.0,13,40.0,41
23,竹東,2020-11-26,39,4,3.0,nan,18.0,11,39.0,25
22,湖口,2020-11-26,39,23,5.0,nan,21.0,27,39.0,30
21,龍潭,2020-11-26,34,7,5.0,nan,17.0,25,34.0,26
20,平鎮,2020-11-26,34,4,6.0,nan,18.0,25,34.0,31
19,觀音,2020-11-26,41,13,5.0,nan,27.0,25,36.0,41
18,大園,2020-11-26,35,7,3.0,nan,20.0,26,35.0,31
17,桃園,2020-11-26,32,19,5.0,nan,19.0,18,28.0,32
16,大同,2020-11-26,49,3,9.0,nan,31.0,28,nan,49
75,馬祖,2020-11-26,52,7,3.0,nan,24.0,14,44.0,52
15,松山,2020-11-26,37,4,5.0,nan,19.0,26,29.0,37
72,埔里,2020-11-26,129,4,7.0,nan,40.0,21,129.0,86
71,復興,2020-11-26,77,4,8.0,nan,51.0,27,nan,77
14,古亭,2020-11-26,34,4,3.0,nan,16.0,20,34.0,28
13,萬華,2020-11-26,29,3,5.0,nan,19.0,26,29.0,28
12,中山,2020-11-26,35,3,7.0,nan,17.0,35,28.0,33
11,士林,2020-11-26,35,4,2.0,nan,19.0,11,35.0,31
70,永和,2020-11-26,32,3,7.0,nan,nan,25,nan,32
36,南投,2020-11-27,73,3,7.0,nan,40,23,64.0,73
37,斗六,2020-11-27,89,7,6.0,nan,54,17,64.0,89
38,崙背,2020-11-27,72,7,6.0,nan,58,18,41.0,72
39,新港,2020-11-27,74,6,6.0,nan,64,20,49.0,74
40,朴子,2020-11-27,75,6,6.0,nan,59,17,45.0,75
41,臺西,2020-11-27,61,7,5.0,nan,48,21,nan,61
42,嘉義,2020-11-27,91,6,7.0,nan,58,23,48.0,91
43,新營,2020-11-27,85,6,6.0,nan,62,17,67.0,85
44,善化,2020-11-27,86,4,6.0,nan,53,25,84.0,86
45,安南,2020-11-27,92,7,6.0,nan,62,20,87.0,92
46,臺南,2020-11-27,84,6,7.0,nan,57,24,84.0,84
47,美濃,2020-11-27,90,4,5.0,nan,50,12,90.0,81
48,橋頭,2020-11-27,108,4,7.0,nan,60,22,108.0,94
49,仁武,2020-11-27,100,7,6.0,nan,59,28,97.0,100
50,鳳山,2020-11-27,97,4,7.0,nan,57,25,nan,97
51,大寮,2020-11-27,108,6,6.0,nan,57,22,108.0,94
52,林園,2020-11-27,146,11,6.0,nan,62,33,146.0,92
53,楠梓,2020-11-27,115,3,6.0,nan,59,29,115.0,95
54,左營,2020-11-27,118,13,7.0,nan,59,32,118.0,94
56,前金,2020-11-27,112,10,7.0,nan,61,26,112.0,94
57,前鎮,2020-11-27,94,16,7.0,nan,59,32,nan,94
58,小港,2020-11-27,90,14,7.0,nan,57,25,77.0,90
59,屏東,2020-11-27,104,7,6.0,nan,57,20,104.0,87
60,潮州,2020-11-27,143,7,6.0,nan,57,14,143.0,96
61,恆春,2020-11-27,46,1,1.0,nan,13,1,46.0,19
62,臺東,2020-11-27,39,1,3.0,nan,17,8,39.0,21
63,花蓮,2020-11-27,45,1,6.0,nan,19,8,45.0,23
64,陽明,2020-11-27,41,3,5.0,nan,4,6,41.0,12
65,宜蘭,2020-11-27,35,4,5.0,nan,16,11,35.0,26
66,冬山,2020-11-27,33,3,5.0,nan,19,15,33.0,26
67,三重,2020-11-27,39,4,17.0,nan,22,39,nan,38
68,中壢,2020-11-27,43,4,8.0,nan,24,31,nan,43
69,竹山,2020-11-27,93,4,6.0,nan,44,19,93.0,87
70,永和,2020-11-27,39,3,8.0,nan,23,18,nan,39
71,復興,2020-11-27,99,24,9.0,nan,62,33,nan,99
72,埔里,2020-11-27,104,3,7.0,nan,35,21,104.0,69
75,馬祖,2020-11-27,39,3,6.0,nan,24,15,38.0,39
77,金門,2020-11-27,47,1,6.0,nan,33,11,30.0,47
78,馬公,2020-11-27,46,3,5.0,nan,29,5,45.0,46
19,觀音,2020-11-27,51,9,5.0,nan,29,9,39.0,51
80,關山,2020-11-27,39,3,nan,nan,8,6,39.0,11
83,麥寮,2020-11-27,61,9,6.0,nan,51,21,nan,61
84,富貴角,2020-11-27,47,1,5.0,nan,33,5,47.0,42
18,大園,2020-11-27,39,7,5.0,nan,24,22,37.0,39
17,桃園,2020-11-27,32,9,7.0,nan,19,22,26.0,32
16,大同,2020-11-27,52,3,10.0,nan,33,28,nan,52
15,松山,2020-11-27,40,3,6.0,nan,19,20,34.0,40
14,古亭,2020-11-27,32,3,6.0,nan,20,18,32.0,31
13,萬華,2020-11-27,30,4,7.0,nan,19,27,27.0,30
12,中山,2020-11-27,38,3,8.0,nan,18,38,29.0,35
11,士林,2020-11-27,42,3,5.0,nan,17,8,42.0,26
1,基隆,2020-11-27,42,3,5.0,nan,23,7,42.0,33
10,淡水,2020-11-27,41,1,5.0,nan,18,6,41.0,34
9,林口,2020-11-27,37,3,5.0,nan,19,17,37.0,34
8,菜寮,2020-11-27,36,3,6.0,nan,17,15,36.0,31
7,新莊,2020-11-27,36,4,6.0,nan,19,17,36.0,36
6,板橋,2020-11-27,29,4,7.0,nan,22,26,27.0,29
5,土城,2020-11-27,44,3,6.0,nan,21,17,33.0,44
2,汐止,2020-11-27,39,4,6.0,nan,21,18,39.0,30
4,新店,2020-11-27,34,4,6.0,nan,17,19,34.0,33
20,平鎮,2020-11-27,39,4,7.0,nan,22,20,31.0,39
21,龍潭,2020-11-27,37,4,6.0,nan,19,12,37.0,30
22,湖口,2020-11-27,42,3,5.0,nan,23,10,42.0,34
23,竹東,2020-11-27,41,3,5.0,nan,17,9,41.0,27
24,新竹,2020-11-27,40,9,6.0,nan,27,13,40.0,29
25,頭份,2020-11-27,41,4,6.0,nan,30,13,nan,41
26,苗栗,2020-11-27,43,7,6.0,nan,28,17,28.0,43
27,三義,2020-11-27,37,3,5.0,nan,22,17,33.0,37
28,豐原,2020-11-27,52,3,5.0,nan,30,14,38.0,52
29,沙鹿,2020-11-27,41,7,5.0,nan,33,26,37.0,41
30,大里,2020-11-27,66,6,7.0,nan,40,22,37.0,66
3,萬里,2020-11-27,53,3,5.0,nan,45,8,49.0,53
31,忠明,2020-11-27,56,4,6.0,nan,33,32,34.0,56
32,西屯,2020-11-27,54,4,6.0,nan,36,27,37.0,54
33,彰化,2020-11-27,67,9,7.0,nan,39,25,35.0,67
34,線西,2020-11-27,54,6,6.0,nan,44,22,nan,54
35,二林,2020-11-27,64,6,6.0,nan,64,32,33.0,59
30,大里,2020-11-28,37,1,6.0,nan,19.0,22,37.0,34.0
15,松山,2020-11-28,32,4,5.0,nan,10.0,14,32.0,26.0
66,冬山,2020-11-28,31,4,3.0,nan,12.0,12,31.0,19.0
48,橋頭,2020-11-28,74,6,6.0,nan,49.0,21,74.0,69.0
47,美濃,2020-11-28,80,4,6.0,nan,48.0,15,80.0,75.0
46,臺南,2020-11-28,54,6,6.0,nan,39.0,16,48.0,54.0
67,三重,2020-11-28,28,6,15.0,nan,18.0,26,nan,28.0
45,安南,2020-11-28,55,4,5.0,nan,41.0,12,54.0,55.0
44,善化,2020-11-28,58,7,5.0,nan,35.0,15,58.0,54.0
43,新營,2020-11-28,54,6,5.0,nan,36.0,12,54.0,50.0
42,嘉義,2020-11-28,62,6,6.0,nan,42.0,21,46.0,62.0
41,臺西,2020-11-28,40,7,5.0,nan,40.0,12,nan,35.0
1,基隆,2020-11-28,38,3,2.0,nan,18.0,4,38.0,21.0
11,士林,2020-11-28,36,1,3.0,nan,6.0,13,36.0,16.0
40,朴子,2020-11-28,46,7,5.0,nan,39.0,14,44.0,46.0
68,中壢,2020-11-28,32,4,9.0,nan,15.0,25,nan,32.0
17,桃園,2020-11-28,25,6,6.0,nan,13.0,18,25.0,20.0
5,土城,2020-11-28,31,3,5.0,nan,11.0,17,31.0,28.0
39,新港,2020-11-28,48,6,5.0,nan,37.0,13,46.0,48.0
6,板橋,2020-11-28,27,3,6.0,nan,13.0,20,27.0,25.0
69,竹山,2020-11-28,66,4,5.0,nan,34.0,17,58.0,66.0
38,崙背,2020-11-28,45,7,5.0,nan,36.0,13,39.0,45.0
14,古亭,2020-11-28,31,3,3.0,nan,nan,12,31.0,nan
37,斗六,2020-11-28,56,6,5.0,nan,37.0,14,50.0,56.0
36,南投,2020-11-28,49,4,6.0,nan,24.0,22,49.0,45.0
70,永和,2020-11-28,22,4,7.0,nan,14.0,16,nan,22.0
35,二林,2020-11-28,49,6,5.0,nan,49.0,13,33.0,35.0
34,線西,2020-11-28,33,1,5.0,nan,31.0,9,nan,33.0
33,彰化,2020-11-28,35,6,5.0,nan,21.0,17,35.0,34.0
32,西屯,2020-11-28,37,3,3.0,nan,19.0,11,37.0,28.0
7,新莊,2020-11-28,32,3,5.0,nan,10.0,17,32.0,22.0
31,忠明,2020-11-28,34,4,5.0,nan,16.0,15,34.0,31.0
71,復興,2020-11-28,83,4,9.0,nan,53.0,24,nan,83.0
72,埔里,2020-11-28,74,3,6.0,nan,29.0,19,74.0,60.0
29,沙鹿,2020-11-28,30,9,3.0,nan,nan,8,30.0,nan
12,中山,2020-11-28,31,3,6.0,nan,9.0,25,31.0,27.0
8,菜寮,2020-11-28,31,3,5.0,nan,11.0,12,31.0,16.0
13,萬華,2020-11-28,30,4,5.0,nan,11.0,18,30.0,21.0
28,豐原,2020-11-28,38,10,3.0,nan,20.0,11,38.0,31.0
27,三義,2020-11-28,31,3,3.0,nan,12.0,8,31.0,21.0
16,大同,2020-11-28,34,4,7.0,nan,22.0,25,nan,34.0
26,苗栗,2020-11-28,29,4,5.0,nan,14.0,10,29.0,19.0
25,頭份,2020-11-28,23,3,3.0,nan,16.0,11,nan,23.0
75,馬祖,2020-11-28,43,1,5.0,nan,21.0,9,33.0,43.0
24,新竹,2020-11-28,33,6,3.0,nan,17.0,11,33.0,21.0
23,竹東,2020-11-28,36,3,3.0,nan,9.0,5,36.0,13.0
9,林口,2020-11-28,32,3,3.0,nan,10.0,10,32.0,22.0
77,金門,2020-11-28,45,1,6.0,nan,28.0,13,19.0,45.0
78,馬公,2020-11-28,40,3,3.0,nan,28.0,3,40.0,37.0
21,龍潭,2020-11-28,34,3,5.0,nan,10.0,10,34.0,18.0
80,關山,2020-11-28,38,1,nan,nan,6.0,3,38.0,11.0
83,麥寮,2020-11-28,37,7,5.0,nan,37.0,15,nan,34.0
2,汐止,2020-11-28,32,4,5.0,nan,13.0,14,32.0,24.0
84,富貴角,2020-11-28,43,0,2.0,nan,34.0,2,43.0,37.0
19,觀音,2020-11-28,50,10,3.0,nan,23.0,5,35.0,50.0
22,湖口,2020-11-28,35,3,3.0,nan,16.0,7,35.0,19.0
63,花蓮,2020-11-28,39,3,3.0,nan,16.0,19,39.0,21.0
3,萬里,2020-11-28,62,3,2.0,nan,58.0,3,44.0,62.0
62,臺東,2020-11-28,38,3,5.0,nan,11.0,10,38.0,21.0
64,陽明,2020-11-28,37,3,3.0,nan,3.0,2,37.0,6.0
61,恆春,2020-11-28,46,1,2.0,nan,12.0,2,46.0,18.0
10,淡水,2020-11-28,36,3,3.0,nan,7.0,3,36.0,21.0
60,潮州,2020-11-28,129,9,7.0,nan,57.0,16,129.0,92.0
59,屏東,2020-11-28,90,9,8.0,nan,57.0,26,14.0,90.0
4,新店,2020-11-28,32,3,5.0,nan,10.0,19,32.0,22.0
58,小港,2020-11-28,78,9,8.0,nan,54.0,31,67.0,78.0
20,平鎮,2020-11-28,30,4,5.0,nan,14.0,15,30.0,29.0
57,前鎮,2020-11-28,79,4,7.0,nan,52.0,22,nan,79.0
56,前金,2020-11-28,87,7,6.0,nan,50.0,23,87.0,77.0
54,左營,2020-11-28,77,6,7.0,nan,49.0,22,77.0,71.0
53,楠梓,2020-11-28,74,6,5.0,nan,48.0,18,74.0,70.0
52,林園,2020-11-28,122,19,8.0,nan,62.0,32,122.0,89.0
51,大寮,2020-11-28,97,9,7.0,nan,56.0,27,97.0,85.0
18,大園,2020-11-28,31,7,3.0,nan,18.0,21,31.0,25.0
50,鳳山,2020-11-28,80,7,7.0,nan,52.0,26,nan,80.0
49,仁武,2020-11-28,77,6,6.0,nan,49.0,22,77.0,76.0
65,宜蘭,2020-11-28,34,3,3.0,nan,12.0,8,34.0,21.0
41,臺西,2020-11-29,30,7,3.0,nan,29,13,nan,30
49,仁武,2020-11-29,81,6,6.0,nan,44,16,64.0,81
21,龍潭,2020-11-29,36,4,2.0,nan,6,8,36.0,14
23,竹東,2020-11-29,37,3,2.0,nan,5,3,37.0,10
63,花蓮,2020-11-29,39,3,2.0,nan,10,8,39.0,12
31,忠明,2020-11-29,38,3,3.0,nan,11,13,38.0,23
22,湖口,2020-11-29,37,3,2.0,nan,10,8,37.0,15
32,西屯,2020-11-29,41,3,2.0,nan,12,7,41.0,21
33,彰化,2020-11-29,40,4,5.0,nan,15,13,40.0,30
83,麥寮,2020-11-29,32,7,3.0,nan,25,13,nan,32
80,關山,2020-11-29,38,1,nan,nan,5,3,38.0,9
53,楠梓,2020-11-29,72,6,5.0,nan,45,14,54.0,72
16,大同,2020-11-29,37,4,8.0,nan,19,26,nan,37
45,安南,2020-11-29,53,4,5.0,nan,36,13,47.0,53
14,古亭,2020-11-29,33,3,3.0,nan,6,10,33.0,18
66,冬山,2020-11-29,32,4,3.0,nan,6,11,32.0,11
54,左營,2020-11-29,71,7,6.0,nan,47,23,51.0,71
71,復興,2020-11-29,85,6,8.0,nan,52,22,nan,85
52,林園,2020-11-29,129,24,7.0,nan,57,26,129.0,88
62,臺東,2020-11-29,39,1,3.0,nan,8,7,39.0,13
26,苗栗,2020-11-29,34,4,3.0,nan,6,8,34.0,9
19,觀音,2020-11-29,35,7,2.0,nan,18,9,35.0,32
48,橋頭,2020-11-29,70,6,6.0,nan,45,21,58.0,70
34,線西,2020-11-29,29,6,5.0,nan,25,9,nan,29
18,大園,2020-11-29,34,6,2.0,nan,12,18,34.0,24
70,永和,2020-11-29,22,4,5.0,nan,11,9,nan,22
65,宜蘭,2020-11-29,36,3,3.0,nan,6,6,36.0,16
27,三義,2020-11-29,35,3,3.0,nan,7,8,35.0,15
4,新店,2020-11-29,34,3,3.0,nan,6,13,34.0,16
28,豐原,2020-11-29,39,3,2.0,nan,12,8,39.0,25
42,嘉義,2020-11-29,58,6,5.0,nan,36,16,46.0,58
67,三重,2020-11-29,24,3,11.0,nan,11,24,nan,22
13,萬華,2020-11-29,35,4,3.0,nan,8,17,35.0,18
35,二林,2020-11-29,38,9,3.0,nan,38,11,33.0,31
61,恆春,2020-11-29,43,3,2.0,nan,6,1,43.0,11
51,大寮,2020-11-29,112,30,5.0,nan,51,16,112.0,85
72,埔里,2020-11-29,67,3,5.0,nan,28,17,67.0,63
24,新竹,2020-11-29,37,4,2.0,nan,10,8,37.0,16
29,沙鹿,2020-11-29,38,3,3.0,nan,13,5,38.0,12
6,板橋,2020-11-29,32,4,5.0,nan,9,18,32.0,21
30,大里,2020-11-29,39,4,5.0,nan,12,22,39.0,27
84,富貴角,2020-11-29,43,0,1.0,nan,27,2,43.0,26
47,美濃,2020-11-29,72,3,5.0,nan,43,8,51.0,72
12,中山,2020-11-29,34,4,5.0,nan,6,21,34.0,22
68,中壢,2020-11-29,27,4,7.0,nan,10,23,nan,27
17,桃園,2020-11-29,29,7,5.0,nan,10,11,29.0,19
44,善化,2020-11-29,56,9,5.0,nan,33,15,49.0,56
20,平鎮,2020-11-29,36,6,3.0,nan,9,9,36.0,23
60,潮州,2020-11-29,93,6,5.0,nan,48,11,93.0,80
11,士林,2020-11-29,38,4,2.0,nan,6,6,38.0,12
36,南投,2020-11-29,50,4,5.0,nan,19,18,50.0,37
1,基隆,2020-11-29,39,3,2.0,nan,11,4,39.0,17
3,萬里,2020-11-29,44,4,2.0,nan,42,3,44.0,30
50,鳳山,2020-11-29,88,7,7.0,nan,51,24,nan,88
7,新莊,2020-11-29,36,1,3.0,nan,9,12,36.0,24
5,土城,2020-11-29,36,3,3.0,nan,8,10,36.0,23
64,陽明,2020-11-29,37,3,2.0,nan,3,1,37.0,6
15,松山,2020-11-29,35,6,3.0,nan,6,15,35.0,23
8,菜寮,2020-11-29,35,3,3.0,nan,8,9,35.0,18
25,頭份,2020-11-29,13,1,2.0,nan,9,7,nan,13
40,朴子,2020-11-29,42,10,3.0,nan,31,13,42.0,38
46,臺南,2020-11-29,47,7,5.0,nan,32,13,44.0,47
37,斗六,2020-11-29,60,4,5.0,nan,39,11,50.0,60
59,屏東,2020-11-29,89,7,6.0,nan,54,16,58.0,89
2,汐止,2020-11-29,35,4,2.0,nan,9,12,35.0,19
78,馬公,2020-11-29,39,4,2.0,nan,23,2,39.0,27
38,崙背,2020-11-29,41,7,3.0,nan,30,12,41.0,37
10,淡水,2020-11-29,37,4,2.0,nan,5,5,37.0,14
58,小港,2020-11-29,90,9,7.0,nan,52,20,90.0,79
75,馬祖,2020-11-29,51,1,3.0,nan,23,8,32.0,51
69,竹山,2020-11-29,64,4,5.0,nan,31,17,54.0,64
57,前鎮,2020-11-29,80,4,6.0,nan,50,20,nan,80
9,林口,2020-11-29,34,3,3.0,nan,8,12,34.0,22
56,前金,2020-11-29,80,7,6.0,nan,47,23,71.0,80
39,新港,2020-11-29,48,6,3.0,nan,32,11,45.0,48
43,新營,2020-11-29,47,7,3.0,nan,31,10,47.0,43
77,金門,2020-11-29,53,1,5.0,nan,34,12,26.0,53
2,汐止,2020-11-30,32,4,3.0,nan,13,18,32.0,25
3,萬里,2020-11-30,47,4,2.0,nan,47,4,44.0,47
4,新店,2020-11-30,34,3,5.0,nan,9,20,34.0,19
5,土城,2020-11-30,33,3,5.0,nan,9,17,33.0,29
6,板橋,2020-11-30,31,4,5.0,nan,12,25,31.0,21
7,新莊,2020-11-30,34,1,5.0,nan,11,18,34.0,22
8,菜寮,2020-11-30,34,3,5.0,nan,11,15,34.0,19
9,林口,2020-11-30,33,3,3.0,nan,12,21,33.0,24
10,淡水,2020-11-30,35,3,3.0,nan,8,10,35.0,16
11,士林,2020-11-30,37,3,3.0,nan,7,8,37.0,16
12,中山,2020-11-30,40,4,7.0,nan,10,40,31.0,26
13,萬華,2020-11-30,32,4,5.0,nan,12,25,32.0,24
14,古亭,2020-11-30,33,3,5.0,nan,10,19,33.0,22
15,松山,2020-11-30,32,6,5.0,nan,10,23,32.0,30
16,大同,2020-11-30,44,6,10.0,nan,25,31,nan,44
17,桃園,2020-11-30,28,4,6.0,nan,14,19,28.0,25
18,大園,2020-11-30,34,6,3.0,nan,17,16,34.0,26
19,觀音,2020-11-30,44,9,3.0,nan,21,13,33.0,44
20,平鎮,2020-11-30,34,4,5.0,nan,12,15,34.0,28
21,龍潭,2020-11-30,35,4,3.0,nan,8,11,35.0,17
22,湖口,2020-11-30,37,3,3.0,nan,14,12,37.0,19
23,竹東,2020-11-30,37,1,2.0,nan,9,6,37.0,8
24,新竹,2020-11-30,37,4,3.0,nan,14,8,37.0,14
25,頭份,2020-11-30,17,3,3.0,nan,15,8,nan,17
26,苗栗,2020-11-30,32,3,3.0,nan,7,8,32.0,11
27,三義,2020-11-30,33,3,2.0,nan,7,8,33.0,10
28,豐原,2020-11-30,34,4,3.0,nan,17,16,34.0,29
29,沙鹿,2020-11-30,36,1,3.0,nan,9,9,36.0,7
30,大里,2020-11-30,40,3,7.0,nan,21,29,30.0,40
31,忠明,2020-11-30,31,4,5.0,nan,14,19,31.0,26
32,西屯,2020-11-30,37,3,2.0,nan,13,10,37.0,16
33,彰化,2020-11-30,33,6,5.0,nan,13,21,33.0,26
34,線西,2020-11-30,26,6,6.0,nan,26,12,nan,25
35,二林,2020-11-30,32,7,5.0,nan,32,16,30.0,27
36,南投,2020-11-30,43,6,6.0,nan,23,25,36.0,43
37,斗六,2020-11-30,60,7,6.0,nan,35,20,33.0,60
38,崙背,2020-11-30,41,7,5.0,nan,31,18,34.0,41
39,新港,2020-11-30,43,6,5.0,nan,34,17,35.0,43
40,朴子,2020-11-30,37,6,3.0,nan,30,13,32.0,37
41,臺西,2020-11-30,34,4,3.0,nan,32,12,nan,34
42,嘉義,2020-11-30,63,7,7.0,nan,39,27,31.0,63
43,新營,2020-11-30,55,7,5.0,nan,34,20,36.0,55
44,善化,2020-11-30,60,10,5.0,nan,35,20,36.0,60
45,安南,2020-11-30,57,7,5.0,nan,41,22,33.0,57
46,臺南,2020-11-30,55,7,6.0,nan,36,23,32.0,55
47,美濃,2020-11-30,70,4,5.0,nan,41,17,43.0,70
48,橋頭,2020-11-30,80,7,7.0,nan,51,35,37.0,80
49,仁武,2020-11-30,87,17,7.0,nan,51,34,38.0,87
50,鳳山,2020-11-30,86,13,9.0,nan,52,45,nan,86
51,大寮,2020-11-30,86,11,7.0,nan,53,54,39.0,86
52,林園,2020-11-30,87,21,6.0,nan,54,28,87.0,85
53,楠梓,2020-11-30,82,7,6.0,nan,52,29,38.0,82
54,左營,2020-11-30,77,9,7.0,nan,51,36,40.0,77
56,前金,2020-11-30,80,9,6.0,nan,50,38,45.0,80
57,前鎮,2020-11-30,83,14,8.0,nan,52,42,nan,83
58,小港,2020-11-30,79,17,8.0,nan,50,46,31.0,79
59,屏東,2020-11-30,90,9,7.0,nan,59,31,44.0,90
60,潮州,2020-11-30,89,10,5.0,nan,52,25,50.0,89
61,恆春,2020-11-30,43,1,1.0,nan,7,1,43.0,11
62,臺東,2020-11-30,37,1,3.0,nan,8,8,37.0,11
63,花蓮,2020-11-30,38,1,3.0,nan,15,19,38.0,13
64,陽明,2020-11-30,38,1,2.0,nan,3,1,38.0,7
65,宜蘭,2020-11-30,35,3,3.0,nan,6,11,35.0,14
66,冬山,2020-11-30,31,1,3.0,nan,6,8,31.0,11
67,三重,2020-11-30,33,4,15.0,nan,17,33,nan,28
68,中壢,2020-11-30,35,3,10.0,nan,16,27,nan,35
69,竹山,2020-11-30,66,4,5.0,nan,34,21,37.0,66
70,永和,2020-11-30,27,4,6.0,nan,13,18,nan,27
71,復興,2020-11-30,85,16,9.0,nan,51,46,nan,85
72,埔里,2020-11-30,64,6,6.0,nan,30,17,43.0,64
75,馬祖,2020-11-30,64,3,3.0,nan,32,7,40.0,64
77,金門,2020-11-30,35,3,3.0,nan,29,8,27.0,35
78,馬公,2020-11-30,41,3,3.0,nan,26,2,41.0,35
80,關山,2020-11-30,36,3,nan,nan,6,3,36.0,6
83,麥寮,2020-11-30,37,7,3.0,nan,31,14,nan,37
84,富貴角,2020-11-30,43,0,2.0,nan,35,2,43.0,38
1,基隆,2020-11-30,38,1,2.0,nan,16,6,38.0,21
