siteid,sitename,monitordate,aqi,so2subindex,cosubindex,o3subindex,pm10subindex,no2subindex,o38subindex,pm25subindex
38,崙背,2020-08-01,58,7,2.0,nan,32,12,58.0,49
84,富貴角,2020-08-01,21,1,1.0,nan,10,4,21.0,10
83,麥寮,2020-08-01,51,7,nan,nan,29,10,nan,51
80,關山,2020-08-01,15,1,nan,nan,11,3,15.0,12
78,馬公,2020-08-01,36,4,1.0,nan,23,3,36.0,27
77,金門,2020-08-01,50,6,2.0,nan,31,11,50.0,41
75,馬祖,2020-08-01,19,6,1.0,nan,19,5,17.0,14
72,埔里,2020-08-01,48,4,2.0,nan,19,11,48.0,34
71,復興,2020-08-01,54,9,7.0,nan,26,22,nan,54
70,永和,2020-08-01,10,3,5.0,nan,5,10,nan,3
69,竹山,2020-08-01,50,6,2.0,nan,21,17,50.0,36
68,中壢,2020-08-01,48,9,11.0,nan,29,33,nan,48
47,美濃,2020-08-01,47,3,3.0,nan,24,5,44.0,47
67,三重,2020-08-01,19,3,10.0,nan,12,19,nan,17
39,新港,2020-08-01,46,3,3.0,nan,24,13,46.0,42
66,冬山,2020-08-01,17,4,2.0,nan,14,7,16.0,17
20,平鎮,2020-08-01,80,7,3.0,nan,25,13,80.0,51
65,宜蘭,2020-08-01,18,3,1.0,nan,16,5,18.0,13
18,大園,2020-08-01,74,10,2.0,nan,20,15,74.0,39
64,陽明,2020-08-01,15,3,1.0,nan,5,2,15.0,7
23,竹東,2020-08-01,146,4,3.0,nan,37,7,146.0,71
63,花蓮,2020-08-01,19,9,2.0,nan,16,8,19.0,12
25,頭份,2020-08-01,73,7,nan,nan,35,15,nan,73
62,臺東,2020-08-01,18,3,2.0,nan,12,8,18.0,9
16,大同,2020-08-01,19,4,16.0,nan,13,19,nan,14
45,安南,2020-08-01,45,3,3.0,nan,24,21,45.0,41
61,恆春,2020-08-01,19,1,1.0,nan,5,1,19.0,10
42,嘉義,2020-08-01,41,3,3.0,nan,21,12,41.0,31
60,潮州,2020-08-01,74,4,2.0,nan,31,7,74.0,56
21,龍潭,2020-08-01,115,7,3.0,nan,29,11,115.0,62
26,苗栗,2020-08-01,77,7,3.0,nan,30,11,77.0,59
43,新營,2020-08-01,40,4,3.0,nan,20,9,40.0,37
59,屏東,2020-08-01,80,4,5.0,nan,31,18,80.0,55
44,善化,2020-08-01,42,6,2.0,nan,19,17,42.0,35
37,斗六,2020-08-01,67,3,2.0,nan,24,14,67.0,35
58,小港,2020-08-01,52,7,6.0,nan,31,31,35.0,52
27,三義,2020-08-01,49,6,2.0,nan,22,11,49.0,42
57,前鎮,2020-08-01,44,6,nan,nan,26,20,nan,44
15,松山,2020-08-01,16,3,1.0,nan,5,9,16.0,12
28,豐原,2020-08-01,84,7,6.0,nan,25,16,84.0,41
56,前金,2020-08-01,41,7,5.0,nan,31,17,41.0,39
40,朴子,2020-08-01,40,4,2.0,nan,24,10,40.0,37
29,沙鹿,2020-08-01,47,11,3.0,nan,26,16,47.0,43
46,臺南,2020-08-01,47,4,5.0,nan,22,21,47.0,37
41,臺西,2020-08-01,44,4,nan,nan,24,9,nan,44
30,大里,2020-08-01,58,6,3.0,nan,24,13,58.0,42
17,桃園,2020-08-01,36,31,3.0,nan,19,11,33.0,36
54,左營,2020-08-01,45,7,5.0,nan,29,20,42.0,45
24,新竹,2020-08-01,143,6,5.0,nan,38,17,143.0,85
53,楠梓,2020-08-01,45,3,3.0,nan,28,24,44.0,45
31,忠明,2020-08-01,77,6,3.0,nan,20,15,77.0,43
32,西屯,2020-08-01,74,9,2.0,nan,24,16,74.0,44
14,古亭,2020-08-01,18,3,2.0,nan,5,8,18.0,7
52,林園,2020-08-01,42,17,2.0,nan,34,20,38.0,42
1,基隆,2020-08-01,17,1,2.0,nan,9,8,17.0,3
51,大寮,2020-08-01,57,24,3.0,nan,28,18,42.0,57
2,汐止,2020-08-01,16,3,2.0,nan,5,11,16.0,10
33,彰化,2020-08-01,46,9,3.0,nan,20,9,46.0,43
3,萬里,2020-08-01,13,4,1.0,nan,5,7,13.0,9
13,萬華,2020-08-01,16,6,3.0,nan,5,13,16.0,3
50,鳳山,2020-08-01,56,6,5.0,nan,29,17,nan,56
4,新店,2020-08-01,18,4,2.0,nan,5,6,18.0,12
34,線西,2020-08-01,45,9,nan,nan,31,11,nan,45
35,二林,2020-08-01,57,6,2.0,nan,34,16,43.0,57
5,土城,2020-08-01,21,4,3.0,nan,15,16,19.0,21
19,觀音,2020-08-01,77,10,3.0,nan,29,13,77.0,61
6,板橋,2020-08-01,17,4,3.0,nan,12,16,17.0,17
49,仁武,2020-08-01,56,13,5.0,nan,29,19,43.0,56
7,新莊,2020-08-01,19,3,3.0,nan,15,14,19.0,15
8,菜寮,2020-08-01,17,3,3.0,nan,11,12,17.0,13
48,橋頭,2020-08-01,45,3,3.0,nan,28,21,42.0,45
9,林口,2020-08-01,29,4,2.0,nan,15,11,29.0,26
36,南投,2020-08-01,51,3,3.0,nan,23,12,51.0,34
12,中山,2020-08-01,15,3,3.0,nan,9,11,15.0,6
10,淡水,2020-08-01,18,1,1.0,nan,5,7,18.0,11
22,湖口,2020-08-01,132,6,5.0,nan,36,17,132.0,87
11,士林,2020-08-01,19,3,1.0,nan,11,8,19.0,10
28,豐原,2020-08-02,37,3,2.0,nan,19,8,37.0,27
18,大園,2020-08-02,32,6,2.0,nan,17,9,32.0,24
27,三義,2020-08-02,31,4,2.0,nan,17,11,31.0,26
2,汐止,2020-08-02,21,6,3.0,nan,10,10,21.0,18
26,苗栗,2020-08-02,30,6,3.0,nan,19,12,28.0,30
56,前金,2020-08-02,46,4,5.0,nan,19,20,46.0,30
7,新莊,2020-08-02,30,13,3.0,nan,16,10,30.0,26
19,觀音,2020-08-02,31,9,1.0,nan,17,10,31.0,26
57,前鎮,2020-08-02,28,7,nan,nan,16,21,nan,28
25,頭份,2020-08-02,28,3,nan,nan,18,14,nan,28
20,平鎮,2020-08-02,32,6,3.0,nan,17,10,32.0,26
24,新竹,2020-08-02,33,3,2.0,nan,17,12,33.0,31
41,臺西,2020-08-02,23,14,nan,nan,14,17,nan,23
21,龍潭,2020-08-02,40,7,3.0,nan,17,8,40.0,32
23,竹東,2020-08-02,37,4,2.0,nan,21,4,37.0,32
22,湖口,2020-08-02,32,4,2.0,nan,14,10,32.0,31
58,小港,2020-08-02,36,7,2.0,nan,12,15,36.0,24
8,菜寮,2020-08-02,26,6,3.0,nan,13,10,26.0,23
40,朴子,2020-08-02,38,6,2.0,nan,16,8,38.0,25
46,臺南,2020-08-02,33,4,3.0,nan,16,15,33.0,25
59,屏東,2020-08-02,41,9,3.0,nan,18,12,41.0,29
9,林口,2020-08-02,28,4,2.0,nan,14,9,28.0,24
60,潮州,2020-08-02,29,6,2.0,nan,21,7,29.0,26
61,恆春,2020-08-02,24,1,1.0,nan,11,1,24.0,11
10,淡水,2020-08-02,22,4,2.0,nan,9,9,22.0,20
62,臺東,2020-08-02,19,1,2.0,nan,13,7,19.0,12
47,美濃,2020-08-02,41,4,2.0,nan,17,4,41.0,31
63,花蓮,2020-08-02,19,4,1.0,nan,15,5,19.0,16
64,陽明,2020-08-02,19,3,1.0,nan,5,5,19.0,15
65,宜蘭,2020-08-02,18,3,1.0,nan,11,7,18.0,12
66,冬山,2020-08-02,18,4,2.0,nan,12,4,18.0,17
1,基隆,2020-08-02,17,3,1.0,nan,12,6,17.0,14
67,三重,2020-08-02,26,7,11.0,nan,15,22,nan,26
68,中壢,2020-08-02,31,4,9.0,nan,22,27,nan,31
69,竹山,2020-08-02,40,9,2.0,nan,18,13,40.0,25
70,永和,2020-08-02,12,6,5.0,nan,5,11,nan,12
71,復興,2020-08-02,33,9,5.0,nan,15,20,nan,33
48,橋頭,2020-08-02,48,3,2.0,nan,17,10,48.0,28
72,埔里,2020-08-02,35,3,2.0,nan,15,7,35.0,28
75,馬祖,2020-08-02,29,4,1.0,nan,20,8,26.0,29
77,金門,2020-08-02,24,13,2.0,nan,18,18,24.0,22
78,馬公,2020-08-02,30,3,1.0,nan,5,3,30.0,9
80,關山,2020-08-02,18,3,nan,nan,9,2,18.0,13
83,麥寮,2020-08-02,20,4,nan,nan,16,8,nan,20
84,富貴角,2020-08-02,20,6,1.0,nan,14,4,20.0,15
4,新店,2020-08-02,20,3,2.0,nan,5,8,20.0,11
11,士林,2020-08-02,26,7,2.0,nan,12,9,26.0,19
49,仁武,2020-08-02,50,11,2.0,nan,20,11,50.0,39
50,鳳山,2020-08-02,27,4,3.0,nan,16,10,nan,27
5,土城,2020-08-02,30,3,2.0,nan,12,13,30.0,22
45,安南,2020-08-02,34,4,2.0,nan,17,13,34.0,27
51,大寮,2020-08-02,34,7,2.0,nan,16,11,33.0,34
12,中山,2020-08-02,20,7,3.0,nan,12,11,20.0,13
52,林園,2020-08-02,30,9,2.0,nan,23,10,30.0,28
53,楠梓,2020-08-02,49,4,3.0,nan,19,14,49.0,33
39,新港,2020-08-02,35,4,2.0,nan,18,9,35.0,26
3,萬里,2020-08-02,20,7,2.0,nan,15,9,20.0,17
38,崙背,2020-08-02,36,4,2.0,nan,18,9,36.0,18
37,斗六,2020-08-02,44,4,2.0,nan,20,10,44.0,27
44,善化,2020-08-02,35,4,2.0,nan,14,7,35.0,24
36,南投,2020-08-02,44,3,3.0,nan,19,8,44.0,24
35,二林,2020-08-02,34,9,2.0,nan,19,8,34.0,29
43,新營,2020-08-02,37,4,2.0,nan,16,8,37.0,25
34,線西,2020-08-02,19,7,nan,nan,17,7,nan,19
13,萬華,2020-08-02,22,6,2.0,nan,12,12,22.0,14
54,左營,2020-08-02,47,6,5.0,nan,17,19,47.0,30
14,古亭,2020-08-02,24,4,2.0,nan,10,6,24.0,14
33,彰化,2020-08-02,31,9,2.0,nan,16,8,31.0,29
32,西屯,2020-08-02,38,3,2.0,nan,17,16,38.0,26
31,忠明,2020-08-02,43,3,2.0,nan,15,13,43.0,29
15,松山,2020-08-02,22,4,1.0,nan,11,9,22.0,19
16,大同,2020-08-02,20,6,8.0,nan,17,20,nan,20
30,大里,2020-08-02,39,4,2.0,nan,18,11,39.0,32
29,沙鹿,2020-08-02,36,3,2.0,nan,9,13,36.0,15
6,板橋,2020-08-02,26,3,3.0,nan,13,10,26.0,16
17,桃園,2020-08-02,29,14,3.0,nan,16,18,26.0,29
42,嘉義,2020-08-02,35,4,2.0,nan,19,10,35.0,25
30,大里,2020-08-03,25,4,5.0,nan,12.0,15,17.0,25.0
84,富貴角,2020-08-03,21,1,1.0,nan,17.0,8,21.0,9.0
83,麥寮,2020-08-03,14,4,2.0,nan,9.0,9,nan,14.0
80,關山,2020-08-03,21,3,nan,nan,20.0,4,21.0,18.0
78,馬公,2020-08-03,25,4,2.0,nan,9.0,6,25.0,9.0
77,金門,2020-08-03,29,7,1.0,nan,18.0,12,29.0,19.0
75,馬祖,2020-08-03,17,4,1.0,nan,17.0,10,16.0,16.0
72,埔里,2020-08-03,24,4,2.0,nan,9.0,13,24.0,20.0
71,復興,2020-08-03,25,9,6.0,nan,8.0,20,nan,25.0
70,永和,2020-08-03,23,6,9.0,nan,8.0,23,nan,15.0
69,竹山,2020-08-03,24,6,2.0,nan,13.0,17,24.0,17.0
68,中壢,2020-08-03,25,4,12.0,nan,10.0,25,nan,21.0
67,三重,2020-08-03,30,6,16.0,nan,13.0,30,nan,25.0
66,冬山,2020-08-03,15,4,2.0,nan,15.0,13,13.0,12.0
65,宜蘭,2020-08-03,16,3,2.0,nan,9.0,9,16.0,11.0
64,陽明,2020-08-03,18,3,1.0,nan,3.0,6,18.0,5.0
63,花蓮,2020-08-03,24,3,2.0,nan,21.0,8,19.0,24.0
62,臺東,2020-08-03,23,1,3.0,nan,20.0,7,23.0,18.0
61,恆春,2020-08-03,26,1,1.0,nan,10.0,1,26.0,15.0
60,潮州,2020-08-03,21,3,1.0,nan,7.0,6,21.0,9.0
59,屏東,2020-08-03,19,4,5.0,nan,6.0,17,19.0,11.0
58,小港,2020-08-03,21,13,2.0,nan,8.0,21,14.0,7.0
57,前鎮,2020-08-03,23,10,6.0,nan,6.0,23,nan,10.0
56,前金,2020-08-03,19,9,3.0,nan,8.0,18,19.0,14.0
54,左營,2020-08-03,22,6,3.0,nan,6.0,22,17.0,13.0
53,楠梓,2020-08-03,21,6,3.0,nan,7.0,21,18.0,14.0
52,林園,2020-08-03,25,4,2.0,nan,21.0,11,25.0,15.0
51,大寮,2020-08-03,21,6,3.0,nan,7.0,21,16.0,19.0
50,鳳山,2020-08-03,19,9,5.0,nan,6.0,19,nan,13.0
49,仁武,2020-08-03,18,4,3.0,nan,8.0,18,17.0,18.0
48,橋頭,2020-08-03,20,4,2.0,nan,6.0,14,20.0,10.0
47,美濃,2020-08-03,21,1,1.0,nan,8.0,5,21.0,10.0
46,臺南,2020-08-03,19,3,3.0,nan,6.0,15,19.0,10.0
45,安南,2020-08-03,23,4,3.0,nan,9.0,20,23.0,20.0
44,善化,2020-08-03,21,7,2.0,nan,6.0,7,21.0,9.0
43,新營,2020-08-03,22,3,2.0,nan,7.0,6,22.0,8.0
42,嘉義,2020-08-03,23,3,2.0,nan,11.0,7,23.0,14.0
41,臺西,2020-08-03,13,3,2.0,nan,7.0,6,nan,13.0
40,朴子,2020-08-03,26,4,2.0,nan,8.0,10,26.0,11.0
39,新港,2020-08-03,27,3,2.0,nan,6.0,8,27.0,14.0
38,崙背,2020-08-03,28,3,2.0,nan,9.0,8,28.0,9.0
37,斗六,2020-08-03,28,4,3.0,nan,14.0,15,28.0,12.0
36,南投,2020-08-03,23,4,6.0,nan,18.0,17,23.0,16.0
35,二林,2020-08-03,23,6,1.0,nan,8.0,8,23.0,15.0
34,線西,2020-08-03,19,4,2.0,nan,13.0,11,nan,19.0
33,彰化,2020-08-03,21,11,3.0,nan,9.0,11,21.0,21.0
32,西屯,2020-08-03,19,3,3.0,nan,10.0,19,17.0,19.0
31,忠明,2020-08-03,27,3,3.0,nan,9.0,13,27.0,22.0
29,沙鹿,2020-08-03,19,3,2.0,nan,7.0,13,19.0,13.0
28,豐原,2020-08-03,22,3,2.0,nan,9.0,8,22.0,18.0
27,三義,2020-08-03,20,4,3.0,nan,9.0,13,20.0,19.0
26,苗栗,2020-08-03,19,3,2.0,nan,9.0,8,19.0,19.0
25,頭份,2020-08-03,20,13,3.0,nan,9.0,15,nan,20.0
24,新竹,2020-08-03,22,3,3.0,nan,9.0,12,21.0,22.0
23,竹東,2020-08-03,20,3,2.0,nan,15.0,6,20.0,12.0
22,湖口,2020-08-03,22,4,2.0,nan,9.0,12,22.0,20.0
21,龍潭,2020-08-03,23,3,2.0,nan,9.0,10,23.0,16.0
20,平鎮,2020-08-03,18,4,2.0,nan,11.0,15,16.0,18.0
19,觀音,2020-08-03,22,9,1.0,nan,7.0,10,22.0,8.0
18,大園,2020-08-03,8,7,nan,nan,nan,8,nan,nan
17,桃園,2020-08-03,18,11,3.0,nan,7.0,18,13.0,17.0
16,大同,2020-08-03,27,6,22.0,nan,14.0,27,nan,20.0
15,松山,2020-08-03,26,7,9.0,nan,7.0,26,8.0,16.0
14,古亭,2020-08-03,24,4,5.0,nan,8.0,24,14.0,15.0
13,萬華,2020-08-03,27,7,6.0,nan,8.0,27,10.0,8.0
12,中山,2020-08-03,30,10,9.0,nan,10.0,30,7.0,13.0
11,士林,2020-08-03,25,3,5.0,nan,6.0,25,15.0,13.0
10,淡水,2020-08-03,18,1,2.0,nan,7.0,15,18.0,10.0
9,林口,2020-08-03,19,7,2.0,nan,6.0,19,16.0,9.0
8,菜寮,2020-08-03,25,3,6.0,nan,9.0,25,11.0,14.0
7,新莊,2020-08-03,23,6,6.0,nan,11.0,23,17.0,15.0
6,板橋,2020-08-03,22,6,7.0,nan,9.0,22,15.0,15.0
5,土城,2020-08-03,22,4,3.0,nan,12.0,22,15.0,9.0
4,新店,2020-08-03,13,4,3.0,nan,7.0,13,13.0,9.0
3,萬里,2020-08-03,21,6,3.0,nan,9.0,21,18.0,11.0
2,汐止,2020-08-03,23,3,6.0,nan,8.0,23,12.0,13.0
1,基隆,2020-08-03,14,4,2.0,nan,11.0,13,12.0,14.0
49,仁武,2020-08-04,19,7,3.0,nan,8.0,16,17.0,19.0
70,永和,2020-08-04,49,6,16.0,nan,20.0,49,nan,34.0
29,沙鹿,2020-08-04,19,3,3.0,nan,6.0,14,19.0,7.0
21,龍潭,2020-08-04,33,4,3.0,nan,13.0,18,33.0,nan
30,大里,2020-08-04,21,6,5.0,nan,14.0,12,21.0,nan
22,湖口,2020-08-04,29,4,2.0,nan,15.0,14,29.0,17.0
41,臺西,2020-08-04,12,4,2.0,nan,8.0,12,nan,9.0
64,陽明,2020-08-04,26,6,1.0,nan,6.0,3,26.0,13.0
48,橋頭,2020-08-04,32,10,5.0,nan,6.0,32,14.0,14.0
68,中壢,2020-08-04,38,7,15.0,nan,16.0,38,nan,25.0
60,潮州,2020-08-04,19,3,1.0,nan,6.0,5,19.0,6.0
36,南投,2020-08-04,25,4,3.0,nan,15.0,9,25.0,13.0
84,富貴角,2020-08-04,33,1,2.0,nan,25.0,10,33.0,19.0
31,忠明,2020-08-04,28,3,3.0,nan,8.0,11,28.0,13.0
32,西屯,2020-08-04,23,4,2.0,nan,8.0,13,23.0,15.0
47,美濃,2020-08-04,21,1,1.0,nan,5.0,4,21.0,7.0
40,朴子,2020-08-04,19,4,2.0,nan,9.0,11,19.0,9.0
23,竹東,2020-08-04,28,3,3.0,nan,16.0,10,28.0,15.0
46,臺南,2020-08-04,20,6,3.0,nan,6.0,20,14.0,11.0
39,新港,2020-08-04,20,4,3.0,nan,7.0,9,20.0,8.0
83,麥寮,2020-08-04,14,3,3.0,nan,7.0,14,nan,9.0
80,關山,2020-08-04,20,3,nan,nan,7.0,3,20.0,12.0
61,恆春,2020-08-04,23,1,1.0,nan,14.0,1,23.0,14.0
24,新竹,2020-08-04,27,6,3.0,nan,10.0,12,27.0,19.0
33,彰化,2020-08-04,20,3,2.0,nan,7.0,11,20.0,12.0
65,宜蘭,2020-08-04,25,3,2.0,nan,19.0,6,25.0,21.0
62,臺東,2020-08-04,20,3,3.0,nan,11.0,8,20.0,13.0
25,頭份,2020-08-04,16,9,2.0,nan,10.0,16,nan,13.0
8,菜寮,2020-08-04,49,3,8.0,nan,20.0,49,35.0,31.0
78,馬公,2020-08-04,19,4,2.0,nan,11.0,6,19.0,7.0
7,新莊,2020-08-04,42,9,8.0,nan,25.0,35,42.0,39.0
54,左營,2020-08-04,27,13,7.0,nan,8.0,27,13.0,nan
9,林口,2020-08-04,36,6,5.0,nan,17.0,32,36.0,25.0
56,前金,2020-08-04,25,11,7.0,nan,12.0,25,14.0,19.0
77,金門,2020-08-04,23,9,1.0,nan,6.0,11,23.0,6.0
45,安南,2020-08-04,25,7,5.0,nan,12.0,25,16.0,22.0
10,淡水,2020-08-04,28,4,5.0,nan,17.0,24,28.0,23.0
11,士林,2020-08-04,37,4,6.0,nan,19.0,32,37.0,30.0
38,崙背,2020-08-04,21,3,2.0,nan,7.0,9,21.0,6.0
6,板橋,2020-08-04,43,6,8.0,nan,22.0,42,43.0,35.0
12,中山,2020-08-04,48,9,11.0,nan,22.0,48,29.0,27.0
63,花蓮,2020-08-04,21,6,1.0,nan,18.0,7,21.0,18.0
75,馬祖,2020-08-04,21,4,2.0,nan,16.0,6,21.0,17.0
53,楠梓,2020-08-04,32,13,5.0,nan,11.0,32,9.0,nan
5,土城,2020-08-04,44,6,6.0,nan,23.0,35,44.0,29.0
13,萬華,2020-08-04,50,9,10.0,nan,21.0,50,37.0,nan
66,冬山,2020-08-04,25,4,2.0,nan,19.0,13,21.0,25.0
4,新店,2020-08-04,35,6,6.0,nan,16.0,25,35.0,23.0
14,古亭,2020-08-04,43,7,8.0,nan,19.0,42,43.0,nan
26,苗栗,2020-08-04,24,4,3.0,nan,10.0,11,24.0,13.0
3,萬里,2020-08-04,37,4,2.0,nan,17.0,8,37.0,22.0
2,汐止,2020-08-04,38,4,6.0,nan,21.0,38,29.0,nan
44,善化,2020-08-04,18,4,1.0,nan,6.0,8,18.0,10.0
72,埔里,2020-08-04,22,4,2.0,nan,11.0,9,22.0,nan
57,前鎮,2020-08-04,25,13,8.0,nan,11.0,25,nan,21.0
1,基隆,2020-08-04,27,6,3.0,nan,22.0,21,27.0,25.0
52,林園,2020-08-04,22,6,1.0,nan,nan,8,22.0,14.0
34,線西,2020-08-04,11,4,2.0,nan,10.0,8,nan,11.0
15,松山,2020-08-04,42,4,8.0,nan,21.0,42,27.0,36.0
16,大同,2020-08-04,50,6,20.0,nan,25.0,50,nan,35.0
27,三義,2020-08-04,23,3,2.0,nan,8.0,9,23.0,10.0
58,小港,2020-08-04,25,20,5.0,nan,19.0,25,11.0,nan
37,斗六,2020-08-04,21,3,2.0,nan,10.0,9,21.0,11.0
43,新營,2020-08-04,19,4,2.0,nan,6.0,8,19.0,nan
51,大寮,2020-08-04,19,7,2.0,nan,8.0,12,19.0,13.0
67,三重,2020-08-04,60,7,20.0,nan,23.0,60,nan,44.0
17,桃園,2020-08-04,38,30,6.0,nan,20.0,38,31.0,38.0
19,觀音,2020-08-04,30,4,1.0,nan,9.0,9,30.0,12.0
71,復興,2020-08-04,24,13,7.0,nan,11.0,23,nan,24.0
50,鳳山,2020-08-04,17,7,6.0,nan,9.0,16,nan,17.0
42,嘉義,2020-08-04,18,3,2.0,nan,6.0,8,18.0,6.0
28,豐原,2020-08-04,23,4,2.0,nan,12.0,12,23.0,7.0
59,屏東,2020-08-04,19,3,5.0,nan,4.0,12,19.0,7.0
35,二林,2020-08-04,19,6,2.0,nan,6.0,8,19.0,10.0
20,平鎮,2020-08-04,30,3,5.0,nan,14.0,20,30.0,21.0
69,竹山,2020-08-04,22,4,2.0,nan,12.0,15,22.0,10.0
68,中壢,2020-08-05,36,6,14.0,nan,19.0,30,nan,36.0
84,富貴角,2020-08-05,33,1,1.0,nan,15.0,6,33.0,15.0
83,麥寮,2020-08-05,17,4,2.0,nan,17.0,8,nan,16.0
80,關山,2020-08-05,13,1,nan,nan,13.0,4,12.0,13.0
78,馬公,2020-08-05,14,4,2.0,nan,14.0,5,14.0,10.0
77,金門,2020-08-05,25,7,1.0,nan,11.0,8,25.0,10.0
75,馬祖,2020-08-05,33,6,1.0,nan,11.0,9,33.0,nan
72,埔里,2020-08-05,42,4,2.0,nan,15.0,10,42.0,nan
71,復興,2020-08-05,36,11,9.0,nan,21.0,33,nan,36.0
70,永和,2020-08-05,35,7,18.0,nan,16.0,35,nan,25.0
69,竹山,2020-08-05,39,6,2.0,nan,19.0,14,39.0,19.0
67,三重,2020-08-05,42,7,17.0,nan,19.0,42,nan,34.0
66,冬山,2020-08-05,26,6,2.0,nan,14.0,11,26.0,18.0
65,宜蘭,2020-08-05,26,3,2.0,nan,14.0,5,26.0,14.0
64,陽明,2020-08-05,19,3,1.0,nan,6.0,4,19.0,6.0
63,花蓮,2020-08-05,24,7,2.0,nan,16.0,7,24.0,16.0
62,臺東,2020-08-05,18,3,2.0,nan,13.0,6,18.0,16.0
61,恆春,2020-08-05,19,1,1.0,nan,7.0,1,19.0,13.0
60,潮州,2020-08-05,50,4,1.0,nan,19.0,8,50.0,21.0
59,屏東,2020-08-05,64,3,5.0,nan,20.0,17,64.0,20.0
58,小港,2020-08-05,29,16,5.0,nan,24.0,29,29.0,nan
57,前鎮,2020-08-05,32,14,9.0,nan,22.0,31,nan,32.0
56,前金,2020-08-05,40,11,7.0,nan,25.0,21,40.0,33.0
54,左營,2020-08-05,71,10,6.0,nan,25.0,17,71.0,nan
53,楠梓,2020-08-05,100,4,3.0,nan,22.0,17,100.0,nan
52,林園,2020-08-05,29,10,2.0,nan,25.0,12,29.0,26.0
51,大寮,2020-08-05,36,21,3.0,nan,20.0,14,36.0,33.0
50,鳳山,2020-08-05,34,9,5.0,nan,23.0,20,nan,34.0
49,仁武,2020-08-05,104,11,3.0,nan,28.0,29,104.0,43.0
48,橋頭,2020-08-05,90,6,3.0,nan,24.0,23,90.0,38.0
47,美濃,2020-08-05,39,3,1.0,nan,17.0,5,39.0,19.0
46,臺南,2020-08-05,84,14,6.0,nan,20.0,17,84.0,32.0
45,安南,2020-08-05,50,10,3.0,nan,22.0,18,50.0,34.0
44,善化,2020-08-05,43,6,2.0,nan,15.0,9,43.0,22.0
43,新營,2020-08-05,38,4,3.0,nan,15.0,11,38.0,19.0
42,嘉義,2020-08-05,32,4,5.0,nan,18.0,19,32.0,21.0
41,臺西,2020-08-05,17,10,2.0,nan,16.0,11,nan,17.0
40,朴子,2020-08-05,34,4,2.0,nan,17.0,10,34.0,18.0
39,新港,2020-08-05,32,4,3.0,nan,19.0,13,32.0,22.0
38,崙背,2020-08-05,33,3,2.0,nan,18.0,8,33.0,12.0
37,斗六,2020-08-05,41,4,3.0,nan,19.0,12,41.0,21.0
36,南投,2020-08-05,42,6,5.0,nan,19.0,16,42.0,17.0
35,二林,2020-08-05,28,9,2.0,nan,17.0,11,28.0,19.0
34,線西,2020-08-05,19,9,2.0,nan,19.0,13,nan,17.0
33,彰化,2020-08-05,31,6,5.0,nan,13.0,16,31.0,18.0
32,西屯,2020-08-05,33,13,3.0,nan,17.0,20,33.0,24.0
31,忠明,2020-08-05,38,13,5.0,nan,13.0,15,38.0,25.0
30,大里,2020-08-05,37,6,3.0,nan,19.0,14,37.0,nan
29,沙鹿,2020-08-05,29,14,5.0,nan,12.0,22,29.0,15.0
28,豐原,2020-08-05,34,4,3.0,nan,16.0,8,34.0,16.0
27,三義,2020-08-05,31,9,2.0,nan,14.0,8,31.0,16.0
26,苗栗,2020-08-05,36,4,3.0,nan,15.0,12,36.0,18.0
25,頭份,2020-08-05,21,3,3.0,nan,14.0,14,nan,21.0
24,新竹,2020-08-05,39,6,6.0,nan,15.0,27,39.0,29.0
23,竹東,2020-08-05,38,6,3.0,nan,21.0,11,38.0,23.0
22,湖口,2020-08-05,35,6,3.0,nan,13.0,25,35.0,30.0
21,龍潭,2020-08-05,40,6,6.0,nan,19.0,26,40.0,nan
20,平鎮,2020-08-05,29,9,6.0,nan,18.0,25,29.0,27.0
19,觀音,2020-08-05,31,13,5.0,nan,14.0,21,31.0,24.0
18,大園,2020-08-05,19,6,2.0,nan,nan,18,19.0,nan
17,桃園,2020-08-05,30,14,8.0,nan,15.0,25,24.0,30.0
16,大同,2020-08-05,32,4,15.0,nan,17.0,32,nan,28.0
15,松山,2020-08-05,27,6,5.0,nan,14.0,25,27.0,21.0
14,古亭,2020-08-05,31,4,5.0,nan,12.0,16,31.0,nan
13,萬華,2020-08-05,25,4,6.0,nan,13.0,21,25.0,nan
12,中山,2020-08-05,23,4,9.0,nan,14.0,23,22.0,19.0
11,士林,2020-08-05,27,6,3.0,nan,11.0,12,27.0,17.0
10,淡水,2020-08-05,25,4,5.0,nan,13.0,12,25.0,13.0
9,林口,2020-08-05,26,10,3.0,nan,13.0,18,26.0,20.0
8,菜寮,2020-08-05,30,6,7.0,nan,16.0,28,30.0,26.0
7,新莊,2020-08-05,30,16,6.0,nan,18.0,30,28.0,24.0
6,板橋,2020-08-05,31,6,6.0,nan,15.0,21,31.0,22.0
5,土城,2020-08-05,39,6,7.0,nan,19.0,27,39.0,21.0
4,新店,2020-08-05,29,4,5.0,nan,12.0,15,29.0,12.0
3,萬里,2020-08-05,32,6,2.0,nan,12.0,8,32.0,16.0
2,汐止,2020-08-05,24,10,5.0,nan,13.0,21,24.0,nan
1,基隆,2020-08-05,26,9,3.0,nan,15.0,20,26.0,18.0
71,復興,2020-08-06,44,24,7.0,nan,23,26,nan,44.0
80,關山,2020-08-06,19,4,nan,nan,19,4,10.0,nan
64,陽明,2020-08-06,22,6,1.0,nan,11,4,22.0,22.0
35,二林,2020-08-06,27,9,2.0,nan,23,13,25.0,27.0
24,新竹,2020-08-06,35,4,3.0,nan,18,16,35.0,25.0
63,花蓮,2020-08-06,61,6,2.0,nan,31,6,16.0,61.0
23,竹東,2020-08-06,48,4,2.0,nan,22,14,48.0,23.0
62,臺東,2020-08-06,60,4,2.0,nan,31,6,14.0,60.0
37,斗六,2020-08-06,47,6,2.0,nan,22,12,47.0,21.0
22,湖口,2020-08-06,32,4,2.0,nan,12,17,32.0,24.0
78,馬公,2020-08-06,38,3,2.0,nan,13,10,38.0,17.0
77,金門,2020-08-06,32,4,1.0,nan,16,10,32.0,nan
34,線西,2020-08-06,19,9,3.0,nan,18,11,nan,19.0
75,馬祖,2020-08-06,26,6,1.0,nan,18,13,26.0,nan
56,前金,2020-08-06,64,6,5.0,nan,25,26,64.0,40.0
61,恆春,2020-08-06,37,3,1.0,nan,20,1,15.0,37.0
36,南投,2020-08-06,47,4,3.0,nan,20,9,47.0,20.0
72,埔里,2020-08-06,36,3,2.0,nan,14,7,36.0,nan
60,潮州,2020-08-06,97,7,3.0,nan,32,8,97.0,60.0
59,屏東,2020-08-06,97,4,5.0,nan,23,14,97.0,41.0
33,彰化,2020-08-06,22,6,3.0,nan,14,15,22.0,22.0
45,安南,2020-08-06,42,4,3.0,nan,23,20,42.0,37.0
57,前鎮,2020-08-06,45,24,8.0,nan,24,28,nan,45.0
58,小港,2020-08-06,38,9,5.0,nan,26,22,38.0,nan
21,龍潭,2020-08-06,51,4,3.0,nan,19,19,51.0,nan
32,西屯,2020-08-06,26,3,3.0,nan,15,19,26.0,20.0
20,平鎮,2020-08-06,28,6,5.0,nan,19,20,28.0,28.0
19,觀音,2020-08-06,33,10,3.0,nan,18,19,33.0,27.0
18,大園,2020-08-06,31,6,5.0,nan,19,21,27.0,31.0
51,大寮,2020-08-06,56,11,3.0,nan,27,16,54.0,56.0
17,桃園,2020-08-06,37,20,6.0,nan,22,22,37.0,30.0
16,大同,2020-08-06,51,9,16.0,nan,27,33,nan,51.0
44,善化,2020-08-06,44,9,2.0,nan,18,8,44.0,30.0
15,松山,2020-08-06,24,7,3.0,nan,24,17,17.0,nan
14,古亭,2020-08-06,35,6,3.0,nan,19,10,35.0,nan
31,忠明,2020-08-06,31,3,3.0,nan,12,16,31.0,23.0
13,萬華,2020-08-06,34,4,5.0,nan,21,21,34.0,nan
12,中山,2020-08-06,38,9,5.0,nan,24,22,30.0,38.0
53,楠梓,2020-08-06,101,7,3.0,nan,25,20,101.0,nan
11,士林,2020-08-06,41,7,5.0,nan,23,16,32.0,41.0
52,林園,2020-08-06,58,4,3.0,nan,32,14,58.0,52.0
10,淡水,2020-08-06,39,7,5.0,nan,23,13,29.0,39.0
9,林口,2020-08-06,37,7,3.0,nan,22,20,33.0,37.0
43,新營,2020-08-06,40,6,5.0,nan,20,11,40.0,31.0
48,橋頭,2020-08-06,100,6,3.0,nan,24,11,100.0,47.0
42,嘉義,2020-08-06,41,4,3.0,nan,22,10,41.0,26.0
8,菜寮,2020-08-06,45,7,6.0,nan,23,16,37.0,45.0
30,大里,2020-08-06,31,14,3.0,nan,17,15,31.0,nan
7,新莊,2020-08-06,46,21,6.0,nan,29,18,44.0,46.0
29,沙鹿,2020-08-06,20,3,2.0,nan,6,16,20.0,10.0
6,板橋,2020-08-06,38,6,6.0,nan,21,18,38.0,32.0
47,美濃,2020-08-06,41,10,2.0,nan,18,6,41.0,29.0
28,豐原,2020-08-06,27,3,2.0,nan,15,8,27.0,13.0
5,土城,2020-08-06,38,3,5.0,nan,22,17,38.0,nan
41,臺西,2020-08-06,27,14,2.0,nan,18,18,nan,27.0
4,新店,2020-08-06,33,4,3.0,nan,19,8,31.0,33.0
3,萬里,2020-08-06,26,9,2.0,nan,19,11,26.0,16.0
40,朴子,2020-08-06,39,6,2.0,nan,20,9,39.0,25.0
27,三義,2020-08-06,30,3,2.0,nan,12,9,30.0,nan
2,汐止,2020-08-06,29,6,5.0,nan,23,13,29.0,nan
1,基隆,2020-08-06,47,9,2.0,nan,25,9,22.0,47.0
50,鳳山,2020-08-06,48,7,5.0,nan,21,16,nan,48.0
26,苗栗,2020-08-06,25,6,2.0,nan,17,11,25.0,18.0
46,臺南,2020-08-06,41,4,5.0,nan,17,17,41.0,29.0
70,永和,2020-08-06,34,7,10.0,nan,19,19,nan,34.0
39,新港,2020-08-06,37,4,2.0,nan,19,13,37.0,25.0
69,竹山,2020-08-06,42,14,2.0,nan,20,14,42.0,23.0
68,中壢,2020-08-06,39,39,15.0,nan,22,27,nan,nan
25,頭份,2020-08-06,16,9,2.0,nan,16,16,nan,15.0
67,三重,2020-08-06,54,9,15.0,nan,26,32,nan,54.0
66,冬山,2020-08-06,43,7,2.0,nan,25,7,22.0,43.0
54,左營,2020-08-06,84,6,5.0,nan,23,27,84.0,nan
38,崙背,2020-08-06,28,6,2.0,nan,20,12,28.0,21.0
65,宜蘭,2020-08-06,48,7,2.0,nan,25,7,20.0,48.0
84,富貴角,2020-08-06,32,3,2.0,nan,16,14,32.0,22.0
83,麥寮,2020-08-06,29,4,2.0,nan,22,11,nan,29.0
49,仁武,2020-08-06,104,7,3.0,nan,27,19,104.0,52.0
42,嘉義,2020-08-07,49,4,3.0,nan,29,11,48.0,49.0
70,永和,2020-08-07,38,6,9.0,nan,21,32,nan,38.0
41,臺西,2020-08-07,30,11,2.0,nan,18,16,nan,30.0
37,斗六,2020-08-07,84,4,2.0,nan,28,9,84.0,45.0
64,陽明,2020-08-07,30,4,1.0,nan,12,8,30.0,26.0
61,恆春,2020-08-07,16,1,1.0,nan,11,1,16.0,nan
69,竹山,2020-08-07,71,10,2.0,nan,26,13,71.0,46.0
36,南投,2020-08-07,93,7,3.0,nan,26,16,93.0,42.0
60,潮州,2020-08-07,54,9,3.0,nan,30,11,54.0,nan
84,富貴角,2020-08-07,39,3,1.0,nan,16,14,39.0,29.0
59,屏東,2020-08-07,74,6,5.0,nan,26,13,74.0,37.0
35,二林,2020-08-07,42,6,2.0,nan,24,15,31.0,42.0
34,線西,2020-08-07,29,4,2.0,nan,21,10,nan,29.0
58,小港,2020-08-07,48,11,5.0,nan,25,26,48.0,nan
40,朴子,2020-08-07,45,10,2.0,nan,25,11,45.0,43.0
33,彰化,2020-08-07,37,11,3.0,nan,19,10,31.0,37.0
57,前鎮,2020-08-07,51,6,6.0,nan,27,31,nan,51.0
68,中壢,2020-08-07,30,6,9.0,nan,24,30,nan,nan
32,西屯,2020-08-07,38,4,2.0,nan,20,13,38.0,33.0
67,三重,2020-08-07,52,14,14.0,nan,26,35,nan,52.0
83,麥寮,2020-08-07,34,7,2.0,nan,21,13,nan,34.0
62,臺東,2020-08-07,34,3,2.0,nan,20,7,18.0,34.0
31,忠明,2020-08-07,44,4,2.0,nan,19,13,44.0,37.0
30,大里,2020-08-07,46,10,3.0,nan,21,15,46.0,nan
56,前金,2020-08-07,93,7,3.0,nan,26,19,93.0,41.0
29,沙鹿,2020-08-07,34,3,2.0,nan,15,15,34.0,23.0
54,左營,2020-08-07,101,10,5.0,nan,27,31,101.0,nan
1,基隆,2020-08-07,34,6,2.0,nan,17,11,23.0,34.0
48,橋頭,2020-08-07,77,3,3.0,nan,26,9,77.0,38.0
39,新港,2020-08-07,48,4,2.0,nan,27,12,48.0,44.0
53,楠梓,2020-08-07,80,3,3.0,nan,25,19,80.0,nan
52,林園,2020-08-07,48,6,3.0,nan,30,12,46.0,48.0
2,汐止,2020-08-07,26,4,2.0,nan,20,13,26.0,nan
66,冬山,2020-08-07,51,4,2.0,nan,28,8,24.0,51.0
3,萬里,2020-08-07,28,6,2.0,nan,16,8,28.0,nan
28,豐原,2020-08-07,40,4,2.0,nan,22,9,40.0,31.0
4,新店,2020-08-07,41,4,3.0,nan,20,11,31.0,41.0
47,美濃,2020-08-07,35,3,2.0,nan,19,4,35.0,26.0
80,關山,2020-08-07,13,3,nan,nan,13,3,12.0,nan
78,馬公,2020-08-07,33,6,1.0,nan,17,11,33.0,24.0
5,土城,2020-08-07,64,10,5.0,nan,23,25,64.0,nan
46,臺南,2020-08-07,48,4,6.0,nan,20,20,48.0,38.0
51,大寮,2020-08-07,57,34,3.0,nan,28,23,49.0,57.0
6,板橋,2020-08-07,45,4,3.0,nan,20,23,45.0,29.0
27,三義,2020-08-07,33,3,2.0,nan,17,8,33.0,nan
50,鳳山,2020-08-07,45,7,5.0,nan,23,17,nan,45.0
7,新莊,2020-08-07,43,31,5.0,nan,28,26,43.0,43.0
49,仁武,2020-08-07,84,13,3.0,nan,30,20,84.0,56.0
26,苗栗,2020-08-07,34,4,2.0,nan,20,9,32.0,34.0
8,菜寮,2020-08-07,46,14,5.0,nan,25,16,44.0,46.0
77,金門,2020-08-07,17,10,1.0,nan,17,16,15.0,nan
9,林口,2020-08-07,39,9,2.0,nan,18,22,39.0,35.0
45,安南,2020-08-07,51,4,3.0,nan,28,20,51.0,45.0
10,淡水,2020-08-07,39,7,2.0,nan,20,16,38.0,39.0
65,宜蘭,2020-08-07,34,6,1.0,nan,22,8,18.0,34.0
11,士林,2020-08-07,44,6,3.0,nan,23,17,44.0,44.0
25,頭份,2020-08-07,31,10,2.0,nan,19,18,nan,31.0
12,中山,2020-08-07,35,4,6.0,nan,22,24,35.0,35.0
24,新竹,2020-08-07,35,6,3.0,nan,18,13,35.0,35.0
13,萬華,2020-08-07,38,6,6.0,nan,22,24,38.0,nan
14,古亭,2020-08-07,41,4,3.0,nan,21,15,41.0,nan
15,松山,2020-08-07,31,6,3.0,nan,21,17,31.0,nan
44,善化,2020-08-07,49,9,2.0,nan,20,8,49.0,36.0
16,大同,2020-08-07,43,9,16.0,nan,26,30,nan,43.0
75,馬祖,2020-08-07,35,6,1.0,nan,23,28,35.0,nan
17,桃園,2020-08-07,32,7,2.0,nan,19,15,32.0,nan
23,竹東,2020-08-07,44,3,2.0,nan,25,9,44.0,33.0
18,大園,2020-08-07,33,11,2.0,nan,19,17,33.0,31.0
72,埔里,2020-08-07,43,6,2.0,nan,19,10,43.0,27.0
19,觀音,2020-08-07,31,16,2.0,nan,17,18,31.0,27.0
20,平鎮,2020-08-07,37,6,3.0,nan,27,19,37.0,37.0
38,崙背,2020-08-07,36,4,2.0,nan,26,12,36.0,33.0
21,龍潭,2020-08-07,58,6,3.0,nan,24,15,58.0,nan
22,湖口,2020-08-07,33,6,2.0,nan,18,17,33.0,30.0
43,新營,2020-08-07,48,4,2.0,nan,25,10,46.0,48.0
71,復興,2020-08-07,29,6,6.0,nan,23,29,nan,nan
63,花蓮,2020-08-07,43,4,1.0,nan,23,4,19.0,43.0
83,麥寮,2020-08-08,32,11,2.0,nan,19,13,nan,32.0
1,基隆,2020-08-08,49,6,2.0,nan,17,9,49.0,26.0
2,汐止,2020-08-08,71,9,3.0,nan,18,14,71.0,36.0
3,萬里,2020-08-08,47,7,2.0,nan,15,8,47.0,nan
4,新店,2020-08-08,112,6,3.0,nan,17,9,112.0,32.0
5,土城,2020-08-08,58,4,5.0,nan,22,20,58.0,nan
6,板橋,2020-08-08,44,4,3.0,nan,20,16,44.0,37.0
7,新莊,2020-08-08,42,21,5.0,nan,25,22,41.0,42.0
8,菜寮,2020-08-08,41,16,5.0,nan,21,22,41.0,39.0
9,林口,2020-08-08,36,6,2.0,nan,19,15,33.0,36.0
10,淡水,2020-08-08,31,6,2.0,nan,14,10,31.0,30.0
11,士林,2020-08-08,39,4,3.0,nan,17,14,39.0,32.0
12,中山,2020-08-08,44,6,5.0,nan,21,27,44.0,34.0
13,萬華,2020-08-08,44,4,3.0,nan,20,17,44.0,35.0
14,古亭,2020-08-08,84,6,3.0,nan,19,10,84.0,39.0
15,松山,2020-08-08,74,7,5.0,nan,19,16,74.0,nan
16,大同,2020-08-08,38,6,11.0,nan,23,26,nan,38.0
17,桃園,2020-08-08,31,11,3.0,nan,21,17,31.0,nan
18,大園,2020-08-08,34,34,2.0,nan,19,20,30.0,28.0
19,觀音,2020-08-08,29,10,2.0,nan,19,14,29.0,27.0
20,平鎮,2020-08-08,43,6,2.0,nan,26,22,31.0,43.0
21,龍潭,2020-08-08,44,6,3.0,nan,23,18,39.0,44.0
22,湖口,2020-08-08,36,4,2.0,nan,19,18,30.0,36.0
23,竹東,2020-08-08,38,4,2.0,nan,22,9,38.0,34.0
24,新竹,2020-08-08,38,4,2.0,nan,19,14,31.0,38.0
25,頭份,2020-08-08,31,7,2.0,nan,19,15,nan,31.0
26,苗栗,2020-08-08,37,3,2.0,nan,21,12,27.0,37.0
27,三義,2020-08-08,28,4,3.0,nan,18,11,28.0,nan
28,豐原,2020-08-08,34,3,2.0,nan,20,8,34.0,32.0
29,沙鹿,2020-08-08,31,4,2.0,nan,14,11,31.0,19.0
30,大里,2020-08-08,37,7,3.0,nan,22,15,37.0,35.0
31,忠明,2020-08-08,42,4,2.0,nan,19,12,42.0,38.0
32,西屯,2020-08-08,36,4,2.0,nan,20,15,35.0,36.0
33,彰化,2020-08-08,34,13,3.0,nan,19,10,30.0,34.0
34,線西,2020-08-08,24,4,2.0,nan,23,12,nan,24.0
35,二林,2020-08-08,36,7,1.0,nan,24,9,30.0,36.0
36,南投,2020-08-08,50,6,3.0,nan,26,12,50.0,44.0
37,斗六,2020-08-08,47,4,2.0,nan,27,8,47.0,42.0
38,崙背,2020-08-08,32,4,2.0,nan,26,9,32.0,25.0
39,新港,2020-08-08,43,6,3.0,nan,27,9,41.0,43.0
40,朴子,2020-08-08,35,6,3.0,nan,21,9,34.0,35.0
41,臺西,2020-08-08,30,3,1.0,nan,18,8,nan,30.0
42,嘉義,2020-08-08,51,4,2.0,nan,29,11,43.0,51.0
43,新營,2020-08-08,37,6,2.0,nan,22,8,37.0,36.0
44,善化,2020-08-08,40,4,2.0,nan,20,8,40.0,37.0
45,安南,2020-08-08,40,7,2.0,nan,24,14,39.0,40.0
46,臺南,2020-08-08,37,4,3.0,nan,20,14,37.0,33.0
47,美濃,2020-08-08,42,4,2.0,nan,19,5,42.0,39.0
48,橋頭,2020-08-08,44,3,2.0,nan,24,10,44.0,35.0
49,仁武,2020-08-08,44,16,2.0,nan,27,15,44.0,44.0
50,鳳山,2020-08-08,40,4,5.0,nan,22,15,nan,40.0
51,大寮,2020-08-08,49,17,3.0,nan,24,13,49.0,43.0
52,林園,2020-08-08,48,4,2.0,nan,31,10,48.0,41.0
53,楠梓,2020-08-08,45,3,2.0,nan,24,14,45.0,34.0
54,左營,2020-08-08,40,7,5.0,nan,21,24,40.0,33.0
56,前金,2020-08-08,43,7,3.0,nan,22,17,43.0,33.0
57,前鎮,2020-08-08,32,4,5.0,nan,19,22,nan,32.0
58,小港,2020-08-08,44,4,3.0,nan,23,13,44.0,34.0
59,屏東,2020-08-08,49,3,5.0,nan,21,22,49.0,34.0
60,潮州,2020-08-08,61,4,2.0,nan,29,9,61.0,nan
61,恆春,2020-08-08,19,1,1.0,nan,6,1,19.0,nan
62,臺東,2020-08-08,19,1,2.0,nan,12,7,19.0,14.0
63,花蓮,2020-08-08,21,3,1.0,nan,11,4,21.0,14.0
64,陽明,2020-08-08,34,1,1.0,nan,15,4,34.0,34.0
65,宜蘭,2020-08-08,25,4,2.0,nan,12,9,25.0,15.0
66,冬山,2020-08-08,27,6,2.0,nan,16,8,27.0,25.0
67,三重,2020-08-08,43,7,11.0,nan,20,31,nan,43.0
68,中壢,2020-08-08,25,4,11.0,nan,24,25,nan,nan
69,竹山,2020-08-08,49,6,2.0,nan,26,14,49.0,42.0
70,永和,2020-08-08,34,4,9.0,nan,18,26,nan,34.0
71,復興,2020-08-08,20,4,6.0,nan,20,20,nan,nan
72,埔里,2020-08-08,46,4,3.0,nan,22,8,46.0,38.0
75,馬祖,2020-08-08,36,4,1.0,nan,24,16,36.0,nan
77,金門,2020-08-08,26,11,2.0,nan,19,21,26.0,nan
78,馬公,2020-08-08,31,3,1.0,nan,17,6,31.0,18.0
80,關山,2020-08-08,16,3,nan,nan,5,3,16.0,nan
84,富貴角,2020-08-08,38,3,1.0,nan,15,8,38.0,23.0
22,湖口,2020-08-09,31,6,2.0,nan,15,19,31.0,28.0
23,竹東,2020-08-09,32,4,2.0,nan,19,8,32.0,26.0
21,龍潭,2020-08-09,35,4,2.0,nan,18,14,35.0,31.0
24,新竹,2020-08-09,32,4,3.0,nan,15,16,31.0,32.0
20,平鎮,2020-08-09,33,4,2.0,nan,30,15,24.0,33.0
25,頭份,2020-08-09,29,7,2.0,nan,15,17,nan,29.0
26,苗栗,2020-08-09,29,3,2.0,nan,18,15,29.0,29.0
19,觀音,2020-08-09,26,9,2.0,nan,13,14,26.0,19.0
27,三義,2020-08-09,29,4,2.0,nan,14,8,29.0,nan
28,豐原,2020-08-09,34,4,2.0,nan,18,12,34.0,26.0
29,沙鹿,2020-08-09,25,24,3.0,nan,13,15,25.0,13.0
30,大里,2020-08-09,36,6,2.0,nan,19,11,36.0,32.0
31,忠明,2020-08-09,37,13,2.0,nan,15,13,37.0,25.0
32,西屯,2020-08-09,30,14,2.0,nan,16,9,30.0,27.0
33,彰化,2020-08-09,31,6,2.0,nan,16,7,31.0,28.0
34,線西,2020-08-09,21,6,1.0,nan,18,5,nan,21.0
35,二林,2020-08-09,36,7,1.0,nan,24,8,29.0,36.0
36,南投,2020-08-09,42,3,3.0,nan,23,12,42.0,38.0
37,斗六,2020-08-09,46,9,2.0,nan,25,8,46.0,38.0
38,崙背,2020-08-09,41,6,1.0,nan,22,9,41.0,26.0
39,新港,2020-08-09,37,3,1.0,nan,19,6,37.0,31.0
18,大園,2020-08-09,32,11,2.0,nan,17,14,32.0,22.0
40,朴子,2020-08-09,36,4,2.0,nan,16,4,36.0,21.0
41,臺西,2020-08-09,19,3,1.0,nan,15,6,nan,19.0
42,嘉義,2020-08-09,37,3,2.0,nan,24,8,37.0,36.0
17,桃園,2020-08-09,25,9,2.0,nan,15,19,25.0,nan
43,新營,2020-08-09,35,4,2.0,nan,20,5,35.0,31.0
44,善化,2020-08-09,36,7,2.0,nan,18,9,35.0,36.0
45,安南,2020-08-09,36,4,2.0,nan,18,9,36.0,29.0
46,臺南,2020-08-09,32,3,2.0,nan,18,8,32.0,28.0
47,美濃,2020-08-09,39,3,2.0,nan,19,4,39.0,37.0
48,橋頭,2020-08-09,34,4,2.0,nan,20,13,34.0,34.0
49,仁武,2020-08-09,39,19,2.0,nan,23,16,36.0,39.0
50,鳳山,2020-08-09,35,4,3.0,nan,19,11,nan,35.0
51,大寮,2020-08-09,49,7,3.0,nan,24,13,42.0,49.0
52,林園,2020-08-09,41,7,2.0,nan,25,9,39.0,41.0
53,楠梓,2020-08-09,36,4,2.0,nan,21,9,36.0,31.0
54,左營,2020-08-09,33,6,2.0,nan,19,11,33.0,27.0
56,前金,2020-08-09,35,6,2.0,nan,19,12,35.0,27.0
57,前鎮,2020-08-09,34,7,3.0,nan,20,17,nan,34.0
58,小港,2020-08-09,38,4,3.0,nan,19,13,38.0,36.0
59,屏東,2020-08-09,44,4,3.0,nan,23,11,44.0,32.0
60,潮州,2020-08-09,45,3,1.0,nan,21,8,45.0,nan
61,恆春,2020-08-09,45,4,1.0,nan,14,3,45.0,nan
62,臺東,2020-08-09,19,1,2.0,nan,7,8,19.0,19.0
63,花蓮,2020-08-09,27,3,1.0,nan,17,6,27.0,21.0
64,陽明,2020-08-09,29,3,1.0,nan,9,8,29.0,18.0
65,宜蘭,2020-08-09,40,4,2.0,nan,16,8,40.0,23.0
66,冬山,2020-08-09,34,4,2.0,nan,17,12,34.0,28.0
67,三重,2020-08-09,36,9,11.0,nan,20,29,nan,36.0
68,中壢,2020-08-09,26,3,11.0,nan,17,26,nan,nan
69,竹山,2020-08-09,44,4,2.0,nan,25,11,44.0,40.0
70,永和,2020-08-09,25,3,8.0,nan,15,14,nan,25.0
71,復興,2020-08-09,19,7,5.0,nan,19,15,nan,nan
72,埔里,2020-08-09,48,3,2.0,nan,19,8,48.0,37.0
75,馬祖,2020-08-09,19,6,1.0,nan,19,15,17.0,nan
77,金門,2020-08-09,49,10,2.0,nan,24,20,49.0,nan
78,馬公,2020-08-09,30,4,1.0,nan,13,5,30.0,13.0
80,關山,2020-08-09,19,3,nan,nan,6,3,19.0,nan
83,麥寮,2020-08-09,29,6,2.0,nan,19,7,nan,29.0
84,富貴角,2020-08-09,34,1,1.0,nan,12,9,34.0,18.0
16,大同,2020-08-09,30,10,10.0,nan,19,30,nan,30.0
15,松山,2020-08-09,33,6,3.0,nan,16,20,33.0,nan
14,古亭,2020-08-09,36,4,3.0,nan,14,14,36.0,27.0
13,萬華,2020-08-09,31,7,6.0,nan,18,21,31.0,23.0
12,中山,2020-08-09,36,9,6.0,nan,19,36,28.0,21.0
11,士林,2020-08-09,31,7,5.0,nan,17,22,31.0,24.0
10,淡水,2020-08-09,28,4,3.0,nan,13,19,28.0,23.0
9,林口,2020-08-09,33,6,2.0,nan,15,15,33.0,28.0
8,菜寮,2020-08-09,32,10,5.0,nan,18,26,32.0,31.0
7,新莊,2020-08-09,34,23,5.0,nan,20,24,33.0,34.0
6,板橋,2020-08-09,33,3,5.0,nan,16,22,33.0,25.0
5,土城,2020-08-09,38,3,5.0,nan,17,22,38.0,nan
4,新店,2020-08-09,38,4,3.0,nan,13,13,38.0,25.0
3,萬里,2020-08-09,33,7,2.0,nan,14,8,33.0,nan
2,汐止,2020-08-09,35,4,5.0,nan,17,24,35.0,28.0
1,基隆,2020-08-09,32,6,3.0,nan,17,17,32.0,24.0
65,宜蘭,2020-08-10,28,4,2.0,nan,19.0,8,28.0,24.0
21,龍潭,2020-08-10,44,6,3.0,nan,20.0,16,44.0,38.0
66,冬山,2020-08-10,26,4,2.0,nan,19.0,12,26.0,23.0
67,三重,2020-08-10,55,6,16.0,nan,27.0,42,nan,55.0
16,大同,2020-08-10,49,6,25.0,nan,28.0,37,nan,49.0
68,中壢,2020-08-10,35,6,11.0,nan,23.0,35,nan,nan
69,竹山,2020-08-10,44,4,2.0,nan,20.0,17,44.0,35.0
22,湖口,2020-08-10,38,6,2.0,nan,21.0,18,38.0,38.0
70,永和,2020-08-10,34,6,15.0,nan,20.0,26,nan,34.0
23,竹東,2020-08-10,46,3,2.0,nan,21.0,8,46.0,28.0
71,復興,2020-08-10,22,10,5.0,nan,18.0,22,nan,nan
72,埔里,2020-08-10,37,3,3.0,nan,18.0,10,37.0,31.0
75,馬祖,2020-08-10,20,6,1.0,nan,20.0,13,18.0,nan
77,金門,2020-08-10,26,7,1.0,nan,15.0,24,26.0,nan
78,馬公,2020-08-10,19,3,2.0,nan,13.0,8,19.0,11.0
80,關山,2020-08-10,19,3,nan,nan,6.0,4,19.0,nan
83,麥寮,2020-08-10,29,4,2.0,nan,18.0,12,nan,29.0
7,新莊,2020-08-10,97,10,5.0,nan,27.0,25,97.0,51.0
84,富貴角,2020-08-10,39,4,2.0,nan,nan,13,39.0,28.0
17,桃園,2020-08-10,44,9,5.0,nan,23.0,24,44.0,nan
24,新竹,2020-08-10,43,6,3.0,nan,18.0,16,39.0,43.0
6,板橋,2020-08-10,80,3,6.0,nan,24.0,27,80.0,42.0
11,士林,2020-08-10,64,6,6.0,nan,22.0,25,64.0,42.0
25,頭份,2020-08-10,37,7,3.0,nan,18.0,16,nan,37.0
13,萬華,2020-08-10,58,6,7.0,nan,23.0,34,58.0,42.0
14,古亭,2020-08-10,71,7,5.0,nan,20.0,21,71.0,42.0
26,苗栗,2020-08-10,43,4,2.0,nan,23.0,15,35.0,43.0
27,三義,2020-08-10,38,4,2.0,nan,21.0,8,38.0,nan
28,豐原,2020-08-10,44,4,3.0,nan,22.0,9,44.0,42.0
5,土城,2020-08-10,104,6,5.0,nan,24.0,24,104.0,nan
12,中山,2020-08-10,46,6,8.0,nan,23.0,29,46.0,37.0
29,沙鹿,2020-08-10,35,3,3.0,nan,19.0,16,35.0,31.0
30,大里,2020-08-10,44,7,6.0,nan,25.0,11,44.0,44.0
4,新店,2020-08-10,87,6,5.0,nan,19.0,17,87.0,37.0
18,大園,2020-08-10,43,6,3.0,nan,23.0,20,43.0,40.0
31,忠明,2020-08-10,46,14,6.0,nan,21.0,28,45.0,46.0
32,西屯,2020-08-10,25,16,5.0,nan,nan,25,25.0,nan
3,萬里,2020-08-10,48,7,2.0,nan,21.0,13,48.0,nan
33,彰化,2020-08-10,40,11,3.0,nan,19.0,14,36.0,40.0
34,線西,2020-08-10,23,9,3.0,nan,23.0,20,nan,nan
35,二林,2020-08-10,41,7,2.0,nan,21.0,13,31.0,41.0
2,汐止,2020-08-10,45,6,5.0,nan,21.0,23,45.0,37.0
36,南投,2020-08-10,40,3,5.0,nan,21.0,14,40.0,nan
37,斗六,2020-08-10,49,6,3.0,nan,21.0,18,49.0,35.0
38,崙背,2020-08-10,34,4,2.0,nan,22.0,14,34.0,31.0
15,松山,2020-08-10,45,6,6.0,nan,21.0,26,45.0,nan
39,新港,2020-08-10,37,10,2.0,nan,18.0,16,36.0,37.0
40,朴子,2020-08-10,34,6,2.0,nan,17.0,13,34.0,24.0
41,臺西,2020-08-10,27,4,2.0,nan,16.0,8,nan,27.0
42,嘉義,2020-08-10,37,4,3.0,nan,19.0,16,37.0,35.0
1,基隆,2020-08-10,31,4,3.0,nan,18.0,13,31.0,25.0
19,觀音,2020-08-10,33,7,2.0,nan,19.0,17,33.0,33.0
43,新營,2020-08-10,36,3,3.0,nan,18.0,10,36.0,31.0
44,善化,2020-08-10,38,6,2.0,nan,15.0,9,38.0,28.0
45,安南,2020-08-10,36,24,3.0,nan,29.0,19,36.0,35.0
10,淡水,2020-08-10,49,4,3.0,nan,21.0,20,49.0,43.0
20,平鎮,2020-08-10,44,6,3.0,nan,25.0,27,44.0,41.0
46,臺南,2020-08-10,31,4,3.0,nan,16.0,11,31.0,nan
47,美濃,2020-08-10,31,3,2.0,nan,17.0,4,31.0,31.0
48,橋頭,2020-08-10,30,7,2.0,nan,18.0,12,29.0,30.0
49,仁武,2020-08-10,27,9,2.0,nan,20.0,10,27.0,nan
50,鳳山,2020-08-10,28,4,3.0,nan,18.0,9,nan,28.0
51,大寮,2020-08-10,32,7,2.0,nan,32.0,10,24.0,32.0
52,林園,2020-08-10,26,3,2.0,nan,26.0,5,25.0,nan
53,楠梓,2020-08-10,31,9,3.0,nan,19.0,14,25.0,31.0
54,左營,2020-08-10,24,7,3.0,nan,21.0,14,24.0,21.0
56,前金,2020-08-10,28,17,3.0,nan,21.0,16,28.0,26.0
9,林口,2020-08-10,90,10,3.0,nan,25.0,25,90.0,52.0
8,菜寮,2020-08-10,80,7,7.0,nan,25.0,30,80.0,51.0
57,前鎮,2020-08-10,29,14,7.0,nan,23.0,21,nan,29.0
58,小港,2020-08-10,36,36,9.0,nan,31.0,17,21.0,35.0
59,屏東,2020-08-10,30,4,3.0,nan,18.0,9,30.0,23.0
60,潮州,2020-08-10,23,4,2.0,nan,18.0,5,23.0,nan
61,恆春,2020-08-10,27,1,1.0,nan,12.0,2,27.0,nan
62,臺東,2020-08-10,18,3,3.0,nan,9.0,11,17.0,18.0
63,花蓮,2020-08-10,23,3,1.0,nan,16.0,8,23.0,nan
64,陽明,2020-08-10,39,4,1.0,nan,16.0,6,39.0,39.0
61,恆春,2020-08-11,27,1,1.0,nan,17.0,1,27.0,nan
24,新竹,2020-08-11,34,7,5.0,nan,18.0,23,34.0,30.0
22,湖口,2020-08-11,38,13,2.0,nan,15.0,21,38.0,33.0
25,頭份,2020-08-11,25,6,5.0,nan,20.0,24,nan,25.0
26,苗栗,2020-08-11,26,3,3.0,nan,20.0,12,22.0,26.0
21,龍潭,2020-08-11,29,6,3.0,nan,16.0,15,29.0,22.0
20,平鎮,2020-08-11,38,6,5.0,nan,20.0,25,28.0,38.0
19,觀音,2020-08-11,36,7,3.0,nan,16.0,23,36.0,33.0
18,大園,2020-08-11,31,9,3.0,nan,19.0,23,30.0,31.0
27,三義,2020-08-11,21,4,2.0,nan,17.0,11,21.0,21.0
28,豐原,2020-08-11,24,4,5.0,nan,18.0,15,24.0,19.0
17,桃園,2020-08-11,41,13,6.0,nan,22.0,29,24.0,41.0
29,沙鹿,2020-08-11,25,4,5.0,nan,11.0,25,24.0,15.0
16,大同,2020-08-11,36,6,20.0,nan,22.0,35,nan,36.0
30,大里,2020-08-11,25,4,5.0,nan,21.0,16,21.0,25.0
15,松山,2020-08-11,31,6,8.0,nan,16.0,31,28.0,30.0
31,忠明,2020-08-11,31,4,5.0,nan,14.0,22,31.0,nan
32,西屯,2020-08-11,28,3,5.0,nan,19.0,24,24.0,28.0
33,彰化,2020-08-11,24,4,3.0,nan,13.0,8,24.0,20.0
34,線西,2020-08-11,19,4,3.0,nan,19.0,17,nan,nan
35,二林,2020-08-11,23,6,2.0,nan,16.0,11,20.0,23.0
36,南投,2020-08-11,23,3,3.0,nan,18.0,10,23.0,nan
37,斗六,2020-08-11,21,6,3.0,nan,18.0,16,21.0,16.0
38,崙背,2020-08-11,22,1,2.0,nan,14.0,15,22.0,11.0
39,新港,2020-08-11,20,4,2.0,nan,12.0,16,20.0,16.0
40,朴子,2020-08-11,21,6,2.0,nan,14.0,12,21.0,12.0
41,臺西,2020-08-11,14,4,1.0,nan,14.0,10,nan,nan
42,嘉義,2020-08-11,19,1,2.0,nan,14.0,10,19.0,13.0
43,新營,2020-08-11,20,3,2.0,nan,11.0,8,20.0,12.0
44,善化,2020-08-11,20,4,2.0,nan,9.0,11,20.0,9.0
45,安南,2020-08-11,30,7,6.0,nan,21.0,24,19.0,30.0
46,臺南,2020-08-11,22,6,5.0,nan,15.0,22,19.0,nan
47,美濃,2020-08-11,20,6,1.0,nan,12.0,5,20.0,nan
48,橋頭,2020-08-11,21,7,3.0,nan,14.0,19,21.0,nan
49,仁武,2020-08-11,24,4,2.0,nan,15.0,11,24.0,nan
50,鳳山,2020-08-11,16,6,3.0,nan,16.0,11,nan,14.0
51,大寮,2020-08-11,24,3,1.0,nan,14.0,7,24.0,13.0
52,林園,2020-08-11,39,1,1.0,nan,39.0,3,27.0,nan
53,楠梓,2020-08-11,21,7,3.0,nan,16.0,19,21.0,15.0
54,左營,2020-08-11,23,13,5.0,nan,15.0,23,19.0,15.0
56,前金,2020-08-11,26,14,5.0,nan,18.0,26,19.0,19.0
57,前鎮,2020-08-11,25,16,10.0,nan,19.0,25,nan,23.0
58,小港,2020-08-11,32,31,7.0,nan,30.0,20,13.0,32.0
59,屏東,2020-08-11,24,3,3.0,nan,11.0,10,24.0,6.0
60,潮州,2020-08-11,24,3,1.0,nan,9.0,3,24.0,8.0
23,竹東,2020-08-11,24,3,2.0,nan,16.0,12,24.0,17.0
62,臺東,2020-08-11,18,1,5.0,nan,11.0,15,18.0,16.0
63,花蓮,2020-08-11,19,9,2.0,nan,19.0,8,17.0,nan
64,陽明,2020-08-11,26,3,1.0,nan,8.0,2,26.0,15.0
65,宜蘭,2020-08-11,26,4,2.0,nan,19.0,8,26.0,21.0
66,冬山,2020-08-11,23,4,2.0,nan,19.0,13,23.0,20.0
67,三重,2020-08-11,43,11,18.0,nan,22.0,34,nan,43.0
68,中壢,2020-08-11,40,6,16.0,nan,19.0,39,nan,40.0
69,竹山,2020-08-11,25,4,2.0,nan,16.0,14,25.0,17.0
70,永和,2020-08-11,26,3,12.0,nan,17.0,25,nan,26.0
71,復興,2020-08-11,23,16,6.0,nan,17.0,23,nan,22.0
72,埔里,2020-08-11,27,3,3.0,nan,15.0,9,27.0,20.0
75,馬祖,2020-08-11,17,4,1.0,nan,17.0,10,17.0,nan
77,金門,2020-08-11,23,3,1.0,nan,20.0,8,23.0,nan
78,馬公,2020-08-11,22,4,3.0,nan,19.0,16,22.0,15.0
80,關山,2020-08-11,15,1,nan,nan,9.0,4,15.0,nan
83,麥寮,2020-08-11,18,3,2.0,nan,16.0,15,nan,18.0
84,富貴角,2020-08-11,35,1,1.0,nan,nan,11,35.0,20.0
1,基隆,2020-08-11,34,6,5.0,nan,19.0,25,34.0,30.0
2,汐止,2020-08-11,27,10,7.0,nan,19.0,25,24.0,27.0
3,萬里,2020-08-11,40,7,2.0,nan,18.0,18,40.0,28.0
4,新店,2020-08-11,30,4,5.0,nan,14.0,21,30.0,20.0
14,古亭,2020-08-11,31,7,7.0,nan,15.0,26,31.0,23.0
5,土城,2020-08-11,32,4,6.0,nan,20.0,23,32.0,26.0
6,板橋,2020-08-11,29,4,8.0,nan,18.0,25,29.0,27.0
7,新莊,2020-08-11,37,10,9.0,nan,25.0,25,33.0,37.0
8,菜寮,2020-08-11,34,11,9.0,nan,19.0,30,16.0,34.0
9,林口,2020-08-11,36,9,6.0,nan,19.0,29,31.0,36.0
10,淡水,2020-08-11,26,4,5.0,nan,20.0,21,26.0,26.0
11,士林,2020-08-11,31,6,7.0,nan,18.0,30,30.0,31.0
12,中山,2020-08-11,32,7,10.0,nan,19.0,32,18.0,26.0
13,萬華,2020-08-11,29,6,8.0,nan,18.0,27,25.0,29.0
28,豐原,2020-08-12,45,3,2.0,nan,19,12,45.0,22.0
69,竹山,2020-08-12,31,3,2.0,nan,14,13,31.0,15.0
13,萬華,2020-08-12,35,6,9.0,nan,19,34,35.0,28.0
68,中壢,2020-08-12,39,6,23.0,nan,23,39,nan,35.0
12,中山,2020-08-12,38,7,11.0,nan,21,38,33.0,32.0
48,橋頭,2020-08-12,30,7,2.0,nan,30,16,22.0,nan
29,沙鹿,2020-08-12,37,6,3.0,nan,11,29,37.0,12.0
19,觀音,2020-08-12,44,10,3.0,nan,21,24,44.0,34.0
49,仁武,2020-08-12,19,16,5.0,nan,18,19,19.0,nan
71,復興,2020-08-12,28,11,5.0,nan,28,17,nan,21.0
22,湖口,2020-08-12,47,6,2.0,nan,16,20,47.0,29.0
67,三重,2020-08-12,46,9,22.0,nan,25,46,nan,38.0
30,大里,2020-08-12,44,6,3.0,nan,19,15,44.0,24.0
66,冬山,2020-08-12,25,4,2.0,nan,19,10,24.0,25.0
50,鳳山,2020-08-12,19,9,5.0,nan,18,19,nan,19.0
65,宜蘭,2020-08-12,28,4,2.0,nan,19,7,28.0,20.0
11,士林,2020-08-12,37,7,6.0,nan,21,25,37.0,28.0
10,淡水,2020-08-12,30,4,7.0,nan,20,18,30.0,25.0
64,陽明,2020-08-12,27,4,nan,nan,10,2,27.0,14.0
80,關山,2020-08-12,19,3,nan,nan,15,3,19.0,nan
63,花蓮,2020-08-12,28,6,2.0,nan,21,8,28.0,nan
31,忠明,2020-08-12,47,9,5.0,nan,13,21,47.0,nan
51,大寮,2020-08-12,50,6,2.0,nan,50,13,21.0,28.0
62,臺東,2020-08-12,26,1,3.0,nan,18,9,26.0,19.0
9,林口,2020-08-12,38,7,5.0,nan,16,27,38.0,28.0
61,恆春,2020-08-12,23,3,1.0,nan,6,3,23.0,10.0
52,林園,2020-08-12,28,4,2.0,nan,28,10,22.0,nan
32,西屯,2020-08-12,43,14,3.0,nan,16,23,43.0,23.0
8,菜寮,2020-08-12,36,10,10.0,nan,21,33,36.0,32.0
53,楠梓,2020-08-12,22,13,5.0,nan,19,20,22.0,19.0
7,新莊,2020-08-12,37,14,7.0,nan,26,29,36.0,37.0
60,潮州,2020-08-12,30,3,2.0,nan,19,8,30.0,22.0
54,左營,2020-08-12,39,17,5.0,nan,39,13,19.0,22.0
59,屏東,2020-08-12,31,6,3.0,nan,18,10,31.0,14.0
33,彰化,2020-08-12,38,4,3.0,nan,13,13,38.0,19.0
6,板橋,2020-08-12,38,4,8.0,nan,19,27,38.0,30.0
58,小港,2020-08-12,25,16,3.0,nan,25,18,17.0,22.0
77,金門,2020-08-12,27,4,2.0,nan,15,17,27.0,nan
56,前金,2020-08-12,28,11,2.0,nan,28,15,18.0,17.0
34,線西,2020-08-12,19,7,3.0,nan,19,16,nan,nan
23,竹東,2020-08-12,44,6,3.0,nan,20,8,44.0,20.0
57,前鎮,2020-08-12,44,10,6.0,nan,44,18,nan,26.0
18,大園,2020-08-12,51,7,3.0,nan,21,28,51.0,31.0
35,二林,2020-08-12,32,6,2.0,nan,17,10,32.0,23.0
5,土城,2020-08-12,45,4,6.0,nan,25,29,45.0,32.0
36,南投,2020-08-12,35,3,3.0,nan,15,9,35.0,nan
37,斗六,2020-08-12,33,6,2.0,nan,18,8,33.0,10.0
4,新店,2020-08-12,44,4,5.0,nan,19,20,44.0,28.0
24,新竹,2020-08-12,58,6,8.0,nan,19,31,58.0,33.0
1,基隆,2020-08-12,24,4,5.0,nan,18,23,24.0,24.0
3,萬里,2020-08-12,36,9,2.0,nan,17,7,36.0,21.0
21,龍潭,2020-08-12,46,6,5.0,nan,19,27,46.0,24.0
38,崙背,2020-08-12,27,4,2.0,nan,16,9,27.0,10.0
83,麥寮,2020-08-12,19,3,2.0,nan,16,8,nan,19.0
75,馬祖,2020-08-12,50,3,2.0,nan,14,11,50.0,19.0
39,新港,2020-08-12,29,3,2.0,nan,14,13,29.0,18.0
25,頭份,2020-08-12,21,3,3.0,nan,21,16,nan,nan
2,汐止,2020-08-12,39,6,5.0,nan,20,26,39.0,32.0
17,桃園,2020-08-12,37,24,7.0,nan,25,32,29.0,37.0
84,富貴角,2020-08-12,40,4,2.0,nan,17,20,40.0,18.0
40,朴子,2020-08-12,29,4,2.0,nan,15,8,29.0,13.0
78,馬公,2020-08-12,19,4,2.0,nan,16,7,19.0,11.0
16,大同,2020-08-12,42,6,25.0,nan,24,42,nan,39.0
41,臺西,2020-08-12,15,4,2.0,nan,15,9,nan,nan
26,苗栗,2020-08-12,42,4,5.0,nan,22,19,42.0,30.0
42,嘉義,2020-08-12,28,3,2.0,nan,15,15,28.0,15.0
15,松山,2020-08-12,36,9,7.0,nan,19,32,36.0,31.0
70,永和,2020-08-12,31,6,11.0,nan,19,31,nan,30.0
43,新營,2020-08-12,26,6,2.0,nan,11,8,26.0,13.0
27,三義,2020-08-12,46,6,2.0,nan,17,11,46.0,24.0
20,平鎮,2020-08-12,39,9,6.0,nan,22,35,39.0,36.0
44,善化,2020-08-12,24,10,2.0,nan,10,11,24.0,17.0
45,安南,2020-08-12,23,6,3.0,nan,19,17,23.0,23.0
14,古亭,2020-08-12,30,6,6.0,nan,19,25,30.0,27.0
72,埔里,2020-08-12,37,3,3.0,nan,15,12,37.0,19.0
46,臺南,2020-08-12,23,10,3.0,nan,16,21,23.0,nan
47,美濃,2020-08-12,45,3,2.0,nan,18,6,45.0,nan
54,左營,2020-08-13,43,9,7.0,nan,19,34,43.0,23.0
11,士林,2020-08-13,77,6,5.0,nan,21,31,77.0,36.0
17,桃園,2020-08-13,46,21,6.0,nan,26,26,42.0,46.0
16,大同,2020-08-13,52,4,19.0,nan,26,52,nan,39.0
78,馬公,2020-08-13,28,4,2.0,nan,9,6,28.0,13.0
10,淡水,2020-08-13,93,4,5.0,nan,22,20,93.0,39.0
4,新店,2020-08-13,58,6,5.0,nan,17,19,58.0,34.0
15,松山,2020-08-13,46,4,6.0,nan,21,31,46.0,37.0
5,土城,2020-08-13,71,6,5.0,nan,25,24,71.0,37.0
43,新營,2020-08-13,37,7,2.0,nan,13,8,37.0,22.0
80,關山,2020-08-13,12,3,nan,nan,10,2,12.0,11.0
14,古亭,2020-08-13,67,4,5.0,nan,19,28,67.0,36.0
44,善化,2020-08-13,38,6,2.0,nan,14,10,38.0,nan
45,安南,2020-08-13,40,4,3.0,nan,19,21,40.0,28.0
8,菜寮,2020-08-13,90,4,6.0,nan,21,28,90.0,39.0
13,萬華,2020-08-13,67,4,7.0,nan,22,35,67.0,36.0
46,臺南,2020-08-13,38,6,5.0,nan,15,25,38.0,nan
47,美濃,2020-08-13,37,3,2.0,nan,16,4,37.0,nan
83,麥寮,2020-08-13,19,4,2.0,nan,18,7,nan,19.0
48,橋頭,2020-08-13,42,7,3.0,nan,19,14,42.0,nan
6,板橋,2020-08-13,67,4,7.0,nan,20,33,67.0,34.0
49,仁武,2020-08-13,40,9,5.0,nan,20,26,40.0,nan
50,鳳山,2020-08-13,24,4,5.0,nan,17,14,nan,24.0
51,大寮,2020-08-13,38,23,3.0,nan,24,24,38.0,34.0
52,林園,2020-08-13,54,7,2.0,nan,28,13,54.0,nan
53,楠梓,2020-08-13,38,4,3.0,nan,17,21,38.0,24.0
38,崙背,2020-08-13,33,4,2.0,nan,17,7,33.0,12.0
37,斗六,2020-08-13,39,6,2.0,nan,19,8,39.0,15.0
56,前金,2020-08-13,35,11,8.0,nan,18,33,35.0,nan
57,前鎮,2020-08-13,32,6,9.0,nan,20,32,nan,29.0
36,南投,2020-08-13,41,6,5.0,nan,17,16,41.0,nan
58,小港,2020-08-13,37,4,3.0,nan,19,26,37.0,27.0
35,二林,2020-08-13,28,7,2.0,nan,19,9,28.0,21.0
59,屏東,2020-08-13,38,4,3.0,nan,18,11,38.0,20.0
60,潮州,2020-08-13,47,6,2.0,nan,21,11,47.0,34.0
34,線西,2020-08-13,18,7,2.0,nan,16,18,nan,nan
61,恆春,2020-08-13,16,1,1.0,nan,7,1,16.0,10.0
62,臺東,2020-08-13,18,1,2.0,nan,12,8,18.0,14.0
33,彰化,2020-08-13,24,16,5.0,nan,11,18,24.0,16.0
63,花蓮,2020-08-13,20,3,1.0,nan,13,6,20.0,nan
32,西屯,2020-08-13,27,3,3.0,nan,16,22,27.0,18.0
64,陽明,2020-08-13,38,10,1.0,nan,12,2,38.0,nan
65,宜蘭,2020-08-13,22,3,2.0,nan,11,4,22.0,16.0
31,忠明,2020-08-13,32,4,5.0,nan,11,17,32.0,nan
66,冬山,2020-08-13,20,4,2.0,nan,17,11,20.0,nan
30,大里,2020-08-13,29,3,3.0,nan,18,14,29.0,24.0
67,三重,2020-08-13,49,4,14.0,nan,24,40,nan,49.0
29,沙鹿,2020-08-13,30,4,5.0,nan,9,30,27.0,14.0
68,中壢,2020-08-13,42,7,14.0,nan,22,39,nan,42.0
69,竹山,2020-08-13,39,6,2.0,nan,18,13,39.0,18.0
28,豐原,2020-08-13,26,3,2.0,nan,15,8,26.0,16.0
70,永和,2020-08-13,33,4,12.0,nan,20,26,nan,33.0
27,三義,2020-08-13,23,6,2.0,nan,10,9,23.0,14.0
71,復興,2020-08-13,30,7,9.0,nan,18,30,nan,28.0
72,埔里,2020-08-13,36,3,2.0,nan,15,11,36.0,19.0
9,林口,2020-08-13,126,6,3.0,nan,20,27,126.0,44.0
26,苗栗,2020-08-13,23,3,2.0,nan,19,12,23.0,20.0
25,頭份,2020-08-13,17,3,2.0,nan,17,13,nan,nan
24,新竹,2020-08-13,40,7,5.0,nan,19,14,40.0,26.0
23,竹東,2020-08-13,37,6,2.0,nan,21,8,37.0,23.0
22,湖口,2020-08-13,45,4,3.0,nan,17,21,45.0,nan
21,龍潭,2020-08-13,42,6,5.0,nan,19,18,42.0,30.0
1,基隆,2020-08-13,26,11,3.0,nan,14,12,26.0,20.0
75,馬祖,2020-08-13,25,3,1.0,nan,11,10,25.0,12.0
20,平鎮,2020-08-13,38,9,5.0,nan,25,23,36.0,38.0
7,新莊,2020-08-13,84,4,6.0,nan,25,26,84.0,35.0
19,觀音,2020-08-13,45,10,3.0,nan,23,17,45.0,nan
77,金門,2020-08-13,20,7,1.0,nan,12,20,19.0,16.0
39,新港,2020-08-13,43,4,2.0,nan,16,8,43.0,23.0
40,朴子,2020-08-13,38,6,2.0,nan,16,8,38.0,19.0
41,臺西,2020-08-13,15,11,1.0,nan,14,15,nan,nan
42,嘉義,2020-08-13,35,6,3.0,nan,18,11,35.0,19.0
2,汐止,2020-08-13,35,7,5.0,nan,19,25,35.0,32.0
12,中山,2020-08-13,49,3,8.0,nan,22,35,49.0,39.0
18,大園,2020-08-13,71,9,3.0,nan,24,22,71.0,43.0
84,富貴角,2020-08-13,80,6,2.0,nan,15,8,80.0,21.0
3,萬里,2020-08-13,32,6,2.0,nan,15,8,32.0,22.0
75,馬祖,2020-08-14,24,6,1.0,nan,18,12,24.0,23.0
15,松山,2020-08-14,36,4,5.0,nan,15,24,36.0,22.0
20,平鎮,2020-08-14,31,4,5.0,nan,19,26,31.0,29.0
37,斗六,2020-08-14,35,4,2.0,nan,17,7,35.0,17.0
6,板橋,2020-08-14,38,6,7.0,nan,18,30,38.0,27.0
77,金門,2020-08-14,29,9,2.0,nan,18,14,29.0,24.0
65,宜蘭,2020-08-14,23,4,2.0,nan,10,5,23.0,11.0
7,新莊,2020-08-14,42,21,6.0,nan,21,26,42.0,nan
80,關山,2020-08-14,14,3,nan,nan,8,0,14.0,6.0
36,南投,2020-08-14,35,6,2.0,nan,15,12,35.0,22.0
50,鳳山,2020-08-14,23,4,5.0,nan,14,11,nan,23.0
19,觀音,2020-08-14,31,9,2.0,nan,15,14,31.0,nan
8,菜寮,2020-08-14,40,7,7.0,nan,16,28,40.0,26.0
35,二林,2020-08-14,25,7,2.0,nan,18,9,25.0,21.0
83,麥寮,2020-08-14,27,16,2.0,nan,17,12,nan,27.0
67,三重,2020-08-14,34,9,15.0,nan,19,34,nan,33.0
61,恆春,2020-08-14,18,1,1.0,nan,9,1,18.0,10.0
57,前鎮,2020-08-14,30,6,7.0,nan,16,30,nan,29.0
9,林口,2020-08-14,35,6,5.0,nan,13,25,35.0,21.0
18,大園,2020-08-14,31,6,3.0,nan,17,25,31.0,26.0
34,線西,2020-08-14,13,10,2.0,nan,13,12,nan,nan
10,淡水,2020-08-14,32,6,2.0,nan,13,17,32.0,23.0
11,士林,2020-08-14,44,6,3.0,nan,16,28,44.0,20.0
33,彰化,2020-08-14,21,14,3.0,nan,11,11,21.0,18.0
12,中山,2020-08-14,35,3,7.0,nan,16,32,35.0,22.0
32,西屯,2020-08-14,25,3,2.0,nan,12,17,25.0,16.0
17,桃園,2020-08-14,34,9,6.0,nan,19,34,26.0,31.0
13,萬華,2020-08-14,43,4,6.0,nan,16,27,43.0,19.0
31,忠明,2020-08-14,31,3,3.0,nan,10,16,31.0,nan
56,前金,2020-08-14,43,9,5.0,nan,15,28,43.0,nan
30,大里,2020-08-14,29,10,3.0,nan,18,17,29.0,21.0
62,臺東,2020-08-14,17,3,2.0,nan,11,8,17.0,15.0
54,左營,2020-08-14,40,6,5.0,nan,18,26,40.0,28.0
29,沙鹿,2020-08-14,24,7,3.0,nan,8,24,22.0,13.0
63,花蓮,2020-08-14,25,3,1.0,nan,12,8,25.0,nan
66,冬山,2020-08-14,19,4,2.0,nan,19,10,19.0,nan
28,豐原,2020-08-14,26,3,2.0,nan,14,8,26.0,13.0
84,富貴角,2020-08-14,39,3,1.0,nan,10,9,39.0,16.0
58,小港,2020-08-14,40,6,3.0,nan,19,24,40.0,32.0
51,大寮,2020-08-14,39,6,3.0,nan,19,21,39.0,nan
1,基隆,2020-08-14,24,4,2.0,nan,10,11,24.0,17.0
27,三義,2020-08-14,23,3,1.0,nan,10,8,23.0,16.0
71,復興,2020-08-14,31,6,7.0,nan,15,26,nan,31.0
42,嘉義,2020-08-14,35,3,2.0,nan,17,9,35.0,21.0
43,新營,2020-08-14,42,6,2.0,nan,16,7,42.0,28.0
53,楠梓,2020-08-14,37,3,3.0,nan,17,19,37.0,24.0
72,埔里,2020-08-14,31,4,2.0,nan,13,12,31.0,15.0
41,臺西,2020-08-14,17,7,2.0,nan,17,10,nan,nan
2,汐止,2020-08-14,36,7,6.0,nan,15,18,36.0,19.0
26,苗栗,2020-08-14,22,3,2.0,nan,14,11,22.0,19.0
44,善化,2020-08-14,36,6,2.0,nan,15,7,36.0,nan
70,永和,2020-08-14,23,4,10.0,nan,15,23,nan,17.0
45,安南,2020-08-14,35,4,2.0,nan,19,15,35.0,29.0
16,大同,2020-08-14,36,7,19.0,nan,21,36,nan,nan
3,萬里,2020-08-14,40,9,2.0,nan,10,9,40.0,18.0
40,朴子,2020-08-14,35,6,2.0,nan,18,9,35.0,21.0
46,臺南,2020-08-14,34,6,3.0,nan,12,18,34.0,nan
4,新店,2020-08-14,35,4,5.0,nan,13,20,35.0,22.0
25,頭份,2020-08-14,13,3,2.0,nan,13,9,nan,nan
14,古亭,2020-08-14,40,4,5.0,nan,14,15,40.0,23.0
39,新港,2020-08-14,36,3,3.0,nan,18,10,36.0,25.0
5,土城,2020-08-14,41,4,5.0,nan,19,29,41.0,22.0
64,陽明,2020-08-14,31,6,2.0,nan,9,5,31.0,nan
24,新竹,2020-08-14,27,4,2.0,nan,14,22,27.0,23.0
38,崙背,2020-08-14,26,3,2.0,nan,19,9,26.0,11.0
78,馬公,2020-08-14,28,4,1.0,nan,12,8,28.0,12.0
47,美濃,2020-08-14,33,3,2.0,nan,16,6,33.0,nan
23,竹東,2020-08-14,29,4,2.0,nan,17,8,29.0,19.0
69,竹山,2020-08-14,35,4,2.0,nan,17,15,35.0,22.0
48,橋頭,2020-08-14,35,7,3.0,nan,18,17,35.0,nan
59,屏東,2020-08-14,33,4,3.0,nan,18,19,33.0,27.0
49,仁武,2020-08-14,36,7,3.0,nan,18,18,36.0,nan
52,林園,2020-08-14,58,6,2.0,nan,25,20,58.0,nan
22,湖口,2020-08-14,30,4,2.0,nan,13,12,30.0,nan
68,中壢,2020-08-14,35,6,11.0,nan,20,30,nan,35.0
21,龍潭,2020-08-14,37,6,3.0,nan,17,19,37.0,25.0
60,潮州,2020-08-14,40,3,2.0,nan,19,11,40.0,30.0
15,松山,2020-08-15,39,3,7.0,nan,16,30,39.0,29.0
1,基隆,2020-08-15,31,6,2.0,nan,13,16,31.0,21.0
2,汐止,2020-08-15,39,6,6.0,nan,17,18,39.0,26.0
3,萬里,2020-08-15,38,6,2.0,nan,12,9,38.0,21.0
4,新店,2020-08-15,41,4,3.0,nan,13,18,41.0,22.0
5,土城,2020-08-15,51,9,5.0,nan,22,23,51.0,23.0
6,板橋,2020-08-15,40,7,5.0,nan,19,26,40.0,32.0
7,新莊,2020-08-15,39,27,5.0,nan,24,20,39.0,nan
8,菜寮,2020-08-15,39,11,6.0,nan,19,22,39.0,31.0
9,林口,2020-08-15,34,6,3.0,nan,12,23,34.0,28.0
10,淡水,2020-08-15,30,6,5.0,nan,15,21,30.0,26.0
11,士林,2020-08-15,38,6,6.0,nan,17,25,38.0,27.0
12,中山,2020-08-15,36,4,7.0,nan,17,27,36.0,22.0
13,萬華,2020-08-15,41,4,7.0,nan,17,27,41.0,25.0
14,古亭,2020-08-15,47,3,5.0,nan,15,24,47.0,25.0
16,大同,2020-08-15,33,6,22.0,nan,21,33,nan,nan
17,桃園,2020-08-15,33,9,5.0,nan,19,28,27.0,33.0
18,大園,2020-08-15,33,4,3.0,nan,18,23,33.0,30.0
19,觀音,2020-08-15,29,6,2.0,nan,13,15,29.0,nan
20,平鎮,2020-08-15,32,6,3.0,nan,19,22,31.0,32.0
21,龍潭,2020-08-15,41,4,3.0,nan,17,18,41.0,26.0
22,湖口,2020-08-15,31,3,2.0,nan,11,20,31.0,nan
23,竹東,2020-08-15,31,4,2.0,nan,20,8,31.0,17.0
24,新竹,2020-08-15,31,7,5.0,nan,17,18,31.0,29.0
25,頭份,2020-08-15,17,3,2.0,nan,14,17,nan,nan
26,苗栗,2020-08-15,28,4,3.0,nan,18,12,28.0,25.0
27,三義,2020-08-15,30,3,2.0,nan,14,11,30.0,21.0
28,豐原,2020-08-15,32,7,6.0,nan,16,12,32.0,19.0
29,沙鹿,2020-08-15,27,11,3.0,nan,12,16,27.0,18.0
30,大里,2020-08-15,34,7,3.0,nan,19,19,34.0,32.0
31,忠明,2020-08-15,35,26,5.0,nan,14,21,35.0,30.0
32,西屯,2020-08-15,27,20,5.0,nan,17,16,27.0,23.0
33,彰化,2020-08-15,31,11,3.0,nan,13,12,31.0,24.0
34,線西,2020-08-15,26,10,2.0,nan,19,12,nan,26.0
35,二林,2020-08-15,29,9,2.0,nan,19,8,29.0,27.0
36,南投,2020-08-15,37,4,3.0,nan,15,11,37.0,23.0
37,斗六,2020-08-15,40,4,2.0,nan,17,6,40.0,19.0
38,崙背,2020-08-15,30,4,2.0,nan,16,9,30.0,nan
39,新港,2020-08-15,39,11,2.0,nan,18,12,39.0,nan
40,朴子,2020-08-15,34,10,2.0,nan,15,8,34.0,22.0
41,臺西,2020-08-15,24,4,1.0,nan,13,8,nan,24.0
42,嘉義,2020-08-15,36,6,3.0,nan,18,20,36.0,23.0
43,新營,2020-08-15,35,4,2.0,nan,14,14,35.0,21.0
44,善化,2020-08-15,34,10,2.0,nan,15,11,34.0,nan
45,安南,2020-08-15,35,9,2.0,nan,17,21,35.0,28.0
46,臺南,2020-08-15,34,4,6.0,nan,12,25,34.0,21.0
47,美濃,2020-08-15,31,3,2.0,nan,13,4,31.0,22.0
48,橋頭,2020-08-15,46,4,3.0,nan,15,16,46.0,24.0
49,仁武,2020-08-15,40,7,3.0,nan,15,21,40.0,23.0
50,鳳山,2020-08-15,22,4,5.0,nan,12,21,nan,22.0
51,大寮,2020-08-15,44,9,5.0,nan,18,24,44.0,nan
52,林園,2020-08-15,77,13,2.0,nan,19,18,77.0,30.0
53,楠梓,2020-08-15,41,3,3.0,nan,15,17,41.0,24.0
54,左營,2020-08-15,45,7,3.0,nan,14,19,45.0,23.0
56,前金,2020-08-15,48,7,5.0,nan,13,19,48.0,nan
57,前鎮,2020-08-15,32,6,7.0,nan,14,30,nan,32.0
58,小港,2020-08-15,49,3,6.0,nan,14,28,49.0,26.0
59,屏東,2020-08-15,36,6,3.0,nan,16,16,36.0,24.0
60,潮州,2020-08-15,35,3,2.0,nan,17,8,35.0,25.0
61,恆春,2020-08-15,24,1,1.0,nan,9,1,24.0,15.0
62,臺東,2020-08-15,26,4,3.0,nan,15,15,26.0,20.0
63,花蓮,2020-08-15,27,3,1.0,nan,15,7,27.0,21.0
64,陽明,2020-08-15,29,4,1.0,nan,9,6,29.0,nan
65,宜蘭,2020-08-15,26,4,2.0,nan,14,8,26.0,24.0
66,冬山,2020-08-15,24,6,2.0,nan,19,9,24.0,nan
67,三重,2020-08-15,39,11,16.0,nan,19,35,nan,39.0
68,中壢,2020-08-15,36,4,14.0,nan,19,32,nan,36.0
69,竹山,2020-08-15,37,4,2.0,nan,17,15,37.0,21.0
70,永和,2020-08-15,28,4,10.0,nan,16,28,nan,27.0
71,復興,2020-08-15,30,7,8.0,nan,13,30,nan,29.0
72,埔里,2020-08-15,32,4,3.0,nan,15,9,32.0,20.0
75,馬祖,2020-08-15,34,7,1.0,nan,21,16,nan,34.0
77,金門,2020-08-15,39,9,2.0,nan,22,16,36.0,39.0
78,馬公,2020-08-15,25,4,1.0,nan,10,9,25.0,12.0
80,關山,2020-08-15,18,3,nan,nan,14,2,18.0,14.0
83,麥寮,2020-08-15,31,11,2.0,nan,18,12,nan,31.0
84,富貴角,2020-08-15,34,1,2.0,nan,9,10,34.0,19.0
30,大里,2020-08-16,45,6,3.0,nan,20,15,45.0,35.0
15,松山,2020-08-16,40,3,3.0,nan,17,18,22.0,40.0
3,萬里,2020-08-16,42,7,2.0,nan,18,7,16.0,42.0
58,小港,2020-08-16,54,6,5.0,nan,20,21,54.0,40.0
9,林口,2020-08-16,42,6,2.0,nan,16,16,42.0,37.0
67,三重,2020-08-16,46,6,12.0,nan,20,36,nan,46.0
59,屏東,2020-08-16,45,4,3.0,nan,22,11,45.0,42.0
56,前金,2020-08-16,46,9,5.0,nan,19,25,46.0,nan
41,臺西,2020-08-16,27,10,2.0,nan,16,13,nan,27.0
40,朴子,2020-08-16,44,10,3.0,nan,21,8,44.0,33.0
83,麥寮,2020-08-16,25,9,2.0,nan,19,8,nan,25.0
29,沙鹿,2020-08-16,40,3,3.0,nan,12,24,40.0,18.0
28,豐原,2020-08-16,43,4,2.0,nan,16,12,43.0,23.0
16,大同,2020-08-16,34,4,16.0,nan,32,34,nan,nan
53,楠梓,2020-08-16,46,7,3.0,nan,20,18,46.0,36.0
48,橋頭,2020-08-16,45,7,3.0,nan,19,14,45.0,34.0
39,新港,2020-08-16,43,7,3.0,nan,21,13,43.0,nan
84,富貴角,2020-08-16,35,4,1.0,nan,15,5,25.0,35.0
68,中壢,2020-08-16,38,6,14.0,nan,21,29,nan,38.0
21,龍潭,2020-08-16,46,6,3.0,nan,19,20,46.0,27.0
1,基隆,2020-08-16,38,3,2.0,nan,16,10,18.0,38.0
50,鳳山,2020-08-16,43,6,5.0,nan,19,16,nan,43.0
27,三義,2020-08-16,40,3,1.0,nan,17,11,40.0,27.0
54,左營,2020-08-16,47,6,5.0,nan,20,25,47.0,35.0
22,湖口,2020-08-16,37,4,3.0,nan,15,16,37.0,nan
26,苗栗,2020-08-16,36,4,2.0,nan,19,14,36.0,27.0
24,新竹,2020-08-16,37,7,5.0,nan,20,20,37.0,31.0
11,士林,2020-08-16,43,6,5.0,nan,20,19,43.0,37.0
23,竹東,2020-08-16,39,3,2.0,nan,20,6,39.0,25.0
46,臺南,2020-08-16,40,10,8.0,nan,16,32,38.0,40.0
25,頭份,2020-08-16,18,3,2.0,nan,18,11,nan,nan
17,桃園,2020-08-16,49,16,5.0,nan,24,25,33.0,49.0
51,大寮,2020-08-16,58,11,3.0,nan,25,14,58.0,nan
64,陽明,2020-08-16,23,4,1.0,nan,10,5,23.0,nan
38,崙背,2020-08-16,38,9,2.0,nan,21,10,38.0,nan
7,新莊,2020-08-16,45,26,5.0,nan,23,18,45.0,nan
18,大園,2020-08-16,37,7,5.0,nan,22,27,37.0,37.0
12,中山,2020-08-16,35,3,6.0,nan,19,23,35.0,33.0
8,菜寮,2020-08-16,46,4,5.0,nan,19,19,46.0,37.0
37,斗六,2020-08-16,46,9,3.0,nan,20,8,46.0,22.0
36,南投,2020-08-16,49,3,3.0,nan,19,11,49.0,31.0
35,二林,2020-08-16,39,16,3.0,nan,27,10,35.0,39.0
34,線西,2020-08-16,26,9,3.0,nan,19,10,nan,26.0
52,林園,2020-08-16,80,23,5.0,nan,31,23,80.0,52.0
69,竹山,2020-08-16,39,4,3.0,nan,18,14,39.0,26.0
5,土城,2020-08-16,50,6,3.0,nan,20,24,50.0,35.0
63,花蓮,2020-08-16,45,3,1.0,nan,20,7,22.0,45.0
4,新店,2020-08-16,38,3,2.0,nan,15,8,30.0,38.0
70,永和,2020-08-16,34,6,8.0,nan,16,17,nan,34.0
62,臺東,2020-08-16,53,3,2.0,nan,22,9,19.0,53.0
33,彰化,2020-08-16,41,7,3.0,nan,16,15,41.0,28.0
10,淡水,2020-08-16,38,6,5.0,nan,17,19,34.0,38.0
66,冬山,2020-08-16,24,4,2.0,nan,24,8,19.0,nan
2,汐止,2020-08-16,40,10,5.0,nan,17,14,22.0,40.0
71,復興,2020-08-16,44,6,8.0,nan,19,25,nan,44.0
45,安南,2020-08-16,40,14,5.0,nan,19,23,40.0,36.0
72,埔里,2020-08-16,40,4,2.0,nan,18,12,40.0,25.0
57,前鎮,2020-08-16,43,7,8.0,nan,21,29,nan,43.0
6,板橋,2020-08-16,46,6,5.0,nan,19,17,46.0,38.0
75,馬祖,2020-08-16,44,3,2.0,nan,20,11,nan,44.0
44,善化,2020-08-16,41,14,2.0,nan,19,12,41.0,nan
13,萬華,2020-08-16,46,3,5.0,nan,19,19,46.0,35.0
19,觀音,2020-08-16,33,7,3.0,nan,17,20,33.0,nan
77,金門,2020-08-16,57,9,5.0,nan,28,19,47.0,57.0
32,西屯,2020-08-16,44,3,3.0,nan,16,17,44.0,29.0
61,恆春,2020-08-16,57,3,1.0,nan,25,1,19.0,57.0
65,宜蘭,2020-08-16,46,4,2.0,nan,23,6,19.0,46.0
43,新營,2020-08-16,42,9,3.0,nan,20,9,42.0,39.0
78,馬公,2020-08-16,31,4,1.0,nan,7,8,31.0,9.0
47,美濃,2020-08-16,35,3,2.0,nan,19,4,35.0,35.0
31,忠明,2020-08-16,47,3,3.0,nan,15,20,47.0,31.0
60,潮州,2020-08-16,77,9,3.0,nan,27,8,77.0,49.0
49,仁武,2020-08-16,48,13,3.0,nan,21,19,48.0,41.0
80,關山,2020-08-16,41,1,nan,nan,19,1,14.0,41.0
14,古亭,2020-08-16,40,3,3.0,nan,16,8,37.0,40.0
20,平鎮,2020-08-16,37,4,5.0,nan,19,18,37.0,37.0
42,嘉義,2020-08-16,40,3,3.0,nan,20,16,40.0,34.0
75,馬祖,2020-08-17,56,3,1.0,nan,28,5,nan,56.0
24,新竹,2020-08-17,54,10,3.0,nan,23,20,54.0,53.0
23,竹東,2020-08-17,54,3,3.0,nan,26,10,54.0,41.0
22,湖口,2020-08-17,49,4,3.0,nan,21,14,49.0,nan
21,龍潭,2020-08-17,48,6,5.0,nan,23,17,48.0,43.0
20,平鎮,2020-08-17,35,4,3.0,nan,18,21,35.0,28.0
18,大園,2020-08-17,33,9,2.0,nan,15,17,33.0,22.0
19,觀音,2020-08-17,44,6,2.0,nan,19,17,44.0,nan
5,土城,2020-08-17,17,3,2.0,nan,6,10,17.0,8.0
6,板橋,2020-08-17,16,4,3.0,nan,6,16,15.0,13.0
84,富貴角,2020-08-17,21,6,1.0,nan,6,4,21.0,8.0
83,麥寮,2020-08-17,55,4,3.0,nan,30,13,nan,55.0
7,新莊,2020-08-17,19,3,2.0,nan,10,8,19.0,nan
80,關山,2020-08-17,37,3,nan,nan,19,4,7.0,37.0
78,馬公,2020-08-17,49,4,2.0,nan,23,7,49.0,45.0
8,菜寮,2020-08-17,17,3,3.0,nan,9,10,17.0,14.0
77,金門,2020-08-17,53,11,2.0,nan,36,17,38.0,53.0
9,林口,2020-08-17,19,3,2.0,nan,7,8,19.0,10.0
25,頭份,2020-08-17,23,6,2.0,nan,23,13,nan,nan
72,埔里,2020-08-17,42,4,2.0,nan,19,10,42.0,35.0
10,淡水,2020-08-17,18,3,1.0,nan,5,3,18.0,9.0
71,復興,2020-08-17,65,11,7.0,nan,28,26,nan,65.0
1,基隆,2020-08-17,18,3,1.0,nan,8,7,18.0,9.0
70,永和,2020-08-17,7,3,5.0,nan,5,7,nan,7.0
69,竹山,2020-08-17,43,3,3.0,nan,22,15,43.0,nan
68,中壢,2020-08-17,32,6,14.0,nan,18,31,nan,32.0
67,三重,2020-08-17,19,4,10.0,nan,10,19,nan,12.0
11,士林,2020-08-17,19,3,1.0,nan,7,8,19.0,9.0
66,冬山,2020-08-17,17,6,3.0,nan,17,15,14.0,nan
2,汐止,2020-08-17,17,4,2.0,nan,6,5,17.0,11.0
65,宜蘭,2020-08-17,22,3,2.0,nan,16,7,19.0,22.0
64,陽明,2020-08-17,16,3,2.0,nan,5,1,16.0,nan
12,中山,2020-08-17,15,3,5.0,nan,7,15,15.0,6.0
63,花蓮,2020-08-17,33,3,2.0,nan,20,9,19.0,33.0
62,臺東,2020-08-17,37,1,3.0,nan,19,8,11.0,37.0
13,萬華,2020-08-17,15,4,2.0,nan,6,12,15.0,8.0
3,萬里,2020-08-17,19,6,1.0,nan,5,5,19.0,10.0
61,恆春,2020-08-17,19,1,1.0,nan,8,1,19.0,19.0
60,潮州,2020-08-17,64,14,3.0,nan,31,9,38.0,64.0
59,屏東,2020-08-17,46,7,8.0,nan,35,19,46.0,nan
58,小港,2020-08-17,65,13,6.0,nan,32,30,42.0,65.0
57,前鎮,2020-08-17,60,9,7.0,nan,31,31,nan,60.0
14,古亭,2020-08-17,18,3,1.0,nan,5,5,18.0,8.0
56,前金,2020-08-17,58,11,3.0,nan,25,20,58.0,nan
54,左營,2020-08-17,58,7,3.0,nan,24,17,58.0,44.0
53,楠梓,2020-08-17,71,19,3.0,nan,31,25,71.0,54.0
52,林園,2020-08-17,59,7,3.0,nan,35,10,44.0,59.0
51,大寮,2020-08-17,50,14,6.0,nan,37,21,50.0,nan
15,松山,2020-08-17,15,3,2.0,nan,6,13,15.0,10.0
16,大同,2020-08-17,21,4,16.0,nan,14,21,nan,nan
50,鳳山,2020-08-17,68,16,7.0,nan,32,24,nan,68.0
17,桃園,2020-08-17,18,10,3.0,nan,10,11,18.0,14.0
49,仁武,2020-08-17,61,17,5.0,nan,31,23,61.0,58.0
48,橋頭,2020-08-17,87,6,3.0,nan,28,18,87.0,53.0
47,美濃,2020-08-17,77,6,5.0,nan,32,7,77.0,69.0
46,臺南,2020-08-17,57,4,5.0,nan,25,18,49.0,57.0
45,安南,2020-08-17,48,7,3.0,nan,28,37,48.0,nan
44,善化,2020-08-17,54,9,3.0,nan,24,12,54.0,nan
43,新營,2020-08-17,56,6,3.0,nan,26,14,45.0,56.0
42,嘉義,2020-08-17,44,3,3.0,nan,24,14,39.0,44.0
41,臺西,2020-08-17,55,4,2.0,nan,25,12,nan,55.0
40,朴子,2020-08-17,55,4,3.0,nan,31,16,37.0,55.0
39,新港,2020-08-17,42,3,3.0,nan,29,17,42.0,nan
38,崙背,2020-08-17,39,6,2.0,nan,31,13,39.0,nan
37,斗六,2020-08-17,50,6,3.0,nan,26,11,50.0,nan
36,南投,2020-08-17,50,3,3.0,nan,24,13,50.0,43.0
35,二林,2020-08-17,36,7,2.0,nan,31,11,36.0,nan
34,線西,2020-08-17,54,7,3.0,nan,28,17,nan,54.0
33,彰化,2020-08-17,47,11,3.0,nan,23,11,44.0,47.0
32,西屯,2020-08-17,49,4,5.0,nan,26,30,45.0,49.0
31,忠明,2020-08-17,51,4,5.0,nan,22,29,51.0,50.0
30,大里,2020-08-17,55,7,5.0,nan,28,17,45.0,55.0
29,沙鹿,2020-08-17,44,7,5.0,nan,21,20,43.0,44.0
28,豐原,2020-08-17,46,4,3.0,nan,28,17,46.0,nan
27,三義,2020-08-17,54,6,3.0,nan,26,11,44.0,54.0
4,新店,2020-08-17,17,3,2.0,nan,5,5,17.0,6.0
26,苗栗,2020-08-17,46,6,3.0,nan,25,17,46.0,35.0
10,淡水,2020-08-18,15,3,1.0,nan,5,5,15.0,10.0
77,金門,2020-08-18,32,4,1.0,nan,23,6,27.0,32.0
75,馬祖,2020-08-18,61,3,1.0,nan,31,4,25.0,61.0
72,埔里,2020-08-18,48,4,3.0,nan,23,10,48.0,43.0
48,橋頭,2020-08-18,60,4,3.0,nan,30,17,51.0,60.0
25,頭份,2020-08-18,53,6,3.0,nan,30,18,nan,53.0
71,復興,2020-08-18,66,6,7.0,nan,29,25,nan,66.0
47,美濃,2020-08-18,63,3,3.0,nan,31,6,47.0,63.0
70,永和,2020-08-18,12,3,6.0,nan,5,12,nan,5.0
69,竹山,2020-08-18,58,4,2.0,nan,23,14,58.0,nan
24,新竹,2020-08-18,87,7,5.0,nan,29,21,87.0,60.0
46,臺南,2020-08-18,60,6,3.0,nan,27,18,47.0,60.0
21,龍潭,2020-08-18,100,6,3.0,nan,25,20,100.0,42.0
20,平鎮,2020-08-18,45,7,5.0,nan,18,21,45.0,30.0
68,中壢,2020-08-18,46,7,16.0,nan,17,46,nan,35.0
1,基隆,2020-08-18,14,3,1.0,nan,8,4,14.0,11.0
45,安南,2020-08-18,54,7,3.0,nan,29,25,54.0,nan
44,善化,2020-08-18,61,10,2.0,nan,26,11,61.0,nan
23,竹東,2020-08-18,74,11,3.0,nan,26,9,74.0,46.0
32,西屯,2020-08-18,93,6,5.0,nan,31,28,93.0,64.0
22,湖口,2020-08-18,126,6,3.0,nan,29,17,126.0,60.0
43,新營,2020-08-18,73,6,3.0,nan,28,72,47.0,73.0
42,嘉義,2020-08-18,67,6,3.0,nan,27,19,67.0,58.0
67,三重,2020-08-18,20,4,11.0,nan,9,17,nan,20.0
41,臺西,2020-08-18,62,6,2.0,nan,26,11,nan,62.0
66,冬山,2020-08-18,12,4,2.0,nan,11,10,12.0,11.0
65,宜蘭,2020-08-18,14,4,2.0,nan,14,9,13.0,13.0
29,沙鹿,2020-08-18,71,10,5.0,nan,29,25,71.0,58.0
64,陽明,2020-08-18,15,3,1.0,nan,5,1,15.0,5.0
40,朴子,2020-08-18,84,10,3.0,nan,31,15,84.0,62.0
84,富貴角,2020-08-18,19,4,1.0,nan,7,5,19.0,7.0
63,花蓮,2020-08-18,20,6,3.0,nan,13,9,20.0,14.0
39,新港,2020-08-18,87,6,5.0,nan,29,17,87.0,nan
12,中山,2020-08-18,13,3,5.0,nan,7,13,11.0,4.0
62,臺東,2020-08-18,16,1,2.0,nan,11,8,16.0,13.0
61,恆春,2020-08-18,18,1,1.0,nan,6,2,18.0,6.0
18,大園,2020-08-18,39,6,2.0,nan,12,14,39.0,16.0
11,士林,2020-08-18,17,3,1.0,nan,6,8,17.0,6.0
60,潮州,2020-08-18,77,7,3.0,nan,32,10,77.0,61.0
38,崙背,2020-08-18,90,7,2.0,nan,32,13,90.0,nan
7,新莊,2020-08-18,15,3,2.0,nan,11,11,15.0,10.0
59,屏東,2020-08-18,61,6,6.0,nan,39,19,61.0,nan
2,汐止,2020-08-18,14,3,1.0,nan,6,7,14.0,6.0
6,板橋,2020-08-18,16,3,3.0,nan,6,16,12.0,10.0
28,豐原,2020-08-18,80,6,3.0,nan,30,21,80.0,nan
58,小港,2020-08-18,67,14,6.0,nan,35,34,41.0,67.0
57,前鎮,2020-08-18,63,4,7.0,nan,31,27,nan,63.0
14,古亭,2020-08-18,15,3,2.0,nan,5,7,15.0,9.0
37,斗六,2020-08-18,93,9,3.0,nan,28,8,93.0,nan
36,南投,2020-08-18,71,3,3.0,nan,29,12,71.0,57.0
56,前金,2020-08-18,48,7,5.0,nan,29,24,48.0,nan
3,萬里,2020-08-18,16,9,1.0,nan,5,6,16.0,8.0
31,忠明,2020-08-18,132,11,6.0,nan,29,30,132.0,63.0
54,左營,2020-08-18,57,6,5.0,nan,30,15,49.0,57.0
27,三義,2020-08-18,54,6,2.0,nan,27,16,51.0,54.0
35,二林,2020-08-18,45,7,3.0,nan,34,12,45.0,nan
30,大里,2020-08-18,150,4,6.0,nan,32,17,150.0,62.0
83,麥寮,2020-08-18,57,7,2.0,nan,31,12,nan,57.0
53,楠梓,2020-08-18,62,4,3.0,nan,31,15,54.0,62.0
52,林園,2020-08-18,68,11,5.0,nan,39,15,50.0,68.0
5,土城,2020-08-18,16,3,3.0,nan,6,12,16.0,4.0
15,松山,2020-08-18,13,4,2.0,nan,5,13,12.0,9.0
80,關山,2020-08-18,14,3,nan,nan,11,2,14.0,11.0
51,大寮,2020-08-18,86,9,6.0,nan,44,28,58.0,86.0
13,萬華,2020-08-18,11,4,3.0,nan,6,11,10.0,6.0
34,線西,2020-08-18,60,13,5.0,nan,31,21,nan,60.0
50,鳳山,2020-08-18,68,6,6.0,nan,32,22,nan,68.0
78,馬公,2020-08-18,36,3,1.0,nan,23,4,36.0,34.0
49,仁武,2020-08-18,64,17,3.0,nan,33,25,64.0,63.0
16,大同,2020-08-18,16,4,11.0,nan,13,16,nan,10.0
26,苗栗,2020-08-18,61,7,3.0,nan,30,17,61.0,nan
17,桃園,2020-08-18,17,17,5.0,nan,9,13,16.0,17.0
8,菜寮,2020-08-18,14,1,3.0,nan,10,9,14.0,8.0
33,彰化,2020-08-18,100,11,5.0,nan,30,16,100.0,61.0
19,觀音,2020-08-18,115,6,3.0,nan,18,16,115.0,38.0
9,林口,2020-08-18,15,3,2.0,nan,7,10,15.0,9.0
4,新店,2020-08-18,14,4,2.0,nan,6,8,14.0,6.0
17,桃園,2020-08-19,64,33,5.0,nan,28,20,17.0,64.0
40,朴子,2020-08-19,43,4,2.0,nan,25,11,43.0,42.0
18,大園,2020-08-19,59,9,2.0,nan,29,21,22.0,59.0
41,臺西,2020-08-19,53,6,2.0,nan,26,12,nan,53.0
19,觀音,2020-08-19,61,9,2.0,nan,30,16,33.0,61.0
20,平鎮,2020-08-19,59,7,3.0,nan,32,23,43.0,59.0
60,潮州,2020-08-19,51,6,2.0,nan,27,8,49.0,51.0
21,龍潭,2020-08-19,90,4,3.0,nan,28,16,90.0,56.0
75,馬祖,2020-08-19,79,4,1.0,nan,35,6,30.0,79.0
68,中壢,2020-08-19,63,7,16.0,nan,29,37,nan,63.0
59,屏東,2020-08-19,48,4,5.0,nan,26,18,48.0,nan
22,湖口,2020-08-19,58,6,3.0,nan,29,22,47.0,58.0
58,小港,2020-08-19,44,10,6.0,nan,26,29,44.0,44.0
23,竹東,2020-08-19,97,6,2.0,nan,28,8,97.0,52.0
47,美濃,2020-08-19,36,3,2.0,nan,19,6,36.0,30.0
69,竹山,2020-08-19,42,7,2.0,nan,22,16,42.0,nan
56,前金,2020-08-19,46,11,5.0,nan,21,37,46.0,42.0
24,新竹,2020-08-19,59,9,5.0,nan,29,17,47.0,59.0
25,頭份,2020-08-19,53,6,3.0,nan,30,13,nan,53.0
26,苗栗,2020-08-19,45,11,3.0,nan,29,15,45.0,nan
27,三義,2020-08-19,49,4,2.0,nan,23,13,49.0,46.0
28,豐原,2020-08-19,74,6,3.0,nan,28,10,74.0,nan
29,沙鹿,2020-08-19,64,3,3.0,nan,23,21,64.0,48.0
54,左營,2020-08-19,48,6,6.0,nan,21,26,48.0,32.0
42,嘉義,2020-08-19,42,4,5.0,nan,19,17,42.0,30.0
30,大里,2020-08-19,104,6,5.0,nan,29,16,104.0,52.0
31,忠明,2020-08-19,97,4,3.0,nan,23,17,97.0,49.0
53,楠梓,2020-08-19,50,4,3.0,nan,23,28,50.0,37.0
32,西屯,2020-08-19,77,3,3.0,nan,26,21,77.0,48.0
72,埔里,2020-08-19,50,4,3.0,nan,22,11,50.0,37.0
44,善化,2020-08-19,39,7,2.0,nan,19,8,39.0,28.0
43,新營,2020-08-19,38,7,3.0,nan,20,14,38.0,nan
52,林園,2020-08-19,67,14,3.0,nan,33,14,67.0,58.0
33,彰化,2020-08-19,61,21,5.0,nan,28,18,61.0,55.0
51,大寮,2020-08-19,60,6,3.0,nan,30,17,41.0,60.0
34,線西,2020-08-19,74,23,3.0,nan,37,13,nan,74.0
35,二林,2020-08-19,47,4,2.0,nan,32,14,47.0,nan
36,南投,2020-08-19,90,6,3.0,nan,26,9,90.0,48.0
57,前鎮,2020-08-19,41,10,7.0,nan,23,39,nan,41.0
37,斗六,2020-08-19,48,7,3.0,nan,24,12,48.0,nan
71,復興,2020-08-19,44,11,6.0,nan,19,39,nan,44.0
50,鳳山,2020-08-19,45,11,5.0,nan,23,23,nan,45.0
70,永和,2020-08-19,44,7,7.0,nan,19,9,nan,44.0
38,崙背,2020-08-19,48,6,2.0,nan,26,12,48.0,nan
46,臺南,2020-08-19,42,6,3.0,nan,22,19,42.0,42.0
49,仁武,2020-08-19,46,11,3.0,nan,24,19,46.0,43.0
5,土城,2020-08-19,55,7,3.0,nan,26,18,16.0,55.0
6,板橋,2020-08-19,60,10,5.0,nan,26,18,13.0,60.0
63,花蓮,2020-08-19,46,4,2.0,nan,24,7,21.0,46.0
77,金門,2020-08-19,68,14,2.0,nan,42,13,36.0,68.0
4,新店,2020-08-19,45,9,2.0,nan,19,8,14.0,45.0
7,新莊,2020-08-19,60,27,3.0,nan,31,17,16.0,60.0
8,菜寮,2020-08-19,57,6,3.0,nan,29,15,15.0,57.0
64,陽明,2020-08-19,46,4,1.0,nan,19,1,16.0,46.0
3,萬里,2020-08-19,58,4,1.0,nan,26,7,19.0,58.0
9,林口,2020-08-19,59,7,2.0,nan,30,13,18.0,59.0
78,馬公,2020-08-19,47,6,1.0,nan,27,4,47.0,42.0
10,淡水,2020-08-19,52,6,2.0,nan,19,7,16.0,52.0
62,臺東,2020-08-19,62,6,2.0,nan,31,7,19.0,62.0
39,新港,2020-08-19,47,9,3.0,nan,22,19,47.0,36.0
11,士林,2020-08-19,51,6,1.0,nan,24,6,17.0,51.0
2,汐止,2020-08-19,53,9,2.0,nan,24,8,14.0,53.0
1,基隆,2020-08-19,59,6,2.0,nan,26,7,15.0,59.0
65,宜蘭,2020-08-19,55,4,2.0,nan,28,7,17.0,55.0
80,關山,2020-08-19,39,4,nan,nan,20,1,13.0,39.0
12,中山,2020-08-19,44,7,5.0,nan,25,14,12.0,44.0
13,萬華,2020-08-19,49,9,3.0,nan,23,12,13.0,49.0
83,麥寮,2020-08-19,50,6,3.0,nan,31,13,nan,50.0
66,冬山,2020-08-19,55,7,2.0,nan,30,9,14.0,55.0
61,恆春,2020-08-19,56,4,1.0,nan,24,1,21.0,56.0
84,富貴角,2020-08-19,53,3,1.0,nan,24,3,20.0,53.0
14,古亭,2020-08-19,52,7,2.0,nan,19,7,15.0,52.0
67,三重,2020-08-19,60,4,11.0,nan,27,23,nan,60.0
15,松山,2020-08-19,54,7,2.0,nan,22,14,12.0,54.0
45,安南,2020-08-19,42,7,3.0,nan,25,16,42.0,nan
16,大同,2020-08-19,55,7,10.0,nan,28,17,nan,55.0
48,橋頭,2020-08-19,46,6,3.0,nan,23,19,46.0,39.0
20,平鎮,2020-08-20,77,7,3.0,nan,38,20,54.0,77.0
1,基隆,2020-08-20,31,4,2.0,nan,31,6,15.0,nan
2,汐止,2020-08-20,71,11,2.0,nan,30,8,16.0,71.0
3,萬里,2020-08-20,68,7,1.0,nan,29,6,21.0,68.0
4,新店,2020-08-20,65,4,2.0,nan,25,8,14.0,65.0
5,土城,2020-08-20,66,3,3.0,nan,28,12,16.0,66.0
6,板橋,2020-08-20,40,4,3.0,nan,30,40,12.0,nan
7,新莊,2020-08-20,68,4,2.0,nan,31,12,16.0,68.0
8,菜寮,2020-08-20,67,6,3.0,nan,31,10,15.0,67.0
9,林口,2020-08-20,67,6,2.0,nan,31,11,18.0,67.0
10,淡水,2020-08-20,24,4,2.0,nan,24,9,17.0,nan
11,士林,2020-08-20,65,6,1.0,nan,30,8,13.0,65.0
12,中山,2020-08-20,65,4,5.0,nan,31,14,12.0,65.0
13,萬華,2020-08-20,66,6,3.0,nan,29,11,13.0,66.0
14,古亭,2020-08-20,65,4,2.0,nan,26,8,15.0,65.0
15,松山,2020-08-20,69,6,3.0,nan,31,15,13.0,69.0
16,大同,2020-08-20,70,6,12.0,nan,33,19,nan,70.0
17,桃園,2020-08-20,69,34,3.0,nan,31,14,17.0,69.0
18,大園,2020-08-20,32,13,2.0,nan,32,16,29.0,nan
19,觀音,2020-08-20,76,9,3.0,nan,37,18,67.0,76.0
21,龍潭,2020-08-20,115,4,3.0,nan,37,17,115.0,75.0
22,湖口,2020-08-20,80,7,2.0,nan,42,19,67.0,80.0
23,竹東,2020-08-20,93,4,3.0,nan,41,8,93.0,79.0
24,新竹,2020-08-20,84,7,3.0,nan,39,16,74.0,84.0
25,頭份,2020-08-20,76,7,3.0,nan,40,20,nan,76.0
26,苗栗,2020-08-20,49,4,3.0,nan,39,15,49.0,nan
27,三義,2020-08-20,72,6,2.0,nan,33,11,51.0,72.0
28,豐原,2020-08-20,87,4,3.0,nan,36,12,87.0,nan
29,沙鹿,2020-08-20,84,3,3.0,nan,29,22,84.0,60.0
30,大里,2020-08-20,84,6,6.0,nan,31,18,84.0,58.0
31,忠明,2020-08-20,101,4,5.0,nan,26,17,101.0,56.0
32,西屯,2020-08-20,87,3,3.0,nan,27,19,87.0,56.0
33,彰化,2020-08-20,87,14,5.0,nan,30,12,87.0,63.0
34,線西,2020-08-20,64,7,3.0,nan,35,13,nan,64.0
35,二林,2020-08-20,49,4,2.0,nan,35,17,49.0,nan
36,南投,2020-08-20,47,3,5.0,nan,25,13,47.0,40.0
37,斗六,2020-08-20,54,4,3.0,nan,26,8,54.0,nan
38,崙背,2020-08-20,60,6,3.0,nan,31,14,41.0,60.0
39,新港,2020-08-20,52,4,5.0,nan,30,20,44.0,52.0
40,朴子,2020-08-20,55,3,3.0,nan,30,11,39.0,55.0
41,臺西,2020-08-20,63,4,2.0,nan,31,13,nan,63.0
42,嘉義,2020-08-20,41,4,3.0,nan,21,13,41.0,38.0
43,新營,2020-08-20,43,4,3.0,nan,27,8,43.0,nan
44,善化,2020-08-20,46,6,1.0,nan,23,10,44.0,46.0
45,安南,2020-08-20,41,3,3.0,nan,28,15,41.0,nan
46,臺南,2020-08-20,52,6,3.0,nan,24,15,37.0,52.0
47,美濃,2020-08-20,43,3,2.0,nan,24,5,43.0,43.0
48,橋頭,2020-08-20,47,6,3.0,nan,24,12,32.0,47.0
49,仁武,2020-08-20,46,7,2.0,nan,23,12,33.0,46.0
50,鳳山,2020-08-20,53,4,3.0,nan,23,15,nan,53.0
51,大寮,2020-08-20,58,11,2.0,nan,31,18,30.0,58.0
52,林園,2020-08-20,53,3,2.0,nan,31,11,30.0,53.0
53,楠梓,2020-08-20,46,4,2.0,nan,26,15,34.0,46.0
54,左營,2020-08-20,42,6,3.0,nan,25,20,31.0,42.0
56,前金,2020-08-20,53,7,3.0,nan,25,23,32.0,53.0
57,前鎮,2020-08-20,47,6,5.0,nan,27,25,nan,47.0
58,小港,2020-08-20,50,7,2.0,nan,27,23,27.0,50.0
59,屏東,2020-08-20,43,6,3.0,nan,29,12,43.0,nan
60,潮州,2020-08-20,61,10,2.0,nan,31,9,34.0,61.0
61,恆春,2020-08-20,63,3,1.0,nan,28,1,17.0,63.0
62,臺東,2020-08-20,69,3,2.0,nan,31,6,13.0,69.0
63,花蓮,2020-08-20,68,4,1.0,nan,31,8,19.0,68.0
64,陽明,2020-08-20,60,6,1.0,nan,23,1,17.0,60.0
65,宜蘭,2020-08-20,37,4,2.0,nan,37,8,19.0,nan
66,冬山,2020-08-20,67,7,2.0,nan,35,8,13.0,67.0
67,三重,2020-08-20,77,6,9.0,nan,34,22,nan,77.0
68,中壢,2020-08-20,79,9,14.0,nan,37,30,nan,79.0
69,竹山,2020-08-20,45,3,2.0,nan,21,18,45.0,nan
70,永和,2020-08-20,26,6,6.0,nan,26,11,nan,nan
71,復興,2020-08-20,52,6,5.0,nan,23,21,nan,52.0
72,埔里,2020-08-20,47,3,2.0,nan,21,8,47.0,42.0
75,馬祖,2020-08-20,47,3,1.0,nan,20,5,29.0,47.0
77,金門,2020-08-20,75,11,2.0,nan,44,17,30.0,75.0
78,馬公,2020-08-20,66,4,2.0,nan,35,8,27.0,66.0
80,關山,2020-08-20,55,3,nan,nan,24,4,14.0,55.0
83,麥寮,2020-08-20,59,4,3.0,nan,31,14,nan,59.0
84,富貴角,2020-08-20,52,6,2.0,nan,22,8,17.0,52.0
75,馬祖,2020-08-21,35,4,1.0,nan,19,8,28.0,35.0
29,沙鹿,2020-08-21,73,14,3.0,nan,33,12,46.0,73.0
77,金門,2020-08-21,59,9,2.0,nan,35,20,31.0,59.0
16,大同,2020-08-21,28,4,12.0,nan,18,17,nan,28.0
46,臺南,2020-08-21,61,6,3.0,nan,31,14,43.0,61.0
78,馬公,2020-08-21,56,3,2.0,nan,30,4,37.0,56.0
47,美濃,2020-08-21,42,4,2.0,nan,23,4,36.0,42.0
80,關山,2020-08-21,26,3,nan,nan,10,4,13.0,26.0
15,松山,2020-08-21,27,4,3.0,nan,12,12,12.0,27.0
48,橋頭,2020-08-21,59,4,3.0,nan,28,19,42.0,59.0
28,豐原,2020-08-21,71,7,3.0,nan,38,10,71.0,52.0
14,古亭,2020-08-21,27,3,2.0,nan,11,6,15.0,27.0
83,麥寮,2020-08-21,64,10,3.0,nan,32,14,nan,64.0
49,仁武,2020-08-21,61,10,5.0,nan,31,23,40.0,61.0
84,富貴角,2020-08-21,21,4,1.0,nan,10,5,19.0,21.0
32,西屯,2020-08-21,75,10,3.0,nan,38,19,54.0,75.0
13,萬華,2020-08-21,24,3,2.0,nan,13,10,12.0,24.0
50,鳳山,2020-08-21,67,9,5.0,nan,30,20,nan,67.0
12,中山,2020-08-21,20,3,3.0,nan,14,13,13.0,20.0
51,大寮,2020-08-21,68,13,2.0,nan,33,19,36.0,68.0
11,士林,2020-08-21,25,4,1.0,nan,13,6,16.0,25.0
52,林園,2020-08-21,62,9,2.0,nan,32,9,44.0,62.0
2,汐止,2020-08-21,24,3,2.0,nan,11,5,15.0,24.0
3,萬里,2020-08-21,26,7,1.0,nan,11,4,16.0,26.0
4,新店,2020-08-21,28,3,2.0,nan,12,6,14.0,28.0
27,三義,2020-08-21,76,9,3.0,nan,34,11,40.0,76.0
5,土城,2020-08-21,24,4,2.0,nan,14,11,14.0,24.0
53,楠梓,2020-08-21,59,7,5.0,nan,31,25,43.0,59.0
54,左營,2020-08-21,61,13,6.0,nan,29,26,41.0,61.0
6,板橋,2020-08-21,20,7,3.0,nan,15,20,11.0,nan
10,淡水,2020-08-21,15,3,1.0,nan,9,3,15.0,nan
7,新莊,2020-08-21,31,3,2.0,nan,19,8,14.0,31.0
9,林口,2020-08-21,26,4,2.0,nan,18,8,15.0,26.0
56,前金,2020-08-21,66,9,5.0,nan,29,25,42.0,66.0
57,前鎮,2020-08-21,65,6,9.0,nan,31,29,nan,65.0
8,菜寮,2020-08-21,24,4,2.0,nan,15,8,14.0,24.0
35,二林,2020-08-21,43,10,2.0,nan,39,13,43.0,nan
26,苗栗,2020-08-21,37,9,3.0,nan,37,13,34.0,nan
33,彰化,2020-08-21,71,9,5.0,nan,32,16,54.0,71.0
58,小港,2020-08-21,64,7,3.0,nan,30,25,26.0,64.0
36,南投,2020-08-21,115,4,5.0,nan,39,10,115.0,78.0
59,屏東,2020-08-21,43,6,5.0,nan,30,16,43.0,nan
37,斗六,2020-08-21,115,6,3.0,nan,37,8,115.0,nan
25,頭份,2020-08-21,73,4,3.0,nan,37,13,nan,73.0
60,潮州,2020-08-21,59,6,1.0,nan,28,8,39.0,59.0
61,恆春,2020-08-21,26,1,1.0,nan,11,1,19.0,26.0
24,新竹,2020-08-21,118,4,3.0,nan,31,15,118.0,74.0
38,崙背,2020-08-21,71,6,2.0,nan,35,12,48.0,71.0
62,臺東,2020-08-21,31,3,2.0,nan,18,5,15.0,31.0
23,竹東,2020-08-21,90,3,2.0,nan,31,10,90.0,65.0
1,基隆,2020-08-21,15,3,1.0,nan,12,5,15.0,nan
63,花蓮,2020-08-21,26,3,1.0,nan,18,13,17.0,26.0
34,線西,2020-08-21,70,9,3.0,nan,37,12,nan,70.0
64,陽明,2020-08-21,20,4,1.0,nan,8,1,15.0,20.0
22,湖口,2020-08-21,67,4,2.0,nan,25,21,67.0,57.0
39,新港,2020-08-21,64,4,3.0,nan,33,16,64.0,61.0
65,宜蘭,2020-08-21,19,4,2.0,nan,19,7,16.0,nan
66,冬山,2020-08-21,29,7,2.0,nan,18,12,14.0,29.0
40,朴子,2020-08-21,61,6,2.0,nan,32,11,61.0,nan
21,龍潭,2020-08-21,41,6,2.0,nan,19,13,27.0,41.0
67,三重,2020-08-21,38,4,10.0,nan,19,19,nan,38.0
68,中壢,2020-08-21,44,7,11.0,nan,26,19,nan,44.0
41,臺西,2020-08-21,72,7,3.0,nan,32,14,nan,72.0
20,平鎮,2020-08-21,39,11,3.0,nan,19,16,19.0,39.0
42,嘉義,2020-08-21,64,4,3.0,nan,31,14,64.0,61.0
69,竹山,2020-08-21,93,4,2.0,nan,33,16,93.0,nan
70,永和,2020-08-21,11,6,5.0,nan,11,8,nan,nan
19,觀音,2020-08-21,46,10,2.0,nan,30,16,21.0,46.0
31,忠明,2020-08-21,87,10,5.0,nan,33,23,87.0,73.0
71,復興,2020-08-21,67,10,6.0,nan,30,25,nan,67.0
72,埔里,2020-08-21,90,4,2.0,nan,32,8,90.0,67.0
18,大園,2020-08-21,19,10,2.0,nan,19,19,18.0,nan
43,新營,2020-08-21,64,4,2.0,nan,31,5,64.0,nan
44,善化,2020-08-21,56,4,2.0,nan,26,9,51.0,56.0
30,大里,2020-08-21,81,16,7.0,nan,40,19,71.0,81.0
17,桃園,2020-08-21,35,11,3.0,nan,17,15,14.0,35.0
45,安南,2020-08-21,51,4,3.0,nan,33,18,51.0,nan
83,麥寮,2020-08-22,39,7,2.0,nan,27,8,nan,39.0
66,冬山,2020-08-22,17,3,1.0,nan,7,6,17.0,6.0
65,宜蘭,2020-08-22,18,3,2.0,nan,6,7,18.0,nan
64,陽明,2020-08-22,16,3,1.0,nan,4,1,16.0,5.0
63,花蓮,2020-08-22,22,4,2.0,nan,8,9,22.0,9.0
62,臺東,2020-08-22,24,1,3.0,nan,14,11,24.0,16.0
61,恆春,2020-08-22,31,1,1.0,nan,16,2,31.0,27.0
60,潮州,2020-08-22,33,4,1.0,nan,19,7,33.0,32.0
59,屏東,2020-08-22,26,3,5.0,nan,18,16,26.0,25.0
58,小港,2020-08-22,44,24,6.0,nan,25,30,30.0,44.0
57,前鎮,2020-08-22,38,10,9.0,nan,23,29,nan,38.0
56,前金,2020-08-22,41,11,7.0,nan,19,33,34.0,41.0
54,左營,2020-08-22,36,7,7.0,nan,20,28,33.0,36.0
53,楠梓,2020-08-22,35,4,5.0,nan,19,25,30.0,35.0
52,林園,2020-08-22,39,7,2.0,nan,24,18,39.0,32.0
51,大寮,2020-08-22,37,9,2.0,nan,20,13,31.0,37.0
50,鳳山,2020-08-22,42,6,7.0,nan,19,28,nan,42.0
49,仁武,2020-08-22,32,6,3.0,nan,20,17,31.0,32.0
48,橋頭,2020-08-22,31,6,3.0,nan,18,14,31.0,29.0
47,美濃,2020-08-22,32,3,2.0,nan,18,6,32.0,25.0
46,臺南,2020-08-22,37,6,6.0,nan,23,22,37.0,37.0
45,安南,2020-08-22,41,4,3.0,nan,22,18,39.0,41.0
44,善化,2020-08-22,38,7,1.0,nan,15,9,38.0,30.0
43,新營,2020-08-22,45,4,2.0,nan,19,7,45.0,42.0
42,嘉義,2020-08-22,54,4,3.0,nan,27,9,51.0,54.0
41,臺西,2020-08-22,38,7,2.0,nan,21,8,nan,38.0
40,朴子,2020-08-22,41,6,2.0,nan,23,6,41.0,nan
39,新港,2020-08-22,58,4,3.0,nan,27,9,58.0,53.0
38,崙背,2020-08-22,44,4,2.0,nan,26,8,44.0,44.0
37,斗六,2020-08-22,60,4,3.0,nan,30,7,50.0,60.0
36,南投,2020-08-22,60,6,5.0,nan,31,10,42.0,60.0
35,二林,2020-08-22,41,7,2.0,nan,28,7,35.0,41.0
34,線西,2020-08-22,45,13,3.0,nan,30,10,nan,45.0
33,彰化,2020-08-22,50,11,3.0,nan,25,11,35.0,50.0
32,西屯,2020-08-22,52,7,2.0,nan,24,15,42.0,52.0
31,忠明,2020-08-22,47,7,2.0,nan,21,13,46.0,47.0
30,大里,2020-08-22,66,11,8.0,nan,31,19,35.0,66.0
29,沙鹿,2020-08-22,47,4,2.0,nan,22,11,38.0,47.0
28,豐原,2020-08-22,51,4,2.0,nan,25,7,42.0,51.0
27,三義,2020-08-22,43,4,2.0,nan,19,9,31.0,43.0
26,苗栗,2020-08-22,38,7,3.0,nan,22,9,27.0,38.0
25,頭份,2020-08-22,29,4,1.0,nan,16,14,nan,29.0
24,新竹,2020-08-22,27,4,2.0,nan,9,12,27.0,18.0
23,竹東,2020-08-22,28,3,2.0,nan,14,8,28.0,16.0
22,湖口,2020-08-22,23,4,2.0,nan,6,8,23.0,9.0
21,龍潭,2020-08-22,24,4,2.0,nan,6,13,24.0,8.0
20,平鎮,2020-08-22,21,7,3.0,nan,6,16,21.0,10.0
19,觀音,2020-08-22,22,6,2.0,nan,11,22,19.0,12.0
18,大園,2020-08-22,20,4,1.0,nan,12,14,20.0,nan
17,桃園,2020-08-22,20,20,5.0,nan,11,17,15.0,16.0
16,大同,2020-08-22,22,4,17.0,nan,14,22,nan,12.0
15,松山,2020-08-22,16,4,3.0,nan,8,16,16.0,10.0
14,古亭,2020-08-22,16,6,3.0,nan,7,13,16.0,11.0
13,萬華,2020-08-22,20,7,6.0,nan,9,20,16.0,12.0
12,中山,2020-08-22,20,4,7.0,nan,11,20,13.0,8.0
11,士林,2020-08-22,19,4,3.0,nan,6,16,19.0,10.0
10,淡水,2020-08-22,16,3,2.0,nan,6,6,16.0,nan
9,林口,2020-08-22,19,3,1.0,nan,6,8,19.0,9.0
8,菜寮,2020-08-22,20,7,5.0,nan,10,20,18.0,12.0
7,新莊,2020-08-22,19,7,2.0,nan,12,11,19.0,15.0
6,板橋,2020-08-22,18,11,5.0,nan,8,18,15.0,nan
5,土城,2020-08-22,19,4,3.0,nan,8,17,19.0,8.0
4,新店,2020-08-22,18,4,2.0,nan,5,12,18.0,5.0
3,萬里,2020-08-22,20,4,1.0,nan,19,6,20.0,12.0
2,汐止,2020-08-22,19,4,2.0,nan,8,8,19.0,8.0
1,基隆,2020-08-22,18,3,1.0,nan,14,10,18.0,nan
77,金門,2020-08-22,30,6,1.0,nan,26,11,30.0,29.0
78,馬公,2020-08-22,30,4,1.0,nan,19,4,30.0,17.0
80,關山,2020-08-22,18,4,nan,nan,6,4,18.0,10.0
75,馬祖,2020-08-22,22,3,1.0,nan,10,5,22.0,12.0
84,富貴角,2020-08-22,21,1,1.0,nan,15,2,21.0,8.0
72,埔里,2020-08-22,51,4,3.0,nan,23,9,34.0,51.0
71,復興,2020-08-22,43,13,8.0,nan,20,34,nan,43.0
70,永和,2020-08-22,16,6,7.0,nan,7,16,nan,nan
69,竹山,2020-08-22,55,4,2.0,nan,28,17,44.0,55.0
68,中壢,2020-08-22,19,6,10.0,nan,13,19,nan,17.0
67,三重,2020-08-22,24,7,16.0,nan,14,24,nan,21.0
12,中山,2020-08-23,29,11,8.0,nan,14,29,16.0,16.0
66,冬山,2020-08-23,21,6,2.0,nan,13,12,21.0,9.0
65,宜蘭,2020-08-23,23,3,2.0,nan,6,11,23.0,nan
64,陽明,2020-08-23,24,4,1.0,nan,6,5,24.0,8.0
63,花蓮,2020-08-23,30,3,2.0,nan,19,6,30.0,15.0
62,臺東,2020-08-23,21,3,3.0,nan,12,9,21.0,14.0
61,恆春,2020-08-23,32,3,1.0,nan,11,4,32.0,18.0
60,潮州,2020-08-23,31,3,2.0,nan,14,8,31.0,19.0
59,屏東,2020-08-23,32,4,3.0,nan,14,13,32.0,19.0
58,小港,2020-08-23,33,4,2.0,nan,10,14,33.0,14.0
57,前鎮,2020-08-23,13,4,2.0,nan,10,13,nan,13.0
56,前金,2020-08-23,33,4,2.0,nan,8,8,33.0,14.0
54,左營,2020-08-23,32,4,2.0,nan,8,17,32.0,9.0
53,楠梓,2020-08-23,33,7,2.0,nan,12,19,33.0,16.0
52,林園,2020-08-23,34,23,5.0,nan,16,17,34.0,18.0
51,大寮,2020-08-23,34,10,2.0,nan,11,13,34.0,19.0
50,鳳山,2020-08-23,17,4,3.0,nan,9,15,nan,17.0
49,仁武,2020-08-23,34,4,2.0,nan,11,17,34.0,16.0
48,橋頭,2020-08-23,33,9,2.0,nan,10,11,33.0,16.0
47,美濃,2020-08-23,30,3,2.0,nan,14,8,30.0,23.0
46,臺南,2020-08-23,34,3,2.0,nan,9,8,34.0,13.0
45,安南,2020-08-23,37,3,2.0,nan,12,10,37.0,23.0
44,善化,2020-08-23,33,3,2.0,nan,11,11,33.0,22.0
43,新營,2020-08-23,33,4,2.0,nan,15,7,33.0,24.0
42,嘉義,2020-08-23,35,4,2.0,nan,15,8,35.0,22.0
41,臺西,2020-08-23,24,7,1.0,nan,12,8,nan,24.0
40,朴子,2020-08-23,34,4,2.0,nan,14,6,34.0,nan
39,新港,2020-08-23,38,3,2.0,nan,16,8,38.0,32.0
38,崙背,2020-08-23,39,4,1.0,nan,12,7,39.0,26.0
37,斗六,2020-08-23,40,4,2.0,nan,16,6,40.0,23.0
36,南投,2020-08-23,34,3,3.0,nan,18,12,34.0,28.0
35,二林,2020-08-23,31,7,1.0,nan,14,8,31.0,20.0
34,線西,2020-08-23,18,7,2.0,nan,14,7,nan,18.0
33,彰化,2020-08-23,35,11,2.0,nan,10,9,35.0,21.0
32,西屯,2020-08-23,35,17,3.0,nan,11,12,35.0,18.0
31,忠明,2020-08-23,40,14,3.0,nan,10,10,40.0,20.0
72,埔里,2020-08-23,33,3,2.0,nan,11,9,33.0,18.0
30,大里,2020-08-23,38,14,8.0,nan,29,20,29.0,38.0
75,馬祖,2020-08-23,41,7,5.0,nan,21,39,41.0,37.0
71,復興,2020-08-23,17,4,5.0,nan,8,11,nan,17.0
29,沙鹿,2020-08-23,36,13,2.0,nan,8,10,36.0,13.0
70,永和,2020-08-23,16,6,5.0,nan,8,16,nan,nan
69,竹山,2020-08-23,33,4,2.0,nan,15,12,33.0,23.0
28,豐原,2020-08-23,32,7,3.0,nan,14,15,32.0,20.0
77,金門,2020-08-23,43,14,2.0,nan,23,16,43.0,43.0
68,中壢,2020-08-23,32,4,11.0,nan,13,32,nan,25.0
27,三義,2020-08-23,28,4,2.0,nan,14,8,28.0,21.0
26,苗栗,2020-08-23,31,7,3.0,nan,12,13,31.0,17.0
78,馬公,2020-08-23,35,4,2.0,nan,9,9,35.0,13.0
25,頭份,2020-08-23,19,6,2.0,nan,9,13,nan,19.0
80,關山,2020-08-23,20,4,nan,nan,8,4,20.0,12.0
67,三重,2020-08-23,33,6,14.0,nan,15,33,nan,26.0
24,新竹,2020-08-23,37,7,3.0,nan,11,12,37.0,27.0
83,麥寮,2020-08-23,20,4,1.0,nan,13,8,nan,20.0
23,竹東,2020-08-23,33,11,2.0,nan,14,5,33.0,20.0
13,萬華,2020-08-23,24,13,5.0,nan,12,23,24.0,14.0
19,觀音,2020-08-23,41,4,2.0,nan,10,6,41.0,16.0
84,富貴角,2020-08-23,40,1,1.0,nan,23,3,40.0,21.0
14,古亭,2020-08-23,25,4,3.0,nan,9,15,25.0,17.0
15,松山,2020-08-23,24,4,6.0,nan,11,24,20.0,19.0
20,平鎮,2020-08-23,25,4,2.0,nan,17,13,25.0,18.0
16,大同,2020-08-23,27,7,12.0,nan,15,27,nan,19.0
18,大園,2020-08-23,39,4,2.0,nan,11,9,39.0,nan
1,基隆,2020-08-23,22,3,2.0,nan,14,15,22.0,nan
2,汐止,2020-08-23,26,3,5.0,nan,12,16,26.0,22.0
3,萬里,2020-08-23,26,6,1.0,nan,8,5,26.0,12.0
17,桃園,2020-08-23,22,1,2.0,nan,10,13,22.0,16.0
4,新店,2020-08-23,28,4,2.0,nan,7,10,28.0,15.0
5,土城,2020-08-23,28,4,2.0,nan,9,12,28.0,20.0
6,板橋,2020-08-23,25,10,3.0,nan,10,13,25.0,nan
7,新莊,2020-08-23,28,6,2.0,nan,12,15,28.0,17.0
22,湖口,2020-08-23,37,24,2.0,nan,12,11,37.0,29.0
8,菜寮,2020-08-23,24,4,3.0,nan,9,20,24.0,15.0
21,龍潭,2020-08-23,31,6,2.0,nan,9,12,31.0,14.0
9,林口,2020-08-23,31,4,2.0,nan,9,16,31.0,14.0
10,淡水,2020-08-23,27,4,1.0,nan,14,8,27.0,nan
11,士林,2020-08-23,27,4,2.0,nan,11,11,27.0,17.0
37,斗六,2020-08-24,50,3,2.0,nan,19,4,50.0,25.0
1,基隆,2020-08-24,58,7,5.0,nan,24,25,58.0,nan
2,汐止,2020-08-24,61,6,5.0,nan,23,27,61.0,40.0
3,萬里,2020-08-24,47,4,2.0,nan,19,13,47.0,35.0
4,新店,2020-08-24,58,6,5.0,nan,21,20,58.0,36.0
5,土城,2020-08-24,61,7,5.0,nan,22,20,61.0,36.0
6,板橋,2020-08-24,58,21,5.0,nan,23,22,58.0,nan
7,新莊,2020-08-24,54,11,5.0,nan,22,20,54.0,39.0
8,菜寮,2020-08-24,49,7,5.0,nan,25,25,49.0,39.0
9,林口,2020-08-24,67,6,2.0,nan,19,17,67.0,31.0
10,淡水,2020-08-24,44,4,2.0,nan,21,13,44.0,nan
11,士林,2020-08-24,51,7,5.0,nan,23,17,51.0,36.0
12,中山,2020-08-24,42,9,8.0,nan,26,30,39.0,42.0
13,萬華,2020-08-24,54,11,7.0,nan,23,27,54.0,34.0
14,古亭,2020-08-24,67,7,6.0,nan,22,20,67.0,41.0
15,松山,2020-08-24,43,6,6.0,nan,21,25,43.0,42.0
16,大同,2020-08-24,43,7,20.0,nan,29,31,nan,43.0
17,桃園,2020-08-24,41,6,5.0,nan,24,24,41.0,38.0
18,大園,2020-08-24,58,4,2.0,nan,18,8,58.0,nan
19,觀音,2020-08-24,44,9,2.0,nan,17,7,44.0,23.0
20,平鎮,2020-08-24,46,4,3.0,nan,31,20,46.0,36.0
21,龍潭,2020-08-24,61,6,3.0,nan,23,18,61.0,34.0
22,湖口,2020-08-24,49,6,1.0,nan,16,8,49.0,26.0
23,竹東,2020-08-24,58,3,2.0,nan,20,9,58.0,25.0
24,新竹,2020-08-24,45,6,3.0,nan,18,12,45.0,34.0
25,頭份,2020-08-24,29,6,2.0,nan,18,16,nan,29.0
26,苗栗,2020-08-24,43,4,2.0,nan,19,11,43.0,30.0
27,三義,2020-08-24,44,6,2.0,nan,16,14,44.0,26.0
28,豐原,2020-08-24,49,4,2.0,nan,19,11,49.0,31.0
29,沙鹿,2020-08-24,43,4,2.0,nan,15,10,43.0,16.0
30,大里,2020-08-24,47,6,3.0,nan,21,13,47.0,32.0
31,忠明,2020-08-24,64,4,2.0,nan,13,11,64.0,23.0
32,西屯,2020-08-24,48,3,2.0,nan,20,12,48.0,nan
33,彰化,2020-08-24,44,13,2.0,nan,17,9,44.0,27.0
34,線西,2020-08-24,24,4,2.0,nan,19,7,nan,24.0
35,二林,2020-08-24,34,7,1.0,nan,19,8,34.0,23.0
36,南投,2020-08-24,44,3,3.0,nan,18,8,44.0,27.0
38,崙背,2020-08-24,37,4,2.0,nan,18,11,37.0,25.0
39,新港,2020-08-24,39,6,2.0,nan,17,11,39.0,22.0
40,朴子,2020-08-24,31,4,2.0,nan,16,8,31.0,nan
41,臺西,2020-08-24,20,4,1.0,nan,13,8,nan,20.0
42,嘉義,2020-08-24,38,4,2.0,nan,18,9,38.0,26.0
43,新營,2020-08-24,40,4,2.0,nan,14,6,40.0,23.0
44,善化,2020-08-24,35,11,2.0,nan,10,9,35.0,19.0
45,安南,2020-08-24,31,6,3.0,nan,13,14,31.0,16.0
46,臺南,2020-08-24,28,6,2.0,nan,10,15,28.0,10.0
47,美濃,2020-08-24,34,9,2.0,nan,14,5,34.0,24.0
48,橋頭,2020-08-24,26,4,2.0,nan,9,15,26.0,12.0
49,仁武,2020-08-24,23,9,2.0,nan,12,15,23.0,18.0
50,鳳山,2020-08-24,16,13,5.0,nan,10,16,nan,16.0
51,大寮,2020-08-24,22,10,2.0,nan,12,12,22.0,15.0
52,林園,2020-08-24,27,3,1.0,nan,27,4,26.0,10.0
53,楠梓,2020-08-24,26,7,3.0,nan,12,21,26.0,13.0
54,左營,2020-08-24,21,9,3.0,nan,10,15,21.0,11.0
56,前金,2020-08-24,22,4,2.0,nan,11,18,22.0,19.0
57,前鎮,2020-08-24,23,3,6.0,nan,12,23,nan,16.0
58,小港,2020-08-24,17,7,3.0,nan,14,17,17.0,14.0
59,屏東,2020-08-24,25,17,5.0,nan,13,13,25.0,14.0
60,潮州,2020-08-24,24,3,1.0,nan,8,5,24.0,16.0
61,恆春,2020-08-24,28,1,1.0,nan,11,1,28.0,13.0
62,臺東,2020-08-24,24,3,3.0,nan,15,10,24.0,19.0
63,花蓮,2020-08-24,28,3,2.0,nan,18,6,28.0,21.0
64,陽明,2020-08-24,46,4,2.0,nan,17,4,46.0,30.0
65,宜蘭,2020-08-24,32,4,2.0,nan,19,8,32.0,nan
66,冬山,2020-08-24,25,4,5.0,nan,23,17,25.0,nan
67,三重,2020-08-24,53,7,14.0,nan,26,52,nan,53.0
68,中壢,2020-08-24,42,7,18.0,nan,23,35,nan,42.0
69,竹山,2020-08-24,45,4,2.0,nan,19,13,45.0,22.0
70,永和,2020-08-24,34,7,9.0,nan,20,34,nan,nan
71,復興,2020-08-24,19,4,3.0,nan,8,19,nan,14.0
72,埔里,2020-08-24,43,4,2.0,nan,18,9,43.0,25.0
75,馬祖,2020-08-24,87,4,3.0,nan,46,22,87.0,69.0
77,金門,2020-08-24,28,9,1.0,nan,19,18,28.0,28.0
78,馬公,2020-08-24,19,4,2.0,nan,8,13,19.0,6.0
80,關山,2020-08-24,23,4,nan,nan,10,5,23.0,11.0
83,麥寮,2020-08-24,15,3,2.0,nan,15,8,nan,nan
84,富貴角,2020-08-24,49,3,2.0,nan,22,10,49.0,30.0
84,富貴角,2020-08-25,93,3,2.0,nan,25,10,93.0,36.0
1,基隆,2020-08-25,93,7,5.0,nan,26,21,93.0,40.0
42,嘉義,2020-08-25,43,3,2.0,nan,19,8,43.0,33.0
43,新營,2020-08-25,44,3,2.0,nan,19,7,44.0,32.0
2,汐止,2020-08-25,74,6,5.0,nan,28,24,74.0,47.0
44,善化,2020-08-25,41,9,2.0,nan,18,8,41.0,31.0
3,萬里,2020-08-25,80,4,2.0,nan,23,14,80.0,39.0
45,安南,2020-08-25,41,3,3.0,nan,22,13,41.0,34.0
4,新店,2020-08-25,64,4,3.0,nan,23,15,64.0,45.0
46,臺南,2020-08-25,36,4,2.0,nan,19,13,36.0,23.0
5,土城,2020-08-25,71,6,3.0,nan,26,18,71.0,40.0
47,美濃,2020-08-25,38,3,2.0,nan,18,7,38.0,29.0
48,橋頭,2020-08-25,35,9,3.0,nan,19,30,35.0,28.0
6,板橋,2020-08-25,64,13,5.0,nan,23,18,64.0,37.0
49,仁武,2020-08-25,31,9,5.0,nan,18,25,31.0,27.0
7,新莊,2020-08-25,80,23,3.0,nan,24,15,80.0,45.0
50,鳳山,2020-08-25,32,10,6.0,nan,18,27,nan,32.0
8,菜寮,2020-08-25,74,6,5.0,nan,29,19,74.0,43.0
9,林口,2020-08-25,90,6,2.0,nan,22,15,90.0,38.0
10,淡水,2020-08-25,67,4,2.0,nan,24,12,67.0,37.0
51,大寮,2020-08-25,33,21,3.0,nan,22,23,33.0,29.0
52,林園,2020-08-25,36,11,2.0,nan,27,13,36.0,25.0
11,士林,2020-08-25,90,6,3.0,nan,31,14,90.0,43.0
53,楠梓,2020-08-25,33,11,3.0,nan,20,30,33.0,32.0
12,中山,2020-08-25,44,10,10.0,nan,28,37,44.0,44.0
13,萬華,2020-08-25,58,13,6.0,nan,26,28,58.0,40.0
54,左營,2020-08-25,31,6,6.0,nan,22,28,31.0,26.0
14,古亭,2020-08-25,71,6,5.0,nan,25,16,71.0,50.0
56,前金,2020-08-25,31,6,5.0,nan,19,27,31.0,30.0
15,松山,2020-08-25,49,6,7.0,nan,26,33,49.0,44.0
57,前鎮,2020-08-25,27,9,6.0,nan,21,27,nan,26.0
16,大同,2020-08-25,50,7,18.0,nan,30,35,nan,50.0
58,小港,2020-08-25,27,7,3.0,nan,19,27,24.0,26.0
17,桃園,2020-08-25,44,3,3.0,nan,24,14,44.0,40.0
59,屏東,2020-08-25,37,3,6.0,nan,19,17,37.0,25.0
18,大園,2020-08-25,90,6,2.0,nan,24,8,90.0,32.0
19,觀音,2020-08-25,77,6,2.0,nan,22,8,77.0,29.0
60,潮州,2020-08-25,38,4,2.0,nan,19,6,38.0,25.0
20,平鎮,2020-08-25,48,4,2.0,nan,35,19,48.0,39.0
61,恆春,2020-08-25,32,3,1.0,nan,9,3,32.0,16.0
21,龍潭,2020-08-25,61,4,3.0,nan,20,13,61.0,36.0
62,臺東,2020-08-25,28,3,3.0,nan,16,10,28.0,22.0
22,湖口,2020-08-25,71,4,1.0,nan,19,10,71.0,32.0
63,花蓮,2020-08-25,34,3,2.0,nan,19,11,34.0,23.0
23,竹東,2020-08-25,58,3,2.0,nan,23,8,58.0,35.0
24,新竹,2020-08-25,64,6,3.0,nan,21,9,64.0,40.0
25,頭份,2020-08-25,34,6,2.0,nan,21,14,nan,34.0
26,苗栗,2020-08-25,48,4,2.0,nan,21,9,48.0,31.0
64,陽明,2020-08-25,58,3,2.0,nan,18,6,58.0,36.0
27,三義,2020-08-25,48,3,2.0,nan,18,7,48.0,30.0
65,宜蘭,2020-08-25,47,4,3.0,nan,19,10,47.0,28.0
28,豐原,2020-08-25,58,3,2.0,nan,22,8,58.0,35.0
66,冬山,2020-08-25,36,4,5.0,nan,27,19,36.0,32.0
29,沙鹿,2020-08-25,61,3,2.0,nan,19,8,61.0,28.0
67,三重,2020-08-25,54,7,17.0,nan,29,52,nan,54.0
30,大里,2020-08-25,51,7,3.0,nan,24,8,51.0,33.0
68,中壢,2020-08-25,37,4,14.0,nan,21,32,nan,37.0
31,忠明,2020-08-25,71,3,3.0,nan,19,9,71.0,31.0
32,西屯,2020-08-25,61,3,2.0,nan,23,18,61.0,nan
69,竹山,2020-08-25,45,4,2.0,nan,20,15,45.0,30.0
33,彰化,2020-08-25,51,6,2.0,nan,21,8,51.0,31.0
70,永和,2020-08-25,40,9,8.0,nan,21,22,nan,40.0
34,線西,2020-08-25,36,7,2.0,nan,26,8,nan,36.0
71,復興,2020-08-25,34,10,6.0,nan,15,27,nan,34.0
35,二林,2020-08-25,44,6,2.0,nan,23,10,44.0,33.0
72,埔里,2020-08-25,44,4,2.0,nan,18,7,44.0,28.0
36,南投,2020-08-25,58,6,2.0,nan,23,8,58.0,37.0
75,馬祖,2020-08-25,161,7,6.0,nan,50,19,161.0,81.0
37,斗六,2020-08-25,67,3,3.0,nan,22,6,67.0,28.0
77,金門,2020-08-25,100,13,3.0,nan,46,33,100.0,85.0
38,崙背,2020-08-25,45,4,2.0,nan,21,12,45.0,34.0
78,馬公,2020-08-25,34,4,2.0,nan,23,11,34.0,27.0
39,新港,2020-08-25,44,3,2.0,nan,19,10,44.0,32.0
80,關山,2020-08-25,26,4,nan,nan,9,5,26.0,19.0
40,朴子,2020-08-25,37,6,2.0,nan,20,8,37.0,nan
83,麥寮,2020-08-25,23,4,3.0,nan,23,9,nan,nan
41,臺西,2020-08-25,31,4,1.0,nan,19,9,nan,31.0
1,基隆,2020-08-26,54,4,5.0,nan,25,18,54.0,42.0
84,富貴角,2020-08-26,58,1,2.0,nan,24,9,58.0,37.0
83,麥寮,2020-08-26,9,3,2.0,nan,8,9,nan,nan
80,關山,2020-08-26,26,4,nan,nan,9,6,26.0,18.0
78,馬公,2020-08-26,25,4,2.0,nan,21,6,25.0,20.0
77,金門,2020-08-26,46,14,3.0,nan,30,26,38.0,46.0
75,馬祖,2020-08-26,97,3,2.0,nan,35,10,97.0,64.0
72,埔里,2020-08-26,31,4,3.0,nan,17,9,31.0,23.0
71,復興,2020-08-26,30,9,9.0,nan,6,30,nan,21.0
70,永和,2020-08-26,34,7,10.0,nan,17,25,nan,34.0
69,竹山,2020-08-26,28,4,3.0,nan,16,15,28.0,23.0
68,中壢,2020-08-26,32,4,12.0,nan,18,28,nan,32.0
67,三重,2020-08-26,47,7,12.0,nan,23,37,nan,47.0
66,冬山,2020-08-26,38,4,6.0,nan,25,19,37.0,38.0
65,宜蘭,2020-08-26,43,7,2.0,nan,19,10,43.0,36.0
64,陽明,2020-08-26,45,3,2.0,nan,15,6,45.0,25.0
63,花蓮,2020-08-26,47,3,3.0,nan,19,9,47.0,30.0
62,臺東,2020-08-26,23,4,6.0,nan,15,20,23.0,23.0
61,恆春,2020-08-26,31,1,1.0,nan,7,1,31.0,14.0
60,潮州,2020-08-26,25,3,2.0,nan,8,7,25.0,13.0
59,屏東,2020-08-26,22,4,7.0,nan,11,22,22.0,21.0
58,小港,2020-08-26,26,17,7.0,nan,10,26,25.0,26.0
57,前鎮,2020-08-26,31,7,10.0,nan,7,31,nan,21.0
56,前金,2020-08-26,33,9,9.0,nan,6,33,28.0,20.0
54,左營,2020-08-26,28,7,8.0,nan,6,28,26.0,16.0
53,楠梓,2020-08-26,27,9,5.0,nan,8,27,27.0,19.0
52,林園,2020-08-26,33,4,2.0,nan,15,11,33.0,16.0
51,大寮,2020-08-26,29,14,5.0,nan,13,24,26.0,29.0
50,鳳山,2020-08-26,27,17,6.0,nan,8,27,nan,22.0
49,仁武,2020-08-26,30,6,5.0,nan,7,22,30.0,14.0
48,橋頭,2020-08-26,31,6,3.0,nan,6,24,31.0,14.0
47,美濃,2020-08-26,19,3,2.0,nan,9,5,19.0,16.0
46,臺南,2020-08-26,31,6,3.0,nan,6,16,31.0,8.0
45,安南,2020-08-26,34,4,3.0,nan,11,21,34.0,24.0
44,善化,2020-08-26,33,7,2.0,nan,6,15,33.0,14.0
43,新營,2020-08-26,32,4,2.0,nan,6,8,32.0,12.0
42,嘉義,2020-08-26,28,6,3.0,nan,12,11,28.0,20.0
41,臺西,2020-08-26,16,3,2.0,nan,7,5,nan,16.0
40,朴子,2020-08-26,32,4,2.0,nan,10,11,32.0,12.0
39,新港,2020-08-26,32,3,2.0,nan,8,8,32.0,21.0
38,崙背,2020-08-26,31,4,2.0,nan,8,7,31.0,17.0
37,斗六,2020-08-26,30,4,3.0,nan,15,13,30.0,23.0
36,南投,2020-08-26,30,4,5.0,nan,18,15,30.0,28.0
35,二林,2020-08-26,28,6,2.0,nan,8,9,28.0,15.0
34,線西,2020-08-26,21,3,2.0,nan,13,8,nan,21.0
33,彰化,2020-08-26,27,10,3.0,nan,11,12,27.0,26.0
32,西屯,2020-08-26,23,3,3.0,nan,14,23,22.0,nan
31,忠明,2020-08-26,37,3,5.0,nan,12,19,37.0,27.0
30,大里,2020-08-26,32,6,5.0,nan,20,22,27.0,32.0
29,沙鹿,2020-08-26,31,3,2.0,nan,11,9,31.0,15.0
28,豐原,2020-08-26,33,3,2.0,nan,14,7,33.0,24.0
27,三義,2020-08-26,31,3,2.0,nan,11,4,31.0,23.0
26,苗栗,2020-08-26,32,4,2.0,nan,14,8,32.0,24.0
25,頭份,2020-08-26,24,4,1.0,nan,14,9,nan,24.0
24,新竹,2020-08-26,40,1,3.0,nan,16,10,40.0,35.0
23,竹東,2020-08-26,36,4,2.0,nan,18,7,36.0,29.0
22,湖口,2020-08-26,42,4,2.0,nan,18,14,42.0,26.0
21,龍潭,2020-08-26,40,3,2.0,nan,16,10,40.0,30.0
20,平鎮,2020-08-26,38,3,2.0,nan,27,16,38.0,33.0
19,觀音,2020-08-26,44,4,2.0,nan,19,5,44.0,25.0
18,大園,2020-08-26,45,4,2.0,nan,19,9,45.0,29.0
17,桃園,2020-08-26,34,6,3.0,nan,19,17,32.0,34.0
16,大同,2020-08-26,44,7,30.0,nan,28,43,nan,44.0
15,松山,2020-08-26,41,4,5.0,nan,19,30,41.0,37.0
14,古亭,2020-08-26,44,3,3.0,nan,18,14,44.0,40.0
13,萬華,2020-08-26,43,6,6.0,nan,19,28,43.0,33.0
12,中山,2020-08-26,40,6,8.0,nan,21,23,40.0,34.0
11,士林,2020-08-26,49,7,5.0,nan,23,21,49.0,37.0
10,淡水,2020-08-26,46,4,6.0,nan,17,22,46.0,35.0
9,林口,2020-08-26,44,6,5.0,nan,19,34,44.0,37.0
8,菜寮,2020-08-26,44,4,7.0,nan,32,26,44.0,40.0
7,新莊,2020-08-26,44,26,8.0,nan,25,32,44.0,43.0
6,板橋,2020-08-26,40,4,10.0,nan,20,35,40.0,34.0
5,土城,2020-08-26,44,3,6.0,nan,21,25,44.0,40.0
4,新店,2020-08-26,38,3,3.0,nan,17,10,30.0,38.0
3,萬里,2020-08-26,67,4,2.0,nan,19,8,67.0,38.0
2,汐止,2020-08-26,47,4,6.0,nan,23,25,47.0,45.0
23,竹東,2020-08-27,28,10,2.0,nan,13,8,28.0,17.0
49,仁武,2020-08-27,19,6,3.0,nan,11,19,16.0,19.0
9,林口,2020-08-27,37,11,3.0,nan,12,21,37.0,24.0
50,鳳山,2020-08-27,27,23,6.0,nan,13,19,nan,27.0
10,淡水,2020-08-27,33,6,5.0,nan,13,22,33.0,24.0
11,士林,2020-08-27,35,7,3.0,nan,14,23,35.0,nan
12,中山,2020-08-27,28,6,7.0,nan,18,28,28.0,nan
13,萬華,2020-08-27,26,6,6.0,nan,15,25,17.0,26.0
51,大寮,2020-08-27,20,4,1.0,nan,10,9,20.0,16.0
14,古亭,2020-08-27,33,3,5.0,nan,13,18,33.0,25.0
15,松山,2020-08-27,31,4,5.0,nan,15,25,31.0,31.0
52,林園,2020-08-27,40,3,1.0,nan,40,7,25.0,21.0
16,大同,2020-08-27,37,6,17.0,nan,22,37,nan,34.0
17,桃園,2020-08-27,34,14,5.0,nan,14,19,34.0,23.0
53,楠梓,2020-08-27,21,9,3.0,nan,12,21,14.0,21.0
54,左營,2020-08-27,19,11,3.0,nan,10,15,14.0,19.0
18,大園,2020-08-27,34,9,3.0,nan,11,22,34.0,22.0
19,觀音,2020-08-27,31,7,3.0,nan,14,12,31.0,19.0
20,平鎮,2020-08-27,31,6,3.0,nan,12,15,31.0,nan
56,前金,2020-08-27,28,7,5.0,nan,15,22,14.0,28.0
21,龍潭,2020-08-27,32,4,2.0,nan,10,16,32.0,19.0
57,前鎮,2020-08-27,29,10,6.0,nan,18,24,nan,29.0
22,湖口,2020-08-27,29,4,2.0,nan,9,13,29.0,17.0
58,小港,2020-08-27,37,29,5.0,nan,23,21,10.0,37.0
24,新竹,2020-08-27,27,3,3.0,nan,10,14,27.0,nan
25,頭份,2020-08-27,17,6,2.0,nan,12,16,nan,17.0
59,屏東,2020-08-27,19,1,5.0,nan,9,14,19.0,15.0
60,潮州,2020-08-27,22,3,1.0,nan,8,2,22.0,12.0
26,苗栗,2020-08-27,20,4,2.0,nan,10,11,20.0,14.0
61,恆春,2020-08-27,24,1,1.0,nan,21,1,23.0,24.0
27,三義,2020-08-27,21,4,1.0,nan,9,8,21.0,13.0
28,豐原,2020-08-27,21,3,2.0,nan,10,8,21.0,19.0
62,臺東,2020-08-27,25,3,5.0,nan,15,12,16.0,25.0
29,沙鹿,2020-08-27,20,3,2.0,nan,6,11,20.0,10.0
63,花蓮,2020-08-27,42,6,3.0,nan,21,10,42.0,29.0
30,大里,2020-08-27,19,6,3.0,nan,15,19,19.0,19.0
64,陽明,2020-08-27,33,6,2.0,nan,8,3,33.0,15.0
31,忠明,2020-08-27,28,3,3.0,nan,9,13,28.0,14.0
65,宜蘭,2020-08-27,31,4,2.0,nan,17,8,31.0,24.0
32,西屯,2020-08-27,20,3,2.0,nan,8,16,20.0,nan
66,冬山,2020-08-27,29,4,5.0,nan,19,17,29.0,28.0
33,彰化,2020-08-27,20,6,2.0,nan,8,11,20.0,16.0
34,線西,2020-08-27,14,3,1.0,nan,10,8,nan,14.0
67,三重,2020-08-27,40,4,14.0,nan,19,39,nan,40.0
68,中壢,2020-08-27,44,6,15.0,nan,15,44,nan,28.0
69,竹山,2020-08-27,19,3,2.0,nan,10,18,19.0,10.0
35,二林,2020-08-27,19,4,1.0,nan,6,5,19.0,11.0
70,永和,2020-08-27,26,4,10.0,nan,13,26,nan,26.0
36,南投,2020-08-27,21,3,3.0,nan,13,10,21.0,16.0
71,復興,2020-08-27,29,11,6.0,nan,13,20,nan,29.0
37,斗六,2020-08-27,19,4,2.0,nan,10,7,19.0,11.0
72,埔里,2020-08-27,23,3,2.0,nan,13,10,23.0,11.0
38,崙背,2020-08-27,20,3,2.0,nan,8,8,20.0,14.0
75,馬祖,2020-08-27,32,4,1.0,nan,16,8,32.0,19.0
77,金門,2020-08-27,27,4,1.0,nan,15,7,27.0,19.0
39,新港,2020-08-27,19,3,2.0,nan,7,9,19.0,17.0
40,朴子,2020-08-27,17,3,2.0,nan,8,8,17.0,9.0
78,馬公,2020-08-27,21,4,2.0,nan,19,14,21.0,20.0
80,關山,2020-08-27,18,4,nan,nan,8,4,18.0,16.0
83,麥寮,2020-08-27,8,3,2.0,nan,8,8,nan,nan
41,臺西,2020-08-27,15,3,1.0,nan,7,6,nan,15.0
84,富貴角,2020-08-27,35,1,2.0,nan,14,9,35.0,19.0
42,嘉義,2020-08-27,17,3,2.0,nan,6,12,17.0,11.0
43,新營,2020-08-27,10,4,2.0,nan,6,7,10.0,7.0
1,基隆,2020-08-27,29,4,3.0,nan,20,21,29.0,28.0
44,善化,2020-08-27,19,7,2.0,nan,6,10,19.0,11.0
2,汐止,2020-08-27,31,9,6.0,nan,16,20,29.0,31.0
3,萬里,2020-08-27,39,10,2.0,nan,12,8,39.0,24.0
45,安南,2020-08-27,27,4,3.0,nan,11,19,16.0,27.0
4,新店,2020-08-27,35,4,5.0,nan,12,19,35.0,nan
5,土城,2020-08-27,48,6,6.0,nan,17,25,48.0,31.0
46,臺南,2020-08-27,20,6,3.0,nan,7,20,17.0,9.0
6,板橋,2020-08-27,30,6,6.0,nan,16,27,30.0,29.0
47,美濃,2020-08-27,19,3,2.0,nan,6,5,19.0,7.0
7,新莊,2020-08-27,43,36,6.0,nan,19,25,43.0,35.0
8,菜寮,2020-08-27,37,6,6.0,nan,15,27,37.0,nan
48,橋頭,2020-08-27,18,4,3.0,nan,8,14,18.0,18.0
3,萬里,2020-08-28,43,7,2.0,nan,14,9,43.0,19.0
42,嘉義,2020-08-28,27,3,2.0,nan,11,8,27.0,16.0
17,桃園,2020-08-28,49,49,6.0,nan,20,21,38.0,33.0
9,林口,2020-08-28,64,6,5.0,nan,14,27,64.0,24.0
47,美濃,2020-08-28,24,3,2.0,nan,10,5,24.0,14.0
50,鳳山,2020-08-28,27,10,7.0,nan,19,23,nan,27.0
33,彰化,2020-08-28,31,4,2.0,nan,12,8,31.0,19.0
58,小港,2020-08-28,24,13,5.0,nan,23,19,19.0,24.0
10,淡水,2020-08-28,44,4,5.0,nan,19,20,44.0,21.0
68,中壢,2020-08-28,45,4,17.0,nan,19,45,nan,32.0
57,前鎮,2020-08-28,27,6,7.0,nan,20,25,nan,27.0
31,忠明,2020-08-28,38,4,3.0,nan,12,15,38.0,24.0
66,冬山,2020-08-28,29,3,3.0,nan,19,12,29.0,19.0
49,仁武,2020-08-28,25,14,3.0,nan,18,17,25.0,22.0
40,朴子,2020-08-28,26,4,3.0,nan,15,10,26.0,15.0
11,士林,2020-08-28,51,4,6.0,nan,17,25,51.0,nan
67,三重,2020-08-28,45,9,19.0,nan,22,45,nan,40.0
12,中山,2020-08-28,42,9,10.0,nan,19,31,42.0,nan
43,新營,2020-08-28,20,6,3.0,nan,12,8,19.0,20.0
51,大寮,2020-08-28,26,6,2.0,nan,19,7,26.0,23.0
32,西屯,2020-08-28,33,3,2.0,nan,14,15,33.0,20.0
13,萬華,2020-08-28,45,14,10.0,nan,18,39,45.0,28.0
14,古亭,2020-08-28,61,4,5.0,nan,15,16,61.0,28.0
41,臺西,2020-08-28,19,4,2.0,nan,12,8,nan,19.0
15,松山,2020-08-28,42,7,5.0,nan,15,24,42.0,23.0
19,觀音,2020-08-28,37,10,3.0,nan,17,24,37.0,19.0
16,大同,2020-08-28,35,7,17.0,nan,22,35,nan,32.0
59,屏東,2020-08-28,25,6,6.0,nan,16,17,25.0,21.0
48,橋頭,2020-08-28,27,9,3.0,nan,18,20,27.0,22.0
34,線西,2020-08-28,19,3,2.0,nan,14,5,nan,19.0
37,斗六,2020-08-28,34,4,3.0,nan,15,10,34.0,20.0
30,大里,2020-08-28,33,3,5.0,nan,19,21,33.0,28.0
21,龍潭,2020-08-28,47,4,5.0,nan,13,23,47.0,21.0
60,潮州,2020-08-28,26,3,2.0,nan,15,4,26.0,21.0
29,沙鹿,2020-08-28,31,4,2.0,nan,9,8,31.0,nan
52,林園,2020-08-28,45,4,2.0,nan,45,7,31.0,27.0
69,竹山,2020-08-28,32,6,2.0,nan,17,15,32.0,16.0
4,新店,2020-08-28,80,6,5.0,nan,16,24,80.0,nan
8,菜寮,2020-08-28,71,19,10.0,nan,22,39,71.0,nan
53,楠梓,2020-08-28,26,13,3.0,nan,19,22,26.0,26.0
28,豐原,2020-08-28,35,1,2.0,nan,13,8,35.0,21.0
61,恆春,2020-08-28,27,1,1.0,nan,15,2,27.0,21.0
70,永和,2020-08-28,39,7,15.0,nan,16,39,nan,26.0
5,土城,2020-08-28,126,7,7.0,nan,21,32,126.0,32.0
71,復興,2020-08-28,28,7,6.0,nan,16,24,nan,28.0
54,左營,2020-08-28,25,9,5.0,nan,18,25,25.0,18.0
27,三義,2020-08-28,31,4,2.0,nan,11,14,31.0,19.0
45,安南,2020-08-28,29,6,5.0,nan,19,14,27.0,29.0
72,埔里,2020-08-28,30,3,2.0,nan,14,10,30.0,12.0
7,新莊,2020-08-28,77,11,7.0,nan,22,24,77.0,33.0
62,臺東,2020-08-28,27,3,3.0,nan,20,11,22.0,27.0
36,南投,2020-08-28,35,3,3.0,nan,18,11,35.0,20.0
75,馬祖,2020-08-28,51,4,1.0,nan,19,38,51.0,26.0
63,花蓮,2020-08-28,35,3,2.0,nan,22,8,35.0,26.0
44,善化,2020-08-28,27,11,2.0,nan,13,9,27.0,24.0
77,金門,2020-08-28,50,11,2.0,nan,19,20,50.0,33.0
26,苗栗,2020-08-28,33,3,3.0,nan,14,10,33.0,22.0
39,新港,2020-08-28,31,4,2.0,nan,12,8,31.0,23.0
64,陽明,2020-08-28,37,4,1.0,nan,9,3,37.0,14.0
78,馬公,2020-08-28,27,3,2.0,nan,19,8,27.0,16.0
20,平鎮,2020-08-28,41,6,6.0,nan,19,34,41.0,nan
80,關山,2020-08-28,21,4,nan,nan,13,6,21.0,14.0
35,二林,2020-08-28,26,6,2.0,nan,13,7,26.0,16.0
25,頭份,2020-08-28,23,4,2.0,nan,15,14,nan,23.0
46,臺南,2020-08-28,26,7,3.0,nan,15,19,26.0,19.0
83,麥寮,2020-08-28,12,6,3.0,nan,12,10,nan,nan
84,富貴角,2020-08-28,37,6,2.0,nan,17,4,37.0,16.0
56,前金,2020-08-28,29,9,5.0,nan,20,23,25.0,29.0
6,板橋,2020-08-28,84,6,7.0,nan,19,33,84.0,30.0
38,崙背,2020-08-28,29,3,2.0,nan,13,8,29.0,23.0
24,新竹,2020-08-28,38,7,3.0,nan,14,13,38.0,nan
1,基隆,2020-08-28,37,11,3.0,nan,18,17,37.0,16.0
18,大園,2020-08-28,43,16,3.0,nan,17,28,43.0,27.0
23,竹東,2020-08-28,36,3,3.0,nan,14,8,36.0,16.0
65,宜蘭,2020-08-28,33,6,2.0,nan,16,5,33.0,16.0
2,汐止,2020-08-28,41,9,5.0,nan,15,18,41.0,23.0
22,湖口,2020-08-28,39,6,3.0,nan,15,19,39.0,23.0
12,中山,2020-08-29,26,4,6.0,nan,19.0,26,25.0,nan
26,苗栗,2020-08-29,44,7,5.0,nan,20.0,17,44.0,34.0
28,豐原,2020-08-29,71,4,6.0,nan,21.0,10,71.0,39.0
25,頭份,2020-08-29,36,3,3.0,nan,18.0,18,nan,36.0
24,新竹,2020-08-29,44,7,5.0,nan,20.0,21,44.0,nan
29,沙鹿,2020-08-29,54,9,2.0,nan,19.0,22,54.0,nan
30,大里,2020-08-29,54,9,6.0,nan,24.0,19,54.0,46.0
31,忠明,2020-08-29,80,7,3.0,nan,19.0,16,80.0,45.0
32,西屯,2020-08-29,67,6,3.0,nan,22.0,19,67.0,44.0
23,竹東,2020-08-29,46,3,3.0,nan,21.0,11,46.0,34.0
33,彰化,2020-08-29,50,9,5.0,nan,19.0,13,50.0,44.0
22,湖口,2020-08-29,48,6,3.0,nan,19.0,21,48.0,38.0
34,線西,2020-08-29,34,7,3.0,nan,24.0,8,nan,34.0
35,二林,2020-08-29,43,7,3.0,nan,27.0,11,43.0,39.0
21,龍潭,2020-08-29,44,7,3.0,nan,20.0,16,44.0,37.0
36,南投,2020-08-29,48,4,5.0,nan,24.0,14,48.0,42.0
37,斗六,2020-08-29,51,6,3.0,nan,20.0,9,51.0,34.0
38,崙背,2020-08-29,45,6,2.0,nan,19.0,7,45.0,37.0
20,平鎮,2020-08-29,49,9,5.0,nan,24.0,23,49.0,nan
39,新港,2020-08-29,41,3,3.0,nan,16.0,16,41.0,26.0
40,朴子,2020-08-29,34,4,3.0,nan,18.0,11,34.0,22.0
41,臺西,2020-08-29,32,4,2.0,nan,19.0,8,nan,32.0
19,觀音,2020-08-29,49,9,3.0,nan,21.0,15,49.0,34.0
42,嘉義,2020-08-29,40,3,3.0,nan,14.0,12,40.0,19.0
43,新營,2020-08-29,31,4,3.0,nan,17.0,7,31.0,23.0
18,大園,2020-08-29,74,7,3.0,nan,25.0,21,74.0,43.0
44,善化,2020-08-29,43,9,2.0,nan,nan,10,43.0,23.0
17,桃園,2020-08-29,67,67,5.0,nan,23.0,14,27.0,42.0
45,安南,2020-08-29,39,7,3.0,nan,19.0,18,39.0,31.0
46,臺南,2020-08-29,35,6,3.0,nan,17.0,18,35.0,25.0
47,美濃,2020-08-29,44,1,2.0,nan,17.0,6,44.0,25.0
16,大同,2020-08-29,31,6,11.0,nan,21.0,30,nan,31.0
15,松山,2020-08-29,32,4,5.0,nan,20.0,18,27.0,32.0
48,橋頭,2020-08-29,35,7,3.0,nan,16.0,12,35.0,24.0
49,仁武,2020-08-29,35,6,3.0,nan,17.0,15,35.0,27.0
14,古亭,2020-08-29,31,4,3.0,nan,17.0,14,31.0,30.0
50,鳳山,2020-08-29,33,6,5.0,nan,19.0,24,nan,33.0
13,萬華,2020-08-29,28,6,5.0,nan,18.0,20,28.0,25.0
27,三義,2020-08-29,45,6,2.0,nan,19.0,9,45.0,32.0
11,士林,2020-08-29,34,4,5.0,nan,17.0,14,34.0,nan
51,大寮,2020-08-29,36,13,5.0,nan,21.0,12,34.0,36.0
10,淡水,2020-08-29,40,7,6.0,nan,21.0,18,40.0,28.0
52,林園,2020-08-29,34,4,3.0,nan,26.0,8,34.0,27.0
9,林口,2020-08-29,48,6,5.0,nan,19.0,27,48.0,34.0
8,菜寮,2020-08-29,31,7,6.0,nan,22.0,23,31.0,nan
53,楠梓,2020-08-29,34,6,3.0,nan,16.0,16,34.0,24.0
54,左營,2020-08-29,32,7,5.0,nan,14.0,14,32.0,19.0
7,新莊,2020-08-29,36,11,8.0,nan,25.0,20,35.0,36.0
6,板橋,2020-08-29,31,10,6.0,nan,21.0,23,31.0,28.0
56,前金,2020-08-29,32,10,6.0,nan,16.0,17,32.0,31.0
57,前鎮,2020-08-29,24,7,7.0,nan,18.0,22,nan,24.0
58,小港,2020-08-29,29,10,3.0,nan,17.0,21,29.0,24.0
5,土城,2020-08-29,36,6,5.0,nan,20.0,15,36.0,29.0
59,屏東,2020-08-29,44,7,5.0,nan,23.0,13,44.0,31.0
4,新店,2020-08-29,31,6,5.0,nan,15.0,14,31.0,nan
60,潮州,2020-08-29,31,3,2.0,nan,18.0,4,31.0,23.0
61,恆春,2020-08-29,29,1,1.0,nan,13.0,2,29.0,19.0
3,萬里,2020-08-29,35,7,2.0,nan,19.0,11,35.0,27.0
62,臺東,2020-08-29,31,3,3.0,nan,17.0,7,31.0,28.0
63,花蓮,2020-08-29,33,3,2.0,nan,20.0,13,33.0,24.0
2,汐止,2020-08-29,31,6,5.0,nan,19.0,17,30.0,31.0
64,陽明,2020-08-29,29,3,1.0,nan,10.0,2,29.0,16.0
1,基隆,2020-08-29,24,4,5.0,nan,22.0,17,22.0,24.0
65,宜蘭,2020-08-29,30,4,2.0,nan,21.0,7,30.0,26.0
66,冬山,2020-08-29,26,9,3.0,nan,19.0,21,26.0,22.0
67,三重,2020-08-29,38,6,15.0,nan,21.0,33,nan,38.0
68,中壢,2020-08-29,87,7,10.0,nan,23.0,87,nan,49.0
69,竹山,2020-08-29,44,3,2.0,nan,18.0,14,44.0,29.0
70,永和,2020-08-29,25,6,7.0,nan,15.0,15,nan,25.0
71,復興,2020-08-29,31,10,6.0,nan,14.0,20,nan,31.0
72,埔里,2020-08-29,47,3,3.0,nan,18.0,9,47.0,32.0
75,馬祖,2020-08-29,44,4,1.0,nan,16.0,37,44.0,29.0
77,金門,2020-08-29,47,9,2.0,nan,21.0,8,47.0,45.0
78,馬公,2020-08-29,32,3,2.0,nan,15.0,9,32.0,16.0
80,關山,2020-08-29,31,4,nan,nan,11.0,3,31.0,18.0
83,麥寮,2020-08-29,30,4,3.0,nan,20.0,9,nan,30.0
84,富貴角,2020-08-29,74,4,3.0,nan,20.0,10,74.0,32.0
1,基隆,2020-08-30,16,4.0,2.0,nan,16.0,7.0,16.0,13.0
2,汐止,2020-08-30,19,10.0,2.0,nan,11.0,8.0,19.0,14.0
3,萬里,2020-08-30,18,4.0,1.0,nan,13.0,5.0,18.0,15.0
4,新店,2020-08-30,17,3.0,2.0,nan,9.0,9.0,17.0,nan
5,土城,2020-08-30,24,4.0,2.0,nan,10.0,9.0,24.0,14.0
6,板橋,2020-08-30,20,6.0,3.0,nan,11.0,10.0,20.0,14.0
7,新莊,2020-08-30,22,4.0,2.0,nan,14.0,9.0,22.0,19.0
8,菜寮,2020-08-30,17,3.0,2.0,nan,9.0,7.0,17.0,nan
9,林口,2020-08-30,21,4.0,2.0,nan,10.0,7.0,21.0,15.0
10,淡水,2020-08-30,18,4.0,2.0,nan,8.0,6.0,17.0,18.0
11,士林,2020-08-30,17,6.0,1.0,nan,8.0,5.0,17.0,nan
12,中山,2020-08-30,14,3.0,3.0,nan,10.0,11.0,14.0,nan
13,萬華,2020-08-30,17,3.0,2.0,nan,11.0,12.0,17.0,16.0
14,古亭,2020-08-30,19,3.0,2.0,nan,8.0,5.0,19.0,16.0
15,松山,2020-08-30,18,4.0,3.0,nan,12.0,11.0,18.0,15.0
16,大同,2020-08-30,17,4.0,6.0,nan,13.0,10.0,nan,17.0
17,桃園,2020-08-30,44,44.0,3.0,nan,12.0,10.0,21.0,21.0
18,大園,2020-08-30,21,10.0,3.0,nan,14.0,15.0,21.0,21.0
19,觀音,2020-08-30,30,9.0,3.0,nan,20.0,13.0,18.0,30.0
20,平鎮,2020-08-30,28,7.0,3.0,nan,15.0,13.0,28.0,nan
21,龍潭,2020-08-30,36,6.0,3.0,nan,14.0,9.0,36.0,22.0
22,湖口,2020-08-30,28,6.0,3.0,nan,15.0,15.0,28.0,27.0
23,竹東,2020-08-30,38,3.0,3.0,nan,19.0,6.0,38.0,21.0
24,新竹,2020-08-30,32,7.0,2.0,nan,16.0,8.0,32.0,nan
25,頭份,2020-08-30,26,4.0,2.0,nan,18.0,11.0,nan,26.0
26,苗栗,2020-08-30,32,9.0,3.0,nan,22.0,11.0,29.0,32.0
27,三義,2020-08-30,40,4.0,3.0,nan,21.0,8.0,40.0,37.0
28,豐原,2020-08-30,54,4.0,3.0,nan,24.0,9.0,54.0,54.0
29,沙鹿,2020-08-30,45,4.0,5.0,nan,24.0,16.0,45.0,nan
30,大里,2020-08-30,54,4.0,5.0,nan,27.0,12.0,43.0,54.0
31,忠明,2020-08-30,61,4.0,3.0,nan,20.0,11.0,61.0,46.0
32,西屯,2020-08-30,52,4.0,3.0,nan,25.0,11.0,49.0,52.0
33,彰化,2020-08-30,48,11.0,3.0,nan,23.0,10.0,44.0,48.0
34,線西,2020-08-30,45,9.0,3.0,nan,31.0,9.0,nan,45.0
35,二林,2020-08-30,42,9.0,3.0,nan,26.0,10.0,37.0,42.0
36,南投,2020-08-30,54,4.0,5.0,nan,29.0,12.0,44.0,54.0
37,斗六,2020-08-30,49,4.0,5.0,nan,25.0,15.0,49.0,45.0
38,崙背,2020-08-30,47,4.0,3.0,nan,25.0,8.0,47.0,46.0
39,新港,2020-08-30,41,1.0,3.0,nan,18.0,8.0,41.0,35.0
40,朴子,2020-08-30,36,4.0,3.0,nan,21.0,10.0,35.0,36.0
41,臺西,2020-08-30,36,4.0,3.0,nan,20.0,8.0,nan,36.0
42,嘉義,2020-08-30,40,3.0,3.0,nan,18.0,16.0,40.0,26.0
43,新營,2020-08-30,31,6.0,3.0,nan,18.0,8.0,31.0,29.0
44,善化,2020-08-30,38,10.0,2.0,nan,12.0,8.0,38.0,23.0
45,安南,2020-08-30,41,4.0,3.0,nan,17.0,18.0,41.0,34.0
46,臺南,2020-08-30,39,6.0,3.0,nan,15.0,18.0,39.0,25.0
47,美濃,2020-08-30,34,3.0,2.0,nan,14.0,4.0,34.0,18.0
48,橋頭,2020-08-30,42,6.0,3.0,nan,18.0,14.0,42.0,27.0
49,仁武,2020-08-30,43,6.0,3.0,nan,19.0,20.0,43.0,30.0
50,鳳山,2020-08-30,35,6.0,3.0,nan,17.0,13.0,nan,35.0
51,大寮,2020-08-30,48,7.0,3.0,nan,22.0,12.0,40.0,48.0
52,林園,2020-08-30,46,9.0,3.0,nan,27.0,8.0,46.0,38.0
53,楠梓,2020-08-30,42,7.0,3.0,nan,19.0,18.0,42.0,30.0
54,左營,2020-08-30,46,7.0,6.0,nan,19.0,25.0,46.0,29.0
56,前金,2020-08-30,46,10.0,6.0,nan,18.0,24.0,46.0,33.0
57,前鎮,2020-08-30,36,6.0,8.0,nan,17.0,26.0,nan,36.0
58,小港,2020-08-30,44,9.0,5.0,nan,19.0,20.0,44.0,34.0
59,屏東,2020-08-30,37,4.0,5.0,nan,19.0,16.0,37.0,26.0
60,潮州,2020-08-30,35,4.0,2.0,nan,16.0,4.0,35.0,20.0
61,恆春,2020-08-30,26,1.0,1.0,nan,9.0,2.0,26.0,16.0
62,臺東,2020-08-30,22,3.0,2.0,nan,15.0,6.0,22.0,18.0
63,花蓮,2020-08-30,20,3.0,2.0,nan,13.0,6.0,20.0,14.0
64,陽明,2020-08-30,12,3.0,1.0,nan,7.0,1.0,12.0,11.0
65,宜蘭,2020-08-30,18,4.0,2.0,nan,15.0,5.0,17.0,18.0
66,冬山,2020-08-30,18,3.0,2.0,nan,14.0,5.0,18.0,12.0
67,三重,2020-08-30,23,4.0,11.0,nan,13.0,14.0,nan,23.0
68,中壢,2020-08-30,55,9.0,9.0,nan,18.0,55.0,nan,37.0
69,竹山,2020-08-30,42,1.0,3.0,nan,23.0,15.0,42.0,42.0
70,永和,2020-08-30,15,3.0,5.0,nan,9.0,7.0,nan,15.0
71,復興,2020-08-30,33,6.0,7.0,nan,15.0,26.0,nan,33.0
72,埔里,2020-08-30,45,4.0,3.0,nan,21.0,9.0,45.0,40.0
75,馬祖,2020-08-30,30,3.0,1.0,nan,12.0,5.0,30.0,19.0
77,金門,2020-08-30,42,10.0,2.0,nan,31.0,20.0,36.0,42.0
78,馬公,2020-08-30,39,3.0,1.0,nan,20.0,4.0,39.0,23.0
80,關山,2020-08-30,-1,nan,nan,nan,nan,nan,nan,nan
83,麥寮,2020-08-30,34,4.0,3.0,nan,24.0,9.0,nan,34.0
84,富貴角,2020-08-30,19,1.0,1.0,nan,8.0,3.0,19.0,13.0
1,基隆,2020-08-31,32,6,1.0,nan,24.0,8,17.0,32.0
2,汐止,2020-08-31,31,7,6.0,nan,18.0,14,17.0,31.0
3,萬里,2020-08-31,31,4,1.0,nan,27.0,2,20.0,31.0
4,新店,2020-08-31,17,4,5.0,nan,14.0,15,17.0,nan
5,土城,2020-08-31,26,4,5.0,nan,17.0,18,22.0,26.0
6,板橋,2020-08-31,26,7,5.0,nan,18.0,16,20.0,26.0
7,新莊,2020-08-31,33,6,3.0,nan,19.0,9,19.0,33.0
8,菜寮,2020-08-31,18,3,3.0,nan,18.0,11,17.0,nan
9,林口,2020-08-31,31,4,2.0,nan,16.0,8,18.0,31.0
10,淡水,2020-08-31,30,3,2.0,nan,19.0,7,16.0,30.0
11,士林,2020-08-31,19,6,5.0,nan,16.0,16,19.0,nan
12,中山,2020-08-31,19,6,8.0,nan,19.0,19,13.0,nan
13,萬華,2020-08-31,31,6,6.0,nan,17.0,17,16.0,31.0
14,古亭,2020-08-31,29,6,5.0,nan,15.0,18,18.0,29.0
15,松山,2020-08-31,31,7,6.0,nan,17.0,20,16.0,31.0
16,大同,2020-08-31,37,7,15.0,nan,21.0,19,nan,37.0
17,桃園,2020-08-31,29,11,3.0,nan,19.0,10,14.0,29.0
18,大園,2020-08-31,32,6,1.0,nan,19.0,9,19.0,32.0
19,觀音,2020-08-31,29,10,2.0,nan,20.0,12,19.0,29.0
20,平鎮,2020-08-31,19,6,3.0,nan,19.0,17,14.0,nan
21,龍潭,2020-08-31,29,7,3.0,nan,15.0,16,21.0,29.0
22,湖口,2020-08-31,33,4,2.0,nan,15.0,14,19.0,33.0
23,竹東,2020-08-31,20,4,2.0,nan,18.0,7,20.0,18.0
24,新竹,2020-08-31,19,4,3.0,nan,15.0,12,19.0,nan
25,頭份,2020-08-31,22,1,2.0,nan,15.0,22,nan,22.0
26,苗栗,2020-08-31,27,6,3.0,nan,19.0,11,22.0,27.0
27,三義,2020-08-31,34,4,3.0,nan,19.0,8,27.0,34.0
28,豐原,2020-08-31,46,3,3.0,nan,22.0,11,33.0,46.0
29,沙鹿,2020-08-31,25,4,3.0,nan,23.0,11,25.0,nan
30,大里,2020-08-31,48,10,5.0,nan,27.0,18,34.0,48.0
31,忠明,2020-08-31,48,4,5.0,nan,20.0,16,37.0,48.0
32,西屯,2020-08-31,49,4,3.0,nan,27.0,13,30.0,49.0
33,彰化,2020-08-31,43,7,5.0,nan,24.0,15,28.0,43.0
34,線西,2020-08-31,43,11,3.0,nan,32.0,8,nan,43.0
35,二林,2020-08-31,40,7,2.0,nan,29.0,10,28.0,40.0
36,南投,2020-08-31,50,3,5.0,nan,28.0,13,43.0,50.0
37,斗六,2020-08-31,45,9,3.0,nan,27.0,8,45.0,42.0
38,崙背,2020-08-31,45,4,3.0,nan,28.0,8,33.0,45.0
39,新港,2020-08-31,39,3,3.0,nan,23.0,14,39.0,36.0
40,朴子,2020-08-31,37,9,3.0,nan,26.0,13,37.0,37.0
41,臺西,2020-08-31,33,7,2.0,nan,21.0,10,nan,33.0
42,嘉義,2020-08-31,41,4,3.0,nan,24.0,12,41.0,36.0
43,新營,2020-08-31,35,4,3.0,nan,19.0,12,35.0,30.0
44,善化,2020-08-31,44,9,3.0,nan,nan,11,44.0,28.0
45,安南,2020-08-31,46,6,9.0,nan,26.0,31,44.0,46.0
46,臺南,2020-08-31,42,7,10.0,nan,19.0,30,42.0,33.0
47,美濃,2020-08-31,40,4,2.0,nan,14.0,7,40.0,17.0
48,橋頭,2020-08-31,43,6,3.0,nan,18.0,18,43.0,27.0
49,仁武,2020-08-31,33,10,5.0,nan,20.0,32,33.0,31.0
50,鳳山,2020-08-31,32,14,7.0,nan,19.0,29,nan,32.0
51,大寮,2020-08-31,37,9,5.0,nan,20.0,23,37.0,35.0
52,林園,2020-08-31,38,6,3.0,nan,23.0,15,38.0,26.0
53,楠梓,2020-08-31,32,10,5.0,nan,20.0,27,32.0,31.0
54,左營,2020-08-31,36,9,8.0,nan,19.0,36,32.0,27.0
56,前金,2020-08-31,35,9,8.0,nan,19.0,32,35.0,34.0
57,前鎮,2020-08-31,38,6,12.0,nan,17.0,38,nan,30.0
58,小港,2020-08-31,34,6,6.0,nan,19.0,34,27.0,28.0
59,屏東,2020-08-31,37,3,5.0,nan,18.0,17,37.0,24.0
60,潮州,2020-08-31,35,3,2.0,nan,18.0,6,35.0,22.0
61,恆春,2020-08-31,32,1,1.0,nan,10.0,1,32.0,20.0
62,臺東,2020-08-31,25,4,3.0,nan,16.0,12,19.0,25.0
63,花蓮,2020-08-31,24,3,2.0,nan,20.0,7,24.0,22.0
64,陽明,2020-08-31,16,3,1.0,nan,7.0,1,16.0,15.0
65,宜蘭,2020-08-31,24,4,1.0,nan,15.0,4,19.0,24.0
66,冬山,2020-08-31,19,4,2.0,nan,16.0,8,19.0,19.0
67,三重,2020-08-31,24,6,14.0,nan,22.0,24,nan,nan
68,中壢,2020-08-31,42,7,9.0,nan,19.0,41,nan,42.0
69,竹山,2020-08-31,44,3,2.0,nan,24.0,15,42.0,44.0
70,永和,2020-08-31,31,6,11.0,nan,15.0,20,nan,31.0
71,復興,2020-08-31,39,7,11.0,nan,15.0,39,nan,31.0
72,埔里,2020-08-31,43,3,2.0,nan,18.0,8,43.0,34.0
75,馬祖,2020-08-31,32,4,1.0,nan,17.0,4,28.0,32.0
77,金門,2020-08-31,35,9,2.0,nan,25.0,14,35.0,32.0
78,馬公,2020-08-31,31,3,2.0,nan,22.0,5,27.0,31.0
80,關山,2020-08-31,9,4,nan,nan,nan,4,9.0,nan
83,麥寮,2020-08-31,35,6,3.0,nan,nan,8,nan,35.0
84,富貴角,2020-08-31,31,1,1.0,nan,27.0,1,22.0,31.0
