siteid,sitename,monitordate,aqi,so2subindex,cosubindex,o3subindex,pm10subindex,no2subindex,o38subindex,pm25subindex
77,金門,2018-07-01,60,10.0,3.0,nan,41.0,21.0,58.0,60.0
67,三重,2018-07-01,44,11.0,14.0,nan,44.0,31.0,nan,37.0
2,汐止,2018-07-01,44,7.0,5.0,nan,21.0,17.0,44.0,38.0
3,萬里,2018-07-01,54,9.0,2.0,nan,41.0,8.0,43.0,54.0
4,新店,2018-07-01,43,6.0,3.0,nan,22.0,13.0,43.0,37.0
5,土城,2018-07-01,43,9.0,3.0,nan,23.0,17.0,43.0,35.0
6,板橋,2018-07-01,37,16.0,3.0,nan,30.0,18.0,37.0,29.0
7,新莊,2018-07-01,40,24.0,3.0,nan,19.0,17.0,40.0,39.0
8,菜寮,2018-07-01,53,20.0,3.0,nan,22.0,17.0,29.0,53.0
9,林口,2018-07-01,37,9.0,2.0,nan,24.0,15.0,37.0,37.0
10,淡水,2018-07-01,42,9.0,2.0,nan,22.0,12.0,31.0,42.0
11,士林,2018-07-01,54,7.0,3.0,nan,28.0,18.0,33.0,54.0
12,中山,2018-07-01,44,10.0,7.0,nan,28.0,22.0,30.0,44.0
13,萬華,2018-07-01,49,16.0,5.0,nan,30.0,20.0,33.0,49.0
14,古亭,2018-07-01,40,9.0,3.0,nan,20.0,17.0,40.0,32.0
15,松山,2018-07-01,42,7.0,5.0,nan,24.0,18.0,38.0,42.0
16,大同,2018-07-01,49,14.0,10.0,nan,37.0,29.0,nan,49.0
17,桃園,2018-07-01,38,9.0,2.0,nan,27.0,15.0,34.0,38.0
18,大園,2018-07-01,42,7.0,2.0,nan,27.0,10.0,38.0,42.0
19,觀音,2018-07-01,52,7.0,2.0,nan,35.0,11.0,34.0,52.0
20,平鎮,2018-07-01,35,4.0,3.0,nan,24.0,12.0,35.0,29.0
21,龍潭,2018-07-01,42,4.0,3.0,nan,28.0,12.0,42.0,29.0
22,湖口,2018-07-01,38,7.0,1.0,nan,21.0,11.0,37.0,38.0
23,竹東,2018-07-01,33,4.0,2.0,nan,25.0,7.0,33.0,30.0
24,新竹,2018-07-01,41,7.0,3.0,nan,19.0,11.0,29.0,41.0
65,宜蘭,2018-07-01,47,11.0,2.0,nan,29.0,4.0,47.0,41.0
75,馬祖,2018-07-01,57,4.0,1.0,nan,37.0,8.0,46.0,57.0
25,頭份,2018-07-01,25,7.0,2.0,nan,24.0,10.0,nan,25.0
83,麥寮,2018-07-01,38,4.0,2.0,nan,34.0,9.0,nan,38.0
26,苗栗,2018-07-01,49,6.0,2.0,nan,19.0,9.0,32.0,49.0
64,陽明,2018-07-01,33,3.0,1.0,nan,12.0,8.0,33.0,33.0
27,三義,2018-07-01,38,11.0,2.0,nan,17.0,8.0,35.0,38.0
72,埔里,2018-07-01,39,4.0,2.0,nan,15.0,8.0,33.0,39.0
28,豐原,2018-07-01,35,4.0,2.0,nan,16.0,9.0,35.0,28.0
29,沙鹿,2018-07-01,32,3.0,2.0,nan,18.0,22.0,32.0,24.0
71,復興,2018-07-01,19,10.0,5.0,nan,19.0,15.0,nan,8.0
30,大里,2018-07-01,33,3.0,3.0,nan,29.0,15.0,33.0,13.0
31,忠明,2018-07-01,33,3.0,2.0,nan,17.0,15.0,33.0,23.0
63,花蓮,2018-07-01,44,10.0,2.0,nan,29.0,8.0,44.0,30.0
32,西屯,2018-07-01,34,3.0,2.0,nan,20.0,12.0,34.0,30.0
84,富貴角,2018-07-01,44,4.0,2.0,nan,12.0,8.0,44.0,43.0
62,臺東,2018-07-01,36,1.0,3.0,nan,25.0,8.0,23.0,36.0
33,彰化,2018-07-01,29,29.0,2.0,nan,20.0,8.0,29.0,28.0
34,線西,2018-07-01,21,4.0,2.0,nan,15.0,8.0,nan,21.0
70,永和,2018-07-01,39,7.0,8.0,nan,20.0,21.0,nan,39.0
35,二林,2018-07-01,46,4.0,2.0,nan,22.0,10.0,28.0,46.0
61,恆春,2018-07-01,29,7.0,2.0,nan,12.0,8.0,29.0,28.0
80,關山,2018-07-01,48,4.0,nan,nan,34.0,6.0,19.0,48.0
36,南投,2018-07-01,27,3.0,3.0,nan,22.0,13.0,25.0,27.0
60,潮州,2018-07-01,29,7.0,2.0,nan,20.0,8.0,29.0,27.0
37,斗六,2018-07-01,31,4.0,2.0,nan,28.0,11.0,31.0,31.0
69,竹山,2018-07-01,30,4.0,3.0,nan,21.0,12.0,30.0,22.0
38,崙背,2018-07-01,36,3.0,2.0,nan,21.0,8.0,29.0,36.0
59,屏東,2018-07-01,30,4.0,3.0,nan,18.0,11.0,30.0,15.0
39,新港,2018-07-01,36,6.0,3.0,nan,23.0,11.0,28.0,36.0
40,朴子,2018-07-01,32,6.0,2.0,nan,32.0,9.0,27.0,30.0
41,臺西,2018-07-01,34,4.0,2.0,nan,21.0,6.0,nan,34.0
52,林園,2018-07-01,31,16.0,3.0,nan,19.0,16.0,29.0,31.0
42,嘉義,2018-07-01,28,4.0,1.0,nan,24.0,8.0,28.0,20.0
78,馬公,2018-07-01,27,20.0,2.0,nan,14.0,8.0,27.0,24.0
43,新營,2018-07-01,43,4.0,2.0,nan,33.0,8.0,24.0,43.0
44,善化,2018-07-01,24,9.0,1.0,nan,24.0,9.0,24.0,20.0
58,小港,2018-07-01,27,27.0,2.0,nan,24.0,23.0,26.0,18.0
1,基隆,2018-07-01,43,23.0,3.0,nan,19.0,20.0,37.0,43.0
57,前鎮,2018-07-01,23,9.0,3.0,nan,23.0,15.0,nan,9.0
45,安南,2018-07-01,28,3.0,2.0,nan,23.0,9.0,28.0,25.0
46,臺南,2018-07-01,26,6.0,2.0,nan,22.0,16.0,26.0,19.0
68,中壢,2018-07-01,35,4.0,11.0,nan,35.0,21.0,nan,22.0
47,美濃,2018-07-01,27,1.0,1.0,nan,20.0,4.0,27.0,6.0
56,前金,2018-07-01,29,9.0,3.0,nan,29.0,16.0,28.0,19.0
54,左營,2018-07-01,27,7.0,2.0,nan,27.0,19.0,26.0,24.0
48,橋頭,2018-07-01,26,4.0,2.0,nan,19.0,8.0,26.0,3.0
53,楠梓,2018-07-01,31,4.0,2.0,nan,31.0,11.0,28.0,29.0
49,仁武,2018-07-01,29,11.0,2.0,nan,29.0,10.0,29.0,26.0
50,鳳山,2018-07-01,15,7.0,3.0,nan,15.0,11.0,nan,15.0
66,冬山,2018-07-01,67,9.0,3.0,nan,36.0,32.0,42.0,67.0
51,大寮,2018-07-01,34,20.0,3.0,nan,19.0,16.0,28.0,34.0
62,臺東,2018-07-02,30,3.0,5.0,nan,23.0,15.0,13.0,30.0
1,基隆,2018-07-02,49,9.0,3.0,nan,16.0,22.0,49.0,30.0
2,汐止,2018-07-02,43,6.0,3.0,nan,20.0,19.0,43.0,36.0
3,萬里,2018-07-02,49,4.0,2.0,nan,41.0,8.0,49.0,40.0
4,新店,2018-07-02,37,3.0,2.0,nan,14.0,12.0,37.0,25.0
5,土城,2018-07-02,37,4.0,3.0,nan,19.0,13.0,37.0,26.0
6,板橋,2018-07-02,36,7.0,3.0,nan,26.0,17.0,36.0,20.0
7,新莊,2018-07-02,40,11.0,3.0,nan,18.0,15.0,40.0,31.0
8,菜寮,2018-07-02,47,6.0,3.0,nan,19.0,16.0,32.0,47.0
9,林口,2018-07-02,37,4.0,2.0,nan,16.0,9.0,37.0,25.0
10,淡水,2018-07-02,34,6.0,1.0,nan,25.0,9.0,34.0,33.0
11,士林,2018-07-02,39,4.0,2.0,nan,28.0,10.0,39.0,39.0
12,中山,2018-07-02,33,7.0,8.0,nan,23.0,27.0,27.0,33.0
13,萬華,2018-07-02,40,6.0,5.0,nan,22.0,20.0,33.0,40.0
14,古亭,2018-07-02,35,4.0,3.0,nan,18.0,19.0,35.0,30.0
15,松山,2018-07-02,39,6.0,6.0,nan,24.0,25.0,31.0,39.0
16,大同,2018-07-02,46,9.0,23.0,nan,44.0,38.0,nan,46.0
17,桃園,2018-07-02,35,7.0,3.0,nan,19.0,13.0,32.0,35.0
18,大園,2018-07-02,38,3.0,2.0,nan,21.0,6.0,38.0,32.0
19,觀音,2018-07-02,37,4.0,1.0,nan,27.0,7.0,33.0,37.0
20,平鎮,2018-07-02,31,4.0,2.0,nan,23.0,14.0,31.0,25.0
21,龍潭,2018-07-02,31,3.0,2.0,nan,23.0,8.0,31.0,25.0
22,湖口,2018-07-02,32,7.0,2.0,nan,19.0,7.0,32.0,30.0
23,竹東,2018-07-02,31,3.0,2.0,nan,22.0,8.0,23.0,31.0
24,新竹,2018-07-02,32,4.0,5.0,nan,13.0,10.0,21.0,32.0
25,頭份,2018-07-02,19,7.0,2.0,nan,19.0,17.0,nan,12.0
26,苗栗,2018-07-02,39,1.0,3.0,nan,17.0,8.0,22.0,39.0
27,三義,2018-07-02,28,4.0,1.0,nan,10.0,6.0,28.0,24.0
28,豐原,2018-07-02,28,14.0,20.0,nan,12.0,10.0,24.0,28.0
29,沙鹿,2018-07-02,20,4.0,2.0,nan,12.0,17.0,20.0,15.0
30,大里,2018-07-02,20,6.0,5.0,nan,20.0,18.0,12.0,16.0
31,忠明,2018-07-02,22,3.0,6.0,nan,8.0,22.0,15.0,21.0
32,西屯,2018-07-02,20,3.0,5.0,nan,19.0,20.0,14.0,13.0
33,彰化,2018-07-02,122,16.0,5.0,nan,122.0,13.0,19.0,19.0
34,線西,2018-07-02,16,4.0,3.0,nan,11.0,16.0,nan,16.0
35,二林,2018-07-02,31,4.0,2.0,nan,9.0,12.0,23.0,31.0
36,南投,2018-07-02,264,7.0,6.0,nan,264.0,17.0,14.0,11.0
37,斗六,2018-07-02,23,4.0,6.0,nan,23.0,19.0,23.0,22.0
38,崙背,2018-07-02,28,4.0,3.0,nan,nan,21.0,28.0,nan
39,新港,2018-07-02,23,7.0,3.0,nan,19.0,21.0,23.0,19.0
40,朴子,2018-07-02,26,3.0,2.0,nan,24.0,12.0,26.0,10.0
41,臺西,2018-07-02,18,4.0,2.0,nan,14.0,8.0,nan,18.0
42,嘉義,2018-07-02,24,17.0,5.0,nan,nan,17.0,24.0,15.0
43,新營,2018-07-02,23,3.0,2.0,nan,23.0,10.0,20.0,16.0
44,善化,2018-07-02,21,4.0,1.0,nan,18.0,6.0,21.0,7.0
45,安南,2018-07-02,29,6.0,5.0,nan,25.0,22.0,19.0,29.0
46,臺南,2018-07-02,21,6.0,6.0,nan,18.0,21.0,19.0,16.0
47,美濃,2018-07-02,23,1.0,2.0,nan,12.0,7.0,23.0,3.0
48,橋頭,2018-07-02,54,4.0,3.0,nan,54.0,23.0,17.0,3.0
49,仁武,2018-07-02,23,14.0,3.0,nan,23.0,19.0,20.0,19.0
50,鳳山,2018-07-02,23,4.0,6.0,nan,7.0,23.0,nan,12.0
51,大寮,2018-07-02,89,24.0,5.0,nan,14.0,24.0,21.0,89.0
67,三重,2018-07-02,41,6.0,18.0,nan,41.0,34.0,nan,32.0
84,富貴角,2018-07-02,43,1.0,1.0,nan,15.0,7.0,43.0,31.0
83,麥寮,2018-07-02,28,6.0,5.0,nan,28.0,19.0,nan,21.0
80,關山,2018-07-02,31,3.0,nan,nan,25.0,5.0,16.0,31.0
78,馬公,2018-07-02,33,4.0,2.0,nan,26.0,12.0,27.0,33.0
77,金門,2018-07-02,56,17.0,3.0,nan,38.0,31.0,39.0,56.0
75,馬祖,2018-07-02,122,7.0,3.0,nan,44.0,21.0,122.0,53.0
72,埔里,2018-07-02,40,4.0,3.0,nan,15.0,16.0,16.0,40.0
71,復興,2018-07-02,27,9.0,8.0,nan,13.0,27.0,nan,8.0
70,永和,2018-07-02,29,6.0,10.0,nan,20.0,22.0,nan,29.0
69,竹山,2018-07-02,19,9.0,5.0,nan,15.0,14.0,19.0,8.0
68,中壢,2018-07-02,30,4.0,14.0,nan,30.0,26.0,nan,13.0
66,冬山,2018-07-02,71,10.0,5.0,nan,40.0,19.0,38.0,71.0
65,宜蘭,2018-07-02,45,19.0,3.0,nan,30.0,8.0,45.0,44.0
64,陽明,2018-07-02,39,4.0,1.0,nan,9.0,5.0,39.0,22.0
63,花蓮,2018-07-02,25,3.0,2.0,nan,25.0,6.0,21.0,14.0
61,恆春,2018-07-02,32,3.0,1.0,nan,22.0,3.0,28.0,32.0
60,潮州,2018-07-02,26,1.0,2.0,nan,20.0,9.0,26.0,20.0
59,屏東,2018-07-02,25,3.0,7.0,nan,12.0,25.0,23.0,8.0
58,小港,2018-07-02,25,16.0,5.0,nan,25.0,25.0,17.0,17.0
57,前鎮,2018-07-02,28,9.0,7.0,nan,20.0,28.0,nan,6.0
56,前金,2018-07-02,31,6.0,9.0,nan,29.0,31.0,23.0,15.0
54,左營,2018-07-02,27,3.0,6.0,nan,23.0,27.0,18.0,17.0
53,楠梓,2018-07-02,26,3.0,3.0,nan,24.0,22.0,18.0,26.0
52,林園,2018-07-02,32,21.0,3.0,nan,12.0,14.0,27.0,32.0
1,基隆,2018-07-03,32,3.0,3.0,nan,18.0,15.0,32.0,25.0
84,富貴角,2018-07-03,44,1.0,1.0,nan,22.0,7.0,35.0,44.0
83,麥寮,2018-07-03,84,17.0,2.0,nan,68.0,12.0,nan,84.0
80,關山,2018-07-03,24,4.0,nan,nan,23.0,7.0,24.0,24.0
78,馬公,2018-07-03,32,3.0,2.0,nan,25.0,7.0,27.0,32.0
77,金門,2018-07-03,39,6.0,2.0,nan,31.0,9.0,32.0,39.0
75,馬祖,2018-07-03,59,6.0,2.0,nan,55.0,10.0,58.0,59.0
72,埔里,2018-07-03,45,7.0,5.0,nan,17.0,16.0,16.0,45.0
71,復興,2018-07-03,23,7.0,9.0,nan,14.0,23.0,nan,8.0
70,永和,2018-07-03,31,4.0,7.0,nan,24.0,22.0,nan,31.0
69,竹山,2018-07-03,23,4.0,2.0,nan,20.0,8.0,23.0,15.0
68,中壢,2018-07-03,34,4.0,11.0,nan,34.0,24.0,nan,26.0
66,冬山,2018-07-03,57,9.0,8.0,nan,38.0,25.0,31.0,57.0
65,宜蘭,2018-07-03,40,17.0,3.0,nan,26.0,9.0,40.0,28.0
64,陽明,2018-07-03,31,4.0,1.0,nan,11.0,4.0,31.0,23.0
63,花蓮,2018-07-03,30,16.0,5.0,nan,29.0,19.0,30.0,17.0
62,臺東,2018-07-03,26,3.0,5.0,nan,25.0,18.0,22.0,26.0
61,恆春,2018-07-03,28,3.0,1.0,nan,26.0,2.0,28.0,28.0
60,潮州,2018-07-03,24,1.0,1.0,nan,21.0,7.0,20.0,24.0
59,屏東,2018-07-03,21,3.0,6.0,nan,13.0,19.0,21.0,15.0
58,小港,2018-07-03,24,17.0,5.0,nan,21.0,24.0,19.0,21.0
57,前鎮,2018-07-03,56,9.0,6.0,nan,56.0,22.0,nan,5.0
56,前金,2018-07-03,103,4.0,7.0,nan,52.0,24.0,19.0,103.0
54,左營,2018-07-03,25,4.0,6.0,nan,24.0,25.0,19.0,19.0
53,楠梓,2018-07-03,26,4.0,3.0,nan,26.0,18.0,19.0,23.0
52,林園,2018-07-03,51,6.0,2.0,nan,51.0,11.0,26.0,38.0
51,大寮,2018-07-03,85,17.0,3.0,nan,53.0,23.0,18.0,85.0
50,鳳山,2018-07-03,18,4.0,6.0,nan,8.0,18.0,nan,13.0
49,仁武,2018-07-03,21,6.0,3.0,nan,21.0,16.0,21.0,18.0
48,橋頭,2018-07-03,19,4.0,2.0,nan,16.0,15.0,19.0,3.0
47,美濃,2018-07-03,21,1.0,2.0,nan,13.0,5.0,21.0,4.0
46,臺南,2018-07-03,22,4.0,5.0,nan,22.0,20.0,21.0,19.0
45,安南,2018-07-03,29,4.0,3.0,nan,29.0,18.0,22.0,25.0
44,善化,2018-07-03,21,4.0,1.0,nan,21.0,7.0,19.0,11.0
43,新營,2018-07-03,53,3.0,2.0,nan,28.0,7.0,20.0,53.0
42,嘉義,2018-07-03,26,6.0,2.0,nan,nan,10.0,26.0,24.0
41,臺西,2018-07-03,32,3.0,1.0,nan,20.0,7.0,nan,32.0
40,朴子,2018-07-03,35,3.0,2.0,nan,35.0,9.0,25.0,24.0
39,新港,2018-07-03,33,6.0,2.0,nan,23.0,14.0,26.0,33.0
38,崙背,2018-07-03,34,3.0,2.0,nan,19.0,7.0,26.0,34.0
37,斗六,2018-07-03,39,4.0,3.0,nan,28.0,15.0,28.0,39.0
36,南投,2018-07-03,434,4.0,5.0,nan,434.0,17.0,19.0,23.0
35,二林,2018-07-03,29,6.0,1.0,nan,18.0,8.0,17.0,29.0
34,線西,2018-07-03,29,4.0,2.0,nan,18.0,9.0,nan,29.0
33,彰化,2018-07-03,28,7.0,2.0,nan,26.0,9.0,24.0,28.0
32,西屯,2018-07-03,33,4.0,3.0,nan,27.0,24.0,24.0,33.0
31,忠明,2018-07-03,28,3.0,6.0,nan,14.0,21.0,21.0,28.0
30,大里,2018-07-03,29,7.0,6.0,nan,29.0,18.0,20.0,29.0
29,沙鹿,2018-07-03,45,3.0,3.0,nan,19.0,12.0,28.0,45.0
28,豐原,2018-07-03,26,4.0,2.0,nan,13.0,9.0,25.0,26.0
27,三義,2018-07-03,26,3.0,1.0,nan,12.0,4.0,26.0,21.0
26,苗栗,2018-07-03,46,3.0,2.0,nan,19.0,8.0,23.0,46.0
25,頭份,2018-07-03,25,6.0,2.0,nan,25.0,14.0,nan,24.0
24,新竹,2018-07-03,28,4.0,3.0,nan,22.0,8.0,27.0,28.0
23,竹東,2018-07-03,27,3.0,2.0,nan,19.0,3.0,23.0,27.0
22,湖口,2018-07-03,35,7.0,1.0,nan,25.0,6.0,35.0,33.0
21,龍潭,2018-07-03,40,3.0,2.0,nan,28.0,5.0,28.0,40.0
20,平鎮,2018-07-03,38,3.0,2.0,nan,26.0,9.0,30.0,38.0
19,觀音,2018-07-03,51,4.0,1.0,nan,37.0,4.0,31.0,51.0
18,大園,2018-07-03,43,4.0,1.0,nan,30.0,6.0,36.0,43.0
17,桃園,2018-07-03,32,6.0,2.0,nan,27.0,9.0,29.0,32.0
16,大同,2018-07-03,43,7.0,24.0,nan,43.0,28.0,nan,40.0
15,松山,2018-07-03,37,4.0,7.0,nan,23.0,25.0,23.0,37.0
14,古亭,2018-07-03,28,3.0,5.0,nan,23.0,19.0,28.0,27.0
13,萬華,2018-07-03,41,4.0,5.0,nan,21.0,18.0,28.0,41.0
12,中山,2018-07-03,42,6.0,9.0,nan,25.0,29.0,20.0,42.0
11,士林,2018-07-03,43,3.0,3.0,nan,33.0,12.0,30.0,43.0
10,淡水,2018-07-03,39,3.0,1.0,nan,26.0,5.0,28.0,39.0
9,林口,2018-07-03,31,6.0,2.0,nan,25.0,11.0,31.0,29.0
8,菜寮,2018-07-03,46,7.0,3.0,nan,24.0,13.0,25.0,46.0
7,新莊,2018-07-03,32,11.0,2.0,nan,25.0,16.0,32.0,31.0
6,板橋,2018-07-03,31,9.0,3.0,nan,31.0,16.0,29.0,26.0
5,土城,2018-07-03,32,7.0,3.0,nan,25.0,16.0,31.0,32.0
4,新店,2018-07-03,30,4.0,3.0,nan,22.0,12.0,30.0,nan
3,萬里,2018-07-03,48,4.0,2.0,nan,32.0,10.0,35.0,48.0
2,汐止,2018-07-03,38,6.0,3.0,nan,29.0,16.0,31.0,38.0
67,三重,2018-07-03,42,10.0,18.0,nan,42.0,31.0,nan,29.0
83,麥寮,2018-07-04,37,3.0,3.0,nan,37.0,10.0,nan,30.0
84,富貴角,2018-07-04,36,3.0,1.0,nan,19.0,8.0,29.0,36.0
67,三重,2018-07-04,36,9.0,18.0,nan,36.0,27.0,nan,25.0
1,基隆,2018-07-04,28,3.0,3.0,nan,17.0,19.0,28.0,22.0
2,汐止,2018-07-04,26,4.0,5.0,nan,21.0,21.0,26.0,23.0
3,萬里,2018-07-04,32,6.0,2.0,nan,25.0,17.0,31.0,32.0
4,新店,2018-07-04,25,3.0,3.0,nan,20.0,16.0,25.0,nan
5,土城,2018-07-04,29,7.0,3.0,nan,22.0,20.0,25.0,29.0
6,板橋,2018-07-04,28,7.0,3.0,nan,28.0,21.0,25.0,19.0
7,新莊,2018-07-04,28,27.0,3.0,nan,23.0,19.0,28.0,23.0
8,菜寮,2018-07-04,44,7.0,5.0,nan,20.0,17.0,22.0,44.0
9,林口,2018-07-04,26,4.0,1.0,nan,21.0,12.0,26.0,23.0
10,淡水,2018-07-04,33,4.0,1.0,nan,21.0,5.0,26.0,33.0
11,士林,2018-07-04,37,6.0,3.0,nan,27.0,17.0,24.0,37.0
12,中山,2018-07-04,41,6.0,9.0,nan,23.0,25.0,16.0,41.0
13,萬華,2018-07-04,34,7.0,6.0,nan,23.0,20.0,22.0,34.0
14,古亭,2018-07-04,24,4.0,5.0,nan,23.0,20.0,21.0,24.0
15,松山,2018-07-04,27,3.0,7.0,nan,21.0,24.0,19.0,27.0
16,大同,2018-07-04,40,9.0,28.0,nan,40.0,25.0,nan,33.0
17,桃園,2018-07-04,38,4.0,2.0,nan,22.0,10.0,24.0,38.0
18,大園,2018-07-04,37,4.0,1.0,nan,27.0,5.0,29.0,37.0
19,觀音,2018-07-04,40,4.0,1.0,nan,32.0,6.0,25.0,40.0
20,平鎮,2018-07-04,25,4.0,2.0,nan,25.0,9.0,24.0,25.0
21,龍潭,2018-07-04,28,3.0,1.0,nan,19.0,7.0,24.0,28.0
22,湖口,2018-07-04,27,7.0,1.0,nan,21.0,7.0,27.0,27.0
23,竹東,2018-07-04,29,4.0,2.0,nan,20.0,8.0,19.0,29.0
24,新竹,2018-07-04,25,3.0,3.0,nan,16.0,9.0,19.0,25.0
25,頭份,2018-07-04,22,3.0,2.0,nan,22.0,13.0,nan,20.0
26,苗栗,2018-07-04,43,3.0,2.0,nan,19.0,7.0,19.0,43.0
27,三義,2018-07-04,23,4.0,1.0,nan,13.0,8.0,23.0,18.0
28,豐原,2018-07-04,38,9.0,11.0,nan,12.0,8.0,20.0,38.0
29,沙鹿,2018-07-04,21,4.0,3.0,nan,17.0,16.0,21.0,17.0
30,大里,2018-07-04,23,6.0,7.0,nan,23.0,18.0,14.0,17.0
31,忠明,2018-07-04,22,4.0,6.0,nan,17.0,22.0,16.0,19.0
32,西屯,2018-07-04,26,4.0,5.0,nan,22.0,24.0,16.0,26.0
33,彰化,2018-07-04,21,13.0,5.0,nan,21.0,9.0,19.0,21.0
34,線西,2018-07-04,27,6.0,3.0,nan,16.0,16.0,nan,27.0
35,二林,2018-07-04,44,6.0,2.0,nan,17.0,10.0,23.0,44.0
36,南投,2018-07-04,22,6.0,5.0,nan,19.0,14.0,13.0,22.0
37,斗六,2018-07-04,38,4.0,3.0,nan,25.0,11.0,19.0,38.0
38,崙背,2018-07-04,38,3.0,2.0,nan,19.0,7.0,21.0,38.0
39,新港,2018-07-04,26,9.0,2.0,nan,25.0,12.0,19.0,26.0
40,朴子,2018-07-04,31,6.0,2.0,nan,31.0,16.0,25.0,29.0
41,臺西,2018-07-04,31,4.0,2.0,nan,21.0,8.0,nan,31.0
42,嘉義,2018-07-04,24,7.0,2.0,nan,24.0,9.0,20.0,20.0
43,新營,2018-07-04,32,1.0,2.0,nan,25.0,6.0,19.0,32.0
44,善化,2018-07-04,21,6.0,1.0,nan,21.0,8.0,18.0,18.0
45,安南,2018-07-04,38,6.0,5.0,nan,31.0,22.0,22.0,38.0
46,臺南,2018-07-04,24,6.0,5.0,nan,18.0,21.0,21.0,24.0
47,美濃,2018-07-04,19,3.0,1.0,nan,14.0,6.0,19.0,4.0
48,橋頭,2018-07-04,24,4.0,6.0,nan,17.0,24.0,18.0,3.0
49,仁武,2018-07-04,26,9.0,8.0,nan,22.0,26.0,20.0,19.0
50,鳳山,2018-07-04,28,6.0,12.0,nan,8.0,28.0,nan,22.0
51,大寮,2018-07-04,35,30.0,8.0,nan,19.0,24.0,17.0,35.0
52,林園,2018-07-04,35,16.0,5.0,nan,16.0,23.0,21.0,35.0
53,楠梓,2018-07-04,27,4.0,6.0,nan,21.0,27.0,16.0,18.0
54,左營,2018-07-04,29,3.0,16.0,nan,21.0,29.0,14.0,17.0
56,前金,2018-07-04,27,4.0,12.0,nan,24.0,27.0,15.0,24.0
57,前鎮,2018-07-04,22,1.0,6.0,nan,nan,22.0,nan,nan
58,小港,2018-07-04,29,6.0,10.0,nan,19.0,29.0,12.0,17.0
59,屏東,2018-07-04,25,3.0,7.0,nan,15.0,25.0,20.0,20.0
60,潮州,2018-07-04,27,4.0,3.0,nan,23.0,15.0,21.0,27.0
61,恆春,2018-07-04,26,1.0,1.0,nan,21.0,4.0,26.0,21.0
62,臺東,2018-07-04,41,4.0,5.0,nan,27.0,13.0,34.0,41.0
63,花蓮,2018-07-04,38,16.0,3.0,nan,27.0,18.0,38.0,15.0
64,陽明,2018-07-04,27,4.0,1.0,nan,9.0,5.0,27.0,19.0
65,宜蘭,2018-07-04,35,17.0,3.0,nan,23.0,11.0,35.0,24.0
66,冬山,2018-07-04,53,16.0,5.0,nan,31.0,24.0,23.0,53.0
68,中壢,2018-07-04,31,6.0,12.0,nan,31.0,22.0,nan,20.0
69,竹山,2018-07-04,21,4.0,2.0,nan,21.0,11.0,15.0,12.0
70,永和,2018-07-04,29,4.0,8.0,nan,24.0,22.0,nan,29.0
71,復興,2018-07-04,31,7.0,19.0,nan,13.0,31.0,nan,9.0
72,埔里,2018-07-04,43,4.0,5.0,nan,19.0,16.0,16.0,43.0
75,馬祖,2018-07-04,52,6.0,2.0,nan,48.0,6.0,47.0,52.0
77,金門,2018-07-04,37,6.0,2.0,nan,29.0,8.0,37.0,32.0
78,馬公,2018-07-04,34,4.0,2.0,nan,26.0,7.0,22.0,34.0
80,關山,2018-07-04,39,4.0,nan,nan,29.0,8.0,32.0,39.0
83,麥寮,2018-07-05,41,4.0,3.0,nan,41.0,12.0,nan,35.0
17,桃園,2018-07-05,30,9.0,3.0,nan,23.0,15.0,19.0,30.0
1,基隆,2018-07-05,28,4.0,5.0,nan,18.0,18.0,20.0,28.0
2,汐止,2018-07-05,25,7.0,7.0,nan,22.0,25.0,19.0,18.0
3,萬里,2018-07-05,30,4.0,2.0,nan,20.0,16.0,25.0,30.0
4,新店,2018-07-05,29,3.0,5.0,nan,20.0,19.0,20.0,29.0
5,土城,2018-07-05,31,6.0,6.0,nan,22.0,22.0,20.0,31.0
6,板橋,2018-07-05,29,11.0,7.0,nan,29.0,24.0,19.0,21.0
7,新莊,2018-07-05,27,17.0,6.0,nan,21.0,23.0,21.0,27.0
8,菜寮,2018-07-05,41,6.0,7.0,nan,21.0,23.0,14.0,41.0
9,林口,2018-07-05,30,7.0,3.0,nan,24.0,21.0,22.0,30.0
10,淡水,2018-07-05,33,7.0,5.0,nan,24.0,21.0,19.0,33.0
11,士林,2018-07-05,31,6.0,6.0,nan,19.0,21.0,18.0,31.0
12,中山,2018-07-05,39,7.0,11.0,nan,23.0,25.0,9.0,39.0
13,萬華,2018-07-05,26,7.0,8.0,nan,23.0,26.0,15.0,25.0
14,古亭,2018-07-05,30,4.0,7.0,nan,23.0,25.0,16.0,30.0
15,松山,2018-07-05,33,6.0,7.0,nan,23.0,25.0,12.0,33.0
16,大同,2018-07-05,38,7.0,32.0,nan,38.0,30.0,nan,35.0
18,大園,2018-07-05,32,7.0,2.0,nan,24.0,10.0,26.0,32.0
19,觀音,2018-07-05,48,7.0,2.0,nan,35.0,12.0,24.0,48.0
20,平鎮,2018-07-05,30,4.0,3.0,nan,21.0,21.0,19.0,30.0
21,龍潭,2018-07-05,28,3.0,2.0,nan,24.0,12.0,23.0,28.0
22,湖口,2018-07-05,33,7.0,2.0,nan,24.0,9.0,24.0,33.0
23,竹東,2018-07-05,32,4.0,2.0,nan,22.0,8.0,19.0,32.0
24,新竹,2018-07-05,25,4.0,3.0,nan,19.0,6.0,18.0,25.0
25,頭份,2018-07-05,23,6.0,2.0,nan,23.0,12.0,nan,14.0
26,苗栗,2018-07-05,44,3.0,2.0,nan,21.0,8.0,19.0,44.0
27,三義,2018-07-05,23,6.0,1.0,nan,17.0,5.0,23.0,22.0
28,豐原,2018-07-05,30,6.0,2.0,nan,18.0,8.0,21.0,30.0
29,沙鹿,2018-07-05,28,6.0,5.0,nan,23.0,19.0,21.0,28.0
30,大里,2018-07-05,31,7.0,6.0,nan,30.0,31.0,19.0,19.0
31,忠明,2018-07-05,28,3.0,7.0,nan,19.0,28.0,19.0,25.0
32,西屯,2018-07-05,33,4.0,6.0,nan,28.0,32.0,17.0,33.0
33,彰化,2018-07-05,27,9.0,3.0,nan,27.0,15.0,21.0,21.0
34,線西,2018-07-05,28,4.0,2.0,nan,23.0,15.0,nan,28.0
35,二林,2018-07-05,37,6.0,1.0,nan,23.0,7.0,25.0,37.0
36,南投,2018-07-05,23,4.0,5.0,nan,20.0,19.0,20.0,23.0
37,斗六,2018-07-05,28,3.0,5.0,nan,28.0,18.0,22.0,24.0
38,崙背,2018-07-05,47,4.0,1.0,nan,24.0,8.0,24.0,47.0
39,新港,2018-07-05,29,7.0,2.0,nan,26.0,10.0,22.0,29.0
40,朴子,2018-07-05,37,6.0,3.0,nan,37.0,25.0,23.0,28.0
41,臺西,2018-07-05,31,4.0,1.0,nan,24.0,8.0,nan,31.0
42,嘉義,2018-07-05,26,6.0,2.0,nan,26.0,11.0,20.0,13.0
43,新營,2018-07-05,32,10.0,3.0,nan,26.0,11.0,18.0,32.0
44,善化,2018-07-05,22,7.0,1.0,nan,22.0,13.0,17.0,14.0
45,安南,2018-07-05,33,9.0,6.0,nan,33.0,25.0,20.0,32.0
46,臺南,2018-07-05,24,6.0,6.0,nan,19.0,24.0,19.0,23.0
47,美濃,2018-07-05,19,3.0,1.0,nan,16.0,5.0,19.0,5.0
48,橋頭,2018-07-05,21,6.0,6.0,nan,20.0,21.0,17.0,4.0
49,仁武,2018-07-05,27,10.0,8.0,nan,27.0,24.0,19.0,21.0
50,鳳山,2018-07-05,29,7.0,10.0,nan,16.0,29.0,nan,18.0
51,大寮,2018-07-05,42,31.0,7.0,nan,29.0,30.0,18.0,42.0
52,林園,2018-07-05,43,10.0,5.0,nan,25.0,17.0,22.0,43.0
53,楠梓,2018-07-05,30,6.0,6.0,nan,30.0,26.0,16.0,25.0
54,左營,2018-07-05,35,4.0,22.0,nan,31.0,35.0,13.0,31.0
56,前金,2018-07-05,45,6.0,26.0,nan,34.0,45.0,15.0,32.0
57,前鎮,2018-07-05,40,9.0,36.0,nan,nan,40.0,nan,nan
58,小港,2018-07-05,37,11.0,10.0,nan,28.0,37.0,14.0,24.0
59,屏東,2018-07-05,31,4.0,10.0,nan,20.0,31.0,20.0,15.0
60,潮州,2018-07-05,27,9.0,2.0,nan,23.0,8.0,22.0,27.0
61,恆春,2018-07-05,28,3.0,1.0,nan,22.0,5.0,28.0,19.0
62,臺東,2018-07-05,38,3.0,5.0,nan,31.0,13.0,26.0,38.0
63,花蓮,2018-07-05,31,14.0,5.0,nan,31.0,29.0,22.0,24.0
64,陽明,2018-07-05,22,3.0,1.0,nan,10.0,7.0,22.0,20.0
65,宜蘭,2018-07-05,33,33.0,5.0,nan,24.0,13.0,33.0,22.0
66,冬山,2018-07-05,43,13.0,6.0,nan,31.0,29.0,24.0,43.0
67,三重,2018-07-05,43,9.0,20.0,nan,43.0,31.0,nan,27.0
68,中壢,2018-07-05,34,7.0,14.0,nan,34.0,24.0,nan,19.0
69,竹山,2018-07-05,25,7.0,2.0,nan,25.0,9.0,20.0,14.0
70,永和,2018-07-05,35,6.0,9.0,nan,23.0,24.0,nan,35.0
71,復興,2018-07-05,40,10.0,22.0,nan,23.0,40.0,nan,14.0
72,埔里,2018-07-05,41,4.0,3.0,nan,21.0,9.0,18.0,41.0
75,馬祖,2018-07-05,55,6.0,1.0,nan,53.0,8.0,40.0,55.0
77,金門,2018-07-05,35,4.0,1.0,nan,32.0,7.0,33.0,35.0
78,馬公,2018-07-05,27,21.0,2.0,nan,24.0,10.0,24.0,27.0
80,關山,2018-07-05,56,6.0,nan,nan,36.0,8.0,26.0,56.0
84,富貴角,2018-07-05,38,4.0,2.0,nan,21.0,13.0,24.0,38.0
83,麥寮,2018-07-06,33,4.0,3.0,nan,33.0,10.0,nan,24.0
17,桃園,2018-07-06,39,10.0,6.0,nan,28.0,32.0,39.0,34.0
1,基隆,2018-07-06,35,4.0,5.0,nan,19.0,19.0,35.0,35.0
2,汐止,2018-07-06,42,11.0,5.0,nan,21.0,28.0,42.0,23.0
3,萬里,2018-07-06,40,6.0,2.0,nan,23.0,13.0,40.0,33.0
4,新店,2018-07-06,35,3.0,3.0,nan,17.0,20.0,35.0,35.0
5,土城,2018-07-06,41,11.0,5.0,nan,24.0,23.0,41.0,37.0
6,板橋,2018-07-06,38,9.0,7.0,nan,30.0,26.0,38.0,27.0
7,新莊,2018-07-06,44,23.0,6.0,nan,20.0,28.0,44.0,42.0
8,菜寮,2018-07-06,43,10.0,7.0,nan,21.0,25.0,33.0,43.0
9,林口,2018-07-06,42,6.0,5.0,nan,28.0,33.0,42.0,30.0
10,淡水,2018-07-06,37,4.0,5.0,nan,24.0,25.0,35.0,37.0
11,士林,2018-07-06,44,7.0,5.0,nan,21.0,27.0,44.0,32.0
12,中山,2018-07-06,40,9.0,8.0,nan,22.0,33.0,29.0,40.0
13,萬華,2018-07-06,34,4.0,6.0,nan,21.0,24.0,34.0,30.0
14,古亭,2018-07-06,35,10.0,5.0,nan,19.0,23.0,35.0,19.0
15,松山,2018-07-06,36,11.0,5.0,nan,25.0,24.0,36.0,28.0
16,大同,2018-07-06,38,11.0,23.0,nan,37.0,38.0,nan,36.0
18,大園,2018-07-06,38,4.0,3.0,nan,29.0,15.0,38.0,32.0
19,觀音,2018-07-06,47,7.0,2.0,nan,32.0,13.0,35.0,47.0
20,平鎮,2018-07-06,39,6.0,3.0,nan,24.0,22.0,39.0,33.0
21,龍潭,2018-07-06,39,4.0,2.0,nan,23.0,14.0,39.0,21.0
22,湖口,2018-07-06,38,9.0,2.0,nan,25.0,23.0,38.0,30.0
23,竹東,2018-07-06,30,6.0,2.0,nan,24.0,10.0,21.0,30.0
24,新竹,2018-07-06,33,7.0,5.0,nan,22.0,nan,29.0,33.0
25,頭份,2018-07-06,26,7.0,3.0,nan,26.0,20.0,nan,20.0
26,苗栗,2018-07-06,51,3.0,3.0,nan,22.0,14.0,31.0,51.0
27,三義,2018-07-06,34,10.0,2.0,nan,17.0,9.0,34.0,19.0
28,豐原,2018-07-06,64,29.0,64.0,nan,22.0,10.0,32.0,53.0
29,沙鹿,2018-07-06,30,6.0,5.0,nan,14.0,19.0,30.0,27.0
30,大里,2018-07-06,31,6.0,3.0,nan,26.0,13.0,31.0,24.0
31,忠明,2018-07-06,30,9.0,3.0,nan,19.0,16.0,30.0,23.0
32,西屯,2018-07-06,31,4.0,2.0,nan,24.0,17.0,31.0,23.0
33,彰化,2018-07-06,30,16.0,2.0,nan,30.0,15.0,27.0,30.0
34,線西,2018-07-06,19,4.0,2.0,nan,19.0,13.0,nan,19.0
35,二林,2018-07-06,36,6.0,1.0,nan,19.0,9.0,28.0,36.0
36,南投,2018-07-06,31,4.0,3.0,nan,19.0,10.0,31.0,22.0
37,斗六,2018-07-06,34,4.0,5.0,nan,26.0,15.0,34.0,23.0
84,富貴角,2018-07-06,39,3.0,1.0,nan,16.0,10.0,39.0,30.0
38,崙背,2018-07-06,34,3.0,1.0,nan,17.0,8.0,29.0,34.0
39,新港,2018-07-06,31,4.0,2.0,nan,25.0,19.0,31.0,21.0
40,朴子,2018-07-06,36,4.0,3.0,nan,36.0,16.0,30.0,27.0
41,臺西,2018-07-06,18,4.0,1.0,nan,17.0,10.0,nan,18.0
42,嘉義,2018-07-06,31,6.0,3.0,nan,22.0,10.0,31.0,16.0
43,新營,2018-07-06,32,7.0,2.0,nan,22.0,11.0,27.0,32.0
44,善化,2018-07-06,29,6.0,2.0,nan,24.0,11.0,29.0,19.0
45,安南,2018-07-06,30,9.0,5.0,nan,30.0,25.0,27.0,24.0
46,臺南,2018-07-06,27,6.0,5.0,nan,24.0,22.0,27.0,24.0
47,美濃,2018-07-06,32,3.0,2.0,nan,19.0,4.0,32.0,5.0
48,橋頭,2018-07-06,27,9.0,5.0,nan,21.0,22.0,27.0,3.0
49,仁武,2018-07-06,28,6.0,6.0,nan,24.0,21.0,28.0,22.0
50,鳳山,2018-07-06,25,7.0,8.0,nan,19.0,25.0,nan,24.0
51,大寮,2018-07-06,41,27.0,5.0,nan,28.0,25.0,23.0,41.0
52,林園,2018-07-06,40,16.0,3.0,nan,30.0,26.0,33.0,40.0
53,楠梓,2018-07-06,36,7.0,6.0,nan,33.0,27.0,27.0,36.0
54,左營,2018-07-06,30,4.0,9.0,nan,29.0,30.0,26.0,29.0
56,前金,2018-07-06,31,19.0,7.0,nan,31.0,29.0,25.0,31.0
57,前鎮,2018-07-06,33,19.0,9.0,nan,33.0,30.0,nan,13.0
58,小港,2018-07-06,32,26.0,5.0,nan,32.0,25.0,19.0,29.0
59,屏東,2018-07-06,32,13.0,6.0,nan,24.0,25.0,31.0,32.0
60,潮州,2018-07-06,36,14.0,3.0,nan,24.0,22.0,29.0,36.0
61,恆春,2018-07-06,29,3.0,1.0,nan,20.0,3.0,29.0,18.0
62,臺東,2018-07-06,42,3.0,3.0,nan,28.0,10.0,28.0,42.0
63,花蓮,2018-07-06,38,7.0,2.0,nan,25.0,11.0,38.0,19.0
64,陽明,2018-07-06,44,6.0,2.0,nan,15.0,11.0,44.0,31.0
65,宜蘭,2018-07-06,37,10.0,3.0,nan,22.0,10.0,37.0,21.0
66,冬山,2018-07-06,49,7.0,6.0,nan,34.0,25.0,35.0,49.0
67,三重,2018-07-06,50,11.0,17.0,nan,37.0,50.0,nan,30.0
68,中壢,2018-07-06,35,7.0,17.0,nan,33.0,35.0,nan,19.0
69,竹山,2018-07-06,98,4.0,2.0,nan,66.0,8.0,19.0,98.0
70,永和,2018-07-06,32,9.0,10.0,nan,19.0,26.0,nan,32.0
71,復興,2018-07-06,30,30.0,8.0,nan,22.0,29.0,nan,18.0
72,埔里,2018-07-06,40,4.0,2.0,nan,19.0,10.0,31.0,40.0
75,馬祖,2018-07-06,44,6.0,1.0,nan,44.0,8.0,41.0,44.0
77,金門,2018-07-06,30,7.0,1.0,nan,23.0,9.0,30.0,24.0
78,馬公,2018-07-06,23,3.0,2.0,nan,15.0,8.0,22.0,23.0
80,關山,2018-07-06,54,4.0,nan,nan,29.0,6.0,31.0,54.0
1,基隆,2018-07-07,43,11.0,5.0,nan,22.0,23.0,43.0,41.0
84,富貴角,2018-07-07,42,4.0,2.0,nan,13.0,9.0,34.0,42.0
83,麥寮,2018-07-07,37,6.0,2.0,nan,37.0,9.0,nan,35.0
80,關山,2018-07-07,33,3.0,nan,nan,18.0,6.0,19.0,33.0
78,馬公,2018-07-07,25,20.0,2.0,nan,16.0,14.0,19.0,25.0
77,金門,2018-07-07,28,9.0,1.0,nan,21.0,17.0,23.0,28.0
75,馬祖,2018-07-07,43,6.0,1.0,nan,38.0,8.0,31.0,43.0
72,埔里,2018-07-07,45,3.0,2.0,nan,17.0,9.0,30.0,45.0
71,復興,2018-07-07,87,21.0,5.0,nan,87.0,24.0,nan,10.0
70,永和,2018-07-07,35,11.0,7.0,nan,20.0,27.0,nan,35.0
69,竹山,2018-07-07,35,6.0,2.0,nan,20.0,13.0,35.0,13.0
68,中壢,2018-07-07,36,7.0,12.0,nan,36.0,32.0,nan,36.0
67,三重,2018-07-07,48,6.0,17.0,nan,40.0,48.0,nan,27.0
66,冬山,2018-07-07,45,7.0,5.0,nan,33.0,16.0,35.0,45.0
65,宜蘭,2018-07-07,39,9.0,2.0,nan,26.0,8.0,39.0,28.0
64,陽明,2018-07-07,36,6.0,2.0,nan,10.0,17.0,36.0,29.0
63,花蓮,2018-07-07,27,4.0,2.0,nan,27.0,9.0,27.0,16.0
62,臺東,2018-07-07,28,3.0,3.0,nan,24.0,10.0,18.0,28.0
61,恆春,2018-07-07,26,6.0,1.0,nan,12.0,2.0,26.0,10.0
60,潮州,2018-07-07,26,3.0,1.0,nan,25.0,5.0,21.0,26.0
59,屏東,2018-07-07,21,6.0,3.0,nan,21.0,11.0,20.0,16.0
58,小港,2018-07-07,31,29.0,7.0,nan,31.0,20.0,15.0,22.0
57,前鎮,2018-07-07,34,19.0,7.0,nan,34.0,24.0,nan,9.0
56,前金,2018-07-07,31,17.0,6.0,nan,31.0,25.0,15.0,30.0
54,左營,2018-07-07,29,13.0,5.0,nan,29.0,27.0,17.0,27.0
53,楠梓,2018-07-07,33,13.0,5.0,nan,33.0,19.0,22.0,32.0
52,林園,2018-07-07,28,6.0,2.0,nan,21.0,18.0,20.0,28.0
51,大寮,2018-07-07,28,9.0,2.0,nan,21.0,14.0,19.0,28.0
50,鳳山,2018-07-07,26,11.0,6.0,nan,15.0,19.0,nan,26.0
49,仁武,2018-07-07,24,9.0,3.0,nan,24.0,16.0,23.0,20.0
48,橋頭,2018-07-07,22,13.0,5.0,nan,22.0,20.0,21.0,5.0
47,美濃,2018-07-07,26,4.0,1.0,nan,20.0,5.0,26.0,5.0
46,臺南,2018-07-07,26,9.0,2.0,nan,21.0,13.0,24.0,26.0
45,安南,2018-07-07,34,11.0,3.0,nan,25.0,15.0,25.0,34.0
44,善化,2018-07-07,25,9.0,2.0,nan,23.0,8.0,25.0,14.0
43,新營,2018-07-07,37,6.0,2.0,nan,27.0,10.0,26.0,37.0
42,嘉義,2018-07-07,28,7.0,2.0,nan,21.0,10.0,28.0,14.0
41,臺西,2018-07-07,32,6.0,2.0,nan,23.0,9.0,nan,32.0
40,朴子,2018-07-07,36,9.0,3.0,nan,36.0,14.0,30.0,35.0
39,新港,2018-07-07,30,9.0,3.0,nan,27.0,16.0,30.0,30.0
38,崙背,2018-07-07,41,6.0,2.0,nan,21.0,10.0,29.0,41.0
37,斗六,2018-07-07,33,4.0,3.0,nan,24.0,14.0,33.0,27.0
36,南投,2018-07-07,27,4.0,2.0,nan,16.0,11.0,27.0,20.0
35,二林,2018-07-07,46,9.0,2.0,nan,23.0,13.0,29.0,46.0
34,線西,2018-07-07,25,6.0,2.0,nan,21.0,12.0,nan,25.0
33,彰化,2018-07-07,31,14.0,2.0,nan,31.0,13.0,29.0,31.0
32,西屯,2018-07-07,36,4.0,3.0,nan,23.0,25.0,36.0,26.0
31,忠明,2018-07-07,34,3.0,3.0,nan,17.0,18.0,34.0,31.0
30,大里,2018-07-07,34,6.0,3.0,nan,25.0,12.0,34.0,26.0
29,沙鹿,2018-07-07,32,6.0,2.0,nan,19.0,20.0,32.0,31.0
28,豐原,2018-07-07,38,6.0,3.0,nan,18.0,8.0,37.0,38.0
27,三義,2018-07-07,36,10.0,2.0,nan,17.0,7.0,36.0,21.0
26,苗栗,2018-07-07,48,6.0,3.0,nan,22.0,11.0,31.0,48.0
25,頭份,2018-07-07,23,10.0,2.0,nan,23.0,22.0,nan,17.0
23,竹東,2018-07-07,28,6.0,2.0,nan,25.0,8.0,28.0,28.0
22,湖口,2018-07-07,33,7.0,2.0,nan,24.0,25.0,31.0,33.0
21,龍潭,2018-07-07,37,6.0,3.0,nan,23.0,15.0,37.0,33.0
24,新竹,2018-07-07,32,9.0,3.0,nan,18.0,18.0,22.0,32.0
20,平鎮,2018-07-07,40,10.0,3.0,nan,22.0,23.0,37.0,40.0
19,觀音,2018-07-07,56,11.0,2.0,nan,36.0,19.0,28.0,56.0
18,大園,2018-07-07,46,7.0,5.0,nan,29.0,23.0,31.0,46.0
16,大同,2018-07-07,50,9.0,22.0,nan,42.0,50.0,nan,38.0
15,松山,2018-07-07,42,11.0,8.0,nan,24.0,34.0,42.0,34.0
14,古亭,2018-07-07,40,11.0,6.0,nan,23.0,28.0,40.0,32.0
13,萬華,2018-07-07,40,7.0,7.0,nan,22.0,30.0,36.0,40.0
12,中山,2018-07-07,40,7.0,8.0,nan,25.0,40.0,32.0,35.0
11,士林,2018-07-07,43,7.0,7.0,nan,24.0,33.0,32.0,43.0
10,淡水,2018-07-07,45,7.0,7.0,nan,25.0,32.0,26.0,45.0
9,林口,2018-07-07,42,16.0,7.0,nan,29.0,29.0,37.0,42.0
8,菜寮,2018-07-07,47,7.0,8.0,nan,20.0,30.0,29.0,47.0
7,新莊,2018-07-07,51,46.0,8.0,nan,22.0,26.0,47.0,51.0
6,板橋,2018-07-07,43,13.0,10.0,nan,31.0,36.0,43.0,31.0
5,土城,2018-07-07,44,9.0,7.0,nan,23.0,29.0,44.0,40.0
4,新店,2018-07-07,43,9.0,5.0,nan,23.0,22.0,43.0,42.0
3,萬里,2018-07-07,50,7.0,3.0,nan,31.0,20.0,50.0,41.0
2,汐止,2018-07-07,44,14.0,7.0,nan,25.0,27.0,44.0,35.0
17,桃園,2018-07-07,52,52.0,6.0,nan,32.0,25.0,35.0,44.0
17,桃園,2018-07-08,50,50.0,7.0,nan,30.0,24.0,44.0,43.0
84,富貴角,2018-07-08,35,13.0,1.0,nan,17.0,5.0,33.0,35.0
83,麥寮,2018-07-08,87,11.0,2.0,nan,71.0,11.0,nan,87.0
80,關山,2018-07-08,29,4.0,nan,nan,15.0,6.0,16.0,29.0
78,馬公,2018-07-08,39,39.0,1.0,nan,12.0,19.0,23.0,18.0
77,金門,2018-07-08,27,9.0,2.0,nan,15.0,14.0,27.0,27.0
75,馬祖,2018-07-08,44,6.0,1.0,nan,31.0,12.0,44.0,40.0
72,埔里,2018-07-08,48,7.0,3.0,nan,19.0,17.0,35.0,48.0
71,復興,2018-07-08,359,24.0,7.0,nan,359.0,28.0,nan,18.0
70,永和,2018-07-08,30,7.0,6.0,nan,17.0,24.0,nan,30.0
69,竹山,2018-07-08,33,4.0,2.0,nan,21.0,7.0,33.0,13.0
68,中壢,2018-07-08,31,9.0,9.0,nan,31.0,24.0,nan,24.0
67,三重,2018-07-08,33,14.0,12.0,nan,33.0,30.0,nan,27.0
66,冬山,2018-07-08,30,4.0,3.0,nan,27.0,9.0,26.0,30.0
65,宜蘭,2018-07-08,27,6.0,2.0,nan,24.0,9.0,27.0,20.0
64,陽明,2018-07-08,28,7.0,1.0,nan,6.0,5.0,28.0,15.0
63,花蓮,2018-07-08,19,6.0,2.0,nan,19.0,7.0,19.0,7.0
62,臺東,2018-07-08,21,1.0,2.0,nan,19.0,6.0,15.0,21.0
61,恆春,2018-07-08,19,6.0,1.0,nan,9.0,2.0,19.0,17.0
60,潮州,2018-07-08,33,3.0,2.0,nan,31.0,5.0,33.0,31.0
59,屏東,2018-07-08,39,6.0,6.0,nan,19.0,19.0,39.0,26.0
58,小港,2018-07-08,36,36.0,3.0,nan,30.0,23.0,21.0,20.0
57,前鎮,2018-07-08,33,21.0,7.0,nan,33.0,27.0,nan,15.0
56,前金,2018-07-08,33,26.0,5.0,nan,33.0,24.0,19.0,32.0
54,左營,2018-07-08,31,10.0,3.0,nan,31.0,24.0,25.0,25.0
53,楠梓,2018-07-08,42,7.0,3.0,nan,31.0,12.0,42.0,31.0
52,林園,2018-07-08,31,10.0,3.0,nan,20.0,14.0,23.0,31.0
51,大寮,2018-07-08,43,43.0,3.0,nan,26.0,18.0,25.0,42.0
50,鳳山,2018-07-08,29,19.0,6.0,nan,18.0,29.0,nan,21.0
49,仁武,2018-07-08,36,14.0,3.0,nan,31.0,22.0,35.0,36.0
48,橋頭,2018-07-08,34,7.0,2.0,nan,21.0,10.0,34.0,5.0
47,美濃,2018-07-08,31,3.0,1.0,nan,21.0,4.0,31.0,9.0
46,臺南,2018-07-08,42,7.0,5.0,nan,22.0,23.0,42.0,34.0
45,安南,2018-07-08,45,6.0,3.0,nan,25.0,25.0,45.0,30.0
44,善化,2018-07-08,40,21.0,2.0,nan,28.0,9.0,40.0,19.0
43,新營,2018-07-08,43,7.0,2.0,nan,31.0,11.0,33.0,43.0
42,嘉義,2018-07-08,35,7.0,6.0,nan,25.0,21.0,35.0,25.0
41,臺西,2018-07-08,39,10.0,2.0,nan,26.0,9.0,nan,39.0
40,朴子,2018-07-08,36,13.0,2.0,nan,36.0,11.0,35.0,27.0
39,新港,2018-07-08,40,7.0,3.0,nan,31.0,12.0,33.0,40.0
38,崙背,2018-07-08,52,4.0,2.0,nan,30.0,9.0,43.0,52.0
37,斗六,2018-07-08,39,7.0,2.0,nan,24.0,15.0,39.0,30.0
14,古亭,2018-07-08,37,9.0,3.0,nan,18.0,15.0,37.0,29.0
36,南投,2018-07-08,28,4.0,3.0,nan,18.0,13.0,28.0,23.0
6,板橋,2018-07-08,39,9.0,5.0,nan,28.0,20.0,39.0,24.0
35,二林,2018-07-08,46,9.0,1.0,nan,25.0,8.0,40.0,46.0
34,線西,2018-07-08,20,9.0,2.0,nan,15.0,10.0,nan,20.0
33,彰化,2018-07-08,31,7.0,3.0,nan,16.0,17.0,31.0,24.0
32,西屯,2018-07-08,35,24.0,3.0,nan,24.0,16.0,26.0,35.0
5,土城,2018-07-08,43,7.0,7.0,nan,22.0,18.0,43.0,36.0
31,忠明,2018-07-08,32,23.0,3.0,nan,15.0,19.0,26.0,32.0
9,林口,2018-07-08,44,7.0,2.0,nan,19.0,18.0,44.0,31.0
30,大里,2018-07-08,30,19.0,5.0,nan,22.0,19.0,30.0,20.0
29,沙鹿,2018-07-08,27,26.0,2.0,nan,15.0,18.0,27.0,19.0
4,新店,2018-07-08,39,7.0,3.0,nan,19.0,10.0,34.0,39.0
28,豐原,2018-07-08,33,9.0,2.0,nan,13.0,8.0,33.0,32.0
27,三義,2018-07-08,32,10.0,1.0,nan,13.0,8.0,32.0,15.0
11,士林,2018-07-08,35,9.0,5.0,nan,19.0,16.0,35.0,26.0
26,苗栗,2018-07-08,51,7.0,2.0,nan,21.0,11.0,30.0,51.0
13,萬華,2018-07-08,32,9.0,5.0,nan,21.0,21.0,31.0,32.0
25,頭份,2018-07-08,19,9.0,2.0,nan,19.0,15.0,nan,10.0
3,萬里,2018-07-08,36,16.0,2.0,nan,25.0,12.0,36.0,35.0
24,新竹,2018-07-08,31,7.0,2.0,nan,18.0,11.0,31.0,31.0
2,汐止,2018-07-08,35,16.0,6.0,nan,18.0,15.0,35.0,19.0
23,竹東,2018-07-08,38,9.0,3.0,nan,28.0,10.0,38.0,38.0
8,菜寮,2018-07-08,40,14.0,5.0,nan,18.0,16.0,32.0,40.0
22,湖口,2018-07-08,44,6.0,2.0,nan,22.0,13.0,44.0,33.0
1,基隆,2018-07-08,28,14.0,3.0,nan,15.0,16.0,27.0,28.0
10,淡水,2018-07-08,31,7.0,5.0,nan,19.0,20.0,31.0,31.0
21,龍潭,2018-07-08,54,11.0,5.0,nan,31.0,23.0,54.0,39.0
12,中山,2018-07-08,34,14.0,6.0,nan,19.0,25.0,27.0,34.0
20,平鎮,2018-07-08,61,7.0,3.0,nan,21.0,16.0,61.0,30.0
19,觀音,2018-07-08,53,6.0,3.0,nan,31.0,18.0,47.0,53.0
7,新莊,2018-07-08,44,11.0,5.0,nan,17.0,29.0,44.0,35.0
18,大園,2018-07-08,45,14.0,6.0,nan,30.0,21.0,44.0,45.0
16,大同,2018-07-08,39,13.0,17.0,nan,37.0,38.0,nan,39.0
15,松山,2018-07-08,32,11.0,3.0,nan,18.0,20.0,32.0,30.0
64,陽明,2018-07-09,16,4.0,1.0,nan,7.0,4.0,16.0,14.0
63,花蓮,2018-07-09,17,4.0,2.0,nan,17.0,11.0,17.0,5.0
62,臺東,2018-07-09,22,1.0,2.0,nan,22.0,5.0,11.0,18.0
61,恆春,2018-07-09,18,4.0,1.0,nan,10.0,2.0,16.0,18.0
60,潮州,2018-07-09,80,13.0,3.0,nan,34.0,12.0,80.0,56.0
59,屏東,2018-07-09,84,14.0,6.0,nan,28.0,21.0,84.0,55.0
58,小港,2018-07-09,39,34.0,3.0,nan,34.0,21.0,39.0,34.0
57,前鎮,2018-07-09,39,20.0,5.0,nan,39.0,20.0,nan,30.0
56,前金,2018-07-09,48,17.0,3.0,nan,33.0,19.0,48.0,48.0
54,左營,2018-07-09,48,7.0,5.0,nan,36.0,22.0,48.0,38.0
53,楠梓,2018-07-09,54,9.0,3.0,nan,38.0,17.0,47.0,54.0
52,林園,2018-07-09,36,7.0,1.0,nan,21.0,8.0,36.0,36.0
51,大寮,2018-07-09,61,61.0,3.0,nan,37.0,17.0,44.0,56.0
50,鳳山,2018-07-09,46,11.0,6.0,nan,27.0,21.0,nan,46.0
49,仁武,2018-07-09,46,13.0,3.0,nan,46.0,21.0,41.0,45.0
48,橋頭,2018-07-09,46,9.0,5.0,nan,31.0,18.0,46.0,15.0
47,美濃,2018-07-09,44,7.0,2.0,nan,27.0,8.0,44.0,26.0
46,臺南,2018-07-09,37,6.0,3.0,nan,28.0,12.0,36.0,37.0
45,安南,2018-07-09,51,7.0,3.0,nan,31.0,15.0,37.0,51.0
17,桃園,2018-07-09,40,40.0,6.0,nan,29.0,20.0,21.0,32.0
44,善化,2018-07-09,38,17.0,1.0,nan,28.0,10.0,38.0,30.0
43,新營,2018-07-09,52,6.0,2.0,nan,34.0,15.0,34.0,52.0
42,嘉義,2018-07-09,44,4.0,3.0,nan,30.0,12.0,42.0,44.0
41,臺西,2018-07-09,44,21.0,2.0,nan,26.0,25.0,nan,44.0
40,朴子,2018-07-09,49,9.0,2.0,nan,46.0,10.0,29.0,49.0
39,新港,2018-07-09,51,6.0,2.0,nan,32.0,10.0,32.0,51.0
38,崙背,2018-07-09,67,6.0,3.0,nan,34.0,12.0,28.0,67.0
37,斗六,2018-07-09,47,7.0,2.0,nan,33.0,14.0,47.0,45.0
36,南投,2018-07-09,43,10.0,3.0,nan,24.0,20.0,41.0,43.0
35,二林,2018-07-09,51,10.0,3.0,nan,33.0,12.0,31.0,51.0
34,線西,2018-07-09,31,10.0,3.0,nan,22.0,17.0,nan,31.0
32,西屯,2018-07-09,50,9.0,3.0,nan,23.0,24.0,41.0,50.0
31,忠明,2018-07-09,45,7.0,3.0,nan,21.0,22.0,40.0,45.0
30,大里,2018-07-09,47,4.0,5.0,nan,30.0,20.0,47.0,37.0
29,沙鹿,2018-07-09,35,7.0,2.0,nan,19.0,21.0,35.0,26.0
28,豐原,2018-07-09,42,6.0,3.0,nan,22.0,17.0,42.0,36.0
27,三義,2018-07-09,46,7.0,2.0,nan,20.0,13.0,46.0,35.0
26,苗栗,2018-07-09,55,6.0,3.0,nan,28.0,16.0,35.0,55.0
25,頭份,2018-07-09,28,13.0,2.0,nan,28.0,23.0,nan,22.0
24,新竹,2018-07-09,41,6.0,3.0,nan,20.0,14.0,30.0,41.0
23,竹東,2018-07-09,50,6.0,2.0,nan,39.0,13.0,44.0,50.0
22,湖口,2018-07-09,37,9.0,2.0,nan,31.0,14.0,36.0,37.0
21,龍潭,2018-07-09,38,7.0,3.0,nan,27.0,14.0,36.0,38.0
20,平鎮,2018-07-09,38,11.0,5.0,nan,19.0,22.0,29.0,38.0
19,觀音,2018-07-09,50,11.0,2.0,nan,36.0,18.0,29.0,50.0
18,大園,2018-07-09,43,13.0,5.0,nan,28.0,24.0,24.0,43.0
16,大同,2018-07-09,31,6.0,11.0,nan,31.0,22.0,nan,31.0
15,松山,2018-07-09,20,4.0,3.0,nan,16.0,13.0,13.0,20.0
14,古亭,2018-07-09,23,4.0,2.0,nan,11.0,11.0,15.0,23.0
13,萬華,2018-07-09,23,4.0,3.0,nan,17.0,13.0,12.0,23.0
12,中山,2018-07-09,24,6.0,5.0,nan,17.0,15.0,13.0,24.0
11,士林,2018-07-09,27,3.0,2.0,nan,15.0,8.0,17.0,27.0
10,淡水,2018-07-09,22,6.0,2.0,nan,16.0,9.0,18.0,22.0
9,林口,2018-07-09,30,9.0,3.0,nan,28.0,17.0,19.0,30.0
8,菜寮,2018-07-09,37,4.0,3.0,nan,12.0,12.0,14.0,37.0
7,新莊,2018-07-09,36,36.0,5.0,nan,14.0,16.0,18.0,31.0
6,板橋,2018-07-09,26,6.0,5.0,nan,25.0,17.0,16.0,26.0
5,土城,2018-07-09,30,4.0,3.0,nan,20.0,14.0,15.0,30.0
4,新店,2018-07-09,32,3.0,2.0,nan,15.0,9.0,15.0,32.0
3,萬里,2018-07-09,23,11.0,1.0,nan,18.0,5.0,17.0,23.0
2,汐止,2018-07-09,15,11.0,2.0,nan,10.0,10.0,15.0,7.0
1,基隆,2018-07-09,16,3.0,1.0,nan,11.0,7.0,12.0,16.0
33,彰化,2018-07-09,42,26.0,3.0,nan,30.0,14.0,30.0,42.0
84,富貴角,2018-07-09,20,3.0,1.0,nan,12.0,4.0,18.0,20.0
83,麥寮,2018-07-09,46,7.0,3.0,nan,43.0,14.0,nan,46.0
80,關山,2018-07-09,29,6.0,nan,nan,16.0,5.0,14.0,29.0
78,馬公,2018-07-09,37,3.0,1.0,nan,12.0,4.0,37.0,31.0
77,金門,2018-07-09,67,9.0,2.0,nan,28.0,19.0,67.0,38.0
75,馬祖,2018-07-09,41,7.0,2.0,nan,31.0,3.0,35.0,41.0
72,埔里,2018-07-09,60,3.0,3.0,nan,26.0,13.0,58.0,60.0
71,復興,2018-07-09,30,21.0,8.0,nan,26.0,22.0,nan,30.0
70,永和,2018-07-09,23,4.0,5.0,nan,14.0,17.0,nan,23.0
69,竹山,2018-07-09,61,7.0,5.0,nan,31.0,15.0,61.0,43.0
68,中壢,2018-07-09,31,10.0,15.0,nan,29.0,28.0,nan,31.0
67,三重,2018-07-09,31,4.0,15.0,nan,31.0,24.0,nan,20.0
66,冬山,2018-07-09,24,10.0,3.0,nan,24.0,9.0,11.0,21.0
65,宜蘭,2018-07-09,18,16.0,2.0,nan,17.0,7.0,15.0,18.0
17,桃園,2018-07-10,28,19.0,3.0,nan,28.0,8.0,14.0,24.0
33,彰化,2018-07-10,59,17.0,3.0,nan,44.0,13.0,24.0,59.0
1,基隆,2018-07-10,30,30.0,2.0,nan,22.0,10.0,13.0,27.0
2,汐止,2018-07-10,18,14.0,3.0,nan,18.0,11.0,15.0,9.0
3,萬里,2018-07-10,42,6.0,1.0,nan,42.0,5.0,19.0,28.0
4,新店,2018-07-10,27,3.0,3.0,nan,19.0,10.0,13.0,27.0
5,土城,2018-07-10,25,3.0,3.0,nan,20.0,14.0,19.0,25.0
6,板橋,2018-07-10,28,4.0,3.0,nan,28.0,21.0,16.0,21.0
7,新莊,2018-07-10,28,4.0,2.0,nan,17.0,9.0,16.0,28.0
8,菜寮,2018-07-10,35,3.0,3.0,nan,19.0,11.0,12.0,35.0
9,林口,2018-07-10,26,16.0,1.0,nan,26.0,10.0,18.0,18.0
10,淡水,2018-07-10,25,7.0,2.0,nan,25.0,8.0,14.0,24.0
11,士林,2018-07-10,24,9.0,2.0,nan,19.0,12.0,13.0,24.0
12,中山,2018-07-10,27,4.0,6.0,nan,22.0,21.0,8.0,27.0
13,萬華,2018-07-10,26,3.0,6.0,nan,26.0,21.0,10.0,17.0
14,古亭,2018-07-10,17,3.0,5.0,nan,17.0,17.0,13.0,15.0
15,松山,2018-07-10,28,4.0,3.0,nan,19.0,19.0,11.0,28.0
16,大同,2018-07-10,38,7.0,19.0,nan,38.0,34.0,nan,31.0
18,大園,2018-07-10,32,7.0,1.0,nan,31.0,12.0,20.0,32.0
19,觀音,2018-07-10,47,13.0,1.0,nan,33.0,14.0,19.0,47.0
20,平鎮,2018-07-10,31,10.0,3.0,nan,23.0,12.0,9.0,31.0
21,龍潭,2018-07-10,28,4.0,2.0,nan,28.0,8.0,15.0,22.0
22,湖口,2018-07-10,30,6.0,1.0,nan,28.0,8.0,19.0,30.0
23,竹東,2018-07-10,30,3.0,1.0,nan,27.0,6.0,15.0,30.0
24,新竹,2018-07-10,31,6.0,2.0,nan,21.0,10.0,15.0,31.0
25,頭份,2018-07-10,28,6.0,2.0,nan,28.0,17.0,nan,19.0
26,苗栗,2018-07-10,48,7.0,2.0,nan,26.0,12.0,17.0,48.0
27,三義,2018-07-10,41,6.0,2.0,nan,27.0,11.0,24.0,41.0
28,豐原,2018-07-10,47,6.0,3.0,nan,31.0,17.0,27.0,47.0
29,沙鹿,2018-07-10,50,7.0,3.0,nan,33.0,19.0,24.0,50.0
30,大里,2018-07-10,43,6.0,5.0,nan,40.0,14.0,32.0,43.0
31,忠明,2018-07-10,51,6.0,3.0,nan,32.0,19.0,25.0,51.0
32,西屯,2018-07-10,58,7.0,3.0,nan,35.0,22.0,27.0,58.0
34,線西,2018-07-10,41,10.0,3.0,nan,38.0,11.0,nan,41.0
35,二林,2018-07-10,73,11.0,2.0,nan,50.0,11.0,29.0,73.0
36,南投,2018-07-10,44,6.0,3.0,nan,28.0,15.0,32.0,44.0
37,斗六,2018-07-10,59,4.0,2.0,nan,44.0,10.0,44.0,59.0
38,崙背,2018-07-10,73,4.0,2.0,nan,43.0,10.0,34.0,73.0
39,新港,2018-07-10,65,7.0,2.0,nan,48.0,12.0,38.0,65.0
40,朴子,2018-07-10,60,9.0,2.0,nan,58.0,10.0,39.0,60.0
41,臺西,2018-07-10,53,9.0,1.0,nan,34.0,10.0,nan,53.0
42,嘉義,2018-07-10,55,9.0,2.0,nan,41.0,9.0,43.0,55.0
43,新營,2018-07-10,70,7.0,2.0,nan,47.0,15.0,34.0,70.0
44,善化,2018-07-10,48,9.0,2.0,nan,42.0,8.0,34.0,48.0
45,安南,2018-07-10,44,4.0,2.0,nan,35.0,10.0,41.0,44.0
46,臺南,2018-07-10,49,6.0,2.0,nan,32.0,9.0,38.0,49.0
47,美濃,2018-07-10,44,4.0,2.0,nan,40.0,11.0,44.0,44.0
48,橋頭,2018-07-10,34,11.0,3.0,nan,32.0,13.0,34.0,15.0
49,仁武,2018-07-10,44,11.0,3.0,nan,42.0,22.0,38.0,44.0
50,鳳山,2018-07-10,44,6.0,3.0,nan,26.0,22.0,nan,44.0
51,大寮,2018-07-10,48,11.0,2.0,nan,37.0,12.0,38.0,48.0
52,林園,2018-07-10,53,17.0,9.0,nan,34.0,20.0,39.0,53.0
53,楠梓,2018-07-10,51,10.0,2.0,nan,42.0,12.0,40.0,51.0
54,左營,2018-07-10,40,4.0,2.0,nan,35.0,11.0,37.0,40.0
56,前金,2018-07-10,41,7.0,2.0,nan,36.0,12.0,40.0,41.0
57,前鎮,2018-07-10,40,14.0,3.0,nan,40.0,18.0,nan,25.0
58,小港,2018-07-10,37,21.0,3.0,nan,37.0,17.0,34.0,34.0
59,屏東,2018-07-10,46,9.0,3.0,nan,32.0,10.0,46.0,44.0
60,潮州,2018-07-10,55,6.0,2.0,nan,28.0,8.0,47.0,55.0
61,恆春,2018-07-10,34,4.0,1.0,nan,20.0,4.0,34.0,30.0
62,臺東,2018-07-10,36,3.0,3.0,nan,31.0,10.0,25.0,36.0
63,花蓮,2018-07-10,44,4.0,2.0,nan,44.0,14.0,25.0,14.0
64,陽明,2018-07-10,15,3.0,1.0,nan,5.0,1.0,15.0,5.0
65,宜蘭,2018-07-10,19,19.0,1.0,nan,14.0,4.0,15.0,11.0
66,冬山,2018-07-10,21,3.0,1.0,nan,18.0,7.0,14.0,21.0
67,三重,2018-07-10,41,7.0,11.0,nan,41.0,25.0,nan,16.0
68,中壢,2018-07-10,36,10.0,8.0,nan,36.0,16.0,nan,31.0
69,竹山,2018-07-10,55,4.0,3.0,nan,37.0,7.0,40.0,55.0
70,永和,2018-07-10,25,4.0,9.0,nan,18.0,19.0,nan,25.0
71,復興,2018-07-10,31,13.0,7.0,nan,31.0,22.0,nan,23.0
72,埔里,2018-07-10,74,3.0,2.0,nan,21.0,8.0,74.0,54.0
75,馬祖,2018-07-10,31,6.0,1.0,nan,31.0,1.0,26.0,26.0
77,金門,2018-07-10,38,11.0,1.0,nan,26.0,10.0,38.0,30.0
78,馬公,2018-07-10,26,4.0,1.0,nan,19.0,5.0,26.0,23.0
80,關山,2018-07-10,36,6.0,nan,nan,19.0,5.0,26.0,36.0
83,麥寮,2018-07-10,153,10.0,2.0,nan,111.0,10.0,nan,153.0
84,富貴角,2018-07-10,38,1.0,1.0,nan,34.0,2.0,19.0,38.0
84,富貴角,2018-07-11,53,1.0,1.0,nan,43.0,3.0,24.0,53.0
17,桃園,2018-07-11,30,17.0,6.0,nan,28.0,20.0,30.0,nan
33,彰化,2018-07-11,31,9.0,2.0,nan,31.0,8.0,28.0,31.0
1,基隆,2018-07-11,31,6.0,3.0,nan,16.0,18.0,23.0,31.0
2,汐止,2018-07-11,22,4.0,3.0,nan,17.0,15.0,22.0,20.0
3,萬里,2018-07-11,31,4.0,2.0,nan,19.0,8.0,23.0,31.0
4,新店,2018-07-11,30,3.0,3.0,nan,21.0,14.0,30.0,nan
5,土城,2018-07-11,37,4.0,6.0,nan,19.0,18.0,37.0,31.0
6,板橋,2018-07-11,30,11.0,7.0,nan,30.0,25.0,25.0,29.0
7,新莊,2018-07-11,40,4.0,6.0,nan,18.0,24.0,31.0,40.0
8,菜寮,2018-07-11,45,4.0,6.0,nan,19.0,22.0,19.0,45.0
9,林口,2018-07-11,30,4.0,3.0,nan,25.0,17.0,30.0,30.0
10,淡水,2018-07-11,32,3.0,2.0,nan,23.0,8.0,20.0,32.0
11,士林,2018-07-11,34,4.0,3.0,nan,18.0,20.0,21.0,34.0
12,中山,2018-07-11,29,6.0,8.0,nan,22.0,29.0,13.0,28.0
13,萬華,2018-07-11,40,7.0,8.0,nan,26.0,31.0,17.0,40.0
14,古亭,2018-07-11,31,4.0,6.0,nan,16.0,31.0,25.0,28.0
15,松山,2018-07-11,34,4.0,5.0,nan,19.0,20.0,19.0,34.0
16,大同,2018-07-11,40,6.0,15.0,nan,37.0,32.0,nan,40.0
18,大園,2018-07-11,36,16.0,3.0,nan,36.0,27.0,24.0,31.0
19,觀音,2018-07-11,54,11.0,3.0,nan,39.0,22.0,28.0,54.0
20,平鎮,2018-07-11,31,6.0,5.0,nan,23.0,20.0,nan,31.0
21,龍潭,2018-07-11,37,6.0,6.0,nan,28.0,19.0,37.0,26.0
22,湖口,2018-07-11,33,6.0,2.0,nan,30.0,21.0,33.0,33.0
23,竹東,2018-07-11,30,4.0,5.0,nan,25.0,14.0,19.0,30.0
24,新竹,2018-07-11,38,4.0,6.0,nan,21.0,10.0,25.0,38.0
25,頭份,2018-07-11,32,10.0,3.0,nan,32.0,15.0,nan,20.0
26,苗栗,2018-07-11,51,3.0,6.0,nan,24.0,19.0,32.0,51.0
27,三義,2018-07-11,42,6.0,2.0,nan,22.0,10.0,41.0,42.0
28,豐原,2018-07-11,38,11.0,9.0,nan,28.0,13.0,38.0,38.0
29,沙鹿,2018-07-11,35,7.0,2.0,nan,28.0,15.0,28.0,35.0
30,大里,2018-07-11,39,4.0,3.0,nan,35.0,14.0,39.0,34.0
31,忠明,2018-07-11,35,4.0,5.0,nan,23.0,15.0,35.0,29.0
32,西屯,2018-07-11,42,4.0,3.0,nan,26.0,18.0,36.0,42.0
34,線西,2018-07-11,28,4.0,1.0,nan,26.0,7.0,nan,28.0
35,二林,2018-07-11,44,6.0,1.0,nan,29.0,5.0,29.0,44.0
36,南投,2018-07-11,33,6.0,3.0,nan,23.0,10.0,33.0,31.0
37,斗六,2018-07-11,40,4.0,3.0,nan,29.0,11.0,40.0,31.0
38,崙背,2018-07-11,46,3.0,1.0,nan,23.0,8.0,29.0,46.0
39,新港,2018-07-11,35,6.0,2.0,nan,34.0,8.0,31.0,35.0
40,朴子,2018-07-11,43,4.0,2.0,nan,43.0,11.0,25.0,31.0
41,臺西,2018-07-11,89,6.0,1.0,nan,61.0,8.0,nan,89.0
42,嘉義,2018-07-11,36,4.0,1.0,nan,31.0,7.0,36.0,30.0
43,新營,2018-07-11,36,6.0,2.0,nan,35.0,10.0,28.0,36.0
44,善化,2018-07-11,32,7.0,2.0,nan,32.0,9.0,23.0,27.0
45,安南,2018-07-11,30,6.0,2.0,nan,30.0,8.0,27.0,28.0
46,臺南,2018-07-11,29,6.0,2.0,nan,28.0,11.0,24.0,29.0
47,美濃,2018-07-11,35,6.0,2.0,nan,27.0,7.0,35.0,13.0
48,橋頭,2018-07-11,24,16.0,2.0,nan,24.0,13.0,22.0,4.0
49,仁武,2018-07-11,34,6.0,2.0,nan,31.0,12.0,24.0,34.0
50,鳳山,2018-07-11,29,9.0,5.0,nan,25.0,19.0,nan,29.0
51,大寮,2018-07-11,27,13.0,1.0,nan,27.0,9.0,21.0,27.0
52,林園,2018-07-11,39,24.0,1.0,nan,28.0,20.0,25.0,39.0
53,楠梓,2018-07-11,35,10.0,3.0,nan,35.0,17.0,25.0,34.0
54,左營,2018-07-11,32,7.0,2.0,nan,32.0,15.0,22.0,29.0
56,前金,2018-07-11,31,10.0,1.0,nan,31.0,16.0,22.0,19.0
57,前鎮,2018-07-11,33,9.0,6.0,nan,33.0,16.0,nan,9.0
58,小港,2018-07-11,34,29.0,2.0,nan,34.0,15.0,19.0,25.0
59,屏東,2018-07-11,31,11.0,3.0,nan,31.0,11.0,28.0,27.0
60,潮州,2018-07-11,36,7.0,1.0,nan,30.0,8.0,26.0,36.0
61,恆春,2018-07-11,27,3.0,1.0,nan,21.0,3.0,27.0,24.0
62,臺東,2018-07-11,41,3.0,3.0,nan,41.0,8.0,23.0,41.0
63,花蓮,2018-07-11,32,6.0,2.0,nan,32.0,11.0,27.0,13.0
64,陽明,2018-07-11,3,3.0,nan,nan,nan,1.0,nan,nan
65,宜蘭,2018-07-11,26,6.0,2.0,nan,19.0,7.0,26.0,18.0
66,冬山,2018-07-11,26,9.0,1.0,nan,17.0,6.0,25.0,26.0
67,三重,2018-07-11,35,4.0,15.0,nan,35.0,31.0,nan,25.0
68,中壢,2018-07-11,32,4.0,11.0,nan,32.0,24.0,nan,25.0
69,竹山,2018-07-11,38,6.0,2.0,nan,27.0,8.0,38.0,34.0
70,永和,2018-07-11,32,6.0,11.0,nan,17.0,32.0,nan,31.0
71,復興,2018-07-11,27,10.0,2.0,nan,27.0,13.0,nan,7.0
72,埔里,2018-07-11,45,4.0,2.0,nan,19.0,8.0,38.0,45.0
75,馬祖,2018-07-11,52,4.0,1.0,nan,52.0,4.0,26.0,35.0
77,金門,2018-07-11,44,6.0,2.0,nan,35.0,12.0,44.0,42.0
78,馬公,2018-07-11,29,4.0,2.0,nan,21.0,4.0,24.0,29.0
80,關山,2018-07-11,39,4.0,nan,nan,24.0,4.0,23.0,39.0
83,麥寮,2018-07-11,44,3.0,2.0,nan,44.0,7.0,nan,40.0
17,桃園,2018-07-12,46,46.0,5.0,nan,33.0,19.0,32.0,nan
33,彰化,2018-07-12,46,13.0,5.0,nan,36.0,19.0,28.0,46.0
1,基隆,2018-07-12,22,nan,2.0,nan,10.0,11.0,22.0,17.0
2,汐止,2018-07-12,24,13.0,3.0,nan,14.0,24.0,24.0,8.0
3,萬里,2018-07-12,25,14.0,1.0,nan,15.0,8.0,25.0,22.0
4,新店,2018-07-12,23,3.0,3.0,nan,17.0,12.0,23.0,nan
5,土城,2018-07-12,33,3.0,5.0,nan,19.0,14.0,27.0,33.0
6,板橋,2018-07-12,24,10.0,6.0,nan,24.0,23.0,20.0,18.0
7,新莊,2018-07-12,34,4.0,5.0,nan,15.0,18.0,24.0,34.0
8,菜寮,2018-07-12,44,6.0,6.0,nan,15.0,21.0,21.0,44.0
9,林口,2018-07-12,40,4.0,3.0,nan,24.0,16.0,28.0,40.0
10,淡水,2018-07-12,31,4.0,3.0,nan,17.0,12.0,19.0,31.0
11,士林,2018-07-12,27,3.0,2.0,nan,19.0,13.0,23.0,27.0
12,中山,2018-07-12,34,4.0,7.0,nan,19.0,19.0,19.0,34.0
13,萬華,2018-07-12,23,4.0,5.0,nan,18.0,19.0,19.0,23.0
14,古亭,2018-07-12,25,4.0,3.0,nan,16.0,15.0,23.0,25.0
15,松山,2018-07-12,24,7.0,5.0,nan,21.0,15.0,20.0,24.0
16,大同,2018-07-12,35,6.0,25.0,nan,35.0,25.0,nan,33.0
18,大園,2018-07-12,57,9.0,3.0,nan,37.0,13.0,37.0,57.0
19,觀音,2018-07-12,60,9.0,3.0,nan,39.0,14.0,34.0,60.0
20,平鎮,2018-07-12,47,10.0,3.0,nan,30.0,21.0,36.0,47.0
21,龍潭,2018-07-12,55,7.0,5.0,nan,37.0,16.0,34.0,55.0
22,湖口,2018-07-12,47,10.0,5.0,nan,35.0,20.0,32.0,47.0
23,竹東,2018-07-12,43,6.0,3.0,nan,39.0,14.0,23.0,43.0
24,新竹,2018-07-12,48,7.0,5.0,nan,26.0,17.0,23.0,48.0
25,頭份,2018-07-12,32,7.0,3.0,nan,32.0,16.0,nan,24.0
26,苗栗,2018-07-12,59,7.0,3.0,nan,27.0,13.0,23.0,59.0
27,三義,2018-07-12,39,7.0,2.0,nan,24.0,11.0,31.0,39.0
28,豐原,2018-07-12,38,6.0,2.0,nan,27.0,11.0,33.0,38.0
29,沙鹿,2018-07-12,34,9.0,2.0,nan,22.0,17.0,32.0,34.0
30,大里,2018-07-12,37,10.0,5.0,nan,33.0,23.0,37.0,29.0
31,忠明,2018-07-12,34,11.0,3.0,nan,21.0,22.0,34.0,29.0
32,西屯,2018-07-12,37,10.0,5.0,nan,26.0,21.0,35.0,37.0
34,線西,2018-07-12,29,9.0,3.0,nan,24.0,14.0,nan,29.0
35,二林,2018-07-12,49,10.0,2.0,nan,29.0,12.0,29.0,49.0
36,南投,2018-07-12,44,10.0,6.0,nan,26.0,22.0,34.0,44.0
37,斗六,2018-07-12,48,9.0,6.0,nan,31.0,20.0,41.0,48.0
38,崙背,2018-07-12,55,4.0,2.0,nan,31.0,10.0,36.0,55.0
39,新港,2018-07-12,48,6.0,3.0,nan,30.0,19.0,43.0,48.0
40,朴子,2018-07-12,39,4.0,2.0,nan,37.0,11.0,39.0,27.0
41,臺西,2018-07-12,47,16.0,2.0,nan,26.0,16.0,nan,47.0
42,嘉義,2018-07-12,51,7.0,6.0,nan,29.0,21.0,45.0,51.0
43,新營,2018-07-12,52,7.0,5.0,nan,32.0,28.0,38.0,52.0
44,善化,2018-07-12,37,6.0,3.0,nan,30.0,19.0,37.0,31.0
45,安南,2018-07-12,47,6.0,3.0,nan,28.0,47.0,45.0,35.0
46,臺南,2018-07-12,43,7.0,6.0,nan,26.0,22.0,43.0,31.0
47,美濃,2018-07-12,38,3.0,2.0,nan,24.0,9.0,38.0,13.0
48,橋頭,2018-07-12,40,11.0,3.0,nan,28.0,19.0,40.0,13.0
49,仁武,2018-07-12,51,14.0,5.0,nan,24.0,26.0,51.0,37.0
50,鳳山,2018-07-12,35,14.0,6.0,nan,20.0,25.0,nan,35.0
51,大寮,2018-07-12,43,9.0,3.0,nan,22.0,26.0,30.0,43.0
52,林園,2018-07-12,37,6.0,2.0,nan,18.0,18.0,23.0,37.0
53,楠梓,2018-07-12,50,10.0,3.0,nan,34.0,20.0,45.0,50.0
54,左營,2018-07-12,34,14.0,5.0,nan,32.0,30.0,29.0,34.0
56,前金,2018-07-12,36,17.0,5.0,nan,36.0,22.0,24.0,35.0
57,前鎮,2018-07-12,32,19.0,8.0,nan,27.0,32.0,nan,20.0
58,小港,2018-07-12,37,36.0,6.0,nan,37.0,30.0,19.0,26.0
59,屏東,2018-07-12,47,6.0,5.0,nan,25.0,22.0,47.0,43.0
60,潮州,2018-07-12,35,3.0,2.0,nan,32.0,15.0,28.0,35.0
61,恆春,2018-07-12,22,4.0,1.0,nan,7.0,1.0,22.0,13.0
62,臺東,2018-07-12,19,3.0,3.0,nan,14.0,7.0,14.0,19.0
63,花蓮,2018-07-12,26,6.0,2.0,nan,22.0,10.0,26.0,9.0
64,陽明,2018-07-12,23,3.0,1.0,nan,nan,1.0,23.0,nan
65,宜蘭,2018-07-12,24,13.0,2.0,nan,22.0,6.0,24.0,14.0
66,冬山,2018-07-12,23,9.0,2.0,nan,19.0,9.0,20.0,23.0
67,三重,2018-07-12,33,4.0,12.0,nan,33.0,25.0,nan,19.0
68,中壢,2018-07-12,50,4.0,16.0,nan,43.0,30.0,nan,50.0
69,竹山,2018-07-12,46,7.0,5.0,nan,31.0,21.0,39.0,46.0
70,永和,2018-07-12,25,4.0,8.0,nan,14.0,20.0,nan,25.0
71,復興,2018-07-12,33,19.0,8.0,nan,21.0,33.0,nan,18.0
72,埔里,2018-07-12,46,6.0,2.0,nan,26.0,11.0,44.0,46.0
75,馬祖,2018-07-12,37,7.0,1.0,nan,37.0,7.0,31.0,36.0
77,金門,2018-07-12,20,6.0,2.0,nan,14.0,15.0,20.0,17.0
78,馬公,2018-07-12,41,4.0,2.0,nan,13.0,6.0,41.0,26.0
80,關山,2018-07-12,22,1.0,nan,nan,11.0,6.0,14.0,22.0
83,麥寮,2018-07-12,47,6.0,2.0,nan,47.0,10.0,nan,46.0
84,富貴角,2018-07-12,26,4.0,1.0,nan,18.0,5.0,26.0,20.0
38,崙背,2018-07-13,86,9.0,3.0,nan,43.0,15.0,61.0,86.0
17,桃園,2018-07-13,61,27.0,5.0,nan,36.0,21.0,49.0,61.0
33,彰化,2018-07-13,70,13.0,5.0,nan,42.0,17.0,41.0,70.0
49,仁武,2018-07-13,71,17.0,3.0,nan,41.0,22.0,71.0,43.0
1,基隆,2018-07-13,16,nan,1.0,nan,9.0,5.0,16.0,12.0
2,汐止,2018-07-13,19,3.0,2.0,nan,8.0,7.0,19.0,13.0
3,萬里,2018-07-13,19,7.0,1.0,nan,10.0,5.0,19.0,17.0
4,新店,2018-07-13,28,1.0,2.0,nan,7.0,6.0,19.0,28.0
5,土城,2018-07-13,24,9.0,2.0,nan,15.0,17.0,20.0,24.0
6,板橋,2018-07-13,21,3.0,5.0,nan,19.0,15.0,18.0,21.0
7,新莊,2018-07-13,19,3.0,2.0,nan,8.0,9.0,19.0,14.0
8,菜寮,2018-07-13,30,3.0,3.0,nan,7.0,8.0,17.0,30.0
9,林口,2018-07-13,22,3.0,2.0,nan,9.0,9.0,22.0,nan
10,淡水,2018-07-13,19,3.0,1.0,nan,12.0,6.0,17.0,19.0
11,士林,2018-07-13,18,3.0,1.0,nan,13.0,6.0,17.0,18.0
12,中山,2018-07-13,31,4.0,5.0,nan,12.0,11.0,14.0,31.0
13,萬華,2018-07-13,19,3.0,3.0,nan,16.0,12.0,15.0,19.0
14,古亭,2018-07-13,25,3.0,2.0,nan,8.0,7.0,19.0,25.0
15,松山,2018-07-13,20,4.0,2.0,nan,12.0,10.0,18.0,20.0
16,大同,2018-07-13,30,6.0,17.0,nan,30.0,18.0,nan,27.0
18,大園,2018-07-13,66,17.0,3.0,nan,44.0,21.0,48.0,66.0
19,觀音,2018-07-13,81,7.0,2.0,nan,45.0,16.0,44.0,81.0
20,平鎮,2018-07-13,74,10.0,5.0,nan,36.0,22.0,74.0,67.0
21,龍潭,2018-07-13,74,9.0,6.0,nan,39.0,27.0,74.0,67.0
22,湖口,2018-07-13,58,7.0,1.0,nan,38.0,18.0,43.0,58.0
23,竹東,2018-07-13,48,4.0,3.0,nan,36.0,8.0,36.0,48.0
24,新竹,2018-07-13,53,7.0,3.0,nan,27.0,18.0,33.0,53.0
25,頭份,2018-07-13,32,9.0,2.0,nan,32.0,13.0,nan,31.0
26,苗栗,2018-07-13,67,6.0,3.0,nan,30.0,15.0,39.0,67.0
27,三義,2018-07-13,57,7.0,2.0,nan,31.0,12.0,45.0,57.0
28,豐原,2018-07-13,54,10.0,5.0,nan,34.0,10.0,48.0,54.0
29,沙鹿,2018-07-13,61,13.0,5.0,nan,33.0,19.0,45.0,61.0
30,大里,2018-07-13,54,11.0,7.0,nan,47.0,25.0,51.0,54.0
31,忠明,2018-07-13,66,30.0,6.0,nan,35.0,26.0,44.0,66.0
32,西屯,2018-07-13,68,30.0,6.0,nan,37.0,25.0,45.0,68.0
34,線西,2018-07-13,59,9.0,3.0,nan,35.0,16.0,nan,59.0
35,二林,2018-07-13,82,10.0,3.0,nan,46.0,10.0,44.0,82.0
36,南投,2018-07-13,58,11.0,5.0,nan,31.0,23.0,35.0,58.0
37,斗六,2018-07-13,64,10.0,3.0,nan,37.0,19.0,49.0,64.0
39,新港,2018-07-13,83,6.0,5.0,nan,45.0,18.0,44.0,83.0
40,朴子,2018-07-13,78,7.0,5.0,nan,53.0,13.0,47.0,78.0
41,臺西,2018-07-13,72,21.0,2.0,nan,35.0,28.0,nan,72.0
42,嘉義,2018-07-13,60,10.0,5.0,nan,36.0,19.0,45.0,60.0
43,新營,2018-07-13,80,7.0,3.0,nan,45.0,17.0,40.0,80.0
44,善化,2018-07-13,55,10.0,3.0,nan,38.0,12.0,44.0,55.0
45,安南,2018-07-13,65,7.0,5.0,nan,39.0,21.0,51.0,65.0
46,臺南,2018-07-13,58,6.0,5.0,nan,31.0,18.0,51.0,58.0
47,美濃,2018-07-13,47,4.0,2.0,nan,28.0,7.0,47.0,28.0
48,橋頭,2018-07-13,50,9.0,3.0,nan,31.0,20.0,50.0,18.0
50,鳳山,2018-07-13,40,11.0,6.0,nan,19.0,17.0,nan,40.0
51,大寮,2018-07-13,48,11.0,3.0,nan,21.0,16.0,38.0,48.0
52,林園,2018-07-13,32,7.0,2.0,nan,23.0,17.0,32.0,31.0
53,楠梓,2018-07-13,67,9.0,5.0,nan,34.0,27.0,67.0,57.0
54,左營,2018-07-13,47,9.0,5.0,nan,34.0,27.0,47.0,39.0
56,前金,2018-07-13,33,19.0,5.0,nan,31.0,25.0,33.0,32.0
57,前鎮,2018-07-13,29,21.0,6.0,nan,29.0,27.0,nan,29.0
58,小港,2018-07-13,32,23.0,5.0,nan,32.0,27.0,25.0,31.0
59,屏東,2018-07-13,61,9.0,3.0,nan,23.0,16.0,61.0,49.0
60,潮州,2018-07-13,51,10.0,2.0,nan,25.0,10.0,51.0,46.0
61,恆春,2018-07-13,22,3.0,1.0,nan,10.0,2.0,22.0,14.0
62,臺東,2018-07-13,14,3.0,2.0,nan,14.0,6.0,14.0,13.0
63,花蓮,2018-07-13,18,7.0,2.0,nan,15.0,4.0,18.0,4.0
64,陽明,2018-07-13,18,3.0,1.0,nan,5.0,1.0,18.0,7.0
65,宜蘭,2018-07-13,18,4.0,1.0,nan,17.0,6.0,18.0,11.0
66,冬山,2018-07-13,23,11.0,1.0,nan,16.0,9.0,16.0,23.0
67,三重,2018-07-13,24,6.0,11.0,nan,24.0,15.0,nan,14.0
68,中壢,2018-07-13,62,9.0,17.0,nan,45.0,44.0,nan,62.0
69,竹山,2018-07-13,114,10.0,3.0,nan,70.0,8.0,61.0,114.0
70,永和,2018-07-13,14,9.0,2.0,nan,8.0,8.0,nan,14.0
71,復興,2018-07-13,27,21.0,7.0,nan,25.0,27.0,nan,19.0
72,埔里,2018-07-13,53,4.0,3.0,nan,27.0,12.0,48.0,53.0
75,馬祖,2018-07-13,31,7.0,1.0,nan,31.0,7.0,20.0,28.0
77,金門,2018-07-13,64,20.0,2.0,nan,27.0,13.0,64.0,42.0
78,馬公,2018-07-13,51,7.0,3.0,nan,19.0,8.0,51.0,43.0
80,關山,2018-07-13,16,3.0,nan,nan,9.0,3.0,14.0,16.0
83,麥寮,2018-07-13,78,14.0,3.0,nan,57.0,15.0,nan,78.0
84,富貴角,2018-07-13,18,7.0,1.0,nan,5.0,6.0,18.0,7.0
83,麥寮,2018-07-14,89,13.0,3.0,nan,61.0,14.0,nan,89.0
80,關山,2018-07-14,29,3.0,nan,nan,16.0,3.0,13.0,29.0
78,馬公,2018-07-14,40,6.0,1.0,nan,24.0,5.0,40.0,38.0
77,金門,2018-07-14,37,20.0,2.0,nan,34.0,16.0,37.0,33.0
75,馬祖,2018-07-14,28,4.0,1.0,nan,28.0,2.0,23.0,24.0
72,埔里,2018-07-14,60,4.0,5.0,nan,27.0,14.0,49.0,60.0
71,復興,2018-07-14,32,23.0,6.0,nan,31.0,32.0,nan,29.0
70,永和,2018-07-14,17,1.0,2.0,nan,9.0,5.0,nan,17.0
69,竹山,2018-07-14,61,4.0,2.0,nan,31.0,13.0,61.0,51.0
68,中壢,2018-07-14,37,6.0,12.0,nan,33.0,21.0,nan,37.0
67,三重,2018-07-14,29,6.0,10.0,nan,29.0,16.0,nan,17.0
66,冬山,2018-07-14,17,7.0,1.0,nan,17.0,8.0,13.0,16.0
65,宜蘭,2018-07-14,18,4.0,2.0,nan,18.0,5.0,15.0,9.0
64,陽明,2018-07-14,14,1.0,1.0,nan,6.0,1.0,14.0,7.0
63,花蓮,2018-07-14,19,10.0,2.0,nan,19.0,7.0,15.0,5.0
62,臺東,2018-07-14,21,1.0,2.0,nan,21.0,7.0,11.0,17.0
61,恆春,2018-07-14,14,4.0,1.0,nan,13.0,2.0,14.0,12.0
60,潮州,2018-07-14,97,9.0,3.0,nan,42.0,9.0,97.0,63.0
59,屏東,2018-07-14,74,10.0,6.0,nan,28.0,23.0,74.0,50.0
58,小港,2018-07-14,43,29.0,3.0,nan,32.0,31.0,43.0,38.0
57,前鎮,2018-07-14,42,21.0,5.0,nan,39.0,31.0,nan,42.0
56,前金,2018-07-14,53,10.0,3.0,nan,36.0,14.0,47.0,53.0
54,左營,2018-07-14,51,6.0,3.0,nan,37.0,19.0,47.0,51.0
53,楠梓,2018-07-14,65,9.0,3.0,nan,38.0,21.0,49.0,65.0
52,林園,2018-07-14,44,13.0,3.0,nan,30.0,18.0,42.0,44.0
51,大寮,2018-07-14,64,36.0,5.0,nan,33.0,18.0,48.0,64.0
50,鳳山,2018-07-14,52,11.0,5.0,nan,26.0,28.0,nan,52.0
48,橋頭,2018-07-14,45,7.0,3.0,nan,33.0,17.0,45.0,16.0
47,美濃,2018-07-14,47,4.0,2.0,nan,29.0,6.0,47.0,29.0
46,臺南,2018-07-14,53,6.0,6.0,nan,33.0,22.0,46.0,53.0
45,安南,2018-07-14,54,7.0,5.0,nan,37.0,24.0,49.0,54.0
44,善化,2018-07-14,46,10.0,2.0,nan,32.0,10.0,46.0,38.0
43,新營,2018-07-14,62,4.0,3.0,nan,38.0,9.0,44.0,62.0
42,嘉義,2018-07-14,61,7.0,2.0,nan,32.0,13.0,61.0,44.0
41,臺西,2018-07-14,88,17.0,2.0,nan,40.0,17.0,nan,88.0
40,朴子,2018-07-14,72,7.0,3.0,nan,54.0,11.0,47.0,72.0
39,新港,2018-07-14,68,10.0,5.0,nan,41.0,17.0,50.0,68.0
84,富貴角,2018-07-14,16,3.0,1.0,nan,7.0,4.0,16.0,11.0
38,崙背,2018-07-14,112,7.0,3.0,nan,44.0,12.0,64.0,112.0
37,斗六,2018-07-14,84,7.0,3.0,nan,34.0,12.0,84.0,63.0
36,南投,2018-07-14,44,4.0,3.0,nan,22.0,13.0,44.0,44.0
35,二林,2018-07-14,97,9.0,2.0,nan,52.0,9.0,58.0,97.0
34,線西,2018-07-14,71,7.0,3.0,nan,37.0,12.0,nan,71.0
32,西屯,2018-07-14,118,13.0,3.0,nan,35.0,20.0,118.0,67.0
31,忠明,2018-07-14,112,10.0,5.0,nan,32.0,18.0,112.0,68.0
30,大里,2018-07-14,97,11.0,6.0,nan,45.0,21.0,97.0,63.0
29,沙鹿,2018-07-14,101,9.0,3.0,nan,37.0,25.0,101.0,87.0
28,豐原,2018-07-14,90,7.0,3.0,nan,38.0,11.0,90.0,69.0
27,三義,2018-07-14,77,6.0,3.0,nan,30.0,12.0,77.0,66.0
26,苗栗,2018-07-14,78,9.0,3.0,nan,37.0,13.0,61.0,78.0
25,頭份,2018-07-14,49,11.0,3.0,nan,37.0,25.0,nan,49.0
24,新竹,2018-07-14,63,7.0,5.0,nan,31.0,22.0,54.0,63.0
23,竹東,2018-07-14,61,4.0,2.0,nan,42.0,9.0,61.0,57.0
22,湖口,2018-07-14,84,7.0,2.0,nan,35.0,15.0,84.0,56.0
21,龍潭,2018-07-14,71,6.0,3.0,nan,29.0,14.0,71.0,55.0
20,平鎮,2018-07-14,38,7.0,3.0,nan,24.0,18.0,38.0,35.0
19,觀音,2018-07-14,73,10.0,2.0,nan,44.0,15.0,49.0,73.0
18,大園,2018-07-14,24,11.0,2.0,nan,23.0,16.0,23.0,24.0
16,大同,2018-07-14,30,3.0,11.0,nan,29.0,15.0,nan,30.0
15,松山,2018-07-14,23,3.0,2.0,nan,13.0,9.0,14.0,23.0
14,古亭,2018-07-14,20,1.0,2.0,nan,10.0,5.0,14.0,20.0
13,萬華,2018-07-14,26,3.0,2.0,nan,15.0,10.0,12.0,26.0
12,中山,2018-07-14,16,3.0,3.0,nan,13.0,10.0,12.0,16.0
11,士林,2018-07-14,14,1.0,1.0,nan,13.0,5.0,14.0,14.0
10,淡水,2018-07-14,20,3.0,1.0,nan,12.0,2.0,14.0,20.0
9,林口,2018-07-14,17,3.0,1.0,nan,12.0,6.0,17.0,nan
8,菜寮,2018-07-14,31,3.0,3.0,nan,11.0,8.0,14.0,31.0
7,新莊,2018-07-14,16,3.0,2.0,nan,9.0,7.0,16.0,15.0
6,板橋,2018-07-14,19,4.0,3.0,nan,19.0,10.0,14.0,16.0
5,土城,2018-07-14,25,4.0,2.0,nan,14.0,11.0,17.0,25.0
17,桃園,2018-07-14,41,29.0,3.0,nan,23.0,18.0,18.0,41.0
33,彰化,2018-07-14,88,14.0,3.0,nan,45.0,10.0,64.0,88.0
4,新店,2018-07-14,23,3.0,2.0,nan,7.0,3.0,15.0,23.0
3,萬里,2018-07-14,21,7.0,1.0,nan,13.0,6.0,16.0,21.0
49,仁武,2018-07-14,61,16.0,3.0,nan,44.0,26.0,50.0,61.0
1,基隆,2018-07-14,14,1.0,1.0,nan,11.0,5.0,13.0,14.0
2,汐止,2018-07-14,16,3.0,2.0,nan,10.0,8.0,16.0,8.0
18,大園,2018-07-15,28,9.0,2.0,nan,20.0,10.0,21.0,28.0
84,富貴角,2018-07-15,17,4.0,1.0,nan,6.0,4.0,17.0,9.0
83,麥寮,2018-07-15,79,6.0,2.0,nan,62.0,10.0,nan,79.0
80,關山,2018-07-15,20,3.0,nan,nan,15.0,3.0,14.0,20.0
78,馬公,2018-07-15,33,3.0,1.0,nan,23.0,8.0,31.0,33.0
77,金門,2018-07-15,32,13.0,2.0,nan,32.0,11.0,30.0,32.0
75,馬祖,2018-07-15,24,6.0,1.0,nan,24.0,3.0,23.0,21.0
72,埔里,2018-07-15,73,3.0,5.0,nan,33.0,12.0,64.0,73.0
71,復興,2018-07-15,27,10.0,6.0,nan,27.0,17.0,nan,24.0
70,永和,2018-07-15,17,1.0,2.0,nan,10.0,7.0,nan,17.0
69,竹山,2018-07-15,88,13.0,5.0,nan,50.0,12.0,80.0,88.0
68,中壢,2018-07-15,26,10.0,10.0,nan,26.0,21.0,nan,14.0
67,三重,2018-07-15,27,6.0,10.0,nan,27.0,15.0,nan,11.0
66,冬山,2018-07-15,19,9.0,2.0,nan,18.0,13.0,13.0,19.0
65,宜蘭,2018-07-15,17,9.0,1.0,nan,16.0,6.0,17.0,10.0
64,陽明,2018-07-15,14,1.0,1.0,nan,6.0,2.0,14.0,7.0
63,花蓮,2018-07-15,19,6.0,1.0,nan,17.0,8.0,19.0,5.0
62,臺東,2018-07-15,19,3.0,2.0,nan,19.0,4.0,12.0,14.0
61,恆春,2018-07-15,19,4.0,1.0,nan,14.0,2.0,17.0,19.0
60,潮州,2018-07-15,63,10.0,3.0,nan,31.0,10.0,61.0,63.0
59,屏東,2018-07-15,54,10.0,3.0,nan,28.0,17.0,44.0,54.0
58,小港,2018-07-15,39,19.0,3.0,nan,31.0,23.0,39.0,38.0
57,前鎮,2018-07-15,33,13.0,5.0,nan,33.0,17.0,nan,29.0
56,前金,2018-07-15,40,7.0,3.0,nan,32.0,13.0,37.0,40.0
54,左營,2018-07-15,43,7.0,3.0,nan,37.0,22.0,38.0,43.0
53,楠梓,2018-07-15,55,9.0,3.0,nan,43.0,18.0,40.0,55.0
52,林園,2018-07-15,58,6.0,nan,nan,33.0,14.0,58.0,57.0
51,大寮,2018-07-15,62,17.0,3.0,nan,33.0,18.0,44.0,62.0
49,仁武,2018-07-15,51,10.0,3.0,nan,39.0,17.0,42.0,51.0
50,鳳山,2018-07-15,39,11.0,5.0,nan,24.0,22.0,nan,39.0
1,基隆,2018-07-15,13,1.0,1.0,nan,7.0,6.0,13.0,11.0
48,橋頭,2018-07-15,36,9.0,2.0,nan,36.0,17.0,34.0,19.0
2,汐止,2018-07-15,16,3.0,1.0,nan,10.0,7.0,16.0,12.0
47,美濃,2018-07-15,36,3.0,2.0,nan,31.0,6.0,36.0,25.0
46,臺南,2018-07-15,54,7.0,5.0,nan,35.0,20.0,40.0,54.0
45,安南,2018-07-15,57,6.0,3.0,nan,40.0,33.0,44.0,57.0
3,萬里,2018-07-15,19,13.0,1.0,nan,10.0,4.0,16.0,19.0
44,善化,2018-07-15,60,17.0,2.0,nan,43.0,10.0,44.0,60.0
43,新營,2018-07-15,84,9.0,3.0,nan,52.0,15.0,44.0,84.0
4,新店,2018-07-15,23,3.0,2.0,nan,7.0,4.0,15.0,23.0
42,嘉義,2018-07-15,78,9.0,3.0,nan,45.0,10.0,61.0,78.0
5,土城,2018-07-15,20,4.0,2.0,nan,13.0,10.0,16.0,20.0
6,板橋,2018-07-15,18,3.0,3.0,nan,18.0,9.0,14.0,13.0
7,新莊,2018-07-15,16,3.0,2.0,nan,8.0,8.0,16.0,15.0
41,臺西,2018-07-15,79,20.0,2.0,nan,44.0,22.0,nan,79.0
8,菜寮,2018-07-15,28,3.0,2.0,nan,8.0,8.0,15.0,28.0
9,林口,2018-07-15,17,3.0,1.0,nan,12.0,6.0,17.0,nan
40,朴子,2018-07-15,78,7.0,2.0,nan,55.0,12.0,49.0,78.0
10,淡水,2018-07-15,19,3.0,1.0,nan,11.0,3.0,14.0,19.0
11,士林,2018-07-15,26,3.0,1.0,nan,10.0,4.0,14.0,26.0
12,中山,2018-07-15,34,3.0,3.0,nan,14.0,10.0,12.0,34.0
39,新港,2018-07-15,89,10.0,2.0,nan,52.0,10.0,64.0,89.0
13,萬華,2018-07-15,19,4.0,2.0,nan,15.0,11.0,10.0,19.0
14,古亭,2018-07-15,16,3.0,1.0,nan,11.0,6.0,14.0,16.0
15,松山,2018-07-15,23,3.0,2.0,nan,12.0,8.0,13.0,23.0
16,大同,2018-07-15,27,4.0,8.0,nan,27.0,14.0,nan,26.0
17,桃園,2018-07-15,31,17.0,2.0,nan,17.0,8.0,18.0,31.0
38,崙背,2018-07-15,90,6.0,2.0,nan,46.0,8.0,67.0,90.0
19,觀音,2018-07-15,44,7.0,2.0,nan,31.0,17.0,24.0,44.0
20,平鎮,2018-07-15,26,6.0,2.0,nan,15.0,9.0,26.0,19.0
21,龍潭,2018-07-15,34,6.0,3.0,nan,23.0,8.0,33.0,34.0
22,湖口,2018-07-15,47,7.0,3.0,nan,34.0,13.0,42.0,47.0
23,竹東,2018-07-15,60,4.0,3.0,nan,43.0,12.0,45.0,60.0
24,新竹,2018-07-15,60,4.0,3.0,nan,27.0,9.0,35.0,60.0
37,斗六,2018-07-15,97,16.0,5.0,nan,55.0,13.0,77.0,97.0
25,頭份,2018-07-15,51,11.0,3.0,nan,40.0,21.0,nan,51.0
26,苗栗,2018-07-15,88,9.0,5.0,nan,42.0,18.0,44.0,88.0
27,三義,2018-07-15,85,6.0,3.0,nan,41.0,16.0,77.0,85.0
28,豐原,2018-07-15,87,9.0,3.0,nan,45.0,13.0,87.0,78.0
36,南投,2018-07-15,82,26.0,8.0,nan,39.0,40.0,51.0,82.0
29,沙鹿,2018-07-15,80,14.0,5.0,nan,34.0,28.0,80.0,71.0
30,大里,2018-07-15,87,11.0,6.0,nan,54.0,22.0,87.0,71.0
31,忠明,2018-07-15,90,19.0,6.0,nan,39.0,34.0,90.0,84.0
32,西屯,2018-07-15,93,11.0,6.0,nan,39.0,28.0,93.0,79.0
35,二林,2018-07-15,95,9.0,2.0,nan,51.0,10.0,67.0,95.0
34,線西,2018-07-15,71,13.0,5.0,nan,39.0,9.0,nan,71.0
33,彰化,2018-07-15,81,19.0,5.0,nan,43.0,16.0,54.0,81.0
78,馬公,2018-07-16,40,4.0,1.0,nan,28.0,7.0,40.0,37.0
80,關山,2018-07-16,20,4.0,nan,nan,13.0,5.0,15.0,20.0
83,麥寮,2018-07-16,76,17.0,3.0,nan,59.0,20.0,nan,76.0
84,富貴角,2018-07-16,16,1.0,1.0,nan,11.0,3.0,16.0,12.0
77,金門,2018-07-16,28,4.0,1.0,nan,26.0,8.0,28.0,23.0
75,馬祖,2018-07-16,25,4.0,1.0,nan,25.0,2.0,21.0,24.0
72,埔里,2018-07-16,97,4.0,5.0,nan,37.0,12.0,97.0,80.0
71,復興,2018-07-16,36,13.0,9.0,nan,32.0,22.0,nan,36.0
70,永和,2018-07-16,17,1.0,3.0,nan,7.0,8.0,nan,17.0
69,竹山,2018-07-16,116,9.0,3.0,nan,57.0,10.0,101.0,116.0
68,中壢,2018-07-16,23,6.0,11.0,nan,23.0,14.0,nan,13.0
67,三重,2018-07-16,25,6.0,11.0,nan,25.0,16.0,nan,18.0
66,冬山,2018-07-16,20,9.0,3.0,nan,19.0,14.0,11.0,20.0
65,宜蘭,2018-07-16,16,4.0,3.0,nan,16.0,6.0,15.0,7.0
64,陽明,2018-07-16,13,3.0,1.0,nan,5.0,2.0,13.0,5.0
63,花蓮,2018-07-16,19,9.0,3.0,nan,19.0,10.0,10.0,7.0
62,臺東,2018-07-16,20,3.0,2.0,nan,20.0,5.0,13.0,15.0
61,恆春,2018-07-16,18,4.0,1.0,nan,12.0,3.0,17.0,18.0
60,潮州,2018-07-16,69,7.0,2.0,nan,46.0,8.0,46.0,69.0
59,屏東,2018-07-16,70,13.0,5.0,nan,41.0,23.0,49.0,70.0
58,小港,2018-07-16,51,27.0,3.0,nan,36.0,30.0,28.0,51.0
57,前鎮,2018-07-16,47,16.0,3.0,nan,37.0,18.0,nan,47.0
56,前金,2018-07-16,55,4.0,2.0,nan,37.0,8.0,39.0,55.0
54,左營,2018-07-16,59,4.0,2.0,nan,39.0,10.0,40.0,59.0
53,楠梓,2018-07-16,76,9.0,3.0,nan,59.0,12.0,42.0,76.0
52,林園,2018-07-16,65,9.0,nan,nan,38.0,9.0,41.0,65.0
51,大寮,2018-07-16,68,17.0,5.0,nan,43.0,23.0,40.0,68.0
50,鳳山,2018-07-16,22,7.0,7.0,nan,nan,22.0,nan,nan
48,橋頭,2018-07-16,43,10.0,3.0,nan,43.0,14.0,36.0,39.0
47,美濃,2018-07-16,49,3.0,3.0,nan,41.0,7.0,46.0,49.0
46,臺南,2018-07-16,65,4.0,3.0,nan,44.0,10.0,54.0,65.0
45,安南,2018-07-16,72,6.0,2.0,nan,44.0,10.0,58.0,72.0
44,善化,2018-07-16,82,9.0,3.0,nan,52.0,11.0,46.0,82.0
43,新營,2018-07-16,102,7.0,3.0,nan,59.0,11.0,54.0,102.0
42,嘉義,2018-07-16,106,10.0,3.0,nan,57.0,9.0,93.0,106.0
41,臺西,2018-07-16,71,29.0,3.0,nan,40.0,22.0,nan,71.0
40,朴子,2018-07-16,86,7.0,3.0,nan,58.0,8.0,71.0,86.0
39,新港,2018-07-16,93,7.0,3.0,nan,52.0,12.0,93.0,91.0
38,崙背,2018-07-16,101,9.0,3.0,nan,45.0,9.0,101.0,99.0
37,斗六,2018-07-16,122,9.0,3.0,nan,64.0,13.0,101.0,122.0
36,南投,2018-07-16,106,9.0,5.0,nan,45.0,17.0,80.0,106.0
35,二林,2018-07-16,99,10.0,5.0,nan,58.0,10.0,61.0,99.0
34,線西,2018-07-16,85,9.0,6.0,nan,51.0,12.0,nan,85.0
32,西屯,2018-07-16,103,17.0,6.0,nan,50.0,20.0,77.0,103.0
31,忠明,2018-07-16,112,13.0,6.0,nan,54.0,19.0,77.0,112.0
30,大里,2018-07-16,107,11.0,6.0,nan,64.0,21.0,104.0,107.0
29,沙鹿,2018-07-16,91,21.0,6.0,nan,44.0,23.0,48.0,91.0
28,豐原,2018-07-16,115,16.0,17.0,nan,55.0,17.0,115.0,113.0
27,三義,2018-07-16,100,11.0,5.0,nan,47.0,13.0,97.0,100.0
26,苗栗,2018-07-16,85,10.0,5.0,nan,41.0,16.0,74.0,85.0
25,頭份,2018-07-16,312,10.0,5.0,312.0,35.0,23.0,nan,46.0
24,新竹,2018-07-16,60,7.0,5.0,nan,25.0,nan,48.0,60.0
23,竹東,2018-07-16,63,4.0,3.0,nan,38.0,14.0,51.0,63.0
22,湖口,2018-07-16,64,7.0,2.0,nan,27.0,10.0,64.0,36.0
21,龍潭,2018-07-16,23,3.0,2.0,nan,23.0,8.0,14.0,22.0
20,平鎮,2018-07-16,18,7.0,3.0,nan,14.0,8.0,15.0,18.0
19,觀音,2018-07-16,35,9.0,2.0,nan,30.0,10.0,16.0,35.0
18,大園,2018-07-16,28,6.0,2.0,nan,21.0,9.0,16.0,28.0
16,大同,2018-07-16,29,6.0,12.0,nan,27.0,16.0,nan,29.0
15,松山,2018-07-16,29,3.0,2.0,nan,14.0,9.0,11.0,29.0
14,古亭,2018-07-16,14,3.0,2.0,nan,10.0,8.0,13.0,14.0
13,萬華,2018-07-16,17,4.0,3.0,nan,16.0,11.0,9.0,17.0
12,中山,2018-07-16,30,4.0,5.0,nan,14.0,12.0,8.0,30.0
11,士林,2018-07-16,23,1.0,1.0,nan,11.0,5.0,13.0,23.0
10,淡水,2018-07-16,16,3.0,1.0,nan,11.0,3.0,12.0,16.0
9,林口,2018-07-16,13,1.0,2.0,nan,13.0,8.0,13.0,nan
8,菜寮,2018-07-16,28,3.0,2.0,nan,9.0,8.0,12.0,28.0
7,新莊,2018-07-16,14,3.0,2.0,nan,10.0,8.0,13.0,14.0
6,板橋,2018-07-16,17,3.0,3.0,nan,17.0,11.0,12.0,15.0
5,土城,2018-07-16,18,3.0,2.0,nan,10.0,8.0,13.0,18.0
4,新店,2018-07-16,22,3.0,2.0,nan,8.0,8.0,14.0,22.0
3,萬里,2018-07-16,21,7.0,1.0,nan,20.0,4.0,18.0,21.0
2,汐止,2018-07-16,14,4.0,1.0,nan,9.0,8.0,14.0,6.0
1,基隆,2018-07-16,14,1.0,1.0,nan,11.0,6.0,12.0,14.0
49,仁武,2018-07-16,67,10.0,3.0,nan,51.0,18.0,39.0,67.0
33,彰化,2018-07-16,110,20.0,6.0,nan,56.0,15.0,54.0,110.0
17,桃園,2018-07-16,32,9.0,3.0,nan,17.0,8.0,14.0,32.0
38,崙背,2018-07-17,82,7.0,3.0,nan,41.0,13.0,49.0,82.0
84,富貴角,2018-07-17,14,1.0,1.0,nan,12.0,2.0,13.0,14.0
83,麥寮,2018-07-17,74,16.0,3.0,nan,61.0,22.0,nan,74.0
80,關山,2018-07-17,18,3.0,nan,nan,7.0,3.0,10.0,18.0
78,馬公,2018-07-17,35,4.0,1.0,nan,30.0,6.0,30.0,35.0
77,金門,2018-07-17,30,3.0,1.0,nan,30.0,4.0,25.0,18.0
75,馬祖,2018-07-17,27,4.0,1.0,nan,27.0,1.0,22.0,26.0
72,埔里,2018-07-17,179,10.0,7.0,nan,48.0,16.0,179.0,104.0
71,復興,2018-07-17,31,9.0,7.0,nan,30.0,17.0,nan,31.0
70,永和,2018-07-17,15,3.0,2.0,nan,10.0,6.0,nan,15.0
69,竹山,2018-07-17,151,9.0,2.0,nan,55.0,9.0,151.0,106.0
68,中壢,2018-07-17,24,6.0,11.0,nan,24.0,15.0,nan,11.0
67,三重,2018-07-17,26,6.0,10.0,nan,26.0,14.0,nan,13.0
65,宜蘭,2018-07-17,19,3.0,2.0,nan,19.0,6.0,11.0,nan
64,陽明,2018-07-17,11,3.0,1.0,nan,6.0,1.0,11.0,6.0
63,花蓮,2018-07-17,18,4.0,2.0,nan,18.0,7.0,14.0,4.0
62,臺東,2018-07-17,20,1.0,2.0,nan,20.0,4.0,10.0,17.0
61,恆春,2018-07-17,15,6.0,1.0,nan,15.0,1.0,13.0,15.0
60,潮州,2018-07-17,87,16.0,3.0,nan,53.0,16.0,87.0,79.0
59,屏東,2018-07-17,68,7.0,3.0,nan,40.0,14.0,61.0,68.0
58,小港,2018-07-17,44,16.0,5.0,nan,40.0,23.0,34.0,44.0
57,前鎮,2018-07-17,38,16.0,3.0,nan,38.0,19.0,nan,35.0
56,前金,2018-07-17,51,6.0,3.0,nan,34.0,15.0,41.0,51.0
54,左營,2018-07-17,52,6.0,3.0,nan,38.0,15.0,34.0,52.0
53,楠梓,2018-07-17,70,4.0,3.0,nan,56.0,13.0,44.0,70.0
52,林園,2018-07-17,147,11.0,nan,nan,147.0,14.0,44.0,62.0
51,大寮,2018-07-17,77,17.0,3.0,nan,43.0,20.0,77.0,69.0
50,鳳山,2018-07-17,54,4.0,5.0,nan,35.0,19.0,nan,54.0
48,橋頭,2018-07-17,41,6.0,3.0,nan,41.0,15.0,39.0,35.0
47,美濃,2018-07-17,44,4.0,3.0,nan,37.0,8.0,41.0,44.0
46,臺南,2018-07-17,60,9.0,5.0,nan,39.0,17.0,43.0,60.0
45,安南,2018-07-17,57,9.0,5.0,nan,44.0,19.0,38.0,57.0
44,善化,2018-07-17,58,14.0,3.0,nan,43.0,17.0,40.0,58.0
43,新營,2018-07-17,74,6.0,2.0,nan,45.0,11.0,37.0,74.0
42,嘉義,2018-07-17,66,7.0,2.0,nan,38.0,12.0,49.0,66.0
41,臺西,2018-07-17,72,10.0,2.0,nan,44.0,11.0,nan,72.0
40,朴子,2018-07-17,62,6.0,3.0,nan,50.0,10.0,39.0,62.0
39,新港,2018-07-17,79,13.0,5.0,nan,48.0,20.0,43.0,79.0
37,斗六,2018-07-17,100,10.0,3.0,nan,53.0,13.0,100.0,84.0
36,南投,2018-07-17,122,9.0,6.0,nan,48.0,22.0,122.0,111.0
35,二林,2018-07-17,109,11.0,3.0,nan,59.0,17.0,80.0,109.0
34,線西,2018-07-17,87,9.0,5.0,nan,53.0,15.0,nan,87.0
32,西屯,2018-07-17,174,17.0,7.0,nan,63.0,36.0,174.0,139.0
31,忠明,2018-07-17,174,10.0,7.0,nan,66.0,42.0,174.0,137.0
30,大里,2018-07-17,197,19.0,7.0,112.0,79.0,29.0,197.0,118.0
29,沙鹿,2018-07-17,166,11.0,6.0,nan,54.0,25.0,166.0,109.0
28,豐原,2018-07-17,195,10.0,7.0,nan,68.0,21.0,195.0,137.0
27,三義,2018-07-17,187,9.0,6.0,nan,57.0,16.0,187.0,131.0
26,苗栗,2018-07-17,150,10.0,6.0,nan,55.0,17.0,150.0,114.0
25,頭份,2018-07-17,74,10.0,5.0,nan,52.0,23.0,nan,74.0
24,新竹,2018-07-17,78,7.0,5.0,nan,34.0,nan,64.0,78.0
23,竹東,2018-07-17,87,9.0,5.0,nan,52.0,20.0,84.0,87.0
22,湖口,2018-07-17,97,10.0,2.0,nan,30.0,16.0,97.0,43.0
21,龍潭,2018-07-17,23,9.0,2.0,nan,23.0,9.0,20.0,19.0
20,平鎮,2018-07-17,28,6.0,3.0,nan,16.0,7.0,14.0,28.0
19,觀音,2018-07-17,33,9.0,1.0,nan,29.0,9.0,16.0,33.0
18,大園,2018-07-17,24,4.0,2.0,nan,22.0,9.0,14.0,24.0
16,大同,2018-07-17,30,4.0,11.0,nan,30.0,13.0,nan,21.0
15,松山,2018-07-17,24,3.0,2.0,nan,17.0,8.0,9.0,24.0
14,古亭,2018-07-17,13,3.0,1.0,nan,13.0,6.0,11.0,13.0
13,萬華,2018-07-17,18,3.0,3.0,nan,15.0,9.0,7.0,18.0
12,中山,2018-07-17,21,4.0,5.0,nan,14.0,11.0,8.0,21.0
11,士林,2018-07-17,29,3.0,1.0,nan,12.0,5.0,11.0,29.0
10,淡水,2018-07-17,18,3.0,1.0,nan,13.0,2.0,11.0,18.0
9,林口,2018-07-17,12,3.0,2.0,nan,10.0,7.0,12.0,nan
8,菜寮,2018-07-17,27,3.0,3.0,nan,10.0,8.0,11.0,27.0
7,新莊,2018-07-17,12,3.0,2.0,nan,12.0,8.0,11.0,12.0
6,板橋,2018-07-17,19,3.0,3.0,nan,19.0,8.0,9.0,12.0
5,土城,2018-07-17,17,3.0,2.0,nan,12.0,6.0,12.0,17.0
4,新店,2018-07-17,16,3.0,2.0,nan,7.0,5.0,11.0,16.0
3,萬里,2018-07-17,21,11.0,1.0,nan,19.0,4.0,14.0,21.0
2,汐止,2018-07-17,11,3.0,2.0,nan,10.0,6.0,11.0,6.0
1,基隆,2018-07-17,14,1.0,1.0,nan,12.0,5.0,10.0,14.0
66,冬山,2018-07-17,24,9.0,2.0,nan,19.0,9.0,8.0,24.0
49,仁武,2018-07-17,53,6.0,3.0,nan,42.0,20.0,42.0,53.0
33,彰化,2018-07-17,132,21.0,5.0,nan,62.0,14.0,132.0,119.0
17,桃園,2018-07-17,25,11.0,2.0,nan,19.0,7.0,12.0,25.0
38,崙背,2018-07-18,67,6.0,2.0,nan,31.0,9.0,49.0,67.0
58,小港,2018-07-18,44,21.0,3.0,nan,40.0,27.0,24.0,44.0
60,潮州,2018-07-18,46,10.0,2.0,nan,37.0,10.0,41.0,46.0
57,前鎮,2018-07-18,36,11.0,6.0,nan,36.0,20.0,nan,30.0
56,前金,2018-07-18,39,6.0,3.0,nan,36.0,21.0,30.0,39.0
54,左營,2018-07-18,37,4.0,2.0,nan,37.0,20.0,27.0,34.0
61,恆春,2018-07-18,18,4.0,1.0,nan,15.0,1.0,12.0,18.0
53,楠梓,2018-07-18,56,7.0,2.0,nan,44.0,20.0,29.0,56.0
52,林園,2018-07-18,438,7.0,nan,nan,438.0,9.0,31.0,54.0
62,臺東,2018-07-18,21,3.0,3.0,nan,20.0,4.0,11.0,21.0
51,大寮,2018-07-18,60,16.0,3.0,nan,35.0,14.0,41.0,60.0
50,鳳山,2018-07-18,36,7.0,5.0,nan,33.0,14.0,nan,36.0
63,花蓮,2018-07-18,19,1.0,1.0,nan,19.0,6.0,15.0,6.0
48,橋頭,2018-07-18,36,9.0,2.0,nan,36.0,16.0,28.0,16.0
47,美濃,2018-07-18,37,4.0,2.0,nan,29.0,7.0,37.0,20.0
46,臺南,2018-07-18,46,9.0,2.0,nan,31.0,16.0,31.0,46.0
45,安南,2018-07-18,37,7.0,2.0,nan,35.0,12.0,31.0,37.0
64,陽明,2018-07-18,10,7.0,1.0,nan,6.0,4.0,10.0,9.0
65,宜蘭,2018-07-18,17,3.0,2.0,nan,17.0,5.0,13.0,12.0
67,三重,2018-07-18,25,7.0,12.0,nan,25.0,13.0,nan,19.0
44,善化,2018-07-18,34,4.0,2.0,nan,34.0,9.0,26.0,32.0
43,新營,2018-07-18,57,6.0,2.0,nan,36.0,8.0,30.0,57.0
42,嘉義,2018-07-18,41,13.0,1.0,nan,32.0,7.0,41.0,41.0
41,臺西,2018-07-18,60,21.0,2.0,nan,35.0,28.0,nan,60.0
40,朴子,2018-07-18,59,7.0,2.0,nan,51.0,14.0,39.0,59.0
39,新港,2018-07-18,60,10.0,2.0,nan,33.0,15.0,40.0,60.0
59,屏東,2018-07-18,47,7.0,5.0,nan,32.0,16.0,42.0,47.0
37,斗六,2018-07-18,61,9.0,2.0,nan,37.0,8.0,61.0,48.0
36,南投,2018-07-18,80,11.0,5.0,nan,39.0,16.0,51.0,80.0
35,二林,2018-07-18,71,7.0,2.0,nan,41.0,9.0,67.0,71.0
34,線西,2018-07-18,54,10.0,2.0,nan,35.0,9.0,nan,54.0
32,西屯,2018-07-18,115,13.0,3.0,nan,44.0,24.0,115.0,87.0
31,忠明,2018-07-18,112,9.0,3.0,nan,42.0,23.0,112.0,79.0
30,大里,2018-07-18,122,9.0,5.0,nan,57.0,17.0,122.0,74.0
29,沙鹿,2018-07-18,97,11.0,3.0,nan,38.0,22.0,97.0,70.0
28,豐原,2018-07-18,115,7.0,3.0,nan,48.0,15.0,115.0,92.0
27,三義,2018-07-18,100,7.0,5.0,nan,47.0,18.0,100.0,95.0
26,苗栗,2018-07-18,116,9.0,7.0,nan,55.0,16.0,80.0,116.0
25,頭份,2018-07-18,71,9.0,5.0,nan,45.0,23.0,nan,71.0
24,新竹,2018-07-18,56,3.0,3.0,nan,24.0,8.0,50.0,56.0
23,竹東,2018-07-18,64,10.0,3.0,nan,36.0,10.0,64.0,63.0
22,湖口,2018-07-18,51,10.0,2.0,nan,24.0,10.0,51.0,31.0
21,龍潭,2018-07-18,23,4.0,2.0,nan,19.0,8.0,23.0,19.0
20,平鎮,2018-07-18,20,7.0,2.0,nan,12.0,9.0,18.0,20.0
19,觀音,2018-07-18,28,7.0,2.0,nan,27.0,10.0,20.0,28.0
18,大園,2018-07-18,27,6.0,2.0,nan,19.0,10.0,16.0,27.0
16,大同,2018-07-18,30,4.0,9.0,nan,30.0,12.0,nan,28.0
15,松山,2018-07-18,24,7.0,2.0,nan,17.0,8.0,9.0,24.0
14,古亭,2018-07-18,16,3.0,2.0,nan,12.0,6.0,11.0,16.0
13,萬華,2018-07-18,24,3.0,3.0,nan,15.0,9.0,7.0,24.0
12,中山,2018-07-18,24,4.0,5.0,nan,13.0,10.0,7.0,24.0
11,士林,2018-07-18,24,3.0,1.0,nan,16.0,4.0,12.0,24.0
10,淡水,2018-07-18,22,4.0,1.0,nan,12.0,3.0,12.0,22.0
9,林口,2018-07-18,12,4.0,2.0,nan,10.0,7.0,12.0,nan
8,菜寮,2018-07-18,28,3.0,3.0,nan,7.0,8.0,11.0,28.0
7,新莊,2018-07-18,12,4.0,2.0,nan,9.0,8.0,12.0,10.0
6,板橋,2018-07-18,17,3.0,3.0,nan,17.0,8.0,11.0,7.0
5,土城,2018-07-18,17,1.0,2.0,nan,12.0,6.0,12.0,17.0
4,新店,2018-07-18,16,3.0,2.0,nan,8.0,5.0,10.0,16.0
68,中壢,2018-07-18,23,7.0,14.0,nan,23.0,20.0,nan,18.0
3,萬里,2018-07-18,19,7.0,1.0,nan,19.0,5.0,16.0,19.0
69,竹山,2018-07-18,67,6.0,2.0,nan,41.0,8.0,58.0,67.0
2,汐止,2018-07-18,12,4.0,2.0,nan,7.0,6.0,12.0,7.0
1,基隆,2018-07-18,13,3.0,1.0,nan,10.0,5.0,10.0,13.0
66,冬山,2018-07-18,19,10.0,2.0,nan,19.0,8.0,11.0,18.0
49,仁武,2018-07-18,39,11.0,2.0,nan,39.0,13.0,29.0,35.0
33,彰化,2018-07-18,73,26.0,5.0,nan,43.0,25.0,61.0,73.0
70,永和,2018-07-18,15,3.0,2.0,nan,9.0,7.0,nan,15.0
71,復興,2018-07-18,31,7.0,6.0,nan,29.0,19.0,nan,31.0
72,埔里,2018-07-18,108,4.0,5.0,nan,39.0,13.0,108.0,86.0
75,馬祖,2018-07-18,26,4.0,1.0,nan,26.0,2.0,20.0,24.0
77,金門,2018-07-18,28,6.0,2.0,nan,23.0,6.0,28.0,19.0
78,馬公,2018-07-18,31,3.0,1.0,nan,27.0,4.0,31.0,20.0
80,關山,2018-07-18,20,4.0,nan,nan,12.0,2.0,12.0,20.0
83,麥寮,2018-07-18,63,11.0,3.0,nan,57.0,12.0,nan,63.0
84,富貴角,2018-07-18,16,3.0,1.0,nan,9.0,3.0,16.0,7.0
17,桃園,2018-07-18,35,10.0,3.0,nan,19.0,8.0,14.0,35.0
62,臺東,2018-07-19,21,1.0,3.0,nan,21.0,5.0,16.0,20.0
11,士林,2018-07-19,29,6.0,1.0,nan,13.0,6.0,13.0,29.0
25,頭份,2018-07-19,35,6.0,3.0,nan,32.0,20.0,nan,35.0
63,花蓮,2018-07-19,19,4.0,2.0,nan,19.0,7.0,16.0,6.0
26,苗栗,2018-07-19,72,6.0,3.0,nan,42.0,19.0,34.0,72.0
12,中山,2018-07-19,30,9.0,5.0,nan,17.0,13.0,10.0,30.0
64,陽明,2018-07-19,11,4.0,1.0,nan,6.0,2.0,11.0,9.0
10,淡水,2018-07-19,26,4.0,1.0,nan,nan,6.0,11.0,26.0
65,宜蘭,2018-07-19,14,3.0,2.0,nan,nan,6.0,14.0,12.0
7,新莊,2018-07-19,18,4.0,2.0,nan,14.0,9.0,18.0,13.0
67,三重,2018-07-19,29,7.0,14.0,nan,29.0,18.0,nan,24.0
13,萬華,2018-07-19,29,6.0,3.0,nan,18.0,14.0,11.0,29.0
14,古亭,2018-07-19,17,4.0,2.0,nan,14.0,11.0,12.0,17.0
27,三義,2018-07-19,58,6.0,2.0,nan,31.0,8.0,48.0,58.0
68,中壢,2018-07-19,29,9.0,12.0,nan,29.0,19.0,nan,16.0
69,竹山,2018-07-19,84,9.0,2.0,nan,33.0,9.0,84.0,55.0
15,松山,2018-07-19,25,9.0,3.0,nan,19.0,11.0,14.0,25.0
70,永和,2018-07-19,20,3.0,5.0,nan,11.0,10.0,nan,20.0
28,豐原,2018-07-19,58,9.0,2.0,nan,34.0,13.0,46.0,58.0
71,復興,2018-07-19,35,9.0,5.0,nan,26.0,21.0,nan,35.0
29,沙鹿,2018-07-19,50,6.0,2.0,nan,25.0,11.0,46.0,50.0
16,大同,2018-07-19,30,6.0,7.0,nan,30.0,14.0,nan,19.0
9,林口,2018-07-19,17,4.0,2.0,nan,nan,8.0,17.0,nan
6,板橋,2018-07-19,19,3.0,3.0,nan,19.0,10.0,14.0,11.0
18,大園,2018-07-19,25,7.0,2.0,nan,25.0,10.0,17.0,24.0
30,大里,2018-07-19,64,7.0,5.0,nan,41.0,15.0,64.0,45.0
31,忠明,2018-07-19,45,9.0,5.0,nan,26.0,17.0,41.0,45.0
19,觀音,2018-07-19,44,10.0,2.0,nan,34.0,11.0,12.0,44.0
72,埔里,2018-07-19,77,4.0,3.0,nan,32.0,10.0,77.0,70.0
20,平鎮,2018-07-19,23,11.0,3.0,nan,16.0,9.0,19.0,23.0
32,西屯,2018-07-19,58,7.0,3.0,nan,31.0,14.0,58.0,58.0
34,線西,2018-07-19,34,9.0,2.0,nan,26.0,13.0,nan,34.0
5,土城,2018-07-19,21,3.0,2.0,nan,12.0,9.0,14.0,21.0
35,二林,2018-07-19,66,4.0,2.0,nan,37.0,12.0,47.0,66.0
21,龍潭,2018-07-19,33,3.0,2.0,nan,19.0,8.0,19.0,33.0
4,新店,2018-07-19,14,3.0,2.0,nan,7.0,9.0,13.0,14.0
36,南投,2018-07-19,61,9.0,3.0,nan,26.0,14.0,48.0,61.0
37,斗六,2018-07-19,67,6.0,3.0,nan,38.0,10.0,67.0,56.0
75,馬祖,2018-07-19,23,4.0,1.0,nan,23.0,4.0,21.0,23.0
77,金門,2018-07-19,25,6.0,2.0,nan,21.0,8.0,25.0,22.0
38,崙背,2018-07-19,71,6.0,2.0,nan,31.0,11.0,71.0,58.0
3,萬里,2018-07-19,19,6.0,1.0,nan,19.0,5.0,18.0,19.0
39,新港,2018-07-19,60,9.0,2.0,nan,32.0,16.0,49.0,60.0
78,馬公,2018-07-19,35,4.0,1.0,nan,23.0,6.0,35.0,31.0
80,關山,2018-07-19,18,4.0,nan,nan,13.0,5.0,12.0,18.0
40,朴子,2018-07-19,56,6.0,2.0,nan,44.0,11.0,45.0,56.0
41,臺西,2018-07-19,55,14.0,2.0,nan,30.0,18.0,nan,55.0
83,麥寮,2018-07-19,59,19.0,3.0,nan,53.0,20.0,nan,59.0
42,嘉義,2018-07-19,46,9.0,2.0,nan,32.0,11.0,46.0,42.0
2,汐止,2018-07-19,10,6.0,2.0,nan,10.0,8.0,10.0,6.0
1,基隆,2018-07-19,16,3.0,1.0,nan,13.0,5.0,14.0,16.0
43,新營,2018-07-19,54,4.0,2.0,nan,33.0,7.0,35.0,54.0
66,冬山,2018-07-19,22,7.0,3.0,nan,19.0,7.0,12.0,22.0
44,善化,2018-07-19,31,7.0,2.0,nan,28.0,9.0,31.0,24.0
45,安南,2018-07-19,37,6.0,2.0,nan,31.0,15.0,36.0,37.0
49,仁武,2018-07-19,35,13.0,2.0,nan,31.0,20.0,31.0,35.0
33,彰化,2018-07-19,46,37.0,5.0,nan,35.0,24.0,44.0,46.0
46,臺南,2018-07-19,35,7.0,2.0,nan,27.0,13.0,33.0,35.0
17,桃園,2018-07-19,31,10.0,3.0,nan,18.0,9.0,19.0,31.0
84,富貴角,2018-07-19,18,1.0,1.0,nan,9.0,5.0,18.0,6.0
47,美濃,2018-07-19,39,3.0,1.0,nan,26.0,6.0,39.0,18.0
48,橋頭,2018-07-19,31,7.0,2.0,nan,29.0,14.0,31.0,10.0
50,鳳山,2018-07-19,39,6.0,3.0,nan,21.0,16.0,nan,39.0
51,大寮,2018-07-19,51,19.0,2.0,nan,28.0,17.0,29.0,51.0
52,林園,2018-07-19,38,14.0,nan,nan,30.0,28.0,31.0,38.0
53,楠梓,2018-07-19,49,6.0,2.0,nan,nan,21.0,32.0,49.0
8,菜寮,2018-07-19,31,4.0,2.0,nan,11.0,8.0,15.0,31.0
54,左營,2018-07-19,34,7.0,3.0,nan,31.0,31.0,31.0,34.0
56,前金,2018-07-19,42,10.0,2.0,nan,32.0,21.0,32.0,42.0
57,前鎮,2018-07-19,31,13.0,5.0,nan,31.0,23.0,nan,27.0
22,湖口,2018-07-19,31,13.0,2.0,nan,22.0,16.0,31.0,30.0
23,竹東,2018-07-19,42,3.0,2.0,nan,28.0,13.0,39.0,42.0
58,小港,2018-07-19,31,16.0,3.0,nan,31.0,19.0,25.0,30.0
59,屏東,2018-07-19,44,4.0,3.0,nan,29.0,18.0,42.0,44.0
24,新竹,2018-07-19,41,6.0,2.0,nan,17.0,12.0,30.0,41.0
60,潮州,2018-07-19,45,7.0,2.0,nan,34.0,9.0,39.0,45.0
61,恆春,2018-07-19,19,4.0,1.0,nan,11.0,1.0,19.0,17.0
38,崙背,2018-07-20,48,10.0,3.0,nan,28.0,14.0,39.0,48.0
17,桃園,2018-07-20,42,14.0,3.0,nan,21.0,11.0,19.0,42.0
33,彰化,2018-07-20,48,10.0,3.0,nan,33.0,11.0,38.0,48.0
49,仁武,2018-07-20,27,9.0,2.0,nan,24.0,17.0,25.0,27.0
66,冬山,2018-07-20,19,3.0,1.0,nan,19.0,6.0,14.0,13.0
1,基隆,2018-07-20,20,4.0,1.0,nan,12.0,6.0,20.0,19.0
2,汐止,2018-07-20,23,23.0,2.0,nan,9.0,9.0,18.0,8.0
3,萬里,2018-07-20,25,7.0,1.0,nan,25.0,4.0,24.0,25.0
4,新店,2018-07-20,20,7.0,2.0,nan,7.0,11.0,18.0,20.0
5,土城,2018-07-20,22,9.0,2.0,nan,14.0,13.0,16.0,22.0
6,板橋,2018-07-20,20,7.0,5.0,nan,20.0,15.0,13.0,15.0
7,新莊,2018-07-20,19,6.0,3.0,nan,12.0,10.0,16.0,19.0
8,菜寮,2018-07-20,36,4.0,3.0,nan,9.0,10.0,14.0,36.0
9,林口,2018-07-20,18,4.0,2.0,nan,nan,8.0,18.0,nan
10,淡水,2018-07-20,27,4.0,1.0,nan,nan,6.0,15.0,27.0
11,士林,2018-07-20,23,7.0,2.0,nan,12.0,7.0,14.0,23.0
12,中山,2018-07-20,25,6.0,6.0,nan,17.0,16.0,10.0,25.0
13,萬華,2018-07-20,24,6.0,3.0,nan,20.0,14.0,10.0,24.0
14,古亭,2018-07-20,18,10.0,2.0,nan,17.0,11.0,13.0,18.0
15,松山,2018-07-20,26,17.0,2.0,nan,19.0,13.0,14.0,26.0
16,大同,2018-07-20,31,6.0,11.0,nan,31.0,20.0,nan,24.0
18,大園,2018-07-20,24,7.0,1.0,nan,24.0,14.0,19.0,24.0
19,觀音,2018-07-20,41,14.0,1.0,nan,28.0,12.0,18.0,41.0
20,平鎮,2018-07-20,34,7.0,3.0,nan,12.0,14.0,19.0,34.0
21,龍潭,2018-07-20,30,9.0,2.0,nan,21.0,13.0,27.0,30.0
22,湖口,2018-07-20,31,7.0,2.0,nan,nan,10.0,21.0,31.0
23,竹東,2018-07-20,36,6.0,2.0,nan,23.0,9.0,31.0,36.0
24,新竹,2018-07-20,32,6.0,2.0,nan,16.0,13.0,21.0,32.0
25,頭份,2018-07-20,26,6.0,2.0,nan,25.0,19.0,nan,26.0
26,苗栗,2018-07-20,59,9.0,3.0,nan,nan,16.0,19.0,59.0
27,三義,2018-07-20,42,6.0,2.0,nan,25.0,11.0,35.0,42.0
28,豐原,2018-07-20,55,6.0,2.0,nan,31.0,16.0,44.0,55.0
29,沙鹿,2018-07-20,44,6.0,2.0,nan,24.0,16.0,38.0,44.0
30,大里,2018-07-20,45,4.0,5.0,nan,35.0,19.0,45.0,45.0
31,忠明,2018-07-20,44,4.0,3.0,nan,25.0,19.0,44.0,42.0
32,西屯,2018-07-20,55,4.0,2.0,nan,27.0,21.0,44.0,55.0
34,線西,2018-07-20,28,14.0,3.0,nan,25.0,13.0,nan,28.0
35,二林,2018-07-20,59,4.0,3.0,nan,31.0,9.0,37.0,59.0
36,南投,2018-07-20,53,6.0,3.0,nan,nan,17.0,39.0,53.0
37,斗六,2018-07-20,55,9.0,3.0,nan,28.0,15.0,50.0,55.0
39,新港,2018-07-20,48,6.0,3.0,nan,27.0,18.0,37.0,48.0
40,朴子,2018-07-20,37,6.0,2.0,nan,37.0,13.0,33.0,37.0
41,臺西,2018-07-20,34,7.0,2.0,nan,23.0,8.0,nan,34.0
42,嘉義,2018-07-20,37,19.0,3.0,nan,29.0,14.0,37.0,32.0
43,新營,2018-07-20,53,6.0,2.0,nan,29.0,9.0,29.0,53.0
44,善化,2018-07-20,29,7.0,2.0,nan,25.0,8.0,29.0,23.0
45,安南,2018-07-20,32,4.0,2.0,nan,28.0,15.0,32.0,32.0
46,臺南,2018-07-20,33,6.0,2.0,nan,21.0,14.0,33.0,31.0
47,美濃,2018-07-20,30,4.0,2.0,nan,22.0,6.0,30.0,12.0
48,橋頭,2018-07-20,25,6.0,2.0,nan,21.0,13.0,25.0,7.0
50,鳳山,2018-07-20,22,6.0,3.0,nan,15.0,21.0,nan,22.0
51,大寮,2018-07-20,41,17.0,3.0,nan,23.0,16.0,22.0,41.0
52,林園,2018-07-20,30,9.0,2.0,nan,19.0,9.0,30.0,29.0
53,楠梓,2018-07-20,31,6.0,2.0,nan,30.0,19.0,25.0,31.0
54,左營,2018-07-20,29,6.0,3.0,nan,29.0,24.0,24.0,20.0
56,前金,2018-07-20,26,9.0,3.0,nan,23.0,17.0,26.0,18.0
57,前鎮,2018-07-20,25,23.0,5.0,nan,23.0,25.0,nan,14.0
58,小港,2018-07-20,25,17.0,3.0,nan,22.0,25.0,21.0,20.0
59,屏東,2018-07-20,31,7.0,5.0,nan,19.0,17.0,31.0,28.0
60,潮州,2018-07-20,35,4.0,2.0,nan,27.0,8.0,33.0,35.0
61,恆春,2018-07-20,18,3.0,1.0,nan,14.0,1.0,18.0,18.0
62,臺東,2018-07-20,20,3.0,2.0,nan,20.0,6.0,16.0,14.0
63,花蓮,2018-07-20,19,4.0,2.0,nan,19.0,7.0,18.0,5.0
64,陽明,2018-07-20,14,4.0,1.0,nan,6.0,3.0,14.0,11.0
65,宜蘭,2018-07-20,17,13.0,3.0,nan,nan,8.0,17.0,10.0
67,三重,2018-07-20,28,6.0,15.0,nan,28.0,18.0,nan,16.0
68,中壢,2018-07-20,31,7.0,10.0,nan,31.0,31.0,nan,13.0
69,竹山,2018-07-20,50,6.0,2.0,nan,31.0,8.0,50.0,47.0
70,永和,2018-07-20,22,9.0,5.0,nan,13.0,10.0,nan,22.0
71,復興,2018-07-20,23,21.0,6.0,nan,19.0,23.0,nan,22.0
72,埔里,2018-07-20,63,4.0,3.0,nan,28.0,11.0,49.0,63.0
75,馬祖,2018-07-20,21,4.0,1.0,nan,20.0,3.0,21.0,20.0
77,金門,2018-07-20,39,9.0,2.0,nan,25.0,10.0,39.0,31.0
78,馬公,2018-07-20,39,4.0,1.0,nan,21.0,6.0,39.0,21.0
80,關山,2018-07-20,19,3.0,nan,nan,nan,3.0,16.0,19.0
83,麥寮,2018-07-20,51,10.0,2.0,nan,49.0,10.0,nan,51.0
84,富貴角,2018-07-20,24,1.0,1.0,nan,11.0,3.0,24.0,14.0
18,大園,2018-07-21,44,14.0,1.0,nan,25.0,17.0,21.0,44.0
30,大里,2018-07-21,45,4.0,3.0,nan,34.0,12.0,45.0,41.0
39,新港,2018-07-21,57,6.0,3.0,nan,29.0,16.0,46.0,57.0
23,竹東,2018-07-21,34,7.0,2.0,nan,30.0,11.0,21.0,34.0
7,新莊,2018-07-21,34,6.0,3.0,nan,15.0,16.0,20.0,34.0
40,朴子,2018-07-21,56,9.0,3.0,nan,40.0,15.0,45.0,56.0
16,大同,2018-07-21,47,6.0,14.0,nan,34.0,24.0,nan,47.0
41,臺西,2018-07-21,55,13.0,2.0,nan,28.0,11.0,nan,55.0
6,板橋,2018-07-21,33,10.0,5.0,nan,26.0,18.0,19.0,33.0
15,松山,2018-07-21,42,7.0,3.0,nan,17.0,17.0,16.0,42.0
5,土城,2018-07-21,37,6.0,3.0,nan,19.0,17.0,19.0,37.0
14,古亭,2018-07-21,30,6.0,5.0,nan,17.0,19.0,17.0,30.0
4,新店,2018-07-21,32,6.0,3.0,nan,13.0,12.0,21.0,32.0
31,忠明,2018-07-21,54,4.0,2.0,nan,26.0,18.0,37.0,54.0
42,嘉義,2018-07-21,49,9.0,3.0,nan,28.0,11.0,49.0,35.0
3,萬里,2018-07-21,49,6.0,1.0,nan,31.0,3.0,21.0,49.0
32,西屯,2018-07-21,67,4.0,3.0,nan,32.0,16.0,37.0,67.0
43,新營,2018-07-21,47,4.0,2.0,nan,25.0,8.0,40.0,47.0
22,湖口,2018-07-21,42,10.0,1.0,nan,nan,10.0,22.0,42.0
13,萬華,2018-07-21,45,6.0,6.0,nan,23.0,19.0,16.0,45.0
2,汐止,2018-07-21,24,4.0,3.0,nan,13.0,14.0,17.0,24.0
44,善化,2018-07-21,41,10.0,2.0,nan,25.0,9.0,41.0,33.0
12,中山,2018-07-21,46,6.0,6.0,nan,23.0,21.0,13.0,46.0
34,線西,2018-07-21,36,11.0,2.0,nan,25.0,19.0,nan,36.0
1,基隆,2018-07-21,35,20.0,2.0,nan,16.0,15.0,17.0,35.0
25,頭份,2018-07-21,26,9.0,2.0,nan,23.0,17.0,nan,26.0
21,龍潭,2018-07-21,54,7.0,3.0,nan,26.0,17.0,23.0,54.0
45,安南,2018-07-21,45,4.0,2.0,nan,28.0,14.0,45.0,37.0
66,冬山,2018-07-21,31,7.0,2.0,nan,26.0,11.0,31.0,29.0
11,士林,2018-07-21,32,3.0,3.0,nan,19.0,16.0,18.0,32.0
27,三義,2018-07-21,46,6.0,2.0,nan,24.0,11.0,31.0,46.0
46,臺南,2018-07-21,45,6.0,3.0,nan,23.0,11.0,45.0,39.0
10,淡水,2018-07-21,39,4.0,3.0,nan,nan,14.0,17.0,39.0
35,二林,2018-07-21,72,6.0,3.0,nan,39.0,10.0,31.0,72.0
49,仁武,2018-07-21,42,9.0,2.0,nan,26.0,24.0,42.0,27.0
28,豐原,2018-07-21,55,6.0,2.0,nan,28.0,13.0,35.0,55.0
20,平鎮,2018-07-21,52,9.0,3.0,nan,nan,19.0,19.0,52.0
47,美濃,2018-07-21,41,6.0,2.0,nan,20.0,4.0,41.0,10.0
36,南投,2018-07-21,51,4.0,3.0,nan,nan,14.0,43.0,51.0
48,橋頭,2018-07-21,43,3.0,3.0,nan,22.0,10.0,43.0,11.0
33,彰化,2018-07-21,48,11.0,3.0,nan,31.0,13.0,34.0,48.0
50,鳳山,2018-07-21,29,9.0,3.0,nan,16.0,15.0,nan,29.0
9,林口,2018-07-21,21,6.0,2.0,nan,nan,16.0,21.0,nan
51,大寮,2018-07-21,53,16.0,3.0,nan,30.0,24.0,34.0,53.0
29,沙鹿,2018-07-21,56,6.0,2.0,nan,25.0,17.0,28.0,56.0
24,新竹,2018-07-21,38,6.0,3.0,nan,13.0,20.0,19.0,38.0
52,林園,2018-07-21,46,17.0,2.0,nan,26.0,10.0,43.0,46.0
53,楠梓,2018-07-21,43,4.0,3.0,nan,33.0,18.0,43.0,41.0
37,斗六,2018-07-21,77,9.0,5.0,nan,33.0,13.0,77.0,58.0
54,左營,2018-07-21,43,6.0,3.0,nan,31.0,22.0,43.0,42.0
26,苗栗,2018-07-21,50,7.0,3.0,nan,nan,12.0,19.0,50.0
56,前金,2018-07-21,44,7.0,5.0,nan,26.0,17.0,44.0,39.0
8,菜寮,2018-07-21,47,6.0,5.0,nan,16.0,17.0,17.0,47.0
19,觀音,2018-07-21,54,11.0,2.0,nan,31.0,12.0,19.0,54.0
57,前鎮,2018-07-21,26,11.0,5.0,nan,25.0,14.0,nan,26.0
38,崙背,2018-07-21,62,7.0,3.0,nan,31.0,10.0,42.0,62.0
58,小港,2018-07-21,44,44.0,3.0,nan,24.0,18.0,41.0,32.0
59,屏東,2018-07-21,41,4.0,3.0,nan,21.0,12.0,41.0,30.0
60,潮州,2018-07-21,40,13.0,2.0,nan,27.0,13.0,36.0,40.0
61,恆春,2018-07-21,35,11.0,1.0,nan,15.0,nan,35.0,24.0
62,臺東,2018-07-21,21,3.0,3.0,nan,nan,10.0,14.0,21.0
63,花蓮,2018-07-21,21,7.0,2.0,nan,21.0,5.0,19.0,8.0
64,陽明,2018-07-21,19,3.0,1.0,nan,7.0,1.0,19.0,14.0
65,宜蘭,2018-07-21,29,13.0,2.0,nan,nan,9.0,29.0,26.0
67,三重,2018-07-21,38,6.0,15.0,nan,33.0,23.0,nan,38.0
68,中壢,2018-07-21,38,10.0,8.0,nan,31.0,20.0,nan,38.0
69,竹山,2018-07-21,48,4.0,2.0,nan,31.0,9.0,48.0,45.0
70,永和,2018-07-21,36,4.0,8.0,nan,16.0,20.0,nan,36.0
71,復興,2018-07-21,37,14.0,5.0,nan,19.0,15.0,nan,37.0
72,埔里,2018-07-21,55,3.0,3.0,nan,25.0,14.0,51.0,55.0
75,馬祖,2018-07-21,46,7.0,3.0,nan,32.0,10.0,37.0,46.0
77,金門,2018-07-21,57,20.0,2.0,nan,41.0,17.0,45.0,57.0
78,馬公,2018-07-21,45,4.0,2.0,nan,25.0,5.0,42.0,45.0
80,關山,2018-07-21,25,4.0,nan,nan,nan,5.0,16.0,25.0
83,麥寮,2018-07-21,56,6.0,2.0,nan,51.0,8.0,nan,56.0
84,富貴角,2018-07-21,43,3.0,1.0,nan,27.0,4.0,21.0,43.0
17,桃園,2018-07-21,41,27.0,3.0,nan,22.0,17.0,19.0,41.0
40,朴子,2018-07-22,41,6.0,3.0,nan,30.0,9.0,34.0,41.0
28,豐原,2018-07-22,53,7.0,3.0,nan,21.0,14.0,44.0,53.0
29,沙鹿,2018-07-22,67,14.0,5.0,nan,26.0,30.0,39.0,67.0
30,大里,2018-07-22,46,7.0,5.0,nan,28.0,15.0,46.0,45.0
31,忠明,2018-07-22,44,20.0,6.0,nan,19.0,25.0,44.0,44.0
32,西屯,2018-07-22,59,13.0,5.0,nan,26.0,23.0,44.0,59.0
34,線西,2018-07-22,48,9.0,3.0,nan,26.0,16.0,nan,48.0
35,二林,2018-07-22,79,4.0,3.0,nan,42.0,11.0,31.0,79.0
36,南投,2018-07-22,44,3.0,3.0,nan,nan,13.0,36.0,44.0
37,斗六,2018-07-22,53,6.0,3.0,nan,34.0,11.0,43.0,53.0
38,崙背,2018-07-22,55,4.0,2.0,nan,24.0,8.0,40.0,55.0
39,新港,2018-07-22,54,6.0,3.0,nan,25.0,11.0,36.0,54.0
27,三義,2018-07-22,43,6.0,2.0,nan,19.0,8.0,43.0,34.0
41,臺西,2018-07-22,52,9.0,2.0,nan,24.0,12.0,nan,52.0
42,嘉義,2018-07-22,43,7.0,3.0,nan,35.0,10.0,37.0,43.0
43,新營,2018-07-22,52,7.0,3.0,nan,32.0,8.0,32.0,52.0
26,苗栗,2018-07-22,41,4.0,3.0,nan,nan,10.0,31.0,41.0
44,善化,2018-07-22,33,10.0,2.0,nan,31.0,15.0,33.0,26.0
45,安南,2018-07-22,37,4.0,2.0,nan,29.0,10.0,37.0,34.0
25,頭份,2018-07-22,29,10.0,2.0,nan,28.0,23.0,nan,29.0
46,臺南,2018-07-22,44,6.0,3.0,nan,24.0,9.0,37.0,44.0
47,美濃,2018-07-22,36,4.0,2.0,nan,26.0,6.0,36.0,18.0
48,橋頭,2018-07-22,37,7.0,2.0,nan,27.0,9.0,37.0,21.0
24,新竹,2018-07-22,41,6.0,5.0,nan,19.0,17.0,31.0,41.0
50,鳳山,2018-07-22,45,10.0,5.0,nan,19.0,13.0,nan,45.0
23,竹東,2018-07-22,15,4.0,2.0,nan,nan,15.0,10.0,nan
51,大寮,2018-07-22,53,27.0,3.0,nan,27.0,21.0,42.0,53.0
22,湖口,2018-07-22,44,7.0,3.0,nan,nan,27.0,44.0,37.0
52,林園,2018-07-22,52,10.0,2.0,nan,27.0,12.0,44.0,52.0
53,楠梓,2018-07-22,47,6.0,3.0,nan,31.0,13.0,43.0,47.0
21,龍潭,2018-07-22,44,6.0,3.0,nan,27.0,15.0,44.0,31.0
54,左營,2018-07-22,41,7.0,3.0,nan,32.0,19.0,41.0,38.0
20,平鎮,2018-07-22,43,7.0,3.0,nan,nan,17.0,43.0,33.0
56,前金,2018-07-22,52,9.0,3.0,nan,29.0,20.0,44.0,52.0
57,前鎮,2018-07-22,31,10.0,5.0,nan,30.0,19.0,nan,31.0
19,觀音,2018-07-22,62,6.0,3.0,nan,34.0,24.0,48.0,62.0
58,小港,2018-07-22,42,13.0,3.0,nan,23.0,13.0,42.0,32.0
61,恆春,2018-07-22,32,4.0,1.0,nan,20.0,nan,32.0,32.0
59,屏東,2018-07-22,51,6.0,5.0,nan,24.0,15.0,43.0,51.0
18,大園,2018-07-22,53,10.0,5.0,nan,31.0,17.0,38.0,53.0
16,大同,2018-07-22,40,7.0,20.0,nan,31.0,40.0,nan,38.0
60,潮州,2018-07-22,44,6.0,2.0,nan,26.0,6.0,39.0,44.0
62,臺東,2018-07-22,23,3.0,3.0,nan,nan,8.0,17.0,23.0
15,松山,2018-07-22,30,4.0,6.0,nan,19.0,29.0,30.0,24.0
63,花蓮,2018-07-22,23,4.0,2.0,nan,23.0,8.0,20.0,5.0
64,陽明,2018-07-22,26,4.0,2.0,nan,12.0,7.0,26.0,23.0
65,宜蘭,2018-07-22,24,14.0,2.0,nan,nan,7.0,24.0,20.0
14,古亭,2018-07-22,34,7.0,5.0,nan,17.0,19.0,34.0,27.0
67,三重,2018-07-22,40,10.0,18.0,nan,31.0,40.0,nan,26.0
13,萬華,2018-07-22,31,4.0,6.0,nan,20.0,25.0,31.0,31.0
68,中壢,2018-07-22,32,6.0,10.0,nan,31.0,29.0,nan,32.0
69,竹山,2018-07-22,45,6.0,2.0,nan,31.0,8.0,45.0,44.0
12,中山,2018-07-22,35,4.0,8.0,nan,22.0,27.0,26.0,35.0
70,永和,2018-07-22,35,7.0,8.0,nan,16.0,25.0,nan,35.0
11,士林,2018-07-22,33,7.0,5.0,nan,21.0,19.0,31.0,33.0
71,復興,2018-07-22,40,13.0,5.0,nan,24.0,19.0,nan,40.0
10,淡水,2018-07-22,37,6.0,3.0,nan,nan,16.0,27.0,37.0
72,埔里,2018-07-22,45,4.0,2.0,nan,20.0,12.0,36.0,45.0
75,馬祖,2018-07-22,90,7.0,3.0,nan,43.0,22.0,90.0,65.0
77,金門,2018-07-22,53,14.0,2.0,nan,30.0,19.0,47.0,53.0
78,馬公,2018-07-22,42,4.0,1.0,nan,23.0,6.0,38.0,42.0
8,菜寮,2018-07-22,48,7.0,5.0,nan,16.0,19.0,31.0,48.0
80,關山,2018-07-22,24,3.0,nan,nan,nan,5.0,13.0,24.0
7,新莊,2018-07-22,38,23.0,3.0,nan,16.0,14.0,38.0,30.0
83,麥寮,2018-07-22,56,16.0,2.0,nan,43.0,22.0,nan,56.0
6,板橋,2018-07-22,39,10.0,5.0,nan,23.0,18.0,39.0,21.0
84,富貴角,2018-07-22,43,4.0,2.0,nan,31.0,11.0,28.0,43.0
5,土城,2018-07-22,43,7.0,5.0,nan,18.0,19.0,43.0,33.0
4,新店,2018-07-22,38,4.0,3.0,nan,14.0,14.0,38.0,28.0
3,萬里,2018-07-22,42,11.0,2.0,nan,31.0,12.0,25.0,42.0
2,汐止,2018-07-22,27,7.0,5.0,nan,15.0,20.0,27.0,18.0
9,林口,2018-07-22,34,7.0,3.0,nan,nan,20.0,34.0,nan
1,基隆,2018-07-22,26,4.0,3.0,nan,15.0,19.0,22.0,26.0
66,冬山,2018-07-22,29,9.0,5.0,nan,26.0,14.0,17.0,29.0
49,仁武,2018-07-22,44,9.0,3.0,nan,31.0,13.0,44.0,37.0
33,彰化,2018-07-22,67,16.0,3.0,nan,35.0,13.0,41.0,67.0
17,桃園,2018-07-22,37,19.0,3.0,nan,24.0,17.0,36.0,37.0
33,彰化,2018-07-23,44,11.0,3.0,nan,36.0,9.0,36.0,44.0
49,仁武,2018-07-23,39,7.0,3.0,nan,30.0,18.0,35.0,39.0
66,冬山,2018-07-23,31,6.0,2.0,nan,nan,14.0,21.0,31.0
1,基隆,2018-07-23,54,10.0,5.0,nan,25.0,26.0,44.0,54.0
2,汐止,2018-07-23,49,6.0,6.0,nan,29.0,29.0,49.0,47.0
3,萬里,2018-07-23,84,7.0,5.0,nan,39.0,19.0,84.0,60.0
4,新店,2018-07-23,49,4.0,5.0,nan,24.0,17.0,47.0,49.0
5,土城,2018-07-23,52,7.0,6.0,nan,31.0,27.0,48.0,52.0
6,板橋,2018-07-23,55,14.0,8.0,nan,41.0,31.0,46.0,55.0
7,新莊,2018-07-23,57,14.0,7.0,nan,34.0,29.0,29.0,57.0
9,林口,2018-07-23,50,9.0,2.0,nan,nan,25.0,50.0,nan
8,菜寮,2018-07-23,65,14.0,8.0,nan,31.0,26.0,42.0,65.0
10,淡水,2018-07-23,58,7.0,3.0,nan,nan,18.0,35.0,58.0
11,士林,2018-07-23,68,7.0,7.0,nan,33.0,38.0,44.0,68.0
12,中山,2018-07-23,58,10.0,10.0,nan,36.0,45.0,35.0,58.0
13,萬華,2018-07-23,60,10.0,7.0,nan,35.0,29.0,44.0,60.0
14,古亭,2018-07-23,47,7.0,7.0,nan,27.0,27.0,44.0,47.0
15,松山,2018-07-23,59,7.0,6.0,nan,35.0,30.0,45.0,59.0
16,大同,2018-07-23,66,16.0,27.0,nan,50.0,56.0,nan,66.0
18,大園,2018-07-23,52,7.0,2.0,nan,35.0,16.0,46.0,52.0
19,觀音,2018-07-23,59,4.0,2.0,nan,31.0,10.0,42.0,59.0
20,平鎮,2018-07-23,51,6.0,3.0,nan,nan,24.0,43.0,51.0
21,龍潭,2018-07-23,47,6.0,5.0,nan,34.0,18.0,45.0,47.0
22,湖口,2018-07-23,55,9.0,2.0,nan,nan,22.0,45.0,55.0
23,竹東,2018-07-23,-1,nan,nan,nan,nan,nan,nan,nan
24,新竹,2018-07-23,53,4.0,5.0,nan,23.0,16.0,39.0,53.0
25,頭份,2018-07-23,41,11.0,3.0,nan,32.0,21.0,nan,41.0
26,苗栗,2018-07-23,70,6.0,3.0,nan,nan,15.0,50.0,70.0
27,三義,2018-07-23,58,7.0,2.0,nan,27.0,12.0,58.0,52.0
28,豐原,2018-07-23,58,4.0,3.0,nan,31.0,10.0,51.0,58.0
29,沙鹿,2018-07-23,58,6.0,3.0,nan,24.0,17.0,41.0,58.0
30,大里,2018-07-23,46,9.0,5.0,nan,33.0,18.0,46.0,38.0
31,忠明,2018-07-23,48,6.0,5.0,nan,22.0,18.0,48.0,42.0
32,西屯,2018-07-23,44,4.0,3.0,nan,24.0,21.0,44.0,44.0
34,線西,2018-07-23,35,7.0,2.0,nan,25.0,14.0,nan,35.0
35,二林,2018-07-23,59,4.0,2.0,nan,31.0,8.0,32.0,59.0
36,南投,2018-07-23,41,6.0,3.0,nan,nan,15.0,41.0,38.0
37,斗六,2018-07-23,47,6.0,5.0,nan,33.0,10.0,47.0,42.0
17,桃園,2018-07-23,56,10.0,6.0,nan,34.0,25.0,40.0,56.0
38,崙背,2018-07-23,59,3.0,2.0,nan,23.0,8.0,42.0,59.0
39,新港,2018-07-23,43,4.0,2.0,nan,28.0,13.0,38.0,43.0
40,朴子,2018-07-23,43,4.0,3.0,nan,nan,10.0,35.0,43.0
41,臺西,2018-07-23,50,4.0,1.0,nan,24.0,10.0,nan,50.0
42,嘉義,2018-07-23,44,14.0,3.0,nan,36.0,11.0,44.0,40.0
43,新營,2018-07-23,55,7.0,3.0,nan,37.0,12.0,35.0,55.0
44,善化,2018-07-23,37,7.0,2.0,nan,31.0,11.0,35.0,37.0
45,安南,2018-07-23,42,4.0,3.0,nan,31.0,19.0,38.0,42.0
46,臺南,2018-07-23,42,9.0,3.0,nan,25.0,19.0,35.0,42.0
47,美濃,2018-07-23,46,3.0,2.0,nan,31.0,5.0,46.0,26.0
48,橋頭,2018-07-23,33,7.0,2.0,nan,31.0,21.0,33.0,14.0
50,鳳山,2018-07-23,33,7.0,5.0,nan,23.0,18.0,nan,33.0
51,大寮,2018-07-23,49,20.0,3.0,nan,32.0,16.0,29.0,49.0
52,林園,2018-07-23,57,37.0,2.0,nan,32.0,20.0,33.0,57.0
53,楠梓,2018-07-23,53,4.0,3.0,nan,39.0,24.0,35.0,53.0
54,左營,2018-07-23,40,6.0,5.0,nan,35.0,21.0,31.0,40.0
56,前金,2018-07-23,36,7.0,3.0,nan,35.0,23.0,36.0,35.0
57,前鎮,2018-07-23,30,9.0,5.0,nan,nan,30.0,nan,30.0
58,小港,2018-07-23,32,17.0,3.0,nan,27.0,30.0,30.0,32.0
59,屏東,2018-07-23,44,6.0,5.0,nan,28.0,14.0,44.0,43.0
60,潮州,2018-07-23,44,6.0,2.0,nan,30.0,8.0,39.0,44.0
61,恆春,2018-07-23,38,7.0,1.0,nan,22.0,1.0,38.0,32.0
62,臺東,2018-07-23,33,1.0,3.0,nan,nan,10.0,22.0,33.0
63,花蓮,2018-07-23,24,6.0,2.0,nan,24.0,12.0,22.0,11.0
64,陽明,2018-07-23,54,6.0,2.0,nan,19.0,8.0,47.0,54.0
65,宜蘭,2018-07-23,24,6.0,3.0,nan,nan,11.0,24.0,24.0
67,三重,2018-07-23,64,16.0,20.0,nan,46.0,64.0,nan,61.0
68,中壢,2018-07-23,46,6.0,19.0,nan,46.0,43.0,nan,46.0
69,竹山,2018-07-23,54,6.0,3.0,nan,34.0,10.0,54.0,48.0
70,永和,2018-07-23,54,7.0,15.0,nan,27.0,32.0,nan,54.0
71,復興,2018-07-23,41,9.0,5.0,nan,27.0,25.0,nan,41.0
72,埔里,2018-07-23,50,7.0,3.0,nan,19.0,10.0,47.0,50.0
75,馬祖,2018-07-23,68,6.0,2.0,nan,41.0,5.0,54.0,68.0
77,金門,2018-07-23,52,14.0,3.0,nan,33.0,25.0,48.0,52.0
78,馬公,2018-07-23,31,4.0,2.0,nan,18.0,6.0,31.0,24.0
80,關山,2018-07-23,26,3.0,nan,nan,nan,5.0,19.0,26.0
83,麥寮,2018-07-23,55,4.0,2.0,nan,44.0,9.0,nan,55.0
84,富貴角,2018-07-23,55,4.0,2.0,nan,26.0,12.0,45.0,55.0
18,大園,2018-07-24,55,11.0,6.0,nan,35.0,33.0,32.0,55.0
84,富貴角,2018-07-24,61,4.0,2.0,nan,29.0,9.0,61.0,61.0
83,麥寮,2018-07-24,54,4.0,3.0,nan,50.0,14.0,nan,54.0
80,關山,2018-07-24,33,4.0,nan,nan,nan,5.0,23.0,33.0
78,馬公,2018-07-24,30,4.0,3.0,nan,30.0,8.0,20.0,30.0
77,金門,2018-07-24,36,4.0,1.0,nan,34.0,4.0,27.0,36.0
75,馬祖,2018-07-24,51,4.0,1.0,nan,38.0,8.0,35.0,51.0
72,埔里,2018-07-24,47,4.0,2.0,nan,22.0,11.0,35.0,47.0
71,復興,2018-07-24,32,10.0,10.0,nan,28.0,26.0,nan,32.0
70,永和,2018-07-24,56,6.0,15.0,nan,31.0,40.0,nan,56.0
69,竹山,2018-07-24,35,4.0,2.0,nan,30.0,10.0,34.0,35.0
68,中壢,2018-07-24,43,7.0,15.0,nan,43.0,38.0,nan,43.0
67,三重,2018-07-24,61,11.0,27.0,nan,44.0,61.0,nan,51.0
65,宜蘭,2018-07-24,49,7.0,3.0,nan,32.0,11.0,49.0,48.0
64,陽明,2018-07-24,52,4.0,2.0,nan,20.0,8.0,44.0,52.0
63,花蓮,2018-07-24,50,17.0,3.0,nan,30.0,7.0,50.0,21.0
62,臺東,2018-07-24,34,3.0,3.0,nan,nan,8.0,27.0,34.0
61,恆春,2018-07-24,29,4.0,1.0,nan,nan,2.0,21.0,29.0
60,潮州,2018-07-24,32,3.0,1.0,nan,32.0,6.0,22.0,31.0
59,屏東,2018-07-24,34,17.0,6.0,nan,31.0,15.0,19.0,34.0
58,小港,2018-07-24,137,16.0,6.0,nan,137.0,25.0,16.0,37.0
57,前鎮,2018-07-24,36,10.0,11.0,nan,nan,25.0,nan,36.0
56,前金,2018-07-24,40,6.0,8.0,nan,33.0,24.0,20.0,40.0
54,左營,2018-07-24,39,4.0,7.0,nan,37.0,21.0,19.0,39.0
53,楠梓,2018-07-24,53,7.0,5.0,nan,40.0,22.0,20.0,53.0
52,林園,2018-07-24,55,10.0,3.0,nan,38.0,14.0,25.0,55.0
51,大寮,2018-07-24,52,24.0,5.0,nan,32.0,22.0,14.0,52.0
50,鳳山,2018-07-24,36,6.0,6.0,nan,25.0,20.0,nan,36.0
48,橋頭,2018-07-24,31,7.0,3.0,nan,31.0,16.0,21.0,12.0
47,美濃,2018-07-24,31,3.0,2.0,nan,31.0,7.0,22.0,13.0
46,臺南,2018-07-24,39,6.0,5.0,nan,31.0,15.0,22.0,39.0
45,安南,2018-07-24,43,7.0,5.0,nan,36.0,20.0,24.0,43.0
44,善化,2018-07-24,31,9.0,2.0,nan,31.0,8.0,24.0,29.0
43,新營,2018-07-24,51,4.0,2.0,nan,35.0,9.0,25.0,51.0
42,嘉義,2018-07-24,31,4.0,2.0,nan,31.0,10.0,28.0,29.0
41,臺西,2018-07-24,47,4.0,2.0,nan,34.0,11.0,nan,47.0
40,朴子,2018-07-24,61,4.0,2.0,nan,nan,14.0,26.0,61.0
39,新港,2018-07-24,43,6.0,3.0,nan,34.0,17.0,23.0,43.0
38,崙背,2018-07-24,51,1.0,2.0,nan,25.0,12.0,37.0,51.0
37,斗六,2018-07-24,33,4.0,3.0,nan,29.0,19.0,32.0,33.0
36,南投,2018-07-24,33,3.0,3.0,nan,nan,10.0,29.0,33.0
35,二林,2018-07-24,57,7.0,2.0,nan,34.0,11.0,23.0,57.0
34,線西,2018-07-24,33,6.0,2.0,nan,30.0,11.0,nan,33.0
32,西屯,2018-07-24,49,4.0,3.0,nan,29.0,21.0,31.0,49.0
31,忠明,2018-07-24,39,4.0,5.0,nan,27.0,19.0,31.0,39.0
30,大里,2018-07-24,31,6.0,5.0,nan,31.0,17.0,17.0,31.0
29,沙鹿,2018-07-24,54,14.0,3.0,nan,28.0,16.0,27.0,54.0
28,豐原,2018-07-24,63,11.0,5.0,nan,32.0,16.0,31.0,63.0
27,三義,2018-07-24,35,7.0,2.0,nan,26.0,8.0,31.0,35.0
26,苗栗,2018-07-24,61,6.0,5.0,nan,nan,24.0,26.0,61.0
25,頭份,2018-07-24,32,6.0,3.0,nan,32.0,14.0,nan,29.0
24,新竹,2018-07-24,54,4.0,6.0,nan,24.0,25.0,22.0,54.0
23,竹東,2018-07-24,-1,nan,nan,nan,nan,nan,nan,nan
22,湖口,2018-07-24,46,7.0,3.0,nan,nan,20.0,28.0,46.0
21,龍潭,2018-07-24,47,4.0,5.0,nan,33.0,28.0,42.0,47.0
20,平鎮,2018-07-24,52,6.0,6.0,nan,35.0,28.0,32.0,52.0
19,觀音,2018-07-24,74,10.0,5.0,nan,45.0,32.0,21.0,74.0
17,桃園,2018-07-24,48,33.0,8.0,nan,44.0,48.0,35.0,nan
16,大同,2018-07-24,63,10.0,44.0,nan,50.0,60.0,nan,63.0
15,松山,2018-07-24,74,26.0,7.0,nan,39.0,37.0,74.0,67.0
14,古亭,2018-07-24,77,7.0,7.0,nan,31.0,30.0,77.0,43.0
13,萬華,2018-07-24,47,4.0,9.0,nan,31.0,44.0,47.0,45.0
12,中山,2018-07-24,60,7.0,10.0,nan,36.0,54.0,38.0,60.0
11,士林,2018-07-24,57,7.0,9.0,nan,31.0,55.0,40.0,57.0
10,淡水,2018-07-24,57,7.0,9.0,nan,38.0,39.0,28.0,57.0
9,林口,2018-07-24,41,9.0,6.0,nan,41.0,36.0,37.0,nan
8,菜寮,2018-07-24,57,6.0,11.0,nan,30.0,44.0,38.0,57.0
7,新莊,2018-07-24,60,13.0,9.0,nan,35.0,34.0,45.0,60.0
6,板橋,2018-07-24,52,9.0,9.0,nan,44.0,42.0,48.0,52.0
5,土城,2018-07-24,67,9.0,8.0,nan,36.0,43.0,67.0,62.0
4,新店,2018-07-24,52,9.0,6.0,nan,29.0,17.0,25.0,52.0
3,萬里,2018-07-24,58,14.0,2.0,nan,34.0,12.0,50.0,58.0
2,汐止,2018-07-24,58,21.0,6.0,nan,36.0,29.0,58.0,56.0
1,基隆,2018-07-24,54,7.0,5.0,nan,29.0,17.0,47.0,54.0
66,冬山,2018-07-24,50,6.0,3.0,nan,nan,12.0,44.0,50.0
49,仁武,2018-07-24,41,10.0,3.0,nan,38.0,15.0,22.0,41.0
33,彰化,2018-07-24,37,19.0,3.0,nan,31.0,7.0,27.0,37.0
12,中山,2018-07-25,56,9.0,7.0,nan,31.0,27.0,30.0,56.0
14,古亭,2018-07-25,44,10.0,6.0,nan,27.0,27.0,43.0,44.0
11,士林,2018-07-25,39,7.0,6.0,nan,27.0,20.0,31.0,39.0
18,大園,2018-07-25,104,10.0,5.0,nan,40.0,25.0,104.0,61.0
15,松山,2018-07-25,45,10.0,5.0,nan,28.0,23.0,35.0,45.0
19,觀音,2018-07-25,126,14.0,5.0,nan,51.0,36.0,126.0,82.0
16,大同,2018-07-25,56,9.0,35.0,nan,45.0,36.0,nan,56.0
20,平鎮,2018-07-25,74,11.0,5.0,nan,44.0,25.0,74.0,57.0
13,萬華,2018-07-25,46,7.0,7.0,nan,31.0,27.0,42.0,46.0
17,桃園,2018-07-25,70,26.0,6.0,nan,44.0,26.0,48.0,70.0
21,龍潭,2018-07-25,80,11.0,5.0,nan,40.0,22.0,80.0,70.0
22,湖口,2018-07-25,57,10.0,2.0,nan,39.0,22.0,50.0,57.0
23,竹東,2018-07-25,41,4.0,3.0,nan,nan,11.0,41.0,nan
24,新竹,2018-07-25,59,7.0,5.0,nan,30.0,18.0,32.0,59.0
25,頭份,2018-07-25,33,7.0,3.0,nan,32.0,20.0,nan,33.0
26,苗栗,2018-07-25,66,6.0,3.0,nan,48.0,11.0,38.0,66.0
27,三義,2018-07-25,40,6.0,2.0,nan,22.0,8.0,40.0,32.0
28,豐原,2018-07-25,48,6.0,3.0,nan,28.0,13.0,34.0,48.0
29,沙鹿,2018-07-25,56,11.0,3.0,nan,30.0,18.0,34.0,56.0
30,大里,2018-07-25,40,16.0,6.0,nan,39.0,24.0,30.0,40.0
31,忠明,2018-07-25,41,10.0,5.0,nan,26.0,20.0,32.0,41.0
32,西屯,2018-07-25,43,9.0,5.0,nan,30.0,21.0,34.0,43.0
34,線西,2018-07-25,33,9.0,3.0,nan,30.0,12.0,nan,33.0
35,二林,2018-07-25,53,nan,2.0,nan,32.0,12.0,41.0,53.0
36,南投,2018-07-25,33,4.0,5.0,nan,nan,14.0,33.0,28.0
37,斗六,2018-07-25,38,4.0,3.0,nan,29.0,13.0,38.0,25.0
38,崙背,2018-07-25,53,4.0,2.0,nan,31.0,17.0,42.0,53.0
39,新港,2018-07-25,48,10.0,5.0,nan,35.0,27.0,32.0,48.0
40,朴子,2018-07-25,40,4.0,3.0,nan,40.0,16.0,33.0,37.0
41,臺西,2018-07-25,56,7.0,2.0,nan,35.0,16.0,nan,56.0
42,嘉義,2018-07-25,34,4.0,6.0,nan,27.0,25.0,34.0,26.0
43,新營,2018-07-25,51,4.0,3.0,nan,32.0,11.0,30.0,51.0
44,善化,2018-07-25,30,9.0,2.0,nan,30.0,8.0,30.0,27.0
45,安南,2018-07-25,38,9.0,6.0,nan,36.0,26.0,38.0,35.0
46,臺南,2018-07-25,44,6.0,5.0,nan,27.0,18.0,44.0,36.0
47,美濃,2018-07-25,34,1.0,2.0,nan,25.0,6.0,34.0,10.0
48,橋頭,2018-07-25,34,9.0,3.0,nan,31.0,18.0,34.0,10.0
50,鳳山,2018-07-25,27,14.0,6.0,nan,23.0,27.0,nan,26.0
51,大寮,2018-07-25,58,19.0,5.0,nan,37.0,21.0,36.0,58.0
52,林園,2018-07-25,40,9.0,3.0,nan,33.0,13.0,32.0,40.0
53,楠梓,2018-07-25,40,6.0,3.0,nan,37.0,21.0,34.0,40.0
54,左營,2018-07-25,37,9.0,6.0,nan,37.0,29.0,23.0,36.0
56,前金,2018-07-25,38,11.0,8.0,nan,32.0,29.0,31.0,38.0
57,前鎮,2018-07-25,32,9.0,9.0,nan,nan,32.0,nan,31.0
58,小港,2018-07-25,36,27.0,5.0,nan,nan,27.0,22.0,36.0
59,屏東,2018-07-25,38,10.0,6.0,nan,24.0,18.0,38.0,28.0
83,麥寮,2018-07-25,67,19.0,5.0,nan,54.0,24.0,nan,67.0
33,彰化,2018-07-25,34,14.0,3.0,nan,29.0,10.0,32.0,34.0
60,潮州,2018-07-25,41,7.0,3.0,nan,31.0,8.0,41.0,34.0
49,仁武,2018-07-25,36,13.0,3.0,nan,35.0,22.0,36.0,28.0
61,恆春,2018-07-25,37,3.0,1.0,nan,nan,2.0,28.0,37.0
62,臺東,2018-07-25,33,3.0,3.0,nan,25.0,8.0,22.0,33.0
66,冬山,2018-07-25,44,9.0,6.0,nan,nan,21.0,22.0,44.0
63,花蓮,2018-07-25,28,4.0,2.0,nan,27.0,10.0,28.0,25.0
1,基隆,2018-07-25,46,29.0,3.0,nan,22.0,27.0,31.0,46.0
64,陽明,2018-07-25,40,3.0,1.0,nan,17.0,2.0,30.0,40.0
2,汐止,2018-07-25,42,29.0,6.0,nan,28.0,18.0,33.0,42.0
3,萬里,2018-07-25,59,10.0,3.0,nan,34.0,12.0,34.0,59.0
65,宜蘭,2018-07-25,39,11.0,2.0,nan,28.0,9.0,30.0,39.0
4,新店,2018-07-25,80,10.0,6.0,nan,28.0,25.0,80.0,59.0
67,三重,2018-07-25,43,10.0,16.0,nan,43.0,33.0,nan,41.0
5,土城,2018-07-25,93,16.0,7.0,nan,35.0,24.0,93.0,58.0
6,板橋,2018-07-25,58,13.0,8.0,nan,44.0,31.0,58.0,53.0
68,中壢,2018-07-25,44,9.0,12.0,nan,44.0,34.0,nan,42.0
69,竹山,2018-07-25,40,4.0,2.0,nan,28.0,9.0,40.0,25.0
70,永和,2018-07-25,57,10.0,12.0,nan,nan,40.0,nan,57.0
71,復興,2018-07-25,37,17.0,9.0,nan,28.0,32.0,nan,37.0
84,富貴角,2018-07-25,55,6.0,2.0,nan,24.0,6.0,37.0,55.0
72,埔里,2018-07-25,44,4.0,3.0,nan,21.0,11.0,42.0,44.0
75,馬祖,2018-07-25,52,7.0,1.0,nan,36.0,7.0,37.0,52.0
7,新莊,2018-07-25,60,13.0,7.0,nan,32.0,27.0,50.0,60.0
77,金門,2018-07-25,31,4.0,1.0,nan,29.0,2.0,24.0,31.0
8,菜寮,2018-07-25,52,9.0,7.0,nan,25.0,23.0,40.0,52.0
78,馬公,2018-07-25,31,6.0,2.0,nan,23.0,9.0,22.0,31.0
9,林口,2018-07-25,50,9.0,5.0,nan,33.0,29.0,50.0,nan
80,關山,2018-07-25,34,3.0,nan,nan,24.0,4.0,24.0,34.0
10,淡水,2018-07-25,49,4.0,5.0,nan,32.0,24.0,31.0,49.0
59,屏東,2018-07-26,41,6.0,7.0,nan,26.0,20.0,39.0,41.0
13,萬華,2018-07-26,54,9.0,6.0,nan,33.0,27.0,43.0,54.0
12,中山,2018-07-26,56,10.0,6.0,nan,35.0,32.0,37.0,56.0
11,士林,2018-07-26,62,9.0,3.0,nan,28.0,15.0,33.0,62.0
10,淡水,2018-07-26,53,9.0,5.0,nan,32.0,15.0,21.0,53.0
9,林口,2018-07-26,35,11.0,3.0,nan,35.0,26.0,30.0,nan
8,菜寮,2018-07-26,57,7.0,7.0,nan,31.0,24.0,31.0,57.0
7,新莊,2018-07-26,59,19.0,7.0,nan,35.0,23.0,37.0,59.0
6,板橋,2018-07-26,58,11.0,6.0,nan,49.0,25.0,44.0,58.0
5,土城,2018-07-26,64,10.0,6.0,nan,38.0,22.0,61.0,64.0
4,新店,2018-07-26,154,17.0,6.0,nan,35.0,21.0,154.0,74.0
3,萬里,2018-07-26,59,16.0,2.0,nan,31.0,10.0,58.0,59.0
2,汐止,2018-07-26,87,36.0,5.0,nan,33.0,21.0,87.0,61.0
1,基隆,2018-07-26,87,10.0,5.0,nan,27.0,18.0,87.0,58.0
66,冬山,2018-07-26,40,10.0,8.0,nan,nan,15.0,28.0,40.0
33,彰化,2018-07-26,63,20.0,3.0,nan,36.0,9.0,31.0,63.0
84,富貴角,2018-07-26,58,7.0,2.0,nan,22.0,14.0,38.0,58.0
83,麥寮,2018-07-26,67,13.0,5.0,nan,57.0,18.0,nan,67.0
80,關山,2018-07-26,26,4.0,nan,nan,19.0,5.0,18.0,26.0
78,馬公,2018-07-26,32,4.0,2.0,nan,20.0,8.0,20.0,32.0
77,金門,2018-07-26,56,21.0,2.0,nan,39.0,10.0,35.0,56.0
75,馬祖,2018-07-26,53,7.0,2.0,nan,39.0,8.0,39.0,53.0
72,埔里,2018-07-26,90,7.0,3.0,nan,32.0,13.0,90.0,64.0
71,復興,2018-07-26,43,14.0,8.0,nan,31.0,30.0,nan,43.0
70,永和,2018-07-26,66,13.0,12.0,nan,nan,40.0,nan,66.0
69,竹山,2018-07-26,50,6.0,2.0,nan,39.0,6.0,50.0,49.0
68,中壢,2018-07-26,69,9.0,9.0,nan,46.0,26.0,nan,69.0
67,三重,2018-07-26,56,9.0,14.0,nan,44.0,42.0,nan,56.0
65,宜蘭,2018-07-26,33,29.0,3.0,nan,23.0,7.0,32.0,33.0
64,陽明,2018-07-26,59,17.0,2.0,nan,23.0,12.0,33.0,59.0
63,花蓮,2018-07-26,19,7.0,2.0,nan,nan,8.0,19.0,8.0
62,臺東,2018-07-26,23,3.0,3.0,nan,23.0,9.0,16.0,21.0
61,恆春,2018-07-26,19,4.0,1.0,nan,nan,2.0,19.0,4.0
60,潮州,2018-07-26,50,9.0,3.0,nan,39.0,8.0,50.0,49.0
14,古亭,2018-07-26,100,16.0,5.0,nan,34.0,25.0,100.0,nan
58,小港,2018-07-26,36,23.0,5.0,nan,29.0,27.0,35.0,36.0
57,前鎮,2018-07-26,47,17.0,8.0,nan,nan,32.0,nan,47.0
56,前金,2018-07-26,39,10.0,7.0,nan,35.0,25.0,39.0,38.0
54,左營,2018-07-26,47,9.0,5.0,nan,39.0,24.0,44.0,47.0
53,楠梓,2018-07-26,54,7.0,3.0,nan,39.0,25.0,42.0,54.0
52,林園,2018-07-26,61,9.0,3.0,nan,36.0,16.0,61.0,53.0
51,大寮,2018-07-26,61,24.0,6.0,nan,40.0,31.0,33.0,61.0
50,鳳山,2018-07-26,45,4.0,6.0,nan,24.0,21.0,nan,45.0
49,仁武,2018-07-26,42,16.0,5.0,nan,31.0,23.0,42.0,41.0
48,橋頭,2018-07-26,31,9.0,3.0,nan,31.0,21.0,31.0,19.0
47,美濃,2018-07-26,34,4.0,2.0,nan,28.0,6.0,34.0,12.0
46,臺南,2018-07-26,41,11.0,3.0,nan,29.0,26.0,37.0,41.0
45,安南,2018-07-26,41,9.0,3.0,nan,37.0,27.0,33.0,41.0
44,善化,2018-07-26,34,14.0,2.0,nan,34.0,9.0,32.0,30.0
43,新營,2018-07-26,56,4.0,2.0,nan,37.0,11.0,33.0,56.0
42,嘉義,2018-07-26,43,9.0,3.0,nan,33.0,12.0,43.0,27.0
41,臺西,2018-07-26,66,4.0,3.0,nan,38.0,15.0,nan,66.0
40,朴子,2018-07-26,46,6.0,3.0,nan,46.0,20.0,33.0,45.0
39,新港,2018-07-26,61,9.0,6.0,nan,38.0,29.0,36.0,61.0
38,崙背,2018-07-26,68,4.0,3.0,nan,33.0,17.0,33.0,68.0
37,斗六,2018-07-26,53,6.0,3.0,nan,35.0,12.0,43.0,53.0
36,南投,2018-07-26,53,10.0,5.0,nan,nan,20.0,42.0,53.0
35,二林,2018-07-26,65,9.0,3.0,nan,38.0,14.0,28.0,65.0
34,線西,2018-07-26,50,7.0,3.0,nan,31.0,15.0,nan,50.0
32,西屯,2018-07-26,65,44.0,5.0,nan,37.0,46.0,26.0,65.0
31,忠明,2018-07-26,54,13.0,6.0,nan,32.0,22.0,29.0,54.0
30,大里,2018-07-26,57,19.0,5.0,nan,47.0,24.0,35.0,57.0
29,沙鹿,2018-07-26,59,11.0,3.0,nan,36.0,19.0,22.0,59.0
28,豐原,2018-07-26,58,7.0,3.0,nan,42.0,13.0,34.0,58.0
27,三義,2018-07-26,47,7.0,2.0,nan,30.0,11.0,34.0,47.0
26,苗栗,2018-07-26,67,6.0,3.0,nan,49.0,14.0,25.0,67.0
25,頭份,2018-07-26,39,9.0,3.0,nan,34.0,20.0,nan,39.0
24,新竹,2018-07-26,53,3.0,3.0,nan,28.0,13.0,20.0,53.0
23,竹東,2018-07-26,63,3.0,3.0,nan,46.0,22.0,23.0,63.0
22,湖口,2018-07-26,53,9.0,3.0,nan,36.0,21.0,27.0,53.0
21,龍潭,2018-07-26,68,13.0,3.0,nan,nan,17.0,38.0,68.0
20,平鎮,2018-07-26,57,10.0,3.0,nan,44.0,25.0,30.0,57.0
19,觀音,2018-07-26,69,7.0,3.0,nan,43.0,15.0,25.0,69.0
18,大園,2018-07-26,67,19.0,3.0,nan,40.0,15.0,24.0,67.0
17,桃園,2018-07-26,67,13.0,3.0,nan,42.0,24.0,31.0,67.0
16,大同,2018-07-26,51,10.0,20.0,nan,48.0,38.0,nan,51.0
15,松山,2018-07-26,87,23.0,5.0,nan,39.0,25.0,87.0,71.0
9,林口,2018-07-27,35,17.0,6.0,nan,35.0,33.0,25.0,nan
33,彰化,2018-07-27,49,31.0,3.0,nan,31.0,13.0,20.0,49.0
66,冬山,2018-07-27,43,10.0,5.0,nan,nan,12.0,38.0,43.0
1,基隆,2018-07-27,54,10.0,5.0,nan,25.0,20.0,24.0,54.0
2,汐止,2018-07-27,44,20.0,6.0,nan,27.0,23.0,23.0,44.0
3,萬里,2018-07-27,75,11.0,2.0,nan,30.0,10.0,30.0,75.0
4,新店,2018-07-27,61,13.0,6.0,nan,31.0,21.0,45.0,61.0
5,土城,2018-07-27,62,14.0,6.0,nan,34.0,26.0,38.0,62.0
6,板橋,2018-07-27,52,16.0,8.0,nan,44.0,36.0,31.0,52.0
7,新莊,2018-07-27,67,27.0,7.0,nan,35.0,27.0,31.0,67.0
8,菜寮,2018-07-27,62,14.0,7.0,nan,33.0,28.0,24.0,62.0
10,淡水,2018-07-27,58,9.0,6.0,nan,56.0,22.0,16.0,58.0
11,士林,2018-07-27,62,14.0,3.0,nan,31.0,22.0,23.0,62.0
12,中山,2018-07-27,56,19.0,8.0,nan,33.0,27.0,19.0,56.0
13,萬華,2018-07-27,61,11.0,7.0,nan,35.0,32.0,24.0,61.0
14,古亭,2018-07-27,35,13.0,7.0,nan,34.0,27.0,35.0,nan
15,松山,2018-07-27,57,16.0,6.0,nan,35.0,23.0,26.0,57.0
16,大同,2018-07-27,58,14.0,18.0,nan,48.0,42.0,nan,58.0
17,桃園,2018-07-27,72,19.0,7.0,nan,38.0,26.0,27.0,72.0
18,大園,2018-07-27,55,11.0,3.0,nan,35.0,20.0,21.0,55.0
19,觀音,2018-07-27,67,9.0,2.0,nan,42.0,27.0,23.0,67.0
20,平鎮,2018-07-27,53,10.0,6.0,nan,38.0,34.0,24.0,53.0
21,龍潭,2018-07-27,59,11.0,5.0,nan,32.0,27.0,33.0,59.0
22,湖口,2018-07-27,57,9.0,3.0,nan,34.0,41.0,27.0,57.0
23,竹東,2018-07-27,47,7.0,3.0,nan,37.0,22.0,24.0,47.0
24,新竹,2018-07-27,52,7.0,6.0,nan,25.0,30.0,24.0,52.0
25,頭份,2018-07-27,31,11.0,3.0,nan,31.0,19.0,nan,31.0
26,苗栗,2018-07-27,66,6.0,3.0,nan,45.0,17.0,25.0,66.0
27,三義,2018-07-27,42,7.0,2.0,nan,26.0,9.0,25.0,42.0
28,豐原,2018-07-27,55,10.0,3.0,nan,32.0,13.0,26.0,55.0
29,沙鹿,2018-07-27,42,7.0,3.0,nan,26.0,16.0,21.0,42.0
30,大里,2018-07-27,37,14.0,5.0,nan,37.0,19.0,21.0,37.0
31,忠明,2018-07-27,51,10.0,3.0,nan,26.0,15.0,23.0,51.0
32,西屯,2018-07-27,57,10.0,3.0,nan,30.0,22.0,22.0,57.0
34,線西,2018-07-27,35,19.0,2.0,nan,22.0,12.0,nan,35.0
35,二林,2018-07-27,59,7.0,3.0,nan,31.0,13.0,23.0,59.0
36,南投,2018-07-27,44,10.0,3.0,nan,nan,14.0,29.0,44.0
37,斗六,2018-07-27,39,7.0,2.0,nan,31.0,11.0,31.0,39.0
38,崙背,2018-07-27,56,3.0,3.0,nan,30.0,16.0,23.0,56.0
39,新港,2018-07-27,54,7.0,2.0,nan,30.0,16.0,28.0,54.0
40,朴子,2018-07-27,45,7.0,2.0,nan,45.0,16.0,26.0,45.0
41,臺西,2018-07-27,52,6.0,3.0,nan,29.0,15.0,nan,52.0
42,嘉義,2018-07-27,36,13.0,3.0,nan,29.0,10.0,31.0,36.0
43,新營,2018-07-27,48,4.0,2.0,nan,33.0,8.0,28.0,48.0
44,善化,2018-07-27,39,13.0,2.0,nan,37.0,8.0,29.0,39.0
45,安南,2018-07-27,46,7.0,3.0,nan,37.0,18.0,26.0,46.0
46,臺南,2018-07-27,53,7.0,5.0,nan,29.0,20.0,30.0,53.0
47,美濃,2018-07-27,35,3.0,2.0,nan,23.0,7.0,35.0,12.0
48,橋頭,2018-07-27,31,7.0,3.0,nan,30.0,28.0,31.0,18.0
49,仁武,2018-07-27,44,11.0,5.0,nan,36.0,27.0,29.0,44.0
50,鳳山,2018-07-27,46,20.0,6.0,nan,24.0,24.0,nan,46.0
51,大寮,2018-07-27,59,17.0,6.0,nan,34.0,23.0,21.0,59.0
52,林園,2018-07-27,45,6.0,3.0,nan,26.0,14.0,25.0,45.0
53,楠梓,2018-07-27,62,7.0,5.0,nan,37.0,32.0,34.0,62.0
54,左營,2018-07-27,43,11.0,6.0,nan,34.0,37.0,28.0,43.0
56,前金,2018-07-27,39,19.0,8.0,nan,27.0,37.0,29.0,39.0
57,前鎮,2018-07-27,41,40.0,11.0,nan,nan,38.0,nan,41.0
58,小港,2018-07-27,40,36.0,6.0,nan,31.0,26.0,22.0,40.0
59,屏東,2018-07-27,55,7.0,6.0,nan,29.0,22.0,37.0,55.0
60,潮州,2018-07-27,59,6.0,3.0,nan,32.0,10.0,35.0,59.0
61,恆春,2018-07-27,20,6.0,1.0,nan,nan,1.0,20.0,8.0
62,臺東,2018-07-27,19,3.0,3.0,nan,16.0,9.0,13.0,19.0
63,花蓮,2018-07-27,19,4.0,2.0,nan,nan,8.0,19.0,14.0
64,陽明,2018-07-27,53,11.0,2.0,nan,20.0,8.0,38.0,53.0
65,宜蘭,2018-07-27,48,19.0,3.0,nan,30.0,8.0,45.0,48.0
67,三重,2018-07-27,58,19.0,20.0,nan,47.0,45.0,nan,58.0
68,中壢,2018-07-27,58,10.0,19.0,nan,42.0,44.0,nan,58.0
69,竹山,2018-07-27,44,6.0,2.0,nan,31.0,10.0,35.0,44.0
70,永和,2018-07-27,63,14.0,15.0,nan,31.0,35.0,nan,63.0
71,復興,2018-07-27,45,39.0,10.0,nan,25.0,38.0,nan,45.0
72,埔里,2018-07-27,60,6.0,3.0,nan,26.0,14.0,50.0,60.0
75,馬祖,2018-07-27,62,7.0,2.0,nan,39.0,8.0,48.0,62.0
77,金門,2018-07-27,44,13.0,2.0,nan,29.0,7.0,36.0,44.0
78,馬公,2018-07-27,25,3.0,2.0,nan,11.0,6.0,25.0,23.0
80,關山,2018-07-27,25,4.0,nan,nan,18.0,4.0,14.0,25.0
83,麥寮,2018-07-27,59,11.0,5.0,nan,50.0,16.0,nan,59.0
84,富貴角,2018-07-27,47,10.0,2.0,nan,15.0,16.0,24.0,47.0
2,汐止,2018-07-28,58,11.0,5.0,nan,27.0,17.0,58.0,48.0
84,富貴角,2018-07-28,53,6.0,2.0,nan,17.0,16.0,43.0,53.0
83,麥寮,2018-07-28,52,9.0,3.0,nan,40.0,12.0,nan,52.0
80,關山,2018-07-28,30,4.0,nan,nan,19.0,5.0,19.0,30.0
78,馬公,2018-07-28,24,3.0,1.0,nan,6.0,5.0,24.0,15.0
77,金門,2018-07-28,63,16.0,3.0,nan,44.0,9.0,49.0,63.0
75,馬祖,2018-07-28,74,6.0,1.0,nan,40.0,9.0,74.0,67.0
72,埔里,2018-07-28,61,9.0,3.0,nan,27.0,17.0,61.0,57.0
71,復興,2018-07-28,44,11.0,7.0,nan,27.0,27.0,nan,44.0
70,永和,2018-07-28,68,7.0,10.0,nan,31.0,40.0,nan,68.0
69,竹山,2018-07-28,48,7.0,2.0,nan,29.0,6.0,48.0,40.0
68,中壢,2018-07-28,58,9.0,9.0,nan,39.0,23.0,nan,58.0
67,三重,2018-07-28,72,16.0,15.0,nan,47.0,36.0,nan,72.0
65,宜蘭,2018-07-28,57,19.0,3.0,nan,31.0,8.0,50.0,57.0
64,陽明,2018-07-28,54,3.0,1.0,nan,19.0,8.0,38.0,54.0
63,花蓮,2018-07-28,31,9.0,2.0,nan,nan,8.0,31.0,24.0
62,臺東,2018-07-28,22,3.0,3.0,nan,19.0,10.0,16.0,22.0
61,恆春,2018-07-28,34,7.0,1.0,nan,14.0,4.0,34.0,23.0
60,潮州,2018-07-28,56,7.0,2.0,nan,32.0,8.0,44.0,56.0
59,屏東,2018-07-28,39,4.0,6.0,nan,25.0,16.0,39.0,30.0
58,小港,2018-07-28,37,16.0,5.0,nan,27.0,21.0,35.0,37.0
57,前鎮,2018-07-28,40,10.0,8.0,nan,28.0,27.0,nan,40.0
56,前金,2018-07-28,41,6.0,6.0,nan,26.0,29.0,34.0,41.0
54,左營,2018-07-28,39,4.0,5.0,nan,32.0,22.0,36.0,39.0
53,楠梓,2018-07-28,45,6.0,3.0,nan,36.0,18.0,36.0,45.0
52,林園,2018-07-28,46,11.0,3.0,nan,28.0,16.0,40.0,46.0
51,大寮,2018-07-28,57,17.0,5.0,nan,31.0,20.0,36.0,57.0
50,鳳山,2018-07-28,41,6.0,5.0,nan,19.0,17.0,nan,41.0
49,仁武,2018-07-28,44,16.0,3.0,nan,36.0,23.0,39.0,44.0
48,橋頭,2018-07-28,32,6.0,3.0,nan,25.0,11.0,32.0,12.0
47,美濃,2018-07-28,39,3.0,2.0,nan,22.0,5.0,39.0,10.0
46,臺南,2018-07-28,37,7.0,3.0,nan,24.0,15.0,31.0,37.0
45,安南,2018-07-28,41,4.0,3.0,nan,27.0,13.0,32.0,41.0
44,善化,2018-07-28,36,9.0,2.0,nan,29.0,7.0,33.0,36.0
43,新營,2018-07-28,41,7.0,2.0,nan,27.0,8.0,31.0,41.0
42,嘉義,2018-07-28,39,10.0,3.0,nan,25.0,8.0,39.0,30.0
41,臺西,2018-07-28,43,16.0,2.0,nan,25.0,19.0,nan,43.0
40,朴子,2018-07-28,39,6.0,2.0,nan,35.0,24.0,31.0,39.0
39,新港,2018-07-28,49,17.0,2.0,nan,26.0,15.0,37.0,49.0
38,崙背,2018-07-28,41,3.0,2.0,nan,23.0,9.0,31.0,41.0
37,斗六,2018-07-28,44,6.0,2.0,nan,32.0,8.0,44.0,44.0
36,南投,2018-07-28,47,11.0,3.0,nan,26.0,11.0,41.0,47.0
66,冬山,2018-07-28,53,7.0,3.0,nan,34.0,21.0,35.0,53.0
35,二林,2018-07-28,52,3.0,2.0,nan,22.0,8.0,32.0,52.0
9,林口,2018-07-28,44,7.0,2.0,nan,29.0,27.0,44.0,nan
34,線西,2018-07-28,29,7.0,2.0,nan,14.0,9.0,nan,29.0
13,萬華,2018-07-28,67,6.0,5.0,nan,36.0,22.0,44.0,67.0
32,西屯,2018-07-28,45,9.0,2.0,nan,26.0,19.0,39.0,45.0
31,忠明,2018-07-28,39,7.0,3.0,nan,19.0,14.0,39.0,39.0
1,基隆,2018-07-28,57,9.0,3.0,nan,25.0,14.0,44.0,57.0
30,大里,2018-07-28,38,9.0,3.0,nan,32.0,13.0,37.0,38.0
8,菜寮,2018-07-28,67,16.0,5.0,nan,32.0,23.0,39.0,67.0
29,沙鹿,2018-07-28,35,13.0,2.0,nan,19.0,14.0,34.0,35.0
7,新莊,2018-07-28,66,20.0,6.0,nan,32.0,24.0,46.0,66.0
28,豐原,2018-07-28,50,7.0,2.0,nan,28.0,12.0,41.0,50.0
27,三義,2018-07-28,39,10.0,2.0,nan,22.0,9.0,39.0,37.0
15,松山,2018-07-28,65,7.0,5.0,nan,31.0,20.0,64.0,65.0
26,苗栗,2018-07-28,65,7.0,3.0,nan,42.0,12.0,31.0,65.0
6,板橋,2018-07-28,58,14.0,5.0,nan,43.0,22.0,49.0,58.0
25,頭份,2018-07-28,35,9.0,3.0,nan,31.0,20.0,nan,35.0
5,土城,2018-07-28,80,7.0,5.0,nan,32.0,21.0,80.0,61.0
24,新竹,2018-07-28,56,9.0,3.0,nan,25.0,12.0,32.0,56.0
12,中山,2018-07-28,62,7.0,6.0,nan,39.0,25.0,35.0,62.0
23,竹東,2018-07-28,54,4.0,2.0,nan,37.0,21.0,30.0,54.0
22,湖口,2018-07-28,59,9.0,2.0,nan,33.0,17.0,40.0,59.0
11,士林,2018-07-28,75,7.0,6.0,nan,35.0,19.0,40.0,75.0
14,古亭,2018-07-28,74,7.0,5.0,nan,31.0,19.0,74.0,nan
21,龍潭,2018-07-28,71,6.0,3.0,nan,37.0,10.0,49.0,71.0
20,平鎮,2018-07-28,53,9.0,3.0,nan,34.0,20.0,39.0,53.0
4,新店,2018-07-28,90,4.0,3.0,nan,30.0,13.0,90.0,nan
33,彰化,2018-07-28,43,24.0,5.0,nan,37.0,21.0,28.0,43.0
19,觀音,2018-07-28,70,9.0,2.0,nan,36.0,15.0,38.0,70.0
3,萬里,2018-07-28,47,9.0,3.0,nan,34.0,11.0,47.0,nan
18,大園,2018-07-28,56,11.0,3.0,nan,32.0,14.0,38.0,56.0
10,淡水,2018-07-28,64,9.0,5.0,nan,36.0,21.0,31.0,64.0
17,桃園,2018-07-28,68,10.0,2.0,nan,32.0,19.0,39.0,68.0
16,大同,2018-07-28,63,7.0,15.0,nan,52.0,36.0,nan,63.0
84,富貴角,2018-07-29,44,3.0,1.0,nan,11.0,6.0,44.0,38.0
15,松山,2018-07-29,64,7.0,3.0,nan,30.0,19.0,51.0,64.0
16,大同,2018-07-29,57,7.0,11.0,nan,41.0,27.0,nan,57.0
17,桃園,2018-07-29,64,9.0,2.0,nan,29.0,10.0,40.0,64.0
18,大園,2018-07-29,57,10.0,2.0,nan,29.0,10.0,39.0,57.0
19,觀音,2018-07-29,56,9.0,1.0,nan,31.0,8.0,36.0,56.0
20,平鎮,2018-07-29,52,6.0,2.0,nan,29.0,12.0,40.0,52.0
21,龍潭,2018-07-29,53,7.0,3.0,nan,31.0,10.0,47.0,53.0
22,湖口,2018-07-29,54,6.0,2.0,nan,24.0,16.0,37.0,54.0
23,竹東,2018-07-29,50,6.0,2.0,nan,31.0,14.0,36.0,50.0
24,新竹,2018-07-29,48,9.0,3.0,nan,18.0,11.0,27.0,48.0
25,頭份,2018-07-29,32,11.0,2.0,nan,23.0,15.0,nan,32.0
26,苗栗,2018-07-29,58,11.0,2.0,nan,36.0,9.0,37.0,58.0
27,三義,2018-07-29,45,6.0,2.0,nan,22.0,11.0,44.0,45.0
28,豐原,2018-07-29,50,10.0,3.0,nan,23.0,18.0,45.0,50.0
29,沙鹿,2018-07-29,36,27.0,3.0,nan,18.0,22.0,31.0,36.0
30,大里,2018-07-29,43,4.0,2.0,nan,28.0,10.0,43.0,40.0
31,忠明,2018-07-29,41,16.0,2.0,nan,17.0,16.0,41.0,34.0
32,西屯,2018-07-29,43,20.0,2.0,nan,23.0,15.0,41.0,43.0
34,線西,2018-07-29,29,6.0,1.0,nan,14.0,6.0,nan,29.0
35,二林,2018-07-29,54,7.0,2.0,nan,22.0,5.0,36.0,54.0
36,南投,2018-07-29,54,11.0,2.0,nan,23.0,8.0,36.0,54.0
37,斗六,2018-07-29,50,7.0,2.0,nan,29.0,8.0,50.0,45.0
38,崙背,2018-07-29,52,9.0,2.0,nan,22.0,9.0,44.0,52.0
39,新港,2018-07-29,47,9.0,2.0,nan,22.0,11.0,36.0,47.0
40,朴子,2018-07-29,38,6.0,2.0,nan,35.0,11.0,29.0,38.0
41,臺西,2018-07-29,93,11.0,2.0,nan,42.0,8.0,nan,93.0
42,嘉義,2018-07-29,38,7.0,2.0,nan,26.0,8.0,38.0,24.0
43,新營,2018-07-29,46,6.0,2.0,nan,24.0,7.0,31.0,46.0
44,善化,2018-07-29,31,9.0,2.0,nan,20.0,8.0,31.0,24.0
45,安南,2018-07-29,30,3.0,2.0,nan,22.0,9.0,30.0,28.0
46,臺南,2018-07-29,29,4.0,2.0,nan,19.0,8.0,29.0,24.0
47,美濃,2018-07-29,35,3.0,1.0,nan,19.0,6.0,35.0,13.0
48,橋頭,2018-07-29,29,6.0,2.0,nan,19.0,9.0,29.0,7.0
49,仁武,2018-07-29,34,7.0,2.0,nan,25.0,15.0,34.0,23.0
50,鳳山,2018-07-29,23,13.0,3.0,nan,10.0,21.0,nan,23.0
51,大寮,2018-07-29,44,16.0,2.0,nan,20.0,11.0,37.0,44.0
52,林園,2018-07-29,34,17.0,2.0,nan,15.0,17.0,34.0,30.0
53,楠梓,2018-07-29,33,6.0,2.0,nan,28.0,8.0,33.0,30.0
54,左營,2018-07-29,37,7.0,2.0,nan,27.0,13.0,30.0,37.0
56,前金,2018-07-29,31,4.0,2.0,nan,21.0,9.0,31.0,27.0
57,前鎮,2018-07-29,19,10.0,3.0,nan,19.0,15.0,nan,19.0
58,小港,2018-07-29,32,14.0,3.0,nan,17.0,20.0,32.0,21.0
59,屏東,2018-07-29,39,6.0,3.0,nan,19.0,14.0,39.0,38.0
60,潮州,2018-07-29,47,19.0,3.0,nan,29.0,15.0,35.0,47.0
61,恆春,2018-07-29,38,7.0,1.0,nan,14.0,4.0,38.0,27.0
62,臺東,2018-07-29,28,3.0,2.0,nan,20.0,7.0,24.0,28.0
63,花蓮,2018-07-29,28,9.0,1.0,nan,nan,8.0,28.0,20.0
64,陽明,2018-07-29,63,3.0,1.0,nan,17.0,6.0,40.0,63.0
65,宜蘭,2018-07-29,61,13.0,3.0,nan,32.0,8.0,50.0,61.0
67,三重,2018-07-29,45,9.0,11.0,nan,40.0,30.0,nan,45.0
68,中壢,2018-07-29,44,7.0,11.0,nan,31.0,26.0,nan,44.0
69,竹山,2018-07-29,46,6.0,1.0,nan,28.0,7.0,46.0,36.0
70,永和,2018-07-29,60,7.0,10.0,nan,23.0,30.0,nan,60.0
71,復興,2018-07-29,23,7.0,6.0,nan,18.0,17.0,nan,23.0
72,埔里,2018-07-29,58,7.0,2.0,nan,24.0,11.0,45.0,58.0
75,馬祖,2018-07-29,74,7.0,3.0,nan,44.0,17.0,71.0,74.0
77,金門,2018-07-29,101,10.0,2.0,nan,nan,14.0,101.0,nan
78,馬公,2018-07-29,25,9.0,1.0,nan,8.0,6.0,25.0,8.0
80,關山,2018-07-29,34,4.0,nan,nan,19.0,4.0,21.0,34.0
83,麥寮,2018-07-29,44,6.0,2.0,nan,39.0,11.0,nan,44.0
14,古亭,2018-07-29,48,7.0,3.0,nan,31.0,20.0,48.0,nan
33,彰化,2018-07-29,36,13.0,2.0,nan,27.0,6.0,36.0,36.0
66,冬山,2018-07-29,57,7.0,3.0,nan,34.0,11.0,46.0,57.0
1,基隆,2018-07-29,55,6.0,2.0,nan,23.0,19.0,46.0,55.0
2,汐止,2018-07-29,84,7.0,3.0,nan,24.0,17.0,84.0,44.0
3,萬里,2018-07-29,60,7.0,2.0,nan,29.0,8.0,48.0,60.0
4,新店,2018-07-29,61,4.0,3.0,nan,26.0,17.0,54.0,61.0
5,土城,2018-07-29,55,6.0,5.0,nan,26.0,27.0,54.0,55.0
6,板橋,2018-07-29,50,13.0,5.0,nan,35.0,24.0,46.0,50.0
7,新莊,2018-07-29,53,13.0,3.0,nan,22.0,20.0,46.0,53.0
8,菜寮,2018-07-29,51,9.0,3.0,nan,22.0,17.0,41.0,51.0
9,林口,2018-07-29,43,6.0,2.0,nan,30.0,11.0,43.0,nan
10,淡水,2018-07-29,47,4.0,1.0,nan,27.0,9.0,33.0,47.0
11,士林,2018-07-29,52,6.0,2.0,nan,27.0,10.0,44.0,52.0
12,中山,2018-07-29,62,9.0,5.0,nan,31.0,18.0,37.0,62.0
13,萬華,2018-07-29,66,9.0,6.0,nan,31.0,25.0,40.0,66.0
1,基隆,2018-07-30,101,9.0,5.0,nan,26.0,22.0,101.0,61.0
66,冬山,2018-07-30,56,7.0,6.0,nan,32.0,19.0,47.0,56.0
84,富貴角,2018-07-30,45,4.0,1.0,nan,18.0,8.0,40.0,45.0
83,麥寮,2018-07-30,37,6.0,2.0,nan,36.0,9.0,nan,37.0
80,關山,2018-07-30,38,4.0,nan,nan,21.0,5.0,28.0,38.0
78,馬公,2018-07-30,24,3.0,1.0,nan,11.0,5.0,24.0,16.0
77,金門,2018-07-30,129,14.0,3.0,nan,52.0,14.0,129.0,80.0
75,馬祖,2018-07-30,79,9.0,3.0,nan,50.0,11.0,74.0,79.0
72,埔里,2018-07-30,54,4.0,2.0,nan,22.0,10.0,43.0,54.0
71,復興,2018-07-30,21,6.0,6.0,nan,16.0,12.0,nan,21.0
70,永和,2018-07-30,67,9.0,11.0,nan,31.0,39.0,nan,67.0
69,竹山,2018-07-30,44,6.0,1.0,nan,28.0,7.0,44.0,42.0
68,中壢,2018-07-30,42,7.0,16.0,nan,40.0,30.0,nan,42.0
67,三重,2018-07-30,63,11.0,17.0,nan,48.0,44.0,nan,63.0
65,宜蘭,2018-07-30,60,21.0,2.0,nan,32.0,9.0,51.0,60.0
64,陽明,2018-07-30,60,7.0,2.0,nan,21.0,7.0,46.0,60.0
63,花蓮,2018-07-30,29,9.0,2.0,nan,nan,5.0,29.0,26.0
62,臺東,2018-07-30,35,3.0,3.0,nan,23.0,7.0,22.0,35.0
61,恆春,2018-07-30,190,190.0,1.0,nan,12.0,4.0,23.0,26.0
60,潮州,2018-07-30,46,10.0,2.0,nan,32.0,11.0,38.0,46.0
59,屏東,2018-07-30,37,4.0,2.0,nan,23.0,9.0,34.0,37.0
58,小港,2018-07-30,23,14.0,2.0,nan,23.0,15.0,20.0,23.0
57,前鎮,2018-07-30,19,7.0,2.0,nan,19.0,11.0,nan,16.0
56,前金,2018-07-30,22,6.0,2.0,nan,19.0,8.0,22.0,18.0
54,左營,2018-07-30,40,4.0,2.0,nan,22.0,11.0,20.0,40.0
53,楠梓,2018-07-30,31,4.0,2.0,nan,27.0,12.0,23.0,31.0
52,林園,2018-07-30,41,9.0,2.0,nan,19.0,8.0,24.0,41.0
51,大寮,2018-07-30,50,16.0,3.0,nan,25.0,13.0,25.0,50.0
50,鳳山,2018-07-30,30,6.0,3.0,nan,13.0,10.0,nan,30.0
49,仁武,2018-07-30,24,7.0,2.0,nan,22.0,12.0,24.0,19.0
48,橋頭,2018-07-30,21,7.0,2.0,nan,21.0,13.0,20.0,9.0
47,美濃,2018-07-30,32,3.0,2.0,nan,19.0,5.0,32.0,11.0
46,臺南,2018-07-30,23,4.0,2.0,nan,18.0,10.0,19.0,23.0
45,安南,2018-07-30,21,4.0,2.0,nan,19.0,9.0,21.0,21.0
44,善化,2018-07-30,24,9.0,2.0,nan,21.0,10.0,21.0,24.0
43,新營,2018-07-30,41,3.0,2.0,nan,23.0,7.0,22.0,41.0
42,嘉義,2018-07-30,31,6.0,1.0,nan,23.0,8.0,31.0,22.0
41,臺西,2018-07-30,33,4.0,1.0,nan,19.0,2.0,nan,33.0
40,朴子,2018-07-30,39,3.0,2.0,nan,39.0,7.0,22.0,24.0
39,新港,2018-07-30,42,24.0,2.0,nan,26.0,11.0,28.0,42.0
38,崙背,2018-07-30,54,1.0,1.0,nan,23.0,7.0,29.0,54.0
37,斗六,2018-07-30,37,6.0,3.0,nan,28.0,8.0,36.0,37.0
36,南投,2018-07-30,51,3.0,2.0,nan,26.0,8.0,33.0,51.0
35,二林,2018-07-30,56,6.0,3.0,nan,28.0,8.0,30.0,56.0
34,線西,2018-07-30,36,9.0,1.0,nan,19.0,15.0,nan,36.0
33,彰化,2018-07-30,55,50.0,2.0,nan,40.0,8.0,35.0,55.0
32,西屯,2018-07-30,46,6.0,2.0,nan,24.0,10.0,46.0,45.0
31,忠明,2018-07-30,44,6.0,2.0,nan,20.0,14.0,44.0,44.0
30,大里,2018-07-30,47,6.0,3.0,nan,33.0,12.0,42.0,47.0
29,沙鹿,2018-07-30,45,6.0,2.0,nan,24.0,10.0,39.0,45.0
28,豐原,2018-07-30,49,6.0,3.0,nan,28.0,15.0,49.0,49.0
27,三義,2018-07-30,47,14.0,2.0,nan,25.0,17.0,46.0,47.0
26,苗栗,2018-07-30,60,7.0,2.0,nan,44.0,9.0,43.0,60.0
25,頭份,2018-07-30,36,11.0,3.0,nan,28.0,14.0,nan,36.0
24,新竹,2018-07-30,53,10.0,3.0,nan,22.0,11.0,31.0,53.0
23,竹東,2018-07-30,50,6.0,2.0,nan,37.0,12.0,43.0,50.0
22,湖口,2018-07-30,61,7.0,2.0,nan,39.0,18.0,41.0,61.0
21,龍潭,2018-07-30,74,9.0,3.0,nan,36.0,11.0,74.0,66.0
20,平鎮,2018-07-30,60,6.0,2.0,nan,35.0,15.0,47.0,60.0
19,觀音,2018-07-30,59,6.0,1.0,nan,33.0,8.0,36.0,59.0
18,大園,2018-07-30,53,9.0,2.0,nan,31.0,11.0,44.0,53.0
17,桃園,2018-07-30,63,10.0,3.0,nan,33.0,16.0,48.0,63.0
16,大同,2018-07-30,60,10.0,19.0,nan,46.0,32.0,nan,60.0
15,松山,2018-07-30,67,10.0,5.0,nan,34.0,26.0,50.0,67.0
14,古亭,2018-07-30,84,9.0,6.0,nan,35.0,26.0,84.0,nan
13,萬華,2018-07-30,78,13.0,7.0,nan,36.0,30.0,51.0,78.0
12,中山,2018-07-30,67,9.0,7.0,nan,38.0,29.0,35.0,67.0
11,士林,2018-07-30,61,7.0,3.0,nan,32.0,14.0,43.0,61.0
10,淡水,2018-07-30,55,6.0,2.0,nan,32.0,11.0,32.0,55.0
9,林口,2018-07-30,58,9.0,2.0,nan,37.0,16.0,58.0,nan
8,菜寮,2018-07-30,61,9.0,5.0,nan,29.0,20.0,47.0,61.0
7,新莊,2018-07-30,77,14.0,6.0,nan,28.0,19.0,77.0,58.0
6,板橋,2018-07-30,80,13.0,5.0,nan,42.0,19.0,80.0,57.0
5,土城,2018-07-30,104,7.0,5.0,nan,32.0,20.0,104.0,58.0
4,新店,2018-07-30,122,7.0,3.0,nan,28.0,17.0,122.0,63.0
3,萬里,2018-07-30,93,11.0,2.0,nan,31.0,8.0,93.0,64.0
2,汐止,2018-07-30,90,16.0,5.0,nan,30.0,22.0,90.0,52.0
1,基隆,2018-07-31,108,7.0,5.0,nan,26.0,25.0,108.0,58.0
66,冬山,2018-07-31,56,9.0,6.0,nan,35.0,19.0,49.0,56.0
84,富貴角,2018-07-31,44,9.0,2.0,nan,19.0,11.0,38.0,44.0
83,麥寮,2018-07-31,52,4.0,2.0,nan,48.0,9.0,nan,52.0
80,關山,2018-07-31,41,4.0,nan,nan,25.0,5.0,32.0,41.0
78,馬公,2018-07-31,30,4.0,2.0,nan,21.0,6.0,30.0,21.0
77,金門,2018-07-31,122,19.0,3.0,nan,49.0,47.0,122.0,79.0
75,馬祖,2018-07-31,61,7.0,3.0,nan,43.0,29.0,51.0,61.0
72,埔里,2018-07-31,57,4.0,2.0,nan,25.0,12.0,42.0,57.0
71,復興,2018-07-31,22,6.0,5.0,nan,20.0,12.0,nan,22.0
70,永和,2018-07-31,64,11.0,11.0,nan,33.0,41.0,nan,64.0
69,竹山,2018-07-31,42,4.0,2.0,nan,28.0,6.0,42.0,34.0
68,中壢,2018-07-31,54,6.0,16.0,nan,41.0,38.0,nan,54.0
67,三重,2018-07-31,61,11.0,16.0,nan,45.0,48.0,nan,61.0
65,宜蘭,2018-07-31,57,24.0,3.0,nan,32.0,8.0,50.0,57.0
64,陽明,2018-07-31,50,9.0,1.0,nan,17.0,8.0,47.0,50.0
63,花蓮,2018-07-31,31,4.0,2.0,nan,25.0,10.0,31.0,20.0
62,臺東,2018-07-31,40,3.0,3.0,nan,25.0,9.0,29.0,40.0
61,恆春,2018-07-31,29,4.0,1.0,nan,15.0,4.0,29.0,28.0
60,潮州,2018-07-31,52,3.0,2.0,nan,34.0,8.0,43.0,52.0
59,屏東,2018-07-31,45,6.0,2.0,nan,26.0,8.0,38.0,45.0
58,小港,2018-07-31,28,9.0,2.0,nan,24.0,13.0,24.0,28.0
57,前鎮,2018-07-31,22,7.0,2.0,nan,22.0,12.0,nan,16.0
56,前金,2018-07-31,27,3.0,2.0,nan,22.0,5.0,27.0,16.0
54,左營,2018-07-31,41,4.0,2.0,nan,26.0,8.0,27.0,41.0
53,楠梓,2018-07-31,43,4.0,2.0,nan,31.0,14.0,28.0,43.0
52,林園,2018-07-31,48,6.0,2.0,nan,25.0,8.0,29.0,48.0
51,大寮,2018-07-31,52,10.0,3.0,nan,31.0,13.0,27.0,52.0
50,鳳山,2018-07-31,24,4.0,3.0,nan,16.0,9.0,nan,24.0
49,仁武,2018-07-31,32,6.0,2.0,nan,24.0,16.0,28.0,32.0
48,橋頭,2018-07-31,26,6.0,2.0,nan,24.0,13.0,26.0,9.0
47,美濃,2018-07-31,38,4.0,2.0,nan,21.0,5.0,38.0,19.0
46,臺南,2018-07-31,33,7.0,2.0,nan,24.0,12.0,30.0,33.0
45,安南,2018-07-31,31,6.0,2.0,nan,29.0,15.0,31.0,30.0
44,善化,2018-07-31,33,9.0,2.0,nan,31.0,8.0,28.0,33.0
43,新營,2018-07-31,56,4.0,3.0,nan,28.0,8.0,29.0,56.0
42,嘉義,2018-07-31,33,11.0,1.0,nan,28.0,8.0,33.0,30.0
41,臺西,2018-07-31,38,6.0,1.0,nan,20.0,8.0,nan,38.0
40,朴子,2018-07-31,43,3.0,2.0,nan,43.0,10.0,32.0,34.0
39,新港,2018-07-31,48,14.0,2.0,nan,27.0,17.0,31.0,48.0
38,崙背,2018-07-31,56,3.0,2.0,nan,29.0,11.0,34.0,56.0
37,斗六,2018-07-31,37,7.0,3.0,nan,26.0,8.0,37.0,37.0
36,南投,2018-07-31,50,4.0,3.0,nan,29.0,10.0,32.0,50.0
35,二林,2018-07-31,65,6.0,2.0,nan,35.0,11.0,27.0,65.0
34,線西,2018-07-31,35,9.0,2.0,nan,23.0,9.0,nan,35.0
33,彰化,2018-07-31,51,17.0,2.0,nan,32.0,7.0,36.0,51.0
32,西屯,2018-07-31,49,7.0,2.0,nan,30.0,13.0,45.0,49.0
31,忠明,2018-07-31,57,6.0,3.0,nan,23.0,20.0,44.0,57.0
30,大里,2018-07-31,44,9.0,3.0,nan,34.0,16.0,42.0,44.0
29,沙鹿,2018-07-31,45,7.0,3.0,nan,27.0,10.0,38.0,45.0
28,豐原,2018-07-31,50,10.0,19.0,nan,31.0,17.0,48.0,50.0
27,三義,2018-07-31,46,11.0,3.0,nan,29.0,14.0,46.0,46.0
26,苗栗,2018-07-31,64,9.0,3.0,nan,44.0,11.0,40.0,64.0
25,頭份,2018-07-31,43,7.0,2.0,nan,31.0,17.0,nan,43.0
24,新竹,2018-07-31,55,6.0,3.0,nan,25.0,15.0,30.0,55.0
23,竹東,2018-07-31,57,6.0,3.0,nan,33.0,13.0,38.0,57.0
22,湖口,2018-07-31,47,9.0,2.0,nan,34.0,17.0,41.0,47.0
21,龍潭,2018-07-31,62,7.0,3.0,nan,31.0,13.0,58.0,62.0
20,平鎮,2018-07-31,58,6.0,3.0,nan,37.0,15.0,46.0,58.0
19,觀音,2018-07-31,60,9.0,2.0,nan,33.0,10.0,36.0,60.0
18,大園,2018-07-31,53,11.0,3.0,nan,32.0,13.0,45.0,53.0
17,桃園,2018-07-31,62,7.0,3.0,nan,34.0,14.0,45.0,62.0
16,大同,2018-07-31,55,10.0,18.0,nan,50.0,36.0,nan,55.0
15,松山,2018-07-31,65,10.0,5.0,nan,38.0,25.0,49.0,65.0
14,古亭,2018-07-31,97,10.0,6.0,nan,34.0,26.0,97.0,71.0
13,萬華,2018-07-31,71,13.0,7.0,nan,38.0,29.0,71.0,66.0
12,中山,2018-07-31,65,7.0,8.0,nan,41.0,32.0,39.0,65.0
11,士林,2018-07-31,56,9.0,3.0,nan,31.0,16.0,41.0,56.0
10,淡水,2018-07-31,53,11.0,2.0,nan,33.0,13.0,31.0,53.0
9,林口,2018-07-31,51,14.0,2.0,nan,41.0,23.0,51.0,nan
8,菜寮,2018-07-31,58,10.0,5.0,nan,31.0,23.0,50.0,58.0
7,新莊,2018-07-31,80,17.0,5.0,nan,31.0,25.0,80.0,56.0
6,板橋,2018-07-31,77,13.0,5.0,nan,43.0,20.0,77.0,56.0
5,土城,2018-07-31,100,10.0,5.0,nan,34.0,23.0,100.0,56.0
4,新店,2018-07-31,115,9.0,3.0,nan,31.0,22.0,115.0,64.0
3,萬里,2018-07-31,112,7.0,2.0,nan,31.0,14.0,112.0,61.0
2,汐止,2018-07-31,87,7.0,5.0,nan,30.0,27.0,87.0,47.0
