siteid,sitename,monitordate,aqi,so2subindex,cosubindex,o3subindex,pm10subindex,no2subindex,o38subindex,pm25subindex
38,崙背,2018-08-01,60,4.0,2.0,nan,33.0,8.0,31.0,60.0
1,基隆,2018-08-01,64,31.0,3.0,nan,31.0,25.0,64.0,63.0
2,汐止,2018-08-01,93,7.0,5.0,nan,35.0,21.0,93.0,54.0
3,萬里,2018-08-01,80,10.0,2.0,nan,32.0,9.0,80.0,58.0
4,新店,2018-08-01,87,7.0,5.0,nan,32.0,23.0,87.0,61.0
5,土城,2018-08-01,93,10.0,5.0,nan,38.0,19.0,93.0,66.0
6,板橋,2018-08-01,77,9.0,5.0,nan,47.0,22.0,77.0,54.0
7,新莊,2018-08-01,80,23.0,6.0,nan,36.0,19.0,80.0,64.0
8,菜寮,2018-08-01,63,10.0,5.0,nan,36.0,17.0,46.0,63.0
9,林口,2018-08-01,64,9.0,2.0,nan,50.0,20.0,64.0,nan
10,淡水,2018-08-01,58,7.0,2.0,nan,38.0,12.0,36.0,58.0
11,士林,2018-08-01,71,6.0,3.0,nan,37.0,14.0,46.0,71.0
12,中山,2018-08-01,67,9.0,9.0,nan,47.0,34.0,37.0,67.0
13,萬華,2018-08-01,76,10.0,6.0,nan,44.0,25.0,49.0,76.0
14,古亭,2018-08-01,71,7.0,5.0,nan,40.0,22.0,61.0,71.0
15,松山,2018-08-01,66,9.0,6.0,nan,36.0,27.0,48.0,66.0
16,大同,2018-08-01,66,9.0,16.0,nan,52.0,38.0,nan,66.0
17,桃園,2018-08-01,64,16.0,3.0,nan,43.0,17.0,50.0,64.0
18,大園,2018-08-01,57,9.0,3.0,nan,42.0,9.0,49.0,57.0
19,觀音,2018-08-01,69,7.0,2.0,nan,44.0,12.0,38.0,69.0
20,平鎮,2018-08-01,63,6.0,2.0,nan,43.0,14.0,50.0,63.0
21,龍潭,2018-08-01,69,7.0,3.0,nan,45.0,12.0,54.0,69.0
22,湖口,2018-08-01,53,9.0,2.0,nan,43.0,21.0,44.0,53.0
23,竹東,2018-08-01,57,10.0,3.0,nan,40.0,20.0,41.0,57.0
24,新竹,2018-08-01,60,6.0,3.0,nan,30.0,14.0,31.0,60.0
25,頭份,2018-08-01,43,9.0,2.0,nan,37.0,17.0,nan,43.0
26,苗栗,2018-08-01,67,6.0,3.0,nan,52.0,10.0,43.0,67.0
27,三義,2018-08-01,58,7.0,2.0,nan,31.0,12.0,58.0,56.0
28,豐原,2018-08-01,63,7.0,3.0,nan,36.0,15.0,48.0,63.0
29,沙鹿,2018-08-01,54,6.0,2.0,nan,34.0,8.0,37.0,54.0
30,大里,2018-08-01,45,6.0,3.0,nan,37.0,10.0,40.0,45.0
31,忠明,2018-08-01,52,4.0,3.0,nan,30.0,14.0,42.0,52.0
32,西屯,2018-08-01,61,6.0,2.0,nan,33.0,16.0,44.0,61.0
33,彰化,2018-08-01,53,9.0,2.0,nan,39.0,10.0,35.0,53.0
34,線西,2018-08-01,48,6.0,2.0,nan,27.0,8.0,nan,48.0
35,二林,2018-08-01,55,7.0,2.0,nan,37.0,8.0,29.0,55.0
36,南投,2018-08-01,52,4.0,2.0,nan,33.0,9.0,34.0,52.0
37,斗六,2018-08-01,48,4.0,3.0,nan,29.0,9.0,36.0,48.0
39,新港,2018-08-01,58,7.0,2.0,nan,32.0,13.0,30.0,58.0
40,朴子,2018-08-01,52,4.0,2.0,nan,52.0,8.0,30.0,38.0
41,臺西,2018-08-01,48,6.0,2.0,nan,19.0,7.0,nan,48.0
42,嘉義,2018-08-01,37,13.0,2.0,nan,31.0,8.0,30.0,37.0
43,新營,2018-08-01,58,6.0,2.0,nan,32.0,8.0,25.0,58.0
44,善化,2018-08-01,33,7.0,2.0,nan,29.0,10.0,25.0,33.0
45,安南,2018-08-01,36,4.0,3.0,nan,33.0,19.0,30.0,36.0
46,臺南,2018-08-01,39,4.0,2.0,nan,26.0,10.0,29.0,39.0
47,美濃,2018-08-01,31,1.0,2.0,nan,27.0,4.0,31.0,19.0
48,橋頭,2018-08-01,32,10.0,3.0,nan,32.0,15.0,26.0,17.0
49,仁武,2018-08-01,34,10.0,2.0,nan,31.0,15.0,28.0,34.0
67,三重,2018-08-01,70,13.0,17.0,nan,52.0,49.0,nan,70.0
50,鳳山,2018-08-01,34,4.0,3.0,nan,21.0,10.0,nan,34.0
51,大寮,2018-08-01,55,34.0,5.0,nan,33.0,16.0,25.0,55.0
52,林園,2018-08-01,53,9.0,2.0,nan,32.0,10.0,27.0,53.0
53,楠梓,2018-08-01,60,4.0,3.0,nan,41.0,18.0,27.0,60.0
54,左營,2018-08-01,43,9.0,3.0,nan,35.0,17.0,27.0,43.0
56,前金,2018-08-01,36,6.0,2.0,nan,31.0,9.0,26.0,36.0
57,前鎮,2018-08-01,28,4.0,3.0,nan,28.0,13.0,nan,27.0
58,小港,2018-08-01,29,9.0,3.0,nan,29.0,14.0,22.0,29.0
59,屏東,2018-08-01,45,4.0,3.0,nan,28.0,10.0,31.0,45.0
60,潮州,2018-08-01,54,4.0,2.0,nan,35.0,8.0,33.0,54.0
61,恆春,2018-08-01,36,6.0,1.0,nan,23.0,4.0,28.0,36.0
62,臺東,2018-08-01,45,3.0,3.0,nan,27.0,9.0,33.0,45.0
63,花蓮,2018-08-01,40,6.0,2.0,nan,27.0,7.0,40.0,25.0
64,陽明,2018-08-01,62,9.0,2.0,nan,24.0,13.0,46.0,62.0
65,宜蘭,2018-08-01,84,14.0,3.0,nan,31.0,8.0,84.0,54.0
66,冬山,2018-08-01,51,9.0,5.0,nan,36.0,25.0,49.0,51.0
68,中壢,2018-08-01,63,4.0,15.0,nan,45.0,36.0,nan,63.0
69,竹山,2018-08-01,42,4.0,2.0,nan,31.0,6.0,42.0,39.0
70,永和,2018-08-01,66,7.0,12.0,nan,37.0,33.0,nan,66.0
71,復興,2018-08-01,85,6.0,5.0,nan,30.0,14.0,nan,85.0
72,埔里,2018-08-01,55,4.0,2.0,nan,24.0,12.0,46.0,55.0
75,馬祖,2018-08-01,71,6.0,5.0,nan,46.0,26.0,71.0,63.0
77,金門,2018-08-01,95,17.0,3.0,nan,60.0,23.0,93.0,95.0
78,馬公,2018-08-01,33,3.0,2.0,nan,24.0,8.0,33.0,29.0
80,關山,2018-08-01,46,4.0,nan,nan,25.0,5.0,35.0,46.0
83,麥寮,2018-08-01,52,3.0,2.0,nan,50.0,9.0,nan,52.0
84,富貴角,2018-08-01,58,4.0,2.0,nan,25.0,7.0,41.0,58.0
1,基隆,2018-08-02,54,6.0,5.0,nan,25.0,22.0,54.0,49.0
83,麥寮,2018-08-02,44,3.0,3.0,nan,44.0,9.0,nan,38.0
80,關山,2018-08-02,51,3.0,nan,nan,26.0,4.0,30.0,51.0
78,馬公,2018-08-02,30,3.0,2.0,nan,17.0,11.0,30.0,16.0
77,金門,2018-08-02,74,11.0,5.0,nan,46.0,22.0,47.0,74.0
75,馬祖,2018-08-02,100,7.0,5.0,nan,52.0,33.0,100.0,77.0
72,埔里,2018-08-02,48,4.0,2.0,nan,20.0,10.0,36.0,48.0
71,復興,2018-08-02,28,20.0,8.0,nan,23.0,28.0,nan,23.0
70,永和,2018-08-02,56,9.0,9.0,nan,29.0,29.0,nan,56.0
69,竹山,2018-08-02,37,4.0,1.0,nan,27.0,8.0,37.0,31.0
68,中壢,2018-08-02,40,6.0,14.0,nan,40.0,38.0,nan,31.0
66,冬山,2018-08-02,55,13.0,7.0,nan,39.0,25.0,44.0,55.0
65,宜蘭,2018-08-02,53,17.0,3.0,nan,33.0,8.0,48.0,53.0
64,陽明,2018-08-02,44,4.0,1.0,nan,19.0,8.0,44.0,43.0
63,花蓮,2018-08-02,31,10.0,2.0,nan,25.0,5.0,31.0,30.0
62,臺東,2018-08-02,48,4.0,3.0,nan,29.0,11.0,30.0,48.0
61,恆春,2018-08-02,28,4.0,1.0,nan,18.0,3.0,28.0,25.0
60,潮州,2018-08-02,47,3.0,3.0,nan,34.0,11.0,27.0,47.0
59,屏東,2018-08-02,37,4.0,5.0,nan,24.0,18.0,29.0,37.0
58,小港,2018-08-02,32,14.0,5.0,nan,28.0,32.0,18.0,25.0
57,前鎮,2018-08-02,29,24.0,7.0,nan,27.0,29.0,nan,20.0
56,前金,2018-08-02,25,6.0,5.0,nan,25.0,20.0,25.0,15.0
54,左營,2018-08-02,31,9.0,6.0,nan,31.0,31.0,26.0,30.0
53,楠梓,2018-08-02,42,10.0,5.0,nan,34.0,42.0,28.0,42.0
52,林園,2018-08-02,37,10.0,3.0,nan,26.0,16.0,24.0,37.0
51,大寮,2018-08-02,53,16.0,5.0,nan,32.0,25.0,21.0,53.0
50,鳳山,2018-08-02,28,7.0,7.0,nan,19.0,28.0,nan,25.0
67,三重,2018-08-02,55,7.0,19.0,nan,44.0,55.0,nan,53.0
49,仁武,2018-08-02,27,11.0,3.0,nan,25.0,26.0,26.0,27.0
48,橋頭,2018-08-02,37,7.0,3.0,nan,25.0,37.0,29.0,6.0
47,美濃,2018-08-02,27,3.0,2.0,nan,22.0,7.0,27.0,7.0
46,臺南,2018-08-02,27,4.0,5.0,nan,22.0,16.0,26.0,27.0
45,安南,2018-08-02,31,6.0,3.0,nan,22.0,19.0,31.0,30.0
44,善化,2018-08-02,31,7.0,2.0,nan,27.0,20.0,31.0,28.0
43,新營,2018-08-02,40,4.0,2.0,nan,24.0,9.0,29.0,40.0
42,嘉義,2018-08-02,33,13.0,2.0,nan,22.0,8.0,33.0,28.0
41,臺西,2018-08-02,33,4.0,1.0,nan,13.0,6.0,nan,33.0
40,朴子,2018-08-02,44,9.0,3.0,nan,44.0,9.0,30.0,24.0
84,富貴角,2018-08-02,51,4.0,2.0,nan,22.0,10.0,43.0,51.0
39,新港,2018-08-02,35,3.0,2.0,nan,25.0,7.0,29.0,35.0
38,崙背,2018-08-02,40,3.0,2.0,nan,22.0,8.0,31.0,40.0
37,斗六,2018-08-02,35,3.0,3.0,nan,20.0,13.0,35.0,34.0
36,南投,2018-08-02,37,4.0,2.0,nan,24.0,8.0,30.0,37.0
35,二林,2018-08-02,38,7.0,1.0,nan,23.0,8.0,30.0,38.0
34,線西,2018-08-02,31,7.0,2.0,nan,17.0,13.0,nan,31.0
33,彰化,2018-08-02,39,10.0,2.0,nan,30.0,10.0,29.0,39.0
32,西屯,2018-08-02,44,3.0,2.0,nan,25.0,18.0,34.0,44.0
31,忠明,2018-08-02,37,4.0,3.0,nan,21.0,18.0,32.0,37.0
30,大里,2018-08-02,31,4.0,3.0,nan,31.0,11.0,31.0,31.0
29,沙鹿,2018-08-02,40,4.0,3.0,nan,25.0,15.0,32.0,40.0
28,豐原,2018-08-02,53,19.0,50.0,nan,29.0,14.0,32.0,53.0
27,三義,2018-08-02,39,6.0,2.0,nan,21.0,10.0,39.0,36.0
26,苗栗,2018-08-02,54,6.0,3.0,nan,44.0,10.0,39.0,54.0
25,頭份,2018-08-02,30,7.0,2.0,nan,28.0,12.0,nan,30.0
24,新竹,2018-08-02,47,6.0,3.0,nan,24.0,13.0,35.0,47.0
23,竹東,2018-08-02,50,9.0,2.0,nan,31.0,10.0,27.0,50.0
22,湖口,2018-08-02,44,9.0,2.0,nan,42.0,18.0,44.0,43.0
21,龍潭,2018-08-02,64,6.0,3.0,nan,32.0,11.0,64.0,54.0
20,平鎮,2018-08-02,54,7.0,3.0,nan,39.0,14.0,54.0,50.0
19,觀音,2018-08-02,59,6.0,2.0,nan,36.0,6.0,47.0,59.0
18,大園,2018-08-02,51,6.0,2.0,nan,36.0,7.0,49.0,51.0
17,桃園,2018-08-02,57,9.0,3.0,nan,31.0,15.0,51.0,57.0
16,大同,2018-08-02,55,10.0,25.0,nan,46.0,42.0,nan,55.0
15,松山,2018-08-02,60,7.0,7.0,nan,34.0,27.0,49.0,60.0
14,古亭,2018-08-02,67,7.0,5.0,nan,34.0,25.0,67.0,67.0
13,萬華,2018-08-02,58,7.0,6.0,nan,34.0,23.0,58.0,58.0
12,中山,2018-08-02,58,9.0,10.0,nan,36.0,37.0,37.0,58.0
11,士林,2018-08-02,62,6.0,3.0,nan,34.0,20.0,49.0,62.0
10,淡水,2018-08-02,54,10.0,2.0,nan,44.0,10.0,39.0,54.0
9,林口,2018-08-02,64,7.0,2.0,nan,38.0,16.0,64.0,nan
8,菜寮,2018-08-02,53,10.0,5.0,nan,31.0,23.0,49.0,53.0
7,新莊,2018-08-02,77,16.0,5.0,nan,29.0,17.0,77.0,48.0
6,板橋,2018-08-02,74,10.0,3.0,nan,42.0,18.0,74.0,44.0
5,土城,2018-08-02,87,7.0,3.0,nan,32.0,18.0,87.0,54.0
4,新店,2018-08-02,87,6.0,3.0,nan,28.0,15.0,87.0,53.0
3,萬里,2018-08-02,51,6.0,2.0,nan,29.0,22.0,50.0,51.0
2,汐止,2018-08-02,71,7.0,5.0,nan,30.0,21.0,71.0,38.0
1,基隆,2018-08-03,46,10.0,5.0,nan,21.0,26.0,42.0,46.0
84,富貴角,2018-08-03,44,3.0,2.0,nan,18.0,8.0,44.0,35.0
83,麥寮,2018-08-03,42,4.0,3.0,nan,42.0,13.0,nan,37.0
80,關山,2018-08-03,46,3.0,nan,nan,24.0,4.0,26.0,46.0
78,馬公,2018-08-03,20,1.0,2.0,nan,15.0,10.0,20.0,16.0
77,金門,2018-08-03,100,14.0,3.0,nan,36.0,27.0,100.0,61.0
75,馬祖,2018-08-03,104,7.0,5.0,nan,39.0,12.0,104.0,49.0
72,埔里,2018-08-03,36,6.0,3.0,nan,19.0,15.0,25.0,36.0
71,復興,2018-08-03,27,14.0,10.0,nan,23.0,27.0,nan,27.0
70,永和,2018-08-03,54,7.0,12.0,nan,24.0,41.0,nan,54.0
69,竹山,2018-08-03,24,4.0,2.0,nan,23.0,9.0,24.0,15.0
68,中壢,2018-08-03,43,7.0,20.0,nan,33.0,43.0,nan,19.0
66,冬山,2018-08-03,49,10.0,5.0,nan,33.0,13.0,36.0,49.0
65,宜蘭,2018-08-03,47,34.0,3.0,nan,29.0,8.0,39.0,47.0
64,陽明,2018-08-03,46,11.0,2.0,nan,13.0,8.0,46.0,30.0
63,花蓮,2018-08-03,30,6.0,2.0,nan,25.0,11.0,30.0,18.0
62,臺東,2018-08-03,49,3.0,3.0,nan,29.0,10.0,28.0,49.0
61,恆春,2018-08-03,24,4.0,1.0,nan,15.0,8.0,22.0,24.0
60,潮州,2018-08-03,37,10.0,2.0,nan,30.0,10.0,24.0,37.0
59,屏東,2018-08-03,25,3.0,6.0,nan,20.0,17.0,25.0,25.0
58,小港,2018-08-03,30,23.0,5.0,nan,26.0,26.0,14.0,30.0
57,前鎮,2018-08-03,27,7.0,12.0,nan,25.0,27.0,nan,22.0
56,前金,2018-08-03,26,14.0,9.0,nan,26.0,23.0,21.0,26.0
54,左營,2018-08-03,30,11.0,8.0,nan,30.0,25.0,19.0,30.0
53,楠梓,2018-08-03,32,3.0,5.0,nan,30.0,19.0,21.0,32.0
52,林園,2018-08-03,40,17.0,2.0,nan,24.0,14.0,23.0,40.0
51,大寮,2018-08-03,42,16.0,6.0,nan,26.0,24.0,16.0,42.0
50,鳳山,2018-08-03,28,6.0,8.0,nan,16.0,23.0,nan,28.0
67,三重,2018-08-03,48,6.0,18.0,nan,38.0,48.0,nan,39.0
49,仁武,2018-08-03,34,13.0,5.0,nan,34.0,20.0,20.0,28.0
48,橋頭,2018-08-03,20,3.0,5.0,nan,19.0,20.0,20.0,6.0
47,美濃,2018-08-03,25,1.0,2.0,nan,18.0,6.0,25.0,4.0
46,臺南,2018-08-03,28,10.0,5.0,nan,19.0,19.0,21.0,28.0
45,安南,2018-08-03,43,7.0,5.0,nan,28.0,21.0,23.0,43.0
44,善化,2018-08-03,23,4.0,2.0,nan,23.0,8.0,22.0,13.0
43,新營,2018-08-03,41,7.0,2.0,nan,23.0,8.0,23.0,41.0
42,嘉義,2018-08-03,25,10.0,2.0,nan,24.0,10.0,25.0,24.0
41,臺西,2018-08-03,26,6.0,2.0,nan,nan,9.0,nan,26.0
40,朴子,2018-08-03,40,7.0,3.0,nan,40.0,12.0,25.0,21.0
39,新港,2018-08-03,33,3.0,2.0,nan,24.0,9.0,26.0,33.0
38,崙背,2018-08-03,41,3.0,2.0,nan,17.0,8.0,23.0,41.0
37,斗六,2018-08-03,28,4.0,3.0,nan,21.0,13.0,27.0,28.0
36,南投,2018-08-03,22,4.0,3.0,nan,19.0,14.0,22.0,22.0
35,二林,2018-08-03,41,9.0,2.0,nan,19.0,14.0,24.0,41.0
34,線西,2018-08-03,24,4.0,3.0,nan,14.0,14.0,nan,24.0
33,彰化,2018-08-03,31,20.0,5.0,nan,29.0,13.0,21.0,31.0
32,西屯,2018-08-03,43,4.0,5.0,nan,23.0,24.0,23.0,43.0
31,忠明,2018-08-03,25,4.0,5.0,nan,17.0,19.0,22.0,25.0
30,大里,2018-08-03,26,7.0,6.0,nan,26.0,18.0,26.0,20.0
29,沙鹿,2018-08-03,28,4.0,3.0,nan,21.0,18.0,24.0,28.0
28,豐原,2018-08-03,27,6.0,2.0,nan,18.0,12.0,27.0,23.0
27,三義,2018-08-03,31,4.0,1.0,nan,15.0,6.0,31.0,23.0
26,苗栗,2018-08-03,48,6.0,3.0,nan,35.0,17.0,28.0,48.0
25,頭份,2018-08-03,20,10.0,2.0,nan,20.0,19.0,nan,20.0
24,新竹,2018-08-03,41,4.0,5.0,nan,20.0,24.0,25.0,41.0
23,竹東,2018-08-03,42,4.0,3.0,nan,26.0,12.0,28.0,42.0
22,湖口,2018-08-03,50,9.0,5.0,nan,37.0,34.0,30.0,50.0
21,龍潭,2018-08-03,44,4.0,6.0,nan,28.0,33.0,31.0,44.0
20,平鎮,2018-08-03,49,7.0,6.0,nan,35.0,32.0,37.0,49.0
19,觀音,2018-08-03,62,9.0,6.0,nan,36.0,35.0,31.0,62.0
18,大園,2018-08-03,43,23.0,7.0,nan,29.0,36.0,40.0,43.0
17,桃園,2018-08-03,46,26.0,9.0,nan,27.0,37.0,36.0,46.0
16,大同,2018-08-03,47,9.0,26.0,nan,47.0,46.0,nan,47.0
15,松山,2018-08-03,54,9.0,7.0,nan,25.0,36.0,49.0,54.0
14,古亭,2018-08-03,61,9.0,7.0,nan,24.0,28.0,61.0,58.0
13,萬華,2018-08-03,46,7.0,8.0,nan,27.0,42.0,46.0,45.0
12,中山,2018-08-03,46,6.0,10.0,nan,27.0,42.0,38.0,46.0
11,士林,2018-08-03,48,7.0,6.0,nan,23.0,25.0,48.0,46.0
10,淡水,2018-08-03,45,7.0,7.0,nan,31.0,26.0,37.0,45.0
9,林口,2018-08-03,44,6.0,7.0,nan,34.0,38.0,44.0,nan
8,菜寮,2018-08-03,44,9.0,8.0,nan,23.0,42.0,42.0,44.0
7,新莊,2018-08-03,47,21.0,9.0,nan,22.0,37.0,47.0,45.0
6,板橋,2018-08-03,47,10.0,9.0,nan,33.0,32.0,47.0,41.0
5,土城,2018-08-03,58,7.0,6.0,nan,24.0,25.0,58.0,45.0
4,新店,2018-08-03,90,13.0,5.0,nan,23.0,25.0,90.0,47.0
3,萬里,2018-08-03,51,14.0,2.0,nan,28.0,10.0,51.0,48.0
2,汐止,2018-08-03,49,10.0,6.0,nan,21.0,28.0,49.0,35.0
1,基隆,2018-08-04,51,7.0,3.0,nan,21.0,20.0,51.0,42.0
2,汐止,2018-08-04,80,19.0,5.0,nan,25.0,23.0,80.0,36.0
3,萬里,2018-08-04,51,11.0,3.0,nan,28.0,10.0,51.0,42.0
4,新店,2018-08-04,80,9.0,5.0,nan,27.0,20.0,80.0,54.0
5,土城,2018-08-04,58,7.0,7.0,nan,31.0,36.0,58.0,48.0
6,板橋,2018-08-04,47,9.0,9.0,nan,39.0,47.0,45.0,45.0
7,新莊,2018-08-04,52,13.0,8.0,nan,29.0,32.0,43.0,52.0
8,菜寮,2018-08-04,52,9.0,9.0,nan,26.0,42.0,41.0,52.0
9,林口,2018-08-04,39,13.0,5.0,nan,38.0,33.0,39.0,nan
10,淡水,2018-08-04,47,6.0,8.0,nan,30.0,32.0,30.0,47.0
11,士林,2018-08-04,50,7.0,6.0,nan,28.0,35.0,40.0,50.0
12,中山,2018-08-04,54,4.0,8.0,nan,30.0,39.0,40.0,54.0
13,萬華,2018-08-04,44,6.0,9.0,nan,27.0,42.0,44.0,41.0
14,古亭,2018-08-04,74,11.0,8.0,nan,28.0,36.0,74.0,58.0
15,松山,2018-08-04,87,13.0,5.0,nan,27.0,19.0,87.0,54.0
16,大同,2018-08-04,50,6.0,23.0,nan,44.0,45.0,nan,50.0
17,桃園,2018-08-04,53,29.0,7.0,nan,35.0,39.0,35.0,53.0
18,大園,2018-08-04,52,11.0,6.0,nan,34.0,31.0,37.0,52.0
19,觀音,2018-08-04,74,9.0,5.0,nan,39.0,28.0,33.0,74.0
20,平鎮,2018-08-04,53,9.0,5.0,nan,33.0,21.0,38.0,53.0
21,龍潭,2018-08-04,49,4.0,5.0,nan,25.0,25.0,38.0,49.0
22,湖口,2018-08-04,44,6.0,3.0,nan,31.0,33.0,33.0,44.0
23,竹東,2018-08-04,45,3.0,3.0,nan,29.0,13.0,32.0,45.0
24,新竹,2018-08-04,44,10.0,5.0,nan,18.0,24.0,28.0,44.0
25,頭份,2018-08-04,22,6.0,2.0,nan,22.0,17.0,nan,21.0
26,苗栗,2018-08-04,62,6.0,3.0,nan,38.0,14.0,35.0,62.0
27,三義,2018-08-04,40,7.0,3.0,nan,21.0,12.0,40.0,34.0
28,豐原,2018-08-04,40,7.0,7.0,nan,25.0,12.0,40.0,39.0
29,沙鹿,2018-08-04,33,11.0,3.0,nan,22.0,14.0,32.0,33.0
84,富貴角,2018-08-04,44,6.0,2.0,nan,15.0,12.0,44.0,32.0
30,大里,2018-08-04,37,11.0,3.0,nan,28.0,18.0,37.0,26.0
31,忠明,2018-08-04,39,16.0,5.0,nan,19.0,20.0,34.0,39.0
32,西屯,2018-08-04,40,9.0,3.0,nan,23.0,17.0,35.0,40.0
33,彰化,2018-08-04,44,16.0,3.0,nan,27.0,11.0,34.0,44.0
34,線西,2018-08-04,32,6.0,2.0,nan,17.0,13.0,nan,32.0
35,二林,2018-08-04,51,6.0,2.0,nan,23.0,11.0,33.0,51.0
36,南投,2018-08-04,31,3.0,2.0,nan,24.0,12.0,31.0,26.0
37,斗六,2018-08-04,44,7.0,3.0,nan,24.0,13.0,44.0,26.0
38,崙背,2018-08-04,53,7.0,2.0,nan,23.0,12.0,34.0,53.0
39,新港,2018-08-04,41,10.0,3.0,nan,26.0,17.0,30.0,41.0
40,朴子,2018-08-04,41,7.0,2.0,nan,41.0,13.0,26.0,16.0
41,臺西,2018-08-04,41,4.0,2.0,nan,17.0,11.0,nan,41.0
42,嘉義,2018-08-04,33,10.0,2.0,nan,22.0,13.0,33.0,15.0
43,新營,2018-08-04,35,4.0,2.0,nan,26.0,13.0,29.0,35.0
44,善化,2018-08-04,30,10.0,1.0,nan,24.0,8.0,30.0,24.0
45,安南,2018-08-04,35,10.0,3.0,nan,27.0,20.0,30.0,35.0
46,臺南,2018-08-04,34,7.0,5.0,nan,24.0,19.0,26.0,34.0
47,美濃,2018-08-04,35,16.0,3.0,nan,21.0,11.0,35.0,8.0
48,橋頭,2018-08-04,27,4.0,3.0,nan,22.0,18.0,27.0,9.0
49,仁武,2018-08-04,34,10.0,3.0,nan,31.0,14.0,34.0,26.0
67,三重,2018-08-04,51,10.0,22.0,nan,42.0,51.0,nan,38.0
50,鳳山,2018-08-04,29,3.0,5.0,nan,17.0,19.0,nan,29.0
51,大寮,2018-08-04,49,23.0,5.0,nan,31.0,21.0,34.0,49.0
52,林園,2018-08-04,44,9.0,2.0,nan,28.0,13.0,41.0,44.0
53,楠梓,2018-08-04,37,7.0,3.0,nan,31.0,25.0,30.0,37.0
54,左營,2018-08-04,33,10.0,5.0,nan,33.0,25.0,30.0,30.0
56,前金,2018-08-04,33,10.0,7.0,nan,27.0,30.0,30.0,33.0
57,前鎮,2018-08-04,35,14.0,9.0,nan,28.0,35.0,nan,30.0
58,小港,2018-08-04,28,21.0,5.0,nan,28.0,25.0,28.0,28.0
59,屏東,2018-08-04,40,7.0,6.0,nan,25.0,21.0,40.0,31.0
60,潮州,2018-08-04,44,10.0,2.0,nan,33.0,8.0,44.0,36.0
61,恆春,2018-08-04,26,4.0,1.0,nan,18.0,7.0,26.0,25.0
62,臺東,2018-08-04,37,4.0,3.0,nan,28.0,10.0,20.0,37.0
63,花蓮,2018-08-04,58,7.0,3.0,nan,27.0,8.0,58.0,16.0
64,陽明,2018-08-04,40,17.0,2.0,nan,14.0,14.0,40.0,31.0
65,宜蘭,2018-08-04,77,20.0,3.0,nan,26.0,8.0,77.0,43.0
66,冬山,2018-08-04,50,7.0,3.0,nan,31.0,18.0,50.0,43.0
68,中壢,2018-08-04,38,7.0,14.0,nan,38.0,34.0,nan,32.0
69,竹山,2018-08-04,44,6.0,2.0,nan,26.0,10.0,44.0,20.0
70,永和,2018-08-04,54,7.0,10.0,nan,27.0,38.0,nan,54.0
71,復興,2018-08-04,33,21.0,8.0,nan,27.0,33.0,nan,33.0
72,埔里,2018-08-04,41,4.0,3.0,nan,20.0,15.0,34.0,41.0
75,馬祖,2018-08-04,49,4.0,1.0,nan,32.0,6.0,49.0,40.0
77,金門,2018-08-04,67,17.0,5.0,nan,37.0,28.0,67.0,66.0
78,馬公,2018-08-04,27,10.0,2.0,nan,17.0,10.0,27.0,19.0
80,關山,2018-08-04,41,3.0,nan,nan,21.0,3.0,22.0,41.0
83,麥寮,2018-08-04,44,6.0,3.0,nan,44.0,12.0,nan,43.0
47,美濃,2018-08-05,30,3.0,1.0,nan,21.0,5.0,30.0,8.0
84,富貴角,2018-08-05,39,6.0,3.0,nan,15.0,14.0,34.0,39.0
83,麥寮,2018-08-05,61,13.0,3.0,nan,47.0,15.0,nan,61.0
80,關山,2018-08-05,32,3.0,nan,nan,19.0,4.0,23.0,32.0
78,馬公,2018-08-05,31,10.0,2.0,nan,15.0,11.0,31.0,27.0
77,金門,2018-08-05,97,11.0,3.0,nan,37.0,26.0,97.0,59.0
75,馬祖,2018-08-05,58,4.0,1.0,nan,34.0,11.0,58.0,54.0
72,埔里,2018-08-05,40,3.0,2.0,nan,20.0,13.0,37.0,40.0
71,復興,2018-08-05,26,7.0,7.0,nan,19.0,26.0,nan,26.0
70,永和,2018-08-05,54,9.0,9.0,nan,24.0,28.0,nan,54.0
69,竹山,2018-08-05,46,7.0,2.0,nan,27.0,10.0,46.0,26.0
68,中壢,2018-08-05,43,nan,10.0,nan,41.0,31.0,nan,43.0
66,冬山,2018-08-05,43,7.0,3.0,nan,30.0,12.0,40.0,43.0
65,宜蘭,2018-08-05,43,9.0,2.0,nan,25.0,6.0,43.0,42.0
64,陽明,2018-08-05,31,6.0,1.0,nan,13.0,6.0,31.0,31.0
63,花蓮,2018-08-05,50,9.0,3.0,nan,31.0,8.0,50.0,31.0
62,臺東,2018-08-05,29,3.0,3.0,nan,22.0,14.0,20.0,29.0
61,恆春,2018-08-05,31,6.0,1.0,nan,17.0,2.0,28.0,31.0
60,潮州,2018-08-05,39,6.0,2.0,nan,31.0,8.0,39.0,34.0
59,屏東,2018-08-05,34,6.0,3.0,nan,19.0,16.0,34.0,14.0
58,小港,2018-08-05,31,10.0,3.0,nan,24.0,14.0,31.0,18.0
57,前鎮,2018-08-05,28,10.0,7.0,nan,25.0,28.0,nan,24.0
56,前金,2018-08-05,32,9.0,6.0,nan,28.0,25.0,32.0,25.0
54,左營,2018-08-05,34,9.0,5.0,nan,29.0,26.0,34.0,28.0
53,楠梓,2018-08-05,36,4.0,3.0,nan,32.0,22.0,36.0,36.0
52,林園,2018-08-05,38,9.0,2.0,nan,23.0,11.0,37.0,38.0
51,大寮,2018-08-05,41,26.0,3.0,nan,25.0,17.0,31.0,41.0
50,鳳山,2018-08-05,23,7.0,3.0,nan,16.0,19.0,nan,23.0
67,三重,2018-08-05,52,24.0,16.0,nan,40.0,38.0,nan,52.0
49,仁武,2018-08-05,36,26.0,3.0,nan,29.0,20.0,36.0,31.0
48,橋頭,2018-08-05,33,6.0,3.0,nan,19.0,15.0,33.0,8.0
1,基隆,2018-08-05,38,21.0,3.0,nan,19.0,19.0,35.0,38.0
17,桃園,2018-08-05,44,6.0,3.0,nan,31.0,21.0,44.0,41.0
2,汐止,2018-08-05,41,13.0,3.0,nan,22.0,16.0,41.0,31.0
3,萬里,2018-08-05,41,13.0,3.0,nan,26.0,9.0,41.0,36.0
4,新店,2018-08-05,53,6.0,3.0,nan,25.0,14.0,47.0,53.0
5,土城,2018-08-05,61,6.0,5.0,nan,28.0,22.0,61.0,46.0
6,板橋,2018-08-05,47,9.0,5.0,nan,37.0,22.0,47.0,44.0
7,新莊,2018-08-05,57,30.0,6.0,nan,28.0,24.0,47.0,57.0
8,菜寮,2018-08-05,53,23.0,5.0,nan,25.0,22.0,38.0,53.0
9,林口,2018-08-05,40,9.0,3.0,nan,37.0,23.0,40.0,nan
10,淡水,2018-08-05,52,7.0,6.0,nan,30.0,25.0,31.0,52.0
11,士林,2018-08-05,59,9.0,6.0,nan,26.0,16.0,39.0,59.0
12,中山,2018-08-05,43,10.0,6.0,nan,24.0,22.0,33.0,43.0
13,萬華,2018-08-05,48,6.0,5.0,nan,30.0,23.0,38.0,48.0
14,古亭,2018-08-05,53,9.0,3.0,nan,26.0,20.0,44.0,53.0
15,松山,2018-08-05,41,7.0,5.0,nan,23.0,16.0,41.0,37.0
16,大同,2018-08-05,48,7.0,14.0,nan,43.0,33.0,nan,48.0
18,大園,2018-08-05,55,7.0,3.0,nan,31.0,17.0,34.0,55.0
19,觀音,2018-08-05,68,6.0,3.0,nan,37.0,15.0,37.0,68.0
20,平鎮,2018-08-05,57,7.0,3.0,nan,34.0,23.0,41.0,57.0
21,龍潭,2018-08-05,58,7.0,3.0,nan,28.0,18.0,58.0,49.0
22,湖口,2018-08-05,38,6.0,2.0,nan,30.0,24.0,38.0,34.0
23,竹東,2018-08-05,44,1.0,2.0,nan,30.0,6.0,37.0,44.0
24,新竹,2018-08-05,47,3.0,3.0,nan,18.0,17.0,31.0,47.0
25,頭份,2018-08-05,22,9.0,2.0,nan,21.0,20.0,nan,22.0
26,苗栗,2018-08-05,52,6.0,3.0,nan,40.0,13.0,31.0,52.0
27,三義,2018-08-05,36,3.0,2.0,nan,20.0,15.0,35.0,36.0
28,豐原,2018-08-05,35,7.0,2.0,nan,22.0,9.0,34.0,35.0
29,沙鹿,2018-08-05,42,7.0,5.0,nan,21.0,34.0,37.0,42.0
30,大里,2018-08-05,41,9.0,3.0,nan,26.0,18.0,41.0,29.0
31,忠明,2018-08-05,37,7.0,5.0,nan,18.0,25.0,37.0,31.0
32,西屯,2018-08-05,40,9.0,3.0,nan,24.0,25.0,39.0,40.0
33,彰化,2018-08-05,38,19.0,3.0,nan,27.0,11.0,32.0,38.0
34,線西,2018-08-05,34,11.0,3.0,nan,18.0,14.0,nan,34.0
35,二林,2018-08-05,52,13.0,2.0,nan,22.0,14.0,38.0,52.0
36,南投,2018-08-05,43,9.0,3.0,nan,25.0,13.0,43.0,35.0
37,斗六,2018-08-05,46,6.0,2.0,nan,24.0,13.0,46.0,28.0
38,崙背,2018-08-05,51,6.0,2.0,nan,26.0,16.0,42.0,51.0
39,新港,2018-08-05,43,11.0,2.0,nan,26.0,16.0,43.0,41.0
40,朴子,2018-08-05,49,11.0,2.0,nan,38.0,13.0,49.0,29.0
41,臺西,2018-08-05,53,6.0,2.0,nan,20.0,14.0,nan,53.0
42,嘉義,2018-08-05,44,7.0,3.0,nan,25.0,16.0,44.0,21.0
43,新營,2018-08-05,45,6.0,2.0,nan,27.0,9.0,44.0,45.0
44,善化,2018-08-05,34,13.0,1.0,nan,25.0,6.0,34.0,14.0
45,安南,2018-08-05,33,4.0,3.0,nan,25.0,15.0,33.0,23.0
46,臺南,2018-08-05,34,nan,3.0,nan,20.0,14.0,34.0,23.0
72,埔里,2018-08-06,52,6.0,3.0,nan,23.0,12.0,51.0,52.0
84,富貴角,2018-08-06,42,7.0,2.0,nan,10.0,9.0,42.0,31.0
83,麥寮,2018-08-06,57,6.0,3.0,nan,48.0,14.0,nan,57.0
80,關山,2018-08-06,31,4.0,nan,nan,19.0,3.0,24.0,31.0
78,馬公,2018-08-06,33,4.0,2.0,nan,14.0,10.0,33.0,22.0
77,金門,2018-08-06,72,24.0,2.0,nan,46.0,17.0,54.0,72.0
75,馬祖,2018-08-06,55,9.0,5.0,nan,36.0,7.0,43.0,55.0
1,基隆,2018-08-06,39,10.0,2.0,nan,14.0,14.0,39.0,31.0
17,桃園,2018-08-06,52,13.0,5.0,nan,30.0,16.0,42.0,52.0
2,汐止,2018-08-06,40,7.0,6.0,nan,15.0,15.0,40.0,18.0
3,萬里,2018-08-06,40,9.0,3.0,nan,22.0,9.0,40.0,38.0
4,新店,2018-08-06,50,6.0,3.0,nan,21.0,15.0,50.0,40.0
5,土城,2018-08-06,61,4.0,3.0,nan,24.0,19.0,61.0,43.0
6,板橋,2018-08-06,46,6.0,5.0,nan,32.0,20.0,46.0,42.0
7,新莊,2018-08-06,52,34.0,3.0,nan,22.0,14.0,45.0,52.0
8,菜寮,2018-08-06,49,14.0,3.0,nan,22.0,25.0,40.0,49.0
9,林口,2018-08-06,44,7.0,2.0,nan,32.0,22.0,44.0,nan
10,淡水,2018-08-06,45,7.0,3.0,nan,25.0,16.0,38.0,45.0
11,士林,2018-08-06,58,9.0,3.0,nan,25.0,16.0,44.0,58.0
12,中山,2018-08-06,47,7.0,7.0,nan,27.0,25.0,36.0,47.0
13,萬華,2018-08-06,41,7.0,5.0,nan,23.0,23.0,41.0,39.0
14,古亭,2018-08-06,52,6.0,5.0,nan,21.0,19.0,48.0,52.0
15,松山,2018-08-06,45,7.0,5.0,nan,21.0,23.0,45.0,38.0
16,大同,2018-08-06,51,13.0,24.0,nan,42.0,37.0,nan,51.0
18,大園,2018-08-06,50,11.0,3.0,nan,32.0,16.0,39.0,50.0
19,觀音,2018-08-06,63,13.0,2.0,nan,33.0,17.0,39.0,63.0
20,平鎮,2018-08-06,56,6.0,5.0,nan,33.0,19.0,44.0,56.0
21,龍潭,2018-08-06,56,6.0,3.0,nan,26.0,17.0,54.0,56.0
22,湖口,2018-08-06,51,7.0,2.0,nan,40.0,23.0,44.0,51.0
23,竹東,2018-08-06,53,4.0,3.0,nan,36.0,10.0,43.0,53.0
24,新竹,2018-08-06,58,7.0,5.0,nan,24.0,19.0,35.0,58.0
25,頭份,2018-08-06,34,10.0,3.0,nan,27.0,16.0,nan,34.0
26,苗栗,2018-08-06,59,9.0,3.0,nan,41.0,13.0,32.0,59.0
27,三義,2018-08-06,42,4.0,2.0,nan,24.0,10.0,42.0,38.0
28,豐原,2018-08-06,44,6.0,2.0,nan,27.0,10.0,44.0,40.0
29,沙鹿,2018-08-06,49,9.0,3.0,nan,23.0,22.0,41.0,49.0
30,大里,2018-08-06,50,4.0,5.0,nan,31.0,15.0,50.0,34.0
31,忠明,2018-08-06,45,4.0,3.0,nan,19.0,16.0,45.0,43.0
32,西屯,2018-08-06,51,6.0,3.0,nan,27.0,15.0,45.0,51.0
33,彰化,2018-08-06,54,14.0,5.0,nan,35.0,15.0,35.0,54.0
34,線西,2018-08-06,38,16.0,3.0,nan,19.0,12.0,nan,38.0
35,二林,2018-08-06,61,11.0,2.0,nan,29.0,8.0,39.0,61.0
36,南投,2018-08-06,48,4.0,3.0,nan,30.0,14.0,48.0,46.0
37,斗六,2018-08-06,67,6.0,3.0,nan,26.0,10.0,67.0,47.0
38,崙背,2018-08-06,62,6.0,2.0,nan,30.0,16.0,40.0,62.0
39,新港,2018-08-06,63,14.0,3.0,nan,31.0,12.0,46.0,63.0
40,朴子,2018-08-06,53,6.0,3.0,nan,53.0,19.0,42.0,41.0
41,臺西,2018-08-06,56,13.0,2.0,nan,20.0,14.0,nan,56.0
42,嘉義,2018-08-06,61,7.0,5.0,nan,32.0,13.0,61.0,50.0
43,新營,2018-08-06,47,6.0,3.0,nan,32.0,8.0,41.0,47.0
44,善化,2018-08-06,45,14.0,2.0,nan,29.0,9.0,45.0,35.0
45,安南,2018-08-06,46,7.0,3.0,nan,27.0,15.0,46.0,33.0
46,臺南,2018-08-06,44,4.0,5.0,nan,25.0,15.0,44.0,33.0
47,美濃,2018-08-06,42,3.0,2.0,nan,20.0,5.0,42.0,8.0
48,橋頭,2018-08-06,46,6.0,3.0,nan,26.0,18.0,46.0,16.0
49,仁武,2018-08-06,49,13.0,3.0,nan,30.0,29.0,49.0,30.0
67,三重,2018-08-06,50,16.0,15.0,nan,37.0,38.0,nan,50.0
50,鳳山,2018-08-06,32,16.0,6.0,nan,19.0,32.0,nan,27.0
51,大寮,2018-08-06,45,33.0,6.0,nan,29.0,45.0,37.0,45.0
52,林園,2018-08-06,67,20.0,3.0,nan,28.0,14.0,67.0,44.0
53,楠梓,2018-08-06,48,6.0,3.0,nan,36.0,25.0,48.0,45.0
54,左營,2018-08-06,46,9.0,5.0,nan,36.0,24.0,46.0,40.0
56,前金,2018-08-06,58,7.0,7.0,nan,31.0,25.0,58.0,36.0
57,前鎮,2018-08-06,33,9.0,9.0,nan,30.0,30.0,nan,33.0
58,小港,2018-08-06,46,13.0,5.0,nan,27.0,19.0,46.0,27.0
59,屏東,2018-08-06,45,4.0,5.0,nan,20.0,17.0,45.0,25.0
60,潮州,2018-08-06,84,7.0,2.0,nan,33.0,9.0,84.0,45.0
61,恆春,2018-08-06,27,4.0,1.0,nan,15.0,2.0,27.0,23.0
62,臺東,2018-08-06,26,3.0,3.0,nan,22.0,8.0,25.0,26.0
63,花蓮,2018-08-06,27,6.0,2.0,nan,24.0,7.0,27.0,17.0
64,陽明,2018-08-06,38,4.0,2.0,nan,14.0,8.0,38.0,34.0
65,宜蘭,2018-08-06,29,16.0,2.0,nan,22.0,6.0,29.0,29.0
66,冬山,2018-08-06,29,7.0,6.0,nan,25.0,8.0,23.0,29.0
68,中壢,2018-08-06,48,7.0,15.0,nan,39.0,33.0,nan,48.0
69,竹山,2018-08-06,67,9.0,3.0,nan,31.0,8.0,67.0,44.0
70,永和,2018-08-06,45,6.0,12.0,nan,22.0,27.0,nan,45.0
71,復興,2018-08-06,35,9.0,10.0,nan,25.0,27.0,nan,35.0
4,新店,2018-08-07,37,6.0,3.0,nan,16.0,11.0,33.0,37.0
6,板橋,2018-08-07,32,7.0,6.0,nan,27.0,20.0,32.0,31.0
84,富貴角,2018-08-07,23,3.0,1.0,nan,5.0,5.0,23.0,12.0
83,麥寮,2018-08-07,69,10.0,3.0,nan,52.0,14.0,nan,69.0
80,關山,2018-08-07,28,3.0,nan,nan,16.0,2.0,19.0,28.0
78,馬公,2018-08-07,51,3.0,2.0,nan,21.0,7.0,51.0,36.0
77,金門,2018-08-07,60,19.0,2.0,nan,34.0,14.0,39.0,60.0
75,馬祖,2018-08-07,30,6.0,1.0,nan,26.0,7.0,30.0,29.0
72,埔里,2018-08-07,69,6.0,3.0,nan,29.0,13.0,67.0,69.0
71,復興,2018-08-07,35,9.0,5.0,nan,25.0,13.0,nan,35.0
70,永和,2018-08-07,31,10.0,8.0,nan,16.0,23.0,nan,31.0
69,竹山,2018-08-07,58,4.0,2.0,nan,32.0,10.0,58.0,55.0
68,中壢,2018-08-07,52,9.0,14.0,nan,37.0,31.0,nan,52.0
66,冬山,2018-08-07,24,6.0,2.0,nan,22.0,11.0,22.0,24.0
65,宜蘭,2018-08-07,27,27.0,2.0,nan,18.0,8.0,24.0,22.0
64,陽明,2018-08-07,35,7.0,2.0,nan,13.0,4.0,27.0,35.0
63,花蓮,2018-08-07,29,4.0,2.0,nan,20.0,7.0,29.0,10.0
62,臺東,2018-08-07,25,3.0,2.0,nan,20.0,8.0,19.0,25.0
61,恆春,2018-08-07,26,4.0,1.0,nan,11.0,2.0,26.0,25.0
60,潮州,2018-08-07,51,6.0,3.0,nan,40.0,9.0,44.0,51.0
59,屏東,2018-08-07,48,4.0,6.0,nan,26.0,20.0,48.0,44.0
58,小港,2018-08-07,31,13.0,3.0,nan,25.0,21.0,28.0,31.0
57,前鎮,2018-08-07,34,11.0,5.0,nan,28.0,17.0,nan,34.0
56,前金,2018-08-07,34,9.0,3.0,nan,31.0,18.0,34.0,25.0
54,左營,2018-08-07,42,7.0,3.0,nan,31.0,28.0,33.0,42.0
53,楠梓,2018-08-07,55,4.0,3.0,nan,39.0,17.0,37.0,55.0
52,林園,2018-08-07,44,9.0,2.0,nan,25.0,12.0,31.0,44.0
51,大寮,2018-08-07,54,16.0,5.0,nan,32.0,24.0,31.0,54.0
50,鳳山,2018-08-07,35,9.0,5.0,nan,22.0,21.0,nan,35.0
67,三重,2018-08-07,37,10.0,15.0,nan,31.0,37.0,nan,36.0
49,仁武,2018-08-07,35,9.0,3.0,nan,30.0,19.0,35.0,34.0
48,橋頭,2018-08-07,35,6.0,3.0,nan,24.0,16.0,35.0,25.0
47,美濃,2018-08-07,48,3.0,2.0,nan,26.0,7.0,48.0,19.0
46,臺南,2018-08-07,47,4.0,5.0,nan,25.0,16.0,41.0,47.0
45,安南,2018-08-07,52,4.0,3.0,nan,33.0,20.0,44.0,52.0
44,善化,2018-08-07,41,13.0,2.0,nan,31.0,11.0,41.0,40.0
43,新營,2018-08-07,69,7.0,3.0,nan,34.0,8.0,39.0,69.0
42,嘉義,2018-08-07,42,11.0,5.0,nan,31.0,10.0,42.0,36.0
41,臺西,2018-08-07,23,6.0,2.0,nan,23.0,10.0,nan,nan
40,朴子,2018-08-07,52,6.0,2.0,nan,52.0,17.0,39.0,50.0
39,新港,2018-08-07,63,6.0,3.0,nan,31.0,16.0,43.0,63.0
38,崙背,2018-08-07,74,7.0,2.0,nan,32.0,9.0,46.0,74.0
37,斗六,2018-08-07,67,7.0,3.0,nan,27.0,13.0,67.0,55.0
36,南投,2018-08-07,61,11.0,3.0,nan,30.0,19.0,40.0,61.0
35,二林,2018-08-07,65,14.0,3.0,nan,31.0,11.0,42.0,65.0
34,線西,2018-08-07,36,10.0,3.0,nan,18.0,11.0,nan,36.0
33,彰化,2018-08-07,58,23.0,5.0,nan,32.0,12.0,43.0,58.0
32,西屯,2018-08-07,62,16.0,3.0,nan,30.0,23.0,61.0,62.0
31,忠明,2018-08-07,61,17.0,5.0,nan,23.0,19.0,61.0,56.0
30,大里,2018-08-07,67,21.0,5.0,nan,37.0,22.0,67.0,57.0
29,沙鹿,2018-08-07,48,16.0,3.0,nan,25.0,14.0,46.0,48.0
28,豐原,2018-08-07,74,7.0,5.0,nan,31.0,13.0,74.0,60.0
27,三義,2018-08-07,61,10.0,2.0,nan,29.0,11.0,54.0,61.0
26,苗栗,2018-08-07,63,6.0,3.0,nan,47.0,13.0,41.0,63.0
25,頭份,2018-08-07,51,10.0,3.0,nan,32.0,19.0,nan,51.0
24,新竹,2018-08-07,62,6.0,5.0,nan,25.0,20.0,36.0,62.0
23,竹東,2018-08-07,56,3.0,3.0,nan,33.0,10.0,50.0,56.0
22,湖口,2018-08-07,55,10.0,2.0,nan,36.0,24.0,45.0,55.0
21,龍潭,2018-08-07,71,7.0,3.0,nan,26.0,15.0,71.0,52.0
20,平鎮,2018-08-07,54,9.0,3.0,nan,36.0,17.0,44.0,54.0
19,觀音,2018-08-07,59,14.0,2.0,nan,41.0,20.0,29.0,59.0
18,大園,2018-08-07,56,9.0,2.0,nan,39.0,18.0,32.0,56.0
16,大同,2018-08-07,38,7.0,11.0,nan,33.0,27.0,nan,38.0
15,松山,2018-08-07,39,16.0,3.0,nan,21.0,17.0,24.0,39.0
14,古亭,2018-08-07,40,11.0,5.0,nan,16.0,17.0,27.0,40.0
1,基隆,2018-08-07,22,3.0,2.0,nan,10.0,11.0,22.0,22.0
13,萬華,2018-08-07,28,7.0,5.0,nan,20.0,20.0,21.0,28.0
12,中山,2018-08-07,42,10.0,5.0,nan,16.0,18.0,19.0,42.0
11,士林,2018-08-07,31,4.0,2.0,nan,18.0,13.0,31.0,28.0
3,萬里,2018-08-07,26,7.0,1.0,nan,16.0,8.0,24.0,26.0
17,桃園,2018-08-07,60,21.0,5.0,nan,29.0,16.0,42.0,60.0
10,淡水,2018-08-07,39,6.0,2.0,nan,19.0,9.0,28.0,39.0
5,土城,2018-08-07,37,7.0,3.0,nan,15.0,16.0,37.0,28.0
9,林口,2018-08-07,34,7.0,2.0,nan,30.0,18.0,34.0,nan
8,菜寮,2018-08-07,37,6.0,5.0,nan,13.0,20.0,30.0,37.0
2,汐止,2018-08-07,27,27.0,3.0,nan,10.0,13.0,26.0,8.0
7,新莊,2018-08-07,38,11.0,5.0,nan,17.0,24.0,38.0,31.0
84,富貴角,2018-08-08,24,7.0,1.0,nan,6.0,7.0,24.0,20.0
1,基隆,2018-08-08,29,4.0,2.0,nan,12.0,10.0,24.0,29.0
17,桃園,2018-08-08,49,17.0,3.0,nan,28.0,18.0,41.0,49.0
2,汐止,2018-08-08,29,29.0,2.0,nan,12.0,13.0,23.0,10.0
3,萬里,2018-08-08,32,7.0,1.0,nan,19.0,7.0,29.0,32.0
4,新店,2018-08-08,43,9.0,3.0,nan,16.0,14.0,31.0,43.0
5,土城,2018-08-08,32,11.0,3.0,nan,16.0,17.0,32.0,32.0
6,板橋,2018-08-08,31,11.0,5.0,nan,25.0,24.0,28.0,31.0
7,新莊,2018-08-08,43,9.0,5.0,nan,19.0,19.0,40.0,43.0
8,菜寮,2018-08-08,44,10.0,3.0,nan,12.0,12.0,31.0,44.0
9,林口,2018-08-08,42,6.0,2.0,nan,28.0,13.0,42.0,nan
10,淡水,2018-08-08,43,6.0,2.0,nan,20.0,11.0,30.0,43.0
11,士林,2018-08-08,40,9.0,2.0,nan,19.0,15.0,31.0,40.0
12,中山,2018-08-08,43,11.0,6.0,nan,19.0,20.0,18.0,43.0
13,萬華,2018-08-08,44,10.0,3.0,nan,23.0,18.0,20.0,44.0
14,古亭,2018-08-08,42,17.0,3.0,nan,15.0,18.0,23.0,42.0
15,松山,2018-08-08,44,21.0,3.0,nan,19.0,19.0,20.0,44.0
16,大同,2018-08-08,43,9.0,12.0,nan,32.0,26.0,nan,43.0
18,大園,2018-08-08,54,11.0,3.0,nan,27.0,22.0,31.0,54.0
19,觀音,2018-08-08,46,16.0,2.0,nan,32.0,25.0,30.0,46.0
20,平鎮,2018-08-08,49,13.0,3.0,nan,30.0,19.0,40.0,49.0
21,龍潭,2018-08-08,67,7.0,3.0,nan,25.0,19.0,67.0,58.0
22,湖口,2018-08-08,44,13.0,2.0,nan,29.0,20.0,42.0,44.0
23,竹東,2018-08-08,49,6.0,2.0,nan,31.0,10.0,43.0,49.0
24,新竹,2018-08-08,58,6.0,3.0,nan,21.0,18.0,37.0,58.0
25,頭份,2018-08-08,49,6.0,3.0,nan,30.0,16.0,nan,49.0
26,苗栗,2018-08-08,69,6.0,5.0,nan,50.0,17.0,46.0,69.0
27,三義,2018-08-08,62,9.0,2.0,nan,30.0,8.0,54.0,62.0
28,豐原,2018-08-08,58,10.0,3.0,nan,25.0,12.0,58.0,58.0
29,沙鹿,2018-08-08,57,4.0,2.0,nan,30.0,15.0,46.0,57.0
30,大里,2018-08-08,58,7.0,5.0,nan,nan,16.0,48.0,58.0
31,忠明,2018-08-08,63,6.0,3.0,nan,28.0,20.0,47.0,63.0
32,西屯,2018-08-08,67,7.0,2.0,nan,33.0,15.0,51.0,67.0
33,彰化,2018-08-08,63,13.0,5.0,nan,36.0,12.0,42.0,63.0
34,線西,2018-08-08,51,9.0,2.0,nan,23.0,9.0,nan,51.0
37,斗六,2018-08-08,52,9.0,3.0,nan,28.0,9.0,51.0,52.0
35,二林,2018-08-08,66,6.0,2.0,nan,32.0,9.0,41.0,66.0
36,南投,2018-08-08,56,10.0,5.0,nan,29.0,21.0,37.0,56.0
38,崙背,2018-08-08,66,7.0,1.0,nan,28.0,8.0,44.0,66.0
39,新港,2018-08-08,62,11.0,2.0,nan,30.0,15.0,39.0,62.0
40,朴子,2018-08-08,56,6.0,2.0,nan,50.0,12.0,38.0,56.0
41,臺西,2018-08-08,21,6.0,1.0,nan,21.0,8.0,nan,nan
42,嘉義,2018-08-08,45,13.0,2.0,nan,34.0,10.0,39.0,45.0
43,新營,2018-08-08,63,3.0,3.0,nan,32.0,8.0,32.0,63.0
44,善化,2018-08-08,36,11.0,2.0,nan,35.0,10.0,31.0,36.0
45,安南,2018-08-08,31,4.0,2.0,nan,29.0,14.0,31.0,28.0
46,臺南,2018-08-08,35,4.0,2.0,nan,23.0,10.0,31.0,35.0
47,美濃,2018-08-08,38,3.0,2.0,nan,21.0,4.0,38.0,14.0
48,橋頭,2018-08-08,30,6.0,3.0,nan,24.0,15.0,30.0,23.0
49,仁武,2018-08-08,41,14.0,3.0,nan,27.0,23.0,29.0,41.0
67,三重,2018-08-08,39,13.0,14.0,nan,32.0,31.0,nan,39.0
50,鳳山,2018-08-08,40,7.0,6.0,nan,21.0,25.0,nan,40.0
51,大寮,2018-08-08,56,13.0,6.0,nan,31.0,18.0,29.0,56.0
52,林園,2018-08-08,49,21.0,2.0,nan,26.0,20.0,31.0,49.0
53,楠梓,2018-08-08,60,4.0,5.0,nan,33.0,26.0,31.0,60.0
54,左營,2018-08-08,39,9.0,3.0,nan,31.0,20.0,28.0,39.0
56,前金,2018-08-08,35,6.0,3.0,nan,27.0,14.0,28.0,35.0
57,前鎮,2018-08-08,32,9.0,6.0,nan,30.0,20.0,nan,32.0
58,小港,2018-08-08,37,11.0,3.0,nan,30.0,21.0,22.0,37.0
59,屏東,2018-08-08,51,4.0,6.0,nan,28.0,20.0,36.0,51.0
60,潮州,2018-08-08,52,9.0,3.0,nan,38.0,10.0,36.0,52.0
61,恆春,2018-08-08,65,4.0,1.0,nan,48.0,2.0,26.0,65.0
62,臺東,2018-08-08,28,3.0,2.0,nan,18.0,7.0,19.0,28.0
63,花蓮,2018-08-08,30,4.0,2.0,nan,21.0,11.0,30.0,12.0
64,陽明,2018-08-08,33,6.0,2.0,nan,11.0,4.0,33.0,29.0
65,宜蘭,2018-08-08,26,14.0,2.0,nan,19.0,7.0,23.0,26.0
66,冬山,2018-08-08,26,4.0,2.0,nan,21.0,8.0,20.0,26.0
68,中壢,2018-08-08,37,16.0,12.0,nan,35.0,29.0,nan,37.0
69,竹山,2018-08-08,51,4.0,1.0,nan,31.0,9.0,51.0,51.0
70,永和,2018-08-08,32,14.0,8.0,nan,15.0,23.0,nan,32.0
71,復興,2018-08-08,37,7.0,7.0,nan,25.0,17.0,nan,37.0
72,埔里,2018-08-08,67,7.0,3.0,nan,28.0,13.0,58.0,67.0
75,馬祖,2018-08-08,37,6.0,1.0,nan,22.0,6.0,37.0,35.0
77,金門,2018-08-08,52,10.0,2.0,nan,30.0,11.0,42.0,52.0
78,馬公,2018-08-08,43,3.0,1.0,nan,22.0,6.0,43.0,40.0
80,關山,2018-08-08,32,4.0,nan,nan,18.0,3.0,21.0,32.0
83,麥寮,2018-08-08,65,7.0,2.0,nan,52.0,8.0,nan,65.0
84,富貴角,2018-08-09,30,13.0,1.0,nan,9.0,9.0,29.0,30.0
17,桃園,2018-08-09,73,17.0,5.0,nan,35.0,22.0,45.0,73.0
83,麥寮,2018-08-09,67,10.0,3.0,nan,49.0,14.0,nan,67.0
80,關山,2018-08-09,34,3.0,nan,nan,19.0,6.0,20.0,34.0
78,馬公,2018-08-09,42,3.0,2.0,nan,20.0,6.0,39.0,42.0
77,金門,2018-08-09,59,24.0,2.0,nan,35.0,18.0,44.0,59.0
75,馬祖,2018-08-09,50,9.0,3.0,nan,29.0,8.0,41.0,50.0
72,埔里,2018-08-09,77,4.0,3.0,nan,32.0,11.0,77.0,75.0
71,復興,2018-08-09,43,10.0,9.0,nan,25.0,24.0,nan,43.0
70,永和,2018-08-09,60,14.0,12.0,nan,24.0,38.0,nan,60.0
69,竹山,2018-08-09,56,4.0,2.0,nan,33.0,7.0,50.0,56.0
68,中壢,2018-08-09,45,10.0,14.0,nan,41.0,33.0,nan,45.0
66,冬山,2018-08-09,35,7.0,3.0,nan,26.0,11.0,31.0,35.0
65,宜蘭,2018-08-09,38,19.0,2.0,nan,26.0,8.0,36.0,38.0
64,陽明,2018-08-09,44,4.0,2.0,nan,16.0,10.0,39.0,44.0
63,花蓮,2018-08-09,31,4.0,2.0,nan,22.0,8.0,31.0,19.0
62,臺東,2018-08-09,30,3.0,3.0,nan,20.0,6.0,19.0,30.0
61,恆春,2018-08-09,35,6.0,1.0,nan,8.0,4.0,28.0,35.0
60,潮州,2018-08-09,53,11.0,2.0,nan,35.0,8.0,51.0,53.0
59,屏東,2018-08-09,47,4.0,5.0,nan,20.0,14.0,47.0,40.0
58,小港,2018-08-09,37,26.0,3.0,nan,24.0,19.0,37.0,34.0
57,前鎮,2018-08-09,43,9.0,6.0,nan,30.0,25.0,nan,43.0
56,前金,2018-08-09,53,9.0,5.0,nan,30.0,18.0,44.0,53.0
54,左營,2018-08-09,52,9.0,5.0,nan,31.0,26.0,37.0,52.0
53,楠梓,2018-08-09,56,4.0,3.0,nan,37.0,16.0,41.0,56.0
52,林園,2018-08-09,47,17.0,3.0,nan,27.0,10.0,41.0,47.0
51,大寮,2018-08-09,56,23.0,6.0,nan,28.0,17.0,35.0,56.0
50,鳳山,2018-08-09,32,9.0,5.0,nan,17.0,14.0,nan,32.0
67,三重,2018-08-09,50,19.0,14.0,nan,40.0,44.0,nan,50.0
49,仁武,2018-08-09,49,11.0,3.0,nan,26.0,25.0,42.0,49.0
48,橋頭,2018-08-09,37,4.0,2.0,nan,21.0,12.0,37.0,16.0
47,美濃,2018-08-09,40,4.0,2.0,nan,18.0,7.0,40.0,12.0
46,臺南,2018-08-09,43,4.0,5.0,nan,25.0,22.0,35.0,43.0
45,安南,2018-08-09,44,4.0,3.0,nan,27.0,16.0,31.0,44.0
44,善化,2018-08-09,34,10.0,2.0,nan,30.0,8.0,34.0,31.0
43,新營,2018-08-09,44,4.0,2.0,nan,27.0,8.0,31.0,44.0
42,嘉義,2018-08-09,51,6.0,2.0,nan,28.0,13.0,41.0,51.0
41,臺西,2018-08-09,59,16.0,2.0,nan,19.0,16.0,nan,59.0
40,朴子,2018-08-09,53,4.0,2.0,nan,53.0,12.0,37.0,46.0
39,新港,2018-08-09,60,10.0,2.0,nan,29.0,13.0,38.0,60.0
38,崙背,2018-08-09,67,7.0,1.0,nan,32.0,8.0,45.0,67.0
37,斗六,2018-08-09,55,7.0,2.0,nan,31.0,9.0,50.0,55.0
36,南投,2018-08-09,60,10.0,3.0,nan,30.0,17.0,41.0,60.0
35,二林,2018-08-09,71,9.0,1.0,nan,34.0,10.0,43.0,71.0
34,線西,2018-08-09,49,7.0,3.0,nan,20.0,8.0,nan,49.0
32,西屯,2018-08-09,70,19.0,3.0,nan,31.0,22.0,48.0,70.0
31,忠明,2018-08-09,63,17.0,3.0,nan,26.0,20.0,47.0,63.0
30,大里,2018-08-09,64,7.0,6.0,nan,nan,22.0,64.0,nan
29,沙鹿,2018-08-09,59,20.0,3.0,nan,30.0,20.0,44.0,59.0
28,豐原,2018-08-09,72,14.0,3.0,nan,31.0,19.0,51.0,72.0
27,三義,2018-08-09,64,6.0,2.0,nan,31.0,10.0,51.0,64.0
26,苗栗,2018-08-09,73,9.0,3.0,nan,50.0,16.0,43.0,73.0
25,頭份,2018-08-09,60,13.0,3.0,nan,31.0,27.0,nan,60.0
24,新竹,2018-08-09,65,9.0,3.0,nan,27.0,23.0,40.0,65.0
23,竹東,2018-08-09,51,7.0,2.0,nan,31.0,9.0,47.0,51.0
22,湖口,2018-08-09,55,9.0,2.0,nan,31.0,21.0,43.0,55.0
21,龍潭,2018-08-09,68,7.0,5.0,nan,33.0,22.0,61.0,68.0
20,平鎮,2018-08-09,64,9.0,5.0,nan,37.0,20.0,34.0,64.0
19,觀音,2018-08-09,54,26.0,3.0,nan,41.0,25.0,34.0,54.0
18,大園,2018-08-09,59,10.0,3.0,nan,34.0,28.0,32.0,59.0
16,大同,2018-08-09,59,13.0,12.0,nan,42.0,34.0,nan,59.0
15,松山,2018-08-09,53,14.0,5.0,nan,27.0,27.0,44.0,53.0
14,古亭,2018-08-09,68,13.0,6.0,nan,28.0,28.0,51.0,68.0
13,萬華,2018-08-09,64,13.0,6.0,nan,29.0,27.0,45.0,64.0
12,中山,2018-08-09,51,19.0,7.0,nan,28.0,29.0,36.0,51.0
11,士林,2018-08-09,64,24.0,3.0,nan,27.0,18.0,64.0,55.0
10,淡水,2018-08-09,52,10.0,3.0,nan,26.0,16.0,41.0,52.0
9,林口,2018-08-09,46,9.0,3.0,nan,33.0,25.0,46.0,nan
8,菜寮,2018-08-09,59,16.0,5.0,nan,23.0,27.0,50.0,59.0
7,新莊,2018-08-09,71,40.0,5.0,nan,28.0,24.0,71.0,60.0
6,板橋,2018-08-09,77,21.0,5.0,nan,39.0,29.0,77.0,55.0
5,土城,2018-08-09,71,11.0,5.0,nan,31.0,38.0,71.0,58.0
4,新店,2018-08-09,84,13.0,5.0,nan,26.0,18.0,84.0,57.0
3,萬里,2018-08-09,39,7.0,1.0,nan,23.0,9.0,31.0,39.0
2,汐止,2018-08-09,45,19.0,5.0,nan,19.0,22.0,45.0,28.0
1,基隆,2018-08-09,33,14.0,2.0,nan,14.0,13.0,29.0,33.0
33,彰化,2018-08-09,47,14.0,2.0,nan,nan,7.0,47.0,nan
83,麥寮,2018-08-10,71,7.0,2.0,nan,53.0,10.0,nan,71.0
33,彰化,2018-08-10,-1,nan,nan,nan,nan,nan,nan,nan
1,基隆,2018-08-10,56,9.0,3.0,nan,24.0,19.0,51.0,56.0
2,汐止,2018-08-10,90,7.0,6.0,nan,26.0,25.0,90.0,45.0
3,萬里,2018-08-10,60,10.0,3.0,nan,33.0,9.0,58.0,60.0
4,新店,2018-08-10,118,13.0,3.0,nan,31.0,22.0,118.0,77.0
5,土城,2018-08-10,104,11.0,5.0,nan,34.0,22.0,104.0,70.0
6,板橋,2018-08-10,80,11.0,6.0,nan,43.0,29.0,80.0,69.0
7,新莊,2018-08-10,71,20.0,6.0,nan,32.0,24.0,71.0,68.0
8,菜寮,2018-08-10,65,14.0,5.0,nan,27.0,22.0,51.0,65.0
17,桃園,2018-08-10,81,16.0,5.0,nan,39.0,22.0,48.0,81.0
9,林口,2018-08-10,49,20.0,3.0,nan,33.0,26.0,49.0,nan
10,淡水,2018-08-10,63,10.0,5.0,nan,31.0,18.0,43.0,63.0
11,士林,2018-08-10,70,10.0,6.0,nan,29.0,22.0,49.0,70.0
12,中山,2018-08-10,70,11.0,8.0,nan,37.0,35.0,42.0,70.0
13,萬華,2018-08-10,74,13.0,6.0,nan,38.0,25.0,64.0,74.0
14,古亭,2018-08-10,97,9.0,5.0,nan,33.0,22.0,97.0,84.0
15,松山,2018-08-10,80,10.0,6.0,nan,37.0,28.0,80.0,76.0
16,大同,2018-08-10,65,7.0,19.0,nan,47.0,49.0,nan,65.0
18,大園,2018-08-10,75,14.0,3.0,nan,40.0,26.0,39.0,75.0
19,觀音,2018-08-10,68,14.0,3.0,nan,46.0,24.0,40.0,68.0
20,平鎮,2018-08-10,86,10.0,5.0,nan,39.0,22.0,48.0,86.0
21,龍潭,2018-08-10,85,17.0,5.0,nan,39.0,25.0,77.0,85.0
22,湖口,2018-08-10,69,9.0,3.0,nan,39.0,25.0,46.0,69.0
23,竹東,2018-08-10,57,9.0,3.0,nan,39.0,15.0,48.0,57.0
24,新竹,2018-08-10,75,9.0,5.0,nan,30.0,22.0,40.0,75.0
25,頭份,2018-08-10,71,11.0,3.0,nan,37.0,26.0,nan,71.0
26,苗栗,2018-08-10,82,6.0,3.0,nan,55.0,16.0,37.0,82.0
27,三義,2018-08-10,82,9.0,2.0,nan,35.0,13.0,47.0,82.0
28,豐原,2018-08-10,78,13.0,3.0,nan,39.0,14.0,51.0,78.0
29,沙鹿,2018-08-10,70,9.0,2.0,nan,33.0,20.0,43.0,70.0
30,大里,2018-08-10,77,7.0,6.0,nan,nan,22.0,77.0,nan
31,忠明,2018-08-10,77,11.0,5.0,nan,33.0,25.0,50.0,77.0
32,西屯,2018-08-10,87,14.0,3.0,nan,35.0,22.0,50.0,87.0
34,線西,2018-08-10,67,6.0,3.0,nan,25.0,14.0,nan,67.0
35,二林,2018-08-10,88,9.0,2.0,nan,43.0,10.0,37.0,88.0
36,南投,2018-08-10,75,11.0,5.0,nan,39.0,19.0,64.0,75.0
37,斗六,2018-08-10,65,9.0,3.0,nan,31.0,12.0,61.0,65.0
38,崙背,2018-08-10,80,4.0,2.0,nan,33.0,9.0,41.0,80.0
39,新港,2018-08-10,50,9.0,2.0,nan,33.0,12.0,46.0,50.0
40,朴子,2018-08-10,58,6.0,2.0,nan,41.0,9.0,42.0,58.0
41,臺西,2018-08-10,72,16.0,2.0,nan,24.0,12.0,nan,72.0
42,嘉義,2018-08-10,56,7.0,2.0,nan,33.0,10.0,54.0,56.0
43,新營,2018-08-10,62,6.0,2.0,nan,33.0,8.0,42.0,62.0
44,善化,2018-08-10,47,4.0,2.0,nan,29.0,10.0,47.0,32.0
45,安南,2018-08-10,45,4.0,3.0,nan,28.0,12.0,45.0,44.0
46,臺南,2018-08-10,39,4.0,3.0,nan,22.0,14.0,39.0,33.0
47,美濃,2018-08-10,42,3.0,2.0,nan,20.0,6.0,42.0,12.0
48,橋頭,2018-08-10,32,4.0,2.0,nan,17.0,11.0,32.0,7.0
49,仁武,2018-08-10,31,11.0,3.0,nan,31.0,13.0,31.0,26.0
67,三重,2018-08-10,67,14.0,15.0,nan,51.0,49.0,nan,67.0
50,鳳山,2018-08-10,20,7.0,5.0,nan,14.0,20.0,nan,17.0
51,大寮,2018-08-10,43,16.0,3.0,nan,21.0,17.0,30.0,43.0
52,林園,2018-08-10,31,4.0,1.0,nan,22.0,7.0,31.0,29.0
53,楠梓,2018-08-10,39,6.0,3.0,nan,31.0,18.0,35.0,39.0
54,左營,2018-08-10,31,6.0,3.0,nan,26.0,12.0,31.0,23.0
56,前金,2018-08-10,31,7.0,2.0,nan,20.0,15.0,31.0,23.0
57,前鎮,2018-08-10,24,16.0,5.0,nan,24.0,22.0,nan,20.0
58,小港,2018-08-10,30,23.0,6.0,nan,23.0,25.0,25.0,30.0
59,屏東,2018-08-10,49,6.0,3.0,nan,19.0,14.0,49.0,36.0
60,潮州,2018-08-10,42,9.0,3.0,nan,25.0,8.0,42.0,33.0
61,恆春,2018-08-10,27,3.0,1.0,nan,6.0,2.0,27.0,17.0
62,臺東,2018-08-10,32,3.0,3.0,nan,20.0,10.0,19.0,32.0
63,花蓮,2018-08-10,71,7.0,3.0,nan,33.0,10.0,71.0,41.0
64,陽明,2018-08-10,58,7.0,2.0,nan,19.0,17.0,47.0,58.0
65,宜蘭,2018-08-10,87,21.0,3.0,nan,34.0,8.0,87.0,63.0
66,冬山,2018-08-10,59,9.0,7.0,nan,36.0,14.0,51.0,59.0
68,中壢,2018-08-10,69,13.0,11.0,nan,48.0,33.0,nan,69.0
69,竹山,2018-08-10,80,17.0,3.0,nan,40.0,23.0,80.0,68.0
70,永和,2018-08-10,70,11.0,11.0,nan,31.0,37.0,nan,70.0
71,復興,2018-08-10,25,14.0,6.0,nan,19.0,21.0,nan,25.0
72,埔里,2018-08-10,104,4.0,3.0,nan,35.0,12.0,104.0,79.0
75,馬祖,2018-08-10,52,7.0,2.0,nan,33.0,6.0,47.0,52.0
77,金門,2018-08-10,67,33.0,2.0,nan,36.0,20.0,45.0,67.0
78,馬公,2018-08-10,37,4.0,2.0,nan,18.0,8.0,37.0,36.0
80,關山,2018-08-10,32,3.0,nan,nan,19.0,3.0,20.0,32.0
84,富貴角,2018-08-10,58,9.0,2.0,nan,20.0,20.0,44.0,58.0
7,新莊,2018-08-11,79,30.0,5.0,nan,34.0,24.0,46.0,79.0
84,富貴角,2018-08-11,68,10.0,3.0,nan,23.0,25.0,45.0,68.0
26,苗栗,2018-08-11,81,9.0,5.0,nan,57.0,15.0,41.0,81.0
31,忠明,2018-08-11,96,9.0,5.0,nan,40.0,20.0,61.0,96.0
6,板橋,2018-08-11,72,23.0,5.0,nan,48.0,22.0,45.0,72.0
32,西屯,2018-08-11,110,7.0,3.0,nan,41.0,18.0,64.0,110.0
34,線西,2018-08-11,80,9.0,3.0,nan,32.0,14.0,nan,80.0
35,二林,2018-08-11,90,13.0,3.0,nan,44.0,8.0,38.0,90.0
19,觀音,2018-08-11,74,10.0,3.0,nan,48.0,19.0,44.0,74.0
36,南投,2018-08-11,83,9.0,5.0,nan,43.0,13.0,61.0,83.0
37,斗六,2018-08-11,91,10.0,3.0,nan,41.0,9.0,71.0,91.0
5,土城,2018-08-11,80,9.0,5.0,nan,38.0,22.0,54.0,80.0
18,大園,2018-08-11,81,10.0,3.0,nan,44.0,25.0,44.0,81.0
4,新店,2018-08-11,85,9.0,5.0,nan,35.0,15.0,71.0,85.0
38,崙背,2018-08-11,75,4.0,2.0,nan,31.0,8.0,38.0,75.0
25,頭份,2018-08-11,82,9.0,3.0,nan,41.0,21.0,nan,82.0
39,新港,2018-08-11,59,7.0,2.0,nan,34.0,8.0,46.0,59.0
40,朴子,2018-08-11,62,9.0,2.0,nan,52.0,9.0,43.0,62.0
3,萬里,2018-08-11,66,9.0,2.0,nan,36.0,8.0,50.0,66.0
24,新竹,2018-08-11,81,7.0,3.0,nan,33.0,16.0,39.0,81.0
41,臺西,2018-08-11,70,9.0,2.0,nan,23.0,11.0,nan,70.0
16,大同,2018-08-11,74,6.0,16.0,nan,53.0,38.0,nan,74.0
42,嘉義,2018-08-11,61,9.0,2.0,nan,38.0,12.0,61.0,60.0
43,新營,2018-08-11,69,7.0,2.0,nan,36.0,10.0,46.0,69.0
44,善化,2018-08-11,53,9.0,2.0,nan,31.0,8.0,47.0,53.0
45,安南,2018-08-11,63,6.0,3.0,nan,36.0,18.0,48.0,63.0
46,臺南,2018-08-11,52,6.0,5.0,nan,31.0,15.0,49.0,52.0
2,汐止,2018-08-11,57,9.0,6.0,nan,30.0,23.0,49.0,57.0
47,美濃,2018-08-11,48,3.0,2.0,nan,23.0,4.0,48.0,20.0
48,橋頭,2018-08-11,43,4.0,3.0,nan,26.0,12.0,43.0,25.0
29,沙鹿,2018-08-11,84,9.0,3.0,nan,40.0,16.0,48.0,84.0
49,仁武,2018-08-11,44,10.0,3.0,nan,28.0,18.0,44.0,33.0
1,基隆,2018-08-11,69,16.0,3.0,nan,29.0,19.0,43.0,69.0
67,三重,2018-08-11,81,19.0,12.0,nan,54.0,35.0,nan,81.0
33,彰化,2018-08-11,38,3.0,7.0,nan,nan,13.0,38.0,nan
15,松山,2018-08-11,80,9.0,5.0,nan,34.0,24.0,44.0,80.0
50,鳳山,2018-08-11,37,9.0,5.0,nan,17.0,16.0,nan,37.0
17,桃園,2018-08-11,98,13.0,3.0,nan,46.0,17.0,41.0,98.0
51,大寮,2018-08-11,51,13.0,3.0,nan,25.0,14.0,42.0,51.0
23,竹東,2018-08-11,65,7.0,3.0,nan,41.0,10.0,45.0,65.0
52,林園,2018-08-11,44,9.0,2.0,nan,27.0,9.0,44.0,39.0
14,古亭,2018-08-11,95,9.0,5.0,nan,38.0,25.0,45.0,95.0
53,楠梓,2018-08-11,46,4.0,3.0,nan,34.0,18.0,45.0,46.0
30,大里,2018-08-11,52,14.0,7.0,nan,52.0,26.0,49.0,nan
54,左營,2018-08-11,43,9.0,5.0,nan,31.0,21.0,43.0,36.0
56,前金,2018-08-11,43,9.0,5.0,nan,26.0,18.0,43.0,33.0
22,湖口,2018-08-11,74,4.0,3.0,nan,41.0,23.0,45.0,74.0
13,萬華,2018-08-11,101,19.0,6.0,nan,43.0,21.0,40.0,101.0
57,前鎮,2018-08-11,32,7.0,7.0,nan,26.0,24.0,nan,32.0
58,小港,2018-08-11,41,9.0,5.0,nan,23.0,18.0,41.0,31.0
59,屏東,2018-08-11,61,4.0,3.0,nan,23.0,8.0,61.0,38.0
21,龍潭,2018-08-11,99,9.0,5.0,nan,44.0,17.0,67.0,99.0
60,潮州,2018-08-11,64,13.0,3.0,nan,32.0,11.0,64.0,46.0
12,中山,2018-08-11,78,13.0,7.0,nan,41.0,25.0,33.0,78.0
27,三義,2018-08-11,88,9.0,5.0,nan,38.0,10.0,44.0,88.0
61,恆春,2018-08-11,42,9.0,2.0,nan,8.0,6.0,42.0,nan
11,士林,2018-08-11,90,10.0,5.0,nan,34.0,22.0,43.0,90.0
62,臺東,2018-08-11,37,3.0,5.0,nan,19.0,12.0,27.0,37.0
63,花蓮,2018-08-11,53,9.0,3.0,nan,37.0,8.0,48.0,53.0
20,平鎮,2018-08-11,96,9.0,3.0,nan,46.0,25.0,43.0,96.0
10,淡水,2018-08-11,73,10.0,5.0,nan,36.0,18.0,39.0,73.0
64,陽明,2018-08-11,65,7.0,2.0,nan,22.0,15.0,40.0,65.0
9,林口,2018-08-11,46,14.0,5.0,nan,38.0,26.0,46.0,nan
65,宜蘭,2018-08-11,68,20.0,3.0,nan,38.0,8.0,67.0,68.0
28,豐原,2018-08-11,85,7.0,3.0,nan,38.0,16.0,46.0,85.0
66,冬山,2018-08-11,71,7.0,3.0,nan,39.0,10.0,47.0,71.0
8,菜寮,2018-08-11,78,14.0,5.0,nan,33.0,24.0,40.0,78.0
68,中壢,2018-08-11,87,7.0,8.0,nan,49.0,25.0,nan,87.0
69,竹山,2018-08-11,93,10.0,3.0,nan,44.0,8.0,93.0,88.0
70,永和,2018-08-11,85,10.0,10.0,nan,37.0,28.0,nan,85.0
71,復興,2018-08-11,37,7.0,8.0,nan,22.0,27.0,nan,37.0
72,埔里,2018-08-11,100,4.0,5.0,nan,37.0,12.0,100.0,81.0
75,馬祖,2018-08-11,67,6.0,3.0,nan,39.0,13.0,67.0,64.0
77,金門,2018-08-11,118,24.0,2.0,nan,48.0,17.0,118.0,79.0
78,馬公,2018-08-11,44,3.0,2.0,nan,19.0,5.0,37.0,44.0
80,關山,2018-08-11,40,3.0,nan,nan,23.0,5.0,31.0,40.0
83,麥寮,2018-08-11,72,11.0,2.0,nan,52.0,11.0,nan,72.0
69,竹山,2018-08-12,95,9.0,3.0,nan,47.0,7.0,93.0,95.0
84,富貴角,2018-08-12,56,1.0,2.0,nan,26.0,4.0,47.0,56.0
83,麥寮,2018-08-12,90,6.0,3.0,nan,60.0,12.0,nan,90.0
80,關山,2018-08-12,51,3.0,nan,nan,28.0,5.0,38.0,51.0
78,馬公,2018-08-12,64,3.0,2.0,nan,28.0,7.0,44.0,64.0
77,金門,2018-08-12,115,19.0,2.0,nan,53.0,18.0,115.0,100.0
75,馬祖,2018-08-12,129,10.0,5.0,nan,50.0,10.0,129.0,86.0
72,埔里,2018-08-12,84,3.0,3.0,nan,37.0,13.0,84.0,81.0
71,復興,2018-08-12,49,7.0,6.0,nan,29.0,18.0,nan,49.0
70,永和,2018-08-12,77,10.0,9.0,nan,31.0,27.0,nan,77.0
68,中壢,2018-08-12,74,4.0,14.0,nan,44.0,44.0,nan,74.0
66,冬山,2018-08-12,55,6.0,3.0,nan,34.0,12.0,44.0,55.0
65,宜蘭,2018-08-12,50,9.0,3.0,nan,30.0,7.0,47.0,50.0
64,陽明,2018-08-12,44,3.0,2.0,nan,15.0,3.0,44.0,32.0
63,花蓮,2018-08-12,41,9.0,3.0,nan,32.0,24.0,41.0,39.0
62,臺東,2018-08-12,45,3.0,3.0,nan,nan,8.0,35.0,45.0
61,恆春,2018-08-12,39,4.0,2.0,nan,16.0,4.0,39.0,nan
60,潮州,2018-08-12,59,13.0,2.0,nan,35.0,10.0,44.0,59.0
59,屏東,2018-08-12,50,6.0,5.0,nan,27.0,13.0,49.0,50.0
58,小港,2018-08-12,41,20.0,3.0,nan,27.0,14.0,41.0,38.0
57,前鎮,2018-08-12,39,10.0,3.0,nan,31.0,19.0,nan,39.0
56,前金,2018-08-12,58,7.0,5.0,nan,33.0,17.0,41.0,58.0
54,左營,2018-08-12,58,9.0,3.0,nan,38.0,20.0,39.0,58.0
53,楠梓,2018-08-12,72,6.0,2.0,nan,42.0,16.0,45.0,72.0
52,林園,2018-08-12,52,14.0,2.0,nan,37.0,13.0,39.0,52.0
51,大寮,2018-08-12,58,16.0,3.0,nan,29.0,13.0,49.0,58.0
50,鳳山,2018-08-12,46,7.0,5.0,nan,23.0,13.0,nan,46.0
67,三重,2018-08-12,68,6.0,16.0,nan,47.0,42.0,nan,68.0
49,仁武,2018-08-12,47,11.0,3.0,nan,32.0,14.0,46.0,47.0
48,橋頭,2018-08-12,44,4.0,2.0,nan,30.0,15.0,44.0,35.0
47,美濃,2018-08-12,45,4.0,2.0,nan,31.0,7.0,45.0,36.0
46,臺南,2018-08-12,67,3.0,3.0,nan,35.0,12.0,42.0,67.0
45,安南,2018-08-12,75,3.0,3.0,nan,41.0,11.0,43.0,75.0
44,善化,2018-08-12,73,6.0,2.0,nan,37.0,7.0,42.0,73.0
43,新營,2018-08-12,91,6.0,3.0,nan,44.0,8.0,44.0,91.0
42,嘉義,2018-08-12,78,11.0,2.0,nan,44.0,8.0,77.0,78.0
41,臺西,2018-08-12,89,14.0,2.0,nan,30.0,19.0,nan,89.0
40,朴子,2018-08-12,89,6.0,3.0,nan,65.0,12.0,50.0,89.0
39,新港,2018-08-12,84,7.0,3.0,nan,46.0,10.0,67.0,84.0
38,崙背,2018-08-12,102,4.0,2.0,nan,42.0,8.0,61.0,102.0
37,斗六,2018-08-12,107,7.0,3.0,nan,40.0,10.0,97.0,107.0
36,南投,2018-08-12,91,13.0,7.0,nan,47.0,25.0,61.0,91.0
35,二林,2018-08-12,97,7.0,3.0,nan,49.0,10.0,49.0,97.0
34,線西,2018-08-12,81,10.0,3.0,nan,34.0,11.0,nan,81.0
32,西屯,2018-08-12,95,13.0,3.0,nan,41.0,16.0,67.0,95.0
31,忠明,2018-08-12,93,7.0,5.0,nan,37.0,18.0,64.0,93.0
30,大里,2018-08-12,84,6.0,6.0,nan,50.0,17.0,84.0,nan
29,沙鹿,2018-08-12,85,9.0,5.0,nan,42.0,20.0,49.0,85.0
28,豐原,2018-08-12,71,6.0,3.0,nan,39.0,15.0,61.0,71.0
27,三義,2018-08-12,92,7.0,3.0,nan,37.0,8.0,50.0,92.0
26,苗栗,2018-08-12,73,4.0,5.0,nan,57.0,15.0,43.0,73.0
25,頭份,2018-08-12,75,10.0,3.0,nan,39.0,23.0,nan,75.0
24,新竹,2018-08-12,81,7.0,6.0,nan,32.0,17.0,43.0,81.0
23,竹東,2018-08-12,54,4.0,3.0,nan,33.0,10.0,39.0,54.0
22,湖口,2018-08-12,74,7.0,5.0,nan,40.0,19.0,51.0,74.0
21,龍潭,2018-08-12,86,6.0,5.0,nan,35.0,15.0,48.0,86.0
20,平鎮,2018-08-12,94,10.0,6.0,nan,42.0,20.0,46.0,94.0
19,觀音,2018-08-12,72,9.0,5.0,nan,47.0,23.0,48.0,72.0
18,大園,2018-08-12,75,11.0,5.0,nan,41.0,27.0,47.0,75.0
16,大同,2018-08-12,66,6.0,17.0,nan,46.0,40.0,nan,66.0
15,松山,2018-08-12,65,6.0,6.0,nan,35.0,31.0,39.0,65.0
14,古亭,2018-08-12,91,10.0,7.0,nan,33.0,24.0,40.0,91.0
13,萬華,2018-08-12,83,9.0,8.0,nan,36.0,37.0,38.0,83.0
12,中山,2018-08-12,33,7.0,8.0,nan,33.0,32.0,31.0,nan
11,士林,2018-08-12,77,3.0,5.0,nan,30.0,20.0,44.0,77.0
10,淡水,2018-08-12,64,4.0,5.0,nan,34.0,16.0,39.0,64.0
9,林口,2018-08-12,49,7.0,5.0,nan,34.0,29.0,49.0,nan
8,菜寮,2018-08-12,68,4.0,6.0,nan,28.0,26.0,38.0,68.0
7,新莊,2018-08-12,69,24.0,6.0,nan,31.0,34.0,44.0,69.0
6,板橋,2018-08-12,67,20.0,7.0,nan,44.0,25.0,41.0,67.0
5,土城,2018-08-12,75,6.0,6.0,nan,37.0,25.0,45.0,75.0
4,新店,2018-08-12,75,4.0,5.0,nan,32.0,16.0,42.0,75.0
3,萬里,2018-08-12,52,4.0,3.0,nan,30.0,8.0,43.0,52.0
2,汐止,2018-08-12,52,6.0,6.0,nan,28.0,21.0,43.0,52.0
1,基隆,2018-08-12,60,11.0,6.0,nan,25.0,20.0,38.0,60.0
33,彰化,2018-08-12,97,17.0,7.0,nan,49.0,14.0,54.0,97.0
17,桃園,2018-08-12,76,19.0,6.0,nan,40.0,26.0,43.0,76.0
83,麥寮,2018-08-13,41,3.0,3.0,nan,38.0,15.0,nan,41.0
80,關山,2018-08-13,45,3.0,nan,nan,24.0,6.0,31.0,45.0
78,馬公,2018-08-13,34,13.0,2.0,nan,12.0,9.0,34.0,17.0
77,金門,2018-08-13,58,9.0,1.0,nan,31.0,14.0,34.0,58.0
75,馬祖,2018-08-13,76,7.0,2.0,nan,47.0,8.0,71.0,76.0
72,埔里,2018-08-13,71,3.0,3.0,nan,30.0,11.0,71.0,69.0
71,復興,2018-08-13,24,10.0,7.0,nan,17.0,24.0,nan,13.0
70,永和,2018-08-13,44,13.0,10.0,nan,24.0,33.0,nan,44.0
69,竹山,2018-08-13,58,4.0,3.0,nan,32.0,11.0,44.0,58.0
68,中壢,2018-08-13,62,9.0,17.0,nan,42.0,38.0,nan,62.0
66,冬山,2018-08-13,39,6.0,3.0,nan,28.0,13.0,31.0,39.0
65,宜蘭,2018-08-13,35,21.0,3.0,nan,25.0,7.0,34.0,35.0
64,陽明,2018-08-13,56,6.0,2.0,nan,20.0,5.0,40.0,56.0
63,花蓮,2018-08-13,39,4.0,2.0,nan,29.0,10.0,39.0,28.0
62,臺東,2018-08-13,45,3.0,3.0,nan,nan,8.0,30.0,45.0
61,恆春,2018-08-13,39,3.0,1.0,nan,11.0,2.0,39.0,11.0
60,潮州,2018-08-13,33,4.0,2.0,nan,23.0,5.0,33.0,19.0
59,屏東,2018-08-13,33,17.0,8.0,nan,14.0,22.0,33.0,21.0
58,小港,2018-08-13,43,43.0,6.0,nan,18.0,33.0,27.0,24.0
57,前鎮,2018-08-13,33,11.0,9.0,nan,20.0,33.0,nan,6.0
56,前金,2018-08-13,33,7.0,6.0,nan,23.0,31.0,33.0,17.0
54,左營,2018-08-13,30,9.0,7.0,nan,22.0,28.0,30.0,12.0
53,楠梓,2018-08-13,31,9.0,5.0,nan,24.0,25.0,31.0,30.0
52,林園,2018-08-13,38,4.0,2.0,nan,37.0,11.0,38.0,29.0
51,大寮,2018-08-13,31,9.0,3.0,nan,16.0,20.0,31.0,31.0
50,鳳山,2018-08-13,24,16.0,7.0,nan,16.0,24.0,nan,15.0
67,三重,2018-08-13,51,9.0,17.0,nan,38.0,43.0,nan,51.0
48,橋頭,2018-08-13,29,9.0,5.0,nan,13.0,25.0,29.0,5.0
47,美濃,2018-08-13,35,3.0,2.0,nan,13.0,8.0,35.0,7.0
46,臺南,2018-08-13,31,6.0,5.0,nan,18.0,17.0,31.0,23.0
45,安南,2018-08-13,30,7.0,5.0,nan,21.0,21.0,30.0,26.0
44,善化,2018-08-13,30,9.0,3.0,nan,19.0,11.0,30.0,14.0
43,新營,2018-08-13,46,4.0,3.0,nan,22.0,8.0,33.0,46.0
42,嘉義,2018-08-13,38,10.0,2.0,nan,25.0,10.0,38.0,31.0
41,臺西,2018-08-13,39,6.0,1.0,nan,12.0,8.0,nan,39.0
40,朴子,2018-08-13,48,4.0,3.0,nan,48.0,10.0,38.0,33.0
39,新港,2018-08-13,58,4.0,2.0,nan,26.0,9.0,42.0,58.0
38,崙背,2018-08-13,49,3.0,2.0,nan,19.0,9.0,41.0,49.0
37,斗六,2018-08-13,51,6.0,3.0,nan,29.0,12.0,43.0,51.0
36,南投,2018-08-13,60,4.0,3.0,nan,30.0,21.0,45.0,60.0
35,二林,2018-08-13,61,6.0,2.0,nan,26.0,10.0,44.0,61.0
34,線西,2018-08-13,45,4.0,3.0,nan,19.0,21.0,nan,45.0
32,西屯,2018-08-13,67,9.0,7.0,nan,30.0,15.0,54.0,67.0
31,忠明,2018-08-13,58,7.0,7.0,nan,25.0,27.0,48.0,58.0
30,大里,2018-08-13,58,4.0,7.0,nan,37.0,24.0,50.0,58.0
29,沙鹿,2018-08-13,52,13.0,5.0,nan,26.0,24.0,46.0,52.0
28,豐原,2018-08-13,60,6.0,3.0,nan,27.0,11.0,51.0,60.0
27,三義,2018-08-13,60,9.0,3.0,nan,26.0,13.0,45.0,60.0
26,苗栗,2018-08-13,65,6.0,5.0,nan,52.0,14.0,44.0,65.0
25,頭份,2018-08-13,14,7.0,3.0,nan,nan,14.0,nan,nan
24,新竹,2018-08-13,64,4.0,5.0,nan,29.0,18.0,42.0,64.0
23,竹東,2018-08-13,13,3.0,3.0,nan,nan,6.0,13.0,nan
22,湖口,2018-08-13,56,6.0,3.0,nan,33.0,17.0,49.0,56.0
21,龍潭,2018-08-13,74,10.0,5.0,nan,35.0,17.0,74.0,71.0
20,平鎮,2018-08-13,73,9.0,5.0,nan,39.0,21.0,42.0,73.0
19,觀音,2018-08-13,59,7.0,3.0,nan,43.0,16.0,44.0,59.0
18,大園,2018-08-13,67,7.0,5.0,nan,37.0,23.0,42.0,67.0
16,大同,2018-08-13,51,4.0,18.0,nan,43.0,45.0,nan,51.0
15,松山,2018-08-13,51,17.0,6.0,nan,31.0,22.0,30.0,51.0
14,古亭,2018-08-13,62,13.0,6.0,nan,24.0,25.0,29.0,62.0
13,萬華,2018-08-13,58,7.0,6.0,nan,28.0,27.0,26.0,58.0
12,中山,2018-08-13,27,9.0,7.0,nan,27.0,24.0,25.0,nan
11,士林,2018-08-13,53,7.0,5.0,nan,26.0,21.0,36.0,53.0
10,淡水,2018-08-13,56,13.0,6.0,nan,31.0,16.0,33.0,56.0
9,林口,2018-08-13,39,9.0,5.0,nan,33.0,25.0,39.0,nan
8,菜寮,2018-08-13,55,6.0,6.0,nan,21.0,21.0,33.0,55.0
84,富貴角,2018-08-13,51,4.0,3.0,nan,31.0,8.0,43.0,51.0
7,新莊,2018-08-13,55,7.0,8.0,nan,29.0,24.0,42.0,55.0
6,板橋,2018-08-13,45,7.0,8.0,nan,36.0,29.0,29.0,45.0
5,土城,2018-08-13,54,11.0,7.0,nan,30.0,23.0,38.0,54.0
4,新店,2018-08-13,45,6.0,5.0,nan,24.0,16.0,35.0,45.0
3,萬里,2018-08-13,46,10.0,3.0,nan,35.0,10.0,37.0,46.0
2,汐止,2018-08-13,32,20.0,6.0,nan,24.0,25.0,32.0,25.0
1,基隆,2018-08-13,41,4.0,5.0,nan,21.0,19.0,31.0,41.0
49,仁武,2018-08-13,34,6.0,5.0,nan,19.0,18.0,34.0,12.0
33,彰化,2018-08-13,71,11.0,5.0,nan,34.0,15.0,71.0,50.0
17,桃園,2018-08-13,79,33.0,6.0,nan,40.0,30.0,39.0,79.0
68,中壢,2018-08-14,37,13.0,15.0,nan,31.0,37.0,nan,25.0
17,桃園,2018-08-14,51,14.0,5.0,nan,22.0,23.0,30.0,51.0
33,彰化,2018-08-14,51,19.0,3.0,nan,19.0,10.0,51.0,22.0
49,仁武,2018-08-14,35,13.0,5.0,nan,20.0,21.0,35.0,13.0
1,基隆,2018-08-14,25,19.0,5.0,nan,12.0,25.0,23.0,23.0
2,汐止,2018-08-14,25,3.0,6.0,nan,13.0,25.0,25.0,7.0
3,萬里,2018-08-14,30,4.0,2.0,nan,21.0,11.0,30.0,22.0
4,新店,2018-08-14,32,6.0,5.0,nan,18.0,22.0,32.0,21.0
5,土城,2018-08-14,32,6.0,6.0,nan,16.0,24.0,32.0,31.0
6,板橋,2018-08-14,27,10.0,6.0,nan,25.0,25.0,27.0,20.0
7,新莊,2018-08-14,32,21.0,5.0,nan,15.0,26.0,28.0,32.0
8,菜寮,2018-08-14,28,10.0,6.0,nan,9.0,23.0,25.0,28.0
9,林口,2018-08-14,32,11.0,3.0,nan,17.0,26.0,32.0,nan
10,淡水,2018-08-14,24,6.0,3.0,nan,16.0,17.0,24.0,23.0
16,大同,2018-08-14,36,9.0,26.0,nan,31.0,36.0,nan,27.0
11,士林,2018-08-14,32,6.0,5.0,nan,18.0,21.0,26.0,32.0
12,中山,2018-08-14,33,4.0,9.0,nan,17.0,33.0,18.0,30.0
13,萬華,2018-08-14,28,6.0,8.0,nan,18.0,28.0,21.0,28.0
14,古亭,2018-08-14,34,4.0,6.0,nan,15.0,26.0,26.0,34.0
15,松山,2018-08-14,32,4.0,7.0,nan,19.0,29.0,24.0,32.0
18,大園,2018-08-14,32,14.0,3.0,nan,20.0,24.0,32.0,32.0
19,觀音,2018-08-14,37,9.0,2.0,nan,23.0,15.0,37.0,27.0
20,平鎮,2018-08-14,34,13.0,6.0,nan,26.0,30.0,28.0,34.0
21,龍潭,2018-08-14,42,10.0,5.0,nan,22.0,21.0,42.0,39.0
22,湖口,2018-08-14,43,9.0,3.0,nan,19.0,29.0,43.0,27.0
23,竹東,2018-08-14,26,1.0,3.0,nan,nan,13.0,26.0,nan
24,新竹,2018-08-14,35,7.0,5.0,nan,12.0,18.0,28.0,35.0
25,頭份,2018-08-14,25,4.0,3.0,nan,nan,25.0,nan,nan
26,苗栗,2018-08-14,36,7.0,5.0,nan,36.0,17.0,31.0,31.0
27,三義,2018-08-14,39,4.0,2.0,nan,13.0,8.0,39.0,17.0
28,豐原,2018-08-14,45,14.0,16.0,nan,14.0,12.0,45.0,26.0
29,沙鹿,2018-08-14,49,7.0,3.0,nan,16.0,18.0,49.0,21.0
30,大里,2018-08-14,48,6.0,8.0,nan,23.0,19.0,48.0,26.0
31,忠明,2018-08-14,49,10.0,5.0,nan,14.0,17.0,49.0,16.0
32,西屯,2018-08-14,50,9.0,3.0,nan,19.0,nan,50.0,21.0
34,線西,2018-08-14,21,9.0,3.0,nan,9.0,12.0,nan,21.0
35,二林,2018-08-14,37,6.0,2.0,nan,12.0,13.0,37.0,28.0
36,南投,2018-08-14,35,3.0,3.0,nan,16.0,17.0,35.0,23.0
37,斗六,2018-08-14,41,7.0,3.0,nan,15.0,13.0,41.0,15.0
38,崙背,2018-08-14,34,3.0,2.0,nan,14.0,10.0,34.0,31.0
39,新港,2018-08-14,35,6.0,3.0,nan,19.0,18.0,35.0,25.0
40,朴子,2018-08-14,35,6.0,2.0,nan,31.0,8.0,35.0,13.0
41,臺西,2018-08-14,23,6.0,2.0,nan,7.0,8.0,nan,23.0
42,嘉義,2018-08-14,34,7.0,2.0,nan,19.0,10.0,34.0,9.0
43,新營,2018-08-14,31,6.0,3.0,nan,16.0,10.0,31.0,26.0
44,善化,2018-08-14,32,7.0,2.0,nan,16.0,10.0,32.0,6.0
45,安南,2018-08-14,36,7.0,3.0,nan,22.0,18.0,36.0,19.0
46,臺南,2018-08-14,37,9.0,3.0,nan,19.0,14.0,37.0,17.0
47,美濃,2018-08-14,34,3.0,2.0,nan,14.0,4.0,34.0,6.0
48,橋頭,2018-08-14,33,11.0,5.0,nan,14.0,20.0,33.0,nan
67,三重,2018-08-14,36,7.0,17.0,nan,32.0,36.0,nan,25.0
50,鳳山,2018-08-14,24,14.0,7.0,nan,24.0,20.0,nan,10.0
51,大寮,2018-08-14,34,6.0,2.0,nan,14.0,9.0,34.0,23.0
52,林園,2018-08-14,39,3.0,1.0,nan,39.0,6.0,38.0,27.0
53,楠梓,2018-08-14,35,17.0,6.0,nan,30.0,25.0,35.0,32.0
54,左營,2018-08-14,33,14.0,7.0,nan,22.0,33.0,32.0,26.0
56,前金,2018-08-14,34,13.0,5.0,nan,19.0,30.0,34.0,15.0
57,前鎮,2018-08-14,33,16.0,8.0,nan,22.0,33.0,nan,14.0
58,小港,2018-08-14,35,23.0,7.0,nan,21.0,35.0,29.0,24.0
59,屏東,2018-08-14,32,6.0,5.0,nan,12.0,15.0,32.0,17.0
60,潮州,2018-08-14,31,1.0,1.0,nan,20.0,3.0,31.0,18.0
61,恆春,2018-08-14,35,4.0,1.0,nan,15.0,2.0,35.0,9.0
62,臺東,2018-08-14,24,1.0,3.0,nan,19.0,9.0,24.0,23.0
63,花蓮,2018-08-14,31,3.0,2.0,nan,19.0,10.0,31.0,10.0
64,陽明,2018-08-14,31,3.0,1.0,nan,6.0,7.0,31.0,7.0
65,宜蘭,2018-08-14,38,26.0,3.0,nan,17.0,20.0,38.0,22.0
66,冬山,2018-08-14,31,9.0,3.0,nan,24.0,31.0,27.0,27.0
69,竹山,2018-08-14,40,3.0,3.0,nan,18.0,8.0,40.0,11.0
70,永和,2018-08-14,32,6.0,17.0,nan,17.0,31.0,nan,32.0
71,復興,2018-08-14,33,19.0,7.0,nan,17.0,33.0,nan,12.0
72,埔里,2018-08-14,43,6.0,3.0,nan,18.0,14.0,43.0,40.0
75,馬祖,2018-08-14,30,4.0,1.0,nan,22.0,6.0,30.0,18.0
77,金門,2018-08-14,36,4.0,2.0,nan,19.0,9.0,36.0,36.0
78,馬公,2018-08-14,39,3.0,2.0,nan,12.0,9.0,39.0,11.0
80,關山,2018-08-14,29,3.0,nan,nan,23.0,4.0,21.0,29.0
83,麥寮,2018-08-14,32,3.0,3.0,nan,32.0,14.0,nan,26.0
84,富貴角,2018-08-14,30,1.0,2.0,nan,9.0,7.0,30.0,10.0
17,桃園,2018-08-15,52,14.0,3.0,nan,27.0,18.0,37.0,52.0
84,富貴角,2018-08-15,41,6.0,2.0,nan,15.0,9.0,41.0,21.0
83,麥寮,2018-08-15,39,4.0,5.0,nan,36.0,13.0,nan,39.0
80,關山,2018-08-15,23,3.0,nan,nan,20.0,6.0,23.0,23.0
78,馬公,2018-08-15,37,3.0,3.0,nan,11.0,8.0,37.0,16.0
77,金門,2018-08-15,42,9.0,2.0,nan,21.0,17.0,42.0,38.0
75,馬祖,2018-08-15,23,3.0,1.0,nan,17.0,9.0,23.0,6.0
72,埔里,2018-08-15,36,4.0,3.0,nan,17.0,16.0,28.0,36.0
71,復興,2018-08-15,40,23.0,9.0,nan,19.0,40.0,nan,20.0
70,永和,2018-08-15,37,9.0,15.0,nan,25.0,35.0,nan,37.0
69,竹山,2018-08-15,30,4.0,2.0,nan,21.0,14.0,30.0,17.0
68,中壢,2018-08-15,36,1.0,16.0,nan,29.0,36.0,nan,32.0
66,冬山,2018-08-15,29,7.0,3.0,nan,23.0,20.0,29.0,25.0
65,宜蘭,2018-08-15,38,13.0,3.0,nan,18.0,19.0,38.0,19.0
64,陽明,2018-08-15,37,4.0,2.0,nan,9.0,8.0,37.0,19.0
63,花蓮,2018-08-15,27,3.0,2.0,nan,20.0,10.0,27.0,7.0
62,臺東,2018-08-15,23,1.0,3.0,nan,19.0,8.0,23.0,17.0
61,恆春,2018-08-15,34,4.0,1.0,nan,11.0,2.0,34.0,12.0
60,潮州,2018-08-15,27,3.0,2.0,nan,20.0,7.0,27.0,23.0
59,屏東,2018-08-15,28,6.0,7.0,nan,13.0,20.0,28.0,28.0
58,小港,2018-08-15,56,56.0,7.0,nan,26.0,33.0,16.0,34.0
57,前鎮,2018-08-15,42,17.0,15.0,nan,23.0,42.0,nan,21.0
56,前金,2018-08-15,36,24.0,8.0,nan,22.0,36.0,21.0,35.0
54,左營,2018-08-15,41,19.0,10.0,nan,22.0,41.0,20.0,26.0
53,楠梓,2018-08-15,41,14.0,8.0,nan,28.0,41.0,22.0,nan
52,林園,2018-08-15,37,4.0,3.0,nan,nan,15.0,32.0,37.0
51,大寮,2018-08-15,32,10.0,3.0,nan,17.0,16.0,24.0,32.0
50,鳳山,2018-08-15,27,9.0,9.0,nan,26.0,27.0,nan,25.0
67,三重,2018-08-15,44,10.0,19.0,nan,37.0,44.0,nan,39.0
48,橋頭,2018-08-15,40,9.0,8.0,nan,18.0,40.0,24.0,nan
47,美濃,2018-08-15,33,3.0,3.0,nan,16.0,8.0,33.0,nan
46,臺南,2018-08-15,31,7.0,7.0,nan,21.0,31.0,25.0,26.0
45,安南,2018-08-15,39,10.0,8.0,nan,26.0,37.0,23.0,39.0
44,善化,2018-08-15,27,19.0,5.0,nan,19.0,27.0,26.0,17.0
43,新營,2018-08-15,30,6.0,5.0,nan,22.0,16.0,28.0,30.0
42,嘉義,2018-08-15,32,14.0,3.0,nan,19.0,8.0,32.0,19.0
41,臺西,2018-08-15,26,3.0,2.0,nan,8.0,9.0,nan,26.0
40,朴子,2018-08-15,35,7.0,5.0,nan,35.0,24.0,35.0,29.0
39,新港,2018-08-15,35,4.0,3.0,nan,17.0,15.0,35.0,30.0
38,崙背,2018-08-15,33,1.0,2.0,nan,nan,7.0,33.0,nan
37,斗六,2018-08-15,35,4.0,5.0,nan,17.0,12.0,35.0,27.0
36,南投,2018-08-15,26,4.0,3.0,nan,18.0,13.0,26.0,23.0
35,二林,2018-08-15,37,7.0,2.0,nan,12.0,10.0,37.0,33.0
34,線西,2018-08-15,19,9.0,3.0,nan,10.0,11.0,nan,19.0
32,西屯,2018-08-15,40,3.0,5.0,nan,19.0,24.0,40.0,25.0
31,忠明,2018-08-15,35,4.0,5.0,nan,11.0,15.0,35.0,24.0
30,大里,2018-08-15,31,9.0,9.0,nan,28.0,18.0,31.0,23.0
29,沙鹿,2018-08-15,37,6.0,5.0,nan,18.0,17.0,37.0,29.0
28,豐原,2018-08-15,34,9.0,3.0,nan,16.0,12.0,34.0,23.0
27,三義,2018-08-15,36,6.0,2.0,nan,16.0,8.0,36.0,22.0
26,苗栗,2018-08-15,36,3.0,3.0,nan,36.0,16.0,31.0,34.0
25,頭份,2018-08-15,20,6.0,3.0,nan,20.0,15.0,nan,18.0
24,新竹,2018-08-15,35,9.0,5.0,nan,18.0,17.0,30.0,35.0
23,竹東,2018-08-15,34,1.0,3.0,nan,19.0,8.0,34.0,16.0
22,湖口,2018-08-15,43,9.0,3.0,nan,23.0,26.0,43.0,27.0
21,龍潭,2018-08-15,45,4.0,3.0,nan,20.0,13.0,45.0,29.0
20,平鎮,2018-08-15,41,6.0,3.0,nan,25.0,17.0,41.0,39.0
19,觀音,2018-08-15,41,9.0,3.0,nan,27.0,14.0,41.0,33.0
18,大園,2018-08-15,44,6.0,2.0,nan,26.0,12.0,44.0,35.0
16,大同,2018-08-15,34,7.0,16.0,nan,34.0,34.0,nan,34.0
15,松山,2018-08-15,30,7.0,7.0,nan,21.0,30.0,29.0,28.0
14,古亭,2018-08-15,48,6.0,6.0,nan,25.0,23.0,38.0,48.0
13,萬華,2018-08-15,54,7.0,7.0,nan,25.0,25.0,32.0,54.0
12,中山,2018-08-15,40,7.0,12.0,nan,22.0,40.0,20.0,37.0
11,士林,2018-08-15,37,7.0,3.0,nan,19.0,15.0,37.0,34.0
10,淡水,2018-08-15,35,7.0,2.0,nan,23.0,12.0,35.0,34.0
9,林口,2018-08-15,43,7.0,2.0,nan,25.0,19.0,43.0,nan
8,菜寮,2018-08-15,41,9.0,5.0,nan,19.0,22.0,31.0,41.0
7,新莊,2018-08-15,42,17.0,6.0,nan,22.0,26.0,42.0,38.0
6,板橋,2018-08-15,41,16.0,6.0,nan,33.0,25.0,41.0,30.0
5,土城,2018-08-15,45,10.0,6.0,nan,23.0,28.0,45.0,35.0
4,新店,2018-08-15,45,6.0,5.0,nan,24.0,18.0,45.0,36.0
3,萬里,2018-08-15,41,4.0,2.0,nan,21.0,10.0,41.0,28.0
2,汐止,2018-08-15,35,6.0,7.0,nan,19.0,24.0,35.0,14.0
1,基隆,2018-08-15,39,10.0,3.0,nan,16.0,19.0,39.0,30.0
49,仁武,2018-08-15,38,10.0,8.0,nan,19.0,38.0,28.0,19.0
33,彰化,2018-08-15,42,11.0,5.0,nan,19.0,15.0,42.0,22.0
27,三義,2018-08-16,42,6.0,2.0,nan,24.0,10.0,42.0,42.0
17,桃園,2018-08-16,48,14.0,5.0,nan,27.0,20.0,44.0,48.0
33,彰化,2018-08-16,42,23.0,3.0,nan,32.0,14.0,39.0,42.0
49,仁武,2018-08-16,35,7.0,5.0,nan,25.0,20.0,35.0,29.0
1,基隆,2018-08-16,48,9.0,5.0,nan,20.0,25.0,48.0,38.0
2,汐止,2018-08-16,54,6.0,6.0,nan,25.0,26.0,54.0,28.0
3,萬里,2018-08-16,54,7.0,2.0,nan,24.0,12.0,54.0,40.0
4,新店,2018-08-16,45,6.0,5.0,nan,28.0,20.0,45.0,37.0
5,土城,2018-08-16,47,11.0,5.0,nan,27.0,25.0,47.0,44.0
6,板橋,2018-08-16,44,20.0,6.0,nan,37.0,25.0,44.0,38.0
7,新莊,2018-08-16,48,19.0,6.0,nan,24.0,25.0,48.0,43.0
8,菜寮,2018-08-16,52,11.0,6.0,nan,22.0,27.0,40.0,52.0
9,林口,2018-08-16,44,14.0,3.0,nan,30.0,24.0,44.0,nan
10,淡水,2018-08-16,40,9.0,3.0,nan,24.0,17.0,31.0,40.0
11,士林,2018-08-16,50,13.0,5.0,nan,27.0,25.0,44.0,50.0
12,中山,2018-08-16,58,10.0,11.0,nan,31.0,37.0,31.0,58.0
13,萬華,2018-08-16,74,14.0,6.0,nan,27.0,23.0,74.0,44.0
14,古亭,2018-08-16,58,10.0,6.0,nan,28.0,29.0,47.0,58.0
15,松山,2018-08-16,43,33.0,7.0,nan,28.0,31.0,37.0,43.0
16,大同,2018-08-16,53,11.0,28.0,nan,45.0,48.0,nan,53.0
18,大園,2018-08-16,44,6.0,2.0,nan,25.0,15.0,37.0,44.0
19,觀音,2018-08-16,40,10.0,3.0,nan,30.0,12.0,34.0,40.0
20,平鎮,2018-08-16,39,10.0,3.0,nan,30.0,21.0,39.0,32.0
21,龍潭,2018-08-16,52,10.0,5.0,nan,27.0,16.0,44.0,52.0
22,湖口,2018-08-16,36,9.0,2.0,nan,25.0,13.0,36.0,31.0
23,竹東,2018-08-16,39,4.0,3.0,nan,25.0,14.0,39.0,24.0
24,新竹,2018-08-16,43,9.0,5.0,nan,20.0,16.0,27.0,43.0
25,頭份,2018-08-16,32,10.0,5.0,nan,26.0,19.0,nan,32.0
26,苗栗,2018-08-16,44,6.0,3.0,nan,44.0,14.0,35.0,44.0
28,豐原,2018-08-16,46,7.0,22.0,nan,24.0,19.0,40.0,46.0
29,沙鹿,2018-08-16,35,6.0,5.0,nan,26.0,22.0,31.0,35.0
30,大里,2018-08-16,38,7.0,6.0,nan,34.0,21.0,38.0,33.0
31,忠明,2018-08-16,40,6.0,5.0,nan,19.0,20.0,33.0,40.0
32,西屯,2018-08-16,37,3.0,3.0,nan,25.0,16.0,37.0,34.0
34,線西,2018-08-16,30,4.0,3.0,nan,22.0,14.0,nan,30.0
35,二林,2018-08-16,45,6.0,2.0,nan,24.0,10.0,32.0,45.0
36,南投,2018-08-16,37,4.0,3.0,nan,26.0,15.0,31.0,37.0
37,斗六,2018-08-16,36,7.0,5.0,nan,24.0,10.0,36.0,28.0
38,崙背,2018-08-16,31,6.0,2.0,nan,nan,7.0,31.0,nan
39,新港,2018-08-16,45,6.0,5.0,nan,29.0,12.0,32.0,45.0
40,朴子,2018-08-16,42,7.0,5.0,nan,42.0,15.0,30.0,36.0
41,臺西,2018-08-16,49,7.0,5.0,nan,21.0,20.0,nan,49.0
42,嘉義,2018-08-16,32,17.0,3.0,nan,27.0,8.0,32.0,17.0
43,新營,2018-08-16,44,3.0,3.0,nan,31.0,9.0,28.0,44.0
44,善化,2018-08-16,30,7.0,2.0,nan,25.0,14.0,30.0,28.0
45,安南,2018-08-16,36,9.0,5.0,nan,31.0,27.0,36.0,33.0
46,臺南,2018-08-16,34,7.0,5.0,nan,22.0,18.0,34.0,22.0
47,美濃,2018-08-16,27,4.0,2.0,nan,20.0,5.0,27.0,6.0
48,橋頭,2018-08-16,33,13.0,3.0,nan,19.0,20.0,33.0,nan
50,鳳山,2018-08-16,31,7.0,6.0,nan,31.0,19.0,nan,19.0
51,大寮,2018-08-16,44,20.0,5.0,nan,23.0,22.0,33.0,44.0
52,林園,2018-08-16,47,7.0,2.0,nan,nan,10.0,47.0,43.0
53,楠梓,2018-08-16,32,7.0,5.0,nan,31.0,29.0,32.0,nan
54,左營,2018-08-16,40,9.0,5.0,nan,31.0,30.0,40.0,29.0
56,前金,2018-08-16,42,9.0,6.0,nan,26.0,26.0,42.0,35.0
57,前鎮,2018-08-16,31,19.0,8.0,nan,31.0,25.0,nan,24.0
58,小港,2018-08-16,37,29.0,3.0,nan,22.0,27.0,37.0,24.0
59,屏東,2018-08-16,36,9.0,5.0,nan,22.0,16.0,32.0,36.0
60,潮州,2018-08-16,39,4.0,2.0,nan,26.0,11.0,39.0,33.0
61,恆春,2018-08-16,31,3.0,1.0,nan,16.0,2.0,31.0,26.0
62,臺東,2018-08-16,23,3.0,3.0,nan,nan,8.0,23.0,13.0
63,花蓮,2018-08-16,35,6.0,3.0,nan,21.0,7.0,35.0,7.0
64,陽明,2018-08-16,41,3.0,2.0,nan,14.0,9.0,41.0,31.0
65,宜蘭,2018-08-16,35,13.0,3.0,nan,19.0,10.0,35.0,22.0
66,冬山,2018-08-16,31,9.0,5.0,nan,21.0,15.0,31.0,20.0
67,三重,2018-08-16,54,13.0,24.0,nan,45.0,54.0,nan,46.0
68,中壢,2018-08-16,36,9.0,17.0,nan,34.0,36.0,nan,34.0
69,竹山,2018-08-16,40,3.0,2.0,nan,26.0,6.0,40.0,26.0
70,永和,2018-08-16,44,11.0,11.0,nan,26.0,35.0,nan,44.0
71,復興,2018-08-16,26,16.0,9.0,nan,23.0,26.0,nan,20.0
72,埔里,2018-08-16,39,3.0,2.0,nan,19.0,8.0,35.0,39.0
75,馬祖,2018-08-16,93,7.0,2.0,nan,33.0,17.0,93.0,40.0
77,金門,2018-08-16,54,13.0,2.0,nan,32.0,39.0,49.0,54.0
78,馬公,2018-08-16,28,16.0,3.0,nan,19.0,14.0,28.0,24.0
80,關山,2018-08-16,20,3.0,nan,nan,18.0,6.0,20.0,18.0
83,麥寮,2018-08-16,53,6.0,5.0,nan,47.0,19.0,nan,53.0
84,富貴角,2018-08-16,40,6.0,2.0,nan,20.0,14.0,40.0,32.0
84,富貴角,2018-08-17,45,3.0,2.0,nan,19.0,10.0,45.0,31.0
83,麥寮,2018-08-17,46,4.0,2.0,nan,41.0,9.0,nan,46.0
33,彰化,2018-08-17,40,16.0,3.0,nan,27.0,12.0,36.0,40.0
49,仁武,2018-08-17,31,16.0,7.0,nan,25.0,31.0,23.0,22.0
1,基隆,2018-08-17,38,30.0,2.0,nan,19.0,25.0,38.0,34.0
2,汐止,2018-08-17,43,6.0,5.0,nan,20.0,21.0,43.0,19.0
3,萬里,2018-08-17,47,6.0,2.0,nan,23.0,8.0,47.0,31.0
4,新店,2018-08-17,46,6.0,5.0,nan,25.0,22.0,46.0,30.0
5,土城,2018-08-17,67,4.0,6.0,nan,23.0,25.0,67.0,38.0
6,板橋,2018-08-17,61,7.0,8.0,nan,31.0,29.0,61.0,35.0
7,新莊,2018-08-17,74,16.0,8.0,nan,23.0,29.0,74.0,45.0
8,菜寮,2018-08-17,47,9.0,8.0,nan,22.0,32.0,47.0,45.0
9,林口,2018-08-17,64,10.0,6.0,nan,32.0,31.0,64.0,nan
10,淡水,2018-08-17,41,6.0,6.0,nan,27.0,24.0,37.0,41.0
11,士林,2018-08-17,67,7.0,7.0,nan,24.0,32.0,67.0,39.0
12,中山,2018-08-17,54,9.0,10.0,nan,25.0,43.0,41.0,54.0
13,萬華,2018-08-17,71,4.0,9.0,nan,nan,33.0,71.0,nan
14,古亭,2018-08-17,58,4.0,7.0,nan,23.0,29.0,58.0,53.0
15,松山,2018-08-17,47,9.0,8.0,nan,22.0,38.0,47.0,45.0
16,大同,2018-08-17,44,7.0,33.0,nan,44.0,44.0,nan,38.0
18,大園,2018-08-17,46,6.0,3.0,nan,27.0,25.0,46.0,41.0
19,觀音,2018-08-17,40,6.0,2.0,nan,31.0,23.0,38.0,40.0
20,平鎮,2018-08-17,47,6.0,5.0,nan,28.0,23.0,47.0,31.0
21,龍潭,2018-08-17,49,7.0,3.0,nan,26.0,18.0,49.0,49.0
22,湖口,2018-08-17,42,6.0,2.0,nan,25.0,10.0,42.0,21.0
23,竹東,2018-08-17,38,6.0,3.0,nan,24.0,9.0,38.0,31.0
24,新竹,2018-08-17,36,7.0,5.0,nan,18.0,14.0,31.0,36.0
25,頭份,2018-08-17,24,6.0,3.0,nan,23.0,14.0,nan,24.0
17,桃園,2018-08-17,64,10.0,6.0,nan,28.0,23.0,64.0,52.0
26,苗栗,2018-08-17,47,7.0,5.0,nan,44.0,18.0,38.0,47.0
27,三義,2018-08-17,43,4.0,2.0,nan,20.0,9.0,43.0,33.0
28,豐原,2018-08-17,37,7.0,3.0,nan,22.0,13.0,37.0,30.0
29,沙鹿,2018-08-17,38,4.0,3.0,nan,23.0,16.0,38.0,31.0
30,大里,2018-08-17,34,6.0,5.0,nan,27.0,14.0,34.0,12.0
31,忠明,2018-08-17,34,6.0,5.0,nan,17.0,20.0,34.0,30.0
32,西屯,2018-08-17,36,4.0,2.0,nan,22.0,14.0,33.0,36.0
34,線西,2018-08-17,22,7.0,2.0,nan,15.0,8.0,nan,22.0
35,二林,2018-08-17,41,6.0,2.0,nan,22.0,10.0,30.0,41.0
36,南投,2018-08-17,32,4.0,3.0,nan,20.0,14.0,32.0,31.0
37,斗六,2018-08-17,38,4.0,5.0,nan,20.0,11.0,38.0,38.0
38,崙背,2018-08-17,36,4.0,2.0,nan,19.0,8.0,28.0,36.0
39,新港,2018-08-17,42,6.0,2.0,nan,26.0,9.0,30.0,42.0
40,朴子,2018-08-17,39,4.0,3.0,nan,39.0,10.0,29.0,25.0
41,臺西,2018-08-17,37,6.0,2.0,nan,17.0,8.0,nan,37.0
42,嘉義,2018-08-17,39,10.0,3.0,nan,27.0,10.0,39.0,26.0
43,新營,2018-08-17,32,4.0,5.0,nan,24.0,15.0,31.0,32.0
44,善化,2018-08-17,32,7.0,3.0,nan,25.0,21.0,32.0,23.0
45,安南,2018-08-17,33,9.0,5.0,nan,26.0,19.0,33.0,28.0
46,臺南,2018-08-17,32,6.0,3.0,nan,22.0,16.0,32.0,26.0
47,美濃,2018-08-17,35,3.0,2.0,nan,23.0,7.0,35.0,6.0
48,橋頭,2018-08-17,26,6.0,5.0,nan,19.0,18.0,26.0,nan
66,冬山,2018-08-17,30,13.0,10.0,nan,26.0,16.0,30.0,26.0
50,鳳山,2018-08-17,32,17.0,8.0,nan,24.0,32.0,nan,31.0
51,大寮,2018-08-17,42,13.0,5.0,nan,24.0,16.0,24.0,42.0
52,林園,2018-08-17,41,20.0,5.0,nan,nan,22.0,28.0,41.0
53,楠梓,2018-08-17,33,6.0,7.0,nan,27.0,29.0,24.0,33.0
54,左營,2018-08-17,26,9.0,6.0,nan,26.0,26.0,23.0,22.0
56,前金,2018-08-17,31,14.0,5.0,nan,22.0,31.0,25.0,27.0
57,前鎮,2018-08-17,34,24.0,7.0,nan,25.0,34.0,nan,7.0
58,小港,2018-08-17,29,29.0,5.0,nan,24.0,29.0,19.0,23.0
59,屏東,2018-08-17,31,7.0,6.0,nan,24.0,24.0,31.0,25.0
60,潮州,2018-08-17,36,9.0,3.0,nan,26.0,13.0,36.0,34.0
61,恆春,2018-08-17,35,3.0,1.0,nan,16.0,3.0,35.0,35.0
62,臺東,2018-08-17,23,3.0,3.0,nan,nan,8.0,23.0,14.0
63,花蓮,2018-08-17,38,4.0,3.0,nan,26.0,10.0,38.0,8.0
64,陽明,2018-08-17,54,6.0,2.0,nan,13.0,4.0,54.0,28.0
65,宜蘭,2018-08-17,37,14.0,6.0,nan,26.0,12.0,37.0,29.0
67,三重,2018-08-17,47,10.0,19.0,nan,36.0,47.0,nan,34.0
68,中壢,2018-08-17,39,6.0,17.0,nan,31.0,39.0,nan,36.0
69,竹山,2018-08-17,43,6.0,2.0,nan,23.0,9.0,43.0,28.0
70,永和,2018-08-17,43,6.0,11.0,nan,22.0,31.0,nan,43.0
71,復興,2018-08-17,32,21.0,9.0,nan,20.0,32.0,nan,17.0
72,埔里,2018-08-17,43,6.0,3.0,nan,19.0,16.0,38.0,43.0
75,馬祖,2018-08-17,74,6.0,2.0,nan,40.0,6.0,74.0,46.0
77,金門,2018-08-17,50,9.0,2.0,nan,37.0,15.0,50.0,49.0
78,馬公,2018-08-17,29,3.0,3.0,nan,17.0,13.0,29.0,20.0
80,關山,2018-08-17,21,3.0,nan,nan,21.0,5.0,20.0,20.0
33,彰化,2018-08-18,37,19.0,3.0,nan,27.0,11.0,37.0,26.0
17,桃園,2018-08-18,64,33.0,5.0,nan,31.0,23.0,58.0,64.0
84,富貴角,2018-08-18,43,3.0,3.0,nan,19.0,14.0,43.0,37.0
83,麥寮,2018-08-18,39,6.0,3.0,nan,39.0,11.0,nan,38.0
80,關山,2018-08-18,24,3.0,nan,nan,24.0,5.0,19.0,19.0
78,馬公,2018-08-18,31,31.0,2.0,nan,11.0,15.0,28.0,16.0
77,金門,2018-08-18,48,7.0,2.0,nan,40.0,15.0,44.0,48.0
75,馬祖,2018-08-18,41,4.0,1.0,nan,21.0,5.0,41.0,16.0
72,埔里,2018-08-18,36,3.0,2.0,nan,17.0,8.0,33.0,36.0
71,復興,2018-08-18,21,13.0,7.0,nan,19.0,20.0,nan,21.0
70,永和,2018-08-18,46,3.0,11.0,nan,28.0,39.0,nan,46.0
69,竹山,2018-08-18,33,4.0,2.0,nan,22.0,10.0,33.0,20.0
68,中壢,2018-08-18,43,7.0,15.0,nan,35.0,33.0,nan,43.0
67,三重,2018-08-18,41,9.0,18.0,nan,39.0,41.0,nan,33.0
65,宜蘭,2018-08-18,36,4.0,3.0,nan,20.0,12.0,36.0,27.0
64,陽明,2018-08-18,38,6.0,2.0,nan,14.0,7.0,38.0,32.0
63,花蓮,2018-08-18,35,3.0,3.0,nan,20.0,9.0,35.0,9.0
62,臺東,2018-08-18,27,1.0,5.0,nan,27.0,11.0,19.0,17.0
61,恆春,2018-08-18,29,3.0,1.0,nan,8.0,2.0,29.0,23.0
60,潮州,2018-08-18,30,4.0,2.0,nan,23.0,5.0,27.0,30.0
59,屏東,2018-08-18,30,9.0,5.0,nan,19.0,14.0,29.0,30.0
58,小港,2018-08-18,21,19.0,3.0,nan,19.0,20.0,21.0,21.0
57,前鎮,2018-08-18,24,13.0,7.0,nan,24.0,24.0,nan,9.0
56,前金,2018-08-18,31,13.0,5.0,nan,22.0,25.0,29.0,31.0
54,左營,2018-08-18,27,9.0,6.0,nan,27.0,24.0,26.0,27.0
53,楠梓,2018-08-18,37,10.0,5.0,nan,31.0,25.0,29.0,37.0
52,林園,2018-08-18,31,7.0,2.0,nan,nan,6.0,31.0,27.0
51,大寮,2018-08-18,31,14.0,3.0,nan,17.0,13.0,25.0,31.0
50,鳳山,2018-08-18,21,11.0,6.0,nan,nan,21.0,nan,20.0
66,冬山,2018-08-18,40,4.0,2.0,nan,27.0,10.0,33.0,40.0
48,橋頭,2018-08-18,28,7.0,5.0,nan,20.0,23.0,28.0,nan
47,美濃,2018-08-18,27,3.0,2.0,nan,19.0,5.0,27.0,nan
46,臺南,2018-08-18,29,9.0,5.0,nan,24.0,19.0,26.0,29.0
45,安南,2018-08-18,29,7.0,5.0,nan,29.0,19.0,27.0,26.0
44,善化,2018-08-18,26,6.0,2.0,nan,26.0,11.0,24.0,22.0
43,新營,2018-08-18,31,4.0,3.0,nan,27.0,8.0,27.0,31.0
42,嘉義,2018-08-18,31,10.0,3.0,nan,20.0,8.0,31.0,18.0
41,臺西,2018-08-18,34,9.0,2.0,nan,14.0,12.0,nan,34.0
40,朴子,2018-08-18,42,9.0,5.0,nan,42.0,13.0,30.0,27.0
39,新港,2018-08-18,34,6.0,3.0,nan,24.0,13.0,28.0,34.0
38,崙背,2018-08-18,31,4.0,3.0,nan,18.0,5.0,29.0,31.0
37,斗六,2018-08-18,31,7.0,3.0,nan,20.0,13.0,31.0,30.0
36,南投,2018-08-18,32,3.0,3.0,nan,19.0,9.0,28.0,32.0
35,二林,2018-08-18,38,7.0,3.0,nan,18.0,11.0,29.0,38.0
34,線西,2018-08-18,24,4.0,2.0,nan,12.0,10.0,nan,24.0
32,西屯,2018-08-18,35,4.0,3.0,nan,22.0,18.0,35.0,31.0
31,忠明,2018-08-18,35,6.0,5.0,nan,15.0,19.0,35.0,26.0
30,大里,2018-08-18,36,9.0,3.0,nan,22.0,12.0,36.0,21.0
29,沙鹿,2018-08-18,34,4.0,3.0,nan,19.0,18.0,34.0,31.0
28,豐原,2018-08-18,37,4.0,7.0,nan,19.0,13.0,37.0,37.0
27,三義,2018-08-18,34,6.0,2.0,nan,19.0,10.0,34.0,28.0
26,苗栗,2018-08-18,45,4.0,3.0,nan,41.0,12.0,33.0,45.0
25,頭份,2018-08-18,23,9.0,3.0,nan,21.0,19.0,nan,23.0
24,新竹,2018-08-18,36,4.0,5.0,nan,15.0,17.0,36.0,34.0
23,竹東,2018-08-18,40,4.0,5.0,nan,23.0,10.0,40.0,23.0
22,湖口,2018-08-18,46,7.0,3.0,nan,25.0,21.0,46.0,32.0
21,龍潭,2018-08-18,50,7.0,5.0,nan,23.0,16.0,50.0,42.0
20,平鎮,2018-08-18,50,9.0,5.0,nan,31.0,20.0,46.0,50.0
19,觀音,2018-08-18,64,10.0,3.0,nan,32.0,30.0,64.0,53.0
18,大園,2018-08-18,54,10.0,5.0,nan,30.0,23.0,54.0,41.0
16,大同,2018-08-18,47,10.0,32.0,nan,42.0,47.0,nan,44.0
15,松山,2018-08-18,36,6.0,7.0,nan,26.0,31.0,32.0,36.0
14,古亭,2018-08-18,54,4.0,8.0,nan,27.0,30.0,36.0,54.0
13,萬華,2018-08-18,39,9.0,9.0,nan,28.0,38.0,38.0,39.0
12,中山,2018-08-18,36,7.0,8.0,nan,26.0,33.0,32.0,36.0
11,士林,2018-08-18,44,6.0,5.0,nan,27.0,28.0,44.0,44.0
10,淡水,2018-08-18,45,6.0,6.0,nan,27.0,22.0,38.0,45.0
9,林口,2018-08-18,50,11.0,3.0,nan,31.0,23.0,50.0,nan
8,菜寮,2018-08-18,49,7.0,7.0,nan,22.0,26.0,42.0,49.0
7,新莊,2018-08-18,54,27.0,6.0,nan,29.0,24.0,48.0,54.0
6,板橋,2018-08-18,46,9.0,7.0,nan,37.0,27.0,46.0,41.0
5,土城,2018-08-18,49,10.0,6.0,nan,27.0,25.0,49.0,47.0
4,新店,2018-08-18,43,4.0,6.0,nan,31.0,17.0,43.0,41.0
3,萬里,2018-08-18,43,7.0,2.0,nan,28.0,10.0,43.0,32.0
2,汐止,2018-08-18,36,6.0,6.0,nan,21.0,25.0,36.0,18.0
1,基隆,2018-08-18,34,11.0,6.0,nan,19.0,22.0,34.0,34.0
49,仁武,2018-08-18,31,10.0,5.0,nan,22.0,22.0,31.0,29.0
84,富貴角,2018-08-19,38,6.0,2.0,nan,15.0,12.0,38.0,30.0
83,麥寮,2018-08-19,42,6.0,3.0,nan,38.0,11.0,nan,42.0
17,桃園,2018-08-19,39,16.0,3.0,nan,19.0,17.0,39.0,32.0
33,彰化,2018-08-19,38,13.0,3.0,nan,21.0,9.0,38.0,27.0
49,仁武,2018-08-19,25,13.0,3.0,nan,22.0,15.0,25.0,15.0
1,基隆,2018-08-19,29,3.0,5.0,nan,nan,16.0,29.0,nan
2,汐止,2018-08-19,32,6.0,6.0,nan,16.0,23.0,32.0,12.0
3,萬里,2018-08-19,37,4.0,2.0,nan,23.0,13.0,37.0,32.0
4,新店,2018-08-19,35,6.0,5.0,nan,22.0,18.0,35.0,27.0
5,土城,2018-08-19,44,4.0,5.0,nan,19.0,17.0,44.0,31.0
6,板橋,2018-08-19,42,9.0,5.0,nan,29.0,20.0,42.0,28.0
7,新莊,2018-08-19,44,20.0,5.0,nan,18.0,16.0,44.0,37.0
8,菜寮,2018-08-19,49,10.0,6.0,nan,17.0,22.0,38.0,49.0
9,林口,2018-08-19,45,7.0,3.0,nan,27.0,22.0,45.0,nan
10,淡水,2018-08-19,39,6.0,3.0,nan,21.0,15.0,34.0,39.0
11,士林,2018-08-19,49,6.0,5.0,nan,23.0,25.0,40.0,49.0
12,中山,2018-08-19,39,6.0,8.0,nan,21.0,32.0,31.0,39.0
13,萬華,2018-08-19,39,7.0,7.0,nan,25.0,29.0,39.0,39.0
14,古亭,2018-08-19,48,4.0,6.0,nan,22.0,20.0,37.0,48.0
15,松山,2018-08-19,39,4.0,6.0,nan,19.0,28.0,31.0,39.0
16,大同,2018-08-19,38,7.0,24.0,nan,35.0,38.0,nan,37.0
18,大園,2018-08-19,42,10.0,3.0,nan,24.0,13.0,40.0,42.0
19,觀音,2018-08-19,41,11.0,2.0,nan,27.0,15.0,41.0,38.0
20,平鎮,2018-08-19,35,6.0,3.0,nan,23.0,17.0,35.0,31.0
21,龍潭,2018-08-19,39,9.0,3.0,nan,20.0,13.0,39.0,28.0
22,湖口,2018-08-19,40,7.0,2.0,nan,20.0,22.0,40.0,17.0
23,竹東,2018-08-19,28,3.0,2.0,nan,19.0,9.0,28.0,13.0
24,新竹,2018-08-19,36,7.0,3.0,nan,14.0,16.0,30.0,36.0
25,頭份,2018-08-19,19,7.0,2.0,nan,19.0,14.0,nan,18.0
26,苗栗,2018-08-19,35,6.0,3.0,nan,33.0,9.0,32.0,35.0
27,三義,2018-08-19,38,4.0,2.0,nan,14.0,8.0,38.0,21.0
28,豐原,2018-08-19,34,7.0,3.0,nan,13.0,11.0,34.0,26.0
29,沙鹿,2018-08-19,35,4.0,3.0,nan,17.0,10.0,35.0,23.0
30,大里,2018-08-19,34,4.0,5.0,nan,18.0,15.0,34.0,12.0
31,忠明,2018-08-19,33,3.0,5.0,nan,10.0,18.0,33.0,15.0
32,西屯,2018-08-19,33,6.0,3.0,nan,17.0,22.0,33.0,28.0
34,線西,2018-08-19,19,4.0,2.0,nan,13.0,10.0,nan,19.0
35,二林,2018-08-19,37,7.0,2.0,nan,14.0,8.0,31.0,37.0
36,南投,2018-08-19,30,4.0,3.0,nan,18.0,12.0,30.0,30.0
37,斗六,2018-08-19,37,4.0,3.0,nan,19.0,9.0,37.0,21.0
38,崙背,2018-08-19,36,6.0,3.0,nan,12.0,7.0,31.0,36.0
39,新港,2018-08-19,33,9.0,3.0,nan,19.0,10.0,30.0,33.0
40,朴子,2018-08-19,32,7.0,3.0,nan,32.0,16.0,30.0,21.0
41,臺西,2018-08-19,14,6.0,3.0,nan,14.0,10.0,nan,nan
42,嘉義,2018-08-19,32,7.0,3.0,nan,20.0,11.0,32.0,19.0
43,新營,2018-08-19,44,10.0,3.0,nan,22.0,7.0,26.0,44.0
44,善化,2018-08-19,24,11.0,2.0,nan,21.0,12.0,24.0,17.0
45,安南,2018-08-19,28,9.0,3.0,nan,19.0,13.0,28.0,16.0
46,臺南,2018-08-19,27,6.0,3.0,nan,25.0,15.0,27.0,22.0
47,美濃,2018-08-19,28,4.0,2.0,nan,nan,4.0,28.0,nan
48,橋頭,2018-08-19,25,10.0,3.0,nan,16.0,16.0,25.0,nan
66,冬山,2018-08-19,40,4.0,3.0,nan,29.0,17.0,33.0,40.0
50,鳳山,2018-08-19,18,13.0,7.0,nan,nan,18.0,nan,13.0
51,大寮,2018-08-19,27,9.0,2.0,nan,13.0,9.0,27.0,27.0
52,林園,2018-08-19,30,4.0,2.0,nan,nan,8.0,30.0,22.0
53,楠梓,2018-08-19,28,11.0,5.0,nan,28.0,17.0,25.0,27.0
54,左營,2018-08-19,23,10.0,5.0,nan,23.0,23.0,21.0,15.0
56,前金,2018-08-19,23,13.0,5.0,nan,19.0,23.0,20.0,14.0
57,前鎮,2018-08-19,28,17.0,7.0,nan,20.0,28.0,nan,4.0
58,小港,2018-08-19,19,17.0,3.0,nan,19.0,18.0,19.0,10.0
59,屏東,2018-08-19,26,1.0,3.0,nan,14.0,11.0,26.0,19.0
60,潮州,2018-08-19,27,4.0,3.0,nan,23.0,12.0,27.0,19.0
61,恆春,2018-08-19,27,4.0,1.0,nan,5.0,2.0,27.0,21.0
62,臺東,2018-08-19,24,1.0,5.0,nan,24.0,8.0,20.0,13.0
63,花蓮,2018-08-19,29,7.0,2.0,nan,22.0,6.0,29.0,9.0
64,陽明,2018-08-19,31,4.0,1.0,nan,12.0,7.0,31.0,24.0
65,宜蘭,2018-08-19,35,4.0,3.0,nan,24.0,8.0,35.0,30.0
67,三重,2018-08-19,43,9.0,18.0,nan,31.0,43.0,nan,33.0
68,中壢,2018-08-19,30,3.0,9.0,nan,30.0,27.0,nan,28.0
69,竹山,2018-08-19,34,4.0,2.0,nan,20.0,9.0,34.0,14.0
70,永和,2018-08-19,39,6.0,9.0,nan,21.0,25.0,nan,39.0
71,復興,2018-08-19,26,16.0,7.0,nan,17.0,26.0,nan,17.0
72,埔里,2018-08-19,32,4.0,2.0,nan,13.0,10.0,31.0,32.0
75,馬祖,2018-08-19,42,4.0,1.0,nan,19.0,15.0,42.0,18.0
77,金門,2018-08-19,30,1.0,1.0,nan,nan,8.0,30.0,nan
78,馬公,2018-08-19,43,43.0,2.0,nan,9.0,17.0,26.0,14.0
80,關山,2018-08-19,27,3.0,nan,nan,27.0,4.0,21.0,22.0
48,橋頭,2018-08-20,24,7.0,3.0,nan,19.0,20.0,24.0,nan
17,桃園,2018-08-20,48,34.0,6.0,nan,27.0,28.0,48.0,46.0
33,彰化,2018-08-20,67,13.0,3.0,nan,27.0,10.0,67.0,25.0
49,仁武,2018-08-20,25,10.0,5.0,nan,25.0,25.0,24.0,24.0
1,基隆,2018-08-20,33,16.0,3.0,nan,16.0,20.0,33.0,23.0
2,汐止,2018-08-20,38,20.0,6.0,nan,18.0,20.0,38.0,10.0
3,萬里,2018-08-20,44,9.0,2.0,nan,25.0,10.0,44.0,34.0
4,新店,2018-08-20,43,11.0,5.0,nan,20.0,17.0,43.0,23.0
5,土城,2018-08-20,74,4.0,6.0,nan,23.0,27.0,74.0,31.0
6,板橋,2018-08-20,67,13.0,7.0,nan,31.0,39.0,67.0,32.0
7,新莊,2018-08-20,64,19.0,8.0,nan,19.0,38.0,64.0,35.0
8,菜寮,2018-08-20,49,7.0,8.0,nan,17.0,27.0,44.0,49.0
9,林口,2018-08-20,48,7.0,7.0,nan,28.0,34.0,48.0,nan
10,淡水,2018-08-20,43,6.0,6.0,nan,24.0,25.0,43.0,33.0
11,士林,2018-08-20,49,4.0,6.0,nan,21.0,30.0,49.0,48.0
12,中山,2018-08-20,34,6.0,8.0,nan,22.0,31.0,34.0,32.0
13,萬華,2018-08-20,44,6.0,7.0,nan,23.0,30.0,44.0,28.0
14,古亭,2018-08-20,45,6.0,7.0,nan,19.0,27.0,45.0,38.0
15,松山,2018-08-20,41,11.0,8.0,nan,20.0,41.0,40.0,32.0
16,大同,2018-08-20,55,9.0,36.0,nan,36.0,55.0,nan,32.0
18,大園,2018-08-20,47,14.0,5.0,nan,25.0,27.0,44.0,47.0
19,觀音,2018-08-20,44,7.0,3.0,nan,26.0,19.0,44.0,44.0
20,平鎮,2018-08-20,43,6.0,5.0,nan,26.0,22.0,43.0,23.0
21,龍潭,2018-08-20,45,7.0,3.0,nan,19.0,20.0,45.0,31.0
22,湖口,2018-08-20,42,11.0,2.0,nan,19.0,26.0,42.0,27.0
23,竹東,2018-08-20,37,4.0,3.0,nan,21.0,8.0,37.0,13.0
24,新竹,2018-08-20,40,9.0,5.0,nan,16.0,18.0,37.0,40.0
25,頭份,2018-08-20,26,13.0,3.0,nan,22.0,18.0,nan,26.0
26,苗栗,2018-08-20,52,7.0,3.0,nan,41.0,12.0,46.0,52.0
27,三義,2018-08-20,67,7.0,3.0,nan,20.0,10.0,67.0,35.0
28,豐原,2018-08-20,87,7.0,3.0,nan,23.0,11.0,87.0,32.0
29,沙鹿,2018-08-20,47,14.0,5.0,nan,19.0,21.0,47.0,28.0
30,大里,2018-08-20,51,4.0,6.0,nan,23.0,23.0,51.0,22.0
31,忠明,2018-08-20,49,16.0,6.0,nan,13.0,23.0,49.0,28.0
32,西屯,2018-08-20,47,17.0,5.0,nan,22.0,25.0,47.0,36.0
34,線西,2018-08-20,22,7.0,3.0,nan,11.0,13.0,nan,22.0
35,二林,2018-08-20,44,9.0,2.0,nan,14.0,9.0,44.0,41.0
36,南投,2018-08-20,34,6.0,5.0,nan,19.0,18.0,34.0,28.0
37,斗六,2018-08-20,44,4.0,5.0,nan,21.0,20.0,44.0,17.0
38,崙背,2018-08-20,45,6.0,2.0,nan,14.0,15.0,45.0,34.0
39,新港,2018-08-20,45,7.0,3.0,nan,26.0,24.0,45.0,35.0
40,朴子,2018-08-20,44,9.0,3.0,nan,34.0,15.0,44.0,34.0
41,臺西,2018-08-20,16,6.0,2.0,nan,16.0,10.0,nan,nan
42,嘉義,2018-08-20,41,7.0,3.0,nan,23.0,17.0,41.0,13.0
43,新營,2018-08-20,37,10.0,5.0,nan,30.0,8.0,37.0,36.0
44,善化,2018-08-20,33,4.0,3.0,nan,24.0,10.0,33.0,15.0
45,安南,2018-08-20,31,9.0,6.0,nan,26.0,21.0,31.0,31.0
46,臺南,2018-08-20,26,9.0,6.0,nan,24.0,23.0,26.0,24.0
47,美濃,2018-08-20,25,3.0,2.0,nan,17.0,5.0,25.0,nan
66,冬山,2018-08-20,29,6.0,3.0,nan,29.0,15.0,25.0,28.0
50,鳳山,2018-08-20,25,14.0,8.0,nan,nan,25.0,nan,15.0
51,大寮,2018-08-20,33,16.0,5.0,nan,19.0,25.0,25.0,33.0
52,林園,2018-08-20,28,4.0,2.0,nan,nan,7.0,28.0,27.0
53,楠梓,2018-08-20,32,7.0,5.0,nan,32.0,21.0,24.0,28.0
54,左營,2018-08-20,28,7.0,7.0,nan,22.0,28.0,25.0,19.0
56,前金,2018-08-20,28,7.0,8.0,nan,22.0,28.0,27.0,26.0
57,前鎮,2018-08-20,28,10.0,10.0,nan,23.0,28.0,nan,5.0
58,小港,2018-08-20,26,14.0,6.0,nan,20.0,26.0,20.0,14.0
59,屏東,2018-08-20,24,4.0,6.0,nan,18.0,22.0,24.0,18.0
60,潮州,2018-08-20,25,3.0,2.0,nan,22.0,9.0,25.0,20.0
61,恆春,2018-08-20,27,3.0,1.0,nan,5.0,2.0,27.0,20.0
62,臺東,2018-08-20,23,3.0,3.0,nan,23.0,7.0,19.0,11.0
63,花蓮,2018-08-20,27,6.0,2.0,nan,23.0,10.0,27.0,11.0
68,中壢,2018-08-20,39,6.0,17.0,nan,27.0,39.0,nan,29.0
64,陽明,2018-08-20,44,3.0,2.0,nan,9.0,4.0,44.0,20.0
65,宜蘭,2018-08-20,30,7.0,3.0,nan,21.0,7.0,30.0,19.0
67,三重,2018-08-20,45,7.0,18.0,nan,34.0,45.0,nan,31.0
69,竹山,2018-08-20,36,4.0,2.0,nan,20.0,12.0,36.0,13.0
70,永和,2018-08-20,35,4.0,12.0,nan,19.0,35.0,nan,29.0
71,復興,2018-08-20,27,11.0,9.0,nan,17.0,27.0,nan,22.0
72,埔里,2018-08-20,38,4.0,3.0,nan,14.0,14.0,35.0,38.0
75,馬祖,2018-08-20,41,6.0,1.0,nan,19.0,4.0,41.0,12.0
77,金門,2018-08-20,33,6.0,1.0,nan,15.0,9.0,33.0,26.0
78,馬公,2018-08-20,31,4.0,2.0,nan,6.0,9.0,31.0,13.0
80,關山,2018-08-20,23,3.0,nan,nan,23.0,5.0,21.0,22.0
83,麥寮,2018-08-20,44,6.0,3.0,nan,37.0,nan,nan,44.0
84,富貴角,2018-08-20,41,7.0,2.0,nan,17.0,8.0,41.0,29.0
17,桃園,2018-08-21,59,24.0,7.0,nan,31.0,34.0,43.0,59.0
84,富貴角,2018-08-21,39,4.0,2.0,nan,19.0,11.0,39.0,33.0
83,麥寮,2018-08-21,36,4.0,3.0,nan,36.0,11.0,nan,31.0
80,關山,2018-08-21,21,3.0,nan,nan,19.0,6.0,19.0,21.0
78,馬公,2018-08-21,36,11.0,3.0,nan,7.0,10.0,36.0,13.0
77,金門,2018-08-21,34,7.0,1.0,nan,13.0,8.0,34.0,24.0
75,馬祖,2018-08-21,42,7.0,1.0,nan,25.0,6.0,42.0,22.0
72,埔里,2018-08-21,44,4.0,3.0,nan,19.0,16.0,44.0,38.0
71,復興,2018-08-21,19,9.0,5.0,nan,12.0,19.0,nan,11.0
70,永和,2018-08-21,45,10.0,14.0,nan,26.0,38.0,nan,45.0
69,竹山,2018-08-21,42,4.0,2.0,nan,22.0,8.0,42.0,19.0
68,中壢,2018-08-21,39,9.0,15.0,nan,39.0,36.0,nan,36.0
67,三重,2018-08-21,45,16.0,16.0,nan,42.0,42.0,nan,45.0
65,宜蘭,2018-08-21,51,6.0,3.0,nan,27.0,7.0,51.0,31.0
64,陽明,2018-08-21,34,3.0,2.0,nan,13.0,5.0,34.0,32.0
63,花蓮,2018-08-21,27,7.0,2.0,nan,27.0,8.0,27.0,10.0
62,臺東,2018-08-21,22,1.0,3.0,nan,22.0,7.0,20.0,9.0
61,恆春,2018-08-21,30,3.0,1.0,nan,6.0,2.0,30.0,20.0
60,潮州,2018-08-21,28,9.0,1.0,nan,19.0,4.0,28.0,17.0
59,屏東,2018-08-21,25,3.0,5.0,nan,15.0,10.0,25.0,16.0
58,小港,2018-08-21,33,33.0,3.0,nan,21.0,19.0,22.0,15.0
57,前鎮,2018-08-21,23,11.0,7.0,nan,19.0,23.0,nan,4.0
56,前金,2018-08-21,23,13.0,5.0,nan,19.0,19.0,23.0,16.0
54,左營,2018-08-21,23,11.0,5.0,nan,23.0,20.0,20.0,20.0
53,楠梓,2018-08-21,30,10.0,5.0,nan,30.0,19.0,23.0,23.0
52,林園,2018-08-21,31,3.0,1.0,nan,nan,7.0,31.0,20.0
51,大寮,2018-08-21,28,9.0,2.0,nan,13.0,7.0,28.0,26.0
50,鳳山,2018-08-21,16,9.0,5.0,nan,6.0,14.0,nan,16.0
49,仁武,2018-08-21,25,11.0,5.0,nan,20.0,13.0,25.0,14.0
66,冬山,2018-08-21,47,9.0,5.0,nan,31.0,14.0,47.0,45.0
48,橋頭,2018-08-21,23,10.0,5.0,nan,16.0,22.0,23.0,nan
47,美濃,2018-08-21,26,1.0,2.0,nan,16.0,4.0,26.0,nan
46,臺南,2018-08-21,30,6.0,5.0,nan,28.0,17.0,30.0,19.0
45,安南,2018-08-21,35,6.0,5.0,nan,27.0,23.0,35.0,28.0
44,善化,2018-08-21,33,6.0,2.0,nan,22.0,10.0,33.0,14.0
43,新營,2018-08-21,35,4.0,3.0,nan,21.0,9.0,35.0,35.0
42,嘉義,2018-08-21,36,4.0,3.0,nan,19.0,13.0,36.0,10.0
41,臺西,2018-08-21,11,4.0,2.0,nan,11.0,11.0,nan,nan
40,朴子,2018-08-21,40,4.0,2.0,nan,37.0,13.0,40.0,25.0
39,新港,2018-08-21,41,9.0,3.0,nan,26.0,14.0,41.0,39.0
38,崙背,2018-08-21,43,4.0,2.0,nan,17.0,13.0,43.0,31.0
37,斗六,2018-08-21,45,7.0,3.0,nan,21.0,11.0,45.0,17.0
36,南投,2018-08-21,39,3.0,3.0,nan,22.0,16.0,39.0,35.0
35,二林,2018-08-21,42,7.0,2.0,nan,16.0,9.0,42.0,38.0
34,線西,2018-08-21,26,7.0,3.0,nan,17.0,10.0,nan,26.0
32,西屯,2018-08-21,52,10.0,3.0,nan,26.0,20.0,49.0,52.0
31,忠明,2018-08-21,48,14.0,5.0,nan,19.0,21.0,48.0,39.0
30,大里,2018-08-21,48,14.0,5.0,nan,28.0,22.0,48.0,36.0
29,沙鹿,2018-08-21,50,14.0,3.0,nan,18.0,22.0,50.0,34.0
28,豐原,2018-08-21,54,11.0,5.0,nan,26.0,17.0,54.0,45.0
27,三義,2018-08-21,58,11.0,3.0,nan,26.0,9.0,58.0,51.0
26,苗栗,2018-08-21,59,9.0,6.0,nan,52.0,21.0,48.0,59.0
25,頭份,2018-08-21,46,10.0,5.0,nan,31.0,18.0,nan,46.0
24,新竹,2018-08-21,59,6.0,5.0,nan,23.0,24.0,49.0,59.0
23,竹東,2018-08-21,45,4.0,5.0,nan,27.0,13.0,45.0,32.0
22,湖口,2018-08-21,50,7.0,3.0,nan,29.0,34.0,50.0,47.0
21,龍潭,2018-08-21,67,7.0,5.0,nan,28.0,22.0,67.0,57.0
20,平鎮,2018-08-21,59,10.0,6.0,nan,34.0,31.0,37.0,59.0
19,觀音,2018-08-21,54,9.0,3.0,nan,31.0,14.0,45.0,54.0
18,大園,2018-08-21,58,7.0,3.0,nan,31.0,23.0,42.0,58.0
16,大同,2018-08-21,44,9.0,18.0,nan,41.0,40.0,nan,44.0
15,松山,2018-08-21,39,7.0,5.0,nan,28.0,23.0,32.0,39.0
14,古亭,2018-08-21,54,7.0,6.0,nan,24.0,23.0,45.0,54.0
13,萬華,2018-08-21,52,9.0,7.0,nan,28.0,27.0,35.0,52.0
12,中山,2018-08-21,48,6.0,9.0,nan,25.0,34.0,29.0,48.0
11,士林,2018-08-21,46,7.0,6.0,nan,29.0,21.0,38.0,46.0
10,淡水,2018-08-21,44,6.0,6.0,nan,29.0,18.0,29.0,44.0
9,林口,2018-08-21,41,14.0,5.0,nan,31.0,32.0,41.0,nan
8,菜寮,2018-08-21,57,13.0,6.0,nan,26.0,24.0,34.0,57.0
7,新莊,2018-08-21,52,19.0,7.0,nan,29.0,36.0,43.0,52.0
6,板橋,2018-08-21,50,10.0,7.0,nan,36.0,38.0,50.0,48.0
5,土城,2018-08-21,67,6.0,7.0,nan,31.0,38.0,67.0,53.0
4,新店,2018-08-21,49,14.0,6.0,nan,29.0,25.0,49.0,46.0
3,萬里,2018-08-21,47,43.0,3.0,nan,32.0,18.0,47.0,44.0
2,汐止,2018-08-21,45,13.0,5.0,nan,21.0,20.0,45.0,20.0
1,基隆,2018-08-21,44,17.0,3.0,nan,19.0,21.0,44.0,39.0
33,彰化,2018-08-21,50,10.0,3.0,nan,24.0,10.0,50.0,23.0
84,富貴角,2018-08-22,31,6.0,2.0,nan,19.0,6.0,31.0,19.0
17,桃園,2018-08-22,57,20.0,6.0,nan,31.0,26.0,44.0,57.0
33,彰化,2018-08-22,38,26.0,7.0,nan,26.0,25.0,31.0,38.0
1,基隆,2018-08-22,29,3.0,3.0,nan,13.0,14.0,29.0,23.0
2,汐止,2018-08-22,31,10.0,5.0,nan,17.0,18.0,31.0,10.0
3,萬里,2018-08-22,32,10.0,2.0,nan,21.0,8.0,32.0,28.0
4,新店,2018-08-22,31,4.0,3.0,nan,20.0,12.0,31.0,31.0
5,土城,2018-08-22,40,7.0,5.0,nan,25.0,27.0,40.0,39.0
6,板橋,2018-08-22,33,7.0,6.0,nan,33.0,23.0,33.0,32.0
7,新莊,2018-08-22,41,23.0,6.0,nan,26.0,32.0,31.0,41.0
8,菜寮,2018-08-22,50,13.0,5.0,nan,18.0,19.0,28.0,50.0
9,林口,2018-08-22,44,16.0,6.0,nan,28.0,28.0,44.0,nan
10,淡水,2018-08-22,38,7.0,5.0,nan,24.0,11.0,31.0,38.0
11,士林,2018-08-22,39,9.0,3.0,nan,21.0,18.0,32.0,39.0
12,中山,2018-08-22,37,10.0,7.0,nan,23.0,25.0,14.0,37.0
13,萬華,2018-08-22,30,7.0,5.0,nan,24.0,21.0,27.0,30.0
14,古亭,2018-08-22,48,10.0,5.0,nan,21.0,20.0,31.0,48.0
15,松山,2018-08-22,30,19.0,3.0,nan,23.0,19.0,28.0,30.0
16,大同,2018-08-22,38,11.0,16.0,nan,38.0,38.0,nan,38.0
18,大園,2018-08-22,48,10.0,3.0,nan,31.0,20.0,36.0,48.0
19,觀音,2018-08-22,52,10.0,2.0,nan,31.0,24.0,37.0,52.0
20,平鎮,2018-08-22,57,11.0,6.0,nan,34.0,32.0,37.0,57.0
21,龍潭,2018-08-22,67,9.0,7.0,nan,28.0,35.0,47.0,67.0
22,湖口,2018-08-22,43,7.0,5.0,nan,26.0,26.0,36.0,43.0
23,竹東,2018-08-22,36,7.0,5.0,nan,32.0,13.0,34.0,36.0
24,新竹,2018-08-22,51,6.0,7.0,nan,19.0,24.0,32.0,51.0
25,頭份,2018-08-22,38,11.0,3.0,nan,28.0,22.0,nan,38.0
26,苗栗,2018-08-22,45,4.0,6.0,nan,45.0,20.0,34.0,44.0
27,三義,2018-08-22,39,4.0,2.0,nan,21.0,18.0,39.0,38.0
28,豐原,2018-08-22,37,6.0,5.0,nan,18.0,16.0,37.0,33.0
29,沙鹿,2018-08-22,40,4.0,3.0,nan,17.0,23.0,40.0,32.0
30,大里,2018-08-22,37,19.0,6.0,nan,22.0,30.0,37.0,22.0
31,忠明,2018-08-22,33,14.0,6.0,nan,11.0,27.0,33.0,26.0
32,西屯,2018-08-22,35,9.0,5.0,nan,19.0,25.0,35.0,35.0
34,線西,2018-08-22,23,6.0,3.0,nan,11.0,13.0,nan,23.0
35,二林,2018-08-22,45,7.0,2.0,nan,17.0,10.0,34.0,45.0
36,南投,2018-08-22,36,9.0,5.0,nan,22.0,18.0,31.0,36.0
37,斗六,2018-08-22,43,7.0,5.0,nan,19.0,17.0,43.0,33.0
38,崙背,2018-08-22,48,3.0,2.0,nan,17.0,12.0,38.0,48.0
39,新港,2018-08-22,46,3.0,5.0,nan,24.0,21.0,40.0,46.0
40,朴子,2018-08-22,33,6.0,3.0,nan,31.0,13.0,33.0,26.0
41,臺西,2018-08-22,40,6.0,2.0,nan,11.0,9.0,nan,40.0
42,嘉義,2018-08-22,41,6.0,5.0,nan,26.0,18.0,41.0,15.0
43,新營,2018-08-22,27,6.0,3.0,nan,23.0,12.0,27.0,27.0
44,善化,2018-08-22,25,7.0,2.0,nan,17.0,7.0,25.0,9.0
45,安南,2018-08-22,23,6.0,3.0,nan,23.0,17.0,20.0,19.0
46,臺南,2018-08-22,25,4.0,5.0,nan,19.0,14.0,25.0,14.0
47,美濃,2018-08-22,25,1.0,2.0,nan,nan,4.0,25.0,nan
48,橋頭,2018-08-22,23,9.0,3.0,nan,12.0,14.0,23.0,nan
66,冬山,2018-08-22,48,6.0,5.0,nan,28.0,9.0,32.0,48.0
49,仁武,2018-08-22,-1,nan,nan,nan,nan,nan,nan,nan
50,鳳山,2018-08-22,11,7.0,5.0,nan,11.0,10.0,nan,8.0
51,大寮,2018-08-22,29,4.0,2.0,nan,12.0,7.0,29.0,19.0
52,林園,2018-08-22,33,3.0,1.0,nan,31.0,3.0,33.0,28.0
53,楠梓,2018-08-22,25,19.0,3.0,nan,25.0,21.0,20.0,24.0
54,左營,2018-08-22,23,13.0,5.0,nan,22.0,17.0,23.0,14.0
56,前金,2018-08-22,23,9.0,6.0,nan,21.0,21.0,23.0,18.0
57,前鎮,2018-08-22,26,13.0,9.0,nan,24.0,26.0,nan,3.0
58,小港,2018-08-22,41,41.0,12.0,nan,38.0,25.0,15.0,32.0
59,屏東,2018-08-22,26,6.0,3.0,nan,15.0,9.0,26.0,14.0
60,潮州,2018-08-22,29,13.0,1.0,nan,19.0,3.0,29.0,19.0
61,恆春,2018-08-22,33,3.0,1.0,nan,16.0,2.0,33.0,24.0
62,臺東,2018-08-22,23,1.0,5.0,nan,23.0,8.0,22.0,11.0
63,花蓮,2018-08-22,29,6.0,2.0,nan,25.0,6.0,29.0,9.0
64,陽明,2018-08-22,29,11.0,1.0,nan,9.0,4.0,29.0,19.0
65,宜蘭,2018-08-22,32,4.0,3.0,nan,29.0,14.0,32.0,27.0
67,三重,2018-08-22,36,10.0,16.0,nan,35.0,36.0,nan,29.0
68,中壢,2018-08-22,50,4.0,19.0,nan,36.0,42.0,nan,50.0
69,竹山,2018-08-22,43,9.0,3.0,nan,26.0,13.0,43.0,29.0
70,永和,2018-08-22,33,10.0,9.0,nan,20.0,26.0,nan,33.0
71,復興,2018-08-22,19,13.0,6.0,nan,19.0,18.0,nan,15.0
72,埔里,2018-08-22,48,4.0,5.0,nan,19.0,20.0,46.0,48.0
75,馬祖,2018-08-22,44,7.0,3.0,nan,23.0,8.0,44.0,29.0
77,金門,2018-08-22,45,17.0,3.0,nan,31.0,22.0,41.0,45.0
78,馬公,2018-08-22,37,4.0,3.0,nan,8.0,12.0,37.0,17.0
80,關山,2018-08-22,24,4.0,nan,nan,17.0,4.0,24.0,17.0
83,麥寮,2018-08-22,44,3.0,3.0,nan,39.0,12.0,nan,44.0
84,富貴角,2018-08-23,38,1.0,1.0,nan,24.0,1.0,38.0,21.0
17,桃園,2018-08-23,31,13.0,5.0,nan,19.0,15.0,31.0,31.0
33,彰化,2018-08-23,46,23.0,7.0,nan,29.0,24.0,46.0,37.0
1,基隆,2018-08-23,32,3.0,2.0,nan,11.0,8.0,32.0,15.0
2,汐止,2018-08-23,31,3.0,2.0,nan,7.0,10.0,31.0,4.0
3,萬里,2018-08-23,38,10.0,1.0,nan,30.0,6.0,38.0,nan
4,新店,2018-08-23,30,1.0,3.0,nan,7.0,16.0,30.0,11.0
5,土城,2018-08-23,31,1.0,3.0,nan,13.0,19.0,31.0,13.0
6,板橋,2018-08-23,27,4.0,5.0,nan,20.0,22.0,27.0,16.0
7,新莊,2018-08-23,31,3.0,2.0,nan,16.0,12.0,31.0,20.0
8,菜寮,2018-08-23,26,3.0,3.0,nan,9.0,12.0,26.0,26.0
9,林口,2018-08-23,31,3.0,2.0,nan,10.0,13.0,31.0,nan
10,淡水,2018-08-23,29,4.0,2.0,nan,13.0,6.0,29.0,23.0
11,士林,2018-08-23,34,6.0,2.0,nan,14.0,8.0,34.0,23.0
12,中山,2018-08-23,25,6.0,5.0,nan,18.0,22.0,22.0,25.0
13,萬華,2018-08-23,25,3.0,3.0,nan,15.0,19.0,19.0,25.0
14,古亭,2018-08-23,36,3.0,5.0,nan,11.0,19.0,28.0,36.0
15,松山,2018-08-23,28,3.0,3.0,nan,13.0,18.0,25.0,28.0
16,大同,2018-08-23,30,3.0,9.0,nan,30.0,27.0,nan,18.0
18,大園,2018-08-23,32,9.0,2.0,nan,27.0,23.0,32.0,27.0
19,觀音,2018-08-23,44,13.0,2.0,nan,32.0,18.0,31.0,44.0
20,平鎮,2018-08-23,35,9.0,5.0,nan,25.0,15.0,35.0,23.0
21,龍潭,2018-08-23,34,4.0,3.0,nan,21.0,13.0,34.0,31.0
22,湖口,2018-08-23,42,9.0,3.0,nan,23.0,24.0,42.0,36.0
23,竹東,2018-08-23,34,4.0,3.0,nan,23.0,8.0,34.0,20.0
24,新竹,2018-08-23,40,7.0,5.0,nan,19.0,18.0,38.0,40.0
25,頭份,2018-08-23,27,7.0,5.0,nan,26.0,16.0,nan,27.0
26,苗栗,2018-08-23,45,7.0,5.0,nan,45.0,15.0,45.0,31.0
27,三義,2018-08-23,61,4.0,3.0,nan,19.0,10.0,61.0,31.0
28,豐原,2018-08-23,50,9.0,3.0,nan,20.0,13.0,50.0,37.0
29,沙鹿,2018-08-23,44,3.0,3.0,nan,23.0,23.0,44.0,33.0
30,大里,2018-08-23,47,7.0,6.0,nan,26.0,21.0,47.0,33.0
31,忠明,2018-08-23,45,4.0,6.0,nan,16.0,26.0,45.0,28.0
32,西屯,2018-08-23,49,3.0,5.0,nan,22.0,27.0,49.0,44.0
34,線西,2018-08-23,27,10.0,3.0,nan,18.0,17.0,nan,27.0
35,二林,2018-08-23,41,9.0,3.0,nan,22.0,11.0,41.0,40.0
36,南投,2018-08-23,36,7.0,5.0,nan,20.0,18.0,36.0,23.0
37,斗六,2018-08-23,36,9.0,5.0,nan,20.0,14.0,36.0,26.0
38,崙背,2018-08-23,47,4.0,3.0,nan,19.0,15.0,44.0,47.0
39,新港,2018-08-23,38,7.0,3.0,nan,25.0,19.0,35.0,38.0
40,朴子,2018-08-23,37,6.0,3.0,nan,31.0,12.0,37.0,27.0
41,臺西,2018-08-23,43,13.0,2.0,nan,16.0,18.0,nan,43.0
42,嘉義,2018-08-23,32,6.0,3.0,nan,24.0,13.0,32.0,13.0
43,新營,2018-08-23,34,6.0,3.0,nan,19.0,9.0,31.0,34.0
44,善化,2018-08-23,26,10.0,2.0,nan,19.0,19.0,26.0,11.0
45,安南,2018-08-23,32,6.0,2.0,nan,22.0,15.0,32.0,14.0
46,臺南,2018-08-23,33,3.0,3.0,nan,22.0,15.0,33.0,18.0
47,美濃,2018-08-23,27,1.0,2.0,nan,8.0,5.0,27.0,4.0
48,橋頭,2018-08-23,32,6.0,3.0,nan,13.0,20.0,32.0,nan
66,冬山,2018-08-23,29,10.0,3.0,nan,21.0,20.0,28.0,29.0
49,仁武,2018-08-23,32,3.0,3.0,nan,nan,16.0,32.0,nan
50,鳳山,2018-08-23,23,7.0,5.0,nan,nan,23.0,nan,8.0
51,大寮,2018-08-23,31,14.0,3.0,nan,nan,23.0,31.0,nan
52,林園,2018-08-23,38,4.0,2.0,nan,38.0,11.0,35.0,24.0
53,楠梓,2018-08-23,31,10.0,3.0,nan,31.0,24.0,25.0,25.0
54,左營,2018-08-23,33,4.0,3.0,nan,21.0,25.0,33.0,17.0
56,前金,2018-08-23,35,7.0,5.0,nan,21.0,24.0,35.0,9.0
57,前鎮,2018-08-23,27,11.0,5.0,nan,24.0,27.0,nan,6.0
58,小港,2018-08-23,28,20.0,5.0,nan,24.0,28.0,27.0,20.0
59,屏東,2018-08-23,24,6.0,5.0,nan,13.0,22.0,24.0,19.0
60,潮州,2018-08-23,36,3.0,2.0,nan,19.0,5.0,36.0,20.0
61,恆春,2018-08-23,39,3.0,1.0,nan,18.0,3.0,39.0,29.0
62,臺東,2018-08-23,27,1.0,6.0,nan,23.0,nan,27.0,8.0
63,花蓮,2018-08-23,36,3.0,2.0,nan,23.0,7.0,36.0,6.0
64,陽明,2018-08-23,31,9.0,1.0,nan,5.0,4.0,31.0,6.0
65,宜蘭,2018-08-23,33,4.0,3.0,nan,24.0,13.0,33.0,19.0
67,三重,2018-08-23,31,9.0,15.0,nan,26.0,31.0,nan,19.0
68,中壢,2018-08-23,30,6.0,16.0,nan,29.0,30.0,nan,15.0
69,竹山,2018-08-23,36,10.0,3.0,nan,25.0,12.0,36.0,25.0
70,永和,2018-08-23,18,4.0,6.0,nan,10.0,18.0,nan,16.0
71,復興,2018-08-23,28,13.0,5.0,nan,19.0,28.0,nan,14.0
72,埔里,2018-08-23,41,4.0,3.0,nan,17.0,13.0,41.0,40.0
75,馬祖,2018-08-23,61,6.0,1.0,nan,31.0,4.0,61.0,34.0
77,金門,2018-08-23,126,6.0,3.0,nan,52.0,20.0,126.0,65.0
78,馬公,2018-08-23,44,3.0,1.0,nan,27.0,4.0,44.0,23.0
80,關山,2018-08-23,16,3.0,nan,nan,14.0,6.0,15.0,16.0
83,麥寮,2018-08-23,48,7.0,10.0,nan,46.0,13.0,nan,48.0
1,基隆,2018-08-24,40,7.0,5.0,nan,16.0,16.0,40.0,22.0
33,彰化,2018-08-24,38,7.0,2.0,nan,15.0,8.0,38.0,19.0
84,富貴角,2018-08-24,35,3.0,2.0,nan,27.0,8.0,35.0,19.0
83,麥寮,2018-08-24,33,6.0,2.0,nan,33.0,17.0,nan,30.0
80,關山,2018-08-24,18,3.0,nan,nan,16.0,8.0,15.0,18.0
78,馬公,2018-08-24,44,4.0,2.0,nan,18.0,5.0,44.0,20.0
77,金門,2018-08-24,57,6.0,3.0,nan,39.0,19.0,44.0,57.0
75,馬祖,2018-08-24,71,4.0,2.0,nan,28.0,5.0,71.0,31.0
72,埔里,2018-08-24,31,6.0,3.0,nan,6.0,14.0,31.0,28.0
71,復興,2018-08-24,46,21.0,8.0,nan,24.0,32.0,nan,46.0
70,永和,2018-08-24,40,7.0,14.0,nan,18.0,40.0,nan,31.0
69,竹山,2018-08-24,35,4.0,3.0,nan,7.0,9.0,35.0,5.0
68,中壢,2018-08-24,45,6.0,18.0,nan,25.0,45.0,nan,26.0
67,三重,2018-08-24,45,6.0,19.0,nan,34.0,45.0,nan,34.0
65,宜蘭,2018-08-24,39,3.0,3.0,nan,20.0,15.0,39.0,15.0
64,陽明,2018-08-24,39,4.0,2.0,nan,5.0,7.0,39.0,8.0
63,花蓮,2018-08-24,28,3.0,3.0,nan,17.0,17.0,28.0,5.0
62,臺東,2018-08-24,27,3.0,6.0,nan,26.0,12.0,27.0,14.0
61,恆春,2018-08-24,45,9.0,2.0,nan,16.0,4.0,45.0,nan
60,潮州,2018-08-24,31,3.0,2.0,nan,18.0,2.0,30.0,31.0
59,屏東,2018-08-24,37,1.0,7.0,nan,12.0,23.0,37.0,26.0
58,小港,2018-08-24,34,23.0,6.0,nan,19.0,27.0,34.0,30.0
57,前鎮,2018-08-24,31,16.0,10.0,nan,nan,31.0,nan,10.0
56,前金,2018-08-24,34,11.0,9.0,nan,nan,34.0,33.0,31.0
54,左營,2018-08-24,33,4.0,7.0,nan,24.0,33.0,32.0,22.0
53,楠梓,2018-08-24,29,4.0,5.0,nan,nan,24.0,18.0,29.0
52,林園,2018-08-24,43,10.0,3.0,nan,24.0,22.0,42.0,43.0
51,大寮,2018-08-24,31,31.0,5.0,nan,nan,19.0,18.0,nan
50,鳳山,2018-08-24,21,4.0,6.0,nan,9.0,21.0,nan,19.0
49,仁武,2018-08-24,37,7.0,5.0,nan,19.0,16.0,37.0,24.0
66,冬山,2018-08-24,38,6.0,5.0,nan,17.0,12.0,38.0,34.0
48,橋頭,2018-08-24,32,3.0,5.0,nan,13.0,22.0,32.0,nan
47,美濃,2018-08-24,31,3.0,3.0,nan,12.0,8.0,31.0,21.0
46,臺南,2018-08-24,36,3.0,5.0,nan,19.0,18.0,36.0,18.0
45,安南,2018-08-24,37,6.0,5.0,nan,19.0,18.0,37.0,20.0
44,善化,2018-08-24,32,6.0,2.0,nan,17.0,18.0,32.0,6.0
43,新營,2018-08-24,33,3.0,3.0,nan,10.0,9.0,33.0,28.0
42,嘉義,2018-08-24,37,6.0,2.0,nan,10.0,9.0,37.0,14.0
41,臺西,2018-08-24,25,3.0,2.0,nan,nan,8.0,nan,25.0
40,朴子,2018-08-24,38,3.0,2.0,nan,24.0,8.0,38.0,11.0
39,新港,2018-08-24,36,nan,2.0,nan,14.0,18.0,36.0,27.0
38,崙背,2018-08-24,36,3.0,2.0,nan,10.0,7.0,36.0,23.0
37,斗六,2018-08-24,39,4.0,2.0,nan,11.0,7.0,39.0,12.0
36,南投,2018-08-24,28,7.0,5.0,nan,7.0,14.0,28.0,3.0
35,二林,2018-08-24,35,7.0,2.0,nan,6.0,7.0,35.0,25.0
34,線西,2018-08-24,8,3.0,2.0,nan,5.0,8.0,nan,8.0
32,西屯,2018-08-24,31,3.0,3.0,nan,10.0,15.0,31.0,14.0
31,忠明,2018-08-24,33,3.0,3.0,nan,5.0,14.0,33.0,10.0
30,大里,2018-08-24,32,7.0,5.0,nan,6.0,17.0,32.0,13.0
29,沙鹿,2018-08-24,32,3.0,3.0,nan,nan,12.0,32.0,7.0
28,豐原,2018-08-24,33,17.0,23.0,nan,7.0,8.0,33.0,33.0
27,三義,2018-08-24,35,3.0,2.0,nan,6.0,4.0,35.0,13.0
26,苗栗,2018-08-24,29,3.0,5.0,nan,29.0,14.0,28.0,17.0
25,頭份,2018-08-24,26,9.0,5.0,nan,12.0,26.0,nan,5.0
24,新竹,2018-08-24,25,4.0,6.0,nan,8.0,21.0,25.0,25.0
23,竹東,2018-08-24,24,3.0,3.0,nan,10.0,12.0,24.0,6.0
22,湖口,2018-08-24,32,7.0,5.0,nan,15.0,23.0,32.0,26.0
21,龍潭,2018-08-24,30,9.0,6.0,nan,19.0,29.0,30.0,20.0
20,平鎮,2018-08-24,36,7.0,7.0,nan,21.0,36.0,29.0,25.0
19,觀音,2018-08-24,35,10.0,3.0,nan,20.0,25.0,35.0,33.0
18,大園,2018-08-24,35,9.0,3.0,nan,18.0,24.0,35.0,32.0
17,桃園,2018-08-24,34,13.0,8.0,nan,20.0,34.0,28.0,31.0
16,大同,2018-08-24,42,6.0,20.0,nan,34.0,42.0,nan,32.0
15,松山,2018-08-24,35,9.0,7.0,nan,19.0,35.0,25.0,24.0
14,古亭,2018-08-24,46,9.0,6.0,nan,18.0,32.0,27.0,46.0
13,萬華,2018-08-24,34,6.0,7.0,nan,20.0,34.0,26.0,29.0
12,中山,2018-08-24,38,9.0,8.0,nan,nan,38.0,23.0,23.0
11,士林,2018-08-24,36,4.0,5.0,nan,19.0,19.0,36.0,26.0
10,淡水,2018-08-24,28,11.0,5.0,nan,18.0,17.0,28.0,26.0
9,林口,2018-08-24,31,7.0,3.0,nan,9.0,28.0,31.0,nan
8,菜寮,2018-08-24,29,6.0,7.0,nan,13.0,25.0,26.0,29.0
7,新莊,2018-08-24,32,10.0,7.0,nan,15.0,32.0,30.0,29.0
6,板橋,2018-08-24,40,10.0,9.0,nan,28.0,40.0,28.0,25.0
5,土城,2018-08-24,30,6.0,6.0,nan,15.0,25.0,30.0,22.0
4,新店,2018-08-24,32,4.0,6.0,nan,13.0,22.0,32.0,19.0
3,萬里,2018-08-24,44,6.0,2.0,nan,33.0,9.0,44.0,39.0
2,汐止,2018-08-24,33,7.0,6.0,nan,16.0,25.0,33.0,4.0
33,彰化,2018-08-25,54,7.0,5.0,nan,21.0,10.0,54.0,22.0
84,富貴角,2018-08-25,44,3.0,2.0,nan,23.0,7.0,44.0,26.0
83,麥寮,2018-08-25,51,7.0,5.0,nan,36.0,8.0,nan,51.0
80,關山,2018-08-25,26,4.0,nan,nan,24.0,4.0,26.0,26.0
78,馬公,2018-08-25,49,21.0,3.0,nan,13.0,10.0,49.0,24.0
77,金門,2018-08-25,61,9.0,6.0,nan,29.0,18.0,37.0,61.0
75,馬祖,2018-08-25,47,4.0,2.0,nan,22.0,6.0,47.0,16.0
72,埔里,2018-08-25,36,6.0,5.0,nan,14.0,11.0,34.0,36.0
71,復興,2018-08-25,41,17.0,8.0,nan,nan,32.0,nan,41.0
70,永和,2018-08-25,37,7.0,11.0,nan,22.0,31.0,nan,37.0
69,竹山,2018-08-25,43,7.0,3.0,nan,19.0,10.0,43.0,28.0
68,中壢,2018-08-25,44,4.0,15.0,nan,38.0,37.0,nan,44.0
67,三重,2018-08-25,40,6.0,15.0,nan,40.0,34.0,nan,35.0
65,宜蘭,2018-08-25,39,4.0,3.0,nan,27.0,10.0,39.0,25.0
64,陽明,2018-08-25,36,3.0,2.0,nan,8.0,1.0,36.0,14.0
63,花蓮,2018-08-25,40,3.0,2.0,nan,24.0,10.0,40.0,13.0
62,臺東,2018-08-25,34,1.0,5.0,nan,31.0,8.0,34.0,23.0
61,恆春,2018-08-25,49,9.0,2.0,nan,10.0,2.0,49.0,nan
60,潮州,2018-08-25,45,6.0,3.0,nan,25.0,nan,45.0,39.0
59,屏東,2018-08-25,49,9.0,7.0,nan,17.0,14.0,49.0,44.0
58,小港,2018-08-25,37,27.0,5.0,nan,29.0,36.0,36.0,37.0
57,前鎮,2018-08-25,34,17.0,9.0,nan,28.0,34.0,nan,21.0
56,前金,2018-08-25,41,20.0,7.0,nan,25.0,31.0,36.0,41.0
54,左營,2018-08-25,44,13.0,8.0,nan,31.0,29.0,34.0,44.0
53,楠梓,2018-08-25,55,10.0,7.0,nan,nan,25.0,40.0,55.0
52,林園,2018-08-25,64,10.0,6.0,nan,41.0,16.0,58.0,64.0
51,大寮,2018-08-25,49,10.0,3.0,nan,19.0,10.0,47.0,49.0
50,鳳山,2018-08-25,53,17.0,9.0,nan,19.0,25.0,nan,53.0
49,仁武,2018-08-25,56,19.0,7.0,nan,25.0,26.0,43.0,56.0
66,冬山,2018-08-25,40,6.0,3.0,nan,nan,15.0,34.0,40.0
48,橋頭,2018-08-25,41,10.0,7.0,nan,22.0,25.0,41.0,nan
47,美濃,2018-08-25,50,10.0,3.0,nan,18.0,10.0,50.0,24.0
46,臺南,2018-08-25,43,6.0,6.0,nan,26.0,18.0,43.0,27.0
45,安南,2018-08-25,43,7.0,6.0,nan,22.0,20.0,43.0,40.0
44,善化,2018-08-25,43,16.0,5.0,nan,20.0,17.0,43.0,21.0
43,新營,2018-08-25,44,6.0,5.0,nan,20.0,10.0,44.0,43.0
42,嘉義,2018-08-25,49,7.0,5.0,nan,19.0,10.0,49.0,25.0
41,臺西,2018-08-25,40,3.0,3.0,nan,nan,7.0,nan,40.0
40,朴子,2018-08-25,47,7.0,5.0,nan,31.0,11.0,47.0,34.0
39,新港,2018-08-25,49,3.0,3.0,nan,18.0,15.0,49.0,41.0
38,崙背,2018-08-25,50,4.0,3.0,nan,11.0,8.0,50.0,40.0
37,斗六,2018-08-25,54,6.0,5.0,nan,19.0,11.0,54.0,29.0
36,南投,2018-08-25,36,4.0,5.0,nan,15.0,12.0,36.0,15.0
35,二林,2018-08-25,47,4.0,3.0,nan,12.0,6.0,47.0,32.0
34,線西,2018-08-25,23,3.0,3.0,nan,9.0,8.0,nan,23.0
32,西屯,2018-08-25,46,4.0,5.0,nan,16.0,17.0,46.0,23.0
31,忠明,2018-08-25,45,3.0,6.0,nan,8.0,24.0,45.0,24.0
30,大里,2018-08-25,45,4.0,7.0,nan,15.0,17.0,45.0,22.0
29,沙鹿,2018-08-25,49,7.0,5.0,nan,nan,25.0,49.0,31.0
28,豐原,2018-08-25,44,7.0,5.0,nan,12.0,11.0,44.0,31.0
27,三義,2018-08-25,47,4.0,3.0,nan,14.0,8.0,47.0,32.0
26,苗栗,2018-08-25,39,6.0,5.0,nan,38.0,13.0,37.0,39.0
25,頭份,2018-08-25,29,7.0,5.0,nan,24.0,17.0,nan,29.0
24,新竹,2018-08-25,49,7.0,5.0,nan,19.0,19.0,43.0,49.0
23,竹東,2018-08-25,32,4.0,5.0,nan,24.0,11.0,32.0,24.0
22,湖口,2018-08-25,51,6.0,3.0,nan,25.0,23.0,51.0,42.0
21,龍潭,2018-08-25,47,6.0,6.0,nan,26.0,16.0,47.0,42.0
20,平鎮,2018-08-25,55,10.0,6.0,nan,37.0,27.0,40.0,55.0
19,觀音,2018-08-25,50,7.0,3.0,nan,31.0,20.0,50.0,50.0
18,大園,2018-08-25,49,10.0,5.0,nan,31.0,22.0,49.0,43.0
17,桃園,2018-08-25,53,17.0,6.0,nan,30.0,19.0,38.0,53.0
16,大同,2018-08-25,42,6.0,16.0,nan,38.0,33.0,nan,42.0
15,松山,2018-08-25,38,6.0,3.0,nan,22.0,19.0,38.0,38.0
14,古亭,2018-08-25,54,3.0,5.0,nan,23.0,25.0,34.0,54.0
13,萬華,2018-08-25,34,4.0,6.0,nan,23.0,21.0,30.0,34.0
12,中山,2018-08-25,32,4.0,7.0,nan,nan,25.0,26.0,32.0
11,士林,2018-08-25,39,3.0,3.0,nan,16.0,14.0,35.0,39.0
10,淡水,2018-08-25,35,4.0,5.0,nan,19.0,18.0,35.0,32.0
9,林口,2018-08-25,43,6.0,5.0,nan,16.0,22.0,43.0,nan
8,菜寮,2018-08-25,41,4.0,6.0,nan,18.0,22.0,31.0,41.0
7,新莊,2018-08-25,40,13.0,6.0,nan,23.0,18.0,40.0,40.0
6,板橋,2018-08-25,38,11.0,7.0,nan,35.0,23.0,38.0,37.0
5,土城,2018-08-25,43,13.0,6.0,nan,25.0,21.0,43.0,40.0
4,新店,2018-08-25,41,6.0,5.0,nan,19.0,14.0,41.0,28.0
3,萬里,2018-08-25,47,10.0,2.0,nan,25.0,6.0,44.0,47.0
2,汐止,2018-08-25,43,9.0,5.0,nan,18.0,19.0,43.0,nan
1,基隆,2018-08-25,38,10.0,3.0,nan,16.0,12.0,38.0,28.0
58,小港,2018-08-26,43,39.0,8.0,nan,35.0,25.0,43.0,32.0
84,富貴角,2018-08-26,40,6.0,3.0,nan,14.0,7.0,40.0,22.0
83,麥寮,2018-08-26,59,4.0,5.0,nan,42.0,8.0,nan,59.0
80,關山,2018-08-26,30,3.0,nan,nan,14.0,4.0,30.0,19.0
78,馬公,2018-08-26,67,39.0,5.0,nan,22.0,13.0,67.0,48.0
77,金門,2018-08-26,80,10.0,3.0,nan,28.0,11.0,80.0,54.0
75,馬祖,2018-08-26,42,6.0,2.0,nan,29.0,7.0,42.0,18.0
72,埔里,2018-08-26,42,4.0,5.0,nan,16.0,11.0,42.0,38.0
71,復興,2018-08-26,36,21.0,5.0,nan,21.0,19.0,nan,36.0
70,永和,2018-08-26,37,4.0,11.0,nan,14.0,35.0,nan,37.0
69,竹山,2018-08-26,37,6.0,3.0,nan,21.0,8.0,37.0,23.0
68,中壢,2018-08-26,40,3.0,11.0,nan,31.0,40.0,nan,31.0
67,三重,2018-08-26,42,6.0,18.0,nan,29.0,42.0,nan,29.0
65,宜蘭,2018-08-26,40,3.0,2.0,nan,16.0,7.0,40.0,19.0
64,陽明,2018-08-26,36,3.0,2.0,nan,6.0,4.0,36.0,10.0
63,花蓮,2018-08-26,37,3.0,2.0,nan,18.0,10.0,37.0,10.0
62,臺東,2018-08-26,33,7.0,5.0,nan,22.0,10.0,33.0,23.0
61,恆春,2018-08-26,67,nan,2.0,nan,12.0,2.0,67.0,nan
60,潮州,2018-08-26,47,11.0,2.0,nan,24.0,9.0,47.0,28.0
59,屏東,2018-08-26,46,3.0,6.0,nan,17.0,15.0,46.0,24.0
57,前鎮,2018-08-26,31,19.0,9.0,nan,31.0,31.0,nan,14.0
56,前金,2018-08-26,45,19.0,5.0,nan,22.0,24.0,45.0,39.0
54,左營,2018-08-26,43,11.0,6.0,nan,30.0,25.0,43.0,39.0
53,楠梓,2018-08-26,45,9.0,5.0,nan,nan,18.0,45.0,39.0
52,林園,2018-08-26,67,4.0,2.0,nan,29.0,4.0,67.0,36.0
51,大寮,2018-08-26,51,4.0,2.0,nan,15.0,3.0,51.0,35.0
49,仁武,2018-08-26,51,7.0,3.0,nan,20.0,8.0,51.0,30.0
66,冬山,2018-08-26,36,6.0,3.0,nan,nan,31.0,35.0,36.0
48,橋頭,2018-08-26,43,10.0,5.0,nan,21.0,16.0,43.0,nan
47,美濃,2018-08-26,43,3.0,2.0,nan,18.0,3.0,43.0,20.0
46,臺南,2018-08-26,48,7.0,5.0,nan,37.0,16.0,48.0,45.0
45,安南,2018-08-26,48,7.0,5.0,nan,31.0,15.0,48.0,43.0
44,善化,2018-08-26,44,9.0,3.0,nan,20.0,7.0,44.0,21.0
50,鳳山,2018-08-26,26,13.0,6.0,nan,12.0,13.0,nan,26.0
43,新營,2018-08-26,47,4.0,3.0,nan,22.0,5.0,43.0,47.0
42,嘉義,2018-08-26,43,7.0,3.0,nan,22.0,10.0,43.0,30.0
41,臺西,2018-08-26,54,6.0,3.0,nan,nan,7.0,nan,54.0
40,朴子,2018-08-26,54,6.0,3.0,nan,33.0,8.0,54.0,46.0
39,新港,2018-08-26,6,3.0,nan,nan,nan,6.0,nan,nan
38,崙背,2018-08-26,51,3.0,3.0,nan,18.0,6.0,51.0,47.0
37,斗六,2018-08-26,45,6.0,5.0,nan,19.0,9.0,45.0,13.0
36,南投,2018-08-26,35,6.0,5.0,nan,19.0,10.0,35.0,24.0
35,二林,2018-08-26,49,7.0,3.0,nan,17.0,6.0,49.0,42.0
34,線西,2018-08-26,34,4.0,5.0,nan,15.0,9.0,nan,34.0
32,西屯,2018-08-26,48,3.0,6.0,nan,18.0,26.0,48.0,38.0
31,忠明,2018-08-26,45,1.0,7.0,nan,11.0,32.0,45.0,31.0
30,大里,2018-08-26,44,4.0,6.0,nan,22.0,18.0,44.0,12.0
29,沙鹿,2018-08-26,49,7.0,5.0,nan,nan,13.0,49.0,35.0
28,豐原,2018-08-26,44,6.0,5.0,nan,19.0,8.0,44.0,34.0
27,三義,2018-08-26,44,6.0,3.0,nan,17.0,8.0,44.0,37.0
26,苗栗,2018-08-26,41,3.0,5.0,nan,41.0,16.0,38.0,40.0
25,頭份,2018-08-26,21,4.0,5.0,nan,21.0,13.0,nan,15.0
24,新竹,2018-08-26,42,4.0,5.0,nan,16.0,21.0,39.0,42.0
23,竹東,2018-08-26,33,4.0,3.0,nan,19.0,11.0,33.0,19.0
22,湖口,2018-08-26,64,6.0,3.0,nan,24.0,16.0,64.0,40.0
21,龍潭,2018-08-26,41,7.0,5.0,nan,20.0,15.0,41.0,35.0
20,平鎮,2018-08-26,42,7.0,6.0,nan,25.0,24.0,42.0,32.0
19,觀音,2018-08-26,64,9.0,5.0,nan,31.0,15.0,64.0,60.0
18,大園,2018-08-26,47,9.0,5.0,nan,23.0,23.0,47.0,42.0
17,桃園,2018-08-26,44,13.0,5.0,nan,19.0,16.0,43.0,44.0
16,大同,2018-08-26,42,4.0,22.0,nan,31.0,42.0,nan,39.0
15,松山,2018-08-26,36,6.0,7.0,nan,15.0,29.0,36.0,32.0
14,古亭,2018-08-26,54,6.0,7.0,nan,14.0,33.0,40.0,54.0
13,萬華,2018-08-26,43,7.0,9.0,nan,23.0,28.0,39.0,43.0
12,中山,2018-08-26,40,6.0,9.0,nan,16.0,29.0,29.0,40.0
11,士林,2018-08-26,44,4.0,6.0,nan,17.0,21.0,39.0,44.0
10,淡水,2018-08-26,38,6.0,5.0,nan,18.0,15.0,31.0,38.0
9,林口,2018-08-26,47,7.0,3.0,nan,13.0,16.0,47.0,nan
8,菜寮,2018-08-26,42,6.0,7.0,nan,13.0,22.0,32.0,42.0
7,新莊,2018-08-26,42,13.0,6.0,nan,19.0,19.0,42.0,36.0
6,板橋,2018-08-26,39,10.0,7.0,nan,29.0,23.0,39.0,32.0
5,土城,2018-08-26,39,7.0,6.0,nan,20.0,25.0,39.0,32.0
4,新店,2018-08-26,41,4.0,5.0,nan,13.0,15.0,41.0,27.0
3,萬里,2018-08-26,42,7.0,3.0,nan,14.0,8.0,42.0,34.0
2,汐止,2018-08-26,40,6.0,5.0,nan,9.0,18.0,40.0,nan
1,基隆,2018-08-26,42,3.0,2.0,nan,7.0,7.0,42.0,16.0
33,彰化,2018-08-26,64,6.0,5.0,nan,27.0,8.0,64.0,28.0
33,彰化,2018-08-27,36,7.0,5.0,nan,20.0,9.0,36.0,12.0
84,富貴角,2018-08-27,44,3.0,2.0,nan,18.0,7.0,44.0,20.0
83,麥寮,2018-08-27,29,9.0,3.0,nan,28.0,12.0,nan,29.0
80,關山,2018-08-27,21,3.0,nan,nan,10.0,3.0,21.0,14.0
78,馬公,2018-08-27,44,20.0,3.0,nan,11.0,9.0,44.0,17.0
77,金門,2018-08-27,80,4.0,3.0,nan,30.0,8.0,80.0,54.0
75,馬祖,2018-08-27,51,6.0,2.0,nan,28.0,3.0,51.0,32.0
72,埔里,2018-08-27,33,4.0,3.0,nan,14.0,15.0,33.0,33.0
71,復興,2018-08-27,22,13.0,3.0,nan,10.0,22.0,nan,12.0
70,永和,2018-08-27,37,7.0,14.0,nan,18.0,34.0,nan,37.0
69,竹山,2018-08-27,32,1.0,3.0,nan,17.0,10.0,32.0,9.0
68,中壢,2018-08-27,53,7.0,17.0,nan,34.0,42.0,nan,53.0
67,三重,2018-08-27,52,6.0,18.0,nan,36.0,52.0,nan,36.0
65,宜蘭,2018-08-27,28,4.0,3.0,nan,19.0,9.0,28.0,16.0
64,陽明,2018-08-27,42,3.0,2.0,nan,8.0,5.0,42.0,18.0
63,花蓮,2018-08-27,28,6.0,2.0,nan,16.0,13.0,28.0,6.0
62,臺東,2018-08-27,23,1.0,3.0,nan,23.0,9.0,22.0,9.0
61,恆春,2018-08-27,27,4.0,1.0,nan,18.0,2.0,27.0,nan
60,潮州,2018-08-27,29,3.0,1.0,nan,14.0,6.0,29.0,17.0
59,屏東,2018-08-27,28,1.0,3.0,nan,9.0,9.0,28.0,11.0
58,小港,2018-08-27,55,55.0,6.0,nan,28.0,24.0,20.0,22.0
57,前鎮,2018-08-27,26,16.0,7.0,nan,20.0,26.0,nan,3.0
56,前金,2018-08-27,28,9.0,3.0,nan,22.0,17.0,28.0,15.0
54,左營,2018-08-27,28,7.0,5.0,nan,19.0,16.0,28.0,14.0
53,楠梓,2018-08-27,25,7.0,5.0,nan,nan,25.0,22.0,17.0
52,林園,2018-08-27,32,1.0,1.0,nan,30.0,3.0,32.0,18.0
51,大寮,2018-08-27,31,3.0,1.0,nan,12.0,10.0,31.0,26.0
49,仁武,2018-08-27,30,11.0,3.0,nan,16.0,17.0,30.0,9.0
66,冬山,2018-08-27,30,4.0,3.0,nan,nan,12.0,22.0,30.0
50,鳳山,2018-08-27,22,10.0,7.0,nan,6.0,22.0,nan,11.0
48,橋頭,2018-08-27,27,7.0,3.0,nan,10.0,23.0,27.0,nan
47,美濃,2018-08-27,28,1.0,1.0,nan,6.0,2.0,28.0,7.0
46,臺南,2018-08-27,29,4.0,3.0,nan,24.0,15.0,29.0,15.0
45,安南,2018-08-27,27,7.0,5.0,nan,19.0,22.0,27.0,11.0
44,善化,2018-08-27,25,10.0,2.0,nan,14.0,12.0,25.0,8.0
43,新營,2018-08-27,29,7.0,3.0,nan,13.0,7.0,26.0,29.0
42,嘉義,2018-08-27,28,11.0,2.0,nan,14.0,7.0,28.0,11.0
41,臺西,2018-08-27,17,4.0,1.0,nan,nan,7.0,nan,17.0
40,朴子,2018-08-27,27,4.0,2.0,nan,20.0,8.0,27.0,12.0
39,新港,2018-08-27,26,1.0,2.0,nan,nan,6.0,26.0,nan
38,崙背,2018-08-27,31,3.0,2.0,nan,10.0,5.0,31.0,31.0
37,斗六,2018-08-27,30,6.0,3.0,nan,16.0,10.0,30.0,19.0
36,南投,2018-08-27,27,4.0,3.0,nan,19.0,13.0,27.0,16.0
35,二林,2018-08-27,32,6.0,2.0,nan,8.0,5.0,32.0,27.0
34,線西,2018-08-27,14,3.0,3.0,nan,7.0,10.0,nan,14.0
32,西屯,2018-08-27,33,4.0,5.0,nan,20.0,33.0,32.0,28.0
31,忠明,2018-08-27,29,3.0,5.0,nan,14.0,28.0,29.0,24.0
30,大里,2018-08-27,31,4.0,6.0,nan,22.0,24.0,31.0,16.0
29,沙鹿,2018-08-27,31,3.0,3.0,nan,19.0,18.0,31.0,25.0
28,豐原,2018-08-27,35,11.0,20.0,nan,22.0,16.0,35.0,34.0
27,三義,2018-08-27,36,6.0,2.0,nan,17.0,13.0,36.0,31.0
26,苗栗,2018-08-27,51,6.0,6.0,nan,44.0,24.0,33.0,51.0
25,頭份,2018-08-27,21,4.0,5.0,nan,18.0,21.0,nan,15.0
24,新竹,2018-08-27,38,4.0,5.0,nan,14.0,29.0,38.0,36.0
23,竹東,2018-08-27,36,4.0,5.0,nan,17.0,12.0,36.0,11.0
22,湖口,2018-08-27,48,6.0,5.0,nan,23.0,26.0,48.0,37.0
21,龍潭,2018-08-27,43,6.0,5.0,nan,30.0,24.0,43.0,39.0
20,平鎮,2018-08-27,39,6.0,7.0,nan,28.0,35.0,39.0,35.0
19,觀音,2018-08-27,66,11.0,5.0,nan,31.0,22.0,54.0,66.0
18,大園,2018-08-27,50,17.0,6.0,nan,28.0,31.0,50.0,43.0
17,桃園,2018-08-27,41,17.0,6.0,nan,23.0,30.0,41.0,40.0
16,大同,2018-08-27,53,9.0,23.0,nan,37.0,53.0,nan,36.0
15,松山,2018-08-27,37,4.0,6.0,nan,15.0,29.0,34.0,37.0
14,古亭,2018-08-27,58,7.0,7.0,nan,20.0,31.0,33.0,58.0
13,萬華,2018-08-27,43,7.0,8.0,nan,20.0,32.0,43.0,42.0
12,中山,2018-08-27,37,4.0,8.0,nan,19.0,34.0,37.0,34.0
11,士林,2018-08-27,47,3.0,7.0,nan,23.0,30.0,47.0,44.0
10,淡水,2018-08-27,40,6.0,5.0,nan,22.0,15.0,40.0,39.0
9,林口,2018-08-27,49,9.0,5.0,nan,20.0,32.0,49.0,nan
8,菜寮,2018-08-27,47,4.0,7.0,nan,17.0,34.0,47.0,46.0
7,新莊,2018-08-27,61,7.0,7.0,nan,19.0,34.0,61.0,39.0
6,板橋,2018-08-27,49,7.0,7.0,nan,29.0,33.0,49.0,41.0
5,土城,2018-08-27,46,13.0,6.0,nan,21.0,33.0,46.0,36.0
4,新店,2018-08-27,36,7.0,5.0,nan,19.0,22.0,36.0,34.0
3,萬里,2018-08-27,35,6.0,3.0,nan,15.0,9.0,35.0,32.0
2,汐止,2018-08-27,31,3.0,6.0,nan,14.0,22.0,31.0,7.0
1,基隆,2018-08-27,29,4.0,3.0,nan,9.0,10.0,29.0,15.0
84,富貴角,2018-08-28,33,1.0,1.0,nan,15.0,4.0,33.0,12.0
33,彰化,2018-08-28,21,6.0,2.0,nan,17.0,11.0,21.0,10.0
1,基隆,2018-08-28,18,6.0,3.0,nan,11.0,17.0,18.0,13.0
2,汐止,2018-08-28,25,6.0,6.0,nan,15.0,25.0,22.0,nan
3,萬里,2018-08-28,27,6.0,3.0,nan,17.0,18.0,27.0,24.0
4,新店,2018-08-28,28,3.0,5.0,nan,23.0,24.0,28.0,20.0
5,土城,2018-08-28,31,6.0,5.0,nan,20.0,25.0,31.0,18.0
6,板橋,2018-08-28,30,7.0,8.0,nan,24.0,30.0,28.0,17.0
7,新莊,2018-08-28,31,16.0,8.0,nan,18.0,31.0,31.0,27.0
8,菜寮,2018-08-28,30,7.0,8.0,nan,14.0,29.0,25.0,30.0
9,林口,2018-08-28,37,10.0,6.0,nan,17.0,32.0,37.0,nan
10,淡水,2018-08-28,29,4.0,5.0,nan,22.0,26.0,29.0,25.0
11,士林,2018-08-28,30,6.0,7.0,nan,18.0,30.0,28.0,19.0
12,中山,2018-08-28,33,6.0,9.0,nan,17.0,33.0,17.0,26.0
13,萬華,2018-08-28,30,4.0,8.0,nan,20.0,30.0,19.0,29.0
14,古亭,2018-08-28,49,6.0,8.0,nan,18.0,29.0,22.0,49.0
15,松山,2018-08-28,32,4.0,7.0,nan,15.0,32.0,21.0,22.0
16,大同,2018-08-28,41,10.0,24.0,nan,32.0,41.0,nan,24.0
17,桃園,2018-08-28,36,27.0,8.0,nan,24.0,28.0,29.0,36.0
18,大園,2018-08-28,34,10.0,6.0,nan,25.0,30.0,30.0,34.0
19,觀音,2018-08-28,51,9.0,6.0,nan,30.0,25.0,34.0,51.0
20,平鎮,2018-08-28,28,7.0,6.0,nan,24.0,28.0,28.0,27.0
21,龍潭,2018-08-28,32,6.0,3.0,nan,22.0,21.0,32.0,25.0
22,湖口,2018-08-28,35,4.0,3.0,nan,19.0,22.0,35.0,23.0
23,竹東,2018-08-28,27,4.0,3.0,nan,17.0,14.0,27.0,8.0
24,新竹,2018-08-28,27,3.0,6.0,nan,12.0,24.0,25.0,27.0
25,頭份,2018-08-28,19,4.0,3.0,nan,16.0,19.0,nan,13.0
26,苗栗,2018-08-28,44,3.0,5.0,nan,40.0,16.0,24.0,44.0
27,三義,2018-08-28,26,7.0,2.0,nan,13.0,14.0,26.0,24.0
28,豐原,2018-08-28,30,7.0,3.0,nan,13.0,15.0,22.0,30.0
29,沙鹿,2018-08-28,18,3.0,3.0,nan,11.0,16.0,18.0,13.0
30,大里,2018-08-28,18,4.0,5.0,nan,17.0,18.0,17.0,8.0
31,忠明,2018-08-28,21,4.0,5.0,nan,7.0,21.0,17.0,12.0
32,西屯,2018-08-28,19,4.0,2.0,nan,13.0,19.0,17.0,17.0
34,線西,2018-08-28,11,3.0,2.0,nan,4.0,11.0,nan,8.0
35,二林,2018-08-28,22,4.0,1.0,nan,5.0,6.0,22.0,20.0
36,南投,2018-08-28,16,3.0,3.0,nan,16.0,14.0,15.0,4.0
37,斗六,2018-08-28,20,7.0,3.0,nan,10.0,11.0,20.0,5.0
38,崙背,2018-08-28,21,1.0,1.0,nan,8.0,6.0,21.0,21.0
39,新港,2018-08-28,19,4.0,2.0,nan,8.0,9.0,19.0,9.0
40,朴子,2018-08-28,21,3.0,2.0,nan,15.0,8.0,21.0,8.0
41,臺西,2018-08-28,9,3.0,1.0,nan,nan,4.0,nan,9.0
42,嘉義,2018-08-28,20,7.0,2.0,nan,11.0,10.0,20.0,6.0
43,新營,2018-08-28,29,3.0,2.0,nan,10.0,7.0,20.0,29.0
44,善化,2018-08-28,19,4.0,1.0,nan,9.0,6.0,19.0,7.0
45,安南,2018-08-28,19,6.0,3.0,nan,15.0,16.0,19.0,16.0
46,臺南,2018-08-28,19,4.0,2.0,nan,14.0,10.0,19.0,15.0
47,美濃,2018-08-28,20,3.0,1.0,nan,9.0,4.0,20.0,12.0
48,橋頭,2018-08-28,17,4.0,2.0,nan,9.0,11.0,17.0,nan
66,冬山,2018-08-28,19,4.0,3.0,nan,nan,9.0,19.0,18.0
49,仁武,2018-08-28,19,7.0,3.0,nan,9.0,12.0,19.0,9.0
50,鳳山,2018-08-28,16,9.0,3.0,nan,nan,16.0,nan,14.0
51,大寮,2018-08-28,19,6.0,1.0,nan,7.0,8.0,19.0,19.0
52,林園,2018-08-28,24,4.0,1.0,nan,24.0,6.0,21.0,17.0
53,楠梓,2018-08-28,19,7.0,2.0,nan,13.0,19.0,14.0,19.0
54,左營,2018-08-28,17,7.0,3.0,nan,17.0,16.0,17.0,8.0
56,前金,2018-08-28,17,11.0,3.0,nan,16.0,17.0,16.0,8.0
57,前鎮,2018-08-28,19,16.0,6.0,nan,18.0,19.0,nan,5.0
58,小港,2018-08-28,37,37.0,9.0,nan,28.0,20.0,11.0,23.0
59,屏東,2018-08-28,19,1.0,5.0,nan,8.0,13.0,19.0,11.0
60,潮州,2018-08-28,16,3.0,1.0,nan,15.0,4.0,nan,16.0
61,恆春,2018-08-28,23,4.0,1.0,nan,15.0,2.0,21.0,23.0
62,臺東,2018-08-28,19,1.0,3.0,nan,19.0,12.0,14.0,8.0
63,花蓮,2018-08-28,18,3.0,2.0,nan,13.0,6.0,18.0,6.0
64,陽明,2018-08-28,31,4.0,1.0,nan,6.0,2.0,31.0,8.0
65,宜蘭,2018-08-28,25,4.0,3.0,nan,25.0,8.0,22.0,18.0
67,三重,2018-08-28,42,10.0,20.0,nan,32.0,42.0,nan,28.0
68,中壢,2018-08-28,36,6.0,17.0,nan,29.0,36.0,nan,25.0
69,竹山,2018-08-28,19,4.0,2.0,nan,19.0,8.0,13.0,7.0
70,永和,2018-08-28,34,7.0,12.0,nan,15.0,34.0,nan,19.0
71,復興,2018-08-28,16,14.0,3.0,nan,7.0,16.0,nan,7.0
72,埔里,2018-08-28,31,6.0,3.0,nan,12.0,15.0,20.0,31.0
75,馬祖,2018-08-28,32,4.0,2.0,nan,22.0,4.0,32.0,13.0
77,金門,2018-08-28,35,3.0,2.0,nan,15.0,7.0,35.0,17.0
78,馬公,2018-08-28,32,3.0,1.0,nan,13.0,5.0,32.0,11.0
80,關山,2018-08-28,14,1.0,nan,nan,11.0,6.0,13.0,14.0
83,麥寮,2018-08-28,30,3.0,2.0,nan,23.0,8.0,nan,30.0
1,基隆,2018-08-29,28,19.0,3.0,nan,16.0,18.0,28.0,20.0
84,富貴角,2018-08-29,43,4.0,1.0,nan,17.0,7.0,43.0,21.0
83,麥寮,2018-08-29,24,3.0,2.0,nan,24.0,7.0,nan,23.0
80,關山,2018-08-29,15,3.0,nan,nan,15.0,7.0,10.0,14.0
78,馬公,2018-08-29,26,4.0,2.0,nan,15.0,6.0,26.0,14.0
77,金門,2018-08-29,48,3.0,2.0,nan,15.0,4.0,48.0,22.0
75,馬祖,2018-08-29,31,3.0,1.0,nan,29.0,3.0,31.0,16.0
72,埔里,2018-08-29,27,4.0,3.0,nan,14.0,13.0,16.0,27.0
71,復興,2018-08-29,20,14.0,7.0,nan,12.0,20.0,nan,11.0
70,永和,2018-08-29,39,7.0,14.0,nan,21.0,39.0,nan,30.0
69,竹山,2018-08-29,18,nan,2.0,nan,18.0,13.0,15.0,10.0
68,中壢,2018-08-29,30,9.0,17.0,nan,26.0,30.0,nan,10.0
67,三重,2018-08-29,48,9.0,20.0,nan,39.0,48.0,nan,32.0
65,宜蘭,2018-08-29,30,4.0,2.0,nan,30.0,8.0,22.0,18.0
64,陽明,2018-08-29,28,4.0,1.0,nan,6.0,4.0,28.0,13.0
63,花蓮,2018-08-29,20,3.0,3.0,nan,20.0,12.0,11.0,5.0
62,臺東,2018-08-29,17,3.0,7.0,nan,17.0,15.0,9.0,11.0
61,恆春,2018-08-29,31,3.0,1.0,nan,17.0,1.0,21.0,31.0
60,潮州,2018-08-29,19,3.0,1.0,nan,19.0,nan,nan,16.0
59,屏東,2018-08-29,23,3.0,6.0,nan,12.0,14.0,15.0,23.0
58,小港,2018-08-29,51,51.0,16.0,nan,35.0,21.0,9.0,36.0
57,前鎮,2018-08-29,25,20.0,10.0,nan,22.0,25.0,nan,10.0
56,前金,2018-08-29,23,11.0,7.0,nan,18.0,19.0,12.0,23.0
54,左營,2018-08-29,19,7.0,5.0,nan,19.0,16.0,12.0,11.0
53,楠梓,2018-08-29,27,7.0,3.0,nan,16.0,17.0,12.0,27.0
52,林園,2018-08-29,30,4.0,1.0,nan,30.0,4.0,21.0,27.0
51,大寮,2018-08-29,25,4.0,1.0,nan,11.0,11.0,16.0,25.0
50,鳳山,2018-08-29,18,7.0,5.0,nan,nan,18.0,nan,9.0
49,仁武,2018-08-29,19,7.0,3.0,nan,14.0,15.0,19.0,13.0
66,冬山,2018-08-29,31,7.0,3.0,nan,31.0,11.0,18.0,27.0
48,橋頭,2018-08-29,15,4.0,2.0,nan,10.0,15.0,13.0,nan
47,美濃,2018-08-29,16,3.0,2.0,nan,12.0,8.0,16.0,6.0
46,臺南,2018-08-29,21,4.0,3.0,nan,14.0,11.0,13.0,21.0
45,安南,2018-08-29,19,6.0,3.0,nan,16.0,16.0,14.0,19.0
44,善化,2018-08-29,16,4.0,1.0,nan,12.0,6.0,16.0,9.0
43,新營,2018-08-29,21,3.0,2.0,nan,12.0,4.0,16.0,21.0
42,嘉義,2018-08-29,16,4.0,2.0,nan,14.0,8.0,16.0,14.0
41,臺西,2018-08-29,13,3.0,1.0,nan,nan,4.0,nan,13.0
40,朴子,2018-08-29,20,3.0,2.0,nan,20.0,8.0,18.0,13.0
39,新港,2018-08-29,23,3.0,1.0,nan,12.0,7.0,18.0,23.0
38,崙背,2018-08-29,26,1.0,1.0,nan,11.0,5.0,18.0,26.0
37,斗六,2018-08-29,17,4.0,3.0,nan,17.0,13.0,16.0,16.0
36,南投,2018-08-29,18,4.0,5.0,nan,18.0,13.0,15.0,8.0
35,二林,2018-08-29,24,6.0,2.0,nan,6.0,5.0,18.0,24.0
34,線西,2018-08-29,12,4.0,2.0,nan,7.0,8.0,nan,12.0
32,西屯,2018-08-29,22,4.0,3.0,nan,19.0,19.0,22.0,20.0
31,忠明,2018-08-29,19,4.0,6.0,nan,12.0,19.0,19.0,19.0
30,大里,2018-08-29,21,6.0,6.0,nan,21.0,15.0,20.0,15.0
29,沙鹿,2018-08-29,21,6.0,5.0,nan,15.0,18.0,21.0,10.0
28,豐原,2018-08-29,28,9.0,10.0,nan,17.0,15.0,20.0,28.0
27,三義,2018-08-29,26,4.0,5.0,nan,15.0,15.0,19.0,26.0
26,苗栗,2018-08-29,48,4.0,6.0,nan,39.0,21.0,23.0,48.0
25,頭份,2018-08-29,19,6.0,3.0,nan,19.0,17.0,nan,19.0
24,新竹,2018-08-29,34,6.0,6.0,nan,16.0,23.0,18.0,34.0
23,竹東,2018-08-29,23,4.0,3.0,nan,19.0,23.0,20.0,12.0
22,湖口,2018-08-29,26,6.0,3.0,nan,21.0,21.0,26.0,26.0
21,龍潭,2018-08-29,30,7.0,5.0,nan,18.0,19.0,27.0,30.0
20,平鎮,2018-08-29,26,7.0,5.0,nan,26.0,24.0,25.0,24.0
19,觀音,2018-08-29,36,9.0,5.0,nan,28.0,25.0,23.0,36.0
18,大園,2018-08-29,42,14.0,6.0,nan,28.0,26.0,25.0,42.0
17,桃園,2018-08-29,52,16.0,7.0,nan,28.0,28.0,25.0,52.0
16,大同,2018-08-29,39,7.0,28.0,nan,39.0,34.0,nan,38.0
15,松山,2018-08-29,32,4.0,6.0,nan,22.0,32.0,29.0,24.0
14,古亭,2018-08-29,56,4.0,8.0,nan,22.0,29.0,37.0,56.0
13,萬華,2018-08-29,39,4.0,9.0,nan,22.0,38.0,39.0,35.0
12,中山,2018-08-29,40,6.0,9.0,nan,20.0,33.0,28.0,40.0
11,士林,2018-08-29,42,4.0,6.0,nan,27.0,26.0,42.0,28.0
10,淡水,2018-08-29,37,6.0,5.0,nan,27.0,21.0,36.0,37.0
8,菜寮,2018-08-29,41,7.0,8.0,nan,19.0,28.0,41.0,32.0
7,新莊,2018-08-29,48,10.0,6.0,nan,21.0,30.0,48.0,31.0
6,板橋,2018-08-29,39,11.0,7.0,nan,33.0,30.0,39.0,31.0
5,土城,2018-08-29,36,14.0,6.0,nan,31.0,34.0,36.0,29.0
4,新店,2018-08-29,38,4.0,5.0,nan,21.0,20.0,38.0,28.0
3,萬里,2018-08-29,39,7.0,3.0,nan,21.0,16.0,39.0,34.0
2,汐止,2018-08-29,29,6.0,6.0,nan,20.0,23.0,29.0,4.0
9,林口,2018-08-29,42,13.0,6.0,nan,21.0,30.0,42.0,nan
33,彰化,2018-08-29,21,10.0,5.0,nan,19.0,14.0,20.0,21.0
83,麥寮,2018-08-30,36,3.0,3.0,nan,36.0,12.0,nan,36.0
33,彰化,2018-08-30,32,6.0,6.0,nan,27.0,16.0,19.0,32.0
1,基隆,2018-08-30,25,14.0,3.0,nan,16.0,18.0,25.0,25.0
2,汐止,2018-08-30,25,23.0,6.0,nan,20.0,25.0,24.0,5.0
3,萬里,2018-08-30,35,7.0,2.0,nan,19.0,9.0,35.0,31.0
4,新店,2018-08-30,31,6.0,6.0,nan,24.0,20.0,30.0,31.0
5,土城,2018-08-30,38,10.0,8.0,nan,28.0,35.0,38.0,33.0
6,板橋,2018-08-30,32,9.0,8.0,nan,29.0,32.0,31.0,26.0
7,新莊,2018-08-30,31,11.0,7.0,nan,20.0,28.0,31.0,28.0
8,菜寮,2018-08-30,31,16.0,8.0,nan,15.0,30.0,23.0,31.0
9,林口,2018-08-30,29,10.0,6.0,nan,20.0,26.0,29.0,nan
10,淡水,2018-08-30,32,6.0,5.0,nan,27.0,25.0,30.0,32.0
11,士林,2018-08-30,31,6.0,5.0,nan,21.0,22.0,30.0,31.0
12,中山,2018-08-30,43,9.0,11.0,nan,24.0,43.0,18.0,34.0
13,萬華,2018-08-30,32,6.0,8.0,nan,19.0,32.0,19.0,27.0
14,古亭,2018-08-30,54,6.0,7.0,nan,26.0,30.0,22.0,54.0
15,松山,2018-08-30,29,6.0,6.0,nan,22.0,29.0,21.0,24.0
16,大同,2018-08-30,48,7.0,27.0,nan,37.0,48.0,nan,31.0
17,桃園,2018-08-30,45,26.0,9.0,nan,29.0,32.0,31.0,45.0
18,大園,2018-08-30,33,11.0,5.0,nan,30.0,33.0,31.0,32.0
84,富貴角,2018-08-30,34,4.0,2.0,nan,20.0,8.0,34.0,28.0
19,觀音,2018-08-30,33,9.0,5.0,nan,31.0,29.0,32.0,33.0
20,平鎮,2018-08-30,42,9.0,7.0,nan,29.0,25.0,32.0,42.0
21,龍潭,2018-08-30,30,6.0,6.0,nan,22.0,27.0,30.0,23.0
22,湖口,2018-08-30,34,6.0,3.0,nan,26.0,23.0,34.0,33.0
23,竹東,2018-08-30,19,4.0,3.0,nan,19.0,9.0,19.0,9.0
24,新竹,2018-08-30,45,3.0,7.0,nan,19.0,23.0,27.0,45.0
25,頭份,2018-08-30,40,14.0,3.0,nan,26.0,18.0,nan,40.0
26,苗栗,2018-08-30,59,4.0,5.0,nan,45.0,18.0,31.0,59.0
27,三義,2018-08-30,32,4.0,3.0,nan,22.0,14.0,27.0,32.0
28,豐原,2018-08-30,36,7.0,5.0,nan,25.0,20.0,27.0,36.0
29,沙鹿,2018-08-30,23,6.0,6.0,nan,21.0,21.0,19.0,23.0
30,大里,2018-08-30,32,6.0,6.0,nan,32.0,19.0,20.0,26.0
31,忠明,2018-08-30,33,4.0,6.0,nan,19.0,20.0,19.0,33.0
32,西屯,2018-08-30,35,6.0,5.0,nan,25.0,22.0,20.0,35.0
34,線西,2018-08-30,31,3.0,3.0,nan,17.0,16.0,nan,31.0
35,二林,2018-08-30,37,7.0,2.0,nan,16.0,13.0,19.0,37.0
36,南投,2018-08-30,26,4.0,5.0,nan,26.0,15.0,17.0,19.0
37,斗六,2018-08-30,26,4.0,5.0,nan,20.0,18.0,18.0,26.0
38,崙背,2018-08-30,39,1.0,2.0,nan,17.0,11.0,17.0,39.0
39,新港,2018-08-30,25,3.0,3.0,nan,20.0,15.0,15.0,25.0
40,朴子,2018-08-30,28,6.0,5.0,nan,28.0,15.0,14.0,22.0
41,臺西,2018-08-30,26,4.0,1.0,nan,nan,10.0,nan,26.0
42,嘉義,2018-08-30,19,6.0,5.0,nan,19.0,13.0,15.0,17.0
43,新營,2018-08-30,33,4.0,5.0,nan,20.0,16.0,13.0,33.0
44,善化,2018-08-30,21,7.0,3.0,nan,19.0,15.0,13.0,21.0
45,安南,2018-08-30,46,16.0,7.0,nan,32.0,25.0,13.0,46.0
46,臺南,2018-08-30,35,6.0,7.0,nan,25.0,20.0,12.0,35.0
47,美濃,2018-08-30,16,3.0,2.0,nan,16.0,7.0,8.0,5.0
48,橋頭,2018-08-30,25,7.0,7.0,nan,23.0,25.0,12.0,nan
66,冬山,2018-08-30,22,11.0,5.0,nan,22.0,15.0,22.0,19.0
49,仁武,2018-08-30,34,6.0,9.0,nan,28.0,20.0,17.0,34.0
50,鳳山,2018-08-30,23,6.0,12.0,nan,17.0,23.0,nan,23.0
51,大寮,2018-08-30,52,26.0,7.0,nan,23.0,23.0,16.0,52.0
52,林園,2018-08-30,41,3.0,3.0,nan,27.0,14.0,20.0,41.0
53,楠梓,2018-08-30,45,11.0,7.0,nan,24.0,22.0,9.0,45.0
54,左營,2018-08-30,38,17.0,15.0,nan,31.0,30.0,12.0,38.0
56,前金,2018-08-30,48,19.0,17.0,nan,24.0,29.0,11.0,48.0
57,前鎮,2018-08-30,36,31.0,14.0,nan,31.0,28.0,nan,36.0
58,小港,2018-08-30,52,43.0,14.0,nan,44.0,25.0,6.0,52.0
59,屏東,2018-08-30,24,6.0,11.0,nan,17.0,21.0,10.0,24.0
60,潮州,2018-08-30,29,4.0,2.0,nan,18.0,nan,12.0,29.0
61,恆春,2018-08-30,30,3.0,1.0,nan,12.0,2.0,22.0,30.0
62,臺東,2018-08-30,23,1.0,5.0,nan,22.0,12.0,16.0,23.0
63,花蓮,2018-08-30,20,3.0,2.0,nan,20.0,14.0,19.0,6.0
64,陽明,2018-08-30,31,3.0,1.0,nan,8.0,4.0,31.0,18.0
65,宜蘭,2018-08-30,26,4.0,3.0,nan,26.0,10.0,24.0,16.0
67,三重,2018-08-30,41,7.0,17.0,nan,35.0,41.0,nan,23.0
68,中壢,2018-08-30,35,7.0,18.0,nan,32.0,35.0,nan,29.0
69,竹山,2018-08-30,24,4.0,3.0,nan,24.0,12.0,19.0,19.0
70,永和,2018-08-30,37,6.0,15.0,nan,15.0,37.0,nan,28.0
71,復興,2018-08-30,36,20.0,16.0,nan,23.0,27.0,nan,36.0
72,埔里,2018-08-30,39,4.0,3.0,nan,18.0,15.0,23.0,39.0
75,馬祖,2018-08-30,28,3.0,1.0,nan,23.0,3.0,28.0,15.0
77,金門,2018-08-30,24,3.0,1.0,nan,15.0,3.0,24.0,17.0
78,馬公,2018-08-30,28,4.0,3.0,nan,19.0,13.0,19.0,28.0
80,關山,2018-08-30,23,3.0,nan,nan,19.0,4.0,17.0,23.0
84,富貴角,2018-08-31,36,7.0,2.0,nan,19.0,11.0,36.0,31.0
1,基隆,2018-08-31,29,7.0,6.0,nan,19.0,29.0,25.0,28.0
2,汐止,2018-08-31,30,16.0,8.0,nan,22.0,29.0,30.0,6.0
3,萬里,2018-08-31,34,10.0,3.0,nan,21.0,12.0,34.0,31.0
4,新店,2018-08-31,31,6.0,5.0,nan,19.0,19.0,31.0,24.0
5,土城,2018-08-31,49,10.0,7.0,nan,32.0,37.0,49.0,47.0
6,板橋,2018-08-31,54,11.0,14.0,nan,34.0,54.0,41.0,38.0
7,新莊,2018-08-31,48,17.0,12.0,nan,25.0,47.0,48.0,40.0
8,菜寮,2018-08-31,40,7.0,9.0,nan,17.0,40.0,37.0,32.0
9,林口,2018-08-31,71,14.0,9.0,nan,30.0,53.0,71.0,nan
10,淡水,2018-08-31,39,7.0,7.0,nan,30.0,35.0,39.0,36.0
11,士林,2018-08-31,40,7.0,8.0,nan,24.0,40.0,40.0,33.0
12,中山,2018-08-31,32,7.0,7.0,nan,20.0,32.0,31.0,30.0
13,萬華,2018-08-31,32,6.0,7.0,nan,19.0,32.0,32.0,23.0
14,古亭,2018-08-31,51,4.0,8.0,nan,23.0,29.0,29.0,51.0
15,松山,2018-08-31,31,11.0,8.0,nan,22.0,31.0,29.0,29.0
16,大同,2018-08-31,47,7.0,33.0,nan,37.0,47.0,nan,34.0
17,桃園,2018-08-31,67,40.0,8.0,nan,37.0,35.0,49.0,67.0
18,大園,2018-08-31,40,19.0,5.0,nan,31.0,26.0,37.0,40.0
19,觀音,2018-08-31,43,4.0,3.0,nan,35.0,16.0,28.0,43.0
20,平鎮,2018-08-31,45,9.0,6.0,nan,31.0,21.0,41.0,45.0
21,龍潭,2018-08-31,49,7.0,5.0,nan,23.0,20.0,49.0,38.0
22,湖口,2018-08-31,41,6.0,3.0,nan,30.0,19.0,40.0,41.0
23,竹東,2018-08-31,36,4.0,3.0,nan,26.0,11.0,36.0,22.0
24,新竹,2018-08-31,56,6.0,5.0,nan,26.0,19.0,31.0,56.0
25,頭份,2018-08-31,49,7.0,3.0,nan,28.0,16.0,nan,49.0
26,苗栗,2018-08-31,62,6.0,3.0,nan,45.0,14.0,29.0,62.0
27,三義,2018-08-31,43,7.0,3.0,nan,26.0,12.0,35.0,43.0
28,豐原,2018-08-31,44,9.0,8.0,nan,29.0,22.0,40.0,44.0
29,沙鹿,2018-08-31,42,9.0,5.0,nan,29.0,28.0,26.0,42.0
30,大里,2018-08-31,32,7.0,6.0,nan,32.0,18.0,31.0,21.0
31,忠明,2018-08-31,38,4.0,6.0,nan,21.0,24.0,31.0,38.0
32,西屯,2018-08-31,50,4.0,3.0,nan,31.0,22.0,31.0,50.0
33,彰化,2018-08-31,36,4.0,5.0,nan,31.0,19.0,30.0,36.0
34,線西,2018-08-31,51,11.0,5.0,nan,24.0,25.0,nan,51.0
35,二林,2018-08-31,47,7.0,3.0,nan,30.0,12.0,24.0,47.0
36,南投,2018-08-31,32,6.0,5.0,nan,32.0,18.0,27.0,24.0
37,斗六,2018-08-31,32,9.0,5.0,nan,26.0,18.0,20.0,32.0
38,崙背,2018-08-31,38,4.0,3.0,nan,22.0,12.0,20.0,38.0
39,新港,2018-08-31,49,7.0,5.0,nan,31.0,18.0,24.0,49.0
40,朴子,2018-08-31,44,4.0,6.0,nan,44.0,21.0,25.0,44.0
41,臺西,2018-08-31,45,4.0,3.0,nan,22.0,12.0,nan,45.0
42,嘉義,2018-08-31,36,7.0,7.0,nan,35.0,25.0,29.0,36.0
43,新營,2018-08-31,49,6.0,6.0,nan,36.0,21.0,33.0,49.0
44,善化,2018-08-31,31,7.0,5.0,nan,30.0,23.0,31.0,25.0
45,安南,2018-08-31,43,10.0,7.0,nan,32.0,25.0,25.0,43.0
46,臺南,2018-08-31,32,7.0,7.0,nan,27.0,21.0,27.0,32.0
47,美濃,2018-08-31,32,9.0,3.0,nan,25.0,11.0,32.0,18.0
48,橋頭,2018-08-31,28,16.0,6.0,nan,28.0,21.0,22.0,nan
66,冬山,2018-08-31,27,11.0,5.0,nan,27.0,18.0,27.0,15.0
49,仁武,2018-08-31,31,10.0,6.0,nan,31.0,22.0,24.0,31.0
50,鳳山,2018-08-31,23,9.0,9.0,nan,19.0,23.0,nan,20.0
51,大寮,2018-08-31,51,20.0,3.0,nan,27.0,15.0,18.0,51.0
52,林園,2018-08-31,42,4.0,3.0,nan,25.0,9.0,24.0,42.0
53,楠梓,2018-08-31,43,11.0,7.0,nan,35.0,22.0,24.0,43.0
54,左營,2018-08-31,34,16.0,8.0,nan,34.0,23.0,19.0,25.0
56,前金,2018-08-31,36,21.0,9.0,nan,nan,28.0,19.0,36.0
57,前鎮,2018-08-31,31,16.0,9.0,nan,31.0,23.0,nan,27.0
58,小港,2018-08-31,35,29.0,5.0,nan,35.0,24.0,13.0,27.0
59,屏東,2018-08-31,24,4.0,6.0,nan,22.0,17.0,24.0,18.0
60,潮州,2018-08-31,28,3.0,2.0,nan,19.0,nan,20.0,28.0
61,恆春,2018-08-31,29,3.0,1.0,nan,8.0,1.0,22.0,29.0
62,臺東,2018-08-31,28,3.0,5.0,nan,28.0,10.0,18.0,27.0
63,花蓮,2018-08-31,23,4.0,2.0,nan,23.0,8.0,17.0,6.0
64,陽明,2018-08-31,38,11.0,1.0,nan,13.0,6.0,38.0,28.0
65,宜蘭,2018-08-31,26,4.0,3.0,nan,24.0,8.0,26.0,16.0
67,三重,2018-08-31,46,7.0,17.0,nan,31.0,46.0,nan,23.0
68,中壢,2018-08-31,38,9.0,16.0,nan,36.0,38.0,nan,24.0
69,竹山,2018-08-31,38,4.0,3.0,nan,27.0,9.0,28.0,38.0
70,永和,2018-08-31,29,6.0,9.0,nan,16.0,29.0,nan,20.0
71,復興,2018-08-31,28,14.0,8.0,nan,28.0,25.0,nan,13.0
72,埔里,2018-08-31,43,4.0,3.0,nan,19.0,13.0,24.0,43.0
75,馬祖,2018-08-31,30,4.0,2.0,nan,24.0,5.0,30.0,22.0
77,金門,2018-08-31,26,4.0,2.0,nan,17.0,13.0,20.0,26.0
78,馬公,2018-08-31,44,7.0,5.0,nan,24.0,15.0,23.0,44.0
80,關山,2018-08-31,32,3.0,nan,nan,27.0,4.0,14.0,32.0
83,麥寮,2018-08-31,52,4.0,5.0,nan,45.0,17.0,nan,52.0
