siteid,sitename,monitordate,aqi,so2subindex,cosubindex,o3subindex,pm10subindex,no2subindex,o38subindex,pm25subindex
51,大寮,2018-11-01,89,7.0,7.0,nan,49.0,45.0,14.0,89.0
84,富貴角,2018-11-01,71,1.0,2.0,nan,49.0,3.0,71.0,58.0
83,麥寮,2018-11-01,58,9.0,3.0,nan,58.0,16.0,nan,56.0
80,關山,2018-11-01,42,3.0,nan,nan,10.0,5.0,42.0,22.0
78,馬公,2018-11-01,84,3.0,3.0,nan,43.0,2.0,84.0,41.0
77,金門,2018-11-01,84,4.0,3.0,nan,54.0,10.0,84.0,78.0
75,馬祖,2018-11-01,84,4.0,2.0,nan,48.0,5.0,84.0,73.0
72,埔里,2018-11-01,37,10.0,7.0,nan,15.0,25.0,24.0,37.0
71,復興,2018-11-01,68,6.0,11.0,nan,54.0,40.0,nan,68.0
70,永和,2018-11-01,34,3.0,5.0,nan,18.0,17.0,nan,34.0
69,竹山,2018-11-01,59,6.0,5.0,nan,31.0,25.0,30.0,59.0
68,中壢,2018-11-01,31,6.0,10.0,nan,28.0,31.0,nan,30.0
67,三重,2018-11-01,45,6.0,14.0,nan,37.0,45.0,nan,42.0
66,冬山,2018-11-01,44,1.0,3.0,nan,13.0,17.0,44.0,17.0
65,宜蘭,2018-11-01,54,4.0,3.0,nan,19.0,13.0,54.0,31.0
64,陽明,2018-11-01,64,1.0,2.0,nan,7.0,2.0,64.0,12.0
63,花蓮,2018-11-01,47,3.0,6.0,nan,16.0,22.0,47.0,7.0
62,臺東,2018-11-01,36,3.0,5.0,nan,13.0,12.0,36.0,14.0
61,恆春,2018-11-01,54,3.0,1.0,nan,nan,4.0,54.0,nan
60,潮州,2018-11-01,107,6.0,6.0,nan,63.0,37.0,29.0,107.0
1,基隆,2018-11-01,64,3.0,2.0,nan,20.0,7.0,64.0,35.0
59,屏東,2018-11-01,77,4.0,7.0,nan,nan,28.0,26.0,77.0
58,小港,2018-11-01,72,7.0,9.0,nan,51.0,44.0,20.0,72.0
57,前鎮,2018-11-01,72,6.0,9.0,nan,55.0,38.0,nan,72.0
56,前金,2018-11-01,82,6.0,7.0,nan,nan,27.0,24.0,82.0
54,左營,2018-11-01,58,6.0,7.0,nan,56.0,34.0,27.0,58.0
53,楠梓,2018-11-01,78,4.0,6.0,nan,53.0,26.0,24.0,78.0
52,林園,2018-11-01,105,26.0,9.0,nan,63.0,55.0,21.0,105.0
50,鳳山,2018-11-01,75,6.0,8.0,nan,44.0,40.0,nan,75.0
49,仁武,2018-11-01,58,13.0,6.0,nan,51.0,34.0,20.0,58.0
48,橋頭,2018-11-01,101,6.0,6.0,nan,52.0,25.0,27.0,101.0
47,美濃,2018-11-01,45,3.0,5.0,nan,39.0,16.0,23.0,45.0
46,臺南,2018-11-01,59,7.0,6.0,nan,42.0,28.0,29.0,59.0
45,安南,2018-11-01,50,7.0,5.0,nan,48.0,27.0,32.0,50.0
44,善化,2018-11-01,49,6.0,3.0,nan,32.0,20.0,28.0,49.0
43,新營,2018-11-01,63,4.0,5.0,nan,35.0,24.0,32.0,63.0
42,嘉義,2018-11-01,41,7.0,6.0,nan,35.0,32.0,25.0,41.0
41,臺西,2018-11-01,64,4.0,2.0,nan,41.0,10.0,nan,64.0
40,朴子,2018-11-01,58,9.0,5.0,nan,58.0,20.0,32.0,46.0
39,新港,2018-11-01,47,7.0,5.0,nan,29.0,17.0,35.0,47.0
38,崙背,2018-11-01,40,9.0,5.0,nan,34.0,22.0,33.0,40.0
37,斗六,2018-11-01,45,6.0,3.0,nan,27.0,23.0,31.0,45.0
36,南投,2018-11-01,40,7.0,8.0,nan,28.0,30.0,22.0,40.0
35,二林,2018-11-01,37,9.0,5.0,nan,24.0,12.0,37.0,37.0
34,線西,2018-11-01,34,7.0,5.0,nan,19.0,17.0,nan,34.0
33,彰化,2018-11-01,34,3.0,7.0,nan,18.0,22.0,34.0,19.0
32,西屯,2018-11-01,39,4.0,2.0,nan,18.0,12.0,39.0,28.0
31,忠明,2018-11-01,32,4.0,3.0,nan,9.0,19.0,32.0,30.0
30,大里,2018-11-01,26,4.0,6.0,nan,19.0,25.0,26.0,10.0
29,沙鹿,2018-11-01,39,3.0,3.0,nan,15.0,13.0,39.0,20.0
28,豐原,2018-11-01,31,3.0,2.0,nan,11.0,14.0,31.0,17.0
27,三義,2018-11-01,40,3.0,2.0,nan,12.0,nan,40.0,20.0
26,苗栗,2018-11-01,45,4.0,3.0,nan,33.0,10.0,40.0,45.0
25,頭份,2018-11-01,30,1.0,2.0,nan,19.0,15.0,nan,30.0
24,新竹,2018-11-01,50,4.0,3.0,nan,22.0,6.0,48.0,50.0
23,竹東,2018-11-01,44,1.0,2.0,nan,12.0,7.0,44.0,14.0
22,湖口,2018-11-01,58,3.0,3.0,nan,24.0,13.0,58.0,52.0
21,龍潭,2018-11-01,64,4.0,3.0,nan,17.0,9.0,64.0,31.0
20,平鎮,2018-11-01,54,4.0,5.0,nan,27.0,18.0,54.0,39.0
19,觀音,2018-11-01,64,9.0,3.0,nan,34.0,15.0,46.0,64.0
18,大園,2018-11-01,50,4.0,3.0,nan,28.0,27.0,50.0,33.0
17,桃園,2018-11-01,44,7.0,5.0,nan,23.0,19.0,44.0,41.0
16,大同,2018-11-01,51,6.0,14.0,nan,40.0,51.0,nan,40.0
15,松山,2018-11-01,46,4.0,5.0,nan,23.0,29.0,46.0,34.0
14,古亭,2018-11-01,50,3.0,5.0,nan,10.0,20.0,50.0,31.0
13,萬華,2018-11-01,47,4.0,5.0,nan,24.0,35.0,47.0,35.0
12,中山,2018-11-01,50,4.0,6.0,nan,23.0,39.0,43.0,50.0
11,士林,2018-11-01,61,3.0,2.0,nan,23.0,10.0,61.0,33.0
10,淡水,2018-11-01,64,4.0,3.0,nan,22.0,12.0,64.0,34.0
9,林口,2018-11-01,50,4.0,3.0,nan,31.0,25.0,50.0,28.0
8,菜寮,2018-11-01,41,3.0,5.0,nan,30.0,22.0,41.0,29.0
7,新莊,2018-11-01,50,6.0,5.0,nan,19.0,25.0,50.0,29.0
6,板橋,2018-11-01,52,4.0,5.0,nan,22.0,25.0,45.0,52.0
5,土城,2018-11-01,49,4.0,5.0,nan,17.0,19.0,49.0,48.0
4,新店,2018-11-01,48,1.0,3.0,nan,19.0,14.0,48.0,25.0
3,萬里,2018-11-01,80,9.0,2.0,nan,67.0,5.0,80.0,44.0
2,汐止,2018-11-01,47,4.0,5.0,nan,21.0,27.0,47.0,46.0
1,基隆,2018-11-02,41,3.0,2.0,nan,13.0,12.0,41.0,23.0
51,大寮,2018-11-02,86,14.0,9.0,nan,51.0,49.0,24.0,86.0
2,汐止,2018-11-02,39,6.0,3.0,nan,9.0,16.0,39.0,16.0
3,萬里,2018-11-02,51,6.0,2.0,nan,51.0,8.0,45.0,31.0
4,新店,2018-11-02,32,3.0,5.0,nan,10.0,22.0,32.0,11.0
5,土城,2018-11-02,38,3.0,7.0,nan,10.0,29.0,38.0,34.0
6,板橋,2018-11-02,34,4.0,7.0,nan,11.0,31.0,34.0,27.0
7,新莊,2018-11-02,38,3.0,5.0,nan,7.0,25.0,38.0,13.0
8,菜寮,2018-11-02,29,4.0,5.0,nan,18.0,25.0,29.0,15.0
9,林口,2018-11-02,39,3.0,3.0,nan,20.0,16.0,39.0,9.0
10,淡水,2018-11-02,42,3.0,3.0,nan,13.0,17.0,42.0,19.0
11,士林,2018-11-02,39,4.0,2.0,nan,8.0,12.0,39.0,17.0
12,中山,2018-11-02,35,4.0,7.0,nan,13.0,35.0,32.0,24.0
13,萬華,2018-11-02,34,3.0,6.0,nan,15.0,33.0,34.0,25.0
14,古亭,2018-11-02,36,4.0,6.0,nan,5.0,33.0,36.0,31.0
15,松山,2018-11-02,35,4.0,5.0,nan,10.0,29.0,35.0,25.0
16,大同,2018-11-02,41,4.0,12.0,nan,27.0,41.0,nan,27.0
17,桃園,2018-11-02,32,9.0,6.0,nan,13.0,20.0,32.0,29.0
18,大園,2018-11-02,35,13.0,2.0,nan,23.0,25.0,35.0,18.0
19,觀音,2018-11-02,54,9.0,2.0,nan,31.0,15.0,38.0,54.0
20,平鎮,2018-11-02,39,4.0,5.0,nan,17.0,27.0,39.0,23.0
21,龍潭,2018-11-02,39,4.0,3.0,nan,16.0,17.0,39.0,28.0
22,湖口,2018-11-02,37,3.0,2.0,nan,19.0,12.0,37.0,34.0
23,竹東,2018-11-02,32,4.0,5.0,nan,13.0,18.0,32.0,19.0
24,新竹,2018-11-02,39,3.0,3.0,nan,15.0,22.0,33.0,39.0
25,頭份,2018-11-02,31,6.0,5.0,nan,18.0,26.0,nan,31.0
26,苗栗,2018-11-02,49,6.0,6.0,nan,38.0,25.0,31.0,49.0
27,三義,2018-11-02,38,4.0,3.0,nan,17.0,12.0,38.0,36.0
28,豐原,2018-11-02,46,6.0,6.0,nan,25.0,20.0,38.0,46.0
29,沙鹿,2018-11-02,36,6.0,3.0,nan,26.0,21.0,33.0,36.0
30,大里,2018-11-02,36,4.0,9.0,nan,36.0,31.0,28.0,32.0
31,忠明,2018-11-02,44,6.0,7.0,nan,22.0,31.0,29.0,44.0
32,西屯,2018-11-02,42,4.0,5.0,nan,25.0,23.0,31.0,42.0
33,彰化,2018-11-02,40,6.0,8.0,nan,37.0,27.0,31.0,40.0
34,線西,2018-11-02,37,9.0,5.0,nan,29.0,23.0,nan,37.0
35,二林,2018-11-02,42,10.0,3.0,nan,30.0,14.0,29.0,42.0
36,南投,2018-11-02,56,6.0,7.0,nan,40.0,35.0,27.0,56.0
37,斗六,2018-11-02,56,6.0,6.0,nan,43.0,25.0,31.0,56.0
38,崙背,2018-11-02,43,6.0,5.0,nan,33.0,17.0,27.0,43.0
39,新港,2018-11-02,48,6.0,5.0,nan,35.0,17.0,28.0,48.0
40,朴子,2018-11-02,50,6.0,3.0,nan,46.0,17.0,31.0,50.0
41,臺西,2018-11-02,44,6.0,2.0,nan,38.0,11.0,nan,44.0
42,嘉義,2018-11-02,57,9.0,7.0,nan,48.0,30.0,27.0,57.0
43,新營,2018-11-02,64,6.0,5.0,nan,44.0,23.0,23.0,64.0
44,善化,2018-11-02,48,6.0,5.0,nan,37.0,20.0,24.0,48.0
45,安南,2018-11-02,44,6.0,5.0,nan,44.0,28.0,32.0,41.0
46,臺南,2018-11-02,54,7.0,8.0,nan,44.0,28.0,28.0,54.0
47,美濃,2018-11-02,47,3.0,5.0,nan,41.0,20.0,33.0,47.0
48,橋頭,2018-11-02,109,6.0,8.0,nan,57.0,39.0,26.0,109.0
49,仁武,2018-11-02,68,11.0,8.0,nan,56.0,44.0,23.0,68.0
50,鳳山,2018-11-02,69,10.0,10.0,nan,52.0,49.0,nan,69.0
52,林園,2018-11-02,95,17.0,7.0,nan,61.0,43.0,33.0,95.0
53,楠梓,2018-11-02,91,6.0,7.0,nan,62.0,38.0,24.0,91.0
54,左營,2018-11-02,62,7.0,8.0,nan,57.0,43.0,27.0,62.0
56,前金,2018-11-02,71,7.0,9.0,nan,55.0,38.0,27.0,71.0
59,屏東,2018-11-02,76,9.0,9.0,nan,nan,35.0,31.0,76.0
57,前鎮,2018-11-02,85,10.0,15.0,nan,59.0,53.0,nan,85.0
58,小港,2018-11-02,75,16.0,12.0,nan,52.0,50.0,21.0,75.0
60,潮州,2018-11-02,77,7.0,6.0,nan,56.0,29.0,36.0,77.0
61,恆春,2018-11-02,34,3.0,1.0,nan,nan,3.0,34.0,nan
62,臺東,2018-11-02,28,3.0,6.0,nan,12.0,18.0,28.0,nan
63,花蓮,2018-11-02,28,3.0,6.0,nan,15.0,28.0,21.0,7.0
64,陽明,2018-11-02,41,1.0,1.0,nan,5.0,2.0,41.0,3.0
65,宜蘭,2018-11-02,32,3.0,3.0,nan,17.0,16.0,32.0,19.0
66,冬山,2018-11-02,28,4.0,3.0,nan,13.0,19.0,28.0,19.0
67,三重,2018-11-02,38,6.0,18.0,nan,26.0,38.0,nan,24.0
68,中壢,2018-11-02,25,4.0,9.0,nan,19.0,25.0,nan,19.0
69,竹山,2018-11-02,73,4.0,6.0,nan,43.0,25.0,34.0,73.0
70,永和,2018-11-02,29,4.0,7.0,nan,8.0,29.0,nan,18.0
71,復興,2018-11-02,67,10.0,16.0,nan,55.0,47.0,nan,67.0
72,埔里,2018-11-02,40,4.0,7.0,nan,19.0,25.0,35.0,40.0
75,馬祖,2018-11-02,41,3.0,1.0,nan,22.0,2.0,41.0,37.0
77,金門,2018-11-02,36,4.0,2.0,nan,15.0,9.0,36.0,27.0
78,馬公,2018-11-02,45,3.0,2.0,nan,27.0,3.0,45.0,29.0
80,關山,2018-11-02,28,3.0,nan,nan,6.0,9.0,28.0,20.0
83,麥寮,2018-11-02,58,6.0,3.0,nan,52.0,19.0,nan,58.0
84,富貴角,2018-11-02,42,1.0,1.0,nan,39.0,2.0,42.0,37.0
39,新港,2018-11-03,74,14.0,6.0,nan,49.0,18.0,42.0,74.0
84,富貴角,2018-11-03,41,1.0,1.0,nan,41.0,2.0,37.0,34.0
83,麥寮,2018-11-03,67,4.0,3.0,nan,63.0,16.0,nan,67.0
80,關山,2018-11-03,21,4.0,nan,nan,12.0,8.0,21.0,20.0
78,馬公,2018-11-03,44,3.0,2.0,nan,19.0,3.0,44.0,25.0
77,金門,2018-11-03,42,13.0,3.0,nan,27.0,17.0,35.0,42.0
75,馬祖,2018-11-03,40,3.0,2.0,nan,14.0,6.0,40.0,23.0
72,埔里,2018-11-03,51,4.0,5.0,nan,19.0,20.0,51.0,47.0
71,復興,2018-11-03,70,9.0,12.0,nan,53.0,41.0,nan,70.0
70,永和,2018-11-03,31,6.0,16.0,nan,14.0,31.0,nan,27.0
69,竹山,2018-11-03,77,3.0,5.0,nan,40.0,18.0,77.0,71.0
68,中壢,2018-11-03,31,9.0,10.0,nan,23.0,31.0,nan,21.0
67,三重,2018-11-03,43,9.0,23.0,nan,30.0,43.0,nan,29.0
66,冬山,2018-11-03,30,3.0,3.0,nan,15.0,12.0,30.0,14.0
65,宜蘭,2018-11-03,31,6.0,6.0,nan,22.0,20.0,31.0,20.0
64,陽明,2018-11-03,38,3.0,1.0,nan,5.0,2.0,38.0,4.0
63,花蓮,2018-11-03,34,9.0,5.0,nan,17.0,17.0,34.0,9.0
62,臺東,2018-11-03,24,3.0,6.0,nan,18.0,23.0,24.0,6.0
61,恆春,2018-11-03,33,3.0,1.0,nan,2.0,3.0,33.0,10.0
60,潮州,2018-11-03,71,6.0,3.0,nan,43.0,13.0,61.0,71.0
59,屏東,2018-11-03,74,6.0,6.0,nan,41.0,23.0,64.0,74.0
58,小港,2018-11-03,79,16.0,8.0,nan,61.0,42.0,67.0,79.0
57,前鎮,2018-11-03,84,20.0,11.0,nan,66.0,36.0,nan,84.0
56,前金,2018-11-03,112,10.0,7.0,nan,54.0,22.0,112.0,85.0
54,左營,2018-11-03,140,7.0,7.0,nan,62.0,24.0,140.0,73.0
53,楠梓,2018-11-03,83,6.0,6.0,nan,56.0,20.0,50.0,83.0
52,林園,2018-11-03,136,14.0,6.0,nan,52.0,28.0,136.0,84.0
50,鳳山,2018-11-03,85,7.0,7.0,nan,50.0,31.0,nan,85.0
49,仁武,2018-11-03,90,7.0,7.0,nan,53.0,31.0,90.0,67.0
48,橋頭,2018-11-03,102,6.0,6.0,nan,51.0,20.0,51.0,102.0
47,美濃,2018-11-03,61,3.0,3.0,nan,37.0,8.0,61.0,37.0
46,臺南,2018-11-03,93,6.0,8.0,nan,55.0,25.0,67.0,93.0
45,安南,2018-11-03,80,4.0,6.0,nan,54.0,22.0,80.0,80.0
44,善化,2018-11-03,82,6.0,5.0,nan,50.0,18.0,50.0,82.0
43,新營,2018-11-03,92,9.0,7.0,nan,57.0,20.0,44.0,92.0
42,嘉義,2018-11-03,80,13.0,7.0,nan,57.0,25.0,49.0,80.0
41,臺西,2018-11-03,43,3.0,3.0,nan,30.0,8.0,nan,43.0
40,朴子,2018-11-03,61,9.0,6.0,nan,54.0,19.0,43.0,61.0
1,基隆,2018-11-03,27,17.0,3.0,nan,11.0,27.0,26.0,22.0
38,崙背,2018-11-03,62,21.0,6.0,nan,40.0,19.0,37.0,62.0
37,斗六,2018-11-03,86,7.0,6.0,nan,54.0,23.0,58.0,86.0
36,南投,2018-11-03,61,nan,6.0,nan,43.0,22.0,40.0,61.0
35,二林,2018-11-03,62,17.0,5.0,nan,44.0,17.0,32.0,62.0
34,線西,2018-11-03,54,11.0,6.0,nan,31.0,20.0,nan,54.0
33,彰化,2018-11-03,51,6.0,9.0,nan,51.0,25.0,40.0,51.0
32,西屯,2018-11-03,62,4.0,6.0,nan,29.0,20.0,37.0,62.0
31,忠明,2018-11-03,61,6.0,8.0,nan,27.0,24.0,38.0,61.0
30,大里,2018-11-03,38,6.0,8.0,nan,38.0,28.0,37.0,38.0
29,沙鹿,2018-11-03,57,6.0,5.0,nan,31.0,20.0,37.0,57.0
28,豐原,2018-11-03,62,13.0,5.0,nan,34.0,21.0,31.0,62.0
27,三義,2018-11-03,54,3.0,3.0,nan,25.0,14.0,32.0,54.0
26,苗栗,2018-11-03,60,6.0,5.0,nan,50.0,22.0,23.0,60.0
25,頭份,2018-11-03,43,4.0,5.0,nan,24.0,25.0,nan,43.0
24,新竹,2018-11-03,51,4.0,3.0,nan,19.0,20.0,26.0,51.0
23,竹東,2018-11-03,30,7.0,6.0,nan,20.0,17.0,17.0,30.0
22,湖口,2018-11-03,31,4.0,2.0,nan,22.0,13.0,31.0,29.0
21,龍潭,2018-11-03,46,4.0,5.0,nan,21.0,17.0,28.0,46.0
20,平鎮,2018-11-03,27,7.0,5.0,nan,26.0,27.0,25.0,24.0
19,觀音,2018-11-03,41,21.0,2.0,nan,25.0,19.0,35.0,41.0
18,大園,2018-11-03,35,4.0,2.0,nan,19.0,20.0,35.0,19.0
17,桃園,2018-11-03,29,9.0,5.0,nan,15.0,18.0,24.0,29.0
16,大同,2018-11-03,36,4.0,18.0,nan,33.0,36.0,nan,31.0
15,松山,2018-11-03,32,6.0,8.0,nan,16.0,32.0,24.0,23.0
14,古亭,2018-11-03,33,6.0,8.0,nan,6.0,33.0,24.0,30.0
13,萬華,2018-11-03,34,4.0,9.0,nan,15.0,34.0,26.0,26.0
12,中山,2018-11-03,35,6.0,11.0,nan,13.0,35.0,21.0,29.0
11,士林,2018-11-03,25,3.0,6.0,nan,14.0,25.0,24.0,21.0
10,淡水,2018-11-03,32,11.0,5.0,nan,19.0,23.0,32.0,28.0
9,林口,2018-11-03,34,3.0,3.0,nan,17.0,14.0,34.0,11.0
8,菜寮,2018-11-03,30,6.0,7.0,nan,19.0,30.0,20.0,14.0
7,新莊,2018-11-03,29,4.0,5.0,nan,9.0,23.0,29.0,15.0
6,板橋,2018-11-03,28,6.0,7.0,nan,14.0,24.0,23.0,28.0
5,土城,2018-11-03,40,6.0,6.0,nan,17.0,27.0,27.0,40.0
4,新店,2018-11-03,34,3.0,7.0,nan,23.0,24.0,22.0,34.0
3,萬里,2018-11-03,37,6.0,2.0,nan,32.0,13.0,37.0,28.0
2,汐止,2018-11-03,28,7.0,7.0,nan,8.0,25.0,28.0,22.0
51,大寮,2018-11-03,78,19.0,7.0,nan,40.0,27.0,48.0,78.0
84,富貴角,2018-11-04,47,3.0,1.0,nan,47.0,3.0,41.0,37.0
83,麥寮,2018-11-04,67,4.0,3.0,nan,65.0,15.0,nan,67.0
80,關山,2018-11-04,24,4.0,nan,nan,21.0,23.0,24.0,23.0
78,馬公,2018-11-04,47,3.0,3.0,nan,19.0,3.0,47.0,28.0
77,金門,2018-11-04,85,17.0,3.0,nan,46.0,19.0,45.0,85.0
75,馬祖,2018-11-04,54,3.0,2.0,nan,27.0,7.0,54.0,51.0
72,埔里,2018-11-04,59,4.0,5.0,nan,25.0,19.0,49.0,59.0
71,復興,2018-11-04,88,19.0,8.0,nan,62.0,31.0,nan,88.0
70,永和,2018-11-04,28,6.0,7.0,nan,13.0,28.0,nan,24.0
69,竹山,2018-11-04,82,4.0,3.0,nan,41.0,15.0,54.0,82.0
68,中壢,2018-11-04,33,7.0,11.0,nan,30.0,33.0,nan,14.0
67,三重,2018-11-04,35,6.0,15.0,nan,26.0,35.0,nan,18.0
66,冬山,2018-11-04,33,1.0,3.0,nan,18.0,8.0,33.0,15.0
65,宜蘭,2018-11-04,31,3.0,3.0,nan,24.0,15.0,31.0,17.0
64,陽明,2018-11-04,37,1.0,1.0,nan,5.0,1.0,37.0,4.0
63,花蓮,2018-11-04,32,4.0,3.0,nan,21.0,12.0,32.0,9.0
62,臺東,2018-11-04,26,1.0,3.0,nan,20.0,5.0,26.0,9.0
61,恆春,2018-11-04,39,3.0,1.0,nan,5.0,2.0,39.0,17.0
60,潮州,2018-11-04,94,10.0,6.0,nan,57.0,12.0,74.0,94.0
59,屏東,2018-11-04,117,9.0,7.0,nan,58.0,20.0,84.0,117.0
58,小港,2018-11-04,103,33.0,6.0,nan,65.0,49.0,36.0,103.0
57,前鎮,2018-11-04,117,43.0,8.0,nan,71.0,34.0,nan,117.0
56,前金,2018-11-04,118,6.0,5.0,nan,64.0,21.0,45.0,118.0
54,左營,2018-11-04,106,10.0,5.0,nan,76.0,39.0,54.0,106.0
53,楠梓,2018-11-04,132,6.0,5.0,nan,79.0,15.0,44.0,132.0
52,林園,2018-11-04,102,20.0,5.0,nan,62.0,25.0,54.0,102.0
50,鳳山,2018-11-04,122,9.0,7.0,nan,66.0,26.0,nan,122.0
49,仁武,2018-11-04,108,7.0,6.0,nan,70.0,25.0,48.0,108.0
48,橋頭,2018-11-04,148,7.0,5.0,nan,68.0,18.0,44.0,148.0
47,美濃,2018-11-04,78,4.0,3.0,nan,54.0,10.0,51.0,78.0
46,臺南,2018-11-04,112,14.0,5.0,nan,60.0,15.0,45.0,112.0
45,安南,2018-11-04,106,11.0,5.0,nan,64.0,13.0,50.0,106.0
44,善化,2018-11-04,107,4.0,3.0,nan,64.0,15.0,41.0,107.0
43,新營,2018-11-04,114,6.0,3.0,nan,64.0,13.0,38.0,114.0
42,嘉義,2018-11-04,88,14.0,6.0,nan,59.0,25.0,42.0,88.0
41,臺西,2018-11-04,45,9.0,2.0,nan,30.0,17.0,nan,45.0
40,朴子,2018-11-04,71,6.0,3.0,nan,59.0,10.0,44.0,71.0
39,新港,2018-11-04,86,7.0,3.0,nan,56.0,12.0,44.0,86.0
38,崙背,2018-11-04,50,7.0,3.0,nan,36.0,13.0,40.0,50.0
37,斗六,2018-11-04,87,7.0,5.0,nan,52.0,13.0,48.0,87.0
36,南投,2018-11-04,67,nan,6.0,nan,44.0,28.0,40.0,67.0
35,二林,2018-11-04,53,11.0,3.0,nan,33.0,13.0,36.0,53.0
34,線西,2018-11-04,43,13.0,6.0,nan,31.0,17.0,nan,43.0
33,彰化,2018-11-04,45,3.0,6.0,nan,33.0,22.0,45.0,38.0
32,西屯,2018-11-04,51,3.0,3.0,nan,25.0,20.0,43.0,51.0
31,忠明,2018-11-04,43,3.0,5.0,nan,19.0,25.0,43.0,36.0
30,大里,2018-11-04,43,4.0,6.0,nan,33.0,27.0,43.0,32.0
29,沙鹿,2018-11-04,46,4.0,3.0,nan,29.0,18.0,44.0,46.0
28,豐原,2018-11-04,41,4.0,3.0,nan,17.0,13.0,41.0,26.0
27,三義,2018-11-04,43,4.0,2.0,nan,21.0,12.0,43.0,38.0
26,苗栗,2018-11-04,44,6.0,5.0,nan,44.0,20.0,32.0,44.0
25,頭份,2018-11-04,43,9.0,3.0,nan,28.0,19.0,nan,43.0
24,新竹,2018-11-04,47,3.0,3.0,nan,23.0,11.0,34.0,47.0
23,竹東,2018-11-04,31,4.0,3.0,nan,20.0,9.0,31.0,28.0
22,湖口,2018-11-04,41,6.0,2.0,nan,26.0,17.0,41.0,27.0
21,龍潭,2018-11-04,37,4.0,3.0,nan,23.0,11.0,37.0,28.0
20,平鎮,2018-11-04,34,6.0,5.0,nan,28.0,26.0,34.0,26.0
19,觀音,2018-11-04,46,19.0,1.0,nan,30.0,12.0,40.0,46.0
18,大園,2018-11-04,43,13.0,2.0,nan,27.0,27.0,43.0,22.0
17,桃園,2018-11-04,27,11.0,6.0,nan,19.0,17.0,25.0,27.0
16,大同,2018-11-04,38,7.0,14.0,nan,31.0,38.0,nan,29.0
15,松山,2018-11-04,33,4.0,3.0,nan,15.0,25.0,33.0,16.0
14,古亭,2018-11-04,33,4.0,5.0,nan,nan,27.0,32.0,33.0
13,萬華,2018-11-04,32,3.0,5.0,nan,17.0,32.0,26.0,18.0
12,中山,2018-11-04,30,4.0,6.0,nan,13.0,30.0,24.0,23.0
11,士林,2018-11-04,34,3.0,5.0,nan,12.0,25.0,34.0,23.0
10,淡水,2018-11-04,38,4.0,5.0,nan,20.0,16.0,38.0,26.0
9,林口,2018-11-04,39,4.0,2.0,nan,23.0,13.0,39.0,11.0
8,菜寮,2018-11-04,25,6.0,5.0,nan,20.0,20.0,25.0,13.0
7,新莊,2018-11-04,32,4.0,5.0,nan,13.0,22.0,32.0,11.0
6,板橋,2018-11-04,27,6.0,5.0,nan,15.0,26.0,27.0,26.0
5,土城,2018-11-04,41,4.0,5.0,nan,18.0,18.0,34.0,41.0
4,新店,2018-11-04,32,3.0,5.0,nan,23.0,22.0,32.0,24.0
3,萬里,2018-11-04,46,9.0,2.0,nan,46.0,9.0,39.0,32.0
2,汐止,2018-11-04,38,9.0,3.0,nan,12.0,25.0,38.0,23.0
51,大寮,2018-11-04,116,13.0,6.0,nan,58.0,24.0,50.0,116.0
1,基隆,2018-11-04,31,19.0,3.0,nan,15.0,31.0,27.0,21.0
39,新港,2018-11-05,66,7.0,5.0,nan,51.0,14.0,44.0,66.0
84,富貴角,2018-11-05,38,1.0,1.0,nan,29.0,3.0,38.0,23.0
83,麥寮,2018-11-05,66,7.0,6.0,nan,66.0,22.0,nan,60.0
80,關山,2018-11-05,108,108.0,nan,nan,20.0,8.0,27.0,21.0
78,馬公,2018-11-05,47,3.0,1.0,nan,24.0,3.0,47.0,37.0
77,金門,2018-11-05,71,31.0,3.0,nan,52.0,29.0,44.0,71.0
75,馬祖,2018-11-05,61,4.0,1.0,nan,31.0,6.0,44.0,61.0
72,埔里,2018-11-05,74,7.0,6.0,nan,30.0,25.0,74.0,62.0
71,復興,2018-11-05,79,16.0,10.0,nan,71.0,34.0,nan,79.0
70,永和,2018-11-05,28,4.0,11.0,nan,10.0,28.0,nan,15.0
69,竹山,2018-11-05,77,6.0,5.0,nan,44.0,19.0,61.0,77.0
68,中壢,2018-11-05,34,4.0,12.0,nan,20.0,34.0,nan,8.0
67,三重,2018-11-05,38,6.0,18.0,nan,30.0,38.0,nan,21.0
66,冬山,2018-11-05,24,3.0,2.0,nan,11.0,12.0,24.0,7.0
65,宜蘭,2018-11-05,30,3.0,2.0,nan,13.0,12.0,30.0,7.0
64,陽明,2018-11-05,38,3.0,1.0,nan,5.0,1.0,38.0,4.0
63,花蓮,2018-11-05,27,4.0,3.0,nan,20.0,25.0,27.0,6.0
62,臺東,2018-11-05,24,3.0,3.0,nan,19.0,10.0,24.0,4.0
61,恆春,2018-11-05,37,3.0,1.0,nan,4.0,2.0,37.0,15.0
60,潮州,2018-11-05,136,9.0,5.0,nan,70.0,12.0,136.0,119.0
59,屏東,2018-11-05,112,13.0,7.0,nan,62.0,31.0,97.0,112.0
58,小港,2018-11-05,92,21.0,6.0,nan,65.0,33.0,61.0,92.0
57,前鎮,2018-11-05,102,23.0,8.0,nan,70.0,34.0,nan,102.0
56,前金,2018-11-05,107,7.0,8.0,nan,67.0,26.0,101.0,107.0
54,左營,2018-11-05,110,110.0,7.0,nan,75.0,27.0,87.0,91.0
53,楠梓,2018-11-05,109,6.0,6.0,nan,85.0,24.0,77.0,109.0
52,林園,2018-11-05,136,14.0,5.0,nan,64.0,14.0,136.0,103.0
50,鳳山,2018-11-05,116,6.0,8.0,nan,65.0,34.0,nan,116.0
49,仁武,2018-11-05,98,11.0,7.0,nan,74.0,39.0,90.0,98.0
48,橋頭,2018-11-05,127,7.0,6.0,nan,68.0,21.0,67.0,127.0
47,美濃,2018-11-05,81,7.0,5.0,nan,53.0,18.0,58.0,81.0
46,臺南,2018-11-05,83,7.0,7.0,nan,57.0,23.0,54.0,83.0
45,安南,2018-11-05,76,4.0,6.0,nan,61.0,19.0,61.0,76.0
44,善化,2018-11-05,77,7.0,5.0,nan,54.0,16.0,44.0,77.0
43,新營,2018-11-05,90,4.0,5.0,nan,59.0,17.0,42.0,90.0
42,嘉義,2018-11-05,87,26.0,6.0,nan,63.0,29.0,46.0,87.0
41,臺西,2018-11-05,40,4.0,3.0,nan,31.0,20.0,nan,40.0
40,朴子,2018-11-05,54,4.0,5.0,nan,54.0,11.0,47.0,54.0
38,崙背,2018-11-05,45,10.0,5.0,nan,35.0,16.0,39.0,45.0
37,斗六,2018-11-05,75,14.0,5.0,nan,54.0,26.0,49.0,75.0
36,南投,2018-11-05,58,6.0,6.0,nan,44.0,38.0,40.0,58.0
35,二林,2018-11-05,52,19.0,5.0,nan,36.0,16.0,34.0,52.0
34,線西,2018-11-05,38,13.0,7.0,nan,36.0,23.0,nan,38.0
33,彰化,2018-11-05,55,7.0,8.0,nan,42.0,25.0,43.0,55.0
32,西屯,2018-11-05,45,4.0,5.0,nan,29.0,27.0,43.0,45.0
31,忠明,2018-11-05,43,6.0,6.0,nan,27.0,29.0,43.0,42.0
30,大里,2018-11-05,44,7.0,8.0,nan,44.0,36.0,42.0,30.0
29,沙鹿,2018-11-05,47,4.0,3.0,nan,29.0,25.0,40.0,47.0
28,豐原,2018-11-05,46,9.0,5.0,nan,29.0,19.0,46.0,44.0
27,三義,2018-11-05,44,4.0,3.0,nan,21.0,14.0,41.0,44.0
26,苗栗,2018-11-05,45,7.0,6.0,nan,45.0,25.0,25.0,43.0
25,頭份,2018-11-05,33,9.0,5.0,nan,23.0,29.0,nan,33.0
24,新竹,2018-11-05,42,3.0,5.0,nan,18.0,14.0,28.0,42.0
23,竹東,2018-11-05,26,4.0,3.0,nan,14.0,16.0,26.0,19.0
22,湖口,2018-11-05,33,6.0,3.0,nan,22.0,19.0,33.0,28.0
21,龍潭,2018-11-05,32,6.0,5.0,nan,19.0,23.0,32.0,19.0
20,平鎮,2018-11-05,31,3.0,6.0,nan,19.0,28.0,31.0,25.0
19,觀音,2018-11-05,44,16.0,2.0,nan,28.0,22.0,33.0,44.0
18,大園,2018-11-05,31,21.0,2.0,nan,24.0,25.0,31.0,26.0
17,桃園,2018-11-05,27,7.0,6.0,nan,17.0,27.0,26.0,26.0
16,大同,2018-11-05,40,6.0,15.0,nan,31.0,40.0,nan,26.0
15,松山,2018-11-05,34,4.0,6.0,nan,16.0,34.0,26.0,20.0
14,古亭,2018-11-05,30,4.0,6.0,nan,nan,30.0,21.0,29.0
13,萬華,2018-11-05,39,4.0,6.0,nan,14.0,39.0,25.0,12.0
12,中山,2018-11-05,35,7.0,8.0,nan,13.0,35.0,23.0,26.0
11,士林,2018-11-05,25,9.0,3.0,nan,15.0,24.0,25.0,18.0
10,淡水,2018-11-05,28,3.0,8.0,nan,18.0,19.0,21.0,28.0
9,林口,2018-11-05,29,10.0,3.0,nan,23.0,25.0,29.0,13.0
8,菜寮,2018-11-05,25,6.0,6.0,nan,18.0,25.0,20.0,13.0
7,新莊,2018-11-05,26,4.0,5.0,nan,10.0,24.0,26.0,8.0
6,板橋,2018-11-05,35,4.0,7.0,nan,12.0,35.0,21.0,25.0
5,土城,2018-11-05,31,4.0,6.0,nan,12.0,25.0,24.0,31.0
4,新店,2018-11-05,26,3.0,6.0,nan,13.0,26.0,22.0,16.0
3,萬里,2018-11-05,37,16.0,3.0,nan,27.0,22.0,37.0,31.0
2,汐止,2018-11-05,27,4.0,3.0,nan,9.0,26.0,27.0,25.0
51,大寮,2018-11-05,119,31.0,8.0,nan,64.0,37.0,84.0,119.0
1,基隆,2018-11-05,31,3.0,3.0,nan,11.0,25.0,31.0,15.0
1,基隆,2018-11-06,31,7.0,5.0,nan,9.0,24.0,31.0,18.0
51,大寮,2018-11-06,110,31.0,8.0,nan,60.0,39.0,44.0,110.0
2,汐止,2018-11-06,29,6.0,3.0,nan,8.0,22.0,29.0,26.0
3,萬里,2018-11-06,35,17.0,2.0,nan,19.0,14.0,35.0,33.0
4,新店,2018-11-06,29,3.0,3.0,nan,8.0,17.0,29.0,15.0
5,土城,2018-11-06,32,3.0,6.0,nan,10.0,21.0,30.0,32.0
6,板橋,2018-11-06,25,4.0,7.0,nan,9.0,25.0,25.0,21.0
7,新莊,2018-11-06,30,3.0,5.0,nan,8.0,24.0,30.0,16.0
8,菜寮,2018-11-06,22,4.0,5.0,nan,17.0,20.0,22.0,14.0
9,林口,2018-11-06,31,4.0,3.0,nan,17.0,15.0,31.0,12.0
10,淡水,2018-11-06,31,4.0,3.0,nan,17.0,12.0,31.0,28.0
11,士林,2018-11-06,32,9.0,2.0,nan,11.0,10.0,31.0,32.0
12,中山,2018-11-06,27,7.0,7.0,nan,11.0,27.0,23.0,23.0
13,萬華,2018-11-06,26,4.0,5.0,nan,14.0,26.0,26.0,19.0
14,古亭,2018-11-06,48,4.0,5.0,nan,nan,26.0,27.0,48.0
15,松山,2018-11-06,26,4.0,5.0,nan,15.0,25.0,26.0,24.0
16,大同,2018-11-06,36,4.0,12.0,nan,28.0,36.0,nan,30.0
17,桃園,2018-11-06,29,10.0,6.0,nan,18.0,21.0,27.0,29.0
18,大園,2018-11-06,31,6.0,3.0,nan,20.0,27.0,31.0,24.0
19,觀音,2018-11-06,53,17.0,5.0,nan,31.0,31.0,35.0,53.0
20,平鎮,2018-11-06,35,9.0,5.0,nan,20.0,18.0,35.0,26.0
21,龍潭,2018-11-06,41,9.0,5.0,nan,20.0,18.0,41.0,21.0
22,湖口,2018-11-06,77,6.0,5.0,nan,31.0,21.0,77.0,45.0
23,竹東,2018-11-06,71,6.0,5.0,nan,38.0,18.0,71.0,66.0
24,新竹,2018-11-06,61,10.0,7.0,nan,31.0,9.0,50.0,61.0
25,頭份,2018-11-06,74,10.0,6.0,nan,44.0,38.0,nan,74.0
26,苗栗,2018-11-06,88,11.0,7.0,nan,63.0,27.0,49.0,88.0
27,三義,2018-11-06,136,9.0,6.0,nan,52.0,16.0,136.0,112.0
28,豐原,2018-11-06,154,9.0,8.0,nan,64.0,28.0,154.0,127.0
29,沙鹿,2018-11-06,122,11.0,7.0,nan,64.0,26.0,122.0,107.0
30,大里,2018-11-06,143,10.0,10.0,nan,72.0,42.0,143.0,100.0
31,忠明,2018-11-06,143,14.0,9.0,nan,67.0,46.0,143.0,134.0
32,西屯,2018-11-06,140,10.0,8.0,nan,68.0,39.0,140.0,137.0
33,彰化,2018-11-06,48,46.0,6.0,nan,nan,21.0,48.0,nan
34,線西,2018-11-06,106,10.0,6.0,nan,64.0,24.0,nan,106.0
35,二林,2018-11-06,107,7.0,5.0,nan,74.0,14.0,93.0,107.0
36,南投,2018-11-06,116,9.0,9.0,nan,76.0,32.0,67.0,116.0
37,斗六,2018-11-06,157,7.0,7.0,nan,90.0,26.0,122.0,157.0
38,崙背,2018-11-06,113,9.0,5.0,nan,65.0,13.0,104.0,113.0
39,新港,2018-11-06,126,6.0,5.0,nan,71.0,16.0,77.0,126.0
40,朴子,2018-11-06,97,3.0,5.0,nan,65.0,10.0,74.0,97.0
41,臺西,2018-11-06,89,14.0,3.0,nan,54.0,22.0,nan,89.0
42,嘉義,2018-11-06,142,16.0,7.0,nan,82.0,22.0,74.0,142.0
43,新營,2018-11-06,153,6.0,5.0,nan,78.0,18.0,48.0,153.0
44,善化,2018-11-06,99,6.0,3.0,nan,59.0,16.0,49.0,99.0
45,安南,2018-11-06,116,6.0,6.0,nan,80.0,33.0,71.0,116.0
46,臺南,2018-11-06,98,6.0,7.0,nan,60.0,25.0,54.0,98.0
47,美濃,2018-11-06,100,6.0,3.0,nan,55.0,11.0,100.0,76.0
48,橋頭,2018-11-06,124,7.0,6.0,nan,63.0,28.0,48.0,124.0
49,仁武,2018-11-06,71,6.0,6.0,nan,61.0,31.0,50.0,71.0
50,鳳山,2018-11-06,95,6.0,8.0,nan,59.0,34.0,nan,95.0
52,林園,2018-11-06,83,13.0,3.0,nan,54.0,17.0,64.0,83.0
53,楠梓,2018-11-06,107,9.0,6.0,nan,76.0,27.0,46.0,107.0
54,左營,2018-11-06,77,7.0,6.0,nan,62.0,30.0,67.0,77.0
56,前金,2018-11-06,80,6.0,6.0,nan,55.0,27.0,58.0,80.0
57,前鎮,2018-11-06,78,14.0,8.0,nan,58.0,37.0,nan,78.0
58,小港,2018-11-06,76,29.0,6.0,nan,56.0,44.0,41.0,76.0
59,屏東,2018-11-06,119,11.0,7.0,nan,63.0,34.0,61.0,119.0
60,潮州,2018-11-06,94,7.0,3.0,nan,63.0,11.0,90.0,94.0
61,恆春,2018-11-06,33,3.0,1.0,nan,5.0,3.0,33.0,15.0
62,臺東,2018-11-06,22,3.0,3.0,nan,18.0,8.0,22.0,7.0
63,花蓮,2018-11-06,31,4.0,3.0,nan,16.0,14.0,31.0,8.0
64,陽明,2018-11-06,33,14.0,1.0,nan,6.0,16.0,33.0,11.0
65,宜蘭,2018-11-06,30,4.0,3.0,nan,15.0,10.0,30.0,7.0
66,冬山,2018-11-06,23,3.0,3.0,nan,14.0,16.0,23.0,17.0
67,三重,2018-11-06,33,7.0,18.0,nan,27.0,33.0,nan,26.0
68,中壢,2018-11-06,34,9.0,20.0,nan,23.0,34.0,nan,11.0
69,竹山,2018-11-06,154,9.0,7.0,nan,68.0,20.0,129.0,154.0
70,永和,2018-11-06,23,4.0,6.0,nan,7.0,23.0,nan,13.0
71,復興,2018-11-06,66,13.0,9.0,nan,nan,34.0,nan,66.0
72,埔里,2018-11-06,115,6.0,6.0,nan,53.0,17.0,115.0,105.0
75,馬祖,2018-11-06,50,4.0,2.0,nan,30.0,6.0,46.0,50.0
77,金門,2018-11-06,62,11.0,3.0,nan,44.0,18.0,48.0,62.0
78,馬公,2018-11-06,49,3.0,2.0,nan,31.0,5.0,49.0,43.0
80,關山,2018-11-06,26,6.0,nan,nan,23.0,8.0,24.0,26.0
83,麥寮,2018-11-06,114,13.0,6.0,nan,66.0,54.0,nan,114.0
84,富貴角,2018-11-06,35,3.0,1.0,nan,20.0,6.0,35.0,25.0
83,麥寮,2018-11-07,115,4.0,6.0,nan,71.0,37.0,nan,115.0
84,富貴角,2018-11-07,32,9.0,1.0,nan,19.0,11.0,32.0,26.0
80,關山,2018-11-07,23,3.0,nan,nan,21.0,4.0,16.0,23.0
78,馬公,2018-11-07,52,4.0,2.0,nan,28.0,5.0,45.0,52.0
77,金門,2018-11-07,72,13.0,3.0,nan,46.0,20.0,50.0,72.0
75,馬祖,2018-11-07,66,9.0,3.0,nan,35.0,11.0,44.0,66.0
72,埔里,2018-11-07,143,7.0,8.0,nan,60.0,24.0,143.0,124.0
71,復興,2018-11-07,94,29.0,7.0,nan,60.0,31.0,nan,94.0
70,永和,2018-11-07,62,9.0,16.0,nan,26.0,62.0,nan,56.0
69,竹山,2018-11-07,154,11.0,5.0,nan,68.0,22.0,101.0,154.0
68,中壢,2018-11-07,76,16.0,19.0,nan,57.0,50.0,nan,76.0
67,三重,2018-11-07,64,9.0,17.0,nan,40.0,64.0,nan,48.0
66,冬山,2018-11-07,21,9.0,3.0,nan,21.0,13.0,21.0,17.0
65,宜蘭,2018-11-07,24,4.0,5.0,nan,19.0,13.0,24.0,10.0
64,陽明,2018-11-07,48,4.0,3.0,nan,11.0,8.0,48.0,28.0
63,花蓮,2018-11-07,21,4.0,2.0,nan,16.0,9.0,21.0,8.0
62,臺東,2018-11-07,18,1.0,3.0,nan,18.0,8.0,12.0,nan
61,恆春,2018-11-07,19,3.0,1.0,nan,4.0,3.0,19.0,13.0
60,潮州,2018-11-07,161,16.0,6.0,102.0,69.0,23.0,161.0,105.0
59,屏東,2018-11-07,131,10.0,8.0,nan,67.0,34.0,108.0,131.0
58,小港,2018-11-07,102,20.0,6.0,nan,66.0,42.0,44.0,102.0
57,前鎮,2018-11-07,124,23.0,9.0,nan,68.0,39.0,nan,124.0
56,前金,2018-11-07,131,10.0,7.0,nan,80.0,27.0,93.0,131.0
54,左營,2018-11-07,128,14.0,8.0,nan,80.0,38.0,97.0,128.0
53,楠梓,2018-11-07,152,6.0,6.0,nan,95.0,27.0,118.0,152.0
52,林園,2018-11-07,115,16.0,5.0,nan,66.0,19.0,90.0,115.0
50,鳳山,2018-11-07,139,11.0,9.0,nan,67.0,36.0,nan,139.0
49,仁武,2018-11-07,133,19.0,7.0,nan,79.0,37.0,100.0,133.0
48,橋頭,2018-11-07,154,6.0,7.0,nan,73.0,29.0,100.0,154.0
47,美濃,2018-11-07,96,6.0,5.0,nan,59.0,13.0,80.0,96.0
46,臺南,2018-11-07,154,6.0,8.0,nan,80.0,28.0,90.0,154.0
45,安南,2018-11-07,155,4.0,6.0,nan,88.0,25.0,97.0,155.0
44,善化,2018-11-07,152,4.0,5.0,nan,79.0,19.0,50.0,152.0
43,新營,2018-11-07,161,6.0,7.0,nan,96.0,33.0,49.0,161.0
42,嘉義,2018-11-07,165,10.0,7.0,nan,100.0,24.0,51.0,165.0
41,臺西,2018-11-07,96,17.0,3.0,nan,53.0,25.0,nan,96.0
40,朴子,2018-11-07,124,3.0,5.0,nan,82.0,9.0,47.0,124.0
39,新港,2018-11-07,153,7.0,6.0,nan,84.0,20.0,49.0,153.0
38,崙背,2018-11-07,118,4.0,5.0,nan,68.0,10.0,42.0,118.0
37,斗六,2018-11-07,160,7.0,7.0,nan,90.0,24.0,84.0,160.0
36,南投,2018-11-07,132,19.0,7.0,nan,80.0,42.0,47.0,132.0
35,二林,2018-11-07,115,7.0,5.0,nan,74.0,12.0,38.0,115.0
34,線西,2018-11-07,88,11.0,7.0,nan,59.0,20.0,nan,88.0
33,彰化,2018-11-07,-1,nan,nan,nan,nan,nan,nan,nan
32,西屯,2018-11-07,147,9.0,8.0,nan,70.0,31.0,47.0,147.0
31,忠明,2018-11-07,152,7.0,9.0,nan,73.0,31.0,50.0,152.0
30,大里,2018-11-07,138,9.0,10.0,nan,85.0,39.0,71.0,138.0
29,沙鹿,2018-11-07,106,19.0,9.0,nan,62.0,30.0,45.0,106.0
28,豐原,2018-11-07,143,7.0,6.0,nan,65.0,25.0,67.0,143.0
27,三義,2018-11-07,105,6.0,3.0,nan,49.0,12.0,71.0,105.0
26,苗栗,2018-11-07,118,6.0,7.0,nan,69.0,25.0,44.0,118.0
25,頭份,2018-11-07,113,10.0,6.0,nan,59.0,25.0,nan,113.0
24,新竹,2018-11-07,136,6.0,7.0,nan,57.0,24.0,87.0,136.0
23,竹東,2018-11-07,98,7.0,7.0,nan,56.0,28.0,67.0,98.0
22,湖口,2018-11-07,132,9.0,7.0,nan,62.0,33.0,132.0,105.0
21,龍潭,2018-11-07,133,13.0,10.0,nan,62.0,43.0,118.0,133.0
20,平鎮,2018-11-07,118,16.0,7.0,nan,56.0,43.0,118.0,106.0
19,觀音,2018-11-07,100,14.0,6.0,nan,43.0,25.0,100.0,80.0
18,大園,2018-11-07,118,14.0,6.0,nan,43.0,27.0,118.0,75.0
17,桃園,2018-11-07,108,27.0,9.0,nan,53.0,44.0,108.0,102.0
16,大同,2018-11-07,54,7.0,24.0,nan,43.0,54.0,nan,50.0
15,松山,2018-11-07,38,7.0,6.0,nan,18.0,24.0,38.0,29.0
14,古亭,2018-11-07,84,6.0,7.0,nan,31.0,36.0,84.0,66.0
13,萬華,2018-11-07,67,7.0,9.0,nan,30.0,46.0,67.0,55.0
12,中山,2018-11-07,60,7.0,10.0,nan,23.0,60.0,20.0,35.0
11,士林,2018-11-07,47,7.0,5.0,nan,30.0,35.0,44.0,47.0
10,淡水,2018-11-07,93,7.0,6.0,nan,25.0,22.0,93.0,47.0
9,林口,2018-11-07,112,9.0,5.0,nan,34.0,29.0,112.0,53.0
8,菜寮,2018-11-07,45,7.0,8.0,nan,29.0,34.0,45.0,41.0
7,新莊,2018-11-07,101,11.0,11.0,nan,35.0,53.0,101.0,60.0
6,板橋,2018-11-07,104,10.0,11.0,nan,44.0,56.0,104.0,77.0
5,土城,2018-11-07,118,9.0,9.0,nan,41.0,56.0,118.0,82.0
4,新店,2018-11-07,84,6.0,5.0,nan,21.0,25.0,84.0,45.0
3,萬里,2018-11-07,26,10.0,2.0,nan,17.0,17.0,21.0,26.0
2,汐止,2018-11-07,30,7.0,6.0,nan,13.0,22.0,25.0,30.0
51,大寮,2018-11-07,151,11.0,6.0,nan,67.0,32.0,151.0,137.0
1,基隆,2018-11-07,31,31.0,3.0,nan,8.0,20.0,18.0,14.0
1,基隆,2018-11-08,84,9.0,6.0,nan,33.0,21.0,84.0,77.0
84,富貴角,2018-11-08,88,10.0,5.0,nan,40.0,28.0,46.0,88.0
83,麥寮,2018-11-08,152,6.0,5.0,nan,82.0,33.0,nan,152.0
80,關山,2018-11-08,25,3.0,nan,nan,23.0,5.0,17.0,25.0
78,馬公,2018-11-08,56,3.0,2.0,nan,25.0,7.0,44.0,56.0
77,金門,2018-11-08,86,14.0,3.0,nan,45.0,22.0,48.0,86.0
75,馬祖,2018-11-08,61,16.0,3.0,nan,38.0,15.0,36.0,61.0
72,埔里,2018-11-08,82,7.0,6.0,nan,45.0,24.0,45.0,82.0
71,復興,2018-11-08,121,17.0,11.0,nan,70.0,41.0,nan,121.0
70,永和,2018-11-08,121,9.0,15.0,nan,60.0,52.0,nan,121.0
69,竹山,2018-11-08,104,6.0,3.0,nan,47.0,21.0,67.0,104.0
68,中壢,2018-11-08,113,3.0,18.0,nan,78.0,55.0,nan,113.0
67,三重,2018-11-08,135,13.0,22.0,nan,82.0,60.0,nan,135.0
66,冬山,2018-11-08,32,9.0,3.0,nan,27.0,13.0,21.0,32.0
65,宜蘭,2018-11-08,26,4.0,3.0,nan,24.0,8.0,26.0,21.0
64,陽明,2018-11-08,47,4.0,3.0,nan,21.0,11.0,47.0,47.0
63,花蓮,2018-11-08,19,4.0,3.0,nan,18.0,10.0,19.0,14.0
62,臺東,2018-11-08,19,3.0,3.0,nan,19.0,8.0,17.0,6.0
61,恆春,2018-11-08,24,3.0,1.0,nan,6.0,3.0,24.0,18.0
60,潮州,2018-11-08,138,10.0,5.0,nan,78.0,11.0,118.0,138.0
59,屏東,2018-11-08,134,7.0,7.0,nan,73.0,25.0,58.0,134.0
58,小港,2018-11-08,127,19.0,7.0,nan,71.0,37.0,77.0,127.0
57,前鎮,2018-11-08,151,24.0,8.0,nan,77.0,46.0,nan,151.0
56,前金,2018-11-08,152,11.0,7.0,nan,85.0,29.0,112.0,152.0
54,左營,2018-11-08,133,10.0,7.0,nan,82.0,37.0,108.0,133.0
53,楠梓,2018-11-08,155,7.0,7.0,nan,92.0,35.0,84.0,155.0
52,林園,2018-11-08,147,16.0,6.0,nan,79.0,24.0,115.0,147.0
50,鳳山,2018-11-08,154,13.0,7.0,nan,76.0,35.0,nan,154.0
49,仁武,2018-11-08,152,14.0,7.0,nan,85.0,40.0,90.0,152.0
48,橋頭,2018-11-08,157,6.0,6.0,nan,73.0,27.0,77.0,157.0
47,美濃,2018-11-08,103,6.0,5.0,nan,59.0,18.0,45.0,103.0
46,臺南,2018-11-08,146,7.0,6.0,nan,74.0,31.0,74.0,146.0
45,安南,2018-11-08,152,6.0,5.0,nan,90.0,26.0,84.0,152.0
44,善化,2018-11-08,154,9.0,5.0,nan,85.0,22.0,58.0,154.0
43,新營,2018-11-08,155,9.0,5.0,nan,90.0,22.0,48.0,155.0
42,嘉義,2018-11-08,158,7.0,7.0,nan,90.0,32.0,71.0,158.0
41,臺西,2018-11-08,134,23.0,3.0,nan,67.0,31.0,nan,134.0
40,朴子,2018-11-08,134,9.0,5.0,nan,84.0,14.0,71.0,134.0
39,新港,2018-11-08,152,9.0,5.0,nan,76.0,16.0,64.0,152.0
38,崙背,2018-11-08,138,6.0,3.0,nan,76.0,13.0,50.0,138.0
37,斗六,2018-11-08,161,10.0,7.0,nan,87.0,37.0,101.0,161.0
36,南投,2018-11-08,134,14.0,9.0,nan,75.0,48.0,64.0,134.0
35,二林,2018-11-08,124,7.0,5.0,nan,80.0,19.0,47.0,124.0
34,線西,2018-11-08,134,10.0,7.0,nan,65.0,22.0,nan,134.0
33,彰化,2018-11-08,100,16.0,9.0,nan,nan,50.0,100.0,nan
32,西屯,2018-11-08,144,14.0,7.0,nan,66.0,46.0,64.0,144.0
31,忠明,2018-11-08,144,13.0,10.0,nan,70.0,54.0,71.0,144.0
30,大里,2018-11-08,115,11.0,10.0,nan,72.0,50.0,84.0,115.0
29,沙鹿,2018-11-08,144,17.0,7.0,nan,71.0,39.0,47.0,144.0
28,豐原,2018-11-08,130,9.0,15.0,nan,58.0,21.0,104.0,130.0
27,三義,2018-11-08,122,9.0,5.0,nan,56.0,16.0,93.0,122.0
26,苗栗,2018-11-08,107,10.0,6.0,nan,66.0,28.0,37.0,107.0
25,頭份,2018-11-08,130,16.0,7.0,nan,63.0,34.0,nan,130.0
24,新竹,2018-11-08,137,14.0,8.0,nan,62.0,41.0,44.0,137.0
23,竹東,2018-11-08,77,9.0,5.0,nan,45.0,25.0,45.0,77.0
22,湖口,2018-11-08,116,14.0,5.0,nan,71.0,38.0,67.0,116.0
21,龍潭,2018-11-08,154,17.0,9.0,nan,nan,53.0,77.0,154.0
20,平鎮,2018-11-08,152,20.0,9.0,nan,76.0,51.0,58.0,152.0
19,觀音,2018-11-08,110,11.0,3.0,nan,59.0,24.0,46.0,110.0
18,大園,2018-11-08,130,20.0,6.0,nan,68.0,36.0,44.0,130.0
17,桃園,2018-11-08,146,39.0,12.0,nan,73.0,51.0,42.0,146.0
16,大同,2018-11-08,120,13.0,24.0,nan,76.0,54.0,nan,120.0
15,松山,2018-11-08,111,9.0,8.0,nan,61.0,47.0,77.0,111.0
14,古亭,2018-11-08,119,9.0,9.0,nan,68.0,48.0,51.0,119.0
13,萬華,2018-11-08,132,11.0,10.0,nan,61.0,57.0,46.0,132.0
12,中山,2018-11-08,120,14.0,10.0,nan,68.0,60.0,27.0,120.0
11,士林,2018-11-08,130,11.0,9.0,nan,56.0,35.0,48.0,130.0
10,淡水,2018-11-08,94,10.0,8.0,nan,48.0,27.0,49.0,94.0
9,林口,2018-11-08,113,10.0,7.0,nan,74.0,44.0,58.0,113.0
8,菜寮,2018-11-08,113,13.0,9.0,nan,66.0,50.0,36.0,113.0
7,新莊,2018-11-08,119,19.0,12.0,nan,64.0,55.0,48.0,119.0
6,板橋,2018-11-08,130,10.0,12.0,nan,65.0,55.0,47.0,130.0
5,土城,2018-11-08,137,9.0,10.0,nan,61.0,54.0,77.0,137.0
4,新店,2018-11-08,94,6.0,7.0,nan,45.0,43.0,71.0,94.0
3,萬里,2018-11-08,108,10.0,5.0,nan,39.0,14.0,108.0,79.0
2,汐止,2018-11-08,118,14.0,8.0,nan,52.0,28.0,118.0,116.0
51,大寮,2018-11-08,152,14.0,7.0,nan,71.0,29.0,93.0,152.0
37,斗六,2018-11-09,152,11.0,7.0,nan,78.0,32.0,112.0,152.0
1,基隆,2018-11-09,43,3.0,5.0,nan,25.0,8.0,40.0,43.0
51,大寮,2018-11-09,122,19.0,7.0,nan,68.0,35.0,58.0,122.0
2,汐止,2018-11-09,51,9.0,6.0,nan,29.0,16.0,35.0,51.0
3,萬里,2018-11-09,54,4.0,5.0,nan,54.0,6.0,46.0,54.0
4,新店,2018-11-09,57,4.0,6.0,nan,31.0,19.0,26.0,57.0
5,土城,2018-11-09,71,7.0,7.0,nan,34.0,21.0,29.0,71.0
6,板橋,2018-11-09,67,7.0,7.0,nan,39.0,39.0,26.0,67.0
7,新莊,2018-11-09,57,6.0,7.0,nan,33.0,24.0,30.0,57.0
8,菜寮,2018-11-09,45,7.0,7.0,nan,34.0,20.0,29.0,45.0
9,林口,2018-11-09,44,4.0,6.0,nan,36.0,15.0,32.0,44.0
10,淡水,2018-11-09,50,6.0,5.0,nan,28.0,20.0,35.0,50.0
11,士林,2018-11-09,53,4.0,6.0,nan,19.0,21.0,38.0,53.0
12,中山,2018-11-09,55,9.0,8.0,nan,31.0,29.0,23.0,55.0
13,萬華,2018-11-09,44,9.0,6.0,nan,27.0,27.0,24.0,44.0
14,古亭,2018-11-09,66,6.0,7.0,nan,40.0,22.0,26.0,66.0
15,松山,2018-11-09,53,7.0,6.0,nan,27.0,23.0,25.0,53.0
16,大同,2018-11-09,52,9.0,15.0,nan,44.0,42.0,nan,52.0
17,桃園,2018-11-09,75,21.0,7.0,nan,40.0,16.0,26.0,75.0
18,大園,2018-11-09,39,14.0,6.0,nan,39.0,19.0,35.0,nan
19,觀音,2018-11-09,69,13.0,5.0,nan,45.0,11.0,38.0,69.0
20,平鎮,2018-11-09,61,9.0,7.0,nan,43.0,25.0,31.0,61.0
21,龍潭,2018-11-09,48,10.0,6.0,nan,48.0,27.0,31.0,nan
22,湖口,2018-11-09,64,6.0,6.0,nan,45.0,17.0,33.0,64.0
23,竹東,2018-11-09,39,3.0,5.0,nan,25.0,11.0,24.0,39.0
24,新竹,2018-11-09,76,6.0,6.0,nan,40.0,nan,26.0,76.0
25,頭份,2018-11-09,80,13.0,5.0,nan,42.0,36.0,nan,80.0
26,苗栗,2018-11-09,78,10.0,7.0,nan,56.0,23.0,26.0,78.0
27,三義,2018-11-09,78,6.0,5.0,nan,40.0,23.0,47.0,78.0
28,豐原,2018-11-09,84,6.0,6.0,nan,38.0,18.0,84.0,52.0
29,沙鹿,2018-11-09,78,7.0,6.0,nan,36.0,21.0,44.0,78.0
30,大里,2018-11-09,101,7.0,8.0,nan,61.0,31.0,101.0,74.0
31,忠明,2018-11-09,89,7.0,7.0,nan,51.0,26.0,74.0,89.0
32,西屯,2018-11-09,95,7.0,6.0,nan,52.0,25.0,64.0,95.0
33,彰化,2018-11-09,113,7.0,7.0,nan,63.0,29.0,100.0,113.0
34,線西,2018-11-09,89,14.0,6.0,nan,56.0,18.0,nan,89.0
35,二林,2018-11-09,110,11.0,6.0,nan,70.0,17.0,58.0,110.0
36,南投,2018-11-09,90,6.0,8.0,nan,58.0,36.0,77.0,90.0
38,崙背,2018-11-09,129,9.0,6.0,nan,72.0,20.0,67.0,129.0
39,新港,2018-11-09,152,9.0,6.0,nan,82.0,19.0,108.0,152.0
40,朴子,2018-11-09,144,7.0,5.0,nan,88.0,12.0,115.0,144.0
41,臺西,2018-11-09,93,10.0,5.0,nan,54.0,12.0,nan,93.0
42,嘉義,2018-11-09,135,14.0,8.0,nan,82.0,27.0,97.0,135.0
43,新營,2018-11-09,154,7.0,6.0,nan,93.0,21.0,64.0,154.0
44,善化,2018-11-09,147,10.0,6.0,nan,82.0,19.0,71.0,147.0
45,安南,2018-11-09,153,7.0,6.0,nan,94.0,21.0,112.0,153.0
46,臺南,2018-11-09,142,7.0,7.0,nan,76.0,21.0,108.0,142.0
47,美濃,2018-11-09,98,6.0,5.0,nan,64.0,10.0,87.0,98.0
48,橋頭,2018-11-09,153,7.0,7.0,nan,71.0,25.0,71.0,153.0
49,仁武,2018-11-09,102,16.0,7.0,nan,69.0,26.0,74.0,102.0
50,鳳山,2018-11-09,106,10.0,8.0,nan,62.0,30.0,nan,106.0
52,林園,2018-11-09,121,17.0,6.0,nan,69.0,28.0,100.0,121.0
53,楠梓,2018-11-09,139,9.0,7.0,nan,87.0,24.0,74.0,139.0
54,左營,2018-11-09,140,10.0,7.0,nan,78.0,30.0,140.0,111.0
56,前金,2018-11-09,118,10.0,8.0,nan,73.0,26.0,100.0,118.0
57,前鎮,2018-11-09,112,20.0,10.0,nan,68.0,36.0,nan,112.0
58,小港,2018-11-09,96,20.0,8.0,nan,62.0,33.0,51.0,96.0
59,屏東,2018-11-09,74,7.0,7.0,nan,61.0,24.0,74.0,nan
60,潮州,2018-11-09,101,9.0,3.0,nan,57.0,14.0,101.0,88.0
61,恆春,2018-11-09,28,4.0,1.0,nan,8.0,3.0,28.0,17.0
62,臺東,2018-11-09,21,3.0,3.0,nan,21.0,8.0,16.0,11.0
63,花蓮,2018-11-09,30,6.0,5.0,nan,21.0,11.0,30.0,10.0
64,陽明,2018-11-09,43,6.0,5.0,nan,7.0,6.0,43.0,15.0
65,宜蘭,2018-11-09,35,3.0,6.0,nan,28.0,7.0,35.0,24.0
66,冬山,2018-11-09,31,3.0,5.0,nan,20.0,12.0,31.0,30.0
67,三重,2018-11-09,54,7.0,18.0,nan,45.0,40.0,nan,54.0
68,中壢,2018-11-09,49,nan,15.0,nan,41.0,33.0,nan,49.0
69,竹山,2018-11-09,115,9.0,7.0,nan,53.0,25.0,115.0,96.0
70,永和,2018-11-09,58,6.0,8.0,nan,31.0,22.0,nan,58.0
71,復興,2018-11-09,94,16.0,11.0,nan,62.0,37.0,nan,94.0
72,埔里,2018-11-09,97,6.0,8.0,nan,42.0,28.0,97.0,72.0
75,馬祖,2018-11-09,53,4.0,5.0,nan,39.0,10.0,44.0,53.0
77,金門,2018-11-09,82,16.0,6.0,nan,47.0,13.0,31.0,82.0
78,馬公,2018-11-09,57,3.0,3.0,nan,32.0,5.0,49.0,57.0
80,關山,2018-11-09,24,3.0,nan,nan,24.0,7.0,17.0,24.0
83,麥寮,2018-11-09,129,7.0,8.0,nan,72.0,35.0,nan,129.0
84,富貴角,2018-11-09,58,1.0,3.0,nan,41.0,5.0,45.0,58.0
2,汐止,2018-11-10,41,10.0,6.0,nan,19.0,23.0,41.0,38.0
84,富貴角,2018-11-10,57,1.0,3.0,nan,35.0,4.0,46.0,57.0
83,麥寮,2018-11-10,98,7.0,7.0,nan,73.0,41.0,nan,98.0
80,關山,2018-11-10,26,3.0,nan,nan,21.0,7.0,19.0,26.0
78,馬公,2018-11-10,65,1.0,3.0,nan,40.0,5.0,51.0,65.0
77,金門,2018-11-10,82,10.0,6.0,nan,49.0,22.0,43.0,82.0
75,馬祖,2018-11-10,80,6.0,3.0,nan,44.0,6.0,46.0,80.0
72,埔里,2018-11-10,96,4.0,7.0,nan,57.0,20.0,77.0,96.0
71,復興,2018-11-10,84,11.0,9.0,nan,62.0,26.0,nan,84.0
70,永和,2018-11-10,34,4.0,6.0,nan,21.0,18.0,nan,34.0
69,竹山,2018-11-10,133,4.0,6.0,nan,62.0,21.0,97.0,133.0
68,中壢,2018-11-10,34,9.0,18.0,nan,34.0,31.0,nan,33.0
67,三重,2018-11-10,38,4.0,16.0,nan,38.0,34.0,nan,34.0
66,冬山,2018-11-10,31,6.0,3.0,nan,22.0,18.0,31.0,24.0
65,宜蘭,2018-11-10,39,4.0,5.0,nan,27.0,14.0,39.0,19.0
64,陽明,2018-11-10,44,3.0,3.0,nan,6.0,2.0,44.0,7.0
63,花蓮,2018-11-10,27,6.0,5.0,nan,17.0,18.0,27.0,12.0
62,臺東,2018-11-10,21,1.0,3.0,nan,21.0,11.0,19.0,12.0
61,恆春,2018-11-10,32,3.0,1.0,nan,12.0,2.0,32.0,21.0
60,潮州,2018-11-10,88,13.0,5.0,nan,61.0,14.0,80.0,88.0
59,屏東,2018-11-10,95,11.0,6.0,nan,64.0,18.0,50.0,95.0
58,小港,2018-11-10,87,29.0,8.0,nan,70.0,31.0,50.0,87.0
57,前鎮,2018-11-10,91,14.0,8.0,nan,66.0,25.0,nan,91.0
56,前金,2018-11-10,94,10.0,9.0,nan,69.0,23.0,71.0,94.0
54,左營,2018-11-10,87,9.0,9.0,nan,65.0,24.0,84.0,87.0
53,楠梓,2018-11-10,96,9.0,8.0,nan,71.0,24.0,50.0,96.0
52,林園,2018-11-10,107,29.0,7.0,nan,73.0,22.0,77.0,107.0
50,鳳山,2018-11-10,85,17.0,9.0,nan,62.0,31.0,nan,85.0
49,仁武,2018-11-10,79,11.0,8.0,nan,62.0,27.0,51.0,79.0
48,橋頭,2018-11-10,117,7.0,7.0,nan,64.0,21.0,51.0,117.0
47,美濃,2018-11-10,74,7.0,5.0,nan,57.0,10.0,49.0,74.0
46,臺南,2018-11-10,76,10.0,7.0,nan,54.0,26.0,58.0,76.0
45,安南,2018-11-10,77,9.0,7.0,nan,60.0,24.0,77.0,74.0
44,善化,2018-11-10,80,10.0,6.0,nan,54.0,21.0,48.0,80.0
43,新營,2018-11-10,106,9.0,7.0,nan,64.0,22.0,50.0,106.0
42,嘉義,2018-11-10,102,11.0,7.0,nan,68.0,26.0,77.0,102.0
41,臺西,2018-11-10,70,13.0,5.0,nan,51.0,22.0,nan,70.0
40,朴子,2018-11-10,83,7.0,6.0,nan,59.0,18.0,71.0,83.0
51,大寮,2018-11-10,98,14.0,7.0,nan,59.0,21.0,58.0,98.0
1,基隆,2018-11-10,44,4.0,8.0,nan,21.0,21.0,44.0,38.0
39,新港,2018-11-10,98,7.0,6.0,nan,64.0,18.0,71.0,98.0
38,崙背,2018-11-10,97,7.0,6.0,nan,61.0,16.0,54.0,97.0
37,斗六,2018-11-10,123,6.0,7.0,nan,64.0,22.0,97.0,123.0
36,南投,2018-11-10,117,23.0,8.0,nan,70.0,31.0,51.0,117.0
35,二林,2018-11-10,87,9.0,6.0,nan,56.0,15.0,48.0,87.0
34,線西,2018-11-10,73,10.0,6.0,nan,50.0,18.0,nan,73.0
33,彰化,2018-11-10,112,11.0,9.0,nan,58.0,22.0,112.0,96.0
32,西屯,2018-11-10,98,7.0,8.0,nan,52.0,34.0,87.0,98.0
31,忠明,2018-11-10,98,7.0,8.0,nan,56.0,42.0,84.0,98.0
30,大里,2018-11-10,77,9.0,10.0,nan,70.0,31.0,77.0,76.0
29,沙鹿,2018-11-10,82,7.0,8.0,nan,50.0,33.0,61.0,82.0
28,豐原,2018-11-10,77,9.0,7.0,nan,nan,24.0,77.0,nan
27,三義,2018-11-10,95,6.0,6.0,nan,46.0,25.0,64.0,95.0
26,苗栗,2018-11-10,74,6.0,7.0,nan,57.0,24.0,33.0,74.0
25,頭份,2018-11-10,74,13.0,7.0,nan,39.0,32.0,nan,74.0
24,新竹,2018-11-10,72,14.0,7.0,nan,39.0,27.0,35.0,72.0
23,竹東,2018-11-10,52,10.0,6.0,nan,31.0,22.0,37.0,52.0
22,湖口,2018-11-10,61,4.0,5.0,nan,41.0,23.0,40.0,61.0
21,龍潭,2018-11-10,52,6.0,7.0,nan,27.0,25.0,39.0,52.0
20,平鎮,2018-11-10,44,6.0,6.0,nan,31.0,25.0,37.0,44.0
19,觀音,2018-11-10,70,16.0,3.0,nan,48.0,9.0,42.0,70.0
18,大園,2018-11-10,56,17.0,5.0,nan,42.0,9.0,42.0,56.0
17,桃園,2018-11-10,39,13.0,6.0,nan,25.0,20.0,31.0,39.0
16,大同,2018-11-10,35,6.0,11.0,nan,35.0,30.0,nan,32.0
15,松山,2018-11-10,47,7.0,6.0,nan,26.0,27.0,35.0,47.0
14,古亭,2018-11-10,42,4.0,5.0,nan,25.0,24.0,36.0,42.0
13,萬華,2018-11-10,38,4.0,6.0,nan,25.0,27.0,38.0,34.0
12,中山,2018-11-10,44,4.0,6.0,nan,26.0,26.0,36.0,44.0
11,士林,2018-11-10,41,3.0,3.0,nan,23.0,8.0,41.0,23.0
10,淡水,2018-11-10,43,4.0,3.0,nan,21.0,7.0,43.0,39.0
9,林口,2018-11-10,42,3.0,3.0,nan,30.0,12.0,42.0,28.0
8,菜寮,2018-11-10,30,4.0,5.0,nan,27.0,18.0,30.0,29.0
7,新莊,2018-11-10,40,4.0,5.0,nan,20.0,26.0,40.0,32.0
6,板橋,2018-11-10,47,3.0,7.0,nan,23.0,26.0,36.0,47.0
5,土城,2018-11-10,52,4.0,5.0,nan,21.0,20.0,38.0,52.0
4,新店,2018-11-10,34,3.0,5.0,nan,19.0,16.0,34.0,27.0
3,萬里,2018-11-10,47,20.0,3.0,nan,36.0,15.0,47.0,47.0
83,麥寮,2018-11-11,123,6.0,6.0,nan,80.0,29.0,nan,123.0
1,基隆,2018-11-11,58,26.0,7.0,nan,26.0,36.0,45.0,58.0
34,線西,2018-11-11,116,7.0,8.0,nan,67.0,25.0,nan,116.0
51,大寮,2018-11-11,105,20.0,6.0,nan,57.0,26.0,64.0,105.0
2,汐止,2018-11-11,55,19.0,6.0,nan,29.0,32.0,51.0,55.0
3,萬里,2018-11-11,51,9.0,3.0,nan,29.0,18.0,51.0,49.0
4,新店,2018-11-11,61,9.0,6.0,nan,31.0,27.0,61.0,58.0
5,土城,2018-11-11,82,7.0,7.0,nan,41.0,26.0,64.0,82.0
6,板橋,2018-11-11,78,10.0,7.0,nan,40.0,32.0,44.0,78.0
7,新莊,2018-11-11,56,17.0,6.0,nan,32.0,32.0,46.0,56.0
8,菜寮,2018-11-11,50,7.0,7.0,nan,39.0,43.0,38.0,50.0
9,林口,2018-11-11,49,13.0,3.0,nan,42.0,18.0,47.0,49.0
10,淡水,2018-11-11,51,9.0,5.0,nan,31.0,25.0,40.0,51.0
11,士林,2018-11-11,55,7.0,6.0,nan,28.0,29.0,48.0,55.0
12,中山,2018-11-11,64,10.0,8.0,nan,32.0,45.0,46.0,64.0
13,萬華,2018-11-11,60,10.0,8.0,nan,27.0,45.0,46.0,60.0
14,古亭,2018-11-11,69,13.0,6.0,nan,38.0,31.0,50.0,69.0
15,松山,2018-11-11,58,10.0,7.0,nan,40.0,38.0,58.0,56.0
16,大同,2018-11-11,55,7.0,14.0,nan,49.0,49.0,nan,55.0
17,桃園,2018-11-11,58,14.0,6.0,nan,41.0,22.0,39.0,58.0
18,大園,2018-11-11,57,11.0,5.0,nan,39.0,nan,48.0,57.0
19,觀音,2018-11-11,78,10.0,5.0,nan,43.0,13.0,46.0,78.0
20,平鎮,2018-11-11,65,4.0,5.0,nan,42.0,22.0,44.0,65.0
21,龍潭,2018-11-11,75,4.0,6.0,nan,40.0,20.0,47.0,75.0
22,湖口,2018-11-11,71,4.0,5.0,nan,52.0,21.0,48.0,71.0
23,竹東,2018-11-11,65,7.0,5.0,nan,40.0,19.0,35.0,65.0
24,新竹,2018-11-11,88,6.0,7.0,nan,48.0,17.0,40.0,88.0
25,頭份,2018-11-11,91,9.0,6.0,nan,49.0,23.0,nan,91.0
26,苗栗,2018-11-11,97,6.0,6.0,nan,67.0,22.0,35.0,97.0
27,三義,2018-11-11,117,4.0,6.0,nan,57.0,13.0,47.0,117.0
28,豐原,2018-11-11,106,3.0,6.0,nan,57.0,21.0,47.0,106.0
29,沙鹿,2018-11-11,112,6.0,9.0,nan,65.0,25.0,49.0,112.0
30,大里,2018-11-11,94,7.0,8.0,nan,74.0,26.0,61.0,94.0
31,忠明,2018-11-11,126,7.0,8.0,nan,72.0,25.0,49.0,126.0
32,西屯,2018-11-11,130,7.0,8.0,nan,62.0,25.0,50.0,130.0
33,彰化,2018-11-11,124,23.0,9.0,nan,76.0,25.0,67.0,124.0
35,二林,2018-11-11,105,9.0,6.0,nan,73.0,13.0,44.0,105.0
36,南投,2018-11-11,126,4.0,7.0,nan,76.0,24.0,46.0,126.0
37,斗六,2018-11-11,131,9.0,6.0,nan,69.0,17.0,77.0,131.0
38,崙背,2018-11-11,113,6.0,6.0,nan,63.0,13.0,49.0,113.0
39,新港,2018-11-11,115,6.0,6.0,nan,66.0,14.0,58.0,115.0
40,朴子,2018-11-11,107,7.0,6.0,nan,74.0,16.0,61.0,107.0
41,臺西,2018-11-11,96,7.0,5.0,nan,62.0,11.0,nan,96.0
42,嘉義,2018-11-11,109,7.0,7.0,nan,67.0,22.0,61.0,109.0
43,新營,2018-11-11,130,6.0,6.0,nan,65.0,16.0,47.0,130.0
44,善化,2018-11-11,103,7.0,5.0,nan,59.0,14.0,50.0,103.0
45,安南,2018-11-11,106,6.0,6.0,nan,73.0,18.0,84.0,106.0
46,臺南,2018-11-11,99,7.0,6.0,nan,65.0,20.0,71.0,99.0
47,美濃,2018-11-11,78,4.0,5.0,nan,52.0,9.0,64.0,78.0
48,橋頭,2018-11-11,126,7.0,5.0,nan,62.0,14.0,61.0,126.0
49,仁武,2018-11-11,84,13.0,6.0,nan,63.0,21.0,67.0,84.0
50,鳳山,2018-11-11,85,1.0,7.0,nan,59.0,nan,nan,85.0
52,林園,2018-11-11,98,13.0,5.0,nan,64.0,12.0,93.0,98.0
53,楠梓,2018-11-11,125,7.0,6.0,nan,73.0,19.0,64.0,125.0
54,左營,2018-11-11,90,6.0,6.0,nan,65.0,18.0,90.0,88.0
56,前金,2018-11-11,93,7.0,6.0,nan,65.0,17.0,71.0,93.0
57,前鎮,2018-11-11,91,24.0,7.0,nan,62.0,25.0,nan,91.0
58,小港,2018-11-11,83,14.0,5.0,nan,59.0,27.0,50.0,83.0
59,屏東,2018-11-11,104,7.0,6.0,nan,57.0,22.0,77.0,104.0
60,潮州,2018-11-11,86,13.0,5.0,nan,53.0,13.0,77.0,86.0
61,恆春,2018-11-11,32,3.0,1.0,nan,6.0,3.0,32.0,18.0
62,臺東,2018-11-11,22,3.0,3.0,nan,20.0,9.0,22.0,11.0
63,花蓮,2018-11-11,26,6.0,3.0,nan,19.0,15.0,26.0,13.0
64,陽明,2018-11-11,61,4.0,3.0,nan,17.0,7.0,61.0,44.0
65,宜蘭,2018-11-11,31,4.0,2.0,nan,27.0,8.0,31.0,24.0
66,冬山,2018-11-11,33,6.0,3.0,nan,24.0,8.0,33.0,25.0
67,三重,2018-11-11,55,9.0,16.0,nan,48.0,50.0,nan,55.0
68,中壢,2018-11-11,49,6.0,10.0,nan,44.0,28.0,nan,49.0
69,竹山,2018-11-11,132,6.0,5.0,nan,59.0,12.0,80.0,132.0
70,永和,2018-11-11,58,10.0,14.0,nan,31.0,38.0,nan,58.0
71,復興,2018-11-11,82,16.0,7.0,nan,58.0,25.0,nan,82.0
72,埔里,2018-11-11,94,4.0,6.0,nan,52.0,21.0,74.0,94.0
75,馬祖,2018-11-11,71,7.0,5.0,nan,37.0,10.0,48.0,71.0
77,金門,2018-11-11,79,20.0,5.0,nan,47.0,21.0,51.0,79.0
78,馬公,2018-11-11,77,4.0,3.0,nan,41.0,3.0,77.0,67.0
80,關山,2018-11-11,29,6.0,nan,nan,27.0,10.0,21.0,29.0
84,富貴角,2018-11-11,67,9.0,3.0,nan,40.0,16.0,67.0,62.0
84,富貴角,2018-11-12,60,9.0,3.0,nan,38.0,8.0,40.0,60.0
83,麥寮,2018-11-12,142,6.0,7.0,nan,87.0,37.0,nan,142.0
80,關山,2018-11-12,29,4.0,nan,nan,23.0,11.0,23.0,29.0
78,馬公,2018-11-12,66,4.0,5.0,nan,30.0,8.0,61.0,66.0
77,金門,2018-11-12,83,13.0,5.0,nan,44.0,14.0,43.0,83.0
75,馬祖,2018-11-12,54,4.0,5.0,nan,31.0,11.0,39.0,54.0
72,埔里,2018-11-12,90,6.0,6.0,nan,53.0,26.0,58.0,90.0
71,復興,2018-11-12,127,14.0,14.0,nan,75.0,35.0,nan,127.0
70,永和,2018-11-12,68,9.0,15.0,nan,40.0,38.0,nan,68.0
69,竹山,2018-11-12,110,10.0,6.0,nan,57.0,24.0,45.0,110.0
68,中壢,2018-11-12,66,9.0,14.0,nan,52.0,36.0,nan,66.0
67,三重,2018-11-12,72,16.0,19.0,nan,56.0,46.0,nan,72.0
66,冬山,2018-11-12,39,13.0,6.0,nan,nan,17.0,32.0,39.0
65,宜蘭,2018-11-12,39,4.0,5.0,nan,25.0,12.0,37.0,39.0
64,陽明,2018-11-12,38,4.0,3.0,nan,17.0,6.0,36.0,38.0
63,花蓮,2018-11-12,21,4.0,5.0,nan,21.0,18.0,21.0,12.0
62,臺東,2018-11-12,21,3.0,3.0,nan,17.0,10.0,21.0,14.0
61,恆春,2018-11-12,33,4.0,1.0,nan,9.0,3.0,33.0,18.0
60,潮州,2018-11-12,75,4.0,3.0,nan,54.0,11.0,61.0,75.0
59,屏東,2018-11-12,118,4.0,6.0,nan,59.0,17.0,58.0,118.0
58,小港,2018-11-12,123,29.0,7.0,nan,74.0,43.0,49.0,123.0
57,前鎮,2018-11-12,142,16.0,10.0,nan,76.0,36.0,nan,142.0
56,前金,2018-11-12,151,7.0,7.0,nan,76.0,27.0,77.0,151.0
54,左營,2018-11-12,133,7.0,6.0,nan,76.0,25.0,80.0,133.0
53,楠梓,2018-11-12,154,4.0,6.0,nan,79.0,25.0,64.0,154.0
52,林園,2018-11-12,125,14.0,5.0,nan,71.0,28.0,67.0,125.0
50,鳳山,2018-11-12,130,4.0,6.0,nan,71.0,25.0,nan,130.0
49,仁武,2018-11-12,133,17.0,6.0,nan,73.0,27.0,51.0,133.0
48,橋頭,2018-11-12,156,6.0,6.0,nan,74.0,23.0,64.0,156.0
47,美濃,2018-11-12,89,4.0,5.0,nan,56.0,11.0,48.0,89.0
46,臺南,2018-11-12,139,9.0,7.0,nan,75.0,25.0,64.0,139.0
45,安南,2018-11-12,136,9.0,6.0,nan,78.0,23.0,74.0,136.0
44,善化,2018-11-12,131,7.0,6.0,nan,73.0,17.0,50.0,131.0
43,新營,2018-11-12,148,6.0,6.0,nan,72.0,19.0,44.0,148.0
42,嘉義,2018-11-12,127,13.0,7.0,nan,75.0,34.0,47.0,127.0
41,臺西,2018-11-12,112,13.0,6.0,nan,68.0,15.0,nan,112.0
40,朴子,2018-11-12,140,7.0,6.0,nan,74.0,12.0,51.0,140.0
39,新港,2018-11-12,130,6.0,6.0,nan,73.0,16.0,46.0,130.0
38,崙背,2018-11-12,124,7.0,6.0,nan,65.0,15.0,42.0,124.0
37,斗六,2018-11-12,125,9.0,6.0,nan,64.0,29.0,44.0,125.0
36,南投,2018-11-12,102,6.0,7.0,nan,60.0,40.0,34.0,102.0
35,二林,2018-11-12,96,7.0,6.0,nan,66.0,15.0,39.0,96.0
33,彰化,2018-11-12,93,10.0,8.0,nan,52.0,25.0,42.0,93.0
32,西屯,2018-11-12,103,4.0,8.0,nan,55.0,31.0,42.0,103.0
31,忠明,2018-11-12,96,4.0,9.0,nan,52.0,33.0,33.0,96.0
30,大里,2018-11-12,73,7.0,9.0,nan,55.0,34.0,41.0,73.0
29,沙鹿,2018-11-12,96,7.0,6.0,nan,45.0,26.0,43.0,96.0
28,豐原,2018-11-12,85,3.0,6.0,nan,47.0,21.0,40.0,85.0
27,三義,2018-11-12,88,10.0,3.0,nan,43.0,21.0,42.0,88.0
26,苗栗,2018-11-12,82,6.0,6.0,nan,52.0,20.0,31.0,82.0
25,頭份,2018-11-12,77,6.0,5.0,nan,42.0,20.0,nan,77.0
24,新竹,2018-11-12,85,6.0,6.0,nan,49.0,nan,35.0,85.0
23,竹東,2018-11-12,64,7.0,5.0,nan,41.0,17.0,30.0,64.0
22,湖口,2018-11-12,76,4.0,5.0,nan,45.0,25.0,42.0,76.0
21,龍潭,2018-11-12,95,7.0,6.0,nan,50.0,22.0,34.0,95.0
20,平鎮,2018-11-12,78,9.0,6.0,nan,46.0,27.0,31.0,78.0
19,觀音,2018-11-12,80,11.0,5.0,nan,43.0,16.0,40.0,80.0
18,大園,2018-11-12,68,9.0,5.0,nan,38.0,7.0,39.0,68.0
17,桃園,2018-11-12,69,9.0,7.0,nan,39.0,23.0,29.0,69.0
16,大同,2018-11-12,67,11.0,22.0,nan,48.0,46.0,nan,67.0
15,松山,2018-11-12,59,6.0,8.0,nan,37.0,32.0,28.0,59.0
14,古亭,2018-11-12,66,7.0,8.0,nan,42.0,32.0,32.0,66.0
13,萬華,2018-11-12,63,10.0,8.0,nan,34.0,38.0,26.0,63.0
12,中山,2018-11-12,74,10.0,9.0,nan,44.0,32.0,23.0,74.0
11,士林,2018-11-12,63,6.0,5.0,nan,38.0,25.0,31.0,63.0
10,淡水,2018-11-12,56,7.0,5.0,nan,31.0,15.0,36.0,56.0
9,林口,2018-11-12,55,7.0,5.0,nan,45.0,18.0,38.0,55.0
8,菜寮,2018-11-12,60,11.0,7.0,nan,39.0,30.0,25.0,60.0
7,新莊,2018-11-12,67,17.0,6.0,nan,43.0,29.0,33.0,67.0
6,板橋,2018-11-12,96,19.0,8.0,nan,48.0,33.0,30.0,96.0
5,土城,2018-11-12,86,9.0,6.0,nan,44.0,29.0,36.0,86.0
4,新店,2018-11-12,60,6.0,6.0,nan,33.0,24.0,35.0,60.0
3,萬里,2018-11-12,55,9.0,5.0,nan,39.0,15.0,43.0,55.0
2,汐止,2018-11-12,61,6.0,8.0,nan,nan,29.0,38.0,61.0
51,大寮,2018-11-12,133,37.0,6.0,nan,67.0,23.0,54.0,133.0
34,線西,2018-11-12,101,9.0,6.0,nan,55.0,22.0,nan,101.0
1,基隆,2018-11-12,53,10.0,6.0,nan,33.0,25.0,36.0,53.0
20,平鎮,2018-11-13,36,6.0,6.0,nan,25.0,30.0,36.0,28.0
84,富貴角,2018-11-13,50,1.0,2.0,nan,41.0,3.0,50.0,47.0
83,麥寮,2018-11-13,73,9.0,7.0,nan,73.0,18.0,nan,72.0
80,關山,2018-11-13,30,4.0,nan,nan,21.0,7.0,30.0,30.0
78,馬公,2018-11-13,58,1.0,3.0,nan,22.0,3.0,58.0,36.0
77,金門,2018-11-13,51,4.0,3.0,nan,29.0,10.0,41.0,51.0
75,馬祖,2018-11-13,61,4.0,3.0,nan,30.0,5.0,61.0,52.0
72,埔里,2018-11-13,87,6.0,7.0,nan,43.0,33.0,87.0,65.0
71,復興,2018-11-13,111,10.0,11.0,nan,73.0,38.0,nan,111.0
70,永和,2018-11-13,34,3.0,7.0,nan,19.0,23.0,nan,34.0
69,竹山,2018-11-13,112,6.0,5.0,nan,54.0,24.0,112.0,86.0
68,中壢,2018-11-13,34,7.0,12.0,nan,29.0,34.0,nan,20.0
67,三重,2018-11-13,42,4.0,17.0,nan,29.0,42.0,nan,22.0
66,冬山,2018-11-13,44,6.0,3.0,nan,nan,9.0,44.0,23.0
65,宜蘭,2018-11-13,44,3.0,3.0,nan,16.0,6.0,44.0,26.0
64,陽明,2018-11-13,45,3.0,2.0,nan,6.0,2.0,45.0,7.0
63,花蓮,2018-11-13,44,4.0,3.0,nan,20.0,14.0,44.0,17.0
62,臺東,2018-11-13,32,1.0,3.0,nan,17.0,6.0,32.0,17.0
61,恆春,2018-11-13,45,3.0,2.0,nan,5.0,2.0,45.0,17.0
60,潮州,2018-11-13,136,11.0,5.0,nan,60.0,13.0,136.0,nan
59,屏東,2018-11-13,106,13.0,7.0,nan,62.0,33.0,100.0,106.0
58,小港,2018-11-13,104,16.0,7.0,nan,68.0,40.0,74.0,104.0
57,前鎮,2018-11-13,104,13.0,9.0,nan,73.0,35.0,nan,104.0
56,前金,2018-11-13,112,7.0,7.0,nan,68.0,26.0,112.0,111.0
54,左營,2018-11-13,104,6.0,7.0,nan,71.0,25.0,104.0,97.0
53,楠梓,2018-11-13,130,6.0,6.0,nan,72.0,23.0,87.0,130.0
52,林園,2018-11-13,140,13.0,6.0,nan,74.0,26.0,140.0,123.0
50,鳳山,2018-11-13,100,9.0,8.0,nan,71.0,33.0,nan,100.0
49,仁武,2018-11-13,104,103.0,6.0,nan,69.0,26.0,41.0,104.0
48,橋頭,2018-11-13,144,7.0,7.0,nan,78.0,25.0,71.0,144.0
47,美濃,2018-11-13,90,7.0,5.0,nan,57.0,13.0,90.0,75.0
46,臺南,2018-11-13,93,9.0,7.0,nan,70.0,22.0,77.0,93.0
45,安南,2018-11-13,93,9.0,6.0,nan,71.0,22.0,77.0,93.0
44,善化,2018-11-13,91,7.0,6.0,nan,72.0,22.0,64.0,91.0
43,新營,2018-11-13,104,7.0,6.0,nan,68.0,21.0,50.0,104.0
42,嘉義,2018-11-13,96,10.0,7.0,nan,63.0,29.0,61.0,96.0
41,臺西,2018-11-13,46,10.0,6.0,nan,41.0,20.0,nan,46.0
40,朴子,2018-11-13,66,9.0,6.0,nan,59.0,16.0,58.0,66.0
39,新港,2018-11-13,69,7.0,5.0,nan,62.0,18.0,61.0,69.0
38,崙背,2018-11-13,61,10.0,5.0,nan,54.0,23.0,48.0,61.0
37,斗六,2018-11-13,97,4.0,5.0,nan,54.0,26.0,97.0,83.0
36,南投,2018-11-13,72,4.0,7.0,nan,44.0,29.0,50.0,72.0
35,二林,2018-11-13,54,11.0,5.0,nan,54.0,16.0,44.0,49.0
33,彰化,2018-11-13,64,4.0,6.0,nan,31.0,20.0,64.0,51.0
32,西屯,2018-11-13,57,4.0,5.0,nan,33.0,15.0,50.0,57.0
31,忠明,2018-11-13,47,3.0,5.0,nan,24.0,18.0,47.0,47.0
30,大里,2018-11-13,48,4.0,7.0,nan,36.0,25.0,48.0,42.0
29,沙鹿,2018-11-13,51,4.0,3.0,nan,22.0,16.0,50.0,51.0
28,豐原,2018-11-13,48,3.0,3.0,nan,27.0,13.0,44.0,48.0
27,三義,2018-11-13,51,4.0,3.0,nan,19.0,11.0,46.0,51.0
26,苗栗,2018-11-13,49,7.0,5.0,nan,26.0,21.0,38.0,49.0
25,頭份,2018-11-13,45,6.0,5.0,nan,25.0,16.0,nan,45.0
24,新竹,2018-11-13,44,6.0,5.0,nan,31.0,12.0,36.0,44.0
23,竹東,2018-11-13,35,6.0,3.0,nan,24.0,13.0,35.0,35.0
22,湖口,2018-11-13,44,4.0,3.0,nan,23.0,12.0,44.0,37.0
21,龍潭,2018-11-13,42,6.0,3.0,nan,39.0,16.0,42.0,42.0
1,基隆,2018-11-13,42,3.0,2.0,nan,26.0,12.0,42.0,21.0
19,觀音,2018-11-13,50,10.0,3.0,nan,25.0,11.0,44.0,50.0
18,大園,2018-11-13,41,9.0,3.0,nan,26.0,nan,41.0,32.0
17,桃園,2018-11-13,32,10.0,6.0,nan,20.0,22.0,32.0,25.0
16,大同,2018-11-13,43,4.0,12.0,nan,30.0,43.0,nan,34.0
15,松山,2018-11-13,33,4.0,5.0,nan,26.0,31.0,33.0,29.0
14,古亭,2018-11-13,50,6.0,5.0,nan,27.0,22.0,35.0,50.0
13,萬華,2018-11-13,32,3.0,6.0,nan,19.0,27.0,32.0,28.0
12,中山,2018-11-13,32,4.0,7.0,nan,24.0,32.0,31.0,31.0
11,士林,2018-11-13,43,3.0,3.0,nan,17.0,11.0,43.0,22.0
10,淡水,2018-11-13,47,3.0,3.0,nan,18.0,4.0,47.0,35.0
9,林口,2018-11-13,38,3.0,3.0,nan,26.0,25.0,38.0,20.0
8,菜寮,2018-11-13,34,3.0,5.0,nan,18.0,20.0,34.0,19.0
7,新莊,2018-11-13,40,3.0,5.0,nan,20.0,23.0,40.0,24.0
6,板橋,2018-11-13,59,4.0,6.0,nan,22.0,27.0,33.0,59.0
5,土城,2018-11-13,53,3.0,5.0,nan,22.0,15.0,37.0,53.0
4,新店,2018-11-13,36,7.0,5.0,nan,15.0,18.0,36.0,32.0
3,萬里,2018-11-13,54,4.0,2.0,nan,54.0,3.0,50.0,38.0
2,汐止,2018-11-13,38,6.0,3.0,nan,nan,25.0,38.0,16.0
51,大寮,2018-11-13,119,16.0,6.0,nan,68.0,29.0,115.0,119.0
34,線西,2018-11-13,43,13.0,6.0,nan,38.0,18.0,nan,43.0
84,富貴角,2018-11-14,48,1.0,2.0,nan,43.0,2.0,48.0,45.0
83,麥寮,2018-11-14,73,13.0,6.0,nan,73.0,31.0,nan,72.0
80,關山,2018-11-14,33,4.0,nan,nan,21.0,7.0,33.0,32.0
78,馬公,2018-11-14,58,3.0,2.0,nan,29.0,4.0,58.0,45.0
77,金門,2018-11-14,61,7.0,3.0,nan,43.0,9.0,61.0,61.0
75,馬祖,2018-11-14,65,4.0,3.0,nan,42.0,4.0,50.0,65.0
72,埔里,2018-11-14,115,7.0,6.0,nan,44.0,31.0,115.0,67.0
71,復興,2018-11-14,107,16.0,11.0,nan,73.0,33.0,nan,107.0
70,永和,2018-11-14,32,4.0,6.0,nan,23.0,19.0,nan,32.0
69,竹山,2018-11-14,136,4.0,5.0,nan,56.0,20.0,136.0,88.0
68,中壢,2018-11-14,32,7.0,10.0,nan,32.0,28.0,nan,19.0
67,三重,2018-11-14,43,10.0,15.0,nan,39.0,43.0,nan,32.0
66,冬山,2018-11-14,37,4.0,2.0,nan,14.0,9.0,37.0,22.0
65,宜蘭,2018-11-14,42,3.0,2.0,nan,16.0,9.0,42.0,36.0
64,陽明,2018-11-14,45,3.0,2.0,nan,7.0,2.0,45.0,9.0
63,花蓮,2018-11-14,42,6.0,5.0,nan,18.0,18.0,42.0,nan
62,臺東,2018-11-14,32,1.0,3.0,nan,10.0,8.0,32.0,15.0
61,恆春,2018-11-14,44,3.0,2.0,nan,3.0,2.0,44.0,17.0
60,潮州,2018-11-14,187,10.0,6.0,nan,80.0,14.0,187.0,120.0
59,屏東,2018-11-14,140,21.0,9.0,nan,74.0,30.0,140.0,120.0
58,小港,2018-11-14,122,26.0,9.0,nan,70.0,39.0,122.0,106.0
57,前鎮,2018-11-14,104,21.0,10.0,nan,70.0,37.0,nan,104.0
56,前金,2018-11-14,159,16.0,7.0,nan,62.0,25.0,159.0,99.0
54,左營,2018-11-14,166,11.0,7.0,nan,66.0,24.0,166.0,89.0
53,楠梓,2018-11-14,154,10.0,6.0,nan,67.0,19.0,154.0,126.0
52,林園,2018-11-14,209,26.0,7.0,110.0,81.0,38.0,209.0,130.0
50,鳳山,2018-11-14,102,11.0,8.0,nan,69.0,39.0,nan,102.0
49,仁武,2018-11-14,151,11.0,7.0,nan,65.0,26.0,151.0,87.0
48,橋頭,2018-11-14,146,10.0,6.0,nan,67.0,22.0,146.0,127.0
47,美濃,2018-11-14,118,11.0,6.0,nan,68.0,19.0,118.0,89.0
46,臺南,2018-11-14,112,7.0,6.0,nan,64.0,25.0,112.0,78.0
45,安南,2018-11-14,150,7.0,6.0,nan,66.0,24.0,150.0,79.0
44,善化,2018-11-14,90,10.0,5.0,nan,69.0,22.0,90.0,85.0
43,新營,2018-11-14,86,7.0,5.0,nan,54.0,31.0,71.0,86.0
42,嘉義,2018-11-14,93,13.0,6.0,nan,57.0,28.0,93.0,72.0
41,臺西,2018-11-14,53,10.0,5.0,nan,45.0,17.0,nan,53.0
40,朴子,2018-11-14,80,10.0,5.0,nan,59.0,23.0,80.0,59.0
39,新港,2018-11-14,79,10.0,3.0,nan,57.0,20.0,74.0,79.0
38,崙背,2018-11-14,49,11.0,5.0,nan,49.0,18.0,49.0,44.0
37,斗六,2018-11-14,132,7.0,5.0,nan,52.0,25.0,132.0,74.0
36,南投,2018-11-14,77,7.0,7.0,nan,46.0,38.0,77.0,67.0
35,二林,2018-11-14,53,10.0,5.0,nan,53.0,16.0,44.0,53.0
33,彰化,2018-11-14,61,4.0,6.0,nan,33.0,32.0,61.0,50.0
32,西屯,2018-11-14,54,4.0,3.0,nan,38.0,21.0,54.0,46.0
31,忠明,2018-11-14,51,4.0,5.0,nan,28.0,30.0,51.0,37.0
30,大里,2018-11-14,74,6.0,8.0,nan,36.0,36.0,74.0,35.0
29,沙鹿,2018-11-14,51,6.0,5.0,nan,24.0,17.0,49.0,51.0
28,豐原,2018-11-14,61,7.0,5.0,nan,31.0,28.0,61.0,34.0
27,三義,2018-11-14,58,9.0,2.0,nan,23.0,14.0,58.0,45.0
26,苗栗,2018-11-14,52,11.0,5.0,nan,29.0,22.0,40.0,52.0
25,頭份,2018-11-14,53,6.0,3.0,nan,29.0,18.0,nan,53.0
24,新竹,2018-11-14,49,4.0,5.0,nan,32.0,16.0,38.0,49.0
23,竹東,2018-11-14,35,3.0,3.0,nan,26.0,13.0,34.0,35.0
22,湖口,2018-11-14,43,4.0,3.0,nan,31.0,14.0,42.0,43.0
21,龍潭,2018-11-14,50,4.0,3.0,nan,49.0,19.0,42.0,50.0
20,平鎮,2018-11-14,40,4.0,5.0,nan,31.0,8.0,40.0,36.0
19,觀音,2018-11-14,57,6.0,2.0,nan,32.0,12.0,41.0,57.0
18,大園,2018-11-14,42,11.0,3.0,nan,30.0,nan,39.0,42.0
17,桃園,2018-11-14,36,7.0,5.0,nan,23.0,16.0,34.0,36.0
16,大同,2018-11-14,44,6.0,11.0,nan,31.0,40.0,nan,44.0
15,松山,2018-11-14,43,7.0,5.0,nan,31.0,30.0,31.0,43.0
14,古亭,2018-11-14,48,4.0,5.0,nan,29.0,21.0,39.0,48.0
13,萬華,2018-11-14,36,6.0,5.0,nan,27.0,29.0,36.0,31.0
12,中山,2018-11-14,35,7.0,7.0,nan,32.0,33.0,34.0,35.0
11,士林,2018-11-14,44,3.0,2.0,nan,28.0,8.0,44.0,34.0
10,淡水,2018-11-14,43,3.0,2.0,nan,20.0,11.0,43.0,35.0
9,林口,2018-11-14,41,7.0,3.0,nan,31.0,19.0,41.0,25.0
8,菜寮,2018-11-14,33,9.0,5.0,nan,30.0,21.0,33.0,30.0
7,新莊,2018-11-14,40,7.0,5.0,nan,28.0,21.0,40.0,30.0
6,板橋,2018-11-14,58,6.0,5.0,nan,28.0,26.0,36.0,58.0
5,土城,2018-11-14,52,3.0,3.0,nan,27.0,18.0,40.0,52.0
4,新店,2018-11-14,39,3.0,3.0,nan,27.0,14.0,39.0,37.0
3,萬里,2018-11-14,49,4.0,2.0,nan,47.0,4.0,49.0,39.0
2,汐止,2018-11-14,31,9.0,3.0,nan,23.0,26.0,31.0,28.0
51,大寮,2018-11-14,166,26.0,9.0,nan,71.0,45.0,166.0,119.0
34,線西,2018-11-14,48,14.0,6.0,nan,38.0,19.0,nan,48.0
1,基隆,2018-11-14,40,3.0,3.0,nan,27.0,23.0,40.0,33.0
68,中壢,2018-11-15,41,10.0,17.0,nan,34.0,41.0,nan,30.0
84,富貴角,2018-11-15,44,4.0,2.0,nan,29.0,4.0,44.0,28.0
83,麥寮,2018-11-15,81,7.0,6.0,nan,57.0,21.0,nan,81.0
80,關山,2018-11-15,31,3.0,nan,nan,19.0,5.0,31.0,31.0
78,馬公,2018-11-15,58,3.0,2.0,nan,29.0,3.0,58.0,51.0
77,金門,2018-11-15,70,10.0,3.0,nan,48.0,11.0,61.0,70.0
75,馬祖,2018-11-15,73,4.0,3.0,nan,44.0,5.0,50.0,73.0
72,埔里,2018-11-15,129,6.0,6.0,nan,53.0,22.0,129.0,76.0
71,復興,2018-11-15,97,14.0,10.0,nan,66.0,38.0,nan,97.0
70,永和,2018-11-15,31,10.0,7.0,nan,23.0,27.0,nan,31.0
69,竹山,2018-11-15,136,14.0,6.0,nan,66.0,28.0,136.0,125.0
67,三重,2018-11-15,43,9.0,17.0,nan,43.0,40.0,nan,38.0
66,冬山,2018-11-15,32,6.0,5.0,nan,29.0,28.0,31.0,32.0
65,宜蘭,2018-11-15,44,3.0,5.0,nan,25.0,11.0,44.0,35.0
64,陽明,2018-11-15,42,4.0,2.0,nan,16.0,4.0,42.0,29.0
63,花蓮,2018-11-15,39,6.0,5.0,nan,23.0,22.0,39.0,13.0
62,臺東,2018-11-15,29,1.0,5.0,nan,14.0,12.0,29.0,16.0
61,恆春,2018-11-15,44,3.0,2.0,nan,5.0,2.0,44.0,21.0
60,潮州,2018-11-15,174,17.0,6.0,nan,71.0,18.0,174.0,116.0
59,屏東,2018-11-15,126,11.0,7.0,nan,65.0,22.0,126.0,113.0
58,小港,2018-11-15,100,26.0,7.0,nan,61.0,42.0,100.0,89.0
57,前鎮,2018-11-15,99,16.0,9.0,nan,64.0,39.0,nan,99.0
56,前金,2018-11-15,118,10.0,8.0,nan,57.0,35.0,118.0,96.0
54,左營,2018-11-15,150,13.0,8.0,nan,59.0,42.0,150.0,80.0
53,楠梓,2018-11-15,108,6.0,7.0,nan,64.0,42.0,104.0,108.0
52,林園,2018-11-15,161,19.0,6.0,nan,75.0,25.0,161.0,118.0
50,鳳山,2018-11-15,83,10.0,8.0,nan,62.0,33.0,nan,83.0
49,仁武,2018-11-15,118,13.0,6.0,nan,59.0,26.0,118.0,76.0
48,橋頭,2018-11-15,134,9.0,7.0,nan,66.0,42.0,97.0,134.0
47,美濃,2018-11-15,154,3.0,5.0,nan,64.0,12.0,154.0,95.0
46,臺南,2018-11-15,97,10.0,8.0,nan,64.0,32.0,97.0,91.0
45,安南,2018-11-15,132,10.0,6.0,nan,66.0,30.0,132.0,87.0
44,善化,2018-11-15,112,21.0,5.0,nan,70.0,22.0,112.0,97.0
43,新營,2018-11-15,107,7.0,6.0,nan,63.0,25.0,84.0,107.0
42,嘉義,2018-11-15,115,29.0,8.0,nan,64.0,36.0,115.0,86.0
41,臺西,2018-11-15,62,9.0,6.0,nan,43.0,18.0,nan,62.0
40,朴子,2018-11-15,101,9.0,6.0,nan,62.0,24.0,101.0,72.0
39,新港,2018-11-15,100,6.0,5.0,nan,62.0,18.0,100.0,81.0
38,崙背,2018-11-15,87,9.0,5.0,nan,54.0,17.0,87.0,75.0
37,斗六,2018-11-15,140,9.0,6.0,nan,62.0,27.0,140.0,105.0
36,南投,2018-11-15,93,9.0,7.0,nan,56.0,28.0,93.0,87.0
35,二林,2018-11-15,62,20.0,6.0,nan,56.0,19.0,54.0,62.0
33,彰化,2018-11-15,104,14.0,7.0,nan,40.0,29.0,104.0,65.0
32,西屯,2018-11-15,97,7.0,5.0,nan,46.0,28.0,97.0,72.0
31,忠明,2018-11-15,101,4.0,6.0,nan,39.0,34.0,101.0,62.0
30,大里,2018-11-15,77,6.0,9.0,nan,48.0,38.0,77.0,64.0
29,沙鹿,2018-11-15,67,7.0,5.0,nan,29.0,29.0,67.0,51.0
28,豐原,2018-11-15,100,7.0,6.0,nan,47.0,26.0,100.0,68.0
27,三義,2018-11-15,90,6.0,3.0,nan,32.0,17.0,90.0,69.0
26,苗栗,2018-11-15,66,7.0,5.0,nan,36.0,25.0,43.0,66.0
25,頭份,2018-11-15,55,6.0,5.0,nan,33.0,31.0,nan,55.0
24,新竹,2018-11-15,54,6.0,5.0,nan,35.0,31.0,43.0,54.0
23,竹東,2018-11-15,49,4.0,5.0,nan,32.0,25.0,44.0,49.0
22,湖口,2018-11-15,53,6.0,5.0,nan,34.0,22.0,51.0,53.0
21,龍潭,2018-11-15,58,7.0,6.0,nan,40.0,31.0,48.0,58.0
20,平鎮,2018-11-15,44,10.0,6.0,nan,31.0,30.0,44.0,36.0
19,觀音,2018-11-15,58,13.0,3.0,nan,29.0,34.0,44.0,58.0
18,大園,2018-11-15,42,14.0,3.0,nan,26.0,nan,37.0,42.0
17,桃園,2018-11-15,43,10.0,7.0,nan,24.0,29.0,38.0,43.0
16,大同,2018-11-15,41,7.0,12.0,nan,28.0,41.0,nan,30.0
15,松山,2018-11-15,35,13.0,5.0,nan,29.0,28.0,33.0,35.0
14,古亭,2018-11-15,51,11.0,6.0,nan,31.0,29.0,34.0,51.0
13,萬華,2018-11-15,35,11.0,5.0,nan,26.0,31.0,31.0,35.0
12,中山,2018-11-15,36,7.0,7.0,nan,30.0,36.0,31.0,34.0
11,士林,2018-11-15,38,10.0,3.0,nan,30.0,17.0,38.0,33.0
10,淡水,2018-11-15,42,4.0,3.0,nan,22.0,23.0,42.0,42.0
9,林口,2018-11-15,39,6.0,3.0,nan,32.0,25.0,39.0,24.0
8,菜寮,2018-11-15,31,6.0,5.0,nan,26.0,21.0,31.0,25.0
7,新莊,2018-11-15,38,11.0,5.0,nan,25.0,29.0,38.0,31.0
6,板橋,2018-11-15,60,10.0,7.0,nan,28.0,35.0,33.0,60.0
5,土城,2018-11-15,51,9.0,6.0,nan,26.0,25.0,38.0,51.0
4,新店,2018-11-15,33,9.0,5.0,nan,26.0,24.0,33.0,30.0
3,萬里,2018-11-15,43,9.0,2.0,nan,32.0,12.0,43.0,36.0
2,汐止,2018-11-15,38,11.0,3.0,nan,20.0,27.0,38.0,24.0
51,大寮,2018-11-15,126,23.0,7.0,nan,66.0,30.0,126.0,118.0
34,線西,2018-11-15,52,16.0,5.0,nan,36.0,21.0,nan,52.0
1,基隆,2018-11-15,39,3.0,5.0,nan,23.0,25.0,39.0,31.0
80,關山,2018-11-16,32,4.0,nan,nan,20.0,6.0,25.0,32.0
78,馬公,2018-11-16,58,3.0,3.0,nan,28.0,6.0,58.0,54.0
77,金門,2018-11-16,88,17.0,5.0,nan,54.0,21.0,48.0,88.0
75,馬祖,2018-11-16,61,6.0,6.0,nan,27.0,11.0,30.0,61.0
72,埔里,2018-11-16,122,7.0,7.0,nan,61.0,27.0,122.0,99.0
71,復興,2018-11-16,122,27.0,11.0,nan,81.0,38.0,nan,122.0
70,永和,2018-11-16,43,4.0,14.0,nan,23.0,43.0,nan,38.0
69,竹山,2018-11-16,151,9.0,7.0,nan,71.0,29.0,118.0,151.0
68,中壢,2018-11-16,44,16.0,19.0,nan,39.0,44.0,nan,32.0
67,三重,2018-11-16,46,10.0,18.0,nan,37.0,46.0,nan,33.0
66,冬山,2018-11-16,41,4.0,3.0,nan,29.0,18.0,32.0,41.0
65,宜蘭,2018-11-16,40,4.0,5.0,nan,23.0,10.0,40.0,37.0
64,陽明,2018-11-16,39,4.0,2.0,nan,13.0,8.0,39.0,28.0
63,花蓮,2018-11-16,32,4.0,6.0,nan,22.0,21.0,32.0,21.0
62,臺東,2018-11-16,27,3.0,5.0,nan,16.0,9.0,27.0,21.0
61,恆春,2018-11-16,41,3.0,2.0,nan,6.0,2.0,41.0,24.0
60,潮州,2018-11-16,174,11.0,5.0,nan,65.0,15.0,174.0,103.0
59,屏東,2018-11-16,146,9.0,7.0,nan,64.0,27.0,77.0,146.0
58,小港,2018-11-16,120,37.0,8.0,nan,70.0,38.0,101.0,120.0
57,前鎮,2018-11-16,145,26.0,11.0,nan,80.0,42.0,nan,145.0
56,前金,2018-11-16,129,10.0,8.0,nan,74.0,34.0,129.0,120.0
54,左營,2018-11-16,129,11.0,7.0,nan,75.0,38.0,129.0,115.0
53,楠梓,2018-11-16,152,7.0,7.0,nan,78.0,31.0,122.0,152.0
52,林園,2018-11-16,143,19.0,6.0,nan,73.0,22.0,143.0,125.0
51,大寮,2018-11-16,159,19.0,7.0,nan,71.0,34.0,159.0,145.0
50,鳳山,2018-11-16,153,20.0,9.0,nan,79.0,35.0,nan,153.0
49,仁武,2018-11-16,132,14.0,7.0,nan,78.0,34.0,126.0,132.0
48,橋頭,2018-11-16,156,9.0,7.0,nan,77.0,26.0,108.0,156.0
47,美濃,2018-11-16,104,4.0,6.0,nan,64.0,10.0,71.0,104.0
46,臺南,2018-11-16,136,11.0,9.0,nan,85.0,35.0,87.0,136.0
45,安南,2018-11-16,140,11.0,8.0,nan,85.0,40.0,104.0,140.0
44,善化,2018-11-16,141,13.0,6.0,nan,86.0,22.0,67.0,141.0
43,新營,2018-11-16,140,10.0,7.0,nan,77.0,25.0,50.0,140.0
42,嘉義,2018-11-16,131,21.0,7.0,nan,80.0,31.0,58.0,131.0
41,臺西,2018-11-16,90,19.0,6.0,nan,55.0,24.0,nan,90.0
40,朴子,2018-11-16,112,11.0,6.0,nan,76.0,19.0,67.0,112.0
39,新港,2018-11-16,116,9.0,6.0,nan,78.0,19.0,64.0,116.0
38,崙背,2018-11-16,104,11.0,6.0,nan,68.0,21.0,49.0,104.0
37,斗六,2018-11-16,122,17.0,6.0,nan,74.0,28.0,74.0,122.0
36,南投,2018-11-16,107,9.0,7.0,nan,63.0,42.0,67.0,107.0
35,二林,2018-11-16,83,17.0,6.0,nan,68.0,21.0,44.0,83.0
33,彰化,2018-11-16,97,26.0,9.0,nan,52.0,47.0,61.0,97.0
32,西屯,2018-11-16,88,6.0,9.0,nan,61.0,39.0,54.0,88.0
31,忠明,2018-11-16,92,9.0,10.0,nan,54.0,55.0,54.0,92.0
30,大里,2018-11-16,84,7.0,10.0,nan,58.0,46.0,84.0,78.0
29,沙鹿,2018-11-16,78,10.0,8.0,nan,51.0,35.0,46.0,78.0
28,豐原,2018-11-16,88,9.0,6.0,nan,54.0,26.0,64.0,88.0
27,三義,2018-11-16,111,7.0,6.0,nan,48.0,29.0,71.0,111.0
26,苗栗,2018-11-16,79,9.0,7.0,nan,45.0,27.0,33.0,79.0
25,頭份,2018-11-16,76,9.0,6.0,nan,40.0,25.0,nan,76.0
24,新竹,2018-11-16,74,4.0,7.0,nan,44.0,31.0,37.0,74.0
23,竹東,2018-11-16,69,10.0,6.0,nan,44.0,28.0,40.0,69.0
22,湖口,2018-11-16,64,9.0,7.0,nan,38.0,26.0,44.0,64.0
21,龍潭,2018-11-16,65,11.0,7.0,nan,41.0,34.0,38.0,65.0
20,平鎮,2018-11-16,57,9.0,7.0,nan,34.0,26.0,34.0,57.0
19,觀音,2018-11-16,69,17.0,6.0,nan,33.0,25.0,41.0,69.0
18,大園,2018-11-16,45,14.0,6.0,nan,26.0,nan,37.0,45.0
17,桃園,2018-11-16,49,16.0,7.0,nan,28.0,27.0,30.0,49.0
16,大同,2018-11-16,46,7.0,17.0,nan,28.0,46.0,nan,41.0
15,松山,2018-11-16,45,7.0,6.0,nan,28.0,33.0,31.0,45.0
14,古亭,2018-11-16,54,6.0,7.0,nan,31.0,35.0,31.0,54.0
13,萬華,2018-11-16,46,7.0,9.0,nan,25.0,46.0,26.0,32.0
12,中山,2018-11-16,48,7.0,9.0,nan,29.0,42.0,24.0,48.0
11,士林,2018-11-16,38,7.0,6.0,nan,26.0,28.0,36.0,38.0
10,淡水,2018-11-16,47,6.0,5.0,nan,22.0,27.0,37.0,47.0
9,林口,2018-11-16,35,7.0,3.0,nan,32.0,28.0,34.0,35.0
8,菜寮,2018-11-16,42,7.0,9.0,nan,24.0,42.0,26.0,31.0
7,新莊,2018-11-16,43,7.0,8.0,nan,28.0,30.0,36.0,43.0
6,板橋,2018-11-16,58,9.0,7.0,nan,28.0,31.0,29.0,58.0
5,土城,2018-11-16,68,10.0,8.0,nan,34.0,40.0,37.0,68.0
4,新店,2018-11-16,42,10.0,6.0,nan,25.0,27.0,37.0,42.0
3,萬里,2018-11-16,41,6.0,2.0,nan,33.0,10.0,41.0,37.0
2,汐止,2018-11-16,34,6.0,6.0,nan,19.0,31.0,34.0,31.0
34,線西,2018-11-16,85,17.0,7.0,nan,54.0,30.0,nan,85.0
1,基隆,2018-11-16,37,21.0,6.0,nan,22.0,27.0,35.0,37.0
84,富貴角,2018-11-16,44,6.0,2.0,nan,26.0,8.0,44.0,29.0
83,麥寮,2018-11-16,109,11.0,6.0,nan,66.0,19.0,nan,109.0
34,線西,2018-11-17,49,9.0,3.0,nan,26.0,16.0,nan,49.0
2,汐止,2018-11-17,29,6.0,5.0,nan,5.0,19.0,29.0,6.0
3,萬里,2018-11-17,38,4.0,2.0,nan,30.0,8.0,38.0,19.0
4,新店,2018-11-17,27,3.0,5.0,nan,5.0,19.0,27.0,23.0
5,土城,2018-11-17,33,6.0,6.0,nan,11.0,24.0,29.0,33.0
6,板橋,2018-11-17,28,4.0,6.0,nan,8.0,28.0,27.0,17.0
7,新莊,2018-11-17,29,4.0,6.0,nan,11.0,28.0,29.0,13.0
8,菜寮,2018-11-17,22,7.0,6.0,nan,6.0,22.0,22.0,13.0
9,林口,2018-11-17,31,4.0,3.0,nan,15.0,20.0,31.0,10.0
10,淡水,2018-11-17,33,4.0,6.0,nan,9.0,19.0,33.0,23.0
11,士林,2018-11-17,29,9.0,3.0,nan,9.0,16.0,29.0,9.0
12,中山,2018-11-17,29,6.0,6.0,nan,12.0,29.0,26.0,25.0
13,萬華,2018-11-17,31,4.0,5.0,nan,9.0,31.0,27.0,14.0
14,古亭,2018-11-17,39,4.0,5.0,nan,12.0,24.0,28.0,39.0
15,松山,2018-11-17,27,4.0,5.0,nan,13.0,26.0,27.0,19.0
16,大同,2018-11-17,41,6.0,14.0,nan,11.0,41.0,nan,20.0
17,桃園,2018-11-17,24,7.0,6.0,nan,8.0,24.0,23.0,21.0
18,大園,2018-11-17,32,13.0,5.0,nan,13.0,nan,32.0,21.0
19,觀音,2018-11-17,39,11.0,3.0,nan,17.0,20.0,33.0,39.0
20,平鎮,2018-11-17,34,6.0,7.0,nan,15.0,34.0,23.0,27.0
21,龍潭,2018-11-17,36,4.0,6.0,nan,22.0,36.0,21.0,nan
22,湖口,2018-11-17,33,6.0,5.0,nan,18.0,24.0,33.0,30.0
23,竹東,2018-11-17,31,3.0,5.0,nan,18.0,19.0,23.0,31.0
24,新竹,2018-11-17,37,4.0,6.0,nan,21.0,26.0,26.0,37.0
25,頭份,2018-11-17,41,11.0,6.0,nan,19.0,29.0,nan,41.0
26,苗栗,2018-11-17,52,7.0,8.0,nan,24.0,29.0,18.0,52.0
27,三義,2018-11-17,64,4.0,3.0,nan,21.0,16.0,21.0,64.0
28,豐原,2018-11-17,51,3.0,5.0,nan,28.0,22.0,24.0,51.0
29,沙鹿,2018-11-17,38,6.0,3.0,nan,21.0,22.0,27.0,38.0
30,大里,2018-11-17,44,6.0,8.0,nan,34.0,30.0,25.0,44.0
31,忠明,2018-11-17,53,4.0,6.0,nan,26.0,26.0,21.0,53.0
32,西屯,2018-11-17,56,4.0,5.0,nan,33.0,24.0,25.0,56.0
33,彰化,2018-11-17,52,4.0,7.0,nan,27.0,27.0,28.0,52.0
35,二林,2018-11-17,57,10.0,5.0,nan,42.0,19.0,28.0,57.0
36,南投,2018-11-17,81,4.0,7.0,nan,48.0,29.0,27.0,81.0
37,斗六,2018-11-17,89,7.0,6.0,nan,52.0,26.0,45.0,89.0
38,崙背,2018-11-17,69,14.0,5.0,nan,48.0,20.0,25.0,69.0
39,新港,2018-11-17,87,13.0,5.0,nan,55.0,19.0,31.0,87.0
40,朴子,2018-11-17,76,13.0,5.0,nan,57.0,20.0,36.0,76.0
41,臺西,2018-11-17,42,10.0,3.0,nan,28.0,18.0,nan,42.0
42,嘉義,2018-11-17,99,27.0,7.0,nan,61.0,31.0,44.0,99.0
43,新營,2018-11-17,107,9.0,6.0,nan,57.0,22.0,33.0,107.0
44,善化,2018-11-17,122,10.0,6.0,nan,67.0,21.0,42.0,122.0
45,安南,2018-11-17,118,9.0,6.0,nan,66.0,21.0,48.0,118.0
46,臺南,2018-11-17,115,7.0,7.0,nan,68.0,25.0,46.0,115.0
47,美濃,2018-11-17,99,6.0,6.0,nan,59.0,15.0,93.0,99.0
48,橋頭,2018-11-17,159,9.0,7.0,nan,80.0,23.0,77.0,159.0
49,仁武,2018-11-17,149,14.0,8.0,nan,78.0,33.0,97.0,149.0
50,鳳山,2018-11-17,142,9.0,8.0,nan,69.0,36.0,nan,142.0
51,大寮,2018-11-17,90,7.0,6.0,nan,nan,24.0,90.0,nan
52,林園,2018-11-17,122,10.0,5.0,nan,71.0,20.0,122.0,119.0
53,楠梓,2018-11-17,154,7.0,7.0,nan,78.0,25.0,101.0,154.0
54,左營,2018-11-17,118,11.0,9.0,nan,78.0,31.0,67.0,118.0
56,前金,2018-11-17,151,13.0,8.0,nan,82.0,27.0,71.0,151.0
57,前鎮,2018-11-17,146,19.0,9.0,nan,82.0,34.0,nan,146.0
58,小港,2018-11-17,113,33.0,7.0,nan,67.0,43.0,58.0,113.0
59,屏東,2018-11-17,153,9.0,8.0,nan,68.0,23.0,101.0,153.0
60,潮州,2018-11-17,103,7.0,5.0,nan,64.0,14.0,100.0,103.0
61,恆春,2018-11-17,36,3.0,2.0,nan,nan,2.0,36.0,15.0
62,臺東,2018-11-17,23,3.0,5.0,nan,9.0,13.0,23.0,13.0
63,花蓮,2018-11-17,29,7.0,3.0,nan,17.0,18.0,29.0,10.0
64,陽明,2018-11-17,38,3.0,2.0,nan,5.0,2.0,38.0,3.0
65,宜蘭,2018-11-17,32,3.0,3.0,nan,7.0,11.0,32.0,24.0
66,冬山,2018-11-17,31,3.0,3.0,nan,8.0,14.0,31.0,11.0
67,三重,2018-11-17,35,7.0,15.0,nan,26.0,35.0,nan,17.0
68,中壢,2018-11-17,35,7.0,11.0,nan,18.0,35.0,nan,9.0
69,竹山,2018-11-17,120,6.0,6.0,nan,56.0,26.0,54.0,120.0
70,永和,2018-11-17,22,4.0,6.0,nan,7.0,22.0,nan,16.0
71,復興,2018-11-17,112,11.0,10.0,nan,82.0,35.0,nan,112.0
72,埔里,2018-11-17,80,4.0,6.0,nan,51.0,19.0,61.0,80.0
75,馬祖,2018-11-17,40,17.0,5.0,nan,23.0,7.0,18.0,40.0
77,金門,2018-11-17,37,3.0,3.0,nan,20.0,10.0,36.0,37.0
78,馬公,2018-11-17,46,3.0,2.0,nan,16.0,3.0,46.0,28.0
80,關山,2018-11-17,29,4.0,nan,nan,19.0,15.0,22.0,29.0
83,麥寮,2018-11-17,67,10.0,6.0,nan,47.0,20.0,nan,67.0
84,富貴角,2018-11-17,39,1.0,2.0,nan,19.0,3.0,39.0,10.0
1,基隆,2018-11-17,33,3.0,5.0,nan,14.0,23.0,33.0,13.0
39,新港,2018-11-18,77,9.0,5.0,nan,49.0,19.0,44.0,77.0
2,汐止,2018-11-18,40,17.0,5.0,nan,15.0,25.0,40.0,22.0
3,萬里,2018-11-18,44,6.0,2.0,nan,27.0,12.0,44.0,29.0
4,新店,2018-11-18,40,4.0,5.0,nan,15.0,21.0,40.0,32.0
5,土城,2018-11-18,55,7.0,6.0,nan,26.0,23.0,39.0,55.0
6,板橋,2018-11-18,38,6.0,6.0,nan,22.0,20.0,38.0,35.0
7,新莊,2018-11-18,43,9.0,5.0,nan,19.0,17.0,43.0,29.0
8,菜寮,2018-11-18,31,7.0,7.0,nan,22.0,25.0,31.0,30.0
9,林口,2018-11-18,48,7.0,3.0,nan,23.0,14.0,48.0,24.0
10,淡水,2018-11-18,42,9.0,3.0,nan,19.0,17.0,42.0,35.0
11,士林,2018-11-18,41,6.0,5.0,nan,21.0,22.0,41.0,33.0
12,中山,2018-11-18,38,9.0,8.0,nan,27.0,29.0,38.0,35.0
13,萬華,2018-11-18,40,6.0,7.0,nan,21.0,28.0,37.0,40.0
14,古亭,2018-11-18,52,6.0,6.0,nan,24.0,24.0,41.0,52.0
15,松山,2018-11-18,40,13.0,6.0,nan,26.0,26.0,40.0,35.0
16,大同,2018-11-18,43,9.0,18.0,nan,25.0,37.0,nan,43.0
17,桃園,2018-11-18,40,11.0,5.0,nan,21.0,17.0,33.0,40.0
18,大園,2018-11-18,44,9.0,5.0,nan,22.0,9.0,44.0,28.0
19,觀音,2018-11-18,49,17.0,5.0,nan,27.0,17.0,41.0,49.0
20,平鎮,2018-11-18,41,6.0,3.0,nan,23.0,22.0,37.0,41.0
21,龍潭,2018-11-18,39,6.0,5.0,nan,26.0,13.0,37.0,39.0
22,湖口,2018-11-18,53,4.0,6.0,nan,36.0,22.0,44.0,53.0
23,竹東,2018-11-18,46,9.0,3.0,nan,30.0,14.0,29.0,46.0
24,新竹,2018-11-18,57,4.0,6.0,nan,32.0,27.0,35.0,57.0
25,頭份,2018-11-18,55,10.0,5.0,nan,30.0,25.0,nan,55.0
26,苗栗,2018-11-18,56,6.0,6.0,nan,37.0,20.0,33.0,56.0
27,三義,2018-11-18,52,6.0,3.0,nan,26.0,11.0,40.0,52.0
28,豐原,2018-11-18,56,6.0,5.0,nan,36.0,16.0,44.0,56.0
29,沙鹿,2018-11-18,46,4.0,3.0,nan,nan,15.0,46.0,44.0
30,大里,2018-11-18,51,9.0,7.0,nan,38.0,21.0,51.0,47.0
31,忠明,2018-11-18,49,4.0,5.0,nan,28.0,20.0,44.0,49.0
32,西屯,2018-11-18,51,7.0,3.0,nan,34.0,16.0,45.0,51.0
33,彰化,2018-11-18,45,11.0,6.0,nan,30.0,20.0,45.0,40.0
35,二林,2018-11-18,64,7.0,3.0,nan,50.0,13.0,41.0,64.0
36,南投,2018-11-18,67,7.0,6.0,nan,45.0,25.0,41.0,67.0
37,斗六,2018-11-18,87,7.0,6.0,nan,48.0,25.0,54.0,87.0
38,崙背,2018-11-18,62,6.0,3.0,nan,32.0,16.0,42.0,62.0
1,基隆,2018-11-18,35,24.0,3.0,nan,19.0,25.0,35.0,26.0
40,朴子,2018-11-18,67,6.0,5.0,nan,46.0,14.0,46.0,67.0
41,臺西,2018-11-18,49,17.0,3.0,nan,29.0,33.0,nan,49.0
42,嘉義,2018-11-18,75,20.0,6.0,nan,50.0,24.0,45.0,75.0
43,新營,2018-11-18,86,7.0,6.0,nan,46.0,20.0,41.0,86.0
44,善化,2018-11-18,87,7.0,6.0,nan,51.0,20.0,48.0,87.0
45,安南,2018-11-18,84,9.0,6.0,nan,52.0,25.0,84.0,78.0
34,線西,2018-11-18,48,16.0,3.0,nan,30.0,14.0,nan,48.0
46,臺南,2018-11-18,83,11.0,7.0,nan,52.0,25.0,80.0,83.0
47,美濃,2018-11-18,84,7.0,5.0,nan,55.0,13.0,84.0,84.0
48,橋頭,2018-11-18,145,16.0,7.0,nan,58.0,23.0,112.0,145.0
49,仁武,2018-11-18,151,13.0,8.0,nan,57.0,25.0,151.0,102.0
50,鳳山,2018-11-18,111,19.0,8.0,nan,54.0,30.0,nan,111.0
51,大寮,2018-11-18,110,40.0,6.0,nan,54.0,27.0,87.0,110.0
52,林園,2018-11-18,164,19.0,6.0,nan,67.0,27.0,164.0,120.0
53,楠梓,2018-11-18,136,14.0,7.0,nan,56.0,25.0,136.0,121.0
54,左營,2018-11-18,172,13.0,8.0,nan,57.0,28.0,172.0,94.0
56,前金,2018-11-18,126,17.0,7.0,nan,52.0,31.0,126.0,105.0
57,前鎮,2018-11-18,116,20.0,8.0,nan,61.0,32.0,nan,116.0
58,小港,2018-11-18,108,33.0,7.0,nan,56.0,32.0,108.0,102.0
59,屏東,2018-11-18,140,11.0,7.0,nan,57.0,20.0,140.0,134.0
60,潮州,2018-11-18,132,19.0,5.0,nan,62.0,15.0,132.0,111.0
61,恆春,2018-11-18,31,3.0,2.0,nan,nan,3.0,31.0,14.0
62,臺東,2018-11-18,21,1.0,3.0,nan,7.0,13.0,21.0,10.0
63,花蓮,2018-11-18,38,4.0,3.0,nan,16.0,11.0,38.0,9.0
64,陽明,2018-11-18,38,3.0,3.0,nan,9.0,6.0,38.0,15.0
65,宜蘭,2018-11-18,42,3.0,3.0,nan,6.0,7.0,42.0,21.0
66,冬山,2018-11-18,33,6.0,3.0,nan,10.0,14.0,33.0,19.0
67,三重,2018-11-18,42,9.0,17.0,nan,35.0,42.0,nan,32.0
68,中壢,2018-11-18,26,4.0,12.0,nan,26.0,24.0,nan,20.0
69,竹山,2018-11-18,102,6.0,6.0,nan,50.0,22.0,74.0,102.0
70,永和,2018-11-18,39,6.0,12.0,nan,19.0,39.0,nan,36.0
71,復興,2018-11-18,95,17.0,9.0,nan,62.0,31.0,nan,95.0
72,埔里,2018-11-18,56,4.0,5.0,nan,36.0,14.0,49.0,56.0
75,馬祖,2018-11-18,46,9.0,6.0,nan,25.0,8.0,15.0,46.0
77,金門,2018-11-18,66,17.0,5.0,nan,36.0,23.0,41.0,66.0
78,馬公,2018-11-18,50,1.0,2.0,nan,18.0,4.0,50.0,38.0
80,關山,2018-11-18,25,3.0,nan,nan,12.0,4.0,25.0,19.0
83,麥寮,2018-11-18,68,7.0,5.0,nan,39.0,15.0,nan,68.0
84,富貴角,2018-11-18,39,4.0,2.0,nan,29.0,8.0,39.0,20.0
83,麥寮,2018-11-19,64,7.0,3.0,nan,64.0,17.0,nan,57.0
84,富貴角,2018-11-19,43,1.0,2.0,nan,28.0,3.0,43.0,14.0
34,線西,2018-11-19,29,7.0,5.0,nan,21.0,16.0,nan,29.0
1,基隆,2018-11-19,38,19.0,3.0,nan,17.0,14.0,38.0,13.0
2,汐止,2018-11-19,31,6.0,5.0,nan,7.0,26.0,31.0,11.0
3,萬里,2018-11-19,45,3.0,3.0,nan,34.0,3.0,45.0,25.0
4,新店,2018-11-19,29,3.0,6.0,nan,5.0,22.0,29.0,24.0
5,土城,2018-11-19,32,6.0,6.0,nan,14.0,19.0,29.0,32.0
6,板橋,2018-11-19,35,4.0,7.0,nan,12.0,35.0,27.0,22.0
7,新莊,2018-11-19,31,4.0,6.0,nan,12.0,28.0,31.0,9.0
8,菜寮,2018-11-19,28,3.0,7.0,nan,10.0,28.0,24.0,14.0
9,林口,2018-11-19,36,3.0,5.0,nan,16.0,17.0,36.0,9.0
10,淡水,2018-11-19,36,3.0,5.0,nan,8.0,7.0,36.0,23.0
11,士林,2018-11-19,36,3.0,5.0,nan,10.0,25.0,36.0,15.0
12,中山,2018-11-19,29,6.0,7.0,nan,14.0,29.0,27.0,19.0
13,萬華,2018-11-19,33,6.0,6.0,nan,11.0,33.0,26.0,12.0
14,古亭,2018-11-19,39,1.0,6.0,nan,15.0,26.0,29.0,39.0
15,松山,2018-11-19,31,4.0,6.0,nan,13.0,31.0,27.0,15.0
16,大同,2018-11-19,42,6.0,17.0,nan,12.0,42.0,nan,24.0
17,桃園,2018-11-19,27,9.0,7.0,nan,10.0,25.0,27.0,23.0
18,大園,2018-11-19,35,7.0,3.0,nan,10.0,23.0,35.0,16.0
19,觀音,2018-11-19,33,11.0,3.0,nan,14.0,13.0,33.0,30.0
20,平鎮,2018-11-19,29,7.0,7.0,nan,13.0,26.0,29.0,19.0
21,龍潭,2018-11-19,48,4.0,5.0,nan,15.0,24.0,31.0,48.0
22,湖口,2018-11-19,33,4.0,3.0,nan,13.0,10.0,33.0,23.0
23,竹東,2018-11-19,26,3.0,3.0,nan,12.0,16.0,26.0,18.0
24,新竹,2018-11-19,31,3.0,5.0,nan,15.0,20.0,26.0,31.0
25,頭份,2018-11-19,25,6.0,5.0,nan,14.0,21.0,nan,25.0
26,苗栗,2018-11-19,34,6.0,5.0,nan,16.0,19.0,21.0,34.0
27,三義,2018-11-19,29,4.0,3.0,nan,13.0,11.0,26.0,29.0
28,豐原,2018-11-19,41,3.0,3.0,nan,17.0,13.0,25.0,41.0
29,沙鹿,2018-11-19,28,4.0,3.0,nan,11.0,16.0,28.0,20.0
30,大里,2018-11-19,26,4.0,6.0,nan,21.0,25.0,26.0,22.0
31,忠明,2018-11-19,32,3.0,5.0,nan,17.0,22.0,24.0,32.0
32,西屯,2018-11-19,35,4.0,3.0,nan,23.0,14.0,27.0,35.0
33,彰化,2018-11-19,36,3.0,6.0,nan,19.0,20.0,28.0,36.0
35,二林,2018-11-19,46,14.0,5.0,nan,39.0,20.0,25.0,46.0
36,南投,2018-11-19,50,4.0,6.0,nan,36.0,25.0,24.0,50.0
37,斗六,2018-11-19,60,6.0,5.0,nan,44.0,21.0,35.0,60.0
38,崙背,2018-11-19,56,10.0,3.0,nan,56.0,19.0,27.0,54.0
39,新港,2018-11-19,60,9.0,3.0,nan,52.0,18.0,32.0,60.0
40,朴子,2018-11-19,61,11.0,5.0,nan,61.0,23.0,35.0,59.0
41,臺西,2018-11-19,35,6.0,3.0,nan,35.0,10.0,nan,31.0
42,嘉義,2018-11-19,55,13.0,6.0,nan,46.0,25.0,31.0,55.0
43,新營,2018-11-19,68,7.0,5.0,nan,54.0,21.0,34.0,68.0
44,善化,2018-11-19,66,7.0,3.0,nan,57.0,19.0,37.0,66.0
45,安南,2018-11-19,64,9.0,5.0,nan,64.0,21.0,42.0,61.0
46,臺南,2018-11-19,77,9.0,6.0,nan,64.0,23.0,37.0,77.0
47,美濃,2018-11-19,62,4.0,5.0,nan,55.0,15.0,45.0,62.0
48,橋頭,2018-11-19,100,6.0,5.0,nan,59.0,21.0,37.0,100.0
49,仁武,2018-11-19,57,9.0,5.0,nan,54.0,23.0,38.0,57.0
50,鳳山,2018-11-19,72,7.0,6.0,nan,55.0,32.0,nan,72.0
51,大寮,2018-11-19,76,14.0,6.0,nan,52.0,38.0,46.0,76.0
52,林園,2018-11-19,77,10.0,5.0,nan,57.0,33.0,77.0,74.0
53,楠梓,2018-11-19,77,6.0,5.0,nan,57.0,22.0,40.0,77.0
54,左營,2018-11-19,60,9.0,5.0,nan,54.0,24.0,41.0,60.0
56,前金,2018-11-19,67,6.0,6.0,nan,52.0,25.0,43.0,67.0
57,前鎮,2018-11-19,56,7.0,8.0,nan,54.0,30.0,nan,56.0
58,小港,2018-11-19,65,21.0,7.0,nan,55.0,53.0,31.0,65.0
59,屏東,2018-11-19,80,13.0,6.0,nan,54.0,31.0,46.0,80.0
60,潮州,2018-11-19,79,6.0,5.0,nan,59.0,22.0,58.0,79.0
61,恆春,2018-11-19,42,4.0,3.0,nan,16.0,4.0,42.0,34.0
62,臺東,2018-11-19,26,1.0,3.0,nan,8.0,9.0,26.0,13.0
63,花蓮,2018-11-19,37,3.0,3.0,nan,18.0,8.0,37.0,13.0
64,陽明,2018-11-19,40,1.0,2.0,nan,5.0,2.0,40.0,4.0
65,宜蘭,2018-11-19,34,3.0,3.0,nan,9.0,10.0,34.0,23.0
66,冬山,2018-11-19,33,3.0,3.0,nan,13.0,16.0,33.0,10.0
67,三重,2018-11-19,43,7.0,19.0,nan,29.0,43.0,nan,13.0
68,中壢,2018-11-19,32,6.0,11.0,nan,16.0,32.0,nan,6.0
69,竹山,2018-11-19,76,6.0,5.0,nan,42.0,24.0,31.0,76.0
70,永和,2018-11-19,25,4.0,7.0,nan,9.0,25.0,nan,12.0
71,復興,2018-11-19,59,7.0,9.0,nan,54.0,27.0,nan,59.0
72,埔里,2018-11-19,55,7.0,6.0,nan,34.0,25.0,29.0,55.0
75,馬祖,2018-11-19,30,9.0,6.0,nan,19.0,6.0,17.0,30.0
77,金門,2018-11-19,57,9.0,5.0,nan,31.0,12.0,32.0,57.0
78,馬公,2018-11-19,43,3.0,3.0,nan,13.0,3.0,43.0,29.0
80,關山,2018-11-19,27,3.0,nan,nan,10.0,8.0,27.0,18.0
70,永和,2018-11-20,27,4.0,7.0,nan,16.0,20.0,nan,27.0
84,富貴角,2018-11-20,47,6.0,3.0,nan,30.0,7.0,47.0,27.0
83,麥寮,2018-11-20,61,10.0,6.0,nan,42.0,19.0,nan,61.0
80,關山,2018-11-20,31,3.0,nan,nan,16.0,10.0,31.0,25.0
78,馬公,2018-11-20,64,3.0,5.0,nan,31.0,5.0,64.0,46.0
77,金門,2018-11-20,59,10.0,6.0,nan,40.0,15.0,44.0,59.0
75,馬祖,2018-11-20,60,9.0,6.0,nan,29.0,7.0,14.0,60.0
72,埔里,2018-11-20,67,6.0,5.0,nan,42.0,15.0,67.0,62.0
71,復興,2018-11-20,65,31.0,10.0,nan,51.0,35.0,nan,65.0
69,竹山,2018-11-20,85,7.0,6.0,nan,51.0,21.0,67.0,85.0
68,中壢,2018-11-20,41,7.0,20.0,nan,26.0,41.0,nan,21.0
67,三重,2018-11-20,42,7.0,16.0,nan,31.0,42.0,nan,22.0
66,冬山,2018-11-20,31,7.0,5.0,nan,19.0,22.0,31.0,15.0
65,宜蘭,2018-11-20,38,4.0,6.0,nan,18.0,11.0,38.0,38.0
64,陽明,2018-11-20,42,10.0,3.0,nan,12.0,7.0,42.0,19.0
63,花蓮,2018-11-20,34,4.0,6.0,nan,19.0,5.0,34.0,10.0
62,臺東,2018-11-20,33,1.0,5.0,nan,13.0,8.0,33.0,17.0
61,恆春,2018-11-20,47,3.0,2.0,nan,4.0,3.0,47.0,16.0
60,潮州,2018-11-20,67,9.0,5.0,nan,54.0,18.0,58.0,67.0
59,屏東,2018-11-20,77,10.0,7.0,nan,55.0,24.0,58.0,77.0
58,小港,2018-11-20,61,29.0,8.0,nan,48.0,40.0,44.0,61.0
57,前鎮,2018-11-20,62,34.0,10.0,nan,50.0,38.0,nan,62.0
56,前金,2018-11-20,71,17.0,6.0,nan,40.0,27.0,71.0,58.0
54,左營,2018-11-20,61,16.0,6.0,nan,46.0,34.0,61.0,52.0
53,楠梓,2018-11-20,75,13.0,6.0,nan,50.0,33.0,46.0,75.0
52,林園,2018-11-20,71,9.0,5.0,nan,53.0,30.0,71.0,71.0
51,大寮,2018-11-20,82,16.0,6.0,nan,54.0,32.0,48.0,82.0
50,鳳山,2018-11-20,65,13.0,7.0,nan,48.0,31.0,nan,65.0
49,仁武,2018-11-20,56,14.0,7.0,nan,47.0,30.0,45.0,56.0
48,橋頭,2018-11-20,96,14.0,nan,nan,48.0,27.0,45.0,96.0
47,美濃,2018-11-20,54,11.0,5.0,nan,51.0,13.0,54.0,47.0
46,臺南,2018-11-20,74,9.0,6.0,nan,47.0,26.0,74.0,51.0
45,安南,2018-11-20,87,7.0,6.0,nan,49.0,22.0,87.0,56.0
44,善化,2018-11-20,55,10.0,6.0,nan,50.0,30.0,54.0,55.0
43,新營,2018-11-20,74,9.0,6.0,nan,47.0,25.0,48.0,74.0
42,嘉義,2018-11-20,64,20.0,7.0,nan,49.0,26.0,64.0,53.0
41,臺西,2018-11-20,49,16.0,6.0,nan,35.0,36.0,nan,49.0
40,朴子,2018-11-20,77,6.0,5.0,nan,45.0,14.0,77.0,47.0
39,新港,2018-11-20,80,9.0,5.0,nan,57.0,20.0,80.0,67.0
38,崙背,2018-11-20,74,6.0,5.0,nan,45.0,12.0,74.0,65.0
37,斗六,2018-11-20,93,10.0,6.0,nan,50.0,28.0,93.0,81.0
36,南投,2018-11-20,87,7.0,7.0,nan,54.0,27.0,50.0,87.0
35,二林,2018-11-20,71,13.0,6.0,nan,62.0,19.0,64.0,71.0
33,彰化,2018-11-20,122,7.0,10.0,nan,43.0,28.0,122.0,69.0
32,西屯,2018-11-20,70,11.0,9.0,nan,51.0,41.0,67.0,70.0
31,忠明,2018-11-20,66,10.0,10.0,nan,42.0,57.0,64.0,66.0
30,大里,2018-11-20,66,14.0,10.0,nan,53.0,44.0,54.0,66.0
29,沙鹿,2018-11-20,71,11.0,9.0,nan,36.0,49.0,71.0,57.0
28,豐原,2018-11-20,71,10.0,8.0,nan,46.0,28.0,71.0,66.0
27,三義,2018-11-20,71,7.0,7.0,nan,39.0,32.0,61.0,71.0
26,苗栗,2018-11-20,61,9.0,9.0,nan,35.0,37.0,30.0,61.0
25,頭份,2018-11-20,43,6.0,8.0,nan,25.0,31.0,nan,43.0
24,新竹,2018-11-20,43,3.0,8.0,nan,27.0,32.0,31.0,43.0
23,竹東,2018-11-20,31,4.0,6.0,nan,19.0,17.0,31.0,30.0
22,湖口,2018-11-20,39,6.0,6.0,nan,22.0,23.0,39.0,34.0
21,龍潭,2018-11-20,38,4.0,7.0,nan,23.0,25.0,38.0,28.0
20,平鎮,2018-11-20,40,6.0,7.0,nan,22.0,26.0,40.0,32.0
19,觀音,2018-11-20,51,17.0,6.0,nan,27.0,32.0,37.0,51.0
18,大園,2018-11-20,34,9.0,5.0,nan,21.0,27.0,34.0,31.0
17,桃園,2018-11-20,34,11.0,7.0,nan,21.0,31.0,34.0,26.0
16,大同,2018-11-20,39,6.0,12.0,nan,23.0,39.0,nan,38.0
15,松山,2018-11-20,32,3.0,6.0,nan,26.0,31.0,32.0,23.0
14,古亭,2018-11-20,46,3.0,6.0,nan,25.0,24.0,37.0,46.0
13,萬華,2018-11-20,33,4.0,7.0,nan,22.0,33.0,31.0,22.0
12,中山,2018-11-20,33,3.0,8.0,nan,26.0,33.0,31.0,31.0
11,士林,2018-11-20,40,4.0,5.0,nan,19.0,9.0,40.0,22.0
10,淡水,2018-11-20,46,4.0,5.0,nan,17.0,13.0,46.0,32.0
9,林口,2018-11-20,39,3.0,5.0,nan,25.0,18.0,39.0,15.0
8,菜寮,2018-11-20,31,4.0,6.0,nan,22.0,22.0,31.0,22.0
7,新莊,2018-11-20,38,4.0,6.0,nan,24.0,32.0,38.0,20.0
6,板橋,2018-11-20,35,4.0,8.0,nan,20.0,35.0,32.0,32.0
5,土城,2018-11-20,45,3.0,7.0,nan,21.0,23.0,39.0,45.0
4,新店,2018-11-20,37,1.0,6.0,nan,17.0,30.0,37.0,21.0
3,萬里,2018-11-20,46,13.0,3.0,nan,30.0,15.0,46.0,29.0
2,汐止,2018-11-20,35,7.0,5.0,nan,18.0,26.0,35.0,21.0
1,基隆,2018-11-20,38,3.0,5.0,nan,19.0,18.0,38.0,27.0
34,線西,2018-11-20,65,16.0,8.0,nan,47.0,27.0,nan,65.0
80,關山,2018-11-21,30,4.0,nan,nan,21.0,8.0,28.0,30.0
84,富貴角,2018-11-21,74,4.0,5.0,nan,33.0,13.0,74.0,43.0
83,麥寮,2018-11-21,104,7.0,6.0,nan,59.0,15.0,nan,104.0
17,桃園,2018-11-21,65,19.0,8.0,nan,39.0,32.0,44.0,65.0
34,線西,2018-11-21,96,13.0,6.0,nan,57.0,32.0,nan,96.0
68,中壢,2018-11-21,54,6.0,15.0,nan,51.0,34.0,nan,54.0
1,基隆,2018-11-21,51,13.0,6.0,nan,nan,19.0,51.0,39.0
2,汐止,2018-11-21,48,21.0,7.0,nan,22.0,30.0,48.0,37.0
3,萬里,2018-11-21,77,7.0,5.0,nan,31.0,11.0,77.0,45.0
4,新店,2018-11-21,58,6.0,8.0,nan,25.0,34.0,58.0,50.0
5,土城,2018-11-21,70,11.0,9.0,nan,36.0,40.0,58.0,70.0
6,板橋,2018-11-21,64,11.0,10.0,nan,33.0,44.0,46.0,64.0
7,新莊,2018-11-21,53,14.0,9.0,nan,31.0,40.0,48.0,53.0
8,菜寮,2018-11-21,45,7.0,10.0,nan,31.0,32.0,39.0,45.0
9,林口,2018-11-21,74,9.0,7.0,nan,41.0,31.0,74.0,57.0
10,淡水,2018-11-21,84,11.0,6.0,nan,25.0,25.0,84.0,49.0
11,士林,2018-11-21,49,6.0,6.0,nan,29.0,22.0,49.0,49.0
12,中山,2018-11-21,47,6.0,9.0,nan,31.0,43.0,42.0,47.0
13,萬華,2018-11-21,44,6.0,9.0,nan,29.0,39.0,44.0,43.0
14,古亭,2018-11-21,58,6.0,7.0,nan,32.0,33.0,49.0,58.0
15,松山,2018-11-21,50,11.0,7.0,nan,25.0,50.0,32.0,44.0
16,大同,2018-11-21,48,7.0,20.0,nan,30.0,48.0,nan,48.0
18,大園,2018-11-21,62,7.0,6.0,nan,35.0,33.0,49.0,62.0
19,觀音,2018-11-21,77,9.0,5.0,nan,38.0,22.0,61.0,77.0
20,平鎮,2018-11-21,74,7.0,6.0,nan,46.0,31.0,50.0,74.0
21,龍潭,2018-11-21,79,7.0,6.0,nan,47.0,34.0,49.0,79.0
22,湖口,2018-11-21,71,7.0,5.0,nan,45.0,26.0,67.0,71.0
23,竹東,2018-11-21,64,7.0,6.0,nan,43.0,35.0,40.0,64.0
24,新竹,2018-11-21,83,9.0,6.0,nan,48.0,26.0,46.0,83.0
25,頭份,2018-11-21,87,13.0,6.0,nan,52.0,27.0,nan,87.0
26,苗栗,2018-11-21,101,9.0,7.0,nan,58.0,25.0,41.0,101.0
27,三義,2018-11-21,93,7.0,5.0,nan,44.0,19.0,54.0,93.0
28,豐原,2018-11-21,79,6.0,6.0,nan,44.0,24.0,46.0,79.0
29,沙鹿,2018-11-21,90,13.0,7.0,nan,52.0,33.0,47.0,90.0
30,大里,2018-11-21,84,9.0,9.0,nan,59.0,37.0,48.0,84.0
31,忠明,2018-11-21,103,10.0,8.0,nan,54.0,44.0,45.0,103.0
32,西屯,2018-11-21,102,9.0,7.0,nan,59.0,33.0,44.0,102.0
33,彰化,2018-11-21,104,23.0,9.0,nan,54.0,40.0,47.0,104.0
35,二林,2018-11-21,88,9.0,7.0,nan,68.0,22.0,44.0,88.0
36,南投,2018-11-21,84,11.0,8.0,nan,52.0,37.0,48.0,84.0
37,斗六,2018-11-21,105,19.0,7.0,nan,54.0,38.0,67.0,105.0
38,崙背,2018-11-21,92,7.0,5.0,nan,59.0,21.0,50.0,92.0
39,新港,2018-11-21,98,9.0,6.0,nan,68.0,23.0,64.0,98.0
40,朴子,2018-11-21,91,7.0,5.0,nan,64.0,16.0,67.0,91.0
41,臺西,2018-11-21,82,13.0,5.0,nan,51.0,26.0,nan,82.0
42,嘉義,2018-11-21,77,11.0,8.0,nan,59.0,34.0,58.0,77.0
43,新營,2018-11-21,109,9.0,6.0,nan,63.0,33.0,50.0,109.0
44,善化,2018-11-21,86,11.0,5.0,nan,57.0,22.0,51.0,86.0
45,安南,2018-11-21,93,7.0,6.0,nan,64.0,24.0,93.0,88.0
46,臺南,2018-11-21,90,7.0,7.0,nan,60.0,27.0,90.0,88.0
47,美濃,2018-11-21,80,4.0,5.0,nan,49.0,11.0,80.0,62.0
48,橋頭,2018-11-21,134,9.0,nan,nan,59.0,25.0,101.0,134.0
49,仁武,2018-11-21,118,17.0,8.0,nan,59.0,32.0,118.0,85.0
50,鳳山,2018-11-21,96,21.0,9.0,nan,61.0,42.0,nan,96.0
51,大寮,2018-11-21,107,24.0,7.0,nan,57.0,33.0,84.0,107.0
52,林園,2018-11-21,126,10.0,6.0,nan,62.0,25.0,126.0,105.0
53,楠梓,2018-11-21,115,9.0,7.0,nan,57.0,26.0,115.0,97.0
54,左營,2018-11-21,132,14.0,8.0,nan,56.0,30.0,132.0,81.0
56,前金,2018-11-21,118,11.0,8.0,nan,57.0,37.0,118.0,91.0
57,前鎮,2018-11-21,98,26.0,9.0,nan,59.0,45.0,nan,98.0
58,小港,2018-11-21,93,29.0,9.0,nan,59.0,42.0,87.0,93.0
59,屏東,2018-11-21,126,14.0,7.0,nan,58.0,24.0,126.0,93.0
60,潮州,2018-11-21,84,7.0,6.0,nan,53.0,20.0,84.0,75.0
61,恆春,2018-11-21,46,3.0,2.0,nan,12.0,2.0,46.0,24.0
62,臺東,2018-11-21,31,3.0,5.0,nan,16.0,10.0,31.0,20.0
63,花蓮,2018-11-21,39,9.0,6.0,nan,24.0,20.0,39.0,14.0
64,陽明,2018-11-21,47,1.0,3.0,nan,17.0,6.0,47.0,31.0
65,宜蘭,2018-11-21,53,4.0,7.0,nan,23.0,17.0,45.0,53.0
66,冬山,2018-11-21,42,4.0,6.0,nan,25.0,17.0,42.0,25.0
67,三重,2018-11-21,52,4.0,17.0,nan,44.0,52.0,nan,46.0
69,竹山,2018-11-21,79,9.0,6.0,nan,43.0,25.0,74.0,79.0
70,永和,2018-11-21,56,6.0,16.0,nan,26.0,56.0,nan,56.0
71,復興,2018-11-21,93,24.0,11.0,nan,64.0,50.0,nan,93.0
72,埔里,2018-11-21,97,9.0,7.0,nan,44.0,34.0,97.0,68.0
75,馬祖,2018-11-21,60,9.0,11.0,nan,36.0,10.0,31.0,60.0
77,金門,2018-11-21,93,10.0,6.0,nan,52.0,25.0,93.0,90.0
78,馬公,2018-11-21,80,6.0,6.0,nan,30.0,10.0,80.0,59.0
17,桃園,2018-11-22,32,7.0,8.0,nan,24.0,32.0,22.0,31.0
78,馬公,2018-11-22,54,3.0,5.0,nan,24.0,4.0,54.0,44.0
77,金門,2018-11-22,48,10.0,6.0,nan,27.0,13.0,48.0,44.0
75,馬祖,2018-11-22,51,3.0,6.0,nan,30.0,4.0,47.0,51.0
72,埔里,2018-11-22,58,4.0,7.0,nan,38.0,21.0,49.0,58.0
80,關山,2018-11-22,31,3.0,nan,nan,23.0,nan,30.0,31.0
71,復興,2018-11-22,108,9.0,10.0,nan,79.0,35.0,nan,108.0
70,永和,2018-11-22,30,6.0,9.0,nan,17.0,23.0,nan,30.0
69,竹山,2018-11-22,72,6.0,6.0,nan,41.0,22.0,71.0,72.0
67,三重,2018-11-22,43,7.0,22.0,nan,31.0,43.0,nan,35.0
66,冬山,2018-11-22,33,3.0,6.0,nan,12.0,21.0,33.0,11.0
65,宜蘭,2018-11-22,37,3.0,6.0,nan,10.0,12.0,34.0,37.0
64,陽明,2018-11-22,44,1.0,5.0,nan,6.0,3.0,44.0,7.0
63,花蓮,2018-11-22,36,3.0,5.0,nan,24.0,13.0,36.0,19.0
62,臺東,2018-11-22,29,1.0,6.0,nan,21.0,10.0,29.0,23.0
61,恆春,2018-11-22,44,3.0,3.0,nan,9.0,3.0,44.0,21.0
60,潮州,2018-11-22,132,6.0,6.0,nan,71.0,21.0,132.0,122.0
59,屏東,2018-11-22,116,7.0,8.0,nan,66.0,27.0,97.0,116.0
58,小港,2018-11-22,104,16.0,9.0,nan,80.0,39.0,29.0,104.0
57,前鎮,2018-11-22,104,9.0,9.0,nan,80.0,37.0,nan,104.0
56,前金,2018-11-22,113,7.0,8.0,nan,76.0,31.0,87.0,113.0
54,左營,2018-11-22,90,7.0,7.0,nan,78.0,26.0,90.0,82.0
53,楠梓,2018-11-22,110,6.0,7.0,nan,72.0,24.0,87.0,110.0
52,林園,2018-11-22,150,13.0,7.0,nan,85.0,34.0,150.0,128.0
51,大寮,2018-11-22,124,11.0,8.0,nan,75.0,36.0,100.0,124.0
50,鳳山,2018-11-22,100,9.0,9.0,nan,80.0,36.0,nan,100.0
49,仁武,2018-11-22,92,7.0,7.0,nan,76.0,44.0,61.0,92.0
48,橋頭,2018-11-22,136,6.0,8.0,nan,73.0,25.0,80.0,136.0
47,美濃,2018-11-22,84,3.0,6.0,nan,57.0,12.0,84.0,65.0
46,臺南,2018-11-22,81,6.0,7.0,nan,81.0,24.0,64.0,75.0
45,安南,2018-11-22,82,7.0,6.0,nan,82.0,21.0,77.0,81.0
44,善化,2018-11-22,83,6.0,6.0,nan,72.0,20.0,54.0,83.0
43,新營,2018-11-22,84,6.0,6.0,nan,66.0,25.0,46.0,84.0
42,嘉義,2018-11-22,68,10.0,7.0,nan,54.0,24.0,47.0,68.0
41,臺西,2018-11-22,96,7.0,5.0,nan,96.0,12.0,nan,54.0
40,朴子,2018-11-22,93,9.0,6.0,nan,93.0,22.0,44.0,63.0
39,新港,2018-11-22,66,4.0,5.0,nan,64.0,14.0,43.0,66.0
38,崙背,2018-11-22,82,7.0,5.0,nan,82.0,17.0,37.0,61.0
37,斗六,2018-11-22,73,6.0,6.0,nan,52.0,38.0,47.0,73.0
36,南投,2018-11-22,53,7.0,8.0,nan,36.0,25.0,34.0,53.0
35,二林,2018-11-22,58,7.0,5.0,nan,58.0,10.0,38.0,48.0
33,彰化,2018-11-22,42,6.0,7.0,nan,26.0,18.0,40.0,42.0
32,西屯,2018-11-22,47,6.0,5.0,nan,31.0,15.0,38.0,47.0
31,忠明,2018-11-22,46,4.0,6.0,nan,21.0,18.0,31.0,46.0
30,大里,2018-11-22,32,6.0,7.0,nan,23.0,26.0,32.0,22.0
29,沙鹿,2018-11-22,39,4.0,5.0,nan,20.0,14.0,39.0,31.0
28,豐原,2018-11-22,34,3.0,5.0,nan,30.0,10.0,33.0,34.0
27,三義,2018-11-22,43,4.0,5.0,nan,16.0,9.0,39.0,43.0
26,苗栗,2018-11-22,44,6.0,6.0,nan,19.0,15.0,32.0,44.0
25,頭份,2018-11-22,42,4.0,6.0,nan,21.0,16.0,nan,42.0
24,新竹,2018-11-22,48,7.0,6.0,nan,25.0,25.0,29.0,48.0
23,竹東,2018-11-22,35,3.0,5.0,nan,18.0,9.0,35.0,30.0
22,湖口,2018-11-22,37,4.0,6.0,nan,24.0,26.0,33.0,37.0
21,龍潭,2018-11-22,39,4.0,6.0,nan,20.0,22.0,39.0,38.0
20,平鎮,2018-11-22,40,6.0,7.0,nan,25.0,32.0,24.0,40.0
19,觀音,2018-11-22,56,11.0,5.0,nan,24.0,15.0,35.0,56.0
18,大園,2018-11-22,38,6.0,5.0,nan,19.0,21.0,38.0,23.0
16,大同,2018-11-22,46,7.0,19.0,nan,nan,46.0,nan,30.0
15,松山,2018-11-22,31,3.0,6.0,nan,16.0,31.0,25.0,28.0
14,古亭,2018-11-22,43,6.0,7.0,nan,22.0,26.0,27.0,43.0
13,萬華,2018-11-22,33,4.0,8.0,nan,18.0,33.0,20.0,25.0
12,中山,2018-11-22,34,3.0,8.0,nan,21.0,34.0,23.0,30.0
11,士林,2018-11-22,36,3.0,7.0,nan,14.0,29.0,36.0,31.0
10,淡水,2018-11-22,43,3.0,5.0,nan,18.0,8.0,43.0,34.0
9,林口,2018-11-22,30,3.0,5.0,nan,26.0,23.0,30.0,20.0
8,菜寮,2018-11-22,26,3.0,8.0,nan,21.0,26.0,21.0,25.0
7,新莊,2018-11-22,31,4.0,7.0,nan,23.0,31.0,26.0,25.0
6,板橋,2018-11-22,39,6.0,7.0,nan,22.0,36.0,21.0,39.0
5,土城,2018-11-22,45,4.0,7.0,nan,19.0,26.0,31.0,45.0
4,新店,2018-11-22,30,4.0,6.0,nan,16.0,20.0,26.0,30.0
3,萬里,2018-11-22,54,6.0,5.0,nan,54.0,4.0,48.0,41.0
2,汐止,2018-11-22,35,4.0,5.0,nan,15.0,25.0,35.0,21.0
1,基隆,2018-11-22,43,3.0,5.0,nan,27.0,8.0,43.0,28.0
68,中壢,2018-11-22,38,6.0,14.0,nan,29.0,38.0,nan,18.0
34,線西,2018-11-22,46,7.0,6.0,nan,35.0,14.0,nan,46.0
83,麥寮,2018-11-22,107,9.0,6.0,nan,107.0,20.0,nan,67.0
84,富貴角,2018-11-22,48,1.0,5.0,nan,46.0,5.0,46.0,48.0
58,小港,2018-11-23,82,10.0,8.0,nan,64.0,33.0,77.0,82.0
17,桃園,2018-11-23,37,7.0,6.0,nan,23.0,22.0,32.0,37.0
34,線西,2018-11-23,37,11.0,5.0,nan,24.0,21.0,nan,37.0
68,中壢,2018-11-23,32,6.0,11.0,nan,24.0,32.0,nan,21.0
1,基隆,2018-11-23,36,3.0,3.0,nan,26.0,19.0,36.0,30.0
2,汐止,2018-11-23,34,6.0,3.0,nan,18.0,32.0,34.0,24.0
3,萬里,2018-11-23,46,14.0,1.0,nan,30.0,5.0,46.0,33.0
4,新店,2018-11-23,37,3.0,5.0,nan,11.0,24.0,37.0,23.0
5,土城,2018-11-23,38,4.0,5.0,nan,19.0,25.0,38.0,36.0
6,板橋,2018-11-23,38,6.0,6.0,nan,21.0,30.0,34.0,38.0
7,新莊,2018-11-23,38,3.0,5.0,nan,24.0,27.0,38.0,22.0
8,菜寮,2018-11-23,26,6.0,6.0,nan,24.0,26.0,19.0,24.0
9,林口,2018-11-23,39,4.0,3.0,nan,27.0,30.0,39.0,27.0
10,淡水,2018-11-23,38,3.0,7.0,nan,17.0,20.0,38.0,35.0
11,士林,2018-11-23,40,6.0,2.0,nan,20.0,18.0,40.0,26.0
12,中山,2018-11-23,40,6.0,7.0,nan,26.0,37.0,32.0,40.0
13,萬華,2018-11-23,33,4.0,6.0,nan,22.0,33.0,33.0,28.0
14,古亭,2018-11-23,42,4.0,5.0,nan,23.0,24.0,38.0,42.0
15,松山,2018-11-23,41,6.0,5.0,nan,20.0,34.0,36.0,41.0
16,大同,2018-11-23,42,7.0,16.0,nan,27.0,42.0,nan,36.0
18,大園,2018-11-23,36,7.0,3.0,nan,19.0,26.0,36.0,35.0
19,觀音,2018-11-23,54,17.0,3.0,nan,26.0,23.0,33.0,54.0
20,平鎮,2018-11-23,39,4.0,6.0,nan,22.0,24.0,39.0,27.0
21,龍潭,2018-11-23,40,6.0,3.0,nan,17.0,21.0,40.0,27.0
22,湖口,2018-11-23,39,4.0,3.0,nan,22.0,18.0,39.0,37.0
23,竹東,2018-11-23,33,7.0,3.0,nan,13.0,14.0,33.0,24.0
24,新竹,2018-11-23,39,4.0,3.0,nan,21.0,17.0,35.0,39.0
25,頭份,2018-11-23,35,3.0,5.0,nan,18.0,25.0,nan,35.0
26,苗栗,2018-11-23,37,3.0,6.0,nan,15.0,25.0,32.0,37.0
27,三義,2018-11-23,33,3.0,2.0,nan,13.0,7.0,33.0,31.0
28,豐原,2018-11-23,35,13.0,6.0,nan,nan,20.0,35.0,35.0
29,沙鹿,2018-11-23,37,7.0,3.0,nan,12.0,21.0,37.0,23.0
30,大里,2018-11-23,41,7.0,7.0,nan,31.0,29.0,41.0,21.0
31,忠明,2018-11-23,37,6.0,7.0,nan,19.0,27.0,36.0,37.0
32,西屯,2018-11-23,38,4.0,3.0,nan,29.0,21.0,38.0,36.0
33,彰化,2018-11-23,31,6.0,6.0,nan,19.0,25.0,31.0,25.0
35,二林,2018-11-23,45,10.0,5.0,nan,39.0,20.0,33.0,45.0
36,南投,2018-11-23,64,6.0,7.0,nan,42.0,30.0,44.0,64.0
37,斗六,2018-11-23,81,7.0,6.0,nan,49.0,27.0,71.0,81.0
38,崙背,2018-11-23,46,27.0,5.0,nan,46.0,24.0,34.0,45.0
39,新港,2018-11-23,54,19.0,5.0,nan,51.0,21.0,41.0,54.0
40,朴子,2018-11-23,51,7.0,3.0,nan,51.0,19.0,44.0,47.0
41,臺西,2018-11-23,38,10.0,5.0,nan,31.0,19.0,nan,38.0
42,嘉義,2018-11-23,66,21.0,7.0,nan,49.0,34.0,44.0,66.0
43,新營,2018-11-23,76,10.0,5.0,nan,53.0,25.0,39.0,76.0
44,善化,2018-11-23,56,9.0,5.0,nan,54.0,24.0,44.0,56.0
45,安南,2018-11-23,56,10.0,5.0,nan,56.0,29.0,54.0,50.0
46,臺南,2018-11-23,60,10.0,6.0,nan,56.0,30.0,48.0,60.0
47,美濃,2018-11-23,59,7.0,6.0,nan,59.0,14.0,51.0,58.0
48,橋頭,2018-11-23,99,9.0,6.0,nan,61.0,27.0,54.0,99.0
49,仁武,2018-11-23,68,14.0,7.0,nan,57.0,39.0,61.0,68.0
50,鳳山,2018-11-23,89,13.0,7.0,nan,64.0,38.0,nan,89.0
51,大寮,2018-11-23,100,7.0,7.0,nan,62.0,29.0,100.0,91.0
52,林園,2018-11-23,126,14.0,7.0,nan,78.0,42.0,126.0,111.0
53,楠梓,2018-11-23,88,6.0,6.0,nan,58.0,27.0,67.0,88.0
54,左營,2018-11-23,77,9.0,7.0,nan,58.0,37.0,77.0,67.0
56,前金,2018-11-23,79,9.0,7.0,nan,58.0,34.0,74.0,79.0
57,前鎮,2018-11-23,77,9.0,9.0,nan,64.0,37.0,nan,77.0
59,屏東,2018-11-23,78,6.0,7.0,nan,62.0,24.0,64.0,78.0
60,潮州,2018-11-23,154,7.0,7.0,nan,74.0,25.0,154.0,96.0
61,恆春,2018-11-23,46,3.0,2.0,nan,3.0,3.0,46.0,17.0
62,臺東,2018-11-23,32,3.0,5.0,nan,10.0,8.0,32.0,16.0
63,花蓮,2018-11-23,31,4.0,5.0,nan,17.0,20.0,31.0,12.0
64,陽明,2018-11-23,42,3.0,1.0,nan,6.0,1.0,42.0,5.0
65,宜蘭,2018-11-23,42,3.0,2.0,nan,10.0,9.0,42.0,36.0
66,冬山,2018-11-23,42,1.0,2.0,nan,6.0,12.0,42.0,6.0
67,三重,2018-11-23,39,6.0,15.0,nan,38.0,39.0,nan,33.0
69,竹山,2018-11-23,93,4.0,6.0,nan,50.0,25.0,93.0,85.0
70,永和,2018-11-23,29,6.0,6.0,nan,18.0,25.0,nan,29.0
71,復興,2018-11-23,89,9.0,10.0,nan,62.0,36.0,nan,89.0
72,埔里,2018-11-23,72,7.0,8.0,nan,52.0,34.0,64.0,72.0
75,馬祖,2018-11-23,66,3.0,3.0,nan,44.0,5.0,47.0,66.0
77,金門,2018-11-23,66,9.0,3.0,nan,46.0,14.0,51.0,66.0
78,馬公,2018-11-23,48,1.0,2.0,nan,29.0,2.0,48.0,40.0
80,關山,2018-11-23,34,4.0,nan,nan,16.0,nan,33.0,34.0
83,麥寮,2018-11-23,51,6.0,5.0,nan,51.0,18.0,nan,51.0
84,富貴角,2018-11-23,47,1.0,1.0,nan,47.0,1.0,44.0,40.0
17,桃園,2018-11-24,31,9.0,5.0,nan,20.0,15.0,31.0,31.0
84,富貴角,2018-11-24,39,3.0,1.0,nan,31.0,4.0,39.0,21.0
83,麥寮,2018-11-24,67,10.0,5.0,nan,46.0,19.0,nan,67.0
80,關山,2018-11-24,30,6.0,nan,nan,12.0,6.0,30.0,29.0
78,馬公,2018-11-24,51,4.0,2.0,nan,25.0,3.0,51.0,43.0
77,金門,2018-11-24,56,10.0,3.0,nan,43.0,19.0,48.0,56.0
75,馬祖,2018-11-24,55,6.0,3.0,nan,33.0,5.0,45.0,55.0
72,埔里,2018-11-24,84,6.0,7.0,nan,40.0,26.0,84.0,62.0
71,復興,2018-11-24,93,11.0,9.0,nan,57.0,33.0,nan,93.0
70,永和,2018-11-24,25,4.0,5.0,nan,15.0,15.0,nan,25.0
69,竹山,2018-11-24,87,10.0,6.0,nan,44.0,17.0,87.0,86.0
67,三重,2018-11-24,36,6.0,15.0,nan,36.0,33.0,nan,26.0
66,冬山,2018-11-24,26,4.0,3.0,nan,8.0,19.0,26.0,14.0
65,宜蘭,2018-11-24,40,4.0,5.0,nan,12.0,13.0,28.0,40.0
64,陽明,2018-11-24,40,6.0,2.0,nan,12.0,2.0,40.0,18.0
63,花蓮,2018-11-24,34,3.0,3.0,nan,17.0,12.0,34.0,18.0
62,臺東,2018-11-24,30,3.0,3.0,nan,10.0,5.0,30.0,11.0
61,恆春,2018-11-24,43,4.0,1.0,nan,6.0,2.0,43.0,19.0
60,潮州,2018-11-24,126,11.0,5.0,nan,59.0,18.0,126.0,82.0
59,屏東,2018-11-24,101,7.0,8.0,nan,59.0,25.0,101.0,97.0
58,小港,2018-11-24,104,13.0,7.0,nan,56.0,32.0,104.0,85.0
57,前鎮,2018-11-24,81,10.0,8.0,nan,54.0,33.0,nan,81.0
56,前金,2018-11-24,126,10.0,7.0,nan,52.0,36.0,126.0,84.0
54,左營,2018-11-24,136,9.0,7.0,nan,52.0,32.0,136.0,73.0
53,楠梓,2018-11-24,115,7.0,6.0,nan,55.0,25.0,115.0,106.0
52,林園,2018-11-24,151,16.0,6.0,nan,70.0,31.0,151.0,121.0
51,大寮,2018-11-24,136,16.0,6.0,nan,55.0,28.0,136.0,103.0
50,鳳山,2018-11-24,80,16.0,8.0,nan,54.0,33.0,nan,80.0
49,仁武,2018-11-24,115,7.0,6.0,nan,53.0,27.0,115.0,72.0
48,橋頭,2018-11-24,109,7.0,6.0,nan,59.0,27.0,101.0,109.0
47,美濃,2018-11-24,67,4.0,5.0,nan,52.0,16.0,67.0,67.0
46,臺南,2018-11-24,93,10.0,7.0,nan,54.0,31.0,93.0,74.0
45,安南,2018-11-24,112,11.0,6.0,nan,57.0,30.0,112.0,79.0
44,善化,2018-11-24,77,10.0,5.0,nan,57.0,26.0,74.0,77.0
43,新營,2018-11-24,95,9.0,6.0,nan,54.0,24.0,58.0,95.0
42,嘉義,2018-11-24,80,7.0,6.0,nan,47.0,25.0,80.0,76.0
41,臺西,2018-11-24,53,9.0,5.0,nan,36.0,20.0,nan,53.0
40,朴子,2018-11-24,71,7.0,5.0,nan,54.0,20.0,71.0,71.0
39,新港,2018-11-24,84,7.0,6.0,nan,59.0,21.0,71.0,84.0
38,崙背,2018-11-24,67,10.0,6.0,nan,50.0,19.0,49.0,67.0
37,斗六,2018-11-24,94,11.0,7.0,nan,52.0,24.0,90.0,94.0
36,南投,2018-11-24,67,13.0,7.0,nan,39.0,25.0,48.0,67.0
35,二林,2018-11-24,57,13.0,6.0,nan,53.0,21.0,46.0,57.0
33,彰化,2018-11-24,54,27.0,8.0,nan,36.0,25.0,45.0,54.0
32,西屯,2018-11-24,58,4.0,7.0,nan,44.0,35.0,58.0,57.0
31,忠明,2018-11-24,58,6.0,8.0,nan,34.0,37.0,51.0,58.0
30,大里,2018-11-24,64,4.0,9.0,nan,39.0,36.0,64.0,37.0
29,沙鹿,2018-11-24,57,6.0,9.0,nan,32.0,42.0,48.0,57.0
28,豐原,2018-11-24,54,4.0,5.0,nan,29.0,18.0,54.0,39.0
27,三義,2018-11-24,71,26.0,3.0,nan,30.0,10.0,64.0,71.0
26,苗栗,2018-11-24,61,6.0,9.0,nan,28.0,30.0,35.0,61.0
25,頭份,2018-11-24,31,3.0,3.0,nan,16.0,17.0,nan,31.0
24,新竹,2018-11-24,34,3.0,3.0,nan,15.0,21.0,34.0,33.0
23,竹東,2018-11-24,31,7.0,5.0,nan,15.0,13.0,31.0,29.0
22,湖口,2018-11-24,39,4.0,3.0,nan,18.0,10.0,39.0,28.0
21,龍潭,2018-11-24,35,4.0,3.0,nan,14.0,12.0,35.0,33.0
20,平鎮,2018-11-24,37,6.0,3.0,nan,19.0,11.0,37.0,26.0
19,觀音,2018-11-24,43,10.0,3.0,nan,19.0,17.0,36.0,43.0
18,大園,2018-11-24,36,4.0,3.0,nan,15.0,19.0,36.0,28.0
16,大同,2018-11-24,35,4.0,9.0,nan,19.0,35.0,nan,23.0
15,松山,2018-11-24,31,3.0,3.0,nan,16.0,24.0,31.0,28.0
14,古亭,2018-11-24,36,3.0,3.0,nan,20.0,15.0,32.0,36.0
13,萬華,2018-11-24,29,3.0,3.0,nan,19.0,23.0,29.0,26.0
12,中山,2018-11-24,31,4.0,6.0,nan,21.0,26.0,31.0,31.0
11,士林,2018-11-24,36,6.0,2.0,nan,19.0,9.0,36.0,24.0
10,淡水,2018-11-24,39,6.0,3.0,nan,16.0,18.0,39.0,33.0
9,林口,2018-11-24,37,6.0,2.0,nan,22.0,10.0,37.0,16.0
8,菜寮,2018-11-24,27,6.0,5.0,nan,19.0,15.0,27.0,22.0
7,新莊,2018-11-24,35,4.0,3.0,nan,20.0,15.0,35.0,22.0
6,板橋,2018-11-24,32,3.0,6.0,nan,17.0,27.0,29.0,32.0
5,土城,2018-11-24,42,3.0,5.0,nan,19.0,14.0,34.0,42.0
4,新店,2018-11-24,33,1.0,3.0,nan,12.0,13.0,33.0,21.0
3,萬里,2018-11-24,36,13.0,2.0,nan,21.0,16.0,36.0,28.0
2,汐止,2018-11-24,35,4.0,3.0,nan,12.0,19.0,35.0,17.0
1,基隆,2018-11-24,29,3.0,5.0,nan,20.0,17.0,29.0,27.0
68,中壢,2018-11-24,25,6.0,14.0,nan,20.0,25.0,nan,13.0
34,線西,2018-11-24,53,11.0,6.0,nan,37.0,26.0,nan,53.0
17,桃園,2018-11-25,67,10.0,7.0,nan,37.0,26.0,36.0,67.0
84,富貴角,2018-11-25,42,6.0,3.0,nan,30.0,10.0,42.0,39.0
83,麥寮,2018-11-25,93,16.0,5.0,nan,49.0,18.0,nan,93.0
80,關山,2018-11-25,34,3.0,nan,nan,14.0,5.0,28.0,34.0
78,馬公,2018-11-25,44,4.0,2.0,nan,22.0,10.0,44.0,38.0
77,金門,2018-11-25,53,7.0,3.0,nan,40.0,20.0,43.0,53.0
75,馬祖,2018-11-25,55,4.0,2.0,nan,35.0,7.0,34.0,55.0
72,埔里,2018-11-25,49,3.0,5.0,nan,30.0,17.0,41.0,49.0
71,復興,2018-11-25,84,13.0,8.0,nan,48.0,23.0,nan,84.0
70,永和,2018-11-25,38,4.0,8.0,nan,20.0,34.0,nan,38.0
69,竹山,2018-11-25,90,7.0,3.0,nan,43.0,14.0,77.0,90.0
68,中壢,2018-11-25,56,9.0,15.0,nan,48.0,49.0,nan,56.0
67,三重,2018-11-25,48,10.0,19.0,nan,41.0,48.0,nan,39.0
66,冬山,2018-11-25,36,4.0,2.0,nan,21.0,14.0,36.0,23.0
65,宜蘭,2018-11-25,49,3.0,3.0,nan,20.0,12.0,39.0,49.0
64,陽明,2018-11-25,39,7.0,2.0,nan,17.0,10.0,39.0,26.0
63,花蓮,2018-11-25,36,4.0,3.0,nan,21.0,19.0,36.0,16.0
62,臺東,2018-11-25,30,3.0,3.0,nan,16.0,10.0,30.0,27.0
61,恆春,2018-11-25,44,3.0,1.0,nan,13.0,2.0,44.0,25.0
60,潮州,2018-11-25,105,16.0,7.0,nan,62.0,16.0,104.0,105.0
59,屏東,2018-11-25,96,9.0,6.0,nan,52.0,23.0,77.0,96.0
58,小港,2018-11-25,71,14.0,6.0,nan,50.0,28.0,67.0,71.0
57,前鎮,2018-11-25,75,17.0,7.0,nan,49.0,31.0,nan,75.0
56,前金,2018-11-25,84,13.0,7.0,nan,45.0,20.0,84.0,82.0
54,左營,2018-11-25,87,10.0,7.0,nan,45.0,23.0,87.0,73.0
53,楠梓,2018-11-25,87,9.0,6.0,nan,44.0,19.0,80.0,87.0
52,林園,2018-11-25,126,33.0,6.0,nan,59.0,19.0,126.0,105.0
51,大寮,2018-11-25,101,34.0,6.0,nan,51.0,26.0,87.0,101.0
50,鳳山,2018-11-25,77,10.0,7.0,nan,47.0,21.0,nan,77.0
49,仁武,2018-11-25,87,14.0,6.0,nan,44.0,29.0,87.0,66.0
48,橋頭,2018-11-25,83,7.0,5.0,nan,46.0,18.0,71.0,83.0
47,美濃,2018-11-25,70,6.0,5.0,nan,50.0,11.0,64.0,70.0
46,臺南,2018-11-25,64,6.0,6.0,nan,45.0,24.0,64.0,62.0
45,安南,2018-11-25,67,6.0,5.0,nan,46.0,14.0,67.0,61.0
44,善化,2018-11-25,65,33.0,3.0,nan,43.0,15.0,48.0,65.0
43,新營,2018-11-25,94,7.0,5.0,nan,46.0,16.0,42.0,94.0
42,嘉義,2018-11-25,61,7.0,5.0,nan,42.0,18.0,61.0,58.0
41,臺西,2018-11-25,80,10.0,3.0,nan,46.0,24.0,nan,80.0
40,朴子,2018-11-25,66,7.0,5.0,nan,47.0,13.0,43.0,66.0
39,新港,2018-11-25,85,13.0,6.0,nan,56.0,23.0,45.0,85.0
38,崙背,2018-11-25,91,16.0,6.0,nan,65.0,20.0,37.0,91.0
37,斗六,2018-11-25,98,13.0,5.0,nan,49.0,18.0,74.0,98.0
36,南投,2018-11-25,76,7.0,6.0,nan,40.0,23.0,45.0,76.0
35,二林,2018-11-25,88,10.0,5.0,nan,66.0,19.0,37.0,88.0
33,彰化,2018-11-25,77,11.0,6.0,nan,35.0,20.0,46.0,77.0
32,西屯,2018-11-25,65,7.0,7.0,nan,42.0,27.0,45.0,65.0
31,忠明,2018-11-25,68,6.0,8.0,nan,31.0,31.0,42.0,68.0
30,大里,2018-11-25,44,9.0,6.0,nan,32.0,32.0,44.0,34.0
29,沙鹿,2018-11-25,64,19.0,8.0,nan,33.0,38.0,43.0,64.0
28,豐原,2018-11-25,60,10.0,6.0,nan,34.0,22.0,45.0,60.0
27,三義,2018-11-25,70,14.0,5.0,nan,29.0,16.0,44.0,70.0
26,苗栗,2018-11-25,89,7.0,8.0,nan,40.0,30.0,38.0,89.0
25,頭份,2018-11-25,87,11.0,7.0,nan,46.0,33.0,nan,87.0
24,新竹,2018-11-25,95,10.0,8.0,nan,45.0,30.0,44.0,95.0
23,竹東,2018-11-25,60,7.0,6.0,nan,32.0,25.0,39.0,60.0
22,湖口,2018-11-25,76,9.0,6.0,nan,43.0,23.0,67.0,76.0
21,龍潭,2018-11-25,68,7.0,7.0,nan,35.0,27.0,44.0,68.0
20,平鎮,2018-11-25,83,7.0,7.0,nan,46.0,33.0,49.0,83.0
19,觀音,2018-11-25,82,10.0,5.0,nan,38.0,14.0,50.0,82.0
18,大園,2018-11-25,68,9.0,6.0,nan,37.0,20.0,64.0,68.0
16,大同,2018-11-25,46,9.0,20.0,nan,31.0,46.0,nan,33.0
15,松山,2018-11-25,42,7.0,9.0,nan,25.0,42.0,37.0,41.0
14,古亭,2018-11-25,52,7.0,7.0,nan,28.0,36.0,36.0,52.0
13,萬華,2018-11-25,40,10.0,9.0,nan,26.0,40.0,31.0,33.0
12,中山,2018-11-25,43,9.0,9.0,nan,31.0,43.0,31.0,40.0
11,士林,2018-11-25,39,7.0,6.0,nan,28.0,33.0,39.0,37.0
10,淡水,2018-11-25,43,6.0,5.0,nan,22.0,24.0,43.0,43.0
9,林口,2018-11-25,48,9.0,6.0,nan,36.0,26.0,41.0,48.0
8,菜寮,2018-11-25,37,9.0,8.0,nan,28.0,37.0,31.0,36.0
7,新莊,2018-11-25,43,10.0,8.0,nan,32.0,31.0,39.0,43.0
6,板橋,2018-11-25,51,13.0,8.0,nan,28.0,36.0,32.0,51.0
5,土城,2018-11-25,57,3.0,7.0,nan,27.0,28.0,39.0,57.0
4,新店,2018-11-25,41,3.0,3.0,nan,16.0,17.0,41.0,22.0
3,萬里,2018-11-25,37,13.0,3.0,nan,19.0,17.0,37.0,35.0
2,汐止,2018-11-25,39,7.0,9.0,nan,20.0,27.0,39.0,26.0
1,基隆,2018-11-25,36,4.0,6.0,nan,21.0,26.0,36.0,32.0
34,線西,2018-11-25,79,11.0,5.0,nan,40.0,24.0,nan,79.0
83,麥寮,2018-11-26,57,3.0,3.0,nan,26.0,19.0,nan,57.0
17,桃園,2018-11-26,35,17.0,7.0,nan,23.0,30.0,21.0,35.0
34,線西,2018-11-26,57,7.0,6.0,nan,27.0,31.0,nan,57.0
1,基隆,2018-11-26,39,13.0,6.0,nan,25.0,25.0,35.0,39.0
2,汐止,2018-11-26,39,4.0,7.0,nan,20.0,30.0,23.0,39.0
3,萬里,2018-11-26,43,7.0,2.0,nan,23.0,7.0,43.0,34.0
4,新店,2018-11-26,41,6.0,7.0,nan,15.0,41.0,20.0,24.0
5,土城,2018-11-26,62,11.0,9.0,nan,28.0,39.0,18.0,62.0
6,板橋,2018-11-26,55,7.0,9.0,nan,23.0,43.0,14.0,55.0
7,新莊,2018-11-26,41,11.0,8.0,nan,27.0,39.0,23.0,41.0
8,菜寮,2018-11-26,37,3.0,8.0,nan,23.0,37.0,14.0,33.0
9,林口,2018-11-26,34,6.0,6.0,nan,27.0,33.0,32.0,34.0
10,淡水,2018-11-26,51,3.0,6.0,nan,20.0,27.0,34.0,51.0
11,士林,2018-11-26,41,3.0,6.0,nan,23.0,40.0,15.0,41.0
12,中山,2018-11-26,42,6.0,11.0,nan,27.0,42.0,10.0,42.0
13,萬華,2018-11-26,38,3.0,8.0,nan,19.0,38.0,13.0,28.0
14,古亭,2018-11-26,46,3.0,8.0,nan,22.0,40.0,18.0,46.0
15,松山,2018-11-26,44,4.0,9.0,nan,20.0,37.0,14.0,44.0
16,大同,2018-11-26,48,7.0,20.0,nan,28.0,48.0,nan,36.0
18,大園,2018-11-26,38,11.0,5.0,nan,19.0,25.0,35.0,38.0
19,觀音,2018-11-26,53,16.0,3.0,nan,23.0,26.0,33.0,53.0
20,平鎮,2018-11-26,37,4.0,5.0,nan,20.0,32.0,21.0,37.0
21,龍潭,2018-11-26,40,7.0,5.0,nan,18.0,33.0,21.0,40.0
22,湖口,2018-11-26,39,4.0,3.0,nan,20.0,21.0,32.0,39.0
23,竹東,2018-11-26,30,4.0,5.0,nan,17.0,22.0,19.0,30.0
24,新竹,2018-11-26,48,4.0,5.0,nan,20.0,32.0,21.0,48.0
25,頭份,2018-11-26,33,6.0,3.0,nan,16.0,26.0,nan,33.0
26,苗栗,2018-11-26,53,6.0,5.0,nan,21.0,25.0,18.0,53.0
27,三義,2018-11-26,39,3.0,2.0,nan,16.0,16.0,31.0,39.0
28,豐原,2018-11-26,29,3.0,2.0,nan,14.0,22.0,29.0,25.0
29,沙鹿,2018-11-26,32,6.0,5.0,nan,16.0,30.0,24.0,32.0
30,大里,2018-11-26,38,7.0,7.0,nan,22.0,38.0,8.0,25.0
31,忠明,2018-11-26,39,7.0,8.0,nan,20.0,33.0,15.0,39.0
32,西屯,2018-11-26,36,6.0,7.0,nan,29.0,30.0,20.0,36.0
33,彰化,2018-11-26,40,9.0,8.0,nan,21.0,40.0,15.0,38.0
35,二林,2018-11-26,50,11.0,3.0,nan,34.0,21.0,22.0,50.0
36,南投,2018-11-26,38,7.0,7.0,nan,23.0,38.0,14.0,32.0
37,斗六,2018-11-26,37,6.0,5.0,nan,17.0,30.0,22.0,37.0
38,崙背,2018-11-26,43,6.0,3.0,nan,21.0,20.0,23.0,43.0
39,新港,2018-11-26,45,6.0,3.0,nan,29.0,19.0,25.0,45.0
40,朴子,2018-11-26,31,4.0,2.0,nan,24.0,15.0,29.0,31.0
41,臺西,2018-11-26,45,13.0,3.0,nan,18.0,25.0,nan,45.0
42,嘉義,2018-11-26,29,13.0,6.0,nan,22.0,29.0,21.0,29.0
43,新營,2018-11-26,62,4.0,3.0,nan,26.0,22.0,21.0,62.0
44,善化,2018-11-26,41,11.0,3.0,nan,27.0,19.0,23.0,41.0
45,安南,2018-11-26,39,4.0,3.0,nan,30.0,22.0,25.0,39.0
46,臺南,2018-11-26,34,6.0,5.0,nan,30.0,24.0,26.0,34.0
47,美濃,2018-11-26,32,3.0,3.0,nan,31.0,11.0,27.0,32.0
48,橋頭,2018-11-26,48,4.0,5.0,nan,26.0,25.0,26.0,48.0
49,仁武,2018-11-26,28,17.0,5.0,nan,25.0,28.0,24.0,21.0
50,鳳山,2018-11-26,42,6.0,5.0,nan,26.0,31.0,nan,42.0
51,大寮,2018-11-26,48,17.0,5.0,nan,28.0,31.0,26.0,48.0
52,林園,2018-11-26,44,10.0,3.0,nan,30.0,31.0,29.0,44.0
53,楠梓,2018-11-26,45,4.0,3.0,nan,23.0,23.0,26.0,45.0
54,左營,2018-11-26,36,4.0,6.0,nan,22.0,25.0,29.0,36.0
56,前金,2018-11-26,29,6.0,6.0,nan,23.0,29.0,29.0,27.0
57,前鎮,2018-11-26,35,7.0,8.0,nan,25.0,35.0,nan,28.0
58,小港,2018-11-26,35,17.0,6.0,nan,29.0,35.0,25.0,33.0
59,屏東,2018-11-26,43,4.0,3.0,nan,21.0,19.0,26.0,43.0
60,潮州,2018-11-26,56,3.0,3.0,nan,36.0,24.0,27.0,56.0
61,恆春,2018-11-26,40,3.0,1.0,nan,5.0,2.0,40.0,15.0
62,臺東,2018-11-26,27,1.0,3.0,nan,15.0,8.0,27.0,9.0
63,花蓮,2018-11-26,22,3.0,3.0,nan,15.0,14.0,22.0,7.0
64,陽明,2018-11-26,38,3.0,1.0,nan,7.0,10.0,38.0,16.0
65,宜蘭,2018-11-26,33,4.0,6.0,nan,13.0,21.0,31.0,33.0
66,冬山,2018-11-26,25,4.0,3.0,nan,19.0,25.0,25.0,15.0
67,三重,2018-11-26,50,7.0,20.0,nan,37.0,50.0,nan,40.0
68,中壢,2018-11-26,36,4.0,15.0,nan,25.0,36.0,nan,21.0
69,竹山,2018-11-26,31,4.0,3.0,nan,19.0,27.0,23.0,31.0
70,永和,2018-11-26,35,3.0,10.0,nan,15.0,35.0,nan,31.0
71,復興,2018-11-26,38,9.0,11.0,nan,24.0,34.0,nan,38.0
72,埔里,2018-11-26,28,6.0,3.0,nan,21.0,21.0,17.0,28.0
75,馬祖,2018-11-26,43,3.0,2.0,nan,22.0,5.0,31.0,43.0
77,金門,2018-11-26,55,9.0,5.0,nan,24.0,22.0,34.0,55.0
78,馬公,2018-11-26,43,3.0,2.0,nan,7.0,11.0,43.0,23.0
80,關山,2018-11-26,28,3.0,nan,nan,13.0,10.0,28.0,23.0
84,富貴角,2018-11-26,40,1.0,2.0,nan,28.0,7.0,40.0,25.0
17,桃園,2018-11-27,36,14.0,6.0,nan,28.0,26.0,26.0,36.0
84,富貴角,2018-11-27,49,1.0,1.0,nan,35.0,2.0,49.0,31.0
83,麥寮,2018-11-27,61,11.0,5.0,nan,35.0,17.0,nan,61.0
80,關山,2018-11-27,30,4.0,nan,nan,19.0,7.0,27.0,30.0
78,馬公,2018-11-27,61,3.0,2.0,nan,28.0,4.0,61.0,49.0
77,金門,2018-11-27,81,16.0,5.0,nan,47.0,18.0,61.0,81.0
75,馬祖,2018-11-27,76,3.0,2.0,nan,37.0,5.0,46.0,76.0
72,埔里,2018-11-27,25,6.0,6.0,nan,25.0,24.0,23.0,23.0
71,復興,2018-11-27,108,14.0,12.0,nan,57.0,44.0,nan,108.0
70,永和,2018-11-27,30,4.0,6.0,nan,20.0,23.0,nan,30.0
69,竹山,2018-11-27,59,4.0,5.0,nan,33.0,29.0,35.0,59.0
68,中壢,2018-11-27,41,6.0,15.0,nan,33.0,41.0,nan,28.0
67,三重,2018-11-27,43,6.0,18.0,nan,34.0,43.0,nan,28.0
66,冬山,2018-11-27,31,3.0,2.0,nan,22.0,18.0,31.0,18.0
65,宜蘭,2018-11-27,41,3.0,3.0,nan,19.0,15.0,34.0,41.0
64,陽明,2018-11-27,45,3.0,2.0,nan,8.0,2.0,45.0,12.0
63,花蓮,2018-11-27,26,3.0,6.0,nan,25.0,26.0,25.0,18.0
62,臺東,2018-11-27,28,1.0,3.0,nan,16.0,8.0,28.0,21.0
61,恆春,2018-11-27,42,3.0,1.0,nan,8.0,2.0,42.0,18.0
60,潮州,2018-11-27,61,13.0,5.0,nan,34.0,19.0,61.0,55.0
59,屏東,2018-11-27,74,9.0,8.0,nan,36.0,30.0,47.0,74.0
58,小港,2018-11-27,85,29.0,8.0,nan,53.0,55.0,43.0,85.0
57,前鎮,2018-11-27,94,14.0,11.0,nan,58.0,44.0,nan,94.0
56,前金,2018-11-27,97,9.0,7.0,nan,57.0,33.0,48.0,97.0
54,左營,2018-11-27,79,6.0,7.0,nan,55.0,34.0,44.0,79.0
53,楠梓,2018-11-27,97,6.0,6.0,nan,50.0,34.0,39.0,97.0
52,林園,2018-11-27,97,24.0,6.0,nan,57.0,27.0,84.0,97.0
51,大寮,2018-11-27,97,16.0,6.0,nan,52.0,30.0,42.0,97.0
50,鳳山,2018-11-27,89,13.0,8.0,nan,52.0,42.0,nan,89.0
49,仁武,2018-11-27,79,14.0,6.0,nan,54.0,35.0,42.0,79.0
48,橋頭,2018-11-27,118,7.0,6.0,nan,58.0,35.0,37.0,118.0
47,美濃,2018-11-27,40,3.0,3.0,nan,30.0,15.0,40.0,32.0
46,臺南,2018-11-27,75,6.0,6.0,nan,51.0,27.0,41.0,75.0
45,安南,2018-11-27,71,6.0,5.0,nan,52.0,23.0,45.0,71.0
44,善化,2018-11-27,77,6.0,5.0,nan,52.0,23.0,36.0,77.0
43,新營,2018-11-27,86,6.0,5.0,nan,46.0,25.0,33.0,86.0
42,嘉義,2018-11-27,72,17.0,7.0,nan,51.0,35.0,34.0,72.0
41,臺西,2018-11-27,48,13.0,3.0,nan,31.0,21.0,nan,48.0
40,朴子,2018-11-27,66,9.0,3.0,nan,42.0,23.0,43.0,66.0
39,新港,2018-11-27,65,9.0,5.0,nan,44.0,20.0,39.0,65.0
38,崙背,2018-11-27,52,7.0,5.0,nan,34.0,21.0,35.0,52.0
37,斗六,2018-11-27,66,6.0,5.0,nan,38.0,28.0,41.0,66.0
36,南投,2018-11-27,55,3.0,6.0,nan,35.0,35.0,23.0,55.0
35,二林,2018-11-27,49,10.0,3.0,nan,39.0,18.0,35.0,49.0
33,彰化,2018-11-27,36,6.0,6.0,nan,24.0,31.0,32.0,36.0
32,西屯,2018-11-27,38,4.0,2.0,nan,29.0,20.0,35.0,38.0
31,忠明,2018-11-27,30,3.0,nan,nan,19.0,22.0,30.0,30.0
30,大里,2018-11-27,30,3.0,6.0,nan,24.0,30.0,30.0,17.0
29,沙鹿,2018-11-27,39,3.0,3.0,nan,19.0,22.0,39.0,32.0
28,豐原,2018-11-27,34,4.0,2.0,nan,19.0,11.0,34.0,30.0
27,三義,2018-11-27,44,6.0,2.0,nan,19.0,9.0,38.0,44.0
26,苗栗,2018-11-27,54,4.0,3.0,nan,24.0,17.0,31.0,54.0
25,頭份,2018-11-27,41,4.0,3.0,nan,26.0,20.0,nan,41.0
24,新竹,2018-11-27,55,6.0,5.0,nan,30.0,24.0,29.0,55.0
23,竹東,2018-11-27,33,3.0,2.0,nan,20.0,12.0,31.0,33.0
22,湖口,2018-11-27,46,4.0,3.0,nan,28.0,19.0,38.0,46.0
21,龍潭,2018-11-27,38,4.0,3.0,nan,26.0,20.0,37.0,38.0
20,平鎮,2018-11-27,44,6.0,6.0,nan,31.0,26.0,31.0,44.0
19,觀音,2018-11-27,54,19.0,2.0,nan,29.0,16.0,37.0,54.0
18,大園,2018-11-27,38,7.0,2.0,nan,23.0,20.0,38.0,32.0
16,大同,2018-11-27,43,6.0,12.0,nan,30.0,43.0,nan,34.0
15,松山,2018-11-27,39,6.0,6.0,nan,22.0,39.0,24.0,38.0
14,古亭,2018-11-27,47,6.0,5.0,nan,29.0,26.0,28.0,47.0
13,萬華,2018-11-27,34,3.0,5.0,nan,25.0,34.0,26.0,26.0
12,中山,2018-11-27,38,3.0,7.0,nan,25.0,38.0,26.0,35.0
11,士林,2018-11-27,37,3.0,3.0,nan,22.0,24.0,37.0,31.0
10,淡水,2018-11-27,42,4.0,3.0,nan,19.0,16.0,42.0,33.0
9,林口,2018-11-27,32,4.0,5.0,nan,32.0,30.0,29.0,30.0
8,菜寮,2018-11-27,28,3.0,6.0,nan,22.0,24.0,27.0,28.0
7,新莊,2018-11-27,31,4.0,6.0,nan,26.0,28.0,31.0,31.0
6,板橋,2018-11-27,40,4.0,6.0,nan,26.0,33.0,24.0,40.0
5,土城,2018-11-27,50,6.0,3.0,nan,26.0,21.0,31.0,50.0
4,新店,2018-11-27,33,6.0,3.0,nan,26.0,23.0,33.0,29.0
3,萬里,2018-11-27,49,6.0,2.0,nan,44.0,9.0,49.0,32.0
2,汐止,2018-11-27,37,10.0,5.0,nan,21.0,37.0,23.0,22.0
1,基隆,2018-11-27,40,1.0,3.0,nan,24.0,13.0,40.0,28.0
34,線西,2018-11-27,46,10.0,5.0,nan,31.0,20.0,nan,46.0
17,桃園,2018-11-28,54,11.0,7.0,nan,33.0,33.0,27.0,54.0
84,富貴角,2018-11-28,71,1.0,2.0,nan,41.0,3.0,71.0,43.0
83,麥寮,2018-11-28,64,10.0,5.0,nan,33.0,24.0,nan,64.0
80,關山,2018-11-28,27,3.0,nan,nan,10.0,5.0,27.0,24.0
78,馬公,2018-11-28,51,3.0,2.0,nan,22.0,5.0,51.0,38.0
77,金門,2018-11-28,82,14.0,5.0,nan,59.0,23.0,39.0,82.0
75,馬祖,2018-11-28,93,6.0,3.0,nan,48.0,8.0,93.0,92.0
72,埔里,2018-11-28,30,4.0,6.0,nan,22.0,21.0,16.0,30.0
71,復興,2018-11-28,93,9.0,12.0,nan,57.0,37.0,nan,93.0
70,永和,2018-11-28,46,4.0,8.0,nan,23.0,28.0,nan,46.0
69,竹山,2018-11-28,63,6.0,5.0,nan,33.0,26.0,19.0,63.0
68,中壢,2018-11-28,42,7.0,15.0,nan,40.0,42.0,nan,42.0
67,三重,2018-11-28,50,7.0,17.0,nan,47.0,50.0,nan,44.0
66,冬山,2018-11-28,35,4.0,2.0,nan,25.0,18.0,35.0,32.0
65,宜蘭,2018-11-28,45,3.0,3.0,nan,21.0,13.0,36.0,45.0
64,陽明,2018-11-28,51,3.0,2.0,nan,16.0,3.0,51.0,29.0
63,花蓮,2018-11-28,32,4.0,5.0,nan,29.0,22.0,32.0,28.0
62,臺東,2018-11-28,29,1.0,3.0,nan,10.0,8.0,29.0,17.0
61,恆春,2018-11-28,44,3.0,1.0,nan,5.0,2.0,44.0,19.0
60,潮州,2018-11-28,93,7.0,6.0,nan,60.0,26.0,50.0,93.0
59,屏東,2018-11-28,80,4.0,6.0,nan,44.0,28.0,30.0,80.0
58,小港,2018-11-28,89,13.0,8.0,nan,57.0,45.0,25.0,89.0
57,前鎮,2018-11-28,90,7.0,10.0,nan,57.0,40.0,nan,90.0
56,前金,2018-11-28,88,10.0,8.0,nan,49.0,37.0,29.0,88.0
54,左營,2018-11-28,72,9.0,6.0,nan,49.0,37.0,27.0,72.0
53,楠梓,2018-11-28,97,6.0,6.0,nan,46.0,29.0,26.0,97.0
52,林園,2018-11-28,111,13.0,6.0,nan,66.0,40.0,35.0,111.0
51,大寮,2018-11-28,107,11.0,7.0,nan,57.0,42.0,27.0,107.0
50,鳳山,2018-11-28,89,6.0,8.0,nan,54.0,38.0,nan,89.0
49,仁武,2018-11-28,72,14.0,7.0,nan,51.0,34.0,20.0,72.0
48,橋頭,2018-11-28,94,6.0,6.0,nan,50.0,33.0,24.0,94.0
47,美濃,2018-11-28,57,4.0,5.0,nan,40.0,19.0,28.0,57.0
46,臺南,2018-11-28,66,6.0,6.0,nan,44.0,31.0,19.0,66.0
45,安南,2018-11-28,55,7.0,5.0,nan,44.0,27.0,22.0,55.0
44,善化,2018-11-28,67,7.0,5.0,nan,44.0,25.0,16.0,67.0
43,新營,2018-11-28,80,7.0,5.0,nan,38.0,29.0,18.0,80.0
42,嘉義,2018-11-28,53,7.0,6.0,nan,38.0,30.0,17.0,53.0
41,臺西,2018-11-28,49,9.0,3.0,nan,26.0,25.0,nan,49.0
40,朴子,2018-11-28,54,9.0,5.0,nan,32.0,25.0,22.0,54.0
39,新港,2018-11-28,68,9.0,6.0,nan,38.0,28.0,20.0,68.0
38,崙背,2018-11-28,55,7.0,3.0,nan,23.0,25.0,20.0,55.0
37,斗六,2018-11-28,52,6.0,5.0,nan,31.0,29.0,19.0,52.0
36,南投,2018-11-28,48,6.0,7.0,nan,33.0,32.0,12.0,48.0
35,二林,2018-11-28,45,13.0,5.0,nan,36.0,21.0,23.0,45.0
33,彰化,2018-11-28,32,4.0,6.0,nan,22.0,30.0,19.0,32.0
32,西屯,2018-11-28,43,3.0,3.0,nan,26.0,25.0,23.0,43.0
31,忠明,2018-11-28,44,4.0,nan,nan,19.0,28.0,18.0,44.0
30,大里,2018-11-28,34,4.0,8.0,nan,24.0,34.0,15.0,25.0
29,沙鹿,2018-11-28,31,4.0,5.0,nan,18.0,24.0,26.0,31.0
28,豐原,2018-11-28,27,4.0,3.0,nan,15.0,17.0,24.0,27.0
27,三義,2018-11-28,44,4.0,2.0,nan,18.0,13.0,29.0,44.0
26,苗栗,2018-11-28,62,4.0,5.0,nan,27.0,22.0,25.0,62.0
25,頭份,2018-11-28,57,6.0,3.0,nan,27.0,25.0,nan,57.0
24,新竹,2018-11-28,63,6.0,5.0,nan,31.0,27.0,26.0,63.0
23,竹東,2018-11-28,43,4.0,5.0,nan,24.0,21.0,30.0,43.0
22,湖口,2018-11-28,59,6.0,5.0,nan,33.0,25.0,32.0,59.0
21,龍潭,2018-11-28,51,7.0,5.0,nan,31.0,31.0,39.0,51.0
20,平鎮,2018-11-28,54,6.0,7.0,nan,34.0,39.0,32.0,54.0
19,觀音,2018-11-28,74,20.0,5.0,nan,37.0,26.0,37.0,74.0
18,大園,2018-11-28,49,9.0,5.0,nan,29.0,35.0,34.0,49.0
16,大同,2018-11-28,50,7.0,17.0,nan,35.0,50.0,nan,43.0
15,松山,2018-11-28,48,7.0,6.0,nan,29.0,41.0,29.0,48.0
14,古亭,2018-11-28,59,4.0,6.0,nan,32.0,30.0,31.0,59.0
13,萬華,2018-11-28,40,4.0,7.0,nan,29.0,40.0,30.0,38.0
12,中山,2018-11-28,41,3.0,8.0,nan,31.0,41.0,30.0,40.0
11,士林,2018-11-28,45,3.0,6.0,nan,29.0,34.0,34.0,45.0
10,淡水,2018-11-28,46,3.0,6.0,nan,24.0,30.0,36.0,46.0
9,林口,2018-11-28,42,3.0,5.0,nan,36.0,32.0,32.0,42.0
8,菜寮,2018-11-28,40,6.0,8.0,nan,31.0,40.0,24.0,39.0
7,新莊,2018-11-28,45,4.0,7.0,nan,32.0,38.0,30.0,45.0
6,板橋,2018-11-28,55,3.0,7.0,nan,30.0,39.0,25.0,55.0
5,土城,2018-11-28,58,4.0,5.0,nan,28.0,25.0,35.0,58.0
4,新店,2018-11-28,38,4.0,5.0,nan,23.0,22.0,36.0,38.0
3,萬里,2018-11-28,58,4.0,2.0,nan,42.0,11.0,58.0,40.0
2,汐止,2018-11-28,41,16.0,6.0,nan,27.0,37.0,24.0,41.0
1,基隆,2018-11-28,42,3.0,5.0,nan,27.0,24.0,29.0,42.0
34,線西,2018-11-28,51,9.0,5.0,nan,24.0,23.0,nan,51.0
38,崙背,2018-11-29,69,14.0,6.0,nan,55.0,22.0,48.0,69.0
17,桃園,2018-11-29,55,10.0,6.0,nan,35.0,22.0,40.0,55.0
1,基隆,2018-11-29,57,3.0,6.0,nan,40.0,21.0,50.0,57.0
2,汐止,2018-11-29,51,16.0,6.0,nan,36.0,40.0,46.0,51.0
3,萬里,2018-11-29,80,4.0,2.0,nan,50.0,4.0,80.0,54.0
4,新店,2018-11-29,50,3.0,5.0,nan,33.0,15.0,43.0,50.0
5,土城,2018-11-29,60,3.0,6.0,nan,34.0,18.0,44.0,60.0
6,板橋,2018-11-29,61,1.0,6.0,nan,39.0,25.0,41.0,61.0
7,新莊,2018-11-29,48,6.0,6.0,nan,43.0,26.0,48.0,48.0
8,菜寮,2018-11-29,46,7.0,6.0,nan,40.0,26.0,39.0,46.0
9,林口,2018-11-29,48,6.0,3.0,nan,45.0,27.0,48.0,47.0
10,淡水,2018-11-29,50,4.0,5.0,nan,29.0,25.0,50.0,49.0
11,士林,2018-11-29,57,9.0,3.0,nan,43.0,17.0,47.0,57.0
12,中山,2018-11-29,57,6.0,8.0,nan,45.0,41.0,35.0,57.0
13,萬華,2018-11-29,56,4.0,6.0,nan,39.0,37.0,37.0,56.0
14,古亭,2018-11-29,67,3.0,5.0,nan,40.0,23.0,43.0,67.0
15,松山,2018-11-29,62,7.0,6.0,nan,43.0,40.0,40.0,62.0
16,大同,2018-11-29,52,7.0,10.0,nan,44.0,47.0,nan,52.0
18,大園,2018-11-29,57,6.0,3.0,nan,39.0,25.0,44.0,57.0
19,觀音,2018-11-29,84,43.0,3.0,nan,46.0,25.0,48.0,84.0
20,平鎮,2018-11-29,55,4.0,6.0,nan,39.0,22.0,44.0,55.0
21,龍潭,2018-11-29,62,4.0,5.0,nan,38.0,18.0,44.0,62.0
22,湖口,2018-11-29,56,4.0,3.0,nan,40.0,16.0,50.0,56.0
23,竹東,2018-11-29,49,4.0,3.0,nan,31.0,18.0,37.0,49.0
24,新竹,2018-11-29,63,4.0,5.0,nan,39.0,21.0,42.0,63.0
25,頭份,2018-11-29,60,6.0,5.0,nan,35.0,27.0,nan,60.0
26,苗栗,2018-11-29,69,7.0,6.0,nan,36.0,25.0,42.0,69.0
27,三義,2018-11-29,58,3.0,3.0,nan,27.0,22.0,47.0,58.0
28,豐原,2018-11-29,42,4.0,5.0,nan,26.0,25.0,42.0,36.0
29,沙鹿,2018-11-29,58,4.0,5.0,nan,32.0,34.0,58.0,50.0
30,大里,2018-11-29,45,7.0,10.0,nan,37.0,45.0,44.0,39.0
31,忠明,2018-11-29,47,6.0,nan,nan,31.0,38.0,41.0,47.0
32,西屯,2018-11-29,58,6.0,6.0,nan,40.0,36.0,46.0,58.0
33,彰化,2018-11-29,59,4.0,8.0,nan,35.0,40.0,49.0,59.0
34,線西,2018-11-29,59,11.0,5.0,nan,43.0,29.0,nan,59.0
35,二林,2018-11-29,62,13.0,5.0,nan,55.0,24.0,46.0,62.0
36,南投,2018-11-29,69,7.0,9.0,nan,48.0,51.0,40.0,69.0
37,斗六,2018-11-29,85,9.0,6.0,nan,53.0,34.0,80.0,85.0
39,新港,2018-11-29,84,14.0,5.0,nan,57.0,25.0,48.0,84.0
40,朴子,2018-11-29,68,9.0,5.0,nan,54.0,17.0,51.0,68.0
41,臺西,2018-11-29,62,13.0,2.0,nan,42.0,18.0,nan,62.0
42,嘉義,2018-11-29,90,29.0,8.0,nan,57.0,41.0,46.0,90.0
80,關山,2018-11-29,44,3.0,nan,nan,24.0,7.0,34.0,44.0
43,新營,2018-11-29,97,7.0,6.0,nan,55.0,25.0,42.0,97.0
44,善化,2018-11-29,91,7.0,5.0,nan,59.0,25.0,42.0,91.0
63,花蓮,2018-11-29,37,4.0,7.0,nan,30.0,25.0,37.0,24.0
45,安南,2018-11-29,90,7.0,5.0,nan,60.0,24.0,61.0,90.0
46,臺南,2018-11-29,85,7.0,7.0,nan,60.0,29.0,50.0,85.0
64,陽明,2018-11-29,58,3.0,2.0,nan,31.0,2.0,58.0,49.0
65,宜蘭,2018-11-29,52,4.0,5.0,nan,31.0,10.0,48.0,52.0
47,美濃,2018-11-29,76,4.0,5.0,nan,54.0,14.0,43.0,76.0
72,埔里,2018-11-29,47,7.0,7.0,nan,33.0,32.0,39.0,47.0
48,橋頭,2018-11-29,136,16.0,7.0,nan,68.0,37.0,43.0,136.0
66,冬山,2018-11-29,44,3.0,2.0,nan,34.0,17.0,44.0,42.0
49,仁武,2018-11-29,96,13.0,7.0,nan,63.0,38.0,49.0,96.0
50,鳳山,2018-11-29,106,7.0,10.0,nan,62.0,44.0,nan,106.0
67,三重,2018-11-29,57,9.0,16.0,nan,57.0,48.0,nan,54.0
51,大寮,2018-11-29,109,23.0,7.0,nan,57.0,33.0,58.0,109.0
52,林園,2018-11-29,101,33.0,6.0,nan,55.0,31.0,74.0,101.0
75,馬祖,2018-11-29,106,4.0,3.0,nan,56.0,5.0,104.0,106.0
53,楠梓,2018-11-29,123,11.0,7.0,nan,64.0,34.0,44.0,123.0
54,左營,2018-11-29,93,9.0,7.0,nan,62.0,49.0,54.0,93.0
83,麥寮,2018-11-29,74,11.0,5.0,nan,52.0,25.0,nan,74.0
56,前金,2018-11-29,106,13.0,8.0,nan,64.0,43.0,64.0,106.0
68,中壢,2018-11-29,43,6.0,14.0,nan,43.0,38.0,nan,30.0
57,前鎮,2018-11-29,115,20.0,11.0,nan,66.0,51.0,nan,115.0
69,竹山,2018-11-29,86,4.0,6.0,nan,48.0,27.0,71.0,86.0
58,小港,2018-11-29,101,33.0,8.0,nan,58.0,52.0,37.0,101.0
59,屏東,2018-11-29,121,9.0,8.0,nan,62.0,27.0,61.0,121.0
77,金門,2018-11-29,97,13.0,3.0,nan,57.0,19.0,87.0,97.0
60,潮州,2018-11-29,94,10.0,5.0,nan,57.0,23.0,71.0,94.0
84,富貴角,2018-11-29,80,1.0,2.0,nan,48.0,2.0,80.0,59.0
61,恆春,2018-11-29,50,3.0,2.0,nan,17.0,2.0,50.0,28.0
70,永和,2018-11-29,54,4.0,6.0,nan,32.0,18.0,nan,54.0
78,馬公,2018-11-29,87,3.0,2.0,nan,32.0,4.0,87.0,57.0
71,復興,2018-11-29,113,16.0,11.0,nan,68.0,47.0,nan,113.0
62,臺東,2018-11-29,31,1.0,5.0,nan,19.0,13.0,31.0,27.0
84,富貴角,2018-11-30,55,3.0,2.0,nan,48.0,4.0,50.0,55.0
1,基隆,2018-11-30,53,4.0,5.0,nan,43.0,28.0,45.0,53.0
2,汐止,2018-11-30,47,7.0,6.0,nan,42.0,35.0,46.0,47.0
3,萬里,2018-11-30,49,14.0,2.0,nan,31.0,13.0,49.0,48.0
4,新店,2018-11-30,48,3.0,3.0,nan,39.0,23.0,47.0,48.0
5,土城,2018-11-30,59,3.0,6.0,nan,42.0,31.0,44.0,59.0
6,板橋,2018-11-30,66,3.0,7.0,nan,43.0,34.0,42.0,66.0
7,新莊,2018-11-30,46,4.0,6.0,nan,46.0,32.0,46.0,45.0
8,菜寮,2018-11-30,44,4.0,7.0,nan,44.0,42.0,36.0,41.0
9,林口,2018-11-30,50,3.0,5.0,nan,46.0,24.0,50.0,39.0
10,淡水,2018-11-30,61,6.0,2.0,nan,36.0,5.0,61.0,42.0
11,士林,2018-11-30,54,3.0,3.0,nan,40.0,17.0,50.0,54.0
12,中山,2018-11-30,56,4.0,10.0,nan,49.0,44.0,38.0,56.0
13,萬華,2018-11-30,52,3.0,6.0,nan,43.0,34.0,37.0,52.0
14,古亭,2018-11-30,64,3.0,5.0,nan,45.0,26.0,44.0,64.0
15,松山,2018-11-30,58,6.0,5.0,nan,45.0,39.0,43.0,58.0
16,大同,2018-11-30,51,9.0,12.0,nan,51.0,47.0,nan,47.0
17,桃園,2018-11-30,57,11.0,8.0,nan,37.0,27.0,41.0,57.0
18,大園,2018-11-30,60,9.0,6.0,nan,40.0,26.0,46.0,60.0
19,觀音,2018-11-30,90,24.0,8.0,nan,52.0,42.0,46.0,90.0
20,平鎮,2018-11-30,58,9.0,9.0,nan,44.0,39.0,45.0,58.0
21,龍潭,2018-11-30,66,9.0,9.0,nan,47.0,42.0,51.0,66.0
22,湖口,2018-11-30,97,9.0,7.0,nan,52.0,56.0,97.0,74.0
23,竹東,2018-11-30,67,6.0,6.0,nan,37.0,23.0,45.0,67.0
24,新竹,2018-11-30,84,6.0,12.0,nan,51.0,64.0,58.0,84.0
25,頭份,2018-11-30,88,11.0,7.0,nan,47.0,43.0,nan,88.0
26,苗栗,2018-11-30,99,11.0,10.0,nan,51.0,50.0,74.0,99.0
27,三義,2018-11-30,94,9.0,6.0,nan,43.0,23.0,87.0,94.0
28,豐原,2018-11-30,101,11.0,7.0,nan,55.0,26.0,101.0,92.0
29,沙鹿,2018-11-30,127,23.0,10.0,nan,67.0,58.0,84.0,127.0
30,大里,2018-11-30,97,14.0,11.0,nan,75.0,61.0,77.0,97.0
31,忠明,2018-11-30,129,11.0,nan,nan,66.0,60.0,58.0,129.0
32,西屯,2018-11-30,111,14.0,10.0,nan,72.0,55.0,87.0,111.0
33,彰化,2018-11-30,119,10.0,9.0,nan,61.0,31.0,115.0,119.0
34,線西,2018-11-30,137,16.0,7.0,nan,75.0,33.0,nan,137.0
35,二林,2018-11-30,119,10.0,6.0,nan,87.0,23.0,100.0,119.0
36,南投,2018-11-30,111,6.0,7.0,nan,66.0,27.0,54.0,111.0
37,斗六,2018-11-30,138,7.0,6.0,nan,66.0,27.0,115.0,138.0
61,恆春,2018-11-30,58,3.0,2.0,nan,30.0,2.0,58.0,39.0
38,崙背,2018-11-30,121,6.0,7.0,nan,78.0,22.0,112.0,121.0
39,新港,2018-11-30,135,13.0,7.0,nan,87.0,25.0,112.0,135.0
40,朴子,2018-11-30,130,9.0,7.0,nan,76.0,25.0,122.0,130.0
41,臺西,2018-11-30,148,9.0,7.0,nan,76.0,26.0,nan,148.0
42,嘉義,2018-11-30,112,7.0,6.0,nan,62.0,22.0,112.0,96.0
43,新營,2018-11-30,142,9.0,7.0,nan,71.0,28.0,77.0,142.0
44,善化,2018-11-30,97,10.0,6.0,nan,66.0,24.0,67.0,97.0
45,安南,2018-11-30,102,10.0,8.0,nan,68.0,38.0,100.0,102.0
46,臺南,2018-11-30,109,13.0,8.0,nan,68.0,32.0,74.0,109.0
47,美濃,2018-11-30,68,9.0,5.0,nan,51.0,13.0,64.0,68.0
48,橋頭,2018-11-30,136,11.0,7.0,nan,69.0,34.0,74.0,136.0
49,仁武,2018-11-30,96,14.0,6.0,nan,62.0,28.0,87.0,96.0
50,鳳山,2018-11-30,103,14.0,8.0,nan,64.0,37.0,nan,103.0
51,大寮,2018-11-30,139,31.0,7.0,nan,71.0,44.0,58.0,139.0
52,林園,2018-11-30,140,17.0,6.0,nan,71.0,26.0,140.0,119.0
53,楠梓,2018-11-30,137,9.0,7.0,nan,65.0,47.0,80.0,137.0
54,左營,2018-11-30,101,9.0,7.0,nan,64.0,41.0,101.0,96.0
56,前金,2018-11-30,109,14.0,7.0,nan,64.0,27.0,101.0,109.0
57,前鎮,2018-11-30,100,24.0,8.0,nan,66.0,40.0,nan,100.0
58,小港,2018-11-30,102,24.0,7.0,nan,63.0,52.0,61.0,102.0
59,屏東,2018-11-30,104,7.0,6.0,nan,59.0,23.0,84.0,104.0
60,潮州,2018-11-30,132,11.0,5.0,nan,62.0,20.0,132.0,99.0
62,臺東,2018-11-30,41,1.0,5.0,nan,32.0,17.0,38.0,41.0
63,花蓮,2018-11-30,46,3.0,5.0,nan,31.0,23.0,46.0,27.0
64,陽明,2018-11-30,49,9.0,2.0,nan,33.0,5.0,49.0,44.0
65,宜蘭,2018-11-30,52,1.0,5.0,nan,44.0,17.0,50.0,52.0
66,冬山,2018-11-30,44,4.0,3.0,nan,41.0,20.0,44.0,39.0
67,三重,2018-11-30,63,6.0,17.0,nan,63.0,50.0,nan,47.0
68,中壢,2018-11-30,52,19.0,26.0,nan,52.0,48.0,nan,42.0
69,竹山,2018-11-30,136,9.0,5.0,nan,65.0,15.0,136.0,129.0
70,永和,2018-11-30,53,3.0,6.0,nan,39.0,31.0,nan,53.0
71,復興,2018-11-30,104,21.0,9.0,nan,66.0,37.0,nan,104.0
72,埔里,2018-11-30,60,3.0,6.0,nan,41.0,24.0,48.0,60.0
75,馬祖,2018-11-30,86,7.0,5.0,nan,68.0,8.0,80.0,86.0
77,金門,2018-11-30,83,11.0,5.0,nan,63.0,18.0,77.0,83.0
78,馬公,2018-11-30,112,4.0,2.0,nan,56.0,6.0,112.0,66.0
80,關山,2018-11-30,53,3.0,nan,nan,30.0,7.0,32.0,53.0
83,麥寮,2018-11-30,131,14.0,7.0,nan,72.0,29.0,nan,131.0
