siteid,sitename,monitordate,aqi,so2subindex,cosubindex,o3subindex,pm10subindex,no2subindex,o38subindex,pm25subindex
2,汐止,2021-12-01,59,5,2,nan,41,47,31.0,59
1,基隆,2021-12-01,61,2,2,nan,43,10,33.0,61
85,大城,2021-12-01,71,10,2,nan,71,27,42.0,71
84,富貴角,2021-12-01,68,0,2,nan,61,7,40.0,68
83,麥寮,2021-12-01,112,12,3,nan,112,32,nan,80
80,關山,2021-12-01,44,5,2,nan,34,12,34.0,44
78,馬公,2021-12-01,63,2,2,nan,45,7,39.0,63
77,金門,2021-12-01,67,8,3,nan,63,17,49.0,67
75,馬祖,2021-12-01,70,2,2,nan,41,8,42.0,70
72,埔里,2021-12-01,55,2,3,nan,30,20,38.0,55
71,復興,2021-12-01,84,8,7,nan,70,54,nan,84
70,永和,2021-12-01,63,2,7,nan,46,37,nan,63
69,竹山,2021-12-01,69,5,3,nan,44,32,44.0,69
68,中壢,2021-12-01,63,2,9,nan,47,47,nan,63
67,三重,2021-12-01,66,2,14,nan,52,58,nan,66
66,冬山,2021-12-01,59,0,2,nan,40,23,31.0,59
65,宜蘭,2021-12-01,63,2,2,nan,46,13,33.0,63
64,陽明,2021-12-01,57,0,2,nan,33,7,34.0,57
63,花蓮,2021-12-01,55,0,3,nan,39,17,35.0,55
62,臺東,2021-12-01,53,2,3,nan,36,15,34.0,53
61,恆春,2021-12-01,52,2,2,nan,29,2,40.0,52
60,潮州,2021-12-01,77,8,5,nan,58,30,48.0,77
59,屏東,2021-12-01,87,20,6,nan,66,48,42.0,87
58,小港,2021-12-01,84,12,6,nan,73,62,31.0,84
57,前鎮,2021-12-01,86,8,7,nan,74,54,nan,86
56,前金,2021-12-01,85,5,5,nan,71,45,42.0,85
54,左營,2021-12-01,86,5,5,nan,73,40,42.0,86
52,林園,2021-12-01,90,20,5,nan,75,54,45.0,90
51,大寮,2021-12-01,87,15,6,nan,69,57,36.0,87
50,鳳山,2021-12-01,98,10,9,nan,73,56,nan,98
49,仁武,2021-12-01,88,10,6,nan,62,48,38.0,88
48,橋頭,2021-12-01,88,5,5,nan,73,45,35.0,88
47,美濃,2021-12-01,75,5,3,nan,52,20,42.0,75
46,臺南,2021-12-01,83,5,5,nan,83,33,37.0,79
45,安南,2021-12-01,85,5,3,nan,85,30,37.0,73
44,善化,2021-12-01,73,5,3,nan,61,27,30.0,73
43,新營,2021-12-01,78,5,3,nan,78,30,38.0,75
42,嘉義,2021-12-01,74,5,3,nan,60,32,31.0,74
41,臺西,2021-12-01,102,10,3,nan,102,27,nan,74
40,朴子,2021-12-01,95,5,3,nan,95,35,38.0,75
39,新港,2021-12-01,89,5,3,nan,89,25,36.0,77
38,崙背,2021-12-01,125,12,3,nan,125,27,37.0,91
37,斗六,2021-12-01,68,8,3,nan,54,33,41.0,68
36,南投,2021-12-01,64,5,3,nan,42,33,38.0,64
35,二林,2021-12-01,102,8,3,nan,102,25,38.0,65
34,線西,2021-12-01,66,8,5,nan,66,23,nan,66
33,彰化,2021-12-01,60,2,3,nan,58,28,37.0,60
32,西屯,2021-12-01,57,2,2,nan,57,13,36.0,57
31,忠明,2021-12-01,64,2,3,nan,46,28,35.0,64
30,大里,2021-12-01,57,2,3,nan,40,27,37.0,57
29,沙鹿,2021-12-01,59,2,2,nan,52,18,36.0,59
28,豐原,2021-12-01,54,2,2,nan,35,15,37.0,54
27,三義,2021-12-01,53,2,2,nan,39,15,37.0,53
26,苗栗,2021-12-01,55,5,2,nan,44,20,35.0,55
25,頭份,2021-12-01,57,5,3,nan,46,25,nan,57
24,新竹,2021-12-01,64,5,3,nan,45,33,28.0,64
23,竹東,2021-12-01,58,0,2,nan,38,10,34.0,58
22,湖口,2021-12-01,63,2,2,nan,41,12,33.0,63
21,龍潭,2021-12-01,61,2,3,nan,39,18,31.0,61
20,平鎮,2021-12-01,68,5,5,nan,46,35,30.0,68
19,觀音,2021-12-01,68,15,2,nan,54,17,31.0,68
18,大園,2021-12-01,60,5,3,nan,47,32,31.0,60
17,桃園,2021-12-01,63,5,5,nan,43,33,31.0,63
16,大同,2021-12-01,59,2,7,nan,51,51,nan,59
15,松山,2021-12-01,62,2,3,nan,48,38,32.0,62
14,古亭,2021-12-01,63,2,3,nan,43,33,32.0,63
13,萬華,2021-12-01,62,2,5,nan,41,43,30.0,62
12,中山,2021-12-01,60,2,6,nan,44,47,30.0,60
11,士林,2021-12-01,52,2,2,nan,42,15,34.0,52
10,淡水,2021-12-01,60,2,3,nan,41,18,32.0,60
9,林口,2021-12-01,60,0,3,nan,42,30,31.0,60
8,菜寮,2021-12-01,59,2,3,nan,41,27,31.0,59
7,新莊,2021-12-01,60,2,3,nan,44,27,32.0,60
6,板橋,2021-12-01,59,2,5,nan,43,37,32.0,59
5,土城,2021-12-01,55,2,3,nan,45,35,31.0,55
4,新店,2021-12-01,57,2,3,nan,42,33,31.0,57
3,萬里,2021-12-01,84,2,2,nan,84,7,36.0,74
3,萬里,2021-12-02,58,0,2,nan,58,12,44.0,43
1,基隆,2021-12-02,39,2,3,nan,26,32,39.0,37
85,大城,2021-12-02,45,12,2,nan,35,30,44.0,45
84,富貴角,2021-12-02,54,0,1,nan,43,3,54.0,35
83,麥寮,2021-12-02,48,20,3,nan,46,33,nan,48
80,關山,2021-12-02,35,2,2,nan,22,12,35.0,22
78,馬公,2021-12-02,46,2,2,nan,29,8,46.0,44
77,金門,2021-12-02,77,10,5,nan,64,30,54.0,77
75,馬祖,2021-12-02,63,8,3,nan,36,13,41.0,63
72,埔里,2021-12-02,59,2,3,nan,34,27,43.0,59
71,復興,2021-12-02,77,8,8,nan,65,47,nan,77
70,永和,2021-12-02,53,2,7,nan,29,53,nan,40
69,竹山,2021-12-02,63,5,3,nan,38,43,44.0,63
68,中壢,2021-12-02,60,8,10,nan,34,60,nan,52
67,三重,2021-12-02,64,5,15,nan,34,64,nan,52
66,冬山,2021-12-02,40,2,2,nan,25,40,33.0,36
65,宜蘭,2021-12-02,36,2,2,nan,21,18,35.0,36
64,陽明,2021-12-02,44,2,1,nan,18,3,44.0,32
63,花蓮,2021-12-02,34,2,3,nan,22,28,34.0,31
62,臺東,2021-12-02,36,5,2,nan,21,13,36.0,25
61,恆春,2021-12-02,42,2,1,nan,14,2,42.0,20
60,潮州,2021-12-02,101,18,3,nan,61,28,101.0,79
59,屏東,2021-12-02,84,12,6,nan,68,35,71.0,84
58,小港,2021-12-02,86,10,6,nan,70,58,46.0,86
57,前鎮,2021-12-02,78,10,8,nan,70,50,nan,78
56,前金,2021-12-02,83,8,7,nan,63,47,58.0,83
54,左營,2021-12-02,86,10,7,nan,70,52,71.0,86
52,林園,2021-12-02,94,20,5,nan,77,53,87.0,94
51,大寮,2021-12-02,92,40,7,nan,70,52,41.0,92
50,鳳山,2021-12-02,84,8,8,nan,63,53,nan,84
49,仁武,2021-12-02,84,10,6,nan,59,57,48.0,84
48,橋頭,2021-12-02,84,8,6,nan,64,53,51.0,84
47,美濃,2021-12-02,69,5,5,nan,50,20,67.0,69
46,臺南,2021-12-02,72,12,5,nan,59,42,37.0,72
45,安南,2021-12-02,61,8,3,nan,56,38,45.0,61
44,善化,2021-12-02,66,10,3,nan,45,33,44.0,66
43,新營,2021-12-02,61,8,3,nan,52,37,44.0,61
42,嘉義,2021-12-02,66,40,5,nan,50,43,41.0,66
41,臺西,2021-12-02,43,12,2,nan,37,27,nan,43
40,朴子,2021-12-02,55,8,3,nan,50,38,41.0,55
39,新港,2021-12-02,55,8,3,nan,47,23,38.0,55
38,崙背,2021-12-02,64,10,3,nan,47,23,37.0,64
37,斗六,2021-12-02,63,10,3,nan,47,38,41.0,63
36,南投,2021-12-02,54,5,5,nan,35,52,34.0,54
35,二林,2021-12-02,41,5,2,nan,41,23,31.0,40
34,線西,2021-12-02,40,12,2,nan,36,25,nan,40
33,彰化,2021-12-02,42,5,3,nan,37,42,34.0,42
32,西屯,2021-12-02,40,2,2,nan,35,32,35.0,40
31,忠明,2021-12-02,46,5,5,nan,32,45,33.0,46
30,大里,2021-12-02,47,5,5,nan,31,47,34.0,42
29,沙鹿,2021-12-02,41,8,3,nan,33,33,37.0,41
28,豐原,2021-12-02,36,5,2,nan,24,20,34.0,36
27,三義,2021-12-02,35,5,2,nan,25,17,35.0,34
26,苗栗,2021-12-02,51,15,5,nan,30,51,33.0,36
25,頭份,2021-12-02,50,8,3,nan,30,50,nan,37
24,新竹,2021-12-02,45,8,3,nan,29,35,31.0,45
23,竹東,2021-12-02,41,2,2,nan,26,27,32.0,41
22,湖口,2021-12-02,44,5,2,nan,28,20,38.0,44
21,龍潭,2021-12-02,42,8,5,nan,27,42,32.0,40
20,平鎮,2021-12-02,64,12,7,nan,33,64,30.0,50
19,觀音,2021-12-02,45,12,2,nan,34,32,41.0,45
18,大園,2021-12-02,43,8,2,nan,28,40,37.0,43
17,桃園,2021-12-02,58,30,7,nan,30,58,31.0,49
16,大同,2021-12-02,64,5,11,nan,42,64,nan,51
15,松山,2021-12-02,55,8,6,nan,31,55,30.0,41
14,古亭,2021-12-02,53,2,5,nan,26,53,31.0,38
13,萬華,2021-12-02,55,2,5,nan,25,55,28.0,38
12,中山,2021-12-02,60,2,8,nan,28,60,25.0,39
11,士林,2021-12-02,58,5,6,nan,28,58,34.0,37
10,淡水,2021-12-02,37,2,5,nan,25,33,37.0,37
9,林口,2021-12-02,48,2,3,nan,29,48,32.0,38
8,菜寮,2021-12-02,60,8,7,nan,26,60,31.0,39
7,新莊,2021-12-02,64,2,8,nan,32,64,32.0,47
6,板橋,2021-12-02,57,2,7,nan,27,57,28.0,45
5,土城,2021-12-02,51,5,5,nan,26,51,34.0,32
4,新店,2021-12-02,54,2,5,nan,24,54,31.0,35
2,汐止,2021-12-02,58,22,5,nan,27,58,31.0,38
85,大城,2021-12-03,71,12,2,nan,35,28,71.0,41.0
75,馬祖,2021-12-03,71,8,6,nan,40,20,50.0,71.0
1,基隆,2021-12-03,51,2,3,nan,24,37,51.0,40.0
2,汐止,2021-12-03,67,15,5,nan,25,67,45.0,43.0
3,萬里,2021-12-03,67,0,2,nan,36,17,67.0,37.0
4,新店,2021-12-03,55,5,5,nan,21,55,44.0,32.0
5,土城,2021-12-03,55,2,5,nan,24,55,44.0,34.0
6,板橋,2021-12-03,64,5,9,nan,27,64,45.0,48.0
7,新莊,2021-12-03,57,2,8,nan,30,57,48.0,47.0
8,菜寮,2021-12-03,68,2,6,nan,24,68,44.0,45.0
9,林口,2021-12-03,51,2,3,nan,27,51,46.0,36.0
10,淡水,2021-12-03,48,2,5,nan,23,45,48.0,40.0
11,士林,2021-12-03,52,5,5,nan,25,52,50.0,34.0
12,中山,2021-12-03,70,5,8,nan,27,70,37.0,42.0
13,萬華,2021-12-03,64,2,6,nan,23,64,40.0,39.0
14,古亭,2021-12-03,50,2,3,nan,24,50,46.0,37.0
15,松山,2021-12-03,61,2,5,nan,29,61,44.0,44.0
16,大同,2021-12-03,69,5,14,nan,41,69,nan,57.0
17,桃園,2021-12-03,57,45,6,nan,28,57,44.0,52.0
18,大園,2021-12-03,57,10,3,nan,25,57,47.0,40.0
19,觀音,2021-12-03,50,10,2,nan,29,35,50.0,44.0
20,平鎮,2021-12-03,54,12,6,nan,29,54,42.0,50.0
21,龍潭,2021-12-03,50,10,3,nan,24,50,47.0,39.0
22,湖口,2021-12-03,51,5,3,nan,26,43,51.0,48.0
23,竹東,2021-12-03,50,2,2,nan,20,17,50.0,35.0
24,新竹,2021-12-03,50,5,3,nan,26,50,45.0,44.0
25,頭份,2021-12-03,48,8,2,nan,24,48,nan,36.0
26,苗栗,2021-12-03,47,12,2,nan,26,30,47.0,31.0
27,三義,2021-12-03,45,5,2,nan,21,22,45.0,27.0
28,豐原,2021-12-03,46,5,2,nan,20,25,46.0,34.0
29,沙鹿,2021-12-03,51,5,2,nan,29,30,51.0,31.0
30,大里,2021-12-03,44,5,5,nan,30,42,44.0,43.0
31,忠明,2021-12-03,45,5,3,nan,27,37,45.0,39.0
32,西屯,2021-12-03,48,2,2,nan,29,25,48.0,34.0
33,彰化,2021-12-03,46,5,3,nan,30,35,46.0,38.0
34,線西,2021-12-03,39,12,3,nan,35,27,nan,39.0
35,二林,2021-12-03,50,10,2,nan,44,22,50.0,44.0
36,南投,2021-12-03,54,8,5,nan,33,53,40.0,54.0
37,斗六,2021-12-03,61,8,3,nan,46,45,48.0,61.0
38,崙背,2021-12-03,60,10,3,nan,46,20,39.0,60.0
39,新港,2021-12-03,54,5,3,nan,47,22,47.0,54.0
40,朴子,2021-12-03,49,10,3,nan,48,28,49.0,46.0
41,臺西,2021-12-03,39,15,2,nan,39,27,nan,37.0
42,嘉義,2021-12-03,62,25,3,nan,45,50,46.0,62.0
43,新營,2021-12-03,59,5,3,nan,49,42,50.0,59.0
44,善化,2021-12-03,63,8,2,nan,41,33,48.0,63.0
45,安南,2021-12-03,54,8,3,nan,52,35,54.0,54.0
46,臺南,2021-12-03,64,10,3,nan,52,32,58.0,64.0
47,美濃,2021-12-03,67,5,3,nan,42,28,67.0,65.0
48,橋頭,2021-12-03,83,5,5,nan,64,50,47.0,83.0
49,仁武,2021-12-03,83,12,6,nan,56,57,51.0,83.0
50,鳳山,2021-12-03,94,12,9,nan,63,60,nan,94.0
51,大寮,2021-12-03,84,28,6,nan,62,56,54.0,84.0
52,林園,2021-12-03,100,32,6,nan,60,55,100.0,87.0
54,左營,2021-12-03,82,8,5,nan,62,47,50.0,82.0
56,前金,2021-12-03,81,5,6,nan,61,47,64.0,81.0
57,前鎮,2021-12-03,80,8,7,nan,65,55,nan,80.0
58,小港,2021-12-03,86,8,7,nan,64,62,50.0,86.0
59,屏東,2021-12-03,82,20,6,nan,61,45,77.0,82.0
60,潮州,2021-12-03,87,5,3,nan,46,30,87.0,66.0
61,恆春,2021-12-03,48,2,1,nan,16,2,48.0,25.0
62,臺東,2021-12-03,38,2,2,nan,24,22,38.0,30.0
63,花蓮,2021-12-03,46,2,3,nan,25,32,46.0,nan
64,陽明,2021-12-03,64,2,2,nan,19,3,64.0,36.0
72,埔里,2021-12-03,44,2,5,nan,24,42,43.0,44.0
65,宜蘭,2021-12-03,49,2,2,nan,22,20,49.0,40.0
66,冬山,2021-12-03,46,2,2,nan,23,23,46.0,35.0
78,馬公,2021-12-03,74,2,1,nan,22,8,74.0,36.0
67,三重,2021-12-03,71,5,16,nan,32,71,nan,51.0
83,麥寮,2021-12-03,55,18,5,nan,55,27,nan,45.0
68,中壢,2021-12-03,63,12,11,nan,36,63,nan,55.0
77,金門,2021-12-03,81,28,5,nan,65,42,74.0,81.0
69,竹山,2021-12-03,59,5,3,nan,34,47,48.0,59.0
84,富貴角,2021-12-03,87,0,1,nan,35,3,87.0,30.0
80,關山,2021-12-03,38,2,1,nan,23,12,38.0,27.0
70,永和,2021-12-03,50,2,8,nan,25,50,nan,43.0
71,復興,2021-12-03,81,5,8,nan,63,58,nan,81.0
27,三義,2021-12-04,46,2,2,nan,23,20,46.0,34
85,大城,2021-12-04,67,18,3,nan,45,30,67.0,53
84,富貴角,2021-12-04,58,0,1,nan,36,5,58.0,31
8,菜寮,2021-12-04,48,2,5,nan,29,48,42.0,48
7,新莊,2021-12-04,57,2,6,nan,38,57,43.0,53
83,麥寮,2021-12-04,57,22,3,nan,46,30,nan,57
6,板橋,2021-12-04,45,5,3,nan,28,35,40.0,45
80,關山,2021-12-04,44,5,2,nan,29,17,44.0,36
5,土城,2021-12-04,41,5,3,nan,30,28,41.0,36
78,馬公,2021-12-04,67,2,2,nan,30,5,67.0,47
77,金門,2021-12-04,87,10,3,nan,70,22,87.0,69
4,新店,2021-12-04,43,2,3,nan,27,33,43.0,38
75,馬祖,2021-12-04,76,5,3,nan,48,15,54.0,76
3,萬里,2021-12-04,50,2,2,nan,43,8,50.0,38
72,埔里,2021-12-04,51,2,5,nan,24,47,50.0,51
2,汐止,2021-12-04,51,22,5,nan,29,51,38.0,47
71,復興,2021-12-04,77,12,8,nan,50,55,nan,77
1,基隆,2021-12-04,45,5,2,nan,29,22,45.0,44
70,永和,2021-12-04,45,2,6,nan,30,45,nan,45
69,竹山,2021-12-04,74,5,3,nan,38,45,74.0,71
68,中壢,2021-12-04,52,8,8,nan,35,52,nan,46
67,三重,2021-12-04,63,5,15,nan,36,63,nan,55
66,冬山,2021-12-04,44,2,3,nan,28,25,39.0,44
65,宜蘭,2021-12-04,47,2,2,nan,27,17,45.0,47
64,陽明,2021-12-04,47,5,2,nan,23,5,47.0,37
63,花蓮,2021-12-04,44,2,5,nan,31,38,44.0,44
62,臺東,2021-12-04,45,2,2,nan,30,13,45.0,41
61,恆春,2021-12-04,54,2,1,nan,22,3,54.0,36
60,潮州,2021-12-04,104,12,3,nan,45,32,104.0,72
59,屏東,2021-12-04,112,12,6,nan,52,55,112.0,78
58,小港,2021-12-04,82,28,5,nan,51,60,80.0,82
57,前鎮,2021-12-04,75,12,7,nan,53,55,nan,75
56,前金,2021-12-04,101,15,6,nan,50,52,101.0,79
54,左營,2021-12-04,104,10,6,nan,52,55,104.0,80
52,林園,2021-12-04,126,18,5,nan,55,57,126.0,83
51,大寮,2021-12-04,82,30,6,nan,52,53,64.0,82
9,林口,2021-12-04,43,2,3,nan,31,35,43.0,40
50,鳳山,2021-12-04,88,20,8,nan,51,57,nan,88
49,仁武,2021-12-04,100,15,6,nan,47,71,100.0,82
19,觀音,2021-12-04,52,18,2,nan,38,37,42.0,52
48,橋頭,2021-12-04,101,8,6,nan,55,64,101.0,85
47,美濃,2021-12-04,71,8,3,nan,41,33,71.0,66
46,臺南,2021-12-04,84,10,6,nan,56,52,84.0,80
10,淡水,2021-12-04,44,2,3,nan,26,43,44.0,39
45,安南,2021-12-04,80,8,5,nan,56,48,80.0,74
29,沙鹿,2021-12-04,53,10,5,nan,34,52,49.0,53
44,善化,2021-12-04,80,12,5,nan,48,51,74.0,80
43,新營,2021-12-04,77,10,5,nan,56,52,77.0,77
42,嘉義,2021-12-04,82,35,6,nan,55,51,71.0,82
41,臺西,2021-12-04,54,18,3,nan,42,27,nan,54
24,新竹,2021-12-04,44,5,2,nan,30,18,43.0,44
11,士林,2021-12-04,51,2,3,nan,29,51,45.0,39
40,朴子,2021-12-04,65,10,3,nan,47,43,64.0,65
39,新港,2021-12-04,78,10,5,nan,54,33,58.0,78
38,崙背,2021-12-04,78,15,5,nan,49,30,32.0,78
26,苗栗,2021-12-04,44,10,5,nan,27,40,44.0,38
12,中山,2021-12-04,53,5,6,nan,32,53,34.0,49
15,松山,2021-12-04,57,10,5,nan,37,57,37.0,49
37,斗六,2021-12-04,80,5,6,nan,55,38,71.0,80
20,平鎮,2021-12-04,49,10,3,nan,33,30,42.0,49
36,南投,2021-12-04,56,8,5,nan,33,48,47.0,56
21,龍潭,2021-12-04,44,2,3,nan,29,28,44.0,42
35,二林,2021-12-04,54,10,3,nan,46,28,48.0,54
25,頭份,2021-12-04,37,5,2,nan,29,18,nan,37
34,線西,2021-12-04,51,15,5,nan,40,28,nan,51
28,豐原,2021-12-04,45,5,3,nan,21,30,45.0,35
13,萬華,2021-12-04,60,2,5,nan,29,60,37.0,45
18,大園,2021-12-04,42,8,2,nan,34,35,42.0,41
33,彰化,2021-12-04,56,5,6,nan,39,51,47.0,56
22,湖口,2021-12-04,47,8,2,nan,31,22,45.0,47
32,西屯,2021-12-04,54,5,3,nan,34,54,47.0,53
23,竹東,2021-12-04,44,2,2,nan,22,22,44.0,39
17,桃園,2021-12-04,48,10,5,nan,29,38,42.0,48
14,古亭,2021-12-04,44,2,3,nan,27,40,42.0,44
16,大同,2021-12-04,60,5,10,nan,44,60,nan,57
31,忠明,2021-12-04,57,5,5,nan,31,57,46.0,48
30,大里,2021-12-04,60,5,6,nan,41,55,45.0,60
84,富貴角,2021-12-05,47,0,1,nan,29,3,47.0,15
85,大城,2021-12-05,76,18,5,nan,55,38,51.0,76
1,基隆,2021-12-05,48,8,2,nan,12,48,34.0,24
2,汐止,2021-12-05,40,5,2,nan,11,40,29.0,20
3,萬里,2021-12-05,43,8,1,nan,24,13,43.0,17
4,新店,2021-12-05,30,5,2,nan,9,27,30.0,16
5,土城,2021-12-05,32,2,3,nan,10,32,31.0,23
6,板橋,2021-12-05,35,5,3,nan,10,35,33.0,20
7,新莊,2021-12-05,37,2,2,nan,14,37,35.0,23
8,菜寮,2021-12-05,38,5,3,nan,10,38,31.0,26
9,林口,2021-12-05,35,2,2,nan,11,18,35.0,15
10,淡水,2021-12-05,38,0,2,nan,13,22,38.0,20
11,士林,2021-12-05,39,2,2,nan,12,32,39.0,15
12,中山,2021-12-05,45,2,5,nan,12,45,30.0,21
13,萬華,2021-12-05,45,2,3,nan,11,45,31.0,20
14,古亭,2021-12-05,34,2,2,nan,10,30,34.0,19
15,松山,2021-12-05,33,5,2,nan,12,33,31.0,14
16,大同,2021-12-05,56,2,8,nan,22,56,nan,33
17,桃園,2021-12-05,34,15,3,nan,10,27,34.0,24
18,大園,2021-12-05,39,5,1,nan,12,25,39.0,17
19,觀音,2021-12-05,40,10,1,nan,17,32,40.0,27
20,平鎮,2021-12-05,35,8,2,nan,13,28,35.0,27
21,龍潭,2021-12-05,35,2,3,nan,11,25,35.0,28
22,湖口,2021-12-05,40,2,1,nan,15,12,40.0,28
23,竹東,2021-12-05,40,5,2,nan,12,20,40.0,28
24,新竹,2021-12-05,37,5,2,nan,14,18,37.0,29
25,頭份,2021-12-05,27,10,2,nan,14,27,nan,24
26,苗栗,2021-12-05,44,10,3,nan,20,27,44.0,31
27,三義,2021-12-05,61,5,2,nan,19,12,61.0,34
28,豐原,2021-12-05,51,8,2,nan,22,17,51.0,40
29,沙鹿,2021-12-05,57,5,5,nan,33,52,50.0,57
30,大里,2021-12-05,55,5,6,nan,33,42,54.0,55
31,忠明,2021-12-05,60,5,7,nan,32,55,54.0,60
32,西屯,2021-12-05,58,5,6,nan,32,52,54.0,58
33,彰化,2021-12-05,51,12,3,nan,28,38,51.0,50
34,線西,2021-12-05,55,12,5,nan,35,50,nan,55
35,二林,2021-12-05,81,10,5,nan,51,35,61.0,81
36,南投,2021-12-05,61,12,3,nan,30,43,58.0,61
37,斗六,2021-12-05,74,8,3,nan,41,22,74.0,67
38,崙背,2021-12-05,86,10,5,nan,47,37,67.0,86
39,新港,2021-12-05,76,25,7,nan,48,50,54.0,76
40,朴子,2021-12-05,67,10,6,nan,43,38,67.0,65
41,臺西,2021-12-05,73,18,5,nan,45,35,nan,73
42,嘉義,2021-12-05,77,18,3,nan,38,27,77.0,64
43,新營,2021-12-05,84,8,5,nan,43,27,84.0,65
44,善化,2021-12-05,74,5,3,nan,35,48,74.0,61
45,安南,2021-12-05,77,8,6,nan,46,50,77.0,64
46,臺南,2021-12-05,74,8,6,nan,46,58,74.0,69
47,美濃,2021-12-05,71,5,3,nan,35,18,71.0,62
48,橋頭,2021-12-05,74,2,3,nan,42,37,74.0,63
49,仁武,2021-12-05,71,8,6,nan,38,47,71.0,66
50,鳳山,2021-12-05,71,8,6,nan,43,52,nan,71
51,大寮,2021-12-05,74,51,5,nan,39,30,74.0,62
52,林園,2021-12-05,71,35,3,nan,50,42,71.0,71
54,左營,2021-12-05,77,8,6,nan,44,57,77.0,66
56,前金,2021-12-05,77,8,5,nan,41,50,77.0,65
57,前鎮,2021-12-05,64,8,7,nan,48,55,nan,64
58,小港,2021-12-05,77,8,3,nan,40,32,77.0,60
59,屏東,2021-12-05,67,5,3,nan,40,30,67.0,60
60,潮州,2021-12-05,84,2,3,nan,37,22,84.0,65
61,恆春,2021-12-05,44,2,1,nan,14,2,44.0,19
62,臺東,2021-12-05,41,2,2,nan,18,8,41.0,22
63,花蓮,2021-12-05,41,2,2,nan,15,22,41.0,27
64,陽明,2021-12-05,42,2,1,nan,3,2,42.0,9
65,宜蘭,2021-12-05,40,2,1,nan,11,10,40.0,23
66,冬山,2021-12-05,36,2,2,nan,12,10,36.0,22
67,三重,2021-12-05,54,2,11,nan,18,54,nan,26
68,中壢,2021-12-05,52,5,7,nan,20,52,nan,28
69,竹山,2021-12-05,80,8,3,nan,34,30,80.0,71
70,永和,2021-12-05,33,2,5,nan,13,33,nan,25
71,復興,2021-12-05,60,10,7,nan,43,50,nan,60
72,埔里,2021-12-05,64,5,5,nan,28,33,64.0,58
75,馬祖,2021-12-05,45,8,2,nan,23,12,45.0,34
77,金門,2021-12-05,49,8,2,nan,43,15,49.0,37
78,馬公,2021-12-05,58,5,2,nan,26,27,58.0,46
80,關山,2021-12-05,39,2,1,nan,17,8,39.0,19
83,麥寮,2021-12-05,67,12,5,nan,44,37,nan,67
24,新竹,2021-12-06,31,2,2,nan,11,23,31.0,25
38,崙背,2021-12-06,58,8,2,nan,40,22,35.0,58
30,大里,2021-12-06,47,5,5,nan,24,47,35.0,40
63,花蓮,2021-12-06,35,2,2,nan,12,27,35.0,19
52,林園,2021-12-06,74,12,5,nan,57,52,46.0,74
22,湖口,2021-12-06,34,2,2,nan,13,23,34.0,28
16,大同,2021-12-06,58,2,18,nan,26,58,nan,47
20,平鎮,2021-12-06,40,5,3,nan,13,40,30.0,30
39,新港,2021-12-06,45,2,3,nan,34,22,37.0,45
62,臺東,2021-12-06,37,2,2,nan,16,12,37.0,22
5,土城,2021-12-06,37,2,3,nan,10,37,26.0,21
75,馬祖,2021-12-06,49,5,1,nan,23,8,49.0,39
32,西屯,2021-12-06,35,2,1,nan,19,25,35.0,26
69,竹山,2021-12-06,51,2,3,nan,30,47,47.0,51
12,中山,2021-12-06,51,5,6,nan,13,51,19.0,26
51,大寮,2021-12-06,61,2,3,nan,45,55,44.0,61
13,萬華,2021-12-06,52,5,5,nan,11,52,20.0,29
83,麥寮,2021-12-06,33,8,2,nan,31,20,nan,33
23,竹東,2021-12-06,35,0,2,nan,8,18,35.0,16
50,鳳山,2021-12-06,71,8,10,nan,44,57,nan,71
1,基隆,2021-12-06,40,5,2,nan,14,40,35.0,30
6,板橋,2021-12-06,52,2,6,nan,11,52,24.0,23
72,埔里,2021-12-06,55,2,6,nan,26,52,49.0,55
85,大城,2021-12-06,44,8,2,nan,25,23,44.0,30
10,淡水,2021-12-06,34,0,2,nan,11,23,34.0,21
9,林口,2021-12-06,50,2,2,nan,10,50,27.0,23
28,豐原,2021-12-06,32,5,2,nan,14,25,32.0,27
31,忠明,2021-12-06,37,5,3,nan,17,37,34.0,28
37,斗六,2021-12-06,53,5,3,nan,34,35,42.0,53
61,恆春,2021-12-06,40,2,1,nan,9,2,40.0,13
68,中壢,2021-12-06,54,2,10,nan,17,54,nan,31
11,士林,2021-12-06,38,0,3,nan,12,38,34.0,21
49,仁武,2021-12-06,60,10,3,nan,37,47,40.0,60
29,沙鹿,2021-12-06,36,5,2,nan,21,23,36.0,26
40,朴子,2021-12-06,40,5,2,nan,33,23,40.0,38
46,臺南,2021-12-06,46,2,3,nan,36,32,41.0,46
78,馬公,2021-12-06,46,0,1,nan,23,5,46.0,40
14,古亭,2021-12-06,43,0,3,nan,10,43,28.0,19
17,桃園,2021-12-06,35,12,5,nan,11,35,27.0,31
67,三重,2021-12-06,57,2,14,nan,18,57,nan,35
7,新莊,2021-12-06,45,2,3,nan,14,45,26.0,29
71,復興,2021-12-06,56,2,7,nan,43,47,nan,56
60,潮州,2021-12-06,90,10,2,nan,36,25,90.0,63
66,冬山,2021-12-06,35,2,2,nan,12,35,28.0,17
19,觀音,2021-12-06,38,8,2,nan,18,22,38.0,31
48,橋頭,2021-12-06,62,5,3,nan,45,47,41.0,62
27,三義,2021-12-06,34,5,1,nan,11,15,34.0,15
36,南投,2021-12-06,51,8,3,nan,26,51,40.0,46
80,關山,2021-12-06,36,5,1,nan,14,10,36.0,17
8,菜寮,2021-12-06,45,2,5,nan,11,45,27.0,28
41,臺西,2021-12-06,32,8,2,nan,23,20,nan,32
2,汐止,2021-12-06,54,8,2,nan,11,54,21.0,24
65,宜蘭,2021-12-06,33,0,1,nan,8,33,31.0,20
18,大園,2021-12-06,35,5,1,nan,14,33,35.0,20
70,永和,2021-12-06,47,0,8,nan,13,47,nan,27
47,美濃,2021-12-06,50,2,2,nan,27,18,50.0,47
25,頭份,2021-12-06,25,8,2,nan,12,25,nan,25
64,陽明,2021-12-06,43,2,1,nan,3,0,43.0,13
53,楠梓,2021-12-06,53,5,3,nan,40,47,43.0,53
77,金門,2021-12-06,53,18,2,nan,47,38,50.0,53
3,萬里,2021-12-06,43,8,1,nan,40,22,43.0,25
42,嘉義,2021-12-06,56,12,3,nan,34,42,41.0,56
59,屏東,2021-12-06,62,2,3,nan,40,37,50.0,62
58,小港,2021-12-06,64,5,5,nan,44,50,41.0,64
26,苗栗,2021-12-06,31,5,2,nan,13,25,31.0,21
21,龍潭,2021-12-06,38,5,2,nan,11,38,33.0,22
43,新營,2021-12-06,45,5,3,nan,36,35,42.0,45
44,善化,2021-12-06,53,8,2,nan,33,28,39.0,53
54,左營,2021-12-06,56,5,3,nan,40,37,42.0,56
84,富貴角,2021-12-06,46,0,1,nan,31,2,46.0,24
56,前金,2021-12-06,55,8,3,nan,41,42,43.0,55
15,松山,2021-12-06,53,5,3,nan,15,53,19.0,24
45,安南,2021-12-06,44,2,3,nan,39,32,41.0,44
35,二林,2021-12-06,38,8,2,nan,28,23,38.0,30
57,前鎮,2021-12-06,55,5,6,nan,45,45,nan,55
34,線西,2021-12-06,31,12,3,nan,21,22,nan,31
33,彰化,2021-12-06,37,2,3,nan,22,37,35.0,28
4,新店,2021-12-06,38,2,3,nan,9,38,24.0,19
30,大里,2021-12-07,52,5,6,nan,33,52,35.0,42.0
3,萬里,2021-12-07,66,0,1,nan,66,7,50.0,42.0
2,汐止,2021-12-07,39,2,1,nan,21,32,39.0,26.0
1,基隆,2021-12-07,45,0,1,nan,26,7,45.0,31.0
28,豐原,2021-12-07,36,2,1,nan,12,15,36.0,17.0
27,三義,2021-12-07,40,2,1,nan,12,13,40.0,11.0
26,苗栗,2021-12-07,40,5,1,nan,18,17,40.0,18.0
32,西屯,2021-12-07,41,2,1,nan,19,27,41.0,22.0
25,頭份,2021-12-07,23,5,2,nan,20,23,nan,21.0
24,新竹,2021-12-07,33,5,2,nan,21,23,33.0,30.0
23,竹東,2021-12-07,42,0,1,nan,15,8,42.0,20.0
22,湖口,2021-12-07,40,2,1,nan,20,13,40.0,33.0
4,新店,2021-12-07,37,2,2,nan,20,30,37.0,22.0
5,土城,2021-12-07,40,2,2,nan,22,40,32.0,24.0
19,觀音,2021-12-07,42,8,1,nan,30,17,42.0,34.0
6,板橋,2021-12-07,45,2,3,nan,21,45,35.0,28.0
7,新莊,2021-12-07,40,2,2,nan,24,22,40.0,29.0
8,菜寮,2021-12-07,38,2,2,nan,19,25,38.0,30.0
9,林口,2021-12-07,38,2,2,nan,20,32,38.0,22.0
10,淡水,2021-12-07,44,2,1,nan,22,7,44.0,28.0
21,龍潭,2021-12-07,42,2,1,nan,16,17,42.0,21.0
11,士林,2021-12-07,44,2,1,nan,21,12,44.0,23.0
12,中山,2021-12-07,47,0,5,nan,22,47,34.0,28.0
13,萬華,2021-12-07,38,0,3,nan,22,38,35.0,29.0
14,古亭,2021-12-07,37,2,2,nan,22,33,37.0,26.0
15,松山,2021-12-07,38,2,2,nan,26,32,38.0,29.0
16,大同,2021-12-07,47,2,6,nan,36,47,nan,42.0
17,桃園,2021-12-07,38,8,3,nan,19,38,36.0,28.0
18,大園,2021-12-07,42,8,1,nan,25,42,40.0,27.0
20,平鎮,2021-12-07,47,5,3,nan,21,47,36.0,33.0
33,彰化,2021-12-07,39,2,2,nan,22,35,39.0,27.0
34,線西,2021-12-07,28,8,3,nan,27,22,nan,28.0
35,二林,2021-12-07,42,10,2,nan,31,25,42.0,22.0
36,南投,2021-12-07,45,8,5,nan,25,40,45.0,nan
37,斗六,2021-12-07,51,12,2,nan,36,35,50.0,51.0
38,崙背,2021-12-07,53,8,2,nan,37,28,41.0,53.0
39,新港,2021-12-07,50,5,3,nan,40,32,47.0,50.0
40,朴子,2021-12-07,47,5,2,nan,39,28,47.0,42.0
41,臺西,2021-12-07,34,8,2,nan,33,18,nan,34.0
42,嘉義,2021-12-07,63,28,5,nan,41,43,46.0,63.0
43,新營,2021-12-07,58,8,5,nan,45,43,50.0,58.0
44,善化,2021-12-07,59,12,3,nan,39,35,50.0,59.0
45,安南,2021-12-07,58,10,5,nan,51,40,54.0,58.0
46,臺南,2021-12-07,66,10,6,nan,52,45,58.0,66.0
47,美濃,2021-12-07,80,5,2,nan,34,22,80.0,56.0
48,橋頭,2021-12-07,80,5,5,nan,57,53,80.0,76.0
49,仁武,2021-12-07,74,8,5,nan,49,57,74.0,72.0
50,鳳山,2021-12-07,80,12,9,nan,51,59,nan,80.0
51,大寮,2021-12-07,78,32,6,nan,55,57,41.0,78.0
52,林園,2021-12-07,104,45,5,nan,56,57,104.0,79.0
53,楠梓,2021-12-07,74,5,5,nan,51,52,74.0,63.0
54,左營,2021-12-07,101,8,5,nan,53,45,101.0,72.0
56,前金,2021-12-07,80,5,5,nan,50,48,80.0,68.0
57,前鎮,2021-12-07,77,12,8,nan,58,59,nan,77.0
58,小港,2021-12-07,73,18,7,nan,53,66,51.0,73.0
59,屏東,2021-12-07,71,15,6,nan,49,57,71.0,70.0
60,潮州,2021-12-07,104,12,3,nan,45,27,104.0,72.0
61,恆春,2021-12-07,43,2,1,nan,10,2,43.0,13.0
62,臺東,2021-12-07,36,2,2,nan,21,15,36.0,19.0
63,花蓮,2021-12-07,44,2,2,nan,15,27,44.0,17.0
64,陽明,2021-12-07,47,0,1,nan,13,2,47.0,22.0
65,宜蘭,2021-12-07,34,2,2,nan,12,18,34.0,24.0
66,冬山,2021-12-07,32,2,2,nan,14,32,32.0,18.0
67,三重,2021-12-07,62,2,12,nan,29,62,nan,33.0
68,中壢,2021-12-07,55,5,10,nan,24,55,nan,32.0
69,竹山,2021-12-07,54,5,2,nan,29,40,54.0,52.0
70,永和,2021-12-07,35,2,5,nan,24,35,nan,31.0
71,復興,2021-12-07,70,10,10,nan,56,60,nan,70.0
72,埔里,2021-12-07,54,5,6,nan,24,54,54.0,49.0
75,馬祖,2021-12-07,97,2,2,nan,39,15,97.0,70.0
77,金門,2021-12-07,100,8,2,nan,58,20,100.0,59.0
78,馬公,2021-12-07,48,2,1,nan,28,3,48.0,40.0
80,關山,2021-12-07,37,2,1,nan,20,8,37.0,13.0
83,麥寮,2021-12-07,43,12,2,nan,43,25,nan,36.0
84,富貴角,2021-12-07,58,0,1,nan,36,2,58.0,29.0
85,大城,2021-12-07,48,10,2,nan,33,23,48.0,31.0
31,忠明,2021-12-07,40,5,2,nan,17,35,40.0,22.0
29,沙鹿,2021-12-07,40,2,1,nan,19,23,40.0,19.0
31,忠明,2021-12-08,57,5,5,nan,29,57,44.0,41
48,橋頭,2021-12-08,80,10,5,nan,60,57,77.0,80
49,仁武,2021-12-08,80,15,6,nan,51,64,80.0,79
50,鳳山,2021-12-08,82,22,9,nan,55,60,nan,82
51,大寮,2021-12-08,71,25,5,nan,55,57,54.0,71
52,林園,2021-12-08,104,28,5,nan,51,48,104.0,71
53,楠梓,2021-12-08,80,12,6,nan,56,55,80.0,68
54,左營,2021-12-08,87,10,6,nan,57,52,87.0,77
56,前金,2021-12-08,84,12,6,nan,54,52,84.0,75
57,前鎮,2021-12-08,72,30,8,nan,58,64,nan,72
58,小港,2021-12-08,73,30,6,nan,54,60,51.0,73
59,屏東,2021-12-08,108,25,5,nan,51,45,108.0,73
60,潮州,2021-12-08,108,20,3,nan,46,32,108.0,72
61,恆春,2021-12-08,50,2,1,nan,17,2,50.0,24
62,臺東,2021-12-08,41,2,2,nan,22,17,41.0,27
63,花蓮,2021-12-08,48,2,5,nan,24,48,41.0,31
64,陽明,2021-12-08,51,2,1,nan,17,3,51.0,28
65,宜蘭,2021-12-08,44,0,2,nan,19,17,44.0,31
66,冬山,2021-12-08,37,2,2,nan,23,22,37.0,34
67,三重,2021-12-08,68,5,14,nan,33,68,nan,42
68,中壢,2021-12-08,53,5,8,nan,29,53,nan,40
1,基隆,2021-12-08,50,2,2,nan,29,20,50.0,39
69,竹山,2021-12-08,67,8,2,nan,40,30,67.0,67
70,永和,2021-12-08,38,0,5,nan,28,35,nan,38
71,復興,2021-12-08,67,22,10,nan,56,64,nan,67
72,埔里,2021-12-08,71,5,6,nan,30,48,71.0,62
75,馬祖,2021-12-08,65,5,2,nan,36,8,61.0,65
77,金門,2021-12-08,84,10,2,nan,52,18,84.0,59
78,馬公,2021-12-08,64,2,1,nan,31,3,64.0,43
80,關山,2021-12-08,42,2,1,nan,20,8,42.0,22
83,麥寮,2021-12-08,55,18,5,nan,47,32,nan,55
84,富貴角,2021-12-08,74,0,1,nan,45,3,74.0,38
85,大城,2021-12-08,67,10,2,nan,44,30,67.0,47
2,汐止,2021-12-08,57,5,2,nan,26,57,38.0,35
3,萬里,2021-12-08,68,2,1,nan,68,12,64.0,44
4,新店,2021-12-08,44,2,3,nan,25,33,44.0,30
5,土城,2021-12-08,43,0,3,nan,26,37,43.0,33
6,板橋,2021-12-08,43,2,3,nan,26,43,40.0,36
7,新莊,2021-12-08,43,2,3,nan,34,40,43.0,38
8,菜寮,2021-12-08,45,2,5,nan,25,45,41.0,34
9,林口,2021-12-08,44,8,2,nan,25,35,44.0,31
10,淡水,2021-12-08,42,2,2,nan,23,33,42.0,35
11,士林,2021-12-08,49,5,1,nan,26,17,49.0,27
12,中山,2021-12-08,57,2,6,nan,30,57,33.0,39
13,萬華,2021-12-08,53,2,5,nan,27,53,38.0,40
14,古亭,2021-12-08,45,0,2,nan,25,22,45.0,32
15,松山,2021-12-08,53,2,3,nan,32,53,38.0,38
16,大同,2021-12-08,60,2,14,nan,43,60,nan,52
17,桃園,2021-12-08,43,18,3,nan,27,33,43.0,39
18,大園,2021-12-08,44,5,2,nan,30,30,44.0,37
19,觀音,2021-12-08,45,15,1,nan,38,17,45.0,44
20,平鎮,2021-12-08,44,8,3,nan,26,35,44.0,40
21,龍潭,2021-12-08,45,2,2,nan,21,18,45.0,28
22,湖口,2021-12-08,45,2,2,nan,25,18,45.0,37
23,竹東,2021-12-08,44,2,2,nan,19,22,44.0,33
24,新竹,2021-12-08,41,2,2,nan,25,27,41.0,38
25,頭份,2021-12-08,31,5,2,nan,25,28,nan,31
26,苗栗,2021-12-08,45,10,3,nan,25,45,43.0,25
27,三義,2021-12-08,47,5,1,nan,19,18,47.0,28
28,豐原,2021-12-08,44,8,3,nan,22,33,44.0,35
29,沙鹿,2021-12-08,46,2,2,nan,33,37,46.0,35
30,大里,2021-12-08,59,5,6,nan,46,57,45.0,59
32,西屯,2021-12-08,45,2,2,nan,31,35,45.0,40
33,彰化,2021-12-08,46,5,5,nan,37,45,46.0,41
34,線西,2021-12-08,53,18,3,nan,44,33,nan,53
35,二林,2021-12-08,49,10,3,nan,46,25,49.0,47
36,南投,2021-12-08,67,8,5,nan,36,50,67.0,60
37,斗六,2021-12-08,63,8,3,nan,49,42,58.0,63
38,崙背,2021-12-08,78,10,3,nan,51,25,44.0,78
39,新港,2021-12-08,63,5,3,nan,48,25,61.0,63
40,朴子,2021-12-08,54,8,3,nan,43,20,54.0,53
41,臺西,2021-12-08,48,8,3,nan,42,32,nan,48
42,嘉義,2021-12-08,69,59,5,nan,52,42,61.0,69
43,新營,2021-12-08,77,8,3,nan,50,47,77.0,60
44,善化,2021-12-08,67,12,3,nan,44,37,67.0,62
45,安南,2021-12-08,77,8,3,nan,52,42,77.0,63
46,臺南,2021-12-08,80,8,5,nan,54,47,80.0,67
47,美濃,2021-12-08,104,5,3,nan,40,23,104.0,64
5,土城,2021-12-09,51,2,6,nan,19,51,31.0,28.0
6,板橋,2021-12-09,50,2,5,nan,21,50,32.0,31.0
38,崙背,2021-12-09,101,8,3,nan,58,30,42.0,101.0
7,新莊,2021-12-09,55,2,6,nan,29,55,31.0,36.0
8,菜寮,2021-12-09,55,2,6,nan,24,55,31.0,34.0
9,林口,2021-12-09,50,2,3,nan,23,50,32.0,34.0
37,斗六,2021-12-09,77,10,5,nan,58,48,77.0,74.0
10,淡水,2021-12-09,47,2,6,nan,21,47,31.0,37.0
11,士林,2021-12-09,40,10,2,nan,21,27,40.0,28.0
12,中山,2021-12-09,60,5,8,nan,27,60,27.0,37.0
36,南投,2021-12-09,74,8,5,nan,41,55,74.0,69.0
13,萬華,2021-12-09,56,2,6,nan,23,56,30.0,40.0
14,古亭,2021-12-09,38,0,3,nan,19,38,34.0,31.0
33,彰化,2021-12-09,59,10,6,nan,45,54,46.0,59.0
15,松山,2021-12-09,55,5,6,nan,27,55,23.0,32.0
16,大同,2021-12-09,60,5,15,nan,40,60,nan,56.0
17,桃園,2021-12-09,35,28,5,nan,22,35,32.0,34.0
18,大園,2021-12-09,43,8,2,nan,23,43,35.0,31.0
19,觀音,2021-12-09,47,15,2,nan,32,47,39.0,46.0
35,二林,2021-12-09,61,10,5,nan,54,45,48.0,61.0
85,大城,2021-12-09,65,10,3,nan,58,50,47.0,65.0
20,平鎮,2021-12-09,38,8,5,nan,22,38,32.0,36.0
84,富貴角,2021-12-09,54,0,1,nan,54,10,48.0,37.0
83,麥寮,2021-12-09,61,8,5,nan,53,38,nan,61.0
80,關山,2021-12-09,36,2,1,nan,14,15,36.0,17.0
78,馬公,2021-12-09,61,2,2,nan,38,10,61.0,55.0
21,龍潭,2021-12-09,52,2,3,nan,18,52,33.0,32.0
77,金門,2021-12-09,64,12,2,nan,49,30,64.0,57.0
75,馬祖,2021-12-09,59,8,2,nan,35,12,48.0,59.0
72,埔里,2021-12-09,80,5,5,nan,40,40,80.0,68.0
71,復興,2021-12-09,68,8,9,nan,56,60,nan,68.0
70,永和,2021-12-09,51,2,8,nan,23,51,nan,36.0
22,湖口,2021-12-09,37,5,2,nan,26,35,36.0,37.0
69,竹山,2021-12-09,87,10,3,nan,44,45,87.0,70.0
68,中壢,2021-12-09,55,5,9,nan,24,55,nan,37.0
23,竹東,2021-12-09,36,2,3,nan,17,33,36.0,32.0
67,三重,2021-12-09,69,5,15,nan,37,69,nan,48.0
24,新竹,2021-12-09,45,8,5,nan,23,45,29.0,43.0
66,冬山,2021-12-09,30,2,3,nan,18,30,28.0,25.0
65,宜蘭,2021-12-09,34,2,3,nan,14,30,34.0,27.0
25,頭份,2021-12-09,50,5,5,nan,29,50,nan,42.0
64,陽明,2021-12-09,42,5,1,nan,11,3,42.0,25.0
63,花蓮,2021-12-09,32,0,3,nan,15,30,32.0,27.0
62,臺東,2021-12-09,36,2,2,nan,16,17,36.0,19.0
61,恆春,2021-12-09,42,2,1,nan,13,2,42.0,20.0
60,潮州,2021-12-09,97,8,3,nan,42,27,97.0,60.0
59,屏東,2021-12-09,87,5,3,nan,54,30,87.0,72.0
58,小港,2021-12-09,71,8,6,nan,54,55,58.0,71.0
57,前鎮,2021-12-09,73,10,8,nan,59,58,nan,73.0
26,苗栗,2021-12-09,48,18,5,nan,29,48,35.0,42.0
56,前金,2021-12-09,101,10,7,nan,58,65,101.0,80.0
54,左營,2021-12-09,104,12,7,nan,58,66,104.0,77.0
53,楠梓,2021-12-09,87,8,6,nan,62,60,87.0,73.0
27,三義,2021-12-09,61,5,3,nan,32,33,61.0,48.0
52,林園,2021-12-09,90,12,3,nan,61,43,90.0,86.0
51,大寮,2021-12-09,77,25,5,nan,54,48,61.0,77.0
50,鳳山,2021-12-09,81,10,9,nan,53,55,nan,81.0
49,仁武,2021-12-09,80,10,6,nan,56,55,80.0,80.0
28,豐原,2021-12-09,57,8,3,nan,36,37,49.0,57.0
29,沙鹿,2021-12-09,57,5,6,nan,40,52,44.0,57.0
48,橋頭,2021-12-09,93,8,5,nan,62,54,93.0,84.0
47,美濃,2021-12-09,87,5,3,nan,41,15,87.0,nan
46,臺南,2021-12-09,87,8,7,nan,63,57,87.0,72.0
30,大里,2021-12-09,74,8,7,nan,59,62,49.0,74.0
45,安南,2021-12-09,84,8,6,nan,60,53,84.0,65.0
31,忠明,2021-12-09,74,5,9,nan,48,65,47.0,74.0
44,善化,2021-12-09,67,8,3,nan,44,40,67.0,63.0
43,新營,2021-12-09,77,10,6,nan,57,47,77.0,70.0
42,嘉義,2021-12-09,77,12,5,nan,49,35,77.0,71.0
41,臺西,2021-12-09,60,15,3,nan,50,38,nan,60.0
40,朴子,2021-12-09,64,5,5,nan,53,32,64.0,63.0
39,新港,2021-12-09,72,12,6,nan,61,40,64.0,72.0
34,線西,2021-12-09,61,15,5,nan,46,48,nan,61.0
1,基隆,2021-12-09,40,0,6,nan,22,40,34.0,32.0
2,汐止,2021-12-09,56,15,5,nan,23,56,25.0,41.0
32,西屯,2021-12-09,68,5,6,nan,49,57,46.0,68.0
3,萬里,2021-12-09,41,20,2,nan,33,28,41.0,35.0
4,新店,2021-12-09,45,2,5,nan,18,45,33.0,27.0
84,富貴角,2021-12-10,47,0,1,nan,38,5,47.0,30
1,基隆,2021-12-10,38,0,2,nan,22,18,38.0,34
2,汐止,2021-12-10,55,15,2,nan,20,55,30.0,34
3,萬里,2021-12-10,49,2,1,nan,49,18,43.0,36
4,新店,2021-12-10,34,2,3,nan,17,32,34.0,25
5,土城,2021-12-10,35,0,3,nan,17,35,31.0,27
6,板橋,2021-12-10,42,2,5,nan,19,42,31.0,28
7,新莊,2021-12-10,40,2,3,nan,27,38,31.0,40
8,菜寮,2021-12-10,43,2,3,nan,18,43,31.0,33
9,林口,2021-12-10,45,2,2,nan,20,45,31.0,31
10,淡水,2021-12-10,35,2,3,nan,17,35,34.0,31
11,士林,2021-12-10,39,8,2,nan,19,18,39.0,30
12,中山,2021-12-10,57,2,7,nan,23,57,24.0,34
13,萬華,2021-12-10,53,2,5,nan,20,53,25.0,36
14,古亭,2021-12-10,43,2,3,nan,18,43,33.0,31
15,松山,2021-12-10,52,5,3,nan,24,52,25.0,30
16,大同,2021-12-10,62,5,11,nan,35,62,nan,53
17,桃園,2021-12-10,36,18,3,nan,20,27,33.0,36
18,大園,2021-12-10,33,10,2,nan,23,33,31.0,29
19,觀音,2021-12-10,37,12,1,nan,29,23,35.0,37
20,平鎮,2021-12-10,34,8,3,nan,18,32,34.0,34
21,龍潭,2021-12-10,35,2,3,nan,17,33,35.0,30
22,湖口,2021-12-10,37,5,2,nan,20,20,37.0,34
23,竹東,2021-12-10,34,2,3,nan,14,30,34.0,31
24,新竹,2021-12-10,33,5,3,nan,18,32,32.0,33
25,頭份,2021-12-10,53,5,3,nan,20,53,nan,32
26,苗栗,2021-12-10,45,10,6,nan,23,45,37.0,39
67,三重,2021-12-10,60,5,15,nan,31,60,nan,47
53,楠梓,2021-12-10,76,8,6,nan,57,66,74.0,76
54,左營,2021-12-10,87,10,7,nan,51,62,87.0,77
27,三義,2021-12-10,77,8,3,nan,27,32,77.0,51
83,麥寮,2021-12-10,78,12,5,nan,56,38,nan,78
28,豐原,2021-12-10,64,2,5,nan,35,35,64.0,57
29,沙鹿,2021-12-10,62,5,6,nan,45,55,49.0,62
56,前金,2021-12-10,77,10,6,nan,47,56,77.0,70
30,大里,2021-12-10,83,5,8,nan,68,69,61.0,83
68,中壢,2021-12-10,51,5,10,nan,22,51,nan,37
31,忠明,2021-12-10,81,5,9,nan,51,70,77.0,81
57,前鎮,2021-12-10,68,15,9,nan,52,62,nan,68
32,西屯,2021-12-10,78,5,7,nan,51,63,67.0,78
85,大城,2021-12-10,72,8,3,nan,58,37,51.0,72
33,彰化,2021-12-10,80,15,8,nan,50,60,80.0,76
34,線西,2021-12-10,69,25,5,nan,56,51,nan,69
58,小港,2021-12-10,74,12,5,nan,51,69,50.0,74
35,二林,2021-12-10,92,10,5,nan,69,45,90.0,92
75,馬祖,2021-12-10,97,5,3,nan,35,13,97.0,68
59,屏東,2021-12-10,83,25,6,nan,59,55,67.0,83
36,南投,2021-12-10,93,12,6,nan,47,57,93.0,80
69,竹山,2021-12-10,112,5,2,nan,45,28,112.0,81
37,斗六,2021-12-10,97,8,5,nan,56,42,97.0,76
60,潮州,2021-12-10,112,10,2,nan,46,35,112.0,68
38,崙背,2021-12-10,131,10,5,nan,70,37,71.0,131
80,關山,2021-12-10,33,2,1,nan,13,10,33.0,18
39,新港,2021-12-10,78,5,6,nan,48,38,67.0,78
70,永和,2021-12-10,38,0,5,nan,20,38,nan,36
40,朴子,2021-12-10,69,5,5,nan,47,38,67.0,69
61,恆春,2021-12-10,42,2,1,nan,14,0,42.0,22
41,臺西,2021-12-10,70,8,3,nan,50,30,nan,70
77,金門,2021-12-10,60,28,2,nan,55,48,58.0,60
42,嘉義,2021-12-10,80,15,5,nan,49,38,80.0,79
62,臺東,2021-12-10,31,2,2,nan,14,18,31.0,24
43,新營,2021-12-10,77,8,6,nan,44,40,77.0,69
44,善化,2021-12-10,87,5,5,nan,41,50,87.0,67
63,花蓮,2021-12-10,30,2,3,nan,15,25,29.0,30
45,安南,2021-12-10,90,5,7,nan,54,58,90.0,73
46,臺南,2021-12-10,87,8,7,nan,54,54,87.0,76
71,復興,2021-12-10,66,10,11,nan,52,62,nan,66
47,美濃,2021-12-10,97,8,3,nan,42,27,97.0,69
64,陽明,2021-12-10,41,2,1,nan,7,2,41.0,23
48,橋頭,2021-12-10,84,10,6,nan,53,64,84.0,81
49,仁武,2021-12-10,80,12,5,nan,48,55,67.0,80
65,宜蘭,2021-12-10,33,0,5,nan,15,33,28.0,30
78,馬公,2021-12-10,44,2,1,nan,31,5,44.0,44
50,鳳山,2021-12-10,80,8,9,nan,48,55,nan,80
66,冬山,2021-12-10,33,2,3,nan,16,33,22.0,28
51,大寮,2021-12-10,85,52,6,nan,57,61,38.0,85
52,林園,2021-12-10,129,12,3,nan,60,37,129.0,83
72,埔里,2021-12-10,74,5,7,nan,40,59,61.0,74
1,基隆,2021-12-11,39,2,6,nan,18,38,39.0,31
2,汐止,2021-12-11,52,10,5,nan,17,52,34.0,31
3,萬里,2021-12-11,46,2,2,nan,46,20,45.0,32
4,新店,2021-12-11,36,2,3,nan,15,32,36.0,22
5,土城,2021-12-11,48,5,6,nan,18,48,35.0,29
6,板橋,2021-12-11,40,5,5,nan,18,40,33.0,23
7,新莊,2021-12-11,53,5,3,nan,20,53,37.0,30
8,菜寮,2021-12-11,52,5,5,nan,16,52,36.0,30
9,林口,2021-12-11,33,2,2,nan,16,22,33.0,23
10,淡水,2021-12-11,36,2,2,nan,13,15,36.0,24
11,士林,2021-12-11,47,2,2,nan,16,47,39.0,22
12,中山,2021-12-11,53,5,6,nan,19,53,29.0,29
13,萬華,2021-12-11,50,5,5,nan,17,50,31.0,30
14,古亭,2021-12-11,43,5,3,nan,18,43,31.0,32
15,松山,2021-12-11,50,5,5,nan,21,50,31.0,27
16,大同,2021-12-11,52,5,7,nan,27,52,nan,47
17,桃園,2021-12-11,35,2,3,nan,15,35,35.0,32
18,大園,2021-12-11,44,8,1,nan,16,22,44.0,25
19,觀音,2021-12-11,45,5,1,nan,18,7,45.0,26
20,平鎮,2021-12-11,34,5,3,nan,18,32,34.0,31
21,龍潭,2021-12-11,36,2,3,nan,21,32,36.0,34
22,湖口,2021-12-11,42,2,1,nan,19,10,42.0,33
23,竹東,2021-12-11,41,5,2,nan,20,23,31.0,41
24,新竹,2021-12-11,40,5,2,nan,20,35,34.0,40
25,頭份,2021-12-11,39,8,3,nan,24,37,nan,39
26,苗栗,2021-12-11,41,8,3,nan,25,38,37.0,41
27,三義,2021-12-11,42,2,2,nan,24,33,42.0,42
28,豐原,2021-12-11,61,8,3,nan,32,25,38.0,61
29,沙鹿,2021-12-11,45,5,2,nan,29,42,44.0,45
30,大里,2021-12-11,73,5,6,nan,44,52,46.0,73
31,忠明,2021-12-11,65,5,5,nan,34,65,42.0,64
32,西屯,2021-12-11,58,2,3,nan,36,55,43.0,58
33,彰化,2021-12-11,64,5,6,nan,41,57,44.0,64
34,線西,2021-12-11,44,30,2,nan,31,37,nan,44
35,二林,2021-12-11,54,8,3,nan,39,38,46.0,54
36,南投,2021-12-11,76,5,3,nan,50,35,64.0,76
37,斗六,2021-12-11,82,10,3,nan,54,35,58.0,82
38,崙背,2021-12-11,97,10,3,nan,46,33,43.0,97
39,新港,2021-12-11,83,8,6,nan,53,37,47.0,83
40,朴子,2021-12-11,68,8,3,nan,48,35,46.0,68
41,臺西,2021-12-11,53,10,5,nan,38,37,nan,53
42,嘉義,2021-12-11,81,20,5,nan,50,33,67.0,81
43,新營,2021-12-11,77,8,5,nan,51,38,64.0,77
44,善化,2021-12-11,70,12,3,nan,42,27,61.0,70
45,安南,2021-12-11,73,10,5,nan,52,47,64.0,73
46,臺南,2021-12-11,76,10,5,nan,51,42,61.0,76
47,美濃,2021-12-11,71,12,3,nan,40,17,71.0,65
48,橋頭,2021-12-11,78,8,3,nan,51,38,77.0,78
49,仁武,2021-12-11,80,10,3,nan,47,55,80.0,77
50,鳳山,2021-12-11,84,8,7,nan,49,50,nan,84
51,大寮,2021-12-11,75,53,3,nan,47,48,71.0,75
52,林園,2021-12-11,86,51,3,nan,63,43,77.0,86
53,楠梓,2021-12-11,84,5,5,nan,48,52,84.0,71
54,左營,2021-12-11,77,8,6,nan,52,52,71.0,77
56,前金,2021-12-11,77,5,6,nan,47,45,77.0,73
57,前鎮,2021-12-11,71,10,6,nan,51,55,nan,71
58,小港,2021-12-11,87,8,3,nan,47,45,87.0,71
59,屏東,2021-12-11,71,5,3,nan,45,32,71.0,70
60,潮州,2021-12-11,84,5,2,nan,38,20,84.0,60
61,恆春,2021-12-11,41,2,1,nan,13,2,41.0,20
62,臺東,2021-12-11,34,2,2,nan,17,20,34.0,21
63,花蓮,2021-12-11,37,2,2,nan,15,23,37.0,23
64,陽明,2021-12-11,43,2,1,nan,7,2,43.0,16
65,宜蘭,2021-12-11,41,0,2,nan,17,23,41.0,26
66,冬山,2021-12-11,35,5,3,nan,19,35,31.0,24
67,三重,2021-12-11,60,5,16,nan,22,60,nan,40
68,中壢,2021-12-11,51,5,7,nan,24,51,nan,38
69,竹山,2021-12-11,83,8,2,nan,45,35,80.0,83
70,永和,2021-12-11,43,2,6,nan,19,43,nan,31
71,復興,2021-12-11,70,8,8,nan,51,59,nan,70
72,埔里,2021-12-11,73,2,5,nan,37,33,71.0,73
75,馬祖,2021-12-11,110,10,3,nan,55,20,104.0,110
77,金門,2021-12-11,97,8,5,nan,50,27,97.0,77
78,馬公,2021-12-11,77,2,2,nan,32,5,77.0,56
80,關山,2021-12-11,32,2,1,nan,15,12,32.0,16
83,麥寮,2021-12-11,56,18,6,nan,42,40,nan,56
84,富貴角,2021-12-11,51,0,1,nan,26,3,51.0,23
85,大城,2021-12-11,51,10,5,nan,37,45,49.0,51
1,基隆,2021-12-12,46,2,2,nan,16,32,46.0,35
2,汐止,2021-12-12,43,12,2,nan,12,43,41.0,28
3,萬里,2021-12-12,51,0,2,nan,34,5,51.0,26
4,新店,2021-12-12,37,2,3,nan,11,30,37.0,22
5,土城,2021-12-12,38,2,5,nan,13,38,37.0,31
6,板橋,2021-12-12,37,2,5,nan,13,37,37.0,28
7,新莊,2021-12-12,47,2,3,nan,18,38,40.0,47
8,菜寮,2021-12-12,37,2,5,nan,10,35,37.0,28
9,林口,2021-12-12,44,2,2,nan,9,13,44.0,26
10,淡水,2021-12-12,43,0,2,nan,13,5,43.0,26
11,士林,2021-12-12,39,2,3,nan,14,35,39.0,20
12,中山,2021-12-12,47,5,5,nan,13,47,31.0,26
13,萬華,2021-12-12,43,2,5,nan,13,43,31.0,29
14,古亭,2021-12-12,37,2,3,nan,13,32,37.0,26
15,松山,2021-12-12,42,5,3,nan,15,42,34.0,24
16,大同,2021-12-12,57,2,10,nan,22,57,nan,41
17,桃園,2021-12-12,41,15,5,nan,11,27,41.0,33
18,大園,2021-12-12,44,5,2,nan,17,20,44.0,33
19,觀音,2021-12-12,45,10,2,nan,19,8,45.0,39
20,平鎮,2021-12-12,39,2,3,nan,16,28,39.0,39
21,龍潭,2021-12-12,37,2,3,nan,15,20,37.0,35
22,湖口,2021-12-12,44,5,2,nan,18,7,44.0,40
23,竹東,2021-12-12,41,2,2,nan,12,17,41.0,31
24,新竹,2021-12-12,40,5,3,nan,17,18,38.0,40
25,頭份,2021-12-12,32,8,2,nan,18,17,nan,32
26,苗栗,2021-12-12,41,5,1,nan,20,17,41.0,32
27,三義,2021-12-12,40,2,2,nan,17,13,40.0,33
28,豐原,2021-12-12,37,2,2,nan,16,17,36.0,37
29,沙鹿,2021-12-12,44,2,2,nan,26,20,44.0,40
30,大里,2021-12-12,51,5,6,nan,28,35,39.0,51
31,忠明,2021-12-12,44,5,2,nan,23,25,40.0,44
32,西屯,2021-12-12,46,2,2,nan,27,17,42.0,46
33,彰化,2021-12-12,47,2,2,nan,30,27,42.0,47
34,線西,2021-12-12,47,28,3,nan,30,18,nan,47
35,二林,2021-12-12,53,10,3,nan,45,12,44.0,53
36,南投,2021-12-12,56,2,3,nan,33,28,42.0,56
37,斗六,2021-12-12,72,5,3,nan,43,25,47.0,72
38,崙背,2021-12-12,77,10,2,nan,46,12,39.0,77
39,新港,2021-12-12,66,8,5,nan,48,20,43.0,66
40,朴子,2021-12-12,60,8,3,nan,49,18,43.0,60
41,臺西,2021-12-12,46,10,2,nan,34,17,nan,46
42,嘉義,2021-12-12,76,12,3,nan,43,27,47.0,76
43,新營,2021-12-12,77,8,3,nan,53,27,47.0,77
44,善化,2021-12-12,85,5,3,nan,53,25,46.0,85
45,安南,2021-12-12,71,5,3,nan,52,20,47.0,71
46,臺南,2021-12-12,77,5,3,nan,53,23,48.0,77
47,美濃,2021-12-12,66,5,3,nan,41,18,64.0,66
48,橋頭,2021-12-12,91,5,3,nan,60,28,61.0,91
49,仁武,2021-12-12,89,2,3,nan,51,28,61.0,89
50,鳳山,2021-12-12,102,12,8,nan,63,48,nan,102
51,大寮,2021-12-12,88,25,3,nan,56,35,77.0,88
52,林園,2021-12-12,97,56,5,nan,69,43,97.0,97
53,楠梓,2021-12-12,80,5,3,nan,55,30,64.0,80
54,左營,2021-12-12,97,8,5,nan,61,30,61.0,97
56,前金,2021-12-12,98,5,5,nan,63,32,67.0,98
57,前鎮,2021-12-12,92,8,6,nan,64,38,nan,92
58,小港,2021-12-12,89,8,5,nan,58,51,77.0,89
59,屏東,2021-12-12,72,5,5,nan,50,30,58.0,72
60,潮州,2021-12-12,97,8,3,nan,50,23,97.0,76
61,恆春,2021-12-12,39,2,1,nan,8,2,39.0,14
62,臺東,2021-12-12,36,2,1,nan,15,8,36.0,19
63,花蓮,2021-12-12,45,5,2,nan,13,12,45.0,21
64,陽明,2021-12-12,48,5,2,nan,4,2,48.0,15
65,宜蘭,2021-12-12,44,0,2,nan,10,10,44.0,19
66,冬山,2021-12-12,44,2,2,nan,14,15,44.0,22
67,三重,2021-12-12,57,5,12,nan,17,57,nan,32
68,中壢,2021-12-12,55,2,7,nan,19,55,nan,40
69,竹山,2021-12-12,64,5,2,nan,29,32,48.0,64
70,永和,2021-12-12,43,2,8,nan,16,43,nan,37
71,復興,2021-12-12,91,5,8,nan,63,42,nan,91
72,埔里,2021-12-12,51,2,5,nan,22,33,44.0,51
75,馬祖,2021-12-12,85,2,3,nan,44,13,74.0,85
77,金門,2021-12-12,107,28,6,nan,69,55,87.0,107
78,馬公,2021-12-12,49,2,2,nan,22,3,49.0,39
80,關山,2021-12-12,35,2,1,nan,12,7,35.0,13
83,麥寮,2021-12-12,51,12,2,nan,45,18,nan,51
84,富貴角,2021-12-12,61,0,2,nan,31,3,61.0,35
85,大城,2021-12-12,49,10,2,nan,34,20,49.0,45
64,陽明,2021-12-13,41,2,3,nan,3,2,41.0,13
16,大同,2021-12-13,60,2,12,nan,31,60,nan,52
63,花蓮,2021-12-13,42,2,3,nan,13,13,42.0,17
17,桃園,2021-12-13,42,10,6,nan,16,42,31.0,38
77,金門,2021-12-13,73,5,5,nan,48,18,71.0,73
18,大園,2021-12-13,40,10,3,nan,22,40,36.0,39
62,臺東,2021-12-13,42,5,3,nan,20,15,42.0,17
51,大寮,2021-12-13,78,15,5,nan,60,57,46.0,78
19,觀音,2021-12-13,45,12,3,nan,27,23,36.0,45
57,前鎮,2021-12-13,68,8,7,nan,56,43,nan,68
20,平鎮,2021-12-13,41,2,6,nan,18,35,31.0,41
21,龍潭,2021-12-13,33,2,3,nan,12,22,33.0,30
61,恆春,2021-12-13,45,2,2,nan,11,2,45.0,16
22,湖口,2021-12-13,40,2,3,nan,21,20,35.0,40
49,仁武,2021-12-13,70,5,5,nan,46,55,42.0,70
23,竹東,2021-12-13,37,0,2,nan,8,10,37.0,22
60,潮州,2021-12-13,80,5,3,nan,57,25,38.0,80
69,竹山,2021-12-13,51,2,3,nan,28,35,51.0,51
24,新竹,2021-12-13,39,2,3,nan,19,25,31.0,39
68,中壢,2021-12-13,52,5,9,nan,21,52,nan,41
25,頭份,2021-12-13,29,5,5,nan,16,23,nan,29
26,苗栗,2021-12-13,38,8,3,nan,16,38,36.0,27
59,屏東,2021-12-13,74,10,6,nan,53,47,61.0,74
58,小港,2021-12-13,73,15,6,nan,56,52,44.0,73
27,三義,2021-12-13,36,2,3,nan,14,15,36.0,22
28,豐原,2021-12-13,35,5,3,nan,12,18,35.0,22
1,基隆,2021-12-13,39,2,3,nan,22,10,39.0,37
29,沙鹿,2021-12-13,40,2,3,nan,26,23,40.0,34
30,大里,2021-12-13,43,2,5,nan,17,43,40.0,23
52,林園,2021-12-13,84,20,5,nan,67,55,80.0,84
31,忠明,2021-12-13,38,5,5,nan,17,35,38.0,28
9,林口,2021-12-13,47,2,3,nan,17,47,36.0,32
32,西屯,2021-12-13,39,2,3,nan,21,27,39.0,30
75,馬祖,2021-12-13,67,2,3,nan,35,10,43.0,67
33,彰化,2021-12-13,40,2,3,nan,23,33,40.0,30
5,土城,2021-12-13,43,0,5,nan,16,43,32.0,33
34,線西,2021-12-13,45,8,6,nan,36,22,nan,45
53,楠梓,2021-12-13,61,5,5,nan,50,42,46.0,61
67,三重,2021-12-13,59,2,14,nan,23,59,nan,43
35,二林,2021-12-13,47,8,5,nan,47,23,41.0,38
36,南投,2021-12-13,44,5,5,nan,22,42,44.0,36
14,古亭,2021-12-13,40,2,5,nan,16,40,34.0,34
7,新莊,2021-12-13,47,2,5,nan,17,47,31.0,35
50,鳳山,2021-12-13,80,10,10,nan,55,63,nan,80
37,斗六,2021-12-13,50,5,3,nan,34,30,43.0,50
10,淡水,2021-12-13,35,0,3,nan,15,15,35.0,30
72,埔里,2021-12-13,50,2,6,nan,24,45,50.0,47
3,萬里,2021-12-13,49,0,3,nan,49,8,43.0,41
48,橋頭,2021-12-13,65,5,6,nan,45,40,48.0,65
54,左營,2021-12-13,64,10,5,nan,51,38,58.0,64
38,崙背,2021-12-13,61,8,5,nan,50,23,39.0,61
39,新港,2021-12-13,49,5,5,nan,44,23,44.0,49
15,松山,2021-12-13,48,5,5,nan,21,48,31.0,33
40,朴子,2021-12-13,50,8,3,nan,50,30,44.0,47
11,士林,2021-12-13,52,2,3,nan,13,52,35.0,23
41,臺西,2021-12-13,42,5,3,nan,37,15,nan,42
71,復興,2021-12-13,60,5,7,nan,52,43,nan,60
12,中山,2021-12-13,52,2,7,nan,18,52,31.0,36
42,嘉義,2021-12-13,58,40,6,nan,35,42,43.0,58
43,新營,2021-12-13,49,5,3,nan,43,28,46.0,49
66,冬山,2021-12-13,37,2,3,nan,8,37,36.0,22
78,馬公,2021-12-13,53,2,3,nan,30,5,43.0,53
2,汐止,2021-12-13,51,5,3,nan,17,51,32.0,31
44,善化,2021-12-13,52,5,3,nan,36,30,49.0,52
6,板橋,2021-12-13,45,2,6,nan,17,45,32.0,33
45,安南,2021-12-13,50,2,3,nan,49,23,50.0,45
56,前金,2021-12-13,67,5,5,nan,50,40,61.0,67
13,萬華,2021-12-13,48,2,5,nan,16,48,32.0,34
85,大城,2021-12-13,46,5,2,nan,33,23,46.0,42
70,永和,2021-12-13,50,0,8,nan,19,50,nan,42
46,臺南,2021-12-13,55,5,5,nan,48,27,50.0,55
84,富貴角,2021-12-13,45,0,2,nan,43,3,45.0,43
4,新店,2021-12-13,33,0,5,nan,13,33,32.0,24
65,宜蘭,2021-12-13,39,2,3,nan,8,18,39.0,25
83,麥寮,2021-12-13,51,8,3,nan,50,23,nan,51
8,菜寮,2021-12-13,37,2,6,nan,15,37,31.0,37
47,美濃,2021-12-13,74,5,3,nan,43,18,74.0,64
80,關山,2021-12-13,40,2,2,nan,22,8,40.0,13
25,頭份,2021-12-14,60,12,6,nan,24,60,nan,33
66,冬山,2021-12-14,30,0,3,nan,11,27,30.0,17
45,安南,2021-12-14,80,10,6,nan,61,47,80.0,73
65,宜蘭,2021-12-14,33,0,5,nan,9,23,33.0,17
46,臺南,2021-12-14,93,10,6,nan,56,48,93.0,75
64,陽明,2021-12-14,41,5,2,nan,5,3,41.0,14
63,花蓮,2021-12-14,32,2,3,nan,11,15,32.0,16
47,美濃,2021-12-14,100,10,5,nan,51,30,100.0,77
62,臺東,2021-12-14,37,2,3,nan,12,15,37.0,15
61,恆春,2021-12-14,41,2,2,nan,5,2,41.0,7
60,潮州,2021-12-14,87,2,6,nan,67,25,34.0,87
59,屏東,2021-12-14,98,35,9,nan,76,64,93.0,98
48,橋頭,2021-12-14,118,8,6,nan,65,55,118.0,92
58,小港,2021-12-14,86,12,7,nan,63,67,71.0,86
57,前鎮,2021-12-14,84,12,8,nan,65,58,nan,84
56,前金,2021-12-14,122,8,7,nan,57,45,122.0,83
54,左營,2021-12-14,122,15,7,nan,59,54,122.0,84
49,仁武,2021-12-14,112,20,6,nan,61,63,112.0,93
53,楠梓,2021-12-14,115,10,6,nan,62,55,115.0,78
52,林園,2021-12-14,140,28,6,nan,80,48,140.0,104
50,鳳山,2021-12-14,99,12,10,nan,64,57,nan,99
51,大寮,2021-12-14,107,30,8,nan,75,62,93.0,107
9,林口,2021-12-14,31,2,3,nan,14,30,31.0,22
10,淡水,2021-12-14,38,2,5,nan,13,38,35.0,25
11,士林,2021-12-14,36,5,2,nan,16,17,36.0,20
5,土城,2021-12-14,43,2,6,nan,13,43,32.0,24
12,中山,2021-12-14,54,2,7,nan,18,54,25.0,28
13,萬華,2021-12-14,53,2,5,nan,15,53,27.0,31
14,古亭,2021-12-14,43,2,5,nan,15,43,35.0,22
6,板橋,2021-12-14,52,0,7,nan,16,52,31.0,19
7,新莊,2021-12-14,33,0,5,nan,18,33,33.0,27
2,汐止,2021-12-14,54,5,2,nan,14,54,29.0,24
3,萬里,2021-12-14,41,2,2,nan,28,17,41.0,26
8,菜寮,2021-12-14,38,2,5,nan,16,38,32.0,31
4,新店,2021-12-14,31,0,3,nan,10,30,31.0,16
1,基隆,2021-12-14,31,2,3,nan,17,27,31.0,29
15,松山,2021-12-14,52,2,5,nan,21,52,24.0,24
16,大同,2021-12-14,57,2,9,nan,31,57,nan,43
17,桃園,2021-12-14,40,18,5,nan,14,40,32.0,27
18,大園,2021-12-14,54,5,5,nan,17,54,31.0,27
19,觀音,2021-12-14,51,12,6,nan,27,51,35.0,38
20,平鎮,2021-12-14,52,5,7,nan,14,52,32.0,29
21,龍潭,2021-12-14,51,0,6,nan,14,51,33.0,22
22,湖口,2021-12-14,43,5,5,nan,19,43,42.0,32
23,竹東,2021-12-14,41,5,5,nan,16,33,41.0,32
24,新竹,2021-12-14,53,5,6,nan,17,53,38.0,28
67,三重,2021-12-14,58,2,15,nan,23,58,nan,36
26,苗栗,2021-12-14,54,12,6,nan,26,54,39.0,31
27,三義,2021-12-14,58,5,3,nan,26,23,58.0,44
28,豐原,2021-12-14,52,10,5,nan,32,43,42.0,52
29,沙鹿,2021-12-14,44,5,5,nan,32,38,44.0,41
30,大里,2021-12-14,64,5,8,nan,46,64,58.0,61
31,忠明,2021-12-14,60,5,8,nan,36,60,48.0,55
32,西屯,2021-12-14,60,5,6,nan,38,60,47.0,52
33,彰化,2021-12-14,51,5,6,nan,37,51,44.0,46
34,線西,2021-12-14,44,18,5,nan,36,37,nan,44
35,二林,2021-12-14,44,22,5,nan,37,32,44.0,42
85,大城,2021-12-14,45,10,5,nan,36,38,45.0,43
36,南投,2021-12-14,87,5,6,nan,38,48,87.0,58
84,富貴角,2021-12-14,44,5,1,nan,30,7,44.0,26
37,斗六,2021-12-14,84,10,5,nan,52,33,84.0,71
38,崙背,2021-12-14,85,12,5,nan,44,32,43.0,85
39,新港,2021-12-14,68,10,6,nan,48,35,51.0,68
83,麥寮,2021-12-14,40,10,5,nan,34,37,nan,40
80,關山,2021-12-14,34,2,2,nan,11,10,34.0,9
78,馬公,2021-12-14,47,2,2,nan,33,8,47.0,45
40,朴子,2021-12-14,55,8,5,nan,44,28,49.0,55
41,臺西,2021-12-14,42,10,6,nan,35,37,nan,42
77,金門,2021-12-14,64,8,3,nan,39,23,64.0,55
75,馬祖,2021-12-14,65,8,3,nan,38,17,38.0,65
42,嘉義,2021-12-14,80,48,5,nan,52,45,80.0,75
43,新營,2021-12-14,84,8,6,nan,52,40,84.0,71
72,埔里,2021-12-14,67,5,6,nan,29,43,67.0,56
71,復興,2021-12-14,83,12,10,nan,61,61,nan,83
70,永和,2021-12-14,43,0,7,nan,15,43,nan,30
69,竹山,2021-12-14,104,5,3,nan,38,32,104.0,69
44,善化,2021-12-14,69,8,6,nan,47,33,51.0,69
68,中壢,2021-12-14,57,8,20,nan,20,57,nan,31
49,仁武,2021-12-15,100,8,5,nan,57,52,100.0,98
48,橋頭,2021-12-15,112,5,5,nan,71,42,112.0,100
47,美濃,2021-12-15,136,2,6,nan,63,22,136.0,106
46,臺南,2021-12-15,112,5,5,nan,67,32,112.0,92
45,安南,2021-12-15,100,5,5,nan,67,27,100.0,88
44,善化,2021-12-15,93,8,3,nan,60,30,93.0,92
43,新營,2021-12-15,100,5,5,nan,65,45,100.0,91
42,嘉義,2021-12-15,108,45,5,nan,69,28,108.0,103
41,臺西,2021-12-15,65,12,2,nan,49,43,nan,65
40,朴子,2021-12-15,79,10,5,nan,58,30,49.0,79
39,新港,2021-12-15,96,8,5,nan,66,33,74.0,96
38,崙背,2021-12-15,88,5,5,nan,70,25,44.0,88
37,斗六,2021-12-15,97,8,5,nan,71,28,93.0,97
36,南投,2021-12-15,93,15,6,nan,54,54,93.0,81
35,二林,2021-12-15,79,10,5,nan,59,33,48.0,79
34,線西,2021-12-15,67,5,5,nan,49,40,nan,67
33,彰化,2021-12-15,84,25,6,nan,54,42,40.0,84
32,西屯,2021-12-15,71,2,6,nan,49,52,58.0,71
31,忠明,2021-12-15,74,5,7,nan,47,53,54.0,74
30,大里,2021-12-15,82,5,8,nan,54,56,71.0,82
29,沙鹿,2021-12-15,56,5,6,nan,41,47,47.0,56
28,豐原,2021-12-15,63,8,5,nan,35,32,48.0,63
27,三義,2021-12-15,84,5,3,nan,31,23,84.0,48
26,苗栗,2021-12-15,77,10,5,nan,28,40,77.0,49
25,頭份,2021-12-15,53,12,5,nan,29,53,nan,47
24,新竹,2021-12-15,56,8,7,nan,29,54,44.0,56
23,竹東,2021-12-15,67,5,5,nan,25,42,67.0,51
22,湖口,2021-12-15,60,8,5,nan,31,45,11.0,60
21,龍潭,2021-12-15,60,5,6,nan,29,60,48.0,55
20,平鎮,2021-12-15,69,8,8,nan,27,69,29.0,58
19,觀音,2021-12-15,57,12,5,nan,31,48,43.0,57
18,大園,2021-12-15,80,10,6,nan,39,55,38.0,80
17,桃園,2021-12-15,63,22,9,nan,29,63,40.0,63
16,大同,2021-12-15,62,5,19,nan,23,62,nan,39
15,松山,2021-12-15,52,8,6,nan,14,52,32.0,18
14,古亭,2021-12-15,50,2,6,nan,10,50,37.0,16
13,萬華,2021-12-15,61,2,7,nan,11,61,26.0,19
12,中山,2021-12-15,55,2,10,nan,14,55,25.0,20
11,士林,2021-12-15,56,2,7,nan,13,56,35.0,19
10,淡水,2021-12-15,48,2,5,nan,13,48,38.0,27
9,林口,2021-12-15,45,2,5,nan,13,45,35.0,18
8,菜寮,2021-12-15,60,5,10,nan,12,60,31.0,25
7,新莊,2021-12-15,60,2,9,nan,20,60,33.0,36
6,板橋,2021-12-15,70,2,10,nan,19,70,25.0,31
5,土城,2021-12-15,71,5,9,nan,20,71,31.0,35
4,新店,2021-12-15,42,0,6,nan,9,42,37.0,15
3,萬里,2021-12-15,39,0,2,nan,8,23,39.0,10
2,汐止,2021-12-15,52,2,6,nan,11,52,30.0,19
1,基隆,2021-12-15,36,0,3,nan,10,32,36.0,20
85,大城,2021-12-15,68,5,2,nan,53,25,58.0,68
84,富貴角,2021-12-15,42,2,2,nan,27,10,42.0,20
83,麥寮,2021-12-15,74,5,3,nan,53,27,nan,74
80,關山,2021-12-15,23,2,2,nan,12,12,23.0,17
78,馬公,2021-12-15,54,2,2,nan,33,12,54.0,54
77,金門,2021-12-15,60,18,3,nan,45,45,51.0,60
75,馬祖,2021-12-15,67,18,3,nan,36,28,25.0,67
72,埔里,2021-12-15,93,5,6,nan,34,51,93.0,67
71,復興,2021-12-15,97,10,9,nan,66,50,nan,97
70,永和,2021-12-15,58,2,16,nan,13,58,nan,25
69,竹山,2021-12-15,104,8,3,nan,49,30,104.0,84
68,中壢,2021-12-15,67,8,18,nan,43,67,nan,67
67,三重,2021-12-15,65,5,19,nan,17,65,nan,33
66,冬山,2021-12-15,28,0,3,nan,16,23,28.0,19
65,宜蘭,2021-12-15,48,2,5,nan,15,48,33.0,23
64,陽明,2021-12-15,38,2,2,nan,4,3,38.0,9
63,花蓮,2021-12-15,29,0,2,nan,9,18,29.0,17
62,臺東,2021-12-15,32,2,3,nan,10,32,29.0,17
61,恆春,2021-12-15,40,2,1,nan,12,2,40.0,16
60,潮州,2021-12-15,118,10,6,nan,66,54,118.0,96
59,屏東,2021-12-15,150,10,6,nan,78,47,150.0,113
58,小港,2021-12-15,98,12,7,nan,70,57,58.0,98
57,前鎮,2021-12-15,95,10,8,nan,72,48,nan,95
56,前金,2021-12-15,112,5,6,nan,67,37,112.0,96
54,左營,2021-12-15,115,10,6,nan,66,35,115.0,100
53,楠梓,2021-12-15,115,2,5,nan,63,47,115.0,86
52,林園,2021-12-15,126,48,6,nan,86,48,126.0,118
51,大寮,2021-12-15,120,20,7,nan,77,53,87.0,120
50,鳳山,2021-12-15,109,15,10,nan,69,57,nan,109
1,基隆,2021-12-16,63,5,5,nan,28.0,35,58.0,63.0
2,汐止,2021-12-16,74,45,7,nan,35.0,59,41.0,74.0
3,萬里,2021-12-16,77,2,3,nan,26.0,27,77.0,51.0
4,新店,2021-12-16,71,20,6,nan,27.0,55,71.0,61.0
5,土城,2021-12-16,79,20,9,nan,39.0,62,51.0,79.0
6,板橋,2021-12-16,79,12,9,nan,39.0,68,51.0,79.0
7,新莊,2021-12-16,83,10,7,nan,39.0,61,49.0,83.0
8,菜寮,2021-12-16,80,15,8,nan,37.0,54,50.0,80.0
9,林口,2021-12-16,75,5,6,nan,36.0,56,49.0,75.0
10,淡水,2021-12-16,72,5,7,nan,33.0,52,51.0,72.0
11,士林,2021-12-16,69,12,7,nan,39.0,54,44.0,69.0
12,中山,2021-12-16,71,18,8,nan,36.0,62,40.0,71.0
13,萬華,2021-12-16,78,20,7,nan,36.0,69,44.0,78.0
14,古亭,2021-12-16,74,25,6,nan,33.0,61,48.0,74.0
15,松山,2021-12-16,72,32,8,nan,39.0,60,40.0,72.0
16,大同,2021-12-16,86,18,19,nan,44.0,68,nan,86.0
17,桃園,2021-12-16,97,20,7,nan,44.0,64,48.0,97.0
18,大園,2021-12-16,83,8,5,nan,43.0,45,47.0,83.0
19,觀音,2021-12-16,69,5,3,nan,38.0,30,45.0,69.0
20,平鎮,2021-12-16,88,2,6,nan,44.0,57,45.0,88.0
21,龍潭,2021-12-16,87,5,7,nan,45.0,63,54.0,87.0
22,湖口,2021-12-16,93,5,3,nan,49.0,33,49.0,93.0
23,竹東,2021-12-16,71,8,6,nan,32.0,55,46.0,71.0
24,新竹,2021-12-16,90,5,6,nan,47.0,57,38.0,90.0
25,頭份,2021-12-16,84,10,6,nan,53.0,60,nan,84.0
26,苗栗,2021-12-16,80,8,5,nan,47.0,45,49.0,80.0
27,三義,2021-12-16,80,2,5,nan,37.0,32,80.0,66.0
28,豐原,2021-12-16,74,5,6,nan,38.0,43,49.0,74.0
37,斗六,2021-12-16,126,10,6,nan,81.0,45,77.0,126.0
29,沙鹿,2021-12-16,94,5,5,nan,61.0,43,58.0,94.0
42,嘉義,2021-12-16,134,15,6,nan,79.0,43,80.0,134.0
38,崙背,2021-12-16,120,8,5,nan,83.0,27,71.0,120.0
30,大里,2021-12-16,105,5,8,nan,59.0,62,54.0,105.0
49,仁武,2021-12-16,117,32,7,nan,62.0,59,87.0,117.0
31,忠明,2021-12-16,98,5,8,nan,60.0,66,45.0,98.0
45,安南,2021-12-16,118,5,6,nan,77.0,45,90.0,118.0
32,西屯,2021-12-16,95,5,7,nan,63.0,63,49.0,95.0
43,新營,2021-12-16,126,8,5,nan,77.0,43,87.0,126.0
39,新港,2021-12-16,123,5,5,nan,78.0,22,64.0,123.0
44,善化,2021-12-16,113,5,5,nan,64.0,54,71.0,113.0
33,彰化,2021-12-16,108,22,8,nan,69.0,59,46.0,108.0
40,朴子,2021-12-16,112,8,5,nan,76.0,22,84.0,112.0
34,線西,2021-12-16,95,10,5,nan,61.0,45,nan,95.0
48,橋頭,2021-12-16,127,18,6,nan,72.0,57,97.0,127.0
46,臺南,2021-12-16,133,5,6,nan,74.0,38,93.0,133.0
35,二林,2021-12-16,112,5,5,nan,75.0,22,67.0,112.0
41,臺西,2021-12-16,90,12,3,nan,60.0,37,nan,90.0
36,南投,2021-12-16,77,10,6,nan,46.0,55,71.0,77.0
47,美濃,2021-12-16,136,5,5,nan,58.0,20,136.0,97.0
85,大城,2021-12-16,96,8,3,nan,60.0,28,87.0,96.0
84,富貴角,2021-12-16,74,0,5,nan,29.0,25,74.0,61.0
83,麥寮,2021-12-16,98,8,5,nan,63.0,40,nan,98.0
80,關山,2021-12-16,30,2,2,nan,12.0,12,30.0,10.0
78,馬公,2021-12-16,50,0,2,nan,20.0,13,50.0,40.0
77,金門,2021-12-16,81,18,5,nan,48.0,60,49.0,81.0
75,馬祖,2021-12-16,73,15,6,nan,35.0,40,31.0,73.0
72,埔里,2021-12-16,93,5,5,nan,41.0,42,93.0,75.0
71,復興,2021-12-16,127,28,9,nan,69.0,58,nan,127.0
70,永和,2021-12-16,81,25,14,nan,38.0,66,nan,81.0
69,竹山,2021-12-16,110,10,5,nan,58.0,45,100.0,110.0
68,中壢,2021-12-16,97,5,14,nan,55.0,64,nan,97.0
67,三重,2021-12-16,89,12,16,nan,43.0,73,nan,89.0
66,冬山,2021-12-16,36,2,2,nan,19.0,25,36.0,31.0
65,宜蘭,2021-12-16,30,2,3,nan,nan,15,30.0,nan
64,陽明,2021-12-16,44,5,2,nan,9.0,7,44.0,27.0
63,花蓮,2021-12-16,38,12,3,nan,17.0,38,35.0,24.0
62,臺東,2021-12-16,42,2,3,nan,15.0,42,35.0,24.0
61,恆春,2021-12-16,42,2,1,nan,17.0,2,42.0,21.0
60,潮州,2021-12-16,109,28,5,nan,64.0,37,93.0,109.0
59,屏東,2021-12-16,144,20,7,nan,83.0,48,115.0,144.0
58,小港,2021-12-16,102,32,6,nan,67.0,57,71.0,102.0
57,前鎮,2021-12-16,111,22,8,nan,73.0,57,nan,111.0
56,前金,2021-12-16,111,28,7,nan,69.0,63,108.0,111.0
54,左營,2021-12-16,122,38,8,nan,67.0,62,115.0,122.0
53,楠梓,2021-12-16,103,15,6,nan,66.0,57,100.0,103.0
52,林園,2021-12-16,131,12,6,nan,84.0,50,93.0,131.0
51,大寮,2021-12-16,123,48,7,nan,75.0,61,74.0,123.0
50,鳳山,2021-12-16,125,50,10,nan,70.0,66,nan,125.0
64,陽明,2021-12-17,49,2,5,nan,18.0,7,49.0,35.0
11,士林,2021-12-17,45,0,5,nan,nan,45,32.0,nan
62,臺東,2021-12-17,42,2,5,nan,26.0,12,42.0,29.0
10,淡水,2021-12-17,69,2,5,nan,43.0,35,44.0,69.0
9,林口,2021-12-17,66,2,5,nan,40.0,25,43.0,66.0
61,恆春,2021-12-17,46,2,3,nan,19.0,3,46.0,32.0
8,菜寮,2021-12-17,65,2,6,nan,35.0,53,42.0,65.0
60,潮州,2021-12-17,129,8,6,nan,81.0,28,129.0,123.0
7,新莊,2021-12-17,69,2,6,nan,39.0,51,41.0,69.0
85,大城,2021-12-17,72,8,5,nan,58.0,23,45.0,72.0
59,屏東,2021-12-17,148,45,8,nan,93.0,54,97.0,148.0
6,板橋,2021-12-17,63,5,7,nan,38.0,47,37.0,63.0
5,土城,2021-12-17,67,5,7,nan,39.0,51,39.0,67.0
58,小港,2021-12-17,138,30,8,nan,104.0,72,71.0,138.0
57,前鎮,2021-12-17,133,8,9,nan,105.0,55,nan,133.0
4,新店,2021-12-17,63,2,6,nan,34.0,28,38.0,63.0
56,前金,2021-12-17,133,5,7,nan,105.0,37,64.0,133.0
3,萬里,2021-12-17,78,2,5,nan,67.0,10,51.0,78.0
2,汐止,2021-12-17,67,5,5,nan,38.0,32,43.0,67.0
54,左營,2021-12-17,137,5,7,nan,103.0,37,58.0,137.0
1,基隆,2021-12-17,70,2,5,nan,44.0,25,44.0,70.0
53,楠梓,2021-12-17,120,5,6,nan,102.0,45,74.0,120.0
52,林園,2021-12-17,156,20,7,nan,103.0,56,156.0,154.0
51,大寮,2021-12-17,134,35,7,nan,96.0,48,90.0,134.0
50,鳳山,2021-12-17,151,10,11,nan,103.0,59,nan,151.0
49,仁武,2021-12-17,136,10,7,nan,89.0,50,77.0,136.0
48,橋頭,2021-12-17,152,5,6,nan,103.0,35,67.0,152.0
47,美濃,2021-12-17,95,10,6,nan,66.0,22,90.0,95.0
46,臺南,2021-12-17,133,2,6,nan,105.0,35,44.0,133.0
45,安南,2021-12-17,114,2,6,nan,108.0,32,43.0,114.0
44,善化,2021-12-17,109,5,6,nan,96.0,28,43.0,109.0
43,新營,2021-12-17,107,2,6,nan,105.0,38,42.0,107.0
42,嘉義,2021-12-17,104,8,6,nan,75.0,33,42.0,104.0
41,臺西,2021-12-17,74,5,5,nan,74.0,17,nan,72.0
40,朴子,2021-12-17,110,5,6,nan,110.0,25,31.0,92.0
39,新港,2021-12-17,107,2,6,nan,107.0,25,37.0,90.0
38,崙背,2021-12-17,126,5,6,nan,126.0,18,38.0,93.0
37,斗六,2021-12-17,88,5,6,nan,72.0,25,40.0,88.0
36,南投,2021-12-17,82,5,6,nan,55.0,40,35.0,82.0
35,二林,2021-12-17,103,2,5,nan,103.0,20,42.0,79.0
34,線西,2021-12-17,77,8,5,nan,70.0,22,nan,77.0
33,彰化,2021-12-17,70,5,6,nan,55.0,33,38.0,70.0
32,西屯,2021-12-17,72,2,5,nan,54.0,33,39.0,72.0
31,忠明,2021-12-17,74,2,6,nan,44.0,40,36.0,74.0
30,大里,2021-12-17,74,2,6,nan,42.0,35,34.0,74.0
29,沙鹿,2021-12-17,69,5,5,nan,60.0,30,42.0,69.0
28,豐原,2021-12-17,59,2,6,nan,29.0,30,35.0,59.0
27,三義,2021-12-17,62,2,5,nan,35.0,32,43.0,62.0
26,苗栗,2021-12-17,69,8,6,nan,48.0,37,42.0,69.0
25,頭份,2021-12-17,66,5,6,nan,46.0,28,nan,66.0
84,富貴角,2021-12-17,78,0,5,nan,60.0,8,61.0,78.0
24,新竹,2021-12-17,72,2,6,nan,47.0,23,41.0,72.0
83,麥寮,2021-12-17,108,8,5,nan,108.0,20,nan,82.0
23,竹東,2021-12-17,72,2,5,nan,35.0,52,44.0,72.0
80,關山,2021-12-17,38,2,5,nan,25.0,10,38.0,27.0
22,湖口,2021-12-17,72,2,5,nan,45.0,13,44.0,72.0
78,馬公,2021-12-17,68,0,5,nan,39.0,8,61.0,68.0
21,龍潭,2021-12-17,74,8,6,nan,41.0,42,39.0,74.0
77,金門,2021-12-17,78,5,6,nan,53.0,18,44.0,78.0
20,平鎮,2021-12-17,77,2,6,nan,44.0,32,38.0,77.0
75,馬祖,2021-12-17,104,2,6,nan,50.0,22,47.0,104.0
19,觀音,2021-12-17,80,18,5,nan,55.0,15,44.0,80.0
72,埔里,2021-12-17,63,2,6,nan,31.0,28,54.0,63.0
18,大園,2021-12-17,71,5,5,nan,51.0,38,40.0,71.0
17,桃園,2021-12-17,74,38,6,nan,42.0,37,37.0,74.0
71,復興,2021-12-17,152,8,11,nan,104.0,55,nan,152.0
70,永和,2021-12-17,65,2,9,nan,37.0,45,nan,65.0
16,大同,2021-12-17,73,2,10,nan,49.0,56,nan,73.0
15,松山,2021-12-17,65,5,5,nan,39.0,37,38.0,65.0
69,竹山,2021-12-17,87,2,6,nan,49.0,47,44.0,87.0
68,中壢,2021-12-17,77,2,8,nan,46.0,47,nan,77.0
67,三重,2021-12-17,75,2,15,nan,43.0,64,nan,75.0
14,古亭,2021-12-17,65,5,6,nan,35.0,37,38.0,65.0
66,冬山,2021-12-17,50,0,5,nan,25.0,22,40.0,50.0
65,宜蘭,2021-12-17,42,0,6,nan,nan,22,42.0,nan
13,萬華,2021-12-17,62,2,7,nan,35.0,53,32.0,62.0
12,中山,2021-12-17,61,2,7,nan,34.0,52,31.0,61.0
63,花蓮,2021-12-17,47,2,5,nan,18.0,13,47.0,27.0
10,淡水,2021-12-18,41,0.0,1.0,nan,33.0,7.0,36.0,41.0
78,馬公,2021-12-18,55,2.0,2.0,nan,43.0,7.0,43.0,55.0
29,沙鹿,2021-12-18,42,5.0,2.0,nan,39.0,18.0,37.0,42.0
77,金門,2021-12-18,107,5.0,5.0,nan,86.0,20.0,58.0,107.0
75,馬祖,2021-12-18,78,2.0,3.0,nan,58.0,12.0,46.0,78.0
28,豐原,2021-12-18,36,2.0,2.0,nan,22.0,10.0,34.0,36.0
51,大寮,2021-12-18,86,12.0,7.0,nan,65.0,48.0,33.0,86.0
27,三義,2021-12-18,36,2.0,1.0,nan,23.0,8.0,36.0,25.0
72,埔里,2021-12-18,62,2.0,5.0,nan,31.0,22.0,36.0,62.0
26,苗栗,2021-12-18,37,5.0,2.0,nan,32.0,22.0,37.0,36.0
25,頭份,2021-12-18,36,5.0,2.0,nan,34.0,23.0,nan,36.0
50,鳳山,2021-12-18,83,12.0,9.0,nan,63.0,52.0,nan,83.0
24,新竹,2021-12-18,44,5.0,2.0,nan,35.0,23.0,32.0,44.0
23,竹東,2021-12-18,37,2.0,1.0,nan,27.0,7.0,37.0,35.0
71,復興,2021-12-18,77,5.0,8.0,nan,62.0,48.0,nan,77.0
70,永和,2021-12-18,43,2.0,5.0,nan,35.0,30.0,nan,43.0
22,湖口,2021-12-18,43,2.0,1.0,nan,35.0,8.0,35.0,43.0
21,龍潭,2021-12-18,38,2.0,2.0,nan,27.0,13.0,35.0,38.0
69,竹山,2021-12-18,61,2.0,3.0,nan,32.0,28.0,37.0,61.0
20,平鎮,2021-12-18,48,5.0,3.0,nan,35.0,35.0,34.0,48.0
68,中壢,2021-12-18,50,8.0,7.0,nan,37.0,50.0,nan,45.0
49,仁武,2021-12-18,74,5.0,5.0,nan,51.0,38.0,32.0,74.0
19,觀音,2021-12-18,54,15.0,1.0,nan,47.0,13.0,35.0,54.0
18,大園,2021-12-18,44,8.0,2.0,nan,41.0,22.0,33.0,44.0
17,桃園,2021-12-18,41,12.0,3.0,nan,33.0,30.0,32.0,41.0
67,三重,2021-12-18,57,2.0,14.0,nan,42.0,57.0,nan,55.0
16,大同,2021-12-18,52,2.0,6.0,nan,52.0,45.0,nan,52.0
48,橋頭,2021-12-18,75,5.0,3.0,nan,62.0,30.0,33.0,75.0
15,松山,2021-12-18,46,2.0,2.0,nan,37.0,35.0,34.0,46.0
47,美濃,2021-12-18,77,2.0,6.0,nan,52.0,22.0,36.0,77.0
66,冬山,2021-12-18,39,2.0,2.0,nan,26.0,22.0,33.0,39.0
14,古亭,2021-12-18,41,2.0,2.0,nan,33.0,28.0,35.0,41.0
65,宜蘭,2021-12-18,36,0.0,1.0,nan,21.0,8.0,34.0,36.0
13,萬華,2021-12-18,42,2.0,3.0,nan,33.0,42.0,33.0,40.0
46,臺南,2021-12-18,68,5.0,3.0,nan,62.0,27.0,34.0,68.0
64,陽明,2021-12-18,38,2.0,2.0,nan,21.0,3.0,38.0,31.0
12,中山,2021-12-18,43,2.0,5.0,nan,36.0,42.0,32.0,43.0
45,安南,2021-12-18,62,2.0,3.0,nan,62.0,22.0,34.0,62.0
11,士林,2021-12-18,-1,nan,nan,nan,nan,nan,nan,nan
44,善化,2021-12-18,54,5.0,2.0,nan,47.0,22.0,33.0,54.0
63,花蓮,2021-12-18,40,2.0,2.0,nan,19.0,15.0,40.0,29.0
9,林口,2021-12-18,39,2.0,2.0,nan,32.0,17.0,35.0,39.0
8,菜寮,2021-12-18,42,2.0,3.0,nan,30.0,25.0,35.0,42.0
7,新莊,2021-12-18,45,2.0,2.0,nan,36.0,28.0,35.0,45.0
43,新營,2021-12-18,54,8.0,2.0,nan,52.0,25.0,36.0,54.0
6,板橋,2021-12-18,40,2.0,3.0,nan,36.0,40.0,36.0,40.0
62,臺東,2021-12-18,39,2.0,2.0,nan,25.0,13.0,39.0,29.0
42,嘉義,2021-12-18,60,18.0,3.0,nan,44.0,28.0,33.0,60.0
5,土城,2021-12-18,38,2.0,3.0,nan,33.0,23.0,34.0,38.0
61,恆春,2021-12-18,44,2.0,2.0,nan,13.0,2.0,44.0,19.0
41,臺西,2021-12-18,64,5.0,2.0,nan,64.0,17.0,nan,53.0
40,朴子,2021-12-18,68,8.0,2.0,nan,68.0,23.0,34.0,59.0
4,新店,2021-12-18,38,5.0,3.0,nan,30.0,33.0,36.0,38.0
3,萬里,2021-12-18,77,0.0,2.0,nan,77.0,5.0,41.0,52.0
60,潮州,2021-12-18,113,12.0,6.0,nan,70.0,28.0,54.0,113.0
2,汐止,2021-12-18,43,5.0,2.0,nan,32.0,43.0,35.0,43.0
39,新港,2021-12-18,56,2.0,2.0,nan,56.0,15.0,33.0,56.0
1,基隆,2021-12-18,39,2.0,1.0,nan,36.0,7.0,37.0,39.0
59,屏東,2021-12-18,100,10.0,6.0,nan,63.0,32.0,41.0,100.0
38,崙背,2021-12-18,89,8.0,2.0,nan,89.0,17.0,34.0,56.0
58,小港,2021-12-18,88,12.0,7.0,nan,65.0,53.0,33.0,88.0
37,斗六,2021-12-18,54,5.0,2.0,nan,44.0,20.0,33.0,54.0
57,前鎮,2021-12-18,74,5.0,6.0,nan,63.0,42.0,nan,74.0
36,南投,2021-12-18,52,5.0,3.0,nan,36.0,28.0,33.0,52.0
56,前金,2021-12-18,82,8.0,5.0,nan,61.0,37.0,34.0,82.0
35,二林,2021-12-18,62,8.0,2.0,nan,62.0,15.0,37.0,42.0
84,富貴角,2021-12-18,49,0.0,1.0,nan,49.0,3.0,44.0,48.0
34,線西,2021-12-18,45,8.0,2.0,nan,45.0,17.0,nan,43.0
33,彰化,2021-12-18,41,5.0,2.0,nan,34.0,27.0,35.0,41.0
54,左營,2021-12-18,79,8.0,5.0,nan,63.0,28.0,35.0,79.0
32,西屯,2021-12-18,36,2.0,1.0,nan,33.0,17.0,35.0,36.0
31,忠明,2021-12-18,46,5.0,2.0,nan,29.0,25.0,35.0,46.0
85,大城,2021-12-18,51,5.0,1.0,nan,51.0,17.0,42.0,49.0
83,麥寮,2021-12-18,64,10.0,2.0,nan,64.0,27.0,nan,51.0
53,楠梓,2021-12-18,64,8.0,5.0,nan,56.0,35.0,33.0,64.0
30,大里,2021-12-18,36,2.0,2.0,nan,25.0,23.0,34.0,36.0
80,關山,2021-12-18,38,2.0,2.0,nan,23.0,8.0,38.0,28.0
52,林園,2021-12-18,98,22.0,6.0,nan,73.0,52.0,44.0,98.0
49,仁武,2021-12-19,71,10.0,5.0,nan,45.0,47.0,54.0,71.0
39,新港,2021-12-19,58,10.0,3.0,nan,41.0,17.0,42.0,58.0
38,崙背,2021-12-19,56,8.0,3.0,nan,42.0,18.0,42.0,56.0
44,善化,2021-12-19,57,8.0,3.0,nan,40.0,27.0,44.0,57.0
37,斗六,2021-12-19,71,8.0,5.0,nan,48.0,35.0,47.0,71.0
47,美濃,2021-12-19,72,10.0,5.0,nan,47.0,28.0,67.0,72.0
36,南投,2021-12-19,62,8.0,5.0,nan,36.0,47.0,45.0,62.0
43,新營,2021-12-19,57,8.0,3.0,nan,41.0,30.0,46.0,57.0
35,二林,2021-12-19,49,15.0,5.0,nan,44.0,27.0,42.0,49.0
42,嘉義,2021-12-19,72,72.0,5.0,nan,46.0,38.0,45.0,68.0
34,線西,2021-12-19,38,15.0,3.0,nan,33.0,28.0,nan,38.0
48,橋頭,2021-12-19,81,8.0,5.0,nan,51.0,35.0,58.0,81.0
46,臺南,2021-12-19,72,8.0,5.0,nan,46.0,35.0,45.0,72.0
33,彰化,2021-12-19,45,5.0,3.0,nan,30.0,45.0,42.0,42.0
45,安南,2021-12-19,63,5.0,3.0,nan,46.0,30.0,45.0,63.0
41,臺西,2021-12-19,44,10.0,2.0,nan,37.0,13.0,nan,44.0
32,西屯,2021-12-19,43,5.0,3.0,nan,29.0,43.0,41.0,40.0
31,忠明,2021-12-19,55,5.0,5.0,nan,27.0,55.0,41.0,44.0
30,大里,2021-12-19,46,5.0,5.0,nan,27.0,43.0,46.0,44.0
29,沙鹿,2021-12-19,43,5.0,3.0,nan,29.0,37.0,43.0,41.0
85,大城,2021-12-19,47,5.0,1.0,nan,36.0,15.0,47.0,46.0
28,豐原,2021-12-19,38,10.0,3.0,nan,20.0,23.0,38.0,37.0
27,三義,2021-12-19,40,2.0,2.0,nan,19.0,20.0,40.0,23.0
84,富貴角,2021-12-19,61,0.0,1.0,nan,25.0,2.0,61.0,23.0
26,苗栗,2021-12-19,38,12.0,3.0,nan,20.0,30.0,38.0,23.0
83,麥寮,2021-12-19,44,12.0,2.0,nan,42.0,27.0,nan,44.0
25,頭份,2021-12-19,43,8.0,2.0,nan,20.0,43.0,nan,23.0
80,關山,2021-12-19,35,5.0,2.0,nan,17.0,8.0,35.0,26.0
24,新竹,2021-12-19,36,5.0,2.0,nan,19.0,27.0,36.0,27.0
78,馬公,2021-12-19,47,0.0,1.0,nan,24.0,3.0,47.0,34.0
23,竹東,2021-12-19,35,0.0,2.0,nan,17.0,15.0,35.0,26.0
77,金門,2021-12-19,84,20.0,5.0,nan,66.0,32.0,64.0,84.0
75,馬祖,2021-12-19,68,15.0,3.0,nan,40.0,17.0,54.0,68.0
22,湖口,2021-12-19,38,2.0,2.0,nan,21.0,12.0,38.0,25.0
72,埔里,2021-12-19,69,2.0,5.0,nan,35.0,23.0,44.0,69.0
21,龍潭,2021-12-19,36,2.0,2.0,nan,18.0,18.0,36.0,23.0
71,復興,2021-12-19,79,10.0,7.0,nan,54.0,53.0,nan,79.0
20,平鎮,2021-12-19,36,5.0,2.0,nan,18.0,22.0,36.0,28.0
70,永和,2021-12-19,26,2.0,3.0,nan,20.0,20.0,nan,26.0
19,觀音,2021-12-19,38,20.0,2.0,nan,27.0,30.0,37.0,38.0
69,竹山,2021-12-19,79,8.0,3.0,nan,42.0,27.0,47.0,79.0
18,大園,2021-12-19,39,5.0,2.0,nan,22.0,22.0,39.0,25.0
68,中壢,2021-12-19,42,8.0,7.0,nan,21.0,42.0,nan,29.0
17,桃園,2021-12-19,36,15.0,2.0,nan,18.0,22.0,36.0,25.0
67,三重,2021-12-19,53,5.0,9.0,nan,23.0,53.0,nan,29.0
16,大同,2021-12-19,58,5.0,6.0,nan,39.0,53.0,nan,58.0
66,冬山,2021-12-19,33,2.0,1.0,nan,18.0,8.0,33.0,23.0
65,宜蘭,2021-12-19,35,0.0,2.0,nan,18.0,10.0,35.0,27.0
15,松山,2021-12-19,35,2.0,2.0,nan,23.0,32.0,35.0,23.0
64,陽明,2021-12-19,47,2.0,1.0,nan,13.0,2.0,47.0,22.0
14,古亭,2021-12-19,40,2.0,2.0,nan,18.0,15.0,40.0,23.0
13,萬華,2021-12-19,35,2.0,3.0,nan,18.0,33.0,35.0,21.0
63,花蓮,2021-12-19,36,2.0,2.0,nan,18.0,17.0,36.0,26.0
62,臺東,2021-12-19,35,2.0,2.0,nan,16.0,12.0,35.0,24.0
12,中山,2021-12-19,37,2.0,3.0,nan,20.0,37.0,31.0,25.0
61,恆春,2021-12-19,42,2.0,1.0,nan,8.0,0.0,42.0,10.0
11,士林,2021-12-19,-1,nan,nan,nan,nan,nan,nan,nan
10,淡水,2021-12-19,41,2.0,2.0,nan,18.0,17.0,41.0,24.0
60,潮州,2021-12-19,115,8.0,5.0,nan,59.0,22.0,115.0,87.0
9,林口,2021-12-19,40,2.0,2.0,nan,17.0,17.0,40.0,20.0
8,菜寮,2021-12-19,38,2.0,2.0,nan,16.0,22.0,38.0,21.0
7,新莊,2021-12-19,39,0.0,2.0,nan,27.0,23.0,39.0,29.0
59,屏東,2021-12-19,92,18.0,6.0,nan,61.0,37.0,71.0,92.0
6,板橋,2021-12-19,36,2.0,3.0,nan,19.0,28.0,36.0,23.0
58,小港,2021-12-19,84,15.0,6.0,nan,56.0,51.0,58.0,84.0
5,土城,2021-12-19,37,2.0,2.0,nan,20.0,22.0,37.0,20.0
57,前鎮,2021-12-19,74,12.0,6.0,nan,57.0,47.0,nan,74.0
56,前金,2021-12-19,79,8.0,5.0,nan,50.0,32.0,61.0,79.0
4,新店,2021-12-19,38,2.0,2.0,nan,18.0,22.0,38.0,20.0
54,左營,2021-12-19,79,10.0,5.0,nan,51.0,28.0,61.0,79.0
3,萬里,2021-12-19,50,0.0,1.0,nan,40.0,5.0,50.0,24.0
53,楠梓,2021-12-19,66,10.0,5.0,nan,48.0,37.0,54.0,66.0
2,汐止,2021-12-19,38,2.0,2.0,nan,19.0,37.0,38.0,22.0
52,林園,2021-12-19,95,30.0,5.0,nan,65.0,47.0,90.0,95.0
1,基隆,2021-12-19,44,2.0,2.0,nan,20.0,10.0,44.0,23.0
51,大寮,2021-12-19,89,25.0,7.0,nan,60.0,42.0,71.0,89.0
50,鳳山,2021-12-19,87,18.0,8.0,nan,57.0,53.0,nan,87.0
40,朴子,2021-12-19,55,8.0,2.0,nan,41.0,17.0,44.0,55.0
34,線西,2021-12-20,52,12,3,nan,29.0,52,nan,42.0
54,左營,2021-12-20,120,12,7,nan,69.0,57,31.0,120.0
2,汐止,2021-12-20,51,5,3,nan,13.0,51,28.0,21.0
56,前金,2021-12-20,126,10,7,nan,70.0,58,31.0,126.0
3,萬里,2021-12-20,35,10,2,nan,14.0,35,32.0,19.0
4,新店,2021-12-20,42,5,5,nan,14.0,42,32.0,18.0
57,前鎮,2021-12-20,102,18,9,nan,74.0,65,nan,102.0
5,土城,2021-12-20,53,5,6,nan,22.0,53,31.0,35.0
58,小港,2021-12-20,130,22,8,nan,70.0,72,29.0,130.0
6,板橋,2021-12-20,54,5,7,nan,20.0,54,29.0,34.0
59,屏東,2021-12-20,123,10,6,nan,70.0,42,39.0,123.0
7,新莊,2021-12-20,59,20,8,nan,22.0,59,34.0,36.0
60,潮州,2021-12-20,127,5,6,nan,69.0,43,35.0,127.0
8,菜寮,2021-12-20,61,5,9,nan,17.0,61,33.0,33.0
61,恆春,2021-12-20,39,2,1,nan,4.0,3,39.0,10.0
9,林口,2021-12-20,56,2,5,nan,22.0,56,36.0,38.0
62,臺東,2021-12-20,30,2,3,nan,11.0,30,28.0,22.0
10,淡水,2021-12-20,51,5,7,nan,17.0,51,38.0,33.0
11,士林,2021-12-20,54,0,5,nan,nan,54,28.0,nan
63,花蓮,2021-12-20,37,2,3,nan,14.0,32,37.0,23.0
12,中山,2021-12-20,56,5,8,nan,18.0,56,29.0,28.0
13,萬華,2021-12-20,60,5,8,nan,18.0,60,30.0,31.0
64,陽明,2021-12-20,41,5,2,nan,8.0,20,41.0,20.0
14,古亭,2021-12-20,52,2,6,nan,16.0,52,31.0,29.0
65,宜蘭,2021-12-20,33,2,5,nan,14.0,33,19.0,24.0
15,松山,2021-12-20,52,5,6,nan,17.0,52,27.0,23.0
16,大同,2021-12-20,70,5,28,nan,35.0,70,nan,50.0
17,桃園,2021-12-20,65,18,7,nan,27.0,65,31.0,54.0
66,冬山,2021-12-20,33,5,3,nan,19.0,33,19.0,22.0
67,三重,2021-12-20,66,8,17,nan,24.0,66,nan,40.0
18,大園,2021-12-20,60,22,6,nan,29.0,60,29.0,54.0
19,觀音,2021-12-20,55,18,3,nan,30.0,42,27.0,55.0
68,中壢,2021-12-20,63,5,17,nan,36.0,63,nan,62.0
69,竹山,2021-12-20,97,8,5,nan,50.0,42,34.0,97.0
20,平鎮,2021-12-20,62,8,6,nan,30.0,62,26.0,62.0
21,龍潭,2021-12-20,59,5,6,nan,26.0,59,24.0,48.0
22,湖口,2021-12-20,54,5,6,nan,28.0,53,25.0,54.0
70,永和,2021-12-20,57,5,9,nan,21.0,57,nan,34.0
23,竹東,2021-12-20,53,2,5,nan,26.0,48,19.0,53.0
71,復興,2021-12-20,125,18,11,nan,72.0,69,nan,125.0
24,新竹,2021-12-20,61,8,9,nan,22.0,61,20.0,46.0
25,頭份,2021-12-20,58,18,6,nan,24.0,58,nan,48.0
26,苗栗,2021-12-20,47,25,5,nan,25.0,47,26.0,44.0
72,埔里,2021-12-20,85,2,5,nan,42.0,43,35.0,85.0
27,三義,2021-12-20,55,10,5,nan,28.0,43,31.0,55.0
75,馬祖,2021-12-20,69,10,6,nan,34.0,35,39.0,69.0
28,豐原,2021-12-20,65,8,7,nan,32.0,55,26.0,65.0
77,金門,2021-12-20,57,15,2,nan,45.0,35,37.0,57.0
29,沙鹿,2021-12-20,51,5,3,nan,23.0,51,35.0,38.0
78,馬公,2021-12-20,47,2,2,nan,24.0,7,47.0,47.0
30,大里,2021-12-20,77,5,7,nan,54.0,60,28.0,77.0
80,關山,2021-12-20,25,0,2,nan,13.0,13,25.0,25.0
31,忠明,2021-12-20,62,8,7,nan,33.0,62,27.0,59.0
83,麥寮,2021-12-20,53,8,3,nan,38.0,40,nan,53.0
32,西屯,2021-12-20,55,8,6,nan,32.0,55,32.0,52.0
84,富貴角,2021-12-20,44,2,2,nan,22.0,25,44.0,24.0
33,彰化,2021-12-20,53,10,5,nan,28.0,53,31.0,43.0
85,大城,2021-12-20,47,2,2,nan,36.0,32,46.0,47.0
35,二林,2021-12-20,51,18,5,nan,38.0,37,39.0,51.0
36,南投,2021-12-20,84,10,6,nan,45.0,43,30.0,84.0
37,斗六,2021-12-20,95,10,6,nan,60.0,35,30.0,95.0
38,崙背,2021-12-20,60,15,6,nan,42.0,32,36.0,60.0
39,新港,2021-12-20,67,12,5,nan,47.0,30,31.0,67.0
40,朴子,2021-12-20,65,12,5,nan,39.0,35,36.0,65.0
41,臺西,2021-12-20,47,5,2,nan,34.0,32,nan,47.0
42,嘉義,2021-12-20,95,55,7,nan,58.0,51,26.0,95.0
43,新營,2021-12-20,81,12,6,nan,52.0,43,31.0,81.0
44,善化,2021-12-20,83,15,5,nan,53.0,37,31.0,83.0
45,安南,2021-12-20,82,10,6,nan,63.0,43,31.0,82.0
46,臺南,2021-12-20,100,10,7,nan,60.0,50,30.0,100.0
47,美濃,2021-12-20,88,5,5,nan,54.0,25,41.0,88.0
48,橋頭,2021-12-20,125,10,6,nan,70.0,55,31.0,125.0
49,仁武,2021-12-20,117,8,7,nan,64.0,66,25.0,117.0
50,鳳山,2021-12-20,121,18,10,nan,74.0,67,nan,121.0
51,大寮,2021-12-20,127,15,7,nan,77.0,61,22.0,127.0
52,林園,2021-12-20,152,12,7,nan,91.0,54,32.0,152.0
53,楠梓,2021-12-20,97,10,6,nan,68.0,67,28.0,97.0
1,基隆,2021-12-20,33,2,3,nan,13.0,25,33.0,19.0
29,沙鹿,2021-12-21,39,5,3,nan,17,38,31.0,39
31,忠明,2021-12-21,47,5,5,nan,18,47,22.0,43
32,西屯,2021-12-21,38,2,3,nan,19,38,28.0,36
33,彰化,2021-12-21,50,5,6,nan,22,50,22.0,45
34,線西,2021-12-21,40,8,3,nan,18,40,nan,38
35,二林,2021-12-21,42,5,3,nan,27,28,31.0,42
36,南投,2021-12-21,64,2,7,nan,27,53,12.0,64
37,斗六,2021-12-21,69,2,5,nan,31,42,14.0,69
38,崙背,2021-12-21,55,5,5,nan,29,32,26.0,55
39,新港,2021-12-21,70,5,6,nan,30,32,21.0,70
40,朴子,2021-12-21,71,2,5,nan,28,37,20.0,71
41,臺西,2021-12-21,45,5,3,nan,24,28,nan,45
42,嘉義,2021-12-21,85,35,7,nan,35,50,10.0,85
43,新營,2021-12-21,86,8,6,nan,33,51,14.0,86
44,善化,2021-12-21,83,8,6,nan,37,43,10.0,83
45,安南,2021-12-21,85,5,7,nan,41,47,14.0,85
46,臺南,2021-12-21,117,5,9,nan,48,55,15.0,117
47,美濃,2021-12-21,58,2,3,nan,28,20,13.0,58
48,橋頭,2021-12-21,95,15,6,nan,44,55,6.0,95
49,仁武,2021-12-21,102,8,8,nan,48,64,11.0,102
1,基隆,2021-12-21,55,10,9,nan,21,55,32.0,51
50,鳳山,2021-12-21,93,10,10,nan,46,59,nan,93
51,大寮,2021-12-21,91,12,6,nan,52,47,17.0,91
2,汐止,2021-12-21,57,2,9,nan,23,57,23.0,55
52,林園,2021-12-21,100,25,5,nan,57,48,27.0,100
3,萬里,2021-12-21,41,2,3,nan,10,25,41.0,14
53,楠梓,2021-12-21,77,18,6,nan,44,63,6.0,77
4,新店,2021-12-21,59,5,7,nan,15,59,12.0,41
54,左營,2021-12-21,87,22,9,nan,48,77,7.0,87
5,土城,2021-12-21,62,5,8,nan,28,60,19.0,62
56,前金,2021-12-21,93,20,11,nan,46,74,15.0,93
6,板橋,2021-12-21,61,8,9,nan,26,54,23.0,61
57,前鎮,2021-12-21,82,22,14,nan,51,72,nan,82
7,新莊,2021-12-21,71,42,10,nan,27,56,34.0,71
58,小港,2021-12-21,90,58,12,nan,45,62,13.0,90
8,菜寮,2021-12-21,71,15,11,nan,27,57,27.0,71
59,屏東,2021-12-21,94,2,8,nan,45,48,12.0,94
9,林口,2021-12-21,55,2,3,nan,10,55,37.0,26
60,潮州,2021-12-21,82,2,5,nan,41,20,23.0,82
10,淡水,2021-12-21,52,2,9,nan,17,52,35.0,40
61,恆春,2021-12-21,33,2,1,nan,4,2,33.0,6
11,士林,2021-12-21,74,5,11,nan,36,65,12.0,74
62,臺東,2021-12-21,47,2,6,nan,7,47,19.0,15
12,中山,2021-12-21,73,8,14,nan,32,61,6.0,73
63,花蓮,2021-12-21,27,5,3,nan,15,27,19.0,21
13,萬華,2021-12-21,71,10,12,nan,30,60,12.0,71
64,陽明,2021-12-21,41,2,2,nan,1,15,41.0,7
14,古亭,2021-12-21,60,2,9,nan,23,60,8.0,57
65,宜蘭,2021-12-21,28,2,3,nan,10,28,27.0,23
15,松山,2021-12-21,61,8,11,nan,30,60,12.0,61
66,冬山,2021-12-21,22,2,3,nan,14,22,18.0,20
16,大同,2021-12-21,85,12,28,nan,39,60,nan,85
67,三重,2021-12-21,88,12,25,nan,37,63,nan,88
17,桃園,2021-12-21,67,22,9,nan,25,59,29.0,67
68,中壢,2021-12-21,66,8,18,nan,31,55,nan,66
18,大園,2021-12-21,53,5,7,nan,24,51,38.0,53
69,竹山,2021-12-21,79,5,5,nan,29,47,8.0,79
19,觀音,2021-12-21,43,12,5,nan,19,43,38.0,39
70,永和,2021-12-21,64,8,17,nan,25,60,nan,64
20,平鎮,2021-12-21,56,5,7,nan,22,56,28.0,53
71,復興,2021-12-21,92,20,17,nan,46,73,nan,92
72,埔里,2021-12-21,86,2,7,nan,37,28,6.0,86
21,龍潭,2021-12-21,51,2,6,nan,19,43,31.0,51
75,馬祖,2021-12-21,40,2,7,nan,13,25,32.0,40
22,湖口,2021-12-21,48,2,5,nan,19,45,35.0,48
77,金門,2021-12-21,47,5,5,nan,17,47,23.0,44
23,竹東,2021-12-21,52,2,5,nan,19,35,25.0,52
78,馬公,2021-12-21,40,2,2,nan,13,12,40.0,25
24,新竹,2021-12-21,57,5,9,nan,20,52,31.0,57
80,關山,2021-12-21,18,2,2,nan,8,15,18.0,13
25,頭份,2021-12-21,53,5,6,nan,21,43,nan,53
83,麥寮,2021-12-21,59,5,5,nan,28,33,nan,59
26,苗栗,2021-12-21,46,8,6,nan,18,37,27.0,46
84,富貴角,2021-12-21,44,0,2,nan,22,20,44.0,24
27,三義,2021-12-21,30,2,2,nan,10,27,30.0,30
85,大城,2021-12-21,39,2,3,nan,23,33,39.0,33
28,豐原,2021-12-21,41,2,5,nan,14,25,21.0,41
30,大里,2021-12-21,59,5,9,nan,30,57,15.0,59
1,基隆,2021-12-22,42,5,3,nan,17,40,42.0,36
85,大城,2021-12-22,43,8,2,nan,20,25,43.0,29
84,富貴角,2021-12-22,77,0,1,nan,39,5,77.0,45
83,麥寮,2021-12-22,39,12,3,nan,21,28,nan,39
80,關山,2021-12-22,33,2,2,nan,10,10,33.0,13
78,馬公,2021-12-22,54,2,3,nan,22,13,54.0,37
77,金門,2021-12-22,61,5,3,nan,32,20,45.0,61
75,馬祖,2021-12-22,93,5,6,nan,47,25,84.0,93
72,埔里,2021-12-22,37,2,7,nan,15,25,22.0,37
71,復興,2021-12-22,86,2,10,nan,43,55,nan,86
70,永和,2021-12-22,53,2,11,nan,16,53,nan,33
69,竹山,2021-12-22,49,2,5,nan,18,47,15.0,49
68,中壢,2021-12-22,57,5,10,nan,21,57,nan,44
67,三重,2021-12-22,69,5,20,nan,20,69,nan,41
66,冬山,2021-12-22,32,2,3,nan,12,27,32.0,10
65,宜蘭,2021-12-22,37,2,3,nan,6,23,37.0,13
64,陽明,2021-12-22,54,0,2,nan,3,3,54.0,12
63,花蓮,2021-12-22,37,2,3,nan,12,23,37.0,19
62,臺東,2021-12-22,31,2,5,nan,11,18,31.0,11
61,恆春,2021-12-22,43,2,2,nan,9,2,43.0,19
60,潮州,2021-12-22,67,10,5,nan,35,37,47.0,67
59,屏東,2021-12-22,71,8,6,nan,37,37,27.0,71
58,小港,2021-12-22,89,8,8,nan,45,57,31.0,89
57,前鎮,2021-12-22,72,5,8,nan,46,52,nan,72
56,前金,2021-12-22,84,5,6,nan,41,43,35.0,84
54,左營,2021-12-22,81,8,6,nan,41,43,37.0,81
53,楠梓,2021-12-22,61,5,5,nan,35,47,31.0,61
52,林園,2021-12-22,87,20,6,nan,47,55,46.0,87
51,大寮,2021-12-22,82,35,7,nan,46,55,33.0,82
50,鳳山,2021-12-22,96,10,10,nan,49,71,nan,96
49,仁武,2021-12-22,84,2,6,nan,38,48,30.0,84
48,橋頭,2021-12-22,84,2,5,nan,41,40,36.0,84
47,美濃,2021-12-22,50,2,5,nan,24,22,24.0,50
46,臺南,2021-12-22,68,2,5,nan,30,35,29.0,68
45,安南,2021-12-22,56,2,5,nan,26,30,28.0,56
44,善化,2021-12-22,59,5,3,nan,25,32,26.0,59
43,新營,2021-12-22,54,0,3,nan,19,28,27.0,54
42,嘉義,2021-12-22,51,18,5,nan,24,45,19.0,51
41,臺西,2021-12-22,28,5,3,nan,19,20,nan,28
40,朴子,2021-12-22,47,5,3,nan,21,28,26.0,47
39,新港,2021-12-22,43,2,3,nan,15,20,26.0,43
38,崙背,2021-12-22,31,5,5,nan,17,22,31.0,30
37,斗六,2021-12-22,44,5,3,nan,20,33,20.0,44
36,南投,2021-12-22,47,5,6,nan,16,47,17.0,33
35,二林,2021-12-22,35,5,3,nan,17,22,35.0,26
34,線西,2021-12-22,28,10,3,nan,13,27,nan,28
33,彰化,2021-12-22,37,2,5,nan,12,37,26.0,26
32,西屯,2021-12-22,31,2,3,nan,13,23,31.0,26
31,忠明,2021-12-22,42,5,5,nan,11,42,24.0,24
30,大里,2021-12-22,35,2,5,nan,9,35,21.0,22
29,沙鹿,2021-12-22,35,2,3,nan,10,23,35.0,26
28,豐原,2021-12-22,25,2,3,nan,5,17,25.0,14
27,三義,2021-12-22,35,2,3,nan,6,20,35.0,17
26,苗栗,2021-12-22,35,5,3,nan,11,32,35.0,28
25,頭份,2021-12-22,27,2,3,nan,11,27,nan,27
24,新竹,2021-12-22,37,2,3,nan,13,28,37.0,28
23,竹東,2021-12-22,43,0,3,nan,8,22,43.0,23
22,湖口,2021-12-22,41,2,3,nan,16,27,41.0,33
21,龍潭,2021-12-22,36,2,3,nan,11,32,36.0,27
20,平鎮,2021-12-22,42,2,5,nan,14,42,31.0,33
19,觀音,2021-12-22,43,18,2,nan,23,22,43.0,35
18,大園,2021-12-22,41,5,3,nan,18,38,41.0,29
17,桃園,2021-12-22,40,28,6,nan,11,40,31.0,32
16,大同,2021-12-22,63,2,24,nan,28,63,nan,46
15,松山,2021-12-22,50,2,5,nan,16,50,28.0,25
14,古亭,2021-12-22,40,2,5,nan,13,40,33.0,27
13,萬華,2021-12-22,52,2,7,nan,15,52,27.0,32
12,中山,2021-12-22,55,2,8,nan,15,55,22.0,29
11,士林,2021-12-22,52,0,5,nan,16,52,19.0,31
10,淡水,2021-12-22,44,2,3,nan,15,25,44.0,28
9,林口,2021-12-22,47,2,5,nan,12,47,39.0,27
8,菜寮,2021-12-22,43,2,6,nan,12,43,30.0,32
7,新莊,2021-12-22,52,2,6,nan,13,52,31.0,31
6,板橋,2021-12-22,52,2,7,nan,14,52,26.0,29
5,土城,2021-12-22,50,2,7,nan,13,50,36.0,31
4,新店,2021-12-22,38,2,5,nan,10,35,38.0,22
3,萬里,2021-12-22,58,2,2,nan,40,8,58.0,37
2,汐止,2021-12-22,43,2,3,nan,12,43,33.0,27
14,古亭,2021-12-23,60,2,11,nan,37,60,44.0,57
13,萬華,2021-12-23,65,2,12,nan,39,61,39.0,65
12,中山,2021-12-23,62,2,16,nan,40,62,36.0,61
11,士林,2021-12-23,60,2,7,nan,38,60,22.0,59
10,淡水,2021-12-23,52,0,6,nan,30,48,33.0,52
9,林口,2021-12-23,60,2,6,nan,26,60,33.0,44
8,菜寮,2021-12-23,61,2,9,nan,34,61,37.0,60
7,新莊,2021-12-23,62,2,9,nan,39,57,41.0,62
6,板橋,2021-12-23,59,5,10,nan,41,59,44.0,58
5,土城,2021-12-23,63,2,9,nan,39,63,36.0,62
4,新店,2021-12-23,59,2,8,nan,26,59,27.0,48
3,萬里,2021-12-23,51,0,3,nan,39,27,51.0,45
2,汐止,2021-12-23,66,5,10,nan,31,66,29.0,57
1,基隆,2021-12-23,56,5,8,nan,27,52,31.0,56
85,大城,2021-12-23,59,8,5,nan,43,30,50.0,59
84,富貴角,2021-12-23,71,0,1,nan,53,7,71.0,54
83,麥寮,2021-12-23,69,10,5,nan,45,35,nan,69
80,關山,2021-12-23,39,2,2,nan,13,10,39.0,15
78,馬公,2021-12-23,66,2,2,nan,45,10,61.0,66
77,金門,2021-12-23,87,22,6,nan,58,40,38.0,87
75,馬祖,2021-12-23,87,8,3,nan,51,18,46.0,87
72,埔里,2021-12-23,53,2,6,nan,25,37,30.0,53
71,復興,2021-12-23,106,15,15,nan,64,58,nan,106
70,永和,2021-12-23,65,2,22,nan,41,61,nan,65
69,竹山,2021-12-23,79,5,5,nan,42,45,35.0,79
68,中壢,2021-12-23,64,5,10,nan,42,64,nan,61
67,三重,2021-12-23,70,2,22,nan,48,68,nan,70
66,冬山,2021-12-23,33,2,2,nan,15,27,33.0,19
65,宜蘭,2021-12-23,41,0,3,nan,13,20,41.0,24
64,陽明,2021-12-23,58,2,2,nan,4,2,58.0,13
63,花蓮,2021-12-23,44,2,5,nan,16,25,44.0,26
62,臺東,2021-12-23,44,2,3,nan,13,17,44.0,18
61,恆春,2021-12-23,46,2,2,nan,8,2,46.0,15
60,潮州,2021-12-23,99,8,5,nan,58,32,45.0,99
59,屏東,2021-12-23,91,2,6,nan,54,32,41.0,91
58,小港,2021-12-23,106,15,8,nan,62,67,33.0,106
57,前鎮,2021-12-23,88,10,10,nan,63,52,nan,88
56,前金,2021-12-23,104,8,8,nan,62,47,43.0,104
54,左營,2021-12-23,94,10,7,nan,59,55,40.0,94
53,楠梓,2021-12-23,84,5,6,nan,55,52,39.0,84
52,林園,2021-12-23,125,12,6,nan,74,55,44.0,125
51,大寮,2021-12-23,110,32,6,nan,60,56,37.0,110
50,鳳山,2021-12-23,121,18,11,nan,63,66,nan,121
49,仁武,2021-12-23,108,10,6,nan,60,54,33.0,108
48,橋頭,2021-12-23,120,5,6,nan,63,50,34.0,120
47,美濃,2021-12-23,65,5,5,nan,40,23,42.0,65
46,臺南,2021-12-23,101,5,6,nan,57,40,40.0,101
45,安南,2021-12-23,82,5,5,nan,51,37,42.0,82
44,善化,2021-12-23,88,12,3,nan,49,28,38.0,88
43,新營,2021-12-23,85,5,5,nan,46,35,41.0,85
42,嘉義,2021-12-23,77,22,6,nan,51,40,34.0,77
41,臺西,2021-12-23,63,10,6,nan,43,27,nan,63
40,朴子,2021-12-23,78,8,3,nan,46,22,39.0,78
39,新港,2021-12-23,83,8,5,nan,45,22,39.0,83
38,崙背,2021-12-23,69,10,3,nan,49,28,37.0,69
37,斗六,2021-12-23,78,8,5,nan,50,28,38.0,78
36,南投,2021-12-23,65,5,6,nan,38,43,32.0,65
35,二林,2021-12-23,65,12,5,nan,49,32,38.0,65
34,線西,2021-12-23,60,10,5,nan,40,37,nan,60
33,彰化,2021-12-23,61,2,5,nan,37,40,32.0,61
32,西屯,2021-12-23,61,2,3,nan,33,35,31.0,61
31,忠明,2021-12-23,54,2,6,nan,27,43,25.0,54
30,大里,2021-12-23,59,5,7,nan,33,52,27.0,59
29,沙鹿,2021-12-23,57,2,3,nan,35,28,37.0,57
28,豐原,2021-12-23,53,5,3,nan,21,32,22.0,53
27,三義,2021-12-23,40,2,3,nan,15,22,35.0,40
26,苗栗,2021-12-23,58,5,5,nan,34,45,31.0,58
25,頭份,2021-12-23,57,8,6,nan,38,51,nan,57
24,新竹,2021-12-23,56,2,5,nan,34,48,36.0,56
23,竹東,2021-12-23,54,0,5,nan,32,48,41.0,54
22,湖口,2021-12-23,56,2,3,nan,32,30,38.0,56
21,龍潭,2021-12-23,55,2,5,nan,33,52,44.0,55
20,平鎮,2021-12-23,57,5,6,nan,35,57,36.0,57
19,觀音,2021-12-23,50,12,2,nan,42,27,42.0,50
18,大園,2021-12-23,51,5,2,nan,37,51,41.0,51
17,桃園,2021-12-23,61,8,7,nan,36,53,36.0,61
16,大同,2021-12-23,73,5,24,nan,50,67,nan,73
15,松山,2021-12-23,60,10,11,nan,37,60,34.0,55
85,大城,2021-12-24,61,2,2,nan,32,18,44.0,61
1,基隆,2021-12-24,56,2,6,nan,28,52,31.0,56
2,汐止,2021-12-24,57,2,6,nan,32,57,22.0,55
3,萬里,2021-12-24,44,2,3,nan,26,23,44.0,36
43,新營,2021-12-24,104,5,5,nan,54,37,41.0,104
68,中壢,2021-12-24,60,2,10,nan,30,60,nan,58
4,新店,2021-12-24,58,2,6,nan,23,58,19.0,46
44,善化,2021-12-24,107,5,3,nan,57,32,39.0,107
5,土城,2021-12-24,63,5,6,nan,32,55,15.0,63
6,板橋,2021-12-24,58,8,7,nan,31,55,19.0,58
61,恆春,2021-12-24,104,8,3,nan,24,13,104.0,55
7,新莊,2021-12-24,53,5,5,nan,26,53,25.0,53
77,金門,2021-12-24,133,32,9,nan,81,61,7.0,133
45,安南,2021-12-24,99,5,5,nan,58,40,42.0,99
8,菜寮,2021-12-24,57,2,6,nan,30,57,21.0,57
9,林口,2021-12-24,37,2,2,nan,15,30,37.0,31
69,竹山,2021-12-24,84,2,3,nan,36,45,28.0,84
10,淡水,2021-12-24,49,2,3,nan,29,33,34.0,49
11,士林,2021-12-24,55,2,5,nan,31,55,24.0,50
46,臺南,2021-12-24,125,2,6,nan,59,42,42.0,125
12,中山,2021-12-24,62,2,9,nan,37,59,19.0,62
83,麥寮,2021-12-24,66,5,2,nan,38,22,nan,66
13,萬華,2021-12-24,64,5,7,nan,37,61,20.0,64
14,古亭,2021-12-24,57,2,6,nan,32,57,22.0,57
47,美濃,2021-12-24,91,2,5,nan,56,22,48.0,91
15,松山,2021-12-24,58,5,6,nan,35,54,21.0,58
70,永和,2021-12-24,67,2,14,nan,35,58,nan,67
48,橋頭,2021-12-24,135,2,5,nan,70,42,45.0,135
16,大同,2021-12-24,68,2,17,nan,42,62,nan,68
17,桃園,2021-12-24,55,2,5,nan,25,48,26.0,55
78,馬公,2021-12-24,45,0,2,nan,21,10,45.0,41
18,大園,2021-12-24,52,8,3,nan,35,45,32.0,52
49,仁武,2021-12-24,127,20,5,nan,67,51,44.0,127
19,觀音,2021-12-24,48,20,2,nan,31,22,38.0,48
71,復興,2021-12-24,117,8,9,nan,66,52,nan,117
50,鳳山,2021-12-24,140,10,9,nan,69,55,nan,140
20,平鎮,2021-12-24,57,2,5,nan,24,57,22.0,51
62,臺東,2021-12-24,38,2,2,nan,13,22,38.0,20
21,龍潭,2021-12-24,52,2,5,nan,20,52,21.0,50
51,大寮,2021-12-24,135,8,6,nan,71,47,48.0,135
22,湖口,2021-12-24,52,2,2,nan,28,25,33.0,52
84,富貴角,2021-12-24,49,2,1,nan,35,10,49.0,46
23,竹東,2021-12-24,47,0,3,nan,19,32,20.0,47
52,林園,2021-12-24,131,22,8,nan,83,55,46.0,131
24,新竹,2021-12-24,57,2,5,nan,29,48,30.0,57
53,楠梓,2021-12-24,117,5,5,nan,63,45,51.0,117
63,花蓮,2021-12-24,43,2,3,nan,16,20,43.0,25
54,左營,2021-12-24,108,5,5,nan,61,35,48.0,108
25,頭份,2021-12-24,51,5,3,nan,26,45,nan,51
64,陽明,2021-12-24,45,2,2,nan,6,7,45.0,16
26,苗栗,2021-12-24,50,5,5,nan,23,38,28.0,50
56,前金,2021-12-24,111,5,6,nan,61,37,49.0,111
27,三義,2021-12-24,31,2,2,nan,12,30,27.0,31
72,埔里,2021-12-24,60,2,5,nan,28,38,38.0,60
65,宜蘭,2021-12-24,36,0,3,nan,11,20,36.0,24
28,豐原,2021-12-24,49,2,3,nan,19,30,27.0,49
80,關山,2021-12-24,35,2,2,nan,14,12,35.0,21
29,沙鹿,2021-12-24,52,2,3,nan,25,35,30.0,52
30,大里,2021-12-24,65,2,6,nan,29,47,29.0,65
31,忠明,2021-12-24,52,2,5,nan,22,50,27.0,52
32,西屯,2021-12-24,57,2,3,nan,26,40,29.0,57
57,前鎮,2021-12-24,117,10,7,nan,64,50,nan,117
33,彰化,2021-12-24,56,2,3,nan,31,48,29.0,56
34,線西,2021-12-24,56,10,3,nan,31,35,nan,56
66,冬山,2021-12-24,33,8,5,nan,23,33,25.0,31
35,二林,2021-12-24,73,12,3,nan,46,32,34.0,73
58,小港,2021-12-24,119,8,6,nan,63,54,49.0,119
36,南投,2021-12-24,71,2,5,nan,38,51,33.0,71
75,馬祖,2021-12-24,72,5,5,nan,35,42,32.0,72
37,斗六,2021-12-24,85,12,5,nan,50,40,31.0,85
59,屏東,2021-12-24,114,2,5,nan,64,33,48.0,114
38,崙背,2021-12-24,70,5,3,nan,54,32,35.0,70
67,三重,2021-12-24,70,2,18,nan,42,63,nan,70
39,新港,2021-12-24,94,2,3,nan,50,30,26.0,94
60,潮州,2021-12-24,113,10,5,nan,67,35,58.0,113
40,朴子,2021-12-24,87,5,3,nan,48,22,38.0,87
41,臺西,2021-12-24,60,5,2,nan,34,20,nan,60
42,嘉義,2021-12-24,90,15,6,nan,52,47,33.0,90
6,板橋,2021-12-25,45,2,6,nan,21,45,36.0,38
85,大城,2021-12-25,56,5,2,nan,39,20,42.0,56
84,富貴角,2021-12-25,55,0,2,nan,42,8,47.0,55
83,麥寮,2021-12-25,56,10,3,nan,45,23,nan,56
80,關山,2021-12-25,37,2,2,nan,11,7,37.0,19
78,馬公,2021-12-25,59,2,2,nan,34,8,44.0,59
77,金門,2021-12-25,68,8,3,nan,46,28,38.0,68
75,馬祖,2021-12-25,58,2,2,nan,31,15,35.0,58
72,埔里,2021-12-25,44,2,3,nan,19,18,17.0,44
71,復興,2021-12-25,103,8,9,nan,53,52,nan,103
70,永和,2021-12-25,41,0,5,nan,21,28,nan,41
69,竹山,2021-12-25,64,2,3,nan,26,35,15.0,64
68,中壢,2021-12-25,46,2,6,nan,23,45,nan,46
67,三重,2021-12-25,57,5,14,nan,25,57,nan,45
66,冬山,2021-12-25,38,2,2,nan,17,35,38.0,33
65,宜蘭,2021-12-25,45,0,2,nan,16,12,45.0,37
64,陽明,2021-12-25,44,2,2,nan,9,5,44.0,20
63,花蓮,2021-12-25,42,0,3,nan,15,17,42.0,25
62,臺東,2021-12-25,35,2,2,nan,11,23,35.0,20
61,恆春,2021-12-25,46,2,2,nan,7,2,46.0,17
60,潮州,2021-12-25,129,15,6,nan,71,43,20.0,129
59,屏東,2021-12-25,114,8,6,nan,60,35,17.0,114
58,小港,2021-12-25,103,12,7,nan,58,55,14.0,103
57,前鎮,2021-12-25,102,10,8,nan,59,50,nan,102
56,前金,2021-12-25,96,5,6,nan,52,45,20.0,96
54,左營,2021-12-25,88,5,6,nan,52,47,22.0,88
53,楠梓,2021-12-25,82,5,5,nan,45,47,23.0,82
52,林園,2021-12-25,141,18,7,nan,84,57,13.0,141
51,大寮,2021-12-25,120,15,6,nan,64,55,13.0,120
50,鳳山,2021-12-25,113,15,10,nan,59,55,nan,113
49,仁武,2021-12-25,98,15,5,nan,49,43,20.0,98
48,橋頭,2021-12-25,93,5,5,nan,51,45,22.0,93
47,美濃,2021-12-25,79,5,3,nan,46,20,22.0,79
46,臺南,2021-12-25,73,2,5,nan,44,28,30.0,73
45,安南,2021-12-25,66,2,3,nan,45,27,31.0,66
44,善化,2021-12-25,63,5,3,nan,35,32,28.0,63
43,新營,2021-12-25,63,5,3,nan,35,30,31.0,63
42,嘉義,2021-12-25,61,20,5,nan,33,33,25.0,61
41,臺西,2021-12-25,56,5,2,nan,42,15,nan,56
40,朴子,2021-12-25,63,5,3,nan,40,27,31.0,63
39,新港,2021-12-25,57,2,3,nan,34,20,26.0,57
38,崙背,2021-12-25,52,8,3,nan,46,18,34.0,52
37,斗六,2021-12-25,59,5,3,nan,30,27,24.0,59
36,南投,2021-12-25,45,2,5,nan,25,33,26.0,45
35,二林,2021-12-25,49,2,3,nan,38,17,38.0,49
34,線西,2021-12-25,46,8,3,nan,34,18,nan,46
33,彰化,2021-12-25,39,2,3,nan,23,28,33.0,39
32,西屯,2021-12-25,42,2,2,nan,21,17,36.0,42
31,忠明,2021-12-25,43,2,3,nan,20,27,33.0,43
30,大里,2021-12-25,34,2,3,nan,18,23,31.0,34
29,沙鹿,2021-12-25,43,2,2,nan,25,17,40.0,43
28,豐原,2021-12-25,34,2,2,nan,15,12,31.0,34
27,三義,2021-12-25,40,2,2,nan,15,12,40.0,35
26,苗栗,2021-12-25,43,5,3,nan,21,20,41.0,43
25,頭份,2021-12-25,41,5,3,nan,21,18,nan,41
24,新竹,2021-12-25,48,2,3,nan,23,17,39.0,48
23,竹東,2021-12-25,42,0,2,nan,15,8,42.0,34
22,湖口,2021-12-25,41,5,2,nan,23,10,40.0,41
21,龍潭,2021-12-25,37,2,3,nan,17,27,37.0,37
20,平鎮,2021-12-25,45,5,3,nan,22,30,36.0,45
19,觀音,2021-12-25,54,20,2,nan,31,13,40.0,54
18,大園,2021-12-25,43,10,3,nan,25,32,40.0,43
17,桃園,2021-12-25,42,10,5,nan,18,42,36.0,41
16,大同,2021-12-25,53,2,9,nan,32,53,nan,49
15,松山,2021-12-25,41,5,3,nan,21,27,41.0,37
14,古亭,2021-12-25,42,2,3,nan,20,25,40.0,42
13,萬華,2021-12-25,39,2,3,nan,18,35,39.0,38
12,中山,2021-12-25,38,2,5,nan,19,33,34.0,38
11,士林,2021-12-25,41,2,3,nan,17,20,41.0,27
10,淡水,2021-12-25,41,2,2,nan,21,8,41.0,38
9,林口,2021-12-25,41,2,2,nan,17,17,41.0,33
8,菜寮,2021-12-25,52,2,5,nan,15,52,33.0,36
7,新莊,2021-12-25,41,2,3,nan,19,40,34.0,41
5,土城,2021-12-25,41,2,3,nan,22,30,35.0,41
4,新店,2021-12-25,40,5,3,nan,19,30,40.0,35
3,萬里,2021-12-25,59,2,2,nan,59,8,46.0,56
2,汐止,2021-12-25,42,5,2,nan,21,15,42.0,37
1,基隆,2021-12-25,44,2,2,nan,26,7,44.0,44
57,前鎮,2021-12-26,57,8,6,nan,33,38,nan,57
58,小港,2021-12-26,59,10,6,nan,29,40,20.0,59
59,屏東,2021-12-26,66,2,3,nan,28,23,20.0,66
60,潮州,2021-12-26,74,12,5,nan,36,30,31.0,74
61,恆春,2021-12-26,39,2,2,nan,7,2,39.0,15
62,臺東,2021-12-26,32,2,2,nan,10,10,32.0,15
63,花蓮,2021-12-26,36,15,2,nan,11,12,36.0,15
64,陽明,2021-12-26,36,0,2,nan,3,2,36.0,7
65,宜蘭,2021-12-26,33,2,2,nan,5,10,33.0,14
66,冬山,2021-12-26,35,2,2,nan,7,10,35.0,13
67,三重,2021-12-26,51,2,11,nan,11,51,nan,20
68,中壢,2021-12-26,40,2,6,nan,11,40,nan,25
69,竹山,2021-12-26,32,2,2,nan,12,23,21.0,32
70,永和,2021-12-26,24,2,3,nan,9,18,nan,24
71,復興,2021-12-26,56,5,7,nan,30,38,nan,56
72,埔里,2021-12-26,36,2,3,nan,15,13,19.0,36
75,馬祖,2021-12-26,84,2,3,nan,37,10,37.0,84
77,金門,2021-12-26,76,5,5,nan,44,22,26.0,76
1,基隆,2021-12-26,35,0,2,nan,14,5,35.0,21
2,汐止,2021-12-26,34,5,2,nan,7,17,34.0,20
3,萬里,2021-12-26,46,2,2,nan,46,5,38.0,38
4,新店,2021-12-26,31,2,3,nan,8,23,31.0,11
5,土城,2021-12-26,31,0,3,nan,8,18,31.0,18
6,板橋,2021-12-26,32,0,3,nan,7,28,32.0,15
7,新莊,2021-12-26,31,0,3,nan,9,18,31.0,18
8,菜寮,2021-12-26,31,2,3,nan,3,20,31.0,12
9,林口,2021-12-26,34,2,2,nan,7,10,34.0,16
10,淡水,2021-12-26,34,0,2,nan,11,5,34.0,23
11,士林,2021-12-26,34,2,2,nan,5,12,34.0,11
12,中山,2021-12-26,30,2,3,nan,8,27,30.0,20
13,萬華,2021-12-26,31,0,3,nan,7,25,31.0,17
14,古亭,2021-12-26,32,0,2,nan,7,20,32.0,17
15,松山,2021-12-26,32,2,2,nan,10,20,32.0,18
16,大同,2021-12-26,47,2,7,nan,19,47,nan,28
17,桃園,2021-12-26,29,12,3,nan,7,22,29.0,22
18,大園,2021-12-26,31,5,2,nan,13,23,31.0,20
19,觀音,2021-12-26,39,20,2,nan,17,7,33.0,39
20,平鎮,2021-12-26,30,5,3,nan,9,23,30.0,24
21,龍潭,2021-12-26,33,2,2,nan,5,10,33.0,12
22,湖口,2021-12-26,32,2,2,nan,13,8,32.0,20
23,竹東,2021-12-26,34,0,2,nan,4,5,34.0,11
24,新竹,2021-12-26,32,2,2,nan,10,13,32.0,27
25,頭份,2021-12-26,16,2,2,nan,8,13,nan,16
26,苗栗,2021-12-26,32,2,2,nan,8,17,32.0,14
27,三義,2021-12-26,31,2,2,nan,6,10,31.0,11
28,豐原,2021-12-26,28,2,2,nan,5,8,28.0,12
29,沙鹿,2021-12-26,33,2,2,nan,12,12,33.0,19
30,大里,2021-12-26,30,2,2,nan,7,18,30.0,13
31,忠明,2021-12-26,30,5,3,nan,10,22,30.0,21
32,西屯,2021-12-26,31,2,2,nan,10,12,31.0,19
33,彰化,2021-12-26,30,2,2,nan,11,18,30.0,17
34,線西,2021-12-26,27,5,2,nan,21,13,nan,27
35,二林,2021-12-26,32,2,2,nan,26,13,32.0,26
36,南投,2021-12-26,27,5,2,nan,11,22,27.0,17
37,斗六,2021-12-26,28,2,2,nan,15,17,28.0,28
38,崙背,2021-12-26,35,5,2,nan,35,12,30.0,30
39,新港,2021-12-26,29,2,3,nan,20,15,25.0,29
40,朴子,2021-12-26,35,8,3,nan,25,20,29.0,35
41,臺西,2021-12-26,36,5,2,nan,30,8,nan,36
42,嘉義,2021-12-26,30,15,3,nan,16,25,27.0,30
43,新營,2021-12-26,29,2,2,nan,20,22,29.0,29
44,善化,2021-12-26,35,5,2,nan,18,22,26.0,35
45,安南,2021-12-26,33,2,3,nan,22,20,28.0,33
46,臺南,2021-12-26,42,5,3,nan,25,23,28.0,42
47,美濃,2021-12-26,41,2,3,nan,21,15,21.0,41
48,橋頭,2021-12-26,49,2,3,nan,28,32,23.0,49
49,仁武,2021-12-26,54,10,3,nan,23,32,22.0,54
50,鳳山,2021-12-26,64,10,7,nan,31,48,nan,64
51,大寮,2021-12-26,65,15,5,nan,33,40,19.0,65
52,林園,2021-12-26,81,20,6,nan,45,50,21.0,81
53,楠梓,2021-12-26,39,2,3,nan,22,33,22.0,39
54,左營,2021-12-26,57,8,5,nan,29,33,25.0,57
56,前金,2021-12-26,58,5,5,nan,26,35,24.0,58
78,馬公,2021-12-26,39,0,2,nan,23,5,39.0,34
80,關山,2021-12-26,32,2,2,nan,15,7,32.0,14
83,麥寮,2021-12-26,33,10,2,nan,30,18,nan,33
84,富貴角,2021-12-26,41,0,1,nan,33,3,41.0,37
85,大城,2021-12-26,37,5,2,nan,25,10,35.0,37
1,基隆,2021-12-27,37,0,2,nan,16,12,37.0,29
85,大城,2021-12-27,42,8,2,nan,20,23,31.0,42
84,富貴角,2021-12-27,42,0,1,nan,34,3,42.0,38
83,麥寮,2021-12-27,40,10,3,nan,21,37,nan,40
80,關山,2021-12-27,31,2,2,nan,11,10,31.0,15
78,馬公,2021-12-27,39,2,2,nan,22,7,34.0,39
77,金門,2021-12-27,88,5,3,nan,51,22,31.0,88
75,馬祖,2021-12-27,65,2,2,nan,33,13,31.0,65
72,埔里,2021-12-27,38,2,3,nan,15,23,13.0,38
71,復興,2021-12-27,67,5,9,nan,34,53,nan,67
70,永和,2021-12-27,37,2,5,nan,13,37,nan,29
69,竹山,2021-12-27,63,2,3,nan,24,47,16.0,63
68,中壢,2021-12-27,52,2,7,nan,15,52,nan,32
67,三重,2021-12-27,57,2,11,nan,15,57,nan,33
66,冬山,2021-12-27,34,2,1,nan,8,13,34.0,15
65,宜蘭,2021-12-27,33,12,2,nan,6,13,33.0,19
64,陽明,2021-12-27,38,2,2,nan,2,2,38.0,10
63,花蓮,2021-12-27,35,0,5,nan,12,28,35.0,16
62,臺東,2021-12-27,32,5,2,nan,11,18,32.0,14
61,恆春,2021-12-27,40,2,1,nan,6,2,40.0,13
60,潮州,2021-12-27,73,10,5,nan,41,51,21.0,73
59,屏東,2021-12-27,67,5,5,nan,32,38,15.0,67
58,小港,2021-12-27,64,10,7,nan,37,57,11.0,64
57,前鎮,2021-12-27,65,8,7,nan,38,54,nan,65
56,前金,2021-12-27,66,5,6,nan,33,53,13.0,66
54,左營,2021-12-27,64,5,5,nan,32,53,14.0,64
53,楠梓,2021-12-27,52,5,5,nan,28,52,11.0,52
52,林園,2021-12-27,85,18,7,nan,53,59,6.0,85
51,大寮,2021-12-27,72,15,5,nan,40,57,12.0,72
50,鳳山,2021-12-27,75,12,9,nan,37,55,nan,75
49,仁武,2021-12-27,66,12,5,nan,30,52,9.0,66
48,橋頭,2021-12-27,60,5,5,nan,32,52,13.0,60
47,美濃,2021-12-27,53,5,3,nan,24,23,14.0,53
46,臺南,2021-12-27,51,2,5,nan,24,45,20.0,51
45,安南,2021-12-27,42,2,3,nan,21,42,19.0,40
44,善化,2021-12-27,47,5,3,nan,19,37,19.0,47
43,新營,2021-12-27,40,2,3,nan,19,40,21.0,40
42,嘉義,2021-12-27,45,10,5,nan,20,45,19.0,44
41,臺西,2021-12-27,34,5,2,nan,20,22,nan,34
40,朴子,2021-12-27,44,2,3,nan,19,32,25.0,44
39,新港,2021-12-27,36,2,3,nan,16,27,21.0,36
38,崙背,2021-12-27,34,2,2,nan,17,20,27.0,34
37,斗六,2021-12-27,35,5,3,nan,20,30,22.0,35
36,南投,2021-12-27,43,5,5,nan,20,43,22.0,41
35,二林,2021-12-27,34,2,2,nan,22,23,30.0,34
34,線西,2021-12-27,32,8,2,nan,16,27,nan,32
33,彰化,2021-12-27,37,2,3,nan,15,37,28.0,30
32,西屯,2021-12-27,29,2,2,nan,14,23,28.0,29
31,忠明,2021-12-27,40,5,3,nan,12,40,26.0,29
30,大里,2021-12-27,40,2,3,nan,9,40,25.0,23
29,沙鹿,2021-12-27,31,2,2,nan,15,27,31.0,30
28,豐原,2021-12-27,24,5,2,nan,4,13,24.0,16
27,三義,2021-12-27,30,2,2,nan,7,18,30.0,20
26,苗栗,2021-12-27,32,5,3,nan,12,32,31.0,30
25,頭份,2021-12-27,32,8,3,nan,12,32,nan,26
24,新竹,2021-12-27,36,2,3,nan,12,32,32.0,36
23,竹東,2021-12-27,33,0,2,nan,5,15,33.0,16
22,湖口,2021-12-27,33,2,2,nan,14,27,33.0,28
21,龍潭,2021-12-27,33,2,2,nan,8,25,33.0,20
20,平鎮,2021-12-27,50,5,5,nan,12,50,27.0,31
19,觀音,2021-12-27,36,15,2,nan,19,22,32.0,36
18,大園,2021-12-27,31,5,2,nan,14,30,31.0,31
17,桃園,2021-12-27,42,8,5,nan,11,42,29.0,32
16,大同,2021-12-27,55,2,12,nan,29,55,nan,43
15,松山,2021-12-27,48,5,3,nan,15,48,31.0,31
14,古亭,2021-12-27,33,2,3,nan,13,33,33.0,29
13,萬華,2021-12-27,52,2,5,nan,11,52,31.0,29
12,中山,2021-12-27,51,0,6,nan,13,51,30.0,28
11,士林,2021-12-27,35,2,2,nan,10,23,35.0,15
10,淡水,2021-12-27,34,0,2,nan,11,13,34.0,29
9,林口,2021-12-27,50,0,3,nan,9,50,31.0,23
8,菜寮,2021-12-27,32,2,5,nan,9,32,32.0,24
7,新莊,2021-12-27,40,0,3,nan,14,40,32.0,28
6,板橋,2021-12-27,40,2,5,nan,13,40,32.0,24
5,土城,2021-12-27,33,2,5,nan,11,33,31.0,24
4,新店,2021-12-27,38,2,5,nan,8,38,31.0,17
3,萬里,2021-12-27,43,2,2,nan,43,5,40.0,33
2,汐止,2021-12-27,47,5,2,nan,12,47,31.0,30
85,大城,2021-12-28,45,12,2,nan,23.0,28,39.0,45
1,基隆,2021-12-28,51,5,6,nan,10.0,51,25.0,22
2,汐止,2021-12-28,52,8,5,nan,10.0,52,21.0,19
3,萬里,2021-12-28,32,5,2,nan,18.0,18,32.0,14
4,新店,2021-12-28,43,5,6,nan,8.0,43,23.0,16
5,土城,2021-12-28,55,2,7,nan,10.0,55,23.0,22
6,板橋,2021-12-28,55,5,8,nan,11.0,55,25.0,21
7,新莊,2021-12-28,54,2,8,nan,14.0,54,23.0,26
8,菜寮,2021-12-28,54,2,8,nan,8.0,54,26.0,21
9,林口,2021-12-28,52,2,3,nan,12.0,52,22.0,20
10,淡水,2021-12-28,32,2,6,nan,12.0,32,26.0,24
11,士林,2021-12-28,45,2,7,nan,11.0,45,28.0,16
12,中山,2021-12-28,56,2,9,nan,12.0,56,19.0,21
13,萬華,2021-12-28,56,2,7,nan,10.0,56,21.0,23
14,古亭,2021-12-28,50,5,5,nan,10.0,50,28.0,19
15,松山,2021-12-28,52,5,6,nan,13.0,52,21.0,18
16,大同,2021-12-28,57,5,15,nan,24.0,57,nan,32
17,桃園,2021-12-28,54,35,7,nan,11.0,54,24.0,26
18,大園,2021-12-28,50,5,2,nan,13.0,50,31.0,17
19,觀音,2021-12-28,33,8,2,nan,14.0,23,33.0,21
20,平鎮,2021-12-28,55,5,6,nan,14.0,55,23.0,27
21,龍潭,2021-12-28,47,5,5,nan,13.0,47,27.0,26
22,湖口,2021-12-28,32,2,2,nan,12.0,18,32.0,20
23,竹東,2021-12-28,37,2,3,nan,14.0,37,22.0,27
24,新竹,2021-12-28,32,2,3,nan,12.0,32,31.0,26
25,頭份,2021-12-28,38,8,3,nan,15.0,38,nan,28
26,苗栗,2021-12-28,40,5,3,nan,16.0,40,29.0,31
27,三義,2021-12-28,32,5,2,nan,13.0,22,32.0,29
28,豐原,2021-12-28,31,5,3,nan,14.0,23,29.0,31
29,沙鹿,2021-12-28,35,5,3,nan,19.0,35,35.0,34
30,大里,2021-12-28,52,5,6,nan,23.0,52,30.0,40
31,忠明,2021-12-28,45,5,5,nan,20.0,45,33.0,36
32,西屯,2021-12-28,39,2,3,nan,23.0,37,31.0,39
33,彰化,2021-12-28,40,8,5,nan,24.0,40,31.0,39
34,線西,2021-12-28,39,15,3,nan,23.0,30,nan,39
35,二林,2021-12-28,42,10,3,nan,30.0,25,35.0,42
36,南投,2021-12-28,48,8,5,nan,24.0,48,35.0,45
37,斗六,2021-12-28,55,8,3,nan,33.0,33,32.0,55
38,崙背,2021-12-28,40,10,3,nan,29.0,23,31.0,40
39,新港,2021-12-28,55,8,3,nan,30.0,23,32.0,55
40,朴子,2021-12-28,50,5,3,nan,26.0,23,32.0,50
41,臺西,2021-12-28,34,8,2,nan,21.0,18,nan,34
42,嘉義,2021-12-28,65,10,5,nan,34.0,38,31.0,65
43,新營,2021-12-28,58,8,3,nan,29.0,42,36.0,58
44,善化,2021-12-28,62,10,3,nan,29.0,32,35.0,62
45,安南,2021-12-28,54,5,3,nan,34.0,32,37.0,54
46,臺南,2021-12-28,65,5,5,nan,34.0,37,31.0,65
47,美濃,2021-12-28,62,5,3,nan,29.0,25,42.0,62
48,橋頭,2021-12-28,83,8,6,nan,46.0,43,37.0,83
49,仁武,2021-12-28,87,8,6,nan,47.0,53,35.0,87
50,鳳山,2021-12-28,91,10,10,nan,46.0,60,nan,91
51,大寮,2021-12-28,91,20,6,nan,52.0,62,38.0,91
52,林園,2021-12-28,85,10,5,nan,50.0,57,41.0,85
53,楠梓,2021-12-28,73,8,6,nan,47.0,50,38.0,73
54,左營,2021-12-28,80,10,6,nan,43.0,43,44.0,80
56,前金,2021-12-28,78,8,6,nan,41.0,48,41.0,78
57,前鎮,2021-12-28,73,8,8,nan,46.0,52,nan,73
58,小港,2021-12-28,75,12,7,nan,46.0,66,29.0,75
59,屏東,2021-12-28,81,5,5,nan,45.0,52,48.0,81
60,潮州,2021-12-28,84,12,5,nan,44.0,45,61.0,84
61,恆春,2021-12-28,37,2,1,nan,4.0,2,37.0,10
62,臺東,2021-12-28,33,2,2,nan,9.0,20,33.0,15
63,花蓮,2021-12-28,36,2,3,nan,13.0,33,36.0,15
64,陽明,2021-12-28,34,2,2,nan,nan,2,34.0,9
65,宜蘭,2021-12-28,42,15,6,nan,10.0,42,30.0,18
66,冬山,2021-12-28,32,2,2,nan,8.0,25,32.0,13
67,三重,2021-12-28,55,5,14,nan,17.0,55,nan,29
68,中壢,2021-12-28,52,5,10,nan,16.0,52,nan,31
69,竹山,2021-12-28,58,5,3,nan,28.0,38,25.0,58
70,永和,2021-12-28,47,2,8,nan,12.0,47,nan,24
71,復興,2021-12-28,77,5,9,nan,42.0,54,nan,77
72,埔里,2021-12-28,43,2,5,nan,19.0,37,39.0,43
75,馬祖,2021-12-28,79,18,3,nan,36.0,25,24.0,79
77,金門,2021-12-28,77,15,5,nan,48.0,32,42.0,77
78,馬公,2021-12-28,42,2,2,nan,27.0,15,34.0,42
80,關山,2021-12-28,31,2,2,nan,10.0,15,31.0,16
83,麥寮,2021-12-28,40,20,3,nan,24.0,27,nan,40
84,富貴角,2021-12-28,40,2,1,nan,22.0,5,40.0,22
85,大城,2021-12-29,65,2,3,nan,33.0,33,45.0,65
84,富貴角,2021-12-29,43,2,2,nan,24.0,7,43.0,25
83,麥寮,2021-12-29,76,5,3,nan,36.0,30,nan,76
80,關山,2021-12-29,32,2,2,nan,10.0,8,32.0,16
78,馬公,2021-12-29,44,2,2,nan,19.0,10,44.0,39
77,金門,2021-12-29,116,15,6,nan,60.0,42,38.0,116
75,馬祖,2021-12-29,64,8,5,nan,23.0,20,31.0,64
72,埔里,2021-12-29,55,2,5,nan,24.0,33,34.0,55
71,復興,2021-12-29,94,8,8,nan,50.0,59,nan,94
70,永和,2021-12-29,56,2,19,nan,24.0,56,nan,46
69,竹山,2021-12-29,66,5,3,nan,31.0,53,40.0,66
68,中壢,2021-12-29,55,5,9,nan,25.0,55,nan,52
67,三重,2021-12-29,57,10,18,nan,27.0,57,nan,51
66,冬山,2021-12-29,40,15,3,nan,19.0,40,25.0,31
65,宜蘭,2021-12-29,32,10,3,nan,13.0,27,32.0,27
64,陽明,2021-12-29,32,0,2,nan,nan,3,32.0,14
63,花蓮,2021-12-29,39,2,3,nan,15.0,23,39.0,26
62,臺東,2021-12-29,34,2,3,nan,10.0,22,34.0,18
61,恆春,2021-12-29,39,2,1,nan,7.0,2,39.0,12
60,潮州,2021-12-29,84,12,3,nan,46.0,32,71.0,84
59,屏東,2021-12-29,83,2,5,nan,45.0,33,54.0,83
58,小港,2021-12-29,92,8,6,nan,49.0,54,47.0,92
57,前鎮,2021-12-29,94,8,7,nan,53.0,52,nan,94
56,前金,2021-12-29,96,5,5,nan,49.0,40,49.0,96
54,左營,2021-12-29,92,5,5,nan,50.0,42,48.0,92
53,楠梓,2021-12-29,83,5,5,nan,45.0,43,47.0,83
52,林園,2021-12-29,110,15,5,nan,72.0,52,50.0,110
51,大寮,2021-12-29,102,15,5,nan,53.0,45,51.0,102
50,鳳山,2021-12-29,105,8,8,nan,51.0,54,nan,105
49,仁武,2021-12-29,104,12,5,nan,49.0,47,46.0,104
48,橋頭,2021-12-29,99,5,5,nan,51.0,47,35.0,99
47,美濃,2021-12-29,63,2,3,nan,33.0,20,50.0,63
46,臺南,2021-12-29,95,8,5,nan,48.0,35,42.0,95
45,安南,2021-12-29,86,8,5,nan,47.0,32,43.0,86
44,善化,2021-12-29,88,5,5,nan,41.0,35,42.0,88
43,新營,2021-12-29,86,2,5,nan,40.0,43,44.0,86
42,嘉義,2021-12-29,93,8,6,nan,47.0,51,39.0,93
41,臺西,2021-12-29,61,10,3,nan,31.0,30,nan,61
40,朴子,2021-12-29,82,5,5,nan,41.0,30,40.0,82
39,新港,2021-12-29,90,5,6,nan,45.0,30,32.0,90
38,崙背,2021-12-29,81,8,5,nan,45.0,28,35.0,81
37,斗六,2021-12-29,82,8,5,nan,46.0,43,39.0,82
36,南投,2021-12-29,63,5,5,nan,32.0,55,35.0,63
35,二林,2021-12-29,80,10,5,nan,46.0,35,42.0,80
34,線西,2021-12-29,63,12,3,nan,33.0,42,nan,63
33,彰化,2021-12-29,65,8,6,nan,34.0,55,33.0,65
32,西屯,2021-12-29,63,2,3,nan,32.0,52,38.0,63
31,忠明,2021-12-29,59,8,6,nan,29.0,59,33.0,57
30,大里,2021-12-29,69,5,7,nan,36.0,58,38.0,69
29,沙鹿,2021-12-29,62,5,3,nan,28.0,40,31.0,62
28,豐原,2021-12-29,52,8,3,nan,22.0,27,31.0,52
27,三義,2021-12-29,44,2,3,nan,19.0,28,35.0,44
26,苗栗,2021-12-29,50,8,5,nan,22.0,50,29.0,49
25,頭份,2021-12-29,48,8,5,nan,21.0,48,nan,47
24,新竹,2021-12-29,50,5,5,nan,20.0,42,27.0,50
23,竹東,2021-12-29,45,5,3,nan,20.0,33,25.0,45
22,湖口,2021-12-29,46,2,2,nan,22.0,25,29.0,46
21,龍潭,2021-12-29,54,5,5,nan,23.0,53,24.0,54
20,平鎮,2021-12-29,53,5,5,nan,24.0,53,19.0,49
19,觀音,2021-12-29,34,8,2,nan,18.0,17,31.0,34
18,大園,2021-12-29,42,5,3,nan,18.0,42,29.0,33
17,桃園,2021-12-29,53,10,6,nan,19.0,53,27.0,46
16,大同,2021-12-29,56,15,20,nan,29.0,56,nan,45
15,松山,2021-12-29,52,5,7,nan,22.0,52,19.0,38
14,古亭,2021-12-29,47,2,7,nan,18.0,47,22.0,35
13,萬華,2021-12-29,57,12,9,nan,19.0,57,19.0,42
12,中山,2021-12-29,55,8,9,nan,19.0,55,16.0,39
11,士林,2021-12-29,52,2,6,nan,22.0,52,21.0,31
10,淡水,2021-12-29,35,2,7,nan,17.0,35,28.0,33
9,林口,2021-12-29,42,5,2,nan,14.0,42,28.0,30
8,菜寮,2021-12-29,51,12,10,nan,16.0,51,24.0,42
7,新莊,2021-12-29,52,12,10,nan,24.0,52,26.0,49
6,板橋,2021-12-29,54,10,8,nan,22.0,54,22.0,43
5,土城,2021-12-29,52,5,7,nan,22.0,52,23.0,47
4,新店,2021-12-29,47,2,5,nan,14.0,47,26.0,30
3,萬里,2021-12-29,34,2,2,nan,14.0,10,34.0,19
2,汐止,2021-12-29,51,2,7,nan,19.0,51,16.0,36
1,基隆,2021-12-29,38,10,5,nan,16.0,38,21.0,36
20,平鎮,2021-12-30,84,5,7,nan,50,42,36.0,84
84,富貴角,2021-12-30,76,2,3,nan,56,12,71.0,76
83,麥寮,2021-12-30,86,15,5,nan,60,28,nan,86
80,關山,2021-12-30,34,5,3,nan,15,15,31.0,34
78,馬公,2021-12-30,80,2,5,nan,35,8,80.0,63
77,金門,2021-12-30,81,8,5,nan,48,23,49.0,81
75,馬祖,2021-12-30,106,5,5,nan,53,18,45.0,106
72,埔里,2021-12-30,56,5,6,nan,26,33,40.0,56
71,復興,2021-12-30,124,5,10,nan,71,55,nan,124
70,永和,2021-12-30,76,5,8,nan,50,52,nan,76
69,竹山,2021-12-30,83,5,6,nan,42,45,47.0,83
68,中壢,2021-12-30,82,8,12,nan,51,56,nan,82
67,三重,2021-12-30,86,5,17,nan,53,68,nan,86
66,冬山,2021-12-30,70,5,5,nan,47,27,36.0,70
65,宜蘭,2021-12-30,68,8,5,nan,41,17,35.0,68
64,陽明,2021-12-30,68,2,5,nan,30,10,48.0,68
63,花蓮,2021-12-30,61,2,6,nan,34,30,35.0,61
62,臺東,2021-12-30,32,2,5,nan,11,20,32.0,26
61,恆春,2021-12-30,42,2,3,nan,8,5,42.0,15
60,潮州,2021-12-30,106,10,6,nan,60,40,61.0,106
59,屏東,2021-12-30,101,5,6,nan,59,38,46.0,101
58,小港,2021-12-30,116,15,8,nan,71,57,42.0,116
57,前鎮,2021-12-30,122,8,9,nan,75,53,nan,122
56,前金,2021-12-30,123,8,7,nan,71,43,61.0,123
54,左營,2021-12-30,121,8,7,nan,72,45,58.0,121
53,楠梓,2021-12-30,107,10,7,nan,69,48,44.0,107
52,林園,2021-12-30,136,20,7,nan,88,65,45.0,136
51,大寮,2021-12-30,131,10,6,nan,70,55,41.0,131
50,鳳山,2021-12-30,135,15,12,nan,72,65,nan,135
49,仁武,2021-12-30,128,8,7,nan,70,55,42.0,128
48,橋頭,2021-12-30,128,8,7,nan,71,48,38.0,128
47,美濃,2021-12-30,80,5,6,nan,44,25,47.0,80
46,臺南,2021-12-30,104,8,6,nan,62,37,50.0,104
45,安南,2021-12-30,94,5,6,nan,62,33,51.0,94
44,善化,2021-12-30,100,10,6,nan,54,40,47.0,100
43,新營,2021-12-30,96,8,6,nan,57,42,51.0,96
42,嘉義,2021-12-30,104,10,7,nan,60,47,45.0,104
41,臺西,2021-12-30,75,5,5,nan,48,18,nan,75
40,朴子,2021-12-30,91,12,6,nan,59,38,51.0,91
39,新港,2021-12-30,97,8,6,nan,60,30,40.0,97
38,崙背,2021-12-30,89,10,6,nan,64,33,44.0,89
37,斗六,2021-12-30,94,5,6,nan,57,40,46.0,94
36,南投,2021-12-30,74,5,7,nan,42,43,39.0,74
35,二林,2021-12-30,87,10,6,nan,65,32,47.0,87
34,線西,2021-12-30,76,12,8,nan,55,35,nan,76
33,彰化,2021-12-30,69,5,6,nan,40,35,44.0,69
32,西屯,2021-12-30,70,2,5,nan,41,27,43.0,70
31,忠明,2021-12-30,69,5,6,nan,37,38,40.0,69
30,大里,2021-12-30,69,5,6,nan,38,38,36.0,69
29,沙鹿,2021-12-30,70,5,5,nan,39,23,47.0,70
28,豐原,2021-12-30,59,5,5,nan,27,22,35.0,59
27,三義,2021-12-30,62,2,5,nan,32,18,43.0,62
26,苗栗,2021-12-30,69,8,5,nan,40,28,44.0,69
25,頭份,2021-12-30,72,8,6,nan,44,33,nan,72
24,新竹,2021-12-30,81,5,6,nan,47,40,39.0,81
23,竹東,2021-12-30,71,2,5,nan,39,25,43.0,71
22,湖口,2021-12-30,82,2,5,nan,47,22,42.0,82
21,龍潭,2021-12-30,73,2,5,nan,43,32,42.0,73
85,大城,2021-12-30,78,5,5,nan,46,20,74.0,78
19,觀音,2021-12-30,86,18,5,nan,53,32,42.0,86
18,大園,2021-12-30,74,8,5,nan,47,42,42.0,74
17,桃園,2021-12-30,78,18,7,nan,47,40,38.0,78
16,大同,2021-12-30,75,5,10,nan,58,58,nan,75
15,松山,2021-12-30,76,8,6,nan,48,54,33.0,76
14,古亭,2021-12-30,74,5,6,nan,47,48,34.0,74
13,萬華,2021-12-30,75,2,7,nan,44,54,31.0,75
12,中山,2021-12-30,75,5,8,nan,47,56,27.0,75
11,士林,2021-12-30,70,5,5,nan,44,27,44.0,70
10,淡水,2021-12-30,73,5,6,nan,44,28,44.0,73
9,林口,2021-12-30,74,2,5,nan,48,40,36.0,74
8,菜寮,2021-12-30,73,2,6,nan,40,32,39.0,73
7,新莊,2021-12-30,76,5,6,nan,49,35,40.0,76
6,板橋,2021-12-30,74,5,7,nan,46,55,37.0,74
5,土城,2021-12-30,73,5,6,nan,46,43,37.0,73
4,新店,2021-12-30,71,5,6,nan,44,33,41.0,71
3,萬里,2021-12-30,78,2,5,nan,74,17,58.0,78
2,汐止,2021-12-30,74,8,6,nan,44,53,36.0,74
1,基隆,2021-12-30,75,2,5,nan,46,17,47.0,75
1,基隆,2021-12-31,43,5,2,nan,29,10,43.0,43
2,汐止,2021-12-31,41,5,3,nan,28,37,31.0,41
3,萬里,2021-12-31,47,0,2,nan,47,5,47.0,40
4,新店,2021-12-31,42,2,2,nan,25,20,42.0,39
5,土城,2021-12-31,41,2,3,nan,28,20,41.0,41
6,板橋,2021-12-31,45,2,3,nan,30,30,39.0,45
7,新莊,2021-12-31,49,2,3,nan,35,25,36.0,49
8,菜寮,2021-12-31,44,2,3,nan,26,27,37.0,44
9,林口,2021-12-31,41,2,3,nan,29,28,39.0,41
10,淡水,2021-12-31,41,2,3,nan,27,17,39.0,41
11,士林,2021-12-31,44,2,2,nan,28,13,44.0,38
12,中山,2021-12-31,45,2,5,nan,33,42,32.0,45
13,萬華,2021-12-31,47,2,3,nan,29,40,34.0,47
14,古亭,2021-12-31,46,2,2,nan,28,18,40.0,46
15,松山,2021-12-31,44,5,3,nan,33,32,35.0,44
16,大同,2021-12-31,57,2,8,nan,44,57,nan,52
17,桃園,2021-12-31,48,15,3,nan,30,20,38.0,48
18,大園,2021-12-31,47,10,2,nan,31,30,38.0,47
19,觀音,2021-12-31,57,12,3,nan,39,28,35.0,57
20,平鎮,2021-12-31,53,5,3,nan,30,23,36.0,53
21,龍潭,2021-12-31,42,2,2,nan,24,15,42.0,41
22,湖口,2021-12-31,49,5,2,nan,30,15,38.0,49
23,竹東,2021-12-31,48,2,3,nan,24,25,36.0,48
24,新竹,2021-12-31,53,5,3,nan,28,23,36.0,53
25,頭份,2021-12-31,52,8,3,nan,30,33,nan,52
26,苗栗,2021-12-31,52,8,3,nan,31,40,38.0,52
27,三義,2021-12-31,51,2,3,nan,25,13,41.0,51
28,豐原,2021-12-31,55,5,3,nan,25,27,36.0,55
29,沙鹿,2021-12-31,60,5,3,nan,39,25,41.0,60
30,大里,2021-12-31,73,5,7,nan,41,43,38.0,73
31,忠明,2021-12-31,62,5,3,nan,35,35,37.0,62
32,西屯,2021-12-31,61,5,3,nan,39,27,38.0,61
33,彰化,2021-12-31,61,5,3,nan,41,33,39.0,61
34,線西,2021-12-31,59,12,5,nan,46,25,nan,59
35,二林,2021-12-31,65,10,3,nan,57,23,43.0,65
36,南投,2021-12-31,71,8,6,nan,40,40,38.0,71
37,斗六,2021-12-31,92,5,5,nan,58,28,43.0,92
38,崙背,2021-12-31,69,10,5,nan,52,23,42.0,69
39,新港,2021-12-31,78,8,5,nan,59,25,35.0,78
40,朴子,2021-12-31,77,12,6,nan,53,33,44.0,77
41,臺西,2021-12-31,59,5,3,nan,39,12,nan,59
42,嘉義,2021-12-31,91,10,5,nan,57,35,41.0,91
43,新營,2021-12-31,87,10,5,nan,55,42,45.0,87
44,善化,2021-12-31,92,12,5,nan,51,30,44.0,92
45,安南,2021-12-31,82,5,6,nan,57,27,45.0,82
46,臺南,2021-12-31,90,8,5,nan,59,28,44.0,90
47,美濃,2021-12-31,98,5,6,nan,58,22,54.0,98
48,橋頭,2021-12-31,111,8,6,nan,70,38,42.0,111
49,仁武,2021-12-31,113,8,6,nan,67,45,48.0,113
50,鳳山,2021-12-31,128,12,9,nan,71,57,nan,128
51,大寮,2021-12-31,126,15,7,nan,78,50,61.0,126
52,林園,2021-12-31,141,18,7,nan,94,52,67.0,141
53,楠梓,2021-12-31,99,8,6,nan,66,38,49.0,99
54,左營,2021-12-31,115,10,6,nan,70,42,50.0,115
56,前金,2021-12-31,112,5,6,nan,69,38,48.0,112
57,前鎮,2021-12-31,113,8,8,nan,78,47,nan,113
58,小港,2021-12-31,111,10,8,nan,72,55,61.0,111
59,屏東,2021-12-31,114,8,6,nan,69,30,71.0,114
60,潮州,2021-12-31,142,15,6,nan,84,33,118.0,142
61,恆春,2021-12-31,45,2,3,nan,12,3,45.0,26
62,臺東,2021-12-31,40,5,3,nan,16,15,38.0,40
63,花蓮,2021-12-31,51,5,5,nan,25,37,36.0,51
64,陽明,2021-12-31,44,2,2,nan,17,3,44.0,34
65,宜蘭,2021-12-31,51,40,3,nan,26,13,36.0,51
66,冬山,2021-12-31,43,5,2,nan,25,27,41.0,43
67,三重,2021-12-31,55,5,10,nan,35,55,nan,51
68,中壢,2021-12-31,49,5,7,nan,32,40,nan,49
69,竹山,2021-12-31,94,8,6,nan,49,38,44.0,94
70,永和,2021-12-31,49,2,3,nan,30,22,nan,49
71,復興,2021-12-31,119,5,9,nan,72,51,nan,119
72,埔里,2021-12-31,67,2,5,nan,34,30,45.0,67
75,馬祖,2021-12-31,152,5,6,nan,78,25,50.0,152
77,金門,2021-12-31,118,12,5,nan,73,27,64.0,118
78,馬公,2021-12-31,66,5,3,nan,38,10,48.0,66
80,關山,2021-12-31,48,2,3,nan,22,12,35.0,48
83,麥寮,2021-12-31,62,8,3,nan,45,18,nan,62
84,富貴角,2021-12-31,48,0,2,nan,41,3,48.0,46
85,大城,2021-12-31,65,2,2,nan,39,10,48.0,65
