siteid,sitename,monitordate,aqi,so2subindex,cosubindex,o3subindex,pm10subindex,no2subindex,o38subindex,pm25subindex
83,麥寮,2018-03-01,89,13.0,6.0,nan,74.0,22.0,nan,89.0
80,關山,2018-03-01,33,7.0,nan,nan,22.0,8.0,33.0,32.0
78,馬公,2018-03-01,59,6.0,3.0,nan,36.0,9.0,58.0,59.0
77,金門,2018-03-01,92,10.0,7.0,nan,54.0,23.0,54.0,92.0
75,馬祖,2018-03-01,97,9.0,5.0,nan,38.0,7.0,97.0,67.0
72,埔里,2018-03-01,54,9.0,6.0,nan,24.0,25.0,54.0,52.0
71,復興,2018-03-01,123,16.0,14.0,nan,64.0,39.0,nan,123.0
70,永和,2018-03-01,43,7.0,10.0,nan,22.0,29.0,nan,43.0
69,竹山,2018-03-01,97,6.0,7.0,nan,52.0,25.0,97.0,94.0
68,中壢,2018-03-01,47,10.0,19.0,nan,35.0,47.0,nan,40.0
67,三重,2018-03-01,49,10.0,31.0,nan,39.0,46.0,nan,49.0
66,冬山,2018-03-01,44,7.0,5.0,nan,33.0,34.0,27.0,44.0
65,宜蘭,2018-03-01,40,3.0,6.0,nan,30.0,14.0,40.0,38.0
64,陽明,2018-03-01,44,6.0,2.0,nan,11.0,3.0,44.0,30.0
63,花蓮,2018-03-01,42,4.0,5.0,nan,25.0,14.0,42.0,19.0
62,臺東,2018-03-01,36,3.0,5.0,nan,27.0,9.0,36.0,33.0
61,恆春,2018-03-01,44,4.0,2.0,nan,35.0,5.0,44.0,39.0
60,潮州,2018-03-01,101,10.0,5.0,nan,59.0,15.0,101.0,78.0
59,屏東,2018-03-01,76,7.0,7.0,nan,46.0,25.0,67.0,76.0
58,小港,2018-03-01,102,23.0,7.0,nan,56.0,50.0,48.0,102.0
57,前鎮,2018-03-01,117,23.0,10.0,nan,66.0,40.0,nan,117.0
56,前金,2018-03-01,119,6.0,8.0,nan,62.0,37.0,49.0,119.0
54,左營,2018-03-01,118,9.0,8.0,nan,75.0,40.0,115.0,118.0
53,楠梓,2018-03-01,116,7.0,8.0,nan,76.0,31.0,51.0,116.0
52,林園,2018-03-01,104,23.0,6.0,nan,60.0,32.0,104.0,84.0
51,大寮,2018-03-01,107,36.0,9.0,nan,63.0,37.0,45.0,107.0
50,鳳山,2018-03-01,101,11.0,9.0,nan,nan,37.0,nan,101.0
49,仁武,2018-03-01,126,7.0,7.0,nan,65.0,38.0,87.0,126.0
48,橋頭,2018-03-01,118,9.0,7.0,nan,66.0,30.0,49.0,118.0
47,美濃,2018-03-01,61,6.0,3.0,nan,34.0,11.0,61.0,43.0
46,臺南,2018-03-01,132,7.0,8.0,nan,67.0,34.0,74.0,132.0
45,安南,2018-03-01,126,6.0,7.0,nan,76.0,30.0,54.0,126.0
44,善化,2018-03-01,98,10.0,6.0,nan,65.0,26.0,44.0,98.0
43,新營,2018-03-01,121,6.0,8.0,nan,83.0,31.0,48.0,121.0
42,嘉義,2018-03-01,82,7.0,7.0,nan,54.0,23.0,58.0,82.0
41,臺西,2018-03-01,93,9.0,5.0,nan,48.0,22.0,nan,93.0
40,朴子,2018-03-01,98,10.0,7.0,nan,73.0,22.0,64.0,98.0
84,富貴角,2018-03-01,53,1.0,3.0,nan,21.0,nan,31.0,53.0
1,基隆,2018-03-01,43,13.0,10.0,nan,20.0,35.0,43.0,43.0
39,新港,2018-03-01,96,7.0,8.0,nan,66.0,23.0,71.0,96.0
38,崙背,2018-03-01,89,9.0,8.0,nan,54.0,22.0,74.0,89.0
37,斗六,2018-03-01,87,13.0,8.0,nan,46.0,30.0,87.0,69.0
36,南投,2018-03-01,85,6.0,8.0,nan,56.0,40.0,46.0,85.0
35,二林,2018-03-01,77,7.0,9.0,nan,47.0,26.0,46.0,77.0
34,線西,2018-03-01,80,10.0,8.0,nan,53.0,28.0,nan,80.0
33,彰化,2018-03-01,75,9.0,9.0,nan,49.0,29.0,44.0,75.0
32,西屯,2018-03-01,71,6.0,8.0,nan,38.0,40.0,71.0,63.0
31,忠明,2018-03-01,71,6.0,16.0,nan,42.0,43.0,51.0,71.0
30,大里,2018-03-01,77,7.0,9.0,nan,52.0,35.0,77.0,48.0
29,沙鹿,2018-03-01,71,6.0,7.0,nan,40.0,30.0,51.0,71.0
28,豐原,2018-03-01,54,9.0,9.0,nan,41.0,29.0,48.0,54.0
27,三義,2018-03-01,77,4.0,6.0,nan,31.0,25.0,77.0,63.0
26,苗栗,2018-03-01,65,9.0,8.0,nan,45.0,31.0,43.0,65.0
25,頭份,2018-03-01,57,10.0,7.0,nan,41.0,31.0,nan,57.0
24,新竹,2018-03-01,69,7.0,11.0,nan,40.0,43.0,40.0,69.0
23,竹東,2018-03-01,59,6.0,7.0,nan,35.0,24.0,50.0,59.0
22,湖口,2018-03-01,57,10.0,7.0,nan,39.0,30.0,47.0,57.0
21,龍潭,2018-03-01,44,6.0,7.0,nan,22.0,30.0,44.0,36.0
20,平鎮,2018-03-01,37,3.0,9.0,nan,30.0,33.0,20.0,37.0
19,觀音,2018-03-01,71,19.0,6.0,nan,41.0,48.0,40.0,71.0
18,大園,2018-03-01,53,33.0,7.0,nan,31.0,37.0,37.0,53.0
17,桃園,2018-03-01,37,6.0,8.0,nan,27.0,25.0,35.0,37.0
16,大同,2018-03-01,58,7.0,23.0,nan,43.0,37.0,nan,58.0
15,松山,2018-03-01,40,9.0,11.0,nan,23.0,33.0,33.0,40.0
14,古亭,2018-03-01,40,7.0,8.0,nan,17.0,27.0,40.0,nan
13,萬華,2018-03-01,31,6.0,12.0,nan,20.0,28.0,31.0,29.0
12,中山,2018-03-01,40,6.0,17.0,nan,23.0,33.0,28.0,40.0
11,士林,2018-03-01,41,7.0,22.0,nan,19.0,31.0,41.0,38.0
10,淡水,2018-03-01,54,4.0,15.0,nan,28.0,32.0,35.0,54.0
9,林口,2018-03-01,42,7.0,5.0,nan,33.0,28.0,42.0,41.0
8,菜寮,2018-03-01,52,6.0,19.0,nan,31.0,38.0,31.0,52.0
7,新莊,2018-03-01,53,7.0,16.0,nan,31.0,41.0,40.0,53.0
6,板橋,2018-03-01,58,10.0,23.0,nan,34.0,40.0,36.0,58.0
5,土城,2018-03-01,43,4.0,10.0,nan,21.0,26.0,39.0,43.0
4,新店,2018-03-01,43,3.0,8.0,nan,19.0,21.0,43.0,39.0
3,萬里,2018-03-01,51,16.0,3.0,nan,23.0,22.0,49.0,51.0
2,汐止,2018-03-01,58,14.0,11.0,nan,26.0,32.0,42.0,58.0
84,富貴角,2018-03-02,113,4.0,5.0,nan,55.0,nan,30.0,113.0
83,麥寮,2018-03-02,127,11.0,7.0,nan,90.0,19.0,nan,127.0
80,關山,2018-03-02,30,4.0,nan,nan,22.0,7.0,26.0,30.0
78,馬公,2018-03-02,72,4.0,6.0,nan,45.0,8.0,64.0,72.0
77,金門,2018-03-02,100,11.0,6.0,nan,60.0,16.0,61.0,100.0
75,馬祖,2018-03-02,80,7.0,6.0,nan,45.0,8.0,67.0,80.0
72,埔里,2018-03-02,76,7.0,7.0,nan,35.0,27.0,46.0,76.0
71,復興,2018-03-02,135,17.0,14.0,nan,69.0,50.0,nan,135.0
70,永和,2018-03-02,104,11.0,28.0,nan,56.0,68.0,nan,104.0
69,竹山,2018-03-02,135,7.0,7.0,nan,64.0,27.0,87.0,135.0
68,中壢,2018-03-02,107,11.0,18.0,nan,78.0,57.0,nan,107.0
67,三重,2018-03-02,91,13.0,24.0,nan,72.0,73.0,nan,91.0
66,冬山,2018-03-02,41,9.0,5.0,nan,26.0,17.0,41.0,38.0
65,宜蘭,2018-03-02,50,3.0,7.0,nan,26.0,13.0,50.0,42.0
64,陽明,2018-03-02,58,4.0,3.0,nan,14.0,9.0,58.0,33.0
63,花蓮,2018-03-02,43,4.0,7.0,nan,28.0,20.0,43.0,29.0
62,臺東,2018-03-02,70,55.0,7.0,nan,43.0,13.0,26.0,70.0
61,恆春,2018-03-02,34,3.0,2.0,nan,31.0,2.0,34.0,26.0
60,潮州,2018-03-02,67,6.0,5.0,nan,46.0,13.0,46.0,67.0
59,屏東,2018-03-02,79,20.0,8.0,nan,49.0,25.0,54.0,79.0
58,小港,2018-03-02,105,39.0,8.0,nan,62.0,52.0,39.0,105.0
57,前鎮,2018-03-02,114,21.0,10.0,nan,67.0,47.0,nan,114.0
56,前金,2018-03-02,113,9.0,10.0,nan,64.0,41.0,44.0,113.0
54,左營,2018-03-02,111,9.0,9.0,nan,73.0,48.0,90.0,111.0
53,楠梓,2018-03-02,107,7.0,7.0,nan,74.0,32.0,58.0,107.0
52,林園,2018-03-02,95,19.0,6.0,nan,65.0,41.0,93.0,95.0
51,大寮,2018-03-02,106,19.0,7.0,nan,61.0,31.0,39.0,106.0
50,鳳山,2018-03-02,116,19.0,11.0,nan,nan,42.0,nan,116.0
49,仁武,2018-03-02,124,10.0,7.0,nan,67.0,32.0,71.0,124.0
48,橋頭,2018-03-02,103,9.0,7.0,nan,59.0,31.0,44.0,103.0
47,美濃,2018-03-02,90,7.0,5.0,nan,47.0,10.0,90.0,68.0
46,臺南,2018-03-02,119,10.0,11.0,nan,64.0,45.0,58.0,119.0
45,安南,2018-03-02,115,7.0,7.0,nan,71.0,30.0,58.0,115.0
44,善化,2018-03-02,107,9.0,6.0,nan,71.0,18.0,47.0,107.0
43,新營,2018-03-02,119,7.0,7.0,nan,84.0,30.0,47.0,119.0
42,嘉義,2018-03-02,143,14.0,8.0,nan,79.0,32.0,50.0,143.0
41,臺西,2018-03-02,123,13.0,6.0,nan,66.0,24.0,nan,123.0
40,朴子,2018-03-02,113,7.0,6.0,nan,76.0,15.0,64.0,113.0
39,新港,2018-03-02,119,14.0,7.0,nan,87.0,21.0,58.0,119.0
38,崙背,2018-03-02,129,9.0,8.0,nan,74.0,19.0,67.0,129.0
37,斗六,2018-03-02,149,7.0,8.0,nan,83.0,41.0,90.0,149.0
36,南投,2018-03-02,123,9.0,8.0,nan,68.0,43.0,47.0,123.0
35,二林,2018-03-02,133,11.0,9.0,nan,79.0,25.0,47.0,133.0
34,線西,2018-03-02,138,11.0,8.0,nan,82.0,32.0,nan,138.0
33,彰化,2018-03-02,151,11.0,11.0,nan,94.0,42.0,40.0,151.0
32,西屯,2018-03-02,146,9.0,11.0,nan,83.0,49.0,51.0,146.0
31,忠明,2018-03-02,152,9.0,15.0,nan,81.0,56.0,50.0,152.0
30,大里,2018-03-02,139,9.0,12.0,nan,94.0,51.0,90.0,139.0
29,沙鹿,2018-03-02,155,9.0,9.0,nan,91.0,34.0,58.0,155.0
28,豐原,2018-03-02,99,9.0,8.0,nan,57.0,27.0,45.0,99.0
27,三義,2018-03-02,108,13.0,7.0,nan,51.0,28.0,50.0,108.0
26,苗栗,2018-03-02,152,7.0,9.0,nan,87.0,26.0,43.0,152.0
25,頭份,2018-03-02,137,9.0,7.0,nan,83.0,31.0,nan,137.0
24,新竹,2018-03-02,151,7.0,9.0,nan,82.0,51.0,46.0,151.0
23,竹東,2018-03-02,124,9.0,9.0,nan,74.0,35.0,38.0,124.0
22,湖口,2018-03-02,128,9.0,6.0,nan,85.0,33.0,71.0,128.0
21,龍潭,2018-03-02,109,9.0,11.0,nan,59.0,55.0,46.0,109.0
20,平鎮,2018-03-02,120,3.0,10.0,nan,71.0,54.0,23.0,120.0
19,觀音,2018-03-02,134,17.0,6.0,nan,73.0,27.0,51.0,134.0
18,大園,2018-03-02,119,19.0,7.0,nan,68.0,39.0,51.0,119.0
17,桃園,2018-03-02,118,39.0,12.0,nan,65.0,54.0,33.0,118.0
16,大同,2018-03-02,103,11.0,23.0,nan,73.0,78.0,nan,103.0
15,松山,2018-03-02,72,14.0,12.0,nan,46.0,60.0,37.0,72.0
14,古亭,2018-03-02,68,14.0,18.0,nan,49.0,68.0,36.0,nan
13,萬華,2018-03-02,95,14.0,18.0,nan,53.0,67.0,29.0,95.0
12,中山,2018-03-02,95,14.0,19.0,nan,59.0,66.0,28.0,95.0
11,士林,2018-03-02,98,13.0,9.0,nan,55.0,40.0,42.0,98.0
10,淡水,2018-03-02,88,19.0,6.0,nan,56.0,32.0,40.0,88.0
9,林口,2018-03-02,94,20.0,8.0,nan,65.0,56.0,43.0,94.0
8,菜寮,2018-03-02,104,13.0,12.0,nan,57.0,61.0,30.0,104.0
7,新莊,2018-03-02,98,14.0,14.0,nan,61.0,55.0,30.0,98.0
6,板橋,2018-03-02,109,14.0,19.0,nan,65.0,58.0,28.0,109.0
5,土城,2018-03-02,105,20.0,15.0,nan,57.0,53.0,37.0,105.0
4,新店,2018-03-02,85,10.0,17.0,nan,44.0,63.0,45.0,85.0
3,萬里,2018-03-02,80,10.0,6.0,nan,55.0,15.0,64.0,80.0
2,汐止,2018-03-02,82,21.0,10.0,nan,43.0,55.0,39.0,82.0
1,基隆,2018-03-02,69,20.0,7.0,nan,32.0,30.0,47.0,69.0
39,新港,2018-03-03,147,9.0,8.0,nan,94.0,16.0,36.0,147.0
84,富貴角,2018-03-03,113,3.0,5.0,nan,52.0,nan,20.0,113.0
83,麥寮,2018-03-03,148,13.0,6.0,nan,82.0,18.0,nan,148.0
80,關山,2018-03-03,34,4.0,nan,nan,23.0,6.0,19.0,34.0
78,馬公,2018-03-03,81,4.0,5.0,nan,35.0,8.0,44.0,81.0
77,金門,2018-03-03,142,13.0,7.0,nan,66.0,28.0,37.0,142.0
75,馬祖,2018-03-03,86,4.0,6.0,nan,46.0,15.0,67.0,86.0
72,埔里,2018-03-03,95,4.0,6.0,nan,46.0,25.0,45.0,95.0
71,復興,2018-03-03,92,26.0,10.0,nan,48.0,31.0,nan,92.0
70,永和,2018-03-03,156,11.0,26.0,nan,86.0,58.0,nan,156.0
69,竹山,2018-03-03,148,6.0,5.0,nan,64.0,15.0,58.0,148.0
68,中壢,2018-03-03,130,9.0,15.0,nan,87.0,43.0,nan,130.0
67,三重,2018-03-03,136,13.0,23.0,nan,95.0,60.0,nan,136.0
66,冬山,2018-03-03,93,10.0,6.0,nan,54.0,16.0,93.0,86.0
65,宜蘭,2018-03-03,118,4.0,6.0,nan,56.0,11.0,118.0,81.0
64,陽明,2018-03-03,53,6.0,2.0,nan,19.0,8.0,33.0,53.0
63,花蓮,2018-03-03,67,6.0,5.0,nan,34.0,8.0,67.0,47.0
62,臺東,2018-03-03,38,6.0,5.0,nan,34.0,12.0,22.0,38.0
61,恆春,2018-03-03,34,4.0,2.0,nan,31.0,4.0,34.0,33.0
60,潮州,2018-03-03,53,11.0,5.0,nan,42.0,12.0,39.0,53.0
59,屏東,2018-03-03,82,10.0,6.0,nan,44.0,28.0,48.0,82.0
58,小港,2018-03-03,69,30.0,7.0,nan,46.0,32.0,23.0,69.0
57,前鎮,2018-03-03,66,24.0,9.0,nan,44.0,32.0,nan,66.0
56,前金,2018-03-03,73,21.0,8.0,nan,44.0,37.0,33.0,73.0
54,左營,2018-03-03,82,10.0,9.0,nan,55.0,40.0,44.0,82.0
53,楠梓,2018-03-03,79,9.0,6.0,nan,54.0,27.0,33.0,79.0
52,林園,2018-03-03,68,17.0,5.0,nan,49.0,26.0,38.0,68.0
51,大寮,2018-03-03,99,40.0,6.0,nan,57.0,28.0,35.0,99.0
50,鳳山,2018-03-03,75,13.0,7.0,nan,42.0,28.0,nan,75.0
49,仁武,2018-03-03,78,13.0,6.0,nan,50.0,41.0,35.0,78.0
48,橋頭,2018-03-03,75,7.0,6.0,nan,44.0,26.0,31.0,75.0
47,美濃,2018-03-03,47,16.0,3.0,nan,33.0,12.0,44.0,47.0
46,臺南,2018-03-03,135,9.0,10.0,nan,62.0,43.0,32.0,135.0
45,安南,2018-03-03,154,7.0,9.0,nan,87.0,29.0,34.0,154.0
44,善化,2018-03-03,134,7.0,8.0,nan,75.0,25.0,31.0,134.0
43,新營,2018-03-03,158,7.0,10.0,nan,102.0,30.0,33.0,158.0
42,嘉義,2018-03-03,152,16.0,10.0,nan,77.0,34.0,38.0,152.0
41,臺西,2018-03-03,140,16.0,6.0,nan,66.0,18.0,nan,140.0
40,朴子,2018-03-03,152,6.0,6.0,nan,87.0,20.0,33.0,152.0
38,崙背,2018-03-03,155,10.0,7.0,nan,85.0,15.0,44.0,155.0
37,斗六,2018-03-03,151,7.0,10.0,nan,78.0,39.0,41.0,151.0
36,南投,2018-03-03,102,9.0,5.0,nan,56.0,21.0,36.0,102.0
35,二林,2018-03-03,154,9.0,8.0,nan,94.0,16.0,43.0,154.0
34,線西,2018-03-03,140,11.0,7.0,nan,82.0,23.0,nan,140.0
33,彰化,2018-03-03,159,10.0,9.0,nan,89.0,27.0,38.0,159.0
32,西屯,2018-03-03,131,6.0,9.0,nan,66.0,38.0,43.0,131.0
31,忠明,2018-03-03,146,7.0,12.0,nan,72.0,42.0,39.0,146.0
30,大里,2018-03-03,140,7.0,11.0,nan,92.0,41.0,44.0,140.0
29,沙鹿,2018-03-03,155,11.0,7.0,nan,84.0,27.0,40.0,155.0
28,豐原,2018-03-03,93,23.0,45.0,nan,52.0,30.0,47.0,93.0
27,三義,2018-03-03,105,9.0,5.0,nan,45.0,21.0,44.0,105.0
26,苗栗,2018-03-03,133,11.0,7.0,nan,73.0,20.0,34.0,133.0
25,頭份,2018-03-03,125,13.0,6.0,nan,82.0,32.0,nan,125.0
24,新竹,2018-03-03,133,9.0,8.0,nan,65.0,28.0,46.0,133.0
23,竹東,2018-03-03,151,29.0,8.0,nan,80.0,29.0,30.0,151.0
22,湖口,2018-03-03,114,10.0,6.0,nan,70.0,24.0,61.0,114.0
21,龍潭,2018-03-03,152,9.0,9.0,nan,76.0,39.0,35.0,152.0
20,平鎮,2018-03-03,121,3.0,8.0,nan,79.0,37.0,20.0,121.0
19,觀音,2018-03-03,120,17.0,5.0,nan,70.0,32.0,44.0,120.0
18,大園,2018-03-03,61,11.0,6.0,nan,nan,13.0,61.0,nan
17,桃園,2018-03-03,153,30.0,14.0,nan,79.0,49.0,31.0,153.0
16,大同,2018-03-03,151,16.0,19.0,nan,92.0,55.0,nan,151.0
15,松山,2018-03-03,152,19.0,11.0,nan,85.0,42.0,24.0,152.0
14,古亭,2018-03-03,85,10.0,16.0,nan,85.0,55.0,25.0,nan
13,萬華,2018-03-03,153,9.0,16.0,nan,79.0,57.0,20.0,153.0
12,中山,2018-03-03,152,19.0,16.0,nan,89.0,56.0,19.0,152.0
11,士林,2018-03-03,153,17.0,10.0,nan,79.0,37.0,32.0,153.0
10,淡水,2018-03-03,110,26.0,7.0,nan,66.0,39.0,30.0,110.0
9,林口,2018-03-03,105,14.0,8.0,nan,71.0,45.0,39.0,105.0
8,菜寮,2018-03-03,153,10.0,14.0,nan,77.0,46.0,23.0,153.0
7,新莊,2018-03-03,151,7.0,12.0,nan,80.0,51.0,29.0,151.0
6,板橋,2018-03-03,157,21.0,22.0,nan,95.0,57.0,26.0,157.0
5,土城,2018-03-03,158,19.0,15.0,nan,87.0,48.0,26.0,158.0
4,新店,2018-03-03,153,10.0,14.0,nan,78.0,45.0,29.0,153.0
3,萬里,2018-03-03,104,7.0,6.0,nan,62.0,16.0,49.0,104.0
2,汐止,2018-03-03,155,17.0,15.0,nan,72.0,35.0,31.0,155.0
1,基隆,2018-03-03,107,24.0,7.0,nan,49.0,32.0,41.0,107.0
84,富貴角,2018-03-04,105,4.0,5.0,nan,37.0,nan,16.0,105.0
1,基隆,2018-03-04,84,20.0,10.0,nan,33.0,28.0,32.0,84.0
2,汐止,2018-03-04,113,27.0,11.0,nan,48.0,35.0,33.0,113.0
3,萬里,2018-03-04,90,17.0,5.0,nan,40.0,21.0,35.0,90.0
4,新店,2018-03-04,96,11.0,9.0,nan,45.0,41.0,49.0,96.0
5,土城,2018-03-04,128,9.0,17.0,nan,58.0,37.0,48.0,128.0
6,板橋,2018-03-04,133,16.0,22.0,nan,68.0,47.0,41.0,133.0
7,新莊,2018-03-04,114,19.0,18.0,nan,58.0,43.0,35.0,114.0
8,菜寮,2018-03-04,129,24.0,24.0,nan,62.0,65.0,24.0,129.0
9,林口,2018-03-04,99,13.0,7.0,nan,59.0,33.0,35.0,99.0
10,淡水,2018-03-04,102,23.0,10.0,nan,50.0,42.0,19.0,102.0
11,士林,2018-03-04,94,11.0,16.0,nan,44.0,47.0,31.0,94.0
12,中山,2018-03-04,124,17.0,22.0,nan,64.0,64.0,22.0,124.0
13,萬華,2018-03-04,111,17.0,25.0,nan,59.0,73.0,25.0,111.0
14,古亭,2018-03-04,57,11.0,12.0,nan,57.0,42.0,36.0,nan
15,松山,2018-03-04,107,13.0,15.0,nan,55.0,47.0,35.0,107.0
16,大同,2018-03-04,111,17.0,26.0,nan,66.0,77.0,nan,111.0
17,桃園,2018-03-04,110,10.0,12.0,nan,56.0,38.0,30.0,110.0
18,大園,2018-03-04,-1,nan,nan,nan,nan,nan,nan,nan
19,觀音,2018-03-04,125,14.0,9.0,nan,74.0,37.0,32.0,125.0
20,平鎮,2018-03-04,110,4.0,10.0,nan,59.0,33.0,15.0,110.0
21,龍潭,2018-03-04,101,24.0,7.0,nan,52.0,26.0,38.0,101.0
22,湖口,2018-03-04,108,9.0,7.0,nan,61.0,22.0,32.0,108.0
23,竹東,2018-03-04,105,7.0,6.0,nan,58.0,20.0,29.0,105.0
24,新竹,2018-03-04,112,7.0,9.0,nan,50.0,34.0,26.0,112.0
25,頭份,2018-03-04,98,11.0,7.0,nan,55.0,26.0,nan,98.0
26,苗栗,2018-03-04,114,9.0,7.0,nan,58.0,21.0,27.0,114.0
27,三義,2018-03-04,110,11.0,5.0,nan,43.0,22.0,37.0,110.0
28,豐原,2018-03-04,80,11.0,5.0,nan,41.0,20.0,38.0,80.0
29,沙鹿,2018-03-04,58,23.0,7.0,nan,58.0,30.0,27.0,nan
30,大里,2018-03-04,86,9.0,7.0,nan,62.0,27.0,39.0,86.0
31,忠明,2018-03-04,105,13.0,7.0,nan,52.0,31.0,40.0,105.0
32,西屯,2018-03-04,98,37.0,6.0,nan,51.0,34.0,43.0,98.0
33,彰化,2018-03-04,108,11.0,6.0,nan,56.0,20.0,34.0,108.0
34,線西,2018-03-04,120,17.0,7.0,nan,61.0,27.0,nan,120.0
35,二林,2018-03-04,151,10.0,7.0,nan,78.0,13.0,29.0,151.0
36,南投,2018-03-04,98,6.0,5.0,nan,51.0,22.0,32.0,98.0
37,斗六,2018-03-04,102,11.0,6.0,nan,53.0,17.0,42.0,102.0
38,崙背,2018-03-04,136,11.0,6.0,nan,62.0,17.0,37.0,136.0
39,新港,2018-03-04,98,10.0,7.0,nan,66.0,22.0,39.0,98.0
40,朴子,2018-03-04,106,6.0,6.0,nan,66.0,22.0,37.0,106.0
41,臺西,2018-03-04,122,17.0,5.0,nan,58.0,20.0,nan,122.0
42,嘉義,2018-03-04,75,16.0,6.0,nan,44.0,20.0,42.0,75.0
43,新營,2018-03-04,93,17.0,6.0,nan,59.0,19.0,39.0,93.0
44,善化,2018-03-04,77,13.0,5.0,nan,44.0,14.0,34.0,77.0
45,安南,2018-03-04,83,13.0,6.0,nan,50.0,25.0,35.0,83.0
46,臺南,2018-03-04,77,10.0,8.0,nan,34.0,28.0,33.0,77.0
47,美濃,2018-03-04,44,6.0,2.0,nan,37.0,8.0,36.0,44.0
48,橋頭,2018-03-04,51,24.0,6.0,nan,31.0,23.0,23.0,51.0
49,仁武,2018-03-04,69,16.0,6.0,nan,46.0,23.0,29.0,69.0
50,鳳山,2018-03-04,63,17.0,7.0,nan,36.0,26.0,nan,63.0
51,大寮,2018-03-04,57,7.0,5.0,nan,34.0,24.0,21.0,57.0
52,林園,2018-03-04,59,14.0,3.0,nan,35.0,27.0,29.0,59.0
53,楠梓,2018-03-04,67,17.0,6.0,nan,50.0,21.0,31.0,67.0
54,左營,2018-03-04,65,14.0,8.0,nan,47.0,25.0,21.0,65.0
56,前金,2018-03-04,61,17.0,9.0,nan,33.0,23.0,21.0,61.0
57,前鎮,2018-03-04,59,26.0,9.0,nan,34.0,30.0,nan,59.0
58,小港,2018-03-04,52,26.0,7.0,nan,38.0,28.0,18.0,52.0
59,屏東,2018-03-04,57,11.0,6.0,nan,39.0,25.0,23.0,57.0
60,潮州,2018-03-04,43,6.0,2.0,nan,42.0,9.0,20.0,43.0
61,恆春,2018-03-04,32,4.0,2.0,nan,32.0,3.0,26.0,31.0
62,臺東,2018-03-04,51,3.0,5.0,nan,33.0,8.0,24.0,51.0
63,花蓮,2018-03-04,53,7.0,3.0,nan,39.0,11.0,30.0,53.0
64,陽明,2018-03-04,60,9.0,5.0,nan,20.0,9.0,37.0,60.0
65,宜蘭,2018-03-04,68,4.0,5.0,nan,44.0,11.0,38.0,68.0
66,冬山,2018-03-04,80,16.0,5.0,nan,47.0,25.0,33.0,80.0
67,三重,2018-03-04,109,21.0,32.0,nan,71.0,79.0,nan,109.0
68,中壢,2018-03-04,108,7.0,17.0,nan,68.0,36.0,nan,108.0
69,竹山,2018-03-04,43,9.0,3.0,nan,nan,12.0,43.0,nan
70,永和,2018-03-04,111,16.0,23.0,nan,57.0,62.0,nan,111.0
71,復興,2018-03-04,29,24.0,9.0,nan,nan,29.0,nan,nan
72,埔里,2018-03-04,83,4.0,5.0,nan,36.0,15.0,43.0,83.0
75,馬祖,2018-03-04,69,6.0,5.0,nan,34.0,16.0,39.0,69.0
77,金門,2018-03-04,69,14.0,5.0,nan,31.0,25.0,13.0,69.0
78,馬公,2018-03-04,70,4.0,3.0,nan,31.0,9.0,34.0,70.0
80,關山,2018-03-04,42,6.0,nan,nan,27.0,7.0,21.0,42.0
83,麥寮,2018-03-04,131,14.0,5.0,nan,71.0,14.0,nan,131.0
17,桃園,2018-03-05,89,13.0,8.0,nan,47.0,35.0,26.0,89.0
1,基隆,2018-03-05,63,6.0,7.0,nan,27.0,25.0,41.0,63.0
2,汐止,2018-03-05,81,6.0,9.0,nan,36.0,23.0,38.0,81.0
3,萬里,2018-03-05,90,10.0,5.0,nan,47.0,19.0,44.0,90.0
4,新店,2018-03-05,63,6.0,6.0,nan,27.0,25.0,31.0,63.0
5,土城,2018-03-05,80,11.0,10.0,nan,41.0,31.0,29.0,80.0
6,板橋,2018-03-05,84,7.0,12.0,nan,45.0,36.0,26.0,84.0
7,新莊,2018-03-05,75,10.0,11.0,nan,40.0,39.0,29.0,75.0
8,菜寮,2018-03-05,80,13.0,12.0,nan,38.0,33.0,27.0,80.0
9,林口,2018-03-05,72,7.0,3.0,nan,48.0,20.0,37.0,72.0
10,淡水,2018-03-05,79,7.0,6.0,nan,37.0,24.0,32.0,79.0
11,士林,2018-03-05,88,9.0,8.0,nan,41.0,29.0,31.0,88.0
12,中山,2018-03-05,80,10.0,12.0,nan,50.0,37.0,22.0,80.0
13,萬華,2018-03-05,63,11.0,11.0,nan,34.0,37.0,23.0,63.0
14,古亭,2018-03-05,38,6.0,10.0,nan,35.0,38.0,28.0,nan
15,松山,2018-03-05,70,9.0,10.0,nan,40.0,32.0,31.0,70.0
16,大同,2018-03-05,84,9.0,25.0,nan,54.0,38.0,nan,84.0
18,大園,2018-03-05,36,6.0,3.0,nan,nan,nan,36.0,nan
19,觀音,2018-03-05,74,11.0,3.0,nan,50.0,13.0,33.0,74.0
20,平鎮,2018-03-05,89,1.0,5.0,nan,54.0,29.0,15.0,89.0
21,龍潭,2018-03-05,90,6.0,6.0,nan,43.0,24.0,31.0,90.0
22,湖口,2018-03-05,76,9.0,3.0,nan,45.0,12.0,37.0,76.0
23,竹東,2018-03-05,78,10.0,5.0,nan,46.0,16.0,25.0,78.0
24,新竹,2018-03-05,79,6.0,5.0,nan,41.0,18.0,29.0,79.0
25,頭份,2018-03-05,75,9.0,5.0,nan,45.0,16.0,nan,75.0
26,苗栗,2018-03-05,70,7.0,3.0,nan,41.0,16.0,24.0,70.0
27,三義,2018-03-05,69,16.0,3.0,nan,28.0,21.0,22.0,69.0
28,豐原,2018-03-05,57,6.0,3.0,nan,30.0,17.0,21.0,57.0
29,沙鹿,2018-03-05,37,10.0,3.0,nan,37.0,16.0,24.0,nan
30,大里,2018-03-05,50,10.0,6.0,nan,43.0,21.0,20.0,50.0
31,忠明,2018-03-05,56,6.0,6.0,nan,31.0,25.0,20.0,56.0
32,西屯,2018-03-05,68,6.0,6.0,nan,36.0,21.0,28.0,68.0
33,彰化,2018-03-05,62,4.0,5.0,nan,36.0,16.0,20.0,62.0
34,線西,2018-03-05,74,7.0,5.0,nan,49.0,18.0,nan,74.0
35,二林,2018-03-05,81,4.0,5.0,nan,50.0,14.0,18.0,81.0
36,南投,2018-03-05,60,11.0,3.0,nan,35.0,21.0,18.0,60.0
37,斗六,2018-03-05,57,6.0,5.0,nan,42.0,20.0,23.0,57.0
38,崙背,2018-03-05,74,10.0,5.0,nan,43.0,19.0,20.0,74.0
39,新港,2018-03-05,52,7.0,3.0,nan,38.0,16.0,20.0,52.0
40,朴子,2018-03-05,46,4.0,3.0,nan,44.0,nan,19.0,46.0
41,臺西,2018-03-05,57,13.0,2.0,nan,29.0,10.0,nan,57.0
42,嘉義,2018-03-05,45,7.0,5.0,nan,40.0,19.0,22.0,45.0
43,新營,2018-03-05,48,7.0,5.0,nan,44.0,13.0,19.0,48.0
44,善化,2018-03-05,33,7.0,3.0,nan,33.0,15.0,19.0,25.0
45,安南,2018-03-05,42,10.0,3.0,nan,31.0,15.0,20.0,42.0
46,臺南,2018-03-05,31,10.0,5.0,nan,29.0,21.0,19.0,31.0
47,美濃,2018-03-05,34,4.0,2.0,nan,30.0,9.0,31.0,34.0
48,橋頭,2018-03-05,26,11.0,5.0,nan,26.0,20.0,19.0,24.0
49,仁武,2018-03-05,40,11.0,5.0,nan,37.0,22.0,22.0,40.0
50,鳳山,2018-03-05,36,19.0,6.0,nan,26.0,24.0,nan,36.0
51,大寮,2018-03-05,47,10.0,3.0,nan,32.0,25.0,25.0,47.0
52,林園,2018-03-05,39,21.0,8.0,nan,29.0,26.0,22.0,39.0
53,楠梓,2018-03-05,45,13.0,5.0,nan,45.0,25.0,23.0,31.0
54,左營,2018-03-05,32,13.0,5.0,nan,32.0,22.0,23.0,16.0
56,前金,2018-03-05,48,11.0,3.0,nan,27.0,18.0,19.0,48.0
57,前鎮,2018-03-05,30,17.0,5.0,nan,30.0,19.0,nan,29.0
58,小港,2018-03-05,61,61.0,5.0,nan,31.0,25.0,17.0,32.0
59,屏東,2018-03-05,39,6.0,3.0,nan,35.0,15.0,34.0,39.0
60,潮州,2018-03-05,40,7.0,3.0,nan,40.0,16.0,28.0,33.0
61,恆春,2018-03-05,31,6.0,1.0,nan,31.0,7.0,24.0,26.0
62,臺東,2018-03-05,40,3.0,3.0,nan,40.0,6.0,24.0,34.0
63,花蓮,2018-03-05,37,10.0,3.0,nan,29.0,9.0,37.0,21.0
64,陽明,2018-03-05,39,4.0,2.0,nan,12.0,9.0,39.0,28.0
65,宜蘭,2018-03-05,63,9.0,5.0,nan,37.0,11.0,39.0,63.0
66,冬山,2018-03-05,57,6.0,5.0,nan,38.0,14.0,39.0,57.0
67,三重,2018-03-05,70,9.0,23.0,nan,57.0,37.0,nan,70.0
68,中壢,2018-03-05,80,7.0,15.0,nan,59.0,31.0,nan,80.0
69,竹山,2018-03-05,67,9.0,3.0,nan,33.0,16.0,21.0,67.0
70,永和,2018-03-05,72,6.0,17.0,nan,35.0,36.0,nan,72.0
71,復興,2018-03-05,31,13.0,8.0,nan,31.0,23.0,nan,nan
72,埔里,2018-03-05,56,29.0,6.0,nan,22.0,16.0,19.0,56.0
75,馬祖,2018-03-05,85,6.0,5.0,nan,50.0,17.0,36.0,85.0
77,金門,2018-03-05,63,9.0,3.0,nan,33.0,22.0,29.0,63.0
78,馬公,2018-03-05,41,7.0,2.0,nan,19.0,12.0,27.0,41.0
80,關山,2018-03-05,33,6.0,nan,nan,29.0,5.0,24.0,33.0
83,麥寮,2018-03-05,61,7.0,3.0,nan,51.0,12.0,nan,61.0
84,富貴角,2018-03-05,97,1.0,3.0,nan,41.0,nan,7.0,97.0
40,朴子,2018-03-06,69,10.0,5.0,nan,69.0,21.0,39.0,61.0
17,桃園,2018-03-06,31,6.0,5.0,nan,25.0,22.0,31.0,23.0
1,基隆,2018-03-06,43,1.0,3.0,nan,21.0,8.0,43.0,30.0
2,汐止,2018-03-06,44,6.0,5.0,nan,19.0,25.0,40.0,44.0
3,萬里,2018-03-06,62,3.0,3.0,nan,62.0,3.0,47.0,56.0
4,新店,2018-03-06,36,9.0,5.0,nan,16.0,19.0,36.0,31.0
5,土城,2018-03-06,38,6.0,5.0,nan,20.0,20.0,38.0,36.0
6,板橋,2018-03-06,38,7.0,6.0,nan,23.0,25.0,38.0,37.0
7,新莊,2018-03-06,38,4.0,5.0,nan,19.0,nan,38.0,23.0
8,菜寮,2018-03-06,34,6.0,5.0,nan,18.0,18.0,34.0,26.0
9,林口,2018-03-06,40,1.0,3.0,nan,28.0,18.0,40.0,38.0
10,淡水,2018-03-06,39,3.0,3.0,nan,20.0,15.0,35.0,39.0
11,士林,2018-03-06,43,3.0,3.0,nan,12.0,10.0,43.0,21.0
12,中山,2018-03-06,39,4.0,7.0,nan,22.0,31.0,34.0,39.0
13,萬華,2018-03-06,37,6.0,5.0,nan,19.0,32.0,37.0,29.0
14,古亭,2018-03-06,39,6.0,5.0,nan,18.0,22.0,39.0,nan
15,松山,2018-03-06,37,7.0,5.0,nan,26.0,31.0,37.0,27.0
16,大同,2018-03-06,44,3.0,12.0,nan,35.0,44.0,nan,30.0
18,大園,2018-03-06,40,10.0,3.0,nan,36.0,24.0,40.0,40.0
19,觀音,2018-03-06,57,10.0,2.0,nan,48.0,19.0,37.0,57.0
20,平鎮,2018-03-06,35,4.0,5.0,nan,33.0,24.0,31.0,35.0
21,龍潭,2018-03-06,40,9.0,3.0,nan,20.0,14.0,40.0,19.0
22,湖口,2018-03-06,49,7.0,3.0,nan,40.0,14.0,42.0,49.0
23,竹東,2018-03-06,35,3.0,3.0,nan,18.0,11.0,35.0,34.0
24,新竹,2018-03-06,56,3.0,3.0,nan,33.0,18.0,36.0,56.0
25,頭份,2018-03-06,46,7.0,3.0,nan,33.0,16.0,nan,46.0
26,苗栗,2018-03-06,62,6.0,5.0,nan,33.0,16.0,31.0,62.0
27,三義,2018-03-06,38,4.0,3.0,nan,17.0,13.0,38.0,32.0
28,豐原,2018-03-06,35,3.0,3.0,nan,19.0,12.0,35.0,23.0
29,沙鹿,2018-03-06,50,4.0,5.0,nan,34.0,18.0,37.0,50.0
30,大里,2018-03-06,31,3.0,7.0,nan,26.0,25.0,31.0,22.0
31,忠明,2018-03-06,35,3.0,5.0,nan,18.0,24.0,33.0,35.0
32,西屯,2018-03-06,41,4.0,3.0,nan,26.0,20.0,41.0,36.0
33,彰化,2018-03-06,40,4.0,6.0,nan,33.0,23.0,31.0,40.0
34,線西,2018-03-06,54,6.0,5.0,nan,44.0,16.0,nan,54.0
35,二林,2018-03-06,53,9.0,5.0,nan,45.0,17.0,35.0,53.0
36,南投,2018-03-06,54,6.0,5.0,nan,39.0,31.0,24.0,54.0
37,斗六,2018-03-06,56,4.0,5.0,nan,46.0,25.0,33.0,56.0
38,崙背,2018-03-06,61,9.0,6.0,nan,51.0,24.0,36.0,61.0
39,新港,2018-03-06,65,9.0,6.0,nan,58.0,22.0,37.0,65.0
41,臺西,2018-03-06,60,4.0,3.0,nan,60.0,10.0,nan,56.0
42,嘉義,2018-03-06,55,7.0,7.0,nan,55.0,27.0,26.0,55.0
43,新營,2018-03-06,69,7.0,5.0,nan,64.0,nan,33.0,69.0
44,善化,2018-03-06,69,7.0,5.0,nan,63.0,27.0,31.0,69.0
45,安南,2018-03-06,88,6.0,5.0,nan,62.0,21.0,41.0,88.0
46,臺南,2018-03-06,88,6.0,6.0,nan,59.0,22.0,39.0,88.0
47,美濃,2018-03-06,99,7.0,5.0,nan,68.0,16.0,46.0,99.0
48,橋頭,2018-03-06,102,7.0,7.0,nan,66.0,26.0,39.0,102.0
49,仁武,2018-03-06,110,7.0,6.0,nan,67.0,28.0,48.0,110.0
50,鳳山,2018-03-06,103,11.0,9.0,nan,64.0,37.0,nan,103.0
51,大寮,2018-03-06,113,26.0,9.0,nan,72.0,35.0,37.0,113.0
52,林園,2018-03-06,75,14.0,6.0,nan,68.0,32.0,51.0,75.0
53,楠梓,2018-03-06,103,6.0,6.0,nan,85.0,25.0,44.0,103.0
54,左營,2018-03-06,103,11.0,6.0,nan,76.0,31.0,49.0,103.0
56,前金,2018-03-06,92,7.0,6.0,nan,66.0,31.0,46.0,92.0
57,前鎮,2018-03-06,110,14.0,7.0,nan,71.0,34.0,nan,110.0
58,小港,2018-03-06,105,21.0,6.0,nan,67.0,40.0,40.0,105.0
59,屏東,2018-03-06,114,17.0,8.0,nan,67.0,38.0,43.0,114.0
60,潮州,2018-03-06,105,10.0,5.0,nan,76.0,18.0,44.0,105.0
61,恆春,2018-03-06,44,3.0,2.0,nan,27.0,2.0,44.0,27.0
62,臺東,2018-03-06,32,3.0,6.0,nan,21.0,11.0,32.0,22.0
63,花蓮,2018-03-06,41,3.0,5.0,nan,19.0,8.0,41.0,16.0
64,陽明,2018-03-06,44,3.0,2.0,nan,5.0,2.0,44.0,4.0
65,宜蘭,2018-03-06,38,3.0,5.0,nan,26.0,8.0,38.0,27.0
66,冬山,2018-03-06,41,4.0,3.0,nan,22.0,11.0,41.0,27.0
67,三重,2018-03-06,38,4.0,14.0,nan,30.0,38.0,nan,20.0
68,中壢,2018-03-06,36,6.0,8.0,nan,36.0,31.0,nan,35.0
69,竹山,2018-03-06,87,4.0,5.0,nan,50.0,27.0,28.0,87.0
70,永和,2018-03-06,33,6.0,6.0,nan,20.0,25.0,nan,33.0
71,復興,2018-03-06,106,11.0,8.0,nan,71.0,31.0,nan,106.0
72,埔里,2018-03-06,70,4.0,5.0,nan,30.0,15.0,39.0,70.0
75,馬祖,2018-03-06,50,3.0,2.0,nan,37.0,6.0,48.0,50.0
77,金門,2018-03-06,54,3.0,3.0,nan,37.0,10.0,44.0,54.0
78,馬公,2018-03-06,45,1.0,3.0,nan,32.0,3.0,42.0,45.0
80,關山,2018-03-06,33,4.0,nan,nan,19.0,7.0,33.0,24.0
83,麥寮,2018-03-06,62,10.0,5.0,nan,59.0,22.0,nan,62.0
84,富貴角,2018-03-06,70,1.0,3.0,nan,48.0,nan,26.0,70.0
47,美濃,2018-03-07,86,4.0,5.0,nan,66.0,12.0,58.0,86.0
46,臺南,2018-03-07,84,7.0,6.0,nan,57.0,22.0,50.0,84.0
45,安南,2018-03-07,77,6.0,6.0,nan,58.0,20.0,47.0,77.0
44,善化,2018-03-07,78,9.0,5.0,nan,59.0,23.0,44.0,78.0
43,新營,2018-03-07,72,6.0,5.0,nan,64.0,nan,43.0,72.0
42,嘉義,2018-03-07,77,11.0,6.0,nan,58.0,22.0,61.0,77.0
41,臺西,2018-03-07,69,11.0,3.0,nan,44.0,25.0,nan,69.0
40,朴子,2018-03-07,67,9.0,3.0,nan,62.0,15.0,51.0,67.0
39,新港,2018-03-07,68,9.0,5.0,nan,60.0,19.0,49.0,68.0
38,崙背,2018-03-07,65,10.0,3.0,nan,45.0,19.0,51.0,65.0
37,斗六,2018-03-07,74,4.0,5.0,nan,54.0,21.0,74.0,69.0
36,南投,2018-03-07,76,4.0,6.0,nan,53.0,25.0,40.0,76.0
35,二林,2018-03-07,61,11.0,3.0,nan,40.0,18.0,46.0,61.0
34,線西,2018-03-07,57,9.0,3.0,nan,43.0,18.0,nan,57.0
33,彰化,2018-03-07,54,6.0,5.0,nan,39.0,21.0,38.0,54.0
32,西屯,2018-03-07,58,6.0,5.0,nan,36.0,23.0,58.0,57.0
31,忠明,2018-03-07,51,4.0,6.0,nan,28.0,29.0,47.0,51.0
30,大里,2018-03-07,48,4.0,7.0,nan,44.0,31.0,47.0,48.0
29,沙鹿,2018-03-07,49,4.0,3.0,nan,35.0,17.0,46.0,49.0
28,豐原,2018-03-07,51,7.0,6.0,nan,34.0,23.0,44.0,51.0
27,三義,2018-03-07,49,4.0,3.0,nan,24.0,18.0,44.0,49.0
26,苗栗,2018-03-07,63,7.0,5.0,nan,40.0,21.0,36.0,63.0
25,頭份,2018-03-07,49,7.0,5.0,nan,39.0,24.0,nan,49.0
24,新竹,2018-03-07,53,6.0,5.0,nan,39.0,23.0,38.0,53.0
23,竹東,2018-03-07,45,4.0,3.0,nan,42.0,15.0,31.0,45.0
22,湖口,2018-03-07,49,9.0,3.0,nan,40.0,15.0,44.0,49.0
21,龍潭,2018-03-07,41,6.0,5.0,nan,26.0,19.0,41.0,39.0
20,平鎮,2018-03-07,36,9.0,6.0,nan,36.0,24.0,36.0,31.0
19,觀音,2018-03-07,51,19.0,2.0,nan,50.0,19.0,41.0,51.0
18,大園,2018-03-07,43,7.0,2.0,nan,43.0,37.0,41.0,40.0
16,大同,2018-03-07,45,9.0,19.0,nan,43.0,45.0,nan,43.0
15,松山,2018-03-07,36,13.0,5.0,nan,31.0,34.0,32.0,36.0
14,古亭,2018-03-07,39,11.0,5.0,nan,25.0,27.0,39.0,nan
13,萬華,2018-03-07,33,9.0,6.0,nan,25.0,28.0,33.0,30.0
12,中山,2018-03-07,37,7.0,7.0,nan,28.0,28.0,31.0,37.0
11,士林,2018-03-07,43,9.0,3.0,nan,27.0,20.0,43.0,32.0
10,淡水,2018-03-07,35,4.0,5.0,nan,19.0,25.0,31.0,35.0
9,林口,2018-03-07,42,4.0,3.0,nan,29.0,22.0,42.0,38.0
8,菜寮,2018-03-07,34,7.0,5.0,nan,26.0,22.0,31.0,34.0
7,新莊,2018-03-07,37,9.0,5.0,nan,27.0,17.0,37.0,30.0
6,板橋,2018-03-07,41,7.0,6.0,nan,30.0,28.0,37.0,41.0
5,土城,2018-03-07,36,9.0,5.0,nan,26.0,26.0,36.0,32.0
4,新店,2018-03-07,39,10.0,3.0,nan,19.0,19.0,39.0,30.0
3,萬里,2018-03-07,49,4.0,2.0,nan,46.0,9.0,44.0,49.0
2,汐止,2018-03-07,41,14.0,3.0,nan,20.0,27.0,35.0,41.0
1,基隆,2018-03-07,38,17.0,5.0,nan,19.0,29.0,38.0,27.0
17,桃園,2018-03-07,37,11.0,5.0,nan,29.0,25.0,36.0,37.0
48,橋頭,2018-03-07,109,11.0,6.0,nan,68.0,27.0,50.0,109.0
49,仁武,2018-03-07,103,10.0,7.0,nan,71.0,27.0,67.0,103.0
50,鳳山,2018-03-07,111,13.0,8.0,nan,68.0,42.0,nan,111.0
51,大寮,2018-03-07,119,17.0,7.0,nan,76.0,34.0,97.0,119.0
52,林園,2018-03-07,86,26.0,7.0,nan,73.0,34.0,74.0,86.0
53,楠梓,2018-03-07,102,9.0,6.0,nan,83.0,24.0,74.0,102.0
54,左營,2018-03-07,101,14.0,7.0,nan,76.0,30.0,67.0,101.0
56,前金,2018-03-07,113,10.0,7.0,nan,71.0,30.0,61.0,113.0
57,前鎮,2018-03-07,113,16.0,8.0,nan,73.0,33.0,nan,113.0
58,小港,2018-03-07,117,21.0,8.0,nan,71.0,48.0,45.0,117.0
59,屏東,2018-03-07,109,11.0,7.0,nan,68.0,22.0,104.0,109.0
60,潮州,2018-03-07,112,11.0,6.0,nan,85.0,18.0,112.0,108.0
61,恆春,2018-03-07,44,3.0,2.0,nan,21.0,2.0,44.0,24.0
62,臺東,2018-03-07,38,3.0,5.0,nan,17.0,10.0,38.0,22.0
63,花蓮,2018-03-07,46,4.0,5.0,nan,23.0,15.0,46.0,20.0
64,陽明,2018-03-07,44,4.0,2.0,nan,9.0,3.0,44.0,16.0
65,宜蘭,2018-03-07,47,3.0,3.0,nan,28.0,10.0,47.0,28.0
66,冬山,2018-03-07,32,10.0,3.0,nan,25.0,24.0,32.0,22.0
67,三重,2018-03-07,42,6.0,15.0,nan,38.0,42.0,nan,29.0
68,中壢,2018-03-07,44,6.0,10.0,nan,44.0,36.0,nan,29.0
69,竹山,2018-03-07,96,7.0,3.0,nan,60.0,23.0,54.0,96.0
70,永和,2018-03-07,31,10.0,8.0,nan,25.0,29.0,nan,31.0
71,復興,2018-03-07,112,11.0,10.0,nan,80.0,33.0,nan,112.0
72,埔里,2018-03-07,99,4.0,5.0,nan,54.0,15.0,45.0,99.0
75,馬祖,2018-03-07,51,3.0,2.0,nan,33.0,5.0,44.0,51.0
77,金門,2018-03-07,60,4.0,3.0,nan,41.0,15.0,43.0,60.0
78,馬公,2018-03-07,50,4.0,2.0,nan,44.0,4.0,44.0,50.0
80,關山,2018-03-07,34,4.0,nan,nan,19.0,8.0,34.0,23.0
83,麥寮,2018-03-07,67,10.0,5.0,nan,67.0,20.0,nan,67.0
84,富貴角,2018-03-07,65,1.0,2.0,nan,55.0,nan,20.0,65.0
1,基隆,2018-03-08,45,7.0,3.0,nan,15.0,13.0,45.0,25.0
84,富貴角,2018-03-08,68,1.0,2.0,nan,52.0,nan,20.0,68.0
83,麥寮,2018-03-08,45,7.0,5.0,nan,31.0,12.0,nan,45.0
80,關山,2018-03-08,29,4.0,nan,nan,21.0,8.0,29.0,25.0
78,馬公,2018-03-08,38,1.0,3.0,nan,16.0,5.0,38.0,30.0
77,金門,2018-03-08,79,4.0,5.0,nan,39.0,15.0,27.0,79.0
75,馬祖,2018-03-08,55,3.0,3.0,nan,31.0,7.0,40.0,55.0
72,埔里,2018-03-08,53,3.0,5.0,nan,20.0,11.0,37.0,53.0
71,復興,2018-03-08,87,6.0,8.0,nan,59.0,28.0,nan,87.0
69,竹山,2018-03-08,57,3.0,3.0,nan,29.0,19.0,22.0,57.0
68,中壢,2018-03-08,33,4.0,8.0,nan,25.0,33.0,nan,14.0
67,三重,2018-03-08,42,6.0,15.0,nan,23.0,42.0,nan,20.0
66,冬山,2018-03-08,36,4.0,3.0,nan,19.0,20.0,36.0,14.0
65,宜蘭,2018-03-08,43,4.0,3.0,nan,18.0,9.0,43.0,25.0
64,陽明,2018-03-08,45,1.0,2.0,nan,7.0,2.0,45.0,13.0
63,花蓮,2018-03-08,38,3.0,3.0,nan,23.0,14.0,38.0,19.0
62,臺東,2018-03-08,29,3.0,3.0,nan,23.0,12.0,29.0,24.0
61,恆春,2018-03-08,39,4.0,2.0,nan,20.0,3.0,39.0,24.0
70,永和,2018-03-08,41,6.0,14.0,nan,14.0,41.0,nan,32.0
60,潮州,2018-03-08,87,4.0,5.0,nan,70.0,23.0,23.0,87.0
59,屏東,2018-03-08,81,4.0,5.0,nan,44.0,21.0,20.0,81.0
58,小港,2018-03-08,86,9.0,7.0,nan,58.0,31.0,17.0,86.0
57,前鎮,2018-03-08,87,6.0,7.0,nan,57.0,27.0,nan,87.0
56,前金,2018-03-08,80,4.0,5.0,nan,53.0,23.0,21.0,80.0
54,左營,2018-03-08,74,4.0,5.0,nan,54.0,24.0,21.0,74.0
53,楠梓,2018-03-08,76,4.0,5.0,nan,61.0,19.0,20.0,76.0
52,林園,2018-03-08,68,13.0,6.0,nan,64.0,30.0,19.0,68.0
51,大寮,2018-03-08,92,7.0,5.0,nan,54.0,28.0,17.0,92.0
50,鳳山,2018-03-08,79,7.0,6.0,nan,52.0,28.0,nan,79.0
49,仁武,2018-03-08,87,9.0,5.0,nan,55.0,24.0,19.0,87.0
48,橋頭,2018-03-08,76,6.0,6.0,nan,44.0,23.0,19.0,76.0
47,美濃,2018-03-08,67,3.0,5.0,nan,52.0,14.0,18.0,67.0
46,臺南,2018-03-08,50,7.0,5.0,nan,30.0,20.0,29.0,50.0
45,安南,2018-03-08,46,7.0,5.0,nan,31.0,18.0,31.0,46.0
44,善化,2018-03-08,38,6.0,3.0,nan,31.0,17.0,25.0,38.0
43,新營,2018-03-08,43,6.0,3.0,nan,38.0,nan,29.0,43.0
42,嘉義,2018-03-08,37,9.0,6.0,nan,35.0,24.0,24.0,37.0
41,臺西,2018-03-08,49,6.0,3.0,nan,29.0,13.0,nan,49.0
40,朴子,2018-03-08,37,7.0,3.0,nan,33.0,14.0,37.0,37.0
39,新港,2018-03-08,45,10.0,3.0,nan,31.0,20.0,35.0,45.0
38,崙背,2018-03-08,48,10.0,3.0,nan,25.0,18.0,40.0,48.0
37,斗六,2018-03-08,44,4.0,3.0,nan,27.0,18.0,29.0,44.0
36,南投,2018-03-08,40,3.0,7.0,nan,29.0,24.0,21.0,40.0
35,二林,2018-03-08,49,14.0,5.0,nan,17.0,21.0,38.0,49.0
34,線西,2018-03-08,41,6.0,3.0,nan,21.0,21.0,nan,41.0
33,彰化,2018-03-08,41,4.0,5.0,nan,20.0,16.0,33.0,41.0
32,西屯,2018-03-08,42,4.0,3.0,nan,18.0,20.0,42.0,39.0
31,忠明,2018-03-08,33,4.0,5.0,nan,17.0,18.0,33.0,28.0
30,大里,2018-03-08,29,3.0,5.0,nan,15.0,18.0,29.0,16.0
29,沙鹿,2018-03-08,44,4.0,3.0,nan,20.0,14.0,38.0,44.0
28,豐原,2018-03-08,35,3.0,3.0,nan,10.0,9.0,35.0,18.0
27,三義,2018-03-08,41,1.0,3.0,nan,12.0,13.0,41.0,29.0
26,苗栗,2018-03-08,52,3.0,3.0,nan,26.0,16.0,34.0,52.0
25,頭份,2018-03-08,39,3.0,3.0,nan,24.0,20.0,nan,39.0
24,新竹,2018-03-08,43,4.0,3.0,nan,20.0,17.0,31.0,43.0
23,竹東,2018-03-08,42,1.0,3.0,nan,21.0,12.0,35.0,42.0
22,湖口,2018-03-08,40,4.0,3.0,nan,nan,12.0,40.0,nan
21,龍潭,2018-03-08,34,3.0,5.0,nan,21.0,18.0,34.0,32.0
20,平鎮,2018-03-08,32,4.0,6.0,nan,22.0,25.0,30.0,32.0
19,觀音,2018-03-08,47,10.0,3.0,nan,28.0,16.0,39.0,47.0
18,大園,2018-03-08,43,9.0,3.0,nan,25.0,13.0,43.0,17.0
16,大同,2018-03-08,47,7.0,16.0,nan,30.0,47.0,nan,30.0
15,松山,2018-03-08,31,3.0,5.0,nan,16.0,25.0,31.0,25.0
14,古亭,2018-03-08,31,3.0,6.0,nan,11.0,31.0,29.0,nan
13,萬華,2018-03-08,33,3.0,7.0,nan,17.0,33.0,23.0,22.0
12,中山,2018-03-08,31,3.0,7.0,nan,14.0,31.0,26.0,29.0
11,士林,2018-03-08,35,3.0,5.0,nan,17.0,19.0,35.0,23.0
10,淡水,2018-03-08,34,3.0,3.0,nan,18.0,8.0,33.0,34.0
9,林口,2018-03-08,43,4.0,3.0,nan,23.0,19.0,43.0,38.0
8,菜寮,2018-03-08,30,3.0,6.0,nan,15.0,28.0,30.0,30.0
7,新莊,2018-03-08,32,3.0,5.0,nan,18.0,27.0,32.0,22.0
6,板橋,2018-03-08,36,1.0,6.0,nan,19.0,27.0,30.0,36.0
5,土城,2018-03-08,32,3.0,6.0,nan,17.0,32.0,30.0,31.0
4,新店,2018-03-08,33,1.0,5.0,nan,14.0,22.0,33.0,28.0
3,萬里,2018-03-08,54,4.0,3.0,nan,40.0,5.0,54.0,48.0
2,汐止,2018-03-08,38,3.0,5.0,nan,12.0,15.0,38.0,36.0
17,桃園,2018-03-08,32,3.0,5.0,nan,15.0,16.0,32.0,27.0
59,屏東,2018-03-09,117,21.0,11.0,nan,54.0,44.0,26.0,117.0
17,桃園,2018-03-09,94,6.0,6.0,nan,55.0,25.0,39.0,94.0
33,彰化,2018-03-09,101,4.0,6.0,nan,55.0,20.0,43.0,101.0
1,基隆,2018-03-09,76,3.0,5.0,nan,46.0,13.0,44.0,76.0
2,汐止,2018-03-09,87,4.0,5.0,nan,nan,28.0,44.0,87.0
3,萬里,2018-03-09,96,3.0,5.0,nan,96.0,6.0,51.0,87.0
4,新店,2018-03-09,84,6.0,6.0,nan,48.0,31.0,41.0,84.0
5,土城,2018-03-09,83,4.0,6.0,nan,54.0,26.0,41.0,83.0
6,板橋,2018-03-09,87,4.0,7.0,nan,57.0,31.0,40.0,87.0
7,新莊,2018-03-09,75,4.0,6.0,nan,55.0,25.0,45.0,75.0
8,菜寮,2018-03-09,76,3.0,6.0,nan,54.0,22.0,38.0,76.0
9,林口,2018-03-09,94,3.0,5.0,nan,61.0,16.0,44.0,94.0
10,淡水,2018-03-09,84,3.0,5.0,nan,55.0,18.0,38.0,84.0
11,士林,2018-03-09,93,3.0,5.0,nan,55.0,11.0,47.0,93.0
12,中山,2018-03-09,83,4.0,8.0,nan,60.0,36.0,36.0,83.0
13,萬華,2018-03-09,84,4.0,6.0,nan,54.0,38.0,35.0,84.0
14,古亭,2018-03-09,48,4.0,6.0,nan,48.0,30.0,38.0,nan
15,松山,2018-03-09,75,7.0,6.0,nan,51.0,36.0,35.0,75.0
16,大同,2018-03-09,92,4.0,10.0,nan,67.0,42.0,nan,92.0
18,大園,2018-03-09,94,6.0,5.0,nan,66.0,23.0,44.0,94.0
19,觀音,2018-03-09,108,13.0,3.0,nan,73.0,23.0,44.0,108.0
20,平鎮,2018-03-09,100,3.0,7.0,nan,68.0,36.0,42.0,100.0
21,龍潭,2018-03-09,87,4.0,5.0,nan,nan,22.0,45.0,87.0
22,湖口,2018-03-09,94,4.0,5.0,nan,62.0,12.0,49.0,94.0
23,竹東,2018-03-09,80,3.0,5.0,nan,52.0,8.0,44.0,80.0
24,新竹,2018-03-09,102,3.0,6.0,nan,58.0,21.0,43.0,102.0
25,頭份,2018-03-09,93,4.0,5.0,nan,59.0,16.0,nan,93.0
26,苗栗,2018-03-09,98,4.0,5.0,nan,59.0,14.0,45.0,98.0
27,三義,2018-03-09,93,4.0,5.0,nan,46.0,8.0,47.0,93.0
28,豐原,2018-03-09,70,4.0,5.0,nan,46.0,9.0,44.0,70.0
29,沙鹿,2018-03-09,88,3.0,5.0,nan,57.0,13.0,49.0,88.0
30,大里,2018-03-09,65,3.0,7.0,nan,52.0,29.0,39.0,65.0
31,忠明,2018-03-09,87,4.0,6.0,nan,49.0,22.0,44.0,87.0
32,西屯,2018-03-09,92,3.0,5.0,nan,54.0,16.0,54.0,92.0
34,線西,2018-03-09,104,4.0,7.0,nan,67.0,16.0,nan,104.0
35,二林,2018-03-09,97,10.0,6.0,nan,71.0,15.0,48.0,97.0
36,南投,2018-03-09,61,6.0,7.0,nan,50.0,26.0,31.0,61.0
37,斗六,2018-03-09,88,3.0,5.0,nan,49.0,26.0,40.0,88.0
38,崙背,2018-03-09,120,9.0,6.0,nan,71.0,16.0,51.0,120.0
39,新港,2018-03-09,93,6.0,6.0,nan,76.0,14.0,51.0,93.0
40,朴子,2018-03-09,110,7.0,5.0,nan,91.0,18.0,71.0,110.0
41,臺西,2018-03-09,117,17.0,5.0,nan,103.0,29.0,nan,117.0
42,嘉義,2018-03-09,92,6.0,7.0,nan,64.0,30.0,46.0,92.0
43,新營,2018-03-09,98,7.0,6.0,nan,69.0,nan,46.0,98.0
44,善化,2018-03-09,91,7.0,6.0,nan,62.0,22.0,44.0,91.0
45,安南,2018-03-09,107,6.0,6.0,nan,69.0,22.0,61.0,107.0
46,臺南,2018-03-09,104,6.0,7.0,nan,62.0,22.0,61.0,104.0
47,美濃,2018-03-09,84,9.0,7.0,nan,52.0,23.0,36.0,84.0
48,橋頭,2018-03-09,111,7.0,7.0,nan,62.0,32.0,51.0,111.0
49,仁武,2018-03-09,107,9.0,7.0,nan,68.0,39.0,64.0,107.0
50,鳳山,2018-03-09,102,11.0,9.0,nan,54.0,40.0,nan,102.0
51,大寮,2018-03-09,108,27.0,9.0,nan,59.0,42.0,31.0,108.0
52,林園,2018-03-09,76,24.0,8.0,nan,55.0,45.0,67.0,76.0
53,楠梓,2018-03-09,103,6.0,7.0,nan,71.0,26.0,64.0,103.0
54,左營,2018-03-09,102,7.0,7.0,nan,72.0,35.0,80.0,102.0
56,前金,2018-03-09,109,6.0,7.0,nan,71.0,34.0,80.0,109.0
57,前鎮,2018-03-09,121,16.0,9.0,nan,71.0,42.0,nan,121.0
58,小港,2018-03-09,108,23.0,8.0,nan,62.0,47.0,43.0,108.0
60,潮州,2018-03-09,83,30.0,7.0,nan,57.0,36.0,32.0,83.0
61,恆春,2018-03-09,45,3.0,3.0,nan,30.0,3.0,45.0,40.0
62,臺東,2018-03-09,55,1.0,6.0,nan,32.0,23.0,35.0,55.0
63,花蓮,2018-03-09,60,3.0,6.0,nan,45.0,14.0,41.0,60.0
64,陽明,2018-03-09,72,3.0,3.0,nan,33.0,4.0,44.0,72.0
65,宜蘭,2018-03-09,76,3.0,5.0,nan,56.0,8.0,44.0,76.0
66,冬山,2018-03-09,70,4.0,5.0,nan,57.0,17.0,43.0,70.0
67,三重,2018-03-09,86,6.0,18.0,nan,74.0,52.0,nan,86.0
68,中壢,2018-03-09,83,4.0,14.0,nan,68.0,44.0,nan,83.0
69,竹山,2018-03-09,85,7.0,6.0,nan,45.0,25.0,37.0,85.0
70,永和,2018-03-09,82,4.0,8.0,nan,47.0,28.0,nan,82.0
71,復興,2018-03-09,113,9.0,10.0,nan,70.0,42.0,nan,113.0
72,埔里,2018-03-09,53,4.0,6.0,nan,21.0,17.0,32.0,53.0
75,馬祖,2018-03-09,124,30.0,3.0,nan,76.0,6.0,90.0,124.0
77,金門,2018-03-09,81,3.0,3.0,nan,50.0,8.0,71.0,81.0
78,馬公,2018-03-09,81,3.0,3.0,nan,52.0,4.0,61.0,81.0
80,關山,2018-03-09,60,4.0,nan,nan,36.0,8.0,35.0,60.0
83,麥寮,2018-03-09,108,14.0,6.0,nan,78.0,25.0,nan,108.0
84,富貴角,2018-03-09,118,1.0,3.0,nan,71.0,nan,34.0,118.0
20,平鎮,2018-03-10,44,4.0,5.0,nan,37.0,21.0,44.0,44.0
17,桃園,2018-03-10,38,4.0,5.0,nan,27.0,20.0,38.0,33.0
33,彰化,2018-03-10,54,4.0,6.0,nan,37.0,29.0,46.0,54.0
1,基隆,2018-03-10,45,3.0,5.0,nan,18.0,24.0,45.0,30.0
2,汐止,2018-03-10,48,10.0,5.0,nan,nan,31.0,48.0,43.0
3,萬里,2018-03-10,49,3.0,2.0,nan,39.0,8.0,49.0,27.0
4,新店,2018-03-10,44,3.0,5.0,nan,20.0,23.0,44.0,34.0
5,土城,2018-03-10,44,6.0,5.0,nan,26.0,14.0,44.0,33.0
6,板橋,2018-03-10,42,7.0,5.0,nan,26.0,23.0,42.0,38.0
7,新莊,2018-03-10,44,6.0,7.0,nan,27.0,38.0,44.0,32.0
8,菜寮,2018-03-10,38,6.0,6.0,nan,23.0,26.0,38.0,26.0
9,林口,2018-03-10,45,6.0,2.0,nan,28.0,19.0,45.0,38.0
10,淡水,2018-03-10,36,7.0,3.0,nan,21.0,23.0,36.0,31.0
11,士林,2018-03-10,45,7.0,2.0,nan,30.0,12.0,45.0,27.0
12,中山,2018-03-10,41,10.0,6.0,nan,27.0,33.0,35.0,41.0
13,萬華,2018-03-10,39,6.0,5.0,nan,30.0,32.0,37.0,39.0
14,古亭,2018-03-10,41,4.0,3.0,nan,25.0,22.0,41.0,nan
15,松山,2018-03-10,43,6.0,5.0,nan,28.0,32.0,43.0,36.0
16,大同,2018-03-10,40,9.0,9.0,nan,39.0,40.0,nan,40.0
18,大園,2018-03-10,44,7.0,2.0,nan,38.0,29.0,44.0,44.0
19,觀音,2018-03-10,57,20.0,3.0,nan,44.0,26.0,43.0,57.0
21,龍潭,2018-03-10,44,6.0,3.0,nan,32.0,18.0,44.0,44.0
22,湖口,2018-03-10,48,4.0,3.0,nan,32.0,17.0,48.0,39.0
23,竹東,2018-03-10,44,3.0,3.0,nan,25.0,13.0,44.0,42.0
24,新竹,2018-03-10,45,4.0,5.0,nan,28.0,23.0,44.0,45.0
25,頭份,2018-03-10,42,6.0,3.0,nan,31.0,26.0,nan,42.0
26,苗栗,2018-03-10,62,7.0,6.0,nan,41.0,29.0,43.0,62.0
27,三義,2018-03-10,58,3.0,3.0,nan,26.0,19.0,58.0,52.0
28,豐原,2018-03-10,54,6.0,3.0,nan,31.0,20.0,54.0,45.0
29,沙鹿,2018-03-10,51,3.0,3.0,nan,34.0,20.0,51.0,46.0
30,大里,2018-03-10,64,4.0,7.0,nan,44.0,37.0,64.0,45.0
84,富貴角,2018-03-10,32,1.0,1.0,nan,31.0,nan,32.0,32.0
83,麥寮,2018-03-10,71,16.0,7.0,nan,71.0,28.0,nan,63.0
80,關山,2018-03-10,41,3.0,nan,nan,26.0,6.0,40.0,41.0
78,馬公,2018-03-10,48,6.0,2.0,nan,27.0,3.0,48.0,36.0
77,金門,2018-03-10,113,6.0,5.0,nan,62.0,14.0,90.0,113.0
75,馬祖,2018-03-10,104,4.0,3.0,nan,52.0,6.0,104.0,95.0
72,埔里,2018-03-10,84,4.0,5.0,nan,26.0,22.0,84.0,54.0
71,復興,2018-03-10,131,13.0,9.0,nan,76.0,41.0,nan,131.0
70,永和,2018-03-10,32,4.0,5.0,nan,20.0,19.0,nan,32.0
69,竹山,2018-03-10,87,4.0,6.0,nan,42.0,25.0,87.0,80.0
68,中壢,2018-03-10,37,4.0,9.0,nan,37.0,31.0,nan,23.0
67,三重,2018-03-10,51,9.0,15.0,nan,41.0,51.0,nan,22.0
66,冬山,2018-03-10,45,6.0,2.0,nan,30.0,13.0,45.0,27.0
65,宜蘭,2018-03-10,48,3.0,3.0,nan,31.0,8.0,48.0,37.0
64,陽明,2018-03-10,45,9.0,1.0,nan,13.0,7.0,45.0,22.0
63,花蓮,2018-03-10,48,3.0,3.0,nan,28.0,17.0,48.0,31.0
62,臺東,2018-03-10,43,1.0,3.0,nan,30.0,10.0,43.0,42.0
61,恆春,2018-03-10,49,3.0,2.0,nan,34.0,2.0,49.0,40.0
60,潮州,2018-03-10,126,9.0,5.0,nan,60.0,17.0,126.0,84.0
59,屏東,2018-03-10,118,11.0,7.0,nan,57.0,21.0,118.0,108.0
58,小港,2018-03-10,124,19.0,8.0,nan,74.0,44.0,108.0,124.0
57,前鎮,2018-03-10,141,20.0,8.0,nan,76.0,40.0,nan,141.0
56,前金,2018-03-10,116,7.0,7.0,nan,77.0,31.0,112.0,116.0
54,左營,2018-03-10,133,7.0,8.0,nan,80.0,27.0,126.0,133.0
53,楠梓,2018-03-10,134,6.0,7.0,nan,80.0,22.0,112.0,134.0
52,林園,2018-03-10,132,26.0,7.0,nan,68.0,32.0,132.0,97.0
51,大寮,2018-03-10,137,40.0,9.0,nan,78.0,34.0,74.0,137.0
50,鳳山,2018-03-10,128,14.0,9.0,nan,66.0,33.0,nan,128.0
49,仁武,2018-03-10,128,11.0,7.0,nan,75.0,31.0,122.0,128.0
48,橋頭,2018-03-10,127,7.0,7.0,nan,70.0,25.0,100.0,127.0
47,美濃,2018-03-10,108,4.0,6.0,nan,56.0,11.0,108.0,73.0
46,臺南,2018-03-10,103,6.0,7.0,nan,57.0,26.0,90.0,103.0
45,安南,2018-03-10,97,6.0,6.0,nan,57.0,25.0,97.0,94.0
44,善化,2018-03-10,95,7.0,5.0,nan,58.0,23.0,67.0,95.0
43,新營,2018-03-10,85,6.0,5.0,nan,64.0,17.0,64.0,85.0
42,嘉義,2018-03-10,90,7.0,6.0,nan,59.0,33.0,64.0,90.0
41,臺西,2018-03-10,48,16.0,5.0,nan,46.0,25.0,nan,48.0
40,朴子,2018-03-10,74,7.0,3.0,nan,67.0,13.0,74.0,72.0
39,新港,2018-03-10,74,6.0,3.0,nan,52.0,14.0,74.0,71.0
38,崙背,2018-03-10,66,9.0,3.0,nan,41.0,15.0,64.0,66.0
37,斗六,2018-03-10,83,9.0,5.0,nan,49.0,34.0,74.0,83.0
36,南投,2018-03-10,62,3.0,6.0,nan,45.0,32.0,49.0,62.0
35,二林,2018-03-10,67,9.0,3.0,nan,46.0,15.0,47.0,67.0
34,線西,2018-03-10,55,14.0,5.0,nan,44.0,20.0,nan,55.0
32,西屯,2018-03-10,80,4.0,3.0,nan,35.0,24.0,80.0,59.0
31,忠明,2018-03-10,58,6.0,5.0,nan,33.0,38.0,58.0,55.0
57,前鎮,2018-03-11,89,10.0,6.0,nan,57.0,42.0,nan,89.0
38,崙背,2018-03-11,87,7.0,5.0,nan,47.0,20.0,87.0,76.0
39,新港,2018-03-11,101,6.0,5.0,nan,59.0,24.0,101.0,84.0
58,小港,2018-03-11,129,14.0,5.0,nan,52.0,29.0,129.0,79.0
40,朴子,2018-03-11,104,9.0,3.0,nan,60.0,15.0,104.0,79.0
59,屏東,2018-03-11,115,6.0,5.0,nan,50.0,18.0,115.0,71.0
41,臺西,2018-03-11,58,11.0,5.0,nan,37.0,22.0,nan,58.0
42,嘉義,2018-03-11,93,7.0,6.0,nan,55.0,26.0,93.0,86.0
60,潮州,2018-03-11,129,24.0,5.0,nan,54.0,18.0,129.0,74.0
61,恆春,2018-03-11,49,6.0,1.0,nan,26.0,2.0,49.0,31.0
43,新營,2018-03-11,83,6.0,6.0,nan,64.0,25.0,80.0,83.0
62,臺東,2018-03-11,43,3.0,3.0,nan,20.0,11.0,43.0,29.0
44,善化,2018-03-11,78,16.0,5.0,nan,52.0,16.0,74.0,78.0
45,安南,2018-03-11,97,7.0,6.0,nan,54.0,28.0,97.0,76.0
63,花蓮,2018-03-11,49,3.0,2.0,nan,nan,6.0,49.0,nan
64,陽明,2018-03-11,46,9.0,1.0,nan,10.0,5.0,46.0,19.0
33,彰化,2018-03-11,62,11.0,6.0,nan,35.0,29.0,51.0,62.0
65,宜蘭,2018-03-11,50,3.0,3.0,nan,25.0,12.0,50.0,31.0
46,臺南,2018-03-11,93,7.0,7.0,nan,54.0,29.0,93.0,81.0
1,基隆,2018-03-11,46,4.0,5.0,nan,14.0,29.0,46.0,26.0
66,冬山,2018-03-11,49,9.0,2.0,nan,24.0,8.0,49.0,21.0
47,美濃,2018-03-11,100,4.0,3.0,nan,46.0,11.0,100.0,60.0
2,汐止,2018-03-11,48,11.0,6.0,nan,nan,39.0,48.0,38.0
3,萬里,2018-03-11,48,14.0,2.0,nan,12.0,14.0,48.0,25.0
67,三重,2018-03-11,51,6.0,12.0,nan,34.0,51.0,nan,21.0
48,橋頭,2018-03-11,100,7.0,5.0,nan,52.0,19.0,100.0,84.0
4,新店,2018-03-11,50,3.0,2.0,nan,14.0,19.0,50.0,25.0
49,仁武,2018-03-11,129,10.0,5.0,nan,55.0,31.0,129.0,76.0
5,土城,2018-03-11,47,3.0,3.0,nan,19.0,34.0,47.0,20.0
6,板橋,2018-03-11,44,3.0,6.0,nan,19.0,29.0,44.0,31.0
7,新莊,2018-03-11,48,3.0,5.0,nan,19.0,44.0,48.0,19.0
8,菜寮,2018-03-11,40,3.0,5.0,nan,17.0,30.0,40.0,21.0
31,忠明,2018-03-11,77,11.0,7.0,nan,39.0,38.0,77.0,67.0
68,中壢,2018-03-11,45,6.0,15.0,nan,35.0,45.0,nan,26.0
50,鳳山,2018-03-11,81,7.0,6.0,nan,49.0,23.0,nan,81.0
9,林口,2018-03-11,49,3.0,3.0,nan,22.0,21.0,49.0,31.0
69,竹山,2018-03-11,115,6.0,3.0,nan,49.0,19.0,115.0,89.0
10,淡水,2018-03-11,37,3.0,2.0,nan,19.0,6.0,37.0,29.0
51,大寮,2018-03-11,122,52.0,5.0,nan,52.0,23.0,122.0,88.0
32,西屯,2018-03-11,90,13.0,6.0,nan,36.0,37.0,90.0,59.0
11,士林,2018-03-11,47,3.0,2.0,nan,20.0,12.0,47.0,29.0
12,中山,2018-03-11,42,4.0,7.0,nan,22.0,39.0,42.0,36.0
13,萬華,2018-03-11,41,4.0,5.0,nan,19.0,36.0,41.0,31.0
70,永和,2018-03-11,29,3.0,5.0,nan,15.0,29.0,nan,26.0
71,復興,2018-03-11,84,10.0,7.0,nan,59.0,43.0,nan,84.0
14,古亭,2018-03-11,45,3.0,5.0,nan,18.0,35.0,45.0,nan
34,線西,2018-03-11,63,13.0,6.0,nan,40.0,25.0,nan,63.0
15,松山,2018-03-11,45,6.0,6.0,nan,19.0,42.0,45.0,21.0
72,埔里,2018-03-11,101,4.0,6.0,nan,31.0,22.0,101.0,62.0
16,大同,2018-03-11,46,3.0,9.0,nan,33.0,46.0,nan,31.0
52,林園,2018-03-11,136,20.0,5.0,nan,57.0,21.0,136.0,79.0
18,大園,2018-03-11,50,4.0,5.0,nan,28.0,21.0,50.0,26.0
75,馬祖,2018-03-11,78,6.0,5.0,nan,42.0,9.0,74.0,78.0
19,觀音,2018-03-11,51,24.0,5.0,nan,34.0,38.0,47.0,51.0
20,平鎮,2018-03-11,67,4.0,6.0,nan,31.0,35.0,67.0,37.0
77,金門,2018-03-11,68,9.0,3.0,nan,44.0,15.0,64.0,68.0
35,二林,2018-03-11,64,11.0,5.0,nan,51.0,18.0,58.0,64.0
17,桃園,2018-03-11,43,4.0,5.0,nan,19.0,25.0,43.0,26.0
53,楠梓,2018-03-11,118,6.0,5.0,nan,63.0,25.0,118.0,87.0
21,龍潭,2018-03-11,80,4.0,5.0,nan,29.0,33.0,80.0,44.0
22,湖口,2018-03-11,87,4.0,3.0,nan,30.0,27.0,87.0,35.0
36,南投,2018-03-11,71,6.0,5.0,nan,45.0,27.0,71.0,63.0
23,竹東,2018-03-11,67,4.0,3.0,nan,26.0,15.0,67.0,42.0
78,馬公,2018-03-11,71,3.0,2.0,nan,29.0,4.0,71.0,40.0
24,新竹,2018-03-11,58,3.0,8.0,nan,22.0,43.0,58.0,44.0
80,關山,2018-03-11,41,3.0,nan,nan,19.0,5.0,41.0,31.0
54,左營,2018-03-11,140,7.0,6.0,nan,62.0,30.0,140.0,79.0
25,頭份,2018-03-11,35,4.0,3.0,nan,26.0,27.0,nan,35.0
56,前金,2018-03-11,132,4.0,6.0,nan,55.0,19.0,132.0,73.0
26,苗栗,2018-03-11,64,6.0,5.0,nan,32.0,23.0,64.0,58.0
27,三義,2018-03-11,93,6.0,3.0,nan,25.0,10.0,93.0,55.0
83,麥寮,2018-03-11,62,9.0,6.0,nan,56.0,19.0,nan,62.0
37,斗六,2018-03-11,108,9.0,5.0,nan,44.0,25.0,108.0,75.0
28,豐原,2018-03-11,97,6.0,5.0,nan,31.0,12.0,97.0,46.0
84,富貴角,2018-03-11,31,1.0,1.0,nan,24.0,nan,27.0,31.0
29,沙鹿,2018-03-11,67,14.0,5.0,nan,40.0,41.0,67.0,62.0
30,大里,2018-03-11,87,9.0,6.0,nan,38.0,30.0,87.0,44.0
31,忠明,2018-03-12,97,9.0,7.0,nan,56.0,47.0,67.0,97.0
33,彰化,2018-03-12,88,19.0,9.0,nan,56.0,30.0,46.0,88.0
1,基隆,2018-03-12,44,19.0,7.0,nan,20.0,35.0,44.0,36.0
2,汐止,2018-03-12,47,9.0,8.0,nan,21.0,47.0,44.0,43.0
3,萬里,2018-03-12,51,7.0,2.0,nan,22.0,19.0,51.0,32.0
4,新店,2018-03-12,87,9.0,6.0,nan,21.0,29.0,87.0,38.0
5,土城,2018-03-12,65,11.0,10.0,nan,39.0,54.0,27.0,65.0
6,板橋,2018-03-12,84,10.0,12.0,nan,42.0,61.0,84.0,70.0
7,新莊,2018-03-12,80,11.0,11.0,nan,38.0,54.0,80.0,56.0
8,菜寮,2018-03-12,62,6.0,12.0,nan,34.0,62.0,47.0,55.0
9,林口,2018-03-12,90,20.0,6.0,nan,34.0,46.0,90.0,57.0
10,淡水,2018-03-12,53,13.0,7.0,nan,30.0,35.0,40.0,53.0
11,士林,2018-03-12,50,9.0,6.0,nan,25.0,42.0,50.0,48.0
12,中山,2018-03-12,54,7.0,11.0,nan,32.0,54.0,41.0,46.0
13,萬華,2018-03-12,63,9.0,14.0,nan,29.0,63.0,51.0,49.0
14,古亭,2018-03-12,74,9.0,8.0,nan,25.0,43.0,74.0,nan
15,松山,2018-03-12,50,4.0,8.0,nan,25.0,42.0,50.0,33.0
16,大同,2018-03-12,55,9.0,25.0,nan,45.0,55.0,nan,50.0
18,大園,2018-03-12,80,21.0,5.0,nan,42.0,58.0,80.0,65.0
19,觀音,2018-03-12,85,23.0,5.0,nan,55.0,35.0,64.0,85.0
20,平鎮,2018-03-12,69,21.0,9.0,nan,44.0,69.0,67.0,66.0
21,龍潭,2018-03-12,101,10.0,8.0,nan,39.0,54.0,101.0,79.0
22,湖口,2018-03-12,87,7.0,5.0,nan,47.0,42.0,87.0,63.0
23,竹東,2018-03-12,65,10.0,5.0,nan,37.0,25.0,64.0,65.0
24,新竹,2018-03-12,72,7.0,8.0,nan,42.0,42.0,48.0,72.0
25,頭份,2018-03-12,58,7.0,5.0,nan,37.0,33.0,nan,58.0
26,苗栗,2018-03-12,76,9.0,6.0,nan,46.0,30.0,54.0,76.0
27,三義,2018-03-12,97,4.0,3.0,nan,36.0,10.0,97.0,79.0
28,豐原,2018-03-12,90,7.0,7.0,nan,46.0,29.0,90.0,76.0
29,沙鹿,2018-03-12,95,10.0,7.0,nan,57.0,43.0,74.0,95.0
30,大里,2018-03-12,80,7.0,8.0,nan,57.0,37.0,80.0,68.0
17,桃園,2018-03-12,64,20.0,9.0,nan,39.0,46.0,54.0,64.0
34,線西,2018-03-12,97,10.0,6.0,nan,59.0,27.0,nan,97.0
35,二林,2018-03-12,107,6.0,5.0,nan,71.0,18.0,71.0,107.0
36,南投,2018-03-12,86,10.0,8.0,nan,58.0,36.0,51.0,86.0
37,斗六,2018-03-12,108,6.0,5.0,nan,60.0,23.0,100.0,108.0
38,崙背,2018-03-12,106,6.0,5.0,nan,57.0,18.0,97.0,106.0
39,新港,2018-03-12,97,7.0,6.0,nan,71.0,19.0,93.0,97.0
40,朴子,2018-03-12,92,7.0,3.0,nan,68.0,16.0,80.0,92.0
41,臺西,2018-03-12,100,16.0,3.0,nan,53.0,42.0,nan,100.0
42,嘉義,2018-03-12,92,6.0,6.0,nan,56.0,20.0,84.0,92.0
43,新營,2018-03-12,90,7.0,3.0,nan,68.0,20.0,58.0,90.0
44,善化,2018-03-12,81,9.0,3.0,nan,52.0,18.0,54.0,81.0
45,安南,2018-03-12,85,7.0,5.0,nan,56.0,26.0,71.0,85.0
46,臺南,2018-03-12,88,9.0,6.0,nan,51.0,31.0,74.0,88.0
47,美濃,2018-03-12,97,3.0,3.0,nan,44.0,15.0,97.0,59.0
48,橋頭,2018-03-12,87,13.0,6.0,nan,55.0,36.0,51.0,87.0
49,仁武,2018-03-12,80,13.0,6.0,nan,57.0,41.0,80.0,78.0
50,鳳山,2018-03-12,80,7.0,6.0,nan,48.0,28.0,nan,80.0
51,大寮,2018-03-12,84,17.0,5.0,nan,51.0,30.0,80.0,84.0
52,林園,2018-03-12,97,13.0,5.0,nan,56.0,24.0,97.0,74.0
53,楠梓,2018-03-12,83,9.0,6.0,nan,62.0,31.0,74.0,83.0
54,左營,2018-03-12,93,10.0,6.0,nan,62.0,40.0,93.0,76.0
56,前金,2018-03-12,87,7.0,6.0,nan,54.0,27.0,87.0,70.0
57,前鎮,2018-03-12,88,9.0,8.0,nan,60.0,56.0,nan,88.0
58,小港,2018-03-12,76,11.0,6.0,nan,54.0,47.0,61.0,76.0
59,屏東,2018-03-12,90,9.0,6.0,nan,47.0,25.0,90.0,74.0
60,潮州,2018-03-12,90,10.0,3.0,nan,52.0,19.0,90.0,65.0
61,恆春,2018-03-12,47,4.0,1.0,nan,27.0,2.0,47.0,31.0
62,臺東,2018-03-12,40,1.0,3.0,nan,22.0,12.0,40.0,27.0
63,花蓮,2018-03-12,46,3.0,3.0,nan,26.0,12.0,46.0,23.0
64,陽明,2018-03-12,51,6.0,2.0,nan,13.0,6.0,51.0,28.0
65,宜蘭,2018-03-12,47,4.0,3.0,nan,31.0,20.0,47.0,33.0
66,冬山,2018-03-12,45,6.0,3.0,nan,28.0,17.0,45.0,24.0
67,三重,2018-03-12,67,11.0,26.0,nan,44.0,67.0,nan,44.0
68,中壢,2018-03-12,67,17.0,14.0,nan,48.0,67.0,nan,64.0
69,竹山,2018-03-12,117,6.0,5.0,nan,59.0,22.0,101.0,117.0
32,西屯,2018-03-12,95,10.0,7.0,nan,55.0,44.0,93.0,95.0
70,永和,2018-03-12,73,11.0,17.0,nan,31.0,73.0,nan,55.0
71,復興,2018-03-12,86,9.0,10.0,nan,64.0,50.0,nan,86.0
72,埔里,2018-03-12,104,4.0,5.0,nan,41.0,21.0,104.0,78.0
75,馬祖,2018-03-12,64,7.0,3.0,nan,32.0,9.0,64.0,59.0
77,金門,2018-03-12,89,20.0,5.0,nan,54.0,33.0,54.0,89.0
78,馬公,2018-03-12,54,4.0,2.0,nan,26.0,7.0,54.0,50.0
80,關山,2018-03-12,40,4.0,nan,nan,19.0,7.0,40.0,29.0
83,麥寮,2018-03-12,98,6.0,5.0,nan,64.0,15.0,nan,98.0
84,富貴角,2018-03-12,42,4.0,2.0,nan,23.0,nan,41.0,42.0
8,菜寮,2018-03-13,89,11.0,12.0,nan,51.0,51.0,42.0,89.0
17,桃園,2018-03-13,89,19.0,10.0,nan,52.0,50.0,37.0,89.0
33,彰化,2018-03-13,109,16.0,9.0,nan,53.0,37.0,77.0,109.0
1,基隆,2018-03-13,50,29.0,6.0,nan,22.0,31.0,50.0,46.0
2,汐止,2018-03-13,60,30.0,10.0,nan,31.0,52.0,37.0,60.0
3,萬里,2018-03-13,93,7.0,3.0,nan,25.0,19.0,93.0,40.0
4,新店,2018-03-13,77,7.0,7.0,nan,28.0,48.0,77.0,55.0
5,土城,2018-03-13,82,10.0,9.0,nan,50.0,47.0,67.0,82.0
6,板橋,2018-03-13,87,14.0,9.0,nan,51.0,48.0,54.0,87.0
7,新莊,2018-03-13,85,17.0,10.0,nan,50.0,53.0,54.0,85.0
9,林口,2018-03-13,84,19.0,7.0,nan,53.0,58.0,51.0,84.0
10,淡水,2018-03-13,73,16.0,7.0,nan,39.0,29.0,39.0,73.0
11,士林,2018-03-13,56,9.0,8.0,nan,41.0,40.0,49.0,56.0
12,中山,2018-03-13,80,13.0,15.0,nan,43.0,80.0,40.0,70.0
13,萬華,2018-03-13,74,13.0,12.0,nan,44.0,52.0,46.0,74.0
14,古亭,2018-03-13,64,10.0,10.0,nan,37.0,58.0,64.0,nan
15,松山,2018-03-13,56,16.0,9.0,nan,31.0,56.0,41.0,55.0
16,大同,2018-03-13,82,10.0,24.0,nan,64.0,77.0,nan,82.0
18,大園,2018-03-13,107,13.0,8.0,nan,61.0,46.0,46.0,107.0
19,觀音,2018-03-13,123,10.0,7.0,nan,66.0,43.0,40.0,123.0
20,平鎮,2018-03-13,110,11.0,8.0,nan,64.0,48.0,45.0,110.0
21,龍潭,2018-03-13,103,9.0,7.0,nan,51.0,48.0,80.0,103.0
22,湖口,2018-03-13,103,10.0,7.0,nan,60.0,53.0,44.0,103.0
23,竹東,2018-03-13,73,6.0,5.0,nan,44.0,35.0,43.0,73.0
24,新竹,2018-03-13,92,6.0,7.0,nan,48.0,35.0,40.0,92.0
25,頭份,2018-03-13,80,6.0,6.0,nan,46.0,28.0,nan,80.0
26,苗栗,2018-03-13,103,10.0,6.0,nan,57.0,27.0,45.0,103.0
27,三義,2018-03-13,101,4.0,3.0,nan,43.0,17.0,97.0,101.0
28,豐原,2018-03-13,100,9.0,7.0,nan,52.0,36.0,100.0,99.0
29,沙鹿,2018-03-13,130,7.0,8.0,nan,66.0,47.0,67.0,130.0
30,大里,2018-03-13,77,10.0,8.0,nan,58.0,43.0,77.0,76.0
31,忠明,2018-03-13,123,11.0,10.0,nan,60.0,51.0,77.0,123.0
32,西屯,2018-03-13,105,11.0,9.0,nan,61.0,49.0,93.0,105.0
49,仁武,2018-03-13,96,13.0,6.0,nan,60.0,39.0,87.0,96.0
34,線西,2018-03-13,125,14.0,7.0,nan,66.0,42.0,nan,125.0
35,二林,2018-03-13,130,9.0,6.0,nan,80.0,29.0,97.0,130.0
36,南投,2018-03-13,95,14.0,7.0,nan,59.0,42.0,74.0,95.0
37,斗六,2018-03-13,115,4.0,5.0,nan,53.0,32.0,115.0,112.0
38,崙背,2018-03-13,145,7.0,5.0,nan,70.0,23.0,132.0,145.0
39,新港,2018-03-13,127,9.0,6.0,nan,78.0,24.0,112.0,127.0
40,朴子,2018-03-13,125,7.0,5.0,nan,77.0,21.0,122.0,125.0
41,臺西,2018-03-13,153,14.0,5.0,nan,73.0,25.0,nan,153.0
42,嘉義,2018-03-13,107,9.0,6.0,nan,62.0,31.0,101.0,107.0
43,新營,2018-03-13,116,6.0,5.0,nan,73.0,22.0,87.0,116.0
44,善化,2018-03-13,101,13.0,5.0,nan,59.0,22.0,80.0,101.0
45,安南,2018-03-13,129,10.0,6.0,nan,65.0,34.0,104.0,129.0
46,臺南,2018-03-13,120,10.0,7.0,nan,58.0,34.0,104.0,120.0
47,美濃,2018-03-13,115,4.0,3.0,nan,47.0,10.0,115.0,64.0
48,橋頭,2018-03-13,111,16.0,6.0,nan,60.0,37.0,50.0,111.0
50,鳳山,2018-03-13,93,7.0,7.0,nan,49.0,28.0,nan,93.0
51,大寮,2018-03-13,104,30.0,6.0,nan,57.0,36.0,104.0,101.0
52,林園,2018-03-13,129,16.0,5.0,nan,57.0,32.0,129.0,79.0
53,楠梓,2018-03-13,102,13.0,6.0,nan,65.0,38.0,74.0,102.0
54,左營,2018-03-13,100,14.0,7.0,nan,67.0,42.0,100.0,97.0
56,前金,2018-03-13,104,6.0,7.0,nan,55.0,40.0,104.0,91.0
57,前鎮,2018-03-13,97,34.0,8.0,nan,59.0,52.0,nan,97.0
58,小港,2018-03-13,87,11.0,6.0,nan,55.0,51.0,74.0,87.0
59,屏東,2018-03-13,115,10.0,7.0,nan,51.0,29.0,115.0,93.0
60,潮州,2018-03-13,140,10.0,3.0,nan,54.0,16.0,140.0,82.0
61,恆春,2018-03-13,45,1.0,1.0,nan,28.0,2.0,45.0,32.0
62,臺東,2018-03-13,36,3.0,5.0,nan,22.0,17.0,36.0,30.0
63,花蓮,2018-03-13,44,6.0,3.0,nan,22.0,8.0,44.0,26.0
64,陽明,2018-03-13,64,9.0,3.0,nan,19.0,9.0,64.0,45.0
65,宜蘭,2018-03-13,44,4.0,5.0,nan,31.0,12.0,44.0,33.0
66,冬山,2018-03-13,44,6.0,3.0,nan,29.0,17.0,44.0,30.0
67,三重,2018-03-13,81,11.0,26.0,nan,63.0,79.0,nan,81.0
68,中壢,2018-03-13,98,10.0,15.0,nan,66.0,50.0,nan,98.0
69,竹山,2018-03-13,122,4.0,5.0,nan,57.0,22.0,122.0,120.0
70,永和,2018-03-13,85,11.0,20.0,nan,43.0,76.0,nan,85.0
71,復興,2018-03-13,95,30.0,11.0,nan,59.0,52.0,nan,95.0
72,埔里,2018-03-13,126,9.0,6.0,nan,48.0,32.0,126.0,90.0
75,馬祖,2018-03-13,61,7.0,6.0,nan,36.0,13.0,51.0,61.0
77,金門,2018-03-13,117,21.0,5.0,nan,65.0,35.0,54.0,117.0
78,馬公,2018-03-13,74,4.0,3.0,nan,31.0,6.0,74.0,69.0
80,關山,2018-03-13,37,6.0,nan,nan,19.0,9.0,37.0,30.0
83,麥寮,2018-03-13,152,10.0,6.0,nan,80.0,30.0,nan,152.0
84,富貴角,2018-03-13,70,7.0,3.0,nan,31.0,nan,47.0,70.0
17,桃園,2018-03-14,130,90.0,11.0,nan,66.0,57.0,29.0,130.0
84,富貴角,2018-03-14,82,6.0,3.0,nan,35.0,nan,43.0,82.0
30,大里,2018-03-14,81,9.0,10.0,nan,65.0,51.0,48.0,81.0
31,忠明,2018-03-14,120,7.0,10.0,nan,62.0,63.0,48.0,120.0
32,西屯,2018-03-14,127,9.0,9.0,nan,64.0,57.0,71.0,127.0
49,仁武,2018-03-14,109,13.0,8.0,nan,69.0,54.0,93.0,109.0
34,線西,2018-03-14,131,13.0,7.0,nan,68.0,35.0,nan,131.0
35,二林,2018-03-14,154,10.0,7.0,nan,95.0,34.0,50.0,154.0
36,南投,2018-03-14,99,16.0,8.0,nan,62.0,44.0,39.0,99.0
37,斗六,2018-03-14,145,10.0,7.0,nan,66.0,41.0,100.0,145.0
38,崙背,2018-03-14,158,11.0,6.0,nan,81.0,18.0,87.0,158.0
39,新港,2018-03-14,158,9.0,6.0,nan,94.0,32.0,97.0,158.0
40,朴子,2018-03-14,157,11.0,6.0,nan,93.0,24.0,108.0,157.0
41,臺西,2018-03-14,154,14.0,6.0,nan,73.0,23.0,nan,154.0
42,嘉義,2018-03-14,138,13.0,8.0,nan,70.0,37.0,93.0,138.0
43,新營,2018-03-14,153,7.0,7.0,nan,92.0,61.0,61.0,153.0
44,善化,2018-03-14,136,14.0,6.0,nan,68.0,35.0,58.0,136.0
45,安南,2018-03-14,150,10.0,7.0,nan,67.0,43.0,101.0,150.0
29,沙鹿,2018-03-14,136,11.0,9.0,nan,72.0,46.0,54.0,136.0
46,臺南,2018-03-14,142,13.0,9.0,nan,61.0,42.0,115.0,142.0
47,美濃,2018-03-14,108,7.0,5.0,nan,54.0,13.0,108.0,82.0
48,橋頭,2018-03-14,114,10.0,8.0,nan,61.0,50.0,97.0,114.0
50,鳳山,2018-03-14,94,7.0,9.0,nan,52.0,47.0,nan,94.0
51,大寮,2018-03-14,103,36.0,7.0,nan,57.0,40.0,87.0,103.0
52,林園,2018-03-14,104,19.0,5.0,nan,59.0,25.0,104.0,87.0
53,楠梓,2018-03-14,116,7.0,8.0,nan,70.0,55.0,101.0,116.0
54,左營,2018-03-14,108,11.0,10.0,nan,67.0,63.0,108.0,103.0
56,前金,2018-03-14,112,10.0,7.0,nan,57.0,43.0,112.0,93.0
57,前鎮,2018-03-14,94,11.0,12.0,nan,59.0,67.0,nan,94.0
58,小港,2018-03-14,83,31.0,7.0,nan,52.0,53.0,61.0,83.0
59,屏東,2018-03-14,150,9.0,8.0,nan,57.0,41.0,150.0,100.0
60,潮州,2018-03-14,126,11.0,5.0,nan,64.0,21.0,126.0,87.0
61,恆春,2018-03-14,39,3.0,1.0,nan,30.0,2.0,39.0,32.0
62,臺東,2018-03-14,31,1.0,5.0,nan,21.0,11.0,31.0,31.0
63,花蓮,2018-03-14,35,10.0,3.0,nan,29.0,9.0,35.0,24.0
64,陽明,2018-03-14,97,9.0,3.0,nan,22.0,10.0,97.0,59.0
65,宜蘭,2018-03-14,38,4.0,5.0,nan,32.0,13.0,37.0,38.0
66,冬山,2018-03-14,34,6.0,3.0,nan,31.0,20.0,31.0,34.0
67,三重,2018-03-14,72,9.0,19.0,nan,58.0,67.0,nan,72.0
68,中壢,2018-03-14,114,16.0,15.0,nan,71.0,57.0,nan,114.0
69,竹山,2018-03-14,141,13.0,6.0,nan,65.0,31.0,101.0,141.0
70,永和,2018-03-14,64,7.0,17.0,nan,33.0,53.0,nan,64.0
71,復興,2018-03-14,95,10.0,14.0,nan,61.0,66.0,nan,95.0
72,埔里,2018-03-14,122,6.0,6.0,nan,54.0,29.0,122.0,104.0
75,馬祖,2018-03-14,70,9.0,8.0,nan,39.0,15.0,44.0,70.0
77,金門,2018-03-14,153,20.0,6.0,nan,92.0,41.0,43.0,153.0
78,馬公,2018-03-14,58,6.0,5.0,nan,24.0,17.0,58.0,54.0
80,關山,2018-03-14,31,4.0,nan,nan,19.0,10.0,31.0,31.0
83,麥寮,2018-03-14,156,9.0,6.0,nan,90.0,35.0,nan,156.0
28,豐原,2018-03-14,92,10.0,5.0,nan,54.0,37.0,44.0,92.0
27,三義,2018-03-14,118,4.0,5.0,nan,49.0,21.0,50.0,118.0
26,苗栗,2018-03-14,118,10.0,6.0,nan,64.0,30.0,32.0,118.0
25,頭份,2018-03-14,97,10.0,6.0,nan,54.0,33.0,nan,97.0
24,新竹,2018-03-14,116,10.0,8.0,nan,58.0,42.0,28.0,116.0
23,竹東,2018-03-14,95,10.0,6.0,nan,56.0,33.0,44.0,95.0
22,湖口,2018-03-14,121,14.0,6.0,nan,68.0,43.0,37.0,121.0
21,龍潭,2018-03-14,113,11.0,8.0,nan,59.0,50.0,64.0,113.0
20,平鎮,2018-03-14,107,16.0,8.0,nan,64.0,50.0,37.0,107.0
19,觀音,2018-03-14,114,16.0,5.0,nan,65.0,39.0,35.0,114.0
18,大園,2018-03-14,119,19.0,8.0,nan,59.0,44.0,37.0,119.0
16,大同,2018-03-14,80,9.0,19.0,nan,57.0,53.0,nan,80.0
15,松山,2018-03-14,56,9.0,10.0,nan,35.0,43.0,42.0,56.0
14,古亭,2018-03-14,49,6.0,8.0,nan,33.0,42.0,49.0,nan
13,萬華,2018-03-14,59,7.0,11.0,nan,40.0,53.0,34.0,59.0
12,中山,2018-03-14,69,6.0,12.0,nan,41.0,48.0,31.0,69.0
11,士林,2018-03-14,77,10.0,9.0,nan,44.0,37.0,35.0,77.0
10,淡水,2018-03-14,85,7.0,9.0,nan,48.0,37.0,29.0,85.0
9,林口,2018-03-14,95,10.0,6.0,nan,58.0,49.0,40.0,95.0
8,菜寮,2018-03-14,91,10.0,12.0,nan,52.0,45.0,30.0,91.0
7,新莊,2018-03-14,92,21.0,11.0,nan,58.0,50.0,41.0,92.0
6,板橋,2018-03-14,101,19.0,12.0,nan,59.0,54.0,44.0,101.0
5,土城,2018-03-14,96,19.0,11.0,nan,53.0,54.0,64.0,96.0
4,新店,2018-03-14,97,4.0,8.0,nan,26.0,38.0,97.0,55.0
3,萬里,2018-03-14,58,10.0,3.0,nan,34.0,21.0,47.0,58.0
2,汐止,2018-03-14,65,17.0,11.0,nan,33.0,47.0,36.0,65.0
1,基隆,2018-03-14,64,31.0,9.0,nan,30.0,51.0,33.0,64.0
33,彰化,2018-03-14,128,20.0,10.0,nan,64.0,46.0,35.0,128.0
70,永和,2018-03-15,74,14.0,25.0,nan,39.0,63.0,nan,74.0
33,彰化,2018-03-15,111,11.0,9.0,nan,62.0,46.0,35.0,111.0
1,基隆,2018-03-15,46,17.0,5.0,nan,22.0,28.0,33.0,46.0
2,汐止,2018-03-15,68,13.0,9.0,nan,31.0,41.0,37.0,68.0
3,萬里,2018-03-15,49,7.0,3.0,nan,26.0,15.0,44.0,49.0
4,新店,2018-03-15,60,11.0,7.0,nan,30.0,42.0,39.0,60.0
5,土城,2018-03-15,72,10.0,8.0,nan,39.0,35.0,39.0,72.0
6,板橋,2018-03-15,80,13.0,11.0,nan,46.0,44.0,35.0,80.0
7,新莊,2018-03-15,73,17.0,11.0,nan,41.0,51.0,36.0,73.0
8,菜寮,2018-03-15,78,13.0,12.0,nan,43.0,55.0,27.0,78.0
9,林口,2018-03-15,74,17.0,7.0,nan,48.0,40.0,37.0,74.0
10,淡水,2018-03-15,73,10.0,5.0,nan,36.0,25.0,27.0,73.0
11,士林,2018-03-15,69,7.0,8.0,nan,32.0,50.0,31.0,69.0
12,中山,2018-03-15,73,10.0,16.0,nan,44.0,57.0,24.0,73.0
13,萬華,2018-03-15,71,16.0,15.0,nan,43.0,46.0,28.0,71.0
14,古亭,2018-03-15,42,13.0,10.0,nan,36.0,42.0,31.0,nan
15,松山,2018-03-15,62,10.0,9.0,nan,34.0,43.0,28.0,62.0
16,大同,2018-03-15,78,10.0,25.0,nan,54.0,78.0,nan,76.0
17,桃園,2018-03-15,78,13.0,9.0,nan,44.0,48.0,31.0,78.0
18,大園,2018-03-15,86,26.0,8.0,nan,57.0,50.0,35.0,86.0
19,觀音,2018-03-15,97,14.0,6.0,nan,58.0,32.0,38.0,97.0
20,平鎮,2018-03-15,93,11.0,8.0,nan,57.0,40.0,38.0,93.0
21,龍潭,2018-03-15,95,10.0,7.0,nan,49.0,40.0,43.0,95.0
22,湖口,2018-03-15,93,10.0,8.0,nan,57.0,41.0,47.0,93.0
23,竹東,2018-03-15,81,7.0,6.0,nan,48.0,24.0,33.0,81.0
24,新竹,2018-03-15,99,7.0,8.0,nan,50.0,35.0,38.0,99.0
25,頭份,2018-03-15,90,6.0,6.0,nan,52.0,29.0,nan,90.0
26,苗栗,2018-03-15,98,9.0,7.0,nan,55.0,26.0,38.0,98.0
27,三義,2018-03-15,96,6.0,3.0,nan,37.0,24.0,51.0,96.0
28,豐原,2018-03-15,86,6.0,5.0,nan,43.0,29.0,44.0,86.0
29,沙鹿,2018-03-15,104,7.0,7.0,nan,59.0,39.0,47.0,104.0
30,大里,2018-03-15,91,9.0,11.0,nan,68.0,56.0,44.0,91.0
31,忠明,2018-03-15,109,7.0,10.0,nan,57.0,49.0,39.0,109.0
32,西屯,2018-03-15,106,7.0,9.0,nan,55.0,43.0,49.0,106.0
49,仁武,2018-03-15,141,14.0,7.0,nan,80.0,64.0,115.0,141.0
34,線西,2018-03-15,123,13.0,8.0,nan,64.0,43.0,nan,123.0
35,二林,2018-03-15,145,17.0,7.0,nan,81.0,25.0,45.0,145.0
36,南投,2018-03-15,97,7.0,8.0,nan,58.0,35.0,39.0,97.0
37,斗六,2018-03-15,120,9.0,5.0,nan,57.0,27.0,64.0,120.0
38,崙背,2018-03-15,156,7.0,6.0,nan,73.0,25.0,77.0,156.0
39,新港,2018-03-15,154,7.0,7.0,nan,82.0,33.0,61.0,154.0
40,朴子,2018-03-15,154,9.0,6.0,nan,87.0,27.0,71.0,154.0
41,臺西,2018-03-15,156,10.0,6.0,nan,76.0,27.0,nan,156.0
42,嘉義,2018-03-15,123,9.0,8.0,nan,64.0,37.0,74.0,123.0
43,新營,2018-03-15,137,7.0,7.0,nan,79.0,31.0,58.0,137.0
44,善化,2018-03-15,130,11.0,5.0,nan,62.0,19.0,54.0,130.0
45,安南,2018-03-15,142,10.0,7.0,nan,66.0,37.0,84.0,142.0
46,臺南,2018-03-15,126,11.0,8.0,nan,59.0,38.0,87.0,126.0
47,美濃,2018-03-15,100,6.0,5.0,nan,54.0,15.0,100.0,86.0
48,橋頭,2018-03-15,132,16.0,7.0,nan,65.0,34.0,67.0,132.0
50,鳳山,2018-03-15,154,13.0,11.0,nan,66.0,45.0,nan,154.0
51,大寮,2018-03-15,133,39.0,6.0,nan,66.0,35.0,132.0,133.0
52,林園,2018-03-15,146,16.0,6.0,nan,65.0,42.0,146.0,102.0
53,楠梓,2018-03-15,135,13.0,7.0,nan,79.0,55.0,112.0,135.0
54,左營,2018-03-15,126,11.0,7.0,nan,69.0,48.0,126.0,120.0
56,前金,2018-03-15,132,10.0,7.0,nan,66.0,33.0,132.0,118.0
57,前鎮,2018-03-15,132,14.0,9.0,nan,71.0,48.0,nan,132.0
58,小港,2018-03-15,127,23.0,7.0,nan,70.0,61.0,77.0,127.0
59,屏東,2018-03-15,136,10.0,7.0,nan,61.0,28.0,136.0,133.0
60,潮州,2018-03-15,161,20.0,6.0,nan,76.0,30.0,161.0,118.0
61,恆春,2018-03-15,39,4.0,1.0,nan,29.0,3.0,39.0,34.0
62,臺東,2018-03-15,30,1.0,3.0,nan,19.0,10.0,30.0,28.0
63,花蓮,2018-03-15,31,10.0,5.0,nan,22.0,14.0,31.0,18.0
64,陽明,2018-03-15,44,6.0,2.0,nan,11.0,9.0,44.0,29.0
65,宜蘭,2018-03-15,52,4.0,5.0,nan,39.0,20.0,34.0,52.0
66,冬山,2018-03-15,52,4.0,5.0,nan,37.0,18.0,25.0,52.0
67,三重,2018-03-15,72,13.0,27.0,nan,58.0,72.0,nan,65.0
68,中壢,2018-03-15,92,10.0,20.0,nan,62.0,40.0,nan,92.0
69,竹山,2018-03-15,115,7.0,5.0,nan,51.0,24.0,54.0,115.0
71,復興,2018-03-15,132,14.0,10.0,nan,76.0,53.0,nan,132.0
72,埔里,2018-03-15,112,4.0,6.0,nan,47.0,20.0,112.0,94.0
75,馬祖,2018-03-15,79,7.0,5.0,nan,43.0,27.0,31.0,79.0
77,金門,2018-03-15,157,10.0,7.0,nan,92.0,60.0,24.0,157.0
78,馬公,2018-03-15,64,6.0,6.0,nan,34.0,28.0,43.0,64.0
80,關山,2018-03-15,28,3.0,nan,nan,18.0,8.0,28.0,25.0
83,麥寮,2018-03-15,158,9.0,6.0,nan,87.0,25.0,nan,158.0
84,富貴角,2018-03-15,55,4.0,2.0,nan,23.0,nan,36.0,55.0
17,桃園,2018-03-16,65,14.0,9.0,nan,39.0,44.0,31.0,65.0
18,大園,2018-03-16,76,10.0,6.0,nan,48.0,29.0,41.0,76.0
83,麥寮,2018-03-16,89,9.0,5.0,nan,52.0,17.0,nan,89.0
80,關山,2018-03-16,38,4.0,nan,nan,19.0,8.0,38.0,34.0
78,馬公,2018-03-16,62,3.0,3.0,nan,28.0,7.0,54.0,62.0
77,金門,2018-03-16,136,7.0,6.0,nan,64.0,28.0,49.0,136.0
75,馬祖,2018-03-16,75,9.0,7.0,nan,44.0,19.0,45.0,75.0
72,埔里,2018-03-16,93,7.0,6.0,nan,28.0,22.0,93.0,63.0
71,復興,2018-03-16,90,10.0,11.0,nan,52.0,40.0,nan,90.0
70,永和,2018-03-16,63,7.0,20.0,nan,31.0,56.0,nan,63.0
69,竹山,2018-03-16,101,7.0,5.0,nan,38.0,24.0,101.0,88.0
68,中壢,2018-03-16,63,9.0,17.0,nan,51.0,39.0,nan,63.0
67,三重,2018-03-16,56,10.0,20.0,nan,40.0,56.0,nan,48.0
66,冬山,2018-03-16,58,4.0,5.0,nan,37.0,25.0,43.0,58.0
65,宜蘭,2018-03-16,57,4.0,5.0,nan,37.0,11.0,44.0,57.0
19,觀音,2018-03-16,68,16.0,3.0,nan,44.0,30.0,40.0,68.0
63,花蓮,2018-03-16,50,7.0,5.0,nan,26.0,19.0,50.0,30.0
20,平鎮,2018-03-16,63,7.0,8.0,nan,42.0,33.0,36.0,63.0
62,臺東,2018-03-16,39,1.0,3.0,nan,20.0,8.0,39.0,38.0
12,中山,2018-03-16,49,7.0,11.0,nan,31.0,49.0,27.0,48.0
61,恆春,2018-03-16,50,7.0,2.0,nan,26.0,4.0,50.0,37.0
21,龍潭,2018-03-16,64,7.0,7.0,nan,34.0,32.0,41.0,64.0
60,潮州,2018-03-16,93,6.0,3.0,nan,48.0,15.0,93.0,69.0
59,屏東,2018-03-16,87,4.0,6.0,nan,34.0,18.0,87.0,69.0
13,萬華,2018-03-16,48,11.0,10.0,nan,28.0,48.0,31.0,48.0
64,陽明,2018-03-16,46,3.0,3.0,nan,6.0,6.0,46.0,15.0
58,小港,2018-03-16,82,10.0,7.0,nan,47.0,46.0,80.0,82.0
57,前鎮,2018-03-16,92,10.0,8.0,nan,48.0,39.0,nan,92.0
8,菜寮,2018-03-16,62,10.0,9.0,nan,30.0,42.0,30.0,62.0
56,前金,2018-03-16,92,4.0,6.0,nan,nan,31.0,87.0,92.0
54,左營,2018-03-16,87,4.0,6.0,nan,50.0,26.0,87.0,82.0
14,古亭,2018-03-16,48,7.0,10.0,nan,28.0,48.0,34.0,nan
53,楠梓,2018-03-16,87,6.0,5.0,nan,55.0,25.0,87.0,75.0
22,湖口,2018-03-16,69,7.0,6.0,nan,40.0,28.0,47.0,69.0
52,林園,2018-03-16,74,17.0,7.0,nan,51.0,29.0,74.0,72.0
23,竹東,2018-03-16,56,6.0,5.0,nan,31.0,24.0,35.0,56.0
84,富貴角,2018-03-16,67,1.0,2.0,nan,31.0,nan,31.0,67.0
51,大寮,2018-03-16,88,19.0,5.0,nan,46.0,30.0,74.0,88.0
24,新竹,2018-03-16,70,6.0,7.0,nan,33.0,34.0,39.0,70.0
6,板橋,2018-03-16,68,10.0,9.0,nan,35.0,47.0,33.0,68.0
50,鳳山,2018-03-16,90,9.0,7.0,nan,41.0,29.0,nan,90.0
25,頭份,2018-03-16,57,6.0,5.0,nan,37.0,26.0,nan,57.0
48,橋頭,2018-03-16,76,6.0,6.0,nan,44.0,25.0,47.0,76.0
47,美濃,2018-03-16,74,3.0,5.0,nan,33.0,9.0,74.0,57.0
46,臺南,2018-03-16,80,7.0,6.0,nan,39.0,29.0,71.0,80.0
9,林口,2018-03-16,64,9.0,6.0,nan,39.0,42.0,39.0,64.0
45,安南,2018-03-16,86,9.0,6.0,nan,44.0,27.0,61.0,86.0
26,苗栗,2018-03-16,73,6.0,6.0,nan,40.0,26.0,40.0,73.0
44,善化,2018-03-16,84,10.0,5.0,nan,44.0,19.0,46.0,84.0
43,新營,2018-03-16,80,7.0,5.0,nan,52.0,23.0,48.0,80.0
42,嘉義,2018-03-16,73,11.0,7.0,nan,47.0,25.0,54.0,73.0
27,三義,2018-03-16,74,4.0,3.0,nan,25.0,16.0,54.0,74.0
41,臺西,2018-03-16,77,6.0,3.0,nan,37.0,12.0,nan,77.0
28,豐原,2018-03-16,56,6.0,3.0,nan,28.0,21.0,51.0,56.0
40,朴子,2018-03-16,74,9.0,3.0,nan,45.0,17.0,71.0,74.0
15,松山,2018-03-16,55,6.0,8.0,nan,29.0,43.0,35.0,55.0
39,新港,2018-03-16,85,9.0,5.0,nan,46.0,22.0,64.0,85.0
29,沙鹿,2018-03-16,62,4.0,3.0,nan,33.0,26.0,51.0,62.0
7,新莊,2018-03-16,63,9.0,9.0,nan,32.0,46.0,39.0,63.0
38,崙背,2018-03-16,90,11.0,6.0,nan,41.0,23.0,61.0,90.0
10,淡水,2018-03-16,65,4.0,7.0,nan,32.0,31.0,35.0,65.0
37,斗六,2018-03-16,84,10.0,5.0,nan,40.0,21.0,84.0,67.0
11,士林,2018-03-16,50,4.0,8.0,nan,27.0,29.0,41.0,50.0
36,南投,2018-03-16,70,7.0,6.0,nan,43.0,25.0,45.0,70.0
16,大同,2018-03-16,67,10.0,24.0,nan,47.0,58.0,nan,67.0
35,二林,2018-03-16,80,11.0,5.0,nan,nan,18.0,45.0,80.0
33,彰化,2018-03-16,70,9.0,6.0,nan,34.0,27.0,45.0,70.0
34,線西,2018-03-16,73,10.0,5.0,nan,34.0,23.0,nan,73.0
1,基隆,2018-03-16,53,7.0,5.0,nan,23.0,23.0,45.0,53.0
49,仁武,2018-03-16,95,17.0,5.0,nan,52.0,29.0,77.0,95.0
2,汐止,2018-03-16,68,13.0,8.0,nan,28.0,30.0,44.0,68.0
32,西屯,2018-03-16,77,4.0,5.0,nan,34.0,36.0,77.0,72.0
31,忠明,2018-03-16,64,4.0,6.0,nan,29.0,34.0,54.0,64.0
5,土城,2018-03-16,67,11.0,9.0,nan,36.0,42.0,36.0,67.0
30,大里,2018-03-16,61,6.0,7.0,nan,37.0,26.0,61.0,52.0
3,萬里,2018-03-16,53,4.0,3.0,nan,39.0,12.0,51.0,53.0
4,新店,2018-03-16,59,7.0,7.0,nan,27.0,30.0,37.0,59.0
54,左營,2018-03-17,126,7.0,7.0,nan,77.0,28.0,126.0,118.0
56,前金,2018-03-17,125,7.0,7.0,nan,76.0,24.0,108.0,125.0
57,前鎮,2018-03-17,139,14.0,8.0,nan,76.0,36.0,nan,139.0
58,小港,2018-03-17,138,26.0,7.0,nan,76.0,42.0,87.0,138.0
59,屏東,2018-03-17,141,6.0,6.0,nan,62.0,16.0,126.0,141.0
60,潮州,2018-03-17,126,14.0,6.0,nan,78.0,17.0,126.0,121.0
61,恆春,2018-03-17,58,4.0,2.0,nan,32.0,2.0,58.0,45.0
62,臺東,2018-03-17,41,3.0,5.0,nan,27.0,9.0,41.0,41.0
63,花蓮,2018-03-17,46,4.0,5.0,nan,27.0,15.0,46.0,28.0
64,陽明,2018-03-17,51,3.0,2.0,nan,5.0,2.0,51.0,4.0
65,宜蘭,2018-03-17,50,1.0,3.0,nan,33.0,7.0,50.0,43.0
67,三重,2018-03-17,42,9.0,15.0,nan,35.0,42.0,nan,31.0
68,中壢,2018-03-17,38,6.0,9.0,nan,38.0,33.0,nan,26.0
69,竹山,2018-03-17,120,4.0,5.0,nan,57.0,18.0,100.0,120.0
70,永和,2018-03-17,40,4.0,6.0,nan,29.0,18.0,nan,40.0
71,復興,2018-03-17,129,13.0,9.0,nan,74.0,39.0,nan,129.0
72,埔里,2018-03-17,104,4.0,6.0,nan,43.0,20.0,104.0,88.0
75,馬祖,2018-03-17,61,3.0,2.0,nan,45.0,6.0,54.0,61.0
77,金門,2018-03-17,75,6.0,3.0,nan,46.0,17.0,43.0,75.0
78,馬公,2018-03-17,53,1.0,2.0,nan,34.0,4.0,49.0,53.0
80,關山,2018-03-17,41,6.0,nan,nan,22.0,8.0,39.0,41.0
83,麥寮,2018-03-17,72,11.0,5.0,nan,56.0,15.0,nan,72.0
84,富貴角,2018-03-17,62,1.0,2.0,nan,43.0,nan,34.0,62.0
66,冬山,2018-03-17,44,3.0,3.0,nan,31.0,12.0,44.0,40.0
33,彰化,2018-03-17,57,4.0,5.0,nan,41.0,18.0,48.0,57.0
1,基隆,2018-03-17,48,1.0,6.0,nan,25.0,21.0,48.0,38.0
2,汐止,2018-03-17,59,11.0,6.0,nan,26.0,33.0,44.0,59.0
3,萬里,2018-03-17,64,4.0,2.0,nan,59.0,9.0,64.0,43.0
4,新店,2018-03-17,44,4.0,5.0,nan,20.0,17.0,44.0,32.0
5,土城,2018-03-17,47,3.0,6.0,nan,30.0,18.0,44.0,47.0
6,板橋,2018-03-17,46,6.0,6.0,nan,31.0,nan,41.0,46.0
7,新莊,2018-03-17,45,7.0,5.0,nan,28.0,20.0,45.0,37.0
8,菜寮,2018-03-17,42,4.0,5.0,nan,26.0,20.0,34.0,42.0
9,林口,2018-03-17,45,6.0,3.0,nan,33.0,14.0,45.0,37.0
10,淡水,2018-03-17,40,3.0,5.0,nan,24.0,19.0,36.0,40.0
11,士林,2018-03-17,45,4.0,3.0,nan,19.0,8.0,45.0,27.0
12,中山,2018-03-17,45,9.0,7.0,nan,29.0,30.0,39.0,45.0
13,萬華,2018-03-17,42,7.0,6.0,nan,28.0,27.0,42.0,39.0
14,古亭,2018-03-17,42,3.0,5.0,nan,25.0,20.0,42.0,nan
15,松山,2018-03-17,41,9.0,6.0,nan,26.0,27.0,41.0,39.0
16,大同,2018-03-17,44,6.0,10.0,nan,44.0,39.0,nan,40.0
17,桃園,2018-03-17,40,6.0,5.0,nan,28.0,18.0,40.0,38.0
18,大園,2018-03-17,47,24.0,3.0,nan,nan,30.0,47.0,44.0
19,觀音,2018-03-17,59,9.0,3.0,nan,48.0,12.0,45.0,59.0
20,平鎮,2018-03-17,44,6.0,6.0,nan,33.0,20.0,44.0,32.0
21,龍潭,2018-03-17,48,4.0,5.0,nan,24.0,17.0,48.0,37.0
22,湖口,2018-03-17,52,7.0,3.0,nan,39.0,24.0,50.0,52.0
23,竹東,2018-03-17,44,7.0,5.0,nan,27.0,17.0,38.0,44.0
24,新竹,2018-03-17,61,4.0,6.0,nan,33.0,25.0,43.0,61.0
25,頭份,2018-03-17,52,9.0,5.0,nan,36.0,25.0,nan,52.0
26,苗栗,2018-03-17,72,7.0,5.0,nan,47.0,25.0,40.0,72.0
27,三義,2018-03-17,66,4.0,5.0,nan,30.0,14.0,54.0,66.0
28,豐原,2018-03-17,61,9.0,5.0,nan,33.0,23.0,47.0,61.0
29,沙鹿,2018-03-17,61,4.0,3.0,nan,41.0,17.0,61.0,52.0
30,大里,2018-03-17,74,4.0,6.0,nan,38.0,24.0,74.0,46.0
31,忠明,2018-03-17,61,7.0,5.0,nan,31.0,25.0,61.0,54.0
32,西屯,2018-03-17,77,4.0,3.0,nan,37.0,19.0,77.0,60.0
49,仁武,2018-03-17,135,30.0,6.0,nan,nan,28.0,101.0,135.0
34,線西,2018-03-17,61,11.0,5.0,nan,44.0,14.0,nan,61.0
35,二林,2018-03-17,60,14.0,5.0,nan,39.0,16.0,48.0,60.0
36,南投,2018-03-17,78,6.0,6.0,nan,52.0,24.0,48.0,78.0
37,斗六,2018-03-17,90,10.0,5.0,nan,52.0,23.0,90.0,83.0
38,崙背,2018-03-17,77,10.0,5.0,nan,42.0,14.0,77.0,63.0
39,新港,2018-03-17,77,7.0,5.0,nan,58.0,17.0,77.0,74.0
40,朴子,2018-03-17,80,6.0,5.0,nan,54.0,11.0,80.0,65.0
41,臺西,2018-03-17,65,11.0,3.0,nan,61.0,15.0,nan,65.0
42,嘉義,2018-03-17,107,21.0,6.0,nan,63.0,21.0,71.0,107.0
43,新營,2018-03-17,91,7.0,5.0,nan,65.0,17.0,51.0,91.0
44,善化,2018-03-17,100,7.0,5.0,nan,57.0,15.0,50.0,100.0
45,安南,2018-03-17,80,7.0,5.0,nan,nan,21.0,80.0,nan
46,臺南,2018-03-17,93,6.0,6.0,nan,54.0,21.0,93.0,85.0
47,美濃,2018-03-17,93,3.0,5.0,nan,60.0,8.0,93.0,93.0
48,橋頭,2018-03-17,111,6.0,6.0,nan,66.0,21.0,74.0,111.0
50,鳳山,2018-03-17,139,10.0,7.0,nan,68.0,26.0,nan,139.0
51,大寮,2018-03-17,132,19.0,7.0,nan,68.0,30.0,84.0,132.0
52,林園,2018-03-17,136,26.0,7.0,nan,75.0,28.0,136.0,nan
53,楠梓,2018-03-17,104,6.0,6.0,nan,79.0,18.0,104.0,102.0
27,三義,2018-03-18,81,4.0,5.0,nan,46.0,15.0,50.0,81.0
66,冬山,2018-03-18,44,4.0,5.0,nan,29.0,12.0,44.0,35.0
33,彰化,2018-03-18,92,11.0,8.0,nan,65.0,33.0,40.0,92.0
1,基隆,2018-03-18,48,24.0,6.0,nan,31.0,23.0,43.0,48.0
2,汐止,2018-03-18,75,26.0,8.0,nan,44.0,43.0,49.0,75.0
3,萬里,2018-03-18,55,17.0,3.0,nan,55.0,22.0,48.0,55.0
4,新店,2018-03-18,58,7.0,9.0,nan,36.0,38.0,47.0,58.0
5,土城,2018-03-18,72,6.0,9.0,nan,51.0,39.0,50.0,72.0
6,板橋,2018-03-18,75,10.0,11.0,nan,55.0,45.0,45.0,75.0
7,新莊,2018-03-18,64,10.0,9.0,nan,52.0,37.0,47.0,64.0
8,菜寮,2018-03-18,72,10.0,10.0,nan,52.0,42.0,35.0,72.0
9,林口,2018-03-18,71,16.0,6.0,nan,60.0,42.0,48.0,71.0
10,淡水,2018-03-18,69,13.0,6.0,nan,50.0,31.0,33.0,69.0
11,士林,2018-03-18,64,7.0,7.0,nan,44.0,34.0,45.0,64.0
12,中山,2018-03-18,60,9.0,11.0,nan,49.0,49.0,40.0,60.0
13,萬華,2018-03-18,64,9.0,11.0,nan,47.0,50.0,43.0,64.0
14,古亭,2018-03-18,47,9.0,10.0,nan,47.0,47.0,45.0,nan
15,松山,2018-03-18,53,7.0,9.0,nan,44.0,42.0,45.0,53.0
16,大同,2018-03-18,70,11.0,16.0,nan,59.0,48.0,nan,70.0
17,桃園,2018-03-18,58,11.0,8.0,nan,52.0,34.0,40.0,58.0
18,大園,2018-03-18,71,6.0,6.0,nan,59.0,37.0,47.0,71.0
19,觀音,2018-03-18,84,7.0,5.0,nan,64.0,24.0,44.0,84.0
20,平鎮,2018-03-18,58,6.0,7.0,nan,58.0,38.0,46.0,54.0
21,龍潭,2018-03-18,60,4.0,6.0,nan,44.0,27.0,47.0,60.0
22,湖口,2018-03-18,71,6.0,5.0,nan,60.0,27.0,51.0,71.0
23,竹東,2018-03-18,72,4.0,5.0,nan,56.0,18.0,38.0,72.0
24,新竹,2018-03-18,80,4.0,8.0,nan,56.0,43.0,44.0,80.0
25,頭份,2018-03-18,67,9.0,5.0,nan,61.0,23.0,nan,67.0
26,苗栗,2018-03-18,89,4.0,5.0,nan,67.0,20.0,41.0,89.0
28,豐原,2018-03-18,69,10.0,5.0,nan,53.0,18.0,47.0,69.0
29,沙鹿,2018-03-18,74,4.0,6.0,nan,57.0,33.0,51.0,74.0
30,大里,2018-03-18,74,4.0,8.0,nan,70.0,31.0,54.0,74.0
31,忠明,2018-03-18,95,4.0,8.0,nan,59.0,43.0,49.0,95.0
32,西屯,2018-03-18,88,6.0,7.0,nan,59.0,37.0,67.0,88.0
49,仁武,2018-03-18,143,10.0,6.0,nan,71.0,24.0,143.0,118.0
34,線西,2018-03-18,86,9.0,5.0,nan,62.0,21.0,nan,86.0
35,二林,2018-03-18,86,17.0,5.0,nan,61.0,16.0,45.0,86.0
36,南投,2018-03-18,94,4.0,6.0,nan,70.0,28.0,44.0,94.0
37,斗六,2018-03-18,118,11.0,6.0,nan,71.0,25.0,71.0,118.0
38,崙背,2018-03-18,96,9.0,5.0,nan,56.0,18.0,64.0,96.0
39,新港,2018-03-18,106,4.0,6.0,nan,75.0,18.0,64.0,106.0
40,朴子,2018-03-18,86,7.0,5.0,nan,75.0,12.0,67.0,86.0
41,臺西,2018-03-18,91,11.0,3.0,nan,63.0,28.0,nan,91.0
42,嘉義,2018-03-18,113,14.0,7.0,nan,71.0,20.0,67.0,113.0
43,新營,2018-03-18,97,6.0,6.0,nan,75.0,19.0,50.0,97.0
44,善化,2018-03-18,106,11.0,6.0,nan,65.0,17.0,54.0,106.0
45,安南,2018-03-18,46,4.0,3.0,nan,nan,15.0,46.0,nan
46,臺南,2018-03-18,93,7.0,6.0,nan,54.0,20.0,93.0,92.0
47,美濃,2018-03-18,100,3.0,5.0,nan,64.0,9.0,100.0,90.0
48,橋頭,2018-03-18,106,6.0,5.0,nan,66.0,18.0,87.0,106.0
50,鳳山,2018-03-18,126,23.0,8.0,nan,68.0,32.0,nan,126.0
51,大寮,2018-03-18,140,30.0,8.0,nan,68.0,29.0,140.0,122.0
52,林園,2018-03-18,150,13.0,6.0,nan,73.0,22.0,150.0,96.0
53,楠梓,2018-03-18,132,6.0,6.0,nan,82.0,19.0,132.0,106.0
54,左營,2018-03-18,150,10.0,6.0,nan,75.0,23.0,150.0,106.0
56,前金,2018-03-18,143,11.0,7.0,nan,71.0,21.0,143.0,118.0
57,前鎮,2018-03-18,128,21.0,8.0,nan,76.0,34.0,nan,128.0
58,小港,2018-03-18,136,24.0,7.0,nan,74.0,40.0,136.0,127.0
59,屏東,2018-03-18,154,13.0,7.0,nan,65.0,23.0,154.0,137.0
60,潮州,2018-03-18,154,11.0,6.0,nan,76.0,17.0,154.0,103.0
61,恆春,2018-03-18,48,1.0,2.0,nan,29.0,2.0,48.0,41.0
62,臺東,2018-03-18,38,1.0,3.0,nan,22.0,8.0,38.0,38.0
63,花蓮,2018-03-18,44,14.0,5.0,nan,25.0,14.0,44.0,25.0
64,陽明,2018-03-18,71,6.0,3.0,nan,16.0,8.0,71.0,41.0
65,宜蘭,2018-03-18,47,3.0,3.0,nan,31.0,9.0,47.0,37.0
67,三重,2018-03-18,64,10.0,18.0,nan,64.0,51.0,nan,60.0
68,中壢,2018-03-18,72,4.0,14.0,nan,64.0,42.0,nan,72.0
69,竹山,2018-03-18,137,14.0,7.0,nan,68.0,32.0,58.0,137.0
70,永和,2018-03-18,67,9.0,16.0,nan,52.0,45.0,nan,67.0
71,復興,2018-03-18,121,23.0,10.0,nan,76.0,33.0,nan,121.0
72,埔里,2018-03-18,87,6.0,6.0,nan,49.0,16.0,87.0,87.0
75,馬祖,2018-03-18,69,6.0,5.0,nan,52.0,10.0,49.0,69.0
77,金門,2018-03-18,96,11.0,3.0,nan,60.0,23.0,49.0,96.0
78,馬公,2018-03-18,65,3.0,2.0,nan,44.0,8.0,48.0,65.0
80,關山,2018-03-18,38,6.0,nan,nan,20.0,5.0,38.0,37.0
83,麥寮,2018-03-18,101,6.0,5.0,nan,78.0,12.0,nan,101.0
84,富貴角,2018-03-18,77,3.0,2.0,nan,61.0,nan,38.0,77.0
59,屏東,2018-03-19,84,6.0,5.0,nan,57.0,19.0,40.0,84.0
37,斗六,2018-03-19,106,6.0,6.0,nan,62.0,20.0,100.0,106.0
68,中壢,2018-03-19,92,7.0,14.0,nan,63.0,38.0,nan,92.0
58,小港,2018-03-19,81,20.0,6.0,nan,54.0,31.0,33.0,81.0
36,南投,2018-03-19,100,11.0,5.0,nan,62.0,21.0,58.0,100.0
75,馬祖,2018-03-19,81,6.0,6.0,nan,52.0,26.0,33.0,81.0
67,三重,2018-03-19,75,7.0,23.0,nan,62.0,66.0,nan,75.0
57,前鎮,2018-03-19,86,21.0,9.0,nan,62.0,38.0,nan,86.0
35,二林,2018-03-19,95,10.0,7.0,nan,65.0,21.0,48.0,95.0
65,宜蘭,2018-03-19,55,4.0,5.0,nan,39.0,9.0,43.0,55.0
34,線西,2018-03-19,105,6.0,8.0,nan,62.0,30.0,nan,105.0
56,前金,2018-03-19,101,17.0,9.0,nan,66.0,35.0,41.0,101.0
49,仁武,2018-03-19,97,13.0,6.0,nan,70.0,26.0,41.0,97.0
32,西屯,2018-03-19,108,10.0,8.0,nan,58.0,37.0,108.0,98.0
72,埔里,2018-03-19,115,3.0,5.0,nan,52.0,13.0,115.0,97.0
54,左營,2018-03-19,90,21.0,10.0,nan,62.0,36.0,37.0,90.0
31,忠明,2018-03-19,104,7.0,9.0,nan,54.0,39.0,80.0,104.0
83,麥寮,2018-03-19,122,6.0,7.0,nan,76.0,20.0,nan,122.0
53,楠梓,2018-03-19,84,13.0,7.0,nan,73.0,37.0,43.0,84.0
64,陽明,2018-03-19,80,9.0,3.0,nan,22.0,11.0,80.0,61.0
52,林園,2018-03-19,67,13.0,5.0,nan,50.0,16.0,44.0,67.0
30,大里,2018-03-19,97,13.0,7.0,nan,62.0,25.0,97.0,76.0
51,大寮,2018-03-19,86,33.0,6.0,nan,49.0,28.0,39.0,86.0
29,沙鹿,2018-03-19,101,11.0,8.0,nan,60.0,41.0,67.0,101.0
50,鳳山,2018-03-19,93,16.0,9.0,nan,54.0,25.0,nan,93.0
28,豐原,2018-03-19,97,9.0,19.0,nan,53.0,20.0,97.0,88.0
71,復興,2018-03-19,91,19.0,10.0,nan,59.0,42.0,nan,91.0
27,三義,2018-03-19,118,9.0,5.0,nan,50.0,13.0,108.0,118.0
48,橋頭,2018-03-19,77,16.0,7.0,nan,52.0,23.0,39.0,77.0
26,苗栗,2018-03-19,103,7.0,6.0,nan,60.0,20.0,61.0,103.0
47,美濃,2018-03-19,60,3.0,3.0,nan,45.0,10.0,54.0,60.0
25,頭份,2018-03-19,78,11.0,6.0,nan,55.0,25.0,nan,78.0
63,花蓮,2018-03-19,36,6.0,3.0,nan,28.0,12.0,36.0,33.0
24,新竹,2018-03-19,91,6.0,8.0,nan,52.0,29.0,64.0,91.0
46,臺南,2018-03-19,81,11.0,6.0,nan,46.0,24.0,47.0,81.0
23,竹東,2018-03-19,91,6.0,6.0,nan,56.0,19.0,48.0,91.0
78,馬公,2018-03-19,76,10.0,6.0,nan,47.0,13.0,61.0,76.0
45,安南,2018-03-19,86,11.0,7.0,nan,56.0,35.0,42.0,86.0
22,湖口,2018-03-19,87,9.0,5.0,nan,53.0,26.0,58.0,87.0
84,富貴角,2018-03-19,84,4.0,3.0,nan,47.0,nan,49.0,84.0
21,龍潭,2018-03-19,97,6.0,6.0,nan,51.0,22.0,97.0,91.0
20,平鎮,2018-03-19,88,6.0,6.0,nan,60.0,33.0,74.0,88.0
44,善化,2018-03-19,83,7.0,5.0,nan,53.0,17.0,44.0,83.0
19,觀音,2018-03-19,85,7.0,5.0,nan,60.0,30.0,51.0,85.0
18,大園,2018-03-19,82,11.0,6.0,nan,57.0,34.0,64.0,82.0
62,臺東,2018-03-19,43,3.0,5.0,nan,27.0,15.0,30.0,43.0
43,新營,2018-03-19,99,9.0,6.0,nan,71.0,21.0,47.0,99.0
17,桃園,2018-03-19,94,13.0,9.0,nan,56.0,38.0,49.0,94.0
77,金門,2018-03-19,95,13.0,3.0,nan,48.0,32.0,36.0,95.0
16,大同,2018-03-19,88,7.0,20.0,nan,66.0,60.0,nan,88.0
15,松山,2018-03-19,67,13.0,9.0,nan,45.0,34.0,67.0,62.0
70,永和,2018-03-19,87,10.0,18.0,nan,52.0,49.0,nan,87.0
14,古亭,2018-03-19,74,11.0,9.0,nan,44.0,38.0,74.0,nan
42,嘉義,2018-03-19,92,6.0,7.0,nan,61.0,20.0,58.0,92.0
13,萬華,2018-03-19,78,6.0,10.0,nan,47.0,40.0,51.0,78.0
12,中山,2018-03-19,88,7.0,14.0,nan,55.0,52.0,45.0,88.0
61,恆春,2018-03-19,33,4.0,1.0,nan,27.0,3.0,33.0,32.0
11,士林,2018-03-19,86,7.0,9.0,nan,50.0,33.0,54.0,86.0
10,淡水,2018-03-19,86,16.0,10.0,nan,53.0,35.0,38.0,86.0
41,臺西,2018-03-19,123,10.0,6.0,nan,68.0,20.0,nan,123.0
9,林口,2018-03-19,89,16.0,6.0,nan,64.0,40.0,67.0,89.0
8,菜寮,2018-03-19,89,10.0,12.0,nan,55.0,34.0,41.0,89.0
7,新莊,2018-03-19,85,11.0,10.0,nan,54.0,36.0,67.0,85.0
80,關山,2018-03-19,42,4.0,nan,nan,23.0,5.0,34.0,42.0
40,朴子,2018-03-19,99,7.0,6.0,nan,74.0,17.0,67.0,99.0
6,板橋,2018-03-19,95,9.0,9.0,nan,59.0,32.0,67.0,95.0
60,潮州,2018-03-19,70,4.0,3.0,nan,50.0,13.0,44.0,70.0
39,新港,2018-03-19,117,11.0,6.0,nan,75.0,18.0,67.0,117.0
5,土城,2018-03-19,97,11.0,9.0,nan,56.0,36.0,80.0,97.0
69,竹山,2018-03-19,120,6.0,5.0,nan,58.0,15.0,112.0,120.0
4,新店,2018-03-19,79,14.0,7.0,nan,43.0,28.0,74.0,79.0
38,崙背,2018-03-19,62,7.0,6.0,nan,62.0,18.0,51.0,nan
3,萬里,2018-03-19,80,9.0,5.0,nan,54.0,17.0,80.0,69.0
2,汐止,2018-03-19,84,26.0,8.0,nan,41.0,25.0,48.0,84.0
1,基隆,2018-03-19,71,26.0,7.0,nan,31.0,25.0,71.0,66.0
33,彰化,2018-03-19,92,9.0,7.0,nan,54.0,24.0,61.0,92.0
66,冬山,2018-03-19,59,9.0,7.0,nan,43.0,23.0,37.0,59.0
50,鳳山,2018-03-20,61,7.0,6.0,nan,32.0,25.0,nan,61.0
66,冬山,2018-03-20,50,4.0,5.0,nan,43.0,11.0,31.0,50.0
33,彰化,2018-03-20,75,7.0,6.0,nan,40.0,21.0,29.0,75.0
1,基隆,2018-03-20,35,14.0,5.0,nan,16.0,26.0,35.0,26.0
2,汐止,2018-03-20,54,7.0,5.0,nan,19.0,21.0,33.0,54.0
3,萬里,2018-03-20,44,4.0,3.0,nan,36.0,8.0,44.0,33.0
4,新店,2018-03-20,53,4.0,6.0,nan,26.0,22.0,31.0,53.0
5,土城,2018-03-20,54,7.0,6.0,nan,28.0,28.0,31.0,54.0
6,板橋,2018-03-20,56,10.0,6.0,nan,31.0,24.0,32.0,56.0
7,新莊,2018-03-20,44,10.0,5.0,nan,24.0,12.0,35.0,44.0
8,菜寮,2018-03-20,49,9.0,6.0,nan,24.0,25.0,27.0,49.0
9,林口,2018-03-20,52,7.0,5.0,nan,31.0,26.0,38.0,52.0
10,淡水,2018-03-20,47,7.0,5.0,nan,23.0,19.0,31.0,47.0
11,士林,2018-03-20,38,6.0,5.0,nan,21.0,24.0,27.0,38.0
12,中山,2018-03-20,52,7.0,8.0,nan,24.0,31.0,23.0,52.0
13,萬華,2018-03-20,36,7.0,7.0,nan,24.0,31.0,24.0,36.0
14,古亭,2018-03-20,29,6.0,7.0,nan,26.0,29.0,27.0,nan
15,松山,2018-03-20,47,7.0,6.0,nan,25.0,30.0,24.0,47.0
16,大同,2018-03-20,53,10.0,17.0,nan,39.0,36.0,nan,53.0
17,桃園,2018-03-20,60,11.0,5.0,nan,20.0,28.0,31.0,60.0
18,大園,2018-03-20,42,9.0,5.0,nan,31.0,29.0,38.0,42.0
19,觀音,2018-03-20,45,13.0,5.0,nan,36.0,30.0,38.0,45.0
20,平鎮,2018-03-20,53,11.0,6.0,nan,34.0,33.0,29.0,53.0
21,龍潭,2018-03-20,55,4.0,5.0,nan,31.0,26.0,31.0,55.0
22,湖口,2018-03-20,55,6.0,5.0,nan,30.0,19.0,39.0,55.0
23,竹東,2018-03-20,66,4.0,5.0,nan,32.0,24.0,25.0,66.0
24,新竹,2018-03-20,62,4.0,5.0,nan,28.0,23.0,29.0,62.0
25,頭份,2018-03-20,52,4.0,5.0,nan,33.0,24.0,nan,52.0
26,苗栗,2018-03-20,72,4.0,5.0,nan,35.0,23.0,27.0,72.0
27,三義,2018-03-20,80,6.0,5.0,nan,29.0,20.0,32.0,80.0
28,豐原,2018-03-20,52,7.0,5.0,nan,26.0,20.0,30.0,52.0
29,沙鹿,2018-03-20,66,4.0,5.0,nan,41.0,24.0,34.0,66.0
30,大里,2018-03-20,45,4.0,7.0,nan,32.0,24.0,31.0,45.0
31,忠明,2018-03-20,70,6.0,6.0,nan,31.0,25.0,31.0,70.0
32,西屯,2018-03-20,66,6.0,5.0,nan,38.0,32.0,39.0,66.0
49,仁武,2018-03-20,62,7.0,5.0,nan,49.0,25.0,42.0,62.0
34,線西,2018-03-20,70,7.0,3.0,nan,40.0,18.0,nan,70.0
35,二林,2018-03-20,76,7.0,5.0,nan,48.0,21.0,33.0,76.0
36,南投,2018-03-20,70,4.0,7.0,nan,41.0,25.0,25.0,70.0
37,斗六,2018-03-20,61,4.0,5.0,nan,36.0,21.0,38.0,61.0
38,崙背,2018-03-20,67,7.0,5.0,nan,41.0,25.0,37.0,67.0
39,新港,2018-03-20,72,7.0,5.0,nan,40.0,18.0,36.0,72.0
40,朴子,2018-03-20,67,7.0,5.0,nan,47.0,16.0,38.0,67.0
41,臺西,2018-03-20,79,4.0,2.0,nan,41.0,11.0,nan,79.0
42,嘉義,2018-03-20,64,7.0,7.0,nan,32.0,27.0,32.0,64.0
43,新營,2018-03-20,56,6.0,5.0,nan,38.0,23.0,31.0,56.0
44,善化,2018-03-20,62,7.0,5.0,nan,33.0,17.0,30.0,62.0
45,安南,2018-03-20,55,4.0,5.0,nan,39.0,21.0,38.0,55.0
46,臺南,2018-03-20,50,7.0,5.0,nan,30.0,22.0,41.0,50.0
47,美濃,2018-03-20,48,4.0,5.0,nan,34.0,12.0,43.0,48.0
48,橋頭,2018-03-20,51,9.0,6.0,nan,35.0,24.0,34.0,51.0
84,富貴角,2018-03-20,44,1.0,3.0,nan,35.0,nan,32.0,44.0
51,大寮,2018-03-20,63,6.0,5.0,nan,35.0,25.0,39.0,63.0
52,林園,2018-03-20,50,21.0,8.0,nan,36.0,33.0,44.0,50.0
53,楠梓,2018-03-20,57,7.0,6.0,nan,50.0,22.0,43.0,57.0
54,左營,2018-03-20,53,7.0,6.0,nan,37.0,21.0,47.0,53.0
56,前金,2018-03-20,57,7.0,5.0,nan,36.0,21.0,45.0,57.0
57,前鎮,2018-03-20,58,16.0,7.0,nan,40.0,25.0,nan,58.0
58,小港,2018-03-20,61,14.0,6.0,nan,43.0,28.0,40.0,61.0
59,屏東,2018-03-20,59,6.0,5.0,nan,39.0,19.0,45.0,59.0
60,潮州,2018-03-20,59,6.0,3.0,nan,43.0,15.0,47.0,59.0
61,恆春,2018-03-20,49,7.0,2.0,nan,37.0,10.0,44.0,49.0
62,臺東,2018-03-20,37,3.0,5.0,nan,31.0,10.0,35.0,37.0
63,花蓮,2018-03-20,43,7.0,3.0,nan,nan,13.0,43.0,39.0
64,陽明,2018-03-20,40,3.0,3.0,nan,7.0,5.0,40.0,16.0
65,宜蘭,2018-03-20,54,4.0,5.0,nan,35.0,10.0,42.0,54.0
67,三重,2018-03-20,40,13.0,15.0,nan,37.0,40.0,nan,31.0
68,中壢,2018-03-20,53,16.0,15.0,nan,44.0,34.0,nan,53.0
69,竹山,2018-03-20,82,4.0,5.0,nan,35.0,20.0,35.0,82.0
70,永和,2018-03-20,49,4.0,10.0,nan,26.0,38.0,nan,49.0
71,復興,2018-03-20,64,17.0,7.0,nan,41.0,26.0,nan,64.0
72,埔里,2018-03-20,80,6.0,5.0,nan,34.0,19.0,44.0,80.0
75,馬祖,2018-03-20,43,4.0,3.0,nan,22.0,8.0,31.0,43.0
77,金門,2018-03-20,61,10.0,6.0,nan,31.0,19.0,44.0,61.0
78,馬公,2018-03-20,44,3.0,3.0,nan,26.0,11.0,43.0,44.0
80,關山,2018-03-20,42,6.0,nan,nan,25.0,6.0,33.0,42.0
83,麥寮,2018-03-20,84,10.0,5.0,nan,51.0,16.0,nan,84.0
18,大園,2018-03-21,45,6.0,5.0,nan,24.0,32.0,45.0,35.0
84,富貴角,2018-03-21,48,1.0,3.0,nan,46.0,nan,35.0,48.0
66,冬山,2018-03-21,42,3.0,5.0,nan,24.0,12.0,42.0,25.0
33,彰化,2018-03-21,44,4.0,6.0,nan,19.0,16.0,44.0,38.0
1,基隆,2018-03-21,47,13.0,5.0,nan,17.0,19.0,47.0,25.0
2,汐止,2018-03-21,46,4.0,6.0,nan,17.0,24.0,46.0,45.0
3,萬里,2018-03-21,67,3.0,5.0,nan,34.0,7.0,67.0,33.0
4,新店,2018-03-21,45,4.0,6.0,nan,23.0,23.0,44.0,45.0
5,土城,2018-03-21,43,4.0,7.0,nan,28.0,37.0,43.0,34.0
6,板橋,2018-03-21,45,4.0,7.0,nan,24.0,29.0,45.0,40.0
7,新莊,2018-03-21,46,6.0,7.0,nan,23.0,36.0,46.0,28.0
8,菜寮,2018-03-21,41,3.0,6.0,nan,20.0,26.0,41.0,34.0
9,林口,2018-03-21,46,3.0,5.0,nan,24.0,14.0,46.0,29.0
10,淡水,2018-03-21,42,3.0,6.0,nan,24.0,21.0,41.0,42.0
11,士林,2018-03-21,46,3.0,5.0,nan,17.0,19.0,46.0,14.0
12,中山,2018-03-21,34,3.0,9.0,nan,17.0,31.0,34.0,31.0
13,萬華,2018-03-21,37,3.0,7.0,nan,20.0,32.0,37.0,24.0
14,古亭,2018-03-21,42,3.0,6.0,nan,19.0,34.0,42.0,nan
15,松山,2018-03-21,44,3.0,6.0,nan,20.0,23.0,44.0,nan
16,大同,2018-03-21,42,4.0,12.0,nan,37.0,42.0,nan,30.0
17,桃園,2018-03-21,41,7.0,7.0,nan,19.0,35.0,41.0,29.0
19,觀音,2018-03-21,48,9.0,5.0,nan,28.0,13.0,48.0,40.0
20,平鎮,2018-03-21,42,6.0,7.0,nan,27.0,26.0,42.0,30.0
21,龍潭,2018-03-21,44,4.0,6.0,nan,26.0,24.0,44.0,35.0
22,湖口,2018-03-21,54,6.0,5.0,nan,27.0,14.0,54.0,48.0
23,竹東,2018-03-21,42,3.0,6.0,nan,28.0,12.0,40.0,42.0
24,新竹,2018-03-21,47,3.0,6.0,nan,24.0,18.0,44.0,47.0
25,頭份,2018-03-21,36,4.0,6.0,nan,28.0,22.0,nan,36.0
26,苗栗,2018-03-21,55,4.0,6.0,nan,29.0,13.0,44.0,55.0
27,三義,2018-03-21,49,4.0,5.0,nan,20.0,8.0,49.0,38.0
28,豐原,2018-03-21,44,4.0,6.0,nan,20.0,13.0,44.0,25.0
29,沙鹿,2018-03-21,51,3.0,6.0,nan,20.0,13.0,51.0,26.0
30,大里,2018-03-21,43,4.0,6.0,nan,22.0,21.0,43.0,14.0
31,忠明,2018-03-21,45,4.0,6.0,nan,12.0,19.0,45.0,32.0
32,西屯,2018-03-21,61,3.0,5.0,nan,20.0,13.0,61.0,32.0
34,線西,2018-03-21,45,9.0,6.0,nan,24.0,12.0,nan,45.0
35,二林,2018-03-21,50,13.0,6.0,nan,31.0,10.0,48.0,50.0
36,南投,2018-03-21,46,4.0,7.0,nan,32.0,25.0,35.0,46.0
37,斗六,2018-03-21,49,6.0,5.0,nan,29.0,31.0,49.0,45.0
38,崙背,2018-03-21,55,6.0,6.0,nan,25.0,17.0,51.0,55.0
39,新港,2018-03-21,58,6.0,6.0,nan,35.0,10.0,58.0,53.0
40,朴子,2018-03-21,54,10.0,6.0,nan,41.0,16.0,54.0,42.0
41,臺西,2018-03-21,44,9.0,6.0,nan,44.0,13.0,nan,44.0
42,嘉義,2018-03-21,47,6.0,6.0,nan,33.0,19.0,47.0,38.0
43,新營,2018-03-21,50,4.0,6.0,nan,37.0,13.0,48.0,50.0
44,善化,2018-03-21,53,4.0,6.0,nan,38.0,13.0,45.0,53.0
45,安南,2018-03-21,54,4.0,6.0,nan,36.0,17.0,54.0,43.0
46,臺南,2018-03-21,61,6.0,6.0,nan,28.0,18.0,61.0,54.0
47,美濃,2018-03-21,67,1.0,5.0,nan,nan,10.0,67.0,52.0
48,橋頭,2018-03-21,69,4.0,7.0,nan,40.0,19.0,51.0,69.0
49,仁武,2018-03-21,71,4.0,6.0,nan,nan,20.0,71.0,62.0
50,鳳山,2018-03-21,65,6.0,7.0,nan,38.0,26.0,nan,65.0
51,大寮,2018-03-21,74,6.0,6.0,nan,39.0,25.0,74.0,73.0
52,林園,2018-03-21,80,13.0,7.0,nan,41.0,30.0,80.0,61.0
53,楠梓,2018-03-21,77,4.0,6.0,nan,47.0,18.0,77.0,63.0
54,左營,2018-03-21,80,4.0,7.0,nan,44.0,21.0,80.0,56.0
56,前金,2018-03-21,77,3.0,7.0,nan,43.0,19.0,77.0,63.0
57,前鎮,2018-03-21,75,4.0,7.0,nan,45.0,24.0,nan,75.0
58,小港,2018-03-21,67,6.0,7.0,nan,35.0,27.0,64.0,67.0
59,屏東,2018-03-21,90,3.0,6.0,nan,33.0,14.0,90.0,59.0
60,潮州,2018-03-21,97,4.0,6.0,nan,45.0,17.0,97.0,64.0
61,恆春,2018-03-21,50,4.0,3.0,nan,36.0,6.0,50.0,42.0
62,臺東,2018-03-21,41,3.0,6.0,nan,21.0,10.0,41.0,28.0
63,花蓮,2018-03-21,42,3.0,6.0,nan,26.0,14.0,42.0,25.0
64,陽明,2018-03-21,50,3.0,5.0,nan,7.0,4.0,50.0,14.0
65,宜蘭,2018-03-21,49,3.0,5.0,nan,21.0,7.0,49.0,30.0
67,三重,2018-03-21,50,7.0,14.0,nan,31.0,50.0,nan,25.0
68,中壢,2018-03-21,44,6.0,12.0,nan,31.0,44.0,nan,20.0
69,竹山,2018-03-21,64,3.0,6.0,nan,31.0,24.0,45.0,64.0
70,永和,2018-03-21,39,4.0,15.0,nan,24.0,37.0,nan,39.0
71,復興,2018-03-21,71,4.0,9.0,nan,47.0,26.0,nan,71.0
72,埔里,2018-03-21,50,3.0,5.0,nan,20.0,13.0,31.0,50.0
75,馬祖,2018-03-21,61,4.0,5.0,nan,20.0,12.0,61.0,45.0
77,金門,2018-03-21,80,6.0,6.0,nan,28.0,12.0,80.0,48.0
78,馬公,2018-03-21,51,1.0,5.0,nan,12.0,5.0,51.0,24.0
80,關山,2018-03-21,34,4.0,nan,nan,10.0,9.0,34.0,22.0
83,麥寮,2018-03-21,51,9.0,6.0,nan,43.0,16.0,nan,51.0
49,仁武,2018-03-22,87,17.0,6.0,nan,50.0,48.0,87.0,70.0
46,臺南,2018-03-22,90,7.0,6.0,nan,41.0,27.0,90.0,58.0
45,安南,2018-03-22,90,7.0,5.0,nan,46.0,25.0,90.0,64.0
44,善化,2018-03-22,70,7.0,5.0,nan,44.0,20.0,67.0,70.0
43,新營,2018-03-22,74,9.0,5.0,nan,54.0,29.0,74.0,66.0
42,嘉義,2018-03-22,75,10.0,7.0,nan,51.0,29.0,61.0,75.0
41,臺西,2018-03-22,62,17.0,5.0,nan,62.0,23.0,nan,59.0
40,朴子,2018-03-22,97,9.0,3.0,nan,53.0,14.0,97.0,52.0
39,新港,2018-03-22,90,9.0,5.0,nan,47.0,23.0,90.0,68.0
38,崙背,2018-03-22,80,7.0,5.0,nan,40.0,25.0,80.0,69.0
37,斗六,2018-03-22,93,7.0,5.0,nan,47.0,40.0,93.0,74.0
36,南投,2018-03-22,64,7.0,6.0,nan,47.0,36.0,47.0,64.0
35,二林,2018-03-22,55,11.0,5.0,nan,44.0,22.0,54.0,55.0
34,線西,2018-03-22,55,16.0,6.0,nan,37.0,31.0,nan,55.0
32,西屯,2018-03-22,77,6.0,6.0,nan,33.0,50.0,77.0,50.0
31,忠明,2018-03-22,51,6.0,7.0,nan,28.0,49.0,50.0,51.0
30,大里,2018-03-22,61,4.0,8.0,nan,32.0,38.0,61.0,37.0
29,沙鹿,2018-03-22,74,6.0,5.0,nan,29.0,27.0,74.0,39.0
28,豐原,2018-03-22,58,6.0,3.0,nan,31.0,13.0,58.0,35.0
47,美濃,2018-03-22,101,4.0,6.0,nan,nan,10.0,101.0,60.0
27,三義,2018-03-22,64,6.0,3.0,nan,23.0,20.0,64.0,55.0
26,苗栗,2018-03-22,60,6.0,6.0,nan,33.0,31.0,46.0,60.0
25,頭份,2018-03-22,43,6.0,5.0,nan,33.0,28.0,nan,43.0
24,新竹,2018-03-22,57,6.0,6.0,nan,29.0,27.0,45.0,57.0
23,竹東,2018-03-22,45,6.0,5.0,nan,30.0,16.0,45.0,44.0
22,湖口,2018-03-22,57,7.0,5.0,nan,37.0,25.0,51.0,57.0
21,龍潭,2018-03-22,60,7.0,5.0,nan,34.0,25.0,46.0,60.0
20,平鎮,2018-03-22,48,6.0,6.0,nan,41.0,28.0,45.0,48.0
19,觀音,2018-03-22,59,11.0,5.0,nan,40.0,21.0,48.0,59.0
18,大園,2018-03-22,54,6.0,5.0,nan,39.0,35.0,42.0,54.0
17,桃園,2018-03-22,59,9.0,6.0,nan,27.0,31.0,41.0,59.0
16,大同,2018-03-22,53,6.0,15.0,nan,48.0,52.0,nan,53.0
15,松山,2018-03-22,44,7.0,6.0,nan,30.0,39.0,44.0,39.0
14,古亭,2018-03-22,43,7.0,6.0,nan,22.0,30.0,43.0,nan
13,萬華,2018-03-22,40,3.0,6.0,nan,29.0,37.0,40.0,34.0
12,中山,2018-03-22,43,4.0,8.0,nan,27.0,43.0,37.0,40.0
11,士林,2018-03-22,47,6.0,6.0,nan,27.0,28.0,47.0,42.0
10,淡水,2018-03-22,48,6.0,5.0,nan,28.0,22.0,40.0,48.0
9,林口,2018-03-22,44,3.0,5.0,nan,33.0,26.0,44.0,44.0
8,菜寮,2018-03-22,42,3.0,6.0,nan,27.0,37.0,40.0,42.0
7,新莊,2018-03-22,45,6.0,7.0,nan,29.0,33.0,45.0,44.0
6,板橋,2018-03-22,52,9.0,6.0,nan,31.0,34.0,43.0,52.0
5,土城,2018-03-22,44,7.0,6.0,nan,29.0,26.0,44.0,40.0
4,新店,2018-03-22,51,7.0,5.0,nan,25.0,25.0,46.0,51.0
3,萬里,2018-03-22,61,4.0,3.0,nan,52.0,8.0,61.0,49.0
2,汐止,2018-03-22,49,10.0,5.0,nan,25.0,33.0,45.0,49.0
1,基隆,2018-03-22,50,3.0,5.0,nan,21.0,27.0,50.0,43.0
33,彰化,2018-03-22,59,4.0,7.0,nan,34.0,42.0,50.0,59.0
48,橋頭,2018-03-22,74,6.0,5.0,nan,44.0,24.0,74.0,70.0
84,富貴角,2018-03-22,59,9.0,2.0,nan,52.0,nan,46.0,59.0
83,麥寮,2018-03-22,61,13.0,6.0,nan,54.0,24.0,nan,61.0
80,關山,2018-03-22,44,3.0,nan,nan,29.0,9.0,35.0,44.0
78,馬公,2018-03-22,61,3.0,2.0,nan,19.0,4.0,61.0,30.0
77,金門,2018-03-22,90,7.0,3.0,nan,38.0,12.0,90.0,64.0
75,馬祖,2018-03-22,77,6.0,3.0,nan,30.0,5.0,77.0,54.0
72,埔里,2018-03-22,101,6.0,6.0,nan,41.0,24.0,101.0,66.0
71,復興,2018-03-22,67,7.0,8.0,nan,47.0,35.0,nan,67.0
70,永和,2018-03-22,41,7.0,6.0,nan,24.0,27.0,nan,41.0
69,竹山,2018-03-22,100,4.0,6.0,nan,48.0,22.0,100.0,93.0
68,中壢,2018-03-22,46,9.0,16.0,nan,44.0,46.0,nan,46.0
67,三重,2018-03-22,48,6.0,16.0,nan,38.0,48.0,nan,31.0
65,宜蘭,2018-03-22,51,3.0,3.0,nan,32.0,8.0,51.0,47.0
64,陽明,2018-03-22,48,3.0,2.0,nan,15.0,2.0,48.0,31.0
63,花蓮,2018-03-22,44,3.0,5.0,nan,35.0,15.0,44.0,41.0
62,臺東,2018-03-22,38,3.0,5.0,nan,25.0,10.0,38.0,36.0
61,恆春,2018-03-22,48,3.0,2.0,nan,33.0,3.0,48.0,35.0
60,潮州,2018-03-22,112,9.0,6.0,nan,58.0,16.0,112.0,77.0
59,屏東,2018-03-22,100,20.0,8.0,nan,45.0,34.0,100.0,75.0
66,冬山,2018-03-22,47,3.0,3.0,nan,31.0,13.0,47.0,33.0
58,小港,2018-03-22,74,21.0,7.0,nan,41.0,54.0,74.0,64.0
57,前鎮,2018-03-22,66,9.0,7.0,nan,48.0,36.0,nan,66.0
56,前金,2018-03-22,97,4.0,6.0,nan,42.0,27.0,97.0,54.0
54,左營,2018-03-22,100,7.0,6.0,nan,49.0,25.0,100.0,56.0
53,楠梓,2018-03-22,87,6.0,5.0,nan,57.0,22.0,87.0,64.0
52,林園,2018-03-22,108,24.0,7.0,nan,44.0,32.0,108.0,60.0
51,大寮,2018-03-22,79,23.0,8.0,nan,49.0,30.0,51.0,79.0
50,鳳山,2018-03-22,55,11.0,7.0,nan,44.0,32.0,nan,55.0
8,菜寮,2018-03-23,52,3.0,7.0,nan,37.0,35.0,44.0,52.0
47,美濃,2018-03-23,132,7.0,5.0,nan,62.0,15.0,132.0,67.0
46,臺南,2018-03-23,136,9.0,7.0,nan,65.0,35.0,136.0,96.0
45,安南,2018-03-23,129,9.0,7.0,nan,79.0,34.0,129.0,113.0
44,善化,2018-03-23,93,20.0,6.0,nan,69.0,25.0,93.0,86.0
43,新營,2018-03-23,104,13.0,6.0,nan,79.0,33.0,97.0,104.0
42,嘉義,2018-03-23,90,13.0,7.0,nan,68.0,32.0,84.0,90.0
41,臺西,2018-03-23,93,9.0,7.0,nan,70.0,25.0,nan,93.0
40,朴子,2018-03-23,118,6.0,6.0,nan,78.0,23.0,118.0,96.0
39,新港,2018-03-23,104,9.0,6.0,nan,72.0,28.0,104.0,97.0
38,崙背,2018-03-23,107,9.0,6.0,nan,68.0,38.0,100.0,107.0
37,斗六,2018-03-23,101,11.0,5.0,nan,57.0,29.0,101.0,87.0
36,南投,2018-03-23,74,4.0,6.0,nan,59.0,38.0,61.0,74.0
35,二林,2018-03-23,85,14.0,6.0,nan,73.0,25.0,67.0,85.0
34,線西,2018-03-23,88,11.0,7.0,nan,67.0,36.0,nan,88.0
32,西屯,2018-03-23,101,6.0,7.0,nan,59.0,48.0,101.0,82.0
31,忠明,2018-03-23,81,4.0,9.0,nan,54.0,53.0,77.0,81.0
30,大里,2018-03-23,77,9.0,8.0,nan,62.0,28.0,77.0,59.0
29,沙鹿,2018-03-23,90,6.0,5.0,nan,56.0,26.0,90.0,68.0
28,豐原,2018-03-23,80,4.0,5.0,nan,54.0,20.0,80.0,62.0
27,三義,2018-03-23,93,3.0,3.0,nan,51.0,15.0,93.0,70.0
26,苗栗,2018-03-23,74,7.0,7.0,nan,59.0,41.0,61.0,74.0
25,頭份,2018-03-23,61,7.0,6.0,nan,54.0,30.0,nan,61.0
24,新竹,2018-03-23,69,6.0,6.0,nan,52.0,29.0,58.0,69.0
23,竹東,2018-03-23,67,6.0,5.0,nan,58.0,25.0,67.0,66.0
22,湖口,2018-03-23,77,6.0,5.0,nan,57.0,39.0,77.0,67.0
21,龍潭,2018-03-23,74,7.0,6.0,nan,44.0,26.0,61.0,74.0
20,平鎮,2018-03-23,58,4.0,7.0,nan,58.0,29.0,47.0,55.0
19,觀音,2018-03-23,75,13.0,5.0,nan,58.0,40.0,61.0,75.0
18,大園,2018-03-23,66,6.0,5.0,nan,55.0,37.0,28.0,66.0
17,桃園,2018-03-23,59,6.0,7.0,nan,52.0,27.0,48.0,59.0
16,大同,2018-03-23,64,10.0,26.0,nan,57.0,58.0,nan,64.0
15,松山,2018-03-23,50,10.0,7.0,nan,41.0,44.0,49.0,50.0
14,古亭,2018-03-23,48,10.0,7.0,nan,36.0,33.0,48.0,nan
13,萬華,2018-03-23,52,4.0,6.0,nan,42.0,39.0,44.0,52.0
12,中山,2018-03-23,56,7.0,8.0,nan,40.0,42.0,43.0,56.0
11,士林,2018-03-23,62,6.0,7.0,nan,39.0,42.0,61.0,62.0
10,淡水,2018-03-23,62,6.0,6.0,nan,44.0,37.0,41.0,62.0
9,林口,2018-03-23,55,7.0,5.0,nan,50.0,25.0,54.0,55.0
48,橋頭,2018-03-23,108,11.0,7.0,nan,66.0,33.0,108.0,88.0
7,新莊,2018-03-23,54,4.0,7.0,nan,44.0,31.0,54.0,52.0
6,板橋,2018-03-23,58,6.0,7.0,nan,45.0,28.0,51.0,58.0
5,土城,2018-03-23,54,7.0,7.0,nan,45.0,33.0,54.0,49.0
4,新店,2018-03-23,61,9.0,5.0,nan,37.0,25.0,61.0,57.0
3,萬里,2018-03-23,87,7.0,3.0,nan,33.0,12.0,87.0,49.0
2,汐止,2018-03-23,63,14.0,7.0,nan,40.0,39.0,50.0,63.0
1,基隆,2018-03-23,67,3.0,6.0,nan,31.0,30.0,67.0,56.0
33,彰化,2018-03-23,86,4.0,7.0,nan,59.0,34.0,61.0,86.0
66,冬山,2018-03-23,58,7.0,5.0,nan,40.0,19.0,58.0,48.0
84,富貴角,2018-03-23,62,14.0,2.0,nan,54.0,nan,44.0,62.0
83,麥寮,2018-03-23,96,7.0,6.0,nan,85.0,27.0,nan,96.0
80,關山,2018-03-23,51,11.0,nan,nan,31.0,6.0,42.0,51.0
78,馬公,2018-03-23,80,3.0,3.0,nan,47.0,8.0,80.0,56.0
77,金門,2018-03-23,93,16.0,5.0,nan,62.0,21.0,93.0,90.0
75,馬祖,2018-03-23,87,13.0,9.0,nan,44.0,15.0,87.0,78.0
72,埔里,2018-03-23,108,6.0,5.0,nan,51.0,27.0,108.0,74.0
71,復興,2018-03-23,90,7.0,9.0,nan,70.0,38.0,nan,90.0
70,永和,2018-03-23,54,10.0,11.0,nan,36.0,42.0,nan,54.0
69,竹山,2018-03-23,118,4.0,5.0,nan,59.0,27.0,118.0,98.0
68,中壢,2018-03-23,67,9.0,17.0,nan,57.0,47.0,nan,67.0
67,三重,2018-03-23,61,7.0,19.0,nan,51.0,61.0,nan,48.0
65,宜蘭,2018-03-23,80,4.0,5.0,nan,41.0,12.0,80.0,55.0
64,陽明,2018-03-23,74,9.0,2.0,nan,33.0,5.0,74.0,68.0
63,花蓮,2018-03-23,51,4.0,5.0,nan,33.0,14.0,51.0,39.0
62,臺東,2018-03-23,47,3.0,5.0,nan,31.0,13.0,42.0,47.0
61,恆春,2018-03-23,71,7.0,2.0,nan,41.0,2.0,71.0,46.0
60,潮州,2018-03-23,156,9.0,5.0,nan,59.0,15.0,156.0,75.0
59,屏東,2018-03-23,166,9.0,7.0,nan,63.0,32.0,166.0,87.0
58,小港,2018-03-23,150,20.0,6.0,nan,64.0,40.0,150.0,83.0
57,前鎮,2018-03-23,88,7.0,8.0,nan,68.0,34.0,nan,88.0
56,前金,2018-03-23,159,7.0,7.0,nan,69.0,30.0,159.0,86.0
54,左營,2018-03-23,159,13.0,6.0,nan,71.0,46.0,159.0,84.0
53,楠梓,2018-03-23,143,10.0,7.0,nan,87.0,37.0,143.0,102.0
52,林園,2018-03-23,172,9.0,5.0,nan,60.0,20.0,172.0,84.0
51,大寮,2018-03-23,151,23.0,5.0,nan,64.0,28.0,151.0,93.0
50,鳳山,2018-03-23,66,10.0,8.0,nan,60.0,33.0,nan,66.0
49,仁武,2018-03-23,151,10.0,6.0,nan,66.0,40.0,151.0,84.0
66,冬山,2018-03-24,80,4.0,5.0,nan,55.0,20.0,80.0,60.0
33,彰化,2018-03-24,89,29.0,8.0,nan,62.0,36.0,84.0,89.0
48,橋頭,2018-03-24,129,13.0,7.0,nan,71.0,41.0,129.0,107.0
47,美濃,2018-03-24,161,4.0,5.0,nan,65.0,13.0,161.0,81.0
46,臺南,2018-03-24,164,6.0,7.0,nan,63.0,42.0,164.0,95.0
45,安南,2018-03-24,154,9.0,7.0,nan,nan,39.0,154.0,95.0
44,善化,2018-03-24,122,11.0,5.0,nan,62.0,20.0,122.0,84.0
43,新營,2018-03-24,129,9.0,6.0,nan,79.0,27.0,129.0,96.0
42,嘉義,2018-03-24,146,6.0,6.0,nan,65.0,26.0,146.0,73.0
41,臺西,2018-03-24,116,20.0,6.0,nan,74.0,30.0,nan,116.0
40,朴子,2018-03-24,159,7.0,5.0,nan,78.0,22.0,159.0,102.0
39,新港,2018-03-24,151,9.0,6.0,nan,69.0,29.0,151.0,88.0
38,崙背,2018-03-24,156,7.0,5.0,nan,65.0,42.0,156.0,102.0
37,斗六,2018-03-24,156,7.0,6.0,nan,60.0,25.0,156.0,94.0
36,南投,2018-03-24,101,6.0,6.0,nan,62.0,25.0,101.0,84.0
35,二林,2018-03-24,122,9.0,6.0,nan,69.0,28.0,122.0,103.0
34,線西,2018-03-24,83,9.0,6.0,nan,60.0,33.0,nan,83.0
32,西屯,2018-03-24,156,6.0,8.0,nan,64.0,43.0,156.0,101.0
31,忠明,2018-03-24,129,4.0,9.0,nan,63.0,49.0,129.0,99.0
30,大里,2018-03-24,143,6.0,6.0,nan,62.0,25.0,143.0,59.0
29,沙鹿,2018-03-24,132,6.0,7.0,nan,62.0,44.0,132.0,83.0
28,豐原,2018-03-24,115,6.0,5.0,nan,51.0,22.0,115.0,67.0
27,三義,2018-03-24,118,4.0,3.0,nan,43.0,10.0,118.0,71.0
26,苗栗,2018-03-24,100,4.0,6.0,nan,52.0,26.0,100.0,80.0
25,頭份,2018-03-24,57,9.0,5.0,nan,44.0,25.0,nan,57.0
24,新竹,2018-03-24,90,4.0,6.0,nan,40.0,31.0,90.0,67.0
23,竹東,2018-03-24,74,4.0,5.0,nan,45.0,21.0,74.0,58.0
22,湖口,2018-03-24,136,9.0,5.0,nan,54.0,44.0,136.0,69.0
21,龍潭,2018-03-24,122,6.0,6.0,nan,39.0,31.0,122.0,66.0
20,平鎮,2018-03-24,112,7.0,6.0,nan,53.0,24.0,112.0,57.0
19,觀音,2018-03-24,90,13.0,5.0,nan,64.0,42.0,90.0,88.0
18,大園,2018-03-24,80,4.0,6.0,nan,59.0,31.0,39.0,80.0
17,桃園,2018-03-24,71,13.0,7.0,nan,55.0,37.0,71.0,71.0
16,大同,2018-03-24,78,3.0,11.0,nan,63.0,43.0,nan,78.0
15,松山,2018-03-24,80,4.0,6.0,nan,55.0,38.0,80.0,66.0
14,古亭,2018-03-24,84,3.0,6.0,nan,51.0,25.0,84.0,nan
13,萬華,2018-03-24,74,3.0,6.0,nan,51.0,27.0,71.0,74.0
12,中山,2018-03-24,71,3.0,7.0,nan,52.0,26.0,71.0,68.0
11,士林,2018-03-24,84,3.0,3.0,nan,52.0,9.0,84.0,84.0
10,淡水,2018-03-24,70,3.0,3.0,nan,51.0,5.0,47.0,70.0
9,林口,2018-03-24,93,1.0,5.0,nan,56.0,18.0,93.0,70.0
8,菜寮,2018-03-24,68,3.0,6.0,nan,49.0,24.0,46.0,68.0
7,新莊,2018-03-24,90,4.0,7.0,nan,54.0,43.0,90.0,71.0
6,板橋,2018-03-24,74,4.0,6.0,nan,52.0,25.0,67.0,74.0
5,土城,2018-03-24,77,13.0,7.0,nan,53.0,34.0,77.0,72.0
4,新店,2018-03-24,97,3.0,5.0,nan,48.0,32.0,97.0,80.0
3,萬里,2018-03-24,108,13.0,3.0,nan,47.0,15.0,108.0,72.0
2,汐止,2018-03-24,93,4.0,7.0,nan,47.0,42.0,93.0,81.0
1,基隆,2018-03-24,90,3.0,6.0,nan,45.0,24.0,90.0,75.0
84,富貴角,2018-03-24,87,4.0,3.0,nan,51.0,nan,42.0,87.0
83,麥寮,2018-03-24,102,7.0,5.0,nan,81.0,25.0,nan,102.0
80,關山,2018-03-24,60,4.0,nan,nan,38.0,7.0,47.0,60.0
78,馬公,2018-03-24,101,3.0,3.0,nan,44.0,10.0,101.0,64.0
77,金門,2018-03-24,121,20.0,5.0,nan,85.0,38.0,101.0,121.0
75,馬祖,2018-03-24,129,7.0,11.0,nan,62.0,15.0,129.0,102.0
72,埔里,2018-03-24,150,4.0,5.0,nan,49.0,22.0,150.0,72.0
71,復興,2018-03-24,92,10.0,9.0,nan,70.0,42.0,nan,92.0
70,永和,2018-03-24,69,3.0,7.0,nan,48.0,36.0,nan,69.0
69,竹山,2018-03-24,154,9.0,6.0,nan,60.0,25.0,154.0,107.0
68,中壢,2018-03-24,65,9.0,15.0,nan,58.0,44.0,nan,65.0
67,三重,2018-03-24,68,7.0,16.0,nan,64.0,52.0,nan,68.0
65,宜蘭,2018-03-24,101,3.0,5.0,nan,55.0,12.0,101.0,67.0
64,陽明,2018-03-24,90,4.0,3.0,nan,33.0,3.0,90.0,74.0
63,花蓮,2018-03-24,74,9.0,7.0,nan,52.0,26.0,74.0,64.0
62,臺東,2018-03-24,58,1.0,5.0,nan,43.0,13.0,51.0,58.0
61,恆春,2018-03-24,93,4.0,2.0,nan,52.0,2.0,93.0,56.0
60,潮州,2018-03-24,156,9.0,5.0,nan,64.0,17.0,156.0,86.0
59,屏東,2018-03-24,151,7.0,6.0,nan,64.0,25.0,151.0,89.0
58,小港,2018-03-24,118,13.0,8.0,nan,65.0,48.0,118.0,84.0
57,前鎮,2018-03-24,96,9.0,9.0,nan,70.0,42.0,nan,96.0
56,前金,2018-03-24,140,7.0,8.0,nan,67.0,41.0,140.0,79.0
54,左營,2018-03-24,164,10.0,8.0,nan,76.0,39.0,164.0,83.0
53,楠梓,2018-03-24,151,9.0,7.0,nan,78.0,40.0,151.0,109.0
52,林園,2018-03-24,159,21.0,6.0,nan,64.0,20.0,159.0,88.0
51,大寮,2018-03-24,129,31.0,6.0,nan,66.0,36.0,129.0,93.0
50,鳳山,2018-03-24,81,10.0,7.0,nan,62.0,36.0,nan,81.0
49,仁武,2018-03-24,150,10.0,6.0,nan,68.0,42.0,150.0,87.0
18,大園,2018-03-25,72,4.0,5.0,nan,58.0,25.0,35.0,72.0
66,冬山,2018-03-25,54,4.0,3.0,nan,50.0,16.0,48.0,54.0
33,彰化,2018-03-25,116,7.0,6.0,nan,62.0,21.0,115.0,116.0
1,基隆,2018-03-25,74,3.0,2.0,nan,35.0,8.0,74.0,47.0
2,汐止,2018-03-25,64,3.0,3.0,nan,40.0,16.0,64.0,60.0
3,萬里,2018-03-25,51,11.0,3.0,nan,38.0,13.0,51.0,51.0
4,新店,2018-03-25,90,3.0,3.0,nan,41.0,8.0,90.0,59.0
5,土城,2018-03-25,59,6.0,5.0,nan,46.0,28.0,54.0,59.0
6,板橋,2018-03-25,62,1.0,5.0,nan,47.0,23.0,61.0,62.0
7,新莊,2018-03-25,64,3.0,5.0,nan,45.0,12.0,64.0,49.0
8,菜寮,2018-03-25,51,3.0,5.0,nan,43.0,17.0,43.0,51.0
9,林口,2018-03-25,84,3.0,3.0,nan,50.0,12.0,84.0,60.0
10,淡水,2018-03-25,59,3.0,2.0,nan,45.0,5.0,46.0,59.0
11,士林,2018-03-25,74,3.0,2.0,nan,49.0,10.0,74.0,55.0
12,中山,2018-03-25,56,3.0,5.0,nan,52.0,23.0,50.0,56.0
13,萬華,2018-03-25,61,3.0,3.0,nan,49.0,21.0,61.0,58.0
14,古亭,2018-03-25,77,1.0,3.0,nan,46.0,12.0,77.0,nan
15,松山,2018-03-25,61,3.0,3.0,nan,45.0,15.0,61.0,58.0
16,大同,2018-03-25,61,4.0,10.0,nan,59.0,42.0,nan,61.0
17,桃園,2018-03-25,67,13.0,6.0,nan,47.0,25.0,49.0,67.0
19,觀音,2018-03-25,126,20.0,5.0,nan,68.0,31.0,126.0,93.0
20,平鎮,2018-03-25,129,4.0,6.0,nan,54.0,25.0,129.0,74.0
21,龍潭,2018-03-25,146,6.0,6.0,nan,50.0,31.0,146.0,87.0
22,湖口,2018-03-25,177,9.0,5.0,nan,64.0,35.0,177.0,94.0
23,竹東,2018-03-25,122,13.0,6.0,nan,60.0,16.0,122.0,94.0
24,新竹,2018-03-25,151,6.0,8.0,nan,57.0,36.0,151.0,105.0
25,頭份,2018-03-25,91,9.0,6.0,nan,59.0,25.0,nan,91.0
26,苗栗,2018-03-25,136,9.0,6.0,nan,62.0,25.0,136.0,104.0
27,三義,2018-03-25,169,9.0,5.0,nan,56.0,11.0,169.0,110.0
28,豐原,2018-03-25,161,6.0,5.0,nan,57.0,14.0,161.0,96.0
29,沙鹿,2018-03-25,150,10.0,5.0,nan,62.0,22.0,150.0,94.0
30,大里,2018-03-25,151,10.0,6.0,nan,68.0,28.0,151.0,73.0
31,忠明,2018-03-25,146,13.0,6.0,nan,57.0,39.0,146.0,107.0
32,西屯,2018-03-25,164,19.0,6.0,nan,60.0,30.0,164.0,107.0
34,線西,2018-03-25,111,11.0,5.0,nan,64.0,23.0,nan,111.0
35,二林,2018-03-25,113,4.0,5.0,nan,68.0,21.0,101.0,113.0
36,南投,2018-03-25,98,6.0,6.0,nan,64.0,23.0,93.0,98.0
37,斗六,2018-03-25,146,7.0,5.0,nan,66.0,16.0,146.0,111.0
38,崙背,2018-03-25,151,7.0,5.0,nan,76.0,30.0,132.0,151.0
39,新港,2018-03-25,119,7.0,6.0,nan,77.0,36.0,112.0,119.0
40,朴子,2018-03-25,126,6.0,6.0,nan,80.0,18.0,126.0,113.0
41,臺西,2018-03-25,137,9.0,5.0,nan,72.0,18.0,nan,137.0
42,嘉義,2018-03-25,112,6.0,5.0,nan,66.0,19.0,112.0,99.0
43,新營,2018-03-25,110,6.0,5.0,nan,73.0,19.0,87.0,110.0
44,善化,2018-03-25,101,6.0,5.0,nan,61.0,16.0,77.0,101.0
45,安南,2018-03-25,112,7.0,6.0,nan,72.0,25.0,104.0,112.0
46,臺南,2018-03-25,126,7.0,6.0,nan,62.0,28.0,126.0,97.0
47,美濃,2018-03-25,129,4.0,6.0,nan,63.0,16.0,129.0,86.0
48,橋頭,2018-03-25,107,9.0,6.0,nan,64.0,26.0,87.0,107.0
49,仁武,2018-03-25,126,9.0,5.0,nan,65.0,19.0,126.0,98.0
50,鳳山,2018-03-25,85,7.0,6.0,nan,58.0,23.0,nan,85.0
51,大寮,2018-03-25,122,26.0,6.0,nan,63.0,33.0,122.0,102.0
52,林園,2018-03-25,122,27.0,6.0,nan,65.0,16.0,122.0,102.0
53,楠梓,2018-03-25,129,7.0,6.0,nan,79.0,30.0,129.0,112.0
54,左營,2018-03-25,132,9.0,6.0,nan,70.0,25.0,132.0,96.0
56,前金,2018-03-25,122,7.0,7.0,nan,66.0,26.0,122.0,104.0
57,前鎮,2018-03-25,111,9.0,7.0,nan,66.0,37.0,nan,111.0
58,小港,2018-03-25,108,17.0,6.0,nan,64.0,37.0,108.0,90.0
59,屏東,2018-03-25,132,7.0,6.0,nan,60.0,27.0,132.0,103.0
60,潮州,2018-03-25,122,11.0,5.0,nan,63.0,14.0,122.0,84.0
61,恆春,2018-03-25,87,4.0,2.0,nan,44.0,2.0,87.0,44.0
62,臺東,2018-03-25,51,1.0,3.0,nan,42.0,8.0,44.0,51.0
63,花蓮,2018-03-25,50,3.0,3.0,nan,40.0,13.0,50.0,40.0
64,陽明,2018-03-25,74,3.0,2.0,nan,27.0,2.0,74.0,52.0
65,宜蘭,2018-03-25,56,3.0,3.0,nan,54.0,19.0,54.0,56.0
67,三重,2018-03-25,59,4.0,12.0,nan,59.0,46.0,nan,46.0
68,中壢,2018-03-25,72,9.0,12.0,nan,62.0,43.0,nan,72.0
69,竹山,2018-03-25,151,6.0,5.0,nan,63.0,19.0,151.0,124.0
70,永和,2018-03-25,51,3.0,5.0,nan,43.0,20.0,nan,51.0
71,復興,2018-03-25,99,9.0,7.0,nan,67.0,31.0,nan,99.0
72,埔里,2018-03-25,161,4.0,5.0,nan,55.0,14.0,161.0,93.0
75,馬祖,2018-03-25,122,6.0,3.0,nan,61.0,9.0,122.0,102.0
77,金門,2018-03-25,104,13.0,5.0,nan,80.0,19.0,100.0,104.0
78,馬公,2018-03-25,101,3.0,3.0,nan,57.0,5.0,101.0,82.0
80,關山,2018-03-25,58,4.0,nan,nan,39.0,5.0,42.0,58.0
83,麥寮,2018-03-25,143,9.0,6.0,nan,88.0,23.0,nan,143.0
84,富貴角,2018-03-25,59,3.0,3.0,nan,40.0,nan,14.0,59.0
66,冬山,2018-03-26,44,10.0,5.0,nan,44.0,24.0,35.0,39.0
84,富貴角,2018-03-26,83,3.0,3.0,nan,47.0,nan,54.0,83.0
83,麥寮,2018-03-26,144,14.0,6.0,nan,90.0,23.0,nan,144.0
80,關山,2018-03-26,43,6.0,nan,nan,31.0,7.0,35.0,43.0
78,馬公,2018-03-26,78,4.0,2.0,nan,53.0,7.0,61.0,78.0
77,金門,2018-03-26,115,10.0,6.0,nan,69.0,42.0,51.0,115.0
75,馬祖,2018-03-26,86,6.0,5.0,nan,45.0,17.0,67.0,86.0
72,埔里,2018-03-26,129,6.0,5.0,nan,57.0,18.0,129.0,103.0
71,復興,2018-03-26,110,10.0,9.0,nan,71.0,28.0,nan,110.0
70,永和,2018-03-26,67,9.0,14.0,nan,46.0,48.0,nan,67.0
69,竹山,2018-03-26,139,11.0,5.0,nan,67.0,23.0,129.0,139.0
68,中壢,2018-03-26,71,11.0,15.0,nan,65.0,52.0,nan,71.0
67,三重,2018-03-26,65,7.0,16.0,nan,65.0,60.0,nan,55.0
65,宜蘭,2018-03-26,44,4.0,3.0,nan,42.0,9.0,44.0,44.0
64,陽明,2018-03-26,101,34.0,3.0,nan,28.0,24.0,101.0,60.0
63,花蓮,2018-03-26,42,6.0,5.0,nan,38.0,15.0,42.0,39.0
62,臺東,2018-03-26,34,3.0,3.0,nan,32.0,9.0,33.0,34.0
61,恆春,2018-03-26,46,4.0,1.0,nan,39.0,2.0,46.0,37.0
60,潮州,2018-03-26,132,17.0,5.0,nan,62.0,14.0,132.0,89.0
59,屏東,2018-03-26,151,11.0,7.0,nan,61.0,23.0,151.0,111.0
58,小港,2018-03-26,115,23.0,6.0,nan,66.0,46.0,115.0,103.0
57,前鎮,2018-03-26,112,11.0,7.0,nan,69.0,25.0,nan,112.0
56,前金,2018-03-26,140,9.0,7.0,nan,68.0,24.0,140.0,110.0
54,左營,2018-03-26,143,11.0,7.0,nan,72.0,44.0,143.0,105.0
53,楠梓,2018-03-26,132,6.0,6.0,nan,85.0,42.0,132.0,119.0
52,林園,2018-03-26,150,11.0,6.0,nan,61.0,14.0,150.0,94.0
51,大寮,2018-03-26,121,27.0,8.0,nan,69.0,25.0,108.0,121.0
50,鳳山,2018-03-26,96,7.0,6.0,nan,61.0,23.0,nan,96.0
49,仁武,2018-03-26,129,7.0,6.0,nan,70.0,25.0,129.0,116.0
48,橋頭,2018-03-26,105,7.0,5.0,nan,65.0,22.0,93.0,105.0
47,美濃,2018-03-26,122,6.0,3.0,nan,59.0,12.0,122.0,83.0
46,臺南,2018-03-26,122,6.0,6.0,nan,65.0,29.0,122.0,102.0
45,安南,2018-03-26,118,6.0,6.0,nan,nan,31.0,104.0,118.0
44,善化,2018-03-26,98,13.0,3.0,nan,62.0,18.0,84.0,98.0
43,新營,2018-03-26,111,6.0,5.0,nan,81.0,19.0,80.0,111.0
42,嘉義,2018-03-26,113,6.0,6.0,nan,68.0,25.0,101.0,113.0
41,臺西,2018-03-26,137,13.0,6.0,nan,71.0,21.0,nan,137.0
40,朴子,2018-03-26,121,7.0,5.0,nan,81.0,17.0,112.0,121.0
39,新港,2018-03-26,115,31.0,5.0,nan,78.0,23.0,112.0,115.0
38,崙背,2018-03-26,141,10.0,6.0,nan,76.0,30.0,115.0,141.0
37,斗六,2018-03-26,136,9.0,5.0,nan,70.0,32.0,136.0,130.0
36,南投,2018-03-26,113,7.0,6.0,nan,68.0,26.0,54.0,113.0
35,二林,2018-03-26,127,6.0,5.0,nan,75.0,14.0,67.0,127.0
34,線西,2018-03-26,113,7.0,7.0,nan,68.0,22.0,nan,113.0
32,西屯,2018-03-26,106,14.0,6.0,nan,59.0,32.0,90.0,106.0
31,忠明,2018-03-26,121,13.0,7.0,nan,63.0,32.0,71.0,121.0
30,大里,2018-03-26,101,9.0,7.0,nan,73.0,25.0,101.0,91.0
29,沙鹿,2018-03-26,102,10.0,5.0,nan,66.0,26.0,61.0,102.0
28,豐原,2018-03-26,106,10.0,6.0,nan,63.0,23.0,90.0,106.0
27,三義,2018-03-26,102,14.0,3.0,nan,54.0,21.0,84.0,102.0
26,苗栗,2018-03-26,110,6.0,5.0,nan,63.0,21.0,48.0,110.0
25,頭份,2018-03-26,92,7.0,6.0,nan,61.0,28.0,nan,92.0
24,新竹,2018-03-26,101,7.0,7.0,nan,57.0,37.0,50.0,101.0
23,竹東,2018-03-26,88,7.0,5.0,nan,58.0,17.0,50.0,88.0
22,湖口,2018-03-26,89,11.0,5.0,nan,61.0,26.0,84.0,89.0
21,龍潭,2018-03-26,104,6.0,6.0,nan,57.0,38.0,104.0,86.0
20,平鎮,2018-03-26,90,11.0,6.0,nan,61.0,37.0,90.0,78.0
19,觀音,2018-03-26,84,21.0,5.0,nan,62.0,20.0,50.0,84.0
18,大園,2018-03-26,81,4.0,5.0,nan,56.0,28.0,30.0,81.0
17,桃園,2018-03-26,85,24.0,7.0,nan,54.0,37.0,64.0,85.0
16,大同,2018-03-26,72,7.0,19.0,nan,61.0,61.0,nan,72.0
15,松山,2018-03-26,104,7.0,7.0,nan,51.0,39.0,104.0,66.0
14,古亭,2018-03-26,93,7.0,7.0,nan,48.0,39.0,93.0,nan
13,萬華,2018-03-26,80,9.0,9.0,nan,51.0,42.0,80.0,66.0
12,中山,2018-03-26,73,9.0,10.0,nan,55.0,52.0,64.0,73.0
11,士林,2018-03-26,74,9.0,6.0,nan,47.0,29.0,74.0,62.0
10,淡水,2018-03-26,72,9.0,6.0,nan,50.0,25.0,43.0,72.0
9,林口,2018-03-26,100,9.0,5.0,nan,57.0,33.0,100.0,75.0
8,菜寮,2018-03-26,69,7.0,8.0,nan,50.0,43.0,44.0,69.0
7,新莊,2018-03-26,93,13.0,8.0,nan,52.0,46.0,93.0,70.0
6,板橋,2018-03-26,104,7.0,8.0,nan,54.0,42.0,104.0,73.0
5,土城,2018-03-26,112,9.0,7.0,nan,48.0,42.0,112.0,65.0
4,新店,2018-03-26,112,6.0,7.0,nan,40.0,40.0,112.0,66.0
3,萬里,2018-03-26,84,7.0,3.0,nan,35.0,13.0,84.0,53.0
2,汐止,2018-03-26,115,6.0,6.0,nan,43.0,42.0,115.0,76.0
1,基隆,2018-03-26,77,10.0,5.0,nan,31.0,25.0,77.0,50.0
33,彰化,2018-03-26,126,27.0,7.0,nan,68.0,30.0,49.0,126.0
33,彰化,2018-03-27,104,6.0,6.0,nan,57.0,25.0,49.0,104.0
84,富貴角,2018-03-27,75,1.0,2.0,nan,44.0,nan,32.0,75.0
83,麥寮,2018-03-27,122,6.0,5.0,nan,93.0,17.0,nan,122.0
80,關山,2018-03-27,46,6.0,nan,nan,27.0,8.0,32.0,46.0
78,馬公,2018-03-27,73,3.0,3.0,nan,41.0,5.0,54.0,73.0
77,金門,2018-03-27,88,19.0,5.0,nan,50.0,15.0,64.0,88.0
75,馬祖,2018-03-27,104,6.0,3.0,nan,51.0,8.0,104.0,97.0
72,埔里,2018-03-27,122,7.0,5.0,nan,50.0,16.0,122.0,93.0
71,復興,2018-03-27,127,11.0,9.0,nan,80.0,41.0,nan,127.0
70,永和,2018-03-27,63,4.0,15.0,nan,39.0,49.0,nan,63.0
69,竹山,2018-03-27,138,4.0,5.0,nan,66.0,21.0,132.0,138.0
68,中壢,2018-03-27,89,13.0,16.0,nan,66.0,42.0,nan,89.0
67,三重,2018-03-27,58,9.0,18.0,nan,58.0,45.0,nan,55.0
65,宜蘭,2018-03-27,56,3.0,3.0,nan,41.0,8.0,48.0,56.0
64,陽明,2018-03-27,64,10.0,2.0,nan,20.0,6.0,64.0,47.0
63,花蓮,2018-03-27,42,6.0,3.0,nan,33.0,8.0,42.0,32.0
62,臺東,2018-03-27,42,3.0,3.0,nan,31.0,11.0,34.0,42.0
61,恆春,2018-03-27,46,3.0,1.0,nan,36.0,2.0,46.0,43.0
60,潮州,2018-03-27,159,10.0,5.0,nan,67.0,15.0,159.0,102.0
59,屏東,2018-03-27,159,9.0,7.0,nan,59.0,24.0,159.0,109.0
58,小港,2018-03-27,120,31.0,6.0,nan,75.0,50.0,104.0,120.0
57,前鎮,2018-03-27,135,14.0,7.0,nan,80.0,35.0,nan,135.0
56,前金,2018-03-27,141,6.0,7.0,nan,82.0,34.0,136.0,141.0
54,左營,2018-03-27,127,11.0,7.0,nan,84.0,35.0,122.0,127.0
53,楠梓,2018-03-27,132,6.0,6.0,nan,90.0,33.0,132.0,127.0
52,林園,2018-03-27,146,14.0,5.0,nan,64.0,16.0,146.0,95.0
51,大寮,2018-03-27,140,17.0,6.0,nan,75.0,27.0,140.0,126.0
50,鳳山,2018-03-27,122,6.0,7.0,nan,69.0,26.0,nan,122.0
49,仁武,2018-03-27,145,11.0,6.0,nan,78.0,40.0,126.0,145.0
48,橋頭,2018-03-27,142,9.0,6.0,nan,79.0,31.0,77.0,142.0
47,美濃,2018-03-27,126,4.0,3.0,nan,59.0,11.0,126.0,83.0
46,臺南,2018-03-27,136,7.0,7.0,nan,71.0,30.0,104.0,136.0
45,安南,2018-03-27,132,6.0,6.0,nan,nan,27.0,87.0,132.0
44,善化,2018-03-27,130,9.0,5.0,nan,76.0,19.0,61.0,130.0
43,新營,2018-03-27,138,6.0,6.0,nan,92.0,38.0,58.0,138.0
42,嘉義,2018-03-27,132,7.0,6.0,nan,77.0,25.0,93.0,132.0
41,臺西,2018-03-27,128,9.0,5.0,nan,66.0,13.0,nan,128.0
40,朴子,2018-03-27,127,6.0,5.0,nan,84.0,14.0,90.0,127.0
39,新港,2018-03-27,124,6.0,6.0,nan,85.0,23.0,84.0,124.0
38,崙背,2018-03-27,114,9.0,5.0,nan,64.0,19.0,77.0,114.0
37,斗六,2018-03-27,127,4.0,5.0,nan,66.0,28.0,118.0,127.0
36,南投,2018-03-27,112,4.0,7.0,nan,66.0,27.0,67.0,112.0
35,二林,2018-03-27,103,9.0,5.0,nan,66.0,19.0,49.0,103.0
34,線西,2018-03-27,105,7.0,5.0,nan,62.0,23.0,nan,105.0
32,西屯,2018-03-27,93,4.0,6.0,nan,53.0,25.0,93.0,87.0
31,忠明,2018-03-27,96,6.0,6.0,nan,55.0,34.0,80.0,96.0
30,大里,2018-03-27,90,4.0,7.0,nan,64.0,33.0,90.0,85.0
29,沙鹿,2018-03-27,94,6.0,5.0,nan,58.0,21.0,67.0,94.0
28,豐原,2018-03-27,79,6.0,5.0,nan,50.0,25.0,71.0,79.0
27,三義,2018-03-27,93,4.0,3.0,nan,47.0,13.0,67.0,93.0
26,苗栗,2018-03-27,102,7.0,5.0,nan,57.0,23.0,44.0,102.0
25,頭份,2018-03-27,81,6.0,5.0,nan,55.0,30.0,nan,81.0
24,新竹,2018-03-27,88,9.0,6.0,nan,50.0,27.0,47.0,88.0
23,竹東,2018-03-27,81,6.0,5.0,nan,51.0,17.0,40.0,81.0
22,湖口,2018-03-27,94,11.0,7.0,nan,61.0,41.0,61.0,94.0
21,龍潭,2018-03-27,85,6.0,6.0,nan,44.0,25.0,47.0,85.0
20,平鎮,2018-03-27,95,11.0,8.0,nan,61.0,42.0,44.0,95.0
19,觀音,2018-03-27,86,16.0,3.0,nan,60.0,32.0,49.0,86.0
18,大園,2018-03-27,81,6.0,6.0,nan,60.0,27.0,30.0,81.0
17,桃園,2018-03-27,95,23.0,10.0,nan,54.0,37.0,41.0,95.0
16,大同,2018-03-27,71,9.0,18.0,nan,55.0,42.0,nan,71.0
15,松山,2018-03-27,61,10.0,5.0,nan,39.0,32.0,41.0,61.0
14,古亭,2018-03-27,39,7.0,7.0,nan,37.0,25.0,39.0,nan
13,萬華,2018-03-27,59,4.0,8.0,nan,40.0,36.0,34.0,59.0
12,中山,2018-03-27,67,4.0,8.0,nan,44.0,40.0,28.0,67.0
11,士林,2018-03-27,69,6.0,6.0,nan,41.0,25.0,42.0,69.0
10,淡水,2018-03-27,77,7.0,6.0,nan,46.0,26.0,34.0,77.0
9,林口,2018-03-27,78,4.0,5.0,nan,54.0,39.0,47.0,78.0
8,菜寮,2018-03-27,76,6.0,9.0,nan,45.0,42.0,31.0,76.0
7,新莊,2018-03-27,75,14.0,9.0,nan,51.0,42.0,48.0,75.0
6,板橋,2018-03-27,77,7.0,8.0,nan,50.0,33.0,43.0,77.0
5,土城,2018-03-27,70,10.0,7.0,nan,47.0,35.0,46.0,70.0
4,新店,2018-03-27,62,11.0,6.0,nan,31.0,23.0,44.0,62.0
3,萬里,2018-03-27,58,6.0,2.0,nan,42.0,9.0,58.0,57.0
2,汐止,2018-03-27,74,13.0,6.0,nan,38.0,27.0,45.0,74.0
1,基隆,2018-03-27,60,7.0,5.0,nan,31.0,22.0,47.0,60.0
66,冬山,2018-03-27,59,7.0,5.0,nan,44.0,13.0,41.0,59.0
66,冬山,2018-03-28,46,9.0,5.0,nan,34.0,23.0,37.0,46.0
84,富貴角,2018-03-28,64,4.0,2.0,nan,29.0,6.0,36.0,64.0
83,麥寮,2018-03-28,110,7.0,6.0,nan,79.0,15.0,nan,110.0
80,關山,2018-03-28,38,6.0,nan,nan,22.0,6.0,31.0,38.0
78,馬公,2018-03-28,66,4.0,3.0,nan,37.0,4.0,50.0,66.0
77,金門,2018-03-28,92,10.0,5.0,nan,53.0,17.0,77.0,92.0
75,馬祖,2018-03-28,87,9.0,5.0,nan,46.0,8.0,87.0,84.0
72,埔里,2018-03-28,129,4.0,5.0,nan,40.0,20.0,129.0,77.0
71,復興,2018-03-28,124,10.0,10.0,nan,77.0,35.0,nan,124.0
70,永和,2018-03-28,44,10.0,10.0,nan,28.0,30.0,nan,44.0
69,竹山,2018-03-28,132,6.0,3.0,nan,51.0,20.0,132.0,100.0
68,中壢,2018-03-28,61,9.0,12.0,nan,52.0,39.0,nan,61.0
67,三重,2018-03-28,44,9.0,18.0,nan,44.0,42.0,nan,40.0
65,宜蘭,2018-03-28,45,4.0,3.0,nan,29.0,8.0,45.0,43.0
64,陽明,2018-03-28,45,6.0,2.0,nan,14.0,3.0,45.0,33.0
63,花蓮,2018-03-28,43,3.0,3.0,nan,28.0,8.0,43.0,26.0
62,臺東,2018-03-28,33,1.0,3.0,nan,24.0,8.0,31.0,33.0
61,恆春,2018-03-28,42,4.0,1.0,nan,31.0,2.0,42.0,38.0
60,潮州,2018-03-28,150,7.0,5.0,nan,64.0,11.0,150.0,99.0
59,屏東,2018-03-28,164,11.0,7.0,105.0,59.0,23.0,164.0,118.0
58,小港,2018-03-28,129,23.0,7.0,nan,68.0,42.0,129.0,117.0
57,前鎮,2018-03-28,129,13.0,7.0,nan,73.0,34.0,nan,129.0
56,前金,2018-03-28,146,6.0,7.0,nan,76.0,22.0,146.0,132.0
54,左營,2018-03-28,143,6.0,7.0,nan,80.0,23.0,143.0,114.0
53,楠梓,2018-03-28,143,9.0,6.0,nan,83.0,26.0,143.0,116.0
52,林園,2018-03-28,174,14.0,5.0,nan,59.0,17.0,174.0,99.0
51,大寮,2018-03-28,140,30.0,7.0,nan,65.0,29.0,140.0,117.0
50,鳳山,2018-03-28,122,11.0,8.0,nan,62.0,27.0,nan,122.0
49,仁武,2018-03-28,143,9.0,6.0,nan,72.0,33.0,143.0,130.0
48,橋頭,2018-03-28,126,10.0,6.0,nan,71.0,25.0,97.0,126.0
47,美濃,2018-03-28,115,4.0,3.0,nan,57.0,10.0,115.0,86.0
46,臺南,2018-03-28,123,7.0,7.0,nan,62.0,32.0,101.0,123.0
45,安南,2018-03-28,123,7.0,6.0,nan,nan,26.0,87.0,123.0
44,善化,2018-03-28,102,4.0,6.0,nan,66.0,19.0,64.0,102.0
43,新營,2018-03-28,115,6.0,6.0,nan,79.0,33.0,58.0,115.0
42,嘉義,2018-03-28,113,9.0,7.0,nan,69.0,22.0,93.0,113.0
41,臺西,2018-03-28,104,10.0,5.0,nan,53.0,15.0,nan,104.0
40,朴子,2018-03-28,111,6.0,5.0,nan,71.0,12.0,80.0,111.0
39,新港,2018-03-28,113,11.0,6.0,nan,74.0,19.0,80.0,113.0
38,崙背,2018-03-28,111,6.0,5.0,nan,60.0,16.0,74.0,111.0
37,斗六,2018-03-28,126,6.0,5.0,nan,60.0,23.0,126.0,111.0
36,南投,2018-03-28,92,4.0,6.0,nan,57.0,29.0,61.0,92.0
35,二林,2018-03-28,95,13.0,5.0,nan,52.0,19.0,44.0,95.0
34,線西,2018-03-28,94,10.0,5.0,nan,52.0,21.0,nan,94.0
32,西屯,2018-03-28,86,3.0,6.0,nan,51.0,36.0,84.0,86.0
31,忠明,2018-03-28,94,3.0,7.0,nan,52.0,32.0,71.0,94.0
30,大里,2018-03-28,93,4.0,7.0,nan,59.0,31.0,93.0,69.0
29,沙鹿,2018-03-28,77,4.0,5.0,nan,46.0,28.0,58.0,77.0
28,豐原,2018-03-28,65,6.0,5.0,nan,40.0,19.0,61.0,65.0
27,三義,2018-03-28,71,9.0,3.0,nan,32.0,9.0,71.0,70.0
26,苗栗,2018-03-28,83,6.0,6.0,nan,49.0,25.0,42.0,83.0
25,頭份,2018-03-28,64,6.0,5.0,nan,45.0,27.0,nan,64.0
24,新竹,2018-03-28,80,6.0,6.0,nan,44.0,32.0,42.0,80.0
23,竹東,2018-03-28,67,6.0,5.0,nan,44.0,19.0,38.0,67.0
22,湖口,2018-03-28,75,10.0,5.0,nan,47.0,30.0,46.0,75.0
21,龍潭,2018-03-28,69,7.0,5.0,nan,35.0,27.0,44.0,69.0
20,平鎮,2018-03-28,59,7.0,6.0,nan,44.0,29.0,37.0,59.0
19,觀音,2018-03-28,66,20.0,3.0,nan,56.0,32.0,43.0,66.0
18,大園,2018-03-28,64,7.0,3.0,nan,48.0,29.0,24.0,64.0
17,桃園,2018-03-28,60,10.0,6.0,nan,38.0,32.0,34.0,60.0
16,大同,2018-03-28,55,13.0,16.0,nan,45.0,43.0,nan,55.0
15,松山,2018-03-28,50,11.0,3.0,nan,29.0,24.0,39.0,50.0
14,古亭,2018-03-28,38,9.0,5.0,nan,30.0,25.0,38.0,nan
13,萬華,2018-03-28,47,9.0,5.0,nan,nan,32.0,36.0,47.0
12,中山,2018-03-28,49,11.0,7.0,nan,29.0,29.0,33.0,49.0
11,士林,2018-03-28,57,4.0,6.0,nan,31.0,24.0,40.0,57.0
10,淡水,2018-03-28,59,7.0,6.0,nan,34.0,26.0,30.0,59.0
9,林口,2018-03-28,58,6.0,5.0,nan,41.0,32.0,43.0,58.0
8,菜寮,2018-03-28,50,7.0,7.0,nan,29.0,27.0,29.0,50.0
7,新莊,2018-03-28,47,10.0,6.0,nan,33.0,29.0,42.0,47.0
6,板橋,2018-03-28,54,7.0,6.0,nan,31.0,31.0,40.0,54.0
5,土城,2018-03-28,46,7.0,6.0,nan,28.0,24.0,43.0,46.0
4,新店,2018-03-28,44,6.0,5.0,nan,20.0,16.0,40.0,44.0
3,萬里,2018-03-28,48,9.0,2.0,nan,27.0,11.0,48.0,46.0
2,汐止,2018-03-28,57,11.0,3.0,nan,23.0,25.0,39.0,57.0
1,基隆,2018-03-28,41,9.0,5.0,nan,18.0,28.0,41.0,38.0
33,彰化,2018-03-28,101,10.0,7.0,nan,54.0,28.0,46.0,101.0
20,平鎮,2018-03-29,57,10.0,7.0,nan,42.0,27.0,51.0,57.0
84,富貴角,2018-03-29,42,3.0,1.0,nan,23.0,4.0,40.0,42.0
83,麥寮,2018-03-29,108,4.0,5.0,nan,70.0,21.0,nan,108.0
80,關山,2018-03-29,35,4.0,nan,nan,19.0,6.0,28.0,35.0
78,馬公,2018-03-29,60,4.0,3.0,nan,35.0,5.0,50.0,60.0
77,金門,2018-03-29,102,19.0,5.0,nan,64.0,31.0,50.0,102.0
75,馬祖,2018-03-29,69,7.0,3.0,nan,37.0,10.0,43.0,69.0
72,埔里,2018-03-29,150,7.0,6.0,nan,48.0,23.0,150.0,96.0
71,復興,2018-03-29,107,11.0,9.0,nan,68.0,30.0,nan,107.0
70,永和,2018-03-29,31,4.0,7.0,nan,21.0,27.0,nan,31.0
69,竹山,2018-03-29,133,4.0,3.0,nan,61.0,19.0,115.0,133.0
68,中壢,2018-03-29,54,9.0,16.0,nan,50.0,43.0,nan,54.0
67,三重,2018-03-29,40,4.0,14.0,nan,34.0,40.0,nan,27.0
66,冬山,2018-03-29,30,4.0,3.0,nan,30.0,17.0,27.0,28.0
65,宜蘭,2018-03-29,37,3.0,3.0,nan,31.0,10.0,37.0,35.0
64,陽明,2018-03-29,36,4.0,1.0,nan,11.0,3.0,36.0,22.0
63,花蓮,2018-03-29,37,3.0,3.0,nan,27.0,16.0,37.0,18.0
62,臺東,2018-03-29,36,1.0,3.0,nan,20.0,8.0,29.0,36.0
61,恆春,2018-03-29,39,1.0,1.0,nan,28.0,2.0,39.0,37.0
60,潮州,2018-03-29,151,34.0,5.0,nan,66.0,18.0,151.0,110.0
59,屏東,2018-03-29,146,7.0,6.0,nan,56.0,27.0,146.0,102.0
58,小港,2018-03-29,93,30.0,6.0,nan,61.0,54.0,93.0,93.0
57,前鎮,2018-03-29,108,13.0,7.0,nan,64.0,29.0,nan,108.0
56,前金,2018-03-29,110,9.0,6.0,nan,64.0,22.0,108.0,110.0
54,左營,2018-03-29,104,7.0,6.0,nan,68.0,20.0,104.0,104.0
53,楠梓,2018-03-29,110,6.0,5.0,nan,77.0,29.0,104.0,110.0
52,林園,2018-03-29,146,19.0,6.0,nan,64.0,21.0,146.0,103.0
51,大寮,2018-03-29,120,21.0,7.0,nan,66.0,33.0,118.0,120.0
50,鳳山,2018-03-29,100,10.0,7.0,nan,57.0,33.0,nan,100.0
49,仁武,2018-03-29,114,16.0,5.0,nan,66.0,30.0,108.0,114.0
48,橋頭,2018-03-29,105,11.0,6.0,nan,62.0,25.0,64.0,105.0
47,美濃,2018-03-29,108,7.0,5.0,nan,56.0,12.0,108.0,91.0
46,臺南,2018-03-29,94,6.0,6.0,nan,58.0,25.0,80.0,94.0
45,安南,2018-03-29,103,6.0,5.0,nan,66.0,26.0,64.0,103.0
44,善化,2018-03-29,99,10.0,5.0,nan,63.0,17.0,48.0,99.0
43,新營,2018-03-29,108,6.0,5.0,nan,73.0,27.0,48.0,108.0
42,嘉義,2018-03-29,119,21.0,7.0,nan,66.0,21.0,77.0,119.0
41,臺西,2018-03-29,109,11.0,3.0,nan,59.0,25.0,nan,109.0
40,朴子,2018-03-29,94,4.0,5.0,nan,71.0,15.0,74.0,94.0
39,新港,2018-03-29,106,7.0,6.0,nan,68.0,19.0,77.0,106.0
38,崙背,2018-03-29,105,4.0,5.0,nan,59.0,20.0,84.0,105.0
37,斗六,2018-03-29,126,7.0,5.0,nan,69.0,17.0,100.0,126.0
36,南投,2018-03-29,126,14.0,7.0,nan,67.0,30.0,64.0,126.0
35,二林,2018-03-29,99,9.0,5.0,nan,54.0,17.0,64.0,99.0
34,線西,2018-03-29,98,13.0,6.0,nan,56.0,25.0,nan,98.0
32,西屯,2018-03-29,118,13.0,7.0,nan,61.0,33.0,118.0,102.0
31,忠明,2018-03-29,118,10.0,6.0,nan,65.0,30.0,97.0,118.0
30,大里,2018-03-29,92,21.0,7.0,nan,71.0,30.0,67.0,92.0
29,沙鹿,2018-03-29,96,9.0,6.0,nan,59.0,31.0,87.0,96.0
28,豐原,2018-03-29,110,6.0,5.0,nan,57.0,25.0,101.0,110.0
27,三義,2018-03-29,105,4.0,3.0,nan,50.0,11.0,97.0,105.0
26,苗栗,2018-03-29,93,7.0,5.0,nan,56.0,20.0,74.0,93.0
25,頭份,2018-03-29,76,4.0,5.0,nan,50.0,22.0,nan,76.0
24,新竹,2018-03-29,81,4.0,6.0,nan,47.0,33.0,74.0,81.0
23,竹東,2018-03-29,104,9.0,5.0,nan,51.0,18.0,104.0,87.0
22,湖口,2018-03-29,100,9.0,5.0,nan,45.0,28.0,100.0,76.0
21,龍潭,2018-03-29,87,9.0,6.0,nan,32.0,24.0,87.0,66.0
19,觀音,2018-03-29,52,11.0,5.0,nan,52.0,27.0,48.0,nan
18,大園,2018-03-29,58,4.0,5.0,nan,43.0,25.0,21.0,58.0
17,桃園,2018-03-29,36,14.0,5.0,nan,31.0,24.0,36.0,35.0
16,大同,2018-03-29,39,6.0,16.0,nan,39.0,35.0,nan,33.0
15,松山,2018-03-29,39,4.0,3.0,nan,20.0,25.0,35.0,39.0
14,古亭,2018-03-29,37,3.0,3.0,nan,24.0,24.0,37.0,nan
13,萬華,2018-03-29,32,3.0,5.0,nan,23.0,25.0,32.0,26.0
12,中山,2018-03-29,41,3.0,6.0,nan,29.0,29.0,33.0,41.0
11,士林,2018-03-29,52,4.0,2.0,nan,24.0,14.0,36.0,52.0
10,淡水,2018-03-29,48,4.0,2.0,nan,33.0,9.0,31.0,48.0
9,林口,2018-03-29,39,3.0,3.0,nan,31.0,22.0,39.0,34.0
8,菜寮,2018-03-29,34,3.0,5.0,nan,22.0,22.0,29.0,34.0
7,新莊,2018-03-29,39,9.0,5.0,nan,28.0,29.0,39.0,23.0
6,板橋,2018-03-29,43,13.0,6.0,nan,28.0,33.0,35.0,43.0
5,土城,2018-03-29,39,10.0,6.0,nan,25.0,38.0,39.0,31.0
4,新店,2018-03-29,42,3.0,5.0,nan,21.0,25.0,42.0,27.0
3,萬里,2018-03-29,36,26.0,2.0,nan,19.0,13.0,36.0,35.0
2,汐止,2018-03-29,39,4.0,3.0,nan,21.0,27.0,37.0,39.0
1,基隆,2018-03-29,36,1.0,3.0,nan,19.0,22.0,36.0,30.0
33,彰化,2018-03-29,139,17.0,6.0,nan,62.0,22.0,50.0,139.0
1,基隆,2018-03-30,42,1.0,3.0,nan,19.0,19.0,42.0,30.0
2,汐止,2018-03-30,42,7.0,5.0,nan,21.0,27.0,41.0,42.0
3,萬里,2018-03-30,45,16.0,2.0,nan,25.0,13.0,45.0,34.0
4,新店,2018-03-30,40,3.0,3.0,nan,20.0,15.0,40.0,22.0
5,土城,2018-03-30,38,3.0,3.0,nan,22.0,14.0,38.0,20.0
6,板橋,2018-03-30,37,4.0,5.0,nan,27.0,22.0,36.0,37.0
7,新莊,2018-03-30,39,7.0,3.0,nan,31.0,15.0,39.0,21.0
8,菜寮,2018-03-30,32,6.0,5.0,nan,24.0,17.0,28.0,32.0
9,林口,2018-03-30,41,4.0,3.0,nan,31.0,14.0,41.0,30.0
10,淡水,2018-03-30,36,7.0,2.0,nan,28.0,7.0,32.0,36.0
11,士林,2018-03-30,39,6.0,2.0,nan,24.0,8.0,39.0,24.0
12,中山,2018-03-30,38,7.0,7.0,nan,30.0,33.0,30.0,38.0
13,萬華,2018-03-30,35,7.0,5.0,nan,29.0,30.0,31.0,35.0
14,古亭,2018-03-30,36,3.0,3.0,nan,28.0,19.0,36.0,nan
15,松山,2018-03-30,36,6.0,5.0,nan,26.0,29.0,36.0,31.0
16,大同,2018-03-30,43,10.0,10.0,nan,43.0,41.0,nan,40.0
17,桃園,2018-03-30,35,7.0,3.0,nan,31.0,17.0,35.0,33.0
18,大園,2018-03-30,44,3.0,2.0,nan,44.0,20.0,23.0,35.0
19,觀音,2018-03-30,48,11.0,2.0,nan,48.0,24.0,38.0,45.0
20,平鎮,2018-03-30,41,4.0,5.0,nan,37.0,18.0,41.0,39.0
21,龍潭,2018-03-30,42,3.0,3.0,nan,31.0,21.0,42.0,26.0
22,湖口,2018-03-30,49,4.0,3.0,nan,35.0,27.0,44.0,49.0
23,竹東,2018-03-30,42,4.0,3.0,nan,30.0,9.0,35.0,42.0
24,新竹,2018-03-30,52,3.0,3.0,nan,37.0,21.0,39.0,52.0
25,頭份,2018-03-30,58,3.0,3.0,nan,39.0,21.0,nan,58.0
26,苗栗,2018-03-30,82,10.0,6.0,nan,52.0,22.0,49.0,82.0
27,三義,2018-03-30,100,10.0,5.0,nan,43.0,12.0,100.0,79.0
28,豐原,2018-03-30,104,14.0,5.0,nan,44.0,17.0,104.0,71.0
29,沙鹿,2018-03-30,101,11.0,8.0,nan,64.0,45.0,101.0,97.0
30,大里,2018-03-30,136,7.0,7.0,nan,66.0,32.0,136.0,81.0
31,忠明,2018-03-30,118,9.0,8.0,nan,59.0,37.0,118.0,117.0
32,西屯,2018-03-30,143,10.0,7.0,nan,58.0,35.0,143.0,99.0
33,彰化,2018-03-30,87,41.0,7.0,nan,64.0,24.0,87.0,nan
34,線西,2018-03-30,102,13.0,6.0,nan,60.0,23.0,nan,102.0
35,二林,2018-03-30,97,7.0,5.0,nan,56.0,16.0,97.0,96.0
36,南投,2018-03-30,112,13.0,6.0,nan,64.0,31.0,84.0,112.0
37,斗六,2018-03-30,143,7.0,5.0,nan,62.0,25.0,143.0,110.0
38,崙背,2018-03-30,140,7.0,5.0,nan,64.0,16.0,140.0,107.0
39,新港,2018-03-30,126,11.0,6.0,nan,72.0,20.0,126.0,114.0
40,朴子,2018-03-30,132,6.0,3.0,nan,78.0,17.0,132.0,109.0
41,臺西,2018-03-30,71,10.0,5.0,nan,71.0,19.0,nan,nan
42,嘉義,2018-03-30,122,9.0,6.0,nan,62.0,18.0,122.0,95.0
43,新營,2018-03-30,104,6.0,5.0,nan,68.0,20.0,71.0,104.0
44,善化,2018-03-30,97,10.0,5.0,nan,56.0,19.0,61.0,97.0
45,安南,2018-03-30,113,9.0,6.0,nan,82.0,26.0,87.0,113.0
46,臺南,2018-03-30,103,7.0,6.0,nan,59.0,30.0,93.0,103.0
47,美濃,2018-03-30,112,9.0,5.0,nan,53.0,9.0,112.0,82.0
48,橋頭,2018-03-30,105,6.0,6.0,nan,57.0,29.0,54.0,105.0
49,仁武,2018-03-30,104,9.0,6.0,nan,59.0,29.0,93.0,104.0
50,鳳山,2018-03-30,97,31.0,7.0,nan,54.0,27.0,nan,97.0
51,大寮,2018-03-30,103,24.0,7.0,nan,57.0,29.0,67.0,103.0
52,林園,2018-03-30,101,14.0,6.0,nan,57.0,23.0,101.0,89.0
53,楠梓,2018-03-30,116,9.0,6.0,nan,72.0,36.0,84.0,116.0
54,左營,2018-03-30,93,11.0,6.0,nan,62.0,30.0,93.0,92.0
56,前金,2018-03-30,97,10.0,7.0,nan,59.0,35.0,93.0,97.0
57,前鎮,2018-03-30,104,13.0,7.0,nan,60.0,31.0,nan,104.0
58,小港,2018-03-30,88,23.0,6.0,nan,54.0,42.0,64.0,88.0
59,屏東,2018-03-30,118,7.0,6.0,nan,50.0,23.0,118.0,104.0
60,潮州,2018-03-30,112,9.0,5.0,nan,54.0,11.0,112.0,76.0
61,恆春,2018-03-30,40,3.0,1.0,nan,24.0,2.0,40.0,34.0
62,臺東,2018-03-30,30,1.0,3.0,nan,23.0,10.0,30.0,30.0
63,花蓮,2018-03-30,37,4.0,3.0,nan,27.0,13.0,37.0,20.0
64,陽明,2018-03-30,44,7.0,1.0,nan,13.0,5.0,44.0,22.0
65,宜蘭,2018-03-30,43,3.0,3.0,nan,28.0,11.0,43.0,34.0
66,冬山,2018-03-30,35,3.0,3.0,nan,29.0,16.0,35.0,31.0
67,三重,2018-03-30,44,10.0,16.0,nan,44.0,42.0,nan,26.0
68,中壢,2018-03-30,45,6.0,12.0,nan,45.0,34.0,nan,24.0
69,竹山,2018-03-30,150,7.0,3.0,nan,57.0,17.0,150.0,112.0
70,永和,2018-03-30,24,3.0,5.0,nan,22.0,20.0,nan,24.0
71,復興,2018-03-30,100,11.0,8.0,nan,62.0,32.0,nan,100.0
72,埔里,2018-03-30,177,6.0,6.0,nan,52.0,19.0,177.0,102.0
75,馬祖,2018-03-30,64,4.0,2.0,nan,32.0,9.0,41.0,64.0
77,金門,2018-03-30,60,10.0,2.0,nan,46.0,25.0,41.0,60.0
78,馬公,2018-03-30,53,6.0,3.0,nan,37.0,9.0,49.0,53.0
80,關山,2018-03-30,31,4.0,nan,nan,20.0,6.0,31.0,28.0
83,麥寮,2018-03-30,127,16.0,6.0,nan,92.0,24.0,nan,127.0
84,富貴角,2018-03-30,45,6.0,1.0,nan,24.0,7.0,45.0,42.0
1,基隆,2018-03-31,57,3.0,3.0,nan,32.0,20.0,46.0,57.0
84,富貴角,2018-03-31,69,9.0,1.0,nan,44.0,8.0,49.0,69.0
83,麥寮,2018-03-31,109,7.0,5.0,nan,106.0,18.0,nan,109.0
80,關山,2018-03-31,43,6.0,nan,nan,29.0,5.0,37.0,43.0
78,馬公,2018-03-31,61,3.0,3.0,nan,44.0,3.0,45.0,61.0
77,金門,2018-03-31,69,17.0,3.0,nan,53.0,20.0,50.0,69.0
75,馬祖,2018-03-31,75,3.0,2.0,nan,39.0,4.0,67.0,75.0
72,埔里,2018-03-31,132,4.0,5.0,nan,50.0,15.0,132.0,95.0
71,復興,2018-03-31,76,47.0,7.0,nan,52.0,25.0,nan,76.0
70,永和,2018-03-31,51,3.0,5.0,nan,36.0,21.0,nan,51.0
69,竹山,2018-03-31,122,11.0,5.0,nan,63.0,21.0,118.0,122.0
68,中壢,2018-03-31,52,4.0,14.0,nan,52.0,33.0,nan,46.0
67,三重,2018-03-31,59,4.0,14.0,nan,59.0,37.0,nan,52.0
66,冬山,2018-03-31,56,4.0,3.0,nan,46.0,15.0,40.0,56.0
65,宜蘭,2018-03-31,56,3.0,3.0,nan,44.0,8.0,45.0,56.0
64,陽明,2018-03-31,45,10.0,1.0,nan,21.0,5.0,44.0,45.0
63,花蓮,2018-03-31,44,3.0,5.0,nan,36.0,17.0,44.0,38.0
62,臺東,2018-03-31,48,3.0,3.0,nan,35.0,8.0,36.0,48.0
61,恆春,2018-03-31,48,4.0,1.0,nan,34.0,2.0,46.0,48.0
60,潮州,2018-03-31,54,3.0,2.0,nan,44.0,9.0,46.0,54.0
59,屏東,2018-03-31,67,10.0,5.0,nan,44.0,17.0,51.0,67.0
58,小港,2018-03-31,73,19.0,5.0,nan,51.0,36.0,41.0,73.0
57,前鎮,2018-03-31,74,37.0,6.0,nan,53.0,27.0,nan,74.0
56,前金,2018-03-31,72,23.0,6.0,nan,53.0,22.0,64.0,72.0
54,左營,2018-03-31,68,10.0,6.0,nan,53.0,26.0,58.0,68.0
53,楠梓,2018-03-31,82,9.0,5.0,nan,65.0,22.0,58.0,82.0
52,林園,2018-03-31,62,4.0,3.0,nan,41.0,10.0,49.0,62.0
51,大寮,2018-03-31,76,24.0,6.0,nan,44.0,21.0,44.0,76.0
50,鳳山,2018-03-31,74,49.0,6.0,nan,45.0,24.0,nan,74.0
49,仁武,2018-03-31,75,14.0,3.0,nan,49.0,18.0,50.0,75.0
48,橋頭,2018-03-31,67,7.0,3.0,nan,44.0,21.0,45.0,67.0
47,美濃,2018-03-31,71,6.0,5.0,nan,47.0,8.0,71.0,65.0
46,臺南,2018-03-31,86,14.0,5.0,nan,49.0,29.0,71.0,86.0
45,安南,2018-03-31,90,10.0,5.0,nan,66.0,21.0,58.0,90.0
44,善化,2018-03-31,86,7.0,3.0,nan,59.0,10.0,46.0,86.0
43,新營,2018-03-31,97,6.0,5.0,nan,71.0,22.0,58.0,97.0
42,嘉義,2018-03-31,100,4.0,6.0,nan,64.0,15.0,100.0,89.0
41,臺西,2018-03-31,107,10.0,5.0,nan,63.0,16.0,nan,107.0
40,朴子,2018-03-31,101,7.0,5.0,nan,73.0,15.0,101.0,99.0
39,新港,2018-03-31,108,4.0,6.0,nan,72.0,20.0,87.0,108.0
38,崙背,2018-03-31,99,6.0,5.0,nan,61.0,18.0,84.0,99.0
37,斗六,2018-03-31,115,6.0,5.0,nan,61.0,14.0,115.0,103.0
36,南投,2018-03-31,104,7.0,7.0,nan,66.0,25.0,64.0,104.0
35,二林,2018-03-31,86,11.0,5.0,nan,57.0,20.0,54.0,86.0
34,線西,2018-03-31,87,17.0,6.0,nan,59.0,36.0,nan,87.0
33,彰化,2018-03-31,97,17.0,6.0,nan,66.0,22.0,50.0,97.0
32,西屯,2018-03-31,122,9.0,6.0,nan,59.0,35.0,122.0,82.0
31,忠明,2018-03-31,100,10.0,8.0,nan,55.0,36.0,100.0,88.0
30,大里,2018-03-31,93,24.0,8.0,nan,71.0,29.0,93.0,73.0
29,沙鹿,2018-03-31,79,9.0,6.0,nan,59.0,34.0,74.0,79.0
28,豐原,2018-03-31,122,7.0,6.0,nan,54.0,19.0,122.0,94.0
27,三義,2018-03-31,97,6.0,5.0,nan,44.0,17.0,97.0,82.0
26,苗栗,2018-03-31,74,6.0,5.0,nan,50.0,26.0,47.0,74.0
25,頭份,2018-03-31,55,6.0,3.0,nan,40.0,27.0,nan,55.0
24,新竹,2018-03-31,60,4.0,3.0,nan,37.0,20.0,43.0,60.0
23,竹東,2018-03-31,53,6.0,3.0,nan,36.0,12.0,41.0,53.0
22,湖口,2018-03-31,61,4.0,3.0,nan,44.0,11.0,48.0,61.0
21,龍潭,2018-03-31,66,3.0,3.0,nan,37.0,15.0,45.0,66.0
20,平鎮,2018-03-31,55,4.0,5.0,nan,47.0,16.0,44.0,55.0
19,觀音,2018-03-31,72,30.0,3.0,nan,64.0,22.0,41.0,72.0
18,大園,2018-03-31,58,3.0,3.0,nan,57.0,22.0,27.0,58.0
17,桃園,2018-03-31,53,7.0,3.0,nan,44.0,17.0,41.0,53.0
16,大同,2018-03-31,62,4.0,9.0,nan,57.0,37.0,nan,62.0
15,松山,2018-03-31,61,7.0,3.0,nan,44.0,27.0,40.0,61.0
14,古亭,2018-03-31,43,3.0,3.0,nan,40.0,19.0,43.0,nan
13,萬華,2018-03-31,59,4.0,5.0,nan,42.0,25.0,36.0,59.0
12,中山,2018-03-31,59,6.0,6.0,nan,44.0,26.0,34.0,59.0
11,士林,2018-03-31,54,7.0,2.0,nan,44.0,8.0,41.0,54.0
10,淡水,2018-03-31,51,6.0,2.0,nan,44.0,8.0,33.0,51.0
9,林口,2018-03-31,57,6.0,3.0,nan,46.0,19.0,44.0,57.0
8,菜寮,2018-03-31,54,3.0,5.0,nan,40.0,15.0,31.0,54.0
7,新莊,2018-03-31,47,3.0,3.0,nan,42.0,16.0,44.0,47.0
6,板橋,2018-03-31,57,3.0,5.0,nan,42.0,21.0,40.0,57.0
5,土城,2018-03-31,49,3.0,3.0,nan,37.0,22.0,44.0,49.0
4,新店,2018-03-31,54,3.0,3.0,nan,37.0,17.0,46.0,54.0
3,萬里,2018-03-31,58,7.0,2.0,nan,43.0,18.0,51.0,58.0
2,汐止,2018-03-31,63,11.0,5.0,nan,39.0,28.0,45.0,63.0
