siteid,sitename,monitordate,aqi,so2subindex,cosubindex,o3subindex,pm10subindex,no2subindex,o38subindex,pm25subindex
18,大園,2017-12-01,34,7.0,3.0,nan,30.0,23.0,34.0,27.0
67,三重,2017-12-01,44,6.0,17.0,nan,22.0,44.0,nan,21.0
2,汐止,2017-12-01,41,9.0,3.0,nan,17.0,23.0,39.0,41.0
3,萬里,2017-12-01,44,4.0,2.0,nan,42.0,3.0,44.0,44.0
4,新店,2017-12-01,34,7.0,6.0,nan,14.0,22.0,34.0,31.0
5,土城,2017-12-01,35,6.0,5.0,nan,15.0,17.0,35.0,26.0
6,板橋,2017-12-01,34,7.0,6.0,nan,15.0,28.0,34.0,29.0
7,新莊,2017-12-01,35,4.0,6.0,nan,13.0,21.0,35.0,7.0
8,菜寮,2017-12-01,35,3.0,6.0,nan,19.0,20.0,35.0,18.0
9,林口,2017-12-01,35,3.0,3.0,nan,22.0,25.0,35.0,32.0
10,淡水,2017-12-01,34,1.0,3.0,nan,10.0,7.0,34.0,18.0
11,士林,2017-12-01,40,3.0,3.0,nan,8.0,8.0,40.0,15.0
12,中山,2017-12-01,33,4.0,7.0,nan,12.0,30.0,33.0,nan
13,萬華,2017-12-01,34,6.0,6.0,nan,13.0,31.0,34.0,23.0
14,古亭,2017-12-01,35,6.0,5.0,nan,9.0,24.0,34.0,35.0
15,松山,2017-12-01,34,10.0,3.0,nan,8.0,28.0,34.0,25.0
16,大同,2017-12-01,38,4.0,12.0,nan,23.0,38.0,nan,15.0
17,桃園,2017-12-01,31,10.0,5.0,nan,19.0,25.0,31.0,29.0
19,觀音,2017-12-01,46,9.0,2.0,nan,31.0,8.0,32.0,46.0
20,平鎮,2017-12-01,30,6.0,6.0,nan,19.0,22.0,30.0,24.0
21,龍潭,2017-12-01,36,4.0,3.0,nan,19.0,9.0,36.0,23.0
22,湖口,2017-12-01,38,4.0,3.0,nan,22.0,9.0,38.0,31.0
23,竹東,2017-12-01,37,3.0,2.0,nan,9.0,6.0,37.0,32.0
24,新竹,2017-12-01,34,4.0,3.0,nan,19.0,13.0,34.0,32.0
25,頭份,2017-12-01,36,4.0,3.0,nan,17.0,14.0,nan,36.0
26,苗栗,2017-12-01,34,4.0,5.0,nan,19.0,11.0,33.0,34.0
27,三義,2017-12-01,35,3.0,2.0,nan,15.0,11.0,35.0,20.0
28,豐原,2017-12-01,33,3.0,2.0,nan,16.0,11.0,33.0,26.0
29,沙鹿,2017-12-01,32,4.0,3.0,nan,22.0,15.0,32.0,27.0
30,大里,2017-12-01,31,4.0,5.0,nan,16.0,25.0,31.0,10.0
31,忠明,2017-12-01,32,3.0,5.0,nan,13.0,24.0,32.0,12.0
32,西屯,2017-12-01,38,3.0,3.0,nan,23.0,16.0,38.0,13.0
33,彰化,2017-12-01,28,4.0,6.0,nan,26.0,22.0,28.0,26.0
34,線西,2017-12-01,-1,nan,nan,nan,nan,nan,nan,nan
35,二林,2017-12-01,36,9.0,3.0,nan,34.0,14.0,34.0,36.0
36,南投,2017-12-01,36,6.0,6.0,nan,26.0,28.0,36.0,30.0
37,斗六,2017-12-01,42,4.0,5.0,nan,33.0,28.0,41.0,42.0
38,崙背,2017-12-01,103,9.0,5.0,nan,103.0,17.0,33.0,57.0
39,新港,2017-12-01,62,7.0,3.0,nan,62.0,17.0,40.0,42.0
40,朴子,2017-12-01,104,7.0,5.0,nan,104.0,17.0,41.0,53.0
41,臺西,2017-12-01,53,3.0,2.0,nan,53.0,6.0,nan,51.0
42,嘉義,2017-12-01,52,4.0,6.0,nan,46.0,31.0,38.0,52.0
43,新營,2017-12-01,71,7.0,5.0,nan,71.0,22.0,36.0,52.0
44,善化,2017-12-01,65,7.0,5.0,nan,65.0,20.0,38.0,54.0
45,安南,2017-12-01,69,6.0,5.0,nan,69.0,17.0,43.0,49.0
46,臺南,2017-12-01,69,6.0,6.0,nan,69.0,20.0,38.0,57.0
47,美濃,2017-12-01,80,4.0,5.0,nan,59.0,14.0,44.0,80.0
48,橋頭,2017-12-01,87,6.0,6.0,nan,70.0,28.0,36.0,87.0
49,仁武,2017-12-01,84,7.0,7.0,nan,76.0,32.0,40.0,84.0
50,鳳山,2017-12-01,94,14.0,9.0,nan,84.0,42.0,nan,94.0
51,大寮,2017-12-01,91,14.0,7.0,nan,67.0,38.0,41.0,91.0
52,林園,2017-12-01,109,19.0,6.0,nan,75.0,43.0,51.0,109.0
53,楠梓,2017-12-01,87,6.0,6.0,nan,84.0,25.0,41.0,87.0
54,左營,2017-12-01,85,6.0,7.0,nan,79.0,32.0,42.0,85.0
56,前金,2017-12-01,84,6.0,7.0,nan,80.0,30.0,41.0,84.0
57,前鎮,2017-12-01,94,9.0,9.0,nan,75.0,38.0,nan,94.0
58,小港,2017-12-01,92,16.0,8.0,nan,71.0,45.0,36.0,92.0
1,基隆,2017-12-01,39,1.0,2.0,nan,15.0,5.0,39.0,24.0
59,屏東,2017-12-01,83,10.0,8.0,nan,66.0,29.0,41.0,83.0
60,潮州,2017-12-01,114,11.0,6.0,nan,86.0,26.0,77.0,114.0
61,恆春,2017-12-01,44,3.0,2.0,nan,22.0,3.0,44.0,nan
62,臺東,2017-12-01,45,1.0,5.0,nan,45.0,9.0,31.0,20.0
63,花蓮,2017-12-01,40,3.0,3.0,nan,16.0,15.0,40.0,20.0
64,陽明,2017-12-01,40,3.0,2.0,nan,5.0,2.0,40.0,5.0
65,宜蘭,2017-12-01,37,3.0,5.0,nan,19.0,13.0,37.0,21.0
66,冬山,2017-12-01,35,3.0,3.0,nan,12.0,15.0,35.0,15.0
68,中壢,2017-12-01,30,6.0,10.0,nan,24.0,30.0,nan,21.0
69,竹山,2017-12-01,68,4.0,5.0,nan,35.0,27.0,43.0,68.0
70,永和,2017-12-01,28,6.0,7.0,nan,15.0,23.0,nan,28.0
71,復興,2017-12-01,87,6.0,11.0,nan,79.0,39.0,nan,87.0
72,埔里,2017-12-01,67,6.0,6.0,nan,33.0,24.0,45.0,67.0
75,馬祖,2017-12-01,65,4.0,2.0,nan,36.0,6.0,39.0,65.0
77,金門,2017-12-01,54,4.0,3.0,nan,34.0,9.0,43.0,54.0
78,馬公,2017-12-01,39,3.0,2.0,nan,24.0,3.0,38.0,39.0
80,關山,2017-12-01,36,1.0,nan,nan,36.0,6.0,31.0,23.0
83,麥寮,2017-12-01,87,4.0,3.0,nan,87.0,10.0,nan,61.0
84,富貴角,2017-12-01,51,1.0,2.0,nan,37.0,2.0,43.0,51.0
1,基隆,2017-12-02,38,3.0,2.0,nan,11.0,10.0,38.0,23.0
84,富貴角,2017-12-02,43,1.0,2.0,nan,33.0,2.0,41.0,43.0
83,麥寮,2017-12-02,58,4.0,3.0,nan,57.0,11.0,nan,58.0
80,關山,2017-12-02,32,3.0,nan,nan,15.0,7.0,32.0,25.0
78,馬公,2017-12-02,37,3.0,2.0,nan,21.0,3.0,37.0,37.0
77,金門,2017-12-02,73,10.0,3.0,nan,48.0,12.0,50.0,73.0
75,馬祖,2017-12-02,77,6.0,3.0,nan,48.0,5.0,40.0,77.0
72,埔里,2017-12-02,71,3.0,7.0,nan,34.0,25.0,46.0,71.0
71,復興,2017-12-02,106,20.0,11.0,nan,79.0,32.0,nan,106.0
70,永和,2017-12-02,28,6.0,6.0,nan,9.0,17.0,nan,28.0
69,竹山,2017-12-02,101,4.0,5.0,nan,48.0,23.0,45.0,101.0
68,中壢,2017-12-02,27,4.0,9.0,nan,27.0,25.0,nan,18.0
66,冬山,2017-12-02,39,1.0,3.0,nan,9.0,14.0,39.0,6.0
65,宜蘭,2017-12-02,39,3.0,3.0,nan,16.0,10.0,39.0,24.0
64,陽明,2017-12-02,38,1.0,2.0,nan,5.0,1.0,38.0,4.0
63,花蓮,2017-12-02,35,4.0,5.0,nan,17.0,24.0,35.0,17.0
62,臺東,2017-12-02,35,1.0,3.0,nan,35.0,9.0,30.0,19.0
61,恆春,2017-12-02,43,6.0,2.0,nan,20.0,3.0,43.0,34.0
60,潮州,2017-12-02,126,10.0,8.0,nan,103.0,23.0,126.0,119.0
59,屏東,2017-12-02,100,4.0,7.0,nan,75.0,24.0,58.0,100.0
58,小港,2017-12-02,108,20.0,9.0,nan,85.0,37.0,43.0,108.0
57,前鎮,2017-12-02,112,20.0,9.0,nan,76.0,29.0,nan,112.0
56,前金,2017-12-02,91,4.0,7.0,nan,71.0,27.0,43.0,91.0
54,左營,2017-12-02,99,7.0,7.0,nan,73.0,27.0,44.0,99.0
53,楠梓,2017-12-02,100,6.0,6.0,nan,82.0,21.0,44.0,100.0
52,林園,2017-12-02,107,14.0,7.0,nan,84.0,37.0,64.0,107.0
51,大寮,2017-12-02,98,11.0,7.0,nan,73.0,30.0,49.0,98.0
50,鳳山,2017-12-02,110,20.0,9.0,nan,92.0,32.0,nan,110.0
49,仁武,2017-12-02,95,9.0,7.0,nan,76.0,23.0,45.0,95.0
48,橋頭,2017-12-02,98,7.0,7.0,nan,70.0,21.0,40.0,98.0
47,美濃,2017-12-02,95,3.0,6.0,nan,64.0,14.0,48.0,95.0
46,臺南,2017-12-02,74,6.0,6.0,nan,58.0,21.0,35.0,74.0
45,安南,2017-12-02,62,7.0,5.0,nan,62.0,19.0,39.0,60.0
44,善化,2017-12-02,71,7.0,5.0,nan,62.0,19.0,34.0,71.0
43,新營,2017-12-02,66,7.0,5.0,nan,63.0,18.0,32.0,66.0
42,嘉義,2017-12-02,66,9.0,6.0,nan,54.0,23.0,34.0,66.0
41,臺西,2017-12-02,54,3.0,3.0,nan,36.0,8.0,nan,54.0
40,朴子,2017-12-02,82,9.0,5.0,nan,82.0,11.0,37.0,54.0
39,新港,2017-12-02,59,10.0,5.0,nan,59.0,14.0,32.0,56.0
38,崙背,2017-12-02,54,11.0,5.0,nan,54.0,15.0,31.0,52.0
37,斗六,2017-12-02,55,6.0,5.0,nan,39.0,25.0,40.0,55.0
36,南投,2017-12-02,58,6.0,6.0,nan,42.0,27.0,31.0,58.0
35,二林,2017-12-02,43,14.0,5.0,nan,37.0,13.0,30.0,43.0
34,線西,2017-12-02,13,4.0,5.0,nan,nan,13.0,nan,nan
33,彰化,2017-12-02,30,6.0,5.0,nan,25.0,16.0,28.0,30.0
32,西屯,2017-12-02,35,4.0,3.0,nan,26.0,20.0,35.0,24.0
31,忠明,2017-12-02,29,3.0,5.0,nan,14.0,21.0,29.0,28.0
30,大里,2017-12-02,31,4.0,6.0,nan,28.0,25.0,28.0,31.0
29,沙鹿,2017-12-02,35,4.0,3.0,nan,23.0,13.0,32.0,35.0
28,豐原,2017-12-02,30,7.0,5.0,nan,17.0,22.0,30.0,24.0
27,三義,2017-12-02,33,4.0,3.0,nan,16.0,18.0,33.0,31.0
26,苗栗,2017-12-02,36,4.0,5.0,nan,19.0,20.0,32.0,36.0
25,頭份,2017-12-02,37,6.0,3.0,nan,13.0,13.0,nan,37.0
24,新竹,2017-12-02,33,4.0,3.0,nan,14.0,17.0,33.0,26.0
23,竹東,2017-12-02,42,4.0,3.0,nan,21.0,10.0,35.0,42.0
22,湖口,2017-12-02,35,4.0,3.0,nan,21.0,11.0,35.0,31.0
21,龍潭,2017-12-02,35,3.0,3.0,nan,20.0,10.0,35.0,28.0
20,平鎮,2017-12-02,33,6.0,5.0,nan,23.0,16.0,33.0,26.0
19,觀音,2017-12-02,40,9.0,2.0,nan,31.0,8.0,31.0,40.0
17,桃園,2017-12-02,31,9.0,5.0,nan,13.0,17.0,31.0,28.0
16,大同,2017-12-02,37,7.0,12.0,nan,26.0,37.0,nan,20.0
15,松山,2017-12-02,32,10.0,5.0,nan,11.0,21.0,32.0,27.0
14,古亭,2017-12-02,35,7.0,5.0,nan,8.0,18.0,35.0,21.0
13,萬華,2017-12-02,31,7.0,5.0,nan,12.0,27.0,31.0,26.0
12,中山,2017-12-02,32,6.0,6.0,nan,14.0,27.0,32.0,25.0
11,士林,2017-12-02,40,3.0,2.0,nan,10.0,7.0,40.0,15.0
10,淡水,2017-12-02,33,1.0,5.0,nan,8.0,16.0,33.0,21.0
9,林口,2017-12-02,34,4.0,3.0,nan,21.0,19.0,34.0,29.0
8,菜寮,2017-12-02,34,4.0,5.0,nan,21.0,20.0,34.0,24.0
7,新莊,2017-12-02,33,6.0,5.0,nan,14.0,20.0,33.0,12.0
6,板橋,2017-12-02,33,7.0,6.0,nan,13.0,23.0,33.0,27.0
5,土城,2017-12-02,35,6.0,5.0,nan,11.0,18.0,35.0,22.0
4,新店,2017-12-02,32,3.0,5.0,nan,11.0,21.0,32.0,31.0
3,萬里,2017-12-02,43,4.0,2.0,nan,31.0,3.0,43.0,40.0
2,汐止,2017-12-02,37,7.0,3.0,nan,15.0,19.0,37.0,35.0
67,三重,2017-12-02,31,7.0,14.0,nan,26.0,31.0,nan,21.0
18,大園,2017-12-02,32,10.0,3.0,nan,25.0,23.0,32.0,22.0
84,富貴角,2017-12-03,42,1.0,1.0,nan,35.0,2.0,42.0,37.0
83,麥寮,2017-12-03,59,4.0,3.0,nan,52.0,9.0,nan,59.0
80,關山,2017-12-03,32,3.0,nan,nan,17.0,5.0,32.0,25.0
78,馬公,2017-12-03,39,3.0,2.0,nan,20.0,4.0,39.0,32.0
77,金門,2017-12-03,69,14.0,3.0,nan,41.0,18.0,48.0,69.0
75,馬祖,2017-12-03,55,4.0,2.0,nan,27.0,6.0,44.0,55.0
72,埔里,2017-12-03,84,4.0,6.0,nan,38.0,18.0,39.0,84.0
71,復興,2017-12-03,111,7.0,11.0,nan,66.0,28.0,nan,111.0
70,永和,2017-12-03,28,6.0,6.0,nan,10.0,23.0,nan,28.0
69,竹山,2017-12-03,97,4.0,5.0,nan,41.0,22.0,45.0,97.0
68,中壢,2017-12-03,29,6.0,8.0,nan,29.0,28.0,nan,18.0
66,冬山,2017-12-03,35,3.0,3.0,nan,11.0,18.0,35.0,9.0
65,宜蘭,2017-12-03,36,3.0,3.0,nan,17.0,8.0,36.0,22.0
64,陽明,2017-12-03,40,3.0,1.0,nan,5.0,2.0,40.0,6.0
63,花蓮,2017-12-03,38,3.0,3.0,nan,17.0,12.0,38.0,24.0
62,臺東,2017-12-03,31,1.0,3.0,nan,24.0,7.0,31.0,22.0
61,恆春,2017-12-03,42,4.0,2.0,nan,20.0,3.0,42.0,33.0
60,潮州,2017-12-03,126,9.0,6.0,nan,90.0,20.0,126.0,108.0
59,屏東,2017-12-03,121,7.0,7.0,nan,69.0,20.0,61.0,121.0
58,小港,2017-12-03,111,37.0,7.0,nan,64.0,64.0,44.0,111.0
57,前鎮,2017-12-03,119,11.0,8.0,nan,64.0,27.0,nan,119.0
56,前金,2017-12-03,96,6.0,6.0,nan,64.0,24.0,45.0,96.0
54,左營,2017-12-03,116,6.0,6.0,nan,65.0,22.0,44.0,116.0
53,楠梓,2017-12-03,107,4.0,6.0,nan,67.0,19.0,47.0,107.0
52,林園,2017-12-03,104,17.0,7.0,nan,69.0,29.0,104.0,88.0
51,大寮,2017-12-03,107,29.0,7.0,nan,66.0,34.0,51.0,107.0
50,鳳山,2017-12-03,116,11.0,8.0,nan,77.0,30.0,nan,116.0
49,仁武,2017-12-03,105,13.0,7.0,nan,64.0,21.0,49.0,105.0
48,橋頭,2017-12-03,100,7.0,6.0,nan,59.0,23.0,42.0,100.0
47,美濃,2017-12-03,104,7.0,5.0,nan,63.0,11.0,46.0,104.0
46,臺南,2017-12-03,65,6.0,6.0,nan,43.0,19.0,38.0,65.0
45,安南,2017-12-03,63,4.0,5.0,nan,50.0,16.0,42.0,63.0
44,善化,2017-12-03,67,6.0,3.0,nan,52.0,16.0,39.0,67.0
43,新營,2017-12-03,70,6.0,5.0,nan,59.0,16.0,39.0,70.0
42,嘉義,2017-12-03,72,7.0,6.0,nan,48.0,21.0,42.0,72.0
41,臺西,2017-12-03,49,3.0,2.0,nan,34.0,6.0,nan,49.0
40,朴子,2017-12-03,62,6.0,3.0,nan,62.0,10.0,39.0,51.0
39,新港,2017-12-03,61,7.0,3.0,nan,44.0,13.0,42.0,61.0
38,崙背,2017-12-03,56,7.0,3.0,nan,49.0,12.0,39.0,56.0
37,斗六,2017-12-03,74,4.0,5.0,nan,39.0,28.0,43.0,74.0
36,南投,2017-12-03,62,4.0,5.0,nan,37.0,30.0,33.0,62.0
35,二林,2017-12-03,36,9.0,3.0,nan,27.0,11.0,36.0,31.0
34,線西,2017-12-03,51,9.0,5.0,nan,30.0,14.0,nan,51.0
33,彰化,2017-12-03,35,4.0,5.0,nan,25.0,13.0,30.0,35.0
32,西屯,2017-12-03,36,4.0,2.0,nan,24.0,11.0,36.0,35.0
31,忠明,2017-12-03,33,3.0,3.0,nan,19.0,16.0,30.0,33.0
30,大里,2017-12-03,32,3.0,5.0,nan,23.0,20.0,30.0,32.0
29,沙鹿,2017-12-03,39,3.0,3.0,nan,22.0,10.0,33.0,39.0
28,豐原,2017-12-03,31,3.0,2.0,nan,16.0,10.0,31.0,26.0
27,三義,2017-12-03,42,3.0,3.0,nan,22.0,9.0,31.0,42.0
26,苗栗,2017-12-03,40,4.0,3.0,nan,26.0,14.0,30.0,40.0
25,頭份,2017-12-03,37,6.0,3.0,nan,17.0,10.0,nan,37.0
24,新竹,2017-12-03,32,4.0,3.0,nan,16.0,17.0,32.0,24.0
23,竹東,2017-12-03,34,4.0,2.0,nan,10.0,8.0,33.0,34.0
22,湖口,2017-12-03,36,6.0,2.0,nan,22.0,14.0,36.0,31.0
21,龍潭,2017-12-03,35,7.0,3.0,nan,20.0,13.0,35.0,24.0
20,平鎮,2017-12-03,29,6.0,5.0,nan,22.0,18.0,29.0,16.0
19,觀音,2017-12-03,36,13.0,2.0,nan,31.0,8.0,34.0,36.0
18,大園,2017-12-03,33,14.0,2.0,nan,24.0,24.0,33.0,24.0
17,桃園,2017-12-03,30,10.0,5.0,nan,18.0,18.0,30.0,26.0
16,大同,2017-12-03,40,4.0,14.0,nan,28.0,40.0,nan,13.0
15,松山,2017-12-03,31,6.0,5.0,nan,8.0,26.0,31.0,26.0
14,古亭,2017-12-03,31,7.0,5.0,nan,12.0,21.0,31.0,24.0
13,萬華,2017-12-03,32,6.0,6.0,nan,15.0,32.0,31.0,18.0
12,中山,2017-12-03,31,4.0,6.0,nan,12.0,27.0,31.0,20.0
11,士林,2017-12-03,36,3.0,3.0,nan,12.0,16.0,36.0,16.0
10,淡水,2017-12-03,31,3.0,2.0,nan,10.0,7.0,31.0,20.0
9,林口,2017-12-03,33,3.0,3.0,nan,21.0,17.0,33.0,28.0
8,菜寮,2017-12-03,31,4.0,6.0,nan,19.0,22.0,31.0,20.0
7,新莊,2017-12-03,32,6.0,6.0,nan,12.0,25.0,32.0,7.0
6,板橋,2017-12-03,32,9.0,6.0,nan,15.0,30.0,32.0,25.0
5,土城,2017-12-03,31,11.0,5.0,nan,14.0,18.0,31.0,27.0
4,新店,2017-12-03,40,6.0,5.0,nan,13.0,21.0,31.0,40.0
3,萬里,2017-12-03,44,4.0,2.0,nan,44.0,12.0,41.0,42.0
2,汐止,2017-12-03,35,6.0,5.0,nan,16.0,25.0,35.0,35.0
67,三重,2017-12-03,35,4.0,15.0,nan,30.0,35.0,nan,11.0
1,基隆,2017-12-03,36,3.0,3.0,nan,10.0,18.0,36.0,18.0
19,觀音,2017-12-04,84,11.0,5.0,nan,56.0,15.0,47.0,84.0
83,麥寮,2017-12-04,102,10.0,6.0,nan,102.0,22.0,nan,93.0
80,關山,2017-12-04,35,1.0,nan,nan,24.0,8.0,31.0,35.0
78,馬公,2017-12-04,62,4.0,6.0,nan,33.0,7.0,54.0,62.0
77,金門,2017-12-04,86,9.0,5.0,nan,49.0,14.0,58.0,86.0
75,馬祖,2017-12-04,115,4.0,6.0,nan,54.0,9.0,115.0,98.0
72,埔里,2017-12-04,62,6.0,5.0,nan,32.0,23.0,44.0,62.0
71,復興,2017-12-04,111,10.0,11.0,nan,92.0,38.0,nan,111.0
70,永和,2017-12-04,67,4.0,14.0,nan,39.0,31.0,nan,67.0
69,竹山,2017-12-04,90,4.0,6.0,nan,47.0,26.0,49.0,90.0
68,中壢,2017-12-04,58,6.0,9.0,nan,53.0,35.0,nan,58.0
66,冬山,2017-12-04,47,4.0,5.0,nan,42.0,22.0,45.0,47.0
65,宜蘭,2017-12-04,63,4.0,5.0,nan,43.0,20.0,44.0,63.0
64,陽明,2017-12-04,51,3.0,5.0,nan,19.0,8.0,51.0,48.0
63,花蓮,2017-12-04,46,3.0,5.0,nan,33.0,10.0,46.0,46.0
62,臺東,2017-12-04,33,3.0,5.0,nan,33.0,8.0,33.0,33.0
61,恆春,2017-12-04,50,3.0,2.0,nan,31.0,4.0,46.0,50.0
60,潮州,2017-12-04,127,9.0,6.0,nan,92.0,22.0,93.0,127.0
59,屏東,2017-12-04,121,13.0,8.0,nan,85.0,31.0,67.0,121.0
58,小港,2017-12-04,112,46.0,9.0,nan,94.0,69.0,49.0,112.0
57,前鎮,2017-12-04,118,10.0,9.0,nan,87.0,36.0,nan,118.0
56,前金,2017-12-04,89,6.0,7.0,nan,89.0,33.0,49.0,89.0
54,左營,2017-12-04,100,6.0,6.0,nan,nan,26.0,54.0,100.0
53,楠梓,2017-12-04,106,7.0,6.0,nan,96.0,25.0,49.0,106.0
52,林園,2017-12-04,87,14.0,7.0,nan,87.0,41.0,80.0,83.0
51,大寮,2017-12-04,107,24.0,8.0,nan,82.0,48.0,49.0,107.0
50,鳳山,2017-12-04,110,11.0,8.0,nan,101.0,36.0,nan,110.0
49,仁武,2017-12-04,90,11.0,6.0,nan,86.0,28.0,50.0,90.0
48,橋頭,2017-12-04,104,6.0,7.0,nan,82.0,26.0,45.0,104.0
47,美濃,2017-12-04,95,4.0,5.0,nan,75.0,13.0,58.0,95.0
46,臺南,2017-12-04,104,4.0,7.0,nan,104.0,23.0,44.0,76.0
45,安南,2017-12-04,103,7.0,6.0,nan,103.0,23.0,46.0,77.0
44,善化,2017-12-04,85,6.0,5.0,nan,85.0,19.0,43.0,82.0
43,新營,2017-12-04,103,6.0,6.0,nan,103.0,25.0,41.0,82.0
42,嘉義,2017-12-04,73,7.0,7.0,nan,71.0,30.0,41.0,73.0
41,臺西,2017-12-04,85,7.0,5.0,nan,62.0,13.0,nan,85.0
40,朴子,2017-12-04,124,6.0,6.0,nan,124.0,18.0,47.0,77.0
39,新港,2017-12-04,101,9.0,6.0,nan,101.0,17.0,43.0,83.0
38,崙背,2017-12-04,121,9.0,6.0,nan,121.0,16.0,43.0,94.0
37,斗六,2017-12-04,72,3.0,6.0,nan,53.0,24.0,44.0,72.0
36,南投,2017-12-04,64,6.0,7.0,nan,48.0,30.0,34.0,64.0
35,二林,2017-12-04,71,10.0,6.0,nan,57.0,17.0,41.0,71.0
34,線西,2017-12-04,82,7.0,6.0,nan,54.0,19.0,nan,82.0
33,彰化,2017-12-04,67,3.0,7.0,nan,37.0,20.0,36.0,67.0
32,西屯,2017-12-04,60,4.0,5.0,nan,44.0,18.0,44.0,60.0
31,忠明,2017-12-04,58,4.0,6.0,nan,32.0,24.0,37.0,58.0
30,大里,2017-12-04,49,4.0,6.0,nan,40.0,22.0,36.0,49.0
29,沙鹿,2017-12-04,65,3.0,6.0,nan,44.0,20.0,44.0,65.0
28,豐原,2017-12-04,49,4.0,5.0,nan,34.0,14.0,37.0,49.0
27,三義,2017-12-04,67,3.0,5.0,nan,38.0,16.0,44.0,67.0
26,苗栗,2017-12-04,78,4.0,6.0,nan,50.0,21.0,42.0,78.0
25,頭份,2017-12-04,19,4.0,6.0,nan,nan,19.0,nan,nan
24,新竹,2017-12-04,70,4.0,6.0,nan,45.0,18.0,46.0,70.0
23,竹東,2017-12-04,75,4.0,5.0,nan,40.0,18.0,45.0,75.0
22,湖口,2017-12-04,73,7.0,6.0,nan,46.0,13.0,58.0,73.0
21,龍潭,2017-12-04,68,6.0,6.0,nan,39.0,25.0,44.0,68.0
20,平鎮,2017-12-04,53,4.0,7.0,nan,50.0,28.0,41.0,53.0
84,富貴角,2017-12-04,93,1.0,3.0,nan,68.0,10.0,71.0,93.0
18,大園,2017-12-04,54,3.0,5.0,nan,48.0,17.0,54.0,52.0
17,桃園,2017-12-04,68,6.0,6.0,nan,40.0,21.0,44.0,68.0
16,大同,2017-12-04,60,7.0,14.0,nan,52.0,47.0,nan,60.0
15,松山,2017-12-04,62,3.0,6.0,nan,28.0,27.0,44.0,62.0
14,古亭,2017-12-04,68,3.0,7.0,nan,35.0,30.0,42.0,68.0
13,萬華,2017-12-04,66,4.0,7.0,nan,32.0,30.0,37.0,66.0
12,中山,2017-12-04,57,4.0,8.0,nan,38.0,30.0,39.0,57.0
11,士林,2017-12-04,62,4.0,5.0,nan,34.0,22.0,58.0,62.0
10,淡水,2017-12-04,63,4.0,6.0,nan,43.0,15.0,47.0,63.0
9,林口,2017-12-04,76,3.0,5.0,nan,52.0,24.0,51.0,76.0
8,菜寮,2017-12-04,60,4.0,6.0,nan,46.0,29.0,43.0,60.0
7,新莊,2017-12-04,49,4.0,6.0,nan,46.0,29.0,45.0,49.0
6,板橋,2017-12-04,64,3.0,7.0,nan,44.0,26.0,42.0,64.0
5,土城,2017-12-04,67,4.0,7.0,nan,41.0,26.0,44.0,67.0
4,新店,2017-12-04,74,4.0,6.0,nan,40.0,24.0,44.0,74.0
3,萬里,2017-12-04,82,3.0,5.0,nan,68.0,11.0,74.0,82.0
2,汐止,2017-12-04,73,3.0,5.0,nan,39.0,20.0,51.0,73.0
67,三重,2017-12-04,56,6.0,15.0,nan,54.0,51.0,nan,56.0
1,基隆,2017-12-04,64,10.0,5.0,nan,34.0,22.0,51.0,64.0
1,基隆,2017-12-05,67,4.0,3.0,nan,39.0,8.0,44.0,67.0
84,富貴角,2017-12-05,92,1.0,2.0,nan,67.0,3.0,51.0,92.0
83,麥寮,2017-12-05,105,9.0,5.0,nan,105.0,24.0,nan,99.0
80,關山,2017-12-05,48,1.0,nan,nan,30.0,7.0,40.0,48.0
78,馬公,2017-12-05,80,4.0,5.0,nan,50.0,5.0,47.0,80.0
77,金門,2017-12-05,154,7.0,6.0,nan,87.0,12.0,97.0,154.0
75,馬祖,2017-12-05,155,6.0,6.0,nan,84.0,8.0,93.0,155.0
72,埔里,2017-12-05,77,4.0,6.0,nan,44.0,18.0,42.0,77.0
71,復興,2017-12-05,139,9.0,12.0,nan,92.0,41.0,nan,139.0
70,永和,2017-12-05,70,6.0,9.0,nan,44.0,34.0,nan,70.0
69,竹山,2017-12-05,109,4.0,5.0,nan,57.0,25.0,44.0,109.0
68,中壢,2017-12-05,69,7.0,14.0,nan,65.0,44.0,nan,69.0
66,冬山,2017-12-05,42,3.0,3.0,nan,37.0,12.0,42.0,42.0
65,宜蘭,2017-12-05,61,3.0,5.0,nan,37.0,8.0,40.0,61.0
64,陽明,2017-12-05,60,3.0,2.0,nan,26.0,2.0,45.0,60.0
63,花蓮,2017-12-05,46,3.0,5.0,nan,26.0,22.0,44.0,46.0
62,臺東,2017-12-05,45,3.0,5.0,nan,42.0,9.0,40.0,45.0
61,恆春,2017-12-05,57,1.0,3.0,nan,32.0,4.0,50.0,57.0
60,潮州,2017-12-05,87,10.0,6.0,nan,86.0,21.0,87.0,85.0
59,屏東,2017-12-05,107,6.0,7.0,nan,87.0,25.0,77.0,107.0
58,小港,2017-12-05,132,17.0,9.0,nan,95.0,46.0,50.0,132.0
57,前鎮,2017-12-05,151,7.0,9.0,nan,93.0,41.0,nan,151.0
56,前金,2017-12-05,131,6.0,8.0,nan,92.0,35.0,67.0,131.0
54,左營,2017-12-05,125,7.0,8.0,nan,nan,33.0,84.0,125.0
53,楠梓,2017-12-05,154,6.0,7.0,nan,95.0,35.0,71.0,154.0
52,林園,2017-12-05,106,23.0,8.0,nan,90.0,42.0,87.0,106.0
51,大寮,2017-12-05,122,19.0,8.0,nan,82.0,37.0,58.0,122.0
50,鳳山,2017-12-05,134,19.0,8.0,nan,99.0,39.0,nan,134.0
49,仁武,2017-12-05,131,14.0,7.0,nan,89.0,32.0,67.0,131.0
48,橋頭,2017-12-05,145,7.0,7.0,nan,85.0,31.0,58.0,145.0
47,美濃,2017-12-05,102,3.0,5.0,nan,75.0,15.0,71.0,102.0
46,臺南,2017-12-05,119,6.0,6.0,nan,80.0,23.0,46.0,119.0
45,安南,2017-12-05,109,6.0,6.0,nan,84.0,22.0,50.0,109.0
44,善化,2017-12-05,104,4.0,6.0,nan,69.0,21.0,48.0,104.0
43,新營,2017-12-05,113,3.0,5.0,nan,80.0,21.0,46.0,113.0
42,嘉義,2017-12-05,106,17.0,7.0,nan,68.0,30.0,44.0,106.0
41,臺西,2017-12-05,101,10.0,5.0,nan,95.0,22.0,nan,101.0
40,朴子,2017-12-05,96,7.0,5.0,nan,96.0,20.0,45.0,87.0
39,新港,2017-12-05,102,4.0,5.0,nan,68.0,17.0,46.0,102.0
38,崙背,2017-12-05,98,9.0,3.0,nan,85.0,16.0,43.0,98.0
37,斗六,2017-12-05,100,6.0,5.0,nan,55.0,24.0,44.0,100.0
36,南投,2017-12-05,75,4.0,7.0,nan,52.0,26.0,31.0,75.0
35,二林,2017-12-05,79,9.0,5.0,nan,65.0,16.0,41.0,79.0
34,線西,2017-12-05,85,6.0,5.0,nan,53.0,17.0,nan,85.0
33,彰化,2017-12-05,80,4.0,6.0,nan,43.0,18.0,39.0,80.0
32,西屯,2017-12-05,75,3.0,3.0,nan,49.0,13.0,47.0,75.0
31,忠明,2017-12-05,67,4.0,5.0,nan,40.0,22.0,41.0,67.0
30,大里,2017-12-05,61,3.0,6.0,nan,44.0,22.0,40.0,61.0
29,沙鹿,2017-12-05,67,4.0,3.0,nan,43.0,12.0,44.0,67.0
28,豐原,2017-12-05,56,3.0,3.0,nan,35.0,11.0,42.0,56.0
27,三義,2017-12-05,68,4.0,3.0,nan,40.0,9.0,45.0,68.0
26,苗栗,2017-12-05,78,4.0,5.0,nan,51.0,14.0,43.0,78.0
25,頭份,2017-12-05,79,4.0,3.0,nan,51.0,20.0,nan,79.0
24,新竹,2017-12-05,78,4.0,3.0,nan,51.0,19.0,43.0,78.0
23,竹東,2017-12-05,76,4.0,3.0,nan,39.0,10.0,47.0,76.0
22,湖口,2017-12-05,74,4.0,3.0,nan,52.0,12.0,47.0,74.0
21,龍潭,2017-12-05,68,4.0,5.0,nan,48.0,19.0,43.0,68.0
20,平鎮,2017-12-05,74,7.0,7.0,nan,55.0,27.0,40.0,74.0
19,觀音,2017-12-05,87,9.0,3.0,nan,64.0,15.0,42.0,87.0
18,大園,2017-12-05,65,4.0,3.0,nan,58.0,23.0,48.0,65.0
16,大同,2017-12-05,70,9.0,15.0,nan,59.0,48.0,nan,70.0
15,松山,2017-12-05,72,7.0,6.0,nan,36.0,31.0,43.0,72.0
14,古亭,2017-12-05,67,6.0,6.0,nan,46.0,36.0,43.0,67.0
13,萬華,2017-12-05,70,7.0,7.0,nan,46.0,35.0,41.0,70.0
12,中山,2017-12-05,68,6.0,8.0,nan,56.0,34.0,42.0,68.0
11,士林,2017-12-05,61,3.0,3.0,nan,47.0,25.0,48.0,61.0
10,淡水,2017-12-05,64,4.0,3.0,nan,46.0,10.0,43.0,64.0
9,林口,2017-12-05,70,3.0,3.0,nan,54.0,19.0,46.0,70.0
8,菜寮,2017-12-05,62,6.0,7.0,nan,52.0,37.0,43.0,62.0
7,新莊,2017-12-05,54,6.0,7.0,nan,47.0,37.0,43.0,54.0
6,板橋,2017-12-05,71,4.0,7.0,nan,48.0,34.0,43.0,71.0
5,土城,2017-12-05,69,4.0,5.0,nan,45.0,21.0,42.0,69.0
4,新店,2017-12-05,83,4.0,6.0,nan,46.0,23.0,42.0,83.0
3,萬里,2017-12-05,85,4.0,2.0,nan,76.0,3.0,54.0,85.0
2,汐止,2017-12-05,85,10.0,6.0,nan,44.0,36.0,44.0,85.0
67,三重,2017-12-05,68,7.0,20.0,nan,64.0,47.0,nan,68.0
17,桃園,2017-12-05,70,9.0,6.0,nan,52.0,31.0,41.0,70.0
1,基隆,2017-12-06,42,4.0,6.0,nan,22.0,25.0,38.0,42.0
17,桃園,2017-12-06,48,14.0,6.0,nan,31.0,31.0,35.0,48.0
67,三重,2017-12-06,44,26.0,18.0,nan,44.0,42.0,nan,32.0
2,汐止,2017-12-06,64,9.0,7.0,nan,27.0,35.0,31.0,64.0
3,萬里,2017-12-06,44,4.0,2.0,nan,30.0,11.0,44.0,44.0
4,新店,2017-12-06,47,3.0,6.0,nan,29.0,30.0,39.0,47.0
5,土城,2017-12-06,42,4.0,7.0,nan,27.0,32.0,36.0,42.0
6,板橋,2017-12-06,44,6.0,7.0,nan,27.0,35.0,35.0,44.0
7,新莊,2017-12-06,35,14.0,8.0,nan,30.0,35.0,35.0,26.0
8,菜寮,2017-12-06,40,27.0,7.0,nan,32.0,38.0,35.0,40.0
9,林口,2017-12-06,50,19.0,6.0,nan,36.0,39.0,38.0,50.0
10,淡水,2017-12-06,40,4.0,7.0,nan,28.0,25.0,34.0,40.0
11,士林,2017-12-06,41,6.0,3.0,nan,21.0,17.0,41.0,35.0
12,中山,2017-12-06,41,14.0,9.0,nan,31.0,41.0,31.0,40.0
13,萬華,2017-12-06,42,10.0,7.0,nan,27.0,39.0,31.0,42.0
14,古亭,2017-12-06,40,6.0,6.0,nan,22.0,34.0,37.0,40.0
15,松山,2017-12-06,46,7.0,7.0,nan,24.0,38.0,32.0,46.0
16,大同,2017-12-06,44,19.0,19.0,nan,44.0,44.0,nan,40.0
18,大園,2017-12-06,45,9.0,5.0,nan,35.0,37.0,35.0,45.0
19,觀音,2017-12-06,62,13.0,3.0,nan,44.0,31.0,26.0,62.0
20,平鎮,2017-12-06,49,19.0,7.0,nan,33.0,37.0,35.0,49.0
21,龍潭,2017-12-06,45,4.0,6.0,nan,26.0,26.0,41.0,45.0
22,湖口,2017-12-06,43,9.0,5.0,nan,35.0,27.0,38.0,43.0
23,竹東,2017-12-06,58,4.0,3.0,nan,22.0,18.0,41.0,58.0
24,新竹,2017-12-06,51,10.0,6.0,nan,31.0,33.0,36.0,51.0
25,頭份,2017-12-06,60,7.0,5.0,nan,30.0,33.0,nan,60.0
26,苗栗,2017-12-06,61,6.0,6.0,nan,35.0,23.0,36.0,61.0
27,三義,2017-12-06,57,4.0,3.0,nan,30.0,18.0,38.0,57.0
28,豐原,2017-12-06,53,10.0,6.0,nan,35.0,32.0,24.0,53.0
29,沙鹿,2017-12-06,60,6.0,5.0,nan,32.0,28.0,32.0,60.0
30,大里,2017-12-06,74,6.0,10.0,nan,47.0,40.0,19.0,74.0
31,忠明,2017-12-06,60,4.0,8.0,nan,29.0,33.0,20.0,60.0
32,西屯,2017-12-06,60,4.0,6.0,nan,38.0,28.0,31.0,60.0
33,彰化,2017-12-06,65,6.0,7.0,nan,38.0,35.0,21.0,65.0
34,線西,2017-12-06,70,10.0,5.0,nan,38.0,29.0,nan,70.0
35,二林,2017-12-06,79,19.0,6.0,nan,54.0,29.0,30.0,79.0
36,南投,2017-12-06,86,7.0,8.0,nan,54.0,42.0,18.0,86.0
37,斗六,2017-12-06,93,10.0,6.0,nan,55.0,38.0,25.0,93.0
38,崙背,2017-12-06,84,13.0,6.0,nan,48.0,29.0,29.0,84.0
39,新港,2017-12-06,89,11.0,6.0,nan,57.0,33.0,31.0,89.0
40,朴子,2017-12-06,79,11.0,6.0,nan,60.0,29.0,36.0,79.0
41,臺西,2017-12-06,82,7.0,6.0,nan,42.0,26.0,nan,82.0
42,嘉義,2017-12-06,107,11.0,8.0,nan,60.0,42.0,22.0,107.0
43,新營,2017-12-06,98,10.0,7.0,nan,64.0,36.0,28.0,98.0
44,善化,2017-12-06,101,9.0,6.0,nan,61.0,37.0,31.0,101.0
45,安南,2017-12-06,89,7.0,6.0,nan,64.0,35.0,37.0,89.0
46,臺南,2017-12-06,106,7.0,8.0,nan,64.0,38.0,35.0,106.0
47,美濃,2017-12-06,102,4.0,6.0,nan,65.0,20.0,43.0,102.0
48,橋頭,2017-12-06,139,9.0,7.0,nan,74.0,34.0,36.0,139.0
49,仁武,2017-12-06,110,21.0,8.0,nan,78.0,46.0,41.0,110.0
50,鳳山,2017-12-06,133,13.0,8.0,nan,90.0,40.0,nan,133.0
51,大寮,2017-12-06,104,19.0,7.0,nan,63.0,32.0,44.0,104.0
52,林園,2017-12-06,103,29.0,7.0,nan,71.0,36.0,48.0,103.0
53,楠梓,2017-12-06,144,9.0,7.0,nan,82.0,43.0,38.0,144.0
54,左營,2017-12-06,120,9.0,8.0,nan,71.0,39.0,44.0,120.0
56,前金,2017-12-06,131,6.0,8.0,nan,74.0,33.0,45.0,131.0
57,前鎮,2017-12-06,136,7.0,10.0,nan,76.0,45.0,nan,136.0
58,小港,2017-12-06,114,14.0,8.0,nan,73.0,47.0,42.0,114.0
59,屏東,2017-12-06,106,6.0,7.0,nan,65.0,25.0,44.0,106.0
60,潮州,2017-12-06,118,4.0,6.0,nan,75.0,23.0,49.0,118.0
61,恆春,2017-12-06,47,3.0,2.0,nan,26.0,3.0,47.0,44.0
62,臺東,2017-12-06,36,3.0,5.0,nan,26.0,13.0,34.0,36.0
63,花蓮,2017-12-06,47,6.0,6.0,nan,26.0,26.0,37.0,47.0
64,陽明,2017-12-06,39,1.0,2.0,nan,10.0,1.0,39.0,23.0
65,宜蘭,2017-12-06,53,3.0,5.0,nan,32.0,12.0,38.0,53.0
66,冬山,2017-12-06,34,3.0,3.0,nan,27.0,20.0,34.0,31.0
68,中壢,2017-12-06,42,23.0,11.0,nan,40.0,42.0,nan,40.0
69,竹山,2017-12-06,116,6.0,6.0,nan,58.0,39.0,28.0,116.0
70,永和,2017-12-06,45,6.0,7.0,nan,25.0,30.0,nan,45.0
71,復興,2017-12-06,130,10.0,14.0,nan,78.0,54.0,nan,130.0
72,埔里,2017-12-06,79,6.0,6.0,nan,40.0,23.0,32.0,79.0
75,馬祖,2017-12-06,121,6.0,5.0,nan,62.0,8.0,74.0,121.0
77,金門,2017-12-06,141,9.0,6.0,nan,81.0,16.0,51.0,141.0
78,馬公,2017-12-06,48,3.0,3.0,nan,30.0,4.0,42.0,48.0
80,關山,2017-12-06,41,3.0,nan,nan,22.0,10.0,34.0,41.0
83,麥寮,2017-12-06,83,9.0,6.0,nan,53.0,27.0,nan,83.0
84,富貴角,2017-12-06,45,1.0,2.0,nan,44.0,3.0,42.0,45.0
17,桃園,2017-12-07,31,16.0,5.0,nan,16.0,31.0,27.0,29.0
67,三重,2017-12-07,46,13.0,24.0,nan,30.0,46.0,nan,24.0
1,基隆,2017-12-07,37,16.0,5.0,nan,8.0,37.0,37.0,20.0
2,汐止,2017-12-07,48,9.0,5.0,nan,12.0,34.0,27.0,48.0
3,萬里,2017-12-07,45,6.0,2.0,nan,21.0,13.0,45.0,24.0
4,新店,2017-12-07,34,6.0,6.0,nan,11.0,32.0,21.0,34.0
5,土城,2017-12-07,36,4.0,8.0,nan,15.0,36.0,22.0,29.0
6,板橋,2017-12-07,39,4.0,8.0,nan,14.0,39.0,26.0,29.0
7,新莊,2017-12-07,42,9.0,6.0,nan,16.0,42.0,27.0,14.0
8,菜寮,2017-12-07,41,7.0,7.0,nan,19.0,41.0,25.0,30.0
9,林口,2017-12-07,36,7.0,3.0,nan,22.0,29.0,33.0,36.0
10,淡水,2017-12-07,31,3.0,5.0,nan,17.0,22.0,31.0,22.0
11,士林,2017-12-07,36,4.0,6.0,nan,15.0,36.0,26.0,24.0
12,中山,2017-12-07,42,7.0,10.0,nan,17.0,42.0,24.0,24.0
13,萬華,2017-12-07,41,10.0,9.0,nan,19.0,41.0,25.0,23.0
14,古亭,2017-12-07,39,6.0,7.0,nan,9.0,39.0,29.0,28.0
15,松山,2017-12-07,38,4.0,6.0,nan,6.0,38.0,25.0,30.0
16,大同,2017-12-07,46,11.0,24.0,nan,31.0,46.0,nan,26.0
18,大園,2017-12-07,35,7.0,3.0,nan,23.0,29.0,35.0,30.0
19,觀音,2017-12-07,43,13.0,3.0,nan,31.0,32.0,35.0,43.0
20,平鎮,2017-12-07,34,13.0,6.0,nan,26.0,34.0,27.0,28.0
21,龍潭,2017-12-07,32,6.0,6.0,nan,25.0,29.0,29.0,32.0
22,湖口,2017-12-07,34,7.0,2.0,nan,22.0,18.0,34.0,31.0
23,竹東,2017-12-07,50,4.0,5.0,nan,19.0,24.0,26.0,50.0
24,新竹,2017-12-07,29,6.0,5.0,nan,18.0,25.0,26.0,29.0
25,頭份,2017-12-07,48,4.0,5.0,nan,20.0,27.0,nan,48.0
26,苗栗,2017-12-07,56,6.0,5.0,nan,26.0,23.0,21.0,56.0
27,三義,2017-12-07,39,3.0,2.0,nan,19.0,17.0,24.0,39.0
28,豐原,2017-12-07,30,9.0,3.0,nan,19.0,23.0,22.0,30.0
29,沙鹿,2017-12-07,46,4.0,5.0,nan,22.0,22.0,24.0,46.0
30,大里,2017-12-07,42,4.0,6.0,nan,21.0,29.0,16.0,42.0
31,忠明,2017-12-07,43,6.0,6.0,nan,16.0,32.0,18.0,43.0
32,西屯,2017-12-07,45,4.0,6.0,nan,26.0,28.0,23.0,45.0
33,彰化,2017-12-07,52,9.0,6.0,nan,20.0,25.0,17.0,52.0
34,線西,2017-12-07,61,7.0,5.0,nan,24.0,25.0,nan,61.0
35,二林,2017-12-07,45,11.0,3.0,nan,27.0,19.0,24.0,45.0
36,南投,2017-12-07,59,4.0,6.0,nan,35.0,33.0,19.0,59.0
37,斗六,2017-12-07,67,9.0,3.0,nan,28.0,24.0,27.0,67.0
38,崙背,2017-12-07,59,9.0,3.0,nan,29.0,18.0,24.0,59.0
39,新港,2017-12-07,66,9.0,3.0,nan,37.0,24.0,29.0,66.0
40,朴子,2017-12-07,49,4.0,3.0,nan,35.0,17.0,37.0,49.0
41,臺西,2017-12-07,58,10.0,3.0,nan,25.0,21.0,nan,58.0
42,嘉義,2017-12-07,62,10.0,6.0,nan,39.0,28.0,30.0,62.0
43,新營,2017-12-07,62,7.0,5.0,nan,44.0,26.0,33.0,62.0
44,善化,2017-12-07,63,6.0,5.0,nan,33.0,25.0,35.0,63.0
45,安南,2017-12-07,58,4.0,5.0,nan,44.0,27.0,41.0,58.0
46,臺南,2017-12-07,62,4.0,6.0,nan,36.0,28.0,38.0,62.0
47,美濃,2017-12-07,80,6.0,6.0,nan,48.0,19.0,44.0,80.0
48,橋頭,2017-12-07,90,6.0,6.0,nan,46.0,34.0,42.0,90.0
49,仁武,2017-12-07,72,23.0,6.0,nan,51.0,34.0,43.0,72.0
50,鳳山,2017-12-07,81,11.0,6.0,nan,64.0,37.0,nan,81.0
51,大寮,2017-12-07,76,33.0,6.0,nan,43.0,32.0,42.0,76.0
52,林園,2017-12-07,65,19.0,7.0,nan,50.0,34.0,46.0,65.0
53,楠梓,2017-12-07,79,6.0,6.0,nan,59.0,44.0,44.0,79.0
54,左營,2017-12-07,70,6.0,6.0,nan,44.0,39.0,46.0,70.0
56,前金,2017-12-07,62,4.0,6.0,nan,44.0,33.0,44.0,62.0
57,前鎮,2017-12-07,81,6.0,7.0,nan,50.0,34.0,nan,81.0
58,小港,2017-12-07,69,9.0,6.0,nan,45.0,42.0,44.0,69.0
59,屏東,2017-12-07,66,4.0,6.0,nan,44.0,23.0,44.0,66.0
60,潮州,2017-12-07,64,4.0,6.0,nan,61.0,22.0,58.0,64.0
61,恆春,2017-12-07,43,4.0,2.0,nan,18.0,3.0,43.0,31.0
62,臺東,2017-12-07,30,3.0,5.0,nan,16.0,7.0,30.0,19.0
63,花蓮,2017-12-07,38,6.0,7.0,nan,21.0,28.0,22.0,38.0
64,陽明,2017-12-07,41,14.0,1.0,nan,5.0,16.0,41.0,4.0
65,宜蘭,2017-12-07,31,3.0,3.0,nan,19.0,15.0,31.0,27.0
66,冬山,2017-12-07,27,3.0,3.0,nan,15.0,19.0,27.0,12.0
68,中壢,2017-12-07,41,9.0,8.0,nan,31.0,41.0,nan,19.0
69,竹山,2017-12-07,72,3.0,5.0,nan,31.0,27.0,29.0,72.0
70,永和,2017-12-07,40,6.0,15.0,nan,14.0,40.0,nan,33.0
71,復興,2017-12-07,80,9.0,9.0,nan,49.0,37.0,nan,80.0
72,埔里,2017-12-07,45,3.0,5.0,nan,19.0,18.0,31.0,45.0
75,馬祖,2017-12-07,108,10.0,6.0,nan,57.0,10.0,87.0,108.0
77,金門,2017-12-07,135,19.0,6.0,nan,78.0,25.0,48.0,135.0
78,馬公,2017-12-07,39,6.0,2.0,nan,19.0,5.0,39.0,33.0
80,關山,2017-12-07,33,3.0,nan,nan,17.0,13.0,28.0,33.0
83,麥寮,2017-12-07,69,9.0,5.0,nan,37.0,24.0,nan,69.0
84,富貴角,2017-12-07,44,1.0,1.0,nan,26.0,2.0,44.0,21.0
84,富貴角,2017-12-08,121,4.0,5.0,nan,80.0,14.0,50.0,121.0
17,桃園,2017-12-08,79,16.0,6.0,nan,54.0,21.0,35.0,79.0
67,三重,2017-12-08,70,7.0,19.0,nan,61.0,52.0,nan,70.0
1,基隆,2017-12-08,71,4.0,6.0,nan,41.0,17.0,45.0,71.0
2,汐止,2017-12-08,90,6.0,6.0,nan,49.0,21.0,44.0,90.0
3,萬里,2017-12-08,92,6.0,6.0,nan,76.0,12.0,54.0,92.0
4,新店,2017-12-08,85,7.0,7.0,nan,48.0,30.0,36.0,85.0
5,土城,2017-12-08,70,6.0,8.0,nan,45.0,38.0,37.0,70.0
6,板橋,2017-12-08,75,4.0,9.0,nan,47.0,37.0,32.0,75.0
7,新莊,2017-12-08,67,7.0,7.0,nan,55.0,34.0,34.0,67.0
8,菜寮,2017-12-08,55,4.0,7.0,nan,53.0,32.0,36.0,55.0
9,林口,2017-12-08,91,7.0,6.0,nan,60.0,19.0,41.0,91.0
10,淡水,2017-12-08,75,6.0,6.0,nan,54.0,13.0,39.0,75.0
11,士林,2017-12-08,73,4.0,6.0,nan,47.0,19.0,45.0,73.0
12,中山,2017-12-08,77,6.0,8.0,nan,50.0,33.0,30.0,77.0
13,萬華,2017-12-08,75,6.0,8.0,nan,47.0,36.0,31.0,75.0
14,古亭,2017-12-08,76,6.0,7.0,nan,44.0,28.0,35.0,76.0
15,松山,2017-12-08,73,4.0,7.0,nan,35.0,24.0,38.0,73.0
16,大同,2017-12-08,70,9.0,19.0,nan,57.0,50.0,nan,70.0
18,大園,2017-12-08,86,6.0,6.0,nan,62.0,18.0,45.0,86.0
19,觀音,2017-12-08,105,11.0,6.0,nan,68.0,14.0,44.0,105.0
20,平鎮,2017-12-08,76,7.0,7.0,nan,56.0,27.0,32.0,76.0
21,龍潭,2017-12-08,85,7.0,7.0,nan,48.0,27.0,37.0,85.0
22,湖口,2017-12-08,83,4.0,6.0,nan,57.0,17.0,46.0,83.0
23,竹東,2017-12-08,84,6.0,6.0,nan,44.0,17.0,44.0,84.0
24,新竹,2017-12-08,83,4.0,6.0,nan,52.0,21.0,39.0,83.0
25,頭份,2017-12-08,88,7.0,6.0,nan,53.0,23.0,nan,88.0
26,苗栗,2017-12-08,90,7.0,6.0,nan,54.0,17.0,38.0,90.0
27,三義,2017-12-08,75,4.0,6.0,nan,45.0,14.0,40.0,75.0
28,豐原,2017-12-08,58,4.0,6.0,nan,33.0,14.0,38.0,58.0
29,沙鹿,2017-12-08,73,6.0,6.0,nan,46.0,16.0,42.0,73.0
30,大里,2017-12-08,58,4.0,7.0,nan,40.0,18.0,33.0,58.0
31,忠明,2017-12-08,70,6.0,6.0,nan,41.0,22.0,35.0,70.0
32,西屯,2017-12-08,76,6.0,6.0,nan,51.0,16.0,43.0,76.0
33,彰化,2017-12-08,83,4.0,7.0,nan,44.0,18.0,34.0,83.0
34,線西,2017-12-08,95,4.0,6.0,nan,55.0,18.0,nan,95.0
35,二林,2017-12-08,88,7.0,6.0,nan,56.0,15.0,43.0,88.0
36,南投,2017-12-08,71,6.0,8.0,nan,44.0,27.0,26.0,71.0
37,斗六,2017-12-08,79,4.0,6.0,nan,51.0,25.0,31.0,79.0
38,崙背,2017-12-08,107,9.0,6.0,nan,99.0,15.0,43.0,107.0
39,新港,2017-12-08,89,4.0,6.0,nan,62.0,14.0,39.0,89.0
40,朴子,2017-12-08,89,9.0,6.0,nan,78.0,16.0,44.0,89.0
41,臺西,2017-12-08,123,9.0,6.0,nan,84.0,19.0,nan,123.0
42,嘉義,2017-12-08,89,4.0,7.0,nan,56.0,28.0,29.0,89.0
43,新營,2017-12-08,91,6.0,6.0,nan,73.0,22.0,35.0,91.0
44,善化,2017-12-08,92,4.0,6.0,nan,54.0,19.0,31.0,92.0
45,安南,2017-12-08,85,6.0,6.0,nan,59.0,22.0,35.0,85.0
46,臺南,2017-12-08,91,6.0,7.0,nan,56.0,22.0,31.0,91.0
47,美濃,2017-12-08,91,3.0,6.0,nan,48.0,17.0,26.0,91.0
48,橋頭,2017-12-08,113,6.0,7.0,nan,58.0,27.0,27.0,113.0
49,仁武,2017-12-08,97,7.0,7.0,nan,64.0,30.0,27.0,97.0
50,鳳山,2017-12-08,106,9.0,8.0,nan,73.0,38.0,nan,106.0
51,大寮,2017-12-08,95,7.0,7.0,nan,54.0,39.0,19.0,95.0
52,林園,2017-12-08,74,17.0,8.0,nan,61.0,42.0,18.0,74.0
53,楠梓,2017-12-08,111,4.0,7.0,nan,73.0,25.0,28.0,111.0
54,左營,2017-12-08,107,6.0,7.0,nan,58.0,31.0,29.0,107.0
56,前金,2017-12-08,99,4.0,8.0,nan,58.0,29.0,27.0,99.0
57,前鎮,2017-12-08,108,6.0,9.0,nan,62.0,35.0,nan,108.0
58,小港,2017-12-08,102,7.0,8.0,nan,60.0,42.0,19.0,102.0
59,屏東,2017-12-08,98,23.0,7.0,nan,61.0,27.0,23.0,98.0
60,潮州,2017-12-08,118,4.0,7.0,nan,64.0,29.0,26.0,118.0
61,恆春,2017-12-08,58,3.0,3.0,nan,33.0,6.0,58.0,56.0
62,臺東,2017-12-08,54,3.0,6.0,nan,52.0,22.0,37.0,54.0
63,花蓮,2017-12-08,61,3.0,6.0,nan,39.0,11.0,44.0,61.0
64,陽明,2017-12-08,63,4.0,5.0,nan,28.0,11.0,44.0,63.0
65,宜蘭,2017-12-08,72,6.0,6.0,nan,48.0,17.0,42.0,72.0
66,冬山,2017-12-08,49,4.0,5.0,nan,42.0,11.0,42.0,49.0
68,中壢,2017-12-08,83,4.0,10.0,nan,62.0,43.0,nan,83.0
69,竹山,2017-12-08,98,4.0,6.0,nan,47.0,20.0,31.0,98.0
70,永和,2017-12-08,83,6.0,12.0,nan,47.0,33.0,nan,83.0
71,復興,2017-12-08,113,6.0,11.0,nan,67.0,38.0,nan,113.0
72,埔里,2017-12-08,56,4.0,6.0,nan,25.0,12.0,24.0,56.0
75,馬祖,2017-12-08,147,7.0,7.0,nan,73.0,10.0,101.0,147.0
77,金門,2017-12-08,149,9.0,7.0,nan,82.0,14.0,100.0,149.0
78,馬公,2017-12-08,78,4.0,5.0,nan,45.0,8.0,71.0,78.0
80,關山,2017-12-08,53,3.0,nan,nan,33.0,11.0,35.0,53.0
83,麥寮,2017-12-08,106,7.0,6.0,nan,92.0,15.0,nan,106.0
33,彰化,2017-12-09,53,7.0,9.0,nan,25.0,31.0,29.0,53.0
17,桃園,2017-12-09,39,19.0,7.0,nan,26.0,29.0,31.0,39.0
67,三重,2017-12-09,46,13.0,24.0,nan,46.0,39.0,nan,37.0
1,基隆,2017-12-09,36,14.0,7.0,nan,19.0,23.0,34.0,36.0
2,汐止,2017-12-09,60,9.0,8.0,nan,23.0,34.0,28.0,60.0
3,萬里,2017-12-09,47,4.0,2.0,nan,32.0,13.0,44.0,47.0
4,新店,2017-12-09,52,4.0,7.0,nan,26.0,30.0,36.0,52.0
5,土城,2017-12-09,42,7.0,9.0,nan,23.0,30.0,37.0,42.0
6,板橋,2017-12-09,49,11.0,10.0,nan,24.0,34.0,29.0,49.0
7,新莊,2017-12-09,38,14.0,10.0,nan,29.0,38.0,27.0,25.0
8,菜寮,2017-12-09,37,17.0,10.0,nan,32.0,36.0,27.0,37.0
9,林口,2017-12-09,47,7.0,5.0,nan,31.0,29.0,33.0,47.0
10,淡水,2017-12-09,34,6.0,6.0,nan,25.0,28.0,29.0,34.0
11,士林,2017-12-09,39,11.0,5.0,nan,21.0,28.0,38.0,39.0
12,中山,2017-12-09,39,13.0,9.0,nan,31.0,33.0,27.0,39.0
13,萬華,2017-12-09,36,11.0,8.0,nan,24.0,35.0,25.0,36.0
14,古亭,2017-12-09,39,9.0,8.0,nan,19.0,32.0,30.0,39.0
15,松山,2017-12-09,42,9.0,6.0,nan,14.0,31.0,31.0,42.0
16,大同,2017-12-09,44,16.0,19.0,nan,44.0,41.0,nan,38.0
18,大園,2017-12-09,41,10.0,5.0,nan,32.0,33.0,32.0,41.0
19,觀音,2017-12-09,62,11.0,5.0,nan,45.0,31.0,26.0,62.0
20,平鎮,2017-12-09,43,14.0,10.0,nan,33.0,37.0,31.0,43.0
21,龍潭,2017-12-09,51,4.0,8.0,nan,29.0,31.0,41.0,51.0
22,湖口,2017-12-09,52,6.0,6.0,nan,35.0,27.0,31.0,52.0
23,竹東,2017-12-09,52,6.0,6.0,nan,25.0,17.0,41.0,52.0
24,新竹,2017-12-09,55,4.0,10.0,nan,30.0,31.0,31.0,55.0
25,頭份,2017-12-09,64,7.0,7.0,nan,29.0,31.0,nan,64.0
26,苗栗,2017-12-09,64,4.0,7.0,nan,32.0,27.0,34.0,64.0
27,三義,2017-12-09,51,3.0,3.0,nan,23.0,13.0,35.0,51.0
28,豐原,2017-12-09,39,9.0,9.0,nan,24.0,25.0,31.0,39.0
29,沙鹿,2017-12-09,40,6.0,6.0,nan,24.0,29.0,34.0,40.0
30,大里,2017-12-09,58,6.0,12.0,nan,31.0,36.0,22.0,58.0
31,忠明,2017-12-09,55,6.0,9.0,nan,20.0,34.0,30.0,55.0
32,西屯,2017-12-09,51,6.0,7.0,nan,30.0,31.0,36.0,51.0
34,線西,2017-12-09,67,6.0,5.0,nan,31.0,25.0,nan,67.0
35,二林,2017-12-09,69,9.0,6.0,nan,37.0,21.0,32.0,69.0
36,南投,2017-12-09,84,11.0,10.0,nan,47.0,34.0,20.0,84.0
37,斗六,2017-12-09,86,4.0,8.0,nan,44.0,33.0,21.0,86.0
38,崙背,2017-12-09,78,9.0,6.0,nan,38.0,25.0,31.0,78.0
39,新港,2017-12-09,77,6.0,6.0,nan,44.0,25.0,27.0,77.0
40,朴子,2017-12-09,69,9.0,6.0,nan,48.0,26.0,31.0,69.0
41,臺西,2017-12-09,77,10.0,5.0,nan,37.0,22.0,nan,77.0
42,嘉義,2017-12-09,95,7.0,10.0,nan,56.0,34.0,19.0,95.0
43,新營,2017-12-09,84,4.0,7.0,nan,54.0,31.0,21.0,84.0
44,善化,2017-12-09,86,13.0,6.0,nan,45.0,28.0,20.0,86.0
45,安南,2017-12-09,82,4.0,6.0,nan,49.0,26.0,28.0,82.0
46,臺南,2017-12-09,85,4.0,7.0,nan,43.0,35.0,21.0,85.0
47,美濃,2017-12-09,109,4.0,6.0,nan,54.0,18.0,26.0,109.0
48,橋頭,2017-12-09,138,6.0,7.0,nan,61.0,29.0,21.0,138.0
49,仁武,2017-12-09,120,13.0,8.0,nan,69.0,33.0,26.0,120.0
50,鳳山,2017-12-09,141,10.0,8.0,nan,73.0,32.0,nan,141.0
51,大寮,2017-12-09,126,14.0,8.0,nan,64.0,33.0,27.0,126.0
52,林園,2017-12-09,109,23.0,9.0,nan,75.0,41.0,31.0,109.0
53,楠梓,2017-12-09,128,6.0,7.0,nan,74.0,28.0,24.0,128.0
54,左營,2017-12-09,119,7.0,8.0,nan,62.0,37.0,28.0,119.0
56,前金,2017-12-09,113,6.0,8.0,nan,63.0,34.0,26.0,113.0
57,前鎮,2017-12-09,139,10.0,10.0,nan,68.0,40.0,nan,139.0
58,小港,2017-12-09,130,11.0,9.0,nan,64.0,40.0,25.0,130.0
59,屏東,2017-12-09,137,4.0,8.0,nan,67.0,28.0,27.0,137.0
60,潮州,2017-12-09,125,14.0,7.0,nan,81.0,30.0,36.0,125.0
61,恆春,2017-12-09,46,3.0,2.0,nan,27.0,3.0,46.0,43.0
62,臺東,2017-12-09,35,3.0,5.0,nan,25.0,20.0,35.0,30.0
63,花蓮,2017-12-09,44,4.0,6.0,nan,24.0,27.0,25.0,44.0
64,陽明,2017-12-09,38,10.0,2.0,nan,9.0,7.0,38.0,19.0
65,宜蘭,2017-12-09,47,4.0,3.0,nan,27.0,11.0,40.0,47.0
66,冬山,2017-12-09,40,3.0,3.0,nan,25.0,17.0,40.0,31.0
68,中壢,2017-12-09,45,13.0,20.0,nan,39.0,39.0,nan,45.0
69,竹山,2017-12-09,109,3.0,7.0,nan,49.0,25.0,16.0,109.0
70,永和,2017-12-09,44,6.0,10.0,nan,21.0,30.0,nan,44.0
71,復興,2017-12-09,137,11.0,12.0,nan,68.0,41.0,nan,137.0
72,埔里,2017-12-09,74,4.0,6.0,nan,29.0,15.0,27.0,74.0
75,馬祖,2017-12-09,109,7.0,5.0,nan,57.0,10.0,48.0,109.0
77,金門,2017-12-09,154,11.0,6.0,nan,82.0,28.0,64.0,154.0
78,馬公,2017-12-09,58,3.0,3.0,nan,40.0,7.0,39.0,58.0
80,關山,2017-12-09,44,1.0,nan,nan,21.0,11.0,32.0,44.0
83,麥寮,2017-12-09,77,9.0,6.0,nan,46.0,25.0,nan,77.0
84,富貴角,2017-12-09,53,14.0,2.0,nan,53.0,11.0,39.0,51.0
71,復興,2017-12-10,121,10.0,10.0,nan,65.0,47.0,nan,121.0
70,永和,2017-12-10,66,7.0,16.0,nan,36.0,46.0,nan,66.0
69,竹山,2017-12-10,74,4.0,6.0,nan,39.0,25.0,44.0,74.0
75,馬祖,2017-12-10,92,11.0,9.0,nan,48.0,24.0,87.0,92.0
68,中壢,2017-12-10,49,7.0,10.0,nan,44.0,42.0,nan,49.0
66,冬山,2017-12-10,33,4.0,5.0,nan,25.0,17.0,33.0,20.0
65,宜蘭,2017-12-10,41,4.0,6.0,nan,26.0,17.0,37.0,41.0
64,陽明,2017-12-10,44,4.0,3.0,nan,12.0,10.0,44.0,31.0
77,金門,2017-12-10,140,11.0,6.0,nan,73.0,32.0,54.0,140.0
78,馬公,2017-12-10,61,4.0,3.0,nan,35.0,7.0,48.0,61.0
63,花蓮,2017-12-10,38,6.0,5.0,nan,17.0,22.0,38.0,31.0
80,關山,2017-12-10,33,3.0,nan,nan,16.0,7.0,33.0,31.0
62,臺東,2017-12-10,31,3.0,3.0,nan,20.0,10.0,31.0,28.0
83,麥寮,2017-12-10,98,6.0,8.0,nan,59.0,22.0,nan,98.0
61,恆春,2017-12-10,50,4.0,2.0,nan,24.0,5.0,50.0,44.0
17,桃園,2017-12-10,54,13.0,8.0,nan,36.0,29.0,36.0,54.0
60,潮州,2017-12-10,65,4.0,5.0,nan,57.0,19.0,58.0,65.0
84,富貴角,2017-12-10,60,4.0,3.0,nan,49.0,22.0,54.0,60.0
59,屏東,2017-12-10,90,6.0,7.0,nan,39.0,25.0,45.0,90.0
58,小港,2017-12-10,107,10.0,8.0,nan,58.0,41.0,50.0,107.0
57,前鎮,2017-12-10,127,10.0,10.0,nan,66.0,43.0,nan,127.0
56,前金,2017-12-10,111,4.0,8.0,nan,61.0,36.0,49.0,111.0
54,左營,2017-12-10,110,6.0,8.0,nan,59.0,35.0,51.0,110.0
53,楠梓,2017-12-10,126,7.0,6.0,nan,72.0,31.0,46.0,126.0
52,林園,2017-12-10,83,14.0,8.0,nan,62.0,30.0,51.0,83.0
51,大寮,2017-12-10,103,7.0,6.0,nan,55.0,25.0,46.0,103.0
50,鳳山,2017-12-10,111,7.0,8.0,nan,67.0,33.0,nan,111.0
49,仁武,2017-12-10,102,7.0,7.0,nan,66.0,34.0,49.0,102.0
48,橋頭,2017-12-10,131,6.0,7.0,nan,62.0,28.0,45.0,131.0
47,美濃,2017-12-10,78,3.0,5.0,nan,39.0,12.0,44.0,78.0
46,臺南,2017-12-10,104,4.0,7.0,nan,52.0,37.0,45.0,104.0
45,安南,2017-12-10,102,7.0,7.0,nan,64.0,31.0,48.0,102.0
44,善化,2017-12-10,100,7.0,7.0,nan,54.0,24.0,41.0,100.0
43,新營,2017-12-10,97,9.0,8.0,nan,66.0,28.0,41.0,97.0
42,嘉義,2017-12-10,96,9.0,8.0,nan,56.0,30.0,38.0,96.0
41,臺西,2017-12-10,90,9.0,6.0,nan,44.0,25.0,nan,90.0
40,朴子,2017-12-10,88,7.0,7.0,nan,59.0,21.0,48.0,88.0
39,新港,2017-12-10,110,9.0,7.0,nan,66.0,23.0,43.0,110.0
38,崙背,2017-12-10,94,6.0,9.0,nan,54.0,21.0,44.0,94.0
37,斗六,2017-12-10,73,7.0,6.0,nan,43.0,25.0,43.0,73.0
36,南投,2017-12-10,74,4.0,7.0,nan,44.0,39.0,35.0,74.0
35,二林,2017-12-10,75,9.0,9.0,nan,49.0,24.0,42.0,75.0
34,線西,2017-12-10,86,10.0,9.0,nan,43.0,24.0,nan,86.0
32,西屯,2017-12-10,61,4.0,6.0,nan,39.0,25.0,45.0,61.0
31,忠明,2017-12-10,66,4.0,11.0,nan,31.0,31.0,40.0,66.0
30,大里,2017-12-10,71,4.0,10.0,nan,44.0,36.0,37.0,71.0
29,沙鹿,2017-12-10,53,4.0,5.0,nan,38.0,18.0,45.0,53.0
28,豐原,2017-12-10,39,4.0,5.0,nan,29.0,17.0,39.0,39.0
27,三義,2017-12-10,60,3.0,3.0,nan,32.0,15.0,42.0,60.0
26,苗栗,2017-12-10,71,7.0,6.0,nan,45.0,25.0,39.0,71.0
25,頭份,2017-12-10,68,3.0,3.0,nan,35.0,20.0,nan,68.0
24,新竹,2017-12-10,59,6.0,6.0,nan,35.0,21.0,39.0,59.0
23,竹東,2017-12-10,65,3.0,5.0,nan,32.0,20.0,33.0,65.0
22,湖口,2017-12-10,52,10.0,5.0,nan,38.0,17.0,48.0,52.0
21,龍潭,2017-12-10,56,7.0,6.0,nan,31.0,30.0,38.0,56.0
20,平鎮,2017-12-10,43,7.0,6.0,nan,36.0,32.0,34.0,43.0
19,觀音,2017-12-10,72,10.0,5.0,nan,45.0,25.0,44.0,72.0
18,大園,2017-12-10,49,6.0,6.0,nan,33.0,26.0,49.0,47.0
16,大同,2017-12-10,64,11.0,19.0,nan,48.0,49.0,nan,64.0
15,松山,2017-12-10,42,7.0,9.0,nan,20.0,39.0,28.0,42.0
14,古亭,2017-12-10,55,9.0,9.0,nan,27.0,41.0,35.0,55.0
13,萬華,2017-12-10,52,13.0,10.0,nan,30.0,45.0,31.0,52.0
12,中山,2017-12-10,56,7.0,12.0,nan,35.0,45.0,30.0,56.0
11,士林,2017-12-10,46,6.0,11.0,nan,26.0,38.0,38.0,46.0
10,淡水,2017-12-10,48,4.0,10.0,nan,36.0,28.0,36.0,48.0
9,林口,2017-12-10,55,10.0,3.0,nan,38.0,26.0,47.0,55.0
72,埔里,2017-12-10,48,6.0,7.0,nan,25.0,28.0,42.0,48.0
8,菜寮,2017-12-10,57,9.0,11.0,nan,40.0,41.0,39.0,57.0
7,新莊,2017-12-10,42,17.0,8.0,nan,37.0,39.0,42.0,41.0
6,板橋,2017-12-10,63,14.0,10.0,nan,37.0,42.0,37.0,63.0
5,土城,2017-12-10,57,7.0,10.0,nan,34.0,41.0,38.0,57.0
4,新店,2017-12-10,66,6.0,8.0,nan,30.0,42.0,37.0,66.0
3,萬里,2017-12-10,52,4.0,3.0,nan,33.0,9.0,48.0,52.0
2,汐止,2017-12-10,70,6.0,8.0,nan,31.0,33.0,31.0,70.0
1,基隆,2017-12-10,48,20.0,6.0,nan,23.0,29.0,30.0,48.0
67,三重,2017-12-10,52,11.0,26.0,nan,47.0,48.0,nan,52.0
33,彰化,2017-12-10,78,6.0,8.0,nan,36.0,24.0,40.0,78.0
68,中壢,2017-12-11,65,10.0,14.0,nan,62.0,40.0,nan,65.0
17,桃園,2017-12-11,71,10.0,6.0,nan,52.0,25.0,36.0,71.0
33,彰化,2017-12-11,78,6.0,7.0,nan,52.0,24.0,41.0,78.0
1,基隆,2017-12-11,63,6.0,5.0,nan,43.0,13.0,45.0,63.0
2,汐止,2017-12-11,76,11.0,5.0,nan,53.0,33.0,42.0,76.0
3,萬里,2017-12-11,83,6.0,5.0,nan,78.0,8.0,61.0,83.0
4,新店,2017-12-11,83,7.0,6.0,nan,54.0,17.0,42.0,83.0
5,土城,2017-12-11,68,7.0,6.0,nan,54.0,19.0,38.0,68.0
6,板橋,2017-12-11,73,10.0,7.0,nan,55.0,34.0,38.0,73.0
7,新莊,2017-12-11,54,6.0,6.0,nan,54.0,28.0,41.0,49.0
8,菜寮,2017-12-11,61,7.0,6.0,nan,57.0,23.0,40.0,61.0
9,林口,2017-12-11,76,6.0,6.0,nan,62.0,33.0,41.0,76.0
10,淡水,2017-12-11,65,4.0,5.0,nan,54.0,8.0,40.0,65.0
11,士林,2017-12-11,64,6.0,5.0,nan,51.0,11.0,47.0,64.0
12,中山,2017-12-11,61,4.0,8.0,nan,59.0,40.0,38.0,61.0
13,萬華,2017-12-11,64,6.0,7.0,nan,49.0,39.0,37.0,64.0
14,古亭,2017-12-11,75,10.0,7.0,nan,52.0,27.0,38.0,75.0
15,松山,2017-12-11,74,10.0,7.0,nan,39.0,39.0,37.0,74.0
16,大同,2017-12-11,62,9.0,12.0,nan,62.0,48.0,nan,57.0
18,大園,2017-12-11,71,11.0,5.0,nan,62.0,33.0,38.0,71.0
19,觀音,2017-12-11,91,13.0,5.0,nan,68.0,23.0,36.0,91.0
20,平鎮,2017-12-11,59,7.0,7.0,nan,57.0,25.0,36.0,59.0
21,龍潭,2017-12-11,70,9.0,5.0,nan,43.0,11.0,45.0,70.0
22,湖口,2017-12-11,72,6.0,5.0,nan,57.0,19.0,44.0,72.0
23,竹東,2017-12-11,77,4.0,5.0,nan,47.0,8.0,44.0,77.0
24,新竹,2017-12-11,73,6.0,6.0,nan,54.0,18.0,39.0,73.0
25,頭份,2017-12-11,82,9.0,5.0,nan,55.0,16.0,nan,82.0
26,苗栗,2017-12-11,83,7.0,6.0,nan,57.0,27.0,43.0,83.0
27,三義,2017-12-11,74,6.0,5.0,nan,47.0,8.0,46.0,74.0
28,豐原,2017-12-11,57,4.0,6.0,nan,44.0,17.0,43.0,57.0
29,沙鹿,2017-12-11,64,6.0,5.0,nan,51.0,13.0,47.0,64.0
30,大里,2017-12-11,75,7.0,9.0,nan,nan,34.0,43.0,75.0
31,忠明,2017-12-11,74,4.0,7.0,nan,43.0,25.0,43.0,74.0
32,西屯,2017-12-11,80,4.0,5.0,nan,54.0,15.0,58.0,80.0
34,線西,2017-12-11,94,10.0,7.0,nan,59.0,16.0,nan,94.0
35,二林,2017-12-11,86,14.0,6.0,nan,64.0,17.0,43.0,86.0
36,南投,2017-12-11,95,4.0,7.0,nan,59.0,30.0,41.0,95.0
37,斗六,2017-12-11,104,7.0,6.0,nan,61.0,34.0,50.0,104.0
38,崙背,2017-12-11,109,11.0,6.0,nan,79.0,22.0,46.0,109.0
39,新港,2017-12-11,114,10.0,6.0,nan,85.0,21.0,49.0,114.0
40,朴子,2017-12-11,104,13.0,6.0,nan,103.0,24.0,54.0,104.0
41,臺西,2017-12-11,93,14.0,5.0,nan,72.0,18.0,nan,93.0
42,嘉義,2017-12-11,122,9.0,9.0,nan,79.0,33.0,44.0,122.0
43,新營,2017-12-11,135,10.0,7.0,nan,94.0,29.0,46.0,135.0
44,善化,2017-12-11,128,9.0,7.0,nan,87.0,22.0,46.0,128.0
45,安南,2017-12-11,119,11.0,7.0,nan,90.0,25.0,64.0,119.0
46,臺南,2017-12-11,117,7.0,8.0,nan,95.0,26.0,48.0,117.0
47,美濃,2017-12-11,95,6.0,7.0,nan,68.0,19.0,61.0,95.0
48,橋頭,2017-12-11,154,9.0,8.0,nan,99.0,31.0,48.0,154.0
49,仁武,2017-12-11,142,43.0,8.0,nan,104.0,43.0,46.0,142.0
50,鳳山,2017-12-11,153,13.0,11.0,nan,102.0,47.0,nan,153.0
51,大寮,2017-12-11,132,23.0,8.0,nan,82.0,42.0,40.0,132.0
52,林園,2017-12-11,114,36.0,8.0,nan,85.0,47.0,64.0,114.0
53,楠梓,2017-12-11,153,7.0,8.0,nan,109.0,30.0,49.0,153.0
54,左營,2017-12-11,152,9.0,8.0,nan,87.0,34.0,61.0,152.0
56,前金,2017-12-11,156,6.0,10.0,nan,104.0,35.0,47.0,156.0
57,前鎮,2017-12-11,156,11.0,11.0,nan,101.0,45.0,nan,156.0
58,小港,2017-12-11,149,26.0,10.0,nan,99.0,52.0,38.0,149.0
59,屏東,2017-12-11,109,20.0,10.0,nan,70.0,42.0,35.0,109.0
60,潮州,2017-12-11,111,11.0,7.0,nan,73.0,33.0,48.0,111.0
61,恆春,2017-12-11,57,4.0,3.0,nan,37.0,4.0,47.0,57.0
62,臺東,2017-12-11,58,3.0,6.0,nan,50.0,23.0,29.0,58.0
63,花蓮,2017-12-11,69,4.0,6.0,nan,51.0,17.0,44.0,69.0
64,陽明,2017-12-11,61,4.0,3.0,nan,30.0,5.0,46.0,61.0
65,宜蘭,2017-12-11,80,4.0,6.0,nan,57.0,15.0,38.0,80.0
67,三重,2017-12-11,71,7.0,19.0,nan,71.0,49.0,nan,64.0
66,冬山,2017-12-11,68,4.0,6.0,nan,59.0,17.0,38.0,68.0
69,竹山,2017-12-11,108,6.0,7.0,nan,57.0,30.0,58.0,108.0
70,永和,2017-12-11,77,9.0,8.0,nan,52.0,29.0,nan,77.0
71,復興,2017-12-11,155,11.0,15.0,nan,101.0,51.0,nan,155.0
72,埔里,2017-12-11,62,10.0,8.0,nan,33.0,37.0,44.0,62.0
75,馬祖,2017-12-11,109,9.0,6.0,nan,66.0,11.0,51.0,109.0
77,金門,2017-12-11,134,16.0,6.0,nan,85.0,25.0,87.0,134.0
78,馬公,2017-12-11,71,4.0,5.0,nan,47.0,6.0,71.0,70.0
80,關山,2017-12-11,60,3.0,nan,nan,43.0,9.0,33.0,60.0
83,麥寮,2017-12-11,102,10.0,6.0,nan,81.0,19.0,nan,102.0
84,富貴角,2017-12-11,87,4.0,3.0,nan,66.0,7.0,51.0,87.0
84,富貴角,2017-12-12,44,1.0,1.0,nan,36.0,1.0,44.0,38.0
83,麥寮,2017-12-12,70,9.0,6.0,nan,47.0,29.0,nan,70.0
80,關山,2017-12-12,28,3.0,nan,nan,24.0,9.0,28.0,nan
78,馬公,2017-12-12,42,3.0,1.0,nan,21.0,3.0,42.0,33.0
77,金門,2017-12-12,84,11.0,5.0,nan,54.0,15.0,40.0,84.0
75,馬祖,2017-12-12,80,7.0,3.0,nan,48.0,10.0,40.0,80.0
72,埔里,2017-12-12,67,9.0,6.0,nan,31.0,25.0,23.0,67.0
71,復興,2017-12-12,143,11.0,15.0,nan,80.0,45.0,nan,143.0
70,永和,2017-12-12,27,3.0,7.0,nan,15.0,26.0,nan,27.0
69,竹山,2017-12-12,105,9.0,7.0,nan,55.0,30.0,25.0,105.0
68,中壢,2017-12-12,31,9.0,9.0,nan,30.0,31.0,nan,24.0
67,三重,2017-12-12,38,7.0,15.0,nan,30.0,38.0,nan,14.0
66,冬山,2017-12-12,34,3.0,5.0,nan,19.0,19.0,34.0,19.0
65,宜蘭,2017-12-12,39,4.0,3.0,nan,25.0,17.0,35.0,39.0
64,陽明,2017-12-12,41,3.0,1.0,nan,6.0,1.0,41.0,6.0
63,花蓮,2017-12-12,36,9.0,7.0,nan,19.0,31.0,31.0,36.0
62,臺東,2017-12-12,31,3.0,5.0,nan,29.0,16.0,31.0,29.0
61,恆春,2017-12-12,48,3.0,2.0,nan,20.0,3.0,48.0,36.0
60,潮州,2017-12-12,109,9.0,9.0,nan,105.0,28.0,32.0,109.0
59,屏東,2017-12-12,139,6.0,8.0,nan,76.0,27.0,32.0,139.0
58,小港,2017-12-12,134,19.0,10.0,nan,92.0,48.0,19.0,134.0
57,前鎮,2017-12-12,141,9.0,10.0,nan,78.0,43.0,nan,141.0
56,前金,2017-12-12,131,7.0,9.0,nan,75.0,38.0,26.0,131.0
54,左營,2017-12-12,126,11.0,8.0,nan,78.0,38.0,27.0,126.0
53,楠梓,2017-12-12,131,7.0,7.0,nan,78.0,35.0,31.0,131.0
52,林園,2017-12-12,120,19.0,9.0,nan,92.0,48.0,30.0,120.0
51,大寮,2017-12-12,132,17.0,9.0,nan,77.0,42.0,24.0,132.0
50,鳳山,2017-12-12,144,23.0,10.0,nan,89.0,42.0,nan,144.0
49,仁武,2017-12-12,116,20.0,8.0,nan,77.0,41.0,25.0,116.0
48,橋頭,2017-12-12,137,7.0,8.0,nan,70.0,30.0,22.0,137.0
47,美濃,2017-12-12,115,4.0,7.0,nan,71.0,19.0,35.0,115.0
46,臺南,2017-12-12,92,10.0,7.0,nan,51.0,31.0,24.0,92.0
45,安南,2017-12-12,77,11.0,7.0,nan,57.0,27.0,28.0,77.0
44,善化,2017-12-12,88,9.0,6.0,nan,54.0,28.0,25.0,88.0
43,新營,2017-12-12,87,10.0,6.0,nan,60.0,34.0,23.0,87.0
42,嘉義,2017-12-12,93,11.0,7.0,nan,57.0,35.0,20.0,93.0
41,臺西,2017-12-12,61,10.0,5.0,nan,35.0,27.0,nan,61.0
40,朴子,2017-12-12,69,9.0,5.0,nan,50.0,26.0,30.0,69.0
39,新港,2017-12-12,72,7.0,6.0,nan,53.0,25.0,27.0,72.0
38,崙背,2017-12-12,82,10.0,6.0,nan,47.0,25.0,24.0,82.0
37,斗六,2017-12-12,85,7.0,6.0,nan,47.0,36.0,19.0,85.0
36,南投,2017-12-12,88,10.0,11.0,nan,52.0,38.0,18.0,88.0
35,二林,2017-12-12,67,9.0,6.0,nan,42.0,27.0,23.0,67.0
34,線西,2017-12-12,62,6.0,5.0,nan,33.0,26.0,nan,62.0
32,西屯,2017-12-12,56,4.0,6.0,nan,29.0,33.0,21.0,56.0
31,忠明,2017-12-12,53,4.0,7.0,nan,22.0,42.0,21.0,53.0
30,大里,2017-12-12,64,7.0,9.0,nan,44.0,36.0,24.0,64.0
29,沙鹿,2017-12-12,42,4.0,5.0,nan,25.0,27.0,26.0,42.0
28,豐原,2017-12-12,41,6.0,6.0,nan,28.0,22.0,33.0,41.0
27,三義,2017-12-12,45,3.0,3.0,nan,22.0,17.0,27.0,45.0
26,苗栗,2017-12-12,53,4.0,6.0,nan,28.0,30.0,19.0,53.0
25,頭份,2017-12-12,39,6.0,3.0,nan,18.0,25.0,nan,39.0
24,新竹,2017-12-12,35,6.0,3.0,nan,18.0,23.0,35.0,31.0
23,竹東,2017-12-12,43,7.0,5.0,nan,15.0,19.0,34.0,43.0
22,湖口,2017-12-12,39,6.0,3.0,nan,22.0,19.0,39.0,29.0
21,龍潭,2017-12-12,38,4.0,5.0,nan,16.0,19.0,38.0,38.0
20,平鎮,2017-12-12,36,9.0,6.0,nan,25.0,24.0,36.0,26.0
19,觀音,2017-12-12,49,13.0,3.0,nan,34.0,25.0,29.0,49.0
18,大園,2017-12-12,37,11.0,3.0,nan,27.0,30.0,37.0,31.0
16,大同,2017-12-12,45,10.0,14.0,nan,31.0,45.0,nan,19.0
15,松山,2017-12-12,33,7.0,5.0,nan,13.0,32.0,33.0,31.0
14,古亭,2017-12-12,35,3.0,5.0,nan,13.0,27.0,35.0,25.0
13,萬華,2017-12-12,35,10.0,5.0,nan,21.0,35.0,32.0,24.0
12,中山,2017-12-12,36,11.0,7.0,nan,23.0,36.0,31.0,28.0
11,士林,2017-12-12,39,13.0,2.0,nan,13.0,19.0,39.0,24.0
17,桃園,2017-12-12,35,13.0,5.0,nan,19.0,24.0,35.0,32.0
10,淡水,2017-12-12,32,4.0,3.0,nan,16.0,19.0,32.0,18.0
33,彰化,2017-12-12,62,7.0,7.0,nan,30.0,35.0,17.0,62.0
1,基隆,2017-12-12,39,3.0,2.0,nan,15.0,12.0,39.0,24.0
9,林口,2017-12-12,37,9.0,3.0,nan,24.0,31.0,37.0,32.0
2,汐止,2017-12-12,49,3.0,3.0,nan,17.0,28.0,33.0,49.0
8,菜寮,2017-12-12,34,7.0,5.0,nan,21.0,25.0,34.0,21.0
3,萬里,2017-12-12,45,4.0,1.0,nan,36.0,4.0,45.0,39.0
4,新店,2017-12-12,35,3.0,6.0,nan,16.0,28.0,35.0,32.0
7,新莊,2017-12-12,37,9.0,5.0,nan,17.0,28.0,37.0,13.0
5,土城,2017-12-12,36,3.0,6.0,nan,14.0,27.0,36.0,21.0
6,板橋,2017-12-12,35,6.0,6.0,nan,19.0,32.0,35.0,31.0
59,屏東,2017-12-13,102,21.0,7.0,nan,57.0,30.0,64.0,102.0
17,桃園,2017-12-13,31,11.0,5.0,nan,16.0,20.0,31.0,30.0
33,彰化,2017-12-13,40,6.0,7.0,nan,30.0,26.0,23.0,40.0
49,仁武,2017-12-13,103,17.0,7.0,nan,68.0,35.0,35.0,103.0
1,基隆,2017-12-13,38,1.0,2.0,nan,12.0,7.0,38.0,19.0
2,汐止,2017-12-13,43,3.0,2.0,nan,12.0,16.0,35.0,43.0
3,萬里,2017-12-13,44,3.0,2.0,nan,23.0,2.0,44.0,34.0
4,新店,2017-12-13,31,1.0,5.0,nan,9.0,21.0,31.0,24.0
5,土城,2017-12-13,31,3.0,5.0,nan,7.0,18.0,31.0,17.0
6,板橋,2017-12-13,32,9.0,5.0,nan,13.0,23.0,32.0,22.0
7,新莊,2017-12-13,33,9.0,5.0,nan,14.0,18.0,33.0,6.0
8,菜寮,2017-12-13,32,10.0,3.0,nan,16.0,19.0,32.0,18.0
9,林口,2017-12-13,33,9.0,3.0,nan,20.0,24.0,33.0,24.0
10,淡水,2017-12-13,31,3.0,2.0,nan,8.0,7.0,31.0,10.0
11,士林,2017-12-13,38,9.0,2.0,nan,10.0,8.0,38.0,22.0
12,中山,2017-12-13,31,10.0,6.0,nan,12.0,26.0,31.0,25.0
13,萬華,2017-12-13,30,10.0,5.0,nan,19.0,25.0,30.0,16.0
14,古亭,2017-12-13,33,4.0,3.0,nan,9.0,21.0,33.0,21.0
15,松山,2017-12-13,31,10.0,3.0,nan,10.0,23.0,31.0,25.0
16,大同,2017-12-13,35,11.0,10.0,nan,29.0,35.0,nan,15.0
18,大園,2017-12-13,31,10.0,2.0,nan,26.0,26.0,31.0,16.0
19,觀音,2017-12-13,38,11.0,3.0,nan,31.0,15.0,30.0,38.0
20,平鎮,2017-12-13,32,7.0,5.0,nan,19.0,17.0,32.0,15.0
21,龍潭,2017-12-13,33,3.0,3.0,nan,15.0,11.0,33.0,24.0
22,湖口,2017-12-13,35,6.0,3.0,nan,19.0,10.0,35.0,19.0
23,竹東,2017-12-13,31,4.0,3.0,nan,10.0,11.0,31.0,31.0
24,新竹,2017-12-13,31,7.0,3.0,nan,11.0,14.0,31.0,19.0
25,頭份,2017-12-13,32,4.0,3.0,nan,13.0,17.0,nan,32.0
26,苗栗,2017-12-13,32,4.0,6.0,nan,22.0,17.0,27.0,32.0
27,三義,2017-12-13,30,4.0,2.0,nan,17.0,12.0,28.0,30.0
28,豐原,2017-12-13,26,6.0,5.0,nan,24.0,22.0,26.0,26.0
29,沙鹿,2017-12-13,30,6.0,5.0,nan,24.0,21.0,30.0,29.0
30,大里,2017-12-13,46,6.0,8.0,nan,31.0,41.0,25.0,46.0
31,忠明,2017-12-13,32,6.0,6.0,nan,19.0,30.0,25.0,32.0
32,西屯,2017-12-13,32,4.0,5.0,nan,23.0,23.0,31.0,32.0
34,線西,2017-12-13,53,10.0,5.0,nan,31.0,24.0,nan,53.0
35,二林,2017-12-13,43,10.0,5.0,nan,31.0,18.0,29.0,43.0
36,南投,2017-12-13,72,7.0,7.0,nan,43.0,37.0,25.0,72.0
37,斗六,2017-12-13,75,10.0,6.0,nan,45.0,32.0,37.0,75.0
38,崙背,2017-12-13,62,9.0,5.0,nan,43.0,19.0,29.0,62.0
39,新港,2017-12-13,74,7.0,5.0,nan,52.0,19.0,34.0,74.0
40,朴子,2017-12-13,55,9.0,5.0,nan,52.0,13.0,34.0,55.0
41,臺西,2017-12-13,42,6.0,2.0,nan,29.0,12.0,nan,42.0
42,嘉義,2017-12-13,85,10.0,7.0,nan,54.0,27.0,34.0,85.0
43,新營,2017-12-13,82,7.0,6.0,nan,62.0,25.0,35.0,82.0
44,善化,2017-12-13,75,9.0,5.0,nan,49.0,23.0,38.0,75.0
45,安南,2017-12-13,68,10.0,6.0,nan,51.0,22.0,40.0,68.0
46,臺南,2017-12-13,70,10.0,7.0,nan,52.0,30.0,37.0,70.0
47,美濃,2017-12-13,99,7.0,6.0,nan,56.0,18.0,74.0,99.0
48,橋頭,2017-12-13,109,7.0,6.0,nan,57.0,36.0,74.0,109.0
50,鳳山,2017-12-13,108,33.0,9.0,nan,62.0,45.0,nan,108.0
51,大寮,2017-12-13,99,21.0,7.0,nan,59.0,42.0,45.0,99.0
52,林園,2017-12-13,84,44.0,9.0,nan,57.0,40.0,84.0,78.0
53,楠梓,2017-12-13,120,16.0,7.0,nan,72.0,38.0,54.0,120.0
54,左營,2017-12-13,95,10.0,7.0,nan,59.0,39.0,67.0,95.0
56,前金,2017-12-13,91,13.0,7.0,nan,54.0,40.0,58.0,91.0
57,前鎮,2017-12-13,109,29.0,9.0,nan,59.0,47.0,nan,109.0
58,小港,2017-12-13,100,36.0,8.0,nan,55.0,57.0,46.0,100.0
60,潮州,2017-12-13,97,10.0,7.0,nan,60.0,25.0,97.0,89.0
61,恆春,2017-12-13,42,4.0,1.0,nan,16.0,2.0,42.0,25.0
62,臺東,2017-12-13,30,3.0,3.0,nan,19.0,8.0,30.0,15.0
63,花蓮,2017-12-13,33,7.0,3.0,nan,11.0,25.0,33.0,22.0
64,陽明,2017-12-13,40,3.0,1.0,nan,5.0,1.0,40.0,4.0
65,宜蘭,2017-12-13,35,3.0,3.0,nan,19.0,12.0,35.0,33.0
66,冬山,2017-12-13,33,3.0,3.0,nan,12.0,19.0,33.0,8.0
67,三重,2017-12-13,35,10.0,14.0,nan,30.0,35.0,nan,14.0
68,中壢,2017-12-13,25,7.0,8.0,nan,23.0,25.0,nan,15.0
69,竹山,2017-12-13,110,6.0,5.0,nan,52.0,24.0,41.0,110.0
70,永和,2017-12-13,20,4.0,6.0,nan,10.0,20.0,nan,17.0
71,復興,2017-12-13,95,27.0,12.0,nan,64.0,50.0,nan,95.0
72,埔里,2017-12-13,41,4.0,6.0,nan,21.0,22.0,28.0,41.0
75,馬祖,2017-12-13,60,3.0,2.0,nan,33.0,7.0,39.0,60.0
77,金門,2017-12-13,62,10.0,3.0,nan,37.0,12.0,35.0,62.0
78,馬公,2017-12-13,37,3.0,2.0,nan,22.0,3.0,37.0,32.0
80,關山,2017-12-13,31,3.0,nan,nan,13.0,6.0,31.0,nan
83,麥寮,2017-12-13,60,7.0,5.0,nan,57.0,18.0,nan,60.0
84,富貴角,2017-12-13,41,1.0,1.0,nan,nan,1.0,41.0,nan
84,富貴角,2017-12-14,54,3.0,2.0,nan,51.0,2.0,44.0,54.0
17,桃園,2017-12-14,34,10.0,6.0,nan,19.0,24.0,34.0,25.0
33,彰化,2017-12-14,65,17.0,8.0,nan,38.0,37.0,33.0,65.0
49,仁武,2017-12-14,92,10.0,8.0,nan,68.0,50.0,46.0,92.0
1,基隆,2017-12-14,34,1.0,6.0,nan,19.0,27.0,33.0,34.0
2,汐止,2017-12-14,53,7.0,6.0,nan,19.0,34.0,29.0,53.0
3,萬里,2017-12-14,44,23.0,2.0,nan,28.0,14.0,40.0,44.0
4,新店,2017-12-14,37,3.0,6.0,nan,16.0,20.0,36.0,37.0
5,土城,2017-12-14,34,3.0,6.0,nan,15.0,23.0,34.0,23.0
6,板橋,2017-12-14,33,3.0,7.0,nan,21.0,30.0,33.0,32.0
7,新莊,2017-12-14,34,3.0,6.0,nan,20.0,27.0,34.0,13.0
8,菜寮,2017-12-14,32,4.0,6.0,nan,25.0,22.0,32.0,24.0
9,林口,2017-12-14,36,6.0,3.0,nan,28.0,18.0,36.0,35.0
10,淡水,2017-12-14,31,6.0,3.0,nan,21.0,11.0,31.0,26.0
11,士林,2017-12-14,38,21.0,3.0,nan,21.0,18.0,38.0,26.0
12,中山,2017-12-14,36,3.0,8.0,nan,26.0,36.0,29.0,32.0
13,萬華,2017-12-14,35,4.0,6.0,nan,20.0,35.0,30.0,26.0
14,古亭,2017-12-14,36,4.0,6.0,nan,13.0,30.0,36.0,29.0
15,松山,2017-12-14,35,4.0,6.0,nan,16.0,35.0,30.0,28.0
16,大同,2017-12-14,40,4.0,14.0,nan,31.0,40.0,nan,26.0
18,大園,2017-12-14,37,9.0,3.0,nan,31.0,22.0,37.0,26.0
19,觀音,2017-12-14,50,9.0,3.0,nan,39.0,17.0,31.0,50.0
20,平鎮,2017-12-14,41,4.0,6.0,nan,41.0,29.0,35.0,25.0
21,龍潭,2017-12-14,36,3.0,5.0,nan,24.0,15.0,36.0,24.0
22,湖口,2017-12-14,37,7.0,3.0,nan,24.0,14.0,37.0,31.0
23,竹東,2017-12-14,42,4.0,5.0,nan,14.0,16.0,31.0,42.0
24,新竹,2017-12-14,32,4.0,6.0,nan,16.0,25.0,32.0,26.0
25,頭份,2017-12-14,41,6.0,5.0,nan,17.0,28.0,nan,41.0
26,苗栗,2017-12-14,43,6.0,7.0,nan,29.0,28.0,30.0,43.0
27,三義,2017-12-14,54,4.0,3.0,nan,28.0,20.0,45.0,54.0
28,豐原,2017-12-14,52,7.0,6.0,nan,35.0,31.0,43.0,52.0
29,沙鹿,2017-12-14,44,7.0,6.0,nan,34.0,25.0,38.0,44.0
30,大里,2017-12-14,57,7.0,9.0,nan,50.0,42.0,47.0,57.0
31,忠明,2017-12-14,52,6.0,10.0,nan,32.0,50.0,37.0,52.0
32,西屯,2017-12-14,53,9.0,7.0,nan,36.0,42.0,45.0,53.0
34,線西,2017-12-14,65,16.0,6.0,nan,46.0,25.0,nan,65.0
35,二林,2017-12-14,58,14.0,5.0,nan,46.0,25.0,41.0,58.0
36,南投,2017-12-14,87,7.0,8.0,nan,54.0,38.0,48.0,87.0
37,斗六,2017-12-14,78,16.0,6.0,nan,52.0,45.0,71.0,78.0
38,崙背,2017-12-14,75,7.0,6.0,nan,49.0,21.0,45.0,75.0
39,新港,2017-12-14,73,10.0,6.0,nan,56.0,23.0,67.0,73.0
40,朴子,2017-12-14,64,9.0,6.0,nan,54.0,17.0,50.0,64.0
41,臺西,2017-12-14,66,7.0,3.0,nan,39.0,21.0,nan,66.0
42,嘉義,2017-12-14,91,14.0,7.0,nan,57.0,31.0,77.0,91.0
43,新營,2017-12-14,75,9.0,6.0,nan,66.0,25.0,45.0,75.0
44,善化,2017-12-14,69,10.0,5.0,nan,54.0,25.0,51.0,69.0
45,安南,2017-12-14,77,9.0,6.0,nan,57.0,27.0,77.0,57.0
46,臺南,2017-12-14,66,10.0,7.0,nan,57.0,30.0,54.0,66.0
47,美濃,2017-12-14,80,6.0,5.0,nan,52.0,19.0,58.0,80.0
48,橋頭,2017-12-14,114,14.0,7.0,nan,68.0,41.0,49.0,114.0
50,鳳山,2017-12-14,96,11.0,10.0,nan,73.0,50.0,nan,96.0
51,大寮,2017-12-14,98,20.0,8.0,nan,65.0,49.0,38.0,98.0
52,林園,2017-12-14,84,33.0,7.0,nan,70.0,51.0,47.0,84.0
53,楠梓,2017-12-14,104,9.0,8.0,nan,83.0,54.0,50.0,104.0
54,左營,2017-12-14,113,10.0,8.0,nan,75.0,51.0,87.0,113.0
56,前金,2017-12-14,102,7.0,10.0,nan,65.0,56.0,74.0,102.0
57,前鎮,2017-12-14,116,37.0,12.0,nan,72.0,74.0,nan,116.0
58,小港,2017-12-14,103,31.0,9.0,nan,63.0,67.0,39.0,103.0
59,屏東,2017-12-14,97,9.0,8.0,nan,63.0,40.0,45.0,97.0
60,潮州,2017-12-14,98,13.0,6.0,nan,67.0,24.0,58.0,98.0
61,恆春,2017-12-14,43,4.0,2.0,nan,17.0,3.0,43.0,nan
62,臺東,2017-12-14,30,3.0,3.0,nan,18.0,8.0,30.0,22.0
63,花蓮,2017-12-14,33,4.0,5.0,nan,17.0,17.0,33.0,31.0
64,陽明,2017-12-14,42,4.0,2.0,nan,5.0,2.0,42.0,8.0
65,宜蘭,2017-12-14,41,4.0,6.0,nan,24.0,24.0,35.0,41.0
66,冬山,2017-12-14,32,3.0,3.0,nan,17.0,23.0,32.0,18.0
67,三重,2017-12-14,41,6.0,17.0,nan,39.0,41.0,nan,23.0
68,中壢,2017-12-14,31,7.0,11.0,nan,29.0,31.0,nan,11.0
69,竹山,2017-12-14,136,9.0,6.0,nan,66.0,25.0,100.0,136.0
70,永和,2017-12-14,30,3.0,7.0,nan,18.0,24.0,nan,30.0
71,復興,2017-12-14,95,30.0,15.0,nan,72.0,77.0,nan,95.0
72,埔里,2017-12-14,91,6.0,8.0,nan,44.0,38.0,80.0,91.0
75,馬祖,2017-12-14,58,4.0,3.0,nan,27.0,7.0,38.0,58.0
77,金門,2017-12-14,64,9.0,3.0,nan,38.0,12.0,41.0,64.0
78,馬公,2017-12-14,45,1.0,2.0,nan,31.0,3.0,39.0,45.0
80,關山,2017-12-14,31,3.0,nan,nan,13.0,9.0,31.0,28.0
83,麥寮,2017-12-14,74,7.0,5.0,nan,69.0,20.0,nan,74.0
17,桃園,2017-12-15,37,33.0,11.0,nan,21.0,37.0,30.0,26.0
84,富貴角,2017-12-15,41,6.0,1.0,nan,28.0,7.0,41.0,32.0
83,麥寮,2017-12-15,66,7.0,3.0,nan,52.0,18.0,nan,66.0
80,關山,2017-12-15,30,3.0,nan,nan,16.0,8.0,30.0,28.0
78,馬公,2017-12-15,43,3.0,3.0,nan,25.0,6.0,36.0,43.0
77,金門,2017-12-15,64,13.0,5.0,nan,39.0,31.0,33.0,64.0
75,馬祖,2017-12-15,35,4.0,3.0,nan,12.0,7.0,31.0,35.0
72,埔里,2017-12-15,139,4.0,8.0,nan,59.0,33.0,54.0,139.0
71,復興,2017-12-15,103,27.0,14.0,nan,72.0,56.0,nan,103.0
70,永和,2017-12-15,38,4.0,12.0,nan,11.0,38.0,nan,19.0
69,竹山,2017-12-15,152,6.0,6.0,nan,73.0,25.0,64.0,152.0
68,中壢,2017-12-15,45,13.0,27.0,nan,40.0,45.0,nan,30.0
67,三重,2017-12-15,43,4.0,22.0,nan,27.0,43.0,nan,12.0
66,冬山,2017-12-15,31,9.0,3.0,nan,16.0,25.0,31.0,13.0
65,宜蘭,2017-12-15,40,4.0,6.0,nan,25.0,20.0,31.0,40.0
64,陽明,2017-12-15,39,4.0,1.0,nan,5.0,3.0,39.0,8.0
63,花蓮,2017-12-15,33,6.0,5.0,nan,18.0,16.0,33.0,30.0
62,臺東,2017-12-15,27,3.0,5.0,nan,19.0,18.0,27.0,24.0
61,恆春,2017-12-15,42,4.0,2.0,nan,20.0,3.0,42.0,30.0
60,潮州,2017-12-15,112,14.0,6.0,nan,61.0,25.0,112.0,84.0
59,屏東,2017-12-15,88,16.0,8.0,nan,56.0,20.0,46.0,88.0
58,小港,2017-12-15,109,44.0,8.0,nan,62.0,53.0,48.0,109.0
57,前鎮,2017-12-15,132,30.0,9.0,nan,70.0,49.0,nan,132.0
56,前金,2017-12-15,90,11.0,8.0,nan,62.0,34.0,61.0,90.0
54,左營,2017-12-15,107,10.0,8.0,nan,72.0,32.0,84.0,107.0
53,楠梓,2017-12-15,104,11.0,6.0,nan,77.0,31.0,58.0,104.0
52,林園,2017-12-15,82,20.0,9.0,nan,64.0,32.0,80.0,82.0
51,大寮,2017-12-15,101,64.0,7.0,nan,61.0,31.0,48.0,101.0
50,鳳山,2017-12-15,96,17.0,10.0,nan,73.0,41.0,nan,96.0
48,橋頭,2017-12-15,109,7.0,6.0,nan,63.0,25.0,51.0,109.0
47,美濃,2017-12-15,87,7.0,5.0,nan,54.0,11.0,87.0,85.0
46,臺南,2017-12-15,82,10.0,8.0,nan,55.0,32.0,50.0,82.0
45,安南,2017-12-15,78,11.0,7.0,nan,55.0,26.0,51.0,78.0
44,善化,2017-12-15,85,16.0,6.0,nan,55.0,26.0,46.0,85.0
43,新營,2017-12-15,77,9.0,6.0,nan,65.0,28.0,43.0,77.0
42,嘉義,2017-12-15,94,11.0,9.0,nan,68.0,38.0,42.0,94.0
41,臺西,2017-12-15,58,16.0,2.0,nan,37.0,21.0,nan,58.0
40,朴子,2017-12-15,62,7.0,5.0,nan,52.0,16.0,50.0,62.0
39,新港,2017-12-15,78,10.0,6.0,nan,58.0,23.0,47.0,78.0
38,崙背,2017-12-15,70,9.0,5.0,nan,44.0,18.0,45.0,70.0
37,斗六,2017-12-15,97,10.0,7.0,nan,61.0,30.0,48.0,97.0
36,南投,2017-12-15,113,9.0,8.0,nan,66.0,33.0,41.0,113.0
35,二林,2017-12-15,54,16.0,5.0,nan,36.0,19.0,40.0,54.0
34,線西,2017-12-15,63,10.0,6.0,nan,36.0,23.0,nan,63.0
32,西屯,2017-12-15,70,14.0,7.0,nan,46.0,37.0,51.0,70.0
31,忠明,2017-12-15,77,10.0,8.0,nan,43.0,44.0,47.0,77.0
30,大里,2017-12-15,78,10.0,9.0,nan,60.0,43.0,48.0,78.0
29,沙鹿,2017-12-15,49,13.0,5.0,nan,35.0,25.0,40.0,49.0
28,豐原,2017-12-15,74,10.0,8.0,nan,55.0,22.0,54.0,74.0
27,三義,2017-12-15,83,7.0,5.0,nan,46.0,26.0,61.0,83.0
26,苗栗,2017-12-15,65,4.0,6.0,nan,43.0,23.0,39.0,65.0
25,頭份,2017-12-15,64,10.0,6.0,nan,36.0,34.0,nan,64.0
24,新竹,2017-12-15,51,7.0,8.0,nan,31.0,37.0,40.0,51.0
23,竹東,2017-12-15,79,6.0,7.0,nan,32.0,25.0,45.0,79.0
22,湖口,2017-12-15,71,7.0,8.0,nan,42.0,44.0,71.0,56.0
21,龍潭,2017-12-15,63,6.0,10.0,nan,24.0,42.0,50.0,63.0
20,平鎮,2017-12-15,43,10.0,11.0,nan,31.0,40.0,43.0,29.0
19,觀音,2017-12-15,51,10.0,6.0,nan,43.0,38.0,35.0,51.0
18,大園,2017-12-15,41,23.0,8.0,nan,26.0,41.0,32.0,36.0
16,大同,2017-12-15,44,7.0,24.0,nan,27.0,44.0,nan,22.0
15,松山,2017-12-15,34,6.0,8.0,nan,9.0,34.0,27.0,28.0
14,古亭,2017-12-15,40,4.0,9.0,nan,8.0,40.0,31.0,25.0
13,萬華,2017-12-15,40,6.0,9.0,nan,17.0,40.0,28.0,15.0
12,中山,2017-12-15,41,6.0,11.0,nan,18.0,41.0,25.0,32.0
11,士林,2017-12-15,39,9.0,5.0,nan,11.0,25.0,39.0,20.0
10,淡水,2017-12-15,34,4.0,6.0,nan,16.0,34.0,30.0,21.0
9,林口,2017-12-15,40,9.0,6.0,nan,21.0,40.0,37.0,25.0
8,菜寮,2017-12-15,40,4.0,10.0,nan,16.0,40.0,31.0,19.0
7,新莊,2017-12-15,42,4.0,11.0,nan,17.0,42.0,33.0,8.0
6,板橋,2017-12-15,42,7.0,11.0,nan,16.0,42.0,29.0,21.0
5,土城,2017-12-15,32,9.0,8.0,nan,9.0,31.0,32.0,18.0
4,新店,2017-12-15,39,3.0,8.0,nan,8.0,39.0,37.0,26.0
3,萬里,2017-12-15,37,19.0,2.0,nan,11.0,18.0,37.0,31.0
2,汐止,2017-12-15,50,6.0,8.0,nan,15.0,33.0,31.0,50.0
1,基隆,2017-12-15,32,4.0,9.0,nan,12.0,32.0,32.0,18.0
49,仁武,2017-12-15,95,14.0,8.0,nan,75.0,48.0,71.0,95.0
33,彰化,2017-12-15,57,11.0,7.0,nan,41.0,28.0,39.0,57.0
58,小港,2017-12-16,92,4.0,7.0,nan,65.0,25.0,29.0,92.0
17,桃園,2017-12-16,40,11.0,8.0,nan,22.0,38.0,32.0,40.0
33,彰化,2017-12-16,35,4.0,6.0,nan,32.0,12.0,29.0,35.0
49,仁武,2017-12-16,74,9.0,6.0,nan,71.0,16.0,31.0,74.0
1,基隆,2017-12-16,35,6.0,6.0,nan,19.0,25.0,35.0,32.0
2,汐止,2017-12-16,55,4.0,6.0,nan,15.0,23.0,36.0,55.0
3,萬里,2017-12-16,47,4.0,5.0,nan,37.0,5.0,42.0,47.0
4,新店,2017-12-16,42,4.0,6.0,nan,17.0,17.0,29.0,42.0
5,土城,2017-12-16,46,9.0,8.0,nan,21.0,26.0,24.0,46.0
6,板橋,2017-12-16,45,13.0,9.0,nan,24.0,29.0,24.0,45.0
7,新莊,2017-12-16,34,14.0,8.0,nan,19.0,34.0,30.0,21.0
8,菜寮,2017-12-16,35,7.0,10.0,nan,20.0,35.0,27.0,28.0
9,林口,2017-12-16,42,13.0,5.0,nan,25.0,42.0,37.0,42.0
10,淡水,2017-12-16,36,4.0,6.0,nan,19.0,36.0,31.0,27.0
11,士林,2017-12-16,33,6.0,8.0,nan,16.0,30.0,33.0,21.0
12,中山,2017-12-16,37,6.0,10.0,nan,13.0,33.0,23.0,37.0
13,萬華,2017-12-16,31,23.0,9.0,nan,18.0,31.0,19.0,29.0
14,古亭,2017-12-16,25,3.0,6.0,nan,11.0,25.0,24.0,25.0
15,松山,2017-12-16,34,4.0,8.0,nan,7.0,31.0,28.0,34.0
16,大同,2017-12-16,38,9.0,17.0,nan,31.0,38.0,nan,24.0
18,大園,2017-12-16,39,6.0,5.0,nan,31.0,26.0,39.0,34.0
19,觀音,2017-12-16,49,11.0,5.0,nan,36.0,10.0,35.0,49.0
20,平鎮,2017-12-16,40,9.0,6.0,nan,28.0,40.0,28.0,33.0
21,龍潭,2017-12-16,52,6.0,6.0,nan,19.0,21.0,31.0,52.0
22,湖口,2017-12-16,39,4.0,5.0,nan,26.0,7.0,39.0,36.0
23,竹東,2017-12-16,52,4.0,5.0,nan,13.0,10.0,30.0,52.0
24,新竹,2017-12-16,34,4.0,5.0,nan,20.0,11.0,34.0,33.0
25,頭份,2017-12-16,39,4.0,6.0,nan,21.0,15.0,nan,39.0
26,苗栗,2017-12-16,41,4.0,6.0,nan,29.0,12.0,31.0,41.0
27,三義,2017-12-16,36,3.0,5.0,nan,20.0,9.0,33.0,36.0
28,豐原,2017-12-16,37,4.0,5.0,nan,19.0,9.0,30.0,37.0
29,沙鹿,2017-12-16,35,3.0,5.0,nan,24.0,9.0,35.0,19.0
30,大里,2017-12-16,28,3.0,6.0,nan,25.0,14.0,28.0,23.0
31,忠明,2017-12-16,31,3.0,6.0,nan,24.0,14.0,31.0,27.0
32,西屯,2017-12-16,37,1.0,5.0,nan,30.0,11.0,37.0,31.0
34,線西,2017-12-16,53,4.0,5.0,nan,30.0,12.0,nan,53.0
35,二林,2017-12-16,32,6.0,5.0,nan,30.0,9.0,32.0,28.0
36,南投,2017-12-16,57,3.0,6.0,nan,41.0,22.0,21.0,57.0
37,斗六,2017-12-16,66,3.0,5.0,nan,66.0,17.0,28.0,40.0
38,崙背,2017-12-16,123,4.0,5.0,nan,123.0,9.0,31.0,71.0
39,新港,2017-12-16,57,4.0,5.0,nan,57.0,8.0,31.0,53.0
40,朴子,2017-12-16,82,3.0,5.0,nan,82.0,8.0,34.0,43.0
41,臺西,2017-12-16,53,4.0,5.0,nan,44.0,7.0,nan,53.0
42,嘉義,2017-12-16,54,9.0,6.0,nan,54.0,18.0,23.0,53.0
43,新營,2017-12-16,73,3.0,6.0,nan,73.0,16.0,26.0,54.0
44,善化,2017-12-16,58,3.0,5.0,nan,54.0,12.0,26.0,58.0
45,安南,2017-12-16,64,3.0,5.0,nan,64.0,13.0,32.0,52.0
46,臺南,2017-12-16,61,3.0,6.0,nan,61.0,19.0,27.0,60.0
47,美濃,2017-12-16,81,3.0,5.0,nan,59.0,11.0,31.0,81.0
48,橋頭,2017-12-16,87,4.0,6.0,nan,64.0,16.0,29.0,87.0
50,鳳山,2017-12-16,84,7.0,6.0,nan,70.0,23.0,nan,84.0
51,大寮,2017-12-16,87,9.0,5.0,nan,61.0,18.0,31.0,87.0
52,林園,2017-12-16,71,17.0,47.0,nan,68.0,28.0,33.0,71.0
53,楠梓,2017-12-16,102,3.0,6.0,nan,83.0,11.0,31.0,102.0
54,左營,2017-12-16,93,3.0,6.0,nan,73.0,19.0,31.0,93.0
56,前金,2017-12-16,84,3.0,6.0,nan,64.0,17.0,31.0,84.0
57,前鎮,2017-12-16,97,3.0,7.0,nan,69.0,23.0,nan,97.0
59,屏東,2017-12-16,92,3.0,5.0,nan,60.0,15.0,32.0,92.0
60,潮州,2017-12-16,98,1.0,5.0,nan,74.0,16.0,39.0,98.0
61,恆春,2017-12-16,48,4.0,3.0,nan,30.0,5.0,48.0,38.0
62,臺東,2017-12-16,44,1.0,5.0,nan,44.0,8.0,32.0,25.0
63,花蓮,2017-12-16,36,3.0,5.0,nan,20.0,8.0,36.0,27.0
64,陽明,2017-12-16,37,3.0,5.0,nan,6.0,7.0,37.0,12.0
65,宜蘭,2017-12-16,32,3.0,6.0,nan,20.0,15.0,29.0,32.0
66,冬山,2017-12-16,31,4.0,5.0,nan,19.0,13.0,31.0,16.0
67,三重,2017-12-16,37,9.0,19.0,nan,32.0,37.0,nan,22.0
68,中壢,2017-12-16,39,6.0,8.0,nan,32.0,39.0,nan,27.0
69,竹山,2017-12-16,92,3.0,5.0,nan,47.0,21.0,23.0,92.0
70,永和,2017-12-16,41,3.0,10.0,nan,15.0,30.0,nan,41.0
71,復興,2017-12-16,78,4.0,8.0,nan,71.0,22.0,nan,78.0
72,埔里,2017-12-16,80,3.0,5.0,nan,34.0,14.0,29.0,80.0
75,馬祖,2017-12-16,32,3.0,5.0,nan,12.0,11.0,31.0,32.0
77,金門,2017-12-16,61,9.0,5.0,nan,28.0,14.0,24.0,61.0
78,馬公,2017-12-16,38,4.0,5.0,nan,19.0,5.0,31.0,38.0
80,關山,2017-12-16,33,3.0,nan,nan,30.0,6.0,33.0,29.0
83,麥寮,2017-12-16,62,7.0,5.0,nan,62.0,13.0,nan,51.0
84,富貴角,2017-12-16,67,1.0,5.0,nan,52.0,25.0,41.0,67.0
17,桃園,2017-12-17,44,7.0,6.0,nan,29.0,20.0,32.0,44.0
33,彰化,2017-12-17,55,4.0,5.0,nan,23.0,13.0,31.0,55.0
49,仁武,2017-12-17,60,6.0,6.0,nan,53.0,21.0,37.0,60.0
66,冬山,2017-12-17,38,3.0,3.0,nan,19.0,3.0,38.0,22.0
1,基隆,2017-12-17,46,4.0,3.0,nan,26.0,13.0,37.0,46.0
2,汐止,2017-12-17,67,10.0,5.0,nan,27.0,22.0,38.0,67.0
3,萬里,2017-12-17,65,3.0,3.0,nan,55.0,3.0,42.0,65.0
4,新店,2017-12-17,61,6.0,5.0,nan,27.0,18.0,35.0,61.0
5,土城,2017-12-17,48,6.0,5.0,nan,27.0,16.0,34.0,48.0
6,板橋,2017-12-17,51,4.0,6.0,nan,30.0,25.0,33.0,51.0
7,新莊,2017-12-17,35,4.0,5.0,nan,26.0,21.0,35.0,26.0
8,菜寮,2017-12-17,37,6.0,6.0,nan,31.0,19.0,34.0,37.0
9,林口,2017-12-17,56,4.0,3.0,nan,33.0,18.0,39.0,56.0
10,淡水,2017-12-17,49,3.0,3.0,nan,29.0,12.0,32.0,49.0
11,士林,2017-12-17,39,4.0,3.0,nan,17.0,14.0,39.0,31.0
12,中山,2017-12-17,48,4.0,6.0,nan,30.0,29.0,32.0,48.0
13,萬華,2017-12-17,46,4.0,5.0,nan,24.0,24.0,31.0,46.0
14,古亭,2017-12-17,55,6.0,5.0,nan,24.0,21.0,33.0,55.0
15,松山,2017-12-17,43,6.0,5.0,nan,18.0,24.0,33.0,43.0
16,大同,2017-12-17,43,6.0,10.0,nan,41.0,37.0,nan,43.0
18,大園,2017-12-17,60,7.0,3.0,nan,41.0,24.0,32.0,60.0
19,觀音,2017-12-17,75,10.0,3.0,nan,52.0,15.0,28.0,75.0
20,平鎮,2017-12-17,48,4.0,6.0,nan,36.0,20.0,31.0,48.0
21,龍潭,2017-12-17,52,4.0,5.0,nan,20.0,8.0,37.0,52.0
22,湖口,2017-12-17,62,6.0,3.0,nan,37.0,13.0,37.0,62.0
23,竹東,2017-12-17,48,3.0,3.0,nan,13.0,5.0,38.0,48.0
24,新竹,2017-12-17,56,4.0,5.0,nan,30.0,12.0,34.0,56.0
25,頭份,2017-12-17,57,4.0,5.0,nan,29.0,10.0,nan,57.0
26,苗栗,2017-12-17,53,4.0,5.0,nan,31.0,12.0,33.0,53.0
27,三義,2017-12-17,46,4.0,3.0,nan,23.0,8.0,36.0,46.0
28,豐原,2017-12-17,32,3.0,3.0,nan,16.0,8.0,32.0,29.0
29,沙鹿,2017-12-17,35,4.0,3.0,nan,23.0,11.0,35.0,33.0
30,大里,2017-12-17,31,3.0,5.0,nan,19.0,19.0,31.0,26.0
31,忠明,2017-12-17,42,4.0,3.0,nan,17.0,16.0,31.0,42.0
32,西屯,2017-12-17,38,3.0,3.0,nan,29.0,9.0,38.0,38.0
34,線西,2017-12-17,71,4.0,3.0,nan,32.0,12.0,nan,71.0
35,二林,2017-12-17,59,3.0,3.0,nan,30.0,9.0,33.0,59.0
36,南投,2017-12-17,37,4.0,5.0,nan,26.0,21.0,27.0,37.0
84,富貴角,2017-12-17,75,1.0,3.0,nan,55.0,3.0,39.0,75.0
37,斗六,2017-12-17,61,4.0,5.0,nan,32.0,16.0,31.0,61.0
38,崙背,2017-12-17,76,4.0,5.0,nan,76.0,10.0,33.0,71.0
39,新港,2017-12-17,60,4.0,3.0,nan,49.0,10.0,33.0,60.0
40,朴子,2017-12-17,66,6.0,5.0,nan,66.0,13.0,35.0,62.0
41,臺西,2017-12-17,94,9.0,5.0,nan,94.0,18.0,nan,85.0
42,嘉義,2017-12-17,69,21.0,7.0,nan,40.0,20.0,29.0,69.0
43,新營,2017-12-17,64,3.0,5.0,nan,55.0,14.0,30.0,64.0
44,善化,2017-12-17,62,4.0,5.0,nan,42.0,15.0,30.0,62.0
45,安南,2017-12-17,57,4.0,5.0,nan,50.0,13.0,36.0,57.0
46,臺南,2017-12-17,64,4.0,6.0,nan,44.0,14.0,33.0,64.0
47,美濃,2017-12-17,72,4.0,6.0,nan,49.0,10.0,31.0,72.0
48,橋頭,2017-12-17,88,4.0,6.0,nan,48.0,19.0,33.0,88.0
50,鳳山,2017-12-17,79,9.0,7.0,nan,55.0,27.0,nan,79.0
51,大寮,2017-12-17,80,13.0,7.0,nan,44.0,25.0,31.0,80.0
52,林園,2017-12-17,66,21.0,15.0,nan,54.0,32.0,37.0,66.0
53,楠梓,2017-12-17,68,4.0,6.0,nan,57.0,19.0,35.0,68.0
54,左營,2017-12-17,79,6.0,6.0,nan,59.0,23.0,36.0,79.0
56,前金,2017-12-17,75,7.0,6.0,nan,49.0,22.0,35.0,75.0
57,前鎮,2017-12-17,87,6.0,7.0,nan,55.0,24.0,nan,87.0
58,小港,2017-12-17,85,19.0,7.0,nan,52.0,34.0,32.0,85.0
59,屏東,2017-12-17,69,13.0,7.0,nan,44.0,23.0,31.0,69.0
60,潮州,2017-12-17,83,14.0,7.0,nan,65.0,25.0,42.0,83.0
61,恆春,2017-12-17,44,6.0,3.0,nan,24.0,4.0,44.0,37.0
62,臺東,2017-12-17,33,3.0,5.0,nan,30.0,8.0,33.0,22.0
63,花蓮,2017-12-17,38,3.0,3.0,nan,16.0,6.0,38.0,26.0
64,陽明,2017-12-17,36,3.0,3.0,nan,9.0,3.0,36.0,25.0
65,宜蘭,2017-12-17,39,3.0,5.0,nan,21.0,5.0,36.0,39.0
67,三重,2017-12-17,40,3.0,15.0,nan,40.0,34.0,nan,35.0
68,中壢,2017-12-17,45,4.0,9.0,nan,43.0,32.0,nan,45.0
69,竹山,2017-12-17,73,3.0,5.0,nan,32.0,10.0,27.0,73.0
70,永和,2017-12-17,54,4.0,6.0,nan,27.0,17.0,nan,54.0
71,復興,2017-12-17,77,6.0,9.0,nan,57.0,25.0,nan,77.0
72,埔里,2017-12-17,46,3.0,5.0,nan,21.0,12.0,19.0,46.0
75,馬祖,2017-12-17,145,4.0,7.0,nan,66.0,8.0,54.0,145.0
77,金門,2017-12-17,109,6.0,5.0,nan,57.0,15.0,43.0,109.0
78,馬公,2017-12-17,84,4.0,6.0,nan,52.0,6.0,33.0,84.0
80,關山,2017-12-17,35,1.0,nan,nan,25.0,4.0,35.0,30.0
83,麥寮,2017-12-17,76,10.0,5.0,nan,76.0,19.0,nan,76.0
69,竹山,2017-12-18,63,4.0,3.0,nan,30.0,23.0,27.0,63.0
40,朴子,2017-12-18,64,9.0,3.0,nan,64.0,20.0,34.0,44.0
41,臺西,2017-12-18,44,10.0,2.0,nan,44.0,17.0,nan,44.0
39,新港,2017-12-18,43,9.0,3.0,nan,42.0,18.0,31.0,43.0
42,嘉義,2017-12-18,62,10.0,5.0,nan,37.0,27.0,31.0,62.0
43,新營,2017-12-18,56,9.0,3.0,nan,56.0,24.0,31.0,51.0
44,善化,2017-12-18,56,6.0,3.0,nan,39.0,24.0,31.0,56.0
38,崙背,2017-12-18,52,10.0,3.0,nan,52.0,21.0,30.0,52.0
37,斗六,2017-12-18,46,4.0,3.0,nan,31.0,25.0,33.0,46.0
45,安南,2017-12-18,55,6.0,5.0,nan,55.0,25.0,35.0,51.0
36,南投,2017-12-18,30,6.0,5.0,nan,27.0,26.0,23.0,30.0
46,臺南,2017-12-18,62,6.0,5.0,nan,51.0,23.0,31.0,62.0
35,二林,2017-12-18,37,11.0,3.0,nan,25.0,16.0,30.0,37.0
47,美濃,2017-12-18,77,4.0,5.0,nan,48.0,17.0,38.0,77.0
34,線西,2017-12-18,47,6.0,3.0,nan,20.0,14.0,nan,47.0
48,橋頭,2017-12-18,86,7.0,5.0,nan,52.0,28.0,31.0,86.0
32,西屯,2017-12-18,34,4.0,2.0,nan,16.0,12.0,34.0,18.0
31,忠明,2017-12-18,27,4.0,3.0,nan,14.0,21.0,27.0,18.0
50,鳳山,2017-12-18,73,11.0,7.0,nan,66.0,42.0,nan,73.0
30,大里,2017-12-18,22,4.0,5.0,nan,14.0,22.0,21.0,16.0
51,大寮,2017-12-18,82,19.0,6.0,nan,50.0,31.0,36.0,82.0
52,林園,2017-12-18,73,26.0,6.0,nan,59.0,45.0,38.0,73.0
53,楠梓,2017-12-18,81,6.0,5.0,nan,65.0,27.0,35.0,81.0
29,沙鹿,2017-12-18,31,4.0,3.0,nan,14.0,16.0,31.0,18.0
28,豐原,2017-12-18,29,4.0,2.0,nan,11.0,11.0,29.0,19.0
54,左營,2017-12-18,84,6.0,6.0,nan,64.0,28.0,35.0,84.0
27,三義,2017-12-18,33,4.0,2.0,nan,14.0,10.0,33.0,27.0
26,苗栗,2017-12-18,31,6.0,3.0,nan,21.0,14.0,31.0,28.0
56,前金,2017-12-18,70,6.0,6.0,nan,54.0,30.0,34.0,70.0
25,頭份,2017-12-18,31,4.0,3.0,nan,16.0,17.0,nan,31.0
24,新竹,2017-12-18,31,4.0,3.0,nan,17.0,16.0,31.0,29.0
57,前鎮,2017-12-18,89,7.0,8.0,nan,59.0,38.0,nan,89.0
23,竹東,2017-12-18,36,6.0,2.0,nan,6.0,8.0,36.0,34.0
58,小港,2017-12-18,84,9.0,7.0,nan,54.0,39.0,35.0,84.0
22,湖口,2017-12-18,36,6.0,2.0,nan,20.0,10.0,36.0,25.0
59,屏東,2017-12-18,78,6.0,6.0,nan,43.0,26.0,38.0,78.0
21,龍潭,2017-12-18,37,9.0,3.0,nan,19.0,18.0,33.0,37.0
20,平鎮,2017-12-18,28,4.0,6.0,nan,26.0,28.0,27.0,27.0
19,觀音,2017-12-18,42,9.0,2.0,nan,31.0,16.0,29.0,42.0
60,潮州,2017-12-18,88,7.0,5.0,nan,62.0,28.0,54.0,88.0
18,大園,2017-12-18,31,9.0,2.0,nan,26.0,27.0,31.0,24.0
61,恆春,2017-12-18,43,4.0,2.0,nan,19.0,2.0,43.0,31.0
16,大同,2017-12-18,41,6.0,14.0,nan,30.0,41.0,nan,22.0
62,臺東,2017-12-18,31,3.0,3.0,nan,22.0,9.0,31.0,22.0
63,花蓮,2017-12-18,34,4.0,3.0,nan,14.0,21.0,34.0,22.0
15,松山,2017-12-18,34,19.0,5.0,nan,9.0,34.0,29.0,31.0
14,古亭,2017-12-18,31,9.0,5.0,nan,10.0,31.0,31.0,26.0
64,陽明,2017-12-18,38,1.0,1.0,nan,5.0,1.0,38.0,6.0
13,萬華,2017-12-18,29,6.0,6.0,nan,14.0,29.0,27.0,24.0
65,宜蘭,2017-12-18,33,3.0,3.0,nan,18.0,10.0,33.0,31.0
12,中山,2017-12-18,34,4.0,7.0,nan,15.0,34.0,26.0,26.0
11,士林,2017-12-18,33,6.0,5.0,nan,12.0,33.0,32.0,15.0
67,三重,2017-12-18,42,6.0,17.0,nan,32.0,42.0,nan,22.0
68,中壢,2017-12-18,34,9.0,10.0,nan,29.0,34.0,nan,23.0
10,淡水,2017-12-18,31,3.0,3.0,nan,12.0,15.0,31.0,17.0
9,林口,2017-12-18,33,3.0,3.0,nan,19.0,29.0,31.0,33.0
17,桃園,2017-12-18,30,10.0,6.0,nan,22.0,30.0,26.0,25.0
70,永和,2017-12-18,30,9.0,8.0,nan,13.0,30.0,nan,30.0
8,菜寮,2017-12-18,32,6.0,6.0,nan,19.0,32.0,28.0,19.0
71,復興,2017-12-18,79,7.0,10.0,nan,62.0,38.0,nan,79.0
7,新莊,2017-12-18,32,6.0,6.0,nan,16.0,32.0,29.0,11.0
6,板橋,2017-12-18,30,9.0,6.0,nan,17.0,30.0,28.0,24.0
72,埔里,2017-12-18,58,7.0,6.0,nan,29.0,26.0,30.0,58.0
5,土城,2017-12-18,28,10.0,6.0,nan,14.0,27.0,28.0,23.0
4,新店,2017-12-18,38,6.0,5.0,nan,15.0,25.0,31.0,38.0
75,馬祖,2017-12-18,105,4.0,6.0,nan,54.0,8.0,44.0,105.0
3,萬里,2017-12-18,43,3.0,2.0,nan,31.0,3.0,43.0,34.0
77,金門,2017-12-18,107,10.0,5.0,nan,60.0,19.0,37.0,107.0
2,汐止,2017-12-18,47,9.0,3.0,nan,14.0,28.0,31.0,47.0
78,馬公,2017-12-18,55,4.0,3.0,nan,33.0,7.0,35.0,55.0
80,關山,2017-12-18,30,3.0,nan,nan,15.0,8.0,30.0,29.0
1,基隆,2017-12-18,36,1.0,2.0,nan,10.0,5.0,36.0,20.0
66,冬山,2017-12-18,36,1.0,2.0,nan,10.0,22.0,36.0,10.0
83,麥寮,2017-12-18,53,10.0,3.0,nan,53.0,14.0,nan,48.0
84,富貴角,2017-12-18,41,1.0,1.0,nan,34.0,1.0,41.0,39.0
49,仁武,2017-12-18,81,17.0,6.0,nan,59.0,35.0,34.0,81.0
33,彰化,2017-12-18,35,3.0,5.0,nan,19.0,22.0,27.0,35.0
84,富貴角,2017-12-19,68,1.0,3.0,nan,47.0,11.0,43.0,68.0
83,麥寮,2017-12-19,72,6.0,5.0,nan,72.0,12.0,nan,64.0
80,關山,2017-12-19,32,4.0,nan,nan,22.0,8.0,32.0,27.0
78,馬公,2017-12-19,67,3.0,5.0,nan,41.0,3.0,37.0,67.0
77,金門,2017-12-19,96,6.0,5.0,nan,66.0,13.0,49.0,96.0
75,馬祖,2017-12-19,77,4.0,3.0,nan,47.0,8.0,50.0,77.0
72,埔里,2017-12-19,58,3.0,5.0,nan,26.0,18.0,19.0,58.0
71,復興,2017-12-19,72,6.0,9.0,nan,61.0,35.0,nan,72.0
70,永和,2017-12-19,52,6.0,8.0,nan,21.0,27.0,nan,52.0
69,竹山,2017-12-19,60,7.0,6.0,nan,29.0,19.0,26.0,60.0
68,中壢,2017-12-19,44,7.0,12.0,nan,37.0,39.0,nan,44.0
67,三重,2017-12-19,42,6.0,22.0,nan,36.0,42.0,nan,39.0
65,宜蘭,2017-12-19,36,4.0,3.0,nan,19.0,9.0,36.0,35.0
64,陽明,2017-12-19,40,3.0,3.0,nan,7.0,8.0,40.0,18.0
63,花蓮,2017-12-19,38,3.0,3.0,nan,18.0,12.0,38.0,27.0
62,臺東,2017-12-19,34,3.0,3.0,nan,34.0,10.0,31.0,24.0
61,恆春,2017-12-19,44,3.0,2.0,nan,22.0,3.0,44.0,33.0
60,潮州,2017-12-19,98,9.0,6.0,nan,66.0,30.0,64.0,98.0
59,屏東,2017-12-19,72,4.0,6.0,nan,nan,25.0,38.0,72.0
58,小港,2017-12-19,78,6.0,7.0,nan,54.0,38.0,31.0,78.0
57,前鎮,2017-12-19,83,4.0,8.0,nan,59.0,33.0,nan,83.0
56,前金,2017-12-19,77,4.0,6.0,nan,52.0,28.0,31.0,77.0
54,左營,2017-12-19,74,6.0,6.0,nan,59.0,31.0,33.0,74.0
53,楠梓,2017-12-19,77,4.0,6.0,nan,60.0,25.0,31.0,77.0
52,林園,2017-12-19,67,20.0,10.0,nan,57.0,42.0,39.0,67.0
51,大寮,2017-12-19,74,7.0,6.0,nan,46.0,35.0,32.0,74.0
50,鳳山,2017-12-19,75,9.0,7.0,nan,60.0,37.0,nan,75.0
48,橋頭,2017-12-19,82,6.0,6.0,nan,50.0,26.0,29.0,82.0
47,美濃,2017-12-19,71,3.0,5.0,nan,45.0,18.0,38.0,71.0
46,臺南,2017-12-19,64,6.0,6.0,nan,59.0,26.0,31.0,64.0
45,安南,2017-12-19,64,6.0,6.0,nan,64.0,25.0,33.0,47.0
44,善化,2017-12-19,46,3.0,5.0,nan,44.0,22.0,30.0,46.0
43,新營,2017-12-19,60,4.0,5.0,nan,60.0,24.0,29.0,56.0
42,嘉義,2017-12-19,55,7.0,7.0,nan,46.0,28.0,26.0,55.0
41,臺西,2017-12-19,96,4.0,5.0,nan,67.0,10.0,nan,96.0
40,朴子,2017-12-19,90,7.0,5.0,nan,90.0,21.0,36.0,56.0
39,新港,2017-12-19,55,3.0,5.0,nan,48.0,19.0,32.0,55.0
38,崙背,2017-12-19,119,6.0,5.0,nan,119.0,19.0,34.0,75.0
37,斗六,2017-12-19,55,4.0,5.0,nan,33.0,30.0,28.0,55.0
36,南投,2017-12-19,32,6.0,7.0,nan,24.0,29.0,23.0,32.0
35,二林,2017-12-19,54,7.0,5.0,nan,25.0,17.0,32.0,54.0
34,線西,2017-12-19,59,3.0,5.0,nan,28.0,17.0,nan,59.0
32,西屯,2017-12-19,37,4.0,5.0,nan,29.0,16.0,37.0,34.0
31,忠明,2017-12-19,44,4.0,6.0,nan,22.0,22.0,31.0,44.0
30,大里,2017-12-19,30,4.0,6.0,nan,14.0,20.0,30.0,17.0
29,沙鹿,2017-12-19,36,3.0,5.0,nan,19.0,18.0,36.0,32.0
28,豐原,2017-12-19,31,3.0,3.0,nan,12.0,12.0,31.0,29.0
27,三義,2017-12-19,34,4.0,3.0,nan,18.0,12.0,34.0,33.0
26,苗栗,2017-12-19,51,6.0,5.0,nan,29.0,20.0,32.0,51.0
25,頭份,2017-12-19,54,4.0,5.0,nan,22.0,18.0,nan,54.0
24,新竹,2017-12-19,47,4.0,6.0,nan,24.0,22.0,33.0,47.0
23,竹東,2017-12-19,43,4.0,3.0,nan,9.0,9.0,36.0,43.0
22,湖口,2017-12-19,51,4.0,5.0,nan,29.0,14.0,38.0,51.0
21,龍潭,2017-12-19,43,6.0,5.0,nan,18.0,16.0,34.0,43.0
20,平鎮,2017-12-19,41,6.0,8.0,nan,32.0,36.0,30.0,41.0
19,觀音,2017-12-19,69,10.0,5.0,nan,41.0,20.0,34.0,69.0
18,大園,2017-12-19,51,7.0,5.0,nan,40.0,25.0,40.0,51.0
16,大同,2017-12-19,43,4.0,16.0,nan,32.0,43.0,nan,35.0
15,松山,2017-12-19,54,9.0,6.0,nan,20.0,35.0,32.0,54.0
14,古亭,2017-12-19,48,7.0,7.0,nan,18.0,33.0,31.0,48.0
13,萬華,2017-12-19,51,6.0,7.0,nan,27.0,38.0,30.0,51.0
12,中山,2017-12-19,45,6.0,9.0,nan,24.0,38.0,31.0,45.0
11,士林,2017-12-19,39,4.0,5.0,nan,13.0,21.0,39.0,35.0
10,淡水,2017-12-19,40,4.0,5.0,nan,26.0,14.0,32.0,40.0
9,林口,2017-12-19,47,3.0,5.0,nan,29.0,30.0,40.0,47.0
8,菜寮,2017-12-19,41,3.0,8.0,nan,28.0,30.0,27.0,41.0
7,新莊,2017-12-19,39,6.0,8.0,nan,24.0,39.0,26.0,32.0
6,板橋,2017-12-19,48,7.0,7.0,nan,24.0,32.0,31.0,48.0
5,土城,2017-12-19,43,9.0,6.0,nan,22.0,25.0,32.0,43.0
4,新店,2017-12-19,54,9.0,7.0,nan,21.0,29.0,34.0,54.0
3,萬里,2017-12-19,58,4.0,3.0,nan,43.0,11.0,44.0,58.0
2,汐止,2017-12-19,62,10.0,6.0,nan,23.0,36.0,38.0,62.0
1,基隆,2017-12-19,39,4.0,3.0,nan,19.0,13.0,38.0,39.0
66,冬山,2017-12-19,39,1.0,5.0,nan,18.0,16.0,39.0,20.0
49,仁武,2017-12-19,63,7.0,6.0,nan,57.0,27.0,31.0,63.0
33,彰化,2017-12-19,41,6.0,6.0,nan,20.0,23.0,31.0,41.0
17,桃園,2017-12-19,52,10.0,7.0,nan,25.0,33.0,31.0,52.0
37,斗六,2017-12-20,57,4.0,5.0,nan,51.0,22.0,37.0,57.0
84,富貴角,2017-12-20,47,1.0,2.0,nan,44.0,2.0,47.0,42.0
83,麥寮,2017-12-20,90,9.0,5.0,nan,90.0,15.0,nan,56.0
80,關山,2017-12-20,32,3.0,nan,nan,23.0,6.0,32.0,28.0
78,馬公,2017-12-20,55,3.0,2.0,nan,41.0,3.0,47.0,55.0
77,金門,2017-12-20,109,11.0,5.0,nan,70.0,16.0,61.0,109.0
75,馬祖,2017-12-20,116,7.0,5.0,nan,62.0,11.0,67.0,116.0
72,埔里,2017-12-20,62,6.0,6.0,nan,33.0,15.0,45.0,62.0
71,復興,2017-12-20,89,10.0,10.0,nan,71.0,40.0,nan,89.0
70,永和,2017-12-20,41,6.0,7.0,nan,29.0,23.0,nan,41.0
69,竹山,2017-12-20,69,4.0,3.0,nan,41.0,24.0,37.0,69.0
68,中壢,2017-12-20,47,9.0,9.0,nan,47.0,36.0,nan,29.0
67,三重,2017-12-20,46,7.0,18.0,nan,46.0,44.0,nan,33.0
65,宜蘭,2017-12-20,50,6.0,3.0,nan,32.0,15.0,36.0,50.0
64,陽明,2017-12-20,41,1.0,2.0,nan,15.0,1.0,41.0,22.0
63,花蓮,2017-12-20,38,3.0,3.0,nan,29.0,14.0,38.0,36.0
62,臺東,2017-12-20,32,1.0,5.0,nan,32.0,10.0,31.0,29.0
61,恆春,2017-12-20,44,3.0,2.0,nan,28.0,3.0,44.0,37.0
60,潮州,2017-12-20,104,10.0,6.0,nan,71.0,25.0,49.0,104.0
59,屏東,2017-12-20,87,7.0,6.0,nan,74.0,22.0,41.0,87.0
58,小港,2017-12-20,92,20.0,8.0,nan,70.0,38.0,32.0,92.0
57,前鎮,2017-12-20,97,11.0,8.0,nan,68.0,33.0,nan,97.0
56,前金,2017-12-20,87,6.0,7.0,nan,60.0,24.0,41.0,87.0
54,左營,2017-12-20,89,7.0,6.0,nan,75.0,23.0,41.0,89.0
53,楠梓,2017-12-20,99,6.0,5.0,nan,75.0,21.0,39.0,99.0
52,林園,2017-12-20,74,21.0,7.0,nan,64.0,40.0,46.0,74.0
51,大寮,2017-12-20,89,13.0,7.0,nan,59.0,34.0,36.0,89.0
50,鳳山,2017-12-20,80,9.0,7.0,nan,73.0,33.0,nan,80.0
48,橋頭,2017-12-20,101,7.0,5.0,nan,62.0,22.0,36.0,101.0
47,美濃,2017-12-20,78,3.0,5.0,nan,59.0,16.0,41.0,78.0
46,臺南,2017-12-20,74,6.0,6.0,nan,74.0,22.0,32.0,68.0
45,安南,2017-12-20,78,6.0,5.0,nan,78.0,22.0,39.0,65.0
44,善化,2017-12-20,64,10.0,3.0,nan,64.0,18.0,35.0,62.0
43,新營,2017-12-20,80,7.0,3.0,nan,80.0,20.0,33.0,61.0
42,嘉義,2017-12-20,62,6.0,6.0,nan,58.0,24.0,34.0,62.0
41,臺西,2017-12-20,75,6.0,3.0,nan,75.0,10.0,nan,64.0
40,朴子,2017-12-20,106,7.0,3.0,nan,106.0,14.0,40.0,75.0
39,新港,2017-12-20,74,6.0,3.0,nan,74.0,14.0,37.0,60.0
38,崙背,2017-12-20,111,6.0,3.0,nan,111.0,14.0,37.0,69.0
36,南投,2017-12-20,43,4.0,6.0,nan,37.0,25.0,31.0,43.0
35,二林,2017-12-20,43,11.0,3.0,nan,42.0,12.0,35.0,43.0
34,線西,2017-12-20,55,6.0,5.0,nan,43.0,13.0,nan,55.0
32,西屯,2017-12-20,41,4.0,3.0,nan,37.0,15.0,41.0,36.0
31,忠明,2017-12-20,41,4.0,3.0,nan,26.0,19.0,34.0,41.0
30,大里,2017-12-20,33,4.0,5.0,nan,29.0,21.0,33.0,21.0
29,沙鹿,2017-12-20,38,4.0,2.0,nan,35.0,14.0,38.0,29.0
28,豐原,2017-12-20,37,4.0,2.0,nan,23.0,13.0,37.0,25.0
27,三義,2017-12-20,40,3.0,2.0,nan,28.0,8.0,40.0,33.0
26,苗栗,2017-12-20,45,6.0,3.0,nan,36.0,17.0,35.0,45.0
25,頭份,2017-12-20,43,6.0,3.0,nan,32.0,17.0,nan,43.0
24,新竹,2017-12-20,38,4.0,3.0,nan,32.0,18.0,34.0,38.0
23,竹東,2017-12-20,42,4.0,2.0,nan,24.0,8.0,38.0,42.0
22,湖口,2017-12-20,40,4.0,3.0,nan,32.0,17.0,40.0,34.0
21,龍潭,2017-12-20,43,6.0,2.0,nan,19.0,10.0,37.0,43.0
20,平鎮,2017-12-20,42,7.0,6.0,nan,42.0,25.0,31.0,34.0
19,觀音,2017-12-20,52,11.0,3.0,nan,45.0,17.0,34.0,52.0
18,大園,2017-12-20,39,6.0,3.0,nan,39.0,22.0,36.0,33.0
16,大同,2017-12-20,46,6.0,10.0,nan,46.0,42.0,nan,30.0
15,松山,2017-12-20,36,11.0,5.0,nan,22.0,36.0,31.0,33.0
14,古亭,2017-12-20,34,7.0,5.0,nan,29.0,28.0,30.0,34.0
13,萬華,2017-12-20,35,9.0,6.0,nan,33.0,35.0,25.0,32.0
12,中山,2017-12-20,41,9.0,8.0,nan,33.0,38.0,26.0,41.0
11,士林,2017-12-20,41,3.0,2.0,nan,28.0,10.0,41.0,31.0
10,淡水,2017-12-20,33,3.0,5.0,nan,33.0,24.0,31.0,25.0
9,林口,2017-12-20,36,4.0,3.0,nan,35.0,28.0,36.0,34.0
8,菜寮,2017-12-20,37,4.0,5.0,nan,37.0,29.0,31.0,29.0
7,新莊,2017-12-20,36,7.0,5.0,nan,32.0,31.0,36.0,17.0
6,板橋,2017-12-20,37,10.0,6.0,nan,33.0,34.0,30.0,37.0
5,土城,2017-12-20,34,6.0,5.0,nan,30.0,27.0,34.0,32.0
4,新店,2017-12-20,39,9.0,5.0,nan,31.0,26.0,34.0,39.0
3,萬里,2017-12-20,55,1.0,2.0,nan,55.0,3.0,47.0,45.0
2,汐止,2017-12-20,55,11.0,6.0,nan,30.0,35.0,37.0,55.0
1,基隆,2017-12-20,40,3.0,2.0,nan,23.0,8.0,40.0,30.0
66,冬山,2017-12-20,38,1.0,3.0,nan,38.0,22.0,36.0,30.0
49,仁武,2017-12-20,78,20.0,6.0,nan,71.0,26.0,38.0,78.0
33,彰化,2017-12-20,47,4.0,5.0,nan,39.0,17.0,32.0,47.0
17,桃園,2017-12-20,38,11.0,5.0,nan,34.0,25.0,31.0,38.0
84,富貴角,2017-12-21,68,3.0,2.0,nan,49.0,3.0,51.0,68.0
17,桃園,2017-12-21,51,10.0,6.0,nan,39.0,23.0,35.0,51.0
33,彰化,2017-12-21,63,7.0,8.0,nan,38.0,34.0,39.0,63.0
49,仁武,2017-12-21,77,16.0,6.0,nan,68.0,46.0,74.0,77.0
66,冬山,2017-12-21,42,6.0,3.0,nan,42.0,19.0,35.0,34.0
1,基隆,2017-12-21,50,3.0,3.0,nan,29.0,10.0,41.0,50.0
2,汐止,2017-12-21,66,9.0,6.0,nan,38.0,32.0,34.0,66.0
3,萬里,2017-12-21,59,4.0,2.0,nan,39.0,6.0,50.0,59.0
4,新店,2017-12-21,55,4.0,5.0,nan,34.0,18.0,40.0,55.0
5,土城,2017-12-21,41,4.0,6.0,nan,32.0,24.0,37.0,41.0
6,板橋,2017-12-21,47,6.0,6.0,nan,35.0,26.0,37.0,47.0
7,新莊,2017-12-21,38,11.0,5.0,nan,38.0,23.0,38.0,28.0
8,菜寮,2017-12-21,43,10.0,6.0,nan,43.0,27.0,34.0,43.0
9,林口,2017-12-21,47,9.0,3.0,nan,44.0,17.0,42.0,47.0
10,淡水,2017-12-21,45,9.0,5.0,nan,38.0,25.0,36.0,45.0
11,士林,2017-12-21,47,11.0,3.0,nan,36.0,12.0,44.0,47.0
12,中山,2017-12-21,50,9.0,8.0,nan,38.0,39.0,30.0,50.0
13,萬華,2017-12-21,53,9.0,6.0,nan,38.0,37.0,33.0,53.0
14,古亭,2017-12-21,43,4.0,5.0,nan,29.0,24.0,36.0,43.0
15,松山,2017-12-21,56,6.0,6.0,nan,27.0,34.0,32.0,56.0
16,大同,2017-12-21,53,10.0,10.0,nan,53.0,42.0,nan,41.0
18,大園,2017-12-21,56,13.0,3.0,nan,48.0,24.0,38.0,56.0
19,觀音,2017-12-21,68,11.0,3.0,nan,57.0,18.0,36.0,68.0
20,平鎮,2017-12-21,45,9.0,6.0,nan,40.0,21.0,38.0,45.0
21,龍潭,2017-12-21,46,3.0,5.0,nan,26.0,16.0,40.0,46.0
22,湖口,2017-12-21,43,7.0,3.0,nan,38.0,15.0,41.0,43.0
23,竹東,2017-12-21,55,4.0,5.0,nan,26.0,17.0,41.0,55.0
24,新竹,2017-12-21,48,6.0,5.0,nan,34.0,21.0,38.0,48.0
25,頭份,2017-12-21,54,6.0,5.0,nan,34.0,28.0,nan,54.0
26,苗栗,2017-12-21,52,4.0,6.0,nan,39.0,30.0,40.0,52.0
27,三義,2017-12-21,45,3.0,3.0,nan,31.0,11.0,44.0,45.0
28,豐原,2017-12-21,41,4.0,5.0,nan,28.0,21.0,41.0,40.0
29,沙鹿,2017-12-21,44,6.0,5.0,nan,34.0,26.0,44.0,42.0
30,大里,2017-12-21,41,9.0,9.0,nan,41.0,40.0,41.0,32.0
31,忠明,2017-12-21,46,6.0,7.0,nan,31.0,37.0,40.0,46.0
32,西屯,2017-12-21,46,6.0,5.0,nan,38.0,28.0,46.0,45.0
34,線西,2017-12-21,68,10.0,6.0,nan,44.0,24.0,nan,68.0
35,二林,2017-12-21,69,14.0,5.0,nan,43.0,21.0,41.0,69.0
36,南投,2017-12-21,64,9.0,7.0,nan,47.0,43.0,41.0,64.0
37,斗六,2017-12-21,83,4.0,6.0,nan,51.0,32.0,46.0,83.0
38,崙背,2017-12-21,82,10.0,5.0,nan,53.0,23.0,46.0,82.0
39,新港,2017-12-21,77,7.0,6.0,nan,57.0,21.0,50.0,77.0
40,朴子,2017-12-21,66,7.0,5.0,nan,66.0,18.0,54.0,65.0
41,臺西,2017-12-21,70,11.0,3.0,nan,64.0,28.0,nan,70.0
42,嘉義,2017-12-21,79,17.0,7.0,nan,57.0,37.0,43.0,79.0
43,新營,2017-12-21,78,7.0,6.0,nan,66.0,28.0,45.0,78.0
44,善化,2017-12-21,77,9.0,6.0,nan,58.0,29.0,46.0,77.0
45,安南,2017-12-21,62,7.0,6.0,nan,60.0,26.0,54.0,62.0
46,臺南,2017-12-21,69,7.0,7.0,nan,59.0,31.0,49.0,69.0
47,美濃,2017-12-21,82,9.0,3.0,nan,65.0,24.0,61.0,82.0
48,橋頭,2017-12-21,96,7.0,6.0,nan,64.0,25.0,61.0,96.0
50,鳳山,2017-12-21,75,11.0,9.0,nan,75.0,35.0,nan,66.0
51,大寮,2017-12-21,94,33.0,8.0,nan,65.0,51.0,43.0,94.0
52,林園,2017-12-21,90,20.0,6.0,nan,63.0,27.0,90.0,79.0
53,楠梓,2017-12-21,76,7.0,6.0,nan,73.0,24.0,58.0,76.0
54,左營,2017-12-21,87,10.0,6.0,nan,69.0,31.0,87.0,78.0
56,前金,2017-12-21,78,9.0,7.0,nan,62.0,39.0,77.0,78.0
57,前鎮,2017-12-21,95,14.0,8.0,nan,69.0,39.0,nan,95.0
58,小港,2017-12-21,91,24.0,8.0,nan,65.0,46.0,54.0,91.0
59,屏東,2017-12-21,86,10.0,6.0,nan,69.0,25.0,58.0,86.0
60,潮州,2017-12-21,108,13.0,5.0,nan,70.0,18.0,108.0,79.0
61,恆春,2017-12-21,47,3.0,2.0,nan,33.0,2.0,45.0,47.0
62,臺東,2017-12-21,41,4.0,3.0,nan,36.0,11.0,34.0,41.0
63,花蓮,2017-12-21,45,6.0,6.0,nan,33.0,21.0,37.0,45.0
64,陽明,2017-12-21,51,4.0,2.0,nan,22.0,2.0,44.0,51.0
65,宜蘭,2017-12-21,56,4.0,6.0,nan,40.0,22.0,32.0,56.0
67,三重,2017-12-21,50,13.0,17.0,nan,50.0,45.0,nan,44.0
68,中壢,2017-12-21,47,9.0,9.0,nan,47.0,29.0,nan,41.0
69,竹山,2017-12-21,91,4.0,5.0,nan,nan,27.0,48.0,91.0
70,永和,2017-12-21,48,6.0,6.0,nan,31.0,22.0,nan,48.0
71,復興,2017-12-21,81,13.0,11.0,nan,71.0,47.0,nan,81.0
72,埔里,2017-12-21,69,9.0,6.0,nan,36.0,25.0,49.0,69.0
75,馬祖,2017-12-21,98,7.0,5.0,nan,57.0,11.0,51.0,98.0
77,金門,2017-12-21,111,13.0,5.0,nan,78.0,16.0,71.0,111.0
78,馬公,2017-12-21,60,3.0,5.0,nan,39.0,5.0,51.0,60.0
80,關山,2017-12-21,36,3.0,nan,nan,29.0,8.0,34.0,36.0
83,麥寮,2017-12-21,72,11.0,5.0,nan,64.0,20.0,nan,72.0
84,富貴角,2017-12-22,51,1.0,2.0,nan,31.0,4.0,46.0,51.0
17,桃園,2017-12-22,56,17.0,6.0,nan,35.0,24.0,33.0,56.0
33,彰化,2017-12-22,118,17.0,12.0,nan,58.0,44.0,42.0,118.0
49,仁武,2017-12-22,123,14.0,8.0,nan,86.0,42.0,104.0,123.0
66,冬山,2017-12-22,43,4.0,5.0,nan,43.0,25.0,40.0,42.0
1,基隆,2017-12-22,47,7.0,8.0,nan,24.0,34.0,40.0,47.0
2,汐止,2017-12-22,62,13.0,6.0,nan,30.0,42.0,38.0,62.0
3,萬里,2017-12-22,55,17.0,2.0,nan,28.0,14.0,44.0,55.0
4,新店,2017-12-22,54,3.0,5.0,nan,27.0,24.0,43.0,54.0
5,土城,2017-12-22,44,4.0,6.0,nan,30.0,32.0,39.0,44.0
6,板橋,2017-12-22,46,6.0,7.0,nan,31.0,26.0,34.0,46.0
7,新莊,2017-12-22,38,6.0,6.0,nan,31.0,26.0,38.0,27.0
8,菜寮,2017-12-22,41,4.0,6.0,nan,34.0,37.0,33.0,41.0
9,林口,2017-12-22,44,3.0,3.0,nan,35.0,22.0,39.0,44.0
10,淡水,2017-12-22,39,9.0,2.0,nan,31.0,9.0,33.0,39.0
11,士林,2017-12-22,43,9.0,2.0,nan,29.0,8.0,43.0,41.0
12,中山,2017-12-22,44,4.0,8.0,nan,33.0,37.0,27.0,44.0
13,萬華,2017-12-22,44,6.0,6.0,nan,29.0,36.0,25.0,44.0
14,古亭,2017-12-22,38,3.0,5.0,nan,23.0,23.0,38.0,38.0
15,松山,2017-12-22,59,7.0,6.0,nan,22.0,38.0,31.0,59.0
16,大同,2017-12-22,47,7.0,12.0,nan,47.0,47.0,nan,47.0
18,大園,2017-12-22,54,7.0,5.0,nan,44.0,28.0,36.0,54.0
19,觀音,2017-12-22,64,14.0,6.0,nan,47.0,27.0,33.0,64.0
20,平鎮,2017-12-22,46,7.0,8.0,nan,40.0,38.0,36.0,46.0
21,龍潭,2017-12-22,60,4.0,9.0,nan,28.0,37.0,39.0,60.0
22,湖口,2017-12-22,60,7.0,6.0,nan,39.0,33.0,44.0,60.0
23,竹東,2017-12-22,65,4.0,6.0,nan,27.0,31.0,46.0,65.0
24,新竹,2017-12-22,65,6.0,10.0,nan,38.0,42.0,44.0,65.0
25,頭份,2017-12-22,83,17.0,8.0,nan,48.0,51.0,nan,83.0
26,苗栗,2017-12-22,91,11.0,10.0,nan,57.0,48.0,47.0,91.0
27,三義,2017-12-22,97,6.0,6.0,nan,56.0,36.0,97.0,96.0
28,豐原,2017-12-22,81,9.0,6.0,nan,55.0,31.0,74.0,81.0
29,沙鹿,2017-12-22,109,11.0,11.0,nan,64.0,62.0,58.0,109.0
30,大里,2017-12-22,88,7.0,14.0,nan,71.0,64.0,84.0,88.0
31,忠明,2017-12-22,116,9.0,14.0,nan,61.0,68.0,67.0,116.0
32,西屯,2017-12-22,111,7.0,10.0,nan,63.0,61.0,93.0,111.0
34,線西,2017-12-22,113,10.0,8.0,nan,61.0,39.0,nan,113.0
35,二林,2017-12-22,118,19.0,7.0,nan,59.0,32.0,47.0,118.0
36,南投,2017-12-22,124,16.0,10.0,nan,68.0,60.0,50.0,124.0
37,斗六,2017-12-22,128,9.0,8.0,nan,66.0,36.0,93.0,128.0
38,崙背,2017-12-22,129,7.0,7.0,nan,69.0,28.0,71.0,129.0
39,新港,2017-12-22,138,10.0,8.0,nan,73.0,29.0,87.0,138.0
40,朴子,2017-12-22,104,7.0,6.0,nan,74.0,24.0,90.0,104.0
41,臺西,2017-12-22,106,10.0,7.0,nan,58.0,35.0,nan,106.0
42,嘉義,2017-12-22,151,21.0,8.0,nan,78.0,48.0,77.0,151.0
43,新營,2017-12-22,121,7.0,7.0,nan,76.0,32.0,67.0,121.0
44,善化,2017-12-22,112,11.0,7.0,nan,67.0,27.0,84.0,112.0
45,安南,2017-12-22,116,14.0,8.0,nan,75.0,38.0,101.0,116.0
46,臺南,2017-12-22,127,11.0,10.0,nan,94.0,52.0,93.0,127.0
47,美濃,2017-12-22,102,6.0,5.0,nan,65.0,14.0,97.0,102.0
48,橋頭,2017-12-22,145,9.0,7.0,nan,76.0,34.0,93.0,145.0
50,鳳山,2017-12-22,113,11.0,9.0,nan,85.0,37.0,nan,113.0
51,大寮,2017-12-22,120,14.0,7.0,nan,73.0,36.0,48.0,120.0
52,林園,2017-12-22,115,24.0,6.0,nan,75.0,29.0,115.0,102.0
53,楠梓,2017-12-22,128,9.0,7.0,nan,93.0,31.0,100.0,128.0
54,左營,2017-12-22,139,9.0,9.0,nan,84.0,34.0,118.0,139.0
56,前金,2017-12-22,139,7.0,10.0,nan,78.0,42.0,112.0,139.0
57,前鎮,2017-12-22,133,16.0,10.0,nan,80.0,54.0,nan,133.0
58,小港,2017-12-22,124,19.0,8.0,nan,76.0,56.0,64.0,124.0
59,屏東,2017-12-22,126,9.0,8.0,nan,66.0,37.0,77.0,126.0
60,潮州,2017-12-22,100,9.0,7.0,nan,68.0,25.0,100.0,94.0
61,恆春,2017-12-22,48,4.0,2.0,nan,33.0,2.0,47.0,48.0
62,臺東,2017-12-22,43,3.0,3.0,nan,31.0,9.0,33.0,43.0
63,花蓮,2017-12-22,52,4.0,5.0,nan,30.0,22.0,36.0,52.0
64,陽明,2017-12-22,40,16.0,2.0,nan,17.0,7.0,40.0,39.0
65,宜蘭,2017-12-22,56,4.0,6.0,nan,37.0,25.0,38.0,56.0
67,三重,2017-12-22,50,9.0,17.0,nan,48.0,46.0,nan,50.0
68,中壢,2017-12-22,53,11.0,23.0,nan,49.0,46.0,nan,53.0
69,竹山,2017-12-22,152,13.0,6.0,nan,nan,26.0,101.0,152.0
70,永和,2017-12-22,49,3.0,7.0,nan,28.0,25.0,nan,49.0
71,復興,2017-12-22,128,16.0,14.0,nan,83.0,60.0,nan,128.0
72,埔里,2017-12-22,105,6.0,7.0,nan,50.0,39.0,67.0,105.0
75,馬祖,2017-12-22,108,6.0,5.0,nan,56.0,10.0,77.0,108.0
77,金門,2017-12-22,113,16.0,5.0,nan,71.0,25.0,58.0,113.0
78,馬公,2017-12-22,80,3.0,5.0,nan,52.0,14.0,64.0,80.0
80,關山,2017-12-22,38,1.0,nan,nan,27.0,13.0,32.0,38.0
83,麥寮,2017-12-22,106,10.0,6.0,nan,67.0,27.0,nan,106.0
16,大同,2017-12-23,74,16.0,31.0,nan,59.0,74.0,nan,72.0
84,富貴角,2017-12-23,159,14.0,5.0,nan,60.0,13.0,159.0,112.0
83,麥寮,2017-12-23,140,10.0,5.0,nan,79.0,20.0,nan,140.0
80,關山,2017-12-23,37,3.0,nan,nan,24.0,8.0,34.0,37.0
78,馬公,2017-12-23,82,3.0,2.0,nan,53.0,9.0,64.0,82.0
77,金門,2017-12-23,131,13.0,6.0,nan,78.0,45.0,44.0,131.0
75,馬祖,2017-12-23,99,9.0,6.0,nan,56.0,12.0,42.0,99.0
72,埔里,2017-12-23,115,6.0,6.0,nan,53.0,29.0,64.0,115.0
71,復興,2017-12-23,122,10.0,11.0,nan,77.0,57.0,nan,122.0
70,永和,2017-12-23,82,9.0,23.0,nan,43.0,71.0,nan,82.0
69,竹山,2017-12-23,155,6.0,5.0,nan,74.0,19.0,90.0,155.0
68,中壢,2017-12-23,105,11.0,27.0,nan,73.0,78.0,nan,105.0
67,三重,2017-12-23,78,14.0,36.0,nan,64.0,78.0,nan,75.0
65,宜蘭,2017-12-23,57,4.0,5.0,nan,38.0,18.0,40.0,57.0
64,陽明,2017-12-23,39,3.0,1.0,nan,13.0,2.0,39.0,28.0
63,花蓮,2017-12-23,41,10.0,5.0,nan,27.0,22.0,36.0,41.0
62,臺東,2017-12-23,42,3.0,5.0,nan,29.0,15.0,31.0,42.0
61,恆春,2017-12-23,45,4.0,1.0,nan,31.0,2.0,45.0,42.0
60,潮州,2017-12-23,102,7.0,5.0,nan,64.0,22.0,84.0,102.0
59,屏東,2017-12-23,123,4.0,6.0,nan,64.0,25.0,58.0,123.0
58,小港,2017-12-23,127,11.0,8.0,nan,68.0,54.0,64.0,127.0
57,前鎮,2017-12-23,146,10.0,10.0,nan,78.0,57.0,nan,146.0
56,前金,2017-12-23,125,10.0,7.0,nan,67.0,27.0,74.0,125.0
54,左營,2017-12-23,136,9.0,6.0,nan,80.0,24.0,84.0,136.0
53,楠梓,2017-12-23,147,10.0,6.0,nan,87.0,30.0,67.0,147.0
52,林園,2017-12-23,108,21.0,6.0,nan,74.0,33.0,58.0,108.0
51,大寮,2017-12-23,120,20.0,7.0,nan,68.0,35.0,64.0,120.0
50,鳳山,2017-12-23,117,10.0,9.0,nan,84.0,45.0,nan,117.0
48,橋頭,2017-12-23,145,13.0,6.0,nan,72.0,25.0,54.0,145.0
47,美濃,2017-12-23,100,4.0,5.0,nan,59.0,13.0,71.0,100.0
46,臺南,2017-12-23,125,7.0,8.0,nan,90.0,34.0,74.0,125.0
45,安南,2017-12-23,128,7.0,7.0,nan,83.0,36.0,87.0,128.0
44,善化,2017-12-23,113,13.0,5.0,nan,61.0,23.0,58.0,113.0
43,新營,2017-12-23,135,7.0,5.0,nan,92.0,26.0,61.0,135.0
42,嘉義,2017-12-23,128,7.0,7.0,nan,78.0,29.0,71.0,128.0
41,臺西,2017-12-23,129,14.0,3.0,nan,64.0,30.0,nan,129.0
40,朴子,2017-12-23,110,6.0,5.0,nan,78.0,22.0,84.0,110.0
39,新港,2017-12-23,130,6.0,6.0,nan,79.0,25.0,77.0,130.0
38,崙背,2017-12-23,136,6.0,5.0,nan,78.0,26.0,80.0,136.0
37,斗六,2017-12-23,142,4.0,6.0,nan,73.0,25.0,80.0,142.0
36,南投,2017-12-23,153,14.0,9.0,nan,80.0,34.0,51.0,153.0
35,二林,2017-12-23,152,6.0,6.0,nan,75.0,30.0,58.0,152.0
34,線西,2017-12-23,152,6.0,8.0,nan,78.0,38.0,nan,152.0
32,西屯,2017-12-23,156,11.0,8.0,nan,89.0,42.0,97.0,156.0
31,忠明,2017-12-23,154,9.0,10.0,nan,78.0,56.0,71.0,154.0
30,大里,2017-12-23,119,10.0,10.0,nan,86.0,47.0,71.0,119.0
29,沙鹿,2017-12-23,153,9.0,8.0,nan,89.0,39.0,80.0,153.0
28,豐原,2017-12-23,120,9.0,7.0,nan,71.0,25.0,80.0,120.0
27,三義,2017-12-23,128,7.0,6.0,nan,71.0,18.0,108.0,128.0
26,苗栗,2017-12-23,134,10.0,9.0,nan,76.0,34.0,84.0,134.0
25,頭份,2017-12-23,141,10.0,9.0,nan,72.0,38.0,nan,141.0
24,新竹,2017-12-23,117,9.0,11.0,nan,66.0,46.0,100.0,117.0
23,竹東,2017-12-23,120,7.0,8.0,nan,59.0,26.0,104.0,120.0
22,湖口,2017-12-23,120,10.0,8.0,nan,77.0,49.0,115.0,120.0
21,龍潭,2017-12-23,122,9.0,8.0,nan,27.0,44.0,122.0,106.0
20,平鎮,2017-12-23,104,11.0,12.0,nan,66.0,64.0,90.0,104.0
19,觀音,2017-12-23,157,19.0,8.0,nan,89.0,38.0,87.0,157.0
18,大園,2017-12-23,129,21.0,9.0,nan,75.0,49.0,112.0,129.0
15,松山,2017-12-23,53,7.0,11.0,nan,20.0,53.0,34.0,53.0
14,古亭,2017-12-23,71,11.0,12.0,nan,35.0,71.0,36.0,62.0
13,萬華,2017-12-23,79,21.0,16.0,nan,43.0,71.0,31.0,79.0
12,中山,2017-12-23,71,14.0,16.0,nan,42.0,71.0,32.0,59.0
11,士林,2017-12-23,58,6.0,8.0,nan,31.0,47.0,40.0,58.0
10,淡水,2017-12-23,86,17.0,10.0,nan,54.0,42.0,47.0,86.0
9,林口,2017-12-23,119,16.0,8.0,nan,68.0,58.0,115.0,119.0
8,菜寮,2017-12-23,83,13.0,14.0,nan,54.0,64.0,39.0,83.0
7,新莊,2017-12-23,78,13.0,12.0,nan,57.0,51.0,74.0,78.0
6,板橋,2017-12-23,100,23.0,12.0,nan,59.0,65.0,71.0,100.0
5,土城,2017-12-23,97,14.0,11.0,nan,54.0,54.0,77.0,97.0
4,新店,2017-12-23,65,4.0,8.0,nan,34.0,46.0,42.0,65.0
3,萬里,2017-12-23,44,14.0,2.0,nan,18.0,10.0,41.0,44.0
2,汐止,2017-12-23,60,6.0,8.0,nan,26.0,30.0,40.0,60.0
1,基隆,2017-12-23,39,3.0,6.0,nan,19.0,28.0,39.0,33.0
66,冬山,2017-12-23,42,9.0,5.0,nan,40.0,26.0,40.0,42.0
49,仁武,2017-12-23,126,20.0,6.0,nan,76.0,42.0,64.0,126.0
33,彰化,2017-12-23,156,19.0,11.0,nan,83.0,38.0,51.0,156.0
17,桃園,2017-12-23,119,29.0,14.0,nan,64.0,58.0,67.0,119.0
84,富貴角,2017-12-24,152,24.0,8.0,nan,73.0,54.0,80.0,152.0
83,麥寮,2017-12-24,136,14.0,6.0,nan,85.0,23.0,nan,136.0
80,關山,2017-12-24,32,3.0,nan,nan,21.0,6.0,32.0,29.0
78,馬公,2017-12-24,97,11.0,3.0,nan,48.0,11.0,97.0,85.0
77,金門,2017-12-24,152,19.0,7.0,nan,87.0,47.0,71.0,152.0
75,馬祖,2017-12-24,99,10.0,7.0,nan,53.0,20.0,50.0,99.0
72,埔里,2017-12-24,94,4.0,6.0,nan,42.0,25.0,44.0,94.0
71,復興,2017-12-24,149,6.0,9.0,nan,85.0,36.0,nan,149.0
70,永和,2017-12-24,117,7.0,10.0,nan,57.0,34.0,nan,117.0
69,竹山,2017-12-24,142,4.0,5.0,nan,59.0,23.0,71.0,142.0
68,中壢,2017-12-24,113,6.0,11.0,nan,73.0,43.0,nan,113.0
67,三重,2017-12-24,122,11.0,22.0,nan,75.0,54.0,nan,122.0
65,宜蘭,2017-12-24,74,6.0,5.0,nan,46.0,11.0,58.0,74.0
64,陽明,2017-12-24,73,9.0,5.0,nan,28.0,7.0,58.0,73.0
63,花蓮,2017-12-24,61,10.0,3.0,nan,28.0,8.0,61.0,53.0
62,臺東,2017-12-24,37,3.0,3.0,nan,26.0,7.0,34.0,37.0
61,恆春,2017-12-24,46,4.0,1.0,nan,26.0,3.0,42.0,46.0
60,潮州,2017-12-24,88,6.0,6.0,nan,62.0,19.0,67.0,88.0
59,屏東,2017-12-24,87,6.0,6.0,nan,51.0,20.0,51.0,87.0
58,小港,2017-12-24,144,11.0,7.0,nan,78.0,47.0,74.0,144.0
57,前鎮,2017-12-24,156,6.0,8.0,nan,87.0,35.0,nan,156.0
56,前金,2017-12-24,157,6.0,7.0,nan,84.0,21.0,71.0,157.0
54,左營,2017-12-24,155,7.0,7.0,nan,94.0,21.0,80.0,155.0
17,桃園,2017-12-24,120,7.0,9.0,nan,66.0,41.0,44.0,120.0
9,林口,2017-12-24,141,10.0,8.0,nan,78.0,61.0,51.0,141.0
10,淡水,2017-12-24,111,10.0,11.0,nan,64.0,38.0,44.0,111.0
2,汐止,2017-12-24,123,13.0,8.0,nan,57.0,26.0,61.0,123.0
11,士林,2017-12-24,99,9.0,11.0,nan,56.0,37.0,58.0,99.0
12,中山,2017-12-24,108,7.0,12.0,nan,75.0,53.0,40.0,108.0
3,萬里,2017-12-24,99,9.0,5.0,nan,54.0,18.0,84.0,99.0
13,萬華,2017-12-24,121,6.0,11.0,nan,60.0,50.0,39.0,121.0
4,新店,2017-12-24,97,9.0,6.0,nan,50.0,20.0,49.0,97.0
14,古亭,2017-12-24,85,7.0,8.0,nan,50.0,33.0,44.0,85.0
49,仁武,2017-12-24,142,10.0,6.0,nan,82.0,26.0,80.0,142.0
15,松山,2017-12-24,105,4.0,9.0,nan,38.0,43.0,44.0,105.0
5,土城,2017-12-24,115,11.0,7.0,nan,59.0,36.0,44.0,115.0
66,冬山,2017-12-24,67,7.0,5.0,nan,52.0,14.0,67.0,62.0
16,大同,2017-12-24,126,7.0,18.0,nan,76.0,54.0,nan,126.0
6,板橋,2017-12-24,114,7.0,8.0,nan,63.0,38.0,39.0,114.0
33,彰化,2017-12-24,155,9.0,9.0,nan,76.0,28.0,44.0,155.0
7,新莊,2017-12-24,105,11.0,10.0,nan,66.0,41.0,49.0,105.0
18,大園,2017-12-24,121,7.0,6.0,nan,75.0,50.0,50.0,121.0
1,基隆,2017-12-24,102,16.0,8.0,nan,46.0,43.0,54.0,102.0
19,觀音,2017-12-24,142,13.0,5.0,nan,74.0,25.0,43.0,142.0
8,菜寮,2017-12-24,131,11.0,11.0,nan,69.0,49.0,44.0,131.0
20,平鎮,2017-12-24,111,10.0,6.0,nan,68.0,39.0,43.0,111.0
21,龍潭,2017-12-24,109,9.0,5.0,nan,nan,19.0,47.0,109.0
22,湖口,2017-12-24,111,9.0,6.0,nan,73.0,30.0,50.0,111.0
23,竹東,2017-12-24,117,4.0,6.0,nan,54.0,16.0,46.0,117.0
24,新竹,2017-12-24,119,7.0,6.0,nan,68.0,23.0,44.0,119.0
25,頭份,2017-12-24,142,19.0,6.0,nan,75.0,34.0,nan,142.0
26,苗栗,2017-12-24,142,6.0,7.0,nan,78.0,20.0,44.0,142.0
27,三義,2017-12-24,100,6.0,5.0,nan,62.0,16.0,50.0,100.0
28,豐原,2017-12-24,98,4.0,6.0,nan,56.0,19.0,48.0,98.0
29,沙鹿,2017-12-24,147,9.0,7.0,nan,85.0,28.0,50.0,147.0
30,大里,2017-12-24,124,7.0,8.0,nan,80.0,25.0,47.0,124.0
31,忠明,2017-12-24,154,7.0,9.0,nan,80.0,44.0,46.0,154.0
32,西屯,2017-12-24,149,6.0,9.0,nan,82.0,43.0,64.0,149.0
34,線西,2017-12-24,137,21.0,7.0,nan,73.0,22.0,nan,137.0
35,二林,2017-12-24,103,13.0,6.0,nan,65.0,15.0,44.0,103.0
36,南投,2017-12-24,152,4.0,7.0,nan,75.0,25.0,44.0,152.0
37,斗六,2017-12-24,154,6.0,7.0,nan,88.0,27.0,64.0,154.0
38,崙背,2017-12-24,131,10.0,5.0,nan,82.0,18.0,50.0,131.0
39,新港,2017-12-24,151,7.0,7.0,nan,93.0,16.0,50.0,151.0
40,朴子,2017-12-24,120,7.0,5.0,nan,90.0,17.0,58.0,120.0
41,臺西,2017-12-24,121,4.0,5.0,nan,60.0,10.0,nan,121.0
42,嘉義,2017-12-24,154,7.0,6.0,nan,87.0,23.0,49.0,154.0
43,新營,2017-12-24,153,7.0,7.0,nan,106.0,26.0,47.0,153.0
44,善化,2017-12-24,139,7.0,6.0,nan,82.0,16.0,48.0,139.0
45,安南,2017-12-24,150,6.0,7.0,nan,94.0,24.0,64.0,150.0
46,臺南,2017-12-24,156,6.0,7.0,nan,92.0,30.0,50.0,156.0
47,美濃,2017-12-24,91,4.0,5.0,nan,56.0,14.0,64.0,91.0
48,橋頭,2017-12-24,154,7.0,6.0,nan,79.0,18.0,67.0,154.0
50,鳳山,2017-12-24,140,13.0,7.0,nan,90.0,40.0,nan,140.0
51,大寮,2017-12-24,121,9.0,6.0,nan,65.0,29.0,71.0,121.0
52,林園,2017-12-24,116,31.0,14.0,nan,70.0,34.0,84.0,116.0
53,楠梓,2017-12-24,151,6.0,5.0,nan,89.0,17.0,80.0,151.0
57,前鎮,2017-12-25,156,24.0,10.0,nan,93.0,47.0,nan,156.0
20,平鎮,2017-12-25,114,10.0,7.0,nan,82.0,20.0,42.0,114.0
19,觀音,2017-12-25,146,13.0,7.0,nan,91.0,20.0,42.0,146.0
18,大園,2017-12-25,121,14.0,7.0,nan,97.0,24.0,43.0,121.0
16,大同,2017-12-25,137,6.0,17.0,nan,90.0,56.0,nan,137.0
15,松山,2017-12-25,123,9.0,8.0,nan,67.0,31.0,40.0,123.0
14,古亭,2017-12-25,113,11.0,7.0,nan,80.0,27.0,43.0,113.0
13,萬華,2017-12-25,129,9.0,8.0,nan,79.0,29.0,40.0,129.0
12,中山,2017-12-25,116,9.0,10.0,nan,89.0,46.0,41.0,116.0
11,士林,2017-12-25,116,9.0,6.0,nan,76.0,17.0,47.0,116.0
10,淡水,2017-12-25,114,10.0,6.0,nan,76.0,11.0,41.0,114.0
9,林口,2017-12-25,131,7.0,6.0,nan,88.0,25.0,44.0,131.0
8,菜寮,2017-12-25,117,7.0,8.0,nan,82.0,33.0,41.0,117.0
7,新莊,2017-12-25,96,9.0,7.0,nan,78.0,23.0,44.0,96.0
6,板橋,2017-12-25,116,10.0,8.0,nan,80.0,25.0,43.0,116.0
5,土城,2017-12-25,119,11.0,7.0,nan,79.0,22.0,42.0,119.0
4,新店,2017-12-25,134,10.0,7.0,nan,79.0,17.0,44.0,134.0
3,萬里,2017-12-25,142,9.0,6.0,nan,101.0,9.0,61.0,142.0
2,汐止,2017-12-25,132,13.0,7.0,nan,76.0,43.0,44.0,132.0
1,基隆,2017-12-25,105,7.0,6.0,nan,61.0,15.0,45.0,105.0
66,冬山,2017-12-25,111,7.0,6.0,nan,89.0,18.0,46.0,111.0
33,彰化,2017-12-25,138,7.0,8.0,nan,77.0,25.0,44.0,138.0
17,桃園,2017-12-25,130,10.0,7.0,nan,82.0,20.0,41.0,130.0
84,富貴角,2017-12-25,148,6.0,6.0,nan,87.0,9.0,58.0,148.0
83,麥寮,2017-12-25,152,13.0,7.0,nan,116.0,18.0,nan,152.0
80,關山,2017-12-25,85,4.0,nan,nan,68.0,10.0,43.0,85.0
78,馬公,2017-12-25,120,7.0,7.0,nan,71.0,7.0,80.0,120.0
77,金門,2017-12-25,137,9.0,7.0,nan,91.0,12.0,77.0,137.0
75,馬祖,2017-12-25,145,9.0,7.0,nan,88.0,10.0,74.0,145.0
72,埔里,2017-12-25,94,6.0,8.0,nan,44.0,27.0,51.0,94.0
71,復興,2017-12-25,152,24.0,12.0,nan,95.0,48.0,nan,152.0
70,永和,2017-12-25,133,10.0,9.0,nan,75.0,28.0,nan,133.0
69,竹山,2017-12-25,154,4.0,8.0,nan,78.0,24.0,71.0,154.0
68,中壢,2017-12-25,115,9.0,10.0,nan,88.0,32.0,nan,115.0
67,三重,2017-12-25,110,9.0,19.0,nan,94.0,52.0,nan,110.0
65,宜蘭,2017-12-25,127,7.0,6.0,nan,87.0,14.0,46.0,127.0
64,陽明,2017-12-25,106,7.0,5.0,nan,49.0,7.0,49.0,106.0
63,花蓮,2017-12-25,117,6.0,7.0,nan,76.0,25.0,49.0,117.0
62,臺東,2017-12-25,108,4.0,8.0,nan,66.0,16.0,43.0,108.0
61,恆春,2017-12-25,91,6.0,5.0,nan,55.0,5.0,64.0,91.0
60,潮州,2017-12-25,151,4.0,6.0,nan,72.0,20.0,39.0,151.0
59,屏東,2017-12-25,153,9.0,9.0,nan,73.0,31.0,31.0,153.0
58,小港,2017-12-25,152,30.0,9.0,nan,82.0,58.0,43.0,152.0
56,前金,2017-12-25,153,14.0,9.0,nan,84.0,42.0,64.0,153.0
54,左營,2017-12-25,154,11.0,9.0,nan,101.0,36.0,58.0,154.0
53,楠梓,2017-12-25,156,11.0,9.0,nan,102.0,45.0,41.0,156.0
52,林園,2017-12-25,114,14.0,7.0,nan,74.0,29.0,50.0,114.0
51,大寮,2017-12-25,145,10.0,7.0,nan,76.0,32.0,36.0,145.0
50,鳳山,2017-12-25,142,19.0,11.0,nan,90.0,54.0,nan,142.0
49,仁武,2017-12-25,133,14.0,9.0,nan,83.0,40.0,44.0,133.0
48,橋頭,2017-12-25,157,10.0,9.0,nan,92.0,35.0,48.0,157.0
47,美濃,2017-12-25,138,7.0,6.0,nan,77.0,20.0,33.0,138.0
46,臺南,2017-12-25,151,7.0,8.0,nan,96.0,27.0,48.0,151.0
45,安南,2017-12-25,144,7.0,7.0,nan,97.0,25.0,64.0,144.0
44,善化,2017-12-25,149,9.0,7.0,nan,91.0,21.0,44.0,149.0
43,新營,2017-12-25,152,7.0,7.0,nan,111.0,24.0,49.0,152.0
42,嘉義,2017-12-25,152,16.0,9.0,nan,92.0,34.0,46.0,152.0
41,臺西,2017-12-25,152,7.0,6.0,nan,107.0,10.0,nan,152.0
40,朴子,2017-12-25,136,10.0,6.0,nan,110.0,22.0,77.0,136.0
39,新港,2017-12-25,137,9.0,7.0,nan,99.0,20.0,64.0,137.0
38,崙背,2017-12-25,152,10.0,7.0,nan,105.0,23.0,58.0,152.0
37,斗六,2017-12-25,149,7.0,7.0,nan,77.0,25.0,74.0,149.0
36,南投,2017-12-25,131,7.0,10.0,nan,74.0,33.0,44.0,131.0
35,二林,2017-12-25,126,10.0,7.0,nan,87.0,17.0,47.0,126.0
34,線西,2017-12-25,145,11.0,9.0,nan,87.0,19.0,nan,145.0
32,西屯,2017-12-25,123,7.0,7.0,nan,71.0,22.0,64.0,123.0
31,忠明,2017-12-25,123,7.0,8.0,nan,65.0,36.0,45.0,123.0
30,大里,2017-12-25,93,4.0,9.0,nan,68.0,37.0,44.0,93.0
29,沙鹿,2017-12-25,106,7.0,6.0,nan,72.0,20.0,51.0,106.0
28,豐原,2017-12-25,93,4.0,6.0,nan,60.0,16.0,46.0,93.0
27,三義,2017-12-25,119,6.0,6.0,nan,68.0,15.0,48.0,119.0
26,苗栗,2017-12-25,120,9.0,7.0,nan,79.0,30.0,44.0,120.0
25,頭份,2017-12-25,123,9.0,7.0,nan,78.0,28.0,nan,123.0
24,新竹,2017-12-25,118,7.0,7.0,nan,80.0,20.0,42.0,118.0
23,竹東,2017-12-25,127,7.0,6.0,nan,71.0,16.0,45.0,127.0
22,湖口,2017-12-25,118,10.0,6.0,nan,80.0,14.0,45.0,118.0
21,龍潭,2017-12-25,127,9.0,6.0,nan,nan,17.0,45.0,127.0
60,潮州,2017-12-26,158,16.0,8.0,nan,93.0,26.0,132.0,158.0
63,花蓮,2017-12-26,64,4.0,6.0,nan,36.0,16.0,36.0,64.0
70,永和,2017-12-26,65,3.0,6.0,nan,42.0,16.0,nan,65.0
58,小港,2017-12-26,153,33.0,9.0,nan,94.0,70.0,77.0,153.0
84,富貴角,2017-12-26,67,1.0,3.0,nan,50.0,3.0,46.0,67.0
69,竹山,2017-12-26,157,6.0,7.0,nan,83.0,25.0,118.0,157.0
56,前金,2017-12-26,162,10.0,12.0,nan,106.0,44.0,115.0,162.0
68,中壢,2017-12-26,61,6.0,11.0,nan,52.0,32.0,nan,61.0
62,臺東,2017-12-26,66,3.0,7.0,nan,40.0,11.0,30.0,66.0
83,麥寮,2017-12-26,114,6.0,6.0,nan,99.0,16.0,nan,114.0
80,關山,2017-12-26,58,3.0,nan,nan,40.0,12.0,29.0,58.0
67,三重,2017-12-26,61,9.0,15.0,nan,61.0,42.0,nan,59.0
78,馬公,2017-12-26,79,3.0,5.0,nan,53.0,6.0,51.0,79.0
77,金門,2017-12-26,114,10.0,5.0,nan,76.0,16.0,64.0,114.0
65,宜蘭,2017-12-26,79,4.0,6.0,nan,51.0,12.0,32.0,79.0
75,馬祖,2017-12-26,123,7.0,5.0,nan,75.0,11.0,108.0,123.0
59,屏東,2017-12-26,152,10.0,8.0,nan,88.0,28.0,67.0,152.0
72,埔里,2017-12-26,153,9.0,9.0,nan,68.0,51.0,90.0,153.0
61,恆春,2017-12-26,58,4.0,3.0,nan,34.0,3.0,45.0,58.0
71,復興,2017-12-26,154,16.0,17.0,nan,105.0,51.0,nan,154.0
54,左營,2017-12-26,157,11.0,11.0,nan,109.0,39.0,108.0,157.0
64,陽明,2017-12-26,48,7.0,3.0,nan,21.0,4.0,42.0,48.0
57,前鎮,2017-12-26,160,16.0,12.0,nan,105.0,48.0,nan,160.0
33,彰化,2017-12-26,109,7.0,8.0,nan,58.0,32.0,39.0,109.0
66,冬山,2017-12-26,61,3.0,6.0,nan,47.0,21.0,29.0,61.0
1,基隆,2017-12-26,53,3.0,5.0,nan,31.0,15.0,40.0,53.0
2,汐止,2017-12-26,75,9.0,6.0,nan,44.0,32.0,32.0,75.0
3,萬里,2017-12-26,65,4.0,3.0,nan,46.0,6.0,47.0,65.0
4,新店,2017-12-26,66,3.0,5.0,nan,44.0,16.0,39.0,66.0
5,土城,2017-12-26,60,4.0,6.0,nan,44.0,18.0,36.0,60.0
6,板橋,2017-12-26,59,3.0,6.0,nan,44.0,25.0,35.0,59.0
7,新莊,2017-12-26,44,4.0,6.0,nan,44.0,25.0,37.0,39.0
8,菜寮,2017-12-26,57,1.0,6.0,nan,47.0,25.0,34.0,57.0
9,林口,2017-12-26,62,10.0,5.0,nan,51.0,24.0,41.0,62.0
10,淡水,2017-12-26,57,6.0,6.0,nan,39.0,25.0,33.0,57.0
11,士林,2017-12-26,57,19.0,3.0,nan,47.0,14.0,43.0,57.0
12,中山,2017-12-26,61,4.0,7.0,nan,52.0,37.0,31.0,61.0
13,萬華,2017-12-26,64,4.0,6.0,nan,43.0,32.0,31.0,64.0
14,古亭,2017-12-26,59,3.0,5.0,nan,43.0,18.0,39.0,59.0
15,松山,2017-12-26,66,6.0,5.0,nan,44.0,28.0,30.0,66.0
16,大同,2017-12-26,62,6.0,11.0,nan,57.0,44.0,nan,62.0
18,大園,2017-12-26,62,9.0,5.0,nan,54.0,22.0,38.0,62.0
17,桃園,2017-12-26,65,9.0,5.0,nan,46.0,20.0,34.0,65.0
19,觀音,2017-12-26,76,10.0,5.0,nan,57.0,16.0,31.0,76.0
20,平鎮,2017-12-26,60,4.0,6.0,nan,48.0,19.0,35.0,60.0
21,龍潭,2017-12-26,64,3.0,5.0,nan,42.0,15.0,36.0,64.0
22,湖口,2017-12-26,59,6.0,5.0,nan,44.0,15.0,39.0,59.0
23,竹東,2017-12-26,74,6.0,5.0,nan,32.0,14.0,33.0,74.0
24,新竹,2017-12-26,55,6.0,6.0,nan,41.0,23.0,35.0,55.0
25,頭份,2017-12-26,78,3.0,6.0,nan,44.0,37.0,nan,78.0
26,苗栗,2017-12-26,86,9.0,7.0,nan,52.0,25.0,34.0,86.0
27,三義,2017-12-26,90,4.0,5.0,nan,53.0,27.0,46.0,90.0
28,豐原,2017-12-26,86,6.0,7.0,nan,57.0,25.0,47.0,86.0
29,沙鹿,2017-12-26,79,6.0,6.0,nan,55.0,25.0,44.0,79.0
30,大里,2017-12-26,98,9.0,11.0,nan,73.0,50.0,46.0,98.0
31,忠明,2017-12-26,114,7.0,9.0,nan,62.0,38.0,44.0,114.0
32,西屯,2017-12-26,106,6.0,7.0,nan,62.0,30.0,50.0,106.0
34,線西,2017-12-26,110,13.0,6.0,nan,63.0,29.0,nan,110.0
35,二林,2017-12-26,110,16.0,8.0,nan,62.0,24.0,39.0,110.0
36,南投,2017-12-26,145,10.0,9.0,nan,80.0,42.0,58.0,145.0
37,斗六,2017-12-26,133,13.0,8.0,nan,85.0,30.0,77.0,133.0
38,崙背,2017-12-26,132,10.0,8.0,nan,82.0,24.0,48.0,132.0
39,新港,2017-12-26,141,9.0,9.0,nan,92.0,23.0,64.0,141.0
40,朴子,2017-12-26,135,10.0,8.0,nan,103.0,23.0,64.0,135.0
41,臺西,2017-12-26,94,4.0,5.0,nan,57.0,9.0,nan,94.0
42,嘉義,2017-12-26,154,23.0,8.0,nan,94.0,34.0,67.0,154.0
43,新營,2017-12-26,151,9.0,8.0,nan,103.0,28.0,51.0,151.0
44,善化,2017-12-26,146,11.0,8.0,nan,85.0,26.0,64.0,146.0
45,安南,2017-12-26,151,9.0,9.0,nan,96.0,32.0,80.0,151.0
46,臺南,2017-12-26,152,9.0,10.0,nan,90.0,34.0,61.0,152.0
47,美濃,2017-12-26,145,4.0,7.0,nan,92.0,19.0,71.0,145.0
48,橋頭,2017-12-26,159,9.0,8.0,nan,100.0,33.0,74.0,159.0
49,仁武,2017-12-26,156,13.0,10.0,nan,103.0,42.0,90.0,156.0
50,鳳山,2017-12-26,151,10.0,11.0,nan,105.0,40.0,nan,151.0
51,大寮,2017-12-26,146,11.0,8.0,nan,84.0,36.0,93.0,146.0
52,林園,2017-12-26,146,17.0,7.0,nan,85.0,39.0,146.0,125.0
53,楠梓,2017-12-26,161,7.0,8.0,nan,114.0,32.0,33.0,161.0
41,臺西,2017-12-27,85,13.0,6.0,nan,55.0,23.0,nan,85.0
40,朴子,2017-12-27,102,9.0,7.0,nan,73.0,21.0,100.0,102.0
39,新港,2017-12-27,104,7.0,7.0,nan,75.0,25.0,71.0,104.0
42,嘉義,2017-12-27,120,10.0,8.0,nan,75.0,28.0,80.0,120.0
38,崙背,2017-12-27,110,6.0,5.0,nan,64.0,19.0,67.0,110.0
43,新營,2017-12-27,106,7.0,7.0,nan,79.0,31.0,64.0,106.0
37,斗六,2017-12-27,142,9.0,8.0,nan,74.0,33.0,87.0,142.0
44,善化,2017-12-27,89,14.0,6.0,nan,59.0,23.0,58.0,89.0
45,安南,2017-12-27,100,17.0,8.0,nan,66.0,34.0,100.0,92.0
36,南投,2017-12-27,153,17.0,10.0,nan,80.0,47.0,71.0,153.0
35,二林,2017-12-27,89,14.0,6.0,nan,54.0,22.0,46.0,89.0
46,臺南,2017-12-27,97,10.0,9.0,nan,64.0,51.0,97.0,92.0
34,線西,2017-12-27,81,14.0,5.0,nan,52.0,33.0,nan,81.0
47,美濃,2017-12-27,104,4.0,6.0,nan,70.0,15.0,77.0,104.0
48,橋頭,2017-12-27,130,11.0,7.0,nan,72.0,28.0,51.0,130.0
49,仁武,2017-12-27,120,11.0,8.0,nan,80.0,42.0,71.0,120.0
33,彰化,2017-12-27,102,16.0,9.0,nan,60.0,40.0,41.0,102.0
50,鳳山,2017-12-27,119,17.0,8.0,nan,85.0,42.0,nan,119.0
51,大寮,2017-12-27,113,10.0,7.0,nan,68.0,33.0,54.0,113.0
32,西屯,2017-12-27,96,10.0,8.0,nan,57.0,43.0,77.0,96.0
52,林園,2017-12-27,109,16.0,7.0,nan,79.0,31.0,93.0,109.0
31,忠明,2017-12-27,99,9.0,11.0,nan,57.0,56.0,51.0,99.0
30,大里,2017-12-27,94,10.0,10.0,nan,73.0,52.0,67.0,94.0
53,楠梓,2017-12-27,133,10.0,7.0,nan,89.0,29.0,58.0,133.0
54,左營,2017-12-27,125,9.0,8.0,nan,81.0,33.0,104.0,125.0
56,前金,2017-12-27,120,9.0,8.0,nan,70.0,38.0,93.0,120.0
29,沙鹿,2017-12-27,70,7.0,8.0,nan,49.0,45.0,48.0,70.0
28,豐原,2017-12-27,85,6.0,7.0,nan,57.0,26.0,58.0,85.0
57,前鎮,2017-12-27,114,9.0,8.0,nan,72.0,32.0,nan,114.0
58,小港,2017-12-27,119,11.0,8.0,nan,75.0,39.0,58.0,119.0
27,三義,2017-12-27,74,3.0,5.0,nan,43.0,29.0,61.0,74.0
59,屏東,2017-12-27,137,7.0,7.0,nan,73.0,29.0,54.0,137.0
26,苗栗,2017-12-27,62,7.0,6.0,nan,39.0,34.0,37.0,62.0
60,潮州,2017-12-27,151,14.0,6.0,nan,86.0,23.0,80.0,151.0
61,恆春,2017-12-27,43,3.0,2.0,nan,nan,2.0,43.0,nan
25,頭份,2017-12-27,51,3.0,5.0,nan,26.0,35.0,nan,51.0
24,新竹,2017-12-27,39,7.0,5.0,nan,27.0,20.0,39.0,30.0
23,竹東,2017-12-27,54,4.0,5.0,nan,19.0,21.0,36.0,54.0
22,湖口,2017-12-27,43,4.0,3.0,nan,32.0,11.0,43.0,41.0
62,臺東,2017-12-27,34,3.0,3.0,nan,26.0,8.0,34.0,34.0
21,龍潭,2017-12-27,43,3.0,3.0,nan,28.0,13.0,41.0,43.0
20,平鎮,2017-12-27,40,4.0,5.0,nan,33.0,17.0,40.0,29.0
19,觀音,2017-12-27,58,9.0,3.0,nan,46.0,18.0,36.0,58.0
63,花蓮,2017-12-27,45,6.0,5.0,nan,24.0,21.0,37.0,45.0
18,大園,2017-12-27,46,7.0,3.0,nan,44.0,20.0,40.0,46.0
64,陽明,2017-12-27,44,7.0,2.0,nan,20.0,7.0,44.0,41.0
16,大同,2017-12-27,54,6.0,14.0,nan,54.0,49.0,nan,50.0
65,宜蘭,2017-12-27,56,6.0,6.0,nan,39.0,25.0,35.0,56.0
15,松山,2017-12-27,47,6.0,6.0,nan,34.0,40.0,37.0,47.0
67,三重,2017-12-27,48,6.0,15.0,nan,48.0,43.0,nan,38.0
14,古亭,2017-12-27,42,3.0,3.0,nan,30.0,21.0,42.0,42.0
68,中壢,2017-12-27,42,3.0,12.0,nan,42.0,34.0,nan,32.0
13,萬華,2017-12-27,40,4.0,6.0,nan,34.0,40.0,37.0,34.0
69,竹山,2017-12-27,155,4.0,6.0,nan,73.0,23.0,87.0,155.0
12,中山,2017-12-27,47,4.0,8.0,nan,40.0,41.0,36.0,47.0
70,永和,2017-12-27,44,3.0,6.0,nan,31.0,18.0,nan,44.0
71,復興,2017-12-27,99,9.0,10.0,nan,73.0,34.0,nan,99.0
72,埔里,2017-12-27,152,4.0,7.0,nan,66.0,28.0,90.0,152.0
11,士林,2017-12-27,43,9.0,3.0,nan,33.0,11.0,43.0,39.0
75,馬祖,2017-12-27,87,4.0,5.0,nan,56.0,8.0,51.0,87.0
77,金門,2017-12-27,90,14.0,3.0,nan,68.0,21.0,49.0,90.0
10,淡水,2017-12-27,41,7.0,2.0,nan,31.0,8.0,35.0,41.0
9,林口,2017-12-27,43,3.0,3.0,nan,43.0,20.0,42.0,42.0
78,馬公,2017-12-27,56,4.0,3.0,nan,40.0,8.0,45.0,56.0
80,關山,2017-12-27,35,3.0,nan,nan,nan,5.0,31.0,35.0
8,菜寮,2017-12-27,40,1.0,6.0,nan,40.0,24.0,38.0,35.0
7,新莊,2017-12-27,41,3.0,5.0,nan,37.0,26.0,41.0,23.0
83,麥寮,2017-12-27,99,13.0,7.0,nan,71.0,25.0,nan,99.0
6,板橋,2017-12-27,40,3.0,6.0,nan,34.0,25.0,39.0,40.0
5,土城,2017-12-27,41,3.0,5.0,nan,35.0,23.0,41.0,37.0
84,富貴角,2017-12-27,55,1.0,2.0,nan,45.0,3.0,48.0,55.0
4,新店,2017-12-27,43,1.0,5.0,nan,33.0,25.0,43.0,43.0
3,萬里,2017-12-27,58,3.0,2.0,nan,43.0,5.0,50.0,58.0
2,汐止,2017-12-27,63,4.0,3.0,nan,36.0,25.0,41.0,63.0
1,基隆,2017-12-27,47,3.0,3.0,nan,31.0,17.0,43.0,47.0
66,冬山,2017-12-27,37,3.0,3.0,nan,32.0,23.0,34.0,37.0
17,桃園,2017-12-27,48,10.0,3.0,nan,33.0,15.0,41.0,48.0
84,富貴角,2017-12-28,57,9.0,2.0,nan,42.0,10.0,43.0,57.0
83,麥寮,2017-12-28,112,10.0,5.0,nan,74.0,20.0,nan,112.0
17,桃園,2017-12-28,47,13.0,7.0,nan,34.0,30.0,32.0,47.0
66,冬山,2017-12-28,49,4.0,5.0,nan,39.0,21.0,34.0,49.0
1,基隆,2017-12-28,41,6.0,3.0,nan,23.0,18.0,37.0,41.0
2,汐止,2017-12-28,62,6.0,5.0,nan,29.0,32.0,36.0,62.0
3,萬里,2017-12-28,59,19.0,3.0,nan,37.0,20.0,37.0,59.0
4,新店,2017-12-28,49,3.0,6.0,nan,27.0,24.0,40.0,49.0
5,土城,2017-12-28,41,4.0,6.0,nan,29.0,27.0,36.0,41.0
6,板橋,2017-12-28,48,4.0,8.0,nan,31.0,36.0,34.0,48.0
7,新莊,2017-12-28,35,4.0,7.0,nan,33.0,35.0,34.0,25.0
8,菜寮,2017-12-28,40,3.0,7.0,nan,32.0,29.0,32.0,40.0
9,林口,2017-12-28,50,4.0,5.0,nan,37.0,28.0,39.0,50.0
10,淡水,2017-12-28,40,3.0,3.0,nan,29.0,13.0,33.0,40.0
11,士林,2017-12-28,42,4.0,3.0,nan,27.0,17.0,42.0,40.0
12,中山,2017-12-28,41,4.0,9.0,nan,32.0,41.0,27.0,41.0
13,萬華,2017-12-28,39,4.0,7.0,nan,28.0,39.0,27.0,38.0
14,古亭,2017-12-28,41,4.0,7.0,nan,30.0,32.0,34.0,41.0
15,松山,2017-12-28,43,6.0,6.0,nan,31.0,39.0,31.0,43.0
16,大同,2017-12-28,46,4.0,14.0,nan,46.0,43.0,nan,39.0
18,大園,2017-12-28,54,10.0,7.0,nan,35.0,33.0,18.0,54.0
19,觀音,2017-12-28,73,11.0,6.0,nan,47.0,41.0,34.0,73.0
20,平鎮,2017-12-28,37,6.0,8.0,nan,36.0,37.0,34.0,32.0
21,龍潭,2017-12-28,57,6.0,7.0,nan,33.0,38.0,40.0,57.0
22,湖口,2017-12-28,69,7.0,6.0,nan,48.0,46.0,49.0,69.0
23,竹東,2017-12-28,79,6.0,6.0,nan,36.0,23.0,38.0,79.0
24,新竹,2017-12-28,62,6.0,8.0,nan,43.0,42.0,32.0,62.0
25,頭份,2017-12-28,83,10.0,7.0,nan,50.0,35.0,nan,83.0
26,苗栗,2017-12-28,96,9.0,9.0,nan,57.0,38.0,33.0,96.0
27,三義,2017-12-28,92,6.0,3.0,nan,53.0,20.0,46.0,92.0
28,豐原,2017-12-28,80,7.0,6.0,nan,55.0,30.0,44.0,80.0
29,沙鹿,2017-12-28,128,9.0,8.0,nan,76.0,41.0,34.0,128.0
30,大里,2017-12-28,124,11.0,11.0,nan,92.0,50.0,38.0,124.0
31,忠明,2017-12-28,152,10.0,14.0,nan,78.0,66.0,36.0,152.0
32,西屯,2017-12-28,151,13.0,11.0,nan,82.0,69.0,41.0,151.0
33,彰化,2017-12-28,153,17.0,10.0,nan,82.0,38.0,34.0,153.0
34,線西,2017-12-28,138,19.0,9.0,nan,80.0,35.0,nan,138.0
35,二林,2017-12-28,127,10.0,6.0,nan,68.0,25.0,46.0,127.0
36,南投,2017-12-28,158,10.0,8.0,nan,90.0,39.0,46.0,158.0
37,斗六,2017-12-28,129,9.0,7.0,nan,85.0,30.0,74.0,129.0
38,崙背,2017-12-28,115,9.0,5.0,nan,70.0,23.0,61.0,115.0
39,新港,2017-12-28,101,11.0,6.0,nan,75.0,26.0,50.0,101.0
40,朴子,2017-12-28,90,11.0,5.0,nan,70.0,19.0,54.0,90.0
41,臺西,2017-12-28,108,13.0,5.0,nan,65.0,30.0,nan,108.0
42,嘉義,2017-12-28,106,9.0,6.0,nan,71.0,28.0,49.0,106.0
43,新營,2017-12-28,103,7.0,5.0,nan,84.0,26.0,45.0,103.0
44,善化,2017-12-28,104,14.0,5.0,nan,64.0,20.0,44.0,104.0
45,安南,2017-12-28,94,7.0,6.0,nan,73.0,26.0,47.0,94.0
46,臺南,2017-12-28,89,9.0,6.0,nan,69.0,25.0,47.0,89.0
47,美濃,2017-12-28,94,4.0,5.0,nan,62.0,13.0,51.0,94.0
48,橋頭,2017-12-28,124,10.0,6.0,nan,70.0,33.0,46.0,124.0
49,仁武,2017-12-28,98,11.0,7.0,nan,78.0,42.0,54.0,98.0
50,鳳山,2017-12-28,110,16.0,9.0,nan,82.0,49.0,nan,110.0
51,大寮,2017-12-28,111,16.0,7.0,nan,67.0,37.0,54.0,111.0
52,林園,2017-12-28,91,16.0,5.0,nan,68.0,20.0,80.0,91.0
53,楠梓,2017-12-28,132,9.0,6.0,nan,84.0,35.0,48.0,132.0
54,左營,2017-12-28,116,10.0,7.0,nan,78.0,40.0,61.0,116.0
56,前金,2017-12-28,106,7.0,7.0,nan,66.0,38.0,50.0,106.0
57,前鎮,2017-12-28,113,14.0,8.0,nan,72.0,41.0,nan,113.0
58,小港,2017-12-28,113,19.0,8.0,nan,73.0,52.0,43.0,113.0
59,屏東,2017-12-28,118,7.0,7.0,nan,65.0,24.0,50.0,118.0
60,潮州,2017-12-28,119,11.0,5.0,nan,67.0,16.0,115.0,119.0
61,恆春,2017-12-28,49,1.0,1.0,nan,35.0,2.0,47.0,49.0
62,臺東,2017-12-28,40,3.0,5.0,nan,31.0,18.0,31.0,40.0
63,花蓮,2017-12-28,53,6.0,7.0,nan,31.0,25.0,35.0,53.0
64,陽明,2017-12-28,41,3.0,2.0,nan,17.0,4.0,41.0,36.0
65,宜蘭,2017-12-28,50,3.0,5.0,nan,37.0,22.0,34.0,50.0
67,三重,2017-12-28,49,7.0,19.0,nan,49.0,47.0,nan,39.0
68,中壢,2017-12-28,46,10.0,22.0,nan,42.0,45.0,nan,46.0
69,竹山,2017-12-28,153,7.0,5.0,nan,71.0,17.0,61.0,153.0
70,永和,2017-12-28,44,3.0,9.0,nan,27.0,32.0,nan,44.0
71,復興,2017-12-28,95,11.0,10.0,nan,75.0,42.0,nan,95.0
72,埔里,2017-12-28,153,9.0,6.0,nan,66.0,28.0,61.0,153.0
75,馬祖,2017-12-28,89,9.0,5.0,nan,54.0,11.0,41.0,89.0
77,金門,2017-12-28,114,21.0,6.0,nan,82.0,34.0,34.0,114.0
78,馬公,2017-12-28,72,4.0,3.0,nan,52.0,9.0,44.0,72.0
80,關山,2017-12-28,34,nan,nan,nan,nan,nan,nan,34.0
66,冬山,2017-12-29,35,4.0,3.0,nan,23.0,12.0,35.0,27.0
1,基隆,2017-12-29,39,4.0,5.0,nan,12.0,24.0,39.0,22.0
2,汐止,2017-12-29,55,6.0,7.0,nan,19.0,26.0,36.0,55.0
3,萬里,2017-12-29,46,4.0,2.0,nan,26.0,13.0,46.0,44.0
4,新店,2017-12-29,44,4.0,5.0,nan,20.0,25.0,33.0,44.0
5,土城,2017-12-29,38,7.0,6.0,nan,22.0,26.0,34.0,38.0
6,板橋,2017-12-29,38,10.0,6.0,nan,25.0,29.0,31.0,38.0
7,新莊,2017-12-29,32,9.0,5.0,nan,21.0,20.0,32.0,17.0
8,菜寮,2017-12-29,29,7.0,5.0,nan,21.0,22.0,28.0,29.0
9,林口,2017-12-29,42,11.0,3.0,nan,28.0,31.0,31.0,42.0
10,淡水,2017-12-29,29,4.0,3.0,nan,14.0,12.0,29.0,24.0
11,士林,2017-12-29,37,1.0,3.0,nan,16.0,18.0,37.0,24.0
12,中山,2017-12-29,35,11.0,8.0,nan,19.0,31.0,23.0,35.0
13,萬華,2017-12-29,32,11.0,6.0,nan,22.0,32.0,15.0,28.0
14,古亭,2017-12-29,29,7.0,7.0,nan,16.0,29.0,29.0,29.0
15,松山,2017-12-29,34,9.0,7.0,nan,18.0,34.0,23.0,33.0
16,大同,2017-12-29,42,10.0,18.0,nan,39.0,42.0,nan,36.0
18,大園,2017-12-29,36,10.0,3.0,nan,25.0,26.0,36.0,27.0
19,觀音,2017-12-29,55,11.0,2.0,nan,34.0,21.0,35.0,55.0
20,平鎮,2017-12-29,33,7.0,5.0,nan,31.0,28.0,26.0,33.0
21,龍潭,2017-12-29,53,6.0,5.0,nan,33.0,19.0,32.0,53.0
22,湖口,2017-12-29,38,7.0,2.0,nan,30.0,21.0,38.0,37.0
23,竹東,2017-12-29,74,17.0,3.0,nan,31.0,19.0,29.0,74.0
24,新竹,2017-12-29,35,4.0,3.0,nan,31.0,19.0,31.0,35.0
25,頭份,2017-12-29,54,6.0,3.0,nan,32.0,20.0,nan,54.0
26,苗栗,2017-12-29,65,6.0,6.0,nan,39.0,21.0,31.0,65.0
27,三義,2017-12-29,65,3.0,3.0,nan,40.0,19.0,34.0,65.0
28,豐原,2017-12-29,69,4.0,5.0,nan,44.0,23.0,36.0,69.0
29,沙鹿,2017-12-29,52,4.0,3.0,nan,42.0,21.0,37.0,52.0
30,大里,2017-12-29,71,4.0,7.0,nan,55.0,31.0,35.0,71.0
31,忠明,2017-12-29,75,4.0,5.0,nan,43.0,29.0,35.0,75.0
32,西屯,2017-12-29,71,7.0,3.0,nan,48.0,27.0,42.0,71.0
33,彰化,2017-12-29,77,10.0,6.0,nan,nan,22.0,31.0,77.0
34,線西,2017-12-29,67,9.0,5.0,nan,44.0,13.0,nan,67.0
35,二林,2017-12-29,80,11.0,3.0,nan,47.0,12.0,33.0,80.0
36,南投,2017-12-29,92,6.0,6.0,nan,57.0,32.0,34.0,92.0
37,斗六,2017-12-29,92,4.0,5.0,nan,65.0,31.0,44.0,92.0
38,崙背,2017-12-29,76,9.0,5.0,nan,63.0,15.0,38.0,76.0
39,新港,2017-12-29,92,4.0,5.0,nan,67.0,16.0,41.0,92.0
40,朴子,2017-12-29,82,9.0,3.0,nan,73.0,16.0,44.0,82.0
41,臺西,2017-12-29,67,11.0,2.0,nan,40.0,25.0,nan,67.0
42,嘉義,2017-12-29,107,11.0,6.0,nan,68.0,25.0,41.0,107.0
43,新營,2017-12-29,105,4.0,3.0,nan,89.0,20.0,39.0,105.0
44,善化,2017-12-29,100,6.0,3.0,nan,64.0,20.0,43.0,100.0
45,安南,2017-12-29,95,7.0,5.0,nan,74.0,22.0,48.0,95.0
46,臺南,2017-12-29,97,7.0,5.0,nan,66.0,21.0,46.0,97.0
47,美濃,2017-12-29,91,3.0,3.0,nan,62.0,13.0,51.0,91.0
48,橋頭,2017-12-29,130,6.0,5.0,nan,73.0,25.0,44.0,130.0
49,仁武,2017-12-29,111,6.0,5.0,nan,80.0,25.0,49.0,111.0
50,鳳山,2017-12-29,112,9.0,7.0,nan,84.0,33.0,nan,112.0
51,大寮,2017-12-29,102,14.0,5.0,nan,64.0,33.0,47.0,102.0
52,林園,2017-12-29,90,11.0,6.0,nan,68.0,33.0,90.0,90.0
53,楠梓,2017-12-29,137,6.0,5.0,nan,92.0,22.0,48.0,137.0
54,左營,2017-12-29,112,6.0,5.0,nan,83.0,25.0,50.0,112.0
56,前金,2017-12-29,124,4.0,5.0,nan,68.0,25.0,51.0,124.0
57,前鎮,2017-12-29,115,14.0,7.0,nan,74.0,31.0,nan,115.0
58,小港,2017-12-29,114,16.0,6.0,nan,74.0,33.0,44.0,114.0
59,屏東,2017-12-29,104,6.0,6.0,nan,64.0,30.0,50.0,104.0
60,潮州,2017-12-29,134,9.0,3.0,nan,74.0,19.0,101.0,134.0
61,恆春,2017-12-29,44,6.0,1.0,nan,29.0,2.0,42.0,44.0
62,臺東,2017-12-29,32,3.0,3.0,nan,22.0,9.0,29.0,32.0
63,花蓮,2017-12-29,41,4.0,3.0,nan,20.0,23.0,33.0,41.0
64,陽明,2017-12-29,43,3.0,2.0,nan,7.0,7.0,43.0,14.0
65,宜蘭,2017-12-29,41,3.0,2.0,nan,24.0,8.0,41.0,32.0
67,三重,2017-12-29,42,7.0,20.0,nan,32.0,42.0,nan,30.0
68,中壢,2017-12-29,36,9.0,8.0,nan,36.0,34.0,nan,36.0
69,竹山,2017-12-29,119,7.0,5.0,nan,56.0,29.0,48.0,119.0
70,永和,2017-12-29,36,6.0,14.0,nan,19.0,35.0,nan,36.0
71,復興,2017-12-29,119,10.0,8.0,nan,76.0,29.0,nan,119.0
72,埔里,2017-12-29,63,6.0,6.0,nan,30.0,28.0,44.0,63.0
75,馬祖,2017-12-29,54,4.0,2.0,nan,20.0,8.0,43.0,54.0
77,金門,2017-12-29,103,29.0,6.0,nan,63.0,37.0,44.0,103.0
78,馬公,2017-12-29,53,3.0,2.0,nan,27.0,5.0,41.0,53.0
80,關山,2017-12-29,30,1.0,nan,nan,nan,nan,29.0,30.0
83,麥寮,2017-12-29,75,4.0,2.0,nan,62.0,9.0,nan,75.0
84,富貴角,2017-12-29,45,7.0,1.0,nan,31.0,8.0,45.0,36.0
17,桃園,2017-12-29,36,7.0,5.0,nan,27.0,20.0,29.0,36.0
37,斗六,2017-12-30,87,6.0,5.0,nan,59.0,25.0,47.0,87.0
84,富貴角,2017-12-30,58,1.0,2.0,nan,38.0,3.0,49.0,58.0
83,麥寮,2017-12-30,99,7.0,5.0,nan,66.0,16.0,nan,99.0
80,關山,2017-12-30,29,1.0,nan,nan,15.0,nan,29.0,27.0
78,馬公,2017-12-30,52,1.0,3.0,nan,29.0,5.0,44.0,52.0
77,金門,2017-12-30,99,23.0,3.0,nan,62.0,31.0,44.0,99.0
75,馬祖,2017-12-30,68,6.0,3.0,nan,35.0,17.0,39.0,68.0
72,埔里,2017-12-30,89,4.0,6.0,nan,48.0,20.0,49.0,89.0
71,復興,2017-12-30,105,23.0,9.0,nan,66.0,31.0,nan,105.0
70,永和,2017-12-30,54,7.0,6.0,nan,26.0,20.0,nan,54.0
69,竹山,2017-12-30,118,6.0,5.0,nan,61.0,25.0,51.0,118.0
68,中壢,2017-12-30,38,6.0,10.0,nan,38.0,37.0,nan,38.0
67,三重,2017-12-30,42,11.0,16.0,nan,41.0,42.0,nan,37.0
65,宜蘭,2017-12-30,44,3.0,3.0,nan,30.0,12.0,44.0,43.0
64,陽明,2017-12-30,47,3.0,2.0,nan,5.0,1.0,47.0,4.0
63,花蓮,2017-12-30,38,4.0,6.0,nan,19.0,23.0,38.0,37.0
62,臺東,2017-12-30,28,1.0,5.0,nan,18.0,15.0,28.0,28.0
61,恆春,2017-12-30,41,3.0,1.0,nan,22.0,2.0,41.0,37.0
60,潮州,2017-12-30,125,13.0,5.0,nan,76.0,19.0,71.0,125.0
59,屏東,2017-12-30,96,7.0,6.0,nan,63.0,18.0,48.0,96.0
58,小港,2017-12-30,102,16.0,6.0,nan,66.0,35.0,47.0,102.0
57,前鎮,2017-12-30,109,20.0,7.0,nan,66.0,29.0,nan,109.0
56,前金,2017-12-30,103,4.0,6.0,nan,62.0,30.0,61.0,103.0
54,左營,2017-12-30,107,6.0,6.0,nan,69.0,27.0,74.0,107.0
53,楠梓,2017-12-30,107,6.0,5.0,nan,72.0,18.0,61.0,107.0
52,林園,2017-12-30,82,16.0,6.0,nan,64.0,31.0,54.0,82.0
51,大寮,2017-12-30,93,14.0,5.0,nan,56.0,25.0,54.0,93.0
50,鳳山,2017-12-30,92,9.0,6.0,nan,71.0,30.0,nan,92.0
49,仁武,2017-12-30,85,13.0,5.0,nan,68.0,26.0,58.0,85.0
48,橋頭,2017-12-30,114,6.0,5.0,nan,59.0,23.0,50.0,114.0
47,美濃,2017-12-30,96,4.0,3.0,nan,65.0,12.0,67.0,96.0
46,臺南,2017-12-30,81,6.0,5.0,nan,59.0,20.0,54.0,81.0
45,安南,2017-12-30,78,9.0,5.0,nan,60.0,24.0,64.0,78.0
44,善化,2017-12-30,90,9.0,5.0,nan,51.0,19.0,47.0,90.0
43,新營,2017-12-30,90,9.0,5.0,nan,72.0,22.0,44.0,90.0
42,嘉義,2017-12-30,106,9.0,6.0,nan,64.0,25.0,48.0,106.0
41,臺西,2017-12-30,84,9.0,5.0,nan,45.0,21.0,nan,84.0
40,朴子,2017-12-30,83,7.0,5.0,nan,63.0,17.0,49.0,83.0
39,新港,2017-12-30,96,7.0,6.0,nan,64.0,20.0,48.0,96.0
38,崙背,2017-12-30,90,6.0,5.0,nan,60.0,16.0,48.0,90.0
36,南投,2017-12-30,102,6.0,6.0,nan,58.0,30.0,42.0,102.0
35,二林,2017-12-30,81,14.0,6.0,nan,37.0,18.0,43.0,81.0
34,線西,2017-12-30,85,11.0,6.0,nan,47.0,25.0,nan,85.0
33,彰化,2017-12-30,83,10.0,7.0,nan,48.0,25.0,40.0,83.0
32,西屯,2017-12-30,76,7.0,6.0,nan,47.0,26.0,50.0,76.0
31,忠明,2017-12-30,65,4.0,7.0,nan,38.0,29.0,44.0,65.0
30,大里,2017-12-30,63,7.0,8.0,nan,52.0,37.0,47.0,63.0
29,沙鹿,2017-12-30,68,6.0,7.0,nan,42.0,26.0,45.0,68.0
28,豐原,2017-12-30,53,7.0,5.0,nan,38.0,18.0,46.0,53.0
27,三義,2017-12-30,59,4.0,3.0,nan,33.0,13.0,46.0,59.0
26,苗栗,2017-12-30,59,6.0,5.0,nan,31.0,22.0,39.0,59.0
25,頭份,2017-12-30,54,6.0,3.0,nan,29.0,19.0,nan,54.0
24,新竹,2017-12-30,41,9.0,5.0,nan,27.0,19.0,41.0,40.0
23,竹東,2017-12-30,53,46.0,3.0,nan,18.0,14.0,36.0,53.0
22,湖口,2017-12-30,48,9.0,3.0,nan,30.0,17.0,46.0,48.0
21,龍潭,2017-12-30,40,4.0,5.0,nan,26.0,12.0,40.0,38.0
20,平鎮,2017-12-30,38,7.0,6.0,nan,31.0,23.0,38.0,34.0
19,觀音,2017-12-30,63,13.0,3.0,nan,34.0,20.0,39.0,63.0
18,大園,2017-12-30,43,7.0,3.0,nan,31.0,23.0,43.0,38.0
16,大同,2017-12-30,51,14.0,16.0,nan,43.0,45.0,nan,51.0
15,松山,2017-12-30,56,7.0,5.0,nan,25.0,25.0,37.0,56.0
14,古亭,2017-12-30,47,6.0,5.0,nan,19.0,20.0,38.0,47.0
13,萬華,2017-12-30,45,9.0,5.0,nan,25.0,31.0,30.0,45.0
12,中山,2017-12-30,51,11.0,6.0,nan,25.0,27.0,35.0,51.0
11,士林,2017-12-30,45,3.0,3.0,nan,19.0,17.0,45.0,37.0
10,淡水,2017-12-30,35,3.0,3.0,nan,17.0,11.0,34.0,35.0
9,林口,2017-12-30,56,6.0,5.0,nan,33.0,26.0,42.0,56.0
8,菜寮,2017-12-30,46,14.0,6.0,nan,31.0,25.0,35.0,46.0
7,新莊,2017-12-30,39,10.0,6.0,nan,29.0,22.0,39.0,31.0
6,板橋,2017-12-30,55,6.0,6.0,nan,28.0,28.0,37.0,55.0
5,土城,2017-12-30,47,6.0,5.0,nan,26.0,16.0,38.0,47.0
4,新店,2017-12-30,50,7.0,5.0,nan,23.0,20.0,36.0,50.0
3,萬里,2017-12-30,61,4.0,2.0,nan,44.0,12.0,54.0,61.0
2,汐止,2017-12-30,67,7.0,3.0,nan,26.0,22.0,43.0,67.0
1,基隆,2017-12-30,47,3.0,3.0,nan,19.0,17.0,44.0,47.0
66,冬山,2017-12-30,44,1.0,2.0,nan,16.0,9.0,44.0,18.0
17,桃園,2017-12-30,43,9.0,5.0,nan,25.0,18.0,35.0,43.0
84,富貴角,2017-12-31,151,3.0,7.0,nan,84.0,9.0,45.0,151.0
83,麥寮,2017-12-31,132,10.0,8.0,nan,85.0,19.0,nan,132.0
17,桃園,2017-12-31,114,7.0,9.0,nan,63.0,25.0,30.0,114.0
66,冬山,2017-12-31,41,3.0,8.0,nan,31.0,11.0,41.0,35.0
1,基隆,2017-12-31,90,4.0,8.0,nan,44.0,11.0,39.0,90.0
2,汐止,2017-12-31,120,6.0,8.0,nan,59.0,22.0,35.0,120.0
3,萬里,2017-12-31,126,6.0,8.0,nan,84.0,9.0,46.0,126.0
4,新店,2017-12-31,109,6.0,9.0,nan,54.0,19.0,35.0,109.0
5,土城,2017-12-31,94,4.0,9.0,nan,54.0,18.0,33.0,94.0
6,板橋,2017-12-31,91,4.0,10.0,nan,53.0,26.0,30.0,91.0
7,新莊,2017-12-31,81,4.0,9.0,nan,57.0,22.0,31.0,81.0
8,菜寮,2017-12-31,82,6.0,10.0,nan,54.0,19.0,31.0,82.0
9,林口,2017-12-31,117,6.0,8.0,nan,68.0,11.0,38.0,117.0
10,淡水,2017-12-31,102,4.0,8.0,nan,63.0,10.0,33.0,102.0
11,士林,2017-12-31,66,3.0,8.0,nan,37.0,10.0,41.0,66.0
12,中山,2017-12-31,77,3.0,11.0,nan,53.0,26.0,31.0,77.0
13,萬華,2017-12-31,79,6.0,9.0,nan,44.0,27.0,27.0,79.0
14,古亭,2017-12-31,82,4.0,10.0,nan,50.0,23.0,32.0,82.0
15,松山,2017-12-31,88,4.0,9.0,nan,52.0,24.0,31.0,88.0
16,大同,2017-12-31,82,6.0,12.0,nan,63.0,38.0,nan,82.0
18,大園,2017-12-31,101,9.0,8.0,nan,73.0,26.0,36.0,101.0
19,觀音,2017-12-31,142,11.0,8.0,nan,80.0,16.0,34.0,142.0
20,平鎮,2017-12-31,28,6.0,9.0,nan,nan,16.0,28.0,nan
21,龍潭,2017-12-31,94,4.0,9.0,nan,51.0,13.0,38.0,94.0
22,湖口,2017-12-31,109,6.0,8.0,nan,68.0,11.0,37.0,109.0
23,竹東,2017-12-31,104,4.0,8.0,nan,47.0,13.0,38.0,104.0
24,新竹,2017-12-31,107,6.0,9.0,nan,64.0,16.0,31.0,107.0
25,頭份,2017-12-31,121,4.0,9.0,nan,64.0,15.0,nan,121.0
26,苗栗,2017-12-31,115,6.0,9.0,nan,62.0,14.0,32.0,115.0
27,三義,2017-12-31,94,6.0,8.0,nan,51.0,11.0,39.0,94.0
28,豐原,2017-12-31,73,3.0,9.0,nan,36.0,10.0,32.0,73.0
29,沙鹿,2017-12-31,90,4.0,9.0,nan,50.0,14.0,35.0,90.0
30,大里,2017-12-31,70,3.0,10.0,nan,45.0,25.0,33.0,70.0
31,忠明,2017-12-31,92,4.0,9.0,nan,44.0,20.0,32.0,92.0
32,西屯,2017-12-31,105,4.0,9.0,nan,52.0,14.0,40.0,105.0
33,彰化,2017-12-31,103,6.0,9.0,nan,48.0,17.0,31.0,103.0
34,線西,2017-12-31,123,6.0,9.0,nan,61.0,14.0,nan,123.0
35,二林,2017-12-31,112,6.0,9.0,nan,58.0,11.0,36.0,112.0
36,南投,2017-12-31,124,4.0,10.0,nan,62.0,24.0,31.0,124.0
37,斗六,2017-12-31,139,4.0,9.0,nan,64.0,25.0,41.0,139.0
38,崙背,2017-12-31,137,6.0,9.0,nan,75.0,13.0,42.0,137.0
39,新港,2017-12-31,127,6.0,9.0,nan,71.0,13.0,44.0,127.0
40,朴子,2017-12-31,115,7.0,9.0,nan,92.0,14.0,44.0,115.0
41,臺西,2017-12-31,121,9.0,8.0,nan,83.0,12.0,nan,121.0
42,嘉義,2017-12-31,146,4.0,10.0,nan,71.0,23.0,40.0,146.0
43,新營,2017-12-31,130,6.0,9.0,nan,82.0,20.0,44.0,130.0
44,善化,2017-12-31,136,6.0,9.0,nan,68.0,17.0,44.0,136.0
45,安南,2017-12-31,127,6.0,9.0,nan,84.0,17.0,nan,127.0
46,臺南,2017-12-31,137,6.0,10.0,nan,76.0,19.0,47.0,137.0
47,美濃,2017-12-31,137,3.0,8.0,nan,76.0,11.0,48.0,137.0
48,橋頭,2017-12-31,160,6.0,10.0,nan,88.0,18.0,49.0,160.0
49,仁武,2017-12-31,154,6.0,10.0,nan,91.0,19.0,64.0,154.0
50,鳳山,2017-12-31,154,9.0,11.0,nan,100.0,29.0,nan,154.0
51,大寮,2017-12-31,150,7.0,10.0,nan,78.0,26.0,67.0,150.0
52,林園,2017-12-31,142,20.0,10.0,nan,90.0,36.0,48.0,142.0
53,楠梓,2017-12-31,159,4.0,10.0,nan,102.0,17.0,64.0,159.0
54,左營,2017-12-31,158,6.0,11.0,nan,104.0,25.0,58.0,158.0
56,前金,2017-12-31,161,4.0,11.0,nan,92.0,23.0,54.0,161.0
57,前鎮,2017-12-31,161,6.0,14.0,nan,nan,30.0,nan,161.0
58,小港,2017-12-31,157,7.0,11.0,nan,90.0,29.0,54.0,157.0
59,屏東,2017-12-31,152,4.0,10.0,nan,75.0,21.0,48.0,152.0
60,潮州,2017-12-31,158,9.0,9.0,nan,94.0,18.0,61.0,158.0
61,恆春,2017-12-31,45,3.0,6.0,nan,19.0,6.0,45.0,37.0
62,臺東,2017-12-31,34,1.0,9.0,nan,19.0,14.0,34.0,30.0
63,花蓮,2017-12-31,43,3.0,8.0,nan,19.0,11.0,43.0,36.0
64,陽明,2017-12-31,42,4.0,8.0,nan,19.0,8.0,42.0,40.0
65,宜蘭,2017-12-31,50,4.0,9.0,nan,31.0,13.0,42.0,50.0
67,三重,2017-12-31,82,7.0,19.0,nan,62.0,39.0,nan,82.0
68,中壢,2017-12-31,107,4.0,12.0,nan,71.0,37.0,nan,107.0
69,竹山,2017-12-31,152,3.0,10.0,nan,61.0,25.0,38.0,152.0
70,永和,2017-12-31,106,4.0,11.0,nan,52.0,22.0,nan,106.0
71,復興,2017-12-31,156,6.0,14.0,nan,98.0,30.0,nan,156.0
72,埔里,2017-12-31,119,4.0,8.0,nan,49.0,24.0,45.0,119.0
75,馬祖,2017-12-31,143,4.0,6.0,nan,76.0,16.0,77.0,143.0
77,金門,2017-12-31,126,11.0,7.0,nan,71.0,19.0,44.0,126.0
78,馬公,2017-12-31,92,3.0,8.0,nan,51.0,8.0,43.0,92.0
80,關山,2017-12-31,36,3.0,nan,nan,16.0,nan,36.0,27.0
